timestamp,ef_kg_per_kwh
2025-01-01 00:00:00,0.52909
2025-01-01 00:05:00,0.52213
2025-01-01 00:10:00,0.53395
2025-01-01 00:15:00,0.52899
2025-01-01 00:20:00,0.52395
2025-01-01 00:25:00,0.53329
2025-01-01 00:30:00,0.53259
2025-01-01 00:35:00,0.52286
2025-01-01 00:40:00,0.5331
2025-01-01 00:45:00,0.52621
2025-01-01 00:50:00,0.52474
2025-01-01 00:55:00,0.53159
2025-01-01 01:00:00,0.52413
2025-01-01 01:05:00,0.52118
2025-01-01 01:10:00,0.52465
2025-01-01 01:15:00,0.5253
2025-01-01 01:20:00,0.5269
2025-01-01 01:25:00,0.52382
2025-01-01 01:30:00,0.52787
2025-01-01 01:35:00,0.52829
2025-01-01 01:40:00,0.5269
2025-01-01 01:45:00,0.52689
2025-01-01 01:50:00,0.51672
2025-01-01 01:55:00,0.52785
2025-01-01 02:00:00,0.5209
2025-01-01 02:05:00,0.51838
2025-01-01 02:10:00,0.52425
2025-01-01 02:15:00,0.51812
2025-01-01 02:20:00,0.52549
2025-01-01 02:25:00,0.532
2025-01-01 02:30:00,0.52963
2025-01-01 02:35:00,0.52348
2025-01-01 02:40:00,0.51949
2025-01-01 02:45:00,0.52556
2025-01-01 02:50:00,0.52342
2025-01-01 02:55:00,0.52827
2025-01-01 03:00:00,0.51914
2025-01-01 03:05:00,0.51959
2025-01-01 03:10:00,0.5201
2025-01-01 03:15:00,0.5271
2025-01-01 03:20:00,0.5268
2025-01-01 03:25:00,0.52157
2025-01-01 03:30:00,0.52551
2025-01-01 03:35:00,0.52036
2025-01-01 03:40:00,0.52356
2025-01-01 03:45:00,0.51843
2025-01-01 03:50:00,0.52325
2025-01-01 03:55:00,0.52136
2025-01-01 04:00:00,0.5211
2025-01-01 04:05:00,0.51942
2025-01-01 04:10:00,0.51847
2025-01-01 04:15:00,0.52479
2025-01-01 04:20:00,0.51734
2025-01-01 04:25:00,0.51371
2025-01-01 04:30:00,0.52145
2025-01-01 04:35:00,0.51633
2025-01-01 04:40:00,0.51851
2025-01-01 04:45:00,0.52154
2025-01-01 04:50:00,0.51761
2025-01-01 04:55:00,0.51737
2025-01-01 05:00:00,0.51733
2025-01-01 05:05:00,0.52255
2025-01-01 05:10:00,0.51124
2025-01-01 05:15:00,0.51976
2025-01-01 05:20:00,0.51919
2025-01-01 05:25:00,0.51862
2025-01-01 05:30:00,0.51793
2025-01-01 05:35:00,0.51146
2025-01-01 05:40:00,0.51652
2025-01-01 05:45:00,0.51461
2025-01-01 05:50:00,0.51799
2025-01-01 05:55:00,0.5168
2025-01-01 06:00:00,0.51027
2025-01-01 06:05:00,0.51012
2025-01-01 06:10:00,0.51091
2025-01-01 06:15:00,0.51976
2025-01-01 06:20:00,0.52009
2025-01-01 06:25:00,0.5197
2025-01-01 06:30:00,0.51679
2025-01-01 06:35:00,0.5167
2025-01-01 06:40:00,0.51773
2025-01-01 06:45:00,0.51882
2025-01-01 06:50:00,0.51574
2025-01-01 06:55:00,0.519
2025-01-01 07:00:00,0.51685
2025-01-01 07:05:00,0.50978
2025-01-01 07:10:00,0.50869
2025-01-01 07:15:00,0.51197
2025-01-01 07:20:00,0.51177
2025-01-01 07:25:00,0.51396
2025-01-01 07:30:00,0.51897
2025-01-01 07:35:00,0.51185
2025-01-01 07:40:00,0.5224
2025-01-01 07:45:00,0.50916
2025-01-01 07:50:00,0.51365
2025-01-01 07:55:00,0.50725
2025-01-01 08:00:00,0.50865
2025-01-01 08:05:00,0.51251
2025-01-01 08:10:00,0.51562
2025-01-01 08:15:00,0.51504
2025-01-01 08:20:00,0.50755
2025-01-01 08:25:00,0.51199
2025-01-01 08:30:00,0.51911
2025-01-01 08:35:00,0.50488
2025-01-01 08:40:00,0.50574
2025-01-01 08:45:00,0.51142
2025-01-01 08:50:00,0.5095
2025-01-01 08:55:00,0.50977
2025-01-01 09:00:00,0.50763
2025-01-01 09:05:00,0.51283
2025-01-01 09:10:00,0.51121
2025-01-01 09:15:00,0.50894
2025-01-01 09:20:00,0.51518
2025-01-01 09:25:00,0.50041
2025-01-01 09:30:00,0.51261
2025-01-01 09:35:00,0.508
2025-01-01 09:40:00,0.5089
2025-01-01 09:45:00,0.50783
2025-01-01 09:50:00,0.51033
2025-01-01 09:55:00,0.50623
2025-01-01 10:00:00,0.50906
2025-01-01 10:05:00,0.51118
2025-01-01 10:10:00,0.51003
2025-01-01 10:15:00,0.51186
2025-01-01 10:20:00,0.50922
2025-01-01 10:25:00,0.50953
2025-01-01 10:30:00,0.50742
2025-01-01 10:35:00,0.50547
2025-01-01 10:40:00,0.50779
2025-01-01 10:45:00,0.51014
2025-01-01 10:50:00,0.50986
2025-01-01 10:55:00,0.51012
2025-01-01 11:00:00,0.50924
2025-01-01 11:05:00,0.50884
2025-01-01 11:10:00,0.50757
2025-01-01 11:15:00,0.51045
2025-01-01 11:20:00,0.50691
2025-01-01 11:25:00,0.50851
2025-01-01 11:30:00,0.50682
2025-01-01 11:35:00,0.51427
2025-01-01 11:40:00,0.51025
2025-01-01 11:45:00,0.51068
2025-01-01 11:50:00,0.51295
2025-01-01 11:55:00,0.50862
2025-01-01 12:00:00,0.51578
2025-01-01 12:05:00,0.51002
2025-01-01 12:10:00,0.51622
2025-01-01 12:15:00,0.50642
2025-01-01 12:20:00,0.51388
2025-01-01 12:25:00,0.50833
2025-01-01 12:30:00,0.51388
2025-01-01 12:35:00,0.50945
2025-01-01 12:40:00,0.51344
2025-01-01 12:45:00,0.50802
2025-01-01 12:50:00,0.50676
2025-01-01 12:55:00,0.51582
2025-01-01 13:00:00,0.51943
2025-01-01 13:05:00,0.51333
2025-01-01 13:10:00,0.51063
2025-01-01 13:15:00,0.50812
2025-01-01 13:20:00,0.50946
2025-01-01 13:25:00,0.51193
2025-01-01 13:30:00,0.5141
2025-01-01 13:35:00,0.5074
2025-01-01 13:40:00,0.50749
2025-01-01 13:45:00,0.51789
2025-01-01 13:50:00,0.51277
2025-01-01 13:55:00,0.5149
2025-01-01 14:00:00,0.51258
2025-01-01 14:05:00,0.51683
2025-01-01 14:10:00,0.51129
2025-01-01 14:15:00,0.50994
2025-01-01 14:20:00,0.51303
2025-01-01 14:25:00,0.5149
2025-01-01 14:30:00,0.51515
2025-01-01 14:35:00,0.51435
2025-01-01 14:40:00,0.51612
2025-01-01 14:45:00,0.51595
2025-01-01 14:50:00,0.5145
2025-01-01 14:55:00,0.51298
2025-01-01 15:00:00,0.5123
2025-01-01 15:05:00,0.52133
2025-01-01 15:10:00,0.51506
2025-01-01 15:15:00,0.51832
2025-01-01 15:20:00,0.51787
2025-01-01 15:25:00,0.51453
2025-01-01 15:30:00,0.50879
2025-01-01 15:35:00,0.52167
2025-01-01 15:40:00,0.52087
2025-01-01 15:45:00,0.5256
2025-01-01 15:50:00,0.51415
2025-01-01 15:55:00,0.51974
2025-01-01 16:00:00,0.52101
2025-01-01 16:05:00,0.51414
2025-01-01 16:10:00,0.51911
2025-01-01 16:15:00,0.51964
2025-01-01 16:20:00,0.51658
2025-01-01 16:25:00,0.52395
2025-01-01 16:30:00,0.52502
2025-01-01 16:35:00,0.5174
2025-01-01 16:40:00,0.52089
2025-01-01 16:45:00,0.51785
2025-01-01 16:50:00,0.51392
2025-01-01 16:55:00,0.51891
2025-01-01 17:00:00,0.52323
2025-01-01 17:05:00,0.51576
2025-01-01 17:10:00,0.51939
2025-01-01 17:15:00,0.52063
2025-01-01 17:20:00,0.52379
2025-01-01 17:25:00,0.52208
2025-01-01 17:30:00,0.52291
2025-01-01 17:35:00,0.52316
2025-01-01 17:40:00,0.52634
2025-01-01 17:45:00,0.52763
2025-01-01 17:50:00,0.52151
2025-01-01 17:55:00,0.52365
2025-01-01 18:00:00,0.52108
2025-01-01 18:05:00,0.52032
2025-01-01 18:10:00,0.5266
2025-01-01 18:15:00,0.52121
2025-01-01 18:20:00,0.5215
2025-01-01 18:25:00,0.52129
2025-01-01 18:30:00,0.52356
2025-01-01 18:35:00,0.52392
2025-01-01 18:40:00,0.52144
2025-01-01 18:45:00,0.52998
2025-01-01 18:50:00,0.52446
2025-01-01 18:55:00,0.5193
2025-01-01 19:00:00,0.5276
2025-01-01 19:05:00,0.53334
2025-01-01 19:10:00,0.53087
2025-01-01 19:15:00,0.53133
2025-01-01 19:20:00,0.5284
2025-01-01 19:25:00,0.52368
2025-01-01 19:30:00,0.53277
2025-01-01 19:35:00,0.5232
2025-01-01 19:40:00,0.53084
2025-01-01 19:45:00,0.53602
2025-01-01 19:50:00,0.53455
2025-01-01 19:55:00,0.52676
2025-01-01 20:00:00,0.52962
2025-01-01 20:05:00,0.53475
2025-01-01 20:10:00,0.53244
2025-01-01 20:15:00,0.53242
2025-01-01 20:20:00,0.52199
2025-01-01 20:25:00,0.52612
2025-01-01 20:30:00,0.53334
2025-01-01 20:35:00,0.52936
2025-01-01 20:40:00,0.5251
2025-01-01 20:45:00,0.51845
2025-01-01 20:50:00,0.52399
2025-01-01 20:55:00,0.52641
2025-01-01 21:00:00,0.53025
2025-01-01 21:05:00,0.52943
2025-01-01 21:10:00,0.52433
2025-01-01 21:15:00,0.53071
2025-01-01 21:20:00,0.52858
2025-01-01 21:25:00,0.53684
2025-01-01 21:30:00,0.53429
2025-01-01 21:35:00,0.53123
2025-01-01 21:40:00,0.52926
2025-01-01 21:45:00,0.5258
2025-01-01 21:50:00,0.53256
2025-01-01 21:55:00,0.53302
2025-01-01 22:00:00,0.52571
2025-01-01 22:05:00,0.52974
2025-01-01 22:10:00,0.53578
2025-01-01 22:15:00,0.52957
2025-01-01 22:20:00,0.52721
2025-01-01 22:25:00,0.52821
2025-01-01 22:30:00,0.53822
2025-01-01 22:35:00,0.52854
2025-01-01 22:40:00,0.52532
2025-01-01 22:45:00,0.53241
2025-01-01 22:50:00,0.52979
2025-01-01 22:55:00,0.531
2025-01-01 23:00:00,0.52898
2025-01-01 23:05:00,0.52688
2025-01-01 23:10:00,0.54188
2025-01-01 23:15:00,0.52429
2025-01-01 23:20:00,0.52674
2025-01-01 23:25:00,0.53165
2025-01-01 23:30:00,0.53732
2025-01-01 23:35:00,0.52796
2025-01-01 23:40:00,0.53473
2025-01-01 23:45:00,0.52691
2025-01-01 23:50:00,0.52887
2025-01-01 23:55:00,0.5296
2025-01-02 00:00:00,0.52803
2025-01-02 00:05:00,0.53444
2025-01-02 00:10:00,0.52514
2025-01-02 00:15:00,0.52981
2025-01-02 00:20:00,0.53198
2025-01-02 00:25:00,0.52607
2025-01-02 00:30:00,0.52645
2025-01-02 00:35:00,0.52786
2025-01-02 00:40:00,0.53221
2025-01-02 00:45:00,0.53457
2025-01-02 00:50:00,0.52497
2025-01-02 00:55:00,0.52803
2025-01-02 01:00:00,0.52644
2025-01-02 01:05:00,0.52858
2025-01-02 01:10:00,0.53112
2025-01-02 01:15:00,0.52497
2025-01-02 01:20:00,0.52427
2025-01-02 01:25:00,0.53202
2025-01-02 01:30:00,0.52313
2025-01-02 01:35:00,0.52633
2025-01-02 01:40:00,0.52753
2025-01-02 01:45:00,0.52924
2025-01-02 01:50:00,0.52438
2025-01-02 01:55:00,0.52555
2025-01-02 02:00:00,0.52426
2025-01-02 02:05:00,0.52429
2025-01-02 02:10:00,0.52832
2025-01-02 02:15:00,0.51972
2025-01-02 02:20:00,0.52992
2025-01-02 02:25:00,0.527
2025-01-02 02:30:00,0.52597
2025-01-02 02:35:00,0.52708
2025-01-02 02:40:00,0.53184
2025-01-02 02:45:00,0.52606
2025-01-02 02:50:00,0.53542
2025-01-02 02:55:00,0.53001
2025-01-02 03:00:00,0.52392
2025-01-02 03:05:00,0.51888
2025-01-02 03:10:00,0.51522
2025-01-02 03:15:00,0.52453
2025-01-02 03:20:00,0.52719
2025-01-02 03:25:00,0.51477
2025-01-02 03:30:00,0.51792
2025-01-02 03:35:00,0.52206
2025-01-02 03:40:00,0.522
2025-01-02 03:45:00,0.52186
2025-01-02 03:50:00,0.51635
2025-01-02 03:55:00,0.51611
2025-01-02 04:00:00,0.51118
2025-01-02 04:05:00,0.51729
2025-01-02 04:10:00,0.52307
2025-01-02 04:15:00,0.52712
2025-01-02 04:20:00,0.51706
2025-01-02 04:25:00,0.51504
2025-01-02 04:30:00,0.52206
2025-01-02 04:35:00,0.52475
2025-01-02 04:40:00,0.52667
2025-01-02 04:45:00,0.52117
2025-01-02 04:50:00,0.51966
2025-01-02 04:55:00,0.51094
2025-01-02 05:00:00,0.51282
2025-01-02 05:05:00,0.51309
2025-01-02 05:10:00,0.51124
2025-01-02 05:15:00,0.51845
2025-01-02 05:20:00,0.51446
2025-01-02 05:25:00,0.51248
2025-01-02 05:30:00,0.51047
2025-01-02 05:35:00,0.51971
2025-01-02 05:40:00,0.51881
2025-01-02 05:45:00,0.52141
2025-01-02 05:50:00,0.51535
2025-01-02 05:55:00,0.51828
2025-01-02 06:00:00,0.51746
2025-01-02 06:05:00,0.51736
2025-01-02 06:10:00,0.50406
2025-01-02 06:15:00,0.52456
2025-01-02 06:20:00,0.51411
2025-01-02 06:25:00,0.50986
2025-01-02 06:30:00,0.51147
2025-01-02 06:35:00,0.51334
2025-01-02 06:40:00,0.51644
2025-01-02 06:45:00,0.52174
2025-01-02 06:50:00,0.50695
2025-01-02 06:55:00,0.5142
2025-01-02 07:00:00,0.51441
2025-01-02 07:05:00,0.50848
2025-01-02 07:10:00,0.51542
2025-01-02 07:15:00,0.51089
2025-01-02 07:20:00,0.51492
2025-01-02 07:25:00,0.51411
2025-01-02 07:30:00,0.51672
2025-01-02 07:35:00,0.51045
2025-01-02 07:40:00,0.50233
2025-01-02 07:45:00,0.50611
2025-01-02 07:50:00,0.5148
2025-01-02 07:55:00,0.51471
2025-01-02 08:00:00,0.50993
2025-01-02 08:05:00,0.51253
2025-01-02 08:10:00,0.50909
2025-01-02 08:15:00,0.51251
2025-01-02 08:20:00,0.51533
2025-01-02 08:25:00,0.50769
2025-01-02 08:30:00,0.5114
2025-01-02 08:35:00,0.51139
2025-01-02 08:40:00,0.50724
2025-01-02 08:45:00,0.51373
2025-01-02 08:50:00,0.519
2025-01-02 08:55:00,0.5103
2025-01-02 09:00:00,0.51814
2025-01-02 09:05:00,0.51189
2025-01-02 09:10:00,0.51078
2025-01-02 09:15:00,0.51341
2025-01-02 09:20:00,0.50936
2025-01-02 09:25:00,0.5093
2025-01-02 09:30:00,0.50567
2025-01-02 09:35:00,0.50675
2025-01-02 09:40:00,0.5096
2025-01-02 09:45:00,0.51327
2025-01-02 09:50:00,0.51275
2025-01-02 09:55:00,0.50708
2025-01-02 10:00:00,0.50879
2025-01-02 10:05:00,0.50566
2025-01-02 10:10:00,0.50353
2025-01-02 10:15:00,0.51063
2025-01-02 10:20:00,0.51019
2025-01-02 10:25:00,0.51258
2025-01-02 10:30:00,0.50934
2025-01-02 10:35:00,0.51432
2025-01-02 10:40:00,0.50736
2025-01-02 10:45:00,0.50779
2025-01-02 10:50:00,0.5105
2025-01-02 10:55:00,0.51389
2025-01-02 11:00:00,0.513
2025-01-02 11:05:00,0.50935
2025-01-02 11:10:00,0.51208
2025-01-02 11:15:00,0.51504
2025-01-02 11:20:00,0.51361
2025-01-02 11:25:00,0.50339
2025-01-02 11:30:00,0.51717
2025-01-02 11:35:00,0.50955
2025-01-02 11:40:00,0.5129
2025-01-02 11:45:00,0.50903
2025-01-02 11:50:00,0.50831
2025-01-02 11:55:00,0.51169
2025-01-02 12:00:00,0.50906
2025-01-02 12:05:00,0.51453
2025-01-02 12:10:00,0.50604
2025-01-02 12:15:00,0.51227
2025-01-02 12:20:00,0.51336
2025-01-02 12:25:00,0.51728
2025-01-02 12:30:00,0.50194
2025-01-02 12:35:00,0.51532
2025-01-02 12:40:00,0.51302
2025-01-02 12:45:00,0.50696
2025-01-02 12:50:00,0.51453
2025-01-02 12:55:00,0.50903
2025-01-02 13:00:00,0.50727
2025-01-02 13:05:00,0.5108
2025-01-02 13:10:00,0.5117
2025-01-02 13:15:00,0.51105
2025-01-02 13:20:00,0.51459
2025-01-02 13:25:00,0.51007
2025-01-02 13:30:00,0.51621
2025-01-02 13:35:00,0.50569
2025-01-02 13:40:00,0.51416
2025-01-02 13:45:00,0.51157
2025-01-02 13:50:00,0.51444
2025-01-02 13:55:00,0.51504
2025-01-02 14:00:00,0.51144
2025-01-02 14:05:00,0.51324
2025-01-02 14:10:00,0.52065
2025-01-02 14:15:00,0.51934
2025-01-02 14:20:00,0.51549
2025-01-02 14:25:00,0.50851
2025-01-02 14:30:00,0.51476
2025-01-02 14:35:00,0.51827
2025-01-02 14:40:00,0.51513
2025-01-02 14:45:00,0.50737
2025-01-02 14:50:00,0.51036
2025-01-02 14:55:00,0.5169
2025-01-02 15:00:00,0.51882
2025-01-02 15:05:00,0.51941
2025-01-02 15:10:00,0.51782
2025-01-02 15:15:00,0.50922
2025-01-02 15:20:00,0.51648
2025-01-02 15:25:00,0.51025
2025-01-02 15:30:00,0.52012
2025-01-02 15:35:00,0.51781
2025-01-02 15:40:00,0.51677
2025-01-02 15:45:00,0.51609
2025-01-02 15:50:00,0.52258
2025-01-02 15:55:00,0.51712
2025-01-02 16:00:00,0.52086
2025-01-02 16:05:00,0.51846
2025-01-02 16:10:00,0.52225
2025-01-02 16:15:00,0.51865
2025-01-02 16:20:00,0.51908
2025-01-02 16:25:00,0.51904
2025-01-02 16:30:00,0.52052
2025-01-02 16:35:00,0.52509
2025-01-02 16:40:00,0.51348
2025-01-02 16:45:00,0.5165
2025-01-02 16:50:00,0.51005
2025-01-02 16:55:00,0.52316
2025-01-02 17:00:00,0.53046
2025-01-02 17:05:00,0.51812
2025-01-02 17:10:00,0.52317
2025-01-02 17:15:00,0.53038
2025-01-02 17:20:00,0.51794
2025-01-02 17:25:00,0.52402
2025-01-02 17:30:00,0.52414
2025-01-02 17:35:00,0.5183
2025-01-02 17:40:00,0.52173
2025-01-02 17:45:00,0.52987
2025-01-02 17:50:00,0.52143
2025-01-02 17:55:00,0.51945
2025-01-02 18:00:00,0.52369
2025-01-02 18:05:00,0.52693
2025-01-02 18:10:00,0.525
2025-01-02 18:15:00,0.53175
2025-01-02 18:20:00,0.52661
2025-01-02 18:25:00,0.52348
2025-01-02 18:30:00,0.52287
2025-01-02 18:35:00,0.52398
2025-01-02 18:40:00,0.51961
2025-01-02 18:45:00,0.5291
2025-01-02 18:50:00,0.52771
2025-01-02 18:55:00,0.5269
2025-01-02 19:00:00,0.53249
2025-01-02 19:05:00,0.52587
2025-01-02 19:10:00,0.53518
2025-01-02 19:15:00,0.52299
2025-01-02 19:20:00,0.52182
2025-01-02 19:25:00,0.52637
2025-01-02 19:30:00,0.52196
2025-01-02 19:35:00,0.52157
2025-01-02 19:40:00,0.52849
2025-01-02 19:45:00,0.52566
2025-01-02 19:50:00,0.53006
2025-01-02 19:55:00,0.52857
2025-01-02 20:00:00,0.52597
2025-01-02 20:05:00,0.52594
2025-01-02 20:10:00,0.53063
2025-01-02 20:15:00,0.53277
2025-01-02 20:20:00,0.52946
2025-01-02 20:25:00,0.52658
2025-01-02 20:30:00,0.52588
2025-01-02 20:35:00,0.52889
2025-01-02 20:40:00,0.53117
2025-01-02 20:45:00,0.53191
2025-01-02 20:50:00,0.53306
2025-01-02 20:55:00,0.53272
2025-01-02 21:00:00,0.53244
2025-01-02 21:05:00,0.5306
2025-01-02 21:10:00,0.52814
2025-01-02 21:15:00,0.53036
2025-01-02 21:20:00,0.52884
2025-01-02 21:25:00,0.5311
2025-01-02 21:30:00,0.53415
2025-01-02 21:35:00,0.52465
2025-01-02 21:40:00,0.52807
2025-01-02 21:45:00,0.53705
2025-01-02 21:50:00,0.53085
2025-01-02 21:55:00,0.53425
2025-01-02 22:00:00,0.53548
2025-01-02 22:05:00,0.52551
2025-01-02 22:10:00,0.52977
2025-01-02 22:15:00,0.52735
2025-01-02 22:20:00,0.52304
2025-01-02 22:25:00,0.52964
2025-01-02 22:30:00,0.52771
2025-01-02 22:35:00,0.53126
2025-01-02 22:40:00,0.53152
2025-01-02 22:45:00,0.52923
2025-01-02 22:50:00,0.53143
2025-01-02 22:55:00,0.53106
2025-01-02 23:00:00,0.53286
2025-01-02 23:05:00,0.5269
2025-01-02 23:10:00,0.52379
2025-01-02 23:15:00,0.52707
2025-01-02 23:20:00,0.52814
2025-01-02 23:25:00,0.52645
2025-01-02 23:30:00,0.5354
2025-01-02 23:35:00,0.52835
2025-01-02 23:40:00,0.52368
2025-01-02 23:45:00,0.53117
2025-01-02 23:50:00,0.52982
2025-01-02 23:55:00,0.53
2025-01-03 00:00:00,0.52917
2025-01-03 00:05:00,0.52171
2025-01-03 00:10:00,0.53492
2025-01-03 00:15:00,0.53725
2025-01-03 00:20:00,0.52505
2025-01-03 00:25:00,0.53207
2025-01-03 00:30:00,0.53036
2025-01-03 00:35:00,0.53036
2025-01-03 00:40:00,0.531
2025-01-03 00:45:00,0.52677
2025-01-03 00:50:00,0.53061
2025-01-03 00:55:00,0.52714
2025-01-03 01:00:00,0.52266
2025-01-03 01:05:00,0.52801
2025-01-03 01:10:00,0.52681
2025-01-03 01:15:00,0.52728
2025-01-03 01:20:00,0.51539
2025-01-03 01:25:00,0.52841
2025-01-03 01:30:00,0.53497
2025-01-03 01:35:00,0.52721
2025-01-03 01:40:00,0.53376
2025-01-03 01:45:00,0.52514
2025-01-03 01:50:00,0.52351
2025-01-03 01:55:00,0.52537
2025-01-03 02:00:00,0.52735
2025-01-03 02:05:00,0.52291
2025-01-03 02:10:00,0.52539
2025-01-03 02:15:00,0.51798
2025-01-03 02:20:00,0.52106
2025-01-03 02:25:00,0.53018
2025-01-03 02:30:00,0.52607
2025-01-03 02:35:00,0.52296
2025-01-03 02:40:00,0.52238
2025-01-03 02:45:00,0.52382
2025-01-03 02:50:00,0.52334
2025-01-03 02:55:00,0.51959
2025-01-03 03:00:00,0.52311
2025-01-03 03:05:00,0.52366
2025-01-03 03:10:00,0.52048
2025-01-03 03:15:00,0.52091
2025-01-03 03:20:00,0.52569
2025-01-03 03:25:00,0.53278
2025-01-03 03:30:00,0.5208
2025-01-03 03:35:00,0.51901
2025-01-03 03:40:00,0.51842
2025-01-03 03:45:00,0.52108
2025-01-03 03:50:00,0.53026
2025-01-03 03:55:00,0.52627
2025-01-03 04:00:00,0.51694
2025-01-03 04:05:00,0.52495
2025-01-03 04:10:00,0.52115
2025-01-03 04:15:00,0.51825
2025-01-03 04:20:00,0.5264
2025-01-03 04:25:00,0.52355
2025-01-03 04:30:00,0.52688
2025-01-03 04:35:00,0.51661
2025-01-03 04:40:00,0.51922
2025-01-03 04:45:00,0.52428
2025-01-03 04:50:00,0.51009
2025-01-03 04:55:00,0.51669
2025-01-03 05:00:00,0.51784
2025-01-03 05:05:00,0.51641
2025-01-03 05:10:00,0.51895
2025-01-03 05:15:00,0.51596
2025-01-03 05:20:00,0.5166
2025-01-03 05:25:00,0.51492
2025-01-03 05:30:00,0.51571
2025-01-03 05:35:00,0.52335
2025-01-03 05:40:00,0.52353
2025-01-03 05:45:00,0.51899
2025-01-03 05:50:00,0.51382
2025-01-03 05:55:00,0.51475
2025-01-03 06:00:00,0.51154
2025-01-03 06:05:00,0.51098
2025-01-03 06:10:00,0.51708
2025-01-03 06:15:00,0.51151
2025-01-03 06:20:00,0.51362
2025-01-03 06:25:00,0.52265
2025-01-03 06:30:00,0.50917
2025-01-03 06:35:00,0.51886
2025-01-03 06:40:00,0.5131
2025-01-03 06:45:00,0.51725
2025-01-03 06:50:00,0.50855
2025-01-03 06:55:00,0.51246
2025-01-03 07:00:00,0.50601
2025-01-03 07:05:00,0.50352
2025-01-03 07:10:00,0.5133
2025-01-03 07:15:00,0.51127
2025-01-03 07:20:00,0.51927
2025-01-03 07:25:00,0.50822
2025-01-03 07:30:00,0.51163
2025-01-03 07:35:00,0.51292
2025-01-03 07:40:00,0.51143
2025-01-03 07:45:00,0.51178
2025-01-03 07:50:00,0.51468
2025-01-03 07:55:00,0.51627
2025-01-03 08:00:00,0.50469
2025-01-03 08:05:00,0.51017
2025-01-03 08:10:00,0.50944
2025-01-03 08:15:00,0.51001
2025-01-03 08:20:00,0.51452
2025-01-03 08:25:00,0.51277
2025-01-03 08:30:00,0.51519
2025-01-03 08:35:00,0.51543
2025-01-03 08:40:00,0.50672
2025-01-03 08:45:00,0.50734
2025-01-03 08:50:00,0.51617
2025-01-03 08:55:00,0.50907
2025-01-03 09:00:00,0.51673
2025-01-03 09:05:00,0.50662
2025-01-03 09:10:00,0.51255
2025-01-03 09:15:00,0.5083
2025-01-03 09:20:00,0.50562
2025-01-03 09:25:00,0.51575
2025-01-03 09:30:00,0.51181
2025-01-03 09:35:00,0.52045
2025-01-03 09:40:00,0.50854
2025-01-03 09:45:00,0.50617
2025-01-03 09:50:00,0.50971
2025-01-03 09:55:00,0.50991
2025-01-03 10:00:00,0.50673
2025-01-03 10:05:00,0.50617
2025-01-03 10:10:00,0.50741
2025-01-03 10:15:00,0.50909
2025-01-03 10:20:00,0.50301
2025-01-03 10:25:00,0.51144
2025-01-03 10:30:00,0.51382
2025-01-03 10:35:00,0.50518
2025-01-03 10:40:00,0.51193
2025-01-03 10:45:00,0.51145
2025-01-03 10:50:00,0.5185
2025-01-03 10:55:00,0.51052
2025-01-03 11:00:00,0.511
2025-01-03 11:05:00,0.5117
2025-01-03 11:10:00,0.51024
2025-01-03 11:15:00,0.50891
2025-01-03 11:20:00,0.50409
2025-01-03 11:25:00,0.51392
2025-01-03 11:30:00,0.50862
2025-01-03 11:35:00,0.50924
2025-01-03 11:40:00,0.50875
2025-01-03 11:45:00,0.49965
2025-01-03 11:50:00,0.50815
2025-01-03 11:55:00,0.51309
2025-01-03 12:00:00,0.51106
2025-01-03 12:05:00,0.51259
2025-01-03 12:10:00,0.50962
2025-01-03 12:15:00,0.51614
2025-01-03 12:20:00,0.50635
2025-01-03 12:25:00,0.51264
2025-01-03 12:30:00,0.51592
2025-01-03 12:35:00,0.5127
2025-01-03 12:40:00,0.51062
2025-01-03 12:45:00,0.51154
2025-01-03 12:50:00,0.5031
2025-01-03 12:55:00,0.50529
2025-01-03 13:00:00,0.51251
2025-01-03 13:05:00,0.51746
2025-01-03 13:10:00,0.50967
2025-01-03 13:15:00,0.5049
2025-01-03 13:20:00,0.50993
2025-01-03 13:25:00,0.51299
2025-01-03 13:30:00,0.50655
2025-01-03 13:35:00,0.5084
2025-01-03 13:40:00,0.51715
2025-01-03 13:45:00,0.51525
2025-01-03 13:50:00,0.51779
2025-01-03 13:55:00,0.51608
2025-01-03 14:00:00,0.51488
2025-01-03 14:05:00,0.51243
2025-01-03 14:10:00,0.51723
2025-01-03 14:15:00,0.51451
2025-01-03 14:20:00,0.51226
2025-01-03 14:25:00,0.5143
2025-01-03 14:30:00,0.50871
2025-01-03 14:35:00,0.51712
2025-01-03 14:40:00,0.51406
2025-01-03 14:45:00,0.51612
2025-01-03 14:50:00,0.51633
2025-01-03 14:55:00,0.51836
2025-01-03 15:00:00,0.52461
2025-01-03 15:05:00,0.5178
2025-01-03 15:10:00,0.51726
2025-01-03 15:15:00,0.52084
2025-01-03 15:20:00,0.51859
2025-01-03 15:25:00,0.51738
2025-01-03 15:30:00,0.51724
2025-01-03 15:35:00,0.51452
2025-01-03 15:40:00,0.52134
2025-01-03 15:45:00,0.51653
2025-01-03 15:50:00,0.51922
2025-01-03 15:55:00,0.51754
2025-01-03 16:00:00,0.52201
2025-01-03 16:05:00,0.5207
2025-01-03 16:10:00,0.51598
2025-01-03 16:15:00,0.51817
2025-01-03 16:20:00,0.51735
2025-01-03 16:25:00,0.52028
2025-01-03 16:30:00,0.521
2025-01-03 16:35:00,0.52343
2025-01-03 16:40:00,0.52127
2025-01-03 16:45:00,0.5282
2025-01-03 16:50:00,0.5284
2025-01-03 16:55:00,0.51907
2025-01-03 17:00:00,0.51983
2025-01-03 17:05:00,0.52314
2025-01-03 17:10:00,0.52696
2025-01-03 17:15:00,0.52792
2025-01-03 17:20:00,0.52206
2025-01-03 17:25:00,0.52107
2025-01-03 17:30:00,0.52179
2025-01-03 17:35:00,0.52285
2025-01-03 17:40:00,0.5307
2025-01-03 17:45:00,0.5199
2025-01-03 17:50:00,0.52297
2025-01-03 17:55:00,0.52902
2025-01-03 18:00:00,0.52702
2025-01-03 18:05:00,0.53041
2025-01-03 18:10:00,0.52343
2025-01-03 18:15:00,0.52629
2025-01-03 18:20:00,0.52724
2025-01-03 18:25:00,0.52125
2025-01-03 18:30:00,0.52188
2025-01-03 18:35:00,0.52061
2025-01-03 18:40:00,0.53243
2025-01-03 18:45:00,0.52342
2025-01-03 18:50:00,0.52409
2025-01-03 18:55:00,0.53142
2025-01-03 19:00:00,0.52622
2025-01-03 19:05:00,0.53376
2025-01-03 19:10:00,0.52228
2025-01-03 19:15:00,0.52287
2025-01-03 19:20:00,0.52738
2025-01-03 19:25:00,0.51977
2025-01-03 19:30:00,0.52654
2025-01-03 19:35:00,0.53349
2025-01-03 19:40:00,0.53006
2025-01-03 19:45:00,0.52583
2025-01-03 19:50:00,0.52673
2025-01-03 19:55:00,0.52547
2025-01-03 20:00:00,0.52717
2025-01-03 20:05:00,0.52431
2025-01-03 20:10:00,0.53015
2025-01-03 20:15:00,0.5238
2025-01-03 20:20:00,0.52668
2025-01-03 20:25:00,0.53434
2025-01-03 20:30:00,0.52521
2025-01-03 20:35:00,0.53141
2025-01-03 20:40:00,0.52715
2025-01-03 20:45:00,0.52452
2025-01-03 20:50:00,0.52463
2025-01-03 20:55:00,0.53279
2025-01-03 21:00:00,0.52403
2025-01-03 21:05:00,0.52486
2025-01-03 21:10:00,0.52758
2025-01-03 21:15:00,0.52884
2025-01-03 21:20:00,0.52662
2025-01-03 21:25:00,0.54012
2025-01-03 21:30:00,0.54083
2025-01-03 21:35:00,0.52836
2025-01-03 21:40:00,0.53069
2025-01-03 21:45:00,0.53627
2025-01-03 21:50:00,0.53534
2025-01-03 21:55:00,0.53731
2025-01-03 22:00:00,0.52638
2025-01-03 22:05:00,0.52457
2025-01-03 22:10:00,0.53597
2025-01-03 22:15:00,0.53058
2025-01-03 22:20:00,0.53698
2025-01-03 22:25:00,0.5296
2025-01-03 22:30:00,0.53335
2025-01-03 22:35:00,0.53159
2025-01-03 22:40:00,0.53592
2025-01-03 22:45:00,0.52808
2025-01-03 22:50:00,0.52383
2025-01-03 22:55:00,0.53455
2025-01-03 23:00:00,0.5244
2025-01-03 23:05:00,0.53012
2025-01-03 23:10:00,0.52604
2025-01-03 23:15:00,0.53044
2025-01-03 23:20:00,0.52406
2025-01-03 23:25:00,0.53479
2025-01-03 23:30:00,0.52437
2025-01-03 23:35:00,0.53585
2025-01-03 23:40:00,0.5318
2025-01-03 23:45:00,0.53534
2025-01-03 23:50:00,0.53008
2025-01-03 23:55:00,0.52567
2025-01-04 00:00:00,0.52488
2025-01-04 00:05:00,0.52912
2025-01-04 00:10:00,0.52289
2025-01-04 00:15:00,0.53384
2025-01-04 00:20:00,0.5257
2025-01-04 00:25:00,0.53182
2025-01-04 00:30:00,0.53381
2025-01-04 00:35:00,0.5229
2025-01-04 00:40:00,0.52519
2025-01-04 00:45:00,0.5265
2025-01-04 00:50:00,0.5331
2025-01-04 00:55:00,0.53131
2025-01-04 01:00:00,0.52059
2025-01-04 01:05:00,0.52475
2025-01-04 01:10:00,0.52537
2025-01-04 01:15:00,0.52445
2025-01-04 01:20:00,0.52566
2025-01-04 01:25:00,0.5282
2025-01-04 01:30:00,0.52798
2025-01-04 01:35:00,0.52119
2025-01-04 01:40:00,0.53136
2025-01-04 01:45:00,0.53111
2025-01-04 01:50:00,0.53046
2025-01-04 01:55:00,0.52835
2025-01-04 02:00:00,0.52166
2025-01-04 02:05:00,0.52447
2025-01-04 02:10:00,0.52224
2025-01-04 02:15:00,0.53296
2025-01-04 02:20:00,0.51937
2025-01-04 02:25:00,0.52908
2025-01-04 02:30:00,0.52815
2025-01-04 02:35:00,0.53235
2025-01-04 02:40:00,0.52579
2025-01-04 02:45:00,0.52601
2025-01-04 02:50:00,0.52694
2025-01-04 02:55:00,0.52923
2025-01-04 03:00:00,0.5299
2025-01-04 03:05:00,0.52569
2025-01-04 03:10:00,0.51375
2025-01-04 03:15:00,0.5243
2025-01-04 03:20:00,0.52472
2025-01-04 03:25:00,0.52305
2025-01-04 03:30:00,0.52086
2025-01-04 03:35:00,0.52482
2025-01-04 03:40:00,0.52437
2025-01-04 03:45:00,0.52425
2025-01-04 03:50:00,0.53049
2025-01-04 03:55:00,0.52109
2025-01-04 04:00:00,0.52023
2025-01-04 04:05:00,0.51572
2025-01-04 04:10:00,0.51965
2025-01-04 04:15:00,0.51804
2025-01-04 04:20:00,0.51994
2025-01-04 04:25:00,0.52093
2025-01-04 04:30:00,0.52386
2025-01-04 04:35:00,0.5245
2025-01-04 04:40:00,0.51209
2025-01-04 04:45:00,0.52105
2025-01-04 04:50:00,0.51438
2025-01-04 04:55:00,0.51369
2025-01-04 05:00:00,0.51698
2025-01-04 05:05:00,0.51883
2025-01-04 05:10:00,0.51807
2025-01-04 05:15:00,0.51538
2025-01-04 05:20:00,0.5123
2025-01-04 05:25:00,0.51449
2025-01-04 05:30:00,0.5164
2025-01-04 05:35:00,0.51152
2025-01-04 05:40:00,0.5124
2025-01-04 05:45:00,0.51697
2025-01-04 05:50:00,0.51852
2025-01-04 05:55:00,0.51493
2025-01-04 06:00:00,0.51512
2025-01-04 06:05:00,0.51864
2025-01-04 06:10:00,0.51708
2025-01-04 06:15:00,0.51647
2025-01-04 06:20:00,0.51107
2025-01-04 06:25:00,0.51588
2025-01-04 06:30:00,0.51195
2025-01-04 06:35:00,0.51561
2025-01-04 06:40:00,0.52289
2025-01-04 06:45:00,0.51316
2025-01-04 06:50:00,0.51897
2025-01-04 06:55:00,0.51267
2025-01-04 07:00:00,0.51308
2025-01-04 07:05:00,0.51085
2025-01-04 07:10:00,0.50397
2025-01-04 07:15:00,0.51036
2025-01-04 07:20:00,0.51561
2025-01-04 07:25:00,0.51568
2025-01-04 07:30:00,0.51281
2025-01-04 07:35:00,0.51091
2025-01-04 07:40:00,0.51749
2025-01-04 07:45:00,0.51192
2025-01-04 07:50:00,0.51699
2025-01-04 07:55:00,0.51849
2025-01-04 08:00:00,0.51521
2025-01-04 08:05:00,0.50816
2025-01-04 08:10:00,0.51126
2025-01-04 08:15:00,0.50818
2025-01-04 08:20:00,0.51508
2025-01-04 08:25:00,0.50377
2025-01-04 08:30:00,0.51285
2025-01-04 08:35:00,0.50814
2025-01-04 08:40:00,0.50556
2025-01-04 08:45:00,0.50727
2025-01-04 08:50:00,0.5091
2025-01-04 08:55:00,0.51109
2025-01-04 09:00:00,0.50767
2025-01-04 09:05:00,0.51373
2025-01-04 09:10:00,0.51433
2025-01-04 09:15:00,0.51339
2025-01-04 09:20:00,0.51448
2025-01-04 09:25:00,0.50587
2025-01-04 09:30:00,0.50489
2025-01-04 09:35:00,0.51185
2025-01-04 09:40:00,0.51981
2025-01-04 09:45:00,0.50715
2025-01-04 09:50:00,0.51613
2025-01-04 09:55:00,0.51367
2025-01-04 10:00:00,0.50997
2025-01-04 10:05:00,0.50433
2025-01-04 10:10:00,0.51084
2025-01-04 10:15:00,0.50947
2025-01-04 10:20:00,0.50839
2025-01-04 10:25:00,0.51648
2025-01-04 10:30:00,0.50548
2025-01-04 10:35:00,0.51723
2025-01-04 10:40:00,0.50887
2025-01-04 10:45:00,0.51545
2025-01-04 10:50:00,0.50874
2025-01-04 10:55:00,0.50851
2025-01-04 11:00:00,0.5107
2025-01-04 11:05:00,0.51016
2025-01-04 11:10:00,0.5034
2025-01-04 11:15:00,0.50474
2025-01-04 11:20:00,0.52174
2025-01-04 11:25:00,0.51237
2025-01-04 11:30:00,0.51142
2025-01-04 11:35:00,0.51312
2025-01-04 11:40:00,0.51869
2025-01-04 11:45:00,0.50889
2025-01-04 11:50:00,0.50966
2025-01-04 11:55:00,0.5085
2025-01-04 12:00:00,0.51113
2025-01-04 12:05:00,0.51738
2025-01-04 12:10:00,0.51144
2025-01-04 12:15:00,0.51378
2025-01-04 12:20:00,0.50595
2025-01-04 12:25:00,0.51505
2025-01-04 12:30:00,0.5181
2025-01-04 12:35:00,0.51462
2025-01-04 12:40:00,0.50378
2025-01-04 12:45:00,0.51005
2025-01-04 12:50:00,0.50322
2025-01-04 12:55:00,0.50603
2025-01-04 13:00:00,0.51579
2025-01-04 13:05:00,0.51695
2025-01-04 13:10:00,0.50599
2025-01-04 13:15:00,0.51105
2025-01-04 13:20:00,0.51248
2025-01-04 13:25:00,0.50951
2025-01-04 13:30:00,0.50906
2025-01-04 13:35:00,0.51379
2025-01-04 13:40:00,0.50756
2025-01-04 13:45:00,0.51838
2025-01-04 13:50:00,0.51016
2025-01-04 13:55:00,0.51124
2025-01-04 14:00:00,0.51675
2025-01-04 14:05:00,0.51968
2025-01-04 14:10:00,0.52035
2025-01-04 14:15:00,0.51083
2025-01-04 14:20:00,0.5101
2025-01-04 14:25:00,0.51731
2025-01-04 14:30:00,0.50927
2025-01-04 14:35:00,0.51097
2025-01-04 14:40:00,0.51849
2025-01-04 14:45:00,0.51521
2025-01-04 14:50:00,0.51855
2025-01-04 14:55:00,0.51865
2025-01-04 15:00:00,0.51539
2025-01-04 15:05:00,0.52206
2025-01-04 15:10:00,0.51421
2025-01-04 15:15:00,0.51366
2025-01-04 15:20:00,0.52293
2025-01-04 15:25:00,0.51404
2025-01-04 15:30:00,0.52568
2025-01-04 15:35:00,0.51807
2025-01-04 15:40:00,0.51502
2025-01-04 15:45:00,0.52515
2025-01-04 15:50:00,0.51543
2025-01-04 15:55:00,0.51919
2025-01-04 16:00:00,0.52228
2025-01-04 16:05:00,0.52196
2025-01-04 16:10:00,0.52093
2025-01-04 16:15:00,0.52037
2025-01-04 16:20:00,0.52068
2025-01-04 16:25:00,0.5178
2025-01-04 16:30:00,0.5204
2025-01-04 16:35:00,0.52217
2025-01-04 16:40:00,0.51733
2025-01-04 16:45:00,0.52116
2025-01-04 16:50:00,0.51441
2025-01-04 16:55:00,0.52026
2025-01-04 17:00:00,0.51958
2025-01-04 17:05:00,0.5195
2025-01-04 17:10:00,0.52602
2025-01-04 17:15:00,0.52007
2025-01-04 17:20:00,0.52046
2025-01-04 17:25:00,0.52804
2025-01-04 17:30:00,0.51641
2025-01-04 17:35:00,0.51811
2025-01-04 17:40:00,0.51957
2025-01-04 17:45:00,0.52463
2025-01-04 17:50:00,0.52701
2025-01-04 17:55:00,0.52199
2025-01-04 18:00:00,0.52524
2025-01-04 18:05:00,0.52943
2025-01-04 18:10:00,0.52745
2025-01-04 18:15:00,0.52002
2025-01-04 18:20:00,0.51727
2025-01-04 18:25:00,0.52591
2025-01-04 18:30:00,0.52437
2025-01-04 18:35:00,0.51213
2025-01-04 18:40:00,0.52713
2025-01-04 18:45:00,0.52874
2025-01-04 18:50:00,0.52178
2025-01-04 18:55:00,0.52897
2025-01-04 19:00:00,0.52555
2025-01-04 19:05:00,0.52472
2025-01-04 19:10:00,0.52691
2025-01-04 19:15:00,0.52775
2025-01-04 19:20:00,0.52611
2025-01-04 19:25:00,0.52843
2025-01-04 19:30:00,0.5249
2025-01-04 19:35:00,0.52416
2025-01-04 19:40:00,0.5301
2025-01-04 19:45:00,0.52752
2025-01-04 19:50:00,0.52736
2025-01-04 19:55:00,0.52234
2025-01-04 20:00:00,0.53128
2025-01-04 20:05:00,0.53059
2025-01-04 20:10:00,0.5299
2025-01-04 20:15:00,0.53096
2025-01-04 20:20:00,0.52465
2025-01-04 20:25:00,0.52729
2025-01-04 20:30:00,0.53321
2025-01-04 20:35:00,0.53699
2025-01-04 20:40:00,0.52542
2025-01-04 20:45:00,0.52921
2025-01-04 20:50:00,0.52618
2025-01-04 20:55:00,0.52073
2025-01-04 21:00:00,0.5296
2025-01-04 21:05:00,0.52918
2025-01-04 21:10:00,0.53837
2025-01-04 21:15:00,0.52643
2025-01-04 21:20:00,0.53345
2025-01-04 21:25:00,0.521
2025-01-04 21:30:00,0.53307
2025-01-04 21:35:00,0.52877
2025-01-04 21:40:00,0.51953
2025-01-04 21:45:00,0.53341
2025-01-04 21:50:00,0.5358
2025-01-04 21:55:00,0.53064
2025-01-04 22:00:00,0.52646
2025-01-04 22:05:00,0.5351
2025-01-04 22:10:00,0.5279
2025-01-04 22:15:00,0.52926
2025-01-04 22:20:00,0.52973
2025-01-04 22:25:00,0.52223
2025-01-04 22:30:00,0.52269
2025-01-04 22:35:00,0.52642
2025-01-04 22:40:00,0.52049
2025-01-04 22:45:00,0.52517
2025-01-04 22:50:00,0.5262
2025-01-04 22:55:00,0.5336
2025-01-04 23:00:00,0.52099
2025-01-04 23:05:00,0.52733
2025-01-04 23:10:00,0.53102
2025-01-04 23:15:00,0.52835
2025-01-04 23:20:00,0.52287
2025-01-04 23:25:00,0.5308
2025-01-04 23:30:00,0.53334
2025-01-04 23:35:00,0.5267
2025-01-04 23:40:00,0.53649
2025-01-04 23:45:00,0.5335
2025-01-04 23:50:00,0.52376
2025-01-04 23:55:00,0.52983
2025-01-05 00:00:00,0.52375
2025-01-05 00:05:00,0.52232
2025-01-05 00:10:00,0.52522
2025-01-05 00:15:00,0.52836
2025-01-05 00:20:00,0.52546
2025-01-05 00:25:00,0.52766
2025-01-05 00:30:00,0.53561
2025-01-05 00:35:00,0.52167
2025-01-05 00:40:00,0.52668
2025-01-05 00:45:00,0.52891
2025-01-05 00:50:00,0.53725
2025-01-05 00:55:00,0.52231
2025-01-05 01:00:00,0.52584
2025-01-05 01:05:00,0.53425
2025-01-05 01:10:00,0.52956
2025-01-05 01:15:00,0.5296
2025-01-05 01:20:00,0.52768
2025-01-05 01:25:00,0.52506
2025-01-05 01:30:00,0.52655
2025-01-05 01:35:00,0.52677
2025-01-05 01:40:00,0.52138
2025-01-05 01:45:00,0.52162
2025-01-05 01:50:00,0.52697
2025-01-05 01:55:00,0.52787
2025-01-05 02:00:00,0.52671
2025-01-05 02:05:00,0.52972
2025-01-05 02:10:00,0.53625
2025-01-05 02:15:00,0.5265
2025-01-05 02:20:00,0.52831
2025-01-05 02:25:00,0.51968
2025-01-05 02:30:00,0.52811
2025-01-05 02:35:00,0.52397
2025-01-05 02:40:00,0.5269
2025-01-05 02:45:00,0.52782
2025-01-05 02:50:00,0.52753
2025-01-05 02:55:00,0.52345
2025-01-05 03:00:00,0.51961
2025-01-05 03:05:00,0.51923
2025-01-05 03:10:00,0.52298
2025-01-05 03:15:00,0.52249
2025-01-05 03:20:00,0.51926
2025-01-05 03:25:00,0.52432
2025-01-05 03:30:00,0.51776
2025-01-05 03:35:00,0.52161
2025-01-05 03:40:00,0.52319
2025-01-05 03:45:00,0.52202
2025-01-05 03:50:00,0.52255
2025-01-05 03:55:00,0.52059
2025-01-05 04:00:00,0.51812
2025-01-05 04:05:00,0.52412
2025-01-05 04:10:00,0.52137
2025-01-05 04:15:00,0.52012
2025-01-05 04:20:00,0.52792
2025-01-05 04:25:00,0.52129
2025-01-05 04:30:00,0.52223
2025-01-05 04:35:00,0.52678
2025-01-05 04:40:00,0.52797
2025-01-05 04:45:00,0.52122
2025-01-05 04:50:00,0.51743
2025-01-05 04:55:00,0.52
2025-01-05 05:00:00,0.52072
2025-01-05 05:05:00,0.51824
2025-01-05 05:10:00,0.51648
2025-01-05 05:15:00,0.51169
2025-01-05 05:20:00,0.51975
2025-01-05 05:25:00,0.5245
2025-01-05 05:30:00,0.51014
2025-01-05 05:35:00,0.51926
2025-01-05 05:40:00,0.51465
2025-01-05 05:45:00,0.52226
2025-01-05 05:50:00,0.51153
2025-01-05 05:55:00,0.51731
2025-01-05 06:00:00,0.51988
2025-01-05 06:05:00,0.51417
2025-01-05 06:10:00,0.51288
2025-01-05 06:15:00,0.5133
2025-01-05 06:20:00,0.51675
2025-01-05 06:25:00,0.51399
2025-01-05 06:30:00,0.50893
2025-01-05 06:35:00,0.52219
2025-01-05 06:40:00,0.51484
2025-01-05 06:45:00,0.51337
2025-01-05 06:50:00,0.51599
2025-01-05 06:55:00,0.51554
2025-01-05 07:00:00,0.51246
2025-01-05 07:05:00,0.5171
2025-01-05 07:10:00,0.51871
2025-01-05 07:15:00,0.51199
2025-01-05 07:20:00,0.51855
2025-01-05 07:25:00,0.50349
2025-01-05 07:30:00,0.50919
2025-01-05 07:35:00,0.51516
2025-01-05 07:40:00,0.51077
2025-01-05 07:45:00,0.50811
2025-01-05 07:50:00,0.51418
2025-01-05 07:55:00,0.50857
2025-01-05 08:00:00,0.51245
2025-01-05 08:05:00,0.50635
2025-01-05 08:10:00,0.51283
2025-01-05 08:15:00,0.51516
2025-01-05 08:20:00,0.50856
2025-01-05 08:25:00,0.50172
2025-01-05 08:30:00,0.50919
2025-01-05 08:35:00,0.51154
2025-01-05 08:40:00,0.50993
2025-01-05 08:45:00,0.51353
2025-01-05 08:50:00,0.51626
2025-01-05 08:55:00,0.50895
2025-01-05 09:00:00,0.51566
2025-01-05 09:05:00,0.51287
2025-01-05 09:10:00,0.51067
2025-01-05 09:15:00,0.50672
2025-01-05 09:20:00,0.50934
2025-01-05 09:25:00,0.5055
2025-01-05 09:30:00,0.50892
2025-01-05 09:35:00,0.51186
2025-01-05 09:40:00,0.50802
2025-01-05 09:45:00,0.51629
2025-01-05 09:50:00,0.5067
2025-01-05 09:55:00,0.5128
2025-01-05 10:00:00,0.51365
2025-01-05 10:05:00,0.51571
2025-01-05 10:10:00,0.51497
2025-01-05 10:15:00,0.51378
2025-01-05 10:20:00,0.50301
2025-01-05 10:25:00,0.50927
2025-01-05 10:30:00,0.50781
2025-01-05 10:35:00,0.50862
2025-01-05 10:40:00,0.51484
2025-01-05 10:45:00,0.51144
2025-01-05 10:50:00,0.50783
2025-01-05 10:55:00,0.50622
2025-01-05 11:00:00,0.50982
2025-01-05 11:05:00,0.51157
2025-01-05 11:10:00,0.51015
2025-01-05 11:15:00,0.50258
2025-01-05 11:20:00,0.51558
2025-01-05 11:25:00,0.50626
2025-01-05 11:30:00,0.5107
2025-01-05 11:35:00,0.50973
2025-01-05 11:40:00,0.50811
2025-01-05 11:45:00,0.50956
2025-01-05 11:50:00,0.50855
2025-01-05 11:55:00,0.50962
2025-01-05 12:00:00,0.51035
2025-01-05 12:05:00,0.51242
2025-01-05 12:10:00,0.51748
2025-01-05 12:15:00,0.51145
2025-01-05 12:20:00,0.51316
2025-01-05 12:25:00,0.51192
2025-01-05 12:30:00,0.50897
2025-01-05 12:35:00,0.51784
2025-01-05 12:40:00,0.51393
2025-01-05 12:45:00,0.50899
2025-01-05 12:50:00,0.52119
2025-01-05 12:55:00,0.50622
2025-01-05 13:00:00,0.51363
2025-01-05 13:05:00,0.51001
2025-01-05 13:10:00,0.51076
2025-01-05 13:15:00,0.50688
2025-01-05 13:20:00,0.50903
2025-01-05 13:25:00,0.51211
2025-01-05 13:30:00,0.50899
2025-01-05 13:35:00,0.51556
2025-01-05 13:40:00,0.51442
2025-01-05 13:45:00,0.51837
2025-01-05 13:50:00,0.51657
2025-01-05 13:55:00,0.5107
2025-01-05 14:00:00,0.51695
2025-01-05 14:05:00,0.51727
2025-01-05 14:10:00,0.51468
2025-01-05 14:15:00,0.51108
2025-01-05 14:20:00,0.51831
2025-01-05 14:25:00,0.51343
2025-01-05 14:30:00,0.51412
2025-01-05 14:35:00,0.51538
2025-01-05 14:40:00,0.51856
2025-01-05 14:45:00,0.50659
2025-01-05 14:50:00,0.51585
2025-01-05 14:55:00,0.52018
2025-01-05 15:00:00,0.52102
2025-01-05 15:05:00,0.51919
2025-01-05 15:10:00,0.51681
2025-01-05 15:15:00,0.51698
2025-01-05 15:20:00,0.51043
2025-01-05 15:25:00,0.52127
2025-01-05 15:30:00,0.52114
2025-01-05 15:35:00,0.52335
2025-01-05 15:40:00,0.52138
2025-01-05 15:45:00,0.50976
2025-01-05 15:50:00,0.51952
2025-01-05 15:55:00,0.51858
2025-01-05 16:00:00,0.5199
2025-01-05 16:05:00,0.5253
2025-01-05 16:10:00,0.5192
2025-01-05 16:15:00,0.52313
2025-01-05 16:20:00,0.5156
2025-01-05 16:25:00,0.52133
2025-01-05 16:30:00,0.51459
2025-01-05 16:35:00,0.5188
2025-01-05 16:40:00,0.51464
2025-01-05 16:45:00,0.52007
2025-01-05 16:50:00,0.51728
2025-01-05 16:55:00,0.51832
2025-01-05 17:00:00,0.52128
2025-01-05 17:05:00,0.52969
2025-01-05 17:10:00,0.52327
2025-01-05 17:15:00,0.52214
2025-01-05 17:20:00,0.52861
2025-01-05 17:25:00,0.52116
2025-01-05 17:30:00,0.52215
2025-01-05 17:35:00,0.52745
2025-01-05 17:40:00,0.52614
2025-01-05 17:45:00,0.52997
2025-01-05 17:50:00,0.52641
2025-01-05 17:55:00,0.51622
2025-01-05 18:00:00,0.52442
2025-01-05 18:05:00,0.52823
2025-01-05 18:10:00,0.52948
2025-01-05 18:15:00,0.52552
2025-01-05 18:20:00,0.52422
2025-01-05 18:25:00,0.52583
2025-01-05 18:30:00,0.52219
2025-01-05 18:35:00,0.52678
2025-01-05 18:40:00,0.52474
2025-01-05 18:45:00,0.52405
2025-01-05 18:50:00,0.52253
2025-01-05 18:55:00,0.52585
2025-01-05 19:00:00,0.51937
2025-01-05 19:05:00,0.53081
2025-01-05 19:10:00,0.52575
2025-01-05 19:15:00,0.53219
2025-01-05 19:20:00,0.53425
2025-01-05 19:25:00,0.52844
2025-01-05 19:30:00,0.52962
2025-01-05 19:35:00,0.52649
2025-01-05 19:40:00,0.52061
2025-01-05 19:45:00,0.52796
2025-01-05 19:50:00,0.52927
2025-01-05 19:55:00,0.52688
2025-01-05 20:00:00,0.53515
2025-01-05 20:05:00,0.53005
2025-01-05 20:10:00,0.52604
2025-01-05 20:15:00,0.52737
2025-01-05 20:20:00,0.52624
2025-01-05 20:25:00,0.52928
2025-01-05 20:30:00,0.52534
2025-01-05 20:35:00,0.52466
2025-01-05 20:40:00,0.53818
2025-01-05 20:45:00,0.53114
2025-01-05 20:50:00,0.52358
2025-01-05 20:55:00,0.52958
2025-01-05 21:00:00,0.52463
2025-01-05 21:05:00,0.52744
2025-01-05 21:10:00,0.53246
2025-01-05 21:15:00,0.5274
2025-01-05 21:20:00,0.52697
2025-01-05 21:25:00,0.53934
2025-01-05 21:30:00,0.53343
2025-01-05 21:35:00,0.52595
2025-01-05 21:40:00,0.52554
2025-01-05 21:45:00,0.52906
2025-01-05 21:50:00,0.52941
2025-01-05 21:55:00,0.53284
2025-01-05 22:00:00,0.52866
2025-01-05 22:05:00,0.52931
2025-01-05 22:10:00,0.53132
2025-01-05 22:15:00,0.53485
2025-01-05 22:20:00,0.53188
2025-01-05 22:25:00,0.52951
2025-01-05 22:30:00,0.53403
2025-01-05 22:35:00,0.52791
2025-01-05 22:40:00,0.53927
2025-01-05 22:45:00,0.5266
2025-01-05 22:50:00,0.52935
2025-01-05 22:55:00,0.53552
2025-01-05 23:00:00,0.5287
2025-01-05 23:05:00,0.52632
2025-01-05 23:10:00,0.53402
2025-01-05 23:15:00,0.53078
2025-01-05 23:20:00,0.52726
2025-01-05 23:25:00,0.53347
2025-01-05 23:30:00,0.53452
2025-01-05 23:35:00,0.5314
2025-01-05 23:40:00,0.52705
2025-01-05 23:45:00,0.5295
2025-01-05 23:50:00,0.5313
2025-01-05 23:55:00,0.52262
2025-01-06 00:00:00,0.52645
2025-01-06 00:05:00,0.5205
2025-01-06 00:10:00,0.53789
2025-01-06 00:15:00,0.53867
2025-01-06 00:20:00,0.5274
2025-01-06 00:25:00,0.5347
2025-01-06 00:30:00,0.53151
2025-01-06 00:35:00,0.53281
2025-01-06 00:40:00,0.53011
2025-01-06 00:45:00,0.52991
2025-01-06 00:50:00,0.52833
2025-01-06 00:55:00,0.52687
2025-01-06 01:00:00,0.52523
2025-01-06 01:05:00,0.52398
2025-01-06 01:10:00,0.53288
2025-01-06 01:15:00,0.52888
2025-01-06 01:20:00,0.53441
2025-01-06 01:25:00,0.52972
2025-01-06 01:30:00,0.51792
2025-01-06 01:35:00,0.52059
2025-01-06 01:40:00,0.53022
2025-01-06 01:45:00,0.52687
2025-01-06 01:50:00,0.5278
2025-01-06 01:55:00,0.53412
2025-01-06 02:00:00,0.52683
2025-01-06 02:05:00,0.52777
2025-01-06 02:10:00,0.52679
2025-01-06 02:15:00,0.52608
2025-01-06 02:20:00,0.52615
2025-01-06 02:25:00,0.52837
2025-01-06 02:30:00,0.52234
2025-01-06 02:35:00,0.5192
2025-01-06 02:40:00,0.52488
2025-01-06 02:45:00,0.52814
2025-01-06 02:50:00,0.5216
2025-01-06 02:55:00,0.52262
2025-01-06 03:00:00,0.52653
2025-01-06 03:05:00,0.52238
2025-01-06 03:10:00,0.5219
2025-01-06 03:15:00,0.52582
2025-01-06 03:20:00,0.52056
2025-01-06 03:25:00,0.51969
2025-01-06 03:30:00,0.53581
2025-01-06 03:35:00,0.5272
2025-01-06 03:40:00,0.5183
2025-01-06 03:45:00,0.5197
2025-01-06 03:50:00,0.52008
2025-01-06 03:55:00,0.52291
2025-01-06 04:00:00,0.52178
2025-01-06 04:05:00,0.51836
2025-01-06 04:10:00,0.52041
2025-01-06 04:15:00,0.51474
2025-01-06 04:20:00,0.51883
2025-01-06 04:25:00,0.51905
2025-01-06 04:30:00,0.52347
2025-01-06 04:35:00,0.52344
2025-01-06 04:40:00,0.52184
2025-01-06 04:45:00,0.52421
2025-01-06 04:50:00,0.51455
2025-01-06 04:55:00,0.5265
2025-01-06 05:00:00,0.52083
2025-01-06 05:05:00,0.51818
2025-01-06 05:10:00,0.50823
2025-01-06 05:15:00,0.52137
2025-01-06 05:20:00,0.51244
2025-01-06 05:25:00,0.52125
2025-01-06 05:30:00,0.51977
2025-01-06 05:35:00,0.51917
2025-01-06 05:40:00,0.51416
2025-01-06 05:45:00,0.51147
2025-01-06 05:50:00,0.51596
2025-01-06 05:55:00,0.52074
2025-01-06 06:00:00,0.51533
2025-01-06 06:05:00,0.52294
2025-01-06 06:10:00,0.51919
2025-01-06 06:15:00,0.52304
2025-01-06 06:20:00,0.50636
2025-01-06 06:25:00,0.51861
2025-01-06 06:30:00,0.51331
2025-01-06 06:35:00,0.51356
2025-01-06 06:40:00,0.5081
2025-01-06 06:45:00,0.51152
2025-01-06 06:50:00,0.51575
2025-01-06 06:55:00,0.51876
2025-01-06 07:00:00,0.50535
2025-01-06 07:05:00,0.50966
2025-01-06 07:10:00,0.51119
2025-01-06 07:15:00,0.51229
2025-01-06 07:20:00,0.50719
2025-01-06 07:25:00,0.51422
2025-01-06 07:30:00,0.52087
2025-01-06 07:35:00,0.5091
2025-01-06 07:40:00,0.5095
2025-01-06 07:45:00,0.51233
2025-01-06 07:50:00,0.51607
2025-01-06 07:55:00,0.51665
2025-01-06 08:00:00,0.50622
2025-01-06 08:05:00,0.51102
2025-01-06 08:10:00,0.51583
2025-01-06 08:15:00,0.51252
2025-01-06 08:20:00,0.50966
2025-01-06 08:25:00,0.50822
2025-01-06 08:30:00,0.5123
2025-01-06 08:35:00,0.51132
2025-01-06 08:40:00,0.5091
2025-01-06 08:45:00,0.50992
2025-01-06 08:50:00,0.51628
2025-01-06 08:55:00,0.50628
2025-01-06 09:00:00,0.49956
2025-01-06 09:05:00,0.51073
2025-01-06 09:10:00,0.51529
2025-01-06 09:15:00,0.51336
2025-01-06 09:20:00,0.50974
2025-01-06 09:25:00,0.51434
2025-01-06 09:30:00,0.50678
2025-01-06 09:35:00,0.50809
2025-01-06 09:40:00,0.5074
2025-01-06 09:45:00,0.51043
2025-01-06 09:50:00,0.50434
2025-01-06 09:55:00,0.51235
2025-01-06 10:00:00,0.51758
2025-01-06 10:05:00,0.51452
2025-01-06 10:10:00,0.51143
2025-01-06 10:15:00,0.50306
2025-01-06 10:20:00,0.5015
2025-01-06 10:25:00,0.50696
2025-01-06 10:30:00,0.5146
2025-01-06 10:35:00,0.50954
2025-01-06 10:40:00,0.51565
2025-01-06 10:45:00,0.50422
2025-01-06 10:50:00,0.51054
2025-01-06 10:55:00,0.50654
2025-01-06 11:00:00,0.51196
2025-01-06 11:05:00,0.5145
2025-01-06 11:10:00,0.52014
2025-01-06 11:15:00,0.5069
2025-01-06 11:20:00,0.51211
2025-01-06 11:25:00,0.50893
2025-01-06 11:30:00,0.50697
2025-01-06 11:35:00,0.51484
2025-01-06 11:40:00,0.51099
2025-01-06 11:45:00,0.51227
2025-01-06 11:50:00,0.51068
2025-01-06 11:55:00,0.50382
2025-01-06 12:00:00,0.50919
2025-01-06 12:05:00,0.50713
2025-01-06 12:10:00,0.50701
2025-01-06 12:15:00,0.50514
2025-01-06 12:20:00,0.50839
2025-01-06 12:25:00,0.51055
2025-01-06 12:30:00,0.5099
2025-01-06 12:35:00,0.51094
2025-01-06 12:40:00,0.50743
2025-01-06 12:45:00,0.51111
2025-01-06 12:50:00,0.51195
2025-01-06 12:55:00,0.51371
2025-01-06 13:00:00,0.51247
2025-01-06 13:05:00,0.51342
2025-01-06 13:10:00,0.51759
2025-01-06 13:15:00,0.51061
2025-01-06 13:20:00,0.50966
2025-01-06 13:25:00,0.50959
2025-01-06 13:30:00,0.50845
2025-01-06 13:35:00,0.51138
2025-01-06 13:40:00,0.52138
2025-01-06 13:45:00,0.51227
2025-01-06 13:50:00,0.50724
2025-01-06 13:55:00,0.52404
2025-01-06 14:00:00,0.52017
2025-01-06 14:05:00,0.51503
2025-01-06 14:10:00,0.51882
2025-01-06 14:15:00,0.51146
2025-01-06 14:20:00,0.51907
2025-01-06 14:25:00,0.50809
2025-01-06 14:30:00,0.51428
2025-01-06 14:35:00,0.51488
2025-01-06 14:40:00,0.51628
2025-01-06 14:45:00,0.51844
2025-01-06 14:50:00,0.51106
2025-01-06 14:55:00,0.51541
2025-01-06 15:00:00,0.51108
2025-01-06 15:05:00,0.51697
2025-01-06 15:10:00,0.52308
2025-01-06 15:15:00,0.50913
2025-01-06 15:20:00,0.5189
2025-01-06 15:25:00,0.52333
2025-01-06 15:30:00,0.51565
2025-01-06 15:35:00,0.51857
2025-01-06 15:40:00,0.52095
2025-01-06 15:45:00,0.51271
2025-01-06 15:50:00,0.51876
2025-01-06 15:55:00,0.5126
2025-01-06 16:00:00,0.5184
2025-01-06 16:05:00,0.51733
2025-01-06 16:10:00,0.52339
2025-01-06 16:15:00,0.51835
2025-01-06 16:20:00,0.51354
2025-01-06 16:25:00,0.50963
2025-01-06 16:30:00,0.52175
2025-01-06 16:35:00,0.5185
2025-01-06 16:40:00,0.52187
2025-01-06 16:45:00,0.52519
2025-01-06 16:50:00,0.5174
2025-01-06 16:55:00,0.52361
2025-01-06 17:00:00,0.52084
2025-01-06 17:05:00,0.52206
2025-01-06 17:10:00,0.52133
2025-01-06 17:15:00,0.52159
2025-01-06 17:20:00,0.51244
2025-01-06 17:25:00,0.52097
2025-01-06 17:30:00,0.51252
2025-01-06 17:35:00,0.52283
2025-01-06 17:40:00,0.52975
2025-01-06 17:45:00,0.51965
2025-01-06 17:50:00,0.52736
2025-01-06 17:55:00,0.52353
2025-01-06 18:00:00,0.52425
2025-01-06 18:05:00,0.52751
2025-01-06 18:10:00,0.52358
2025-01-06 18:15:00,0.52342
2025-01-06 18:20:00,0.52862
2025-01-06 18:25:00,0.5268
2025-01-06 18:30:00,0.52859
2025-01-06 18:35:00,0.52845
2025-01-06 18:40:00,0.52205
2025-01-06 18:45:00,0.53041
2025-01-06 18:50:00,0.52234
2025-01-06 18:55:00,0.52146
2025-01-06 19:00:00,0.52028
2025-01-06 19:05:00,0.53032
2025-01-06 19:10:00,0.52987
2025-01-06 19:15:00,0.52852
2025-01-06 19:20:00,0.53088
2025-01-06 19:25:00,0.52527
2025-01-06 19:30:00,0.5188
2025-01-06 19:35:00,0.52962
2025-01-06 19:40:00,0.52546
2025-01-06 19:45:00,0.52888
2025-01-06 19:50:00,0.52768
2025-01-06 19:55:00,0.52939
2025-01-06 20:00:00,0.53553
2025-01-06 20:05:00,0.52385
2025-01-06 20:10:00,0.53302
2025-01-06 20:15:00,0.52479
2025-01-06 20:20:00,0.53094
2025-01-06 20:25:00,0.53319
2025-01-06 20:30:00,0.52949
2025-01-06 20:35:00,0.52711
2025-01-06 20:40:00,0.53017
2025-01-06 20:45:00,0.5332
2025-01-06 20:50:00,0.52999
2025-01-06 20:55:00,0.53123
2025-01-06 21:00:00,0.5241
2025-01-06 21:05:00,0.5286
2025-01-06 21:10:00,0.53268
2025-01-06 21:15:00,0.52701
2025-01-06 21:20:00,0.5286
2025-01-06 21:25:00,0.52785
2025-01-06 21:30:00,0.52999
2025-01-06 21:35:00,0.52287
2025-01-06 21:40:00,0.52424
2025-01-06 21:45:00,0.53028
2025-01-06 21:50:00,0.5311
2025-01-06 21:55:00,0.53626
2025-01-06 22:00:00,0.53876
2025-01-06 22:05:00,0.52952
2025-01-06 22:10:00,0.52019
2025-01-06 22:15:00,0.53006
2025-01-06 22:20:00,0.52338
2025-01-06 22:25:00,0.52435
2025-01-06 22:30:00,0.53406
2025-01-06 22:35:00,0.5323
2025-01-06 22:40:00,0.52635
2025-01-06 22:45:00,0.52685
2025-01-06 22:50:00,0.53419
2025-01-06 22:55:00,0.52695
2025-01-06 23:00:00,0.53048
2025-01-06 23:05:00,0.5363
2025-01-06 23:10:00,0.5358
2025-01-06 23:15:00,0.52887
2025-01-06 23:20:00,0.53209
2025-01-06 23:25:00,0.53496
2025-01-06 23:30:00,0.52986
2025-01-06 23:35:00,0.52821
2025-01-06 23:40:00,0.52716
2025-01-06 23:45:00,0.52559
2025-01-06 23:50:00,0.53013
2025-01-06 23:55:00,0.53004
2025-01-07 00:00:00,0.52079
2025-01-07 00:05:00,0.52846
2025-01-07 00:10:00,0.52911
2025-01-07 00:15:00,0.52673
2025-01-07 00:20:00,0.51803
2025-01-07 00:25:00,0.52848
2025-01-07 00:30:00,0.53402
2025-01-07 00:35:00,0.52974
2025-01-07 00:40:00,0.52292
2025-01-07 00:45:00,0.52981
2025-01-07 00:50:00,0.52906
2025-01-07 00:55:00,0.52712
2025-01-07 01:00:00,0.51708
2025-01-07 01:05:00,0.5264
2025-01-07 01:10:00,0.52172
2025-01-07 01:15:00,0.52072
2025-01-07 01:20:00,0.52651
2025-01-07 01:25:00,0.51915
2025-01-07 01:30:00,0.52449
2025-01-07 01:35:00,0.52172
2025-01-07 01:40:00,0.52647
2025-01-07 01:45:00,0.52667
2025-01-07 01:50:00,0.52501
2025-01-07 01:55:00,0.52832
2025-01-07 02:00:00,0.52108
2025-01-07 02:05:00,0.53145
2025-01-07 02:10:00,0.52316
2025-01-07 02:15:00,0.52801
2025-01-07 02:20:00,0.5265
2025-01-07 02:25:00,0.51584
2025-01-07 02:30:00,0.52843
2025-01-07 02:35:00,0.52688
2025-01-07 02:40:00,0.53166
2025-01-07 02:45:00,0.52187
2025-01-07 02:50:00,0.53111
2025-01-07 02:55:00,0.52267
2025-01-07 03:00:00,0.52275
2025-01-07 03:05:00,0.52153
2025-01-07 03:10:00,0.52315
2025-01-07 03:15:00,0.52057
2025-01-07 03:20:00,0.52391
2025-01-07 03:25:00,0.52739
2025-01-07 03:30:00,0.5321
2025-01-07 03:35:00,0.52669
2025-01-07 03:40:00,0.52682
2025-01-07 03:45:00,0.51537
2025-01-07 03:50:00,0.51817
2025-01-07 03:55:00,0.52689
2025-01-07 04:00:00,0.51653
2025-01-07 04:05:00,0.51277
2025-01-07 04:10:00,0.52175
2025-01-07 04:15:00,0.52639
2025-01-07 04:20:00,0.52308
2025-01-07 04:25:00,0.51704
2025-01-07 04:30:00,0.51854
2025-01-07 04:35:00,0.51968
2025-01-07 04:40:00,0.5225
2025-01-07 04:45:00,0.52333
2025-01-07 04:50:00,0.51611
2025-01-07 04:55:00,0.52352
2025-01-07 05:00:00,0.51303
2025-01-07 05:05:00,0.51258
2025-01-07 05:10:00,0.51473
2025-01-07 05:15:00,0.52307
2025-01-07 05:20:00,0.514
2025-01-07 05:25:00,0.517
2025-01-07 05:30:00,0.51604
2025-01-07 05:35:00,0.52477
2025-01-07 05:40:00,0.51435
2025-01-07 05:45:00,0.51375
2025-01-07 05:50:00,0.51496
2025-01-07 05:55:00,0.51587
2025-01-07 06:00:00,0.51578
2025-01-07 06:05:00,0.5145
2025-01-07 06:10:00,0.50514
2025-01-07 06:15:00,0.51019
2025-01-07 06:20:00,0.51872
2025-01-07 06:25:00,0.51378
2025-01-07 06:30:00,0.51433
2025-01-07 06:35:00,0.51347
2025-01-07 06:40:00,0.51368
2025-01-07 06:45:00,0.51745
2025-01-07 06:50:00,0.51134
2025-01-07 06:55:00,0.51397
2025-01-07 07:00:00,0.51195
2025-01-07 07:05:00,0.51138
2025-01-07 07:10:00,0.51303
2025-01-07 07:15:00,0.51996
2025-01-07 07:20:00,0.51689
2025-01-07 07:25:00,0.5079
2025-01-07 07:30:00,0.50462
2025-01-07 07:35:00,0.50842
2025-01-07 07:40:00,0.51949
2025-01-07 07:45:00,0.51059
2025-01-07 07:50:00,0.51982
2025-01-07 07:55:00,0.51132
2025-01-07 08:00:00,0.51427
2025-01-07 08:05:00,0.51202
2025-01-07 08:10:00,0.50824
2025-01-07 08:15:00,0.50575
2025-01-07 08:20:00,0.51121
2025-01-07 08:25:00,0.50836
2025-01-07 08:30:00,0.51122
2025-01-07 08:35:00,0.50549
2025-01-07 08:40:00,0.50946
2025-01-07 08:45:00,0.51569
2025-01-07 08:50:00,0.51476
2025-01-07 08:55:00,0.50746
2025-01-07 09:00:00,0.5075
2025-01-07 09:05:00,0.50923
2025-01-07 09:10:00,0.50384
2025-01-07 09:15:00,0.51613
2025-01-07 09:20:00,0.51683
2025-01-07 09:25:00,0.50701
2025-01-07 09:30:00,0.50573
2025-01-07 09:35:00,0.50819
2025-01-07 09:40:00,0.51436
2025-01-07 09:45:00,0.51711
2025-01-07 09:50:00,0.50931
2025-01-07 09:55:00,0.50718
2025-01-07 10:00:00,0.50626
2025-01-07 10:05:00,0.51286
2025-01-07 10:10:00,0.50886
2025-01-07 10:15:00,0.51111
2025-01-07 10:20:00,0.51167
2025-01-07 10:25:00,0.51275
2025-01-07 10:30:00,0.51165
2025-01-07 10:35:00,0.51359
2025-01-07 10:40:00,0.50968
2025-01-07 10:45:00,0.5149
2025-01-07 10:50:00,0.50979
2025-01-07 10:55:00,0.50635
2025-01-07 11:00:00,0.50725
2025-01-07 11:05:00,0.50739
2025-01-07 11:10:00,0.5121
2025-01-07 11:15:00,0.50513
2025-01-07 11:20:00,0.51039
2025-01-07 11:25:00,0.51183
2025-01-07 11:30:00,0.50695
2025-01-07 11:35:00,0.50706
2025-01-07 11:40:00,0.50665
2025-01-07 11:45:00,0.51101
2025-01-07 11:50:00,0.5176
2025-01-07 11:55:00,0.51047
2025-01-07 12:00:00,0.50441
2025-01-07 12:05:00,0.51197
2025-01-07 12:10:00,0.51218
2025-01-07 12:15:00,0.51041
2025-01-07 12:20:00,0.51488
2025-01-07 12:25:00,0.50995
2025-01-07 12:30:00,0.50716
2025-01-07 12:35:00,0.51751
2025-01-07 12:40:00,0.51036
2025-01-07 12:45:00,0.51578
2025-01-07 12:50:00,0.51135
2025-01-07 12:55:00,0.51433
2025-01-07 13:00:00,0.51424
2025-01-07 13:05:00,0.51845
2025-01-07 13:10:00,0.506
2025-01-07 13:15:00,0.51241
2025-01-07 13:20:00,0.51312
2025-01-07 13:25:00,0.51616
2025-01-07 13:30:00,0.51406
2025-01-07 13:35:00,0.51513
2025-01-07 13:40:00,0.50972
2025-01-07 13:45:00,0.51406
2025-01-07 13:50:00,0.51372
2025-01-07 13:55:00,0.51482
2025-01-07 14:00:00,0.51151
2025-01-07 14:05:00,0.51262
2025-01-07 14:10:00,0.51827
2025-01-07 14:15:00,0.52677
2025-01-07 14:20:00,0.51454
2025-01-07 14:25:00,0.51573
2025-01-07 14:30:00,0.51119
2025-01-07 14:35:00,0.51634
2025-01-07 14:40:00,0.51453
2025-01-07 14:45:00,0.51803
2025-01-07 14:50:00,0.52036
2025-01-07 14:55:00,0.52158
2025-01-07 15:00:00,0.5191
2025-01-07 15:05:00,0.51489
2025-01-07 15:10:00,0.51652
2025-01-07 15:15:00,0.51715
2025-01-07 15:20:00,0.51939
2025-01-07 15:25:00,0.51924
2025-01-07 15:30:00,0.51938
2025-01-07 15:35:00,0.51263
2025-01-07 15:40:00,0.52661
2025-01-07 15:45:00,0.51462
2025-01-07 15:50:00,0.51673
2025-01-07 15:55:00,0.51014
2025-01-07 16:00:00,0.51714
2025-01-07 16:05:00,0.52045
2025-01-07 16:10:00,0.51426
2025-01-07 16:15:00,0.5205
2025-01-07 16:20:00,0.51645
2025-01-07 16:25:00,0.52353
2025-01-07 16:30:00,0.51654
2025-01-07 16:35:00,0.51783
2025-01-07 16:40:00,0.52316
2025-01-07 16:45:00,0.523
2025-01-07 16:50:00,0.51866
2025-01-07 16:55:00,0.51823
2025-01-07 17:00:00,0.53021
2025-01-07 17:05:00,0.5202
2025-01-07 17:10:00,0.52665
2025-01-07 17:15:00,0.52299
2025-01-07 17:20:00,0.52576
2025-01-07 17:25:00,0.51463
2025-01-07 17:30:00,0.52367
2025-01-07 17:35:00,0.52529
2025-01-07 17:40:00,0.51996
2025-01-07 17:45:00,0.52775
2025-01-07 17:50:00,0.52219
2025-01-07 17:55:00,0.5254
2025-01-07 18:00:00,0.52647
2025-01-07 18:05:00,0.52857
2025-01-07 18:10:00,0.52934
2025-01-07 18:15:00,0.52965
2025-01-07 18:20:00,0.52069
2025-01-07 18:25:00,0.52883
2025-01-07 18:30:00,0.52927
2025-01-07 18:35:00,0.53382
2025-01-07 18:40:00,0.5271
2025-01-07 18:45:00,0.52276
2025-01-07 18:50:00,0.52877
2025-01-07 18:55:00,0.52439
2025-01-07 19:00:00,0.52682
2025-01-07 19:05:00,0.52361
2025-01-07 19:10:00,0.53356
2025-01-07 19:15:00,0.52205
2025-01-07 19:20:00,0.53545
2025-01-07 19:25:00,0.52486
2025-01-07 19:30:00,0.52717
2025-01-07 19:35:00,0.52691
2025-01-07 19:40:00,0.52772
2025-01-07 19:45:00,0.52426
2025-01-07 19:50:00,0.52995
2025-01-07 19:55:00,0.52893
2025-01-07 20:00:00,0.52645
2025-01-07 20:05:00,0.52858
2025-01-07 20:10:00,0.52972
2025-01-07 20:15:00,0.53008
2025-01-07 20:20:00,0.52684
2025-01-07 20:25:00,0.52924
2025-01-07 20:30:00,0.52769
2025-01-07 20:35:00,0.53619
2025-01-07 20:40:00,0.53385
2025-01-07 20:45:00,0.52839
2025-01-07 20:50:00,0.53462
2025-01-07 20:55:00,0.52525
2025-01-07 21:00:00,0.52828
2025-01-07 21:05:00,0.52668
2025-01-07 21:10:00,0.52938
2025-01-07 21:15:00,0.53326
2025-01-07 21:20:00,0.52869
2025-01-07 21:25:00,0.52865
2025-01-07 21:30:00,0.52335
2025-01-07 21:35:00,0.517
2025-01-07 21:40:00,0.5313
2025-01-07 21:45:00,0.53549
2025-01-07 21:50:00,0.53134
2025-01-07 21:55:00,0.52979
2025-01-07 22:00:00,0.53518
2025-01-07 22:05:00,0.53765
2025-01-07 22:10:00,0.53386
2025-01-07 22:15:00,0.53204
2025-01-07 22:20:00,0.52904
2025-01-07 22:25:00,0.52769
2025-01-07 22:30:00,0.53258
2025-01-07 22:35:00,0.52473
2025-01-07 22:40:00,0.53539
2025-01-07 22:45:00,0.52737
2025-01-07 22:50:00,0.54052
2025-01-07 22:55:00,0.53938
2025-01-07 23:00:00,0.53178
2025-01-07 23:05:00,0.52186
2025-01-07 23:10:00,0.53287
2025-01-07 23:15:00,0.52629
2025-01-07 23:20:00,0.52985
2025-01-07 23:25:00,0.52641
2025-01-07 23:30:00,0.53082
2025-01-07 23:35:00,0.53518
2025-01-07 23:40:00,0.52635
2025-01-07 23:45:00,0.52894
2025-01-07 23:50:00,0.53537
2025-01-07 23:55:00,0.52377
2025-01-08 00:00:00,0.52941
2025-01-08 00:05:00,0.53571
2025-01-08 00:10:00,0.53023
2025-01-08 00:15:00,0.53044
2025-01-08 00:20:00,0.53429
2025-01-08 00:25:00,0.53323
2025-01-08 00:30:00,0.5295
2025-01-08 00:35:00,0.53505
2025-01-08 00:40:00,0.53013
2025-01-08 00:45:00,0.52613
2025-01-08 00:50:00,0.53386
2025-01-08 00:55:00,0.52908
2025-01-08 01:00:00,0.53006
2025-01-08 01:05:00,0.53702
2025-01-08 01:10:00,0.53892
2025-01-08 01:15:00,0.54017
2025-01-08 01:20:00,0.52718
2025-01-08 01:25:00,0.52205
2025-01-08 01:30:00,0.52907
2025-01-08 01:35:00,0.52331
2025-01-08 01:40:00,0.52799
2025-01-08 01:45:00,0.52795
2025-01-08 01:50:00,0.53452
2025-01-08 01:55:00,0.5268
2025-01-08 02:00:00,0.5332
2025-01-08 02:05:00,0.52651
2025-01-08 02:10:00,0.53644
2025-01-08 02:15:00,0.53099
2025-01-08 02:20:00,0.53759
2025-01-08 02:25:00,0.52934
2025-01-08 02:30:00,0.52506
2025-01-08 02:35:00,0.53322
2025-01-08 02:40:00,0.53001
2025-01-08 02:45:00,0.53513
2025-01-08 02:50:00,0.52625
2025-01-08 02:55:00,0.52607
2025-01-08 03:00:00,0.52889
2025-01-08 03:05:00,0.52297
2025-01-08 03:10:00,0.52585
2025-01-08 03:15:00,0.51768
2025-01-08 03:20:00,0.53064
2025-01-08 03:25:00,0.52629
2025-01-08 03:30:00,0.53318
2025-01-08 03:35:00,0.52334
2025-01-08 03:40:00,0.52938
2025-01-08 03:45:00,0.53192
2025-01-08 03:50:00,0.5242
2025-01-08 03:55:00,0.52548
2025-01-08 04:00:00,0.52174
2025-01-08 04:05:00,0.52716
2025-01-08 04:10:00,0.52021
2025-01-08 04:15:00,0.52257
2025-01-08 04:20:00,0.5323
2025-01-08 04:25:00,0.52289
2025-01-08 04:30:00,0.52353
2025-01-08 04:35:00,0.52557
2025-01-08 04:40:00,0.52437
2025-01-08 04:45:00,0.53547
2025-01-08 04:50:00,0.53557
2025-01-08 04:55:00,0.52516
2025-01-08 05:00:00,0.52379
2025-01-08 05:05:00,0.52129
2025-01-08 05:10:00,0.52398
2025-01-08 05:15:00,0.51989
2025-01-08 05:20:00,0.52427
2025-01-08 05:25:00,0.52201
2025-01-08 05:30:00,0.52778
2025-01-08 05:35:00,0.52049
2025-01-08 05:40:00,0.52661
2025-01-08 05:45:00,0.51826
2025-01-08 05:50:00,0.52089
2025-01-08 05:55:00,0.5281
2025-01-08 06:00:00,0.52195
2025-01-08 06:05:00,0.52913
2025-01-08 06:10:00,0.5125
2025-01-08 06:15:00,0.51901
2025-01-08 06:20:00,0.52285
2025-01-08 06:25:00,0.51207
2025-01-08 06:30:00,0.51869
2025-01-08 06:35:00,0.51174
2025-01-08 06:40:00,0.51655
2025-01-08 06:45:00,0.51832
2025-01-08 06:50:00,0.5146
2025-01-08 06:55:00,0.52398
2025-01-08 07:00:00,0.518
2025-01-08 07:05:00,0.51948
2025-01-08 07:10:00,0.51988
2025-01-08 07:15:00,0.52336
2025-01-08 07:20:00,0.51706
2025-01-08 07:25:00,0.52125
2025-01-08 07:30:00,0.51003
2025-01-08 07:35:00,0.51919
2025-01-08 07:40:00,0.51802
2025-01-08 07:45:00,0.5167
2025-01-08 07:50:00,0.51878
2025-01-08 07:55:00,0.52617
2025-01-08 08:00:00,0.52026
2025-01-08 08:05:00,0.5103
2025-01-08 08:10:00,0.51579
2025-01-08 08:15:00,0.50919
2025-01-08 08:20:00,0.51189
2025-01-08 08:25:00,0.51315
2025-01-08 08:30:00,0.51937
2025-01-08 08:35:00,0.51637
2025-01-08 08:40:00,0.51524
2025-01-08 08:45:00,0.51749
2025-01-08 08:50:00,0.51354
2025-01-08 08:55:00,0.51847
2025-01-08 09:00:00,0.51538
2025-01-08 09:05:00,0.52484
2025-01-08 09:10:00,0.51742
2025-01-08 09:15:00,0.5171
2025-01-08 09:20:00,0.51091
2025-01-08 09:25:00,0.51422
2025-01-08 09:30:00,0.51061
2025-01-08 09:35:00,0.51928
2025-01-08 09:40:00,0.51098
2025-01-08 09:45:00,0.51198
2025-01-08 09:50:00,0.51352
2025-01-08 09:55:00,0.51463
2025-01-08 10:00:00,0.51569
2025-01-08 10:05:00,0.50966
2025-01-08 10:10:00,0.51399
2025-01-08 10:15:00,0.51913
2025-01-08 10:20:00,0.51406
2025-01-08 10:25:00,0.51054
2025-01-08 10:30:00,0.51495
2025-01-08 10:35:00,0.51213
2025-01-08 10:40:00,0.51584
2025-01-08 10:45:00,0.51242
2025-01-08 10:50:00,0.51413
2025-01-08 10:55:00,0.51457
2025-01-08 11:00:00,0.51818
2025-01-08 11:05:00,0.51478
2025-01-08 11:10:00,0.52699
2025-01-08 11:15:00,0.5119
2025-01-08 11:20:00,0.51787
2025-01-08 11:25:00,0.51417
2025-01-08 11:30:00,0.51666
2025-01-08 11:35:00,0.51557
2025-01-08 11:40:00,0.52195
2025-01-08 11:45:00,0.51513
2025-01-08 11:50:00,0.51402
2025-01-08 11:55:00,0.51621
2025-01-08 12:00:00,0.51934
2025-01-08 12:05:00,0.51925
2025-01-08 12:10:00,0.51457
2025-01-08 12:15:00,0.51533
2025-01-08 12:20:00,0.52011
2025-01-08 12:25:00,0.51551
2025-01-08 12:30:00,0.51409
2025-01-08 12:35:00,0.52188
2025-01-08 12:40:00,0.51951
2025-01-08 12:45:00,0.518
2025-01-08 12:50:00,0.51728
2025-01-08 12:55:00,0.52257
2025-01-08 13:00:00,0.52307
2025-01-08 13:05:00,0.52117
2025-01-08 13:10:00,0.50951
2025-01-08 13:15:00,0.51658
2025-01-08 13:20:00,0.51705
2025-01-08 13:25:00,0.50793
2025-01-08 13:30:00,0.51387
2025-01-08 13:35:00,0.52674
2025-01-08 13:40:00,0.51627
2025-01-08 13:45:00,0.52235
2025-01-08 13:50:00,0.51399
2025-01-08 13:55:00,0.51732
2025-01-08 14:00:00,0.51171
2025-01-08 14:05:00,0.5194
2025-01-08 14:10:00,0.52605
2025-01-08 14:15:00,0.51644
2025-01-08 14:20:00,0.52247
2025-01-08 14:25:00,0.52199
2025-01-08 14:30:00,0.51855
2025-01-08 14:35:00,0.52316
2025-01-08 14:40:00,0.5161
2025-01-08 14:45:00,0.52133
2025-01-08 14:50:00,0.52088
2025-01-08 14:55:00,0.51504
2025-01-08 15:00:00,0.51643
2025-01-08 15:05:00,0.52057
2025-01-08 15:10:00,0.51629
2025-01-08 15:15:00,0.52242
2025-01-08 15:20:00,0.51956
2025-01-08 15:25:00,0.52386
2025-01-08 15:30:00,0.52693
2025-01-08 15:35:00,0.53312
2025-01-08 15:40:00,0.52881
2025-01-08 15:45:00,0.52013
2025-01-08 15:50:00,0.52374
2025-01-08 15:55:00,0.52366
2025-01-08 16:00:00,0.52742
2025-01-08 16:05:00,0.52177
2025-01-08 16:10:00,0.52452
2025-01-08 16:15:00,0.52592
2025-01-08 16:20:00,0.51874
2025-01-08 16:25:00,0.52492
2025-01-08 16:30:00,0.53071
2025-01-08 16:35:00,0.52872
2025-01-08 16:40:00,0.53189
2025-01-08 16:45:00,0.51599
2025-01-08 16:50:00,0.52111
2025-01-08 16:55:00,0.51834
2025-01-08 17:00:00,0.52928
2025-01-08 17:05:00,0.52278
2025-01-08 17:10:00,0.52565
2025-01-08 17:15:00,0.53292
2025-01-08 17:20:00,0.52886
2025-01-08 17:25:00,0.52794
2025-01-08 17:30:00,0.5289
2025-01-08 17:35:00,0.5278
2025-01-08 17:40:00,0.53485
2025-01-08 17:45:00,0.52426
2025-01-08 17:50:00,0.52934
2025-01-08 17:55:00,0.53115
2025-01-08 18:00:00,0.53145
2025-01-08 18:05:00,0.53114
2025-01-08 18:10:00,0.53063
2025-01-08 18:15:00,0.53204
2025-01-08 18:20:00,0.52831
2025-01-08 18:25:00,0.5292
2025-01-08 18:30:00,0.52059
2025-01-08 18:35:00,0.52891
2025-01-08 18:40:00,0.53192
2025-01-08 18:45:00,0.53414
2025-01-08 18:50:00,0.53191
2025-01-08 18:55:00,0.53993
2025-01-08 19:00:00,0.53175
2025-01-08 19:05:00,0.53049
2025-01-08 19:10:00,0.52358
2025-01-08 19:15:00,0.53356
2025-01-08 19:20:00,0.53646
2025-01-08 19:25:00,0.52996
2025-01-08 19:30:00,0.52512
2025-01-08 19:35:00,0.53726
2025-01-08 19:40:00,0.53109
2025-01-08 19:45:00,0.53714
2025-01-08 19:50:00,0.53312
2025-01-08 19:55:00,0.52373
2025-01-08 20:00:00,0.54496
2025-01-08 20:05:00,0.53022
2025-01-08 20:10:00,0.53406
2025-01-08 20:15:00,0.53406
2025-01-08 20:20:00,0.53132
2025-01-08 20:25:00,0.52892
2025-01-08 20:30:00,0.53575
2025-01-08 20:35:00,0.54095
2025-01-08 20:40:00,0.53714
2025-01-08 20:45:00,0.53003
2025-01-08 20:50:00,0.53065
2025-01-08 20:55:00,0.52842
2025-01-08 21:00:00,0.53597
2025-01-08 21:05:00,0.53715
2025-01-08 21:10:00,0.53813
2025-01-08 21:15:00,0.54104
2025-01-08 21:20:00,0.53526
2025-01-08 21:25:00,0.53885
2025-01-08 21:30:00,0.52634
2025-01-08 21:35:00,0.52853
2025-01-08 21:40:00,0.5344
2025-01-08 21:45:00,0.52848
2025-01-08 21:50:00,0.53456
2025-01-08 21:55:00,0.53576
2025-01-08 22:00:00,0.52959
2025-01-08 22:05:00,0.53499
2025-01-08 22:10:00,0.53705
2025-01-08 22:15:00,0.53629
2025-01-08 22:20:00,0.543
2025-01-08 22:25:00,0.53092
2025-01-08 22:30:00,0.53165
2025-01-08 22:35:00,0.53335
2025-01-08 22:40:00,0.53647
2025-01-08 22:45:00,0.53414
2025-01-08 22:50:00,0.53869
2025-01-08 22:55:00,0.53631
2025-01-08 23:00:00,0.5336
2025-01-08 23:05:00,0.5312
2025-01-08 23:10:00,0.53183
2025-01-08 23:15:00,0.53566
2025-01-08 23:20:00,0.53645
2025-01-08 23:25:00,0.53254
2025-01-08 23:30:00,0.53738
2025-01-08 23:35:00,0.54007
2025-01-08 23:40:00,0.53363
2025-01-08 23:45:00,0.52882
2025-01-08 23:50:00,0.53489
2025-01-08 23:55:00,0.53198
2025-01-09 00:00:00,0.53289
2025-01-09 00:05:00,0.53385
2025-01-09 00:10:00,0.52358
2025-01-09 00:15:00,0.53157
2025-01-09 00:20:00,0.52922
2025-01-09 00:25:00,0.53452
2025-01-09 00:30:00,0.53439
2025-01-09 00:35:00,0.53064
2025-01-09 00:40:00,0.53632
2025-01-09 00:45:00,0.53926
2025-01-09 00:50:00,0.53262
2025-01-09 00:55:00,0.52503
2025-01-09 01:00:00,0.52375
2025-01-09 01:05:00,0.52764
2025-01-09 01:10:00,0.53685
2025-01-09 01:15:00,0.53479
2025-01-09 01:20:00,0.53994
2025-01-09 01:25:00,0.53143
2025-01-09 01:30:00,0.52833
2025-01-09 01:35:00,0.52823
2025-01-09 01:40:00,0.52953
2025-01-09 01:45:00,0.53405
2025-01-09 01:50:00,0.53055
2025-01-09 01:55:00,0.53217
2025-01-09 02:00:00,0.52636
2025-01-09 02:05:00,0.52873
2025-01-09 02:10:00,0.52766
2025-01-09 02:15:00,0.53337
2025-01-09 02:20:00,0.53008
2025-01-09 02:25:00,0.53111
2025-01-09 02:30:00,0.53258
2025-01-09 02:35:00,0.52207
2025-01-09 02:40:00,0.53598
2025-01-09 02:45:00,0.53143
2025-01-09 02:50:00,0.52883
2025-01-09 02:55:00,0.52746
2025-01-09 03:00:00,0.52712
2025-01-09 03:05:00,0.52607
2025-01-09 03:10:00,0.52767
2025-01-09 03:15:00,0.51988
2025-01-09 03:20:00,0.52857
2025-01-09 03:25:00,0.52665
2025-01-09 03:30:00,0.52101
2025-01-09 03:35:00,0.52963
2025-01-09 03:40:00,0.52512
2025-01-09 03:45:00,0.51459
2025-01-09 03:50:00,0.53375
2025-01-09 03:55:00,0.52354
2025-01-09 04:00:00,0.52723
2025-01-09 04:05:00,0.52365
2025-01-09 04:10:00,0.52998
2025-01-09 04:15:00,0.51975
2025-01-09 04:20:00,0.5266
2025-01-09 04:25:00,0.52234
2025-01-09 04:30:00,0.52322
2025-01-09 04:35:00,0.53278
2025-01-09 04:40:00,0.525
2025-01-09 04:45:00,0.52738
2025-01-09 04:50:00,0.52858
2025-01-09 04:55:00,0.51906
2025-01-09 05:00:00,0.52241
2025-01-09 05:05:00,0.52084
2025-01-09 05:10:00,0.52355
2025-01-09 05:15:00,0.51866
2025-01-09 05:20:00,0.52691
2025-01-09 05:25:00,0.53346
2025-01-09 05:30:00,0.52065
2025-01-09 05:35:00,0.51987
2025-01-09 05:40:00,0.52139
2025-01-09 05:45:00,0.52799
2025-01-09 05:50:00,0.51625
2025-01-09 05:55:00,0.51811
2025-01-09 06:00:00,0.52064
2025-01-09 06:05:00,0.52415
2025-01-09 06:10:00,0.5192
2025-01-09 06:15:00,0.52097
2025-01-09 06:20:00,0.52506
2025-01-09 06:25:00,0.51363
2025-01-09 06:30:00,0.51518
2025-01-09 06:35:00,0.51938
2025-01-09 06:40:00,0.52728
2025-01-09 06:45:00,0.51749
2025-01-09 06:50:00,0.5215
2025-01-09 06:55:00,0.51875
2025-01-09 07:00:00,0.51259
2025-01-09 07:05:00,0.51443
2025-01-09 07:10:00,0.51812
2025-01-09 07:15:00,0.5214
2025-01-09 07:20:00,0.50905
2025-01-09 07:25:00,0.51432
2025-01-09 07:30:00,0.52152
2025-01-09 07:35:00,0.52499
2025-01-09 07:40:00,0.51461
2025-01-09 07:45:00,0.51959
2025-01-09 07:50:00,0.51416
2025-01-09 07:55:00,0.51631
2025-01-09 08:00:00,0.51468
2025-01-09 08:05:00,0.51589
2025-01-09 08:10:00,0.51831
2025-01-09 08:15:00,0.50822
2025-01-09 08:20:00,0.52336
2025-01-09 08:25:00,0.52013
2025-01-09 08:30:00,0.50586
2025-01-09 08:35:00,0.51156
2025-01-09 08:40:00,0.5222
2025-01-09 08:45:00,0.51691
2025-01-09 08:50:00,0.52561
2025-01-09 08:55:00,0.51403
2025-01-09 09:00:00,0.51986
2025-01-09 09:05:00,0.51397
2025-01-09 09:10:00,0.51417
2025-01-09 09:15:00,0.5116
2025-01-09 09:20:00,0.52021
2025-01-09 09:25:00,0.51623
2025-01-09 09:30:00,0.5069
2025-01-09 09:35:00,0.50973
2025-01-09 09:40:00,0.5137
2025-01-09 09:45:00,0.51615
2025-01-09 09:50:00,0.51487
2025-01-09 09:55:00,0.51769
2025-01-09 10:00:00,0.51278
2025-01-09 10:05:00,0.51345
2025-01-09 10:10:00,0.50892
2025-01-09 10:15:00,0.51691
2025-01-09 10:20:00,0.52589
2025-01-09 10:25:00,0.51542
2025-01-09 10:30:00,0.50906
2025-01-09 10:35:00,0.51325
2025-01-09 10:40:00,0.51444
2025-01-09 10:45:00,0.51569
2025-01-09 10:50:00,0.51246
2025-01-09 10:55:00,0.51845
2025-01-09 11:00:00,0.51278
2025-01-09 11:05:00,0.50609
2025-01-09 11:10:00,0.50826
2025-01-09 11:15:00,0.50979
2025-01-09 11:20:00,0.50924
2025-01-09 11:25:00,0.52152
2025-01-09 11:30:00,0.51259
2025-01-09 11:35:00,0.51065
2025-01-09 11:40:00,0.51475
2025-01-09 11:45:00,0.51522
2025-01-09 11:50:00,0.51848
2025-01-09 11:55:00,0.51889
2025-01-09 12:00:00,0.50825
2025-01-09 12:05:00,0.5122
2025-01-09 12:10:00,0.52161
2025-01-09 12:15:00,0.51986
2025-01-09 12:20:00,0.52114
2025-01-09 12:25:00,0.51556
2025-01-09 12:30:00,0.51951
2025-01-09 12:35:00,0.51259
2025-01-09 12:40:00,0.51983
2025-01-09 12:45:00,0.52144
2025-01-09 12:50:00,0.516
2025-01-09 12:55:00,0.51791
2025-01-09 13:00:00,0.51524
2025-01-09 13:05:00,0.51938
2025-01-09 13:10:00,0.5136
2025-01-09 13:15:00,0.51533
2025-01-09 13:20:00,0.51836
2025-01-09 13:25:00,0.51862
2025-01-09 13:30:00,0.50497
2025-01-09 13:35:00,0.51507
2025-01-09 13:40:00,0.51457
2025-01-09 13:45:00,0.52329
2025-01-09 13:50:00,0.51555
2025-01-09 13:55:00,0.51437
2025-01-09 14:00:00,0.52194
2025-01-09 14:05:00,0.52233
2025-01-09 14:10:00,0.52097
2025-01-09 14:15:00,0.52093
2025-01-09 14:20:00,0.51977
2025-01-09 14:25:00,0.51483
2025-01-09 14:30:00,0.51874
2025-01-09 14:35:00,0.51819
2025-01-09 14:40:00,0.52183
2025-01-09 14:45:00,0.5214
2025-01-09 14:50:00,0.52217
2025-01-09 14:55:00,0.52682
2025-01-09 15:00:00,0.52499
2025-01-09 15:05:00,0.5244
2025-01-09 15:10:00,0.52105
2025-01-09 15:15:00,0.52085
2025-01-09 15:20:00,0.51702
2025-01-09 15:25:00,0.51899
2025-01-09 15:30:00,0.52353
2025-01-09 15:35:00,0.52966
2025-01-09 15:40:00,0.52055
2025-01-09 15:45:00,0.51774
2025-01-09 15:50:00,0.5235
2025-01-09 15:55:00,0.52153
2025-01-09 16:00:00,0.53061
2025-01-09 16:05:00,0.52803
2025-01-09 16:10:00,0.52536
2025-01-09 16:15:00,0.52548
2025-01-09 16:20:00,0.52083
2025-01-09 16:25:00,0.52784
2025-01-09 16:30:00,0.52308
2025-01-09 16:35:00,0.52183
2025-01-09 16:40:00,0.52139
2025-01-09 16:45:00,0.51439
2025-01-09 16:50:00,0.52508
2025-01-09 16:55:00,0.52803
2025-01-09 17:00:00,0.52566
2025-01-09 17:05:00,0.52962
2025-01-09 17:10:00,0.52118
2025-01-09 17:15:00,0.53014
2025-01-09 17:20:00,0.52769
2025-01-09 17:25:00,0.52305
2025-01-09 17:30:00,0.52657
2025-01-09 17:35:00,0.52919
2025-01-09 17:40:00,0.52625
2025-01-09 17:45:00,0.52747
2025-01-09 17:50:00,0.53194
2025-01-09 17:55:00,0.52945
2025-01-09 18:00:00,0.53011
2025-01-09 18:05:00,0.52635
2025-01-09 18:10:00,0.5234
2025-01-09 18:15:00,0.53361
2025-01-09 18:20:00,0.52702
2025-01-09 18:25:00,0.52763
2025-01-09 18:30:00,0.52256
2025-01-09 18:35:00,0.53059
2025-01-09 18:40:00,0.52425
2025-01-09 18:45:00,0.52874
2025-01-09 18:50:00,0.53559
2025-01-09 18:55:00,0.52864
2025-01-09 19:00:00,0.53289
2025-01-09 19:05:00,0.52992
2025-01-09 19:10:00,0.53307
2025-01-09 19:15:00,0.53778
2025-01-09 19:20:00,0.52731
2025-01-09 19:25:00,0.53471
2025-01-09 19:30:00,0.53274
2025-01-09 19:35:00,0.53669
2025-01-09 19:40:00,0.5301
2025-01-09 19:45:00,0.53363
2025-01-09 19:50:00,0.52931
2025-01-09 19:55:00,0.52554
2025-01-09 20:00:00,0.53661
2025-01-09 20:05:00,0.53564
2025-01-09 20:10:00,0.53035
2025-01-09 20:15:00,0.53629
2025-01-09 20:20:00,0.53244
2025-01-09 20:25:00,0.53808
2025-01-09 20:30:00,0.54018
2025-01-09 20:35:00,0.5301
2025-01-09 20:40:00,0.53148
2025-01-09 20:45:00,0.53549
2025-01-09 20:50:00,0.53365
2025-01-09 20:55:00,0.52793
2025-01-09 21:00:00,0.53837
2025-01-09 21:05:00,0.53588
2025-01-09 21:10:00,0.53151
2025-01-09 21:15:00,0.53282
2025-01-09 21:20:00,0.53866
2025-01-09 21:25:00,0.54323
2025-01-09 21:30:00,0.52825
2025-01-09 21:35:00,0.52952
2025-01-09 21:40:00,0.53145
2025-01-09 21:45:00,0.53001
2025-01-09 21:50:00,0.53045
2025-01-09 21:55:00,0.52987
2025-01-09 22:00:00,0.5321
2025-01-09 22:05:00,0.53868
2025-01-09 22:10:00,0.53573
2025-01-09 22:15:00,0.53844
2025-01-09 22:20:00,0.53318
2025-01-09 22:25:00,0.53721
2025-01-09 22:30:00,0.53085
2025-01-09 22:35:00,0.52844
2025-01-09 22:40:00,0.53866
2025-01-09 22:45:00,0.54267
2025-01-09 22:50:00,0.53698
2025-01-09 22:55:00,0.53345
2025-01-09 23:00:00,0.53237
2025-01-09 23:05:00,0.53365
2025-01-09 23:10:00,0.53156
2025-01-09 23:15:00,0.5369
2025-01-09 23:20:00,0.52808
2025-01-09 23:25:00,0.53906
2025-01-09 23:30:00,0.53455
2025-01-09 23:35:00,0.53645
2025-01-09 23:40:00,0.53682
2025-01-09 23:45:00,0.5439
2025-01-09 23:50:00,0.53197
2025-01-09 23:55:00,0.53236
2025-01-10 00:00:00,0.53295
2025-01-10 00:05:00,0.53471
2025-01-10 00:10:00,0.53799
2025-01-10 00:15:00,0.53127
2025-01-10 00:20:00,0.5334
2025-01-10 00:25:00,0.54407
2025-01-10 00:30:00,0.52736
2025-01-10 00:35:00,0.53602
2025-01-10 00:40:00,0.52998
2025-01-10 00:45:00,0.53911
2025-01-10 00:50:00,0.54265
2025-01-10 00:55:00,0.53532
2025-01-10 01:00:00,0.53816
2025-01-10 01:05:00,0.5301
2025-01-10 01:10:00,0.52911
2025-01-10 01:15:00,0.54077
2025-01-10 01:20:00,0.53199
2025-01-10 01:25:00,0.53655
2025-01-10 01:30:00,0.53142
2025-01-10 01:35:00,0.53675
2025-01-10 01:40:00,0.5287
2025-01-10 01:45:00,0.53426
2025-01-10 01:50:00,0.53425
2025-01-10 01:55:00,0.53811
2025-01-10 02:00:00,0.52927
2025-01-10 02:05:00,0.52966
2025-01-10 02:10:00,0.52773
2025-01-10 02:15:00,0.53091
2025-01-10 02:20:00,0.528
2025-01-10 02:25:00,0.53012
2025-01-10 02:30:00,0.5255
2025-01-10 02:35:00,0.52646
2025-01-10 02:40:00,0.53164
2025-01-10 02:45:00,0.5303
2025-01-10 02:50:00,0.52709
2025-01-10 02:55:00,0.52853
2025-01-10 03:00:00,0.52503
2025-01-10 03:05:00,0.53065
2025-01-10 03:10:00,0.52265
2025-01-10 03:15:00,0.53983
2025-01-10 03:20:00,0.52575
2025-01-10 03:25:00,0.52144
2025-01-10 03:30:00,0.53101
2025-01-10 03:35:00,0.5291
2025-01-10 03:40:00,0.529
2025-01-10 03:45:00,0.52764
2025-01-10 03:50:00,0.53191
2025-01-10 03:55:00,0.52623
2025-01-10 04:00:00,0.52605
2025-01-10 04:05:00,0.52918
2025-01-10 04:10:00,0.5228
2025-01-10 04:15:00,0.522
2025-01-10 04:20:00,0.53382
2025-01-10 04:25:00,0.52558
2025-01-10 04:30:00,0.53
2025-01-10 04:35:00,0.52254
2025-01-10 04:40:00,0.52469
2025-01-10 04:45:00,0.52738
2025-01-10 04:50:00,0.51874
2025-01-10 04:55:00,0.52715
2025-01-10 05:00:00,0.51924
2025-01-10 05:05:00,0.51622
2025-01-10 05:10:00,0.52687
2025-01-10 05:15:00,0.52427
2025-01-10 05:20:00,0.52143
2025-01-10 05:25:00,0.52381
2025-01-10 05:30:00,0.52311
2025-01-10 05:35:00,0.53024
2025-01-10 05:40:00,0.53139
2025-01-10 05:45:00,0.52337
2025-01-10 05:50:00,0.52257
2025-01-10 05:55:00,0.51613
2025-01-10 06:00:00,0.51386
2025-01-10 06:05:00,0.51969
2025-01-10 06:10:00,0.52086
2025-01-10 06:15:00,0.51675
2025-01-10 06:20:00,0.52152
2025-01-10 06:25:00,0.52143
2025-01-10 06:30:00,0.51995
2025-01-10 06:35:00,0.52501
2025-01-10 06:40:00,0.51753
2025-01-10 06:45:00,0.52328
2025-01-10 06:50:00,0.52184
2025-01-10 06:55:00,0.52036
2025-01-10 07:00:00,0.51867
2025-01-10 07:05:00,0.52472
2025-01-10 07:10:00,0.52054
2025-01-10 07:15:00,0.51462
2025-01-10 07:20:00,0.52387
2025-01-10 07:25:00,0.52196
2025-01-10 07:30:00,0.51641
2025-01-10 07:35:00,0.51486
2025-01-10 07:40:00,0.52513
2025-01-10 07:45:00,0.52517
2025-01-10 07:50:00,0.51746
2025-01-10 07:55:00,0.51616
2025-01-10 08:00:00,0.51187
2025-01-10 08:05:00,0.5207
2025-01-10 08:10:00,0.50879
2025-01-10 08:15:00,0.51651
2025-01-10 08:20:00,0.51772
2025-01-10 08:25:00,0.51419
2025-01-10 08:30:00,0.51974
2025-01-10 08:35:00,0.52157
2025-01-10 08:40:00,0.50665
2025-01-10 08:45:00,0.51748
2025-01-10 08:50:00,0.51277
2025-01-10 08:55:00,0.51813
2025-01-10 09:00:00,0.51155
2025-01-10 09:05:00,0.51514
2025-01-10 09:10:00,0.51162
2025-01-10 09:15:00,0.51124
2025-01-10 09:20:00,0.51168
2025-01-10 09:25:00,0.51241
2025-01-10 09:30:00,0.52152
2025-01-10 09:35:00,0.51656
2025-01-10 09:40:00,0.52067
2025-01-10 09:45:00,0.51875
2025-01-10 09:50:00,0.51229
2025-01-10 09:55:00,0.52313
2025-01-10 10:00:00,0.50541
2025-01-10 10:05:00,0.51315
2025-01-10 10:10:00,0.51675
2025-01-10 10:15:00,0.51429
2025-01-10 10:20:00,0.51837
2025-01-10 10:25:00,0.51205
2025-01-10 10:30:00,0.51414
2025-01-10 10:35:00,0.51729
2025-01-10 10:40:00,0.51078
2025-01-10 10:45:00,0.52041
2025-01-10 10:50:00,0.51622
2025-01-10 10:55:00,0.5141
2025-01-10 11:00:00,0.51379
2025-01-10 11:05:00,0.51468
2025-01-10 11:10:00,0.51789
2025-01-10 11:15:00,0.51005
2025-01-10 11:20:00,0.52068
2025-01-10 11:25:00,0.51555
2025-01-10 11:30:00,0.52069
2025-01-10 11:35:00,0.51953
2025-01-10 11:40:00,0.51879
2025-01-10 11:45:00,0.51551
2025-01-10 11:50:00,0.5152
2025-01-10 11:55:00,0.51234
2025-01-10 12:00:00,0.51566
2025-01-10 12:05:00,0.51568
2025-01-10 12:10:00,0.51724
2025-01-10 12:15:00,0.51883
2025-01-10 12:20:00,0.5169
2025-01-10 12:25:00,0.52223
2025-01-10 12:30:00,0.51633
2025-01-10 12:35:00,0.50984
2025-01-10 12:40:00,0.51402
2025-01-10 12:45:00,0.51874
2025-01-10 12:50:00,0.51532
2025-01-10 12:55:00,0.50976
2025-01-10 13:00:00,0.52472
2025-01-10 13:05:00,0.51869
2025-01-10 13:10:00,0.51861
2025-01-10 13:15:00,0.51754
2025-01-10 13:20:00,0.51244
2025-01-10 13:25:00,0.5139
2025-01-10 13:30:00,0.52009
2025-01-10 13:35:00,0.5148
2025-01-10 13:40:00,0.52035
2025-01-10 13:45:00,0.51819
2025-01-10 13:50:00,0.51367
2025-01-10 13:55:00,0.52408
2025-01-10 14:00:00,0.52082
2025-01-10 14:05:00,0.5153
2025-01-10 14:10:00,0.52312
2025-01-10 14:15:00,0.52071
2025-01-10 14:20:00,0.51326
2025-01-10 14:25:00,0.52422
2025-01-10 14:30:00,0.52595
2025-01-10 14:35:00,0.51612
2025-01-10 14:40:00,0.51893
2025-01-10 14:45:00,0.51778
2025-01-10 14:50:00,0.52172
2025-01-10 14:55:00,0.52705
2025-01-10 15:00:00,0.53124
2025-01-10 15:05:00,0.52737
2025-01-10 15:10:00,0.52469
2025-01-10 15:15:00,0.513
2025-01-10 15:20:00,0.51913
2025-01-10 15:25:00,0.52356
2025-01-10 15:30:00,0.52392
2025-01-10 15:35:00,0.51483
2025-01-10 15:40:00,0.52429
2025-01-10 15:45:00,0.52842
2025-01-10 15:50:00,0.51427
2025-01-10 15:55:00,0.52019
2025-01-10 16:00:00,0.51946
2025-01-10 16:05:00,0.52988
2025-01-10 16:10:00,0.53113
2025-01-10 16:15:00,0.53279
2025-01-10 16:20:00,0.52256
2025-01-10 16:25:00,0.52146
2025-01-10 16:30:00,0.51824
2025-01-10 16:35:00,0.52904
2025-01-10 16:40:00,0.52456
2025-01-10 16:45:00,0.53011
2025-01-10 16:50:00,0.53234
2025-01-10 16:55:00,0.52591
2025-01-10 17:00:00,0.52786
2025-01-10 17:05:00,0.53362
2025-01-10 17:10:00,0.53131
2025-01-10 17:15:00,0.52943
2025-01-10 17:20:00,0.52282
2025-01-10 17:25:00,0.5314
2025-01-10 17:30:00,0.52793
2025-01-10 17:35:00,0.52735
2025-01-10 17:40:00,0.52865
2025-01-10 17:45:00,0.52402
2025-01-10 17:50:00,0.52813
2025-01-10 17:55:00,0.52404
2025-01-10 18:00:00,0.53793
2025-01-10 18:05:00,0.53101
2025-01-10 18:10:00,0.53279
2025-01-10 18:15:00,0.53011
2025-01-10 18:20:00,0.5348
2025-01-10 18:25:00,0.53065
2025-01-10 18:30:00,0.52685
2025-01-10 18:35:00,0.52554
2025-01-10 18:40:00,0.52315
2025-01-10 18:45:00,0.52805
2025-01-10 18:50:00,0.53157
2025-01-10 18:55:00,0.52694
2025-01-10 19:00:00,0.53594
2025-01-10 19:05:00,0.53232
2025-01-10 19:10:00,0.5317
2025-01-10 19:15:00,0.53188
2025-01-10 19:20:00,0.53195
2025-01-10 19:25:00,0.53327
2025-01-10 19:30:00,0.5308
2025-01-10 19:35:00,0.53848
2025-01-10 19:40:00,0.52618
2025-01-10 19:45:00,0.53292
2025-01-10 19:50:00,0.53236
2025-01-10 19:55:00,0.53452
2025-01-10 20:00:00,0.53169
2025-01-10 20:05:00,0.53151
2025-01-10 20:10:00,0.53049
2025-01-10 20:15:00,0.53239
2025-01-10 20:20:00,0.53533
2025-01-10 20:25:00,0.5345
2025-01-10 20:30:00,0.52827
2025-01-10 20:35:00,0.53113
2025-01-10 20:40:00,0.53555
2025-01-10 20:45:00,0.53299
2025-01-10 20:50:00,0.53187
2025-01-10 20:55:00,0.5331
2025-01-10 21:00:00,0.53621
2025-01-10 21:05:00,0.53448
2025-01-10 21:10:00,0.5364
2025-01-10 21:15:00,0.53434
2025-01-10 21:20:00,0.52685
2025-01-10 21:25:00,0.53774
2025-01-10 21:30:00,0.529
2025-01-10 21:35:00,0.52873
2025-01-10 21:40:00,0.53759
2025-01-10 21:45:00,0.53317
2025-01-10 21:50:00,0.53214
2025-01-10 21:55:00,0.53677
2025-01-10 22:00:00,0.53591
2025-01-10 22:05:00,0.54097
2025-01-10 22:10:00,0.53051
2025-01-10 22:15:00,0.52794
2025-01-10 22:20:00,0.53786
2025-01-10 22:25:00,0.53294
2025-01-10 22:30:00,0.53771
2025-01-10 22:35:00,0.53444
2025-01-10 22:40:00,0.54065
2025-01-10 22:45:00,0.53331
2025-01-10 22:50:00,0.54293
2025-01-10 22:55:00,0.53549
2025-01-10 23:00:00,0.53164
2025-01-10 23:05:00,0.52528
2025-01-10 23:10:00,0.53917
2025-01-10 23:15:00,0.53732
2025-01-10 23:20:00,0.52716
2025-01-10 23:25:00,0.54678
2025-01-10 23:30:00,0.5284
2025-01-10 23:35:00,0.53165
2025-01-10 23:40:00,0.53784
2025-01-10 23:45:00,0.53085
2025-01-10 23:50:00,0.5342
2025-01-10 23:55:00,0.54148
2025-01-11 00:00:00,0.53296
2025-01-11 00:05:00,0.53685
2025-01-11 00:10:00,0.52407
2025-01-11 00:15:00,0.53478
2025-01-11 00:20:00,0.53056
2025-01-11 00:25:00,0.53287
2025-01-11 00:30:00,0.53642
2025-01-11 00:35:00,0.52899
2025-01-11 00:40:00,0.53486
2025-01-11 00:45:00,0.53808
2025-01-11 00:50:00,0.53254
2025-01-11 00:55:00,0.53523
2025-01-11 01:00:00,0.53318
2025-01-11 01:05:00,0.53266
2025-01-11 01:10:00,0.52763
2025-01-11 01:15:00,0.53365
2025-01-11 01:20:00,0.52657
2025-01-11 01:25:00,0.53152
2025-01-11 01:30:00,0.53038
2025-01-11 01:35:00,0.53243
2025-01-11 01:40:00,0.53089
2025-01-11 01:45:00,0.53721
2025-01-11 01:50:00,0.52754
2025-01-11 01:55:00,0.5304
2025-01-11 02:00:00,0.52235
2025-01-11 02:05:00,0.5311
2025-01-11 02:10:00,0.52641
2025-01-11 02:15:00,0.53348
2025-01-11 02:20:00,0.52899
2025-01-11 02:25:00,0.53032
2025-01-11 02:30:00,0.53226
2025-01-11 02:35:00,0.53137
2025-01-11 02:40:00,0.52573
2025-01-11 02:45:00,0.52998
2025-01-11 02:50:00,0.52871
2025-01-11 02:55:00,0.52733
2025-01-11 03:00:00,0.52543
2025-01-11 03:05:00,0.53267
2025-01-11 03:10:00,0.53162
2025-01-11 03:15:00,0.53319
2025-01-11 03:20:00,0.52591
2025-01-11 03:25:00,0.52974
2025-01-11 03:30:00,0.52628
2025-01-11 03:35:00,0.52697
2025-01-11 03:40:00,0.52739
2025-01-11 03:45:00,0.53068
2025-01-11 03:50:00,0.52569
2025-01-11 03:55:00,0.52839
2025-01-11 04:00:00,0.51621
2025-01-11 04:05:00,0.52803
2025-01-11 04:10:00,0.5296
2025-01-11 04:15:00,0.51495
2025-01-11 04:20:00,0.52062
2025-01-11 04:25:00,0.52245
2025-01-11 04:30:00,0.53038
2025-01-11 04:35:00,0.52666
2025-01-11 04:40:00,0.52487
2025-01-11 04:45:00,0.52408
2025-01-11 04:50:00,0.52834
2025-01-11 04:55:00,0.52342
2025-01-11 05:00:00,0.52501
2025-01-11 05:05:00,0.52264
2025-01-11 05:10:00,0.52296
2025-01-11 05:15:00,0.52449
2025-01-11 05:20:00,0.52025
2025-01-11 05:25:00,0.52623
2025-01-11 05:30:00,0.53309
2025-01-11 05:35:00,0.51688
2025-01-11 05:40:00,0.51959
2025-01-11 05:45:00,0.52221
2025-01-11 05:50:00,0.52429
2025-01-11 05:55:00,0.51974
2025-01-11 06:00:00,0.52018
2025-01-11 06:05:00,0.52092
2025-01-11 06:10:00,0.51862
2025-01-11 06:15:00,0.52028
2025-01-11 06:20:00,0.51439
2025-01-11 06:25:00,0.52191
2025-01-11 06:30:00,0.51445
2025-01-11 06:35:00,0.51534
2025-01-11 06:40:00,0.52095
2025-01-11 06:45:00,0.52187
2025-01-11 06:50:00,0.5196
2025-01-11 06:55:00,0.52038
2025-01-11 07:00:00,0.51794
2025-01-11 07:05:00,0.51654
2025-01-11 07:10:00,0.51302
2025-01-11 07:15:00,0.51667
2025-01-11 07:20:00,0.50968
2025-01-11 07:25:00,0.51634
2025-01-11 07:30:00,0.5229
2025-01-11 07:35:00,0.51696
2025-01-11 07:40:00,0.52154
2025-01-11 07:45:00,0.52275
2025-01-11 07:50:00,0.51443
2025-01-11 07:55:00,0.51351
2025-01-11 08:00:00,0.51408
2025-01-11 08:05:00,0.51593
2025-01-11 08:10:00,0.51688
2025-01-11 08:15:00,0.51885
2025-01-11 08:20:00,0.51486
2025-01-11 08:25:00,0.51634
2025-01-11 08:30:00,0.51105
2025-01-11 08:35:00,0.5117
2025-01-11 08:40:00,0.51954
2025-01-11 08:45:00,0.51963
2025-01-11 08:50:00,0.51449
2025-01-11 08:55:00,0.51035
2025-01-11 09:00:00,0.5108
2025-01-11 09:05:00,0.51453
2025-01-11 09:10:00,0.5183
2025-01-11 09:15:00,0.51578
2025-01-11 09:20:00,0.51829
2025-01-11 09:25:00,0.51456
2025-01-11 09:30:00,0.51615
2025-01-11 09:35:00,0.5192
2025-01-11 09:40:00,0.51289
2025-01-11 09:45:00,0.51233
2025-01-11 09:50:00,0.51502
2025-01-11 09:55:00,0.52553
2025-01-11 10:00:00,0.51481
2025-01-11 10:05:00,0.51512
2025-01-11 10:10:00,0.51971
2025-01-11 10:15:00,0.51886
2025-01-11 10:20:00,0.51045
2025-01-11 10:25:00,0.51518
2025-01-11 10:30:00,0.52014
2025-01-11 10:35:00,0.51639
2025-01-11 10:40:00,0.51935
2025-01-11 10:45:00,0.5083
2025-01-11 10:50:00,0.5192
2025-01-11 10:55:00,0.51459
2025-01-11 11:00:00,0.52366
2025-01-11 11:05:00,0.51526
2025-01-11 11:10:00,0.51364
2025-01-11 11:15:00,0.51938
2025-01-11 11:20:00,0.51487
2025-01-11 11:25:00,0.51978
2025-01-11 11:30:00,0.51259
2025-01-11 11:35:00,0.51167
2025-01-11 11:40:00,0.51508
2025-01-11 11:45:00,0.51574
2025-01-11 11:50:00,0.51518
2025-01-11 11:55:00,0.52331
2025-01-11 12:00:00,0.51376
2025-01-11 12:05:00,0.5155
2025-01-11 12:10:00,0.51289
2025-01-11 12:15:00,0.51071
2025-01-11 12:20:00,0.52152
2025-01-11 12:25:00,0.52176
2025-01-11 12:30:00,0.51851
2025-01-11 12:35:00,0.52307
2025-01-11 12:40:00,0.51546
2025-01-11 12:45:00,0.51364
2025-01-11 12:50:00,0.51466
2025-01-11 12:55:00,0.51596
2025-01-11 13:00:00,0.51669
2025-01-11 13:05:00,0.51583
2025-01-11 13:10:00,0.52044
2025-01-11 13:15:00,0.51867
2025-01-11 13:20:00,0.52133
2025-01-11 13:25:00,0.51824
2025-01-11 13:30:00,0.51569
2025-01-11 13:35:00,0.52748
2025-01-11 13:40:00,0.51743
2025-01-11 13:45:00,0.51742
2025-01-11 13:50:00,0.51262
2025-01-11 13:55:00,0.51106
2025-01-11 14:00:00,0.52245
2025-01-11 14:05:00,0.52288
2025-01-11 14:10:00,0.52216
2025-01-11 14:15:00,0.52587
2025-01-11 14:20:00,0.5186
2025-01-11 14:25:00,0.52225
2025-01-11 14:30:00,0.52636
2025-01-11 14:35:00,0.52867
2025-01-11 14:40:00,0.51655
2025-01-11 14:45:00,0.51857
2025-01-11 14:50:00,0.51817
2025-01-11 14:55:00,0.52347
2025-01-11 15:00:00,0.53044
2025-01-11 15:05:00,0.52286
2025-01-11 15:10:00,0.52425
2025-01-11 15:15:00,0.5205
2025-01-11 15:20:00,0.52245
2025-01-11 15:25:00,0.51834
2025-01-11 15:30:00,0.52364
2025-01-11 15:35:00,0.51314
2025-01-11 15:40:00,0.52294
2025-01-11 15:45:00,0.51834
2025-01-11 15:50:00,0.52132
2025-01-11 15:55:00,0.5212
2025-01-11 16:00:00,0.53839
2025-01-11 16:05:00,0.52089
2025-01-11 16:10:00,0.53039
2025-01-11 16:15:00,0.52538
2025-01-11 16:20:00,0.52517
2025-01-11 16:25:00,0.52388
2025-01-11 16:30:00,0.51924
2025-01-11 16:35:00,0.51891
2025-01-11 16:40:00,0.51924
2025-01-11 16:45:00,0.52389
2025-01-11 16:50:00,0.52774
2025-01-11 16:55:00,0.52513
2025-01-11 17:00:00,0.53367
2025-01-11 17:05:00,0.52896
2025-01-11 17:10:00,0.52941
2025-01-11 17:15:00,0.52857
2025-01-11 17:20:00,0.52692
2025-01-11 17:25:00,0.53377
2025-01-11 17:30:00,0.52823
2025-01-11 17:35:00,0.52342
2025-01-11 17:40:00,0.51969
2025-01-11 17:45:00,0.52791
2025-01-11 17:50:00,0.52177
2025-01-11 17:55:00,0.5319
2025-01-11 18:00:00,0.53747
2025-01-11 18:05:00,0.5307
2025-01-11 18:10:00,0.52778
2025-01-11 18:15:00,0.53002
2025-01-11 18:20:00,0.53492
2025-01-11 18:25:00,0.53354
2025-01-11 18:30:00,0.52729
2025-01-11 18:35:00,0.53463
2025-01-11 18:40:00,0.52668
2025-01-11 18:45:00,0.52938
2025-01-11 18:50:00,0.53339
2025-01-11 18:55:00,0.52914
2025-01-11 19:00:00,0.53536
2025-01-11 19:05:00,0.52862
2025-01-11 19:10:00,0.53335
2025-01-11 19:15:00,0.52819
2025-01-11 19:20:00,0.53129
2025-01-11 19:25:00,0.53479
2025-01-11 19:30:00,0.53004
2025-01-11 19:35:00,0.52529
2025-01-11 19:40:00,0.5284
2025-01-11 19:45:00,0.52045
2025-01-11 19:50:00,0.52939
2025-01-11 19:55:00,0.53234
2025-01-11 20:00:00,0.5322
2025-01-11 20:05:00,0.52983
2025-01-11 20:10:00,0.53016
2025-01-11 20:15:00,0.53815
2025-01-11 20:20:00,0.52806
2025-01-11 20:25:00,0.53917
2025-01-11 20:30:00,0.53701
2025-01-11 20:35:00,0.53743
2025-01-11 20:40:00,0.53607
2025-01-11 20:45:00,0.53707
2025-01-11 20:50:00,0.53279
2025-01-11 20:55:00,0.53395
2025-01-11 21:00:00,0.53521
2025-01-11 21:05:00,0.53636
2025-01-11 21:10:00,0.53846
2025-01-11 21:15:00,0.54093
2025-01-11 21:20:00,0.53282
2025-01-11 21:25:00,0.53316
2025-01-11 21:30:00,0.53324
2025-01-11 21:35:00,0.53203
2025-01-11 21:40:00,0.53572
2025-01-11 21:45:00,0.53833
2025-01-11 21:50:00,0.54033
2025-01-11 21:55:00,0.53121
2025-01-11 22:00:00,0.53495
2025-01-11 22:05:00,0.53201
2025-01-11 22:10:00,0.54235
2025-01-11 22:15:00,0.53765
2025-01-11 22:20:00,0.53354
2025-01-11 22:25:00,0.52823
2025-01-11 22:30:00,0.53172
2025-01-11 22:35:00,0.53057
2025-01-11 22:40:00,0.53223
2025-01-11 22:45:00,0.53478
2025-01-11 22:50:00,0.541
2025-01-11 22:55:00,0.5324
2025-01-11 23:00:00,0.52998
2025-01-11 23:05:00,0.53105
2025-01-11 23:10:00,0.5299
2025-01-11 23:15:00,0.53647
2025-01-11 23:20:00,0.52807
2025-01-11 23:25:00,0.53662
2025-01-11 23:30:00,0.53044
2025-01-11 23:35:00,0.53431
2025-01-11 23:40:00,0.53614
2025-01-11 23:45:00,0.53593
2025-01-11 23:50:00,0.53807
2025-01-11 23:55:00,0.53725
2025-01-12 00:00:00,0.54073
2025-01-12 00:05:00,0.53421
2025-01-12 00:10:00,0.53986
2025-01-12 00:15:00,0.53252
2025-01-12 00:20:00,0.53477
2025-01-12 00:25:00,0.53441
2025-01-12 00:30:00,0.53252
2025-01-12 00:35:00,0.5341
2025-01-12 00:40:00,0.5344
2025-01-12 00:45:00,0.53057
2025-01-12 00:50:00,0.53535
2025-01-12 00:55:00,0.53179
2025-01-12 01:00:00,0.53453
2025-01-12 01:05:00,0.53127
2025-01-12 01:10:00,0.53592
2025-01-12 01:15:00,0.53679
2025-01-12 01:20:00,0.5373
2025-01-12 01:25:00,0.53515
2025-01-12 01:30:00,0.53347
2025-01-12 01:35:00,0.52992
2025-01-12 01:40:00,0.52839
2025-01-12 01:45:00,0.53471
2025-01-12 01:50:00,0.52859
2025-01-12 01:55:00,0.53039
2025-01-12 02:00:00,0.52728
2025-01-12 02:05:00,0.52892
2025-01-12 02:10:00,0.53081
2025-01-12 02:15:00,0.52693
2025-01-12 02:20:00,0.52956
2025-01-12 02:25:00,0.53058
2025-01-12 02:30:00,0.52614
2025-01-12 02:35:00,0.52896
2025-01-12 02:40:00,0.53071
2025-01-12 02:45:00,0.52914
2025-01-12 02:50:00,0.52246
2025-01-12 02:55:00,0.52734
2025-01-12 03:00:00,0.53697
2025-01-12 03:05:00,0.52342
2025-01-12 03:10:00,0.52666
2025-01-12 03:15:00,0.5255
2025-01-12 03:20:00,0.52736
2025-01-12 03:25:00,0.52811
2025-01-12 03:30:00,0.52782
2025-01-12 03:35:00,0.5309
2025-01-12 03:40:00,0.52658
2025-01-12 03:45:00,0.52585
2025-01-12 03:50:00,0.52939
2025-01-12 03:55:00,0.53237
2025-01-12 04:00:00,0.52533
2025-01-12 04:05:00,0.52106
2025-01-12 04:10:00,0.53412
2025-01-12 04:15:00,0.52652
2025-01-12 04:20:00,0.52858
2025-01-12 04:25:00,0.52689
2025-01-12 04:30:00,0.52087
2025-01-12 04:35:00,0.52789
2025-01-12 04:40:00,0.52643
2025-01-12 04:45:00,0.527
2025-01-12 04:50:00,0.52857
2025-01-12 04:55:00,0.52623
2025-01-12 05:00:00,0.51529
2025-01-12 05:05:00,0.52056
2025-01-12 05:10:00,0.5205
2025-01-12 05:15:00,0.5161
2025-01-12 05:20:00,0.52118
2025-01-12 05:25:00,0.52514
2025-01-12 05:30:00,0.52224
2025-01-12 05:35:00,0.5275
2025-01-12 05:40:00,0.51693
2025-01-12 05:45:00,0.52417
2025-01-12 05:50:00,0.5179
2025-01-12 05:55:00,0.51743
2025-01-12 06:00:00,0.5171
2025-01-12 06:05:00,0.51382
2025-01-12 06:10:00,0.51412
2025-01-12 06:15:00,0.52009
2025-01-12 06:20:00,0.51654
2025-01-12 06:25:00,0.51788
2025-01-12 06:30:00,0.51865
2025-01-12 06:35:00,0.52269
2025-01-12 06:40:00,0.51562
2025-01-12 06:45:00,0.51911
2025-01-12 06:50:00,0.51566
2025-01-12 06:55:00,0.52074
2025-01-12 07:00:00,0.51839
2025-01-12 07:05:00,0.51931
2025-01-12 07:10:00,0.51325
2025-01-12 07:15:00,0.52181
2025-01-12 07:20:00,0.51659
2025-01-12 07:25:00,0.51491
2025-01-12 07:30:00,0.52014
2025-01-12 07:35:00,0.51609
2025-01-12 07:40:00,0.52205
2025-01-12 07:45:00,0.51943
2025-01-12 07:50:00,0.52193
2025-01-12 07:55:00,0.51969
2025-01-12 08:00:00,0.52023
2025-01-12 08:05:00,0.51478
2025-01-12 08:10:00,0.50546
2025-01-12 08:15:00,0.5084
2025-01-12 08:20:00,0.51833
2025-01-12 08:25:00,0.52065
2025-01-12 08:30:00,0.51484
2025-01-12 08:35:00,0.51183
2025-01-12 08:40:00,0.51297
2025-01-12 08:45:00,0.51533
2025-01-12 08:50:00,0.51767
2025-01-12 08:55:00,0.51961
2025-01-12 09:00:00,0.50736
2025-01-12 09:05:00,0.51307
2025-01-12 09:10:00,0.52181
2025-01-12 09:15:00,0.51483
2025-01-12 09:20:00,0.5069
2025-01-12 09:25:00,0.51139
2025-01-12 09:30:00,0.50985
2025-01-12 09:35:00,0.51414
2025-01-12 09:40:00,0.51551
2025-01-12 09:45:00,0.5142
2025-01-12 09:50:00,0.5173
2025-01-12 09:55:00,0.51461
2025-01-12 10:00:00,0.51619
2025-01-12 10:05:00,0.52156
2025-01-12 10:10:00,0.51834
2025-01-12 10:15:00,0.51154
2025-01-12 10:20:00,0.51186
2025-01-12 10:25:00,0.50903
2025-01-12 10:30:00,0.5151
2025-01-12 10:35:00,0.51555
2025-01-12 10:40:00,0.51287
2025-01-12 10:45:00,0.51409
2025-01-12 10:50:00,0.51877
2025-01-12 10:55:00,0.51698
2025-01-12 11:00:00,0.5091
2025-01-12 11:05:00,0.52086
2025-01-12 11:10:00,0.51432
2025-01-12 11:15:00,0.51723
2025-01-12 11:20:00,0.52092
2025-01-12 11:25:00,0.51477
2025-01-12 11:30:00,0.52114
2025-01-12 11:35:00,0.52007
2025-01-12 11:40:00,0.51897
2025-01-12 11:45:00,0.51603
2025-01-12 11:50:00,0.51843
2025-01-12 11:55:00,0.519
2025-01-12 12:00:00,0.51872
2025-01-12 12:05:00,0.51532
2025-01-12 12:10:00,0.51256
2025-01-12 12:15:00,0.5111
2025-01-12 12:20:00,0.51379
2025-01-12 12:25:00,0.51652
2025-01-12 12:30:00,0.51325
2025-01-12 12:35:00,0.52096
2025-01-12 12:40:00,0.51289
2025-01-12 12:45:00,0.51743
2025-01-12 12:50:00,0.51814
2025-01-12 12:55:00,0.51785
2025-01-12 13:00:00,0.51038
2025-01-12 13:05:00,0.51746
2025-01-12 13:10:00,0.51804
2025-01-12 13:15:00,0.51673
2025-01-12 13:20:00,0.51759
2025-01-12 13:25:00,0.51043
2025-01-12 13:30:00,0.51939
2025-01-12 13:35:00,0.51374
2025-01-12 13:40:00,0.51671
2025-01-12 13:45:00,0.51424
2025-01-12 13:50:00,0.52075
2025-01-12 13:55:00,0.50892
2025-01-12 14:00:00,0.51622
2025-01-12 14:05:00,0.52056
2025-01-12 14:10:00,0.51511
2025-01-12 14:15:00,0.52013
2025-01-12 14:20:00,0.51501
2025-01-12 14:25:00,0.52417
2025-01-12 14:30:00,0.52276
2025-01-12 14:35:00,0.51881
2025-01-12 14:40:00,0.52389
2025-01-12 14:45:00,0.51764
2025-01-12 14:50:00,0.52047
2025-01-12 14:55:00,0.51399
2025-01-12 15:00:00,0.51822
2025-01-12 15:05:00,0.51931
2025-01-12 15:10:00,0.51947
2025-01-12 15:15:00,0.52047
2025-01-12 15:20:00,0.51632
2025-01-12 15:25:00,0.53292
2025-01-12 15:30:00,0.51668
2025-01-12 15:35:00,0.52447
2025-01-12 15:40:00,0.51944
2025-01-12 15:45:00,0.51956
2025-01-12 15:50:00,0.52025
2025-01-12 15:55:00,0.52901
2025-01-12 16:00:00,0.52835
2025-01-12 16:05:00,0.52433
2025-01-12 16:10:00,0.53005
2025-01-12 16:15:00,0.52068
2025-01-12 16:20:00,0.52522
2025-01-12 16:25:00,0.53103
2025-01-12 16:30:00,0.52242
2025-01-12 16:35:00,0.51967
2025-01-12 16:40:00,0.53518
2025-01-12 16:45:00,0.52017
2025-01-12 16:50:00,0.52186
2025-01-12 16:55:00,0.53807
2025-01-12 17:00:00,0.52534
2025-01-12 17:05:00,0.53013
2025-01-12 17:10:00,0.52371
2025-01-12 17:15:00,0.52605
2025-01-12 17:20:00,0.52728
2025-01-12 17:25:00,0.53007
2025-01-12 17:30:00,0.5256
2025-01-12 17:35:00,0.53248
2025-01-12 17:40:00,0.52855
2025-01-12 17:45:00,0.52545
2025-01-12 17:50:00,0.53121
2025-01-12 17:55:00,0.52367
2025-01-12 18:00:00,0.53416
2025-01-12 18:05:00,0.53429
2025-01-12 18:10:00,0.52514
2025-01-12 18:15:00,0.52773
2025-01-12 18:20:00,0.53665
2025-01-12 18:25:00,0.5229
2025-01-12 18:30:00,0.53068
2025-01-12 18:35:00,0.5306
2025-01-12 18:40:00,0.53102
2025-01-12 18:45:00,0.5261
2025-01-12 18:50:00,0.52615
2025-01-12 18:55:00,0.5377
2025-01-12 19:00:00,0.53912
2025-01-12 19:05:00,0.53186
2025-01-12 19:10:00,0.52664
2025-01-12 19:15:00,0.52882
2025-01-12 19:20:00,0.53101
2025-01-12 19:25:00,0.53323
2025-01-12 19:30:00,0.532
2025-01-12 19:35:00,0.52981
2025-01-12 19:40:00,0.52677
2025-01-12 19:45:00,0.54389
2025-01-12 19:50:00,0.53187
2025-01-12 19:55:00,0.53564
2025-01-12 20:00:00,0.53562
2025-01-12 20:05:00,0.52764
2025-01-12 20:10:00,0.53543
2025-01-12 20:15:00,0.53416
2025-01-12 20:20:00,0.53289
2025-01-12 20:25:00,0.5449
2025-01-12 20:30:00,0.53266
2025-01-12 20:35:00,0.53769
2025-01-12 20:40:00,0.52753
2025-01-12 20:45:00,0.53597
2025-01-12 20:50:00,0.5323
2025-01-12 20:55:00,0.53483
2025-01-12 21:00:00,0.53841
2025-01-12 21:05:00,0.53571
2025-01-12 21:10:00,0.52962
2025-01-12 21:15:00,0.53863
2025-01-12 21:20:00,0.53341
2025-01-12 21:25:00,0.52714
2025-01-12 21:30:00,0.52938
2025-01-12 21:35:00,0.53768
2025-01-12 21:40:00,0.5328
2025-01-12 21:45:00,0.54332
2025-01-12 21:50:00,0.53934
2025-01-12 21:55:00,0.53455
2025-01-12 22:00:00,0.52939
2025-01-12 22:05:00,0.53855
2025-01-12 22:10:00,0.54293
2025-01-12 22:15:00,0.54118
2025-01-12 22:20:00,0.53104
2025-01-12 22:25:00,0.53171
2025-01-12 22:30:00,0.54193
2025-01-12 22:35:00,0.5336
2025-01-12 22:40:00,0.53498
2025-01-12 22:45:00,0.53476
2025-01-12 22:50:00,0.53135
2025-01-12 22:55:00,0.5311
2025-01-12 23:00:00,0.53269
2025-01-12 23:05:00,0.5356
2025-01-12 23:10:00,0.5399
2025-01-12 23:15:00,0.53054
2025-01-12 23:20:00,0.538
2025-01-12 23:25:00,0.53428
2025-01-12 23:30:00,0.53393
2025-01-12 23:35:00,0.53045
2025-01-12 23:40:00,0.5339
2025-01-12 23:45:00,0.53973
2025-01-12 23:50:00,0.52814
2025-01-12 23:55:00,0.53913
2025-01-13 00:00:00,0.53579
2025-01-13 00:05:00,0.53544
2025-01-13 00:10:00,0.53289
2025-01-13 00:15:00,0.5286
2025-01-13 00:20:00,0.54183
2025-01-13 00:25:00,0.53597
2025-01-13 00:30:00,0.52786
2025-01-13 00:35:00,0.52929
2025-01-13 00:40:00,0.53063
2025-01-13 00:45:00,0.52867
2025-01-13 00:50:00,0.52512
2025-01-13 00:55:00,0.52501
2025-01-13 01:00:00,0.5377
2025-01-13 01:05:00,0.52672
2025-01-13 01:10:00,0.53567
2025-01-13 01:15:00,0.53441
2025-01-13 01:20:00,0.53283
2025-01-13 01:25:00,0.52898
2025-01-13 01:30:00,0.53132
2025-01-13 01:35:00,0.53104
2025-01-13 01:40:00,0.5327
2025-01-13 01:45:00,0.52672
2025-01-13 01:50:00,0.53585
2025-01-13 01:55:00,0.52737
2025-01-13 02:00:00,0.52914
2025-01-13 02:05:00,0.52804
2025-01-13 02:10:00,0.52931
2025-01-13 02:15:00,0.53219
2025-01-13 02:20:00,0.53067
2025-01-13 02:25:00,0.5344
2025-01-13 02:30:00,0.52978
2025-01-13 02:35:00,0.53057
2025-01-13 02:40:00,0.52675
2025-01-13 02:45:00,0.53024
2025-01-13 02:50:00,0.52639
2025-01-13 02:55:00,0.53169
2025-01-13 03:00:00,0.52908
2025-01-13 03:05:00,0.53448
2025-01-13 03:10:00,0.53387
2025-01-13 03:15:00,0.52297
2025-01-13 03:20:00,0.52946
2025-01-13 03:25:00,0.52932
2025-01-13 03:30:00,0.52515
2025-01-13 03:35:00,0.52981
2025-01-13 03:40:00,0.52801
2025-01-13 03:45:00,0.52697
2025-01-13 03:50:00,0.52655
2025-01-13 03:55:00,0.52086
2025-01-13 04:00:00,0.52818
2025-01-13 04:05:00,0.52165
2025-01-13 04:10:00,0.52466
2025-01-13 04:15:00,0.52737
2025-01-13 04:20:00,0.52991
2025-01-13 04:25:00,0.52321
2025-01-13 04:30:00,0.52434
2025-01-13 04:35:00,0.52831
2025-01-13 04:40:00,0.53173
2025-01-13 04:45:00,0.5281
2025-01-13 04:50:00,0.52107
2025-01-13 04:55:00,0.52223
2025-01-13 05:00:00,0.52213
2025-01-13 05:05:00,0.5266
2025-01-13 05:10:00,0.51751
2025-01-13 05:15:00,0.52501
2025-01-13 05:20:00,0.52377
2025-01-13 05:25:00,0.52365
2025-01-13 05:30:00,0.52042
2025-01-13 05:35:00,0.5191
2025-01-13 05:40:00,0.52309
2025-01-13 05:45:00,0.51862
2025-01-13 05:50:00,0.51956
2025-01-13 05:55:00,0.5172
2025-01-13 06:00:00,0.51538
2025-01-13 06:05:00,0.52253
2025-01-13 06:10:00,0.52185
2025-01-13 06:15:00,0.51747
2025-01-13 06:20:00,0.5208
2025-01-13 06:25:00,0.51919
2025-01-13 06:30:00,0.52348
2025-01-13 06:35:00,0.52531
2025-01-13 06:40:00,0.51695
2025-01-13 06:45:00,0.51493
2025-01-13 06:50:00,0.51944
2025-01-13 06:55:00,0.52871
2025-01-13 07:00:00,0.52147
2025-01-13 07:05:00,0.51406
2025-01-13 07:10:00,0.52505
2025-01-13 07:15:00,0.50869
2025-01-13 07:20:00,0.51836
2025-01-13 07:25:00,0.511
2025-01-13 07:30:00,0.50901
2025-01-13 07:35:00,0.52791
2025-01-13 07:40:00,0.51955
2025-01-13 07:45:00,0.51933
2025-01-13 07:50:00,0.52127
2025-01-13 07:55:00,0.51447
2025-01-13 08:00:00,0.52291
2025-01-13 08:05:00,0.51304
2025-01-13 08:10:00,0.51516
2025-01-13 08:15:00,0.51575
2025-01-13 08:20:00,0.52097
2025-01-13 08:25:00,0.51281
2025-01-13 08:30:00,0.50759
2025-01-13 08:35:00,0.52137
2025-01-13 08:40:00,0.51453
2025-01-13 08:45:00,0.52027
2025-01-13 08:50:00,0.51524
2025-01-13 08:55:00,0.52227
2025-01-13 09:00:00,0.51389
2025-01-13 09:05:00,0.51261
2025-01-13 09:10:00,0.50945
2025-01-13 09:15:00,0.51384
2025-01-13 09:20:00,0.51506
2025-01-13 09:25:00,0.50916
2025-01-13 09:30:00,0.51316
2025-01-13 09:35:00,0.51396
2025-01-13 09:40:00,0.51042
2025-01-13 09:45:00,0.51527
2025-01-13 09:50:00,0.51662
2025-01-13 09:55:00,0.5251
2025-01-13 10:00:00,0.51407
2025-01-13 10:05:00,0.51308
2025-01-13 10:10:00,0.50781
2025-01-13 10:15:00,0.51495
2025-01-13 10:20:00,0.51416
2025-01-13 10:25:00,0.52288
2025-01-13 10:30:00,0.51082
2025-01-13 10:35:00,0.51801
2025-01-13 10:40:00,0.51967
2025-01-13 10:45:00,0.51399
2025-01-13 10:50:00,0.51947
2025-01-13 10:55:00,0.51701
2025-01-13 11:00:00,0.51154
2025-01-13 11:05:00,0.52174
2025-01-13 11:10:00,0.5185
2025-01-13 11:15:00,0.51805
2025-01-13 11:20:00,0.51248
2025-01-13 11:25:00,0.52169
2025-01-13 11:30:00,0.51693
2025-01-13 11:35:00,0.51983
2025-01-13 11:40:00,0.51563
2025-01-13 11:45:00,0.51602
2025-01-13 11:50:00,0.51531
2025-01-13 11:55:00,0.51448
2025-01-13 12:00:00,0.52513
2025-01-13 12:05:00,0.51907
2025-01-13 12:10:00,0.51604
2025-01-13 12:15:00,0.51008
2025-01-13 12:20:00,0.51693
2025-01-13 12:25:00,0.52221
2025-01-13 12:30:00,0.50992
2025-01-13 12:35:00,0.51631
2025-01-13 12:40:00,0.51906
2025-01-13 12:45:00,0.5219
2025-01-13 12:50:00,0.51803
2025-01-13 12:55:00,0.5191
2025-01-13 13:00:00,0.52173
2025-01-13 13:05:00,0.51651
2025-01-13 13:10:00,0.51295
2025-01-13 13:15:00,0.51065
2025-01-13 13:20:00,0.5214
2025-01-13 13:25:00,0.51684
2025-01-13 13:30:00,0.51601
2025-01-13 13:35:00,0.5201
2025-01-13 13:40:00,0.52362
2025-01-13 13:45:00,0.51535
2025-01-13 13:50:00,0.51337
2025-01-13 13:55:00,0.52183
2025-01-13 14:00:00,0.5253
2025-01-13 14:05:00,0.51922
2025-01-13 14:10:00,0.51818
2025-01-13 14:15:00,0.51899
2025-01-13 14:20:00,0.51946
2025-01-13 14:25:00,0.5214
2025-01-13 14:30:00,0.51973
2025-01-13 14:35:00,0.52226
2025-01-13 14:40:00,0.52145
2025-01-13 14:45:00,0.51958
2025-01-13 14:50:00,0.51776
2025-01-13 14:55:00,0.51908
2025-01-13 15:00:00,0.51973
2025-01-13 15:05:00,0.52409
2025-01-13 15:10:00,0.52353
2025-01-13 15:15:00,0.52292
2025-01-13 15:20:00,0.52886
2025-01-13 15:25:00,0.51653
2025-01-13 15:30:00,0.52355
2025-01-13 15:35:00,0.52458
2025-01-13 15:40:00,0.52461
2025-01-13 15:45:00,0.52205
2025-01-13 15:50:00,0.5231
2025-01-13 15:55:00,0.52969
2025-01-13 16:00:00,0.52671
2025-01-13 16:05:00,0.52247
2025-01-13 16:10:00,0.52244
2025-01-13 16:15:00,0.52278
2025-01-13 16:20:00,0.52785
2025-01-13 16:25:00,0.52693
2025-01-13 16:30:00,0.52547
2025-01-13 16:35:00,0.52956
2025-01-13 16:40:00,0.52621
2025-01-13 16:45:00,0.51684
2025-01-13 16:50:00,0.52775
2025-01-13 16:55:00,0.52378
2025-01-13 17:00:00,0.52591
2025-01-13 17:05:00,0.52406
2025-01-13 17:10:00,0.51922
2025-01-13 17:15:00,0.52031
2025-01-13 17:20:00,0.53138
2025-01-13 17:25:00,0.53069
2025-01-13 17:30:00,0.52604
2025-01-13 17:35:00,0.53496
2025-01-13 17:40:00,0.52565
2025-01-13 17:45:00,0.52162
2025-01-13 17:50:00,0.52607
2025-01-13 17:55:00,0.52847
2025-01-13 18:00:00,0.52861
2025-01-13 18:05:00,0.52113
2025-01-13 18:10:00,0.52379
2025-01-13 18:15:00,0.53072
2025-01-13 18:20:00,0.52962
2025-01-13 18:25:00,0.52431
2025-01-13 18:30:00,0.52959
2025-01-13 18:35:00,0.52894
2025-01-13 18:40:00,0.52649
2025-01-13 18:45:00,0.53056
2025-01-13 18:50:00,0.52973
2025-01-13 18:55:00,0.52966
2025-01-13 19:00:00,0.5348
2025-01-13 19:05:00,0.52995
2025-01-13 19:10:00,0.52989
2025-01-13 19:15:00,0.53368
2025-01-13 19:20:00,0.53047
2025-01-13 19:25:00,0.52595
2025-01-13 19:30:00,0.52199
2025-01-13 19:35:00,0.52824
2025-01-13 19:40:00,0.53628
2025-01-13 19:45:00,0.52265
2025-01-13 19:50:00,0.5303
2025-01-13 19:55:00,0.5276
2025-01-13 20:00:00,0.53399
2025-01-13 20:05:00,0.53888
2025-01-13 20:10:00,0.53417
2025-01-13 20:15:00,0.53294
2025-01-13 20:20:00,0.53236
2025-01-13 20:25:00,0.5369
2025-01-13 20:30:00,0.53506
2025-01-13 20:35:00,0.53174
2025-01-13 20:40:00,0.53842
2025-01-13 20:45:00,0.53764
2025-01-13 20:50:00,0.53221
2025-01-13 20:55:00,0.52874
2025-01-13 21:00:00,0.53635
2025-01-13 21:05:00,0.53611
2025-01-13 21:10:00,0.52926
2025-01-13 21:15:00,0.5337
2025-01-13 21:20:00,0.53749
2025-01-13 21:25:00,0.53801
2025-01-13 21:30:00,0.53325
2025-01-13 21:35:00,0.53068
2025-01-13 21:40:00,0.53362
2025-01-13 21:45:00,0.52738
2025-01-13 21:50:00,0.53796
2025-01-13 21:55:00,0.53253
2025-01-13 22:00:00,0.5395
2025-01-13 22:05:00,0.53452
2025-01-13 22:10:00,0.52732
2025-01-13 22:15:00,0.53449
2025-01-13 22:20:00,0.53671
2025-01-13 22:25:00,0.5363
2025-01-13 22:30:00,0.53379
2025-01-13 22:35:00,0.53572
2025-01-13 22:40:00,0.53579
2025-01-13 22:45:00,0.53825
2025-01-13 22:50:00,0.53591
2025-01-13 22:55:00,0.53121
2025-01-13 23:00:00,0.54175
2025-01-13 23:05:00,0.53609
2025-01-13 23:10:00,0.52848
2025-01-13 23:15:00,0.54091
2025-01-13 23:20:00,0.53149
2025-01-13 23:25:00,0.53346
2025-01-13 23:30:00,0.53923
2025-01-13 23:35:00,0.5309
2025-01-13 23:40:00,0.5366
2025-01-13 23:45:00,0.52952
2025-01-13 23:50:00,0.53046
2025-01-13 23:55:00,0.53089
2025-01-14 00:00:00,0.53364
2025-01-14 00:05:00,0.53016
2025-01-14 00:10:00,0.53647
2025-01-14 00:15:00,0.53344
2025-01-14 00:20:00,0.5324
2025-01-14 00:25:00,0.52616
2025-01-14 00:30:00,0.53316
2025-01-14 00:35:00,0.53733
2025-01-14 00:40:00,0.53707
2025-01-14 00:45:00,0.53727
2025-01-14 00:50:00,0.52729
2025-01-14 00:55:00,0.54143
2025-01-14 01:00:00,0.531
2025-01-14 01:05:00,0.53277
2025-01-14 01:10:00,0.53535
2025-01-14 01:15:00,0.53413
2025-01-14 01:20:00,0.53237
2025-01-14 01:25:00,0.53109
2025-01-14 01:30:00,0.53196
2025-01-14 01:35:00,0.54144
2025-01-14 01:40:00,0.53046
2025-01-14 01:45:00,0.53507
2025-01-14 01:50:00,0.52702
2025-01-14 01:55:00,0.5337
2025-01-14 02:00:00,0.534
2025-01-14 02:05:00,0.53123
2025-01-14 02:10:00,0.5249
2025-01-14 02:15:00,0.52682
2025-01-14 02:20:00,0.52556
2025-01-14 02:25:00,0.53221
2025-01-14 02:30:00,0.53133
2025-01-14 02:35:00,0.5292
2025-01-14 02:40:00,0.5355
2025-01-14 02:45:00,0.52626
2025-01-14 02:50:00,0.53354
2025-01-14 02:55:00,0.52914
2025-01-14 03:00:00,0.52426
2025-01-14 03:05:00,0.52951
2025-01-14 03:10:00,0.52873
2025-01-14 03:15:00,0.52334
2025-01-14 03:20:00,0.52373
2025-01-14 03:25:00,0.53259
2025-01-14 03:30:00,0.52573
2025-01-14 03:35:00,0.52705
2025-01-14 03:40:00,0.52817
2025-01-14 03:45:00,0.53471
2025-01-14 03:50:00,0.52969
2025-01-14 03:55:00,0.5286
2025-01-14 04:00:00,0.52852
2025-01-14 04:05:00,0.52451
2025-01-14 04:10:00,0.52478
2025-01-14 04:15:00,0.52629
2025-01-14 04:20:00,0.52468
2025-01-14 04:25:00,0.52471
2025-01-14 04:30:00,0.52452
2025-01-14 04:35:00,0.5219
2025-01-14 04:40:00,0.52657
2025-01-14 04:45:00,0.52355
2025-01-14 04:50:00,0.53065
2025-01-14 04:55:00,0.51952
2025-01-14 05:00:00,0.51808
2025-01-14 05:05:00,0.5253
2025-01-14 05:10:00,0.51652
2025-01-14 05:15:00,0.52397
2025-01-14 05:20:00,0.52464
2025-01-14 05:25:00,0.51751
2025-01-14 05:30:00,0.52705
2025-01-14 05:35:00,0.52308
2025-01-14 05:40:00,0.52562
2025-01-14 05:45:00,0.52521
2025-01-14 05:50:00,0.53065
2025-01-14 05:55:00,0.52454
2025-01-14 06:00:00,0.51769
2025-01-14 06:05:00,0.51685
2025-01-14 06:10:00,0.52471
2025-01-14 06:15:00,0.5155
2025-01-14 06:20:00,0.52487
2025-01-14 06:25:00,0.52472
2025-01-14 06:30:00,0.5234
2025-01-14 06:35:00,0.51682
2025-01-14 06:40:00,0.51739
2025-01-14 06:45:00,0.52282
2025-01-14 06:50:00,0.51675
2025-01-14 06:55:00,0.51413
2025-01-14 07:00:00,0.51848
2025-01-14 07:05:00,0.51972
2025-01-14 07:10:00,0.52161
2025-01-14 07:15:00,0.51499
2025-01-14 07:20:00,0.51454
2025-01-14 07:25:00,0.51877
2025-01-14 07:30:00,0.51658
2025-01-14 07:35:00,0.52008
2025-01-14 07:40:00,0.5156
2025-01-14 07:45:00,0.52029
2025-01-14 07:50:00,0.52038
2025-01-14 07:55:00,0.51821
2025-01-14 08:00:00,0.5153
2025-01-14 08:05:00,0.51308
2025-01-14 08:10:00,0.51484
2025-01-14 08:15:00,0.51001
2025-01-14 08:20:00,0.51499
2025-01-14 08:25:00,0.51325
2025-01-14 08:30:00,0.5181
2025-01-14 08:35:00,0.51432
2025-01-14 08:40:00,0.52473
2025-01-14 08:45:00,0.51411
2025-01-14 08:50:00,0.5092
2025-01-14 08:55:00,0.51358
2025-01-14 09:00:00,0.51831
2025-01-14 09:05:00,0.51133
2025-01-14 09:10:00,0.51642
2025-01-14 09:15:00,0.51212
2025-01-14 09:20:00,0.52353
2025-01-14 09:25:00,0.51325
2025-01-14 09:30:00,0.51982
2025-01-14 09:35:00,0.51831
2025-01-14 09:40:00,0.51925
2025-01-14 09:45:00,0.51645
2025-01-14 09:50:00,0.51134
2025-01-14 09:55:00,0.51478
2025-01-14 10:00:00,0.52297
2025-01-14 10:05:00,0.51088
2025-01-14 10:10:00,0.51367
2025-01-14 10:15:00,0.51696
2025-01-14 10:20:00,0.52037
2025-01-14 10:25:00,0.51751
2025-01-14 10:30:00,0.51626
2025-01-14 10:35:00,0.50913
2025-01-14 10:40:00,0.51644
2025-01-14 10:45:00,0.51512
2025-01-14 10:50:00,0.51474
2025-01-14 10:55:00,0.52073
2025-01-14 11:00:00,0.51493
2025-01-14 11:05:00,0.51022
2025-01-14 11:10:00,0.5136
2025-01-14 11:15:00,0.51591
2025-01-14 11:20:00,0.50848
2025-01-14 11:25:00,0.50935
2025-01-14 11:30:00,0.51257
2025-01-14 11:35:00,0.51753
2025-01-14 11:40:00,0.51069
2025-01-14 11:45:00,0.51587
2025-01-14 11:50:00,0.51936
2025-01-14 11:55:00,0.51396
2025-01-14 12:00:00,0.51612
2025-01-14 12:05:00,0.51896
2025-01-14 12:10:00,0.51357
2025-01-14 12:15:00,0.52146
2025-01-14 12:20:00,0.51208
2025-01-14 12:25:00,0.50892
2025-01-14 12:30:00,0.52366
2025-01-14 12:35:00,0.5131
2025-01-14 12:40:00,0.51556
2025-01-14 12:45:00,0.51472
2025-01-14 12:50:00,0.52107
2025-01-14 12:55:00,0.51555
2025-01-14 13:00:00,0.51911
2025-01-14 13:05:00,0.51615
2025-01-14 13:10:00,0.51867
2025-01-14 13:15:00,0.51884
2025-01-14 13:20:00,0.51394
2025-01-14 13:25:00,0.51503
2025-01-14 13:30:00,0.51481
2025-01-14 13:35:00,0.50998
2025-01-14 13:40:00,0.52282
2025-01-14 13:45:00,0.5147
2025-01-14 13:50:00,0.52413
2025-01-14 13:55:00,0.51888
2025-01-14 14:00:00,0.51855
2025-01-14 14:05:00,0.51866
2025-01-14 14:10:00,0.51668
2025-01-14 14:15:00,0.5174
2025-01-14 14:20:00,0.51498
2025-01-14 14:25:00,0.52219
2025-01-14 14:30:00,0.5124
2025-01-14 14:35:00,0.52222
2025-01-14 14:40:00,0.5243
2025-01-14 14:45:00,0.51998
2025-01-14 14:50:00,0.51948
2025-01-14 14:55:00,0.51985
2025-01-14 15:00:00,0.53105
2025-01-14 15:05:00,0.52591
2025-01-14 15:10:00,0.51569
2025-01-14 15:15:00,0.52718
2025-01-14 15:20:00,0.51996
2025-01-14 15:25:00,0.52461
2025-01-14 15:30:00,0.51953
2025-01-14 15:35:00,0.52495
2025-01-14 15:40:00,0.52592
2025-01-14 15:45:00,0.52238
2025-01-14 15:50:00,0.52724
2025-01-14 15:55:00,0.52271
2025-01-14 16:00:00,0.52454
2025-01-14 16:05:00,0.53452
2025-01-14 16:10:00,0.52072
2025-01-14 16:15:00,0.52629
2025-01-14 16:20:00,0.53106
2025-01-14 16:25:00,0.51948
2025-01-14 16:30:00,0.52284
2025-01-14 16:35:00,0.52691
2025-01-14 16:40:00,0.52083
2025-01-14 16:45:00,0.52551
2025-01-14 16:50:00,0.5224
2025-01-14 16:55:00,0.52833
2025-01-14 17:00:00,0.52435
2025-01-14 17:05:00,0.53067
2025-01-14 17:10:00,0.51655
2025-01-14 17:15:00,0.52638
2025-01-14 17:20:00,0.52827
2025-01-14 17:25:00,0.52485
2025-01-14 17:30:00,0.52913
2025-01-14 17:35:00,0.52844
2025-01-14 17:40:00,0.53296
2025-01-14 17:45:00,0.5316
2025-01-14 17:50:00,0.528
2025-01-14 17:55:00,0.53048
2025-01-14 18:00:00,0.52614
2025-01-14 18:05:00,0.53417
2025-01-14 18:10:00,0.52619
2025-01-14 18:15:00,0.53187
2025-01-14 18:20:00,0.5284
2025-01-14 18:25:00,0.52787
2025-01-14 18:30:00,0.5292
2025-01-14 18:35:00,0.53811
2025-01-14 18:40:00,0.53481
2025-01-14 18:45:00,0.53411
2025-01-14 18:50:00,0.52857
2025-01-14 18:55:00,0.53411
2025-01-14 19:00:00,0.53219
2025-01-14 19:05:00,0.53331
2025-01-14 19:10:00,0.53148
2025-01-14 19:15:00,0.53321
2025-01-14 19:20:00,0.5379
2025-01-14 19:25:00,0.53378
2025-01-14 19:30:00,0.53763
2025-01-14 19:35:00,0.53323
2025-01-14 19:40:00,0.53149
2025-01-14 19:45:00,0.53282
2025-01-14 19:50:00,0.53598
2025-01-14 19:55:00,0.52969
2025-01-14 20:00:00,0.52952
2025-01-14 20:05:00,0.53368
2025-01-14 20:10:00,0.53403
2025-01-14 20:15:00,0.53406
2025-01-14 20:20:00,0.52879
2025-01-14 20:25:00,0.53651
2025-01-14 20:30:00,0.53367
2025-01-14 20:35:00,0.53736
2025-01-14 20:40:00,0.5354
2025-01-14 20:45:00,0.52457
2025-01-14 20:50:00,0.53178
2025-01-14 20:55:00,0.52849
2025-01-14 21:00:00,0.53916
2025-01-14 21:05:00,0.53615
2025-01-14 21:10:00,0.53707
2025-01-14 21:15:00,0.53777
2025-01-14 21:20:00,0.53488
2025-01-14 21:25:00,0.53547
2025-01-14 21:30:00,0.53179
2025-01-14 21:35:00,0.53308
2025-01-14 21:40:00,0.53528
2025-01-14 21:45:00,0.53499
2025-01-14 21:50:00,0.53389
2025-01-14 21:55:00,0.53276
2025-01-14 22:00:00,0.53915
2025-01-14 22:05:00,0.54093
2025-01-14 22:10:00,0.52727
2025-01-14 22:15:00,0.53278
2025-01-14 22:20:00,0.53485
2025-01-14 22:25:00,0.53064
2025-01-14 22:30:00,0.53639
2025-01-14 22:35:00,0.53275
2025-01-14 22:40:00,0.53828
2025-01-14 22:45:00,0.5334
2025-01-14 22:50:00,0.54012
2025-01-14 22:55:00,0.5412
2025-01-14 23:00:00,0.53973
2025-01-14 23:05:00,0.53497
2025-01-14 23:10:00,0.53625
2025-01-14 23:15:00,0.53496
2025-01-14 23:20:00,0.53838
2025-01-14 23:25:00,0.53146
2025-01-14 23:30:00,0.52829
2025-01-14 23:35:00,0.54247
2025-01-14 23:40:00,0.5308
2025-01-14 23:45:00,0.53661
2025-01-14 23:50:00,0.53955
2025-01-14 23:55:00,0.54076
2025-01-15 00:00:00,0.52859
2025-01-15 00:05:00,0.52837
2025-01-15 00:10:00,0.52766
2025-01-15 00:15:00,0.52591
2025-01-15 00:20:00,0.52568
2025-01-15 00:25:00,0.53223
2025-01-15 00:30:00,0.53019
2025-01-15 00:35:00,0.52624
2025-01-15 00:40:00,0.53012
2025-01-15 00:45:00,0.52488
2025-01-15 00:50:00,0.53296
2025-01-15 00:55:00,0.53641
2025-01-15 01:00:00,0.53117
2025-01-15 01:05:00,0.52792
2025-01-15 01:10:00,0.52717
2025-01-15 01:15:00,0.52776
2025-01-15 01:20:00,0.53083
2025-01-15 01:25:00,0.52547
2025-01-15 01:30:00,0.52652
2025-01-15 01:35:00,0.52652
2025-01-15 01:40:00,0.52706
2025-01-15 01:45:00,0.53056
2025-01-15 01:50:00,0.52835
2025-01-15 01:55:00,0.52869
2025-01-15 02:00:00,0.52523
2025-01-15 02:05:00,0.53087
2025-01-15 02:10:00,0.52532
2025-01-15 02:15:00,0.52431
2025-01-15 02:20:00,0.51774
2025-01-15 02:25:00,0.52993
2025-01-15 02:30:00,0.5263
2025-01-15 02:35:00,0.52332
2025-01-15 02:40:00,0.52432
2025-01-15 02:45:00,0.52451
2025-01-15 02:50:00,0.52329
2025-01-15 02:55:00,0.5277
2025-01-15 03:00:00,0.52119
2025-01-15 03:05:00,0.51919
2025-01-15 03:10:00,0.52571
2025-01-15 03:15:00,0.52607
2025-01-15 03:20:00,0.52076
2025-01-15 03:25:00,0.51402
2025-01-15 03:30:00,0.52304
2025-01-15 03:35:00,0.52054
2025-01-15 03:40:00,0.52252
2025-01-15 03:45:00,0.52365
2025-01-15 03:50:00,0.51893
2025-01-15 03:55:00,0.52434
2025-01-15 04:00:00,0.5249
2025-01-15 04:05:00,0.51809
2025-01-15 04:10:00,0.52282
2025-01-15 04:15:00,0.52187
2025-01-15 04:20:00,0.52226
2025-01-15 04:25:00,0.52018
2025-01-15 04:30:00,0.52125
2025-01-15 04:35:00,0.5204
2025-01-15 04:40:00,0.52034
2025-01-15 04:45:00,0.5141
2025-01-15 04:50:00,0.52648
2025-01-15 04:55:00,0.5121
2025-01-15 05:00:00,0.51947
2025-01-15 05:05:00,0.51653
2025-01-15 05:10:00,0.51032
2025-01-15 05:15:00,0.52587
2025-01-15 05:20:00,0.51595
2025-01-15 05:25:00,0.51347
2025-01-15 05:30:00,0.51479
2025-01-15 05:35:00,0.51574
2025-01-15 05:40:00,0.51922
2025-01-15 05:45:00,0.51988
2025-01-15 05:50:00,0.50935
2025-01-15 05:55:00,0.51965
2025-01-15 06:00:00,0.51587
2025-01-15 06:05:00,0.51129
2025-01-15 06:10:00,0.51256
2025-01-15 06:15:00,0.51672
2025-01-15 06:20:00,0.51519
2025-01-15 06:25:00,0.51718
2025-01-15 06:30:00,0.51402
2025-01-15 06:35:00,0.51555
2025-01-15 06:40:00,0.509
2025-01-15 06:45:00,0.51257
2025-01-15 06:50:00,0.51434
2025-01-15 06:55:00,0.51343
2025-01-15 07:00:00,0.51072
2025-01-15 07:05:00,0.51387
2025-01-15 07:10:00,0.51073
2025-01-15 07:15:00,0.51452
2025-01-15 07:20:00,0.51363
2025-01-15 07:25:00,0.51497
2025-01-15 07:30:00,0.51803
2025-01-15 07:35:00,0.50978
2025-01-15 07:40:00,0.51476
2025-01-15 07:45:00,0.51399
2025-01-15 07:50:00,0.51766
2025-01-15 07:55:00,0.51015
2025-01-15 08:00:00,0.50708
2025-01-15 08:05:00,0.51346
2025-01-15 08:10:00,0.50693
2025-01-15 08:15:00,0.51462
2025-01-15 08:20:00,0.51324
2025-01-15 08:25:00,0.50913
2025-01-15 08:30:00,0.51163
2025-01-15 08:35:00,0.5131
2025-01-15 08:40:00,0.50268
2025-01-15 08:45:00,0.51427
2025-01-15 08:50:00,0.51351
2025-01-15 08:55:00,0.51469
2025-01-15 09:00:00,0.51285
2025-01-15 09:05:00,0.50892
2025-01-15 09:10:00,0.51287
2025-01-15 09:15:00,0.5115
2025-01-15 09:20:00,0.50169
2025-01-15 09:25:00,0.51269
2025-01-15 09:30:00,0.50614
2025-01-15 09:35:00,0.50752
2025-01-15 09:40:00,0.50989
2025-01-15 09:45:00,0.50532
2025-01-15 09:50:00,0.51155
2025-01-15 09:55:00,0.50994
2025-01-15 10:00:00,0.5088
2025-01-15 10:05:00,0.51477
2025-01-15 10:10:00,0.50789
2025-01-15 10:15:00,0.51286
2025-01-15 10:20:00,0.50366
2025-01-15 10:25:00,0.50646
2025-01-15 10:30:00,0.50564
2025-01-15 10:35:00,0.5154
2025-01-15 10:40:00,0.51098
2025-01-15 10:45:00,0.50632
2025-01-15 10:50:00,0.51494
2025-01-15 10:55:00,0.50845
2025-01-15 11:00:00,0.50832
2025-01-15 11:05:00,0.51181
2025-01-15 11:10:00,0.50969
2025-01-15 11:15:00,0.50671
2025-01-15 11:20:00,0.50665
2025-01-15 11:25:00,0.50781
2025-01-15 11:30:00,0.52016
2025-01-15 11:35:00,0.50943
2025-01-15 11:40:00,0.5147
2025-01-15 11:45:00,0.51361
2025-01-15 11:50:00,0.51767
2025-01-15 11:55:00,0.50817
2025-01-15 12:00:00,0.51069
2025-01-15 12:05:00,0.50567
2025-01-15 12:10:00,0.51451
2025-01-15 12:15:00,0.50661
2025-01-15 12:20:00,0.50998
2025-01-15 12:25:00,0.50994
2025-01-15 12:30:00,0.50273
2025-01-15 12:35:00,0.51555
2025-01-15 12:40:00,0.5171
2025-01-15 12:45:00,0.50842
2025-01-15 12:50:00,0.51437
2025-01-15 12:55:00,0.51832
2025-01-15 13:00:00,0.50847
2025-01-15 13:05:00,0.51924
2025-01-15 13:10:00,0.51812
2025-01-15 13:15:00,0.513
2025-01-15 13:20:00,0.51336
2025-01-15 13:25:00,0.50997
2025-01-15 13:30:00,0.51071
2025-01-15 13:35:00,0.51522
2025-01-15 13:40:00,0.51175
2025-01-15 13:45:00,0.50954
2025-01-15 13:50:00,0.51151
2025-01-15 13:55:00,0.51268
2025-01-15 14:00:00,0.51239
2025-01-15 14:05:00,0.50757
2025-01-15 14:10:00,0.5209
2025-01-15 14:15:00,0.51211
2025-01-15 14:20:00,0.51451
2025-01-15 14:25:00,0.51564
2025-01-15 14:30:00,0.50779
2025-01-15 14:35:00,0.52189
2025-01-15 14:40:00,0.51588
2025-01-15 14:45:00,0.51626
2025-01-15 14:50:00,0.51249
2025-01-15 14:55:00,0.51091
2025-01-15 15:00:00,0.51922
2025-01-15 15:05:00,0.51388
2025-01-15 15:10:00,0.5187
2025-01-15 15:15:00,0.51827
2025-01-15 15:20:00,0.51614
2025-01-15 15:25:00,0.5237
2025-01-15 15:30:00,0.51506
2025-01-15 15:35:00,0.51732
2025-01-15 15:40:00,0.52172
2025-01-15 15:45:00,0.51374
2025-01-15 15:50:00,0.51966
2025-01-15 15:55:00,0.52006
2025-01-15 16:00:00,0.51633
2025-01-15 16:05:00,0.52195
2025-01-15 16:10:00,0.52087
2025-01-15 16:15:00,0.52708
2025-01-15 16:20:00,0.51944
2025-01-15 16:25:00,0.51782
2025-01-15 16:30:00,0.51598
2025-01-15 16:35:00,0.51473
2025-01-15 16:40:00,0.51714
2025-01-15 16:45:00,0.51596
2025-01-15 16:50:00,0.51806
2025-01-15 16:55:00,0.51614
2025-01-15 17:00:00,0.52974
2025-01-15 17:05:00,0.5222
2025-01-15 17:10:00,0.52021
2025-01-15 17:15:00,0.52265
2025-01-15 17:20:00,0.5241
2025-01-15 17:25:00,0.52685
2025-01-15 17:30:00,0.51361
2025-01-15 17:35:00,0.51405
2025-01-15 17:40:00,0.52272
2025-01-15 17:45:00,0.52744
2025-01-15 17:50:00,0.51694
2025-01-15 17:55:00,0.52392
2025-01-15 18:00:00,0.52033
2025-01-15 18:05:00,0.52451
2025-01-15 18:10:00,0.52787
2025-01-15 18:15:00,0.52315
2025-01-15 18:20:00,0.52482
2025-01-15 18:25:00,0.53249
2025-01-15 18:30:00,0.52532
2025-01-15 18:35:00,0.52273
2025-01-15 18:40:00,0.52496
2025-01-15 18:45:00,0.52667
2025-01-15 18:50:00,0.52612
2025-01-15 18:55:00,0.52145
2025-01-15 19:00:00,0.52764
2025-01-15 19:05:00,0.52546
2025-01-15 19:10:00,0.52891
2025-01-15 19:15:00,0.52756
2025-01-15 19:20:00,0.52527
2025-01-15 19:25:00,0.53255
2025-01-15 19:30:00,0.52984
2025-01-15 19:35:00,0.52517
2025-01-15 19:40:00,0.52618
2025-01-15 19:45:00,0.52358
2025-01-15 19:50:00,0.51676
2025-01-15 19:55:00,0.52596
2025-01-15 20:00:00,0.53472
2025-01-15 20:05:00,0.52816
2025-01-15 20:10:00,0.52882
2025-01-15 20:15:00,0.52856
2025-01-15 20:20:00,0.529
2025-01-15 20:25:00,0.52574
2025-01-15 20:30:00,0.5269
2025-01-15 20:35:00,0.52442
2025-01-15 20:40:00,0.5239
2025-01-15 20:45:00,0.52372
2025-01-15 20:50:00,0.5287
2025-01-15 20:55:00,0.52295
2025-01-15 21:00:00,0.53418
2025-01-15 21:05:00,0.52495
2025-01-15 21:10:00,0.52214
2025-01-15 21:15:00,0.53201
2025-01-15 21:20:00,0.53789
2025-01-15 21:25:00,0.52908
2025-01-15 21:30:00,0.5259
2025-01-15 21:35:00,0.5285
2025-01-15 21:40:00,0.53379
2025-01-15 21:45:00,0.53318
2025-01-15 21:50:00,0.52656
2025-01-15 21:55:00,0.52404
2025-01-15 22:00:00,0.52838
2025-01-15 22:05:00,0.53017
2025-01-15 22:10:00,0.52523
2025-01-15 22:15:00,0.5308
2025-01-15 22:20:00,0.53386
2025-01-15 22:25:00,0.52846
2025-01-15 22:30:00,0.5341
2025-01-15 22:35:00,0.53689
2025-01-15 22:40:00,0.53343
2025-01-15 22:45:00,0.53035
2025-01-15 22:50:00,0.52345
2025-01-15 22:55:00,0.53107
2025-01-15 23:00:00,0.53343
2025-01-15 23:05:00,0.53405
2025-01-15 23:10:00,0.52715
2025-01-15 23:15:00,0.52619
2025-01-15 23:20:00,0.53405
2025-01-15 23:25:00,0.53394
2025-01-15 23:30:00,0.5288
2025-01-15 23:35:00,0.52796
2025-01-15 23:40:00,0.53366
2025-01-15 23:45:00,0.53756
2025-01-15 23:50:00,0.52962
2025-01-15 23:55:00,0.52262
2025-01-16 00:00:00,0.52876
2025-01-16 00:05:00,0.52876
2025-01-16 00:10:00,0.52233
2025-01-16 00:15:00,0.52696
2025-01-16 00:20:00,0.53157
2025-01-16 00:25:00,0.5308
2025-01-16 00:30:00,0.52129
2025-01-16 00:35:00,0.52939
2025-01-16 00:40:00,0.52567
2025-01-16 00:45:00,0.51976
2025-01-16 00:50:00,0.53381
2025-01-16 00:55:00,0.52787
2025-01-16 01:00:00,0.53002
2025-01-16 01:05:00,0.52687
2025-01-16 01:10:00,0.5259
2025-01-16 01:15:00,0.52186
2025-01-16 01:20:00,0.52827
2025-01-16 01:25:00,0.529
2025-01-16 01:30:00,0.52325
2025-01-16 01:35:00,0.52284
2025-01-16 01:40:00,0.52159
2025-01-16 01:45:00,0.52396
2025-01-16 01:50:00,0.52901
2025-01-16 01:55:00,0.51914
2025-01-16 02:00:00,0.5238
2025-01-16 02:05:00,0.52508
2025-01-16 02:10:00,0.52326
2025-01-16 02:15:00,0.52202
2025-01-16 02:20:00,0.52403
2025-01-16 02:25:00,0.52255
2025-01-16 02:30:00,0.52338
2025-01-16 02:35:00,0.52554
2025-01-16 02:40:00,0.53191
2025-01-16 02:45:00,0.5229
2025-01-16 02:50:00,0.52197
2025-01-16 02:55:00,0.5331
2025-01-16 03:00:00,0.52438
2025-01-16 03:05:00,0.52543
2025-01-16 03:10:00,0.52142
2025-01-16 03:15:00,0.51637
2025-01-16 03:20:00,0.52633
2025-01-16 03:25:00,0.51952
2025-01-16 03:30:00,0.52428
2025-01-16 03:35:00,0.52863
2025-01-16 03:40:00,0.52472
2025-01-16 03:45:00,0.52342
2025-01-16 03:50:00,0.52657
2025-01-16 03:55:00,0.52491
2025-01-16 04:00:00,0.51982
2025-01-16 04:05:00,0.52311
2025-01-16 04:10:00,0.52377
2025-01-16 04:15:00,0.52539
2025-01-16 04:20:00,0.51433
2025-01-16 04:25:00,0.51596
2025-01-16 04:30:00,0.52427
2025-01-16 04:35:00,0.51875
2025-01-16 04:40:00,0.51838
2025-01-16 04:45:00,0.5216
2025-01-16 04:50:00,0.52213
2025-01-16 04:55:00,0.51577
2025-01-16 05:00:00,0.52055
2025-01-16 05:05:00,0.51447
2025-01-16 05:10:00,0.51522
2025-01-16 05:15:00,0.51393
2025-01-16 05:20:00,0.5178
2025-01-16 05:25:00,0.5197
2025-01-16 05:30:00,0.52498
2025-01-16 05:35:00,0.51942
2025-01-16 05:40:00,0.51302
2025-01-16 05:45:00,0.51937
2025-01-16 05:50:00,0.51316
2025-01-16 05:55:00,0.51296
2025-01-16 06:00:00,0.51185
2025-01-16 06:05:00,0.51998
2025-01-16 06:10:00,0.50994
2025-01-16 06:15:00,0.51455
2025-01-16 06:20:00,0.51675
2025-01-16 06:25:00,0.51742
2025-01-16 06:30:00,0.51591
2025-01-16 06:35:00,0.51402
2025-01-16 06:40:00,0.51266
2025-01-16 06:45:00,0.517
2025-01-16 06:50:00,0.51776
2025-01-16 06:55:00,0.52382
2025-01-16 07:00:00,0.50232
2025-01-16 07:05:00,0.51414
2025-01-16 07:10:00,0.51143
2025-01-16 07:15:00,0.51446
2025-01-16 07:20:00,0.5065
2025-01-16 07:25:00,0.51101
2025-01-16 07:30:00,0.50878
2025-01-16 07:35:00,0.51031
2025-01-16 07:40:00,0.51369
2025-01-16 07:45:00,0.51165
2025-01-16 07:50:00,0.52011
2025-01-16 07:55:00,0.51688
2025-01-16 08:00:00,0.5154
2025-01-16 08:05:00,0.51296
2025-01-16 08:10:00,0.50877
2025-01-16 08:15:00,0.5102
2025-01-16 08:20:00,0.51561
2025-01-16 08:25:00,0.51439
2025-01-16 08:30:00,0.51395
2025-01-16 08:35:00,0.51159
2025-01-16 08:40:00,0.5092
2025-01-16 08:45:00,0.50639
2025-01-16 08:50:00,0.50937
2025-01-16 08:55:00,0.50614
2025-01-16 09:00:00,0.51144
2025-01-16 09:05:00,0.50463
2025-01-16 09:10:00,0.5165
2025-01-16 09:15:00,0.50519
2025-01-16 09:20:00,0.50922
2025-01-16 09:25:00,0.50841
2025-01-16 09:30:00,0.51573
2025-01-16 09:35:00,0.51321
2025-01-16 09:40:00,0.5138
2025-01-16 09:45:00,0.50843
2025-01-16 09:50:00,0.51123
2025-01-16 09:55:00,0.50535
2025-01-16 10:00:00,0.51299
2025-01-16 10:05:00,0.51344
2025-01-16 10:10:00,0.50941
2025-01-16 10:15:00,0.51315
2025-01-16 10:20:00,0.51015
2025-01-16 10:25:00,0.50612
2025-01-16 10:30:00,0.51484
2025-01-16 10:35:00,0.51044
2025-01-16 10:40:00,0.51664
2025-01-16 10:45:00,0.50889
2025-01-16 10:50:00,0.50963
2025-01-16 10:55:00,0.50417
2025-01-16 11:00:00,0.51256
2025-01-16 11:05:00,0.50736
2025-01-16 11:10:00,0.51006
2025-01-16 11:15:00,0.51392
2025-01-16 11:20:00,0.50615
2025-01-16 11:25:00,0.50949
2025-01-16 11:30:00,0.50789
2025-01-16 11:35:00,0.50262
2025-01-16 11:40:00,0.51621
2025-01-16 11:45:00,0.50882
2025-01-16 11:50:00,0.51747
2025-01-16 11:55:00,0.51593
2025-01-16 12:00:00,0.51142
2025-01-16 12:05:00,0.51409
2025-01-16 12:10:00,0.51217
2025-01-16 12:15:00,0.5142
2025-01-16 12:20:00,0.51197
2025-01-16 12:25:00,0.50864
2025-01-16 12:30:00,0.51038
2025-01-16 12:35:00,0.5085
2025-01-16 12:40:00,0.51292
2025-01-16 12:45:00,0.51071
2025-01-16 12:50:00,0.51542
2025-01-16 12:55:00,0.51018
2025-01-16 13:00:00,0.51106
2025-01-16 13:05:00,0.50942
2025-01-16 13:10:00,0.511
2025-01-16 13:15:00,0.51115
2025-01-16 13:20:00,0.51213
2025-01-16 13:25:00,0.51165
2025-01-16 13:30:00,0.51412
2025-01-16 13:35:00,0.50899
2025-01-16 13:40:00,0.51841
2025-01-16 13:45:00,0.51222
2025-01-16 13:50:00,0.50971
2025-01-16 13:55:00,0.51533
2025-01-16 14:00:00,0.51137
2025-01-16 14:05:00,0.5168
2025-01-16 14:10:00,0.52065
2025-01-16 14:15:00,0.51544
2025-01-16 14:20:00,0.52229
2025-01-16 14:25:00,0.5193
2025-01-16 14:30:00,0.51052
2025-01-16 14:35:00,0.51834
2025-01-16 14:40:00,0.51345
2025-01-16 14:45:00,0.51079
2025-01-16 14:50:00,0.51352
2025-01-16 14:55:00,0.50661
2025-01-16 15:00:00,0.5156
2025-01-16 15:05:00,0.51831
2025-01-16 15:10:00,0.51941
2025-01-16 15:15:00,0.51426
2025-01-16 15:20:00,0.52074
2025-01-16 15:25:00,0.51471
2025-01-16 15:30:00,0.51794
2025-01-16 15:35:00,0.52172
2025-01-16 15:40:00,0.52458
2025-01-16 15:45:00,0.50732
2025-01-16 15:50:00,0.51504
2025-01-16 15:55:00,0.51969
2025-01-16 16:00:00,0.51704
2025-01-16 16:05:00,0.51924
2025-01-16 16:10:00,0.52337
2025-01-16 16:15:00,0.51688
2025-01-16 16:20:00,0.51903
2025-01-16 16:25:00,0.52356
2025-01-16 16:30:00,0.52438
2025-01-16 16:35:00,0.52034
2025-01-16 16:40:00,0.5172
2025-01-16 16:45:00,0.51848
2025-01-16 16:50:00,0.51677
2025-01-16 16:55:00,0.51937
2025-01-16 17:00:00,0.52209
2025-01-16 17:05:00,0.51921
2025-01-16 17:10:00,0.52028
2025-01-16 17:15:00,0.52853
2025-01-16 17:20:00,0.52849
2025-01-16 17:25:00,0.52321
2025-01-16 17:30:00,0.51314
2025-01-16 17:35:00,0.52602
2025-01-16 17:40:00,0.52022
2025-01-16 17:45:00,0.52108
2025-01-16 17:50:00,0.52248
2025-01-16 17:55:00,0.52375
2025-01-16 18:00:00,0.53321
2025-01-16 18:05:00,0.52635
2025-01-16 18:10:00,0.52189
2025-01-16 18:15:00,0.53524
2025-01-16 18:20:00,0.52437
2025-01-16 18:25:00,0.52571
2025-01-16 18:30:00,0.53115
2025-01-16 18:35:00,0.53255
2025-01-16 18:40:00,0.52351
2025-01-16 18:45:00,0.52439
2025-01-16 18:50:00,0.52322
2025-01-16 18:55:00,0.53082
2025-01-16 19:00:00,0.53009
2025-01-16 19:05:00,0.525
2025-01-16 19:10:00,0.5289
2025-01-16 19:15:00,0.52872
2025-01-16 19:20:00,0.52748
2025-01-16 19:25:00,0.53051
2025-01-16 19:30:00,0.52124
2025-01-16 19:35:00,0.52108
2025-01-16 19:40:00,0.53028
2025-01-16 19:45:00,0.53196
2025-01-16 19:50:00,0.53066
2025-01-16 19:55:00,0.52926
2025-01-16 20:00:00,0.52674
2025-01-16 20:05:00,0.52765
2025-01-16 20:10:00,0.53012
2025-01-16 20:15:00,0.53337
2025-01-16 20:20:00,0.52318
2025-01-16 20:25:00,0.52828
2025-01-16 20:30:00,0.52738
2025-01-16 20:35:00,0.52916
2025-01-16 20:40:00,0.53479
2025-01-16 20:45:00,0.53635
2025-01-16 20:50:00,0.52435
2025-01-16 20:55:00,0.52493
2025-01-16 21:00:00,0.52833
2025-01-16 21:05:00,0.52545
2025-01-16 21:10:00,0.53436
2025-01-16 21:15:00,0.53159
2025-01-16 21:20:00,0.53311
2025-01-16 21:25:00,0.52334
2025-01-16 21:30:00,0.5267
2025-01-16 21:35:00,0.53342
2025-01-16 21:40:00,0.53217
2025-01-16 21:45:00,0.53609
2025-01-16 21:50:00,0.53274
2025-01-16 21:55:00,0.53115
2025-01-16 22:00:00,0.52878
2025-01-16 22:05:00,0.52652
2025-01-16 22:10:00,0.53295
2025-01-16 22:15:00,0.52784
2025-01-16 22:20:00,0.52632
2025-01-16 22:25:00,0.52839
2025-01-16 22:30:00,0.53455
2025-01-16 22:35:00,0.52972
2025-01-16 22:40:00,0.53255
2025-01-16 22:45:00,0.53362
2025-01-16 22:50:00,0.52759
2025-01-16 22:55:00,0.52963
2025-01-16 23:00:00,0.52999
2025-01-16 23:05:00,0.52611
2025-01-16 23:10:00,0.53009
2025-01-16 23:15:00,0.52835
2025-01-16 23:20:00,0.52518
2025-01-16 23:25:00,0.53021
2025-01-16 23:30:00,0.53292
2025-01-16 23:35:00,0.52928
2025-01-16 23:40:00,0.52056
2025-01-16 23:45:00,0.52436
2025-01-16 23:50:00,0.52647
2025-01-16 23:55:00,0.52917
2025-01-17 00:00:00,0.52824
2025-01-17 00:05:00,0.52975
2025-01-17 00:10:00,0.5327
2025-01-17 00:15:00,0.52117
2025-01-17 00:20:00,0.52788
2025-01-17 00:25:00,0.5256
2025-01-17 00:30:00,0.52476
2025-01-17 00:35:00,0.52741
2025-01-17 00:40:00,0.53471
2025-01-17 00:45:00,0.53073
2025-01-17 00:50:00,0.52678
2025-01-17 00:55:00,0.52528
2025-01-17 01:00:00,0.53703
2025-01-17 01:05:00,0.53438
2025-01-17 01:10:00,0.52863
2025-01-17 01:15:00,0.5291
2025-01-17 01:20:00,0.52594
2025-01-17 01:25:00,0.52856
2025-01-17 01:30:00,0.53136
2025-01-17 01:35:00,0.52922
2025-01-17 01:40:00,0.53066
2025-01-17 01:45:00,0.52541
2025-01-17 01:50:00,0.51947
2025-01-17 01:55:00,0.53034
2025-01-17 02:00:00,0.527
2025-01-17 02:05:00,0.5288
2025-01-17 02:10:00,0.52946
2025-01-17 02:15:00,0.52431
2025-01-17 02:20:00,0.5279
2025-01-17 02:25:00,0.52355
2025-01-17 02:30:00,0.52342
2025-01-17 02:35:00,0.52044
2025-01-17 02:40:00,0.52652
2025-01-17 02:45:00,0.52247
2025-01-17 02:50:00,0.52704
2025-01-17 02:55:00,0.52298
2025-01-17 03:00:00,0.51818
2025-01-17 03:05:00,0.52597
2025-01-17 03:10:00,0.51713
2025-01-17 03:15:00,0.51943
2025-01-17 03:20:00,0.5204
2025-01-17 03:25:00,0.52908
2025-01-17 03:30:00,0.52155
2025-01-17 03:35:00,0.52479
2025-01-17 03:40:00,0.52484
2025-01-17 03:45:00,0.52421
2025-01-17 03:50:00,0.52045
2025-01-17 03:55:00,0.52268
2025-01-17 04:00:00,0.52467
2025-01-17 04:05:00,0.52366
2025-01-17 04:10:00,0.52237
2025-01-17 04:15:00,0.52212
2025-01-17 04:20:00,0.52088
2025-01-17 04:25:00,0.51691
2025-01-17 04:30:00,0.52161
2025-01-17 04:35:00,0.52124
2025-01-17 04:40:00,0.51792
2025-01-17 04:45:00,0.52599
2025-01-17 04:50:00,0.52464
2025-01-17 04:55:00,0.52812
2025-01-17 05:00:00,0.52064
2025-01-17 05:05:00,0.51206
2025-01-17 05:10:00,0.51217
2025-01-17 05:15:00,0.52083
2025-01-17 05:20:00,0.51517
2025-01-17 05:25:00,0.51069
2025-01-17 05:30:00,0.51926
2025-01-17 05:35:00,0.52263
2025-01-17 05:40:00,0.51812
2025-01-17 05:45:00,0.51603
2025-01-17 05:50:00,0.50677
2025-01-17 05:55:00,0.51206
2025-01-17 06:00:00,0.5171
2025-01-17 06:05:00,0.50685
2025-01-17 06:10:00,0.51345
2025-01-17 06:15:00,0.51647
2025-01-17 06:20:00,0.51832
2025-01-17 06:25:00,0.51112
2025-01-17 06:30:00,0.51026
2025-01-17 06:35:00,0.51577
2025-01-17 06:40:00,0.51986
2025-01-17 06:45:00,0.51769
2025-01-17 06:50:00,0.51905
2025-01-17 06:55:00,0.51262
2025-01-17 07:00:00,0.51099
2025-01-17 07:05:00,0.51696
2025-01-17 07:10:00,0.51265
2025-01-17 07:15:00,0.52065
2025-01-17 07:20:00,0.5086
2025-01-17 07:25:00,0.51001
2025-01-17 07:30:00,0.518
2025-01-17 07:35:00,0.51501
2025-01-17 07:40:00,0.51874
2025-01-17 07:45:00,0.51769
2025-01-17 07:50:00,0.51718
2025-01-17 07:55:00,0.50925
2025-01-17 08:00:00,0.51292
2025-01-17 08:05:00,0.5045
2025-01-17 08:10:00,0.50595
2025-01-17 08:15:00,0.51245
2025-01-17 08:20:00,0.50606
2025-01-17 08:25:00,0.5084
2025-01-17 08:30:00,0.50994
2025-01-17 08:35:00,0.51264
2025-01-17 08:40:00,0.51084
2025-01-17 08:45:00,0.51234
2025-01-17 08:50:00,0.50363
2025-01-17 08:55:00,0.50595
2025-01-17 09:00:00,0.50702
2025-01-17 09:05:00,0.50997
2025-01-17 09:10:00,0.50984
2025-01-17 09:15:00,0.50948
2025-01-17 09:20:00,0.51424
2025-01-17 09:25:00,0.51174
2025-01-17 09:30:00,0.51609
2025-01-17 09:35:00,0.50886
2025-01-17 09:40:00,0.50967
2025-01-17 09:45:00,0.51002
2025-01-17 09:50:00,0.50422
2025-01-17 09:55:00,0.51336
2025-01-17 10:00:00,0.51057
2025-01-17 10:05:00,0.50729
2025-01-17 10:10:00,0.50914
2025-01-17 10:15:00,0.50447
2025-01-17 10:20:00,0.50972
2025-01-17 10:25:00,0.50925
2025-01-17 10:30:00,0.50883
2025-01-17 10:35:00,0.50379
2025-01-17 10:40:00,0.51438
2025-01-17 10:45:00,0.51273
2025-01-17 10:50:00,0.50771
2025-01-17 10:55:00,0.50766
2025-01-17 11:00:00,0.51233
2025-01-17 11:05:00,0.51102
2025-01-17 11:10:00,0.50666
2025-01-17 11:15:00,0.51499
2025-01-17 11:20:00,0.51257
2025-01-17 11:25:00,0.51402
2025-01-17 11:30:00,0.50872
2025-01-17 11:35:00,0.50977
2025-01-17 11:40:00,0.51686
2025-01-17 11:45:00,0.50656
2025-01-17 11:50:00,0.50965
2025-01-17 11:55:00,0.50757
2025-01-17 12:00:00,0.50742
2025-01-17 12:05:00,0.51156
2025-01-17 12:10:00,0.51669
2025-01-17 12:15:00,0.51274
2025-01-17 12:20:00,0.50672
2025-01-17 12:25:00,0.5117
2025-01-17 12:30:00,0.51328
2025-01-17 12:35:00,0.51184
2025-01-17 12:40:00,0.50601
2025-01-17 12:45:00,0.51074
2025-01-17 12:50:00,0.5159
2025-01-17 12:55:00,0.50826
2025-01-17 13:00:00,0.5151
2025-01-17 13:05:00,0.50884
2025-01-17 13:10:00,0.51982
2025-01-17 13:15:00,0.51319
2025-01-17 13:20:00,0.51413
2025-01-17 13:25:00,0.51349
2025-01-17 13:30:00,0.51225
2025-01-17 13:35:00,0.50931
2025-01-17 13:40:00,0.50786
2025-01-17 13:45:00,0.51619
2025-01-17 13:50:00,0.51111
2025-01-17 13:55:00,0.51261
2025-01-17 14:00:00,0.52152
2025-01-17 14:05:00,0.51166
2025-01-17 14:10:00,0.5125
2025-01-17 14:15:00,0.51291
2025-01-17 14:20:00,0.51764
2025-01-17 14:25:00,0.51187
2025-01-17 14:30:00,0.5151
2025-01-17 14:35:00,0.51431
2025-01-17 14:40:00,0.52352
2025-01-17 14:45:00,0.51671
2025-01-17 14:50:00,0.51639
2025-01-17 14:55:00,0.51433
2025-01-17 15:00:00,0.52023
2025-01-17 15:05:00,0.51929
2025-01-17 15:10:00,0.52616
2025-01-17 15:15:00,0.51407
2025-01-17 15:20:00,0.52009
2025-01-17 15:25:00,0.5164
2025-01-17 15:30:00,0.51337
2025-01-17 15:35:00,0.51935
2025-01-17 15:40:00,0.52177
2025-01-17 15:45:00,0.51713
2025-01-17 15:50:00,0.51805
2025-01-17 15:55:00,0.51908
2025-01-17 16:00:00,0.51587
2025-01-17 16:05:00,0.51764
2025-01-17 16:10:00,0.52541
2025-01-17 16:15:00,0.51807
2025-01-17 16:20:00,0.51821
2025-01-17 16:25:00,0.51748
2025-01-17 16:30:00,0.52349
2025-01-17 16:35:00,0.51585
2025-01-17 16:40:00,0.52269
2025-01-17 16:45:00,0.52188
2025-01-17 16:50:00,0.51954
2025-01-17 16:55:00,0.52299
2025-01-17 17:00:00,0.51595
2025-01-17 17:05:00,0.52306
2025-01-17 17:10:00,0.51892
2025-01-17 17:15:00,0.51528
2025-01-17 17:20:00,0.52261
2025-01-17 17:25:00,0.52452
2025-01-17 17:30:00,0.51661
2025-01-17 17:35:00,0.53112
2025-01-17 17:40:00,0.52857
2025-01-17 17:45:00,0.51603
2025-01-17 17:50:00,0.516
2025-01-17 17:55:00,0.52714
2025-01-17 18:00:00,0.52643
2025-01-17 18:05:00,0.52452
2025-01-17 18:10:00,0.52874
2025-01-17 18:15:00,0.53039
2025-01-17 18:20:00,0.5233
2025-01-17 18:25:00,0.52933
2025-01-17 18:30:00,0.52483
2025-01-17 18:35:00,0.51698
2025-01-17 18:40:00,0.52215
2025-01-17 18:45:00,0.53414
2025-01-17 18:50:00,0.52361
2025-01-17 18:55:00,0.52737
2025-01-17 19:00:00,0.52551
2025-01-17 19:05:00,0.52383
2025-01-17 19:10:00,0.52844
2025-01-17 19:15:00,0.52426
2025-01-17 19:20:00,0.5292
2025-01-17 19:25:00,0.52401
2025-01-17 19:30:00,0.52696
2025-01-17 19:35:00,0.52799
2025-01-17 19:40:00,0.52905
2025-01-17 19:45:00,0.52391
2025-01-17 19:50:00,0.5272
2025-01-17 19:55:00,0.52864
2025-01-17 20:00:00,0.53413
2025-01-17 20:05:00,0.53009
2025-01-17 20:10:00,0.52943
2025-01-17 20:15:00,0.52215
2025-01-17 20:20:00,0.52215
2025-01-17 20:25:00,0.52609
2025-01-17 20:30:00,0.53135
2025-01-17 20:35:00,0.52386
2025-01-17 20:40:00,0.5195
2025-01-17 20:45:00,0.53063
2025-01-17 20:50:00,0.52151
2025-01-17 20:55:00,0.5228
2025-01-17 21:00:00,0.53642
2025-01-17 21:05:00,0.53156
2025-01-17 21:10:00,0.52634
2025-01-17 21:15:00,0.52834
2025-01-17 21:20:00,0.53036
2025-01-17 21:25:00,0.52475
2025-01-17 21:30:00,0.52487
2025-01-17 21:35:00,0.53068
2025-01-17 21:40:00,0.5314
2025-01-17 21:45:00,0.53
2025-01-17 21:50:00,0.52458
2025-01-17 21:55:00,0.53517
2025-01-17 22:00:00,0.53031
2025-01-17 22:05:00,0.52726
2025-01-17 22:10:00,0.53184
2025-01-17 22:15:00,0.52727
2025-01-17 22:20:00,0.52603
2025-01-17 22:25:00,0.52864
2025-01-17 22:30:00,0.53057
2025-01-17 22:35:00,0.52474
2025-01-17 22:40:00,0.53165
2025-01-17 22:45:00,0.52808
2025-01-17 22:50:00,0.53525
2025-01-17 22:55:00,0.53117
2025-01-17 23:00:00,0.53192
2025-01-17 23:05:00,0.53397
2025-01-17 23:10:00,0.52448
2025-01-17 23:15:00,0.53362
2025-01-17 23:20:00,0.52558
2025-01-17 23:25:00,0.52898
2025-01-17 23:30:00,0.53288
2025-01-17 23:35:00,0.52568
2025-01-17 23:40:00,0.53329
2025-01-17 23:45:00,0.53175
2025-01-17 23:50:00,0.53058
2025-01-17 23:55:00,0.52597
2025-01-18 00:00:00,0.52711
2025-01-18 00:05:00,0.52885
2025-01-18 00:10:00,0.53224
2025-01-18 00:15:00,0.52685
2025-01-18 00:20:00,0.53032
2025-01-18 00:25:00,0.5343
2025-01-18 00:30:00,0.51751
2025-01-18 00:35:00,0.52453
2025-01-18 00:40:00,0.53433
2025-01-18 00:45:00,0.5293
2025-01-18 00:50:00,0.53277
2025-01-18 00:55:00,0.53636
2025-01-18 01:00:00,0.52625
2025-01-18 01:05:00,0.53221
2025-01-18 01:10:00,0.52131
2025-01-18 01:15:00,0.53099
2025-01-18 01:20:00,0.53311
2025-01-18 01:25:00,0.52669
2025-01-18 01:30:00,0.52266
2025-01-18 01:35:00,0.52307
2025-01-18 01:40:00,0.53262
2025-01-18 01:45:00,0.52124
2025-01-18 01:50:00,0.53248
2025-01-18 01:55:00,0.52739
2025-01-18 02:00:00,0.52575
2025-01-18 02:05:00,0.52598
2025-01-18 02:10:00,0.52587
2025-01-18 02:15:00,0.53008
2025-01-18 02:20:00,0.52052
2025-01-18 02:25:00,0.52298
2025-01-18 02:30:00,0.52213
2025-01-18 02:35:00,0.52421
2025-01-18 02:40:00,0.51955
2025-01-18 02:45:00,0.52947
2025-01-18 02:50:00,0.52882
2025-01-18 02:55:00,0.52314
2025-01-18 03:00:00,0.5252
2025-01-18 03:05:00,0.51951
2025-01-18 03:10:00,0.51948
2025-01-18 03:15:00,0.52776
2025-01-18 03:20:00,0.51878
2025-01-18 03:25:00,0.52181
2025-01-18 03:30:00,0.52008
2025-01-18 03:35:00,0.52297
2025-01-18 03:40:00,0.51674
2025-01-18 03:45:00,0.52553
2025-01-18 03:50:00,0.52572
2025-01-18 03:55:00,0.529
2025-01-18 04:00:00,0.52302
2025-01-18 04:05:00,0.51976
2025-01-18 04:10:00,0.52265
2025-01-18 04:15:00,0.51262
2025-01-18 04:20:00,0.51143
2025-01-18 04:25:00,0.51594
2025-01-18 04:30:00,0.52086
2025-01-18 04:35:00,0.5185
2025-01-18 04:40:00,0.52228
2025-01-18 04:45:00,0.51958
2025-01-18 04:50:00,0.52023
2025-01-18 04:55:00,0.52031
2025-01-18 05:00:00,0.5242
2025-01-18 05:05:00,0.51553
2025-01-18 05:10:00,0.51826
2025-01-18 05:15:00,0.51253
2025-01-18 05:20:00,0.51493
2025-01-18 05:25:00,0.51988
2025-01-18 05:30:00,0.51212
2025-01-18 05:35:00,0.51652
2025-01-18 05:40:00,0.51896
2025-01-18 05:45:00,0.51914
2025-01-18 05:50:00,0.51284
2025-01-18 05:55:00,0.51752
2025-01-18 06:00:00,0.51694
2025-01-18 06:05:00,0.51285
2025-01-18 06:10:00,0.51786
2025-01-18 06:15:00,0.51634
2025-01-18 06:20:00,0.51887
2025-01-18 06:25:00,0.51347
2025-01-18 06:30:00,0.51393
2025-01-18 06:35:00,0.5133
2025-01-18 06:40:00,0.51435
2025-01-18 06:45:00,0.5132
2025-01-18 06:50:00,0.51777
2025-01-18 06:55:00,0.51833
2025-01-18 07:00:00,0.50943
2025-01-18 07:05:00,0.51474
2025-01-18 07:10:00,0.51418
2025-01-18 07:15:00,0.50785
2025-01-18 07:20:00,0.50996
2025-01-18 07:25:00,0.52171
2025-01-18 07:30:00,0.5121
2025-01-18 07:35:00,0.51745
2025-01-18 07:40:00,0.5149
2025-01-18 07:45:00,0.51923
2025-01-18 07:50:00,0.51593
2025-01-18 07:55:00,0.50769
2025-01-18 08:00:00,0.51065
2025-01-18 08:05:00,0.51477
2025-01-18 08:10:00,0.51539
2025-01-18 08:15:00,0.5136
2025-01-18 08:20:00,0.51027
2025-01-18 08:25:00,0.50973
2025-01-18 08:30:00,0.50716
2025-01-18 08:35:00,0.51306
2025-01-18 08:40:00,0.5175
2025-01-18 08:45:00,0.51365
2025-01-18 08:50:00,0.51036
2025-01-18 08:55:00,0.5089
2025-01-18 09:00:00,0.50894
2025-01-18 09:05:00,0.51289
2025-01-18 09:10:00,0.50913
2025-01-18 09:15:00,0.50805
2025-01-18 09:20:00,0.51229
2025-01-18 09:25:00,0.51662
2025-01-18 09:30:00,0.51125
2025-01-18 09:35:00,0.5055
2025-01-18 09:40:00,0.51136
2025-01-18 09:45:00,0.51298
2025-01-18 09:50:00,0.51111
2025-01-18 09:55:00,0.51208
2025-01-18 10:00:00,0.50642
2025-01-18 10:05:00,0.50982
2025-01-18 10:10:00,0.51196
2025-01-18 10:15:00,0.50372
2025-01-18 10:20:00,0.51315
2025-01-18 10:25:00,0.50949
2025-01-18 10:30:00,0.51008
2025-01-18 10:35:00,0.5106
2025-01-18 10:40:00,0.51196
2025-01-18 10:45:00,0.51538
2025-01-18 10:50:00,0.51313
2025-01-18 10:55:00,0.51312
2025-01-18 11:00:00,0.49987
2025-01-18 11:05:00,0.51758
2025-01-18 11:10:00,0.50413
2025-01-18 11:15:00,0.50512
2025-01-18 11:20:00,0.50917
2025-01-18 11:25:00,0.51241
2025-01-18 11:30:00,0.5028
2025-01-18 11:35:00,0.51489
2025-01-18 11:40:00,0.51349
2025-01-18 11:45:00,0.50648
2025-01-18 11:50:00,0.51434
2025-01-18 11:55:00,0.50706
2025-01-18 12:00:00,0.51335
2025-01-18 12:05:00,0.51418
2025-01-18 12:10:00,0.51526
2025-01-18 12:15:00,0.51213
2025-01-18 12:20:00,0.51571
2025-01-18 12:25:00,0.50937
2025-01-18 12:30:00,0.51469
2025-01-18 12:35:00,0.5116
2025-01-18 12:40:00,0.50784
2025-01-18 12:45:00,0.51445
2025-01-18 12:50:00,0.50406
2025-01-18 12:55:00,0.51333
2025-01-18 13:00:00,0.51057
2025-01-18 13:05:00,0.51033
2025-01-18 13:10:00,0.51687
2025-01-18 13:15:00,0.51216
2025-01-18 13:20:00,0.51344
2025-01-18 13:25:00,0.51823
2025-01-18 13:30:00,0.511
2025-01-18 13:35:00,0.50909
2025-01-18 13:40:00,0.51505
2025-01-18 13:45:00,0.50585
2025-01-18 13:50:00,0.514
2025-01-18 13:55:00,0.5148
2025-01-18 14:00:00,0.52067
2025-01-18 14:05:00,0.51675
2025-01-18 14:10:00,0.5116
2025-01-18 14:15:00,0.5245
2025-01-18 14:20:00,0.52186
2025-01-18 14:25:00,0.50661
2025-01-18 14:30:00,0.50888
2025-01-18 14:35:00,0.51088
2025-01-18 14:40:00,0.51626
2025-01-18 14:45:00,0.51163
2025-01-18 14:50:00,0.51959
2025-01-18 14:55:00,0.51744
2025-01-18 15:00:00,0.51711
2025-01-18 15:05:00,0.52245
2025-01-18 15:10:00,0.51121
2025-01-18 15:15:00,0.51781
2025-01-18 15:20:00,0.51942
2025-01-18 15:25:00,0.51833
2025-01-18 15:30:00,0.52393
2025-01-18 15:35:00,0.51591
2025-01-18 15:40:00,0.51875
2025-01-18 15:45:00,0.51417
2025-01-18 15:50:00,0.51283
2025-01-18 15:55:00,0.52115
2025-01-18 16:00:00,0.514
2025-01-18 16:05:00,0.52344
2025-01-18 16:10:00,0.5219
2025-01-18 16:15:00,0.51862
2025-01-18 16:20:00,0.51879
2025-01-18 16:25:00,0.52033
2025-01-18 16:30:00,0.52184
2025-01-18 16:35:00,0.5276
2025-01-18 16:40:00,0.51508
2025-01-18 16:45:00,0.51888
2025-01-18 16:50:00,0.52018
2025-01-18 16:55:00,0.51588
2025-01-18 17:00:00,0.52022
2025-01-18 17:05:00,0.52723
2025-01-18 17:10:00,0.51623
2025-01-18 17:15:00,0.51667
2025-01-18 17:20:00,0.52136
2025-01-18 17:25:00,0.52041
2025-01-18 17:30:00,0.52435
2025-01-18 17:35:00,0.52294
2025-01-18 17:40:00,0.52286
2025-01-18 17:45:00,0.52587
2025-01-18 17:50:00,0.52141
2025-01-18 17:55:00,0.51937
2025-01-18 18:00:00,0.52181
2025-01-18 18:05:00,0.52428
2025-01-18 18:10:00,0.52785
2025-01-18 18:15:00,0.52091
2025-01-18 18:20:00,0.5279
2025-01-18 18:25:00,0.52503
2025-01-18 18:30:00,0.52533
2025-01-18 18:35:00,0.52554
2025-01-18 18:40:00,0.52042
2025-01-18 18:45:00,0.52583
2025-01-18 18:50:00,0.5302
2025-01-18 18:55:00,0.524
2025-01-18 19:00:00,0.5273
2025-01-18 19:05:00,0.53633
2025-01-18 19:10:00,0.52317
2025-01-18 19:15:00,0.53122
2025-01-18 19:20:00,0.53295
2025-01-18 19:25:00,0.52733
2025-01-18 19:30:00,0.53373
2025-01-18 19:35:00,0.53071
2025-01-18 19:40:00,0.52362
2025-01-18 19:45:00,0.52525
2025-01-18 19:50:00,0.52545
2025-01-18 19:55:00,0.52398
2025-01-18 20:00:00,0.5274
2025-01-18 20:05:00,0.53091
2025-01-18 20:10:00,0.52741
2025-01-18 20:15:00,0.53162
2025-01-18 20:20:00,0.52826
2025-01-18 20:25:00,0.52831
2025-01-18 20:30:00,0.52673
2025-01-18 20:35:00,0.52718
2025-01-18 20:40:00,0.53066
2025-01-18 20:45:00,0.5313
2025-01-18 20:50:00,0.53141
2025-01-18 20:55:00,0.52374
2025-01-18 21:00:00,0.52701
2025-01-18 21:05:00,0.5263
2025-01-18 21:10:00,0.52545
2025-01-18 21:15:00,0.52809
2025-01-18 21:20:00,0.52636
2025-01-18 21:25:00,0.52678
2025-01-18 21:30:00,0.525
2025-01-18 21:35:00,0.52857
2025-01-18 21:40:00,0.53248
2025-01-18 21:45:00,0.53414
2025-01-18 21:50:00,0.52666
2025-01-18 21:55:00,0.52879
2025-01-18 22:00:00,0.52504
2025-01-18 22:05:00,0.52845
2025-01-18 22:10:00,0.52095
2025-01-18 22:15:00,0.53282
2025-01-18 22:20:00,0.52362
2025-01-18 22:25:00,0.5322
2025-01-18 22:30:00,0.52988
2025-01-18 22:35:00,0.53154
2025-01-18 22:40:00,0.52474
2025-01-18 22:45:00,0.52749
2025-01-18 22:50:00,0.52739
2025-01-18 22:55:00,0.52742
2025-01-18 23:00:00,0.53306
2025-01-18 23:05:00,0.52695
2025-01-18 23:10:00,0.53632
2025-01-18 23:15:00,0.52887
2025-01-18 23:20:00,0.51985
2025-01-18 23:25:00,0.5304
2025-01-18 23:30:00,0.52851
2025-01-18 23:35:00,0.52974
2025-01-18 23:40:00,0.53683
2025-01-18 23:45:00,0.53056
2025-01-18 23:50:00,0.53327
2025-01-18 23:55:00,0.53041
2025-01-19 00:00:00,0.5249
2025-01-19 00:05:00,0.52484
2025-01-19 00:10:00,0.52372
2025-01-19 00:15:00,0.52459
2025-01-19 00:20:00,0.53452
2025-01-19 00:25:00,0.52523
2025-01-19 00:30:00,0.52304
2025-01-19 00:35:00,0.51875
2025-01-19 00:40:00,0.53
2025-01-19 00:45:00,0.52782
2025-01-19 00:50:00,0.52865
2025-01-19 00:55:00,0.53228
2025-01-19 01:00:00,0.52424
2025-01-19 01:05:00,0.5296
2025-01-19 01:10:00,0.52576
2025-01-19 01:15:00,0.52705
2025-01-19 01:20:00,0.53123
2025-01-19 01:25:00,0.52146
2025-01-19 01:30:00,0.52546
2025-01-19 01:35:00,0.52923
2025-01-19 01:40:00,0.52673
2025-01-19 01:45:00,0.52719
2025-01-19 01:50:00,0.52364
2025-01-19 01:55:00,0.52558
2025-01-19 02:00:00,0.5193
2025-01-19 02:05:00,0.53008
2025-01-19 02:10:00,0.51792
2025-01-19 02:15:00,0.51556
2025-01-19 02:20:00,0.52349
2025-01-19 02:25:00,0.52184
2025-01-19 02:30:00,0.5274
2025-01-19 02:35:00,0.52554
2025-01-19 02:40:00,0.52216
2025-01-19 02:45:00,0.52415
2025-01-19 02:50:00,0.52533
2025-01-19 02:55:00,0.52513
2025-01-19 03:00:00,0.5212
2025-01-19 03:05:00,0.52374
2025-01-19 03:10:00,0.5253
2025-01-19 03:15:00,0.51848
2025-01-19 03:20:00,0.52911
2025-01-19 03:25:00,0.51898
2025-01-19 03:30:00,0.5242
2025-01-19 03:35:00,0.52046
2025-01-19 03:40:00,0.52415
2025-01-19 03:45:00,0.52227
2025-01-19 03:50:00,0.5248
2025-01-19 03:55:00,0.51747
2025-01-19 04:00:00,0.51265
2025-01-19 04:05:00,0.51498
2025-01-19 04:10:00,0.51947
2025-01-19 04:15:00,0.51693
2025-01-19 04:20:00,0.51957
2025-01-19 04:25:00,0.51577
2025-01-19 04:30:00,0.51619
2025-01-19 04:35:00,0.51886
2025-01-19 04:40:00,0.51888
2025-01-19 04:45:00,0.52438
2025-01-19 04:50:00,0.52582
2025-01-19 04:55:00,0.52013
2025-01-19 05:00:00,0.5131
2025-01-19 05:05:00,0.51434
2025-01-19 05:10:00,0.51372
2025-01-19 05:15:00,0.52156
2025-01-19 05:20:00,0.5173
2025-01-19 05:25:00,0.51676
2025-01-19 05:30:00,0.51727
2025-01-19 05:35:00,0.50946
2025-01-19 05:40:00,0.51619
2025-01-19 05:45:00,0.52181
2025-01-19 05:50:00,0.51147
2025-01-19 05:55:00,0.51496
2025-01-19 06:00:00,0.51952
2025-01-19 06:05:00,0.51397
2025-01-19 06:10:00,0.5201
2025-01-19 06:15:00,0.51451
2025-01-19 06:20:00,0.51537
2025-01-19 06:25:00,0.52114
2025-01-19 06:30:00,0.51972
2025-01-19 06:35:00,0.51643
2025-01-19 06:40:00,0.51007
2025-01-19 06:45:00,0.51624
2025-01-19 06:50:00,0.51213
2025-01-19 06:55:00,0.51713
2025-01-19 07:00:00,0.51568
2025-01-19 07:05:00,0.51168
2025-01-19 07:10:00,0.51426
2025-01-19 07:15:00,0.51029
2025-01-19 07:20:00,0.5096
2025-01-19 07:25:00,0.51073
2025-01-19 07:30:00,0.51134
2025-01-19 07:35:00,0.51243
2025-01-19 07:40:00,0.50091
2025-01-19 07:45:00,0.51034
2025-01-19 07:50:00,0.51057
2025-01-19 07:55:00,0.51761
2025-01-19 08:00:00,0.51749
2025-01-19 08:05:00,0.50917
2025-01-19 08:10:00,0.51711
2025-01-19 08:15:00,0.51709
2025-01-19 08:20:00,0.51416
2025-01-19 08:25:00,0.5116
2025-01-19 08:30:00,0.51593
2025-01-19 08:35:00,0.50866
2025-01-19 08:40:00,0.50389
2025-01-19 08:45:00,0.51227
2025-01-19 08:50:00,0.51475
2025-01-19 08:55:00,0.51064
2025-01-19 09:00:00,0.51429
2025-01-19 09:05:00,0.50384
2025-01-19 09:10:00,0.50892
2025-01-19 09:15:00,0.51134
2025-01-19 09:20:00,0.50665
2025-01-19 09:25:00,0.51035
2025-01-19 09:30:00,0.51599
2025-01-19 09:35:00,0.51501
2025-01-19 09:40:00,0.50355
2025-01-19 09:45:00,0.50787
2025-01-19 09:50:00,0.50431
2025-01-19 09:55:00,0.50699
2025-01-19 10:00:00,0.50978
2025-01-19 10:05:00,0.51298
2025-01-19 10:10:00,0.51197
2025-01-19 10:15:00,0.50694
2025-01-19 10:20:00,0.51042
2025-01-19 10:25:00,0.51486
2025-01-19 10:30:00,0.51348
2025-01-19 10:35:00,0.5131
2025-01-19 10:40:00,0.51988
2025-01-19 10:45:00,0.51428
2025-01-19 10:50:00,0.50558
2025-01-19 10:55:00,0.50743
2025-01-19 11:00:00,0.51099
2025-01-19 11:05:00,0.51599
2025-01-19 11:10:00,0.5044
2025-01-19 11:15:00,0.51223
2025-01-19 11:20:00,0.51224
2025-01-19 11:25:00,0.5132
2025-01-19 11:30:00,0.50789
2025-01-19 11:35:00,0.50913
2025-01-19 11:40:00,0.50819
2025-01-19 11:45:00,0.50951
2025-01-19 11:50:00,0.5118
2025-01-19 11:55:00,0.50769
2025-01-19 12:00:00,0.51382
2025-01-19 12:05:00,0.50402
2025-01-19 12:10:00,0.50781
2025-01-19 12:15:00,0.51229
2025-01-19 12:20:00,0.50989
2025-01-19 12:25:00,0.51522
2025-01-19 12:30:00,0.51057
2025-01-19 12:35:00,0.51852
2025-01-19 12:40:00,0.51347
2025-01-19 12:45:00,0.50732
2025-01-19 12:50:00,0.50536
2025-01-19 12:55:00,0.50738
2025-01-19 13:00:00,0.50973
2025-01-19 13:05:00,0.50905
2025-01-19 13:10:00,0.50744
2025-01-19 13:15:00,0.52259
2025-01-19 13:20:00,0.52192
2025-01-19 13:25:00,0.51324
2025-01-19 13:30:00,0.5107
2025-01-19 13:35:00,0.5102
2025-01-19 13:40:00,0.50949
2025-01-19 13:45:00,0.50949
2025-01-19 13:50:00,0.52101
2025-01-19 13:55:00,0.51155
2025-01-19 14:00:00,0.51038
2025-01-19 14:05:00,0.51555
2025-01-19 14:10:00,0.51743
2025-01-19 14:15:00,0.5124
2025-01-19 14:20:00,0.50917
2025-01-19 14:25:00,0.50999
2025-01-19 14:30:00,0.51724
2025-01-19 14:35:00,0.51375
2025-01-19 14:40:00,0.51966
2025-01-19 14:45:00,0.51808
2025-01-19 14:50:00,0.51819
2025-01-19 14:55:00,0.51114
2025-01-19 15:00:00,0.52426
2025-01-19 15:05:00,0.51476
2025-01-19 15:10:00,0.52072
2025-01-19 15:15:00,0.52363
2025-01-19 15:20:00,0.51403
2025-01-19 15:25:00,0.51126
2025-01-19 15:30:00,0.51797
2025-01-19 15:35:00,0.51496
2025-01-19 15:40:00,0.50853
2025-01-19 15:45:00,0.52623
2025-01-19 15:50:00,0.51746
2025-01-19 15:55:00,0.51966
2025-01-19 16:00:00,0.52547
2025-01-19 16:05:00,0.51522
2025-01-19 16:10:00,0.52211
2025-01-19 16:15:00,0.51989
2025-01-19 16:20:00,0.52088
2025-01-19 16:25:00,0.5138
2025-01-19 16:30:00,0.52143
2025-01-19 16:35:00,0.51458
2025-01-19 16:40:00,0.51843
2025-01-19 16:45:00,0.5224
2025-01-19 16:50:00,0.52189
2025-01-19 16:55:00,0.52201
2025-01-19 17:00:00,0.52526
2025-01-19 17:05:00,0.52432
2025-01-19 17:10:00,0.52092
2025-01-19 17:15:00,0.52227
2025-01-19 17:20:00,0.52443
2025-01-19 17:25:00,0.51873
2025-01-19 17:30:00,0.52369
2025-01-19 17:35:00,0.5142
2025-01-19 17:40:00,0.52315
2025-01-19 17:45:00,0.52069
2025-01-19 17:50:00,0.51995
2025-01-19 17:55:00,0.51709
2025-01-19 18:00:00,0.52736
2025-01-19 18:05:00,0.52791
2025-01-19 18:10:00,0.52692
2025-01-19 18:15:00,0.52178
2025-01-19 18:20:00,0.53361
2025-01-19 18:25:00,0.5299
2025-01-19 18:30:00,0.52544
2025-01-19 18:35:00,0.5195
2025-01-19 18:40:00,0.52273
2025-01-19 18:45:00,0.5273
2025-01-19 18:50:00,0.52238
2025-01-19 18:55:00,0.52854
2025-01-19 19:00:00,0.52807
2025-01-19 19:05:00,0.52696
2025-01-19 19:10:00,0.5324
2025-01-19 19:15:00,0.52413
2025-01-19 19:20:00,0.52931
2025-01-19 19:25:00,0.52606
2025-01-19 19:30:00,0.5199
2025-01-19 19:35:00,0.5291
2025-01-19 19:40:00,0.52855
2025-01-19 19:45:00,0.52887
2025-01-19 19:50:00,0.53006
2025-01-19 19:55:00,0.5215
2025-01-19 20:00:00,0.53257
2025-01-19 20:05:00,0.53423
2025-01-19 20:10:00,0.53118
2025-01-19 20:15:00,0.52922
2025-01-19 20:20:00,0.52693
2025-01-19 20:25:00,0.53007
2025-01-19 20:30:00,0.53574
2025-01-19 20:35:00,0.51968
2025-01-19 20:40:00,0.52367
2025-01-19 20:45:00,0.52983
2025-01-19 20:50:00,0.53096
2025-01-19 20:55:00,0.52966
2025-01-19 21:00:00,0.52667
2025-01-19 21:05:00,0.53686
2025-01-19 21:10:00,0.53852
2025-01-19 21:15:00,0.52639
2025-01-19 21:20:00,0.53203
2025-01-19 21:25:00,0.52837
2025-01-19 21:30:00,0.52539
2025-01-19 21:35:00,0.52243
2025-01-19 21:40:00,0.53291
2025-01-19 21:45:00,0.53443
2025-01-19 21:50:00,0.53354
2025-01-19 21:55:00,0.52748
2025-01-19 22:00:00,0.53274
2025-01-19 22:05:00,0.53382
2025-01-19 22:10:00,0.52683
2025-01-19 22:15:00,0.52957
2025-01-19 22:20:00,0.52932
2025-01-19 22:25:00,0.53483
2025-01-19 22:30:00,0.53151
2025-01-19 22:35:00,0.53154
2025-01-19 22:40:00,0.53499
2025-01-19 22:45:00,0.5341
2025-01-19 22:50:00,0.53241
2025-01-19 22:55:00,0.52284
2025-01-19 23:00:00,0.53119
2025-01-19 23:05:00,0.5315
2025-01-19 23:10:00,0.5263
2025-01-19 23:15:00,0.52731
2025-01-19 23:20:00,0.52442
2025-01-19 23:25:00,0.53299
2025-01-19 23:30:00,0.53427
2025-01-19 23:35:00,0.52629
2025-01-19 23:40:00,0.53044
2025-01-19 23:45:00,0.53031
2025-01-19 23:50:00,0.52928
2025-01-19 23:55:00,0.52948
2025-01-20 00:00:00,0.53824
2025-01-20 00:05:00,0.52539
2025-01-20 00:10:00,0.52457
2025-01-20 00:15:00,0.52499
2025-01-20 00:20:00,0.52369
2025-01-20 00:25:00,0.52291
2025-01-20 00:30:00,0.52738
2025-01-20 00:35:00,0.52662
2025-01-20 00:40:00,0.5271
2025-01-20 00:45:00,0.5351
2025-01-20 00:50:00,0.53242
2025-01-20 00:55:00,0.528
2025-01-20 01:00:00,0.52349
2025-01-20 01:05:00,0.51873
2025-01-20 01:10:00,0.52894
2025-01-20 01:15:00,0.53487
2025-01-20 01:20:00,0.52543
2025-01-20 01:25:00,0.52518
2025-01-20 01:30:00,0.5231
2025-01-20 01:35:00,0.53116
2025-01-20 01:40:00,0.52668
2025-01-20 01:45:00,0.51834
2025-01-20 01:50:00,0.52822
2025-01-20 01:55:00,0.53177
2025-01-20 02:00:00,0.52707
2025-01-20 02:05:00,0.52194
2025-01-20 02:10:00,0.5181
2025-01-20 02:15:00,0.53132
2025-01-20 02:20:00,0.52703
2025-01-20 02:25:00,0.52328
2025-01-20 02:30:00,0.51846
2025-01-20 02:35:00,0.52588
2025-01-20 02:40:00,0.52143
2025-01-20 02:45:00,0.52812
2025-01-20 02:50:00,0.52572
2025-01-20 02:55:00,0.52888
2025-01-20 03:00:00,0.51692
2025-01-20 03:05:00,0.52422
2025-01-20 03:10:00,0.52138
2025-01-20 03:15:00,0.5152
2025-01-20 03:20:00,0.52182
2025-01-20 03:25:00,0.52194
2025-01-20 03:30:00,0.52214
2025-01-20 03:35:00,0.52351
2025-01-20 03:40:00,0.52044
2025-01-20 03:45:00,0.51517
2025-01-20 03:50:00,0.52228
2025-01-20 03:55:00,0.52891
2025-01-20 04:00:00,0.51965
2025-01-20 04:05:00,0.51743
2025-01-20 04:10:00,0.51988
2025-01-20 04:15:00,0.52169
2025-01-20 04:20:00,0.52001
2025-01-20 04:25:00,0.51529
2025-01-20 04:30:00,0.52276
2025-01-20 04:35:00,0.52167
2025-01-20 04:40:00,0.51922
2025-01-20 04:45:00,0.52291
2025-01-20 04:50:00,0.52125
2025-01-20 04:55:00,0.52105
2025-01-20 05:00:00,0.51716
2025-01-20 05:05:00,0.5173
2025-01-20 05:10:00,0.5197
2025-01-20 05:15:00,0.52117
2025-01-20 05:20:00,0.51833
2025-01-20 05:25:00,0.52074
2025-01-20 05:30:00,0.51817
2025-01-20 05:35:00,0.51809
2025-01-20 05:40:00,0.5165
2025-01-20 05:45:00,0.51682
2025-01-20 05:50:00,0.51284
2025-01-20 05:55:00,0.51872
2025-01-20 06:00:00,0.5166
2025-01-20 06:05:00,0.51564
2025-01-20 06:10:00,0.51182
2025-01-20 06:15:00,0.51874
2025-01-20 06:20:00,0.5137
2025-01-20 06:25:00,0.50586
2025-01-20 06:30:00,0.50942
2025-01-20 06:35:00,0.51868
2025-01-20 06:40:00,0.51437
2025-01-20 06:45:00,0.51246
2025-01-20 06:50:00,0.51965
2025-01-20 06:55:00,0.52177
2025-01-20 07:00:00,0.50734
2025-01-20 07:05:00,0.50164
2025-01-20 07:10:00,0.51558
2025-01-20 07:15:00,0.51091
2025-01-20 07:20:00,0.51366
2025-01-20 07:25:00,0.51452
2025-01-20 07:30:00,0.51913
2025-01-20 07:35:00,0.51899
2025-01-20 07:40:00,0.51081
2025-01-20 07:45:00,0.50937
2025-01-20 07:50:00,0.51286
2025-01-20 07:55:00,0.51532
2025-01-20 08:00:00,0.51804
2025-01-20 08:05:00,0.51426
2025-01-20 08:10:00,0.51532
2025-01-20 08:15:00,0.51292
2025-01-20 08:20:00,0.51709
2025-01-20 08:25:00,0.51742
2025-01-20 08:30:00,0.5175
2025-01-20 08:35:00,0.51398
2025-01-20 08:40:00,0.51577
2025-01-20 08:45:00,0.5047
2025-01-20 08:50:00,0.50866
2025-01-20 08:55:00,0.51344
2025-01-20 09:00:00,0.51324
2025-01-20 09:05:00,0.50617
2025-01-20 09:10:00,0.51163
2025-01-20 09:15:00,0.51267
2025-01-20 09:20:00,0.50301
2025-01-20 09:25:00,0.50706
2025-01-20 09:30:00,0.50597
2025-01-20 09:35:00,0.50267
2025-01-20 09:40:00,0.50947
2025-01-20 09:45:00,0.5094
2025-01-20 09:50:00,0.50546
2025-01-20 09:55:00,0.50989
2025-01-20 10:00:00,0.51006
2025-01-20 10:05:00,0.51127
2025-01-20 10:10:00,0.51267
2025-01-20 10:15:00,0.5109
2025-01-20 10:20:00,0.5135
2025-01-20 10:25:00,0.51003
2025-01-20 10:30:00,0.5059
2025-01-20 10:35:00,0.51588
2025-01-20 10:40:00,0.50637
2025-01-20 10:45:00,0.5071
2025-01-20 10:50:00,0.51112
2025-01-20 10:55:00,0.51486
2025-01-20 11:00:00,0.50581
2025-01-20 11:05:00,0.5078
2025-01-20 11:10:00,0.50763
2025-01-20 11:15:00,0.51111
2025-01-20 11:20:00,0.50965
2025-01-20 11:25:00,0.50462
2025-01-20 11:30:00,0.50963
2025-01-20 11:35:00,0.51978
2025-01-20 11:40:00,0.50771
2025-01-20 11:45:00,0.51336
2025-01-20 11:50:00,0.51034
2025-01-20 11:55:00,0.50408
2025-01-20 12:00:00,0.50916
2025-01-20 12:05:00,0.51214
2025-01-20 12:10:00,0.50481
2025-01-20 12:15:00,0.50619
2025-01-20 12:20:00,0.50571
2025-01-20 12:25:00,0.50704
2025-01-20 12:30:00,0.50261
2025-01-20 12:35:00,0.50739
2025-01-20 12:40:00,0.5126
2025-01-20 12:45:00,0.51251
2025-01-20 12:50:00,0.51507
2025-01-20 12:55:00,0.51052
2025-01-20 13:00:00,0.5188
2025-01-20 13:05:00,0.51355
2025-01-20 13:10:00,0.51566
2025-01-20 13:15:00,0.51607
2025-01-20 13:20:00,0.51942
2025-01-20 13:25:00,0.50786
2025-01-20 13:30:00,0.51678
2025-01-20 13:35:00,0.51635
2025-01-20 13:40:00,0.51314
2025-01-20 13:45:00,0.50825
2025-01-20 13:50:00,0.51128
2025-01-20 13:55:00,0.51415
2025-01-20 14:00:00,0.51323
2025-01-20 14:05:00,0.51286
2025-01-20 14:10:00,0.51832
2025-01-20 14:15:00,0.51695
2025-01-20 14:20:00,0.51462
2025-01-20 14:25:00,0.51963
2025-01-20 14:30:00,0.5145
2025-01-20 14:35:00,0.51578
2025-01-20 14:40:00,0.52167
2025-01-20 14:45:00,0.51043
2025-01-20 14:50:00,0.5181
2025-01-20 14:55:00,0.51947
2025-01-20 15:00:00,0.51848
2025-01-20 15:05:00,0.52041
2025-01-20 15:10:00,0.51311
2025-01-20 15:15:00,0.51918
2025-01-20 15:20:00,0.51227
2025-01-20 15:25:00,0.51699
2025-01-20 15:30:00,0.5157
2025-01-20 15:35:00,0.52006
2025-01-20 15:40:00,0.5169
2025-01-20 15:45:00,0.5165
2025-01-20 15:50:00,0.50693
2025-01-20 15:55:00,0.50982
2025-01-20 16:00:00,0.51901
2025-01-20 16:05:00,0.5207
2025-01-20 16:10:00,0.5177
2025-01-20 16:15:00,0.51626
2025-01-20 16:20:00,0.52081
2025-01-20 16:25:00,0.5167
2025-01-20 16:30:00,0.52061
2025-01-20 16:35:00,0.52243
2025-01-20 16:40:00,0.52033
2025-01-20 16:45:00,0.51862
2025-01-20 16:50:00,0.51846
2025-01-20 16:55:00,0.52443
2025-01-20 17:00:00,0.52414
2025-01-20 17:05:00,0.52575
2025-01-20 17:10:00,0.52139
2025-01-20 17:15:00,0.51217
2025-01-20 17:20:00,0.52064
2025-01-20 17:25:00,0.52212
2025-01-20 17:30:00,0.51946
2025-01-20 17:35:00,0.52595
2025-01-20 17:40:00,0.53502
2025-01-20 17:45:00,0.52191
2025-01-20 17:50:00,0.52454
2025-01-20 17:55:00,0.51958
2025-01-20 18:00:00,0.52247
2025-01-20 18:05:00,0.52059
2025-01-20 18:10:00,0.52237
2025-01-20 18:15:00,0.52244
2025-01-20 18:20:00,0.52058
2025-01-20 18:25:00,0.52255
2025-01-20 18:30:00,0.52615
2025-01-20 18:35:00,0.52433
2025-01-20 18:40:00,0.53307
2025-01-20 18:45:00,0.52949
2025-01-20 18:50:00,0.52272
2025-01-20 18:55:00,0.52808
2025-01-20 19:00:00,0.5294
2025-01-20 19:05:00,0.52818
2025-01-20 19:10:00,0.52577
2025-01-20 19:15:00,0.52171
2025-01-20 19:20:00,0.52458
2025-01-20 19:25:00,0.52714
2025-01-20 19:30:00,0.52803
2025-01-20 19:35:00,0.52636
2025-01-20 19:40:00,0.52819
2025-01-20 19:45:00,0.52511
2025-01-20 19:50:00,0.52494
2025-01-20 19:55:00,0.52649
2025-01-20 20:00:00,0.52962
2025-01-20 20:05:00,0.52411
2025-01-20 20:10:00,0.52476
2025-01-20 20:15:00,0.53361
2025-01-20 20:20:00,0.53132
2025-01-20 20:25:00,0.53754
2025-01-20 20:30:00,0.52916
2025-01-20 20:35:00,0.52897
2025-01-20 20:40:00,0.5281
2025-01-20 20:45:00,0.53191
2025-01-20 20:50:00,0.52474
2025-01-20 20:55:00,0.52788
2025-01-20 21:00:00,0.53286
2025-01-20 21:05:00,0.52507
2025-01-20 21:10:00,0.52475
2025-01-20 21:15:00,0.5231
2025-01-20 21:20:00,0.53036
2025-01-20 21:25:00,0.52813
2025-01-20 21:30:00,0.53098
2025-01-20 21:35:00,0.52778
2025-01-20 21:40:00,0.52551
2025-01-20 21:45:00,0.53133
2025-01-20 21:50:00,0.52312
2025-01-20 21:55:00,0.52643
2025-01-20 22:00:00,0.53117
2025-01-20 22:05:00,0.52667
2025-01-20 22:10:00,0.53195
2025-01-20 22:15:00,0.53518
2025-01-20 22:20:00,0.52944
2025-01-20 22:25:00,0.52838
2025-01-20 22:30:00,0.53219
2025-01-20 22:35:00,0.53553
2025-01-20 22:40:00,0.52783
2025-01-20 22:45:00,0.5251
2025-01-20 22:50:00,0.53125
2025-01-20 22:55:00,0.54295
2025-01-20 23:00:00,0.53647
2025-01-20 23:05:00,0.52467
2025-01-20 23:10:00,0.52923
2025-01-20 23:15:00,0.52887
2025-01-20 23:20:00,0.52788
2025-01-20 23:25:00,0.53511
2025-01-20 23:30:00,0.53207
2025-01-20 23:35:00,0.52647
2025-01-20 23:40:00,0.53071
2025-01-20 23:45:00,0.52765
2025-01-20 23:50:00,0.53036
2025-01-20 23:55:00,0.52322
2025-01-21 00:00:00,0.52703
2025-01-21 00:05:00,0.52867
2025-01-21 00:10:00,0.53001
2025-01-21 00:15:00,0.52595
2025-01-21 00:20:00,0.52532
2025-01-21 00:25:00,0.52948
2025-01-21 00:30:00,0.53504
2025-01-21 00:35:00,0.52601
2025-01-21 00:40:00,0.53059
2025-01-21 00:45:00,0.52616
2025-01-21 00:50:00,0.53092
2025-01-21 00:55:00,0.53204
2025-01-21 01:00:00,0.53411
2025-01-21 01:05:00,0.52502
2025-01-21 01:10:00,0.52917
2025-01-21 01:15:00,0.52392
2025-01-21 01:20:00,0.53391
2025-01-21 01:25:00,0.52998
2025-01-21 01:30:00,0.51965
2025-01-21 01:35:00,0.52668
2025-01-21 01:40:00,0.52217
2025-01-21 01:45:00,0.5312
2025-01-21 01:50:00,0.52719
2025-01-21 01:55:00,0.53123
2025-01-21 02:00:00,0.52904
2025-01-21 02:05:00,0.52332
2025-01-21 02:10:00,0.52208
2025-01-21 02:15:00,0.52914
2025-01-21 02:20:00,0.52413
2025-01-21 02:25:00,0.52262
2025-01-21 02:30:00,0.52765
2025-01-21 02:35:00,0.53045
2025-01-21 02:40:00,0.5279
2025-01-21 02:45:00,0.51779
2025-01-21 02:50:00,0.52436
2025-01-21 02:55:00,0.53467
2025-01-21 03:00:00,0.52176
2025-01-21 03:05:00,0.52271
2025-01-21 03:10:00,0.5289
2025-01-21 03:15:00,0.52438
2025-01-21 03:20:00,0.52307
2025-01-21 03:25:00,0.5186
2025-01-21 03:30:00,0.51453
2025-01-21 03:35:00,0.52263
2025-01-21 03:40:00,0.52307
2025-01-21 03:45:00,0.52638
2025-01-21 03:50:00,0.51985
2025-01-21 03:55:00,0.52791
2025-01-21 04:00:00,0.5207
2025-01-21 04:05:00,0.52352
2025-01-21 04:10:00,0.51757
2025-01-21 04:15:00,0.51805
2025-01-21 04:20:00,0.52186
2025-01-21 04:25:00,0.52413
2025-01-21 04:30:00,0.51643
2025-01-21 04:35:00,0.52
2025-01-21 04:40:00,0.51949
2025-01-21 04:45:00,0.51546
2025-01-21 04:50:00,0.52013
2025-01-21 04:55:00,0.51555
2025-01-21 05:00:00,0.51722
2025-01-21 05:05:00,0.52021
2025-01-21 05:10:00,0.51974
2025-01-21 05:15:00,0.51998
2025-01-21 05:20:00,0.50993
2025-01-21 05:25:00,0.51463
2025-01-21 05:30:00,0.5113
2025-01-21 05:35:00,0.5126
2025-01-21 05:40:00,0.52102
2025-01-21 05:45:00,0.51294
2025-01-21 05:50:00,0.51761
2025-01-21 05:55:00,0.51778
2025-01-21 06:00:00,0.50629
2025-01-21 06:05:00,0.51713
2025-01-21 06:10:00,0.50784
2025-01-21 06:15:00,0.51905
2025-01-21 06:20:00,0.5088
2025-01-21 06:25:00,0.51697
2025-01-21 06:30:00,0.51069
2025-01-21 06:35:00,0.51906
2025-01-21 06:40:00,0.51822
2025-01-21 06:45:00,0.51372
2025-01-21 06:50:00,0.51669
2025-01-21 06:55:00,0.51599
2025-01-21 07:00:00,0.51439
2025-01-21 07:05:00,0.50926
2025-01-21 07:10:00,0.50854
2025-01-21 07:15:00,0.51379
2025-01-21 07:20:00,0.51289
2025-01-21 07:25:00,0.51005
2025-01-21 07:30:00,0.51272
2025-01-21 07:35:00,0.51481
2025-01-21 07:40:00,0.50958
2025-01-21 07:45:00,0.51586
2025-01-21 07:50:00,0.51321
2025-01-21 07:55:00,0.51475
2025-01-21 08:00:00,0.50551
2025-01-21 08:05:00,0.51378
2025-01-21 08:10:00,0.51209
2025-01-21 08:15:00,0.50268
2025-01-21 08:20:00,0.5116
2025-01-21 08:25:00,0.51005
2025-01-21 08:30:00,0.5127
2025-01-21 08:35:00,0.51186
2025-01-21 08:40:00,0.51576
2025-01-21 08:45:00,0.5166
2025-01-21 08:50:00,0.50503
2025-01-21 08:55:00,0.51261
2025-01-21 09:00:00,0.51478
2025-01-21 09:05:00,0.50628
2025-01-21 09:10:00,0.51464
2025-01-21 09:15:00,0.50463
2025-01-21 09:20:00,0.50657
2025-01-21 09:25:00,0.50915
2025-01-21 09:30:00,0.51556
2025-01-21 09:35:00,0.51455
2025-01-21 09:40:00,0.51176
2025-01-21 09:45:00,0.51192
2025-01-21 09:50:00,0.50968
2025-01-21 09:55:00,0.50542
2025-01-21 10:00:00,0.51568
2025-01-21 10:05:00,0.51204
2025-01-21 10:10:00,0.51754
2025-01-21 10:15:00,0.50544
2025-01-21 10:20:00,0.51153
2025-01-21 10:25:00,0.50927
2025-01-21 10:30:00,0.50728
2025-01-21 10:35:00,0.5131
2025-01-21 10:40:00,0.50393
2025-01-21 10:45:00,0.51009
2025-01-21 10:50:00,0.51105
2025-01-21 10:55:00,0.50998
2025-01-21 11:00:00,0.50549
2025-01-21 11:05:00,0.50701
2025-01-21 11:10:00,0.51206
2025-01-21 11:15:00,0.50795
2025-01-21 11:20:00,0.51476
2025-01-21 11:25:00,0.5154
2025-01-21 11:30:00,0.51507
2025-01-21 11:35:00,0.51315
2025-01-21 11:40:00,0.50622
2025-01-21 11:45:00,0.50895
2025-01-21 11:50:00,0.51525
2025-01-21 11:55:00,0.51484
2025-01-21 12:00:00,0.51098
2025-01-21 12:05:00,0.5107
2025-01-21 12:10:00,0.51029
2025-01-21 12:15:00,0.5088
2025-01-21 12:20:00,0.51591
2025-01-21 12:25:00,0.51442
2025-01-21 12:30:00,0.50822
2025-01-21 12:35:00,0.51129
2025-01-21 12:40:00,0.51123
2025-01-21 12:45:00,0.50924
2025-01-21 12:50:00,0.51094
2025-01-21 12:55:00,0.5102
2025-01-21 13:00:00,0.50821
2025-01-21 13:05:00,0.51307
2025-01-21 13:10:00,0.51281
2025-01-21 13:15:00,0.5147
2025-01-21 13:20:00,0.51498
2025-01-21 13:25:00,0.51693
2025-01-21 13:30:00,0.51496
2025-01-21 13:35:00,0.51147
2025-01-21 13:40:00,0.50949
2025-01-21 13:45:00,0.51813
2025-01-21 13:50:00,0.5106
2025-01-21 13:55:00,0.51254
2025-01-21 14:00:00,0.51227
2025-01-21 14:05:00,0.51749
2025-01-21 14:10:00,0.51196
2025-01-21 14:15:00,0.51878
2025-01-21 14:20:00,0.51768
2025-01-21 14:25:00,0.52088
2025-01-21 14:30:00,0.52184
2025-01-21 14:35:00,0.51066
2025-01-21 14:40:00,0.51827
2025-01-21 14:45:00,0.50779
2025-01-21 14:50:00,0.51356
2025-01-21 14:55:00,0.51144
2025-01-21 15:00:00,0.51874
2025-01-21 15:05:00,0.51715
2025-01-21 15:10:00,0.51643
2025-01-21 15:15:00,0.52391
2025-01-21 15:20:00,0.51876
2025-01-21 15:25:00,0.51522
2025-01-21 15:30:00,0.52087
2025-01-21 15:35:00,0.51583
2025-01-21 15:40:00,0.52205
2025-01-21 15:45:00,0.5156
2025-01-21 15:50:00,0.51608
2025-01-21 15:55:00,0.51847
2025-01-21 16:00:00,0.51441
2025-01-21 16:05:00,0.51854
2025-01-21 16:10:00,0.5224
2025-01-21 16:15:00,0.52087
2025-01-21 16:20:00,0.52068
2025-01-21 16:25:00,0.51929
2025-01-21 16:30:00,0.51781
2025-01-21 16:35:00,0.51901
2025-01-21 16:40:00,0.51849
2025-01-21 16:45:00,0.52687
2025-01-21 16:50:00,0.51259
2025-01-21 16:55:00,0.51781
2025-01-21 17:00:00,0.5259
2025-01-21 17:05:00,0.52573
2025-01-21 17:10:00,0.51566
2025-01-21 17:15:00,0.52976
2025-01-21 17:20:00,0.51953
2025-01-21 17:25:00,0.51851
2025-01-21 17:30:00,0.51998
2025-01-21 17:35:00,0.52152
2025-01-21 17:40:00,0.52363
2025-01-21 17:45:00,0.52577
2025-01-21 17:50:00,0.52344
2025-01-21 17:55:00,0.51988
2025-01-21 18:00:00,0.52384
2025-01-21 18:05:00,0.5228
2025-01-21 18:10:00,0.5194
2025-01-21 18:15:00,0.52196
2025-01-21 18:20:00,0.5313
2025-01-21 18:25:00,0.52708
2025-01-21 18:30:00,0.52324
2025-01-21 18:35:00,0.52033
2025-01-21 18:40:00,0.52971
2025-01-21 18:45:00,0.52306
2025-01-21 18:50:00,0.52342
2025-01-21 18:55:00,0.52715
2025-01-21 19:00:00,0.52139
2025-01-21 19:05:00,0.5317
2025-01-21 19:10:00,0.52801
2025-01-21 19:15:00,0.53564
2025-01-21 19:20:00,0.52835
2025-01-21 19:25:00,0.52503
2025-01-21 19:30:00,0.53037
2025-01-21 19:35:00,0.52271
2025-01-21 19:40:00,0.52701
2025-01-21 19:45:00,0.52316
2025-01-21 19:50:00,0.52451
2025-01-21 19:55:00,0.5293
2025-01-21 20:00:00,0.53566
2025-01-21 20:05:00,0.52892
2025-01-21 20:10:00,0.5296
2025-01-21 20:15:00,0.52667
2025-01-21 20:20:00,0.52887
2025-01-21 20:25:00,0.52808
2025-01-21 20:30:00,0.52982
2025-01-21 20:35:00,0.52847
2025-01-21 20:40:00,0.52446
2025-01-21 20:45:00,0.53209
2025-01-21 20:50:00,0.53243
2025-01-21 20:55:00,0.53048
2025-01-21 21:00:00,0.5365
2025-01-21 21:05:00,0.53499
2025-01-21 21:10:00,0.5385
2025-01-21 21:15:00,0.52506
2025-01-21 21:20:00,0.52773
2025-01-21 21:25:00,0.52728
2025-01-21 21:30:00,0.53479
2025-01-21 21:35:00,0.52964
2025-01-21 21:40:00,0.52987
2025-01-21 21:45:00,0.53397
2025-01-21 21:50:00,0.52959
2025-01-21 21:55:00,0.52897
2025-01-21 22:00:00,0.53487
2025-01-21 22:05:00,0.52252
2025-01-21 22:10:00,0.53152
2025-01-21 22:15:00,0.53048
2025-01-21 22:20:00,0.52445
2025-01-21 22:25:00,0.53005
2025-01-21 22:30:00,0.53833
2025-01-21 22:35:00,0.53892
2025-01-21 22:40:00,0.52534
2025-01-21 22:45:00,0.52868
2025-01-21 22:50:00,0.52873
2025-01-21 22:55:00,0.52788
2025-01-21 23:00:00,0.52619
2025-01-21 23:05:00,0.52906
2025-01-21 23:10:00,0.52428
2025-01-21 23:15:00,0.52364
2025-01-21 23:20:00,0.52515
2025-01-21 23:25:00,0.5246
2025-01-21 23:30:00,0.5276
2025-01-21 23:35:00,0.52509
2025-01-21 23:40:00,0.52252
2025-01-21 23:45:00,0.52715
2025-01-21 23:50:00,0.52895
2025-01-21 23:55:00,0.53355
2025-01-22 00:00:00,0.52185
2025-01-22 00:05:00,0.52591
2025-01-22 00:10:00,0.52971
2025-01-22 00:15:00,0.5255
2025-01-22 00:20:00,0.52709
2025-01-22 00:25:00,0.52411
2025-01-22 00:30:00,0.52232
2025-01-22 00:35:00,0.51985
2025-01-22 00:40:00,0.52047
2025-01-22 00:45:00,0.52752
2025-01-22 00:50:00,0.53235
2025-01-22 00:55:00,0.52751
2025-01-22 01:00:00,0.52468
2025-01-22 01:05:00,0.52103
2025-01-22 01:10:00,0.5199
2025-01-22 01:15:00,0.52456
2025-01-22 01:20:00,0.52441
2025-01-22 01:25:00,0.52544
2025-01-22 01:30:00,0.52025
2025-01-22 01:35:00,0.52584
2025-01-22 01:40:00,0.51304
2025-01-22 01:45:00,0.52603
2025-01-22 01:50:00,0.52326
2025-01-22 01:55:00,0.5124
2025-01-22 02:00:00,0.52086
2025-01-22 02:05:00,0.52267
2025-01-22 02:10:00,0.52037
2025-01-22 02:15:00,0.5227
2025-01-22 02:20:00,0.52011
2025-01-22 02:25:00,0.51328
2025-01-22 02:30:00,0.52004
2025-01-22 02:35:00,0.51652
2025-01-22 02:40:00,0.52357
2025-01-22 02:45:00,0.51577
2025-01-22 02:50:00,0.51661
2025-01-22 02:55:00,0.51194
2025-01-22 03:00:00,0.52288
2025-01-22 03:05:00,0.52123
2025-01-22 03:10:00,0.51454
2025-01-22 03:15:00,0.51499
2025-01-22 03:20:00,0.51886
2025-01-22 03:25:00,0.50963
2025-01-22 03:30:00,0.51775
2025-01-22 03:35:00,0.51812
2025-01-22 03:40:00,0.51261
2025-01-22 03:45:00,0.52207
2025-01-22 03:50:00,0.52327
2025-01-22 03:55:00,0.51667
2025-01-22 04:00:00,0.51401
2025-01-22 04:05:00,0.51278
2025-01-22 04:10:00,0.5211
2025-01-22 04:15:00,0.52052
2025-01-22 04:20:00,0.51976
2025-01-22 04:25:00,0.52103
2025-01-22 04:30:00,0.513
2025-01-22 04:35:00,0.51454
2025-01-22 04:40:00,0.50628
2025-01-22 04:45:00,0.52018
2025-01-22 04:50:00,0.52261
2025-01-22 04:55:00,0.51573
2025-01-22 05:00:00,0.51089
2025-01-22 05:05:00,0.51524
2025-01-22 05:10:00,0.5103
2025-01-22 05:15:00,0.51413
2025-01-22 05:20:00,0.51574
2025-01-22 05:25:00,0.51512
2025-01-22 05:30:00,0.51086
2025-01-22 05:35:00,0.51514
2025-01-22 05:40:00,0.51218
2025-01-22 05:45:00,0.51
2025-01-22 05:50:00,0.51551
2025-01-22 05:55:00,0.50557
2025-01-22 06:00:00,0.5124
2025-01-22 06:05:00,0.51148
2025-01-22 06:10:00,0.5056
2025-01-22 06:15:00,0.51142
2025-01-22 06:20:00,0.50243
2025-01-22 06:25:00,0.51123
2025-01-22 06:30:00,0.50603
2025-01-22 06:35:00,0.50616
2025-01-22 06:40:00,0.50399
2025-01-22 06:45:00,0.51627
2025-01-22 06:50:00,0.50679
2025-01-22 06:55:00,0.50598
2025-01-22 07:00:00,0.51651
2025-01-22 07:05:00,0.52032
2025-01-22 07:10:00,0.51198
2025-01-22 07:15:00,0.51543
2025-01-22 07:20:00,0.50625
2025-01-22 07:25:00,0.51147
2025-01-22 07:30:00,0.5064
2025-01-22 07:35:00,0.50665
2025-01-22 07:40:00,0.51195
2025-01-22 07:45:00,0.50381
2025-01-22 07:50:00,0.5124
2025-01-22 07:55:00,0.50421
2025-01-22 08:00:00,0.50231
2025-01-22 08:05:00,0.51096
2025-01-22 08:10:00,0.50517
2025-01-22 08:15:00,0.50745
2025-01-22 08:20:00,0.50573
2025-01-22 08:25:00,0.51166
2025-01-22 08:30:00,0.50709
2025-01-22 08:35:00,0.50296
2025-01-22 08:40:00,0.50349
2025-01-22 08:45:00,0.50295
2025-01-22 08:50:00,0.50742
2025-01-22 08:55:00,0.51275
2025-01-22 09:00:00,0.4998
2025-01-22 09:05:00,0.49899
2025-01-22 09:10:00,0.50589
2025-01-22 09:15:00,0.5053
2025-01-22 09:20:00,0.50685
2025-01-22 09:25:00,0.50688
2025-01-22 09:30:00,0.51108
2025-01-22 09:35:00,0.50263
2025-01-22 09:40:00,0.49813
2025-01-22 09:45:00,0.49962
2025-01-22 09:50:00,0.5042
2025-01-22 09:55:00,0.49915
2025-01-22 10:00:00,0.49808
2025-01-22 10:05:00,0.50237
2025-01-22 10:10:00,0.50983
2025-01-22 10:15:00,0.50333
2025-01-22 10:20:00,0.51015
2025-01-22 10:25:00,0.50155
2025-01-22 10:30:00,0.51364
2025-01-22 10:35:00,0.50531
2025-01-22 10:40:00,0.50482
2025-01-22 10:45:00,0.49841
2025-01-22 10:50:00,0.49497
2025-01-22 10:55:00,0.50459
2025-01-22 11:00:00,0.50417
2025-01-22 11:05:00,0.50625
2025-01-22 11:10:00,0.49857
2025-01-22 11:15:00,0.4953
2025-01-22 11:20:00,0.50704
2025-01-22 11:25:00,0.5009
2025-01-22 11:30:00,0.50615
2025-01-22 11:35:00,0.50818
2025-01-22 11:40:00,0.50223
2025-01-22 11:45:00,0.50805
2025-01-22 11:50:00,0.49826
2025-01-22 11:55:00,0.50668
2025-01-22 12:00:00,0.50183
2025-01-22 12:05:00,0.50318
2025-01-22 12:10:00,0.50609
2025-01-22 12:15:00,0.5025
2025-01-22 12:20:00,0.51087
2025-01-22 12:25:00,0.51172
2025-01-22 12:30:00,0.50594
2025-01-22 12:35:00,0.50498
2025-01-22 12:40:00,0.50852
2025-01-22 12:45:00,0.50849
2025-01-22 12:50:00,0.50857
2025-01-22 12:55:00,0.51291
2025-01-22 13:00:00,0.50971
2025-01-22 13:05:00,0.50218
2025-01-22 13:10:00,0.50875
2025-01-22 13:15:00,0.50835
2025-01-22 13:20:00,0.506
2025-01-22 13:25:00,0.50518
2025-01-22 13:30:00,0.51236
2025-01-22 13:35:00,0.50719
2025-01-22 13:40:00,0.51312
2025-01-22 13:45:00,0.50499
2025-01-22 13:50:00,0.50888
2025-01-22 13:55:00,0.51137
2025-01-22 14:00:00,0.50986
2025-01-22 14:05:00,0.5107
2025-01-22 14:10:00,0.50932
2025-01-22 14:15:00,0.50767
2025-01-22 14:20:00,0.51052
2025-01-22 14:25:00,0.50553
2025-01-22 14:30:00,0.52049
2025-01-22 14:35:00,0.51279
2025-01-22 14:40:00,0.50419
2025-01-22 14:45:00,0.51114
2025-01-22 14:50:00,0.51077
2025-01-22 14:55:00,0.51073
2025-01-22 15:00:00,0.51824
2025-01-22 15:05:00,0.51485
2025-01-22 15:10:00,0.50511
2025-01-22 15:15:00,0.51485
2025-01-22 15:20:00,0.51638
2025-01-22 15:25:00,0.5177
2025-01-22 15:30:00,0.5077
2025-01-22 15:35:00,0.51372
2025-01-22 15:40:00,0.51003
2025-01-22 15:45:00,0.51417
2025-01-22 15:50:00,0.51998
2025-01-22 15:55:00,0.51026
2025-01-22 16:00:00,0.51172
2025-01-22 16:05:00,0.51441
2025-01-22 16:10:00,0.51551
2025-01-22 16:15:00,0.51988
2025-01-22 16:20:00,0.51512
2025-01-22 16:25:00,0.5103
2025-01-22 16:30:00,0.51477
2025-01-22 16:35:00,0.51821
2025-01-22 16:40:00,0.51654
2025-01-22 16:45:00,0.51616
2025-01-22 16:50:00,0.5099
2025-01-22 16:55:00,0.51766
2025-01-22 17:00:00,0.52084
2025-01-22 17:05:00,0.51592
2025-01-22 17:10:00,0.51763
2025-01-22 17:15:00,0.52638
2025-01-22 17:20:00,0.5191
2025-01-22 17:25:00,0.51952
2025-01-22 17:30:00,0.51912
2025-01-22 17:35:00,0.51949
2025-01-22 17:40:00,0.51027
2025-01-22 17:45:00,0.5239
2025-01-22 17:50:00,0.51536
2025-01-22 17:55:00,0.51721
2025-01-22 18:00:00,0.52534
2025-01-22 18:05:00,0.52874
2025-01-22 18:10:00,0.52159
2025-01-22 18:15:00,0.52288
2025-01-22 18:20:00,0.51957
2025-01-22 18:25:00,0.51551
2025-01-22 18:30:00,0.5233
2025-01-22 18:35:00,0.52067
2025-01-22 18:40:00,0.51783
2025-01-22 18:45:00,0.51703
2025-01-22 18:50:00,0.51992
2025-01-22 18:55:00,0.52396
2025-01-22 19:00:00,0.5259
2025-01-22 19:05:00,0.52197
2025-01-22 19:10:00,0.51246
2025-01-22 19:15:00,0.5243
2025-01-22 19:20:00,0.5307
2025-01-22 19:25:00,0.52597
2025-01-22 19:30:00,0.53205
2025-01-22 19:35:00,0.52063
2025-01-22 19:40:00,0.51546
2025-01-22 19:45:00,0.52071
2025-01-22 19:50:00,0.52545
2025-01-22 19:55:00,0.52515
2025-01-22 20:00:00,0.52151
2025-01-22 20:05:00,0.51968
2025-01-22 20:10:00,0.52904
2025-01-22 20:15:00,0.52473
2025-01-22 20:20:00,0.52019
2025-01-22 20:25:00,0.52659
2025-01-22 20:30:00,0.52488
2025-01-22 20:35:00,0.52584
2025-01-22 20:40:00,0.51683
2025-01-22 20:45:00,0.52622
2025-01-22 20:50:00,0.51968
2025-01-22 20:55:00,0.52234
2025-01-22 21:00:00,0.52301
2025-01-22 21:05:00,0.52829
2025-01-22 21:10:00,0.52061
2025-01-22 21:15:00,0.5263
2025-01-22 21:20:00,0.52423
2025-01-22 21:25:00,0.52205
2025-01-22 21:30:00,0.51903
2025-01-22 21:35:00,0.52463
2025-01-22 21:40:00,0.52094
2025-01-22 21:45:00,0.52049
2025-01-22 21:50:00,0.52614
2025-01-22 21:55:00,0.5272
2025-01-22 22:00:00,0.52245
2025-01-22 22:05:00,0.53459
2025-01-22 22:10:00,0.5201
2025-01-22 22:15:00,0.53238
2025-01-22 22:20:00,0.52684
2025-01-22 22:25:00,0.52416
2025-01-22 22:30:00,0.52415
2025-01-22 22:35:00,0.52644
2025-01-22 22:40:00,0.52473
2025-01-22 22:45:00,0.52833
2025-01-22 22:50:00,0.52915
2025-01-22 22:55:00,0.52623
2025-01-22 23:00:00,0.52481
2025-01-22 23:05:00,0.52955
2025-01-22 23:10:00,0.52644
2025-01-22 23:15:00,0.52634
2025-01-22 23:20:00,0.5192
2025-01-22 23:25:00,0.51875
2025-01-22 23:30:00,0.52817
2025-01-22 23:35:00,0.53007
2025-01-22 23:40:00,0.52754
2025-01-22 23:45:00,0.51869
2025-01-22 23:50:00,0.52913
2025-01-22 23:55:00,0.51824
2025-01-23 00:00:00,0.51898
2025-01-23 00:05:00,0.5189
2025-01-23 00:10:00,0.52593
2025-01-23 00:15:00,0.52572
2025-01-23 00:20:00,0.52055
2025-01-23 00:25:00,0.51985
2025-01-23 00:30:00,0.52649
2025-01-23 00:35:00,0.53147
2025-01-23 00:40:00,0.51847
2025-01-23 00:45:00,0.52528
2025-01-23 00:50:00,0.52576
2025-01-23 00:55:00,0.52518
2025-01-23 01:00:00,0.52012
2025-01-23 01:05:00,0.52443
2025-01-23 01:10:00,0.51922
2025-01-23 01:15:00,0.5205
2025-01-23 01:20:00,0.51752
2025-01-23 01:25:00,0.52689
2025-01-23 01:30:00,0.52039
2025-01-23 01:35:00,0.52308
2025-01-23 01:40:00,0.5153
2025-01-23 01:45:00,0.51962
2025-01-23 01:50:00,0.52061
2025-01-23 01:55:00,0.53054
2025-01-23 02:00:00,0.52342
2025-01-23 02:05:00,0.52667
2025-01-23 02:10:00,0.5225
2025-01-23 02:15:00,0.52075
2025-01-23 02:20:00,0.51632
2025-01-23 02:25:00,0.52052
2025-01-23 02:30:00,0.51786
2025-01-23 02:35:00,0.52728
2025-01-23 02:40:00,0.51258
2025-01-23 02:45:00,0.52585
2025-01-23 02:50:00,0.52635
2025-01-23 02:55:00,0.52443
2025-01-23 03:00:00,0.51744
2025-01-23 03:05:00,0.51853
2025-01-23 03:10:00,0.51392
2025-01-23 03:15:00,0.51867
2025-01-23 03:20:00,0.5217
2025-01-23 03:25:00,0.52207
2025-01-23 03:30:00,0.52079
2025-01-23 03:35:00,0.51569
2025-01-23 03:40:00,0.51783
2025-01-23 03:45:00,0.51835
2025-01-23 03:50:00,0.51888
2025-01-23 03:55:00,0.51434
2025-01-23 04:00:00,0.5117
2025-01-23 04:05:00,0.51551
2025-01-23 04:10:00,0.51744
2025-01-23 04:15:00,0.51782
2025-01-23 04:20:00,0.50915
2025-01-23 04:25:00,0.52081
2025-01-23 04:30:00,0.50969
2025-01-23 04:35:00,0.52052
2025-01-23 04:40:00,0.5211
2025-01-23 04:45:00,0.51533
2025-01-23 04:50:00,0.52123
2025-01-23 04:55:00,0.5185
2025-01-23 05:00:00,0.51096
2025-01-23 05:05:00,0.51323
2025-01-23 05:10:00,0.51868
2025-01-23 05:15:00,0.51532
2025-01-23 05:20:00,0.50691
2025-01-23 05:25:00,0.50992
2025-01-23 05:30:00,0.51058
2025-01-23 05:35:00,0.51173
2025-01-23 05:40:00,0.50356
2025-01-23 05:45:00,0.51271
2025-01-23 05:50:00,0.51215
2025-01-23 05:55:00,0.50595
2025-01-23 06:00:00,0.51071
2025-01-23 06:05:00,0.51106
2025-01-23 06:10:00,0.50814
2025-01-23 06:15:00,0.50657
2025-01-23 06:20:00,0.51347
2025-01-23 06:25:00,0.50453
2025-01-23 06:30:00,0.51563
2025-01-23 06:35:00,0.50617
2025-01-23 06:40:00,0.50883
2025-01-23 06:45:00,0.50684
2025-01-23 06:50:00,0.51997
2025-01-23 06:55:00,0.5131
2025-01-23 07:00:00,0.50492
2025-01-23 07:05:00,0.50947
2025-01-23 07:10:00,0.50695
2025-01-23 07:15:00,0.50896
2025-01-23 07:20:00,0.51653
2025-01-23 07:25:00,0.50587
2025-01-23 07:30:00,0.51475
2025-01-23 07:35:00,0.50902
2025-01-23 07:40:00,0.50422
2025-01-23 07:45:00,0.50403
2025-01-23 07:50:00,0.51161
2025-01-23 07:55:00,0.51375
2025-01-23 08:00:00,0.50337
2025-01-23 08:05:00,0.49728
2025-01-23 08:10:00,0.50142
2025-01-23 08:15:00,0.50841
2025-01-23 08:20:00,0.51045
2025-01-23 08:25:00,0.51387
2025-01-23 08:30:00,0.50769
2025-01-23 08:35:00,0.51325
2025-01-23 08:40:00,0.50527
2025-01-23 08:45:00,0.50793
2025-01-23 08:50:00,0.51078
2025-01-23 08:55:00,0.50197
2025-01-23 09:00:00,0.50176
2025-01-23 09:05:00,0.50706
2025-01-23 09:10:00,0.50588
2025-01-23 09:15:00,0.50461
2025-01-23 09:20:00,0.50499
2025-01-23 09:25:00,0.50967
2025-01-23 09:30:00,0.50576
2025-01-23 09:35:00,0.50622
2025-01-23 09:40:00,0.50867
2025-01-23 09:45:00,0.50685
2025-01-23 09:50:00,0.50191
2025-01-23 09:55:00,0.50756
2025-01-23 10:00:00,0.50915
2025-01-23 10:05:00,0.49898
2025-01-23 10:10:00,0.50695
2025-01-23 10:15:00,0.50854
2025-01-23 10:20:00,0.50755
2025-01-23 10:25:00,0.50471
2025-01-23 10:30:00,0.50549
2025-01-23 10:35:00,0.50507
2025-01-23 10:40:00,0.50423
2025-01-23 10:45:00,0.50834
2025-01-23 10:50:00,0.50192
2025-01-23 10:55:00,0.50151
2025-01-23 11:00:00,0.49641
2025-01-23 11:05:00,0.49701
2025-01-23 11:10:00,0.50535
2025-01-23 11:15:00,0.50353
2025-01-23 11:20:00,0.49893
2025-01-23 11:25:00,0.5001
2025-01-23 11:30:00,0.51029
2025-01-23 11:35:00,0.50398
2025-01-23 11:40:00,0.5093
2025-01-23 11:45:00,0.51132
2025-01-23 11:50:00,0.50582
2025-01-23 11:55:00,0.49783
2025-01-23 12:00:00,0.51195
2025-01-23 12:05:00,0.50338
2025-01-23 12:10:00,0.49757
2025-01-23 12:15:00,0.50452
2025-01-23 12:20:00,0.50646
2025-01-23 12:25:00,0.50459
2025-01-23 12:30:00,0.50781
2025-01-23 12:35:00,0.50903
2025-01-23 12:40:00,0.50642
2025-01-23 12:45:00,0.50378
2025-01-23 12:50:00,0.51098
2025-01-23 12:55:00,0.50684
2025-01-23 13:00:00,0.5049
2025-01-23 13:05:00,0.50812
2025-01-23 13:10:00,0.51017
2025-01-23 13:15:00,0.50471
2025-01-23 13:20:00,0.50958
2025-01-23 13:25:00,0.5085
2025-01-23 13:30:00,0.50997
2025-01-23 13:35:00,0.50692
2025-01-23 13:40:00,0.5058
2025-01-23 13:45:00,0.50453
2025-01-23 13:50:00,0.51082
2025-01-23 13:55:00,0.50171
2025-01-23 14:00:00,0.51907
2025-01-23 14:05:00,0.50837
2025-01-23 14:10:00,0.50644
2025-01-23 14:15:00,0.51245
2025-01-23 14:20:00,0.51062
2025-01-23 14:25:00,0.50776
2025-01-23 14:30:00,0.50655
2025-01-23 14:35:00,0.5086
2025-01-23 14:40:00,0.51173
2025-01-23 14:45:00,0.50035
2025-01-23 14:50:00,0.50946
2025-01-23 14:55:00,0.50768
2025-01-23 15:00:00,0.51093
2025-01-23 15:05:00,0.50971
2025-01-23 15:10:00,0.51269
2025-01-23 15:15:00,0.51628
2025-01-23 15:20:00,0.51045
2025-01-23 15:25:00,0.50659
2025-01-23 15:30:00,0.5147
2025-01-23 15:35:00,0.51593
2025-01-23 15:40:00,0.51192
2025-01-23 15:45:00,0.51777
2025-01-23 15:50:00,0.51285
2025-01-23 15:55:00,0.51116
2025-01-23 16:00:00,0.52085
2025-01-23 16:05:00,0.5121
2025-01-23 16:10:00,0.5133
2025-01-23 16:15:00,0.51727
2025-01-23 16:20:00,0.51241
2025-01-23 16:25:00,0.51881
2025-01-23 16:30:00,0.50721
2025-01-23 16:35:00,0.51316
2025-01-23 16:40:00,0.51946
2025-01-23 16:45:00,0.52046
2025-01-23 16:50:00,0.51826
2025-01-23 16:55:00,0.51693
2025-01-23 17:00:00,0.51576
2025-01-23 17:05:00,0.51602
2025-01-23 17:10:00,0.51655
2025-01-23 17:15:00,0.51949
2025-01-23 17:20:00,0.51493
2025-01-23 17:25:00,0.52009
2025-01-23 17:30:00,0.51583
2025-01-23 17:35:00,0.51363
2025-01-23 17:40:00,0.51789
2025-01-23 17:45:00,0.51486
2025-01-23 17:50:00,0.51692
2025-01-23 17:55:00,0.51818
2025-01-23 18:00:00,0.51674
2025-01-23 18:05:00,0.51818
2025-01-23 18:10:00,0.51794
2025-01-23 18:15:00,0.51961
2025-01-23 18:20:00,0.52146
2025-01-23 18:25:00,0.51857
2025-01-23 18:30:00,0.52316
2025-01-23 18:35:00,0.51905
2025-01-23 18:40:00,0.52179
2025-01-23 18:45:00,0.51484
2025-01-23 18:50:00,0.51297
2025-01-23 18:55:00,0.51792
2025-01-23 19:00:00,0.52603
2025-01-23 19:05:00,0.51799
2025-01-23 19:10:00,0.52405
2025-01-23 19:15:00,0.52673
2025-01-23 19:20:00,0.51895
2025-01-23 19:25:00,0.51634
2025-01-23 19:30:00,0.52374
2025-01-23 19:35:00,0.52285
2025-01-23 19:40:00,0.52408
2025-01-23 19:45:00,0.52569
2025-01-23 19:50:00,0.52032
2025-01-23 19:55:00,0.51891
2025-01-23 20:00:00,0.52581
2025-01-23 20:05:00,0.524
2025-01-23 20:10:00,0.5222
2025-01-23 20:15:00,0.52089
2025-01-23 20:20:00,0.52838
2025-01-23 20:25:00,0.5172
2025-01-23 20:30:00,0.52934
2025-01-23 20:35:00,0.52456
2025-01-23 20:40:00,0.52165
2025-01-23 20:45:00,0.5246
2025-01-23 20:50:00,0.52665
2025-01-23 20:55:00,0.52599
2025-01-23 21:00:00,0.52196
2025-01-23 21:05:00,0.52353
2025-01-23 21:10:00,0.52431
2025-01-23 21:15:00,0.52874
2025-01-23 21:20:00,0.51859
2025-01-23 21:25:00,0.52288
2025-01-23 21:30:00,0.52995
2025-01-23 21:35:00,0.52785
2025-01-23 21:40:00,0.52111
2025-01-23 21:45:00,0.51924
2025-01-23 21:50:00,0.52761
2025-01-23 21:55:00,0.52416
2025-01-23 22:00:00,0.5295
2025-01-23 22:05:00,0.52945
2025-01-23 22:10:00,0.52223
2025-01-23 22:15:00,0.5167
2025-01-23 22:20:00,0.52869
2025-01-23 22:25:00,0.52367
2025-01-23 22:30:00,0.5276
2025-01-23 22:35:00,0.52936
2025-01-23 22:40:00,0.52771
2025-01-23 22:45:00,0.52486
2025-01-23 22:50:00,0.52482
2025-01-23 22:55:00,0.52871
2025-01-23 23:00:00,0.52373
2025-01-23 23:05:00,0.52234
2025-01-23 23:10:00,0.51673
2025-01-23 23:15:00,0.52751
2025-01-23 23:20:00,0.52636
2025-01-23 23:25:00,0.52363
2025-01-23 23:30:00,0.53087
2025-01-23 23:35:00,0.5319
2025-01-23 23:40:00,0.5214
2025-01-23 23:45:00,0.53036
2025-01-23 23:50:00,0.52056
2025-01-23 23:55:00,0.51859
2025-01-24 00:00:00,0.52623
2025-01-24 00:05:00,0.52648
2025-01-24 00:10:00,0.51847
2025-01-24 00:15:00,0.5209
2025-01-24 00:20:00,0.5293
2025-01-24 00:25:00,0.52126
2025-01-24 00:30:00,0.52527
2025-01-24 00:35:00,0.52066
2025-01-24 00:40:00,0.52207
2025-01-24 00:45:00,0.52636
2025-01-24 00:50:00,0.51576
2025-01-24 00:55:00,0.52237
2025-01-24 01:00:00,0.52749
2025-01-24 01:05:00,0.529
2025-01-24 01:10:00,0.52412
2025-01-24 01:15:00,0.53028
2025-01-24 01:20:00,0.52429
2025-01-24 01:25:00,0.52226
2025-01-24 01:30:00,0.51765
2025-01-24 01:35:00,0.51941
2025-01-24 01:40:00,0.5244
2025-01-24 01:45:00,0.51801
2025-01-24 01:50:00,0.51957
2025-01-24 01:55:00,0.52712
2025-01-24 02:00:00,0.52105
2025-01-24 02:05:00,0.52075
2025-01-24 02:10:00,0.51346
2025-01-24 02:15:00,0.51577
2025-01-24 02:20:00,0.51871
2025-01-24 02:25:00,0.52413
2025-01-24 02:30:00,0.51913
2025-01-24 02:35:00,0.52089
2025-01-24 02:40:00,0.51863
2025-01-24 02:45:00,0.51757
2025-01-24 02:50:00,0.51691
2025-01-24 02:55:00,0.52293
2025-01-24 03:00:00,0.51126
2025-01-24 03:05:00,0.5184
2025-01-24 03:10:00,0.52079
2025-01-24 03:15:00,0.5158
2025-01-24 03:20:00,0.52353
2025-01-24 03:25:00,0.52212
2025-01-24 03:30:00,0.51949
2025-01-24 03:35:00,0.51776
2025-01-24 03:40:00,0.52121
2025-01-24 03:45:00,0.51252
2025-01-24 03:50:00,0.51863
2025-01-24 03:55:00,0.5165
2025-01-24 04:00:00,0.51613
2025-01-24 04:05:00,0.51795
2025-01-24 04:10:00,0.5204
2025-01-24 04:15:00,0.51922
2025-01-24 04:20:00,0.51267
2025-01-24 04:25:00,0.52219
2025-01-24 04:30:00,0.51789
2025-01-24 04:35:00,0.5185
2025-01-24 04:40:00,0.51565
2025-01-24 04:45:00,0.51699
2025-01-24 04:50:00,0.51189
2025-01-24 04:55:00,0.51548
2025-01-24 05:00:00,0.51256
2025-01-24 05:05:00,0.51297
2025-01-24 05:10:00,0.50965
2025-01-24 05:15:00,0.5108
2025-01-24 05:20:00,0.5146
2025-01-24 05:25:00,0.51493
2025-01-24 05:30:00,0.51273
2025-01-24 05:35:00,0.52134
2025-01-24 05:40:00,0.51105
2025-01-24 05:45:00,0.52254
2025-01-24 05:50:00,0.51544
2025-01-24 05:55:00,0.50887
2025-01-24 06:00:00,0.51085
2025-01-24 06:05:00,0.5126
2025-01-24 06:10:00,0.50404
2025-01-24 06:15:00,0.51109
2025-01-24 06:20:00,0.50144
2025-01-24 06:25:00,0.51331
2025-01-24 06:30:00,0.51241
2025-01-24 06:35:00,0.51102
2025-01-24 06:40:00,0.50976
2025-01-24 06:45:00,0.50854
2025-01-24 06:50:00,0.50539
2025-01-24 06:55:00,0.50961
2025-01-24 07:00:00,0.51015
2025-01-24 07:05:00,0.50384
2025-01-24 07:10:00,0.51259
2025-01-24 07:15:00,0.51072
2025-01-24 07:20:00,0.50146
2025-01-24 07:25:00,0.51145
2025-01-24 07:30:00,0.51104
2025-01-24 07:35:00,0.51092
2025-01-24 07:40:00,0.50196
2025-01-24 07:45:00,0.51044
2025-01-24 07:50:00,0.50937
2025-01-24 07:55:00,0.50643
2025-01-24 08:00:00,0.51043
2025-01-24 08:05:00,0.50408
2025-01-24 08:10:00,0.50537
2025-01-24 08:15:00,0.50427
2025-01-24 08:20:00,0.50312
2025-01-24 08:25:00,0.50396
2025-01-24 08:30:00,0.50365
2025-01-24 08:35:00,0.50203
2025-01-24 08:40:00,0.50826
2025-01-24 08:45:00,0.50195
2025-01-24 08:50:00,0.51216
2025-01-24 08:55:00,0.49892
2025-01-24 09:00:00,0.50594
2025-01-24 09:05:00,0.50507
2025-01-24 09:10:00,0.50568
2025-01-24 09:15:00,0.50248
2025-01-24 09:20:00,0.50775
2025-01-24 09:25:00,0.50766
2025-01-24 09:30:00,0.49868
2025-01-24 09:35:00,0.50601
2025-01-24 09:40:00,0.50659
2025-01-24 09:45:00,0.50025
2025-01-24 09:50:00,0.50553
2025-01-24 09:55:00,0.50787
2025-01-24 10:00:00,0.50882
2025-01-24 10:05:00,0.51104
2025-01-24 10:10:00,0.50414
2025-01-24 10:15:00,0.50447
2025-01-24 10:20:00,0.50176
2025-01-24 10:25:00,0.50474
2025-01-24 10:30:00,0.50596
2025-01-24 10:35:00,0.50451
2025-01-24 10:40:00,0.50186
2025-01-24 10:45:00,0.50394
2025-01-24 10:50:00,0.5066
2025-01-24 10:55:00,0.5016
2025-01-24 11:00:00,0.50086
2025-01-24 11:05:00,0.50314
2025-01-24 11:10:00,0.51325
2025-01-24 11:15:00,0.5016
2025-01-24 11:20:00,0.51052
2025-01-24 11:25:00,0.50642
2025-01-24 11:30:00,0.50749
2025-01-24 11:35:00,0.49783
2025-01-24 11:40:00,0.51185
2025-01-24 11:45:00,0.50522
2025-01-24 11:50:00,0.49537
2025-01-24 11:55:00,0.50645
2025-01-24 12:00:00,0.4963
2025-01-24 12:05:00,0.51096
2025-01-24 12:10:00,0.50588
2025-01-24 12:15:00,0.50711
2025-01-24 12:20:00,0.50561
2025-01-24 12:25:00,0.49906
2025-01-24 12:30:00,0.50192
2025-01-24 12:35:00,0.50496
2025-01-24 12:40:00,0.50388
2025-01-24 12:45:00,0.51064
2025-01-24 12:50:00,0.50732
2025-01-24 12:55:00,0.5119
2025-01-24 13:00:00,0.50708
2025-01-24 13:05:00,0.505
2025-01-24 13:10:00,0.50397
2025-01-24 13:15:00,0.50679
2025-01-24 13:20:00,0.5123
2025-01-24 13:25:00,0.50822
2025-01-24 13:30:00,0.5019
2025-01-24 13:35:00,0.51054
2025-01-24 13:40:00,0.51517
2025-01-24 13:45:00,0.51081
2025-01-24 13:50:00,0.50439
2025-01-24 13:55:00,0.5165
2025-01-24 14:00:00,0.50862
2025-01-24 14:05:00,0.50654
2025-01-24 14:10:00,0.50757
2025-01-24 14:15:00,0.50944
2025-01-24 14:20:00,0.50688
2025-01-24 14:25:00,0.50708
2025-01-24 14:30:00,0.50182
2025-01-24 14:35:00,0.50708
2025-01-24 14:40:00,0.50606
2025-01-24 14:45:00,0.50843
2025-01-24 14:50:00,0.51189
2025-01-24 14:55:00,0.50067
2025-01-24 15:00:00,0.51399
2025-01-24 15:05:00,0.51168
2025-01-24 15:10:00,0.5157
2025-01-24 15:15:00,0.50775
2025-01-24 15:20:00,0.51683
2025-01-24 15:25:00,0.51612
2025-01-24 15:30:00,0.51178
2025-01-24 15:35:00,0.51365
2025-01-24 15:40:00,0.51312
2025-01-24 15:45:00,0.51593
2025-01-24 15:50:00,0.50831
2025-01-24 15:55:00,0.51147
2025-01-24 16:00:00,0.51005
2025-01-24 16:05:00,0.51457
2025-01-24 16:10:00,0.52176
2025-01-24 16:15:00,0.50845
2025-01-24 16:20:00,0.51214
2025-01-24 16:25:00,0.51683
2025-01-24 16:30:00,0.51725
2025-01-24 16:35:00,0.51289
2025-01-24 16:40:00,0.5186
2025-01-24 16:45:00,0.51825
2025-01-24 16:50:00,0.51688
2025-01-24 16:55:00,0.5153
2025-01-24 17:00:00,0.5167
2025-01-24 17:05:00,0.52309
2025-01-24 17:10:00,0.51819
2025-01-24 17:15:00,0.52033
2025-01-24 17:20:00,0.52108
2025-01-24 17:25:00,0.5164
2025-01-24 17:30:00,0.5157
2025-01-24 17:35:00,0.52093
2025-01-24 17:40:00,0.51735
2025-01-24 17:45:00,0.51394
2025-01-24 17:50:00,0.51537
2025-01-24 17:55:00,0.51689
2025-01-24 18:00:00,0.50984
2025-01-24 18:05:00,0.52041
2025-01-24 18:10:00,0.51755
2025-01-24 18:15:00,0.51828
2025-01-24 18:20:00,0.52094
2025-01-24 18:25:00,0.52161
2025-01-24 18:30:00,0.52067
2025-01-24 18:35:00,0.52359
2025-01-24 18:40:00,0.51693
2025-01-24 18:45:00,0.5178
2025-01-24 18:50:00,0.52945
2025-01-24 18:55:00,0.52
2025-01-24 19:00:00,0.52432
2025-01-24 19:05:00,0.51943
2025-01-24 19:10:00,0.52477
2025-01-24 19:15:00,0.51936
2025-01-24 19:20:00,0.52598
2025-01-24 19:25:00,0.52224
2025-01-24 19:30:00,0.52668
2025-01-24 19:35:00,0.51634
2025-01-24 19:40:00,0.52273
2025-01-24 19:45:00,0.51708
2025-01-24 19:50:00,0.51541
2025-01-24 19:55:00,0.52545
2025-01-24 20:00:00,0.51783
2025-01-24 20:05:00,0.52445
2025-01-24 20:10:00,0.52972
2025-01-24 20:15:00,0.5173
2025-01-24 20:20:00,0.5253
2025-01-24 20:25:00,0.53058
2025-01-24 20:30:00,0.52748
2025-01-24 20:35:00,0.51854
2025-01-24 20:40:00,0.52389
2025-01-24 20:45:00,0.52174
2025-01-24 20:50:00,0.51631
2025-01-24 20:55:00,0.51683
2025-01-24 21:00:00,0.51847
2025-01-24 21:05:00,0.5335
2025-01-24 21:10:00,0.52589
2025-01-24 21:15:00,0.53009
2025-01-24 21:20:00,0.53041
2025-01-24 21:25:00,0.52526
2025-01-24 21:30:00,0.52478
2025-01-24 21:35:00,0.5257
2025-01-24 21:40:00,0.52634
2025-01-24 21:45:00,0.52756
2025-01-24 21:50:00,0.5262
2025-01-24 21:55:00,0.51975
2025-01-24 22:00:00,0.51594
2025-01-24 22:05:00,0.52375
2025-01-24 22:10:00,0.52355
2025-01-24 22:15:00,0.52752
2025-01-24 22:20:00,0.52331
2025-01-24 22:25:00,0.52692
2025-01-24 22:30:00,0.52281
2025-01-24 22:35:00,0.52105
2025-01-24 22:40:00,0.52605
2025-01-24 22:45:00,0.52882
2025-01-24 22:50:00,0.52418
2025-01-24 22:55:00,0.53664
2025-01-24 23:00:00,0.52209
2025-01-24 23:05:00,0.52122
2025-01-24 23:10:00,0.5233
2025-01-24 23:15:00,0.51792
2025-01-24 23:20:00,0.52672
2025-01-24 23:25:00,0.52846
2025-01-24 23:30:00,0.52312
2025-01-24 23:35:00,0.52328
2025-01-24 23:40:00,0.52474
2025-01-24 23:45:00,0.5222
2025-01-24 23:50:00,0.52627
2025-01-24 23:55:00,0.52399
2025-01-25 00:00:00,0.52334
2025-01-25 00:05:00,0.52938
2025-01-25 00:10:00,0.52352
2025-01-25 00:15:00,0.52709
2025-01-25 00:20:00,0.52882
2025-01-25 00:25:00,0.52315
2025-01-25 00:30:00,0.51834
2025-01-25 00:35:00,0.51713
2025-01-25 00:40:00,0.52837
2025-01-25 00:45:00,0.52795
2025-01-25 00:50:00,0.52123
2025-01-25 00:55:00,0.523
2025-01-25 01:00:00,0.52174
2025-01-25 01:05:00,0.51452
2025-01-25 01:10:00,0.52414
2025-01-25 01:15:00,0.52869
2025-01-25 01:20:00,0.51743
2025-01-25 01:25:00,0.5207
2025-01-25 01:30:00,0.52161
2025-01-25 01:35:00,0.52372
2025-01-25 01:40:00,0.52153
2025-01-25 01:45:00,0.52145
2025-01-25 01:50:00,0.51968
2025-01-25 01:55:00,0.5236
2025-01-25 02:00:00,0.51377
2025-01-25 02:05:00,0.51459
2025-01-25 02:10:00,0.52922
2025-01-25 02:15:00,0.52088
2025-01-25 02:20:00,0.5216
2025-01-25 02:25:00,0.52487
2025-01-25 02:30:00,0.5189
2025-01-25 02:35:00,0.52117
2025-01-25 02:40:00,0.52069
2025-01-25 02:45:00,0.52153
2025-01-25 02:50:00,0.51867
2025-01-25 02:55:00,0.5159
2025-01-25 03:00:00,0.51895
2025-01-25 03:05:00,0.51664
2025-01-25 03:10:00,0.5124
2025-01-25 03:15:00,0.51788
2025-01-25 03:20:00,0.52092
2025-01-25 03:25:00,0.51355
2025-01-25 03:30:00,0.5162
2025-01-25 03:35:00,0.51838
2025-01-25 03:40:00,0.5264
2025-01-25 03:45:00,0.52202
2025-01-25 03:50:00,0.52078
2025-01-25 03:55:00,0.51482
2025-01-25 04:00:00,0.51138
2025-01-25 04:05:00,0.51973
2025-01-25 04:10:00,0.51707
2025-01-25 04:15:00,0.52048
2025-01-25 04:20:00,0.51982
2025-01-25 04:25:00,0.51602
2025-01-25 04:30:00,0.50942
2025-01-25 04:35:00,0.52164
2025-01-25 04:40:00,0.51827
2025-01-25 04:45:00,0.51594
2025-01-25 04:50:00,0.5194
2025-01-25 04:55:00,0.52515
2025-01-25 05:00:00,0.51418
2025-01-25 05:05:00,0.50475
2025-01-25 05:10:00,0.51264
2025-01-25 05:15:00,0.51516
2025-01-25 05:20:00,0.51313
2025-01-25 05:25:00,0.50948
2025-01-25 05:30:00,0.50759
2025-01-25 05:35:00,0.5122
2025-01-25 05:40:00,0.51643
2025-01-25 05:45:00,0.51953
2025-01-25 05:50:00,0.51128
2025-01-25 05:55:00,0.51566
2025-01-25 06:00:00,0.51242
2025-01-25 06:05:00,0.50532
2025-01-25 06:10:00,0.51553
2025-01-25 06:15:00,0.51579
2025-01-25 06:20:00,0.51377
2025-01-25 06:25:00,0.51196
2025-01-25 06:30:00,0.50872
2025-01-25 06:35:00,0.51257
2025-01-25 06:40:00,0.51501
2025-01-25 06:45:00,0.51842
2025-01-25 06:50:00,0.50548
2025-01-25 06:55:00,0.51319
2025-01-25 07:00:00,0.5086
2025-01-25 07:05:00,0.51033
2025-01-25 07:10:00,0.50215
2025-01-25 07:15:00,0.50375
2025-01-25 07:20:00,0.50792
2025-01-25 07:25:00,0.51288
2025-01-25 07:30:00,0.51552
2025-01-25 07:35:00,0.50561
2025-01-25 07:40:00,0.50746
2025-01-25 07:45:00,0.51299
2025-01-25 07:50:00,0.50883
2025-01-25 07:55:00,0.51125
2025-01-25 08:00:00,0.50376
2025-01-25 08:05:00,0.51666
2025-01-25 08:10:00,0.50663
2025-01-25 08:15:00,0.5015
2025-01-25 08:20:00,0.50278
2025-01-25 08:25:00,0.50232
2025-01-25 08:30:00,0.50748
2025-01-25 08:35:00,0.50325
2025-01-25 08:40:00,0.50969
2025-01-25 08:45:00,0.5017
2025-01-25 08:50:00,0.50301
2025-01-25 08:55:00,0.50265
2025-01-25 09:00:00,0.49871
2025-01-25 09:05:00,0.50736
2025-01-25 09:10:00,0.50304
2025-01-25 09:15:00,0.50666
2025-01-25 09:20:00,0.50331
2025-01-25 09:25:00,0.50422
2025-01-25 09:30:00,0.50238
2025-01-25 09:35:00,0.51473
2025-01-25 09:40:00,0.50616
2025-01-25 09:45:00,0.50119
2025-01-25 09:50:00,0.5064
2025-01-25 09:55:00,0.50502
2025-01-25 10:00:00,0.50536
2025-01-25 10:05:00,0.50564
2025-01-25 10:10:00,0.49971
2025-01-25 10:15:00,0.50479
2025-01-25 10:20:00,0.5007
2025-01-25 10:25:00,0.50473
2025-01-25 10:30:00,0.50334
2025-01-25 10:35:00,0.50684
2025-01-25 10:40:00,0.50958
2025-01-25 10:45:00,0.51185
2025-01-25 10:50:00,0.50061
2025-01-25 10:55:00,0.50829
2025-01-25 11:00:00,0.5057
2025-01-25 11:05:00,0.5064
2025-01-25 11:10:00,0.49588
2025-01-25 11:15:00,0.5048
2025-01-25 11:20:00,0.50675
2025-01-25 11:25:00,0.49879
2025-01-25 11:30:00,0.50332
2025-01-25 11:35:00,0.5041
2025-01-25 11:40:00,0.50843
2025-01-25 11:45:00,0.50457
2025-01-25 11:50:00,0.51104
2025-01-25 11:55:00,0.50912
2025-01-25 12:00:00,0.5026
2025-01-25 12:05:00,0.50509
2025-01-25 12:10:00,0.50469
2025-01-25 12:15:00,0.50453
2025-01-25 12:20:00,0.51543
2025-01-25 12:25:00,0.51021
2025-01-25 12:30:00,0.50395
2025-01-25 12:35:00,0.50652
2025-01-25 12:40:00,0.50453
2025-01-25 12:45:00,0.50475
2025-01-25 12:50:00,0.50242
2025-01-25 12:55:00,0.50489
2025-01-25 13:00:00,0.50448
2025-01-25 13:05:00,0.50989
2025-01-25 13:10:00,0.50975
2025-01-25 13:15:00,0.51539
2025-01-25 13:20:00,0.50592
2025-01-25 13:25:00,0.50735
2025-01-25 13:30:00,0.51199
2025-01-25 13:35:00,0.5026
2025-01-25 13:40:00,0.50763
2025-01-25 13:45:00,0.50713
2025-01-25 13:50:00,0.50665
2025-01-25 13:55:00,0.50831
2025-01-25 14:00:00,0.51243
2025-01-25 14:05:00,0.51222
2025-01-25 14:10:00,0.50594
2025-01-25 14:15:00,0.51292
2025-01-25 14:20:00,0.509
2025-01-25 14:25:00,0.51471
2025-01-25 14:30:00,0.50728
2025-01-25 14:35:00,0.50883
2025-01-25 14:40:00,0.51113
2025-01-25 14:45:00,0.50994
2025-01-25 14:50:00,0.51217
2025-01-25 14:55:00,0.51104
2025-01-25 15:00:00,0.513
2025-01-25 15:05:00,0.50834
2025-01-25 15:10:00,0.51506
2025-01-25 15:15:00,0.51697
2025-01-25 15:20:00,0.51418
2025-01-25 15:25:00,0.51342
2025-01-25 15:30:00,0.51461
2025-01-25 15:35:00,0.50296
2025-01-25 15:40:00,0.51345
2025-01-25 15:45:00,0.51586
2025-01-25 15:50:00,0.51627
2025-01-25 15:55:00,0.51035
2025-01-25 16:00:00,0.50882
2025-01-25 16:05:00,0.51381
2025-01-25 16:10:00,0.5128
2025-01-25 16:15:00,0.51795
2025-01-25 16:20:00,0.51347
2025-01-25 16:25:00,0.51761
2025-01-25 16:30:00,0.51054
2025-01-25 16:35:00,0.51988
2025-01-25 16:40:00,0.51708
2025-01-25 16:45:00,0.51581
2025-01-25 16:50:00,0.51591
2025-01-25 16:55:00,0.51422
2025-01-25 17:00:00,0.52106
2025-01-25 17:05:00,0.52873
2025-01-25 17:10:00,0.519
2025-01-25 17:15:00,0.50888
2025-01-25 17:20:00,0.51997
2025-01-25 17:25:00,0.52421
2025-01-25 17:30:00,0.52419
2025-01-25 17:35:00,0.51654
2025-01-25 17:40:00,0.51852
2025-01-25 17:45:00,0.52469
2025-01-25 17:50:00,0.51856
2025-01-25 17:55:00,0.51707
2025-01-25 18:00:00,0.5279
2025-01-25 18:05:00,0.51612
2025-01-25 18:10:00,0.52548
2025-01-25 18:15:00,0.52226
2025-01-25 18:20:00,0.52213
2025-01-25 18:25:00,0.53074
2025-01-25 18:30:00,0.5265
2025-01-25 18:35:00,0.51377
2025-01-25 18:40:00,0.52135
2025-01-25 18:45:00,0.52333
2025-01-25 18:50:00,0.52518
2025-01-25 18:55:00,0.52756
2025-01-25 19:00:00,0.5233
2025-01-25 19:05:00,0.51864
2025-01-25 19:10:00,0.5208
2025-01-25 19:15:00,0.52698
2025-01-25 19:20:00,0.52462
2025-01-25 19:25:00,0.52288
2025-01-25 19:30:00,0.5209
2025-01-25 19:35:00,0.52316
2025-01-25 19:40:00,0.51571
2025-01-25 19:45:00,0.51673
2025-01-25 19:50:00,0.51688
2025-01-25 19:55:00,0.52511
2025-01-25 20:00:00,0.5239
2025-01-25 20:05:00,0.52677
2025-01-25 20:10:00,0.52552
2025-01-25 20:15:00,0.53133
2025-01-25 20:20:00,0.5235
2025-01-25 20:25:00,0.52445
2025-01-25 20:30:00,0.52293
2025-01-25 20:35:00,0.51757
2025-01-25 20:40:00,0.52596
2025-01-25 20:45:00,0.52486
2025-01-25 20:50:00,0.51849
2025-01-25 20:55:00,0.52219
2025-01-25 21:00:00,0.52246
2025-01-25 21:05:00,0.52683
2025-01-25 21:10:00,0.52515
2025-01-25 21:15:00,0.53031
2025-01-25 21:20:00,0.52665
2025-01-25 21:25:00,0.52179
2025-01-25 21:30:00,0.52156
2025-01-25 21:35:00,0.5282
2025-01-25 21:40:00,0.53223
2025-01-25 21:45:00,0.52493
2025-01-25 21:50:00,0.52034
2025-01-25 21:55:00,0.52246
2025-01-25 22:00:00,0.53081
2025-01-25 22:05:00,0.52378
2025-01-25 22:10:00,0.52181
2025-01-25 22:15:00,0.52454
2025-01-25 22:20:00,0.52217
2025-01-25 22:25:00,0.52092
2025-01-25 22:30:00,0.52893
2025-01-25 22:35:00,0.52004
2025-01-25 22:40:00,0.52526
2025-01-25 22:45:00,0.52293
2025-01-25 22:50:00,0.52412
2025-01-25 22:55:00,0.5202
2025-01-25 23:00:00,0.525
2025-01-25 23:05:00,0.51764
2025-01-25 23:10:00,0.52184
2025-01-25 23:15:00,0.52356
2025-01-25 23:20:00,0.5194
2025-01-25 23:25:00,0.53145
2025-01-25 23:30:00,0.52283
2025-01-25 23:35:00,0.52488
2025-01-25 23:40:00,0.52488
2025-01-25 23:45:00,0.52513
2025-01-25 23:50:00,0.53163
2025-01-25 23:55:00,0.52063
2025-01-26 00:00:00,0.52335
2025-01-26 00:05:00,0.51969
2025-01-26 00:10:00,0.5174
2025-01-26 00:15:00,0.52103
2025-01-26 00:20:00,0.52264
2025-01-26 00:25:00,0.52826
2025-01-26 00:30:00,0.52175
2025-01-26 00:35:00,0.51946
2025-01-26 00:40:00,0.52659
2025-01-26 00:45:00,0.51687
2025-01-26 00:50:00,0.52888
2025-01-26 00:55:00,0.52572
2025-01-26 01:00:00,0.52012
2025-01-26 01:05:00,0.51798
2025-01-26 01:10:00,0.52701
2025-01-26 01:15:00,0.52689
2025-01-26 01:20:00,0.51981
2025-01-26 01:25:00,0.52734
2025-01-26 01:30:00,0.51794
2025-01-26 01:35:00,0.51852
2025-01-26 01:40:00,0.52177
2025-01-26 01:45:00,0.5228
2025-01-26 01:50:00,0.52187
2025-01-26 01:55:00,0.51601
2025-01-26 02:00:00,0.52356
2025-01-26 02:05:00,0.51791
2025-01-26 02:10:00,0.51852
2025-01-26 02:15:00,0.52247
2025-01-26 02:20:00,0.52338
2025-01-26 02:25:00,0.51344
2025-01-26 02:30:00,0.52662
2025-01-26 02:35:00,0.51289
2025-01-26 02:40:00,0.51611
2025-01-26 02:45:00,0.51944
2025-01-26 02:50:00,0.52331
2025-01-26 02:55:00,0.51705
2025-01-26 03:00:00,0.52184
2025-01-26 03:05:00,0.51671
2025-01-26 03:10:00,0.51516
2025-01-26 03:15:00,0.51147
2025-01-26 03:20:00,0.51976
2025-01-26 03:25:00,0.51405
2025-01-26 03:30:00,0.51644
2025-01-26 03:35:00,0.52413
2025-01-26 03:40:00,0.52232
2025-01-26 03:45:00,0.51804
2025-01-26 03:50:00,0.52129
2025-01-26 03:55:00,0.51717
2025-01-26 04:00:00,0.5128
2025-01-26 04:05:00,0.5124
2025-01-26 04:10:00,0.51049
2025-01-26 04:15:00,0.50888
2025-01-26 04:20:00,0.51537
2025-01-26 04:25:00,0.52114
2025-01-26 04:30:00,0.52432
2025-01-26 04:35:00,0.51813
2025-01-26 04:40:00,0.51798
2025-01-26 04:45:00,0.52573
2025-01-26 04:50:00,0.51898
2025-01-26 04:55:00,0.5136
2025-01-26 05:00:00,0.50536
2025-01-26 05:05:00,0.51294
2025-01-26 05:10:00,0.51247
2025-01-26 05:15:00,0.51958
2025-01-26 05:20:00,0.51785
2025-01-26 05:25:00,0.51447
2025-01-26 05:30:00,0.50947
2025-01-26 05:35:00,0.51537
2025-01-26 05:40:00,0.5128
2025-01-26 05:45:00,0.51461
2025-01-26 05:50:00,0.5101
2025-01-26 05:55:00,0.51189
2025-01-26 06:00:00,0.51341
2025-01-26 06:05:00,0.51312
2025-01-26 06:10:00,0.5131
2025-01-26 06:15:00,0.51022
2025-01-26 06:20:00,0.51593
2025-01-26 06:25:00,0.50705
2025-01-26 06:30:00,0.51596
2025-01-26 06:35:00,0.5067
2025-01-26 06:40:00,0.50919
2025-01-26 06:45:00,0.50677
2025-01-26 06:50:00,0.51619
2025-01-26 06:55:00,0.51355
2025-01-26 07:00:00,0.50459
2025-01-26 07:05:00,0.51194
2025-01-26 07:10:00,0.50415
2025-01-26 07:15:00,0.5056
2025-01-26 07:20:00,0.50718
2025-01-26 07:25:00,0.51197
2025-01-26 07:30:00,0.50717
2025-01-26 07:35:00,0.51233
2025-01-26 07:40:00,0.51028
2025-01-26 07:45:00,0.50707
2025-01-26 07:50:00,0.50312
2025-01-26 07:55:00,0.50942
2025-01-26 08:00:00,0.50651
2025-01-26 08:05:00,0.50444
2025-01-26 08:10:00,0.50482
2025-01-26 08:15:00,0.5068
2025-01-26 08:20:00,0.51067
2025-01-26 08:25:00,0.5102
2025-01-26 08:30:00,0.50357
2025-01-26 08:35:00,0.50275
2025-01-26 08:40:00,0.50847
2025-01-26 08:45:00,0.51506
2025-01-26 08:50:00,0.50768
2025-01-26 08:55:00,0.50933
2025-01-26 09:00:00,0.49813
2025-01-26 09:05:00,0.50603
2025-01-26 09:10:00,0.50668
2025-01-26 09:15:00,0.5044
2025-01-26 09:20:00,0.51009
2025-01-26 09:25:00,0.50894
2025-01-26 09:30:00,0.50562
2025-01-26 09:35:00,0.50664
2025-01-26 09:40:00,0.51068
2025-01-26 09:45:00,0.50499
2025-01-26 09:50:00,0.51105
2025-01-26 09:55:00,0.50692
2025-01-26 10:00:00,0.5096
2025-01-26 10:05:00,0.5049
2025-01-26 10:10:00,0.50317
2025-01-26 10:15:00,0.50101
2025-01-26 10:20:00,0.50794
2025-01-26 10:25:00,0.50326
2025-01-26 10:30:00,0.5102
2025-01-26 10:35:00,0.50133
2025-01-26 10:40:00,0.50725
2025-01-26 10:45:00,0.50252
2025-01-26 10:50:00,0.50267
2025-01-26 10:55:00,0.50227
2025-01-26 11:00:00,0.51095
2025-01-26 11:05:00,0.50894
2025-01-26 11:10:00,0.50356
2025-01-26 11:15:00,0.50286
2025-01-26 11:20:00,0.50503
2025-01-26 11:25:00,0.50724
2025-01-26 11:30:00,0.50779
2025-01-26 11:35:00,0.50568
2025-01-26 11:40:00,0.50503
2025-01-26 11:45:00,0.50557
2025-01-26 11:50:00,0.51046
2025-01-26 11:55:00,0.50806
2025-01-26 12:00:00,0.50626
2025-01-26 12:05:00,0.49943
2025-01-26 12:10:00,0.50934
2025-01-26 12:15:00,0.49526
2025-01-26 12:20:00,0.51078
2025-01-26 12:25:00,0.50745
2025-01-26 12:30:00,0.50585
2025-01-26 12:35:00,0.50266
2025-01-26 12:40:00,0.5079
2025-01-26 12:45:00,0.50099
2025-01-26 12:50:00,0.50629
2025-01-26 12:55:00,0.50141
2025-01-26 13:00:00,0.50841
2025-01-26 13:05:00,0.51432
2025-01-26 13:10:00,0.51259
2025-01-26 13:15:00,0.50289
2025-01-26 13:20:00,0.51088
2025-01-26 13:25:00,0.50433
2025-01-26 13:30:00,0.51867
2025-01-26 13:35:00,0.50886
2025-01-26 13:40:00,0.50319
2025-01-26 13:45:00,0.50959
2025-01-26 13:50:00,0.51163
2025-01-26 13:55:00,0.50653
2025-01-26 14:00:00,0.50803
2025-01-26 14:05:00,0.51178
2025-01-26 14:10:00,0.5145
2025-01-26 14:15:00,0.50534
2025-01-26 14:20:00,0.51553
2025-01-26 14:25:00,0.51162
2025-01-26 14:30:00,0.51086
2025-01-26 14:35:00,0.51744
2025-01-26 14:40:00,0.50066
2025-01-26 14:45:00,0.51279
2025-01-26 14:50:00,0.50801
2025-01-26 14:55:00,0.50789
2025-01-26 15:00:00,0.51259
2025-01-26 15:05:00,0.51002
2025-01-26 15:10:00,0.51491
2025-01-26 15:15:00,0.51723
2025-01-26 15:20:00,0.51276
2025-01-26 15:25:00,0.51254
2025-01-26 15:30:00,0.51199
2025-01-26 15:35:00,0.51006
2025-01-26 15:40:00,0.50957
2025-01-26 15:45:00,0.51261
2025-01-26 15:50:00,0.51438
2025-01-26 15:55:00,0.51063
2025-01-26 16:00:00,0.51211
2025-01-26 16:05:00,0.51608
2025-01-26 16:10:00,0.51537
2025-01-26 16:15:00,0.50666
2025-01-26 16:20:00,0.51654
2025-01-26 16:25:00,0.52357
2025-01-26 16:30:00,0.51474
2025-01-26 16:35:00,0.51115
2025-01-26 16:40:00,0.51798
2025-01-26 16:45:00,0.51662
2025-01-26 16:50:00,0.51661
2025-01-26 16:55:00,0.51404
2025-01-26 17:00:00,0.52081
2025-01-26 17:05:00,0.52116
2025-01-26 17:10:00,0.51864
2025-01-26 17:15:00,0.51696
2025-01-26 17:20:00,0.51579
2025-01-26 17:25:00,0.52349
2025-01-26 17:30:00,0.5253
2025-01-26 17:35:00,0.5244
2025-01-26 17:40:00,0.51214
2025-01-26 17:45:00,0.51867
2025-01-26 17:50:00,0.51839
2025-01-26 17:55:00,0.52227
2025-01-26 18:00:00,0.51727
2025-01-26 18:05:00,0.5209
2025-01-26 18:10:00,0.52351
2025-01-26 18:15:00,0.50832
2025-01-26 18:20:00,0.5202
2025-01-26 18:25:00,0.51782
2025-01-26 18:30:00,0.52427
2025-01-26 18:35:00,0.51849
2025-01-26 18:40:00,0.51829
2025-01-26 18:45:00,0.52023
2025-01-26 18:50:00,0.52359
2025-01-26 18:55:00,0.52035
2025-01-26 19:00:00,0.52581
2025-01-26 19:05:00,0.52532
2025-01-26 19:10:00,0.52025
2025-01-26 19:15:00,0.52203
2025-01-26 19:20:00,0.52876
2025-01-26 19:25:00,0.52258
2025-01-26 19:30:00,0.52901
2025-01-26 19:35:00,0.52357
2025-01-26 19:40:00,0.52181
2025-01-26 19:45:00,0.52696
2025-01-26 19:50:00,0.52051
2025-01-26 19:55:00,0.52217
2025-01-26 20:00:00,0.5315
2025-01-26 20:05:00,0.5302
2025-01-26 20:10:00,0.52374
2025-01-26 20:15:00,0.52198
2025-01-26 20:20:00,0.52155
2025-01-26 20:25:00,0.52609
2025-01-26 20:30:00,0.52605
2025-01-26 20:35:00,0.52319
2025-01-26 20:40:00,0.52189
2025-01-26 20:45:00,0.52384
2025-01-26 20:50:00,0.52172
2025-01-26 20:55:00,0.52929
2025-01-26 21:00:00,0.53067
2025-01-26 21:05:00,0.52408
2025-01-26 21:10:00,0.52396
2025-01-26 21:15:00,0.5255
2025-01-26 21:20:00,0.52009
2025-01-26 21:25:00,0.51782
2025-01-26 21:30:00,0.53529
2025-01-26 21:35:00,0.52714
2025-01-26 21:40:00,0.52358
2025-01-26 21:45:00,0.53289
2025-01-26 21:50:00,0.52213
2025-01-26 21:55:00,0.52195
2025-01-26 22:00:00,0.52544
2025-01-26 22:05:00,0.5238
2025-01-26 22:10:00,0.52315
2025-01-26 22:15:00,0.52685
2025-01-26 22:20:00,0.525
2025-01-26 22:25:00,0.52163
2025-01-26 22:30:00,0.52565
2025-01-26 22:35:00,0.53218
2025-01-26 22:40:00,0.52145
2025-01-26 22:45:00,0.52491
2025-01-26 22:50:00,0.52305
2025-01-26 22:55:00,0.52552
2025-01-26 23:00:00,0.52172
2025-01-26 23:05:00,0.5223
2025-01-26 23:10:00,0.53175
2025-01-26 23:15:00,0.52041
2025-01-26 23:20:00,0.52606
2025-01-26 23:25:00,0.52334
2025-01-26 23:30:00,0.52101
2025-01-26 23:35:00,0.52868
2025-01-26 23:40:00,0.52136
2025-01-26 23:45:00,0.52712
2025-01-26 23:50:00,0.52407
2025-01-26 23:55:00,0.52265
2025-01-27 00:00:00,0.52388
2025-01-27 00:05:00,0.52538
2025-01-27 00:10:00,0.52104
2025-01-27 00:15:00,0.52734
2025-01-27 00:20:00,0.52249
2025-01-27 00:25:00,0.52675
2025-01-27 00:30:00,0.52751
2025-01-27 00:35:00,0.52609
2025-01-27 00:40:00,0.52132
2025-01-27 00:45:00,0.52019
2025-01-27 00:50:00,0.52329
2025-01-27 00:55:00,0.52193
2025-01-27 01:00:00,0.51964
2025-01-27 01:05:00,0.52162
2025-01-27 01:10:00,0.51895
2025-01-27 01:15:00,0.51832
2025-01-27 01:20:00,0.52455
2025-01-27 01:25:00,0.51788
2025-01-27 01:30:00,0.52157
2025-01-27 01:35:00,0.52032
2025-01-27 01:40:00,0.52546
2025-01-27 01:45:00,0.52404
2025-01-27 01:50:00,0.52698
2025-01-27 01:55:00,0.51845
2025-01-27 02:00:00,0.52212
2025-01-27 02:05:00,0.51607
2025-01-27 02:10:00,0.51905
2025-01-27 02:15:00,0.51899
2025-01-27 02:20:00,0.52669
2025-01-27 02:25:00,0.52842
2025-01-27 02:30:00,0.5176
2025-01-27 02:35:00,0.52527
2025-01-27 02:40:00,0.51773
2025-01-27 02:45:00,0.51812
2025-01-27 02:50:00,0.5222
2025-01-27 02:55:00,0.51779
2025-01-27 03:00:00,0.52076
2025-01-27 03:05:00,0.51607
2025-01-27 03:10:00,0.52026
2025-01-27 03:15:00,0.52086
2025-01-27 03:20:00,0.51907
2025-01-27 03:25:00,0.51689
2025-01-27 03:30:00,0.51747
2025-01-27 03:35:00,0.51017
2025-01-27 03:40:00,0.5163
2025-01-27 03:45:00,0.51949
2025-01-27 03:50:00,0.5172
2025-01-27 03:55:00,0.51683
2025-01-27 04:00:00,0.51962
2025-01-27 04:05:00,0.51312
2025-01-27 04:10:00,0.51369
2025-01-27 04:15:00,0.51312
2025-01-27 04:20:00,0.51183
2025-01-27 04:25:00,0.51159
2025-01-27 04:30:00,0.51923
2025-01-27 04:35:00,0.50964
2025-01-27 04:40:00,0.51138
2025-01-27 04:45:00,0.51216
2025-01-27 04:50:00,0.51131
2025-01-27 04:55:00,0.51303
2025-01-27 05:00:00,0.51223
2025-01-27 05:05:00,0.50871
2025-01-27 05:10:00,0.5077
2025-01-27 05:15:00,0.5156
2025-01-27 05:20:00,0.51313
2025-01-27 05:25:00,0.51011
2025-01-27 05:30:00,0.51317
2025-01-27 05:35:00,0.51193
2025-01-27 05:40:00,0.50991
2025-01-27 05:45:00,0.50782
2025-01-27 05:50:00,0.51255
2025-01-27 05:55:00,0.50407
2025-01-27 06:00:00,0.52259
2025-01-27 06:05:00,0.51092
2025-01-27 06:10:00,0.50622
2025-01-27 06:15:00,0.51237
2025-01-27 06:20:00,0.51122
2025-01-27 06:25:00,0.51121
2025-01-27 06:30:00,0.50844
2025-01-27 06:35:00,0.51183
2025-01-27 06:40:00,0.5151
2025-01-27 06:45:00,0.50823
2025-01-27 06:50:00,0.51487
2025-01-27 06:55:00,0.51341
2025-01-27 07:00:00,0.50144
2025-01-27 07:05:00,0.51183
2025-01-27 07:10:00,0.5079
2025-01-27 07:15:00,0.50396
2025-01-27 07:20:00,0.5037
2025-01-27 07:25:00,0.5068
2025-01-27 07:30:00,0.50285
2025-01-27 07:35:00,0.507
2025-01-27 07:40:00,0.51235
2025-01-27 07:45:00,0.51225
2025-01-27 07:50:00,0.50843
2025-01-27 07:55:00,0.50264
2025-01-27 08:00:00,0.49491
2025-01-27 08:05:00,0.50483
2025-01-27 08:10:00,0.51384
2025-01-27 08:15:00,0.50566
2025-01-27 08:20:00,0.50995
2025-01-27 08:25:00,0.51206
2025-01-27 08:30:00,0.51017
2025-01-27 08:35:00,0.50577
2025-01-27 08:40:00,0.50615
2025-01-27 08:45:00,0.5054
2025-01-27 08:50:00,0.51218
2025-01-27 08:55:00,0.51118
2025-01-27 09:00:00,0.50538
2025-01-27 09:05:00,0.50339
2025-01-27 09:10:00,0.50563
2025-01-27 09:15:00,0.51805
2025-01-27 09:20:00,0.50077
2025-01-27 09:25:00,0.50708
2025-01-27 09:30:00,0.50604
2025-01-27 09:35:00,0.50945
2025-01-27 09:40:00,0.50786
2025-01-27 09:45:00,0.5077
2025-01-27 09:50:00,0.50035
2025-01-27 09:55:00,0.50745
2025-01-27 10:00:00,0.50506
2025-01-27 10:05:00,0.50503
2025-01-27 10:10:00,0.50421
2025-01-27 10:15:00,0.5005
2025-01-27 10:20:00,0.50446
2025-01-27 10:25:00,0.5115
2025-01-27 10:30:00,0.50792
2025-01-27 10:35:00,0.51145
2025-01-27 10:40:00,0.50523
2025-01-27 10:45:00,0.49849
2025-01-27 10:50:00,0.50927
2025-01-27 10:55:00,0.5059
2025-01-27 11:00:00,0.5073
2025-01-27 11:05:00,0.5013
2025-01-27 11:10:00,0.50191
2025-01-27 11:15:00,0.50636
2025-01-27 11:20:00,0.50686
2025-01-27 11:25:00,0.50501
2025-01-27 11:30:00,0.504
2025-01-27 11:35:00,0.50771
2025-01-27 11:40:00,0.50449
2025-01-27 11:45:00,0.50365
2025-01-27 11:50:00,0.50666
2025-01-27 11:55:00,0.50334
2025-01-27 12:00:00,0.50772
2025-01-27 12:05:00,0.50882
2025-01-27 12:10:00,0.50828
2025-01-27 12:15:00,0.50777
2025-01-27 12:20:00,0.51029
2025-01-27 12:25:00,0.50678
2025-01-27 12:30:00,0.51008
2025-01-27 12:35:00,0.50169
2025-01-27 12:40:00,0.49994
2025-01-27 12:45:00,0.50566
2025-01-27 12:50:00,0.50336
2025-01-27 12:55:00,0.50436
2025-01-27 13:00:00,0.50812
2025-01-27 13:05:00,0.51039
2025-01-27 13:10:00,0.50184
2025-01-27 13:15:00,0.51381
2025-01-27 13:20:00,0.50598
2025-01-27 13:25:00,0.5106
2025-01-27 13:30:00,0.50339
2025-01-27 13:35:00,0.51139
2025-01-27 13:40:00,0.50383
2025-01-27 13:45:00,0.50703
2025-01-27 13:50:00,0.51035
2025-01-27 13:55:00,0.50646
2025-01-27 14:00:00,0.50201
2025-01-27 14:05:00,0.51274
2025-01-27 14:10:00,0.51678
2025-01-27 14:15:00,0.51261
2025-01-27 14:20:00,0.51111
2025-01-27 14:25:00,0.5072
2025-01-27 14:30:00,0.50269
2025-01-27 14:35:00,0.50604
2025-01-27 14:40:00,0.50984
2025-01-27 14:45:00,0.50614
2025-01-27 14:50:00,0.51315
2025-01-27 14:55:00,0.51267
2025-01-27 15:00:00,0.50878
2025-01-27 15:05:00,0.51157
2025-01-27 15:10:00,0.50977
2025-01-27 15:15:00,0.51436
2025-01-27 15:20:00,0.51567
2025-01-27 15:25:00,0.51321
2025-01-27 15:30:00,0.51372
2025-01-27 15:35:00,0.51108
2025-01-27 15:40:00,0.51275
2025-01-27 15:45:00,0.50942
2025-01-27 15:50:00,0.51545
2025-01-27 15:55:00,0.51329
2025-01-27 16:00:00,0.5134
2025-01-27 16:05:00,0.51805
2025-01-27 16:10:00,0.51405
2025-01-27 16:15:00,0.51565
2025-01-27 16:20:00,0.51404
2025-01-27 16:25:00,0.5161
2025-01-27 16:30:00,0.51636
2025-01-27 16:35:00,0.51481
2025-01-27 16:40:00,0.51234
2025-01-27 16:45:00,0.51759
2025-01-27 16:50:00,0.51538
2025-01-27 16:55:00,0.52084
2025-01-27 17:00:00,0.52483
2025-01-27 17:05:00,0.51674
2025-01-27 17:10:00,0.51944
2025-01-27 17:15:00,0.51975
2025-01-27 17:20:00,0.52075
2025-01-27 17:25:00,0.51724
2025-01-27 17:30:00,0.5146
2025-01-27 17:35:00,0.51833
2025-01-27 17:40:00,0.51112
2025-01-27 17:45:00,0.52161
2025-01-27 17:50:00,0.52226
2025-01-27 17:55:00,0.50956
2025-01-27 18:00:00,0.52219
2025-01-27 18:05:00,0.5146
2025-01-27 18:10:00,0.51442
2025-01-27 18:15:00,0.52008
2025-01-27 18:20:00,0.52023
2025-01-27 18:25:00,0.51743
2025-01-27 18:30:00,0.52706
2025-01-27 18:35:00,0.52293
2025-01-27 18:40:00,0.5218
2025-01-27 18:45:00,0.52165
2025-01-27 18:50:00,0.52408
2025-01-27 18:55:00,0.52357
2025-01-27 19:00:00,0.52865
2025-01-27 19:05:00,0.52369
2025-01-27 19:10:00,0.52376
2025-01-27 19:15:00,0.52264
2025-01-27 19:20:00,0.52376
2025-01-27 19:25:00,0.51944
2025-01-27 19:30:00,0.51989
2025-01-27 19:35:00,0.52108
2025-01-27 19:40:00,0.52714
2025-01-27 19:45:00,0.51868
2025-01-27 19:50:00,0.51948
2025-01-27 19:55:00,0.52142
2025-01-27 20:00:00,0.51631
2025-01-27 20:05:00,0.52466
2025-01-27 20:10:00,0.51715
2025-01-27 20:15:00,0.52664
2025-01-27 20:20:00,0.52484
2025-01-27 20:25:00,0.5274
2025-01-27 20:30:00,0.52477
2025-01-27 20:35:00,0.51842
2025-01-27 20:40:00,0.52211
2025-01-27 20:45:00,0.52352
2025-01-27 20:50:00,0.5182
2025-01-27 20:55:00,0.52661
2025-01-27 21:00:00,0.52416
2025-01-27 21:05:00,0.52044
2025-01-27 21:10:00,0.5284
2025-01-27 21:15:00,0.52877
2025-01-27 21:20:00,0.52277
2025-01-27 21:25:00,0.52028
2025-01-27 21:30:00,0.52993
2025-01-27 21:35:00,0.52526
2025-01-27 21:40:00,0.52468
2025-01-27 21:45:00,0.51458
2025-01-27 21:50:00,0.52694
2025-01-27 21:55:00,0.52428
2025-01-27 22:00:00,0.52541
2025-01-27 22:05:00,0.51882
2025-01-27 22:10:00,0.52604
2025-01-27 22:15:00,0.52606
2025-01-27 22:20:00,0.52379
2025-01-27 22:25:00,0.52876
2025-01-27 22:30:00,0.52605
2025-01-27 22:35:00,0.52167
2025-01-27 22:40:00,0.52672
2025-01-27 22:45:00,0.52096
2025-01-27 22:50:00,0.5304
2025-01-27 22:55:00,0.52777
2025-01-27 23:00:00,0.52369
2025-01-27 23:05:00,0.52462
2025-01-27 23:10:00,0.52048
2025-01-27 23:15:00,0.52742
2025-01-27 23:20:00,0.52604
2025-01-27 23:25:00,0.51952
2025-01-27 23:30:00,0.52512
2025-01-27 23:35:00,0.52221
2025-01-27 23:40:00,0.52231
2025-01-27 23:45:00,0.52106
2025-01-27 23:50:00,0.52106
2025-01-27 23:55:00,0.52873
2025-01-28 00:00:00,0.53076
2025-01-28 00:05:00,0.5199
2025-01-28 00:10:00,0.52461
2025-01-28 00:15:00,0.5242
2025-01-28 00:20:00,0.52235
2025-01-28 00:25:00,0.52661
2025-01-28 00:30:00,0.52019
2025-01-28 00:35:00,0.52438
2025-01-28 00:40:00,0.5231
2025-01-28 00:45:00,0.52085
2025-01-28 00:50:00,0.51705
2025-01-28 00:55:00,0.52283
2025-01-28 01:00:00,0.5272
2025-01-28 01:05:00,0.51339
2025-01-28 01:10:00,0.52083
2025-01-28 01:15:00,0.5196
2025-01-28 01:20:00,0.52673
2025-01-28 01:25:00,0.52707
2025-01-28 01:30:00,0.52355
2025-01-28 01:35:00,0.52025
2025-01-28 01:40:00,0.52465
2025-01-28 01:45:00,0.52314
2025-01-28 01:50:00,0.52083
2025-01-28 01:55:00,0.52325
2025-01-28 02:00:00,0.51264
2025-01-28 02:05:00,0.51415
2025-01-28 02:10:00,0.52657
2025-01-28 02:15:00,0.5154
2025-01-28 02:20:00,0.52636
2025-01-28 02:25:00,0.52314
2025-01-28 02:30:00,0.52223
2025-01-28 02:35:00,0.52075
2025-01-28 02:40:00,0.51655
2025-01-28 02:45:00,0.52247
2025-01-28 02:50:00,0.52009
2025-01-28 02:55:00,0.51715
2025-01-28 03:00:00,0.51193
2025-01-28 03:05:00,0.5257
2025-01-28 03:10:00,0.51704
2025-01-28 03:15:00,0.5122
2025-01-28 03:20:00,0.50892
2025-01-28 03:25:00,0.51712
2025-01-28 03:30:00,0.51773
2025-01-28 03:35:00,0.5172
2025-01-28 03:40:00,0.51389
2025-01-28 03:45:00,0.51541
2025-01-28 03:50:00,0.52114
2025-01-28 03:55:00,0.51685
2025-01-28 04:00:00,0.51428
2025-01-28 04:05:00,0.52092
2025-01-28 04:10:00,0.50343
2025-01-28 04:15:00,0.51799
2025-01-28 04:20:00,0.51576
2025-01-28 04:25:00,0.51738
2025-01-28 04:30:00,0.51949
2025-01-28 04:35:00,0.51915
2025-01-28 04:40:00,0.51596
2025-01-28 04:45:00,0.51411
2025-01-28 04:50:00,0.51541
2025-01-28 04:55:00,0.51099
2025-01-28 05:00:00,0.51551
2025-01-28 05:05:00,0.5123
2025-01-28 05:10:00,0.51002
2025-01-28 05:15:00,0.51403
2025-01-28 05:20:00,0.5136
2025-01-28 05:25:00,0.50457
2025-01-28 05:30:00,0.51494
2025-01-28 05:35:00,0.51578
2025-01-28 05:40:00,0.51409
2025-01-28 05:45:00,0.51086
2025-01-28 05:50:00,0.51182
2025-01-28 05:55:00,0.51003
2025-01-28 06:00:00,0.5064
2025-01-28 06:05:00,0.51255
2025-01-28 06:10:00,0.51528
2025-01-28 06:15:00,0.51405
2025-01-28 06:20:00,0.50805
2025-01-28 06:25:00,0.51501
2025-01-28 06:30:00,0.50345
2025-01-28 06:35:00,0.50652
2025-01-28 06:40:00,0.51304
2025-01-28 06:45:00,0.51327
2025-01-28 06:50:00,0.51
2025-01-28 06:55:00,0.51206
2025-01-28 07:00:00,0.51353
2025-01-28 07:05:00,0.5093
2025-01-28 07:10:00,0.50908
2025-01-28 07:15:00,0.50627
2025-01-28 07:20:00,0.50952
2025-01-28 07:25:00,0.50624
2025-01-28 07:30:00,0.50866
2025-01-28 07:35:00,0.50309
2025-01-28 07:40:00,0.50898
2025-01-28 07:45:00,0.50567
2025-01-28 07:50:00,0.51095
2025-01-28 07:55:00,0.51694
2025-01-28 08:00:00,0.50758
2025-01-28 08:05:00,0.51282
2025-01-28 08:10:00,0.51372
2025-01-28 08:15:00,0.50843
2025-01-28 08:20:00,0.505
2025-01-28 08:25:00,0.50542
2025-01-28 08:30:00,0.50498
2025-01-28 08:35:00,0.49919
2025-01-28 08:40:00,0.50918
2025-01-28 08:45:00,0.50956
2025-01-28 08:50:00,0.51024
2025-01-28 08:55:00,0.5065
2025-01-28 09:00:00,0.50683
2025-01-28 09:05:00,0.49876
2025-01-28 09:10:00,0.5046
2025-01-28 09:15:00,0.50002
2025-01-28 09:20:00,0.50584
2025-01-28 09:25:00,0.50922
2025-01-28 09:30:00,0.50131
2025-01-28 09:35:00,0.51046
2025-01-28 09:40:00,0.50799
2025-01-28 09:45:00,0.50622
2025-01-28 09:50:00,0.51293
2025-01-28 09:55:00,0.49926
2025-01-28 10:00:00,0.50006
2025-01-28 10:05:00,0.50409
2025-01-28 10:10:00,0.50607
2025-01-28 10:15:00,0.51303
2025-01-28 10:20:00,0.50773
2025-01-28 10:25:00,0.49679
2025-01-28 10:30:00,0.50063
2025-01-28 10:35:00,0.50596
2025-01-28 10:40:00,0.50812
2025-01-28 10:45:00,0.5014
2025-01-28 10:50:00,0.50802
2025-01-28 10:55:00,0.50577
2025-01-28 11:00:00,0.50961
2025-01-28 11:05:00,0.5164
2025-01-28 11:10:00,0.50992
2025-01-28 11:15:00,0.50659
2025-01-28 11:20:00,0.50523
2025-01-28 11:25:00,0.49978
2025-01-28 11:30:00,0.50173
2025-01-28 11:35:00,0.50478
2025-01-28 11:40:00,0.50372
2025-01-28 11:45:00,0.50654
2025-01-28 11:50:00,0.50392
2025-01-28 11:55:00,0.50202
2025-01-28 12:00:00,0.51233
2025-01-28 12:05:00,0.50214
2025-01-28 12:10:00,0.51081
2025-01-28 12:15:00,0.51203
2025-01-28 12:20:00,0.50211
2025-01-28 12:25:00,0.50521
2025-01-28 12:30:00,0.50064
2025-01-28 12:35:00,0.50468
2025-01-28 12:40:00,0.50535
2025-01-28 12:45:00,0.50268
2025-01-28 12:50:00,0.50904
2025-01-28 12:55:00,0.50876
2025-01-28 13:00:00,0.50392
2025-01-28 13:05:00,0.50225
2025-01-28 13:10:00,0.51006
2025-01-28 13:15:00,0.50738
2025-01-28 13:20:00,0.51408
2025-01-28 13:25:00,0.50892
2025-01-28 13:30:00,0.508
2025-01-28 13:35:00,0.50164
2025-01-28 13:40:00,0.50955
2025-01-28 13:45:00,0.5063
2025-01-28 13:50:00,0.50383
2025-01-28 13:55:00,0.51436
2025-01-28 14:00:00,0.50508
2025-01-28 14:05:00,0.50957
2025-01-28 14:10:00,0.50993
2025-01-28 14:15:00,0.5153
2025-01-28 14:20:00,0.50806
2025-01-28 14:25:00,0.51375
2025-01-28 14:30:00,0.51937
2025-01-28 14:35:00,0.50631
2025-01-28 14:40:00,0.5088
2025-01-28 14:45:00,0.50745
2025-01-28 14:50:00,0.50751
2025-01-28 14:55:00,0.5101
2025-01-28 15:00:00,0.51067
2025-01-28 15:05:00,0.50746
2025-01-28 15:10:00,0.51714
2025-01-28 15:15:00,0.50927
2025-01-28 15:20:00,0.51765
2025-01-28 15:25:00,0.51007
2025-01-28 15:30:00,0.51139
2025-01-28 15:35:00,0.51345
2025-01-28 15:40:00,0.51157
2025-01-28 15:45:00,0.50933
2025-01-28 15:50:00,0.50705
2025-01-28 15:55:00,0.51054
2025-01-28 16:00:00,0.51586
2025-01-28 16:05:00,0.51928
2025-01-28 16:10:00,0.516
2025-01-28 16:15:00,0.50925
2025-01-28 16:20:00,0.51733
2025-01-28 16:25:00,0.51836
2025-01-28 16:30:00,0.51581
2025-01-28 16:35:00,0.51489
2025-01-28 16:40:00,0.51487
2025-01-28 16:45:00,0.51677
2025-01-28 16:50:00,0.5138
2025-01-28 16:55:00,0.51836
2025-01-28 17:00:00,0.51476
2025-01-28 17:05:00,0.51775
2025-01-28 17:10:00,0.51279
2025-01-28 17:15:00,0.51751
2025-01-28 17:20:00,0.51086
2025-01-28 17:25:00,0.51503
2025-01-28 17:30:00,0.51522
2025-01-28 17:35:00,0.52694
2025-01-28 17:40:00,0.51663
2025-01-28 17:45:00,0.51836
2025-01-28 17:50:00,0.51391
2025-01-28 17:55:00,0.52016
2025-01-28 18:00:00,0.51933
2025-01-28 18:05:00,0.51815
2025-01-28 18:10:00,0.51716
2025-01-28 18:15:00,0.52209
2025-01-28 18:20:00,0.51778
2025-01-28 18:25:00,0.5188
2025-01-28 18:30:00,0.5229
2025-01-28 18:35:00,0.52486
2025-01-28 18:40:00,0.51641
2025-01-28 18:45:00,0.52294
2025-01-28 18:50:00,0.52178
2025-01-28 18:55:00,0.5158
2025-01-28 19:00:00,0.51666
2025-01-28 19:05:00,0.5229
2025-01-28 19:10:00,0.52351
2025-01-28 19:15:00,0.51491
2025-01-28 19:20:00,0.52294
2025-01-28 19:25:00,0.51977
2025-01-28 19:30:00,0.52038
2025-01-28 19:35:00,0.51871
2025-01-28 19:40:00,0.5241
2025-01-28 19:45:00,0.52603
2025-01-28 19:50:00,0.5203
2025-01-28 19:55:00,0.51706
2025-01-28 20:00:00,0.5239
2025-01-28 20:05:00,0.52719
2025-01-28 20:10:00,0.53073
2025-01-28 20:15:00,0.52178
2025-01-28 20:20:00,0.52934
2025-01-28 20:25:00,0.51973
2025-01-28 20:30:00,0.5243
2025-01-28 20:35:00,0.52709
2025-01-28 20:40:00,0.52452
2025-01-28 20:45:00,0.52404
2025-01-28 20:50:00,0.51699
2025-01-28 20:55:00,0.51995
2025-01-28 21:00:00,0.53268
2025-01-28 21:05:00,0.52328
2025-01-28 21:10:00,0.51953
2025-01-28 21:15:00,0.52924
2025-01-28 21:20:00,0.52647
2025-01-28 21:25:00,0.5251
2025-01-28 21:30:00,0.53142
2025-01-28 21:35:00,0.52564
2025-01-28 21:40:00,0.52236
2025-01-28 21:45:00,0.52737
2025-01-28 21:50:00,0.522
2025-01-28 21:55:00,0.52928
2025-01-28 22:00:00,0.52249
2025-01-28 22:05:00,0.52703
2025-01-28 22:10:00,0.52237
2025-01-28 22:15:00,0.52548
2025-01-28 22:20:00,0.52766
2025-01-28 22:25:00,0.52474
2025-01-28 22:30:00,0.52857
2025-01-28 22:35:00,0.52395
2025-01-28 22:40:00,0.53132
2025-01-28 22:45:00,0.52609
2025-01-28 22:50:00,0.53089
2025-01-28 22:55:00,0.52761
2025-01-28 23:00:00,0.51835
2025-01-28 23:05:00,0.52453
2025-01-28 23:10:00,0.52126
2025-01-28 23:15:00,0.52146
2025-01-28 23:20:00,0.51846
2025-01-28 23:25:00,0.528
2025-01-28 23:30:00,0.52522
2025-01-28 23:35:00,0.51757
2025-01-28 23:40:00,0.52088
2025-01-28 23:45:00,0.53327
2025-01-28 23:50:00,0.51737
2025-01-28 23:55:00,0.52052
2025-01-29 00:00:00,0.52832
2025-01-29 00:05:00,0.52608
2025-01-29 00:10:00,0.5263
2025-01-29 00:15:00,0.53383
2025-01-29 00:20:00,0.52381
2025-01-29 00:25:00,0.53218
2025-01-29 00:30:00,0.53252
2025-01-29 00:35:00,0.53011
2025-01-29 00:40:00,0.52711
2025-01-29 00:45:00,0.52864
2025-01-29 00:50:00,0.5317
2025-01-29 00:55:00,0.52451
2025-01-29 01:00:00,0.52764
2025-01-29 01:05:00,0.5256
2025-01-29 01:10:00,0.53115
2025-01-29 01:15:00,0.5253
2025-01-29 01:20:00,0.52721
2025-01-29 01:25:00,0.52351
2025-01-29 01:30:00,0.52612
2025-01-29 01:35:00,0.52677
2025-01-29 01:40:00,0.53173
2025-01-29 01:45:00,0.52773
2025-01-29 01:50:00,0.52964
2025-01-29 01:55:00,0.52216
2025-01-29 02:00:00,0.5214
2025-01-29 02:05:00,0.51884
2025-01-29 02:10:00,0.52345
2025-01-29 02:15:00,0.52932
2025-01-29 02:20:00,0.52938
2025-01-29 02:25:00,0.52928
2025-01-29 02:30:00,0.52088
2025-01-29 02:35:00,0.52415
2025-01-29 02:40:00,0.52266
2025-01-29 02:45:00,0.52457
2025-01-29 02:50:00,0.52257
2025-01-29 02:55:00,0.52835
2025-01-29 03:00:00,0.52286
2025-01-29 03:05:00,0.52719
2025-01-29 03:10:00,0.51824
2025-01-29 03:15:00,0.51893
2025-01-29 03:20:00,0.52457
2025-01-29 03:25:00,0.53019
2025-01-29 03:30:00,0.52399
2025-01-29 03:35:00,0.51625
2025-01-29 03:40:00,0.51756
2025-01-29 03:45:00,0.52925
2025-01-29 03:50:00,0.5308
2025-01-29 03:55:00,0.52
2025-01-29 04:00:00,0.52125
2025-01-29 04:05:00,0.52019
2025-01-29 04:10:00,0.51737
2025-01-29 04:15:00,0.5167
2025-01-29 04:20:00,0.52364
2025-01-29 04:25:00,0.53004
2025-01-29 04:30:00,0.52415
2025-01-29 04:35:00,0.52768
2025-01-29 04:40:00,0.51739
2025-01-29 04:45:00,0.51601
2025-01-29 04:50:00,0.51914
2025-01-29 04:55:00,0.5284
2025-01-29 05:00:00,0.51792
2025-01-29 05:05:00,0.52021
2025-01-29 05:10:00,0.51305
2025-01-29 05:15:00,0.51949
2025-01-29 05:20:00,0.51654
2025-01-29 05:25:00,0.50899
2025-01-29 05:30:00,0.51501
2025-01-29 05:35:00,0.50614
2025-01-29 05:40:00,0.52022
2025-01-29 05:45:00,0.52054
2025-01-29 05:50:00,0.51785
2025-01-29 05:55:00,0.52421
2025-01-29 06:00:00,0.51941
2025-01-29 06:05:00,0.51904
2025-01-29 06:10:00,0.51615
2025-01-29 06:15:00,0.51465
2025-01-29 06:20:00,0.5163
2025-01-29 06:25:00,0.51083
2025-01-29 06:30:00,0.51251
2025-01-29 06:35:00,0.51137
2025-01-29 06:40:00,0.52359
2025-01-29 06:45:00,0.51723
2025-01-29 06:50:00,0.51964
2025-01-29 06:55:00,0.50614
2025-01-29 07:00:00,0.51423
2025-01-29 07:05:00,0.51663
2025-01-29 07:10:00,0.50533
2025-01-29 07:15:00,0.51372
2025-01-29 07:20:00,0.51436
2025-01-29 07:25:00,0.51576
2025-01-29 07:30:00,0.50492
2025-01-29 07:35:00,0.51431
2025-01-29 07:40:00,0.51872
2025-01-29 07:45:00,0.51097
2025-01-29 07:50:00,0.50651
2025-01-29 07:55:00,0.50807
2025-01-29 08:00:00,0.51091
2025-01-29 08:05:00,0.51061
2025-01-29 08:10:00,0.51938
2025-01-29 08:15:00,0.50834
2025-01-29 08:20:00,0.5196
2025-01-29 08:25:00,0.51478
2025-01-29 08:30:00,0.5077
2025-01-29 08:35:00,0.51293
2025-01-29 08:40:00,0.51273
2025-01-29 08:45:00,0.51053
2025-01-29 08:50:00,0.51219
2025-01-29 08:55:00,0.52255
2025-01-29 09:00:00,0.50629
2025-01-29 09:05:00,0.50934
2025-01-29 09:10:00,0.50685
2025-01-29 09:15:00,0.50822
2025-01-29 09:20:00,0.51544
2025-01-29 09:25:00,0.51407
2025-01-29 09:30:00,0.51378
2025-01-29 09:35:00,0.50318
2025-01-29 09:40:00,0.50445
2025-01-29 09:45:00,0.50959
2025-01-29 09:50:00,0.51355
2025-01-29 09:55:00,0.50922
2025-01-29 10:00:00,0.51245
2025-01-29 10:05:00,0.51235
2025-01-29 10:10:00,0.5121
2025-01-29 10:15:00,0.51278
2025-01-29 10:20:00,0.51584
2025-01-29 10:25:00,0.50974
2025-01-29 10:30:00,0.51163
2025-01-29 10:35:00,0.51395
2025-01-29 10:40:00,0.51142
2025-01-29 10:45:00,0.50765
2025-01-29 10:50:00,0.51025
2025-01-29 10:55:00,0.5079
2025-01-29 11:00:00,0.51275
2025-01-29 11:05:00,0.50799
2025-01-29 11:10:00,0.51309
2025-01-29 11:15:00,0.50915
2025-01-29 11:20:00,0.50372
2025-01-29 11:25:00,0.51542
2025-01-29 11:30:00,0.50927
2025-01-29 11:35:00,0.51269
2025-01-29 11:40:00,0.51732
2025-01-29 11:45:00,0.51806
2025-01-29 11:50:00,0.50866
2025-01-29 11:55:00,0.51182
2025-01-29 12:00:00,0.50395
2025-01-29 12:05:00,0.51105
2025-01-29 12:10:00,0.50994
2025-01-29 12:15:00,0.51443
2025-01-29 12:20:00,0.51479
2025-01-29 12:25:00,0.51166
2025-01-29 12:30:00,0.51206
2025-01-29 12:35:00,0.51321
2025-01-29 12:40:00,0.50754
2025-01-29 12:45:00,0.51315
2025-01-29 12:50:00,0.51421
2025-01-29 12:55:00,0.5162
2025-01-29 13:00:00,0.50182
2025-01-29 13:05:00,0.51452
2025-01-29 13:10:00,0.51612
2025-01-29 13:15:00,0.5134
2025-01-29 13:20:00,0.51071
2025-01-29 13:25:00,0.51154
2025-01-29 13:30:00,0.50923
2025-01-29 13:35:00,0.50816
2025-01-29 13:40:00,0.51865
2025-01-29 13:45:00,0.51859
2025-01-29 13:50:00,0.50841
2025-01-29 13:55:00,0.51245
2025-01-29 14:00:00,0.52107
2025-01-29 14:05:00,0.51058
2025-01-29 14:10:00,0.5169
2025-01-29 14:15:00,0.51943
2025-01-29 14:20:00,0.509
2025-01-29 14:25:00,0.50921
2025-01-29 14:30:00,0.51114
2025-01-29 14:35:00,0.5187
2025-01-29 14:40:00,0.51565
2025-01-29 14:45:00,0.51627
2025-01-29 14:50:00,0.51048
2025-01-29 14:55:00,0.51323
2025-01-29 15:00:00,0.51806
2025-01-29 15:05:00,0.51841
2025-01-29 15:10:00,0.5124
2025-01-29 15:15:00,0.52202
2025-01-29 15:20:00,0.51066
2025-01-29 15:25:00,0.51187
2025-01-29 15:30:00,0.51779
2025-01-29 15:35:00,0.52278
2025-01-29 15:40:00,0.51733
2025-01-29 15:45:00,0.51328
2025-01-29 15:50:00,0.52036
2025-01-29 15:55:00,0.51187
2025-01-29 16:00:00,0.51855
2025-01-29 16:05:00,0.52531
2025-01-29 16:10:00,0.52354
2025-01-29 16:15:00,0.51867
2025-01-29 16:20:00,0.52306
2025-01-29 16:25:00,0.52155
2025-01-29 16:30:00,0.5182
2025-01-29 16:35:00,0.51965
2025-01-29 16:40:00,0.5163
2025-01-29 16:45:00,0.51738
2025-01-29 16:50:00,0.521
2025-01-29 16:55:00,0.514
2025-01-29 17:00:00,0.51332
2025-01-29 17:05:00,0.52676
2025-01-29 17:10:00,0.52228
2025-01-29 17:15:00,0.52687
2025-01-29 17:20:00,0.52074
2025-01-29 17:25:00,0.51837
2025-01-29 17:30:00,0.52659
2025-01-29 17:35:00,0.52455
2025-01-29 17:40:00,0.52254
2025-01-29 17:45:00,0.52135
2025-01-29 17:50:00,0.52676
2025-01-29 17:55:00,0.52447
2025-01-29 18:00:00,0.52563
2025-01-29 18:05:00,0.52215
2025-01-29 18:10:00,0.5182
2025-01-29 18:15:00,0.52466
2025-01-29 18:20:00,0.5262
2025-01-29 18:25:00,0.528
2025-01-29 18:30:00,0.52367
2025-01-29 18:35:00,0.51877
2025-01-29 18:40:00,0.52882
2025-01-29 18:45:00,0.52518
2025-01-29 18:50:00,0.53191
2025-01-29 18:55:00,0.52037
2025-01-29 19:00:00,0.52671
2025-01-29 19:05:00,0.52805
2025-01-29 19:10:00,0.52987
2025-01-29 19:15:00,0.51958
2025-01-29 19:20:00,0.52659
2025-01-29 19:25:00,0.52192
2025-01-29 19:30:00,0.52952
2025-01-29 19:35:00,0.52294
2025-01-29 19:40:00,0.52679
2025-01-29 19:45:00,0.52666
2025-01-29 19:50:00,0.52624
2025-01-29 19:55:00,0.52641
2025-01-29 20:00:00,0.52838
2025-01-29 20:05:00,0.53116
2025-01-29 20:10:00,0.53704
2025-01-29 20:15:00,0.52973
2025-01-29 20:20:00,0.52942
2025-01-29 20:25:00,0.52011
2025-01-29 20:30:00,0.52945
2025-01-29 20:35:00,0.52887
2025-01-29 20:40:00,0.52782
2025-01-29 20:45:00,0.54059
2025-01-29 20:50:00,0.53072
2025-01-29 20:55:00,0.52411
2025-01-29 21:00:00,0.52994
2025-01-29 21:05:00,0.53857
2025-01-29 21:10:00,0.533
2025-01-29 21:15:00,0.5243
2025-01-29 21:20:00,0.52301
2025-01-29 21:25:00,0.5279
2025-01-29 21:30:00,0.53185
2025-01-29 21:35:00,0.53008
2025-01-29 21:40:00,0.53711
2025-01-29 21:45:00,0.53072
2025-01-29 21:50:00,0.51864
2025-01-29 21:55:00,0.52771
2025-01-29 22:00:00,0.53543
2025-01-29 22:05:00,0.52878
2025-01-29 22:10:00,0.53429
2025-01-29 22:15:00,0.52909
2025-01-29 22:20:00,0.53464
2025-01-29 22:25:00,0.53009
2025-01-29 22:30:00,0.52928
2025-01-29 22:35:00,0.52851
2025-01-29 22:40:00,0.53308
2025-01-29 22:45:00,0.53172
2025-01-29 22:50:00,0.53026
2025-01-29 22:55:00,0.52438
2025-01-29 23:00:00,0.52964
2025-01-29 23:05:00,0.53187
2025-01-29 23:10:00,0.53434
2025-01-29 23:15:00,0.52748
2025-01-29 23:20:00,0.52667
2025-01-29 23:25:00,0.53058
2025-01-29 23:30:00,0.52902
2025-01-29 23:35:00,0.52235
2025-01-29 23:40:00,0.52872
2025-01-29 23:45:00,0.53219
2025-01-29 23:50:00,0.53072
2025-01-29 23:55:00,0.52952
2025-01-30 00:00:00,0.53045
2025-01-30 00:05:00,0.52749
2025-01-30 00:10:00,0.52665
2025-01-30 00:15:00,0.52701
2025-01-30 00:20:00,0.52676
2025-01-30 00:25:00,0.5216
2025-01-30 00:30:00,0.5319
2025-01-30 00:35:00,0.53143
2025-01-30 00:40:00,0.52185
2025-01-30 00:45:00,0.53358
2025-01-30 00:50:00,0.5277
2025-01-30 00:55:00,0.52906
2025-01-30 01:00:00,0.52269
2025-01-30 01:05:00,0.52757
2025-01-30 01:10:00,0.52427
2025-01-30 01:15:00,0.52846
2025-01-30 01:20:00,0.52965
2025-01-30 01:25:00,0.52524
2025-01-30 01:30:00,0.5222
2025-01-30 01:35:00,0.52086
2025-01-30 01:40:00,0.52772
2025-01-30 01:45:00,0.53079
2025-01-30 01:50:00,0.53029
2025-01-30 01:55:00,0.5304
2025-01-30 02:00:00,0.52493
2025-01-30 02:05:00,0.52835
2025-01-30 02:10:00,0.52832
2025-01-30 02:15:00,0.52214
2025-01-30 02:20:00,0.52821
2025-01-30 02:25:00,0.52256
2025-01-30 02:30:00,0.52349
2025-01-30 02:35:00,0.52245
2025-01-30 02:40:00,0.53243
2025-01-30 02:45:00,0.52922
2025-01-30 02:50:00,0.53211
2025-01-30 02:55:00,0.52382
2025-01-30 03:00:00,0.52385
2025-01-30 03:05:00,0.52386
2025-01-30 03:10:00,0.52276
2025-01-30 03:15:00,0.52452
2025-01-30 03:20:00,0.52964
2025-01-30 03:25:00,0.51913
2025-01-30 03:30:00,0.52513
2025-01-30 03:35:00,0.52033
2025-01-30 03:40:00,0.52451
2025-01-30 03:45:00,0.51855
2025-01-30 03:50:00,0.52873
2025-01-30 03:55:00,0.52464
2025-01-30 04:00:00,0.52177
2025-01-30 04:05:00,0.51459
2025-01-30 04:10:00,0.51708
2025-01-30 04:15:00,0.51876
2025-01-30 04:20:00,0.51253
2025-01-30 04:25:00,0.52706
2025-01-30 04:30:00,0.51871
2025-01-30 04:35:00,0.51775
2025-01-30 04:40:00,0.51646
2025-01-30 04:45:00,0.5195
2025-01-30 04:50:00,0.52837
2025-01-30 04:55:00,0.52695
2025-01-30 05:00:00,0.52507
2025-01-30 05:05:00,0.51745
2025-01-30 05:10:00,0.5144
2025-01-30 05:15:00,0.51602
2025-01-30 05:20:00,0.52087
2025-01-30 05:25:00,0.51442
2025-01-30 05:30:00,0.51797
2025-01-30 05:35:00,0.51824
2025-01-30 05:40:00,0.52446
2025-01-30 05:45:00,0.51056
2025-01-30 05:50:00,0.51784
2025-01-30 05:55:00,0.51404
2025-01-30 06:00:00,0.51719
2025-01-30 06:05:00,0.523
2025-01-30 06:10:00,0.52096
2025-01-30 06:15:00,0.51331
2025-01-30 06:20:00,0.51039
2025-01-30 06:25:00,0.51361
2025-01-30 06:30:00,0.51857
2025-01-30 06:35:00,0.51705
2025-01-30 06:40:00,0.50627
2025-01-30 06:45:00,0.51706
2025-01-30 06:50:00,0.51591
2025-01-30 06:55:00,0.51097
2025-01-30 07:00:00,0.51223
2025-01-30 07:05:00,0.51701
2025-01-30 07:10:00,0.5165
2025-01-30 07:15:00,0.50866
2025-01-30 07:20:00,0.50528
2025-01-30 07:25:00,0.51128
2025-01-30 07:30:00,0.50904
2025-01-30 07:35:00,0.51476
2025-01-30 07:40:00,0.50467
2025-01-30 07:45:00,0.50355
2025-01-30 07:50:00,0.51464
2025-01-30 07:55:00,0.50963
2025-01-30 08:00:00,0.5102
2025-01-30 08:05:00,0.51251
2025-01-30 08:10:00,0.51384
2025-01-30 08:15:00,0.51197
2025-01-30 08:20:00,0.51448
2025-01-30 08:25:00,0.50895
2025-01-30 08:30:00,0.50929
2025-01-30 08:35:00,0.51295
2025-01-30 08:40:00,0.50717
2025-01-30 08:45:00,0.5096
2025-01-30 08:50:00,0.50864
2025-01-30 08:55:00,0.50698
2025-01-30 09:00:00,0.51238
2025-01-30 09:05:00,0.51781
2025-01-30 09:10:00,0.50795
2025-01-30 09:15:00,0.51029
2025-01-30 09:20:00,0.51204
2025-01-30 09:25:00,0.50963
2025-01-30 09:30:00,0.51067
2025-01-30 09:35:00,0.51486
2025-01-30 09:40:00,0.50974
2025-01-30 09:45:00,0.50534
2025-01-30 09:50:00,0.50192
2025-01-30 09:55:00,0.5179
2025-01-30 10:00:00,0.51236
2025-01-30 10:05:00,0.5183
2025-01-30 10:10:00,0.50841
2025-01-30 10:15:00,0.51028
2025-01-30 10:20:00,0.5088
2025-01-30 10:25:00,0.51404
2025-01-30 10:30:00,0.50649
2025-01-30 10:35:00,0.51092
2025-01-30 10:40:00,0.50472
2025-01-30 10:45:00,0.51089
2025-01-30 10:50:00,0.51418
2025-01-30 10:55:00,0.50823
2025-01-30 11:00:00,0.5074
2025-01-30 11:05:00,0.51414
2025-01-30 11:10:00,0.51116
2025-01-30 11:15:00,0.50881
2025-01-30 11:20:00,0.51161
2025-01-30 11:25:00,0.50425
2025-01-30 11:30:00,0.5065
2025-01-30 11:35:00,0.50726
2025-01-30 11:40:00,0.50937
2025-01-30 11:45:00,0.51397
2025-01-30 11:50:00,0.52179
2025-01-30 11:55:00,0.51251
2025-01-30 12:00:00,0.51387
2025-01-30 12:05:00,0.51601
2025-01-30 12:10:00,0.50475
2025-01-30 12:15:00,0.50775
2025-01-30 12:20:00,0.51297
2025-01-30 12:25:00,0.51645
2025-01-30 12:30:00,0.50333
2025-01-30 12:35:00,0.50904
2025-01-30 12:40:00,0.51211
2025-01-30 12:45:00,0.51237
2025-01-30 12:50:00,0.51522
2025-01-30 12:55:00,0.51482
2025-01-30 13:00:00,0.51359
2025-01-30 13:05:00,0.5237
2025-01-30 13:10:00,0.50977
2025-01-30 13:15:00,0.51314
2025-01-30 13:20:00,0.51415
2025-01-30 13:25:00,0.51673
2025-01-30 13:30:00,0.51069
2025-01-30 13:35:00,0.51831
2025-01-30 13:40:00,0.5181
2025-01-30 13:45:00,0.51016
2025-01-30 13:50:00,0.51734
2025-01-30 13:55:00,0.5094
2025-01-30 14:00:00,0.50623
2025-01-30 14:05:00,0.51767
2025-01-30 14:10:00,0.51623
2025-01-30 14:15:00,0.5164
2025-01-30 14:20:00,0.51527
2025-01-30 14:25:00,0.51616
2025-01-30 14:30:00,0.51755
2025-01-30 14:35:00,0.52128
2025-01-30 14:40:00,0.51228
2025-01-30 14:45:00,0.50919
2025-01-30 14:50:00,0.51515
2025-01-30 14:55:00,0.50533
2025-01-30 15:00:00,0.51209
2025-01-30 15:05:00,0.52043
2025-01-30 15:10:00,0.51624
2025-01-30 15:15:00,0.52174
2025-01-30 15:20:00,0.51602
2025-01-30 15:25:00,0.52348
2025-01-30 15:30:00,0.50766
2025-01-30 15:35:00,0.52306
2025-01-30 15:40:00,0.52114
2025-01-30 15:45:00,0.51729
2025-01-30 15:50:00,0.51725
2025-01-30 15:55:00,0.52254
2025-01-30 16:00:00,0.51487
2025-01-30 16:05:00,0.51541
2025-01-30 16:10:00,0.51405
2025-01-30 16:15:00,0.51951
2025-01-30 16:20:00,0.52527
2025-01-30 16:25:00,0.51924
2025-01-30 16:30:00,0.51937
2025-01-30 16:35:00,0.51789
2025-01-30 16:40:00,0.51825
2025-01-30 16:45:00,0.51888
2025-01-30 16:50:00,0.5224
2025-01-30 16:55:00,0.51963
2025-01-30 17:00:00,0.52017
2025-01-30 17:05:00,0.51751
2025-01-30 17:10:00,0.51598
2025-01-30 17:15:00,0.52376
2025-01-30 17:20:00,0.52748
2025-01-30 17:25:00,0.52309
2025-01-30 17:30:00,0.5222
2025-01-30 17:35:00,0.51931
2025-01-30 17:40:00,0.52073
2025-01-30 17:45:00,0.52564
2025-01-30 17:50:00,0.51943
2025-01-30 17:55:00,0.52866
2025-01-30 18:00:00,0.53165
2025-01-30 18:05:00,0.52544
2025-01-30 18:10:00,0.52581
2025-01-30 18:15:00,0.52245
2025-01-30 18:20:00,0.52238
2025-01-30 18:25:00,0.52342
2025-01-30 18:30:00,0.52609
2025-01-30 18:35:00,0.52325
2025-01-30 18:40:00,0.52378
2025-01-30 18:45:00,0.52362
2025-01-30 18:50:00,0.52174
2025-01-30 18:55:00,0.52445
2025-01-30 19:00:00,0.5188
2025-01-30 19:05:00,0.52611
2025-01-30 19:10:00,0.52715
2025-01-30 19:15:00,0.5254
2025-01-30 19:20:00,0.52277
2025-01-30 19:25:00,0.52653
2025-01-30 19:30:00,0.52833
2025-01-30 19:35:00,0.53532
2025-01-30 19:40:00,0.52733
2025-01-30 19:45:00,0.53278
2025-01-30 19:50:00,0.53113
2025-01-30 19:55:00,0.52755
2025-01-30 20:00:00,0.52984
2025-01-30 20:05:00,0.53142
2025-01-30 20:10:00,0.532
2025-01-30 20:15:00,0.53037
2025-01-30 20:20:00,0.53129
2025-01-30 20:25:00,0.53356
2025-01-30 20:30:00,0.53167
2025-01-30 20:35:00,0.51944
2025-01-30 20:40:00,0.52822
2025-01-30 20:45:00,0.52004
2025-01-30 20:50:00,0.52991
2025-01-30 20:55:00,0.53545
2025-01-30 21:00:00,0.52625
2025-01-30 21:05:00,0.52966
2025-01-30 21:10:00,0.52436
2025-01-30 21:15:00,0.52723
2025-01-30 21:20:00,0.53245
2025-01-30 21:25:00,0.52994
2025-01-30 21:30:00,0.52993
2025-01-30 21:35:00,0.52827
2025-01-30 21:40:00,0.53323
2025-01-30 21:45:00,0.53023
2025-01-30 21:50:00,0.53592
2025-01-30 21:55:00,0.53001
2025-01-30 22:00:00,0.52488
2025-01-30 22:05:00,0.51967
2025-01-30 22:10:00,0.52634
2025-01-30 22:15:00,0.52626
2025-01-30 22:20:00,0.53122
2025-01-30 22:25:00,0.53395
2025-01-30 22:30:00,0.52362
2025-01-30 22:35:00,0.53645
2025-01-30 22:40:00,0.53132
2025-01-30 22:45:00,0.52698
2025-01-30 22:50:00,0.52843
2025-01-30 22:55:00,0.53174
2025-01-30 23:00:00,0.53043
2025-01-30 23:05:00,0.52905
2025-01-30 23:10:00,0.53254
2025-01-30 23:15:00,0.52892
2025-01-30 23:20:00,0.53673
2025-01-30 23:25:00,0.53177
2025-01-30 23:30:00,0.53357
2025-01-30 23:35:00,0.52917
2025-01-30 23:40:00,0.52788
2025-01-30 23:45:00,0.5293
2025-01-30 23:50:00,0.53017
2025-01-30 23:55:00,0.52894
2025-01-31 00:00:00,0.52821
2025-01-31 00:05:00,0.52638
2025-01-31 00:10:00,0.53382
2025-01-31 00:15:00,0.53134
2025-01-31 00:20:00,0.52594
2025-01-31 00:25:00,0.53192
2025-01-31 00:30:00,0.53051
2025-01-31 00:35:00,0.52566
2025-01-31 00:40:00,0.53154
2025-01-31 00:45:00,0.52639
2025-01-31 00:50:00,0.52871
2025-01-31 00:55:00,0.52861
2025-01-31 01:00:00,0.52444
2025-01-31 01:05:00,0.5266
2025-01-31 01:10:00,0.52844
2025-01-31 01:15:00,0.52855
2025-01-31 01:20:00,0.52908
2025-01-31 01:25:00,0.52023
2025-01-31 01:30:00,0.52565
2025-01-31 01:35:00,0.52705
2025-01-31 01:40:00,0.52454
2025-01-31 01:45:00,0.53003
2025-01-31 01:50:00,0.52823
2025-01-31 01:55:00,0.52739
2025-01-31 02:00:00,0.52354
2025-01-31 02:05:00,0.52836
2025-01-31 02:10:00,0.52553
2025-01-31 02:15:00,0.52165
2025-01-31 02:20:00,0.51865
2025-01-31 02:25:00,0.52351
2025-01-31 02:30:00,0.52688
2025-01-31 02:35:00,0.51984
2025-01-31 02:40:00,0.52323
2025-01-31 02:45:00,0.5235
2025-01-31 02:50:00,0.52329
2025-01-31 02:55:00,0.5259
2025-01-31 03:00:00,0.51831
2025-01-31 03:05:00,0.51511
2025-01-31 03:10:00,0.51894
2025-01-31 03:15:00,0.51728
2025-01-31 03:20:00,0.53239
2025-01-31 03:25:00,0.51993
2025-01-31 03:30:00,0.52588
2025-01-31 03:35:00,0.52844
2025-01-31 03:40:00,0.51326
2025-01-31 03:45:00,0.5227
2025-01-31 03:50:00,0.52571
2025-01-31 03:55:00,0.51892
2025-01-31 04:00:00,0.51769
2025-01-31 04:05:00,0.51846
2025-01-31 04:10:00,0.51827
2025-01-31 04:15:00,0.51913
2025-01-31 04:20:00,0.51908
2025-01-31 04:25:00,0.52528
2025-01-31 04:30:00,0.52249
2025-01-31 04:35:00,0.53147
2025-01-31 04:40:00,0.50864
2025-01-31 04:45:00,0.51353
2025-01-31 04:50:00,0.51515
2025-01-31 04:55:00,0.52053
2025-01-31 05:00:00,0.51577
2025-01-31 05:05:00,0.51334
2025-01-31 05:10:00,0.51695
2025-01-31 05:15:00,0.51122
2025-01-31 05:20:00,0.51534
2025-01-31 05:25:00,0.51459
2025-01-31 05:30:00,0.51117
2025-01-31 05:35:00,0.51952
2025-01-31 05:40:00,0.51952
2025-01-31 05:45:00,0.51644
2025-01-31 05:50:00,0.51934
2025-01-31 05:55:00,0.51634
2025-01-31 06:00:00,0.51607
2025-01-31 06:05:00,0.51273
2025-01-31 06:10:00,0.51309
2025-01-31 06:15:00,0.51918
2025-01-31 06:20:00,0.50478
2025-01-31 06:25:00,0.50962
2025-01-31 06:30:00,0.51096
2025-01-31 06:35:00,0.50656
2025-01-31 06:40:00,0.51109
2025-01-31 06:45:00,0.51677
2025-01-31 06:50:00,0.51657
2025-01-31 06:55:00,0.51853
2025-01-31 07:00:00,0.51359
2025-01-31 07:05:00,0.5051
2025-01-31 07:10:00,0.51113
2025-01-31 07:15:00,0.51212
2025-01-31 07:20:00,0.51181
2025-01-31 07:25:00,0.51224
2025-01-31 07:30:00,0.51372
2025-01-31 07:35:00,0.5074
2025-01-31 07:40:00,0.50764
2025-01-31 07:45:00,0.5085
2025-01-31 07:50:00,0.50948
2025-01-31 07:55:00,0.51535
2025-01-31 08:00:00,0.51093
2025-01-31 08:05:00,0.51141
2025-01-31 08:10:00,0.51115
2025-01-31 08:15:00,0.50574
2025-01-31 08:20:00,0.51206
2025-01-31 08:25:00,0.50505
2025-01-31 08:30:00,0.51213
2025-01-31 08:35:00,0.51217
2025-01-31 08:40:00,0.51219
2025-01-31 08:45:00,0.51411
2025-01-31 08:50:00,0.50654
2025-01-31 08:55:00,0.50533
2025-01-31 09:00:00,0.51052
2025-01-31 09:05:00,0.51155
2025-01-31 09:10:00,0.51103
2025-01-31 09:15:00,0.5072
2025-01-31 09:20:00,0.51343
2025-01-31 09:25:00,0.51041
2025-01-31 09:30:00,0.50879
2025-01-31 09:35:00,0.5097
2025-01-31 09:40:00,0.51149
2025-01-31 09:45:00,0.5122
2025-01-31 09:50:00,0.50633
2025-01-31 09:55:00,0.5132
2025-01-31 10:00:00,0.50419
2025-01-31 10:05:00,0.51415
2025-01-31 10:10:00,0.50688
2025-01-31 10:15:00,0.52061
2025-01-31 10:20:00,0.50898
2025-01-31 10:25:00,0.50999
2025-01-31 10:30:00,0.51428
2025-01-31 10:35:00,0.50886
2025-01-31 10:40:00,0.50792
2025-01-31 10:45:00,0.51379
2025-01-31 10:50:00,0.5034
2025-01-31 10:55:00,0.50574
2025-01-31 11:00:00,0.50885
2025-01-31 11:05:00,0.50824
2025-01-31 11:10:00,0.50528
2025-01-31 11:15:00,0.50764
2025-01-31 11:20:00,0.50133
2025-01-31 11:25:00,0.51179
2025-01-31 11:30:00,0.5039
2025-01-31 11:35:00,0.51713
2025-01-31 11:40:00,0.50838
2025-01-31 11:45:00,0.51511
2025-01-31 11:50:00,0.51285
2025-01-31 11:55:00,0.50961
2025-01-31 12:00:00,0.51484
2025-01-31 12:05:00,0.51062
2025-01-31 12:10:00,0.50826
2025-01-31 12:15:00,0.51
2025-01-31 12:20:00,0.50675
2025-01-31 12:25:00,0.50729
2025-01-31 12:30:00,0.51108
2025-01-31 12:35:00,0.51466
2025-01-31 12:40:00,0.50858
2025-01-31 12:45:00,0.50468
2025-01-31 12:50:00,0.50958
2025-01-31 12:55:00,0.50818
2025-01-31 13:00:00,0.51212
2025-01-31 13:05:00,0.51389
2025-01-31 13:10:00,0.50802
2025-01-31 13:15:00,0.51253
2025-01-31 13:20:00,0.5196
2025-01-31 13:25:00,0.51394
2025-01-31 13:30:00,0.52345
2025-01-31 13:35:00,0.51342
2025-01-31 13:40:00,0.50552
2025-01-31 13:45:00,0.5097
2025-01-31 13:50:00,0.50981
2025-01-31 13:55:00,0.51414
2025-01-31 14:00:00,0.5157
2025-01-31 14:05:00,0.514
2025-01-31 14:10:00,0.51011
2025-01-31 14:15:00,0.51863
2025-01-31 14:20:00,0.51271
2025-01-31 14:25:00,0.51661
2025-01-31 14:30:00,0.50687
2025-01-31 14:35:00,0.51918
2025-01-31 14:40:00,0.516
2025-01-31 14:45:00,0.51109
2025-01-31 14:50:00,0.51169
2025-01-31 14:55:00,0.51512
2025-01-31 15:00:00,0.52115
2025-01-31 15:05:00,0.52631
2025-01-31 15:10:00,0.51196
2025-01-31 15:15:00,0.51641
2025-01-31 15:20:00,0.51747
2025-01-31 15:25:00,0.5152
2025-01-31 15:30:00,0.51297
2025-01-31 15:35:00,0.5153
2025-01-31 15:40:00,0.51978
2025-01-31 15:45:00,0.51314
2025-01-31 15:50:00,0.51961
2025-01-31 15:55:00,0.51421
2025-01-31 16:00:00,0.52972
2025-01-31 16:05:00,0.51718
2025-01-31 16:10:00,0.5221
2025-01-31 16:15:00,0.51617
2025-01-31 16:20:00,0.51787
2025-01-31 16:25:00,0.51541
2025-01-31 16:30:00,0.51762
2025-01-31 16:35:00,0.52262
2025-01-31 16:40:00,0.52872
2025-01-31 16:45:00,0.51755
2025-01-31 16:50:00,0.52074
2025-01-31 16:55:00,0.51951
2025-01-31 17:00:00,0.52427
2025-01-31 17:05:00,0.51879
2025-01-31 17:10:00,0.5173
2025-01-31 17:15:00,0.5176
2025-01-31 17:20:00,0.52454
2025-01-31 17:25:00,0.52146
2025-01-31 17:30:00,0.52528
2025-01-31 17:35:00,0.52066
2025-01-31 17:40:00,0.53487
2025-01-31 17:45:00,0.52246
2025-01-31 17:50:00,0.5267
2025-01-31 17:55:00,0.51835
2025-01-31 18:00:00,0.52259
2025-01-31 18:05:00,0.53138
2025-01-31 18:10:00,0.5195
2025-01-31 18:15:00,0.52536
2025-01-31 18:20:00,0.52742
2025-01-31 18:25:00,0.52027
2025-01-31 18:30:00,0.51712
2025-01-31 18:35:00,0.52177
2025-01-31 18:40:00,0.52126
2025-01-31 18:45:00,0.5295
2025-01-31 18:50:00,0.52092
2025-01-31 18:55:00,0.52473
2025-01-31 19:00:00,0.51812
2025-01-31 19:05:00,0.52607
2025-01-31 19:10:00,0.52486
2025-01-31 19:15:00,0.52884
2025-01-31 19:20:00,0.51939
2025-01-31 19:25:00,0.52527
2025-01-31 19:30:00,0.52466
2025-01-31 19:35:00,0.52839
2025-01-31 19:40:00,0.52764
2025-01-31 19:45:00,0.52775
2025-01-31 19:50:00,0.53435
2025-01-31 19:55:00,0.52823
2025-01-31 20:00:00,0.52418
2025-01-31 20:05:00,0.5288
2025-01-31 20:10:00,0.53576
2025-01-31 20:15:00,0.52773
2025-01-31 20:20:00,0.52892
2025-01-31 20:25:00,0.53287
2025-01-31 20:30:00,0.52621
2025-01-31 20:35:00,0.52909
2025-01-31 20:40:00,0.53133
2025-01-31 20:45:00,0.53118
2025-01-31 20:50:00,0.53225
2025-01-31 20:55:00,0.52856
2025-01-31 21:00:00,0.52673
2025-01-31 21:05:00,0.53139
2025-01-31 21:10:00,0.53389
2025-01-31 21:15:00,0.52507
2025-01-31 21:20:00,0.53108
2025-01-31 21:25:00,0.53064
2025-01-31 21:30:00,0.53607
2025-01-31 21:35:00,0.52721
2025-01-31 21:40:00,0.52987
2025-01-31 21:45:00,0.52841
2025-01-31 21:50:00,0.5279
2025-01-31 21:55:00,0.5337
2025-01-31 22:00:00,0.5369
2025-01-31 22:05:00,0.5272
2025-01-31 22:10:00,0.53042
2025-01-31 22:15:00,0.52673
2025-01-31 22:20:00,0.53572
2025-01-31 22:25:00,0.52623
2025-01-31 22:30:00,0.52419
2025-01-31 22:35:00,0.53022
2025-01-31 22:40:00,0.53054
2025-01-31 22:45:00,0.53052
2025-01-31 22:50:00,0.53327
2025-01-31 22:55:00,0.53312
2025-01-31 23:00:00,0.52701
2025-01-31 23:05:00,0.52275
2025-01-31 23:10:00,0.53364
2025-01-31 23:15:00,0.53054
2025-01-31 23:20:00,0.52974
2025-01-31 23:25:00,0.52341
2025-01-31 23:30:00,0.53179
2025-01-31 23:35:00,0.53215
2025-01-31 23:40:00,0.53181
2025-01-31 23:45:00,0.53411
2025-01-31 23:50:00,0.53496
2025-01-31 23:55:00,0.53322
2025-02-01 00:00:00,0.5287
2025-02-01 00:05:00,0.52638
2025-02-01 00:10:00,0.52937
2025-02-01 00:15:00,0.52861
2025-02-01 00:20:00,0.5323
2025-02-01 00:25:00,0.52205
2025-02-01 00:30:00,0.52917
2025-02-01 00:35:00,0.52369
2025-02-01 00:40:00,0.53098
2025-02-01 00:45:00,0.53226
2025-02-01 00:50:00,0.53923
2025-02-01 00:55:00,0.53279
2025-02-01 01:00:00,0.52683
2025-02-01 01:05:00,0.53375
2025-02-01 01:10:00,0.53371
2025-02-01 01:15:00,0.52483
2025-02-01 01:20:00,0.53201
2025-02-01 01:25:00,0.52276
2025-02-01 01:30:00,0.53227
2025-02-01 01:35:00,0.52796
2025-02-01 01:40:00,0.53041
2025-02-01 01:45:00,0.5323
2025-02-01 01:50:00,0.52462
2025-02-01 01:55:00,0.52412
2025-02-01 02:00:00,0.52517
2025-02-01 02:05:00,0.53063
2025-02-01 02:10:00,0.5314
2025-02-01 02:15:00,0.51293
2025-02-01 02:20:00,0.52156
2025-02-01 02:25:00,0.52168
2025-02-01 02:30:00,0.52552
2025-02-01 02:35:00,0.52351
2025-02-01 02:40:00,0.52338
2025-02-01 02:45:00,0.52989
2025-02-01 02:50:00,0.52981
2025-02-01 02:55:00,0.52002
2025-02-01 03:00:00,0.52692
2025-02-01 03:05:00,0.52487
2025-02-01 03:10:00,0.5256
2025-02-01 03:15:00,0.52511
2025-02-01 03:20:00,0.52575
2025-02-01 03:25:00,0.51904
2025-02-01 03:30:00,0.52194
2025-02-01 03:35:00,0.52397
2025-02-01 03:40:00,0.52088
2025-02-01 03:45:00,0.52322
2025-02-01 03:50:00,0.52345
2025-02-01 03:55:00,0.52616
2025-02-01 04:00:00,0.52277
2025-02-01 04:05:00,0.51836
2025-02-01 04:10:00,0.51607
2025-02-01 04:15:00,0.52109
2025-02-01 04:20:00,0.51886
2025-02-01 04:25:00,0.52141
2025-02-01 04:30:00,0.5155
2025-02-01 04:35:00,0.51828
2025-02-01 04:40:00,0.51675
2025-02-01 04:45:00,0.51538
2025-02-01 04:50:00,0.5265
2025-02-01 04:55:00,0.522
2025-02-01 05:00:00,0.51623
2025-02-01 05:05:00,0.51575
2025-02-01 05:10:00,0.52223
2025-02-01 05:15:00,0.51411
2025-02-01 05:20:00,0.51726
2025-02-01 05:25:00,0.51552
2025-02-01 05:30:00,0.51044
2025-02-01 05:35:00,0.52675
2025-02-01 05:40:00,0.51722
2025-02-01 05:45:00,0.51161
2025-02-01 05:50:00,0.51436
2025-02-01 05:55:00,0.52167
2025-02-01 06:00:00,0.5107
2025-02-01 06:05:00,0.51786
2025-02-01 06:10:00,0.51849
2025-02-01 06:15:00,0.51389
2025-02-01 06:20:00,0.51472
2025-02-01 06:25:00,0.50953
2025-02-01 06:30:00,0.51321
2025-02-01 06:35:00,0.51925
2025-02-01 06:40:00,0.51887
2025-02-01 06:45:00,0.51311
2025-02-01 06:50:00,0.5106
2025-02-01 06:55:00,0.51171
2025-02-01 07:00:00,0.51252
2025-02-01 07:05:00,0.51212
2025-02-01 07:10:00,0.5147
2025-02-01 07:15:00,0.50949
2025-02-01 07:20:00,0.50909
2025-02-01 07:25:00,0.5145
2025-02-01 07:30:00,0.51353
2025-02-01 07:35:00,0.51497
2025-02-01 07:40:00,0.51962
2025-02-01 07:45:00,0.51436
2025-02-01 07:50:00,0.507
2025-02-01 07:55:00,0.5162
2025-02-01 08:00:00,0.51183
2025-02-01 08:05:00,0.51378
2025-02-01 08:10:00,0.5153
2025-02-01 08:15:00,0.51018
2025-02-01 08:20:00,0.51759
2025-02-01 08:25:00,0.50781
2025-02-01 08:30:00,0.51507
2025-02-01 08:35:00,0.50713
2025-02-01 08:40:00,0.50792
2025-02-01 08:45:00,0.50739
2025-02-01 08:50:00,0.50445
2025-02-01 08:55:00,0.50537
2025-02-01 09:00:00,0.51161
2025-02-01 09:05:00,0.51285
2025-02-01 09:10:00,0.51277
2025-02-01 09:15:00,0.50866
2025-02-01 09:20:00,0.51204
2025-02-01 09:25:00,0.51374
2025-02-01 09:30:00,0.50775
2025-02-01 09:35:00,0.51112
2025-02-01 09:40:00,0.50602
2025-02-01 09:45:00,0.50937
2025-02-01 09:50:00,0.51808
2025-02-01 09:55:00,0.51369
2025-02-01 10:00:00,0.50783
2025-02-01 10:05:00,0.51044
2025-02-01 10:10:00,0.50423
2025-02-01 10:15:00,0.51367
2025-02-01 10:20:00,0.50997
2025-02-01 10:25:00,0.51571
2025-02-01 10:30:00,0.50726
2025-02-01 10:35:00,0.51177
2025-02-01 10:40:00,0.51501
2025-02-01 10:45:00,0.50744
2025-02-01 10:50:00,0.50294
2025-02-01 10:55:00,0.51273
2025-02-01 11:00:00,0.51194
2025-02-01 11:05:00,0.50373
2025-02-01 11:10:00,0.5113
2025-02-01 11:15:00,0.5117
2025-02-01 11:20:00,0.51272
2025-02-01 11:25:00,0.51024
2025-02-01 11:30:00,0.51767
2025-02-01 11:35:00,0.50579
2025-02-01 11:40:00,0.51283
2025-02-01 11:45:00,0.51046
2025-02-01 11:50:00,0.50885
2025-02-01 11:55:00,0.51021
2025-02-01 12:00:00,0.51776
2025-02-01 12:05:00,0.51842
2025-02-01 12:10:00,0.50916
2025-02-01 12:15:00,0.51167
2025-02-01 12:20:00,0.51201
2025-02-01 12:25:00,0.50696
2025-02-01 12:30:00,0.50548
2025-02-01 12:35:00,0.51141
2025-02-01 12:40:00,0.51064
2025-02-01 12:45:00,0.50512
2025-02-01 12:50:00,0.51594
2025-02-01 12:55:00,0.50603
2025-02-01 13:00:00,0.51193
2025-02-01 13:05:00,0.5121
2025-02-01 13:10:00,0.51044
2025-02-01 13:15:00,0.5179
2025-02-01 13:20:00,0.51064
2025-02-01 13:25:00,0.51638
2025-02-01 13:30:00,0.51835
2025-02-01 13:35:00,0.51625
2025-02-01 13:40:00,0.51222
2025-02-01 13:45:00,0.51522
2025-02-01 13:50:00,0.50701
2025-02-01 13:55:00,0.51469
2025-02-01 14:00:00,0.5085
2025-02-01 14:05:00,0.51592
2025-02-01 14:10:00,0.51552
2025-02-01 14:15:00,0.50961
2025-02-01 14:20:00,0.51924
2025-02-01 14:25:00,0.51419
2025-02-01 14:30:00,0.51576
2025-02-01 14:35:00,0.51333
2025-02-01 14:40:00,0.51993
2025-02-01 14:45:00,0.51041
2025-02-01 14:50:00,0.51992
2025-02-01 14:55:00,0.51977
2025-02-01 15:00:00,0.51706
2025-02-01 15:05:00,0.52266
2025-02-01 15:10:00,0.51471
2025-02-01 15:15:00,0.5169
2025-02-01 15:20:00,0.51459
2025-02-01 15:25:00,0.52036
2025-02-01 15:30:00,0.51957
2025-02-01 15:35:00,0.51123
2025-02-01 15:40:00,0.52049
2025-02-01 15:45:00,0.51953
2025-02-01 15:50:00,0.51281
2025-02-01 15:55:00,0.51267
2025-02-01 16:00:00,0.52292
2025-02-01 16:05:00,0.52322
2025-02-01 16:10:00,0.52106
2025-02-01 16:15:00,0.51836
2025-02-01 16:20:00,0.51749
2025-02-01 16:25:00,0.52265
2025-02-01 16:30:00,0.51479
2025-02-01 16:35:00,0.51784
2025-02-01 16:40:00,0.521
2025-02-01 16:45:00,0.52419
2025-02-01 16:50:00,0.52743
2025-02-01 16:55:00,0.51963
2025-02-01 17:00:00,0.52646
2025-02-01 17:05:00,0.52433
2025-02-01 17:10:00,0.52164
2025-02-01 17:15:00,0.52649
2025-02-01 17:20:00,0.52007
2025-02-01 17:25:00,0.51942
2025-02-01 17:30:00,0.51802
2025-02-01 17:35:00,0.52088
2025-02-01 17:40:00,0.52646
2025-02-01 17:45:00,0.52526
2025-02-01 17:50:00,0.52384
2025-02-01 17:55:00,0.52606
2025-02-01 18:00:00,0.52794
2025-02-01 18:05:00,0.52747
2025-02-01 18:10:00,0.52455
2025-02-01 18:15:00,0.52925
2025-02-01 18:20:00,0.52573
2025-02-01 18:25:00,0.51613
2025-02-01 18:30:00,0.52055
2025-02-01 18:35:00,0.53128
2025-02-01 18:40:00,0.53068
2025-02-01 18:45:00,0.52835
2025-02-01 18:50:00,0.52205
2025-02-01 18:55:00,0.52497
2025-02-01 19:00:00,0.5238
2025-02-01 19:05:00,0.52109
2025-02-01 19:10:00,0.52406
2025-02-01 19:15:00,0.52039
2025-02-01 19:20:00,0.52692
2025-02-01 19:25:00,0.52087
2025-02-01 19:30:00,0.53558
2025-02-01 19:35:00,0.52896
2025-02-01 19:40:00,0.52905
2025-02-01 19:45:00,0.52497
2025-02-01 19:50:00,0.52362
2025-02-01 19:55:00,0.52837
2025-02-01 20:00:00,0.52408
2025-02-01 20:05:00,0.5273
2025-02-01 20:10:00,0.52328
2025-02-01 20:15:00,0.52516
2025-02-01 20:20:00,0.53302
2025-02-01 20:25:00,0.52603
2025-02-01 20:30:00,0.52465
2025-02-01 20:35:00,0.52372
2025-02-01 20:40:00,0.52848
2025-02-01 20:45:00,0.53198
2025-02-01 20:50:00,0.53007
2025-02-01 20:55:00,0.53322
2025-02-01 21:00:00,0.52805
2025-02-01 21:05:00,0.53007
2025-02-01 21:10:00,0.52571
2025-02-01 21:15:00,0.52842
2025-02-01 21:20:00,0.52744
2025-02-01 21:25:00,0.52598
2025-02-01 21:30:00,0.53293
2025-02-01 21:35:00,0.53235
2025-02-01 21:40:00,0.53309
2025-02-01 21:45:00,0.5241
2025-02-01 21:50:00,0.53221
2025-02-01 21:55:00,0.53018
2025-02-01 22:00:00,0.52937
2025-02-01 22:05:00,0.52811
2025-02-01 22:10:00,0.53508
2025-02-01 22:15:00,0.52982
2025-02-01 22:20:00,0.5274
2025-02-01 22:25:00,0.53365
2025-02-01 22:30:00,0.52179
2025-02-01 22:35:00,0.52859
2025-02-01 22:40:00,0.52707
2025-02-01 22:45:00,0.53271
2025-02-01 22:50:00,0.53309
2025-02-01 22:55:00,0.5285
2025-02-01 23:00:00,0.51736
2025-02-01 23:05:00,0.52728
2025-02-01 23:10:00,0.52634
2025-02-01 23:15:00,0.53054
2025-02-01 23:20:00,0.52692
2025-02-01 23:25:00,0.53134
2025-02-01 23:30:00,0.53032
2025-02-01 23:35:00,0.532
2025-02-01 23:40:00,0.52723
2025-02-01 23:45:00,0.53126
2025-02-01 23:50:00,0.53448
2025-02-01 23:55:00,0.52429
2025-02-02 00:00:00,0.5347
2025-02-02 00:05:00,0.53394
2025-02-02 00:10:00,0.53051
2025-02-02 00:15:00,0.52623
2025-02-02 00:20:00,0.53229
2025-02-02 00:25:00,0.53359
2025-02-02 00:30:00,0.5292
2025-02-02 00:35:00,0.52914
2025-02-02 00:40:00,0.52766
2025-02-02 00:45:00,0.52452
2025-02-02 00:50:00,0.52555
2025-02-02 00:55:00,0.53313
2025-02-02 01:00:00,0.52377
2025-02-02 01:05:00,0.52152
2025-02-02 01:10:00,0.52787
2025-02-02 01:15:00,0.52481
2025-02-02 01:20:00,0.53133
2025-02-02 01:25:00,0.52365
2025-02-02 01:30:00,0.52907
2025-02-02 01:35:00,0.52506
2025-02-02 01:40:00,0.52561
2025-02-02 01:45:00,0.52488
2025-02-02 01:50:00,0.52517
2025-02-02 01:55:00,0.52263
2025-02-02 02:00:00,0.52734
2025-02-02 02:05:00,0.5271
2025-02-02 02:10:00,0.5245
2025-02-02 02:15:00,0.52083
2025-02-02 02:20:00,0.52985
2025-02-02 02:25:00,0.52585
2025-02-02 02:30:00,0.52319
2025-02-02 02:35:00,0.52434
2025-02-02 02:40:00,0.5238
2025-02-02 02:45:00,0.52774
2025-02-02 02:50:00,0.51957
2025-02-02 02:55:00,0.52876
2025-02-02 03:00:00,0.51608
2025-02-02 03:05:00,0.52443
2025-02-02 03:10:00,0.52089
2025-02-02 03:15:00,0.5222
2025-02-02 03:20:00,0.5259
2025-02-02 03:25:00,0.51644
2025-02-02 03:30:00,0.52629
2025-02-02 03:35:00,0.5279
2025-02-02 03:40:00,0.52054
2025-02-02 03:45:00,0.52816
2025-02-02 03:50:00,0.52372
2025-02-02 03:55:00,0.51764
2025-02-02 04:00:00,0.52129
2025-02-02 04:05:00,0.51863
2025-02-02 04:10:00,0.52056
2025-02-02 04:15:00,0.52423
2025-02-02 04:20:00,0.51998
2025-02-02 04:25:00,0.51484
2025-02-02 04:30:00,0.51612
2025-02-02 04:35:00,0.52071
2025-02-02 04:40:00,0.51571
2025-02-02 04:45:00,0.51436
2025-02-02 04:50:00,0.52088
2025-02-02 04:55:00,0.51892
2025-02-02 05:00:00,0.51934
2025-02-02 05:05:00,0.51974
2025-02-02 05:10:00,0.51591
2025-02-02 05:15:00,0.52007
2025-02-02 05:20:00,0.52421
2025-02-02 05:25:00,0.52062
2025-02-02 05:30:00,0.51761
2025-02-02 05:35:00,0.51257
2025-02-02 05:40:00,0.51051
2025-02-02 05:45:00,0.5193
2025-02-02 05:50:00,0.52283
2025-02-02 05:55:00,0.51278
2025-02-02 06:00:00,0.50342
2025-02-02 06:05:00,0.51425
2025-02-02 06:10:00,0.51635
2025-02-02 06:15:00,0.51115
2025-02-02 06:20:00,0.51365
2025-02-02 06:25:00,0.5165
2025-02-02 06:30:00,0.51056
2025-02-02 06:35:00,0.51908
2025-02-02 06:40:00,0.51634
2025-02-02 06:45:00,0.51479
2025-02-02 06:50:00,0.50915
2025-02-02 06:55:00,0.51074
2025-02-02 07:00:00,0.51421
2025-02-02 07:05:00,0.50784
2025-02-02 07:10:00,0.51362
2025-02-02 07:15:00,0.51803
2025-02-02 07:20:00,0.51107
2025-02-02 07:25:00,0.51072
2025-02-02 07:30:00,0.51399
2025-02-02 07:35:00,0.5127
2025-02-02 07:40:00,0.5135
2025-02-02 07:45:00,0.51166
2025-02-02 07:50:00,0.51121
2025-02-02 07:55:00,0.51123
2025-02-02 08:00:00,0.50944
2025-02-02 08:05:00,0.50564
2025-02-02 08:10:00,0.51598
2025-02-02 08:15:00,0.51417
2025-02-02 08:20:00,0.51025
2025-02-02 08:25:00,0.5217
2025-02-02 08:30:00,0.51036
2025-02-02 08:35:00,0.51227
2025-02-02 08:40:00,0.51951
2025-02-02 08:45:00,0.51441
2025-02-02 08:50:00,0.51732
2025-02-02 08:55:00,0.50556
2025-02-02 09:00:00,0.51252
2025-02-02 09:05:00,0.50828
2025-02-02 09:10:00,0.50726
2025-02-02 09:15:00,0.50877
2025-02-02 09:20:00,0.51387
2025-02-02 09:25:00,0.51112
2025-02-02 09:30:00,0.50717
2025-02-02 09:35:00,0.50958
2025-02-02 09:40:00,0.50333
2025-02-02 09:45:00,0.51085
2025-02-02 09:50:00,0.50745
2025-02-02 09:55:00,0.51632
2025-02-02 10:00:00,0.50324
2025-02-02 10:05:00,0.51115
2025-02-02 10:10:00,0.50891
2025-02-02 10:15:00,0.5142
2025-02-02 10:20:00,0.51367
2025-02-02 10:25:00,0.5051
2025-02-02 10:30:00,0.51176
2025-02-02 10:35:00,0.51543
2025-02-02 10:40:00,0.50703
2025-02-02 10:45:00,0.50645
2025-02-02 10:50:00,0.5111
2025-02-02 10:55:00,0.50707
2025-02-02 11:00:00,0.51392
2025-02-02 11:05:00,0.5125
2025-02-02 11:10:00,0.51011
2025-02-02 11:15:00,0.51002
2025-02-02 11:20:00,0.51493
2025-02-02 11:25:00,0.5117
2025-02-02 11:30:00,0.51646
2025-02-02 11:35:00,0.503
2025-02-02 11:40:00,0.50774
2025-02-02 11:45:00,0.51326
2025-02-02 11:50:00,0.50777
2025-02-02 11:55:00,0.50991
2025-02-02 12:00:00,0.51325
2025-02-02 12:05:00,0.50988
2025-02-02 12:10:00,0.50716
2025-02-02 12:15:00,0.50961
2025-02-02 12:20:00,0.50995
2025-02-02 12:25:00,0.51292
2025-02-02 12:30:00,0.51553
2025-02-02 12:35:00,0.51333
2025-02-02 12:40:00,0.51664
2025-02-02 12:45:00,0.5122
2025-02-02 12:50:00,0.51051
2025-02-02 12:55:00,0.51218
2025-02-02 13:00:00,0.51151
2025-02-02 13:05:00,0.5103
2025-02-02 13:10:00,0.51384
2025-02-02 13:15:00,0.51367
2025-02-02 13:20:00,0.50837
2025-02-02 13:25:00,0.50661
2025-02-02 13:30:00,0.51294
2025-02-02 13:35:00,0.51186
2025-02-02 13:40:00,0.50936
2025-02-02 13:45:00,0.50714
2025-02-02 13:50:00,0.51334
2025-02-02 13:55:00,0.50979
2025-02-02 14:00:00,0.51055
2025-02-02 14:05:00,0.51838
2025-02-02 14:10:00,0.51794
2025-02-02 14:15:00,0.51456
2025-02-02 14:20:00,0.51643
2025-02-02 14:25:00,0.52142
2025-02-02 14:30:00,0.51216
2025-02-02 14:35:00,0.52258
2025-02-02 14:40:00,0.51227
2025-02-02 14:45:00,0.51293
2025-02-02 14:50:00,0.51295
2025-02-02 14:55:00,0.5186
2025-02-02 15:00:00,0.51721
2025-02-02 15:05:00,0.51793
2025-02-02 15:10:00,0.51249
2025-02-02 15:15:00,0.51858
2025-02-02 15:20:00,0.52157
2025-02-02 15:25:00,0.51864
2025-02-02 15:30:00,0.51717
2025-02-02 15:35:00,0.51357
2025-02-02 15:40:00,0.5179
2025-02-02 15:45:00,0.51625
2025-02-02 15:50:00,0.52552
2025-02-02 15:55:00,0.51611
2025-02-02 16:00:00,0.51935
2025-02-02 16:05:00,0.52016
2025-02-02 16:10:00,0.51882
2025-02-02 16:15:00,0.52125
2025-02-02 16:20:00,0.52609
2025-02-02 16:25:00,0.52216
2025-02-02 16:30:00,0.52797
2025-02-02 16:35:00,0.52152
2025-02-02 16:40:00,0.51813
2025-02-02 16:45:00,0.52305
2025-02-02 16:50:00,0.52461
2025-02-02 16:55:00,0.52435
2025-02-02 17:00:00,0.51918
2025-02-02 17:05:00,0.52311
2025-02-02 17:10:00,0.52331
2025-02-02 17:15:00,0.51929
2025-02-02 17:20:00,0.52185
2025-02-02 17:25:00,0.52889
2025-02-02 17:30:00,0.52012
2025-02-02 17:35:00,0.52322
2025-02-02 17:40:00,0.52392
2025-02-02 17:45:00,0.51607
2025-02-02 17:50:00,0.519
2025-02-02 17:55:00,0.52129
2025-02-02 18:00:00,0.52449
2025-02-02 18:05:00,0.52388
2025-02-02 18:10:00,0.52044
2025-02-02 18:15:00,0.51831
2025-02-02 18:20:00,0.52738
2025-02-02 18:25:00,0.52722
2025-02-02 18:30:00,0.52679
2025-02-02 18:35:00,0.5238
2025-02-02 18:40:00,0.53077
2025-02-02 18:45:00,0.52768
2025-02-02 18:50:00,0.52289
2025-02-02 18:55:00,0.52024
2025-02-02 19:00:00,0.53219
2025-02-02 19:05:00,0.53295
2025-02-02 19:10:00,0.53345
2025-02-02 19:15:00,0.53274
2025-02-02 19:20:00,0.53362
2025-02-02 19:25:00,0.52463
2025-02-02 19:30:00,0.53271
2025-02-02 19:35:00,0.52684
2025-02-02 19:40:00,0.53754
2025-02-02 19:45:00,0.5307
2025-02-02 19:50:00,0.52587
2025-02-02 19:55:00,0.52855
2025-02-02 20:00:00,0.5249
2025-02-02 20:05:00,0.51984
2025-02-02 20:10:00,0.52407
2025-02-02 20:15:00,0.52419
2025-02-02 20:20:00,0.52631
2025-02-02 20:25:00,0.52406
2025-02-02 20:30:00,0.53
2025-02-02 20:35:00,0.52784
2025-02-02 20:40:00,0.53696
2025-02-02 20:45:00,0.53359
2025-02-02 20:50:00,0.53216
2025-02-02 20:55:00,0.52586
2025-02-02 21:00:00,0.52772
2025-02-02 21:05:00,0.52665
2025-02-02 21:10:00,0.52736
2025-02-02 21:15:00,0.52869
2025-02-02 21:20:00,0.52935
2025-02-02 21:25:00,0.53165
2025-02-02 21:30:00,0.53027
2025-02-02 21:35:00,0.52879
2025-02-02 21:40:00,0.52412
2025-02-02 21:45:00,0.5314
2025-02-02 21:50:00,0.53214
2025-02-02 21:55:00,0.53051
2025-02-02 22:00:00,0.53504
2025-02-02 22:05:00,0.53046
2025-02-02 22:10:00,0.5251
2025-02-02 22:15:00,0.53652
2025-02-02 22:20:00,0.52446
2025-02-02 22:25:00,0.52677
2025-02-02 22:30:00,0.53302
2025-02-02 22:35:00,0.53106
2025-02-02 22:40:00,0.5335
2025-02-02 22:45:00,0.52364
2025-02-02 22:50:00,0.52936
2025-02-02 22:55:00,0.53344
2025-02-02 23:00:00,0.5224
2025-02-02 23:05:00,0.52507
2025-02-02 23:10:00,0.52871
2025-02-02 23:15:00,0.52309
2025-02-02 23:20:00,0.52438
2025-02-02 23:25:00,0.53438
2025-02-02 23:30:00,0.5239
2025-02-02 23:35:00,0.52633
2025-02-02 23:40:00,0.52882
2025-02-02 23:45:00,0.53664
2025-02-02 23:50:00,0.52768
2025-02-02 23:55:00,0.52904
2025-02-03 00:00:00,0.52655
2025-02-03 00:05:00,0.52884
2025-02-03 00:10:00,0.52747
2025-02-03 00:15:00,0.52531
2025-02-03 00:20:00,0.53205
2025-02-03 00:25:00,0.53104
2025-02-03 00:30:00,0.53232
2025-02-03 00:35:00,0.53184
2025-02-03 00:40:00,0.52741
2025-02-03 00:45:00,0.52907
2025-02-03 00:50:00,0.52524
2025-02-03 00:55:00,0.53196
2025-02-03 01:00:00,0.52122
2025-02-03 01:05:00,0.53146
2025-02-03 01:10:00,0.53162
2025-02-03 01:15:00,0.52803
2025-02-03 01:20:00,0.52179
2025-02-03 01:25:00,0.53216
2025-02-03 01:30:00,0.51836
2025-02-03 01:35:00,0.53172
2025-02-03 01:40:00,0.53271
2025-02-03 01:45:00,0.53368
2025-02-03 01:50:00,0.5312
2025-02-03 01:55:00,0.52654
2025-02-03 02:00:00,0.526
2025-02-03 02:05:00,0.52318
2025-02-03 02:10:00,0.52591
2025-02-03 02:15:00,0.52076
2025-02-03 02:20:00,0.52106
2025-02-03 02:25:00,0.52773
2025-02-03 02:30:00,0.52412
2025-02-03 02:35:00,0.52993
2025-02-03 02:40:00,0.5285
2025-02-03 02:45:00,0.53134
2025-02-03 02:50:00,0.51887
2025-02-03 02:55:00,0.52269
2025-02-03 03:00:00,0.52388
2025-02-03 03:05:00,0.52396
2025-02-03 03:10:00,0.52607
2025-02-03 03:15:00,0.52013
2025-02-03 03:20:00,0.51723
2025-02-03 03:25:00,0.52196
2025-02-03 03:30:00,0.52411
2025-02-03 03:35:00,0.52088
2025-02-03 03:40:00,0.51801
2025-02-03 03:45:00,0.52105
2025-02-03 03:50:00,0.51713
2025-02-03 03:55:00,0.52563
2025-02-03 04:00:00,0.51775
2025-02-03 04:05:00,0.52215
2025-02-03 04:10:00,0.51645
2025-02-03 04:15:00,0.52025
2025-02-03 04:20:00,0.51816
2025-02-03 04:25:00,0.51538
2025-02-03 04:30:00,0.51199
2025-02-03 04:35:00,0.52792
2025-02-03 04:40:00,0.52294
2025-02-03 04:45:00,0.51455
2025-02-03 04:50:00,0.51176
2025-02-03 04:55:00,0.52279
2025-02-03 05:00:00,0.51379
2025-02-03 05:05:00,0.51653
2025-02-03 05:10:00,0.51384
2025-02-03 05:15:00,0.51646
2025-02-03 05:20:00,0.51473
2025-02-03 05:25:00,0.51547
2025-02-03 05:30:00,0.52047
2025-02-03 05:35:00,0.51635
2025-02-03 05:40:00,0.51151
2025-02-03 05:45:00,0.51411
2025-02-03 05:50:00,0.52171
2025-02-03 05:55:00,0.51595
2025-02-03 06:00:00,0.5181
2025-02-03 06:05:00,0.50991
2025-02-03 06:10:00,0.51429
2025-02-03 06:15:00,0.51226
2025-02-03 06:20:00,0.50471
2025-02-03 06:25:00,0.52246
2025-02-03 06:30:00,0.51298
2025-02-03 06:35:00,0.51924
2025-02-03 06:40:00,0.51386
2025-02-03 06:45:00,0.51471
2025-02-03 06:50:00,0.51172
2025-02-03 06:55:00,0.51598
2025-02-03 07:00:00,0.51178
2025-02-03 07:05:00,0.51552
2025-02-03 07:10:00,0.51384
2025-02-03 07:15:00,0.51231
2025-02-03 07:20:00,0.51095
2025-02-03 07:25:00,0.51655
2025-02-03 07:30:00,0.51711
2025-02-03 07:35:00,0.50825
2025-02-03 07:40:00,0.51701
2025-02-03 07:45:00,0.51867
2025-02-03 07:50:00,0.51165
2025-02-03 07:55:00,0.51481
2025-02-03 08:00:00,0.51483
2025-02-03 08:05:00,0.51585
2025-02-03 08:10:00,0.51919
2025-02-03 08:15:00,0.51378
2025-02-03 08:20:00,0.52018
2025-02-03 08:25:00,0.51014
2025-02-03 08:30:00,0.5158
2025-02-03 08:35:00,0.51015
2025-02-03 08:40:00,0.51663
2025-02-03 08:45:00,0.51351
2025-02-03 08:50:00,0.506
2025-02-03 08:55:00,0.51117
2025-02-03 09:00:00,0.50667
2025-02-03 09:05:00,0.50166
2025-02-03 09:10:00,0.51186
2025-02-03 09:15:00,0.51071
2025-02-03 09:20:00,0.51463
2025-02-03 09:25:00,0.51302
2025-02-03 09:30:00,0.50914
2025-02-03 09:35:00,0.51146
2025-02-03 09:40:00,0.50895
2025-02-03 09:45:00,0.5077
2025-02-03 09:50:00,0.51067
2025-02-03 09:55:00,0.50677
2025-02-03 10:00:00,0.50904
2025-02-03 10:05:00,0.50518
2025-02-03 10:10:00,0.51384
2025-02-03 10:15:00,0.50364
2025-02-03 10:20:00,0.50925
2025-02-03 10:25:00,0.50667
2025-02-03 10:30:00,0.50331
2025-02-03 10:35:00,0.51788
2025-02-03 10:40:00,0.50864
2025-02-03 10:45:00,0.51227
2025-02-03 10:50:00,0.51694
2025-02-03 10:55:00,0.51499
2025-02-03 11:00:00,0.51569
2025-02-03 11:05:00,0.50827
2025-02-03 11:10:00,0.51591
2025-02-03 11:15:00,0.51024
2025-02-03 11:20:00,0.50784
2025-02-03 11:25:00,0.50254
2025-02-03 11:30:00,0.51517
2025-02-03 11:35:00,0.51025
2025-02-03 11:40:00,0.5129
2025-02-03 11:45:00,0.5069
2025-02-03 11:50:00,0.51354
2025-02-03 11:55:00,0.5175
2025-02-03 12:00:00,0.50306
2025-02-03 12:05:00,0.51516
2025-02-03 12:10:00,0.51842
2025-02-03 12:15:00,0.51717
2025-02-03 12:20:00,0.51709
2025-02-03 12:25:00,0.50949
2025-02-03 12:30:00,0.51046
2025-02-03 12:35:00,0.51454
2025-02-03 12:40:00,0.51488
2025-02-03 12:45:00,0.51425
2025-02-03 12:50:00,0.51632
2025-02-03 12:55:00,0.51096
2025-02-03 13:00:00,0.51862
2025-02-03 13:05:00,0.51017
2025-02-03 13:10:00,0.50883
2025-02-03 13:15:00,0.50939
2025-02-03 13:20:00,0.5123
2025-02-03 13:25:00,0.5114
2025-02-03 13:30:00,0.51534
2025-02-03 13:35:00,0.5209
2025-02-03 13:40:00,0.51679
2025-02-03 13:45:00,0.50983
2025-02-03 13:50:00,0.51521
2025-02-03 13:55:00,0.5094
2025-02-03 14:00:00,0.5168
2025-02-03 14:05:00,0.51115
2025-02-03 14:10:00,0.52079
2025-02-03 14:15:00,0.51288
2025-02-03 14:20:00,0.51472
2025-02-03 14:25:00,0.51295
2025-02-03 14:30:00,0.5081
2025-02-03 14:35:00,0.51358
2025-02-03 14:40:00,0.51558
2025-02-03 14:45:00,0.51511
2025-02-03 14:50:00,0.52065
2025-02-03 14:55:00,0.5197
2025-02-03 15:00:00,0.51518
2025-02-03 15:05:00,0.51818
2025-02-03 15:10:00,0.52038
2025-02-03 15:15:00,0.52113
2025-02-03 15:20:00,0.52158
2025-02-03 15:25:00,0.52132
2025-02-03 15:30:00,0.52059
2025-02-03 15:35:00,0.52121
2025-02-03 15:40:00,0.51879
2025-02-03 15:45:00,0.51673
2025-02-03 15:50:00,0.51841
2025-02-03 15:55:00,0.52375
2025-02-03 16:00:00,0.51737
2025-02-03 16:05:00,0.52137
2025-02-03 16:10:00,0.51558
2025-02-03 16:15:00,0.52145
2025-02-03 16:20:00,0.52213
2025-02-03 16:25:00,0.52312
2025-02-03 16:30:00,0.51772
2025-02-03 16:35:00,0.52036
2025-02-03 16:40:00,0.5218
2025-02-03 16:45:00,0.52494
2025-02-03 16:50:00,0.51871
2025-02-03 16:55:00,0.52115
2025-02-03 17:00:00,0.52604
2025-02-03 17:05:00,0.52763
2025-02-03 17:10:00,0.5238
2025-02-03 17:15:00,0.52295
2025-02-03 17:20:00,0.51981
2025-02-03 17:25:00,0.516
2025-02-03 17:30:00,0.51757
2025-02-03 17:35:00,0.52398
2025-02-03 17:40:00,0.52106
2025-02-03 17:45:00,0.52173
2025-02-03 17:50:00,0.51868
2025-02-03 17:55:00,0.52113
2025-02-03 18:00:00,0.52418
2025-02-03 18:05:00,0.52135
2025-02-03 18:10:00,0.52996
2025-02-03 18:15:00,0.53107
2025-02-03 18:20:00,0.53484
2025-02-03 18:25:00,0.52557
2025-02-03 18:30:00,0.52796
2025-02-03 18:35:00,0.52578
2025-02-03 18:40:00,0.52774
2025-02-03 18:45:00,0.52832
2025-02-03 18:50:00,0.53182
2025-02-03 18:55:00,0.52415
2025-02-03 19:00:00,0.53299
2025-02-03 19:05:00,0.52686
2025-02-03 19:10:00,0.5243
2025-02-03 19:15:00,0.52984
2025-02-03 19:20:00,0.52275
2025-02-03 19:25:00,0.5235
2025-02-03 19:30:00,0.52806
2025-02-03 19:35:00,0.52819
2025-02-03 19:40:00,0.53163
2025-02-03 19:45:00,0.53465
2025-02-03 19:50:00,0.53037
2025-02-03 19:55:00,0.5286
2025-02-03 20:00:00,0.53056
2025-02-03 20:05:00,0.52795
2025-02-03 20:10:00,0.52294
2025-02-03 20:15:00,0.5271
2025-02-03 20:20:00,0.52633
2025-02-03 20:25:00,0.53043
2025-02-03 20:30:00,0.52442
2025-02-03 20:35:00,0.53407
2025-02-03 20:40:00,0.53058
2025-02-03 20:45:00,0.5235
2025-02-03 20:50:00,0.52888
2025-02-03 20:55:00,0.52615
2025-02-03 21:00:00,0.53003
2025-02-03 21:05:00,0.53115
2025-02-03 21:10:00,0.52394
2025-02-03 21:15:00,0.52307
2025-02-03 21:20:00,0.53144
2025-02-03 21:25:00,0.526
2025-02-03 21:30:00,0.52822
2025-02-03 21:35:00,0.53181
2025-02-03 21:40:00,0.53102
2025-02-03 21:45:00,0.52661
2025-02-03 21:50:00,0.53405
2025-02-03 21:55:00,0.52394
2025-02-03 22:00:00,0.53351
2025-02-03 22:05:00,0.5406
2025-02-03 22:10:00,0.53399
2025-02-03 22:15:00,0.53124
2025-02-03 22:20:00,0.52811
2025-02-03 22:25:00,0.53714
2025-02-03 22:30:00,0.53166
2025-02-03 22:35:00,0.52544
2025-02-03 22:40:00,0.53404
2025-02-03 22:45:00,0.53138
2025-02-03 22:50:00,0.52676
2025-02-03 22:55:00,0.53125
2025-02-03 23:00:00,0.52773
2025-02-03 23:05:00,0.5347
2025-02-03 23:10:00,0.53072
2025-02-03 23:15:00,0.52508
2025-02-03 23:20:00,0.52735
2025-02-03 23:25:00,0.5229
2025-02-03 23:30:00,0.52725
2025-02-03 23:35:00,0.53439
2025-02-03 23:40:00,0.52416
2025-02-03 23:45:00,0.53445
2025-02-03 23:50:00,0.5264
2025-02-03 23:55:00,0.52839
2025-02-04 00:00:00,0.52748
2025-02-04 00:05:00,0.53397
2025-02-04 00:10:00,0.52456
2025-02-04 00:15:00,0.5317
2025-02-04 00:20:00,0.52388
2025-02-04 00:25:00,0.52502
2025-02-04 00:30:00,0.53181
2025-02-04 00:35:00,0.52381
2025-02-04 00:40:00,0.52905
2025-02-04 00:45:00,0.5339
2025-02-04 00:50:00,0.52903
2025-02-04 00:55:00,0.52973
2025-02-04 01:00:00,0.52848
2025-02-04 01:05:00,0.53072
2025-02-04 01:10:00,0.52867
2025-02-04 01:15:00,0.52332
2025-02-04 01:20:00,0.53505
2025-02-04 01:25:00,0.53281
2025-02-04 01:30:00,0.5259
2025-02-04 01:35:00,0.52778
2025-02-04 01:40:00,0.53014
2025-02-04 01:45:00,0.52647
2025-02-04 01:50:00,0.52085
2025-02-04 01:55:00,0.52208
2025-02-04 02:00:00,0.52774
2025-02-04 02:05:00,0.52466
2025-02-04 02:10:00,0.5232
2025-02-04 02:15:00,0.52175
2025-02-04 02:20:00,0.52069
2025-02-04 02:25:00,0.53031
2025-02-04 02:30:00,0.52434
2025-02-04 02:35:00,0.52787
2025-02-04 02:40:00,0.53223
2025-02-04 02:45:00,0.5245
2025-02-04 02:50:00,0.52581
2025-02-04 02:55:00,0.52403
2025-02-04 03:00:00,0.52837
2025-02-04 03:05:00,0.52809
2025-02-04 03:10:00,0.51893
2025-02-04 03:15:00,0.53039
2025-02-04 03:20:00,0.52206
2025-02-04 03:25:00,0.52122
2025-02-04 03:30:00,0.52272
2025-02-04 03:35:00,0.51951
2025-02-04 03:40:00,0.52896
2025-02-04 03:45:00,0.52262
2025-02-04 03:50:00,0.51744
2025-02-04 03:55:00,0.51631
2025-02-04 04:00:00,0.51819
2025-02-04 04:05:00,0.51647
2025-02-04 04:10:00,0.51457
2025-02-04 04:15:00,0.51556
2025-02-04 04:20:00,0.51552
2025-02-04 04:25:00,0.51929
2025-02-04 04:30:00,0.52021
2025-02-04 04:35:00,0.51592
2025-02-04 04:40:00,0.51616
2025-02-04 04:45:00,0.51538
2025-02-04 04:50:00,0.51469
2025-02-04 04:55:00,0.52014
2025-02-04 05:00:00,0.51551
2025-02-04 05:05:00,0.51728
2025-02-04 05:10:00,0.51443
2025-02-04 05:15:00,0.51366
2025-02-04 05:20:00,0.517
2025-02-04 05:25:00,0.51672
2025-02-04 05:30:00,0.51952
2025-02-04 05:35:00,0.51169
2025-02-04 05:40:00,0.51585
2025-02-04 05:45:00,0.52754
2025-02-04 05:50:00,0.5051
2025-02-04 05:55:00,0.51909
2025-02-04 06:00:00,0.51658
2025-02-04 06:05:00,0.51452
2025-02-04 06:10:00,0.50879
2025-02-04 06:15:00,0.51325
2025-02-04 06:20:00,0.51808
2025-02-04 06:25:00,0.5138
2025-02-04 06:30:00,0.51568
2025-02-04 06:35:00,0.51704
2025-02-04 06:40:00,0.51876
2025-02-04 06:45:00,0.50618
2025-02-04 06:50:00,0.50792
2025-02-04 06:55:00,0.50688
2025-02-04 07:00:00,0.51641
2025-02-04 07:05:00,0.50666
2025-02-04 07:10:00,0.50605
2025-02-04 07:15:00,0.50774
2025-02-04 07:20:00,0.51054
2025-02-04 07:25:00,0.51323
2025-02-04 07:30:00,0.51655
2025-02-04 07:35:00,0.50841
2025-02-04 07:40:00,0.51411
2025-02-04 07:45:00,0.52057
2025-02-04 07:50:00,0.5179
2025-02-04 07:55:00,0.50726
2025-02-04 08:00:00,0.50698
2025-02-04 08:05:00,0.51186
2025-02-04 08:10:00,0.51767
2025-02-04 08:15:00,0.51752
2025-02-04 08:20:00,0.51594
2025-02-04 08:25:00,0.51204
2025-02-04 08:30:00,0.51154
2025-02-04 08:35:00,0.51114
2025-02-04 08:40:00,0.51328
2025-02-04 08:45:00,0.5094
2025-02-04 08:50:00,0.50649
2025-02-04 08:55:00,0.51144
2025-02-04 09:00:00,0.51231
2025-02-04 09:05:00,0.50448
2025-02-04 09:10:00,0.51119
2025-02-04 09:15:00,0.50928
2025-02-04 09:20:00,0.50964
2025-02-04 09:25:00,0.51829
2025-02-04 09:30:00,0.50782
2025-02-04 09:35:00,0.50943
2025-02-04 09:40:00,0.51154
2025-02-04 09:45:00,0.5089
2025-02-04 09:50:00,0.5072
2025-02-04 09:55:00,0.50729
2025-02-04 10:00:00,0.51013
2025-02-04 10:05:00,0.50826
2025-02-04 10:10:00,0.51115
2025-02-04 10:15:00,0.51485
2025-02-04 10:20:00,0.50666
2025-02-04 10:25:00,0.50817
2025-02-04 10:30:00,0.51058
2025-02-04 10:35:00,0.5073
2025-02-04 10:40:00,0.50945
2025-02-04 10:45:00,0.51525
2025-02-04 10:50:00,0.5107
2025-02-04 10:55:00,0.51212
2025-02-04 11:00:00,0.51577
2025-02-04 11:05:00,0.50836
2025-02-04 11:10:00,0.51246
2025-02-04 11:15:00,0.50625
2025-02-04 11:20:00,0.50998
2025-02-04 11:25:00,0.50839
2025-02-04 11:30:00,0.50776
2025-02-04 11:35:00,0.51585
2025-02-04 11:40:00,0.51141
2025-02-04 11:45:00,0.50857
2025-02-04 11:50:00,0.50818
2025-02-04 11:55:00,0.51274
2025-02-04 12:00:00,0.511
2025-02-04 12:05:00,0.51359
2025-02-04 12:10:00,0.50912
2025-02-04 12:15:00,0.50669
2025-02-04 12:20:00,0.51147
2025-02-04 12:25:00,0.50986
2025-02-04 12:30:00,0.51268
2025-02-04 12:35:00,0.51098
2025-02-04 12:40:00,0.51363
2025-02-04 12:45:00,0.50648
2025-02-04 12:50:00,0.50898
2025-02-04 12:55:00,0.51261
2025-02-04 13:00:00,0.52065
2025-02-04 13:05:00,0.51345
2025-02-04 13:10:00,0.51133
2025-02-04 13:15:00,0.5141
2025-02-04 13:20:00,0.5131
2025-02-04 13:25:00,0.51469
2025-02-04 13:30:00,0.51391
2025-02-04 13:35:00,0.52485
2025-02-04 13:40:00,0.50918
2025-02-04 13:45:00,0.51544
2025-02-04 13:50:00,0.51435
2025-02-04 13:55:00,0.51228
2025-02-04 14:00:00,0.51295
2025-02-04 14:05:00,0.52103
2025-02-04 14:10:00,0.50835
2025-02-04 14:15:00,0.514
2025-02-04 14:20:00,0.51318
2025-02-04 14:25:00,0.51651
2025-02-04 14:30:00,0.51031
2025-02-04 14:35:00,0.51155
2025-02-04 14:40:00,0.5134
2025-02-04 14:45:00,0.52245
2025-02-04 14:50:00,0.50643
2025-02-04 14:55:00,0.51903
2025-02-04 15:00:00,0.52235
2025-02-04 15:05:00,0.52038
2025-02-04 15:10:00,0.52027
2025-02-04 15:15:00,0.51881
2025-02-04 15:20:00,0.51652
2025-02-04 15:25:00,0.51426
2025-02-04 15:30:00,0.51482
2025-02-04 15:35:00,0.51786
2025-02-04 15:40:00,0.52334
2025-02-04 15:45:00,0.52076
2025-02-04 15:50:00,0.52004
2025-02-04 15:55:00,0.52307
2025-02-04 16:00:00,0.52079
2025-02-04 16:05:00,0.52117
2025-02-04 16:10:00,0.52356
2025-02-04 16:15:00,0.52107
2025-02-04 16:20:00,0.5217
2025-02-04 16:25:00,0.52007
2025-02-04 16:30:00,0.52529
2025-02-04 16:35:00,0.52135
2025-02-04 16:40:00,0.5129
2025-02-04 16:45:00,0.52191
2025-02-04 16:50:00,0.52831
2025-02-04 16:55:00,0.52136
2025-02-04 17:00:00,0.52097
2025-02-04 17:05:00,0.52098
2025-02-04 17:10:00,0.52195
2025-02-04 17:15:00,0.52334
2025-02-04 17:20:00,0.51969
2025-02-04 17:25:00,0.52066
2025-02-04 17:30:00,0.52041
2025-02-04 17:35:00,0.51913
2025-02-04 17:40:00,0.52469
2025-02-04 17:45:00,0.52119
2025-02-04 17:50:00,0.52717
2025-02-04 17:55:00,0.52018
2025-02-04 18:00:00,0.52654
2025-02-04 18:05:00,0.52466
2025-02-04 18:10:00,0.52069
2025-02-04 18:15:00,0.52573
2025-02-04 18:20:00,0.5244
2025-02-04 18:25:00,0.52735
2025-02-04 18:30:00,0.52802
2025-02-04 18:35:00,0.52249
2025-02-04 18:40:00,0.52059
2025-02-04 18:45:00,0.5283
2025-02-04 18:50:00,0.52301
2025-02-04 18:55:00,0.52518
2025-02-04 19:00:00,0.52302
2025-02-04 19:05:00,0.53646
2025-02-04 19:10:00,0.52802
2025-02-04 19:15:00,0.53118
2025-02-04 19:20:00,0.52607
2025-02-04 19:25:00,0.52699
2025-02-04 19:30:00,0.52085
2025-02-04 19:35:00,0.52814
2025-02-04 19:40:00,0.52249
2025-02-04 19:45:00,0.53577
2025-02-04 19:50:00,0.52848
2025-02-04 19:55:00,0.5256
2025-02-04 20:00:00,0.53183
2025-02-04 20:05:00,0.52757
2025-02-04 20:10:00,0.52646
2025-02-04 20:15:00,0.52639
2025-02-04 20:20:00,0.52428
2025-02-04 20:25:00,0.52387
2025-02-04 20:30:00,0.52608
2025-02-04 20:35:00,0.52568
2025-02-04 20:40:00,0.52709
2025-02-04 20:45:00,0.52603
2025-02-04 20:50:00,0.52896
2025-02-04 20:55:00,0.5258
2025-02-04 21:00:00,0.53231
2025-02-04 21:05:00,0.53265
2025-02-04 21:10:00,0.53524
2025-02-04 21:15:00,0.53792
2025-02-04 21:20:00,0.5262
2025-02-04 21:25:00,0.53108
2025-02-04 21:30:00,0.53063
2025-02-04 21:35:00,0.52937
2025-02-04 21:40:00,0.5352
2025-02-04 21:45:00,0.53181
2025-02-04 21:50:00,0.53232
2025-02-04 21:55:00,0.52259
2025-02-04 22:00:00,0.52678
2025-02-04 22:05:00,0.52766
2025-02-04 22:10:00,0.52382
2025-02-04 22:15:00,0.53112
2025-02-04 22:20:00,0.5344
2025-02-04 22:25:00,0.5316
2025-02-04 22:30:00,0.52695
2025-02-04 22:35:00,0.53234
2025-02-04 22:40:00,0.53843
2025-02-04 22:45:00,0.52007
2025-02-04 22:50:00,0.52698
2025-02-04 22:55:00,0.53279
2025-02-04 23:00:00,0.52872
2025-02-04 23:05:00,0.52621
2025-02-04 23:10:00,0.53094
2025-02-04 23:15:00,0.53155
2025-02-04 23:20:00,0.53217
2025-02-04 23:25:00,0.53296
2025-02-04 23:30:00,0.52778
2025-02-04 23:35:00,0.52747
2025-02-04 23:40:00,0.53262
2025-02-04 23:45:00,0.53398
2025-02-04 23:50:00,0.53389
2025-02-04 23:55:00,0.52564
2025-02-05 00:00:00,0.53033
2025-02-05 00:05:00,0.52425
2025-02-05 00:10:00,0.5307
2025-02-05 00:15:00,0.52969
2025-02-05 00:20:00,0.53703
2025-02-05 00:25:00,0.52846
2025-02-05 00:30:00,0.52766
2025-02-05 00:35:00,0.53271
2025-02-05 00:40:00,0.53019
2025-02-05 00:45:00,0.52729
2025-02-05 00:50:00,0.53504
2025-02-05 00:55:00,0.52686
2025-02-05 01:00:00,0.53418
2025-02-05 01:05:00,0.53437
2025-02-05 01:10:00,0.5342
2025-02-05 01:15:00,0.53388
2025-02-05 01:20:00,0.53912
2025-02-05 01:25:00,0.52939
2025-02-05 01:30:00,0.52751
2025-02-05 01:35:00,0.53699
2025-02-05 01:40:00,0.52896
2025-02-05 01:45:00,0.53629
2025-02-05 01:50:00,0.5344
2025-02-05 01:55:00,0.53369
2025-02-05 02:00:00,0.53304
2025-02-05 02:05:00,0.52511
2025-02-05 02:10:00,0.52859
2025-02-05 02:15:00,0.52628
2025-02-05 02:20:00,0.53419
2025-02-05 02:25:00,0.5264
2025-02-05 02:30:00,0.53069
2025-02-05 02:35:00,0.52861
2025-02-05 02:40:00,0.53549
2025-02-05 02:45:00,0.53122
2025-02-05 02:50:00,0.53153
2025-02-05 02:55:00,0.53396
2025-02-05 03:00:00,0.52769
2025-02-05 03:05:00,0.52274
2025-02-05 03:10:00,0.52558
2025-02-05 03:15:00,0.52511
2025-02-05 03:20:00,0.52769
2025-02-05 03:25:00,0.52197
2025-02-05 03:30:00,0.53157
2025-02-05 03:35:00,0.53068
2025-02-05 03:40:00,0.52823
2025-02-05 03:45:00,0.5286
2025-02-05 03:50:00,0.5306
2025-02-05 03:55:00,0.52389
2025-02-05 04:00:00,0.52509
2025-02-05 04:05:00,0.52596
2025-02-05 04:10:00,0.51856
2025-02-05 04:15:00,0.52073
2025-02-05 04:20:00,0.52446
2025-02-05 04:25:00,0.52644
2025-02-05 04:30:00,0.51716
2025-02-05 04:35:00,0.52418
2025-02-05 04:40:00,0.52765
2025-02-05 04:45:00,0.51799
2025-02-05 04:50:00,0.52686
2025-02-05 04:55:00,0.5252
2025-02-05 05:00:00,0.52046
2025-02-05 05:05:00,0.51841
2025-02-05 05:10:00,0.51737
2025-02-05 05:15:00,0.53173
2025-02-05 05:20:00,0.51968
2025-02-05 05:25:00,0.52351
2025-02-05 05:30:00,0.52363
2025-02-05 05:35:00,0.51947
2025-02-05 05:40:00,0.52303
2025-02-05 05:45:00,0.51965
2025-02-05 05:50:00,0.51969
2025-02-05 05:55:00,0.51612
2025-02-05 06:00:00,0.52427
2025-02-05 06:05:00,0.51893
2025-02-05 06:10:00,0.52089
2025-02-05 06:15:00,0.51451
2025-02-05 06:20:00,0.51586
2025-02-05 06:25:00,0.51777
2025-02-05 06:30:00,0.5126
2025-02-05 06:35:00,0.51774
2025-02-05 06:40:00,0.51197
2025-02-05 06:45:00,0.51727
2025-02-05 06:50:00,0.51769
2025-02-05 06:55:00,0.52634
2025-02-05 07:00:00,0.51808
2025-02-05 07:05:00,0.50515
2025-02-05 07:10:00,0.51878
2025-02-05 07:15:00,0.51525
2025-02-05 07:20:00,0.515
2025-02-05 07:25:00,0.51698
2025-02-05 07:30:00,0.51554
2025-02-05 07:35:00,0.51858
2025-02-05 07:40:00,0.51132
2025-02-05 07:45:00,0.51422
2025-02-05 07:50:00,0.52435
2025-02-05 07:55:00,0.52114
2025-02-05 08:00:00,0.51472
2025-02-05 08:05:00,0.51143
2025-02-05 08:10:00,0.51578
2025-02-05 08:15:00,0.51439
2025-02-05 08:20:00,0.52208
2025-02-05 08:25:00,0.52034
2025-02-05 08:30:00,0.51528
2025-02-05 08:35:00,0.50909
2025-02-05 08:40:00,0.51498
2025-02-05 08:45:00,0.51669
2025-02-05 08:50:00,0.50965
2025-02-05 08:55:00,0.52438
2025-02-05 09:00:00,0.52272
2025-02-05 09:05:00,0.51778
2025-02-05 09:10:00,0.51189
2025-02-05 09:15:00,0.51571
2025-02-05 09:20:00,0.51585
2025-02-05 09:25:00,0.51787
2025-02-05 09:30:00,0.52412
2025-02-05 09:35:00,0.51656
2025-02-05 09:40:00,0.5215
2025-02-05 09:45:00,0.5072
2025-02-05 09:50:00,0.51632
2025-02-05 09:55:00,0.5138
2025-02-05 10:00:00,0.50755
2025-02-05 10:05:00,0.51477
2025-02-05 10:10:00,0.51448
2025-02-05 10:15:00,0.51097
2025-02-05 10:20:00,0.51713
2025-02-05 10:25:00,0.51327
2025-02-05 10:30:00,0.50981
2025-02-05 10:35:00,0.51211
2025-02-05 10:40:00,0.51095
2025-02-05 10:45:00,0.51366
2025-02-05 10:50:00,0.51407
2025-02-05 10:55:00,0.52014
2025-02-05 11:00:00,0.51421
2025-02-05 11:05:00,0.51572
2025-02-05 11:10:00,0.51408
2025-02-05 11:15:00,0.52188
2025-02-05 11:20:00,0.51282
2025-02-05 11:25:00,0.51051
2025-02-05 11:30:00,0.51567
2025-02-05 11:35:00,0.51884
2025-02-05 11:40:00,0.51071
2025-02-05 11:45:00,0.5164
2025-02-05 11:50:00,0.51309
2025-02-05 11:55:00,0.5122
2025-02-05 12:00:00,0.52537
2025-02-05 12:05:00,0.51656
2025-02-05 12:10:00,0.51176
2025-02-05 12:15:00,0.52271
2025-02-05 12:20:00,0.51595
2025-02-05 12:25:00,0.51793
2025-02-05 12:30:00,0.52166
2025-02-05 12:35:00,0.52301
2025-02-05 12:40:00,0.51891
2025-02-05 12:45:00,0.51719
2025-02-05 12:50:00,0.51655
2025-02-05 12:55:00,0.52417
2025-02-05 13:00:00,0.50954
2025-02-05 13:05:00,0.51812
2025-02-05 13:10:00,0.51834
2025-02-05 13:15:00,0.51897
2025-02-05 13:20:00,0.5191
2025-02-05 13:25:00,0.51807
2025-02-05 13:30:00,0.51486
2025-02-05 13:35:00,0.51338
2025-02-05 13:40:00,0.51543
2025-02-05 13:45:00,0.5195
2025-02-05 13:50:00,0.51964
2025-02-05 13:55:00,0.51547
2025-02-05 14:00:00,0.51639
2025-02-05 14:05:00,0.51805
2025-02-05 14:10:00,0.51476
2025-02-05 14:15:00,0.51951
2025-02-05 14:20:00,0.52321
2025-02-05 14:25:00,0.51826
2025-02-05 14:30:00,0.518
2025-02-05 14:35:00,0.51929
2025-02-05 14:40:00,0.52122
2025-02-05 14:45:00,0.51874
2025-02-05 14:50:00,0.52086
2025-02-05 14:55:00,0.52292
2025-02-05 15:00:00,0.52387
2025-02-05 15:05:00,0.51785
2025-02-05 15:10:00,0.52027
2025-02-05 15:15:00,0.52259
2025-02-05 15:20:00,0.52323
2025-02-05 15:25:00,0.52848
2025-02-05 15:30:00,0.5211
2025-02-05 15:35:00,0.51722
2025-02-05 15:40:00,0.5209
2025-02-05 15:45:00,0.51559
2025-02-05 15:50:00,0.52476
2025-02-05 15:55:00,0.52095
2025-02-05 16:00:00,0.51636
2025-02-05 16:05:00,0.52394
2025-02-05 16:10:00,0.5231
2025-02-05 16:15:00,0.52472
2025-02-05 16:20:00,0.53006
2025-02-05 16:25:00,0.52875
2025-02-05 16:30:00,0.53238
2025-02-05 16:35:00,0.51567
2025-02-05 16:40:00,0.5254
2025-02-05 16:45:00,0.52051
2025-02-05 16:50:00,0.52414
2025-02-05 16:55:00,0.51581
2025-02-05 17:00:00,0.53315
2025-02-05 17:05:00,0.52731
2025-02-05 17:10:00,0.52535
2025-02-05 17:15:00,0.52469
2025-02-05 17:20:00,0.52767
2025-02-05 17:25:00,0.52128
2025-02-05 17:30:00,0.52471
2025-02-05 17:35:00,0.52923
2025-02-05 17:40:00,0.52582
2025-02-05 17:45:00,0.52776
2025-02-05 17:50:00,0.52991
2025-02-05 17:55:00,0.52921
2025-02-05 18:00:00,0.52884
2025-02-05 18:05:00,0.52764
2025-02-05 18:10:00,0.52973
2025-02-05 18:15:00,0.52952
2025-02-05 18:20:00,0.53281
2025-02-05 18:25:00,0.53423
2025-02-05 18:30:00,0.53024
2025-02-05 18:35:00,0.53192
2025-02-05 18:40:00,0.52915
2025-02-05 18:45:00,0.53248
2025-02-05 18:50:00,0.52186
2025-02-05 18:55:00,0.52964
2025-02-05 19:00:00,0.53412
2025-02-05 19:05:00,0.52341
2025-02-05 19:10:00,0.53012
2025-02-05 19:15:00,0.53748
2025-02-05 19:20:00,0.53691
2025-02-05 19:25:00,0.53296
2025-02-05 19:30:00,0.53297
2025-02-05 19:35:00,0.53204
2025-02-05 19:40:00,0.52902
2025-02-05 19:45:00,0.5346
2025-02-05 19:50:00,0.53554
2025-02-05 19:55:00,0.53267
2025-02-05 20:00:00,0.5342
2025-02-05 20:05:00,0.53888
2025-02-05 20:10:00,0.52776
2025-02-05 20:15:00,0.53281
2025-02-05 20:20:00,0.52684
2025-02-05 20:25:00,0.53096
2025-02-05 20:30:00,0.53405
2025-02-05 20:35:00,0.52915
2025-02-05 20:40:00,0.53288
2025-02-05 20:45:00,0.53783
2025-02-05 20:50:00,0.53606
2025-02-05 20:55:00,0.53343
2025-02-05 21:00:00,0.53627
2025-02-05 21:05:00,0.5387
2025-02-05 21:10:00,0.53698
2025-02-05 21:15:00,0.53113
2025-02-05 21:20:00,0.53254
2025-02-05 21:25:00,0.53554
2025-02-05 21:30:00,0.53741
2025-02-05 21:35:00,0.53422
2025-02-05 21:40:00,0.53719
2025-02-05 21:45:00,0.53976
2025-02-05 21:50:00,0.534
2025-02-05 21:55:00,0.53438
2025-02-05 22:00:00,0.53316
2025-02-05 22:05:00,0.54091
2025-02-05 22:10:00,0.53897
2025-02-05 22:15:00,0.53549
2025-02-05 22:20:00,0.53456
2025-02-05 22:25:00,0.53394
2025-02-05 22:30:00,0.53638
2025-02-05 22:35:00,0.53806
2025-02-05 22:40:00,0.53629
2025-02-05 22:45:00,0.53691
2025-02-05 22:50:00,0.53097
2025-02-05 22:55:00,0.54341
2025-02-05 23:00:00,0.53497
2025-02-05 23:05:00,0.52963
2025-02-05 23:10:00,0.5406
2025-02-05 23:15:00,0.53824
2025-02-05 23:20:00,0.53632
2025-02-05 23:25:00,0.53436
2025-02-05 23:30:00,0.54135
2025-02-05 23:35:00,0.5405
2025-02-05 23:40:00,0.5375
2025-02-05 23:45:00,0.53019
2025-02-05 23:50:00,0.53921
2025-02-05 23:55:00,0.53313
2025-02-06 00:00:00,0.52814
2025-02-06 00:05:00,0.53526
2025-02-06 00:10:00,0.52824
2025-02-06 00:15:00,0.54377
2025-02-06 00:20:00,0.53066
2025-02-06 00:25:00,0.53081
2025-02-06 00:30:00,0.53156
2025-02-06 00:35:00,0.53534
2025-02-06 00:40:00,0.53803
2025-02-06 00:45:00,0.5299
2025-02-06 00:50:00,0.52337
2025-02-06 00:55:00,0.53093
2025-02-06 01:00:00,0.52388
2025-02-06 01:05:00,0.53566
2025-02-06 01:10:00,0.52714
2025-02-06 01:15:00,0.53624
2025-02-06 01:20:00,0.53157
2025-02-06 01:25:00,0.53164
2025-02-06 01:30:00,0.52862
2025-02-06 01:35:00,0.52744
2025-02-06 01:40:00,0.52625
2025-02-06 01:45:00,0.53176
2025-02-06 01:50:00,0.53034
2025-02-06 01:55:00,0.52706
2025-02-06 02:00:00,0.52259
2025-02-06 02:05:00,0.53757
2025-02-06 02:10:00,0.53172
2025-02-06 02:15:00,0.53317
2025-02-06 02:20:00,0.5385
2025-02-06 02:25:00,0.52883
2025-02-06 02:30:00,0.53237
2025-02-06 02:35:00,0.5315
2025-02-06 02:40:00,0.53242
2025-02-06 02:45:00,0.52671
2025-02-06 02:50:00,0.52817
2025-02-06 02:55:00,0.52635
2025-02-06 03:00:00,0.52728
2025-02-06 03:05:00,0.52794
2025-02-06 03:10:00,0.52263
2025-02-06 03:15:00,0.53563
2025-02-06 03:20:00,0.52131
2025-02-06 03:25:00,0.52713
2025-02-06 03:30:00,0.52706
2025-02-06 03:35:00,0.52526
2025-02-06 03:40:00,0.52413
2025-02-06 03:45:00,0.51828
2025-02-06 03:50:00,0.53136
2025-02-06 03:55:00,0.52985
2025-02-06 04:00:00,0.5232
2025-02-06 04:05:00,0.52148
2025-02-06 04:10:00,0.52949
2025-02-06 04:15:00,0.52448
2025-02-06 04:20:00,0.52104
2025-02-06 04:25:00,0.52852
2025-02-06 04:30:00,0.52773
2025-02-06 04:35:00,0.53287
2025-02-06 04:40:00,0.51956
2025-02-06 04:45:00,0.52304
2025-02-06 04:50:00,0.52474
2025-02-06 04:55:00,0.53223
2025-02-06 05:00:00,0.5222
2025-02-06 05:05:00,0.52174
2025-02-06 05:10:00,0.52706
2025-02-06 05:15:00,0.53039
2025-02-06 05:20:00,0.53349
2025-02-06 05:25:00,0.52218
2025-02-06 05:30:00,0.52752
2025-02-06 05:35:00,0.52125
2025-02-06 05:40:00,0.51984
2025-02-06 05:45:00,0.51694
2025-02-06 05:50:00,0.5255
2025-02-06 05:55:00,0.52181
2025-02-06 06:00:00,0.51998
2025-02-06 06:05:00,0.5269
2025-02-06 06:10:00,0.50886
2025-02-06 06:15:00,0.51872
2025-02-06 06:20:00,0.51946
2025-02-06 06:25:00,0.52329
2025-02-06 06:30:00,0.52002
2025-02-06 06:35:00,0.52209
2025-02-06 06:40:00,0.5259
2025-02-06 06:45:00,0.51606
2025-02-06 06:50:00,0.51994
2025-02-06 06:55:00,0.52318
2025-02-06 07:00:00,0.51584
2025-02-06 07:05:00,0.51695
2025-02-06 07:10:00,0.52182
2025-02-06 07:15:00,0.51951
2025-02-06 07:20:00,0.51143
2025-02-06 07:25:00,0.52612
2025-02-06 07:30:00,0.51489
2025-02-06 07:35:00,0.51676
2025-02-06 07:40:00,0.51833
2025-02-06 07:45:00,0.51694
2025-02-06 07:50:00,0.51363
2025-02-06 07:55:00,0.51451
2025-02-06 08:00:00,0.51871
2025-02-06 08:05:00,0.51433
2025-02-06 08:10:00,0.51587
2025-02-06 08:15:00,0.51156
2025-02-06 08:20:00,0.51927
2025-02-06 08:25:00,0.51017
2025-02-06 08:30:00,0.51384
2025-02-06 08:35:00,0.51401
2025-02-06 08:40:00,0.5171
2025-02-06 08:45:00,0.51814
2025-02-06 08:50:00,0.51493
2025-02-06 08:55:00,0.51171
2025-02-06 09:00:00,0.51391
2025-02-06 09:05:00,0.51344
2025-02-06 09:10:00,0.51661
2025-02-06 09:15:00,0.50614
2025-02-06 09:20:00,0.5163
2025-02-06 09:25:00,0.51107
2025-02-06 09:30:00,0.51868
2025-02-06 09:35:00,0.50963
2025-02-06 09:40:00,0.51417
2025-02-06 09:45:00,0.51782
2025-02-06 09:50:00,0.51507
2025-02-06 09:55:00,0.51788
2025-02-06 10:00:00,0.51441
2025-02-06 10:05:00,0.51574
2025-02-06 10:10:00,0.51647
2025-02-06 10:15:00,0.51172
2025-02-06 10:20:00,0.50717
2025-02-06 10:25:00,0.50733
2025-02-06 10:30:00,0.50255
2025-02-06 10:35:00,0.51269
2025-02-06 10:40:00,0.52288
2025-02-06 10:45:00,0.5155
2025-02-06 10:50:00,0.51392
2025-02-06 10:55:00,0.5193
2025-02-06 11:00:00,0.51611
2025-02-06 11:05:00,0.51192
2025-02-06 11:10:00,0.51652
2025-02-06 11:15:00,0.51222
2025-02-06 11:20:00,0.51916
2025-02-06 11:25:00,0.52231
2025-02-06 11:30:00,0.51149
2025-02-06 11:35:00,0.51909
2025-02-06 11:40:00,0.51574
2025-02-06 11:45:00,0.51125
2025-02-06 11:50:00,0.52096
2025-02-06 11:55:00,0.51584
2025-02-06 12:00:00,0.51866
2025-02-06 12:05:00,0.51205
2025-02-06 12:10:00,0.51999
2025-02-06 12:15:00,0.52108
2025-02-06 12:20:00,0.51436
2025-02-06 12:25:00,0.51638
2025-02-06 12:30:00,0.5173
2025-02-06 12:35:00,0.5163
2025-02-06 12:40:00,0.51338
2025-02-06 12:45:00,0.51896
2025-02-06 12:50:00,0.51162
2025-02-06 12:55:00,0.51739
2025-02-06 13:00:00,0.5087
2025-02-06 13:05:00,0.51752
2025-02-06 13:10:00,0.51334
2025-02-06 13:15:00,0.51293
2025-02-06 13:20:00,0.51448
2025-02-06 13:25:00,0.51149
2025-02-06 13:30:00,0.52168
2025-02-06 13:35:00,0.52322
2025-02-06 13:40:00,0.52037
2025-02-06 13:45:00,0.51012
2025-02-06 13:50:00,0.5077
2025-02-06 13:55:00,0.51474
2025-02-06 14:00:00,0.51653
2025-02-06 14:05:00,0.5145
2025-02-06 14:10:00,0.51773
2025-02-06 14:15:00,0.51516
2025-02-06 14:20:00,0.52377
2025-02-06 14:25:00,0.52026
2025-02-06 14:30:00,0.52477
2025-02-06 14:35:00,0.52467
2025-02-06 14:40:00,0.5169
2025-02-06 14:45:00,0.51858
2025-02-06 14:50:00,0.52269
2025-02-06 14:55:00,0.52532
2025-02-06 15:00:00,0.5139
2025-02-06 15:05:00,0.52133
2025-02-06 15:10:00,0.52209
2025-02-06 15:15:00,0.52031
2025-02-06 15:20:00,0.51752
2025-02-06 15:25:00,0.51886
2025-02-06 15:30:00,0.51941
2025-02-06 15:35:00,0.52432
2025-02-06 15:40:00,0.51989
2025-02-06 15:45:00,0.52321
2025-02-06 15:50:00,0.51873
2025-02-06 15:55:00,0.52252
2025-02-06 16:00:00,0.52539
2025-02-06 16:05:00,0.52788
2025-02-06 16:10:00,0.52251
2025-02-06 16:15:00,0.52065
2025-02-06 16:20:00,0.52917
2025-02-06 16:25:00,0.52412
2025-02-06 16:30:00,0.52194
2025-02-06 16:35:00,0.52634
2025-02-06 16:40:00,0.52995
2025-02-06 16:45:00,0.52192
2025-02-06 16:50:00,0.52615
2025-02-06 16:55:00,0.52443
2025-02-06 17:00:00,0.51858
2025-02-06 17:05:00,0.5305
2025-02-06 17:10:00,0.53041
2025-02-06 17:15:00,0.52592
2025-02-06 17:20:00,0.52746
2025-02-06 17:25:00,0.52773
2025-02-06 17:30:00,0.5293
2025-02-06 17:35:00,0.52628
2025-02-06 17:40:00,0.53356
2025-02-06 17:45:00,0.53252
2025-02-06 17:50:00,0.53049
2025-02-06 17:55:00,0.52887
2025-02-06 18:00:00,0.52199
2025-02-06 18:05:00,0.53419
2025-02-06 18:10:00,0.53562
2025-02-06 18:15:00,0.53426
2025-02-06 18:20:00,0.53128
2025-02-06 18:25:00,0.52708
2025-02-06 18:30:00,0.5298
2025-02-06 18:35:00,0.52826
2025-02-06 18:40:00,0.52651
2025-02-06 18:45:00,0.52806
2025-02-06 18:50:00,0.53683
2025-02-06 18:55:00,0.53488
2025-02-06 19:00:00,0.52713
2025-02-06 19:05:00,0.52901
2025-02-06 19:10:00,0.53285
2025-02-06 19:15:00,0.5356
2025-02-06 19:20:00,0.52961
2025-02-06 19:25:00,0.53728
2025-02-06 19:30:00,0.5344
2025-02-06 19:35:00,0.53316
2025-02-06 19:40:00,0.529
2025-02-06 19:45:00,0.53423
2025-02-06 19:50:00,0.53261
2025-02-06 19:55:00,0.53008
2025-02-06 20:00:00,0.53893
2025-02-06 20:05:00,0.52624
2025-02-06 20:10:00,0.53143
2025-02-06 20:15:00,0.53511
2025-02-06 20:20:00,0.53482
2025-02-06 20:25:00,0.5311
2025-02-06 20:30:00,0.53338
2025-02-06 20:35:00,0.53046
2025-02-06 20:40:00,0.53261
2025-02-06 20:45:00,0.53959
2025-02-06 20:50:00,0.53655
2025-02-06 20:55:00,0.53136
2025-02-06 21:00:00,0.54157
2025-02-06 21:05:00,0.52872
2025-02-06 21:10:00,0.5366
2025-02-06 21:15:00,0.53465
2025-02-06 21:20:00,0.53539
2025-02-06 21:25:00,0.53396
2025-02-06 21:30:00,0.53192
2025-02-06 21:35:00,0.52804
2025-02-06 21:40:00,0.53274
2025-02-06 21:45:00,0.5347
2025-02-06 21:50:00,0.53266
2025-02-06 21:55:00,0.53548
2025-02-06 22:00:00,0.53419
2025-02-06 22:05:00,0.53945
2025-02-06 22:10:00,0.53824
2025-02-06 22:15:00,0.53217
2025-02-06 22:20:00,0.5332
2025-02-06 22:25:00,0.53461
2025-02-06 22:30:00,0.53058
2025-02-06 22:35:00,0.53679
2025-02-06 22:40:00,0.53937
2025-02-06 22:45:00,0.53698
2025-02-06 22:50:00,0.53579
2025-02-06 22:55:00,0.53966
2025-02-06 23:00:00,0.53461
2025-02-06 23:05:00,0.53928
2025-02-06 23:10:00,0.53293
2025-02-06 23:15:00,0.53015
2025-02-06 23:20:00,0.53384
2025-02-06 23:25:00,0.53279
2025-02-06 23:30:00,0.53652
2025-02-06 23:35:00,0.53713
2025-02-06 23:40:00,0.53347
2025-02-06 23:45:00,0.53501
2025-02-06 23:50:00,0.53708
2025-02-06 23:55:00,0.53595
2025-02-07 00:00:00,0.5334
2025-02-07 00:05:00,0.53329
2025-02-07 00:10:00,0.52917
2025-02-07 00:15:00,0.52737
2025-02-07 00:20:00,0.54118
2025-02-07 00:25:00,0.52938
2025-02-07 00:30:00,0.53343
2025-02-07 00:35:00,0.53122
2025-02-07 00:40:00,0.53079
2025-02-07 00:45:00,0.53148
2025-02-07 00:50:00,0.53547
2025-02-07 00:55:00,0.53502
2025-02-07 01:00:00,0.53324
2025-02-07 01:05:00,0.53566
2025-02-07 01:10:00,0.53483
2025-02-07 01:15:00,0.53349
2025-02-07 01:20:00,0.53488
2025-02-07 01:25:00,0.5334
2025-02-07 01:30:00,0.53413
2025-02-07 01:35:00,0.53362
2025-02-07 01:40:00,0.52987
2025-02-07 01:45:00,0.53179
2025-02-07 01:50:00,0.5295
2025-02-07 01:55:00,0.5308
2025-02-07 02:00:00,0.52742
2025-02-07 02:05:00,0.53024
2025-02-07 02:10:00,0.53723
2025-02-07 02:15:00,0.53243
2025-02-07 02:20:00,0.53033
2025-02-07 02:25:00,0.52683
2025-02-07 02:30:00,0.52859
2025-02-07 02:35:00,0.53385
2025-02-07 02:40:00,0.52952
2025-02-07 02:45:00,0.53599
2025-02-07 02:50:00,0.52988
2025-02-07 02:55:00,0.52753
2025-02-07 03:00:00,0.52155
2025-02-07 03:05:00,0.52515
2025-02-07 03:10:00,0.53227
2025-02-07 03:15:00,0.52951
2025-02-07 03:20:00,0.53427
2025-02-07 03:25:00,0.52988
2025-02-07 03:30:00,0.52855
2025-02-07 03:35:00,0.53293
2025-02-07 03:40:00,0.52255
2025-02-07 03:45:00,0.52075
2025-02-07 03:50:00,0.53308
2025-02-07 03:55:00,0.5206
2025-02-07 04:00:00,0.52005
2025-02-07 04:05:00,0.52342
2025-02-07 04:10:00,0.53157
2025-02-07 04:15:00,0.52585
2025-02-07 04:20:00,0.52804
2025-02-07 04:25:00,0.52778
2025-02-07 04:30:00,0.52934
2025-02-07 04:35:00,0.52919
2025-02-07 04:40:00,0.52026
2025-02-07 04:45:00,0.52278
2025-02-07 04:50:00,0.52987
2025-02-07 04:55:00,0.52624
2025-02-07 05:00:00,0.5201
2025-02-07 05:05:00,0.5321
2025-02-07 05:10:00,0.5279
2025-02-07 05:15:00,0.52243
2025-02-07 05:20:00,0.52258
2025-02-07 05:25:00,0.52869
2025-02-07 05:30:00,0.52021
2025-02-07 05:35:00,0.52157
2025-02-07 05:40:00,0.52252
2025-02-07 05:45:00,0.51888
2025-02-07 05:50:00,0.52336
2025-02-07 05:55:00,0.52218
2025-02-07 06:00:00,0.51875
2025-02-07 06:05:00,0.50963
2025-02-07 06:10:00,0.52659
2025-02-07 06:15:00,0.52011
2025-02-07 06:20:00,0.51275
2025-02-07 06:25:00,0.52309
2025-02-07 06:30:00,0.51211
2025-02-07 06:35:00,0.51959
2025-02-07 06:40:00,0.51772
2025-02-07 06:45:00,0.52149
2025-02-07 06:50:00,0.526
2025-02-07 06:55:00,0.51473
2025-02-07 07:00:00,0.51869
2025-02-07 07:05:00,0.52459
2025-02-07 07:10:00,0.52145
2025-02-07 07:15:00,0.51227
2025-02-07 07:20:00,0.52645
2025-02-07 07:25:00,0.5224
2025-02-07 07:30:00,0.52086
2025-02-07 07:35:00,0.51704
2025-02-07 07:40:00,0.52644
2025-02-07 07:45:00,0.51532
2025-02-07 07:50:00,0.51947
2025-02-07 07:55:00,0.52248
2025-02-07 08:00:00,0.50706
2025-02-07 08:05:00,0.52108
2025-02-07 08:10:00,0.51967
2025-02-07 08:15:00,0.52022
2025-02-07 08:20:00,0.51789
2025-02-07 08:25:00,0.51519
2025-02-07 08:30:00,0.50819
2025-02-07 08:35:00,0.51329
2025-02-07 08:40:00,0.51206
2025-02-07 08:45:00,0.51712
2025-02-07 08:50:00,0.51405
2025-02-07 08:55:00,0.52177
2025-02-07 09:00:00,0.51432
2025-02-07 09:05:00,0.51585
2025-02-07 09:10:00,0.51529
2025-02-07 09:15:00,0.52122
2025-02-07 09:20:00,0.51276
2025-02-07 09:25:00,0.51988
2025-02-07 09:30:00,0.51993
2025-02-07 09:35:00,0.51781
2025-02-07 09:40:00,0.51588
2025-02-07 09:45:00,0.51602
2025-02-07 09:50:00,0.52034
2025-02-07 09:55:00,0.51512
2025-02-07 10:00:00,0.52086
2025-02-07 10:05:00,0.51479
2025-02-07 10:10:00,0.51717
2025-02-07 10:15:00,0.52075
2025-02-07 10:20:00,0.50694
2025-02-07 10:25:00,0.51215
2025-02-07 10:30:00,0.50587
2025-02-07 10:35:00,0.51224
2025-02-07 10:40:00,0.51458
2025-02-07 10:45:00,0.51608
2025-02-07 10:50:00,0.51637
2025-02-07 10:55:00,0.51195
2025-02-07 11:00:00,0.51
2025-02-07 11:05:00,0.51189
2025-02-07 11:10:00,0.51867
2025-02-07 11:15:00,0.51545
2025-02-07 11:20:00,0.5054
2025-02-07 11:25:00,0.51789
2025-02-07 11:30:00,0.51498
2025-02-07 11:35:00,0.51057
2025-02-07 11:40:00,0.51482
2025-02-07 11:45:00,0.51624
2025-02-07 11:50:00,0.51735
2025-02-07 11:55:00,0.52104
2025-02-07 12:00:00,0.51504
2025-02-07 12:05:00,0.50471
2025-02-07 12:10:00,0.51974
2025-02-07 12:15:00,0.51492
2025-02-07 12:20:00,0.51905
2025-02-07 12:25:00,0.50846
2025-02-07 12:30:00,0.51335
2025-02-07 12:35:00,0.51622
2025-02-07 12:40:00,0.51054
2025-02-07 12:45:00,0.52041
2025-02-07 12:50:00,0.51534
2025-02-07 12:55:00,0.5143
2025-02-07 13:00:00,0.51927
2025-02-07 13:05:00,0.50632
2025-02-07 13:10:00,0.52032
2025-02-07 13:15:00,0.5225
2025-02-07 13:20:00,0.52545
2025-02-07 13:25:00,0.52015
2025-02-07 13:30:00,0.51831
2025-02-07 13:35:00,0.52407
2025-02-07 13:40:00,0.52207
2025-02-07 13:45:00,0.52369
2025-02-07 13:50:00,0.52109
2025-02-07 13:55:00,0.5179
2025-02-07 14:00:00,0.51836
2025-02-07 14:05:00,0.5138
2025-02-07 14:10:00,0.5204
2025-02-07 14:15:00,0.52479
2025-02-07 14:20:00,0.52001
2025-02-07 14:25:00,0.51581
2025-02-07 14:30:00,0.51573
2025-02-07 14:35:00,0.51659
2025-02-07 14:40:00,0.52431
2025-02-07 14:45:00,0.52257
2025-02-07 14:50:00,0.52146
2025-02-07 14:55:00,0.52551
2025-02-07 15:00:00,0.52145
2025-02-07 15:05:00,0.52351
2025-02-07 15:10:00,0.52068
2025-02-07 15:15:00,0.51839
2025-02-07 15:20:00,0.51991
2025-02-07 15:25:00,0.52396
2025-02-07 15:30:00,0.52581
2025-02-07 15:35:00,0.52143
2025-02-07 15:40:00,0.51951
2025-02-07 15:45:00,0.5164
2025-02-07 15:50:00,0.52217
2025-02-07 15:55:00,0.52474
2025-02-07 16:00:00,0.52477
2025-02-07 16:05:00,0.5299
2025-02-07 16:10:00,0.52872
2025-02-07 16:15:00,0.51818
2025-02-07 16:20:00,0.52802
2025-02-07 16:25:00,0.52756
2025-02-07 16:30:00,0.52593
2025-02-07 16:35:00,0.525
2025-02-07 16:40:00,0.51848
2025-02-07 16:45:00,0.51882
2025-02-07 16:50:00,0.53182
2025-02-07 16:55:00,0.52345
2025-02-07 17:00:00,0.52765
2025-02-07 17:05:00,0.528
2025-02-07 17:10:00,0.52903
2025-02-07 17:15:00,0.53107
2025-02-07 17:20:00,0.52879
2025-02-07 17:25:00,0.52936
2025-02-07 17:30:00,0.53067
2025-02-07 17:35:00,0.52646
2025-02-07 17:40:00,0.52505
2025-02-07 17:45:00,0.52677
2025-02-07 17:50:00,0.52333
2025-02-07 17:55:00,0.52801
2025-02-07 18:00:00,0.5233
2025-02-07 18:05:00,0.53384
2025-02-07 18:10:00,0.53183
2025-02-07 18:15:00,0.52941
2025-02-07 18:20:00,0.53367
2025-02-07 18:25:00,0.52675
2025-02-07 18:30:00,0.53204
2025-02-07 18:35:00,0.53272
2025-02-07 18:40:00,0.53389
2025-02-07 18:45:00,0.53464
2025-02-07 18:50:00,0.53056
2025-02-07 18:55:00,0.53581
2025-02-07 19:00:00,0.52866
2025-02-07 19:05:00,0.53806
2025-02-07 19:10:00,0.53019
2025-02-07 19:15:00,0.53206
2025-02-07 19:20:00,0.54077
2025-02-07 19:25:00,0.53702
2025-02-07 19:30:00,0.53215
2025-02-07 19:35:00,0.5338
2025-02-07 19:40:00,0.5359
2025-02-07 19:45:00,0.53099
2025-02-07 19:50:00,0.52961
2025-02-07 19:55:00,0.52698
2025-02-07 20:00:00,0.53773
2025-02-07 20:05:00,0.53169
2025-02-07 20:10:00,0.53319
2025-02-07 20:15:00,0.53366
2025-02-07 20:20:00,0.53748
2025-02-07 20:25:00,0.53219
2025-02-07 20:30:00,0.53635
2025-02-07 20:35:00,0.53458
2025-02-07 20:40:00,0.53802
2025-02-07 20:45:00,0.53172
2025-02-07 20:50:00,0.53378
2025-02-07 20:55:00,0.5307
2025-02-07 21:00:00,0.53474
2025-02-07 21:05:00,0.54176
2025-02-07 21:10:00,0.53398
2025-02-07 21:15:00,0.53009
2025-02-07 21:20:00,0.5399
2025-02-07 21:25:00,0.53204
2025-02-07 21:30:00,0.53773
2025-02-07 21:35:00,0.53099
2025-02-07 21:40:00,0.53781
2025-02-07 21:45:00,0.5363
2025-02-07 21:50:00,0.53068
2025-02-07 21:55:00,0.53296
2025-02-07 22:00:00,0.53496
2025-02-07 22:05:00,0.53768
2025-02-07 22:10:00,0.53784
2025-02-07 22:15:00,0.52438
2025-02-07 22:20:00,0.53842
2025-02-07 22:25:00,0.53681
2025-02-07 22:30:00,0.53772
2025-02-07 22:35:00,0.53327
2025-02-07 22:40:00,0.53553
2025-02-07 22:45:00,0.53056
2025-02-07 22:50:00,0.53994
2025-02-07 22:55:00,0.53329
2025-02-07 23:00:00,0.54258
2025-02-07 23:05:00,0.53973
2025-02-07 23:10:00,0.52986
2025-02-07 23:15:00,0.53788
2025-02-07 23:20:00,0.53189
2025-02-07 23:25:00,0.53218
2025-02-07 23:30:00,0.53268
2025-02-07 23:35:00,0.53175
2025-02-07 23:40:00,0.53979
2025-02-07 23:45:00,0.53839
2025-02-07 23:50:00,0.53629
2025-02-07 23:55:00,0.53704
2025-02-08 00:00:00,0.53563
2025-02-08 00:05:00,0.53408
2025-02-08 00:10:00,0.52728
2025-02-08 00:15:00,0.5297
2025-02-08 00:20:00,0.53851
2025-02-08 00:25:00,0.53943
2025-02-08 00:30:00,0.53536
2025-02-08 00:35:00,0.53316
2025-02-08 00:40:00,0.53978
2025-02-08 00:45:00,0.53349
2025-02-08 00:50:00,0.5335
2025-02-08 00:55:00,0.54622
2025-02-08 01:00:00,0.53756
2025-02-08 01:05:00,0.53057
2025-02-08 01:10:00,0.53016
2025-02-08 01:15:00,0.53485
2025-02-08 01:20:00,0.53448
2025-02-08 01:25:00,0.53389
2025-02-08 01:30:00,0.53254
2025-02-08 01:35:00,0.53292
2025-02-08 01:40:00,0.52828
2025-02-08 01:45:00,0.53487
2025-02-08 01:50:00,0.53412
2025-02-08 01:55:00,0.53548
2025-02-08 02:00:00,0.5363
2025-02-08 02:05:00,0.522
2025-02-08 02:10:00,0.53174
2025-02-08 02:15:00,0.52366
2025-02-08 02:20:00,0.53348
2025-02-08 02:25:00,0.53451
2025-02-08 02:30:00,0.52887
2025-02-08 02:35:00,0.53151
2025-02-08 02:40:00,0.5354
2025-02-08 02:45:00,0.52563
2025-02-08 02:50:00,0.53129
2025-02-08 02:55:00,0.52608
2025-02-08 03:00:00,0.52909
2025-02-08 03:05:00,0.5259
2025-02-08 03:10:00,0.532
2025-02-08 03:15:00,0.52674
2025-02-08 03:20:00,0.52194
2025-02-08 03:25:00,0.53137
2025-02-08 03:30:00,0.5246
2025-02-08 03:35:00,0.52929
2025-02-08 03:40:00,0.52656
2025-02-08 03:45:00,0.52792
2025-02-08 03:50:00,0.52626
2025-02-08 03:55:00,0.52807
2025-02-08 04:00:00,0.51721
2025-02-08 04:05:00,0.52568
2025-02-08 04:10:00,0.52957
2025-02-08 04:15:00,0.51646
2025-02-08 04:20:00,0.52917
2025-02-08 04:25:00,0.53329
2025-02-08 04:30:00,0.52798
2025-02-08 04:35:00,0.52718
2025-02-08 04:40:00,0.5279
2025-02-08 04:45:00,0.52745
2025-02-08 04:50:00,0.52507
2025-02-08 04:55:00,0.529
2025-02-08 05:00:00,0.52659
2025-02-08 05:05:00,0.523
2025-02-08 05:10:00,0.52707
2025-02-08 05:15:00,0.52461
2025-02-08 05:20:00,0.5232
2025-02-08 05:25:00,0.5147
2025-02-08 05:30:00,0.52169
2025-02-08 05:35:00,0.51746
2025-02-08 05:40:00,0.52451
2025-02-08 05:45:00,0.5176
2025-02-08 05:50:00,0.51619
2025-02-08 05:55:00,0.52294
2025-02-08 06:00:00,0.52355
2025-02-08 06:05:00,0.51207
2025-02-08 06:10:00,0.51623
2025-02-08 06:15:00,0.51876
2025-02-08 06:20:00,0.51746
2025-02-08 06:25:00,0.52394
2025-02-08 06:30:00,0.52178
2025-02-08 06:35:00,0.51756
2025-02-08 06:40:00,0.52088
2025-02-08 06:45:00,0.52412
2025-02-08 06:50:00,0.52036
2025-02-08 06:55:00,0.52268
2025-02-08 07:00:00,0.51298
2025-02-08 07:05:00,0.5206
2025-02-08 07:10:00,0.51097
2025-02-08 07:15:00,0.51593
2025-02-08 07:20:00,0.51645
2025-02-08 07:25:00,0.51807
2025-02-08 07:30:00,0.51398
2025-02-08 07:35:00,0.51379
2025-02-08 07:40:00,0.51613
2025-02-08 07:45:00,0.52167
2025-02-08 07:50:00,0.5218
2025-02-08 07:55:00,0.52062
2025-02-08 08:00:00,0.51791
2025-02-08 08:05:00,0.51583
2025-02-08 08:10:00,0.51713
2025-02-08 08:15:00,0.52193
2025-02-08 08:20:00,0.52278
2025-02-08 08:25:00,0.51102
2025-02-08 08:30:00,0.50386
2025-02-08 08:35:00,0.5141
2025-02-08 08:40:00,0.51924
2025-02-08 08:45:00,0.50946
2025-02-08 08:50:00,0.52095
2025-02-08 08:55:00,0.52028
2025-02-08 09:00:00,0.52082
2025-02-08 09:05:00,0.51594
2025-02-08 09:10:00,0.52167
2025-02-08 09:15:00,0.51315
2025-02-08 09:20:00,0.51007
2025-02-08 09:25:00,0.51762
2025-02-08 09:30:00,0.51482
2025-02-08 09:35:00,0.50858
2025-02-08 09:40:00,0.5187
2025-02-08 09:45:00,0.51843
2025-02-08 09:50:00,0.50905
2025-02-08 09:55:00,0.52206
2025-02-08 10:00:00,0.51864
2025-02-08 10:05:00,0.50469
2025-02-08 10:10:00,0.51538
2025-02-08 10:15:00,0.51818
2025-02-08 10:20:00,0.51385
2025-02-08 10:25:00,0.51353
2025-02-08 10:30:00,0.51879
2025-02-08 10:35:00,0.518
2025-02-08 10:40:00,0.51184
2025-02-08 10:45:00,0.51368
2025-02-08 10:50:00,0.50885
2025-02-08 10:55:00,0.51245
2025-02-08 11:00:00,0.51856
2025-02-08 11:05:00,0.51703
2025-02-08 11:10:00,0.51626
2025-02-08 11:15:00,0.51267
2025-02-08 11:20:00,0.5097
2025-02-08 11:25:00,0.51327
2025-02-08 11:30:00,0.51886
2025-02-08 11:35:00,0.51986
2025-02-08 11:40:00,0.51686
2025-02-08 11:45:00,0.51584
2025-02-08 11:50:00,0.51622
2025-02-08 11:55:00,0.5162
2025-02-08 12:00:00,0.51994
2025-02-08 12:05:00,0.51514
2025-02-08 12:10:00,0.5105
2025-02-08 12:15:00,0.50751
2025-02-08 12:20:00,0.51382
2025-02-08 12:25:00,0.51476
2025-02-08 12:30:00,0.51797
2025-02-08 12:35:00,0.51639
2025-02-08 12:40:00,0.51591
2025-02-08 12:45:00,0.52041
2025-02-08 12:50:00,0.51276
2025-02-08 12:55:00,0.5197
2025-02-08 13:00:00,0.51333
2025-02-08 13:05:00,0.52043
2025-02-08 13:10:00,0.51904
2025-02-08 13:15:00,0.51879
2025-02-08 13:20:00,0.52068
2025-02-08 13:25:00,0.51677
2025-02-08 13:30:00,0.5169
2025-02-08 13:35:00,0.51699
2025-02-08 13:40:00,0.51935
2025-02-08 13:45:00,0.52125
2025-02-08 13:50:00,0.51855
2025-02-08 13:55:00,0.51987
2025-02-08 14:00:00,0.5155
2025-02-08 14:05:00,0.51676
2025-02-08 14:10:00,0.52003
2025-02-08 14:15:00,0.52297
2025-02-08 14:20:00,0.51843
2025-02-08 14:25:00,0.5234
2025-02-08 14:30:00,0.52058
2025-02-08 14:35:00,0.52496
2025-02-08 14:40:00,0.51352
2025-02-08 14:45:00,0.51156
2025-02-08 14:50:00,0.52394
2025-02-08 14:55:00,0.51645
2025-02-08 15:00:00,0.51939
2025-02-08 15:05:00,0.52166
2025-02-08 15:10:00,0.5215
2025-02-08 15:15:00,0.52395
2025-02-08 15:20:00,0.51964
2025-02-08 15:25:00,0.52004
2025-02-08 15:30:00,0.52374
2025-02-08 15:35:00,0.51887
2025-02-08 15:40:00,0.52264
2025-02-08 15:45:00,0.52209
2025-02-08 15:50:00,0.52051
2025-02-08 15:55:00,0.52593
2025-02-08 16:00:00,0.5266
2025-02-08 16:05:00,0.52877
2025-02-08 16:10:00,0.51889
2025-02-08 16:15:00,0.52095
2025-02-08 16:20:00,0.52645
2025-02-08 16:25:00,0.53052
2025-02-08 16:30:00,0.52235
2025-02-08 16:35:00,0.52915
2025-02-08 16:40:00,0.52364
2025-02-08 16:45:00,0.52453
2025-02-08 16:50:00,0.52448
2025-02-08 16:55:00,0.53009
2025-02-08 17:00:00,0.53088
2025-02-08 17:05:00,0.52879
2025-02-08 17:10:00,0.53342
2025-02-08 17:15:00,0.52921
2025-02-08 17:20:00,0.53798
2025-02-08 17:25:00,0.53143
2025-02-08 17:30:00,0.52859
2025-02-08 17:35:00,0.53191
2025-02-08 17:40:00,0.53011
2025-02-08 17:45:00,0.51983
2025-02-08 17:50:00,0.53315
2025-02-08 17:55:00,0.53029
2025-02-08 18:00:00,0.5369
2025-02-08 18:05:00,0.52951
2025-02-08 18:10:00,0.53128
2025-02-08 18:15:00,0.52882
2025-02-08 18:20:00,0.52021
2025-02-08 18:25:00,0.53012
2025-02-08 18:30:00,0.53214
2025-02-08 18:35:00,0.53334
2025-02-08 18:40:00,0.53057
2025-02-08 18:45:00,0.52669
2025-02-08 18:50:00,0.52981
2025-02-08 18:55:00,0.52851
2025-02-08 19:00:00,0.53119
2025-02-08 19:05:00,0.53752
2025-02-08 19:10:00,0.53941
2025-02-08 19:15:00,0.53028
2025-02-08 19:20:00,0.53626
2025-02-08 19:25:00,0.53319
2025-02-08 19:30:00,0.53277
2025-02-08 19:35:00,0.53376
2025-02-08 19:40:00,0.53356
2025-02-08 19:45:00,0.52644
2025-02-08 19:50:00,0.53308
2025-02-08 19:55:00,0.53607
2025-02-08 20:00:00,0.53317
2025-02-08 20:05:00,0.53959
2025-02-08 20:10:00,0.52918
2025-02-08 20:15:00,0.53738
2025-02-08 20:20:00,0.53766
2025-02-08 20:25:00,0.54381
2025-02-08 20:30:00,0.52652
2025-02-08 20:35:00,0.53357
2025-02-08 20:40:00,0.53385
2025-02-08 20:45:00,0.53732
2025-02-08 20:50:00,0.53117
2025-02-08 20:55:00,0.53553
2025-02-08 21:00:00,0.53753
2025-02-08 21:05:00,0.53965
2025-02-08 21:10:00,0.52983
2025-02-08 21:15:00,0.53094
2025-02-08 21:20:00,0.53503
2025-02-08 21:25:00,0.53417
2025-02-08 21:30:00,0.53761
2025-02-08 21:35:00,0.52987
2025-02-08 21:40:00,0.53862
2025-02-08 21:45:00,0.52988
2025-02-08 21:50:00,0.54224
2025-02-08 21:55:00,0.5357
2025-02-08 22:00:00,0.532
2025-02-08 22:05:00,0.53474
2025-02-08 22:10:00,0.53864
2025-02-08 22:15:00,0.52768
2025-02-08 22:20:00,0.52976
2025-02-08 22:25:00,0.53165
2025-02-08 22:30:00,0.53643
2025-02-08 22:35:00,0.53901
2025-02-08 22:40:00,0.53322
2025-02-08 22:45:00,0.5311
2025-02-08 22:50:00,0.53781
2025-02-08 22:55:00,0.53906
2025-02-08 23:00:00,0.53565
2025-02-08 23:05:00,0.53695
2025-02-08 23:10:00,0.53577
2025-02-08 23:15:00,0.53026
2025-02-08 23:20:00,0.53428
2025-02-08 23:25:00,0.53515
2025-02-08 23:30:00,0.53033
2025-02-08 23:35:00,0.53132
2025-02-08 23:40:00,0.53565
2025-02-08 23:45:00,0.53354
2025-02-08 23:50:00,0.53702
2025-02-08 23:55:00,0.53723
2025-02-09 00:00:00,0.54009
2025-02-09 00:05:00,0.53591
2025-02-09 00:10:00,0.53755
2025-02-09 00:15:00,0.53383
2025-02-09 00:20:00,0.53168
2025-02-09 00:25:00,0.53433
2025-02-09 00:30:00,0.52818
2025-02-09 00:35:00,0.53381
2025-02-09 00:40:00,0.52994
2025-02-09 00:45:00,0.52999
2025-02-09 00:50:00,0.53656
2025-02-09 00:55:00,0.53396
2025-02-09 01:00:00,0.53214
2025-02-09 01:05:00,0.53306
2025-02-09 01:10:00,0.53665
2025-02-09 01:15:00,0.53465
2025-02-09 01:20:00,0.52829
2025-02-09 01:25:00,0.53955
2025-02-09 01:30:00,0.53498
2025-02-09 01:35:00,0.53146
2025-02-09 01:40:00,0.52908
2025-02-09 01:45:00,0.53735
2025-02-09 01:50:00,0.52989
2025-02-09 01:55:00,0.541
2025-02-09 02:00:00,0.52316
2025-02-09 02:05:00,0.52862
2025-02-09 02:10:00,0.52792
2025-02-09 02:15:00,0.52924
2025-02-09 02:20:00,0.52866
2025-02-09 02:25:00,0.53415
2025-02-09 02:30:00,0.53079
2025-02-09 02:35:00,0.53074
2025-02-09 02:40:00,0.52785
2025-02-09 02:45:00,0.5323
2025-02-09 02:50:00,0.53681
2025-02-09 02:55:00,0.52408
2025-02-09 03:00:00,0.52956
2025-02-09 03:05:00,0.53145
2025-02-09 03:10:00,0.53034
2025-02-09 03:15:00,0.52242
2025-02-09 03:20:00,0.528
2025-02-09 03:25:00,0.52295
2025-02-09 03:30:00,0.53143
2025-02-09 03:35:00,0.52848
2025-02-09 03:40:00,0.52655
2025-02-09 03:45:00,0.52827
2025-02-09 03:50:00,0.52782
2025-02-09 03:55:00,0.52923
2025-02-09 04:00:00,0.52831
2025-02-09 04:05:00,0.52824
2025-02-09 04:10:00,0.52528
2025-02-09 04:15:00,0.52861
2025-02-09 04:20:00,0.52657
2025-02-09 04:25:00,0.52008
2025-02-09 04:30:00,0.52517
2025-02-09 04:35:00,0.52858
2025-02-09 04:40:00,0.52109
2025-02-09 04:45:00,0.52599
2025-02-09 04:50:00,0.52987
2025-02-09 04:55:00,0.52595
2025-02-09 05:00:00,0.52157
2025-02-09 05:05:00,0.52716
2025-02-09 05:10:00,0.52933
2025-02-09 05:15:00,0.52028
2025-02-09 05:20:00,0.51608
2025-02-09 05:25:00,0.52569
2025-02-09 05:30:00,0.52384
2025-02-09 05:35:00,0.52529
2025-02-09 05:40:00,0.52174
2025-02-09 05:45:00,0.51833
2025-02-09 05:50:00,0.52731
2025-02-09 05:55:00,0.52089
2025-02-09 06:00:00,0.51502
2025-02-09 06:05:00,0.52283
2025-02-09 06:10:00,0.52768
2025-02-09 06:15:00,0.52181
2025-02-09 06:20:00,0.52229
2025-02-09 06:25:00,0.522
2025-02-09 06:30:00,0.51616
2025-02-09 06:35:00,0.51713
2025-02-09 06:40:00,0.52903
2025-02-09 06:45:00,0.51984
2025-02-09 06:50:00,0.51863
2025-02-09 06:55:00,0.52202
2025-02-09 07:00:00,0.51481
2025-02-09 07:05:00,0.51546
2025-02-09 07:10:00,0.52133
2025-02-09 07:15:00,0.52052
2025-02-09 07:20:00,0.51508
2025-02-09 07:25:00,0.51503
2025-02-09 07:30:00,0.5218
2025-02-09 07:35:00,0.52312
2025-02-09 07:40:00,0.52078
2025-02-09 07:45:00,0.51493
2025-02-09 07:50:00,0.51449
2025-02-09 07:55:00,0.51822
2025-02-09 08:00:00,0.51668
2025-02-09 08:05:00,0.51694
2025-02-09 08:10:00,0.51569
2025-02-09 08:15:00,0.51949
2025-02-09 08:20:00,0.51929
2025-02-09 08:25:00,0.51978
2025-02-09 08:30:00,0.51877
2025-02-09 08:35:00,0.52097
2025-02-09 08:40:00,0.51366
2025-02-09 08:45:00,0.51611
2025-02-09 08:50:00,0.51015
2025-02-09 08:55:00,0.51056
2025-02-09 09:00:00,0.51523
2025-02-09 09:05:00,0.51765
2025-02-09 09:10:00,0.51765
2025-02-09 09:15:00,0.51019
2025-02-09 09:20:00,0.51919
2025-02-09 09:25:00,0.5165
2025-02-09 09:30:00,0.51667
2025-02-09 09:35:00,0.51515
2025-02-09 09:40:00,0.5107
2025-02-09 09:45:00,0.51558
2025-02-09 09:50:00,0.52427
2025-02-09 09:55:00,0.50915
2025-02-09 10:00:00,0.51368
2025-02-09 10:05:00,0.51158
2025-02-09 10:10:00,0.5142
2025-02-09 10:15:00,0.51466
2025-02-09 10:20:00,0.51079
2025-02-09 10:25:00,0.51939
2025-02-09 10:30:00,0.52208
2025-02-09 10:35:00,0.50981
2025-02-09 10:40:00,0.51004
2025-02-09 10:45:00,0.51196
2025-02-09 10:50:00,0.51831
2025-02-09 10:55:00,0.52236
2025-02-09 11:00:00,0.51384
2025-02-09 11:05:00,0.511
2025-02-09 11:10:00,0.50973
2025-02-09 11:15:00,0.52366
2025-02-09 11:20:00,0.51366
2025-02-09 11:25:00,0.52254
2025-02-09 11:30:00,0.51044
2025-02-09 11:35:00,0.51296
2025-02-09 11:40:00,0.51671
2025-02-09 11:45:00,0.51288
2025-02-09 11:50:00,0.51573
2025-02-09 11:55:00,0.51448
2025-02-09 12:00:00,0.50933
2025-02-09 12:05:00,0.51183
2025-02-09 12:10:00,0.51802
2025-02-09 12:15:00,0.51252
2025-02-09 12:20:00,0.51209
2025-02-09 12:25:00,0.52072
2025-02-09 12:30:00,0.52116
2025-02-09 12:35:00,0.51769
2025-02-09 12:40:00,0.52201
2025-02-09 12:45:00,0.51342
2025-02-09 12:50:00,0.5218
2025-02-09 12:55:00,0.50817
2025-02-09 13:00:00,0.52186
2025-02-09 13:05:00,0.51325
2025-02-09 13:10:00,0.52023
2025-02-09 13:15:00,0.51611
2025-02-09 13:20:00,0.51532
2025-02-09 13:25:00,0.51833
2025-02-09 13:30:00,0.52396
2025-02-09 13:35:00,0.52492
2025-02-09 13:40:00,0.52671
2025-02-09 13:45:00,0.51685
2025-02-09 13:50:00,0.51982
2025-02-09 13:55:00,0.51691
2025-02-09 14:00:00,0.51581
2025-02-09 14:05:00,0.51888
2025-02-09 14:10:00,0.51948
2025-02-09 14:15:00,0.51586
2025-02-09 14:20:00,0.52132
2025-02-09 14:25:00,0.52207
2025-02-09 14:30:00,0.51647
2025-02-09 14:35:00,0.52574
2025-02-09 14:40:00,0.5168
2025-02-09 14:45:00,0.52035
2025-02-09 14:50:00,0.51813
2025-02-09 14:55:00,0.50911
2025-02-09 15:00:00,0.51643
2025-02-09 15:05:00,0.52532
2025-02-09 15:10:00,0.52156
2025-02-09 15:15:00,0.52908
2025-02-09 15:20:00,0.52602
2025-02-09 15:25:00,0.5224
2025-02-09 15:30:00,0.5252
2025-02-09 15:35:00,0.51819
2025-02-09 15:40:00,0.52672
2025-02-09 15:45:00,0.51853
2025-02-09 15:50:00,0.52528
2025-02-09 15:55:00,0.52329
2025-02-09 16:00:00,0.5287
2025-02-09 16:05:00,0.52671
2025-02-09 16:10:00,0.52159
2025-02-09 16:15:00,0.52898
2025-02-09 16:20:00,0.52589
2025-02-09 16:25:00,0.53186
2025-02-09 16:30:00,0.5309
2025-02-09 16:35:00,0.52409
2025-02-09 16:40:00,0.52573
2025-02-09 16:45:00,0.52623
2025-02-09 16:50:00,0.52515
2025-02-09 16:55:00,0.52316
2025-02-09 17:00:00,0.52951
2025-02-09 17:05:00,0.53416
2025-02-09 17:10:00,0.52519
2025-02-09 17:15:00,0.52773
2025-02-09 17:20:00,0.52804
2025-02-09 17:25:00,0.53011
2025-02-09 17:30:00,0.52942
2025-02-09 17:35:00,0.52761
2025-02-09 17:40:00,0.53378
2025-02-09 17:45:00,0.52436
2025-02-09 17:50:00,0.53215
2025-02-09 17:55:00,0.52631
2025-02-09 18:00:00,0.53077
2025-02-09 18:05:00,0.53997
2025-02-09 18:10:00,0.52751
2025-02-09 18:15:00,0.53271
2025-02-09 18:20:00,0.53056
2025-02-09 18:25:00,0.52653
2025-02-09 18:30:00,0.52739
2025-02-09 18:35:00,0.5299
2025-02-09 18:40:00,0.52715
2025-02-09 18:45:00,0.53374
2025-02-09 18:50:00,0.53062
2025-02-09 18:55:00,0.52692
2025-02-09 19:00:00,0.53719
2025-02-09 19:05:00,0.53206
2025-02-09 19:10:00,0.53132
2025-02-09 19:15:00,0.53462
2025-02-09 19:20:00,0.53515
2025-02-09 19:25:00,0.53404
2025-02-09 19:30:00,0.53411
2025-02-09 19:35:00,0.54067
2025-02-09 19:40:00,0.53961
2025-02-09 19:45:00,0.53407
2025-02-09 19:50:00,0.53541
2025-02-09 19:55:00,0.53451
2025-02-09 20:00:00,0.53635
2025-02-09 20:05:00,0.53638
2025-02-09 20:10:00,0.5387
2025-02-09 20:15:00,0.537
2025-02-09 20:20:00,0.53443
2025-02-09 20:25:00,0.53961
2025-02-09 20:30:00,0.53636
2025-02-09 20:35:00,0.53631
2025-02-09 20:40:00,0.5263
2025-02-09 20:45:00,0.52922
2025-02-09 20:50:00,0.52948
2025-02-09 20:55:00,0.53206
2025-02-09 21:00:00,0.53658
2025-02-09 21:05:00,0.53442
2025-02-09 21:10:00,0.53941
2025-02-09 21:15:00,0.53574
2025-02-09 21:20:00,0.53316
2025-02-09 21:25:00,0.52696
2025-02-09 21:30:00,0.5367
2025-02-09 21:35:00,0.53612
2025-02-09 21:40:00,0.52835
2025-02-09 21:45:00,0.53275
2025-02-09 21:50:00,0.53122
2025-02-09 21:55:00,0.54101
2025-02-09 22:00:00,0.53352
2025-02-09 22:05:00,0.53168
2025-02-09 22:10:00,0.52944
2025-02-09 22:15:00,0.54123
2025-02-09 22:20:00,0.537
2025-02-09 22:25:00,0.53124
2025-02-09 22:30:00,0.53596
2025-02-09 22:35:00,0.54242
2025-02-09 22:40:00,0.53624
2025-02-09 22:45:00,0.53206
2025-02-09 22:50:00,0.54086
2025-02-09 22:55:00,0.53193
2025-02-09 23:00:00,0.53819
2025-02-09 23:05:00,0.53494
2025-02-09 23:10:00,0.5348
2025-02-09 23:15:00,0.53273
2025-02-09 23:20:00,0.53381
2025-02-09 23:25:00,0.53422
2025-02-09 23:30:00,0.54068
2025-02-09 23:35:00,0.53264
2025-02-09 23:40:00,0.53052
2025-02-09 23:45:00,0.53186
2025-02-09 23:50:00,0.53539
2025-02-09 23:55:00,0.53674
2025-02-10 00:00:00,0.5259
2025-02-10 00:05:00,0.53653
2025-02-10 00:10:00,0.53299
2025-02-10 00:15:00,0.53075
2025-02-10 00:20:00,0.53116
2025-02-10 00:25:00,0.52952
2025-02-10 00:30:00,0.53885
2025-02-10 00:35:00,0.52692
2025-02-10 00:40:00,0.53614
2025-02-10 00:45:00,0.53852
2025-02-10 00:50:00,0.53261
2025-02-10 00:55:00,0.53465
2025-02-10 01:00:00,0.53238
2025-02-10 01:05:00,0.5348
2025-02-10 01:10:00,0.53293
2025-02-10 01:15:00,0.53237
2025-02-10 01:20:00,0.5365
2025-02-10 01:25:00,0.52486
2025-02-10 01:30:00,0.531
2025-02-10 01:35:00,0.53078
2025-02-10 01:40:00,0.52924
2025-02-10 01:45:00,0.53297
2025-02-10 01:50:00,0.5302
2025-02-10 01:55:00,0.53519
2025-02-10 02:00:00,0.52621
2025-02-10 02:05:00,0.53071
2025-02-10 02:10:00,0.5311
2025-02-10 02:15:00,0.53434
2025-02-10 02:20:00,0.53417
2025-02-10 02:25:00,0.52688
2025-02-10 02:30:00,0.52926
2025-02-10 02:35:00,0.52588
2025-02-10 02:40:00,0.52797
2025-02-10 02:45:00,0.53388
2025-02-10 02:50:00,0.52269
2025-02-10 02:55:00,0.52916
2025-02-10 03:00:00,0.5341
2025-02-10 03:05:00,0.52954
2025-02-10 03:10:00,0.52423
2025-02-10 03:15:00,0.53386
2025-02-10 03:20:00,0.52872
2025-02-10 03:25:00,0.52773
2025-02-10 03:30:00,0.52109
2025-02-10 03:35:00,0.52687
2025-02-10 03:40:00,0.52921
2025-02-10 03:45:00,0.52399
2025-02-10 03:50:00,0.52515
2025-02-10 03:55:00,0.52734
2025-02-10 04:00:00,0.53026
2025-02-10 04:05:00,0.52966
2025-02-10 04:10:00,0.51299
2025-02-10 04:15:00,0.52538
2025-02-10 04:20:00,0.52733
2025-02-10 04:25:00,0.52662
2025-02-10 04:30:00,0.52456
2025-02-10 04:35:00,0.52521
2025-02-10 04:40:00,0.5336
2025-02-10 04:45:00,0.52517
2025-02-10 04:50:00,0.52531
2025-02-10 04:55:00,0.52671
2025-02-10 05:00:00,0.51686
2025-02-10 05:05:00,0.52618
2025-02-10 05:10:00,0.51692
2025-02-10 05:15:00,0.52329
2025-02-10 05:20:00,0.52202
2025-02-10 05:25:00,0.51759
2025-02-10 05:30:00,0.51693
2025-02-10 05:35:00,0.52386
2025-02-10 05:40:00,0.51973
2025-02-10 05:45:00,0.51483
2025-02-10 05:50:00,0.52623
2025-02-10 05:55:00,0.53425
2025-02-10 06:00:00,0.51687
2025-02-10 06:05:00,0.52034
2025-02-10 06:10:00,0.51309
2025-02-10 06:15:00,0.52208
2025-02-10 06:20:00,0.51742
2025-02-10 06:25:00,0.52334
2025-02-10 06:30:00,0.50929
2025-02-10 06:35:00,0.51537
2025-02-10 06:40:00,0.51925
2025-02-10 06:45:00,0.52139
2025-02-10 06:50:00,0.52234
2025-02-10 06:55:00,0.52335
2025-02-10 07:00:00,0.52317
2025-02-10 07:05:00,0.51809
2025-02-10 07:10:00,0.51539
2025-02-10 07:15:00,0.52373
2025-02-10 07:20:00,0.5184
2025-02-10 07:25:00,0.5156
2025-02-10 07:30:00,0.52212
2025-02-10 07:35:00,0.51432
2025-02-10 07:40:00,0.51496
2025-02-10 07:45:00,0.51818
2025-02-10 07:50:00,0.52115
2025-02-10 07:55:00,0.51271
2025-02-10 08:00:00,0.51705
2025-02-10 08:05:00,0.51474
2025-02-10 08:10:00,0.51788
2025-02-10 08:15:00,0.5142
2025-02-10 08:20:00,0.50748
2025-02-10 08:25:00,0.51392
2025-02-10 08:30:00,0.5189
2025-02-10 08:35:00,0.50977
2025-02-10 08:40:00,0.52115
2025-02-10 08:45:00,0.5107
2025-02-10 08:50:00,0.51621
2025-02-10 08:55:00,0.5184
2025-02-10 09:00:00,0.51262
2025-02-10 09:05:00,0.51071
2025-02-10 09:10:00,0.51445
2025-02-10 09:15:00,0.51451
2025-02-10 09:20:00,0.52108
2025-02-10 09:25:00,0.51769
2025-02-10 09:30:00,0.50969
2025-02-10 09:35:00,0.52059
2025-02-10 09:40:00,0.51626
2025-02-10 09:45:00,0.5114
2025-02-10 09:50:00,0.51789
2025-02-10 09:55:00,0.51822
2025-02-10 10:00:00,0.51499
2025-02-10 10:05:00,0.51241
2025-02-10 10:10:00,0.51315
2025-02-10 10:15:00,0.51527
2025-02-10 10:20:00,0.51495
2025-02-10 10:25:00,0.51497
2025-02-10 10:30:00,0.51517
2025-02-10 10:35:00,0.51533
2025-02-10 10:40:00,0.51991
2025-02-10 10:45:00,0.52105
2025-02-10 10:50:00,0.51047
2025-02-10 10:55:00,0.51865
2025-02-10 11:00:00,0.51156
2025-02-10 11:05:00,0.52388
2025-02-10 11:10:00,0.51705
2025-02-10 11:15:00,0.52527
2025-02-10 11:20:00,0.51538
2025-02-10 11:25:00,0.51704
2025-02-10 11:30:00,0.51266
2025-02-10 11:35:00,0.51731
2025-02-10 11:40:00,0.51615
2025-02-10 11:45:00,0.52134
2025-02-10 11:50:00,0.50951
2025-02-10 11:55:00,0.51909
2025-02-10 12:00:00,0.51997
2025-02-10 12:05:00,0.51749
2025-02-10 12:10:00,0.52171
2025-02-10 12:15:00,0.52106
2025-02-10 12:20:00,0.51451
2025-02-10 12:25:00,0.518
2025-02-10 12:30:00,0.51069
2025-02-10 12:35:00,0.5226
2025-02-10 12:40:00,0.51699
2025-02-10 12:45:00,0.51602
2025-02-10 12:50:00,0.51583
2025-02-10 12:55:00,0.51291
2025-02-10 13:00:00,0.52102
2025-02-10 13:05:00,0.51057
2025-02-10 13:10:00,0.51215
2025-02-10 13:15:00,0.5078
2025-02-10 13:20:00,0.51469
2025-02-10 13:25:00,0.51648
2025-02-10 13:30:00,0.51699
2025-02-10 13:35:00,0.51307
2025-02-10 13:40:00,0.51919
2025-02-10 13:45:00,0.51253
2025-02-10 13:50:00,0.52496
2025-02-10 13:55:00,0.51353
2025-02-10 14:00:00,0.52396
2025-02-10 14:05:00,0.52325
2025-02-10 14:10:00,0.52263
2025-02-10 14:15:00,0.52
2025-02-10 14:20:00,0.51816
2025-02-10 14:25:00,0.52654
2025-02-10 14:30:00,0.52316
2025-02-10 14:35:00,0.52331
2025-02-10 14:40:00,0.51781
2025-02-10 14:45:00,0.52284
2025-02-10 14:50:00,0.51227
2025-02-10 14:55:00,0.52106
2025-02-10 15:00:00,0.52122
2025-02-10 15:05:00,0.52889
2025-02-10 15:10:00,0.51706
2025-02-10 15:15:00,0.52198
2025-02-10 15:20:00,0.52672
2025-02-10 15:25:00,0.52687
2025-02-10 15:30:00,0.51717
2025-02-10 15:35:00,0.51614
2025-02-10 15:40:00,0.52569
2025-02-10 15:45:00,0.52418
2025-02-10 15:50:00,0.53169
2025-02-10 15:55:00,0.52292
2025-02-10 16:00:00,0.52949
2025-02-10 16:05:00,0.52903
2025-02-10 16:10:00,0.52118
2025-02-10 16:15:00,0.53356
2025-02-10 16:20:00,0.51997
2025-02-10 16:25:00,0.52469
2025-02-10 16:30:00,0.53133
2025-02-10 16:35:00,0.52481
2025-02-10 16:40:00,0.52321
2025-02-10 16:45:00,0.52025
2025-02-10 16:50:00,0.5267
2025-02-10 16:55:00,0.52057
2025-02-10 17:00:00,0.5215
2025-02-10 17:05:00,0.52278
2025-02-10 17:10:00,0.52367
2025-02-10 17:15:00,0.52669
2025-02-10 17:20:00,0.53153
2025-02-10 17:25:00,0.53019
2025-02-10 17:30:00,0.53017
2025-02-10 17:35:00,0.53007
2025-02-10 17:40:00,0.52281
2025-02-10 17:45:00,0.52358
2025-02-10 17:50:00,0.52783
2025-02-10 17:55:00,0.53074
2025-02-10 18:00:00,0.53042
2025-02-10 18:05:00,0.53002
2025-02-10 18:10:00,0.5312
2025-02-10 18:15:00,0.52836
2025-02-10 18:20:00,0.52804
2025-02-10 18:25:00,0.52853
2025-02-10 18:30:00,0.53048
2025-02-10 18:35:00,0.52258
2025-02-10 18:40:00,0.52651
2025-02-10 18:45:00,0.52573
2025-02-10 18:50:00,0.53457
2025-02-10 18:55:00,0.53045
2025-02-10 19:00:00,0.53181
2025-02-10 19:05:00,0.53346
2025-02-10 19:10:00,0.53576
2025-02-10 19:15:00,0.52527
2025-02-10 19:20:00,0.52631
2025-02-10 19:25:00,0.53199
2025-02-10 19:30:00,0.52745
2025-02-10 19:35:00,0.52944
2025-02-10 19:40:00,0.54018
2025-02-10 19:45:00,0.52416
2025-02-10 19:50:00,0.53504
2025-02-10 19:55:00,0.5342
2025-02-10 20:00:00,0.53667
2025-02-10 20:05:00,0.53075
2025-02-10 20:10:00,0.52847
2025-02-10 20:15:00,0.5336
2025-02-10 20:20:00,0.52765
2025-02-10 20:25:00,0.53867
2025-02-10 20:30:00,0.53401
2025-02-10 20:35:00,0.53277
2025-02-10 20:40:00,0.54022
2025-02-10 20:45:00,0.53046
2025-02-10 20:50:00,0.53407
2025-02-10 20:55:00,0.5323
2025-02-10 21:00:00,0.53478
2025-02-10 21:05:00,0.52984
2025-02-10 21:10:00,0.5361
2025-02-10 21:15:00,0.53484
2025-02-10 21:20:00,0.53991
2025-02-10 21:25:00,0.533
2025-02-10 21:30:00,0.53439
2025-02-10 21:35:00,0.53678
2025-02-10 21:40:00,0.53141
2025-02-10 21:45:00,0.53402
2025-02-10 21:50:00,0.53022
2025-02-10 21:55:00,0.53248
2025-02-10 22:00:00,0.53281
2025-02-10 22:05:00,0.5425
2025-02-10 22:10:00,0.53873
2025-02-10 22:15:00,0.53914
2025-02-10 22:20:00,0.53234
2025-02-10 22:25:00,0.53429
2025-02-10 22:30:00,0.53454
2025-02-10 22:35:00,0.5321
2025-02-10 22:40:00,0.54461
2025-02-10 22:45:00,0.53337
2025-02-10 22:50:00,0.53232
2025-02-10 22:55:00,0.53171
2025-02-10 23:00:00,0.53357
2025-02-10 23:05:00,0.53029
2025-02-10 23:10:00,0.53842
2025-02-10 23:15:00,0.54213
2025-02-10 23:20:00,0.53566
2025-02-10 23:25:00,0.53094
2025-02-10 23:30:00,0.53582
2025-02-10 23:35:00,0.53008
2025-02-10 23:40:00,0.53102
2025-02-10 23:45:00,0.53389
2025-02-10 23:50:00,0.53764
2025-02-10 23:55:00,0.53066
2025-02-11 00:00:00,0.5392
2025-02-11 00:05:00,0.53188
2025-02-11 00:10:00,0.53248
2025-02-11 00:15:00,0.53385
2025-02-11 00:20:00,0.53889
2025-02-11 00:25:00,0.53518
2025-02-11 00:30:00,0.53806
2025-02-11 00:35:00,0.53921
2025-02-11 00:40:00,0.53575
2025-02-11 00:45:00,0.52884
2025-02-11 00:50:00,0.5358
2025-02-11 00:55:00,0.53937
2025-02-11 01:00:00,0.5303
2025-02-11 01:05:00,0.53281
2025-02-11 01:10:00,0.52177
2025-02-11 01:15:00,0.53593
2025-02-11 01:20:00,0.53384
2025-02-11 01:25:00,0.53527
2025-02-11 01:30:00,0.53114
2025-02-11 01:35:00,0.53471
2025-02-11 01:40:00,0.53132
2025-02-11 01:45:00,0.53337
2025-02-11 01:50:00,0.537
2025-02-11 01:55:00,0.53022
2025-02-11 02:00:00,0.52772
2025-02-11 02:05:00,0.52215
2025-02-11 02:10:00,0.53253
2025-02-11 02:15:00,0.53088
2025-02-11 02:20:00,0.52679
2025-02-11 02:25:00,0.53112
2025-02-11 02:30:00,0.5328
2025-02-11 02:35:00,0.52741
2025-02-11 02:40:00,0.53333
2025-02-11 02:45:00,0.52875
2025-02-11 02:50:00,0.5318
2025-02-11 02:55:00,0.53207
2025-02-11 03:00:00,0.5259
2025-02-11 03:05:00,0.52319
2025-02-11 03:10:00,0.52675
2025-02-11 03:15:00,0.53077
2025-02-11 03:20:00,0.5268
2025-02-11 03:25:00,0.52531
2025-02-11 03:30:00,0.52174
2025-02-11 03:35:00,0.52277
2025-02-11 03:40:00,0.52306
2025-02-11 03:45:00,0.5252
2025-02-11 03:50:00,0.52256
2025-02-11 03:55:00,0.52813
2025-02-11 04:00:00,0.5261
2025-02-11 04:05:00,0.51965
2025-02-11 04:10:00,0.52693
2025-02-11 04:15:00,0.51576
2025-02-11 04:20:00,0.52401
2025-02-11 04:25:00,0.52428
2025-02-11 04:30:00,0.52101
2025-02-11 04:35:00,0.52333
2025-02-11 04:40:00,0.52628
2025-02-11 04:45:00,0.52601
2025-02-11 04:50:00,0.52229
2025-02-11 04:55:00,0.52832
2025-02-11 05:00:00,0.52318
2025-02-11 05:05:00,0.52745
2025-02-11 05:10:00,0.52186
2025-02-11 05:15:00,0.53236
2025-02-11 05:20:00,0.52089
2025-02-11 05:25:00,0.51533
2025-02-11 05:30:00,0.52412
2025-02-11 05:35:00,0.51744
2025-02-11 05:40:00,0.52169
2025-02-11 05:45:00,0.52261
2025-02-11 05:50:00,0.52698
2025-02-11 05:55:00,0.5246
2025-02-11 06:00:00,0.5252
2025-02-11 06:05:00,0.51691
2025-02-11 06:10:00,0.53147
2025-02-11 06:15:00,0.51822
2025-02-11 06:20:00,0.52038
2025-02-11 06:25:00,0.52012
2025-02-11 06:30:00,0.51574
2025-02-11 06:35:00,0.52239
2025-02-11 06:40:00,0.52985
2025-02-11 06:45:00,0.52173
2025-02-11 06:50:00,0.52307
2025-02-11 06:55:00,0.52142
2025-02-11 07:00:00,0.51581
2025-02-11 07:05:00,0.51032
2025-02-11 07:10:00,0.51062
2025-02-11 07:15:00,0.52672
2025-02-11 07:20:00,0.51675
2025-02-11 07:25:00,0.51208
2025-02-11 07:30:00,0.51861
2025-02-11 07:35:00,0.5151
2025-02-11 07:40:00,0.51907
2025-02-11 07:45:00,0.52269
2025-02-11 07:50:00,0.52352
2025-02-11 07:55:00,0.51897
2025-02-11 08:00:00,0.51572
2025-02-11 08:05:00,0.51623
2025-02-11 08:10:00,0.51876
2025-02-11 08:15:00,0.50812
2025-02-11 08:20:00,0.51464
2025-02-11 08:25:00,0.5163
2025-02-11 08:30:00,0.51225
2025-02-11 08:35:00,0.51961
2025-02-11 08:40:00,0.52132
2025-02-11 08:45:00,0.52011
2025-02-11 08:50:00,0.52138
2025-02-11 08:55:00,0.52063
2025-02-11 09:00:00,0.51613
2025-02-11 09:05:00,0.50861
2025-02-11 09:10:00,0.52375
2025-02-11 09:15:00,0.51745
2025-02-11 09:20:00,0.51356
2025-02-11 09:25:00,0.50746
2025-02-11 09:30:00,0.50957
2025-02-11 09:35:00,0.51736
2025-02-11 09:40:00,0.50977
2025-02-11 09:45:00,0.51813
2025-02-11 09:50:00,0.51382
2025-02-11 09:55:00,0.51249
2025-02-11 10:00:00,0.51101
2025-02-11 10:05:00,0.51723
2025-02-11 10:10:00,0.51038
2025-02-11 10:15:00,0.51716
2025-02-11 10:20:00,0.51513
2025-02-11 10:25:00,0.51684
2025-02-11 10:30:00,0.51479
2025-02-11 10:35:00,0.51934
2025-02-11 10:40:00,0.51545
2025-02-11 10:45:00,0.51157
2025-02-11 10:50:00,0.51715
2025-02-11 10:55:00,0.51802
2025-02-11 11:00:00,0.50967
2025-02-11 11:05:00,0.5203
2025-02-11 11:10:00,0.51524
2025-02-11 11:15:00,0.5199
2025-02-11 11:20:00,0.51845
2025-02-11 11:25:00,0.52141
2025-02-11 11:30:00,0.51405
2025-02-11 11:35:00,0.51568
2025-02-11 11:40:00,0.52036
2025-02-11 11:45:00,0.51364
2025-02-11 11:50:00,0.51902
2025-02-11 11:55:00,0.51793
2025-02-11 12:00:00,0.52145
2025-02-11 12:05:00,0.51559
2025-02-11 12:10:00,0.51999
2025-02-11 12:15:00,0.51757
2025-02-11 12:20:00,0.50881
2025-02-11 12:25:00,0.52198
2025-02-11 12:30:00,0.51336
2025-02-11 12:35:00,0.51597
2025-02-11 12:40:00,0.51167
2025-02-11 12:45:00,0.5158
2025-02-11 12:50:00,0.51572
2025-02-11 12:55:00,0.51676
2025-02-11 13:00:00,0.50849
2025-02-11 13:05:00,0.52519
2025-02-11 13:10:00,0.518
2025-02-11 13:15:00,0.51912
2025-02-11 13:20:00,0.52394
2025-02-11 13:25:00,0.51171
2025-02-11 13:30:00,0.51623
2025-02-11 13:35:00,0.51909
2025-02-11 13:40:00,0.52006
2025-02-11 13:45:00,0.51583
2025-02-11 13:50:00,0.51991
2025-02-11 13:55:00,0.52006
2025-02-11 14:00:00,0.51685
2025-02-11 14:05:00,0.51685
2025-02-11 14:10:00,0.52045
2025-02-11 14:15:00,0.51914
2025-02-11 14:20:00,0.51466
2025-02-11 14:25:00,0.51731
2025-02-11 14:30:00,0.51782
2025-02-11 14:35:00,0.51862
2025-02-11 14:40:00,0.52393
2025-02-11 14:45:00,0.5178
2025-02-11 14:50:00,0.5228
2025-02-11 14:55:00,0.51804
2025-02-11 15:00:00,0.52045
2025-02-11 15:05:00,0.52457
2025-02-11 15:10:00,0.52497
2025-02-11 15:15:00,0.51859
2025-02-11 15:20:00,0.51972
2025-02-11 15:25:00,0.52206
2025-02-11 15:30:00,0.5259
2025-02-11 15:35:00,0.52536
2025-02-11 15:40:00,0.52046
2025-02-11 15:45:00,0.51729
2025-02-11 15:50:00,0.52493
2025-02-11 15:55:00,0.5247
2025-02-11 16:00:00,0.52618
2025-02-11 16:05:00,0.52105
2025-02-11 16:10:00,0.5268
2025-02-11 16:15:00,0.52607
2025-02-11 16:20:00,0.51875
2025-02-11 16:25:00,0.52955
2025-02-11 16:30:00,0.52976
2025-02-11 16:35:00,0.52954
2025-02-11 16:40:00,0.52558
2025-02-11 16:45:00,0.52478
2025-02-11 16:50:00,0.51861
2025-02-11 16:55:00,0.5212
2025-02-11 17:00:00,0.52781
2025-02-11 17:05:00,0.53162
2025-02-11 17:10:00,0.52488
2025-02-11 17:15:00,0.53698
2025-02-11 17:20:00,0.53016
2025-02-11 17:25:00,0.52874
2025-02-11 17:30:00,0.52876
2025-02-11 17:35:00,0.534
2025-02-11 17:40:00,0.52427
2025-02-11 17:45:00,0.53385
2025-02-11 17:50:00,0.52984
2025-02-11 17:55:00,0.52834
2025-02-11 18:00:00,0.52887
2025-02-11 18:05:00,0.53197
2025-02-11 18:10:00,0.52393
2025-02-11 18:15:00,0.53462
2025-02-11 18:20:00,0.5185
2025-02-11 18:25:00,0.53873
2025-02-11 18:30:00,0.52711
2025-02-11 18:35:00,0.53931
2025-02-11 18:40:00,0.52887
2025-02-11 18:45:00,0.52551
2025-02-11 18:50:00,0.53146
2025-02-11 18:55:00,0.53248
2025-02-11 19:00:00,0.52965
2025-02-11 19:05:00,0.53081
2025-02-11 19:10:00,0.53311
2025-02-11 19:15:00,0.52477
2025-02-11 19:20:00,0.53631
2025-02-11 19:25:00,0.53191
2025-02-11 19:30:00,0.52894
2025-02-11 19:35:00,0.53245
2025-02-11 19:40:00,0.53582
2025-02-11 19:45:00,0.52954
2025-02-11 19:50:00,0.52934
2025-02-11 19:55:00,0.53316
2025-02-11 20:00:00,0.5368
2025-02-11 20:05:00,0.53481
2025-02-11 20:10:00,0.52899
2025-02-11 20:15:00,0.52873
2025-02-11 20:20:00,0.52618
2025-02-11 20:25:00,0.52972
2025-02-11 20:30:00,0.53562
2025-02-11 20:35:00,0.53495
2025-02-11 20:40:00,0.53364
2025-02-11 20:45:00,0.53425
2025-02-11 20:50:00,0.53142
2025-02-11 20:55:00,0.5372
2025-02-11 21:00:00,0.53369
2025-02-11 21:05:00,0.53451
2025-02-11 21:10:00,0.53798
2025-02-11 21:15:00,0.53316
2025-02-11 21:20:00,0.54165
2025-02-11 21:25:00,0.53711
2025-02-11 21:30:00,0.53459
2025-02-11 21:35:00,0.53948
2025-02-11 21:40:00,0.53753
2025-02-11 21:45:00,0.53222
2025-02-11 21:50:00,0.52948
2025-02-11 21:55:00,0.53483
2025-02-11 22:00:00,0.53576
2025-02-11 22:05:00,0.53191
2025-02-11 22:10:00,0.53277
2025-02-11 22:15:00,0.53913
2025-02-11 22:20:00,0.54164
2025-02-11 22:25:00,0.53962
2025-02-11 22:30:00,0.53047
2025-02-11 22:35:00,0.53989
2025-02-11 22:40:00,0.53755
2025-02-11 22:45:00,0.53369
2025-02-11 22:50:00,0.53179
2025-02-11 22:55:00,0.53256
2025-02-11 23:00:00,0.53661
2025-02-11 23:05:00,0.53791
2025-02-11 23:10:00,0.53483
2025-02-11 23:15:00,0.53113
2025-02-11 23:20:00,0.53376
2025-02-11 23:25:00,0.53416
2025-02-11 23:30:00,0.54121
2025-02-11 23:35:00,0.53135
2025-02-11 23:40:00,0.5289
2025-02-11 23:45:00,0.5345
2025-02-11 23:50:00,0.53927
2025-02-11 23:55:00,0.53189
2025-02-12 00:00:00,0.52872
2025-02-12 00:05:00,0.52887
2025-02-12 00:10:00,0.52536
2025-02-12 00:15:00,0.53392
2025-02-12 00:20:00,0.52909
2025-02-12 00:25:00,0.5279
2025-02-12 00:30:00,0.52295
2025-02-12 00:35:00,0.52803
2025-02-12 00:40:00,0.52398
2025-02-12 00:45:00,0.53141
2025-02-12 00:50:00,0.53078
2025-02-12 00:55:00,0.52247
2025-02-12 01:00:00,0.53538
2025-02-12 01:05:00,0.52331
2025-02-12 01:10:00,0.53346
2025-02-12 01:15:00,0.5286
2025-02-12 01:20:00,0.52016
2025-02-12 01:25:00,0.52799
2025-02-12 01:30:00,0.52834
2025-02-12 01:35:00,0.53224
2025-02-12 01:40:00,0.52563
2025-02-12 01:45:00,0.53039
2025-02-12 01:50:00,0.52341
2025-02-12 01:55:00,0.53133
2025-02-12 02:00:00,0.51615
2025-02-12 02:05:00,0.52759
2025-02-12 02:10:00,0.51872
2025-02-12 02:15:00,0.52058
2025-02-12 02:20:00,0.52633
2025-02-12 02:25:00,0.53086
2025-02-12 02:30:00,0.52681
2025-02-12 02:35:00,0.52708
2025-02-12 02:40:00,0.52268
2025-02-12 02:45:00,0.51608
2025-02-12 02:50:00,0.52683
2025-02-12 02:55:00,0.52867
2025-02-12 03:00:00,0.52376
2025-02-12 03:05:00,0.52501
2025-02-12 03:10:00,0.52297
2025-02-12 03:15:00,0.52441
2025-02-12 03:20:00,0.51987
2025-02-12 03:25:00,0.52463
2025-02-12 03:30:00,0.51738
2025-02-12 03:35:00,0.52524
2025-02-12 03:40:00,0.52026
2025-02-12 03:45:00,0.51977
2025-02-12 03:50:00,0.51856
2025-02-12 03:55:00,0.52767
2025-02-12 04:00:00,0.52336
2025-02-12 04:05:00,0.51535
2025-02-12 04:10:00,0.52301
2025-02-12 04:15:00,0.51648
2025-02-12 04:20:00,0.51615
2025-02-12 04:25:00,0.512
2025-02-12 04:30:00,0.52595
2025-02-12 04:35:00,0.52118
2025-02-12 04:40:00,0.5239
2025-02-12 04:45:00,0.52183
2025-02-12 04:50:00,0.51892
2025-02-12 04:55:00,0.52223
2025-02-12 05:00:00,0.52086
2025-02-12 05:05:00,0.51396
2025-02-12 05:10:00,0.50978
2025-02-12 05:15:00,0.51073
2025-02-12 05:20:00,0.51383
2025-02-12 05:25:00,0.51233
2025-02-12 05:30:00,0.51286
2025-02-12 05:35:00,0.51223
2025-02-12 05:40:00,0.51776
2025-02-12 05:45:00,0.51101
2025-02-12 05:50:00,0.51615
2025-02-12 05:55:00,0.51849
2025-02-12 06:00:00,0.50952
2025-02-12 06:05:00,0.51506
2025-02-12 06:10:00,0.51632
2025-02-12 06:15:00,0.51395
2025-02-12 06:20:00,0.52394
2025-02-12 06:25:00,0.52087
2025-02-12 06:30:00,0.51324
2025-02-12 06:35:00,0.5148
2025-02-12 06:40:00,0.51604
2025-02-12 06:45:00,0.50922
2025-02-12 06:50:00,0.51271
2025-02-12 06:55:00,0.50872
2025-02-12 07:00:00,0.50873
2025-02-12 07:05:00,0.5136
2025-02-12 07:10:00,0.50998
2025-02-12 07:15:00,0.50636
2025-02-12 07:20:00,0.51294
2025-02-12 07:25:00,0.51472
2025-02-12 07:30:00,0.51805
2025-02-12 07:35:00,0.5164
2025-02-12 07:40:00,0.51607
2025-02-12 07:45:00,0.50853
2025-02-12 07:50:00,0.5183
2025-02-12 07:55:00,0.51549
2025-02-12 08:00:00,0.51437
2025-02-12 08:05:00,0.51342
2025-02-12 08:10:00,0.51019
2025-02-12 08:15:00,0.51425
2025-02-12 08:20:00,0.5158
2025-02-12 08:25:00,0.51188
2025-02-12 08:30:00,0.51125
2025-02-12 08:35:00,0.51032
2025-02-12 08:40:00,0.50822
2025-02-12 08:45:00,0.50965
2025-02-12 08:50:00,0.50783
2025-02-12 08:55:00,0.51221
2025-02-12 09:00:00,0.51999
2025-02-12 09:05:00,0.50947
2025-02-12 09:10:00,0.51046
2025-02-12 09:15:00,0.51218
2025-02-12 09:20:00,0.51334
2025-02-12 09:25:00,0.51278
2025-02-12 09:30:00,0.51241
2025-02-12 09:35:00,0.50812
2025-02-12 09:40:00,0.5123
2025-02-12 09:45:00,0.50825
2025-02-12 09:50:00,0.50656
2025-02-12 09:55:00,0.5155
2025-02-12 10:00:00,0.50771
2025-02-12 10:05:00,0.50923
2025-02-12 10:10:00,0.51298
2025-02-12 10:15:00,0.50926
2025-02-12 10:20:00,0.50421
2025-02-12 10:25:00,0.5045
2025-02-12 10:30:00,0.50837
2025-02-12 10:35:00,0.50694
2025-02-12 10:40:00,0.50737
2025-02-12 10:45:00,0.51102
2025-02-12 10:50:00,0.50806
2025-02-12 10:55:00,0.51537
2025-02-12 11:00:00,0.51083
2025-02-12 11:05:00,0.50804
2025-02-12 11:10:00,0.50953
2025-02-12 11:15:00,0.50979
2025-02-12 11:20:00,0.5062
2025-02-12 11:25:00,0.50301
2025-02-12 11:30:00,0.51365
2025-02-12 11:35:00,0.5086
2025-02-12 11:40:00,0.51075
2025-02-12 11:45:00,0.50993
2025-02-12 11:50:00,0.50802
2025-02-12 11:55:00,0.50748
2025-02-12 12:00:00,0.50692
2025-02-12 12:05:00,0.5178
2025-02-12 12:10:00,0.51491
2025-02-12 12:15:00,0.50798
2025-02-12 12:20:00,0.50894
2025-02-12 12:25:00,0.5105
2025-02-12 12:30:00,0.51135
2025-02-12 12:35:00,0.51415
2025-02-12 12:40:00,0.50425
2025-02-12 12:45:00,0.50991
2025-02-12 12:50:00,0.51107
2025-02-12 12:55:00,0.51161
2025-02-12 13:00:00,0.50996
2025-02-12 13:05:00,0.51556
2025-02-12 13:10:00,0.51358
2025-02-12 13:15:00,0.51758
2025-02-12 13:20:00,0.51578
2025-02-12 13:25:00,0.51031
2025-02-12 13:30:00,0.51356
2025-02-12 13:35:00,0.50786
2025-02-12 13:40:00,0.5143
2025-02-12 13:45:00,0.51221
2025-02-12 13:50:00,0.51215
2025-02-12 13:55:00,0.51472
2025-02-12 14:00:00,0.51748
2025-02-12 14:05:00,0.51368
2025-02-12 14:10:00,0.51884
2025-02-12 14:15:00,0.50943
2025-02-12 14:20:00,0.5136
2025-02-12 14:25:00,0.5188
2025-02-12 14:30:00,0.51885
2025-02-12 14:35:00,0.51129
2025-02-12 14:40:00,0.51766
2025-02-12 14:45:00,0.50518
2025-02-12 14:50:00,0.51293
2025-02-12 14:55:00,0.51934
2025-02-12 15:00:00,0.52955
2025-02-12 15:05:00,0.51335
2025-02-12 15:10:00,0.51098
2025-02-12 15:15:00,0.51679
2025-02-12 15:20:00,0.51797
2025-02-12 15:25:00,0.51917
2025-02-12 15:30:00,0.52585
2025-02-12 15:35:00,0.51448
2025-02-12 15:40:00,0.51335
2025-02-12 15:45:00,0.52125
2025-02-12 15:50:00,0.52096
2025-02-12 15:55:00,0.51653
2025-02-12 16:00:00,0.52209
2025-02-12 16:05:00,0.5138
2025-02-12 16:10:00,0.52485
2025-02-12 16:15:00,0.52311
2025-02-12 16:20:00,0.52487
2025-02-12 16:25:00,0.51548
2025-02-12 16:30:00,0.52103
2025-02-12 16:35:00,0.52184
2025-02-12 16:40:00,0.52491
2025-02-12 16:45:00,0.51848
2025-02-12 16:50:00,0.52496
2025-02-12 16:55:00,0.51445
2025-02-12 17:00:00,0.52032
2025-02-12 17:05:00,0.52236
2025-02-12 17:10:00,0.5267
2025-02-12 17:15:00,0.5246
2025-02-12 17:20:00,0.51952
2025-02-12 17:25:00,0.52302
2025-02-12 17:30:00,0.51515
2025-02-12 17:35:00,0.52244
2025-02-12 17:40:00,0.52305
2025-02-12 17:45:00,0.5305
2025-02-12 17:50:00,0.51809
2025-02-12 17:55:00,0.51904
2025-02-12 18:00:00,0.52216
2025-02-12 18:05:00,0.52199
2025-02-12 18:10:00,0.52593
2025-02-12 18:15:00,0.51626
2025-02-12 18:20:00,0.5268
2025-02-12 18:25:00,0.53356
2025-02-12 18:30:00,0.51753
2025-02-12 18:35:00,0.51939
2025-02-12 18:40:00,0.52158
2025-02-12 18:45:00,0.52841
2025-02-12 18:50:00,0.5257
2025-02-12 18:55:00,0.52452
2025-02-12 19:00:00,0.52788
2025-02-12 19:05:00,0.52657
2025-02-12 19:10:00,0.53005
2025-02-12 19:15:00,0.52755
2025-02-12 19:20:00,0.53443
2025-02-12 19:25:00,0.53295
2025-02-12 19:30:00,0.53099
2025-02-12 19:35:00,0.53208
2025-02-12 19:40:00,0.52959
2025-02-12 19:45:00,0.52256
2025-02-12 19:50:00,0.52558
2025-02-12 19:55:00,0.51851
2025-02-12 20:00:00,0.5273
2025-02-12 20:05:00,0.52384
2025-02-12 20:10:00,0.53147
2025-02-12 20:15:00,0.5301
2025-02-12 20:20:00,0.528
2025-02-12 20:25:00,0.52568
2025-02-12 20:30:00,0.5242
2025-02-12 20:35:00,0.52493
2025-02-12 20:40:00,0.52392
2025-02-12 20:45:00,0.52051
2025-02-12 20:50:00,0.52902
2025-02-12 20:55:00,0.53021
2025-02-12 21:00:00,0.53168
2025-02-12 21:05:00,0.52687
2025-02-12 21:10:00,0.52857
2025-02-12 21:15:00,0.52857
2025-02-12 21:20:00,0.53417
2025-02-12 21:25:00,0.5316
2025-02-12 21:30:00,0.52299
2025-02-12 21:35:00,0.52909
2025-02-12 21:40:00,0.53178
2025-02-12 21:45:00,0.52617
2025-02-12 21:50:00,0.53375
2025-02-12 21:55:00,0.52819
2025-02-12 22:00:00,0.53265
2025-02-12 22:05:00,0.52956
2025-02-12 22:10:00,0.53284
2025-02-12 22:15:00,0.52822
2025-02-12 22:20:00,0.52846
2025-02-12 22:25:00,0.53408
2025-02-12 22:30:00,0.53243
2025-02-12 22:35:00,0.53101
2025-02-12 22:40:00,0.52882
2025-02-12 22:45:00,0.52971
2025-02-12 22:50:00,0.52849
2025-02-12 22:55:00,0.52863
2025-02-12 23:00:00,0.53643
2025-02-12 23:05:00,0.52747
2025-02-12 23:10:00,0.52409
2025-02-12 23:15:00,0.53143
2025-02-12 23:20:00,0.53168
2025-02-12 23:25:00,0.52955
2025-02-12 23:30:00,0.52244
2025-02-12 23:35:00,0.52788
2025-02-12 23:40:00,0.53468
2025-02-12 23:45:00,0.54013
2025-02-12 23:50:00,0.53388
2025-02-12 23:55:00,0.52231
2025-02-13 00:00:00,0.52365
2025-02-13 00:05:00,0.52138
2025-02-13 00:10:00,0.53444
2025-02-13 00:15:00,0.52709
2025-02-13 00:20:00,0.52945
2025-02-13 00:25:00,0.52739
2025-02-13 00:30:00,0.52665
2025-02-13 00:35:00,0.52138
2025-02-13 00:40:00,0.52538
2025-02-13 00:45:00,0.52578
2025-02-13 00:50:00,0.52628
2025-02-13 00:55:00,0.53017
2025-02-13 01:00:00,0.53485
2025-02-13 01:05:00,0.52695
2025-02-13 01:10:00,0.52701
2025-02-13 01:15:00,0.52442
2025-02-13 01:20:00,0.52834
2025-02-13 01:25:00,0.53389
2025-02-13 01:30:00,0.52505
2025-02-13 01:35:00,0.51794
2025-02-13 01:40:00,0.52909
2025-02-13 01:45:00,0.52992
2025-02-13 01:50:00,0.52299
2025-02-13 01:55:00,0.52961
2025-02-13 02:00:00,0.52054
2025-02-13 02:05:00,0.52626
2025-02-13 02:10:00,0.52374
2025-02-13 02:15:00,0.51776
2025-02-13 02:20:00,0.52845
2025-02-13 02:25:00,0.52598
2025-02-13 02:30:00,0.52236
2025-02-13 02:35:00,0.53137
2025-02-13 02:40:00,0.52398
2025-02-13 02:45:00,0.52655
2025-02-13 02:50:00,0.52354
2025-02-13 02:55:00,0.52229
2025-02-13 03:00:00,0.52241
2025-02-13 03:05:00,0.52233
2025-02-13 03:10:00,0.52273
2025-02-13 03:15:00,0.51759
2025-02-13 03:20:00,0.51978
2025-02-13 03:25:00,0.53584
2025-02-13 03:30:00,0.52369
2025-02-13 03:35:00,0.51959
2025-02-13 03:40:00,0.51642
2025-02-13 03:45:00,0.52533
2025-02-13 03:50:00,0.5237
2025-02-13 03:55:00,0.52436
2025-02-13 04:00:00,0.52834
2025-02-13 04:05:00,0.51306
2025-02-13 04:10:00,0.52035
2025-02-13 04:15:00,0.52623
2025-02-13 04:20:00,0.51819
2025-02-13 04:25:00,0.51617
2025-02-13 04:30:00,0.51351
2025-02-13 04:35:00,0.52291
2025-02-13 04:40:00,0.51304
2025-02-13 04:45:00,0.5163
2025-02-13 04:50:00,0.52024
2025-02-13 04:55:00,0.52301
2025-02-13 05:00:00,0.51921
2025-02-13 05:05:00,0.51741
2025-02-13 05:10:00,0.51385
2025-02-13 05:15:00,0.52231
2025-02-13 05:20:00,0.51321
2025-02-13 05:25:00,0.51674
2025-02-13 05:30:00,0.51027
2025-02-13 05:35:00,0.51577
2025-02-13 05:40:00,0.51411
2025-02-13 05:45:00,0.5208
2025-02-13 05:50:00,0.51559
2025-02-13 05:55:00,0.51972
2025-02-13 06:00:00,0.51911
2025-02-13 06:05:00,0.50975
2025-02-13 06:10:00,0.51502
2025-02-13 06:15:00,0.51506
2025-02-13 06:20:00,0.50738
2025-02-13 06:25:00,0.51657
2025-02-13 06:30:00,0.50836
2025-02-13 06:35:00,0.51766
2025-02-13 06:40:00,0.52004
2025-02-13 06:45:00,0.52168
2025-02-13 06:50:00,0.51019
2025-02-13 06:55:00,0.51549
2025-02-13 07:00:00,0.50874
2025-02-13 07:05:00,0.51
2025-02-13 07:10:00,0.51521
2025-02-13 07:15:00,0.5125
2025-02-13 07:20:00,0.50994
2025-02-13 07:25:00,0.51385
2025-02-13 07:30:00,0.51201
2025-02-13 07:35:00,0.50876
2025-02-13 07:40:00,0.51761
2025-02-13 07:45:00,0.51761
2025-02-13 07:50:00,0.50965
2025-02-13 07:55:00,0.51805
2025-02-13 08:00:00,0.51227
2025-02-13 08:05:00,0.50861
2025-02-13 08:10:00,0.5062
2025-02-13 08:15:00,0.50971
2025-02-13 08:20:00,0.51153
2025-02-13 08:25:00,0.51373
2025-02-13 08:30:00,0.51684
2025-02-13 08:35:00,0.50889
2025-02-13 08:40:00,0.51084
2025-02-13 08:45:00,0.5175
2025-02-13 08:50:00,0.51534
2025-02-13 08:55:00,0.50917
2025-02-13 09:00:00,0.5186
2025-02-13 09:05:00,0.50763
2025-02-13 09:10:00,0.51259
2025-02-13 09:15:00,0.51023
2025-02-13 09:20:00,0.5138
2025-02-13 09:25:00,0.51366
2025-02-13 09:30:00,0.50667
2025-02-13 09:35:00,0.51903
2025-02-13 09:40:00,0.5108
2025-02-13 09:45:00,0.51509
2025-02-13 09:50:00,0.51055
2025-02-13 09:55:00,0.50974
2025-02-13 10:00:00,0.50706
2025-02-13 10:05:00,0.5182
2025-02-13 10:10:00,0.51208
2025-02-13 10:15:00,0.50364
2025-02-13 10:20:00,0.50371
2025-02-13 10:25:00,0.50553
2025-02-13 10:30:00,0.51217
2025-02-13 10:35:00,0.50846
2025-02-13 10:40:00,0.50341
2025-02-13 10:45:00,0.51075
2025-02-13 10:50:00,0.5128
2025-02-13 10:55:00,0.51605
2025-02-13 11:00:00,0.50656
2025-02-13 11:05:00,0.50955
2025-02-13 11:10:00,0.50682
2025-02-13 11:15:00,0.51061
2025-02-13 11:20:00,0.50335
2025-02-13 11:25:00,0.51356
2025-02-13 11:30:00,0.50741
2025-02-13 11:35:00,0.5071
2025-02-13 11:40:00,0.50572
2025-02-13 11:45:00,0.51393
2025-02-13 11:50:00,0.50942
2025-02-13 11:55:00,0.51962
2025-02-13 12:00:00,0.50779
2025-02-13 12:05:00,0.5084
2025-02-13 12:10:00,0.50973
2025-02-13 12:15:00,0.51093
2025-02-13 12:20:00,0.5098
2025-02-13 12:25:00,0.50788
2025-02-13 12:30:00,0.50929
2025-02-13 12:35:00,0.51245
2025-02-13 12:40:00,0.50953
2025-02-13 12:45:00,0.51165
2025-02-13 12:50:00,0.50866
2025-02-13 12:55:00,0.51767
2025-02-13 13:00:00,0.5132
2025-02-13 13:05:00,0.50978
2025-02-13 13:10:00,0.50944
2025-02-13 13:15:00,0.51326
2025-02-13 13:20:00,0.51421
2025-02-13 13:25:00,0.5087
2025-02-13 13:30:00,0.50942
2025-02-13 13:35:00,0.51991
2025-02-13 13:40:00,0.51814
2025-02-13 13:45:00,0.5171
2025-02-13 13:50:00,0.50621
2025-02-13 13:55:00,0.511
2025-02-13 14:00:00,0.51251
2025-02-13 14:05:00,0.51891
2025-02-13 14:10:00,0.51188
2025-02-13 14:15:00,0.51519
2025-02-13 14:20:00,0.5187
2025-02-13 14:25:00,0.51231
2025-02-13 14:30:00,0.52394
2025-02-13 14:35:00,0.5197
2025-02-13 14:40:00,0.51731
2025-02-13 14:45:00,0.51901
2025-02-13 14:50:00,0.51726
2025-02-13 14:55:00,0.52244
2025-02-13 15:00:00,0.51603
2025-02-13 15:05:00,0.51611
2025-02-13 15:10:00,0.51831
2025-02-13 15:15:00,0.51571
2025-02-13 15:20:00,0.51576
2025-02-13 15:25:00,0.51338
2025-02-13 15:30:00,0.52116
2025-02-13 15:35:00,0.51252
2025-02-13 15:40:00,0.51678
2025-02-13 15:45:00,0.52778
2025-02-13 15:50:00,0.51949
2025-02-13 15:55:00,0.51682
2025-02-13 16:00:00,0.51915
2025-02-13 16:05:00,0.51624
2025-02-13 16:10:00,0.50807
2025-02-13 16:15:00,0.52812
2025-02-13 16:20:00,0.52041
2025-02-13 16:25:00,0.51487
2025-02-13 16:30:00,0.52072
2025-02-13 16:35:00,0.51643
2025-02-13 16:40:00,0.51494
2025-02-13 16:45:00,0.5124
2025-02-13 16:50:00,0.52474
2025-02-13 16:55:00,0.51582
2025-02-13 17:00:00,0.52925
2025-02-13 17:05:00,0.5174
2025-02-13 17:10:00,0.52141
2025-02-13 17:15:00,0.52611
2025-02-13 17:20:00,0.51703
2025-02-13 17:25:00,0.52075
2025-02-13 17:30:00,0.5245
2025-02-13 17:35:00,0.51722
2025-02-13 17:40:00,0.52472
2025-02-13 17:45:00,0.52339
2025-02-13 17:50:00,0.52798
2025-02-13 17:55:00,0.51689
2025-02-13 18:00:00,0.53158
2025-02-13 18:05:00,0.5328
2025-02-13 18:10:00,0.51793
2025-02-13 18:15:00,0.52117
2025-02-13 18:20:00,0.52905
2025-02-13 18:25:00,0.52587
2025-02-13 18:30:00,0.52799
2025-02-13 18:35:00,0.52658
2025-02-13 18:40:00,0.53445
2025-02-13 18:45:00,0.52347
2025-02-13 18:50:00,0.52242
2025-02-13 18:55:00,0.52244
2025-02-13 19:00:00,0.52098
2025-02-13 19:05:00,0.52321
2025-02-13 19:10:00,0.52935
2025-02-13 19:15:00,0.52119
2025-02-13 19:20:00,0.52917
2025-02-13 19:25:00,0.52947
2025-02-13 19:30:00,0.52791
2025-02-13 19:35:00,0.52998
2025-02-13 19:40:00,0.52713
2025-02-13 19:45:00,0.52832
2025-02-13 19:50:00,0.53139
2025-02-13 19:55:00,0.52858
2025-02-13 20:00:00,0.53277
2025-02-13 20:05:00,0.52189
2025-02-13 20:10:00,0.53149
2025-02-13 20:15:00,0.52885
2025-02-13 20:20:00,0.52822
2025-02-13 20:25:00,0.52903
2025-02-13 20:30:00,0.52722
2025-02-13 20:35:00,0.52411
2025-02-13 20:40:00,0.52982
2025-02-13 20:45:00,0.52719
2025-02-13 20:50:00,0.53276
2025-02-13 20:55:00,0.53488
2025-02-13 21:00:00,0.52532
2025-02-13 21:05:00,0.52136
2025-02-13 21:10:00,0.53316
2025-02-13 21:15:00,0.52704
2025-02-13 21:20:00,0.52924
2025-02-13 21:25:00,0.53203
2025-02-13 21:30:00,0.53583
2025-02-13 21:35:00,0.534
2025-02-13 21:40:00,0.52579
2025-02-13 21:45:00,0.52756
2025-02-13 21:50:00,0.53263
2025-02-13 21:55:00,0.5281
2025-02-13 22:00:00,0.52894
2025-02-13 22:05:00,0.52805
2025-02-13 22:10:00,0.5279
2025-02-13 22:15:00,0.53201
2025-02-13 22:20:00,0.5295
2025-02-13 22:25:00,0.53352
2025-02-13 22:30:00,0.52457
2025-02-13 22:35:00,0.52695
2025-02-13 22:40:00,0.53808
2025-02-13 22:45:00,0.53364
2025-02-13 22:50:00,0.52891
2025-02-13 22:55:00,0.53188
2025-02-13 23:00:00,0.52952
2025-02-13 23:05:00,0.52999
2025-02-13 23:10:00,0.53446
2025-02-13 23:15:00,0.53652
2025-02-13 23:20:00,0.52962
2025-02-13 23:25:00,0.5266
2025-02-13 23:30:00,0.52812
2025-02-13 23:35:00,0.5336
2025-02-13 23:40:00,0.52293
2025-02-13 23:45:00,0.52352
2025-02-13 23:50:00,0.52924
2025-02-13 23:55:00,0.52279
2025-02-14 00:00:00,0.53156
2025-02-14 00:05:00,0.52858
2025-02-14 00:10:00,0.53522
2025-02-14 00:15:00,0.52731
2025-02-14 00:20:00,0.53112
2025-02-14 00:25:00,0.53022
2025-02-14 00:30:00,0.53286
2025-02-14 00:35:00,0.52084
2025-02-14 00:40:00,0.53223
2025-02-14 00:45:00,0.53468
2025-02-14 00:50:00,0.52074
2025-02-14 00:55:00,0.53736
2025-02-14 01:00:00,0.52872
2025-02-14 01:05:00,0.52515
2025-02-14 01:10:00,0.52922
2025-02-14 01:15:00,0.53076
2025-02-14 01:20:00,0.5259
2025-02-14 01:25:00,0.5277
2025-02-14 01:30:00,0.52722
2025-02-14 01:35:00,0.52452
2025-02-14 01:40:00,0.52939
2025-02-14 01:45:00,0.52786
2025-02-14 01:50:00,0.53095
2025-02-14 01:55:00,0.52469
2025-02-14 02:00:00,0.52494
2025-02-14 02:05:00,0.5255
2025-02-14 02:10:00,0.5291
2025-02-14 02:15:00,0.51747
2025-02-14 02:20:00,0.52534
2025-02-14 02:25:00,0.53159
2025-02-14 02:30:00,0.51882
2025-02-14 02:35:00,0.52953
2025-02-14 02:40:00,0.5216
2025-02-14 02:45:00,0.52361
2025-02-14 02:50:00,0.51926
2025-02-14 02:55:00,0.52969
2025-02-14 03:00:00,0.52639
2025-02-14 03:05:00,0.51859
2025-02-14 03:10:00,0.52024
2025-02-14 03:15:00,0.52369
2025-02-14 03:20:00,0.51712
2025-02-14 03:25:00,0.52738
2025-02-14 03:30:00,0.52372
2025-02-14 03:35:00,0.51943
2025-02-14 03:40:00,0.52402
2025-02-14 03:45:00,0.52529
2025-02-14 03:50:00,0.52497
2025-02-14 03:55:00,0.5205
2025-02-14 04:00:00,0.52024
2025-02-14 04:05:00,0.519
2025-02-14 04:10:00,0.52038
2025-02-14 04:15:00,0.51339
2025-02-14 04:20:00,0.51701
2025-02-14 04:25:00,0.5137
2025-02-14 04:30:00,0.51701
2025-02-14 04:35:00,0.51856
2025-02-14 04:40:00,0.52028
2025-02-14 04:45:00,0.52489
2025-02-14 04:50:00,0.5212
2025-02-14 04:55:00,0.52011
2025-02-14 05:00:00,0.51871
2025-02-14 05:05:00,0.51508
2025-02-14 05:10:00,0.51639
2025-02-14 05:15:00,0.5214
2025-02-14 05:20:00,0.51817
2025-02-14 05:25:00,0.51974
2025-02-14 05:30:00,0.51965
2025-02-14 05:35:00,0.51608
2025-02-14 05:40:00,0.5209
2025-02-14 05:45:00,0.51253
2025-02-14 05:50:00,0.51652
2025-02-14 05:55:00,0.51488
2025-02-14 06:00:00,0.5165
2025-02-14 06:05:00,0.51045
2025-02-14 06:10:00,0.51787
2025-02-14 06:15:00,0.51116
2025-02-14 06:20:00,0.51573
2025-02-14 06:25:00,0.52222
2025-02-14 06:30:00,0.51591
2025-02-14 06:35:00,0.51611
2025-02-14 06:40:00,0.51708
2025-02-14 06:45:00,0.51985
2025-02-14 06:50:00,0.51479
2025-02-14 06:55:00,0.51629
2025-02-14 07:00:00,0.50918
2025-02-14 07:05:00,0.5103
2025-02-14 07:10:00,0.50862
2025-02-14 07:15:00,0.51309
2025-02-14 07:20:00,0.51162
2025-02-14 07:25:00,0.50964
2025-02-14 07:30:00,0.50642
2025-02-14 07:35:00,0.51256
2025-02-14 07:40:00,0.51495
2025-02-14 07:45:00,0.51594
2025-02-14 07:50:00,0.5213
2025-02-14 07:55:00,0.51616
2025-02-14 08:00:00,0.51056
2025-02-14 08:05:00,0.51052
2025-02-14 08:10:00,0.50556
2025-02-14 08:15:00,0.50903
2025-02-14 08:20:00,0.50636
2025-02-14 08:25:00,0.5158
2025-02-14 08:30:00,0.51751
2025-02-14 08:35:00,0.51383
2025-02-14 08:40:00,0.50913
2025-02-14 08:45:00,0.51238
2025-02-14 08:50:00,0.51328
2025-02-14 08:55:00,0.52068
2025-02-14 09:00:00,0.51016
2025-02-14 09:05:00,0.51077
2025-02-14 09:10:00,0.51092
2025-02-14 09:15:00,0.51282
2025-02-14 09:20:00,0.51108
2025-02-14 09:25:00,0.51044
2025-02-14 09:30:00,0.51127
2025-02-14 09:35:00,0.50693
2025-02-14 09:40:00,0.50416
2025-02-14 09:45:00,0.51199
2025-02-14 09:50:00,0.51418
2025-02-14 09:55:00,0.51802
2025-02-14 10:00:00,0.50624
2025-02-14 10:05:00,0.51565
2025-02-14 10:10:00,0.50842
2025-02-14 10:15:00,0.50128
2025-02-14 10:20:00,0.51072
2025-02-14 10:25:00,0.50461
2025-02-14 10:30:00,0.50976
2025-02-14 10:35:00,0.5101
2025-02-14 10:40:00,0.50712
2025-02-14 10:45:00,0.50986
2025-02-14 10:50:00,0.51134
2025-02-14 10:55:00,0.50886
2025-02-14 11:00:00,0.51294
2025-02-14 11:05:00,0.51232
2025-02-14 11:10:00,0.51462
2025-02-14 11:15:00,0.50383
2025-02-14 11:20:00,0.50639
2025-02-14 11:25:00,0.51057
2025-02-14 11:30:00,0.51038
2025-02-14 11:35:00,0.51166
2025-02-14 11:40:00,0.50612
2025-02-14 11:45:00,0.51176
2025-02-14 11:50:00,0.50747
2025-02-14 11:55:00,0.51659
2025-02-14 12:00:00,0.50661
2025-02-14 12:05:00,0.51408
2025-02-14 12:10:00,0.51668
2025-02-14 12:15:00,0.50493
2025-02-14 12:20:00,0.51557
2025-02-14 12:25:00,0.51178
2025-02-14 12:30:00,0.51645
2025-02-14 12:35:00,0.51457
2025-02-14 12:40:00,0.51464
2025-02-14 12:45:00,0.51252
2025-02-14 12:50:00,0.51384
2025-02-14 12:55:00,0.50945
2025-02-14 13:00:00,0.50668
2025-02-14 13:05:00,0.5115
2025-02-14 13:10:00,0.51702
2025-02-14 13:15:00,0.51517
2025-02-14 13:20:00,0.51762
2025-02-14 13:25:00,0.52025
2025-02-14 13:30:00,0.51968
2025-02-14 13:35:00,0.50555
2025-02-14 13:40:00,0.51613
2025-02-14 13:45:00,0.51263
2025-02-14 13:50:00,0.51923
2025-02-14 13:55:00,0.50901
2025-02-14 14:00:00,0.50822
2025-02-14 14:05:00,0.51179
2025-02-14 14:10:00,0.51684
2025-02-14 14:15:00,0.51485
2025-02-14 14:20:00,0.51194
2025-02-14 14:25:00,0.51326
2025-02-14 14:30:00,0.51207
2025-02-14 14:35:00,0.51311
2025-02-14 14:40:00,0.50998
2025-02-14 14:45:00,0.5196
2025-02-14 14:50:00,0.5227
2025-02-14 14:55:00,0.51152
2025-02-14 15:00:00,0.51988
2025-02-14 15:05:00,0.51243
2025-02-14 15:10:00,0.51977
2025-02-14 15:15:00,0.51981
2025-02-14 15:20:00,0.51596
2025-02-14 15:25:00,0.51534
2025-02-14 15:30:00,0.51481
2025-02-14 15:35:00,0.51453
2025-02-14 15:40:00,0.51728
2025-02-14 15:45:00,0.51299
2025-02-14 15:50:00,0.51938
2025-02-14 15:55:00,0.51406
2025-02-14 16:00:00,0.52137
2025-02-14 16:05:00,0.51731
2025-02-14 16:10:00,0.52478
2025-02-14 16:15:00,0.51525
2025-02-14 16:20:00,0.52771
2025-02-14 16:25:00,0.5234
2025-02-14 16:30:00,0.52151
2025-02-14 16:35:00,0.51901
2025-02-14 16:40:00,0.52461
2025-02-14 16:45:00,0.52931
2025-02-14 16:50:00,0.51769
2025-02-14 16:55:00,0.5174
2025-02-14 17:00:00,0.521
2025-02-14 17:05:00,0.5203
2025-02-14 17:10:00,0.52601
2025-02-14 17:15:00,0.5237
2025-02-14 17:20:00,0.52729
2025-02-14 17:25:00,0.52618
2025-02-14 17:30:00,0.52654
2025-02-14 17:35:00,0.51912
2025-02-14 17:40:00,0.52305
2025-02-14 17:45:00,0.52095
2025-02-14 17:50:00,0.52163
2025-02-14 17:55:00,0.52398
2025-02-14 18:00:00,0.52534
2025-02-14 18:05:00,0.52116
2025-02-14 18:10:00,0.52413
2025-02-14 18:15:00,0.52826
2025-02-14 18:20:00,0.52485
2025-02-14 18:25:00,0.52474
2025-02-14 18:30:00,0.52335
2025-02-14 18:35:00,0.51663
2025-02-14 18:40:00,0.52105
2025-02-14 18:45:00,0.52772
2025-02-14 18:50:00,0.52681
2025-02-14 18:55:00,0.51981
2025-02-14 19:00:00,0.52798
2025-02-14 19:05:00,0.52572
2025-02-14 19:10:00,0.52484
2025-02-14 19:15:00,0.5291
2025-02-14 19:20:00,0.52703
2025-02-14 19:25:00,0.52738
2025-02-14 19:30:00,0.52467
2025-02-14 19:35:00,0.52748
2025-02-14 19:40:00,0.52282
2025-02-14 19:45:00,0.52285
2025-02-14 19:50:00,0.52711
2025-02-14 19:55:00,0.52594
2025-02-14 20:00:00,0.53203
2025-02-14 20:05:00,0.5285
2025-02-14 20:10:00,0.53464
2025-02-14 20:15:00,0.53093
2025-02-14 20:20:00,0.51916
2025-02-14 20:25:00,0.53119
2025-02-14 20:30:00,0.52865
2025-02-14 20:35:00,0.52285
2025-02-14 20:40:00,0.52905
2025-02-14 20:45:00,0.53081
2025-02-14 20:50:00,0.52457
2025-02-14 20:55:00,0.52619
2025-02-14 21:00:00,0.53526
2025-02-14 21:05:00,0.54005
2025-02-14 21:10:00,0.53335
2025-02-14 21:15:00,0.53423
2025-02-14 21:20:00,0.53813
2025-02-14 21:25:00,0.52138
2025-02-14 21:30:00,0.53189
2025-02-14 21:35:00,0.52576
2025-02-14 21:40:00,0.5336
2025-02-14 21:45:00,0.52231
2025-02-14 21:50:00,0.53279
2025-02-14 21:55:00,0.52992
2025-02-14 22:00:00,0.52805
2025-02-14 22:05:00,0.53177
2025-02-14 22:10:00,0.53338
2025-02-14 22:15:00,0.5244
2025-02-14 22:20:00,0.53438
2025-02-14 22:25:00,0.52595
2025-02-14 22:30:00,0.52627
2025-02-14 22:35:00,0.5333
2025-02-14 22:40:00,0.52762
2025-02-14 22:45:00,0.5301
2025-02-14 22:50:00,0.53378
2025-02-14 22:55:00,0.52934
2025-02-14 23:00:00,0.52842
2025-02-14 23:05:00,0.5283
2025-02-14 23:10:00,0.52981
2025-02-14 23:15:00,0.53638
2025-02-14 23:20:00,0.519
2025-02-14 23:25:00,0.53619
2025-02-14 23:30:00,0.53921
2025-02-14 23:35:00,0.53226
2025-02-14 23:40:00,0.53435
2025-02-14 23:45:00,0.52974
2025-02-14 23:50:00,0.5192
2025-02-14 23:55:00,0.52916
2025-02-15 00:00:00,0.53003
2025-02-15 00:05:00,0.52722
2025-02-15 00:10:00,0.52934
2025-02-15 00:15:00,0.53131
2025-02-15 00:20:00,0.52131
2025-02-15 00:25:00,0.5303
2025-02-15 00:30:00,0.5293
2025-02-15 00:35:00,0.5271
2025-02-15 00:40:00,0.52327
2025-02-15 00:45:00,0.52654
2025-02-15 00:50:00,0.53154
2025-02-15 00:55:00,0.52464
2025-02-15 01:00:00,0.52823
2025-02-15 01:05:00,0.53232
2025-02-15 01:10:00,0.52812
2025-02-15 01:15:00,0.52356
2025-02-15 01:20:00,0.52489
2025-02-15 01:25:00,0.52134
2025-02-15 01:30:00,0.52327
2025-02-15 01:35:00,0.52573
2025-02-15 01:40:00,0.52379
2025-02-15 01:45:00,0.52293
2025-02-15 01:50:00,0.52251
2025-02-15 01:55:00,0.51647
2025-02-15 02:00:00,0.52186
2025-02-15 02:05:00,0.52312
2025-02-15 02:10:00,0.52908
2025-02-15 02:15:00,0.52805
2025-02-15 02:20:00,0.52817
2025-02-15 02:25:00,0.52056
2025-02-15 02:30:00,0.52323
2025-02-15 02:35:00,0.52229
2025-02-15 02:40:00,0.52532
2025-02-15 02:45:00,0.52496
2025-02-15 02:50:00,0.53224
2025-02-15 02:55:00,0.52767
2025-02-15 03:00:00,0.52137
2025-02-15 03:05:00,0.51837
2025-02-15 03:10:00,0.52157
2025-02-15 03:15:00,0.51815
2025-02-15 03:20:00,0.52328
2025-02-15 03:25:00,0.52954
2025-02-15 03:30:00,0.51988
2025-02-15 03:35:00,0.51166
2025-02-15 03:40:00,0.51495
2025-02-15 03:45:00,0.51652
2025-02-15 03:50:00,0.52216
2025-02-15 03:55:00,0.51776
2025-02-15 04:00:00,0.51837
2025-02-15 04:05:00,0.52241
2025-02-15 04:10:00,0.51668
2025-02-15 04:15:00,0.52288
2025-02-15 04:20:00,0.51989
2025-02-15 04:25:00,0.52245
2025-02-15 04:30:00,0.5218
2025-02-15 04:35:00,0.51692
2025-02-15 04:40:00,0.52786
2025-02-15 04:45:00,0.52231
2025-02-15 04:50:00,0.52204
2025-02-15 04:55:00,0.52498
2025-02-15 05:00:00,0.51498
2025-02-15 05:05:00,0.51742
2025-02-15 05:10:00,0.51994
2025-02-15 05:15:00,0.51928
2025-02-15 05:20:00,0.51614
2025-02-15 05:25:00,0.51527
2025-02-15 05:30:00,0.51926
2025-02-15 05:35:00,0.51206
2025-02-15 05:40:00,0.51044
2025-02-15 05:45:00,0.52244
2025-02-15 05:50:00,0.52351
2025-02-15 05:55:00,0.52013
2025-02-15 06:00:00,0.5153
2025-02-15 06:05:00,0.52552
2025-02-15 06:10:00,0.51191
2025-02-15 06:15:00,0.51247
2025-02-15 06:20:00,0.51746
2025-02-15 06:25:00,0.51221
2025-02-15 06:30:00,0.50962
2025-02-15 06:35:00,0.50726
2025-02-15 06:40:00,0.51688
2025-02-15 06:45:00,0.51224
2025-02-15 06:50:00,0.52036
2025-02-15 06:55:00,0.51057
2025-02-15 07:00:00,0.51521
2025-02-15 07:05:00,0.52023
2025-02-15 07:10:00,0.50489
2025-02-15 07:15:00,0.51526
2025-02-15 07:20:00,0.51654
2025-02-15 07:25:00,0.51116
2025-02-15 07:30:00,0.51809
2025-02-15 07:35:00,0.51376
2025-02-15 07:40:00,0.52054
2025-02-15 07:45:00,0.51299
2025-02-15 07:50:00,0.51377
2025-02-15 07:55:00,0.51642
2025-02-15 08:00:00,0.50833
2025-02-15 08:05:00,0.5151
2025-02-15 08:10:00,0.51113
2025-02-15 08:15:00,0.51424
2025-02-15 08:20:00,0.51459
2025-02-15 08:25:00,0.5132
2025-02-15 08:30:00,0.51226
2025-02-15 08:35:00,0.51304
2025-02-15 08:40:00,0.51461
2025-02-15 08:45:00,0.5008
2025-02-15 08:50:00,0.51231
2025-02-15 08:55:00,0.52129
2025-02-15 09:00:00,0.50947
2025-02-15 09:05:00,0.51422
2025-02-15 09:10:00,0.5014
2025-02-15 09:15:00,0.51595
2025-02-15 09:20:00,0.50616
2025-02-15 09:25:00,0.50777
2025-02-15 09:30:00,0.5077
2025-02-15 09:35:00,0.51566
2025-02-15 09:40:00,0.50851
2025-02-15 09:45:00,0.51085
2025-02-15 09:50:00,0.50986
2025-02-15 09:55:00,0.51455
2025-02-15 10:00:00,0.50908
2025-02-15 10:05:00,0.51216
2025-02-15 10:10:00,0.51234
2025-02-15 10:15:00,0.50675
2025-02-15 10:20:00,0.50901
2025-02-15 10:25:00,0.51052
2025-02-15 10:30:00,0.5126
2025-02-15 10:35:00,0.50703
2025-02-15 10:40:00,0.51311
2025-02-15 10:45:00,0.51227
2025-02-15 10:50:00,0.51443
2025-02-15 10:55:00,0.50948
2025-02-15 11:00:00,0.5158
2025-02-15 11:05:00,0.50621
2025-02-15 11:10:00,0.51211
2025-02-15 11:15:00,0.51342
2025-02-15 11:20:00,0.50908
2025-02-15 11:25:00,0.50597
2025-02-15 11:30:00,0.50909
2025-02-15 11:35:00,0.50337
2025-02-15 11:40:00,0.52343
2025-02-15 11:45:00,0.50997
2025-02-15 11:50:00,0.50676
2025-02-15 11:55:00,0.51188
2025-02-15 12:00:00,0.50836
2025-02-15 12:05:00,0.51556
2025-02-15 12:10:00,0.51002
2025-02-15 12:15:00,0.51231
2025-02-15 12:20:00,0.51585
2025-02-15 12:25:00,0.51082
2025-02-15 12:30:00,0.51619
2025-02-15 12:35:00,0.51655
2025-02-15 12:40:00,0.50845
2025-02-15 12:45:00,0.51838
2025-02-15 12:50:00,0.51442
2025-02-15 12:55:00,0.50553
2025-02-15 13:00:00,0.5111
2025-02-15 13:05:00,0.51136
2025-02-15 13:10:00,0.51538
2025-02-15 13:15:00,0.51356
2025-02-15 13:20:00,0.51406
2025-02-15 13:25:00,0.5117
2025-02-15 13:30:00,0.51666
2025-02-15 13:35:00,0.50998
2025-02-15 13:40:00,0.51519
2025-02-15 13:45:00,0.51984
2025-02-15 13:50:00,0.51255
2025-02-15 13:55:00,0.50889
2025-02-15 14:00:00,0.52316
2025-02-15 14:05:00,0.51136
2025-02-15 14:10:00,0.51124
2025-02-15 14:15:00,0.51509
2025-02-15 14:20:00,0.51887
2025-02-15 14:25:00,0.51544
2025-02-15 14:30:00,0.51644
2025-02-15 14:35:00,0.51404
2025-02-15 14:40:00,0.51453
2025-02-15 14:45:00,0.52081
2025-02-15 14:50:00,0.51825
2025-02-15 14:55:00,0.51456
2025-02-15 15:00:00,0.52023
2025-02-15 15:05:00,0.51355
2025-02-15 15:10:00,0.52119
2025-02-15 15:15:00,0.51771
2025-02-15 15:20:00,0.52023
2025-02-15 15:25:00,0.51235
2025-02-15 15:30:00,0.51889
2025-02-15 15:35:00,0.51407
2025-02-15 15:40:00,0.51591
2025-02-15 15:45:00,0.51871
2025-02-15 15:50:00,0.51585
2025-02-15 15:55:00,0.51256
2025-02-15 16:00:00,0.51942
2025-02-15 16:05:00,0.52388
2025-02-15 16:10:00,0.52139
2025-02-15 16:15:00,0.5245
2025-02-15 16:20:00,0.51329
2025-02-15 16:25:00,0.52278
2025-02-15 16:30:00,0.5143
2025-02-15 16:35:00,0.51513
2025-02-15 16:40:00,0.52092
2025-02-15 16:45:00,0.51338
2025-02-15 16:50:00,0.52427
2025-02-15 16:55:00,0.51563
2025-02-15 17:00:00,0.51472
2025-02-15 17:05:00,0.5232
2025-02-15 17:10:00,0.52444
2025-02-15 17:15:00,0.51719
2025-02-15 17:20:00,0.52052
2025-02-15 17:25:00,0.5191
2025-02-15 17:30:00,0.52154
2025-02-15 17:35:00,0.51601
2025-02-15 17:40:00,0.52533
2025-02-15 17:45:00,0.52917
2025-02-15 17:50:00,0.52537
2025-02-15 17:55:00,0.51635
2025-02-15 18:00:00,0.52652
2025-02-15 18:05:00,0.52577
2025-02-15 18:10:00,0.52608
2025-02-15 18:15:00,0.52643
2025-02-15 18:20:00,0.51986
2025-02-15 18:25:00,0.52368
2025-02-15 18:30:00,0.52281
2025-02-15 18:35:00,0.52268
2025-02-15 18:40:00,0.53188
2025-02-15 18:45:00,0.52994
2025-02-15 18:50:00,0.52839
2025-02-15 18:55:00,0.53331
2025-02-15 19:00:00,0.53982
2025-02-15 19:05:00,0.5276
2025-02-15 19:10:00,0.52643
2025-02-15 19:15:00,0.53195
2025-02-15 19:20:00,0.52943
2025-02-15 19:25:00,0.5288
2025-02-15 19:30:00,0.52875
2025-02-15 19:35:00,0.52395
2025-02-15 19:40:00,0.53064
2025-02-15 19:45:00,0.53397
2025-02-15 19:50:00,0.53087
2025-02-15 19:55:00,0.52597
2025-02-15 20:00:00,0.5322
2025-02-15 20:05:00,0.53053
2025-02-15 20:10:00,0.52569
2025-02-15 20:15:00,0.52659
2025-02-15 20:20:00,0.52846
2025-02-15 20:25:00,0.52302
2025-02-15 20:30:00,0.5278
2025-02-15 20:35:00,0.53045
2025-02-15 20:40:00,0.52542
2025-02-15 20:45:00,0.53489
2025-02-15 20:50:00,0.52762
2025-02-15 20:55:00,0.52265
2025-02-15 21:00:00,0.52535
2025-02-15 21:05:00,0.52785
2025-02-15 21:10:00,0.52622
2025-02-15 21:15:00,0.52693
2025-02-15 21:20:00,0.52311
2025-02-15 21:25:00,0.52985
2025-02-15 21:30:00,0.5269
2025-02-15 21:35:00,0.52181
2025-02-15 21:40:00,0.5288
2025-02-15 21:45:00,0.52424
2025-02-15 21:50:00,0.53713
2025-02-15 21:55:00,0.53275
2025-02-15 22:00:00,0.53214
2025-02-15 22:05:00,0.54419
2025-02-15 22:10:00,0.52947
2025-02-15 22:15:00,0.53045
2025-02-15 22:20:00,0.53478
2025-02-15 22:25:00,0.53611
2025-02-15 22:30:00,0.53153
2025-02-15 22:35:00,0.53205
2025-02-15 22:40:00,0.53019
2025-02-15 22:45:00,0.53104
2025-02-15 22:50:00,0.53047
2025-02-15 22:55:00,0.52948
2025-02-15 23:00:00,0.53549
2025-02-15 23:05:00,0.52735
2025-02-15 23:10:00,0.52495
2025-02-15 23:15:00,0.52768
2025-02-15 23:20:00,0.53731
2025-02-15 23:25:00,0.53066
2025-02-15 23:30:00,0.52642
2025-02-15 23:35:00,0.52639
2025-02-15 23:40:00,0.5282
2025-02-15 23:45:00,0.53558
2025-02-15 23:50:00,0.53297
2025-02-15 23:55:00,0.52893
2025-02-16 00:00:00,0.52504
2025-02-16 00:05:00,0.52423
2025-02-16 00:10:00,0.52301
2025-02-16 00:15:00,0.51949
2025-02-16 00:20:00,0.53142
2025-02-16 00:25:00,0.52743
2025-02-16 00:30:00,0.5369
2025-02-16 00:35:00,0.53085
2025-02-16 00:40:00,0.53228
2025-02-16 00:45:00,0.52807
2025-02-16 00:50:00,0.52819
2025-02-16 00:55:00,0.52196
2025-02-16 01:00:00,0.52943
2025-02-16 01:05:00,0.52865
2025-02-16 01:10:00,0.5206
2025-02-16 01:15:00,0.53007
2025-02-16 01:20:00,0.52079
2025-02-16 01:25:00,0.53968
2025-02-16 01:30:00,0.52885
2025-02-16 01:35:00,0.52787
2025-02-16 01:40:00,0.52898
2025-02-16 01:45:00,0.52813
2025-02-16 01:50:00,0.52211
2025-02-16 01:55:00,0.5268
2025-02-16 02:00:00,0.5258
2025-02-16 02:05:00,0.52138
2025-02-16 02:10:00,0.52704
2025-02-16 02:15:00,0.52987
2025-02-16 02:20:00,0.53028
2025-02-16 02:25:00,0.52424
2025-02-16 02:30:00,0.53201
2025-02-16 02:35:00,0.52184
2025-02-16 02:40:00,0.52546
2025-02-16 02:45:00,0.52577
2025-02-16 02:50:00,0.51666
2025-02-16 02:55:00,0.52008
2025-02-16 03:00:00,0.52162
2025-02-16 03:05:00,0.53002
2025-02-16 03:10:00,0.52345
2025-02-16 03:15:00,0.51914
2025-02-16 03:20:00,0.51574
2025-02-16 03:25:00,0.51983
2025-02-16 03:30:00,0.52487
2025-02-16 03:35:00,0.52433
2025-02-16 03:40:00,0.52484
2025-02-16 03:45:00,0.51836
2025-02-16 03:50:00,0.51425
2025-02-16 03:55:00,0.53068
2025-02-16 04:00:00,0.52073
2025-02-16 04:05:00,0.51645
2025-02-16 04:10:00,0.51592
2025-02-16 04:15:00,0.52214
2025-02-16 04:20:00,0.51353
2025-02-16 04:25:00,0.51862
2025-02-16 04:30:00,0.52438
2025-02-16 04:35:00,0.52059
2025-02-16 04:40:00,0.52006
2025-02-16 04:45:00,0.51594
2025-02-16 04:50:00,0.51915
2025-02-16 04:55:00,0.51834
2025-02-16 05:00:00,0.51775
2025-02-16 05:05:00,0.51971
2025-02-16 05:10:00,0.51914
2025-02-16 05:15:00,0.51469
2025-02-16 05:20:00,0.52087
2025-02-16 05:25:00,0.51297
2025-02-16 05:30:00,0.52019
2025-02-16 05:35:00,0.51571
2025-02-16 05:40:00,0.52021
2025-02-16 05:45:00,0.51925
2025-02-16 05:50:00,0.52224
2025-02-16 05:55:00,0.5216
2025-02-16 06:00:00,0.50948
2025-02-16 06:05:00,0.51112
2025-02-16 06:10:00,0.51248
2025-02-16 06:15:00,0.51557
2025-02-16 06:20:00,0.51534
2025-02-16 06:25:00,0.52013
2025-02-16 06:30:00,0.50784
2025-02-16 06:35:00,0.50923
2025-02-16 06:40:00,0.5183
2025-02-16 06:45:00,0.51265
2025-02-16 06:50:00,0.51786
2025-02-16 06:55:00,0.51074
2025-02-16 07:00:00,0.50843
2025-02-16 07:05:00,0.51281
2025-02-16 07:10:00,0.50674
2025-02-16 07:15:00,0.51441
2025-02-16 07:20:00,0.52285
2025-02-16 07:25:00,0.50949
2025-02-16 07:30:00,0.51198
2025-02-16 07:35:00,0.51258
2025-02-16 07:40:00,0.5153
2025-02-16 07:45:00,0.5065
2025-02-16 07:50:00,0.51669
2025-02-16 07:55:00,0.51848
2025-02-16 08:00:00,0.5133
2025-02-16 08:05:00,0.51417
2025-02-16 08:10:00,0.50193
2025-02-16 08:15:00,0.50761
2025-02-16 08:20:00,0.51097
2025-02-16 08:25:00,0.51022
2025-02-16 08:30:00,0.51335
2025-02-16 08:35:00,0.50885
2025-02-16 08:40:00,0.50848
2025-02-16 08:45:00,0.51024
2025-02-16 08:50:00,0.51018
2025-02-16 08:55:00,0.50516
2025-02-16 09:00:00,0.50494
2025-02-16 09:05:00,0.50702
2025-02-16 09:10:00,0.5148
2025-02-16 09:15:00,0.52062
2025-02-16 09:20:00,0.50672
2025-02-16 09:25:00,0.50956
2025-02-16 09:30:00,0.51281
2025-02-16 09:35:00,0.51322
2025-02-16 09:40:00,0.51464
2025-02-16 09:45:00,0.51005
2025-02-16 09:50:00,0.51417
2025-02-16 09:55:00,0.51367
2025-02-16 10:00:00,0.51623
2025-02-16 10:05:00,0.50544
2025-02-16 10:10:00,0.51114
2025-02-16 10:15:00,0.50634
2025-02-16 10:20:00,0.51623
2025-02-16 10:25:00,0.51116
2025-02-16 10:30:00,0.5083
2025-02-16 10:35:00,0.50631
2025-02-16 10:40:00,0.50675
2025-02-16 10:45:00,0.51482
2025-02-16 10:50:00,0.50781
2025-02-16 10:55:00,0.51841
2025-02-16 11:00:00,0.5142
2025-02-16 11:05:00,0.50841
2025-02-16 11:10:00,0.50988
2025-02-16 11:15:00,0.51377
2025-02-16 11:20:00,0.5087
2025-02-16 11:25:00,0.51375
2025-02-16 11:30:00,0.50559
2025-02-16 11:35:00,0.51251
2025-02-16 11:40:00,0.5095
2025-02-16 11:45:00,0.51259
2025-02-16 11:50:00,0.50969
2025-02-16 11:55:00,0.51055
2025-02-16 12:00:00,0.50701
2025-02-16 12:05:00,0.50971
2025-02-16 12:10:00,0.50553
2025-02-16 12:15:00,0.51515
2025-02-16 12:20:00,0.51581
2025-02-16 12:25:00,0.50616
2025-02-16 12:30:00,0.51477
2025-02-16 12:35:00,0.51115
2025-02-16 12:40:00,0.50607
2025-02-16 12:45:00,0.51279
2025-02-16 12:50:00,0.51295
2025-02-16 12:55:00,0.50868
2025-02-16 13:00:00,0.51626
2025-02-16 13:05:00,0.51708
2025-02-16 13:10:00,0.5066
2025-02-16 13:15:00,0.51232
2025-02-16 13:20:00,0.51534
2025-02-16 13:25:00,0.52181
2025-02-16 13:30:00,0.51168
2025-02-16 13:35:00,0.51486
2025-02-16 13:40:00,0.50726
2025-02-16 13:45:00,0.51466
2025-02-16 13:50:00,0.51174
2025-02-16 13:55:00,0.51369
2025-02-16 14:00:00,0.5229
2025-02-16 14:05:00,0.51185
2025-02-16 14:10:00,0.51293
2025-02-16 14:15:00,0.51162
2025-02-16 14:20:00,0.51682
2025-02-16 14:25:00,0.51824
2025-02-16 14:30:00,0.51002
2025-02-16 14:35:00,0.51495
2025-02-16 14:40:00,0.51614
2025-02-16 14:45:00,0.5181
2025-02-16 14:50:00,0.51964
2025-02-16 14:55:00,0.50827
2025-02-16 15:00:00,0.51093
2025-02-16 15:05:00,0.51373
2025-02-16 15:10:00,0.51104
2025-02-16 15:15:00,0.51286
2025-02-16 15:20:00,0.51274
2025-02-16 15:25:00,0.51884
2025-02-16 15:30:00,0.51916
2025-02-16 15:35:00,0.52027
2025-02-16 15:40:00,0.51801
2025-02-16 15:45:00,0.51806
2025-02-16 15:50:00,0.51529
2025-02-16 15:55:00,0.51867
2025-02-16 16:00:00,0.52337
2025-02-16 16:05:00,0.52463
2025-02-16 16:10:00,0.51437
2025-02-16 16:15:00,0.52416
2025-02-16 16:20:00,0.518
2025-02-16 16:25:00,0.51855
2025-02-16 16:30:00,0.52064
2025-02-16 16:35:00,0.51229
2025-02-16 16:40:00,0.5164
2025-02-16 16:45:00,0.5201
2025-02-16 16:50:00,0.51942
2025-02-16 16:55:00,0.51903
2025-02-16 17:00:00,0.52943
2025-02-16 17:05:00,0.52118
2025-02-16 17:10:00,0.52883
2025-02-16 17:15:00,0.526
2025-02-16 17:20:00,0.529
2025-02-16 17:25:00,0.52361
2025-02-16 17:30:00,0.52106
2025-02-16 17:35:00,0.5236
2025-02-16 17:40:00,0.5226
2025-02-16 17:45:00,0.52448
2025-02-16 17:50:00,0.51709
2025-02-16 17:55:00,0.52519
2025-02-16 18:00:00,0.527
2025-02-16 18:05:00,0.52342
2025-02-16 18:10:00,0.52179
2025-02-16 18:15:00,0.51627
2025-02-16 18:20:00,0.52953
2025-02-16 18:25:00,0.52813
2025-02-16 18:30:00,0.52412
2025-02-16 18:35:00,0.52748
2025-02-16 18:40:00,0.51945
2025-02-16 18:45:00,0.52603
2025-02-16 18:50:00,0.51872
2025-02-16 18:55:00,0.52335
2025-02-16 19:00:00,0.52785
2025-02-16 19:05:00,0.52699
2025-02-16 19:10:00,0.52814
2025-02-16 19:15:00,0.5261
2025-02-16 19:20:00,0.53037
2025-02-16 19:25:00,0.53059
2025-02-16 19:30:00,0.52913
2025-02-16 19:35:00,0.53559
2025-02-16 19:40:00,0.52998
2025-02-16 19:45:00,0.53013
2025-02-16 19:50:00,0.51438
2025-02-16 19:55:00,0.52871
2025-02-16 20:00:00,0.53631
2025-02-16 20:05:00,0.52782
2025-02-16 20:10:00,0.52101
2025-02-16 20:15:00,0.52816
2025-02-16 20:20:00,0.53798
2025-02-16 20:25:00,0.51662
2025-02-16 20:30:00,0.5275
2025-02-16 20:35:00,0.52546
2025-02-16 20:40:00,0.53458
2025-02-16 20:45:00,0.52475
2025-02-16 20:50:00,0.53355
2025-02-16 20:55:00,0.52826
2025-02-16 21:00:00,0.52999
2025-02-16 21:05:00,0.52998
2025-02-16 21:10:00,0.53118
2025-02-16 21:15:00,0.53163
2025-02-16 21:20:00,0.53001
2025-02-16 21:25:00,0.52857
2025-02-16 21:30:00,0.53145
2025-02-16 21:35:00,0.52708
2025-02-16 21:40:00,0.52615
2025-02-16 21:45:00,0.52881
2025-02-16 21:50:00,0.53134
2025-02-16 21:55:00,0.52897
2025-02-16 22:00:00,0.53111
2025-02-16 22:05:00,0.53284
2025-02-16 22:10:00,0.52912
2025-02-16 22:15:00,0.52861
2025-02-16 22:20:00,0.52816
2025-02-16 22:25:00,0.53142
2025-02-16 22:30:00,0.53161
2025-02-16 22:35:00,0.5334
2025-02-16 22:40:00,0.53231
2025-02-16 22:45:00,0.53145
2025-02-16 22:50:00,0.52719
2025-02-16 22:55:00,0.5274
2025-02-16 23:00:00,0.53243
2025-02-16 23:05:00,0.52525
2025-02-16 23:10:00,0.52802
2025-02-16 23:15:00,0.5236
2025-02-16 23:20:00,0.53339
2025-02-16 23:25:00,0.5259
2025-02-16 23:30:00,0.52934
2025-02-16 23:35:00,0.53493
2025-02-16 23:40:00,0.53268
2025-02-16 23:45:00,0.52959
2025-02-16 23:50:00,0.53376
2025-02-16 23:55:00,0.53248
2025-02-17 00:00:00,0.53113
2025-02-17 00:05:00,0.53465
2025-02-17 00:10:00,0.52796
2025-02-17 00:15:00,0.53544
2025-02-17 00:20:00,0.52945
2025-02-17 00:25:00,0.52454
2025-02-17 00:30:00,0.5307
2025-02-17 00:35:00,0.53239
2025-02-17 00:40:00,0.52733
2025-02-17 00:45:00,0.52985
2025-02-17 00:50:00,0.52892
2025-02-17 00:55:00,0.53122
2025-02-17 01:00:00,0.53123
2025-02-17 01:05:00,0.5249
2025-02-17 01:10:00,0.52756
2025-02-17 01:15:00,0.52099
2025-02-17 01:20:00,0.5312
2025-02-17 01:25:00,0.53016
2025-02-17 01:30:00,0.52854
2025-02-17 01:35:00,0.53053
2025-02-17 01:40:00,0.52571
2025-02-17 01:45:00,0.52583
2025-02-17 01:50:00,0.52141
2025-02-17 01:55:00,0.53176
2025-02-17 02:00:00,0.5296
2025-02-17 02:05:00,0.52252
2025-02-17 02:10:00,0.52315
2025-02-17 02:15:00,0.52654
2025-02-17 02:20:00,0.53154
2025-02-17 02:25:00,0.52356
2025-02-17 02:30:00,0.51371
2025-02-17 02:35:00,0.52838
2025-02-17 02:40:00,0.52668
2025-02-17 02:45:00,0.52183
2025-02-17 02:50:00,0.52268
2025-02-17 02:55:00,0.52118
2025-02-17 03:00:00,0.5274
2025-02-17 03:05:00,0.51876
2025-02-17 03:10:00,0.51901
2025-02-17 03:15:00,0.52415
2025-02-17 03:20:00,0.52119
2025-02-17 03:25:00,0.52345
2025-02-17 03:30:00,0.52019
2025-02-17 03:35:00,0.52314
2025-02-17 03:40:00,0.5239
2025-02-17 03:45:00,0.52518
2025-02-17 03:50:00,0.51548
2025-02-17 03:55:00,0.52027
2025-02-17 04:00:00,0.5219
2025-02-17 04:05:00,0.5181
2025-02-17 04:10:00,0.51815
2025-02-17 04:15:00,0.5154
2025-02-17 04:20:00,0.52071
2025-02-17 04:25:00,0.52215
2025-02-17 04:30:00,0.51805
2025-02-17 04:35:00,0.52372
2025-02-17 04:40:00,0.51601
2025-02-17 04:45:00,0.52636
2025-02-17 04:50:00,0.52056
2025-02-17 04:55:00,0.51163
2025-02-17 05:00:00,0.51896
2025-02-17 05:05:00,0.52021
2025-02-17 05:10:00,0.51742
2025-02-17 05:15:00,0.51388
2025-02-17 05:20:00,0.50576
2025-02-17 05:25:00,0.51576
2025-02-17 05:30:00,0.52943
2025-02-17 05:35:00,0.52191
2025-02-17 05:40:00,0.52545
2025-02-17 05:45:00,0.51875
2025-02-17 05:50:00,0.51836
2025-02-17 05:55:00,0.52033
2025-02-17 06:00:00,0.51654
2025-02-17 06:05:00,0.51774
2025-02-17 06:10:00,0.5154
2025-02-17 06:15:00,0.5176
2025-02-17 06:20:00,0.50962
2025-02-17 06:25:00,0.51273
2025-02-17 06:30:00,0.51682
2025-02-17 06:35:00,0.50777
2025-02-17 06:40:00,0.51498
2025-02-17 06:45:00,0.51199
2025-02-17 06:50:00,0.51382
2025-02-17 06:55:00,0.51158
2025-02-17 07:00:00,0.51063
2025-02-17 07:05:00,0.51799
2025-02-17 07:10:00,0.51545
2025-02-17 07:15:00,0.51224
2025-02-17 07:20:00,0.51412
2025-02-17 07:25:00,0.51334
2025-02-17 07:30:00,0.50717
2025-02-17 07:35:00,0.50522
2025-02-17 07:40:00,0.52101
2025-02-17 07:45:00,0.51803
2025-02-17 07:50:00,0.50996
2025-02-17 07:55:00,0.50743
2025-02-17 08:00:00,0.50807
2025-02-17 08:05:00,0.51234
2025-02-17 08:10:00,0.51066
2025-02-17 08:15:00,0.51071
2025-02-17 08:20:00,0.51144
2025-02-17 08:25:00,0.51362
2025-02-17 08:30:00,0.51474
2025-02-17 08:35:00,0.51519
2025-02-17 08:40:00,0.51103
2025-02-17 08:45:00,0.50663
2025-02-17 08:50:00,0.51648
2025-02-17 08:55:00,0.5138
2025-02-17 09:00:00,0.50903
2025-02-17 09:05:00,0.51056
2025-02-17 09:10:00,0.51518
2025-02-17 09:15:00,0.51263
2025-02-17 09:20:00,0.51183
2025-02-17 09:25:00,0.50431
2025-02-17 09:30:00,0.50895
2025-02-17 09:35:00,0.50506
2025-02-17 09:40:00,0.51222
2025-02-17 09:45:00,0.50798
2025-02-17 09:50:00,0.51184
2025-02-17 09:55:00,0.51143
2025-02-17 10:00:00,0.50776
2025-02-17 10:05:00,0.5175
2025-02-17 10:10:00,0.51283
2025-02-17 10:15:00,0.51604
2025-02-17 10:20:00,0.50757
2025-02-17 10:25:00,0.50885
2025-02-17 10:30:00,0.50803
2025-02-17 10:35:00,0.51269
2025-02-17 10:40:00,0.51548
2025-02-17 10:45:00,0.50252
2025-02-17 10:50:00,0.51781
2025-02-17 10:55:00,0.51093
2025-02-17 11:00:00,0.50794
2025-02-17 11:05:00,0.50639
2025-02-17 11:10:00,0.50983
2025-02-17 11:15:00,0.50692
2025-02-17 11:20:00,0.51236
2025-02-17 11:25:00,0.50837
2025-02-17 11:30:00,0.51227
2025-02-17 11:35:00,0.51466
2025-02-17 11:40:00,0.51287
2025-02-17 11:45:00,0.51253
2025-02-17 11:50:00,0.50625
2025-02-17 11:55:00,0.51256
2025-02-17 12:00:00,0.5116
2025-02-17 12:05:00,0.50923
2025-02-17 12:10:00,0.51013
2025-02-17 12:15:00,0.4985
2025-02-17 12:20:00,0.51558
2025-02-17 12:25:00,0.51269
2025-02-17 12:30:00,0.5147
2025-02-17 12:35:00,0.51737
2025-02-17 12:40:00,0.50737
2025-02-17 12:45:00,0.51547
2025-02-17 12:50:00,0.51379
2025-02-17 12:55:00,0.5048
2025-02-17 13:00:00,0.51733
2025-02-17 13:05:00,0.51459
2025-02-17 13:10:00,0.51659
2025-02-17 13:15:00,0.50054
2025-02-17 13:20:00,0.50994
2025-02-17 13:25:00,0.51392
2025-02-17 13:30:00,0.51537
2025-02-17 13:35:00,0.5104
2025-02-17 13:40:00,0.51846
2025-02-17 13:45:00,0.51303
2025-02-17 13:50:00,0.51154
2025-02-17 13:55:00,0.50834
2025-02-17 14:00:00,0.51978
2025-02-17 14:05:00,0.52255
2025-02-17 14:10:00,0.51763
2025-02-17 14:15:00,0.51134
2025-02-17 14:20:00,0.5185
2025-02-17 14:25:00,0.5215
2025-02-17 14:30:00,0.51135
2025-02-17 14:35:00,0.51417
2025-02-17 14:40:00,0.51615
2025-02-17 14:45:00,0.51018
2025-02-17 14:50:00,0.51601
2025-02-17 14:55:00,0.50755
2025-02-17 15:00:00,0.51484
2025-02-17 15:05:00,0.51385
2025-02-17 15:10:00,0.52248
2025-02-17 15:15:00,0.5196
2025-02-17 15:20:00,0.51584
2025-02-17 15:25:00,0.51312
2025-02-17 15:30:00,0.51937
2025-02-17 15:35:00,0.52145
2025-02-17 15:40:00,0.51745
2025-02-17 15:45:00,0.51685
2025-02-17 15:50:00,0.52359
2025-02-17 15:55:00,0.51343
2025-02-17 16:00:00,0.51952
2025-02-17 16:05:00,0.52435
2025-02-17 16:10:00,0.51362
2025-02-17 16:15:00,0.52106
2025-02-17 16:20:00,0.52261
2025-02-17 16:25:00,0.51742
2025-02-17 16:30:00,0.51826
2025-02-17 16:35:00,0.51844
2025-02-17 16:40:00,0.52187
2025-02-17 16:45:00,0.51804
2025-02-17 16:50:00,0.52217
2025-02-17 16:55:00,0.51674
2025-02-17 17:00:00,0.52515
2025-02-17 17:05:00,0.5279
2025-02-17 17:10:00,0.5203
2025-02-17 17:15:00,0.52237
2025-02-17 17:20:00,0.52296
2025-02-17 17:25:00,0.51626
2025-02-17 17:30:00,0.52458
2025-02-17 17:35:00,0.52293
2025-02-17 17:40:00,0.52041
2025-02-17 17:45:00,0.52186
2025-02-17 17:50:00,0.52683
2025-02-17 17:55:00,0.52106
2025-02-17 18:00:00,0.52912
2025-02-17 18:05:00,0.52524
2025-02-17 18:10:00,0.52527
2025-02-17 18:15:00,0.52556
2025-02-17 18:20:00,0.52189
2025-02-17 18:25:00,0.53225
2025-02-17 18:30:00,0.52643
2025-02-17 18:35:00,0.51717
2025-02-17 18:40:00,0.52504
2025-02-17 18:45:00,0.52382
2025-02-17 18:50:00,0.53242
2025-02-17 18:55:00,0.52882
2025-02-17 19:00:00,0.52574
2025-02-17 19:05:00,0.52494
2025-02-17 19:10:00,0.52838
2025-02-17 19:15:00,0.52481
2025-02-17 19:20:00,0.52116
2025-02-17 19:25:00,0.52469
2025-02-17 19:30:00,0.5276
2025-02-17 19:35:00,0.52376
2025-02-17 19:40:00,0.52495
2025-02-17 19:45:00,0.52981
2025-02-17 19:50:00,0.52903
2025-02-17 19:55:00,0.5265
2025-02-17 20:00:00,0.53024
2025-02-17 20:05:00,0.52752
2025-02-17 20:10:00,0.52793
2025-02-17 20:15:00,0.5262
2025-02-17 20:20:00,0.5283
2025-02-17 20:25:00,0.53623
2025-02-17 20:30:00,0.53178
2025-02-17 20:35:00,0.53736
2025-02-17 20:40:00,0.53189
2025-02-17 20:45:00,0.52518
2025-02-17 20:50:00,0.53405
2025-02-17 20:55:00,0.52916
2025-02-17 21:00:00,0.52294
2025-02-17 21:05:00,0.53339
2025-02-17 21:10:00,0.53508
2025-02-17 21:15:00,0.52784
2025-02-17 21:20:00,0.52666
2025-02-17 21:25:00,0.52298
2025-02-17 21:30:00,0.5292
2025-02-17 21:35:00,0.5329
2025-02-17 21:40:00,0.5321
2025-02-17 21:45:00,0.5306
2025-02-17 21:50:00,0.52843
2025-02-17 21:55:00,0.52748
2025-02-17 22:00:00,0.52887
2025-02-17 22:05:00,0.52159
2025-02-17 22:10:00,0.53181
2025-02-17 22:15:00,0.53413
2025-02-17 22:20:00,0.5315
2025-02-17 22:25:00,0.52996
2025-02-17 22:30:00,0.52997
2025-02-17 22:35:00,0.53725
2025-02-17 22:40:00,0.52772
2025-02-17 22:45:00,0.52656
2025-02-17 22:50:00,0.52259
2025-02-17 22:55:00,0.52814
2025-02-17 23:00:00,0.52883
2025-02-17 23:05:00,0.52797
2025-02-17 23:10:00,0.53272
2025-02-17 23:15:00,0.52812
2025-02-17 23:20:00,0.52944
2025-02-17 23:25:00,0.52815
2025-02-17 23:30:00,0.52937
2025-02-17 23:35:00,0.52748
2025-02-17 23:40:00,0.53019
2025-02-17 23:45:00,0.52367
2025-02-17 23:50:00,0.52873
2025-02-17 23:55:00,0.52725
2025-02-18 00:00:00,0.52966
2025-02-18 00:05:00,0.52175
2025-02-18 00:10:00,0.52286
2025-02-18 00:15:00,0.53781
2025-02-18 00:20:00,0.52092
2025-02-18 00:25:00,0.52777
2025-02-18 00:30:00,0.53185
2025-02-18 00:35:00,0.52661
2025-02-18 00:40:00,0.53319
2025-02-18 00:45:00,0.52825
2025-02-18 00:50:00,0.53142
2025-02-18 00:55:00,0.52912
2025-02-18 01:00:00,0.52833
2025-02-18 01:05:00,0.52975
2025-02-18 01:10:00,0.53165
2025-02-18 01:15:00,0.52722
2025-02-18 01:20:00,0.52761
2025-02-18 01:25:00,0.53748
2025-02-18 01:30:00,0.52504
2025-02-18 01:35:00,0.53057
2025-02-18 01:40:00,0.52311
2025-02-18 01:45:00,0.52398
2025-02-18 01:50:00,0.52813
2025-02-18 01:55:00,0.53053
2025-02-18 02:00:00,0.53182
2025-02-18 02:05:00,0.5239
2025-02-18 02:10:00,0.52469
2025-02-18 02:15:00,0.52457
2025-02-18 02:20:00,0.51586
2025-02-18 02:25:00,0.53114
2025-02-18 02:30:00,0.52913
2025-02-18 02:35:00,0.52412
2025-02-18 02:40:00,0.53078
2025-02-18 02:45:00,0.53115
2025-02-18 02:50:00,0.51666
2025-02-18 02:55:00,0.5278
2025-02-18 03:00:00,0.5248
2025-02-18 03:05:00,0.52358
2025-02-18 03:10:00,0.52189
2025-02-18 03:15:00,0.52155
2025-02-18 03:20:00,0.51738
2025-02-18 03:25:00,0.52287
2025-02-18 03:30:00,0.52143
2025-02-18 03:35:00,0.51813
2025-02-18 03:40:00,0.52126
2025-02-18 03:45:00,0.5295
2025-02-18 03:50:00,0.52652
2025-02-18 03:55:00,0.51904
2025-02-18 04:00:00,0.51477
2025-02-18 04:05:00,0.51798
2025-02-18 04:10:00,0.52101
2025-02-18 04:15:00,0.51953
2025-02-18 04:20:00,0.51168
2025-02-18 04:25:00,0.52611
2025-02-18 04:30:00,0.5234
2025-02-18 04:35:00,0.51277
2025-02-18 04:40:00,0.51983
2025-02-18 04:45:00,0.52104
2025-02-18 04:50:00,0.51673
2025-02-18 04:55:00,0.51505
2025-02-18 05:00:00,0.50814
2025-02-18 05:05:00,0.51012
2025-02-18 05:10:00,0.51611
2025-02-18 05:15:00,0.51431
2025-02-18 05:20:00,0.5201
2025-02-18 05:25:00,0.51947
2025-02-18 05:30:00,0.52042
2025-02-18 05:35:00,0.53062
2025-02-18 05:40:00,0.51843
2025-02-18 05:45:00,0.51866
2025-02-18 05:50:00,0.52225
2025-02-18 05:55:00,0.51653
2025-02-18 06:00:00,0.52138
2025-02-18 06:05:00,0.51818
2025-02-18 06:10:00,0.51768
2025-02-18 06:15:00,0.50937
2025-02-18 06:20:00,0.51334
2025-02-18 06:25:00,0.51802
2025-02-18 06:30:00,0.52538
2025-02-18 06:35:00,0.51553
2025-02-18 06:40:00,0.51631
2025-02-18 06:45:00,0.51609
2025-02-18 06:50:00,0.52637
2025-02-18 06:55:00,0.51202
2025-02-18 07:00:00,0.51468
2025-02-18 07:05:00,0.51412
2025-02-18 07:10:00,0.51746
2025-02-18 07:15:00,0.50766
2025-02-18 07:20:00,0.51578
2025-02-18 07:25:00,0.51328
2025-02-18 07:30:00,0.51365
2025-02-18 07:35:00,0.50855
2025-02-18 07:40:00,0.51032
2025-02-18 07:45:00,0.51058
2025-02-18 07:50:00,0.51177
2025-02-18 07:55:00,0.51974
2025-02-18 08:00:00,0.51909
2025-02-18 08:05:00,0.51209
2025-02-18 08:10:00,0.50972
2025-02-18 08:15:00,0.52292
2025-02-18 08:20:00,0.50792
2025-02-18 08:25:00,0.51396
2025-02-18 08:30:00,0.50888
2025-02-18 08:35:00,0.52028
2025-02-18 08:40:00,0.51255
2025-02-18 08:45:00,0.51008
2025-02-18 08:50:00,0.5154
2025-02-18 08:55:00,0.51781
2025-02-18 09:00:00,0.50964
2025-02-18 09:05:00,0.51168
2025-02-18 09:10:00,0.50067
2025-02-18 09:15:00,0.50721
2025-02-18 09:20:00,0.51416
2025-02-18 09:25:00,0.50613
2025-02-18 09:30:00,0.51431
2025-02-18 09:35:00,0.50932
2025-02-18 09:40:00,0.5065
2025-02-18 09:45:00,0.50992
2025-02-18 09:50:00,0.50929
2025-02-18 09:55:00,0.51226
2025-02-18 10:00:00,0.5079
2025-02-18 10:05:00,0.5106
2025-02-18 10:10:00,0.50825
2025-02-18 10:15:00,0.50809
2025-02-18 10:20:00,0.5135
2025-02-18 10:25:00,0.51418
2025-02-18 10:30:00,0.51013
2025-02-18 10:35:00,0.51959
2025-02-18 10:40:00,0.51374
2025-02-18 10:45:00,0.51198
2025-02-18 10:50:00,0.50428
2025-02-18 10:55:00,0.51418
2025-02-18 11:00:00,0.50951
2025-02-18 11:05:00,0.50861
2025-02-18 11:10:00,0.50849
2025-02-18 11:15:00,0.51526
2025-02-18 11:20:00,0.51226
2025-02-18 11:25:00,0.5129
2025-02-18 11:30:00,0.51148
2025-02-18 11:35:00,0.51253
2025-02-18 11:40:00,0.51038
2025-02-18 11:45:00,0.51089
2025-02-18 11:50:00,0.51316
2025-02-18 11:55:00,0.5178
2025-02-18 12:00:00,0.51643
2025-02-18 12:05:00,0.5098
2025-02-18 12:10:00,0.50949
2025-02-18 12:15:00,0.51351
2025-02-18 12:20:00,0.51733
2025-02-18 12:25:00,0.50526
2025-02-18 12:30:00,0.51413
2025-02-18 12:35:00,0.50766
2025-02-18 12:40:00,0.51007
2025-02-18 12:45:00,0.50481
2025-02-18 12:50:00,0.50587
2025-02-18 12:55:00,0.50699
2025-02-18 13:00:00,0.51322
2025-02-18 13:05:00,0.51706
2025-02-18 13:10:00,0.51874
2025-02-18 13:15:00,0.51332
2025-02-18 13:20:00,0.51221
2025-02-18 13:25:00,0.51699
2025-02-18 13:30:00,0.50296
2025-02-18 13:35:00,0.51371
2025-02-18 13:40:00,0.51539
2025-02-18 13:45:00,0.51561
2025-02-18 13:50:00,0.52116
2025-02-18 13:55:00,0.50427
2025-02-18 14:00:00,0.51049
2025-02-18 14:05:00,0.51433
2025-02-18 14:10:00,0.51225
2025-02-18 14:15:00,0.51172
2025-02-18 14:20:00,0.50662
2025-02-18 14:25:00,0.52047
2025-02-18 14:30:00,0.50815
2025-02-18 14:35:00,0.51497
2025-02-18 14:40:00,0.51341
2025-02-18 14:45:00,0.51203
2025-02-18 14:50:00,0.51249
2025-02-18 14:55:00,0.51384
2025-02-18 15:00:00,0.51912
2025-02-18 15:05:00,0.51834
2025-02-18 15:10:00,0.51422
2025-02-18 15:15:00,0.51213
2025-02-18 15:20:00,0.52016
2025-02-18 15:25:00,0.51495
2025-02-18 15:30:00,0.52885
2025-02-18 15:35:00,0.51697
2025-02-18 15:40:00,0.5151
2025-02-18 15:45:00,0.52257
2025-02-18 15:50:00,0.51375
2025-02-18 15:55:00,0.52239
2025-02-18 16:00:00,0.52678
2025-02-18 16:05:00,0.51452
2025-02-18 16:10:00,0.52365
2025-02-18 16:15:00,0.51506
2025-02-18 16:20:00,0.51632
2025-02-18 16:25:00,0.52298
2025-02-18 16:30:00,0.51802
2025-02-18 16:35:00,0.51785
2025-02-18 16:40:00,0.51333
2025-02-18 16:45:00,0.52489
2025-02-18 16:50:00,0.53091
2025-02-18 16:55:00,0.52624
2025-02-18 17:00:00,0.52386
2025-02-18 17:05:00,0.52222
2025-02-18 17:10:00,0.52482
2025-02-18 17:15:00,0.52254
2025-02-18 17:20:00,0.52473
2025-02-18 17:25:00,0.51946
2025-02-18 17:30:00,0.51584
2025-02-18 17:35:00,0.52556
2025-02-18 17:40:00,0.52739
2025-02-18 17:45:00,0.52559
2025-02-18 17:50:00,0.51687
2025-02-18 17:55:00,0.53016
2025-02-18 18:00:00,0.5294
2025-02-18 18:05:00,0.52855
2025-02-18 18:10:00,0.52469
2025-02-18 18:15:00,0.52211
2025-02-18 18:20:00,0.51914
2025-02-18 18:25:00,0.52677
2025-02-18 18:30:00,0.52347
2025-02-18 18:35:00,0.52913
2025-02-18 18:40:00,0.52678
2025-02-18 18:45:00,0.52359
2025-02-18 18:50:00,0.5315
2025-02-18 18:55:00,0.52379
2025-02-18 19:00:00,0.52857
2025-02-18 19:05:00,0.53162
2025-02-18 19:10:00,0.51899
2025-02-18 19:15:00,0.52546
2025-02-18 19:20:00,0.5273
2025-02-18 19:25:00,0.53477
2025-02-18 19:30:00,0.5302
2025-02-18 19:35:00,0.53782
2025-02-18 19:40:00,0.52443
2025-02-18 19:45:00,0.52806
2025-02-18 19:50:00,0.52349
2025-02-18 19:55:00,0.5303
2025-02-18 20:00:00,0.5273
2025-02-18 20:05:00,0.53807
2025-02-18 20:10:00,0.52771
2025-02-18 20:15:00,0.52751
2025-02-18 20:20:00,0.52961
2025-02-18 20:25:00,0.52841
2025-02-18 20:30:00,0.52604
2025-02-18 20:35:00,0.52548
2025-02-18 20:40:00,0.52907
2025-02-18 20:45:00,0.53053
2025-02-18 20:50:00,0.52474
2025-02-18 20:55:00,0.53227
2025-02-18 21:00:00,0.53296
2025-02-18 21:05:00,0.5349
2025-02-18 21:10:00,0.52693
2025-02-18 21:15:00,0.53539
2025-02-18 21:20:00,0.53422
2025-02-18 21:25:00,0.52855
2025-02-18 21:30:00,0.53079
2025-02-18 21:35:00,0.52455
2025-02-18 21:40:00,0.53261
2025-02-18 21:45:00,0.52616
2025-02-18 21:50:00,0.52712
2025-02-18 21:55:00,0.53324
2025-02-18 22:00:00,0.53045
2025-02-18 22:05:00,0.53098
2025-02-18 22:10:00,0.53144
2025-02-18 22:15:00,0.53836
2025-02-18 22:20:00,0.53007
2025-02-18 22:25:00,0.53089
2025-02-18 22:30:00,0.52086
2025-02-18 22:35:00,0.52511
2025-02-18 22:40:00,0.53316
2025-02-18 22:45:00,0.52434
2025-02-18 22:50:00,0.52512
2025-02-18 22:55:00,0.52737
2025-02-18 23:00:00,0.52892
2025-02-18 23:05:00,0.52932
2025-02-18 23:10:00,0.53897
2025-02-18 23:15:00,0.5302
2025-02-18 23:20:00,0.53734
2025-02-18 23:25:00,0.52607
2025-02-18 23:30:00,0.5276
2025-02-18 23:35:00,0.52909
2025-02-18 23:40:00,0.53095
2025-02-18 23:45:00,0.52935
2025-02-18 23:50:00,0.53454
2025-02-18 23:55:00,0.528
2025-02-19 00:00:00,0.52189
2025-02-19 00:05:00,0.51686
2025-02-19 00:10:00,0.51913
2025-02-19 00:15:00,0.52297
2025-02-19 00:20:00,0.51465
2025-02-19 00:25:00,0.51968
2025-02-19 00:30:00,0.52338
2025-02-19 00:35:00,0.52493
2025-02-19 00:40:00,0.51887
2025-02-19 00:45:00,0.52668
2025-02-19 00:50:00,0.52817
2025-02-19 00:55:00,0.52341
2025-02-19 01:00:00,0.52359
2025-02-19 01:05:00,0.52434
2025-02-19 01:10:00,0.52115
2025-02-19 01:15:00,0.52536
2025-02-19 01:20:00,0.52227
2025-02-19 01:25:00,0.52063
2025-02-19 01:30:00,0.52843
2025-02-19 01:35:00,0.52735
2025-02-19 01:40:00,0.51557
2025-02-19 01:45:00,0.5187
2025-02-19 01:50:00,0.52468
2025-02-19 01:55:00,0.52119
2025-02-19 02:00:00,0.51942
2025-02-19 02:05:00,0.51913
2025-02-19 02:10:00,0.52283
2025-02-19 02:15:00,0.51892
2025-02-19 02:20:00,0.51801
2025-02-19 02:25:00,0.51719
2025-02-19 02:30:00,0.52444
2025-02-19 02:35:00,0.51369
2025-02-19 02:40:00,0.51895
2025-02-19 02:45:00,0.51735
2025-02-19 02:50:00,0.52663
2025-02-19 02:55:00,0.51649
2025-02-19 03:00:00,0.51178
2025-02-19 03:05:00,0.52151
2025-02-19 03:10:00,0.51754
2025-02-19 03:15:00,0.51732
2025-02-19 03:20:00,0.51748
2025-02-19 03:25:00,0.51462
2025-02-19 03:30:00,0.51973
2025-02-19 03:35:00,0.5144
2025-02-19 03:40:00,0.51108
2025-02-19 03:45:00,0.51483
2025-02-19 03:50:00,0.52253
2025-02-19 03:55:00,0.50923
2025-02-19 04:00:00,0.51413
2025-02-19 04:05:00,0.51843
2025-02-19 04:10:00,0.5116
2025-02-19 04:15:00,0.51519
2025-02-19 04:20:00,0.50494
2025-02-19 04:25:00,0.5132
2025-02-19 04:30:00,0.51875
2025-02-19 04:35:00,0.51103
2025-02-19 04:40:00,0.5215
2025-02-19 04:45:00,0.51484
2025-02-19 04:50:00,0.51306
2025-02-19 04:55:00,0.50526
2025-02-19 05:00:00,0.51366
2025-02-19 05:05:00,0.511
2025-02-19 05:10:00,0.50977
2025-02-19 05:15:00,0.50212
2025-02-19 05:20:00,0.51858
2025-02-19 05:25:00,0.51687
2025-02-19 05:30:00,0.51163
2025-02-19 05:35:00,0.51573
2025-02-19 05:40:00,0.51672
2025-02-19 05:45:00,0.5071
2025-02-19 05:50:00,0.50926
2025-02-19 05:55:00,0.51125
2025-02-19 06:00:00,0.51558
2025-02-19 06:05:00,0.50409
2025-02-19 06:10:00,0.50586
2025-02-19 06:15:00,0.5098
2025-02-19 06:20:00,0.51196
2025-02-19 06:25:00,0.51126
2025-02-19 06:30:00,0.50461
2025-02-19 06:35:00,0.51213
2025-02-19 06:40:00,0.51032
2025-02-19 06:45:00,0.5126
2025-02-19 06:50:00,0.51118
2025-02-19 06:55:00,0.51801
2025-02-19 07:00:00,0.50535
2025-02-19 07:05:00,0.50973
2025-02-19 07:10:00,0.5106
2025-02-19 07:15:00,0.51371
2025-02-19 07:20:00,0.51314
2025-02-19 07:25:00,0.50615
2025-02-19 07:30:00,0.51648
2025-02-19 07:35:00,0.50946
2025-02-19 07:40:00,0.50945
2025-02-19 07:45:00,0.51242
2025-02-19 07:50:00,0.5056
2025-02-19 07:55:00,0.50654
2025-02-19 08:00:00,0.50558
2025-02-19 08:05:00,0.50293
2025-02-19 08:10:00,0.50855
2025-02-19 08:15:00,0.50553
2025-02-19 08:20:00,0.50833
2025-02-19 08:25:00,0.50885
2025-02-19 08:30:00,0.50372
2025-02-19 08:35:00,0.50709
2025-02-19 08:40:00,0.50877
2025-02-19 08:45:00,0.50297
2025-02-19 08:50:00,0.50062
2025-02-19 08:55:00,0.50779
2025-02-19 09:00:00,0.50124
2025-02-19 09:05:00,0.50046
2025-02-19 09:10:00,0.5081
2025-02-19 09:15:00,0.50411
2025-02-19 09:20:00,0.50689
2025-02-19 09:25:00,0.50333
2025-02-19 09:30:00,0.50663
2025-02-19 09:35:00,0.50722
2025-02-19 09:40:00,0.50703
2025-02-19 09:45:00,0.50971
2025-02-19 09:50:00,0.49649
2025-02-19 09:55:00,0.50797
2025-02-19 10:00:00,0.50657
2025-02-19 10:05:00,0.50188
2025-02-19 10:10:00,0.50688
2025-02-19 10:15:00,0.50225
2025-02-19 10:20:00,0.50503
2025-02-19 10:25:00,0.51152
2025-02-19 10:30:00,0.50346
2025-02-19 10:35:00,0.50609
2025-02-19 10:40:00,0.50437
2025-02-19 10:45:00,0.51566
2025-02-19 10:50:00,0.50321
2025-02-19 10:55:00,0.50677
2025-02-19 11:00:00,0.50663
2025-02-19 11:05:00,0.50907
2025-02-19 11:10:00,0.50765
2025-02-19 11:15:00,0.51215
2025-02-19 11:20:00,0.50477
2025-02-19 11:25:00,0.50304
2025-02-19 11:30:00,0.50849
2025-02-19 11:35:00,0.50445
2025-02-19 11:40:00,0.50401
2025-02-19 11:45:00,0.50779
2025-02-19 11:50:00,0.50523
2025-02-19 11:55:00,0.50829
2025-02-19 12:00:00,0.50418
2025-02-19 12:05:00,0.50975
2025-02-19 12:10:00,0.5056
2025-02-19 12:15:00,0.50397
2025-02-19 12:20:00,0.50853
2025-02-19 12:25:00,0.50409
2025-02-19 12:30:00,0.5029
2025-02-19 12:35:00,0.50553
2025-02-19 12:40:00,0.50886
2025-02-19 12:45:00,0.49845
2025-02-19 12:50:00,0.50479
2025-02-19 12:55:00,0.50399
2025-02-19 13:00:00,0.51484
2025-02-19 13:05:00,0.50814
2025-02-19 13:10:00,0.51008
2025-02-19 13:15:00,0.51122
2025-02-19 13:20:00,0.49943
2025-02-19 13:25:00,0.51564
2025-02-19 13:30:00,0.51326
2025-02-19 13:35:00,0.51451
2025-02-19 13:40:00,0.50382
2025-02-19 13:45:00,0.51015
2025-02-19 13:50:00,0.50414
2025-02-19 13:55:00,0.51206
2025-02-19 14:00:00,0.50697
2025-02-19 14:05:00,0.50925
2025-02-19 14:10:00,0.50923
2025-02-19 14:15:00,0.50668
2025-02-19 14:20:00,0.50559
2025-02-19 14:25:00,0.50752
2025-02-19 14:30:00,0.51056
2025-02-19 14:35:00,0.51599
2025-02-19 14:40:00,0.51162
2025-02-19 14:45:00,0.5102
2025-02-19 14:50:00,0.51016
2025-02-19 14:55:00,0.51855
2025-02-19 15:00:00,0.50659
2025-02-19 15:05:00,0.50989
2025-02-19 15:10:00,0.52082
2025-02-19 15:15:00,0.51224
2025-02-19 15:20:00,0.5083
2025-02-19 15:25:00,0.50728
2025-02-19 15:30:00,0.51187
2025-02-19 15:35:00,0.52001
2025-02-19 15:40:00,0.52049
2025-02-19 15:45:00,0.51682
2025-02-19 15:50:00,0.51243
2025-02-19 15:55:00,0.51138
2025-02-19 16:00:00,0.51333
2025-02-19 16:05:00,0.51168
2025-02-19 16:10:00,0.51375
2025-02-19 16:15:00,0.52076
2025-02-19 16:20:00,0.51504
2025-02-19 16:25:00,0.51693
2025-02-19 16:30:00,0.51407
2025-02-19 16:35:00,0.51049
2025-02-19 16:40:00,0.51511
2025-02-19 16:45:00,0.51681
2025-02-19 16:50:00,0.51369
2025-02-19 16:55:00,0.51478
2025-02-19 17:00:00,0.51284
2025-02-19 17:05:00,0.52781
2025-02-19 17:10:00,0.51653
2025-02-19 17:15:00,0.51187
2025-02-19 17:20:00,0.5142
2025-02-19 17:25:00,0.52186
2025-02-19 17:30:00,0.51723
2025-02-19 17:35:00,0.523
2025-02-19 17:40:00,0.51179
2025-02-19 17:45:00,0.51975
2025-02-19 17:50:00,0.52149
2025-02-19 17:55:00,0.51921
2025-02-19 18:00:00,0.51211
2025-02-19 18:05:00,0.52548
2025-02-19 18:10:00,0.52212
2025-02-19 18:15:00,0.52502
2025-02-19 18:20:00,0.52162
2025-02-19 18:25:00,0.52675
2025-02-19 18:30:00,0.52878
2025-02-19 18:35:00,0.51939
2025-02-19 18:40:00,0.52113
2025-02-19 18:45:00,0.52021
2025-02-19 18:50:00,0.51608
2025-02-19 18:55:00,0.51898
2025-02-19 19:00:00,0.51945
2025-02-19 19:05:00,0.52449
2025-02-19 19:10:00,0.52035
2025-02-19 19:15:00,0.52529
2025-02-19 19:20:00,0.51885
2025-02-19 19:25:00,0.52457
2025-02-19 19:30:00,0.52466
2025-02-19 19:35:00,0.51479
2025-02-19 19:40:00,0.52112
2025-02-19 19:45:00,0.51981
2025-02-19 19:50:00,0.52163
2025-02-19 19:55:00,0.52397
2025-02-19 20:00:00,0.51653
2025-02-19 20:05:00,0.52107
2025-02-19 20:10:00,0.5251
2025-02-19 20:15:00,0.5215
2025-02-19 20:20:00,0.52536
2025-02-19 20:25:00,0.52379
2025-02-19 20:30:00,0.51732
2025-02-19 20:35:00,0.52782
2025-02-19 20:40:00,0.52775
2025-02-19 20:45:00,0.52132
2025-02-19 20:50:00,0.51981
2025-02-19 20:55:00,0.51386
2025-02-19 21:00:00,0.52129
2025-02-19 21:05:00,0.52343
2025-02-19 21:10:00,0.52987
2025-02-19 21:15:00,0.52014
2025-02-19 21:20:00,0.53153
2025-02-19 21:25:00,0.53184
2025-02-19 21:30:00,0.52188
2025-02-19 21:35:00,0.52339
2025-02-19 21:40:00,0.522
2025-02-19 21:45:00,0.53293
2025-02-19 21:50:00,0.51916
2025-02-19 21:55:00,0.52007
2025-02-19 22:00:00,0.52374
2025-02-19 22:05:00,0.52879
2025-02-19 22:10:00,0.52274
2025-02-19 22:15:00,0.52356
2025-02-19 22:20:00,0.52515
2025-02-19 22:25:00,0.52026
2025-02-19 22:30:00,0.52814
2025-02-19 22:35:00,0.52903
2025-02-19 22:40:00,0.52162
2025-02-19 22:45:00,0.53146
2025-02-19 22:50:00,0.53052
2025-02-19 22:55:00,0.52623
2025-02-19 23:00:00,0.52195
2025-02-19 23:05:00,0.52508
2025-02-19 23:10:00,0.52686
2025-02-19 23:15:00,0.52572
2025-02-19 23:20:00,0.52235
2025-02-19 23:25:00,0.52404
2025-02-19 23:30:00,0.52031
2025-02-19 23:35:00,0.52102
2025-02-19 23:40:00,0.52647
2025-02-19 23:45:00,0.52862
2025-02-19 23:50:00,0.53045
2025-02-19 23:55:00,0.5256
2025-02-20 00:00:00,0.52311
2025-02-20 00:05:00,0.52591
2025-02-20 00:10:00,0.52799
2025-02-20 00:15:00,0.52965
2025-02-20 00:20:00,0.53004
2025-02-20 00:25:00,0.52329
2025-02-20 00:30:00,0.52569
2025-02-20 00:35:00,0.52264
2025-02-20 00:40:00,0.51965
2025-02-20 00:45:00,0.53306
2025-02-20 00:50:00,0.5246
2025-02-20 00:55:00,0.52534
2025-02-20 01:00:00,0.52534
2025-02-20 01:05:00,0.51882
2025-02-20 01:10:00,0.52946
2025-02-20 01:15:00,0.52036
2025-02-20 01:20:00,0.51355
2025-02-20 01:25:00,0.52177
2025-02-20 01:30:00,0.51777
2025-02-20 01:35:00,0.52506
2025-02-20 01:40:00,0.5236
2025-02-20 01:45:00,0.52306
2025-02-20 01:50:00,0.51665
2025-02-20 01:55:00,0.52303
2025-02-20 02:00:00,0.52328
2025-02-20 02:05:00,0.52053
2025-02-20 02:10:00,0.52558
2025-02-20 02:15:00,0.51857
2025-02-20 02:20:00,0.5259
2025-02-20 02:25:00,0.51973
2025-02-20 02:30:00,0.51661
2025-02-20 02:35:00,0.51351
2025-02-20 02:40:00,0.52434
2025-02-20 02:45:00,0.51227
2025-02-20 02:50:00,0.52338
2025-02-20 02:55:00,0.52045
2025-02-20 03:00:00,0.51308
2025-02-20 03:05:00,0.51844
2025-02-20 03:10:00,0.51783
2025-02-20 03:15:00,0.51395
2025-02-20 03:20:00,0.5122
2025-02-20 03:25:00,0.5103
2025-02-20 03:30:00,0.52637
2025-02-20 03:35:00,0.51598
2025-02-20 03:40:00,0.5253
2025-02-20 03:45:00,0.5202
2025-02-20 03:50:00,0.5164
2025-02-20 03:55:00,0.51611
2025-02-20 04:00:00,0.50845
2025-02-20 04:05:00,0.51744
2025-02-20 04:10:00,0.51034
2025-02-20 04:15:00,0.51055
2025-02-20 04:20:00,0.5199
2025-02-20 04:25:00,0.51863
2025-02-20 04:30:00,0.51937
2025-02-20 04:35:00,0.51654
2025-02-20 04:40:00,0.51489
2025-02-20 04:45:00,0.514
2025-02-20 04:50:00,0.51155
2025-02-20 04:55:00,0.51459
2025-02-20 05:00:00,0.50581
2025-02-20 05:05:00,0.51079
2025-02-20 05:10:00,0.51091
2025-02-20 05:15:00,0.51605
2025-02-20 05:20:00,0.5057
2025-02-20 05:25:00,0.50836
2025-02-20 05:30:00,0.51068
2025-02-20 05:35:00,0.51294
2025-02-20 05:40:00,0.50342
2025-02-20 05:45:00,0.51294
2025-02-20 05:50:00,0.5212
2025-02-20 05:55:00,0.51189
2025-02-20 06:00:00,0.5044
2025-02-20 06:05:00,0.51518
2025-02-20 06:10:00,0.51268
2025-02-20 06:15:00,0.50459
2025-02-20 06:20:00,0.5165
2025-02-20 06:25:00,0.51191
2025-02-20 06:30:00,0.5119
2025-02-20 06:35:00,0.50483
2025-02-20 06:40:00,0.50484
2025-02-20 06:45:00,0.50663
2025-02-20 06:50:00,0.51234
2025-02-20 06:55:00,0.50959
2025-02-20 07:00:00,0.50984
2025-02-20 07:05:00,0.51374
2025-02-20 07:10:00,0.50753
2025-02-20 07:15:00,0.50652
2025-02-20 07:20:00,0.50439
2025-02-20 07:25:00,0.5007
2025-02-20 07:30:00,0.50579
2025-02-20 07:35:00,0.5054
2025-02-20 07:40:00,0.5112
2025-02-20 07:45:00,0.51282
2025-02-20 07:50:00,0.50454
2025-02-20 07:55:00,0.50713
2025-02-20 08:00:00,0.50509
2025-02-20 08:05:00,0.49787
2025-02-20 08:10:00,0.50543
2025-02-20 08:15:00,0.50309
2025-02-20 08:20:00,0.5062
2025-02-20 08:25:00,0.50319
2025-02-20 08:30:00,0.51372
2025-02-20 08:35:00,0.50877
2025-02-20 08:40:00,0.50537
2025-02-20 08:45:00,0.51205
2025-02-20 08:50:00,0.49745
2025-02-20 08:55:00,0.50172
2025-02-20 09:00:00,0.502
2025-02-20 09:05:00,0.5073
2025-02-20 09:10:00,0.5087
2025-02-20 09:15:00,0.50284
2025-02-20 09:20:00,0.5077
2025-02-20 09:25:00,0.51028
2025-02-20 09:30:00,0.49777
2025-02-20 09:35:00,0.50718
2025-02-20 09:40:00,0.50472
2025-02-20 09:45:00,0.50528
2025-02-20 09:50:00,0.49959
2025-02-20 09:55:00,0.50577
2025-02-20 10:00:00,0.50176
2025-02-20 10:05:00,0.50206
2025-02-20 10:10:00,0.50221
2025-02-20 10:15:00,0.5075
2025-02-20 10:20:00,0.50789
2025-02-20 10:25:00,0.50777
2025-02-20 10:30:00,0.49197
2025-02-20 10:35:00,0.51282
2025-02-20 10:40:00,0.51087
2025-02-20 10:45:00,0.51325
2025-02-20 10:50:00,0.5069
2025-02-20 10:55:00,0.50304
2025-02-20 11:00:00,0.50027
2025-02-20 11:05:00,0.50031
2025-02-20 11:10:00,0.50138
2025-02-20 11:15:00,0.51176
2025-02-20 11:20:00,0.50308
2025-02-20 11:25:00,0.50591
2025-02-20 11:30:00,0.50204
2025-02-20 11:35:00,0.50152
2025-02-20 11:40:00,0.50175
2025-02-20 11:45:00,0.50481
2025-02-20 11:50:00,0.50836
2025-02-20 11:55:00,0.49626
2025-02-20 12:00:00,0.50854
2025-02-20 12:05:00,0.50729
2025-02-20 12:10:00,0.50541
2025-02-20 12:15:00,0.50847
2025-02-20 12:20:00,0.50361
2025-02-20 12:25:00,0.50452
2025-02-20 12:30:00,0.50857
2025-02-20 12:35:00,0.50579
2025-02-20 12:40:00,0.50487
2025-02-20 12:45:00,0.49684
2025-02-20 12:50:00,0.50123
2025-02-20 12:55:00,0.5077
2025-02-20 13:00:00,0.50788
2025-02-20 13:05:00,0.50953
2025-02-20 13:10:00,0.50942
2025-02-20 13:15:00,0.50738
2025-02-20 13:20:00,0.51088
2025-02-20 13:25:00,0.5104
2025-02-20 13:30:00,0.49926
2025-02-20 13:35:00,0.50258
2025-02-20 13:40:00,0.50425
2025-02-20 13:45:00,0.50716
2025-02-20 13:50:00,0.504
2025-02-20 13:55:00,0.51452
2025-02-20 14:00:00,0.50482
2025-02-20 14:05:00,0.50551
2025-02-20 14:10:00,0.51113
2025-02-20 14:15:00,0.50909
2025-02-20 14:20:00,0.50883
2025-02-20 14:25:00,0.50922
2025-02-20 14:30:00,0.51066
2025-02-20 14:35:00,0.51609
2025-02-20 14:40:00,0.51237
2025-02-20 14:45:00,0.51157
2025-02-20 14:50:00,0.51138
2025-02-20 14:55:00,0.50739
2025-02-20 15:00:00,0.51337
2025-02-20 15:05:00,0.51092
2025-02-20 15:10:00,0.51362
2025-02-20 15:15:00,0.51811
2025-02-20 15:20:00,0.51285
2025-02-20 15:25:00,0.51782
2025-02-20 15:30:00,0.51184
2025-02-20 15:35:00,0.50626
2025-02-20 15:40:00,0.51478
2025-02-20 15:45:00,0.51423
2025-02-20 15:50:00,0.51988
2025-02-20 15:55:00,0.51411
2025-02-20 16:00:00,0.50938
2025-02-20 16:05:00,0.50671
2025-02-20 16:10:00,0.52377
2025-02-20 16:15:00,0.50917
2025-02-20 16:20:00,0.50999
2025-02-20 16:25:00,0.50596
2025-02-20 16:30:00,0.51553
2025-02-20 16:35:00,0.51502
2025-02-20 16:40:00,0.52256
2025-02-20 16:45:00,0.51299
2025-02-20 16:50:00,0.51313
2025-02-20 16:55:00,0.50883
2025-02-20 17:00:00,0.51735
2025-02-20 17:05:00,0.52216
2025-02-20 17:10:00,0.51897
2025-02-20 17:15:00,0.51908
2025-02-20 17:20:00,0.51372
2025-02-20 17:25:00,0.52095
2025-02-20 17:30:00,0.5146
2025-02-20 17:35:00,0.5195
2025-02-20 17:40:00,0.52326
2025-02-20 17:45:00,0.51442
2025-02-20 17:50:00,0.52012
2025-02-20 17:55:00,0.51382
2025-02-20 18:00:00,0.52434
2025-02-20 18:05:00,0.51782
2025-02-20 18:10:00,0.52405
2025-02-20 18:15:00,0.52366
2025-02-20 18:20:00,0.51464
2025-02-20 18:25:00,0.52239
2025-02-20 18:30:00,0.51647
2025-02-20 18:35:00,0.5203
2025-02-20 18:40:00,0.51868
2025-02-20 18:45:00,0.52379
2025-02-20 18:50:00,0.52717
2025-02-20 18:55:00,0.51624
2025-02-20 19:00:00,0.51956
2025-02-20 19:05:00,0.52615
2025-02-20 19:10:00,0.52199
2025-02-20 19:15:00,0.52138
2025-02-20 19:20:00,0.51381
2025-02-20 19:25:00,0.51672
2025-02-20 19:30:00,0.52974
2025-02-20 19:35:00,0.52261
2025-02-20 19:40:00,0.52019
2025-02-20 19:45:00,0.5224
2025-02-20 19:50:00,0.52015
2025-02-20 19:55:00,0.51677
2025-02-20 20:00:00,0.5235
2025-02-20 20:05:00,0.52643
2025-02-20 20:10:00,0.53101
2025-02-20 20:15:00,0.52119
2025-02-20 20:20:00,0.5319
2025-02-20 20:25:00,0.5182
2025-02-20 20:30:00,0.52105
2025-02-20 20:35:00,0.51698
2025-02-20 20:40:00,0.51595
2025-02-20 20:45:00,0.51735
2025-02-20 20:50:00,0.51888
2025-02-20 20:55:00,0.52468
2025-02-20 21:00:00,0.52573
2025-02-20 21:05:00,0.52836
2025-02-20 21:10:00,0.522
2025-02-20 21:15:00,0.52975
2025-02-20 21:20:00,0.52204
2025-02-20 21:25:00,0.52392
2025-02-20 21:30:00,0.52076
2025-02-20 21:35:00,0.52604
2025-02-20 21:40:00,0.52949
2025-02-20 21:45:00,0.53133
2025-02-20 21:50:00,0.52243
2025-02-20 21:55:00,0.52542
2025-02-20 22:00:00,0.51638
2025-02-20 22:05:00,0.5278
2025-02-20 22:10:00,0.52427
2025-02-20 22:15:00,0.52825
2025-02-20 22:20:00,0.52069
2025-02-20 22:25:00,0.51897
2025-02-20 22:30:00,0.51726
2025-02-20 22:35:00,0.52316
2025-02-20 22:40:00,0.52131
2025-02-20 22:45:00,0.52829
2025-02-20 22:50:00,0.53216
2025-02-20 22:55:00,0.53147
2025-02-20 23:00:00,0.52059
2025-02-20 23:05:00,0.52477
2025-02-20 23:10:00,0.52336
2025-02-20 23:15:00,0.52642
2025-02-20 23:20:00,0.52916
2025-02-20 23:25:00,0.5199
2025-02-20 23:30:00,0.51831
2025-02-20 23:35:00,0.53118
2025-02-20 23:40:00,0.53291
2025-02-20 23:45:00,0.52179
2025-02-20 23:50:00,0.52003
2025-02-20 23:55:00,0.52706
2025-02-21 00:00:00,0.52372
2025-02-21 00:05:00,0.5261
2025-02-21 00:10:00,0.52123
2025-02-21 00:15:00,0.5244
2025-02-21 00:20:00,0.52692
2025-02-21 00:25:00,0.51924
2025-02-21 00:30:00,0.52322
2025-02-21 00:35:00,0.52657
2025-02-21 00:40:00,0.52708
2025-02-21 00:45:00,0.51666
2025-02-21 00:50:00,0.52357
2025-02-21 00:55:00,0.52663
2025-02-21 01:00:00,0.52224
2025-02-21 01:05:00,0.52255
2025-02-21 01:10:00,0.52793
2025-02-21 01:15:00,0.52266
2025-02-21 01:20:00,0.51393
2025-02-21 01:25:00,0.51994
2025-02-21 01:30:00,0.52552
2025-02-21 01:35:00,0.52364
2025-02-21 01:40:00,0.52393
2025-02-21 01:45:00,0.51893
2025-02-21 01:50:00,0.5197
2025-02-21 01:55:00,0.51783
2025-02-21 02:00:00,0.51823
2025-02-21 02:05:00,0.51911
2025-02-21 02:10:00,0.5222
2025-02-21 02:15:00,0.51437
2025-02-21 02:20:00,0.51538
2025-02-21 02:25:00,0.52099
2025-02-21 02:30:00,0.52078
2025-02-21 02:35:00,0.52008
2025-02-21 02:40:00,0.51615
2025-02-21 02:45:00,0.52007
2025-02-21 02:50:00,0.52615
2025-02-21 02:55:00,0.52647
2025-02-21 03:00:00,0.51476
2025-02-21 03:05:00,0.51086
2025-02-21 03:10:00,0.52229
2025-02-21 03:15:00,0.51905
2025-02-21 03:20:00,0.5213
2025-02-21 03:25:00,0.52226
2025-02-21 03:30:00,0.51547
2025-02-21 03:35:00,0.51979
2025-02-21 03:40:00,0.51688
2025-02-21 03:45:00,0.51945
2025-02-21 03:50:00,0.51443
2025-02-21 03:55:00,0.51826
2025-02-21 04:00:00,0.51594
2025-02-21 04:05:00,0.51981
2025-02-21 04:10:00,0.52006
2025-02-21 04:15:00,0.51615
2025-02-21 04:20:00,0.51439
2025-02-21 04:25:00,0.51794
2025-02-21 04:30:00,0.51629
2025-02-21 04:35:00,0.51447
2025-02-21 04:40:00,0.50806
2025-02-21 04:45:00,0.52242
2025-02-21 04:50:00,0.51906
2025-02-21 04:55:00,0.51605
2025-02-21 05:00:00,0.51193
2025-02-21 05:05:00,0.5118
2025-02-21 05:10:00,0.51062
2025-02-21 05:15:00,0.51352
2025-02-21 05:20:00,0.51101
2025-02-21 05:25:00,0.51077
2025-02-21 05:30:00,0.51233
2025-02-21 05:35:00,0.51027
2025-02-21 05:40:00,0.50622
2025-02-21 05:45:00,0.50884
2025-02-21 05:50:00,0.50657
2025-02-21 05:55:00,0.50358
2025-02-21 06:00:00,0.50632
2025-02-21 06:05:00,0.51095
2025-02-21 06:10:00,0.51105
2025-02-21 06:15:00,0.5112
2025-02-21 06:20:00,0.50915
2025-02-21 06:25:00,0.50382
2025-02-21 06:30:00,0.50972
2025-02-21 06:35:00,0.50281
2025-02-21 06:40:00,0.51265
2025-02-21 06:45:00,0.51159
2025-02-21 06:50:00,0.51326
2025-02-21 06:55:00,0.50392
2025-02-21 07:00:00,0.51574
2025-02-21 07:05:00,0.5164
2025-02-21 07:10:00,0.50379
2025-02-21 07:15:00,0.51043
2025-02-21 07:20:00,0.51097
2025-02-21 07:25:00,0.50724
2025-02-21 07:30:00,0.50261
2025-02-21 07:35:00,0.50452
2025-02-21 07:40:00,0.50022
2025-02-21 07:45:00,0.5086
2025-02-21 07:50:00,0.50461
2025-02-21 07:55:00,0.50581
2025-02-21 08:00:00,0.50858
2025-02-21 08:05:00,0.50391
2025-02-21 08:10:00,0.50596
2025-02-21 08:15:00,0.50247
2025-02-21 08:20:00,0.49721
2025-02-21 08:25:00,0.51007
2025-02-21 08:30:00,0.51057
2025-02-21 08:35:00,0.50146
2025-02-21 08:40:00,0.5051
2025-02-21 08:45:00,0.50372
2025-02-21 08:50:00,0.50503
2025-02-21 08:55:00,0.50105
2025-02-21 09:00:00,0.50995
2025-02-21 09:05:00,0.49971
2025-02-21 09:10:00,0.50068
2025-02-21 09:15:00,0.50502
2025-02-21 09:20:00,0.50435
2025-02-21 09:25:00,0.50096
2025-02-21 09:30:00,0.50232
2025-02-21 09:35:00,0.50698
2025-02-21 09:40:00,0.50479
2025-02-21 09:45:00,0.51108
2025-02-21 09:50:00,0.50502
2025-02-21 09:55:00,0.5011
2025-02-21 10:00:00,0.50775
2025-02-21 10:05:00,0.50615
2025-02-21 10:10:00,0.502
2025-02-21 10:15:00,0.50865
2025-02-21 10:20:00,0.5067
2025-02-21 10:25:00,0.50613
2025-02-21 10:30:00,0.50868
2025-02-21 10:35:00,0.50104
2025-02-21 10:40:00,0.50054
2025-02-21 10:45:00,0.5013
2025-02-21 10:50:00,0.50756
2025-02-21 10:55:00,0.50923
2025-02-21 11:00:00,0.50842
2025-02-21 11:05:00,0.50636
2025-02-21 11:10:00,0.5069
2025-02-21 11:15:00,0.5058
2025-02-21 11:20:00,0.50119
2025-02-21 11:25:00,0.50656
2025-02-21 11:30:00,0.50634
2025-02-21 11:35:00,0.50406
2025-02-21 11:40:00,0.50088
2025-02-21 11:45:00,0.50428
2025-02-21 11:50:00,0.50651
2025-02-21 11:55:00,0.50112
2025-02-21 12:00:00,0.51198
2025-02-21 12:05:00,0.51103
2025-02-21 12:10:00,0.50316
2025-02-21 12:15:00,0.51009
2025-02-21 12:20:00,0.5136
2025-02-21 12:25:00,0.50413
2025-02-21 12:30:00,0.50658
2025-02-21 12:35:00,0.51349
2025-02-21 12:40:00,0.5028
2025-02-21 12:45:00,0.51087
2025-02-21 12:50:00,0.49922
2025-02-21 12:55:00,0.51319
2025-02-21 13:00:00,0.50474
2025-02-21 13:05:00,0.50667
2025-02-21 13:10:00,0.50761
2025-02-21 13:15:00,0.50676
2025-02-21 13:20:00,0.5042
2025-02-21 13:25:00,0.50249
2025-02-21 13:30:00,0.51452
2025-02-21 13:35:00,0.50672
2025-02-21 13:40:00,0.50774
2025-02-21 13:45:00,0.50862
2025-02-21 13:50:00,0.5069
2025-02-21 13:55:00,0.51042
2025-02-21 14:00:00,0.50283
2025-02-21 14:05:00,0.50321
2025-02-21 14:10:00,0.50754
2025-02-21 14:15:00,0.5146
2025-02-21 14:20:00,0.50604
2025-02-21 14:25:00,0.50948
2025-02-21 14:30:00,0.50933
2025-02-21 14:35:00,0.51013
2025-02-21 14:40:00,0.51012
2025-02-21 14:45:00,0.51007
2025-02-21 14:50:00,0.51024
2025-02-21 14:55:00,0.50912
2025-02-21 15:00:00,0.51433
2025-02-21 15:05:00,0.51732
2025-02-21 15:10:00,0.50317
2025-02-21 15:15:00,0.51105
2025-02-21 15:20:00,0.50938
2025-02-21 15:25:00,0.51358
2025-02-21 15:30:00,0.51663
2025-02-21 15:35:00,0.51046
2025-02-21 15:40:00,0.51309
2025-02-21 15:45:00,0.51528
2025-02-21 15:50:00,0.50424
2025-02-21 15:55:00,0.51317
2025-02-21 16:00:00,0.522
2025-02-21 16:05:00,0.51532
2025-02-21 16:10:00,0.51356
2025-02-21 16:15:00,0.51151
2025-02-21 16:20:00,0.50961
2025-02-21 16:25:00,0.51682
2025-02-21 16:30:00,0.51469
2025-02-21 16:35:00,0.51386
2025-02-21 16:40:00,0.51419
2025-02-21 16:45:00,0.51539
2025-02-21 16:50:00,0.50896
2025-02-21 16:55:00,0.51621
2025-02-21 17:00:00,0.5149
2025-02-21 17:05:00,0.51917
2025-02-21 17:10:00,0.51924
2025-02-21 17:15:00,0.51975
2025-02-21 17:20:00,0.51554
2025-02-21 17:25:00,0.51706
2025-02-21 17:30:00,0.51382
2025-02-21 17:35:00,0.52126
2025-02-21 17:40:00,0.51734
2025-02-21 17:45:00,0.52591
2025-02-21 17:50:00,0.52481
2025-02-21 17:55:00,0.51235
2025-02-21 18:00:00,0.52252
2025-02-21 18:05:00,0.5137
2025-02-21 18:10:00,0.51753
2025-02-21 18:15:00,0.51149
2025-02-21 18:20:00,0.51655
2025-02-21 18:25:00,0.51944
2025-02-21 18:30:00,0.51939
2025-02-21 18:35:00,0.52343
2025-02-21 18:40:00,0.52129
2025-02-21 18:45:00,0.51874
2025-02-21 18:50:00,0.51757
2025-02-21 18:55:00,0.51626
2025-02-21 19:00:00,0.51813
2025-02-21 19:05:00,0.52548
2025-02-21 19:10:00,0.52287
2025-02-21 19:15:00,0.51885
2025-02-21 19:20:00,0.51955
2025-02-21 19:25:00,0.52934
2025-02-21 19:30:00,0.52796
2025-02-21 19:35:00,0.52146
2025-02-21 19:40:00,0.52164
2025-02-21 19:45:00,0.51998
2025-02-21 19:50:00,0.51674
2025-02-21 19:55:00,0.52482
2025-02-21 20:00:00,0.51586
2025-02-21 20:05:00,0.52021
2025-02-21 20:10:00,0.52331
2025-02-21 20:15:00,0.51982
2025-02-21 20:20:00,0.52371
2025-02-21 20:25:00,0.52022
2025-02-21 20:30:00,0.52151
2025-02-21 20:35:00,0.52044
2025-02-21 20:40:00,0.52697
2025-02-21 20:45:00,0.52114
2025-02-21 20:50:00,0.53001
2025-02-21 20:55:00,0.51867
2025-02-21 21:00:00,0.52922
2025-02-21 21:05:00,0.51363
2025-02-21 21:10:00,0.52506
2025-02-21 21:15:00,0.52172
2025-02-21 21:20:00,0.52339
2025-02-21 21:25:00,0.52813
2025-02-21 21:30:00,0.52436
2025-02-21 21:35:00,0.52527
2025-02-21 21:40:00,0.52922
2025-02-21 21:45:00,0.51963
2025-02-21 21:50:00,0.52781
2025-02-21 21:55:00,0.5218
2025-02-21 22:00:00,0.52586
2025-02-21 22:05:00,0.52543
2025-02-21 22:10:00,0.52698
2025-02-21 22:15:00,0.52952
2025-02-21 22:20:00,0.52994
2025-02-21 22:25:00,0.52349
2025-02-21 22:30:00,0.52517
2025-02-21 22:35:00,0.51944
2025-02-21 22:40:00,0.5263
2025-02-21 22:45:00,0.52261
2025-02-21 22:50:00,0.52326
2025-02-21 22:55:00,0.51753
2025-02-21 23:00:00,0.52021
2025-02-21 23:05:00,0.52247
2025-02-21 23:10:00,0.52166
2025-02-21 23:15:00,0.52607
2025-02-21 23:20:00,0.52733
2025-02-21 23:25:00,0.52661
2025-02-21 23:30:00,0.52654
2025-02-21 23:35:00,0.52405
2025-02-21 23:40:00,0.52049
2025-02-21 23:45:00,0.52486
2025-02-21 23:50:00,0.52615
2025-02-21 23:55:00,0.52619
2025-02-22 00:00:00,0.52233
2025-02-22 00:05:00,0.51642
2025-02-22 00:10:00,0.52276
2025-02-22 00:15:00,0.52656
2025-02-22 00:20:00,0.53198
2025-02-22 00:25:00,0.52582
2025-02-22 00:30:00,0.52053
2025-02-22 00:35:00,0.52313
2025-02-22 00:40:00,0.52304
2025-02-22 00:45:00,0.52797
2025-02-22 00:50:00,0.51879
2025-02-22 00:55:00,0.52561
2025-02-22 01:00:00,0.52874
2025-02-22 01:05:00,0.51763
2025-02-22 01:10:00,0.51925
2025-02-22 01:15:00,0.52322
2025-02-22 01:20:00,0.52268
2025-02-22 01:25:00,0.52
2025-02-22 01:30:00,0.52618
2025-02-22 01:35:00,0.52487
2025-02-22 01:40:00,0.52435
2025-02-22 01:45:00,0.51861
2025-02-22 01:50:00,0.5202
2025-02-22 01:55:00,0.51759
2025-02-22 02:00:00,0.51855
2025-02-22 02:05:00,0.51493
2025-02-22 02:10:00,0.52006
2025-02-22 02:15:00,0.51842
2025-02-22 02:20:00,0.5261
2025-02-22 02:25:00,0.52289
2025-02-22 02:30:00,0.51671
2025-02-22 02:35:00,0.52086
2025-02-22 02:40:00,0.52473
2025-02-22 02:45:00,0.52051
2025-02-22 02:50:00,0.51697
2025-02-22 02:55:00,0.52785
2025-02-22 03:00:00,0.52047
2025-02-22 03:05:00,0.52103
2025-02-22 03:10:00,0.52231
2025-02-22 03:15:00,0.50755
2025-02-22 03:20:00,0.51226
2025-02-22 03:25:00,0.52111
2025-02-22 03:30:00,0.51492
2025-02-22 03:35:00,0.51878
2025-02-22 03:40:00,0.52279
2025-02-22 03:45:00,0.51558
2025-02-22 03:50:00,0.52553
2025-02-22 03:55:00,0.51752
2025-02-22 04:00:00,0.51103
2025-02-22 04:05:00,0.5072
2025-02-22 04:10:00,0.51322
2025-02-22 04:15:00,0.519
2025-02-22 04:20:00,0.50334
2025-02-22 04:25:00,0.51245
2025-02-22 04:30:00,0.51152
2025-02-22 04:35:00,0.51068
2025-02-22 04:40:00,0.51111
2025-02-22 04:45:00,0.51715
2025-02-22 04:50:00,0.51135
2025-02-22 04:55:00,0.52616
2025-02-22 05:00:00,0.50943
2025-02-22 05:05:00,0.51053
2025-02-22 05:10:00,0.50864
2025-02-22 05:15:00,0.51144
2025-02-22 05:20:00,0.51135
2025-02-22 05:25:00,0.51043
2025-02-22 05:30:00,0.51096
2025-02-22 05:35:00,0.51031
2025-02-22 05:40:00,0.51005
2025-02-22 05:45:00,0.51815
2025-02-22 05:50:00,0.51466
2025-02-22 05:55:00,0.51959
2025-02-22 06:00:00,0.50238
2025-02-22 06:05:00,0.51068
2025-02-22 06:10:00,0.50832
2025-02-22 06:15:00,0.50943
2025-02-22 06:20:00,0.51513
2025-02-22 06:25:00,0.50762
2025-02-22 06:30:00,0.5067
2025-02-22 06:35:00,0.5103
2025-02-22 06:40:00,0.5057
2025-02-22 06:45:00,0.51135
2025-02-22 06:50:00,0.5131
2025-02-22 06:55:00,0.50109
2025-02-22 07:00:00,0.51425
2025-02-22 07:05:00,0.50412
2025-02-22 07:10:00,0.51346
2025-02-22 07:15:00,0.50625
2025-02-22 07:20:00,0.50281
2025-02-22 07:25:00,0.50433
2025-02-22 07:30:00,0.50837
2025-02-22 07:35:00,0.50265
2025-02-22 07:40:00,0.50802
2025-02-22 07:45:00,0.50539
2025-02-22 07:50:00,0.50565
2025-02-22 07:55:00,0.51026
2025-02-22 08:00:00,0.50515
2025-02-22 08:05:00,0.51172
2025-02-22 08:10:00,0.50574
2025-02-22 08:15:00,0.50344
2025-02-22 08:20:00,0.50822
2025-02-22 08:25:00,0.50882
2025-02-22 08:30:00,0.50213
2025-02-22 08:35:00,0.50335
2025-02-22 08:40:00,0.5079
2025-02-22 08:45:00,0.50606
2025-02-22 08:50:00,0.50408
2025-02-22 08:55:00,0.50766
2025-02-22 09:00:00,0.50212
2025-02-22 09:05:00,0.50098
2025-02-22 09:10:00,0.49762
2025-02-22 09:15:00,0.5039
2025-02-22 09:20:00,0.5039
2025-02-22 09:25:00,0.49151
2025-02-22 09:30:00,0.50785
2025-02-22 09:35:00,0.50606
2025-02-22 09:40:00,0.50623
2025-02-22 09:45:00,0.50135
2025-02-22 09:50:00,0.50393
2025-02-22 09:55:00,0.50596
2025-02-22 10:00:00,0.50607
2025-02-22 10:05:00,0.50374
2025-02-22 10:10:00,0.50909
2025-02-22 10:15:00,0.50237
2025-02-22 10:20:00,0.50167
2025-02-22 10:25:00,0.50332
2025-02-22 10:30:00,0.50789
2025-02-22 10:35:00,0.51323
2025-02-22 10:40:00,0.50677
2025-02-22 10:45:00,0.50385
2025-02-22 10:50:00,0.50414
2025-02-22 10:55:00,0.50738
2025-02-22 11:00:00,0.50651
2025-02-22 11:05:00,0.50266
2025-02-22 11:10:00,0.49711
2025-02-22 11:15:00,0.50533
2025-02-22 11:20:00,0.50237
2025-02-22 11:25:00,0.50706
2025-02-22 11:30:00,0.50654
2025-02-22 11:35:00,0.50818
2025-02-22 11:40:00,0.50568
2025-02-22 11:45:00,0.51157
2025-02-22 11:50:00,0.51193
2025-02-22 11:55:00,0.50964
2025-02-22 12:00:00,0.50693
2025-02-22 12:05:00,0.51463
2025-02-22 12:10:00,0.49856
2025-02-22 12:15:00,0.51186
2025-02-22 12:20:00,0.50379
2025-02-22 12:25:00,0.50868
2025-02-22 12:30:00,0.50879
2025-02-22 12:35:00,0.50461
2025-02-22 12:40:00,0.51215
2025-02-22 12:45:00,0.50744
2025-02-22 12:50:00,0.50744
2025-02-22 12:55:00,0.50751
2025-02-22 13:00:00,0.50853
2025-02-22 13:05:00,0.51169
2025-02-22 13:10:00,0.50229
2025-02-22 13:15:00,0.51642
2025-02-22 13:20:00,0.50797
2025-02-22 13:25:00,0.50293
2025-02-22 13:30:00,0.50249
2025-02-22 13:35:00,0.50888
2025-02-22 13:40:00,0.51212
2025-02-22 13:45:00,0.51092
2025-02-22 13:50:00,0.50185
2025-02-22 13:55:00,0.5081
2025-02-22 14:00:00,0.51206
2025-02-22 14:05:00,0.50774
2025-02-22 14:10:00,0.51041
2025-02-22 14:15:00,0.51184
2025-02-22 14:20:00,0.51462
2025-02-22 14:25:00,0.50709
2025-02-22 14:30:00,0.51351
2025-02-22 14:35:00,0.50941
2025-02-22 14:40:00,0.5106
2025-02-22 14:45:00,0.51252
2025-02-22 14:50:00,0.51021
2025-02-22 14:55:00,0.5046
2025-02-22 15:00:00,0.51613
2025-02-22 15:05:00,0.51292
2025-02-22 15:10:00,0.516
2025-02-22 15:15:00,0.51193
2025-02-22 15:20:00,0.51483
2025-02-22 15:25:00,0.50869
2025-02-22 15:30:00,0.51299
2025-02-22 15:35:00,0.51256
2025-02-22 15:40:00,0.51602
2025-02-22 15:45:00,0.51252
2025-02-22 15:50:00,0.513
2025-02-22 15:55:00,0.5162
2025-02-22 16:00:00,0.51744
2025-02-22 16:05:00,0.51842
2025-02-22 16:10:00,0.51264
2025-02-22 16:15:00,0.5167
2025-02-22 16:20:00,0.51194
2025-02-22 16:25:00,0.5157
2025-02-22 16:30:00,0.516
2025-02-22 16:35:00,0.51183
2025-02-22 16:40:00,0.51499
2025-02-22 16:45:00,0.5158
2025-02-22 16:50:00,0.51385
2025-02-22 16:55:00,0.51182
2025-02-22 17:00:00,0.5132
2025-02-22 17:05:00,0.51262
2025-02-22 17:10:00,0.51729
2025-02-22 17:15:00,0.51029
2025-02-22 17:20:00,0.51963
2025-02-22 17:25:00,0.5237
2025-02-22 17:30:00,0.51269
2025-02-22 17:35:00,0.5123
2025-02-22 17:40:00,0.52345
2025-02-22 17:45:00,0.51404
2025-02-22 17:50:00,0.51292
2025-02-22 17:55:00,0.52651
2025-02-22 18:00:00,0.51486
2025-02-22 18:05:00,0.51211
2025-02-22 18:10:00,0.51408
2025-02-22 18:15:00,0.51819
2025-02-22 18:20:00,0.52149
2025-02-22 18:25:00,0.52106
2025-02-22 18:30:00,0.51225
2025-02-22 18:35:00,0.52149
2025-02-22 18:40:00,0.52005
2025-02-22 18:45:00,0.52386
2025-02-22 18:50:00,0.52336
2025-02-22 18:55:00,0.51786
2025-02-22 19:00:00,0.52088
2025-02-22 19:05:00,0.51845
2025-02-22 19:10:00,0.52293
2025-02-22 19:15:00,0.53228
2025-02-22 19:20:00,0.52377
2025-02-22 19:25:00,0.52167
2025-02-22 19:30:00,0.52705
2025-02-22 19:35:00,0.53199
2025-02-22 19:40:00,0.51356
2025-02-22 19:45:00,0.52249
2025-02-22 19:50:00,0.52148
2025-02-22 19:55:00,0.52052
2025-02-22 20:00:00,0.52889
2025-02-22 20:05:00,0.52041
2025-02-22 20:10:00,0.52752
2025-02-22 20:15:00,0.5241
2025-02-22 20:20:00,0.52084
2025-02-22 20:25:00,0.51847
2025-02-22 20:30:00,0.52638
2025-02-22 20:35:00,0.52985
2025-02-22 20:40:00,0.52474
2025-02-22 20:45:00,0.52756
2025-02-22 20:50:00,0.52295
2025-02-22 20:55:00,0.53382
2025-02-22 21:00:00,0.52385
2025-02-22 21:05:00,0.52628
2025-02-22 21:10:00,0.53006
2025-02-22 21:15:00,0.52693
2025-02-22 21:20:00,0.52349
2025-02-22 21:25:00,0.52508
2025-02-22 21:30:00,0.52772
2025-02-22 21:35:00,0.52329
2025-02-22 21:40:00,0.52602
2025-02-22 21:45:00,0.52207
2025-02-22 21:50:00,0.52383
2025-02-22 21:55:00,0.5298
2025-02-22 22:00:00,0.52501
2025-02-22 22:05:00,0.52091
2025-02-22 22:10:00,0.5272
2025-02-22 22:15:00,0.52415
2025-02-22 22:20:00,0.52784
2025-02-22 22:25:00,0.52596
2025-02-22 22:30:00,0.52473
2025-02-22 22:35:00,0.52498
2025-02-22 22:40:00,0.52341
2025-02-22 22:45:00,0.52119
2025-02-22 22:50:00,0.52902
2025-02-22 22:55:00,0.52598
2025-02-22 23:00:00,0.52654
2025-02-22 23:05:00,0.53267
2025-02-22 23:10:00,0.52422
2025-02-22 23:15:00,0.51918
2025-02-22 23:20:00,0.52658
2025-02-22 23:25:00,0.52522
2025-02-22 23:30:00,0.52887
2025-02-22 23:35:00,0.52715
2025-02-22 23:40:00,0.52452
2025-02-22 23:45:00,0.52169
2025-02-22 23:50:00,0.52905
2025-02-22 23:55:00,0.52528
2025-02-23 00:00:00,0.52529
2025-02-23 00:05:00,0.52997
2025-02-23 00:10:00,0.52366
2025-02-23 00:15:00,0.52435
2025-02-23 00:20:00,0.52573
2025-02-23 00:25:00,0.52282
2025-02-23 00:30:00,0.5312
2025-02-23 00:35:00,0.52515
2025-02-23 00:40:00,0.53368
2025-02-23 00:45:00,0.52768
2025-02-23 00:50:00,0.52548
2025-02-23 00:55:00,0.52421
2025-02-23 01:00:00,0.52786
2025-02-23 01:05:00,0.5244
2025-02-23 01:10:00,0.52401
2025-02-23 01:15:00,0.52502
2025-02-23 01:20:00,0.51423
2025-02-23 01:25:00,0.52207
2025-02-23 01:30:00,0.51923
2025-02-23 01:35:00,0.52368
2025-02-23 01:40:00,0.52572
2025-02-23 01:45:00,0.52491
2025-02-23 01:50:00,0.52109
2025-02-23 01:55:00,0.52128
2025-02-23 02:00:00,0.52324
2025-02-23 02:05:00,0.51961
2025-02-23 02:10:00,0.51791
2025-02-23 02:15:00,0.52347
2025-02-23 02:20:00,0.52058
2025-02-23 02:25:00,0.5182
2025-02-23 02:30:00,0.52048
2025-02-23 02:35:00,0.52199
2025-02-23 02:40:00,0.52086
2025-02-23 02:45:00,0.51274
2025-02-23 02:50:00,0.52498
2025-02-23 02:55:00,0.5179
2025-02-23 03:00:00,0.51585
2025-02-23 03:05:00,0.51398
2025-02-23 03:10:00,0.52234
2025-02-23 03:15:00,0.52125
2025-02-23 03:20:00,0.52034
2025-02-23 03:25:00,0.51603
2025-02-23 03:30:00,0.5231
2025-02-23 03:35:00,0.51691
2025-02-23 03:40:00,0.51095
2025-02-23 03:45:00,0.51992
2025-02-23 03:50:00,0.51717
2025-02-23 03:55:00,0.51051
2025-02-23 04:00:00,0.52089
2025-02-23 04:05:00,0.51394
2025-02-23 04:10:00,0.51148
2025-02-23 04:15:00,0.51551
2025-02-23 04:20:00,0.5155
2025-02-23 04:25:00,0.51579
2025-02-23 04:30:00,0.50992
2025-02-23 04:35:00,0.51553
2025-02-23 04:40:00,0.51956
2025-02-23 04:45:00,0.51382
2025-02-23 04:50:00,0.50852
2025-02-23 04:55:00,0.52006
2025-02-23 05:00:00,0.51268
2025-02-23 05:05:00,0.51544
2025-02-23 05:10:00,0.50844
2025-02-23 05:15:00,0.50901
2025-02-23 05:20:00,0.50938
2025-02-23 05:25:00,0.51167
2025-02-23 05:30:00,0.5123
2025-02-23 05:35:00,0.51738
2025-02-23 05:40:00,0.51202
2025-02-23 05:45:00,0.50955
2025-02-23 05:50:00,0.52289
2025-02-23 05:55:00,0.50899
2025-02-23 06:00:00,0.5119
2025-02-23 06:05:00,0.5095
2025-02-23 06:10:00,0.502
2025-02-23 06:15:00,0.51093
2025-02-23 06:20:00,0.51372
2025-02-23 06:25:00,0.51295
2025-02-23 06:30:00,0.5099
2025-02-23 06:35:00,0.51245
2025-02-23 06:40:00,0.50896
2025-02-23 06:45:00,0.50434
2025-02-23 06:50:00,0.51214
2025-02-23 06:55:00,0.50434
2025-02-23 07:00:00,0.51086
2025-02-23 07:05:00,0.51202
2025-02-23 07:10:00,0.50399
2025-02-23 07:15:00,0.51047
2025-02-23 07:20:00,0.51419
2025-02-23 07:25:00,0.50341
2025-02-23 07:30:00,0.50893
2025-02-23 07:35:00,0.50174
2025-02-23 07:40:00,0.51111
2025-02-23 07:45:00,0.50539
2025-02-23 07:50:00,0.50574
2025-02-23 07:55:00,0.50888
2025-02-23 08:00:00,0.50342
2025-02-23 08:05:00,0.50997
2025-02-23 08:10:00,0.5061
2025-02-23 08:15:00,0.49842
2025-02-23 08:20:00,0.50757
2025-02-23 08:25:00,0.50831
2025-02-23 08:30:00,0.50797
2025-02-23 08:35:00,0.50376
2025-02-23 08:40:00,0.50421
2025-02-23 08:45:00,0.50358
2025-02-23 08:50:00,0.5002
2025-02-23 08:55:00,0.50853
2025-02-23 09:00:00,0.50465
2025-02-23 09:05:00,0.49776
2025-02-23 09:10:00,0.50336
2025-02-23 09:15:00,0.50112
2025-02-23 09:20:00,0.50605
2025-02-23 09:25:00,0.49539
2025-02-23 09:30:00,0.49781
2025-02-23 09:35:00,0.50423
2025-02-23 09:40:00,0.50427
2025-02-23 09:45:00,0.50635
2025-02-23 09:50:00,0.49803
2025-02-23 09:55:00,0.49848
2025-02-23 10:00:00,0.5102
2025-02-23 10:05:00,0.50455
2025-02-23 10:10:00,0.50939
2025-02-23 10:15:00,0.50459
2025-02-23 10:20:00,0.50102
2025-02-23 10:25:00,0.50335
2025-02-23 10:30:00,0.50859
2025-02-23 10:35:00,0.50031
2025-02-23 10:40:00,0.50414
2025-02-23 10:45:00,0.50781
2025-02-23 10:50:00,0.50039
2025-02-23 10:55:00,0.50605
2025-02-23 11:00:00,0.49732
2025-02-23 11:05:00,0.5147
2025-02-23 11:10:00,0.511
2025-02-23 11:15:00,0.50577
2025-02-23 11:20:00,0.50874
2025-02-23 11:25:00,0.50028
2025-02-23 11:30:00,0.50985
2025-02-23 11:35:00,0.50075
2025-02-23 11:40:00,0.50436
2025-02-23 11:45:00,0.51237
2025-02-23 11:50:00,0.50482
2025-02-23 11:55:00,0.50445
2025-02-23 12:00:00,0.50048
2025-02-23 12:05:00,0.49972
2025-02-23 12:10:00,0.51063
2025-02-23 12:15:00,0.5138
2025-02-23 12:20:00,0.51099
2025-02-23 12:25:00,0.50411
2025-02-23 12:30:00,0.50499
2025-02-23 12:35:00,0.50748
2025-02-23 12:40:00,0.5103
2025-02-23 12:45:00,0.51409
2025-02-23 12:50:00,0.50296
2025-02-23 12:55:00,0.50472
2025-02-23 13:00:00,0.50771
2025-02-23 13:05:00,0.50505
2025-02-23 13:10:00,0.50778
2025-02-23 13:15:00,0.50713
2025-02-23 13:20:00,0.51031
2025-02-23 13:25:00,0.50916
2025-02-23 13:30:00,0.50746
2025-02-23 13:35:00,0.50372
2025-02-23 13:40:00,0.50081
2025-02-23 13:45:00,0.50869
2025-02-23 13:50:00,0.50764
2025-02-23 13:55:00,0.50487
2025-02-23 14:00:00,0.50847
2025-02-23 14:05:00,0.50308
2025-02-23 14:10:00,0.5067
2025-02-23 14:15:00,0.50023
2025-02-23 14:20:00,0.51112
2025-02-23 14:25:00,0.50768
2025-02-23 14:30:00,0.5083
2025-02-23 14:35:00,0.51228
2025-02-23 14:40:00,0.51154
2025-02-23 14:45:00,0.50661
2025-02-23 14:50:00,0.50422
2025-02-23 14:55:00,0.50846
2025-02-23 15:00:00,0.5107
2025-02-23 15:05:00,0.51536
2025-02-23 15:10:00,0.52243
2025-02-23 15:15:00,0.51059
2025-02-23 15:20:00,0.50814
2025-02-23 15:25:00,0.50784
2025-02-23 15:30:00,0.50949
2025-02-23 15:35:00,0.51547
2025-02-23 15:40:00,0.51505
2025-02-23 15:45:00,0.50756
2025-02-23 15:50:00,0.51561
2025-02-23 15:55:00,0.50742
2025-02-23 16:00:00,0.52221
2025-02-23 16:05:00,0.51012
2025-02-23 16:10:00,0.51425
2025-02-23 16:15:00,0.50882
2025-02-23 16:20:00,0.5115
2025-02-23 16:25:00,0.51958
2025-02-23 16:30:00,0.51894
2025-02-23 16:35:00,0.51812
2025-02-23 16:40:00,0.51574
2025-02-23 16:45:00,0.51661
2025-02-23 16:50:00,0.51504
2025-02-23 16:55:00,0.51255
2025-02-23 17:00:00,0.5207
2025-02-23 17:05:00,0.51809
2025-02-23 17:10:00,0.51152
2025-02-23 17:15:00,0.52101
2025-02-23 17:20:00,0.52124
2025-02-23 17:25:00,0.51538
2025-02-23 17:30:00,0.50937
2025-02-23 17:35:00,0.52178
2025-02-23 17:40:00,0.51712
2025-02-23 17:45:00,0.51167
2025-02-23 17:50:00,0.52404
2025-02-23 17:55:00,0.51582
2025-02-23 18:00:00,0.51774
2025-02-23 18:05:00,0.51872
2025-02-23 18:10:00,0.51706
2025-02-23 18:15:00,0.52383
2025-02-23 18:20:00,0.51569
2025-02-23 18:25:00,0.51992
2025-02-23 18:30:00,0.52546
2025-02-23 18:35:00,0.52226
2025-02-23 18:40:00,0.51876
2025-02-23 18:45:00,0.5209
2025-02-23 18:50:00,0.51781
2025-02-23 18:55:00,0.52282
2025-02-23 19:00:00,0.5243
2025-02-23 19:05:00,0.52308
2025-02-23 19:10:00,0.52916
2025-02-23 19:15:00,0.52491
2025-02-23 19:20:00,0.525
2025-02-23 19:25:00,0.51596
2025-02-23 19:30:00,0.52514
2025-02-23 19:35:00,0.52944
2025-02-23 19:40:00,0.5191
2025-02-23 19:45:00,0.52674
2025-02-23 19:50:00,0.52081
2025-02-23 19:55:00,0.52459
2025-02-23 20:00:00,0.52382
2025-02-23 20:05:00,0.52851
2025-02-23 20:10:00,0.52027
2025-02-23 20:15:00,0.52547
2025-02-23 20:20:00,0.52674
2025-02-23 20:25:00,0.52411
2025-02-23 20:30:00,0.52492
2025-02-23 20:35:00,0.52624
2025-02-23 20:40:00,0.52962
2025-02-23 20:45:00,0.51965
2025-02-23 20:50:00,0.52454
2025-02-23 20:55:00,0.51664
2025-02-23 21:00:00,0.52426
2025-02-23 21:05:00,0.52543
2025-02-23 21:10:00,0.52701
2025-02-23 21:15:00,0.5247
2025-02-23 21:20:00,0.53008
2025-02-23 21:25:00,0.52548
2025-02-23 21:30:00,0.52765
2025-02-23 21:35:00,0.51719
2025-02-23 21:40:00,0.52333
2025-02-23 21:45:00,0.5314
2025-02-23 21:50:00,0.51742
2025-02-23 21:55:00,0.52866
2025-02-23 22:00:00,0.52177
2025-02-23 22:05:00,0.52211
2025-02-23 22:10:00,0.5242
2025-02-23 22:15:00,0.52317
2025-02-23 22:20:00,0.5319
2025-02-23 22:25:00,0.52682
2025-02-23 22:30:00,0.52317
2025-02-23 22:35:00,0.52629
2025-02-23 22:40:00,0.52546
2025-02-23 22:45:00,0.51987
2025-02-23 22:50:00,0.52761
2025-02-23 22:55:00,0.52922
2025-02-23 23:00:00,0.52849
2025-02-23 23:05:00,0.52395
2025-02-23 23:10:00,0.53003
2025-02-23 23:15:00,0.52327
2025-02-23 23:20:00,0.52214
2025-02-23 23:25:00,0.525
2025-02-23 23:30:00,0.51847
2025-02-23 23:35:00,0.52568
2025-02-23 23:40:00,0.52951
2025-02-23 23:45:00,0.52039
2025-02-23 23:50:00,0.52266
2025-02-23 23:55:00,0.51967
2025-02-24 00:00:00,0.52242
2025-02-24 00:05:00,0.52974
2025-02-24 00:10:00,0.52395
2025-02-24 00:15:00,0.51831
2025-02-24 00:20:00,0.51675
2025-02-24 00:25:00,0.522
2025-02-24 00:30:00,0.51854
2025-02-24 00:35:00,0.52374
2025-02-24 00:40:00,0.52094
2025-02-24 00:45:00,0.52236
2025-02-24 00:50:00,0.52159
2025-02-24 00:55:00,0.51955
2025-02-24 01:00:00,0.52427
2025-02-24 01:05:00,0.52502
2025-02-24 01:10:00,0.52032
2025-02-24 01:15:00,0.52271
2025-02-24 01:20:00,0.51822
2025-02-24 01:25:00,0.51651
2025-02-24 01:30:00,0.51495
2025-02-24 01:35:00,0.52159
2025-02-24 01:40:00,0.52097
2025-02-24 01:45:00,0.51978
2025-02-24 01:50:00,0.52696
2025-02-24 01:55:00,0.52244
2025-02-24 02:00:00,0.51887
2025-02-24 02:05:00,0.52488
2025-02-24 02:10:00,0.5179
2025-02-24 02:15:00,0.51735
2025-02-24 02:20:00,0.5204
2025-02-24 02:25:00,0.52007
2025-02-24 02:30:00,0.51508
2025-02-24 02:35:00,0.52313
2025-02-24 02:40:00,0.51666
2025-02-24 02:45:00,0.52294
2025-02-24 02:50:00,0.51505
2025-02-24 02:55:00,0.51586
2025-02-24 03:00:00,0.51735
2025-02-24 03:05:00,0.51883
2025-02-24 03:10:00,0.51015
2025-02-24 03:15:00,0.52395
2025-02-24 03:20:00,0.50877
2025-02-24 03:25:00,0.52442
2025-02-24 03:30:00,0.52013
2025-02-24 03:35:00,0.52147
2025-02-24 03:40:00,0.52159
2025-02-24 03:45:00,0.51627
2025-02-24 03:50:00,0.51354
2025-02-24 03:55:00,0.51617
2025-02-24 04:00:00,0.52082
2025-02-24 04:05:00,0.51141
2025-02-24 04:10:00,0.51413
2025-02-24 04:15:00,0.51458
2025-02-24 04:20:00,0.51435
2025-02-24 04:25:00,0.51012
2025-02-24 04:30:00,0.50913
2025-02-24 04:35:00,0.51757
2025-02-24 04:40:00,0.51474
2025-02-24 04:45:00,0.51654
2025-02-24 04:50:00,0.51388
2025-02-24 04:55:00,0.51884
2025-02-24 05:00:00,0.51174
2025-02-24 05:05:00,0.51446
2025-02-24 05:10:00,0.50973
2025-02-24 05:15:00,0.51424
2025-02-24 05:20:00,0.50856
2025-02-24 05:25:00,0.51475
2025-02-24 05:30:00,0.50605
2025-02-24 05:35:00,0.50905
2025-02-24 05:40:00,0.51582
2025-02-24 05:45:00,0.51358
2025-02-24 05:50:00,0.51267
2025-02-24 05:55:00,0.50687
2025-02-24 06:00:00,0.51618
2025-02-24 06:05:00,0.51285
2025-02-24 06:10:00,0.50217
2025-02-24 06:15:00,0.50996
2025-02-24 06:20:00,0.5085
2025-02-24 06:25:00,0.5114
2025-02-24 06:30:00,0.50474
2025-02-24 06:35:00,0.50796
2025-02-24 06:40:00,0.51293
2025-02-24 06:45:00,0.51258
2025-02-24 06:50:00,0.51392
2025-02-24 06:55:00,0.51147
2025-02-24 07:00:00,0.50264
2025-02-24 07:05:00,0.50507
2025-02-24 07:10:00,0.50514
2025-02-24 07:15:00,0.50806
2025-02-24 07:20:00,0.51569
2025-02-24 07:25:00,0.50574
2025-02-24 07:30:00,0.50762
2025-02-24 07:35:00,0.50492
2025-02-24 07:40:00,0.51063
2025-02-24 07:45:00,0.50837
2025-02-24 07:50:00,0.5097
2025-02-24 07:55:00,0.50265
2025-02-24 08:00:00,0.50487
2025-02-24 08:05:00,0.50571
2025-02-24 08:10:00,0.50541
2025-02-24 08:15:00,0.50835
2025-02-24 08:20:00,0.50238
2025-02-24 08:25:00,0.50116
2025-02-24 08:30:00,0.51008
2025-02-24 08:35:00,0.51323
2025-02-24 08:40:00,0.50612
2025-02-24 08:45:00,0.50189
2025-02-24 08:50:00,0.50675
2025-02-24 08:55:00,0.50907
2025-02-24 09:00:00,0.50535
2025-02-24 09:05:00,0.50494
2025-02-24 09:10:00,0.5033
2025-02-24 09:15:00,0.50059
2025-02-24 09:20:00,0.50112
2025-02-24 09:25:00,0.50802
2025-02-24 09:30:00,0.49694
2025-02-24 09:35:00,0.50725
2025-02-24 09:40:00,0.4953
2025-02-24 09:45:00,0.50413
2025-02-24 09:50:00,0.50814
2025-02-24 09:55:00,0.498
2025-02-24 10:00:00,0.50964
2025-02-24 10:05:00,0.50602
2025-02-24 10:10:00,0.5024
2025-02-24 10:15:00,0.50774
2025-02-24 10:20:00,0.51084
2025-02-24 10:25:00,0.5123
2025-02-24 10:30:00,0.50692
2025-02-24 10:35:00,0.50456
2025-02-24 10:40:00,0.50115
2025-02-24 10:45:00,0.50708
2025-02-24 10:50:00,0.50067
2025-02-24 10:55:00,0.51317
2025-02-24 11:00:00,0.50745
2025-02-24 11:05:00,0.50403
2025-02-24 11:10:00,0.51246
2025-02-24 11:15:00,0.50061
2025-02-24 11:20:00,0.50641
2025-02-24 11:25:00,0.50982
2025-02-24 11:30:00,0.5019
2025-02-24 11:35:00,0.505
2025-02-24 11:40:00,0.50741
2025-02-24 11:45:00,0.50835
2025-02-24 11:50:00,0.50584
2025-02-24 11:55:00,0.50639
2025-02-24 12:00:00,0.50461
2025-02-24 12:05:00,0.50315
2025-02-24 12:10:00,0.5044
2025-02-24 12:15:00,0.50764
2025-02-24 12:20:00,0.51126
2025-02-24 12:25:00,0.49998
2025-02-24 12:30:00,0.50527
2025-02-24 12:35:00,0.5069
2025-02-24 12:40:00,0.49978
2025-02-24 12:45:00,0.50887
2025-02-24 12:50:00,0.50461
2025-02-24 12:55:00,0.50326
2025-02-24 13:00:00,0.50623
2025-02-24 13:05:00,0.50568
2025-02-24 13:10:00,0.51036
2025-02-24 13:15:00,0.50857
2025-02-24 13:20:00,0.51075
2025-02-24 13:25:00,0.51052
2025-02-24 13:30:00,0.51024
2025-02-24 13:35:00,0.50311
2025-02-24 13:40:00,0.5061
2025-02-24 13:45:00,0.50319
2025-02-24 13:50:00,0.50746
2025-02-24 13:55:00,0.51141
2025-02-24 14:00:00,0.50366
2025-02-24 14:05:00,0.51071
2025-02-24 14:10:00,0.51037
2025-02-24 14:15:00,0.51123
2025-02-24 14:20:00,0.50176
2025-02-24 14:25:00,0.51328
2025-02-24 14:30:00,0.51501
2025-02-24 14:35:00,0.51755
2025-02-24 14:40:00,0.50545
2025-02-24 14:45:00,0.51035
2025-02-24 14:50:00,0.50957
2025-02-24 14:55:00,0.50906
2025-02-24 15:00:00,0.51842
2025-02-24 15:05:00,0.50897
2025-02-24 15:10:00,0.51496
2025-02-24 15:15:00,0.51201
2025-02-24 15:20:00,0.50904
2025-02-24 15:25:00,0.50161
2025-02-24 15:30:00,0.50552
2025-02-24 15:35:00,0.51474
2025-02-24 15:40:00,0.51153
2025-02-24 15:45:00,0.5158
2025-02-24 15:50:00,0.51549
2025-02-24 15:55:00,0.50886
2025-02-24 16:00:00,0.50923
2025-02-24 16:05:00,0.51829
2025-02-24 16:10:00,0.51375
2025-02-24 16:15:00,0.51694
2025-02-24 16:20:00,0.51408
2025-02-24 16:25:00,0.51366
2025-02-24 16:30:00,0.51631
2025-02-24 16:35:00,0.51558
2025-02-24 16:40:00,0.51592
2025-02-24 16:45:00,0.51227
2025-02-24 16:50:00,0.5086
2025-02-24 16:55:00,0.51359
2025-02-24 17:00:00,0.51578
2025-02-24 17:05:00,0.51805
2025-02-24 17:10:00,0.51785
2025-02-24 17:15:00,0.51724
2025-02-24 17:20:00,0.51375
2025-02-24 17:25:00,0.52254
2025-02-24 17:30:00,0.50686
2025-02-24 17:35:00,0.52278
2025-02-24 17:40:00,0.51715
2025-02-24 17:45:00,0.51965
2025-02-24 17:50:00,0.51431
2025-02-24 17:55:00,0.51557
2025-02-24 18:00:00,0.51731
2025-02-24 18:05:00,0.52595
2025-02-24 18:10:00,0.51588
2025-02-24 18:15:00,0.52065
2025-02-24 18:20:00,0.52189
2025-02-24 18:25:00,0.5197
2025-02-24 18:30:00,0.52712
2025-02-24 18:35:00,0.5175
2025-02-24 18:40:00,0.52215
2025-02-24 18:45:00,0.51864
2025-02-24 18:50:00,0.51332
2025-02-24 18:55:00,0.5141
2025-02-24 19:00:00,0.52201
2025-02-24 19:05:00,0.52066
2025-02-24 19:10:00,0.52097
2025-02-24 19:15:00,0.52071
2025-02-24 19:20:00,0.51982
2025-02-24 19:25:00,0.5271
2025-02-24 19:30:00,0.52259
2025-02-24 19:35:00,0.52275
2025-02-24 19:40:00,0.52739
2025-02-24 19:45:00,0.51978
2025-02-24 19:50:00,0.51916
2025-02-24 19:55:00,0.52277
2025-02-24 20:00:00,0.52449
2025-02-24 20:05:00,0.52464
2025-02-24 20:10:00,0.51992
2025-02-24 20:15:00,0.52353
2025-02-24 20:20:00,0.52775
2025-02-24 20:25:00,0.52918
2025-02-24 20:30:00,0.52589
2025-02-24 20:35:00,0.52527
2025-02-24 20:40:00,0.52845
2025-02-24 20:45:00,0.51689
2025-02-24 20:50:00,0.52926
2025-02-24 20:55:00,0.52402
2025-02-24 21:00:00,0.51678
2025-02-24 21:05:00,0.52547
2025-02-24 21:10:00,0.52887
2025-02-24 21:15:00,0.52586
2025-02-24 21:20:00,0.52454
2025-02-24 21:25:00,0.52595
2025-02-24 21:30:00,0.51635
2025-02-24 21:35:00,0.52608
2025-02-24 21:40:00,0.52162
2025-02-24 21:45:00,0.52316
2025-02-24 21:50:00,0.52227
2025-02-24 21:55:00,0.52487
2025-02-24 22:00:00,0.52364
2025-02-24 22:05:00,0.52928
2025-02-24 22:10:00,0.52206
2025-02-24 22:15:00,0.52482
2025-02-24 22:20:00,0.53401
2025-02-24 22:25:00,0.52632
2025-02-24 22:30:00,0.52387
2025-02-24 22:35:00,0.53171
2025-02-24 22:40:00,0.52211
2025-02-24 22:45:00,0.52363
2025-02-24 22:50:00,0.52578
2025-02-24 22:55:00,0.52151
2025-02-24 23:00:00,0.52195
2025-02-24 23:05:00,0.52009
2025-02-24 23:10:00,0.53029
2025-02-24 23:15:00,0.52642
2025-02-24 23:20:00,0.52171
2025-02-24 23:25:00,0.52536
2025-02-24 23:30:00,0.52217
2025-02-24 23:35:00,0.52746
2025-02-24 23:40:00,0.52736
2025-02-24 23:45:00,0.51585
2025-02-24 23:50:00,0.52186
2025-02-24 23:55:00,0.52873
2025-02-25 00:00:00,0.5235
2025-02-25 00:05:00,0.5277
2025-02-25 00:10:00,0.52214
2025-02-25 00:15:00,0.5267
2025-02-25 00:20:00,0.52169
2025-02-25 00:25:00,0.52436
2025-02-25 00:30:00,0.53019
2025-02-25 00:35:00,0.52312
2025-02-25 00:40:00,0.52217
2025-02-25 00:45:00,0.52273
2025-02-25 00:50:00,0.52634
2025-02-25 00:55:00,0.51484
2025-02-25 01:00:00,0.52639
2025-02-25 01:05:00,0.51485
2025-02-25 01:10:00,0.52004
2025-02-25 01:15:00,0.53143
2025-02-25 01:20:00,0.52665
2025-02-25 01:25:00,0.5151
2025-02-25 01:30:00,0.52004
2025-02-25 01:35:00,0.51659
2025-02-25 01:40:00,0.51954
2025-02-25 01:45:00,0.51839
2025-02-25 01:50:00,0.51732
2025-02-25 01:55:00,0.52231
2025-02-25 02:00:00,0.51986
2025-02-25 02:05:00,0.51722
2025-02-25 02:10:00,0.52127
2025-02-25 02:15:00,0.52013
2025-02-25 02:20:00,0.51806
2025-02-25 02:25:00,0.52264
2025-02-25 02:30:00,0.51018
2025-02-25 02:35:00,0.52505
2025-02-25 02:40:00,0.51748
2025-02-25 02:45:00,0.51545
2025-02-25 02:50:00,0.52034
2025-02-25 02:55:00,0.51647
2025-02-25 03:00:00,0.525
2025-02-25 03:05:00,0.51555
2025-02-25 03:10:00,0.52541
2025-02-25 03:15:00,0.51745
2025-02-25 03:20:00,0.52505
2025-02-25 03:25:00,0.52356
2025-02-25 03:30:00,0.52249
2025-02-25 03:35:00,0.51825
2025-02-25 03:40:00,0.51429
2025-02-25 03:45:00,0.52002
2025-02-25 03:50:00,0.51517
2025-02-25 03:55:00,0.52094
2025-02-25 04:00:00,0.51236
2025-02-25 04:05:00,0.51456
2025-02-25 04:10:00,0.51418
2025-02-25 04:15:00,0.51206
2025-02-25 04:20:00,0.5077
2025-02-25 04:25:00,0.51177
2025-02-25 04:30:00,0.51372
2025-02-25 04:35:00,0.51453
2025-02-25 04:40:00,0.51627
2025-02-25 04:45:00,0.51519
2025-02-25 04:50:00,0.51321
2025-02-25 04:55:00,0.51233
2025-02-25 05:00:00,0.51091
2025-02-25 05:05:00,0.51167
2025-02-25 05:10:00,0.50791
2025-02-25 05:15:00,0.50909
2025-02-25 05:20:00,0.50995
2025-02-25 05:25:00,0.51762
2025-02-25 05:30:00,0.51197
2025-02-25 05:35:00,0.51397
2025-02-25 05:40:00,0.51274
2025-02-25 05:45:00,0.50315
2025-02-25 05:50:00,0.5219
2025-02-25 05:55:00,0.5149
2025-02-25 06:00:00,0.50841
2025-02-25 06:05:00,0.50694
2025-02-25 06:10:00,0.50943
2025-02-25 06:15:00,0.50693
2025-02-25 06:20:00,0.50767
2025-02-25 06:25:00,0.51141
2025-02-25 06:30:00,0.50205
2025-02-25 06:35:00,0.51462
2025-02-25 06:40:00,0.51247
2025-02-25 06:45:00,0.51637
2025-02-25 06:50:00,0.50524
2025-02-25 06:55:00,0.51518
2025-02-25 07:00:00,0.5168
2025-02-25 07:05:00,0.50068
2025-02-25 07:10:00,0.50716
2025-02-25 07:15:00,0.50748
2025-02-25 07:20:00,0.50575
2025-02-25 07:25:00,0.50845
2025-02-25 07:30:00,0.51279
2025-02-25 07:35:00,0.50893
2025-02-25 07:40:00,0.49781
2025-02-25 07:45:00,0.50367
2025-02-25 07:50:00,0.50921
2025-02-25 07:55:00,0.50664
2025-02-25 08:00:00,0.50597
2025-02-25 08:05:00,0.5131
2025-02-25 08:10:00,0.5005
2025-02-25 08:15:00,0.50232
2025-02-25 08:20:00,0.51223
2025-02-25 08:25:00,0.50772
2025-02-25 08:30:00,0.50955
2025-02-25 08:35:00,0.5147
2025-02-25 08:40:00,0.5061
2025-02-25 08:45:00,0.50757
2025-02-25 08:50:00,0.50497
2025-02-25 08:55:00,0.50612
2025-02-25 09:00:00,0.50017
2025-02-25 09:05:00,0.50799
2025-02-25 09:10:00,0.50411
2025-02-25 09:15:00,0.50805
2025-02-25 09:20:00,0.49921
2025-02-25 09:25:00,0.51676
2025-02-25 09:30:00,0.51159
2025-02-25 09:35:00,0.50332
2025-02-25 09:40:00,0.51286
2025-02-25 09:45:00,0.49738
2025-02-25 09:50:00,0.50661
2025-02-25 09:55:00,0.49386
2025-02-25 10:00:00,0.50954
2025-02-25 10:05:00,0.49594
2025-02-25 10:10:00,0.50988
2025-02-25 10:15:00,0.50399
2025-02-25 10:20:00,0.50446
2025-02-25 10:25:00,0.50451
2025-02-25 10:30:00,0.50296
2025-02-25 10:35:00,0.50819
2025-02-25 10:40:00,0.50278
2025-02-25 10:45:00,0.5102
2025-02-25 10:50:00,0.50406
2025-02-25 10:55:00,0.49989
2025-02-25 11:00:00,0.50227
2025-02-25 11:05:00,0.50787
2025-02-25 11:10:00,0.50458
2025-02-25 11:15:00,0.50547
2025-02-25 11:20:00,0.50346
2025-02-25 11:25:00,0.49977
2025-02-25 11:30:00,0.50607
2025-02-25 11:35:00,0.50042
2025-02-25 11:40:00,0.50954
2025-02-25 11:45:00,0.50354
2025-02-25 11:50:00,0.50327
2025-02-25 11:55:00,0.50226
2025-02-25 12:00:00,0.51579
2025-02-25 12:05:00,0.50167
2025-02-25 12:10:00,0.50619
2025-02-25 12:15:00,0.5083
2025-02-25 12:20:00,0.50988
2025-02-25 12:25:00,0.5048
2025-02-25 12:30:00,0.49976
2025-02-25 12:35:00,0.5125
2025-02-25 12:40:00,0.50461
2025-02-25 12:45:00,0.50417
2025-02-25 12:50:00,0.50653
2025-02-25 12:55:00,0.51053
2025-02-25 13:00:00,0.50903
2025-02-25 13:05:00,0.51199
2025-02-25 13:10:00,0.50753
2025-02-25 13:15:00,0.51205
2025-02-25 13:20:00,0.50478
2025-02-25 13:25:00,0.50823
2025-02-25 13:30:00,0.5098
2025-02-25 13:35:00,0.51084
2025-02-25 13:40:00,0.50994
2025-02-25 13:45:00,0.51489
2025-02-25 13:50:00,0.51335
2025-02-25 13:55:00,0.50813
2025-02-25 14:00:00,0.50616
2025-02-25 14:05:00,0.50952
2025-02-25 14:10:00,0.51015
2025-02-25 14:15:00,0.51067
2025-02-25 14:20:00,0.51252
2025-02-25 14:25:00,0.50834
2025-02-25 14:30:00,0.49996
2025-02-25 14:35:00,0.51584
2025-02-25 14:40:00,0.5092
2025-02-25 14:45:00,0.50846
2025-02-25 14:50:00,0.51739
2025-02-25 14:55:00,0.50891
2025-02-25 15:00:00,0.50932
2025-02-25 15:05:00,0.5126
2025-02-25 15:10:00,0.5094
2025-02-25 15:15:00,0.51253
2025-02-25 15:20:00,0.51238
2025-02-25 15:25:00,0.51286
2025-02-25 15:30:00,0.51202
2025-02-25 15:35:00,0.51078
2025-02-25 15:40:00,0.51472
2025-02-25 15:45:00,0.51074
2025-02-25 15:50:00,0.51404
2025-02-25 15:55:00,0.50448
2025-02-25 16:00:00,0.51283
2025-02-25 16:05:00,0.51101
2025-02-25 16:10:00,0.51729
2025-02-25 16:15:00,0.51617
2025-02-25 16:20:00,0.5128
2025-02-25 16:25:00,0.51805
2025-02-25 16:30:00,0.51777
2025-02-25 16:35:00,0.5196
2025-02-25 16:40:00,0.51339
2025-02-25 16:45:00,0.51928
2025-02-25 16:50:00,0.51894
2025-02-25 16:55:00,0.51298
2025-02-25 17:00:00,0.52299
2025-02-25 17:05:00,0.51746
2025-02-25 17:10:00,0.51806
2025-02-25 17:15:00,0.5177
2025-02-25 17:20:00,0.51997
2025-02-25 17:25:00,0.52227
2025-02-25 17:30:00,0.51344
2025-02-25 17:35:00,0.51612
2025-02-25 17:40:00,0.52435
2025-02-25 17:45:00,0.52497
2025-02-25 17:50:00,0.52032
2025-02-25 17:55:00,0.51398
2025-02-25 18:00:00,0.51518
2025-02-25 18:05:00,0.50882
2025-02-25 18:10:00,0.51994
2025-02-25 18:15:00,0.52293
2025-02-25 18:20:00,0.51867
2025-02-25 18:25:00,0.52144
2025-02-25 18:30:00,0.51746
2025-02-25 18:35:00,0.51501
2025-02-25 18:40:00,0.52065
2025-02-25 18:45:00,0.52048
2025-02-25 18:50:00,0.52541
2025-02-25 18:55:00,0.51723
2025-02-25 19:00:00,0.53026
2025-02-25 19:05:00,0.52107
2025-02-25 19:10:00,0.53164
2025-02-25 19:15:00,0.51772
2025-02-25 19:20:00,0.51752
2025-02-25 19:25:00,0.51589
2025-02-25 19:30:00,0.51701
2025-02-25 19:35:00,0.52709
2025-02-25 19:40:00,0.51862
2025-02-25 19:45:00,0.5213
2025-02-25 19:50:00,0.52615
2025-02-25 19:55:00,0.51897
2025-02-25 20:00:00,0.51949
2025-02-25 20:05:00,0.52183
2025-02-25 20:10:00,0.52723
2025-02-25 20:15:00,0.52839
2025-02-25 20:20:00,0.52481
2025-02-25 20:25:00,0.5248
2025-02-25 20:30:00,0.52016
2025-02-25 20:35:00,0.53224
2025-02-25 20:40:00,0.52626
2025-02-25 20:45:00,0.51656
2025-02-25 20:50:00,0.52792
2025-02-25 20:55:00,0.51758
2025-02-25 21:00:00,0.52347
2025-02-25 21:05:00,0.522
2025-02-25 21:10:00,0.52581
2025-02-25 21:15:00,0.52649
2025-02-25 21:20:00,0.52494
2025-02-25 21:25:00,0.5209
2025-02-25 21:30:00,0.52698
2025-02-25 21:35:00,0.52592
2025-02-25 21:40:00,0.52501
2025-02-25 21:45:00,0.52562
2025-02-25 21:50:00,0.52604
2025-02-25 21:55:00,0.52754
2025-02-25 22:00:00,0.5278
2025-02-25 22:05:00,0.52974
2025-02-25 22:10:00,0.51805
2025-02-25 22:15:00,0.52099
2025-02-25 22:20:00,0.5257
2025-02-25 22:25:00,0.52877
2025-02-25 22:30:00,0.51755
2025-02-25 22:35:00,0.52526
2025-02-25 22:40:00,0.523
2025-02-25 22:45:00,0.52477
2025-02-25 22:50:00,0.5302
2025-02-25 22:55:00,0.52166
2025-02-25 23:00:00,0.52798
2025-02-25 23:05:00,0.52559
2025-02-25 23:10:00,0.52553
2025-02-25 23:15:00,0.52493
2025-02-25 23:20:00,0.5182
2025-02-25 23:25:00,0.52844
2025-02-25 23:30:00,0.52491
2025-02-25 23:35:00,0.52829
2025-02-25 23:40:00,0.52208
2025-02-25 23:45:00,0.52726
2025-02-25 23:50:00,0.52559
2025-02-25 23:55:00,0.52232
2025-02-26 00:00:00,0.5343
2025-02-26 00:05:00,0.52905
2025-02-26 00:10:00,0.52848
2025-02-26 00:15:00,0.52719
2025-02-26 00:20:00,0.53163
2025-02-26 00:25:00,0.51919
2025-02-26 00:30:00,0.53442
2025-02-26 00:35:00,0.53235
2025-02-26 00:40:00,0.5271
2025-02-26 00:45:00,0.52636
2025-02-26 00:50:00,0.53036
2025-02-26 00:55:00,0.52526
2025-02-26 01:00:00,0.52844
2025-02-26 01:05:00,0.52006
2025-02-26 01:10:00,0.5227
2025-02-26 01:15:00,0.52493
2025-02-26 01:20:00,0.53523
2025-02-26 01:25:00,0.52271
2025-02-26 01:30:00,0.52916
2025-02-26 01:35:00,0.52477
2025-02-26 01:40:00,0.52333
2025-02-26 01:45:00,0.52915
2025-02-26 01:50:00,0.52292
2025-02-26 01:55:00,0.52444
2025-02-26 02:00:00,0.52601
2025-02-26 02:05:00,0.51655
2025-02-26 02:10:00,0.52448
2025-02-26 02:15:00,0.52625
2025-02-26 02:20:00,0.52688
2025-02-26 02:25:00,0.5214
2025-02-26 02:30:00,0.53017
2025-02-26 02:35:00,0.52496
2025-02-26 02:40:00,0.52834
2025-02-26 02:45:00,0.5289
2025-02-26 02:50:00,0.52775
2025-02-26 02:55:00,0.52305
2025-02-26 03:00:00,0.51667
2025-02-26 03:05:00,0.5238
2025-02-26 03:10:00,0.52307
2025-02-26 03:15:00,0.52376
2025-02-26 03:20:00,0.53253
2025-02-26 03:25:00,0.52246
2025-02-26 03:30:00,0.52068
2025-02-26 03:35:00,0.52038
2025-02-26 03:40:00,0.52651
2025-02-26 03:45:00,0.5186
2025-02-26 03:50:00,0.52202
2025-02-26 03:55:00,0.52798
2025-02-26 04:00:00,0.51907
2025-02-26 04:05:00,0.52431
2025-02-26 04:10:00,0.51405
2025-02-26 04:15:00,0.51577
2025-02-26 04:20:00,0.51892
2025-02-26 04:25:00,0.5194
2025-02-26 04:30:00,0.51834
2025-02-26 04:35:00,0.51478
2025-02-26 04:40:00,0.51333
2025-02-26 04:45:00,0.51885
2025-02-26 04:50:00,0.51974
2025-02-26 04:55:00,0.51764
2025-02-26 05:00:00,0.5117
2025-02-26 05:05:00,0.51881
2025-02-26 05:10:00,0.5131
2025-02-26 05:15:00,0.50874
2025-02-26 05:20:00,0.52428
2025-02-26 05:25:00,0.52064
2025-02-26 05:30:00,0.51468
2025-02-26 05:35:00,0.52062
2025-02-26 05:40:00,0.52271
2025-02-26 05:45:00,0.52232
2025-02-26 05:50:00,0.52167
2025-02-26 05:55:00,0.50778
2025-02-26 06:00:00,0.51417
2025-02-26 06:05:00,0.51579
2025-02-26 06:10:00,0.52044
2025-02-26 06:15:00,0.52225
2025-02-26 06:20:00,0.50641
2025-02-26 06:25:00,0.51343
2025-02-26 06:30:00,0.51069
2025-02-26 06:35:00,0.51551
2025-02-26 06:40:00,0.50688
2025-02-26 06:45:00,0.519
2025-02-26 06:50:00,0.51822
2025-02-26 06:55:00,0.51364
2025-02-26 07:00:00,0.51596
2025-02-26 07:05:00,0.52102
2025-02-26 07:10:00,0.51516
2025-02-26 07:15:00,0.51251
2025-02-26 07:20:00,0.5211
2025-02-26 07:25:00,0.51054
2025-02-26 07:30:00,0.50863
2025-02-26 07:35:00,0.51045
2025-02-26 07:40:00,0.51299
2025-02-26 07:45:00,0.51249
2025-02-26 07:50:00,0.51551
2025-02-26 07:55:00,0.51518
2025-02-26 08:00:00,0.51073
2025-02-26 08:05:00,0.49881
2025-02-26 08:10:00,0.51321
2025-02-26 08:15:00,0.50754
2025-02-26 08:20:00,0.50961
2025-02-26 08:25:00,0.51234
2025-02-26 08:30:00,0.51427
2025-02-26 08:35:00,0.51516
2025-02-26 08:40:00,0.51189
2025-02-26 08:45:00,0.51242
2025-02-26 08:50:00,0.51449
2025-02-26 08:55:00,0.51216
2025-02-26 09:00:00,0.51675
2025-02-26 09:05:00,0.5125
2025-02-26 09:10:00,0.50382
2025-02-26 09:15:00,0.51604
2025-02-26 09:20:00,0.51259
2025-02-26 09:25:00,0.51117
2025-02-26 09:30:00,0.51002
2025-02-26 09:35:00,0.51304
2025-02-26 09:40:00,0.51252
2025-02-26 09:45:00,0.51098
2025-02-26 09:50:00,0.50474
2025-02-26 09:55:00,0.51098
2025-02-26 10:00:00,0.51115
2025-02-26 10:05:00,0.50013
2025-02-26 10:10:00,0.50423
2025-02-26 10:15:00,0.50246
2025-02-26 10:20:00,0.50021
2025-02-26 10:25:00,0.50115
2025-02-26 10:30:00,0.5042
2025-02-26 10:35:00,0.51855
2025-02-26 10:40:00,0.50766
2025-02-26 10:45:00,0.51058
2025-02-26 10:50:00,0.51083
2025-02-26 10:55:00,0.50372
2025-02-26 11:00:00,0.50849
2025-02-26 11:05:00,0.50689
2025-02-26 11:10:00,0.51594
2025-02-26 11:15:00,0.50649
2025-02-26 11:20:00,0.51094
2025-02-26 11:25:00,0.51078
2025-02-26 11:30:00,0.50596
2025-02-26 11:35:00,0.51273
2025-02-26 11:40:00,0.51154
2025-02-26 11:45:00,0.51166
2025-02-26 11:50:00,0.51242
2025-02-26 11:55:00,0.50507
2025-02-26 12:00:00,0.50595
2025-02-26 12:05:00,0.51404
2025-02-26 12:10:00,0.50845
2025-02-26 12:15:00,0.51706
2025-02-26 12:20:00,0.51108
2025-02-26 12:25:00,0.50591
2025-02-26 12:30:00,0.51496
2025-02-26 12:35:00,0.51384
2025-02-26 12:40:00,0.51535
2025-02-26 12:45:00,0.51328
2025-02-26 12:50:00,0.51391
2025-02-26 12:55:00,0.50769
2025-02-26 13:00:00,0.51031
2025-02-26 13:05:00,0.51243
2025-02-26 13:10:00,0.51381
2025-02-26 13:15:00,0.5196
2025-02-26 13:20:00,0.51529
2025-02-26 13:25:00,0.51203
2025-02-26 13:30:00,0.51548
2025-02-26 13:35:00,0.51038
2025-02-26 13:40:00,0.51666
2025-02-26 13:45:00,0.51226
2025-02-26 13:50:00,0.51596
2025-02-26 13:55:00,0.50695
2025-02-26 14:00:00,0.51958
2025-02-26 14:05:00,0.50903
2025-02-26 14:10:00,0.52333
2025-02-26 14:15:00,0.51752
2025-02-26 14:20:00,0.51453
2025-02-26 14:25:00,0.51256
2025-02-26 14:30:00,0.52211
2025-02-26 14:35:00,0.50475
2025-02-26 14:40:00,0.51953
2025-02-26 14:45:00,0.51414
2025-02-26 14:50:00,0.526
2025-02-26 14:55:00,0.51306
2025-02-26 15:00:00,0.516
2025-02-26 15:05:00,0.51684
2025-02-26 15:10:00,0.51725
2025-02-26 15:15:00,0.51313
2025-02-26 15:20:00,0.51582
2025-02-26 15:25:00,0.51786
2025-02-26 15:30:00,0.51659
2025-02-26 15:35:00,0.5154
2025-02-26 15:40:00,0.51671
2025-02-26 15:45:00,0.51678
2025-02-26 15:50:00,0.51638
2025-02-26 15:55:00,0.52121
2025-02-26 16:00:00,0.5207
2025-02-26 16:05:00,0.52814
2025-02-26 16:10:00,0.51895
2025-02-26 16:15:00,0.52192
2025-02-26 16:20:00,0.52146
2025-02-26 16:25:00,0.52339
2025-02-26 16:30:00,0.52314
2025-02-26 16:35:00,0.51502
2025-02-26 16:40:00,0.52142
2025-02-26 16:45:00,0.52112
2025-02-26 16:50:00,0.51892
2025-02-26 16:55:00,0.52638
2025-02-26 17:00:00,0.5189
2025-02-26 17:05:00,0.51692
2025-02-26 17:10:00,0.51612
2025-02-26 17:15:00,0.51777
2025-02-26 17:20:00,0.52216
2025-02-26 17:25:00,0.52767
2025-02-26 17:30:00,0.52257
2025-02-26 17:35:00,0.52584
2025-02-26 17:40:00,0.52152
2025-02-26 17:45:00,0.52702
2025-02-26 17:50:00,0.51987
2025-02-26 17:55:00,0.52608
2025-02-26 18:00:00,0.52562
2025-02-26 18:05:00,0.52615
2025-02-26 18:10:00,0.52071
2025-02-26 18:15:00,0.5244
2025-02-26 18:20:00,0.52942
2025-02-26 18:25:00,0.52756
2025-02-26 18:30:00,0.52346
2025-02-26 18:35:00,0.52031
2025-02-26 18:40:00,0.52492
2025-02-26 18:45:00,0.52388
2025-02-26 18:50:00,0.52215
2025-02-26 18:55:00,0.52333
2025-02-26 19:00:00,0.52873
2025-02-26 19:05:00,0.52667
2025-02-26 19:10:00,0.53124
2025-02-26 19:15:00,0.52512
2025-02-26 19:20:00,0.51846
2025-02-26 19:25:00,0.5251
2025-02-26 19:30:00,0.5238
2025-02-26 19:35:00,0.52658
2025-02-26 19:40:00,0.52684
2025-02-26 19:45:00,0.52032
2025-02-26 19:50:00,0.52908
2025-02-26 19:55:00,0.52428
2025-02-26 20:00:00,0.53317
2025-02-26 20:05:00,0.52527
2025-02-26 20:10:00,0.5307
2025-02-26 20:15:00,0.52665
2025-02-26 20:20:00,0.52273
2025-02-26 20:25:00,0.52748
2025-02-26 20:30:00,0.53605
2025-02-26 20:35:00,0.52456
2025-02-26 20:40:00,0.52535
2025-02-26 20:45:00,0.52857
2025-02-26 20:50:00,0.52725
2025-02-26 20:55:00,0.52892
2025-02-26 21:00:00,0.52489
2025-02-26 21:05:00,0.52699
2025-02-26 21:10:00,0.52283
2025-02-26 21:15:00,0.53273
2025-02-26 21:20:00,0.52971
2025-02-26 21:25:00,0.52923
2025-02-26 21:30:00,0.52949
2025-02-26 21:35:00,0.53061
2025-02-26 21:40:00,0.52545
2025-02-26 21:45:00,0.53033
2025-02-26 21:50:00,0.52511
2025-02-26 21:55:00,0.5288
2025-02-26 22:00:00,0.53475
2025-02-26 22:05:00,0.52838
2025-02-26 22:10:00,0.53574
2025-02-26 22:15:00,0.52668
2025-02-26 22:20:00,0.52881
2025-02-26 22:25:00,0.53116
2025-02-26 22:30:00,0.52549
2025-02-26 22:35:00,0.53586
2025-02-26 22:40:00,0.52665
2025-02-26 22:45:00,0.52918
2025-02-26 22:50:00,0.5299
2025-02-26 22:55:00,0.53452
2025-02-26 23:00:00,0.52291
2025-02-26 23:05:00,0.52688
2025-02-26 23:10:00,0.53163
2025-02-26 23:15:00,0.52889
2025-02-26 23:20:00,0.52118
2025-02-26 23:25:00,0.52778
2025-02-26 23:30:00,0.53088
2025-02-26 23:35:00,0.53498
2025-02-26 23:40:00,0.53105
2025-02-26 23:45:00,0.53073
2025-02-26 23:50:00,0.52911
2025-02-26 23:55:00,0.5263
2025-02-27 00:00:00,0.53558
2025-02-27 00:05:00,0.52557
2025-02-27 00:10:00,0.51847
2025-02-27 00:15:00,0.53122
2025-02-27 00:20:00,0.52675
2025-02-27 00:25:00,0.53044
2025-02-27 00:30:00,0.53554
2025-02-27 00:35:00,0.52765
2025-02-27 00:40:00,0.53127
2025-02-27 00:45:00,0.5235
2025-02-27 00:50:00,0.53584
2025-02-27 00:55:00,0.52608
2025-02-27 01:00:00,0.52619
2025-02-27 01:05:00,0.53725
2025-02-27 01:10:00,0.53021
2025-02-27 01:15:00,0.52605
2025-02-27 01:20:00,0.53322
2025-02-27 01:25:00,0.52679
2025-02-27 01:30:00,0.53342
2025-02-27 01:35:00,0.5294
2025-02-27 01:40:00,0.53239
2025-02-27 01:45:00,0.52202
2025-02-27 01:50:00,0.52301
2025-02-27 01:55:00,0.5298
2025-02-27 02:00:00,0.52706
2025-02-27 02:05:00,0.5279
2025-02-27 02:10:00,0.52287
2025-02-27 02:15:00,0.52782
2025-02-27 02:20:00,0.52387
2025-02-27 02:25:00,0.52576
2025-02-27 02:30:00,0.52291
2025-02-27 02:35:00,0.52503
2025-02-27 02:40:00,0.52505
2025-02-27 02:45:00,0.52555
2025-02-27 02:50:00,0.52701
2025-02-27 02:55:00,0.52607
2025-02-27 03:00:00,0.5206
2025-02-27 03:05:00,0.53043
2025-02-27 03:10:00,0.52139
2025-02-27 03:15:00,0.52584
2025-02-27 03:20:00,0.51763
2025-02-27 03:25:00,0.52713
2025-02-27 03:30:00,0.52906
2025-02-27 03:35:00,0.52109
2025-02-27 03:40:00,0.5214
2025-02-27 03:45:00,0.5224
2025-02-27 03:50:00,0.52514
2025-02-27 03:55:00,0.51366
2025-02-27 04:00:00,0.51929
2025-02-27 04:05:00,0.53022
2025-02-27 04:10:00,0.51943
2025-02-27 04:15:00,0.52023
2025-02-27 04:20:00,0.52801
2025-02-27 04:25:00,0.52151
2025-02-27 04:30:00,0.52135
2025-02-27 04:35:00,0.51378
2025-02-27 04:40:00,0.51963
2025-02-27 04:45:00,0.52276
2025-02-27 04:50:00,0.52302
2025-02-27 04:55:00,0.51814
2025-02-27 05:00:00,0.52554
2025-02-27 05:05:00,0.5193
2025-02-27 05:10:00,0.52444
2025-02-27 05:15:00,0.52425
2025-02-27 05:20:00,0.52342
2025-02-27 05:25:00,0.52083
2025-02-27 05:30:00,0.51723
2025-02-27 05:35:00,0.51881
2025-02-27 05:40:00,0.51801
2025-02-27 05:45:00,0.51721
2025-02-27 05:50:00,0.51694
2025-02-27 05:55:00,0.52118
2025-02-27 06:00:00,0.51545
2025-02-27 06:05:00,0.51365
2025-02-27 06:10:00,0.51634
2025-02-27 06:15:00,0.51742
2025-02-27 06:20:00,0.52197
2025-02-27 06:25:00,0.5091
2025-02-27 06:30:00,0.5106
2025-02-27 06:35:00,0.51107
2025-02-27 06:40:00,0.51523
2025-02-27 06:45:00,0.52019
2025-02-27 06:50:00,0.51974
2025-02-27 06:55:00,0.50728
2025-02-27 07:00:00,0.51515
2025-02-27 07:05:00,0.52046
2025-02-27 07:10:00,0.51675
2025-02-27 07:15:00,0.5179
2025-02-27 07:20:00,0.51306
2025-02-27 07:25:00,0.51738
2025-02-27 07:30:00,0.51314
2025-02-27 07:35:00,0.51716
2025-02-27 07:40:00,0.50974
2025-02-27 07:45:00,0.50547
2025-02-27 07:50:00,0.51663
2025-02-27 07:55:00,0.5103
2025-02-27 08:00:00,0.51425
2025-02-27 08:05:00,0.50765
2025-02-27 08:10:00,0.50693
2025-02-27 08:15:00,0.51288
2025-02-27 08:20:00,0.5136
2025-02-27 08:25:00,0.50805
2025-02-27 08:30:00,0.50668
2025-02-27 08:35:00,0.5142
2025-02-27 08:40:00,0.51316
2025-02-27 08:45:00,0.51183
2025-02-27 08:50:00,0.51252
2025-02-27 08:55:00,0.51361
2025-02-27 09:00:00,0.50871
2025-02-27 09:05:00,0.51277
2025-02-27 09:10:00,0.5072
2025-02-27 09:15:00,0.51458
2025-02-27 09:20:00,0.51094
2025-02-27 09:25:00,0.51239
2025-02-27 09:30:00,0.51504
2025-02-27 09:35:00,0.50554
2025-02-27 09:40:00,0.51766
2025-02-27 09:45:00,0.50312
2025-02-27 09:50:00,0.51272
2025-02-27 09:55:00,0.50468
2025-02-27 10:00:00,0.50945
2025-02-27 10:05:00,0.50961
2025-02-27 10:10:00,0.51054
2025-02-27 10:15:00,0.51172
2025-02-27 10:20:00,0.51634
2025-02-27 10:25:00,0.51908
2025-02-27 10:30:00,0.51372
2025-02-27 10:35:00,0.50612
2025-02-27 10:40:00,0.51444
2025-02-27 10:45:00,0.5054
2025-02-27 10:50:00,0.51534
2025-02-27 10:55:00,0.49896
2025-02-27 11:00:00,0.5073
2025-02-27 11:05:00,0.51801
2025-02-27 11:10:00,0.50985
2025-02-27 11:15:00,0.50648
2025-02-27 11:20:00,0.51041
2025-02-27 11:25:00,0.51233
2025-02-27 11:30:00,0.52009
2025-02-27 11:35:00,0.50684
2025-02-27 11:40:00,0.50963
2025-02-27 11:45:00,0.5092
2025-02-27 11:50:00,0.5078
2025-02-27 11:55:00,0.50185
2025-02-27 12:00:00,0.51094
2025-02-27 12:05:00,0.50402
2025-02-27 12:10:00,0.51301
2025-02-27 12:15:00,0.5151
2025-02-27 12:20:00,0.51299
2025-02-27 12:25:00,0.52048
2025-02-27 12:30:00,0.50904
2025-02-27 12:35:00,0.50326
2025-02-27 12:40:00,0.50876
2025-02-27 12:45:00,0.50726
2025-02-27 12:50:00,0.49611
2025-02-27 12:55:00,0.51803
2025-02-27 13:00:00,0.51548
2025-02-27 13:05:00,0.51661
2025-02-27 13:10:00,0.5096
2025-02-27 13:15:00,0.51618
2025-02-27 13:20:00,0.50693
2025-02-27 13:25:00,0.51231
2025-02-27 13:30:00,0.5124
2025-02-27 13:35:00,0.50998
2025-02-27 13:40:00,0.5141
2025-02-27 13:45:00,0.51289
2025-02-27 13:50:00,0.51618
2025-02-27 13:55:00,0.51462
2025-02-27 14:00:00,0.52728
2025-02-27 14:05:00,0.51471
2025-02-27 14:10:00,0.51283
2025-02-27 14:15:00,0.51656
2025-02-27 14:20:00,0.5176
2025-02-27 14:25:00,0.51492
2025-02-27 14:30:00,0.51605
2025-02-27 14:35:00,0.51473
2025-02-27 14:40:00,0.51014
2025-02-27 14:45:00,0.51095
2025-02-27 14:50:00,0.51639
2025-02-27 14:55:00,0.5178
2025-02-27 15:00:00,0.51938
2025-02-27 15:05:00,0.52057
2025-02-27 15:10:00,0.51844
2025-02-27 15:15:00,0.51913
2025-02-27 15:20:00,0.52126
2025-02-27 15:25:00,0.51789
2025-02-27 15:30:00,0.51626
2025-02-27 15:35:00,0.52131
2025-02-27 15:40:00,0.52309
2025-02-27 15:45:00,0.51803
2025-02-27 15:50:00,0.51905
2025-02-27 15:55:00,0.52204
2025-02-27 16:00:00,0.51864
2025-02-27 16:05:00,0.52023
2025-02-27 16:10:00,0.51493
2025-02-27 16:15:00,0.51791
2025-02-27 16:20:00,0.51873
2025-02-27 16:25:00,0.51977
2025-02-27 16:30:00,0.51573
2025-02-27 16:35:00,0.52276
2025-02-27 16:40:00,0.51778
2025-02-27 16:45:00,0.51971
2025-02-27 16:50:00,0.51542
2025-02-27 16:55:00,0.52058
2025-02-27 17:00:00,0.52852
2025-02-27 17:05:00,0.52106
2025-02-27 17:10:00,0.52536
2025-02-27 17:15:00,0.52852
2025-02-27 17:20:00,0.52128
2025-02-27 17:25:00,0.52306
2025-02-27 17:30:00,0.52363
2025-02-27 17:35:00,0.51875
2025-02-27 17:40:00,0.52866
2025-02-27 17:45:00,0.5157
2025-02-27 17:50:00,0.52807
2025-02-27 17:55:00,0.52297
2025-02-27 18:00:00,0.52424
2025-02-27 18:05:00,0.52355
2025-02-27 18:10:00,0.52016
2025-02-27 18:15:00,0.52421
2025-02-27 18:20:00,0.52899
2025-02-27 18:25:00,0.52146
2025-02-27 18:30:00,0.51625
2025-02-27 18:35:00,0.52397
2025-02-27 18:40:00,0.52425
2025-02-27 18:45:00,0.52125
2025-02-27 18:50:00,0.52441
2025-02-27 18:55:00,0.52811
2025-02-27 19:00:00,0.53516
2025-02-27 19:05:00,0.52251
2025-02-27 19:10:00,0.52319
2025-02-27 19:15:00,0.53223
2025-02-27 19:20:00,0.53467
2025-02-27 19:25:00,0.52872
2025-02-27 19:30:00,0.52376
2025-02-27 19:35:00,0.52552
2025-02-27 19:40:00,0.51958
2025-02-27 19:45:00,0.52586
2025-02-27 19:50:00,0.5259
2025-02-27 19:55:00,0.52279
2025-02-27 20:00:00,0.53743
2025-02-27 20:05:00,0.52457
2025-02-27 20:10:00,0.53524
2025-02-27 20:15:00,0.52775
2025-02-27 20:20:00,0.523
2025-02-27 20:25:00,0.5233
2025-02-27 20:30:00,0.52769
2025-02-27 20:35:00,0.53056
2025-02-27 20:40:00,0.52814
2025-02-27 20:45:00,0.53074
2025-02-27 20:50:00,0.52874
2025-02-27 20:55:00,0.53144
2025-02-27 21:00:00,0.52784
2025-02-27 21:05:00,0.53093
2025-02-27 21:10:00,0.5236
2025-02-27 21:15:00,0.53385
2025-02-27 21:20:00,0.52889
2025-02-27 21:25:00,0.52589
2025-02-27 21:30:00,0.5279
2025-02-27 21:35:00,0.52579
2025-02-27 21:40:00,0.52795
2025-02-27 21:45:00,0.53468
2025-02-27 21:50:00,0.52861
2025-02-27 21:55:00,0.52899
2025-02-27 22:00:00,0.52732
2025-02-27 22:05:00,0.53223
2025-02-27 22:10:00,0.52562
2025-02-27 22:15:00,0.53408
2025-02-27 22:20:00,0.53222
2025-02-27 22:25:00,0.53337
2025-02-27 22:30:00,0.53115
2025-02-27 22:35:00,0.53606
2025-02-27 22:40:00,0.53526
2025-02-27 22:45:00,0.53414
2025-02-27 22:50:00,0.53539
2025-02-27 22:55:00,0.53171
2025-02-27 23:00:00,0.53819
2025-02-27 23:05:00,0.52902
2025-02-27 23:10:00,0.53097
2025-02-27 23:15:00,0.53213
2025-02-27 23:20:00,0.53244
2025-02-27 23:25:00,0.52327
2025-02-27 23:30:00,0.52929
2025-02-27 23:35:00,0.533
2025-02-27 23:40:00,0.52768
2025-02-27 23:45:00,0.53169
2025-02-27 23:50:00,0.52692
2025-02-27 23:55:00,0.52943
2025-02-28 00:00:00,0.52722
2025-02-28 00:05:00,0.52866
2025-02-28 00:10:00,0.53279
2025-02-28 00:15:00,0.52636
2025-02-28 00:20:00,0.53348
2025-02-28 00:25:00,0.52877
2025-02-28 00:30:00,0.5292
2025-02-28 00:35:00,0.52658
2025-02-28 00:40:00,0.53125
2025-02-28 00:45:00,0.53496
2025-02-28 00:50:00,0.5316
2025-02-28 00:55:00,0.52897
2025-02-28 01:00:00,0.52842
2025-02-28 01:05:00,0.53011
2025-02-28 01:10:00,0.52097
2025-02-28 01:15:00,0.5281
2025-02-28 01:20:00,0.52978
2025-02-28 01:25:00,0.5285
2025-02-28 01:30:00,0.52355
2025-02-28 01:35:00,0.52854
2025-02-28 01:40:00,0.52372
2025-02-28 01:45:00,0.52325
2025-02-28 01:50:00,0.52654
2025-02-28 01:55:00,0.52728
2025-02-28 02:00:00,0.52721
2025-02-28 02:05:00,0.52908
2025-02-28 02:10:00,0.52654
2025-02-28 02:15:00,0.52109
2025-02-28 02:20:00,0.52706
2025-02-28 02:25:00,0.5265
2025-02-28 02:30:00,0.52179
2025-02-28 02:35:00,0.52385
2025-02-28 02:40:00,0.52572
2025-02-28 02:45:00,0.52743
2025-02-28 02:50:00,0.52764
2025-02-28 02:55:00,0.51957
2025-02-28 03:00:00,0.52017
2025-02-28 03:05:00,0.51575
2025-02-28 03:10:00,0.51785
2025-02-28 03:15:00,0.51998
2025-02-28 03:20:00,0.53204
2025-02-28 03:25:00,0.52725
2025-02-28 03:30:00,0.52464
2025-02-28 03:35:00,0.52832
2025-02-28 03:40:00,0.5267
2025-02-28 03:45:00,0.52901
2025-02-28 03:50:00,0.51857
2025-02-28 03:55:00,0.526
2025-02-28 04:00:00,0.52643
2025-02-28 04:05:00,0.52131
2025-02-28 04:10:00,0.51441
2025-02-28 04:15:00,0.51886
2025-02-28 04:20:00,0.52086
2025-02-28 04:25:00,0.51969
2025-02-28 04:30:00,0.51496
2025-02-28 04:35:00,0.51496
2025-02-28 04:40:00,0.51331
2025-02-28 04:45:00,0.51701
2025-02-28 04:50:00,0.52472
2025-02-28 04:55:00,0.51735
2025-02-28 05:00:00,0.51657
2025-02-28 05:05:00,0.51565
2025-02-28 05:10:00,0.51042
2025-02-28 05:15:00,0.5203
2025-02-28 05:20:00,0.52135
2025-02-28 05:25:00,0.51534
2025-02-28 05:30:00,0.51795
2025-02-28 05:35:00,0.5165
2025-02-28 05:40:00,0.51969
2025-02-28 05:45:00,0.51422
2025-02-28 05:50:00,0.51948
2025-02-28 05:55:00,0.51706
2025-02-28 06:00:00,0.52047
2025-02-28 06:05:00,0.51234
2025-02-28 06:10:00,0.51413
2025-02-28 06:15:00,0.51184
2025-02-28 06:20:00,0.52038
2025-02-28 06:25:00,0.51273
2025-02-28 06:30:00,0.51229
2025-02-28 06:35:00,0.51541
2025-02-28 06:40:00,0.51588
2025-02-28 06:45:00,0.50989
2025-02-28 06:50:00,0.51493
2025-02-28 06:55:00,0.51013
2025-02-28 07:00:00,0.51482
2025-02-28 07:05:00,0.51332
2025-02-28 07:10:00,0.51243
2025-02-28 07:15:00,0.51169
2025-02-28 07:20:00,0.51361
2025-02-28 07:25:00,0.50893
2025-02-28 07:30:00,0.51833
2025-02-28 07:35:00,0.5085
2025-02-28 07:40:00,0.50748
2025-02-28 07:45:00,0.51556
2025-02-28 07:50:00,0.50915
2025-02-28 07:55:00,0.51748
2025-02-28 08:00:00,0.50745
2025-02-28 08:05:00,0.5129
2025-02-28 08:10:00,0.51369
2025-02-28 08:15:00,0.51455
2025-02-28 08:20:00,0.51785
2025-02-28 08:25:00,0.51094
2025-02-28 08:30:00,0.50874
2025-02-28 08:35:00,0.51203
2025-02-28 08:40:00,0.50775
2025-02-28 08:45:00,0.51586
2025-02-28 08:50:00,0.51791
2025-02-28 08:55:00,0.51335
2025-02-28 09:00:00,0.50775
2025-02-28 09:05:00,0.50816
2025-02-28 09:10:00,0.51563
2025-02-28 09:15:00,0.50561
2025-02-28 09:20:00,0.50901
2025-02-28 09:25:00,0.50853
2025-02-28 09:30:00,0.50987
2025-02-28 09:35:00,0.51321
2025-02-28 09:40:00,0.51291
2025-02-28 09:45:00,0.50929
2025-02-28 09:50:00,0.51546
2025-02-28 09:55:00,0.51289
2025-02-28 10:00:00,0.51259
2025-02-28 10:05:00,0.50929
2025-02-28 10:10:00,0.51143
2025-02-28 10:15:00,0.51736
2025-02-28 10:20:00,0.51797
2025-02-28 10:25:00,0.51701
2025-02-28 10:30:00,0.5035
2025-02-28 10:35:00,0.51169
2025-02-28 10:40:00,0.50115
2025-02-28 10:45:00,0.50949
2025-02-28 10:50:00,0.51197
2025-02-28 10:55:00,0.51265
2025-02-28 11:00:00,0.50876
2025-02-28 11:05:00,0.51029
2025-02-28 11:10:00,0.51946
2025-02-28 11:15:00,0.51486
2025-02-28 11:20:00,0.50962
2025-02-28 11:25:00,0.50759
2025-02-28 11:30:00,0.50914
2025-02-28 11:35:00,0.50551
2025-02-28 11:40:00,0.50975
2025-02-28 11:45:00,0.5105
2025-02-28 11:50:00,0.50958
2025-02-28 11:55:00,0.51221
2025-02-28 12:00:00,0.50871
2025-02-28 12:05:00,0.51047
2025-02-28 12:10:00,0.51364
2025-02-28 12:15:00,0.51432
2025-02-28 12:20:00,0.5181
2025-02-28 12:25:00,0.50941
2025-02-28 12:30:00,0.50826
2025-02-28 12:35:00,0.51262
2025-02-28 12:40:00,0.51385
2025-02-28 12:45:00,0.51704
2025-02-28 12:50:00,0.50904
2025-02-28 12:55:00,0.50451
2025-02-28 13:00:00,0.51406
2025-02-28 13:05:00,0.51471
2025-02-28 13:10:00,0.52073
2025-02-28 13:15:00,0.513
2025-02-28 13:20:00,0.5189
2025-02-28 13:25:00,0.5136
2025-02-28 13:30:00,0.5173
2025-02-28 13:35:00,0.52163
2025-02-28 13:40:00,0.51842
2025-02-28 13:45:00,0.51412
2025-02-28 13:50:00,0.51645
2025-02-28 13:55:00,0.50343
2025-02-28 14:00:00,0.51273
2025-02-28 14:05:00,0.50981
2025-02-28 14:10:00,0.51746
2025-02-28 14:15:00,0.51825
2025-02-28 14:20:00,0.51723
2025-02-28 14:25:00,0.51528
2025-02-28 14:30:00,0.51722
2025-02-28 14:35:00,0.51192
2025-02-28 14:40:00,0.51574
2025-02-28 14:45:00,0.51238
2025-02-28 14:50:00,0.51424
2025-02-28 14:55:00,0.51345
2025-02-28 15:00:00,0.52019
2025-02-28 15:05:00,0.51501
2025-02-28 15:10:00,0.51121
2025-02-28 15:15:00,0.51971
2025-02-28 15:20:00,0.51362
2025-02-28 15:25:00,0.52248
2025-02-28 15:30:00,0.51939
2025-02-28 15:35:00,0.51729
2025-02-28 15:40:00,0.52266
2025-02-28 15:45:00,0.52654
2025-02-28 15:50:00,0.51726
2025-02-28 15:55:00,0.52061
2025-02-28 16:00:00,0.52458
2025-02-28 16:05:00,0.51698
2025-02-28 16:10:00,0.52029
2025-02-28 16:15:00,0.51977
2025-02-28 16:20:00,0.51724
2025-02-28 16:25:00,0.52254
2025-02-28 16:30:00,0.51661
2025-02-28 16:35:00,0.52166
2025-02-28 16:40:00,0.517
2025-02-28 16:45:00,0.51314
2025-02-28 16:50:00,0.51997
2025-02-28 16:55:00,0.52904
2025-02-28 17:00:00,0.52366
2025-02-28 17:05:00,0.52369
2025-02-28 17:10:00,0.52464
2025-02-28 17:15:00,0.52293
2025-02-28 17:20:00,0.52378
2025-02-28 17:25:00,0.52938
2025-02-28 17:30:00,0.52463
2025-02-28 17:35:00,0.51729
2025-02-28 17:40:00,0.52582
2025-02-28 17:45:00,0.52133
2025-02-28 17:50:00,0.519
2025-02-28 17:55:00,0.52944
2025-02-28 18:00:00,0.52575
2025-02-28 18:05:00,0.52344
2025-02-28 18:10:00,0.52453
2025-02-28 18:15:00,0.51984
2025-02-28 18:20:00,0.53036
2025-02-28 18:25:00,0.53192
2025-02-28 18:30:00,0.52493
2025-02-28 18:35:00,0.5224
2025-02-28 18:40:00,0.52966
2025-02-28 18:45:00,0.52164
2025-02-28 18:50:00,0.51656
2025-02-28 18:55:00,0.52524
2025-02-28 19:00:00,0.52253
2025-02-28 19:05:00,0.52505
2025-02-28 19:10:00,0.52752
2025-02-28 19:15:00,0.52325
2025-02-28 19:20:00,0.52829
2025-02-28 19:25:00,0.52962
2025-02-28 19:30:00,0.52927
2025-02-28 19:35:00,0.52326
2025-02-28 19:40:00,0.52638
2025-02-28 19:45:00,0.5254
2025-02-28 19:50:00,0.52399
2025-02-28 19:55:00,0.51985
2025-02-28 20:00:00,0.52635
2025-02-28 20:05:00,0.52751
2025-02-28 20:10:00,0.53202
2025-02-28 20:15:00,0.53132
2025-02-28 20:20:00,0.53265
2025-02-28 20:25:00,0.52927
2025-02-28 20:30:00,0.53365
2025-02-28 20:35:00,0.53026
2025-02-28 20:40:00,0.53408
2025-02-28 20:45:00,0.52251
2025-02-28 20:50:00,0.52843
2025-02-28 20:55:00,0.52528
2025-02-28 21:00:00,0.52737
2025-02-28 21:05:00,0.52856
2025-02-28 21:10:00,0.52508
2025-02-28 21:15:00,0.52894
2025-02-28 21:20:00,0.53503
2025-02-28 21:25:00,0.52315
2025-02-28 21:30:00,0.53006
2025-02-28 21:35:00,0.52242
2025-02-28 21:40:00,0.53204
2025-02-28 21:45:00,0.5333
2025-02-28 21:50:00,0.5298
2025-02-28 21:55:00,0.53016
2025-02-28 22:00:00,0.52774
2025-02-28 22:05:00,0.53055
2025-02-28 22:10:00,0.5281
2025-02-28 22:15:00,0.53465
2025-02-28 22:20:00,0.53755
2025-02-28 22:25:00,0.52746
2025-02-28 22:30:00,0.53086
2025-02-28 22:35:00,0.52772
2025-02-28 22:40:00,0.529
2025-02-28 22:45:00,0.5259
2025-02-28 22:50:00,0.52798
2025-02-28 22:55:00,0.52623
2025-02-28 23:00:00,0.5339
2025-02-28 23:05:00,0.53253
2025-02-28 23:10:00,0.53048
2025-02-28 23:15:00,0.53925
2025-02-28 23:20:00,0.52957
2025-02-28 23:25:00,0.53329
2025-02-28 23:30:00,0.52822
2025-02-28 23:35:00,0.52468
2025-02-28 23:40:00,0.52601
2025-02-28 23:45:00,0.52931
2025-02-28 23:50:00,0.53221
2025-02-28 23:55:00,0.52181
2025-03-01 00:00:00,0.52943
2025-03-01 00:05:00,0.51892
2025-03-01 00:10:00,0.5312
2025-03-01 00:15:00,0.53174
2025-03-01 00:20:00,0.52868
2025-03-01 00:25:00,0.5286
2025-03-01 00:30:00,0.52515
2025-03-01 00:35:00,0.52894
2025-03-01 00:40:00,0.52823
2025-03-01 00:45:00,0.53568
2025-03-01 00:50:00,0.5256
2025-03-01 00:55:00,0.52419
2025-03-01 01:00:00,0.53056
2025-03-01 01:05:00,0.53122
2025-03-01 01:10:00,0.51897
2025-03-01 01:15:00,0.53355
2025-03-01 01:20:00,0.53062
2025-03-01 01:25:00,0.53003
2025-03-01 01:30:00,0.52956
2025-03-01 01:35:00,0.52257
2025-03-01 01:40:00,0.52161
2025-03-01 01:45:00,0.52547
2025-03-01 01:50:00,0.53008
2025-03-01 01:55:00,0.53074
2025-03-01 02:00:00,0.52763
2025-03-01 02:05:00,0.51734
2025-03-01 02:10:00,0.52597
2025-03-01 02:15:00,0.52471
2025-03-01 02:20:00,0.5224
2025-03-01 02:25:00,0.52451
2025-03-01 02:30:00,0.52793
2025-03-01 02:35:00,0.51537
2025-03-01 02:40:00,0.52302
2025-03-01 02:45:00,0.52612
2025-03-01 02:50:00,0.52411
2025-03-01 02:55:00,0.52533
2025-03-01 03:00:00,0.52237
2025-03-01 03:05:00,0.52273
2025-03-01 03:10:00,0.51592
2025-03-01 03:15:00,0.52598
2025-03-01 03:20:00,0.52592
2025-03-01 03:25:00,0.52211
2025-03-01 03:30:00,0.52923
2025-03-01 03:35:00,0.52719
2025-03-01 03:40:00,0.51747
2025-03-01 03:45:00,0.5144
2025-03-01 03:50:00,0.52016
2025-03-01 03:55:00,0.52216
2025-03-01 04:00:00,0.5266
2025-03-01 04:05:00,0.52029
2025-03-01 04:10:00,0.52767
2025-03-01 04:15:00,0.51975
2025-03-01 04:20:00,0.52052
2025-03-01 04:25:00,0.52345
2025-03-01 04:30:00,0.52149
2025-03-01 04:35:00,0.51973
2025-03-01 04:40:00,0.52294
2025-03-01 04:45:00,0.51079
2025-03-01 04:50:00,0.51847
2025-03-01 04:55:00,0.52461
2025-03-01 05:00:00,0.52023
2025-03-01 05:05:00,0.51609
2025-03-01 05:10:00,0.51449
2025-03-01 05:15:00,0.50644
2025-03-01 05:20:00,0.51988
2025-03-01 05:25:00,0.51364
2025-03-01 05:30:00,0.51187
2025-03-01 05:35:00,0.52158
2025-03-01 05:40:00,0.52463
2025-03-01 05:45:00,0.51735
2025-03-01 05:50:00,0.52085
2025-03-01 05:55:00,0.51528
2025-03-01 06:00:00,0.51194
2025-03-01 06:05:00,0.51447
2025-03-01 06:10:00,0.52071
2025-03-01 06:15:00,0.51216
2025-03-01 06:20:00,0.51634
2025-03-01 06:25:00,0.51418
2025-03-01 06:30:00,0.51705
2025-03-01 06:35:00,0.51837
2025-03-01 06:40:00,0.5142
2025-03-01 06:45:00,0.52039
2025-03-01 06:50:00,0.51393
2025-03-01 06:55:00,0.51217
2025-03-01 07:00:00,0.51043
2025-03-01 07:05:00,0.51083
2025-03-01 07:10:00,0.51287
2025-03-01 07:15:00,0.51131
2025-03-01 07:20:00,0.50678
2025-03-01 07:25:00,0.51727
2025-03-01 07:30:00,0.51147
2025-03-01 07:35:00,0.51827
2025-03-01 07:40:00,0.5161
2025-03-01 07:45:00,0.51177
2025-03-01 07:50:00,0.51391
2025-03-01 07:55:00,0.50857
2025-03-01 08:00:00,0.50851
2025-03-01 08:05:00,0.50887
2025-03-01 08:10:00,0.50988
2025-03-01 08:15:00,0.51424
2025-03-01 08:20:00,0.5076
2025-03-01 08:25:00,0.51416
2025-03-01 08:30:00,0.50626
2025-03-01 08:35:00,0.50353
2025-03-01 08:40:00,0.51635
2025-03-01 08:45:00,0.51173
2025-03-01 08:50:00,0.51314
2025-03-01 08:55:00,0.50973
2025-03-01 09:00:00,0.50716
2025-03-01 09:05:00,0.50833
2025-03-01 09:10:00,0.51323
2025-03-01 09:15:00,0.51237
2025-03-01 09:20:00,0.50983
2025-03-01 09:25:00,0.50629
2025-03-01 09:30:00,0.5162
2025-03-01 09:35:00,0.5166
2025-03-01 09:40:00,0.51866
2025-03-01 09:45:00,0.50717
2025-03-01 09:50:00,0.50706
2025-03-01 09:55:00,0.51294
2025-03-01 10:00:00,0.51254
2025-03-01 10:05:00,0.51136
2025-03-01 10:10:00,0.50433
2025-03-01 10:15:00,0.51421
2025-03-01 10:20:00,0.51226
2025-03-01 10:25:00,0.51525
2025-03-01 10:30:00,0.51783
2025-03-01 10:35:00,0.51815
2025-03-01 10:40:00,0.50929
2025-03-01 10:45:00,0.50906
2025-03-01 10:50:00,0.50997
2025-03-01 10:55:00,0.50526
2025-03-01 11:00:00,0.51001
2025-03-01 11:05:00,0.51482
2025-03-01 11:10:00,0.51639
2025-03-01 11:15:00,0.50824
2025-03-01 11:20:00,0.51029
2025-03-01 11:25:00,0.50742
2025-03-01 11:30:00,0.50614
2025-03-01 11:35:00,0.51156
2025-03-01 11:40:00,0.51499
2025-03-01 11:45:00,0.50934
2025-03-01 11:50:00,0.5111
2025-03-01 11:55:00,0.50981
2025-03-01 12:00:00,0.51
2025-03-01 12:05:00,0.50481
2025-03-01 12:10:00,0.51544
2025-03-01 12:15:00,0.51873
2025-03-01 12:20:00,0.50881
2025-03-01 12:25:00,0.5174
2025-03-01 12:30:00,0.51025
2025-03-01 12:35:00,0.51312
2025-03-01 12:40:00,0.51244
2025-03-01 12:45:00,0.50905
2025-03-01 12:50:00,0.50736
2025-03-01 12:55:00,0.50929
2025-03-01 13:00:00,0.50704
2025-03-01 13:05:00,0.51698
2025-03-01 13:10:00,0.51656
2025-03-01 13:15:00,0.51539
2025-03-01 13:20:00,0.51057
2025-03-01 13:25:00,0.51449
2025-03-01 13:30:00,0.51293
2025-03-01 13:35:00,0.51036
2025-03-01 13:40:00,0.50929
2025-03-01 13:45:00,0.51856
2025-03-01 13:50:00,0.51613
2025-03-01 13:55:00,0.51738
2025-03-01 14:00:00,0.50602
2025-03-01 14:05:00,0.51287
2025-03-01 14:10:00,0.51823
2025-03-01 14:15:00,0.51626
2025-03-01 14:20:00,0.51855
2025-03-01 14:25:00,0.52237
2025-03-01 14:30:00,0.51559
2025-03-01 14:35:00,0.51967
2025-03-01 14:40:00,0.51756
2025-03-01 14:45:00,0.5187
2025-03-01 14:50:00,0.52032
2025-03-01 14:55:00,0.51966
2025-03-01 15:00:00,0.51221
2025-03-01 15:05:00,0.51171
2025-03-01 15:10:00,0.52349
2025-03-01 15:15:00,0.50962
2025-03-01 15:20:00,0.51147
2025-03-01 15:25:00,0.51895
2025-03-01 15:30:00,0.51474
2025-03-01 15:35:00,0.52081
2025-03-01 15:40:00,0.51329
2025-03-01 15:45:00,0.51796
2025-03-01 15:50:00,0.51691
2025-03-01 15:55:00,0.52412
2025-03-01 16:00:00,0.52039
2025-03-01 16:05:00,0.52116
2025-03-01 16:10:00,0.52687
2025-03-01 16:15:00,0.5154
2025-03-01 16:20:00,0.52544
2025-03-01 16:25:00,0.52642
2025-03-01 16:30:00,0.51644
2025-03-01 16:35:00,0.51726
2025-03-01 16:40:00,0.51856
2025-03-01 16:45:00,0.5189
2025-03-01 16:50:00,0.52202
2025-03-01 16:55:00,0.52453
2025-03-01 17:00:00,0.52788
2025-03-01 17:05:00,0.52429
2025-03-01 17:10:00,0.52874
2025-03-01 17:15:00,0.52074
2025-03-01 17:20:00,0.52833
2025-03-01 17:25:00,0.51566
2025-03-01 17:30:00,0.52579
2025-03-01 17:35:00,0.52261
2025-03-01 17:40:00,0.51995
2025-03-01 17:45:00,0.51408
2025-03-01 17:50:00,0.52204
2025-03-01 17:55:00,0.52357
2025-03-01 18:00:00,0.5237
2025-03-01 18:05:00,0.52344
2025-03-01 18:10:00,0.52576
2025-03-01 18:15:00,0.52771
2025-03-01 18:20:00,0.53067
2025-03-01 18:25:00,0.52156
2025-03-01 18:30:00,0.52757
2025-03-01 18:35:00,0.52808
2025-03-01 18:40:00,0.51917
2025-03-01 18:45:00,0.52563
2025-03-01 18:50:00,0.52341
2025-03-01 18:55:00,0.52397
2025-03-01 19:00:00,0.52765
2025-03-01 19:05:00,0.52413
2025-03-01 19:10:00,0.52822
2025-03-01 19:15:00,0.53039
2025-03-01 19:20:00,0.52566
2025-03-01 19:25:00,0.52699
2025-03-01 19:30:00,0.53399
2025-03-01 19:35:00,0.52389
2025-03-01 19:40:00,0.52711
2025-03-01 19:45:00,0.52032
2025-03-01 19:50:00,0.5247
2025-03-01 19:55:00,0.53052
2025-03-01 20:00:00,0.52604
2025-03-01 20:05:00,0.53336
2025-03-01 20:10:00,0.53289
2025-03-01 20:15:00,0.52273
2025-03-01 20:20:00,0.52223
2025-03-01 20:25:00,0.52571
2025-03-01 20:30:00,0.53055
2025-03-01 20:35:00,0.5276
2025-03-01 20:40:00,0.52725
2025-03-01 20:45:00,0.52615
2025-03-01 20:50:00,0.52975
2025-03-01 20:55:00,0.52423
2025-03-01 21:00:00,0.53022
2025-03-01 21:05:00,0.53156
2025-03-01 21:10:00,0.53124
2025-03-01 21:15:00,0.52717
2025-03-01 21:20:00,0.53332
2025-03-01 21:25:00,0.53803
2025-03-01 21:30:00,0.52696
2025-03-01 21:35:00,0.52777
2025-03-01 21:40:00,0.52601
2025-03-01 21:45:00,0.52434
2025-03-01 21:50:00,0.52771
2025-03-01 21:55:00,0.52964
2025-03-01 22:00:00,0.53002
2025-03-01 22:05:00,0.5239
2025-03-01 22:10:00,0.52672
2025-03-01 22:15:00,0.52352
2025-03-01 22:20:00,0.52316
2025-03-01 22:25:00,0.52731
2025-03-01 22:30:00,0.53123
2025-03-01 22:35:00,0.53196
2025-03-01 22:40:00,0.52941
2025-03-01 22:45:00,0.52856
2025-03-01 22:50:00,0.52997
2025-03-01 22:55:00,0.53441
2025-03-01 23:00:00,0.52166
2025-03-01 23:05:00,0.53127
2025-03-01 23:10:00,0.53068
2025-03-01 23:15:00,0.53621
2025-03-01 23:20:00,0.52766
2025-03-01 23:25:00,0.53077
2025-03-01 23:30:00,0.53056
2025-03-01 23:35:00,0.52824
2025-03-01 23:40:00,0.52919
2025-03-01 23:45:00,0.53144
2025-03-01 23:50:00,0.52975
2025-03-01 23:55:00,0.52862
