episode_index,environment_steps,optimizer_step_calls_at_observation,sb3_update_counter_at_observation,record_phase,episode_metrics.aux_shift_kwh,episode_metrics.bess_throughput_kwh,episode_metrics.carbon_delta_kg,episode_metrics.carbon_kg,episode_metrics.degradation_cost_cny,episode_metrics.demand_charge_cny,episode_metrics.energy_cost_cny,episode_metrics.financial_delta_cny,episode_metrics.flex_deadline_violation_kwh,episode_metrics.guardrail_violation_rate,episode_metrics.guardrail_violations,episode_metrics.max_flex_age_hours,episode_metrics.nonzero_bess_action_rate,episode_metrics.nonzero_bess_actions,episode_metrics.nonzero_flex_action_rate,episode_metrics.nonzero_flex_actions,episode_metrics.peak_kw,episode_metrics.physical_power_violations,episode_metrics.projection_count,episode_metrics.projection_rate,episode_metrics.reserve_shortfall_kwh,episode_metrics.reward,episode_metrics.shore_sla_violation_kwh,episode_metrics.soc_max_observed,episode_metrics.soc_min_observed,episode_metrics.temperature_max_c,episode_metrics.terminal_flex_backlog_kwh,episode_metrics.terminal_soc_error,episode_metrics.total_cost_cny,episode_metrics.training_reward
1,168,0,0,after_environment_step_before_replay_storage_and_optimizer,9913.312291922026,119578.67610490225,3531.688520425778,2155139.8175033387,9566.29408839218,235815.9027926282,2711060.982900708,18148.477411414806,0.0,0.0,0.0,12.0,0.9226190476190477,155.0,0.8273809523809523,139.0,26983.633613724138,0.0,0.0,0.0,0.0,-3.399317892104432,0.0,0.7023714677743066,0.5007513310761177,32.253015904426576,0.0,0.0,2956443.1797817284,-302.64369828262056
2,336,0,0,after_environment_step_before_replay_storage_and_optimizer,9367.596269377547,118884.58949514569,2851.648658286451,2176880.7411963926,9510.767159611665,243011.88898850096,2750883.893436487,31022.437769101685,0.0,0.0,0.0,12.0,0.8630952380952381,145.0,0.8333333333333334,140.0,27807.046507847735,0.0,0.0,0.0,0.0,-3.889239337787133,0.0,0.6324252645898482,0.42647596238753,25.25188343620291,0.0,0.0,3003406.549584599,-326.2111083426956
3,504,0,0,after_environment_step_before_replay_storage_and_optimizer,7917.698308800316,127333.97657704506,2694.0468289297187,2066266.320303716,10186.718126163609,225469.9476332243,2612488.250052198,28887.240583041006,0.0,0.0,0.0,12.0,0.9345238095238095,157.0,0.8035714285714286,135.0,25799.78019205363,0.0,1.0,0.005952380952380952,0.0,-3.6710279649054183,0.0,0.6952982767417665,0.44000150725118514,32.0,0.0,0.0,2848144.915811586,-306.0790126509882
4,672,0,0,after_environment_step_before_replay_storage_and_optimizer,8153.057292729955,132408.98886588687,3290.928863142766,2108704.1443617195,10592.71910927096,229173.66515486754,2663287.320241191,27090.919055536753,0.0,0.0,0.0,12.0,0.9404761904761905,158.0,0.7619047619047619,128.0,26223.584335155192,0.0,1.0,0.005952380952380952,0.0,-3.788398686747201,0.0,0.7186535433770762,0.47551483513175796,25.34421617445422,0.0,0.0,2903053.7045053295,-332.91032706625003
5,840,0,0,after_environment_step_before_replay_storage_and_optimizer,11272.159561440341,118003.47813736332,2965.904299568585,2106149.5889296248,9440.27825098906,223679.48486418545,2664723.7070979928,25168.62802460066,0.0,0.0,0.0,12.0,0.9107142857142857,153.0,0.8214285714285714,138.0,25594.903460727986,0.0,1.0,0.005952380952380952,0.0,-3.5305329894264137,0.0,0.7338947098414768,0.4179806668988159,27.799999237060547,0.0,0.0,2897843.4702131674,-303.79739809711845
6,1008,0,0,after_environment_step_before_replay_storage_and_optimizer,10450.593631461337,127456.70130554754,2603.471321959525,2052432.993393613,10196.536104443805,234599.74729100583,2598561.005165282,46086.77784616047,0.0,0.0,0.0,12.0,0.9107142857142857,153.0,0.8333333333333334,140.0,26844.47296304507,0.0,0.0,0.0,0.0,-3.84807139700125,0.0,0.7205079468215713,0.4336868019542662,25.62244512912867,0.0,0.0,2843357.288560732,-386.6421685483739
7,1176,0,0,after_environment_step_before_replay_storage_and_optimizer,11383.594309998627,125676.18102675563,2733.567207301401,2029223.1518971457,10054.094482140448,225757.14524925718,2568071.552139152,34289.696796379554,0.0,0.0,0.0,12.0,0.875,147.0,0.7976190476190477,134.0,25832.64326512882,0.0,1.0,0.005952380952380952,0.0,-3.5056757569708057,0.0,0.7114970059880239,0.44859444782590363,25.786290954120354,0.0,0.0,2803882.79187055,-335.4625164199817
8,1344,0,0,after_environment_step_before_replay_storage_and_optimizer,11177.681469611085,114543.05994197809,2670.3655518174,2091020.4222397136,9163.444795358257,228284.47716177892,2643676.688828709,29771.398137690914,0.0,0.0,0.0,12.0,0.9285714285714286,156.0,0.875,147.0,26121.837494780626,0.0,1.0,0.005952380952380952,0.0,-3.4958992883599427,0.0,0.7555102715986262,0.507131207298868,28.899999618530273,0.0,0.0,2881124.6107858466,-309.07892379749876
9,1512,0,0,after_environment_step_before_replay_storage_and_optimizer,8114.211008983155,127675.26220765423,2413.5181374928943,2195655.661030495,10214.02097661234,243094.3196711676,2776665.564218617,38338.09972513307,0.0,0.0,0.0,12.0,0.9404761904761905,158.0,0.7797619047619048,131.0,27816.478778162273,0.0,1.0,0.005952380952380952,0.0,-4.670107890838828,0.0,0.7246030997389613,0.4711377245508982,32.4405880916573,0.0,0.0,3029973.904866397,-336.5015868752389
10,1680,0,0,after_environment_step_before_replay_storage_and_optimizer,9586.524003608745,122992.89681647733,2935.5485747827315,2103782.1484964294,9839.431745318192,227385.05743817068,2659766.5274414322,26192.98677727662,0.0,0.0,0.0,12.0,0.9464285714285714,159.0,0.7857142857142857,132.0,26018.91987133203,0.0,0.0,0.0,0.0,-3.6846766226930145,0.0,0.6701737875565554,0.4255493873674163,25.475345763348894,0.0,0.0,2896991.016624921,-307.097848373347
11,1848,0,0,after_environment_step_before_replay_storage_and_optimizer,11965.42326684709,126827.25402096129,2608.112703129218,2084708.0092323427,10146.180321676906,235130.17191175456,2639315.4474576726,38942.84548929137,0.0,0.0,0.0,12.0,0.8928571428571429,150.0,0.8869047619047619,149.0,26905.167697609133,0.0,0.0,0.0,0.0,-3.9222694159817997,0.0,0.7011394285960455,0.4610481951992749,25.978973765393683,0.0,0.0,2884591.7996911043,-351.2009896342096
12,2016,22,15,after_environment_step_before_replay_storage_and_optimizer,9833.61076992581,119731.19773002459,2527.5332990804945,2084074.0619882615,9578.495818401974,229910.69039271766,2637193.217910936,31894.03766016265,0.0,0.0,0.0,12.0,0.9047619047619048,152.0,0.8273809523809523,139.0,26307.919694843396,0.0,1.0,0.005952380952380952,0.0,-3.8313257281645923,0.0,0.7042745138715717,0.41819892335918013,25.014996856273882,0.0,0.0,2876682.404122056,-311.1221862456426
13,2184,274,183,after_environment_step_before_replay_storage_and_optimizer,4580.277179754617,16942.267926585515,223.50709996815021,2181353.038605499,1355.3814341268521,235323.22773596316,2758940.689754243,15435.470028401034,0.0,0.0,0.0,12.0,1.0,168.0,0.5773809523809523,97.0,26927.2584368924,0.0,1.0,0.005952380952380952,0.0,-0.745920567064763,0.0,0.749281611256475,0.58,24.580560482041093,0.0,0.0,2995619.298924333,-90.587776140094
14,2352,526,351,after_environment_step_before_replay_storage_and_optimizer,23688.761084560072,17583.502994011953,410.5080606215706,2236895.9046051595,1406.6802395209684,255030.8506419206,2821838.488126052,22491.896758562678,0.0,0.0,0.0,12.0,1.0,168.0,0.9880952380952381,166.0,29182.33652787015,0.0,0.0,0.0,0.0,-0.6283329310166409,0.0,0.755688622754491,0.58,33.08982644931186,0.0,0.0,3078276.0190074937,-137.08996743010727
15,2520,778,519,after_environment_step_before_replay_storage_and_optimizer,23931.67100274626,17691.37724550896,660.9182731335768,2072944.3047590263,1415.310179640729,235818.52884517325,2614672.7938965657,20730.46432425958,0.0,0.0,0.0,12.0,1.0,168.0,1.0,168.0,26983.934104229178,0.0,1.0,0.005952380952380952,0.0,-0.5217512774549297,0.0,0.7567664670658683,0.58,27.32775572679349,0.0,0.0,2851906.6329213795,-143.30741800931267
16,2688,1030,687,after_environment_step_before_replay_storage_and_optimizer,24138.140586623325,17691.37724550896,392.6844543228144,2162202.4356106813,1415.310179640729,223964.90876851243,2735358.101777329,2844.7266558001297,0.0,0.0,0.0,12.0,1.0,168.0,1.0,168.0,25627.56357384059,0.0,1.0,0.005952380952380952,0.0,-0.41722916802565785,0.0,0.7567664670658683,0.58,25.563761727813148,0.0,0.0,2960738.320725482,-37.784700538369506
17,2856,1282,855,after_environment_step_before_replay_storage_and_optimizer,24068.998279001877,17691.37724550896,101.64614667932983,2081583.3216823114,1415.310179640729,211192.777471908,2635458.272353135,6496.582546248779,0.0,0.0,0.0,12.0,1.0,168.0,1.0,168.0,24166.090843237595,0.0,1.0,0.005952380952380952,0.0,-0.610846436995172,0.0,0.7567664670658683,0.58,25.366832002664115,0.0,0.0,2848066.3600046835,-38.58168153200393
18,3024,1534,1023,after_environment_step_before_replay_storage_and_optimizer,24015.818824951668,17691.37724550896,765.2830444243555,2253333.7291020867,1415.310179640729,249526.3071371804,2844427.4910147814,18640.511188811382,0.0,0.0,0.0,12.0,1.0,168.0,1.0,168.0,28552.46982514259,0.0,1.0,0.005952380952380952,0.0,-0.1845335346260145,0.0,0.7567664670658683,0.58,32.90395886729621,0.0,0.0,3095369.1083316025,-139.11953860951814
19,3192,1786,1191,after_environment_step_before_replay_storage_and_optimizer,23976.91705745047,17691.377245508957,701.9534682403737,2064570.5670754064,1415.310179640729,220190.72079212117,2608280.8187110643,12382.185071267742,0.0,0.0,0.0,12.0,1.0,168.0,1.0,168.0,25195.69572973755,0.0,0.0,0.0,0.0,-0.510431879950943,0.0,0.7567664670658683,0.58,25.483165033867415,0.0,0.0,2829886.849682826,-104.0281334507608
20,3360,2038,1359,after_environment_step_before_replay_storage_and_optimizer,24250.59995644493,17650.305465953577,89.15912046049198,2099614.657272337,1412.0244372762986,213253.44110127143,2658822.9095273283,6792.514372882263,0.0,0.0,0.0,12.0,1.0,168.0,1.0,168.0,24401.885765112595,0.0,1.0,0.005952380952380952,0.0,-0.6571970224701812,0.0,0.7563560912501609,0.58,25.549282725000232,0.0,0.0,2873488.375065876,-39.31211909204107
21,3528,2290,1527,after_environment_step_before_replay_storage_and_optimizer,24168.965051889823,17679.741272017698,62.2406963731446,2063919.476401061,1414.3793017614285,211724.72626554247,2612822.1301206974,7443.956740744987,0.0,0.0,0.0,12.0,1.0,168.0,1.0,168.0,24226.959983862595,0.0,0.0,0.0,0.0,-0.6620120743845426,0.0,0.7566502042166633,0.58,26.762205275765854,0.0,0.0,2825961.2356880014,-40.95422548611353
22,3696,2542,1695,after_environment_step_before_replay_storage_and_optimizer,24404.784704493162,17679.1397591307,576.6589127296866,2217532.923057921,1414.3311807304685,227084.85912550005,2801747.36456191,252.140288464793,0.0,0.0,0.0,12.0,1.0,168.0,1.0,168.0,25984.569171550407,0.0,1.0,0.005952380952380952,0.0,-0.1293810216639632,0.0,0.756644194096227,0.58,32.09101160938718,0.0,0.0,3030246.5548681403,-35.86023620610517
23,3864,2794,1863,after_environment_step_before_replay_storage_and_optimizer,24088.694134592915,17682.496631553313,108.2365112908119,2060762.8929731343,1414.5997305242777,216564.11596437645,2606546.811259055,10548.43565494468,0.0,0.0,0.0,12.0,1.0,168.0,1.0,168.0,24780.71533708913,0.0,0.0,0.0,0.0,-0.5718085098314316,0.0,0.7566777348698085,0.58,25.539258037325347,0.0,0.0,2824525.5269539556,-59.236368952171766
24,4032,3046,2031,after_environment_step_before_replay_storage_and_optimizer,23862.01953249348,17691.37724550896,70.97133112808115,2121710.3668517037,1415.3101796407295,217842.81160948498,2687225.321930878,7233.776920177273,0.0,0.0,0.0,12.0,1.0,168.0,1.0,168.0,24927.032249487595,0.0,1.0,0.005952380952380952,0.0,-0.7740864882810321,0.0,0.7567664670658683,0.58,27.320629639583004,0.0,0.0,2906483.4437200036,-40.42716446857125
25,4200,3298,2199,after_environment_step_before_replay_storage_and_optimizer,24107.424237921692,17691.37724550896,64.5824369872189,2160857.9329728363,1415.3101796407295,221587.68673782173,2736265.327468699,7355.346250633715,0.0,0.0,0.0,12.0,1.0,168.0,1.0,168.0,25355.545921362595,0.0,0.0,0.0,0.0,-0.8559234788699845,0.0,0.7567664670658683,0.58,25.513919573314343,0.0,0.0,2959268.3243861613,-40.65167747240177
26,4368,3550,2367,after_environment_step_before_replay_storage_and_optimizer,24147.312292455852,17691.37724550896,151.98813739629986,2110166.997788786,1415.3101796407295,214495.32895096036,2667849.2477679993,5456.573001363844,0.0,0.0,0.0,12.0,1.0,168.0,1.0,168.0,24543.99088325134,0.0,1.0,0.005952380952380952,0.0,-0.6109748290883639,0.0,0.7567664670658683,0.58,25.483923220686723,0.0,0.0,2883759.8868986,-36.402153250597465
27,4536,3802,2535,after_environment_step_before_replay_storage_and_optimizer,24170.409902284115,17691.37724550896,393.5810969616832,2152489.070751748,1415.3101796407295,218962.31564865113,2721738.090304406,1734.7474927922963,0.0,0.0,0.0,12.0,1.0,168.0,1.0,168.0,25055.133393066986,0.0,1.0,0.005952380952380952,0.0,-0.38102383146607416,0.0,0.7567664670658683,0.58,25.52075213661026,0.0,0.0,2942115.7161326976,-32.28860328166246
28,4704,4054,2703,after_environment_step_before_replay_storage_and_optimizer,24115.119613356997,17691.377245508964,307.68063001032533,2069571.5371323363,1415.3101796407295,212088.7352491154,2617467.7588888113,4029.2177454318958,0.0,0.0,0.0,12.0,1.0,168.0,1.0,168.0,24268.612327612595,0.0,1.0,0.005952380952380952,0.0,-0.49786133122277226,0.0,0.7567664670658683,0.58,30.700000762939453,0.0,0.0,2830971.8043175675,-38.60692652777917
29,4872,4306,2871,after_environment_step_before_replay_storage_and_optimizer,23918.10910248305,17691.37724550896,713.8524261093589,2107173.980287941,1415.3101796407295,239562.70610460915,2658777.214521055,24680.156859712544,0.0,0.0,0.0,12.0,1.0,168.0,1.0,168.0,27412.36792127459,0.0,1.0,0.005952380952380952,0.0,-0.6721956714862521,0.0,0.7567664670658683,0.58,25.484893318211423,0.0,0.0,2899755.230805305,-166.23192986512404
30,5040,4558,3039,after_environment_step_before_replay_storage_and_optimizer,24096.20529519158,17691.37724550896,146.2849382144541,2068166.839158987,1415.310179640729,211724.72626554247,2617635.2680036854,5803.757510146085,0.0,0.0,0.0,12.0,1.0,168.0,1.0,168.0,24226.959983862595,0.0,0.0,0.0,0.0,-0.5779555809641219,0.0,0.7567664670658683,0.58,26.66396696890389,0.0,0.0,2830775.3044488686,-37.79588384359802
31,5208,4810,3207,after_environment_step_before_replay_storage_and_optimizer,23957.375750930212,17691.377245508957,321.8317197222095,2136466.6261275257,1415.310179640729,235762.2651275808,2697415.5074835974,15269.399642933666,0.0,0.0,0.0,12.0,1.0,168.0,1.0,168.0,26977.496033160678,0.0,1.0,0.005952380952380952,0.0,-0.7076877012368256,0.0,0.7567664670658683,0.58,32.99568682239014,0.0,0.0,2934593.0827908185,-95.65690139800073
32,5376,5062,3375,after_environment_step_before_replay_storage_and_optimizer,24304.23809347648,17583.50299401196,322.64313330834193,2060242.1936864727,1406.6802395209693,234435.17310940774,2601802.9026505155,24279.594227296355,0.0,0.0,0.0,12.0,1.0,168.0,1.0,168.0,26825.641283900746,0.0,1.0,0.005952380952380952,0.0,-0.5458667991663647,0.0,0.755688622754491,0.58,28.34566944945933,0.0,0.0,2837644.755999444,-140.75655913498235
33,5544,5314,3543,after_environment_step_before_replay_storage_and_optimizer,24066.441700042924,17691.377245508957,661.8046274137432,2069619.1805093933,1415.310179640729,228865.99188281083,2611325.558211155,17315.06281449081,0.0,0.0,0.0,12.0,1.0,168.0,1.0,168.0,26188.378300500208,0.0,1.0,0.005952380952380952,0.0,-0.507245239562115,0.0,0.7567664670658683,0.58,28.272700765275157,0.0,0.0,2841606.860273606,-126.28359171727844
34,5712,5566,3711,after_environment_step_before_replay_storage_and_optimizer,24167.805973732415,17676.594099523405,237.54976551882646,2132775.176714567,1414.1275279618849,233101.40966185252,2694351.1701784865,16840.750522480037,0.0,0.0,0.0,12.0,1.0,168.0,1.0,168.0,26673.023145047508,0.0,1.0,0.005952380952380952,0.0,-0.7580081014926049,0.0,0.7566187586963207,0.58,33.21587338050383,0.0,0.0,2928866.707368301,-98.4567385435296
35,5880,5818,3879,after_environment_step_before_replay_storage_and_optimizer,24316.618686194524,17691.377245508964,326.85229231422454,2055540.4571348466,1415.3101796407295,230747.39175987357,2595101.714213299,19064.408219094003,0.0,0.0,0.0,12.0,1.0,168.0,1.0,168.0,26403.66066425245,0.0,0.0,0.0,0.0,-0.5046413027518027,0.0,0.7567664670658683,0.58,32.0265059293167,0.0,0.0,2827264.416152813,-114.93317863432335
36,6048,6070,4047,after_environment_step_before_replay_storage_and_optimizer,23907.96939154444,17691.377245508957,152.16838751339128,2147586.923741815,1415.310179640729,224073.87526451578,2716108.892025762,5731.334594910257,0.0,0.0,0.0,12.0,1.0,168.0,1.0,168.0,25640.032249487595,0.0,0.0,0.0,0.0,-0.6593755652042517,0.0,0.7567664670658683,0.58,25.562216070745986,0.0,0.0,2941598.077469918,-37.78677622535501
37,6216,6322,4215,after_environment_step_before_replay_storage_and_optimizer,23581.48398113148,17691.377245508957,746.97859940944,2097118.1738223701,1415.310179640729,239227.84137464626,2647760.471639692,23707.80657146013,0.0,0.0,0.0,12.0,1.0,168.0,1.0,168.0,27374.050458048103,0.0,1.0,0.005952380952380952,0.0,-0.6415493527484629,0.0,0.7567664670658683,0.58,25.540666756449596,0.0,0.0,2888403.623193979,-163.3577488218668
38,6384,6574,4383,after_environment_step_before_replay_storage_and_optimizer,24579.86942322881,17691.37724550896,725.0159032412103,2080974.192349904,1415.3101796407295,229260.54081132263,2625296.3724153847,14812.176312506668,0.0,0.0,0.0,12.0,1.0,168.0,1.0,168.0,26233.52522911516,0.0,0.0,0.0,0.0,-0.5179533777198752,0.0,0.7567664670658683,0.58,29.31480538577316,0.0,0.0,2855972.223406348,-117.56183575700577
39,6552,6826,4551,after_environment_step_before_replay_storage_and_optimizer,24156.801011288193,17691.37724550896,48.34070849320415,2150260.658339318,1415.3101796407295,224224.13345017366,2723488.7008153335,11147.172435249631,0.0,0.0,0.0,12.0,1.0,168.0,1.0,168.0,25657.225796577673,0.0,0.0,0.0,0.0,-0.9493232295125859,0.0,0.7567664670658683,0.58,25.565884132110206,0.0,0.0,2949128.144445148,-58.63630468584015
40,6720,7078,4719,after_environment_step_before_replay_storage_and_optimizer,24192.867385491594,17691.37724550896,304.75547205967996,2081960.0137022391,1415.310179640729,214628.6738584735,2632786.1212882176,3691.582479310115,0.0,0.0,0.0,12.0,1.0,168.0,1.0,168.0,24559.249099877023,0.0,1.0,0.005952380952380952,0.0,-0.4981262891793713,0.0,0.7567664670658683,0.58,25.486800207190743,0.0,0.0,2848830.1053263317,-36.74324072013142
41,6888,7330,4887,after_environment_step_before_replay_storage_and_optimizer,23971.507660543586,17691.377245508964,765.0661905817979,2177093.2874080986,1415.3101796407295,234371.14932973677,2750476.2861394184,12807.285781542061,0.0,0.0,0.0,12.0,1.0,168.0,1.0,168.0,26818.31525460099,0.0,0.0,0.0,0.0,-0.27581577416989345,0.0,0.7567664670658683,0.58,25.5614529664417,0.0,0.0,2986262.7456487957,-109.94040034261793
42,7056,7582,5055,after_environment_step_before_replay_storage_and_optimizer,24126.765639445483,17685.273170405282,165.45781844898374,2213898.7061519646,1414.8218536324352,241613.88917741418,2797119.008079597,16219.116716951008,0.0,0.0,0.0,12.0,1.0,168.0,1.0,168.0,27647.07801442686,0.0,1.0,0.005952380952380952,0.0,-1.0743135185514565,0.0,0.75670547713977,0.58,30.52529381942209,0.0,0.0,3040147.7191106435,-91.02305269169396
43,7224,7834,5223,after_environment_step_before_replay_storage_and_optimizer,23807.05263630074,17691.377245508957,399.6427431836055,2246546.2544840113,1415.310179640729,231947.13185595916,2837755.0645326646,3060.8277852235874,0.0,0.0,0.0,12.0,1.0,168.0,1.0,168.0,26540.942954382543,0.0,1.0,0.005952380952380952,0.0,-0.2810280601454957,0.0,0.7567664670658683,0.58,32.975444526662386,0.0,0.0,3071117.506568264,-39.28270351713422
44,7392,8086,5391,after_environment_step_before_replay_storage_and_optimizer,24299.671120587274,17583.502994011946,709.8883656991893,2099939.6449643443,1406.680239520968,221038.4959746456,2652704.956106043,1412.2799464964464,0.0,0.0,0.0,12.0,1.0,168.0,1.0,168.0,25292.70383920404,0.0,1.0,0.005952380952380952,0.0,-0.4286220048822183,0.0,0.755688622754491,0.58,25.505110426077476,0.0,0.0,2875150.1323202094,-49.6547016744333
45,7560,8338,5559,after_environment_step_before_replay_storage_and_optimizer,24384.91250905036,17676.898351524116,69.02248606066314,2060201.2871540978,1414.1518681219418,212900.4084896298,2608387.728570314,6967.849488940531,0.0,0.0,0.0,12.0,1.0,168.0,1.0,168.0,24361.489411289876,0.0,1.0,0.005952380952380952,0.0,-0.6325098013831951,0.0,0.7566217986830055,0.58,31.200000762939453,0.0,0.0,2822702.288928066,-38.98059660834239
46,7728,8590,5727,after_environment_step_before_replay_storage_and_optimizer,23977.044692015876,17691.377245508957,745.9804401362417,2099409.0336373104,1415.310179640729,232055.327800754,2651031.6323566022,17459.211579239538,0.0,0.0,0.0,12.0,1.0,168.0,1.0,168.0,26553.323458403946,0.0,0.0,0.0,0.0,-0.5790050764875913,0.0,0.7567664670658683,0.58,25.46098257410157,0.0,0.0,2884502.2703369968,-132.05488430437185
47,7896,8842,5895,after_environment_step_before_replay_storage_and_optimizer,24264.488180133096,17611.800157615355,570.4734851326521,2069181.760015252,1408.9440126092409,212930.14730008028,2614310.918066711,-271.4425498568387,0.0,0.0,0.0,12.0,1.0,168.0,1.0,168.0,24364.89232498569,0.0,0.0,0.0,0.0,-0.3975660406958885,0.0,0.7559713587771728,0.58,25.355495228182203,0.0,0.0,2828650.009379401,-32.871196358674965
48,8064,9094,6063,after_environment_step_before_replay_storage_and_optimizer,24104.026909625336,17691.377245508957,578.1246394738755,2065668.2531782014,1415.310179640729,210837.18880715108,2609260.449942348,1826.8699564422004,0.0,0.0,0.0,12.0,1.0,168.0,1.0,168.0,24125.402008713012,0.0,1.0,0.005952380952380952,0.0,-0.4247329602715923,0.0,0.7567664670658683,0.58,25.560382804960987,0.0,0.0,2821512.94892914,-43.821828150643626
49,8232,9346,6231,after_environment_step_before_replay_storage_and_optimizer,24075.269139446966,17691.377245508957,664.9588395700666,2029086.3194661455,1415.310179640729,229833.75583258914,2560614.252479862,19333.144534020234,0.0,0.0,0.0,12.0,1.0,168.0,1.0,168.0,26299.11632764824,0.0,0.0,0.0,0.0,-0.4720253663407185,0.0,0.7567664670658683,0.58,25.54171203458877,0.0,0.0,2791863.3184920917,-136.5632530443052
50,8400,9598,6399,after_environment_step_before_replay_storage_and_optimizer,24104.30821604804,17691.37724550896,58.90059644409848,2238159.392374435,1415.310179640729,230253.88617314002,2830801.548429998,7526.672072066734,0.0,0.0,0.0,12.0,1.0,168.0,1.0,168.0,26347.190452612595,0.0,1.0,0.005952380952380952,0.0,-0.9873734736511675,0.0,0.7567664670658683,0.58,32.43574064856123,0.0,0.0,3062470.7447827784,-41.16739614697957
51,8568,9850,6567,after_environment_step_before_replay_storage_and_optimizer,24151.648498382452,17691.377245508953,493.1848272392508,2069558.286778932,1415.310179640729,210407.93363206473,2615515.2994126794,157.2692814787606,0.0,0.0,0.0,12.0,1.0,168.0,1.0,168.0,24076.28375912019,0.0,0.0,0.0,0.0,-0.4379238825647863,0.0,0.7567664670658683,0.58,25.527856441160125,0.0,0.0,2827338.5432243845,-30.377436041748872
52,8736,10102,6735,after_environment_step_before_replay_storage_and_optimizer,23857.25125904088,17691.37724550896,505.6208672237899,2160689.3566196905,1415.3101796407295,237586.55326737283,2726504.9701304426,14642.44755289371,0.0,0.0,0.0,12.0,1.0,168.0,1.0,168.0,27186.24328975812,0.0,0.0,0.0,0.0,-0.5820377425228763,0.0,0.7567664670658683,0.58,26.503954313549457,0.0,0.0,2965506.833577456,-103.54948979789567
53,8904,10354,6903,after_environment_step_before_replay_storage_and_optimizer,24350.750944169504,17667.43820822662,393.26154365551156,2096821.9332384672,1413.395056658142,214966.9370337464,2650887.1596460296,2407.5626753773913,0.0,0.0,0.0,12.0,1.0,168.0,1.0,168.0,24597.955435957356,0.0,1.0,0.005952380952380952,0.0,-0.45491020582956265,0.0,0.7565272760189173,0.58,25.524354681626505,0.0,0.0,2867267.491736434,-35.633505996217636
54,9072,10606,7071,after_environment_step_before_replay_storage_and_optimizer,24018.609580043907,17691.377245508957,711.5079433257506,2161403.224716536,1415.310179640729,241571.1797165487,2727956.0019062143,17292.346479865024,0.0,0.0,0.0,12.0,1.0,168.0,1.0,168.0,27642.19091211448,0.0,1.0,0.005952380952380952,0.0,-0.48552005484211863,0.0,0.7567664670658683,0.58,25.486650118199393,0.0,0.0,2970942.4918024037,-129.15220899886995
55,9240,10858,7239,after_environment_step_before_replay_storage_and_optimizer,24033.893689663295,17691.377245508957,96.55124389487719,2048837.9643183413,1415.310179640729,209383.2161400908,2592677.1008608784,7301.95188907136,0.0,0.0,0.0,12.0,1.0,168.0,1.0,168.0,23959.028726556444,0.0,0.0,0.0,0.0,-0.6203131700866945,0.0,0.7567664670658683,0.58,30.299999237060547,0.0,0.0,2803475.62718061,-42.30283407904915
56,9408,11110,7407,after_environment_step_before_replay_storage_and_optimizer,24459.244431721592,17691.377245508957,650.7448822143124,2170867.417322031,1415.310179640729,226169.15855339947,2742804.0067337924,5324.991822669232,0.0,0.0,0.0,12.0,1.0,168.0,1.0,168.0,25879.788584470287,0.0,0.0,0.0,0.0,-0.17467066197082806,0.0,0.7567664670658683,0.58,25.45241296939146,0.0,0.0,2970388.4754668325,-65.66965204620499
57,9576,11362,7575,after_environment_step_before_replay_storage_and_optimizer,24278.25369361353,17691.377245508964,574.8249399752985,2131188.528126889,1415.3101796407295,222756.32611278168,2692070.405364884,5052.928164622286,0.0,0.0,0.0,12.0,1.0,168.0,1.0,168.0,25489.26945886388,0.0,1.0,0.005952380952380952,0.0,-0.31485955834350726,0.0,0.7567664670658683,0.58,33.0622138934767,0.0,0.0,2916242.0416573063,-59.75413722162939
58,9744,11614,7743,after_environment_step_before_replay_storage_and_optimizer,24134.334775882326,17691.37724550896,750.5868421557043,2201586.569456535,1415.3101796407295,236739.13620098782,2780401.1626593303,16021.95769394894,0.0,0.0,0.0,12.0,1.0,168.0,1.0,168.0,27089.276158336717,0.0,1.0,0.005952380952380952,0.0,-0.24174569681220504,0.0,0.7567664670658683,0.58,33.16566937270723,0.0,0.0,3018555.6090399586,-125.14499899908672
59,9912,11866,7911,after_environment_step_before_replay_storage_and_optimizer,24124.51317446038,17691.377245508957,304.6031350779667,2187129.2069469164,1415.310179640729,224418.39169162052,2766725.357583772,3330.2488641691375,0.0,0.0,0.0,12.0,1.0,168.0,1.0,168.0,25679.454124487595,0.0,0.0,0.0,0.0,-0.4400975215425403,0.0,0.7567664670658683,0.58,25.560617222104455,0.0,0.0,2992559.059455033,-34.927432425523655
60,10080,12118,8079,after_environment_step_before_replay_storage_and_optimizer,23906.43071917814,17691.377245508957,764.3875038018796,2240001.314996464,1415.310179640729,244143.80399789303,2825748.015568106,13256.528475733749,0.0,0.0,0.0,12.0,1.0,168.0,1.0,168.0,27936.567797691238,0.0,1.0,0.005952380952380952,0.0,-0.24027435105624745,0.0,0.7567664670658683,0.58,33.076338480485425,0.0,0.0,3071307.1297456394,-112.14589260678113
61,10248,12370,8247,after_environment_step_before_replay_storage_and_optimizer,24147.746652699025,17691.377245508953,418.96195462584365,2065635.425843933,1415.310179640729,230674.72987099926,2608142.130774395,14814.797285418024,0.0,0.0,0.0,12.0,1.0,168.0,1.0,168.0,26395.346204693757,0.0,0.0,0.0,0.0,-0.5260504123824727,0.0,0.7567664670658683,0.58,25.513629797101466,0.0,0.0,2840232.170825035,-99.21170370464041
62,10416,12622,8415,after_environment_step_before_replay_storage_and_optimizer,24428.83309414402,17583.502994011953,763.2535041619012,2073071.377630476,1406.6802395209684,228255.56783833192,2618577.280200728,18256.939069075066,0.0,0.0,0.0,12.0,1.0,168.0,1.0,168.0,26118.529496538453,0.0,0.0,0.0,0.0,-0.5433595416217616,0.0,0.755688622754491,0.58,26.518382271128022,0.0,0.0,2848239.528278581,-137.07990559508926
63,10584,12874,8583,after_environment_step_before_replay_storage_and_optimizer,23879.005217014965,17691.377245508957,107.3782479132733,2047361.1678508944,1415.310179640729,226190.0384754026,2593419.6438668645,13363.96743364939,0.0,0.0,0.0,12.0,1.0,168.0,1.0,168.0,25882.177804868676,0.0,1.0,0.005952380952380952,0.0,-0.7082646033741155,0.0,0.7567664670658683,0.58,32.61176115941236,0.0,0.0,2821024.9925219077,-73.26253204304325
64,10752,13126,8751,after_environment_step_before_replay_storage_and_optimizer,24434.944959640772,17659.13723560826,665.3441668332543,2116358.185575781,1412.7309788486732,238975.0831633874,2671264.722152767,20740.24239227679,0.0,0.0,0.0,12.0,1.0,168.0,1.0,168.0,27345.12817212633,0.0,1.0,0.005952380952380952,0.0,-0.5513929885006211,0.0,0.756444335409908,0.58,27.01374163477477,0.0,0.0,2911652.5362950033,-143.62186197137905
65,10920,13378,8919,after_environment_step_before_replay_storage_and_optimizer,24347.165971929167,17691.377245508957,417.1663627361795,2034333.7651928922,1415.3101796407295,238614.81504131894,2568167.6193992426,26953.62392268114,0.0,0.0,0.0,12.0,1.0,168.0,1.0,168.0,27303.9038827825,0.0,1.0,0.005952380952380952,0.0,-0.6111705459452215,0.0,0.7567664670658683,0.58,25.555288799570747,0.0,0.0,2808197.744620202,-159.79810137757661
66,11088,13630,9087,after_environment_step_before_replay_storage_and_optimizer,23913.618048435656,17691.377245508957,716.5970511489868,2098236.365221182,1415.310179640729,228421.5710227807,2646912.0758454306,12733.877694874545,0.0,0.0,0.0,12.0,1.0,168.0,1.0,168.0,26137.524691751452,0.0,1.0,0.005952380952380952,0.0,-0.41980341652041414,0.0,0.7567664670658683,0.58,25.530065452036954,0.0,0.0,2876748.9570478518,-106.66521154331166
67,11256,13882,9255,after_environment_step_before_replay_storage_and_optimizer,24188.646273964594,17691.37724550896,102.8219954537526,2081634.6643424612,1415.3101796407295,222701.1198857166,2633290.096621534,12647.351866781897,0.0,0.0,0.0,12.0,1.0,168.0,1.0,168.0,25482.95239293797,0.0,1.0,0.005952380952380952,0.0,-0.6968692942798064,0.0,0.7567664670658683,0.58,25.521970865395744,0.0,0.0,2857406.526686891,-69.40607906113459
68,11424,14134,9423,after_environment_step_before_replay_storage_and_optimizer,24074.9972630695,17691.377245508957,215.41772622170538,2076885.9129626069,1415.310179640729,214998.99782611744,2626918.9915968515,4717.276675573569,0.0,0.0,0.0,12.0,1.0,168.0,1.0,168.0,24601.624046362595,0.0,1.0,0.005952380952380952,0.0,-0.5368953646754318,0.0,0.7567664670658683,0.58,28.777276928717484,0.0,0.0,2843333.2996026096,-36.51144695117037
69,11592,14386,9591,after_environment_step_before_replay_storage_and_optimizer,23960.44661624489,17691.37724550896,749.7443089608478,2097176.251824727,1415.3101796407295,234446.3884952573,2649795.5287718736,20356.194857465616,0.0,0.0,0.0,12.0,1.0,168.0,1.0,168.0,26826.924623399977,0.0,0.0,0.0,0.0,-0.6422677349279884,0.0,0.7567664670658683,0.58,25.578556536924996,0.0,0.0,2885657.227446771,-146.76563282497887
70,11760,14638,9759,after_environment_step_before_replay_storage_and_optimizer,24001.069516522053,17691.377245508964,763.6231760905666,2070652.5234795245,1415.3101796407295,238575.04230946538,2616196.180878738,26882.322970983172,0.0,0.0,0.0,12.0,1.0,168.0,1.0,168.0,27299.352820655462,0.0,1.0,0.005952380952380952,0.0,-0.7161205831921393,0.0,0.7567664670658683,0.58,25.57151319361177,0.0,0.0,2856186.533367844,-180.22900542034992
71,11928,14890,9927,after_environment_step_before_replay_storage_and_optimizer,24450.14348113311,17691.37724550896,753.045054440563,2040185.6763748855,1415.310179640729,225904.0708718587,2573212.618480595,18181.841748508094,0.0,0.0,0.0,12.0,1.0,168.0,1.0,168.0,25849.45547805338,0.0,0.0,0.0,0.0,-0.515667594060866,0.0,0.7567664670658683,0.58,25.506352174852914,0.0,0.0,2800531.999532094,-136.09191200897405
72,12096,15142,10095,after_environment_step_before_replay_storage_and_optimizer,24095.16003548679,17691.377245508964,668.1745130295785,2039418.140778631,1415.3101796407295,239354.83882493968,2573831.621317945,28813.25196810477,0.0,0.0,0.0,12.0,1.0,168.0,1.0,168.0,27388.58235614324,0.0,0.0,0.0,0.0,-0.5968355013323674,0.0,0.7567664670658683,0.58,25.54438531698281,0.0,0.0,2814601.770322525,-184.1567306222987
73,12264,15394,10263,after_environment_step_before_replay_storage_and_optimizer,24095.987267761462,17691.37724550896,61.263425675133476,2062417.4046878791,1415.3101796407295,211244.22280045008,2611318.994401594,7503.9487115253905,0.0,0.0,0.0,12.0,1.0,168.0,1.0,168.0,24171.977561987595,0.0,1.0,0.005952380952380952,0.0,-0.6640096907958012,0.0,0.7567664670658683,0.58,25.5170529163689,0.0,0.0,2823978.5273816846,-41.19554909813498
74,12432,15646,10431,after_environment_step_before_replay_storage_and_optimizer,24258.616810694235,17685.66336920681,572.0966033132154,2095579.7436404438,1414.853069536557,212922.57861372395,2647160.003750694,-186.44029831249406,0.0,0.0,0.0,12.0,1.0,168.0,1.0,168.0,24364.026265245197,0.0,1.0,0.005952380952380952,0.0,-0.3734378891806633,0.0,0.7567093758788359,0.58,25.551107508579445,0.0,0.0,2861497.4354339545,-33.3935947072305
75,12600,15898,10599,after_environment_step_before_replay_storage_and_optimizer,24123.532549441847,17691.377245508957,493.9467565742234,2207604.2595073013,1415.310179640729,228217.5433683346,2789956.3942857357,5142.307465327239,0.0,0.0,0.0,12.0,1.0,168.0,1.0,168.0,26114.178482231895,0.0,1.0,0.005952380952380952,0.0,-0.3183177122458096,0.0,0.7567664670658683,0.58,33.11208937034673,0.0,0.0,3019589.2478337106,-55.34834272108986
76,12768,16150,10767,after_environment_step_before_replay_storage_and_optimizer,24080.17754775743,17691.37724550896,248.20109095308362,2070617.7437911793,1415.3101796407295,226484.6366439743,2615440.3360281456,14506.258067538294,0.0,0.0,0.0,12.0,1.0,168.0,1.0,168.0,25915.887698687853,0.0,0.0,0.0,0.0,-0.5703951538625822,0.0,0.7567664670658683,0.58,27.27184940113321,0.0,0.0,2843340.2828517603,-87.42335579487624
77,12936,16402,10935,after_environment_step_before_replay_storage_and_optimizer,24197.849320243407,17691.37724550896,61.29308121050235,2046130.6720097929,1415.3101796407295,218181.33689182583,2593277.777554036,7559.328380464227,0.0,0.0,0.0,12.0,1.0,168.0,1.0,168.0,24965.768577612595,0.0,1.0,0.005952380952380952,0.0,-0.7001139221917482,0.0,0.7567664670658683,0.58,32.452094008232116,0.0,0.0,2812874.4246255024,-41.47422677495119
78,13104,16654,11103,after_environment_step_before_replay_storage_and_optimizer,24271.3105885713,17673.60664969924,422.68135365949274,2061623.0822795539,1413.888531975952,236940.3699794508,2604065.7480843086,24405.058404147017,0.0,0.0,0.0,12.0,1.0,168.0,1.0,168.0,27112.302673870425,0.0,1.0,0.005952380952380952,0.0,-0.6020848238007183,0.0,0.7565889090727653,0.58,25.514456562008327,0.0,0.0,2842420.0065957354,-147.38617324030463
79,13272,16906,11271,after_environment_step_before_replay_storage_and_optimizer,24021.42752875489,17644.557872682082,412.75812334458897,2200823.368497511,1411.564629814579,243015.92933283356,2776887.414277856,17897.034024823566,0.0,0.0,0.0,12.0,1.0,168.0,1.0,168.0,27807.50883108316,0.0,1.0,0.005952380952380952,0.0,-0.6675588352233854,0.0,0.7562986631741759,0.58,32.982187878751844,0.0,0.0,3021314.908240504,-114.25065752479296
80,13440,17158,11439,after_environment_step_before_replay_storage_and_optimizer,24182.758197595736,17691.377245508964,579.7916505028097,2100842.872403884,1415.3101796407295,217732.2805691396,2655056.6521477615,4853.666400175244,0.0,0.0,0.0,12.0,1.0,168.0,1.0,168.0,24914.38454820747,0.0,0.0,0.0,0.0,-0.42452568975547483,0.0,0.7567664670658683,0.58,25.550467606096014,0.0,0.0,2874204.2428965415,-59.055831031045
81,13608,17410,11607,after_environment_step_before_replay_storage_and_optimizer,24455.542889768054,17691.377245508957,648.899270411921,2193590.1298284153,1415.310179640729,228337.54951749335,2769181.97559598,7852.542092591955,0.0,0.0,0.0,12.0,1.0,168.0,1.0,168.0,26127.910388867305,0.0,0.0,0.0,0.0,-0.19965135397422945,0.0,0.7567664670658683,0.58,33.39535348053403,0.0,0.0,2998934.8352931137,-78.19666668767482
82,13776,17662,11775,after_environment_step_before_replay_storage_and_optimizer,24210.499436811773,17691.37724550896,713.7646420189776,2082618.7119626768,1415.3101796407295,231264.33832032132,2629682.5022927346,14709.17667835428,0.0,0.0,0.0,12.0,1.0,168.0,1.0,168.0,26462.813148965342,0.0,1.0,0.005952380952380952,0.0,-0.46692386327957514,0.0,0.7567664670658683,0.58,25.467622999626773,0.0,0.0,2862362.1507926965,-116.37176191290969
83,13944,17914,11943,after_environment_step_before_replay_storage_and_optimizer,24173.553137713207,17691.37724550896,508.30088249957953,2083264.7031597516,1415.310179640729,227455.70459358342,2630021.1511318297,10143.571122176478,0.0,0.0,0.0,12.0,1.0,168.0,1.0,168.0,26027.003791606,0.0,1.0,0.005952380952380952,0.0,-0.47217976767623915,0.0,0.7567664670658683,0.58,25.35327735461412,0.0,0.0,2858892.1659050537,-81.21590856085676
84,14112,18166,12111,after_environment_step_before_replay_storage_and_optimizer,23981.121242744102,17691.377245508953,650.76180414583,2103885.3135425276,1415.310179640729,222020.24831116432,2656279.355447565,10110.283117880634,0.0,0.0,0.0,12.0,1.0,168.0,1.0,168.0,25405.042511169417,0.0,1.0,0.005952380952380952,0.0,-0.47779577775977206,0.0,0.7567664670658683,0.58,25.56859214392611,0.0,0.0,2879714.91393837,-89.5971238381527
85,14280,18418,12279,after_environment_step_before_replay_storage_and_optimizer,23856.94054602904,17691.37724550896,645.3188858231551,2173521.1077372353,1415.310179640729,222127.7563990052,2746775.7819411037,-691.9815539969903,0.0,0.0,0.0,12.0,1.0,168.0,1.0,168.0,25417.34430599519,0.0,1.0,0.005952380952380952,0.0,-0.14233192044355106,0.0,0.7567664670658683,0.58,27.518962347294007,0.0,0.0,2970318.8485197495,-35.25922537940444
86,14448,18670,12447,after_environment_step_before_replay_storage_and_optimizer,24301.731914420885,17677.663253433282,571.297338000446,2077790.7443333368,1414.2130602746752,213686.64307764993,2626879.8627244015,-307.45404341061317,0.0,0.0,0.0,12.0,1.0,168.0,1.0,168.0,24451.45563412019,0.0,0.0,0.0,0.0,-0.37123693849713435,0.0,0.7566294413332221,0.58,25.549131863931485,0.0,0.0,2841980.7188623264,-32.74057006297358
87,14616,18922,12615,after_environment_step_before_replay_storage_and_optimizer,24144.919792296234,17663.63131537728,648.6863338059593,2155294.4825277436,1413.0905052301946,221035.09348114222,2722692.635394736,-780.7052038489599,0.0,0.0,0.0,12.0,1.0,168.0,1.0,168.0,25292.31450312882,0.0,1.0,0.005952380952380952,0.0,-0.18642214780206073,0.0,0.7564892387881162,0.58,28.52964394350559,0.0,0.0,2945140.8193811085,-35.01765400911271
88,14784,19174,12783,after_environment_step_before_replay_storage_and_optimizer,24318.766383975413,17691.377245508957,102.96265804595168,2233680.662341768,1415.310179640729,241383.93632818546,2823757.8188392366,17466.224874005446,0.0,0.0,0.0,12.0,1.0,168.0,1.0,168.0,27620.765270635882,0.0,1.0,0.005952380952380952,0.0,-1.2081927619901613,0.0,0.7567664670658683,0.58,33.19588522317215,0.0,0.0,3066557.0653470624,-93.50888385278424
89,14952,19426,12951,after_environment_step_before_replay_storage_and_optimizer,24026.93734667179,17667.07814699125,243.42832942179302,2164017.36494978,1413.3662517593125,229767.14544588875,2735862.0791386045,9871.990042978441,0.0,0.0,0.0,12.0,1.0,168.0,1.0,168.0,26291.494321463302,0.0,0.0,0.0,0.0,-0.7646633977676106,0.0,0.7565236784045756,0.58,25.508678037440372,0.0,0.0,2967042.5908362526,-63.96564998019946
90,15120,19678,13119,after_environment_step_before_replay_storage_and_optimizer,24208.901034180213,17691.37724550896,95.57255524658103,2205644.414737896,1415.310179640729,224553.21206739917,2793021.446519698,6461.934772701596,0.0,0.0,0.0,12.0,1.0,168.0,1.0,168.0,25694.88117406565,0.0,0.0,0.0,0.0,-0.8758526938995066,0.0,0.7567664670658683,0.58,29.38959431611671,0.0,0.0,3018989.9687667377,-38.04402717830313
91,15288,19930,13287,after_environment_step_before_replay_storage_and_optimizer,23872.308050741725,17691.377245508957,414.3866161136957,2100754.3035944165,1415.310179640729,238314.76962121984,2652448.478218482,22837.227542235858,0.0,0.0,0.0,12.0,1.0,168.0,1.0,168.0,27269.570677992026,0.0,1.0,0.005952380952380952,0.0,-0.6465311600934482,0.0,0.7567664670658683,0.58,25.416104108206955,0.0,0.0,2892178.5580193424,-139.04933467800092
92,15456,20182,13455,after_environment_step_before_replay_storage_and_optimizer,24139.538047551523,17691.37724550896,513.86830777244,2215988.936092017,1415.310179640729,249110.61777755493,2796724.084263801,19051.83249190248,0.0,0.0,0.0,12.0,1.0,168.0,1.0,168.0,28504.903866933568,0.0,0.0,0.0,0.0,-0.5183759356289027,0.0,0.7567664670658683,0.58,32.073360432101836,0.0,0.0,3047250.0122209964,-126.09126092585846
93,15624,20434,13623,after_environment_step_before_replay_storage_and_optimizer,24180.52477213111,17663.963649022062,94.16575232427203,2073429.570908419,1413.117091921777,212014.197042908,2626156.504096881,6580.002335147559,0.0,0.0,0.0,12.0,1.0,168.0,1.0,168.0,24260.08316726884,0.0,0.0,0.0,0.0,-0.6226151057131695,0.0,0.756492559357423,0.58,25.47613032762833,0.0,0.0,2839583.8182317107,-38.549956815194406
94,15792,20686,13791,after_environment_step_before_replay_storage_and_optimizer,24139.74538892612,17691.37724550896,97.94891595034824,2082939.7406498578,1415.3101796407295,213749.1194200188,2636311.453225794,6376.061635271695,0.0,0.0,0.0,12.0,1.0,168.0,1.0,168.0,24458.604595288805,0.0,1.0,0.005952380952380952,0.0,-0.6466638936751622,0.0,0.7567664670658683,0.58,25.530894441324435,0.0,0.0,2851475.8828254533,-37.75724313337961
95,15960,20938,13959,after_environment_step_before_replay_storage_and_optimizer,24151.254609580716,17691.377245508957,753.1350329384804,2206148.196979575,1415.310179640729,244540.918624874,2786546.557893905,20189.94974418464,0.0,0.0,0.0,12.0,1.0,168.0,1.0,168.0,27982.008310693996,0.0,1.0,0.005952380952380952,0.0,-0.28279211687042016,0.0,0.7567664670658683,0.58,29.528448077476355,0.0,0.0,3032502.7866984196,-146.13785069723187
96,16128,21190,14127,after_environment_step_before_replay_storage_and_optimizer,23577.05790069367,17691.37724550896,713.5088537004103,2044577.8056616923,1415.310179640729,231685.96458894265,2579920.6313815066,24149.89553522672,0.0,0.0,0.0,12.0,1.0,168.0,1.0,168.0,26511.058448029857,0.0,1.0,0.005952380952380952,0.0,-0.5350304329368922,0.0,0.7567664670658683,0.58,28.972838603900577,0.0,0.0,2813021.9061500896,-163.5600088981582
97,16296,21442,14295,after_environment_step_before_replay_storage_and_optimizer,24168.586394704424,17691.377245508957,741.2483096868418,2204756.1817937433,1415.310179640729,237749.31602303663,2786609.2205104292,14729.708188785331,0.0,0.0,0.0,12.0,1.0,168.0,1.0,168.0,27204.86769342548,0.0,0.0,0.0,0.0,-0.24547675340500333,0.0,0.7567664670658683,0.58,30.399999618530273,0.0,0.0,3025773.8467131066,-118.12343952513689
98,16464,21694,14463,after_environment_step_before_replay_storage_and_optimizer,24209.20789941464,17691.377245508964,224.33064415209083,2175416.4481269615,1415.3101796407295,224697.44931482378,2750138.9377684593,4702.748946873541,0.0,0.0,0.0,12.0,1.0,168.0,1.0,168.0,25711.385765112595,0.0,1.0,0.005952380952380952,0.0,-0.5694589883618079,0.0,0.7567664670658683,0.58,25.43088914361524,0.0,0.0,2976251.6972629237,-36.9735833834934
99,16632,21946,14631,after_environment_step_before_replay_storage_and_optimizer,24054.885827579063,17691.37724550896,716.5993592537216,2093867.56488502,1415.3101796407295,232968.15664833004,2642376.502166504,15759.044213712254,0.0,0.0,0.0,12.0,1.0,168.0,1.0,168.0,26657.775443547165,0.0,1.0,0.005952380952380952,0.0,-0.5239256078191843,0.0,0.7567664670658683,0.58,25.486742948208153,0.0,0.0,2876759.9689944745,-121.79118262378438
100,16800,22198,14799,after_environment_step_before_replay_storage_and_optimizer,23849.033542834943,17691.377245508964,414.3568228827007,2032520.9579718988,1415.3101796407295,238118.2428915523,2566350.582236737,28229.259480487406,0.0,0.0,0.0,12.0,1.0,168.0,1.0,168.0,27247.082774479786,0.0,0.0,0.0,0.0,-0.572289900283067,0.0,0.7567664670658683,0.58,25.538458184904993,0.0,0.0,2805884.13530793,-166.0077067753995
101,16968,22450,14967,after_environment_step_before_replay_storage_and_optimizer,24096.508472141904,17684.991073347002,303.96042674451564,2045450.6162114397,1414.7992858677726,209621.09383338862,2585971.937417321,3786.689575276481,0.0,0.0,0.0,12.0,1.0,168.0,1.0,168.0,23986.248284036712,0.0,1.0,0.005952380952380952,0.0,-0.49163668058491966,0.0,0.7567026585180385,0.58,25.54418069943016,0.0,0.0,2797007.8305365774,-37.171073481053426
102,17136,22702,15135,after_environment_step_before_replay_storage_and_optimizer,24501.113912203593,17691.37724550896,326.23371482788934,2150046.9007583163,1415.310179640729,241156.2135992541,2715161.732735415,20463.960602100542,0.0,0.0,0.0,12.0,1.0,168.0,1.0,168.0,27594.707712132695,0.0,1.0,0.005952380952380952,0.0,-0.7434168935913762,0.0,0.7567664670658683,0.58,32.17532962079018,0.0,0.0,2957733.2565143094,-121.89382590017581
103,17304,22954,15303,after_environment_step_before_replay_storage_and_optimizer,24112.253298283038,17691.37724550896,587.7812407237052,2073095.0727930728,1415.3101796407295,231803.71866440968,2614949.0321457675,16703.256756228213,0.0,0.0,0.0,12.0,1.0,168.0,1.0,168.0,26524.532657323194,0.0,1.0,0.005952380952380952,0.0,-0.50451463791827,0.0,0.7567664670658683,0.58,27.284446897161494,0.0,0.0,2848168.0609898176,-118.78315822456307
104,17472,23206,15471,after_environment_step_before_replay_storage_and_optimizer,24391.08209120859,17691.377245508957,645.9676836103445,2095656.3367848757,1415.310179640729,214543.35755535876,2647754.822491069,478.4315923039876,0.0,0.0,0.0,12.0,1.0,168.0,1.0,168.0,24549.486637561025,0.0,0.0,0.0,0.0,-0.39904427504942525,0.0,0.7567664670658683,0.58,25.479562155890545,0.0,0.0,2863713.490226068,-41.15021897814061
105,17640,23458,15639,after_environment_step_before_replay_storage_and_optimizer,24246.782442878273,17691.377245508957,220.01204178744956,2032537.6507743234,1415.310179640729,206914.99769778067,2572577.387883939,4714.091130955948,0.0,0.0,0.0,12.0,1.0,168.0,1.0,168.0,23676.598655737595,0.0,1.0,0.005952380952380952,0.0,-0.522739515467966,0.0,0.7567664670658683,0.58,31.0,0.0,0.0,2780907.69576136,-36.77117816202695
106,17808,23710,15807,after_environment_step_before_replay_storage_and_optimizer,23943.974879155736,17691.316396979048,416.9753336221456,2203313.5817033104,1415.3053117583363,246985.77263422322,2783343.6641618223,21769.84351398864,0.0,0.0,0.0,12.0,1.0,168.0,1.0,168.0,28261.764866744998,0.0,1.0,0.005952380952380952,0.0,-0.6423223850018968,0.0,0.756765859087218,0.58,29.511952555048584,0.0,0.0,3031744.742107804,-133.86773758727196
107,17976,23962,15975,after_environment_step_before_replay_storage_and_optimizer,24387.200261942457,17691.377245508964,237.39577010409994,2070335.445409299,1415.3101796407295,231600.47484907543,2616987.833563129,21585.452641318803,0.0,0.0,0.0,12.0,1.0,168.0,1.0,168.0,26501.27613992005,0.0,0.0,0.0,0.0,-0.577913667968654,0.0,0.7567664670658683,0.58,26.961811462457888,0.0,0.0,2850003.618591845,-122.17100941283994
108,18144,24214,16143,after_environment_step_before_replay_storage_and_optimizer,23868.343304862403,17691.377245508964,703.3306541818201,2076719.1264828953,1415.3101796407295,226709.11099215617,2624568.4978834162,14863.064735284182,0.0,0.0,0.0,12.0,1.0,168.0,1.0,168.0,25941.573555728395,0.0,0.0,0.0,0.0,-0.5753635052871178,0.0,0.7567664670658683,0.58,25.46846141431005,0.0,0.0,2852692.9190552128,-116.5151629273298
109,18312,24466,16311,after_environment_step_before_replay_storage_and_optimizer,23988.265289489664,17691.37724550896,51.01527032397826,2054577.312576943,1415.3101796407295,217537.99194480357,2602759.407288038,13267.191835700327,0.0,0.0,0.0,12.0,1.0,168.0,1.0,168.0,24892.152743684055,0.0,1.0,0.005952380952380952,0.0,-0.7201727288050929,0.0,0.7567664670658683,0.58,25.5694190344767,0.0,0.0,2821712.709412482,-69.39687539794
110,18480,24718,16479,after_environment_step_before_replay_storage_and_optimizer,24352.771266561715,17691.37724550896,49.073491369154,2154787.725986272,1415.310179640729,224688.6288753861,2729750.447725403,11776.67984949897,0.0,0.0,0.0,12.0,1.0,168.0,1.0,168.0,25710.376471408134,0.0,1.0,0.005952380952380952,0.0,-0.9741560268490496,0.0,0.7567664670658683,0.58,25.57026488916898,0.0,0.0,2955854.3867804296,-61.82780872964383
111,18648,24970,16647,after_environment_step_before_replay_storage_and_optimizer,24121.040365929057,17691.37724550896,573.6525380453404,2098466.318844959,1415.310179640729,218645.93591073234,2650806.3607534915,4909.67806317648,0.0,0.0,0.0,12.0,1.0,168.0,1.0,168.0,25018.931106326752,0.0,0.0,0.0,0.0,-0.4162444913552792,0.0,0.7567664670658683,0.58,25.57013943070359,0.0,0.0,2870867.6068438645,-58.96754259860272
112,18816,25222,16815,after_environment_step_before_replay_storage_and_optimizer,24382.819995973794,17691.37724550896,708.3001383567116,2131405.322721424,1415.3101796407295,227214.23920551845,2692036.1008118247,9415.7286564127,0.0,0.0,0.0,12.0,1.0,168.0,1.0,168.0,25999.373706082588,0.0,1.0,0.005952380952380952,0.0,-0.38890216619435003,0.0,0.7567664670658683,0.58,33.06050459568175,0.0,0.0,2920665.6501969835,-89.57665158346583
113,18984,25474,16983,after_environment_step_before_replay_storage_and_optimizer,24077.30082574142,17662.648882069032,494.01706679450217,2100994.065687516,1413.011910565535,216670.46597195513,2655285.784237675,3563.360770931239,0.0,0.0,0.0,12.0,1.0,168.0,1.0,168.0,24792.884616621744,0.0,0.0,0.0,0.0,-0.42448388299878914,0.0,0.7564794226351612,0.58,25.49629012374195,0.0,0.0,2873369.2621201957,-47.4578278623265
114,19152,25726,17151,after_environment_step_before_replay_storage_and_optimizer,24243.451384075135,17691.37724550896,146.31049795534273,2079175.6474006625,1415.3101796407295,213349.4907243799,2631025.6180975423,5784.377430949608,0.0,0.0,0.0,12.0,1.0,168.0,1.0,168.0,24412.87640572674,0.0,0.0,0.0,0.0,-0.6063466369891164,0.0,0.7567664670658683,0.58,25.54706065907974,0.0,0.0,2845790.4190015625,-37.70051703206884
115,19320,25978,17319,after_environment_step_before_replay_storage_and_optimizer,24030.656393022193,17691.377245508964,93.94501986698378,2090410.3449388102,1415.3101796407295,213436.86230250355,2646866.4428729406,6723.428376907268,0.0,0.0,0.0,12.0,1.0,168.0,1.0,168.0,24422.874046362598,0.0,0.0,0.0,0.0,-0.6395031943844053,0.0,0.7567664670658683,0.58,25.561699466614158,0.0,0.0,2861718.6153550847,-39.25384307655562
116,19488,26230,17487,after_environment_step_before_replay_storage_and_optimizer,24079.35603730725,17691.377245508957,302.13708060291356,2077958.7194499106,1415.310179640729,211913.0974154398,2628682.702438024,4017.3378314997053,0.0,0.0,0.0,12.0,1.0,168.0,1.0,168.0,24248.514671362595,0.0,0.0,0.0,0.0,-0.4955439047211794,0.0,0.7567664670658683,0.58,25.54985111390519,0.0,0.0,2842011.110033104,-38.21491399367349
117,19656,26482,17655,after_environment_step_before_replay_storage_and_optimizer,24034.737509247963,17691.377245508957,59.87448175774807,2178393.079206364,1415.310179640729,222722.05831966063,2759682.0499348585,7620.73736414899,0.0,0.0,0.0,12.0,1.0,168.0,1.0,168.0,25485.348308664175,0.0,1.0,0.005952380952380952,0.0,-0.9411438661562814,0.0,0.7567664670658683,0.58,25.501619156405273,0.0,0.0,2983819.41843416,-41.69615572620978
118,19824,26734,17823,after_environment_step_before_replay_storage_and_optimizer,24061.86212717792,17610.884862558472,712.5477308727823,2105992.374520283,1408.8707890046899,221197.084336255,2661325.6302562836,9131.93420130948,0.0,0.0,0.0,12.0,1.0,168.0,1.0,168.0,25310.85058076978,0.0,0.0,0.0,0.0,-0.4704179195636747,0.0,0.7559622134477119,0.58,25.523753555761477,0.0,0.0,2883931.5853815433,-88.41253485891392
119,19992,26986,17991,after_environment_step_before_replay_storage_and_optimizer,23922.042926586208,17691.377245508957,324.5107076147051,2049301.0859194507,1415.310179640729,227221.3563719429,2587314.9180401103,18120.64609670159,0.0,0.0,0.0,12.0,1.0,168.0,1.0,168.0,26000.18809989102,0.0,0.0,0.0,0.0,-0.49014748992112334,0.0,0.7567664670658683,0.58,25.526751116019057,0.0,0.0,2815951.5845916937,-110.07387294039015
120,20160,27238,18159,after_environment_step_before_replay_storage_and_optimizer,24129.851337643104,17691.37724550896,103.88545468601478,2122847.4520947444,1415.3101796407295,221321.38815377536,2687544.777372636,8854.054210316392,0.0,0.0,0.0,12.0,1.0,168.0,1.0,168.0,25325.07425537796,0.0,0.0,0.0,0.0,-0.739669458497087,0.0,0.7567664670658683,0.58,27.57860698885466,0.0,0.0,2910281.475706052,-50.50339833274257
121,20328,27490,18327,after_environment_step_before_replay_storage_and_optimizer,23992.362893342073,17691.377245508957,417.3855760077313,2099486.275658535,1415.310179640729,242291.32313076573,2650609.3900184636,26039.999355109154,0.0,0.0,0.0,12.0,1.0,168.0,1.0,168.0,27724.594540573995,0.0,0.0,0.0,0.0,-0.6454728990462195,0.0,0.7567664670658683,0.58,25.546928125047764,0.0,0.0,2894316.02332887,-155.2431313360097
122,20496,27742,18495,after_environment_step_before_replay_storage_and_optimizer,24171.01886788868,17691.377245508964,394.85357323741664,2172172.1344997636,1415.3101796407295,222581.98909509246,2747717.517382068,2383.914606109697,0.0,0.0,0.0,12.0,1.0,168.0,1.0,168.0,25469.32065068375,0.0,1.0,0.005952380952380952,0.0,-0.331963804412498,0.0,0.7567664670658683,0.58,29.11877292816845,0.0,0.0,2971714.816656801,-35.610787424793514
123,20664,27994,18663,after_environment_step_before_replay_storage_and_optimizer,24116.837097722237,17691.37724550896,593.771391218821,2084067.1493155037,1415.310179640729,240809.48522009657,2629675.4318756205,24427.485435857005,0.0,0.0,0.0,12.0,1.0,168.0,1.0,168.0,27555.032730777028,0.0,1.0,0.005952380952380952,0.0,-0.5928298782125376,0.0,0.7567664670658683,0.58,25.54434180120492,0.0,0.0,2871900.2272753576,-157.76371065241432
124,20832,28246,18831,after_environment_step_before_replay_storage_and_optimizer,24369.70633187646,17691.37724550896,147.78520723030306,2054408.342959993,1415.310179640729,212102.81699962873,2600165.6745230826,5754.781489844979,0.0,0.0,0.0,12.0,1.0,168.0,1.0,168.0,24270.223655737595,0.0,0.0,0.0,0.0,-0.5774752164079121,0.0,0.7567664670658683,0.58,25.48885284215907,0.0,0.0,2813683.801702352,-37.641019883043334
125,21000,28498,18999,after_environment_step_before_replay_storage_and_optimizer,24463.12358947387,17691.37724550896,647.2120921923579,2197233.9342353,1415.3101796407295,230224.26269629004,2773972.3468648233,9735.858920056122,0.0,0.0,0.0,12.0,1.0,168.0,1.0,168.0,26343.80073615913,0.0,1.0,0.005952380952380952,0.0,-0.16740084137350697,0.0,0.7567664670658683,0.58,33.409422589428885,0.0,0.0,3005611.9197407537,-87.51202013182176
126,21168,28750,19167,after_environment_step_before_replay_storage_and_optimizer,24396.9281012024,17691.377245508964,151.35711587743026,2041700.6049368465,1415.3101796407295,209460.2662515967,2583192.538643102,5497.18044188279,0.0,0.0,0.0,12.0,1.0,168.0,1.0,168.0,23967.845315913437,0.0,1.0,0.005952380952380952,0.0,-0.5646329492855167,0.0,0.7567664670658683,0.58,25.475980029704292,0.0,0.0,2794068.1150743393,-36.56732916206001
127,21336,29002,19335,after_environment_step_before_replay_storage_and_optimizer,24215.848266113273,17660.660546559175,653.363334366988,2153927.8716481053,1412.8528437247464,225288.9068165533,2720099.0518301837,5874.896299540249,0.0,0.0,0.0,12.0,1.0,168.0,1.0,168.0,25779.06429033399,0.0,1.0,0.005952380952380952,0.0,-0.26090511998143084,0.0,0.7564595558357289,0.58,33.227216777250675,0.0,0.0,2946800.8114904617,-68.57628155972066
128,21504,29254,19503,after_environment_step_before_replay_storage_and_optimizer,24101.742785207283,17691.377245508957,57.77022427377233,2101839.9450457236,1415.310179640729,215891.3370201626,2660537.350467539,7564.48675729212,0.0,0.0,0.0,12.0,1.0,168.0,1.0,168.0,24703.731468237595,0.0,1.0,0.005952380952380952,0.0,-0.7331908683021735,0.0,0.7567664670658683,0.58,25.56392998265089,0.0,0.0,2877843.997667342,-41.28864724288693
129,21672,29506,19671,after_environment_step_before_replay_storage_and_optimizer,24222.223634585796,17686.788637791382,595.0920815213158,2203566.573320094,1414.9430910233232,247938.74368761314,2780898.418075077,23522.648812986452,0.0,0.0,0.0,12.0,1.0,168.0,1.0,168.0,28370.810191698212,0.0,0.0,0.0,0.0,-0.43364171461023726,0.0,0.7567206191952514,0.58,33.09873605296636,0.0,0.0,3030252.104853713,-153.3187689562111
130,21840,29758,19839,after_environment_step_before_replay_storage_and_optimizer,24106.072631335945,17691.37724550896,655.2211569498395,2094534.7940977837,1415.3101796407295,218956.88755916947,2643862.899693869,-856.0151590222745,0.0,0.0,0.0,12.0,1.0,168.0,1.0,168.0,25054.51227474519,0.0,1.0,0.005952380952380952,0.0,-0.3008740610018369,0.0,0.7567664670658683,0.58,25.565793277037994,0.0,0.0,2864235.097432679,-35.03319362187873
131,22008,30010,20007,after_environment_step_before_replay_storage_and_optimizer,24191.13837773073,17691.377245508957,307.0479633973191,2097651.8927769,1415.310179640729,214148.51130147677,2652675.935202824,3995.2689709906417,0.0,0.0,0.0,12.0,1.0,168.0,1.0,168.0,24504.305686987595,0.0,1.0,0.005952380952380952,0.0,-0.5065785121621246,0.0,0.7567664670658683,0.58,27.5674218250279,0.0,0.0,2868239.7566839415,-38.39922265879251
132,22176,30262,20175,after_environment_step_before_replay_storage_and_optimizer,24022.10603346664,17691.37724550896,150.22218535632783,2079538.0855250394,1415.3101796407295,211192.777471908,2631842.669935883,5780.901602945046,0.0,0.0,0.0,12.0,1.0,168.0,1.0,168.0,24166.090843237595,0.0,0.0,0.0,0.0,-0.5756046378302069,0.0,0.7567664670658683,0.58,25.57166431034645,0.0,0.0,2844450.7575874315,-37.91783913610504
133,22344,30514,20343,after_environment_step_before_replay_storage_and_optimizer,23883.434387636742,17691.37724550896,95.97618599506677,2151180.3915208024,1415.3101796407295,221234.755397986,2721373.8715817216,6747.36264198773,0.0,0.0,0.0,12.0,1.0,168.0,1.0,168.0,25315.161155737595,0.0,1.0,0.005952380952380952,0.0,-0.7982991598332123,0.0,0.7567664670658683,0.58,33.15474508537938,0.0,0.0,2944023.9371593483,-39.4953843696429
134,22512,30766,20511,after_environment_step_before_replay_storage_and_optimizer,24199.003633536515,17687.010569158483,653.8572957177166,2136081.047677967,1414.960845532691,222548.7142194576,2698062.7819552673,3347.255139972979,0.0,0.0,0.0,12.0,1.0,168.0,1.0,168.0,25465.513116747145,0.0,0.0,0.0,0.0,-0.25538848593725294,0.0,0.7567228366610342,0.58,33.11573068839826,0.0,0.0,2922026.4570202576,-55.96771344292801
135,22680,31018,20679,after_environment_step_before_replay_storage_and_optimizer,24115.811954118148,17691.37724550896,648.7518918099286,2194479.7335228245,1415.310179640729,226548.0652361719,2770449.273518572,6093.858283296917,0.0,0.0,0.0,12.0,1.0,168.0,1.0,168.0,25923.14562265407,0.0,1.0,0.005952380952380952,0.0,-0.13655058250415883,0.0,0.7567664670658683,0.58,33.0028482447302,0.0,0.0,2998412.6489343843,-69.39440492508037
136,22848,31270,20847,after_environment_step_before_replay_storage_and_optimizer,24392.981258453336,17691.377245508964,746.3751637617934,2070376.2789932457,1415.3101796407295,224077.3186819475,2615318.790310021,10516.90259866944,0.0,0.0,0.0,12.0,1.0,168.0,1.0,168.0,25640.426268352545,0.0,0.0,0.0,0.0,-0.5262360549184804,0.0,0.7567664670658683,0.58,25.492262556123592,0.0,0.0,2840811.419171609,-97.36702281905453
137,23016,31522,21015,after_environment_step_before_replay_storage_and_optimizer,24037.77543918276,17671.129676170498,413.3515555128761,2082743.9713511243,1413.6903740936527,233599.01703227035,2629254.65830101,18311.78993087676,0.0,0.0,0.0,12.0,1.0,168.0,1.0,168.0,26729.962710224547,0.0,0.0,0.0,0.0,-0.5566354739002988,0.0,0.7565641599617371,0.58,25.45673086750585,0.0,0.0,2864267.3657073737,-116.36004298515616
138,23184,31774,21183,after_environment_step_before_replay_storage_and_optimizer,24041.272690072306,17691.377245508964,490.65606837076666,2081191.4268902605,1415.3101796407295,212368.19864746515,2630602.472208546,191.50181730380177,0.0,0.0,0.0,12.0,1.0,168.0,1.0,168.0,24300.59039974519,0.0,0.0,0.0,0.0,-0.42059235325715466,0.0,0.7567664670658683,0.58,29.197436675267546,0.0,0.0,2844385.9810356516,-30.396873188765063
139,23352,32026,21351,after_environment_step_before_replay_storage_and_optimizer,24219.122884201803,17691.377245508964,163.9255377091431,2108155.492441229,1415.3101796407295,233920.72234995343,2665561.008998544,21013.684291041707,0.0,0.0,0.0,12.0,1.0,168.0,1.0,168.0,26766.77438543875,0.0,0.0,0.0,0.0,-0.781117986820839,0.0,0.7567664670658683,0.58,25.5517374390497,0.0,0.0,2900897.041528138,-114.90395371775705
140,23520,32278,21519,after_environment_step_before_replay_storage_and_optimizer,24128.43673117814,17657.91407362742,754.5010810930762,2064765.9592069702,1412.633125890206,229738.98404501527,2605637.0364209022,18963.38023787758,0.0,0.0,0.0,12.0,1.0,168.0,1.0,168.0,26288.271905526886,0.0,0.0,0.0,0.0,-0.5457020058219731,0.0,0.756432113974629,0.58,25.52438436150996,0.0,0.0,2836788.6535918075,-140.08696605497235
141,23688,32530,21687,after_environment_step_before_replay_storage_and_optimizer,24029.180301864984,17580.573317415634,743.0392354129453,2134980.975896499,1406.445865393263,232100.66002380167,2693111.3148426404,11029.747436765112,0.0,0.0,0.0,12.0,1.0,168.0,1.0,168.0,26558.510674716024,0.0,1.0,0.005952380952380952,0.0,-0.2964535718093373,0.0,0.7556593503821715,0.58,25.453781115155554,0.0,0.0,2926618.420731835,-99.731091308602
142,23856,32782,21855,after_environment_step_before_replay_storage_and_optimizer,24264.589298926567,17691.377245508964,651.3265108728319,2102481.188617716,1415.3101796407295,222933.5201364047,2655039.100752861,8856.426631231092,0.0,0.0,0.0,12.0,1.0,168.0,1.0,168.0,25509.54518478127,0.0,1.0,0.005952380952380952,0.0,-0.44169942649287397,0.0,0.7567664670658683,0.58,25.55944151349393,0.0,0.0,2879387.931068906,-83.36172380852511
143,24024,33034,22023,after_environment_step_before_replay_storage_and_optimizer,24271.000294229554,17691.377245508957,484.0951135242558,2150563.607613321,1415.310179640729,218677.40709203118,2718157.4589118133,640.8112207727272,0.0,0.0,0.0,12.0,1.0,168.0,1.0,168.0,25022.532249487595,0.0,1.0,0.005952380952380952,0.0,-0.32969886369535045,0.0,0.7567664670658683,0.58,25.503669764003465,0.0,0.0,2938250.176183485,-32.24976291531896
144,24192,33286,22191,after_environment_step_before_replay_storage_and_optimizer,24294.815624200655,17674.347391855,108.99221925019083,2045906.3290175374,1413.9477913484125,220313.46606372698,2588336.667860534,15775.19407125277,0.0,0.0,0.0,12.0,1.0,168.0,1.0,168.0,25209.74106509282,0.0,0.0,0.0,0.0,-0.592364454235945,0.0,0.7565963103266113,0.58,25.52785728030951,0.0,0.0,2810064.0817156094,-85.41550351127533
145,24360,33538,22359,after_environment_step_before_replay_storage_and_optimizer,24248.995951608926,17691.37724550896,303.3295354515194,2168272.2719681547,1415.3101796407295,222385.65402505978,2741618.2697043954,3998.4378417174794,0.0,0.0,0.0,12.0,1.0,168.0,1.0,168.0,25446.854678149462,0.0,0.0,0.0,0.0,-0.4796746107216468,0.0,0.7567664670658683,0.58,25.572101834929725,0.0,0.0,2965419.2339090956,-38.19196133567867
146,24528,33790,22527,after_environment_step_before_replay_storage_and_optimizer,23774.346189199583,17691.37724550896,226.56043939170377,2059810.296988546,1415.3101796407295,210905.72704123994,2605745.30730729,4560.1643533964725,0.0,0.0,0.0,12.0,1.0,168.0,1.0,168.0,24133.24461209677,0.0,1.0,0.005952380952380952,0.0,-0.5172701626144025,0.0,0.7567664670658683,0.58,25.53785603962021,0.0,0.0,2818066.3445281703,-36.394448130484825
147,24696,34042,22695,after_environment_step_before_replay_storage_and_optimizer,24265.77435456583,17679.41975343058,751.4865486118415,2210127.008406095,1414.3535802744586,244045.1656737347,2790389.5334170703,20965.220444802875,0.0,0.0,0.0,12.0,1.0,168.0,1.0,168.0,27925.28094058008,0.0,0.0,0.0,0.0,-0.2663055233012848,0.0,0.7566469917078827,0.58,33.22939003369643,0.0,0.0,3035849.0526710795,-149.91529514072474
148,24864,34294,22863,after_environment_step_before_replay_storage_and_optimizer,24072.44578789821,17583.50299401195,748.216176582313,2057484.6275564127,1406.6802395209684,225014.53885395435,2597715.6529460764,17041.05820733373,0.0,0.0,0.0,12.0,1.0,168.0,1.0,168.0,25747.669272057276,0.0,0.0,0.0,0.0,-0.500349851061052,0.0,0.755688622754491,0.58,26.590450569926702,0.0,0.0,2824136.872039552,-130.0982616316073
149,25032,34546,23031,after_environment_step_before_replay_storage_and_optimizer,24145.10386757623,17691.37724550896,747.779884376032,2188520.1327307085,1415.310179640729,240571.44757486164,2765277.4451944814,17341.273245012657,0.0,0.0,0.0,12.0,1.0,168.0,1.0,168.0,27527.79487052576,0.0,0.0,0.0,0.0,-0.3237690666338967,0.0,0.7567664670658683,0.58,25.574066402249414,0.0,0.0,3007264.2029489838,-131.57315928762506
150,25200,34798,23199,after_environment_step_before_replay_storage_and_optimizer,24337.76286116053,17691.377245508957,754.9972375185353,2102708.4036595225,1415.310179640729,234864.2867571359,2654905.059605427,19441.80711194451,0.0,0.0,0.0,12.0,1.0,168.0,1.0,168.0,26874.74333898618,0.0,0.0,0.0,0.0,-0.5458352553663816,0.0,0.7567664670658683,0.58,25.54817056280379,0.0,0.0,2891184.6565422034,-142.50886981083448
151,25368,35050,23367,after_environment_step_before_replay_storage_and_optimizer,24157.008452346192,17691.37724550896,755.2483158131763,2082533.3616008596,1415.3101796407295,229710.8705839261,2629123.6578626144,15171.537376066102,0.0,0.0,0.0,12.0,1.0,168.0,1.0,168.0,26285.054975181396,0.0,0.0,0.0,0.0,-0.5290835752062301,0.0,0.7567664670658683,0.58,29.269058851073257,0.0,0.0,2860249.838626181,-121.17258582912088
152,25536,35302,23535,after_environment_step_before_replay_storage_and_optimizer,24266.126874775997,17691.377245508957,670.4375837119296,2046786.4475653677,1415.310179640729,229854.4256498114,2581279.085232983,19210.107999384858,0.0,0.0,0.0,12.0,1.0,168.0,1.0,168.0,26301.481506451633,0.0,1.0,0.005952380952380952,0.0,-0.4575464478616627,0.0,0.7567664670658683,0.58,25.56145667095062,0.0,0.0,2812548.821062435,-136.27679501964005
153,25704,35554,23703,after_environment_step_before_replay_storage_and_optimizer,23766.48976533888,17691.37724550896,311.4600251588654,2177452.674889052,1415.310179640729,224418.39169162052,2754686.3732066583,3299.416781148141,0.0,0.0,0.0,12.0,1.0,168.0,1.0,168.0,25679.454124487595,0.0,0.0,0.0,0.0,-0.42189327878401384,0.0,0.7567664670658683,0.58,25.566118856759008,0.0,0.0,2980520.0750779193,-35.18468541527268
154,25872,35806,23871,after_environment_step_before_replay_storage_and_optimizer,23886.137401441512,17691.377245508957,232.16638139885254,2200613.075076241,1415.310179640729,224686.07057614057,2781626.794242912,4533.12771145734,0.0,0.0,0.0,12.0,1.0,168.0,1.0,168.0,25710.083733689014,0.0,1.0,0.005952380952380952,0.0,-0.5598540629071557,0.0,0.7567664670658683,0.58,33.09650023785097,0.0,0.0,3007728.174998693,-36.59562144121809
155,26040,36058,24039,after_environment_step_before_replay_storage_and_optimizer,24107.38572027401,17691.37724550896,237.18877763031378,2136435.473660518,1415.3101796407295,234524.34194275373,2699074.2860423634,15619.04673279415,0.0,0.0,0.0,12.0,1.0,168.0,1.0,168.0,26835.844578505887,0.0,0.0,0.0,0.0,-0.786099964698652,0.0,0.7567664670658683,0.58,33.041207812973404,0.0,0.0,2935013.9381647576,-92.32656032178943
156,26208,36310,24207,after_environment_step_before_replay_storage_and_optimizer,23932.407483296225,17691.377245508957,394.5910152432316,2082321.3487677102,1415.310179640729,214074.67172242134,2632331.359570173,2514.6617149489684,0.0,0.0,0.0,12.0,1.0,168.0,1.0,168.0,24495.856468237595,0.0,0.0,0.0,0.0,-0.45996154881557383,0.0,0.7567664670658683,0.58,28.70440662039491,0.0,0.0,2847821.341472235,-36.248769489338756
157,26376,36562,24375,after_environment_step_before_replay_storage_and_optimizer,24173.34023400748,17691.37724550896,761.9618434102504,2206988.054989758,1415.3101796407295,243431.57395072852,2787382.182564693,21220.03003216066,0.0,0.0,0.0,12.0,1.0,168.0,1.0,168.0,27855.06966964398,0.0,0.0,0.0,0.0,-0.30714306462813923,0.0,0.7567664670658683,0.58,33.38129054271662,0.0,0.0,3032229.066695062,-151.8178607654179
158,26544,36814,24543,after_environment_step_before_replay_storage_and_optimizer,24118.856742267642,17625.588020830495,328.0590227291377,2153515.741545435,1410.047041666452,245042.58547837028,2718974.8425891497,24208.064711936266,0.0,0.0,0.0,12.0,1.0,168.0,1.0,168.0,28039.412389089834,0.0,0.0,0.0,0.0,-0.7261527239982848,0.0,0.7561091226061334,0.58,25.535469306693397,0.0,0.0,2965427.475109186,-140.72386492342957
159,26712,37066,24711,after_environment_step_before_replay_storage_and_optimizer,24182.34180029284,17691.37724550896,310.19449672065457,2253027.0786589123,1415.310179640729,232091.35832406403,2847399.109399007,3980.057145093432,0.0,0.0,0.0,12.0,1.0,168.0,1.0,168.0,26557.446311987595,0.0,1.0,0.005952380952380952,0.0,-0.41729495951199136,0.0,0.7567664670658683,0.58,32.32364770877909,0.0,0.0,3080905.7779027116,-38.51195552870646
160,26880,37318,24879,after_environment_step_before_replay_storage_and_optimizer,24121.7424158488,17640.495407439856,312.9031673365971,2059929.478283345,1411.2396325952009,210271.54081893057,2604756.1228115545,3694.537609348937,0.0,0.0,0.0,12.0,1.0,168.0,1.0,168.0,24060.676780737595,0.0,1.0,0.005952380952380952,0.0,-0.4910126325018141,0.0,0.7562580723474426,0.58,28.18440249673476,0.0,0.0,2816438.9032630804,-37.24687808694061
161,27048,37570,25047,after_environment_step_before_replay_storage_and_optimizer,24012.20809453283,17691.37724550896,330.08513187245444,2058673.2213052497,1415.310179640729,230430.46025454358,2599416.983142932,16776.307085366887,0.0,0.0,0.0,12.0,1.0,168.0,1.0,168.0,26367.395240592745,0.0,1.0,0.005952380952380952,0.0,-0.5781456815691599,0.0,0.7567664670658683,0.58,25.515258959542738,0.0,0.0,2831262.753577116,-103.68664333918161
162,27216,37822,25215,after_environment_step_before_replay_storage_and_optimizer,23977.975515231195,17691.37724550896,750.7582600652095,2070478.0283819737,1415.310179640729,220553.26703913492,2615308.348467426,10437.540947688416,0.0,0.0,0.0,12.0,1.0,168.0,1.0,168.0,25237.180697382217,0.0,0.0,0.0,0.0,-0.5020208267530503,0.0,0.7567664670658683,0.58,25.561063600474384,0.0,0.0,2837276.9256862015,-97.2332003423543
163,27384,38074,25383,after_environment_step_before_replay_storage_and_optimizer,24151.185130283542,17691.37724550896,489.1058606368333,2048826.164035072,1415.310179640729,207502.9379240573,2588696.5409593834,680.5118897198296,0.0,0.0,0.0,12.0,1.0,168.0,1.0,168.0,23743.874710765016,0.0,0.0,0.0,0.0,-0.44843757123391287,0.0,0.7567664670658683,0.58,25.52113115654538,0.0,0.0,2797614.789063081,-32.7489110868092
164,27552,38326,25551,after_environment_step_before_replay_storage_and_optimizer,24266.034169257535,17691.37724550896,145.96693417840652,2130900.308614199,1415.3101796407295,219944.6792942899,2695764.186495973,5786.367159711598,0.0,0.0,0.0,12.0,1.0,168.0,1.0,168.0,25167.542015112595,0.0,0.0,0.0,0.0,-0.7109002799347202,0.0,0.7567664670658683,0.58,33.058382143241886,0.0,0.0,2917124.1759699034,-37.68985184926266
165,27720,38578,25719,after_environment_step_before_replay_storage_and_optimizer,24075.7786609384,17691.377245508957,490.15546651832483,2238395.7127363496,1415.310179640729,230161.35434032764,2825952.813908581,2710.4664616652285,0.0,0.0,0.0,12.0,1.0,168.0,1.0,168.0,26336.60234110422,0.0,0.0,0.0,0.0,-0.3133768054723822,0.0,0.7567664670658683,0.58,32.582912867726996,0.0,0.0,3057529.478428549,-42.96166029942571
166,27888,38830,25887,after_environment_step_before_replay_storage_and_optimizer,24314.00807885812,17691.37724550896,511.595274790001,2095240.4027996007,1415.3101796407295,239709.67654581636,2643442.877206439,22824.038032297838,0.0,0.0,0.0,12.0,1.0,168.0,1.0,168.0,27429.185262643932,0.0,1.0,0.005952380952380952,0.0,-0.5962125140456779,0.0,0.7567664670658683,0.58,25.557039045604228,0.0,0.0,2884567.863931896,-144.8159066488893
167,28056,39082,26055,after_environment_step_before_replay_storage_and_optimizer,24379.73607213985,17691.37724550896,61.71848487330317,2171212.278313115,1415.310179640729,224647.25000784226,2748853.120846745,7410.504130522189,0.0,0.0,0.0,12.0,1.0,168.0,1.0,168.0,25705.641624487595,0.0,0.0,0.0,0.0,-0.9406505585325613,0.0,0.7567664670658683,0.58,25.52986590513592,0.0,0.0,2974915.681034228,-40.75562974500922
168,28224,39334,26223,after_environment_step_before_replay_storage_and_optimizer,24348.523738946133,17582.878167668416,44.22445106146915,2059919.4712092804,1406.6302534134852,212579.01913001886,2608997.138758053,7755.5078631376655,0.0,0.0,0.0,12.0,1.0,168.0,1.0,168.0,24324.713890112595,0.0,1.0,0.005952380952380952,0.0,-0.6893928744825114,0.0,0.7556823796936064,0.58,31.200000762939453,0.0,0.0,2822982.788141486,-41.43100637937646
169,28392,39586,26391,after_environment_step_before_replay_storage_and_optimizer,24065.45323991283,17688.02263133806,326.4302330231076,2205156.6695477543,1415.041810507057,243265.42335282778,2786170.7625307925,18950.804026426995,0.0,0.0,0.0,12.0,1.0,168.0,1.0,168.0,27836.05760639735,0.0,1.0,0.005952380952380952,0.0,-0.749349481483654,0.0,0.7567329488560008,0.58,28.034607966933628,0.0,0.0,3030851.2276941272,-114.33983411352115
170,28560,39838,26559,after_environment_step_before_replay_storage_and_optimizer,24259.348586189946,17691.377245508957,50.86519441865312,2178271.5183977266,1415.310179640729,225425.51673583515,2758313.8680081824,11874.191247417113,0.0,0.0,0.0,12.0,1.0,168.0,1.0,168.0,25794.696111454825,0.0,0.0,0.0,0.0,-1.012812015634241,0.0,0.7567664670658683,0.58,33.05723313492805,0.0,0.0,2985154.694923658,-62.4228679022045
171,28728,40090,26727,after_environment_step_before_replay_storage_and_optimizer,24198.467855449857,17649.434717140382,102.84120079836975,2082708.2933951814,1411.954777371243,222030.608197539,2636268.279611746,16211.283235189221,0.0,0.0,0.0,12.0,1.0,168.0,1.0,168.0,25406.22795869396,0.0,0.0,0.0,0.0,-0.6443368329121699,0.0,0.7563473910122273,0.58,25.89744872314219,0.0,0.0,2859710.842586656,-87.22688822384812
172,28896,40342,26895,after_environment_step_before_replay_storage_and_optimizer,23940.889739184877,17591.337540590626,77.15358943912724,2028481.6409595774,1407.3070032472624,209551.9036269388,2568152.9620210347,6643.661351847911,0.0,0.0,0.0,12.0,1.0,168.0,1.0,168.0,23978.331077612595,0.0,1.0,0.005952380952380952,0.0,-0.6147068334713396,0.0,0.7557669029867509,0.58,25.386032743806222,0.0,0.0,2779112.1726512206,-37.84752212558722
173,29064,40594,27063,after_environment_step_before_replay_storage_and_optimizer,24155.69931086888,17691.377245508957,323.48867914495713,2170532.7744068597,1415.310179640729,241383.51384772197,2740915.9181541274,17079.550061867296,0.0,0.0,0.0,12.0,1.0,168.0,1.0,168.0,27620.716927594123,0.0,0.0,0.0,0.0,-0.7404278091406916,0.0,0.7567664670658683,0.58,25.56516497807391,0.0,0.0,2983714.74218149,-104.80707105803378
174,29232,40846,27231,after_environment_step_before_replay_storage_and_optimizer,23852.23299967518,17691.37724550896,310.4233504494314,2170452.787954314,1415.3101796407295,224399.15650817475,2745856.904159673,3247.1316933117796,0.0,0.0,0.0,12.0,1.0,168.0,1.0,168.0,25677.253106081087,0.0,0.0,0.0,0.0,-0.42539039666016243,0.0,0.7567664670658683,0.58,25.505084052344255,0.0,0.0,2971671.3708474883,-34.86105949352488
175,29400,41098,27399,after_environment_step_before_replay_storage_and_optimizer,24344.91368637413,17671.527273372612,756.7231631351078,2046128.19643685,1413.7221818698213,232796.78166283504,2583700.706229477,23705.496155319146,0.0,0.0,0.0,12.0,1.0,168.0,1.0,168.0,26638.16557091181,0.0,0.0,0.0,0.0,-0.5902439055440769,0.0,0.756568132623207,0.58,25.55475845807406,0.0,0.0,2817911.2100741817,-163.9308705647021
176,29568,41350,27567,after_environment_step_before_replay_storage_and_optimizer,24298.85160380412,17691.377245508957,755.5669187303356,2088238.324867643,1415.310179640729,242269.64311845644,2636238.895856156,25842.176485515098,0.0,0.0,0.0,12.0,1.0,168.0,1.0,168.0,27722.113768488787,0.0,1.0,0.005952380952380952,0.0,-0.71528827798169,0.0,0.7567664670658683,0.58,25.520319938784695,0.0,0.0,2879923.849154253,-174.5448975513957
177,29736,41602,27735,after_environment_step_before_replay_storage_and_optimizer,24234.077241288927,17691.377245508957,326.06059038022613,2086023.0551466232,1415.310179640729,231324.28944775308,2633687.1101207985,16426.758180169938,0.0,0.0,0.0,12.0,1.0,168.0,1.0,168.0,26469.6731581428,0.0,1.0,0.005952380952380952,0.0,-0.6593935568426841,0.0,0.7567664670658683,0.58,25.480506359498165,0.0,0.0,2866426.709748192,-101.69742632366301
178,29904,41854,27903,after_environment_step_before_replay_storage_and_optimizer,24235.159343961022,17678.802966187173,108.21459703303117,2174637.302227722,1414.3042372949867,231567.77720661898,2751555.6629345114,15573.74011130496,0.0,0.0,0.0,12.0,1.0,168.0,1.0,168.0,26497.534656866406,0.0,1.0,0.005952380952380952,0.0,-1.012354742646651,0.0,0.7566408289710628,0.58,33.08851979107856,0.0,0.0,2984537.744378425,-84.36157637850664
179,30072,42106,28071,after_environment_step_before_replay_storage_and_optimizer,24313.95105998012,17691.377245508957,71.8277974765424,2071038.3227347538,1415.310179640729,218666.75166613958,2622425.2878177795,13440.60073525706,0.0,0.0,0.0,12.0,1.0,168.0,1.0,168.0,25021.312984353848,0.0,1.0,0.005952380952380952,0.0,-0.6620049459264541,0.0,0.7567664670658683,0.58,25.6984642299267,0.0,0.0,2842507.3496635593,-71.5126715248778
180,30240,42358,28239,after_environment_step_before_replay_storage_and_optimizer,23900.812047039577,17689.148003273916,663.4841269739372,2190894.451314059,1415.1318402619258,252430.1930243519,2765671.723685729,28980.104365555046,0.0,0.0,0.0,12.0,1.0,168.0,1.0,168.0,28884.751880371092,0.0,1.0,0.005952380952380952,0.0,-0.36422723801622475,0.0,0.7567441932050685,0.58,33.25965705712045,0.0,0.0,3019517.0485503427,-184.70956944621173
181,30408,42610,28407,after_environment_step_before_replay_storage_and_optimizer,24267.473457320746,17691.377245508964,763.1167797294329,2028874.9714000863,1415.3101796407295,220231.53556426073,2562343.9062364823,11850.278037796848,0.0,0.0,0.0,12.0,1.0,168.0,1.0,168.0,25200.366029087167,0.0,1.0,0.005952380952380952,0.0,-0.46475716644112147,0.0,0.7567664670658683,0.58,25.437878598160715,0.0,0.0,2783990.7519803834,-105.03839697274984
182,30576,42862,28575,after_environment_step_before_replay_storage_and_optimizer,24286.994428436967,17691.37724550896,48.70347534088796,2207732.029246942,1415.3101796407295,227678.2202450953,2796892.715939062,11369.700266194897,0.0,0.0,0.0,12.0,1.0,168.0,1.0,168.0,26052.465521466496,0.0,0.0,0.0,0.0,-1.1038411072442793,0.0,0.7567664670658683,0.58,29.489407223108472,0.0,0.0,3025986.246363798,-59.7707098514275
183,30744,43114,28743,after_environment_step_before_replay_storage_and_optimizer,24417.692801579546,17691.377245508957,709.2269108046767,2171465.031668772,1415.310179640729,233327.17966515198,2743617.709504895,13543.934459031072,0.0,0.0,0.0,12.0,1.0,168.0,1.0,168.0,26698.85725961678,0.0,1.0,0.005952380952380952,0.0,-0.3354780611162282,0.0,0.7567664670658683,0.58,25.50147787260262,0.0,0.0,2978360.1993496874,-110.27328694343558
184,30912,43366,28911,after_environment_step_before_replay_storage_and_optimizer,24306.88091847259,17691.377245508957,329.1978816543142,2028853.955771077,1415.310179640729,225113.54707437792,2562162.460423331,16026.918557691602,0.0,0.0,0.0,12.0,1.0,168.0,1.0,168.0,25758.998455174355,0.0,1.0,0.005952380952380952,0.0,-0.45157628498139457,0.0,0.7567664670658683,0.58,25.467271040010345,0.0,0.0,2788691.3176773493,-99.88646568771674
185,31080,43618,29079,after_environment_step_before_replay_storage_and_optimizer,24442.188111576048,17690.212426225844,574.9507634950933,2047972.2352020056,1415.2169940980802,209981.35735802373,2586644.1284034406,2605.034568703573,0.0,0.0,0.0,12.0,1.0,168.0,1.0,168.0,24027.472047311458,0.0,0.0,0.0,0.0,-0.42727794658237034,0.0,0.7567548285717821,0.58,25.522741693932325,0.0,0.0,2798040.702755562,-47.52221865322338
186,31248,43870,29247,after_environment_step_before_replay_storage_and_optimizer,24265.362104090407,17691.377245508957,149.9947802634142,2126503.9560476146,1415.310179640729,218247.63206636385,2690717.002681275,5605.448566042882,0.0,0.0,0.0,12.0,1.0,168.0,1.0,168.0,24973.354515112595,0.0,1.0,0.005952380952380952,0.0,-0.6783954997524984,0.0,0.7567664670658683,0.58,32.998132277290715,0.0,0.0,2910379.9449272794,-37.02692964601952
187,31416,44122,29415,after_environment_step_before_replay_storage_and_optimizer,24166.322785120457,17691.37724550896,72.35220292589293,2111442.350679549,1415.310179640729,224697.44931482378,2673818.3464457686,7222.866439923609,0.0,0.0,0.0,12.0,1.0,168.0,1.0,168.0,25711.385765112595,0.0,0.0,0.0,0.0,-0.7293905489656336,0.0,0.7567664670658683,0.58,25.50146846343938,0.0,0.0,2899931.105940233,-40.45546437517148
188,31584,44374,29583,after_environment_step_before_replay_storage_and_optimizer,24027.425815039034,17691.377245508964,66.48698963600873,2249153.9042558414,1415.3101796407295,235994.4944646196,2845624.71183383,14345.949406991815,0.0,0.0,0.0,12.0,1.0,168.0,1.0,168.0,27004.069267920524,0.0,1.0,0.005952380952380952,0.0,-1.243754871136719,0.0,0.7567664670658683,0.58,32.53763936282573,0.0,0.0,3083034.51647809,-75.71896641311952
189,31752,44626,29751,after_environment_step_before_replay_storage_and_optimizer,23756.702813850494,17674.446531623755,69.17623342159277,2198766.8601829,1413.9557225299127,233001.58085240083,2782291.9186207745,16082.453738174941,0.0,0.0,0.0,12.0,1.0,168.0,1.0,168.0,26661.60006464267,0.0,1.0,0.005952380952380952,0.0,-1.1039737884651115,0.0,0.756597300898822,0.58,33.054724315390764,0.0,0.0,3016707.4551957054,-84.56284269617015
190,31920,44878,29919,after_environment_step_before_replay_storage_and_optimizer,23926.024439205496,17691.377245508964,574.3665504978471,2035939.21465187,1415.3101796407295,208403.78525531187,2572624.499409753,1153.364484209415,0.0,0.0,0.0,12.0,1.0,168.0,1.0,168.0,23846.955690633666,0.0,0.0,0.0,0.0,-0.42522247756721476,0.0,0.7567664670658683,0.58,25.5064609988941,0.0,0.0,2782443.5948447054,-40.22881545091784
191,32088,45130,30087,after_environment_step_before_replay_storage_and_optimizer,23908.513702526143,17691.37724550896,741.38190954333,2095662.4731983377,1415.3101796407295,222476.16990883445,2647160.090164909,7517.048351616756,0.0,0.0,0.0,12.0,1.0,168.0,1.0,168.0,25457.212111278754,0.0,1.0,0.005952380952380952,0.0,-0.45078469736785864,0.0,0.7567664670658683,0.58,25.50762973032079,0.0,0.0,2871051.5702533843,-82.06815633068338
192,32256,45382,30255,after_environment_step_before_replay_storage_and_optimizer,23941.298839666324,17583.502994011953,587.9921042472724,2078185.2861246676,1406.6802395209684,239220.27196730598,2622957.516611547,23272.591365143493,0.0,0.0,0.0,12.0,1.0,168.0,1.0,168.0,27373.184315807805,0.0,1.0,0.005952380952380952,0.0,-0.5711244569683761,0.0,0.755688622754491,0.58,31.0,0.0,0.0,2863584.468818374,-151.64248308055429
193,32424,45634,30423,after_environment_step_before_replay_storage_and_optimizer,24350.933424515842,17691.358043429052,325.704905460987,2050462.9730112872,1415.3086434743368,228536.5663564668,2588579.3419214655,16824.20931681216,0.0,0.0,0.0,12.0,1.0,168.0,1.0,168.0,26150.683227349466,0.0,1.0,0.005952380952380952,0.0,-0.49133885989431536,0.0,0.7567662752049533,0.58,30.200000762939453,0.0,0.0,2818531.2169214063,-103.6633409117199
194,32592,45886,30591,after_environment_step_before_replay_storage_and_optimizer,24185.460055073607,17691.377245508957,146.65223041714853,2174268.7534790686,1415.310179640729,224628.65752236612,2752195.220070735,5677.28938768166,0.0,0.0,0.0,12.0,1.0,168.0,1.0,168.0,25703.51414788353,0.0,1.0,0.005952380952380952,0.0,-0.714450401743631,0.0,0.7567664670658683,0.58,25.565718377264933,0.0,0.0,2978239.1877727415,-37.185580763437436
195,32760,46138,30759,after_environment_step_before_replay_storage_and_optimizer,24113.76102893652,17691.377245508953,52.895386473501276,2175507.507454478,1415.3101796407286,228816.24716703632,2752529.965124354,11882.80038786174,0.0,0.0,0.0,12.0,1.0,168.0,1.0,168.0,26182.68617724311,0.0,1.0,0.005952380952380952,0.0,-1.0554413622723973,0.0,0.7567664670658683,0.58,25.542867675149427,0.0,0.0,2982761.522471031,-62.587725127718464
196,32928,46390,30927,after_environment_step_before_replay_storage_and_optimizer,24382.570588224156,17691.377245508957,392.3683142000009,2108430.4519516714,1415.310179640729,213586.8969534275,2666459.939072444,2925.5257512685944,0.0,0.0,0.0,12.0,1.0,168.0,1.0,168.0,24440.042015112595,0.0,1.0,0.005952380952380952,0.0,-0.4538154600014995,0.0,0.7567664670658683,0.58,27.887735034382985,0.0,0.0,2881462.1462055123,-38.16972760834303
197,33096,46642,31095,after_environment_step_before_replay_storage_and_optimizer,23743.83453029537,17691.377245508957,748.4257112342493,2090102.2314592474,1415.310179640729,226731.3282389858,2637565.1241929443,11841.690791098717,0.0,0.0,0.0,12.0,1.0,168.0,1.0,168.0,25944.115801782445,0.0,0.0,0.0,0.0,-0.4553564363860222,0.0,0.7567664670658683,0.58,25.551963618918183,0.0,0.0,2865711.762611571,-104.11399662954811
198,33264,46894,31263,after_environment_step_before_replay_storage_and_optimizer,23962.899165656465,17581.150265719247,147.8666104846634,2077163.2930789816,1406.492021257552,211913.0974154398,2628950.693744232,5767.678235474598,0.0,0.0,0.0,12.0,1.0,168.0,1.0,168.0,24248.514671362595,0.0,1.0,0.005952380952380952,0.0,-0.5754522249529879,0.0,0.7556651150613083,0.58,25.48954053313979,0.0,0.0,2842270.2831809293,-37.710387806453056
199,33432,47146,31431,after_environment_step_before_replay_storage_and_optimizer,24046.031932213107,17691.377245508964,303.635138280335,2084210.643996781,1415.3101796407295,216980.1379698546,2636042.078903702,4008.797837569687,0.0,0.0,0.0,12.0,1.0,168.0,1.0,168.0,24828.319358862595,0.0,0.0,0.0,0.0,-0.48949648013414493,0.0,0.7567664670658683,0.58,25.536804720539344,0.0,0.0,2854437.5270531974,-38.26209748466866
200,33600,47398,31599,after_environment_step_before_replay_storage_and_optimizer,24062.841017706112,17654.23407223811,241.3926206222368,2082403.683410129,1412.338725779061,230510.84471314275,2631396.3036175286,17587.340507582114,0.0,0.0,0.0,12.0,1.0,168.0,1.0,168.0,26376.5933682567,0.0,1.0,0.005952380952380952,0.0,-0.6172510907267704,0.0,0.7563953446018797,0.58,25.525771595250387,0.0,0.0,2863319.4870564505,-102.42025977524469
201,33768,47650,31767,after_environment_step_before_replay_storage_and_optimizer,24268.571828316086,17691.377245508964,654.0782702779834,2170870.7507100943,1415.3101796407295,226085.01806261917,2742660.2160535804,5097.060651674428,0.0,0.0,0.0,12.0,1.0,168.0,1.0,168.0,25870.160666469816,0.0,0.0,0.0,0.0,-0.17891030037482514,0.0,0.7567664670658683,0.58,25.56385876285358,0.0,0.0,2970160.54429584,-64.72999947505122
202,33936,47902,31935,after_environment_step_before_replay_storage_and_optimizer,24410.308358459486,17691.37724550896,489.2927749208193,2156242.7313087373,1415.3101796407295,221443.0760858635,2725407.917689807,212.401665451011,0.0,0.0,0.0,12.0,1.0,168.0,1.0,168.0,25338.99860287019,0.0,0.0,0.0,0.0,-0.30551572713146674,0.0,0.7567664670658683,0.58,25.543025645044494,0.0,0.0,2948266.303955311,-30.419574822504256
203,34104,48154,32103,after_environment_step_before_replay_storage_and_optimizer,24351.914567887834,17691.377245508964,153.24295734385305,2087956.4297912526,1415.3101796407295,214951.20521831454,2642228.0941717923,5655.68521411939,0.0,0.0,0.0,12.0,1.0,168.0,1.0,168.0,24596.155296362595,0.0,1.0,0.005952380952380952,0.0,-0.6030348255083031,0.0,0.7567664670658683,0.58,25.5084072929377,0.0,0.0,2858594.6095697475,-37.47300351122842
204,34272,48406,32271,after_environment_step_before_replay_storage_and_optimizer,24178.554570528868,17691.377245508964,750.703939113806,2175137.5879072114,1415.3101796407295,242475.90362209917,2745937.143772191,20200.53211877891,0.0,0.0,0.0,12.0,1.0,168.0,1.0,168.0,27745.715475555047,0.0,1.0,0.005952380952380952,0.0,-0.3699674329739512,0.0,0.7567664670658683,0.58,25.47973013017363,0.0,0.0,2989828.3575739306,-146.04489694072285
205,34440,48658,32439,after_environment_step_before_replay_storage_and_optimizer,24390.263989929066,17691.37724550896,68.12225497843974,2204342.475814564,1415.310179640729,224776.51194316056,2789761.034657034,6666.35655259854,0.0,0.0,0.0,12.0,1.0,168.0,1.0,168.0,25720.432640112595,0.0,0.0,0.0,0.0,-1.0011413072064825,0.0,0.7567664670658683,0.58,33.11726701336622,0.0,0.0,3015952.856779835,-37.41911806169906
206,34608,48910,32607,after_environment_step_before_replay_storage_and_optimizer,24277.54679908278,17691.37724550896,110.28670940086158,2199928.579048055,1415.3101796407295,235578.1907649707,2781198.1752571887,16090.401770526165,0.0,0.0,0.0,12.0,1.0,168.0,1.0,168.0,26956.43301281502,0.0,0.0,0.0,0.0,-1.08942157901422,0.0,0.7567664670658683,0.58,33.192097787865485,0.0,0.0,3018191.6762018,-87.0692114166823
207,34776,49162,32775,after_environment_step_before_replay_storage_and_optimizer,24116.713649857666,17691.377245508957,222.0877525804117,2098892.368606911,1415.310179640729,213253.44110127143,2655766.7925664205,4721.268815797025,0.0,0.0,0.0,12.0,1.0,168.0,1.0,168.0,24401.885765112595,0.0,1.0,0.005952380952380952,0.0,-0.5532595749355668,0.0,0.7567664670658683,0.58,25.5708448288137,0.0,0.0,2870435.5438473327,-36.93160923381004
208,34944,49414,32943,after_environment_step_before_replay_storage_and_optimizer,24442.368079901877,17691.37724550896,302.25348901701364,2200648.1207931247,1415.3101796407295,224776.51194316056,2781000.380415858,4040.8432219091997,0.0,0.0,0.0,12.0,1.0,168.0,1.0,168.0,25720.432640112595,0.0,1.0,0.005952380952380952,0.0,-0.4613997763650192,0.0,0.7567664670658683,0.58,33.149528974181464,0.0,0.0,3007192.202538659,-38.339425450566964
209,35112,49666,33111,after_environment_step_before_replay_storage_and_optimizer,24223.203840934268,17691.377245508953,746.2978536198643,2103465.9351104195,1415.3101796407286,233600.72367240305,2656509.7446403946,21777.364881509853,0.0,0.0,0.0,12.0,1.0,168.0,1.0,168.0,26730.1579954089,0.0,0.0,0.0,0.0,-0.6721962776818258,0.0,0.7567664670658683,0.58,25.543081245505288,0.0,0.0,2891525.778492438,-153.6646956247409
210,35280,49918,33279,after_environment_step_before_replay_storage_and_optimizer,24183.71194798228,17691.37724550896,590.0540150063462,2066411.0143501395,1415.3101796407295,231235.13041860293,2607167.841136478,18195.53701460417,0.0,0.0,0.0,12.0,1.0,168.0,1.0,168.0,26459.470985399348,0.0,0.0,0.0,0.0,-0.4558928076786385,0.0,0.7567664670658683,0.58,32.0,0.0,0.0,2839818.2817347213,-126.38092597340159
211,35448,50170,33447,after_environment_step_before_replay_storage_and_optimizer,24424.235299162036,17691.377245508957,674.2841360927305,2193622.3463477655,1415.310179640729,245397.34579460075,2765637.6764078536,22818.96383831242,0.0,0.0,0.0,12.0,1.0,168.0,1.0,168.0,28080.006438432934,0.0,0.0,0.0,0.0,-0.37231609754649286,0.0,0.7567664670658683,0.58,33.63530113076883,0.0,0.0,3012450.332382095,-154.55186735712604
212,35616,50422,33615,after_environment_step_before_replay_storage_and_optimizer,24077.963700103388,17645.603798597793,95.77169466286068,2207522.485815495,1411.6483038878355,224776.51194316056,2793812.7133618407,6639.685967086005,0.0,0.0,0.0,12.0,1.0,168.0,1.0,168.0,25720.432640112595,0.0,1.0,0.005952380952380952,0.0,-0.8713841970718258,0.0,0.756309113724541,0.58,33.21274760832971,0.0,0.0,3020000.873608889,-38.944731515201966
213,35784,50674,33783,after_environment_step_before_replay_storage_and_optimizer,24074.529768079756,17691.377245508953,719.3781165880409,2172073.1975250626,1415.3101796407286,245735.39855049038,2741674.2827237463,20839.81148422335,0.0,0.0,0.0,12.0,1.0,168.0,1.0,168.0,28118.688696919362,0.0,1.0,0.005952380952380952,0.0,-0.3796547792537275,0.0,0.7567664670658683,0.58,25.53712739566754,0.0,0.0,2988824.991453877,-147.3617444163991
214,35952,50926,33951,after_environment_step_before_replay_storage_and_optimizer,24184.197425848928,17691.37724550896,593.8359202247066,2205785.093526067,1415.310179640729,249749.04174348465,2783143.708390076,22860.436470775017,0.0,0.0,0.0,12.0,1.0,168.0,1.0,168.0,28577.956609275618,0.0,1.0,0.005952380952380952,0.0,-0.4526099155859286,0.0,0.7567664670658683,0.58,33.115486943597794,0.0,0.0,3034308.0603132015,-149.93233756735737
215,36120,51178,34119,after_environment_step_before_replay_storage_and_optimizer,24201.333791727087,17691.377245508964,574.8903609503832,2086116.2902700757,1415.3101796407295,210806.06312385123,2635571.492949146,-379.95326915670205,0.0,0.0,0.0,12.0,1.0,168.0,1.0,168.0,24121.840399745193,0.0,1.0,0.005952380952380952,0.0,-0.4133722801309476,0.0,0.7567664670658683,0.58,25.507179118833058,0.0,0.0,2847792.8662526375,-32.593655311239466
216,36288,51430,34287,after_environment_step_before_replay_storage_and_optimizer,24321.694303361634,17691.37724550896,166.79944457602687,2043010.474523416,1415.3101796407295,222468.46581210897,2583778.1706483546,16753.692227269323,0.0,0.0,0.0,12.0,1.0,168.0,1.0,168.0,25456.330556977697,0.0,1.0,0.005952380952380952,0.0,-0.5872173555006175,0.0,0.7567664670658683,0.58,25.524320099646747,0.0,0.0,2807661.946640104,-93.77642781090832
217,36456,51682,34455,after_environment_step_before_replay_storage_and_optimizer,24381.227973076846,17691.377245508957,65.25586092066442,2051883.0812454429,1415.310179640729,215149.21203098862,2596365.144259098,10469.845620020858,0.0,0.0,0.0,12.0,1.0,168.0,1.0,168.0,24618.81256087675,0.0,0.0,0.0,0.0,-0.6357192042712428,0.0,0.7567664670658683,0.58,25.546655121922555,0.0,0.0,2812929.666469727,-56.2645797553439
218,36624,51934,34623,after_environment_step_before_replay_storage_and_optimizer,24093.095354002446,17691.377245508964,94.18537316389302,2143229.9063077862,1415.3101796407295,222938.25601491836,2712623.1779331476,6508.203254459308,0.0,0.0,0.0,12.0,1.0,168.0,1.0,168.0,25510.087095692023,0.0,1.0,0.005952380952380952,0.0,-0.7895808545729274,0.0,0.7567664670658683,0.58,25.54504822845029,0.0,0.0,2936976.7441277066,-38.19213866213033
219,36792,52186,34791,after_environment_step_before_replay_storage_and_optimizer,24287.201670128212,17691.37724550896,598.7139941725436,2206566.190195293,1415.3101796407295,249699.19404753114,2783922.9428980774,23933.244416878573,0.0,0.0,0.0,12.0,1.0,168.0,1.0,168.0,28572.252702337326,0.0,0.0,0.0,0.0,-0.4407819750493377,0.0,0.7567664670658683,0.58,33.299664307147765,0.0,0.0,3035037.447125249,-155.5890617347455
220,36960,52438,34959,after_environment_step_before_replay_storage_and_optimizer,24383.92709923086,17691.37724550896,751.0860642295102,2065957.3952253093,1415.3101796407295,222727.7179085119,2609198.5817187093,13287.572249842031,0.0,0.0,0.0,12.0,1.0,168.0,1.0,168.0,25485.995916692977,0.0,1.0,0.005952380952380952,0.0,-0.5111491716019025,0.0,0.7567664670658683,0.58,25.521590857290334,0.0,0.0,2833341.6098068617,-111.50302510298043
221,37128,52690,35127,after_environment_step_before_replay_storage_and_optimizer,24172.852523233734,17691.377245508964,594.87922164064,2083644.8291600142,1415.3101796407295,235428.90506477564,2628822.7858922225,21038.202096848774,0.0,0.0,0.0,12.0,1.0,168.0,1.0,168.0,26939.350744019204,0.0,1.0,0.005952380952380952,0.0,-0.537482344802666,0.0,0.7567664670658683,0.58,25.49321474360889,0.0,0.0,2865667.0011366387,-140.88376378268225
222,37296,52942,35295,after_environment_step_before_replay_storage_and_optimizer,23871.219827511737,17691.37724550896,492.2236292337602,2055331.1997825908,1415.310179640729,214058.28092148146,2596652.157581888,1386.0755892927614,0.0,0.0,0.0,12.0,1.0,168.0,1.0,168.0,24493.98092311125,0.0,0.0,0.0,0.0,-0.44225675966820827,0.0,0.7567664670658683,0.58,25.52491114552291,0.0,0.0,2812125.74868301,-36.46379570048938
223,37464,53194,35463,after_environment_step_before_replay_storage_and_optimizer,24102.539693805924,17691.377245508964,53.608559119202255,2104449.7005992453,1415.3101796407295,215788.71804258678,2664590.690892423,7684.787214347425,0.0,0.0,0.0,12.0,1.0,168.0,1.0,168.0,24691.989118124944,0.0,1.0,0.005952380952380952,0.0,-0.7317882000698113,0.0,0.7567664670658683,0.58,26.99170361121368,0.0,0.0,2881794.7191146505,-41.64044961888914
224,37632,53446,35631,after_environment_step_before_replay_storage_and_optimizer,23931.293641444478,17691.37724550896,755.69866038912,2150735.687360645,1415.310179640729,242008.91722791342,2716751.093777697,22117.99667643149,0.0,0.0,0.0,12.0,1.0,168.0,1.0,168.0,27692.279767385768,0.0,0.0,0.0,0.0,-0.5171084000754812,0.0,0.7567664670658683,0.58,25.543827730127305,0.0,0.0,2960175.321185251,-155.9319030055045
225,37800,53698,35799,after_environment_step_before_replay_storage_and_optimizer,23971.04401333127,17691.377245508964,580.0266208747707,2103330.1185499867,1415.3101796407295,216496.09090372446,2656747.291549854,3262.97686494981,0.0,0.0,0.0,12.0,1.0,168.0,1.0,168.0,24772.931454444035,0.0,1.0,0.005952380952380952,0.0,-0.40830945841350774,0.0,0.7567664670658683,0.58,25.55946530105962,0.0,0.0,2874658.692633219,-51.1164815772354
226,37968,53950,35967,after_environment_step_before_replay_storage_and_optimizer,24020.67037387748,17691.377245508957,55.69535057611574,2088024.4978947272,1415.310179640729,213436.86230250346,2643771.221232817,7709.1069531500725,0.0,0.0,0.0,12.0,1.0,168.0,1.0,168.0,24422.874046362595,0.0,1.0,0.005952380952380952,0.0,-0.6921489325388408,0.0,0.7567664670658683,0.58,25.886813688767507,0.0,0.0,2858623.393714961,-41.887255800317234
227,38136,54202,36135,after_environment_step_before_replay_storage_and_optimizer,24245.4427384849,17691.377245508957,656.23667284775,2048937.1585797404,1415.310179640729,219346.55090993203,2587576.865258593,11445.391558298035,0.0,0.0,0.0,12.0,1.0,168.0,1.0,168.0,25099.100162861112,0.0,1.0,0.005952380952380952,0.0,-0.45239209014810294,0.0,0.7567664670658683,0.58,25.561543904056034,0.0,0.0,2808338.726348166,-96.60115816235484
228,38304,54454,36303,after_environment_step_before_replay_storage_and_optimizer,23878.77417093897,17642.798365943796,487.5265130452699,2073269.0055536309,1411.4238692755162,209582.0450983092,2621681.1703676223,291.7914860577748,0.0,0.0,0.0,12.0,1.0,168.0,1.0,168.0,23981.780066465362,0.0,0.0,0.0,0.0,-0.4459568080365917,0.0,0.7562810827571406,0.58,25.477303968167682,0.0,0.0,2832674.639335207,-30.710548213005005
229,38472,54706,36471,after_environment_step_before_replay_storage_and_optimizer,24237.45718480848,17691.377245508964,592.7786461024516,2167470.3315998595,1415.3101796407295,243374.37570546186,2734957.8890333488,19060.135089454205,0.0,0.0,0.0,12.0,1.0,168.0,1.0,168.0,27848.52466366539,0.0,0.0,0.0,0.0,-0.5134371034711115,0.0,0.7567664670658683,0.58,26.694175241875534,0.0,0.0,2979747.5749184513,-130.86739421341775
230,38640,54958,36639,after_environment_step_before_replay_storage_and_optimizer,24265.209389193344,17691.377245508953,219.11449676692246,2205234.21860409,1415.310179640729,223549.45380661025,2788177.062582584,4643.400147890327,0.0,0.0,0.0,12.0,1.0,168.0,1.0,168.0,25580.024436987595,0.0,1.0,0.005952380952380952,0.0,-0.5513436137865863,0.0,0.7567664670658683,0.58,33.10951596558205,0.0,0.0,3013141.826568835,-36.3638705454672
231,38808,55210,36807,after_environment_step_before_replay_storage_and_optimizer,24152.590904803412,17691.37724550896,60.09790161008641,2148267.4343945654,1415.3101796407295,220802.0372907124,2720466.833322665,7309.206412652532,0.0,0.0,0.0,12.0,1.0,168.0,1.0,168.0,25265.6466542709,0.0,1.0,0.005952380952380952,0.0,-0.8326215635256071,0.0,0.7567664670658683,0.58,32.18448368154792,0.0,0.0,2942684.180793018,-40.15190615986791
232,38976,55462,36975,after_environment_step_before_replay_storage_and_optimizer,24216.546767305645,17691.377245508967,220.1931843422426,2165473.739690556,1415.3101796407295,224565.14913515234,2741164.999629819,4684.069653704993,0.0,0.0,0.0,12.0,1.0,168.0,1.0,168.0,25696.247093237595,0.0,1.0,0.005952380952380952,0.0,-0.6019595737951338,0.0,0.7567664670658683,0.58,25.563027760295356,0.0,0.0,2967145.4589446117,-36.63193932905974
233,39144,55714,37143,after_environment_step_before_replay_storage_and_optimizer,23850.815283089625,17691.377245508957,309.7963863874211,2206839.3947637714,1415.310179640729,223804.7449850797,2791133.9262611168,3670.9665769383896,0.0,0.0,0.0,12.0,1.0,168.0,1.0,168.0,25609.236561967533,0.0,1.0,0.005952380952380952,0.0,-0.44705582766099516,0.0,0.7567664670658683,0.58,29.64219318181628,0.0,0.0,3016353.981425837,-36.94261606793727
234,39312,55966,37311,after_environment_step_before_replay_storage_and_optimizer,24056.499820687026,17689.99017725657,757.5321490150745,2094738.4865069839,1415.199214180538,233524.62117402803,2646110.2464442286,22267.69403005407,0.0,0.0,0.0,12.0,1.0,168.0,1.0,168.0,26721.449838287514,0.0,0.0,0.0,0.0,-0.660827162043934,0.0,0.7567526079326221,0.58,25.51619178580177,0.0,0.0,2881050.066832437,-156.7903990911746
235,39480,56218,37479,after_environment_step_before_replay_storage_and_optimizer,24349.825802905347,17691.37724550896,739.3584777318574,2127524.214036959,1415.310179640729,229541.76952100964,2686494.7244587988,13187.753780569588,0.0,0.0,0.0,12.0,1.0,168.0,1.0,168.0,26265.70529998395,0.0,1.0,0.005952380952380952,0.0,-0.3567062274954612,0.0,0.7567664670658683,0.58,33.11355614782785,0.0,0.0,2917451.804159449,-110.30027756675901
236,39648,56470,37647,after_environment_step_before_replay_storage_and_optimizer,24082.32175662098,17691.37724550896,704.4624087218508,2098134.909300914,1415.3101796407295,221408.93034089444,2651600.9658294152,10296.544074266933,0.0,0.0,0.0,12.0,1.0,168.0,1.0,168.0,25335.091418236745,0.0,0.0,0.0,0.0,-0.5269784266448283,0.0,0.7567664670658683,0.58,25.539335500403737,0.0,0.0,2874425.2063499503,-93.75046489464526
237,39816,56722,37815,after_environment_step_before_replay_storage_and_optimizer,24056.021619705167,17691.377245508957,47.036537477999445,2180610.5328311804,1415.310179640729,224647.25000784226,2761142.1909425114,7855.791817496504,0.0,0.0,0.0,12.0,1.0,168.0,1.0,168.0,25705.641624487595,0.0,1.0,0.005952380952380952,0.0,-0.9419351445816152,0.0,0.7567664670658683,0.58,25.545037631519833,0.0,0.0,2987204.751129994,-42.101151336162246
238,39984,56974,37983,after_environment_step_before_replay_storage_and_optimizer,24051.864305524196,17691.37724550896,421.35861897328505,2101033.707426761,1415.3101796407295,233605.03987697104,2652101.510394654,16304.68985592162,0.0,0.0,0.0,12.0,1.0,168.0,1.0,168.0,26730.651884418443,0.0,0.0,0.0,0.0,-0.556557386392572,0.0,0.7567664670658683,0.58,25.53924949112881,0.0,0.0,2887121.8604512652,-106.80496641800495
239,40152,57226,38151,after_environment_step_before_replay_storage_and_optimizer,24484.220275290434,17691.37724550896,491.21118105501955,2195390.0839007846,1415.310179640729,220572.26450989567,2772865.6747903917,1649.0860117286302,0.0,0.0,0.0,12.0,1.0,168.0,1.0,168.0,25239.354515112595,0.0,1.0,0.005952380952380952,0.0,-0.24784120846269636,0.0,0.7567664670658683,0.58,33.25252974199587,0.0,0.0,2994853.249479928,-37.71810092194439
240,40320,57478,38319,after_environment_step_before_replay_storage_and_optimizer,24052.42947026338,17691.377245508957,416.2538630724739,2092221.9518262597,1415.310179640729,238004.11058600454,2641919.008989457,20666.567276189977,0.0,0.0,0.0,12.0,1.0,168.0,1.0,168.0,27234.022992336515,0.0,0.0,0.0,0.0,-0.586658760512766,0.0,0.7567664670658683,0.58,25.55433483293641,0.0,0.0,2881338.429755102,-128.30806816529847
241,40488,57730,38487,after_environment_step_before_replay_storage_and_optimizer,23801.553045895886,17691.377245508957,751.3537987597574,2176984.303181876,1415.310179640729,247039.56972960345,2748986.701270936,26255.166043497487,0.0,0.0,0.0,12.0,1.0,168.0,1.0,168.0,28267.920690394007,0.0,0.0,0.0,0.0,-0.44755879015496614,0.0,0.7567664670658683,0.58,33.23916356438094,0.0,0.0,2997441.58118018,-176.35705814307275
242,40656,57982,38655,after_environment_step_before_replay_storage_and_optimizer,24156.560335800295,17691.377245508957,420.41940694207005,2093963.1853635907,1415.310179640729,240937.93618246878,2644403.338220935,23544.150919304146,0.0,0.0,0.0,12.0,1.0,168.0,1.0,168.0,27569.730949450728,0.0,1.0,0.005952380952380952,0.0,-0.634226223010972,0.0,0.7567664670658683,0.58,25.560205662858856,0.0,0.0,2886756.584583044,-142.94591901304506
243,40824,58234,38823,after_environment_step_before_replay_storage_and_optimizer,24036.887340252622,17686.97534873822,649.7376082091796,2170082.785015687,1414.9580278990702,226654.17458838155,2741929.936681553,3839.8891681430177,0.0,0.0,0.0,12.0,1.0,168.0,1.0,168.0,25935.28736478896,0.0,1.0,0.005952380952380952,0.0,-0.17611510254434998,0.0,0.7567224847500906,0.58,25.54540290535981,0.0,0.0,2969999.0692978334,-58.18370233326605
244,40992,58486,38991,after_environment_step_before_replay_storage_and_optimizer,24180.691662001005,17691.377245508957,645.4675499546265,2243191.225501359,1415.310179640729,236135.87718321444,2830815.0176922726,5799.424867222107,0.0,0.0,0.0,12.0,1.0,168.0,1.0,168.0,27020.247224677027,0.0,1.0,0.005952380952380952,0.0,-0.20290069558949647,0.0,0.7567664670658683,0.58,33.06124699223219,0.0,0.0,3068366.2050551274,-67.72517733338786
245,41160,58738,39159,after_environment_step_before_replay_storage_and_optimizer,24100.465801579758,17685.920078628253,51.95997271553824,2168659.569009922,1414.8736062902726,225006.7178187469,2745494.701754897,7694.893913513371,0.0,0.0,0.0,12.0,1.0,168.0,1.0,168.0,25746.774336872593,0.0,1.0,0.005952380952380952,0.0,-1.035539129646292,0.0,0.7567119408355863,0.58,25.49816359499008,0.0,0.0,2971916.293179934,-41.592067930498885
246,41328,58990,39327,after_environment_step_before_replay_storage_and_optimizer,24232.516299661533,17691.377245508957,105.60717402185946,2176753.6872646245,1415.310179640729,233245.8608102447,2755049.1441690205,15770.286212132763,0.0,0.0,0.0,12.0,1.0,168.0,1.0,168.0,26689.552212074523,0.0,0.0,0.0,0.0,-1.0080019308879786,0.0,0.7567664670658683,0.58,25.57717232631395,0.0,0.0,2989710.3151589055,-85.18786150197523
247,41496,59242,39495,after_environment_step_before_replay_storage_and_optimizer,24342.70069599688,17691.377245508953,65.9823540500256,2064001.5828757822,1415.310179640729,221789.9769832238,2613587.9486249317,15828.76605282432,0.0,0.0,0.0,12.0,1.0,168.0,1.0,168.0,25378.693324913063,0.0,1.0,0.005952380952380952,0.0,-0.7000546464750118,0.0,0.7567664670658683,0.58,32.00215644757769,0.0,0.0,2836793.235787796,-83.10277150712318
248,41664,59494,39663,after_environment_step_before_replay_storage_and_optimizer,24351.121028586513,17691.37724550896,509.210268235116,2062593.9728942667,1415.310179640729,228717.2993510857,2602442.3211942143,15617.677384683146,0.0,0.0,0.0,12.0,1.0,168.0,1.0,168.0,26171.363906010043,0.0,1.0,0.005952380952380952,0.0,-0.4385033405412263,0.0,0.7567664670658683,0.58,32.18112810762379,0.0,0.0,2832574.9307249407,-108.64100301752252
249,41832,59746,39831,after_environment_step_before_replay_storage_and_optimizer,24009.509028188848,17678.533530013217,510.2461497758268,2061936.6272347837,1414.2826824010704,241802.0669183339,2601874.5337735796,29111.53081820376,0.0,0.0,0.0,12.0,1.0,168.0,1.0,168.0,27668.610570777397,0.0,1.0,0.005952380952380952,0.0,-0.6120463934887271,0.0,0.7566381368527552,0.58,27.065471546681202,0.0,0.0,2845090.8833743148,-176.17242307756902
250,42000,59998,39999,after_environment_step_before_replay_storage_and_optimizer,24200.651598731267,17691.37724550896,303.4558379466962,2091053.8950391214,1415.3101796407295,216886.50146864934,2644430.4361592135,3896.94392706993,0.0,0.0,0.0,12.0,1.0,168.0,1.0,168.0,24817.604843804565,0.0,1.0,0.005952380952380952,0.0,-0.4928190168285737,0.0,0.7567664670658683,0.58,25.569191023179346,0.0,0.0,2862732.247807503,-37.69206991215154
251,42168,60250,40167,after_environment_step_before_replay_storage_and_optimizer,24359.949524634085,17691.377245508957,297.327643678218,2082341.6213399507,1415.310179640729,214998.99782611744,2633055.767788641,4076.6578130130933,0.0,0.0,0.0,12.0,1.0,168.0,1.0,168.0,24601.624046362595,0.0,0.0,0.0,0.0,-0.49864584086539865,0.0,0.7567664670658683,0.58,28.629427825651643,0.0,0.0,2849470.0757943993,-38.22294768575862
252,42336,60502,40335,after_environment_step_before_replay_storage_and_optimizer,24098.867299264857,17691.37724550896,161.58918817315862,2183416.7097515687,1415.3101796407295,235281.93005039677,2760873.3872155207,14103.987493780274,0.0,0.0,0.0,12.0,1.0,168.0,1.0,168.0,26922.532879356964,0.0,1.0,0.005952380952380952,0.0,-0.9795138185088239,0.0,0.7567664670658683,0.58,25.55910221448143,0.0,0.0,2997570.627445558,-80.2152887592907
253,42504,60754,40503,after_environment_step_before_replay_storage_and_optimizer,24298.63245992049,17691.37724550896,756.212850079839,2086612.110819779,1415.3101796407295,234533.80925496505,2636647.33881012,24206.534849420943,0.0,0.0,0.0,12.0,1.0,168.0,1.0,168.0,26836.9278917218,0.0,1.0,0.005952380952380952,0.0,-0.6819249319219239,0.0,0.7567664670658683,0.58,25.578160154470588,0.0,0.0,2872596.458244725,-166.40544525189506
254,42672,61006,40671,after_environment_step_before_replay_storage_and_optimizer,24032.56507005881,17691.377245508957,745.3526874140698,2094038.3011865076,1415.310179640729,224043.10571870874,2646020.998425219,13067.616343063874,0.0,0.0,0.0,12.0,1.0,168.0,1.0,168.0,25636.511392154876,0.0,1.0,0.005952380952380952,0.0,-0.5476815307835672,0.0,0.7567664670658683,0.58,25.456626948108774,0.0,0.0,2871479.4143235683,-110.05924296016302
255,42840,61258,40839,after_environment_step_before_replay_storage_and_optimizer,24335.20925276547,17691.37724550896,105.36014521732068,2059326.6386766578,1415.310179640729,220293.01267286448,2605532.302357736,11584.56679701524,0.0,0.0,0.0,12.0,1.0,168.0,1.0,168.0,25207.400651241776,0.0,1.0,0.005952380952380952,0.0,-0.660523864815323,0.0,0.7567664670658683,0.58,25.51301009323267,0.0,0.0,2827240.625210241,-64.24444269811544
256,43008,61510,41007,after_environment_step_before_replay_storage_and_optimizer,23712.33158025379,17691.37724550896,112.80662130966994,2099119.6292600348,1415.3101796407295,220984.79882110935,2655495.9600064736,9440.75768259971,0.0,0.0,0.0,12.0,1.0,168.0,1.0,168.0,25286.559451569607,0.0,0.0,0.0,0.0,-0.6598114628356656,0.0,0.7567664670658683,0.58,25.53537613139975,0.0,0.0,2877896.0690072235,-53.972185691578474
257,43176,61762,41175,after_environment_step_before_replay_storage_and_optimizer,24263.754510653704,17691.377245508957,48.18141460872721,2196445.0361609496,1415.310179640729,225339.3270319708,2779180.2589670247,10005.643725141503,0.0,0.0,0.0,12.0,1.0,168.0,1.0,168.0,25784.833708780494,0.0,0.0,0.0,0.0,-1.0618421115823875,0.0,0.7567664670658683,0.58,33.06746947656593,0.0,0.0,3005934.8961786362,-52.919103502230925
258,43344,62014,41343,after_environment_step_before_replay_storage_and_optimizer,24011.372608476522,17691.377245508964,510.3190687740371,2106220.4607624277,1415.3101796407295,239983.44127272515,2658433.3740369217,23979.93370670322,0.0,0.0,0.0,12.0,1.0,168.0,1.0,168.0,27460.511254656285,0.0,0.0,0.0,0.0,-0.5886421795700053,0.0,0.7567664670658683,0.58,25.907667421030716,0.0,0.0,2899832.1254892875,-150.51881265995866
259,43512,62266,41511,after_environment_step_before_replay_storage_and_optimizer,24130.024866424337,17691.377245508957,486.9518816059408,2165225.531799156,1415.310179640729,219150.09305199012,2736823.838215808,420.4687404143931,0.0,0.0,0.0,12.0,1.0,168.0,1.0,168.0,25076.620140112595,0.0,1.0,0.005952380952380952,0.0,-0.22614787446703677,0.0,0.7567664670658683,0.58,25.52591362736778,0.0,0.0,2957389.2414474385,-31.319456598428445
260,43680,62518,41679,after_environment_step_before_replay_storage_and_optimizer,24097.511525914917,17691.37724550896,221.86787359285154,2168853.7448578477,1415.3101796407295,221234.755397986,2742223.8808450387,4717.671188378301,0.0,0.0,0.0,12.0,1.0,168.0,1.0,168.0,25315.161155737595,0.0,1.0,0.005952380952380952,0.0,-0.5688380776523062,0.0,0.7567664670658683,0.58,33.001807990023885,0.0,0.0,2964873.9464226654,-36.900428357462864
261,43848,62770,41847,after_environment_step_before_replay_storage_and_optimizer,24215.86429519646,17691.37724550896,165.9611676273489,2148260.265874387,1415.3101796407295,237165.3388048836,2715930.2577993735,17894.558569638244,0.0,0.0,0.0,12.0,1.0,168.0,1.0,168.0,27138.045112306936,0.0,0.0,0.0,0.0,-0.9332552145419882,0.0,0.7567664670658683,0.58,25.493841206178104,0.0,0.0,2954510.9067838974,-99.43046290583196
262,44016,63022,42015,after_environment_step_before_replay_storage_and_optimizer,24003.541045644095,17691.37724550896,577.122725591933,2103910.704950521,1415.310179640729,216051.1537527511,2657851.8974718144,2417.864153534485,0.0,0.0,0.0,12.0,1.0,168.0,1.0,168.0,24722.01876823068,0.0,1.0,0.005952380952380952,0.0,-0.38484235532648936,0.0,0.7567664670658683,0.58,25.574238453382222,0.0,0.0,2875318.361404206,-46.71668430318836
263,44184,63274,42183,after_environment_step_before_replay_storage_and_optimizer,24389.785569643835,17691.377245508957,576.4373350701153,2228901.3488421515,1415.310179640729,234729.7099064733,2813446.007080569,7758.5014624857085,0.0,0.0,0.0,12.0,1.0,168.0,1.0,168.0,26859.34415518151,0.0,1.0,0.005952380952380952,0.0,-0.2765827967814077,0.0,0.7567664670658683,0.58,33.30377572778033,0.0,0.0,3049591.0271666828,-73.37874741663529
264,44352,63526,42351,after_environment_step_before_replay_storage_and_optimizer,24125.489134298008,17691.377245508964,591.616689517381,2200134.542193306,1415.3101796407295,253413.44243418257,2778269.8891729782,28390.45679910302,0.0,0.0,0.0,12.0,1.0,168.0,1.0,168.0,28997.261857482827,0.0,0.0,0.0,0.0,-0.4339413206766498,0.0,0.7567664670658683,0.58,29.825170402305645,0.0,0.0,3033098.641786801,-177.4492853665582
265,44520,63778,42519,after_environment_step_before_replay_storage_and_optimizer,24452.391639797348,17691.37724550896,241.60126833200047,2173824.3687358904,1415.310179640729,238931.20476127553,2748433.9718819144,17911.285712643785,0.0,0.0,0.0,12.0,1.0,168.0,1.0,168.0,27340.1073117343,0.0,0.0,0.0,0.0,-0.9006185981551711,0.0,0.7567664670658683,0.58,25.501982519123082,0.0,0.0,2988780.4868228305,-104.05250466313876
266,44688,64030,42687,after_environment_step_before_replay_storage_and_optimizer,23926.188119271435,17691.37724550896,73.21974380455686,2171683.1139500043,1415.310179640729,229946.4146005297,2750787.0941488165,11853.47884422886,0.0,0.0,0.0,12.0,1.0,168.0,1.0,168.0,26312.00749775798,0.0,1.0,0.005952380952380952,0.0,-1.0079331286271713,0.0,0.7567664670658683,0.58,26.176451974143276,0.0,0.0,2982148.818928987,-63.66057884941743
267,44856,64282,42855,after_environment_step_before_replay_storage_and_optimizer,24343.8062641303,17691.377245508957,509.8580386987469,2060399.7437616359,1415.310179640729,232976.70159332087,2600358.5421762345,21424.60827235606,0.0,0.0,0.0,12.0,1.0,168.0,1.0,168.0,26658.753213333475,0.0,0.0,0.0,0.0,-0.5313927158069593,0.0,0.7567664670658683,0.58,28.21833383553536,0.0,0.0,2834750.553949196,-137.7145236837049
268,45024,64534,43023,after_environment_step_before_replay_storage_and_optimizer,24376.59668448819,17644.763138279093,600.2831860267142,2182533.7338254945,1411.5810510623396,247389.11314702284,2754197.1372965625,21278.87348731741,0.0,0.0,0.0,12.0,1.0,168.0,1.0,168.0,28307.917787265065,0.0,1.0,0.005952380952380952,0.0,-0.454623658718025,0.0,0.7563007141210236,0.58,25.492101739967843,0.0,0.0,3002997.8314946475,-142.41135859818988
269,45192,64786,43191,after_environment_step_before_replay_storage_and_optimizer,24365.54606706823,17654.97018667435,574.431317580913,2030635.9659288842,1412.3976149339605,213646.08955292503,2565626.1645941427,5787.600461980945,0.0,0.0,0.0,12.0,1.0,168.0,1.0,168.0,24446.815228447955,0.0,0.0,0.0,0.0,-0.4389878555161464,0.0,0.7564026996170629,0.58,25.522743266448476,0.0,0.0,2780684.6517620017,-63.403881364759236
270,45360,65038,43359,after_environment_step_before_replay_storage_and_optimizer,24162.05960721841,17691.37724550896,327.0707406262045,2083311.9046974594,1415.310179640729,236889.24392144664,2631752.852390882,26052.564620424768,0.0,0.0,0.0,12.0,1.0,168.0,1.0,168.0,27106.452488191848,0.0,1.0,0.005952380952380952,0.0,-0.5963928049652834,0.0,0.7567664670658683,0.58,25.98744660302275,0.0,0.0,2870057.4064919692,-149.8870675396963
271,45528,65290,43527,after_environment_step_before_replay_storage_and_optimizer,24463.749262008452,17691.37724550896,65.43327681839764,2102152.5333967786,1415.3101796407295,221045.27177208578,2662721.8989562215,7180.306647766113,0.0,0.0,0.0,12.0,1.0,168.0,1.0,168.0,25293.47917128895,0.0,0.0,0.0,0.0,-0.7697376431517717,0.0,0.7567664670658683,0.58,25.487710978734356,0.0,0.0,2885182.4809079478,-39.827529847934485
272,45696,65542,43695,after_environment_step_before_replay_storage_and_optimizer,24124.688218428557,17691.377245508957,223.04262344370727,2044045.9353038522,1415.310179640729,209677.00077786282,2584147.085594276,4680.55112190848,0.0,0.0,0.0,12.0,1.0,168.0,1.0,168.0,23992.645530737595,0.0,1.0,0.005952380952380952,0.0,-0.5211837862472963,0.0,0.7567664670658683,0.58,25.500968782030615,0.0,0.0,2795239.3965517795,-36.78531301616507
273,45864,65794,43863,after_environment_step_before_replay_storage_and_optimizer,24102.306773682885,17691.377245508964,224.87920916591065,2032542.5179417029,1415.3101796407295,206914.99769778067,2572557.1339358664,4693.837182883059,0.0,0.0,0.0,12.0,1.0,168.0,1.0,168.0,23676.598655737595,0.0,1.0,0.005952380952380952,0.0,-0.5221861197832038,0.0,0.7567664670658683,0.58,31.0,0.0,0.0,2780887.441813288,-36.96193846437018
274,46032,66046,44031,after_environment_step_before_replay_storage_and_optimizer,23985.556234873682,17664.90703408134,240.09848936294475,2075474.5759374578,1413.19256272652,224369.577524931,2622755.9175183703,14715.452992018549,0.0,0.0,0.0,12.0,1.0,168.0,1.0,168.0,25673.868480883786,0.0,1.0,0.005952380952380952,0.0,-0.5572985910882031,0.0,0.7565019853530195,0.58,25.473969028582875,0.0,0.0,2848538.687606028,-87.98317432186916
275,46200,66298,44199,after_environment_step_before_replay_storage_and_optimizer,24213.2749204143,17680.438860107213,106.01998003574772,2090518.4730645756,1414.4351088085891,229964.81654068237,2648055.172958663,17077.253998842865,0.0,0.0,0.0,12.0,1.0,168.0,1.0,168.0,26314.11317089105,0.0,1.0,0.005952380952380952,0.0,-0.8192194621799481,0.0,0.7566571742891647,0.58,32.460262591061735,0.0,0.0,2879434.424608154,-91.74746879635914
276,46368,66550,44367,after_environment_step_before_replay_storage_and_optimizer,24164.705203411777,17691.377245508957,745.275185447168,2102775.4081324358,1415.310179640729,233603.56693833825,2657168.5442651487,17792.186162824542,0.0,0.0,0.0,12.0,1.0,168.0,1.0,168.0,26730.483340923576,0.0,1.0,0.005952380952380952,0.0,-0.5843117466806351,0.0,0.7567664670658683,0.58,28.936933923870615,0.0,0.0,2892187.4213831276,-133.67744194095258
277,46536,66802,44535,after_environment_step_before_replay_storage_and_optimizer,24256.837422966677,17691.37724550896,757.0062219019565,2118698.7880599466,1415.310179640729,227620.8853560935,2673799.5436429195,3353.8147895634415,0.0,0.0,0.0,12.0,1.0,168.0,1.0,168.0,26045.904879797352,0.0,0.0,0.0,0.0,-0.3997031297431404,0.0,0.7567664670658683,0.58,25.520397277725444,0.0,0.0,2902835.7391786533,-62.18944726193456
278,46704,67054,44703,after_environment_step_before_replay_storage_and_optimizer,24131.736888141808,17691.37724550896,510.4311268093388,2215017.17769812,1415.310179640729,247578.9219198235,2793187.007942715,20454.49668194499,0.0,0.0,0.0,12.0,1.0,168.0,1.0,168.0,28329.636977197846,0.0,1.0,0.005952380952380952,0.0,-0.5407439788088042,0.0,0.7567664670658683,0.58,32.97221270462453,0.0,0.0,3042181.2400421794,-132.8983510182849
279,46872,67306,44871,after_environment_step_before_replay_storage_and_optimizer,24295.6527849373,17691.377245508964,577.8781063660663,2063546.1019970386,1415.3101796407295,217939.17284716322,2608261.679376097,8944.226433137064,0.0,0.0,0.0,12.0,1.0,168.0,1.0,168.0,24938.058547126057,0.0,0.0,0.0,0.0,-0.4650250802168113,0.0,0.7567664670658683,0.58,25.577422981728738,0.0,0.0,2827616.162402901,-79.393818547649
280,47040,67558,45039,after_environment_step_before_replay_storage_and_optimizer,24644.58016782803,17691.377245508957,163.8681407863769,2133704.3730949047,1415.310179640729,230959.84390659822,2697197.7095284206,13793.438990681158,0.0,0.0,0.0,12.0,1.0,168.0,1.0,168.0,26427.970860552945,0.0,1.0,0.005952380952380952,0.0,-0.8334658658080597,0.0,0.7567664670658683,0.58,32.998875419924374,0.0,0.0,2929572.8636146593,-78.79928340058814
281,47208,67810,45207,after_environment_step_before_replay_storage_and_optimizer,24125.112510653034,17691.37724550896,713.2813669444276,2205521.3092291127,1415.310179640729,239252.62143329962,2785779.76332491,15369.824407231277,0.0,0.0,0.0,12.0,1.0,168.0,1.0,168.0,27376.88595818067,0.0,1.0,0.005952380952380952,0.0,-0.30924945822332733,0.0,0.7567664670658683,0.58,33.18366200428339,0.0,0.0,3026447.69493785,-119.6460040528218
282,47376,68062,45375,after_environment_step_before_replay_storage_and_optimizer,23926.409117265408,17691.377245508964,96.27144210314691,2041779.4915769594,1415.3101796407295,209551.9036269388,2584595.0341901993,6735.224682270144,0.0,0.0,0.0,12.0,1.0,168.0,1.0,168.0,23978.331077612595,0.0,1.0,0.005952380952380952,0.0,-0.6239735200555737,0.0,0.7567664670658683,0.58,25.547485543525298,0.0,0.0,2795562.2479967787,-39.45240993753977
283,47544,68314,45543,after_environment_step_before_replay_storage_and_optimizer,24399.30937701648,17691.37724550896,763.36601584255,2144385.9868870773,1415.310179640729,227657.63693306578,2707666.4480780098,8175.237855963463,0.0,0.0,0.0,12.0,1.0,168.0,1.0,168.0,26050.11024116613,0.0,1.0,0.005952380952380952,0.0,-0.3149656592922546,0.0,0.7567664670658683,0.58,25.523307783337934,0.0,0.0,2936739.3951907163,-86.67815023037005
284,47712,68566,45711,after_environment_step_before_replay_storage_and_optimizer,24224.500123259,17674.041576722426,417.1094985198015,2102343.602663261,1413.9233261378063,235010.6697244167,2654338.90659845,18624.37239248852,0.0,0.0,0.0,12.0,1.0,168.0,1.0,168.0,26891.49345765764,0.0,0.0,0.0,0.0,-0.5581934712850205,0.0,0.7565932547216231,0.58,25.50917316569791,0.0,0.0,2890763.499649005,-118.14843187363053
285,47880,68818,45879,after_environment_step_before_replay_storage_and_optimizer,24058.497554831403,17691.377245508957,146.38908274269852,2063603.8188690073,1415.310179640729,211244.22280045008,2611674.9943370046,5860.134109416342,0.0,0.0,0.0,12.0,1.0,168.0,1.0,168.0,24171.977561987595,0.0,0.0,0.0,0.0,-0.579702593314397,0.0,0.7567664670658683,0.58,25.578489438700522,0.0,0.0,2824334.527317095,-38.084015511643834
286,48048,69070,46047,after_environment_step_before_replay_storage_and_optimizer,23903.88855443206,17686.12928820425,712.2873823049558,2174846.6761951293,1414.8903430563528,234672.73587085056,2747086.9163265117,15356.940745610873,0.0,0.0,0.0,12.0,1.0,168.0,1.0,168.0,26852.82480477073,0.0,1.0,0.005952380952380952,0.0,-0.389563069891923,0.0,0.756714031189385,0.58,33.22171608848403,0.0,0.0,2983174.542540419,-119.5219466663514
287,48216,69322,46215,after_environment_step_before_replay_storage_and_optimizer,24344.036991219564,17691.377245508964,237.81840723613823,2073644.9235086478,1415.3101796407295,237715.14836102256,2621200.6399890175,26800.972850654514,0.0,0.0,0.0,12.0,1.0,168.0,1.0,168.0,27200.958000897084,0.0,1.0,0.005952380952380952,0.0,-0.6913424729824269,0.0,0.7567664670658683,0.58,25.560269104408047,0.0,0.0,2860331.0985296806,-148.27396868744103
288,48384,69574,46383,after_environment_step_before_replay_storage_and_optimizer,24323.903226658054,17691.37724550896,147.36513971068234,2076576.4451975422,1415.3101796407295,214935.08442720896,2628449.2709481395,5656.0109508383375,0.0,0.0,0.0,12.0,1.0,168.0,1.0,168.0,24594.31064756832,0.0,0.0,0.0,0.0,-0.5926702574923246,0.0,0.7567664670658683,0.58,29.700000762939453,0.0,0.0,2844799.665554989,-37.12196313683291
289,48552,69826,46551,after_environment_step_before_replay_storage_and_optimizer,24372.1491322561,17691.37724550896,575.7913655066059,2050821.2009671836,1415.310179640729,213635.01577974745,2589781.184771209,7113.324024949427,0.0,0.0,0.0,12.0,1.0,168.0,1.0,168.0,24445.54809321828,0.0,1.0,0.005952380952380952,0.0,-0.4367225195810877,0.0,0.7567664670658683,0.58,29.899999618530273,0.0,0.0,2804831.510730597,-70.11410205514319
290,48720,70078,46719,after_environment_step_before_replay_storage_and_optimizer,23868.077409486148,17691.377245508957,583.1054254496903,2035947.953526821,1415.310179640729,209402.03589041604,2572545.109520082,2072.225229642866,0.0,0.0,0.0,12.0,1.0,168.0,1.0,168.0,23961.182208325332,0.0,1.0,0.005952380952380952,0.0,-0.4217390294148041,0.0,0.7567664670658683,0.58,25.556988787861727,0.0,0.0,2783362.4555901387,-45.34745167519568
291,48888,70330,46887,after_environment_step_before_replay_storage_and_optimizer,24144.255063823894,17691.377245508964,240.30988582507598,2069209.220773643,1415.3101796407295,220804.4199118937,2614536.003527881,12443.752253247452,0.0,0.0,0.0,12.0,1.0,168.0,1.0,168.0,25265.91928973032,0.0,0.0,0.0,0.0,-0.5049619625219028,0.0,0.7567664670658683,0.58,27.977142417548247,0.0,0.0,2836755.733619415,-76.63735441574156
292,49056,70582,47055,after_environment_step_before_replay_storage_and_optimizer,23632.58412018112,17689.138491915426,167.13900033217578,2125050.072604542,1415.1310793532466,218247.63206636385,2686210.079005058,3890.3673848573167,0.0,0.0,0.0,12.0,1.0,168.0,1.0,168.0,24973.354515112595,0.0,0.0,0.0,0.0,-0.6425526856586351,0.0,0.7567440981706789,0.58,33.12330280465776,0.0,0.0,2905872.8421507753,-29.480176944217245
293,49224,70834,47223,after_environment_step_before_replay_storage_and_optimizer,23931.805236349664,17691.37724550896,762.5518062571409,2028570.154214256,1415.310179640729,231453.38922289264,2561722.4821921247,23123.080431648228,0.0,0.0,0.0,12.0,1.0,168.0,1.0,168.0,26484.44561831502,0.0,1.0,0.005952380952380952,0.0,-0.606258544079487,0.0,0.7567664670658683,0.58,25.55459144600115,0.0,0.0,2794591.1815946577,-161.36851053366945
294,49392,71086,47391,after_environment_step_before_replay_storage_and_optimizer,24229.153920348796,17691.377245508957,93.03014874096334,2151468.415796037,1415.310179640729,220988.0943353577,2724423.037561713,6689.81917556541,0.0,0.0,0.0,12.0,1.0,168.0,1.0,168.0,25286.936546362595,0.0,0.0,0.0,0.0,-0.8031251774706116,0.0,0.7567664670658683,0.58,32.06293910190695,0.0,0.0,2946826.442076711,-39.03090480228518
295,49560,71338,47559,after_environment_step_before_replay_storage_and_optimizer,24236.56729157797,17690.32497278826,163.30434570116813,2196555.759810111,1415.2259978230732,239497.9098154277,2779419.2538653263,19193.336529897624,0.0,0.0,0.0,12.0,1.0,168.0,1.0,168.0,27404.953496267222,0.0,1.0,0.005952380952380952,0.0,-1.0205196076211436,0.0,0.7567559531002992,0.58,25.517347195393814,0.0,0.0,3020332.3896785774,-105.76494339155812
296,49728,71590,47727,after_environment_step_before_replay_storage_and_optimizer,24473.39755395252,17691.377245508964,512.8162870279266,2070499.1278168235,1415.3101796407295,235247.09855528167,2611761.5061442503,20096.661833837534,0.0,0.0,0.0,12.0,1.0,168.0,1.0,168.0,26918.547226602957,0.0,0.0,0.0,0.0,-0.5360229027657055,0.0,0.7567664670658683,0.58,27.657607745451127,0.0,0.0,2848423.9148791726,-131.25228639086336
297,49896,71842,47895,after_environment_step_before_replay_storage_and_optimizer,23876.184736346804,17691.377245508957,657.9124583783214,2193786.1437445716,1415.310179640729,222928.012016524,2772813.617803707,430.64080288829894,0.0,0.0,0.0,12.0,1.0,168.0,1.0,168.0,25508.914908845672,0.0,1.0,0.005952380952380952,0.0,-0.06943299067908747,0.0,0.7567664670658683,0.58,25.556156265440183,0.0,0.0,2997156.9399998714,-41.62795151714078
298,50064,72094,48063,after_environment_step_before_replay_storage_and_optimizer,24183.292819355513,17691.37724550896,325.10375454419045,2099567.225154357,1415.310179640729,229009.03793544843,2649831.202023661,14002.861165609012,0.0,0.0,0.0,12.0,1.0,168.0,1.0,168.0,26204.74658706846,0.0,1.0,0.005952380952380952,0.0,-0.5175727982700917,0.0,0.7567664670658683,0.58,25.532592216540767,0.0,0.0,2880255.55013875,-89.52053110069625
299,50232,72346,48231,after_environment_step_before_replay_storage_and_optimizer,24294.68426147783,17656.17401963138,509.8635664384328,2179321.513644774,1412.4939215705226,246189.20134776903,2750937.5433664136,20089.687993752294,0.0,0.0,0.0,12.0,1.0,168.0,1.0,168.0,28170.615849709473,0.0,0.0,0.0,0.0,-0.5370558866766841,0.0,0.7564147279230448,0.58,25.479500204452545,0.0,0.0,2998539.2386357533,-131.04025395506747
300,50400,72598,48399,after_environment_step_before_replay_storage_and_optimizer,23859.546986601246,17583.502994011953,588.3208229114589,2148332.521988784,1406.6802395209684,237608.95630417552,2709804.49421309,12599.003728308544,0.0,0.0,0.0,12.0,1.0,168.0,1.0,168.0,27188.806795144148,0.0,0.0,0.0,0.0,-0.46218889686809594,0.0,0.755688622754491,0.58,25.46535655060022,0.0,0.0,2948820.130756786,-98.2942680162301
301,50568,72850,48567,after_environment_step_before_replay_storage_and_optimizer,23872.88906513404,17691.37724550896,699.3461516610878,2143872.2530662306,1415.3101796407295,236718.1357142376,2707652.4908806765,17826.70758825305,0.0,0.0,0.0,12.0,1.0,168.0,1.0,168.0,27086.873142113185,0.0,0.0,0.0,0.0,-0.523967478152843,0.0,0.7567664670658683,0.58,33.167488506043334,0.0,0.0,2945785.9367745547,-131.09430704093023
302,50736,73102,48735,after_environment_step_before_replay_storage_and_optimizer,24223.23272917003,17691.377245508957,110.43935192100798,2151695.3516256413,1415.310179640729,224461.59293757845,2720952.2420297964,8535.367280692062,0.0,0.0,0.0,12.0,1.0,168.0,1.0,168.0,25684.397500141145,0.0,1.0,0.005952380952380952,0.0,-0.8517325131806903,0.0,0.7567664670658683,0.58,32.99176271954789,0.0,0.0,2946829.1451470153,-49.30319751872051
303,50904,73354,48903,after_environment_step_before_replay_storage_and_optimizer,24201.87947833906,17691.377245508957,713.3004377092166,2045766.3221095232,1415.310179640729,219005.33055061844,2583802.4316381305,14073.636955577815,0.0,0.0,0.0,12.0,1.0,168.0,1.0,168.0,25060.05544599417,0.0,1.0,0.005952380952380952,0.0,-0.48121898701737154,0.0,0.7567664670658683,0.58,28.33309195888654,0.0,0.0,2804223.0723683895,-113.16621104044188
304,51072,73606,49071,after_environment_step_before_replay_storage_and_optimizer,24251.791192452067,17691.377245508957,65.35955815665511,2143989.5710007786,1415.310179640729,223164.7233137971,2714649.85718768,7236.68716916181,0.0,0.0,0.0,12.0,1.0,168.0,1.0,168.0,25536.000999487595,0.0,0.0,0.0,0.0,-0.848138695502291,0.0,0.7567664670658683,0.58,25.4246270328564,0.0,0.0,2939229.890681118,-40.10500933520838
305,51240,73858,49239,after_environment_step_before_replay_storage_and_optimizer,24126.815580805407,17691.37724550896,100.06126608329396,2060685.8693019236,1415.310179640729,227719.22545041348,2607092.1196226296,23870.750818383145,0.0,0.0,0.0,12.0,1.0,168.0,1.0,168.0,26057.157611454735,0.0,0.0,0.0,0.0,-0.69085050711925,0.0,0.7567664670658683,0.58,26.59796632640884,0.0,0.0,2836226.6552526834,-125.35743005691346
306,51408,74110,49407,after_environment_step_before_replay_storage_and_optimizer,24059.008232649736,17691.377245508964,330.9185838714675,2093423.6769329547,1415.3101796407295,238120.21247620517,2644532.796349617,21452.19724041742,0.0,0.0,0.0,12.0,1.0,168.0,1.0,168.0,27247.308147535692,0.0,1.0,0.005952380952380952,0.0,-0.6376282624764633,0.0,0.7567664670658683,0.58,25.555197614862426,0.0,0.0,2884068.319005463,-127.11610123437501
307,51576,74362,49575,after_environment_step_before_replay_storage_and_optimizer,24607.843981301277,17691.377245508953,85.33514270125124,2107179.803346606,1415.3101796407286,214139.55018751373,2667582.016917674,6743.808683902985,0.0,0.0,0.0,12.0,1.0,168.0,1.0,168.0,24503.280296362595,0.0,0.0,0.0,0.0,-0.6775159003649184,0.0,0.7567664670658683,0.58,27.745886590305204,0.0,0.0,2883136.877284828,-38.83915198159024
308,51744,74614,49743,after_environment_step_before_replay_storage_and_optimizer,23947.308011372603,17691.377245508957,720.6418933963741,2057671.6741013105,1415.310179640729,236515.437347097,2596948.4701163806,23744.106436036167,0.0,0.0,0.0,12.0,1.0,168.0,1.0,168.0,27063.67903854235,0.0,1.0,0.005952380952380952,0.0,-0.6285241112366027,0.0,0.7567664670658683,0.58,25.545719022386397,0.0,0.0,2834879.217643118,-161.95904578396355
309,51912,74866,49911,after_environment_step_before_replay_storage_and_optimizer,24016.815239813335,17583.502994011953,62.494875579670406,2051781.151177273,1406.6802395209684,209828.3326567129,2596995.8690557964,7404.747432480366,0.0,0.0,0.0,12.0,1.0,168.0,1.0,168.0,24009.961936987595,0.0,0.0,0.0,0.0,-0.6567673492946483,0.0,0.755688622754491,0.58,25.494457363517736,0.0,0.0,2808230.88195203,-40.77342969718204
310,52080,75118,50079,after_environment_step_before_replay_storage_and_optimizer,24319.863678390524,17691.377245508957,64.32542533595188,2206922.4946786235,1415.310179640729,225888.45817005992,2793872.446312692,7222.692595583888,0.0,0.0,0.0,12.0,1.0,168.0,1.0,168.0,25847.668968237595,0.0,1.0,0.005952380952380952,0.0,-0.9818880914860684,0.0,0.7567664670658683,0.58,32.870987127517225,0.0,0.0,3021176.2146623926,-39.97298849807661
311,52248,75370,50247,after_environment_step_before_replay_storage_and_optimizer,23962.46731743385,17691.37724550896,65.47288658554316,2152690.9289553715,1415.310179640729,221125.55961225487,2725165.975548452,7390.074510217008,0.0,0.0,0.0,12.0,1.0,168.0,1.0,168.0,25302.666243225594,0.0,1.0,0.005952380952380952,0.0,-0.8712157142476182,0.0,0.7567664670658683,0.58,25.566668743268455,0.0,0.0,2947706.845340348,-40.87874574621759
312,52416,75622,50415,after_environment_step_before_replay_storage_and_optimizer,24318.69231924401,17691.377245508957,753.2634507075818,2161410.2788661127,1415.310179640729,247387.1601804949,2729909.029270677,23822.344748764193,0.0,0.0,0.0,12.0,1.0,168.0,1.0,168.0,28307.694315766217,0.0,1.0,0.005952380952380952,0.0,-0.4722090537304536,0.0,0.7567664670658683,0.58,25.50731893507667,0.0,0.0,2978711.4996308126,-164.30753078627586
313,52584,75874,50583,after_environment_step_before_replay_storage_and_optimizer,24035.08600225069,17691.37724550896,163.62583748235556,2152593.2169949342,1415.3101796407295,234822.885962671,2722807.703072431,19493.55778599878,0.0,0.0,0.0,12.0,1.0,168.0,1.0,168.0,26870.005983040595,0.0,1.0,0.005952380952380952,0.0,-0.9235745675773934,0.0,0.7567664670658683,0.58,25.551903127091762,0.0,0.0,2959045.8992147427,-107.28533917893506
314,52752,76126,50751,after_environment_step_before_replay_storage_and_optimizer,24419.43325298938,17691.37724550896,48.75299784728486,2060230.4655293191,1415.310179640729,219459.7344210474,2608722.208866524,18041.295783447986,0.0,0.0,0.0,12.0,1.0,168.0,1.0,168.0,25112.05137759636,0.0,1.0,0.005952380952380952,0.0,-0.725194586384067,0.0,0.7567664670658683,0.58,26.509883002989472,0.0,0.0,2829597.253467212,-93.13165878807712
315,52920,76378,50919,after_environment_step_before_replay_storage_and_optimizer,24272.710820696728,17691.37724550896,420.4838806321877,2100926.909160186,1415.310179640729,241337.26564781327,2653254.5467287754,26780.70222343934,0.0,0.0,0.0,12.0,1.0,168.0,1.0,168.0,27615.424899080135,0.0,0.0,0.0,0.0,-0.6652764221196309,0.0,0.7567664670658683,0.58,28.38966614497076,0.0,0.0,2896007.122556229,-159.1325439551282
316,53088,76630,51087,after_environment_step_before_replay_storage_and_optimizer,24186.250603874338,17691.377245508957,764.3286868345458,2096723.330359212,1415.310179640729,232436.99081710842,2649132.044225117,16674.69502880404,0.0,0.0,0.0,12.0,1.0,168.0,1.0,168.0,26596.995894720818,0.0,1.0,0.005952380952380952,0.0,-0.5803158315740425,0.0,0.7567664670658683,0.58,25.565849261735707,0.0,0.0,2882984.345221866,-129.23319635409266
317,53256,76882,51255,after_environment_step_before_replay_storage_and_optimizer,24105.946492020805,17678.34053062249,396.41441849311195,2113632.16430541,1414.2672424498114,222066.65013617152,2672820.350840825,775.5336512126582,0.0,0.0,0.0,12.0,1.0,168.0,1.0,168.0,25410.35211849519,0.0,0.0,0.0,0.0,-0.4306573445594502,0.0,0.7566362084658369,0.58,25.52991983815575,0.0,0.0,2896301.2682194463,-27.662533365650084
318,53424,77134,51423,after_environment_step_before_replay_storage_and_optimizer,24097.172403147426,17691.377245508964,768.6410292379696,2199889.7425849778,1415.3101796407295,245260.15572778866,2777401.716640324,22859.163332282995,0.0,0.0,0.0,12.0,1.0,168.0,1.0,168.0,28064.3082329495,0.0,0.0,0.0,0.0,-0.3480058494292751,0.0,0.7567664670658683,0.58,33.31683623662777,0.0,0.0,3024077.182547753,-160.4142784156931
319,53592,77386,51591,after_environment_step_before_replay_storage_and_optimizer,24090.91888760581,17691.37724550896,417.90164413194,2179302.523507903,1415.310179640729,244927.3268123103,2751146.396998539,23232.306603581932,0.0,0.0,0.0,12.0,1.0,168.0,1.0,168.0,28026.22372123945,0.0,0.0,0.0,0.0,-0.6678522820838203,0.0,0.7567664670658683,0.58,33.1636119605212,0.0,0.0,2997489.03399049,-141.23563166582582
320,53760,77638,51759,after_environment_step_before_replay_storage_and_optimizer,24284.80241143723,17691.377245508957,304.2048069652683,2170446.5694108307,1415.310179640729,224327.02576809077,2745987.907005052,3306.0037986069415,0.0,0.0,0.0,12.0,1.0,168.0,1.0,168.0,25668.999424121288,0.0,0.0,0.0,0.0,-0.4330889388723658,0.0,0.7567664670658683,0.58,25.50655431405125,0.0,0.0,2971730.2429527836,-34.78230741095086
321,53928,77890,51927,after_environment_step_before_replay_storage_and_optimizer,24052.683822307365,17691.377245508957,748.8640279844967,2163871.2431065533,1415.310179640729,237408.86991662698,2731950.903628605,12833.838268502268,0.0,0.0,0.0,12.0,1.0,168.0,1.0,168.0,27165.91157175689,0.0,0.0,0.0,0.0,-0.3463217824268236,0.0,0.7567664670658683,0.58,25.529964507964127,0.0,0.0,2970775.0837248727,-109.10103302158092
322,54096,78142,52095,after_environment_step_before_replay_storage_and_optimizer,23958.10290111834,17691.377245508957,71.68160371640624,2080792.4162104754,1415.310179640729,213864.42523085585,2635493.795342108,7017.42122768328,0.0,0.0,0.0,12.0,1.0,168.0,1.0,168.0,24471.798657760053,0.0,0.0,0.0,0.0,-0.6727138804689896,0.0,0.7567664670658683,0.58,25.490087021953652,0.0,0.0,2850773.5307526044,-39.38800236140081
323,54264,78394,52263,after_environment_step_before_replay_storage_and_optimizer,24022.005991253376,17691.37724550896,81.89142160291522,2035248.8435195924,1415.310179640729,211891.55660435153,2576200.2446039547,6585.120393718441,0.0,0.0,0.0,12.0,1.0,168.0,1.0,168.0,24246.049827612595,0.0,1.0,0.005952380952380952,0.0,-0.6179868871109623,0.0,0.7567664670658683,0.58,25.469561824686863,0.0,0.0,2789507.1113879466,-37.839087264766974
324,54432,78646,52431,after_environment_step_before_replay_storage_and_optimizer,24297.95040648139,17691.377245508953,767.2937764864128,2194993.1541259107,1415.3101796407286,245456.5509226045,2774314.1528306385,22445.186814606433,0.0,0.0,0.0,12.0,1.0,168.0,1.0,168.0,28086.78108536382,0.0,1.0,0.005952380952380952,0.0,-0.3283999539258904,0.0,0.7567664670658683,0.58,25.53254701978638,0.0,0.0,3021186.0139328837,-158.26356066221675
325,54600,78898,52599,after_environment_step_before_replay_storage_and_optimizer,24380.21118293774,17691.377245508957,705.9419944984475,2241692.7118259943,1415.310179640729,234277.16943805537,2829935.0438942714,6180.133232766938,0.0,0.0,0.0,12.0,1.0,168.0,1.0,168.0,26807.561446506807,0.0,0.0,0.0,0.0,-0.1497556559546591,0.0,0.7567664670658683,0.58,32.79963189765436,0.0,0.0,3065627.523511967,-73.2571858337416
326,54768,79150,52767,after_environment_step_before_replay_storage_and_optimizer,24190.42279081159,17691.37724550896,765.8509032278107,2092614.0823091997,1415.310179640729,228149.73298104363,2643522.237046584,12346.3244443599,0.0,0.0,0.0,12.0,1.0,168.0,1.0,168.0,26106.419163949307,0.0,1.0,0.005952380952380952,0.0,-0.5112615475566585,0.0,0.7567664670658683,0.58,25.512283132483745,0.0,0.0,2873087.280207268,-107.68267641546775
327,54936,79402,52935,after_environment_step_before_replay_storage_and_optimizer,24250.863180307315,17691.377245508957,670.4596808001588,2143383.33004504,1415.310179640729,236492.11851820193,2703984.0223042746,11819.823156326058,0.0,0.0,0.0,12.0,1.0,168.0,1.0,168.0,27061.01074209688,0.0,1.0,0.005952380952380952,0.0,-0.41888062012376887,0.0,0.7567664670658683,0.58,29.26422382409762,0.0,0.0,2941891.4510021172,-99.32669662963983
328,55104,79654,53103,after_environment_step_before_replay_storage_and_optimizer,24247.71236894338,17691.37724550896,422.0769562234218,2075771.6675995435,1415.310179640729,230750.6233459097,2620758.722541271,16944.88533979807,0.0,0.0,0.0,12.0,1.0,168.0,1.0,168.0,26404.030443951604,0.0,0.0,0.0,0.0,-0.5701836853222574,0.0,0.7567664670658683,0.58,25.46283480250649,0.0,0.0,2852924.656066821,-110.04904407239545
329,55272,79906,53271,after_environment_step_before_replay_storage_and_optimizer,24259.236900961027,17691.37724550896,167.22883207931773,2091359.7060628901,1415.310179640729,226881.82232998012,2645363.4820929915,13804.637312370494,0.0,0.0,0.0,12.0,1.0,168.0,1.0,168.0,25961.336342739734,0.0,0.0,0.0,0.0,-0.6583721273740333,0.0,0.7567664670658683,0.58,25.534024983261155,0.0,0.0,2873660.6146026123,-79.05691648661136
330,55440,80158,53439,after_environment_step_before_replay_storage_and_optimizer,23804.281837815804,17691.377245508964,156.91982906689555,2142536.5714504733,1415.3101796407295,223164.7233137971,2710134.380499368,5691.103020737773,0.0,0.0,0.0,12.0,1.0,168.0,1.0,168.0,25536.000999487595,0.0,0.0,0.0,0.0,-0.6634073983089047,0.0,0.7567664670658683,0.58,25.546323001930087,0.0,0.0,2934714.413992806,-37.87070484770283
331,55608,80410,53607,after_environment_step_before_replay_storage_and_optimizer,24118.49959674988,17691.37724550896,666.8849474449617,2202739.351122143,1415.310179640729,245674.74490369557,2779209.5164550287,19929.59503291877,0.0,0.0,0.0,12.0,1.0,168.0,1.0,168.0,28111.748300775318,0.0,0.0,0.0,0.0,-0.37346790303592314,0.0,0.7567664670658683,0.58,33.275145749625636,0.0,0.0,3026299.571538365,-139.66107201129157
332,55776,80662,53775,after_environment_step_before_replay_storage_and_optimizer,24251.82965028974,17691.37724550896,594.6460069289169,2097185.8988878066,1415.310179640729,235694.29566469506,2646402.2794390856,18661.479351616374,0.0,0.0,0.0,12.0,1.0,168.0,1.0,168.0,26969.718512384043,0.0,1.0,0.005952380952380952,0.0,-0.5645085826991861,0.0,0.7567664670658683,0.58,25.510071901623263,0.0,0.0,2883511.8852834213,-128.9861571738166
333,55944,80914,53943,after_environment_step_before_replay_storage_and_optimizer,23447.250776475168,17681.031311637882,105.60183217741542,2069569.8047714296,1414.482504931043,220007.0282079301,2618606.5353040285,9925.478162097637,0.0,0.0,0.0,12.0,1.0,168.0,1.0,168.0,25174.676395033355,0.0,0.0,0.0,0.0,-0.6266998223544564,0.0,0.7566630938714861,0.58,25.531210184090533,0.0,0.0,2840028.0460168896,-55.963500741132954
334,56112,81166,54111,after_environment_step_before_replay_storage_and_optimizer,23919.62229578431,17691.377245508957,661.5155863207474,2225592.233516353,1415.310179640729,253391.47458198425,2806064.065835075,22201.69605041685,0.0,0.0,0.0,12.0,1.0,168.0,1.0,168.0,28994.748148831375,0.0,1.0,0.005952380952380952,0.0,-0.3589185688922964,0.0,0.7567664670658683,0.58,31.700000762939453,0.0,0.0,3060870.8505967,-150.69941543132916
335,56280,81418,54279,after_environment_step_before_replay_storage_and_optimizer,24056.211097822903,17691.37724550896,62.66165720050958,2064201.0774350949,1415.3101796407295,214256.9491683718,2614249.520066917,11641.216642510477,0.0,0.0,0.0,12.0,1.0,168.0,1.0,168.0,24516.713873354573,0.0,1.0,0.005952380952380952,0.0,-0.677463711144916,0.0,0.7567664670658683,0.58,25.558760141770552,0.0,0.0,2829921.7794149294,-61.96578264458264
336,56448,81670,54447,after_environment_step_before_replay_storage_and_optimizer,24157.57527182904,17691.377245508957,709.7003881507662,2150978.7872050493,1415.310179640729,227243.86980280883,2716702.59466077,5267.155042044716,0.0,0.0,0.0,12.0,1.0,168.0,1.0,168.0,26002.764237304487,0.0,0.0,0.0,0.0,-0.32605090104957,0.0,0.7567664670658683,0.58,25.517366919740034,0.0,0.0,2945361.7746432195,-68.91779849926958
337,56616,81922,54615,after_environment_step_before_replay_storage_and_optimizer,24242.525285850767,17691.377245508957,421.781391231767,2112175.212126348,1415.310179640729,237388.20656028972,2667417.6704733176,19129.63230777998,0.0,0.0,0.0,12.0,1.0,168.0,1.0,168.0,27163.547132251195,0.0,1.0,0.005952380952380952,0.0,-0.6425150773051957,0.0,0.7567664670658683,0.58,28.138698254039735,0.0,0.0,2906221.1872132476,-120.95504501280573
338,56784,82174,54783,after_environment_step_before_replay_storage_and_optimizer,24096.356574648336,17691.377245508964,55.22843640023348,2069949.1084613157,1415.3101796407295,211582.9471969191,2621483.6434799572,8680.49663898461,0.0,0.0,0.0,12.0,1.0,168.0,1.0,168.0,24210.73667408355,0.0,0.0,0.0,0.0,-0.6724047512135688,0.0,0.7567664670658683,0.58,27.733234206166983,0.0,0.0,2834481.900856517,-46.71618937893689
339,56952,82426,54951,after_environment_step_before_replay_storage_and_optimizer,23949.07868677513,17691.377245508957,643.2556867043968,2174584.231681865,1415.310179640729,222310.27054449898,2748181.1949958936,-537.6910428200637,0.0,0.0,0.0,12.0,1.0,168.0,1.0,168.0,25438.228795857845,0.0,0.0,0.0,0.0,-0.16950423628153255,0.0,0.7567664670658683,0.58,25.513779782011472,0.0,0.0,2971906.7757200333,-35.90688598816345
340,57120,82678,55119,after_environment_step_before_replay_storage_and_optimizer,23994.36585089418,17691.377245508957,710.9431624107438,2102915.3527133795,1415.310179640729,229697.49249477978,2657530.6343526226,14120.461570238354,0.0,0.0,0.0,12.0,1.0,168.0,1.0,168.0,26283.52416469872,0.0,1.0,0.005952380952380952,0.0,-0.4931752452083586,0.0,0.7567664670658683,0.58,28.88955735335534,0.0,0.0,2888643.4370270427,-113.25889759583602
341,57288,82930,55287,after_environment_step_before_replay_storage_and_optimizer,24322.092717787626,17691.377245508957,304.24798206295964,2027838.5135052959,1415.310179640729,209363.77706712857,2564775.580669742,3837.8623989400307,0.0,0.0,0.0,12.0,1.0,168.0,1.0,168.0,23956.80437774709,0.0,0.0,0.0,0.0,-0.4936267484776775,0.0,0.7567664670658683,0.58,25.545205190853334,0.0,0.0,2775554.667916511,-37.44419091847778
342,57456,83182,55455,after_environment_step_before_replay_storage_and_optimizer,24101.852177719065,17651.037049289298,664.6376523839663,2217831.4461517874,1412.0829639431563,252836.60610235974,2798735.8469201406,22778.356653981893,0.0,0.0,0.0,12.0,1.0,168.0,1.0,168.0,28931.25638436306,0.0,1.0,0.005952380952380952,0.0,-0.343880438834104,0.0,0.7563634009920664,0.58,32.091679322757244,0.0,0.0,3052984.5359864435,-153.77004241294742
343,57624,83434,55623,after_environment_step_before_replay_storage_and_optimizer,24035.153667310806,17691.377245508964,62.35996287940361,2053735.08169417,1415.3101796407295,211186.6685168687,2600218.8520983825,7297.551800505795,0.0,0.0,0.0,12.0,1.0,168.0,1.0,168.0,24165.39181572252,0.0,1.0,0.005952380952380952,0.0,-0.659961732554559,0.0,0.7567664670658683,0.58,25.5490604047324,0.0,0.0,2812820.830794892,-40.22935677529324
344,57792,83686,55791,after_environment_step_before_replay_storage_and_optimizer,24105.681234618016,17691.37724550896,327.03929791611154,2200837.505974338,1415.3101796407295,247067.07328657262,2777661.6243789867,22593.812530510797,0.0,0.0,0.0,12.0,1.0,168.0,1.0,168.0,28271.06783142877,0.0,1.0,0.005952380952380952,0.0,-0.7749625255255155,0.0,0.7567664670658683,0.58,33.17028191716707,0.0,0.0,3026144.0078451997,-132.59142052752065
345,57960,83938,55959,after_environment_step_before_replay_storage_and_optimizer,24426.596777862156,17691.37724550896,761.9270477088485,2045856.9136863798,1415.3101796407295,225261.55172852092,2582994.940402279,19491.521955709635,0.0,0.0,0.0,12.0,1.0,168.0,1.0,168.0,25775.93413810848,0.0,1.0,0.005952380952380952,0.0,-0.533425471967464,0.0,0.7567664670658683,0.58,28.581591872463882,0.0,0.0,2809671.8023104407,-143.17323264107887
346,58128,84190,56127,after_environment_step_before_replay_storage_and_optimizer,24074.93195053647,17691.37724550896,487.45798802346326,2030258.7060392424,1415.310179640729,208448.59877809676,2565996.0291577405,1174.7575611693487,0.0,0.0,0.0,12.0,1.0,168.0,1.0,168.0,23852.08355379068,0.0,1.0,0.005952380952380952,0.0,-0.44980377780639536,0.0,0.7567664670658683,0.58,25.51326035863867,0.0,0.0,2775859.938115478,-35.121267087254765
347,58296,84442,56295,after_environment_step_before_replay_storage_and_optimizer,24009.533031940296,17691.377245508964,747.8635074528975,2045693.4477123236,1415.3101796407295,222853.60219674523,2582918.6907685306,11428.221835486978,0.0,0.0,0.0,12.0,1.0,168.0,1.0,168.0,25500.400439336216,0.0,0.0,0.0,0.0,-0.4607491206630237,0.0,0.7567664670658683,0.58,25.493830385666374,0.0,0.0,2807187.6031449162,-102.01291962460841
348,58464,84694,56463,after_environment_step_before_replay_storage_and_optimizer,23610.808351489322,17691.37724550896,103.25078906743875,2091158.3933029287,1415.3101796407295,216849.0599354881,2647584.2825564947,6545.433147598875,0.0,0.0,0.0,12.0,1.0,168.0,1.0,168.0,24813.32053303165,0.0,1.0,0.005952380952380952,0.0,-0.6595189244144557,0.0,0.7567664670658683,0.58,25.569976771601077,0.0,0.0,2865848.6526716235,-38.92221308204093
349,58632,84946,56631,after_environment_step_before_replay_storage_and_optimizer,24145.581889128065,17638.994844733086,572.1395955823955,2058026.4564820023,1411.1195875786593,211688.56266648622,2600420.3975244886,1375.3636266489543,0.0,0.0,0.0,12.0,1.0,168.0,1.0,168.0,24222.821902861557,0.0,0.0,0.0,0.0,-0.4249490683478201,0.0,0.7562430792146522,0.58,32.0,0.0,0.0,2813520.0797785535,-41.2051938681885
350,58800,85198,56799,after_environment_step_before_replay_storage_and_optimizer,24261.997671300636,17684.349625690687,767.9698083538606,2198034.2028233153,1414.7479700552672,242937.14902335353,2773558.5051449286,20969.81285508711,0.0,0.0,0.0,12.0,1.0,168.0,1.0,168.0,27798.494260895946,0.0,0.0,0.0,0.0,-0.37488989071291207,0.0,0.7566962493824217,0.58,33.294080563226565,0.0,0.0,3017910.4021383375,-150.9272527766671
351,58968,85450,56967,after_environment_step_before_replay_storage_and_optimizer,23929.450795294273,17691.377245508957,242.00221467665506,2135652.390887459,1415.310179640729,234649.04326280957,2698852.970314117,15770.45366820998,0.0,0.0,0.0,12.0,1.0,168.0,1.0,168.0,26850.11373801416,0.0,1.0,0.005952380952380952,0.0,-0.8162904826741637,0.0,0.7567664670658683,0.58,33.11516802127795,0.0,0.0,2934917.323756567,-93.372401221649
352,59136,85702,57135,after_environment_step_before_replay_storage_and_optimizer,24081.150477221123,17691.377245508964,764.1653412186024,2093962.3467229668,1415.3101796407295,230662.04843692112,2645370.120159521,19105.616265490124,0.0,0.0,0.0,12.0,1.0,168.0,1.0,168.0,26393.89511014581,0.0,0.0,0.0,0.0,-0.593919153551896,0.0,0.7567664670658683,0.58,25.57082588920518,0.0,0.0,2877447.4787760824,-141.37800180056655
353,59304,85954,57303,after_environment_step_before_replay_storage_and_optimizer,24189.321748302416,17686.222563970663,746.7652078028586,2104078.0604291484,1414.897805117666,230236.09988726393,2656474.3159099272,18449.878913454897,0.0,0.0,0.0,12.0,1.0,168.0,1.0,168.0,26345.15522676164,0.0,1.0,0.005952380952380952,0.0,-0.596854042349444,0.0,0.7567149631703982,0.58,25.524147283085004,0.0,0.0,2888125.3136023087,-137.05530703544576
354,59472,86206,57471,after_environment_step_before_replay_storage_and_optimizer,24065.7815769415,17691.37724550896,223.8242036938791,2054076.7893362239,1415.3101796407295,211241.0859808116,2597803.8953550532,4618.72610222257,0.0,0.0,0.0,12.0,1.0,168.0,1.0,168.0,24171.618626093812,0.0,0.0,0.0,0.0,-0.5223130609996451,0.0,0.7567664670658683,0.58,25.554177478764565,0.0,0.0,2810460.2915155054,-36.52308273274579
355,59640,86458,57639,after_environment_step_before_replay_storage_and_optimizer,24076.001034562658,17671.360625793342,667.5843668836442,2066944.466044448,1413.70885006348,242363.73499586046,2611213.195083613,23220.570859672087,0.0,0.0,0.0,12.0,1.0,168.0,1.0,168.0,27732.88039073873,0.0,0.0,0.0,0.0,-0.6085543415283756,0.0,0.7565664675349878,0.58,32.62624115918064,0.0,0.0,2854990.638929537,-156.15791631137918
356,59808,86710,57807,after_environment_step_before_replay_storage_and_optimizer,24244.85955099547,17691.377245508957,510.12003117094537,2100856.6705023856,1415.310179640729,243515.6455807457,2650591.765292556,26642.030384231497,0.0,0.0,0.0,12.0,1.0,168.0,1.0,168.0,27864.68970813514,0.0,1.0,0.005952380952380952,0.0,-0.6209566006799518,0.0,0.7567664670658683,0.58,25.56099628145111,0.0,0.0,2895522.7210529423,-163.81735379141443
357,59976,86962,57975,after_environment_step_before_replay_storage_and_optimizer,24283.056577126335,17691.377245508964,220.67158045617725,2028136.652621128,1415.3101796407295,209494.5851306458,2565269.616149792,4607.138633816132,0.0,0.0,0.0,12.0,1.0,168.0,1.0,168.0,23971.772311706885,0.0,0.0,0.0,0.0,-0.5199510172351419,0.0,0.7567664670658683,0.58,25.550828791156484,0.0,0.0,2776179.5114600784,-36.27598799645152
