timestamp,vehicle_id,job_id,due_time,priority,yard_block,berth_id
2025-01-01 00:00:00,AGV_022,JOB_AGV_022_01010000,2025-01-01 01:31:00,0,B4,BR1
2025-01-01 00:00:00,AGV_024,JOB_AGV_024_01010000,2025-01-01 00:59:00,0,B7,BR4
2025-01-01 00:00:00,AGV_075,JOB_AGV_075_01010000,2025-01-01 00:10:00,2,B5,BR4
2025-01-01 00:00:00,AGV_086,JOB_AGV_086_01010000,2025-01-01 00:01:00,0,B4,BR3
2025-01-01 00:00:00,AGV_101,JOB_AGV_101_01010000,2025-01-01 00:02:00,1,B2,BR1
2025-01-01 00:00:00,AGV_117,JOB_AGV_117_01010000,2025-01-01 00:07:00,0,B3,BR1
2025-01-01 00:05:00,AGV_032,JOB_AGV_032_01010005,2025-01-01 00:45:00,2,B5,BR3
2025-01-01 00:05:00,AGV_062,JOB_AGV_062_01010005,2025-01-01 00:38:00,0,B6,BR1
2025-01-01 00:05:00,AGV_068,JOB_AGV_068_01010005,2025-01-01 00:13:00,2,B3,BR4
2025-01-01 00:05:00,AGV_078,JOB_AGV_078_01010005,2025-01-01 00:52:00,0,B4,BR2
2025-01-01 00:05:00,AGV_079,JOB_AGV_079_01010005,2025-01-01 00:56:00,2,B4,BR2
2025-01-01 00:05:00,AGV_102,JOB_AGV_102_01010005,2025-01-01 00:27:00,0,B4,BR2
2025-01-01 00:05:00,AGV_117,JOB_AGV_117_01010005,2025-01-01 01:03:00,0,B5,BR3
2025-01-01 00:10:00,AGV_002,JOB_AGV_002_01010010,2025-01-01 00:14:00,1,B3,BR3
2025-01-01 00:10:00,AGV_030,JOB_AGV_030_01010010,2025-01-01 00:38:00,2,B4,BR4
2025-01-01 00:10:00,AGV_059,JOB_AGV_059_01010010,2025-01-01 00:38:00,0,B8,BR3
2025-01-01 00:10:00,AGV_102,JOB_AGV_102_01010010,2025-01-01 01:43:00,2,B5,BR3
2025-01-01 00:15:00,AGV_063,JOB_AGV_063_01010015,2025-01-01 00:23:00,1,B8,BR1
2025-01-01 00:15:00,AGV_094,JOB_AGV_094_01010015,2025-01-01 00:17:00,1,B8,BR1
2025-01-01 00:15:00,AGV_121,JOB_AGV_121_01010015,2025-01-01 01:08:00,2,B6,BR3
2025-01-01 00:20:00,AGV_006,JOB_AGV_006_01010020,2025-01-01 00:20:00,0,B1,BR2
2025-01-01 00:20:00,AGV_026,JOB_AGV_026_01010020,2025-01-01 00:49:00,0,B1,BR1
2025-01-01 00:20:00,AGV_031,JOB_AGV_031_01010020,2025-01-01 00:22:00,0,B8,BR4
2025-01-01 00:25:00,AGV_082,JOB_AGV_082_01010025,2025-01-01 00:46:00,1,B5,BR4
2025-01-01 00:25:00,AGV_088,JOB_AGV_088_01010025,2025-01-01 00:54:00,1,B5,BR3
2025-01-01 00:25:00,AGV_130,JOB_AGV_130_01010025,2025-01-01 00:53:00,1,B8,BR3
2025-01-01 00:30:00,AGV_055,JOB_AGV_055_01010030,2025-01-01 01:07:00,2,B3,BR2
2025-01-01 00:35:00,AGV_090,JOB_AGV_090_01010035,2025-01-01 00:46:00,0,B5,BR1
2025-01-01 00:40:00,AGV_044,JOB_AGV_044_01010040,2025-01-01 01:30:00,1,B1,BR3
2025-01-01 00:40:00,AGV_121,JOB_AGV_121_01010040,2025-01-01 01:10:00,0,B4,BR1
2025-01-01 00:45:00,AGV_024,JOB_AGV_024_01010045,2025-01-01 01:49:00,0,B4,BR2
2025-01-01 00:45:00,AGV_046,JOB_AGV_046_01010045,2025-01-01 01:13:00,0,B5,BR3
2025-01-01 00:45:00,AGV_082,JOB_AGV_082_01010045,2025-01-01 01:02:00,1,B7,BR4
2025-01-01 00:50:00,AGV_012,JOB_AGV_012_01010050,2025-01-01 00:55:00,1,B8,BR4
2025-01-01 00:50:00,AGV_100,JOB_AGV_100_01010050,2025-01-01 01:18:00,1,B5,BR4
2025-01-01 00:55:00,AGV_054,JOB_AGV_054_01010055,2025-01-01 01:15:00,1,B2,BR1
2025-01-01 01:00:00,AGV_009,JOB_AGV_009_01010100,2025-01-01 02:42:00,1,B6,BR4
2025-01-01 01:00:00,AGV_016,JOB_AGV_016_01010100,2025-01-01 01:06:00,1,B7,BR4
2025-01-01 01:00:00,AGV_130,JOB_AGV_130_01010100,2025-01-01 01:40:00,0,B6,BR2
2025-01-01 01:05:00,AGV_027,JOB_AGV_027_01010105,2025-01-01 01:25:00,2,B7,BR4
2025-01-01 01:05:00,AGV_040,JOB_AGV_040_01010105,2025-01-01 01:24:00,1,B5,BR3
2025-01-01 01:05:00,AGV_051,JOB_AGV_051_01010105,2025-01-01 01:09:00,0,B5,BR2
2025-01-01 01:05:00,AGV_056,JOB_AGV_056_01010105,2025-01-01 01:28:00,1,B7,BR1
2025-01-01 01:05:00,AGV_058,JOB_AGV_058_01010105,2025-01-01 01:27:00,0,B6,BR1
2025-01-01 01:05:00,AGV_063,JOB_AGV_063_01010105,2025-01-01 02:17:00,0,B6,BR1
2025-01-01 01:05:00,AGV_075,JOB_AGV_075_01010105,2025-01-01 03:43:00,0,B2,BR3
2025-01-01 01:05:00,AGV_079,JOB_AGV_079_01010105,2025-01-01 01:18:00,2,B6,BR3
2025-01-01 01:05:00,AGV_092,JOB_AGV_092_01010105,2025-01-01 02:10:00,0,B3,BR3
2025-01-01 01:15:00,AGV_020,JOB_AGV_020_01010115,2025-01-01 01:57:00,1,B2,BR4
2025-01-01 01:25:00,AGV_071,JOB_AGV_071_01010125,2025-01-01 02:05:00,0,B5,BR3
2025-01-01 01:30:00,AGV_026,JOB_AGV_026_01010130,2025-01-01 01:30:00,0,B6,BR2
2025-01-01 01:30:00,AGV_037,JOB_AGV_037_01010130,2025-01-01 01:52:00,2,B8,BR3
2025-01-01 01:30:00,AGV_110,JOB_AGV_110_01010130,2025-01-01 01:33:00,1,B1,BR4
2025-01-01 01:30:00,AGV_116,JOB_AGV_116_01010130,2025-01-01 01:58:00,0,B3,BR2
2025-01-01 01:35:00,AGV_014,JOB_AGV_014_01010135,2025-01-01 03:16:00,1,B1,BR3
2025-01-01 01:35:00,AGV_019,JOB_AGV_019_01010135,2025-01-01 01:39:00,2,B6,BR1
2025-01-01 01:35:00,AGV_026,JOB_AGV_026_01010135,2025-01-01 03:10:00,0,B3,BR1
2025-01-01 01:35:00,AGV_040,JOB_AGV_040_01010135,2025-01-01 02:04:00,0,B2,BR4
2025-01-01 01:35:00,AGV_051,JOB_AGV_051_01010135,2025-01-01 01:38:00,1,B2,BR1
2025-01-01 01:35:00,AGV_069,JOB_AGV_069_01010135,2025-01-01 01:55:00,0,B5,BR1
2025-01-01 01:35:00,AGV_079,JOB_AGV_079_01010135,2025-01-01 02:40:00,1,B7,BR2
2025-01-01 01:35:00,AGV_084,JOB_AGV_084_01010135,2025-01-01 02:12:00,2,B2,BR4
2025-01-01 01:35:00,AGV_118,JOB_AGV_118_01010135,2025-01-01 01:42:00,0,B7,BR3
2025-01-01 01:40:00,AGV_007,JOB_AGV_007_01010140,2025-01-01 01:52:00,0,B3,BR2
2025-01-01 01:40:00,AGV_034,JOB_AGV_034_01010140,2025-01-01 01:50:00,0,B6,BR1
2025-01-01 01:40:00,AGV_081,JOB_AGV_081_01010140,2025-01-01 01:42:00,1,B6,BR4
2025-01-01 01:40:00,AGV_106,JOB_AGV_106_01010140,2025-01-01 03:36:00,0,B1,BR2
2025-01-01 01:45:00,AGV_008,JOB_AGV_008_01010145,2025-01-01 01:48:00,0,B2,BR3
2025-01-01 01:45:00,AGV_024,JOB_AGV_024_01010145,2025-01-01 02:09:00,0,B4,BR3
2025-01-01 01:45:00,AGV_053,JOB_AGV_053_01010145,2025-01-01 02:13:00,1,B4,BR4
2025-01-01 01:45:00,AGV_058,JOB_AGV_058_01010145,2025-01-01 01:52:00,1,B7,BR1
2025-01-01 01:45:00,AGV_075,JOB_AGV_075_01010145,2025-01-01 01:51:00,2,B1,BR4
2025-01-01 01:45:00,AGV_091,JOB_AGV_091_01010145,2025-01-01 01:54:00,0,B3,BR3
2025-01-01 01:45:00,AGV_098,JOB_AGV_098_01010145,2025-01-01 03:13:00,0,B1,BR2
2025-01-01 01:45:00,AGV_110,JOB_AGV_110_01010145,2025-01-01 02:33:00,2,B3,BR3
2025-01-01 01:45:00,AGV_118,JOB_AGV_118_01010145,2025-01-01 03:17:00,0,B4,BR1
2025-01-01 01:50:00,AGV_045,JOB_AGV_045_01010150,2025-01-01 01:58:00,0,B6,BR3
2025-01-01 01:50:00,AGV_095,JOB_AGV_095_01010150,2025-01-01 02:48:00,1,B2,BR1
2025-01-01 01:55:00,AGV_037,JOB_AGV_037_01010155,2025-01-01 02:03:00,2,B2,BR3
2025-01-01 01:55:00,AGV_050,JOB_AGV_050_01010155,2025-01-01 02:10:00,1,B7,BR2
2025-01-01 02:00:00,AGV_027,JOB_AGV_027_01010200,2025-01-01 02:12:00,1,B8,BR3
2025-01-01 02:00:00,AGV_109,JOB_AGV_109_01010200,2025-01-01 03:40:00,0,B4,BR3
2025-01-01 02:00:00,AGV_121,JOB_AGV_121_01010200,2025-01-01 02:11:00,2,B5,BR3
2025-01-01 02:05:00,AGV_041,JOB_AGV_041_01010205,2025-01-01 04:24:00,0,B8,BR4
2025-01-01 02:10:00,AGV_007,JOB_AGV_007_01010210,2025-01-01 03:25:00,0,B3,BR2
2025-01-01 02:10:00,AGV_011,JOB_AGV_011_01010210,2025-01-01 03:30:00,2,B1,BR2
2025-01-01 02:15:00,AGV_052,JOB_AGV_052_01010215,2025-01-01 04:25:00,0,B2,BR2
2025-01-01 02:15:00,AGV_080,JOB_AGV_080_01010215,2025-01-01 02:32:00,1,B4,BR2
2025-01-01 02:20:00,AGV_015,JOB_AGV_015_01010220,2025-01-01 02:57:00,2,B8,BR1
2025-01-01 02:20:00,AGV_065,JOB_AGV_065_01010220,2025-01-01 02:23:00,0,B1,BR4
2025-01-01 02:20:00,AGV_069,JOB_AGV_069_01010220,2025-01-01 02:29:00,0,B3,BR2
2025-01-01 02:20:00,AGV_093,JOB_AGV_093_01010220,2025-01-01 03:10:00,0,B2,BR1
2025-01-01 02:20:00,AGV_099,JOB_AGV_099_01010220,2025-01-01 02:29:00,0,B4,BR1
2025-01-01 02:20:00,AGV_120,JOB_AGV_120_01010220,2025-01-01 02:32:00,2,B4,BR3
2025-01-01 02:25:00,AGV_013,JOB_AGV_013_01010225,2025-01-01 02:30:00,0,B7,BR1
2025-01-01 02:30:00,AGV_060,JOB_AGV_060_01010230,2025-01-01 02:35:00,0,B3,BR4
2025-01-01 02:30:00,AGV_093,JOB_AGV_093_01010230,2025-01-01 02:37:00,1,B8,BR1
2025-01-01 02:30:00,AGV_095,JOB_AGV_095_01010230,2025-01-01 03:30:00,1,B4,BR2
2025-01-01 02:35:00,AGV_005,JOB_AGV_005_01010235,2025-01-01 02:42:00,0,B3,BR1
2025-01-01 02:35:00,AGV_007,JOB_AGV_007_01010235,2025-01-01 03:07:00,1,B3,BR3
2025-01-01 02:35:00,AGV_009,JOB_AGV_009_01010235,2025-01-01 03:27:00,0,B4,BR2
2025-01-01 02:35:00,AGV_046,JOB_AGV_046_01010235,2025-01-01 02:59:00,2,B4,BR3
2025-01-01 02:35:00,AGV_090,JOB_AGV_090_01010235,2025-01-01 02:44:00,0,B2,BR4
2025-01-01 02:40:00,AGV_065,JOB_AGV_065_01010240,2025-01-01 03:05:00,0,B3,BR3
2025-01-01 02:40:00,AGV_081,JOB_AGV_081_01010240,2025-01-01 02:51:00,0,B5,BR2
2025-01-01 02:45:00,AGV_064,JOB_AGV_064_01010245,2025-01-01 02:47:00,1,B8,BR2
2025-01-01 02:45:00,AGV_077,JOB_AGV_077_01010245,2025-01-01 03:20:00,0,B1,BR2
2025-01-01 02:45:00,AGV_096,JOB_AGV_096_01010245,2025-01-01 02:45:00,1,B7,BR1
2025-01-01 02:45:00,AGV_097,JOB_AGV_097_01010245,2025-01-01 02:57:00,0,B6,BR1
2025-01-01 02:50:00,AGV_064,JOB_AGV_064_01010250,2025-01-01 03:03:00,1,B2,BR2
2025-01-01 02:55:00,AGV_005,JOB_AGV_005_01010255,2025-01-01 03:36:00,0,B8,BR2
2025-01-01 02:55:00,AGV_039,JOB_AGV_039_01010255,2025-01-01 03:31:00,0,B1,BR4
2025-01-01 02:55:00,AGV_098,JOB_AGV_098_01010255,2025-01-01 03:17:00,0,B3,BR4
2025-01-01 03:05:00,AGV_006,JOB_AGV_006_01010305,2025-01-01 03:38:00,2,B6,BR3
2025-01-01 03:05:00,AGV_037,JOB_AGV_037_01010305,2025-01-01 03:13:00,0,B1,BR2
2025-01-01 03:05:00,AGV_107,JOB_AGV_107_01010305,2025-01-01 05:10:00,1,B5,BR1
2025-01-01 03:10:00,AGV_067,JOB_AGV_067_01010310,2025-01-01 07:29:00,1,B7,BR3
2025-01-01 03:15:00,AGV_003,JOB_AGV_003_01010315,2025-01-01 03:57:00,1,B7,BR2
2025-01-01 03:15:00,AGV_043,JOB_AGV_043_01010315,2025-01-01 03:35:00,0,B5,BR3
2025-01-01 03:20:00,AGV_006,JOB_AGV_006_01010320,2025-01-01 04:03:00,0,B4,BR2
2025-01-01 03:20:00,AGV_018,JOB_AGV_018_01010320,2025-01-01 03:50:00,0,B4,BR2
2025-01-01 03:20:00,AGV_037,JOB_AGV_037_01010320,2025-01-01 03:22:00,0,B5,BR3
2025-01-01 03:20:00,AGV_063,JOB_AGV_063_01010320,2025-01-01 04:11:00,0,B8,BR1
2025-01-01 03:20:00,AGV_103,JOB_AGV_103_01010320,2025-01-01 04:12:00,0,B3,BR1
2025-01-01 03:25:00,AGV_047,JOB_AGV_047_01010325,2025-01-01 03:37:00,1,B6,BR3
2025-01-01 03:25:00,AGV_083,JOB_AGV_083_01010325,2025-01-01 03:26:00,0,B6,BR3
2025-01-01 03:25:00,AGV_095,JOB_AGV_095_01010325,2025-01-01 03:37:00,2,B6,BR1
2025-01-01 03:25:00,AGV_109,JOB_AGV_109_01010325,2025-01-01 03:28:00,1,B1,BR2
2025-01-01 03:30:00,AGV_002,JOB_AGV_002_01010330,2025-01-01 03:47:00,0,B4,BR4
2025-01-01 03:30:00,AGV_037,JOB_AGV_037_01010330,2025-01-01 03:30:00,2,B5,BR2
2025-01-01 03:30:00,AGV_077,JOB_AGV_077_01010330,2025-01-01 03:30:00,2,B4,BR1
2025-01-01 03:30:00,AGV_107,JOB_AGV_107_01010330,2025-01-01 04:05:00,2,B6,BR4
2025-01-01 03:35:00,AGV_012,JOB_AGV_012_01010335,2025-01-01 04:10:00,1,B7,BR4
2025-01-01 03:35:00,AGV_022,JOB_AGV_022_01010335,2025-01-01 04:37:00,0,B4,BR1
2025-01-01 03:35:00,AGV_102,JOB_AGV_102_01010335,2025-01-01 03:59:00,1,B6,BR4
2025-01-01 03:35:00,AGV_109,JOB_AGV_109_01010335,2025-01-01 03:58:00,0,B8,BR3
2025-01-01 03:40:00,AGV_028,JOB_AGV_028_01010340,2025-01-01 03:52:00,0,B8,BR3
2025-01-01 03:40:00,AGV_075,JOB_AGV_075_01010340,2025-01-01 04:46:00,0,B6,BR3
2025-01-01 03:40:00,AGV_125,JOB_AGV_125_01010340,2025-01-01 04:20:00,1,B4,BR4
2025-01-01 03:45:00,AGV_005,JOB_AGV_005_01010345,2025-01-01 04:17:00,0,B8,BR4
2025-01-01 03:50:00,AGV_015,JOB_AGV_015_01010350,2025-01-01 03:58:00,2,B3,BR1
2025-01-01 03:50:00,AGV_093,JOB_AGV_093_01010350,2025-01-01 05:08:00,1,B2,BR1
2025-01-01 03:55:00,AGV_030,JOB_AGV_030_01010355,2025-01-01 04:27:00,0,B3,BR4
2025-01-01 03:55:00,AGV_085,JOB_AGV_085_01010355,2025-01-01 04:33:00,2,B6,BR3
2025-01-01 04:00:00,AGV_035,JOB_AGV_035_01010400,2025-01-01 04:13:00,1,B3,BR1
2025-01-01 04:00:00,AGV_075,JOB_AGV_075_01010400,2025-01-01 04:13:00,1,B7,BR2
2025-01-01 04:00:00,AGV_088,JOB_AGV_088_01010400,2025-01-01 05:23:00,0,B5,BR3
2025-01-01 04:00:00,AGV_101,JOB_AGV_101_01010400,2025-01-01 04:04:00,0,B6,BR2
2025-01-01 04:05:00,AGV_059,JOB_AGV_059_01010405,2025-01-01 06:18:00,1,B1,BR4
2025-01-01 04:05:00,AGV_103,JOB_AGV_103_01010405,2025-01-01 04:12:00,0,B4,BR2
2025-01-01 04:05:00,AGV_117,JOB_AGV_117_01010405,2025-01-01 04:08:00,0,B2,BR2
2025-01-01 04:05:00,AGV_120,JOB_AGV_120_01010405,2025-01-01 04:25:00,2,B7,BR2
2025-01-01 04:10:00,AGV_032,JOB_AGV_032_01010410,2025-01-01 04:28:00,1,B3,BR4
2025-01-01 04:10:00,AGV_051,JOB_AGV_051_01010410,2025-01-01 04:11:00,1,B7,BR1
2025-01-01 04:10:00,AGV_093,JOB_AGV_093_01010410,2025-01-01 04:20:00,1,B2,BR4
2025-01-01 04:15:00,AGV_044,JOB_AGV_044_01010415,2025-01-01 04:28:00,2,B5,BR4
2025-01-01 04:20:00,AGV_054,JOB_AGV_054_01010420,2025-01-01 04:22:00,0,B7,BR3
2025-01-01 04:20:00,AGV_061,JOB_AGV_061_01010420,2025-01-01 05:03:00,0,B3,BR1
2025-01-01 04:20:00,AGV_110,JOB_AGV_110_01010420,2025-01-01 04:59:00,0,B3,BR4
2025-01-01 04:25:00,AGV_005,JOB_AGV_005_01010425,2025-01-01 04:32:00,0,B8,BR3
2025-01-01 04:30:00,AGV_017,JOB_AGV_017_01010430,2025-01-01 05:06:00,1,B6,BR3
2025-01-01 04:30:00,AGV_023,JOB_AGV_023_01010430,2025-01-01 04:38:00,0,B2,BR3
2025-01-01 04:30:00,AGV_040,JOB_AGV_040_01010430,2025-01-01 05:42:00,1,B3,BR3
2025-01-01 04:30:00,AGV_129,JOB_AGV_129_01010430,2025-01-01 04:33:00,1,B1,BR3
2025-01-01 04:35:00,AGV_007,JOB_AGV_007_01010435,2025-01-01 05:04:00,0,B1,BR1
2025-01-01 04:35:00,AGV_010,JOB_AGV_010_01010435,2025-01-01 04:57:00,2,B8,BR1
2025-01-01 04:35:00,AGV_072,JOB_AGV_072_01010435,2025-01-01 05:06:00,1,B2,BR1
2025-01-01 04:35:00,AGV_086,JOB_AGV_086_01010435,2025-01-01 04:52:00,1,B4,BR3
2025-01-01 04:35:00,AGV_098,JOB_AGV_098_01010435,2025-01-01 04:38:00,0,B2,BR3
2025-01-01 04:40:00,AGV_024,JOB_AGV_024_01010440,2025-01-01 04:59:00,1,B7,BR4
2025-01-01 04:40:00,AGV_081,JOB_AGV_081_01010440,2025-01-01 05:01:00,0,B3,BR2
2025-01-01 04:40:00,AGV_101,JOB_AGV_101_01010440,2025-01-01 04:42:00,0,B4,BR4
2025-01-01 04:40:00,AGV_130,JOB_AGV_130_01010440,2025-01-01 05:07:00,1,B7,BR2
2025-01-01 04:45:00,AGV_008,JOB_AGV_008_01010445,2025-01-01 07:59:00,1,B8,BR3
2025-01-01 04:45:00,AGV_069,JOB_AGV_069_01010445,2025-01-01 05:32:00,0,B5,BR2
2025-01-01 04:45:00,AGV_075,JOB_AGV_075_01010445,2025-01-01 06:19:00,0,B5,BR1
2025-01-01 04:45:00,AGV_079,JOB_AGV_079_01010445,2025-01-01 05:06:00,0,B4,BR3
2025-01-01 04:50:00,AGV_016,JOB_AGV_016_01010450,2025-01-01 05:38:00,1,B7,BR4
2025-01-01 04:50:00,AGV_028,JOB_AGV_028_01010450,2025-01-01 05:28:00,0,B5,BR4
2025-01-01 04:50:00,AGV_095,JOB_AGV_095_01010450,2025-01-01 06:48:00,0,B6,BR2
2025-01-01 04:50:00,AGV_097,JOB_AGV_097_01010450,2025-01-01 04:51:00,0,B4,BR3
2025-01-01 04:50:00,AGV_127,JOB_AGV_127_01010450,2025-01-01 05:36:00,1,B1,BR4
2025-01-01 04:55:00,AGV_015,JOB_AGV_015_01010455,2025-01-01 05:45:00,2,B6,BR4
2025-01-01 04:55:00,AGV_099,JOB_AGV_099_01010455,2025-01-01 04:59:00,2,B6,BR4
2025-01-01 05:00:00,AGV_015,JOB_AGV_015_01010500,2025-01-01 05:00:00,0,B5,BR2
2025-01-01 05:00:00,AGV_082,JOB_AGV_082_01010500,2025-01-01 05:04:00,2,B5,BR4
2025-01-01 05:05:00,AGV_035,JOB_AGV_035_01010505,2025-01-01 05:46:00,1,B4,BR1
2025-01-01 05:05:00,AGV_059,JOB_AGV_059_01010505,2025-01-01 05:11:00,0,B2,BR4
2025-01-01 05:05:00,AGV_101,JOB_AGV_101_01010505,2025-01-01 06:34:00,0,B3,BR3
2025-01-01 05:10:00,AGV_027,JOB_AGV_027_01010510,2025-01-01 06:42:00,0,B4,BR3
2025-01-01 05:10:00,AGV_062,JOB_AGV_062_01010510,2025-01-01 05:13:00,2,B4,BR2
2025-01-01 05:10:00,AGV_075,JOB_AGV_075_01010510,2025-01-01 05:36:00,2,B1,BR3
2025-01-01 05:10:00,AGV_084,JOB_AGV_084_01010510,2025-01-01 05:13:00,2,B7,BR2
2025-01-01 05:15:00,AGV_013,JOB_AGV_013_01010515,2025-01-01 05:39:00,0,B5,BR3
2025-01-01 05:15:00,AGV_020,JOB_AGV_020_01010515,2025-01-01 05:35:00,0,B2,BR4
2025-01-01 05:15:00,AGV_028,JOB_AGV_028_01010515,2025-01-01 06:32:00,0,B8,BR3
2025-01-01 05:15:00,AGV_050,JOB_AGV_050_01010515,2025-01-01 05:15:00,0,B8,BR1
2025-01-01 05:20:00,AGV_001,JOB_AGV_001_01010520,2025-01-01 08:19:00,2,B8,BR3
2025-01-01 05:20:00,AGV_061,JOB_AGV_061_01010520,2025-01-01 07:00:00,0,B2,BR4
2025-01-01 05:20:00,AGV_121,JOB_AGV_121_01010520,2025-01-01 05:26:00,1,B2,BR2
2025-01-01 05:25:00,AGV_014,JOB_AGV_014_01010525,2025-01-01 07:47:00,1,B4,BR4
2025-01-01 05:25:00,AGV_068,JOB_AGV_068_01010525,2025-01-01 06:01:00,1,B7,BR2
2025-01-01 05:25:00,AGV_091,JOB_AGV_091_01010525,2025-01-01 06:12:00,0,B7,BR3
2025-01-01 05:25:00,AGV_129,JOB_AGV_129_01010525,2025-01-01 05:54:00,0,B4,BR4
2025-01-01 05:30:00,AGV_085,JOB_AGV_085_01010530,2025-01-01 05:39:00,0,B5,BR3
2025-01-01 05:30:00,AGV_125,JOB_AGV_125_01010530,2025-01-01 05:31:00,0,B2,BR2
2025-01-01 05:35:00,AGV_018,JOB_AGV_018_01010535,2025-01-01 05:40:00,1,B8,BR1
2025-01-01 05:35:00,AGV_089,JOB_AGV_089_01010535,2025-01-01 05:42:00,0,B8,BR2
2025-01-01 05:40:00,AGV_004,JOB_AGV_004_01010540,2025-01-01 06:03:00,2,B4,BR4
2025-01-01 05:40:00,AGV_007,JOB_AGV_007_01010540,2025-01-01 05:40:00,0,B1,BR2
2025-01-01 05:40:00,AGV_070,JOB_AGV_070_01010540,2025-01-01 06:27:00,1,B4,BR3
2025-01-01 05:40:00,AGV_091,JOB_AGV_091_01010540,2025-01-01 06:15:00,1,B3,BR2
2025-01-01 05:40:00,AGV_117,JOB_AGV_117_01010540,2025-01-01 05:48:00,1,B7,BR2
2025-01-01 05:40:00,AGV_124,JOB_AGV_124_01010540,2025-01-01 06:28:00,0,B1,BR3
2025-01-01 05:45:00,AGV_047,JOB_AGV_047_01010545,2025-01-01 05:50:00,0,B2,BR2
2025-01-01 05:45:00,AGV_088,JOB_AGV_088_01010545,2025-01-01 05:52:00,0,B6,BR3
2025-01-01 05:45:00,AGV_097,JOB_AGV_097_01010545,2025-01-01 06:44:00,1,B2,BR2
2025-01-01 05:45:00,AGV_105,JOB_AGV_105_01010545,2025-01-01 06:38:00,0,B1,BR2
2025-01-01 05:50:00,AGV_006,JOB_AGV_006_01010550,2025-01-01 05:59:00,0,B1,BR1
2025-01-01 05:50:00,AGV_020,JOB_AGV_020_01010550,2025-01-01 05:59:00,0,B6,BR4
2025-01-01 05:50:00,AGV_036,JOB_AGV_036_01010550,2025-01-01 06:17:00,1,B6,BR1
2025-01-01 05:50:00,AGV_123,JOB_AGV_123_01010550,2025-01-01 06:01:00,0,B3,BR2
2025-01-01 05:50:00,AGV_128,JOB_AGV_128_01010550,2025-01-01 07:48:00,1,B5,BR3
2025-01-01 05:55:00,AGV_082,JOB_AGV_082_01010555,2025-01-01 06:44:00,1,B1,BR4
2025-01-01 05:55:00,AGV_090,JOB_AGV_090_01010555,2025-01-01 06:16:00,1,B8,BR2
2025-01-01 06:00:00,AGV_054,JOB_AGV_054_01010600,2025-01-01 06:57:00,1,B6,BR3
2025-01-01 06:00:00,AGV_071,JOB_AGV_071_01010600,2025-01-01 06:03:00,1,B1,BR4
2025-01-01 06:05:00,AGV_033,JOB_AGV_033_01010605,2025-01-01 06:55:00,0,B2,BR2
2025-01-01 06:10:00,AGV_001,JOB_AGV_001_01010610,2025-01-01 06:13:00,0,B6,BR1
2025-01-01 06:10:00,AGV_047,JOB_AGV_047_01010610,2025-01-01 07:18:00,2,B2,BR1
2025-01-01 06:10:00,AGV_079,JOB_AGV_079_01010610,2025-01-01 06:23:00,1,B2,BR2
2025-01-01 06:10:00,AGV_102,JOB_AGV_102_01010610,2025-01-01 07:52:00,1,B1,BR1
2025-01-01 06:15:00,AGV_016,JOB_AGV_016_01010615,2025-01-01 07:31:00,1,B6,BR1
2025-01-01 06:15:00,AGV_021,JOB_AGV_021_01010615,2025-01-01 06:20:00,1,B4,BR2
2025-01-01 06:15:00,AGV_090,JOB_AGV_090_01010615,2025-01-01 07:23:00,1,B2,BR4
2025-01-01 06:15:00,AGV_110,JOB_AGV_110_01010615,2025-01-01 06:16:00,0,B8,BR3
2025-01-01 06:15:00,AGV_115,JOB_AGV_115_01010615,2025-01-01 07:24:00,0,B2,BR4
2025-01-01 06:20:00,AGV_011,JOB_AGV_011_01010620,2025-01-01 07:35:00,2,B3,BR3
2025-01-01 06:20:00,AGV_106,JOB_AGV_106_01010620,2025-01-01 06:27:00,0,B5,BR2
2025-01-01 06:20:00,AGV_128,JOB_AGV_128_01010620,2025-01-01 06:45:00,0,B7,BR1
2025-01-01 06:30:00,AGV_109,JOB_AGV_109_01010630,2025-01-01 07:09:00,1,B2,BR3
2025-01-01 06:40:00,AGV_003,JOB_AGV_003_01010640,2025-01-01 06:40:00,0,B6,BR1
2025-01-01 06:40:00,AGV_035,JOB_AGV_035_01010640,2025-01-01 07:32:00,1,B1,BR2
2025-01-01 06:40:00,AGV_036,JOB_AGV_036_01010640,2025-01-01 06:59:00,0,B7,BR2
2025-01-01 06:40:00,AGV_056,JOB_AGV_056_01010640,2025-01-01 06:42:00,1,B2,BR4
2025-01-01 06:40:00,AGV_070,JOB_AGV_070_01010640,2025-01-01 06:41:00,2,B7,BR1
2025-01-01 06:40:00,AGV_110,JOB_AGV_110_01010640,2025-01-01 07:09:00,0,B2,BR3
2025-01-01 06:45:00,AGV_007,JOB_AGV_007_01010645,2025-01-01 06:47:00,1,B2,BR2
2025-01-01 06:45:00,AGV_025,JOB_AGV_025_01010645,2025-01-01 06:55:00,1,B6,BR3
2025-01-01 06:45:00,AGV_044,JOB_AGV_044_01010645,2025-01-01 08:12:00,0,B7,BR2
2025-01-01 06:45:00,AGV_061,JOB_AGV_061_01010645,2025-01-01 06:52:00,0,B2,BR3
2025-01-01 06:50:00,AGV_130,JOB_AGV_130_01010650,2025-01-01 07:22:00,1,B3,BR1
2025-01-01 06:55:00,AGV_055,JOB_AGV_055_01010655,2025-01-01 07:14:00,1,B7,BR1
2025-01-01 07:00:00,AGV_115,JOB_AGV_115_01010700,2025-01-01 07:45:00,1,B7,BR1
2025-01-01 07:05:00,AGV_071,JOB_AGV_071_01010705,2025-01-01 07:15:00,1,B7,BR3
2025-01-01 07:10:00,AGV_024,JOB_AGV_024_01010710,2025-01-01 08:50:00,0,B5,BR3
2025-01-01 07:10:00,AGV_053,JOB_AGV_053_01010710,2025-01-01 08:19:00,0,B3,BR3
2025-01-01 07:10:00,AGV_069,JOB_AGV_069_01010710,2025-01-01 07:12:00,0,B2,BR2
2025-01-01 07:10:00,AGV_118,JOB_AGV_118_01010710,2025-01-01 07:33:00,0,B7,BR1
2025-01-01 07:10:00,AGV_125,JOB_AGV_125_01010710,2025-01-01 07:22:00,1,B4,BR3
2025-01-01 07:15:00,AGV_001,JOB_AGV_001_01010715,2025-01-01 07:58:00,1,B7,BR1
2025-01-01 07:15:00,AGV_013,JOB_AGV_013_01010715,2025-01-01 08:02:00,0,B4,BR3
2025-01-01 07:15:00,AGV_108,JOB_AGV_108_01010715,2025-01-01 07:17:00,0,B1,BR4
2025-01-01 07:15:00,AGV_124,JOB_AGV_124_01010715,2025-01-01 08:45:00,0,B1,BR1
2025-01-01 07:20:00,AGV_039,JOB_AGV_039_01010720,2025-01-01 08:13:00,0,B6,BR4
2025-01-01 07:20:00,AGV_052,JOB_AGV_052_01010720,2025-01-01 07:25:00,0,B7,BR2
2025-01-01 07:20:00,AGV_085,JOB_AGV_085_01010720,2025-01-01 08:02:00,1,B4,BR3
2025-01-01 07:25:00,AGV_025,JOB_AGV_025_01010725,2025-01-01 07:33:00,1,B1,BR1
2025-01-01 07:25:00,AGV_100,JOB_AGV_100_01010725,2025-01-01 07:46:00,1,B1,BR2
2025-01-01 07:25:00,AGV_125,JOB_AGV_125_01010725,2025-01-01 08:08:00,0,B6,BR2
2025-01-01 07:30:00,AGV_027,JOB_AGV_027_01010730,2025-01-01 07:39:00,0,B6,BR3
2025-01-01 07:30:00,AGV_052,JOB_AGV_052_01010730,2025-01-01 08:31:00,2,B3,BR4
2025-01-01 07:35:00,AGV_043,JOB_AGV_043_01010735,2025-01-01 09:26:00,0,B6,BR1
2025-01-01 07:35:00,AGV_078,JOB_AGV_078_01010735,2025-01-01 07:46:00,1,B2,BR2
2025-01-01 07:35:00,AGV_084,JOB_AGV_084_01010735,2025-01-01 07:53:00,2,B7,BR1
2025-01-01 07:40:00,AGV_001,JOB_AGV_001_01010740,2025-01-01 08:13:00,1,B1,BR3
2025-01-01 07:40:00,AGV_042,JOB_AGV_042_01010740,2025-01-01 08:06:00,0,B3,BR3
2025-01-01 07:40:00,AGV_087,JOB_AGV_087_01010740,2025-01-01 08:18:00,1,B1,BR1
2025-01-01 07:45:00,AGV_047,JOB_AGV_047_01010745,2025-01-01 08:06:00,1,B1,BR3
2025-01-01 07:45:00,AGV_115,JOB_AGV_115_01010745,2025-01-01 08:16:00,0,B7,BR4
2025-01-01 07:50:00,AGV_001,JOB_AGV_001_01010750,2025-01-01 08:19:00,2,B5,BR4
2025-01-01 07:50:00,AGV_016,JOB_AGV_016_01010750,2025-01-01 09:17:00,0,B2,BR4
2025-01-01 07:50:00,AGV_027,JOB_AGV_027_01010750,2025-01-01 07:50:00,1,B2,BR4
2025-01-01 07:50:00,AGV_052,JOB_AGV_052_01010750,2025-01-01 08:41:00,1,B5,BR4
2025-01-01 07:55:00,AGV_069,JOB_AGV_069_01010755,2025-01-01 07:57:00,1,B2,BR2
2025-01-01 07:55:00,AGV_091,JOB_AGV_091_01010755,2025-01-01 08:36:00,1,B8,BR2
2025-01-01 08:00:00,AGV_058,JOB_AGV_058_01010800,2025-01-01 09:03:00,0,B7,BR3
2025-01-01 08:00:00,AGV_061,JOB_AGV_061_01010800,2025-01-01 08:18:00,1,B2,BR3
2025-01-01 08:00:00,AGV_071,JOB_AGV_071_01010800,2025-01-01 08:21:00,0,B3,BR4
2025-01-01 08:05:00,AGV_018,JOB_AGV_018_01010805,2025-01-01 08:36:00,0,B1,BR3
2025-01-01 08:05:00,AGV_100,JOB_AGV_100_01010805,2025-01-01 09:20:00,0,B8,BR4
2025-01-01 08:05:00,AGV_105,JOB_AGV_105_01010805,2025-01-01 08:06:00,0,B1,BR4
2025-01-01 08:10:00,AGV_005,JOB_AGV_005_01010810,2025-01-01 09:38:00,1,B1,BR3
2025-01-01 08:15:00,AGV_040,JOB_AGV_040_01010815,2025-01-01 09:28:00,0,B8,BR4
2025-01-01 08:15:00,AGV_102,JOB_AGV_102_01010815,2025-01-01 09:10:00,1,B1,BR3
2025-01-01 08:20:00,AGV_088,JOB_AGV_088_01010820,2025-01-01 08:34:00,1,B6,BR4
2025-01-01 08:20:00,AGV_094,JOB_AGV_094_01010820,2025-01-01 08:57:00,0,B6,BR4
2025-01-01 08:20:00,AGV_095,JOB_AGV_095_01010820,2025-01-01 08:56:00,0,B4,BR2
2025-01-01 08:25:00,AGV_003,JOB_AGV_003_01010825,2025-01-01 08:25:00,0,B1,BR4
2025-01-01 08:25:00,AGV_046,JOB_AGV_046_01010825,2025-01-01 08:42:00,1,B5,BR4
2025-01-01 08:25:00,AGV_093,JOB_AGV_093_01010825,2025-01-01 08:34:00,1,B8,BR3
2025-01-01 08:25:00,AGV_124,JOB_AGV_124_01010825,2025-01-01 09:20:00,0,B5,BR1
2025-01-01 08:30:00,AGV_048,JOB_AGV_048_01010830,2025-01-01 09:00:00,1,B5,BR3
2025-01-01 08:30:00,AGV_101,JOB_AGV_101_01010830,2025-01-01 09:40:00,0,B7,BR3
2025-01-01 08:30:00,AGV_110,JOB_AGV_110_01010830,2025-01-01 09:34:00,2,B8,BR2
2025-01-01 08:30:00,AGV_112,JOB_AGV_112_01010830,2025-01-01 08:35:00,0,B5,BR2
2025-01-01 08:40:00,AGV_026,JOB_AGV_026_01010840,2025-01-01 09:11:00,1,B3,BR2
2025-01-01 08:45:00,AGV_030,JOB_AGV_030_01010845,2025-01-01 09:26:00,1,B8,BR4
2025-01-01 08:50:00,AGV_063,JOB_AGV_063_01010850,2025-01-01 09:18:00,1,B1,BR2
2025-01-01 08:50:00,AGV_071,JOB_AGV_071_01010850,2025-01-01 09:32:00,1,B7,BR2
2025-01-01 08:50:00,AGV_073,JOB_AGV_073_01010850,2025-01-01 09:01:00,2,B6,BR1
2025-01-01 08:50:00,AGV_082,JOB_AGV_082_01010850,2025-01-01 09:54:00,1,B2,BR1
2025-01-01 08:50:00,AGV_096,JOB_AGV_096_01010850,2025-01-01 10:18:00,0,B5,BR3
2025-01-01 08:50:00,AGV_108,JOB_AGV_108_01010850,2025-01-01 09:52:00,0,B6,BR2
2025-01-01 08:50:00,AGV_115,JOB_AGV_115_01010850,2025-01-01 08:56:00,0,B8,BR3
2025-01-01 09:00:00,AGV_063,JOB_AGV_063_01010900,2025-01-01 09:12:00,1,B2,BR2
2025-01-01 09:05:00,AGV_020,JOB_AGV_020_01010905,2025-01-01 09:59:00,1,B6,BR3
2025-01-01 09:05:00,AGV_038,JOB_AGV_038_01010905,2025-01-01 09:07:00,1,B2,BR4
2025-01-01 09:05:00,AGV_102,JOB_AGV_102_01010905,2025-01-01 09:30:00,2,B2,BR3
2025-01-01 09:10:00,AGV_032,JOB_AGV_032_01010910,2025-01-01 09:18:00,1,B3,BR1
2025-01-01 09:10:00,AGV_079,JOB_AGV_079_01010910,2025-01-01 09:19:00,0,B6,BR2
2025-01-01 09:15:00,AGV_017,JOB_AGV_017_01010915,2025-01-01 09:25:00,1,B3,BR3
2025-01-01 09:15:00,AGV_053,JOB_AGV_053_01010915,2025-01-01 09:31:00,0,B6,BR3
2025-01-01 09:20:00,AGV_028,JOB_AGV_028_01010920,2025-01-01 10:07:00,1,B2,BR1
2025-01-01 09:20:00,AGV_058,JOB_AGV_058_01010920,2025-01-01 09:52:00,1,B8,BR2
2025-01-01 09:20:00,AGV_084,JOB_AGV_084_01010920,2025-01-01 09:39:00,0,B5,BR1
2025-01-01 09:20:00,AGV_088,JOB_AGV_088_01010920,2025-01-01 09:51:00,0,B5,BR3
2025-01-01 09:25:00,AGV_004,JOB_AGV_004_01010925,2025-01-01 10:28:00,1,B2,BR1
2025-01-01 09:25:00,AGV_039,JOB_AGV_039_01010925,2025-01-01 09:49:00,1,B4,BR3
2025-01-01 09:25:00,AGV_100,JOB_AGV_100_01010925,2025-01-01 11:19:00,1,B4,BR3
2025-01-01 09:25:00,AGV_102,JOB_AGV_102_01010925,2025-01-01 09:26:00,0,B7,BR4
2025-01-01 09:30:00,AGV_035,JOB_AGV_035_01010930,2025-01-01 09:56:00,0,B1,BR3
2025-01-01 09:30:00,AGV_055,JOB_AGV_055_01010930,2025-01-01 09:45:00,0,B4,BR2
2025-01-01 09:30:00,AGV_059,JOB_AGV_059_01010930,2025-01-01 10:32:00,0,B1,BR3
2025-01-01 09:30:00,AGV_100,JOB_AGV_100_01010930,2025-01-01 09:34:00,1,B3,BR1
2025-01-01 09:30:00,AGV_107,JOB_AGV_107_01010930,2025-01-01 10:58:00,0,B6,BR2
2025-01-01 09:30:00,AGV_110,JOB_AGV_110_01010930,2025-01-01 10:11:00,1,B2,BR2
2025-01-01 09:30:00,AGV_125,JOB_AGV_125_01010930,2025-01-01 09:33:00,1,B5,BR1
2025-01-01 09:35:00,AGV_001,JOB_AGV_001_01010935,2025-01-01 09:57:00,0,B8,BR4
2025-01-01 09:35:00,AGV_004,JOB_AGV_004_01010935,2025-01-01 10:35:00,1,B1,BR4
2025-01-01 09:35:00,AGV_025,JOB_AGV_025_01010935,2025-01-01 09:51:00,1,B4,BR1
2025-01-01 09:35:00,AGV_074,JOB_AGV_074_01010935,2025-01-01 11:05:00,1,B2,BR4
2025-01-01 09:35:00,AGV_079,JOB_AGV_079_01010935,2025-01-01 09:58:00,0,B2,BR2
2025-01-01 09:40:00,AGV_017,JOB_AGV_017_01010940,2025-01-01 11:01:00,0,B5,BR1
2025-01-01 09:45:00,AGV_002,JOB_AGV_002_01010945,2025-01-01 10:57:00,0,B7,BR4
2025-01-01 09:45:00,AGV_126,JOB_AGV_126_01010945,2025-01-01 09:48:00,2,B1,BR2
2025-01-01 09:50:00,AGV_005,JOB_AGV_005_01010950,2025-01-01 09:58:00,1,B6,BR3
2025-01-01 09:50:00,AGV_011,JOB_AGV_011_01010950,2025-01-01 10:08:00,0,B5,BR1
2025-01-01 09:50:00,AGV_020,JOB_AGV_020_01010950,2025-01-01 10:28:00,0,B2,BR3
2025-01-01 09:50:00,AGV_081,JOB_AGV_081_01010950,2025-01-01 09:53:00,2,B8,BR2
2025-01-01 09:50:00,AGV_107,JOB_AGV_107_01010950,2025-01-01 10:09:00,1,B4,BR3
2025-01-01 09:55:00,AGV_011,JOB_AGV_011_01010955,2025-01-01 09:55:00,1,B1,BR3
2025-01-01 09:55:00,AGV_076,JOB_AGV_076_01010955,2025-01-01 10:49:00,0,B1,BR1
2025-01-01 10:00:00,AGV_021,JOB_AGV_021_01011000,2025-01-01 10:02:00,0,B1,BR2
2025-01-01 10:00:00,AGV_053,JOB_AGV_053_01011000,2025-01-01 10:06:00,0,B2,BR3
2025-01-01 10:00:00,AGV_061,JOB_AGV_061_01011000,2025-01-01 10:11:00,0,B2,BR3
2025-01-01 10:00:00,AGV_069,JOB_AGV_069_01011000,2025-01-01 10:01:00,1,B5,BR2
2025-01-01 10:00:00,AGV_073,JOB_AGV_073_01011000,2025-01-01 10:45:00,1,B6,BR4
2025-01-01 10:05:00,AGV_010,JOB_AGV_010_01011005,2025-01-01 10:44:00,0,B5,BR4
2025-01-01 10:05:00,AGV_034,JOB_AGV_034_01011005,2025-01-01 11:15:00,1,B6,BR3
2025-01-01 10:05:00,AGV_070,JOB_AGV_070_01011005,2025-01-01 11:02:00,1,B8,BR2
2025-01-01 10:05:00,AGV_117,JOB_AGV_117_01011005,2025-01-01 10:40:00,1,B4,BR4
2025-01-01 10:10:00,AGV_014,JOB_AGV_014_01011010,2025-01-01 11:06:00,0,B5,BR3
2025-01-01 10:10:00,AGV_043,JOB_AGV_043_01011010,2025-01-01 10:25:00,1,B2,BR1
2025-01-01 10:10:00,AGV_065,JOB_AGV_065_01011010,2025-01-01 10:17:00,0,B7,BR3
2025-01-01 10:10:00,AGV_118,JOB_AGV_118_01011010,2025-01-01 11:15:00,0,B1,BR4
2025-01-01 10:10:00,AGV_123,JOB_AGV_123_01011010,2025-01-01 11:01:00,0,B5,BR4
2025-01-01 10:15:00,AGV_005,JOB_AGV_005_01011015,2025-01-01 10:16:00,0,B2,BR4
2025-01-01 10:15:00,AGV_077,JOB_AGV_077_01011015,2025-01-01 11:11:00,1,B4,BR1
2025-01-01 10:15:00,AGV_081,JOB_AGV_081_01011015,2025-01-01 11:05:00,0,B1,BR1
2025-01-01 10:15:00,AGV_112,JOB_AGV_112_01011015,2025-01-01 10:38:00,0,B7,BR2
2025-01-01 10:20:00,AGV_024,JOB_AGV_024_01011020,2025-01-01 11:01:00,0,B7,BR4
2025-01-01 10:20:00,AGV_061,JOB_AGV_061_01011020,2025-01-01 10:29:00,1,B5,BR4
2025-01-01 10:20:00,AGV_089,JOB_AGV_089_01011020,2025-01-01 11:55:00,0,B5,BR1
2025-01-01 10:25:00,AGV_064,JOB_AGV_064_01011025,2025-01-01 10:31:00,0,B2,BR3
2025-01-01 10:30:00,AGV_065,JOB_AGV_065_01011030,2025-01-01 10:40:00,0,B4,BR1
2025-01-01 10:30:00,AGV_085,JOB_AGV_085_01011030,2025-01-01 11:11:00,1,B1,BR1
2025-01-01 10:30:00,AGV_094,JOB_AGV_094_01011030,2025-01-01 10:46:00,1,B7,BR2
2025-01-01 10:30:00,AGV_110,JOB_AGV_110_01011030,2025-01-01 10:33:00,0,B8,BR1
2025-01-01 10:30:00,AGV_126,JOB_AGV_126_01011030,2025-01-01 11:29:00,0,B8,BR3
2025-01-01 10:35:00,AGV_041,JOB_AGV_041_01011035,2025-01-01 10:49:00,0,B7,BR1
2025-01-01 10:35:00,AGV_046,JOB_AGV_046_01011035,2025-01-01 12:59:00,1,B6,BR2
2025-01-01 10:35:00,AGV_063,JOB_AGV_063_01011035,2025-01-01 10:47:00,0,B2,BR4
2025-01-01 10:35:00,AGV_087,JOB_AGV_087_01011035,2025-01-01 11:15:00,1,B4,BR4
2025-01-01 10:35:00,AGV_104,JOB_AGV_104_01011035,2025-01-01 11:02:00,0,B2,BR3
2025-01-01 10:40:00,AGV_026,JOB_AGV_026_01011040,2025-01-01 10:48:00,1,B8,BR1
2025-01-01 10:40:00,AGV_039,JOB_AGV_039_01011040,2025-01-01 10:46:00,0,B6,BR4
2025-01-01 10:40:00,AGV_053,JOB_AGV_053_01011040,2025-01-01 10:40:00,1,B7,BR3
2025-01-01 10:40:00,AGV_083,JOB_AGV_083_01011040,2025-01-01 11:49:00,0,B4,BR4
2025-01-01 10:45:00,AGV_014,JOB_AGV_014_01011045,2025-01-01 11:02:00,1,B2,BR2
2025-01-01 10:45:00,AGV_015,JOB_AGV_015_01011045,2025-01-01 11:09:00,1,B8,BR3
2025-01-01 10:45:00,AGV_019,JOB_AGV_019_01011045,2025-01-01 10:57:00,1,B1,BR4
2025-01-01 10:45:00,AGV_101,JOB_AGV_101_01011045,2025-01-01 11:21:00,2,B7,BR3
2025-01-01 10:50:00,AGV_017,JOB_AGV_017_01011050,2025-01-01 11:55:00,0,B2,BR3
2025-01-01 10:50:00,AGV_043,JOB_AGV_043_01011050,2025-01-01 11:11:00,0,B4,BR1
2025-01-01 10:50:00,AGV_061,JOB_AGV_061_01011050,2025-01-01 12:16:00,1,B8,BR2
2025-01-01 10:50:00,AGV_102,JOB_AGV_102_01011050,2025-01-01 11:56:00,0,B8,BR4
2025-01-01 10:55:00,AGV_059,JOB_AGV_059_01011055,2025-01-01 12:20:00,0,B2,BR4
2025-01-01 10:55:00,AGV_126,JOB_AGV_126_01011055,2025-01-01 11:06:00,0,B8,BR2
2025-01-01 11:00:00,AGV_028,JOB_AGV_028_01011100,2025-01-01 11:12:00,2,B8,BR4
2025-01-01 11:00:00,AGV_033,JOB_AGV_033_01011100,2025-01-01 11:49:00,2,B6,BR3
2025-01-01 11:00:00,AGV_042,JOB_AGV_042_01011100,2025-01-01 11:14:00,0,B4,BR3
2025-01-01 11:00:00,AGV_053,JOB_AGV_053_01011100,2025-01-01 13:35:00,1,B5,BR2
2025-01-01 11:00:00,AGV_062,JOB_AGV_062_01011100,2025-01-01 11:47:00,0,B5,BR4
2025-01-01 11:00:00,AGV_129,JOB_AGV_129_01011100,2025-01-01 11:51:00,0,B4,BR1
2025-01-01 11:05:00,AGV_048,JOB_AGV_048_01011105,2025-01-01 11:06:00,0,B3,BR2
2025-01-01 11:05:00,AGV_062,JOB_AGV_062_01011105,2025-01-01 11:15:00,0,B6,BR2
2025-01-01 11:05:00,AGV_092,JOB_AGV_092_01011105,2025-01-01 11:22:00,2,B6,BR3
2025-01-01 11:05:00,AGV_119,JOB_AGV_119_01011105,2025-01-01 11:13:00,0,B8,BR1
2025-01-01 11:05:00,AGV_125,JOB_AGV_125_01011105,2025-01-01 13:15:00,1,B1,BR4
2025-01-01 11:10:00,AGV_013,JOB_AGV_013_01011110,2025-01-01 11:35:00,1,B1,BR1
2025-01-01 11:10:00,AGV_028,JOB_AGV_028_01011110,2025-01-01 11:11:00,1,B8,BR1
2025-01-01 11:10:00,AGV_059,JOB_AGV_059_01011110,2025-01-01 11:56:00,2,B1,BR1
2025-01-01 11:10:00,AGV_095,JOB_AGV_095_01011110,2025-01-01 11:27:00,0,B3,BR2
2025-01-01 11:10:00,AGV_114,JOB_AGV_114_01011110,2025-01-01 11:10:00,0,B6,BR1
2025-01-01 11:15:00,AGV_034,JOB_AGV_034_01011115,2025-01-01 12:09:00,1,B3,BR1
2025-01-01 11:15:00,AGV_049,JOB_AGV_049_01011115,2025-01-01 11:18:00,1,B1,BR4
2025-01-01 11:20:00,AGV_046,JOB_AGV_046_01011120,2025-01-01 11:27:00,0,B1,BR1
2025-01-01 11:20:00,AGV_074,JOB_AGV_074_01011120,2025-01-01 11:38:00,2,B3,BR3
2025-01-01 11:20:00,AGV_124,JOB_AGV_124_01011120,2025-01-01 15:05:00,1,B8,BR4
2025-01-01 11:20:00,AGV_130,JOB_AGV_130_01011120,2025-01-01 11:20:00,1,B5,BR4
2025-01-01 11:25:00,AGV_019,JOB_AGV_019_01011125,2025-01-01 14:06:00,0,B8,BR1
2025-01-01 11:25:00,AGV_032,JOB_AGV_032_01011125,2025-01-01 11:26:00,0,B3,BR4
2025-01-01 11:25:00,AGV_088,JOB_AGV_088_01011125,2025-01-01 11:26:00,1,B2,BR4
2025-01-01 11:30:00,AGV_039,JOB_AGV_039_01011130,2025-01-01 11:32:00,1,B1,BR1
2025-01-01 11:30:00,AGV_118,JOB_AGV_118_01011130,2025-01-01 11:49:00,1,B4,BR1
2025-01-01 11:35:00,AGV_024,JOB_AGV_024_01011135,2025-01-01 13:14:00,1,B3,BR3
2025-01-01 11:35:00,AGV_041,JOB_AGV_041_01011135,2025-01-01 12:13:00,0,B6,BR1
2025-01-01 11:35:00,AGV_084,JOB_AGV_084_01011135,2025-01-01 11:51:00,2,B2,BR1
2025-01-01 11:35:00,AGV_117,JOB_AGV_117_01011135,2025-01-01 13:15:00,1,B1,BR1
2025-01-01 11:40:00,AGV_101,JOB_AGV_101_01011140,2025-01-01 12:39:00,2,B1,BR2
2025-01-01 11:45:00,AGV_015,JOB_AGV_015_01011145,2025-01-01 11:52:00,1,B5,BR3
2025-01-01 11:45:00,AGV_030,JOB_AGV_030_01011145,2025-01-01 12:09:00,2,B6,BR2
2025-01-01 11:45:00,AGV_077,JOB_AGV_077_01011145,2025-01-01 11:47:00,2,B5,BR2
2025-01-01 11:45:00,AGV_093,JOB_AGV_093_01011145,2025-01-01 13:47:00,0,B2,BR4
2025-01-01 11:45:00,AGV_095,JOB_AGV_095_01011145,2025-01-01 12:50:00,0,B4,BR3
2025-01-01 11:50:00,AGV_041,JOB_AGV_041_01011150,2025-01-01 11:58:00,2,B2,BR4
2025-01-01 11:50:00,AGV_044,JOB_AGV_044_01011150,2025-01-01 12:44:00,0,B8,BR1
2025-01-01 11:50:00,AGV_046,JOB_AGV_046_01011150,2025-01-01 11:51:00,0,B6,BR4
2025-01-01 11:55:00,AGV_044,JOB_AGV_044_01011155,2025-01-01 11:58:00,1,B6,BR1
2025-01-01 11:55:00,AGV_101,JOB_AGV_101_01011155,2025-01-01 12:05:00,0,B2,BR4
2025-01-01 11:55:00,AGV_107,JOB_AGV_107_01011155,2025-01-01 11:59:00,0,B8,BR2
2025-01-01 12:00:00,AGV_076,JOB_AGV_076_01011200,2025-01-01 12:20:00,1,B2,BR2
2025-01-01 12:15:00,AGV_064,JOB_AGV_064_01011215,2025-01-01 12:48:00,1,B8,BR2
2025-01-01 12:15:00,AGV_065,JOB_AGV_065_01011215,2025-01-01 12:53:00,0,B3,BR2
2025-01-01 12:20:00,AGV_028,JOB_AGV_028_01011220,2025-01-01 12:57:00,1,B5,BR4
2025-01-01 12:25:00,AGV_121,JOB_AGV_121_01011225,2025-01-01 12:46:00,2,B7,BR4
2025-01-01 12:25:00,AGV_125,JOB_AGV_125_01011225,2025-01-01 12:45:00,0,B6,BR2
2025-01-01 12:30:00,AGV_091,JOB_AGV_091_01011230,2025-01-01 12:42:00,0,B2,BR3
2025-01-01 12:30:00,AGV_097,JOB_AGV_097_01011230,2025-01-01 13:08:00,0,B5,BR2
2025-01-01 12:30:00,AGV_124,JOB_AGV_124_01011230,2025-01-01 12:35:00,0,B5,BR2
2025-01-01 12:35:00,AGV_051,JOB_AGV_051_01011235,2025-01-01 13:51:00,0,B5,BR1
2025-01-01 12:35:00,AGV_057,JOB_AGV_057_01011235,2025-01-01 13:20:00,0,B7,BR2
2025-01-01 12:35:00,AGV_114,JOB_AGV_114_01011235,2025-01-01 12:37:00,0,B8,BR4
2025-01-01 12:40:00,AGV_109,JOB_AGV_109_01011240,2025-01-01 12:40:00,1,B8,BR1
2025-01-01 12:40:00,AGV_116,JOB_AGV_116_01011240,2025-01-01 13:16:00,0,B3,BR3
2025-01-01 12:45:00,AGV_112,JOB_AGV_112_01011245,2025-01-01 13:07:00,0,B5,BR4
2025-01-01 12:45:00,AGV_129,JOB_AGV_129_01011245,2025-01-01 12:46:00,1,B5,BR4
2025-01-01 12:50:00,AGV_027,JOB_AGV_027_01011250,2025-01-01 13:36:00,0,B3,BR4
2025-01-01 12:50:00,AGV_071,JOB_AGV_071_01011250,2025-01-01 13:12:00,2,B3,BR3
2025-01-01 12:55:00,AGV_001,JOB_AGV_001_01011255,2025-01-01 13:04:00,1,B2,BR3
2025-01-01 12:55:00,AGV_034,JOB_AGV_034_01011255,2025-01-01 12:57:00,0,B6,BR2
2025-01-01 12:55:00,AGV_088,JOB_AGV_088_01011255,2025-01-01 13:21:00,0,B5,BR4
2025-01-01 12:55:00,AGV_119,JOB_AGV_119_01011255,2025-01-01 13:16:00,0,B2,BR4
2025-01-01 13:00:00,AGV_018,JOB_AGV_018_01011300,2025-01-01 13:51:00,1,B6,BR3
2025-01-01 13:05:00,AGV_030,JOB_AGV_030_01011305,2025-01-01 13:38:00,1,B2,BR3
2025-01-01 13:10:00,AGV_015,JOB_AGV_015_01011310,2025-01-01 13:21:00,0,B3,BR4
2025-01-01 13:10:00,AGV_029,JOB_AGV_029_01011310,2025-01-01 14:31:00,1,B7,BR2
2025-01-01 13:10:00,AGV_088,JOB_AGV_088_01011310,2025-01-01 13:15:00,0,B4,BR3
2025-01-01 13:15:00,AGV_004,JOB_AGV_004_01011315,2025-01-01 13:52:00,2,B2,BR2
2025-01-01 13:15:00,AGV_055,JOB_AGV_055_01011315,2025-01-01 13:33:00,0,B4,BR1
2025-01-01 13:15:00,AGV_063,JOB_AGV_063_01011315,2025-01-01 13:30:00,0,B1,BR1
2025-01-01 13:15:00,AGV_100,JOB_AGV_100_01011315,2025-01-01 13:35:00,1,B3,BR1
2025-01-01 13:20:00,AGV_018,JOB_AGV_018_01011320,2025-01-01 14:43:00,1,B8,BR3
2025-01-01 13:20:00,AGV_039,JOB_AGV_039_01011320,2025-01-01 13:31:00,1,B7,BR1
2025-01-01 13:20:00,AGV_050,JOB_AGV_050_01011320,2025-01-01 15:25:00,0,B3,BR2
2025-01-01 13:20:00,AGV_124,JOB_AGV_124_01011320,2025-01-01 14:55:00,0,B7,BR1
2025-01-01 13:25:00,AGV_009,JOB_AGV_009_01011325,2025-01-01 15:37:00,1,B7,BR1
2025-01-01 13:25:00,AGV_029,JOB_AGV_029_01011325,2025-01-01 13:25:00,0,B2,BR1
2025-01-01 13:25:00,AGV_042,JOB_AGV_042_01011325,2025-01-01 14:39:00,0,B8,BR3
2025-01-01 13:30:00,AGV_021,JOB_AGV_021_01011330,2025-01-01 13:33:00,1,B6,BR3
2025-01-01 13:30:00,AGV_022,JOB_AGV_022_01011330,2025-01-01 13:45:00,1,B8,BR2
2025-01-01 13:30:00,AGV_034,JOB_AGV_034_01011330,2025-01-01 14:27:00,0,B2,BR4
2025-01-01 13:30:00,AGV_075,JOB_AGV_075_01011330,2025-01-01 14:59:00,1,B3,BR4
2025-01-01 13:35:00,AGV_051,JOB_AGV_051_01011335,2025-01-01 13:42:00,0,B4,BR3
2025-01-01 13:40:00,AGV_018,JOB_AGV_018_01011340,2025-01-01 13:47:00,1,B7,BR1
2025-01-01 13:40:00,AGV_061,JOB_AGV_061_01011340,2025-01-01 13:55:00,1,B1,BR1
2025-01-01 13:40:00,AGV_066,JOB_AGV_066_01011340,2025-01-01 13:41:00,1,B2,BR4
2025-01-01 13:40:00,AGV_130,JOB_AGV_130_01011340,2025-01-01 13:48:00,0,B3,BR3
2025-01-01 13:45:00,AGV_046,JOB_AGV_046_01011345,2025-01-01 15:02:00,0,B8,BR3
2025-01-01 13:45:00,AGV_111,JOB_AGV_111_01011345,2025-01-01 13:46:00,2,B4,BR4
2025-01-01 13:50:00,AGV_007,JOB_AGV_007_01011350,2025-01-01 13:53:00,0,B1,BR3
2025-01-01 13:50:00,AGV_125,JOB_AGV_125_01011350,2025-01-01 16:30:00,2,B4,BR2
2025-01-01 14:00:00,AGV_040,JOB_AGV_040_01011400,2025-01-01 14:01:00,0,B8,BR2
2025-01-01 14:00:00,AGV_082,JOB_AGV_082_01011400,2025-01-01 14:01:00,1,B4,BR3
2025-01-01 14:00:00,AGV_096,JOB_AGV_096_01011400,2025-01-01 14:00:00,0,B7,BR1
2025-01-01 14:00:00,AGV_122,JOB_AGV_122_01011400,2025-01-01 14:07:00,0,B3,BR4
2025-01-01 14:05:00,AGV_069,JOB_AGV_069_01011405,2025-01-01 14:40:00,0,B7,BR3
2025-01-01 14:10:00,AGV_056,JOB_AGV_056_01011410,2025-01-01 14:31:00,0,B1,BR3
2025-01-01 14:10:00,AGV_108,JOB_AGV_108_01011410,2025-01-01 15:19:00,1,B8,BR4
2025-01-01 14:15:00,AGV_030,JOB_AGV_030_01011415,2025-01-01 16:17:00,0,B2,BR4
2025-01-01 14:15:00,AGV_102,JOB_AGV_102_01011415,2025-01-01 15:43:00,0,B7,BR2
2025-01-01 14:15:00,AGV_127,JOB_AGV_127_01011415,2025-01-01 15:28:00,1,B7,BR3
2025-01-01 14:20:00,AGV_121,JOB_AGV_121_01011420,2025-01-01 14:23:00,0,B8,BR2
2025-01-01 14:20:00,AGV_123,JOB_AGV_123_01011420,2025-01-01 14:28:00,0,B3,BR2
2025-01-01 14:30:00,AGV_023,JOB_AGV_023_01011430,2025-01-01 14:56:00,2,B1,BR2
2025-01-01 14:30:00,AGV_060,JOB_AGV_060_01011430,2025-01-01 14:37:00,1,B2,BR1
2025-01-01 14:30:00,AGV_086,JOB_AGV_086_01011430,2025-01-01 14:49:00,0,B7,BR3
2025-01-01 14:30:00,AGV_094,JOB_AGV_094_01011430,2025-01-01 14:55:00,2,B8,BR1
2025-01-01 14:35:00,AGV_019,JOB_AGV_019_01011435,2025-01-01 14:39:00,2,B4,BR4
2025-01-01 14:35:00,AGV_084,JOB_AGV_084_01011435,2025-01-01 14:42:00,2,B7,BR2
2025-01-01 14:35:00,AGV_086,JOB_AGV_086_01011435,2025-01-01 14:55:00,1,B5,BR3
2025-01-01 14:35:00,AGV_104,JOB_AGV_104_01011435,2025-01-01 15:01:00,0,B8,BR3
2025-01-01 14:40:00,AGV_095,JOB_AGV_095_01011440,2025-01-01 15:29:00,1,B6,BR4
2025-01-01 14:40:00,AGV_110,JOB_AGV_110_01011440,2025-01-01 14:55:00,0,B2,BR1
2025-01-01 14:40:00,AGV_118,JOB_AGV_118_01011440,2025-01-01 14:45:00,2,B8,BR2
2025-01-01 14:45:00,AGV_048,JOB_AGV_048_01011445,2025-01-01 14:48:00,0,B3,BR4
2025-01-01 14:45:00,AGV_127,JOB_AGV_127_01011445,2025-01-01 14:47:00,1,B5,BR1
2025-01-01 14:50:00,AGV_022,JOB_AGV_022_01011450,2025-01-01 15:21:00,1,B8,BR3
2025-01-01 14:50:00,AGV_112,JOB_AGV_112_01011450,2025-01-01 14:55:00,0,B2,BR3
2025-01-01 14:55:00,AGV_079,JOB_AGV_079_01011455,2025-01-01 15:26:00,0,B7,BR2
2025-01-01 15:05:00,AGV_042,JOB_AGV_042_01011505,2025-01-01 15:38:00,0,B2,BR2
2025-01-01 15:05:00,AGV_090,JOB_AGV_090_01011505,2025-01-01 15:15:00,1,B8,BR4
2025-01-01 15:10:00,AGV_018,JOB_AGV_018_01011510,2025-01-01 17:28:00,2,B5,BR4
2025-01-01 15:10:00,AGV_024,JOB_AGV_024_01011510,2025-01-01 18:08:00,2,B7,BR3
2025-01-01 15:10:00,AGV_039,JOB_AGV_039_01011510,2025-01-01 16:10:00,0,B3,BR2
2025-01-01 15:10:00,AGV_059,JOB_AGV_059_01011510,2025-01-01 15:27:00,1,B3,BR4
2025-01-01 15:10:00,AGV_077,JOB_AGV_077_01011510,2025-01-01 16:00:00,0,B3,BR4
2025-01-01 15:10:00,AGV_118,JOB_AGV_118_01011510,2025-01-01 16:18:00,2,B3,BR4
2025-01-01 15:15:00,AGV_002,JOB_AGV_002_01011515,2025-01-01 15:35:00,1,B3,BR4
2025-01-01 15:15:00,AGV_016,JOB_AGV_016_01011515,2025-01-01 15:56:00,1,B1,BR3
2025-01-01 15:15:00,AGV_045,JOB_AGV_045_01011515,2025-01-01 15:48:00,1,B2,BR2
2025-01-01 15:15:00,AGV_083,JOB_AGV_083_01011515,2025-01-01 15:22:00,0,B7,BR3
2025-01-01 15:15:00,AGV_091,JOB_AGV_091_01011515,2025-01-01 15:23:00,0,B4,BR4
2025-01-01 15:20:00,AGV_068,JOB_AGV_068_01011520,2025-01-01 15:46:00,1,B2,BR3
2025-01-01 15:20:00,AGV_097,JOB_AGV_097_01011520,2025-01-01 16:21:00,0,B2,BR3
2025-01-01 15:25:00,AGV_021,JOB_AGV_021_01011525,2025-01-01 15:40:00,0,B2,BR2
2025-01-01 15:30:00,AGV_009,JOB_AGV_009_01011530,2025-01-01 16:17:00,1,B4,BR4
2025-01-01 15:30:00,AGV_033,JOB_AGV_033_01011530,2025-01-01 15:54:00,0,B7,BR1
2025-01-01 15:35:00,AGV_043,JOB_AGV_043_01011535,2025-01-01 15:46:00,0,B4,BR3
2025-01-01 15:35:00,AGV_124,JOB_AGV_124_01011535,2025-01-01 17:13:00,2,B8,BR4
2025-01-01 15:35:00,AGV_128,JOB_AGV_128_01011535,2025-01-01 15:35:00,1,B7,BR1
2025-01-01 15:40:00,AGV_022,JOB_AGV_022_01011540,2025-01-01 15:42:00,1,B7,BR1
2025-01-01 15:40:00,AGV_074,JOB_AGV_074_01011540,2025-01-01 15:41:00,0,B1,BR1
2025-01-01 15:40:00,AGV_080,JOB_AGV_080_01011540,2025-01-01 16:48:00,0,B2,BR1
2025-01-01 15:40:00,AGV_119,JOB_AGV_119_01011540,2025-01-01 16:07:00,0,B7,BR1
2025-01-01 15:45:00,AGV_026,JOB_AGV_026_01011545,2025-01-01 16:20:00,0,B3,BR1
2025-01-01 15:50:00,AGV_099,JOB_AGV_099_01011550,2025-01-01 15:53:00,2,B7,BR4
2025-01-01 15:50:00,AGV_121,JOB_AGV_121_01011550,2025-01-01 16:15:00,0,B8,BR2
2025-01-01 15:55:00,AGV_045,JOB_AGV_045_01011555,2025-01-01 16:02:00,0,B8,BR1
2025-01-01 15:55:00,AGV_058,JOB_AGV_058_01011555,2025-01-01 16:06:00,1,B5,BR3
2025-01-01 15:55:00,AGV_098,JOB_AGV_098_01011555,2025-01-01 17:22:00,1,B7,BR4
2025-01-01 16:00:00,AGV_062,JOB_AGV_062_01011600,2025-01-01 16:32:00,1,B5,BR3
2025-01-01 16:00:00,AGV_128,JOB_AGV_128_01011600,2025-01-01 16:50:00,0,B5,BR3
2025-01-01 16:05:00,AGV_117,JOB_AGV_117_01011605,2025-01-01 16:59:00,0,B5,BR3
2025-01-01 16:10:00,AGV_011,JOB_AGV_011_01011610,2025-01-01 16:21:00,2,B6,BR4
2025-01-01 16:10:00,AGV_035,JOB_AGV_035_01011610,2025-01-01 16:33:00,2,B4,BR4
2025-01-01 16:10:00,AGV_111,JOB_AGV_111_01011610,2025-01-01 16:12:00,2,B8,BR4
2025-01-01 16:15:00,AGV_072,JOB_AGV_072_01011615,2025-01-01 17:27:00,0,B6,BR3
2025-01-01 16:15:00,AGV_124,JOB_AGV_124_01011615,2025-01-01 16:19:00,1,B3,BR1
2025-01-01 16:20:00,AGV_009,JOB_AGV_009_01011620,2025-01-01 16:50:00,1,B5,BR3
2025-01-01 16:20:00,AGV_125,JOB_AGV_125_01011620,2025-01-01 16:25:00,0,B3,BR1
2025-01-01 16:25:00,AGV_048,JOB_AGV_048_01011625,2025-01-01 18:02:00,2,B5,BR3
2025-01-01 16:25:00,AGV_058,JOB_AGV_058_01011625,2025-01-01 16:29:00,0,B8,BR4
2025-01-01 16:25:00,AGV_075,JOB_AGV_075_01011625,2025-01-01 16:35:00,1,B2,BR1
2025-01-01 16:25:00,AGV_117,JOB_AGV_117_01011625,2025-01-01 16:55:00,2,B8,BR2
2025-01-01 16:30:00,AGV_015,JOB_AGV_015_01011630,2025-01-01 19:10:00,1,B8,BR4
2025-01-01 16:30:00,AGV_025,JOB_AGV_025_01011630,2025-01-01 16:48:00,0,B7,BR3
2025-01-01 16:30:00,AGV_028,JOB_AGV_028_01011630,2025-01-01 16:33:00,1,B3,BR2
2025-01-01 16:30:00,AGV_053,JOB_AGV_053_01011630,2025-01-01 16:38:00,0,B4,BR2
2025-01-01 16:35:00,AGV_060,JOB_AGV_060_01011635,2025-01-01 16:37:00,0,B7,BR2
2025-01-01 16:35:00,AGV_117,JOB_AGV_117_01011635,2025-01-01 17:21:00,0,B4,BR4
2025-01-01 16:40:00,AGV_051,JOB_AGV_051_01011640,2025-01-01 17:40:00,0,B1,BR4
2025-01-01 16:40:00,AGV_057,JOB_AGV_057_01011640,2025-01-01 17:53:00,0,B3,BR4
2025-01-01 16:40:00,AGV_058,JOB_AGV_058_01011640,2025-01-01 17:02:00,0,B5,BR2
2025-01-01 16:40:00,AGV_068,JOB_AGV_068_01011640,2025-01-01 18:09:00,0,B3,BR1
2025-01-01 16:40:00,AGV_078,JOB_AGV_078_01011640,2025-01-01 17:13:00,0,B3,BR3
2025-01-01 16:40:00,AGV_108,JOB_AGV_108_01011640,2025-01-01 17:03:00,0,B7,BR3
2025-01-01 16:45:00,AGV_015,JOB_AGV_015_01011645,2025-01-01 16:50:00,1,B5,BR4
2025-01-01 16:45:00,AGV_082,JOB_AGV_082_01011645,2025-01-01 17:10:00,2,B7,BR2
2025-01-01 16:50:00,AGV_008,JOB_AGV_008_01011650,2025-01-01 16:59:00,0,B3,BR4
2025-01-01 16:50:00,AGV_033,JOB_AGV_033_01011650,2025-01-01 17:33:00,1,B2,BR1
2025-01-01 16:50:00,AGV_067,JOB_AGV_067_01011650,2025-01-01 17:11:00,0,B7,BR3
2025-01-01 16:50:00,AGV_077,JOB_AGV_077_01011650,2025-01-01 17:12:00,0,B5,BR3
2025-01-01 16:50:00,AGV_095,JOB_AGV_095_01011650,2025-01-01 16:59:00,0,B4,BR1
2025-01-01 16:55:00,AGV_033,JOB_AGV_033_01011655,2025-01-01 17:02:00,0,B5,BR3
2025-01-01 16:55:00,AGV_070,JOB_AGV_070_01011655,2025-01-01 18:12:00,0,B3,BR3
2025-01-01 16:55:00,AGV_081,JOB_AGV_081_01011655,2025-01-01 16:58:00,0,B5,BR3
2025-01-01 16:55:00,AGV_112,JOB_AGV_112_01011655,2025-01-01 17:11:00,2,B3,BR4
2025-01-01 17:00:00,AGV_101,JOB_AGV_101_01011700,2025-01-01 17:06:00,1,B8,BR4
2025-01-01 17:00:00,AGV_119,JOB_AGV_119_01011700,2025-01-01 17:41:00,0,B5,BR3
2025-01-01 17:00:00,AGV_121,JOB_AGV_121_01011700,2025-01-01 17:03:00,1,B6,BR4
2025-01-01 17:05:00,AGV_016,JOB_AGV_016_01011705,2025-01-01 17:11:00,1,B3,BR1
2025-01-01 17:05:00,AGV_043,JOB_AGV_043_01011705,2025-01-01 17:21:00,0,B1,BR2
2025-01-01 17:05:00,AGV_076,JOB_AGV_076_01011705,2025-01-01 18:03:00,1,B6,BR3
2025-01-01 17:05:00,AGV_122,JOB_AGV_122_01011705,2025-01-01 17:30:00,1,B1,BR1
2025-01-01 17:10:00,AGV_060,JOB_AGV_060_01011710,2025-01-01 17:11:00,1,B1,BR2
2025-01-01 17:15:00,AGV_059,JOB_AGV_059_01011715,2025-01-01 17:37:00,0,B7,BR1
2025-01-01 17:15:00,AGV_060,JOB_AGV_060_01011715,2025-01-01 18:44:00,0,B2,BR2
2025-01-01 17:15:00,AGV_094,JOB_AGV_094_01011715,2025-01-01 17:45:00,1,B8,BR2
2025-01-01 17:20:00,AGV_078,JOB_AGV_078_01011720,2025-01-01 17:21:00,0,B8,BR3
2025-01-01 17:25:00,AGV_016,JOB_AGV_016_01011725,2025-01-01 18:29:00,2,B3,BR1
2025-01-01 17:25:00,AGV_073,JOB_AGV_073_01011725,2025-01-01 18:01:00,1,B6,BR2
2025-01-01 17:25:00,AGV_083,JOB_AGV_083_01011725,2025-01-01 18:35:00,0,B7,BR4
2025-01-01 17:30:00,AGV_007,JOB_AGV_007_01011730,2025-01-01 17:56:00,0,B8,BR4
2025-01-01 17:30:00,AGV_024,JOB_AGV_024_01011730,2025-01-01 18:01:00,1,B3,BR3
2025-01-01 17:30:00,AGV_070,JOB_AGV_070_01011730,2025-01-01 18:23:00,0,B5,BR4
2025-01-01 17:30:00,AGV_074,JOB_AGV_074_01011730,2025-01-01 17:30:00,2,B6,BR4
2025-01-01 17:30:00,AGV_094,JOB_AGV_094_01011730,2025-01-01 19:14:00,0,B7,BR2
2025-01-01 17:30:00,AGV_106,JOB_AGV_106_01011730,2025-01-01 18:13:00,1,B1,BR4
2025-01-01 17:30:00,AGV_107,JOB_AGV_107_01011730,2025-01-01 19:03:00,1,B8,BR1
2025-01-01 17:35:00,AGV_005,JOB_AGV_005_01011735,2025-01-01 17:38:00,0,B5,BR2
2025-01-01 17:35:00,AGV_021,JOB_AGV_021_01011735,2025-01-01 18:58:00,0,B4,BR1
2025-01-01 17:40:00,AGV_085,JOB_AGV_085_01011740,2025-01-01 18:53:00,1,B7,BR4
2025-01-01 17:45:00,AGV_112,JOB_AGV_112_01011745,2025-01-01 17:56:00,0,B3,BR3
2025-01-01 17:50:00,AGV_055,JOB_AGV_055_01011750,2025-01-01 18:25:00,2,B3,BR3
2025-01-01 17:50:00,AGV_073,JOB_AGV_073_01011750,2025-01-01 18:29:00,1,B4,BR3
2025-01-01 17:50:00,AGV_127,JOB_AGV_127_01011750,2025-01-01 19:24:00,0,B8,BR3
2025-01-01 17:55:00,AGV_002,JOB_AGV_002_01011755,2025-01-01 18:11:00,2,B5,BR3
2025-01-01 17:55:00,AGV_092,JOB_AGV_092_01011755,2025-01-01 17:59:00,1,B2,BR4
2025-01-01 18:00:00,AGV_006,JOB_AGV_006_01011800,2025-01-01 18:36:00,1,B8,BR2
2025-01-01 18:00:00,AGV_120,JOB_AGV_120_01011800,2025-01-01 18:00:00,0,B8,BR1
2025-01-01 18:05:00,AGV_037,JOB_AGV_037_01011805,2025-01-01 18:56:00,0,B3,BR3
2025-01-01 18:05:00,AGV_045,JOB_AGV_045_01011805,2025-01-01 18:17:00,2,B1,BR2
2025-01-01 18:05:00,AGV_048,JOB_AGV_048_01011805,2025-01-01 19:40:00,1,B4,BR1
2025-01-01 18:05:00,AGV_076,JOB_AGV_076_01011805,2025-01-01 20:25:00,1,B1,BR3
2025-01-01 18:05:00,AGV_078,JOB_AGV_078_01011805,2025-01-01 18:08:00,1,B8,BR3
2025-01-01 18:05:00,AGV_129,JOB_AGV_129_01011805,2025-01-01 18:30:00,1,B2,BR3
2025-01-01 18:10:00,AGV_011,JOB_AGV_011_01011810,2025-01-01 18:22:00,0,B7,BR4
2025-01-01 18:10:00,AGV_030,JOB_AGV_030_01011810,2025-01-01 18:13:00,0,B3,BR4
2025-01-01 18:10:00,AGV_095,JOB_AGV_095_01011810,2025-01-01 18:18:00,0,B1,BR1
2025-01-01 18:10:00,AGV_102,JOB_AGV_102_01011810,2025-01-01 18:12:00,2,B7,BR3
2025-01-01 18:15:00,AGV_002,JOB_AGV_002_01011815,2025-01-01 18:25:00,2,B7,BR3
2025-01-01 18:15:00,AGV_052,JOB_AGV_052_01011815,2025-01-01 19:14:00,0,B5,BR4
2025-01-01 18:15:00,AGV_064,JOB_AGV_064_01011815,2025-01-01 18:33:00,1,B4,BR4
2025-01-01 18:15:00,AGV_073,JOB_AGV_073_01011815,2025-01-01 18:29:00,2,B1,BR3
2025-01-01 18:20:00,AGV_045,JOB_AGV_045_01011820,2025-01-01 18:58:00,1,B6,BR1
2025-01-01 18:20:00,AGV_048,JOB_AGV_048_01011820,2025-01-01 19:09:00,0,B1,BR1
2025-01-01 18:20:00,AGV_073,JOB_AGV_073_01011820,2025-01-01 19:22:00,0,B1,BR3
2025-01-01 18:20:00,AGV_089,JOB_AGV_089_01011820,2025-01-01 18:21:00,2,B3,BR2
2025-01-01 18:20:00,AGV_129,JOB_AGV_129_01011820,2025-01-01 19:20:00,2,B6,BR1
2025-01-01 18:25:00,AGV_010,JOB_AGV_010_01011825,2025-01-01 18:55:00,1,B6,BR3
2025-01-01 18:25:00,AGV_033,JOB_AGV_033_01011825,2025-01-01 18:34:00,2,B4,BR3
2025-01-01 18:25:00,AGV_056,JOB_AGV_056_01011825,2025-01-01 19:58:00,0,B5,BR1
2025-01-01 18:25:00,AGV_096,JOB_AGV_096_01011825,2025-01-01 19:39:00,0,B5,BR2
2025-01-01 18:25:00,AGV_107,JOB_AGV_107_01011825,2025-01-01 18:31:00,2,B5,BR2
2025-01-01 18:30:00,AGV_022,JOB_AGV_022_01011830,2025-01-01 18:41:00,0,B4,BR1
2025-01-01 18:30:00,AGV_035,JOB_AGV_035_01011830,2025-01-01 18:31:00,1,B3,BR1
2025-01-01 18:30:00,AGV_051,JOB_AGV_051_01011830,2025-01-01 18:59:00,0,B4,BR4
2025-01-01 18:30:00,AGV_066,JOB_AGV_066_01011830,2025-01-01 19:15:00,1,B8,BR4
2025-01-01 18:35:00,AGV_070,JOB_AGV_070_01011835,2025-01-01 19:29:00,0,B7,BR4
2025-01-01 18:35:00,AGV_129,JOB_AGV_129_01011835,2025-01-01 19:37:00,1,B4,BR1
2025-01-01 18:40:00,AGV_043,JOB_AGV_043_01011840,2025-01-01 18:48:00,1,B6,BR1
2025-01-01 18:40:00,AGV_057,JOB_AGV_057_01011840,2025-01-01 19:11:00,0,B1,BR3
2025-01-01 18:45:00,AGV_007,JOB_AGV_007_01011845,2025-01-01 18:48:00,0,B6,BR4
2025-01-01 18:45:00,AGV_014,JOB_AGV_014_01011845,2025-01-01 19:30:00,1,B7,BR2
2025-01-01 18:45:00,AGV_091,JOB_AGV_091_01011845,2025-01-01 19:00:00,0,B8,BR3
2025-01-01 18:50:00,AGV_069,JOB_AGV_069_01011850,2025-01-01 19:25:00,0,B3,BR2
2025-01-01 18:50:00,AGV_113,JOB_AGV_113_01011850,2025-01-01 19:12:00,0,B2,BR4
2025-01-01 18:55:00,AGV_025,JOB_AGV_025_01011855,2025-01-01 20:53:00,1,B2,BR4
2025-01-01 18:55:00,AGV_030,JOB_AGV_030_01011855,2025-01-01 19:48:00,0,B4,BR1
2025-01-01 18:55:00,AGV_081,JOB_AGV_081_01011855,2025-01-01 19:04:00,0,B5,BR2
2025-01-01 19:00:00,AGV_070,JOB_AGV_070_01011900,2025-01-01 19:42:00,0,B3,BR4
2025-01-01 19:00:00,AGV_104,JOB_AGV_104_01011900,2025-01-01 20:42:00,0,B6,BR4
2025-01-01 19:05:00,AGV_127,JOB_AGV_127_01011905,2025-01-01 20:25:00,2,B2,BR3
2025-01-01 19:10:00,AGV_001,JOB_AGV_001_01011910,2025-01-01 19:34:00,1,B7,BR3
2025-01-01 19:10:00,AGV_040,JOB_AGV_040_01011910,2025-01-01 20:30:00,0,B1,BR2
2025-01-01 19:10:00,AGV_052,JOB_AGV_052_01011910,2025-01-01 19:26:00,0,B8,BR1
2025-01-01 19:10:00,AGV_070,JOB_AGV_070_01011910,2025-01-01 19:11:00,2,B7,BR4
2025-01-01 19:10:00,AGV_095,JOB_AGV_095_01011910,2025-01-01 19:18:00,0,B1,BR4
2025-01-01 19:15:00,AGV_054,JOB_AGV_054_01011915,2025-01-01 19:15:00,2,B3,BR1
2025-01-01 19:15:00,AGV_116,JOB_AGV_116_01011915,2025-01-01 19:25:00,0,B3,BR3
2025-01-01 19:25:00,AGV_053,JOB_AGV_053_01011925,2025-01-01 19:48:00,0,B1,BR3
2025-01-01 19:25:00,AGV_061,JOB_AGV_061_01011925,2025-01-01 19:29:00,0,B5,BR2
2025-01-01 19:30:00,AGV_056,JOB_AGV_056_01011930,2025-01-01 19:54:00,0,B2,BR1
2025-01-01 19:30:00,AGV_128,JOB_AGV_128_01011930,2025-01-01 19:36:00,0,B4,BR1
2025-01-01 19:35:00,AGV_035,JOB_AGV_035_01011935,2025-01-01 19:44:00,2,B1,BR1
2025-01-01 19:35:00,AGV_110,JOB_AGV_110_01011935,2025-01-01 19:59:00,0,B3,BR2
2025-01-01 19:40:00,AGV_037,JOB_AGV_037_01011940,2025-01-01 21:33:00,0,B6,BR4
2025-01-01 19:40:00,AGV_048,JOB_AGV_048_01011940,2025-01-01 20:12:00,0,B2,BR4
2025-01-01 19:40:00,AGV_086,JOB_AGV_086_01011940,2025-01-01 21:22:00,1,B7,BR4
2025-01-01 19:40:00,AGV_090,JOB_AGV_090_01011940,2025-01-01 19:47:00,1,B6,BR4
2025-01-01 19:40:00,AGV_118,JOB_AGV_118_01011940,2025-01-01 20:12:00,0,B6,BR1
2025-01-01 19:45:00,AGV_013,JOB_AGV_013_01011945,2025-01-01 20:13:00,1,B8,BR2
2025-01-01 19:45:00,AGV_070,JOB_AGV_070_01011945,2025-01-01 19:55:00,0,B1,BR2
2025-01-01 19:55:00,AGV_066,JOB_AGV_066_01011955,2025-01-01 20:42:00,0,B3,BR1
2025-01-01 19:55:00,AGV_115,JOB_AGV_115_01011955,2025-01-01 20:06:00,0,B3,BR3
2025-01-01 20:00:00,AGV_079,JOB_AGV_079_01012000,2025-01-01 21:19:00,1,B5,BR4
2025-01-01 20:00:00,AGV_122,JOB_AGV_122_01012000,2025-01-01 21:03:00,0,B5,BR3
2025-01-01 20:05:00,AGV_046,JOB_AGV_046_01012005,2025-01-01 20:21:00,0,B4,BR4
2025-01-01 20:05:00,AGV_051,JOB_AGV_051_01012005,2025-01-01 21:53:00,2,B3,BR2
2025-01-01 20:05:00,AGV_080,JOB_AGV_080_01012005,2025-01-01 22:06:00,0,B2,BR4
2025-01-01 20:05:00,AGV_101,JOB_AGV_101_01012005,2025-01-01 21:11:00,2,B3,BR3
2025-01-01 20:05:00,AGV_130,JOB_AGV_130_01012005,2025-01-01 20:06:00,0,B4,BR2
2025-01-01 20:10:00,AGV_113,JOB_AGV_113_01012010,2025-01-01 20:40:00,0,B5,BR1
2025-01-01 20:15:00,AGV_001,JOB_AGV_001_01012015,2025-01-01 21:38:00,1,B1,BR4
2025-01-01 20:15:00,AGV_024,JOB_AGV_024_01012015,2025-01-01 20:39:00,0,B3,BR3
2025-01-01 20:15:00,AGV_096,JOB_AGV_096_01012015,2025-01-01 21:43:00,1,B8,BR3
2025-01-01 20:20:00,AGV_021,JOB_AGV_021_01012020,2025-01-01 20:35:00,0,B4,BR2
2025-01-01 20:25:00,AGV_044,JOB_AGV_044_01012025,2025-01-01 20:33:00,0,B3,BR3
2025-01-01 20:25:00,AGV_065,JOB_AGV_065_01012025,2025-01-01 20:35:00,2,B3,BR3
2025-01-01 20:25:00,AGV_077,JOB_AGV_077_01012025,2025-01-01 20:53:00,1,B1,BR1
2025-01-01 20:25:00,AGV_101,JOB_AGV_101_01012025,2025-01-01 20:26:00,2,B8,BR1
2025-01-01 20:25:00,AGV_128,JOB_AGV_128_01012025,2025-01-01 21:07:00,1,B6,BR3
2025-01-01 20:30:00,AGV_020,JOB_AGV_020_01012030,2025-01-01 20:54:00,2,B1,BR1
2025-01-01 20:30:00,AGV_066,JOB_AGV_066_01012030,2025-01-01 20:30:00,0,B8,BR1
2025-01-01 20:30:00,AGV_091,JOB_AGV_091_01012030,2025-01-01 20:32:00,0,B5,BR2
2025-01-01 20:30:00,AGV_118,JOB_AGV_118_01012030,2025-01-01 21:14:00,2,B2,BR1
2025-01-01 20:35:00,AGV_028,JOB_AGV_028_01012035,2025-01-01 21:23:00,1,B4,BR4
2025-01-01 20:35:00,AGV_046,JOB_AGV_046_01012035,2025-01-01 21:26:00,2,B4,BR2
2025-01-01 20:35:00,AGV_049,JOB_AGV_049_01012035,2025-01-01 21:00:00,1,B6,BR3
2025-01-01 20:35:00,AGV_057,JOB_AGV_057_01012035,2025-01-01 20:36:00,2,B1,BR1
2025-01-01 20:40:00,AGV_015,JOB_AGV_015_01012040,2025-01-01 20:46:00,0,B8,BR1
2025-01-01 20:40:00,AGV_064,JOB_AGV_064_01012040,2025-01-01 21:38:00,1,B2,BR4
2025-01-01 20:40:00,AGV_114,JOB_AGV_114_01012040,2025-01-01 20:45:00,1,B5,BR2
2025-01-01 20:40:00,AGV_119,JOB_AGV_119_01012040,2025-01-01 21:00:00,0,B8,BR1
2025-01-01 20:45:00,AGV_043,JOB_AGV_043_01012045,2025-01-01 20:47:00,0,B1,BR2
2025-01-01 20:45:00,AGV_045,JOB_AGV_045_01012045,2025-01-01 21:02:00,0,B5,BR3
2025-01-01 20:45:00,AGV_109,JOB_AGV_109_01012045,2025-01-01 20:47:00,1,B6,BR4
2025-01-01 20:45:00,AGV_126,JOB_AGV_126_01012045,2025-01-01 21:33:00,2,B7,BR3
2025-01-01 20:45:00,AGV_127,JOB_AGV_127_01012045,2025-01-01 22:16:00,1,B8,BR4
2025-01-01 20:50:00,AGV_082,JOB_AGV_082_01012050,2025-01-01 21:22:00,0,B5,BR2
2025-01-01 20:50:00,AGV_092,JOB_AGV_092_01012050,2025-01-01 20:54:00,0,B1,BR4
2025-01-01 20:50:00,AGV_105,JOB_AGV_105_01012050,2025-01-01 21:06:00,0,B4,BR1
2025-01-01 20:55:00,AGV_026,JOB_AGV_026_01012055,2025-01-01 22:13:00,1,B7,BR4
2025-01-01 20:55:00,AGV_117,JOB_AGV_117_01012055,2025-01-01 21:30:00,0,B1,BR2
2025-01-01 21:00:00,AGV_042,JOB_AGV_042_01012100,2025-01-01 21:08:00,2,B4,BR4
2025-01-01 21:00:00,AGV_058,JOB_AGV_058_01012100,2025-01-01 21:12:00,0,B7,BR4
2025-01-01 21:00:00,AGV_094,JOB_AGV_094_01012100,2025-01-01 21:09:00,0,B4,BR2
2025-01-01 21:00:00,AGV_123,JOB_AGV_123_01012100,2025-01-01 21:12:00,1,B8,BR4
2025-01-01 21:05:00,AGV_020,JOB_AGV_020_01012105,2025-01-01 23:17:00,1,B5,BR1
2025-01-01 21:05:00,AGV_032,JOB_AGV_032_01012105,2025-01-01 21:14:00,2,B4,BR2
2025-01-01 21:05:00,AGV_062,JOB_AGV_062_01012105,2025-01-01 21:46:00,0,B5,BR2
2025-01-01 21:05:00,AGV_109,JOB_AGV_109_01012105,2025-01-01 22:22:00,1,B8,BR3
2025-01-01 21:05:00,AGV_116,JOB_AGV_116_01012105,2025-01-01 21:12:00,0,B3,BR4
2025-01-01 21:10:00,AGV_040,JOB_AGV_040_01012110,2025-01-01 22:32:00,0,B6,BR3
2025-01-01 21:10:00,AGV_044,JOB_AGV_044_01012110,2025-01-01 21:12:00,2,B6,BR3
2025-01-01 21:10:00,AGV_077,JOB_AGV_077_01012110,2025-01-01 21:19:00,1,B6,BR1
2025-01-01 21:10:00,AGV_094,JOB_AGV_094_01012110,2025-01-01 21:53:00,0,B8,BR2
2025-01-01 21:10:00,AGV_115,JOB_AGV_115_01012110,2025-01-01 21:13:00,1,B5,BR1
2025-01-01 21:10:00,AGV_121,JOB_AGV_121_01012110,2025-01-01 22:33:00,1,B2,BR4
2025-01-01 21:15:00,AGV_059,JOB_AGV_059_01012115,2025-01-01 21:56:00,0,B4,BR4
2025-01-01 21:15:00,AGV_104,JOB_AGV_104_01012115,2025-01-01 21:33:00,2,B2,BR1
2025-01-01 21:20:00,AGV_116,JOB_AGV_116_01012120,2025-01-01 23:46:00,1,B5,BR2
2025-01-01 21:20:00,AGV_130,JOB_AGV_130_01012120,2025-01-01 22:10:00,1,B7,BR3
2025-01-01 21:25:00,AGV_075,JOB_AGV_075_01012125,2025-01-01 21:33:00,1,B7,BR3
2025-01-01 21:25:00,AGV_121,JOB_AGV_121_01012125,2025-01-01 21:44:00,1,B1,BR1
2025-01-01 21:30:00,AGV_055,JOB_AGV_055_01012130,2025-01-01 23:12:00,0,B3,BR3
2025-01-01 21:30:00,AGV_093,JOB_AGV_093_01012130,2025-01-01 21:51:00,0,B8,BR2
2025-01-01 21:35:00,AGV_027,JOB_AGV_027_01012135,2025-01-01 21:45:00,1,B3,BR1
2025-01-01 21:35:00,AGV_076,JOB_AGV_076_01012135,2025-01-01 22:23:00,0,B6,BR3
2025-01-01 21:35:00,AGV_078,JOB_AGV_078_01012135,2025-01-01 21:37:00,1,B7,BR3
2025-01-01 21:40:00,AGV_040,JOB_AGV_040_01012140,2025-01-01 22:14:00,0,B4,BR2
2025-01-01 21:40:00,AGV_079,JOB_AGV_079_01012140,2025-01-01 22:53:00,0,B8,BR1
2025-01-01 21:40:00,AGV_087,JOB_AGV_087_01012140,2025-01-01 22:31:00,1,B8,BR4
2025-01-01 21:40:00,AGV_129,JOB_AGV_129_01012140,2025-01-01 21:44:00,0,B5,BR2
2025-01-01 21:40:00,AGV_130,JOB_AGV_130_01012140,2025-01-01 22:26:00,0,B3,BR1
2025-01-01 21:50:00,AGV_022,JOB_AGV_022_01012150,2025-01-01 22:09:00,2,B7,BR3
2025-01-01 21:50:00,AGV_072,JOB_AGV_072_01012150,2025-01-01 22:29:00,1,B4,BR4
2025-01-01 21:50:00,AGV_098,JOB_AGV_098_01012150,2025-01-01 21:54:00,0,B4,BR4
2025-01-01 21:55:00,AGV_039,JOB_AGV_039_01012155,2025-01-01 22:57:00,1,B4,BR3
2025-01-01 21:55:00,AGV_084,JOB_AGV_084_01012155,2025-01-01 22:30:00,0,B3,BR1
2025-01-01 22:00:00,AGV_025,JOB_AGV_025_01012200,2025-01-01 22:11:00,1,B3,BR1
2025-01-01 22:00:00,AGV_031,JOB_AGV_031_01012200,2025-01-01 23:40:00,0,B4,BR3
2025-01-01 22:00:00,AGV_048,JOB_AGV_048_01012200,2025-01-01 22:01:00,0,B8,BR1
2025-01-01 22:05:00,AGV_017,JOB_AGV_017_01012205,2025-01-01 22:12:00,1,B5,BR2
2025-01-01 22:05:00,AGV_043,JOB_AGV_043_01012205,2025-01-01 22:21:00,2,B7,BR2
2025-01-01 22:05:00,AGV_061,JOB_AGV_061_01012205,2025-01-01 22:34:00,2,B6,BR1
2025-01-01 22:05:00,AGV_081,JOB_AGV_081_01012205,2025-01-01 22:22:00,0,B7,BR2
2025-01-01 22:05:00,AGV_115,JOB_AGV_115_01012205,2025-01-01 22:14:00,1,B7,BR2
2025-01-01 22:05:00,AGV_127,JOB_AGV_127_01012205,2025-01-01 23:15:00,1,B5,BR2
2025-01-01 22:10:00,AGV_005,JOB_AGV_005_01012210,2025-01-01 22:17:00,1,B8,BR1
2025-01-01 22:10:00,AGV_045,JOB_AGV_045_01012210,2025-01-01 22:15:00,2,B1,BR3
2025-01-01 22:20:00,AGV_025,JOB_AGV_025_01012220,2025-01-01 23:11:00,0,B2,BR4
2025-01-01 22:20:00,AGV_028,JOB_AGV_028_01012220,2025-01-01 22:23:00,2,B1,BR2
2025-01-01 22:20:00,AGV_029,JOB_AGV_029_01012220,2025-01-01 23:14:00,0,B4,BR4
2025-01-01 22:20:00,AGV_031,JOB_AGV_031_01012220,2025-01-01 22:22:00,0,B1,BR3
2025-01-01 22:20:00,AGV_038,JOB_AGV_038_01012220,2025-01-01 22:20:00,0,B7,BR3
2025-01-01 22:25:00,AGV_013,JOB_AGV_013_01012225,2025-01-01 22:32:00,1,B6,BR4
2025-01-01 22:25:00,AGV_014,JOB_AGV_014_01012225,2025-01-01 22:36:00,1,B8,BR4
2025-01-01 22:25:00,AGV_055,JOB_AGV_055_01012225,2025-01-01 22:36:00,1,B2,BR1
2025-01-01 22:25:00,AGV_065,JOB_AGV_065_01012225,2025-01-01 23:17:00,0,B8,BR2
2025-01-01 22:30:00,AGV_033,JOB_AGV_033_01012230,2025-01-01 23:04:00,2,B8,BR3
2025-01-01 22:35:00,AGV_059,JOB_AGV_059_01012235,2025-01-01 22:48:00,0,B1,BR4
2025-01-01 22:40:00,AGV_028,JOB_AGV_028_01012240,2025-01-01 23:11:00,0,B8,BR3
2025-01-01 22:40:00,AGV_073,JOB_AGV_073_01012240,2025-01-02 02:47:00,0,B6,BR3
2025-01-01 22:45:00,AGV_045,JOB_AGV_045_01012245,2025-01-01 23:02:00,0,B1,BR1
2025-01-01 22:45:00,AGV_053,JOB_AGV_053_01012245,2025-01-01 23:09:00,0,B4,BR3
2025-01-01 22:45:00,AGV_111,JOB_AGV_111_01012245,2025-01-01 23:59:00,1,B5,BR1
2025-01-01 22:45:00,AGV_123,JOB_AGV_123_01012245,2025-01-01 23:10:00,1,B8,BR4
2025-01-01 22:50:00,AGV_028,JOB_AGV_028_01012250,2025-01-02 00:31:00,0,B3,BR2
2025-01-01 22:55:00,AGV_069,JOB_AGV_069_01012255,2025-01-02 00:19:00,0,B3,BR2
2025-01-01 22:55:00,AGV_092,JOB_AGV_092_01012255,2025-01-01 22:58:00,2,B7,BR4
2025-01-01 23:00:00,AGV_125,JOB_AGV_125_01012300,2025-01-01 23:12:00,0,B2,BR1
2025-01-01 23:05:00,AGV_114,JOB_AGV_114_01012305,2025-01-01 23:19:00,0,B1,BR1
2025-01-01 23:10:00,AGV_012,JOB_AGV_012_01012310,2025-01-01 23:25:00,1,B3,BR1
2025-01-01 23:10:00,AGV_060,JOB_AGV_060_01012310,2025-01-01 23:31:00,0,B5,BR3
2025-01-01 23:10:00,AGV_091,JOB_AGV_091_01012310,2025-01-01 23:27:00,1,B5,BR4
2025-01-01 23:10:00,AGV_105,JOB_AGV_105_01012310,2025-01-01 23:21:00,1,B8,BR2
2025-01-01 23:15:00,AGV_004,JOB_AGV_004_01012315,2025-01-01 23:24:00,1,B1,BR4
2025-01-01 23:15:00,AGV_019,JOB_AGV_019_01012315,2025-01-01 23:50:00,2,B7,BR3
2025-01-01 23:15:00,AGV_120,JOB_AGV_120_01012315,2025-01-01 23:21:00,2,B3,BR2
2025-01-01 23:20:00,AGV_008,JOB_AGV_008_01012320,2025-01-01 23:21:00,1,B6,BR4
2025-01-01 23:20:00,AGV_064,JOB_AGV_064_01012320,2025-01-01 23:21:00,2,B8,BR1
2025-01-01 23:20:00,AGV_090,JOB_AGV_090_01012320,2025-01-02 00:15:00,1,B6,BR1
2025-01-01 23:20:00,AGV_097,JOB_AGV_097_01012320,2025-01-01 23:59:00,1,B2,BR3
2025-01-01 23:20:00,AGV_115,JOB_AGV_115_01012320,2025-01-02 01:14:00,0,B1,BR4
2025-01-01 23:25:00,AGV_017,JOB_AGV_017_01012325,2025-01-01 23:48:00,1,B7,BR1
2025-01-01 23:25:00,AGV_024,JOB_AGV_024_01012325,2025-01-02 00:27:00,0,B6,BR4
2025-01-01 23:25:00,AGV_036,JOB_AGV_036_01012325,2025-01-01 23:28:00,0,B7,BR1
2025-01-01 23:25:00,AGV_068,JOB_AGV_068_01012325,2025-01-01 23:32:00,2,B7,BR2
2025-01-01 23:25:00,AGV_086,JOB_AGV_086_01012325,2025-01-01 23:35:00,0,B8,BR3
2025-01-01 23:25:00,AGV_120,JOB_AGV_120_01012325,2025-01-01 23:28:00,2,B2,BR1
2025-01-01 23:30:00,AGV_052,JOB_AGV_052_01012330,2025-01-01 23:42:00,1,B5,BR2
2025-01-01 23:30:00,AGV_060,JOB_AGV_060_01012330,2025-01-01 23:30:00,1,B1,BR1
2025-01-01 23:30:00,AGV_062,JOB_AGV_062_01012330,2025-01-01 23:41:00,0,B2,BR3
2025-01-01 23:30:00,AGV_074,JOB_AGV_074_01012330,2025-01-01 23:43:00,0,B5,BR2
2025-01-01 23:30:00,AGV_082,JOB_AGV_082_01012330,2025-01-01 23:40:00,1,B4,BR1
2025-01-01 23:30:00,AGV_105,JOB_AGV_105_01012330,2025-01-02 01:13:00,0,B6,BR4
2025-01-01 23:35:00,AGV_051,JOB_AGV_051_01012335,2025-01-02 00:59:00,0,B6,BR3
2025-01-01 23:35:00,AGV_058,JOB_AGV_058_01012335,2025-01-02 00:27:00,0,B4,BR4
2025-01-01 23:35:00,AGV_115,JOB_AGV_115_01012335,2025-01-01 23:36:00,0,B6,BR1
2025-01-01 23:40:00,AGV_103,JOB_AGV_103_01012340,2025-01-02 01:38:00,0,B8,BR1
2025-01-01 23:45:00,AGV_119,JOB_AGV_119_01012345,2025-01-02 00:37:00,0,B6,BR2
2025-01-01 23:50:00,AGV_020,JOB_AGV_020_01012350,2025-01-02 00:12:00,0,B1,BR1
2025-01-01 23:50:00,AGV_047,JOB_AGV_047_01012350,2025-01-01 23:56:00,0,B8,BR2
2025-01-01 23:55:00,AGV_050,JOB_AGV_050_01012355,2025-01-02 00:00:00,0,B7,BR3
2025-01-01 23:55:00,AGV_102,JOB_AGV_102_01012355,2025-01-02 00:19:00,0,B2,BR2
2025-01-02 00:00:00,AGV_038,JOB_AGV_038_01020000,2025-01-02 00:13:00,0,B3,BR4
2025-01-02 00:00:00,AGV_108,JOB_AGV_108_01020000,2025-01-02 00:12:00,1,B6,BR1
2025-01-02 00:05:00,AGV_050,JOB_AGV_050_01020005,2025-01-02 00:34:00,0,B4,BR4
2025-01-02 00:10:00,AGV_026,JOB_AGV_026_01020010,2025-01-02 01:59:00,1,B8,BR3
2025-01-02 00:10:00,AGV_044,JOB_AGV_044_01020010,2025-01-02 00:47:00,0,B4,BR3
2025-01-02 00:10:00,AGV_078,JOB_AGV_078_01020010,2025-01-02 00:11:00,1,B4,BR4
2025-01-02 00:15:00,AGV_009,JOB_AGV_009_01020015,2025-01-02 00:26:00,0,B4,BR4
2025-01-02 00:15:00,AGV_029,JOB_AGV_029_01020015,2025-01-02 00:32:00,0,B8,BR1
2025-01-02 00:15:00,AGV_057,JOB_AGV_057_01020015,2025-01-02 01:23:00,2,B4,BR3
2025-01-02 00:20:00,AGV_045,JOB_AGV_045_01020020,2025-01-02 00:30:00,1,B3,BR1
2025-01-02 00:20:00,AGV_121,JOB_AGV_121_01020020,2025-01-02 01:12:00,1,B3,BR2
2025-01-02 00:25:00,AGV_047,JOB_AGV_047_01020025,2025-01-02 00:39:00,0,B7,BR2
2025-01-02 00:25:00,AGV_083,JOB_AGV_083_01020025,2025-01-02 00:54:00,0,B5,BR4
2025-01-02 00:30:00,AGV_013,JOB_AGV_013_01020030,2025-01-02 00:30:00,1,B3,BR4
2025-01-02 00:30:00,AGV_032,JOB_AGV_032_01020030,2025-01-02 00:42:00,2,B5,BR4
2025-01-02 00:35:00,AGV_038,JOB_AGV_038_01020035,2025-01-02 00:39:00,0,B8,BR4
2025-01-02 00:35:00,AGV_040,JOB_AGV_040_01020035,2025-01-02 01:15:00,2,B2,BR1
2025-01-02 00:35:00,AGV_121,JOB_AGV_121_01020035,2025-01-02 01:02:00,2,B4,BR3
2025-01-02 00:40:00,AGV_005,JOB_AGV_005_01020040,2025-01-02 01:16:00,0,B3,BR2
2025-01-02 00:40:00,AGV_075,JOB_AGV_075_01020040,2025-01-02 01:03:00,2,B6,BR2
2025-01-02 00:40:00,AGV_095,JOB_AGV_095_01020040,2025-01-02 01:00:00,0,B6,BR1
2025-01-02 00:40:00,AGV_117,JOB_AGV_117_01020040,2025-01-02 00:51:00,0,B6,BR3
2025-01-02 00:45:00,AGV_003,JOB_AGV_003_01020045,2025-01-02 00:50:00,1,B6,BR2
2025-01-02 00:45:00,AGV_021,JOB_AGV_021_01020045,2025-01-02 00:52:00,0,B4,BR1
2025-01-02 00:45:00,AGV_075,JOB_AGV_075_01020045,2025-01-02 01:00:00,1,B4,BR4
2025-01-02 00:50:00,AGV_011,JOB_AGV_011_01020050,2025-01-02 01:00:00,0,B4,BR2
2025-01-02 00:50:00,AGV_014,JOB_AGV_014_01020050,2025-01-02 01:21:00,0,B8,BR4
2025-01-02 00:50:00,AGV_020,JOB_AGV_020_01020050,2025-01-02 01:08:00,0,B5,BR4
2025-01-02 00:50:00,AGV_067,JOB_AGV_067_01020050,2025-01-02 00:51:00,1,B7,BR4
2025-01-02 00:50:00,AGV_105,JOB_AGV_105_01020050,2025-01-02 01:31:00,0,B1,BR2
2025-01-02 00:55:00,AGV_027,JOB_AGV_027_01020055,2025-01-02 00:56:00,0,B1,BR4
2025-01-02 00:55:00,AGV_060,JOB_AGV_060_01020055,2025-01-02 00:55:00,1,B7,BR2
2025-01-02 01:00:00,AGV_043,JOB_AGV_043_01020100,2025-01-02 01:49:00,1,B5,BR3
2025-01-02 01:00:00,AGV_087,JOB_AGV_087_01020100,2025-01-02 01:13:00,1,B5,BR4
2025-01-02 01:00:00,AGV_090,JOB_AGV_090_01020100,2025-01-02 01:47:00,1,B6,BR3
2025-01-02 01:05:00,AGV_007,JOB_AGV_007_01020105,2025-01-02 01:36:00,1,B1,BR2
2025-01-02 01:05:00,AGV_015,JOB_AGV_015_01020105,2025-01-02 02:26:00,0,B1,BR2
2025-01-02 01:05:00,AGV_101,JOB_AGV_101_01020105,2025-01-02 01:19:00,1,B8,BR3
2025-01-02 01:05:00,AGV_130,JOB_AGV_130_01020105,2025-01-02 02:56:00,0,B8,BR3
2025-01-02 01:10:00,AGV_023,JOB_AGV_023_01020110,2025-01-02 01:11:00,0,B3,BR3
2025-01-02 01:10:00,AGV_058,JOB_AGV_058_01020110,2025-01-02 01:14:00,1,B7,BR3
2025-01-02 01:10:00,AGV_104,JOB_AGV_104_01020110,2025-01-02 01:17:00,1,B4,BR4
2025-01-02 01:15:00,AGV_031,JOB_AGV_031_01020115,2025-01-02 01:44:00,2,B4,BR3
2025-01-02 01:15:00,AGV_034,JOB_AGV_034_01020115,2025-01-02 01:24:00,0,B3,BR1
2025-01-02 01:15:00,AGV_074,JOB_AGV_074_01020115,2025-01-02 01:26:00,1,B8,BR3
2025-01-02 01:20:00,AGV_013,JOB_AGV_013_01020120,2025-01-02 01:47:00,1,B5,BR2
2025-01-02 01:20:00,AGV_104,JOB_AGV_104_01020120,2025-01-02 01:27:00,0,B6,BR1
2025-01-02 01:25:00,AGV_038,JOB_AGV_038_01020125,2025-01-02 01:41:00,0,B6,BR4
2025-01-02 01:30:00,AGV_107,JOB_AGV_107_01020130,2025-01-02 01:35:00,0,B6,BR3
2025-01-02 01:40:00,AGV_041,JOB_AGV_041_01020140,2025-01-02 01:43:00,0,B7,BR1
2025-01-02 01:40:00,AGV_045,JOB_AGV_045_01020140,2025-01-02 03:17:00,0,B2,BR4
2025-01-02 01:40:00,AGV_072,JOB_AGV_072_01020140,2025-01-02 02:48:00,1,B5,BR4
2025-01-02 01:45:00,AGV_085,JOB_AGV_085_01020145,2025-01-02 02:11:00,1,B3,BR4
2025-01-02 01:45:00,AGV_114,JOB_AGV_114_01020145,2025-01-02 02:12:00,1,B5,BR4
2025-01-02 01:50:00,AGV_027,JOB_AGV_027_01020150,2025-01-02 02:49:00,0,B2,BR1
2025-01-02 01:55:00,AGV_070,JOB_AGV_070_01020155,2025-01-02 03:10:00,0,B7,BR1
2025-01-02 01:55:00,AGV_113,JOB_AGV_113_01020155,2025-01-02 02:02:00,1,B1,BR1
2025-01-02 02:00:00,AGV_069,JOB_AGV_069_01020200,2025-01-02 02:31:00,0,B7,BR4
2025-01-02 02:00:00,AGV_085,JOB_AGV_085_01020200,2025-01-02 02:02:00,2,B5,BR1
2025-01-02 02:00:00,AGV_109,JOB_AGV_109_01020200,2025-01-02 02:01:00,0,B7,BR3
2025-01-02 02:05:00,AGV_105,JOB_AGV_105_01020205,2025-01-02 02:33:00,0,B4,BR1
2025-01-02 02:05:00,AGV_123,JOB_AGV_123_01020205,2025-01-02 02:15:00,2,B3,BR1
2025-01-02 02:10:00,AGV_016,JOB_AGV_016_01020210,2025-01-02 03:16:00,0,B3,BR4
2025-01-02 02:10:00,AGV_037,JOB_AGV_037_01020210,2025-01-02 02:18:00,0,B5,BR3
2025-01-02 02:10:00,AGV_062,JOB_AGV_062_01020210,2025-01-02 02:18:00,0,B5,BR4
2025-01-02 02:10:00,AGV_112,JOB_AGV_112_01020210,2025-01-02 02:45:00,0,B5,BR2
2025-01-02 02:15:00,AGV_055,JOB_AGV_055_01020215,2025-01-02 02:40:00,1,B6,BR1
2025-01-02 02:20:00,AGV_072,JOB_AGV_072_01020220,2025-01-02 03:03:00,2,B4,BR1
2025-01-02 02:20:00,AGV_107,JOB_AGV_107_01020220,2025-01-02 02:39:00,2,B1,BR4
2025-01-02 02:25:00,AGV_001,JOB_AGV_001_01020225,2025-01-02 02:49:00,0,B4,BR3
2025-01-02 02:25:00,AGV_113,JOB_AGV_113_01020225,2025-01-02 02:52:00,0,B3,BR3
2025-01-02 02:25:00,AGV_125,JOB_AGV_125_01020225,2025-01-02 02:25:00,2,B1,BR4
2025-01-02 02:35:00,AGV_022,JOB_AGV_022_01020235,2025-01-02 02:36:00,1,B4,BR1
2025-01-02 02:40:00,AGV_018,JOB_AGV_018_01020240,2025-01-02 02:40:00,1,B8,BR4
2025-01-02 02:40:00,AGV_024,JOB_AGV_024_01020240,2025-01-02 03:04:00,0,B2,BR1
2025-01-02 02:40:00,AGV_051,JOB_AGV_051_01020240,2025-01-02 02:46:00,0,B4,BR2
2025-01-02 02:40:00,AGV_074,JOB_AGV_074_01020240,2025-01-02 03:50:00,1,B1,BR2
2025-01-02 02:40:00,AGV_076,JOB_AGV_076_01020240,2025-01-02 04:03:00,1,B7,BR3
2025-01-02 02:45:00,AGV_002,JOB_AGV_002_01020245,2025-01-02 02:48:00,1,B4,BR4
2025-01-02 02:45:00,AGV_054,JOB_AGV_054_01020245,2025-01-02 02:57:00,0,B6,BR2
2025-01-02 02:50:00,AGV_026,JOB_AGV_026_01020250,2025-01-02 03:20:00,1,B2,BR4
2025-01-02 02:50:00,AGV_046,JOB_AGV_046_01020250,2025-01-02 02:53:00,0,B1,BR2
2025-01-02 02:50:00,AGV_068,JOB_AGV_068_01020250,2025-01-02 02:53:00,0,B5,BR4
2025-01-02 02:50:00,AGV_087,JOB_AGV_087_01020250,2025-01-02 02:54:00,1,B8,BR4
2025-01-02 02:50:00,AGV_122,JOB_AGV_122_01020250,2025-01-02 03:15:00,0,B3,BR2
2025-01-02 02:55:00,AGV_123,JOB_AGV_123_01020255,2025-01-02 03:08:00,0,B2,BR4
2025-01-02 03:00:00,AGV_001,JOB_AGV_001_01020300,2025-01-02 03:47:00,1,B1,BR1
2025-01-02 03:00:00,AGV_127,JOB_AGV_127_01020300,2025-01-02 03:04:00,0,B4,BR4
2025-01-02 03:05:00,AGV_028,JOB_AGV_028_01020305,2025-01-02 03:24:00,2,B1,BR3
2025-01-02 03:05:00,AGV_078,JOB_AGV_078_01020305,2025-01-02 03:54:00,1,B6,BR3
2025-01-02 03:15:00,AGV_019,JOB_AGV_019_01020315,2025-01-02 03:21:00,2,B7,BR1
2025-01-02 03:15:00,AGV_055,JOB_AGV_055_01020315,2025-01-02 03:54:00,0,B8,BR3
2025-01-02 03:15:00,AGV_120,JOB_AGV_120_01020315,2025-01-02 06:18:00,0,B2,BR3
2025-01-02 03:20:00,AGV_013,JOB_AGV_013_01020320,2025-01-02 03:29:00,1,B8,BR4
2025-01-02 03:20:00,AGV_066,JOB_AGV_066_01020320,2025-01-02 03:26:00,0,B7,BR3
2025-01-02 03:20:00,AGV_108,JOB_AGV_108_01020320,2025-01-02 04:16:00,0,B8,BR3
2025-01-02 03:25:00,AGV_003,JOB_AGV_003_01020325,2025-01-02 03:29:00,0,B6,BR1
2025-01-02 03:25:00,AGV_113,JOB_AGV_113_01020325,2025-01-02 03:32:00,1,B3,BR3
2025-01-02 03:30:00,AGV_119,JOB_AGV_119_01020330,2025-01-02 04:12:00,1,B5,BR3
2025-01-02 03:40:00,AGV_113,JOB_AGV_113_01020340,2025-01-02 04:57:00,0,B4,BR4
2025-01-02 03:45:00,AGV_038,JOB_AGV_038_01020345,2025-01-02 04:18:00,1,B5,BR2
2025-01-02 03:45:00,AGV_050,JOB_AGV_050_01020345,2025-01-02 04:10:00,0,B7,BR1
2025-01-02 03:45:00,AGV_118,JOB_AGV_118_01020345,2025-01-02 03:49:00,2,B3,BR4
2025-01-02 03:45:00,AGV_124,JOB_AGV_124_01020345,2025-01-02 03:45:00,0,B8,BR4
2025-01-02 03:50:00,AGV_013,JOB_AGV_013_01020350,2025-01-02 04:13:00,0,B2,BR2
2025-01-02 03:55:00,AGV_064,JOB_AGV_064_01020355,2025-01-02 05:17:00,0,B6,BR4
2025-01-02 03:55:00,AGV_073,JOB_AGV_073_01020355,2025-01-02 04:09:00,2,B5,BR3
2025-01-02 03:55:00,AGV_122,JOB_AGV_122_01020355,2025-01-02 05:30:00,2,B5,BR4
2025-01-02 04:00:00,AGV_057,JOB_AGV_057_01020400,2025-01-02 04:00:00,1,B7,BR3
2025-01-02 04:05:00,AGV_037,JOB_AGV_037_01020405,2025-01-02 04:50:00,0,B4,BR4
2025-01-02 04:05:00,AGV_113,JOB_AGV_113_01020405,2025-01-02 04:12:00,0,B8,BR2
2025-01-02 04:10:00,AGV_028,JOB_AGV_028_01020410,2025-01-02 05:06:00,1,B2,BR4
2025-01-02 04:10:00,AGV_076,JOB_AGV_076_01020410,2025-01-02 04:23:00,1,B3,BR4
2025-01-02 04:10:00,AGV_104,JOB_AGV_104_01020410,2025-01-02 04:11:00,2,B4,BR1
2025-01-02 04:15:00,AGV_084,JOB_AGV_084_01020415,2025-01-02 04:23:00,0,B1,BR4
2025-01-02 04:15:00,AGV_112,JOB_AGV_112_01020415,2025-01-02 04:25:00,0,B4,BR4
2025-01-02 04:20:00,AGV_024,JOB_AGV_024_01020420,2025-01-02 04:32:00,2,B7,BR4
2025-01-02 04:20:00,AGV_047,JOB_AGV_047_01020420,2025-01-02 04:29:00,0,B2,BR3
2025-01-02 04:20:00,AGV_051,JOB_AGV_051_01020420,2025-01-02 04:44:00,0,B8,BR3
2025-01-02 04:25:00,AGV_050,JOB_AGV_050_01020425,2025-01-02 04:27:00,1,B4,BR2
2025-01-02 04:25:00,AGV_074,JOB_AGV_074_01020425,2025-01-02 04:31:00,0,B1,BR3
2025-01-02 04:25:00,AGV_083,JOB_AGV_083_01020425,2025-01-02 04:27:00,1,B1,BR1
2025-01-02 04:30:00,AGV_004,JOB_AGV_004_01020430,2025-01-02 04:41:00,1,B4,BR3
2025-01-02 04:30:00,AGV_009,JOB_AGV_009_01020430,2025-01-02 04:57:00,0,B5,BR3
2025-01-02 04:30:00,AGV_114,JOB_AGV_114_01020430,2025-01-02 04:53:00,0,B3,BR1
2025-01-02 04:40:00,AGV_028,JOB_AGV_028_01020440,2025-01-02 04:56:00,0,B4,BR4
2025-01-02 04:40:00,AGV_075,JOB_AGV_075_01020440,2025-01-02 05:00:00,0,B1,BR4
2025-01-02 04:40:00,AGV_103,JOB_AGV_103_01020440,2025-01-02 05:01:00,2,B5,BR3
2025-01-02 04:45:00,AGV_025,JOB_AGV_025_01020445,2025-01-02 04:59:00,2,B2,BR4
2025-01-02 04:45:00,AGV_129,JOB_AGV_129_01020445,2025-01-02 04:46:00,0,B3,BR2
2025-01-02 04:50:00,AGV_041,JOB_AGV_041_01020450,2025-01-02 04:54:00,2,B7,BR1
2025-01-02 04:55:00,AGV_012,JOB_AGV_012_01020455,2025-01-02 07:03:00,1,B5,BR1
2025-01-02 04:55:00,AGV_038,JOB_AGV_038_01020455,2025-01-02 05:36:00,0,B6,BR1
2025-01-02 04:55:00,AGV_061,JOB_AGV_061_01020455,2025-01-02 05:10:00,2,B1,BR4
2025-01-02 04:55:00,AGV_092,JOB_AGV_092_01020455,2025-01-02 05:26:00,1,B1,BR1
2025-01-02 04:55:00,AGV_115,JOB_AGV_115_01020455,2025-01-02 06:06:00,0,B6,BR3
2025-01-02 05:00:00,AGV_083,JOB_AGV_083_01020500,2025-01-02 06:02:00,1,B7,BR3
2025-01-02 05:00:00,AGV_123,JOB_AGV_123_01020500,2025-01-02 06:11:00,0,B6,BR3
2025-01-02 05:05:00,AGV_005,JOB_AGV_005_01020505,2025-01-02 05:47:00,0,B6,BR1
2025-01-02 05:05:00,AGV_023,JOB_AGV_023_01020505,2025-01-02 06:02:00,0,B6,BR2
2025-01-02 05:05:00,AGV_054,JOB_AGV_054_01020505,2025-01-02 05:28:00,2,B2,BR1
2025-01-02 05:05:00,AGV_080,JOB_AGV_080_01020505,2025-01-02 05:15:00,0,B1,BR1
2025-01-02 05:10:00,AGV_033,JOB_AGV_033_01020510,2025-01-02 06:27:00,0,B2,BR3
2025-01-02 05:10:00,AGV_049,JOB_AGV_049_01020510,2025-01-02 05:37:00,0,B2,BR2
2025-01-02 05:10:00,AGV_103,JOB_AGV_103_01020510,2025-01-02 05:32:00,1,B8,BR3
2025-01-02 05:15:00,AGV_072,JOB_AGV_072_01020515,2025-01-02 05:57:00,0,B6,BR4
2025-01-02 05:20:00,AGV_029,JOB_AGV_029_01020520,2025-01-02 05:53:00,0,B5,BR4
2025-01-02 05:20:00,AGV_041,JOB_AGV_041_01020520,2025-01-02 05:29:00,1,B8,BR1
2025-01-02 05:20:00,AGV_061,JOB_AGV_061_01020520,2025-01-02 05:42:00,1,B8,BR4
2025-01-02 05:25:00,AGV_116,JOB_AGV_116_01020525,2025-01-02 05:50:00,0,B5,BR4
2025-01-02 05:30:00,AGV_025,JOB_AGV_025_01020530,2025-01-02 05:42:00,2,B7,BR3
2025-01-02 05:30:00,AGV_032,JOB_AGV_032_01020530,2025-01-02 06:14:00,0,B8,BR2
2025-01-02 05:30:00,AGV_124,JOB_AGV_124_01020530,2025-01-02 05:47:00,1,B5,BR1
2025-01-02 05:35:00,AGV_023,JOB_AGV_023_01020535,2025-01-02 06:40:00,2,B5,BR1
2025-01-02 05:35:00,AGV_038,JOB_AGV_038_01020535,2025-01-02 06:13:00,0,B7,BR4
2025-01-02 05:35:00,AGV_041,JOB_AGV_041_01020535,2025-01-02 06:03:00,0,B5,BR2
2025-01-02 05:35:00,AGV_125,JOB_AGV_125_01020535,2025-01-02 05:41:00,0,B3,BR1
2025-01-02 05:40:00,AGV_046,JOB_AGV_046_01020540,2025-01-02 05:44:00,0,B1,BR1
2025-01-02 05:40:00,AGV_072,JOB_AGV_072_01020540,2025-01-02 08:01:00,0,B2,BR3
2025-01-02 05:45:00,AGV_013,JOB_AGV_013_01020545,2025-01-02 05:55:00,1,B3,BR1
2025-01-02 05:45:00,AGV_023,JOB_AGV_023_01020545,2025-01-02 06:42:00,2,B4,BR1
2025-01-02 05:45:00,AGV_054,JOB_AGV_054_01020545,2025-01-02 05:45:00,0,B7,BR4
2025-01-02 05:45:00,AGV_108,JOB_AGV_108_01020545,2025-01-02 06:06:00,1,B7,BR1
2025-01-02 05:50:00,AGV_124,JOB_AGV_124_01020550,2025-01-02 06:10:00,1,B4,BR3
2025-01-02 05:55:00,AGV_052,JOB_AGV_052_01020555,2025-01-02 06:01:00,0,B7,BR2
2025-01-02 06:00:00,AGV_011,JOB_AGV_011_01020600,2025-01-02 06:12:00,0,B3,BR2
2025-01-02 06:00:00,AGV_043,JOB_AGV_043_01020600,2025-01-02 06:32:00,1,B3,BR2
2025-01-02 06:00:00,AGV_049,JOB_AGV_049_01020600,2025-01-02 07:00:00,2,B7,BR2
2025-01-02 06:00:00,AGV_086,JOB_AGV_086_01020600,2025-01-02 06:11:00,1,B4,BR1
2025-01-02 06:05:00,AGV_046,JOB_AGV_046_01020605,2025-01-02 06:34:00,0,B5,BR1
2025-01-02 06:10:00,AGV_037,JOB_AGV_037_01020610,2025-01-02 09:15:00,2,B8,BR1
2025-01-02 06:10:00,AGV_125,JOB_AGV_125_01020610,2025-01-02 07:25:00,1,B6,BR4
2025-01-02 06:15:00,AGV_121,JOB_AGV_121_01020615,2025-01-02 06:41:00,1,B5,BR2
2025-01-02 06:20:00,AGV_033,JOB_AGV_033_01020620,2025-01-02 06:34:00,1,B7,BR1
2025-01-02 06:20:00,AGV_064,JOB_AGV_064_01020620,2025-01-02 07:05:00,0,B5,BR1
2025-01-02 06:25:00,AGV_021,JOB_AGV_021_01020625,2025-01-02 06:39:00,1,B5,BR4
2025-01-02 06:25:00,AGV_040,JOB_AGV_040_01020625,2025-01-02 06:29:00,0,B5,BR2
2025-01-02 06:25:00,AGV_072,JOB_AGV_072_01020625,2025-01-02 07:04:00,0,B4,BR1
2025-01-02 06:25:00,AGV_074,JOB_AGV_074_01020625,2025-01-02 06:40:00,0,B7,BR1
2025-01-02 06:25:00,AGV_076,JOB_AGV_076_01020625,2025-01-02 07:37:00,1,B7,BR4
2025-01-02 06:30:00,AGV_018,JOB_AGV_018_01020630,2025-01-02 07:38:00,2,B7,BR4
2025-01-02 06:30:00,AGV_024,JOB_AGV_024_01020630,2025-01-02 07:19:00,2,B8,BR2
2025-01-02 06:30:00,AGV_097,JOB_AGV_097_01020630,2025-01-02 07:04:00,0,B3,BR2
2025-01-02 06:30:00,AGV_110,JOB_AGV_110_01020630,2025-01-02 07:09:00,1,B1,BR2
2025-01-02 06:30:00,AGV_114,JOB_AGV_114_01020630,2025-01-02 06:55:00,0,B1,BR3
2025-01-02 06:35:00,AGV_087,JOB_AGV_087_01020635,2025-01-02 06:48:00,2,B1,BR4
2025-01-02 06:40:00,AGV_057,JOB_AGV_057_01020640,2025-01-02 06:52:00,1,B1,BR2
2025-01-02 06:40:00,AGV_079,JOB_AGV_079_01020640,2025-01-02 07:21:00,0,B5,BR2
2025-01-02 06:40:00,AGV_119,JOB_AGV_119_01020640,2025-01-02 07:00:00,2,B3,BR4
2025-01-02 06:45:00,AGV_024,JOB_AGV_024_01020645,2025-01-02 08:20:00,0,B4,BR4
2025-01-02 06:45:00,AGV_060,JOB_AGV_060_01020645,2025-01-02 08:45:00,1,B4,BR2
2025-01-02 06:45:00,AGV_068,JOB_AGV_068_01020645,2025-01-02 07:15:00,1,B1,BR4
2025-01-02 06:45:00,AGV_093,JOB_AGV_093_01020645,2025-01-02 07:52:00,2,B7,BR3
2025-01-02 06:50:00,AGV_093,JOB_AGV_093_01020650,2025-01-02 07:45:00,2,B4,BR3
2025-01-02 06:55:00,AGV_054,JOB_AGV_054_01020655,2025-01-02 09:04:00,0,B5,BR4
2025-01-02 06:55:00,AGV_071,JOB_AGV_071_01020655,2025-01-02 07:15:00,1,B5,BR1
2025-01-02 07:00:00,AGV_001,JOB_AGV_001_01020700,2025-01-02 07:01:00,0,B7,BR2
2025-01-02 07:00:00,AGV_020,JOB_AGV_020_01020700,2025-01-02 07:10:00,0,B8,BR1
2025-01-02 07:00:00,AGV_032,JOB_AGV_032_01020700,2025-01-02 07:33:00,0,B1,BR2
2025-01-02 07:05:00,AGV_070,JOB_AGV_070_01020705,2025-01-02 07:48:00,0,B5,BR1
2025-01-02 07:05:00,AGV_071,JOB_AGV_071_01020705,2025-01-02 07:23:00,0,B1,BR3
2025-01-02 07:05:00,AGV_128,JOB_AGV_128_01020705,2025-01-02 07:10:00,2,B5,BR3
2025-01-02 07:05:00,AGV_129,JOB_AGV_129_01020705,2025-01-02 07:15:00,0,B8,BR1
2025-01-02 07:10:00,AGV_047,JOB_AGV_047_01020710,2025-01-02 07:30:00,0,B2,BR4
2025-01-02 07:15:00,AGV_050,JOB_AGV_050_01020715,2025-01-02 08:32:00,0,B3,BR2
2025-01-02 07:15:00,AGV_089,JOB_AGV_089_01020715,2025-01-02 07:15:00,0,B7,BR4
2025-01-02 07:20:00,AGV_004,JOB_AGV_004_01020720,2025-01-02 07:52:00,2,B8,BR1
2025-01-02 07:20:00,AGV_079,JOB_AGV_079_01020720,2025-01-02 08:19:00,0,B8,BR1
2025-01-02 07:25:00,AGV_115,JOB_AGV_115_01020725,2025-01-02 07:36:00,0,B6,BR3
2025-01-02 07:25:00,AGV_116,JOB_AGV_116_01020725,2025-01-02 07:54:00,1,B8,BR1
2025-01-02 07:25:00,AGV_124,JOB_AGV_124_01020725,2025-01-02 07:49:00,0,B3,BR2
2025-01-02 07:30:00,AGV_056,JOB_AGV_056_01020730,2025-01-02 08:09:00,1,B6,BR4
2025-01-02 07:30:00,AGV_079,JOB_AGV_079_01020730,2025-01-02 08:08:00,0,B7,BR4
2025-01-02 07:30:00,AGV_095,JOB_AGV_095_01020730,2025-01-02 11:05:00,0,B3,BR3
2025-01-02 07:35:00,AGV_005,JOB_AGV_005_01020735,2025-01-02 07:57:00,0,B3,BR3
2025-01-02 07:35:00,AGV_022,JOB_AGV_022_01020735,2025-01-02 09:58:00,1,B3,BR2
2025-01-02 07:35:00,AGV_068,JOB_AGV_068_01020735,2025-01-02 07:44:00,0,B8,BR3
2025-01-02 07:35:00,AGV_078,JOB_AGV_078_01020735,2025-01-02 08:31:00,2,B4,BR3
2025-01-02 07:40:00,AGV_055,JOB_AGV_055_01020740,2025-01-02 08:04:00,0,B7,BR2
2025-01-02 07:45:00,AGV_007,JOB_AGV_007_01020745,2025-01-02 08:20:00,0,B1,BR2
2025-01-02 07:45:00,AGV_048,JOB_AGV_048_01020745,2025-01-02 08:12:00,1,B3,BR4
2025-01-02 07:45:00,AGV_082,JOB_AGV_082_01020745,2025-01-02 08:28:00,1,B1,BR1
2025-01-02 07:45:00,AGV_091,JOB_AGV_091_01020745,2025-01-02 07:56:00,1,B2,BR3
2025-01-02 07:50:00,AGV_074,JOB_AGV_074_01020750,2025-01-02 10:01:00,1,B3,BR4
2025-01-02 07:50:00,AGV_094,JOB_AGV_094_01020750,2025-01-02 09:28:00,2,B2,BR2
2025-01-02 07:50:00,AGV_118,JOB_AGV_118_01020750,2025-01-02 09:14:00,0,B4,BR3
2025-01-02 07:50:00,AGV_125,JOB_AGV_125_01020750,2025-01-02 07:54:00,2,B4,BR3
2025-01-02 07:55:00,AGV_006,JOB_AGV_006_01020755,2025-01-02 10:17:00,0,B4,BR3
2025-01-02 07:55:00,AGV_036,JOB_AGV_036_01020755,2025-01-02 08:08:00,0,B5,BR4
2025-01-02 07:55:00,AGV_100,JOB_AGV_100_01020755,2025-01-02 10:13:00,0,B7,BR4
2025-01-02 07:55:00,AGV_114,JOB_AGV_114_01020755,2025-01-02 08:31:00,1,B5,BR4
2025-01-02 07:55:00,AGV_118,JOB_AGV_118_01020755,2025-01-02 08:11:00,0,B5,BR4
2025-01-02 08:00:00,AGV_065,JOB_AGV_065_01020800,2025-01-02 09:42:00,0,B2,BR2
2025-01-02 08:00:00,AGV_094,JOB_AGV_094_01020800,2025-01-02 08:38:00,0,B1,BR3
2025-01-02 08:10:00,AGV_059,JOB_AGV_059_01020810,2025-01-02 11:54:00,0,B2,BR4
2025-01-02 08:10:00,AGV_123,JOB_AGV_123_01020810,2025-01-02 08:27:00,0,B8,BR1
2025-01-02 08:15:00,AGV_013,JOB_AGV_013_01020815,2025-01-02 08:48:00,2,B6,BR1
2025-01-02 08:15:00,AGV_023,JOB_AGV_023_01020815,2025-01-02 09:11:00,0,B5,BR3
2025-01-02 08:20:00,AGV_016,JOB_AGV_016_01020820,2025-01-02 08:52:00,1,B4,BR3
2025-01-02 08:20:00,AGV_095,JOB_AGV_095_01020820,2025-01-02 09:03:00,1,B6,BR4
2025-01-02 08:20:00,AGV_097,JOB_AGV_097_01020820,2025-01-02 09:24:00,0,B3,BR3
2025-01-02 08:25:00,AGV_051,JOB_AGV_051_01020825,2025-01-02 08:54:00,1,B5,BR1
2025-01-02 08:25:00,AGV_112,JOB_AGV_112_01020825,2025-01-02 09:11:00,1,B8,BR1
2025-01-02 08:25:00,AGV_119,JOB_AGV_119_01020825,2025-01-02 08:39:00,0,B6,BR3
2025-01-02 08:35:00,AGV_076,JOB_AGV_076_01020835,2025-01-02 09:22:00,1,B4,BR2
2025-01-02 08:35:00,AGV_117,JOB_AGV_117_01020835,2025-01-02 09:43:00,0,B3,BR2
2025-01-02 08:40:00,AGV_019,JOB_AGV_019_01020840,2025-01-02 10:00:00,1,B5,BR2
2025-01-02 08:40:00,AGV_106,JOB_AGV_106_01020840,2025-01-02 09:43:00,0,B4,BR1
2025-01-02 08:45:00,AGV_084,JOB_AGV_084_01020845,2025-01-02 09:00:00,0,B6,BR1
2025-01-02 08:45:00,AGV_091,JOB_AGV_091_01020845,2025-01-02 09:12:00,0,B3,BR1
2025-01-02 08:55:00,AGV_052,JOB_AGV_052_01020855,2025-01-02 08:57:00,0,B4,BR4
2025-01-02 08:55:00,AGV_061,JOB_AGV_061_01020855,2025-01-02 08:57:00,0,B1,BR3
2025-01-02 08:55:00,AGV_099,JOB_AGV_099_01020855,2025-01-02 09:34:00,1,B7,BR2
2025-01-02 09:00:00,AGV_003,JOB_AGV_003_01020900,2025-01-02 09:06:00,2,B2,BR3
2025-01-02 09:00:00,AGV_028,JOB_AGV_028_01020900,2025-01-02 10:05:00,1,B5,BR4
2025-01-02 09:05:00,AGV_014,JOB_AGV_014_01020905,2025-01-02 10:47:00,0,B3,BR4
2025-01-02 09:05:00,AGV_033,JOB_AGV_033_01020905,2025-01-02 10:38:00,0,B7,BR3
2025-01-02 09:05:00,AGV_104,JOB_AGV_104_01020905,2025-01-02 09:45:00,0,B4,BR3
2025-01-02 09:05:00,AGV_123,JOB_AGV_123_01020905,2025-01-02 09:35:00,1,B2,BR4
2025-01-02 09:10:00,AGV_025,JOB_AGV_025_01020910,2025-01-02 09:14:00,1,B4,BR4
2025-01-02 09:10:00,AGV_085,JOB_AGV_085_01020910,2025-01-02 09:18:00,0,B8,BR2
2025-01-02 09:10:00,AGV_100,JOB_AGV_100_01020910,2025-01-02 09:19:00,0,B4,BR3
2025-01-02 09:15:00,AGV_035,JOB_AGV_035_01020915,2025-01-02 09:15:00,1,B3,BR4
2025-01-02 09:15:00,AGV_123,JOB_AGV_123_01020915,2025-01-02 09:39:00,0,B3,BR4
2025-01-02 09:20:00,AGV_014,JOB_AGV_014_01020920,2025-01-02 10:12:00,0,B1,BR2
2025-01-02 09:25:00,AGV_080,JOB_AGV_080_01020925,2025-01-02 09:28:00,0,B3,BR4
2025-01-02 09:30:00,AGV_033,JOB_AGV_033_01020930,2025-01-02 09:49:00,0,B7,BR4
2025-01-02 09:30:00,AGV_082,JOB_AGV_082_01020930,2025-01-02 09:31:00,0,B4,BR3
2025-01-02 09:30:00,AGV_089,JOB_AGV_089_01020930,2025-01-02 09:45:00,0,B3,BR3
2025-01-02 09:30:00,AGV_098,JOB_AGV_098_01020930,2025-01-02 10:34:00,0,B5,BR4
2025-01-02 09:30:00,AGV_100,JOB_AGV_100_01020930,2025-01-02 09:57:00,1,B2,BR3
2025-01-02 09:35:00,AGV_007,JOB_AGV_007_01020935,2025-01-02 10:25:00,0,B5,BR1
2025-01-02 09:35:00,AGV_017,JOB_AGV_017_01020935,2025-01-02 09:37:00,0,B5,BR3
2025-01-02 09:35:00,AGV_029,JOB_AGV_029_01020935,2025-01-02 11:15:00,2,B8,BR4
2025-01-02 09:35:00,AGV_030,JOB_AGV_030_01020935,2025-01-02 09:49:00,0,B5,BR4
2025-01-02 09:35:00,AGV_033,JOB_AGV_033_01020935,2025-01-02 09:50:00,0,B5,BR3
2025-01-02 09:35:00,AGV_041,JOB_AGV_041_01020935,2025-01-02 09:47:00,1,B8,BR4
2025-01-02 09:35:00,AGV_103,JOB_AGV_103_01020935,2025-01-02 11:14:00,0,B6,BR1
2025-01-02 09:35:00,AGV_120,JOB_AGV_120_01020935,2025-01-02 10:04:00,0,B8,BR1
2025-01-02 09:40:00,AGV_038,JOB_AGV_038_01020940,2025-01-02 10:16:00,0,B8,BR4
2025-01-02 09:40:00,AGV_067,JOB_AGV_067_01020940,2025-01-02 09:41:00,0,B6,BR4
2025-01-02 09:40:00,AGV_111,JOB_AGV_111_01020940,2025-01-02 09:55:00,0,B3,BR4
2025-01-02 09:45:00,AGV_035,JOB_AGV_035_01020945,2025-01-02 10:05:00,1,B3,BR3
2025-01-02 09:45:00,AGV_039,JOB_AGV_039_01020945,2025-01-02 10:54:00,0,B4,BR2
2025-01-02 09:45:00,AGV_048,JOB_AGV_048_01020945,2025-01-02 09:47:00,1,B6,BR4
2025-01-02 09:45:00,AGV_060,JOB_AGV_060_01020945,2025-01-02 10:15:00,0,B5,BR1
2025-01-02 09:45:00,AGV_116,JOB_AGV_116_01020945,2025-01-02 10:37:00,0,B8,BR4
2025-01-02 09:45:00,AGV_130,JOB_AGV_130_01020945,2025-01-02 09:55:00,0,B2,BR3
2025-01-02 09:50:00,AGV_017,JOB_AGV_017_01020950,2025-01-02 11:50:00,0,B4,BR2
2025-01-02 09:50:00,AGV_126,JOB_AGV_126_01020950,2025-01-02 10:06:00,0,B4,BR2
2025-01-02 09:55:00,AGV_003,JOB_AGV_003_01020955,2025-01-02 10:13:00,1,B7,BR2
2025-01-02 09:55:00,AGV_025,JOB_AGV_025_01020955,2025-01-02 10:01:00,0,B6,BR1
2025-01-02 09:55:00,AGV_047,JOB_AGV_047_01020955,2025-01-02 10:03:00,2,B7,BR4
2025-01-02 09:55:00,AGV_076,JOB_AGV_076_01020955,2025-01-02 10:08:00,0,B1,BR3
2025-01-02 09:55:00,AGV_077,JOB_AGV_077_01020955,2025-01-02 09:57:00,2,B8,BR3
2025-01-02 10:00:00,AGV_118,JOB_AGV_118_01021000,2025-01-02 11:09:00,0,B7,BR3
2025-01-02 10:05:00,AGV_026,JOB_AGV_026_01021005,2025-01-02 11:38:00,2,B3,BR3
2025-01-02 10:05:00,AGV_035,JOB_AGV_035_01021005,2025-01-02 10:09:00,1,B4,BR4
2025-01-02 10:05:00,AGV_047,JOB_AGV_047_01021005,2025-01-02 10:40:00,1,B7,BR3
2025-01-02 10:10:00,AGV_021,JOB_AGV_021_01021010,2025-01-02 10:55:00,1,B5,BR1
2025-01-02 10:10:00,AGV_125,JOB_AGV_125_01021010,2025-01-02 10:48:00,1,B4,BR4
2025-01-02 10:15:00,AGV_079,JOB_AGV_079_01021015,2025-01-02 10:27:00,1,B7,BR1
2025-01-02 10:20:00,AGV_017,JOB_AGV_017_01021020,2025-01-02 11:43:00,2,B4,BR2
2025-01-02 10:20:00,AGV_028,JOB_AGV_028_01021020,2025-01-02 10:42:00,0,B4,BR2
2025-01-02 10:20:00,AGV_072,JOB_AGV_072_01021020,2025-01-02 10:28:00,1,B6,BR1
2025-01-02 10:25:00,AGV_001,JOB_AGV_001_01021025,2025-01-02 10:45:00,1,B5,BR1
2025-01-02 10:25:00,AGV_022,JOB_AGV_022_01021025,2025-01-02 10:38:00,0,B8,BR4
2025-01-02 10:25:00,AGV_077,JOB_AGV_077_01021025,2025-01-02 10:32:00,0,B8,BR4
2025-01-02 10:25:00,AGV_096,JOB_AGV_096_01021025,2025-01-02 10:28:00,1,B3,BR1
2025-01-02 10:30:00,AGV_002,JOB_AGV_002_01021030,2025-01-02 10:45:00,0,B1,BR2
2025-01-02 10:30:00,AGV_019,JOB_AGV_019_01021030,2025-01-02 11:16:00,1,B8,BR2
2025-01-02 10:30:00,AGV_042,JOB_AGV_042_01021030,2025-01-02 10:36:00,2,B7,BR3
2025-01-02 10:30:00,AGV_043,JOB_AGV_043_01021030,2025-01-02 11:32:00,2,B6,BR1
2025-01-02 10:30:00,AGV_068,JOB_AGV_068_01021030,2025-01-02 11:27:00,2,B3,BR1
2025-01-02 10:30:00,AGV_079,JOB_AGV_079_01021030,2025-01-02 10:53:00,1,B8,BR2
2025-01-02 10:30:00,AGV_095,JOB_AGV_095_01021030,2025-01-02 10:53:00,0,B2,BR4
2025-01-02 10:30:00,AGV_098,JOB_AGV_098_01021030,2025-01-02 10:35:00,0,B1,BR3
2025-01-02 10:30:00,AGV_102,JOB_AGV_102_01021030,2025-01-02 11:26:00,1,B4,BR4
2025-01-02 10:35:00,AGV_050,JOB_AGV_050_01021035,2025-01-02 10:39:00,0,B1,BR2
2025-01-02 10:35:00,AGV_060,JOB_AGV_060_01021035,2025-01-02 11:47:00,1,B5,BR1
2025-01-02 10:35:00,AGV_111,JOB_AGV_111_01021035,2025-01-02 11:18:00,1,B6,BR2
2025-01-02 10:40:00,AGV_091,JOB_AGV_091_01021040,2025-01-02 11:22:00,2,B4,BR3
2025-01-02 10:40:00,AGV_094,JOB_AGV_094_01021040,2025-01-02 12:22:00,1,B2,BR4
2025-01-02 10:45:00,AGV_031,JOB_AGV_031_01021045,2025-01-02 11:16:00,0,B8,BR1
2025-01-02 10:45:00,AGV_054,JOB_AGV_054_01021045,2025-01-02 11:21:00,1,B2,BR1
2025-01-02 10:45:00,AGV_091,JOB_AGV_091_01021045,2025-01-02 11:10:00,1,B1,BR4
2025-01-02 10:50:00,AGV_056,JOB_AGV_056_01021050,2025-01-02 10:55:00,0,B5,BR3
2025-01-02 10:55:00,AGV_006,JOB_AGV_006_01021055,2025-01-02 10:57:00,1,B8,BR3
2025-01-02 10:55:00,AGV_032,JOB_AGV_032_01021055,2025-01-02 11:23:00,2,B6,BR1
2025-01-02 10:55:00,AGV_038,JOB_AGV_038_01021055,2025-01-02 11:07:00,2,B1,BR4
2025-01-02 10:55:00,AGV_098,JOB_AGV_098_01021055,2025-01-02 11:08:00,0,B7,BR2
2025-01-02 11:00:00,AGV_061,JOB_AGV_061_01021100,2025-01-02 11:20:00,1,B7,BR3
2025-01-02 11:00:00,AGV_095,JOB_AGV_095_01021100,2025-01-02 12:22:00,0,B2,BR3
2025-01-02 11:00:00,AGV_109,JOB_AGV_109_01021100,2025-01-02 11:26:00,1,B2,BR1
2025-01-02 11:00:00,AGV_123,JOB_AGV_123_01021100,2025-01-02 11:45:00,1,B7,BR2
2025-01-02 11:05:00,AGV_053,JOB_AGV_053_01021105,2025-01-02 11:59:00,0,B6,BR3
2025-01-02 11:10:00,AGV_063,JOB_AGV_063_01021110,2025-01-02 11:12:00,0,B4,BR2
2025-01-02 11:10:00,AGV_112,JOB_AGV_112_01021110,2025-01-02 11:17:00,2,B5,BR1
2025-01-02 11:10:00,AGV_119,JOB_AGV_119_01021110,2025-01-02 12:14:00,0,B2,BR1
2025-01-02 11:15:00,AGV_057,JOB_AGV_057_01021115,2025-01-02 11:20:00,0,B4,BR4
2025-01-02 11:15:00,AGV_103,JOB_AGV_103_01021115,2025-01-02 11:18:00,1,B2,BR1
2025-01-02 11:15:00,AGV_104,JOB_AGV_104_01021115,2025-01-02 11:20:00,0,B3,BR4
2025-01-02 11:15:00,AGV_125,JOB_AGV_125_01021115,2025-01-02 11:15:00,0,B1,BR3
2025-01-02 11:20:00,AGV_029,JOB_AGV_029_01021120,2025-01-02 11:36:00,1,B2,BR2
2025-01-02 11:25:00,AGV_006,JOB_AGV_006_01021125,2025-01-02 12:29:00,0,B6,BR1
2025-01-02 11:25:00,AGV_074,JOB_AGV_074_01021125,2025-01-02 11:30:00,0,B3,BR3
2025-01-02 11:25:00,AGV_080,JOB_AGV_080_01021125,2025-01-02 13:35:00,1,B8,BR4
2025-01-02 11:25:00,AGV_115,JOB_AGV_115_01021125,2025-01-02 11:30:00,0,B7,BR2
2025-01-02 11:25:00,AGV_127,JOB_AGV_127_01021125,2025-01-02 11:56:00,0,B2,BR1
2025-01-02 11:30:00,AGV_002,JOB_AGV_002_01021130,2025-01-02 11:41:00,0,B4,BR2
2025-01-02 11:30:00,AGV_037,JOB_AGV_037_01021130,2025-01-02 11:51:00,2,B8,BR4
2025-01-02 11:30:00,AGV_051,JOB_AGV_051_01021130,2025-01-02 11:34:00,0,B6,BR1
2025-01-02 11:30:00,AGV_104,JOB_AGV_104_01021130,2025-01-02 12:35:00,0,B7,BR3
2025-01-02 11:35:00,AGV_029,JOB_AGV_029_01021135,2025-01-02 13:09:00,1,B6,BR1
2025-01-02 11:35:00,AGV_048,JOB_AGV_048_01021135,2025-01-02 11:36:00,1,B5,BR3
2025-01-02 11:35:00,AGV_090,JOB_AGV_090_01021135,2025-01-02 13:09:00,2,B6,BR1
2025-01-02 11:35:00,AGV_095,JOB_AGV_095_01021135,2025-01-02 11:44:00,0,B3,BR4
2025-01-02 11:40:00,AGV_017,JOB_AGV_017_01021140,2025-01-02 12:07:00,0,B1,BR1
2025-01-02 11:40:00,AGV_038,JOB_AGV_038_01021140,2025-01-02 12:00:00,1,B7,BR4
2025-01-02 11:40:00,AGV_107,JOB_AGV_107_01021140,2025-01-02 11:53:00,1,B7,BR3
2025-01-02 11:40:00,AGV_121,JOB_AGV_121_01021140,2025-01-02 11:46:00,2,B4,BR1
2025-01-02 11:45:00,AGV_074,JOB_AGV_074_01021145,2025-01-02 12:15:00,1,B8,BR3
2025-01-02 11:45:00,AGV_099,JOB_AGV_099_01021145,2025-01-02 12:04:00,1,B6,BR2
2025-01-02 11:45:00,AGV_119,JOB_AGV_119_01021145,2025-01-02 11:47:00,0,B6,BR1
2025-01-02 11:50:00,AGV_011,JOB_AGV_011_01021150,2025-01-02 13:38:00,0,B2,BR2
2025-01-02 11:50:00,AGV_015,JOB_AGV_015_01021150,2025-01-02 11:57:00,1,B7,BR1
2025-01-02 11:50:00,AGV_051,JOB_AGV_051_01021150,2025-01-02 13:02:00,1,B3,BR4
2025-01-02 11:50:00,AGV_105,JOB_AGV_105_01021150,2025-01-02 11:56:00,1,B4,BR4
2025-01-02 11:50:00,AGV_108,JOB_AGV_108_01021150,2025-01-02 12:15:00,1,B7,BR1
2025-01-02 11:55:00,AGV_055,JOB_AGV_055_01021155,2025-01-02 12:01:00,1,B1,BR2
2025-01-02 11:55:00,AGV_088,JOB_AGV_088_01021155,2025-01-02 12:09:00,0,B5,BR3
2025-01-02 11:55:00,AGV_089,JOB_AGV_089_01021155,2025-01-02 11:57:00,0,B4,BR4
2025-01-02 11:55:00,AGV_128,JOB_AGV_128_01021155,2025-01-02 13:01:00,1,B4,BR2
2025-01-02 12:00:00,AGV_014,JOB_AGV_014_01021200,2025-01-02 12:38:00,1,B8,BR3
2025-01-02 12:00:00,AGV_060,JOB_AGV_060_01021200,2025-01-02 12:11:00,0,B4,BR3
2025-01-02 12:05:00,AGV_020,JOB_AGV_020_01021205,2025-01-02 12:47:00,1,B2,BR3
2025-01-02 12:05:00,AGV_050,JOB_AGV_050_01021205,2025-01-02 12:06:00,1,B6,BR1
2025-01-02 12:05:00,AGV_090,JOB_AGV_090_01021205,2025-01-02 12:21:00,1,B1,BR1
2025-01-02 12:05:00,AGV_104,JOB_AGV_104_01021205,2025-01-02 13:51:00,1,B3,BR1
2025-01-02 12:10:00,AGV_068,JOB_AGV_068_01021210,2025-01-02 12:42:00,2,B4,BR4
2025-01-02 12:10:00,AGV_081,JOB_AGV_081_01021210,2025-01-02 12:20:00,0,B2,BR1
2025-01-02 12:10:00,AGV_118,JOB_AGV_118_01021210,2025-01-02 13:29:00,2,B3,BR4
2025-01-02 12:10:00,AGV_126,JOB_AGV_126_01021210,2025-01-02 12:49:00,0,B8,BR1
2025-01-02 12:15:00,AGV_012,JOB_AGV_012_01021215,2025-01-02 12:19:00,0,B4,BR1
2025-01-02 12:15:00,AGV_072,JOB_AGV_072_01021215,2025-01-02 12:17:00,0,B1,BR3
2025-01-02 12:20:00,AGV_096,JOB_AGV_096_01021220,2025-01-02 13:47:00,0,B1,BR2
2025-01-02 12:20:00,AGV_102,JOB_AGV_102_01021220,2025-01-02 14:31:00,1,B7,BR4
2025-01-02 12:20:00,AGV_106,JOB_AGV_106_01021220,2025-01-02 12:37:00,0,B6,BR4
2025-01-02 12:30:00,AGV_113,JOB_AGV_113_01021230,2025-01-02 12:50:00,0,B6,BR2
2025-01-02 12:35:00,AGV_003,JOB_AGV_003_01021235,2025-01-02 13:28:00,2,B4,BR1
2025-01-02 12:35:00,AGV_023,JOB_AGV_023_01021235,2025-01-02 12:49:00,0,B4,BR3
2025-01-02 12:35:00,AGV_039,JOB_AGV_039_01021235,2025-01-02 13:09:00,0,B6,BR3
2025-01-02 12:35:00,AGV_074,JOB_AGV_074_01021235,2025-01-02 12:41:00,1,B1,BR2
2025-01-02 12:40:00,AGV_045,JOB_AGV_045_01021240,2025-01-02 12:41:00,0,B5,BR3
2025-01-02 12:40:00,AGV_073,JOB_AGV_073_01021240,2025-01-02 13:37:00,1,B1,BR3
2025-01-02 12:45:00,AGV_017,JOB_AGV_017_01021245,2025-01-02 12:45:00,2,B6,BR2
2025-01-02 12:55:00,AGV_099,JOB_AGV_099_01021255,2025-01-02 13:14:00,1,B3,BR3
2025-01-02 13:00:00,AGV_069,JOB_AGV_069_01021300,2025-01-02 13:44:00,1,B4,BR3
2025-01-02 13:00:00,AGV_075,JOB_AGV_075_01021300,2025-01-02 14:15:00,0,B5,BR1
2025-01-02 13:05:00,AGV_073,JOB_AGV_073_01021305,2025-01-02 13:08:00,1,B7,BR2
2025-01-02 13:05:00,AGV_115,JOB_AGV_115_01021305,2025-01-02 13:06:00,2,B3,BR1
2025-01-02 13:05:00,AGV_126,JOB_AGV_126_01021305,2025-01-02 13:53:00,0,B2,BR1
2025-01-02 13:10:00,AGV_038,JOB_AGV_038_01021310,2025-01-02 13:11:00,0,B5,BR1
2025-01-02 13:10:00,AGV_101,JOB_AGV_101_01021310,2025-01-02 13:17:00,0,B6,BR4
2025-01-02 13:20:00,AGV_012,JOB_AGV_012_01021320,2025-01-02 14:40:00,0,B6,BR1
2025-01-02 13:20:00,AGV_032,JOB_AGV_032_01021320,2025-01-02 14:03:00,0,B7,BR3
2025-01-02 13:20:00,AGV_052,JOB_AGV_052_01021320,2025-01-02 13:46:00,0,B3,BR1
2025-01-02 13:25:00,AGV_030,JOB_AGV_030_01021325,2025-01-02 13:46:00,0,B7,BR2
2025-01-02 13:25:00,AGV_058,JOB_AGV_058_01021325,2025-01-02 13:36:00,0,B4,BR1
2025-01-02 13:25:00,AGV_083,JOB_AGV_083_01021325,2025-01-02 16:26:00,0,B4,BR4
2025-01-02 13:25:00,AGV_113,JOB_AGV_113_01021325,2025-01-02 14:01:00,0,B6,BR3
2025-01-02 13:25:00,AGV_119,JOB_AGV_119_01021325,2025-01-02 13:33:00,0,B6,BR1
2025-01-02 13:30:00,AGV_036,JOB_AGV_036_01021330,2025-01-02 13:39:00,0,B8,BR3
2025-01-02 13:35:00,AGV_026,JOB_AGV_026_01021335,2025-01-02 14:01:00,0,B3,BR4
2025-01-02 13:35:00,AGV_118,JOB_AGV_118_01021335,2025-01-02 15:23:00,0,B7,BR2
2025-01-02 13:40:00,AGV_051,JOB_AGV_051_01021340,2025-01-02 13:47:00,1,B1,BR4
2025-01-02 13:40:00,AGV_057,JOB_AGV_057_01021340,2025-01-02 14:48:00,1,B3,BR3
2025-01-02 13:40:00,AGV_077,JOB_AGV_077_01021340,2025-01-02 13:56:00,0,B8,BR2
2025-01-02 13:40:00,AGV_099,JOB_AGV_099_01021340,2025-01-02 14:03:00,0,B3,BR2
2025-01-02 13:40:00,AGV_119,JOB_AGV_119_01021340,2025-01-02 13:41:00,0,B6,BR3
2025-01-02 13:45:00,AGV_100,JOB_AGV_100_01021345,2025-01-02 14:47:00,1,B8,BR4
2025-01-02 13:45:00,AGV_121,JOB_AGV_121_01021345,2025-01-02 13:55:00,1,B4,BR1
2025-01-02 13:50:00,AGV_037,JOB_AGV_037_01021350,2025-01-02 14:08:00,0,B2,BR2
2025-01-02 13:50:00,AGV_047,JOB_AGV_047_01021350,2025-01-02 15:23:00,0,B1,BR1
2025-01-02 13:50:00,AGV_078,JOB_AGV_078_01021350,2025-01-02 14:21:00,0,B6,BR4
2025-01-02 13:50:00,AGV_092,JOB_AGV_092_01021350,2025-01-02 13:53:00,1,B6,BR1
2025-01-02 13:50:00,AGV_102,JOB_AGV_102_01021350,2025-01-02 15:33:00,0,B4,BR2
2025-01-02 13:55:00,AGV_022,JOB_AGV_022_01021355,2025-01-02 13:56:00,1,B2,BR4
2025-01-02 13:55:00,AGV_050,JOB_AGV_050_01021355,2025-01-02 15:16:00,0,B5,BR3
2025-01-02 13:55:00,AGV_052,JOB_AGV_052_01021355,2025-01-02 15:17:00,2,B3,BR4
2025-01-02 13:55:00,AGV_057,JOB_AGV_057_01021355,2025-01-02 13:57:00,1,B4,BR1
2025-01-02 14:05:00,AGV_010,JOB_AGV_010_01021405,2025-01-02 14:18:00,1,B1,BR3
2025-01-02 14:10:00,AGV_022,JOB_AGV_022_01021410,2025-01-02 14:19:00,0,B5,BR3
2025-01-02 14:15:00,AGV_004,JOB_AGV_004_01021415,2025-01-02 14:15:00,0,B2,BR2
2025-01-02 14:15:00,AGV_038,JOB_AGV_038_01021415,2025-01-02 14:22:00,0,B6,BR2
2025-01-02 14:15:00,AGV_040,JOB_AGV_040_01021415,2025-01-02 14:37:00,0,B1,BR2
2025-01-02 14:20:00,AGV_012,JOB_AGV_012_01021420,2025-01-02 15:01:00,1,B8,BR3
2025-01-02 14:20:00,AGV_015,JOB_AGV_015_01021420,2025-01-02 14:47:00,1,B2,BR3
2025-01-02 14:20:00,AGV_062,JOB_AGV_062_01021420,2025-01-02 14:41:00,1,B8,BR1
2025-01-02 14:25:00,AGV_008,JOB_AGV_008_01021425,2025-01-02 14:45:00,0,B5,BR2
2025-01-02 14:25:00,AGV_017,JOB_AGV_017_01021425,2025-01-02 14:26:00,1,B6,BR3
2025-01-02 14:25:00,AGV_085,JOB_AGV_085_01021425,2025-01-02 17:20:00,0,B4,BR2
2025-01-02 14:25:00,AGV_109,JOB_AGV_109_01021425,2025-01-02 15:01:00,2,B6,BR4
2025-01-02 14:30:00,AGV_005,JOB_AGV_005_01021430,2025-01-02 14:42:00,1,B2,BR3
2025-01-02 14:30:00,AGV_058,JOB_AGV_058_01021430,2025-01-02 14:47:00,0,B4,BR4
2025-01-02 14:30:00,AGV_062,JOB_AGV_062_01021430,2025-01-02 14:30:00,2,B6,BR2
2025-01-02 14:30:00,AGV_069,JOB_AGV_069_01021430,2025-01-02 15:00:00,0,B5,BR3
2025-01-02 14:35:00,AGV_013,JOB_AGV_013_01021435,2025-01-02 15:16:00,2,B4,BR4
2025-01-02 14:35:00,AGV_124,JOB_AGV_124_01021435,2025-01-02 14:37:00,0,B2,BR4
2025-01-02 14:40:00,AGV_046,JOB_AGV_046_01021440,2025-01-02 14:59:00,1,B1,BR3
2025-01-02 14:45:00,AGV_087,JOB_AGV_087_01021445,2025-01-02 15:12:00,1,B2,BR3
2025-01-02 14:45:00,AGV_109,JOB_AGV_109_01021445,2025-01-02 15:05:00,0,B7,BR1
2025-01-02 14:50:00,AGV_087,JOB_AGV_087_01021450,2025-01-02 14:51:00,0,B2,BR4
2025-01-02 14:50:00,AGV_094,JOB_AGV_094_01021450,2025-01-02 15:08:00,1,B6,BR2
2025-01-02 14:50:00,AGV_119,JOB_AGV_119_01021450,2025-01-02 16:10:00,1,B5,BR1
2025-01-02 14:50:00,AGV_125,JOB_AGV_125_01021450,2025-01-02 16:03:00,0,B8,BR4
2025-01-02 14:55:00,AGV_005,JOB_AGV_005_01021455,2025-01-02 14:59:00,0,B3,BR2
2025-01-02 14:55:00,AGV_033,JOB_AGV_033_01021455,2025-01-02 14:57:00,0,B1,BR4
2025-01-02 14:55:00,AGV_038,JOB_AGV_038_01021455,2025-01-02 15:06:00,0,B8,BR3
2025-01-02 14:55:00,AGV_076,JOB_AGV_076_01021455,2025-01-02 15:11:00,0,B1,BR1
2025-01-02 14:55:00,AGV_079,JOB_AGV_079_01021455,2025-01-02 15:05:00,1,B1,BR1
2025-01-02 14:55:00,AGV_120,JOB_AGV_120_01021455,2025-01-02 15:01:00,0,B2,BR1
2025-01-02 15:00:00,AGV_013,JOB_AGV_013_01021500,2025-01-02 15:24:00,0,B3,BR4
2025-01-02 15:00:00,AGV_080,JOB_AGV_080_01021500,2025-01-02 17:27:00,2,B5,BR1
2025-01-02 15:05:00,AGV_004,JOB_AGV_004_01021505,2025-01-02 16:04:00,1,B8,BR1
2025-01-02 15:05:00,AGV_127,JOB_AGV_127_01021505,2025-01-02 15:31:00,0,B3,BR2
2025-01-02 15:10:00,AGV_014,JOB_AGV_014_01021510,2025-01-02 17:16:00,1,B6,BR2
2025-01-02 15:10:00,AGV_047,JOB_AGV_047_01021510,2025-01-02 16:42:00,0,B4,BR4
2025-01-02 15:10:00,AGV_083,JOB_AGV_083_01021510,2025-01-02 15:41:00,0,B8,BR1
2025-01-02 15:15:00,AGV_021,JOB_AGV_021_01021515,2025-01-02 15:18:00,0,B6,BR3
2025-01-02 15:15:00,AGV_058,JOB_AGV_058_01021515,2025-01-02 15:21:00,0,B7,BR3
2025-01-02 15:15:00,AGV_125,JOB_AGV_125_01021515,2025-01-02 15:44:00,2,B7,BR4
2025-01-02 15:20:00,AGV_011,JOB_AGV_011_01021520,2025-01-02 15:21:00,0,B5,BR3
2025-01-02 15:20:00,AGV_057,JOB_AGV_057_01021520,2025-01-02 16:08:00,1,B8,BR2
2025-01-02 15:30:00,AGV_017,JOB_AGV_017_01021530,2025-01-02 15:45:00,1,B6,BR2
2025-01-02 15:35:00,AGV_102,JOB_AGV_102_01021535,2025-01-02 16:48:00,0,B1,BR1
2025-01-02 15:40:00,AGV_013,JOB_AGV_013_01021540,2025-01-02 16:05:00,1,B2,BR1
2025-01-02 15:45:00,AGV_091,JOB_AGV_091_01021545,2025-01-02 15:48:00,1,B2,BR2
2025-01-02 15:50:00,AGV_110,JOB_AGV_110_01021550,2025-01-02 16:44:00,1,B3,BR1
2025-01-02 15:55:00,AGV_055,JOB_AGV_055_01021555,2025-01-02 16:05:00,2,B1,BR2
2025-01-02 15:55:00,AGV_076,JOB_AGV_076_01021555,2025-01-02 16:08:00,0,B4,BR2
2025-01-02 15:55:00,AGV_124,JOB_AGV_124_01021555,2025-01-02 16:00:00,0,B5,BR4
2025-01-02 16:00:00,AGV_012,JOB_AGV_012_01021600,2025-01-02 16:48:00,2,B2,BR3
2025-01-02 16:00:00,AGV_014,JOB_AGV_014_01021600,2025-01-02 16:28:00,0,B8,BR3
2025-01-02 16:00:00,AGV_017,JOB_AGV_017_01021600,2025-01-02 16:18:00,1,B2,BR1
2025-01-02 16:00:00,AGV_018,JOB_AGV_018_01021600,2025-01-02 16:06:00,1,B4,BR2
2025-01-02 16:00:00,AGV_049,JOB_AGV_049_01021600,2025-01-02 16:20:00,0,B8,BR1
2025-01-02 16:00:00,AGV_066,JOB_AGV_066_01021600,2025-01-02 17:46:00,0,B5,BR2
2025-01-02 16:00:00,AGV_090,JOB_AGV_090_01021600,2025-01-02 16:45:00,1,B7,BR4
2025-01-02 16:00:00,AGV_095,JOB_AGV_095_01021600,2025-01-02 16:42:00,2,B5,BR2
2025-01-02 16:05:00,AGV_023,JOB_AGV_023_01021605,2025-01-02 16:29:00,0,B4,BR3
2025-01-02 16:05:00,AGV_052,JOB_AGV_052_01021605,2025-01-02 16:43:00,0,B2,BR3
2025-01-02 16:15:00,AGV_082,JOB_AGV_082_01021615,2025-01-02 17:45:00,0,B1,BR3
2025-01-02 16:15:00,AGV_086,JOB_AGV_086_01021615,2025-01-02 16:17:00,0,B6,BR2
2025-01-02 16:15:00,AGV_107,JOB_AGV_107_01021615,2025-01-02 16:32:00,0,B4,BR1
2025-01-02 16:15:00,AGV_123,JOB_AGV_123_01021615,2025-01-02 16:45:00,1,B7,BR2
2025-01-02 16:20:00,AGV_012,JOB_AGV_012_01021620,2025-01-02 16:24:00,0,B1,BR3
2025-01-02 16:20:00,AGV_029,JOB_AGV_029_01021620,2025-01-02 16:53:00,1,B1,BR3
2025-01-02 16:20:00,AGV_033,JOB_AGV_033_01021620,2025-01-02 16:28:00,1,B2,BR3
2025-01-02 16:20:00,AGV_081,JOB_AGV_081_01021620,2025-01-02 16:37:00,0,B4,BR1
2025-01-02 16:20:00,AGV_090,JOB_AGV_090_01021620,2025-01-02 16:20:00,1,B3,BR3
2025-01-02 16:20:00,AGV_096,JOB_AGV_096_01021620,2025-01-02 16:48:00,0,B6,BR3
2025-01-02 16:20:00,AGV_101,JOB_AGV_101_01021620,2025-01-02 17:10:00,0,B8,BR2
2025-01-02 16:25:00,AGV_044,JOB_AGV_044_01021625,2025-01-02 16:38:00,0,B8,BR2
2025-01-02 16:25:00,AGV_047,JOB_AGV_047_01021625,2025-01-02 16:27:00,0,B1,BR2
2025-01-02 16:25:00,AGV_084,JOB_AGV_084_01021625,2025-01-02 17:15:00,0,B3,BR4
2025-01-02 16:25:00,AGV_100,JOB_AGV_100_01021625,2025-01-02 16:37:00,0,B7,BR1
2025-01-02 16:30:00,AGV_035,JOB_AGV_035_01021630,2025-01-02 16:31:00,0,B5,BR3
2025-01-02 16:30:00,AGV_109,JOB_AGV_109_01021630,2025-01-02 17:56:00,0,B6,BR2
2025-01-02 16:35:00,AGV_019,JOB_AGV_019_01021635,2025-01-02 18:12:00,1,B1,BR3
2025-01-02 16:35:00,AGV_115,JOB_AGV_115_01021635,2025-01-02 18:37:00,1,B4,BR1
2025-01-02 16:40:00,AGV_069,JOB_AGV_069_01021640,2025-01-02 17:20:00,0,B2,BR4
2025-01-02 16:50:00,AGV_020,JOB_AGV_020_01021650,2025-01-02 17:00:00,0,B7,BR3
2025-01-02 16:50:00,AGV_081,JOB_AGV_081_01021650,2025-01-02 17:04:00,1,B2,BR3
2025-01-02 16:50:00,AGV_098,JOB_AGV_098_01021650,2025-01-02 16:57:00,0,B4,BR3
2025-01-02 16:55:00,AGV_079,JOB_AGV_079_01021655,2025-01-02 17:33:00,0,B1,BR4
2025-01-02 17:00:00,AGV_046,JOB_AGV_046_01021700,2025-01-02 17:21:00,0,B1,BR3
2025-01-02 17:00:00,AGV_095,JOB_AGV_095_01021700,2025-01-02 17:34:00,2,B1,BR3
2025-01-02 17:05:00,AGV_039,JOB_AGV_039_01021705,2025-01-02 17:07:00,1,B6,BR4
2025-01-02 17:05:00,AGV_096,JOB_AGV_096_01021705,2025-01-02 17:11:00,1,B8,BR2
2025-01-02 17:05:00,AGV_127,JOB_AGV_127_01021705,2025-01-02 17:23:00,2,B2,BR3
2025-01-02 17:15:00,AGV_006,JOB_AGV_006_01021715,2025-01-02 17:20:00,0,B5,BR1
2025-01-02 17:15:00,AGV_032,JOB_AGV_032_01021715,2025-01-02 17:15:00,0,B6,BR3
2025-01-02 17:15:00,AGV_083,JOB_AGV_083_01021715,2025-01-02 17:42:00,2,B4,BR1
2025-01-02 17:15:00,AGV_091,JOB_AGV_091_01021715,2025-01-02 17:37:00,0,B8,BR4
2025-01-02 17:20:00,AGV_065,JOB_AGV_065_01021720,2025-01-02 17:36:00,1,B7,BR2
2025-01-02 17:20:00,AGV_102,JOB_AGV_102_01021720,2025-01-02 17:32:00,1,B3,BR3
2025-01-02 17:25:00,AGV_012,JOB_AGV_012_01021725,2025-01-02 17:40:00,0,B7,BR2
2025-01-02 17:25:00,AGV_064,JOB_AGV_064_01021725,2025-01-02 18:32:00,1,B8,BR2
2025-01-02 17:25:00,AGV_071,JOB_AGV_071_01021725,2025-01-02 18:03:00,0,B7,BR2
2025-01-02 17:25:00,AGV_089,JOB_AGV_089_01021725,2025-01-02 17:45:00,0,B7,BR2
2025-01-02 17:30:00,AGV_115,JOB_AGV_115_01021730,2025-01-02 18:04:00,1,B7,BR1
2025-01-02 17:30:00,AGV_122,JOB_AGV_122_01021730,2025-01-02 18:22:00,0,B1,BR3
2025-01-02 17:35:00,AGV_019,JOB_AGV_019_01021735,2025-01-02 17:37:00,1,B8,BR3
2025-01-02 17:35:00,AGV_072,JOB_AGV_072_01021735,2025-01-02 18:08:00,0,B6,BR4
2025-01-02 17:35:00,AGV_091,JOB_AGV_091_01021735,2025-01-02 18:25:00,0,B2,BR4
2025-01-02 17:40:00,AGV_072,JOB_AGV_072_01021740,2025-01-02 18:26:00,0,B2,BR1
2025-01-02 17:40:00,AGV_130,JOB_AGV_130_01021740,2025-01-02 18:17:00,2,B6,BR2
2025-01-02 17:45:00,AGV_016,JOB_AGV_016_01021745,2025-01-02 18:47:00,2,B2,BR2
2025-01-02 17:45:00,AGV_080,JOB_AGV_080_01021745,2025-01-02 17:47:00,1,B7,BR3
2025-01-02 17:50:00,AGV_014,JOB_AGV_014_01021750,2025-01-02 18:42:00,0,B4,BR2
2025-01-02 17:50:00,AGV_064,JOB_AGV_064_01021750,2025-01-02 18:12:00,0,B1,BR4
2025-01-02 17:50:00,AGV_103,JOB_AGV_103_01021750,2025-01-02 17:50:00,2,B4,BR3
2025-01-02 17:50:00,AGV_122,JOB_AGV_122_01021750,2025-01-02 18:03:00,0,B6,BR1
2025-01-02 17:55:00,AGV_010,JOB_AGV_010_01021755,2025-01-02 18:08:00,0,B5,BR1
2025-01-02 17:55:00,AGV_068,JOB_AGV_068_01021755,2025-01-02 19:58:00,0,B2,BR3
2025-01-02 17:55:00,AGV_072,JOB_AGV_072_01021755,2025-01-02 18:22:00,1,B2,BR1
2025-01-02 18:00:00,AGV_011,JOB_AGV_011_01021800,2025-01-02 18:08:00,0,B2,BR2
2025-01-02 18:00:00,AGV_055,JOB_AGV_055_01021800,2025-01-02 18:10:00,1,B5,BR3
2025-01-02 18:00:00,AGV_063,JOB_AGV_063_01021800,2025-01-02 19:02:00,0,B5,BR2
2025-01-02 18:00:00,AGV_086,JOB_AGV_086_01021800,2025-01-02 18:02:00,1,B3,BR1
2025-01-02 18:00:00,AGV_095,JOB_AGV_095_01021800,2025-01-02 18:06:00,0,B1,BR3
2025-01-02 18:00:00,AGV_123,JOB_AGV_123_01021800,2025-01-02 18:15:00,0,B2,BR4
2025-01-02 18:10:00,AGV_006,JOB_AGV_006_01021810,2025-01-02 18:48:00,2,B8,BR3
2025-01-02 18:10:00,AGV_024,JOB_AGV_024_01021810,2025-01-02 19:52:00,0,B6,BR4
2025-01-02 18:10:00,AGV_047,JOB_AGV_047_01021810,2025-01-02 18:15:00,0,B8,BR3
2025-01-02 18:10:00,AGV_067,JOB_AGV_067_01021810,2025-01-02 18:31:00,0,B4,BR2
2025-01-02 18:15:00,AGV_026,JOB_AGV_026_01021815,2025-01-02 18:24:00,1,B2,BR2
2025-01-02 18:25:00,AGV_015,JOB_AGV_015_01021825,2025-01-02 18:40:00,1,B2,BR4
2025-01-02 18:25:00,AGV_035,JOB_AGV_035_01021825,2025-01-02 18:29:00,2,B8,BR3
2025-01-02 18:25:00,AGV_057,JOB_AGV_057_01021825,2025-01-02 19:24:00,2,B1,BR1
2025-01-02 18:25:00,AGV_073,JOB_AGV_073_01021825,2025-01-02 20:01:00,1,B7,BR4
2025-01-02 18:25:00,AGV_120,JOB_AGV_120_01021825,2025-01-02 18:27:00,1,B7,BR2
2025-01-02 18:30:00,AGV_025,JOB_AGV_025_01021830,2025-01-02 20:25:00,0,B1,BR1
2025-01-02 18:30:00,AGV_033,JOB_AGV_033_01021830,2025-01-02 20:31:00,0,B1,BR1
2025-01-02 18:30:00,AGV_038,JOB_AGV_038_01021830,2025-01-02 20:16:00,0,B2,BR2
2025-01-02 18:30:00,AGV_074,JOB_AGV_074_01021830,2025-01-02 20:21:00,0,B1,BR2
2025-01-02 18:30:00,AGV_081,JOB_AGV_081_01021830,2025-01-02 19:05:00,1,B1,BR4
2025-01-02 18:35:00,AGV_069,JOB_AGV_069_01021835,2025-01-02 18:36:00,1,B2,BR4
2025-01-02 18:35:00,AGV_076,JOB_AGV_076_01021835,2025-01-02 19:47:00,1,B7,BR1
2025-01-02 18:35:00,AGV_127,JOB_AGV_127_01021835,2025-01-02 18:38:00,1,B1,BR4
2025-01-02 18:40:00,AGV_005,JOB_AGV_005_01021840,2025-01-02 18:58:00,0,B8,BR2
2025-01-02 18:40:00,AGV_044,JOB_AGV_044_01021840,2025-01-02 18:50:00,0,B4,BR1
2025-01-02 18:40:00,AGV_080,JOB_AGV_080_01021840,2025-01-02 18:52:00,0,B7,BR1
2025-01-02 18:40:00,AGV_089,JOB_AGV_089_01021840,2025-01-02 18:49:00,0,B5,BR2
2025-01-02 18:40:00,AGV_091,JOB_AGV_091_01021840,2025-01-02 20:56:00,1,B1,BR4
2025-01-02 18:40:00,AGV_094,JOB_AGV_094_01021840,2025-01-02 21:24:00,0,B3,BR2
2025-01-02 18:40:00,AGV_122,JOB_AGV_122_01021840,2025-01-02 18:51:00,2,B3,BR4
2025-01-02 18:45:00,AGV_082,JOB_AGV_082_01021845,2025-01-02 20:53:00,0,B8,BR2
2025-01-02 18:45:00,AGV_115,JOB_AGV_115_01021845,2025-01-02 19:41:00,0,B5,BR1
2025-01-02 18:50:00,AGV_003,JOB_AGV_003_01021850,2025-01-02 18:59:00,0,B8,BR1
2025-01-02 18:50:00,AGV_057,JOB_AGV_057_01021850,2025-01-02 18:53:00,0,B5,BR4
2025-01-02 18:55:00,AGV_100,JOB_AGV_100_01021855,2025-01-02 20:09:00,1,B1,BR2
2025-01-02 19:00:00,AGV_006,JOB_AGV_006_01021900,2025-01-02 19:09:00,2,B4,BR1
2025-01-02 19:00:00,AGV_030,JOB_AGV_030_01021900,2025-01-02 21:34:00,1,B2,BR4
2025-01-02 19:00:00,AGV_086,JOB_AGV_086_01021900,2025-01-02 19:01:00,0,B1,BR2
2025-01-02 19:00:00,AGV_088,JOB_AGV_088_01021900,2025-01-02 19:20:00,0,B7,BR1
2025-01-02 19:00:00,AGV_091,JOB_AGV_091_01021900,2025-01-02 20:33:00,1,B7,BR1
2025-01-02 19:00:00,AGV_103,JOB_AGV_103_01021900,2025-01-02 19:08:00,0,B8,BR3
2025-01-02 19:00:00,AGV_119,JOB_AGV_119_01021900,2025-01-02 19:00:00,2,B6,BR3
2025-01-02 19:05:00,AGV_041,JOB_AGV_041_01021905,2025-01-02 20:03:00,0,B1,BR4
2025-01-02 19:10:00,AGV_008,JOB_AGV_008_01021910,2025-01-02 19:11:00,0,B7,BR2
2025-01-02 19:10:00,AGV_024,JOB_AGV_024_01021910,2025-01-02 19:25:00,0,B2,BR4
2025-01-02 19:10:00,AGV_062,JOB_AGV_062_01021910,2025-01-02 19:17:00,0,B7,BR1
2025-01-02 19:10:00,AGV_071,JOB_AGV_071_01021910,2025-01-02 19:46:00,1,B4,BR1
2025-01-02 19:15:00,AGV_034,JOB_AGV_034_01021915,2025-01-02 19:46:00,0,B5,BR2
2025-01-02 19:15:00,AGV_076,JOB_AGV_076_01021915,2025-01-02 19:20:00,1,B5,BR4
2025-01-02 19:20:00,AGV_111,JOB_AGV_111_01021920,2025-01-02 19:28:00,0,B6,BR2
2025-01-02 19:25:00,AGV_050,JOB_AGV_050_01021925,2025-01-02 23:58:00,1,B6,BR3
2025-01-02 19:25:00,AGV_072,JOB_AGV_072_01021925,2025-01-02 19:39:00,1,B4,BR1
2025-01-02 19:25:00,AGV_100,JOB_AGV_100_01021925,2025-01-02 20:06:00,0,B1,BR4
2025-01-02 19:30:00,AGV_010,JOB_AGV_010_01021930,2025-01-02 19:55:00,0,B7,BR2
2025-01-02 19:30:00,AGV_089,JOB_AGV_089_01021930,2025-01-02 19:31:00,0,B6,BR2
2025-01-02 19:30:00,AGV_096,JOB_AGV_096_01021930,2025-01-02 19:42:00,0,B5,BR2
2025-01-02 19:35:00,AGV_083,JOB_AGV_083_01021935,2025-01-02 22:58:00,0,B3,BR4
2025-01-02 19:40:00,AGV_003,JOB_AGV_003_01021940,2025-01-02 19:55:00,1,B4,BR3
2025-01-02 19:40:00,AGV_057,JOB_AGV_057_01021940,2025-01-02 19:45:00,2,B7,BR1
2025-01-02 19:45:00,AGV_028,JOB_AGV_028_01021945,2025-01-02 19:45:00,0,B3,BR4
2025-01-02 19:45:00,AGV_042,JOB_AGV_042_01021945,2025-01-02 19:56:00,1,B2,BR4
2025-01-02 19:45:00,AGV_058,JOB_AGV_058_01021945,2025-01-02 21:00:00,0,B6,BR4
2025-01-02 19:45:00,AGV_061,JOB_AGV_061_01021945,2025-01-02 20:00:00,0,B1,BR4
2025-01-02 19:45:00,AGV_083,JOB_AGV_083_01021945,2025-01-02 21:25:00,0,B3,BR1
2025-01-02 19:50:00,AGV_012,JOB_AGV_012_01021950,2025-01-02 19:51:00,0,B5,BR2
2025-01-02 19:50:00,AGV_065,JOB_AGV_065_01021950,2025-01-02 19:56:00,2,B2,BR3
2025-01-02 19:50:00,AGV_083,JOB_AGV_083_01021950,2025-01-02 20:05:00,0,B2,BR3
2025-01-02 19:50:00,AGV_119,JOB_AGV_119_01021950,2025-01-02 20:01:00,0,B2,BR4
2025-01-02 19:55:00,AGV_014,JOB_AGV_014_01021955,2025-01-02 19:56:00,1,B8,BR4
2025-01-02 19:55:00,AGV_016,JOB_AGV_016_01021955,2025-01-02 20:19:00,0,B5,BR2
2025-01-02 19:55:00,AGV_069,JOB_AGV_069_01021955,2025-01-02 20:01:00,2,B1,BR4
2025-01-02 20:00:00,AGV_046,JOB_AGV_046_01022000,2025-01-02 20:06:00,0,B4,BR4
2025-01-02 20:00:00,AGV_052,JOB_AGV_052_01022000,2025-01-02 20:08:00,0,B6,BR3
2025-01-02 20:05:00,AGV_027,JOB_AGV_027_01022005,2025-01-02 22:00:00,1,B4,BR2
2025-01-02 20:05:00,AGV_091,JOB_AGV_091_01022005,2025-01-02 20:05:00,1,B1,BR1
2025-01-02 20:10:00,AGV_030,JOB_AGV_030_01022010,2025-01-02 21:05:00,0,B1,BR1
2025-01-02 20:10:00,AGV_070,JOB_AGV_070_01022010,2025-01-02 20:27:00,0,B7,BR2
2025-01-02 20:10:00,AGV_084,JOB_AGV_084_01022010,2025-01-02 20:37:00,2,B3,BR1
2025-01-02 20:10:00,AGV_125,JOB_AGV_125_01022010,2025-01-02 20:36:00,0,B6,BR3
2025-01-02 20:15:00,AGV_006,JOB_AGV_006_01022015,2025-01-02 21:09:00,1,B5,BR2
2025-01-02 20:15:00,AGV_071,JOB_AGV_071_01022015,2025-01-02 20:39:00,0,B8,BR2
2025-01-02 20:15:00,AGV_122,JOB_AGV_122_01022015,2025-01-02 20:38:00,0,B3,BR4
2025-01-02 20:20:00,AGV_101,JOB_AGV_101_01022020,2025-01-02 20:20:00,0,B2,BR3
2025-01-02 20:25:00,AGV_121,JOB_AGV_121_01022025,2025-01-02 20:26:00,0,B8,BR3
2025-01-02 20:25:00,AGV_125,JOB_AGV_125_01022025,2025-01-02 20:32:00,1,B1,BR2
2025-01-02 20:30:00,AGV_001,JOB_AGV_001_01022030,2025-01-02 21:08:00,1,B4,BR1
2025-01-02 20:30:00,AGV_036,JOB_AGV_036_01022030,2025-01-02 20:41:00,0,B6,BR1
2025-01-02 20:30:00,AGV_038,JOB_AGV_038_01022030,2025-01-02 20:40:00,1,B7,BR4
2025-01-02 20:30:00,AGV_111,JOB_AGV_111_01022030,2025-01-02 20:51:00,0,B8,BR3
2025-01-02 20:35:00,AGV_041,JOB_AGV_041_01022035,2025-01-02 21:50:00,0,B5,BR4
2025-01-02 20:35:00,AGV_084,JOB_AGV_084_01022035,2025-01-02 20:43:00,1,B3,BR1
2025-01-02 20:35:00,AGV_097,JOB_AGV_097_01022035,2025-01-02 21:03:00,1,B1,BR2
2025-01-02 20:35:00,AGV_112,JOB_AGV_112_01022035,2025-01-02 20:43:00,1,B6,BR3
2025-01-02 20:35:00,AGV_123,JOB_AGV_123_01022035,2025-01-02 21:36:00,2,B8,BR1
2025-01-02 20:40:00,AGV_080,JOB_AGV_080_01022040,2025-01-02 21:01:00,0,B8,BR3
2025-01-02 20:40:00,AGV_108,JOB_AGV_108_01022040,2025-01-02 22:01:00,2,B7,BR1
2025-01-02 20:45:00,AGV_058,JOB_AGV_058_01022045,2025-01-02 20:52:00,0,B5,BR4
2025-01-02 20:45:00,AGV_074,JOB_AGV_074_01022045,2025-01-02 21:49:00,0,B6,BR1
2025-01-02 20:50:00,AGV_078,JOB_AGV_078_01022050,2025-01-02 20:59:00,1,B4,BR4
2025-01-02 20:50:00,AGV_114,JOB_AGV_114_01022050,2025-01-02 21:33:00,1,B6,BR4
2025-01-02 20:50:00,AGV_116,JOB_AGV_116_01022050,2025-01-02 20:56:00,0,B5,BR1
2025-01-02 20:50:00,AGV_130,JOB_AGV_130_01022050,2025-01-02 21:30:00,0,B2,BR4
2025-01-02 20:55:00,AGV_003,JOB_AGV_003_01022055,2025-01-02 21:30:00,2,B2,BR2
2025-01-02 20:55:00,AGV_016,JOB_AGV_016_01022055,2025-01-02 21:16:00,0,B3,BR1
2025-01-02 20:55:00,AGV_030,JOB_AGV_030_01022055,2025-01-02 20:58:00,1,B8,BR4
2025-01-02 20:55:00,AGV_063,JOB_AGV_063_01022055,2025-01-02 21:31:00,1,B6,BR1
2025-01-02 20:55:00,AGV_074,JOB_AGV_074_01022055,2025-01-02 21:09:00,1,B8,BR2
2025-01-02 20:55:00,AGV_083,JOB_AGV_083_01022055,2025-01-02 20:58:00,1,B7,BR3
2025-01-02 20:55:00,AGV_088,JOB_AGV_088_01022055,2025-01-02 20:55:00,0,B7,BR1
2025-01-02 20:55:00,AGV_094,JOB_AGV_094_01022055,2025-01-02 21:26:00,1,B7,BR4
2025-01-02 21:00:00,AGV_017,JOB_AGV_017_01022100,2025-01-02 21:28:00,1,B5,BR2
2025-01-02 21:00:00,AGV_020,JOB_AGV_020_01022100,2025-01-02 21:46:00,1,B8,BR3
2025-01-02 21:00:00,AGV_090,JOB_AGV_090_01022100,2025-01-02 21:39:00,1,B6,BR2
2025-01-02 21:00:00,AGV_116,JOB_AGV_116_01022100,2025-01-02 21:40:00,0,B8,BR2
2025-01-02 21:05:00,AGV_024,JOB_AGV_024_01022105,2025-01-02 21:26:00,1,B8,BR3
2025-01-02 21:05:00,AGV_089,JOB_AGV_089_01022105,2025-01-02 21:36:00,0,B2,BR4
2025-01-02 21:05:00,AGV_090,JOB_AGV_090_01022105,2025-01-02 21:05:00,0,B1,BR1
2025-01-02 21:05:00,AGV_105,JOB_AGV_105_01022105,2025-01-02 21:33:00,0,B6,BR4
2025-01-02 21:10:00,AGV_027,JOB_AGV_027_01022110,2025-01-02 22:22:00,0,B4,BR1
2025-01-02 21:10:00,AGV_065,JOB_AGV_065_01022110,2025-01-02 21:14:00,2,B6,BR1
2025-01-02 21:15:00,AGV_036,JOB_AGV_036_01022115,2025-01-02 22:26:00,0,B1,BR3
2025-01-02 21:15:00,AGV_057,JOB_AGV_057_01022115,2025-01-02 21:32:00,1,B4,BR1
2025-01-02 21:15:00,AGV_076,JOB_AGV_076_01022115,2025-01-02 21:41:00,0,B3,BR4
2025-01-02 21:15:00,AGV_082,JOB_AGV_082_01022115,2025-01-02 21:27:00,1,B6,BR3
2025-01-02 21:15:00,AGV_120,JOB_AGV_120_01022115,2025-01-02 21:17:00,0,B3,BR2
2025-01-02 21:20:00,AGV_029,JOB_AGV_029_01022120,2025-01-02 23:06:00,1,B6,BR2
2025-01-02 21:20:00,AGV_030,JOB_AGV_030_01022120,2025-01-02 21:40:00,0,B6,BR3
2025-01-02 21:20:00,AGV_081,JOB_AGV_081_01022120,2025-01-02 21:23:00,1,B3,BR3
2025-01-02 21:25:00,AGV_077,JOB_AGV_077_01022125,2025-01-02 21:29:00,1,B7,BR4
2025-01-02 21:30:00,AGV_052,JOB_AGV_052_01022130,2025-01-02 22:41:00,0,B6,BR4
2025-01-02 21:30:00,AGV_056,JOB_AGV_056_01022130,2025-01-02 21:37:00,0,B3,BR1
2025-01-02 21:30:00,AGV_100,JOB_AGV_100_01022130,2025-01-02 22:25:00,0,B8,BR2
2025-01-02 21:30:00,AGV_103,JOB_AGV_103_01022130,2025-01-02 22:09:00,0,B6,BR1
2025-01-02 21:30:00,AGV_110,JOB_AGV_110_01022130,2025-01-02 21:43:00,0,B1,BR3
2025-01-02 21:35:00,AGV_028,JOB_AGV_028_01022135,2025-01-02 22:43:00,2,B7,BR3
2025-01-02 21:35:00,AGV_048,JOB_AGV_048_01022135,2025-01-02 21:50:00,0,B6,BR4
2025-01-02 21:35:00,AGV_108,JOB_AGV_108_01022135,2025-01-02 21:57:00,0,B8,BR4
2025-01-02 21:35:00,AGV_113,JOB_AGV_113_01022135,2025-01-02 21:38:00,0,B7,BR1
2025-01-02 21:40:00,AGV_082,JOB_AGV_082_01022140,2025-01-02 22:16:00,0,B2,BR1
2025-01-02 21:40:00,AGV_089,JOB_AGV_089_01022140,2025-01-02 22:01:00,0,B7,BR1
2025-01-02 21:45:00,AGV_060,JOB_AGV_060_01022145,2025-01-02 23:19:00,1,B4,BR2
2025-01-02 21:50:00,AGV_019,JOB_AGV_019_01022150,2025-01-02 23:02:00,0,B2,BR1
2025-01-02 21:50:00,AGV_036,JOB_AGV_036_01022150,2025-01-02 21:52:00,0,B5,BR4
2025-01-02 21:50:00,AGV_103,JOB_AGV_103_01022150,2025-01-02 22:04:00,2,B2,BR2
2025-01-02 22:00:00,AGV_089,JOB_AGV_089_01022200,2025-01-02 22:01:00,1,B1,BR3
2025-01-02 22:00:00,AGV_115,JOB_AGV_115_01022200,2025-01-02 22:10:00,1,B8,BR3
2025-01-02 22:05:00,AGV_011,JOB_AGV_011_01022205,2025-01-02 23:30:00,1,B4,BR3
2025-01-02 22:05:00,AGV_048,JOB_AGV_048_01022205,2025-01-02 22:09:00,0,B8,BR1
2025-01-02 22:05:00,AGV_076,JOB_AGV_076_01022205,2025-01-02 22:33:00,1,B2,BR2
2025-01-02 22:05:00,AGV_099,JOB_AGV_099_01022205,2025-01-02 22:21:00,0,B5,BR2
2025-01-02 22:05:00,AGV_103,JOB_AGV_103_01022205,2025-01-02 22:13:00,1,B2,BR1
2025-01-02 22:10:00,AGV_006,JOB_AGV_006_01022210,2025-01-02 22:30:00,1,B6,BR3
2025-01-02 22:10:00,AGV_039,JOB_AGV_039_01022210,2025-01-02 22:18:00,0,B4,BR4
2025-01-02 22:10:00,AGV_084,JOB_AGV_084_01022210,2025-01-02 22:34:00,0,B1,BR1
2025-01-02 22:10:00,AGV_111,JOB_AGV_111_01022210,2025-01-02 22:18:00,0,B2,BR3
2025-01-02 22:15:00,AGV_087,JOB_AGV_087_01022215,2025-01-02 22:35:00,0,B5,BR3
2025-01-02 22:20:00,AGV_022,JOB_AGV_022_01022220,2025-01-02 22:22:00,1,B3,BR4
2025-01-02 22:20:00,AGV_120,JOB_AGV_120_01022220,2025-01-02 22:48:00,1,B5,BR4
2025-01-02 22:25:00,AGV_039,JOB_AGV_039_01022225,2025-01-02 22:53:00,0,B6,BR2
2025-01-02 22:25:00,AGV_055,JOB_AGV_055_01022225,2025-01-02 22:28:00,0,B6,BR3
2025-01-02 22:25:00,AGV_070,JOB_AGV_070_01022225,2025-01-03 00:08:00,0,B5,BR3
2025-01-02 22:25:00,AGV_118,JOB_AGV_118_01022225,2025-01-02 22:30:00,0,B8,BR4
2025-01-02 22:25:00,AGV_123,JOB_AGV_123_01022225,2025-01-02 22:32:00,0,B6,BR3
2025-01-02 22:30:00,AGV_001,JOB_AGV_001_01022230,2025-01-02 22:35:00,2,B5,BR1
2025-01-02 22:30:00,AGV_027,JOB_AGV_027_01022230,2025-01-02 23:45:00,0,B4,BR1
2025-01-02 22:30:00,AGV_096,JOB_AGV_096_01022230,2025-01-02 23:00:00,0,B1,BR4
2025-01-02 22:35:00,AGV_056,JOB_AGV_056_01022235,2025-01-03 00:05:00,0,B7,BR2
2025-01-02 22:35:00,AGV_069,JOB_AGV_069_01022235,2025-01-02 23:10:00,0,B7,BR4
2025-01-02 22:35:00,AGV_091,JOB_AGV_091_01022235,2025-01-03 00:06:00,1,B3,BR4
2025-01-02 22:40:00,AGV_018,JOB_AGV_018_01022240,2025-01-02 23:00:00,0,B7,BR2
2025-01-02 22:40:00,AGV_046,JOB_AGV_046_01022240,2025-01-02 23:08:00,0,B3,BR1
2025-01-02 22:40:00,AGV_054,JOB_AGV_054_01022240,2025-01-02 23:41:00,0,B5,BR2
2025-01-02 22:40:00,AGV_061,JOB_AGV_061_01022240,2025-01-02 22:52:00,0,B1,BR4
2025-01-02 22:40:00,AGV_116,JOB_AGV_116_01022240,2025-01-02 23:46:00,0,B3,BR3
2025-01-02 22:40:00,AGV_127,JOB_AGV_127_01022240,2025-01-02 23:06:00,1,B4,BR1
2025-01-02 22:45:00,AGV_112,JOB_AGV_112_01022245,2025-01-02 22:50:00,2,B8,BR2
2025-01-02 22:50:00,AGV_099,JOB_AGV_099_01022250,2025-01-02 23:53:00,0,B3,BR3
2025-01-02 22:55:00,AGV_036,JOB_AGV_036_01022255,2025-01-02 23:23:00,2,B8,BR4
2025-01-02 22:55:00,AGV_037,JOB_AGV_037_01022255,2025-01-02 22:58:00,0,B4,BR3
2025-01-02 22:55:00,AGV_098,JOB_AGV_098_01022255,2025-01-03 00:20:00,0,B2,BR4
2025-01-02 23:00:00,AGV_018,JOB_AGV_018_01022300,2025-01-02 23:12:00,0,B1,BR1
2025-01-02 23:00:00,AGV_095,JOB_AGV_095_01022300,2025-01-02 23:49:00,1,B4,BR2
2025-01-02 23:05:00,AGV_125,JOB_AGV_125_01022305,2025-01-02 23:40:00,0,B6,BR2
2025-01-02 23:10:00,AGV_047,JOB_AGV_047_01022310,2025-01-03 00:04:00,1,B5,BR1
2025-01-02 23:10:00,AGV_059,JOB_AGV_059_01022310,2025-01-03 00:28:00,1,B1,BR4
2025-01-02 23:10:00,AGV_076,JOB_AGV_076_01022310,2025-01-02 23:10:00,0,B6,BR3
2025-01-02 23:15:00,AGV_064,JOB_AGV_064_01022315,2025-01-02 23:51:00,0,B8,BR4
2025-01-02 23:15:00,AGV_087,JOB_AGV_087_01022315,2025-01-03 00:54:00,0,B8,BR3
2025-01-02 23:15:00,AGV_103,JOB_AGV_103_01022315,2025-01-02 23:26:00,2,B1,BR1
2025-01-02 23:20:00,AGV_008,JOB_AGV_008_01022320,2025-01-02 23:42:00,0,B2,BR3
2025-01-02 23:20:00,AGV_096,JOB_AGV_096_01022320,2025-01-03 00:06:00,1,B2,BR2
2025-01-02 23:25:00,AGV_008,JOB_AGV_008_01022325,2025-01-03 00:07:00,1,B3,BR3
2025-01-02 23:25:00,AGV_030,JOB_AGV_030_01022325,2025-01-03 00:55:00,0,B5,BR4
2025-01-02 23:25:00,AGV_113,JOB_AGV_113_01022325,2025-01-02 23:32:00,1,B4,BR3
2025-01-02 23:30:00,AGV_068,JOB_AGV_068_01022330,2025-01-02 23:44:00,0,B7,BR3
2025-01-02 23:35:00,AGV_035,JOB_AGV_035_01022335,2025-01-03 00:06:00,0,B5,BR4
2025-01-02 23:35:00,AGV_112,JOB_AGV_112_01022335,2025-01-03 00:58:00,0,B6,BR4
2025-01-02 23:40:00,AGV_054,JOB_AGV_054_01022340,2025-01-02 23:43:00,0,B2,BR1
2025-01-02 23:40:00,AGV_073,JOB_AGV_073_01022340,2025-01-02 23:47:00,1,B6,BR4
2025-01-02 23:40:00,AGV_101,JOB_AGV_101_01022340,2025-01-02 23:54:00,0,B6,BR3
2025-01-02 23:45:00,AGV_024,JOB_AGV_024_01022345,2025-01-03 00:27:00,1,B2,BR3
2025-01-02 23:50:00,AGV_037,JOB_AGV_037_01022350,2025-01-02 23:51:00,0,B3,BR4
2025-01-02 23:50:00,AGV_094,JOB_AGV_094_01022350,2025-01-03 00:22:00,0,B3,BR4
2025-01-02 23:50:00,AGV_114,JOB_AGV_114_01022350,2025-01-03 01:38:00,0,B6,BR2
2025-01-02 23:50:00,AGV_125,JOB_AGV_125_01022350,2025-01-02 23:56:00,1,B7,BR2
2025-01-02 23:55:00,AGV_022,JOB_AGV_022_01022355,2025-01-02 23:57:00,0,B4,BR1
2025-01-02 23:55:00,AGV_058,JOB_AGV_058_01022355,2025-01-03 00:07:00,1,B7,BR1
2025-01-02 23:55:00,AGV_068,JOB_AGV_068_01022355,2025-01-03 00:43:00,0,B6,BR3
2025-01-02 23:55:00,AGV_089,JOB_AGV_089_01022355,2025-01-03 00:34:00,1,B3,BR3
2025-01-03 00:00:00,AGV_018,JOB_AGV_018_01030000,2025-01-03 00:48:00,2,B8,BR4
2025-01-03 00:00:00,AGV_127,JOB_AGV_127_01030000,2025-01-03 00:24:00,1,B8,BR1
2025-01-03 00:05:00,AGV_067,JOB_AGV_067_01030005,2025-01-03 00:24:00,2,B7,BR4
2025-01-03 00:05:00,AGV_070,JOB_AGV_070_01030005,2025-01-03 01:17:00,0,B7,BR3
2025-01-03 00:05:00,AGV_126,JOB_AGV_126_01030005,2025-01-03 00:29:00,1,B2,BR2
2025-01-03 00:10:00,AGV_005,JOB_AGV_005_01030010,2025-01-03 00:16:00,0,B7,BR1
2025-01-03 00:10:00,AGV_060,JOB_AGV_060_01030010,2025-01-03 01:05:00,1,B3,BR2
2025-01-03 00:10:00,AGV_107,JOB_AGV_107_01030010,2025-01-03 00:12:00,0,B8,BR2
2025-01-03 00:20:00,AGV_001,JOB_AGV_001_01030020,2025-01-03 00:44:00,0,B8,BR1
2025-01-03 00:20:00,AGV_006,JOB_AGV_006_01030020,2025-01-03 00:29:00,1,B7,BR3
2025-01-03 00:20:00,AGV_020,JOB_AGV_020_01030020,2025-01-03 00:27:00,2,B2,BR2
2025-01-03 00:20:00,AGV_021,JOB_AGV_021_01030020,2025-01-03 00:45:00,1,B1,BR2
2025-01-03 00:20:00,AGV_050,JOB_AGV_050_01030020,2025-01-03 00:33:00,2,B3,BR4
2025-01-03 00:20:00,AGV_055,JOB_AGV_055_01030020,2025-01-03 00:21:00,1,B6,BR2
2025-01-03 00:20:00,AGV_122,JOB_AGV_122_01030020,2025-01-03 00:38:00,0,B6,BR1
2025-01-03 00:20:00,AGV_127,JOB_AGV_127_01030020,2025-01-03 01:08:00,2,B8,BR1
2025-01-03 00:25:00,AGV_027,JOB_AGV_027_01030025,2025-01-03 00:26:00,1,B1,BR4
2025-01-03 00:25:00,AGV_064,JOB_AGV_064_01030025,2025-01-03 00:37:00,0,B4,BR2
2025-01-03 00:25:00,AGV_092,JOB_AGV_092_01030025,2025-01-03 00:49:00,2,B5,BR2
2025-01-03 00:25:00,AGV_117,JOB_AGV_117_01030025,2025-01-03 00:34:00,2,B7,BR3
2025-01-03 00:30:00,AGV_027,JOB_AGV_027_01030030,2025-01-03 00:30:00,1,B7,BR1
2025-01-03 00:35:00,AGV_021,JOB_AGV_021_01030035,2025-01-03 02:11:00,0,B5,BR4
2025-01-03 00:35:00,AGV_024,JOB_AGV_024_01030035,2025-01-03 00:36:00,1,B2,BR3
2025-01-03 00:35:00,AGV_035,JOB_AGV_035_01030035,2025-01-03 00:39:00,1,B7,BR1
2025-01-03 00:40:00,AGV_020,JOB_AGV_020_01030040,2025-01-03 00:57:00,2,B3,BR3
2025-01-03 00:40:00,AGV_074,JOB_AGV_074_01030040,2025-01-03 01:25:00,1,B3,BR3
2025-01-03 00:40:00,AGV_102,JOB_AGV_102_01030040,2025-01-03 01:30:00,0,B6,BR4
2025-01-03 00:45:00,AGV_005,JOB_AGV_005_01030045,2025-01-03 00:50:00,1,B4,BR1
2025-01-03 00:45:00,AGV_026,JOB_AGV_026_01030045,2025-01-03 01:02:00,0,B7,BR3
2025-01-03 00:50:00,AGV_047,JOB_AGV_047_01030050,2025-01-03 01:07:00,1,B1,BR3
2025-01-03 00:55:00,AGV_039,JOB_AGV_039_01030055,2025-01-03 00:59:00,1,B1,BR2
2025-01-03 00:55:00,AGV_047,JOB_AGV_047_01030055,2025-01-03 01:03:00,0,B5,BR2
2025-01-03 00:55:00,AGV_083,JOB_AGV_083_01030055,2025-01-03 01:14:00,1,B8,BR4
2025-01-03 00:55:00,AGV_091,JOB_AGV_091_01030055,2025-01-03 00:59:00,2,B6,BR1
2025-01-03 01:00:00,AGV_119,JOB_AGV_119_01030100,2025-01-03 01:16:00,0,B3,BR4
2025-01-03 01:05:00,AGV_013,JOB_AGV_013_01030105,2025-01-03 01:16:00,0,B8,BR2
2025-01-03 01:05:00,AGV_035,JOB_AGV_035_01030105,2025-01-03 03:08:00,1,B4,BR1
2025-01-03 01:05:00,AGV_065,JOB_AGV_065_01030105,2025-01-03 01:53:00,1,B2,BR2
2025-01-03 01:05:00,AGV_094,JOB_AGV_094_01030105,2025-01-03 01:43:00,1,B4,BR4
2025-01-03 01:05:00,AGV_122,JOB_AGV_122_01030105,2025-01-03 02:08:00,2,B7,BR2
2025-01-03 01:15:00,AGV_032,JOB_AGV_032_01030115,2025-01-03 01:44:00,0,B5,BR1
2025-01-03 01:15:00,AGV_092,JOB_AGV_092_01030115,2025-01-03 01:54:00,1,B1,BR4
2025-01-03 01:15:00,AGV_113,JOB_AGV_113_01030115,2025-01-03 02:27:00,0,B3,BR1
2025-01-03 01:15:00,AGV_120,JOB_AGV_120_01030115,2025-01-03 01:25:00,0,B4,BR1
2025-01-03 01:20:00,AGV_014,JOB_AGV_014_01030120,2025-01-03 01:36:00,0,B8,BR4
2025-01-03 01:20:00,AGV_047,JOB_AGV_047_01030120,2025-01-03 02:17:00,0,B4,BR3
2025-01-03 01:20:00,AGV_052,JOB_AGV_052_01030120,2025-01-03 01:57:00,0,B7,BR2
2025-01-03 01:20:00,AGV_088,JOB_AGV_088_01030120,2025-01-03 02:33:00,0,B2,BR4
2025-01-03 01:20:00,AGV_101,JOB_AGV_101_01030120,2025-01-03 01:25:00,0,B3,BR1
2025-01-03 01:20:00,AGV_113,JOB_AGV_113_01030120,2025-01-03 01:29:00,1,B4,BR3
2025-01-03 01:25:00,AGV_003,JOB_AGV_003_01030125,2025-01-03 01:59:00,0,B3,BR4
2025-01-03 01:25:00,AGV_037,JOB_AGV_037_01030125,2025-01-03 01:36:00,0,B2,BR3
2025-01-03 01:25:00,AGV_058,JOB_AGV_058_01030125,2025-01-03 02:19:00,1,B5,BR3
2025-01-03 01:25:00,AGV_065,JOB_AGV_065_01030125,2025-01-03 02:13:00,0,B4,BR3
2025-01-03 01:25:00,AGV_120,JOB_AGV_120_01030125,2025-01-03 02:35:00,2,B3,BR4
2025-01-03 01:30:00,AGV_006,JOB_AGV_006_01030130,2025-01-03 01:33:00,1,B8,BR3
2025-01-03 01:30:00,AGV_056,JOB_AGV_056_01030130,2025-01-03 02:12:00,2,B2,BR2
2025-01-03 01:30:00,AGV_116,JOB_AGV_116_01030130,2025-01-03 01:42:00,0,B8,BR3
2025-01-03 01:30:00,AGV_120,JOB_AGV_120_01030130,2025-01-03 02:44:00,2,B3,BR4
2025-01-03 01:35:00,AGV_044,JOB_AGV_044_01030135,2025-01-03 02:39:00,1,B6,BR4
2025-01-03 01:35:00,AGV_068,JOB_AGV_068_01030135,2025-01-03 02:07:00,2,B3,BR2
2025-01-03 01:40:00,AGV_013,JOB_AGV_013_01030140,2025-01-03 01:42:00,2,B8,BR4
2025-01-03 01:40:00,AGV_121,JOB_AGV_121_01030140,2025-01-03 02:49:00,0,B6,BR1
2025-01-03 01:45:00,AGV_030,JOB_AGV_030_01030145,2025-01-03 02:44:00,2,B5,BR1
2025-01-03 01:45:00,AGV_101,JOB_AGV_101_01030145,2025-01-03 02:02:00,0,B4,BR4
2025-01-03 01:50:00,AGV_128,JOB_AGV_128_01030150,2025-01-03 03:24:00,1,B6,BR4
2025-01-03 02:00:00,AGV_048,JOB_AGV_048_01030200,2025-01-03 04:07:00,2,B2,BR4
2025-01-03 02:00:00,AGV_074,JOB_AGV_074_01030200,2025-01-03 03:34:00,0,B1,BR3
2025-01-03 02:05:00,AGV_072,JOB_AGV_072_01030205,2025-01-03 02:24:00,0,B2,BR2
2025-01-03 02:10:00,AGV_009,JOB_AGV_009_01030210,2025-01-03 03:16:00,0,B1,BR1
2025-01-03 02:10:00,AGV_053,JOB_AGV_053_01030210,2025-01-03 02:10:00,1,B8,BR1
2025-01-03 02:15:00,AGV_005,JOB_AGV_005_01030215,2025-01-03 02:16:00,0,B4,BR4
2025-01-03 02:15:00,AGV_007,JOB_AGV_007_01030215,2025-01-03 02:45:00,1,B6,BR1
2025-01-03 02:15:00,AGV_025,JOB_AGV_025_01030215,2025-01-03 02:16:00,0,B1,BR4
2025-01-03 02:15:00,AGV_031,JOB_AGV_031_01030215,2025-01-03 02:31:00,0,B5,BR4
2025-01-03 02:15:00,AGV_041,JOB_AGV_041_01030215,2025-01-03 02:15:00,0,B6,BR1
2025-01-03 02:15:00,AGV_069,JOB_AGV_069_01030215,2025-01-03 02:44:00,1,B2,BR2
2025-01-03 02:15:00,AGV_123,JOB_AGV_123_01030215,2025-01-03 03:38:00,1,B2,BR3
2025-01-03 02:20:00,AGV_008,JOB_AGV_008_01030220,2025-01-03 02:31:00,2,B7,BR1
2025-01-03 02:20:00,AGV_105,JOB_AGV_105_01030220,2025-01-03 02:37:00,0,B1,BR3
2025-01-03 02:25:00,AGV_002,JOB_AGV_002_01030225,2025-01-03 03:55:00,2,B4,BR1
2025-01-03 02:25:00,AGV_045,JOB_AGV_045_01030225,2025-01-03 02:35:00,1,B7,BR4
2025-01-03 02:25:00,AGV_087,JOB_AGV_087_01030225,2025-01-03 02:58:00,0,B5,BR4
2025-01-03 02:30:00,AGV_119,JOB_AGV_119_01030230,2025-01-03 04:23:00,0,B5,BR3
2025-01-03 02:30:00,AGV_121,JOB_AGV_121_01030230,2025-01-03 02:38:00,0,B8,BR2
2025-01-03 02:30:00,AGV_124,JOB_AGV_124_01030230,2025-01-03 03:04:00,0,B7,BR2
2025-01-03 02:35:00,AGV_005,JOB_AGV_005_01030235,2025-01-03 02:59:00,0,B1,BR2
2025-01-03 02:35:00,AGV_016,JOB_AGV_016_01030235,2025-01-03 02:40:00,0,B2,BR3
2025-01-03 02:35:00,AGV_100,JOB_AGV_100_01030235,2025-01-03 03:48:00,0,B8,BR2
2025-01-03 02:40:00,AGV_030,JOB_AGV_030_01030240,2025-01-03 02:56:00,0,B2,BR3
2025-01-03 02:45:00,AGV_006,JOB_AGV_006_01030245,2025-01-03 03:16:00,0,B6,BR2
2025-01-03 02:45:00,AGV_016,JOB_AGV_016_01030245,2025-01-03 03:40:00,0,B5,BR4
2025-01-03 02:45:00,AGV_026,JOB_AGV_026_01030245,2025-01-03 02:46:00,2,B4,BR1
2025-01-03 02:45:00,AGV_053,JOB_AGV_053_01030245,2025-01-03 02:45:00,0,B5,BR4
2025-01-03 02:45:00,AGV_074,JOB_AGV_074_01030245,2025-01-03 02:45:00,2,B3,BR3
2025-01-03 02:45:00,AGV_109,JOB_AGV_109_01030245,2025-01-03 03:40:00,0,B5,BR1
2025-01-03 02:50:00,AGV_035,JOB_AGV_035_01030250,2025-01-03 04:22:00,1,B2,BR4
2025-01-03 02:55:00,AGV_129,JOB_AGV_129_01030255,2025-01-03 02:58:00,1,B5,BR1
2025-01-03 03:00:00,AGV_048,JOB_AGV_048_01030300,2025-01-03 03:14:00,1,B4,BR3
2025-01-03 03:00:00,AGV_052,JOB_AGV_052_01030300,2025-01-03 03:55:00,0,B1,BR4
2025-01-03 03:00:00,AGV_073,JOB_AGV_073_01030300,2025-01-03 04:56:00,0,B1,BR2
2025-01-03 03:00:00,AGV_094,JOB_AGV_094_01030300,2025-01-03 03:24:00,1,B3,BR4
2025-01-03 03:00:00,AGV_124,JOB_AGV_124_01030300,2025-01-03 03:18:00,0,B8,BR1
2025-01-03 03:05:00,AGV_025,JOB_AGV_025_01030305,2025-01-03 03:19:00,2,B6,BR3
2025-01-03 03:05:00,AGV_054,JOB_AGV_054_01030305,2025-01-03 03:10:00,0,B4,BR2
2025-01-03 03:05:00,AGV_103,JOB_AGV_103_01030305,2025-01-03 03:06:00,1,B8,BR2
2025-01-03 03:10:00,AGV_062,JOB_AGV_062_01030310,2025-01-03 05:03:00,2,B2,BR1
2025-01-03 03:10:00,AGV_115,JOB_AGV_115_01030310,2025-01-03 03:21:00,0,B4,BR2
2025-01-03 03:10:00,AGV_116,JOB_AGV_116_01030310,2025-01-03 03:28:00,1,B6,BR3
2025-01-03 03:10:00,AGV_121,JOB_AGV_121_01030310,2025-01-03 03:28:00,1,B4,BR3
2025-01-03 03:20:00,AGV_001,JOB_AGV_001_01030320,2025-01-03 03:39:00,0,B5,BR4
2025-01-03 03:20:00,AGV_019,JOB_AGV_019_01030320,2025-01-03 03:42:00,2,B8,BR3
2025-01-03 03:20:00,AGV_023,JOB_AGV_023_01030320,2025-01-03 03:51:00,2,B8,BR2
2025-01-03 03:20:00,AGV_068,JOB_AGV_068_01030320,2025-01-03 03:25:00,1,B3,BR2
2025-01-03 03:20:00,AGV_097,JOB_AGV_097_01030320,2025-01-03 03:23:00,0,B7,BR2
2025-01-03 03:25:00,AGV_006,JOB_AGV_006_01030325,2025-01-03 04:13:00,2,B4,BR3
2025-01-03 03:25:00,AGV_008,JOB_AGV_008_01030325,2025-01-03 05:33:00,1,B1,BR4
2025-01-03 03:25:00,AGV_017,JOB_AGV_017_01030325,2025-01-03 04:03:00,0,B6,BR3
2025-01-03 03:25:00,AGV_100,JOB_AGV_100_01030325,2025-01-03 03:40:00,2,B2,BR4
2025-01-03 03:30:00,AGV_004,JOB_AGV_004_01030330,2025-01-03 03:59:00,1,B8,BR3
2025-01-03 03:30:00,AGV_049,JOB_AGV_049_01030330,2025-01-03 05:36:00,1,B2,BR2
2025-01-03 03:30:00,AGV_055,JOB_AGV_055_01030330,2025-01-03 04:55:00,1,B7,BR2
2025-01-03 03:30:00,AGV_068,JOB_AGV_068_01030330,2025-01-03 06:24:00,1,B4,BR1
2025-01-03 03:30:00,AGV_072,JOB_AGV_072_01030330,2025-01-03 03:44:00,0,B4,BR2
2025-01-03 03:30:00,AGV_129,JOB_AGV_129_01030330,2025-01-03 03:38:00,1,B3,BR1
2025-01-03 03:35:00,AGV_096,JOB_AGV_096_01030335,2025-01-03 03:44:00,2,B5,BR4
2025-01-03 03:35:00,AGV_128,JOB_AGV_128_01030335,2025-01-03 04:56:00,0,B7,BR3
2025-01-03 03:45:00,AGV_002,JOB_AGV_002_01030345,2025-01-03 03:52:00,0,B1,BR1
2025-01-03 03:50:00,AGV_001,JOB_AGV_001_01030350,2025-01-03 05:14:00,0,B5,BR3
2025-01-03 03:50:00,AGV_022,JOB_AGV_022_01030350,2025-01-03 04:11:00,0,B3,BR3
2025-01-03 03:50:00,AGV_055,JOB_AGV_055_01030350,2025-01-03 03:58:00,0,B2,BR3
2025-01-03 03:50:00,AGV_070,JOB_AGV_070_01030350,2025-01-03 04:40:00,1,B1,BR3
2025-01-03 03:55:00,AGV_016,JOB_AGV_016_01030355,2025-01-03 04:04:00,1,B3,BR2
2025-01-03 03:55:00,AGV_096,JOB_AGV_096_01030355,2025-01-03 04:51:00,1,B2,BR2
2025-01-03 03:55:00,AGV_130,JOB_AGV_130_01030355,2025-01-03 04:18:00,1,B6,BR2
2025-01-03 04:00:00,AGV_016,JOB_AGV_016_01030400,2025-01-03 05:00:00,0,B4,BR4
2025-01-03 04:00:00,AGV_017,JOB_AGV_017_01030400,2025-01-03 04:03:00,1,B3,BR2
2025-01-03 04:00:00,AGV_050,JOB_AGV_050_01030400,2025-01-03 04:03:00,2,B6,BR3
2025-01-03 04:05:00,AGV_009,JOB_AGV_009_01030405,2025-01-03 04:47:00,0,B6,BR1
2025-01-03 04:05:00,AGV_043,JOB_AGV_043_01030405,2025-01-03 04:14:00,1,B4,BR4
2025-01-03 04:05:00,AGV_058,JOB_AGV_058_01030405,2025-01-03 04:19:00,0,B7,BR3
2025-01-03 04:05:00,AGV_089,JOB_AGV_089_01030405,2025-01-03 04:10:00,0,B3,BR4
2025-01-03 04:10:00,AGV_034,JOB_AGV_034_01030410,2025-01-03 04:14:00,0,B5,BR3
2025-01-03 04:10:00,AGV_036,JOB_AGV_036_01030410,2025-01-03 05:11:00,0,B2,BR3
2025-01-03 04:10:00,AGV_049,JOB_AGV_049_01030410,2025-01-03 04:13:00,1,B8,BR4
2025-01-03 04:10:00,AGV_085,JOB_AGV_085_01030410,2025-01-03 05:17:00,0,B7,BR3
2025-01-03 04:10:00,AGV_125,JOB_AGV_125_01030410,2025-01-03 04:15:00,0,B2,BR2
2025-01-03 04:15:00,AGV_031,JOB_AGV_031_01030415,2025-01-03 05:16:00,0,B1,BR2
2025-01-03 04:15:00,AGV_050,JOB_AGV_050_01030415,2025-01-03 05:25:00,1,B3,BR3
2025-01-03 04:15:00,AGV_071,JOB_AGV_071_01030415,2025-01-03 04:18:00,1,B5,BR3
2025-01-03 04:15:00,AGV_087,JOB_AGV_087_01030415,2025-01-03 04:50:00,0,B1,BR4
2025-01-03 04:15:00,AGV_090,JOB_AGV_090_01030415,2025-01-03 05:27:00,0,B5,BR1
2025-01-03 04:15:00,AGV_123,JOB_AGV_123_01030415,2025-01-03 04:33:00,0,B7,BR3
2025-01-03 04:15:00,AGV_127,JOB_AGV_127_01030415,2025-01-03 04:21:00,0,B3,BR3
2025-01-03 04:20:00,AGV_017,JOB_AGV_017_01030420,2025-01-03 05:04:00,0,B3,BR3
2025-01-03 04:25:00,AGV_024,JOB_AGV_024_01030425,2025-01-03 04:28:00,1,B3,BR4
2025-01-03 04:25:00,AGV_062,JOB_AGV_062_01030425,2025-01-03 07:22:00,1,B8,BR2
2025-01-03 04:25:00,AGV_077,JOB_AGV_077_01030425,2025-01-03 04:46:00,0,B7,BR1
2025-01-03 04:30:00,AGV_054,JOB_AGV_054_01030430,2025-01-03 04:52:00,0,B3,BR3
2025-01-03 04:30:00,AGV_118,JOB_AGV_118_01030430,2025-01-03 05:02:00,1,B6,BR2
2025-01-03 04:35:00,AGV_030,JOB_AGV_030_01030435,2025-01-03 04:47:00,0,B4,BR3
2025-01-03 04:35:00,AGV_091,JOB_AGV_091_01030435,2025-01-03 05:00:00,0,B6,BR1
2025-01-03 04:40:00,AGV_026,JOB_AGV_026_01030440,2025-01-03 05:26:00,0,B1,BR3
2025-01-03 04:40:00,AGV_043,JOB_AGV_043_01030440,2025-01-03 04:53:00,2,B3,BR2
2025-01-03 04:40:00,AGV_059,JOB_AGV_059_01030440,2025-01-03 04:48:00,0,B6,BR3
2025-01-03 04:40:00,AGV_110,JOB_AGV_110_01030440,2025-01-03 04:56:00,0,B8,BR3
2025-01-03 04:40:00,AGV_125,JOB_AGV_125_01030440,2025-01-03 06:17:00,0,B4,BR3
2025-01-03 04:45:00,AGV_049,JOB_AGV_049_01030445,2025-01-03 04:48:00,1,B6,BR2
2025-01-03 04:45:00,AGV_102,JOB_AGV_102_01030445,2025-01-03 05:35:00,0,B4,BR2
2025-01-03 04:50:00,AGV_073,JOB_AGV_073_01030450,2025-01-03 05:19:00,0,B4,BR3
2025-01-03 04:50:00,AGV_076,JOB_AGV_076_01030450,2025-01-03 05:18:00,0,B6,BR1
2025-01-03 04:50:00,AGV_083,JOB_AGV_083_01030450,2025-01-03 04:55:00,0,B8,BR4
2025-01-03 04:50:00,AGV_088,JOB_AGV_088_01030450,2025-01-03 05:02:00,1,B3,BR2
2025-01-03 04:50:00,AGV_092,JOB_AGV_092_01030450,2025-01-03 05:00:00,0,B2,BR4
2025-01-03 04:55:00,AGV_027,JOB_AGV_027_01030455,2025-01-03 05:47:00,1,B8,BR1
2025-01-03 04:55:00,AGV_051,JOB_AGV_051_01030455,2025-01-03 04:55:00,2,B3,BR4
2025-01-03 04:55:00,AGV_099,JOB_AGV_099_01030455,2025-01-03 06:18:00,0,B4,BR1
2025-01-03 04:55:00,AGV_109,JOB_AGV_109_01030455,2025-01-03 05:03:00,0,B7,BR1
2025-01-03 04:55:00,AGV_125,JOB_AGV_125_01030455,2025-01-03 05:47:00,0,B5,BR2
2025-01-03 05:00:00,AGV_054,JOB_AGV_054_01030500,2025-01-03 05:05:00,1,B1,BR1
2025-01-03 05:00:00,AGV_068,JOB_AGV_068_01030500,2025-01-03 05:22:00,0,B3,BR1
2025-01-03 05:05:00,AGV_115,JOB_AGV_115_01030505,2025-01-03 05:08:00,0,B1,BR3
2025-01-03 05:05:00,AGV_116,JOB_AGV_116_01030505,2025-01-03 05:10:00,1,B7,BR1
2025-01-03 05:05:00,AGV_128,JOB_AGV_128_01030505,2025-01-03 05:58:00,2,B2,BR2
2025-01-03 05:10:00,AGV_039,JOB_AGV_039_01030510,2025-01-03 05:20:00,0,B4,BR4
2025-01-03 05:10:00,AGV_068,JOB_AGV_068_01030510,2025-01-03 05:13:00,1,B8,BR3
2025-01-03 05:10:00,AGV_071,JOB_AGV_071_01030510,2025-01-03 05:14:00,1,B4,BR2
2025-01-03 05:10:00,AGV_080,JOB_AGV_080_01030510,2025-01-03 05:30:00,0,B5,BR2
2025-01-03 05:10:00,AGV_091,JOB_AGV_091_01030510,2025-01-03 05:20:00,0,B6,BR1
2025-01-03 05:10:00,AGV_126,JOB_AGV_126_01030510,2025-01-03 05:34:00,1,B7,BR1
2025-01-03 05:15:00,AGV_008,JOB_AGV_008_01030515,2025-01-03 06:00:00,0,B1,BR1
2025-01-03 05:15:00,AGV_027,JOB_AGV_027_01030515,2025-01-03 05:24:00,1,B6,BR4
2025-01-03 05:15:00,AGV_037,JOB_AGV_037_01030515,2025-01-03 05:29:00,0,B8,BR1
2025-01-03 05:15:00,AGV_109,JOB_AGV_109_01030515,2025-01-03 05:19:00,0,B3,BR4
2025-01-03 05:20:00,AGV_045,JOB_AGV_045_01030520,2025-01-03 06:23:00,0,B7,BR2
2025-01-03 05:20:00,AGV_093,JOB_AGV_093_01030520,2025-01-03 05:30:00,1,B4,BR1
2025-01-03 05:25:00,AGV_006,JOB_AGV_006_01030525,2025-01-03 05:43:00,0,B3,BR3
2025-01-03 05:25:00,AGV_033,JOB_AGV_033_01030525,2025-01-03 06:18:00,1,B8,BR4
2025-01-03 05:30:00,AGV_021,JOB_AGV_021_01030530,2025-01-03 06:19:00,0,B8,BR2
2025-01-03 05:30:00,AGV_026,JOB_AGV_026_01030530,2025-01-03 05:35:00,1,B3,BR4
2025-01-03 05:30:00,AGV_049,JOB_AGV_049_01030530,2025-01-03 06:01:00,0,B5,BR2
2025-01-03 05:30:00,AGV_056,JOB_AGV_056_01030530,2025-01-03 06:07:00,1,B5,BR1
2025-01-03 05:30:00,AGV_114,JOB_AGV_114_01030530,2025-01-03 05:51:00,0,B3,BR3
2025-01-03 05:35:00,AGV_033,JOB_AGV_033_01030535,2025-01-03 06:45:00,1,B8,BR4
2025-01-03 05:35:00,AGV_062,JOB_AGV_062_01030535,2025-01-03 05:47:00,1,B4,BR1
2025-01-03 05:35:00,AGV_077,JOB_AGV_077_01030535,2025-01-03 05:44:00,1,B7,BR2
2025-01-03 05:35:00,AGV_094,JOB_AGV_094_01030535,2025-01-03 06:03:00,1,B6,BR3
2025-01-03 05:35:00,AGV_103,JOB_AGV_103_01030535,2025-01-03 05:40:00,1,B5,BR2
2025-01-03 05:45:00,AGV_015,JOB_AGV_015_01030545,2025-01-03 05:57:00,1,B3,BR3
2025-01-03 05:45:00,AGV_028,JOB_AGV_028_01030545,2025-01-03 06:49:00,0,B5,BR1
2025-01-03 05:45:00,AGV_035,JOB_AGV_035_01030545,2025-01-03 05:55:00,1,B4,BR4
2025-01-03 05:45:00,AGV_083,JOB_AGV_083_01030545,2025-01-03 06:28:00,2,B6,BR4
2025-01-03 05:55:00,AGV_010,JOB_AGV_010_01030555,2025-01-03 05:55:00,0,B7,BR4
2025-01-03 05:55:00,AGV_048,JOB_AGV_048_01030555,2025-01-03 06:48:00,0,B7,BR3
2025-01-03 05:55:00,AGV_088,JOB_AGV_088_01030555,2025-01-03 07:37:00,0,B3,BR2
2025-01-03 05:55:00,AGV_124,JOB_AGV_124_01030555,2025-01-03 07:54:00,1,B1,BR2
2025-01-03 06:00:00,AGV_091,JOB_AGV_091_01030600,2025-01-03 08:14:00,0,B1,BR1
2025-01-03 06:05:00,AGV_065,JOB_AGV_065_01030605,2025-01-03 06:26:00,1,B6,BR1
2025-01-03 06:05:00,AGV_104,JOB_AGV_104_01030605,2025-01-03 06:12:00,1,B3,BR2
2025-01-03 06:10:00,AGV_002,JOB_AGV_002_01030610,2025-01-03 06:12:00,1,B2,BR3
2025-01-03 06:10:00,AGV_058,JOB_AGV_058_01030610,2025-01-03 06:34:00,1,B4,BR4
2025-01-03 06:10:00,AGV_065,JOB_AGV_065_01030610,2025-01-03 06:50:00,1,B6,BR3
2025-01-03 06:10:00,AGV_080,JOB_AGV_080_01030610,2025-01-03 06:16:00,0,B4,BR4
2025-01-03 06:10:00,AGV_085,JOB_AGV_085_01030610,2025-01-03 06:11:00,1,B3,BR2
2025-01-03 06:10:00,AGV_087,JOB_AGV_087_01030610,2025-01-03 07:57:00,1,B3,BR3
2025-01-03 06:10:00,AGV_088,JOB_AGV_088_01030610,2025-01-03 06:14:00,0,B3,BR1
2025-01-03 06:10:00,AGV_114,JOB_AGV_114_01030610,2025-01-03 06:37:00,0,B7,BR1
2025-01-03 06:15:00,AGV_018,JOB_AGV_018_01030615,2025-01-03 06:28:00,2,B7,BR1
2025-01-03 06:15:00,AGV_020,JOB_AGV_020_01030615,2025-01-03 06:40:00,2,B7,BR3
2025-01-03 06:15:00,AGV_067,JOB_AGV_067_01030615,2025-01-03 06:48:00,0,B6,BR2
2025-01-03 06:20:00,AGV_077,JOB_AGV_077_01030620,2025-01-03 06:20:00,0,B2,BR2
2025-01-03 06:20:00,AGV_103,JOB_AGV_103_01030620,2025-01-03 06:42:00,1,B4,BR4
2025-01-03 06:25:00,AGV_061,JOB_AGV_061_01030625,2025-01-03 06:51:00,1,B6,BR3
2025-01-03 06:25:00,AGV_105,JOB_AGV_105_01030625,2025-01-03 06:30:00,1,B4,BR3
2025-01-03 06:30:00,AGV_002,JOB_AGV_002_01030630,2025-01-03 06:31:00,1,B7,BR1
2025-01-03 06:30:00,AGV_031,JOB_AGV_031_01030630,2025-01-03 06:47:00,0,B3,BR1
2025-01-03 06:30:00,AGV_045,JOB_AGV_045_01030630,2025-01-03 06:33:00,1,B5,BR1
2025-01-03 06:30:00,AGV_098,JOB_AGV_098_01030630,2025-01-03 08:01:00,0,B3,BR4
2025-01-03 06:35:00,AGV_011,JOB_AGV_011_01030635,2025-01-03 08:33:00,1,B2,BR4
2025-01-03 06:35:00,AGV_062,JOB_AGV_062_01030635,2025-01-03 06:59:00,1,B8,BR2
2025-01-03 06:35:00,AGV_118,JOB_AGV_118_01030635,2025-01-03 06:36:00,2,B8,BR3
2025-01-03 06:40:00,AGV_052,JOB_AGV_052_01030640,2025-01-03 07:16:00,0,B5,BR4
2025-01-03 06:40:00,AGV_094,JOB_AGV_094_01030640,2025-01-03 09:08:00,1,B2,BR3
2025-01-03 06:40:00,AGV_098,JOB_AGV_098_01030640,2025-01-03 06:48:00,0,B8,BR4
2025-01-03 06:40:00,AGV_100,JOB_AGV_100_01030640,2025-01-03 07:31:00,0,B5,BR2
2025-01-03 06:45:00,AGV_077,JOB_AGV_077_01030645,2025-01-03 06:46:00,1,B3,BR1
2025-01-03 06:50:00,AGV_055,JOB_AGV_055_01030650,2025-01-03 07:35:00,0,B7,BR1
2025-01-03 06:50:00,AGV_076,JOB_AGV_076_01030650,2025-01-03 08:09:00,2,B2,BR4
2025-01-03 06:50:00,AGV_120,JOB_AGV_120_01030650,2025-01-03 08:00:00,0,B2,BR2
2025-01-03 07:00:00,AGV_056,JOB_AGV_056_01030700,2025-01-03 07:05:00,1,B7,BR2
2025-01-03 07:00:00,AGV_067,JOB_AGV_067_01030700,2025-01-03 09:44:00,0,B5,BR3
2025-01-03 07:00:00,AGV_097,JOB_AGV_097_01030700,2025-01-03 07:07:00,0,B4,BR4
2025-01-03 07:05:00,AGV_027,JOB_AGV_027_01030705,2025-01-03 07:45:00,2,B7,BR1
2025-01-03 07:05:00,AGV_030,JOB_AGV_030_01030705,2025-01-03 07:05:00,0,B8,BR1
2025-01-03 07:05:00,AGV_063,JOB_AGV_063_01030705,2025-01-03 07:30:00,1,B4,BR1
2025-01-03 07:05:00,AGV_089,JOB_AGV_089_01030705,2025-01-03 07:05:00,1,B5,BR2
2025-01-03 07:10:00,AGV_060,JOB_AGV_060_01030710,2025-01-03 07:17:00,0,B6,BR3
2025-01-03 07:10:00,AGV_102,JOB_AGV_102_01030710,2025-01-03 07:31:00,1,B1,BR1
2025-01-03 07:10:00,AGV_115,JOB_AGV_115_01030710,2025-01-03 07:14:00,1,B2,BR2
2025-01-03 07:15:00,AGV_048,JOB_AGV_048_01030715,2025-01-03 07:37:00,0,B1,BR2
2025-01-03 07:15:00,AGV_051,JOB_AGV_051_01030715,2025-01-03 07:24:00,0,B6,BR1
2025-01-03 07:20:00,AGV_008,JOB_AGV_008_01030720,2025-01-03 07:52:00,0,B5,BR3
2025-01-03 07:20:00,AGV_013,JOB_AGV_013_01030720,2025-01-03 07:25:00,1,B3,BR4
2025-01-03 07:20:00,AGV_050,JOB_AGV_050_01030720,2025-01-03 08:04:00,1,B7,BR1
2025-01-03 07:20:00,AGV_120,JOB_AGV_120_01030720,2025-01-03 09:28:00,0,B3,BR4
2025-01-03 07:25:00,AGV_004,JOB_AGV_004_01030725,2025-01-03 08:09:00,0,B3,BR2
2025-01-03 07:25:00,AGV_024,JOB_AGV_024_01030725,2025-01-03 08:04:00,1,B7,BR2
2025-01-03 07:25:00,AGV_072,JOB_AGV_072_01030725,2025-01-03 07:59:00,2,B5,BR3
2025-01-03 07:30:00,AGV_053,JOB_AGV_053_01030730,2025-01-03 07:49:00,2,B5,BR4
2025-01-03 07:30:00,AGV_097,JOB_AGV_097_01030730,2025-01-03 07:35:00,1,B3,BR2
2025-01-03 07:35:00,AGV_005,JOB_AGV_005_01030735,2025-01-03 07:38:00,0,B5,BR3
2025-01-03 07:35:00,AGV_044,JOB_AGV_044_01030735,2025-01-03 08:02:00,1,B8,BR1
2025-01-03 07:35:00,AGV_069,JOB_AGV_069_01030735,2025-01-03 07:37:00,0,B1,BR3
2025-01-03 07:35:00,AGV_079,JOB_AGV_079_01030735,2025-01-03 07:48:00,0,B5,BR4
2025-01-03 07:35:00,AGV_085,JOB_AGV_085_01030735,2025-01-03 08:55:00,0,B5,BR1
2025-01-03 07:35:00,AGV_099,JOB_AGV_099_01030735,2025-01-03 09:37:00,0,B3,BR4
2025-01-03 07:40:00,AGV_032,JOB_AGV_032_01030740,2025-01-03 08:22:00,1,B3,BR4
2025-01-03 07:40:00,AGV_035,JOB_AGV_035_01030740,2025-01-03 07:49:00,0,B2,BR3
2025-01-03 07:40:00,AGV_050,JOB_AGV_050_01030740,2025-01-03 08:08:00,1,B7,BR3
2025-01-03 07:45:00,AGV_087,JOB_AGV_087_01030745,2025-01-03 08:10:00,1,B3,BR3
2025-01-03 07:45:00,AGV_122,JOB_AGV_122_01030745,2025-01-03 08:33:00,0,B6,BR2
2025-01-03 07:50:00,AGV_020,JOB_AGV_020_01030750,2025-01-03 07:50:00,0,B1,BR1
2025-01-03 07:50:00,AGV_089,JOB_AGV_089_01030750,2025-01-03 10:56:00,1,B2,BR1
2025-01-03 07:50:00,AGV_100,JOB_AGV_100_01030750,2025-01-03 09:22:00,1,B8,BR3
2025-01-03 07:50:00,AGV_130,JOB_AGV_130_01030750,2025-01-03 08:06:00,2,B8,BR4
2025-01-03 07:55:00,AGV_006,JOB_AGV_006_01030755,2025-01-03 08:22:00,1,B2,BR3
2025-01-03 07:55:00,AGV_017,JOB_AGV_017_01030755,2025-01-03 08:33:00,0,B7,BR3
2025-01-03 08:00:00,AGV_002,JOB_AGV_002_01030800,2025-01-03 08:07:00,0,B1,BR4
2025-01-03 08:00:00,AGV_071,JOB_AGV_071_01030800,2025-01-03 08:43:00,0,B5,BR1
2025-01-03 08:05:00,AGV_004,JOB_AGV_004_01030805,2025-01-03 08:56:00,0,B6,BR1
2025-01-03 08:05:00,AGV_025,JOB_AGV_025_01030805,2025-01-03 08:45:00,1,B1,BR4
2025-01-03 08:05:00,AGV_042,JOB_AGV_042_01030805,2025-01-03 08:17:00,0,B2,BR3
2025-01-03 08:05:00,AGV_090,JOB_AGV_090_01030805,2025-01-03 08:20:00,2,B3,BR3
2025-01-03 08:10:00,AGV_046,JOB_AGV_046_01030810,2025-01-03 08:12:00,2,B2,BR3
2025-01-03 08:10:00,AGV_053,JOB_AGV_053_01030810,2025-01-03 09:01:00,2,B4,BR1
2025-01-03 08:10:00,AGV_063,JOB_AGV_063_01030810,2025-01-03 08:23:00,1,B7,BR4
2025-01-03 08:10:00,AGV_100,JOB_AGV_100_01030810,2025-01-03 08:53:00,0,B1,BR3
2025-01-03 08:10:00,AGV_117,JOB_AGV_117_01030810,2025-01-03 08:13:00,0,B6,BR1
2025-01-03 08:15:00,AGV_042,JOB_AGV_042_01030815,2025-01-03 08:22:00,0,B3,BR2
2025-01-03 08:20:00,AGV_064,JOB_AGV_064_01030820,2025-01-03 08:35:00,2,B8,BR2
2025-01-03 08:20:00,AGV_094,JOB_AGV_094_01030820,2025-01-03 08:32:00,2,B3,BR3
2025-01-03 08:25:00,AGV_049,JOB_AGV_049_01030825,2025-01-03 08:39:00,2,B2,BR2
2025-01-03 08:30:00,AGV_032,JOB_AGV_032_01030830,2025-01-03 08:31:00,0,B2,BR2
2025-01-03 08:30:00,AGV_038,JOB_AGV_038_01030830,2025-01-03 09:16:00,1,B6,BR1
2025-01-03 08:30:00,AGV_082,JOB_AGV_082_01030830,2025-01-03 08:39:00,1,B7,BR4
2025-01-03 08:30:00,AGV_083,JOB_AGV_083_01030830,2025-01-03 08:31:00,0,B7,BR4
2025-01-03 08:30:00,AGV_126,JOB_AGV_126_01030830,2025-01-03 10:08:00,2,B8,BR4
2025-01-03 08:35:00,AGV_090,JOB_AGV_090_01030835,2025-01-03 08:57:00,2,B8,BR4
2025-01-03 08:35:00,AGV_110,JOB_AGV_110_01030835,2025-01-03 08:42:00,0,B6,BR3
2025-01-03 08:40:00,AGV_010,JOB_AGV_010_01030840,2025-01-03 08:57:00,1,B8,BR1
2025-01-03 08:40:00,AGV_031,JOB_AGV_031_01030840,2025-01-03 08:42:00,1,B8,BR4
2025-01-03 08:40:00,AGV_060,JOB_AGV_060_01030840,2025-01-03 08:45:00,1,B6,BR4
2025-01-03 08:45:00,AGV_112,JOB_AGV_112_01030845,2025-01-03 09:38:00,1,B5,BR2
2025-01-03 08:50:00,AGV_091,JOB_AGV_091_01030850,2025-01-03 09:00:00,0,B4,BR3
2025-01-03 08:50:00,AGV_119,JOB_AGV_119_01030850,2025-01-03 09:37:00,0,B1,BR2
2025-01-03 08:55:00,AGV_026,JOB_AGV_026_01030855,2025-01-03 09:53:00,2,B5,BR3
2025-01-03 08:55:00,AGV_032,JOB_AGV_032_01030855,2025-01-03 09:35:00,1,B5,BR3
2025-01-03 09:00:00,AGV_023,JOB_AGV_023_01030900,2025-01-03 09:10:00,0,B8,BR3
2025-01-03 09:00:00,AGV_047,JOB_AGV_047_01030900,2025-01-03 11:02:00,1,B7,BR4
2025-01-03 09:00:00,AGV_100,JOB_AGV_100_01030900,2025-01-03 09:09:00,1,B6,BR2
2025-01-03 09:00:00,AGV_125,JOB_AGV_125_01030900,2025-01-03 09:57:00,2,B4,BR3
2025-01-03 09:05:00,AGV_024,JOB_AGV_024_01030905,2025-01-03 09:32:00,0,B7,BR3
2025-01-03 09:05:00,AGV_042,JOB_AGV_042_01030905,2025-01-03 09:19:00,0,B8,BR1
2025-01-03 09:10:00,AGV_067,JOB_AGV_067_01030910,2025-01-03 09:15:00,0,B6,BR4
2025-01-03 09:10:00,AGV_070,JOB_AGV_070_01030910,2025-01-03 09:21:00,1,B8,BR4
2025-01-03 09:10:00,AGV_071,JOB_AGV_071_01030910,2025-01-03 09:23:00,0,B5,BR4
2025-01-03 09:10:00,AGV_074,JOB_AGV_074_01030910,2025-01-03 09:10:00,1,B8,BR3
2025-01-03 09:15:00,AGV_024,JOB_AGV_024_01030915,2025-01-03 09:42:00,1,B1,BR4
2025-01-03 09:15:00,AGV_029,JOB_AGV_029_01030915,2025-01-03 09:30:00,1,B2,BR3
2025-01-03 09:20:00,AGV_038,JOB_AGV_038_01030920,2025-01-03 09:23:00,1,B4,BR2
2025-01-03 09:20:00,AGV_092,JOB_AGV_092_01030920,2025-01-03 09:26:00,2,B4,BR4
2025-01-03 09:25:00,AGV_023,JOB_AGV_023_01030925,2025-01-03 09:45:00,0,B8,BR4
2025-01-03 09:25:00,AGV_030,JOB_AGV_030_01030925,2025-01-03 09:53:00,0,B7,BR2
2025-01-03 09:25:00,AGV_034,JOB_AGV_034_01030925,2025-01-03 09:25:00,2,B6,BR3
2025-01-03 09:35:00,AGV_063,JOB_AGV_063_01030935,2025-01-03 09:36:00,0,B2,BR1
2025-01-03 09:35:00,AGV_107,JOB_AGV_107_01030935,2025-01-03 09:36:00,2,B8,BR2
2025-01-03 09:35:00,AGV_115,JOB_AGV_115_01030935,2025-01-03 09:37:00,1,B2,BR2
2025-01-03 09:45:00,AGV_061,JOB_AGV_061_01030945,2025-01-03 10:14:00,0,B2,BR1
2025-01-03 09:55:00,AGV_055,JOB_AGV_055_01030955,2025-01-03 10:26:00,2,B8,BR4
2025-01-03 09:55:00,AGV_075,JOB_AGV_075_01030955,2025-01-03 10:00:00,0,B4,BR1
2025-01-03 09:55:00,AGV_125,JOB_AGV_125_01030955,2025-01-03 10:26:00,0,B1,BR1
2025-01-03 10:00:00,AGV_004,JOB_AGV_004_01031000,2025-01-03 10:06:00,2,B7,BR1
2025-01-03 10:00:00,AGV_107,JOB_AGV_107_01031000,2025-01-03 10:38:00,1,B1,BR3
2025-01-03 10:05:00,AGV_070,JOB_AGV_070_01031005,2025-01-03 10:11:00,0,B3,BR2
2025-01-03 10:05:00,AGV_100,JOB_AGV_100_01031005,2025-01-03 10:36:00,0,B3,BR1
2025-01-03 10:05:00,AGV_115,JOB_AGV_115_01031005,2025-01-03 11:07:00,0,B7,BR2
2025-01-03 10:10:00,AGV_012,JOB_AGV_012_01031010,2025-01-03 10:10:00,0,B1,BR4
2025-01-03 10:10:00,AGV_071,JOB_AGV_071_01031010,2025-01-03 10:12:00,1,B3,BR2
2025-01-03 10:10:00,AGV_114,JOB_AGV_114_01031010,2025-01-03 10:25:00,0,B7,BR4
2025-01-03 10:15:00,AGV_021,JOB_AGV_021_01031015,2025-01-03 10:16:00,1,B6,BR1
2025-01-03 10:15:00,AGV_024,JOB_AGV_024_01031015,2025-01-03 10:37:00,1,B3,BR2
2025-01-03 10:15:00,AGV_057,JOB_AGV_057_01031015,2025-01-03 11:06:00,0,B8,BR3
2025-01-03 10:15:00,AGV_063,JOB_AGV_063_01031015,2025-01-03 10:38:00,1,B5,BR2
2025-01-03 10:15:00,AGV_117,JOB_AGV_117_01031015,2025-01-03 10:18:00,0,B8,BR2
2025-01-03 10:20:00,AGV_086,JOB_AGV_086_01031020,2025-01-03 10:21:00,1,B4,BR3
2025-01-03 10:20:00,AGV_102,JOB_AGV_102_01031020,2025-01-03 10:40:00,1,B2,BR4
2025-01-03 10:20:00,AGV_109,JOB_AGV_109_01031020,2025-01-03 10:27:00,0,B5,BR4
2025-01-03 10:20:00,AGV_110,JOB_AGV_110_01031020,2025-01-03 10:53:00,1,B4,BR4
2025-01-03 10:20:00,AGV_113,JOB_AGV_113_01031020,2025-01-03 10:28:00,0,B6,BR2
2025-01-03 10:25:00,AGV_101,JOB_AGV_101_01031025,2025-01-03 11:18:00,0,B6,BR4
2025-01-03 10:30:00,AGV_004,JOB_AGV_004_01031030,2025-01-03 10:31:00,1,B4,BR2
2025-01-03 10:30:00,AGV_074,JOB_AGV_074_01031030,2025-01-03 11:23:00,1,B7,BR1
2025-01-03 10:35:00,AGV_088,JOB_AGV_088_01031035,2025-01-03 11:28:00,1,B2,BR1
2025-01-03 10:40:00,AGV_032,JOB_AGV_032_01031040,2025-01-03 10:43:00,0,B1,BR4
2025-01-03 10:40:00,AGV_033,JOB_AGV_033_01031040,2025-01-03 10:52:00,1,B5,BR3
2025-01-03 10:40:00,AGV_125,JOB_AGV_125_01031040,2025-01-03 11:15:00,0,B1,BR3
2025-01-03 10:45:00,AGV_032,JOB_AGV_032_01031045,2025-01-03 11:26:00,2,B4,BR3
2025-01-03 10:45:00,AGV_061,JOB_AGV_061_01031045,2025-01-03 10:56:00,0,B3,BR4
2025-01-03 10:45:00,AGV_071,JOB_AGV_071_01031045,2025-01-03 10:51:00,1,B5,BR3
2025-01-03 10:45:00,AGV_078,JOB_AGV_078_01031045,2025-01-03 12:04:00,2,B8,BR1
2025-01-03 10:50:00,AGV_054,JOB_AGV_054_01031050,2025-01-03 12:00:00,1,B2,BR3
2025-01-03 10:50:00,AGV_055,JOB_AGV_055_01031050,2025-01-03 10:53:00,0,B3,BR2
2025-01-03 10:50:00,AGV_064,JOB_AGV_064_01031050,2025-01-03 11:16:00,0,B3,BR1
2025-01-03 10:50:00,AGV_075,JOB_AGV_075_01031050,2025-01-03 10:52:00,0,B4,BR3
2025-01-03 10:55:00,AGV_024,JOB_AGV_024_01031055,2025-01-03 10:56:00,0,B3,BR1
2025-01-03 11:00:00,AGV_005,JOB_AGV_005_01031100,2025-01-03 11:19:00,2,B4,BR2
2025-01-03 11:05:00,AGV_060,JOB_AGV_060_01031105,2025-01-03 11:40:00,1,B8,BR3
2025-01-03 11:05:00,AGV_085,JOB_AGV_085_01031105,2025-01-03 11:18:00,0,B8,BR4
2025-01-03 11:05:00,AGV_088,JOB_AGV_088_01031105,2025-01-03 11:40:00,1,B4,BR1
2025-01-03 11:05:00,AGV_118,JOB_AGV_118_01031105,2025-01-03 11:48:00,1,B3,BR3
2025-01-03 11:10:00,AGV_019,JOB_AGV_019_01031110,2025-01-03 11:42:00,0,B4,BR1
2025-01-03 11:10:00,AGV_048,JOB_AGV_048_01031110,2025-01-03 12:38:00,1,B1,BR1
2025-01-03 11:10:00,AGV_069,JOB_AGV_069_01031110,2025-01-03 11:54:00,1,B5,BR1
2025-01-03 11:10:00,AGV_079,JOB_AGV_079_01031110,2025-01-03 12:39:00,2,B3,BR1
2025-01-03 11:10:00,AGV_080,JOB_AGV_080_01031110,2025-01-03 11:17:00,2,B4,BR1
2025-01-03 11:15:00,AGV_078,JOB_AGV_078_01031115,2025-01-03 12:29:00,0,B7,BR3
2025-01-03 11:15:00,AGV_091,JOB_AGV_091_01031115,2025-01-03 11:34:00,1,B3,BR3
2025-01-03 11:15:00,AGV_095,JOB_AGV_095_01031115,2025-01-03 11:22:00,0,B5,BR1
2025-01-03 11:15:00,AGV_096,JOB_AGV_096_01031115,2025-01-03 14:56:00,2,B4,BR2
2025-01-03 11:15:00,AGV_105,JOB_AGV_105_01031115,2025-01-03 11:23:00,0,B2,BR2
2025-01-03 11:15:00,AGV_118,JOB_AGV_118_01031115,2025-01-03 11:31:00,0,B5,BR4
2025-01-03 11:15:00,AGV_127,JOB_AGV_127_01031115,2025-01-03 11:18:00,1,B5,BR1
2025-01-03 11:20:00,AGV_020,JOB_AGV_020_01031120,2025-01-03 11:25:00,1,B1,BR3
2025-01-03 11:20:00,AGV_029,JOB_AGV_029_01031120,2025-01-03 11:34:00,0,B6,BR3
2025-01-03 11:30:00,AGV_005,JOB_AGV_005_01031130,2025-01-03 12:35:00,0,B7,BR2
2025-01-03 11:30:00,AGV_059,JOB_AGV_059_01031130,2025-01-03 11:40:00,0,B5,BR3
2025-01-03 11:30:00,AGV_077,JOB_AGV_077_01031130,2025-01-03 14:09:00,0,B8,BR4
2025-01-03 11:30:00,AGV_079,JOB_AGV_079_01031130,2025-01-03 11:40:00,0,B6,BR1
2025-01-03 11:30:00,AGV_099,JOB_AGV_099_01031130,2025-01-03 11:51:00,1,B7,BR3
2025-01-03 11:35:00,AGV_047,JOB_AGV_047_01031135,2025-01-03 12:24:00,1,B8,BR1
2025-01-03 11:40:00,AGV_023,JOB_AGV_023_01031140,2025-01-03 12:05:00,0,B8,BR2
2025-01-03 11:45:00,AGV_016,JOB_AGV_016_01031145,2025-01-03 11:59:00,0,B6,BR4
2025-01-03 11:45:00,AGV_019,JOB_AGV_019_01031145,2025-01-03 13:01:00,0,B3,BR3
2025-01-03 11:45:00,AGV_080,JOB_AGV_080_01031145,2025-01-03 12:39:00,1,B4,BR4
2025-01-03 11:45:00,AGV_126,JOB_AGV_126_01031145,2025-01-03 11:56:00,1,B4,BR2
2025-01-03 11:50:00,AGV_020,JOB_AGV_020_01031150,2025-01-03 11:58:00,0,B8,BR3
2025-01-03 11:50:00,AGV_026,JOB_AGV_026_01031150,2025-01-03 11:52:00,0,B4,BR2
2025-01-03 11:50:00,AGV_078,JOB_AGV_078_01031150,2025-01-03 12:44:00,0,B4,BR2
2025-01-03 11:50:00,AGV_100,JOB_AGV_100_01031150,2025-01-03 11:53:00,1,B8,BR4
2025-01-03 11:50:00,AGV_108,JOB_AGV_108_01031150,2025-01-03 12:18:00,0,B6,BR4
2025-01-03 11:55:00,AGV_032,JOB_AGV_032_01031155,2025-01-03 12:24:00,0,B6,BR1
2025-01-03 11:55:00,AGV_042,JOB_AGV_042_01031155,2025-01-03 12:08:00,0,B1,BR1
2025-01-03 11:55:00,AGV_053,JOB_AGV_053_01031155,2025-01-03 12:14:00,1,B6,BR4
2025-01-03 11:55:00,AGV_085,JOB_AGV_085_01031155,2025-01-03 12:17:00,0,B2,BR4
2025-01-03 12:00:00,AGV_094,JOB_AGV_094_01031200,2025-01-03 12:01:00,1,B7,BR4
2025-01-03 12:05:00,AGV_014,JOB_AGV_014_01031205,2025-01-03 12:45:00,1,B3,BR1
2025-01-03 12:05:00,AGV_045,JOB_AGV_045_01031205,2025-01-03 12:09:00,1,B8,BR4
2025-01-03 12:05:00,AGV_087,JOB_AGV_087_01031205,2025-01-03 12:26:00,0,B4,BR3
2025-01-03 12:05:00,AGV_094,JOB_AGV_094_01031205,2025-01-03 12:46:00,0,B3,BR3
2025-01-03 12:10:00,AGV_089,JOB_AGV_089_01031210,2025-01-03 12:54:00,0,B7,BR1
2025-01-03 12:15:00,AGV_033,JOB_AGV_033_01031215,2025-01-03 12:15:00,1,B5,BR2
2025-01-03 12:15:00,AGV_064,JOB_AGV_064_01031215,2025-01-03 12:30:00,0,B5,BR1
2025-01-03 12:15:00,AGV_123,JOB_AGV_123_01031215,2025-01-03 12:56:00,1,B8,BR2
2025-01-03 12:20:00,AGV_008,JOB_AGV_008_01031220,2025-01-03 12:33:00,1,B6,BR2
2025-01-03 12:20:00,AGV_073,JOB_AGV_073_01031220,2025-01-03 12:22:00,0,B5,BR2
2025-01-03 12:20:00,AGV_076,JOB_AGV_076_01031220,2025-01-03 12:52:00,0,B2,BR2
2025-01-03 12:25:00,AGV_115,JOB_AGV_115_01031225,2025-01-03 12:25:00,1,B8,BR4
2025-01-03 12:25:00,AGV_120,JOB_AGV_120_01031225,2025-01-03 12:34:00,1,B2,BR3
2025-01-03 12:30:00,AGV_011,JOB_AGV_011_01031230,2025-01-03 13:48:00,0,B6,BR4
2025-01-03 12:30:00,AGV_023,JOB_AGV_023_01031230,2025-01-03 12:38:00,0,B4,BR4
2025-01-03 12:30:00,AGV_086,JOB_AGV_086_01031230,2025-01-03 13:10:00,0,B3,BR4
2025-01-03 12:35:00,AGV_015,JOB_AGV_015_01031235,2025-01-03 13:38:00,0,B5,BR4
2025-01-03 12:35:00,AGV_079,JOB_AGV_079_01031235,2025-01-03 13:55:00,1,B3,BR3
2025-01-03 12:35:00,AGV_087,JOB_AGV_087_01031235,2025-01-03 12:42:00,0,B3,BR2
2025-01-03 12:35:00,AGV_105,JOB_AGV_105_01031235,2025-01-03 12:53:00,1,B5,BR3
2025-01-03 12:40:00,AGV_056,JOB_AGV_056_01031240,2025-01-03 13:11:00,2,B6,BR2
2025-01-03 12:40:00,AGV_076,JOB_AGV_076_01031240,2025-01-03 13:22:00,0,B4,BR4
2025-01-03 12:40:00,AGV_109,JOB_AGV_109_01031240,2025-01-03 13:12:00,0,B2,BR3
2025-01-03 12:50:00,AGV_025,JOB_AGV_025_01031250,2025-01-03 13:01:00,0,B4,BR3
2025-01-03 12:50:00,AGV_056,JOB_AGV_056_01031250,2025-01-03 12:50:00,0,B2,BR2
2025-01-03 12:55:00,AGV_106,JOB_AGV_106_01031255,2025-01-03 13:22:00,0,B7,BR3
2025-01-03 13:00:00,AGV_067,JOB_AGV_067_01031300,2025-01-03 15:02:00,2,B1,BR4
2025-01-03 13:00:00,AGV_129,JOB_AGV_129_01031300,2025-01-03 13:11:00,0,B3,BR1
2025-01-03 13:05:00,AGV_001,JOB_AGV_001_01031305,2025-01-03 13:05:00,1,B2,BR4
2025-01-03 13:05:00,AGV_041,JOB_AGV_041_01031305,2025-01-03 13:19:00,0,B3,BR1
2025-01-03 13:05:00,AGV_045,JOB_AGV_045_01031305,2025-01-03 13:39:00,1,B2,BR3
2025-01-03 13:05:00,AGV_046,JOB_AGV_046_01031305,2025-01-03 13:58:00,0,B4,BR3
2025-01-03 13:05:00,AGV_067,JOB_AGV_067_01031305,2025-01-03 13:06:00,0,B7,BR1
2025-01-03 13:05:00,AGV_086,JOB_AGV_086_01031305,2025-01-03 13:43:00,0,B1,BR2
2025-01-03 13:05:00,AGV_093,JOB_AGV_093_01031305,2025-01-03 14:19:00,0,B3,BR4
2025-01-03 13:10:00,AGV_082,JOB_AGV_082_01031310,2025-01-03 13:15:00,0,B4,BR4
2025-01-03 13:10:00,AGV_092,JOB_AGV_092_01031310,2025-01-03 14:14:00,2,B4,BR4
2025-01-03 13:10:00,AGV_101,JOB_AGV_101_01031310,2025-01-03 13:46:00,0,B2,BR2
2025-01-03 13:15:00,AGV_019,JOB_AGV_019_01031315,2025-01-03 13:47:00,1,B2,BR3
2025-01-03 13:15:00,AGV_020,JOB_AGV_020_01031315,2025-01-03 13:22:00,0,B3,BR3
2025-01-03 13:15:00,AGV_127,JOB_AGV_127_01031315,2025-01-03 15:49:00,0,B5,BR3
2025-01-03 13:20:00,AGV_014,JOB_AGV_014_01031320,2025-01-03 13:59:00,0,B2,BR1
2025-01-03 13:30:00,AGV_055,JOB_AGV_055_01031330,2025-01-03 14:05:00,1,B4,BR3
2025-01-03 13:30:00,AGV_059,JOB_AGV_059_01031330,2025-01-03 14:21:00,0,B4,BR1
2025-01-03 13:30:00,AGV_083,JOB_AGV_083_01031330,2025-01-03 14:04:00,0,B5,BR4
2025-01-03 13:30:00,AGV_109,JOB_AGV_109_01031330,2025-01-03 13:39:00,1,B3,BR1
2025-01-03 13:35:00,AGV_005,JOB_AGV_005_01031335,2025-01-03 13:57:00,0,B7,BR3
2025-01-03 13:35:00,AGV_039,JOB_AGV_039_01031335,2025-01-03 15:19:00,0,B2,BR2
2025-01-03 13:35:00,AGV_121,JOB_AGV_121_01031335,2025-01-03 13:45:00,1,B6,BR3
2025-01-03 13:40:00,AGV_011,JOB_AGV_011_01031340,2025-01-03 13:41:00,0,B3,BR4
2025-01-03 13:40:00,AGV_056,JOB_AGV_056_01031340,2025-01-03 13:43:00,0,B4,BR2
2025-01-03 13:45:00,AGV_084,JOB_AGV_084_01031345,2025-01-03 14:01:00,0,B7,BR4
2025-01-03 13:50:00,AGV_071,JOB_AGV_071_01031350,2025-01-03 15:04:00,1,B6,BR2
2025-01-03 13:55:00,AGV_102,JOB_AGV_102_01031355,2025-01-03 16:08:00,2,B4,BR1
2025-01-03 14:00:00,AGV_093,JOB_AGV_093_01031400,2025-01-03 14:11:00,0,B4,BR3
2025-01-03 14:00:00,AGV_130,JOB_AGV_130_01031400,2025-01-03 15:25:00,1,B1,BR3
2025-01-03 14:05:00,AGV_047,JOB_AGV_047_01031405,2025-01-03 14:13:00,1,B6,BR3
2025-01-03 14:05:00,AGV_058,JOB_AGV_058_01031405,2025-01-03 14:51:00,1,B4,BR3
2025-01-03 14:05:00,AGV_082,JOB_AGV_082_01031405,2025-01-03 14:55:00,1,B2,BR3
2025-01-03 14:05:00,AGV_115,JOB_AGV_115_01031405,2025-01-03 14:30:00,2,B8,BR1
2025-01-03 14:10:00,AGV_067,JOB_AGV_067_01031410,2025-01-03 14:16:00,1,B4,BR2
2025-01-03 14:10:00,AGV_119,JOB_AGV_119_01031410,2025-01-03 14:31:00,2,B6,BR4
2025-01-03 14:15:00,AGV_028,JOB_AGV_028_01031415,2025-01-03 14:45:00,2,B2,BR1
2025-01-03 14:15:00,AGV_043,JOB_AGV_043_01031415,2025-01-03 14:51:00,1,B2,BR1
2025-01-03 14:15:00,AGV_058,JOB_AGV_058_01031415,2025-01-03 15:33:00,0,B6,BR3
2025-01-03 14:25:00,AGV_031,JOB_AGV_031_01031425,2025-01-03 14:44:00,1,B2,BR4
2025-01-03 14:25:00,AGV_115,JOB_AGV_115_01031425,2025-01-03 14:53:00,0,B5,BR4
2025-01-03 14:30:00,AGV_010,JOB_AGV_010_01031430,2025-01-03 15:32:00,2,B2,BR2
2025-01-03 14:30:00,AGV_042,JOB_AGV_042_01031430,2025-01-03 14:42:00,1,B8,BR2
2025-01-03 14:30:00,AGV_096,JOB_AGV_096_01031430,2025-01-03 14:35:00,0,B4,BR4
2025-01-03 14:35:00,AGV_042,JOB_AGV_042_01031435,2025-01-03 14:40:00,0,B1,BR1
2025-01-03 14:35:00,AGV_095,JOB_AGV_095_01031435,2025-01-03 14:45:00,0,B7,BR1
2025-01-03 14:35:00,AGV_130,JOB_AGV_130_01031435,2025-01-03 14:43:00,0,B7,BR2
2025-01-03 14:40:00,AGV_026,JOB_AGV_026_01031440,2025-01-03 15:42:00,0,B5,BR4
2025-01-03 14:40:00,AGV_034,JOB_AGV_034_01031440,2025-01-03 14:40:00,0,B2,BR2
2025-01-03 14:40:00,AGV_114,JOB_AGV_114_01031440,2025-01-03 14:43:00,0,B2,BR2
2025-01-03 14:45:00,AGV_042,JOB_AGV_042_01031445,2025-01-03 14:46:00,1,B1,BR3
2025-01-03 14:45:00,AGV_086,JOB_AGV_086_01031445,2025-01-03 15:03:00,1,B5,BR3
2025-01-03 14:45:00,AGV_117,JOB_AGV_117_01031445,2025-01-03 15:29:00,1,B5,BR2
2025-01-03 14:50:00,AGV_015,JOB_AGV_015_01031450,2025-01-03 15:09:00,0,B8,BR3
2025-01-03 14:50:00,AGV_019,JOB_AGV_019_01031450,2025-01-03 14:59:00,0,B3,BR3
2025-01-03 14:50:00,AGV_054,JOB_AGV_054_01031450,2025-01-03 16:42:00,0,B3,BR4
2025-01-03 14:50:00,AGV_060,JOB_AGV_060_01031450,2025-01-03 16:41:00,1,B3,BR1
2025-01-03 14:50:00,AGV_106,JOB_AGV_106_01031450,2025-01-03 15:48:00,1,B5,BR3
2025-01-03 14:55:00,AGV_035,JOB_AGV_035_01031455,2025-01-03 14:55:00,1,B4,BR1
2025-01-03 14:55:00,AGV_082,JOB_AGV_082_01031455,2025-01-03 14:58:00,0,B5,BR4
2025-01-03 14:55:00,AGV_085,JOB_AGV_085_01031455,2025-01-03 15:06:00,2,B8,BR3
2025-01-03 15:00:00,AGV_012,JOB_AGV_012_01031500,2025-01-03 15:17:00,0,B3,BR3
2025-01-03 15:00:00,AGV_045,JOB_AGV_045_01031500,2025-01-03 16:44:00,0,B4,BR4
2025-01-03 15:00:00,AGV_119,JOB_AGV_119_01031500,2025-01-03 15:03:00,1,B2,BR2
2025-01-03 15:05:00,AGV_028,JOB_AGV_028_01031505,2025-01-03 15:08:00,0,B8,BR2
2025-01-03 15:05:00,AGV_040,JOB_AGV_040_01031505,2025-01-03 15:08:00,2,B8,BR4
2025-01-03 15:05:00,AGV_068,JOB_AGV_068_01031505,2025-01-03 15:15:00,2,B2,BR3
2025-01-03 15:05:00,AGV_086,JOB_AGV_086_01031505,2025-01-03 15:34:00,2,B8,BR1
2025-01-03 15:10:00,AGV_013,JOB_AGV_013_01031510,2025-01-03 15:46:00,1,B3,BR2
2025-01-03 15:10:00,AGV_016,JOB_AGV_016_01031510,2025-01-03 15:17:00,0,B2,BR1
2025-01-03 15:10:00,AGV_113,JOB_AGV_113_01031510,2025-01-03 15:32:00,1,B3,BR4
2025-01-03 15:15:00,AGV_016,JOB_AGV_016_01031515,2025-01-03 17:05:00,0,B7,BR4
2025-01-03 15:20:00,AGV_027,JOB_AGV_027_01031520,2025-01-03 15:38:00,0,B4,BR4
2025-01-03 15:20:00,AGV_130,JOB_AGV_130_01031520,2025-01-03 15:27:00,0,B3,BR2
2025-01-03 15:25:00,AGV_005,JOB_AGV_005_01031525,2025-01-03 15:28:00,0,B3,BR2
2025-01-03 15:25:00,AGV_021,JOB_AGV_021_01031525,2025-01-03 16:22:00,2,B3,BR2
2025-01-03 15:25:00,AGV_078,JOB_AGV_078_01031525,2025-01-03 15:37:00,1,B8,BR1
2025-01-03 15:30:00,AGV_042,JOB_AGV_042_01031530,2025-01-03 15:46:00,0,B1,BR1
2025-01-03 15:30:00,AGV_068,JOB_AGV_068_01031530,2025-01-03 16:46:00,2,B6,BR3
2025-01-03 15:35:00,AGV_015,JOB_AGV_015_01031535,2025-01-03 15:50:00,0,B1,BR2
2025-01-03 15:35:00,AGV_062,JOB_AGV_062_01031535,2025-01-03 15:46:00,0,B3,BR2
2025-01-03 15:35:00,AGV_113,JOB_AGV_113_01031535,2025-01-03 15:54:00,0,B8,BR4
2025-01-03 15:35:00,AGV_114,JOB_AGV_114_01031535,2025-01-03 16:43:00,2,B4,BR4
2025-01-03 15:35:00,AGV_116,JOB_AGV_116_01031535,2025-01-03 15:58:00,0,B5,BR1
2025-01-03 15:40:00,AGV_010,JOB_AGV_010_01031540,2025-01-03 15:41:00,1,B8,BR2
2025-01-03 15:40:00,AGV_014,JOB_AGV_014_01031540,2025-01-03 15:58:00,0,B8,BR2
2025-01-03 15:40:00,AGV_039,JOB_AGV_039_01031540,2025-01-03 16:14:00,1,B1,BR2
2025-01-03 15:40:00,AGV_045,JOB_AGV_045_01031540,2025-01-03 18:28:00,0,B3,BR4
2025-01-03 15:40:00,AGV_046,JOB_AGV_046_01031540,2025-01-03 17:03:00,1,B1,BR4
2025-01-03 15:45:00,AGV_089,JOB_AGV_089_01031545,2025-01-03 15:48:00,1,B7,BR4
2025-01-03 15:45:00,AGV_119,JOB_AGV_119_01031545,2025-01-03 15:54:00,0,B8,BR1
2025-01-03 15:50:00,AGV_028,JOB_AGV_028_01031550,2025-01-03 15:54:00,1,B3,BR4
2025-01-03 15:50:00,AGV_051,JOB_AGV_051_01031550,2025-01-03 16:31:00,0,B1,BR4
2025-01-03 15:50:00,AGV_076,JOB_AGV_076_01031550,2025-01-03 16:06:00,1,B8,BR1
2025-01-03 15:50:00,AGV_089,JOB_AGV_089_01031550,2025-01-03 17:00:00,2,B6,BR4
2025-01-03 15:55:00,AGV_064,JOB_AGV_064_01031555,2025-01-03 16:08:00,1,B3,BR3
2025-01-03 15:55:00,AGV_091,JOB_AGV_091_01031555,2025-01-03 15:58:00,1,B3,BR4
2025-01-03 16:00:00,AGV_085,JOB_AGV_085_01031600,2025-01-03 16:01:00,2,B2,BR1
2025-01-03 16:00:00,AGV_123,JOB_AGV_123_01031600,2025-01-03 17:41:00,0,B7,BR2
2025-01-03 16:05:00,AGV_124,JOB_AGV_124_01031605,2025-01-03 16:05:00,1,B1,BR4
2025-01-03 16:10:00,AGV_004,JOB_AGV_004_01031610,2025-01-03 16:11:00,1,B7,BR3
2025-01-03 16:15:00,AGV_009,JOB_AGV_009_01031615,2025-01-03 17:21:00,0,B6,BR2
2025-01-03 16:15:00,AGV_013,JOB_AGV_013_01031615,2025-01-03 17:13:00,1,B7,BR3
2025-01-03 16:15:00,AGV_015,JOB_AGV_015_01031615,2025-01-03 16:22:00,2,B6,BR3
2025-01-03 16:20:00,AGV_103,JOB_AGV_103_01031620,2025-01-03 20:27:00,1,B8,BR1
2025-01-03 16:25:00,AGV_007,JOB_AGV_007_01031625,2025-01-03 17:08:00,1,B4,BR3
2025-01-03 16:25:00,AGV_015,JOB_AGV_015_01031625,2025-01-03 16:33:00,0,B7,BR4
2025-01-03 16:25:00,AGV_029,JOB_AGV_029_01031625,2025-01-03 16:45:00,2,B7,BR2
2025-01-03 16:30:00,AGV_023,JOB_AGV_023_01031630,2025-01-03 16:33:00,2,B3,BR1
2025-01-03 16:30:00,AGV_061,JOB_AGV_061_01031630,2025-01-03 17:01:00,0,B4,BR3
2025-01-03 16:30:00,AGV_106,JOB_AGV_106_01031630,2025-01-03 16:40:00,2,B3,BR2
2025-01-03 16:35:00,AGV_007,JOB_AGV_007_01031635,2025-01-03 17:46:00,0,B8,BR1
2025-01-03 16:40:00,AGV_059,JOB_AGV_059_01031640,2025-01-03 18:13:00,1,B8,BR4
2025-01-03 16:40:00,AGV_107,JOB_AGV_107_01031640,2025-01-03 16:45:00,1,B8,BR1
2025-01-03 16:45:00,AGV_015,JOB_AGV_015_01031645,2025-01-03 17:35:00,1,B4,BR4
2025-01-03 16:45:00,AGV_085,JOB_AGV_085_01031645,2025-01-03 16:53:00,0,B4,BR4
2025-01-03 16:45:00,AGV_100,JOB_AGV_100_01031645,2025-01-03 18:01:00,1,B4,BR3
2025-01-03 16:50:00,AGV_093,JOB_AGV_093_01031650,2025-01-03 16:55:00,0,B1,BR3
2025-01-03 16:50:00,AGV_108,JOB_AGV_108_01031650,2025-01-03 17:33:00,1,B6,BR2
2025-01-03 16:50:00,AGV_120,JOB_AGV_120_01031650,2025-01-03 17:26:00,0,B3,BR2
2025-01-03 16:55:00,AGV_075,JOB_AGV_075_01031655,2025-01-03 17:30:00,1,B1,BR4
2025-01-03 16:55:00,AGV_111,JOB_AGV_111_01031655,2025-01-03 17:09:00,0,B6,BR1
2025-01-03 16:55:00,AGV_112,JOB_AGV_112_01031655,2025-01-03 17:12:00,0,B8,BR2
2025-01-03 17:00:00,AGV_039,JOB_AGV_039_01031700,2025-01-03 18:38:00,1,B8,BR4
2025-01-03 17:00:00,AGV_055,JOB_AGV_055_01031700,2025-01-03 17:26:00,0,B3,BR2
2025-01-03 17:00:00,AGV_100,JOB_AGV_100_01031700,2025-01-03 17:32:00,0,B5,BR4
2025-01-03 17:05:00,AGV_016,JOB_AGV_016_01031705,2025-01-03 18:19:00,1,B7,BR2
2025-01-03 17:05:00,AGV_021,JOB_AGV_021_01031705,2025-01-03 17:09:00,0,B4,BR4
2025-01-03 17:05:00,AGV_027,JOB_AGV_027_01031705,2025-01-03 18:20:00,0,B2,BR4
2025-01-03 17:05:00,AGV_036,JOB_AGV_036_01031705,2025-01-03 17:05:00,1,B1,BR3
2025-01-03 17:10:00,AGV_051,JOB_AGV_051_01031710,2025-01-03 17:17:00,1,B3,BR1
2025-01-03 17:10:00,AGV_112,JOB_AGV_112_01031710,2025-01-03 17:30:00,1,B1,BR1
2025-01-03 17:10:00,AGV_129,JOB_AGV_129_01031710,2025-01-03 17:46:00,0,B8,BR2
2025-01-03 17:20:00,AGV_027,JOB_AGV_027_01031720,2025-01-03 18:57:00,1,B8,BR2
2025-01-03 17:20:00,AGV_110,JOB_AGV_110_01031720,2025-01-03 18:28:00,2,B8,BR2
2025-01-03 17:20:00,AGV_120,JOB_AGV_120_01031720,2025-01-03 17:55:00,1,B8,BR3
2025-01-03 17:25:00,AGV_076,JOB_AGV_076_01031725,2025-01-03 17:32:00,2,B2,BR2
2025-01-03 17:25:00,AGV_095,JOB_AGV_095_01031725,2025-01-03 18:15:00,0,B1,BR4
2025-01-03 17:25:00,AGV_108,JOB_AGV_108_01031725,2025-01-03 17:50:00,0,B5,BR2
2025-01-03 17:25:00,AGV_124,JOB_AGV_124_01031725,2025-01-03 17:53:00,0,B3,BR3
2025-01-03 17:30:00,AGV_029,JOB_AGV_029_01031730,2025-01-03 17:48:00,0,B4,BR4
2025-01-03 17:30:00,AGV_066,JOB_AGV_066_01031730,2025-01-03 18:25:00,1,B4,BR2
2025-01-03 17:35:00,AGV_030,JOB_AGV_030_01031735,2025-01-03 18:57:00,1,B8,BR4
2025-01-03 17:35:00,AGV_051,JOB_AGV_051_01031735,2025-01-03 17:47:00,2,B3,BR2
2025-01-03 17:35:00,AGV_062,JOB_AGV_062_01031735,2025-01-03 18:24:00,1,B4,BR2
2025-01-03 17:40:00,AGV_023,JOB_AGV_023_01031740,2025-01-03 17:52:00,0,B2,BR4
2025-01-03 17:40:00,AGV_122,JOB_AGV_122_01031740,2025-01-03 20:08:00,0,B6,BR4
2025-01-03 17:45:00,AGV_015,JOB_AGV_015_01031745,2025-01-03 18:07:00,0,B4,BR1
2025-01-03 17:45:00,AGV_064,JOB_AGV_064_01031745,2025-01-03 17:49:00,0,B5,BR2
2025-01-03 17:45:00,AGV_101,JOB_AGV_101_01031745,2025-01-03 17:59:00,0,B5,BR2
2025-01-03 17:45:00,AGV_121,JOB_AGV_121_01031745,2025-01-03 17:48:00,1,B8,BR3
2025-01-03 17:50:00,AGV_064,JOB_AGV_064_01031750,2025-01-03 17:52:00,1,B1,BR1
2025-01-03 17:50:00,AGV_065,JOB_AGV_065_01031750,2025-01-03 18:24:00,0,B6,BR2
2025-01-03 17:55:00,AGV_001,JOB_AGV_001_01031755,2025-01-03 18:04:00,0,B8,BR2
2025-01-03 17:55:00,AGV_038,JOB_AGV_038_01031755,2025-01-03 18:03:00,2,B1,BR4
2025-01-03 17:55:00,AGV_095,JOB_AGV_095_01031755,2025-01-03 18:17:00,0,B2,BR2
2025-01-03 17:55:00,AGV_130,JOB_AGV_130_01031755,2025-01-03 19:02:00,1,B4,BR2
2025-01-03 18:00:00,AGV_004,JOB_AGV_004_01031800,2025-01-03 18:03:00,0,B6,BR2
2025-01-03 18:00:00,AGV_108,JOB_AGV_108_01031800,2025-01-03 18:24:00,0,B5,BR1
2025-01-03 18:00:00,AGV_127,JOB_AGV_127_01031800,2025-01-03 20:12:00,0,B8,BR2
2025-01-03 18:05:00,AGV_019,JOB_AGV_019_01031805,2025-01-03 18:07:00,0,B3,BR3
2025-01-03 18:05:00,AGV_083,JOB_AGV_083_01031805,2025-01-03 18:07:00,1,B4,BR4
2025-01-03 18:05:00,AGV_119,JOB_AGV_119_01031805,2025-01-03 18:13:00,0,B8,BR1
2025-01-03 18:15:00,AGV_017,JOB_AGV_017_01031815,2025-01-03 18:15:00,0,B8,BR3
2025-01-03 18:15:00,AGV_039,JOB_AGV_039_01031815,2025-01-03 18:48:00,1,B5,BR3
2025-01-03 18:15:00,AGV_089,JOB_AGV_089_01031815,2025-01-03 19:04:00,0,B8,BR4
2025-01-03 18:20:00,AGV_020,JOB_AGV_020_01031820,2025-01-03 18:29:00,2,B8,BR4
2025-01-03 18:20:00,AGV_087,JOB_AGV_087_01031820,2025-01-03 18:29:00,0,B8,BR1
2025-01-03 18:20:00,AGV_107,JOB_AGV_107_01031820,2025-01-03 19:18:00,1,B2,BR3
2025-01-03 18:20:00,AGV_113,JOB_AGV_113_01031820,2025-01-03 18:24:00,0,B3,BR2
2025-01-03 18:20:00,AGV_118,JOB_AGV_118_01031820,2025-01-03 19:44:00,0,B4,BR2
2025-01-03 18:20:00,AGV_119,JOB_AGV_119_01031820,2025-01-03 20:03:00,2,B4,BR2
2025-01-03 18:25:00,AGV_125,JOB_AGV_125_01031825,2025-01-03 18:50:00,2,B8,BR1
2025-01-03 18:30:00,AGV_008,JOB_AGV_008_01031830,2025-01-03 19:21:00,1,B5,BR3
2025-01-03 18:30:00,AGV_018,JOB_AGV_018_01031830,2025-01-03 18:47:00,1,B8,BR1
2025-01-03 18:30:00,AGV_064,JOB_AGV_064_01031830,2025-01-03 18:47:00,1,B3,BR3
2025-01-03 18:30:00,AGV_105,JOB_AGV_105_01031830,2025-01-03 19:51:00,2,B8,BR2
2025-01-03 18:35:00,AGV_022,JOB_AGV_022_01031835,2025-01-03 19:01:00,0,B7,BR3
2025-01-03 18:35:00,AGV_075,JOB_AGV_075_01031835,2025-01-03 18:45:00,2,B2,BR1
2025-01-03 18:35:00,AGV_089,JOB_AGV_089_01031835,2025-01-03 18:59:00,0,B5,BR1
2025-01-03 18:50:00,AGV_002,JOB_AGV_002_01031850,2025-01-03 19:30:00,0,B4,BR4
2025-01-03 18:50:00,AGV_111,JOB_AGV_111_01031850,2025-01-03 19:07:00,1,B8,BR2
2025-01-03 19:00:00,AGV_038,JOB_AGV_038_01031900,2025-01-03 20:25:00,1,B5,BR2
2025-01-03 19:00:00,AGV_057,JOB_AGV_057_01031900,2025-01-03 19:30:00,1,B2,BR2
2025-01-03 19:00:00,AGV_091,JOB_AGV_091_01031900,2025-01-03 21:36:00,1,B4,BR1
2025-01-03 19:00:00,AGV_122,JOB_AGV_122_01031900,2025-01-03 19:27:00,0,B6,BR4
2025-01-03 19:05:00,AGV_009,JOB_AGV_009_01031905,2025-01-03 19:26:00,0,B7,BR3
2025-01-03 19:05:00,AGV_062,JOB_AGV_062_01031905,2025-01-03 19:41:00,0,B2,BR3
2025-01-03 19:05:00,AGV_093,JOB_AGV_093_01031905,2025-01-03 19:25:00,0,B4,BR1
2025-01-03 19:05:00,AGV_103,JOB_AGV_103_01031905,2025-01-03 19:06:00,0,B8,BR2
2025-01-03 19:10:00,AGV_001,JOB_AGV_001_01031910,2025-01-03 19:11:00,0,B7,BR4
2025-01-03 19:10:00,AGV_086,JOB_AGV_086_01031910,2025-01-03 19:10:00,1,B2,BR2
2025-01-03 19:10:00,AGV_129,JOB_AGV_129_01031910,2025-01-03 20:07:00,1,B2,BR4
2025-01-03 19:15:00,AGV_085,JOB_AGV_085_01031915,2025-01-03 19:15:00,0,B2,BR4
2025-01-03 19:15:00,AGV_090,JOB_AGV_090_01031915,2025-01-03 19:24:00,1,B6,BR2
2025-01-03 19:15:00,AGV_114,JOB_AGV_114_01031915,2025-01-03 19:26:00,1,B2,BR2
2025-01-03 19:15:00,AGV_116,JOB_AGV_116_01031915,2025-01-03 20:46:00,2,B1,BR4
2025-01-03 19:20:00,AGV_043,JOB_AGV_043_01031920,2025-01-03 20:07:00,1,B5,BR4
2025-01-03 19:20:00,AGV_068,JOB_AGV_068_01031920,2025-01-03 20:57:00,0,B3,BR1
2025-01-03 19:20:00,AGV_099,JOB_AGV_099_01031920,2025-01-03 20:21:00,1,B1,BR4
2025-01-03 19:20:00,AGV_114,JOB_AGV_114_01031920,2025-01-03 19:24:00,1,B4,BR2
2025-01-03 19:25:00,AGV_007,JOB_AGV_007_01031925,2025-01-03 20:28:00,1,B2,BR3
2025-01-03 19:25:00,AGV_027,JOB_AGV_027_01031925,2025-01-03 19:49:00,0,B2,BR4
2025-01-03 19:25:00,AGV_096,JOB_AGV_096_01031925,2025-01-03 21:31:00,1,B7,BR3
2025-01-03 19:25:00,AGV_098,JOB_AGV_098_01031925,2025-01-03 20:20:00,0,B6,BR3
2025-01-03 19:25:00,AGV_117,JOB_AGV_117_01031925,2025-01-03 20:39:00,0,B8,BR4
2025-01-03 19:25:00,AGV_118,JOB_AGV_118_01031925,2025-01-03 19:32:00,0,B3,BR4
2025-01-03 19:25:00,AGV_128,JOB_AGV_128_01031925,2025-01-03 19:42:00,1,B2,BR3
2025-01-03 19:30:00,AGV_006,JOB_AGV_006_01031930,2025-01-03 19:51:00,0,B6,BR4
2025-01-03 19:30:00,AGV_060,JOB_AGV_060_01031930,2025-01-03 19:30:00,1,B2,BR4
2025-01-03 19:30:00,AGV_074,JOB_AGV_074_01031930,2025-01-03 19:31:00,0,B1,BR1
2025-01-03 19:30:00,AGV_075,JOB_AGV_075_01031930,2025-01-03 20:09:00,0,B7,BR4
2025-01-03 19:30:00,AGV_078,JOB_AGV_078_01031930,2025-01-03 19:31:00,1,B5,BR1
2025-01-03 19:30:00,AGV_122,JOB_AGV_122_01031930,2025-01-03 19:31:00,0,B3,BR2
2025-01-03 19:35:00,AGV_052,JOB_AGV_052_01031935,2025-01-03 20:00:00,0,B3,BR1
2025-01-03 19:40:00,AGV_017,JOB_AGV_017_01031940,2025-01-03 20:20:00,2,B8,BR2
2025-01-03 19:40:00,AGV_032,JOB_AGV_032_01031940,2025-01-03 20:39:00,1,B7,BR4
2025-01-03 19:40:00,AGV_090,JOB_AGV_090_01031940,2025-01-03 20:11:00,0,B1,BR3
2025-01-03 19:40:00,AGV_105,JOB_AGV_105_01031940,2025-01-03 20:09:00,0,B1,BR2
2025-01-03 19:45:00,AGV_029,JOB_AGV_029_01031945,2025-01-03 19:51:00,0,B4,BR2
2025-01-03 19:45:00,AGV_043,JOB_AGV_043_01031945,2025-01-03 19:58:00,0,B1,BR1
2025-01-03 19:45:00,AGV_051,JOB_AGV_051_01031945,2025-01-03 20:22:00,0,B3,BR2
2025-01-03 19:45:00,AGV_059,JOB_AGV_059_01031945,2025-01-03 20:00:00,0,B6,BR4
2025-01-03 19:45:00,AGV_062,JOB_AGV_062_01031945,2025-01-03 22:12:00,0,B4,BR3
2025-01-03 19:45:00,AGV_067,JOB_AGV_067_01031945,2025-01-03 20:36:00,0,B2,BR2
2025-01-03 19:45:00,AGV_093,JOB_AGV_093_01031945,2025-01-03 20:04:00,1,B2,BR3
2025-01-03 19:50:00,AGV_036,JOB_AGV_036_01031950,2025-01-03 19:50:00,0,B5,BR4
2025-01-03 19:50:00,AGV_040,JOB_AGV_040_01031950,2025-01-03 20:12:00,1,B2,BR1
2025-01-03 19:50:00,AGV_068,JOB_AGV_068_01031950,2025-01-03 19:52:00,0,B6,BR2
2025-01-03 19:50:00,AGV_116,JOB_AGV_116_01031950,2025-01-03 20:12:00,0,B5,BR3
2025-01-03 19:50:00,AGV_121,JOB_AGV_121_01031950,2025-01-03 20:50:00,0,B4,BR1
2025-01-03 19:50:00,AGV_122,JOB_AGV_122_01031950,2025-01-03 22:07:00,0,B4,BR2
2025-01-03 19:55:00,AGV_004,JOB_AGV_004_01031955,2025-01-03 20:12:00,2,B7,BR3
2025-01-03 19:55:00,AGV_024,JOB_AGV_024_01031955,2025-01-03 22:14:00,2,B5,BR1
2025-01-03 19:55:00,AGV_028,JOB_AGV_028_01031955,2025-01-03 20:21:00,1,B5,BR4
2025-01-03 19:55:00,AGV_047,JOB_AGV_047_01031955,2025-01-03 20:02:00,0,B6,BR2
2025-01-03 19:55:00,AGV_048,JOB_AGV_048_01031955,2025-01-03 21:55:00,0,B8,BR4
2025-01-03 19:55:00,AGV_069,JOB_AGV_069_01031955,2025-01-03 20:37:00,1,B3,BR1
2025-01-03 19:55:00,AGV_071,JOB_AGV_071_01031955,2025-01-03 20:02:00,0,B7,BR4
2025-01-03 19:55:00,AGV_126,JOB_AGV_126_01031955,2025-01-03 20:50:00,0,B7,BR3
2025-01-03 20:05:00,AGV_019,JOB_AGV_019_01032005,2025-01-03 20:19:00,1,B1,BR2
2025-01-03 20:05:00,AGV_027,JOB_AGV_027_01032005,2025-01-03 20:55:00,1,B1,BR4
2025-01-03 20:05:00,AGV_041,JOB_AGV_041_01032005,2025-01-03 20:11:00,1,B6,BR3
2025-01-03 20:05:00,AGV_108,JOB_AGV_108_01032005,2025-01-03 20:47:00,1,B4,BR1
2025-01-03 20:05:00,AGV_130,JOB_AGV_130_01032005,2025-01-03 20:18:00,0,B7,BR4
2025-01-03 20:10:00,AGV_078,JOB_AGV_078_01032010,2025-01-03 20:29:00,0,B1,BR3
2025-01-03 20:15:00,AGV_050,JOB_AGV_050_01032015,2025-01-03 20:24:00,1,B8,BR2
2025-01-03 20:15:00,AGV_056,JOB_AGV_056_01032015,2025-01-03 22:10:00,2,B4,BR4
2025-01-03 20:15:00,AGV_079,JOB_AGV_079_01032015,2025-01-03 21:16:00,2,B7,BR1
2025-01-03 20:15:00,AGV_103,JOB_AGV_103_01032015,2025-01-03 22:01:00,1,B1,BR4
2025-01-03 20:20:00,AGV_092,JOB_AGV_092_01032020,2025-01-03 20:39:00,2,B3,BR3
2025-01-03 20:20:00,AGV_100,JOB_AGV_100_01032020,2025-01-03 20:40:00,0,B1,BR4
2025-01-03 20:25:00,AGV_041,JOB_AGV_041_01032025,2025-01-03 20:38:00,0,B6,BR3
2025-01-03 20:25:00,AGV_098,JOB_AGV_098_01032025,2025-01-03 21:09:00,1,B7,BR3
2025-01-03 20:30:00,AGV_072,JOB_AGV_072_01032030,2025-01-03 20:38:00,1,B5,BR3
2025-01-03 20:30:00,AGV_089,JOB_AGV_089_01032030,2025-01-03 20:37:00,0,B6,BR2
2025-01-03 20:30:00,AGV_091,JOB_AGV_091_01032030,2025-01-03 20:35:00,0,B8,BR3
2025-01-03 20:30:00,AGV_102,JOB_AGV_102_01032030,2025-01-03 20:30:00,0,B6,BR1
2025-01-03 20:30:00,AGV_124,JOB_AGV_124_01032030,2025-01-03 20:48:00,2,B7,BR4
2025-01-03 20:35:00,AGV_004,JOB_AGV_004_01032035,2025-01-03 20:42:00,1,B4,BR2
2025-01-03 20:40:00,AGV_022,JOB_AGV_022_01032040,2025-01-03 21:30:00,0,B3,BR3
2025-01-03 20:40:00,AGV_040,JOB_AGV_040_01032040,2025-01-03 20:59:00,0,B8,BR2
2025-01-03 20:40:00,AGV_074,JOB_AGV_074_01032040,2025-01-03 20:43:00,1,B4,BR4
2025-01-03 20:40:00,AGV_080,JOB_AGV_080_01032040,2025-01-03 20:49:00,0,B3,BR3
2025-01-03 20:40:00,AGV_092,JOB_AGV_092_01032040,2025-01-03 22:21:00,0,B8,BR1
2025-01-03 20:40:00,AGV_118,JOB_AGV_118_01032040,2025-01-03 21:11:00,1,B5,BR4
2025-01-03 20:45:00,AGV_005,JOB_AGV_005_01032045,2025-01-03 22:06:00,0,B8,BR1
2025-01-03 20:45:00,AGV_042,JOB_AGV_042_01032045,2025-01-03 21:06:00,0,B1,BR4
2025-01-03 20:45:00,AGV_059,JOB_AGV_059_01032045,2025-01-03 21:17:00,0,B8,BR4
2025-01-03 20:55:00,AGV_035,JOB_AGV_035_01032055,2025-01-03 21:38:00,2,B1,BR3
2025-01-03 20:55:00,AGV_105,JOB_AGV_105_01032055,2025-01-03 21:01:00,0,B2,BR2
2025-01-03 20:55:00,AGV_120,JOB_AGV_120_01032055,2025-01-03 21:52:00,0,B8,BR4
2025-01-03 21:00:00,AGV_049,JOB_AGV_049_01032100,2025-01-03 21:54:00,1,B3,BR2
2025-01-03 21:00:00,AGV_052,JOB_AGV_052_01032100,2025-01-03 21:47:00,1,B7,BR3
2025-01-03 21:05:00,AGV_043,JOB_AGV_043_01032105,2025-01-03 21:24:00,2,B2,BR1
2025-01-03 21:05:00,AGV_050,JOB_AGV_050_01032105,2025-01-03 22:27:00,0,B7,BR4
2025-01-03 21:05:00,AGV_075,JOB_AGV_075_01032105,2025-01-03 23:16:00,0,B8,BR4
2025-01-03 21:05:00,AGV_117,JOB_AGV_117_01032105,2025-01-04 00:02:00,1,B1,BR3
2025-01-03 21:10:00,AGV_011,JOB_AGV_011_01032110,2025-01-03 21:24:00,1,B3,BR3
2025-01-03 21:10:00,AGV_078,JOB_AGV_078_01032110,2025-01-03 22:39:00,0,B4,BR4
2025-01-03 21:10:00,AGV_127,JOB_AGV_127_01032110,2025-01-03 22:11:00,2,B6,BR4
2025-01-03 21:15:00,AGV_031,JOB_AGV_031_01032115,2025-01-03 22:06:00,1,B8,BR1
2025-01-03 21:15:00,AGV_056,JOB_AGV_056_01032115,2025-01-03 21:58:00,0,B1,BR1
2025-01-03 21:15:00,AGV_078,JOB_AGV_078_01032115,2025-01-03 21:34:00,1,B7,BR4
2025-01-03 21:20:00,AGV_086,JOB_AGV_086_01032120,2025-01-03 22:15:00,0,B2,BR2
2025-01-03 21:25:00,AGV_003,JOB_AGV_003_01032125,2025-01-03 21:32:00,1,B5,BR2
2025-01-03 21:25:00,AGV_050,JOB_AGV_050_01032125,2025-01-03 21:39:00,0,B3,BR2
2025-01-03 21:25:00,AGV_058,JOB_AGV_058_01032125,2025-01-03 23:37:00,1,B8,BR4
2025-01-03 21:30:00,AGV_053,JOB_AGV_053_01032130,2025-01-04 00:52:00,0,B4,BR1
2025-01-03 21:30:00,AGV_090,JOB_AGV_090_01032130,2025-01-03 22:14:00,0,B8,BR1
2025-01-03 21:35:00,AGV_121,JOB_AGV_121_01032135,2025-01-03 21:49:00,1,B2,BR3
2025-01-03 21:40:00,AGV_068,JOB_AGV_068_01032140,2025-01-03 21:59:00,2,B3,BR2
2025-01-03 21:40:00,AGV_072,JOB_AGV_072_01032140,2025-01-03 21:51:00,0,B6,BR2
2025-01-03 21:45:00,AGV_017,JOB_AGV_017_01032145,2025-01-03 22:15:00,2,B4,BR1
2025-01-03 21:45:00,AGV_029,JOB_AGV_029_01032145,2025-01-03 22:08:00,2,B5,BR2
2025-01-03 21:45:00,AGV_031,JOB_AGV_031_01032145,2025-01-03 22:07:00,2,B7,BR1
2025-01-03 21:45:00,AGV_044,JOB_AGV_044_01032145,2025-01-03 22:21:00,0,B1,BR2
2025-01-03 21:45:00,AGV_084,JOB_AGV_084_01032145,2025-01-03 21:46:00,0,B4,BR4
2025-01-03 21:45:00,AGV_107,JOB_AGV_107_01032145,2025-01-03 21:51:00,0,B5,BR3
2025-01-03 21:50:00,AGV_102,JOB_AGV_102_01032150,2025-01-03 23:08:00,0,B7,BR1
2025-01-03 21:55:00,AGV_017,JOB_AGV_017_01032155,2025-01-03 22:52:00,1,B1,BR3
2025-01-03 21:55:00,AGV_052,JOB_AGV_052_01032155,2025-01-03 21:56:00,0,B1,BR1
2025-01-03 22:00:00,AGV_022,JOB_AGV_022_01032200,2025-01-03 22:15:00,0,B7,BR4
2025-01-03 22:00:00,AGV_130,JOB_AGV_130_01032200,2025-01-03 22:25:00,1,B6,BR3
2025-01-03 22:10:00,AGV_013,JOB_AGV_013_01032210,2025-01-03 22:32:00,0,B5,BR4
2025-01-03 22:10:00,AGV_023,JOB_AGV_023_01032210,2025-01-03 22:43:00,0,B6,BR2
2025-01-03 22:10:00,AGV_049,JOB_AGV_049_01032210,2025-01-03 22:28:00,2,B5,BR2
2025-01-03 22:10:00,AGV_102,JOB_AGV_102_01032210,2025-01-03 22:42:00,0,B5,BR3
2025-01-03 22:15:00,AGV_060,JOB_AGV_060_01032215,2025-01-03 22:51:00,1,B7,BR2
2025-01-03 22:15:00,AGV_104,JOB_AGV_104_01032215,2025-01-03 22:28:00,0,B4,BR3
2025-01-03 22:15:00,AGV_114,JOB_AGV_114_01032215,2025-01-03 22:16:00,0,B5,BR1
2025-01-03 22:20:00,AGV_064,JOB_AGV_064_01032220,2025-01-03 22:32:00,1,B5,BR4
2025-01-03 22:20:00,AGV_073,JOB_AGV_073_01032220,2025-01-03 22:28:00,2,B5,BR2
2025-01-03 22:20:00,AGV_098,JOB_AGV_098_01032220,2025-01-03 22:39:00,0,B8,BR2
2025-01-03 22:20:00,AGV_103,JOB_AGV_103_01032220,2025-01-03 23:03:00,0,B3,BR3
2025-01-03 22:25:00,AGV_026,JOB_AGV_026_01032225,2025-01-03 22:37:00,0,B4,BR4
2025-01-03 22:25:00,AGV_038,JOB_AGV_038_01032225,2025-01-03 22:58:00,0,B4,BR1
2025-01-03 22:25:00,AGV_081,JOB_AGV_081_01032225,2025-01-03 22:58:00,0,B3,BR1
2025-01-03 22:25:00,AGV_099,JOB_AGV_099_01032225,2025-01-03 23:07:00,0,B2,BR4
2025-01-03 22:25:00,AGV_128,JOB_AGV_128_01032225,2025-01-03 22:42:00,1,B6,BR1
2025-01-03 22:30:00,AGV_008,JOB_AGV_008_01032230,2025-01-03 23:33:00,2,B3,BR1
2025-01-03 22:30:00,AGV_014,JOB_AGV_014_01032230,2025-01-03 22:39:00,0,B7,BR3
2025-01-03 22:30:00,AGV_041,JOB_AGV_041_01032230,2025-01-03 22:52:00,0,B6,BR2
2025-01-03 22:30:00,AGV_058,JOB_AGV_058_01032230,2025-01-03 22:37:00,1,B7,BR3
2025-01-03 22:30:00,AGV_077,JOB_AGV_077_01032230,2025-01-03 22:34:00,1,B4,BR3
2025-01-03 22:35:00,AGV_055,JOB_AGV_055_01032235,2025-01-03 22:43:00,1,B7,BR2
2025-01-03 22:35:00,AGV_102,JOB_AGV_102_01032235,2025-01-03 23:00:00,1,B6,BR3
2025-01-03 22:40:00,AGV_012,JOB_AGV_012_01032240,2025-01-03 23:12:00,0,B6,BR4
2025-01-03 22:40:00,AGV_055,JOB_AGV_055_01032240,2025-01-03 22:57:00,0,B1,BR2
2025-01-03 22:40:00,AGV_057,JOB_AGV_057_01032240,2025-01-03 23:35:00,0,B6,BR4
2025-01-03 22:45:00,AGV_014,JOB_AGV_014_01032245,2025-01-03 23:16:00,0,B5,BR1
2025-01-03 22:45:00,AGV_072,JOB_AGV_072_01032245,2025-01-04 00:31:00,0,B5,BR1
2025-01-03 22:45:00,AGV_075,JOB_AGV_075_01032245,2025-01-04 00:12:00,2,B6,BR4
2025-01-03 22:45:00,AGV_093,JOB_AGV_093_01032245,2025-01-04 00:49:00,1,B7,BR3
2025-01-03 22:50:00,AGV_047,JOB_AGV_047_01032250,2025-01-03 22:59:00,0,B3,BR4
2025-01-03 22:50:00,AGV_081,JOB_AGV_081_01032250,2025-01-03 22:58:00,0,B4,BR1
2025-01-03 22:55:00,AGV_041,JOB_AGV_041_01032255,2025-01-03 23:23:00,0,B4,BR4
2025-01-03 22:55:00,AGV_058,JOB_AGV_058_01032255,2025-01-03 23:05:00,0,B8,BR3
2025-01-03 23:05:00,AGV_001,JOB_AGV_001_01032305,2025-01-03 23:09:00,1,B5,BR2
2025-01-03 23:10:00,AGV_044,JOB_AGV_044_01032310,2025-01-03 23:26:00,0,B2,BR3
2025-01-03 23:15:00,AGV_054,JOB_AGV_054_01032315,2025-01-03 23:24:00,0,B3,BR2
2025-01-03 23:15:00,AGV_066,JOB_AGV_066_01032315,2025-01-03 23:27:00,1,B5,BR1
2025-01-03 23:15:00,AGV_116,JOB_AGV_116_01032315,2025-01-03 23:15:00,1,B7,BR4
2025-01-03 23:15:00,AGV_124,JOB_AGV_124_01032315,2025-01-04 00:14:00,0,B6,BR3
2025-01-03 23:15:00,AGV_127,JOB_AGV_127_01032315,2025-01-03 23:18:00,0,B5,BR4
2025-01-03 23:20:00,AGV_011,JOB_AGV_011_01032320,2025-01-03 23:22:00,1,B6,BR3
2025-01-03 23:20:00,AGV_017,JOB_AGV_017_01032320,2025-01-03 23:36:00,1,B1,BR2
2025-01-03 23:20:00,AGV_036,JOB_AGV_036_01032320,2025-01-04 00:26:00,1,B6,BR4
2025-01-03 23:20:00,AGV_065,JOB_AGV_065_01032320,2025-01-03 23:43:00,0,B8,BR4
2025-01-03 23:20:00,AGV_075,JOB_AGV_075_01032320,2025-01-03 23:26:00,0,B2,BR4
2025-01-03 23:20:00,AGV_129,JOB_AGV_129_01032320,2025-01-03 23:41:00,0,B5,BR3
2025-01-03 23:25:00,AGV_035,JOB_AGV_035_01032325,2025-01-03 23:52:00,0,B2,BR1
2025-01-03 23:25:00,AGV_039,JOB_AGV_039_01032325,2025-01-04 00:16:00,1,B6,BR2
2025-01-03 23:25:00,AGV_047,JOB_AGV_047_01032325,2025-01-04 00:00:00,2,B5,BR1
2025-01-03 23:25:00,AGV_066,JOB_AGV_066_01032325,2025-01-03 23:26:00,1,B5,BR4
2025-01-03 23:25:00,AGV_106,JOB_AGV_106_01032325,2025-01-03 23:25:00,0,B2,BR2
2025-01-03 23:25:00,AGV_130,JOB_AGV_130_01032325,2025-01-04 00:12:00,0,B5,BR3
2025-01-03 23:30:00,AGV_119,JOB_AGV_119_01032330,2025-01-03 23:44:00,1,B2,BR3
2025-01-03 23:35:00,AGV_017,JOB_AGV_017_01032335,2025-01-03 23:35:00,0,B7,BR3
2025-01-03 23:35:00,AGV_034,JOB_AGV_034_01032335,2025-01-03 23:41:00,0,B5,BR2
2025-01-03 23:35:00,AGV_038,JOB_AGV_038_01032335,2025-01-03 23:50:00,0,B1,BR4
2025-01-03 23:35:00,AGV_039,JOB_AGV_039_01032335,2025-01-03 23:44:00,1,B4,BR4
2025-01-03 23:35:00,AGV_053,JOB_AGV_053_01032335,2025-01-03 23:43:00,1,B1,BR1
2025-01-03 23:35:00,AGV_064,JOB_AGV_064_01032335,2025-01-04 01:21:00,0,B4,BR3
2025-01-03 23:35:00,AGV_065,JOB_AGV_065_01032335,2025-01-03 23:51:00,2,B7,BR3
2025-01-03 23:35:00,AGV_074,JOB_AGV_074_01032335,2025-01-04 00:38:00,2,B2,BR1
2025-01-03 23:40:00,AGV_013,JOB_AGV_013_01032340,2025-01-03 23:44:00,1,B3,BR4
2025-01-03 23:40:00,AGV_110,JOB_AGV_110_01032340,2025-01-04 00:04:00,1,B8,BR1
2025-01-03 23:45:00,AGV_014,JOB_AGV_014_01032345,2025-01-04 00:51:00,0,B5,BR2
2025-01-03 23:45:00,AGV_092,JOB_AGV_092_01032345,2025-01-04 00:06:00,0,B7,BR4
2025-01-03 23:45:00,AGV_093,JOB_AGV_093_01032345,2025-01-03 23:50:00,1,B3,BR2
2025-01-03 23:45:00,AGV_107,JOB_AGV_107_01032345,2025-01-03 23:45:00,0,B4,BR4
2025-01-03 23:45:00,AGV_116,JOB_AGV_116_01032345,2025-01-03 23:52:00,0,B8,BR4
2025-01-03 23:50:00,AGV_015,JOB_AGV_015_01032350,2025-01-03 23:58:00,1,B7,BR4
2025-01-03 23:50:00,AGV_044,JOB_AGV_044_01032350,2025-01-03 23:50:00,0,B4,BR4
2025-01-03 23:50:00,AGV_060,JOB_AGV_060_01032350,2025-01-04 02:13:00,0,B4,BR2
2025-01-03 23:50:00,AGV_073,JOB_AGV_073_01032350,2025-01-03 23:57:00,2,B4,BR3
2025-01-03 23:50:00,AGV_095,JOB_AGV_095_01032350,2025-01-04 00:11:00,0,B2,BR3
2025-01-03 23:50:00,AGV_129,JOB_AGV_129_01032350,2025-01-04 00:17:00,0,B6,BR3
2025-01-03 23:50:00,AGV_130,JOB_AGV_130_01032350,2025-01-04 00:36:00,1,B2,BR3
2025-01-03 23:55:00,AGV_045,JOB_AGV_045_01032355,2025-01-04 00:14:00,0,B2,BR1
2025-01-03 23:55:00,AGV_070,JOB_AGV_070_01032355,2025-01-04 00:02:00,0,B1,BR4
2025-01-03 23:55:00,AGV_091,JOB_AGV_091_01032355,2025-01-04 00:39:00,0,B8,BR4
2025-01-04 00:00:00,AGV_108,JOB_AGV_108_01040000,2025-01-04 01:03:00,2,B5,BR3
2025-01-04 00:05:00,AGV_019,JOB_AGV_019_01040005,2025-01-04 00:07:00,0,B4,BR1
2025-01-04 00:10:00,AGV_037,JOB_AGV_037_01040010,2025-01-04 00:10:00,0,B8,BR2
2025-01-04 00:10:00,AGV_052,JOB_AGV_052_01040010,2025-01-04 00:33:00,0,B4,BR2
2025-01-04 00:15:00,AGV_025,JOB_AGV_025_01040015,2025-01-04 00:24:00,1,B7,BR3
2025-01-04 00:15:00,AGV_110,JOB_AGV_110_01040015,2025-01-04 01:02:00,0,B1,BR4
2025-01-04 00:20:00,AGV_094,JOB_AGV_094_01040020,2025-01-04 02:25:00,1,B1,BR4
2025-01-04 00:25:00,AGV_002,JOB_AGV_002_01040025,2025-01-04 01:01:00,2,B4,BR4
2025-01-04 00:25:00,AGV_017,JOB_AGV_017_01040025,2025-01-04 01:18:00,0,B8,BR3
2025-01-04 00:25:00,AGV_037,JOB_AGV_037_01040025,2025-01-04 00:25:00,0,B5,BR3
2025-01-04 00:25:00,AGV_104,JOB_AGV_104_01040025,2025-01-04 02:10:00,1,B5,BR2
2025-01-04 00:30:00,AGV_128,JOB_AGV_128_01040030,2025-01-04 00:59:00,0,B4,BR2
2025-01-04 00:30:00,AGV_130,JOB_AGV_130_01040030,2025-01-04 00:46:00,0,B4,BR1
2025-01-04 00:45:00,AGV_048,JOB_AGV_048_01040045,2025-01-04 02:56:00,2,B8,BR4
2025-01-04 00:50:00,AGV_081,JOB_AGV_081_01040050,2025-01-04 00:52:00,2,B8,BR3
2025-01-04 00:55:00,AGV_045,JOB_AGV_045_01040055,2025-01-04 01:45:00,2,B1,BR3
2025-01-04 00:55:00,AGV_074,JOB_AGV_074_01040055,2025-01-04 01:15:00,0,B6,BR3
2025-01-04 01:00:00,AGV_035,JOB_AGV_035_01040100,2025-01-04 01:16:00,0,B6,BR3
2025-01-04 01:05:00,AGV_058,JOB_AGV_058_01040105,2025-01-04 01:52:00,0,B6,BR4
2025-01-04 01:10:00,AGV_053,JOB_AGV_053_01040110,2025-01-04 01:11:00,0,B7,BR2
2025-01-04 01:10:00,AGV_085,JOB_AGV_085_01040110,2025-01-04 01:44:00,1,B8,BR2
2025-01-04 01:15:00,AGV_039,JOB_AGV_039_01040115,2025-01-04 01:20:00,0,B1,BR1
2025-01-04 01:15:00,AGV_049,JOB_AGV_049_01040115,2025-01-04 01:58:00,0,B5,BR2
2025-01-04 01:15:00,AGV_109,JOB_AGV_109_01040115,2025-01-04 01:15:00,0,B8,BR3
2025-01-04 01:20:00,AGV_022,JOB_AGV_022_01040120,2025-01-04 01:25:00,2,B5,BR4
2025-01-04 01:20:00,AGV_057,JOB_AGV_057_01040120,2025-01-04 01:31:00,0,B2,BR2
2025-01-04 01:20:00,AGV_059,JOB_AGV_059_01040120,2025-01-04 01:26:00,1,B5,BR1
2025-01-04 01:20:00,AGV_076,JOB_AGV_076_01040120,2025-01-04 01:32:00,0,B6,BR4
2025-01-04 01:30:00,AGV_063,JOB_AGV_063_01040130,2025-01-04 01:31:00,0,B6,BR3
2025-01-04 01:45:00,AGV_030,JOB_AGV_030_01040145,2025-01-04 02:11:00,0,B8,BR4
2025-01-04 01:45:00,AGV_061,JOB_AGV_061_01040145,2025-01-04 01:53:00,1,B3,BR1
2025-01-04 01:45:00,AGV_067,JOB_AGV_067_01040145,2025-01-04 01:50:00,0,B7,BR4
2025-01-04 01:55:00,AGV_070,JOB_AGV_070_01040155,2025-01-04 02:17:00,0,B1,BR3
2025-01-04 02:00:00,AGV_053,JOB_AGV_053_01040200,2025-01-04 02:02:00,0,B5,BR3
2025-01-04 02:10:00,AGV_012,JOB_AGV_012_01040210,2025-01-04 03:02:00,1,B8,BR1
2025-01-04 02:15:00,AGV_018,JOB_AGV_018_01040215,2025-01-04 02:15:00,0,B2,BR3
2025-01-04 02:15:00,AGV_069,JOB_AGV_069_01040215,2025-01-04 02:33:00,0,B1,BR1
2025-01-04 02:15:00,AGV_106,JOB_AGV_106_01040215,2025-01-04 02:27:00,0,B5,BR4
2025-01-04 02:20:00,AGV_022,JOB_AGV_022_01040220,2025-01-04 02:30:00,0,B3,BR1
2025-01-04 02:25:00,AGV_048,JOB_AGV_048_01040225,2025-01-04 02:28:00,2,B3,BR4
2025-01-04 02:25:00,AGV_051,JOB_AGV_051_01040225,2025-01-04 04:11:00,1,B1,BR3
2025-01-04 02:25:00,AGV_080,JOB_AGV_080_01040225,2025-01-04 02:45:00,0,B4,BR4
2025-01-04 02:25:00,AGV_092,JOB_AGV_092_01040225,2025-01-04 03:59:00,2,B8,BR1
2025-01-04 02:30:00,AGV_030,JOB_AGV_030_01040230,2025-01-04 03:02:00,0,B4,BR2
2025-01-04 02:30:00,AGV_125,JOB_AGV_125_01040230,2025-01-04 02:58:00,0,B2,BR2
2025-01-04 02:35:00,AGV_028,JOB_AGV_028_01040235,2025-01-04 03:16:00,0,B8,BR4
2025-01-04 02:35:00,AGV_032,JOB_AGV_032_01040235,2025-01-04 02:54:00,0,B7,BR1
2025-01-04 02:35:00,AGV_112,JOB_AGV_112_01040235,2025-01-04 03:02:00,1,B7,BR2
2025-01-04 02:35:00,AGV_114,JOB_AGV_114_01040235,2025-01-04 02:41:00,0,B1,BR4
2025-01-04 02:40:00,AGV_130,JOB_AGV_130_01040240,2025-01-04 04:55:00,1,B4,BR1
2025-01-04 02:45:00,AGV_090,JOB_AGV_090_01040245,2025-01-04 03:03:00,1,B1,BR3
2025-01-04 02:50:00,AGV_065,JOB_AGV_065_01040250,2025-01-04 02:59:00,0,B8,BR3
2025-01-04 03:00:00,AGV_035,JOB_AGV_035_01040300,2025-01-04 03:02:00,1,B7,BR3
2025-01-04 03:00:00,AGV_036,JOB_AGV_036_01040300,2025-01-04 03:10:00,0,B3,BR3
2025-01-04 03:00:00,AGV_072,JOB_AGV_072_01040300,2025-01-04 04:10:00,0,B6,BR2
2025-01-04 03:05:00,AGV_023,JOB_AGV_023_01040305,2025-01-04 03:39:00,1,B4,BR1
2025-01-04 03:05:00,AGV_107,JOB_AGV_107_01040305,2025-01-04 03:41:00,0,B8,BR2
2025-01-04 03:10:00,AGV_129,JOB_AGV_129_01040310,2025-01-04 03:19:00,0,B2,BR1
2025-01-04 03:15:00,AGV_010,JOB_AGV_010_01040315,2025-01-04 03:19:00,0,B7,BR3
2025-01-04 03:20:00,AGV_040,JOB_AGV_040_01040320,2025-01-04 03:38:00,2,B1,BR3
2025-01-04 03:25:00,AGV_016,JOB_AGV_016_01040325,2025-01-04 03:27:00,1,B3,BR4
2025-01-04 03:25:00,AGV_085,JOB_AGV_085_01040325,2025-01-04 03:33:00,2,B3,BR1
2025-01-04 03:25:00,AGV_129,JOB_AGV_129_01040325,2025-01-04 03:26:00,0,B4,BR4
2025-01-04 03:30:00,AGV_018,JOB_AGV_018_01040330,2025-01-04 04:27:00,0,B6,BR4
2025-01-04 03:35:00,AGV_003,JOB_AGV_003_01040335,2025-01-04 03:52:00,2,B1,BR1
2025-01-04 03:35:00,AGV_004,JOB_AGV_004_01040335,2025-01-04 03:54:00,1,B4,BR3
2025-01-04 03:35:00,AGV_022,JOB_AGV_022_01040335,2025-01-04 03:35:00,0,B7,BR1
2025-01-04 03:35:00,AGV_037,JOB_AGV_037_01040335,2025-01-04 03:51:00,1,B4,BR3
2025-01-04 03:35:00,AGV_062,JOB_AGV_062_01040335,2025-01-04 04:12:00,0,B3,BR3
2025-01-04 03:40:00,AGV_044,JOB_AGV_044_01040340,2025-01-04 03:42:00,0,B4,BR4
2025-01-04 03:45:00,AGV_029,JOB_AGV_029_01040345,2025-01-04 04:21:00,0,B5,BR1
2025-01-04 03:45:00,AGV_122,JOB_AGV_122_01040345,2025-01-04 04:35:00,0,B8,BR4
2025-01-04 03:50:00,AGV_027,JOB_AGV_027_01040350,2025-01-04 04:12:00,1,B3,BR2
2025-01-04 03:55:00,AGV_002,JOB_AGV_002_01040355,2025-01-04 04:00:00,0,B1,BR1
2025-01-04 03:55:00,AGV_095,JOB_AGV_095_01040355,2025-01-04 04:02:00,0,B2,BR3
2025-01-04 04:00:00,AGV_001,JOB_AGV_001_01040400,2025-01-04 04:01:00,1,B8,BR2
2025-01-04 04:00:00,AGV_053,JOB_AGV_053_01040400,2025-01-04 04:13:00,0,B3,BR1
2025-01-04 04:00:00,AGV_098,JOB_AGV_098_01040400,2025-01-04 04:21:00,1,B7,BR3
2025-01-04 04:05:00,AGV_010,JOB_AGV_010_01040405,2025-01-04 04:32:00,1,B5,BR2
2025-01-04 04:05:00,AGV_045,JOB_AGV_045_01040405,2025-01-04 04:08:00,0,B7,BR4
2025-01-04 04:05:00,AGV_059,JOB_AGV_059_01040405,2025-01-04 04:12:00,1,B3,BR3
2025-01-04 04:10:00,AGV_018,JOB_AGV_018_01040410,2025-01-04 04:55:00,0,B5,BR4
2025-01-04 04:10:00,AGV_067,JOB_AGV_067_01040410,2025-01-04 05:05:00,0,B7,BR4
2025-01-04 04:10:00,AGV_069,JOB_AGV_069_01040410,2025-01-04 04:25:00,2,B7,BR4
2025-01-04 04:10:00,AGV_102,JOB_AGV_102_01040410,2025-01-04 04:48:00,1,B8,BR1
2025-01-04 04:15:00,AGV_089,JOB_AGV_089_01040415,2025-01-04 04:46:00,2,B5,BR3
2025-01-04 04:25:00,AGV_067,JOB_AGV_067_01040425,2025-01-04 04:31:00,0,B4,BR1
2025-01-04 04:25:00,AGV_097,JOB_AGV_097_01040425,2025-01-04 06:07:00,1,B3,BR3
2025-01-04 04:35:00,AGV_115,JOB_AGV_115_01040435,2025-01-04 06:05:00,0,B2,BR2
2025-01-04 04:35:00,AGV_129,JOB_AGV_129_01040435,2025-01-04 04:50:00,0,B6,BR2
2025-01-04 04:40:00,AGV_051,JOB_AGV_051_01040440,2025-01-04 05:39:00,1,B8,BR3
2025-01-04 04:50:00,AGV_073,JOB_AGV_073_01040450,2025-01-04 05:23:00,1,B3,BR1
2025-01-04 04:50:00,AGV_104,JOB_AGV_104_01040450,2025-01-04 05:04:00,2,B3,BR2
2025-01-04 04:55:00,AGV_002,JOB_AGV_002_01040455,2025-01-04 07:02:00,2,B8,BR2
2025-01-04 05:00:00,AGV_054,JOB_AGV_054_01040500,2025-01-04 05:24:00,0,B3,BR4
2025-01-04 05:00:00,AGV_057,JOB_AGV_057_01040500,2025-01-04 05:55:00,2,B4,BR2
2025-01-04 05:05:00,AGV_036,JOB_AGV_036_01040505,2025-01-04 05:58:00,0,B5,BR4
2025-01-04 05:05:00,AGV_072,JOB_AGV_072_01040505,2025-01-04 06:30:00,0,B8,BR3
2025-01-04 05:10:00,AGV_016,JOB_AGV_016_01040510,2025-01-04 05:24:00,1,B5,BR1
2025-01-04 05:15:00,AGV_072,JOB_AGV_072_01040515,2025-01-04 06:23:00,0,B6,BR3
2025-01-04 05:20:00,AGV_014,JOB_AGV_014_01040520,2025-01-04 05:26:00,2,B5,BR2
2025-01-04 05:20:00,AGV_105,JOB_AGV_105_01040520,2025-01-04 05:23:00,0,B2,BR4
2025-01-04 05:25:00,AGV_092,JOB_AGV_092_01040525,2025-01-04 06:05:00,0,B6,BR3
2025-01-04 05:30:00,AGV_103,JOB_AGV_103_01040530,2025-01-04 06:06:00,0,B6,BR4
2025-01-04 05:30:00,AGV_114,JOB_AGV_114_01040530,2025-01-04 05:43:00,2,B6,BR4
2025-01-04 05:35:00,AGV_003,JOB_AGV_003_01040535,2025-01-04 08:25:00,2,B6,BR2
2025-01-04 05:35:00,AGV_031,JOB_AGV_031_01040535,2025-01-04 06:40:00,0,B5,BR3
2025-01-04 05:35:00,AGV_130,JOB_AGV_130_01040535,2025-01-04 05:50:00,1,B1,BR1
2025-01-04 05:40:00,AGV_007,JOB_AGV_007_01040540,2025-01-04 07:01:00,1,B5,BR3
2025-01-04 05:45:00,AGV_026,JOB_AGV_026_01040545,2025-01-04 06:04:00,0,B7,BR1
2025-01-04 05:50:00,AGV_003,JOB_AGV_003_01040550,2025-01-04 06:44:00,0,B5,BR3
2025-01-04 05:50:00,AGV_063,JOB_AGV_063_01040550,2025-01-04 06:51:00,1,B3,BR4
2025-01-04 05:50:00,AGV_126,JOB_AGV_126_01040550,2025-01-04 05:51:00,0,B6,BR1
2025-01-04 05:55:00,AGV_031,JOB_AGV_031_01040555,2025-01-04 06:14:00,2,B7,BR3
2025-01-04 06:05:00,AGV_046,JOB_AGV_046_01040605,2025-01-04 06:09:00,2,B7,BR1
2025-01-04 06:05:00,AGV_086,JOB_AGV_086_01040605,2025-01-04 08:31:00,0,B3,BR3
2025-01-04 06:05:00,AGV_096,JOB_AGV_096_01040605,2025-01-04 07:52:00,0,B4,BR1
2025-01-04 06:15:00,AGV_124,JOB_AGV_124_01040615,2025-01-04 06:37:00,0,B2,BR4
2025-01-04 06:15:00,AGV_127,JOB_AGV_127_01040615,2025-01-04 06:52:00,2,B8,BR1
2025-01-04 06:20:00,AGV_061,JOB_AGV_061_01040620,2025-01-04 07:41:00,0,B3,BR2
2025-01-04 06:30:00,AGV_020,JOB_AGV_020_01040630,2025-01-04 06:40:00,2,B2,BR3
2025-01-04 06:30:00,AGV_045,JOB_AGV_045_01040630,2025-01-04 06:33:00,0,B1,BR2
2025-01-04 06:35:00,AGV_007,JOB_AGV_007_01040635,2025-01-04 06:35:00,0,B3,BR1
2025-01-04 06:35:00,AGV_036,JOB_AGV_036_01040635,2025-01-04 06:36:00,2,B5,BR4
2025-01-04 06:40:00,AGV_047,JOB_AGV_047_01040640,2025-01-04 08:17:00,0,B2,BR2
2025-01-04 06:40:00,AGV_048,JOB_AGV_048_01040640,2025-01-04 07:46:00,0,B5,BR3
2025-01-04 06:45:00,AGV_108,JOB_AGV_108_01040645,2025-01-04 06:53:00,1,B5,BR4
2025-01-04 06:45:00,AGV_113,JOB_AGV_113_01040645,2025-01-04 07:01:00,0,B1,BR2
2025-01-04 06:50:00,AGV_094,JOB_AGV_094_01040650,2025-01-04 07:46:00,1,B6,BR4
2025-01-04 06:55:00,AGV_023,JOB_AGV_023_01040655,2025-01-04 07:24:00,1,B1,BR4
2025-01-04 06:55:00,AGV_061,JOB_AGV_061_01040655,2025-01-04 06:57:00,0,B7,BR1
2025-01-04 06:55:00,AGV_077,JOB_AGV_077_01040655,2025-01-04 07:39:00,0,B5,BR2
2025-01-04 06:55:00,AGV_107,JOB_AGV_107_01040655,2025-01-04 07:10:00,2,B4,BR2
2025-01-04 07:00:00,AGV_117,JOB_AGV_117_01040700,2025-01-04 07:11:00,2,B3,BR1
2025-01-04 07:05:00,AGV_006,JOB_AGV_006_01040705,2025-01-04 08:11:00,0,B2,BR3
2025-01-04 07:05:00,AGV_032,JOB_AGV_032_01040705,2025-01-04 07:48:00,1,B1,BR2
2025-01-04 07:05:00,AGV_033,JOB_AGV_033_01040705,2025-01-04 08:01:00,1,B4,BR3
2025-01-04 07:10:00,AGV_081,JOB_AGV_081_01040710,2025-01-04 07:28:00,0,B3,BR2
2025-01-04 07:15:00,AGV_016,JOB_AGV_016_01040715,2025-01-04 08:25:00,0,B1,BR1
2025-01-04 07:15:00,AGV_075,JOB_AGV_075_01040715,2025-01-04 07:16:00,0,B5,BR2
2025-01-04 07:15:00,AGV_087,JOB_AGV_087_01040715,2025-01-04 07:19:00,1,B3,BR2
2025-01-04 07:15:00,AGV_130,JOB_AGV_130_01040715,2025-01-04 07:56:00,2,B6,BR4
2025-01-04 07:20:00,AGV_129,JOB_AGV_129_01040720,2025-01-04 07:23:00,1,B3,BR1
2025-01-04 07:35:00,AGV_057,JOB_AGV_057_01040735,2025-01-04 07:44:00,2,B3,BR4
2025-01-04 07:35:00,AGV_108,JOB_AGV_108_01040735,2025-01-04 07:39:00,1,B7,BR2
2025-01-04 07:35:00,AGV_127,JOB_AGV_127_01040735,2025-01-04 07:54:00,0,B6,BR4
2025-01-04 07:40:00,AGV_026,JOB_AGV_026_01040740,2025-01-04 08:07:00,0,B8,BR3
2025-01-04 07:40:00,AGV_048,JOB_AGV_048_01040740,2025-01-04 08:01:00,1,B2,BR3
2025-01-04 07:45:00,AGV_002,JOB_AGV_002_01040745,2025-01-04 08:23:00,1,B6,BR1
2025-01-04 07:45:00,AGV_055,JOB_AGV_055_01040745,2025-01-04 07:55:00,0,B8,BR2
2025-01-04 07:55:00,AGV_112,JOB_AGV_112_01040755,2025-01-04 10:24:00,0,B1,BR3
2025-01-04 08:00:00,AGV_050,JOB_AGV_050_01040800,2025-01-04 08:21:00,1,B6,BR4
2025-01-04 08:00:00,AGV_055,JOB_AGV_055_01040800,2025-01-04 08:02:00,0,B7,BR4
2025-01-04 08:05:00,AGV_079,JOB_AGV_079_01040805,2025-01-04 08:06:00,1,B5,BR3
2025-01-04 08:10:00,AGV_014,JOB_AGV_014_01040810,2025-01-04 08:44:00,0,B2,BR4
2025-01-04 08:10:00,AGV_086,JOB_AGV_086_01040810,2025-01-04 08:16:00,0,B5,BR1
2025-01-04 08:15:00,AGV_071,JOB_AGV_071_01040815,2025-01-04 09:20:00,1,B4,BR2
2025-01-04 08:20:00,AGV_015,JOB_AGV_015_01040820,2025-01-04 09:29:00,2,B8,BR1
2025-01-04 08:25:00,AGV_126,JOB_AGV_126_01040825,2025-01-04 09:05:00,1,B5,BR3
2025-01-04 08:30:00,AGV_070,JOB_AGV_070_01040830,2025-01-04 08:38:00,1,B5,BR1
2025-01-04 08:30:00,AGV_104,JOB_AGV_104_01040830,2025-01-04 08:38:00,2,B4,BR3
2025-01-04 08:30:00,AGV_112,JOB_AGV_112_01040830,2025-01-04 08:34:00,1,B7,BR1
2025-01-04 08:35:00,AGV_081,JOB_AGV_081_01040835,2025-01-04 09:09:00,0,B3,BR2
2025-01-04 08:40:00,AGV_128,JOB_AGV_128_01040840,2025-01-04 08:44:00,0,B1,BR1
2025-01-04 08:45:00,AGV_049,JOB_AGV_049_01040845,2025-01-04 09:25:00,2,B8,BR3
2025-01-04 08:45:00,AGV_071,JOB_AGV_071_01040845,2025-01-04 09:19:00,0,B8,BR3
2025-01-04 08:45:00,AGV_077,JOB_AGV_077_01040845,2025-01-04 09:08:00,0,B2,BR1
2025-01-04 08:45:00,AGV_123,JOB_AGV_123_01040845,2025-01-04 09:05:00,1,B5,BR1
2025-01-04 08:50:00,AGV_010,JOB_AGV_010_01040850,2025-01-04 09:06:00,0,B2,BR3
2025-01-04 08:50:00,AGV_033,JOB_AGV_033_01040850,2025-01-04 09:06:00,1,B2,BR1
2025-01-04 08:50:00,AGV_055,JOB_AGV_055_01040850,2025-01-04 08:56:00,2,B2,BR4
2025-01-04 09:00:00,AGV_030,JOB_AGV_030_01040900,2025-01-04 09:31:00,1,B4,BR2
2025-01-04 09:00:00,AGV_124,JOB_AGV_124_01040900,2025-01-04 09:22:00,1,B6,BR4
2025-01-04 09:05:00,AGV_044,JOB_AGV_044_01040905,2025-01-04 09:25:00,0,B4,BR3
2025-01-04 09:05:00,AGV_057,JOB_AGV_057_01040905,2025-01-04 09:24:00,2,B7,BR2
2025-01-04 09:10:00,AGV_051,JOB_AGV_051_01040910,2025-01-04 09:14:00,0,B4,BR1
2025-01-04 09:10:00,AGV_081,JOB_AGV_081_01040910,2025-01-04 09:23:00,1,B4,BR3
2025-01-04 09:10:00,AGV_087,JOB_AGV_087_01040910,2025-01-04 09:16:00,1,B7,BR4
2025-01-04 09:10:00,AGV_108,JOB_AGV_108_01040910,2025-01-04 09:21:00,2,B2,BR4
2025-01-04 09:15:00,AGV_067,JOB_AGV_067_01040915,2025-01-04 09:15:00,0,B8,BR2
2025-01-04 09:15:00,AGV_076,JOB_AGV_076_01040915,2025-01-04 09:18:00,1,B4,BR2
2025-01-04 09:20:00,AGV_053,JOB_AGV_053_01040920,2025-01-04 10:52:00,1,B1,BR4
2025-01-04 09:20:00,AGV_113,JOB_AGV_113_01040920,2025-01-04 09:57:00,0,B8,BR4
2025-01-04 09:20:00,AGV_120,JOB_AGV_120_01040920,2025-01-04 09:25:00,1,B1,BR2
2025-01-04 09:25:00,AGV_022,JOB_AGV_022_01040925,2025-01-04 09:59:00,1,B8,BR3
2025-01-04 09:25:00,AGV_078,JOB_AGV_078_01040925,2025-01-04 09:25:00,1,B7,BR2
2025-01-04 09:25:00,AGV_107,JOB_AGV_107_01040925,2025-01-04 09:47:00,0,B8,BR2
2025-01-04 09:30:00,AGV_068,JOB_AGV_068_01040930,2025-01-04 09:42:00,1,B2,BR3
2025-01-04 09:30:00,AGV_124,JOB_AGV_124_01040930,2025-01-04 09:44:00,0,B6,BR2
2025-01-04 09:35:00,AGV_022,JOB_AGV_022_01040935,2025-01-04 10:06:00,0,B4,BR3
2025-01-04 09:35:00,AGV_085,JOB_AGV_085_01040935,2025-01-04 09:41:00,1,B8,BR2
2025-01-04 09:45:00,AGV_055,JOB_AGV_055_01040945,2025-01-04 09:49:00,1,B4,BR4
2025-01-04 09:45:00,AGV_125,JOB_AGV_125_01040945,2025-01-04 11:10:00,0,B8,BR4
2025-01-04 09:50:00,AGV_012,JOB_AGV_012_01040950,2025-01-04 10:35:00,1,B4,BR3
2025-01-04 09:50:00,AGV_087,JOB_AGV_087_01040950,2025-01-04 10:31:00,0,B5,BR1
2025-01-04 09:50:00,AGV_089,JOB_AGV_089_01040950,2025-01-04 10:36:00,0,B3,BR2
2025-01-04 09:50:00,AGV_097,JOB_AGV_097_01040950,2025-01-04 10:45:00,0,B7,BR1
2025-01-04 09:55:00,AGV_012,JOB_AGV_012_01040955,2025-01-04 10:27:00,0,B4,BR2
2025-01-04 10:00:00,AGV_059,JOB_AGV_059_01041000,2025-01-04 11:06:00,0,B4,BR2
2025-01-04 10:00:00,AGV_060,JOB_AGV_060_01041000,2025-01-04 11:43:00,0,B4,BR1
2025-01-04 10:00:00,AGV_120,JOB_AGV_120_01041000,2025-01-04 10:08:00,1,B2,BR4
2025-01-04 10:05:00,AGV_061,JOB_AGV_061_01041005,2025-01-04 10:22:00,0,B3,BR3
2025-01-04 10:15:00,AGV_066,JOB_AGV_066_01041015,2025-01-04 11:02:00,0,B4,BR4
2025-01-04 10:20:00,AGV_001,JOB_AGV_001_01041020,2025-01-04 11:34:00,0,B1,BR3
2025-01-04 10:20:00,AGV_024,JOB_AGV_024_01041020,2025-01-04 11:06:00,1,B4,BR2
2025-01-04 10:30:00,AGV_052,JOB_AGV_052_01041030,2025-01-04 10:50:00,1,B5,BR1
2025-01-04 10:30:00,AGV_086,JOB_AGV_086_01041030,2025-01-04 11:20:00,2,B1,BR1
2025-01-04 10:30:00,AGV_111,JOB_AGV_111_01041030,2025-01-04 11:21:00,1,B7,BR2
2025-01-04 10:35:00,AGV_042,JOB_AGV_042_01041035,2025-01-04 11:01:00,0,B7,BR4
2025-01-04 10:35:00,AGV_043,JOB_AGV_043_01041035,2025-01-04 10:39:00,0,B5,BR4
2025-01-04 10:35:00,AGV_121,JOB_AGV_121_01041035,2025-01-04 10:55:00,0,B1,BR3
2025-01-04 10:40:00,AGV_024,JOB_AGV_024_01041040,2025-01-04 11:59:00,2,B8,BR1
2025-01-04 10:40:00,AGV_080,JOB_AGV_080_01041040,2025-01-04 11:51:00,0,B7,BR1
2025-01-04 10:40:00,AGV_095,JOB_AGV_095_01041040,2025-01-04 10:45:00,0,B1,BR4
2025-01-04 10:45:00,AGV_122,JOB_AGV_122_01041045,2025-01-04 11:06:00,2,B2,BR4
2025-01-04 10:50:00,AGV_033,JOB_AGV_033_01041050,2025-01-04 11:06:00,1,B3,BR3
2025-01-04 10:50:00,AGV_126,JOB_AGV_126_01041050,2025-01-04 10:54:00,0,B8,BR2
2025-01-04 10:55:00,AGV_009,JOB_AGV_009_01041055,2025-01-04 11:35:00,0,B2,BR4
2025-01-04 11:00:00,AGV_084,JOB_AGV_084_01041100,2025-01-04 13:10:00,2,B1,BR1
2025-01-04 11:05:00,AGV_052,JOB_AGV_052_01041105,2025-01-04 11:23:00,1,B8,BR4
2025-01-04 11:05:00,AGV_058,JOB_AGV_058_01041105,2025-01-04 11:43:00,0,B5,BR4
2025-01-04 11:05:00,AGV_094,JOB_AGV_094_01041105,2025-01-04 11:46:00,0,B1,BR1
2025-01-04 11:10:00,AGV_098,JOB_AGV_098_01041110,2025-01-04 12:13:00,0,B3,BR2
2025-01-04 11:15:00,AGV_019,JOB_AGV_019_01041115,2025-01-04 12:04:00,0,B3,BR4
2025-01-04 11:15:00,AGV_052,JOB_AGV_052_01041115,2025-01-04 11:21:00,2,B6,BR3
2025-01-04 11:15:00,AGV_064,JOB_AGV_064_01041115,2025-01-04 11:41:00,1,B7,BR3
2025-01-04 11:15:00,AGV_086,JOB_AGV_086_01041115,2025-01-04 11:56:00,2,B1,BR1
2025-01-04 11:25:00,AGV_087,JOB_AGV_087_01041125,2025-01-04 11:39:00,0,B8,BR1
2025-01-04 11:30:00,AGV_048,JOB_AGV_048_01041130,2025-01-04 12:28:00,0,B1,BR1
2025-01-04 11:30:00,AGV_110,JOB_AGV_110_01041130,2025-01-04 11:38:00,0,B5,BR3
2025-01-04 11:35:00,AGV_059,JOB_AGV_059_01041135,2025-01-04 11:46:00,1,B5,BR3
2025-01-04 11:35:00,AGV_086,JOB_AGV_086_01041135,2025-01-04 11:48:00,0,B6,BR3
2025-01-04 11:35:00,AGV_105,JOB_AGV_105_01041135,2025-01-04 11:53:00,0,B5,BR4
2025-01-04 11:40:00,AGV_035,JOB_AGV_035_01041140,2025-01-04 12:44:00,0,B7,BR2
2025-01-04 11:40:00,AGV_074,JOB_AGV_074_01041140,2025-01-04 12:05:00,1,B7,BR4
2025-01-04 11:40:00,AGV_105,JOB_AGV_105_01041140,2025-01-04 11:54:00,1,B8,BR3
2025-01-04 11:45:00,AGV_020,JOB_AGV_020_01041145,2025-01-04 12:10:00,0,B5,BR3
2025-01-04 11:45:00,AGV_080,JOB_AGV_080_01041145,2025-01-04 12:06:00,1,B7,BR4
2025-01-04 11:45:00,AGV_120,JOB_AGV_120_01041145,2025-01-04 11:45:00,1,B4,BR2
2025-01-04 11:50:00,AGV_091,JOB_AGV_091_01041150,2025-01-04 12:40:00,0,B1,BR2
2025-01-04 11:50:00,AGV_105,JOB_AGV_105_01041150,2025-01-04 12:12:00,2,B8,BR1
2025-01-04 11:50:00,AGV_121,JOB_AGV_121_01041150,2025-01-04 11:52:00,1,B8,BR2
2025-01-04 11:55:00,AGV_075,JOB_AGV_075_01041155,2025-01-04 12:05:00,0,B4,BR2
2025-01-04 12:00:00,AGV_055,JOB_AGV_055_01041200,2025-01-04 13:55:00,1,B5,BR3
2025-01-04 12:00:00,AGV_062,JOB_AGV_062_01041200,2025-01-04 12:32:00,0,B1,BR2
2025-01-04 12:05:00,AGV_008,JOB_AGV_008_01041205,2025-01-04 12:42:00,1,B8,BR3
2025-01-04 12:05:00,AGV_073,JOB_AGV_073_01041205,2025-01-04 15:54:00,0,B8,BR1
2025-01-04 12:05:00,AGV_098,JOB_AGV_098_01041205,2025-01-04 12:28:00,2,B7,BR4
2025-01-04 12:10:00,AGV_009,JOB_AGV_009_01041210,2025-01-04 13:35:00,0,B8,BR3
2025-01-04 12:10:00,AGV_067,JOB_AGV_067_01041210,2025-01-04 12:18:00,1,B1,BR1
2025-01-04 12:10:00,AGV_080,JOB_AGV_080_01041210,2025-01-04 12:21:00,1,B6,BR2
2025-01-04 12:15:00,AGV_032,JOB_AGV_032_01041215,2025-01-04 13:07:00,1,B1,BR4
2025-01-04 12:15:00,AGV_040,JOB_AGV_040_01041215,2025-01-04 13:14:00,1,B1,BR1
2025-01-04 12:20:00,AGV_024,JOB_AGV_024_01041220,2025-01-04 12:21:00,1,B8,BR4
2025-01-04 12:25:00,AGV_001,JOB_AGV_001_01041225,2025-01-04 12:27:00,0,B1,BR1
2025-01-04 12:25:00,AGV_107,JOB_AGV_107_01041225,2025-01-04 12:26:00,1,B5,BR1
2025-01-04 12:30:00,AGV_126,JOB_AGV_126_01041230,2025-01-04 12:45:00,0,B3,BR1
2025-01-04 12:35:00,AGV_013,JOB_AGV_013_01041235,2025-01-04 12:38:00,2,B7,BR2
2025-01-04 12:35:00,AGV_068,JOB_AGV_068_01041235,2025-01-04 12:49:00,1,B3,BR3
2025-01-04 12:35:00,AGV_092,JOB_AGV_092_01041235,2025-01-04 12:54:00,0,B8,BR3
2025-01-04 12:40:00,AGV_004,JOB_AGV_004_01041240,2025-01-04 14:28:00,0,B2,BR1
2025-01-04 12:55:00,AGV_025,JOB_AGV_025_01041255,2025-01-04 12:55:00,0,B6,BR2
2025-01-04 13:00:00,AGV_078,JOB_AGV_078_01041300,2025-01-04 13:32:00,0,B8,BR4
2025-01-04 13:00:00,AGV_117,JOB_AGV_117_01041300,2025-01-04 13:07:00,1,B6,BR4
2025-01-04 13:05:00,AGV_043,JOB_AGV_043_01041305,2025-01-04 13:21:00,2,B7,BR3
2025-01-04 13:15:00,AGV_107,JOB_AGV_107_01041315,2025-01-04 13:18:00,0,B6,BR3
2025-01-04 13:20:00,AGV_001,JOB_AGV_001_01041320,2025-01-04 14:11:00,0,B5,BR4
2025-01-04 13:20:00,AGV_039,JOB_AGV_039_01041320,2025-01-04 13:21:00,2,B4,BR4
2025-01-04 13:20:00,AGV_051,JOB_AGV_051_01041320,2025-01-04 13:21:00,0,B1,BR1
2025-01-04 13:20:00,AGV_074,JOB_AGV_074_01041320,2025-01-04 14:10:00,0,B6,BR3
2025-01-04 13:20:00,AGV_084,JOB_AGV_084_01041320,2025-01-04 13:58:00,1,B7,BR1
2025-01-04 13:20:00,AGV_108,JOB_AGV_108_01041320,2025-01-04 13:22:00,0,B4,BR2
2025-01-04 13:25:00,AGV_028,JOB_AGV_028_01041325,2025-01-04 13:37:00,1,B2,BR1
2025-01-04 13:30:00,AGV_101,JOB_AGV_101_01041330,2025-01-04 14:45:00,0,B5,BR4
2025-01-04 13:35:00,AGV_021,JOB_AGV_021_01041335,2025-01-04 13:57:00,1,B6,BR4
2025-01-04 13:35:00,AGV_031,JOB_AGV_031_01041335,2025-01-04 13:42:00,0,B3,BR4
2025-01-04 13:35:00,AGV_115,JOB_AGV_115_01041335,2025-01-04 13:47:00,0,B5,BR3
2025-01-04 13:40:00,AGV_066,JOB_AGV_066_01041340,2025-01-04 14:13:00,0,B3,BR4
2025-01-04 13:40:00,AGV_081,JOB_AGV_081_01041340,2025-01-04 13:48:00,1,B2,BR3
2025-01-04 13:40:00,AGV_126,JOB_AGV_126_01041340,2025-01-04 14:21:00,2,B5,BR1
2025-01-04 13:45:00,AGV_051,JOB_AGV_051_01041345,2025-01-04 14:26:00,0,B3,BR3
2025-01-04 13:45:00,AGV_090,JOB_AGV_090_01041345,2025-01-04 14:01:00,0,B3,BR3
2025-01-04 13:55:00,AGV_056,JOB_AGV_056_01041355,2025-01-04 14:09:00,0,B6,BR4
2025-01-04 13:55:00,AGV_072,JOB_AGV_072_01041355,2025-01-04 14:13:00,1,B5,BR3
2025-01-04 14:05:00,AGV_107,JOB_AGV_107_01041405,2025-01-04 14:07:00,0,B3,BR2
2025-01-04 14:10:00,AGV_060,JOB_AGV_060_01041410,2025-01-04 16:15:00,2,B2,BR3
2025-01-04 14:10:00,AGV_105,JOB_AGV_105_01041410,2025-01-04 14:17:00,0,B3,BR2
2025-01-04 14:15:00,AGV_025,JOB_AGV_025_01041415,2025-01-04 14:31:00,1,B3,BR3
2025-01-04 14:20:00,AGV_040,JOB_AGV_040_01041420,2025-01-04 14:22:00,1,B4,BR3
2025-01-04 14:25:00,AGV_020,JOB_AGV_020_01041425,2025-01-04 14:28:00,2,B5,BR4
2025-01-04 14:25:00,AGV_129,JOB_AGV_129_01041425,2025-01-04 14:43:00,1,B1,BR1
2025-01-04 14:35:00,AGV_060,JOB_AGV_060_01041435,2025-01-04 14:41:00,0,B5,BR3
2025-01-04 14:35:00,AGV_078,JOB_AGV_078_01041435,2025-01-04 15:03:00,1,B6,BR3
2025-01-04 14:40:00,AGV_089,JOB_AGV_089_01041440,2025-01-04 15:03:00,0,B5,BR4
2025-01-04 14:45:00,AGV_012,JOB_AGV_012_01041445,2025-01-04 14:47:00,0,B1,BR1
2025-01-04 14:45:00,AGV_098,JOB_AGV_098_01041445,2025-01-04 14:45:00,0,B5,BR2
2025-01-04 14:50:00,AGV_025,JOB_AGV_025_01041450,2025-01-04 15:17:00,1,B6,BR3
2025-01-04 14:55:00,AGV_101,JOB_AGV_101_01041455,2025-01-04 14:59:00,0,B3,BR2
2025-01-04 15:00:00,AGV_062,JOB_AGV_062_01041500,2025-01-04 15:03:00,1,B2,BR3
2025-01-04 15:00:00,AGV_106,JOB_AGV_106_01041500,2025-01-04 15:26:00,1,B4,BR1
2025-01-04 15:00:00,AGV_121,JOB_AGV_121_01041500,2025-01-04 15:07:00,0,B6,BR4
2025-01-04 15:05:00,AGV_019,JOB_AGV_019_01041505,2025-01-04 15:17:00,0,B1,BR4
2025-01-04 15:10:00,AGV_098,JOB_AGV_098_01041510,2025-01-04 15:19:00,2,B6,BR4
2025-01-04 15:15:00,AGV_025,JOB_AGV_025_01041515,2025-01-04 15:27:00,0,B2,BR4
2025-01-04 15:20:00,AGV_035,JOB_AGV_035_01041520,2025-01-04 15:23:00,1,B4,BR3
2025-01-04 15:20:00,AGV_102,JOB_AGV_102_01041520,2025-01-04 15:39:00,0,B2,BR3
2025-01-04 15:30:00,AGV_024,JOB_AGV_024_01041530,2025-01-04 16:41:00,1,B5,BR4
2025-01-04 15:35:00,AGV_034,JOB_AGV_034_01041535,2025-01-04 15:49:00,1,B5,BR4
2025-01-04 15:35:00,AGV_057,JOB_AGV_057_01041535,2025-01-04 16:19:00,0,B3,BR4
2025-01-04 15:35:00,AGV_070,JOB_AGV_070_01041535,2025-01-04 15:48:00,0,B3,BR3
2025-01-04 15:35:00,AGV_071,JOB_AGV_071_01041535,2025-01-04 15:45:00,0,B3,BR4
2025-01-04 15:40:00,AGV_055,JOB_AGV_055_01041540,2025-01-04 17:10:00,2,B2,BR3
2025-01-04 15:40:00,AGV_084,JOB_AGV_084_01041540,2025-01-04 15:50:00,0,B4,BR1
2025-01-04 15:40:00,AGV_085,JOB_AGV_085_01041540,2025-01-04 15:40:00,0,B3,BR2
2025-01-04 15:45:00,AGV_046,JOB_AGV_046_01041545,2025-01-04 16:29:00,1,B5,BR3
2025-01-04 15:50:00,AGV_062,JOB_AGV_062_01041550,2025-01-04 15:51:00,0,B8,BR1
2025-01-04 16:00:00,AGV_130,JOB_AGV_130_01041600,2025-01-04 16:13:00,2,B4,BR2
2025-01-04 16:05:00,AGV_076,JOB_AGV_076_01041605,2025-01-04 16:30:00,1,B3,BR1
2025-01-04 16:15:00,AGV_050,JOB_AGV_050_01041615,2025-01-04 17:53:00,1,B4,BR4
2025-01-04 16:30:00,AGV_062,JOB_AGV_062_01041630,2025-01-04 17:09:00,2,B7,BR1
2025-01-04 16:30:00,AGV_064,JOB_AGV_064_01041630,2025-01-04 17:15:00,0,B6,BR2
2025-01-04 16:35:00,AGV_122,JOB_AGV_122_01041635,2025-01-04 16:49:00,1,B3,BR4
2025-01-04 16:40:00,AGV_026,JOB_AGV_026_01041640,2025-01-04 19:00:00,0,B6,BR2
2025-01-04 16:40:00,AGV_084,JOB_AGV_084_01041640,2025-01-04 16:54:00,0,B5,BR3
2025-01-04 16:50:00,AGV_037,JOB_AGV_037_01041650,2025-01-04 17:23:00,0,B1,BR2
2025-01-04 16:50:00,AGV_043,JOB_AGV_043_01041650,2025-01-04 17:04:00,0,B1,BR2
2025-01-04 16:50:00,AGV_127,JOB_AGV_127_01041650,2025-01-04 17:26:00,0,B5,BR1
2025-01-04 16:55:00,AGV_001,JOB_AGV_001_01041655,2025-01-04 17:44:00,0,B8,BR4
2025-01-04 16:55:00,AGV_042,JOB_AGV_042_01041655,2025-01-04 18:58:00,1,B6,BR1
2025-01-04 17:00:00,AGV_033,JOB_AGV_033_01041700,2025-01-04 17:38:00,0,B2,BR4
2025-01-04 17:00:00,AGV_059,JOB_AGV_059_01041700,2025-01-04 18:31:00,0,B5,BR2
2025-01-04 17:00:00,AGV_066,JOB_AGV_066_01041700,2025-01-04 17:02:00,0,B8,BR3
2025-01-04 17:05:00,AGV_046,JOB_AGV_046_01041705,2025-01-04 17:29:00,0,B7,BR4
2025-01-04 17:10:00,AGV_015,JOB_AGV_015_01041710,2025-01-04 17:25:00,0,B2,BR1
2025-01-04 17:10:00,AGV_079,JOB_AGV_079_01041710,2025-01-04 17:13:00,0,B4,BR1
2025-01-04 17:15:00,AGV_050,JOB_AGV_050_01041715,2025-01-04 17:17:00,0,B3,BR3
2025-01-04 17:15:00,AGV_076,JOB_AGV_076_01041715,2025-01-04 17:19:00,0,B1,BR3
2025-01-04 17:20:00,AGV_030,JOB_AGV_030_01041720,2025-01-04 17:47:00,1,B8,BR4
2025-01-04 17:20:00,AGV_049,JOB_AGV_049_01041720,2025-01-04 19:03:00,2,B1,BR3
2025-01-04 17:25:00,AGV_069,JOB_AGV_069_01041725,2025-01-04 17:28:00,1,B7,BR3
2025-01-04 17:30:00,AGV_008,JOB_AGV_008_01041730,2025-01-04 19:01:00,2,B5,BR2
2025-01-04 17:30:00,AGV_011,JOB_AGV_011_01041730,2025-01-04 18:02:00,1,B1,BR4
2025-01-04 17:30:00,AGV_015,JOB_AGV_015_01041730,2025-01-04 19:00:00,1,B3,BR2
2025-01-04 17:30:00,AGV_064,JOB_AGV_064_01041730,2025-01-04 17:30:00,0,B1,BR1
2025-01-04 17:30:00,AGV_090,JOB_AGV_090_01041730,2025-01-04 17:40:00,1,B3,BR1
2025-01-04 17:30:00,AGV_130,JOB_AGV_130_01041730,2025-01-04 18:22:00,0,B8,BR2
2025-01-04 17:35:00,AGV_001,JOB_AGV_001_01041735,2025-01-04 18:00:00,0,B8,BR3
2025-01-04 17:35:00,AGV_039,JOB_AGV_039_01041735,2025-01-04 18:34:00,0,B1,BR4
2025-01-04 17:35:00,AGV_050,JOB_AGV_050_01041735,2025-01-04 18:21:00,1,B5,BR4
2025-01-04 17:35:00,AGV_079,JOB_AGV_079_01041735,2025-01-04 18:27:00,2,B1,BR3
2025-01-04 17:35:00,AGV_090,JOB_AGV_090_01041735,2025-01-04 17:51:00,1,B6,BR4
2025-01-04 17:40:00,AGV_057,JOB_AGV_057_01041740,2025-01-04 18:40:00,1,B5,BR1
2025-01-04 17:40:00,AGV_099,JOB_AGV_099_01041740,2025-01-04 17:50:00,1,B2,BR1
2025-01-04 17:45:00,AGV_054,JOB_AGV_054_01041745,2025-01-04 17:49:00,1,B5,BR1
2025-01-04 17:45:00,AGV_119,JOB_AGV_119_01041745,2025-01-04 18:44:00,0,B5,BR2
2025-01-04 17:50:00,AGV_041,JOB_AGV_041_01041750,2025-01-04 18:33:00,1,B2,BR3
2025-01-04 17:55:00,AGV_033,JOB_AGV_033_01041755,2025-01-04 18:16:00,1,B4,BR1
2025-01-04 18:00:00,AGV_003,JOB_AGV_003_01041800,2025-01-04 18:04:00,1,B6,BR2
2025-01-04 18:00:00,AGV_022,JOB_AGV_022_01041800,2025-01-04 18:35:00,0,B5,BR1
2025-01-04 18:00:00,AGV_088,JOB_AGV_088_01041800,2025-01-04 19:29:00,1,B7,BR2
2025-01-04 18:05:00,AGV_005,JOB_AGV_005_01041805,2025-01-04 18:15:00,0,B2,BR4
2025-01-04 18:05:00,AGV_010,JOB_AGV_010_01041805,2025-01-04 18:52:00,0,B3,BR4
2025-01-04 18:10:00,AGV_056,JOB_AGV_056_01041810,2025-01-04 18:49:00,0,B3,BR2
2025-01-04 18:10:00,AGV_100,JOB_AGV_100_01041810,2025-01-04 18:25:00,0,B5,BR3
2025-01-04 18:15:00,AGV_014,JOB_AGV_014_01041815,2025-01-04 19:21:00,0,B2,BR1
2025-01-04 18:20:00,AGV_012,JOB_AGV_012_01041820,2025-01-04 18:23:00,1,B1,BR2
2025-01-04 18:20:00,AGV_057,JOB_AGV_057_01041820,2025-01-04 18:40:00,0,B7,BR2
2025-01-04 18:20:00,AGV_114,JOB_AGV_114_01041820,2025-01-04 18:38:00,0,B8,BR3
2025-01-04 18:25:00,AGV_002,JOB_AGV_002_01041825,2025-01-04 18:29:00,1,B3,BR2
2025-01-04 18:30:00,AGV_021,JOB_AGV_021_01041830,2025-01-04 19:50:00,1,B2,BR2
2025-01-04 18:30:00,AGV_027,JOB_AGV_027_01041830,2025-01-04 18:58:00,1,B3,BR2
2025-01-04 18:40:00,AGV_037,JOB_AGV_037_01041840,2025-01-04 19:06:00,0,B2,BR2
2025-01-04 18:40:00,AGV_108,JOB_AGV_108_01041840,2025-01-04 18:56:00,0,B8,BR2
2025-01-04 18:40:00,AGV_112,JOB_AGV_112_01041840,2025-01-04 18:45:00,0,B7,BR2
2025-01-04 18:45:00,AGV_095,JOB_AGV_095_01041845,2025-01-04 18:46:00,2,B6,BR1
2025-01-04 18:50:00,AGV_024,JOB_AGV_024_01041850,2025-01-04 18:51:00,0,B1,BR1
2025-01-04 18:50:00,AGV_062,JOB_AGV_062_01041850,2025-01-04 19:47:00,1,B6,BR2
2025-01-04 18:50:00,AGV_078,JOB_AGV_078_01041850,2025-01-04 19:19:00,0,B7,BR4
2025-01-04 18:50:00,AGV_082,JOB_AGV_082_01041850,2025-01-04 20:48:00,0,B4,BR3
2025-01-04 18:55:00,AGV_066,JOB_AGV_066_01041855,2025-01-04 19:15:00,1,B7,BR1
2025-01-04 18:55:00,AGV_114,JOB_AGV_114_01041855,2025-01-04 19:17:00,2,B7,BR3
2025-01-04 19:00:00,AGV_038,JOB_AGV_038_01041900,2025-01-04 19:23:00,0,B3,BR2
2025-01-04 19:00:00,AGV_082,JOB_AGV_082_01041900,2025-01-04 19:06:00,0,B1,BR4
2025-01-04 19:00:00,AGV_086,JOB_AGV_086_01041900,2025-01-04 19:15:00,1,B5,BR4
2025-01-04 19:05:00,AGV_029,JOB_AGV_029_01041905,2025-01-04 19:18:00,1,B2,BR3
2025-01-04 19:05:00,AGV_098,JOB_AGV_098_01041905,2025-01-04 19:34:00,0,B6,BR4
2025-01-04 19:10:00,AGV_009,JOB_AGV_009_01041910,2025-01-04 19:38:00,0,B6,BR4
2025-01-04 19:10:00,AGV_040,JOB_AGV_040_01041910,2025-01-04 19:32:00,1,B5,BR2
2025-01-04 19:10:00,AGV_098,JOB_AGV_098_01041910,2025-01-04 22:06:00,0,B8,BR2
2025-01-04 19:15:00,AGV_004,JOB_AGV_004_01041915,2025-01-04 19:25:00,1,B6,BR4
2025-01-04 19:15:00,AGV_006,JOB_AGV_006_01041915,2025-01-04 19:49:00,1,B2,BR1
2025-01-04 19:15:00,AGV_034,JOB_AGV_034_01041915,2025-01-04 19:16:00,1,B8,BR3
2025-01-04 19:15:00,AGV_057,JOB_AGV_057_01041915,2025-01-04 19:50:00,1,B5,BR1
2025-01-04 19:15:00,AGV_060,JOB_AGV_060_01041915,2025-01-04 20:11:00,1,B7,BR3
2025-01-04 19:20:00,AGV_076,JOB_AGV_076_01041920,2025-01-04 21:36:00,0,B3,BR1
2025-01-04 19:30:00,AGV_106,JOB_AGV_106_01041930,2025-01-04 20:00:00,1,B4,BR3
2025-01-04 19:30:00,AGV_118,JOB_AGV_118_01041930,2025-01-04 20:55:00,2,B1,BR1
2025-01-04 19:35:00,AGV_082,JOB_AGV_082_01041935,2025-01-04 21:00:00,0,B8,BR2
2025-01-04 19:40:00,AGV_061,JOB_AGV_061_01041940,2025-01-04 19:40:00,0,B2,BR2
2025-01-04 19:45:00,AGV_045,JOB_AGV_045_01041945,2025-01-04 20:30:00,0,B6,BR1
2025-01-04 19:45:00,AGV_104,JOB_AGV_104_01041945,2025-01-04 20:05:00,0,B4,BR1
2025-01-04 19:45:00,AGV_105,JOB_AGV_105_01041945,2025-01-04 19:47:00,1,B7,BR1
2025-01-04 19:50:00,AGV_011,JOB_AGV_011_01041950,2025-01-04 19:52:00,2,B3,BR2
2025-01-04 19:50:00,AGV_080,JOB_AGV_080_01041950,2025-01-04 20:18:00,0,B7,BR2
2025-01-04 19:50:00,AGV_094,JOB_AGV_094_01041950,2025-01-04 20:19:00,0,B1,BR4
2025-01-04 19:50:00,AGV_103,JOB_AGV_103_01041950,2025-01-04 19:51:00,0,B6,BR1
2025-01-04 19:55:00,AGV_096,JOB_AGV_096_01041955,2025-01-04 20:11:00,1,B3,BR1
2025-01-04 20:00:00,AGV_030,JOB_AGV_030_01042000,2025-01-04 20:04:00,0,B3,BR2
2025-01-04 20:05:00,AGV_106,JOB_AGV_106_01042005,2025-01-04 20:14:00,0,B7,BR2
2025-01-04 20:05:00,AGV_119,JOB_AGV_119_01042005,2025-01-04 20:33:00,0,B5,BR4
2025-01-04 20:10:00,AGV_036,JOB_AGV_036_01042010,2025-01-04 21:38:00,0,B7,BR2
2025-01-04 20:10:00,AGV_049,JOB_AGV_049_01042010,2025-01-04 20:32:00,1,B6,BR1
2025-01-04 20:10:00,AGV_062,JOB_AGV_062_01042010,2025-01-04 20:11:00,1,B3,BR1
2025-01-04 20:15:00,AGV_035,JOB_AGV_035_01042015,2025-01-04 20:21:00,0,B2,BR1
2025-01-04 20:20:00,AGV_017,JOB_AGV_017_01042020,2025-01-04 20:20:00,0,B6,BR4
2025-01-04 20:25:00,AGV_049,JOB_AGV_049_01042025,2025-01-04 20:54:00,1,B5,BR2
2025-01-04 20:25:00,AGV_073,JOB_AGV_073_01042025,2025-01-04 21:23:00,0,B7,BR1
2025-01-04 20:25:00,AGV_099,JOB_AGV_099_01042025,2025-01-04 20:46:00,0,B1,BR2
2025-01-04 20:30:00,AGV_021,JOB_AGV_021_01042030,2025-01-04 22:39:00,0,B7,BR4
2025-01-04 20:35:00,AGV_036,JOB_AGV_036_01042035,2025-01-04 20:37:00,2,B1,BR2
2025-01-04 20:35:00,AGV_069,JOB_AGV_069_01042035,2025-01-04 21:00:00,0,B8,BR1
2025-01-04 20:35:00,AGV_092,JOB_AGV_092_01042035,2025-01-04 21:01:00,0,B1,BR3
2025-01-04 20:40:00,AGV_078,JOB_AGV_078_01042040,2025-01-04 20:53:00,0,B3,BR1
2025-01-04 20:40:00,AGV_117,JOB_AGV_117_01042040,2025-01-04 20:48:00,2,B8,BR2
2025-01-04 20:45:00,AGV_027,JOB_AGV_027_01042045,2025-01-04 21:07:00,2,B4,BR1
2025-01-04 20:45:00,AGV_035,JOB_AGV_035_01042045,2025-01-04 22:29:00,1,B3,BR1
2025-01-04 20:45:00,AGV_090,JOB_AGV_090_01042045,2025-01-04 21:29:00,2,B3,BR2
2025-01-04 20:45:00,AGV_092,JOB_AGV_092_01042045,2025-01-04 21:24:00,1,B3,BR3
2025-01-04 20:45:00,AGV_127,JOB_AGV_127_01042045,2025-01-04 22:03:00,1,B4,BR3
2025-01-04 20:50:00,AGV_051,JOB_AGV_051_01042050,2025-01-04 21:15:00,1,B2,BR3
2025-01-04 20:50:00,AGV_121,JOB_AGV_121_01042050,2025-01-04 21:53:00,1,B4,BR1
2025-01-04 20:55:00,AGV_024,JOB_AGV_024_01042055,2025-01-04 21:00:00,0,B3,BR3
2025-01-04 20:55:00,AGV_077,JOB_AGV_077_01042055,2025-01-04 21:47:00,0,B4,BR4
2025-01-04 21:00:00,AGV_050,JOB_AGV_050_01042100,2025-01-04 23:30:00,0,B3,BR4
2025-01-04 21:00:00,AGV_062,JOB_AGV_062_01042100,2025-01-04 21:31:00,1,B7,BR4
2025-01-04 21:05:00,AGV_119,JOB_AGV_119_01042105,2025-01-04 21:08:00,1,B4,BR4
2025-01-04 21:15:00,AGV_055,JOB_AGV_055_01042115,2025-01-04 22:49:00,1,B7,BR3
2025-01-04 21:15:00,AGV_112,JOB_AGV_112_01042115,2025-01-04 21:15:00,0,B4,BR3
2025-01-04 21:20:00,AGV_030,JOB_AGV_030_01042120,2025-01-04 21:51:00,1,B3,BR2
2025-01-04 21:30:00,AGV_019,JOB_AGV_019_01042130,2025-01-04 21:41:00,0,B5,BR2
2025-01-04 21:30:00,AGV_066,JOB_AGV_066_01042130,2025-01-04 21:42:00,2,B1,BR4
2025-01-04 21:30:00,AGV_077,JOB_AGV_077_01042130,2025-01-04 21:39:00,0,B4,BR2
2025-01-04 21:30:00,AGV_079,JOB_AGV_079_01042130,2025-01-04 21:51:00,0,B5,BR1
2025-01-04 21:40:00,AGV_070,JOB_AGV_070_01042140,2025-01-04 21:50:00,1,B8,BR4
2025-01-04 21:40:00,AGV_081,JOB_AGV_081_01042140,2025-01-04 23:08:00,0,B2,BR4
2025-01-04 21:45:00,AGV_028,JOB_AGV_028_01042145,2025-01-04 22:21:00,0,B6,BR1
2025-01-04 21:45:00,AGV_048,JOB_AGV_048_01042145,2025-01-04 22:55:00,1,B4,BR3
2025-01-04 21:50:00,AGV_084,JOB_AGV_084_01042150,2025-01-04 22:30:00,0,B8,BR1
2025-01-04 21:55:00,AGV_027,JOB_AGV_027_01042155,2025-01-04 22:12:00,1,B6,BR1
2025-01-04 21:55:00,AGV_033,JOB_AGV_033_01042155,2025-01-04 21:56:00,0,B6,BR2
2025-01-04 21:55:00,AGV_123,JOB_AGV_123_01042155,2025-01-04 22:51:00,2,B8,BR3
2025-01-04 22:00:00,AGV_125,JOB_AGV_125_01042200,2025-01-04 22:00:00,0,B2,BR2
2025-01-04 22:05:00,AGV_107,JOB_AGV_107_01042205,2025-01-04 22:09:00,0,B3,BR4
2025-01-04 22:15:00,AGV_091,JOB_AGV_091_01042215,2025-01-04 22:27:00,1,B3,BR3
2025-01-04 22:15:00,AGV_110,JOB_AGV_110_01042215,2025-01-04 22:25:00,0,B3,BR1
2025-01-04 22:15:00,AGV_116,JOB_AGV_116_01042215,2025-01-04 22:23:00,1,B6,BR3
2025-01-04 22:25:00,AGV_105,JOB_AGV_105_01042225,2025-01-04 22:30:00,0,B8,BR1
2025-01-04 22:30:00,AGV_116,JOB_AGV_116_01042230,2025-01-04 23:46:00,1,B4,BR3
2025-01-04 22:35:00,AGV_048,JOB_AGV_048_01042235,2025-01-04 23:07:00,0,B8,BR4
2025-01-04 22:40:00,AGV_030,JOB_AGV_030_01042240,2025-01-04 23:07:00,0,B1,BR3
2025-01-04 22:40:00,AGV_114,JOB_AGV_114_01042240,2025-01-05 00:21:00,0,B6,BR4
2025-01-04 22:45:00,AGV_127,JOB_AGV_127_01042245,2025-01-04 23:02:00,0,B1,BR4
2025-01-04 22:50:00,AGV_011,JOB_AGV_011_01042250,2025-01-05 00:13:00,2,B2,BR3
2025-01-04 22:55:00,AGV_045,JOB_AGV_045_01042255,2025-01-04 23:30:00,1,B7,BR4
2025-01-04 22:55:00,AGV_060,JOB_AGV_060_01042255,2025-01-04 23:08:00,0,B5,BR3
2025-01-04 23:00:00,AGV_092,JOB_AGV_092_01042300,2025-01-04 23:05:00,0,B7,BR2
2025-01-04 23:10:00,AGV_032,JOB_AGV_032_01042310,2025-01-04 23:25:00,2,B7,BR4
2025-01-04 23:10:00,AGV_069,JOB_AGV_069_01042310,2025-01-04 23:36:00,0,B1,BR2
2025-01-04 23:15:00,AGV_052,JOB_AGV_052_01042315,2025-01-04 23:44:00,1,B5,BR4
2025-01-04 23:20:00,AGV_063,JOB_AGV_063_01042320,2025-01-04 23:34:00,2,B5,BR2
2025-01-04 23:20:00,AGV_110,JOB_AGV_110_01042320,2025-01-04 23:26:00,1,B7,BR3
2025-01-04 23:20:00,AGV_123,JOB_AGV_123_01042320,2025-01-05 00:18:00,1,B3,BR2
2025-01-04 23:25:00,AGV_112,JOB_AGV_112_01042325,2025-01-04 23:32:00,1,B2,BR2
2025-01-04 23:25:00,AGV_129,JOB_AGV_129_01042325,2025-01-05 00:47:00,1,B5,BR2
2025-01-04 23:30:00,AGV_027,JOB_AGV_027_01042330,2025-01-04 23:36:00,0,B2,BR1
2025-01-04 23:30:00,AGV_081,JOB_AGV_081_01042330,2025-01-04 23:39:00,0,B7,BR4
2025-01-04 23:40:00,AGV_068,JOB_AGV_068_01042340,2025-01-05 00:00:00,1,B4,BR2
2025-01-04 23:40:00,AGV_113,JOB_AGV_113_01042340,2025-01-05 00:00:00,0,B1,BR4
2025-01-04 23:45:00,AGV_126,JOB_AGV_126_01042345,2025-01-05 00:17:00,1,B4,BR3
2025-01-04 23:55:00,AGV_099,JOB_AGV_099_01042355,2025-01-05 00:08:00,1,B2,BR2
2025-01-05 00:00:00,AGV_046,JOB_AGV_046_01050000,2025-01-05 00:39:00,0,B4,BR3
2025-01-05 00:00:00,AGV_091,JOB_AGV_091_01050000,2025-01-05 00:11:00,1,B3,BR1
2025-01-05 00:05:00,AGV_041,JOB_AGV_041_01050005,2025-01-05 00:06:00,0,B8,BR4
2025-01-05 00:10:00,AGV_035,JOB_AGV_035_01050010,2025-01-05 00:16:00,2,B1,BR2
2025-01-05 00:15:00,AGV_021,JOB_AGV_021_01050015,2025-01-05 00:40:00,1,B4,BR1
2025-01-05 00:15:00,AGV_036,JOB_AGV_036_01050015,2025-01-05 00:40:00,1,B4,BR2
2025-01-05 00:15:00,AGV_121,JOB_AGV_121_01050015,2025-01-05 00:25:00,0,B5,BR2
2025-01-05 00:25:00,AGV_016,JOB_AGV_016_01050025,2025-01-05 00:38:00,2,B4,BR4
2025-01-05 00:25:00,AGV_037,JOB_AGV_037_01050025,2025-01-05 03:30:00,0,B7,BR2
2025-01-05 00:25:00,AGV_126,JOB_AGV_126_01050025,2025-01-05 00:29:00,1,B5,BR4
2025-01-05 00:30:00,AGV_063,JOB_AGV_063_01050030,2025-01-05 00:45:00,1,B3,BR4
2025-01-05 00:30:00,AGV_114,JOB_AGV_114_01050030,2025-01-05 00:47:00,0,B7,BR2
2025-01-05 00:40:00,AGV_022,JOB_AGV_022_01050040,2025-01-05 00:51:00,0,B2,BR2
2025-01-05 00:45:00,AGV_003,JOB_AGV_003_01050045,2025-01-05 02:22:00,0,B7,BR3
2025-01-05 00:45:00,AGV_079,JOB_AGV_079_01050045,2025-01-05 01:05:00,1,B6,BR2
2025-01-05 00:50:00,AGV_007,JOB_AGV_007_01050050,2025-01-05 01:52:00,2,B4,BR3
2025-01-05 00:50:00,AGV_040,JOB_AGV_040_01050050,2025-01-05 00:54:00,0,B5,BR1
2025-01-05 00:50:00,AGV_071,JOB_AGV_071_01050050,2025-01-05 03:45:00,1,B7,BR3
2025-01-05 00:50:00,AGV_108,JOB_AGV_108_01050050,2025-01-05 00:54:00,0,B7,BR3
2025-01-05 01:00:00,AGV_005,JOB_AGV_005_01050100,2025-01-05 01:19:00,1,B8,BR1
2025-01-05 01:05:00,AGV_028,JOB_AGV_028_01050105,2025-01-05 01:55:00,0,B4,BR4
2025-01-05 01:05:00,AGV_061,JOB_AGV_061_01050105,2025-01-05 01:20:00,1,B6,BR2
2025-01-05 01:10:00,AGV_095,JOB_AGV_095_01050110,2025-01-05 01:22:00,1,B1,BR4
2025-01-05 01:15:00,AGV_053,JOB_AGV_053_01050115,2025-01-05 01:38:00,1,B7,BR4
2025-01-05 01:30:00,AGV_017,JOB_AGV_017_01050130,2025-01-05 01:57:00,0,B8,BR4
2025-01-05 01:30:00,AGV_023,JOB_AGV_023_01050130,2025-01-05 02:48:00,1,B4,BR4
2025-01-05 01:30:00,AGV_128,JOB_AGV_128_01050130,2025-01-05 01:36:00,0,B1,BR2
2025-01-05 01:35:00,AGV_023,JOB_AGV_023_01050135,2025-01-05 02:04:00,0,B1,BR4
2025-01-05 01:40:00,AGV_100,JOB_AGV_100_01050140,2025-01-05 02:48:00,1,B3,BR1
2025-01-05 01:40:00,AGV_119,JOB_AGV_119_01050140,2025-01-05 02:04:00,0,B7,BR1
2025-01-05 01:45:00,AGV_052,JOB_AGV_052_01050145,2025-01-05 02:23:00,1,B6,BR3
2025-01-05 01:45:00,AGV_083,JOB_AGV_083_01050145,2025-01-05 02:20:00,1,B7,BR3
2025-01-05 01:50:00,AGV_024,JOB_AGV_024_01050150,2025-01-05 02:42:00,2,B4,BR3
2025-01-05 01:50:00,AGV_042,JOB_AGV_042_01050150,2025-01-05 01:53:00,1,B8,BR3
2025-01-05 01:50:00,AGV_094,JOB_AGV_094_01050150,2025-01-05 02:06:00,1,B2,BR4
2025-01-05 01:50:00,AGV_101,JOB_AGV_101_01050150,2025-01-05 02:28:00,0,B6,BR1
2025-01-05 01:55:00,AGV_119,JOB_AGV_119_01050155,2025-01-05 02:01:00,0,B7,BR2
2025-01-05 02:00:00,AGV_130,JOB_AGV_130_01050200,2025-01-05 02:31:00,0,B7,BR1
2025-01-05 02:05:00,AGV_017,JOB_AGV_017_01050205,2025-01-05 02:28:00,0,B7,BR2
2025-01-05 02:05:00,AGV_033,JOB_AGV_033_01050205,2025-01-05 03:28:00,0,B2,BR3
2025-01-05 02:10:00,AGV_044,JOB_AGV_044_01050210,2025-01-05 02:26:00,0,B7,BR4
2025-01-05 02:15:00,AGV_053,JOB_AGV_053_01050215,2025-01-05 02:27:00,2,B7,BR3
2025-01-05 02:20:00,AGV_107,JOB_AGV_107_01050220,2025-01-05 02:34:00,1,B7,BR2
2025-01-05 02:25:00,AGV_058,JOB_AGV_058_01050225,2025-01-05 03:11:00,0,B1,BR3
2025-01-05 02:25:00,AGV_061,JOB_AGV_061_01050225,2025-01-05 02:48:00,2,B1,BR4
2025-01-05 02:30:00,AGV_003,JOB_AGV_003_01050230,2025-01-05 02:50:00,1,B4,BR3
2025-01-05 02:30:00,AGV_021,JOB_AGV_021_01050230,2025-01-05 02:36:00,0,B5,BR4
2025-01-05 02:30:00,AGV_110,JOB_AGV_110_01050230,2025-01-05 03:06:00,1,B5,BR4
2025-01-05 02:40:00,AGV_038,JOB_AGV_038_01050240,2025-01-05 03:35:00,1,B8,BR1
2025-01-05 02:45:00,AGV_016,JOB_AGV_016_01050245,2025-01-05 03:11:00,0,B7,BR1
2025-01-05 02:45:00,AGV_072,JOB_AGV_072_01050245,2025-01-05 02:52:00,0,B3,BR3
2025-01-05 03:00:00,AGV_041,JOB_AGV_041_01050300,2025-01-05 03:12:00,1,B1,BR1
2025-01-05 03:00:00,AGV_094,JOB_AGV_094_01050300,2025-01-05 03:55:00,0,B4,BR3
2025-01-05 03:05:00,AGV_001,JOB_AGV_001_01050305,2025-01-05 04:33:00,0,B2,BR2
2025-01-05 03:05:00,AGV_016,JOB_AGV_016_01050305,2025-01-05 03:20:00,1,B7,BR1
2025-01-05 03:05:00,AGV_121,JOB_AGV_121_01050305,2025-01-05 03:16:00,0,B7,BR3
2025-01-05 03:10:00,AGV_088,JOB_AGV_088_01050310,2025-01-05 03:27:00,1,B6,BR3
2025-01-05 03:15:00,AGV_099,JOB_AGV_099_01050315,2025-01-05 04:41:00,0,B1,BR1
2025-01-05 03:15:00,AGV_109,JOB_AGV_109_01050315,2025-01-05 03:28:00,0,B7,BR4
2025-01-05 03:25:00,AGV_074,JOB_AGV_074_01050325,2025-01-05 04:03:00,1,B6,BR1
2025-01-05 03:25:00,AGV_094,JOB_AGV_094_01050325,2025-01-05 03:44:00,1,B3,BR2
2025-01-05 03:30:00,AGV_113,JOB_AGV_113_01050330,2025-01-05 04:03:00,1,B2,BR3
2025-01-05 03:30:00,AGV_115,JOB_AGV_115_01050330,2025-01-05 03:38:00,0,B8,BR1
2025-01-05 03:35:00,AGV_066,JOB_AGV_066_01050335,2025-01-05 04:48:00,1,B4,BR2
2025-01-05 03:35:00,AGV_102,JOB_AGV_102_01050335,2025-01-05 05:11:00,1,B5,BR1
2025-01-05 03:35:00,AGV_125,JOB_AGV_125_01050335,2025-01-05 04:08:00,0,B5,BR2
2025-01-05 03:45:00,AGV_095,JOB_AGV_095_01050345,2025-01-05 04:38:00,0,B3,BR2
2025-01-05 03:55:00,AGV_050,JOB_AGV_050_01050355,2025-01-05 04:40:00,2,B3,BR3
2025-01-05 03:55:00,AGV_086,JOB_AGV_086_01050355,2025-01-05 04:09:00,1,B6,BR4
2025-01-05 04:00:00,AGV_044,JOB_AGV_044_01050400,2025-01-05 04:47:00,2,B5,BR2
2025-01-05 04:00:00,AGV_080,JOB_AGV_080_01050400,2025-01-05 04:03:00,1,B6,BR1
2025-01-05 04:05:00,AGV_103,JOB_AGV_103_01050405,2025-01-05 04:48:00,2,B5,BR1
2025-01-05 04:15:00,AGV_013,JOB_AGV_013_01050415,2025-01-05 07:19:00,0,B7,BR3
2025-01-05 04:15:00,AGV_114,JOB_AGV_114_01050415,2025-01-05 06:03:00,2,B8,BR2
2025-01-05 04:20:00,AGV_057,JOB_AGV_057_01050420,2025-01-05 05:00:00,0,B6,BR2
2025-01-05 04:25:00,AGV_003,JOB_AGV_003_01050425,2025-01-05 05:34:00,0,B4,BR4
2025-01-05 04:40:00,AGV_004,JOB_AGV_004_01050440,2025-01-05 04:40:00,0,B1,BR4
2025-01-05 04:45:00,AGV_004,JOB_AGV_004_01050445,2025-01-05 06:23:00,0,B5,BR2
2025-01-05 04:45:00,AGV_096,JOB_AGV_096_01050445,2025-01-05 05:22:00,0,B7,BR3
2025-01-05 04:50:00,AGV_007,JOB_AGV_007_01050450,2025-01-05 05:28:00,2,B8,BR4
2025-01-05 04:50:00,AGV_009,JOB_AGV_009_01050450,2025-01-05 05:01:00,2,B6,BR3
2025-01-05 04:55:00,AGV_031,JOB_AGV_031_01050455,2025-01-05 06:36:00,0,B2,BR3
2025-01-05 05:00:00,AGV_072,JOB_AGV_072_01050500,2025-01-05 06:43:00,1,B1,BR4
2025-01-05 05:05:00,AGV_081,JOB_AGV_081_01050505,2025-01-05 05:17:00,2,B8,BR2
2025-01-05 05:10:00,AGV_040,JOB_AGV_040_01050510,2025-01-05 05:30:00,0,B4,BR1
2025-01-05 05:10:00,AGV_076,JOB_AGV_076_01050510,2025-01-05 05:52:00,0,B6,BR1
2025-01-05 05:15:00,AGV_017,JOB_AGV_017_01050515,2025-01-05 06:48:00,0,B4,BR2
2025-01-05 05:15:00,AGV_078,JOB_AGV_078_01050515,2025-01-05 05:51:00,1,B3,BR3
2025-01-05 05:20:00,AGV_109,JOB_AGV_109_01050520,2025-01-05 05:46:00,0,B2,BR3
2025-01-05 05:25:00,AGV_067,JOB_AGV_067_01050525,2025-01-05 06:43:00,0,B8,BR3
2025-01-05 05:30:00,AGV_104,JOB_AGV_104_01050530,2025-01-05 05:50:00,0,B5,BR1
2025-01-05 05:35:00,AGV_040,JOB_AGV_040_01050535,2025-01-05 05:44:00,0,B7,BR1
2025-01-05 05:35:00,AGV_049,JOB_AGV_049_01050535,2025-01-05 05:41:00,1,B1,BR2
2025-01-05 05:35:00,AGV_082,JOB_AGV_082_01050535,2025-01-05 05:46:00,0,B7,BR3
2025-01-05 05:40:00,AGV_029,JOB_AGV_029_01050540,2025-01-05 05:49:00,2,B2,BR4
2025-01-05 05:40:00,AGV_040,JOB_AGV_040_01050540,2025-01-05 06:21:00,0,B5,BR3
2025-01-05 05:45:00,AGV_106,JOB_AGV_106_01050545,2025-01-05 06:34:00,1,B1,BR2
2025-01-05 05:45:00,AGV_118,JOB_AGV_118_01050545,2025-01-05 05:48:00,0,B6,BR3
2025-01-05 05:50:00,AGV_094,JOB_AGV_094_01050550,2025-01-05 07:55:00,0,B8,BR3
2025-01-05 05:50:00,AGV_098,JOB_AGV_098_01050550,2025-01-05 06:29:00,1,B7,BR3
2025-01-05 05:55:00,AGV_028,JOB_AGV_028_01050555,2025-01-05 06:19:00,0,B2,BR3
2025-01-05 05:55:00,AGV_089,JOB_AGV_089_01050555,2025-01-05 06:17:00,2,B5,BR4
2025-01-05 06:00:00,AGV_081,JOB_AGV_081_01050600,2025-01-05 07:00:00,1,B1,BR3
2025-01-05 06:00:00,AGV_083,JOB_AGV_083_01050600,2025-01-05 07:30:00,0,B5,BR1
2025-01-05 06:00:00,AGV_096,JOB_AGV_096_01050600,2025-01-05 06:37:00,0,B1,BR1
2025-01-05 06:05:00,AGV_020,JOB_AGV_020_01050605,2025-01-05 06:07:00,0,B7,BR2
2025-01-05 06:05:00,AGV_029,JOB_AGV_029_01050605,2025-01-05 06:08:00,1,B6,BR4
2025-01-05 06:05:00,AGV_078,JOB_AGV_078_01050605,2025-01-05 06:29:00,1,B8,BR2
2025-01-05 06:05:00,AGV_098,JOB_AGV_098_01050605,2025-01-05 06:07:00,0,B4,BR1
2025-01-05 06:10:00,AGV_112,JOB_AGV_112_01050610,2025-01-05 06:34:00,1,B7,BR3
2025-01-05 06:25:00,AGV_011,JOB_AGV_011_01050625,2025-01-05 06:31:00,0,B4,BR4
2025-01-05 06:25:00,AGV_086,JOB_AGV_086_01050625,2025-01-05 06:34:00,0,B5,BR1
2025-01-05 06:25:00,AGV_096,JOB_AGV_096_01050625,2025-01-05 06:30:00,0,B2,BR3
2025-01-05 06:25:00,AGV_100,JOB_AGV_100_01050625,2025-01-05 07:09:00,1,B1,BR3
2025-01-05 06:35:00,AGV_017,JOB_AGV_017_01050635,2025-01-05 07:18:00,1,B2,BR1
2025-01-05 06:35:00,AGV_053,JOB_AGV_053_01050635,2025-01-05 06:49:00,1,B5,BR3
2025-01-05 06:35:00,AGV_070,JOB_AGV_070_01050635,2025-01-05 06:51:00,0,B4,BR3
2025-01-05 06:40:00,AGV_084,JOB_AGV_084_01050640,2025-01-05 07:47:00,2,B6,BR2
2025-01-05 06:40:00,AGV_109,JOB_AGV_109_01050640,2025-01-05 08:20:00,2,B6,BR2
2025-01-05 06:40:00,AGV_110,JOB_AGV_110_01050640,2025-01-05 06:50:00,2,B4,BR3
2025-01-05 06:45:00,AGV_005,JOB_AGV_005_01050645,2025-01-05 07:36:00,0,B5,BR1
2025-01-05 06:50:00,AGV_029,JOB_AGV_029_01050650,2025-01-05 08:37:00,2,B8,BR4
2025-01-05 06:50:00,AGV_095,JOB_AGV_095_01050650,2025-01-05 07:05:00,1,B8,BR2
2025-01-05 06:55:00,AGV_051,JOB_AGV_051_01050655,2025-01-05 06:59:00,0,B4,BR3
2025-01-05 07:00:00,AGV_019,JOB_AGV_019_01050700,2025-01-05 07:08:00,0,B7,BR4
2025-01-05 07:05:00,AGV_012,JOB_AGV_012_01050705,2025-01-05 07:29:00,1,B5,BR4
2025-01-05 07:05:00,AGV_078,JOB_AGV_078_01050705,2025-01-05 07:27:00,1,B1,BR2
2025-01-05 07:15:00,AGV_031,JOB_AGV_031_01050715,2025-01-05 07:19:00,1,B6,BR3
2025-01-05 07:20:00,AGV_070,JOB_AGV_070_01050720,2025-01-05 07:36:00,2,B8,BR2
2025-01-05 07:20:00,AGV_084,JOB_AGV_084_01050720,2025-01-05 07:49:00,2,B2,BR3
2025-01-05 07:20:00,AGV_104,JOB_AGV_104_01050720,2025-01-05 07:21:00,0,B6,BR3
2025-01-05 07:25:00,AGV_003,JOB_AGV_003_01050725,2025-01-05 08:24:00,0,B4,BR4
2025-01-05 07:25:00,AGV_119,JOB_AGV_119_01050725,2025-01-05 07:49:00,1,B3,BR1
2025-01-05 07:30:00,AGV_006,JOB_AGV_006_01050730,2025-01-05 07:55:00,1,B4,BR1
2025-01-05 07:30:00,AGV_007,JOB_AGV_007_01050730,2025-01-05 08:48:00,0,B8,BR1
2025-01-05 07:30:00,AGV_100,JOB_AGV_100_01050730,2025-01-05 08:12:00,0,B6,BR3
2025-01-05 07:35:00,AGV_050,JOB_AGV_050_01050735,2025-01-05 07:54:00,0,B3,BR1
2025-01-05 07:45:00,AGV_093,JOB_AGV_093_01050745,2025-01-05 08:01:00,0,B1,BR4
2025-01-05 07:50:00,AGV_048,JOB_AGV_048_01050750,2025-01-05 08:12:00,2,B3,BR1
2025-01-05 07:50:00,AGV_096,JOB_AGV_096_01050750,2025-01-05 07:53:00,0,B2,BR1
2025-01-05 07:55:00,AGV_011,JOB_AGV_011_01050755,2025-01-05 07:55:00,2,B1,BR2
2025-01-05 07:55:00,AGV_025,JOB_AGV_025_01050755,2025-01-05 08:04:00,1,B2,BR1
2025-01-05 08:00:00,AGV_018,JOB_AGV_018_01050800,2025-01-05 08:46:00,0,B2,BR1
2025-01-05 08:00:00,AGV_052,JOB_AGV_052_01050800,2025-01-05 08:18:00,1,B2,BR1
2025-01-05 08:00:00,AGV_085,JOB_AGV_085_01050800,2025-01-05 08:26:00,1,B6,BR4
2025-01-05 08:00:00,AGV_129,JOB_AGV_129_01050800,2025-01-05 08:41:00,0,B2,BR1
2025-01-05 08:05:00,AGV_056,JOB_AGV_056_01050805,2025-01-05 08:12:00,0,B2,BR1
2025-01-05 08:10:00,AGV_003,JOB_AGV_003_01050810,2025-01-05 08:54:00,0,B7,BR2
2025-01-05 08:10:00,AGV_047,JOB_AGV_047_01050810,2025-01-05 08:50:00,1,B6,BR3
2025-01-05 08:10:00,AGV_054,JOB_AGV_054_01050810,2025-01-05 08:51:00,0,B8,BR4
2025-01-05 08:15:00,AGV_021,JOB_AGV_021_01050815,2025-01-05 08:23:00,1,B8,BR4
2025-01-05 08:20:00,AGV_056,JOB_AGV_056_01050820,2025-01-05 09:43:00,1,B8,BR2
2025-01-05 08:20:00,AGV_074,JOB_AGV_074_01050820,2025-01-05 09:02:00,0,B4,BR2
2025-01-05 08:20:00,AGV_099,JOB_AGV_099_01050820,2025-01-05 08:21:00,1,B3,BR2
2025-01-05 08:30:00,AGV_015,JOB_AGV_015_01050830,2025-01-05 08:57:00,1,B2,BR2
2025-01-05 08:30:00,AGV_070,JOB_AGV_070_01050830,2025-01-05 08:36:00,2,B8,BR2
2025-01-05 08:30:00,AGV_084,JOB_AGV_084_01050830,2025-01-05 09:15:00,0,B6,BR2
2025-01-05 08:30:00,AGV_086,JOB_AGV_086_01050830,2025-01-05 09:19:00,1,B4,BR2
2025-01-05 08:35:00,AGV_082,JOB_AGV_082_01050835,2025-01-05 08:44:00,0,B4,BR3
2025-01-05 08:45:00,AGV_079,JOB_AGV_079_01050845,2025-01-05 11:18:00,1,B3,BR2
2025-01-05 08:50:00,AGV_074,JOB_AGV_074_01050850,2025-01-05 09:52:00,2,B3,BR3
2025-01-05 08:50:00,AGV_095,JOB_AGV_095_01050850,2025-01-05 08:53:00,2,B3,BR1
2025-01-05 08:50:00,AGV_098,JOB_AGV_098_01050850,2025-01-05 09:07:00,1,B6,BR3
2025-01-05 08:55:00,AGV_046,JOB_AGV_046_01050855,2025-01-05 08:55:00,1,B3,BR1
2025-01-05 08:55:00,AGV_079,JOB_AGV_079_01050855,2025-01-05 10:10:00,1,B6,BR1
2025-01-05 09:00:00,AGV_013,JOB_AGV_013_01050900,2025-01-05 09:07:00,0,B7,BR4
2025-01-05 09:00:00,AGV_065,JOB_AGV_065_01050900,2025-01-05 09:43:00,0,B3,BR3
2025-01-05 09:05:00,AGV_104,JOB_AGV_104_01050905,2025-01-05 10:20:00,0,B7,BR1
2025-01-05 09:15:00,AGV_016,JOB_AGV_016_01050915,2025-01-05 09:49:00,2,B1,BR4
2025-01-05 09:15:00,AGV_113,JOB_AGV_113_01050915,2025-01-05 10:03:00,0,B8,BR2
2025-01-05 09:20:00,AGV_056,JOB_AGV_056_01050920,2025-01-05 10:11:00,2,B2,BR1
2025-01-05 09:20:00,AGV_100,JOB_AGV_100_01050920,2025-01-05 09:34:00,1,B1,BR1
2025-01-05 09:25:00,AGV_011,JOB_AGV_011_01050925,2025-01-05 09:37:00,2,B8,BR1
2025-01-05 09:25:00,AGV_015,JOB_AGV_015_01050925,2025-01-05 09:41:00,0,B3,BR2
2025-01-05 09:25:00,AGV_046,JOB_AGV_046_01050925,2025-01-05 10:55:00,0,B7,BR2
2025-01-05 09:30:00,AGV_044,JOB_AGV_044_01050930,2025-01-05 09:49:00,0,B5,BR1
2025-01-05 09:30:00,AGV_082,JOB_AGV_082_01050930,2025-01-05 10:18:00,0,B1,BR4
2025-01-05 09:30:00,AGV_125,JOB_AGV_125_01050930,2025-01-05 09:58:00,1,B6,BR4
2025-01-05 09:35:00,AGV_014,JOB_AGV_014_01050935,2025-01-05 09:48:00,0,B5,BR1
2025-01-05 09:40:00,AGV_012,JOB_AGV_012_01050940,2025-01-05 10:12:00,0,B4,BR2
2025-01-05 09:40:00,AGV_092,JOB_AGV_092_01050940,2025-01-05 10:51:00,2,B8,BR2
2025-01-05 09:45:00,AGV_013,JOB_AGV_013_01050945,2025-01-05 10:05:00,1,B1,BR4
2025-01-05 09:45:00,AGV_050,JOB_AGV_050_01050945,2025-01-05 09:48:00,1,B6,BR1
2025-01-05 09:55:00,AGV_019,JOB_AGV_019_01050955,2025-01-05 10:08:00,1,B1,BR3
2025-01-05 09:55:00,AGV_046,JOB_AGV_046_01050955,2025-01-05 09:59:00,1,B6,BR2
2025-01-05 09:55:00,AGV_120,JOB_AGV_120_01050955,2025-01-05 11:23:00,1,B6,BR4
2025-01-05 10:00:00,AGV_003,JOB_AGV_003_01051000,2025-01-05 10:17:00,0,B4,BR3
2025-01-05 10:00:00,AGV_011,JOB_AGV_011_01051000,2025-01-05 11:03:00,0,B5,BR4
2025-01-05 10:00:00,AGV_040,JOB_AGV_040_01051000,2025-01-05 11:37:00,2,B8,BR4
2025-01-05 10:00:00,AGV_064,JOB_AGV_064_01051000,2025-01-05 11:48:00,1,B7,BR1
2025-01-05 10:00:00,AGV_066,JOB_AGV_066_01051000,2025-01-05 10:17:00,1,B6,BR3
2025-01-05 10:10:00,AGV_032,JOB_AGV_032_01051010,2025-01-05 10:14:00,0,B1,BR1
2025-01-05 10:15:00,AGV_063,JOB_AGV_063_01051015,2025-01-05 10:39:00,2,B2,BR2
2025-01-05 10:20:00,AGV_031,JOB_AGV_031_01051020,2025-01-05 10:54:00,1,B7,BR1
2025-01-05 10:20:00,AGV_121,JOB_AGV_121_01051020,2025-01-05 11:22:00,2,B2,BR4
2025-01-05 10:30:00,AGV_011,JOB_AGV_011_01051030,2025-01-05 10:30:00,0,B5,BR3
2025-01-05 10:30:00,AGV_076,JOB_AGV_076_01051030,2025-01-05 11:27:00,0,B6,BR1
2025-01-05 10:30:00,AGV_080,JOB_AGV_080_01051030,2025-01-05 12:04:00,1,B5,BR4
2025-01-05 10:30:00,AGV_085,JOB_AGV_085_01051030,2025-01-05 12:19:00,0,B4,BR3
2025-01-05 10:30:00,AGV_110,JOB_AGV_110_01051030,2025-01-05 10:41:00,1,B4,BR1
2025-01-05 10:35:00,AGV_029,JOB_AGV_029_01051035,2025-01-05 10:50:00,1,B8,BR3
2025-01-05 10:40:00,AGV_014,JOB_AGV_014_01051040,2025-01-05 12:03:00,2,B2,BR4
2025-01-05 10:40:00,AGV_110,JOB_AGV_110_01051040,2025-01-05 11:00:00,0,B7,BR2
2025-01-05 10:45:00,AGV_001,JOB_AGV_001_01051045,2025-01-05 10:48:00,1,B5,BR2
2025-01-05 10:45:00,AGV_031,JOB_AGV_031_01051045,2025-01-05 12:27:00,0,B3,BR1
2025-01-05 10:45:00,AGV_050,JOB_AGV_050_01051045,2025-01-05 11:22:00,0,B3,BR2
2025-01-05 10:45:00,AGV_053,JOB_AGV_053_01051045,2025-01-05 11:20:00,0,B3,BR1
2025-01-05 10:45:00,AGV_074,JOB_AGV_074_01051045,2025-01-05 10:47:00,0,B8,BR2
2025-01-05 10:45:00,AGV_085,JOB_AGV_085_01051045,2025-01-05 10:53:00,2,B2,BR3
2025-01-05 10:45:00,AGV_108,JOB_AGV_108_01051045,2025-01-05 11:01:00,0,B2,BR4
2025-01-05 10:55:00,AGV_033,JOB_AGV_033_01051055,2025-01-05 11:00:00,0,B8,BR4
2025-01-05 10:55:00,AGV_110,JOB_AGV_110_01051055,2025-01-05 11:19:00,0,B5,BR4
2025-01-05 11:05:00,AGV_051,JOB_AGV_051_01051105,2025-01-05 11:20:00,0,B4,BR4
2025-01-05 11:05:00,AGV_075,JOB_AGV_075_01051105,2025-01-05 12:14:00,1,B6,BR2
2025-01-05 11:10:00,AGV_081,JOB_AGV_081_01051110,2025-01-05 11:48:00,1,B7,BR4
2025-01-05 11:15:00,AGV_031,JOB_AGV_031_01051115,2025-01-05 12:44:00,1,B8,BR3
2025-01-05 11:15:00,AGV_076,JOB_AGV_076_01051115,2025-01-05 11:15:00,0,B7,BR1
2025-01-05 11:15:00,AGV_081,JOB_AGV_081_01051115,2025-01-05 11:28:00,0,B7,BR2
2025-01-05 11:20:00,AGV_017,JOB_AGV_017_01051120,2025-01-05 12:38:00,1,B5,BR2
2025-01-05 11:25:00,AGV_043,JOB_AGV_043_01051125,2025-01-05 14:59:00,1,B7,BR3
2025-01-05 11:30:00,AGV_061,JOB_AGV_061_01051130,2025-01-05 11:43:00,0,B5,BR1
2025-01-05 11:30:00,AGV_096,JOB_AGV_096_01051130,2025-01-05 11:57:00,0,B8,BR3
2025-01-05 11:35:00,AGV_030,JOB_AGV_030_01051135,2025-01-05 11:38:00,1,B4,BR3
2025-01-05 11:35:00,AGV_078,JOB_AGV_078_01051135,2025-01-05 12:42:00,1,B4,BR3
2025-01-05 11:40:00,AGV_070,JOB_AGV_070_01051140,2025-01-05 12:05:00,1,B8,BR4
2025-01-05 11:40:00,AGV_089,JOB_AGV_089_01051140,2025-01-05 11:56:00,2,B7,BR3
2025-01-05 11:45:00,AGV_015,JOB_AGV_015_01051145,2025-01-05 11:58:00,2,B1,BR4
2025-01-05 11:50:00,AGV_037,JOB_AGV_037_01051150,2025-01-05 12:07:00,0,B4,BR1
2025-01-05 11:50:00,AGV_084,JOB_AGV_084_01051150,2025-01-05 12:52:00,0,B7,BR1
2025-01-05 11:55:00,AGV_046,JOB_AGV_046_01051155,2025-01-05 13:15:00,0,B8,BR1
2025-01-05 11:55:00,AGV_071,JOB_AGV_071_01051155,2025-01-05 11:58:00,0,B6,BR2
2025-01-05 11:55:00,AGV_096,JOB_AGV_096_01051155,2025-01-05 11:58:00,1,B2,BR3
2025-01-05 12:00:00,AGV_029,JOB_AGV_029_01051200,2025-01-05 12:52:00,1,B1,BR1
2025-01-05 12:00:00,AGV_043,JOB_AGV_043_01051200,2025-01-05 12:43:00,0,B7,BR4
2025-01-05 12:00:00,AGV_081,JOB_AGV_081_01051200,2025-01-05 12:19:00,0,B6,BR1
2025-01-05 12:05:00,AGV_038,JOB_AGV_038_01051205,2025-01-05 12:30:00,1,B3,BR1
2025-01-05 12:10:00,AGV_075,JOB_AGV_075_01051210,2025-01-05 14:01:00,0,B2,BR1
2025-01-05 12:10:00,AGV_098,JOB_AGV_098_01051210,2025-01-05 12:14:00,2,B7,BR1
2025-01-05 12:15:00,AGV_018,JOB_AGV_018_01051215,2025-01-05 12:19:00,2,B4,BR3
2025-01-05 12:15:00,AGV_041,JOB_AGV_041_01051215,2025-01-05 12:15:00,1,B8,BR2
2025-01-05 12:20:00,AGV_062,JOB_AGV_062_01051220,2025-01-05 12:20:00,0,B6,BR1
2025-01-05 12:25:00,AGV_008,JOB_AGV_008_01051225,2025-01-05 13:23:00,1,B3,BR2
2025-01-05 12:25:00,AGV_124,JOB_AGV_124_01051225,2025-01-05 12:45:00,0,B4,BR2
2025-01-05 12:30:00,AGV_062,JOB_AGV_062_01051230,2025-01-05 14:05:00,0,B8,BR2
2025-01-05 12:40:00,AGV_045,JOB_AGV_045_01051240,2025-01-05 13:05:00,1,B7,BR2
2025-01-05 12:45:00,AGV_021,JOB_AGV_021_01051245,2025-01-05 13:11:00,2,B2,BR3
2025-01-05 12:50:00,AGV_050,JOB_AGV_050_01051250,2025-01-05 12:54:00,1,B7,BR1
2025-01-05 12:50:00,AGV_067,JOB_AGV_067_01051250,2025-01-05 12:54:00,1,B8,BR4
2025-01-05 12:50:00,AGV_094,JOB_AGV_094_01051250,2025-01-05 13:13:00,0,B8,BR2
2025-01-05 12:50:00,AGV_096,JOB_AGV_096_01051250,2025-01-05 12:58:00,1,B7,BR2
2025-01-05 13:00:00,AGV_019,JOB_AGV_019_01051300,2025-01-05 13:25:00,0,B3,BR2
2025-01-05 13:00:00,AGV_113,JOB_AGV_113_01051300,2025-01-05 13:09:00,1,B1,BR4
2025-01-05 13:00:00,AGV_118,JOB_AGV_118_01051300,2025-01-05 13:01:00,0,B8,BR4
2025-01-05 13:05:00,AGV_072,JOB_AGV_072_01051305,2025-01-05 13:48:00,1,B3,BR1
2025-01-05 13:10:00,AGV_026,JOB_AGV_026_01051310,2025-01-05 13:42:00,0,B4,BR3
2025-01-05 13:15:00,AGV_006,JOB_AGV_006_01051315,2025-01-05 13:27:00,1,B4,BR2
2025-01-05 13:20:00,AGV_036,JOB_AGV_036_01051320,2025-01-05 14:25:00,0,B4,BR4
2025-01-05 13:20:00,AGV_098,JOB_AGV_098_01051320,2025-01-05 13:22:00,0,B6,BR3
2025-01-05 13:20:00,AGV_121,JOB_AGV_121_01051320,2025-01-05 13:38:00,0,B6,BR3
2025-01-05 13:25:00,AGV_091,JOB_AGV_091_01051325,2025-01-05 13:54:00,2,B1,BR1
2025-01-05 13:25:00,AGV_096,JOB_AGV_096_01051325,2025-01-05 13:36:00,0,B6,BR3
2025-01-05 13:25:00,AGV_123,JOB_AGV_123_01051325,2025-01-05 13:29:00,0,B5,BR3
2025-01-05 13:30:00,AGV_012,JOB_AGV_012_01051330,2025-01-05 14:19:00,2,B2,BR4
2025-01-05 13:30:00,AGV_015,JOB_AGV_015_01051330,2025-01-05 14:05:00,1,B4,BR2
2025-01-05 13:30:00,AGV_047,JOB_AGV_047_01051330,2025-01-05 14:21:00,2,B1,BR3
2025-01-05 13:35:00,AGV_109,JOB_AGV_109_01051335,2025-01-05 13:53:00,1,B2,BR3
2025-01-05 13:45:00,AGV_081,JOB_AGV_081_01051345,2025-01-05 13:47:00,0,B7,BR2
2025-01-05 13:50:00,AGV_095,JOB_AGV_095_01051350,2025-01-05 14:11:00,0,B2,BR4
2025-01-05 13:50:00,AGV_121,JOB_AGV_121_01051350,2025-01-05 14:12:00,0,B1,BR3
2025-01-05 14:00:00,AGV_058,JOB_AGV_058_01051400,2025-01-05 14:08:00,2,B5,BR4
2025-01-05 14:05:00,AGV_076,JOB_AGV_076_01051405,2025-01-05 14:57:00,1,B7,BR3
2025-01-05 14:10:00,AGV_008,JOB_AGV_008_01051410,2025-01-05 14:21:00,0,B1,BR4
2025-01-05 14:10:00,AGV_041,JOB_AGV_041_01051410,2025-01-05 14:29:00,0,B6,BR2
2025-01-05 14:10:00,AGV_088,JOB_AGV_088_01051410,2025-01-05 14:58:00,0,B1,BR4
2025-01-05 14:10:00,AGV_122,JOB_AGV_122_01051410,2025-01-05 14:39:00,1,B1,BR4
2025-01-05 14:15:00,AGV_041,JOB_AGV_041_01051415,2025-01-05 14:48:00,0,B2,BR1
2025-01-05 14:20:00,AGV_042,JOB_AGV_042_01051420,2025-01-05 14:42:00,1,B2,BR2
2025-01-05 14:30:00,AGV_039,JOB_AGV_039_01051430,2025-01-05 16:07:00,2,B7,BR4
2025-01-05 14:30:00,AGV_045,JOB_AGV_045_01051430,2025-01-05 15:35:00,0,B8,BR4
2025-01-05 14:30:00,AGV_099,JOB_AGV_099_01051430,2025-01-05 14:37:00,1,B6,BR3
2025-01-05 14:35:00,AGV_063,JOB_AGV_063_01051435,2025-01-05 15:02:00,2,B4,BR3
2025-01-05 14:50:00,AGV_017,JOB_AGV_017_01051450,2025-01-05 14:51:00,0,B6,BR3
2025-01-05 14:55:00,AGV_014,JOB_AGV_014_01051455,2025-01-05 15:13:00,1,B8,BR2
2025-01-05 14:55:00,AGV_022,JOB_AGV_022_01051455,2025-01-05 15:00:00,2,B2,BR3
2025-01-05 14:55:00,AGV_076,JOB_AGV_076_01051455,2025-01-05 15:25:00,1,B4,BR1
2025-01-05 14:55:00,AGV_089,JOB_AGV_089_01051455,2025-01-05 14:58:00,1,B3,BR2
2025-01-05 14:55:00,AGV_130,JOB_AGV_130_01051455,2025-01-05 15:12:00,2,B5,BR4
2025-01-05 15:00:00,AGV_026,JOB_AGV_026_01051500,2025-01-05 16:03:00,1,B6,BR2
2025-01-05 15:05:00,AGV_063,JOB_AGV_063_01051505,2025-01-05 15:14:00,1,B1,BR3
2025-01-05 15:10:00,AGV_005,JOB_AGV_005_01051510,2025-01-05 15:37:00,0,B3,BR1
2025-01-05 15:10:00,AGV_078,JOB_AGV_078_01051510,2025-01-05 16:00:00,2,B8,BR2
2025-01-05 15:10:00,AGV_090,JOB_AGV_090_01051510,2025-01-05 16:06:00,2,B4,BR1
2025-01-05 15:15:00,AGV_038,JOB_AGV_038_01051515,2025-01-05 15:49:00,0,B5,BR3
2025-01-05 15:15:00,AGV_062,JOB_AGV_062_01051515,2025-01-05 17:03:00,0,B1,BR3
2025-01-05 15:15:00,AGV_097,JOB_AGV_097_01051515,2025-01-05 15:42:00,2,B3,BR4
2025-01-05 15:20:00,AGV_053,JOB_AGV_053_01051520,2025-01-05 15:37:00,1,B3,BR1
2025-01-05 15:20:00,AGV_067,JOB_AGV_067_01051520,2025-01-05 15:34:00,0,B3,BR1
2025-01-05 15:25:00,AGV_054,JOB_AGV_054_01051525,2025-01-05 15:32:00,2,B7,BR2
2025-01-05 15:25:00,AGV_123,JOB_AGV_123_01051525,2025-01-05 16:26:00,1,B7,BR3
2025-01-05 15:30:00,AGV_074,JOB_AGV_074_01051530,2025-01-05 15:58:00,1,B6,BR2
2025-01-05 15:30:00,AGV_110,JOB_AGV_110_01051530,2025-01-05 16:53:00,0,B7,BR3
2025-01-05 15:40:00,AGV_013,JOB_AGV_013_01051540,2025-01-05 15:46:00,2,B1,BR3
2025-01-05 15:40:00,AGV_083,JOB_AGV_083_01051540,2025-01-05 15:44:00,0,B1,BR1
2025-01-05 15:40:00,AGV_102,JOB_AGV_102_01051540,2025-01-05 15:44:00,1,B4,BR2
2025-01-05 15:45:00,AGV_061,JOB_AGV_061_01051545,2025-01-05 17:07:00,2,B5,BR3
2025-01-05 15:50:00,AGV_073,JOB_AGV_073_01051550,2025-01-05 16:31:00,2,B5,BR4
2025-01-05 15:50:00,AGV_109,JOB_AGV_109_01051550,2025-01-05 15:53:00,1,B1,BR3
2025-01-05 15:55:00,AGV_016,JOB_AGV_016_01051555,2025-01-05 17:06:00,2,B6,BR3
2025-01-05 15:55:00,AGV_054,JOB_AGV_054_01051555,2025-01-05 16:20:00,0,B1,BR3
2025-01-05 15:55:00,AGV_071,JOB_AGV_071_01051555,2025-01-05 17:42:00,1,B2,BR2
2025-01-05 15:55:00,AGV_098,JOB_AGV_098_01051555,2025-01-05 16:45:00,1,B3,BR3
2025-01-05 16:00:00,AGV_032,JOB_AGV_032_01051600,2025-01-05 16:26:00,2,B7,BR2
2025-01-05 16:00:00,AGV_098,JOB_AGV_098_01051600,2025-01-05 16:29:00,1,B8,BR2
2025-01-05 16:00:00,AGV_102,JOB_AGV_102_01051600,2025-01-05 16:17:00,0,B7,BR2
2025-01-05 16:05:00,AGV_071,JOB_AGV_071_01051605,2025-01-05 17:16:00,1,B6,BR2
2025-01-05 16:05:00,AGV_118,JOB_AGV_118_01051605,2025-01-05 16:33:00,1,B2,BR3
2025-01-05 16:10:00,AGV_007,JOB_AGV_007_01051610,2025-01-05 16:17:00,1,B8,BR4
2025-01-05 16:10:00,AGV_076,JOB_AGV_076_01051610,2025-01-05 16:53:00,2,B8,BR1
2025-01-05 16:10:00,AGV_111,JOB_AGV_111_01051610,2025-01-05 16:30:00,1,B1,BR4
2025-01-05 16:15:00,AGV_004,JOB_AGV_004_01051615,2025-01-05 16:34:00,1,B4,BR2
2025-01-05 16:15:00,AGV_071,JOB_AGV_071_01051615,2025-01-05 16:30:00,0,B2,BR3
2025-01-05 16:20:00,AGV_060,JOB_AGV_060_01051620,2025-01-05 16:33:00,0,B7,BR2
2025-01-05 16:20:00,AGV_127,JOB_AGV_127_01051620,2025-01-05 16:35:00,0,B2,BR1
2025-01-05 16:20:00,AGV_129,JOB_AGV_129_01051620,2025-01-05 17:24:00,0,B6,BR3
2025-01-05 16:25:00,AGV_002,JOB_AGV_002_01051625,2025-01-05 16:37:00,0,B5,BR1
2025-01-05 16:25:00,AGV_006,JOB_AGV_006_01051625,2025-01-05 16:37:00,1,B8,BR3
2025-01-05 16:25:00,AGV_024,JOB_AGV_024_01051625,2025-01-05 16:51:00,0,B6,BR4
2025-01-05 16:25:00,AGV_035,JOB_AGV_035_01051625,2025-01-05 18:14:00,1,B2,BR1
2025-01-05 16:25:00,AGV_101,JOB_AGV_101_01051625,2025-01-05 16:48:00,0,B7,BR1
2025-01-05 16:40:00,AGV_086,JOB_AGV_086_01051640,2025-01-05 18:29:00,1,B3,BR4
2025-01-05 16:50:00,AGV_064,JOB_AGV_064_01051650,2025-01-05 16:58:00,1,B4,BR2
2025-01-05 16:50:00,AGV_078,JOB_AGV_078_01051650,2025-01-05 16:57:00,0,B2,BR3
2025-01-05 16:55:00,AGV_021,JOB_AGV_021_01051655,2025-01-05 17:01:00,1,B3,BR3
2025-01-05 16:55:00,AGV_061,JOB_AGV_061_01051655,2025-01-05 19:15:00,1,B4,BR3
2025-01-05 17:00:00,AGV_078,JOB_AGV_078_01051700,2025-01-05 17:00:00,1,B4,BR2
2025-01-05 17:00:00,AGV_111,JOB_AGV_111_01051700,2025-01-05 17:00:00,1,B3,BR3
2025-01-05 17:05:00,AGV_098,JOB_AGV_098_01051705,2025-01-05 17:19:00,0,B2,BR3
2025-01-05 17:05:00,AGV_117,JOB_AGV_117_01051705,2025-01-05 17:50:00,2,B5,BR2
2025-01-05 17:10:00,AGV_022,JOB_AGV_022_01051710,2025-01-05 17:44:00,0,B8,BR1
2025-01-05 17:10:00,AGV_087,JOB_AGV_087_01051710,2025-01-05 17:14:00,1,B2,BR1
2025-01-05 17:10:00,AGV_109,JOB_AGV_109_01051710,2025-01-05 17:25:00,2,B8,BR1
2025-01-05 17:15:00,AGV_060,JOB_AGV_060_01051715,2025-01-05 17:48:00,1,B5,BR4
2025-01-05 17:25:00,AGV_022,JOB_AGV_022_01051725,2025-01-05 17:44:00,1,B4,BR3
2025-01-05 17:25:00,AGV_096,JOB_AGV_096_01051725,2025-01-05 18:28:00,0,B3,BR1
2025-01-05 17:35:00,AGV_086,JOB_AGV_086_01051735,2025-01-05 17:59:00,0,B1,BR3
2025-01-05 17:40:00,AGV_013,JOB_AGV_013_01051740,2025-01-05 17:57:00,1,B1,BR2
2025-01-05 17:45:00,AGV_054,JOB_AGV_054_01051745,2025-01-05 17:58:00,0,B3,BR1
2025-01-05 17:45:00,AGV_069,JOB_AGV_069_01051745,2025-01-05 18:14:00,1,B3,BR1
2025-01-05 17:45:00,AGV_102,JOB_AGV_102_01051745,2025-01-05 17:45:00,0,B2,BR3
2025-01-05 17:45:00,AGV_124,JOB_AGV_124_01051745,2025-01-05 18:43:00,0,B5,BR3
2025-01-05 17:50:00,AGV_046,JOB_AGV_046_01051750,2025-01-05 18:37:00,0,B3,BR4
2025-01-05 17:50:00,AGV_088,JOB_AGV_088_01051750,2025-01-05 17:50:00,0,B7,BR3
2025-01-05 17:55:00,AGV_041,JOB_AGV_041_01051755,2025-01-05 18:18:00,0,B3,BR3
2025-01-05 18:00:00,AGV_016,JOB_AGV_016_01051800,2025-01-05 18:02:00,1,B2,BR2
2025-01-05 18:00:00,AGV_077,JOB_AGV_077_01051800,2025-01-05 18:36:00,1,B7,BR4
2025-01-05 18:05:00,AGV_028,JOB_AGV_028_01051805,2025-01-05 18:55:00,0,B1,BR2
2025-01-05 18:05:00,AGV_096,JOB_AGV_096_01051805,2025-01-05 20:06:00,1,B4,BR3
2025-01-05 18:05:00,AGV_113,JOB_AGV_113_01051805,2025-01-05 18:33:00,0,B6,BR3
2025-01-05 18:05:00,AGV_117,JOB_AGV_117_01051805,2025-01-05 19:07:00,0,B2,BR4
2025-01-05 18:05:00,AGV_124,JOB_AGV_124_01051805,2025-01-05 18:21:00,2,B8,BR1
2025-01-05 18:10:00,AGV_012,JOB_AGV_012_01051810,2025-01-05 18:31:00,0,B2,BR2
2025-01-05 18:15:00,AGV_070,JOB_AGV_070_01051815,2025-01-05 18:37:00,0,B8,BR3
2025-01-05 18:20:00,AGV_041,JOB_AGV_041_01051820,2025-01-05 18:20:00,1,B3,BR1
2025-01-05 18:20:00,AGV_123,JOB_AGV_123_01051820,2025-01-05 18:50:00,1,B6,BR1
2025-01-05 18:25:00,AGV_045,JOB_AGV_045_01051825,2025-01-05 18:53:00,0,B2,BR1
2025-01-05 18:30:00,AGV_125,JOB_AGV_125_01051830,2025-01-05 19:52:00,0,B2,BR1
2025-01-05 18:30:00,AGV_129,JOB_AGV_129_01051830,2025-01-05 20:03:00,1,B8,BR3
2025-01-05 18:35:00,AGV_010,JOB_AGV_010_01051835,2025-01-05 19:04:00,1,B5,BR2
2025-01-05 18:35:00,AGV_057,JOB_AGV_057_01051835,2025-01-05 18:44:00,1,B1,BR1
2025-01-05 18:35:00,AGV_063,JOB_AGV_063_01051835,2025-01-05 19:11:00,1,B8,BR1
2025-01-05 18:35:00,AGV_064,JOB_AGV_064_01051835,2025-01-05 19:35:00,1,B6,BR4
2025-01-05 18:40:00,AGV_008,JOB_AGV_008_01051840,2025-01-05 18:41:00,1,B6,BR1
2025-01-05 18:50:00,AGV_054,JOB_AGV_054_01051850,2025-01-05 18:50:00,1,B2,BR2
2025-01-05 18:50:00,AGV_095,JOB_AGV_095_01051850,2025-01-05 19:04:00,0,B1,BR2
2025-01-05 18:50:00,AGV_115,JOB_AGV_115_01051850,2025-01-05 18:52:00,0,B6,BR4
2025-01-05 18:55:00,AGV_075,JOB_AGV_075_01051855,2025-01-05 19:08:00,0,B1,BR3
2025-01-05 19:00:00,AGV_019,JOB_AGV_019_01051900,2025-01-05 23:33:00,0,B6,BR4
2025-01-05 19:00:00,AGV_061,JOB_AGV_061_01051900,2025-01-05 21:00:00,0,B7,BR2
2025-01-05 19:00:00,AGV_101,JOB_AGV_101_01051900,2025-01-05 20:36:00,1,B8,BR2
2025-01-05 19:05:00,AGV_080,JOB_AGV_080_01051905,2025-01-05 19:08:00,1,B2,BR1
2025-01-05 19:05:00,AGV_085,JOB_AGV_085_01051905,2025-01-05 19:19:00,0,B4,BR3
2025-01-05 19:10:00,AGV_044,JOB_AGV_044_01051910,2025-01-05 19:36:00,1,B8,BR4
2025-01-05 19:20:00,AGV_029,JOB_AGV_029_01051920,2025-01-05 20:17:00,1,B5,BR2
2025-01-05 19:25:00,AGV_106,JOB_AGV_106_01051925,2025-01-05 19:31:00,1,B6,BR2
2025-01-05 19:25:00,AGV_116,JOB_AGV_116_01051925,2025-01-05 21:36:00,2,B3,BR3
2025-01-05 19:25:00,AGV_120,JOB_AGV_120_01051925,2025-01-05 19:44:00,0,B5,BR3
2025-01-05 19:30:00,AGV_027,JOB_AGV_027_01051930,2025-01-05 19:53:00,0,B6,BR2
2025-01-05 19:30:00,AGV_055,JOB_AGV_055_01051930,2025-01-05 19:31:00,0,B3,BR1
2025-01-05 19:35:00,AGV_049,JOB_AGV_049_01051935,2025-01-05 19:50:00,1,B2,BR2
2025-01-05 19:35:00,AGV_080,JOB_AGV_080_01051935,2025-01-05 19:37:00,0,B1,BR4
2025-01-05 19:35:00,AGV_097,JOB_AGV_097_01051935,2025-01-05 20:25:00,0,B7,BR2
2025-01-05 19:35:00,AGV_109,JOB_AGV_109_01051935,2025-01-05 20:09:00,0,B7,BR3
2025-01-05 19:40:00,AGV_030,JOB_AGV_030_01051940,2025-01-05 19:53:00,0,B2,BR2
2025-01-05 19:40:00,AGV_063,JOB_AGV_063_01051940,2025-01-05 20:00:00,2,B6,BR3
2025-01-05 19:40:00,AGV_112,JOB_AGV_112_01051940,2025-01-05 19:57:00,0,B5,BR1
2025-01-05 19:45:00,AGV_092,JOB_AGV_092_01051945,2025-01-05 19:59:00,1,B3,BR2
2025-01-05 20:05:00,AGV_119,JOB_AGV_119_01052005,2025-01-05 20:17:00,0,B1,BR1
2025-01-05 20:10:00,AGV_050,JOB_AGV_050_01052010,2025-01-05 20:46:00,0,B4,BR3
2025-01-05 20:15:00,AGV_001,JOB_AGV_001_01052015,2025-01-05 20:21:00,0,B3,BR3
2025-01-05 20:15:00,AGV_104,JOB_AGV_104_01052015,2025-01-05 21:06:00,0,B4,BR4
2025-01-05 20:15:00,AGV_120,JOB_AGV_120_01052015,2025-01-05 20:31:00,0,B3,BR4
2025-01-05 20:20:00,AGV_074,JOB_AGV_074_01052020,2025-01-05 20:21:00,1,B5,BR1
2025-01-05 20:20:00,AGV_120,JOB_AGV_120_01052020,2025-01-05 20:33:00,0,B3,BR2
2025-01-05 20:20:00,AGV_124,JOB_AGV_124_01052020,2025-01-05 20:30:00,0,B8,BR4
2025-01-05 20:25:00,AGV_009,JOB_AGV_009_01052025,2025-01-05 20:29:00,0,B1,BR3
2025-01-05 20:25:00,AGV_110,JOB_AGV_110_01052025,2025-01-05 21:11:00,1,B2,BR2
2025-01-05 20:30:00,AGV_062,JOB_AGV_062_01052030,2025-01-05 21:10:00,2,B8,BR2
2025-01-05 20:30:00,AGV_080,JOB_AGV_080_01052030,2025-01-05 21:43:00,1,B8,BR4
2025-01-05 20:30:00,AGV_108,JOB_AGV_108_01052030,2025-01-05 21:07:00,1,B7,BR1
2025-01-05 20:35:00,AGV_066,JOB_AGV_066_01052035,2025-01-05 21:19:00,1,B7,BR4
2025-01-05 20:35:00,AGV_107,JOB_AGV_107_01052035,2025-01-05 20:36:00,1,B8,BR2
2025-01-05 20:40:00,AGV_012,JOB_AGV_012_01052040,2025-01-05 20:48:00,1,B1,BR1
2025-01-05 20:40:00,AGV_079,JOB_AGV_079_01052040,2025-01-05 21:21:00,2,B2,BR3
2025-01-05 20:45:00,AGV_100,JOB_AGV_100_01052045,2025-01-05 21:11:00,1,B8,BR4
2025-01-05 20:50:00,AGV_011,JOB_AGV_011_01052050,2025-01-05 23:28:00,0,B6,BR2
2025-01-05 20:50:00,AGV_016,JOB_AGV_016_01052050,2025-01-05 21:29:00,0,B2,BR1
2025-01-05 20:55:00,AGV_065,JOB_AGV_065_01052055,2025-01-05 21:52:00,1,B3,BR3
2025-01-05 20:55:00,AGV_099,JOB_AGV_099_01052055,2025-01-05 20:57:00,1,B1,BR3
2025-01-05 21:00:00,AGV_007,JOB_AGV_007_01052100,2025-01-05 21:17:00,0,B6,BR2
2025-01-05 21:00:00,AGV_072,JOB_AGV_072_01052100,2025-01-05 21:01:00,2,B7,BR1
2025-01-05 21:00:00,AGV_086,JOB_AGV_086_01052100,2025-01-05 22:19:00,0,B3,BR1
2025-01-05 21:05:00,AGV_017,JOB_AGV_017_01052105,2025-01-05 21:10:00,1,B2,BR3
2025-01-05 21:05:00,AGV_085,JOB_AGV_085_01052105,2025-01-05 23:09:00,0,B7,BR1
2025-01-05 21:05:00,AGV_109,JOB_AGV_109_01052105,2025-01-05 21:09:00,1,B4,BR2
2025-01-05 21:10:00,AGV_116,JOB_AGV_116_01052110,2025-01-05 22:02:00,1,B7,BR3
2025-01-05 21:10:00,AGV_117,JOB_AGV_117_01052110,2025-01-05 21:16:00,0,B1,BR2
2025-01-05 21:20:00,AGV_077,JOB_AGV_077_01052120,2025-01-05 22:11:00,1,B2,BR2
2025-01-05 21:30:00,AGV_043,JOB_AGV_043_01052130,2025-01-05 21:38:00,1,B3,BR4
2025-01-05 21:30:00,AGV_098,JOB_AGV_098_01052130,2025-01-05 21:30:00,1,B8,BR3
2025-01-05 21:35:00,AGV_002,JOB_AGV_002_01052135,2025-01-05 21:44:00,0,B1,BR3
2025-01-05 21:35:00,AGV_087,JOB_AGV_087_01052135,2025-01-05 22:03:00,2,B6,BR3
2025-01-05 21:40:00,AGV_013,JOB_AGV_013_01052140,2025-01-05 21:45:00,1,B5,BR2
2025-01-05 21:40:00,AGV_018,JOB_AGV_018_01052140,2025-01-05 21:44:00,0,B2,BR3
2025-01-05 21:40:00,AGV_036,JOB_AGV_036_01052140,2025-01-05 21:40:00,2,B4,BR2
2025-01-05 21:40:00,AGV_104,JOB_AGV_104_01052140,2025-01-05 21:56:00,1,B8,BR4
2025-01-05 21:45:00,AGV_051,JOB_AGV_051_01052145,2025-01-05 22:49:00,0,B6,BR1
2025-01-05 21:50:00,AGV_038,JOB_AGV_038_01052150,2025-01-05 22:08:00,1,B2,BR2
2025-01-05 21:50:00,AGV_128,JOB_AGV_128_01052150,2025-01-05 22:42:00,1,B3,BR4
2025-01-05 21:55:00,AGV_029,JOB_AGV_029_01052155,2025-01-05 21:59:00,0,B2,BR3
2025-01-05 22:00:00,AGV_022,JOB_AGV_022_01052200,2025-01-05 22:24:00,0,B1,BR3
2025-01-05 22:05:00,AGV_068,JOB_AGV_068_01052205,2025-01-05 22:10:00,0,B8,BR3
2025-01-05 22:05:00,AGV_107,JOB_AGV_107_01052205,2025-01-05 22:22:00,0,B2,BR1
2025-01-05 22:05:00,AGV_114,JOB_AGV_114_01052205,2025-01-05 22:47:00,0,B2,BR2
2025-01-05 22:15:00,AGV_109,JOB_AGV_109_01052215,2025-01-06 00:05:00,0,B6,BR2
2025-01-05 22:25:00,AGV_061,JOB_AGV_061_01052225,2025-01-06 00:02:00,1,B6,BR2
2025-01-05 22:25:00,AGV_076,JOB_AGV_076_01052225,2025-01-05 22:26:00,0,B1,BR1
2025-01-05 22:30:00,AGV_058,JOB_AGV_058_01052230,2025-01-06 00:31:00,0,B4,BR3
2025-01-05 22:30:00,AGV_072,JOB_AGV_072_01052230,2025-01-05 22:31:00,1,B7,BR3
2025-01-05 22:35:00,AGV_001,JOB_AGV_001_01052235,2025-01-05 22:52:00,1,B3,BR1
2025-01-05 22:35:00,AGV_035,JOB_AGV_035_01052235,2025-01-05 22:44:00,1,B7,BR1
2025-01-05 22:35:00,AGV_038,JOB_AGV_038_01052235,2025-01-05 23:54:00,0,B8,BR2
2025-01-05 22:40:00,AGV_001,JOB_AGV_001_01052240,2025-01-05 22:43:00,1,B3,BR4
2025-01-05 22:40:00,AGV_055,JOB_AGV_055_01052240,2025-01-05 23:56:00,1,B2,BR2
2025-01-05 22:45:00,AGV_063,JOB_AGV_063_01052245,2025-01-06 00:40:00,1,B2,BR4
2025-01-05 22:55:00,AGV_024,JOB_AGV_024_01052255,2025-01-05 23:10:00,0,B8,BR3
2025-01-05 22:55:00,AGV_099,JOB_AGV_099_01052255,2025-01-05 23:48:00,2,B5,BR3
2025-01-05 22:55:00,AGV_108,JOB_AGV_108_01052255,2025-01-06 03:24:00,0,B8,BR2
2025-01-05 23:00:00,AGV_105,JOB_AGV_105_01052300,2025-01-05 23:27:00,0,B7,BR2
2025-01-05 23:15:00,AGV_007,JOB_AGV_007_01052315,2025-01-05 23:27:00,0,B4,BR2
2025-01-05 23:15:00,AGV_022,JOB_AGV_022_01052315,2025-01-05 23:16:00,1,B3,BR4
2025-01-05 23:15:00,AGV_038,JOB_AGV_038_01052315,2025-01-05 23:39:00,0,B7,BR1
2025-01-05 23:20:00,AGV_004,JOB_AGV_004_01052320,2025-01-06 03:08:00,2,B2,BR1
2025-01-05 23:20:00,AGV_105,JOB_AGV_105_01052320,2025-01-05 23:22:00,0,B2,BR4
2025-01-05 23:25:00,AGV_040,JOB_AGV_040_01052325,2025-01-05 23:25:00,0,B7,BR2
2025-01-05 23:25:00,AGV_052,JOB_AGV_052_01052325,2025-01-05 23:31:00,1,B8,BR1
2025-01-05 23:25:00,AGV_096,JOB_AGV_096_01052325,2025-01-06 00:41:00,0,B7,BR3
2025-01-05 23:35:00,AGV_062,JOB_AGV_062_01052335,2025-01-05 23:59:00,0,B3,BR4
2025-01-05 23:40:00,AGV_016,JOB_AGV_016_01052340,2025-01-06 02:20:00,0,B6,BR2
2025-01-05 23:40:00,AGV_044,JOB_AGV_044_01052340,2025-01-06 00:36:00,0,B5,BR1
2025-01-05 23:40:00,AGV_099,JOB_AGV_099_01052340,2025-01-06 01:22:00,1,B4,BR3
2025-01-05 23:45:00,AGV_014,JOB_AGV_014_01052345,2025-01-05 23:54:00,0,B8,BR4
2025-01-05 23:50:00,AGV_010,JOB_AGV_010_01052350,2025-01-05 23:55:00,0,B7,BR4
2025-01-05 23:50:00,AGV_034,JOB_AGV_034_01052350,2025-01-05 23:50:00,0,B4,BR2
2025-01-05 23:50:00,AGV_094,JOB_AGV_094_01052350,2025-01-05 23:50:00,0,B2,BR3
2025-01-05 23:55:00,AGV_049,JOB_AGV_049_01052355,2025-01-06 00:13:00,0,B3,BR3
2025-01-05 23:55:00,AGV_067,JOB_AGV_067_01052355,2025-01-05 23:56:00,0,B7,BR2
2025-01-05 23:55:00,AGV_068,JOB_AGV_068_01052355,2025-01-06 00:55:00,1,B5,BR2
2025-01-06 00:00:00,AGV_038,JOB_AGV_038_01060000,2025-01-06 02:02:00,0,B8,BR2
2025-01-06 00:05:00,AGV_001,JOB_AGV_001_01060005,2025-01-06 00:27:00,1,B7,BR4
2025-01-06 00:05:00,AGV_007,JOB_AGV_007_01060005,2025-01-06 00:16:00,1,B5,BR3
2025-01-06 00:05:00,AGV_061,JOB_AGV_061_01060005,2025-01-06 00:50:00,0,B5,BR1
2025-01-06 00:10:00,AGV_007,JOB_AGV_007_01060010,2025-01-06 02:15:00,0,B7,BR2
2025-01-06 00:15:00,AGV_073,JOB_AGV_073_01060015,2025-01-06 00:31:00,2,B3,BR3
2025-01-06 00:15:00,AGV_084,JOB_AGV_084_01060015,2025-01-06 00:42:00,0,B5,BR2
2025-01-06 00:15:00,AGV_090,JOB_AGV_090_01060015,2025-01-06 00:57:00,0,B7,BR4
2025-01-06 00:20:00,AGV_042,JOB_AGV_042_01060020,2025-01-06 01:29:00,0,B4,BR2
2025-01-06 00:20:00,AGV_086,JOB_AGV_086_01060020,2025-01-06 00:29:00,0,B1,BR2
2025-01-06 00:20:00,AGV_129,JOB_AGV_129_01060020,2025-01-06 00:25:00,2,B4,BR4
2025-01-06 00:25:00,AGV_059,JOB_AGV_059_01060025,2025-01-06 00:32:00,2,B8,BR4
2025-01-06 00:30:00,AGV_087,JOB_AGV_087_01060030,2025-01-06 00:54:00,0,B6,BR1
2025-01-06 00:30:00,AGV_096,JOB_AGV_096_01060030,2025-01-06 03:17:00,2,B6,BR3
2025-01-06 00:30:00,AGV_115,JOB_AGV_115_01060030,2025-01-06 00:48:00,1,B7,BR3
2025-01-06 00:35:00,AGV_020,JOB_AGV_020_01060035,2025-01-06 00:42:00,0,B8,BR3
2025-01-06 00:40:00,AGV_013,JOB_AGV_013_01060040,2025-01-06 01:10:00,0,B6,BR2
2025-01-06 00:40:00,AGV_029,JOB_AGV_029_01060040,2025-01-06 00:47:00,1,B3,BR1
2025-01-06 00:40:00,AGV_036,JOB_AGV_036_01060040,2025-01-06 01:04:00,2,B5,BR1
2025-01-06 00:45:00,AGV_050,JOB_AGV_050_01060045,2025-01-06 01:48:00,0,B2,BR3
2025-01-06 00:45:00,AGV_051,JOB_AGV_051_01060045,2025-01-06 02:46:00,0,B7,BR3
2025-01-06 00:50:00,AGV_012,JOB_AGV_012_01060050,2025-01-06 01:33:00,0,B7,BR4
2025-01-06 00:50:00,AGV_039,JOB_AGV_039_01060050,2025-01-06 01:41:00,0,B1,BR1
2025-01-06 00:50:00,AGV_043,JOB_AGV_043_01060050,2025-01-06 01:29:00,0,B8,BR3
2025-01-06 00:50:00,AGV_063,JOB_AGV_063_01060050,2025-01-06 01:10:00,0,B4,BR2
2025-01-06 00:50:00,AGV_065,JOB_AGV_065_01060050,2025-01-06 03:23:00,2,B8,BR3
2025-01-06 00:55:00,AGV_056,JOB_AGV_056_01060055,2025-01-06 02:20:00,1,B3,BR4
2025-01-06 00:55:00,AGV_109,JOB_AGV_109_01060055,2025-01-06 02:02:00,2,B7,BR3
2025-01-06 01:00:00,AGV_125,JOB_AGV_125_01060100,2025-01-06 01:47:00,0,B4,BR1
2025-01-06 01:05:00,AGV_074,JOB_AGV_074_01060105,2025-01-06 03:09:00,1,B2,BR3
2025-01-06 01:05:00,AGV_100,JOB_AGV_100_01060105,2025-01-06 01:10:00,0,B7,BR4
2025-01-06 01:15:00,AGV_057,JOB_AGV_057_01060115,2025-01-06 01:26:00,1,B2,BR2
2025-01-06 01:15:00,AGV_067,JOB_AGV_067_01060115,2025-01-06 01:15:00,0,B3,BR1
2025-01-06 01:15:00,AGV_077,JOB_AGV_077_01060115,2025-01-06 01:20:00,1,B6,BR1
2025-01-06 01:15:00,AGV_082,JOB_AGV_082_01060115,2025-01-06 01:36:00,2,B8,BR1
2025-01-06 01:20:00,AGV_009,JOB_AGV_009_01060120,2025-01-06 01:26:00,0,B8,BR3
2025-01-06 01:20:00,AGV_033,JOB_AGV_033_01060120,2025-01-06 01:31:00,1,B4,BR2
2025-01-06 01:20:00,AGV_092,JOB_AGV_092_01060120,2025-01-06 01:25:00,1,B4,BR3
2025-01-06 01:20:00,AGV_115,JOB_AGV_115_01060120,2025-01-06 01:23:00,1,B4,BR2
2025-01-06 01:25:00,AGV_006,JOB_AGV_006_01060125,2025-01-06 01:27:00,0,B5,BR3
2025-01-06 01:25:00,AGV_012,JOB_AGV_012_01060125,2025-01-06 01:47:00,0,B1,BR3
2025-01-06 01:30:00,AGV_073,JOB_AGV_073_01060130,2025-01-06 01:39:00,2,B6,BR2
2025-01-06 01:35:00,AGV_013,JOB_AGV_013_01060135,2025-01-06 03:18:00,0,B1,BR2
2025-01-06 01:35:00,AGV_017,JOB_AGV_017_01060135,2025-01-06 01:46:00,0,B6,BR1
2025-01-06 01:35:00,AGV_032,JOB_AGV_032_01060135,2025-01-06 02:00:00,0,B7,BR1
2025-01-06 01:35:00,AGV_065,JOB_AGV_065_01060135,2025-01-06 01:43:00,0,B3,BR2
2025-01-06 01:40:00,AGV_029,JOB_AGV_029_01060140,2025-01-06 02:00:00,0,B1,BR4
2025-01-06 01:40:00,AGV_041,JOB_AGV_041_01060140,2025-01-06 04:34:00,0,B3,BR3
2025-01-06 01:40:00,AGV_061,JOB_AGV_061_01060140,2025-01-06 02:38:00,1,B2,BR1
2025-01-06 01:40:00,AGV_067,JOB_AGV_067_01060140,2025-01-06 02:00:00,2,B3,BR3
2025-01-06 01:40:00,AGV_082,JOB_AGV_082_01060140,2025-01-06 01:44:00,0,B5,BR3
2025-01-06 01:40:00,AGV_103,JOB_AGV_103_01060140,2025-01-06 02:48:00,2,B4,BR4
2025-01-06 01:45:00,AGV_056,JOB_AGV_056_01060145,2025-01-06 01:45:00,1,B5,BR3
2025-01-06 01:45:00,AGV_068,JOB_AGV_068_01060145,2025-01-06 03:00:00,0,B5,BR2
2025-01-06 01:45:00,AGV_084,JOB_AGV_084_01060145,2025-01-06 01:45:00,1,B7,BR3
2025-01-06 01:45:00,AGV_126,JOB_AGV_126_01060145,2025-01-06 01:52:00,0,B2,BR1
2025-01-06 01:50:00,AGV_048,JOB_AGV_048_01060150,2025-01-06 04:19:00,0,B3,BR2
2025-01-06 01:50:00,AGV_089,JOB_AGV_089_01060150,2025-01-06 02:18:00,1,B4,BR3
2025-01-06 01:55:00,AGV_069,JOB_AGV_069_01060155,2025-01-06 02:40:00,0,B3,BR4
2025-01-06 01:55:00,AGV_082,JOB_AGV_082_01060155,2025-01-06 02:07:00,0,B8,BR1
2025-01-06 02:00:00,AGV_053,JOB_AGV_053_01060200,2025-01-06 02:07:00,1,B3,BR4
2025-01-06 02:00:00,AGV_064,JOB_AGV_064_01060200,2025-01-06 02:08:00,1,B3,BR4
2025-01-06 02:00:00,AGV_067,JOB_AGV_067_01060200,2025-01-06 02:22:00,0,B6,BR2
2025-01-06 02:05:00,AGV_043,JOB_AGV_043_01060205,2025-01-06 02:22:00,0,B7,BR4
2025-01-06 02:05:00,AGV_078,JOB_AGV_078_01060205,2025-01-06 02:10:00,0,B2,BR4
2025-01-06 02:05:00,AGV_105,JOB_AGV_105_01060205,2025-01-06 02:06:00,0,B1,BR4
2025-01-06 02:10:00,AGV_104,JOB_AGV_104_01060210,2025-01-06 02:14:00,1,B1,BR2
2025-01-06 02:10:00,AGV_122,JOB_AGV_122_01060210,2025-01-06 02:26:00,2,B8,BR4
2025-01-06 02:20:00,AGV_051,JOB_AGV_051_01060220,2025-01-06 02:25:00,0,B2,BR1
2025-01-06 02:20:00,AGV_080,JOB_AGV_080_01060220,2025-01-06 04:58:00,2,B6,BR4
2025-01-06 02:20:00,AGV_081,JOB_AGV_081_01060220,2025-01-06 03:28:00,0,B6,BR1
2025-01-06 02:35:00,AGV_025,JOB_AGV_025_01060235,2025-01-06 02:43:00,0,B3,BR3
2025-01-06 02:35:00,AGV_042,JOB_AGV_042_01060235,2025-01-06 04:07:00,0,B8,BR3
2025-01-06 02:35:00,AGV_048,JOB_AGV_048_01060235,2025-01-06 03:27:00,1,B3,BR2
2025-01-06 02:40:00,AGV_102,JOB_AGV_102_01060240,2025-01-06 03:30:00,0,B7,BR4
2025-01-06 02:45:00,AGV_023,JOB_AGV_023_01060245,2025-01-06 02:46:00,1,B3,BR4
2025-01-06 02:45:00,AGV_036,JOB_AGV_036_01060245,2025-01-06 02:59:00,0,B7,BR1
2025-01-06 02:45:00,AGV_067,JOB_AGV_067_01060245,2025-01-06 03:51:00,0,B3,BR2
2025-01-06 02:45:00,AGV_072,JOB_AGV_072_01060245,2025-01-06 03:22:00,0,B3,BR1
2025-01-06 02:45:00,AGV_078,JOB_AGV_078_01060245,2025-01-06 03:35:00,1,B1,BR1
2025-01-06 02:50:00,AGV_116,JOB_AGV_116_01060250,2025-01-06 03:23:00,1,B5,BR2
2025-01-06 02:50:00,AGV_122,JOB_AGV_122_01060250,2025-01-06 03:08:00,1,B8,BR4
2025-01-06 02:55:00,AGV_124,JOB_AGV_124_01060255,2025-01-06 05:10:00,0,B8,BR2
2025-01-06 03:00:00,AGV_006,JOB_AGV_006_01060300,2025-01-06 03:13:00,1,B5,BR3
2025-01-06 03:05:00,AGV_077,JOB_AGV_077_01060305,2025-01-06 03:18:00,0,B8,BR3
2025-01-06 03:10:00,AGV_074,JOB_AGV_074_01060310,2025-01-06 03:24:00,0,B1,BR3
2025-01-06 03:15:00,AGV_094,JOB_AGV_094_01060315,2025-01-06 03:51:00,1,B3,BR4
2025-01-06 03:20:00,AGV_092,JOB_AGV_092_01060320,2025-01-06 04:24:00,2,B5,BR2
2025-01-06 03:20:00,AGV_125,JOB_AGV_125_01060320,2025-01-06 03:30:00,1,B5,BR3
2025-01-06 03:25:00,AGV_016,JOB_AGV_016_01060325,2025-01-06 03:36:00,0,B8,BR3
2025-01-06 03:25:00,AGV_038,JOB_AGV_038_01060325,2025-01-06 03:33:00,1,B3,BR1
2025-01-06 03:25:00,AGV_082,JOB_AGV_082_01060325,2025-01-06 04:09:00,0,B5,BR4
2025-01-06 03:25:00,AGV_095,JOB_AGV_095_01060325,2025-01-06 03:45:00,0,B3,BR4
2025-01-06 03:25:00,AGV_105,JOB_AGV_105_01060325,2025-01-06 04:52:00,0,B7,BR1
2025-01-06 03:25:00,AGV_123,JOB_AGV_123_01060325,2025-01-06 03:38:00,0,B3,BR1
2025-01-06 03:30:00,AGV_060,JOB_AGV_060_01060330,2025-01-06 03:56:00,1,B7,BR4
2025-01-06 03:35:00,AGV_004,JOB_AGV_004_01060335,2025-01-06 04:15:00,0,B4,BR1
2025-01-06 03:35:00,AGV_007,JOB_AGV_007_01060335,2025-01-06 05:00:00,1,B6,BR1
2025-01-06 03:35:00,AGV_036,JOB_AGV_036_01060335,2025-01-06 08:40:00,0,B4,BR3
2025-01-06 03:35:00,AGV_090,JOB_AGV_090_01060335,2025-01-06 04:19:00,1,B2,BR4
2025-01-06 03:35:00,AGV_099,JOB_AGV_099_01060335,2025-01-06 03:36:00,0,B4,BR1
2025-01-06 03:35:00,AGV_114,JOB_AGV_114_01060335,2025-01-06 04:24:00,1,B4,BR3
2025-01-06 03:40:00,AGV_107,JOB_AGV_107_01060340,2025-01-06 04:05:00,0,B3,BR2
2025-01-06 03:45:00,AGV_028,JOB_AGV_028_01060345,2025-01-06 04:09:00,0,B3,BR1
2025-01-06 03:45:00,AGV_078,JOB_AGV_078_01060345,2025-01-06 04:15:00,2,B2,BR4
2025-01-06 03:45:00,AGV_098,JOB_AGV_098_01060345,2025-01-06 03:47:00,2,B1,BR3
2025-01-06 03:45:00,AGV_128,JOB_AGV_128_01060345,2025-01-06 03:59:00,0,B1,BR3
2025-01-06 03:50:00,AGV_075,JOB_AGV_075_01060350,2025-01-06 03:54:00,2,B8,BR3
2025-01-06 03:50:00,AGV_092,JOB_AGV_092_01060350,2025-01-06 03:55:00,0,B2,BR4
2025-01-06 03:50:00,AGV_099,JOB_AGV_099_01060350,2025-01-06 03:58:00,1,B8,BR4
2025-01-06 03:55:00,AGV_066,JOB_AGV_066_01060355,2025-01-06 04:11:00,0,B5,BR1
2025-01-06 03:55:00,AGV_081,JOB_AGV_081_01060355,2025-01-06 04:01:00,2,B4,BR2
2025-01-06 03:55:00,AGV_090,JOB_AGV_090_01060355,2025-01-06 04:18:00,0,B3,BR2
2025-01-06 04:00:00,AGV_090,JOB_AGV_090_01060400,2025-01-06 04:08:00,2,B3,BR3
2025-01-06 04:00:00,AGV_097,JOB_AGV_097_01060400,2025-01-06 04:03:00,1,B5,BR1
2025-01-06 04:00:00,AGV_114,JOB_AGV_114_01060400,2025-01-06 05:38:00,2,B3,BR2
2025-01-06 04:00:00,AGV_117,JOB_AGV_117_01060400,2025-01-06 05:09:00,1,B3,BR2
2025-01-06 04:05:00,AGV_043,JOB_AGV_043_01060405,2025-01-06 04:28:00,2,B8,BR4
2025-01-06 04:05:00,AGV_122,JOB_AGV_122_01060405,2025-01-06 04:39:00,1,B4,BR2
2025-01-06 04:05:00,AGV_126,JOB_AGV_126_01060405,2025-01-06 04:18:00,0,B6,BR3
2025-01-06 04:10:00,AGV_057,JOB_AGV_057_01060410,2025-01-06 04:57:00,1,B3,BR1
2025-01-06 04:10:00,AGV_072,JOB_AGV_072_01060410,2025-01-06 04:13:00,0,B1,BR3
2025-01-06 04:15:00,AGV_088,JOB_AGV_088_01060415,2025-01-06 05:45:00,0,B4,BR2
2025-01-06 04:20:00,AGV_025,JOB_AGV_025_01060420,2025-01-06 04:37:00,0,B1,BR4
2025-01-06 04:20:00,AGV_047,JOB_AGV_047_01060420,2025-01-06 05:01:00,0,B7,BR2
2025-01-06 04:20:00,AGV_058,JOB_AGV_058_01060420,2025-01-06 06:34:00,0,B3,BR1
2025-01-06 04:20:00,AGV_082,JOB_AGV_082_01060420,2025-01-06 08:06:00,2,B1,BR3
2025-01-06 04:25:00,AGV_041,JOB_AGV_041_01060425,2025-01-06 04:36:00,1,B1,BR1
2025-01-06 04:30:00,AGV_004,JOB_AGV_004_01060430,2025-01-06 04:58:00,1,B8,BR2
2025-01-06 04:30:00,AGV_018,JOB_AGV_018_01060430,2025-01-06 06:17:00,2,B5,BR2
2025-01-06 04:30:00,AGV_029,JOB_AGV_029_01060430,2025-01-06 04:44:00,0,B6,BR2
2025-01-06 04:30:00,AGV_039,JOB_AGV_039_01060430,2025-01-06 05:10:00,1,B6,BR2
2025-01-06 04:30:00,AGV_087,JOB_AGV_087_01060430,2025-01-06 04:52:00,0,B4,BR1
2025-01-06 04:35:00,AGV_019,JOB_AGV_019_01060435,2025-01-06 04:40:00,2,B2,BR2
2025-01-06 04:40:00,AGV_085,JOB_AGV_085_01060440,2025-01-06 05:05:00,0,B1,BR3
2025-01-06 04:45:00,AGV_003,JOB_AGV_003_01060445,2025-01-06 05:49:00,0,B4,BR2
2025-01-06 04:45:00,AGV_006,JOB_AGV_006_01060445,2025-01-06 05:15:00,2,B8,BR3
2025-01-06 04:45:00,AGV_066,JOB_AGV_066_01060445,2025-01-06 06:13:00,0,B7,BR4
2025-01-06 04:45:00,AGV_094,JOB_AGV_094_01060445,2025-01-06 05:17:00,0,B3,BR4
2025-01-06 04:45:00,AGV_122,JOB_AGV_122_01060445,2025-01-06 04:55:00,1,B8,BR3
2025-01-06 04:50:00,AGV_006,JOB_AGV_006_01060450,2025-01-06 04:55:00,0,B7,BR3
2025-01-06 04:50:00,AGV_067,JOB_AGV_067_01060450,2025-01-06 04:58:00,2,B2,BR2
2025-01-06 04:50:00,AGV_081,JOB_AGV_081_01060450,2025-01-06 05:24:00,1,B7,BR1
2025-01-06 04:50:00,AGV_086,JOB_AGV_086_01060450,2025-01-06 05:36:00,1,B8,BR2
2025-01-06 04:55:00,AGV_018,JOB_AGV_018_01060455,2025-01-06 05:05:00,0,B3,BR4
2025-01-06 04:55:00,AGV_111,JOB_AGV_111_01060455,2025-01-06 05:09:00,2,B4,BR1
2025-01-06 04:55:00,AGV_120,JOB_AGV_120_01060455,2025-01-06 05:24:00,0,B2,BR1
2025-01-06 04:55:00,AGV_130,JOB_AGV_130_01060455,2025-01-06 05:35:00,0,B7,BR1
2025-01-06 05:00:00,AGV_009,JOB_AGV_009_01060500,2025-01-06 05:16:00,1,B5,BR1
2025-01-06 05:00:00,AGV_025,JOB_AGV_025_01060500,2025-01-06 05:31:00,1,B6,BR2
2025-01-06 05:00:00,AGV_031,JOB_AGV_031_01060500,2025-01-06 05:06:00,0,B7,BR3
2025-01-06 05:00:00,AGV_042,JOB_AGV_042_01060500,2025-01-06 05:11:00,1,B2,BR4
2025-01-06 05:00:00,AGV_043,JOB_AGV_043_01060500,2025-01-06 05:06:00,1,B8,BR1
2025-01-06 05:00:00,AGV_066,JOB_AGV_066_01060500,2025-01-06 05:37:00,1,B2,BR3
2025-01-06 05:05:00,AGV_060,JOB_AGV_060_01060505,2025-01-06 05:22:00,1,B8,BR2
2025-01-06 05:05:00,AGV_128,JOB_AGV_128_01060505,2025-01-06 05:07:00,2,B5,BR4
2025-01-06 05:10:00,AGV_110,JOB_AGV_110_01060510,2025-01-06 05:27:00,1,B8,BR1
2025-01-06 05:15:00,AGV_021,JOB_AGV_021_01060515,2025-01-06 07:27:00,2,B3,BR1
2025-01-06 05:15:00,AGV_045,JOB_AGV_045_01060515,2025-01-06 05:26:00,1,B8,BR1
2025-01-06 05:15:00,AGV_124,JOB_AGV_124_01060515,2025-01-06 07:32:00,0,B2,BR1
2025-01-06 05:20:00,AGV_004,JOB_AGV_004_01060520,2025-01-06 05:34:00,1,B1,BR4
2025-01-06 05:25:00,AGV_059,JOB_AGV_059_01060525,2025-01-06 05:34:00,0,B6,BR4
2025-01-06 05:30:00,AGV_045,JOB_AGV_045_01060530,2025-01-06 05:32:00,0,B2,BR2
2025-01-06 05:30:00,AGV_091,JOB_AGV_091_01060530,2025-01-06 05:44:00,0,B2,BR4
2025-01-06 05:30:00,AGV_120,JOB_AGV_120_01060530,2025-01-06 05:30:00,2,B7,BR4
2025-01-06 05:35:00,AGV_039,JOB_AGV_039_01060535,2025-01-06 07:09:00,1,B4,BR1
2025-01-06 05:40:00,AGV_031,JOB_AGV_031_01060540,2025-01-06 05:47:00,1,B1,BR2
2025-01-06 05:40:00,AGV_091,JOB_AGV_091_01060540,2025-01-06 06:07:00,1,B4,BR3
2025-01-06 05:40:00,AGV_125,JOB_AGV_125_01060540,2025-01-06 06:21:00,0,B8,BR2
2025-01-06 05:45:00,AGV_081,JOB_AGV_081_01060545,2025-01-06 05:46:00,0,B8,BR2
2025-01-06 05:50:00,AGV_050,JOB_AGV_050_01060550,2025-01-06 06:11:00,0,B2,BR2
2025-01-06 05:50:00,AGV_096,JOB_AGV_096_01060550,2025-01-06 06:02:00,2,B2,BR2
2025-01-06 05:50:00,AGV_103,JOB_AGV_103_01060550,2025-01-06 06:54:00,2,B2,BR4
2025-01-06 05:50:00,AGV_110,JOB_AGV_110_01060550,2025-01-06 06:44:00,2,B6,BR4
2025-01-06 05:55:00,AGV_026,JOB_AGV_026_01060555,2025-01-06 05:59:00,0,B2,BR3
2025-01-06 05:55:00,AGV_027,JOB_AGV_027_01060555,2025-01-06 06:03:00,1,B7,BR1
2025-01-06 06:00:00,AGV_011,JOB_AGV_011_01060600,2025-01-06 06:24:00,2,B1,BR2
2025-01-06 06:05:00,AGV_096,JOB_AGV_096_01060605,2025-01-06 07:19:00,0,B6,BR1
2025-01-06 06:05:00,AGV_098,JOB_AGV_098_01060605,2025-01-06 06:18:00,0,B6,BR1
2025-01-06 06:05:00,AGV_120,JOB_AGV_120_01060605,2025-01-06 06:14:00,0,B1,BR2
2025-01-06 06:10:00,AGV_022,JOB_AGV_022_01060610,2025-01-06 06:10:00,0,B5,BR4
2025-01-06 06:10:00,AGV_041,JOB_AGV_041_01060610,2025-01-06 06:30:00,0,B3,BR3
2025-01-06 06:10:00,AGV_076,JOB_AGV_076_01060610,2025-01-06 06:18:00,1,B1,BR4
2025-01-06 06:10:00,AGV_086,JOB_AGV_086_01060610,2025-01-06 06:15:00,2,B6,BR3
2025-01-06 06:15:00,AGV_091,JOB_AGV_091_01060615,2025-01-06 06:39:00,0,B7,BR2
2025-01-06 06:20:00,AGV_037,JOB_AGV_037_01060620,2025-01-06 07:49:00,1,B3,BR3
2025-01-06 06:20:00,AGV_052,JOB_AGV_052_01060620,2025-01-06 06:35:00,1,B1,BR2
2025-01-06 06:20:00,AGV_128,JOB_AGV_128_01060620,2025-01-06 06:29:00,0,B3,BR1
2025-01-06 06:25:00,AGV_011,JOB_AGV_011_01060625,2025-01-06 06:26:00,1,B1,BR2
2025-01-06 06:25:00,AGV_109,JOB_AGV_109_01060625,2025-01-06 08:30:00,2,B1,BR3
2025-01-06 06:25:00,AGV_123,JOB_AGV_123_01060625,2025-01-06 06:29:00,0,B8,BR2
2025-01-06 06:30:00,AGV_023,JOB_AGV_023_01060630,2025-01-06 08:51:00,0,B7,BR2
2025-01-06 06:30:00,AGV_089,JOB_AGV_089_01060630,2025-01-06 06:49:00,0,B3,BR2
2025-01-06 06:30:00,AGV_097,JOB_AGV_097_01060630,2025-01-06 07:17:00,0,B3,BR1
2025-01-06 06:30:00,AGV_118,JOB_AGV_118_01060630,2025-01-06 08:08:00,1,B7,BR3
2025-01-06 06:35:00,AGV_002,JOB_AGV_002_01060635,2025-01-06 07:50:00,0,B8,BR2
2025-01-06 06:35:00,AGV_019,JOB_AGV_019_01060635,2025-01-06 09:01:00,0,B2,BR2
2025-01-06 06:35:00,AGV_031,JOB_AGV_031_01060635,2025-01-06 06:54:00,2,B2,BR2
2025-01-06 06:35:00,AGV_032,JOB_AGV_032_01060635,2025-01-06 07:04:00,1,B5,BR3
2025-01-06 06:45:00,AGV_010,JOB_AGV_010_01060645,2025-01-06 07:01:00,0,B4,BR3
2025-01-06 06:45:00,AGV_068,JOB_AGV_068_01060645,2025-01-06 06:46:00,0,B6,BR3
2025-01-06 06:45:00,AGV_096,JOB_AGV_096_01060645,2025-01-06 06:47:00,2,B3,BR4
2025-01-06 06:50:00,AGV_016,JOB_AGV_016_01060650,2025-01-06 07:11:00,0,B2,BR4
2025-01-06 06:50:00,AGV_047,JOB_AGV_047_01060650,2025-01-06 07:01:00,2,B1,BR2
2025-01-06 06:55:00,AGV_001,JOB_AGV_001_01060655,2025-01-06 07:22:00,0,B5,BR4
2025-01-06 06:55:00,AGV_089,JOB_AGV_089_01060655,2025-01-06 07:07:00,0,B8,BR1
2025-01-06 07:00:00,AGV_009,JOB_AGV_009_01060700,2025-01-06 07:08:00,0,B2,BR1
2025-01-06 07:00:00,AGV_022,JOB_AGV_022_01060700,2025-01-06 08:14:00,1,B1,BR1
2025-01-06 07:00:00,AGV_026,JOB_AGV_026_01060700,2025-01-06 07:29:00,1,B8,BR2
2025-01-06 07:00:00,AGV_102,JOB_AGV_102_01060700,2025-01-06 08:01:00,2,B3,BR3
2025-01-06 07:05:00,AGV_032,JOB_AGV_032_01060705,2025-01-06 07:10:00,1,B5,BR2
2025-01-06 07:05:00,AGV_054,JOB_AGV_054_01060705,2025-01-06 07:13:00,0,B7,BR2
2025-01-06 07:05:00,AGV_064,JOB_AGV_064_01060705,2025-01-06 07:07:00,0,B5,BR3
2025-01-06 07:10:00,AGV_100,JOB_AGV_100_01060710,2025-01-06 07:34:00,1,B4,BR1
2025-01-06 07:15:00,AGV_006,JOB_AGV_006_01060715,2025-01-06 07:34:00,1,B6,BR1
2025-01-06 07:20:00,AGV_001,JOB_AGV_001_01060720,2025-01-06 08:16:00,0,B7,BR2
2025-01-06 07:20:00,AGV_002,JOB_AGV_002_01060720,2025-01-06 08:40:00,0,B8,BR1
2025-01-06 07:20:00,AGV_013,JOB_AGV_013_01060720,2025-01-06 07:23:00,0,B6,BR3
2025-01-06 07:20:00,AGV_085,JOB_AGV_085_01060720,2025-01-06 07:49:00,0,B7,BR1
2025-01-06 07:25:00,AGV_005,JOB_AGV_005_01060725,2025-01-06 07:35:00,0,B6,BR3
2025-01-06 07:25:00,AGV_022,JOB_AGV_022_01060725,2025-01-06 07:54:00,0,B6,BR2
2025-01-06 07:25:00,AGV_052,JOB_AGV_052_01060725,2025-01-06 08:23:00,2,B6,BR4
2025-01-06 07:25:00,AGV_102,JOB_AGV_102_01060725,2025-01-06 08:27:00,2,B3,BR2
2025-01-06 07:25:00,AGV_105,JOB_AGV_105_01060725,2025-01-06 08:19:00,1,B7,BR4
2025-01-06 07:25:00,AGV_127,JOB_AGV_127_01060725,2025-01-06 09:28:00,0,B7,BR3
2025-01-06 07:30:00,AGV_062,JOB_AGV_062_01060730,2025-01-06 08:03:00,1,B4,BR4
2025-01-06 07:30:00,AGV_072,JOB_AGV_072_01060730,2025-01-06 09:58:00,0,B7,BR1
2025-01-06 07:30:00,AGV_084,JOB_AGV_084_01060730,2025-01-06 08:02:00,1,B7,BR2
2025-01-06 07:35:00,AGV_042,JOB_AGV_042_01060735,2025-01-06 09:07:00,0,B2,BR2
2025-01-06 07:35:00,AGV_067,JOB_AGV_067_01060735,2025-01-06 07:40:00,0,B7,BR1
2025-01-06 07:40:00,AGV_076,JOB_AGV_076_01060740,2025-01-06 07:55:00,2,B3,BR3
2025-01-06 07:40:00,AGV_121,JOB_AGV_121_01060740,2025-01-06 08:54:00,1,B7,BR1
2025-01-06 07:45:00,AGV_008,JOB_AGV_008_01060745,2025-01-06 08:27:00,1,B5,BR2
2025-01-06 07:45:00,AGV_027,JOB_AGV_027_01060745,2025-01-06 08:16:00,0,B7,BR2
2025-01-06 07:45:00,AGV_106,JOB_AGV_106_01060745,2025-01-06 08:49:00,1,B4,BR3
2025-01-06 07:50:00,AGV_113,JOB_AGV_113_01060750,2025-01-06 08:07:00,0,B4,BR3
2025-01-06 07:55:00,AGV_003,JOB_AGV_003_01060755,2025-01-06 08:19:00,2,B5,BR3
2025-01-06 07:55:00,AGV_054,JOB_AGV_054_01060755,2025-01-06 08:07:00,1,B6,BR4
2025-01-06 07:55:00,AGV_123,JOB_AGV_123_01060755,2025-01-06 08:05:00,1,B4,BR3
2025-01-06 08:00:00,AGV_004,JOB_AGV_004_01060800,2025-01-06 09:19:00,0,B7,BR2
2025-01-06 08:00:00,AGV_036,JOB_AGV_036_01060800,2025-01-06 08:05:00,0,B7,BR4
2025-01-06 08:00:00,AGV_055,JOB_AGV_055_01060800,2025-01-06 08:18:00,0,B2,BR1
2025-01-06 08:00:00,AGV_074,JOB_AGV_074_01060800,2025-01-06 08:15:00,0,B7,BR4
2025-01-06 08:00:00,AGV_076,JOB_AGV_076_01060800,2025-01-06 09:07:00,2,B6,BR1
2025-01-06 08:00:00,AGV_086,JOB_AGV_086_01060800,2025-01-06 10:50:00,2,B7,BR2
2025-01-06 08:05:00,AGV_040,JOB_AGV_040_01060805,2025-01-06 08:50:00,1,B3,BR4
2025-01-06 08:05:00,AGV_113,JOB_AGV_113_01060805,2025-01-06 11:34:00,2,B2,BR4
2025-01-06 08:10:00,AGV_061,JOB_AGV_061_01060810,2025-01-06 08:21:00,2,B3,BR4
2025-01-06 08:10:00,AGV_083,JOB_AGV_083_01060810,2025-01-06 08:59:00,1,B3,BR2
2025-01-06 08:10:00,AGV_109,JOB_AGV_109_01060810,2025-01-06 08:12:00,0,B5,BR2
2025-01-06 08:15:00,AGV_055,JOB_AGV_055_01060815,2025-01-06 08:18:00,1,B6,BR3
2025-01-06 08:15:00,AGV_082,JOB_AGV_082_01060815,2025-01-06 08:58:00,0,B3,BR3
2025-01-06 08:20:00,AGV_056,JOB_AGV_056_01060820,2025-01-06 08:38:00,0,B7,BR2
2025-01-06 08:20:00,AGV_081,JOB_AGV_081_01060820,2025-01-06 09:06:00,0,B8,BR3
2025-01-06 08:20:00,AGV_129,JOB_AGV_129_01060820,2025-01-06 08:42:00,0,B8,BR1
2025-01-06 08:25:00,AGV_029,JOB_AGV_029_01060825,2025-01-06 08:48:00,1,B7,BR3
2025-01-06 08:25:00,AGV_121,JOB_AGV_121_01060825,2025-01-06 10:05:00,0,B6,BR3
2025-01-06 08:30:00,AGV_031,JOB_AGV_031_01060830,2025-01-06 09:04:00,1,B3,BR2
2025-01-06 08:30:00,AGV_034,JOB_AGV_034_01060830,2025-01-06 08:47:00,2,B3,BR4
2025-01-06 08:30:00,AGV_054,JOB_AGV_054_01060830,2025-01-06 09:00:00,2,B8,BR1
2025-01-06 08:30:00,AGV_075,JOB_AGV_075_01060830,2025-01-06 08:43:00,0,B7,BR2
2025-01-06 08:30:00,AGV_123,JOB_AGV_123_01060830,2025-01-06 09:29:00,0,B8,BR1
2025-01-06 08:35:00,AGV_022,JOB_AGV_022_01060835,2025-01-06 08:56:00,2,B4,BR2
2025-01-06 08:35:00,AGV_066,JOB_AGV_066_01060835,2025-01-06 08:52:00,0,B3,BR1
2025-01-06 08:35:00,AGV_094,JOB_AGV_094_01060835,2025-01-06 08:46:00,1,B4,BR1
2025-01-06 08:35:00,AGV_117,JOB_AGV_117_01060835,2025-01-06 08:38:00,1,B1,BR2
2025-01-06 08:40:00,AGV_048,JOB_AGV_048_01060840,2025-01-06 09:42:00,2,B6,BR1
2025-01-06 08:40:00,AGV_070,JOB_AGV_070_01060840,2025-01-06 08:59:00,0,B2,BR4
2025-01-06 08:40:00,AGV_096,JOB_AGV_096_01060840,2025-01-06 08:41:00,2,B3,BR1
2025-01-06 08:40:00,AGV_103,JOB_AGV_103_01060840,2025-01-06 08:40:00,0,B6,BR4
2025-01-06 08:45:00,AGV_028,JOB_AGV_028_01060845,2025-01-06 09:02:00,1,B7,BR1
2025-01-06 08:45:00,AGV_048,JOB_AGV_048_01060845,2025-01-06 09:35:00,0,B6,BR1
2025-01-06 08:45:00,AGV_078,JOB_AGV_078_01060845,2025-01-06 10:00:00,2,B8,BR3
2025-01-06 08:50:00,AGV_093,JOB_AGV_093_01060850,2025-01-06 09:20:00,0,B5,BR1
2025-01-06 08:55:00,AGV_004,JOB_AGV_004_01060855,2025-01-06 09:36:00,2,B8,BR2
2025-01-06 09:10:00,AGV_039,JOB_AGV_039_01060910,2025-01-06 09:14:00,1,B7,BR3
2025-01-06 09:10:00,AGV_065,JOB_AGV_065_01060910,2025-01-06 09:16:00,1,B8,BR2
2025-01-06 09:15:00,AGV_068,JOB_AGV_068_01060915,2025-01-06 09:18:00,2,B1,BR3
2025-01-06 09:15:00,AGV_080,JOB_AGV_080_01060915,2025-01-06 09:15:00,1,B1,BR2
2025-01-06 09:15:00,AGV_099,JOB_AGV_099_01060915,2025-01-06 09:17:00,0,B4,BR3
2025-01-06 09:20:00,AGV_039,JOB_AGV_039_01060920,2025-01-06 09:43:00,0,B6,BR2
2025-01-06 09:20:00,AGV_104,JOB_AGV_104_01060920,2025-01-06 10:00:00,0,B4,BR3
2025-01-06 09:20:00,AGV_122,JOB_AGV_122_01060920,2025-01-06 09:32:00,0,B2,BR1
2025-01-06 09:30:00,AGV_050,JOB_AGV_050_01060930,2025-01-06 09:30:00,2,B2,BR3
2025-01-06 09:30:00,AGV_079,JOB_AGV_079_01060930,2025-01-06 10:03:00,0,B2,BR3
2025-01-06 09:35:00,AGV_030,JOB_AGV_030_01060935,2025-01-06 09:54:00,2,B1,BR3
2025-01-06 09:35:00,AGV_046,JOB_AGV_046_01060935,2025-01-06 10:02:00,0,B7,BR3
2025-01-06 09:35:00,AGV_114,JOB_AGV_114_01060935,2025-01-06 10:17:00,0,B2,BR2
2025-01-06 09:35:00,AGV_130,JOB_AGV_130_01060935,2025-01-06 09:57:00,0,B6,BR4
2025-01-06 09:40:00,AGV_010,JOB_AGV_010_01060940,2025-01-06 09:40:00,1,B2,BR2
2025-01-06 09:40:00,AGV_011,JOB_AGV_011_01060940,2025-01-06 12:25:00,0,B7,BR3
2025-01-06 09:40:00,AGV_060,JOB_AGV_060_01060940,2025-01-06 09:52:00,1,B3,BR1
2025-01-06 09:40:00,AGV_072,JOB_AGV_072_01060940,2025-01-06 09:54:00,0,B7,BR2
2025-01-06 09:40:00,AGV_083,JOB_AGV_083_01060940,2025-01-06 09:49:00,0,B2,BR4
2025-01-06 09:40:00,AGV_120,JOB_AGV_120_01060940,2025-01-06 09:41:00,1,B5,BR4
2025-01-06 09:40:00,AGV_122,JOB_AGV_122_01060940,2025-01-06 09:42:00,0,B2,BR4
2025-01-06 09:45:00,AGV_047,JOB_AGV_047_01060945,2025-01-06 09:55:00,2,B2,BR3
2025-01-06 09:45:00,AGV_073,JOB_AGV_073_01060945,2025-01-06 09:49:00,1,B4,BR1
2025-01-06 09:45:00,AGV_093,JOB_AGV_093_01060945,2025-01-06 10:19:00,1,B7,BR2
2025-01-06 09:50:00,AGV_013,JOB_AGV_013_01060950,2025-01-06 10:03:00,1,B8,BR3
2025-01-06 09:50:00,AGV_118,JOB_AGV_118_01060950,2025-01-06 10:32:00,0,B3,BR3
2025-01-06 09:55:00,AGV_025,JOB_AGV_025_01060955,2025-01-06 10:39:00,0,B5,BR2
2025-01-06 09:55:00,AGV_058,JOB_AGV_058_01060955,2025-01-06 11:56:00,0,B1,BR3
2025-01-06 09:55:00,AGV_059,JOB_AGV_059_01060955,2025-01-06 10:25:00,1,B1,BR4
2025-01-06 09:55:00,AGV_102,JOB_AGV_102_01060955,2025-01-06 09:58:00,1,B7,BR3
2025-01-06 10:00:00,AGV_037,JOB_AGV_037_01061000,2025-01-06 10:21:00,0,B4,BR4
2025-01-06 10:00:00,AGV_042,JOB_AGV_042_01061000,2025-01-06 11:19:00,2,B5,BR4
2025-01-06 10:05:00,AGV_009,JOB_AGV_009_01061005,2025-01-06 10:21:00,1,B3,BR3
2025-01-06 10:05:00,AGV_013,JOB_AGV_013_01061005,2025-01-06 10:48:00,2,B1,BR2
2025-01-06 10:05:00,AGV_054,JOB_AGV_054_01061005,2025-01-06 12:31:00,1,B1,BR3
2025-01-06 10:05:00,AGV_126,JOB_AGV_126_01061005,2025-01-06 10:06:00,0,B6,BR2
2025-01-06 10:10:00,AGV_020,JOB_AGV_020_01061010,2025-01-06 10:31:00,2,B8,BR2
2025-01-06 10:10:00,AGV_054,JOB_AGV_054_01061010,2025-01-06 10:50:00,0,B5,BR3
2025-01-06 10:10:00,AGV_098,JOB_AGV_098_01061010,2025-01-06 11:08:00,0,B2,BR1
2025-01-06 10:10:00,AGV_118,JOB_AGV_118_01061010,2025-01-06 10:35:00,1,B5,BR4
2025-01-06 10:15:00,AGV_016,JOB_AGV_016_01061015,2025-01-06 10:41:00,1,B1,BR2
2025-01-06 10:15:00,AGV_076,JOB_AGV_076_01061015,2025-01-06 10:53:00,0,B8,BR4
2025-01-06 10:15:00,AGV_115,JOB_AGV_115_01061015,2025-01-06 10:22:00,1,B4,BR2
2025-01-06 10:20:00,AGV_065,JOB_AGV_065_01061020,2025-01-06 11:14:00,1,B8,BR3
2025-01-06 10:20:00,AGV_086,JOB_AGV_086_01061020,2025-01-06 11:03:00,0,B8,BR4
2025-01-06 10:20:00,AGV_115,JOB_AGV_115_01061020,2025-01-06 11:10:00,0,B6,BR4
2025-01-06 10:25:00,AGV_053,JOB_AGV_053_01061025,2025-01-06 10:30:00,1,B6,BR4
2025-01-06 10:25:00,AGV_068,JOB_AGV_068_01061025,2025-01-06 10:58:00,0,B2,BR2
2025-01-06 10:25:00,AGV_118,JOB_AGV_118_01061025,2025-01-06 10:55:00,1,B6,BR2
2025-01-06 10:30:00,AGV_066,JOB_AGV_066_01061030,2025-01-06 10:57:00,2,B5,BR2
2025-01-06 10:30:00,AGV_111,JOB_AGV_111_01061030,2025-01-06 11:42:00,1,B2,BR4
2025-01-06 10:30:00,AGV_112,JOB_AGV_112_01061030,2025-01-06 10:53:00,1,B2,BR1
2025-01-06 10:35:00,AGV_052,JOB_AGV_052_01061035,2025-01-06 10:37:00,1,B5,BR4
2025-01-06 10:35:00,AGV_094,JOB_AGV_094_01061035,2025-01-06 10:46:00,0,B1,BR3
2025-01-06 10:35:00,AGV_111,JOB_AGV_111_01061035,2025-01-06 11:09:00,1,B6,BR4
2025-01-06 10:35:00,AGV_117,JOB_AGV_117_01061035,2025-01-06 10:41:00,1,B4,BR4
2025-01-06 10:40:00,AGV_043,JOB_AGV_043_01061040,2025-01-06 11:04:00,1,B2,BR3
2025-01-06 10:40:00,AGV_077,JOB_AGV_077_01061040,2025-01-06 10:58:00,1,B1,BR2
2025-01-06 10:40:00,AGV_095,JOB_AGV_095_01061040,2025-01-06 11:31:00,1,B5,BR3
2025-01-06 10:45:00,AGV_008,JOB_AGV_008_01061045,2025-01-06 10:47:00,1,B3,BR1
2025-01-06 10:45:00,AGV_129,JOB_AGV_129_01061045,2025-01-06 10:45:00,0,B8,BR2
2025-01-06 10:50:00,AGV_012,JOB_AGV_012_01061050,2025-01-06 12:14:00,0,B8,BR4
2025-01-06 10:50:00,AGV_014,JOB_AGV_014_01061050,2025-01-06 11:39:00,0,B5,BR3
2025-01-06 10:50:00,AGV_050,JOB_AGV_050_01061050,2025-01-06 11:00:00,0,B7,BR2
2025-01-06 10:50:00,AGV_070,JOB_AGV_070_01061050,2025-01-06 11:03:00,1,B3,BR1
2025-01-06 10:50:00,AGV_100,JOB_AGV_100_01061050,2025-01-06 11:08:00,0,B6,BR1
2025-01-06 10:50:00,AGV_110,JOB_AGV_110_01061050,2025-01-06 11:03:00,0,B6,BR2
2025-01-06 10:50:00,AGV_116,JOB_AGV_116_01061050,2025-01-06 12:18:00,1,B1,BR2
2025-01-06 10:50:00,AGV_126,JOB_AGV_126_01061050,2025-01-06 11:37:00,0,B2,BR1
2025-01-06 10:55:00,AGV_003,JOB_AGV_003_01061055,2025-01-06 10:58:00,1,B6,BR4
2025-01-06 10:55:00,AGV_038,JOB_AGV_038_01061055,2025-01-06 11:25:00,0,B7,BR3
2025-01-06 10:55:00,AGV_084,JOB_AGV_084_01061055,2025-01-06 11:10:00,0,B4,BR2
2025-01-06 10:55:00,AGV_109,JOB_AGV_109_01061055,2025-01-06 11:05:00,0,B3,BR2
2025-01-06 11:00:00,AGV_002,JOB_AGV_002_01061100,2025-01-06 11:10:00,1,B3,BR2
2025-01-06 11:00:00,AGV_037,JOB_AGV_037_01061100,2025-01-06 11:26:00,0,B3,BR4
2025-01-06 11:00:00,AGV_051,JOB_AGV_051_01061100,2025-01-06 11:22:00,1,B2,BR4
2025-01-06 11:05:00,AGV_070,JOB_AGV_070_01061105,2025-01-06 11:31:00,2,B4,BR2
2025-01-06 11:05:00,AGV_072,JOB_AGV_072_01061105,2025-01-06 11:31:00,1,B3,BR3
2025-01-06 11:05:00,AGV_104,JOB_AGV_104_01061105,2025-01-06 11:36:00,1,B1,BR2
2025-01-06 11:10:00,AGV_059,JOB_AGV_059_01061110,2025-01-06 11:10:00,0,B6,BR1
2025-01-06 11:10:00,AGV_065,JOB_AGV_065_01061110,2025-01-06 12:13:00,2,B1,BR1
2025-01-06 11:10:00,AGV_079,JOB_AGV_079_01061110,2025-01-06 11:12:00,0,B6,BR4
2025-01-06 11:15:00,AGV_052,JOB_AGV_052_01061115,2025-01-06 11:35:00,0,B4,BR3
2025-01-06 11:20:00,AGV_044,JOB_AGV_044_01061120,2025-01-06 11:24:00,1,B3,BR1
2025-01-06 11:20:00,AGV_061,JOB_AGV_061_01061120,2025-01-06 12:00:00,0,B4,BR4
2025-01-06 11:20:00,AGV_067,JOB_AGV_067_01061120,2025-01-06 11:22:00,0,B3,BR3
2025-01-06 11:20:00,AGV_114,JOB_AGV_114_01061120,2025-01-06 11:36:00,0,B7,BR3
2025-01-06 11:20:00,AGV_129,JOB_AGV_129_01061120,2025-01-06 11:24:00,1,B5,BR2
2025-01-06 11:20:00,AGV_130,JOB_AGV_130_01061120,2025-01-06 11:35:00,0,B5,BR3
2025-01-06 11:25:00,AGV_079,JOB_AGV_079_01061125,2025-01-06 12:07:00,0,B2,BR4
2025-01-06 11:25:00,AGV_111,JOB_AGV_111_01061125,2025-01-06 13:21:00,1,B6,BR3
2025-01-06 11:30:00,AGV_015,JOB_AGV_015_01061130,2025-01-06 11:30:00,0,B2,BR4
2025-01-06 11:30:00,AGV_018,JOB_AGV_018_01061130,2025-01-06 11:31:00,0,B7,BR2
2025-01-06 11:30:00,AGV_112,JOB_AGV_112_01061130,2025-01-06 12:19:00,0,B5,BR4
2025-01-06 11:35:00,AGV_045,JOB_AGV_045_01061135,2025-01-06 11:52:00,0,B8,BR3
2025-01-06 11:35:00,AGV_046,JOB_AGV_046_01061135,2025-01-06 12:00:00,0,B8,BR3
2025-01-06 11:40:00,AGV_063,JOB_AGV_063_01061140,2025-01-06 12:01:00,0,B7,BR3
2025-01-06 11:40:00,AGV_114,JOB_AGV_114_01061140,2025-01-06 12:09:00,2,B3,BR2
2025-01-06 11:45:00,AGV_003,JOB_AGV_003_01061145,2025-01-06 13:08:00,0,B7,BR4
2025-01-06 11:45:00,AGV_010,JOB_AGV_010_01061145,2025-01-06 12:03:00,0,B7,BR2
2025-01-06 11:45:00,AGV_024,JOB_AGV_024_01061145,2025-01-06 11:55:00,1,B7,BR3
2025-01-06 11:50:00,AGV_008,JOB_AGV_008_01061150,2025-01-06 11:54:00,0,B3,BR4
2025-01-06 11:50:00,AGV_017,JOB_AGV_017_01061150,2025-01-06 11:51:00,0,B8,BR3
2025-01-06 11:50:00,AGV_020,JOB_AGV_020_01061150,2025-01-06 12:45:00,2,B2,BR2
2025-01-06 11:50:00,AGV_087,JOB_AGV_087_01061150,2025-01-06 11:50:00,1,B5,BR1
2025-01-06 11:50:00,AGV_094,JOB_AGV_094_01061150,2025-01-06 12:26:00,1,B7,BR2
2025-01-06 11:55:00,AGV_008,JOB_AGV_008_01061155,2025-01-06 12:44:00,1,B1,BR2
2025-01-06 11:55:00,AGV_074,JOB_AGV_074_01061155,2025-01-06 13:18:00,0,B7,BR3
2025-01-06 11:55:00,AGV_120,JOB_AGV_120_01061155,2025-01-06 12:46:00,0,B2,BR2
2025-01-06 11:55:00,AGV_125,JOB_AGV_125_01061155,2025-01-06 11:59:00,0,B6,BR2
2025-01-06 12:00:00,AGV_072,JOB_AGV_072_01061200,2025-01-06 12:52:00,2,B6,BR1
2025-01-06 12:00:00,AGV_083,JOB_AGV_083_01061200,2025-01-06 12:04:00,2,B7,BR2
2025-01-06 12:00:00,AGV_088,JOB_AGV_088_01061200,2025-01-06 14:05:00,1,B5,BR4
2025-01-06 12:00:00,AGV_125,JOB_AGV_125_01061200,2025-01-06 12:17:00,1,B2,BR2
2025-01-06 12:05:00,AGV_012,JOB_AGV_012_01061205,2025-01-06 13:18:00,0,B2,BR1
2025-01-06 12:05:00,AGV_048,JOB_AGV_048_01061205,2025-01-06 12:10:00,0,B4,BR2
2025-01-06 12:05:00,AGV_053,JOB_AGV_053_01061205,2025-01-06 12:41:00,2,B7,BR4
2025-01-06 12:05:00,AGV_073,JOB_AGV_073_01061205,2025-01-06 12:06:00,0,B6,BR3
2025-01-06 12:10:00,AGV_049,JOB_AGV_049_01061210,2025-01-06 12:12:00,0,B2,BR3
2025-01-06 12:10:00,AGV_072,JOB_AGV_072_01061210,2025-01-06 12:55:00,1,B6,BR3
2025-01-06 12:15:00,AGV_098,JOB_AGV_098_01061215,2025-01-06 13:20:00,0,B8,BR4
2025-01-06 12:15:00,AGV_120,JOB_AGV_120_01061215,2025-01-06 12:32:00,2,B8,BR2
2025-01-06 12:20:00,AGV_018,JOB_AGV_018_01061220,2025-01-06 12:41:00,0,B1,BR4
2025-01-06 12:20:00,AGV_055,JOB_AGV_055_01061220,2025-01-06 12:24:00,0,B1,BR3
2025-01-06 12:20:00,AGV_097,JOB_AGV_097_01061220,2025-01-06 14:21:00,2,B5,BR1
2025-01-06 12:25:00,AGV_114,JOB_AGV_114_01061225,2025-01-06 12:35:00,1,B3,BR2
2025-01-06 12:30:00,AGV_043,JOB_AGV_043_01061230,2025-01-06 12:34:00,1,B5,BR4
2025-01-06 12:30:00,AGV_077,JOB_AGV_077_01061230,2025-01-06 12:31:00,0,B2,BR1
2025-01-06 12:30:00,AGV_080,JOB_AGV_080_01061230,2025-01-06 13:22:00,0,B2,BR3
2025-01-06 12:35:00,AGV_009,JOB_AGV_009_01061235,2025-01-06 12:44:00,1,B3,BR2
2025-01-06 12:35:00,AGV_032,JOB_AGV_032_01061235,2025-01-06 13:05:00,0,B3,BR2
2025-01-06 12:35:00,AGV_125,JOB_AGV_125_01061235,2025-01-06 12:37:00,1,B5,BR4
2025-01-06 12:40:00,AGV_013,JOB_AGV_013_01061240,2025-01-06 12:52:00,1,B4,BR2
2025-01-06 12:40:00,AGV_043,JOB_AGV_043_01061240,2025-01-06 13:23:00,1,B5,BR1
2025-01-06 12:40:00,AGV_045,JOB_AGV_045_01061240,2025-01-06 12:47:00,1,B5,BR2
2025-01-06 12:40:00,AGV_061,JOB_AGV_061_01061240,2025-01-06 12:59:00,1,B6,BR4
2025-01-06 12:45:00,AGV_010,JOB_AGV_010_01061245,2025-01-06 12:49:00,0,B3,BR2
2025-01-06 12:45:00,AGV_019,JOB_AGV_019_01061245,2025-01-06 13:43:00,0,B7,BR2
2025-01-06 12:45:00,AGV_050,JOB_AGV_050_01061245,2025-01-06 13:11:00,0,B1,BR3
2025-01-06 12:45:00,AGV_072,JOB_AGV_072_01061245,2025-01-06 12:51:00,0,B2,BR3
2025-01-06 12:45:00,AGV_073,JOB_AGV_073_01061245,2025-01-06 13:19:00,0,B7,BR3
2025-01-06 12:45:00,AGV_075,JOB_AGV_075_01061245,2025-01-06 12:51:00,1,B5,BR2
2025-01-06 12:45:00,AGV_129,JOB_AGV_129_01061245,2025-01-06 13:53:00,0,B3,BR3
2025-01-06 12:50:00,AGV_022,JOB_AGV_022_01061250,2025-01-06 13:54:00,2,B4,BR1
2025-01-06 12:50:00,AGV_034,JOB_AGV_034_01061250,2025-01-06 13:00:00,0,B2,BR4
2025-01-06 12:50:00,AGV_088,JOB_AGV_088_01061250,2025-01-06 13:10:00,1,B5,BR1
2025-01-06 12:50:00,AGV_090,JOB_AGV_090_01061250,2025-01-06 13:13:00,0,B8,BR1
2025-01-06 12:50:00,AGV_097,JOB_AGV_097_01061250,2025-01-06 12:54:00,0,B6,BR2
2025-01-06 12:55:00,AGV_010,JOB_AGV_010_01061255,2025-01-06 13:17:00,2,B6,BR4
2025-01-06 12:55:00,AGV_035,JOB_AGV_035_01061255,2025-01-06 13:24:00,1,B7,BR3
2025-01-06 12:55:00,AGV_051,JOB_AGV_051_01061255,2025-01-06 13:50:00,0,B1,BR2
2025-01-06 12:55:00,AGV_090,JOB_AGV_090_01061255,2025-01-06 13:03:00,0,B5,BR2
2025-01-06 13:00:00,AGV_121,JOB_AGV_121_01061300,2025-01-06 13:31:00,2,B7,BR4
2025-01-06 13:05:00,AGV_013,JOB_AGV_013_01061305,2025-01-06 13:14:00,0,B8,BR3
2025-01-06 13:05:00,AGV_017,JOB_AGV_017_01061305,2025-01-06 13:26:00,0,B1,BR1
2025-01-06 13:05:00,AGV_081,JOB_AGV_081_01061305,2025-01-06 13:21:00,1,B5,BR1
2025-01-06 13:05:00,AGV_098,JOB_AGV_098_01061305,2025-01-06 13:34:00,0,B4,BR2
2025-01-06 13:10:00,AGV_066,JOB_AGV_066_01061310,2025-01-06 15:12:00,1,B4,BR3
2025-01-06 13:10:00,AGV_085,JOB_AGV_085_01061310,2025-01-06 13:56:00,2,B8,BR3
2025-01-06 13:15:00,AGV_049,JOB_AGV_049_01061315,2025-01-06 15:16:00,0,B6,BR4
2025-01-06 13:15:00,AGV_087,JOB_AGV_087_01061315,2025-01-06 13:20:00,1,B8,BR4
2025-01-06 13:20:00,AGV_024,JOB_AGV_024_01061320,2025-01-06 14:04:00,2,B3,BR1
2025-01-06 13:20:00,AGV_037,JOB_AGV_037_01061320,2025-01-06 13:52:00,0,B6,BR4
2025-01-06 13:20:00,AGV_054,JOB_AGV_054_01061320,2025-01-06 13:22:00,1,B3,BR3
2025-01-06 13:20:00,AGV_124,JOB_AGV_124_01061320,2025-01-06 13:42:00,0,B5,BR1
2025-01-06 13:25:00,AGV_033,JOB_AGV_033_01061325,2025-01-06 14:20:00,1,B5,BR3
2025-01-06 13:25:00,AGV_039,JOB_AGV_039_01061325,2025-01-06 13:26:00,0,B3,BR1
2025-01-06 13:25:00,AGV_116,JOB_AGV_116_01061325,2025-01-06 13:56:00,0,B3,BR2
2025-01-06 13:30:00,AGV_033,JOB_AGV_033_01061330,2025-01-06 13:31:00,1,B7,BR1
2025-01-06 13:30:00,AGV_034,JOB_AGV_034_01061330,2025-01-06 14:14:00,2,B3,BR1
2025-01-06 13:30:00,AGV_068,JOB_AGV_068_01061330,2025-01-06 15:11:00,2,B1,BR1
2025-01-06 13:30:00,AGV_088,JOB_AGV_088_01061330,2025-01-06 14:00:00,1,B8,BR1
2025-01-06 13:35:00,AGV_057,JOB_AGV_057_01061335,2025-01-06 13:41:00,1,B4,BR1
2025-01-06 13:35:00,AGV_068,JOB_AGV_068_01061335,2025-01-06 13:35:00,0,B5,BR2
2025-01-06 13:40:00,AGV_012,JOB_AGV_012_01061340,2025-01-06 13:47:00,1,B3,BR1
2025-01-06 13:40:00,AGV_045,JOB_AGV_045_01061340,2025-01-06 13:40:00,0,B4,BR3
2025-01-06 13:45:00,AGV_056,JOB_AGV_056_01061345,2025-01-06 14:48:00,0,B4,BR1
2025-01-06 13:45:00,AGV_093,JOB_AGV_093_01061345,2025-01-06 13:48:00,0,B4,BR1
2025-01-06 13:45:00,AGV_116,JOB_AGV_116_01061345,2025-01-06 14:47:00,0,B5,BR3
2025-01-06 13:45:00,AGV_121,JOB_AGV_121_01061345,2025-01-06 13:46:00,1,B7,BR1
2025-01-06 13:50:00,AGV_016,JOB_AGV_016_01061350,2025-01-06 15:33:00,1,B7,BR1
2025-01-06 13:50:00,AGV_017,JOB_AGV_017_01061350,2025-01-06 14:02:00,0,B5,BR3
2025-01-06 13:50:00,AGV_026,JOB_AGV_026_01061350,2025-01-06 14:02:00,0,B2,BR2
2025-01-06 13:50:00,AGV_048,JOB_AGV_048_01061350,2025-01-06 14:23:00,1,B2,BR4
2025-01-06 13:55:00,AGV_051,JOB_AGV_051_01061355,2025-01-06 13:58:00,0,B3,BR1
2025-01-06 13:55:00,AGV_107,JOB_AGV_107_01061355,2025-01-06 15:04:00,0,B2,BR1
2025-01-06 14:00:00,AGV_003,JOB_AGV_003_01061400,2025-01-06 14:07:00,1,B3,BR1
2025-01-06 14:00:00,AGV_037,JOB_AGV_037_01061400,2025-01-06 15:08:00,1,B1,BR3
2025-01-06 14:00:00,AGV_045,JOB_AGV_045_01061400,2025-01-06 14:34:00,0,B4,BR3
2025-01-06 14:05:00,AGV_071,JOB_AGV_071_01061405,2025-01-06 14:37:00,0,B2,BR2
2025-01-06 14:05:00,AGV_075,JOB_AGV_075_01061405,2025-01-06 14:44:00,1,B2,BR1
2025-01-06 14:10:00,AGV_004,JOB_AGV_004_01061410,2025-01-06 14:10:00,1,B5,BR4
2025-01-06 14:10:00,AGV_009,JOB_AGV_009_01061410,2025-01-06 14:13:00,1,B2,BR4
2025-01-06 14:10:00,AGV_075,JOB_AGV_075_01061410,2025-01-06 16:12:00,2,B4,BR1
2025-01-06 14:10:00,AGV_097,JOB_AGV_097_01061410,2025-01-06 14:12:00,0,B1,BR4
2025-01-06 14:15:00,AGV_032,JOB_AGV_032_01061415,2025-01-06 14:40:00,0,B1,BR2
2025-01-06 14:15:00,AGV_072,JOB_AGV_072_01061415,2025-01-06 15:00:00,1,B4,BR3
2025-01-06 14:20:00,AGV_092,JOB_AGV_092_01061420,2025-01-06 15:09:00,0,B2,BR4
2025-01-06 14:25:00,AGV_058,JOB_AGV_058_01061425,2025-01-06 15:17:00,1,B4,BR2
2025-01-06 14:25:00,AGV_065,JOB_AGV_065_01061425,2025-01-06 15:09:00,0,B2,BR2
2025-01-06 14:25:00,AGV_094,JOB_AGV_094_01061425,2025-01-06 17:22:00,0,B4,BR2
2025-01-06 14:25:00,AGV_109,JOB_AGV_109_01061425,2025-01-06 14:59:00,1,B5,BR2
2025-01-06 14:30:00,AGV_056,JOB_AGV_056_01061430,2025-01-06 14:52:00,0,B7,BR3
2025-01-06 14:30:00,AGV_124,JOB_AGV_124_01061430,2025-01-06 14:38:00,0,B7,BR2
2025-01-06 14:35:00,AGV_024,JOB_AGV_024_01061435,2025-01-06 15:23:00,1,B5,BR3
2025-01-06 14:35:00,AGV_036,JOB_AGV_036_01061435,2025-01-06 15:18:00,1,B8,BR1
2025-01-06 14:35:00,AGV_052,JOB_AGV_052_01061435,2025-01-06 14:55:00,0,B7,BR2
2025-01-06 14:35:00,AGV_098,JOB_AGV_098_01061435,2025-01-06 14:41:00,0,B2,BR1
2025-01-06 14:35:00,AGV_115,JOB_AGV_115_01061435,2025-01-06 14:41:00,2,B7,BR3
2025-01-06 14:35:00,AGV_128,JOB_AGV_128_01061435,2025-01-06 14:55:00,0,B1,BR4
2025-01-06 14:40:00,AGV_006,JOB_AGV_006_01061440,2025-01-06 14:45:00,0,B3,BR3
2025-01-06 14:40:00,AGV_081,JOB_AGV_081_01061440,2025-01-06 14:43:00,1,B6,BR3
2025-01-06 14:40:00,AGV_087,JOB_AGV_087_01061440,2025-01-06 15:49:00,0,B3,BR1
2025-01-06 14:45:00,AGV_106,JOB_AGV_106_01061445,2025-01-06 14:54:00,2,B5,BR1
2025-01-06 14:50:00,AGV_027,JOB_AGV_027_01061450,2025-01-06 15:23:00,0,B4,BR3
2025-01-06 14:50:00,AGV_107,JOB_AGV_107_01061450,2025-01-06 15:10:00,1,B7,BR1
2025-01-06 14:50:00,AGV_111,JOB_AGV_111_01061450,2025-01-06 14:58:00,0,B3,BR4
2025-01-06 14:50:00,AGV_112,JOB_AGV_112_01061450,2025-01-06 15:01:00,1,B2,BR4
2025-01-06 14:55:00,AGV_121,JOB_AGV_121_01061455,2025-01-06 15:00:00,1,B2,BR2
2025-01-06 15:00:00,AGV_029,JOB_AGV_029_01061500,2025-01-06 15:05:00,1,B6,BR2
2025-01-06 15:00:00,AGV_051,JOB_AGV_051_01061500,2025-01-06 15:00:00,1,B3,BR4
2025-01-06 15:00:00,AGV_062,JOB_AGV_062_01061500,2025-01-06 15:11:00,1,B6,BR1
2025-01-06 15:00:00,AGV_082,JOB_AGV_082_01061500,2025-01-06 15:25:00,2,B4,BR3
2025-01-06 15:00:00,AGV_087,JOB_AGV_087_01061500,2025-01-06 15:00:00,1,B4,BR3
2025-01-06 15:00:00,AGV_105,JOB_AGV_105_01061500,2025-01-06 15:05:00,0,B1,BR1
2025-01-06 15:00:00,AGV_122,JOB_AGV_122_01061500,2025-01-06 15:24:00,0,B6,BR2
2025-01-06 15:05:00,AGV_079,JOB_AGV_079_01061505,2025-01-06 16:25:00,0,B7,BR2
2025-01-06 15:10:00,AGV_084,JOB_AGV_084_01061510,2025-01-06 15:24:00,0,B3,BR4
2025-01-06 15:15:00,AGV_032,JOB_AGV_032_01061515,2025-01-06 15:49:00,0,B8,BR4
2025-01-06 15:15:00,AGV_126,JOB_AGV_126_01061515,2025-01-06 15:38:00,1,B8,BR2
2025-01-06 15:20:00,AGV_009,JOB_AGV_009_01061520,2025-01-06 16:11:00,1,B3,BR3
2025-01-06 15:20:00,AGV_020,JOB_AGV_020_01061520,2025-01-06 15:56:00,0,B5,BR1
2025-01-06 15:20:00,AGV_035,JOB_AGV_035_01061520,2025-01-06 17:27:00,1,B5,BR2
2025-01-06 15:20:00,AGV_038,JOB_AGV_038_01061520,2025-01-06 15:45:00,0,B8,BR3
2025-01-06 15:20:00,AGV_052,JOB_AGV_052_01061520,2025-01-06 16:02:00,0,B6,BR4
2025-01-06 15:20:00,AGV_093,JOB_AGV_093_01061520,2025-01-06 15:25:00,0,B4,BR1
2025-01-06 15:25:00,AGV_052,JOB_AGV_052_01061525,2025-01-06 16:29:00,0,B7,BR2
2025-01-06 15:25:00,AGV_083,JOB_AGV_083_01061525,2025-01-06 15:25:00,0,B1,BR4
2025-01-06 15:25:00,AGV_130,JOB_AGV_130_01061525,2025-01-06 16:24:00,0,B2,BR4
2025-01-06 15:30:00,AGV_056,JOB_AGV_056_01061530,2025-01-06 15:55:00,0,B8,BR4
2025-01-06 15:30:00,AGV_098,JOB_AGV_098_01061530,2025-01-06 16:01:00,1,B3,BR3
2025-01-06 15:35:00,AGV_009,JOB_AGV_009_01061535,2025-01-06 15:40:00,0,B6,BR2
2025-01-06 15:35:00,AGV_029,JOB_AGV_029_01061535,2025-01-06 15:41:00,1,B3,BR4
2025-01-06 15:35:00,AGV_049,JOB_AGV_049_01061535,2025-01-06 15:35:00,1,B2,BR3
2025-01-06 15:35:00,AGV_088,JOB_AGV_088_01061535,2025-01-06 16:01:00,0,B1,BR2
2025-01-06 15:35:00,AGV_122,JOB_AGV_122_01061535,2025-01-06 15:48:00,0,B3,BR4
2025-01-06 15:35:00,AGV_128,JOB_AGV_128_01061535,2025-01-06 15:38:00,0,B2,BR4
2025-01-06 15:35:00,AGV_130,JOB_AGV_130_01061535,2025-01-06 16:02:00,2,B5,BR3
2025-01-06 15:40:00,AGV_061,JOB_AGV_061_01061540,2025-01-06 15:52:00,0,B4,BR2
2025-01-06 15:40:00,AGV_069,JOB_AGV_069_01061540,2025-01-06 15:42:00,1,B6,BR3
2025-01-06 15:40:00,AGV_070,JOB_AGV_070_01061540,2025-01-06 16:07:00,0,B5,BR4
2025-01-06 15:45:00,AGV_062,JOB_AGV_062_01061545,2025-01-06 16:34:00,1,B2,BR2
2025-01-06 15:45:00,AGV_096,JOB_AGV_096_01061545,2025-01-06 15:48:00,0,B7,BR1
2025-01-06 15:45:00,AGV_113,JOB_AGV_113_01061545,2025-01-06 16:24:00,0,B7,BR3
2025-01-06 15:45:00,AGV_117,JOB_AGV_117_01061545,2025-01-06 15:51:00,0,B7,BR4
2025-01-06 15:50:00,AGV_056,JOB_AGV_056_01061550,2025-01-06 15:50:00,0,B2,BR1
2025-01-06 15:50:00,AGV_079,JOB_AGV_079_01061550,2025-01-06 15:57:00,1,B7,BR4
2025-01-06 15:50:00,AGV_120,JOB_AGV_120_01061550,2025-01-06 15:50:00,1,B7,BR3
2025-01-06 15:55:00,AGV_001,JOB_AGV_001_01061555,2025-01-06 16:10:00,0,B6,BR2
2025-01-06 15:55:00,AGV_053,JOB_AGV_053_01061555,2025-01-06 16:03:00,1,B4,BR4
2025-01-06 15:55:00,AGV_094,JOB_AGV_094_01061555,2025-01-06 16:09:00,0,B3,BR2
2025-01-06 16:10:00,AGV_002,JOB_AGV_002_01061610,2025-01-06 16:47:00,0,B7,BR4
2025-01-06 16:10:00,AGV_014,JOB_AGV_014_01061610,2025-01-06 17:18:00,1,B3,BR4
2025-01-06 16:10:00,AGV_069,JOB_AGV_069_01061610,2025-01-06 16:19:00,0,B4,BR3
2025-01-06 16:15:00,AGV_045,JOB_AGV_045_01061615,2025-01-06 16:20:00,1,B7,BR4
2025-01-06 16:15:00,AGV_080,JOB_AGV_080_01061615,2025-01-06 16:48:00,0,B7,BR3
2025-01-06 16:15:00,AGV_101,JOB_AGV_101_01061615,2025-01-06 16:28:00,1,B7,BR4
2025-01-06 16:20:00,AGV_003,JOB_AGV_003_01061620,2025-01-06 16:23:00,0,B8,BR3
2025-01-06 16:20:00,AGV_018,JOB_AGV_018_01061620,2025-01-06 16:35:00,0,B2,BR4
2025-01-06 16:20:00,AGV_020,JOB_AGV_020_01061620,2025-01-06 16:22:00,1,B3,BR1
2025-01-06 16:20:00,AGV_041,JOB_AGV_041_01061620,2025-01-06 16:20:00,1,B8,BR4
2025-01-06 16:20:00,AGV_071,JOB_AGV_071_01061620,2025-01-06 16:31:00,1,B3,BR3
2025-01-06 16:25:00,AGV_012,JOB_AGV_012_01061625,2025-01-06 16:36:00,0,B5,BR2
2025-01-06 16:30:00,AGV_107,JOB_AGV_107_01061630,2025-01-06 16:38:00,0,B6,BR1
2025-01-06 16:30:00,AGV_130,JOB_AGV_130_01061630,2025-01-06 16:52:00,1,B7,BR3
2025-01-06 16:35:00,AGV_084,JOB_AGV_084_01061635,2025-01-06 17:09:00,1,B6,BR3
2025-01-06 16:40:00,AGV_059,JOB_AGV_059_01061640,2025-01-06 17:40:00,0,B8,BR3
2025-01-06 16:45:00,AGV_056,JOB_AGV_056_01061645,2025-01-06 17:30:00,0,B5,BR4
2025-01-06 16:45:00,AGV_097,JOB_AGV_097_01061645,2025-01-06 17:14:00,0,B2,BR2
2025-01-06 16:45:00,AGV_127,JOB_AGV_127_01061645,2025-01-06 16:47:00,0,B4,BR1
2025-01-06 16:50:00,AGV_067,JOB_AGV_067_01061650,2025-01-06 16:54:00,1,B4,BR4
2025-01-06 17:00:00,AGV_025,JOB_AGV_025_01061700,2025-01-06 17:21:00,0,B8,BR1
2025-01-06 17:05:00,AGV_040,JOB_AGV_040_01061705,2025-01-06 17:10:00,0,B4,BR2
2025-01-06 17:05:00,AGV_102,JOB_AGV_102_01061705,2025-01-06 17:11:00,2,B4,BR3
2025-01-06 17:05:00,AGV_127,JOB_AGV_127_01061705,2025-01-06 17:09:00,2,B7,BR1
2025-01-06 17:10:00,AGV_016,JOB_AGV_016_01061710,2025-01-06 17:19:00,1,B5,BR3
2025-01-06 17:10:00,AGV_023,JOB_AGV_023_01061710,2025-01-06 17:52:00,0,B3,BR1
2025-01-06 17:10:00,AGV_058,JOB_AGV_058_01061710,2025-01-06 17:11:00,0,B8,BR1
2025-01-06 17:10:00,AGV_063,JOB_AGV_063_01061710,2025-01-06 17:21:00,0,B8,BR2
2025-01-06 17:10:00,AGV_071,JOB_AGV_071_01061710,2025-01-06 17:25:00,1,B7,BR4
2025-01-06 17:15:00,AGV_052,JOB_AGV_052_01061715,2025-01-06 17:28:00,0,B8,BR2
2025-01-06 17:15:00,AGV_130,JOB_AGV_130_01061715,2025-01-06 18:41:00,1,B6,BR4
2025-01-06 17:20:00,AGV_022,JOB_AGV_022_01061720,2025-01-06 17:55:00,1,B2,BR1
2025-01-06 17:20:00,AGV_024,JOB_AGV_024_01061720,2025-01-06 19:56:00,0,B3,BR4
2025-01-06 17:20:00,AGV_054,JOB_AGV_054_01061720,2025-01-06 17:43:00,2,B7,BR2
2025-01-06 17:20:00,AGV_088,JOB_AGV_088_01061720,2025-01-06 17:23:00,2,B6,BR2
2025-01-06 17:25:00,AGV_019,JOB_AGV_019_01061725,2025-01-06 18:22:00,0,B5,BR2
2025-01-06 17:25:00,AGV_069,JOB_AGV_069_01061725,2025-01-06 17:55:00,0,B8,BR1
2025-01-06 17:30:00,AGV_072,JOB_AGV_072_01061730,2025-01-06 17:39:00,0,B6,BR3
2025-01-06 17:30:00,AGV_081,JOB_AGV_081_01061730,2025-01-06 17:38:00,0,B8,BR4
2025-01-06 17:30:00,AGV_093,JOB_AGV_093_01061730,2025-01-06 20:04:00,1,B6,BR4
2025-01-06 17:30:00,AGV_106,JOB_AGV_106_01061730,2025-01-06 17:33:00,2,B6,BR2
2025-01-06 17:35:00,AGV_129,JOB_AGV_129_01061735,2025-01-06 18:17:00,0,B4,BR4
2025-01-06 17:40:00,AGV_007,JOB_AGV_007_01061740,2025-01-06 19:38:00,0,B3,BR1
2025-01-06 17:40:00,AGV_072,JOB_AGV_072_01061740,2025-01-06 17:41:00,1,B3,BR1
2025-01-06 17:40:00,AGV_073,JOB_AGV_073_01061740,2025-01-06 19:05:00,0,B6,BR3
2025-01-06 17:40:00,AGV_108,JOB_AGV_108_01061740,2025-01-06 17:41:00,0,B5,BR4
2025-01-06 17:45:00,AGV_009,JOB_AGV_009_01061745,2025-01-06 18:18:00,0,B6,BR1
2025-01-06 17:45:00,AGV_063,JOB_AGV_063_01061745,2025-01-06 17:50:00,0,B5,BR3
2025-01-06 17:50:00,AGV_025,JOB_AGV_025_01061750,2025-01-06 17:52:00,1,B6,BR2
2025-01-06 17:50:00,AGV_072,JOB_AGV_072_01061750,2025-01-06 18:02:00,0,B3,BR3
2025-01-06 17:50:00,AGV_082,JOB_AGV_082_01061750,2025-01-06 18:04:00,0,B8,BR1
2025-01-06 17:50:00,AGV_100,JOB_AGV_100_01061750,2025-01-06 18:19:00,1,B5,BR4
2025-01-06 17:50:00,AGV_102,JOB_AGV_102_01061750,2025-01-06 18:13:00,1,B8,BR2
2025-01-06 17:50:00,AGV_113,JOB_AGV_113_01061750,2025-01-06 18:16:00,0,B6,BR3
2025-01-06 17:55:00,AGV_017,JOB_AGV_017_01061755,2025-01-06 17:57:00,1,B1,BR4
2025-01-06 17:55:00,AGV_037,JOB_AGV_037_01061755,2025-01-06 18:16:00,0,B7,BR1
2025-01-06 17:55:00,AGV_109,JOB_AGV_109_01061755,2025-01-06 18:05:00,0,B7,BR4
2025-01-06 18:00:00,AGV_062,JOB_AGV_062_01061800,2025-01-06 18:29:00,1,B3,BR4
2025-01-06 18:00:00,AGV_108,JOB_AGV_108_01061800,2025-01-06 19:15:00,2,B2,BR1
2025-01-06 18:05:00,AGV_013,JOB_AGV_013_01061805,2025-01-06 18:05:00,0,B3,BR2
2025-01-06 18:05:00,AGV_045,JOB_AGV_045_01061805,2025-01-06 18:39:00,0,B4,BR4
2025-01-06 18:05:00,AGV_055,JOB_AGV_055_01061805,2025-01-06 18:22:00,0,B5,BR2
2025-01-06 18:05:00,AGV_123,JOB_AGV_123_01061805,2025-01-06 18:20:00,1,B2,BR2
2025-01-06 18:05:00,AGV_126,JOB_AGV_126_01061805,2025-01-06 18:42:00,0,B4,BR3
2025-01-06 18:10:00,AGV_036,JOB_AGV_036_01061810,2025-01-06 18:10:00,0,B8,BR2
2025-01-06 18:10:00,AGV_056,JOB_AGV_056_01061810,2025-01-06 18:26:00,1,B6,BR4
2025-01-06 18:10:00,AGV_065,JOB_AGV_065_01061810,2025-01-06 18:54:00,0,B3,BR3
2025-01-06 18:10:00,AGV_086,JOB_AGV_086_01061810,2025-01-06 18:11:00,1,B5,BR1
2025-01-06 18:10:00,AGV_096,JOB_AGV_096_01061810,2025-01-06 18:34:00,0,B8,BR4
2025-01-06 18:15:00,AGV_037,JOB_AGV_037_01061815,2025-01-06 18:29:00,0,B7,BR1
2025-01-06 18:15:00,AGV_050,JOB_AGV_050_01061815,2025-01-06 19:43:00,0,B6,BR3
2025-01-06 18:20:00,AGV_025,JOB_AGV_025_01061820,2025-01-06 18:41:00,2,B2,BR3
2025-01-06 18:20:00,AGV_077,JOB_AGV_077_01061820,2025-01-06 19:58:00,0,B4,BR2
2025-01-06 18:25:00,AGV_082,JOB_AGV_082_01061825,2025-01-06 18:34:00,0,B6,BR2
2025-01-06 18:25:00,AGV_084,JOB_AGV_084_01061825,2025-01-06 18:59:00,0,B2,BR4
2025-01-06 18:30:00,AGV_003,JOB_AGV_003_01061830,2025-01-06 19:09:00,1,B5,BR3
2025-01-06 18:30:00,AGV_093,JOB_AGV_093_01061830,2025-01-06 19:09:00,2,B1,BR2
2025-01-06 18:35:00,AGV_086,JOB_AGV_086_01061835,2025-01-06 18:43:00,0,B6,BR4
2025-01-06 18:35:00,AGV_095,JOB_AGV_095_01061835,2025-01-06 18:36:00,1,B8,BR1
2025-01-06 18:40:00,AGV_015,JOB_AGV_015_01061840,2025-01-06 18:42:00,2,B3,BR1
2025-01-06 18:45:00,AGV_047,JOB_AGV_047_01061845,2025-01-06 20:03:00,0,B4,BR2
2025-01-06 18:45:00,AGV_048,JOB_AGV_048_01061845,2025-01-06 18:47:00,2,B3,BR4
2025-01-06 18:45:00,AGV_069,JOB_AGV_069_01061845,2025-01-06 19:12:00,0,B7,BR1
2025-01-06 18:45:00,AGV_115,JOB_AGV_115_01061845,2025-01-06 19:07:00,0,B3,BR3
2025-01-06 18:50:00,AGV_005,JOB_AGV_005_01061850,2025-01-06 19:19:00,1,B7,BR1
2025-01-06 18:55:00,AGV_066,JOB_AGV_066_01061855,2025-01-06 19:13:00,0,B3,BR4
2025-01-06 18:55:00,AGV_119,JOB_AGV_119_01061855,2025-01-06 19:20:00,1,B7,BR3
2025-01-06 19:00:00,AGV_002,JOB_AGV_002_01061900,2025-01-06 19:59:00,0,B1,BR1
2025-01-06 19:00:00,AGV_087,JOB_AGV_087_01061900,2025-01-06 19:12:00,0,B6,BR2
2025-01-06 19:00:00,AGV_120,JOB_AGV_120_01061900,2025-01-06 19:34:00,1,B6,BR2
2025-01-06 19:05:00,AGV_007,JOB_AGV_007_01061905,2025-01-06 19:10:00,0,B8,BR2
2025-01-06 19:05:00,AGV_041,JOB_AGV_041_01061905,2025-01-06 19:38:00,1,B3,BR1
2025-01-06 19:05:00,AGV_059,JOB_AGV_059_01061905,2025-01-06 19:47:00,1,B5,BR4
2025-01-06 19:05:00,AGV_117,JOB_AGV_117_01061905,2025-01-06 20:44:00,2,B7,BR3
2025-01-06 19:05:00,AGV_123,JOB_AGV_123_01061905,2025-01-06 19:06:00,0,B6,BR2
2025-01-06 19:10:00,AGV_087,JOB_AGV_087_01061910,2025-01-06 19:47:00,0,B6,BR3
2025-01-06 19:10:00,AGV_100,JOB_AGV_100_01061910,2025-01-06 19:12:00,1,B1,BR3
2025-01-06 19:15:00,AGV_030,JOB_AGV_030_01061915,2025-01-06 20:26:00,1,B1,BR4
2025-01-06 19:15:00,AGV_056,JOB_AGV_056_01061915,2025-01-06 19:42:00,1,B4,BR4
2025-01-06 19:25:00,AGV_018,JOB_AGV_018_01061925,2025-01-06 19:42:00,1,B7,BR2
2025-01-06 19:25:00,AGV_044,JOB_AGV_044_01061925,2025-01-06 19:35:00,1,B4,BR2
2025-01-06 19:25:00,AGV_057,JOB_AGV_057_01061925,2025-01-06 20:28:00,0,B7,BR1
2025-01-06 19:25:00,AGV_062,JOB_AGV_062_01061925,2025-01-06 20:00:00,1,B3,BR4
2025-01-06 19:25:00,AGV_088,JOB_AGV_088_01061925,2025-01-06 19:42:00,2,B4,BR2
2025-01-06 19:25:00,AGV_089,JOB_AGV_089_01061925,2025-01-06 19:26:00,2,B3,BR4
2025-01-06 19:25:00,AGV_104,JOB_AGV_104_01061925,2025-01-06 20:32:00,2,B3,BR4
2025-01-06 19:30:00,AGV_019,JOB_AGV_019_01061930,2025-01-06 21:31:00,1,B1,BR2
2025-01-06 19:30:00,AGV_102,JOB_AGV_102_01061930,2025-01-06 19:47:00,1,B8,BR1
2025-01-06 19:30:00,AGV_117,JOB_AGV_117_01061930,2025-01-06 19:45:00,2,B3,BR2
2025-01-06 19:30:00,AGV_120,JOB_AGV_120_01061930,2025-01-06 19:41:00,0,B6,BR1
2025-01-06 19:35:00,AGV_005,JOB_AGV_005_01061935,2025-01-06 19:35:00,0,B1,BR2
2025-01-06 19:35:00,AGV_038,JOB_AGV_038_01061935,2025-01-06 19:45:00,0,B3,BR1
2025-01-06 19:35:00,AGV_059,JOB_AGV_059_01061935,2025-01-06 20:31:00,2,B7,BR2
2025-01-06 19:35:00,AGV_087,JOB_AGV_087_01061935,2025-01-06 19:50:00,0,B6,BR3
2025-01-06 19:40:00,AGV_064,JOB_AGV_064_01061940,2025-01-06 19:45:00,2,B1,BR4
2025-01-06 19:40:00,AGV_105,JOB_AGV_105_01061940,2025-01-06 19:49:00,0,B7,BR3
2025-01-06 19:40:00,AGV_125,JOB_AGV_125_01061940,2025-01-06 19:46:00,1,B8,BR3
2025-01-06 19:45:00,AGV_033,JOB_AGV_033_01061945,2025-01-06 19:56:00,0,B3,BR1
2025-01-06 19:45:00,AGV_071,JOB_AGV_071_01061945,2025-01-06 19:51:00,0,B6,BR2
2025-01-06 19:50:00,AGV_091,JOB_AGV_091_01061950,2025-01-06 20:27:00,0,B6,BR2
2025-01-06 19:50:00,AGV_130,JOB_AGV_130_01061950,2025-01-06 20:58:00,0,B7,BR1
2025-01-06 19:55:00,AGV_018,JOB_AGV_018_01061955,2025-01-06 21:14:00,0,B7,BR1
2025-01-06 19:55:00,AGV_034,JOB_AGV_034_01061955,2025-01-06 20:08:00,0,B2,BR4
2025-01-06 19:55:00,AGV_070,JOB_AGV_070_01061955,2025-01-06 19:56:00,2,B6,BR3
2025-01-06 19:55:00,AGV_110,JOB_AGV_110_01061955,2025-01-06 20:41:00,0,B4,BR1
2025-01-06 20:00:00,AGV_018,JOB_AGV_018_01062000,2025-01-06 23:07:00,1,B4,BR4
2025-01-06 20:00:00,AGV_038,JOB_AGV_038_01062000,2025-01-06 20:11:00,2,B8,BR1
2025-01-06 20:00:00,AGV_040,JOB_AGV_040_01062000,2025-01-06 22:44:00,0,B4,BR3
2025-01-06 20:00:00,AGV_051,JOB_AGV_051_01062000,2025-01-06 20:22:00,1,B6,BR3
2025-01-06 20:00:00,AGV_060,JOB_AGV_060_01062000,2025-01-06 22:08:00,1,B1,BR2
2025-01-06 20:00:00,AGV_083,JOB_AGV_083_01062000,2025-01-06 20:59:00,1,B8,BR4
2025-01-06 20:05:00,AGV_064,JOB_AGV_064_01062005,2025-01-06 20:17:00,2,B1,BR3
2025-01-06 20:05:00,AGV_068,JOB_AGV_068_01062005,2025-01-06 20:06:00,1,B8,BR2
2025-01-06 20:05:00,AGV_108,JOB_AGV_108_01062005,2025-01-06 20:20:00,1,B4,BR3
2025-01-06 20:10:00,AGV_074,JOB_AGV_074_01062010,2025-01-06 20:17:00,1,B1,BR3
2025-01-06 20:15:00,AGV_002,JOB_AGV_002_01062015,2025-01-06 20:38:00,1,B6,BR2
2025-01-06 20:15:00,AGV_034,JOB_AGV_034_01062015,2025-01-06 20:27:00,0,B4,BR3
2025-01-06 20:15:00,AGV_090,JOB_AGV_090_01062015,2025-01-06 20:15:00,1,B3,BR2
2025-01-06 20:20:00,AGV_005,JOB_AGV_005_01062020,2025-01-06 20:20:00,2,B4,BR1
2025-01-06 20:20:00,AGV_066,JOB_AGV_066_01062020,2025-01-06 20:32:00,0,B7,BR4
2025-01-06 20:25:00,AGV_034,JOB_AGV_034_01062025,2025-01-06 20:39:00,1,B8,BR2
2025-01-06 20:25:00,AGV_064,JOB_AGV_064_01062025,2025-01-06 21:06:00,0,B3,BR3
2025-01-06 20:25:00,AGV_097,JOB_AGV_097_01062025,2025-01-06 20:28:00,2,B6,BR1
2025-01-06 20:25:00,AGV_130,JOB_AGV_130_01062025,2025-01-06 20:31:00,0,B8,BR2
2025-01-06 20:30:00,AGV_004,JOB_AGV_004_01062030,2025-01-06 20:45:00,0,B1,BR2
2025-01-06 20:35:00,AGV_005,JOB_AGV_005_01062035,2025-01-06 20:42:00,1,B3,BR2
2025-01-06 20:35:00,AGV_024,JOB_AGV_024_01062035,2025-01-06 20:46:00,1,B1,BR1
2025-01-06 20:35:00,AGV_078,JOB_AGV_078_01062035,2025-01-06 20:45:00,1,B5,BR1
2025-01-06 20:35:00,AGV_082,JOB_AGV_082_01062035,2025-01-06 21:10:00,0,B6,BR4
2025-01-06 20:35:00,AGV_126,JOB_AGV_126_01062035,2025-01-06 20:40:00,2,B8,BR4
2025-01-06 20:40:00,AGV_045,JOB_AGV_045_01062040,2025-01-06 20:43:00,0,B7,BR2
2025-01-06 20:40:00,AGV_055,JOB_AGV_055_01062040,2025-01-06 21:01:00,2,B6,BR4
2025-01-06 20:40:00,AGV_072,JOB_AGV_072_01062040,2025-01-06 21:08:00,1,B4,BR2
2025-01-06 20:45:00,AGV_079,JOB_AGV_079_01062045,2025-01-06 20:47:00,1,B4,BR2
2025-01-06 20:45:00,AGV_116,JOB_AGV_116_01062045,2025-01-06 21:01:00,2,B6,BR1
2025-01-06 20:50:00,AGV_111,JOB_AGV_111_01062050,2025-01-06 21:29:00,0,B1,BR1
2025-01-06 20:50:00,AGV_125,JOB_AGV_125_01062050,2025-01-06 21:10:00,2,B1,BR3
2025-01-06 20:55:00,AGV_002,JOB_AGV_002_01062055,2025-01-06 21:46:00,1,B6,BR3
2025-01-06 20:55:00,AGV_076,JOB_AGV_076_01062055,2025-01-06 21:07:00,1,B1,BR4
2025-01-06 20:55:00,AGV_105,JOB_AGV_105_01062055,2025-01-06 20:56:00,1,B2,BR1
2025-01-06 21:00:00,AGV_125,JOB_AGV_125_01062100,2025-01-06 21:19:00,0,B1,BR3
2025-01-06 21:00:00,AGV_126,JOB_AGV_126_01062100,2025-01-06 22:23:00,0,B6,BR2
2025-01-06 21:00:00,AGV_127,JOB_AGV_127_01062100,2025-01-06 21:09:00,1,B6,BR2
2025-01-06 21:05:00,AGV_059,JOB_AGV_059_01062105,2025-01-06 21:08:00,2,B6,BR4
2025-01-06 21:05:00,AGV_061,JOB_AGV_061_01062105,2025-01-06 21:13:00,2,B7,BR3
2025-01-06 21:10:00,AGV_058,JOB_AGV_058_01062110,2025-01-06 22:45:00,1,B1,BR2
2025-01-06 21:10:00,AGV_061,JOB_AGV_061_01062110,2025-01-06 21:11:00,1,B5,BR4
2025-01-06 21:10:00,AGV_121,JOB_AGV_121_01062110,2025-01-06 21:35:00,0,B4,BR2
2025-01-06 21:15:00,AGV_002,JOB_AGV_002_01062115,2025-01-06 21:25:00,2,B4,BR4
2025-01-06 21:15:00,AGV_053,JOB_AGV_053_01062115,2025-01-06 21:23:00,0,B8,BR3
2025-01-06 21:15:00,AGV_103,JOB_AGV_103_01062115,2025-01-06 21:32:00,2,B4,BR1
2025-01-06 21:15:00,AGV_106,JOB_AGV_106_01062115,2025-01-06 21:23:00,1,B3,BR1
2025-01-06 21:20:00,AGV_026,JOB_AGV_026_01062120,2025-01-06 21:20:00,1,B5,BR1
2025-01-06 21:20:00,AGV_040,JOB_AGV_040_01062120,2025-01-06 21:36:00,0,B8,BR4
2025-01-06 21:20:00,AGV_073,JOB_AGV_073_01062120,2025-01-06 22:21:00,0,B6,BR3
2025-01-06 21:20:00,AGV_088,JOB_AGV_088_01062120,2025-01-06 22:17:00,0,B4,BR3
2025-01-06 21:20:00,AGV_116,JOB_AGV_116_01062120,2025-01-06 21:23:00,1,B4,BR3
2025-01-06 21:25:00,AGV_042,JOB_AGV_042_01062125,2025-01-06 21:38:00,1,B8,BR2
2025-01-06 21:25:00,AGV_064,JOB_AGV_064_01062125,2025-01-06 23:08:00,0,B1,BR3
2025-01-06 21:25:00,AGV_069,JOB_AGV_069_01062125,2025-01-06 22:34:00,0,B8,BR3
2025-01-06 21:30:00,AGV_022,JOB_AGV_022_01062130,2025-01-06 21:39:00,0,B1,BR4
2025-01-06 21:30:00,AGV_023,JOB_AGV_023_01062130,2025-01-06 21:46:00,1,B8,BR4
2025-01-06 21:30:00,AGV_027,JOB_AGV_027_01062130,2025-01-06 21:30:00,0,B1,BR2
2025-01-06 21:30:00,AGV_116,JOB_AGV_116_01062130,2025-01-06 22:03:00,0,B5,BR1
2025-01-06 21:30:00,AGV_127,JOB_AGV_127_01062130,2025-01-06 22:25:00,0,B2,BR1
2025-01-06 21:35:00,AGV_030,JOB_AGV_030_01062135,2025-01-06 21:53:00,0,B3,BR3
2025-01-06 21:35:00,AGV_031,JOB_AGV_031_01062135,2025-01-06 21:39:00,0,B8,BR3
2025-01-06 21:35:00,AGV_040,JOB_AGV_040_01062135,2025-01-06 23:27:00,2,B3,BR3
2025-01-06 21:35:00,AGV_053,JOB_AGV_053_01062135,2025-01-06 22:00:00,0,B3,BR3
2025-01-06 21:35:00,AGV_117,JOB_AGV_117_01062135,2025-01-06 21:50:00,1,B7,BR1
2025-01-06 21:40:00,AGV_034,JOB_AGV_034_01062140,2025-01-06 21:51:00,0,B3,BR2
2025-01-06 21:40:00,AGV_093,JOB_AGV_093_01062140,2025-01-06 21:56:00,1,B5,BR1
2025-01-06 21:45:00,AGV_036,JOB_AGV_036_01062145,2025-01-06 22:16:00,2,B4,BR4
2025-01-06 21:45:00,AGV_047,JOB_AGV_047_01062145,2025-01-06 23:46:00,1,B2,BR2
2025-01-06 21:45:00,AGV_059,JOB_AGV_059_01062145,2025-01-06 21:46:00,0,B4,BR3
2025-01-06 21:45:00,AGV_065,JOB_AGV_065_01062145,2025-01-06 22:08:00,1,B7,BR2
2025-01-06 21:45:00,AGV_071,JOB_AGV_071_01062145,2025-01-06 21:53:00,2,B5,BR4
2025-01-06 21:45:00,AGV_115,JOB_AGV_115_01062145,2025-01-06 21:49:00,0,B4,BR1
2025-01-06 21:50:00,AGV_061,JOB_AGV_061_01062150,2025-01-06 22:35:00,2,B2,BR4
2025-01-06 21:50:00,AGV_067,JOB_AGV_067_01062150,2025-01-06 21:53:00,0,B5,BR4
2025-01-06 21:50:00,AGV_089,JOB_AGV_089_01062150,2025-01-06 21:50:00,0,B6,BR3
2025-01-06 21:50:00,AGV_110,JOB_AGV_110_01062150,2025-01-06 21:58:00,0,B1,BR4
2025-01-06 21:50:00,AGV_120,JOB_AGV_120_01062150,2025-01-06 22:12:00,0,B5,BR1
2025-01-06 21:55:00,AGV_014,JOB_AGV_014_01062155,2025-01-06 21:58:00,0,B6,BR2
2025-01-06 21:55:00,AGV_050,JOB_AGV_050_01062155,2025-01-06 23:46:00,1,B6,BR2
2025-01-06 21:55:00,AGV_095,JOB_AGV_095_01062155,2025-01-07 01:41:00,0,B3,BR2
2025-01-06 22:05:00,AGV_010,JOB_AGV_010_01062205,2025-01-06 22:10:00,1,B5,BR1
2025-01-06 22:05:00,AGV_029,JOB_AGV_029_01062205,2025-01-06 22:55:00,1,B1,BR4
2025-01-06 22:10:00,AGV_005,JOB_AGV_005_01062210,2025-01-06 22:16:00,1,B8,BR3
2025-01-06 22:10:00,AGV_096,JOB_AGV_096_01062210,2025-01-06 22:22:00,0,B8,BR1
2025-01-06 22:15:00,AGV_048,JOB_AGV_048_01062215,2025-01-06 22:23:00,2,B6,BR3
2025-01-06 22:15:00,AGV_057,JOB_AGV_057_01062215,2025-01-06 22:29:00,1,B2,BR2
2025-01-06 22:15:00,AGV_091,JOB_AGV_091_01062215,2025-01-06 22:21:00,0,B8,BR2
2025-01-06 22:15:00,AGV_113,JOB_AGV_113_01062215,2025-01-06 22:28:00,0,B4,BR4
2025-01-06 22:20:00,AGV_087,JOB_AGV_087_01062220,2025-01-06 22:30:00,0,B8,BR3
2025-01-06 22:25:00,AGV_095,JOB_AGV_095_01062225,2025-01-06 22:33:00,2,B4,BR3
2025-01-06 22:25:00,AGV_097,JOB_AGV_097_01062225,2025-01-06 22:26:00,0,B3,BR2
2025-01-06 22:25:00,AGV_098,JOB_AGV_098_01062225,2025-01-06 22:33:00,0,B1,BR1
2025-01-06 22:25:00,AGV_124,JOB_AGV_124_01062225,2025-01-07 00:00:00,0,B6,BR1
2025-01-06 22:25:00,AGV_130,JOB_AGV_130_01062225,2025-01-06 22:28:00,0,B2,BR2
2025-01-06 22:35:00,AGV_030,JOB_AGV_030_01062235,2025-01-06 22:50:00,1,B6,BR2
2025-01-06 22:35:00,AGV_033,JOB_AGV_033_01062235,2025-01-06 22:36:00,0,B1,BR2
2025-01-06 22:35:00,AGV_095,JOB_AGV_095_01062235,2025-01-06 23:08:00,1,B6,BR4
2025-01-06 22:40:00,AGV_028,JOB_AGV_028_01062240,2025-01-06 23:29:00,0,B3,BR2
2025-01-06 22:40:00,AGV_051,JOB_AGV_051_01062240,2025-01-06 23:10:00,0,B3,BR3
2025-01-06 22:40:00,AGV_098,JOB_AGV_098_01062240,2025-01-06 22:43:00,1,B2,BR1
2025-01-06 22:45:00,AGV_015,JOB_AGV_015_01062245,2025-01-06 23:16:00,2,B7,BR4
2025-01-06 22:45:00,AGV_068,JOB_AGV_068_01062245,2025-01-06 23:19:00,1,B4,BR4
2025-01-06 22:45:00,AGV_094,JOB_AGV_094_01062245,2025-01-06 23:29:00,0,B4,BR2
2025-01-06 22:45:00,AGV_099,JOB_AGV_099_01062245,2025-01-07 02:56:00,2,B5,BR2
2025-01-06 22:50:00,AGV_010,JOB_AGV_010_01062250,2025-01-07 00:00:00,2,B8,BR1
2025-01-06 22:50:00,AGV_094,JOB_AGV_094_01062250,2025-01-06 22:51:00,0,B3,BR3
2025-01-06 22:50:00,AGV_099,JOB_AGV_099_01062250,2025-01-06 23:22:00,1,B7,BR3
2025-01-06 22:50:00,AGV_119,JOB_AGV_119_01062250,2025-01-06 23:39:00,1,B2,BR1
2025-01-06 22:55:00,AGV_088,JOB_AGV_088_01062255,2025-01-07 00:57:00,1,B6,BR1
2025-01-06 23:00:00,AGV_023,JOB_AGV_023_01062300,2025-01-07 01:32:00,0,B3,BR2
2025-01-06 23:00:00,AGV_029,JOB_AGV_029_01062300,2025-01-06 23:36:00,2,B8,BR3
2025-01-06 23:00:00,AGV_047,JOB_AGV_047_01062300,2025-01-06 23:08:00,0,B5,BR2
2025-01-06 23:00:00,AGV_052,JOB_AGV_052_01062300,2025-01-06 23:00:00,0,B2,BR3
2025-01-06 23:00:00,AGV_102,JOB_AGV_102_01062300,2025-01-06 23:31:00,1,B7,BR1
2025-01-06 23:00:00,AGV_122,JOB_AGV_122_01062300,2025-01-06 23:49:00,1,B2,BR4
2025-01-06 23:05:00,AGV_116,JOB_AGV_116_01062305,2025-01-07 00:09:00,0,B8,BR1
2025-01-06 23:10:00,AGV_003,JOB_AGV_003_01062310,2025-01-06 23:18:00,1,B2,BR4
2025-01-06 23:10:00,AGV_081,JOB_AGV_081_01062310,2025-01-06 23:39:00,0,B6,BR2
2025-01-06 23:10:00,AGV_105,JOB_AGV_105_01062310,2025-01-06 23:38:00,1,B5,BR3
2025-01-06 23:10:00,AGV_125,JOB_AGV_125_01062310,2025-01-07 00:09:00,1,B7,BR3
2025-01-06 23:15:00,AGV_071,JOB_AGV_071_01062315,2025-01-06 23:41:00,2,B2,BR4
2025-01-06 23:20:00,AGV_048,JOB_AGV_048_01062320,2025-01-06 23:20:00,1,B2,BR2
2025-01-06 23:20:00,AGV_060,JOB_AGV_060_01062320,2025-01-06 23:45:00,0,B1,BR2
2025-01-06 23:20:00,AGV_064,JOB_AGV_064_01062320,2025-01-07 00:01:00,2,B6,BR1
2025-01-06 23:20:00,AGV_072,JOB_AGV_072_01062320,2025-01-07 00:08:00,2,B8,BR2
2025-01-06 23:20:00,AGV_102,JOB_AGV_102_01062320,2025-01-06 23:43:00,0,B6,BR1
2025-01-06 23:25:00,AGV_006,JOB_AGV_006_01062325,2025-01-07 00:21:00,0,B6,BR2
2025-01-06 23:25:00,AGV_011,JOB_AGV_011_01062325,2025-01-06 23:40:00,0,B5,BR1
2025-01-06 23:25:00,AGV_022,JOB_AGV_022_01062325,2025-01-06 23:38:00,0,B2,BR3
2025-01-06 23:25:00,AGV_037,JOB_AGV_037_01062325,2025-01-06 23:25:00,0,B7,BR2
2025-01-06 23:25:00,AGV_076,JOB_AGV_076_01062325,2025-01-06 23:49:00,1,B8,BR2
2025-01-06 23:25:00,AGV_087,JOB_AGV_087_01062325,2025-01-06 23:47:00,1,B2,BR2
2025-01-06 23:25:00,AGV_103,JOB_AGV_103_01062325,2025-01-07 00:16:00,0,B2,BR1
2025-01-06 23:25:00,AGV_107,JOB_AGV_107_01062325,2025-01-06 23:37:00,0,B7,BR4
2025-01-06 23:30:00,AGV_033,JOB_AGV_033_01062330,2025-01-06 23:52:00,2,B6,BR4
2025-01-06 23:30:00,AGV_055,JOB_AGV_055_01062330,2025-01-07 00:01:00,1,B3,BR2
2025-01-06 23:30:00,AGV_064,JOB_AGV_064_01062330,2025-01-06 23:41:00,0,B1,BR2
2025-01-06 23:30:00,AGV_076,JOB_AGV_076_01062330,2025-01-06 23:37:00,1,B3,BR3
2025-01-06 23:30:00,AGV_083,JOB_AGV_083_01062330,2025-01-07 01:14:00,0,B2,BR2
2025-01-06 23:30:00,AGV_096,JOB_AGV_096_01062330,2025-01-07 00:23:00,0,B2,BR3
2025-01-06 23:30:00,AGV_119,JOB_AGV_119_01062330,2025-01-06 23:54:00,2,B4,BR1
2025-01-06 23:35:00,AGV_095,JOB_AGV_095_01062335,2025-01-07 00:42:00,2,B7,BR4
2025-01-06 23:35:00,AGV_115,JOB_AGV_115_01062335,2025-01-06 23:40:00,0,B2,BR1
2025-01-06 23:40:00,AGV_122,JOB_AGV_122_01062340,2025-01-06 23:44:00,1,B7,BR4
2025-01-06 23:45:00,AGV_085,JOB_AGV_085_01062345,2025-01-07 00:17:00,2,B7,BR2
2025-01-06 23:50:00,AGV_093,JOB_AGV_093_01062350,2025-01-07 00:29:00,0,B2,BR3
2025-01-06 23:50:00,AGV_130,JOB_AGV_130_01062350,2025-01-07 00:26:00,0,B2,BR3
2025-01-06 23:55:00,AGV_038,JOB_AGV_038_01062355,2025-01-07 00:25:00,0,B6,BR1
2025-01-06 23:55:00,AGV_052,JOB_AGV_052_01062355,2025-01-07 00:45:00,0,B7,BR1
2025-01-06 23:55:00,AGV_061,JOB_AGV_061_01062355,2025-01-07 01:26:00,0,B1,BR2
2025-01-07 00:00:00,AGV_010,JOB_AGV_010_01070000,2025-01-07 00:03:00,2,B7,BR1
2025-01-07 00:00:00,AGV_023,JOB_AGV_023_01070000,2025-01-07 00:02:00,0,B6,BR2
2025-01-07 00:00:00,AGV_099,JOB_AGV_099_01070000,2025-01-07 00:56:00,1,B5,BR1
2025-01-07 00:00:00,AGV_100,JOB_AGV_100_01070000,2025-01-07 00:04:00,0,B3,BR4
2025-01-07 00:05:00,AGV_002,JOB_AGV_002_01070005,2025-01-07 01:15:00,0,B4,BR2
2025-01-07 00:10:00,AGV_037,JOB_AGV_037_01070010,2025-01-07 01:15:00,0,B3,BR4
2025-01-07 00:15:00,AGV_025,JOB_AGV_025_01070015,2025-01-07 01:27:00,0,B2,BR4
2025-01-07 00:15:00,AGV_075,JOB_AGV_075_01070015,2025-01-07 01:08:00,0,B5,BR2
2025-01-07 00:15:00,AGV_089,JOB_AGV_089_01070015,2025-01-07 00:21:00,0,B5,BR2
2025-01-07 00:20:00,AGV_008,JOB_AGV_008_01070020,2025-01-07 00:46:00,0,B2,BR2
2025-01-07 00:20:00,AGV_024,JOB_AGV_024_01070020,2025-01-07 00:20:00,0,B3,BR4
2025-01-07 00:20:00,AGV_027,JOB_AGV_027_01070020,2025-01-07 00:56:00,0,B3,BR3
2025-01-07 00:20:00,AGV_111,JOB_AGV_111_01070020,2025-01-07 00:27:00,1,B8,BR2
2025-01-07 00:20:00,AGV_120,JOB_AGV_120_01070020,2025-01-07 00:32:00,1,B7,BR2
2025-01-07 00:25:00,AGV_027,JOB_AGV_027_01070025,2025-01-07 00:25:00,1,B2,BR3
2025-01-07 00:30:00,AGV_024,JOB_AGV_024_01070030,2025-01-07 00:38:00,0,B4,BR4
2025-01-07 00:30:00,AGV_026,JOB_AGV_026_01070030,2025-01-07 01:00:00,0,B4,BR4
2025-01-07 00:30:00,AGV_051,JOB_AGV_051_01070030,2025-01-07 00:39:00,2,B2,BR4
2025-01-07 00:30:00,AGV_055,JOB_AGV_055_01070030,2025-01-07 01:18:00,2,B7,BR4
2025-01-07 00:35:00,AGV_083,JOB_AGV_083_01070035,2025-01-07 00:36:00,0,B3,BR4
2025-01-07 00:40:00,AGV_051,JOB_AGV_051_01070040,2025-01-07 00:49:00,1,B6,BR2
2025-01-07 00:45:00,AGV_123,JOB_AGV_123_01070045,2025-01-07 03:20:00,0,B5,BR2
2025-01-07 00:50:00,AGV_012,JOB_AGV_012_01070050,2025-01-07 01:40:00,2,B1,BR2
2025-01-07 00:50:00,AGV_052,JOB_AGV_052_01070050,2025-01-07 01:09:00,0,B2,BR3
2025-01-07 00:50:00,AGV_087,JOB_AGV_087_01070050,2025-01-07 01:50:00,2,B8,BR2
2025-01-07 00:50:00,AGV_089,JOB_AGV_089_01070050,2025-01-07 01:12:00,1,B1,BR3
2025-01-07 00:55:00,AGV_018,JOB_AGV_018_01070055,2025-01-07 00:57:00,2,B3,BR2
2025-01-07 01:00:00,AGV_030,JOB_AGV_030_01070100,2025-01-07 01:23:00,0,B5,BR3
2025-01-07 01:10:00,AGV_030,JOB_AGV_030_01070110,2025-01-07 01:20:00,0,B7,BR3
2025-01-07 01:10:00,AGV_044,JOB_AGV_044_01070110,2025-01-07 03:39:00,1,B6,BR2
2025-01-07 01:15:00,AGV_075,JOB_AGV_075_01070115,2025-01-07 01:38:00,0,B1,BR1
2025-01-07 01:15:00,AGV_101,JOB_AGV_101_01070115,2025-01-07 02:36:00,0,B5,BR3
2025-01-07 01:15:00,AGV_124,JOB_AGV_124_01070115,2025-01-07 01:50:00,1,B2,BR4
2025-01-07 01:20:00,AGV_106,JOB_AGV_106_01070120,2025-01-07 02:01:00,1,B5,BR2
2025-01-07 01:20:00,AGV_111,JOB_AGV_111_01070120,2025-01-07 01:21:00,1,B8,BR3
2025-01-07 01:20:00,AGV_112,JOB_AGV_112_01070120,2025-01-07 02:18:00,0,B7,BR2
2025-01-07 01:25:00,AGV_019,JOB_AGV_019_01070125,2025-01-07 02:29:00,0,B3,BR4
2025-01-07 01:25:00,AGV_061,JOB_AGV_061_01070125,2025-01-07 01:55:00,0,B1,BR1
2025-01-07 01:30:00,AGV_066,JOB_AGV_066_01070130,2025-01-07 01:57:00,0,B5,BR1
2025-01-07 01:30:00,AGV_085,JOB_AGV_085_01070130,2025-01-07 02:09:00,1,B6,BR3
2025-01-07 01:30:00,AGV_126,JOB_AGV_126_01070130,2025-01-07 01:31:00,0,B6,BR2
2025-01-07 01:35:00,AGV_016,JOB_AGV_016_01070135,2025-01-07 01:57:00,0,B2,BR1
2025-01-07 01:35:00,AGV_068,JOB_AGV_068_01070135,2025-01-07 01:41:00,1,B7,BR1
2025-01-07 01:40:00,AGV_033,JOB_AGV_033_01070140,2025-01-07 01:50:00,1,B5,BR4
2025-01-07 01:40:00,AGV_097,JOB_AGV_097_01070140,2025-01-07 01:46:00,0,B1,BR3
2025-01-07 01:45:00,AGV_037,JOB_AGV_037_01070145,2025-01-07 03:13:00,0,B5,BR3
2025-01-07 01:45:00,AGV_066,JOB_AGV_066_01070145,2025-01-07 02:43:00,0,B6,BR1
2025-01-07 01:50:00,AGV_037,JOB_AGV_037_01070150,2025-01-07 03:43:00,1,B6,BR3
2025-01-07 01:50:00,AGV_049,JOB_AGV_049_01070150,2025-01-07 01:57:00,2,B6,BR4
2025-01-07 01:50:00,AGV_065,JOB_AGV_065_01070150,2025-01-07 04:27:00,0,B6,BR1
2025-01-07 01:50:00,AGV_081,JOB_AGV_081_01070150,2025-01-07 02:05:00,2,B4,BR2
2025-01-07 01:50:00,AGV_108,JOB_AGV_108_01070150,2025-01-07 04:11:00,0,B2,BR2
2025-01-07 01:55:00,AGV_001,JOB_AGV_001_01070155,2025-01-07 02:30:00,0,B1,BR2
2025-01-07 01:55:00,AGV_028,JOB_AGV_028_01070155,2025-01-07 01:56:00,0,B7,BR4
2025-01-07 01:55:00,AGV_045,JOB_AGV_045_01070155,2025-01-07 02:10:00,0,B2,BR1
2025-01-07 01:55:00,AGV_052,JOB_AGV_052_01070155,2025-01-07 02:43:00,0,B2,BR3
2025-01-07 01:55:00,AGV_079,JOB_AGV_079_01070155,2025-01-07 01:55:00,0,B1,BR3
2025-01-07 02:00:00,AGV_002,JOB_AGV_002_01070200,2025-01-07 02:48:00,0,B6,BR4
2025-01-07 02:00:00,AGV_036,JOB_AGV_036_01070200,2025-01-07 02:10:00,0,B8,BR4
2025-01-07 02:00:00,AGV_072,JOB_AGV_072_01070200,2025-01-07 02:22:00,0,B2,BR2
2025-01-07 02:05:00,AGV_011,JOB_AGV_011_01070205,2025-01-07 02:34:00,2,B5,BR3
2025-01-07 02:05:00,AGV_106,JOB_AGV_106_01070205,2025-01-07 02:08:00,0,B4,BR4
2025-01-07 02:05:00,AGV_111,JOB_AGV_111_01070205,2025-01-07 02:20:00,0,B4,BR4
2025-01-07 02:10:00,AGV_047,JOB_AGV_047_01070210,2025-01-07 03:16:00,1,B8,BR1
2025-01-07 02:10:00,AGV_087,JOB_AGV_087_01070210,2025-01-07 02:32:00,0,B5,BR2
2025-01-07 02:15:00,AGV_049,JOB_AGV_049_01070215,2025-01-07 03:05:00,2,B4,BR3
2025-01-07 02:15:00,AGV_059,JOB_AGV_059_01070215,2025-01-07 02:15:00,1,B8,BR3
2025-01-07 02:15:00,AGV_126,JOB_AGV_126_01070215,2025-01-07 02:33:00,0,B5,BR2
2025-01-07 02:20:00,AGV_035,JOB_AGV_035_01070220,2025-01-07 02:20:00,1,B2,BR2
2025-01-07 02:20:00,AGV_056,JOB_AGV_056_01070220,2025-01-07 03:33:00,2,B8,BR1
2025-01-07 02:20:00,AGV_078,JOB_AGV_078_01070220,2025-01-07 02:21:00,1,B1,BR3
2025-01-07 02:20:00,AGV_106,JOB_AGV_106_01070220,2025-01-07 02:32:00,0,B6,BR1
2025-01-07 02:25:00,AGV_038,JOB_AGV_038_01070225,2025-01-07 02:31:00,0,B6,BR1
2025-01-07 02:25:00,AGV_089,JOB_AGV_089_01070225,2025-01-07 02:40:00,1,B5,BR3
2025-01-07 02:30:00,AGV_022,JOB_AGV_022_01070230,2025-01-07 02:58:00,0,B2,BR2
2025-01-07 02:30:00,AGV_033,JOB_AGV_033_01070230,2025-01-07 02:32:00,2,B2,BR4
2025-01-07 02:30:00,AGV_034,JOB_AGV_034_01070230,2025-01-07 02:47:00,0,B2,BR1
2025-01-07 02:30:00,AGV_130,JOB_AGV_130_01070230,2025-01-07 02:42:00,1,B4,BR1
2025-01-07 02:35:00,AGV_106,JOB_AGV_106_01070235,2025-01-07 02:47:00,0,B2,BR1
2025-01-07 02:40:00,AGV_085,JOB_AGV_085_01070240,2025-01-07 05:55:00,0,B5,BR2
2025-01-07 02:40:00,AGV_091,JOB_AGV_091_01070240,2025-01-07 03:15:00,1,B4,BR3
2025-01-07 02:40:00,AGV_103,JOB_AGV_103_01070240,2025-01-07 02:46:00,0,B4,BR3
2025-01-07 02:40:00,AGV_130,JOB_AGV_130_01070240,2025-01-07 02:57:00,2,B6,BR1
2025-01-07 02:45:00,AGV_020,JOB_AGV_020_01070245,2025-01-07 03:21:00,2,B6,BR4
2025-01-07 02:50:00,AGV_011,JOB_AGV_011_01070250,2025-01-07 02:53:00,0,B3,BR2
2025-01-07 02:50:00,AGV_049,JOB_AGV_049_01070250,2025-01-07 03:13:00,0,B3,BR1
2025-01-07 02:50:00,AGV_071,JOB_AGV_071_01070250,2025-01-07 02:52:00,2,B2,BR1
2025-01-07 02:50:00,AGV_117,JOB_AGV_117_01070250,2025-01-07 03:41:00,0,B5,BR1
2025-01-07 02:55:00,AGV_110,JOB_AGV_110_01070255,2025-01-07 04:53:00,0,B4,BR3
2025-01-07 03:00:00,AGV_023,JOB_AGV_023_01070300,2025-01-07 03:25:00,0,B7,BR1
2025-01-07 03:00:00,AGV_046,JOB_AGV_046_01070300,2025-01-07 04:04:00,0,B6,BR2
2025-01-07 03:00:00,AGV_062,JOB_AGV_062_01070300,2025-01-07 03:02:00,1,B3,BR3
2025-01-07 03:00:00,AGV_118,JOB_AGV_118_01070300,2025-01-07 03:03:00,0,B5,BR3
2025-01-07 03:05:00,AGV_050,JOB_AGV_050_01070305,2025-01-07 03:12:00,0,B7,BR4
2025-01-07 03:05:00,AGV_114,JOB_AGV_114_01070305,2025-01-07 03:40:00,0,B3,BR1
2025-01-07 03:10:00,AGV_029,JOB_AGV_029_01070310,2025-01-07 03:26:00,1,B3,BR3
2025-01-07 03:15:00,AGV_077,JOB_AGV_077_01070315,2025-01-07 03:20:00,0,B8,BR3
2025-01-07 03:15:00,AGV_128,JOB_AGV_128_01070315,2025-01-07 04:24:00,1,B4,BR2
2025-01-07 03:20:00,AGV_037,JOB_AGV_037_01070320,2025-01-07 03:22:00,1,B7,BR4
2025-01-07 03:25:00,AGV_020,JOB_AGV_020_01070325,2025-01-07 04:15:00,0,B6,BR4
2025-01-07 03:25:00,AGV_031,JOB_AGV_031_01070325,2025-01-07 04:49:00,1,B4,BR1
2025-01-07 03:25:00,AGV_046,JOB_AGV_046_01070325,2025-01-07 03:26:00,0,B3,BR3
2025-01-07 03:25:00,AGV_130,JOB_AGV_130_01070325,2025-01-07 04:11:00,1,B5,BR4
2025-01-07 03:30:00,AGV_029,JOB_AGV_029_01070330,2025-01-07 03:35:00,2,B2,BR1
2025-01-07 03:30:00,AGV_052,JOB_AGV_052_01070330,2025-01-07 03:42:00,0,B5,BR2
2025-01-07 03:30:00,AGV_080,JOB_AGV_080_01070330,2025-01-07 04:04:00,0,B1,BR1
2025-01-07 03:35:00,AGV_017,JOB_AGV_017_01070335,2025-01-07 03:38:00,1,B8,BR3
2025-01-07 03:35:00,AGV_040,JOB_AGV_040_01070335,2025-01-07 03:37:00,0,B3,BR4
2025-01-07 03:35:00,AGV_055,JOB_AGV_055_01070335,2025-01-07 05:46:00,0,B6,BR3
2025-01-07 03:35:00,AGV_066,JOB_AGV_066_01070335,2025-01-07 04:09:00,0,B3,BR2
2025-01-07 03:35:00,AGV_097,JOB_AGV_097_01070335,2025-01-07 03:40:00,1,B6,BR1
2025-01-07 03:40:00,AGV_025,JOB_AGV_025_01070340,2025-01-07 03:40:00,0,B5,BR4
2025-01-07 03:40:00,AGV_070,JOB_AGV_070_01070340,2025-01-07 03:47:00,1,B7,BR4
2025-01-07 03:40:00,AGV_110,JOB_AGV_110_01070340,2025-01-07 04:18:00,1,B8,BR1
2025-01-07 03:45:00,AGV_012,JOB_AGV_012_01070345,2025-01-07 03:47:00,0,B5,BR4
2025-01-07 03:45:00,AGV_066,JOB_AGV_066_01070345,2025-01-07 03:47:00,1,B5,BR2
2025-01-07 03:45:00,AGV_097,JOB_AGV_097_01070345,2025-01-07 03:53:00,2,B4,BR2
2025-01-07 03:45:00,AGV_108,JOB_AGV_108_01070345,2025-01-07 04:12:00,0,B1,BR3
2025-01-07 03:50:00,AGV_110,JOB_AGV_110_01070350,2025-01-07 04:00:00,0,B4,BR4
2025-01-07 03:50:00,AGV_123,JOB_AGV_123_01070350,2025-01-07 04:00:00,1,B4,BR4
2025-01-07 03:55:00,AGV_025,JOB_AGV_025_01070355,2025-01-07 03:58:00,2,B2,BR4
2025-01-07 03:55:00,AGV_033,JOB_AGV_033_01070355,2025-01-07 04:27:00,0,B2,BR2
2025-01-07 03:55:00,AGV_052,JOB_AGV_052_01070355,2025-01-07 03:57:00,0,B3,BR2
2025-01-07 03:55:00,AGV_075,JOB_AGV_075_01070355,2025-01-07 05:02:00,1,B8,BR4
2025-01-07 03:55:00,AGV_091,JOB_AGV_091_01070355,2025-01-07 04:05:00,2,B3,BR4
2025-01-07 03:55:00,AGV_099,JOB_AGV_099_01070355,2025-01-07 04:09:00,2,B3,BR4
2025-01-07 04:00:00,AGV_031,JOB_AGV_031_01070400,2025-01-07 04:08:00,0,B8,BR1
2025-01-07 04:00:00,AGV_035,JOB_AGV_035_01070400,2025-01-07 04:50:00,0,B1,BR2
2025-01-07 04:05:00,AGV_016,JOB_AGV_016_01070405,2025-01-07 04:23:00,2,B7,BR3
2025-01-07 04:10:00,AGV_054,JOB_AGV_054_01070410,2025-01-07 05:26:00,0,B1,BR1
2025-01-07 04:10:00,AGV_071,JOB_AGV_071_01070410,2025-01-07 04:57:00,2,B4,BR4
2025-01-07 04:10:00,AGV_081,JOB_AGV_081_01070410,2025-01-07 04:30:00,0,B4,BR2
2025-01-07 04:10:00,AGV_082,JOB_AGV_082_01070410,2025-01-07 04:17:00,1,B5,BR1
2025-01-07 04:15:00,AGV_001,JOB_AGV_001_01070415,2025-01-07 05:01:00,1,B6,BR2
2025-01-07 04:15:00,AGV_028,JOB_AGV_028_01070415,2025-01-07 04:18:00,1,B3,BR2
2025-01-07 04:15:00,AGV_069,JOB_AGV_069_01070415,2025-01-07 04:54:00,1,B2,BR4
2025-01-07 04:15:00,AGV_089,JOB_AGV_089_01070415,2025-01-07 04:50:00,1,B7,BR4
2025-01-07 04:20:00,AGV_050,JOB_AGV_050_01070420,2025-01-07 07:03:00,0,B1,BR2
2025-01-07 04:25:00,AGV_012,JOB_AGV_012_01070425,2025-01-07 05:03:00,0,B2,BR2
2025-01-07 04:25:00,AGV_023,JOB_AGV_023_01070425,2025-01-07 04:36:00,2,B8,BR1
2025-01-07 04:25:00,AGV_045,JOB_AGV_045_01070425,2025-01-07 04:40:00,0,B2,BR1
2025-01-07 04:25:00,AGV_075,JOB_AGV_075_01070425,2025-01-07 04:46:00,1,B3,BR2
2025-01-07 04:30:00,AGV_022,JOB_AGV_022_01070430,2025-01-07 04:56:00,1,B1,BR2
2025-01-07 04:30:00,AGV_064,JOB_AGV_064_01070430,2025-01-07 04:36:00,1,B3,BR4
2025-01-07 04:30:00,AGV_094,JOB_AGV_094_01070430,2025-01-07 05:13:00,2,B2,BR4
2025-01-07 04:30:00,AGV_126,JOB_AGV_126_01070430,2025-01-07 04:41:00,0,B3,BR4
2025-01-07 04:35:00,AGV_003,JOB_AGV_003_01070435,2025-01-07 06:16:00,0,B4,BR3
2025-01-07 04:35:00,AGV_080,JOB_AGV_080_01070435,2025-01-07 05:46:00,1,B5,BR2
2025-01-07 04:35:00,AGV_115,JOB_AGV_115_01070435,2025-01-07 06:47:00,0,B3,BR4
2025-01-07 04:40:00,AGV_019,JOB_AGV_019_01070440,2025-01-07 05:16:00,2,B6,BR1
2025-01-07 04:40:00,AGV_043,JOB_AGV_043_01070440,2025-01-07 06:53:00,2,B5,BR2
2025-01-07 04:45:00,AGV_062,JOB_AGV_062_01070445,2025-01-07 05:19:00,0,B1,BR4
2025-01-07 04:45:00,AGV_079,JOB_AGV_079_01070445,2025-01-07 04:45:00,1,B1,BR1
2025-01-07 04:45:00,AGV_126,JOB_AGV_126_01070445,2025-01-07 05:55:00,1,B4,BR1
2025-01-07 04:50:00,AGV_102,JOB_AGV_102_01070450,2025-01-07 04:54:00,2,B3,BR2
2025-01-07 04:55:00,AGV_093,JOB_AGV_093_01070455,2025-01-07 04:57:00,1,B7,BR2
2025-01-07 04:55:00,AGV_117,JOB_AGV_117_01070455,2025-01-07 07:29:00,0,B5,BR3
2025-01-07 05:00:00,AGV_016,JOB_AGV_016_01070500,2025-01-07 05:07:00,0,B1,BR4
2025-01-07 05:00:00,AGV_020,JOB_AGV_020_01070500,2025-01-07 06:26:00,2,B3,BR1
2025-01-07 05:00:00,AGV_023,JOB_AGV_023_01070500,2025-01-07 06:36:00,0,B7,BR4
2025-01-07 05:00:00,AGV_060,JOB_AGV_060_01070500,2025-01-07 05:16:00,1,B7,BR1
2025-01-07 05:00:00,AGV_099,JOB_AGV_099_01070500,2025-01-07 05:32:00,1,B6,BR4
2025-01-07 05:00:00,AGV_109,JOB_AGV_109_01070500,2025-01-07 06:08:00,0,B6,BR2
2025-01-07 05:05:00,AGV_059,JOB_AGV_059_01070505,2025-01-07 05:24:00,0,B7,BR4
2025-01-07 05:05:00,AGV_095,JOB_AGV_095_01070505,2025-01-07 05:23:00,1,B6,BR3
2025-01-07 05:10:00,AGV_055,JOB_AGV_055_01070510,2025-01-07 06:25:00,1,B4,BR2
2025-01-07 05:10:00,AGV_061,JOB_AGV_061_01070510,2025-01-07 05:20:00,2,B4,BR3
2025-01-07 05:15:00,AGV_068,JOB_AGV_068_01070515,2025-01-07 05:35:00,0,B7,BR4
2025-01-07 05:15:00,AGV_090,JOB_AGV_090_01070515,2025-01-07 05:27:00,0,B6,BR2
2025-01-07 05:15:00,AGV_099,JOB_AGV_099_01070515,2025-01-07 06:44:00,2,B6,BR1
2025-01-07 05:20:00,AGV_072,JOB_AGV_072_01070520,2025-01-07 05:49:00,2,B6,BR2
2025-01-07 05:20:00,AGV_076,JOB_AGV_076_01070520,2025-01-07 06:03:00,0,B7,BR3
2025-01-07 05:20:00,AGV_083,JOB_AGV_083_01070520,2025-01-07 05:49:00,1,B2,BR1
2025-01-07 05:20:00,AGV_104,JOB_AGV_104_01070520,2025-01-07 05:45:00,2,B3,BR4
2025-01-07 05:20:00,AGV_112,JOB_AGV_112_01070520,2025-01-07 05:48:00,2,B2,BR4
2025-01-07 05:25:00,AGV_021,JOB_AGV_021_01070525,2025-01-07 07:06:00,0,B2,BR4
2025-01-07 05:25:00,AGV_128,JOB_AGV_128_01070525,2025-01-07 05:28:00,1,B2,BR1
2025-01-07 05:30:00,AGV_041,JOB_AGV_041_01070530,2025-01-07 07:03:00,0,B2,BR3
2025-01-07 05:30:00,AGV_064,JOB_AGV_064_01070530,2025-01-07 06:03:00,0,B2,BR1
2025-01-07 05:35:00,AGV_067,JOB_AGV_067_01070535,2025-01-07 05:53:00,1,B4,BR4
2025-01-07 05:35:00,AGV_111,JOB_AGV_111_01070535,2025-01-07 05:50:00,2,B1,BR3
2025-01-07 05:35:00,AGV_126,JOB_AGV_126_01070535,2025-01-07 05:53:00,0,B1,BR4
2025-01-07 05:40:00,AGV_042,JOB_AGV_042_01070540,2025-01-07 06:41:00,1,B6,BR3
2025-01-07 05:40:00,AGV_045,JOB_AGV_045_01070540,2025-01-07 06:29:00,1,B4,BR2
2025-01-07 05:40:00,AGV_053,JOB_AGV_053_01070540,2025-01-07 06:06:00,1,B8,BR1
2025-01-07 05:40:00,AGV_055,JOB_AGV_055_01070540,2025-01-07 05:40:00,0,B8,BR1
2025-01-07 05:40:00,AGV_070,JOB_AGV_070_01070540,2025-01-07 05:42:00,0,B2,BR4
2025-01-07 05:40:00,AGV_079,JOB_AGV_079_01070540,2025-01-07 06:36:00,1,B8,BR2
2025-01-07 05:40:00,AGV_122,JOB_AGV_122_01070540,2025-01-07 06:08:00,2,B2,BR4
2025-01-07 05:45:00,AGV_015,JOB_AGV_015_01070545,2025-01-07 05:51:00,0,B5,BR1
2025-01-07 05:45:00,AGV_083,JOB_AGV_083_01070545,2025-01-07 06:48:00,0,B6,BR1
2025-01-07 05:50:00,AGV_099,JOB_AGV_099_01070550,2025-01-07 06:10:00,0,B7,BR3
2025-01-07 05:55:00,AGV_015,JOB_AGV_015_01070555,2025-01-07 06:12:00,0,B5,BR3
2025-01-07 06:00:00,AGV_090,JOB_AGV_090_01070600,2025-01-07 07:00:00,2,B8,BR1
2025-01-07 06:05:00,AGV_065,JOB_AGV_065_01070605,2025-01-07 07:07:00,2,B7,BR3
2025-01-07 06:10:00,AGV_082,JOB_AGV_082_01070610,2025-01-07 06:20:00,0,B3,BR1
2025-01-07 06:10:00,AGV_120,JOB_AGV_120_01070610,2025-01-07 07:01:00,0,B3,BR2
2025-01-07 06:15:00,AGV_106,JOB_AGV_106_01070615,2025-01-07 06:21:00,0,B4,BR2
2025-01-07 06:20:00,AGV_023,JOB_AGV_023_01070620,2025-01-07 07:05:00,2,B1,BR4
2025-01-07 06:25:00,AGV_039,JOB_AGV_039_01070625,2025-01-07 06:31:00,1,B7,BR1
2025-01-07 06:25:00,AGV_119,JOB_AGV_119_01070625,2025-01-07 06:25:00,1,B7,BR3
2025-01-07 06:30:00,AGV_001,JOB_AGV_001_01070630,2025-01-07 06:49:00,1,B2,BR1
2025-01-07 06:30:00,AGV_017,JOB_AGV_017_01070630,2025-01-07 07:10:00,0,B1,BR1
2025-01-07 06:30:00,AGV_021,JOB_AGV_021_01070630,2025-01-07 06:42:00,0,B8,BR1
2025-01-07 06:30:00,AGV_035,JOB_AGV_035_01070630,2025-01-07 06:30:00,1,B2,BR3
2025-01-07 06:30:00,AGV_063,JOB_AGV_063_01070630,2025-01-07 06:39:00,1,B6,BR4
2025-01-07 06:30:00,AGV_100,JOB_AGV_100_01070630,2025-01-07 06:51:00,0,B5,BR4
2025-01-07 06:35:00,AGV_069,JOB_AGV_069_01070635,2025-01-07 06:35:00,0,B5,BR4
2025-01-07 06:35:00,AGV_073,JOB_AGV_073_01070635,2025-01-07 06:37:00,2,B4,BR3
2025-01-07 06:35:00,AGV_087,JOB_AGV_087_01070635,2025-01-07 06:44:00,2,B4,BR4
2025-01-07 06:40:00,AGV_083,JOB_AGV_083_01070640,2025-01-07 06:49:00,0,B7,BR2
2025-01-07 06:45:00,AGV_016,JOB_AGV_016_01070645,2025-01-07 07:17:00,2,B6,BR1
2025-01-07 06:45:00,AGV_056,JOB_AGV_056_01070645,2025-01-07 06:58:00,1,B6,BR2
2025-01-07 06:50:00,AGV_028,JOB_AGV_028_01070650,2025-01-07 08:28:00,0,B7,BR1
2025-01-07 06:50:00,AGV_082,JOB_AGV_082_01070650,2025-01-07 07:10:00,0,B3,BR1
2025-01-07 06:50:00,AGV_093,JOB_AGV_093_01070650,2025-01-07 06:53:00,2,B3,BR4
2025-01-07 06:55:00,AGV_061,JOB_AGV_061_01070655,2025-01-07 07:14:00,0,B4,BR4
2025-01-07 06:55:00,AGV_099,JOB_AGV_099_01070655,2025-01-07 07:10:00,2,B8,BR1
2025-01-07 06:55:00,AGV_102,JOB_AGV_102_01070655,2025-01-07 06:55:00,0,B2,BR3
2025-01-07 06:55:00,AGV_118,JOB_AGV_118_01070655,2025-01-07 07:15:00,0,B4,BR1
2025-01-07 07:00:00,AGV_060,JOB_AGV_060_01070700,2025-01-07 07:38:00,2,B4,BR2
2025-01-07 07:00:00,AGV_130,JOB_AGV_130_01070700,2025-01-07 07:44:00,1,B2,BR3
2025-01-07 07:05:00,AGV_002,JOB_AGV_002_01070705,2025-01-07 07:31:00,2,B4,BR2
2025-01-07 07:05:00,AGV_007,JOB_AGV_007_01070705,2025-01-07 07:23:00,1,B6,BR1
2025-01-07 07:05:00,AGV_099,JOB_AGV_099_01070705,2025-01-07 07:08:00,0,B2,BR2
2025-01-07 07:05:00,AGV_107,JOB_AGV_107_01070705,2025-01-07 08:00:00,1,B7,BR4
2025-01-07 07:10:00,AGV_129,JOB_AGV_129_01070710,2025-01-07 08:03:00,1,B3,BR1
2025-01-07 07:20:00,AGV_105,JOB_AGV_105_01070720,2025-01-07 07:43:00,0,B6,BR1
2025-01-07 07:20:00,AGV_114,JOB_AGV_114_01070720,2025-01-07 07:57:00,0,B6,BR1
2025-01-07 07:20:00,AGV_123,JOB_AGV_123_01070720,2025-01-07 07:22:00,0,B4,BR1
2025-01-07 07:25:00,AGV_004,JOB_AGV_004_01070725,2025-01-07 07:38:00,0,B6,BR4
2025-01-07 07:25:00,AGV_049,JOB_AGV_049_01070725,2025-01-07 07:39:00,1,B3,BR3
2025-01-07 07:25:00,AGV_077,JOB_AGV_077_01070725,2025-01-07 09:09:00,0,B1,BR4
2025-01-07 07:30:00,AGV_004,JOB_AGV_004_01070730,2025-01-07 07:37:00,1,B7,BR1
2025-01-07 07:30:00,AGV_045,JOB_AGV_045_01070730,2025-01-07 07:33:00,0,B4,BR1
2025-01-07 07:30:00,AGV_077,JOB_AGV_077_01070730,2025-01-07 07:56:00,2,B6,BR4
2025-01-07 07:35:00,AGV_126,JOB_AGV_126_01070735,2025-01-07 07:36:00,0,B3,BR3
2025-01-07 07:45:00,AGV_001,JOB_AGV_001_01070745,2025-01-07 07:57:00,1,B5,BR4
2025-01-07 07:45:00,AGV_029,JOB_AGV_029_01070745,2025-01-07 08:04:00,0,B8,BR2
2025-01-07 07:45:00,AGV_057,JOB_AGV_057_01070745,2025-01-07 07:57:00,0,B3,BR4
2025-01-07 07:50:00,AGV_038,JOB_AGV_038_01070750,2025-01-07 08:06:00,0,B3,BR2
2025-01-07 07:50:00,AGV_043,JOB_AGV_043_01070750,2025-01-07 08:13:00,1,B3,BR3
2025-01-07 07:50:00,AGV_113,JOB_AGV_113_01070750,2025-01-07 07:53:00,0,B5,BR4
2025-01-07 07:55:00,AGV_003,JOB_AGV_003_01070755,2025-01-07 07:56:00,0,B3,BR3
2025-01-07 07:55:00,AGV_088,JOB_AGV_088_01070755,2025-01-07 10:40:00,1,B7,BR2
2025-01-07 07:55:00,AGV_126,JOB_AGV_126_01070755,2025-01-07 08:55:00,0,B5,BR1
2025-01-07 08:00:00,AGV_023,JOB_AGV_023_01070800,2025-01-07 08:30:00,2,B2,BR1
2025-01-07 08:05:00,AGV_006,JOB_AGV_006_01070805,2025-01-07 09:54:00,2,B1,BR3
2025-01-07 08:05:00,AGV_009,JOB_AGV_009_01070805,2025-01-07 08:16:00,0,B6,BR1
2025-01-07 08:05:00,AGV_023,JOB_AGV_023_01070805,2025-01-07 08:24:00,0,B2,BR4
2025-01-07 08:15:00,AGV_072,JOB_AGV_072_01070815,2025-01-07 08:52:00,0,B3,BR3
2025-01-07 08:15:00,AGV_104,JOB_AGV_104_01070815,2025-01-07 09:01:00,0,B7,BR1
2025-01-07 08:15:00,AGV_108,JOB_AGV_108_01070815,2025-01-07 08:32:00,1,B6,BR4
2025-01-07 08:20:00,AGV_005,JOB_AGV_005_01070820,2025-01-07 08:26:00,0,B7,BR2
2025-01-07 08:20:00,AGV_014,JOB_AGV_014_01070820,2025-01-07 08:45:00,1,B8,BR3
2025-01-07 08:20:00,AGV_017,JOB_AGV_017_01070820,2025-01-07 09:40:00,0,B7,BR3
2025-01-07 08:20:00,AGV_035,JOB_AGV_035_01070820,2025-01-07 08:32:00,2,B3,BR2
2025-01-07 08:25:00,AGV_017,JOB_AGV_017_01070825,2025-01-07 08:38:00,0,B6,BR3
2025-01-07 08:25:00,AGV_097,JOB_AGV_097_01070825,2025-01-07 09:37:00,0,B4,BR2
2025-01-07 08:25:00,AGV_107,JOB_AGV_107_01070825,2025-01-07 08:49:00,1,B3,BR4
2025-01-07 08:25:00,AGV_112,JOB_AGV_112_01070825,2025-01-07 08:59:00,2,B5,BR1
2025-01-07 08:30:00,AGV_022,JOB_AGV_022_01070830,2025-01-07 08:34:00,0,B5,BR3
2025-01-07 08:30:00,AGV_035,JOB_AGV_035_01070830,2025-01-07 08:58:00,1,B5,BR4
2025-01-07 08:35:00,AGV_010,JOB_AGV_010_01070835,2025-01-07 09:39:00,1,B5,BR1
2025-01-07 08:35:00,AGV_070,JOB_AGV_070_01070835,2025-01-07 08:40:00,0,B2,BR2
2025-01-07 08:35:00,AGV_071,JOB_AGV_071_01070835,2025-01-07 09:10:00,2,B8,BR3
2025-01-07 08:35:00,AGV_091,JOB_AGV_091_01070835,2025-01-07 08:47:00,0,B5,BR3
2025-01-07 08:35:00,AGV_108,JOB_AGV_108_01070835,2025-01-07 08:38:00,0,B4,BR1
2025-01-07 08:40:00,AGV_037,JOB_AGV_037_01070840,2025-01-07 08:55:00,0,B3,BR2
2025-01-07 08:45:00,AGV_091,JOB_AGV_091_01070845,2025-01-07 08:58:00,0,B4,BR2
2025-01-07 08:50:00,AGV_077,JOB_AGV_077_01070850,2025-01-07 09:11:00,1,B6,BR2
2025-01-07 08:55:00,AGV_018,JOB_AGV_018_01070855,2025-01-07 09:10:00,0,B8,BR3
2025-01-07 08:55:00,AGV_084,JOB_AGV_084_01070855,2025-01-07 09:00:00,0,B7,BR4
2025-01-07 09:00:00,AGV_091,JOB_AGV_091_01070900,2025-01-07 09:14:00,0,B7,BR4
2025-01-07 09:00:00,AGV_098,JOB_AGV_098_01070900,2025-01-07 09:50:00,0,B3,BR4
2025-01-07 09:00:00,AGV_116,JOB_AGV_116_01070900,2025-01-07 09:02:00,2,B4,BR4
2025-01-07 09:00:00,AGV_122,JOB_AGV_122_01070900,2025-01-07 09:06:00,1,B1,BR2
2025-01-07 09:05:00,AGV_012,JOB_AGV_012_01070905,2025-01-07 09:08:00,0,B5,BR1
2025-01-07 09:05:00,AGV_020,JOB_AGV_020_01070905,2025-01-07 09:08:00,1,B3,BR3
2025-01-07 09:05:00,AGV_112,JOB_AGV_112_01070905,2025-01-07 09:15:00,1,B5,BR4
2025-01-07 09:10:00,AGV_002,JOB_AGV_002_01070910,2025-01-07 09:32:00,2,B2,BR1
2025-01-07 09:10:00,AGV_009,JOB_AGV_009_01070910,2025-01-07 10:24:00,0,B1,BR3
2025-01-07 09:10:00,AGV_017,JOB_AGV_017_01070910,2025-01-07 09:41:00,0,B7,BR2
2025-01-07 09:10:00,AGV_022,JOB_AGV_022_01070910,2025-01-07 09:24:00,0,B6,BR3
2025-01-07 09:10:00,AGV_124,JOB_AGV_124_01070910,2025-01-07 09:24:00,0,B7,BR3
2025-01-07 09:15:00,AGV_080,JOB_AGV_080_01070915,2025-01-07 10:13:00,0,B3,BR3
2025-01-07 09:15:00,AGV_085,JOB_AGV_085_01070915,2025-01-07 09:32:00,1,B3,BR2
2025-01-07 09:15:00,AGV_097,JOB_AGV_097_01070915,2025-01-07 09:26:00,2,B6,BR2
2025-01-07 09:20:00,AGV_011,JOB_AGV_011_01070920,2025-01-07 11:03:00,1,B8,BR2
2025-01-07 09:20:00,AGV_058,JOB_AGV_058_01070920,2025-01-07 09:39:00,0,B8,BR1
2025-01-07 09:20:00,AGV_064,JOB_AGV_064_01070920,2025-01-07 09:24:00,1,B6,BR3
2025-01-07 09:20:00,AGV_090,JOB_AGV_090_01070920,2025-01-07 11:53:00,0,B2,BR4
2025-01-07 09:25:00,AGV_020,JOB_AGV_020_01070925,2025-01-07 09:31:00,1,B4,BR1
2025-01-07 09:25:00,AGV_051,JOB_AGV_051_01070925,2025-01-07 12:58:00,1,B1,BR1
2025-01-07 09:25:00,AGV_094,JOB_AGV_094_01070925,2025-01-07 09:36:00,1,B3,BR1
2025-01-07 09:25:00,AGV_095,JOB_AGV_095_01070925,2025-01-07 09:36:00,0,B6,BR2
2025-01-07 09:25:00,AGV_117,JOB_AGV_117_01070925,2025-01-07 09:41:00,1,B6,BR1
2025-01-07 09:25:00,AGV_125,JOB_AGV_125_01070925,2025-01-07 10:24:00,0,B3,BR3
2025-01-07 09:30:00,AGV_001,JOB_AGV_001_01070930,2025-01-07 09:34:00,0,B1,BR3
2025-01-07 09:30:00,AGV_033,JOB_AGV_033_01070930,2025-01-07 09:40:00,1,B3,BR1
2025-01-07 09:30:00,AGV_051,JOB_AGV_051_01070930,2025-01-07 11:48:00,1,B6,BR3
2025-01-07 09:30:00,AGV_063,JOB_AGV_063_01070930,2025-01-07 09:55:00,0,B7,BR4
2025-01-07 09:30:00,AGV_072,JOB_AGV_072_01070930,2025-01-07 09:32:00,1,B3,BR4
2025-01-07 09:35:00,AGV_001,JOB_AGV_001_01070935,2025-01-07 09:35:00,1,B7,BR4
2025-01-07 09:35:00,AGV_009,JOB_AGV_009_01070935,2025-01-07 09:44:00,0,B8,BR1
2025-01-07 09:35:00,AGV_033,JOB_AGV_033_01070935,2025-01-07 10:16:00,0,B4,BR4
2025-01-07 09:35:00,AGV_070,JOB_AGV_070_01070935,2025-01-07 09:58:00,1,B4,BR4
2025-01-07 09:35:00,AGV_111,JOB_AGV_111_01070935,2025-01-07 09:49:00,0,B3,BR3
2025-01-07 09:40:00,AGV_004,JOB_AGV_004_01070940,2025-01-07 09:43:00,0,B3,BR4
2025-01-07 09:40:00,AGV_027,JOB_AGV_027_01070940,2025-01-07 11:31:00,1,B8,BR4
2025-01-07 09:40:00,AGV_045,JOB_AGV_045_01070940,2025-01-07 09:47:00,0,B7,BR3
2025-01-07 09:40:00,AGV_078,JOB_AGV_078_01070940,2025-01-07 10:03:00,2,B4,BR3
2025-01-07 09:45:00,AGV_069,JOB_AGV_069_01070945,2025-01-07 10:00:00,0,B8,BR1
2025-01-07 09:45:00,AGV_078,JOB_AGV_078_01070945,2025-01-07 10:27:00,2,B2,BR1
2025-01-07 09:45:00,AGV_093,JOB_AGV_093_01070945,2025-01-07 10:23:00,2,B2,BR3
2025-01-07 09:45:00,AGV_122,JOB_AGV_122_01070945,2025-01-07 10:12:00,2,B8,BR2
2025-01-07 09:50:00,AGV_004,JOB_AGV_004_01070950,2025-01-07 10:10:00,0,B8,BR2
2025-01-07 09:50:00,AGV_029,JOB_AGV_029_01070950,2025-01-07 09:53:00,1,B4,BR2
2025-01-07 09:50:00,AGV_051,JOB_AGV_051_01070950,2025-01-07 11:00:00,0,B6,BR4
2025-01-07 09:50:00,AGV_066,JOB_AGV_066_01070950,2025-01-07 09:55:00,0,B4,BR3
2025-01-07 09:50:00,AGV_093,JOB_AGV_093_01070950,2025-01-07 10:14:00,1,B5,BR3
2025-01-07 09:50:00,AGV_115,JOB_AGV_115_01070950,2025-01-07 10:26:00,0,B2,BR4
2025-01-07 10:00:00,AGV_068,JOB_AGV_068_01071000,2025-01-07 12:52:00,1,B4,BR3
2025-01-07 10:00:00,AGV_076,JOB_AGV_076_01071000,2025-01-07 10:55:00,0,B2,BR4
2025-01-07 10:00:00,AGV_120,JOB_AGV_120_01071000,2025-01-07 10:00:00,1,B3,BR4
2025-01-07 10:00:00,AGV_127,JOB_AGV_127_01071000,2025-01-07 10:13:00,1,B3,BR4
2025-01-07 10:05:00,AGV_014,JOB_AGV_014_01071005,2025-01-07 10:09:00,0,B2,BR2
2025-01-07 10:05:00,AGV_020,JOB_AGV_020_01071005,2025-01-07 10:21:00,0,B5,BR4
2025-01-07 10:05:00,AGV_033,JOB_AGV_033_01071005,2025-01-07 11:31:00,1,B3,BR1
2025-01-07 10:05:00,AGV_044,JOB_AGV_044_01071005,2025-01-07 10:22:00,1,B7,BR4
2025-01-07 10:05:00,AGV_095,JOB_AGV_095_01071005,2025-01-07 10:06:00,0,B1,BR1
2025-01-07 10:10:00,AGV_088,JOB_AGV_088_01071010,2025-01-07 10:27:00,0,B6,BR2
2025-01-07 10:15:00,AGV_051,JOB_AGV_051_01071015,2025-01-07 10:24:00,1,B8,BR1
2025-01-07 10:15:00,AGV_054,JOB_AGV_054_01071015,2025-01-07 11:26:00,2,B5,BR3
2025-01-07 10:15:00,AGV_061,JOB_AGV_061_01071015,2025-01-07 12:25:00,0,B5,BR3
2025-01-07 10:15:00,AGV_103,JOB_AGV_103_01071015,2025-01-07 10:29:00,2,B2,BR1
2025-01-07 10:15:00,AGV_108,JOB_AGV_108_01071015,2025-01-07 10:32:00,2,B2,BR4
2025-01-07 10:25:00,AGV_006,JOB_AGV_006_01071025,2025-01-07 10:30:00,0,B5,BR4
2025-01-07 10:25:00,AGV_038,JOB_AGV_038_01071025,2025-01-07 10:27:00,2,B4,BR3
2025-01-07 10:30:00,AGV_039,JOB_AGV_039_01071030,2025-01-07 12:55:00,1,B5,BR2
2025-01-07 10:30:00,AGV_043,JOB_AGV_043_01071030,2025-01-07 10:56:00,0,B5,BR1
2025-01-07 10:30:00,AGV_127,JOB_AGV_127_01071030,2025-01-07 10:38:00,0,B6,BR4
2025-01-07 10:35:00,AGV_033,JOB_AGV_033_01071035,2025-01-07 11:57:00,2,B2,BR2
2025-01-07 10:35:00,AGV_053,JOB_AGV_053_01071035,2025-01-07 10:46:00,2,B8,BR4
2025-01-07 10:35:00,AGV_089,JOB_AGV_089_01071035,2025-01-07 11:06:00,0,B3,BR3
2025-01-07 10:35:00,AGV_130,JOB_AGV_130_01071035,2025-01-07 11:29:00,1,B8,BR1
2025-01-07 10:40:00,AGV_084,JOB_AGV_084_01071040,2025-01-07 12:13:00,0,B5,BR1
2025-01-07 10:40:00,AGV_102,JOB_AGV_102_01071040,2025-01-07 10:51:00,1,B7,BR2
2025-01-07 10:40:00,AGV_114,JOB_AGV_114_01071040,2025-01-07 11:23:00,1,B8,BR1
2025-01-07 10:45:00,AGV_052,JOB_AGV_052_01071045,2025-01-07 11:16:00,0,B3,BR2
2025-01-07 10:45:00,AGV_085,JOB_AGV_085_01071045,2025-01-07 10:47:00,2,B5,BR1
2025-01-07 10:45:00,AGV_117,JOB_AGV_117_01071045,2025-01-07 11:04:00,0,B7,BR1
2025-01-07 10:50:00,AGV_002,JOB_AGV_002_01071050,2025-01-07 11:21:00,1,B8,BR2
2025-01-07 10:50:00,AGV_042,JOB_AGV_042_01071050,2025-01-07 11:14:00,0,B8,BR3
2025-01-07 10:50:00,AGV_054,JOB_AGV_054_01071050,2025-01-07 10:55:00,0,B1,BR2
2025-01-07 10:50:00,AGV_127,JOB_AGV_127_01071050,2025-01-07 11:01:00,0,B2,BR4
2025-01-07 10:55:00,AGV_023,JOB_AGV_023_01071055,2025-01-07 11:18:00,2,B7,BR1
2025-01-07 10:55:00,AGV_083,JOB_AGV_083_01071055,2025-01-07 11:25:00,0,B1,BR1
2025-01-07 11:00:00,AGV_057,JOB_AGV_057_01071100,2025-01-07 12:05:00,1,B5,BR1
2025-01-07 11:00:00,AGV_082,JOB_AGV_082_01071100,2025-01-07 11:00:00,1,B4,BR3
2025-01-07 11:00:00,AGV_113,JOB_AGV_113_01071100,2025-01-07 12:13:00,1,B8,BR4
2025-01-07 11:00:00,AGV_129,JOB_AGV_129_01071100,2025-01-07 11:04:00,1,B3,BR2
2025-01-07 11:05:00,AGV_039,JOB_AGV_039_01071105,2025-01-07 11:26:00,0,B1,BR3
2025-01-07 11:05:00,AGV_067,JOB_AGV_067_01071105,2025-01-07 11:06:00,0,B5,BR4
2025-01-07 11:05:00,AGV_092,JOB_AGV_092_01071105,2025-01-07 11:27:00,0,B1,BR3
2025-01-07 11:10:00,AGV_010,JOB_AGV_010_01071110,2025-01-07 13:39:00,0,B5,BR1
2025-01-07 11:10:00,AGV_024,JOB_AGV_024_01071110,2025-01-07 11:11:00,1,B1,BR2
2025-01-07 11:10:00,AGV_064,JOB_AGV_064_01071110,2025-01-07 11:30:00,0,B6,BR1
2025-01-07 11:10:00,AGV_095,JOB_AGV_095_01071110,2025-01-07 12:11:00,0,B4,BR1
2025-01-07 11:10:00,AGV_110,JOB_AGV_110_01071110,2025-01-07 11:19:00,1,B3,BR4
2025-01-07 11:15:00,AGV_032,JOB_AGV_032_01071115,2025-01-07 11:16:00,0,B5,BR3
2025-01-07 11:15:00,AGV_055,JOB_AGV_055_01071115,2025-01-07 11:36:00,1,B2,BR2
2025-01-07 11:15:00,AGV_059,JOB_AGV_059_01071115,2025-01-07 11:15:00,1,B2,BR4
2025-01-07 11:15:00,AGV_063,JOB_AGV_063_01071115,2025-01-07 11:40:00,1,B8,BR1
2025-01-07 11:15:00,AGV_116,JOB_AGV_116_01071115,2025-01-07 11:45:00,0,B5,BR4
2025-01-07 11:20:00,AGV_061,JOB_AGV_061_01071120,2025-01-07 11:43:00,1,B6,BR1
2025-01-07 11:25:00,AGV_058,JOB_AGV_058_01071125,2025-01-07 11:46:00,1,B4,BR4
2025-01-07 11:25:00,AGV_077,JOB_AGV_077_01071125,2025-01-07 11:51:00,1,B1,BR4
2025-01-07 11:30:00,AGV_006,JOB_AGV_006_01071130,2025-01-07 11:34:00,1,B8,BR1
2025-01-07 11:35:00,AGV_015,JOB_AGV_015_01071135,2025-01-07 13:38:00,0,B8,BR4
2025-01-07 11:35:00,AGV_063,JOB_AGV_063_01071135,2025-01-07 11:49:00,0,B4,BR3
2025-01-07 11:35:00,AGV_095,JOB_AGV_095_01071135,2025-01-07 11:43:00,1,B5,BR2
2025-01-07 11:35:00,AGV_116,JOB_AGV_116_01071135,2025-01-07 11:42:00,1,B4,BR1
2025-01-07 11:40:00,AGV_122,JOB_AGV_122_01071140,2025-01-07 12:37:00,1,B4,BR4
2025-01-07 11:40:00,AGV_128,JOB_AGV_128_01071140,2025-01-07 12:49:00,0,B4,BR2
2025-01-07 11:45:00,AGV_009,JOB_AGV_009_01071145,2025-01-07 11:45:00,0,B1,BR2
2025-01-07 11:45:00,AGV_047,JOB_AGV_047_01071145,2025-01-07 12:31:00,1,B5,BR4
2025-01-07 11:55:00,AGV_050,JOB_AGV_050_01071155,2025-01-07 12:53:00,1,B6,BR1
2025-01-07 11:55:00,AGV_073,JOB_AGV_073_01071155,2025-01-07 12:32:00,0,B2,BR3
2025-01-07 11:55:00,AGV_088,JOB_AGV_088_01071155,2025-01-07 12:27:00,0,B1,BR3
2025-01-07 11:55:00,AGV_090,JOB_AGV_090_01071155,2025-01-07 11:58:00,1,B6,BR3
2025-01-07 11:55:00,AGV_126,JOB_AGV_126_01071155,2025-01-07 12:45:00,0,B3,BR4
2025-01-07 12:00:00,AGV_005,JOB_AGV_005_01071200,2025-01-07 12:05:00,1,B4,BR2
2025-01-07 12:00:00,AGV_019,JOB_AGV_019_01071200,2025-01-07 12:15:00,0,B7,BR2
2025-01-07 12:05:00,AGV_014,JOB_AGV_014_01071205,2025-01-07 12:15:00,0,B7,BR2
2025-01-07 12:05:00,AGV_068,JOB_AGV_068_01071205,2025-01-07 12:11:00,0,B5,BR4
2025-01-07 12:05:00,AGV_100,JOB_AGV_100_01071205,2025-01-07 12:32:00,2,B8,BR4
2025-01-07 12:10:00,AGV_042,JOB_AGV_042_01071210,2025-01-07 12:59:00,2,B2,BR4
2025-01-07 12:20:00,AGV_123,JOB_AGV_123_01071220,2025-01-07 12:47:00,0,B3,BR1
2025-01-07 12:25:00,AGV_043,JOB_AGV_043_01071225,2025-01-07 13:19:00,1,B1,BR2
2025-01-07 12:25:00,AGV_050,JOB_AGV_050_01071225,2025-01-07 13:46:00,2,B4,BR2
2025-01-07 12:25:00,AGV_088,JOB_AGV_088_01071225,2025-01-07 13:32:00,0,B1,BR2
2025-01-07 12:25:00,AGV_105,JOB_AGV_105_01071225,2025-01-07 12:31:00,0,B1,BR2
2025-01-07 12:25:00,AGV_123,JOB_AGV_123_01071225,2025-01-07 13:11:00,2,B7,BR2
2025-01-07 12:30:00,AGV_001,JOB_AGV_001_01071230,2025-01-07 12:46:00,0,B1,BR1
2025-01-07 12:30:00,AGV_005,JOB_AGV_005_01071230,2025-01-07 12:53:00,0,B1,BR1
2025-01-07 12:30:00,AGV_077,JOB_AGV_077_01071230,2025-01-07 12:49:00,1,B2,BR2
2025-01-07 12:30:00,AGV_118,JOB_AGV_118_01071230,2025-01-07 15:23:00,0,B1,BR1
2025-01-07 12:30:00,AGV_120,JOB_AGV_120_01071230,2025-01-07 12:33:00,1,B5,BR1
2025-01-07 12:35:00,AGV_029,JOB_AGV_029_01071235,2025-01-07 13:56:00,2,B6,BR2
2025-01-07 12:35:00,AGV_070,JOB_AGV_070_01071235,2025-01-07 12:48:00,2,B2,BR2
2025-01-07 12:35:00,AGV_095,JOB_AGV_095_01071235,2025-01-07 12:56:00,0,B8,BR4
2025-01-07 12:45:00,AGV_016,JOB_AGV_016_01071245,2025-01-07 12:52:00,1,B5,BR3
2025-01-07 12:45:00,AGV_025,JOB_AGV_025_01071245,2025-01-07 13:33:00,2,B7,BR3
2025-01-07 12:50:00,AGV_017,JOB_AGV_017_01071250,2025-01-07 12:58:00,2,B1,BR2
2025-01-07 12:50:00,AGV_024,JOB_AGV_024_01071250,2025-01-07 13:44:00,0,B6,BR2
2025-01-07 12:50:00,AGV_105,JOB_AGV_105_01071250,2025-01-07 12:56:00,0,B8,BR4
2025-01-07 12:50:00,AGV_128,JOB_AGV_128_01071250,2025-01-07 13:47:00,0,B5,BR2
2025-01-07 12:55:00,AGV_004,JOB_AGV_004_01071255,2025-01-07 13:41:00,1,B8,BR3
2025-01-07 12:55:00,AGV_036,JOB_AGV_036_01071255,2025-01-07 14:13:00,0,B8,BR1
2025-01-07 13:00:00,AGV_014,JOB_AGV_014_01071300,2025-01-07 13:17:00,0,B8,BR2
2025-01-07 13:00:00,AGV_110,JOB_AGV_110_01071300,2025-01-07 13:00:00,0,B7,BR2
2025-01-07 13:05:00,AGV_023,JOB_AGV_023_01071305,2025-01-07 15:40:00,0,B4,BR2
2025-01-07 13:05:00,AGV_086,JOB_AGV_086_01071305,2025-01-07 13:16:00,2,B1,BR2
2025-01-07 13:10:00,AGV_055,JOB_AGV_055_01071310,2025-01-07 15:43:00,1,B8,BR1
2025-01-07 13:15:00,AGV_033,JOB_AGV_033_01071315,2025-01-07 14:58:00,0,B7,BR4
2025-01-07 13:15:00,AGV_111,JOB_AGV_111_01071315,2025-01-07 14:04:00,0,B4,BR4
2025-01-07 13:20:00,AGV_015,JOB_AGV_015_01071320,2025-01-07 13:23:00,0,B1,BR3
2025-01-07 13:20:00,AGV_058,JOB_AGV_058_01071320,2025-01-07 14:00:00,2,B2,BR3
2025-01-07 13:30:00,AGV_019,JOB_AGV_019_01071330,2025-01-07 13:58:00,0,B3,BR2
2025-01-07 13:30:00,AGV_110,JOB_AGV_110_01071330,2025-01-07 13:48:00,1,B3,BR1
2025-01-07 13:35:00,AGV_055,JOB_AGV_055_01071335,2025-01-07 14:56:00,0,B2,BR4
2025-01-07 13:35:00,AGV_084,JOB_AGV_084_01071335,2025-01-07 13:48:00,1,B2,BR3
2025-01-07 13:40:00,AGV_049,JOB_AGV_049_01071340,2025-01-07 13:55:00,0,B3,BR4
2025-01-07 13:40:00,AGV_108,JOB_AGV_108_01071340,2025-01-07 14:02:00,0,B6,BR3
2025-01-07 13:40:00,AGV_124,JOB_AGV_124_01071340,2025-01-07 15:24:00,1,B6,BR2
2025-01-07 13:50:00,AGV_025,JOB_AGV_025_01071350,2025-01-07 13:50:00,2,B6,BR3
2025-01-07 13:50:00,AGV_027,JOB_AGV_027_01071350,2025-01-07 14:29:00,0,B1,BR3
2025-01-07 13:50:00,AGV_069,JOB_AGV_069_01071350,2025-01-07 14:04:00,1,B5,BR4
2025-01-07 13:50:00,AGV_090,JOB_AGV_090_01071350,2025-01-07 13:55:00,1,B3,BR1
2025-01-07 13:50:00,AGV_103,JOB_AGV_103_01071350,2025-01-07 14:50:00,1,B1,BR2
2025-01-07 13:55:00,AGV_005,JOB_AGV_005_01071355,2025-01-07 14:43:00,0,B6,BR1
2025-01-07 13:55:00,AGV_020,JOB_AGV_020_01071355,2025-01-07 14:50:00,2,B4,BR3
2025-01-07 13:55:00,AGV_084,JOB_AGV_084_01071355,2025-01-07 14:38:00,2,B4,BR1
2025-01-07 13:55:00,AGV_086,JOB_AGV_086_01071355,2025-01-07 15:00:00,0,B7,BR3
2025-01-07 14:00:00,AGV_053,JOB_AGV_053_01071400,2025-01-07 14:08:00,0,B2,BR2
2025-01-07 14:00:00,AGV_095,JOB_AGV_095_01071400,2025-01-07 14:23:00,0,B5,BR4
2025-01-07 14:05:00,AGV_008,JOB_AGV_008_01071405,2025-01-07 14:29:00,1,B7,BR1
2025-01-07 14:10:00,AGV_032,JOB_AGV_032_01071410,2025-01-07 14:52:00,0,B3,BR1
2025-01-07 14:10:00,AGV_054,JOB_AGV_054_01071410,2025-01-07 14:18:00,1,B6,BR3
2025-01-07 14:10:00,AGV_074,JOB_AGV_074_01071410,2025-01-07 15:56:00,0,B3,BR1
2025-01-07 14:15:00,AGV_029,JOB_AGV_029_01071415,2025-01-07 14:25:00,2,B8,BR2
2025-01-07 14:15:00,AGV_052,JOB_AGV_052_01071415,2025-01-07 14:27:00,1,B6,BR1
2025-01-07 14:15:00,AGV_089,JOB_AGV_089_01071415,2025-01-07 14:21:00,0,B1,BR4
2025-01-07 14:20:00,AGV_095,JOB_AGV_095_01071420,2025-01-07 14:53:00,1,B1,BR2
2025-01-07 14:20:00,AGV_121,JOB_AGV_121_01071420,2025-01-07 15:27:00,2,B5,BR4
2025-01-07 14:25:00,AGV_013,JOB_AGV_013_01071425,2025-01-07 14:44:00,1,B8,BR1
2025-01-07 14:25:00,AGV_084,JOB_AGV_084_01071425,2025-01-07 14:40:00,1,B8,BR2
2025-01-07 14:25:00,AGV_085,JOB_AGV_085_01071425,2025-01-07 14:34:00,2,B4,BR3
2025-01-07 14:25:00,AGV_121,JOB_AGV_121_01071425,2025-01-07 14:44:00,0,B8,BR1
2025-01-07 14:30:00,AGV_019,JOB_AGV_019_01071430,2025-01-07 14:45:00,0,B8,BR3
2025-01-07 14:35:00,AGV_035,JOB_AGV_035_01071435,2025-01-07 15:02:00,0,B1,BR3
2025-01-07 14:35:00,AGV_058,JOB_AGV_058_01071435,2025-01-07 14:36:00,1,B2,BR1
2025-01-07 14:35:00,AGV_101,JOB_AGV_101_01071435,2025-01-07 14:47:00,2,B2,BR2
2025-01-07 14:35:00,AGV_112,JOB_AGV_112_01071435,2025-01-07 16:44:00,1,B1,BR1
2025-01-07 14:35:00,AGV_118,JOB_AGV_118_01071435,2025-01-07 14:41:00,0,B8,BR3
2025-01-07 14:40:00,AGV_005,JOB_AGV_005_01071440,2025-01-07 14:49:00,2,B8,BR1
2025-01-07 14:40:00,AGV_033,JOB_AGV_033_01071440,2025-01-07 14:44:00,0,B7,BR3
2025-01-07 14:40:00,AGV_034,JOB_AGV_034_01071440,2025-01-07 14:59:00,0,B3,BR1
2025-01-07 14:40:00,AGV_107,JOB_AGV_107_01071440,2025-01-07 14:50:00,1,B6,BR3
2025-01-07 14:45:00,AGV_088,JOB_AGV_088_01071445,2025-01-07 15:03:00,2,B7,BR3
2025-01-07 14:45:00,AGV_114,JOB_AGV_114_01071445,2025-01-07 15:03:00,0,B2,BR3
2025-01-07 14:55:00,AGV_040,JOB_AGV_040_01071455,2025-01-07 15:53:00,0,B4,BR4
2025-01-07 14:55:00,AGV_097,JOB_AGV_097_01071455,2025-01-07 15:49:00,0,B6,BR3
2025-01-07 14:55:00,AGV_102,JOB_AGV_102_01071455,2025-01-07 15:34:00,0,B2,BR2
2025-01-07 15:00:00,AGV_036,JOB_AGV_036_01071500,2025-01-07 15:52:00,0,B4,BR3
2025-01-07 15:00:00,AGV_063,JOB_AGV_063_01071500,2025-01-07 15:26:00,1,B8,BR1
2025-01-07 15:00:00,AGV_074,JOB_AGV_074_01071500,2025-01-07 15:15:00,1,B1,BR2
2025-01-07 15:05:00,AGV_098,JOB_AGV_098_01071505,2025-01-07 15:07:00,0,B4,BR3
2025-01-07 15:10:00,AGV_009,JOB_AGV_009_01071510,2025-01-07 16:32:00,1,B5,BR1
2025-01-07 15:10:00,AGV_054,JOB_AGV_054_01071510,2025-01-07 15:53:00,1,B1,BR2
2025-01-07 15:10:00,AGV_095,JOB_AGV_095_01071510,2025-01-07 17:30:00,0,B2,BR2
2025-01-07 15:10:00,AGV_104,JOB_AGV_104_01071510,2025-01-07 15:28:00,0,B1,BR1
2025-01-07 15:15:00,AGV_053,JOB_AGV_053_01071515,2025-01-07 15:31:00,1,B3,BR3
2025-01-07 15:15:00,AGV_108,JOB_AGV_108_01071515,2025-01-07 15:44:00,0,B2,BR4
2025-01-07 15:15:00,AGV_121,JOB_AGV_121_01071515,2025-01-07 15:37:00,1,B2,BR1
2025-01-07 15:20:00,AGV_123,JOB_AGV_123_01071520,2025-01-07 15:30:00,0,B8,BR2
2025-01-07 15:25:00,AGV_053,JOB_AGV_053_01071525,2025-01-07 15:29:00,0,B4,BR4
2025-01-07 15:25:00,AGV_068,JOB_AGV_068_01071525,2025-01-07 15:25:00,0,B2,BR1
2025-01-07 15:25:00,AGV_124,JOB_AGV_124_01071525,2025-01-07 15:39:00,2,B3,BR3
2025-01-07 15:30:00,AGV_021,JOB_AGV_021_01071530,2025-01-07 15:55:00,2,B2,BR1
2025-01-07 15:30:00,AGV_041,JOB_AGV_041_01071530,2025-01-07 15:54:00,2,B1,BR4
2025-01-07 15:30:00,AGV_093,JOB_AGV_093_01071530,2025-01-07 15:43:00,0,B2,BR3
2025-01-07 15:30:00,AGV_120,JOB_AGV_120_01071530,2025-01-07 15:41:00,1,B6,BR1
2025-01-07 15:35:00,AGV_037,JOB_AGV_037_01071535,2025-01-07 16:47:00,2,B2,BR2
2025-01-07 15:40:00,AGV_014,JOB_AGV_014_01071540,2025-01-07 16:28:00,2,B6,BR2
2025-01-07 15:40:00,AGV_027,JOB_AGV_027_01071540,2025-01-07 16:08:00,0,B2,BR3
2025-01-07 15:40:00,AGV_076,JOB_AGV_076_01071540,2025-01-07 16:37:00,1,B1,BR3
2025-01-07 15:40:00,AGV_102,JOB_AGV_102_01071540,2025-01-07 15:50:00,1,B6,BR2
2025-01-07 15:45:00,AGV_056,JOB_AGV_056_01071545,2025-01-07 16:07:00,0,B7,BR1
2025-01-07 15:45:00,AGV_077,JOB_AGV_077_01071545,2025-01-07 17:21:00,1,B1,BR1
2025-01-07 15:45:00,AGV_086,JOB_AGV_086_01071545,2025-01-07 15:58:00,2,B8,BR4
2025-01-07 15:45:00,AGV_102,JOB_AGV_102_01071545,2025-01-07 16:11:00,0,B8,BR4
2025-01-07 15:45:00,AGV_123,JOB_AGV_123_01071545,2025-01-07 15:57:00,1,B1,BR1
2025-01-07 15:50:00,AGV_025,JOB_AGV_025_01071550,2025-01-07 15:50:00,0,B2,BR3
2025-01-07 15:50:00,AGV_070,JOB_AGV_070_01071550,2025-01-07 16:04:00,1,B3,BR1
2025-01-07 15:50:00,AGV_078,JOB_AGV_078_01071550,2025-01-07 17:59:00,0,B3,BR2
2025-01-07 15:50:00,AGV_125,JOB_AGV_125_01071550,2025-01-07 15:51:00,1,B7,BR3
2025-01-07 16:00:00,AGV_058,JOB_AGV_058_01071600,2025-01-07 16:14:00,1,B3,BR2
2025-01-07 16:00:00,AGV_111,JOB_AGV_111_01071600,2025-01-07 16:17:00,2,B6,BR2
2025-01-07 16:05:00,AGV_023,JOB_AGV_023_01071605,2025-01-07 16:36:00,0,B3,BR1
2025-01-07 16:05:00,AGV_041,JOB_AGV_041_01071605,2025-01-07 16:14:00,0,B2,BR3
2025-01-07 16:10:00,AGV_028,JOB_AGV_028_01071610,2025-01-07 16:11:00,0,B1,BR3
2025-01-07 16:10:00,AGV_111,JOB_AGV_111_01071610,2025-01-07 16:15:00,0,B3,BR2
2025-01-07 16:15:00,AGV_051,JOB_AGV_051_01071615,2025-01-07 16:28:00,1,B3,BR4
2025-01-07 16:15:00,AGV_068,JOB_AGV_068_01071615,2025-01-07 16:42:00,1,B5,BR3
2025-01-07 16:15:00,AGV_086,JOB_AGV_086_01071615,2025-01-07 16:30:00,1,B1,BR2
2025-01-07 16:15:00,AGV_114,JOB_AGV_114_01071615,2025-01-07 16:35:00,1,B7,BR2
2025-01-07 16:20:00,AGV_053,JOB_AGV_053_01071620,2025-01-07 16:51:00,0,B7,BR3
2025-01-07 16:20:00,AGV_113,JOB_AGV_113_01071620,2025-01-07 16:22:00,0,B1,BR1
2025-01-07 16:30:00,AGV_082,JOB_AGV_082_01071630,2025-01-07 16:44:00,1,B7,BR1
2025-01-07 16:35:00,AGV_039,JOB_AGV_039_01071635,2025-01-07 17:28:00,0,B3,BR3
2025-01-07 16:35:00,AGV_044,JOB_AGV_044_01071635,2025-01-07 16:39:00,1,B2,BR2
2025-01-07 16:35:00,AGV_061,JOB_AGV_061_01071635,2025-01-07 16:39:00,2,B7,BR3
2025-01-07 16:35:00,AGV_076,JOB_AGV_076_01071635,2025-01-07 16:41:00,1,B6,BR2
2025-01-07 16:40:00,AGV_098,JOB_AGV_098_01071640,2025-01-07 16:51:00,1,B5,BR1
2025-01-07 16:40:00,AGV_112,JOB_AGV_112_01071640,2025-01-07 18:11:00,0,B3,BR3
2025-01-07 16:40:00,AGV_119,JOB_AGV_119_01071640,2025-01-07 17:01:00,0,B4,BR2
2025-01-07 16:45:00,AGV_005,JOB_AGV_005_01071645,2025-01-07 17:56:00,0,B8,BR4
2025-01-07 16:45:00,AGV_066,JOB_AGV_066_01071645,2025-01-07 16:55:00,0,B2,BR3
2025-01-07 16:50:00,AGV_010,JOB_AGV_010_01071650,2025-01-07 16:52:00,0,B8,BR1
2025-01-07 16:50:00,AGV_067,JOB_AGV_067_01071650,2025-01-07 17:16:00,0,B4,BR2
2025-01-07 16:55:00,AGV_054,JOB_AGV_054_01071655,2025-01-07 17:11:00,0,B5,BR2
2025-01-07 16:55:00,AGV_090,JOB_AGV_090_01071655,2025-01-07 17:07:00,1,B4,BR4
2025-01-07 16:55:00,AGV_092,JOB_AGV_092_01071655,2025-01-07 17:17:00,0,B3,BR2
2025-01-07 17:00:00,AGV_034,JOB_AGV_034_01071700,2025-01-07 17:03:00,0,B8,BR2
2025-01-07 17:00:00,AGV_061,JOB_AGV_061_01071700,2025-01-07 17:34:00,0,B2,BR3
2025-01-07 17:00:00,AGV_068,JOB_AGV_068_01071700,2025-01-07 17:11:00,0,B7,BR1
2025-01-07 17:05:00,AGV_020,JOB_AGV_020_01071705,2025-01-07 17:12:00,0,B8,BR4
2025-01-07 17:05:00,AGV_062,JOB_AGV_062_01071705,2025-01-07 17:08:00,0,B5,BR4
2025-01-07 17:05:00,AGV_124,JOB_AGV_124_01071705,2025-01-07 17:06:00,0,B7,BR1
2025-01-07 17:10:00,AGV_022,JOB_AGV_022_01071710,2025-01-07 17:25:00,1,B7,BR3
2025-01-07 17:10:00,AGV_044,JOB_AGV_044_01071710,2025-01-07 18:40:00,2,B6,BR3
2025-01-07 17:15:00,AGV_097,JOB_AGV_097_01071715,2025-01-07 17:54:00,0,B4,BR4
2025-01-07 17:15:00,AGV_111,JOB_AGV_111_01071715,2025-01-07 18:27:00,0,B5,BR4
2025-01-07 17:20:00,AGV_063,JOB_AGV_063_01071720,2025-01-07 17:32:00,0,B6,BR3
2025-01-07 17:25:00,AGV_058,JOB_AGV_058_01071725,2025-01-07 17:29:00,0,B2,BR4
2025-01-07 17:25:00,AGV_083,JOB_AGV_083_01071725,2025-01-07 17:29:00,0,B8,BR2
2025-01-07 17:25:00,AGV_129,JOB_AGV_129_01071725,2025-01-07 17:43:00,0,B7,BR2
2025-01-07 17:30:00,AGV_055,JOB_AGV_055_01071730,2025-01-07 17:42:00,1,B3,BR3
2025-01-07 17:30:00,AGV_093,JOB_AGV_093_01071730,2025-01-07 17:57:00,1,B5,BR2
2025-01-07 17:30:00,AGV_102,JOB_AGV_102_01071730,2025-01-07 18:36:00,1,B6,BR1
2025-01-07 17:35:00,AGV_011,JOB_AGV_011_01071735,2025-01-07 17:47:00,0,B7,BR2
2025-01-07 17:35:00,AGV_059,JOB_AGV_059_01071735,2025-01-07 20:04:00,0,B1,BR2
2025-01-07 17:35:00,AGV_068,JOB_AGV_068_01071735,2025-01-07 18:05:00,2,B1,BR1
2025-01-07 17:40:00,AGV_006,JOB_AGV_006_01071740,2025-01-07 17:44:00,0,B7,BR2
2025-01-07 17:40:00,AGV_015,JOB_AGV_015_01071740,2025-01-07 17:59:00,0,B3,BR2
2025-01-07 17:40:00,AGV_070,JOB_AGV_070_01071740,2025-01-07 20:51:00,0,B5,BR4
2025-01-07 17:40:00,AGV_110,JOB_AGV_110_01071740,2025-01-07 18:31:00,0,B6,BR3
2025-01-07 17:45:00,AGV_068,JOB_AGV_068_01071745,2025-01-07 17:49:00,0,B6,BR2
2025-01-07 17:50:00,AGV_046,JOB_AGV_046_01071750,2025-01-07 17:50:00,0,B8,BR4
2025-01-07 17:50:00,AGV_099,JOB_AGV_099_01071750,2025-01-07 18:05:00,0,B7,BR4
2025-01-07 17:50:00,AGV_122,JOB_AGV_122_01071750,2025-01-07 18:09:00,1,B3,BR1
2025-01-07 17:55:00,AGV_019,JOB_AGV_019_01071755,2025-01-07 18:09:00,1,B1,BR4
2025-01-07 18:00:00,AGV_025,JOB_AGV_025_01071800,2025-01-07 18:41:00,1,B2,BR1
2025-01-07 18:00:00,AGV_044,JOB_AGV_044_01071800,2025-01-07 18:35:00,1,B3,BR2
2025-01-07 18:00:00,AGV_099,JOB_AGV_099_01071800,2025-01-07 20:05:00,1,B6,BR3
2025-01-07 18:05:00,AGV_004,JOB_AGV_004_01071805,2025-01-07 18:07:00,0,B6,BR4
2025-01-07 18:05:00,AGV_006,JOB_AGV_006_01071805,2025-01-07 18:09:00,1,B7,BR2
2025-01-07 18:05:00,AGV_082,JOB_AGV_082_01071805,2025-01-07 18:31:00,0,B8,BR1
2025-01-07 18:05:00,AGV_113,JOB_AGV_113_01071805,2025-01-07 19:54:00,0,B1,BR3
2025-01-07 18:05:00,AGV_130,JOB_AGV_130_01071805,2025-01-07 18:19:00,1,B5,BR4
2025-01-07 18:10:00,AGV_052,JOB_AGV_052_01071810,2025-01-07 18:11:00,1,B3,BR1
2025-01-07 18:15:00,AGV_083,JOB_AGV_083_01071815,2025-01-07 18:23:00,0,B2,BR1
2025-01-07 18:15:00,AGV_091,JOB_AGV_091_01071815,2025-01-07 19:10:00,0,B1,BR2
2025-01-07 18:15:00,AGV_103,JOB_AGV_103_01071815,2025-01-07 18:19:00,1,B5,BR2
2025-01-07 18:15:00,AGV_128,JOB_AGV_128_01071815,2025-01-07 18:33:00,2,B2,BR3
2025-01-07 18:20:00,AGV_022,JOB_AGV_022_01071820,2025-01-07 19:32:00,0,B1,BR2
2025-01-07 18:20:00,AGV_028,JOB_AGV_028_01071820,2025-01-07 18:51:00,2,B6,BR1
2025-01-07 18:20:00,AGV_050,JOB_AGV_050_01071820,2025-01-07 19:35:00,0,B6,BR4
2025-01-07 18:20:00,AGV_065,JOB_AGV_065_01071820,2025-01-07 18:28:00,1,B1,BR3
2025-01-07 18:20:00,AGV_089,JOB_AGV_089_01071820,2025-01-07 19:25:00,0,B7,BR2
2025-01-07 18:20:00,AGV_119,JOB_AGV_119_01071820,2025-01-07 18:36:00,0,B6,BR1
2025-01-07 18:25:00,AGV_010,JOB_AGV_010_01071825,2025-01-07 18:32:00,0,B6,BR1
2025-01-07 18:25:00,AGV_068,JOB_AGV_068_01071825,2025-01-07 20:41:00,0,B2,BR2
2025-01-07 18:30:00,AGV_032,JOB_AGV_032_01071830,2025-01-07 19:19:00,2,B1,BR3
2025-01-07 18:30:00,AGV_074,JOB_AGV_074_01071830,2025-01-07 18:36:00,2,B7,BR3
2025-01-07 18:30:00,AGV_126,JOB_AGV_126_01071830,2025-01-07 18:34:00,1,B5,BR4
2025-01-07 18:35:00,AGV_130,JOB_AGV_130_01071835,2025-01-07 18:38:00,0,B6,BR1
2025-01-07 18:40:00,AGV_057,JOB_AGV_057_01071840,2025-01-07 19:20:00,0,B3,BR1
2025-01-07 18:45:00,AGV_088,JOB_AGV_088_01071845,2025-01-07 19:15:00,0,B2,BR4
2025-01-07 18:45:00,AGV_097,JOB_AGV_097_01071845,2025-01-07 19:01:00,0,B1,BR1
2025-01-07 18:45:00,AGV_110,JOB_AGV_110_01071845,2025-01-07 18:47:00,0,B2,BR2
2025-01-07 18:45:00,AGV_124,JOB_AGV_124_01071845,2025-01-07 19:23:00,1,B5,BR2
2025-01-07 18:50:00,AGV_038,JOB_AGV_038_01071850,2025-01-07 18:59:00,0,B8,BR1
2025-01-07 18:50:00,AGV_107,JOB_AGV_107_01071850,2025-01-07 19:14:00,2,B5,BR4
2025-01-07 18:50:00,AGV_112,JOB_AGV_112_01071850,2025-01-07 19:03:00,1,B8,BR4
2025-01-07 18:55:00,AGV_073,JOB_AGV_073_01071855,2025-01-07 18:56:00,0,B2,BR3
2025-01-07 18:55:00,AGV_091,JOB_AGV_091_01071855,2025-01-07 18:58:00,1,B8,BR1
2025-01-07 19:00:00,AGV_042,JOB_AGV_042_01071900,2025-01-07 19:17:00,1,B1,BR1
2025-01-07 19:05:00,AGV_043,JOB_AGV_043_01071905,2025-01-07 19:27:00,0,B8,BR3
2025-01-07 19:05:00,AGV_057,JOB_AGV_057_01071905,2025-01-07 19:22:00,1,B2,BR1
2025-01-07 19:05:00,AGV_083,JOB_AGV_083_01071905,2025-01-07 19:33:00,2,B5,BR2
2025-01-07 19:10:00,AGV_022,JOB_AGV_022_01071910,2025-01-07 21:10:00,0,B4,BR1
2025-01-07 19:10:00,AGV_050,JOB_AGV_050_01071910,2025-01-07 19:13:00,2,B7,BR2
2025-01-07 19:10:00,AGV_127,JOB_AGV_127_01071910,2025-01-07 19:12:00,0,B3,BR4
2025-01-07 19:15:00,AGV_017,JOB_AGV_017_01071915,2025-01-07 19:40:00,1,B8,BR2
2025-01-07 19:15:00,AGV_042,JOB_AGV_042_01071915,2025-01-07 19:46:00,1,B4,BR3
2025-01-07 19:15:00,AGV_125,JOB_AGV_125_01071915,2025-01-07 20:20:00,0,B7,BR4
2025-01-07 19:20:00,AGV_032,JOB_AGV_032_01071920,2025-01-07 19:58:00,0,B2,BR1
2025-01-07 19:20:00,AGV_047,JOB_AGV_047_01071920,2025-01-07 20:49:00,0,B7,BR2
2025-01-07 19:20:00,AGV_065,JOB_AGV_065_01071920,2025-01-07 19:23:00,1,B4,BR2
2025-01-07 19:20:00,AGV_089,JOB_AGV_089_01071920,2025-01-07 19:21:00,0,B7,BR4
2025-01-07 19:20:00,AGV_122,JOB_AGV_122_01071920,2025-01-07 20:16:00,0,B1,BR4
2025-01-07 19:20:00,AGV_124,JOB_AGV_124_01071920,2025-01-07 20:17:00,0,B3,BR4
2025-01-07 19:25:00,AGV_065,JOB_AGV_065_01071925,2025-01-07 19:25:00,1,B6,BR1
2025-01-07 19:30:00,AGV_035,JOB_AGV_035_01071930,2025-01-07 20:01:00,1,B5,BR1
2025-01-07 19:30:00,AGV_036,JOB_AGV_036_01071930,2025-01-07 19:49:00,1,B2,BR4
2025-01-07 19:30:00,AGV_037,JOB_AGV_037_01071930,2025-01-07 19:50:00,0,B5,BR1
2025-01-07 19:30:00,AGV_130,JOB_AGV_130_01071930,2025-01-07 20:23:00,1,B3,BR4
2025-01-07 19:35:00,AGV_037,JOB_AGV_037_01071935,2025-01-07 19:37:00,2,B1,BR4
2025-01-07 19:35:00,AGV_065,JOB_AGV_065_01071935,2025-01-07 21:13:00,0,B8,BR1
2025-01-07 19:35:00,AGV_110,JOB_AGV_110_01071935,2025-01-07 20:20:00,0,B1,BR1
2025-01-07 19:40:00,AGV_068,JOB_AGV_068_01071940,2025-01-07 21:15:00,0,B5,BR2
2025-01-07 19:40:00,AGV_069,JOB_AGV_069_01071940,2025-01-07 20:57:00,0,B2,BR2
2025-01-07 19:40:00,AGV_121,JOB_AGV_121_01071940,2025-01-07 19:52:00,0,B2,BR2
2025-01-07 19:40:00,AGV_123,JOB_AGV_123_01071940,2025-01-07 20:03:00,2,B6,BR2
2025-01-07 19:40:00,AGV_128,JOB_AGV_128_01071940,2025-01-07 20:55:00,0,B1,BR4
2025-01-07 19:45:00,AGV_043,JOB_AGV_043_01071945,2025-01-07 20:08:00,1,B6,BR3
2025-01-07 19:45:00,AGV_058,JOB_AGV_058_01071945,2025-01-07 19:56:00,0,B4,BR3
2025-01-07 19:50:00,AGV_019,JOB_AGV_019_01071950,2025-01-07 20:59:00,0,B2,BR1
2025-01-07 19:50:00,AGV_059,JOB_AGV_059_01071950,2025-01-07 19:51:00,1,B7,BR3
2025-01-07 19:55:00,AGV_046,JOB_AGV_046_01071955,2025-01-07 21:43:00,2,B7,BR1
2025-01-07 19:55:00,AGV_067,JOB_AGV_067_01071955,2025-01-07 21:34:00,0,B3,BR1
2025-01-07 19:55:00,AGV_082,JOB_AGV_082_01071955,2025-01-07 20:05:00,0,B4,BR3
2025-01-07 20:00:00,AGV_036,JOB_AGV_036_01072000,2025-01-07 20:25:00,1,B7,BR1
2025-01-07 20:00:00,AGV_092,JOB_AGV_092_01072000,2025-01-07 20:01:00,0,B8,BR2
2025-01-07 20:00:00,AGV_103,JOB_AGV_103_01072000,2025-01-07 20:21:00,1,B3,BR4
2025-01-07 20:10:00,AGV_020,JOB_AGV_020_01072010,2025-01-07 20:15:00,0,B4,BR2
2025-01-07 20:10:00,AGV_112,JOB_AGV_112_01072010,2025-01-07 20:20:00,2,B1,BR4
2025-01-07 20:10:00,AGV_124,JOB_AGV_124_01072010,2025-01-07 21:36:00,0,B5,BR3
2025-01-07 20:15:00,AGV_011,JOB_AGV_011_01072015,2025-01-07 20:32:00,0,B4,BR3
2025-01-07 20:15:00,AGV_054,JOB_AGV_054_01072015,2025-01-07 20:35:00,0,B5,BR3
2025-01-07 20:15:00,AGV_079,JOB_AGV_079_01072015,2025-01-07 22:02:00,0,B7,BR3
2025-01-07 20:15:00,AGV_116,JOB_AGV_116_01072015,2025-01-07 20:27:00,2,B4,BR1
2025-01-07 20:15:00,AGV_124,JOB_AGV_124_01072015,2025-01-07 20:25:00,2,B8,BR1
2025-01-07 20:20:00,AGV_016,JOB_AGV_016_01072020,2025-01-07 20:24:00,2,B4,BR1
2025-01-07 20:20:00,AGV_023,JOB_AGV_023_01072020,2025-01-07 20:45:00,0,B1,BR4
2025-01-07 20:20:00,AGV_100,JOB_AGV_100_01072020,2025-01-07 23:16:00,0,B7,BR4
2025-01-07 20:25:00,AGV_053,JOB_AGV_053_01072025,2025-01-07 20:54:00,0,B6,BR1
2025-01-07 20:25:00,AGV_081,JOB_AGV_081_01072025,2025-01-07 21:07:00,0,B6,BR3
2025-01-07 20:25:00,AGV_123,JOB_AGV_123_01072025,2025-01-07 21:39:00,0,B6,BR3
2025-01-07 20:30:00,AGV_109,JOB_AGV_109_01072030,2025-01-07 20:56:00,1,B8,BR4
2025-01-07 20:30:00,AGV_112,JOB_AGV_112_01072030,2025-01-07 20:51:00,0,B5,BR2
2025-01-07 20:35:00,AGV_002,JOB_AGV_002_01072035,2025-01-07 21:26:00,1,B6,BR4
2025-01-07 20:40:00,AGV_056,JOB_AGV_056_01072040,2025-01-07 20:45:00,0,B3,BR1
2025-01-07 20:40:00,AGV_090,JOB_AGV_090_01072040,2025-01-07 21:00:00,0,B8,BR3
2025-01-07 20:40:00,AGV_091,JOB_AGV_091_01072040,2025-01-07 20:43:00,0,B5,BR1
2025-01-07 20:45:00,AGV_119,JOB_AGV_119_01072045,2025-01-07 21:31:00,0,B8,BR2
2025-01-07 20:50:00,AGV_011,JOB_AGV_011_01072050,2025-01-07 21:02:00,0,B7,BR1
2025-01-07 20:50:00,AGV_013,JOB_AGV_013_01072050,2025-01-07 21:33:00,2,B2,BR4
2025-01-07 20:50:00,AGV_025,JOB_AGV_025_01072050,2025-01-07 21:03:00,1,B2,BR3
2025-01-07 20:50:00,AGV_068,JOB_AGV_068_01072050,2025-01-07 21:31:00,0,B3,BR2
2025-01-07 20:50:00,AGV_071,JOB_AGV_071_01072050,2025-01-07 20:55:00,2,B5,BR2
2025-01-07 20:50:00,AGV_083,JOB_AGV_083_01072050,2025-01-07 20:52:00,0,B7,BR2
2025-01-07 20:55:00,AGV_035,JOB_AGV_035_01072055,2025-01-07 21:10:00,1,B1,BR2
2025-01-07 20:55:00,AGV_083,JOB_AGV_083_01072055,2025-01-07 21:09:00,1,B7,BR3
2025-01-07 20:55:00,AGV_106,JOB_AGV_106_01072055,2025-01-07 21:29:00,2,B2,BR4
2025-01-07 20:55:00,AGV_116,JOB_AGV_116_01072055,2025-01-07 22:00:00,0,B6,BR3
2025-01-07 20:55:00,AGV_122,JOB_AGV_122_01072055,2025-01-07 21:35:00,2,B1,BR2
2025-01-07 21:05:00,AGV_059,JOB_AGV_059_01072105,2025-01-07 21:06:00,1,B4,BR2
2025-01-07 21:05:00,AGV_094,JOB_AGV_094_01072105,2025-01-07 21:15:00,0,B2,BR2
2025-01-07 21:05:00,AGV_102,JOB_AGV_102_01072105,2025-01-07 21:22:00,2,B4,BR3
2025-01-07 21:05:00,AGV_105,JOB_AGV_105_01072105,2025-01-07 21:07:00,1,B1,BR2
2025-01-07 21:10:00,AGV_003,JOB_AGV_003_01072110,2025-01-08 00:15:00,1,B8,BR4
2025-01-07 21:10:00,AGV_066,JOB_AGV_066_01072110,2025-01-07 21:37:00,1,B3,BR4
2025-01-07 21:10:00,AGV_067,JOB_AGV_067_01072110,2025-01-07 21:14:00,2,B3,BR4
2025-01-07 21:15:00,AGV_019,JOB_AGV_019_01072115,2025-01-07 21:16:00,0,B4,BR3
2025-01-07 21:20:00,AGV_107,JOB_AGV_107_01072120,2025-01-07 22:26:00,0,B1,BR2
2025-01-07 21:25:00,AGV_006,JOB_AGV_006_01072125,2025-01-07 21:25:00,1,B3,BR1
2025-01-07 21:25:00,AGV_022,JOB_AGV_022_01072125,2025-01-07 22:14:00,2,B3,BR1
2025-01-07 21:25:00,AGV_034,JOB_AGV_034_01072125,2025-01-07 21:38:00,0,B5,BR3
2025-01-07 21:25:00,AGV_106,JOB_AGV_106_01072125,2025-01-07 22:28:00,0,B6,BR4
2025-01-07 21:35:00,AGV_016,JOB_AGV_016_01072135,2025-01-07 21:38:00,1,B1,BR2
2025-01-07 21:35:00,AGV_065,JOB_AGV_065_01072135,2025-01-07 22:39:00,2,B3,BR4
2025-01-07 21:40:00,AGV_008,JOB_AGV_008_01072140,2025-01-07 21:43:00,1,B1,BR1
2025-01-07 21:40:00,AGV_112,JOB_AGV_112_01072140,2025-01-07 22:17:00,0,B7,BR3
2025-01-07 21:40:00,AGV_123,JOB_AGV_123_01072140,2025-01-07 21:58:00,1,B8,BR3
2025-01-07 21:40:00,AGV_127,JOB_AGV_127_01072140,2025-01-07 22:05:00,0,B3,BR1
2025-01-07 21:45:00,AGV_050,JOB_AGV_050_01072145,2025-01-07 21:49:00,0,B2,BR4
2025-01-07 21:45:00,AGV_051,JOB_AGV_051_01072145,2025-01-07 21:45:00,0,B8,BR1
2025-01-07 21:45:00,AGV_095,JOB_AGV_095_01072145,2025-01-07 21:48:00,2,B4,BR4
2025-01-07 21:50:00,AGV_024,JOB_AGV_024_01072150,2025-01-07 23:18:00,0,B1,BR2
2025-01-07 22:00:00,AGV_001,JOB_AGV_001_01072200,2025-01-07 22:13:00,0,B5,BR2
2025-01-07 22:05:00,AGV_020,JOB_AGV_020_01072205,2025-01-07 22:34:00,2,B1,BR4
2025-01-07 22:05:00,AGV_021,JOB_AGV_021_01072205,2025-01-07 22:05:00,1,B7,BR4
2025-01-07 22:05:00,AGV_078,JOB_AGV_078_01072205,2025-01-07 22:13:00,1,B6,BR1
2025-01-07 22:05:00,AGV_083,JOB_AGV_083_01072205,2025-01-07 23:41:00,1,B5,BR1
2025-01-07 22:10:00,AGV_065,JOB_AGV_065_01072210,2025-01-07 22:40:00,1,B1,BR1
2025-01-07 22:15:00,AGV_079,JOB_AGV_079_01072215,2025-01-07 22:20:00,0,B1,BR3
2025-01-07 22:15:00,AGV_096,JOB_AGV_096_01072215,2025-01-07 22:21:00,0,B2,BR3
2025-01-07 22:25:00,AGV_015,JOB_AGV_015_01072225,2025-01-07 22:27:00,0,B1,BR2
2025-01-07 22:25:00,AGV_021,JOB_AGV_021_01072225,2025-01-07 22:57:00,0,B3,BR1
2025-01-07 22:25:00,AGV_072,JOB_AGV_072_01072225,2025-01-07 22:33:00,1,B8,BR2
2025-01-07 22:25:00,AGV_074,JOB_AGV_074_01072225,2025-01-07 23:09:00,1,B2,BR4
2025-01-07 22:25:00,AGV_093,JOB_AGV_093_01072225,2025-01-08 00:32:00,1,B6,BR3
2025-01-07 22:25:00,AGV_127,JOB_AGV_127_01072225,2025-01-07 22:36:00,2,B2,BR1
2025-01-07 22:30:00,AGV_069,JOB_AGV_069_01072230,2025-01-07 22:33:00,0,B2,BR4
2025-01-07 22:30:00,AGV_073,JOB_AGV_073_01072230,2025-01-07 22:41:00,1,B4,BR3
2025-01-07 22:30:00,AGV_099,JOB_AGV_099_01072230,2025-01-08 00:23:00,1,B6,BR2
2025-01-07 22:35:00,AGV_003,JOB_AGV_003_01072235,2025-01-07 22:46:00,0,B4,BR4
2025-01-07 22:35:00,AGV_008,JOB_AGV_008_01072235,2025-01-07 22:42:00,0,B6,BR4
2025-01-07 22:35:00,AGV_022,JOB_AGV_022_01072235,2025-01-07 22:35:00,2,B6,BR1
2025-01-07 22:35:00,AGV_049,JOB_AGV_049_01072235,2025-01-07 23:00:00,0,B5,BR2
2025-01-07 22:35:00,AGV_057,JOB_AGV_057_01072235,2025-01-08 00:08:00,0,B7,BR3
2025-01-07 22:40:00,AGV_005,JOB_AGV_005_01072240,2025-01-08 00:02:00,0,B1,BR1
2025-01-07 22:40:00,AGV_029,JOB_AGV_029_01072240,2025-01-07 22:55:00,0,B6,BR2
2025-01-07 22:40:00,AGV_079,JOB_AGV_079_01072240,2025-01-07 23:24:00,0,B1,BR4
2025-01-07 22:40:00,AGV_103,JOB_AGV_103_01072240,2025-01-07 22:45:00,0,B2,BR4
2025-01-07 22:45:00,AGV_071,JOB_AGV_071_01072245,2025-01-07 23:52:00,0,B2,BR2
2025-01-07 22:50:00,AGV_017,JOB_AGV_017_01072250,2025-01-07 23:48:00,0,B4,BR1
2025-01-07 22:50:00,AGV_069,JOB_AGV_069_01072250,2025-01-07 23:17:00,2,B5,BR3
2025-01-07 22:50:00,AGV_115,JOB_AGV_115_01072250,2025-01-07 23:00:00,1,B4,BR2
2025-01-07 22:55:00,AGV_022,JOB_AGV_022_01072255,2025-01-07 23:03:00,0,B2,BR3
2025-01-07 22:55:00,AGV_088,JOB_AGV_088_01072255,2025-01-07 23:23:00,1,B4,BR3
2025-01-07 23:00:00,AGV_004,JOB_AGV_004_01072300,2025-01-07 23:16:00,0,B7,BR1
2025-01-07 23:00:00,AGV_115,JOB_AGV_115_01072300,2025-01-07 23:16:00,0,B7,BR4
2025-01-07 23:10:00,AGV_017,JOB_AGV_017_01072310,2025-01-07 23:12:00,0,B5,BR2
2025-01-07 23:10:00,AGV_095,JOB_AGV_095_01072310,2025-01-07 23:10:00,1,B5,BR4
2025-01-07 23:15:00,AGV_076,JOB_AGV_076_01072315,2025-01-07 23:58:00,0,B8,BR3
2025-01-07 23:15:00,AGV_079,JOB_AGV_079_01072315,2025-01-07 23:23:00,1,B8,BR4
2025-01-07 23:15:00,AGV_081,JOB_AGV_081_01072315,2025-01-07 23:24:00,2,B1,BR4
2025-01-07 23:15:00,AGV_089,JOB_AGV_089_01072315,2025-01-07 23:51:00,1,B8,BR1
2025-01-07 23:20:00,AGV_001,JOB_AGV_001_01072320,2025-01-08 00:12:00,1,B3,BR2
2025-01-07 23:20:00,AGV_043,JOB_AGV_043_01072320,2025-01-07 23:26:00,1,B2,BR2
2025-01-07 23:20:00,AGV_099,JOB_AGV_099_01072320,2025-01-07 23:51:00,0,B3,BR4
2025-01-07 23:20:00,AGV_103,JOB_AGV_103_01072320,2025-01-08 00:37:00,0,B7,BR3
2025-01-07 23:20:00,AGV_105,JOB_AGV_105_01072320,2025-01-08 01:40:00,0,B8,BR2
2025-01-07 23:25:00,AGV_003,JOB_AGV_003_01072325,2025-01-07 23:50:00,1,B1,BR4
2025-01-07 23:30:00,AGV_012,JOB_AGV_012_01072330,2025-01-07 23:45:00,0,B4,BR2
2025-01-07 23:30:00,AGV_088,JOB_AGV_088_01072330,2025-01-07 23:34:00,1,B4,BR4
2025-01-07 23:35:00,AGV_027,JOB_AGV_027_01072335,2025-01-07 23:56:00,0,B8,BR2
2025-01-07 23:35:00,AGV_033,JOB_AGV_033_01072335,2025-01-07 23:42:00,2,B4,BR3
2025-01-07 23:35:00,AGV_044,JOB_AGV_044_01072335,2025-01-08 00:39:00,2,B2,BR3
2025-01-07 23:35:00,AGV_098,JOB_AGV_098_01072335,2025-01-08 01:11:00,1,B2,BR4
2025-01-07 23:40:00,AGV_020,JOB_AGV_020_01072340,2025-01-07 23:50:00,0,B4,BR1
2025-01-07 23:40:00,AGV_021,JOB_AGV_021_01072340,2025-01-08 01:45:00,0,B5,BR3
2025-01-07 23:40:00,AGV_100,JOB_AGV_100_01072340,2025-01-07 23:50:00,1,B3,BR4
2025-01-07 23:45:00,AGV_019,JOB_AGV_019_01072345,2025-01-08 00:16:00,1,B3,BR2
2025-01-07 23:45:00,AGV_036,JOB_AGV_036_01072345,2025-01-07 23:57:00,0,B7,BR4
2025-01-07 23:50:00,AGV_007,JOB_AGV_007_01072350,2025-01-08 00:13:00,2,B1,BR1
2025-01-07 23:50:00,AGV_014,JOB_AGV_014_01072350,2025-01-07 23:51:00,0,B4,BR1
2025-01-07 23:55:00,AGV_006,JOB_AGV_006_01072355,2025-01-08 00:36:00,0,B2,BR2
2025-01-07 23:55:00,AGV_020,JOB_AGV_020_01072355,2025-01-08 00:12:00,1,B5,BR2
2025-01-07 23:55:00,AGV_049,JOB_AGV_049_01072355,2025-01-07 23:58:00,1,B6,BR2
2025-01-07 23:55:00,AGV_069,JOB_AGV_069_01072355,2025-01-08 00:46:00,0,B3,BR4
2025-01-08 00:00:00,AGV_001,JOB_AGV_001_01080000,2025-01-08 00:24:00,2,B5,BR3
2025-01-08 00:00:00,AGV_066,JOB_AGV_066_01080000,2025-01-08 00:25:00,0,B1,BR1
2025-01-08 00:00:00,AGV_073,JOB_AGV_073_01080000,2025-01-08 00:17:00,0,B6,BR2
2025-01-08 00:05:00,AGV_019,JOB_AGV_019_01080005,2025-01-08 01:15:00,0,B7,BR3
2025-01-08 00:05:00,AGV_022,JOB_AGV_022_01080005,2025-01-08 00:24:00,0,B2,BR2
2025-01-08 00:05:00,AGV_061,JOB_AGV_061_01080005,2025-01-08 01:57:00,0,B5,BR3
2025-01-08 00:05:00,AGV_094,JOB_AGV_094_01080005,2025-01-08 00:25:00,0,B7,BR2
2025-01-08 00:05:00,AGV_115,JOB_AGV_115_01080005,2025-01-08 00:17:00,0,B2,BR2
2025-01-08 00:10:00,AGV_008,JOB_AGV_008_01080010,2025-01-08 00:31:00,0,B4,BR4
2025-01-08 00:10:00,AGV_018,JOB_AGV_018_01080010,2025-01-08 00:12:00,0,B3,BR3
2025-01-08 00:10:00,AGV_092,JOB_AGV_092_01080010,2025-01-08 00:37:00,0,B6,BR1
2025-01-08 00:10:00,AGV_093,JOB_AGV_093_01080010,2025-01-08 00:25:00,0,B6,BR1
2025-01-08 00:10:00,AGV_100,JOB_AGV_100_01080010,2025-01-08 00:13:00,2,B4,BR3
2025-01-08 00:10:00,AGV_101,JOB_AGV_101_01080010,2025-01-08 00:55:00,0,B2,BR3
2025-01-08 00:15:00,AGV_105,JOB_AGV_105_01080015,2025-01-08 00:22:00,0,B7,BR1
2025-01-08 00:15:00,AGV_130,JOB_AGV_130_01080015,2025-01-08 01:35:00,0,B6,BR4
2025-01-08 00:20:00,AGV_028,JOB_AGV_028_01080020,2025-01-08 00:25:00,1,B5,BR2
2025-01-08 00:20:00,AGV_063,JOB_AGV_063_01080020,2025-01-08 00:43:00,0,B5,BR3
2025-01-08 00:20:00,AGV_108,JOB_AGV_108_01080020,2025-01-08 00:27:00,0,B2,BR4
2025-01-08 00:25:00,AGV_024,JOB_AGV_024_01080025,2025-01-08 01:49:00,0,B5,BR1
2025-01-08 00:25:00,AGV_032,JOB_AGV_032_01080025,2025-01-08 01:00:00,0,B5,BR2
2025-01-08 00:25:00,AGV_037,JOB_AGV_037_01080025,2025-01-08 00:59:00,2,B7,BR1
2025-01-08 00:25:00,AGV_111,JOB_AGV_111_01080025,2025-01-08 00:38:00,0,B3,BR2
2025-01-08 00:30:00,AGV_031,JOB_AGV_031_01080030,2025-01-08 00:44:00,0,B6,BR3
2025-01-08 00:30:00,AGV_048,JOB_AGV_048_01080030,2025-01-08 00:43:00,0,B3,BR4
2025-01-08 00:30:00,AGV_054,JOB_AGV_054_01080030,2025-01-08 01:05:00,2,B3,BR4
2025-01-08 00:30:00,AGV_084,JOB_AGV_084_01080030,2025-01-08 00:31:00,0,B7,BR4
2025-01-08 00:35:00,AGV_079,JOB_AGV_079_01080035,2025-01-08 00:38:00,0,B6,BR4
2025-01-08 00:40:00,AGV_069,JOB_AGV_069_01080040,2025-01-08 00:47:00,0,B2,BR3
2025-01-08 00:40:00,AGV_075,JOB_AGV_075_01080040,2025-01-08 02:06:00,1,B6,BR1
2025-01-08 00:45:00,AGV_068,JOB_AGV_068_01080045,2025-01-08 01:03:00,2,B8,BR1
2025-01-08 00:45:00,AGV_121,JOB_AGV_121_01080045,2025-01-08 01:22:00,0,B4,BR1
2025-01-08 00:50:00,AGV_051,JOB_AGV_051_01080050,2025-01-08 01:06:00,1,B2,BR4
2025-01-08 00:55:00,AGV_072,JOB_AGV_072_01080055,2025-01-08 01:06:00,1,B3,BR1
2025-01-08 00:55:00,AGV_075,JOB_AGV_075_01080055,2025-01-08 01:11:00,2,B3,BR4
2025-01-08 00:55:00,AGV_118,JOB_AGV_118_01080055,2025-01-08 00:55:00,1,B1,BR4
2025-01-08 01:00:00,AGV_020,JOB_AGV_020_01080100,2025-01-08 02:16:00,1,B3,BR4
2025-01-08 01:00:00,AGV_058,JOB_AGV_058_01080100,2025-01-08 01:24:00,0,B2,BR2
2025-01-08 01:00:00,AGV_084,JOB_AGV_084_01080100,2025-01-08 01:18:00,0,B3,BR3
2025-01-08 01:00:00,AGV_086,JOB_AGV_086_01080100,2025-01-08 01:57:00,1,B6,BR1
2025-01-08 01:05:00,AGV_062,JOB_AGV_062_01080105,2025-01-08 01:31:00,1,B1,BR3
2025-01-08 01:05:00,AGV_111,JOB_AGV_111_01080105,2025-01-08 01:36:00,1,B1,BR2
2025-01-08 01:10:00,AGV_039,JOB_AGV_039_01080110,2025-01-08 01:41:00,1,B6,BR4
2025-01-08 01:10:00,AGV_060,JOB_AGV_060_01080110,2025-01-08 01:23:00,1,B8,BR4
2025-01-08 01:15:00,AGV_007,JOB_AGV_007_01080115,2025-01-08 01:43:00,1,B4,BR2
2025-01-08 01:15:00,AGV_119,JOB_AGV_119_01080115,2025-01-08 01:22:00,2,B8,BR2
2025-01-08 01:20:00,AGV_034,JOB_AGV_034_01080120,2025-01-08 01:50:00,0,B2,BR3
2025-01-08 01:20:00,AGV_039,JOB_AGV_039_01080120,2025-01-08 01:55:00,2,B8,BR4
2025-01-08 01:20:00,AGV_058,JOB_AGV_058_01080120,2025-01-08 01:30:00,0,B4,BR2
2025-01-08 01:20:00,AGV_061,JOB_AGV_061_01080120,2025-01-08 02:20:00,0,B4,BR1
2025-01-08 01:25:00,AGV_010,JOB_AGV_010_01080125,2025-01-08 01:44:00,1,B6,BR3
2025-01-08 01:25:00,AGV_104,JOB_AGV_104_01080125,2025-01-08 01:51:00,2,B1,BR4
2025-01-08 01:35:00,AGV_115,JOB_AGV_115_01080135,2025-01-08 01:55:00,0,B8,BR2
2025-01-08 01:40:00,AGV_028,JOB_AGV_028_01080140,2025-01-08 01:56:00,1,B1,BR3
2025-01-08 01:40:00,AGV_095,JOB_AGV_095_01080140,2025-01-08 03:23:00,1,B3,BR3
2025-01-08 01:45:00,AGV_089,JOB_AGV_089_01080145,2025-01-08 01:46:00,0,B4,BR4
2025-01-08 01:50:00,AGV_111,JOB_AGV_111_01080150,2025-01-08 02:38:00,1,B4,BR4
2025-01-08 01:55:00,AGV_070,JOB_AGV_070_01080155,2025-01-08 02:12:00,0,B5,BR2
2025-01-08 01:55:00,AGV_102,JOB_AGV_102_01080155,2025-01-08 02:01:00,0,B6,BR1
2025-01-08 01:55:00,AGV_116,JOB_AGV_116_01080155,2025-01-08 02:02:00,1,B4,BR1
2025-01-08 01:55:00,AGV_125,JOB_AGV_125_01080155,2025-01-08 03:05:00,0,B7,BR4
2025-01-08 01:55:00,AGV_128,JOB_AGV_128_01080155,2025-01-08 05:05:00,0,B6,BR2
2025-01-08 02:00:00,AGV_096,JOB_AGV_096_01080200,2025-01-08 02:04:00,0,B6,BR1
2025-01-08 02:05:00,AGV_017,JOB_AGV_017_01080205,2025-01-08 02:41:00,1,B3,BR1
2025-01-08 02:05:00,AGV_048,JOB_AGV_048_01080205,2025-01-08 02:17:00,1,B6,BR3
2025-01-08 02:05:00,AGV_052,JOB_AGV_052_01080205,2025-01-08 02:11:00,0,B3,BR2
2025-01-08 02:10:00,AGV_038,JOB_AGV_038_01080210,2025-01-08 02:13:00,1,B3,BR1
2025-01-08 02:10:00,AGV_062,JOB_AGV_062_01080210,2025-01-08 02:36:00,2,B8,BR4
2025-01-08 02:10:00,AGV_063,JOB_AGV_063_01080210,2025-01-08 03:09:00,2,B3,BR1
2025-01-08 02:10:00,AGV_076,JOB_AGV_076_01080210,2025-01-08 03:42:00,0,B2,BR4
2025-01-08 02:15:00,AGV_021,JOB_AGV_021_01080215,2025-01-08 02:23:00,1,B3,BR3
2025-01-08 02:15:00,AGV_035,JOB_AGV_035_01080215,2025-01-08 02:24:00,2,B3,BR3
2025-01-08 02:15:00,AGV_128,JOB_AGV_128_01080215,2025-01-08 02:22:00,1,B4,BR4
2025-01-08 02:20:00,AGV_036,JOB_AGV_036_01080220,2025-01-08 02:32:00,2,B5,BR3
2025-01-08 02:20:00,AGV_044,JOB_AGV_044_01080220,2025-01-08 02:26:00,1,B5,BR2
2025-01-08 02:20:00,AGV_069,JOB_AGV_069_01080220,2025-01-08 06:04:00,0,B6,BR1
2025-01-08 02:20:00,AGV_093,JOB_AGV_093_01080220,2025-01-08 03:13:00,0,B1,BR3
2025-01-08 02:20:00,AGV_095,JOB_AGV_095_01080220,2025-01-08 02:29:00,1,B3,BR4
2025-01-08 02:20:00,AGV_109,JOB_AGV_109_01080220,2025-01-08 02:30:00,0,B4,BR1
2025-01-08 02:30:00,AGV_025,JOB_AGV_025_01080230,2025-01-08 03:09:00,1,B6,BR1
2025-01-08 02:30:00,AGV_029,JOB_AGV_029_01080230,2025-01-08 02:49:00,0,B7,BR2
2025-01-08 02:35:00,AGV_025,JOB_AGV_025_01080235,2025-01-08 04:26:00,0,B7,BR1
2025-01-08 02:35:00,AGV_074,JOB_AGV_074_01080235,2025-01-08 02:43:00,1,B3,BR3
2025-01-08 02:35:00,AGV_110,JOB_AGV_110_01080235,2025-01-08 03:10:00,1,B8,BR4
2025-01-08 02:40:00,AGV_057,JOB_AGV_057_01080240,2025-01-08 03:09:00,2,B5,BR2
2025-01-08 02:40:00,AGV_092,JOB_AGV_092_01080240,2025-01-08 03:01:00,0,B8,BR1
2025-01-08 02:45:00,AGV_054,JOB_AGV_054_01080245,2025-01-08 03:35:00,2,B1,BR3
2025-01-08 02:55:00,AGV_009,JOB_AGV_009_01080255,2025-01-08 03:02:00,1,B1,BR1
2025-01-08 02:55:00,AGV_052,JOB_AGV_052_01080255,2025-01-08 02:56:00,1,B3,BR2
2025-01-08 02:55:00,AGV_114,JOB_AGV_114_01080255,2025-01-08 03:04:00,2,B3,BR3
2025-01-08 03:00:00,AGV_109,JOB_AGV_109_01080300,2025-01-08 03:32:00,1,B5,BR2
2025-01-08 03:05:00,AGV_068,JOB_AGV_068_01080305,2025-01-08 03:06:00,1,B3,BR4
2025-01-08 03:10:00,AGV_032,JOB_AGV_032_01080310,2025-01-08 03:50:00,0,B6,BR2
2025-01-08 03:10:00,AGV_074,JOB_AGV_074_01080310,2025-01-08 03:47:00,0,B8,BR2
2025-01-08 03:10:00,AGV_089,JOB_AGV_089_01080310,2025-01-08 03:14:00,0,B6,BR1
2025-01-08 03:15:00,AGV_078,JOB_AGV_078_01080315,2025-01-08 03:42:00,1,B2,BR4
2025-01-08 03:15:00,AGV_117,JOB_AGV_117_01080315,2025-01-08 03:18:00,0,B5,BR3
2025-01-08 03:15:00,AGV_120,JOB_AGV_120_01080315,2025-01-08 03:47:00,0,B7,BR3
2025-01-08 03:20:00,AGV_002,JOB_AGV_002_01080320,2025-01-08 03:20:00,0,B8,BR4
2025-01-08 03:20:00,AGV_049,JOB_AGV_049_01080320,2025-01-08 03:25:00,0,B6,BR4
2025-01-08 03:20:00,AGV_101,JOB_AGV_101_01080320,2025-01-08 03:29:00,2,B3,BR2
2025-01-08 03:25:00,AGV_113,JOB_AGV_113_01080325,2025-01-08 03:35:00,1,B1,BR3
2025-01-08 03:25:00,AGV_124,JOB_AGV_124_01080325,2025-01-08 04:04:00,2,B4,BR3
2025-01-08 03:30:00,AGV_013,JOB_AGV_013_01080330,2025-01-08 03:41:00,1,B4,BR3
2025-01-08 03:30:00,AGV_047,JOB_AGV_047_01080330,2025-01-08 03:37:00,0,B8,BR2
2025-01-08 03:30:00,AGV_084,JOB_AGV_084_01080330,2025-01-08 04:39:00,2,B3,BR4
2025-01-08 03:30:00,AGV_107,JOB_AGV_107_01080330,2025-01-08 03:44:00,0,B6,BR4
2025-01-08 03:35:00,AGV_016,JOB_AGV_016_01080335,2025-01-08 04:16:00,1,B6,BR4
2025-01-08 03:35:00,AGV_017,JOB_AGV_017_01080335,2025-01-08 04:00:00,2,B3,BR2
2025-01-08 03:40:00,AGV_007,JOB_AGV_007_01080340,2025-01-08 04:21:00,0,B3,BR3
2025-01-08 03:40:00,AGV_031,JOB_AGV_031_01080340,2025-01-08 04:00:00,0,B8,BR2
2025-01-08 03:40:00,AGV_065,JOB_AGV_065_01080340,2025-01-08 04:07:00,0,B7,BR4
2025-01-08 03:40:00,AGV_097,JOB_AGV_097_01080340,2025-01-08 04:56:00,0,B7,BR3
2025-01-08 03:45:00,AGV_021,JOB_AGV_021_01080345,2025-01-08 03:46:00,2,B6,BR2
2025-01-08 03:45:00,AGV_037,JOB_AGV_037_01080345,2025-01-08 05:21:00,0,B6,BR2
2025-01-08 03:45:00,AGV_050,JOB_AGV_050_01080345,2025-01-08 03:46:00,0,B1,BR4
2025-01-08 03:45:00,AGV_072,JOB_AGV_072_01080345,2025-01-08 04:02:00,0,B7,BR4
2025-01-08 03:45:00,AGV_073,JOB_AGV_073_01080345,2025-01-08 04:00:00,0,B7,BR3
2025-01-08 03:45:00,AGV_078,JOB_AGV_078_01080345,2025-01-08 03:47:00,1,B5,BR2
2025-01-08 03:50:00,AGV_024,JOB_AGV_024_01080350,2025-01-08 04:08:00,1,B8,BR3
2025-01-08 03:50:00,AGV_065,JOB_AGV_065_01080350,2025-01-08 04:42:00,2,B4,BR3
2025-01-08 03:50:00,AGV_088,JOB_AGV_088_01080350,2025-01-08 04:45:00,0,B2,BR3
2025-01-08 03:50:00,AGV_105,JOB_AGV_105_01080350,2025-01-08 04:32:00,0,B2,BR2
2025-01-08 03:55:00,AGV_087,JOB_AGV_087_01080355,2025-01-08 03:55:00,1,B3,BR3
2025-01-08 03:55:00,AGV_130,JOB_AGV_130_01080355,2025-01-08 04:15:00,0,B3,BR4
2025-01-08 04:00:00,AGV_064,JOB_AGV_064_01080400,2025-01-08 04:21:00,0,B8,BR3
2025-01-08 04:00:00,AGV_071,JOB_AGV_071_01080400,2025-01-08 04:23:00,0,B4,BR2
2025-01-08 04:00:00,AGV_096,JOB_AGV_096_01080400,2025-01-08 04:43:00,0,B8,BR3
2025-01-08 04:00:00,AGV_119,JOB_AGV_119_01080400,2025-01-08 04:26:00,0,B2,BR4
2025-01-08 04:05:00,AGV_069,JOB_AGV_069_01080405,2025-01-08 05:02:00,0,B1,BR4
2025-01-08 04:10:00,AGV_050,JOB_AGV_050_01080410,2025-01-08 04:36:00,2,B6,BR1
2025-01-08 04:10:00,AGV_052,JOB_AGV_052_01080410,2025-01-08 04:40:00,0,B6,BR1
2025-01-08 04:15:00,AGV_112,JOB_AGV_112_01080415,2025-01-08 04:27:00,1,B7,BR3
2025-01-08 04:20:00,AGV_015,JOB_AGV_015_01080420,2025-01-08 04:23:00,0,B1,BR4
2025-01-08 04:20:00,AGV_085,JOB_AGV_085_01080420,2025-01-08 06:49:00,1,B5,BR4
2025-01-08 04:20:00,AGV_106,JOB_AGV_106_01080420,2025-01-08 05:48:00,2,B8,BR1
2025-01-08 04:25:00,AGV_018,JOB_AGV_018_01080425,2025-01-08 04:25:00,2,B4,BR4
2025-01-08 04:25:00,AGV_039,JOB_AGV_039_01080425,2025-01-08 05:56:00,1,B4,BR2
2025-01-08 04:25:00,AGV_106,JOB_AGV_106_01080425,2025-01-08 05:51:00,2,B3,BR1
2025-01-08 04:30:00,AGV_010,JOB_AGV_010_01080430,2025-01-08 05:28:00,1,B2,BR4
2025-01-08 04:35:00,AGV_008,JOB_AGV_008_01080435,2025-01-08 04:56:00,2,B3,BR2
2025-01-08 04:35:00,AGV_061,JOB_AGV_061_01080435,2025-01-08 05:06:00,1,B6,BR1
2025-01-08 04:35:00,AGV_080,JOB_AGV_080_01080435,2025-01-08 05:01:00,1,B8,BR4
2025-01-08 04:35:00,AGV_127,JOB_AGV_127_01080435,2025-01-08 04:49:00,0,B2,BR1
2025-01-08 04:40:00,AGV_024,JOB_AGV_024_01080440,2025-01-08 04:52:00,0,B2,BR3
2025-01-08 04:45:00,AGV_024,JOB_AGV_024_01080445,2025-01-08 05:21:00,0,B6,BR4
2025-01-08 04:45:00,AGV_066,JOB_AGV_066_01080445,2025-01-08 05:10:00,0,B5,BR2
2025-01-08 04:45:00,AGV_103,JOB_AGV_103_01080445,2025-01-08 05:37:00,2,B1,BR2
2025-01-08 04:45:00,AGV_113,JOB_AGV_113_01080445,2025-01-08 05:08:00,0,B6,BR2
2025-01-08 04:50:00,AGV_033,JOB_AGV_033_01080450,2025-01-08 05:07:00,0,B5,BR3
2025-01-08 04:50:00,AGV_075,JOB_AGV_075_01080450,2025-01-08 04:52:00,1,B6,BR2
2025-01-08 04:50:00,AGV_126,JOB_AGV_126_01080450,2025-01-08 04:54:00,0,B3,BR2
2025-01-08 04:55:00,AGV_041,JOB_AGV_041_01080455,2025-01-08 04:55:00,1,B2,BR3
2025-01-08 04:55:00,AGV_057,JOB_AGV_057_01080455,2025-01-08 05:16:00,2,B5,BR1
2025-01-08 05:00:00,AGV_006,JOB_AGV_006_01080500,2025-01-08 05:09:00,0,B1,BR2
2025-01-08 05:00:00,AGV_012,JOB_AGV_012_01080500,2025-01-08 06:38:00,1,B7,BR4
2025-01-08 05:00:00,AGV_050,JOB_AGV_050_01080500,2025-01-08 05:11:00,0,B4,BR3
2025-01-08 05:00:00,AGV_054,JOB_AGV_054_01080500,2025-01-08 05:02:00,1,B4,BR4
2025-01-08 05:00:00,AGV_078,JOB_AGV_078_01080500,2025-01-08 05:18:00,1,B8,BR2
2025-01-08 05:00:00,AGV_124,JOB_AGV_124_01080500,2025-01-08 05:21:00,1,B7,BR3
2025-01-08 05:05:00,AGV_128,JOB_AGV_128_01080505,2025-01-08 05:37:00,1,B4,BR4
2025-01-08 05:20:00,AGV_056,JOB_AGV_056_01080520,2025-01-08 06:46:00,1,B7,BR3
2025-01-08 05:20:00,AGV_079,JOB_AGV_079_01080520,2025-01-08 05:49:00,0,B6,BR4
2025-01-08 05:25:00,AGV_005,JOB_AGV_005_01080525,2025-01-08 06:16:00,0,B7,BR3
2025-01-08 05:30:00,AGV_033,JOB_AGV_033_01080530,2025-01-08 05:36:00,1,B1,BR3
2025-01-08 05:30:00,AGV_095,JOB_AGV_095_01080530,2025-01-08 05:41:00,2,B6,BR1
2025-01-08 05:30:00,AGV_097,JOB_AGV_097_01080530,2025-01-08 06:20:00,0,B2,BR4
2025-01-08 05:35:00,AGV_104,JOB_AGV_104_01080535,2025-01-08 05:51:00,0,B4,BR2
2025-01-08 05:35:00,AGV_115,JOB_AGV_115_01080535,2025-01-08 06:08:00,0,B4,BR1
2025-01-08 05:40:00,AGV_009,JOB_AGV_009_01080540,2025-01-08 06:30:00,1,B3,BR4
2025-01-08 05:40:00,AGV_034,JOB_AGV_034_01080540,2025-01-08 05:45:00,0,B6,BR2
2025-01-08 05:40:00,AGV_044,JOB_AGV_044_01080540,2025-01-08 05:50:00,0,B6,BR4
2025-01-08 05:45:00,AGV_012,JOB_AGV_012_01080545,2025-01-08 07:38:00,1,B3,BR3
2025-01-08 05:50:00,AGV_036,JOB_AGV_036_01080550,2025-01-08 06:35:00,0,B5,BR2
2025-01-08 05:50:00,AGV_086,JOB_AGV_086_01080550,2025-01-08 06:06:00,1,B1,BR4
2025-01-08 05:50:00,AGV_089,JOB_AGV_089_01080550,2025-01-08 06:27:00,0,B1,BR2
2025-01-08 05:55:00,AGV_041,JOB_AGV_041_01080555,2025-01-08 05:57:00,0,B6,BR4
2025-01-08 05:55:00,AGV_109,JOB_AGV_109_01080555,2025-01-08 06:44:00,0,B5,BR4
2025-01-08 06:00:00,AGV_102,JOB_AGV_102_01080600,2025-01-08 06:15:00,1,B5,BR3
2025-01-08 06:05:00,AGV_005,JOB_AGV_005_01080605,2025-01-08 06:20:00,0,B6,BR1
2025-01-08 06:05:00,AGV_020,JOB_AGV_020_01080605,2025-01-08 06:08:00,0,B3,BR2
2025-01-08 06:05:00,AGV_051,JOB_AGV_051_01080605,2025-01-08 06:35:00,2,B3,BR4
2025-01-08 06:05:00,AGV_078,JOB_AGV_078_01080605,2025-01-08 06:42:00,1,B2,BR3
2025-01-08 06:05:00,AGV_099,JOB_AGV_099_01080605,2025-01-08 06:50:00,0,B1,BR3
2025-01-08 06:05:00,AGV_104,JOB_AGV_104_01080605,2025-01-08 06:59:00,2,B6,BR1
2025-01-08 06:10:00,AGV_020,JOB_AGV_020_01080610,2025-01-08 06:13:00,0,B4,BR4
2025-01-08 06:10:00,AGV_063,JOB_AGV_063_01080610,2025-01-08 06:32:00,0,B1,BR2
2025-01-08 06:10:00,AGV_065,JOB_AGV_065_01080610,2025-01-08 06:11:00,0,B4,BR2
2025-01-08 06:15:00,AGV_044,JOB_AGV_044_01080615,2025-01-08 06:21:00,0,B1,BR1
2025-01-08 06:15:00,AGV_080,JOB_AGV_080_01080615,2025-01-08 06:15:00,0,B1,BR3
2025-01-08 06:15:00,AGV_085,JOB_AGV_085_01080615,2025-01-08 07:17:00,1,B6,BR2
2025-01-08 06:25:00,AGV_013,JOB_AGV_013_01080625,2025-01-08 06:54:00,0,B4,BR3
2025-01-08 06:30:00,AGV_124,JOB_AGV_124_01080630,2025-01-08 06:42:00,0,B2,BR3
2025-01-08 06:35:00,AGV_121,JOB_AGV_121_01080635,2025-01-08 07:27:00,1,B2,BR3
2025-01-08 06:40:00,AGV_040,JOB_AGV_040_01080640,2025-01-08 06:46:00,1,B6,BR2
2025-01-08 06:40:00,AGV_100,JOB_AGV_100_01080640,2025-01-08 06:40:00,1,B2,BR3
2025-01-08 06:45:00,AGV_015,JOB_AGV_015_01080645,2025-01-08 06:50:00,0,B3,BR2
2025-01-08 06:45:00,AGV_034,JOB_AGV_034_01080645,2025-01-08 07:06:00,1,B8,BR3
2025-01-08 06:45:00,AGV_108,JOB_AGV_108_01080645,2025-01-08 08:12:00,2,B3,BR2
2025-01-08 06:50:00,AGV_058,JOB_AGV_058_01080650,2025-01-08 06:53:00,0,B2,BR1
2025-01-08 06:50:00,AGV_063,JOB_AGV_063_01080650,2025-01-08 06:52:00,1,B2,BR4
2025-01-08 06:55:00,AGV_082,JOB_AGV_082_01080655,2025-01-08 07:45:00,1,B6,BR1
2025-01-08 06:55:00,AGV_114,JOB_AGV_114_01080655,2025-01-08 07:56:00,0,B8,BR1
2025-01-08 06:55:00,AGV_130,JOB_AGV_130_01080655,2025-01-08 07:43:00,0,B2,BR2
2025-01-08 07:00:00,AGV_089,JOB_AGV_089_01080700,2025-01-08 09:07:00,0,B4,BR1
2025-01-08 07:00:00,AGV_097,JOB_AGV_097_01080700,2025-01-08 08:05:00,0,B3,BR1
2025-01-08 07:05:00,AGV_018,JOB_AGV_018_01080705,2025-01-08 08:16:00,0,B4,BR4
2025-01-08 07:05:00,AGV_043,JOB_AGV_043_01080705,2025-01-08 07:07:00,1,B2,BR4
2025-01-08 07:05:00,AGV_095,JOB_AGV_095_01080705,2025-01-08 07:07:00,1,B1,BR1
2025-01-08 07:10:00,AGV_073,JOB_AGV_073_01080710,2025-01-08 07:12:00,1,B5,BR4
2025-01-08 07:10:00,AGV_093,JOB_AGV_093_01080710,2025-01-08 07:31:00,0,B2,BR4
2025-01-08 07:15:00,AGV_015,JOB_AGV_015_01080715,2025-01-08 07:20:00,1,B3,BR3
2025-01-08 07:15:00,AGV_049,JOB_AGV_049_01080715,2025-01-08 08:58:00,0,B7,BR3
2025-01-08 07:15:00,AGV_101,JOB_AGV_101_01080715,2025-01-08 07:46:00,0,B5,BR4
2025-01-08 07:15:00,AGV_112,JOB_AGV_112_01080715,2025-01-08 07:30:00,1,B8,BR4
2025-01-08 07:20:00,AGV_030,JOB_AGV_030_01080720,2025-01-08 08:08:00,2,B2,BR4
2025-01-08 07:20:00,AGV_039,JOB_AGV_039_01080720,2025-01-08 07:35:00,2,B5,BR4
2025-01-08 07:20:00,AGV_052,JOB_AGV_052_01080720,2025-01-08 07:50:00,1,B1,BR1
2025-01-08 07:20:00,AGV_103,JOB_AGV_103_01080720,2025-01-08 07:43:00,0,B3,BR1
2025-01-08 07:25:00,AGV_024,JOB_AGV_024_01080725,2025-01-08 07:26:00,1,B2,BR2
2025-01-08 07:25:00,AGV_087,JOB_AGV_087_01080725,2025-01-08 07:38:00,0,B2,BR1
2025-01-08 07:25:00,AGV_113,JOB_AGV_113_01080725,2025-01-08 07:36:00,0,B5,BR3
2025-01-08 07:30:00,AGV_001,JOB_AGV_001_01080730,2025-01-08 09:16:00,1,B4,BR1
2025-01-08 07:30:00,AGV_013,JOB_AGV_013_01080730,2025-01-08 07:30:00,0,B7,BR2
2025-01-08 07:30:00,AGV_077,JOB_AGV_077_01080730,2025-01-08 08:14:00,0,B5,BR1
2025-01-08 07:30:00,AGV_106,JOB_AGV_106_01080730,2025-01-08 07:36:00,1,B3,BR1
2025-01-08 07:40:00,AGV_012,JOB_AGV_012_01080740,2025-01-08 07:44:00,0,B5,BR1
2025-01-08 07:40:00,AGV_020,JOB_AGV_020_01080740,2025-01-08 08:27:00,1,B6,BR4
2025-01-08 07:40:00,AGV_035,JOB_AGV_035_01080740,2025-01-08 07:57:00,1,B3,BR1
2025-01-08 07:40:00,AGV_039,JOB_AGV_039_01080740,2025-01-08 08:10:00,1,B1,BR4
2025-01-08 07:50:00,AGV_101,JOB_AGV_101_01080750,2025-01-08 08:09:00,0,B2,BR4
2025-01-08 07:50:00,AGV_113,JOB_AGV_113_01080750,2025-01-08 08:08:00,1,B5,BR4
2025-01-08 07:55:00,AGV_066,JOB_AGV_066_01080755,2025-01-08 08:09:00,1,B1,BR2
2025-01-08 07:55:00,AGV_085,JOB_AGV_085_01080755,2025-01-08 08:03:00,0,B7,BR4
2025-01-08 07:55:00,AGV_088,JOB_AGV_088_01080755,2025-01-08 07:57:00,2,B2,BR4
2025-01-08 08:00:00,AGV_054,JOB_AGV_054_01080800,2025-01-08 08:03:00,1,B6,BR4
2025-01-08 08:00:00,AGV_098,JOB_AGV_098_01080800,2025-01-08 08:15:00,1,B2,BR4
2025-01-08 08:00:00,AGV_114,JOB_AGV_114_01080800,2025-01-08 08:01:00,0,B1,BR2
2025-01-08 08:05:00,AGV_030,JOB_AGV_030_01080805,2025-01-08 08:09:00,0,B8,BR2
2025-01-08 08:05:00,AGV_111,JOB_AGV_111_01080805,2025-01-08 08:24:00,1,B4,BR3
2025-01-08 08:10:00,AGV_001,JOB_AGV_001_01080810,2025-01-08 09:35:00,2,B3,BR2
2025-01-08 08:10:00,AGV_046,JOB_AGV_046_01080810,2025-01-08 09:07:00,0,B1,BR1
2025-01-08 08:10:00,AGV_063,JOB_AGV_063_01080810,2025-01-08 09:03:00,0,B8,BR1
2025-01-08 08:10:00,AGV_068,JOB_AGV_068_01080810,2025-01-08 08:17:00,2,B8,BR3
2025-01-08 08:10:00,AGV_098,JOB_AGV_098_01080810,2025-01-08 09:04:00,0,B1,BR2
2025-01-08 08:10:00,AGV_113,JOB_AGV_113_01080810,2025-01-08 08:13:00,0,B2,BR2
2025-01-08 08:20:00,AGV_087,JOB_AGV_087_01080820,2025-01-08 08:49:00,0,B6,BR1
2025-01-08 08:20:00,AGV_121,JOB_AGV_121_01080820,2025-01-08 08:26:00,0,B3,BR4
2025-01-08 08:25:00,AGV_069,JOB_AGV_069_01080825,2025-01-08 09:22:00,0,B6,BR4
2025-01-08 08:30:00,AGV_025,JOB_AGV_025_01080830,2025-01-08 09:19:00,0,B6,BR4
2025-01-08 08:30:00,AGV_120,JOB_AGV_120_01080830,2025-01-08 09:39:00,2,B2,BR4
2025-01-08 08:35:00,AGV_108,JOB_AGV_108_01080835,2025-01-08 08:50:00,1,B1,BR2
2025-01-08 08:40:00,AGV_002,JOB_AGV_002_01080840,2025-01-08 08:51:00,2,B8,BR4
2025-01-08 08:40:00,AGV_082,JOB_AGV_082_01080840,2025-01-08 08:43:00,1,B5,BR4
2025-01-08 08:45:00,AGV_017,JOB_AGV_017_01080845,2025-01-08 09:11:00,0,B4,BR2
2025-01-08 08:45:00,AGV_018,JOB_AGV_018_01080845,2025-01-08 09:29:00,0,B8,BR2
2025-01-08 08:45:00,AGV_055,JOB_AGV_055_01080845,2025-01-08 10:28:00,2,B7,BR3
2025-01-08 08:45:00,AGV_062,JOB_AGV_062_01080845,2025-01-08 08:51:00,2,B2,BR3
2025-01-08 08:45:00,AGV_079,JOB_AGV_079_01080845,2025-01-08 10:41:00,0,B3,BR1
2025-01-08 08:45:00,AGV_122,JOB_AGV_122_01080845,2025-01-08 09:47:00,1,B2,BR1
2025-01-08 08:50:00,AGV_008,JOB_AGV_008_01080850,2025-01-08 08:59:00,1,B5,BR1
2025-01-08 08:50:00,AGV_020,JOB_AGV_020_01080850,2025-01-08 09:11:00,1,B8,BR2
2025-01-08 08:50:00,AGV_057,JOB_AGV_057_01080850,2025-01-08 14:02:00,0,B3,BR4
2025-01-08 08:50:00,AGV_073,JOB_AGV_073_01080850,2025-01-08 08:54:00,0,B7,BR1
2025-01-08 08:50:00,AGV_099,JOB_AGV_099_01080850,2025-01-08 09:32:00,1,B6,BR2
2025-01-08 08:55:00,AGV_012,JOB_AGV_012_01080855,2025-01-08 09:21:00,0,B6,BR4
2025-01-08 08:55:00,AGV_037,JOB_AGV_037_01080855,2025-01-08 09:44:00,0,B3,BR2
2025-01-08 08:55:00,AGV_051,JOB_AGV_051_01080855,2025-01-08 10:27:00,2,B1,BR3
2025-01-08 09:00:00,AGV_017,JOB_AGV_017_01080900,2025-01-08 09:01:00,2,B7,BR2
2025-01-08 09:00:00,AGV_025,JOB_AGV_025_01080900,2025-01-08 09:03:00,2,B2,BR2
2025-01-08 09:00:00,AGV_105,JOB_AGV_105_01080900,2025-01-08 09:19:00,0,B1,BR1
2025-01-08 09:00:00,AGV_112,JOB_AGV_112_01080900,2025-01-08 10:34:00,1,B8,BR3
2025-01-08 09:00:00,AGV_121,JOB_AGV_121_01080900,2025-01-08 09:06:00,0,B6,BR2
2025-01-08 09:05:00,AGV_103,JOB_AGV_103_01080905,2025-01-08 09:10:00,2,B6,BR4
2025-01-08 09:05:00,AGV_109,JOB_AGV_109_01080905,2025-01-08 09:10:00,2,B8,BR3
2025-01-08 09:05:00,AGV_117,JOB_AGV_117_01080905,2025-01-08 09:05:00,0,B3,BR2
2025-01-08 09:10:00,AGV_028,JOB_AGV_028_01080910,2025-01-08 09:24:00,0,B6,BR2
2025-01-08 09:10:00,AGV_047,JOB_AGV_047_01080910,2025-01-08 10:37:00,1,B4,BR2
2025-01-08 09:10:00,AGV_048,JOB_AGV_048_01080910,2025-01-08 10:37:00,0,B5,BR1
2025-01-08 09:10:00,AGV_079,JOB_AGV_079_01080910,2025-01-08 09:51:00,1,B2,BR4
2025-01-08 09:10:00,AGV_087,JOB_AGV_087_01080910,2025-01-08 09:11:00,2,B6,BR3
2025-01-08 09:10:00,AGV_092,JOB_AGV_092_01080910,2025-01-08 09:51:00,1,B3,BR3
2025-01-08 09:10:00,AGV_109,JOB_AGV_109_01080910,2025-01-08 10:15:00,1,B6,BR4
2025-01-08 09:15:00,AGV_032,JOB_AGV_032_01080915,2025-01-08 09:21:00,1,B7,BR2
2025-01-08 09:15:00,AGV_036,JOB_AGV_036_01080915,2025-01-08 09:17:00,1,B1,BR2
2025-01-08 09:15:00,AGV_038,JOB_AGV_038_01080915,2025-01-08 10:17:00,0,B4,BR1
2025-01-08 09:15:00,AGV_053,JOB_AGV_053_01080915,2025-01-08 09:23:00,0,B3,BR1
2025-01-08 09:15:00,AGV_122,JOB_AGV_122_01080915,2025-01-08 09:54:00,1,B5,BR3
2025-01-08 09:15:00,AGV_127,JOB_AGV_127_01080915,2025-01-08 09:39:00,0,B5,BR1
2025-01-08 09:15:00,AGV_128,JOB_AGV_128_01080915,2025-01-08 09:21:00,0,B2,BR1
2025-01-08 09:20:00,AGV_063,JOB_AGV_063_01080920,2025-01-08 09:40:00,2,B3,BR2
2025-01-08 09:20:00,AGV_094,JOB_AGV_094_01080920,2025-01-08 10:29:00,1,B1,BR4
2025-01-08 09:20:00,AGV_127,JOB_AGV_127_01080920,2025-01-08 09:21:00,0,B6,BR4
2025-01-08 09:25:00,AGV_018,JOB_AGV_018_01080925,2025-01-08 09:29:00,0,B4,BR1
2025-01-08 09:25:00,AGV_103,JOB_AGV_103_01080925,2025-01-08 09:26:00,2,B4,BR2
2025-01-08 09:25:00,AGV_113,JOB_AGV_113_01080925,2025-01-08 09:45:00,1,B2,BR1
2025-01-08 09:30:00,AGV_043,JOB_AGV_043_01080930,2025-01-08 09:38:00,1,B8,BR3
2025-01-08 09:30:00,AGV_100,JOB_AGV_100_01080930,2025-01-08 09:58:00,1,B4,BR1
2025-01-08 09:35:00,AGV_027,JOB_AGV_027_01080935,2025-01-08 10:37:00,0,B3,BR1
2025-01-08 09:35:00,AGV_037,JOB_AGV_037_01080935,2025-01-08 10:28:00,0,B2,BR3
2025-01-08 09:35:00,AGV_041,JOB_AGV_041_01080935,2025-01-08 11:06:00,1,B3,BR1
2025-01-08 09:40:00,AGV_002,JOB_AGV_002_01080940,2025-01-08 09:42:00,0,B5,BR1
2025-01-08 09:40:00,AGV_050,JOB_AGV_050_01080940,2025-01-08 09:48:00,0,B6,BR2
2025-01-08 09:40:00,AGV_065,JOB_AGV_065_01080940,2025-01-08 09:47:00,0,B5,BR4
2025-01-08 09:45:00,AGV_087,JOB_AGV_087_01080945,2025-01-08 09:52:00,1,B8,BR1
2025-01-08 09:50:00,AGV_102,JOB_AGV_102_01080950,2025-01-08 09:58:00,0,B6,BR3
2025-01-08 09:55:00,AGV_101,JOB_AGV_101_01080955,2025-01-08 09:56:00,2,B4,BR2
2025-01-08 10:00:00,AGV_076,JOB_AGV_076_01081000,2025-01-08 10:04:00,0,B8,BR2
2025-01-08 10:00:00,AGV_117,JOB_AGV_117_01081000,2025-01-08 10:28:00,1,B7,BR1
2025-01-08 10:00:00,AGV_125,JOB_AGV_125_01081000,2025-01-08 10:11:00,0,B1,BR1
2025-01-08 10:05:00,AGV_088,JOB_AGV_088_01081005,2025-01-08 11:21:00,1,B4,BR1
2025-01-08 10:05:00,AGV_099,JOB_AGV_099_01081005,2025-01-08 10:28:00,0,B8,BR4
2025-01-08 10:10:00,AGV_056,JOB_AGV_056_01081010,2025-01-08 10:18:00,0,B2,BR3
2025-01-08 10:10:00,AGV_067,JOB_AGV_067_01081010,2025-01-08 10:27:00,1,B5,BR3
2025-01-08 10:10:00,AGV_122,JOB_AGV_122_01081010,2025-01-08 11:04:00,0,B3,BR1
2025-01-08 10:15:00,AGV_041,JOB_AGV_041_01081015,2025-01-08 10:15:00,1,B5,BR3
2025-01-08 10:20:00,AGV_017,JOB_AGV_017_01081020,2025-01-08 11:47:00,1,B8,BR1
2025-01-08 10:20:00,AGV_044,JOB_AGV_044_01081020,2025-01-08 11:03:00,0,B8,BR1
2025-01-08 10:20:00,AGV_069,JOB_AGV_069_01081020,2025-01-08 10:51:00,0,B6,BR3
2025-01-08 10:20:00,AGV_098,JOB_AGV_098_01081020,2025-01-08 10:26:00,0,B3,BR2
2025-01-08 10:20:00,AGV_111,JOB_AGV_111_01081020,2025-01-08 10:40:00,0,B8,BR3
2025-01-08 10:25:00,AGV_050,JOB_AGV_050_01081025,2025-01-08 10:26:00,1,B2,BR1
2025-01-08 10:25:00,AGV_109,JOB_AGV_109_01081025,2025-01-08 10:50:00,2,B1,BR4
2025-01-08 10:30:00,AGV_092,JOB_AGV_092_01081030,2025-01-08 10:56:00,2,B7,BR1
2025-01-08 10:30:00,AGV_130,JOB_AGV_130_01081030,2025-01-08 10:31:00,1,B3,BR4
2025-01-08 10:35:00,AGV_046,JOB_AGV_046_01081035,2025-01-08 10:48:00,1,B7,BR2
2025-01-08 10:35:00,AGV_056,JOB_AGV_056_01081035,2025-01-08 13:30:00,0,B1,BR3
2025-01-08 10:40:00,AGV_016,JOB_AGV_016_01081040,2025-01-08 11:03:00,0,B2,BR4
2025-01-08 10:45:00,AGV_005,JOB_AGV_005_01081045,2025-01-08 11:18:00,2,B8,BR4
2025-01-08 10:45:00,AGV_024,JOB_AGV_024_01081045,2025-01-08 11:08:00,0,B8,BR1
2025-01-08 10:45:00,AGV_064,JOB_AGV_064_01081045,2025-01-08 11:41:00,0,B3,BR2
2025-01-08 10:50:00,AGV_044,JOB_AGV_044_01081050,2025-01-08 11:52:00,0,B5,BR1
2025-01-08 10:50:00,AGV_074,JOB_AGV_074_01081050,2025-01-08 10:58:00,2,B2,BR3
2025-01-08 10:55:00,AGV_037,JOB_AGV_037_01081055,2025-01-08 11:13:00,1,B6,BR4
2025-01-08 10:55:00,AGV_102,JOB_AGV_102_01081055,2025-01-08 10:56:00,2,B4,BR4
2025-01-08 10:55:00,AGV_130,JOB_AGV_130_01081055,2025-01-08 11:49:00,2,B5,BR3
2025-01-08 11:00:00,AGV_010,JOB_AGV_010_01081100,2025-01-08 11:35:00,0,B7,BR4
2025-01-08 11:00:00,AGV_055,JOB_AGV_055_01081100,2025-01-08 11:18:00,1,B8,BR3
2025-01-08 11:00:00,AGV_122,JOB_AGV_122_01081100,2025-01-08 11:03:00,0,B6,BR2
2025-01-08 11:05:00,AGV_005,JOB_AGV_005_01081105,2025-01-08 11:19:00,1,B1,BR2
2025-01-08 11:05:00,AGV_011,JOB_AGV_011_01081105,2025-01-08 12:04:00,1,B6,BR4
2025-01-08 11:05:00,AGV_124,JOB_AGV_124_01081105,2025-01-08 11:32:00,0,B1,BR4
2025-01-08 11:10:00,AGV_011,JOB_AGV_011_01081110,2025-01-08 12:01:00,0,B6,BR3
2025-01-08 11:10:00,AGV_045,JOB_AGV_045_01081110,2025-01-08 11:24:00,1,B2,BR1
2025-01-08 11:10:00,AGV_094,JOB_AGV_094_01081110,2025-01-08 11:47:00,1,B2,BR1
2025-01-08 11:15:00,AGV_017,JOB_AGV_017_01081115,2025-01-08 11:29:00,1,B7,BR4
2025-01-08 11:15:00,AGV_044,JOB_AGV_044_01081115,2025-01-08 11:20:00,2,B4,BR1
2025-01-08 11:15:00,AGV_056,JOB_AGV_056_01081115,2025-01-08 11:27:00,0,B1,BR2
2025-01-08 11:15:00,AGV_103,JOB_AGV_103_01081115,2025-01-08 11:19:00,0,B2,BR2
2025-01-08 11:15:00,AGV_104,JOB_AGV_104_01081115,2025-01-08 11:18:00,0,B6,BR3
2025-01-08 11:20:00,AGV_050,JOB_AGV_050_01081120,2025-01-08 12:42:00,1,B3,BR2
2025-01-08 11:20:00,AGV_091,JOB_AGV_091_01081120,2025-01-08 12:36:00,0,B3,BR2
2025-01-08 11:20:00,AGV_107,JOB_AGV_107_01081120,2025-01-08 12:08:00,0,B3,BR1
2025-01-08 11:20:00,AGV_113,JOB_AGV_113_01081120,2025-01-08 12:06:00,2,B6,BR2
2025-01-08 11:25:00,AGV_007,JOB_AGV_007_01081125,2025-01-08 11:33:00,0,B1,BR1
2025-01-08 11:25:00,AGV_072,JOB_AGV_072_01081125,2025-01-08 11:51:00,1,B2,BR2
2025-01-08 11:25:00,AGV_078,JOB_AGV_078_01081125,2025-01-08 11:30:00,0,B2,BR4
2025-01-08 11:25:00,AGV_107,JOB_AGV_107_01081125,2025-01-08 11:26:00,0,B7,BR2
2025-01-08 11:25:00,AGV_109,JOB_AGV_109_01081125,2025-01-08 11:31:00,1,B4,BR4
2025-01-08 11:25:00,AGV_128,JOB_AGV_128_01081125,2025-01-08 11:31:00,2,B3,BR1
2025-01-08 11:30:00,AGV_130,JOB_AGV_130_01081130,2025-01-08 11:55:00,0,B1,BR3
2025-01-08 11:35:00,AGV_030,JOB_AGV_030_01081135,2025-01-08 12:18:00,0,B1,BR2
2025-01-08 11:35:00,AGV_084,JOB_AGV_084_01081135,2025-01-08 12:20:00,1,B5,BR1
2025-01-08 11:35:00,AGV_127,JOB_AGV_127_01081135,2025-01-08 12:03:00,1,B4,BR1
2025-01-08 11:40:00,AGV_066,JOB_AGV_066_01081140,2025-01-08 12:53:00,2,B1,BR2
2025-01-08 11:40:00,AGV_078,JOB_AGV_078_01081140,2025-01-08 12:32:00,0,B2,BR3
2025-01-08 11:45:00,AGV_021,JOB_AGV_021_01081145,2025-01-08 11:53:00,1,B8,BR4
2025-01-08 11:45:00,AGV_071,JOB_AGV_071_01081145,2025-01-08 11:47:00,1,B5,BR2
2025-01-08 11:45:00,AGV_101,JOB_AGV_101_01081145,2025-01-08 12:09:00,0,B5,BR2
2025-01-08 11:50:00,AGV_003,JOB_AGV_003_01081150,2025-01-08 11:55:00,0,B8,BR4
2025-01-08 11:50:00,AGV_027,JOB_AGV_027_01081150,2025-01-08 11:54:00,1,B2,BR3
2025-01-08 11:50:00,AGV_068,JOB_AGV_068_01081150,2025-01-08 12:00:00,0,B7,BR4
2025-01-08 11:50:00,AGV_088,JOB_AGV_088_01081150,2025-01-08 12:17:00,0,B1,BR1
2025-01-08 11:50:00,AGV_116,JOB_AGV_116_01081150,2025-01-08 12:22:00,0,B5,BR1
2025-01-08 11:50:00,AGV_118,JOB_AGV_118_01081150,2025-01-08 13:13:00,1,B5,BR1
2025-01-08 11:55:00,AGV_090,JOB_AGV_090_01081155,2025-01-08 11:59:00,1,B3,BR3
2025-01-08 11:55:00,AGV_104,JOB_AGV_104_01081155,2025-01-08 11:55:00,0,B1,BR3
2025-01-08 12:00:00,AGV_011,JOB_AGV_011_01081200,2025-01-08 12:03:00,0,B4,BR3
2025-01-08 12:00:00,AGV_021,JOB_AGV_021_01081200,2025-01-08 12:12:00,2,B7,BR2
2025-01-08 12:00:00,AGV_022,JOB_AGV_022_01081200,2025-01-08 12:24:00,0,B6,BR4
2025-01-08 12:00:00,AGV_059,JOB_AGV_059_01081200,2025-01-08 12:18:00,0,B8,BR4
2025-01-08 12:00:00,AGV_067,JOB_AGV_067_01081200,2025-01-08 12:04:00,0,B8,BR3
2025-01-08 12:05:00,AGV_106,JOB_AGV_106_01081205,2025-01-08 13:49:00,2,B2,BR2
2025-01-08 12:05:00,AGV_108,JOB_AGV_108_01081205,2025-01-08 12:47:00,0,B3,BR2
2025-01-08 12:10:00,AGV_005,JOB_AGV_005_01081210,2025-01-08 12:53:00,0,B8,BR1
2025-01-08 12:10:00,AGV_021,JOB_AGV_021_01081210,2025-01-08 13:20:00,0,B8,BR1
2025-01-08 12:10:00,AGV_094,JOB_AGV_094_01081210,2025-01-08 13:17:00,0,B1,BR2
2025-01-08 12:15:00,AGV_015,JOB_AGV_015_01081215,2025-01-08 12:57:00,1,B8,BR2
2025-01-08 12:15:00,AGV_026,JOB_AGV_026_01081215,2025-01-08 12:54:00,1,B5,BR2
2025-01-08 12:15:00,AGV_099,JOB_AGV_099_01081215,2025-01-08 12:26:00,1,B3,BR1
2025-01-08 12:20:00,AGV_054,JOB_AGV_054_01081220,2025-01-08 12:37:00,1,B1,BR2
2025-01-08 12:20:00,AGV_066,JOB_AGV_066_01081220,2025-01-08 12:24:00,0,B1,BR2
2025-01-08 12:20:00,AGV_110,JOB_AGV_110_01081220,2025-01-08 12:53:00,0,B3,BR2
2025-01-08 12:25:00,AGV_017,JOB_AGV_017_01081225,2025-01-08 12:46:00,0,B5,BR4
2025-01-08 12:30:00,AGV_016,JOB_AGV_016_01081230,2025-01-08 12:45:00,0,B6,BR4
2025-01-08 12:30:00,AGV_045,JOB_AGV_045_01081230,2025-01-08 12:32:00,0,B6,BR1
2025-01-08 12:30:00,AGV_093,JOB_AGV_093_01081230,2025-01-08 13:30:00,0,B3,BR3
2025-01-08 12:30:00,AGV_119,JOB_AGV_119_01081230,2025-01-08 12:49:00,0,B1,BR1
2025-01-08 12:35:00,AGV_056,JOB_AGV_056_01081235,2025-01-08 13:27:00,2,B4,BR2
2025-01-08 12:40:00,AGV_035,JOB_AGV_035_01081240,2025-01-08 12:53:00,0,B5,BR4
2025-01-08 12:40:00,AGV_057,JOB_AGV_057_01081240,2025-01-08 13:53:00,1,B5,BR3
2025-01-08 12:40:00,AGV_096,JOB_AGV_096_01081240,2025-01-08 12:48:00,2,B3,BR3
2025-01-08 12:40:00,AGV_121,JOB_AGV_121_01081240,2025-01-08 13:11:00,0,B2,BR1
2025-01-08 12:40:00,AGV_130,JOB_AGV_130_01081240,2025-01-08 15:09:00,2,B6,BR3
2025-01-08 12:45:00,AGV_063,JOB_AGV_063_01081245,2025-01-08 13:39:00,0,B8,BR2
2025-01-08 12:50:00,AGV_019,JOB_AGV_019_01081250,2025-01-08 12:57:00,1,B4,BR4
2025-01-08 12:50:00,AGV_047,JOB_AGV_047_01081250,2025-01-08 12:54:00,0,B5,BR4
2025-01-08 12:50:00,AGV_053,JOB_AGV_053_01081250,2025-01-08 13:18:00,1,B4,BR2
2025-01-08 12:50:00,AGV_101,JOB_AGV_101_01081250,2025-01-08 13:03:00,0,B3,BR2
2025-01-08 12:55:00,AGV_062,JOB_AGV_062_01081255,2025-01-08 14:42:00,2,B4,BR3
2025-01-08 13:00:00,AGV_021,JOB_AGV_021_01081300,2025-01-08 13:03:00,0,B7,BR4
2025-01-08 13:00:00,AGV_057,JOB_AGV_057_01081300,2025-01-08 13:16:00,1,B6,BR2
2025-01-08 13:00:00,AGV_087,JOB_AGV_087_01081300,2025-01-08 14:17:00,1,B1,BR3
2025-01-08 13:00:00,AGV_094,JOB_AGV_094_01081300,2025-01-08 13:13:00,0,B3,BR2
2025-01-08 13:05:00,AGV_073,JOB_AGV_073_01081305,2025-01-08 15:05:00,0,B7,BR3
2025-01-08 13:05:00,AGV_130,JOB_AGV_130_01081305,2025-01-08 13:25:00,1,B7,BR3
2025-01-08 13:10:00,AGV_077,JOB_AGV_077_01081310,2025-01-08 13:39:00,0,B8,BR4
2025-01-08 13:10:00,AGV_103,JOB_AGV_103_01081310,2025-01-08 13:30:00,0,B1,BR2
2025-01-08 13:10:00,AGV_113,JOB_AGV_113_01081310,2025-01-08 14:22:00,1,B8,BR4
2025-01-08 13:15:00,AGV_030,JOB_AGV_030_01081315,2025-01-08 13:21:00,1,B4,BR2
2025-01-08 13:15:00,AGV_087,JOB_AGV_087_01081315,2025-01-08 14:20:00,1,B5,BR4
2025-01-08 13:15:00,AGV_099,JOB_AGV_099_01081315,2025-01-08 13:16:00,1,B5,BR4
2025-01-08 13:20:00,AGV_033,JOB_AGV_033_01081320,2025-01-08 13:29:00,1,B8,BR1
2025-01-08 13:20:00,AGV_124,JOB_AGV_124_01081320,2025-01-08 14:01:00,2,B7,BR4
2025-01-08 13:25:00,AGV_014,JOB_AGV_014_01081325,2025-01-08 13:37:00,2,B5,BR1
2025-01-08 13:25:00,AGV_023,JOB_AGV_023_01081325,2025-01-08 13:25:00,1,B5,BR2
2025-01-08 13:25:00,AGV_055,JOB_AGV_055_01081325,2025-01-08 14:10:00,0,B3,BR1
2025-01-08 13:25:00,AGV_089,JOB_AGV_089_01081325,2025-01-08 14:08:00,0,B4,BR4
2025-01-08 13:30:00,AGV_059,JOB_AGV_059_01081330,2025-01-08 13:41:00,1,B6,BR4
2025-01-08 13:30:00,AGV_077,JOB_AGV_077_01081330,2025-01-08 15:17:00,1,B3,BR1
2025-01-08 13:40:00,AGV_026,JOB_AGV_026_01081340,2025-01-08 13:43:00,0,B8,BR3
2025-01-08 13:40:00,AGV_034,JOB_AGV_034_01081340,2025-01-08 13:46:00,1,B8,BR1
2025-01-08 13:40:00,AGV_038,JOB_AGV_038_01081340,2025-01-08 13:44:00,2,B8,BR1
2025-01-08 13:40:00,AGV_062,JOB_AGV_062_01081340,2025-01-08 14:12:00,0,B3,BR3
2025-01-08 13:40:00,AGV_100,JOB_AGV_100_01081340,2025-01-08 13:53:00,0,B5,BR4
2025-01-08 13:45:00,AGV_104,JOB_AGV_104_01081345,2025-01-08 14:29:00,1,B6,BR1
2025-01-08 13:50:00,AGV_010,JOB_AGV_010_01081350,2025-01-08 13:53:00,1,B7,BR1
2025-01-08 13:50:00,AGV_012,JOB_AGV_012_01081350,2025-01-08 13:57:00,2,B6,BR3
2025-01-08 13:50:00,AGV_041,JOB_AGV_041_01081350,2025-01-08 14:00:00,0,B7,BR4
2025-01-08 13:50:00,AGV_048,JOB_AGV_048_01081350,2025-01-08 14:14:00,0,B2,BR4
2025-01-08 13:55:00,AGV_009,JOB_AGV_009_01081355,2025-01-08 14:08:00,2,B7,BR4
2025-01-08 13:55:00,AGV_067,JOB_AGV_067_01081355,2025-01-08 14:33:00,1,B7,BR3
2025-01-08 13:55:00,AGV_079,JOB_AGV_079_01081355,2025-01-08 14:19:00,1,B3,BR2
2025-01-08 13:55:00,AGV_108,JOB_AGV_108_01081355,2025-01-08 16:31:00,1,B6,BR1
2025-01-08 13:55:00,AGV_130,JOB_AGV_130_01081355,2025-01-08 14:21:00,1,B2,BR3
2025-01-08 14:00:00,AGV_043,JOB_AGV_043_01081400,2025-01-08 14:03:00,2,B2,BR1
2025-01-08 14:05:00,AGV_004,JOB_AGV_004_01081405,2025-01-08 18:02:00,0,B4,BR1
2025-01-08 14:05:00,AGV_027,JOB_AGV_027_01081405,2025-01-08 14:26:00,0,B6,BR4
2025-01-08 14:05:00,AGV_062,JOB_AGV_062_01081405,2025-01-08 14:37:00,0,B8,BR2
2025-01-08 14:05:00,AGV_077,JOB_AGV_077_01081405,2025-01-08 14:19:00,1,B7,BR1
2025-01-08 14:05:00,AGV_093,JOB_AGV_093_01081405,2025-01-08 14:13:00,1,B2,BR4
2025-01-08 14:05:00,AGV_109,JOB_AGV_109_01081405,2025-01-08 14:37:00,0,B2,BR1
2025-01-08 14:10:00,AGV_088,JOB_AGV_088_01081410,2025-01-08 14:53:00,1,B7,BR2
2025-01-08 14:15:00,AGV_049,JOB_AGV_049_01081415,2025-01-08 14:17:00,0,B3,BR3
2025-01-08 14:15:00,AGV_052,JOB_AGV_052_01081415,2025-01-08 14:22:00,0,B5,BR1
2025-01-08 14:20:00,AGV_030,JOB_AGV_030_01081420,2025-01-08 15:34:00,1,B1,BR1
2025-01-08 14:20:00,AGV_080,JOB_AGV_080_01081420,2025-01-08 14:33:00,0,B6,BR1
2025-01-08 14:20:00,AGV_121,JOB_AGV_121_01081420,2025-01-08 14:37:00,2,B3,BR4
2025-01-08 14:25:00,AGV_123,JOB_AGV_123_01081425,2025-01-08 14:47:00,1,B5,BR4
2025-01-08 14:30:00,AGV_100,JOB_AGV_100_01081430,2025-01-08 14:31:00,0,B1,BR3
2025-01-08 14:35:00,AGV_041,JOB_AGV_041_01081435,2025-01-08 14:37:00,0,B1,BR4
2025-01-08 14:35:00,AGV_055,JOB_AGV_055_01081435,2025-01-08 14:44:00,0,B7,BR3
2025-01-08 14:35:00,AGV_058,JOB_AGV_058_01081435,2025-01-08 15:02:00,1,B1,BR2
2025-01-08 14:40:00,AGV_006,JOB_AGV_006_01081440,2025-01-08 14:57:00,0,B1,BR4
2025-01-08 14:40:00,AGV_099,JOB_AGV_099_01081440,2025-01-08 15:05:00,0,B3,BR3
2025-01-08 14:40:00,AGV_104,JOB_AGV_104_01081440,2025-01-08 16:24:00,1,B1,BR4
2025-01-08 14:45:00,AGV_043,JOB_AGV_043_01081445,2025-01-08 14:54:00,0,B1,BR2
2025-01-08 14:45:00,AGV_058,JOB_AGV_058_01081445,2025-01-08 14:57:00,2,B8,BR2
2025-01-08 14:50:00,AGV_022,JOB_AGV_022_01081450,2025-01-08 14:50:00,0,B8,BR1
2025-01-08 14:55:00,AGV_014,JOB_AGV_014_01081455,2025-01-08 14:59:00,1,B3,BR2
2025-01-08 14:55:00,AGV_022,JOB_AGV_022_01081455,2025-01-08 14:55:00,1,B2,BR4
2025-01-08 14:55:00,AGV_092,JOB_AGV_092_01081455,2025-01-08 15:07:00,1,B7,BR1
2025-01-08 14:55:00,AGV_111,JOB_AGV_111_01081455,2025-01-08 19:37:00,0,B5,BR4
2025-01-08 15:00:00,AGV_039,JOB_AGV_039_01081500,2025-01-08 15:20:00,1,B7,BR1
2025-01-08 15:00:00,AGV_054,JOB_AGV_054_01081500,2025-01-08 15:24:00,0,B5,BR4
2025-01-08 15:00:00,AGV_097,JOB_AGV_097_01081500,2025-01-08 15:03:00,0,B7,BR1
2025-01-08 15:00:00,AGV_102,JOB_AGV_102_01081500,2025-01-08 16:07:00,1,B6,BR1
2025-01-08 15:00:00,AGV_114,JOB_AGV_114_01081500,2025-01-08 15:09:00,0,B1,BR4
2025-01-08 15:00:00,AGV_124,JOB_AGV_124_01081500,2025-01-08 15:36:00,0,B5,BR4
2025-01-08 15:05:00,AGV_019,JOB_AGV_019_01081505,2025-01-08 15:33:00,1,B1,BR1
2025-01-08 15:05:00,AGV_049,JOB_AGV_049_01081505,2025-01-08 16:02:00,2,B4,BR1
2025-01-08 15:10:00,AGV_010,JOB_AGV_010_01081510,2025-01-08 15:13:00,2,B7,BR2
2025-01-08 15:10:00,AGV_055,JOB_AGV_055_01081510,2025-01-08 15:39:00,1,B2,BR1
2025-01-08 15:10:00,AGV_103,JOB_AGV_103_01081510,2025-01-08 15:27:00,0,B7,BR4
2025-01-08 15:10:00,AGV_105,JOB_AGV_105_01081510,2025-01-08 16:00:00,0,B8,BR2
2025-01-08 15:15:00,AGV_001,JOB_AGV_001_01081515,2025-01-08 18:40:00,1,B8,BR3
2025-01-08 15:15:00,AGV_032,JOB_AGV_032_01081515,2025-01-08 15:53:00,1,B5,BR1
2025-01-08 15:15:00,AGV_035,JOB_AGV_035_01081515,2025-01-08 15:37:00,0,B6,BR1
2025-01-08 15:15:00,AGV_064,JOB_AGV_064_01081515,2025-01-08 20:09:00,1,B1,BR1
2025-01-08 15:15:00,AGV_084,JOB_AGV_084_01081515,2025-01-08 16:36:00,0,B4,BR2
2025-01-08 15:20:00,AGV_013,JOB_AGV_013_01081520,2025-01-08 15:30:00,0,B4,BR2
2025-01-08 15:20:00,AGV_124,JOB_AGV_124_01081520,2025-01-08 15:32:00,1,B4,BR3
2025-01-08 15:25:00,AGV_076,JOB_AGV_076_01081525,2025-01-08 18:40:00,0,B8,BR1
2025-01-08 15:25:00,AGV_082,JOB_AGV_082_01081525,2025-01-08 15:40:00,1,B5,BR4
2025-01-08 15:30:00,AGV_017,JOB_AGV_017_01081530,2025-01-08 16:59:00,1,B3,BR4
2025-01-08 15:30:00,AGV_041,JOB_AGV_041_01081530,2025-01-08 15:57:00,0,B6,BR4
2025-01-08 15:30:00,AGV_046,JOB_AGV_046_01081530,2025-01-08 17:45:00,1,B5,BR2
2025-01-08 15:35:00,AGV_067,JOB_AGV_067_01081535,2025-01-08 15:47:00,1,B6,BR4
2025-01-08 15:35:00,AGV_085,JOB_AGV_085_01081535,2025-01-08 16:21:00,0,B1,BR3
2025-01-08 15:40:00,AGV_012,JOB_AGV_012_01081540,2025-01-08 15:47:00,0,B4,BR1
2025-01-08 15:40:00,AGV_103,JOB_AGV_103_01081540,2025-01-08 16:20:00,2,B1,BR4
2025-01-08 15:40:00,AGV_119,JOB_AGV_119_01081540,2025-01-08 17:41:00,0,B3,BR4
2025-01-08 15:40:00,AGV_125,JOB_AGV_125_01081540,2025-01-08 15:53:00,2,B7,BR4
2025-01-08 15:45:00,AGV_035,JOB_AGV_035_01081545,2025-01-08 16:27:00,0,B6,BR4
2025-01-08 15:50:00,AGV_007,JOB_AGV_007_01081550,2025-01-08 17:36:00,2,B4,BR1
2025-01-08 15:50:00,AGV_093,JOB_AGV_093_01081550,2025-01-08 15:56:00,1,B2,BR3
2025-01-08 15:55:00,AGV_041,JOB_AGV_041_01081555,2025-01-08 16:44:00,1,B3,BR4
2025-01-08 15:55:00,AGV_072,JOB_AGV_072_01081555,2025-01-08 15:58:00,1,B3,BR2
2025-01-08 15:55:00,AGV_093,JOB_AGV_093_01081555,2025-01-08 16:09:00,0,B3,BR1
2025-01-08 16:00:00,AGV_033,JOB_AGV_033_01081600,2025-01-08 16:27:00,2,B4,BR3
2025-01-08 16:05:00,AGV_126,JOB_AGV_126_01081605,2025-01-08 17:04:00,0,B6,BR3
2025-01-08 16:10:00,AGV_044,JOB_AGV_044_01081610,2025-01-08 16:28:00,1,B6,BR2
2025-01-08 16:10:00,AGV_114,JOB_AGV_114_01081610,2025-01-08 16:21:00,1,B4,BR4
2025-01-08 16:15:00,AGV_006,JOB_AGV_006_01081615,2025-01-08 16:48:00,2,B2,BR2
2025-01-08 16:15:00,AGV_021,JOB_AGV_021_01081615,2025-01-08 16:22:00,0,B7,BR2
2025-01-08 16:15:00,AGV_045,JOB_AGV_045_01081615,2025-01-08 17:19:00,1,B7,BR1
2025-01-08 16:15:00,AGV_096,JOB_AGV_096_01081615,2025-01-08 16:22:00,1,B5,BR3
2025-01-08 16:15:00,AGV_103,JOB_AGV_103_01081615,2025-01-08 16:23:00,2,B4,BR3
2025-01-08 16:20:00,AGV_009,JOB_AGV_009_01081620,2025-01-08 16:33:00,0,B2,BR3
2025-01-08 16:20:00,AGV_018,JOB_AGV_018_01081620,2025-01-08 16:34:00,0,B4,BR4
2025-01-08 16:20:00,AGV_059,JOB_AGV_059_01081620,2025-01-08 18:07:00,2,B3,BR4
2025-01-08 16:20:00,AGV_072,JOB_AGV_072_01081620,2025-01-08 16:33:00,0,B3,BR4
2025-01-08 16:20:00,AGV_119,JOB_AGV_119_01081620,2025-01-08 17:18:00,0,B5,BR2
2025-01-08 16:25:00,AGV_046,JOB_AGV_046_01081625,2025-01-08 16:55:00,1,B3,BR1
2025-01-08 16:25:00,AGV_085,JOB_AGV_085_01081625,2025-01-08 16:47:00,0,B7,BR4
2025-01-08 16:25:00,AGV_092,JOB_AGV_092_01081625,2025-01-08 16:32:00,1,B2,BR1
2025-01-08 16:25:00,AGV_098,JOB_AGV_098_01081625,2025-01-08 17:01:00,0,B7,BR4
2025-01-08 16:35:00,AGV_035,JOB_AGV_035_01081635,2025-01-08 18:17:00,2,B7,BR3
2025-01-08 16:35:00,AGV_075,JOB_AGV_075_01081635,2025-01-08 16:40:00,0,B7,BR1
2025-01-08 16:35:00,AGV_124,JOB_AGV_124_01081635,2025-01-08 16:59:00,1,B1,BR1
2025-01-08 16:40:00,AGV_115,JOB_AGV_115_01081640,2025-01-08 16:48:00,1,B6,BR1
2025-01-08 16:45:00,AGV_066,JOB_AGV_066_01081645,2025-01-08 17:00:00,1,B6,BR2
2025-01-08 16:45:00,AGV_115,JOB_AGV_115_01081645,2025-01-08 16:50:00,1,B6,BR1
2025-01-08 16:45:00,AGV_117,JOB_AGV_117_01081645,2025-01-08 16:55:00,1,B8,BR1
2025-01-08 16:45:00,AGV_118,JOB_AGV_118_01081645,2025-01-08 18:27:00,0,B1,BR1
2025-01-08 16:45:00,AGV_124,JOB_AGV_124_01081645,2025-01-08 16:57:00,2,B5,BR1
2025-01-08 16:50:00,AGV_003,JOB_AGV_003_01081650,2025-01-08 16:59:00,0,B1,BR4
2025-01-08 16:50:00,AGV_008,JOB_AGV_008_01081650,2025-01-08 18:50:00,0,B6,BR3
2025-01-08 16:50:00,AGV_017,JOB_AGV_017_01081650,2025-01-08 18:17:00,0,B2,BR2
2025-01-08 16:50:00,AGV_074,JOB_AGV_074_01081650,2025-01-08 16:55:00,0,B4,BR2
2025-01-08 16:55:00,AGV_027,JOB_AGV_027_01081655,2025-01-08 17:00:00,0,B7,BR3
2025-01-08 17:00:00,AGV_009,JOB_AGV_009_01081700,2025-01-08 18:03:00,1,B1,BR3
2025-01-08 17:00:00,AGV_091,JOB_AGV_091_01081700,2025-01-08 17:55:00,0,B1,BR1
2025-01-08 17:00:00,AGV_098,JOB_AGV_098_01081700,2025-01-08 17:17:00,1,B2,BR1
2025-01-08 17:00:00,AGV_113,JOB_AGV_113_01081700,2025-01-08 17:01:00,0,B7,BR4
2025-01-08 17:05:00,AGV_018,JOB_AGV_018_01081705,2025-01-08 17:10:00,0,B2,BR2
2025-01-08 17:05:00,AGV_105,JOB_AGV_105_01081705,2025-01-08 17:23:00,0,B8,BR1
2025-01-08 17:10:00,AGV_005,JOB_AGV_005_01081710,2025-01-08 17:40:00,1,B7,BR2
2025-01-08 17:10:00,AGV_123,JOB_AGV_123_01081710,2025-01-08 18:39:00,2,B3,BR2
2025-01-08 17:10:00,AGV_129,JOB_AGV_129_01081710,2025-01-08 17:14:00,0,B3,BR4
2025-01-08 17:15:00,AGV_095,JOB_AGV_095_01081715,2025-01-08 18:05:00,2,B4,BR2
2025-01-08 17:20:00,AGV_035,JOB_AGV_035_01081720,2025-01-08 18:21:00,0,B4,BR4
2025-01-08 17:20:00,AGV_040,JOB_AGV_040_01081720,2025-01-08 17:55:00,2,B4,BR3
2025-01-08 17:20:00,AGV_048,JOB_AGV_048_01081720,2025-01-08 17:50:00,0,B3,BR3
2025-01-08 17:20:00,AGV_081,JOB_AGV_081_01081720,2025-01-08 19:25:00,1,B4,BR4
2025-01-08 17:20:00,AGV_118,JOB_AGV_118_01081720,2025-01-08 17:21:00,1,B8,BR3
2025-01-08 17:20:00,AGV_120,JOB_AGV_120_01081720,2025-01-08 17:34:00,2,B2,BR2
2025-01-08 17:25:00,AGV_026,JOB_AGV_026_01081725,2025-01-08 18:00:00,0,B1,BR4
2025-01-08 17:25:00,AGV_059,JOB_AGV_059_01081725,2025-01-08 18:24:00,1,B3,BR2
2025-01-08 17:25:00,AGV_084,JOB_AGV_084_01081725,2025-01-08 18:12:00,2,B3,BR4
2025-01-08 17:30:00,AGV_002,JOB_AGV_002_01081730,2025-01-08 17:58:00,0,B5,BR2
2025-01-08 17:30:00,AGV_003,JOB_AGV_003_01081730,2025-01-08 18:18:00,1,B5,BR2
2025-01-08 17:40:00,AGV_027,JOB_AGV_027_01081740,2025-01-08 18:13:00,0,B3,BR3
2025-01-08 17:45:00,AGV_026,JOB_AGV_026_01081745,2025-01-08 17:56:00,0,B3,BR2
2025-01-08 17:45:00,AGV_029,JOB_AGV_029_01081745,2025-01-08 17:47:00,2,B8,BR3
2025-01-08 17:45:00,AGV_031,JOB_AGV_031_01081745,2025-01-08 18:15:00,0,B7,BR2
2025-01-08 17:45:00,AGV_052,JOB_AGV_052_01081745,2025-01-08 18:10:00,1,B4,BR3
2025-01-08 17:45:00,AGV_067,JOB_AGV_067_01081745,2025-01-08 17:47:00,1,B4,BR2
2025-01-08 17:50:00,AGV_056,JOB_AGV_056_01081750,2025-01-08 18:03:00,0,B6,BR4
2025-01-08 17:50:00,AGV_065,JOB_AGV_065_01081750,2025-01-08 17:54:00,1,B6,BR3
2025-01-08 17:55:00,AGV_068,JOB_AGV_068_01081755,2025-01-08 18:31:00,1,B8,BR1
2025-01-08 17:55:00,AGV_127,JOB_AGV_127_01081755,2025-01-08 18:20:00,1,B2,BR4
2025-01-08 18:00:00,AGV_020,JOB_AGV_020_01081800,2025-01-08 18:27:00,2,B7,BR4
2025-01-08 18:00:00,AGV_037,JOB_AGV_037_01081800,2025-01-08 18:01:00,2,B2,BR1
2025-01-08 18:05:00,AGV_035,JOB_AGV_035_01081805,2025-01-08 18:51:00,0,B5,BR4
2025-01-08 18:05:00,AGV_085,JOB_AGV_085_01081805,2025-01-08 18:12:00,0,B5,BR4
2025-01-08 18:10:00,AGV_030,JOB_AGV_030_01081810,2025-01-08 18:46:00,0,B8,BR1
2025-01-08 18:10:00,AGV_048,JOB_AGV_048_01081810,2025-01-08 20:31:00,0,B7,BR2
2025-01-08 18:10:00,AGV_068,JOB_AGV_068_01081810,2025-01-08 18:11:00,0,B7,BR4
2025-01-08 18:10:00,AGV_069,JOB_AGV_069_01081810,2025-01-08 18:46:00,1,B5,BR4
2025-01-08 18:15:00,AGV_009,JOB_AGV_009_01081815,2025-01-08 18:15:00,0,B4,BR1
2025-01-08 18:15:00,AGV_061,JOB_AGV_061_01081815,2025-01-08 18:20:00,0,B3,BR4
2025-01-08 18:15:00,AGV_066,JOB_AGV_066_01081815,2025-01-08 18:33:00,1,B5,BR3
2025-01-08 18:15:00,AGV_091,JOB_AGV_091_01081815,2025-01-08 19:01:00,0,B1,BR3
2025-01-08 18:15:00,AGV_122,JOB_AGV_122_01081815,2025-01-08 18:36:00,2,B6,BR1
2025-01-08 18:20:00,AGV_028,JOB_AGV_028_01081820,2025-01-08 19:22:00,0,B5,BR3
2025-01-08 18:20:00,AGV_067,JOB_AGV_067_01081820,2025-01-08 18:41:00,1,B8,BR2
2025-01-08 18:20:00,AGV_117,JOB_AGV_117_01081820,2025-01-08 18:20:00,2,B8,BR4
2025-01-08 18:25:00,AGV_008,JOB_AGV_008_01081825,2025-01-08 18:48:00,0,B8,BR4
2025-01-08 18:25:00,AGV_016,JOB_AGV_016_01081825,2025-01-08 19:40:00,0,B5,BR2
2025-01-08 18:25:00,AGV_028,JOB_AGV_028_01081825,2025-01-08 20:19:00,1,B6,BR3
2025-01-08 18:30:00,AGV_007,JOB_AGV_007_01081830,2025-01-08 18:30:00,0,B4,BR3
2025-01-08 18:30:00,AGV_010,JOB_AGV_010_01081830,2025-01-08 18:42:00,2,B4,BR2
2025-01-08 18:30:00,AGV_027,JOB_AGV_027_01081830,2025-01-08 20:38:00,0,B6,BR2
2025-01-08 18:30:00,AGV_049,JOB_AGV_049_01081830,2025-01-08 18:31:00,0,B5,BR1
2025-01-08 18:30:00,AGV_064,JOB_AGV_064_01081830,2025-01-08 19:07:00,1,B8,BR1
2025-01-08 18:30:00,AGV_075,JOB_AGV_075_01081830,2025-01-08 18:42:00,2,B3,BR2
2025-01-08 18:30:00,AGV_114,JOB_AGV_114_01081830,2025-01-08 18:40:00,2,B6,BR1
2025-01-08 18:35:00,AGV_053,JOB_AGV_053_01081835,2025-01-08 18:36:00,0,B6,BR2
2025-01-08 18:40:00,AGV_114,JOB_AGV_114_01081840,2025-01-08 18:44:00,1,B2,BR3
2025-01-08 18:45:00,AGV_003,JOB_AGV_003_01081845,2025-01-08 19:04:00,0,B2,BR3
2025-01-08 18:45:00,AGV_024,JOB_AGV_024_01081845,2025-01-08 19:12:00,2,B2,BR2
2025-01-08 18:50:00,AGV_024,JOB_AGV_024_01081850,2025-01-08 18:58:00,2,B8,BR1
2025-01-08 18:50:00,AGV_036,JOB_AGV_036_01081850,2025-01-08 19:00:00,0,B7,BR2
2025-01-08 18:50:00,AGV_062,JOB_AGV_062_01081850,2025-01-08 19:10:00,0,B8,BR3
2025-01-08 18:55:00,AGV_036,JOB_AGV_036_01081855,2025-01-08 19:52:00,1,B4,BR2
2025-01-08 18:55:00,AGV_043,JOB_AGV_043_01081855,2025-01-08 19:03:00,2,B1,BR1
2025-01-08 18:55:00,AGV_067,JOB_AGV_067_01081855,2025-01-08 20:01:00,0,B8,BR4
2025-01-08 18:55:00,AGV_092,JOB_AGV_092_01081855,2025-01-08 19:32:00,1,B4,BR1
2025-01-08 18:55:00,AGV_110,JOB_AGV_110_01081855,2025-01-08 19:11:00,2,B5,BR4
2025-01-08 19:00:00,AGV_020,JOB_AGV_020_01081900,2025-01-08 19:35:00,0,B6,BR2
2025-01-08 19:00:00,AGV_069,JOB_AGV_069_01081900,2025-01-08 19:23:00,0,B3,BR1
2025-01-08 19:00:00,AGV_071,JOB_AGV_071_01081900,2025-01-08 19:13:00,0,B4,BR1
2025-01-08 19:00:00,AGV_088,JOB_AGV_088_01081900,2025-01-08 19:11:00,1,B3,BR1
2025-01-08 19:00:00,AGV_097,JOB_AGV_097_01081900,2025-01-08 19:07:00,1,B6,BR1
2025-01-08 19:05:00,AGV_032,JOB_AGV_032_01081905,2025-01-08 19:57:00,0,B3,BR2
2025-01-08 19:05:00,AGV_040,JOB_AGV_040_01081905,2025-01-08 19:16:00,0,B4,BR4
2025-01-08 19:05:00,AGV_065,JOB_AGV_065_01081905,2025-01-08 19:34:00,0,B1,BR1
2025-01-08 19:05:00,AGV_086,JOB_AGV_086_01081905,2025-01-08 21:26:00,0,B6,BR3
2025-01-08 19:05:00,AGV_090,JOB_AGV_090_01081905,2025-01-08 19:59:00,1,B8,BR1
2025-01-08 19:05:00,AGV_104,JOB_AGV_104_01081905,2025-01-08 21:03:00,0,B4,BR2
2025-01-08 19:05:00,AGV_123,JOB_AGV_123_01081905,2025-01-08 19:24:00,0,B2,BR1
2025-01-08 19:10:00,AGV_011,JOB_AGV_011_01081910,2025-01-08 19:23:00,1,B7,BR2
2025-01-08 19:10:00,AGV_057,JOB_AGV_057_01081910,2025-01-08 19:37:00,2,B2,BR3
2025-01-08 19:10:00,AGV_093,JOB_AGV_093_01081910,2025-01-08 19:18:00,0,B6,BR4
2025-01-08 19:15:00,AGV_026,JOB_AGV_026_01081915,2025-01-08 20:24:00,0,B5,BR4
2025-01-08 19:15:00,AGV_075,JOB_AGV_075_01081915,2025-01-08 19:16:00,0,B7,BR1
2025-01-08 19:15:00,AGV_081,JOB_AGV_081_01081915,2025-01-08 19:21:00,0,B4,BR1
2025-01-08 19:20:00,AGV_037,JOB_AGV_037_01081920,2025-01-08 19:41:00,0,B4,BR3
2025-01-08 19:20:00,AGV_105,JOB_AGV_105_01081920,2025-01-08 19:24:00,0,B4,BR4
2025-01-08 19:30:00,AGV_014,JOB_AGV_014_01081930,2025-01-08 19:41:00,0,B3,BR3
2025-01-08 19:30:00,AGV_051,JOB_AGV_051_01081930,2025-01-08 20:23:00,0,B8,BR2
2025-01-08 19:30:00,AGV_110,JOB_AGV_110_01081930,2025-01-08 20:20:00,0,B7,BR1
2025-01-08 19:35:00,AGV_014,JOB_AGV_014_01081935,2025-01-08 20:12:00,0,B8,BR2
2025-01-08 19:35:00,AGV_016,JOB_AGV_016_01081935,2025-01-08 19:56:00,0,B8,BR1
2025-01-08 19:35:00,AGV_058,JOB_AGV_058_01081935,2025-01-08 20:25:00,0,B5,BR4
2025-01-08 19:35:00,AGV_081,JOB_AGV_081_01081935,2025-01-08 20:05:00,1,B8,BR2
2025-01-08 19:40:00,AGV_081,JOB_AGV_081_01081940,2025-01-08 20:23:00,1,B4,BR1
2025-01-08 19:45:00,AGV_022,JOB_AGV_022_01081945,2025-01-08 19:46:00,0,B6,BR2
2025-01-08 19:45:00,AGV_033,JOB_AGV_033_01081945,2025-01-08 19:48:00,0,B1,BR1
2025-01-08 19:45:00,AGV_039,JOB_AGV_039_01081945,2025-01-08 20:03:00,1,B1,BR3
2025-01-08 19:45:00,AGV_109,JOB_AGV_109_01081945,2025-01-08 20:05:00,1,B4,BR2
2025-01-08 19:45:00,AGV_118,JOB_AGV_118_01081945,2025-01-08 20:06:00,2,B3,BR4
2025-01-08 19:45:00,AGV_124,JOB_AGV_124_01081945,2025-01-08 19:55:00,1,B3,BR4
2025-01-08 19:50:00,AGV_058,JOB_AGV_058_01081950,2025-01-08 20:30:00,0,B2,BR3
2025-01-08 19:50:00,AGV_084,JOB_AGV_084_01081950,2025-01-08 19:53:00,0,B4,BR3
2025-01-08 19:55:00,AGV_074,JOB_AGV_074_01081955,2025-01-08 21:37:00,1,B5,BR2
2025-01-08 19:55:00,AGV_128,JOB_AGV_128_01081955,2025-01-08 21:27:00,0,B6,BR1
2025-01-08 20:00:00,AGV_011,JOB_AGV_011_01082000,2025-01-08 20:49:00,0,B8,BR3
2025-01-08 20:00:00,AGV_018,JOB_AGV_018_01082000,2025-01-08 22:14:00,0,B3,BR4
2025-01-08 20:00:00,AGV_028,JOB_AGV_028_01082000,2025-01-08 20:02:00,2,B1,BR2
2025-01-08 20:00:00,AGV_036,JOB_AGV_036_01082000,2025-01-08 20:05:00,1,B5,BR4
2025-01-08 20:00:00,AGV_041,JOB_AGV_041_01082000,2025-01-08 20:21:00,2,B7,BR1
2025-01-08 20:00:00,AGV_065,JOB_AGV_065_01082000,2025-01-08 20:41:00,0,B1,BR4
2025-01-08 20:00:00,AGV_120,JOB_AGV_120_01082000,2025-01-08 20:03:00,1,B3,BR2
2025-01-08 20:05:00,AGV_015,JOB_AGV_015_01082005,2025-01-08 20:07:00,0,B5,BR3
2025-01-08 20:05:00,AGV_016,JOB_AGV_016_01082005,2025-01-08 20:19:00,1,B2,BR1
2025-01-08 20:05:00,AGV_021,JOB_AGV_021_01082005,2025-01-08 20:10:00,1,B1,BR1
2025-01-08 20:10:00,AGV_054,JOB_AGV_054_01082010,2025-01-08 20:57:00,0,B5,BR4
2025-01-08 20:10:00,AGV_078,JOB_AGV_078_01082010,2025-01-08 20:39:00,1,B7,BR4
2025-01-08 20:10:00,AGV_120,JOB_AGV_120_01082010,2025-01-08 20:47:00,0,B1,BR4
2025-01-08 20:15:00,AGV_058,JOB_AGV_058_01082015,2025-01-08 20:40:00,0,B8,BR3
2025-01-08 20:15:00,AGV_122,JOB_AGV_122_01082015,2025-01-08 23:42:00,0,B8,BR3
2025-01-08 20:15:00,AGV_124,JOB_AGV_124_01082015,2025-01-08 20:43:00,2,B7,BR1
2025-01-08 20:20:00,AGV_054,JOB_AGV_054_01082020,2025-01-08 21:24:00,0,B8,BR1
2025-01-08 20:20:00,AGV_087,JOB_AGV_087_01082020,2025-01-08 20:38:00,2,B1,BR2
2025-01-08 20:25:00,AGV_056,JOB_AGV_056_01082025,2025-01-08 20:32:00,1,B8,BR3
2025-01-08 20:30:00,AGV_071,JOB_AGV_071_01082030,2025-01-08 20:32:00,1,B2,BR3
2025-01-08 20:35:00,AGV_037,JOB_AGV_037_01082035,2025-01-08 20:44:00,2,B2,BR2
2025-01-08 20:35:00,AGV_059,JOB_AGV_059_01082035,2025-01-08 20:40:00,0,B3,BR4
2025-01-08 20:40:00,AGV_037,JOB_AGV_037_01082040,2025-01-08 21:05:00,0,B4,BR1
2025-01-08 20:40:00,AGV_100,JOB_AGV_100_01082040,2025-01-08 20:57:00,1,B3,BR2
2025-01-08 20:45:00,AGV_129,JOB_AGV_129_01082045,2025-01-08 20:47:00,1,B6,BR4
2025-01-08 20:50:00,AGV_008,JOB_AGV_008_01082050,2025-01-08 20:54:00,1,B5,BR1
2025-01-08 20:50:00,AGV_041,JOB_AGV_041_01082050,2025-01-08 21:08:00,1,B8,BR3
2025-01-08 20:50:00,AGV_056,JOB_AGV_056_01082050,2025-01-08 21:02:00,1,B5,BR3
2025-01-08 20:50:00,AGV_095,JOB_AGV_095_01082050,2025-01-08 21:44:00,0,B1,BR3
2025-01-08 20:55:00,AGV_017,JOB_AGV_017_01082055,2025-01-08 21:42:00,0,B1,BR4
2025-01-08 20:55:00,AGV_034,JOB_AGV_034_01082055,2025-01-08 22:27:00,1,B6,BR4
2025-01-08 20:55:00,AGV_037,JOB_AGV_037_01082055,2025-01-08 20:57:00,1,B6,BR1
2025-01-08 20:55:00,AGV_105,JOB_AGV_105_01082055,2025-01-08 21:06:00,1,B3,BR2
2025-01-08 21:00:00,AGV_002,JOB_AGV_002_01082100,2025-01-08 21:26:00,0,B5,BR4
2025-01-08 21:00:00,AGV_005,JOB_AGV_005_01082100,2025-01-08 21:06:00,1,B4,BR3
2025-01-08 21:00:00,AGV_053,JOB_AGV_053_01082100,2025-01-08 21:11:00,1,B7,BR3
2025-01-08 21:00:00,AGV_095,JOB_AGV_095_01082100,2025-01-08 21:23:00,2,B3,BR4
2025-01-08 21:05:00,AGV_062,JOB_AGV_062_01082105,2025-01-08 21:52:00,1,B6,BR1
2025-01-08 21:05:00,AGV_128,JOB_AGV_128_01082105,2025-01-08 21:06:00,2,B2,BR2
2025-01-08 21:10:00,AGV_007,JOB_AGV_007_01082110,2025-01-08 21:26:00,0,B7,BR3
2025-01-08 21:10:00,AGV_096,JOB_AGV_096_01082110,2025-01-08 21:20:00,1,B7,BR3
2025-01-08 21:10:00,AGV_108,JOB_AGV_108_01082110,2025-01-08 21:11:00,0,B4,BR2
2025-01-08 21:15:00,AGV_010,JOB_AGV_010_01082115,2025-01-08 21:34:00,0,B7,BR2
2025-01-08 21:15:00,AGV_060,JOB_AGV_060_01082115,2025-01-08 21:15:00,1,B8,BR1
2025-01-08 21:15:00,AGV_106,JOB_AGV_106_01082115,2025-01-08 22:02:00,2,B8,BR4
2025-01-08 21:20:00,AGV_008,JOB_AGV_008_01082120,2025-01-08 22:20:00,1,B8,BR1
2025-01-08 21:25:00,AGV_017,JOB_AGV_017_01082125,2025-01-08 22:14:00,0,B1,BR4
2025-01-08 21:25:00,AGV_038,JOB_AGV_038_01082125,2025-01-08 21:40:00,0,B4,BR3
2025-01-08 21:30:00,AGV_017,JOB_AGV_017_01082130,2025-01-08 21:39:00,0,B7,BR2
2025-01-08 21:30:00,AGV_084,JOB_AGV_084_01082130,2025-01-08 22:09:00,0,B2,BR4
2025-01-08 21:30:00,AGV_106,JOB_AGV_106_01082130,2025-01-08 21:32:00,0,B4,BR4
2025-01-08 21:40:00,AGV_067,JOB_AGV_067_01082140,2025-01-08 21:58:00,1,B4,BR1
2025-01-08 21:40:00,AGV_072,JOB_AGV_072_01082140,2025-01-09 00:21:00,0,B2,BR3
2025-01-08 21:40:00,AGV_074,JOB_AGV_074_01082140,2025-01-08 22:07:00,1,B8,BR4
2025-01-08 21:45:00,AGV_046,JOB_AGV_046_01082145,2025-01-08 22:05:00,1,B5,BR4
2025-01-08 21:45:00,AGV_051,JOB_AGV_051_01082145,2025-01-08 22:05:00,0,B6,BR4
2025-01-08 21:45:00,AGV_104,JOB_AGV_104_01082145,2025-01-08 21:55:00,0,B2,BR1
2025-01-08 21:50:00,AGV_006,JOB_AGV_006_01082150,2025-01-08 21:51:00,0,B4,BR2
2025-01-08 21:50:00,AGV_017,JOB_AGV_017_01082150,2025-01-08 22:02:00,2,B6,BR2
2025-01-08 21:50:00,AGV_059,JOB_AGV_059_01082150,2025-01-08 22:03:00,0,B3,BR4
2025-01-08 21:50:00,AGV_117,JOB_AGV_117_01082150,2025-01-08 22:53:00,1,B2,BR4
2025-01-08 21:55:00,AGV_003,JOB_AGV_003_01082155,2025-01-08 22:10:00,1,B8,BR3
2025-01-08 21:55:00,AGV_028,JOB_AGV_028_01082155,2025-01-08 22:52:00,0,B1,BR3
2025-01-08 21:55:00,AGV_104,JOB_AGV_104_01082155,2025-01-08 22:44:00,0,B5,BR2
2025-01-08 22:00:00,AGV_003,JOB_AGV_003_01082200,2025-01-08 22:21:00,1,B5,BR4
2025-01-08 22:00:00,AGV_096,JOB_AGV_096_01082200,2025-01-09 00:10:00,1,B2,BR1
2025-01-08 22:00:00,AGV_099,JOB_AGV_099_01082200,2025-01-08 22:16:00,1,B6,BR4
2025-01-08 22:00:00,AGV_119,JOB_AGV_119_01082200,2025-01-08 22:18:00,1,B1,BR2
2025-01-08 22:05:00,AGV_031,JOB_AGV_031_01082205,2025-01-08 22:26:00,0,B8,BR3
2025-01-08 22:05:00,AGV_116,JOB_AGV_116_01082205,2025-01-08 22:05:00,1,B1,BR2
2025-01-08 22:10:00,AGV_028,JOB_AGV_028_01082210,2025-01-08 22:15:00,1,B2,BR1
2025-01-08 22:10:00,AGV_035,JOB_AGV_035_01082210,2025-01-08 22:57:00,0,B7,BR2
2025-01-08 22:10:00,AGV_128,JOB_AGV_128_01082210,2025-01-08 22:34:00,0,B6,BR3
2025-01-08 22:25:00,AGV_051,JOB_AGV_051_01082225,2025-01-08 22:50:00,0,B3,BR4
2025-01-08 22:25:00,AGV_093,JOB_AGV_093_01082225,2025-01-08 23:18:00,2,B8,BR2
2025-01-08 22:35:00,AGV_097,JOB_AGV_097_01082235,2025-01-08 22:44:00,1,B7,BR3
2025-01-08 22:35:00,AGV_112,JOB_AGV_112_01082235,2025-01-08 22:53:00,1,B5,BR3
2025-01-08 22:40:00,AGV_125,JOB_AGV_125_01082240,2025-01-08 22:42:00,1,B2,BR4
2025-01-08 22:45:00,AGV_055,JOB_AGV_055_01082245,2025-01-08 22:49:00,0,B2,BR4
2025-01-08 22:45:00,AGV_087,JOB_AGV_087_01082245,2025-01-08 23:18:00,0,B8,BR4
2025-01-08 22:45:00,AGV_095,JOB_AGV_095_01082245,2025-01-08 22:50:00,0,B1,BR4
2025-01-08 22:50:00,AGV_104,JOB_AGV_104_01082250,2025-01-08 23:39:00,1,B4,BR2
2025-01-08 22:55:00,AGV_004,JOB_AGV_004_01082255,2025-01-08 23:52:00,2,B5,BR4
2025-01-08 22:55:00,AGV_036,JOB_AGV_036_01082255,2025-01-09 00:09:00,0,B1,BR1
2025-01-08 22:55:00,AGV_062,JOB_AGV_062_01082255,2025-01-08 23:06:00,2,B6,BR4
2025-01-08 22:55:00,AGV_086,JOB_AGV_086_01082255,2025-01-09 00:20:00,1,B7,BR2
2025-01-08 22:55:00,AGV_090,JOB_AGV_090_01082255,2025-01-08 23:25:00,0,B8,BR2
2025-01-08 23:00:00,AGV_059,JOB_AGV_059_01082300,2025-01-08 23:57:00,2,B6,BR4
2025-01-08 23:00:00,AGV_099,JOB_AGV_099_01082300,2025-01-08 23:06:00,1,B8,BR2
2025-01-08 23:05:00,AGV_117,JOB_AGV_117_01082305,2025-01-09 01:00:00,0,B5,BR2
2025-01-08 23:10:00,AGV_037,JOB_AGV_037_01082310,2025-01-08 23:27:00,1,B5,BR2
2025-01-08 23:10:00,AGV_041,JOB_AGV_041_01082310,2025-01-08 23:39:00,0,B2,BR4
2025-01-08 23:10:00,AGV_050,JOB_AGV_050_01082310,2025-01-08 23:20:00,0,B2,BR2
2025-01-08 23:10:00,AGV_081,JOB_AGV_081_01082310,2025-01-08 23:34:00,1,B8,BR4
2025-01-08 23:10:00,AGV_111,JOB_AGV_111_01082310,2025-01-08 23:22:00,1,B1,BR3
2025-01-08 23:15:00,AGV_015,JOB_AGV_015_01082315,2025-01-08 23:38:00,1,B1,BR3
2025-01-08 23:15:00,AGV_019,JOB_AGV_019_01082315,2025-01-08 23:28:00,0,B5,BR2
2025-01-08 23:15:00,AGV_037,JOB_AGV_037_01082315,2025-01-08 23:22:00,0,B7,BR3
2025-01-08 23:15:00,AGV_041,JOB_AGV_041_01082315,2025-01-08 23:38:00,0,B1,BR4
2025-01-08 23:20:00,AGV_022,JOB_AGV_022_01082320,2025-01-09 00:16:00,0,B2,BR1
2025-01-08 23:25:00,AGV_069,JOB_AGV_069_01082325,2025-01-09 00:08:00,2,B3,BR4
2025-01-08 23:30:00,AGV_068,JOB_AGV_068_01082330,2025-01-08 23:51:00,0,B6,BR1
2025-01-08 23:30:00,AGV_094,JOB_AGV_094_01082330,2025-01-08 23:41:00,2,B5,BR4
2025-01-08 23:30:00,AGV_097,JOB_AGV_097_01082330,2025-01-09 00:17:00,1,B4,BR1
2025-01-08 23:35:00,AGV_034,JOB_AGV_034_01082335,2025-01-09 01:02:00,0,B8,BR4
2025-01-08 23:35:00,AGV_121,JOB_AGV_121_01082335,2025-01-09 00:18:00,2,B8,BR3
2025-01-08 23:50:00,AGV_023,JOB_AGV_023_01082350,2025-01-09 01:15:00,1,B8,BR2
2025-01-08 23:50:00,AGV_028,JOB_AGV_028_01082350,2025-01-09 00:12:00,0,B2,BR2
2025-01-08 23:50:00,AGV_041,JOB_AGV_041_01082350,2025-01-09 00:04:00,0,B3,BR2
2025-01-08 23:50:00,AGV_072,JOB_AGV_072_01082350,2025-01-09 00:05:00,1,B3,BR2
2025-01-08 23:50:00,AGV_074,JOB_AGV_074_01082350,2025-01-09 00:04:00,1,B3,BR3
2025-01-08 23:55:00,AGV_098,JOB_AGV_098_01082355,2025-01-09 00:00:00,0,B2,BR4
2025-01-08 23:55:00,AGV_124,JOB_AGV_124_01082355,2025-01-08 23:58:00,0,B3,BR3
2025-01-09 00:00:00,AGV_004,JOB_AGV_004_01090000,2025-01-09 00:02:00,1,B3,BR3
2025-01-09 00:00:00,AGV_012,JOB_AGV_012_01090000,2025-01-09 00:34:00,0,B6,BR1
2025-01-09 00:00:00,AGV_107,JOB_AGV_107_01090000,2025-01-09 00:14:00,0,B6,BR4
2025-01-09 00:05:00,AGV_009,JOB_AGV_009_01090005,2025-01-09 01:25:00,0,B8,BR2
2025-01-09 00:10:00,AGV_086,JOB_AGV_086_01090010,2025-01-09 00:45:00,1,B2,BR1
2025-01-09 00:10:00,AGV_115,JOB_AGV_115_01090010,2025-01-09 01:05:00,0,B4,BR3
2025-01-09 00:15:00,AGV_041,JOB_AGV_041_01090015,2025-01-09 00:37:00,0,B1,BR3
2025-01-09 00:15:00,AGV_044,JOB_AGV_044_01090015,2025-01-09 00:21:00,1,B2,BR1
2025-01-09 00:15:00,AGV_065,JOB_AGV_065_01090015,2025-01-09 00:54:00,1,B3,BR2
2025-01-09 00:15:00,AGV_084,JOB_AGV_084_01090015,2025-01-09 00:24:00,0,B4,BR2
2025-01-09 00:15:00,AGV_123,JOB_AGV_123_01090015,2025-01-09 00:30:00,0,B3,BR3
2025-01-09 00:20:00,AGV_013,JOB_AGV_013_01090020,2025-01-09 00:42:00,0,B5,BR4
2025-01-09 00:20:00,AGV_082,JOB_AGV_082_01090020,2025-01-09 01:25:00,0,B4,BR2
2025-01-09 00:25:00,AGV_079,JOB_AGV_079_01090025,2025-01-09 01:04:00,0,B5,BR4
2025-01-09 00:25:00,AGV_123,JOB_AGV_123_01090025,2025-01-09 00:25:00,0,B3,BR2
2025-01-09 00:30:00,AGV_023,JOB_AGV_023_01090030,2025-01-09 00:33:00,1,B5,BR4
2025-01-09 00:30:00,AGV_096,JOB_AGV_096_01090030,2025-01-09 00:47:00,0,B5,BR3
2025-01-09 00:35:00,AGV_005,JOB_AGV_005_01090035,2025-01-09 00:50:00,1,B7,BR1
2025-01-09 00:35:00,AGV_019,JOB_AGV_019_01090035,2025-01-09 01:15:00,0,B1,BR3
2025-01-09 00:40:00,AGV_031,JOB_AGV_031_01090040,2025-01-09 00:51:00,0,B6,BR1
2025-01-09 00:45:00,AGV_062,JOB_AGV_062_01090045,2025-01-09 01:03:00,0,B6,BR4
2025-01-09 00:45:00,AGV_072,JOB_AGV_072_01090045,2025-01-09 00:47:00,0,B4,BR2
2025-01-09 00:50:00,AGV_060,JOB_AGV_060_01090050,2025-01-09 01:24:00,2,B2,BR3
2025-01-09 00:50:00,AGV_103,JOB_AGV_103_01090050,2025-01-09 00:52:00,1,B8,BR2
2025-01-09 00:55:00,AGV_005,JOB_AGV_005_01090055,2025-01-09 01:01:00,0,B2,BR3
2025-01-09 00:55:00,AGV_016,JOB_AGV_016_01090055,2025-01-09 01:18:00,0,B7,BR4
2025-01-09 00:55:00,AGV_123,JOB_AGV_123_01090055,2025-01-09 01:15:00,0,B7,BR4
2025-01-09 01:00:00,AGV_005,JOB_AGV_005_01090100,2025-01-09 01:04:00,1,B5,BR3
2025-01-09 01:05:00,AGV_068,JOB_AGV_068_01090105,2025-01-09 02:49:00,0,B2,BR4
2025-01-09 01:10:00,AGV_018,JOB_AGV_018_01090110,2025-01-09 01:11:00,0,B7,BR4
2025-01-09 01:10:00,AGV_058,JOB_AGV_058_01090110,2025-01-09 01:16:00,0,B5,BR2
2025-01-09 01:15:00,AGV_032,JOB_AGV_032_01090115,2025-01-09 01:49:00,0,B8,BR4
2025-01-09 01:15:00,AGV_123,JOB_AGV_123_01090115,2025-01-09 01:23:00,2,B3,BR3
2025-01-09 01:20:00,AGV_019,JOB_AGV_019_01090120,2025-01-09 01:22:00,1,B8,BR3
2025-01-09 01:20:00,AGV_037,JOB_AGV_037_01090120,2025-01-09 02:50:00,0,B6,BR4
2025-01-09 01:20:00,AGV_099,JOB_AGV_099_01090120,2025-01-09 01:32:00,0,B4,BR2
2025-01-09 01:25:00,AGV_016,JOB_AGV_016_01090125,2025-01-09 02:12:00,0,B7,BR4
2025-01-09 01:30:00,AGV_024,JOB_AGV_024_01090130,2025-01-09 01:51:00,0,B5,BR4
2025-01-09 01:30:00,AGV_091,JOB_AGV_091_01090130,2025-01-09 01:32:00,1,B1,BR4
2025-01-09 01:35:00,AGV_003,JOB_AGV_003_01090135,2025-01-09 01:47:00,2,B8,BR2
2025-01-09 01:35:00,AGV_086,JOB_AGV_086_01090135,2025-01-09 02:44:00,2,B2,BR3
2025-01-09 01:35:00,AGV_089,JOB_AGV_089_01090135,2025-01-09 01:52:00,2,B8,BR2
2025-01-09 01:35:00,AGV_095,JOB_AGV_095_01090135,2025-01-09 01:43:00,0,B3,BR3
2025-01-09 01:35:00,AGV_118,JOB_AGV_118_01090135,2025-01-09 02:24:00,1,B5,BR3
2025-01-09 01:35:00,AGV_127,JOB_AGV_127_01090135,2025-01-09 02:24:00,1,B2,BR4
2025-01-09 01:40:00,AGV_003,JOB_AGV_003_01090140,2025-01-09 03:58:00,0,B4,BR2
2025-01-09 01:40:00,AGV_045,JOB_AGV_045_01090140,2025-01-09 02:04:00,2,B8,BR4
2025-01-09 01:45:00,AGV_046,JOB_AGV_046_01090145,2025-01-09 03:22:00,0,B5,BR2
2025-01-09 01:45:00,AGV_075,JOB_AGV_075_01090145,2025-01-09 02:30:00,0,B1,BR3
2025-01-09 01:50:00,AGV_025,JOB_AGV_025_01090150,2025-01-09 01:58:00,2,B6,BR1
2025-01-09 01:50:00,AGV_050,JOB_AGV_050_01090150,2025-01-09 02:00:00,2,B7,BR4
2025-01-09 01:50:00,AGV_067,JOB_AGV_067_01090150,2025-01-09 01:51:00,0,B1,BR3
2025-01-09 01:50:00,AGV_072,JOB_AGV_072_01090150,2025-01-09 02:30:00,1,B8,BR1
2025-01-09 01:50:00,AGV_124,JOB_AGV_124_01090150,2025-01-09 05:01:00,0,B3,BR1
2025-01-09 01:55:00,AGV_115,JOB_AGV_115_01090155,2025-01-09 02:29:00,0,B1,BR1
2025-01-09 02:00:00,AGV_001,JOB_AGV_001_01090200,2025-01-09 02:48:00,0,B5,BR1
2025-01-09 02:05:00,AGV_020,JOB_AGV_020_01090205,2025-01-09 02:41:00,2,B8,BR1
2025-01-09 02:05:00,AGV_022,JOB_AGV_022_01090205,2025-01-09 03:35:00,0,B3,BR1
2025-01-09 02:05:00,AGV_069,JOB_AGV_069_01090205,2025-01-09 02:06:00,1,B2,BR4
2025-01-09 02:05:00,AGV_094,JOB_AGV_094_01090205,2025-01-09 02:59:00,0,B3,BR3
2025-01-09 02:10:00,AGV_017,JOB_AGV_017_01090210,2025-01-09 02:49:00,1,B5,BR4
2025-01-09 02:15:00,AGV_016,JOB_AGV_016_01090215,2025-01-09 02:16:00,1,B1,BR4
2025-01-09 02:15:00,AGV_059,JOB_AGV_059_01090215,2025-01-09 02:23:00,1,B3,BR2
2025-01-09 02:15:00,AGV_070,JOB_AGV_070_01090215,2025-01-09 02:34:00,1,B3,BR3
2025-01-09 02:15:00,AGV_081,JOB_AGV_081_01090215,2025-01-09 02:16:00,0,B6,BR2
2025-01-09 02:15:00,AGV_084,JOB_AGV_084_01090215,2025-01-09 02:32:00,1,B5,BR2
2025-01-09 02:20:00,AGV_030,JOB_AGV_030_01090220,2025-01-09 02:38:00,0,B7,BR1
2025-01-09 02:20:00,AGV_082,JOB_AGV_082_01090220,2025-01-09 02:29:00,0,B5,BR4
2025-01-09 02:30:00,AGV_023,JOB_AGV_023_01090230,2025-01-09 02:40:00,0,B5,BR3
2025-01-09 02:35:00,AGV_077,JOB_AGV_077_01090235,2025-01-09 02:42:00,1,B4,BR1
2025-01-09 02:40:00,AGV_026,JOB_AGV_026_01090240,2025-01-09 02:54:00,0,B6,BR3
2025-01-09 02:40:00,AGV_042,JOB_AGV_042_01090240,2025-01-09 03:47:00,2,B7,BR2
2025-01-09 02:40:00,AGV_103,JOB_AGV_103_01090240,2025-01-09 03:02:00,0,B2,BR1
2025-01-09 02:45:00,AGV_130,JOB_AGV_130_01090245,2025-01-09 03:51:00,1,B1,BR2
2025-01-09 02:50:00,AGV_001,JOB_AGV_001_01090250,2025-01-09 03:24:00,2,B1,BR4
2025-01-09 02:50:00,AGV_042,JOB_AGV_042_01090250,2025-01-09 04:08:00,0,B3,BR1
2025-01-09 02:50:00,AGV_052,JOB_AGV_052_01090250,2025-01-09 02:51:00,0,B3,BR1
2025-01-09 02:50:00,AGV_089,JOB_AGV_089_01090250,2025-01-09 02:51:00,0,B8,BR3
2025-01-09 02:55:00,AGV_055,JOB_AGV_055_01090255,2025-01-09 03:40:00,0,B1,BR4
2025-01-09 02:55:00,AGV_086,JOB_AGV_086_01090255,2025-01-09 02:56:00,0,B3,BR4
2025-01-09 02:55:00,AGV_099,JOB_AGV_099_01090255,2025-01-09 03:26:00,0,B3,BR2
2025-01-09 03:00:00,AGV_076,JOB_AGV_076_01090300,2025-01-09 03:08:00,0,B8,BR3
2025-01-09 03:05:00,AGV_025,JOB_AGV_025_01090305,2025-01-09 03:12:00,1,B5,BR1
2025-01-09 03:05:00,AGV_068,JOB_AGV_068_01090305,2025-01-09 03:35:00,2,B5,BR1
2025-01-09 03:05:00,AGV_072,JOB_AGV_072_01090305,2025-01-09 04:06:00,1,B3,BR3
2025-01-09 03:10:00,AGV_040,JOB_AGV_040_01090310,2025-01-09 03:21:00,0,B7,BR3
2025-01-09 03:10:00,AGV_053,JOB_AGV_053_01090310,2025-01-09 03:41:00,0,B2,BR2
2025-01-09 03:10:00,AGV_121,JOB_AGV_121_01090310,2025-01-09 03:12:00,0,B8,BR3
2025-01-09 03:15:00,AGV_086,JOB_AGV_086_01090315,2025-01-09 03:47:00,1,B5,BR3
2025-01-09 03:20:00,AGV_066,JOB_AGV_066_01090320,2025-01-09 03:52:00,1,B4,BR3
2025-01-09 03:20:00,AGV_110,JOB_AGV_110_01090320,2025-01-09 03:34:00,0,B3,BR2
2025-01-09 03:20:00,AGV_120,JOB_AGV_120_01090320,2025-01-09 03:32:00,0,B1,BR1
2025-01-09 03:25:00,AGV_010,JOB_AGV_010_01090325,2025-01-09 03:26:00,1,B1,BR2
2025-01-09 03:25:00,AGV_025,JOB_AGV_025_01090325,2025-01-09 03:44:00,1,B5,BR4
2025-01-09 03:25:00,AGV_053,JOB_AGV_053_01090325,2025-01-09 03:26:00,0,B2,BR3
2025-01-09 03:30:00,AGV_024,JOB_AGV_024_01090330,2025-01-09 03:35:00,1,B1,BR1
2025-01-09 03:30:00,AGV_081,JOB_AGV_081_01090330,2025-01-09 03:33:00,2,B4,BR1
2025-01-09 03:35:00,AGV_011,JOB_AGV_011_01090335,2025-01-09 03:49:00,1,B1,BR2
2025-01-09 03:35:00,AGV_050,JOB_AGV_050_01090335,2025-01-09 04:48:00,1,B3,BR2
2025-01-09 03:40:00,AGV_026,JOB_AGV_026_01090340,2025-01-09 04:06:00,0,B3,BR4
2025-01-09 03:40:00,AGV_093,JOB_AGV_093_01090340,2025-01-09 03:50:00,1,B3,BR1
2025-01-09 03:40:00,AGV_103,JOB_AGV_103_01090340,2025-01-09 03:43:00,0,B3,BR3
2025-01-09 03:45:00,AGV_044,JOB_AGV_044_01090345,2025-01-09 04:48:00,1,B8,BR4
2025-01-09 03:50:00,AGV_042,JOB_AGV_042_01090350,2025-01-09 04:15:00,1,B2,BR2
2025-01-09 03:50:00,AGV_050,JOB_AGV_050_01090350,2025-01-09 04:29:00,0,B8,BR2
2025-01-09 03:55:00,AGV_107,JOB_AGV_107_01090355,2025-01-09 04:44:00,0,B5,BR2
2025-01-09 04:00:00,AGV_001,JOB_AGV_001_01090400,2025-01-09 04:52:00,1,B5,BR4
2025-01-09 04:00:00,AGV_005,JOB_AGV_005_01090400,2025-01-09 04:06:00,0,B3,BR1
2025-01-09 04:00:00,AGV_025,JOB_AGV_025_01090400,2025-01-09 05:24:00,2,B5,BR1
2025-01-09 04:00:00,AGV_080,JOB_AGV_080_01090400,2025-01-09 04:21:00,1,B5,BR3
2025-01-09 04:00:00,AGV_104,JOB_AGV_104_01090400,2025-01-09 04:51:00,0,B8,BR2
2025-01-09 04:05:00,AGV_024,JOB_AGV_024_01090405,2025-01-09 04:10:00,1,B3,BR3
2025-01-09 04:05:00,AGV_117,JOB_AGV_117_01090405,2025-01-09 04:35:00,1,B3,BR2
2025-01-09 04:10:00,AGV_029,JOB_AGV_029_01090410,2025-01-09 04:48:00,1,B3,BR4
2025-01-09 04:10:00,AGV_087,JOB_AGV_087_01090410,2025-01-09 04:46:00,0,B7,BR1
2025-01-09 04:15:00,AGV_029,JOB_AGV_029_01090415,2025-01-09 05:12:00,1,B5,BR4
2025-01-09 04:15:00,AGV_064,JOB_AGV_064_01090415,2025-01-09 04:43:00,0,B8,BR1
2025-01-09 04:20:00,AGV_038,JOB_AGV_038_01090420,2025-01-09 04:25:00,0,B5,BR4
2025-01-09 04:20:00,AGV_047,JOB_AGV_047_01090420,2025-01-09 05:01:00,0,B7,BR3
2025-01-09 04:20:00,AGV_064,JOB_AGV_064_01090420,2025-01-09 04:21:00,0,B6,BR4
2025-01-09 04:20:00,AGV_101,JOB_AGV_101_01090420,2025-01-09 04:49:00,0,B3,BR4
2025-01-09 04:25:00,AGV_012,JOB_AGV_012_01090425,2025-01-09 05:20:00,2,B1,BR4
2025-01-09 04:25:00,AGV_040,JOB_AGV_040_01090425,2025-01-09 04:31:00,0,B6,BR2
2025-01-09 04:25:00,AGV_056,JOB_AGV_056_01090425,2025-01-09 04:39:00,1,B1,BR1
2025-01-09 04:25:00,AGV_087,JOB_AGV_087_01090425,2025-01-09 04:47:00,2,B6,BR4
2025-01-09 04:30:00,AGV_004,JOB_AGV_004_01090430,2025-01-09 04:41:00,1,B8,BR4
2025-01-09 04:30:00,AGV_034,JOB_AGV_034_01090430,2025-01-09 05:19:00,0,B7,BR3
2025-01-09 04:35:00,AGV_018,JOB_AGV_018_01090435,2025-01-09 05:09:00,0,B8,BR2
2025-01-09 04:35:00,AGV_029,JOB_AGV_029_01090435,2025-01-09 04:49:00,0,B1,BR2
2025-01-09 04:35:00,AGV_073,JOB_AGV_073_01090435,2025-01-09 04:39:00,0,B2,BR2
2025-01-09 04:35:00,AGV_084,JOB_AGV_084_01090435,2025-01-09 04:57:00,2,B7,BR3
2025-01-09 04:40:00,AGV_128,JOB_AGV_128_01090440,2025-01-09 04:55:00,0,B4,BR4
2025-01-09 04:40:00,AGV_130,JOB_AGV_130_01090440,2025-01-09 05:02:00,2,B6,BR2
2025-01-09 04:45:00,AGV_038,JOB_AGV_038_01090445,2025-01-09 06:17:00,1,B1,BR3
2025-01-09 04:45:00,AGV_078,JOB_AGV_078_01090445,2025-01-09 05:06:00,1,B8,BR3
2025-01-09 04:50:00,AGV_035,JOB_AGV_035_01090450,2025-01-09 04:50:00,1,B3,BR3
2025-01-09 04:50:00,AGV_086,JOB_AGV_086_01090450,2025-01-09 04:57:00,0,B5,BR2
2025-01-09 04:50:00,AGV_103,JOB_AGV_103_01090450,2025-01-09 04:55:00,1,B3,BR4
2025-01-09 04:55:00,AGV_008,JOB_AGV_008_01090455,2025-01-09 05:46:00,2,B4,BR4
2025-01-09 04:55:00,AGV_128,JOB_AGV_128_01090455,2025-01-09 06:49:00,1,B2,BR4
2025-01-09 05:00:00,AGV_008,JOB_AGV_008_01090500,2025-01-09 06:54:00,0,B1,BR1
2025-01-09 05:00:00,AGV_029,JOB_AGV_029_01090500,2025-01-09 05:04:00,1,B1,BR4
2025-01-09 05:00:00,AGV_093,JOB_AGV_093_01090500,2025-01-09 05:17:00,1,B1,BR3
2025-01-09 05:00:00,AGV_122,JOB_AGV_122_01090500,2025-01-09 05:00:00,0,B5,BR3
2025-01-09 05:05:00,AGV_012,JOB_AGV_012_01090505,2025-01-09 05:43:00,0,B7,BR3
2025-01-09 05:05:00,AGV_016,JOB_AGV_016_01090505,2025-01-09 05:29:00,0,B6,BR3
2025-01-09 05:05:00,AGV_067,JOB_AGV_067_01090505,2025-01-09 05:11:00,1,B2,BR4
2025-01-09 05:05:00,AGV_075,JOB_AGV_075_01090505,2025-01-09 05:16:00,2,B2,BR2
2025-01-09 05:05:00,AGV_128,JOB_AGV_128_01090505,2025-01-09 05:14:00,0,B2,BR3
2025-01-09 05:10:00,AGV_102,JOB_AGV_102_01090510,2025-01-09 05:14:00,1,B6,BR3
2025-01-09 05:15:00,AGV_015,JOB_AGV_015_01090515,2025-01-09 05:56:00,2,B6,BR2
2025-01-09 05:15:00,AGV_064,JOB_AGV_064_01090515,2025-01-09 06:31:00,2,B7,BR3
2025-01-09 05:15:00,AGV_085,JOB_AGV_085_01090515,2025-01-09 06:04:00,0,B2,BR2
2025-01-09 05:15:00,AGV_110,JOB_AGV_110_01090515,2025-01-09 05:44:00,0,B8,BR3
2025-01-09 05:20:00,AGV_041,JOB_AGV_041_01090520,2025-01-09 06:02:00,1,B2,BR3
2025-01-09 05:20:00,AGV_123,JOB_AGV_123_01090520,2025-01-09 05:25:00,0,B2,BR4
2025-01-09 05:25:00,AGV_030,JOB_AGV_030_01090525,2025-01-09 05:33:00,0,B5,BR4
2025-01-09 05:25:00,AGV_119,JOB_AGV_119_01090525,2025-01-09 07:02:00,1,B4,BR1
2025-01-09 05:30:00,AGV_027,JOB_AGV_027_01090530,2025-01-09 05:34:00,2,B6,BR3
2025-01-09 05:30:00,AGV_071,JOB_AGV_071_01090530,2025-01-09 05:33:00,1,B2,BR2
2025-01-09 05:30:00,AGV_116,JOB_AGV_116_01090530,2025-01-09 05:39:00,0,B1,BR3
2025-01-09 05:35:00,AGV_101,JOB_AGV_101_01090535,2025-01-09 06:26:00,1,B3,BR1
2025-01-09 05:45:00,AGV_072,JOB_AGV_072_01090545,2025-01-09 08:06:00,1,B3,BR3
2025-01-09 05:45:00,AGV_088,JOB_AGV_088_01090545,2025-01-09 06:41:00,2,B4,BR2
2025-01-09 05:50:00,AGV_019,JOB_AGV_019_01090550,2025-01-09 06:13:00,2,B7,BR2
2025-01-09 05:50:00,AGV_103,JOB_AGV_103_01090550,2025-01-09 07:16:00,1,B7,BR1
2025-01-09 05:55:00,AGV_041,JOB_AGV_041_01090555,2025-01-09 06:56:00,0,B1,BR1
2025-01-09 06:00:00,AGV_083,JOB_AGV_083_01090600,2025-01-09 06:39:00,0,B7,BR2
2025-01-09 06:05:00,AGV_038,JOB_AGV_038_01090605,2025-01-09 06:19:00,2,B3,BR3
2025-01-09 06:05:00,AGV_048,JOB_AGV_048_01090605,2025-01-09 06:09:00,0,B7,BR2
2025-01-09 06:05:00,AGV_053,JOB_AGV_053_01090605,2025-01-09 07:36:00,0,B5,BR3
2025-01-09 06:10:00,AGV_062,JOB_AGV_062_01090610,2025-01-09 09:19:00,1,B8,BR2
2025-01-09 06:10:00,AGV_091,JOB_AGV_091_01090610,2025-01-09 06:51:00,1,B3,BR2
2025-01-09 06:15:00,AGV_049,JOB_AGV_049_01090615,2025-01-09 07:09:00,0,B2,BR2
2025-01-09 06:15:00,AGV_088,JOB_AGV_088_01090615,2025-01-09 06:47:00,0,B2,BR2
2025-01-09 06:15:00,AGV_107,JOB_AGV_107_01090615,2025-01-09 07:09:00,2,B8,BR1
2025-01-09 06:20:00,AGV_082,JOB_AGV_082_01090620,2025-01-09 07:48:00,2,B1,BR3
2025-01-09 06:25:00,AGV_081,JOB_AGV_081_01090625,2025-01-09 06:43:00,1,B5,BR2
2025-01-09 06:30:00,AGV_039,JOB_AGV_039_01090630,2025-01-09 06:59:00,2,B2,BR3
2025-01-09 06:35:00,AGV_012,JOB_AGV_012_01090635,2025-01-09 07:01:00,0,B2,BR2
2025-01-09 06:35:00,AGV_043,JOB_AGV_043_01090635,2025-01-09 06:57:00,0,B6,BR1
2025-01-09 06:35:00,AGV_079,JOB_AGV_079_01090635,2025-01-09 08:03:00,1,B6,BR4
2025-01-09 06:40:00,AGV_052,JOB_AGV_052_01090640,2025-01-09 06:49:00,1,B1,BR1
2025-01-09 06:40:00,AGV_072,JOB_AGV_072_01090640,2025-01-09 06:53:00,0,B6,BR1
2025-01-09 06:40:00,AGV_109,JOB_AGV_109_01090640,2025-01-09 06:45:00,1,B4,BR4
2025-01-09 06:45:00,AGV_050,JOB_AGV_050_01090645,2025-01-09 06:59:00,0,B3,BR2
2025-01-09 06:50:00,AGV_046,JOB_AGV_046_01090650,2025-01-09 07:07:00,0,B5,BR4
2025-01-09 06:50:00,AGV_096,JOB_AGV_096_01090650,2025-01-09 07:04:00,0,B6,BR4
2025-01-09 06:50:00,AGV_112,JOB_AGV_112_01090650,2025-01-09 06:55:00,2,B4,BR1
2025-01-09 06:55:00,AGV_058,JOB_AGV_058_01090655,2025-01-09 08:01:00,0,B2,BR3
2025-01-09 07:00:00,AGV_007,JOB_AGV_007_01090700,2025-01-09 08:23:00,2,B4,BR3
2025-01-09 07:00:00,AGV_034,JOB_AGV_034_01090700,2025-01-09 07:08:00,1,B2,BR3
2025-01-09 07:00:00,AGV_097,JOB_AGV_097_01090700,2025-01-09 09:11:00,1,B2,BR4
2025-01-09 07:00:00,AGV_099,JOB_AGV_099_01090700,2025-01-09 07:21:00,1,B1,BR1
2025-01-09 07:00:00,AGV_114,JOB_AGV_114_01090700,2025-01-09 07:25:00,0,B4,BR1
2025-01-09 07:05:00,AGV_020,JOB_AGV_020_01090705,2025-01-09 07:26:00,0,B5,BR4
2025-01-09 07:10:00,AGV_011,JOB_AGV_011_01090710,2025-01-09 07:17:00,1,B6,BR4
2025-01-09 07:10:00,AGV_103,JOB_AGV_103_01090710,2025-01-09 08:11:00,1,B1,BR3
2025-01-09 07:10:00,AGV_125,JOB_AGV_125_01090710,2025-01-09 07:25:00,0,B8,BR4
2025-01-09 07:15:00,AGV_053,JOB_AGV_053_01090715,2025-01-09 07:16:00,0,B4,BR4
2025-01-09 07:15:00,AGV_087,JOB_AGV_087_01090715,2025-01-09 08:36:00,0,B5,BR4
2025-01-09 07:20:00,AGV_020,JOB_AGV_020_01090720,2025-01-09 13:31:00,1,B7,BR1
2025-01-09 07:20:00,AGV_051,JOB_AGV_051_01090720,2025-01-09 07:59:00,0,B8,BR2
2025-01-09 07:20:00,AGV_052,JOB_AGV_052_01090720,2025-01-09 08:08:00,0,B8,BR4
2025-01-09 07:20:00,AGV_053,JOB_AGV_053_01090720,2025-01-09 07:20:00,0,B2,BR2
2025-01-09 07:25:00,AGV_009,JOB_AGV_009_01090725,2025-01-09 07:28:00,0,B8,BR1
2025-01-09 07:25:00,AGV_047,JOB_AGV_047_01090725,2025-01-09 07:54:00,2,B2,BR2
2025-01-09 07:25:00,AGV_051,JOB_AGV_051_01090725,2025-01-09 07:32:00,0,B4,BR2
2025-01-09 07:25:00,AGV_056,JOB_AGV_056_01090725,2025-01-09 07:37:00,2,B2,BR3
2025-01-09 07:25:00,AGV_070,JOB_AGV_070_01090725,2025-01-09 07:48:00,0,B2,BR3
2025-01-09 07:25:00,AGV_108,JOB_AGV_108_01090725,2025-01-09 07:48:00,0,B3,BR3
2025-01-09 07:30:00,AGV_018,JOB_AGV_018_01090730,2025-01-09 08:30:00,1,B1,BR3
2025-01-09 07:30:00,AGV_128,JOB_AGV_128_01090730,2025-01-09 08:10:00,0,B7,BR1
2025-01-09 07:30:00,AGV_130,JOB_AGV_130_01090730,2025-01-09 07:48:00,2,B3,BR3
2025-01-09 07:35:00,AGV_002,JOB_AGV_002_01090735,2025-01-09 08:15:00,1,B2,BR1
2025-01-09 07:35:00,AGV_006,JOB_AGV_006_01090735,2025-01-09 07:35:00,1,B5,BR3
2025-01-09 07:35:00,AGV_051,JOB_AGV_051_01090735,2025-01-09 08:39:00,0,B2,BR2
2025-01-09 07:40:00,AGV_088,JOB_AGV_088_01090740,2025-01-09 07:49:00,0,B7,BR4
2025-01-09 07:40:00,AGV_121,JOB_AGV_121_01090740,2025-01-09 08:26:00,0,B4,BR2
2025-01-09 07:45:00,AGV_108,JOB_AGV_108_01090745,2025-01-09 07:56:00,1,B1,BR4
2025-01-09 07:50:00,AGV_095,JOB_AGV_095_01090750,2025-01-09 07:56:00,2,B2,BR1
2025-01-09 07:55:00,AGV_050,JOB_AGV_050_01090755,2025-01-09 07:56:00,0,B1,BR3
2025-01-09 07:55:00,AGV_063,JOB_AGV_063_01090755,2025-01-09 09:17:00,2,B6,BR4
2025-01-09 07:55:00,AGV_100,JOB_AGV_100_01090755,2025-01-09 08:12:00,1,B5,BR2
2025-01-09 08:00:00,AGV_042,JOB_AGV_042_01090800,2025-01-09 08:05:00,2,B6,BR4
2025-01-09 08:00:00,AGV_121,JOB_AGV_121_01090800,2025-01-09 08:23:00,0,B8,BR3
2025-01-09 08:05:00,AGV_014,JOB_AGV_014_01090805,2025-01-09 10:14:00,0,B2,BR4
2025-01-09 08:05:00,AGV_113,JOB_AGV_113_01090805,2025-01-09 08:56:00,1,B3,BR4
2025-01-09 08:10:00,AGV_005,JOB_AGV_005_01090810,2025-01-09 08:22:00,2,B7,BR1
2025-01-09 08:10:00,AGV_040,JOB_AGV_040_01090810,2025-01-09 08:48:00,0,B3,BR2
2025-01-09 08:10:00,AGV_065,JOB_AGV_065_01090810,2025-01-09 11:07:00,2,B3,BR4
2025-01-09 08:10:00,AGV_107,JOB_AGV_107_01090810,2025-01-09 10:07:00,0,B3,BR2
2025-01-09 08:10:00,AGV_116,JOB_AGV_116_01090810,2025-01-09 08:38:00,1,B7,BR4
2025-01-09 08:20:00,AGV_033,JOB_AGV_033_01090820,2025-01-09 08:52:00,1,B6,BR2
2025-01-09 08:20:00,AGV_074,JOB_AGV_074_01090820,2025-01-09 08:23:00,1,B4,BR3
2025-01-09 08:20:00,AGV_091,JOB_AGV_091_01090820,2025-01-09 08:34:00,1,B3,BR1
2025-01-09 08:20:00,AGV_130,JOB_AGV_130_01090820,2025-01-09 08:30:00,0,B3,BR2
2025-01-09 08:25:00,AGV_034,JOB_AGV_034_01090825,2025-01-09 08:43:00,0,B3,BR2
2025-01-09 08:30:00,AGV_003,JOB_AGV_003_01090830,2025-01-09 08:42:00,1,B2,BR1
2025-01-09 08:30:00,AGV_118,JOB_AGV_118_01090830,2025-01-09 08:47:00,0,B2,BR2
2025-01-09 08:30:00,AGV_122,JOB_AGV_122_01090830,2025-01-09 09:08:00,0,B1,BR4
2025-01-09 08:35:00,AGV_004,JOB_AGV_004_01090835,2025-01-09 09:12:00,1,B3,BR2
2025-01-09 08:35:00,AGV_026,JOB_AGV_026_01090835,2025-01-09 08:58:00,1,B7,BR2
2025-01-09 08:35:00,AGV_075,JOB_AGV_075_01090835,2025-01-09 09:02:00,0,B6,BR4
2025-01-09 08:35:00,AGV_102,JOB_AGV_102_01090835,2025-01-09 08:47:00,1,B8,BR3
2025-01-09 08:40:00,AGV_002,JOB_AGV_002_01090840,2025-01-09 08:46:00,1,B8,BR4
2025-01-09 08:40:00,AGV_083,JOB_AGV_083_01090840,2025-01-09 09:33:00,1,B3,BR1
2025-01-09 08:40:00,AGV_101,JOB_AGV_101_01090840,2025-01-09 09:34:00,0,B4,BR4
2025-01-09 08:40:00,AGV_128,JOB_AGV_128_01090840,2025-01-09 09:04:00,0,B5,BR4
2025-01-09 08:45:00,AGV_069,JOB_AGV_069_01090845,2025-01-09 08:57:00,1,B6,BR3
2025-01-09 08:45:00,AGV_082,JOB_AGV_082_01090845,2025-01-09 08:46:00,1,B6,BR2
2025-01-09 08:45:00,AGV_096,JOB_AGV_096_01090845,2025-01-09 10:28:00,0,B4,BR3
2025-01-09 08:50:00,AGV_017,JOB_AGV_017_01090850,2025-01-09 08:50:00,2,B3,BR4
2025-01-09 08:55:00,AGV_063,JOB_AGV_063_01090855,2025-01-09 09:15:00,0,B5,BR2
2025-01-09 09:00:00,AGV_058,JOB_AGV_058_01090900,2025-01-09 09:21:00,1,B7,BR1
2025-01-09 09:00:00,AGV_102,JOB_AGV_102_01090900,2025-01-09 09:16:00,0,B3,BR4
2025-01-09 09:05:00,AGV_055,JOB_AGV_055_01090905,2025-01-09 09:20:00,0,B8,BR2
2025-01-09 09:05:00,AGV_079,JOB_AGV_079_01090905,2025-01-09 09:06:00,0,B7,BR1
2025-01-09 09:05:00,AGV_119,JOB_AGV_119_01090905,2025-01-09 09:44:00,1,B3,BR3
2025-01-09 09:10:00,AGV_004,JOB_AGV_004_01090910,2025-01-09 09:14:00,0,B8,BR2
2025-01-09 09:10:00,AGV_010,JOB_AGV_010_01090910,2025-01-09 09:38:00,2,B4,BR4
2025-01-09 09:10:00,AGV_022,JOB_AGV_022_01090910,2025-01-09 11:38:00,1,B7,BR2
2025-01-09 09:10:00,AGV_108,JOB_AGV_108_01090910,2025-01-09 10:37:00,0,B5,BR1
2025-01-09 09:15:00,AGV_023,JOB_AGV_023_01090915,2025-01-09 09:15:00,0,B5,BR3
2025-01-09 09:15:00,AGV_066,JOB_AGV_066_01090915,2025-01-09 12:08:00,0,B6,BR2
2025-01-09 09:15:00,AGV_076,JOB_AGV_076_01090915,2025-01-09 09:32:00,0,B2,BR1
2025-01-09 09:20:00,AGV_110,JOB_AGV_110_01090920,2025-01-09 09:22:00,2,B7,BR4
2025-01-09 09:25:00,AGV_003,JOB_AGV_003_01090925,2025-01-09 09:46:00,1,B8,BR4
2025-01-09 09:25:00,AGV_008,JOB_AGV_008_01090925,2025-01-09 09:46:00,0,B1,BR1
2025-01-09 09:25:00,AGV_071,JOB_AGV_071_01090925,2025-01-09 10:19:00,0,B6,BR2
2025-01-09 09:30:00,AGV_048,JOB_AGV_048_01090930,2025-01-09 09:31:00,0,B5,BR3
2025-01-09 09:35:00,AGV_047,JOB_AGV_047_01090935,2025-01-09 09:39:00,1,B8,BR1
2025-01-09 09:35:00,AGV_065,JOB_AGV_065_01090935,2025-01-09 10:03:00,0,B7,BR4
2025-01-09 09:35:00,AGV_068,JOB_AGV_068_01090935,2025-01-09 09:36:00,2,B3,BR2
2025-01-09 09:35:00,AGV_091,JOB_AGV_091_01090935,2025-01-09 10:34:00,1,B6,BR3
2025-01-09 09:35:00,AGV_104,JOB_AGV_104_01090935,2025-01-09 10:37:00,0,B3,BR1
2025-01-09 09:40:00,AGV_016,JOB_AGV_016_01090940,2025-01-09 10:01:00,1,B5,BR4
2025-01-09 09:40:00,AGV_064,JOB_AGV_064_01090940,2025-01-09 09:46:00,1,B6,BR2
2025-01-09 09:40:00,AGV_085,JOB_AGV_085_01090940,2025-01-09 10:13:00,0,B3,BR1
2025-01-09 09:45:00,AGV_002,JOB_AGV_002_01090945,2025-01-09 12:06:00,1,B3,BR1
2025-01-09 09:45:00,AGV_028,JOB_AGV_028_01090945,2025-01-09 09:50:00,1,B4,BR1
2025-01-09 09:45:00,AGV_120,JOB_AGV_120_01090945,2025-01-09 10:17:00,0,B2,BR1
2025-01-09 09:50:00,AGV_012,JOB_AGV_012_01090950,2025-01-09 10:40:00,1,B8,BR4
2025-01-09 09:50:00,AGV_032,JOB_AGV_032_01090950,2025-01-09 10:22:00,0,B6,BR3
2025-01-09 09:50:00,AGV_047,JOB_AGV_047_01090950,2025-01-09 09:57:00,2,B2,BR1
2025-01-09 09:50:00,AGV_060,JOB_AGV_060_01090950,2025-01-09 09:56:00,0,B8,BR4
2025-01-09 09:50:00,AGV_063,JOB_AGV_063_01090950,2025-01-09 10:37:00,1,B4,BR4
2025-01-09 09:50:00,AGV_066,JOB_AGV_066_01090950,2025-01-09 10:02:00,1,B8,BR2
2025-01-09 09:55:00,AGV_031,JOB_AGV_031_01090955,2025-01-09 10:01:00,1,B8,BR4
2025-01-09 09:55:00,AGV_035,JOB_AGV_035_01090955,2025-01-09 10:10:00,0,B5,BR2
2025-01-09 09:55:00,AGV_071,JOB_AGV_071_01090955,2025-01-09 10:10:00,2,B3,BR3
2025-01-09 09:55:00,AGV_126,JOB_AGV_126_01090955,2025-01-09 10:42:00,0,B6,BR1
2025-01-09 10:00:00,AGV_004,JOB_AGV_004_01091000,2025-01-09 10:15:00,1,B1,BR3
2025-01-09 10:00:00,AGV_034,JOB_AGV_034_01091000,2025-01-09 10:05:00,0,B3,BR4
2025-01-09 10:05:00,AGV_053,JOB_AGV_053_01091005,2025-01-09 10:34:00,1,B8,BR1
2025-01-09 10:05:00,AGV_069,JOB_AGV_069_01091005,2025-01-09 10:11:00,0,B4,BR4
2025-01-09 10:05:00,AGV_128,JOB_AGV_128_01091005,2025-01-09 10:52:00,0,B8,BR1
2025-01-09 10:10:00,AGV_064,JOB_AGV_064_01091010,2025-01-09 10:13:00,1,B7,BR2
2025-01-09 10:10:00,AGV_091,JOB_AGV_091_01091010,2025-01-09 10:20:00,0,B3,BR4
2025-01-09 10:15:00,AGV_045,JOB_AGV_045_01091015,2025-01-09 10:15:00,1,B8,BR3
2025-01-09 10:15:00,AGV_052,JOB_AGV_052_01091015,2025-01-09 10:20:00,0,B4,BR1
2025-01-09 10:15:00,AGV_094,JOB_AGV_094_01091015,2025-01-09 10:28:00,2,B7,BR3
2025-01-09 10:15:00,AGV_097,JOB_AGV_097_01091015,2025-01-09 10:32:00,0,B5,BR3
2025-01-09 10:15:00,AGV_098,JOB_AGV_098_01091015,2025-01-09 10:49:00,1,B3,BR3
2025-01-09 10:15:00,AGV_117,JOB_AGV_117_01091015,2025-01-09 10:38:00,1,B1,BR2
2025-01-09 10:20:00,AGV_013,JOB_AGV_013_01091020,2025-01-09 10:24:00,0,B8,BR4
2025-01-09 10:20:00,AGV_023,JOB_AGV_023_01091020,2025-01-09 10:21:00,0,B1,BR2
2025-01-09 10:20:00,AGV_076,JOB_AGV_076_01091020,2025-01-09 10:34:00,2,B6,BR4
2025-01-09 10:20:00,AGV_119,JOB_AGV_119_01091020,2025-01-09 10:50:00,0,B7,BR4
2025-01-09 10:25:00,AGV_007,JOB_AGV_007_01091025,2025-01-09 10:31:00,1,B6,BR3
2025-01-09 10:25:00,AGV_023,JOB_AGV_023_01091025,2025-01-09 10:26:00,0,B3,BR1
2025-01-09 10:25:00,AGV_043,JOB_AGV_043_01091025,2025-01-09 10:45:00,0,B8,BR1
2025-01-09 10:25:00,AGV_098,JOB_AGV_098_01091025,2025-01-09 10:39:00,0,B8,BR2
2025-01-09 10:25:00,AGV_125,JOB_AGV_125_01091025,2025-01-09 10:34:00,0,B8,BR1
2025-01-09 10:30:00,AGV_031,JOB_AGV_031_01091030,2025-01-09 11:01:00,2,B4,BR3
2025-01-09 10:30:00,AGV_054,JOB_AGV_054_01091030,2025-01-09 12:01:00,0,B1,BR3
2025-01-09 10:30:00,AGV_116,JOB_AGV_116_01091030,2025-01-09 10:50:00,0,B8,BR3
2025-01-09 10:35:00,AGV_023,JOB_AGV_023_01091035,2025-01-09 11:11:00,1,B6,BR2
2025-01-09 10:35:00,AGV_037,JOB_AGV_037_01091035,2025-01-09 10:58:00,1,B2,BR2
2025-01-09 10:35:00,AGV_046,JOB_AGV_046_01091035,2025-01-09 11:06:00,0,B7,BR2
2025-01-09 10:35:00,AGV_067,JOB_AGV_067_01091035,2025-01-09 10:45:00,0,B6,BR4
2025-01-09 10:35:00,AGV_102,JOB_AGV_102_01091035,2025-01-09 11:11:00,0,B5,BR2
2025-01-09 10:40:00,AGV_027,JOB_AGV_027_01091040,2025-01-09 10:47:00,1,B7,BR3
2025-01-09 10:40:00,AGV_049,JOB_AGV_049_01091040,2025-01-09 11:18:00,1,B1,BR2
2025-01-09 10:40:00,AGV_109,JOB_AGV_109_01091040,2025-01-09 10:48:00,1,B5,BR1
2025-01-09 10:40:00,AGV_119,JOB_AGV_119_01091040,2025-01-09 11:01:00,1,B7,BR1
2025-01-09 10:40:00,AGV_128,JOB_AGV_128_01091040,2025-01-09 10:41:00,1,B7,BR1
2025-01-09 10:45:00,AGV_004,JOB_AGV_004_01091045,2025-01-09 11:48:00,2,B6,BR2
2025-01-09 10:45:00,AGV_096,JOB_AGV_096_01091045,2025-01-09 10:59:00,1,B2,BR1
2025-01-09 10:45:00,AGV_098,JOB_AGV_098_01091045,2025-01-09 11:12:00,0,B1,BR2
2025-01-09 10:50:00,AGV_001,JOB_AGV_001_01091050,2025-01-09 13:04:00,2,B2,BR2
2025-01-09 10:50:00,AGV_003,JOB_AGV_003_01091050,2025-01-09 11:09:00,1,B8,BR1
2025-01-09 10:50:00,AGV_025,JOB_AGV_025_01091050,2025-01-09 13:08:00,0,B7,BR1
2025-01-09 10:50:00,AGV_066,JOB_AGV_066_01091050,2025-01-09 11:27:00,0,B6,BR1
2025-01-09 10:50:00,AGV_082,JOB_AGV_082_01091050,2025-01-09 11:25:00,0,B1,BR4
2025-01-09 10:50:00,AGV_128,JOB_AGV_128_01091050,2025-01-09 11:40:00,0,B3,BR1
2025-01-09 10:55:00,AGV_046,JOB_AGV_046_01091055,2025-01-09 11:16:00,2,B3,BR2
2025-01-09 10:55:00,AGV_065,JOB_AGV_065_01091055,2025-01-09 10:56:00,0,B6,BR1
2025-01-09 10:55:00,AGV_082,JOB_AGV_082_01091055,2025-01-09 11:48:00,0,B4,BR1
2025-01-09 10:55:00,AGV_123,JOB_AGV_123_01091055,2025-01-09 11:10:00,2,B7,BR1
2025-01-09 11:00:00,AGV_032,JOB_AGV_032_01091100,2025-01-09 11:02:00,0,B5,BR1
2025-01-09 11:00:00,AGV_112,JOB_AGV_112_01091100,2025-01-09 11:32:00,0,B1,BR2
2025-01-09 11:05:00,AGV_005,JOB_AGV_005_01091105,2025-01-09 11:48:00,0,B4,BR3
2025-01-09 11:05:00,AGV_031,JOB_AGV_031_01091105,2025-01-09 11:15:00,1,B1,BR4
2025-01-09 11:05:00,AGV_063,JOB_AGV_063_01091105,2025-01-09 11:22:00,0,B6,BR4
2025-01-09 11:05:00,AGV_077,JOB_AGV_077_01091105,2025-01-09 11:14:00,1,B5,BR2
2025-01-09 11:10:00,AGV_019,JOB_AGV_019_01091110,2025-01-09 11:10:00,0,B2,BR3
2025-01-09 11:10:00,AGV_031,JOB_AGV_031_01091110,2025-01-09 11:32:00,2,B6,BR3
2025-01-09 11:15:00,AGV_107,JOB_AGV_107_01091115,2025-01-09 11:31:00,0,B7,BR2
2025-01-09 11:15:00,AGV_113,JOB_AGV_113_01091115,2025-01-09 11:48:00,2,B3,BR2
2025-01-09 11:20:00,AGV_009,JOB_AGV_009_01091120,2025-01-09 11:34:00,0,B3,BR1
2025-01-09 11:20:00,AGV_022,JOB_AGV_022_01091120,2025-01-09 11:22:00,1,B6,BR1
2025-01-09 11:20:00,AGV_025,JOB_AGV_025_01091120,2025-01-09 12:04:00,0,B8,BR1
2025-01-09 11:20:00,AGV_051,JOB_AGV_051_01091120,2025-01-09 13:01:00,1,B1,BR3
2025-01-09 11:25:00,AGV_015,JOB_AGV_015_01091125,2025-01-09 11:52:00,0,B2,BR1
2025-01-09 11:25:00,AGV_030,JOB_AGV_030_01091125,2025-01-09 11:25:00,0,B8,BR1
2025-01-09 11:25:00,AGV_088,JOB_AGV_088_01091125,2025-01-09 11:36:00,0,B4,BR3
2025-01-09 11:30:00,AGV_019,JOB_AGV_019_01091130,2025-01-09 12:05:00,1,B3,BR1
2025-01-09 11:30:00,AGV_039,JOB_AGV_039_01091130,2025-01-09 11:55:00,1,B8,BR1
2025-01-09 11:30:00,AGV_051,JOB_AGV_051_01091130,2025-01-09 11:51:00,0,B6,BR4
2025-01-09 11:30:00,AGV_095,JOB_AGV_095_01091130,2025-01-09 13:10:00,1,B5,BR1
2025-01-09 11:35:00,AGV_052,JOB_AGV_052_01091135,2025-01-09 11:47:00,1,B1,BR2
2025-01-09 11:35:00,AGV_055,JOB_AGV_055_01091135,2025-01-09 12:52:00,0,B6,BR1
2025-01-09 11:35:00,AGV_082,JOB_AGV_082_01091135,2025-01-09 12:10:00,1,B8,BR4
2025-01-09 11:35:00,AGV_092,JOB_AGV_092_01091135,2025-01-09 12:24:00,1,B7,BR1
2025-01-09 11:35:00,AGV_097,JOB_AGV_097_01091135,2025-01-09 11:38:00,1,B5,BR3
2025-01-09 11:45:00,AGV_087,JOB_AGV_087_01091145,2025-01-09 12:59:00,0,B5,BR3
2025-01-09 11:50:00,AGV_029,JOB_AGV_029_01091150,2025-01-09 12:01:00,1,B4,BR4
2025-01-09 11:55:00,AGV_005,JOB_AGV_005_01091155,2025-01-09 12:13:00,0,B5,BR4
2025-01-09 11:55:00,AGV_008,JOB_AGV_008_01091155,2025-01-09 12:01:00,1,B6,BR3
2025-01-09 11:55:00,AGV_073,JOB_AGV_073_01091155,2025-01-09 13:08:00,0,B2,BR3
2025-01-09 12:05:00,AGV_034,JOB_AGV_034_01091205,2025-01-09 12:08:00,1,B1,BR4
2025-01-09 12:05:00,AGV_061,JOB_AGV_061_01091205,2025-01-09 12:24:00,0,B7,BR4
2025-01-09 12:10:00,AGV_013,JOB_AGV_013_01091210,2025-01-09 13:45:00,2,B5,BR2
2025-01-09 12:15:00,AGV_053,JOB_AGV_053_01091215,2025-01-09 12:16:00,1,B5,BR1
2025-01-09 12:20:00,AGV_031,JOB_AGV_031_01091220,2025-01-09 12:40:00,1,B5,BR1
2025-01-09 12:20:00,AGV_120,JOB_AGV_120_01091220,2025-01-09 13:30:00,0,B2,BR2
2025-01-09 12:25:00,AGV_033,JOB_AGV_033_01091225,2025-01-09 16:50:00,1,B5,BR4
2025-01-09 12:25:00,AGV_048,JOB_AGV_048_01091225,2025-01-09 13:14:00,0,B6,BR3
2025-01-09 12:30:00,AGV_003,JOB_AGV_003_01091230,2025-01-09 12:51:00,0,B6,BR4
2025-01-09 12:30:00,AGV_111,JOB_AGV_111_01091230,2025-01-09 13:21:00,1,B1,BR2
2025-01-09 12:35:00,AGV_012,JOB_AGV_012_01091235,2025-01-09 12:46:00,0,B6,BR4
2025-01-09 12:35:00,AGV_060,JOB_AGV_060_01091235,2025-01-09 12:48:00,0,B1,BR2
2025-01-09 12:35:00,AGV_103,JOB_AGV_103_01091235,2025-01-09 12:40:00,0,B6,BR1
2025-01-09 12:40:00,AGV_005,JOB_AGV_005_01091240,2025-01-09 12:41:00,1,B1,BR4
2025-01-09 12:40:00,AGV_023,JOB_AGV_023_01091240,2025-01-09 12:43:00,0,B6,BR3
2025-01-09 12:40:00,AGV_073,JOB_AGV_073_01091240,2025-01-09 13:57:00,2,B2,BR3
2025-01-09 12:40:00,AGV_090,JOB_AGV_090_01091240,2025-01-09 12:45:00,0,B3,BR4
2025-01-09 12:45:00,AGV_021,JOB_AGV_021_01091245,2025-01-09 12:53:00,1,B1,BR4
2025-01-09 12:45:00,AGV_050,JOB_AGV_050_01091245,2025-01-09 13:14:00,0,B8,BR3
2025-01-09 12:50:00,AGV_001,JOB_AGV_001_01091250,2025-01-09 16:13:00,1,B1,BR4
2025-01-09 12:50:00,AGV_012,JOB_AGV_012_01091250,2025-01-09 13:36:00,1,B4,BR1
2025-01-09 12:50:00,AGV_016,JOB_AGV_016_01091250,2025-01-09 13:01:00,0,B6,BR2
2025-01-09 12:50:00,AGV_049,JOB_AGV_049_01091250,2025-01-09 12:57:00,0,B1,BR3
2025-01-09 12:50:00,AGV_076,JOB_AGV_076_01091250,2025-01-09 13:02:00,0,B8,BR1
2025-01-09 12:50:00,AGV_102,JOB_AGV_102_01091250,2025-01-09 12:59:00,1,B3,BR1
2025-01-09 12:50:00,AGV_121,JOB_AGV_121_01091250,2025-01-09 13:29:00,1,B4,BR2
2025-01-09 12:50:00,AGV_125,JOB_AGV_125_01091250,2025-01-09 13:11:00,2,B3,BR3
2025-01-09 12:55:00,AGV_027,JOB_AGV_027_01091255,2025-01-09 13:24:00,1,B6,BR3
2025-01-09 12:55:00,AGV_048,JOB_AGV_048_01091255,2025-01-09 13:09:00,1,B4,BR3
2025-01-09 12:55:00,AGV_120,JOB_AGV_120_01091255,2025-01-09 13:15:00,1,B5,BR1
2025-01-09 13:00:00,AGV_023,JOB_AGV_023_01091300,2025-01-09 14:25:00,1,B8,BR2
2025-01-09 13:10:00,AGV_084,JOB_AGV_084_01091310,2025-01-09 13:20:00,2,B5,BR2
2025-01-09 13:15:00,AGV_045,JOB_AGV_045_01091315,2025-01-09 15:41:00,0,B1,BR2
2025-01-09 13:15:00,AGV_052,JOB_AGV_052_01091315,2025-01-09 13:16:00,0,B7,BR4
2025-01-09 13:15:00,AGV_055,JOB_AGV_055_01091315,2025-01-09 13:36:00,1,B3,BR3
2025-01-09 13:15:00,AGV_059,JOB_AGV_059_01091315,2025-01-09 13:25:00,0,B3,BR3
2025-01-09 13:15:00,AGV_067,JOB_AGV_067_01091315,2025-01-09 13:50:00,1,B8,BR1
2025-01-09 13:15:00,AGV_070,JOB_AGV_070_01091315,2025-01-09 13:46:00,1,B2,BR3
2025-01-09 13:20:00,AGV_103,JOB_AGV_103_01091320,2025-01-09 13:32:00,0,B5,BR3
2025-01-09 13:20:00,AGV_128,JOB_AGV_128_01091320,2025-01-09 14:16:00,2,B7,BR4
2025-01-09 13:20:00,AGV_130,JOB_AGV_130_01091320,2025-01-09 16:33:00,0,B5,BR2
2025-01-09 13:25:00,AGV_044,JOB_AGV_044_01091325,2025-01-09 14:04:00,0,B4,BR1
2025-01-09 13:25:00,AGV_093,JOB_AGV_093_01091325,2025-01-09 13:32:00,0,B7,BR3
2025-01-09 13:25:00,AGV_098,JOB_AGV_098_01091325,2025-01-09 13:43:00,0,B5,BR3
2025-01-09 13:25:00,AGV_123,JOB_AGV_123_01091325,2025-01-09 13:35:00,1,B1,BR2
2025-01-09 13:30:00,AGV_021,JOB_AGV_021_01091330,2025-01-09 14:21:00,2,B3,BR4
2025-01-09 13:30:00,AGV_024,JOB_AGV_024_01091330,2025-01-09 13:39:00,0,B7,BR3
2025-01-09 13:30:00,AGV_033,JOB_AGV_033_01091330,2025-01-09 14:22:00,0,B6,BR3
2025-01-09 13:30:00,AGV_106,JOB_AGV_106_01091330,2025-01-09 14:28:00,1,B6,BR1
2025-01-09 13:35:00,AGV_006,JOB_AGV_006_01091335,2025-01-09 13:38:00,1,B3,BR2
2025-01-09 13:35:00,AGV_011,JOB_AGV_011_01091335,2025-01-09 13:41:00,2,B4,BR1
2025-01-09 13:35:00,AGV_023,JOB_AGV_023_01091335,2025-01-09 14:30:00,1,B2,BR1
2025-01-09 13:35:00,AGV_029,JOB_AGV_029_01091335,2025-01-09 14:08:00,1,B1,BR4
2025-01-09 13:35:00,AGV_051,JOB_AGV_051_01091335,2025-01-09 13:43:00,0,B1,BR3
2025-01-09 13:35:00,AGV_066,JOB_AGV_066_01091335,2025-01-09 14:47:00,1,B2,BR2
2025-01-09 13:35:00,AGV_094,JOB_AGV_094_01091335,2025-01-09 13:51:00,0,B8,BR4
2025-01-09 13:35:00,AGV_120,JOB_AGV_120_01091335,2025-01-09 13:42:00,2,B7,BR3
2025-01-09 13:40:00,AGV_027,JOB_AGV_027_01091340,2025-01-09 15:14:00,0,B7,BR3
2025-01-09 13:40:00,AGV_079,JOB_AGV_079_01091340,2025-01-09 13:45:00,2,B2,BR2
2025-01-09 13:45:00,AGV_042,JOB_AGV_042_01091345,2025-01-09 14:20:00,0,B2,BR4
2025-01-09 13:45:00,AGV_084,JOB_AGV_084_01091345,2025-01-09 15:55:00,0,B7,BR4
2025-01-09 13:45:00,AGV_090,JOB_AGV_090_01091345,2025-01-09 14:02:00,2,B7,BR4
2025-01-09 13:50:00,AGV_031,JOB_AGV_031_01091350,2025-01-09 14:23:00,0,B7,BR3
2025-01-09 13:50:00,AGV_047,JOB_AGV_047_01091350,2025-01-09 14:32:00,1,B5,BR3
2025-01-09 13:50:00,AGV_067,JOB_AGV_067_01091350,2025-01-09 14:02:00,1,B2,BR3
2025-01-09 14:00:00,AGV_078,JOB_AGV_078_01091400,2025-01-09 14:11:00,1,B5,BR2
2025-01-09 14:05:00,AGV_048,JOB_AGV_048_01091405,2025-01-09 14:31:00,0,B1,BR2
2025-01-09 14:10:00,AGV_004,JOB_AGV_004_01091410,2025-01-09 15:39:00,2,B2,BR3
2025-01-09 14:10:00,AGV_007,JOB_AGV_007_01091410,2025-01-09 14:35:00,1,B8,BR3
2025-01-09 14:10:00,AGV_032,JOB_AGV_032_01091410,2025-01-09 14:53:00,0,B2,BR4
2025-01-09 14:10:00,AGV_037,JOB_AGV_037_01091410,2025-01-09 14:16:00,1,B5,BR2
2025-01-09 14:10:00,AGV_068,JOB_AGV_068_01091410,2025-01-09 14:32:00,0,B5,BR4
2025-01-09 14:10:00,AGV_076,JOB_AGV_076_01091410,2025-01-09 14:41:00,1,B3,BR4
2025-01-09 14:10:00,AGV_086,JOB_AGV_086_01091410,2025-01-09 14:34:00,0,B3,BR2
2025-01-09 14:15:00,AGV_023,JOB_AGV_023_01091415,2025-01-09 14:50:00,1,B7,BR4
2025-01-09 14:15:00,AGV_034,JOB_AGV_034_01091415,2025-01-09 14:30:00,0,B7,BR4
2025-01-09 14:15:00,AGV_056,JOB_AGV_056_01091415,2025-01-09 16:36:00,1,B3,BR1
2025-01-09 14:20:00,AGV_082,JOB_AGV_082_01091420,2025-01-09 14:33:00,1,B6,BR1
2025-01-09 14:20:00,AGV_121,JOB_AGV_121_01091420,2025-01-09 14:24:00,1,B1,BR2
2025-01-09 14:25:00,AGV_044,JOB_AGV_044_01091425,2025-01-09 14:29:00,0,B3,BR3
2025-01-09 14:30:00,AGV_011,JOB_AGV_011_01091430,2025-01-09 14:37:00,0,B4,BR4
2025-01-09 14:30:00,AGV_066,JOB_AGV_066_01091430,2025-01-09 15:14:00,1,B4,BR1
2025-01-09 14:35:00,AGV_004,JOB_AGV_004_01091435,2025-01-09 14:52:00,0,B7,BR4
2025-01-09 14:35:00,AGV_029,JOB_AGV_029_01091435,2025-01-09 14:41:00,0,B2,BR4
2025-01-09 14:35:00,AGV_043,JOB_AGV_043_01091435,2025-01-09 17:21:00,2,B4,BR3
2025-01-09 14:35:00,AGV_094,JOB_AGV_094_01091435,2025-01-09 14:38:00,0,B8,BR4
2025-01-09 14:35:00,AGV_110,JOB_AGV_110_01091435,2025-01-09 14:38:00,0,B7,BR4
2025-01-09 14:40:00,AGV_053,JOB_AGV_053_01091440,2025-01-09 15:43:00,1,B7,BR2
2025-01-09 14:40:00,AGV_078,JOB_AGV_078_01091440,2025-01-09 15:22:00,0,B7,BR1
2025-01-09 14:40:00,AGV_100,JOB_AGV_100_01091440,2025-01-09 15:05:00,0,B6,BR3
2025-01-09 14:40:00,AGV_111,JOB_AGV_111_01091440,2025-01-09 14:43:00,0,B1,BR2
2025-01-09 14:40:00,AGV_126,JOB_AGV_126_01091440,2025-01-09 14:54:00,1,B1,BR1
2025-01-09 14:40:00,AGV_129,JOB_AGV_129_01091440,2025-01-09 14:43:00,1,B7,BR2
2025-01-09 14:45:00,AGV_018,JOB_AGV_018_01091445,2025-01-09 16:54:00,1,B1,BR4
2025-01-09 14:45:00,AGV_028,JOB_AGV_028_01091445,2025-01-09 14:59:00,0,B6,BR1
2025-01-09 14:45:00,AGV_055,JOB_AGV_055_01091445,2025-01-09 16:59:00,1,B2,BR3
2025-01-09 14:50:00,AGV_025,JOB_AGV_025_01091450,2025-01-09 14:54:00,0,B8,BR4
2025-01-09 14:50:00,AGV_066,JOB_AGV_066_01091450,2025-01-09 14:53:00,0,B2,BR3
2025-01-09 14:50:00,AGV_087,JOB_AGV_087_01091450,2025-01-09 15:04:00,0,B5,BR4
2025-01-09 15:05:00,AGV_004,JOB_AGV_004_01091505,2025-01-09 15:05:00,0,B2,BR2
2025-01-09 15:05:00,AGV_081,JOB_AGV_081_01091505,2025-01-09 15:25:00,1,B2,BR3
2025-01-09 15:10:00,AGV_008,JOB_AGV_008_01091510,2025-01-09 15:31:00,2,B8,BR1
2025-01-09 15:10:00,AGV_068,JOB_AGV_068_01091510,2025-01-09 15:34:00,0,B8,BR3
2025-01-09 15:10:00,AGV_069,JOB_AGV_069_01091510,2025-01-09 15:34:00,2,B5,BR4
2025-01-09 15:10:00,AGV_092,JOB_AGV_092_01091510,2025-01-09 15:26:00,1,B6,BR1
2025-01-09 15:10:00,AGV_093,JOB_AGV_093_01091510,2025-01-09 16:41:00,1,B4,BR4
2025-01-09 15:10:00,AGV_103,JOB_AGV_103_01091510,2025-01-09 15:29:00,0,B3,BR1
2025-01-09 15:15:00,AGV_022,JOB_AGV_022_01091515,2025-01-09 15:39:00,1,B1,BR4
2025-01-09 15:15:00,AGV_031,JOB_AGV_031_01091515,2025-01-09 15:53:00,1,B1,BR4
2025-01-09 15:15:00,AGV_071,JOB_AGV_071_01091515,2025-01-09 15:15:00,1,B1,BR3
2025-01-09 15:20:00,AGV_044,JOB_AGV_044_01091520,2025-01-09 15:45:00,0,B7,BR4
2025-01-09 15:25:00,AGV_099,JOB_AGV_099_01091525,2025-01-09 15:31:00,1,B1,BR4
2025-01-09 15:25:00,AGV_100,JOB_AGV_100_01091525,2025-01-09 17:25:00,0,B4,BR2
2025-01-09 15:25:00,AGV_121,JOB_AGV_121_01091525,2025-01-09 15:26:00,1,B4,BR2
2025-01-09 15:25:00,AGV_130,JOB_AGV_130_01091525,2025-01-09 15:47:00,0,B8,BR2
2025-01-09 15:30:00,AGV_038,JOB_AGV_038_01091530,2025-01-09 15:36:00,2,B4,BR3
2025-01-09 15:30:00,AGV_106,JOB_AGV_106_01091530,2025-01-09 19:05:00,1,B6,BR2
2025-01-09 15:35:00,AGV_036,JOB_AGV_036_01091535,2025-01-09 15:52:00,1,B8,BR1
2025-01-09 15:35:00,AGV_047,JOB_AGV_047_01091535,2025-01-09 15:42:00,1,B2,BR3
2025-01-09 15:35:00,AGV_077,JOB_AGV_077_01091535,2025-01-09 15:35:00,1,B2,BR3
2025-01-09 15:40:00,AGV_010,JOB_AGV_010_01091540,2025-01-09 16:19:00,1,B8,BR4
2025-01-09 15:40:00,AGV_029,JOB_AGV_029_01091540,2025-01-09 15:44:00,0,B5,BR4
2025-01-09 15:40:00,AGV_098,JOB_AGV_098_01091540,2025-01-09 16:01:00,0,B7,BR2
2025-01-09 15:45:00,AGV_030,JOB_AGV_030_01091545,2025-01-09 16:07:00,0,B2,BR4
2025-01-09 15:50:00,AGV_011,JOB_AGV_011_01091550,2025-01-09 15:57:00,2,B2,BR4
2025-01-09 15:50:00,AGV_061,JOB_AGV_061_01091550,2025-01-09 16:26:00,2,B2,BR2
2025-01-09 15:50:00,AGV_062,JOB_AGV_062_01091550,2025-01-09 16:27:00,2,B2,BR1
2025-01-09 15:50:00,AGV_119,JOB_AGV_119_01091550,2025-01-09 16:19:00,0,B1,BR1
2025-01-09 15:50:00,AGV_126,JOB_AGV_126_01091550,2025-01-09 16:00:00,1,B8,BR3
2025-01-09 15:55:00,AGV_129,JOB_AGV_129_01091555,2025-01-09 17:28:00,0,B6,BR3
2025-01-09 16:00:00,AGV_018,JOB_AGV_018_01091600,2025-01-09 17:44:00,1,B4,BR4
2025-01-09 16:00:00,AGV_062,JOB_AGV_062_01091600,2025-01-09 16:06:00,1,B3,BR4
2025-01-09 16:00:00,AGV_117,JOB_AGV_117_01091600,2025-01-09 16:47:00,1,B2,BR2
2025-01-09 16:00:00,AGV_118,JOB_AGV_118_01091600,2025-01-09 19:18:00,0,B6,BR1
2025-01-09 16:05:00,AGV_037,JOB_AGV_037_01091605,2025-01-09 16:12:00,0,B7,BR3
2025-01-09 16:05:00,AGV_100,JOB_AGV_100_01091605,2025-01-09 16:26:00,2,B7,BR1
2025-01-09 16:10:00,AGV_072,JOB_AGV_072_01091610,2025-01-09 16:31:00,1,B1,BR1
2025-01-09 16:10:00,AGV_121,JOB_AGV_121_01091610,2025-01-09 18:24:00,0,B4,BR3
2025-01-09 16:15:00,AGV_044,JOB_AGV_044_01091615,2025-01-09 16:24:00,0,B3,BR2
2025-01-09 16:15:00,AGV_059,JOB_AGV_059_01091615,2025-01-09 16:15:00,0,B8,BR4
2025-01-09 16:20:00,AGV_047,JOB_AGV_047_01091620,2025-01-09 17:13:00,1,B5,BR4
2025-01-09 16:20:00,AGV_049,JOB_AGV_049_01091620,2025-01-09 16:44:00,1,B2,BR2
2025-01-09 16:20:00,AGV_072,JOB_AGV_072_01091620,2025-01-09 16:22:00,0,B8,BR2
2025-01-09 16:25:00,AGV_003,JOB_AGV_003_01091625,2025-01-09 16:25:00,1,B3,BR3
2025-01-09 16:25:00,AGV_065,JOB_AGV_065_01091625,2025-01-09 16:57:00,2,B1,BR2
2025-01-09 16:30:00,AGV_045,JOB_AGV_045_01091630,2025-01-09 16:38:00,1,B1,BR3
2025-01-09 16:30:00,AGV_091,JOB_AGV_091_01091630,2025-01-09 17:45:00,1,B6,BR2
2025-01-09 16:30:00,AGV_094,JOB_AGV_094_01091630,2025-01-09 16:56:00,0,B4,BR4
2025-01-09 16:30:00,AGV_095,JOB_AGV_095_01091630,2025-01-09 16:44:00,0,B1,BR4
2025-01-09 16:30:00,AGV_108,JOB_AGV_108_01091630,2025-01-09 16:46:00,2,B1,BR1
2025-01-09 16:35:00,AGV_027,JOB_AGV_027_01091635,2025-01-09 17:40:00,2,B6,BR2
2025-01-09 16:35:00,AGV_029,JOB_AGV_029_01091635,2025-01-09 16:38:00,0,B4,BR3
2025-01-09 16:40:00,AGV_096,JOB_AGV_096_01091640,2025-01-09 16:49:00,1,B5,BR4
2025-01-09 16:40:00,AGV_112,JOB_AGV_112_01091640,2025-01-09 17:01:00,1,B8,BR3
2025-01-09 16:45:00,AGV_056,JOB_AGV_056_01091645,2025-01-09 17:14:00,0,B6,BR3
2025-01-09 16:45:00,AGV_104,JOB_AGV_104_01091645,2025-01-09 17:36:00,0,B5,BR2
2025-01-09 16:45:00,AGV_108,JOB_AGV_108_01091645,2025-01-09 16:54:00,1,B5,BR3
2025-01-09 16:45:00,AGV_128,JOB_AGV_128_01091645,2025-01-09 17:00:00,1,B3,BR2
2025-01-09 16:50:00,AGV_096,JOB_AGV_096_01091650,2025-01-09 17:55:00,0,B6,BR1
2025-01-09 16:55:00,AGV_096,JOB_AGV_096_01091655,2025-01-09 17:25:00,0,B3,BR1
2025-01-09 17:00:00,AGV_017,JOB_AGV_017_01091700,2025-01-09 17:16:00,0,B5,BR2
2025-01-09 17:00:00,AGV_070,JOB_AGV_070_01091700,2025-01-09 17:12:00,1,B5,BR1
2025-01-09 17:00:00,AGV_083,JOB_AGV_083_01091700,2025-01-09 17:01:00,0,B8,BR3
2025-01-09 17:00:00,AGV_113,JOB_AGV_113_01091700,2025-01-09 17:23:00,1,B1,BR3
2025-01-09 17:05:00,AGV_036,JOB_AGV_036_01091705,2025-01-09 17:12:00,1,B1,BR2
2025-01-09 17:05:00,AGV_039,JOB_AGV_039_01091705,2025-01-09 17:31:00,1,B1,BR4
2025-01-09 17:10:00,AGV_024,JOB_AGV_024_01091710,2025-01-09 18:19:00,1,B4,BR2
2025-01-09 17:10:00,AGV_070,JOB_AGV_070_01091710,2025-01-09 17:15:00,0,B7,BR2
2025-01-09 17:10:00,AGV_110,JOB_AGV_110_01091710,2025-01-09 17:15:00,1,B8,BR2
2025-01-09 17:15:00,AGV_037,JOB_AGV_037_01091715,2025-01-09 17:45:00,2,B5,BR3
2025-01-09 17:15:00,AGV_046,JOB_AGV_046_01091715,2025-01-09 17:21:00,0,B7,BR2
2025-01-09 17:20:00,AGV_036,JOB_AGV_036_01091720,2025-01-09 18:31:00,0,B1,BR2
2025-01-09 17:20:00,AGV_043,JOB_AGV_043_01091720,2025-01-09 19:27:00,0,B8,BR2
2025-01-09 17:20:00,AGV_048,JOB_AGV_048_01091720,2025-01-09 18:07:00,2,B4,BR4
2025-01-09 17:20:00,AGV_073,JOB_AGV_073_01091720,2025-01-09 17:26:00,1,B6,BR2
2025-01-09 17:20:00,AGV_085,JOB_AGV_085_01091720,2025-01-09 17:36:00,0,B7,BR3
2025-01-09 17:25:00,AGV_062,JOB_AGV_062_01091725,2025-01-09 17:45:00,1,B6,BR4
2025-01-09 17:25:00,AGV_073,JOB_AGV_073_01091725,2025-01-09 17:29:00,0,B7,BR2
2025-01-09 17:25:00,AGV_098,JOB_AGV_098_01091725,2025-01-09 18:02:00,0,B1,BR4
2025-01-09 17:30:00,AGV_004,JOB_AGV_004_01091730,2025-01-09 20:49:00,0,B8,BR4
2025-01-09 17:30:00,AGV_020,JOB_AGV_020_01091730,2025-01-09 17:46:00,0,B8,BR1
2025-01-09 17:35:00,AGV_027,JOB_AGV_027_01091735,2025-01-09 19:04:00,0,B7,BR4
2025-01-09 17:35:00,AGV_045,JOB_AGV_045_01091735,2025-01-09 18:26:00,0,B1,BR1
2025-01-09 17:35:00,AGV_061,JOB_AGV_061_01091735,2025-01-09 17:45:00,1,B5,BR4
2025-01-09 17:35:00,AGV_083,JOB_AGV_083_01091735,2025-01-09 17:50:00,0,B7,BR3
2025-01-09 17:35:00,AGV_110,JOB_AGV_110_01091735,2025-01-09 19:15:00,0,B4,BR3
2025-01-09 17:40:00,AGV_101,JOB_AGV_101_01091740,2025-01-09 18:17:00,0,B7,BR4
2025-01-09 17:40:00,AGV_121,JOB_AGV_121_01091740,2025-01-09 18:20:00,1,B3,BR1
2025-01-09 17:45:00,AGV_007,JOB_AGV_007_01091745,2025-01-09 17:46:00,1,B8,BR1
2025-01-09 17:45:00,AGV_056,JOB_AGV_056_01091745,2025-01-09 18:29:00,2,B4,BR4
2025-01-09 17:50:00,AGV_003,JOB_AGV_003_01091750,2025-01-09 17:57:00,0,B5,BR4
2025-01-09 17:50:00,AGV_010,JOB_AGV_010_01091750,2025-01-09 18:01:00,1,B4,BR2
2025-01-09 17:50:00,AGV_022,JOB_AGV_022_01091750,2025-01-09 18:42:00,1,B4,BR3
2025-01-09 17:50:00,AGV_034,JOB_AGV_034_01091750,2025-01-09 18:21:00,1,B7,BR4
2025-01-09 17:50:00,AGV_062,JOB_AGV_062_01091750,2025-01-09 17:54:00,0,B7,BR3
2025-01-09 17:50:00,AGV_085,JOB_AGV_085_01091750,2025-01-09 18:24:00,2,B1,BR4
2025-01-09 17:50:00,AGV_103,JOB_AGV_103_01091750,2025-01-09 18:00:00,0,B1,BR4
2025-01-09 17:50:00,AGV_114,JOB_AGV_114_01091750,2025-01-09 18:38:00,1,B7,BR1
2025-01-09 17:55:00,AGV_008,JOB_AGV_008_01091755,2025-01-09 18:08:00,0,B5,BR4
2025-01-09 17:55:00,AGV_033,JOB_AGV_033_01091755,2025-01-09 18:29:00,1,B6,BR4
2025-01-09 17:55:00,AGV_048,JOB_AGV_048_01091755,2025-01-09 18:09:00,0,B3,BR2
2025-01-09 17:55:00,AGV_056,JOB_AGV_056_01091755,2025-01-09 18:11:00,0,B6,BR2
2025-01-09 17:55:00,AGV_082,JOB_AGV_082_01091755,2025-01-09 20:09:00,0,B7,BR1
2025-01-09 18:00:00,AGV_019,JOB_AGV_019_01091800,2025-01-09 18:52:00,1,B2,BR2
2025-01-09 18:00:00,AGV_088,JOB_AGV_088_01091800,2025-01-09 18:09:00,0,B5,BR3
2025-01-09 18:00:00,AGV_093,JOB_AGV_093_01091800,2025-01-09 18:36:00,2,B4,BR2
2025-01-09 18:00:00,AGV_101,JOB_AGV_101_01091800,2025-01-09 19:01:00,0,B1,BR4
2025-01-09 18:00:00,AGV_103,JOB_AGV_103_01091800,2025-01-09 18:38:00,0,B8,BR2
2025-01-09 18:00:00,AGV_119,JOB_AGV_119_01091800,2025-01-09 18:38:00,0,B2,BR4
2025-01-09 18:05:00,AGV_055,JOB_AGV_055_01091805,2025-01-09 18:08:00,0,B5,BR3
2025-01-09 18:05:00,AGV_064,JOB_AGV_064_01091805,2025-01-09 18:08:00,0,B1,BR3
2025-01-09 18:05:00,AGV_094,JOB_AGV_094_01091805,2025-01-09 18:11:00,0,B7,BR3
2025-01-09 18:10:00,AGV_007,JOB_AGV_007_01091810,2025-01-09 18:42:00,0,B5,BR3
2025-01-09 18:10:00,AGV_009,JOB_AGV_009_01091810,2025-01-09 18:10:00,1,B4,BR1
2025-01-09 18:10:00,AGV_114,JOB_AGV_114_01091810,2025-01-09 18:11:00,0,B4,BR3
2025-01-09 18:10:00,AGV_122,JOB_AGV_122_01091810,2025-01-09 18:22:00,2,B4,BR3
2025-01-09 18:15:00,AGV_011,JOB_AGV_011_01091815,2025-01-09 19:49:00,0,B2,BR2
2025-01-09 18:15:00,AGV_056,JOB_AGV_056_01091815,2025-01-09 18:24:00,1,B5,BR1
2025-01-09 18:15:00,AGV_097,JOB_AGV_097_01091815,2025-01-09 19:12:00,0,B1,BR1
2025-01-09 18:20:00,AGV_036,JOB_AGV_036_01091820,2025-01-09 18:25:00,0,B5,BR1
2025-01-09 18:20:00,AGV_042,JOB_AGV_042_01091820,2025-01-09 18:29:00,2,B8,BR3
2025-01-09 18:20:00,AGV_044,JOB_AGV_044_01091820,2025-01-09 18:28:00,1,B2,BR4
2025-01-09 18:20:00,AGV_079,JOB_AGV_079_01091820,2025-01-09 18:28:00,0,B1,BR3
2025-01-09 18:20:00,AGV_104,JOB_AGV_104_01091820,2025-01-09 19:00:00,2,B5,BR4
2025-01-09 18:20:00,AGV_110,JOB_AGV_110_01091820,2025-01-09 18:29:00,2,B5,BR3
2025-01-09 18:25:00,AGV_034,JOB_AGV_034_01091825,2025-01-09 18:43:00,2,B6,BR3
2025-01-09 18:25:00,AGV_069,JOB_AGV_069_01091825,2025-01-09 18:33:00,1,B6,BR4
2025-01-09 18:30:00,AGV_001,JOB_AGV_001_01091830,2025-01-09 18:47:00,2,B3,BR1
2025-01-09 18:30:00,AGV_102,JOB_AGV_102_01091830,2025-01-09 19:08:00,2,B4,BR1
2025-01-09 18:30:00,AGV_110,JOB_AGV_110_01091830,2025-01-09 18:33:00,0,B6,BR2
2025-01-09 18:30:00,AGV_120,JOB_AGV_120_01091830,2025-01-09 18:35:00,1,B5,BR2
2025-01-09 18:35:00,AGV_030,JOB_AGV_030_01091835,2025-01-09 18:41:00,0,B6,BR3
2025-01-09 18:35:00,AGV_036,JOB_AGV_036_01091835,2025-01-09 20:43:00,1,B8,BR2
2025-01-09 18:35:00,AGV_130,JOB_AGV_130_01091835,2025-01-09 18:41:00,0,B6,BR1
2025-01-09 18:40:00,AGV_090,JOB_AGV_090_01091840,2025-01-09 18:52:00,1,B8,BR3
2025-01-09 18:40:00,AGV_105,JOB_AGV_105_01091840,2025-01-09 18:42:00,0,B2,BR3
2025-01-09 18:45:00,AGV_015,JOB_AGV_015_01091845,2025-01-09 18:52:00,1,B5,BR2
2025-01-09 18:45:00,AGV_034,JOB_AGV_034_01091845,2025-01-09 19:02:00,0,B1,BR1
2025-01-09 18:45:00,AGV_123,JOB_AGV_123_01091845,2025-01-09 19:47:00,0,B8,BR4
2025-01-09 18:45:00,AGV_127,JOB_AGV_127_01091845,2025-01-09 18:52:00,1,B7,BR2
2025-01-09 18:50:00,AGV_004,JOB_AGV_004_01091850,2025-01-09 19:46:00,0,B2,BR2
2025-01-09 18:50:00,AGV_007,JOB_AGV_007_01091850,2025-01-09 18:59:00,1,B6,BR4
2025-01-09 18:50:00,AGV_028,JOB_AGV_028_01091850,2025-01-09 19:39:00,0,B8,BR4
2025-01-09 18:50:00,AGV_065,JOB_AGV_065_01091850,2025-01-09 18:53:00,0,B6,BR4
2025-01-09 18:50:00,AGV_079,JOB_AGV_079_01091850,2025-01-09 19:39:00,0,B6,BR2
2025-01-09 18:55:00,AGV_026,JOB_AGV_026_01091855,2025-01-09 18:57:00,1,B6,BR2
2025-01-09 18:55:00,AGV_095,JOB_AGV_095_01091855,2025-01-09 18:57:00,1,B2,BR2
2025-01-09 19:00:00,AGV_010,JOB_AGV_010_01091900,2025-01-09 19:13:00,1,B4,BR1
2025-01-09 19:00:00,AGV_024,JOB_AGV_024_01091900,2025-01-09 19:04:00,2,B1,BR2
2025-01-09 19:00:00,AGV_037,JOB_AGV_037_01091900,2025-01-09 19:09:00,1,B5,BR2
2025-01-09 19:00:00,AGV_038,JOB_AGV_038_01091900,2025-01-09 19:34:00,2,B5,BR2
2025-01-09 19:05:00,AGV_026,JOB_AGV_026_01091905,2025-01-09 19:12:00,0,B6,BR1
2025-01-09 19:05:00,AGV_054,JOB_AGV_054_01091905,2025-01-09 19:24:00,0,B1,BR1
2025-01-09 19:10:00,AGV_065,JOB_AGV_065_01091910,2025-01-09 20:20:00,0,B6,BR3
2025-01-09 19:15:00,AGV_002,JOB_AGV_002_01091915,2025-01-09 19:22:00,0,B1,BR3
2025-01-09 19:20:00,AGV_008,JOB_AGV_008_01091920,2025-01-09 19:38:00,2,B6,BR1
2025-01-09 19:20:00,AGV_081,JOB_AGV_081_01091920,2025-01-09 20:05:00,0,B4,BR2
2025-01-09 19:25:00,AGV_056,JOB_AGV_056_01091925,2025-01-09 19:29:00,0,B2,BR3
2025-01-09 19:25:00,AGV_085,JOB_AGV_085_01091925,2025-01-09 19:33:00,2,B7,BR4
2025-01-09 19:30:00,AGV_001,JOB_AGV_001_01091930,2025-01-09 19:37:00,1,B4,BR2
2025-01-09 19:30:00,AGV_011,JOB_AGV_011_01091930,2025-01-09 20:18:00,0,B8,BR4
2025-01-09 19:30:00,AGV_109,JOB_AGV_109_01091930,2025-01-09 19:47:00,2,B5,BR2
2025-01-09 19:35:00,AGV_045,JOB_AGV_045_01091935,2025-01-09 19:36:00,0,B2,BR4
2025-01-09 19:35:00,AGV_067,JOB_AGV_067_01091935,2025-01-09 19:59:00,1,B3,BR2
2025-01-09 19:35:00,AGV_090,JOB_AGV_090_01091935,2025-01-09 20:07:00,2,B8,BR3
2025-01-09 19:35:00,AGV_098,JOB_AGV_098_01091935,2025-01-09 20:35:00,0,B2,BR2
2025-01-09 19:35:00,AGV_117,JOB_AGV_117_01091935,2025-01-09 19:42:00,2,B6,BR1
2025-01-09 19:40:00,AGV_028,JOB_AGV_028_01091940,2025-01-09 19:57:00,0,B8,BR3
2025-01-09 19:40:00,AGV_075,JOB_AGV_075_01091940,2025-01-09 20:16:00,1,B3,BR1
2025-01-09 19:40:00,AGV_097,JOB_AGV_097_01091940,2025-01-09 19:58:00,0,B3,BR4
2025-01-09 19:40:00,AGV_101,JOB_AGV_101_01091940,2025-01-09 19:43:00,0,B1,BR3
2025-01-09 19:45:00,AGV_006,JOB_AGV_006_01091945,2025-01-09 20:00:00,0,B4,BR1
2025-01-09 19:45:00,AGV_009,JOB_AGV_009_01091945,2025-01-09 19:49:00,0,B6,BR3
2025-01-09 19:45:00,AGV_063,JOB_AGV_063_01091945,2025-01-09 20:28:00,0,B7,BR3
2025-01-09 19:45:00,AGV_100,JOB_AGV_100_01091945,2025-01-09 19:56:00,0,B7,BR3
2025-01-09 19:45:00,AGV_118,JOB_AGV_118_01091945,2025-01-09 19:45:00,1,B8,BR1
2025-01-09 19:50:00,AGV_049,JOB_AGV_049_01091950,2025-01-09 20:15:00,0,B2,BR3
2025-01-09 19:50:00,AGV_094,JOB_AGV_094_01091950,2025-01-09 19:59:00,1,B4,BR4
2025-01-09 19:50:00,AGV_098,JOB_AGV_098_01091950,2025-01-09 20:59:00,2,B4,BR3
2025-01-09 19:50:00,AGV_117,JOB_AGV_117_01091950,2025-01-09 20:10:00,1,B3,BR1
2025-01-09 19:50:00,AGV_122,JOB_AGV_122_01091950,2025-01-09 21:25:00,0,B1,BR4
2025-01-09 19:55:00,AGV_043,JOB_AGV_043_01091955,2025-01-09 19:56:00,0,B4,BR3
2025-01-09 19:55:00,AGV_046,JOB_AGV_046_01091955,2025-01-09 20:33:00,0,B1,BR1
2025-01-09 19:55:00,AGV_061,JOB_AGV_061_01091955,2025-01-09 20:59:00,0,B7,BR4
2025-01-09 19:55:00,AGV_065,JOB_AGV_065_01091955,2025-01-09 20:52:00,0,B3,BR4
2025-01-09 19:55:00,AGV_099,JOB_AGV_099_01091955,2025-01-09 20:00:00,1,B5,BR1
2025-01-09 20:00:00,AGV_008,JOB_AGV_008_01092000,2025-01-09 20:01:00,2,B2,BR4
2025-01-09 20:00:00,AGV_016,JOB_AGV_016_01092000,2025-01-09 20:06:00,0,B7,BR2
2025-01-09 20:00:00,AGV_028,JOB_AGV_028_01092000,2025-01-09 20:16:00,2,B8,BR3
2025-01-09 20:00:00,AGV_077,JOB_AGV_077_01092000,2025-01-09 20:15:00,0,B7,BR2
2025-01-09 20:00:00,AGV_083,JOB_AGV_083_01092000,2025-01-09 20:05:00,1,B2,BR3
2025-01-09 20:00:00,AGV_116,JOB_AGV_116_01092000,2025-01-09 20:25:00,0,B5,BR2
2025-01-09 20:05:00,AGV_035,JOB_AGV_035_01092005,2025-01-09 20:22:00,1,B8,BR2
2025-01-09 20:05:00,AGV_040,JOB_AGV_040_01092005,2025-01-09 20:14:00,1,B2,BR1
2025-01-09 20:05:00,AGV_058,JOB_AGV_058_01092005,2025-01-09 20:09:00,2,B2,BR3
2025-01-09 20:10:00,AGV_059,JOB_AGV_059_01092010,2025-01-09 22:36:00,1,B5,BR1
2025-01-09 20:15:00,AGV_096,JOB_AGV_096_01092015,2025-01-09 20:28:00,2,B1,BR4
2025-01-09 20:15:00,AGV_123,JOB_AGV_123_01092015,2025-01-09 20:29:00,1,B7,BR4
2025-01-09 20:15:00,AGV_130,JOB_AGV_130_01092015,2025-01-09 20:30:00,1,B6,BR1
2025-01-09 20:20:00,AGV_023,JOB_AGV_023_01092020,2025-01-09 20:24:00,2,B7,BR3
2025-01-09 20:20:00,AGV_030,JOB_AGV_030_01092020,2025-01-09 22:45:00,2,B2,BR3
2025-01-09 20:20:00,AGV_064,JOB_AGV_064_01092020,2025-01-09 20:38:00,1,B8,BR2
2025-01-09 20:20:00,AGV_084,JOB_AGV_084_01092020,2025-01-09 21:07:00,0,B8,BR3
2025-01-09 20:20:00,AGV_094,JOB_AGV_094_01092020,2025-01-09 21:55:00,1,B2,BR2
2025-01-09 20:20:00,AGV_129,JOB_AGV_129_01092020,2025-01-09 21:07:00,1,B1,BR1
2025-01-09 20:25:00,AGV_068,JOB_AGV_068_01092025,2025-01-09 20:29:00,1,B4,BR1
2025-01-09 20:25:00,AGV_082,JOB_AGV_082_01092025,2025-01-09 21:05:00,0,B2,BR1
2025-01-09 20:25:00,AGV_095,JOB_AGV_095_01092025,2025-01-09 21:16:00,0,B7,BR2
2025-01-09 20:25:00,AGV_130,JOB_AGV_130_01092025,2025-01-09 20:45:00,0,B1,BR4
2025-01-09 20:30:00,AGV_008,JOB_AGV_008_01092030,2025-01-09 20:48:00,0,B5,BR4
2025-01-09 20:30:00,AGV_009,JOB_AGV_009_01092030,2025-01-09 20:36:00,2,B2,BR4
2025-01-09 20:30:00,AGV_030,JOB_AGV_030_01092030,2025-01-09 20:44:00,0,B3,BR2
2025-01-09 20:30:00,AGV_035,JOB_AGV_035_01092030,2025-01-09 21:02:00,2,B1,BR4
2025-01-09 20:30:00,AGV_040,JOB_AGV_040_01092030,2025-01-09 20:43:00,2,B5,BR4
2025-01-09 20:30:00,AGV_071,JOB_AGV_071_01092030,2025-01-09 20:31:00,2,B4,BR2
2025-01-09 20:30:00,AGV_107,JOB_AGV_107_01092030,2025-01-09 20:46:00,0,B6,BR1
2025-01-09 20:30:00,AGV_127,JOB_AGV_127_01092030,2025-01-09 21:54:00,0,B2,BR2
2025-01-09 20:35:00,AGV_027,JOB_AGV_027_01092035,2025-01-09 20:36:00,0,B8,BR4
2025-01-09 20:35:00,AGV_061,JOB_AGV_061_01092035,2025-01-09 20:41:00,1,B4,BR3
2025-01-09 20:40:00,AGV_066,JOB_AGV_066_01092040,2025-01-09 21:30:00,0,B7,BR1
2025-01-09 20:40:00,AGV_110,JOB_AGV_110_01092040,2025-01-09 21:12:00,0,B7,BR1
2025-01-09 20:45:00,AGV_032,JOB_AGV_032_01092045,2025-01-09 21:01:00,1,B3,BR1
2025-01-09 20:50:00,AGV_003,JOB_AGV_003_01092050,2025-01-09 21:18:00,1,B2,BR4
2025-01-09 20:50:00,AGV_091,JOB_AGV_091_01092050,2025-01-09 21:08:00,1,B7,BR4
2025-01-09 20:50:00,AGV_120,JOB_AGV_120_01092050,2025-01-09 20:56:00,0,B2,BR4
2025-01-09 20:55:00,AGV_041,JOB_AGV_041_01092055,2025-01-09 21:13:00,2,B3,BR2
2025-01-09 20:55:00,AGV_048,JOB_AGV_048_01092055,2025-01-09 21:20:00,1,B6,BR3
2025-01-09 20:55:00,AGV_079,JOB_AGV_079_01092055,2025-01-09 21:20:00,0,B6,BR1
2025-01-09 20:55:00,AGV_124,JOB_AGV_124_01092055,2025-01-09 20:57:00,1,B2,BR2
2025-01-09 21:00:00,AGV_058,JOB_AGV_058_01092100,2025-01-09 21:09:00,2,B3,BR2
2025-01-09 21:00:00,AGV_067,JOB_AGV_067_01092100,2025-01-09 21:37:00,0,B3,BR2
2025-01-09 21:00:00,AGV_083,JOB_AGV_083_01092100,2025-01-09 21:32:00,0,B4,BR4
2025-01-09 21:00:00,AGV_095,JOB_AGV_095_01092100,2025-01-09 21:11:00,1,B1,BR2
2025-01-09 21:00:00,AGV_120,JOB_AGV_120_01092100,2025-01-09 21:16:00,0,B7,BR2
2025-01-09 21:05:00,AGV_014,JOB_AGV_014_01092105,2025-01-09 21:40:00,0,B3,BR3
2025-01-09 21:05:00,AGV_041,JOB_AGV_041_01092105,2025-01-09 21:07:00,0,B4,BR3
2025-01-09 21:05:00,AGV_064,JOB_AGV_064_01092105,2025-01-09 21:07:00,0,B8,BR1
2025-01-09 21:05:00,AGV_070,JOB_AGV_070_01092105,2025-01-09 21:10:00,0,B5,BR2
2025-01-09 21:10:00,AGV_070,JOB_AGV_070_01092110,2025-01-09 21:16:00,0,B5,BR4
2025-01-09 21:15:00,AGV_011,JOB_AGV_011_01092115,2025-01-09 21:43:00,1,B1,BR1
2025-01-09 21:20:00,AGV_022,JOB_AGV_022_01092120,2025-01-09 21:48:00,1,B2,BR1
2025-01-09 21:20:00,AGV_043,JOB_AGV_043_01092120,2025-01-09 22:00:00,1,B8,BR2
2025-01-09 21:25:00,AGV_008,JOB_AGV_008_01092125,2025-01-09 21:50:00,0,B7,BR1
2025-01-09 21:25:00,AGV_022,JOB_AGV_022_01092125,2025-01-09 22:04:00,0,B1,BR3
2025-01-09 21:25:00,AGV_030,JOB_AGV_030_01092125,2025-01-09 21:31:00,0,B6,BR2
2025-01-09 21:30:00,AGV_006,JOB_AGV_006_01092130,2025-01-09 23:01:00,0,B7,BR4
2025-01-09 21:30:00,AGV_016,JOB_AGV_016_01092130,2025-01-09 21:38:00,0,B6,BR3
2025-01-09 21:35:00,AGV_001,JOB_AGV_001_01092135,2025-01-09 21:54:00,1,B6,BR2
2025-01-09 21:35:00,AGV_002,JOB_AGV_002_01092135,2025-01-09 22:33:00,0,B3,BR4
2025-01-09 21:35:00,AGV_119,JOB_AGV_119_01092135,2025-01-10 00:12:00,0,B1,BR3
2025-01-09 21:40:00,AGV_010,JOB_AGV_010_01092140,2025-01-09 21:46:00,1,B5,BR3
2025-01-09 21:40:00,AGV_048,JOB_AGV_048_01092140,2025-01-09 21:58:00,0,B4,BR4
2025-01-09 21:40:00,AGV_071,JOB_AGV_071_01092140,2025-01-09 21:47:00,0,B5,BR3
2025-01-09 21:40:00,AGV_080,JOB_AGV_080_01092140,2025-01-09 23:09:00,0,B8,BR2
2025-01-09 21:40:00,AGV_085,JOB_AGV_085_01092140,2025-01-09 22:13:00,1,B1,BR1
2025-01-09 21:40:00,AGV_122,JOB_AGV_122_01092140,2025-01-09 21:55:00,2,B7,BR3
2025-01-09 21:45:00,AGV_041,JOB_AGV_041_01092145,2025-01-09 22:03:00,0,B8,BR3
2025-01-09 21:45:00,AGV_055,JOB_AGV_055_01092145,2025-01-09 22:31:00,1,B6,BR3
2025-01-09 21:45:00,AGV_119,JOB_AGV_119_01092145,2025-01-09 21:45:00,1,B6,BR2
2025-01-09 21:50:00,AGV_033,JOB_AGV_033_01092150,2025-01-09 22:33:00,1,B7,BR4
2025-01-09 21:50:00,AGV_049,JOB_AGV_049_01092150,2025-01-09 22:04:00,2,B2,BR1
2025-01-09 21:50:00,AGV_087,JOB_AGV_087_01092150,2025-01-09 21:52:00,0,B5,BR3
2025-01-09 21:50:00,AGV_090,JOB_AGV_090_01092150,2025-01-09 22:10:00,0,B7,BR2
2025-01-09 21:55:00,AGV_059,JOB_AGV_059_01092155,2025-01-09 22:07:00,0,B1,BR2
2025-01-09 21:55:00,AGV_109,JOB_AGV_109_01092155,2025-01-09 21:57:00,0,B5,BR1
2025-01-09 21:55:00,AGV_130,JOB_AGV_130_01092155,2025-01-09 22:09:00,0,B1,BR2
2025-01-09 22:00:00,AGV_014,JOB_AGV_014_01092200,2025-01-09 22:58:00,1,B8,BR1
2025-01-09 22:05:00,AGV_010,JOB_AGV_010_01092205,2025-01-09 22:10:00,1,B5,BR1
2025-01-09 22:05:00,AGV_040,JOB_AGV_040_01092205,2025-01-09 22:09:00,2,B1,BR4
2025-01-09 22:05:00,AGV_099,JOB_AGV_099_01092205,2025-01-09 22:09:00,0,B4,BR1
2025-01-09 22:10:00,AGV_015,JOB_AGV_015_01092210,2025-01-09 22:22:00,1,B2,BR2
2025-01-09 22:10:00,AGV_127,JOB_AGV_127_01092210,2025-01-09 22:11:00,1,B7,BR3
2025-01-09 22:15:00,AGV_034,JOB_AGV_034_01092215,2025-01-09 22:23:00,0,B1,BR3
2025-01-09 22:15:00,AGV_052,JOB_AGV_052_01092215,2025-01-09 22:45:00,0,B3,BR2
2025-01-09 22:15:00,AGV_122,JOB_AGV_122_01092215,2025-01-09 22:26:00,1,B7,BR1
2025-01-09 22:20:00,AGV_037,JOB_AGV_037_01092220,2025-01-09 22:37:00,0,B4,BR3
2025-01-09 22:20:00,AGV_091,JOB_AGV_091_01092220,2025-01-09 22:29:00,1,B1,BR4
2025-01-09 22:30:00,AGV_027,JOB_AGV_027_01092230,2025-01-09 22:56:00,0,B2,BR1
2025-01-09 22:30:00,AGV_032,JOB_AGV_032_01092230,2025-01-09 23:13:00,1,B3,BR3
2025-01-09 22:30:00,AGV_114,JOB_AGV_114_01092230,2025-01-09 23:23:00,0,B5,BR3
2025-01-09 22:35:00,AGV_079,JOB_AGV_079_01092235,2025-01-09 23:03:00,2,B7,BR3
2025-01-09 22:35:00,AGV_099,JOB_AGV_099_01092235,2025-01-09 22:44:00,1,B7,BR2
2025-01-09 22:40:00,AGV_018,JOB_AGV_018_01092240,2025-01-09 22:40:00,1,B6,BR2
2025-01-09 22:40:00,AGV_033,JOB_AGV_033_01092240,2025-01-09 22:48:00,0,B8,BR2
2025-01-09 22:40:00,AGV_067,JOB_AGV_067_01092240,2025-01-10 01:34:00,0,B1,BR1
2025-01-09 22:45:00,AGV_025,JOB_AGV_025_01092245,2025-01-09 23:37:00,0,B6,BR3
2025-01-09 22:45:00,AGV_070,JOB_AGV_070_01092245,2025-01-09 22:47:00,2,B1,BR2
2025-01-09 22:45:00,AGV_073,JOB_AGV_073_01092245,2025-01-09 23:33:00,0,B6,BR4
2025-01-09 22:45:00,AGV_126,JOB_AGV_126_01092245,2025-01-09 23:02:00,1,B7,BR4
2025-01-09 22:55:00,AGV_013,JOB_AGV_013_01092255,2025-01-09 23:37:00,1,B5,BR4
2025-01-09 23:00:00,AGV_026,JOB_AGV_026_01092300,2025-01-09 23:04:00,0,B3,BR4
2025-01-09 23:00:00,AGV_029,JOB_AGV_029_01092300,2025-01-09 23:03:00,0,B6,BR1
2025-01-09 23:00:00,AGV_067,JOB_AGV_067_01092300,2025-01-09 23:54:00,1,B3,BR4
2025-01-09 23:00:00,AGV_084,JOB_AGV_084_01092300,2025-01-09 23:53:00,0,B3,BR2
2025-01-09 23:05:00,AGV_060,JOB_AGV_060_01092305,2025-01-09 23:06:00,0,B2,BR1
2025-01-09 23:05:00,AGV_120,JOB_AGV_120_01092305,2025-01-09 23:32:00,2,B5,BR2
2025-01-09 23:10:00,AGV_053,JOB_AGV_053_01092310,2025-01-09 23:15:00,0,B1,BR2
2025-01-09 23:10:00,AGV_072,JOB_AGV_072_01092310,2025-01-10 00:16:00,0,B2,BR3
2025-01-09 23:10:00,AGV_100,JOB_AGV_100_01092310,2025-01-09 23:15:00,0,B4,BR3
2025-01-09 23:15:00,AGV_009,JOB_AGV_009_01092315,2025-01-10 00:02:00,1,B1,BR4
2025-01-09 23:15:00,AGV_010,JOB_AGV_010_01092315,2025-01-09 23:22:00,1,B2,BR2
2025-01-09 23:15:00,AGV_057,JOB_AGV_057_01092315,2025-01-09 23:19:00,1,B1,BR2
2025-01-09 23:20:00,AGV_065,JOB_AGV_065_01092320,2025-01-09 23:27:00,1,B1,BR1
2025-01-09 23:25:00,AGV_029,JOB_AGV_029_01092325,2025-01-09 23:29:00,0,B7,BR4
2025-01-09 23:25:00,AGV_077,JOB_AGV_077_01092325,2025-01-10 00:28:00,0,B3,BR2
2025-01-09 23:25:00,AGV_123,JOB_AGV_123_01092325,2025-01-09 23:42:00,2,B5,BR4
2025-01-09 23:25:00,AGV_128,JOB_AGV_128_01092325,2025-01-09 23:45:00,1,B2,BR3
2025-01-09 23:30:00,AGV_066,JOB_AGV_066_01092330,2025-01-09 23:37:00,1,B6,BR1
2025-01-09 23:30:00,AGV_069,JOB_AGV_069_01092330,2025-01-09 23:40:00,2,B8,BR2
2025-01-09 23:30:00,AGV_088,JOB_AGV_088_01092330,2025-01-10 00:55:00,0,B1,BR2
2025-01-09 23:35:00,AGV_078,JOB_AGV_078_01092335,2025-01-10 00:21:00,1,B3,BR4
2025-01-09 23:45:00,AGV_006,JOB_AGV_006_01092345,2025-01-10 00:19:00,1,B8,BR1
2025-01-09 23:45:00,AGV_031,JOB_AGV_031_01092345,2025-01-10 00:14:00,1,B4,BR1
2025-01-09 23:45:00,AGV_054,JOB_AGV_054_01092345,2025-01-09 23:45:00,1,B4,BR3
2025-01-09 23:45:00,AGV_086,JOB_AGV_086_01092345,2025-01-10 00:14:00,2,B1,BR2
2025-01-09 23:45:00,AGV_112,JOB_AGV_112_01092345,2025-01-10 00:58:00,1,B5,BR3
2025-01-09 23:45:00,AGV_122,JOB_AGV_122_01092345,2025-01-10 00:15:00,2,B5,BR1
2025-01-09 23:50:00,AGV_079,JOB_AGV_079_01092350,2025-01-10 00:30:00,0,B4,BR1
2025-01-09 23:55:00,AGV_061,JOB_AGV_061_01092355,2025-01-10 00:08:00,0,B3,BR3
2025-01-09 23:55:00,AGV_073,JOB_AGV_073_01092355,2025-01-10 00:01:00,2,B2,BR4
2025-01-10 00:00:00,AGV_010,JOB_AGV_010_01100000,2025-01-10 00:47:00,0,B7,BR1
2025-01-10 00:05:00,AGV_008,JOB_AGV_008_01100005,2025-01-10 01:55:00,1,B7,BR2
2025-01-10 00:05:00,AGV_069,JOB_AGV_069_01100005,2025-01-10 00:32:00,2,B6,BR3
2025-01-10 00:10:00,AGV_009,JOB_AGV_009_01100010,2025-01-10 02:01:00,0,B8,BR3
2025-01-10 00:10:00,AGV_025,JOB_AGV_025_01100010,2025-01-10 00:22:00,0,B8,BR1
2025-01-10 00:10:00,AGV_027,JOB_AGV_027_01100010,2025-01-10 00:11:00,0,B6,BR2
2025-01-10 00:10:00,AGV_129,JOB_AGV_129_01100010,2025-01-10 00:12:00,0,B7,BR3
2025-01-10 00:15:00,AGV_120,JOB_AGV_120_01100015,2025-01-10 00:49:00,2,B2,BR3
2025-01-10 00:15:00,AGV_121,JOB_AGV_121_01100015,2025-01-10 00:24:00,0,B4,BR1
2025-01-10 00:20:00,AGV_008,JOB_AGV_008_01100020,2025-01-10 00:41:00,0,B3,BR2
2025-01-10 00:20:00,AGV_045,JOB_AGV_045_01100020,2025-01-10 00:44:00,0,B6,BR4
2025-01-10 00:25:00,AGV_015,JOB_AGV_015_01100025,2025-01-10 00:27:00,1,B8,BR1
2025-01-10 00:25:00,AGV_060,JOB_AGV_060_01100025,2025-01-10 01:21:00,1,B6,BR2
2025-01-10 00:25:00,AGV_079,JOB_AGV_079_01100025,2025-01-10 00:26:00,1,B1,BR2
2025-01-10 00:25:00,AGV_080,JOB_AGV_080_01100025,2025-01-10 00:29:00,2,B3,BR1
2025-01-10 00:30:00,AGV_026,JOB_AGV_026_01100030,2025-01-10 00:37:00,1,B4,BR3
2025-01-10 00:30:00,AGV_073,JOB_AGV_073_01100030,2025-01-10 00:49:00,0,B3,BR3
2025-01-10 00:35:00,AGV_120,JOB_AGV_120_01100035,2025-01-10 00:43:00,0,B5,BR1
2025-01-10 00:40:00,AGV_103,JOB_AGV_103_01100040,2025-01-10 02:41:00,0,B6,BR1
2025-01-10 00:40:00,AGV_125,JOB_AGV_125_01100040,2025-01-10 00:48:00,2,B3,BR2
2025-01-10 00:45:00,AGV_029,JOB_AGV_029_01100045,2025-01-10 00:59:00,1,B5,BR3
2025-01-10 00:45:00,AGV_035,JOB_AGV_035_01100045,2025-01-10 01:13:00,1,B3,BR1
2025-01-10 00:45:00,AGV_050,JOB_AGV_050_01100045,2025-01-10 01:22:00,0,B5,BR4
2025-01-10 00:45:00,AGV_063,JOB_AGV_063_01100045,2025-01-10 01:19:00,0,B3,BR2
2025-01-10 00:50:00,AGV_094,JOB_AGV_094_01100050,2025-01-10 00:51:00,1,B2,BR1
2025-01-10 00:55:00,AGV_006,JOB_AGV_006_01100055,2025-01-10 01:39:00,2,B4,BR3
2025-01-10 00:55:00,AGV_051,JOB_AGV_051_01100055,2025-01-10 00:57:00,0,B2,BR2
2025-01-10 00:55:00,AGV_059,JOB_AGV_059_01100055,2025-01-10 01:06:00,1,B6,BR2
2025-01-10 00:55:00,AGV_061,JOB_AGV_061_01100055,2025-01-10 01:11:00,1,B2,BR1
2025-01-10 00:55:00,AGV_092,JOB_AGV_092_01100055,2025-01-10 01:55:00,2,B2,BR3
2025-01-10 01:00:00,AGV_035,JOB_AGV_035_01100100,2025-01-10 02:47:00,0,B2,BR2
2025-01-10 01:00:00,AGV_076,JOB_AGV_076_01100100,2025-01-10 01:17:00,0,B1,BR1
2025-01-10 01:00:00,AGV_116,JOB_AGV_116_01100100,2025-01-10 01:42:00,1,B8,BR2
2025-01-10 01:05:00,AGV_016,JOB_AGV_016_01100105,2025-01-10 01:43:00,0,B6,BR1
2025-01-10 01:05:00,AGV_019,JOB_AGV_019_01100105,2025-01-10 01:06:00,2,B8,BR4
2025-01-10 01:05:00,AGV_039,JOB_AGV_039_01100105,2025-01-10 01:07:00,0,B5,BR1
2025-01-10 01:05:00,AGV_040,JOB_AGV_040_01100105,2025-01-10 01:05:00,0,B6,BR3
2025-01-10 01:10:00,AGV_011,JOB_AGV_011_01100110,2025-01-10 01:17:00,1,B3,BR1
2025-01-10 01:10:00,AGV_115,JOB_AGV_115_01100110,2025-01-10 03:17:00,0,B1,BR1
2025-01-10 01:20:00,AGV_003,JOB_AGV_003_01100120,2025-01-10 02:03:00,1,B4,BR1
2025-01-10 01:20:00,AGV_073,JOB_AGV_073_01100120,2025-01-10 01:27:00,1,B8,BR2
2025-01-10 01:20:00,AGV_088,JOB_AGV_088_01100120,2025-01-10 01:34:00,0,B4,BR4
2025-01-10 01:30:00,AGV_066,JOB_AGV_066_01100130,2025-01-10 01:37:00,1,B6,BR4
2025-01-10 01:35:00,AGV_029,JOB_AGV_029_01100135,2025-01-10 02:28:00,0,B8,BR3
2025-01-10 01:35:00,AGV_036,JOB_AGV_036_01100135,2025-01-10 02:29:00,2,B4,BR2
2025-01-10 01:35:00,AGV_114,JOB_AGV_114_01100135,2025-01-10 02:34:00,1,B6,BR1
2025-01-10 01:40:00,AGV_017,JOB_AGV_017_01100140,2025-01-10 02:03:00,0,B7,BR2
2025-01-10 01:40:00,AGV_031,JOB_AGV_031_01100140,2025-01-10 02:49:00,1,B4,BR3
2025-01-10 01:40:00,AGV_084,JOB_AGV_084_01100140,2025-01-10 02:59:00,2,B8,BR1
2025-01-10 01:40:00,AGV_118,JOB_AGV_118_01100140,2025-01-10 02:14:00,0,B5,BR1
2025-01-10 01:45:00,AGV_111,JOB_AGV_111_01100145,2025-01-10 02:20:00,2,B8,BR4
2025-01-10 01:45:00,AGV_125,JOB_AGV_125_01100145,2025-01-10 03:32:00,0,B7,BR1
2025-01-10 01:50:00,AGV_033,JOB_AGV_033_01100150,2025-01-10 02:14:00,1,B8,BR4
2025-01-10 01:50:00,AGV_083,JOB_AGV_083_01100150,2025-01-10 02:38:00,0,B7,BR1
2025-01-10 01:50:00,AGV_096,JOB_AGV_096_01100150,2025-01-10 02:11:00,1,B5,BR4
2025-01-10 01:50:00,AGV_113,JOB_AGV_113_01100150,2025-01-10 02:31:00,1,B2,BR2
2025-01-10 01:55:00,AGV_046,JOB_AGV_046_01100155,2025-01-10 02:13:00,2,B3,BR4
2025-01-10 01:55:00,AGV_093,JOB_AGV_093_01100155,2025-01-10 02:23:00,1,B6,BR3
2025-01-10 02:00:00,AGV_012,JOB_AGV_012_01100200,2025-01-10 02:39:00,0,B7,BR4
2025-01-10 02:00:00,AGV_088,JOB_AGV_088_01100200,2025-01-10 02:37:00,0,B2,BR2
2025-01-10 02:05:00,AGV_012,JOB_AGV_012_01100205,2025-01-10 02:13:00,0,B8,BR1
2025-01-10 02:05:00,AGV_075,JOB_AGV_075_01100205,2025-01-10 02:16:00,2,B5,BR3
2025-01-10 02:05:00,AGV_104,JOB_AGV_104_01100205,2025-01-10 02:07:00,0,B6,BR4
2025-01-10 02:05:00,AGV_124,JOB_AGV_124_01100205,2025-01-10 02:07:00,1,B2,BR3
2025-01-10 02:10:00,AGV_031,JOB_AGV_031_01100210,2025-01-10 02:20:00,0,B3,BR4
2025-01-10 02:15:00,AGV_010,JOB_AGV_010_01100215,2025-01-10 02:52:00,1,B3,BR1
2025-01-10 02:15:00,AGV_063,JOB_AGV_063_01100215,2025-01-10 02:58:00,2,B6,BR2
2025-01-10 02:15:00,AGV_081,JOB_AGV_081_01100215,2025-01-10 02:18:00,1,B3,BR3
2025-01-10 02:20:00,AGV_066,JOB_AGV_066_01100220,2025-01-10 03:15:00,2,B4,BR4
2025-01-10 02:25:00,AGV_032,JOB_AGV_032_01100225,2025-01-10 02:54:00,2,B5,BR4
2025-01-10 02:25:00,AGV_035,JOB_AGV_035_01100225,2025-01-10 02:31:00,2,B3,BR1
2025-01-10 02:25:00,AGV_066,JOB_AGV_066_01100225,2025-01-10 02:35:00,0,B5,BR3
2025-01-10 02:25:00,AGV_092,JOB_AGV_092_01100225,2025-01-10 02:28:00,0,B6,BR2
2025-01-10 02:30:00,AGV_059,JOB_AGV_059_01100230,2025-01-10 02:42:00,1,B2,BR3
2025-01-10 02:30:00,AGV_095,JOB_AGV_095_01100230,2025-01-10 02:50:00,1,B2,BR4
2025-01-10 02:35:00,AGV_034,JOB_AGV_034_01100235,2025-01-10 02:52:00,2,B4,BR4
2025-01-10 02:35:00,AGV_045,JOB_AGV_045_01100235,2025-01-10 03:03:00,0,B1,BR1
2025-01-10 02:35:00,AGV_071,JOB_AGV_071_01100235,2025-01-10 03:44:00,0,B2,BR4
2025-01-10 02:40:00,AGV_011,JOB_AGV_011_01100240,2025-01-10 04:53:00,0,B2,BR3
2025-01-10 02:40:00,AGV_064,JOB_AGV_064_01100240,2025-01-10 02:56:00,1,B6,BR4
2025-01-10 02:40:00,AGV_101,JOB_AGV_101_01100240,2025-01-10 04:26:00,2,B7,BR3
2025-01-10 02:45:00,AGV_006,JOB_AGV_006_01100245,2025-01-10 03:05:00,0,B5,BR1
2025-01-10 02:45:00,AGV_013,JOB_AGV_013_01100245,2025-01-10 03:26:00,0,B8,BR2
2025-01-10 02:45:00,AGV_052,JOB_AGV_052_01100245,2025-01-10 03:32:00,1,B1,BR1
2025-01-10 02:50:00,AGV_015,JOB_AGV_015_01100250,2025-01-10 02:57:00,1,B8,BR3
2025-01-10 02:50:00,AGV_092,JOB_AGV_092_01100250,2025-01-10 02:52:00,1,B7,BR4
2025-01-10 02:55:00,AGV_042,JOB_AGV_042_01100255,2025-01-10 03:11:00,0,B1,BR3
2025-01-10 02:55:00,AGV_070,JOB_AGV_070_01100255,2025-01-10 03:06:00,2,B4,BR2
2025-01-10 02:55:00,AGV_112,JOB_AGV_112_01100255,2025-01-10 03:19:00,2,B8,BR4
2025-01-10 03:00:00,AGV_024,JOB_AGV_024_01100300,2025-01-10 03:11:00,1,B6,BR3
2025-01-10 03:00:00,AGV_031,JOB_AGV_031_01100300,2025-01-10 04:10:00,2,B7,BR1
2025-01-10 03:00:00,AGV_052,JOB_AGV_052_01100300,2025-01-10 03:19:00,1,B2,BR1
2025-01-10 03:00:00,AGV_062,JOB_AGV_062_01100300,2025-01-10 03:19:00,0,B7,BR3
2025-01-10 03:00:00,AGV_103,JOB_AGV_103_01100300,2025-01-10 03:12:00,1,B8,BR1
2025-01-10 03:05:00,AGV_045,JOB_AGV_045_01100305,2025-01-10 03:49:00,0,B7,BR1
2025-01-10 03:05:00,AGV_051,JOB_AGV_051_01100305,2025-01-10 03:28:00,1,B1,BR1
2025-01-10 03:05:00,AGV_095,JOB_AGV_095_01100305,2025-01-10 03:37:00,0,B6,BR3
2025-01-10 03:10:00,AGV_079,JOB_AGV_079_01100310,2025-01-10 03:16:00,0,B8,BR2
2025-01-10 03:20:00,AGV_073,JOB_AGV_073_01100320,2025-01-10 03:30:00,0,B7,BR4
2025-01-10 03:20:00,AGV_078,JOB_AGV_078_01100320,2025-01-10 03:57:00,0,B5,BR3
2025-01-10 03:25:00,AGV_025,JOB_AGV_025_01100325,2025-01-10 04:35:00,0,B1,BR3
2025-01-10 03:25:00,AGV_117,JOB_AGV_117_01100325,2025-01-10 05:08:00,0,B7,BR2
2025-01-10 03:25:00,AGV_126,JOB_AGV_126_01100325,2025-01-10 03:25:00,2,B8,BR3
2025-01-10 03:30:00,AGV_001,JOB_AGV_001_01100330,2025-01-10 03:55:00,0,B7,BR1
2025-01-10 03:30:00,AGV_046,JOB_AGV_046_01100330,2025-01-10 05:44:00,1,B6,BR4
2025-01-10 03:30:00,AGV_076,JOB_AGV_076_01100330,2025-01-10 03:32:00,0,B1,BR3
2025-01-10 03:30:00,AGV_100,JOB_AGV_100_01100330,2025-01-10 03:39:00,1,B7,BR4
2025-01-10 03:35:00,AGV_018,JOB_AGV_018_01100335,2025-01-10 04:12:00,0,B6,BR4
2025-01-10 03:35:00,AGV_063,JOB_AGV_063_01100335,2025-01-10 03:49:00,0,B6,BR3
2025-01-10 03:35:00,AGV_069,JOB_AGV_069_01100335,2025-01-10 04:16:00,2,B2,BR3
2025-01-10 03:35:00,AGV_130,JOB_AGV_130_01100335,2025-01-10 04:15:00,2,B5,BR2
2025-01-10 03:40:00,AGV_117,JOB_AGV_117_01100340,2025-01-10 04:50:00,0,B2,BR3
2025-01-10 03:45:00,AGV_014,JOB_AGV_014_01100345,2025-01-10 04:10:00,0,B5,BR2
2025-01-10 03:45:00,AGV_075,JOB_AGV_075_01100345,2025-01-10 04:21:00,0,B7,BR3
2025-01-10 03:50:00,AGV_002,JOB_AGV_002_01100350,2025-01-10 04:09:00,1,B1,BR2
2025-01-10 03:50:00,AGV_006,JOB_AGV_006_01100350,2025-01-10 03:54:00,1,B5,BR1
2025-01-10 03:50:00,AGV_085,JOB_AGV_085_01100350,2025-01-10 05:50:00,2,B8,BR3
2025-01-10 03:55:00,AGV_046,JOB_AGV_046_01100355,2025-01-10 04:02:00,0,B4,BR2
2025-01-10 03:55:00,AGV_059,JOB_AGV_059_01100355,2025-01-10 04:35:00,2,B7,BR1
2025-01-10 03:55:00,AGV_078,JOB_AGV_078_01100355,2025-01-10 06:11:00,1,B2,BR4
2025-01-10 04:05:00,AGV_036,JOB_AGV_036_01100405,2025-01-10 06:07:00,0,B1,BR2
2025-01-10 04:10:00,AGV_057,JOB_AGV_057_01100410,2025-01-10 04:34:00,0,B4,BR4
2025-01-10 04:10:00,AGV_097,JOB_AGV_097_01100410,2025-01-10 04:36:00,2,B4,BR2
2025-01-10 04:10:00,AGV_103,JOB_AGV_103_01100410,2025-01-10 04:32:00,0,B3,BR3
2025-01-10 04:10:00,AGV_105,JOB_AGV_105_01100410,2025-01-10 04:54:00,0,B3,BR3
2025-01-10 04:10:00,AGV_123,JOB_AGV_123_01100410,2025-01-10 05:05:00,1,B6,BR3
2025-01-10 04:15:00,AGV_038,JOB_AGV_038_01100415,2025-01-10 05:08:00,1,B1,BR2
2025-01-10 04:25:00,AGV_019,JOB_AGV_019_01100425,2025-01-10 04:30:00,1,B4,BR1
2025-01-10 04:25:00,AGV_054,JOB_AGV_054_01100425,2025-01-10 04:29:00,0,B2,BR1
2025-01-10 04:25:00,AGV_079,JOB_AGV_079_01100425,2025-01-10 05:12:00,1,B2,BR3
2025-01-10 04:30:00,AGV_016,JOB_AGV_016_01100430,2025-01-10 04:45:00,2,B1,BR4
2025-01-10 04:30:00,AGV_033,JOB_AGV_033_01100430,2025-01-10 04:33:00,1,B6,BR3
2025-01-10 04:30:00,AGV_046,JOB_AGV_046_01100430,2025-01-10 04:41:00,0,B8,BR1
2025-01-10 04:40:00,AGV_003,JOB_AGV_003_01100440,2025-01-10 05:39:00,0,B3,BR3
2025-01-10 04:40:00,AGV_007,JOB_AGV_007_01100440,2025-01-10 04:58:00,2,B4,BR2
2025-01-10 04:40:00,AGV_051,JOB_AGV_051_01100440,2025-01-10 04:44:00,1,B5,BR2
2025-01-10 04:40:00,AGV_064,JOB_AGV_064_01100440,2025-01-10 04:45:00,1,B6,BR2
2025-01-10 04:40:00,AGV_072,JOB_AGV_072_01100440,2025-01-10 05:19:00,0,B8,BR3
2025-01-10 04:40:00,AGV_079,JOB_AGV_079_01100440,2025-01-10 05:31:00,1,B3,BR2
2025-01-10 04:40:00,AGV_082,JOB_AGV_082_01100440,2025-01-10 04:55:00,0,B6,BR2
2025-01-10 04:40:00,AGV_113,JOB_AGV_113_01100440,2025-01-10 05:38:00,0,B5,BR3
2025-01-10 04:50:00,AGV_016,JOB_AGV_016_01100450,2025-01-10 04:52:00,1,B6,BR4
2025-01-10 04:50:00,AGV_103,JOB_AGV_103_01100450,2025-01-10 05:21:00,1,B4,BR1
2025-01-10 04:55:00,AGV_076,JOB_AGV_076_01100455,2025-01-10 06:33:00,1,B4,BR3
2025-01-10 04:55:00,AGV_119,JOB_AGV_119_01100455,2025-01-10 05:12:00,2,B8,BR1
2025-01-10 05:00:00,AGV_129,JOB_AGV_129_01100500,2025-01-10 05:43:00,0,B2,BR1
2025-01-10 05:05:00,AGV_074,JOB_AGV_074_01100505,2025-01-10 05:44:00,0,B3,BR2
2025-01-10 05:05:00,AGV_117,JOB_AGV_117_01100505,2025-01-10 05:17:00,1,B1,BR2
2025-01-10 05:10:00,AGV_025,JOB_AGV_025_01100510,2025-01-10 05:37:00,0,B8,BR2
2025-01-10 05:10:00,AGV_090,JOB_AGV_090_01100510,2025-01-10 05:29:00,1,B8,BR2
2025-01-10 05:15:00,AGV_092,JOB_AGV_092_01100515,2025-01-10 05:28:00,0,B3,BR4
2025-01-10 05:20:00,AGV_052,JOB_AGV_052_01100520,2025-01-10 05:47:00,1,B8,BR1
2025-01-10 05:20:00,AGV_079,JOB_AGV_079_01100520,2025-01-10 06:16:00,1,B6,BR4
2025-01-10 05:20:00,AGV_087,JOB_AGV_087_01100520,2025-01-10 05:37:00,2,B4,BR2
2025-01-10 05:20:00,AGV_088,JOB_AGV_088_01100520,2025-01-10 05:24:00,1,B3,BR3
2025-01-10 05:20:00,AGV_120,JOB_AGV_120_01100520,2025-01-10 05:32:00,0,B7,BR1
2025-01-10 05:25:00,AGV_114,JOB_AGV_114_01100525,2025-01-10 05:27:00,0,B4,BR2
2025-01-10 05:25:00,AGV_118,JOB_AGV_118_01100525,2025-01-10 05:50:00,2,B4,BR2
2025-01-10 05:30:00,AGV_009,JOB_AGV_009_01100530,2025-01-10 05:58:00,2,B3,BR1
2025-01-10 05:30:00,AGV_117,JOB_AGV_117_01100530,2025-01-10 06:21:00,1,B6,BR2
2025-01-10 05:35:00,AGV_025,JOB_AGV_025_01100535,2025-01-10 06:04:00,0,B5,BR3
2025-01-10 05:35:00,AGV_041,JOB_AGV_041_01100535,2025-01-10 05:41:00,0,B7,BR1
2025-01-10 05:35:00,AGV_046,JOB_AGV_046_01100535,2025-01-10 05:57:00,0,B2,BR3
2025-01-10 05:40:00,AGV_029,JOB_AGV_029_01100540,2025-01-10 05:41:00,1,B8,BR2
2025-01-10 05:40:00,AGV_069,JOB_AGV_069_01100540,2025-01-10 05:56:00,0,B2,BR4
2025-01-10 05:40:00,AGV_101,JOB_AGV_101_01100540,2025-01-10 05:47:00,0,B5,BR3
2025-01-10 05:40:00,AGV_126,JOB_AGV_126_01100540,2025-01-10 05:40:00,1,B6,BR3
2025-01-10 05:45:00,AGV_002,JOB_AGV_002_01100545,2025-01-10 06:53:00,0,B4,BR4
2025-01-10 05:45:00,AGV_072,JOB_AGV_072_01100545,2025-01-10 06:10:00,0,B2,BR3
2025-01-10 05:45:00,AGV_092,JOB_AGV_092_01100545,2025-01-10 06:16:00,0,B6,BR2
2025-01-10 05:50:00,AGV_001,JOB_AGV_001_01100550,2025-01-10 06:06:00,1,B7,BR4
2025-01-10 05:50:00,AGV_054,JOB_AGV_054_01100550,2025-01-10 06:24:00,0,B5,BR1
2025-01-10 05:50:00,AGV_088,JOB_AGV_088_01100550,2025-01-10 06:08:00,1,B6,BR3
2025-01-10 05:55:00,AGV_032,JOB_AGV_032_01100555,2025-01-10 06:14:00,1,B7,BR1
2025-01-10 05:55:00,AGV_036,JOB_AGV_036_01100555,2025-01-10 07:44:00,2,B1,BR4
2025-01-10 05:55:00,AGV_062,JOB_AGV_062_01100555,2025-01-10 06:18:00,0,B4,BR1
2025-01-10 05:55:00,AGV_066,JOB_AGV_066_01100555,2025-01-10 05:56:00,1,B1,BR3
2025-01-10 05:55:00,AGV_067,JOB_AGV_067_01100555,2025-01-10 06:10:00,1,B8,BR3
2025-01-10 06:00:00,AGV_003,JOB_AGV_003_01100600,2025-01-10 06:17:00,2,B1,BR1
2025-01-10 06:00:00,AGV_015,JOB_AGV_015_01100600,2025-01-10 06:59:00,1,B8,BR4
2025-01-10 06:10:00,AGV_009,JOB_AGV_009_01100610,2025-01-10 06:16:00,0,B4,BR1
2025-01-10 06:10:00,AGV_037,JOB_AGV_037_01100610,2025-01-10 06:50:00,0,B3,BR4
2025-01-10 06:10:00,AGV_066,JOB_AGV_066_01100610,2025-01-10 07:18:00,0,B4,BR3
2025-01-10 06:10:00,AGV_069,JOB_AGV_069_01100610,2025-01-10 06:21:00,0,B8,BR2
2025-01-10 06:10:00,AGV_091,JOB_AGV_091_01100610,2025-01-10 06:55:00,0,B5,BR2
2025-01-10 06:15:00,AGV_011,JOB_AGV_011_01100615,2025-01-10 06:15:00,0,B6,BR1
2025-01-10 06:15:00,AGV_053,JOB_AGV_053_01100615,2025-01-10 06:57:00,1,B8,BR1
2025-01-10 06:15:00,AGV_094,JOB_AGV_094_01100615,2025-01-10 07:13:00,0,B5,BR3
2025-01-10 06:15:00,AGV_114,JOB_AGV_114_01100615,2025-01-10 06:44:00,2,B1,BR2
2025-01-10 06:15:00,AGV_120,JOB_AGV_120_01100615,2025-01-10 06:40:00,0,B4,BR3
2025-01-10 06:20:00,AGV_080,JOB_AGV_080_01100620,2025-01-10 07:00:00,0,B7,BR2
2025-01-10 06:25:00,AGV_025,JOB_AGV_025_01100625,2025-01-10 06:25:00,0,B6,BR1
2025-01-10 06:25:00,AGV_052,JOB_AGV_052_01100625,2025-01-10 07:02:00,0,B4,BR4
2025-01-10 06:30:00,AGV_015,JOB_AGV_015_01100630,2025-01-10 07:06:00,1,B2,BR2
2025-01-10 06:30:00,AGV_038,JOB_AGV_038_01100630,2025-01-10 07:17:00,1,B3,BR2
2025-01-10 06:30:00,AGV_054,JOB_AGV_054_01100630,2025-01-10 07:21:00,1,B5,BR4
2025-01-10 06:30:00,AGV_059,JOB_AGV_059_01100630,2025-01-10 06:37:00,1,B1,BR1
2025-01-10 06:30:00,AGV_081,JOB_AGV_081_01100630,2025-01-10 06:48:00,0,B4,BR2
2025-01-10 06:30:00,AGV_102,JOB_AGV_102_01100630,2025-01-10 07:02:00,0,B1,BR4
2025-01-10 06:30:00,AGV_111,JOB_AGV_111_01100630,2025-01-10 06:57:00,2,B3,BR4
2025-01-10 06:30:00,AGV_121,JOB_AGV_121_01100630,2025-01-10 07:02:00,1,B6,BR2
2025-01-10 06:35:00,AGV_028,JOB_AGV_028_01100635,2025-01-10 06:40:00,1,B4,BR2
2025-01-10 06:35:00,AGV_092,JOB_AGV_092_01100635,2025-01-10 08:03:00,0,B6,BR1
2025-01-10 06:40:00,AGV_072,JOB_AGV_072_01100640,2025-01-10 06:41:00,2,B7,BR1
2025-01-10 06:40:00,AGV_105,JOB_AGV_105_01100640,2025-01-10 06:41:00,0,B6,BR4
2025-01-10 06:45:00,AGV_026,JOB_AGV_026_01100645,2025-01-10 07:37:00,0,B7,BR2
2025-01-10 06:45:00,AGV_027,JOB_AGV_027_01100645,2025-01-10 07:00:00,1,B4,BR4
2025-01-10 06:45:00,AGV_068,JOB_AGV_068_01100645,2025-01-10 07:01:00,1,B3,BR3
2025-01-10 06:50:00,AGV_045,JOB_AGV_045_01100650,2025-01-10 08:03:00,0,B3,BR2
2025-01-10 06:50:00,AGV_060,JOB_AGV_060_01100650,2025-01-10 06:57:00,0,B3,BR3
2025-01-10 06:50:00,AGV_102,JOB_AGV_102_01100650,2025-01-10 07:38:00,1,B5,BR3
2025-01-10 06:55:00,AGV_073,JOB_AGV_073_01100655,2025-01-10 07:02:00,1,B8,BR1
2025-01-10 06:55:00,AGV_096,JOB_AGV_096_01100655,2025-01-10 07:12:00,1,B2,BR1
2025-01-10 06:55:00,AGV_120,JOB_AGV_120_01100655,2025-01-10 08:36:00,1,B5,BR1
2025-01-10 06:55:00,AGV_128,JOB_AGV_128_01100655,2025-01-10 07:26:00,1,B5,BR3
2025-01-10 07:00:00,AGV_049,JOB_AGV_049_01100700,2025-01-10 07:35:00,1,B7,BR1
2025-01-10 07:05:00,AGV_099,JOB_AGV_099_01100705,2025-01-10 08:15:00,2,B4,BR2
2025-01-10 07:10:00,AGV_069,JOB_AGV_069_01100710,2025-01-10 07:11:00,1,B6,BR2
2025-01-10 07:10:00,AGV_107,JOB_AGV_107_01100710,2025-01-10 07:12:00,0,B6,BR3
2025-01-10 07:15:00,AGV_031,JOB_AGV_031_01100715,2025-01-10 08:38:00,2,B7,BR2
2025-01-10 07:15:00,AGV_068,JOB_AGV_068_01100715,2025-01-10 07:32:00,0,B7,BR2
2025-01-10 07:15:00,AGV_080,JOB_AGV_080_01100715,2025-01-10 07:54:00,0,B6,BR1
2025-01-10 07:15:00,AGV_113,JOB_AGV_113_01100715,2025-01-10 08:27:00,0,B5,BR4
2025-01-10 07:20:00,AGV_036,JOB_AGV_036_01100720,2025-01-10 07:37:00,1,B3,BR3
2025-01-10 07:20:00,AGV_061,JOB_AGV_061_01100720,2025-01-10 09:49:00,0,B5,BR1
2025-01-10 07:20:00,AGV_069,JOB_AGV_069_01100720,2025-01-10 07:46:00,1,B3,BR3
2025-01-10 07:20:00,AGV_079,JOB_AGV_079_01100720,2025-01-10 07:31:00,1,B5,BR4
2025-01-10 07:20:00,AGV_085,JOB_AGV_085_01100720,2025-01-10 08:24:00,2,B2,BR4
2025-01-10 07:20:00,AGV_109,JOB_AGV_109_01100720,2025-01-10 07:21:00,2,B8,BR4
2025-01-10 07:25:00,AGV_072,JOB_AGV_072_01100725,2025-01-10 07:52:00,0,B7,BR1
2025-01-10 07:25:00,AGV_080,JOB_AGV_080_01100725,2025-01-10 08:05:00,1,B5,BR2
2025-01-10 07:30:00,AGV_043,JOB_AGV_043_01100730,2025-01-10 07:48:00,2,B2,BR2
2025-01-10 07:35:00,AGV_019,JOB_AGV_019_01100735,2025-01-10 07:59:00,1,B6,BR1
2025-01-10 07:35:00,AGV_080,JOB_AGV_080_01100735,2025-01-10 07:42:00,0,B3,BR2
2025-01-10 07:35:00,AGV_111,JOB_AGV_111_01100735,2025-01-10 09:05:00,1,B2,BR4
2025-01-10 07:35:00,AGV_120,JOB_AGV_120_01100735,2025-01-10 08:27:00,1,B2,BR4
2025-01-10 07:35:00,AGV_123,JOB_AGV_123_01100735,2025-01-10 07:55:00,1,B5,BR3
2025-01-10 07:40:00,AGV_091,JOB_AGV_091_01100740,2025-01-10 08:08:00,2,B2,BR2
2025-01-10 07:40:00,AGV_121,JOB_AGV_121_01100740,2025-01-10 07:49:00,0,B7,BR4
2025-01-10 07:45:00,AGV_091,JOB_AGV_091_01100745,2025-01-10 07:51:00,0,B8,BR4
2025-01-10 07:50:00,AGV_017,JOB_AGV_017_01100750,2025-01-10 07:54:00,1,B8,BR4
2025-01-10 07:55:00,AGV_124,JOB_AGV_124_01100755,2025-01-10 08:36:00,0,B2,BR4
2025-01-10 08:00:00,AGV_044,JOB_AGV_044_01100800,2025-01-10 08:08:00,1,B1,BR4
2025-01-10 08:00:00,AGV_075,JOB_AGV_075_01100800,2025-01-10 08:30:00,0,B6,BR2
2025-01-10 08:05:00,AGV_013,JOB_AGV_013_01100805,2025-01-10 08:36:00,1,B7,BR3
2025-01-10 08:05:00,AGV_067,JOB_AGV_067_01100805,2025-01-10 09:09:00,1,B1,BR4
2025-01-10 08:05:00,AGV_094,JOB_AGV_094_01100805,2025-01-10 08:05:00,2,B3,BR4
2025-01-10 08:05:00,AGV_112,JOB_AGV_112_01100805,2025-01-10 09:03:00,0,B3,BR2
2025-01-10 08:05:00,AGV_115,JOB_AGV_115_01100805,2025-01-10 08:08:00,1,B1,BR4
2025-01-10 08:10:00,AGV_026,JOB_AGV_026_01100810,2025-01-10 09:36:00,2,B7,BR3
2025-01-10 08:15:00,AGV_036,JOB_AGV_036_01100815,2025-01-10 08:19:00,0,B2,BR2
2025-01-10 08:15:00,AGV_086,JOB_AGV_086_01100815,2025-01-10 08:23:00,0,B4,BR1
2025-01-10 08:15:00,AGV_114,JOB_AGV_114_01100815,2025-01-10 08:26:00,1,B1,BR2
2025-01-10 08:20:00,AGV_005,JOB_AGV_005_01100820,2025-01-10 08:36:00,0,B8,BR4
2025-01-10 08:20:00,AGV_006,JOB_AGV_006_01100820,2025-01-10 08:27:00,0,B8,BR1
2025-01-10 08:20:00,AGV_011,JOB_AGV_011_01100820,2025-01-10 14:54:00,1,B2,BR2
2025-01-10 08:20:00,AGV_053,JOB_AGV_053_01100820,2025-01-10 09:31:00,2,B4,BR4
2025-01-10 08:20:00,AGV_089,JOB_AGV_089_01100820,2025-01-10 08:40:00,0,B8,BR2
2025-01-10 08:20:00,AGV_096,JOB_AGV_096_01100820,2025-01-10 08:26:00,2,B4,BR1
2025-01-10 08:25:00,AGV_104,JOB_AGV_104_01100825,2025-01-10 08:28:00,2,B2,BR3
2025-01-10 08:30:00,AGV_041,JOB_AGV_041_01100830,2025-01-10 08:33:00,0,B6,BR3
2025-01-10 08:30:00,AGV_063,JOB_AGV_063_01100830,2025-01-10 09:59:00,1,B1,BR4
2025-01-10 08:30:00,AGV_091,JOB_AGV_091_01100830,2025-01-10 08:47:00,0,B3,BR1
2025-01-10 08:35:00,AGV_111,JOB_AGV_111_01100835,2025-01-10 08:49:00,1,B2,BR1
2025-01-10 08:40:00,AGV_052,JOB_AGV_052_01100840,2025-01-10 08:57:00,1,B3,BR2
2025-01-10 08:45:00,AGV_023,JOB_AGV_023_01100845,2025-01-10 09:10:00,1,B8,BR1
2025-01-10 08:45:00,AGV_067,JOB_AGV_067_01100845,2025-01-10 08:54:00,0,B6,BR4
2025-01-10 08:50:00,AGV_074,JOB_AGV_074_01100850,2025-01-10 09:06:00,0,B1,BR4
2025-01-10 08:50:00,AGV_122,JOB_AGV_122_01100850,2025-01-10 09:44:00,0,B2,BR2
2025-01-10 08:55:00,AGV_006,JOB_AGV_006_01100855,2025-01-10 08:55:00,1,B5,BR2
2025-01-10 08:55:00,AGV_071,JOB_AGV_071_01100855,2025-01-10 09:01:00,1,B3,BR2
2025-01-10 08:55:00,AGV_078,JOB_AGV_078_01100855,2025-01-10 09:53:00,0,B8,BR3
2025-01-10 08:55:00,AGV_127,JOB_AGV_127_01100855,2025-01-10 09:02:00,0,B1,BR1
2025-01-10 08:55:00,AGV_129,JOB_AGV_129_01100855,2025-01-10 09:37:00,0,B1,BR3
2025-01-10 09:00:00,AGV_028,JOB_AGV_028_01100900,2025-01-10 09:11:00,0,B3,BR1
2025-01-10 09:00:00,AGV_077,JOB_AGV_077_01100900,2025-01-10 09:04:00,0,B6,BR3
2025-01-10 09:00:00,AGV_116,JOB_AGV_116_01100900,2025-01-10 09:21:00,1,B4,BR4
2025-01-10 09:05:00,AGV_036,JOB_AGV_036_01100905,2025-01-10 09:49:00,2,B8,BR2
2025-01-10 09:05:00,AGV_046,JOB_AGV_046_01100905,2025-01-10 09:59:00,1,B6,BR3
2025-01-10 09:05:00,AGV_070,JOB_AGV_070_01100905,2025-01-10 09:28:00,0,B7,BR3
2025-01-10 09:05:00,AGV_074,JOB_AGV_074_01100905,2025-01-10 09:16:00,1,B3,BR2
2025-01-10 09:05:00,AGV_114,JOB_AGV_114_01100905,2025-01-10 09:16:00,1,B6,BR4
2025-01-10 09:10:00,AGV_105,JOB_AGV_105_01100910,2025-01-10 09:43:00,0,B6,BR1
2025-01-10 09:10:00,AGV_121,JOB_AGV_121_01100910,2025-01-10 09:12:00,0,B8,BR3
2025-01-10 09:15:00,AGV_010,JOB_AGV_010_01100915,2025-01-10 09:26:00,1,B3,BR4
2025-01-10 09:15:00,AGV_082,JOB_AGV_082_01100915,2025-01-10 09:45:00,0,B1,BR3
2025-01-10 09:20:00,AGV_047,JOB_AGV_047_01100920,2025-01-10 10:13:00,1,B1,BR4
2025-01-10 09:20:00,AGV_067,JOB_AGV_067_01100920,2025-01-10 09:22:00,0,B2,BR3
2025-01-10 09:20:00,AGV_104,JOB_AGV_104_01100920,2025-01-10 09:38:00,0,B6,BR3
2025-01-10 09:25:00,AGV_113,JOB_AGV_113_01100925,2025-01-10 09:46:00,1,B7,BR4
2025-01-10 09:25:00,AGV_130,JOB_AGV_130_01100925,2025-01-10 09:38:00,1,B7,BR2
2025-01-10 09:30:00,AGV_042,JOB_AGV_042_01100930,2025-01-10 09:53:00,0,B6,BR1
2025-01-10 09:30:00,AGV_076,JOB_AGV_076_01100930,2025-01-10 10:00:00,0,B1,BR4
2025-01-10 09:30:00,AGV_086,JOB_AGV_086_01100930,2025-01-10 10:29:00,1,B5,BR1
2025-01-10 09:30:00,AGV_110,JOB_AGV_110_01100930,2025-01-10 10:37:00,1,B5,BR1
2025-01-10 09:35:00,AGV_118,JOB_AGV_118_01100935,2025-01-10 09:38:00,1,B2,BR4
2025-01-10 09:35:00,AGV_129,JOB_AGV_129_01100935,2025-01-10 09:37:00,2,B3,BR3
2025-01-10 09:40:00,AGV_097,JOB_AGV_097_01100940,2025-01-10 09:45:00,0,B1,BR2
2025-01-10 09:45:00,AGV_032,JOB_AGV_032_01100945,2025-01-10 10:37:00,0,B8,BR1
2025-01-10 09:45:00,AGV_076,JOB_AGV_076_01100945,2025-01-10 09:47:00,0,B6,BR3
2025-01-10 09:50:00,AGV_011,JOB_AGV_011_01100950,2025-01-10 10:42:00,0,B3,BR3
2025-01-10 09:50:00,AGV_052,JOB_AGV_052_01100950,2025-01-10 09:59:00,0,B3,BR1
2025-01-10 09:50:00,AGV_117,JOB_AGV_117_01100950,2025-01-10 10:03:00,2,B8,BR3
2025-01-10 09:55:00,AGV_065,JOB_AGV_065_01100955,2025-01-10 10:58:00,0,B4,BR4
2025-01-10 10:00:00,AGV_079,JOB_AGV_079_01101000,2025-01-10 10:03:00,1,B2,BR3
2025-01-10 10:00:00,AGV_104,JOB_AGV_104_01101000,2025-01-10 10:06:00,0,B5,BR3
2025-01-10 10:00:00,AGV_119,JOB_AGV_119_01101000,2025-01-10 10:07:00,1,B3,BR4
2025-01-10 10:05:00,AGV_027,JOB_AGV_027_01101005,2025-01-10 10:07:00,1,B8,BR2
2025-01-10 10:05:00,AGV_047,JOB_AGV_047_01101005,2025-01-10 10:42:00,2,B2,BR1
2025-01-10 10:05:00,AGV_069,JOB_AGV_069_01101005,2025-01-10 10:12:00,1,B7,BR4
2025-01-10 10:10:00,AGV_004,JOB_AGV_004_01101010,2025-01-10 10:25:00,2,B3,BR4
2025-01-10 10:10:00,AGV_058,JOB_AGV_058_01101010,2025-01-10 10:44:00,0,B3,BR4
2025-01-10 10:15:00,AGV_003,JOB_AGV_003_01101015,2025-01-10 10:23:00,1,B3,BR2
2025-01-10 10:15:00,AGV_004,JOB_AGV_004_01101015,2025-01-10 10:26:00,0,B8,BR2
2025-01-10 10:15:00,AGV_010,JOB_AGV_010_01101015,2025-01-10 11:56:00,0,B5,BR1
2025-01-10 10:15:00,AGV_027,JOB_AGV_027_01101015,2025-01-10 10:32:00,0,B7,BR1
2025-01-10 10:15:00,AGV_063,JOB_AGV_063_01101015,2025-01-10 10:18:00,0,B3,BR4
2025-01-10 10:15:00,AGV_077,JOB_AGV_077_01101015,2025-01-10 10:23:00,0,B2,BR3
2025-01-10 10:15:00,AGV_088,JOB_AGV_088_01101015,2025-01-10 10:20:00,2,B3,BR3
2025-01-10 10:20:00,AGV_072,JOB_AGV_072_01101020,2025-01-10 10:20:00,2,B2,BR1
2025-01-10 10:20:00,AGV_075,JOB_AGV_075_01101020,2025-01-10 10:23:00,1,B1,BR2
2025-01-10 10:20:00,AGV_128,JOB_AGV_128_01101020,2025-01-10 10:50:00,0,B3,BR1
2025-01-10 10:30:00,AGV_085,JOB_AGV_085_01101030,2025-01-10 11:05:00,1,B6,BR4
2025-01-10 10:30:00,AGV_095,JOB_AGV_095_01101030,2025-01-10 10:51:00,2,B5,BR1
2025-01-10 10:30:00,AGV_110,JOB_AGV_110_01101030,2025-01-10 11:44:00,1,B4,BR2
2025-01-10 10:30:00,AGV_111,JOB_AGV_111_01101030,2025-01-10 11:01:00,0,B2,BR1
2025-01-10 10:30:00,AGV_124,JOB_AGV_124_01101030,2025-01-10 10:42:00,1,B1,BR2
2025-01-10 10:35:00,AGV_054,JOB_AGV_054_01101035,2025-01-10 11:06:00,1,B2,BR3
2025-01-10 10:35:00,AGV_065,JOB_AGV_065_01101035,2025-01-10 11:01:00,2,B7,BR4
2025-01-10 10:35:00,AGV_124,JOB_AGV_124_01101035,2025-01-10 10:37:00,0,B3,BR2
2025-01-10 10:40:00,AGV_023,JOB_AGV_023_01101040,2025-01-10 10:45:00,1,B8,BR4
2025-01-10 10:40:00,AGV_062,JOB_AGV_062_01101040,2025-01-10 10:49:00,0,B3,BR3
2025-01-10 10:40:00,AGV_085,JOB_AGV_085_01101040,2025-01-10 10:47:00,0,B6,BR3
2025-01-10 10:45:00,AGV_006,JOB_AGV_006_01101045,2025-01-10 11:00:00,0,B1,BR3
2025-01-10 10:45:00,AGV_020,JOB_AGV_020_01101045,2025-01-10 10:59:00,0,B6,BR2
2025-01-10 10:45:00,AGV_021,JOB_AGV_021_01101045,2025-01-10 11:05:00,0,B3,BR3
2025-01-10 10:45:00,AGV_042,JOB_AGV_042_01101045,2025-01-10 11:51:00,0,B7,BR3
2025-01-10 10:45:00,AGV_084,JOB_AGV_084_01101045,2025-01-10 10:45:00,0,B7,BR3
2025-01-10 10:45:00,AGV_092,JOB_AGV_092_01101045,2025-01-10 10:46:00,0,B5,BR4
2025-01-10 10:45:00,AGV_105,JOB_AGV_105_01101045,2025-01-10 11:06:00,0,B2,BR3
2025-01-10 10:45:00,AGV_123,JOB_AGV_123_01101045,2025-01-10 11:23:00,0,B3,BR3
2025-01-10 10:50:00,AGV_080,JOB_AGV_080_01101050,2025-01-10 15:23:00,1,B4,BR4
2025-01-10 10:55:00,AGV_013,JOB_AGV_013_01101055,2025-01-10 10:56:00,2,B5,BR3
2025-01-10 10:55:00,AGV_024,JOB_AGV_024_01101055,2025-01-10 11:09:00,2,B5,BR2
2025-01-10 10:55:00,AGV_053,JOB_AGV_053_01101055,2025-01-10 10:55:00,0,B2,BR2
2025-01-10 10:55:00,AGV_096,JOB_AGV_096_01101055,2025-01-10 11:42:00,1,B2,BR4
2025-01-10 11:00:00,AGV_024,JOB_AGV_024_01101100,2025-01-10 12:03:00,0,B3,BR2
2025-01-10 11:00:00,AGV_029,JOB_AGV_029_01101100,2025-01-10 11:01:00,1,B1,BR4
2025-01-10 11:00:00,AGV_074,JOB_AGV_074_01101100,2025-01-10 11:25:00,1,B7,BR1
2025-01-10 11:00:00,AGV_104,JOB_AGV_104_01101100,2025-01-10 11:40:00,0,B5,BR4
2025-01-10 11:00:00,AGV_123,JOB_AGV_123_01101100,2025-01-10 11:08:00,1,B7,BR4
2025-01-10 11:05:00,AGV_007,JOB_AGV_007_01101105,2025-01-10 14:13:00,0,B3,BR2
2025-01-10 11:05:00,AGV_058,JOB_AGV_058_01101105,2025-01-10 12:05:00,0,B3,BR3
2025-01-10 11:05:00,AGV_069,JOB_AGV_069_01101105,2025-01-10 11:21:00,1,B5,BR1
2025-01-10 11:10:00,AGV_005,JOB_AGV_005_01101110,2025-01-10 11:58:00,1,B5,BR3
2025-01-10 11:10:00,AGV_010,JOB_AGV_010_01101110,2025-01-10 11:24:00,1,B5,BR4
2025-01-10 11:10:00,AGV_043,JOB_AGV_043_01101110,2025-01-10 12:49:00,0,B7,BR4
2025-01-10 11:10:00,AGV_055,JOB_AGV_055_01101110,2025-01-10 11:26:00,1,B3,BR2
2025-01-10 11:10:00,AGV_071,JOB_AGV_071_01101110,2025-01-10 11:50:00,0,B8,BR1
2025-01-10 11:10:00,AGV_111,JOB_AGV_111_01101110,2025-01-10 11:51:00,2,B4,BR4
2025-01-10 11:15:00,AGV_023,JOB_AGV_023_01101115,2025-01-10 11:56:00,0,B4,BR3
2025-01-10 11:15:00,AGV_056,JOB_AGV_056_01101115,2025-01-10 11:30:00,0,B1,BR3
2025-01-10 11:20:00,AGV_010,JOB_AGV_010_01101120,2025-01-10 11:57:00,1,B8,BR4
2025-01-10 11:20:00,AGV_080,JOB_AGV_080_01101120,2025-01-10 12:40:00,0,B5,BR3
2025-01-10 11:20:00,AGV_090,JOB_AGV_090_01101120,2025-01-10 11:38:00,1,B5,BR3
2025-01-10 11:25:00,AGV_075,JOB_AGV_075_01101125,2025-01-10 12:04:00,1,B4,BR3
2025-01-10 11:25:00,AGV_110,JOB_AGV_110_01101125,2025-01-10 11:31:00,1,B6,BR4
2025-01-10 11:30:00,AGV_056,JOB_AGV_056_01101130,2025-01-10 11:58:00,0,B8,BR3
2025-01-10 11:30:00,AGV_094,JOB_AGV_094_01101130,2025-01-10 12:46:00,2,B4,BR3
2025-01-10 11:30:00,AGV_114,JOB_AGV_114_01101130,2025-01-10 11:37:00,0,B2,BR2
2025-01-10 11:30:00,AGV_127,JOB_AGV_127_01101130,2025-01-10 11:47:00,0,B7,BR3
2025-01-10 11:35:00,AGV_025,JOB_AGV_025_01101135,2025-01-10 12:23:00,0,B5,BR4
2025-01-10 11:35:00,AGV_059,JOB_AGV_059_01101135,2025-01-10 11:42:00,1,B7,BR4
2025-01-10 11:35:00,AGV_098,JOB_AGV_098_01101135,2025-01-10 13:15:00,0,B3,BR3
2025-01-10 11:40:00,AGV_001,JOB_AGV_001_01101140,2025-01-10 11:45:00,0,B3,BR3
2025-01-10 11:40:00,AGV_047,JOB_AGV_047_01101140,2025-01-10 11:43:00,1,B8,BR2
2025-01-10 11:40:00,AGV_084,JOB_AGV_084_01101140,2025-01-10 12:09:00,1,B3,BR1
2025-01-10 11:40:00,AGV_096,JOB_AGV_096_01101140,2025-01-10 11:46:00,0,B2,BR4
2025-01-10 11:40:00,AGV_104,JOB_AGV_104_01101140,2025-01-10 12:15:00,0,B6,BR4
2025-01-10 11:40:00,AGV_118,JOB_AGV_118_01101140,2025-01-10 12:33:00,2,B8,BR2
2025-01-10 11:45:00,AGV_010,JOB_AGV_010_01101145,2025-01-10 11:52:00,1,B1,BR2
2025-01-10 11:45:00,AGV_122,JOB_AGV_122_01101145,2025-01-10 12:02:00,1,B6,BR2
2025-01-10 11:50:00,AGV_004,JOB_AGV_004_01101150,2025-01-10 11:58:00,0,B2,BR3
2025-01-10 11:50:00,AGV_037,JOB_AGV_037_01101150,2025-01-10 12:15:00,1,B5,BR4
2025-01-10 11:50:00,AGV_065,JOB_AGV_065_01101150,2025-01-10 12:20:00,0,B3,BR1
2025-01-10 12:00:00,AGV_012,JOB_AGV_012_01101200,2025-01-10 12:37:00,1,B5,BR4
2025-01-10 12:00:00,AGV_091,JOB_AGV_091_01101200,2025-01-10 13:10:00,2,B3,BR4
2025-01-10 12:05:00,AGV_067,JOB_AGV_067_01101205,2025-01-10 12:30:00,0,B7,BR2
2025-01-10 12:10:00,AGV_020,JOB_AGV_020_01101210,2025-01-10 12:28:00,0,B6,BR4
2025-01-10 12:15:00,AGV_091,JOB_AGV_091_01101215,2025-01-10 13:33:00,0,B1,BR4
2025-01-10 12:20:00,AGV_006,JOB_AGV_006_01101220,2025-01-10 12:47:00,1,B8,BR3
2025-01-10 12:20:00,AGV_017,JOB_AGV_017_01101220,2025-01-10 12:23:00,1,B5,BR2
2025-01-10 12:20:00,AGV_076,JOB_AGV_076_01101220,2025-01-10 13:25:00,0,B7,BR2
2025-01-10 12:20:00,AGV_083,JOB_AGV_083_01101220,2025-01-10 12:59:00,1,B4,BR2
2025-01-10 12:25:00,AGV_006,JOB_AGV_006_01101225,2025-01-10 12:27:00,0,B4,BR1
2025-01-10 12:25:00,AGV_008,JOB_AGV_008_01101225,2025-01-10 13:16:00,2,B7,BR3
2025-01-10 12:25:00,AGV_012,JOB_AGV_012_01101225,2025-01-10 12:58:00,0,B8,BR1
2025-01-10 12:25:00,AGV_045,JOB_AGV_045_01101225,2025-01-10 13:48:00,0,B3,BR1
2025-01-10 12:30:00,AGV_064,JOB_AGV_064_01101230,2025-01-10 12:38:00,1,B7,BR2
2025-01-10 12:30:00,AGV_128,JOB_AGV_128_01101230,2025-01-10 13:23:00,1,B6,BR3
2025-01-10 12:35:00,AGV_019,JOB_AGV_019_01101235,2025-01-10 13:14:00,0,B2,BR4
2025-01-10 12:35:00,AGV_020,JOB_AGV_020_01101235,2025-01-10 13:00:00,0,B7,BR3
2025-01-10 12:35:00,AGV_029,JOB_AGV_029_01101235,2025-01-10 13:55:00,0,B7,BR3
2025-01-10 12:35:00,AGV_108,JOB_AGV_108_01101235,2025-01-10 12:45:00,1,B5,BR2
2025-01-10 12:35:00,AGV_118,JOB_AGV_118_01101235,2025-01-10 12:44:00,0,B8,BR4
2025-01-10 12:35:00,AGV_120,JOB_AGV_120_01101235,2025-01-10 12:54:00,1,B8,BR3
2025-01-10 12:40:00,AGV_002,JOB_AGV_002_01101240,2025-01-10 13:33:00,1,B6,BR3
2025-01-10 12:40:00,AGV_025,JOB_AGV_025_01101240,2025-01-10 12:46:00,0,B5,BR1
2025-01-10 12:45:00,AGV_056,JOB_AGV_056_01101245,2025-01-10 12:53:00,0,B4,BR2
2025-01-10 12:45:00,AGV_064,JOB_AGV_064_01101245,2025-01-10 13:09:00,1,B5,BR4
2025-01-10 12:50:00,AGV_017,JOB_AGV_017_01101250,2025-01-10 13:01:00,1,B8,BR4
2025-01-10 12:50:00,AGV_045,JOB_AGV_045_01101250,2025-01-10 13:32:00,0,B8,BR2
2025-01-10 12:50:00,AGV_076,JOB_AGV_076_01101250,2025-01-10 13:27:00,2,B7,BR4
2025-01-10 12:50:00,AGV_112,JOB_AGV_112_01101250,2025-01-10 14:16:00,1,B3,BR3
2025-01-10 12:55:00,AGV_013,JOB_AGV_013_01101255,2025-01-10 13:34:00,0,B2,BR4
2025-01-10 12:55:00,AGV_054,JOB_AGV_054_01101255,2025-01-10 13:53:00,0,B4,BR4
2025-01-10 12:55:00,AGV_100,JOB_AGV_100_01101255,2025-01-10 13:36:00,1,B8,BR3
2025-01-10 13:00:00,AGV_037,JOB_AGV_037_01101300,2025-01-10 13:24:00,0,B5,BR3
2025-01-10 13:05:00,AGV_036,JOB_AGV_036_01101305,2025-01-10 13:24:00,0,B5,BR3
2025-01-10 13:05:00,AGV_050,JOB_AGV_050_01101305,2025-01-10 13:06:00,1,B4,BR3
2025-01-10 13:05:00,AGV_073,JOB_AGV_073_01101305,2025-01-10 13:31:00,0,B1,BR3
2025-01-10 13:10:00,AGV_099,JOB_AGV_099_01101310,2025-01-10 14:07:00,0,B6,BR1
2025-01-10 13:15:00,AGV_072,JOB_AGV_072_01101315,2025-01-10 13:21:00,2,B7,BR4
2025-01-10 13:20:00,AGV_057,JOB_AGV_057_01101320,2025-01-10 13:21:00,1,B3,BR4
2025-01-10 13:20:00,AGV_081,JOB_AGV_081_01101320,2025-01-10 13:32:00,0,B8,BR4
2025-01-10 13:20:00,AGV_122,JOB_AGV_122_01101320,2025-01-10 13:58:00,0,B3,BR1
2025-01-10 13:25:00,AGV_075,JOB_AGV_075_01101325,2025-01-10 13:46:00,1,B4,BR1
2025-01-10 13:25:00,AGV_087,JOB_AGV_087_01101325,2025-01-10 13:51:00,2,B8,BR1
2025-01-10 13:25:00,AGV_126,JOB_AGV_126_01101325,2025-01-10 13:29:00,1,B1,BR4
2025-01-10 13:30:00,AGV_002,JOB_AGV_002_01101330,2025-01-10 14:03:00,0,B8,BR3
2025-01-10 13:30:00,AGV_049,JOB_AGV_049_01101330,2025-01-10 13:53:00,1,B2,BR2
2025-01-10 13:30:00,AGV_065,JOB_AGV_065_01101330,2025-01-10 13:32:00,1,B2,BR4
2025-01-10 13:30:00,AGV_070,JOB_AGV_070_01101330,2025-01-10 13:35:00,2,B1,BR2
2025-01-10 13:30:00,AGV_128,JOB_AGV_128_01101330,2025-01-10 13:42:00,0,B3,BR3
2025-01-10 13:35:00,AGV_034,JOB_AGV_034_01101335,2025-01-10 13:43:00,1,B4,BR3
2025-01-10 13:35:00,AGV_037,JOB_AGV_037_01101335,2025-01-10 14:02:00,0,B8,BR3
2025-01-10 13:40:00,AGV_018,JOB_AGV_018_01101340,2025-01-10 13:44:00,1,B1,BR3
2025-01-10 13:40:00,AGV_061,JOB_AGV_061_01101340,2025-01-10 13:43:00,0,B6,BR1
2025-01-10 13:45:00,AGV_028,JOB_AGV_028_01101345,2025-01-10 14:18:00,0,B5,BR2
2025-01-10 13:45:00,AGV_056,JOB_AGV_056_01101345,2025-01-10 14:23:00,0,B8,BR4
2025-01-10 13:45:00,AGV_065,JOB_AGV_065_01101345,2025-01-10 15:02:00,0,B4,BR2
2025-01-10 13:45:00,AGV_084,JOB_AGV_084_01101345,2025-01-10 13:46:00,1,B6,BR1
2025-01-10 13:45:00,AGV_100,JOB_AGV_100_01101345,2025-01-10 14:51:00,0,B8,BR2
2025-01-10 13:50:00,AGV_109,JOB_AGV_109_01101350,2025-01-10 14:55:00,1,B6,BR3
2025-01-10 13:50:00,AGV_128,JOB_AGV_128_01101350,2025-01-10 14:13:00,1,B6,BR1
2025-01-10 13:55:00,AGV_008,JOB_AGV_008_01101355,2025-01-10 14:19:00,1,B4,BR2
2025-01-10 13:55:00,AGV_076,JOB_AGV_076_01101355,2025-01-10 14:30:00,1,B8,BR3
2025-01-10 14:00:00,AGV_002,JOB_AGV_002_01101400,2025-01-10 14:00:00,1,B2,BR4
2025-01-10 14:00:00,AGV_005,JOB_AGV_005_01101400,2025-01-10 15:11:00,0,B5,BR4
2025-01-10 14:00:00,AGV_024,JOB_AGV_024_01101400,2025-01-10 16:13:00,0,B4,BR2
2025-01-10 14:00:00,AGV_070,JOB_AGV_070_01101400,2025-01-10 14:04:00,1,B8,BR1
2025-01-10 14:00:00,AGV_071,JOB_AGV_071_01101400,2025-01-10 14:41:00,0,B7,BR1
2025-01-10 14:00:00,AGV_127,JOB_AGV_127_01101400,2025-01-10 14:17:00,0,B5,BR2
2025-01-10 14:05:00,AGV_010,JOB_AGV_010_01101405,2025-01-10 14:53:00,0,B5,BR2
2025-01-10 14:05:00,AGV_078,JOB_AGV_078_01101405,2025-01-10 15:09:00,0,B1,BR4
2025-01-10 14:05:00,AGV_125,JOB_AGV_125_01101405,2025-01-10 14:08:00,1,B6,BR2
2025-01-10 14:10:00,AGV_008,JOB_AGV_008_01101410,2025-01-10 14:19:00,0,B4,BR3
2025-01-10 14:10:00,AGV_025,JOB_AGV_025_01101410,2025-01-10 14:21:00,0,B8,BR2
2025-01-10 14:10:00,AGV_061,JOB_AGV_061_01101410,2025-01-10 14:43:00,0,B4,BR2
2025-01-10 14:10:00,AGV_111,JOB_AGV_111_01101410,2025-01-10 14:53:00,1,B4,BR1
2025-01-10 14:10:00,AGV_123,JOB_AGV_123_01101410,2025-01-10 14:21:00,0,B1,BR2
2025-01-10 14:15:00,AGV_011,JOB_AGV_011_01101415,2025-01-10 14:38:00,0,B1,BR3
2025-01-10 14:15:00,AGV_017,JOB_AGV_017_01101415,2025-01-10 15:08:00,0,B1,BR2
2025-01-10 14:15:00,AGV_070,JOB_AGV_070_01101415,2025-01-10 16:24:00,1,B6,BR2
2025-01-10 14:15:00,AGV_083,JOB_AGV_083_01101415,2025-01-10 14:31:00,2,B6,BR2
2025-01-10 14:20:00,AGV_076,JOB_AGV_076_01101420,2025-01-10 15:17:00,1,B8,BR3
2025-01-10 14:25:00,AGV_113,JOB_AGV_113_01101425,2025-01-10 15:49:00,0,B5,BR2
2025-01-10 14:30:00,AGV_038,JOB_AGV_038_01101430,2025-01-10 15:01:00,2,B5,BR1
2025-01-10 14:30:00,AGV_046,JOB_AGV_046_01101430,2025-01-10 14:37:00,0,B8,BR3
2025-01-10 14:35:00,AGV_061,JOB_AGV_061_01101435,2025-01-10 14:51:00,0,B4,BR4
2025-01-10 14:35:00,AGV_075,JOB_AGV_075_01101435,2025-01-10 15:08:00,2,B6,BR2
2025-01-10 14:35:00,AGV_096,JOB_AGV_096_01101435,2025-01-10 15:29:00,0,B6,BR2
2025-01-10 14:40:00,AGV_004,JOB_AGV_004_01101440,2025-01-10 16:41:00,0,B2,BR1
2025-01-10 14:40:00,AGV_006,JOB_AGV_006_01101440,2025-01-10 17:49:00,1,B1,BR3
2025-01-10 14:40:00,AGV_051,JOB_AGV_051_01101440,2025-01-10 15:28:00,0,B6,BR2
2025-01-10 14:45:00,AGV_042,JOB_AGV_042_01101445,2025-01-10 14:54:00,2,B5,BR3
2025-01-10 14:45:00,AGV_053,JOB_AGV_053_01101445,2025-01-10 15:17:00,0,B4,BR4
2025-01-10 14:45:00,AGV_084,JOB_AGV_084_01101445,2025-01-10 14:49:00,1,B8,BR2
2025-01-10 14:45:00,AGV_085,JOB_AGV_085_01101445,2025-01-10 15:13:00,0,B3,BR4
2025-01-10 14:55:00,AGV_001,JOB_AGV_001_01101455,2025-01-10 15:34:00,1,B3,BR4
2025-01-10 14:55:00,AGV_079,JOB_AGV_079_01101455,2025-01-10 14:56:00,0,B3,BR1
2025-01-10 14:55:00,AGV_086,JOB_AGV_086_01101455,2025-01-10 15:15:00,0,B7,BR4
2025-01-10 14:55:00,AGV_098,JOB_AGV_098_01101455,2025-01-10 15:37:00,0,B7,BR2
2025-01-10 15:00:00,AGV_039,JOB_AGV_039_01101500,2025-01-10 15:25:00,1,B7,BR2
2025-01-10 15:00:00,AGV_069,JOB_AGV_069_01101500,2025-01-10 15:26:00,1,B7,BR2
2025-01-10 15:00:00,AGV_121,JOB_AGV_121_01101500,2025-01-10 16:09:00,1,B3,BR2
2025-01-10 15:05:00,AGV_035,JOB_AGV_035_01101505,2025-01-10 15:15:00,0,B3,BR4
2025-01-10 15:05:00,AGV_071,JOB_AGV_071_01101505,2025-01-10 15:25:00,0,B1,BR1
2025-01-10 15:05:00,AGV_085,JOB_AGV_085_01101505,2025-01-10 15:26:00,0,B2,BR3
2025-01-10 15:05:00,AGV_101,JOB_AGV_101_01101505,2025-01-10 15:23:00,1,B7,BR3
2025-01-10 15:10:00,AGV_130,JOB_AGV_130_01101510,2025-01-10 16:28:00,1,B1,BR2
2025-01-10 15:15:00,AGV_025,JOB_AGV_025_01101515,2025-01-10 15:21:00,0,B6,BR1
2025-01-10 15:15:00,AGV_082,JOB_AGV_082_01101515,2025-01-10 15:24:00,0,B3,BR4
2025-01-10 15:20:00,AGV_015,JOB_AGV_015_01101520,2025-01-10 15:24:00,0,B4,BR1
2025-01-10 15:20:00,AGV_025,JOB_AGV_025_01101520,2025-01-10 17:21:00,0,B1,BR4
2025-01-10 15:20:00,AGV_067,JOB_AGV_067_01101520,2025-01-10 15:23:00,2,B3,BR4
2025-01-10 15:20:00,AGV_081,JOB_AGV_081_01101520,2025-01-10 16:20:00,1,B1,BR1
2025-01-10 15:20:00,AGV_108,JOB_AGV_108_01101520,2025-01-10 15:30:00,1,B5,BR1
2025-01-10 15:20:00,AGV_117,JOB_AGV_117_01101520,2025-01-10 16:23:00,0,B5,BR4
2025-01-10 15:25:00,AGV_016,JOB_AGV_016_01101525,2025-01-10 16:19:00,0,B7,BR1
2025-01-10 15:25:00,AGV_019,JOB_AGV_019_01101525,2025-01-10 15:31:00,2,B4,BR4
2025-01-10 15:25:00,AGV_020,JOB_AGV_020_01101525,2025-01-10 16:57:00,0,B7,BR1
2025-01-10 15:30:00,AGV_022,JOB_AGV_022_01101530,2025-01-10 16:23:00,1,B2,BR1
2025-01-10 15:35:00,AGV_014,JOB_AGV_014_01101535,2025-01-10 16:37:00,0,B2,BR4
2025-01-10 15:35:00,AGV_034,JOB_AGV_034_01101535,2025-01-10 16:02:00,0,B2,BR3
2025-01-10 15:35:00,AGV_058,JOB_AGV_058_01101535,2025-01-10 16:17:00,1,B6,BR3
2025-01-10 15:35:00,AGV_079,JOB_AGV_079_01101535,2025-01-10 15:36:00,2,B4,BR3
2025-01-10 15:35:00,AGV_129,JOB_AGV_129_01101535,2025-01-10 16:56:00,0,B1,BR3
2025-01-10 15:40:00,AGV_031,JOB_AGV_031_01101540,2025-01-10 15:45:00,1,B6,BR2
2025-01-10 15:40:00,AGV_046,JOB_AGV_046_01101540,2025-01-10 17:14:00,0,B4,BR2
2025-01-10 15:40:00,AGV_052,JOB_AGV_052_01101540,2025-01-10 16:04:00,1,B6,BR2
2025-01-10 15:40:00,AGV_115,JOB_AGV_115_01101540,2025-01-10 15:54:00,0,B6,BR3
2025-01-10 15:40:00,AGV_125,JOB_AGV_125_01101540,2025-01-10 15:48:00,0,B1,BR2
2025-01-10 15:45:00,AGV_072,JOB_AGV_072_01101545,2025-01-10 16:01:00,1,B5,BR2
2025-01-10 15:45:00,AGV_079,JOB_AGV_079_01101545,2025-01-10 16:10:00,1,B7,BR1
2025-01-10 15:45:00,AGV_080,JOB_AGV_080_01101545,2025-01-10 16:04:00,0,B4,BR2
2025-01-10 15:50:00,AGV_094,JOB_AGV_094_01101550,2025-01-10 16:36:00,1,B8,BR2
2025-01-10 15:55:00,AGV_030,JOB_AGV_030_01101555,2025-01-10 16:02:00,2,B8,BR2
2025-01-10 15:55:00,AGV_053,JOB_AGV_053_01101555,2025-01-10 16:00:00,0,B4,BR4
2025-01-10 15:55:00,AGV_070,JOB_AGV_070_01101555,2025-01-10 16:30:00,0,B8,BR1
2025-01-10 15:55:00,AGV_074,JOB_AGV_074_01101555,2025-01-10 15:56:00,1,B4,BR2
2025-01-10 15:55:00,AGV_125,JOB_AGV_125_01101555,2025-01-10 17:05:00,2,B8,BR4
2025-01-10 16:00:00,AGV_018,JOB_AGV_018_01101600,2025-01-10 16:48:00,0,B5,BR4
2025-01-10 16:00:00,AGV_129,JOB_AGV_129_01101600,2025-01-10 17:04:00,0,B1,BR4
2025-01-10 16:05:00,AGV_037,JOB_AGV_037_01101605,2025-01-10 16:15:00,1,B2,BR4
2025-01-10 16:05:00,AGV_075,JOB_AGV_075_01101605,2025-01-10 17:02:00,1,B1,BR2
2025-01-10 16:05:00,AGV_079,JOB_AGV_079_01101605,2025-01-10 16:08:00,0,B7,BR4
2025-01-10 16:05:00,AGV_104,JOB_AGV_104_01101605,2025-01-10 16:44:00,0,B6,BR4
2025-01-10 16:10:00,AGV_010,JOB_AGV_010_01101610,2025-01-10 17:26:00,0,B2,BR2
2025-01-10 16:10:00,AGV_095,JOB_AGV_095_01101610,2025-01-10 16:29:00,1,B3,BR3
2025-01-10 16:10:00,AGV_130,JOB_AGV_130_01101610,2025-01-10 17:10:00,2,B4,BR4
2025-01-10 16:15:00,AGV_025,JOB_AGV_025_01101615,2025-01-10 17:11:00,2,B4,BR4
2025-01-10 16:15:00,AGV_044,JOB_AGV_044_01101615,2025-01-10 17:40:00,0,B7,BR2
2025-01-10 16:15:00,AGV_117,JOB_AGV_117_01101615,2025-01-10 16:28:00,0,B3,BR1
2025-01-10 16:20:00,AGV_002,JOB_AGV_002_01101620,2025-01-10 16:26:00,0,B4,BR2
2025-01-10 16:25:00,AGV_035,JOB_AGV_035_01101625,2025-01-10 16:27:00,0,B6,BR2
2025-01-10 16:25:00,AGV_036,JOB_AGV_036_01101625,2025-01-10 16:28:00,0,B2,BR1
2025-01-10 16:25:00,AGV_059,JOB_AGV_059_01101625,2025-01-10 16:41:00,1,B6,BR1
2025-01-10 16:25:00,AGV_113,JOB_AGV_113_01101625,2025-01-10 17:46:00,0,B5,BR4
2025-01-10 16:30:00,AGV_005,JOB_AGV_005_01101630,2025-01-10 18:21:00,1,B2,BR4
2025-01-10 16:30:00,AGV_013,JOB_AGV_013_01101630,2025-01-10 19:19:00,0,B1,BR4
2025-01-10 16:30:00,AGV_064,JOB_AGV_064_01101630,2025-01-10 16:42:00,0,B6,BR1
2025-01-10 16:30:00,AGV_069,JOB_AGV_069_01101630,2025-01-10 16:36:00,0,B3,BR4
2025-01-10 16:35:00,AGV_036,JOB_AGV_036_01101635,2025-01-10 17:49:00,1,B3,BR3
2025-01-10 16:40:00,AGV_010,JOB_AGV_010_01101640,2025-01-10 16:49:00,0,B1,BR3
2025-01-10 16:45:00,AGV_022,JOB_AGV_022_01101645,2025-01-10 17:19:00,0,B5,BR1
2025-01-10 16:45:00,AGV_052,JOB_AGV_052_01101645,2025-01-10 16:52:00,1,B2,BR2
2025-01-10 16:45:00,AGV_099,JOB_AGV_099_01101645,2025-01-10 16:59:00,1,B8,BR3
2025-01-10 16:50:00,AGV_001,JOB_AGV_001_01101650,2025-01-10 16:50:00,0,B3,BR3
2025-01-10 16:50:00,AGV_006,JOB_AGV_006_01101650,2025-01-10 18:07:00,2,B1,BR1
2025-01-10 16:50:00,AGV_065,JOB_AGV_065_01101650,2025-01-10 17:25:00,0,B5,BR2
2025-01-10 16:50:00,AGV_076,JOB_AGV_076_01101650,2025-01-10 16:53:00,0,B6,BR2
2025-01-10 16:50:00,AGV_109,JOB_AGV_109_01101650,2025-01-10 17:06:00,0,B4,BR4
2025-01-10 16:55:00,AGV_025,JOB_AGV_025_01101655,2025-01-10 18:11:00,0,B8,BR3
2025-01-10 16:55:00,AGV_074,JOB_AGV_074_01101655,2025-01-10 17:08:00,1,B4,BR2
2025-01-10 16:55:00,AGV_106,JOB_AGV_106_01101655,2025-01-10 17:13:00,0,B5,BR2
2025-01-10 17:00:00,AGV_033,JOB_AGV_033_01101700,2025-01-10 17:06:00,1,B4,BR4
2025-01-10 17:00:00,AGV_043,JOB_AGV_043_01101700,2025-01-10 17:52:00,0,B4,BR4
2025-01-10 17:05:00,AGV_052,JOB_AGV_052_01101705,2025-01-10 17:32:00,0,B6,BR3
2025-01-10 17:05:00,AGV_109,JOB_AGV_109_01101705,2025-01-10 18:21:00,2,B7,BR4
2025-01-10 17:10:00,AGV_030,JOB_AGV_030_01101710,2025-01-10 17:13:00,0,B7,BR2
2025-01-10 17:10:00,AGV_041,JOB_AGV_041_01101710,2025-01-10 18:36:00,0,B6,BR2
2025-01-10 17:10:00,AGV_108,JOB_AGV_108_01101710,2025-01-10 18:12:00,0,B4,BR1
2025-01-10 17:15:00,AGV_051,JOB_AGV_051_01101715,2025-01-10 17:26:00,1,B8,BR1
2025-01-10 17:15:00,AGV_063,JOB_AGV_063_01101715,2025-01-10 17:24:00,0,B7,BR3
2025-01-10 17:15:00,AGV_129,JOB_AGV_129_01101715,2025-01-10 17:37:00,2,B4,BR2
2025-01-10 17:20:00,AGV_005,JOB_AGV_005_01101720,2025-01-10 18:15:00,2,B5,BR1
2025-01-10 17:20:00,AGV_017,JOB_AGV_017_01101720,2025-01-10 17:44:00,1,B6,BR2
2025-01-10 17:20:00,AGV_065,JOB_AGV_065_01101720,2025-01-10 19:03:00,0,B1,BR1
2025-01-10 17:20:00,AGV_084,JOB_AGV_084_01101720,2025-01-10 17:50:00,0,B2,BR1
2025-01-10 17:25:00,AGV_004,JOB_AGV_004_01101725,2025-01-10 17:42:00,0,B8,BR2
2025-01-10 17:25:00,AGV_089,JOB_AGV_089_01101725,2025-01-10 17:32:00,1,B1,BR1
2025-01-10 17:25:00,AGV_104,JOB_AGV_104_01101725,2025-01-10 18:01:00,2,B7,BR4
2025-01-10 17:25:00,AGV_120,JOB_AGV_120_01101725,2025-01-10 17:46:00,2,B2,BR2
2025-01-10 17:30:00,AGV_012,JOB_AGV_012_01101730,2025-01-10 18:07:00,0,B5,BR3
2025-01-10 17:30:00,AGV_017,JOB_AGV_017_01101730,2025-01-10 17:41:00,1,B2,BR4
2025-01-10 17:30:00,AGV_065,JOB_AGV_065_01101730,2025-01-10 18:14:00,0,B6,BR4
2025-01-10 17:35:00,AGV_012,JOB_AGV_012_01101735,2025-01-10 18:20:00,0,B5,BR2
2025-01-10 17:35:00,AGV_018,JOB_AGV_018_01101735,2025-01-10 17:51:00,1,B8,BR3
2025-01-10 17:35:00,AGV_019,JOB_AGV_019_01101735,2025-01-10 17:38:00,0,B8,BR4
2025-01-10 17:35:00,AGV_079,JOB_AGV_079_01101735,2025-01-10 18:22:00,1,B5,BR2
2025-01-10 17:40:00,AGV_038,JOB_AGV_038_01101740,2025-01-10 18:14:00,2,B1,BR4
2025-01-10 17:40:00,AGV_090,JOB_AGV_090_01101740,2025-01-10 20:06:00,1,B3,BR4
2025-01-10 17:40:00,AGV_116,JOB_AGV_116_01101740,2025-01-10 17:41:00,0,B5,BR2
2025-01-10 17:45:00,AGV_008,JOB_AGV_008_01101745,2025-01-10 17:57:00,0,B1,BR1
2025-01-10 17:45:00,AGV_042,JOB_AGV_042_01101745,2025-01-10 17:48:00,1,B2,BR2
2025-01-10 17:45:00,AGV_130,JOB_AGV_130_01101745,2025-01-10 17:47:00,1,B8,BR1
2025-01-10 17:55:00,AGV_010,JOB_AGV_010_01101755,2025-01-10 19:02:00,1,B8,BR2
2025-01-10 17:55:00,AGV_012,JOB_AGV_012_01101755,2025-01-10 18:18:00,0,B5,BR1
2025-01-10 17:55:00,AGV_031,JOB_AGV_031_01101755,2025-01-10 18:20:00,0,B7,BR1
2025-01-10 17:55:00,AGV_038,JOB_AGV_038_01101755,2025-01-10 19:30:00,1,B8,BR4
2025-01-10 18:00:00,AGV_054,JOB_AGV_054_01101800,2025-01-10 18:07:00,0,B1,BR1
2025-01-10 18:05:00,AGV_064,JOB_AGV_064_01101805,2025-01-10 18:12:00,0,B1,BR1
2025-01-10 18:05:00,AGV_070,JOB_AGV_070_01101805,2025-01-10 18:20:00,2,B8,BR3
2025-01-10 18:05:00,AGV_094,JOB_AGV_094_01101805,2025-01-10 19:30:00,0,B4,BR3
2025-01-10 18:10:00,AGV_041,JOB_AGV_041_01101810,2025-01-10 18:16:00,0,B6,BR2
2025-01-10 18:10:00,AGV_046,JOB_AGV_046_01101810,2025-01-10 18:12:00,0,B2,BR4
2025-01-10 18:10:00,AGV_073,JOB_AGV_073_01101810,2025-01-10 18:39:00,2,B3,BR3
2025-01-10 18:10:00,AGV_112,JOB_AGV_112_01101810,2025-01-10 18:29:00,1,B8,BR1
2025-01-10 18:15:00,AGV_118,JOB_AGV_118_01101815,2025-01-10 18:58:00,1,B3,BR3
2025-01-10 18:15:00,AGV_120,JOB_AGV_120_01101815,2025-01-10 18:21:00,0,B6,BR1
2025-01-10 18:20:00,AGV_070,JOB_AGV_070_01101820,2025-01-10 18:39:00,0,B7,BR2
2025-01-10 18:20:00,AGV_109,JOB_AGV_109_01101820,2025-01-10 19:03:00,0,B7,BR3
2025-01-10 18:25:00,AGV_002,JOB_AGV_002_01101825,2025-01-10 18:42:00,1,B7,BR2
2025-01-10 18:25:00,AGV_021,JOB_AGV_021_01101825,2025-01-10 18:41:00,0,B8,BR1
2025-01-10 18:25:00,AGV_049,JOB_AGV_049_01101825,2025-01-10 19:21:00,0,B3,BR2
2025-01-10 18:25:00,AGV_088,JOB_AGV_088_01101825,2025-01-10 18:33:00,0,B1,BR1
2025-01-10 18:25:00,AGV_103,JOB_AGV_103_01101825,2025-01-10 18:38:00,1,B5,BR2
2025-01-10 18:25:00,AGV_118,JOB_AGV_118_01101825,2025-01-10 18:36:00,1,B8,BR2
2025-01-10 18:30:00,AGV_025,JOB_AGV_025_01101830,2025-01-10 19:14:00,0,B4,BR4
2025-01-10 18:30:00,AGV_043,JOB_AGV_043_01101830,2025-01-10 18:54:00,1,B2,BR4
2025-01-10 18:30:00,AGV_052,JOB_AGV_052_01101830,2025-01-10 18:31:00,1,B3,BR2
2025-01-10 18:30:00,AGV_054,JOB_AGV_054_01101830,2025-01-10 18:34:00,1,B8,BR2
2025-01-10 18:30:00,AGV_059,JOB_AGV_059_01101830,2025-01-10 19:21:00,0,B8,BR2
2025-01-10 18:35:00,AGV_022,JOB_AGV_022_01101835,2025-01-10 18:39:00,0,B8,BR1
2025-01-10 18:35:00,AGV_123,JOB_AGV_123_01101835,2025-01-10 18:44:00,1,B5,BR1
2025-01-10 18:40:00,AGV_017,JOB_AGV_017_01101840,2025-01-10 18:57:00,1,B7,BR1
2025-01-10 18:40:00,AGV_107,JOB_AGV_107_01101840,2025-01-10 19:33:00,2,B8,BR1
2025-01-10 18:40:00,AGV_114,JOB_AGV_114_01101840,2025-01-10 19:26:00,2,B3,BR3
2025-01-10 18:40:00,AGV_118,JOB_AGV_118_01101840,2025-01-10 18:42:00,1,B1,BR4
2025-01-10 18:40:00,AGV_125,JOB_AGV_125_01101840,2025-01-10 19:17:00,0,B5,BR4
2025-01-10 18:40:00,AGV_129,JOB_AGV_129_01101840,2025-01-10 18:49:00,1,B3,BR1
2025-01-10 18:45:00,AGV_012,JOB_AGV_012_01101845,2025-01-10 19:47:00,1,B4,BR3
2025-01-10 18:45:00,AGV_049,JOB_AGV_049_01101845,2025-01-10 18:46:00,1,B1,BR2
2025-01-10 18:45:00,AGV_118,JOB_AGV_118_01101845,2025-01-10 19:00:00,2,B8,BR4
2025-01-10 18:50:00,AGV_029,JOB_AGV_029_01101850,2025-01-10 19:03:00,0,B1,BR3
2025-01-10 18:50:00,AGV_056,JOB_AGV_056_01101850,2025-01-10 18:55:00,1,B1,BR3
2025-01-10 18:55:00,AGV_023,JOB_AGV_023_01101855,2025-01-10 19:02:00,1,B7,BR2
2025-01-10 18:55:00,AGV_101,JOB_AGV_101_01101855,2025-01-10 19:02:00,0,B8,BR2
2025-01-10 19:05:00,AGV_062,JOB_AGV_062_01101905,2025-01-10 21:22:00,2,B8,BR3
2025-01-10 19:05:00,AGV_119,JOB_AGV_119_01101905,2025-01-10 19:21:00,1,B7,BR2
2025-01-10 19:05:00,AGV_128,JOB_AGV_128_01101905,2025-01-10 19:18:00,0,B2,BR2
2025-01-10 19:10:00,AGV_018,JOB_AGV_018_01101910,2025-01-10 19:27:00,1,B6,BR4
2025-01-10 19:10:00,AGV_098,JOB_AGV_098_01101910,2025-01-10 19:29:00,1,B1,BR1
2025-01-10 19:20:00,AGV_010,JOB_AGV_010_01101920,2025-01-10 19:59:00,0,B7,BR2
2025-01-10 19:20:00,AGV_083,JOB_AGV_083_01101920,2025-01-10 19:38:00,1,B5,BR1
2025-01-10 19:25:00,AGV_022,JOB_AGV_022_01101925,2025-01-10 20:36:00,1,B6,BR4
2025-01-10 19:25:00,AGV_036,JOB_AGV_036_01101925,2025-01-10 19:33:00,2,B7,BR2
2025-01-10 19:25:00,AGV_046,JOB_AGV_046_01101925,2025-01-10 19:46:00,0,B1,BR3
2025-01-10 19:25:00,AGV_067,JOB_AGV_067_01101925,2025-01-10 19:33:00,0,B6,BR1
2025-01-10 19:30:00,AGV_078,JOB_AGV_078_01101930,2025-01-10 20:00:00,0,B3,BR2
2025-01-10 19:30:00,AGV_113,JOB_AGV_113_01101930,2025-01-10 20:04:00,0,B2,BR4
2025-01-10 19:35:00,AGV_075,JOB_AGV_075_01101935,2025-01-10 20:00:00,0,B4,BR3
2025-01-10 19:35:00,AGV_098,JOB_AGV_098_01101935,2025-01-10 19:52:00,0,B1,BR1
2025-01-10 19:35:00,AGV_120,JOB_AGV_120_01101935,2025-01-10 20:18:00,0,B3,BR3
2025-01-10 19:40:00,AGV_069,JOB_AGV_069_01101940,2025-01-10 19:47:00,0,B7,BR4
2025-01-10 19:40:00,AGV_086,JOB_AGV_086_01101940,2025-01-10 20:16:00,2,B1,BR3
2025-01-10 19:50:00,AGV_081,JOB_AGV_081_01101950,2025-01-10 20:07:00,0,B2,BR1
2025-01-10 19:50:00,AGV_083,JOB_AGV_083_01101950,2025-01-10 19:57:00,0,B8,BR2
2025-01-10 19:55:00,AGV_080,JOB_AGV_080_01101955,2025-01-10 20:18:00,1,B7,BR2
2025-01-10 19:55:00,AGV_122,JOB_AGV_122_01101955,2025-01-10 19:57:00,1,B4,BR1
2025-01-10 20:00:00,AGV_004,JOB_AGV_004_01102000,2025-01-10 20:07:00,0,B6,BR4
2025-01-10 20:00:00,AGV_092,JOB_AGV_092_01102000,2025-01-10 20:10:00,0,B1,BR2
2025-01-10 20:00:00,AGV_124,JOB_AGV_124_01102000,2025-01-10 20:03:00,0,B4,BR3
2025-01-10 20:05:00,AGV_030,JOB_AGV_030_01102005,2025-01-10 21:06:00,1,B8,BR1
2025-01-10 20:05:00,AGV_049,JOB_AGV_049_01102005,2025-01-10 20:17:00,0,B2,BR1
2025-01-10 20:05:00,AGV_097,JOB_AGV_097_01102005,2025-01-10 20:25:00,1,B6,BR2
2025-01-10 20:05:00,AGV_110,JOB_AGV_110_01102005,2025-01-10 20:11:00,0,B5,BR1
2025-01-10 20:10:00,AGV_033,JOB_AGV_033_01102010,2025-01-10 20:46:00,0,B5,BR1
2025-01-10 20:10:00,AGV_046,JOB_AGV_046_01102010,2025-01-10 20:15:00,0,B4,BR2
2025-01-10 20:10:00,AGV_076,JOB_AGV_076_01102010,2025-01-10 20:25:00,1,B2,BR3
2025-01-10 20:10:00,AGV_081,JOB_AGV_081_01102010,2025-01-10 20:19:00,0,B8,BR4
2025-01-10 20:10:00,AGV_091,JOB_AGV_091_01102010,2025-01-10 20:23:00,0,B7,BR1
2025-01-10 20:10:00,AGV_095,JOB_AGV_095_01102010,2025-01-10 22:09:00,0,B8,BR1
2025-01-10 20:10:00,AGV_122,JOB_AGV_122_01102010,2025-01-10 20:45:00,0,B2,BR4
2025-01-10 20:15:00,AGV_057,JOB_AGV_057_01102015,2025-01-10 21:09:00,2,B6,BR4
2025-01-10 20:15:00,AGV_078,JOB_AGV_078_01102015,2025-01-10 20:32:00,1,B1,BR2
2025-01-10 20:15:00,AGV_097,JOB_AGV_097_01102015,2025-01-10 20:20:00,1,B5,BR3
2025-01-10 20:20:00,AGV_046,JOB_AGV_046_01102020,2025-01-10 20:50:00,0,B7,BR1
2025-01-10 20:25:00,AGV_006,JOB_AGV_006_01102025,2025-01-10 20:29:00,1,B6,BR2
2025-01-10 20:25:00,AGV_036,JOB_AGV_036_01102025,2025-01-10 20:31:00,1,B7,BR4
2025-01-10 20:25:00,AGV_042,JOB_AGV_042_01102025,2025-01-10 22:34:00,1,B4,BR2
2025-01-10 20:25:00,AGV_088,JOB_AGV_088_01102025,2025-01-10 21:06:00,2,B2,BR2
2025-01-10 20:25:00,AGV_118,JOB_AGV_118_01102025,2025-01-10 21:44:00,1,B7,BR1
2025-01-10 20:25:00,AGV_125,JOB_AGV_125_01102025,2025-01-10 20:32:00,2,B3,BR3
2025-01-10 20:30:00,AGV_015,JOB_AGV_015_01102030,2025-01-10 20:49:00,1,B5,BR4
2025-01-10 20:30:00,AGV_058,JOB_AGV_058_01102030,2025-01-10 21:36:00,1,B2,BR1
2025-01-10 20:30:00,AGV_060,JOB_AGV_060_01102030,2025-01-10 20:42:00,0,B2,BR4
2025-01-10 20:30:00,AGV_093,JOB_AGV_093_01102030,2025-01-10 21:33:00,0,B2,BR4
2025-01-10 20:35:00,AGV_025,JOB_AGV_025_01102035,2025-01-10 21:12:00,1,B8,BR2
2025-01-10 20:35:00,AGV_026,JOB_AGV_026_01102035,2025-01-10 21:14:00,1,B8,BR2
2025-01-10 20:35:00,AGV_069,JOB_AGV_069_01102035,2025-01-10 20:56:00,1,B7,BR4
2025-01-10 20:40:00,AGV_012,JOB_AGV_012_01102040,2025-01-10 21:00:00,0,B3,BR4
2025-01-10 20:40:00,AGV_054,JOB_AGV_054_01102040,2025-01-10 20:42:00,2,B6,BR2
2025-01-10 20:40:00,AGV_064,JOB_AGV_064_01102040,2025-01-10 20:53:00,2,B6,BR2
2025-01-10 20:45:00,AGV_059,JOB_AGV_059_01102045,2025-01-10 21:28:00,0,B5,BR2
2025-01-10 20:45:00,AGV_061,JOB_AGV_061_01102045,2025-01-10 20:51:00,0,B8,BR4
2025-01-10 20:45:00,AGV_073,JOB_AGV_073_01102045,2025-01-10 20:53:00,1,B8,BR4
2025-01-10 20:45:00,AGV_092,JOB_AGV_092_01102045,2025-01-10 20:49:00,0,B2,BR1
2025-01-10 20:45:00,AGV_127,JOB_AGV_127_01102045,2025-01-10 21:10:00,0,B2,BR3
2025-01-10 20:50:00,AGV_021,JOB_AGV_021_01102050,2025-01-10 21:19:00,1,B8,BR2
2025-01-10 20:50:00,AGV_050,JOB_AGV_050_01102050,2025-01-10 20:59:00,1,B6,BR4
2025-01-10 20:50:00,AGV_060,JOB_AGV_060_01102050,2025-01-10 21:00:00,0,B8,BR1
2025-01-10 20:50:00,AGV_070,JOB_AGV_070_01102050,2025-01-10 21:22:00,2,B5,BR1
2025-01-10 20:50:00,AGV_128,JOB_AGV_128_01102050,2025-01-10 20:59:00,1,B4,BR1
2025-01-10 20:55:00,AGV_010,JOB_AGV_010_01102055,2025-01-10 21:12:00,1,B5,BR2
2025-01-10 20:55:00,AGV_011,JOB_AGV_011_01102055,2025-01-10 21:43:00,0,B5,BR3
2025-01-10 20:55:00,AGV_094,JOB_AGV_094_01102055,2025-01-10 20:56:00,2,B1,BR3
2025-01-10 21:00:00,AGV_040,JOB_AGV_040_01102100,2025-01-10 21:05:00,1,B5,BR3
2025-01-10 21:00:00,AGV_050,JOB_AGV_050_01102100,2025-01-10 21:01:00,0,B2,BR2
2025-01-10 21:00:00,AGV_092,JOB_AGV_092_01102100,2025-01-10 21:09:00,0,B5,BR4
2025-01-10 21:05:00,AGV_023,JOB_AGV_023_01102105,2025-01-10 21:12:00,0,B5,BR4
2025-01-10 21:05:00,AGV_026,JOB_AGV_026_01102105,2025-01-10 22:42:00,0,B8,BR2
2025-01-10 21:10:00,AGV_018,JOB_AGV_018_01102110,2025-01-10 21:33:00,1,B5,BR2
2025-01-10 21:10:00,AGV_040,JOB_AGV_040_01102110,2025-01-10 21:57:00,0,B8,BR2
2025-01-10 21:15:00,AGV_068,JOB_AGV_068_01102115,2025-01-10 21:56:00,1,B8,BR3
2025-01-10 21:15:00,AGV_089,JOB_AGV_089_01102115,2025-01-10 21:37:00,1,B3,BR1
2025-01-10 21:20:00,AGV_006,JOB_AGV_006_01102120,2025-01-10 21:22:00,0,B7,BR3
2025-01-10 21:30:00,AGV_029,JOB_AGV_029_01102130,2025-01-10 22:07:00,2,B7,BR3
2025-01-10 21:30:00,AGV_066,JOB_AGV_066_01102130,2025-01-10 21:31:00,2,B2,BR1
2025-01-10 21:30:00,AGV_071,JOB_AGV_071_01102130,2025-01-10 21:58:00,0,B6,BR2
2025-01-10 21:30:00,AGV_092,JOB_AGV_092_01102130,2025-01-10 21:30:00,1,B8,BR1
2025-01-10 21:35:00,AGV_072,JOB_AGV_072_01102135,2025-01-10 22:00:00,1,B5,BR3
2025-01-10 21:40:00,AGV_006,JOB_AGV_006_01102140,2025-01-10 22:07:00,1,B8,BR3
2025-01-10 21:40:00,AGV_045,JOB_AGV_045_01102140,2025-01-10 21:52:00,1,B2,BR1
2025-01-10 21:40:00,AGV_075,JOB_AGV_075_01102140,2025-01-10 22:29:00,1,B1,BR2
2025-01-10 21:40:00,AGV_100,JOB_AGV_100_01102140,2025-01-10 21:51:00,1,B8,BR2
2025-01-10 21:40:00,AGV_102,JOB_AGV_102_01102140,2025-01-10 22:16:00,1,B2,BR1
2025-01-10 21:45:00,AGV_021,JOB_AGV_021_01102145,2025-01-10 21:49:00,0,B2,BR3
2025-01-10 21:45:00,AGV_052,JOB_AGV_052_01102145,2025-01-10 23:22:00,0,B6,BR4
2025-01-10 21:45:00,AGV_057,JOB_AGV_057_01102145,2025-01-10 21:46:00,2,B8,BR1
2025-01-10 21:45:00,AGV_088,JOB_AGV_088_01102145,2025-01-10 21:49:00,2,B8,BR4
2025-01-10 21:50:00,AGV_112,JOB_AGV_112_01102150,2025-01-10 22:44:00,0,B2,BR2
2025-01-10 21:55:00,AGV_080,JOB_AGV_080_01102155,2025-01-10 22:04:00,0,B6,BR4
2025-01-10 21:55:00,AGV_115,JOB_AGV_115_01102155,2025-01-10 22:11:00,1,B1,BR3
2025-01-10 22:00:00,AGV_048,JOB_AGV_048_01102200,2025-01-10 22:42:00,2,B6,BR3
2025-01-10 22:00:00,AGV_076,JOB_AGV_076_01102200,2025-01-10 22:39:00,0,B7,BR4
2025-01-10 22:00:00,AGV_087,JOB_AGV_087_01102200,2025-01-10 22:28:00,0,B6,BR3
2025-01-10 22:05:00,AGV_009,JOB_AGV_009_01102205,2025-01-10 22:31:00,0,B6,BR3
2025-01-10 22:05:00,AGV_042,JOB_AGV_042_01102205,2025-01-10 22:08:00,1,B5,BR4
2025-01-10 22:10:00,AGV_002,JOB_AGV_002_01102210,2025-01-10 23:26:00,0,B4,BR1
2025-01-10 22:10:00,AGV_033,JOB_AGV_033_01102210,2025-01-10 22:10:00,1,B2,BR2
2025-01-10 22:10:00,AGV_115,JOB_AGV_115_01102210,2025-01-10 22:53:00,0,B6,BR3
2025-01-10 22:15:00,AGV_010,JOB_AGV_010_01102215,2025-01-10 23:23:00,2,B2,BR2
2025-01-10 22:15:00,AGV_113,JOB_AGV_113_01102215,2025-01-11 00:59:00,2,B6,BR1
2025-01-10 22:20:00,AGV_014,JOB_AGV_014_01102220,2025-01-11 03:22:00,2,B7,BR3
2025-01-10 22:20:00,AGV_070,JOB_AGV_070_01102220,2025-01-10 22:37:00,0,B5,BR1
2025-01-10 22:20:00,AGV_090,JOB_AGV_090_01102220,2025-01-10 22:23:00,0,B8,BR3
2025-01-10 22:20:00,AGV_122,JOB_AGV_122_01102220,2025-01-10 22:20:00,0,B8,BR3
2025-01-10 22:25:00,AGV_060,JOB_AGV_060_01102225,2025-01-10 22:42:00,1,B5,BR3
2025-01-10 22:30:00,AGV_016,JOB_AGV_016_01102230,2025-01-10 22:59:00,0,B1,BR3
2025-01-10 22:30:00,AGV_027,JOB_AGV_027_01102230,2025-01-10 22:31:00,2,B4,BR4
2025-01-10 22:30:00,AGV_077,JOB_AGV_077_01102230,2025-01-11 00:16:00,0,B3,BR2
2025-01-10 22:30:00,AGV_096,JOB_AGV_096_01102230,2025-01-11 00:05:00,0,B5,BR2
2025-01-10 22:30:00,AGV_123,JOB_AGV_123_01102230,2025-01-10 22:39:00,0,B8,BR4
2025-01-10 22:35:00,AGV_024,JOB_AGV_024_01102235,2025-01-10 22:42:00,0,B5,BR2
2025-01-10 22:35:00,AGV_083,JOB_AGV_083_01102235,2025-01-10 23:59:00,1,B1,BR1
2025-01-10 22:35:00,AGV_094,JOB_AGV_094_01102235,2025-01-10 23:26:00,0,B5,BR1
2025-01-10 22:35:00,AGV_114,JOB_AGV_114_01102235,2025-01-10 22:48:00,0,B7,BR1
2025-01-10 22:40:00,AGV_009,JOB_AGV_009_01102240,2025-01-10 22:47:00,2,B1,BR3
2025-01-10 22:40:00,AGV_021,JOB_AGV_021_01102240,2025-01-11 02:13:00,0,B3,BR3
2025-01-10 22:40:00,AGV_036,JOB_AGV_036_01102240,2025-01-10 22:52:00,1,B4,BR3
2025-01-10 22:40:00,AGV_087,JOB_AGV_087_01102240,2025-01-10 22:57:00,0,B8,BR4
2025-01-10 22:45:00,AGV_027,JOB_AGV_027_01102245,2025-01-11 00:26:00,0,B8,BR3
2025-01-10 22:45:00,AGV_043,JOB_AGV_043_01102245,2025-01-10 22:53:00,1,B8,BR3
2025-01-10 22:45:00,AGV_068,JOB_AGV_068_01102245,2025-01-10 23:42:00,1,B7,BR4
2025-01-10 22:45:00,AGV_078,JOB_AGV_078_01102245,2025-01-10 22:51:00,1,B2,BR2
2025-01-10 22:45:00,AGV_091,JOB_AGV_091_01102245,2025-01-10 22:51:00,1,B2,BR1
2025-01-10 22:50:00,AGV_008,JOB_AGV_008_01102250,2025-01-10 23:03:00,0,B2,BR2
2025-01-10 22:55:00,AGV_019,JOB_AGV_019_01102255,2025-01-10 23:23:00,1,B2,BR1
2025-01-10 22:55:00,AGV_048,JOB_AGV_048_01102255,2025-01-10 23:08:00,0,B5,BR1
2025-01-10 22:55:00,AGV_085,JOB_AGV_085_01102255,2025-01-10 23:53:00,0,B7,BR3
2025-01-10 22:55:00,AGV_129,JOB_AGV_129_01102255,2025-01-10 22:56:00,0,B4,BR1
2025-01-10 23:00:00,AGV_128,JOB_AGV_128_01102300,2025-01-11 00:08:00,1,B1,BR3
2025-01-10 23:05:00,AGV_016,JOB_AGV_016_01102305,2025-01-10 23:22:00,1,B4,BR4
2025-01-10 23:05:00,AGV_020,JOB_AGV_020_01102305,2025-01-10 23:29:00,1,B3,BR3
2025-01-10 23:05:00,AGV_048,JOB_AGV_048_01102305,2025-01-10 23:50:00,1,B5,BR4
2025-01-10 23:10:00,AGV_053,JOB_AGV_053_01102310,2025-01-10 23:18:00,2,B4,BR4
2025-01-10 23:10:00,AGV_069,JOB_AGV_069_01102310,2025-01-10 23:12:00,0,B2,BR4
2025-01-10 23:15:00,AGV_063,JOB_AGV_063_01102315,2025-01-10 23:26:00,0,B8,BR2
2025-01-10 23:20:00,AGV_071,JOB_AGV_071_01102320,2025-01-10 23:50:00,1,B4,BR3
2025-01-10 23:25:00,AGV_021,JOB_AGV_021_01102325,2025-01-10 23:40:00,0,B8,BR4
2025-01-10 23:25:00,AGV_037,JOB_AGV_037_01102325,2025-01-10 23:40:00,0,B1,BR1
2025-01-10 23:25:00,AGV_110,JOB_AGV_110_01102325,2025-01-10 23:38:00,1,B5,BR2
2025-01-10 23:25:00,AGV_114,JOB_AGV_114_01102325,2025-01-10 23:35:00,1,B1,BR4
2025-01-10 23:30:00,AGV_046,JOB_AGV_046_01102330,2025-01-10 23:50:00,1,B7,BR2
2025-01-10 23:30:00,AGV_054,JOB_AGV_054_01102330,2025-01-10 23:55:00,1,B8,BR4
2025-01-10 23:35:00,AGV_015,JOB_AGV_015_01102335,2025-01-10 23:40:00,2,B7,BR4
2025-01-10 23:35:00,AGV_038,JOB_AGV_038_01102335,2025-01-10 23:36:00,0,B6,BR3
2025-01-10 23:35:00,AGV_047,JOB_AGV_047_01102335,2025-01-11 00:29:00,0,B8,BR2
2025-01-10 23:35:00,AGV_101,JOB_AGV_101_01102335,2025-01-10 23:58:00,1,B2,BR4
2025-01-10 23:35:00,AGV_123,JOB_AGV_123_01102335,2025-01-10 23:37:00,1,B2,BR3
2025-01-10 23:40:00,AGV_012,JOB_AGV_012_01102340,2025-01-11 01:02:00,1,B7,BR4
2025-01-10 23:40:00,AGV_130,JOB_AGV_130_01102340,2025-01-11 00:19:00,1,B5,BR2
2025-01-10 23:45:00,AGV_014,JOB_AGV_014_01102345,2025-01-10 23:49:00,1,B1,BR1
2025-01-10 23:45:00,AGV_020,JOB_AGV_020_01102345,2025-01-11 00:04:00,0,B7,BR3
2025-01-10 23:45:00,AGV_029,JOB_AGV_029_01102345,2025-01-10 23:54:00,1,B8,BR1
2025-01-10 23:50:00,AGV_009,JOB_AGV_009_01102350,2025-01-10 23:59:00,1,B5,BR2
2025-01-10 23:50:00,AGV_022,JOB_AGV_022_01102350,2025-01-11 00:06:00,1,B5,BR3
2025-01-10 23:50:00,AGV_041,JOB_AGV_041_01102350,2025-01-10 23:58:00,1,B8,BR4
2025-01-10 23:50:00,AGV_109,JOB_AGV_109_01102350,2025-01-11 00:12:00,1,B4,BR4
2025-01-10 23:55:00,AGV_014,JOB_AGV_014_01102355,2025-01-11 00:17:00,0,B4,BR3
2025-01-10 23:55:00,AGV_045,JOB_AGV_045_01102355,2025-01-11 00:40:00,2,B5,BR3
