timestamp,pcc_kw
2025-01-01 00:00:00+00:00,1017.5
2025-01-01 00:05:00+00:00,1017.5
2025-01-01 00:10:00+00:00,1017.5
2025-01-01 00:15:00+00:00,3231.0
2025-01-01 00:20:00+00:00,3231.0
2025-01-01 00:25:00+00:00,3231.0
2025-01-01 00:30:00+00:00,2129.3
2025-01-01 00:35:00+00:00,2129.3
2025-01-01 00:40:00+00:00,2129.3
2025-01-01 00:45:00+00:00,2615.9
2025-01-01 00:50:00+00:00,2615.9
2025-01-01 00:55:00+00:00,2615.9
2025-01-01 01:00:00+00:00,4254.0
2025-01-01 01:05:00+00:00,4254.0
2025-01-01 01:10:00+00:00,4254.0
2025-01-01 01:15:00+00:00,5497.9
2025-01-01 01:20:00+00:00,5497.9
2025-01-01 01:25:00+00:00,5497.9
2025-01-01 01:30:00+00:00,4071.2
2025-01-01 01:35:00+00:00,4071.2
2025-01-01 01:40:00+00:00,4071.2
2025-01-01 01:45:00+00:00,4133.5
2025-01-01 01:50:00+00:00,4133.5
2025-01-01 01:55:00+00:00,4133.5
2025-01-01 02:00:00+00:00,6291.3
2025-01-01 02:05:00+00:00,6291.3
2025-01-01 02:10:00+00:00,6291.3
2025-01-01 02:15:00+00:00,4935.6
2025-01-01 02:20:00+00:00,4935.6
2025-01-01 02:25:00+00:00,4935.6
2025-01-01 02:30:00+00:00,4477.4
2025-01-01 02:35:00+00:00,4477.4
2025-01-01 02:40:00+00:00,4477.4
2025-01-01 02:45:00+00:00,5941.3
2025-01-01 02:50:00+00:00,5941.3
2025-01-01 02:55:00+00:00,5941.3
2025-01-01 03:00:00+00:00,4227.7
2025-01-01 03:05:00+00:00,4227.7
2025-01-01 03:10:00+00:00,4227.7
2025-01-01 03:15:00+00:00,4551.5
2025-01-01 03:20:00+00:00,4551.5
2025-01-01 03:25:00+00:00,4551.5
2025-01-01 03:30:00+00:00,5534.7
2025-01-01 03:35:00+00:00,5534.7
2025-01-01 03:40:00+00:00,5534.7
2025-01-01 03:45:00+00:00,3855.9
2025-01-01 03:50:00+00:00,3855.9
2025-01-01 03:55:00+00:00,3855.9
2025-01-01 04:00:00+00:00,3461.1
2025-01-01 04:05:00+00:00,3461.1
2025-01-01 04:10:00+00:00,3461.1
2025-01-01 04:15:00+00:00,3922.6
2025-01-01 04:20:00+00:00,3922.6
2025-01-01 04:25:00+00:00,3922.6
2025-01-01 04:30:00+00:00,3588.1
2025-01-01 04:35:00+00:00,3588.1
2025-01-01 04:40:00+00:00,3588.1
2025-01-01 04:45:00+00:00,3706.0
2025-01-01 04:50:00+00:00,3706.0
2025-01-01 04:55:00+00:00,3706.0
2025-01-01 05:00:00+00:00,2090.3
2025-01-01 05:05:00+00:00,2090.3
2025-01-01 05:10:00+00:00,2090.3
2025-01-01 05:15:00+00:00,1427.9
2025-01-01 05:20:00+00:00,1427.9
2025-01-01 05:25:00+00:00,1427.9
2025-01-01 05:30:00+00:00,2239.5
2025-01-01 05:35:00+00:00,2239.5
2025-01-01 05:40:00+00:00,2239.5
2025-01-01 05:45:00+00:00,1880.8
2025-01-01 05:50:00+00:00,1880.8
2025-01-01 05:55:00+00:00,1880.8
2025-01-01 06:00:00+00:00,2209.1
2025-01-01 06:05:00+00:00,2209.1
2025-01-01 06:10:00+00:00,2209.1
2025-01-01 06:15:00+00:00,2721.9
2025-01-01 06:20:00+00:00,2721.9
2025-01-01 06:25:00+00:00,2721.9
2025-01-01 06:30:00+00:00,2196.5
2025-01-01 06:35:00+00:00,2196.5
2025-01-01 06:40:00+00:00,2196.5
2025-01-01 06:45:00+00:00,2539.8
2025-01-01 06:50:00+00:00,2539.8
2025-01-01 06:55:00+00:00,2539.8
2025-01-01 07:00:00+00:00,2423.5
2025-01-01 07:05:00+00:00,2423.5
2025-01-01 07:10:00+00:00,2423.5
2025-01-01 07:15:00+00:00,1854.7
2025-01-01 07:20:00+00:00,1854.7
2025-01-01 07:25:00+00:00,1854.7
2025-01-01 07:30:00+00:00,2162.7
2025-01-01 07:35:00+00:00,2162.7
2025-01-01 07:40:00+00:00,2162.7
2025-01-01 07:45:00+00:00,1527.7
2025-01-01 07:50:00+00:00,1527.7
2025-01-01 07:55:00+00:00,1527.7
2025-01-01 08:00:00+00:00,2682.2
2025-01-01 08:05:00+00:00,2682.2
2025-01-01 08:10:00+00:00,2682.2
2025-01-01 08:15:00+00:00,2873.8
2025-01-01 08:20:00+00:00,2873.8
2025-01-01 08:25:00+00:00,2873.8
2025-01-01 08:30:00+00:00,2066.5
2025-01-01 08:35:00+00:00,2066.5
2025-01-01 08:40:00+00:00,2066.5
2025-01-01 08:45:00+00:00,1869.0
2025-01-01 08:50:00+00:00,1869.0
2025-01-01 08:55:00+00:00,1869.0
2025-01-01 09:00:00+00:00,2245.1
2025-01-01 09:05:00+00:00,2245.1
2025-01-01 09:10:00+00:00,2245.1
2025-01-01 09:15:00+00:00,3240.8
2025-01-01 09:20:00+00:00,3240.8
2025-01-01 09:25:00+00:00,3240.8
2025-01-01 09:30:00+00:00,1752.2
2025-01-01 09:35:00+00:00,1752.2
2025-01-01 09:40:00+00:00,1752.2
2025-01-01 09:45:00+00:00,1930.4
2025-01-01 09:50:00+00:00,1930.4
2025-01-01 09:55:00+00:00,1930.4
2025-01-01 10:00:00+00:00,1094.2
2025-01-01 10:05:00+00:00,1094.2
2025-01-01 10:10:00+00:00,1094.2
2025-01-01 10:15:00+00:00,2166.8
2025-01-01 10:20:00+00:00,2166.8
2025-01-01 10:25:00+00:00,2166.8
2025-01-01 10:30:00+00:00,4248.5
2025-01-01 10:35:00+00:00,4248.5
2025-01-01 10:40:00+00:00,4248.5
2025-01-01 10:45:00+00:00,975.5
2025-01-01 10:50:00+00:00,975.5
2025-01-01 10:55:00+00:00,975.5
2025-01-01 11:00:00+00:00,1829.1
2025-01-01 11:05:00+00:00,1829.1
2025-01-01 11:10:00+00:00,1829.1
2025-01-01 11:15:00+00:00,2268.0
2025-01-01 11:20:00+00:00,2268.0
2025-01-01 11:25:00+00:00,2268.0
2025-01-01 11:30:00+00:00,1500.1
2025-01-01 11:35:00+00:00,1500.1
2025-01-01 11:40:00+00:00,1500.1
2025-01-01 11:45:00+00:00,3299.2
2025-01-01 11:50:00+00:00,3299.2
2025-01-01 11:55:00+00:00,3299.2
2025-01-01 12:00:00+00:00,1823.5
2025-01-01 12:05:00+00:00,1823.5
2025-01-01 12:10:00+00:00,1823.5
2025-01-01 12:15:00+00:00,2479.2
2025-01-01 12:20:00+00:00,2479.2
2025-01-01 12:25:00+00:00,2479.2
2025-01-01 12:30:00+00:00,2634.3
2025-01-01 12:35:00+00:00,2634.3
2025-01-01 12:40:00+00:00,2634.3
2025-01-01 12:45:00+00:00,2473.6
2025-01-01 12:50:00+00:00,2473.6
2025-01-01 12:55:00+00:00,2473.6
2025-01-01 13:00:00+00:00,1834.7
2025-01-01 13:05:00+00:00,1834.7
2025-01-01 13:10:00+00:00,1834.7
2025-01-01 13:15:00+00:00,2603.4
2025-01-01 13:20:00+00:00,2603.4
2025-01-01 13:25:00+00:00,2603.4
2025-01-01 13:30:00+00:00,2680.2
2025-01-01 13:35:00+00:00,2680.2
2025-01-01 13:40:00+00:00,2680.2
2025-01-01 13:45:00+00:00,1483.2
2025-01-01 13:50:00+00:00,1483.2
2025-01-01 13:55:00+00:00,1483.2
2025-01-01 14:00:00+00:00,1580.9
2025-01-01 14:05:00+00:00,1580.9
2025-01-01 14:10:00+00:00,1580.9
2025-01-01 14:15:00+00:00,3064.3
2025-01-01 14:20:00+00:00,3064.3
2025-01-01 14:25:00+00:00,3064.3
2025-01-01 14:30:00+00:00,1857.2
2025-01-01 14:35:00+00:00,1857.2
2025-01-01 14:40:00+00:00,1857.2
2025-01-01 14:45:00+00:00,2575.1
2025-01-01 14:50:00+00:00,2575.1
2025-01-01 14:55:00+00:00,2575.1
2025-01-01 15:00:00+00:00,1539.6
2025-01-01 15:05:00+00:00,1539.6
2025-01-01 15:10:00+00:00,1539.6
2025-01-01 15:15:00+00:00,3418.8
2025-01-01 15:20:00+00:00,3418.8
2025-01-01 15:25:00+00:00,3418.8
2025-01-01 15:30:00+00:00,1483.0
2025-01-01 15:35:00+00:00,1483.0
2025-01-01 15:40:00+00:00,1483.0
2025-01-01 15:45:00+00:00,2236.7
2025-01-01 15:50:00+00:00,2236.7
2025-01-01 15:55:00+00:00,2236.7
2025-01-01 16:00:00+00:00,3271.8
2025-01-01 16:05:00+00:00,3271.8
2025-01-01 16:10:00+00:00,3271.8
2025-01-01 16:15:00+00:00,1147.7
2025-01-01 16:20:00+00:00,1147.7
2025-01-01 16:25:00+00:00,1147.7
2025-01-01 16:30:00+00:00,2244.9
2025-01-01 16:35:00+00:00,2244.9
2025-01-01 16:40:00+00:00,2244.9
2025-01-01 16:45:00+00:00,2649.8
2025-01-01 16:50:00+00:00,2649.8
2025-01-01 16:55:00+00:00,2649.8
2025-01-01 17:00:00+00:00,1508.0
2025-01-01 17:05:00+00:00,1508.0
2025-01-01 17:10:00+00:00,1508.0
2025-01-01 17:15:00+00:00,2219.7
2025-01-01 17:20:00+00:00,2219.7
2025-01-01 17:25:00+00:00,2219.7
2025-01-01 17:30:00+00:00,1861.9
2025-01-01 17:35:00+00:00,1861.9
2025-01-01 17:40:00+00:00,1861.9
2025-01-01 17:45:00+00:00,2911.1
2025-01-01 17:50:00+00:00,2911.1
2025-01-01 17:55:00+00:00,2911.1
2025-01-01 18:00:00+00:00,1494.2
2025-01-01 18:05:00+00:00,1494.2
2025-01-01 18:10:00+00:00,1494.2
2025-01-01 18:15:00+00:00,2584.3
2025-01-01 18:20:00+00:00,2584.3
2025-01-01 18:25:00+00:00,2584.3
2025-01-01 18:30:00+00:00,2607.6
2025-01-01 18:35:00+00:00,2607.6
2025-01-01 18:40:00+00:00,2607.6
2025-01-01 18:45:00+00:00,1811.2
2025-01-01 18:50:00+00:00,1811.2
2025-01-01 18:55:00+00:00,1811.2
2025-01-01 19:00:00+00:00,2698.2
2025-01-01 19:05:00+00:00,2698.2
2025-01-01 19:10:00+00:00,2698.2
2025-01-01 19:15:00+00:00,1557.7
2025-01-01 19:20:00+00:00,1557.7
2025-01-01 19:25:00+00:00,1557.7
2025-01-01 19:30:00+00:00,1889.8
2025-01-01 19:35:00+00:00,1889.8
2025-01-01 19:40:00+00:00,1889.8
2025-01-01 19:45:00+00:00,2150.0
2025-01-01 19:50:00+00:00,2150.0
2025-01-01 19:55:00+00:00,2150.0
2025-01-01 20:00:00+00:00,2587.7
2025-01-01 20:05:00+00:00,2587.7
2025-01-01 20:10:00+00:00,2587.7
2025-01-01 20:15:00+00:00,2617.0
2025-01-01 20:20:00+00:00,2617.0
2025-01-01 20:25:00+00:00,2617.0
2025-01-01 20:30:00+00:00,2263.4
2025-01-01 20:35:00+00:00,2263.4
2025-01-01 20:40:00+00:00,2263.4
2025-01-01 20:45:00+00:00,2779.0
2025-01-01 20:50:00+00:00,2779.0
2025-01-01 20:55:00+00:00,2779.0
2025-01-01 21:00:00+00:00,1436.4
2025-01-01 21:05:00+00:00,1436.4
2025-01-01 21:10:00+00:00,1436.4
2025-01-01 21:15:00+00:00,1776.5
2025-01-01 21:20:00+00:00,1776.5
2025-01-01 21:25:00+00:00,1776.5
2025-01-01 21:30:00+00:00,1501.3
2025-01-01 21:35:00+00:00,1501.3
2025-01-01 21:40:00+00:00,1501.3
2025-01-01 21:45:00+00:00,1853.3
2025-01-01 21:50:00+00:00,1853.3
2025-01-01 21:55:00+00:00,1853.3
2025-01-01 22:00:00+00:00,2668.0
2025-01-01 22:05:00+00:00,2668.0
2025-01-01 22:10:00+00:00,2668.0
2025-01-01 22:15:00+00:00,2582.7
2025-01-01 22:20:00+00:00,2582.7
2025-01-01 22:25:00+00:00,2582.7
2025-01-01 22:30:00+00:00,2595.2
2025-01-01 22:35:00+00:00,2595.2
2025-01-01 22:40:00+00:00,2595.2
2025-01-01 22:45:00+00:00,1938.9
2025-01-01 22:50:00+00:00,1938.9
2025-01-01 22:55:00+00:00,1938.9
2025-01-01 23:00:00+00:00,3017.6
2025-01-01 23:05:00+00:00,3017.6
2025-01-01 23:10:00+00:00,3017.6
2025-01-01 23:15:00+00:00,1888.3
2025-01-01 23:20:00+00:00,1888.3
2025-01-01 23:25:00+00:00,1888.3
2025-01-01 23:30:00+00:00,2378.4
2025-01-01 23:35:00+00:00,2378.4
2025-01-01 23:40:00+00:00,2378.4
2025-01-01 23:45:00+00:00,2277.0
2025-01-01 23:50:00+00:00,2277.0
2025-01-01 23:55:00+00:00,2277.0
2025-01-02 00:00:00+00:00,3237.0
2025-01-02 00:05:00+00:00,3237.0
2025-01-02 00:10:00+00:00,3237.0
2025-01-02 00:15:00+00:00,3891.2
2025-01-02 00:20:00+00:00,3891.2
2025-01-02 00:25:00+00:00,3891.2
2025-01-02 00:30:00+00:00,2402.9
2025-01-02 00:35:00+00:00,2402.9
2025-01-02 00:40:00+00:00,2402.9
2025-01-02 00:45:00+00:00,3399.9
2025-01-02 00:50:00+00:00,3399.9
2025-01-02 00:55:00+00:00,3399.9
2025-01-02 01:00:00+00:00,5150.6
2025-01-02 01:05:00+00:00,5150.6
2025-01-02 01:10:00+00:00,5150.6
2025-01-02 01:15:00+00:00,4405.1
2025-01-02 01:20:00+00:00,4405.1
2025-01-02 01:25:00+00:00,4405.1
2025-01-02 01:30:00+00:00,3642.2
2025-01-02 01:35:00+00:00,3642.2
2025-01-02 01:40:00+00:00,3642.2
2025-01-02 01:45:00+00:00,5181.0
2025-01-02 01:50:00+00:00,5181.0
2025-01-02 01:55:00+00:00,5181.0
2025-01-02 02:00:00+00:00,4806.2
2025-01-02 02:05:00+00:00,4806.2
2025-01-02 02:10:00+00:00,4806.2
2025-01-02 02:15:00+00:00,5530.9
2025-01-02 02:20:00+00:00,5530.9
2025-01-02 02:25:00+00:00,5530.9
2025-01-02 02:30:00+00:00,5166.3
2025-01-02 02:35:00+00:00,5166.3
2025-01-02 02:40:00+00:00,5166.3
2025-01-02 02:45:00+00:00,5204.6
2025-01-02 02:50:00+00:00,5204.6
2025-01-02 02:55:00+00:00,5204.6
2025-01-02 03:00:00+00:00,4434.4
2025-01-02 03:05:00+00:00,4434.4
2025-01-02 03:10:00+00:00,4434.4
2025-01-02 03:15:00+00:00,4238.3
2025-01-02 03:20:00+00:00,4238.3
2025-01-02 03:25:00+00:00,4238.3
2025-01-02 03:30:00+00:00,5520.9
2025-01-02 03:35:00+00:00,5520.9
2025-01-02 03:40:00+00:00,5520.9
2025-01-02 03:45:00+00:00,4163.5
2025-01-02 03:50:00+00:00,4163.5
2025-01-02 03:55:00+00:00,4163.5
2025-01-02 04:00:00+00:00,2738.9
2025-01-02 04:05:00+00:00,2738.9
2025-01-02 04:10:00+00:00,2738.9
2025-01-02 04:15:00+00:00,3724.6
2025-01-02 04:20:00+00:00,3724.6
2025-01-02 04:25:00+00:00,3724.6
2025-01-02 04:30:00+00:00,3044.9
2025-01-02 04:35:00+00:00,3044.9
2025-01-02 04:40:00+00:00,3044.9
2025-01-02 04:45:00+00:00,3070.0
2025-01-02 04:50:00+00:00,3070.0
2025-01-02 04:55:00+00:00,3070.0
2025-01-02 05:00:00+00:00,2274.5
2025-01-02 05:05:00+00:00,2274.5
2025-01-02 05:10:00+00:00,2274.5
2025-01-02 05:15:00+00:00,1930.3
2025-01-02 05:20:00+00:00,1930.3
2025-01-02 05:25:00+00:00,1930.3
2025-01-02 05:30:00+00:00,2584.5
2025-01-02 05:35:00+00:00,2584.5
2025-01-02 05:40:00+00:00,2584.5
2025-01-02 05:45:00+00:00,1528.0
2025-01-02 05:50:00+00:00,1528.0
2025-01-02 05:55:00+00:00,1528.0
2025-01-02 06:00:00+00:00,2232.4
2025-01-02 06:05:00+00:00,2232.4
2025-01-02 06:10:00+00:00,2232.4
2025-01-02 06:15:00+00:00,3327.4
2025-01-02 06:20:00+00:00,3327.4
2025-01-02 06:25:00+00:00,3327.4
2025-01-02 06:30:00+00:00,2262.0
2025-01-02 06:35:00+00:00,2262.0
2025-01-02 06:40:00+00:00,2262.0
2025-01-02 06:45:00+00:00,1193.9
2025-01-02 06:50:00+00:00,1193.9
2025-01-02 06:55:00+00:00,1193.9
2025-01-02 07:00:00+00:00,2295.9
2025-01-02 07:05:00+00:00,2295.9
2025-01-02 07:10:00+00:00,2295.9
2025-01-02 07:15:00+00:00,2273.1
2025-01-02 07:20:00+00:00,2273.1
2025-01-02 07:25:00+00:00,2273.1
2025-01-02 07:30:00+00:00,2500.9
2025-01-02 07:35:00+00:00,2500.9
2025-01-02 07:40:00+00:00,2500.9
2025-01-02 07:45:00+00:00,1889.6
2025-01-02 07:50:00+00:00,1889.6
2025-01-02 07:55:00+00:00,1889.6
2025-01-02 08:00:00+00:00,2621.4
2025-01-02 08:05:00+00:00,2621.4
2025-01-02 08:10:00+00:00,2621.4
2025-01-02 08:15:00+00:00,1794.6
2025-01-02 08:20:00+00:00,1794.6
2025-01-02 08:25:00+00:00,1794.6
2025-01-02 08:30:00+00:00,1883.0
2025-01-02 08:35:00+00:00,1883.0
2025-01-02 08:40:00+00:00,1883.0
2025-01-02 08:45:00+00:00,2726.8
2025-01-02 08:50:00+00:00,2726.8
2025-01-02 08:55:00+00:00,2726.8
2025-01-02 09:00:00+00:00,3241.6
2025-01-02 09:05:00+00:00,3241.6
2025-01-02 09:10:00+00:00,3241.6
2025-01-02 09:15:00+00:00,1435.2
2025-01-02 09:20:00+00:00,1435.2
2025-01-02 09:25:00+00:00,1435.2
2025-01-02 09:30:00+00:00,1899.3
2025-01-02 09:35:00+00:00,1899.3
2025-01-02 09:40:00+00:00,1899.3
2025-01-02 09:45:00+00:00,2398.7
2025-01-02 09:50:00+00:00,2398.7
2025-01-02 09:55:00+00:00,2398.7
2025-01-02 10:00:00+00:00,3561.5
2025-01-02 10:05:00+00:00,3561.5
2025-01-02 10:10:00+00:00,3561.5
2025-01-02 10:15:00+00:00,2213.0
2025-01-02 10:20:00+00:00,2213.0
2025-01-02 10:25:00+00:00,2213.0
2025-01-02 10:30:00+00:00,1584.3
2025-01-02 10:35:00+00:00,1584.3
2025-01-02 10:40:00+00:00,1584.3
2025-01-02 10:45:00+00:00,1996.3
2025-01-02 10:50:00+00:00,1996.3
2025-01-02 10:55:00+00:00,1996.3
2025-01-02 11:00:00+00:00,2672.5
2025-01-02 11:05:00+00:00,2672.5
2025-01-02 11:10:00+00:00,2672.5
2025-01-02 11:15:00+00:00,1921.5
2025-01-02 11:20:00+00:00,1921.5
2025-01-02 11:25:00+00:00,1921.5
2025-01-02 11:30:00+00:00,2513.5
2025-01-02 11:35:00+00:00,2513.5
2025-01-02 11:40:00+00:00,2513.5
2025-01-02 11:45:00+00:00,3265.4
2025-01-02 11:50:00+00:00,3265.4
2025-01-02 11:55:00+00:00,3265.4
2025-01-02 12:00:00+00:00,1756.5
2025-01-02 12:05:00+00:00,1756.5
2025-01-02 12:10:00+00:00,1756.5
2025-01-02 12:15:00+00:00,1524.2
2025-01-02 12:20:00+00:00,1524.2
2025-01-02 12:25:00+00:00,1524.2
2025-01-02 12:30:00+00:00,2716.7
2025-01-02 12:35:00+00:00,2716.7
2025-01-02 12:40:00+00:00,2716.7
2025-01-02 12:45:00+00:00,3509.7
2025-01-02 12:50:00+00:00,3509.7
2025-01-02 12:55:00+00:00,3509.7
2025-01-02 13:00:00+00:00,3531.5
2025-01-02 13:05:00+00:00,3531.5
2025-01-02 13:10:00+00:00,3531.5
2025-01-02 13:15:00+00:00,1411.2
2025-01-02 13:20:00+00:00,1411.2
2025-01-02 13:25:00+00:00,1411.2
2025-01-02 13:30:00+00:00,1857.6
2025-01-02 13:35:00+00:00,1857.6
2025-01-02 13:40:00+00:00,1857.6
2025-01-02 13:45:00+00:00,2652.1
2025-01-02 13:50:00+00:00,2652.1
2025-01-02 13:55:00+00:00,2652.1
2025-01-02 14:00:00+00:00,1543.2
2025-01-02 14:05:00+00:00,1543.2
2025-01-02 14:10:00+00:00,1543.2
2025-01-02 14:15:00+00:00,2187.8
2025-01-02 14:20:00+00:00,2187.8
2025-01-02 14:25:00+00:00,2187.8
2025-01-02 14:30:00+00:00,1868.5
2025-01-02 14:35:00+00:00,1868.5
2025-01-02 14:40:00+00:00,1868.5
2025-01-02 14:45:00+00:00,1851.0
2025-01-02 14:50:00+00:00,1851.0
2025-01-02 14:55:00+00:00,1851.0
2025-01-02 15:00:00+00:00,3206.5
2025-01-02 15:05:00+00:00,3206.5
2025-01-02 15:10:00+00:00,3206.5
2025-01-02 15:15:00+00:00,2624.1
2025-01-02 15:20:00+00:00,2624.1
2025-01-02 15:25:00+00:00,2624.1
2025-01-02 15:30:00+00:00,1568.8
2025-01-02 15:35:00+00:00,1568.8
2025-01-02 15:40:00+00:00,1568.8
2025-01-02 15:45:00+00:00,2351.2
2025-01-02 15:50:00+00:00,2351.2
2025-01-02 15:55:00+00:00,2351.2
2025-01-02 16:00:00+00:00,2914.4
2025-01-02 16:05:00+00:00,2914.4
2025-01-02 16:10:00+00:00,2914.4
2025-01-02 16:15:00+00:00,1805.7
2025-01-02 16:20:00+00:00,1805.7
2025-01-02 16:25:00+00:00,1805.7
2025-01-02 16:30:00+00:00,1569.3
2025-01-02 16:35:00+00:00,1569.3
2025-01-02 16:40:00+00:00,1569.3
2025-01-02 16:45:00+00:00,2831.8
2025-01-02 16:50:00+00:00,2831.8
2025-01-02 16:55:00+00:00,2831.8
2025-01-02 17:00:00+00:00,2162.7
2025-01-02 17:05:00+00:00,2162.7
2025-01-02 17:10:00+00:00,2162.7
2025-01-02 17:15:00+00:00,1841.6
2025-01-02 17:20:00+00:00,1841.6
2025-01-02 17:25:00+00:00,1841.6
2025-01-02 17:30:00+00:00,2816.2
2025-01-02 17:35:00+00:00,2816.2
2025-01-02 17:40:00+00:00,2816.2
2025-01-02 17:45:00+00:00,2484.6
2025-01-02 17:50:00+00:00,2484.6
2025-01-02 17:55:00+00:00,2484.6
2025-01-02 18:00:00+00:00,1125.7
2025-01-02 18:05:00+00:00,1125.7
2025-01-02 18:10:00+00:00,1125.7
2025-01-02 18:15:00+00:00,2622.2
2025-01-02 18:20:00+00:00,2622.2
2025-01-02 18:25:00+00:00,2622.2
2025-01-02 18:30:00+00:00,2158.5
2025-01-02 18:35:00+00:00,2158.5
2025-01-02 18:40:00+00:00,2158.5
2025-01-02 18:45:00+00:00,3829.2
2025-01-02 18:50:00+00:00,3829.2
2025-01-02 18:55:00+00:00,3829.2
2025-01-02 19:00:00+00:00,1581.4
2025-01-02 19:05:00+00:00,1581.4
2025-01-02 19:10:00+00:00,1581.4
2025-01-02 19:15:00+00:00,1562.7
2025-01-02 19:20:00+00:00,1562.7
2025-01-02 19:25:00+00:00,1562.7
2025-01-02 19:30:00+00:00,3256.6
2025-01-02 19:35:00+00:00,3256.6
2025-01-02 19:40:00+00:00,3256.6
2025-01-02 19:45:00+00:00,2218.5
2025-01-02 19:50:00+00:00,2218.5
2025-01-02 19:55:00+00:00,2218.5
2025-01-02 20:00:00+00:00,2171.4
2025-01-02 20:05:00+00:00,2171.4
2025-01-02 20:10:00+00:00,2171.4
2025-01-02 20:15:00+00:00,2230.8
2025-01-02 20:20:00+00:00,2230.8
2025-01-02 20:25:00+00:00,2230.8
2025-01-02 20:30:00+00:00,2503.5
2025-01-02 20:35:00+00:00,2503.5
2025-01-02 20:40:00+00:00,2503.5
2025-01-02 20:45:00+00:00,1883.3
2025-01-02 20:50:00+00:00,1883.3
2025-01-02 20:55:00+00:00,1883.3
2025-01-02 21:00:00+00:00,2656.7
2025-01-02 21:05:00+00:00,2656.7
2025-01-02 21:10:00+00:00,2656.7
2025-01-02 21:15:00+00:00,1992.4
2025-01-02 21:20:00+00:00,1992.4
2025-01-02 21:25:00+00:00,1992.4
2025-01-02 21:30:00+00:00,2333.4
2025-01-02 21:35:00+00:00,2333.4
2025-01-02 21:40:00+00:00,2333.4
2025-01-02 21:45:00+00:00,1508.1
2025-01-02 21:50:00+00:00,1508.1
2025-01-02 21:55:00+00:00,1508.1
2025-01-02 22:00:00+00:00,3320.4
2025-01-02 22:05:00+00:00,3320.4
2025-01-02 22:10:00+00:00,3320.4
2025-01-02 22:15:00+00:00,2649.1
2025-01-02 22:20:00+00:00,2649.1
2025-01-02 22:25:00+00:00,2649.1
2025-01-02 22:30:00+00:00,1189.4
2025-01-02 22:35:00+00:00,1189.4
2025-01-02 22:40:00+00:00,1189.4
2025-01-02 22:45:00+00:00,2976.9
2025-01-02 22:50:00+00:00,2976.9
2025-01-02 22:55:00+00:00,2976.9
2025-01-02 23:00:00+00:00,2265.9
2025-01-02 23:05:00+00:00,2265.9
2025-01-02 23:10:00+00:00,2265.9
2025-01-02 23:15:00+00:00,1889.3
2025-01-02 23:20:00+00:00,1889.3
2025-01-02 23:25:00+00:00,1889.3
2025-01-02 23:30:00+00:00,1877.4
2025-01-02 23:35:00+00:00,1877.4
2025-01-02 23:40:00+00:00,1877.4
2025-01-02 23:45:00+00:00,2698.7
2025-01-02 23:50:00+00:00,2698.7
2025-01-02 23:55:00+00:00,2698.7
2025-01-03 00:00:00+00:00,3662.3
2025-01-03 00:05:00+00:00,3662.3
2025-01-03 00:10:00+00:00,3662.3
2025-01-03 00:15:00+00:00,2993.9
2025-01-03 00:20:00+00:00,2993.9
2025-01-03 00:25:00+00:00,2993.9
2025-01-03 00:30:00+00:00,3093.4
2025-01-03 00:35:00+00:00,3093.4
2025-01-03 00:40:00+00:00,3093.4
2025-01-03 00:45:00+00:00,3065.2
2025-01-03 00:50:00+00:00,3065.2
2025-01-03 00:55:00+00:00,3065.2
2025-01-03 01:00:00+00:00,4804.8
2025-01-03 01:05:00+00:00,4804.8
2025-01-03 01:10:00+00:00,4804.8
2025-01-03 01:15:00+00:00,5011.8
2025-01-03 01:20:00+00:00,5011.8
2025-01-03 01:25:00+00:00,5011.8
2025-01-03 01:30:00+00:00,4201.9
2025-01-03 01:35:00+00:00,4201.9
2025-01-03 01:40:00+00:00,4201.9
2025-01-03 01:45:00+00:00,5810.4
2025-01-03 01:50:00+00:00,5810.4
2025-01-03 01:55:00+00:00,5810.4
2025-01-03 02:00:00+00:00,4816.9
2025-01-03 02:05:00+00:00,4816.9
2025-01-03 02:10:00+00:00,4816.9
2025-01-03 02:15:00+00:00,4174.5
2025-01-03 02:20:00+00:00,4174.5
2025-01-03 02:25:00+00:00,4174.5
2025-01-03 02:30:00+00:00,5873.0
2025-01-03 02:35:00+00:00,5873.0
2025-01-03 02:40:00+00:00,5873.0
2025-01-03 02:45:00+00:00,5302.2
2025-01-03 02:50:00+00:00,5302.2
2025-01-03 02:55:00+00:00,5302.2
2025-01-03 03:00:00+00:00,3719.7
2025-01-03 03:05:00+00:00,3719.7
2025-01-03 03:10:00+00:00,3719.7
2025-01-03 03:15:00+00:00,4790.7
2025-01-03 03:20:00+00:00,4790.7
2025-01-03 03:25:00+00:00,4790.7
2025-01-03 03:30:00+00:00,4560.3
2025-01-03 03:35:00+00:00,4560.3
2025-01-03 03:40:00+00:00,4560.3
2025-01-03 03:45:00+00:00,6458.6
2025-01-03 03:50:00+00:00,6458.6
2025-01-03 03:55:00+00:00,6458.6
2025-01-03 04:00:00+00:00,3021.8
2025-01-03 04:05:00+00:00,3021.8
2025-01-03 04:10:00+00:00,3021.8
2025-01-03 04:15:00+00:00,4773.5
2025-01-03 04:20:00+00:00,4773.5
2025-01-03 04:25:00+00:00,4773.5
2025-01-03 04:30:00+00:00,2268.4
2025-01-03 04:35:00+00:00,2268.4
2025-01-03 04:40:00+00:00,2268.4
2025-01-03 04:45:00+00:00,1930.1
2025-01-03 04:50:00+00:00,1930.1
2025-01-03 04:55:00+00:00,1930.1
2025-01-03 05:00:00+00:00,2169.0
2025-01-03 05:05:00+00:00,2169.0
2025-01-03 05:10:00+00:00,2169.0
2025-01-03 05:15:00+00:00,2964.5
2025-01-03 05:20:00+00:00,2964.5
2025-01-03 05:25:00+00:00,2964.5
2025-01-03 05:30:00+00:00,3055.8
2025-01-03 05:35:00+00:00,3055.8
2025-01-03 05:40:00+00:00,3055.8
2025-01-03 05:45:00+00:00,1752.4
2025-01-03 05:50:00+00:00,1752.4
2025-01-03 05:55:00+00:00,1752.4
2025-01-03 06:00:00+00:00,3049.6
2025-01-03 06:05:00+00:00,3049.6
2025-01-03 06:10:00+00:00,3049.6
2025-01-03 06:15:00+00:00,1482.3
2025-01-03 06:20:00+00:00,1482.3
2025-01-03 06:25:00+00:00,1482.3
2025-01-03 06:30:00+00:00,1648.4
2025-01-03 06:35:00+00:00,1648.4
2025-01-03 06:40:00+00:00,1648.4
2025-01-03 06:45:00+00:00,2722.7
2025-01-03 06:50:00+00:00,2722.7
2025-01-03 06:55:00+00:00,2722.7
2025-01-03 07:00:00+00:00,2229.9
2025-01-03 07:05:00+00:00,2229.9
2025-01-03 07:10:00+00:00,2229.9
2025-01-03 07:15:00+00:00,1909.1
2025-01-03 07:20:00+00:00,1909.1
2025-01-03 07:25:00+00:00,1909.1
2025-01-03 07:30:00+00:00,2285.2
2025-01-03 07:35:00+00:00,2285.2
2025-01-03 07:40:00+00:00,2285.2
2025-01-03 07:45:00+00:00,2302.4
2025-01-03 07:50:00+00:00,2302.4
2025-01-03 07:55:00+00:00,2302.4
2025-01-03 08:00:00+00:00,2549.3
2025-01-03 08:05:00+00:00,2549.3
2025-01-03 08:10:00+00:00,2549.3
2025-01-03 08:15:00+00:00,2252.4
2025-01-03 08:20:00+00:00,2252.4
2025-01-03 08:25:00+00:00,2252.4
2025-01-03 08:30:00+00:00,2683.1
2025-01-03 08:35:00+00:00,2683.1
2025-01-03 08:40:00+00:00,2683.1
2025-01-03 08:45:00+00:00,2211.7
2025-01-03 08:50:00+00:00,2211.7
2025-01-03 08:55:00+00:00,2211.7
2025-01-03 09:00:00+00:00,1842.8
2025-01-03 09:05:00+00:00,1842.8
2025-01-03 09:10:00+00:00,1842.8
2025-01-03 09:15:00+00:00,2359.2
2025-01-03 09:20:00+00:00,2359.2
2025-01-03 09:25:00+00:00,2359.2
2025-01-03 09:30:00+00:00,2635.2
2025-01-03 09:35:00+00:00,2635.2
2025-01-03 09:40:00+00:00,2635.2
2025-01-03 09:45:00+00:00,1561.9
2025-01-03 09:50:00+00:00,1561.9
2025-01-03 09:55:00+00:00,1561.9
2025-01-03 10:00:00+00:00,1524.4
2025-01-03 10:05:00+00:00,1524.4
2025-01-03 10:10:00+00:00,1524.4
2025-01-03 10:15:00+00:00,4042.5
2025-01-03 10:20:00+00:00,4042.5
2025-01-03 10:25:00+00:00,4042.5
2025-01-03 10:30:00+00:00,1820.3
2025-01-03 10:35:00+00:00,1820.3
2025-01-03 10:40:00+00:00,1820.3
2025-01-03 10:45:00+00:00,2277.4
2025-01-03 10:50:00+00:00,2277.4
2025-01-03 10:55:00+00:00,2277.4
2025-01-03 11:00:00+00:00,1757.4
2025-01-03 11:05:00+00:00,1757.4
2025-01-03 11:10:00+00:00,1757.4
2025-01-03 11:15:00+00:00,1465.5
2025-01-03 11:20:00+00:00,1465.5
2025-01-03 11:25:00+00:00,1465.5
2025-01-03 11:30:00+00:00,1879.1
2025-01-03 11:35:00+00:00,1879.1
2025-01-03 11:40:00+00:00,1879.1
2025-01-03 11:45:00+00:00,3654.1
2025-01-03 11:50:00+00:00,3654.1
2025-01-03 11:55:00+00:00,3654.1
2025-01-03 12:00:00+00:00,1796.7
2025-01-03 12:05:00+00:00,1796.7
2025-01-03 12:10:00+00:00,1796.7
2025-01-03 12:15:00+00:00,1431.6
2025-01-03 12:20:00+00:00,1431.6
2025-01-03 12:25:00+00:00,1431.6
2025-01-03 12:30:00+00:00,2660.9
2025-01-03 12:35:00+00:00,2660.9
2025-01-03 12:40:00+00:00,2660.9
2025-01-03 12:45:00+00:00,1154.3
2025-01-03 12:50:00+00:00,1154.3
2025-01-03 12:55:00+00:00,1154.3
2025-01-03 13:00:00+00:00,2374.6
2025-01-03 13:05:00+00:00,2374.6
2025-01-03 13:10:00+00:00,2374.6
2025-01-03 13:15:00+00:00,2821.1
2025-01-03 13:20:00+00:00,2821.1
2025-01-03 13:25:00+00:00,2821.1
2025-01-03 13:30:00+00:00,2458.1
2025-01-03 13:35:00+00:00,2458.1
2025-01-03 13:40:00+00:00,2458.1
2025-01-03 13:45:00+00:00,1777.1
2025-01-03 13:50:00+00:00,1777.1
2025-01-03 13:55:00+00:00,1777.1
2025-01-03 14:00:00+00:00,1506.1
2025-01-03 14:05:00+00:00,1506.1
2025-01-03 14:10:00+00:00,1506.1
2025-01-03 14:15:00+00:00,2189.8
2025-01-03 14:20:00+00:00,2189.8
2025-01-03 14:25:00+00:00,2189.8
2025-01-03 14:30:00+00:00,1572.1
2025-01-03 14:35:00+00:00,1572.1
2025-01-03 14:40:00+00:00,1572.1
2025-01-03 14:45:00+00:00,3074.3
2025-01-03 14:50:00+00:00,3074.3
2025-01-03 14:55:00+00:00,3074.3
2025-01-03 15:00:00+00:00,2220.7
2025-01-03 15:05:00+00:00,2220.7
2025-01-03 15:10:00+00:00,2220.7
2025-01-03 15:15:00+00:00,1863.7
2025-01-03 15:20:00+00:00,1863.7
2025-01-03 15:25:00+00:00,1863.7
2025-01-03 15:30:00+00:00,1529.9
2025-01-03 15:35:00+00:00,1529.9
2025-01-03 15:40:00+00:00,1529.9
2025-01-03 15:45:00+00:00,2570.1
2025-01-03 15:50:00+00:00,2570.1
2025-01-03 15:55:00+00:00,2570.1
2025-01-03 16:00:00+00:00,1581.1
2025-01-03 16:05:00+00:00,1581.1
2025-01-03 16:10:00+00:00,1581.1
2025-01-03 16:15:00+00:00,2997.4
2025-01-03 16:20:00+00:00,2997.4
2025-01-03 16:25:00+00:00,2997.4
2025-01-03 16:30:00+00:00,2142.8
2025-01-03 16:35:00+00:00,2142.8
2025-01-03 16:40:00+00:00,2142.8
2025-01-03 16:45:00+00:00,1756.4
2025-01-03 16:50:00+00:00,1756.4
2025-01-03 16:55:00+00:00,1756.4
2025-01-03 17:00:00+00:00,1038.8
2025-01-03 17:05:00+00:00,1038.8
2025-01-03 17:10:00+00:00,1038.8
2025-01-03 17:15:00+00:00,1084.8
2025-01-03 17:20:00+00:00,1084.8
2025-01-03 17:25:00+00:00,1084.8
2025-01-03 17:30:00+00:00,2396.5
2025-01-03 17:35:00+00:00,2396.5
2025-01-03 17:40:00+00:00,2396.5
2025-01-03 17:45:00+00:00,2236.1
2025-01-03 17:50:00+00:00,2236.1
2025-01-03 17:55:00+00:00,2236.1
2025-01-03 18:00:00+00:00,2094.1
2025-01-03 18:05:00+00:00,2094.1
2025-01-03 18:10:00+00:00,2094.1
2025-01-03 18:15:00+00:00,2186.8
2025-01-03 18:20:00+00:00,2186.8
2025-01-03 18:25:00+00:00,2186.8
2025-01-03 18:30:00+00:00,1738.2
2025-01-03 18:35:00+00:00,1738.2
2025-01-03 18:40:00+00:00,1738.2
2025-01-03 18:45:00+00:00,1936.7
2025-01-03 18:50:00+00:00,1936.7
2025-01-03 18:55:00+00:00,1936.7
2025-01-03 19:00:00+00:00,2221.5
2025-01-03 19:05:00+00:00,2221.5
2025-01-03 19:10:00+00:00,2221.5
2025-01-03 19:15:00+00:00,1900.7
2025-01-03 19:20:00+00:00,1900.7
2025-01-03 19:25:00+00:00,1900.7
2025-01-03 19:30:00+00:00,1149.7
2025-01-03 19:35:00+00:00,1149.7
2025-01-03 19:40:00+00:00,1149.7
2025-01-03 19:45:00+00:00,1553.2
2025-01-03 19:50:00+00:00,1553.2
2025-01-03 19:55:00+00:00,1553.2
2025-01-03 20:00:00+00:00,2942.9
2025-01-03 20:05:00+00:00,2942.9
2025-01-03 20:10:00+00:00,2942.9
2025-01-03 20:15:00+00:00,2690.4
2025-01-03 20:20:00+00:00,2690.4
2025-01-03 20:25:00+00:00,2690.4
2025-01-03 20:30:00+00:00,1177.2
2025-01-03 20:35:00+00:00,1177.2
2025-01-03 20:40:00+00:00,1177.2
2025-01-03 20:45:00+00:00,2262.7
2025-01-03 20:50:00+00:00,2262.7
2025-01-03 20:55:00+00:00,2262.7
2025-01-03 21:00:00+00:00,2227.5
2025-01-03 21:05:00+00:00,2227.5
2025-01-03 21:10:00+00:00,2227.5
2025-01-03 21:15:00+00:00,2182.7
2025-01-03 21:20:00+00:00,2182.7
2025-01-03 21:25:00+00:00,2182.7
2025-01-03 21:30:00+00:00,1154.9
2025-01-03 21:35:00+00:00,1154.9
2025-01-03 21:40:00+00:00,1154.9
2025-01-03 21:45:00+00:00,1551.5
2025-01-03 21:50:00+00:00,1551.5
2025-01-03 21:55:00+00:00,1551.5
2025-01-03 22:00:00+00:00,1961.2
2025-01-03 22:05:00+00:00,1961.2
2025-01-03 22:10:00+00:00,1961.2
2025-01-03 22:15:00+00:00,2300.7
2025-01-03 22:20:00+00:00,2300.7
2025-01-03 22:25:00+00:00,2300.7
2025-01-03 22:30:00+00:00,2207.1
2025-01-03 22:35:00+00:00,2207.1
2025-01-03 22:40:00+00:00,2207.1
2025-01-03 22:45:00+00:00,1815.4
2025-01-03 22:50:00+00:00,1815.4
2025-01-03 22:55:00+00:00,1815.4
2025-01-03 23:00:00+00:00,1892.8
2025-01-03 23:05:00+00:00,1892.8
2025-01-03 23:10:00+00:00,1892.8
2025-01-03 23:15:00+00:00,2008.8
2025-01-03 23:20:00+00:00,2008.8
2025-01-03 23:25:00+00:00,2008.8
2025-01-03 23:30:00+00:00,1886.7
2025-01-03 23:35:00+00:00,1886.7
2025-01-03 23:40:00+00:00,1886.7
2025-01-03 23:45:00+00:00,2624.0
2025-01-03 23:50:00+00:00,2624.0
2025-01-03 23:55:00+00:00,2624.0
2025-01-04 00:00:00+00:00,2431.0
2025-01-04 00:05:00+00:00,2431.0
2025-01-04 00:10:00+00:00,2431.0
2025-01-04 00:15:00+00:00,1934.1
2025-01-04 00:20:00+00:00,1934.1
2025-01-04 00:25:00+00:00,1934.1
2025-01-04 00:30:00+00:00,3738.0
2025-01-04 00:35:00+00:00,3738.0
2025-01-04 00:40:00+00:00,3738.0
2025-01-04 00:45:00+00:00,3085.0
2025-01-04 00:50:00+00:00,3085.0
2025-01-04 00:55:00+00:00,3085.0
2025-01-04 01:00:00+00:00,4638.7
2025-01-04 01:05:00+00:00,4638.7
2025-01-04 01:10:00+00:00,4638.7
2025-01-04 01:15:00+00:00,3014.4
2025-01-04 01:20:00+00:00,3014.4
2025-01-04 01:25:00+00:00,3014.4
2025-01-04 01:30:00+00:00,4527.1
2025-01-04 01:35:00+00:00,4527.1
2025-01-04 01:40:00+00:00,4527.1
2025-01-04 01:45:00+00:00,3730.1
2025-01-04 01:50:00+00:00,3730.1
2025-01-04 01:55:00+00:00,3730.1
2025-01-04 02:00:00+00:00,4669.3
2025-01-04 02:05:00+00:00,4669.3
2025-01-04 02:10:00+00:00,4669.3
2025-01-04 02:15:00+00:00,4569.5
2025-01-04 02:20:00+00:00,4569.5
2025-01-04 02:25:00+00:00,4569.5
2025-01-04 02:30:00+00:00,4745.7
2025-01-04 02:35:00+00:00,4745.7
2025-01-04 02:40:00+00:00,4745.7
2025-01-04 02:45:00+00:00,4200.6
2025-01-04 02:50:00+00:00,4200.6
2025-01-04 02:55:00+00:00,4200.6
2025-01-04 03:00:00+00:00,5385.9
2025-01-04 03:05:00+00:00,5385.9
2025-01-04 03:10:00+00:00,5385.9
2025-01-04 03:15:00+00:00,3806.1
2025-01-04 03:20:00+00:00,3806.1
2025-01-04 03:25:00+00:00,3806.1
2025-01-04 03:30:00+00:00,3693.7
2025-01-04 03:35:00+00:00,3693.7
2025-01-04 03:40:00+00:00,3693.7
2025-01-04 03:45:00+00:00,4450.7
2025-01-04 03:50:00+00:00,4450.7
2025-01-04 03:55:00+00:00,4450.7
2025-01-04 04:00:00+00:00,1908.6
2025-01-04 04:05:00+00:00,1908.6
2025-01-04 04:10:00+00:00,1908.6
2025-01-04 04:15:00+00:00,1958.1
2025-01-04 04:20:00+00:00,1958.1
2025-01-04 04:25:00+00:00,1958.1
2025-01-04 04:30:00+00:00,4062.5
2025-01-04 04:35:00+00:00,4062.5
2025-01-04 04:40:00+00:00,4062.5
2025-01-04 04:45:00+00:00,2994.1
2025-01-04 04:50:00+00:00,2994.1
2025-01-04 04:55:00+00:00,2994.1
2025-01-04 05:00:00+00:00,1045.1
2025-01-04 05:05:00+00:00,1045.1
2025-01-04 05:10:00+00:00,1045.1
2025-01-04 05:15:00+00:00,1847.5
2025-01-04 05:20:00+00:00,1847.5
2025-01-04 05:25:00+00:00,1847.5
2025-01-04 05:30:00+00:00,1492.4
2025-01-04 05:35:00+00:00,1492.4
2025-01-04 05:40:00+00:00,1492.4
2025-01-04 05:45:00+00:00,1578.0
2025-01-04 05:50:00+00:00,1578.0
2025-01-04 05:55:00+00:00,1578.0
2025-01-04 06:00:00+00:00,3033.0
2025-01-04 06:05:00+00:00,3033.0
2025-01-04 06:10:00+00:00,3033.0
2025-01-04 06:15:00+00:00,2573.9
2025-01-04 06:20:00+00:00,2573.9
2025-01-04 06:25:00+00:00,2573.9
2025-01-04 06:30:00+00:00,1791.3
2025-01-04 06:35:00+00:00,1791.3
2025-01-04 06:40:00+00:00,1791.3
2025-01-04 06:45:00+00:00,1873.3
2025-01-04 06:50:00+00:00,1873.3
2025-01-04 06:55:00+00:00,1873.3
2025-01-04 07:00:00+00:00,3304.5
2025-01-04 07:05:00+00:00,3304.5
2025-01-04 07:10:00+00:00,3304.5
2025-01-04 07:15:00+00:00,1130.3
2025-01-04 07:20:00+00:00,1130.3
2025-01-04 07:25:00+00:00,1130.3
2025-01-04 07:30:00+00:00,2339.8
2025-01-04 07:35:00+00:00,2339.8
2025-01-04 07:40:00+00:00,2339.8
2025-01-04 07:45:00+00:00,1792.0
2025-01-04 07:50:00+00:00,1792.0
2025-01-04 07:55:00+00:00,1792.0
2025-01-04 08:00:00+00:00,1994.8
2025-01-04 08:05:00+00:00,1994.8
2025-01-04 08:10:00+00:00,1994.8
2025-01-04 08:15:00+00:00,1519.8
2025-01-04 08:20:00+00:00,1519.8
2025-01-04 08:25:00+00:00,1519.8
2025-01-04 08:30:00+00:00,3545.7
2025-01-04 08:35:00+00:00,3545.7
2025-01-04 08:40:00+00:00,3545.7
2025-01-04 08:45:00+00:00,1508.1
2025-01-04 08:50:00+00:00,1508.1
2025-01-04 08:55:00+00:00,1508.1
2025-01-04 09:00:00+00:00,1175.6
2025-01-04 09:05:00+00:00,1175.6
2025-01-04 09:10:00+00:00,1175.6
2025-01-04 09:15:00+00:00,2347.9
2025-01-04 09:20:00+00:00,2347.9
2025-01-04 09:25:00+00:00,2347.9
2025-01-04 09:30:00+00:00,2283.6
2025-01-04 09:35:00+00:00,2283.6
2025-01-04 09:40:00+00:00,2283.6
2025-01-04 09:45:00+00:00,2940.5
2025-01-04 09:50:00+00:00,2940.5
2025-01-04 09:55:00+00:00,2940.5
2025-01-04 10:00:00+00:00,2419.1
2025-01-04 10:05:00+00:00,2419.1
2025-01-04 10:10:00+00:00,2419.1
2025-01-04 10:15:00+00:00,1448.8
2025-01-04 10:20:00+00:00,1448.8
2025-01-04 10:25:00+00:00,1448.8
2025-01-04 10:30:00+00:00,2200.1
2025-01-04 10:35:00+00:00,2200.1
2025-01-04 10:40:00+00:00,2200.1
2025-01-04 10:45:00+00:00,2542.0
2025-01-04 10:50:00+00:00,2542.0
2025-01-04 10:55:00+00:00,2542.0
2025-01-04 11:00:00+00:00,1877.1
2025-01-04 11:05:00+00:00,1877.1
2025-01-04 11:10:00+00:00,1877.1
2025-01-04 11:15:00+00:00,1090.5
2025-01-04 11:20:00+00:00,1090.5
2025-01-04 11:25:00+00:00,1090.5
2025-01-04 11:30:00+00:00,1827.9
2025-01-04 11:35:00+00:00,1827.9
2025-01-04 11:40:00+00:00,1827.9
2025-01-04 11:45:00+00:00,1477.2
2025-01-04 11:50:00+00:00,1477.2
2025-01-04 11:55:00+00:00,1477.2
2025-01-04 12:00:00+00:00,1527.0
2025-01-04 12:05:00+00:00,1527.0
2025-01-04 12:10:00+00:00,1527.0
2025-01-04 12:15:00+00:00,3645.3
2025-01-04 12:20:00+00:00,3645.3
2025-01-04 12:25:00+00:00,3645.3
2025-01-04 12:30:00+00:00,1470.2
2025-01-04 12:35:00+00:00,1470.2
2025-01-04 12:40:00+00:00,1470.2
2025-01-04 12:45:00+00:00,2167.5
2025-01-04 12:50:00+00:00,2167.5
2025-01-04 12:55:00+00:00,2167.5
2025-01-04 13:00:00+00:00,2633.7
2025-01-04 13:05:00+00:00,2633.7
2025-01-04 13:10:00+00:00,2633.7
2025-01-04 13:15:00+00:00,2145.8
2025-01-04 13:20:00+00:00,2145.8
2025-01-04 13:25:00+00:00,2145.8
2025-01-04 13:30:00+00:00,1896.3
2025-01-04 13:35:00+00:00,1896.3
2025-01-04 13:40:00+00:00,1896.3
2025-01-04 13:45:00+00:00,1150.0
2025-01-04 13:50:00+00:00,1150.0
2025-01-04 13:55:00+00:00,1150.0
2025-01-04 14:00:00+00:00,1940.0
2025-01-04 14:05:00+00:00,1940.0
2025-01-04 14:10:00+00:00,1940.0
2025-01-04 14:15:00+00:00,2270.6
2025-01-04 14:20:00+00:00,2270.6
2025-01-04 14:25:00+00:00,2270.6
2025-01-04 14:30:00+00:00,2188.2
2025-01-04 14:35:00+00:00,2188.2
2025-01-04 14:40:00+00:00,2188.2
2025-01-04 14:45:00+00:00,1863.1
2025-01-04 14:50:00+00:00,1863.1
2025-01-04 14:55:00+00:00,1863.1
2025-01-04 15:00:00+00:00,2223.1
2025-01-04 15:05:00+00:00,2223.1
2025-01-04 15:10:00+00:00,2223.1
2025-01-04 15:15:00+00:00,1963.5
2025-01-04 15:20:00+00:00,1963.5
2025-01-04 15:25:00+00:00,1963.5
2025-01-04 15:30:00+00:00,2271.2
2025-01-04 15:35:00+00:00,2271.2
2025-01-04 15:40:00+00:00,2271.2
2025-01-04 15:45:00+00:00,3091.7
2025-01-04 15:50:00+00:00,3091.7
2025-01-04 15:55:00+00:00,3091.7
2025-01-04 16:00:00+00:00,1789.3
2025-01-04 16:05:00+00:00,1789.3
2025-01-04 16:10:00+00:00,1789.3
2025-01-04 16:15:00+00:00,1487.6
2025-01-04 16:20:00+00:00,1487.6
2025-01-04 16:25:00+00:00,1487.6
2025-01-04 16:30:00+00:00,1917.7
2025-01-04 16:35:00+00:00,1917.7
2025-01-04 16:40:00+00:00,1917.7
2025-01-04 16:45:00+00:00,2088.4
2025-01-04 16:50:00+00:00,2088.4
2025-01-04 16:55:00+00:00,2088.4
2025-01-04 17:00:00+00:00,1893.7
2025-01-04 17:05:00+00:00,1893.7
2025-01-04 17:10:00+00:00,1893.7
2025-01-04 17:15:00+00:00,1832.8
2025-01-04 17:20:00+00:00,1832.8
2025-01-04 17:25:00+00:00,1832.8
2025-01-04 17:30:00+00:00,1523.2
2025-01-04 17:35:00+00:00,1523.2
2025-01-04 17:40:00+00:00,1523.2
2025-01-04 17:45:00+00:00,1879.0
2025-01-04 17:50:00+00:00,1879.0
2025-01-04 17:55:00+00:00,1879.0
2025-01-04 18:00:00+00:00,2307.4
2025-01-04 18:05:00+00:00,2307.4
2025-01-04 18:10:00+00:00,2307.4
2025-01-04 18:15:00+00:00,2638.3
2025-01-04 18:20:00+00:00,2638.3
2025-01-04 18:25:00+00:00,2638.3
2025-01-04 18:30:00+00:00,1878.6
2025-01-04 18:35:00+00:00,1878.6
2025-01-04 18:40:00+00:00,1878.6
2025-01-04 18:45:00+00:00,1939.9
2025-01-04 18:50:00+00:00,1939.9
2025-01-04 18:55:00+00:00,1939.9
2025-01-04 19:00:00+00:00,2213.2
2025-01-04 19:05:00+00:00,2213.2
2025-01-04 19:10:00+00:00,2213.2
2025-01-04 19:15:00+00:00,1487.5
2025-01-04 19:20:00+00:00,1487.5
2025-01-04 19:25:00+00:00,1487.5
2025-01-04 19:30:00+00:00,2652.5
2025-01-04 19:35:00+00:00,2652.5
2025-01-04 19:40:00+00:00,2652.5
2025-01-04 19:45:00+00:00,2591.9
2025-01-04 19:50:00+00:00,2591.9
2025-01-04 19:55:00+00:00,2591.9
2025-01-04 20:00:00+00:00,1848.7
2025-01-04 20:05:00+00:00,1848.7
2025-01-04 20:10:00+00:00,1848.7
2025-01-04 20:15:00+00:00,1812.1
2025-01-04 20:20:00+00:00,1812.1
2025-01-04 20:25:00+00:00,1812.1
2025-01-04 20:30:00+00:00,1108.4
2025-01-04 20:35:00+00:00,1108.4
2025-01-04 20:40:00+00:00,1108.4
2025-01-04 20:45:00+00:00,2806.9
2025-01-04 20:50:00+00:00,2806.9
2025-01-04 20:55:00+00:00,2806.9
2025-01-04 21:00:00+00:00,1799.9
2025-01-04 21:05:00+00:00,1799.9
2025-01-04 21:10:00+00:00,1799.9
2025-01-04 21:15:00+00:00,2172.6
2025-01-04 21:20:00+00:00,2172.6
2025-01-04 21:25:00+00:00,2172.6
2025-01-04 21:30:00+00:00,1902.9
2025-01-04 21:35:00+00:00,1902.9
2025-01-04 21:40:00+00:00,1902.9
2025-01-04 21:45:00+00:00,2210.2
2025-01-04 21:50:00+00:00,2210.2
2025-01-04 21:55:00+00:00,2210.2
2025-01-04 22:00:00+00:00,1113.2
2025-01-04 22:05:00+00:00,1113.2
2025-01-04 22:10:00+00:00,1113.2
2025-01-04 22:15:00+00:00,2199.7
2025-01-04 22:20:00+00:00,2199.7
2025-01-04 22:25:00+00:00,2199.7
2025-01-04 22:30:00+00:00,2194.5
2025-01-04 22:35:00+00:00,2194.5
2025-01-04 22:40:00+00:00,2194.5
2025-01-04 22:45:00+00:00,1453.6
2025-01-04 22:50:00+00:00,1453.6
2025-01-04 22:55:00+00:00,1453.6
2025-01-04 23:00:00+00:00,1769.1
2025-01-04 23:05:00+00:00,1769.1
2025-01-04 23:10:00+00:00,1769.1
2025-01-04 23:15:00+00:00,2476.3
2025-01-04 23:20:00+00:00,2476.3
2025-01-04 23:25:00+00:00,2476.3
2025-01-04 23:30:00+00:00,2568.2
2025-01-04 23:35:00+00:00,2568.2
2025-01-04 23:40:00+00:00,2568.2
2025-01-04 23:45:00+00:00,1119.3
2025-01-04 23:50:00+00:00,1119.3
2025-01-04 23:55:00+00:00,1119.3
2025-01-05 00:00:00+00:00,2737.4
2025-01-05 00:05:00+00:00,2737.4
2025-01-05 00:10:00+00:00,2737.4
2025-01-05 00:15:00+00:00,2928.2
2025-01-05 00:20:00+00:00,2928.2
2025-01-05 00:25:00+00:00,2928.2
2025-01-05 00:30:00+00:00,3074.5
2025-01-05 00:35:00+00:00,3074.5
2025-01-05 00:40:00+00:00,3074.5
2025-01-05 00:45:00+00:00,1588.3
2025-01-05 00:50:00+00:00,1588.3
2025-01-05 00:55:00+00:00,1588.3
2025-01-05 01:00:00+00:00,4410.0
2025-01-05 01:05:00+00:00,4410.0
2025-01-05 01:10:00+00:00,4410.0
2025-01-05 01:15:00+00:00,4297.3
2025-01-05 01:20:00+00:00,4297.3
2025-01-05 01:25:00+00:00,4297.3
2025-01-05 01:30:00+00:00,3109.6
2025-01-05 01:35:00+00:00,3109.6
2025-01-05 01:40:00+00:00,3109.6
2025-01-05 01:45:00+00:00,2712.2
2025-01-05 01:50:00+00:00,2712.2
2025-01-05 01:55:00+00:00,2712.2
2025-01-05 02:00:00+00:00,6052.9
2025-01-05 02:05:00+00:00,6052.9
2025-01-05 02:10:00+00:00,6052.9
2025-01-05 02:15:00+00:00,3817.8
2025-01-05 02:20:00+00:00,3817.8
2025-01-05 02:25:00+00:00,3817.8
2025-01-05 02:30:00+00:00,5303.3
2025-01-05 02:35:00+00:00,5303.3
2025-01-05 02:40:00+00:00,5303.3
2025-01-05 02:45:00+00:00,5373.8
2025-01-05 02:50:00+00:00,5373.8
2025-01-05 02:55:00+00:00,5373.8
2025-01-05 03:00:00+00:00,3450.8
2025-01-05 03:05:00+00:00,3450.8
2025-01-05 03:10:00+00:00,3450.8
2025-01-05 03:15:00+00:00,4774.2
2025-01-05 03:20:00+00:00,4774.2
2025-01-05 03:25:00+00:00,4774.2
2025-01-05 03:30:00+00:00,4017.2
2025-01-05 03:35:00+00:00,4017.2
2025-01-05 03:40:00+00:00,4017.2
2025-01-05 03:45:00+00:00,3093.8
2025-01-05 03:50:00+00:00,3093.8
2025-01-05 03:55:00+00:00,3093.8
2025-01-05 04:00:00+00:00,3390.5
2025-01-05 04:05:00+00:00,3390.5
2025-01-05 04:10:00+00:00,3390.5
2025-01-05 04:15:00+00:00,3021.7
2025-01-05 04:20:00+00:00,3021.7
2025-01-05 04:25:00+00:00,3021.7
2025-01-05 04:30:00+00:00,2915.0
2025-01-05 04:35:00+00:00,2915.0
2025-01-05 04:40:00+00:00,2915.0
2025-01-05 04:45:00+00:00,2474.1
2025-01-05 04:50:00+00:00,2474.1
2025-01-05 04:55:00+00:00,2474.1
2025-01-05 05:00:00+00:00,1118.0
2025-01-05 05:05:00+00:00,1118.0
2025-01-05 05:10:00+00:00,1118.0
2025-01-05 05:15:00+00:00,1186.4
2025-01-05 05:20:00+00:00,1186.4
2025-01-05 05:25:00+00:00,1186.4
2025-01-05 05:30:00+00:00,2704.5
2025-01-05 05:35:00+00:00,2704.5
2025-01-05 05:40:00+00:00,2704.5
2025-01-05 05:45:00+00:00,2153.0
2025-01-05 05:50:00+00:00,2153.0
2025-01-05 05:55:00+00:00,2153.0
2025-01-05 06:00:00+00:00,1352.3
2025-01-05 06:05:00+00:00,1352.3
2025-01-05 06:10:00+00:00,1352.3
2025-01-05 06:15:00+00:00,2025.0
2025-01-05 06:20:00+00:00,2025.0
2025-01-05 06:25:00+00:00,2025.0
2025-01-05 06:30:00+00:00,1561.8
2025-01-05 06:35:00+00:00,1561.8
2025-01-05 06:40:00+00:00,1561.8
2025-01-05 06:45:00+00:00,2354.0
2025-01-05 06:50:00+00:00,2354.0
2025-01-05 06:55:00+00:00,2354.0
2025-01-05 07:00:00+00:00,1883.3
2025-01-05 07:05:00+00:00,1883.3
2025-01-05 07:10:00+00:00,1883.3
2025-01-05 07:15:00+00:00,2621.2
2025-01-05 07:20:00+00:00,2621.2
2025-01-05 07:25:00+00:00,2621.2
2025-01-05 07:30:00+00:00,2197.1
2025-01-05 07:35:00+00:00,2197.1
2025-01-05 07:40:00+00:00,2197.1
2025-01-05 07:45:00+00:00,1909.0
2025-01-05 07:50:00+00:00,1909.0
2025-01-05 07:55:00+00:00,1909.0
2025-01-05 08:00:00+00:00,1601.0
2025-01-05 08:05:00+00:00,1601.0
2025-01-05 08:10:00+00:00,1601.0
2025-01-05 08:15:00+00:00,1893.3
2025-01-05 08:20:00+00:00,1893.3
2025-01-05 08:25:00+00:00,1893.3
2025-01-05 08:30:00+00:00,1598.3
2025-01-05 08:35:00+00:00,1598.3
2025-01-05 08:40:00+00:00,1598.3
2025-01-05 08:45:00+00:00,3352.9
2025-01-05 08:50:00+00:00,3352.9
2025-01-05 08:55:00+00:00,3352.9
2025-01-05 09:00:00+00:00,2553.0
2025-01-05 09:05:00+00:00,2553.0
2025-01-05 09:10:00+00:00,2553.0
2025-01-05 09:15:00+00:00,1478.5
2025-01-05 09:20:00+00:00,1478.5
2025-01-05 09:25:00+00:00,1478.5
2025-01-05 09:30:00+00:00,1921.1
2025-01-05 09:35:00+00:00,1921.1
2025-01-05 09:40:00+00:00,1921.1
2025-01-05 09:45:00+00:00,1474.6
2025-01-05 09:50:00+00:00,1474.6
2025-01-05 09:55:00+00:00,1474.6
2025-01-05 10:00:00+00:00,1880.1
2025-01-05 10:05:00+00:00,1880.1
2025-01-05 10:10:00+00:00,1880.1
2025-01-05 10:15:00+00:00,1076.9
2025-01-05 10:20:00+00:00,1076.9
2025-01-05 10:25:00+00:00,1076.9
2025-01-05 10:30:00+00:00,2623.3
2025-01-05 10:35:00+00:00,2623.3
2025-01-05 10:40:00+00:00,2623.3
2025-01-05 10:45:00+00:00,1475.1
2025-01-05 10:50:00+00:00,1475.1
2025-01-05 10:55:00+00:00,1475.1
2025-01-05 11:00:00+00:00,2339.5
2025-01-05 11:05:00+00:00,2339.5
2025-01-05 11:10:00+00:00,2339.5
2025-01-05 11:15:00+00:00,2315.0
2025-01-05 11:20:00+00:00,2315.0
2025-01-05 11:25:00+00:00,2315.0
2025-01-05 11:30:00+00:00,2787.1
2025-01-05 11:35:00+00:00,2787.1
2025-01-05 11:40:00+00:00,2787.1
2025-01-05 11:45:00+00:00,984.1
2025-01-05 11:50:00+00:00,984.1
2025-01-05 11:55:00+00:00,984.1
2025-01-05 12:00:00+00:00,1439.1
2025-01-05 12:05:00+00:00,1439.1
2025-01-05 12:10:00+00:00,1439.1
2025-01-05 12:15:00+00:00,1386.0
2025-01-05 12:20:00+00:00,1386.0
2025-01-05 12:25:00+00:00,1386.0
2025-01-05 12:30:00+00:00,2667.9
2025-01-05 12:35:00+00:00,2667.9
2025-01-05 12:40:00+00:00,2667.9
2025-01-05 12:45:00+00:00,1160.9
2025-01-05 12:50:00+00:00,1160.9
2025-01-05 12:55:00+00:00,1160.9
2025-01-05 13:00:00+00:00,1945.7
2025-01-05 13:05:00+00:00,1945.7
2025-01-05 13:10:00+00:00,1945.7
2025-01-05 13:15:00+00:00,1932.9
2025-01-05 13:20:00+00:00,1932.9
2025-01-05 13:25:00+00:00,1932.9
2025-01-05 13:30:00+00:00,1534.9
2025-01-05 13:35:00+00:00,1534.9
2025-01-05 13:40:00+00:00,1534.9
2025-01-05 13:45:00+00:00,2591.8
2025-01-05 13:50:00+00:00,2591.8
2025-01-05 13:55:00+00:00,2591.8
2025-01-05 14:00:00+00:00,2842.9
2025-01-05 14:05:00+00:00,2842.9
2025-01-05 14:10:00+00:00,2842.9
2025-01-05 14:15:00+00:00,1831.2
2025-01-05 14:20:00+00:00,1831.2
2025-01-05 14:25:00+00:00,1831.2
2025-01-05 14:30:00+00:00,1438.3
2025-01-05 14:35:00+00:00,1438.3
2025-01-05 14:40:00+00:00,1438.3
2025-01-05 14:45:00+00:00,1822.8
2025-01-05 14:50:00+00:00,1822.8
2025-01-05 14:55:00+00:00,1822.8
2025-01-05 15:00:00+00:00,2279.3
2025-01-05 15:05:00+00:00,2279.3
2025-01-05 15:10:00+00:00,2279.3
2025-01-05 15:15:00+00:00,1765.5
2025-01-05 15:20:00+00:00,1765.5
2025-01-05 15:25:00+00:00,1765.5
2025-01-05 15:30:00+00:00,1371.4
2025-01-05 15:35:00+00:00,1371.4
2025-01-05 15:40:00+00:00,1371.4
2025-01-05 15:45:00+00:00,2263.4
2025-01-05 15:50:00+00:00,2263.4
2025-01-05 15:55:00+00:00,2263.4
2025-01-05 16:00:00+00:00,1926.1
2025-01-05 16:05:00+00:00,1926.1
2025-01-05 16:10:00+00:00,1926.1
2025-01-05 16:15:00+00:00,2188.4
2025-01-05 16:20:00+00:00,2188.4
2025-01-05 16:25:00+00:00,2188.4
2025-01-05 16:30:00+00:00,1888.7
2025-01-05 16:35:00+00:00,1888.7
2025-01-05 16:40:00+00:00,1888.7
2025-01-05 16:45:00+00:00,2918.7
2025-01-05 16:50:00+00:00,2918.7
2025-01-05 16:55:00+00:00,2918.7
2025-01-05 17:00:00+00:00,1926.7
2025-01-05 17:05:00+00:00,1926.7
2025-01-05 17:10:00+00:00,1926.7
2025-01-05 17:15:00+00:00,2740.0
2025-01-05 17:20:00+00:00,2740.0
2025-01-05 17:25:00+00:00,2740.0
2025-01-05 17:30:00+00:00,2540.6
2025-01-05 17:35:00+00:00,2540.6
2025-01-05 17:40:00+00:00,2540.6
2025-01-05 17:45:00+00:00,2185.9
2025-01-05 17:50:00+00:00,2185.9
2025-01-05 17:55:00+00:00,2185.9
2025-01-05 18:00:00+00:00,2178.7
2025-01-05 18:05:00+00:00,2178.7
2025-01-05 18:10:00+00:00,2178.7
2025-01-05 18:15:00+00:00,2717.1
2025-01-05 18:20:00+00:00,2717.1
2025-01-05 18:25:00+00:00,2717.1
2025-01-05 18:30:00+00:00,1789.6
2025-01-05 18:35:00+00:00,1789.6
2025-01-05 18:40:00+00:00,1789.6
2025-01-05 18:45:00+00:00,1588.1
2025-01-05 18:50:00+00:00,1588.1
2025-01-05 18:55:00+00:00,1588.1
2025-01-05 19:00:00+00:00,2419.1
2025-01-05 19:05:00+00:00,2419.1
2025-01-05 19:10:00+00:00,2419.1
2025-01-05 19:15:00+00:00,4234.8
2025-01-05 19:20:00+00:00,4234.8
2025-01-05 19:25:00+00:00,4234.8
2025-01-05 19:30:00+00:00,2494.5
2025-01-05 19:35:00+00:00,2494.5
2025-01-05 19:40:00+00:00,2494.5
2025-01-05 19:45:00+00:00,1822.7
2025-01-05 19:50:00+00:00,1822.7
2025-01-05 19:55:00+00:00,1822.7
2025-01-05 20:00:00+00:00,1493.0
2025-01-05 20:05:00+00:00,1493.0
2025-01-05 20:10:00+00:00,1493.0
2025-01-05 20:15:00+00:00,2346.3
2025-01-05 20:20:00+00:00,2346.3
2025-01-05 20:25:00+00:00,2346.3
2025-01-05 20:30:00+00:00,1920.9
2025-01-05 20:35:00+00:00,1920.9
2025-01-05 20:40:00+00:00,1920.9
2025-01-05 20:45:00+00:00,3065.6
2025-01-05 20:50:00+00:00,3065.6
2025-01-05 20:55:00+00:00,3065.6
2025-01-05 21:00:00+00:00,1925.4
2025-01-05 21:05:00+00:00,1925.4
2025-01-05 21:10:00+00:00,1925.4
2025-01-05 21:15:00+00:00,2626.1
2025-01-05 21:20:00+00:00,2626.1
2025-01-05 21:25:00+00:00,2626.1
2025-01-05 21:30:00+00:00,2532.3
2025-01-05 21:35:00+00:00,2532.3
2025-01-05 21:40:00+00:00,2532.3
2025-01-05 21:45:00+00:00,2263.1
2025-01-05 21:50:00+00:00,2263.1
2025-01-05 21:55:00+00:00,2263.1
2025-01-05 22:00:00+00:00,3067.0
2025-01-05 22:05:00+00:00,3067.0
2025-01-05 22:10:00+00:00,3067.0
2025-01-05 22:15:00+00:00,1861.5
2025-01-05 22:20:00+00:00,1861.5
2025-01-05 22:25:00+00:00,1861.5
2025-01-05 22:30:00+00:00,2958.6
2025-01-05 22:35:00+00:00,2958.6
2025-01-05 22:40:00+00:00,2958.6
2025-01-05 22:45:00+00:00,2510.0
2025-01-05 22:50:00+00:00,2510.0
2025-01-05 22:55:00+00:00,2510.0
2025-01-05 23:00:00+00:00,1891.3
2025-01-05 23:05:00+00:00,1891.3
2025-01-05 23:10:00+00:00,1891.3
2025-01-05 23:15:00+00:00,2580.2
2025-01-05 23:20:00+00:00,2580.2
2025-01-05 23:25:00+00:00,2580.2
2025-01-05 23:30:00+00:00,2675.0
2025-01-05 23:35:00+00:00,2675.0
2025-01-05 23:40:00+00:00,2675.0
2025-01-05 23:45:00+00:00,1485.6
2025-01-05 23:50:00+00:00,1485.6
2025-01-05 23:55:00+00:00,1485.6
2025-01-06 00:00:00+00:00,4718.5
2025-01-06 00:05:00+00:00,4718.5
2025-01-06 00:10:00+00:00,4718.5
2025-01-06 00:15:00+00:00,2357.1
2025-01-06 00:20:00+00:00,2357.1
2025-01-06 00:25:00+00:00,2357.1
2025-01-06 00:30:00+00:00,2385.2
2025-01-06 00:35:00+00:00,2385.2
2025-01-06 00:40:00+00:00,2385.2
2025-01-06 00:45:00+00:00,3687.7
2025-01-06 00:50:00+00:00,3687.7
2025-01-06 00:55:00+00:00,3687.7
2025-01-06 01:00:00+00:00,4417.6
2025-01-06 01:05:00+00:00,4417.6
2025-01-06 01:10:00+00:00,4417.6
2025-01-06 01:15:00+00:00,4208.8
2025-01-06 01:20:00+00:00,4208.8
2025-01-06 01:25:00+00:00,4208.8
2025-01-06 01:30:00+00:00,4782.6
2025-01-06 01:35:00+00:00,4782.6
2025-01-06 01:40:00+00:00,4782.6
2025-01-06 01:45:00+00:00,3355.2
2025-01-06 01:50:00+00:00,3355.2
2025-01-06 01:55:00+00:00,3355.2
2025-01-06 02:00:00+00:00,5459.6
2025-01-06 02:05:00+00:00,5459.6
2025-01-06 02:10:00+00:00,5459.6
2025-01-06 02:15:00+00:00,4724.6
2025-01-06 02:20:00+00:00,4724.6
2025-01-06 02:25:00+00:00,4724.6
2025-01-06 02:30:00+00:00,5108.2
2025-01-06 02:35:00+00:00,5108.2
2025-01-06 02:40:00+00:00,5108.2
2025-01-06 02:45:00+00:00,5194.4
2025-01-06 02:50:00+00:00,5194.4
2025-01-06 02:55:00+00:00,5194.4
2025-01-06 03:00:00+00:00,4740.3
2025-01-06 03:05:00+00:00,4740.3
2025-01-06 03:10:00+00:00,4740.3
2025-01-06 03:15:00+00:00,4158.6
2025-01-06 03:20:00+00:00,4158.6
2025-01-06 03:25:00+00:00,4158.6
2025-01-06 03:30:00+00:00,5068.2
2025-01-06 03:35:00+00:00,5068.2
2025-01-06 03:40:00+00:00,5068.2
2025-01-06 03:45:00+00:00,4752.3
2025-01-06 03:50:00+00:00,4752.3
2025-01-06 03:55:00+00:00,4752.3
2025-01-06 04:00:00+00:00,3364.2
2025-01-06 04:05:00+00:00,3364.2
2025-01-06 04:10:00+00:00,3364.2
2025-01-06 04:15:00+00:00,3202.0
2025-01-06 04:20:00+00:00,3202.0
2025-01-06 04:25:00+00:00,3202.0
2025-01-06 04:30:00+00:00,2982.7
2025-01-06 04:35:00+00:00,2982.7
2025-01-06 04:40:00+00:00,2982.7
2025-01-06 04:45:00+00:00,4401.1
2025-01-06 04:50:00+00:00,4401.1
2025-01-06 04:55:00+00:00,4401.1
2025-01-06 05:00:00+00:00,2164.2
2025-01-06 05:05:00+00:00,2164.2
2025-01-06 05:10:00+00:00,2164.2
2025-01-06 05:15:00+00:00,1348.3
2025-01-06 05:20:00+00:00,1348.3
2025-01-06 05:25:00+00:00,1348.3
2025-01-06 05:30:00+00:00,2525.9
2025-01-06 05:35:00+00:00,2525.9
2025-01-06 05:40:00+00:00,2525.9
2025-01-06 05:45:00+00:00,1478.9
2025-01-06 05:50:00+00:00,1478.9
2025-01-06 05:55:00+00:00,1478.9
2025-01-06 06:00:00+00:00,1917.9
2025-01-06 06:05:00+00:00,1917.9
2025-01-06 06:10:00+00:00,1917.9
2025-01-06 06:15:00+00:00,2355.6
2025-01-06 06:20:00+00:00,2355.6
2025-01-06 06:25:00+00:00,2355.6
2025-01-06 06:30:00+00:00,2643.9
2025-01-06 06:35:00+00:00,2643.9
2025-01-06 06:40:00+00:00,2643.9
2025-01-06 06:45:00+00:00,2068.3
2025-01-06 06:50:00+00:00,2068.3
2025-01-06 06:55:00+00:00,2068.3
2025-01-06 07:00:00+00:00,1767.0
2025-01-06 07:05:00+00:00,1767.0
2025-01-06 07:10:00+00:00,1767.0
2025-01-06 07:15:00+00:00,2824.6
2025-01-06 07:20:00+00:00,2824.6
2025-01-06 07:25:00+00:00,2824.6
2025-01-06 07:30:00+00:00,1396.2
2025-01-06 07:35:00+00:00,1396.2
2025-01-06 07:40:00+00:00,1396.2
2025-01-06 07:45:00+00:00,1514.5
2025-01-06 07:50:00+00:00,1514.5
2025-01-06 07:55:00+00:00,1514.5
2025-01-06 08:00:00+00:00,2659.6
2025-01-06 08:05:00+00:00,2659.6
2025-01-06 08:10:00+00:00,2659.6
2025-01-06 08:15:00+00:00,2656.4
2025-01-06 08:20:00+00:00,2656.4
2025-01-06 08:25:00+00:00,2656.4
2025-01-06 08:30:00+00:00,1901.4
2025-01-06 08:35:00+00:00,1901.4
2025-01-06 08:40:00+00:00,1901.4
2025-01-06 08:45:00+00:00,1873.1
2025-01-06 08:50:00+00:00,1873.1
2025-01-06 08:55:00+00:00,1873.1
2025-01-06 09:00:00+00:00,3308.7
2025-01-06 09:05:00+00:00,3308.7
2025-01-06 09:10:00+00:00,3308.7
2025-01-06 09:15:00+00:00,1885.7
2025-01-06 09:20:00+00:00,1885.7
2025-01-06 09:25:00+00:00,1885.7
2025-01-06 09:30:00+00:00,1476.5
2025-01-06 09:35:00+00:00,1476.5
2025-01-06 09:40:00+00:00,1476.5
2025-01-06 09:45:00+00:00,3654.6
2025-01-06 09:50:00+00:00,3654.6
2025-01-06 09:55:00+00:00,3654.6
2025-01-06 10:00:00+00:00,1122.9
2025-01-06 10:05:00+00:00,1122.9
2025-01-06 10:10:00+00:00,1122.9
2025-01-06 10:15:00+00:00,2323.7
2025-01-06 10:20:00+00:00,2323.7
2025-01-06 10:25:00+00:00,2323.7
2025-01-06 10:30:00+00:00,2200.9
2025-01-06 10:35:00+00:00,2200.9
2025-01-06 10:40:00+00:00,2200.9
2025-01-06 10:45:00+00:00,1855.4
2025-01-06 10:50:00+00:00,1855.4
2025-01-06 10:55:00+00:00,1855.4
2025-01-06 11:00:00+00:00,2740.9
2025-01-06 11:05:00+00:00,2740.9
2025-01-06 11:10:00+00:00,2740.9
2025-01-06 11:15:00+00:00,2162.9
2025-01-06 11:20:00+00:00,2162.9
2025-01-06 11:25:00+00:00,2162.9
2025-01-06 11:30:00+00:00,2798.8
2025-01-06 11:35:00+00:00,2798.8
2025-01-06 11:40:00+00:00,2798.8
2025-01-06 11:45:00+00:00,1778.8
2025-01-06 11:50:00+00:00,1778.8
2025-01-06 11:55:00+00:00,1778.8
2025-01-06 12:00:00+00:00,1109.2
2025-01-06 12:05:00+00:00,1109.2
2025-01-06 12:10:00+00:00,1109.2
2025-01-06 12:15:00+00:00,3050.2
2025-01-06 12:20:00+00:00,3050.2
2025-01-06 12:25:00+00:00,3050.2
2025-01-06 12:30:00+00:00,2271.4
2025-01-06 12:35:00+00:00,2271.4
2025-01-06 12:40:00+00:00,2271.4
2025-01-06 12:45:00+00:00,2296.9
2025-01-06 12:50:00+00:00,2296.9
2025-01-06 12:55:00+00:00,2296.9
2025-01-06 13:00:00+00:00,2845.2
2025-01-06 13:05:00+00:00,2845.2
2025-01-06 13:10:00+00:00,2845.2
2025-01-06 13:15:00+00:00,2214.9
2025-01-06 13:20:00+00:00,2214.9
2025-01-06 13:25:00+00:00,2214.9
2025-01-06 13:30:00+00:00,1929.8
2025-01-06 13:35:00+00:00,1929.8
2025-01-06 13:40:00+00:00,1929.8
2025-01-06 13:45:00+00:00,1994.1
2025-01-06 13:50:00+00:00,1994.1
2025-01-06 13:55:00+00:00,1994.1
2025-01-06 14:00:00+00:00,2225.7
2025-01-06 14:05:00+00:00,2225.7
2025-01-06 14:10:00+00:00,2225.7
2025-01-06 14:15:00+00:00,2256.5
2025-01-06 14:20:00+00:00,2256.5
2025-01-06 14:25:00+00:00,2256.5
2025-01-06 14:30:00+00:00,2787.7
2025-01-06 14:35:00+00:00,2787.7
2025-01-06 14:40:00+00:00,2787.7
2025-01-06 14:45:00+00:00,1826.7
2025-01-06 14:50:00+00:00,1826.7
2025-01-06 14:55:00+00:00,1826.7
2025-01-06 15:00:00+00:00,2275.2
2025-01-06 15:05:00+00:00,2275.2
2025-01-06 15:10:00+00:00,2275.2
2025-01-06 15:15:00+00:00,1872.8
2025-01-06 15:20:00+00:00,1872.8
2025-01-06 15:25:00+00:00,1872.8
2025-01-06 15:30:00+00:00,1917.3
2025-01-06 15:35:00+00:00,1917.3
2025-01-06 15:40:00+00:00,1917.3
2025-01-06 15:45:00+00:00,3937.9
2025-01-06 15:50:00+00:00,3937.9
2025-01-06 15:55:00+00:00,3937.9
2025-01-06 16:00:00+00:00,1864.3
2025-01-06 16:05:00+00:00,1864.3
2025-01-06 16:10:00+00:00,1864.3
2025-01-06 16:15:00+00:00,2404.3
2025-01-06 16:20:00+00:00,2404.3
2025-01-06 16:25:00+00:00,2404.3
2025-01-06 16:30:00+00:00,1409.3
2025-01-06 16:35:00+00:00,1409.3
2025-01-06 16:40:00+00:00,1409.3
2025-01-06 16:45:00+00:00,2610.1
2025-01-06 16:50:00+00:00,2610.1
2025-01-06 16:55:00+00:00,2610.1
2025-01-06 17:00:00+00:00,1089.7
2025-01-06 17:05:00+00:00,1089.7
2025-01-06 17:10:00+00:00,1089.7
2025-01-06 17:15:00+00:00,2585.7
2025-01-06 17:20:00+00:00,2585.7
2025-01-06 17:25:00+00:00,2585.7
2025-01-06 17:30:00+00:00,2836.6
2025-01-06 17:35:00+00:00,2836.6
2025-01-06 17:40:00+00:00,2836.6
2025-01-06 17:45:00+00:00,1868.4
2025-01-06 17:50:00+00:00,1868.4
2025-01-06 17:55:00+00:00,1868.4
2025-01-06 18:00:00+00:00,2189.9
2025-01-06 18:05:00+00:00,2189.9
2025-01-06 18:10:00+00:00,2189.9
2025-01-06 18:15:00+00:00,2583.5
2025-01-06 18:20:00+00:00,2583.5
2025-01-06 18:25:00+00:00,2583.5
2025-01-06 18:30:00+00:00,1847.8
2025-01-06 18:35:00+00:00,1847.8
2025-01-06 18:40:00+00:00,1847.8
2025-01-06 18:45:00+00:00,2024.7
2025-01-06 18:50:00+00:00,2024.7
2025-01-06 18:55:00+00:00,2024.7
2025-01-06 19:00:00+00:00,2435.5
2025-01-06 19:05:00+00:00,2435.5
2025-01-06 19:10:00+00:00,2435.5
2025-01-06 19:15:00+00:00,2199.0
2025-01-06 19:20:00+00:00,2199.0
2025-01-06 19:25:00+00:00,2199.0
2025-01-06 19:30:00+00:00,1880.9
2025-01-06 19:35:00+00:00,1880.9
2025-01-06 19:40:00+00:00,1880.9
2025-01-06 19:45:00+00:00,2907.8
2025-01-06 19:50:00+00:00,2907.8
2025-01-06 19:55:00+00:00,2907.8
2025-01-06 20:00:00+00:00,2562.3
2025-01-06 20:05:00+00:00,2562.3
2025-01-06 20:10:00+00:00,2562.3
2025-01-06 20:15:00+00:00,1823.4
2025-01-06 20:20:00+00:00,1823.4
2025-01-06 20:25:00+00:00,1823.4
2025-01-06 20:30:00+00:00,1537.5
2025-01-06 20:35:00+00:00,1537.5
2025-01-06 20:40:00+00:00,1537.5
2025-01-06 20:45:00+00:00,1808.7
2025-01-06 20:50:00+00:00,1808.7
2025-01-06 20:55:00+00:00,1808.7
2025-01-06 21:00:00+00:00,3371.9
2025-01-06 21:05:00+00:00,3371.9
2025-01-06 21:10:00+00:00,3371.9
2025-01-06 21:15:00+00:00,1851.6
2025-01-06 21:20:00+00:00,1851.6
2025-01-06 21:25:00+00:00,1851.6
2025-01-06 21:30:00+00:00,1845.9
2025-01-06 21:35:00+00:00,1845.9
2025-01-06 21:40:00+00:00,1845.9
2025-01-06 21:45:00+00:00,2265.1
2025-01-06 21:50:00+00:00,2265.1
2025-01-06 21:55:00+00:00,2265.1
2025-01-06 22:00:00+00:00,1220.8
2025-01-06 22:05:00+00:00,1220.8
2025-01-06 22:10:00+00:00,1220.8
2025-01-06 22:15:00+00:00,2943.1
2025-01-06 22:20:00+00:00,2943.1
2025-01-06 22:25:00+00:00,2943.1
2025-01-06 22:30:00+00:00,3015.2
2025-01-06 22:35:00+00:00,3015.2
2025-01-06 22:40:00+00:00,3015.2
2025-01-06 22:45:00+00:00,2181.3
2025-01-06 22:50:00+00:00,2181.3
2025-01-06 22:55:00+00:00,2181.3
2025-01-06 23:00:00+00:00,2950.8
2025-01-06 23:05:00+00:00,2950.8
2025-01-06 23:10:00+00:00,2950.8
2025-01-06 23:15:00+00:00,1811.0
2025-01-06 23:20:00+00:00,1811.0
2025-01-06 23:25:00+00:00,1811.0
2025-01-06 23:30:00+00:00,1676.4
2025-01-06 23:35:00+00:00,1676.4
2025-01-06 23:40:00+00:00,1676.4
2025-01-06 23:45:00+00:00,2666.0
2025-01-06 23:50:00+00:00,2666.0
2025-01-06 23:55:00+00:00,2666.0
2025-01-07 00:00:00+00:00,2274.0
2025-01-07 00:05:00+00:00,2274.0
2025-01-07 00:10:00+00:00,2274.0
2025-01-07 00:15:00+00:00,3974.4
2025-01-07 00:20:00+00:00,3974.4
2025-01-07 00:25:00+00:00,3974.4
2025-01-07 00:30:00+00:00,2274.1
2025-01-07 00:35:00+00:00,2274.1
2025-01-07 00:40:00+00:00,2274.1
2025-01-07 00:45:00+00:00,2962.3
2025-01-07 00:50:00+00:00,2962.3
2025-01-07 00:55:00+00:00,2962.3
2025-01-07 01:00:00+00:00,4968.8
2025-01-07 01:05:00+00:00,4968.8
2025-01-07 01:10:00+00:00,4968.8
2025-01-07 01:15:00+00:00,6141.9
2025-01-07 01:20:00+00:00,6141.9
2025-01-07 01:25:00+00:00,6141.9
2025-01-07 01:30:00+00:00,3230.5
2025-01-07 01:35:00+00:00,3230.5
2025-01-07 01:40:00+00:00,3230.5
2025-01-07 01:45:00+00:00,5398.7
2025-01-07 01:50:00+00:00,5398.7
2025-01-07 01:55:00+00:00,5398.7
2025-01-07 02:00:00+00:00,4976.6
2025-01-07 02:05:00+00:00,4976.6
2025-01-07 02:10:00+00:00,4976.6
2025-01-07 02:15:00+00:00,4970.9
2025-01-07 02:20:00+00:00,4970.9
2025-01-07 02:25:00+00:00,4970.9
2025-01-07 02:30:00+00:00,5666.9
2025-01-07 02:35:00+00:00,5666.9
2025-01-07 02:40:00+00:00,5666.9
2025-01-07 02:45:00+00:00,4922.6
2025-01-07 02:50:00+00:00,4922.6
2025-01-07 02:55:00+00:00,4922.6
2025-01-07 03:00:00+00:00,5485.8
2025-01-07 03:05:00+00:00,5485.8
2025-01-07 03:10:00+00:00,5485.8
2025-01-07 03:15:00+00:00,4234.2
2025-01-07 03:20:00+00:00,4234.2
2025-01-07 03:25:00+00:00,4234.2
2025-01-07 03:30:00+00:00,4696.2
2025-01-07 03:35:00+00:00,4696.2
2025-01-07 03:40:00+00:00,4696.2
2025-01-07 03:45:00+00:00,4826.3
2025-01-07 03:50:00+00:00,4826.3
2025-01-07 03:55:00+00:00,4826.3
2025-01-07 04:00:00+00:00,3442.2
2025-01-07 04:05:00+00:00,3442.2
2025-01-07 04:10:00+00:00,3442.2
2025-01-07 04:15:00+00:00,3224.0
2025-01-07 04:20:00+00:00,3224.0
2025-01-07 04:25:00+00:00,3224.0
2025-01-07 04:30:00+00:00,1954.3
2025-01-07 04:35:00+00:00,1954.3
2025-01-07 04:40:00+00:00,1954.3
2025-01-07 04:45:00+00:00,2938.6
2025-01-07 04:50:00+00:00,2938.6
2025-01-07 04:55:00+00:00,2938.6
2025-01-07 05:00:00+00:00,2323.1
2025-01-07 05:05:00+00:00,2323.1
2025-01-07 05:10:00+00:00,2323.1
2025-01-07 05:15:00+00:00,1949.7
2025-01-07 05:20:00+00:00,1949.7
2025-01-07 05:25:00+00:00,1949.7
2025-01-07 05:30:00+00:00,2480.9
2025-01-07 05:35:00+00:00,2480.9
2025-01-07 05:40:00+00:00,2480.9
2025-01-07 05:45:00+00:00,2287.4
2025-01-07 05:50:00+00:00,2287.4
2025-01-07 05:55:00+00:00,2287.4
2025-01-07 06:00:00+00:00,1572.7
2025-01-07 06:05:00+00:00,1572.7
2025-01-07 06:10:00+00:00,1572.7
2025-01-07 06:15:00+00:00,3390.0
2025-01-07 06:20:00+00:00,3390.0
2025-01-07 06:25:00+00:00,3390.0
2025-01-07 06:30:00+00:00,1984.2
2025-01-07 06:35:00+00:00,1984.2
2025-01-07 06:40:00+00:00,1984.2
2025-01-07 06:45:00+00:00,1962.8
2025-01-07 06:50:00+00:00,1962.8
2025-01-07 06:55:00+00:00,1962.8
2025-01-07 07:00:00+00:00,3177.3
2025-01-07 07:05:00+00:00,3177.3
2025-01-07 07:10:00+00:00,3177.3
2025-01-07 07:15:00+00:00,2220.6
2025-01-07 07:20:00+00:00,2220.6
2025-01-07 07:25:00+00:00,2220.6
2025-01-07 07:30:00+00:00,2258.7
2025-01-07 07:35:00+00:00,2258.7
2025-01-07 07:40:00+00:00,2258.7
2025-01-07 07:45:00+00:00,1633.4
2025-01-07 07:50:00+00:00,1633.4
2025-01-07 07:55:00+00:00,1633.4
2025-01-07 08:00:00+00:00,2826.3
2025-01-07 08:05:00+00:00,2826.3
2025-01-07 08:10:00+00:00,2826.3
2025-01-07 08:15:00+00:00,3058.0
2025-01-07 08:20:00+00:00,3058.0
2025-01-07 08:25:00+00:00,3058.0
2025-01-07 08:30:00+00:00,1455.8
2025-01-07 08:35:00+00:00,1455.8
2025-01-07 08:40:00+00:00,1455.8
2025-01-07 08:45:00+00:00,2220.8
2025-01-07 08:50:00+00:00,2220.8
2025-01-07 08:55:00+00:00,2220.8
2025-01-07 09:00:00+00:00,1860.5
2025-01-07 09:05:00+00:00,1860.5
2025-01-07 09:10:00+00:00,1860.5
2025-01-07 09:15:00+00:00,2363.5
2025-01-07 09:20:00+00:00,2363.5
2025-01-07 09:25:00+00:00,2363.5
2025-01-07 09:30:00+00:00,1495.6
2025-01-07 09:35:00+00:00,1495.6
2025-01-07 09:40:00+00:00,1495.6
2025-01-07 09:45:00+00:00,2723.8
2025-01-07 09:50:00+00:00,2723.8
2025-01-07 09:55:00+00:00,2723.8
2025-01-07 10:00:00+00:00,2572.8
2025-01-07 10:05:00+00:00,2572.8
2025-01-07 10:10:00+00:00,2572.8
2025-01-07 10:15:00+00:00,1870.7
2025-01-07 10:20:00+00:00,1870.7
2025-01-07 10:25:00+00:00,1870.7
2025-01-07 10:30:00+00:00,1223.9
2025-01-07 10:35:00+00:00,1223.9
2025-01-07 10:40:00+00:00,1223.9
2025-01-07 10:45:00+00:00,2339.6
2025-01-07 10:50:00+00:00,2339.6
2025-01-07 10:55:00+00:00,2339.6
2025-01-07 11:00:00+00:00,2995.5
2025-01-07 11:05:00+00:00,2995.5
2025-01-07 11:10:00+00:00,2995.5
2025-01-07 11:15:00+00:00,2179.2
2025-01-07 11:20:00+00:00,2179.2
2025-01-07 11:25:00+00:00,2179.2
2025-01-07 11:30:00+00:00,1816.3
2025-01-07 11:35:00+00:00,1816.3
2025-01-07 11:40:00+00:00,1816.3
2025-01-07 11:45:00+00:00,2186.4
2025-01-07 11:50:00+00:00,2186.4
2025-01-07 11:55:00+00:00,2186.4
2025-01-07 12:00:00+00:00,1890.1
2025-01-07 12:05:00+00:00,1890.1
2025-01-07 12:10:00+00:00,1890.1
2025-01-07 12:15:00+00:00,2689.1
2025-01-07 12:20:00+00:00,2689.1
2025-01-07 12:25:00+00:00,2689.1
2025-01-07 12:30:00+00:00,2674.9
2025-01-07 12:35:00+00:00,2674.9
2025-01-07 12:40:00+00:00,2674.9
2025-01-07 12:45:00+00:00,3171.1
2025-01-07 12:50:00+00:00,3171.1
2025-01-07 12:55:00+00:00,3171.1
2025-01-07 13:00:00+00:00,3300.7
2025-01-07 13:05:00+00:00,3300.7
2025-01-07 13:10:00+00:00,3300.7
2025-01-07 13:15:00+00:00,1891.6
2025-01-07 13:20:00+00:00,1891.6
2025-01-07 13:25:00+00:00,1891.6
2025-01-07 13:30:00+00:00,1110.9
2025-01-07 13:35:00+00:00,1110.9
2025-01-07 13:40:00+00:00,1110.9
2025-01-07 13:45:00+00:00,2211.9
2025-01-07 13:50:00+00:00,2211.9
2025-01-07 13:55:00+00:00,2211.9
2025-01-07 14:00:00+00:00,4028.3
2025-01-07 14:05:00+00:00,4028.3
2025-01-07 14:10:00+00:00,4028.3
2025-01-07 14:15:00+00:00,1502.3
2025-01-07 14:20:00+00:00,1502.3
2025-01-07 14:25:00+00:00,1502.3
2025-01-07 14:30:00+00:00,1531.9
2025-01-07 14:35:00+00:00,1531.9
2025-01-07 14:40:00+00:00,1531.9
2025-01-07 14:45:00+00:00,2571.0
2025-01-07 14:50:00+00:00,2571.0
2025-01-07 14:55:00+00:00,2571.0
2025-01-07 15:00:00+00:00,3661.8
2025-01-07 15:05:00+00:00,3661.8
2025-01-07 15:10:00+00:00,3661.8
2025-01-07 15:15:00+00:00,2140.4
2025-01-07 15:20:00+00:00,2140.4
2025-01-07 15:25:00+00:00,2140.4
2025-01-07 15:30:00+00:00,1828.8
2025-01-07 15:35:00+00:00,1828.8
2025-01-07 15:40:00+00:00,1828.8
2025-01-07 15:45:00+00:00,2213.8
2025-01-07 15:50:00+00:00,2213.8
2025-01-07 15:55:00+00:00,2213.8
2025-01-07 16:00:00+00:00,2286.4
2025-01-07 16:05:00+00:00,2286.4
2025-01-07 16:10:00+00:00,2286.4
2025-01-07 16:15:00+00:00,1908.0
2025-01-07 16:20:00+00:00,1908.0
2025-01-07 16:25:00+00:00,1908.0
2025-01-07 16:30:00+00:00,2914.7
2025-01-07 16:35:00+00:00,2914.7
2025-01-07 16:40:00+00:00,2914.7
2025-01-07 16:45:00+00:00,2344.9
2025-01-07 16:50:00+00:00,2344.9
2025-01-07 16:55:00+00:00,2344.9
2025-01-07 17:00:00+00:00,2389.4
2025-01-07 17:05:00+00:00,2389.4
2025-01-07 17:10:00+00:00,2389.4
2025-01-07 17:15:00+00:00,3084.5
2025-01-07 17:20:00+00:00,3084.5
2025-01-07 17:25:00+00:00,3084.5
2025-01-07 17:30:00+00:00,1465.6
2025-01-07 17:35:00+00:00,1465.6
2025-01-07 17:40:00+00:00,1465.6
2025-01-07 17:45:00+00:00,2287.2
2025-01-07 17:50:00+00:00,2287.2
2025-01-07 17:55:00+00:00,2287.2
2025-01-07 18:00:00+00:00,1933.4
2025-01-07 18:05:00+00:00,1933.4
2025-01-07 18:10:00+00:00,1933.4
2025-01-07 18:15:00+00:00,2946.2
2025-01-07 18:20:00+00:00,2946.2
2025-01-07 18:25:00+00:00,2946.2
2025-01-07 18:30:00+00:00,3896.5
2025-01-07 18:35:00+00:00,3896.5
2025-01-07 18:40:00+00:00,3896.5
2025-01-07 18:45:00+00:00,1055.4
2025-01-07 18:50:00+00:00,1055.4
2025-01-07 18:55:00+00:00,1055.4
2025-01-07 19:00:00+00:00,1779.6
2025-01-07 19:05:00+00:00,1779.6
2025-01-07 19:10:00+00:00,1779.6
2025-01-07 19:15:00+00:00,2652.8
2025-01-07 19:20:00+00:00,2652.8
2025-01-07 19:25:00+00:00,2652.8
2025-01-07 19:30:00+00:00,1463.3
2025-01-07 19:35:00+00:00,1463.3
2025-01-07 19:40:00+00:00,1463.3
2025-01-07 19:45:00+00:00,1831.0
2025-01-07 19:50:00+00:00,1831.0
2025-01-07 19:55:00+00:00,1831.0
2025-01-07 20:00:00+00:00,2616.4
2025-01-07 20:05:00+00:00,2616.4
2025-01-07 20:10:00+00:00,2616.4
2025-01-07 20:15:00+00:00,2153.0
2025-01-07 20:20:00+00:00,2153.0
2025-01-07 20:25:00+00:00,2153.0
2025-01-07 20:30:00+00:00,2333.4
2025-01-07 20:35:00+00:00,2333.4
2025-01-07 20:40:00+00:00,2333.4
2025-01-07 20:45:00+00:00,2229.4
2025-01-07 20:50:00+00:00,2229.4
2025-01-07 20:55:00+00:00,2229.4
2025-01-07 21:00:00+00:00,2204.9
2025-01-07 21:05:00+00:00,2204.9
2025-01-07 21:10:00+00:00,2204.9
2025-01-07 21:15:00+00:00,1921.3
2025-01-07 21:20:00+00:00,1921.3
2025-01-07 21:25:00+00:00,1921.3
2025-01-07 21:30:00+00:00,2361.4
2025-01-07 21:35:00+00:00,2361.4
2025-01-07 21:40:00+00:00,2361.4
2025-01-07 21:45:00+00:00,1814.4
2025-01-07 21:50:00+00:00,1814.4
2025-01-07 21:55:00+00:00,1814.4
2025-01-07 22:00:00+00:00,1529.4
2025-01-07 22:05:00+00:00,1529.4
2025-01-07 22:10:00+00:00,1529.4
2025-01-07 22:15:00+00:00,3090.3
2025-01-07 22:20:00+00:00,3090.3
2025-01-07 22:25:00+00:00,3090.3
2025-01-07 22:30:00+00:00,4111.2
2025-01-07 22:35:00+00:00,4111.2
2025-01-07 22:40:00+00:00,4111.2
2025-01-07 22:45:00+00:00,2131.4
2025-01-07 22:50:00+00:00,2131.4
2025-01-07 22:55:00+00:00,2131.4
2025-01-07 23:00:00+00:00,1905.4
2025-01-07 23:05:00+00:00,1905.4
2025-01-07 23:10:00+00:00,1905.4
2025-01-07 23:15:00+00:00,2169.2
2025-01-07 23:20:00+00:00,2169.2
2025-01-07 23:25:00+00:00,2169.2
2025-01-07 23:30:00+00:00,3242.8
2025-01-07 23:35:00+00:00,3242.8
2025-01-07 23:40:00+00:00,3242.8
2025-01-07 23:45:00+00:00,1457.0
2025-01-07 23:50:00+00:00,1457.0
2025-01-07 23:55:00+00:00,1457.0
2025-01-08 00:00:00+00:00,3025.0
2025-01-08 00:05:00+00:00,3025.0
2025-01-08 00:10:00+00:00,3025.0
2025-01-08 00:15:00+00:00,2121.2
2025-01-08 00:20:00+00:00,2121.2
2025-01-08 00:25:00+00:00,2121.2
2025-01-08 00:30:00+00:00,3760.8
2025-01-08 00:35:00+00:00,3760.8
2025-01-08 00:40:00+00:00,3760.8
2025-01-08 00:45:00+00:00,2652.8
2025-01-08 00:50:00+00:00,2652.8
2025-01-08 00:55:00+00:00,2652.8
2025-01-08 01:00:00+00:00,6658.9
2025-01-08 01:05:00+00:00,6658.9
2025-01-08 01:10:00+00:00,6658.9
2025-01-08 01:15:00+00:00,3334.3
2025-01-08 01:20:00+00:00,3334.3
2025-01-08 01:25:00+00:00,3334.3
2025-01-08 01:30:00+00:00,4079.5
2025-01-08 01:35:00+00:00,4079.5
2025-01-08 01:40:00+00:00,4079.5
2025-01-08 01:45:00+00:00,5541.7
2025-01-08 01:50:00+00:00,5541.7
2025-01-08 01:55:00+00:00,5541.7
2025-01-08 02:00:00+00:00,4992.1
2025-01-08 02:05:00+00:00,4992.1
2025-01-08 02:10:00+00:00,4992.1
2025-01-08 02:15:00+00:00,5369.1
2025-01-08 02:20:00+00:00,5369.1
2025-01-08 02:25:00+00:00,5369.1
2025-01-08 02:30:00+00:00,4969.1
2025-01-08 02:35:00+00:00,4969.1
2025-01-08 02:40:00+00:00,4969.1
2025-01-08 02:45:00+00:00,5052.1
2025-01-08 02:50:00+00:00,5052.1
2025-01-08 02:55:00+00:00,5052.1
2025-01-08 03:00:00+00:00,5508.4
2025-01-08 03:05:00+00:00,5508.4
2025-01-08 03:10:00+00:00,5508.4
2025-01-08 03:15:00+00:00,4250.2
2025-01-08 03:20:00+00:00,4250.2
2025-01-08 03:25:00+00:00,4250.2
2025-01-08 03:30:00+00:00,6176.4
2025-01-08 03:35:00+00:00,6176.4
2025-01-08 03:40:00+00:00,6176.4
2025-01-08 03:45:00+00:00,4251.9
2025-01-08 03:50:00+00:00,4251.9
2025-01-08 03:55:00+00:00,4251.9
2025-01-08 04:00:00+00:00,2634.6
2025-01-08 04:05:00+00:00,2634.6
2025-01-08 04:10:00+00:00,2634.6
2025-01-08 04:15:00+00:00,4472.5
2025-01-08 04:20:00+00:00,4472.5
2025-01-08 04:25:00+00:00,4472.5
2025-01-08 04:30:00+00:00,2949.6
2025-01-08 04:35:00+00:00,2949.6
2025-01-08 04:40:00+00:00,2949.6
2025-01-08 04:45:00+00:00,3248.4
2025-01-08 04:50:00+00:00,3248.4
2025-01-08 04:55:00+00:00,3248.4
2025-01-08 05:00:00+00:00,1845.2
2025-01-08 05:05:00+00:00,1845.2
2025-01-08 05:10:00+00:00,1845.2
2025-01-08 05:15:00+00:00,1507.2
2025-01-08 05:20:00+00:00,1507.2
2025-01-08 05:25:00+00:00,1507.2
2025-01-08 05:30:00+00:00,2312.2
2025-01-08 05:35:00+00:00,2312.2
2025-01-08 05:40:00+00:00,2312.2
2025-01-08 05:45:00+00:00,1486.8
2025-01-08 05:50:00+00:00,1486.8
2025-01-08 05:55:00+00:00,1486.8
2025-01-08 06:00:00+00:00,2314.8
2025-01-08 06:05:00+00:00,2314.8
2025-01-08 06:10:00+00:00,2314.8
2025-01-08 06:15:00+00:00,3326.8
2025-01-08 06:20:00+00:00,3326.8
2025-01-08 06:25:00+00:00,3326.8
2025-01-08 06:30:00+00:00,2525.3
2025-01-08 06:35:00+00:00,2525.3
2025-01-08 06:40:00+00:00,2525.3
2025-01-08 06:45:00+00:00,1448.0
2025-01-08 06:50:00+00:00,1448.0
2025-01-08 06:55:00+00:00,1448.0
2025-01-08 07:00:00+00:00,2489.0
2025-01-08 07:05:00+00:00,2489.0
2025-01-08 07:10:00+00:00,2489.0
2025-01-08 07:15:00+00:00,2227.3
2025-01-08 07:20:00+00:00,2227.3
2025-01-08 07:25:00+00:00,2227.3
2025-01-08 07:30:00+00:00,2585.1
2025-01-08 07:35:00+00:00,2585.1
2025-01-08 07:40:00+00:00,2585.1
2025-01-08 07:45:00+00:00,1599.2
2025-01-08 07:50:00+00:00,1599.2
2025-01-08 07:55:00+00:00,1599.2
2025-01-08 08:00:00+00:00,3004.6
2025-01-08 08:05:00+00:00,3004.6
2025-01-08 08:10:00+00:00,3004.6
2025-01-08 08:15:00+00:00,1797.4
2025-01-08 08:20:00+00:00,1797.4
2025-01-08 08:25:00+00:00,1797.4
2025-01-08 08:30:00+00:00,1865.5
2025-01-08 08:35:00+00:00,1865.5
2025-01-08 08:40:00+00:00,1865.5
2025-01-08 08:45:00+00:00,2247.2
2025-01-08 08:50:00+00:00,2247.2
2025-01-08 08:55:00+00:00,2247.2
2025-01-08 09:00:00+00:00,2617.1
2025-01-08 09:05:00+00:00,2617.1
2025-01-08 09:10:00+00:00,2617.1
2025-01-08 09:15:00+00:00,2551.8
2025-01-08 09:20:00+00:00,2551.8
2025-01-08 09:25:00+00:00,2551.8
2025-01-08 09:30:00+00:00,1861.6
2025-01-08 09:35:00+00:00,1861.6
2025-01-08 09:40:00+00:00,1861.6
2025-01-08 09:45:00+00:00,2597.5
2025-01-08 09:50:00+00:00,2597.5
2025-01-08 09:55:00+00:00,2597.5
2025-01-08 10:00:00+00:00,1493.9
2025-01-08 10:05:00+00:00,1493.9
2025-01-08 10:10:00+00:00,1493.9
2025-01-08 10:15:00+00:00,2665.4
2025-01-08 10:20:00+00:00,2665.4
2025-01-08 10:25:00+00:00,2665.4
2025-01-08 10:30:00+00:00,2016.6
2025-01-08 10:35:00+00:00,2016.6
2025-01-08 10:40:00+00:00,2016.6
2025-01-08 10:45:00+00:00,2300.5
2025-01-08 10:50:00+00:00,2300.5
2025-01-08 10:55:00+00:00,2300.5
2025-01-08 11:00:00+00:00,3345.7
2025-01-08 11:05:00+00:00,3345.7
2025-01-08 11:10:00+00:00,3345.7
2025-01-08 11:15:00+00:00,2520.8
2025-01-08 11:20:00+00:00,2520.8
2025-01-08 11:25:00+00:00,2520.8
2025-01-08 11:30:00+00:00,2611.3
2025-01-08 11:35:00+00:00,2611.3
2025-01-08 11:40:00+00:00,2611.3
2025-01-08 11:45:00+00:00,1501.8
2025-01-08 11:50:00+00:00,1501.8
2025-01-08 11:55:00+00:00,1501.8
2025-01-08 12:00:00+00:00,1859.7
2025-01-08 12:05:00+00:00,1859.7
2025-01-08 12:10:00+00:00,1859.7
2025-01-08 12:15:00+00:00,1897.6
2025-01-08 12:20:00+00:00,1897.6
2025-01-08 12:25:00+00:00,1897.6
2025-01-08 12:30:00+00:00,3214.7
2025-01-08 12:35:00+00:00,3214.7
2025-01-08 12:40:00+00:00,3214.7
2025-01-08 12:45:00+00:00,2789.5
2025-01-08 12:50:00+00:00,2789.5
2025-01-08 12:55:00+00:00,2789.5
2025-01-08 13:00:00+00:00,1091.9
2025-01-08 13:05:00+00:00,1091.9
2025-01-08 13:10:00+00:00,1091.9
2025-01-08 13:15:00+00:00,1503.1
2025-01-08 13:20:00+00:00,1503.1
2025-01-08 13:25:00+00:00,1503.1
2025-01-08 13:30:00+00:00,2357.2
2025-01-08 13:35:00+00:00,2357.2
2025-01-08 13:40:00+00:00,2357.2
2025-01-08 13:45:00+00:00,3047.7
2025-01-08 13:50:00+00:00,3047.7
2025-01-08 13:55:00+00:00,3047.7
2025-01-08 14:00:00+00:00,2330.9
2025-01-08 14:05:00+00:00,2330.9
2025-01-08 14:10:00+00:00,2330.9
2025-01-08 14:15:00+00:00,2639.1
2025-01-08 14:20:00+00:00,2639.1
2025-01-08 14:25:00+00:00,2639.1
2025-01-08 14:30:00+00:00,2214.7
2025-01-08 14:35:00+00:00,2214.7
2025-01-08 14:40:00+00:00,2214.7
2025-01-08 14:45:00+00:00,2994.9
2025-01-08 14:50:00+00:00,2994.9
2025-01-08 14:55:00+00:00,2994.9
2025-01-08 15:00:00+00:00,1444.2
2025-01-08 15:05:00+00:00,1444.2
2025-01-08 15:10:00+00:00,1444.2
2025-01-08 15:15:00+00:00,1447.7
2025-01-08 15:20:00+00:00,1447.7
2025-01-08 15:25:00+00:00,1447.7
2025-01-08 15:30:00+00:00,3239.0
2025-01-08 15:35:00+00:00,3239.0
2025-01-08 15:40:00+00:00,3239.0
2025-01-08 15:45:00+00:00,1135.2
2025-01-08 15:50:00+00:00,1135.2
2025-01-08 15:55:00+00:00,1135.2
2025-01-08 16:00:00+00:00,1881.7
2025-01-08 16:05:00+00:00,1881.7
2025-01-08 16:10:00+00:00,1881.7
2025-01-08 16:15:00+00:00,3410.8
2025-01-08 16:20:00+00:00,3410.8
2025-01-08 16:25:00+00:00,3410.8
2025-01-08 16:30:00+00:00,1907.0
2025-01-08 16:35:00+00:00,1907.0
2025-01-08 16:40:00+00:00,1907.0
2025-01-08 16:45:00+00:00,2370.0
2025-01-08 16:50:00+00:00,2370.0
2025-01-08 16:55:00+00:00,2370.0
2025-01-08 17:00:00+00:00,1955.9
2025-01-08 17:05:00+00:00,1955.9
2025-01-08 17:10:00+00:00,1955.9
2025-01-08 17:15:00+00:00,2229.3
2025-01-08 17:20:00+00:00,2229.3
2025-01-08 17:25:00+00:00,2229.3
2025-01-08 17:30:00+00:00,2722.0
2025-01-08 17:35:00+00:00,2722.0
2025-01-08 17:40:00+00:00,2722.0
2025-01-08 17:45:00+00:00,2523.8
2025-01-08 17:50:00+00:00,2523.8
2025-01-08 17:55:00+00:00,2523.8
2025-01-08 18:00:00+00:00,3044.9
2025-01-08 18:05:00+00:00,3044.9
2025-01-08 18:10:00+00:00,3044.9
2025-01-08 18:15:00+00:00,3155.4
2025-01-08 18:20:00+00:00,3155.4
2025-01-08 18:25:00+00:00,3155.4
2025-01-08 18:30:00+00:00,1855.8
2025-01-08 18:35:00+00:00,1855.8
2025-01-08 18:40:00+00:00,1855.8
2025-01-08 18:45:00+00:00,1471.5
2025-01-08 18:50:00+00:00,1471.5
2025-01-08 18:55:00+00:00,1471.5
2025-01-08 19:00:00+00:00,2711.4
2025-01-08 19:05:00+00:00,2711.4
2025-01-08 19:10:00+00:00,2711.4
2025-01-08 19:15:00+00:00,2313.9
2025-01-08 19:20:00+00:00,2313.9
2025-01-08 19:25:00+00:00,2313.9
2025-01-08 19:30:00+00:00,1617.7
2025-01-08 19:35:00+00:00,1617.7
2025-01-08 19:40:00+00:00,1617.7
2025-01-08 19:45:00+00:00,2314.4
2025-01-08 19:50:00+00:00,2314.4
2025-01-08 19:55:00+00:00,2314.4
2025-01-08 20:00:00+00:00,3412.3
2025-01-08 20:05:00+00:00,3412.3
2025-01-08 20:10:00+00:00,3412.3
2025-01-08 20:15:00+00:00,2510.3
2025-01-08 20:20:00+00:00,2510.3
2025-01-08 20:25:00+00:00,2510.3
2025-01-08 20:30:00+00:00,1866.9
2025-01-08 20:35:00+00:00,1866.9
2025-01-08 20:40:00+00:00,1866.9
2025-01-08 20:45:00+00:00,2568.1
2025-01-08 20:50:00+00:00,2568.1
2025-01-08 20:55:00+00:00,2568.1
2025-01-08 21:00:00+00:00,1479.4
2025-01-08 21:05:00+00:00,1479.4
2025-01-08 21:10:00+00:00,1479.4
2025-01-08 21:15:00+00:00,2535.7
2025-01-08 21:20:00+00:00,2535.7
2025-01-08 21:25:00+00:00,2535.7
2025-01-08 21:30:00+00:00,1948.2
2025-01-08 21:35:00+00:00,1948.2
2025-01-08 21:40:00+00:00,1948.2
2025-01-08 21:45:00+00:00,2927.6
2025-01-08 21:50:00+00:00,2927.6
2025-01-08 21:55:00+00:00,2927.6
2025-01-08 22:00:00+00:00,1938.4
2025-01-08 22:05:00+00:00,1938.4
2025-01-08 22:10:00+00:00,1938.4
2025-01-08 22:15:00+00:00,1509.7
2025-01-08 22:20:00+00:00,1509.7
2025-01-08 22:25:00+00:00,1509.7
2025-01-08 22:30:00+00:00,4811.1
2025-01-08 22:35:00+00:00,4811.1
2025-01-08 22:40:00+00:00,4811.1
2025-01-08 22:45:00+00:00,1413.9
2025-01-08 22:50:00+00:00,1413.9
2025-01-08 22:55:00+00:00,1413.9
2025-01-08 23:00:00+00:00,2229.6
2025-01-08 23:05:00+00:00,2229.6
2025-01-08 23:10:00+00:00,2229.6
2025-01-08 23:15:00+00:00,2207.5
2025-01-08 23:20:00+00:00,2207.5
2025-01-08 23:25:00+00:00,2207.5
2025-01-08 23:30:00+00:00,1412.6
2025-01-08 23:35:00+00:00,1412.6
2025-01-08 23:40:00+00:00,1412.6
2025-01-08 23:45:00+00:00,2720.5
2025-01-08 23:50:00+00:00,2720.5
2025-01-08 23:55:00+00:00,2720.5
2025-01-09 00:00:00+00:00,2272.6
2025-01-09 00:05:00+00:00,2272.6
2025-01-09 00:10:00+00:00,2272.6
2025-01-09 00:15:00+00:00,4179.1
2025-01-09 00:20:00+00:00,4179.1
2025-01-09 00:25:00+00:00,4179.1
2025-01-09 00:30:00+00:00,2756.0
2025-01-09 00:35:00+00:00,2756.0
2025-01-09 00:40:00+00:00,2756.0
2025-01-09 00:45:00+00:00,3224.1
2025-01-09 00:50:00+00:00,3224.1
2025-01-09 00:55:00+00:00,3224.1
2025-01-09 01:00:00+00:00,5164.9
2025-01-09 01:05:00+00:00,5164.9
2025-01-09 01:10:00+00:00,5164.9
2025-01-09 01:15:00+00:00,4399.9
2025-01-09 01:20:00+00:00,4399.9
2025-01-09 01:25:00+00:00,4399.9
2025-01-09 01:30:00+00:00,4404.6
2025-01-09 01:35:00+00:00,4404.6
2025-01-09 01:40:00+00:00,4404.6
2025-01-09 01:45:00+00:00,4825.5
2025-01-09 01:50:00+00:00,4825.5
2025-01-09 01:55:00+00:00,4825.5
2025-01-09 02:00:00+00:00,4318.6
2025-01-09 02:05:00+00:00,4318.6
2025-01-09 02:10:00+00:00,4318.6
2025-01-09 02:15:00+00:00,4849.3
2025-01-09 02:20:00+00:00,4849.3
2025-01-09 02:25:00+00:00,4849.3
2025-01-09 02:30:00+00:00,6786.0
2025-01-09 02:35:00+00:00,6786.0
2025-01-09 02:40:00+00:00,6786.0
2025-01-09 02:45:00+00:00,4797.6
2025-01-09 02:50:00+00:00,4797.6
2025-01-09 02:55:00+00:00,4797.6
2025-01-09 03:00:00+00:00,4385.8
2025-01-09 03:05:00+00:00,4385.8
2025-01-09 03:10:00+00:00,4385.8
2025-01-09 03:15:00+00:00,4898.7
2025-01-09 03:20:00+00:00,4898.7
2025-01-09 03:25:00+00:00,4898.7
2025-01-09 03:30:00+00:00,5013.8
2025-01-09 03:35:00+00:00,5013.8
2025-01-09 03:40:00+00:00,5013.8
2025-01-09 03:45:00+00:00,5309.7
2025-01-09 03:50:00+00:00,5309.7
2025-01-09 03:55:00+00:00,5309.7
2025-01-09 04:00:00+00:00,3978.6
2025-01-09 04:05:00+00:00,3978.6
2025-01-09 04:10:00+00:00,3978.6
2025-01-09 04:15:00+00:00,3678.5
2025-01-09 04:20:00+00:00,3678.5
2025-01-09 04:25:00+00:00,3678.5
2025-01-09 04:30:00+00:00,3049.1
2025-01-09 04:35:00+00:00,3049.1
2025-01-09 04:40:00+00:00,3049.1
2025-01-09 04:45:00+00:00,3804.6
2025-01-09 04:50:00+00:00,3804.6
2025-01-09 04:55:00+00:00,3804.6
2025-01-09 05:00:00+00:00,2541.3
2025-01-09 05:05:00+00:00,2541.3
2025-01-09 05:10:00+00:00,2541.3
2025-01-09 05:15:00+00:00,1930.8
2025-01-09 05:20:00+00:00,1930.8
2025-01-09 05:25:00+00:00,1930.8
2025-01-09 05:30:00+00:00,2665.3
2025-01-09 05:35:00+00:00,2665.3
2025-01-09 05:40:00+00:00,2665.3
2025-01-09 05:45:00+00:00,2172.9
2025-01-09 05:50:00+00:00,2172.9
2025-01-09 05:55:00+00:00,2172.9
2025-01-09 06:00:00+00:00,3000.1
2025-01-09 06:05:00+00:00,3000.1
2025-01-09 06:10:00+00:00,3000.1
2025-01-09 06:15:00+00:00,1476.8
2025-01-09 06:20:00+00:00,1476.8
2025-01-09 06:25:00+00:00,1476.8
2025-01-09 06:30:00+00:00,2379.1
2025-01-09 06:35:00+00:00,2379.1
2025-01-09 06:40:00+00:00,2379.1
2025-01-09 06:45:00+00:00,2850.7
2025-01-09 06:50:00+00:00,2850.7
2025-01-09 06:55:00+00:00,2850.7
2025-01-09 07:00:00+00:00,1838.2
2025-01-09 07:05:00+00:00,1838.2
2025-01-09 07:10:00+00:00,1838.2
2025-01-09 07:15:00+00:00,2270.0
2025-01-09 07:20:00+00:00,2270.0
2025-01-09 07:25:00+00:00,2270.0
2025-01-09 07:30:00+00:00,2233.3
2025-01-09 07:35:00+00:00,2233.3
2025-01-09 07:40:00+00:00,2233.3
2025-01-09 07:45:00+00:00,2702.2
2025-01-09 07:50:00+00:00,2702.2
2025-01-09 07:55:00+00:00,2702.2
2025-01-09 08:00:00+00:00,2255.0
2025-01-09 08:05:00+00:00,2255.0
2025-01-09 08:10:00+00:00,2255.0
2025-01-09 08:15:00+00:00,1767.5
2025-01-09 08:20:00+00:00,1767.5
2025-01-09 08:25:00+00:00,1767.5
2025-01-09 08:30:00+00:00,2553.5
2025-01-09 08:35:00+00:00,2553.5
2025-01-09 08:40:00+00:00,2553.5
2025-01-09 08:45:00+00:00,2285.5
2025-01-09 08:50:00+00:00,2285.5
2025-01-09 08:55:00+00:00,2285.5
2025-01-09 09:00:00+00:00,1899.7
2025-01-09 09:05:00+00:00,1899.7
2025-01-09 09:10:00+00:00,1899.7
2025-01-09 09:15:00+00:00,1970.8
2025-01-09 09:20:00+00:00,1970.8
2025-01-09 09:25:00+00:00,1970.8
2025-01-09 09:30:00+00:00,2387.9
2025-01-09 09:35:00+00:00,2387.9
2025-01-09 09:40:00+00:00,2387.9
2025-01-09 09:45:00+00:00,1937.0
2025-01-09 09:50:00+00:00,1937.0
2025-01-09 09:55:00+00:00,1937.0
2025-01-09 10:00:00+00:00,2177.6
2025-01-09 10:05:00+00:00,2177.6
2025-01-09 10:10:00+00:00,2177.6
2025-01-09 10:15:00+00:00,2737.2
2025-01-09 10:20:00+00:00,2737.2
2025-01-09 10:25:00+00:00,2737.2
2025-01-09 10:30:00+00:00,2059.8
2025-01-09 10:35:00+00:00,2059.8
2025-01-09 10:40:00+00:00,2059.8
2025-01-09 10:45:00+00:00,2243.6
2025-01-09 10:50:00+00:00,2243.6
2025-01-09 10:55:00+00:00,2243.6
2025-01-09 11:00:00+00:00,3446.6
2025-01-09 11:05:00+00:00,3446.6
2025-01-09 11:10:00+00:00,3446.6
2025-01-09 11:15:00+00:00,2167.9
2025-01-09 11:20:00+00:00,2167.9
2025-01-09 11:25:00+00:00,2167.9
2025-01-09 11:30:00+00:00,1700.0
2025-01-09 11:35:00+00:00,1700.0
2025-01-09 11:40:00+00:00,1700.0
2025-01-09 11:45:00+00:00,2994.7
2025-01-09 11:50:00+00:00,2994.7
2025-01-09 11:55:00+00:00,2994.7
2025-01-09 12:00:00+00:00,1528.8
2025-01-09 12:05:00+00:00,1528.8
2025-01-09 12:10:00+00:00,1528.8
2025-01-09 12:15:00+00:00,2620.9
2025-01-09 12:20:00+00:00,2620.9
2025-01-09 12:25:00+00:00,2620.9
2025-01-09 12:30:00+00:00,2658.0
2025-01-09 12:35:00+00:00,2658.0
2025-01-09 12:40:00+00:00,2658.0
2025-01-09 12:45:00+00:00,3267.6
2025-01-09 12:50:00+00:00,3267.6
2025-01-09 12:55:00+00:00,3267.6
2025-01-09 13:00:00+00:00,2808.8
2025-01-09 13:05:00+00:00,2808.8
2025-01-09 13:10:00+00:00,2808.8
2025-01-09 13:15:00+00:00,1450.6
2025-01-09 13:20:00+00:00,1450.6
2025-01-09 13:25:00+00:00,1450.6
2025-01-09 13:30:00+00:00,2946.0
2025-01-09 13:35:00+00:00,2946.0
2025-01-09 13:40:00+00:00,2946.0
2025-01-09 13:45:00+00:00,1830.0
2025-01-09 13:50:00+00:00,1830.0
2025-01-09 13:55:00+00:00,1830.0
2025-01-09 14:00:00+00:00,2328.3
2025-01-09 14:05:00+00:00,2328.3
2025-01-09 14:10:00+00:00,2328.3
2025-01-09 14:15:00+00:00,2260.7
2025-01-09 14:20:00+00:00,2260.7
2025-01-09 14:25:00+00:00,2260.7
2025-01-09 14:30:00+00:00,2979.3
2025-01-09 14:35:00+00:00,2979.3
2025-01-09 14:40:00+00:00,2979.3
2025-01-09 14:45:00+00:00,2597.9
2025-01-09 14:50:00+00:00,2597.9
2025-01-09 14:55:00+00:00,2597.9
2025-01-09 15:00:00+00:00,2142.3
2025-01-09 15:05:00+00:00,2142.3
2025-01-09 15:10:00+00:00,2142.3
2025-01-09 15:15:00+00:00,3372.6
2025-01-09 15:20:00+00:00,3372.6
2025-01-09 15:25:00+00:00,3372.6
2025-01-09 15:30:00+00:00,1532.5
2025-01-09 15:35:00+00:00,1532.5
2025-01-09 15:40:00+00:00,1532.5
2025-01-09 15:45:00+00:00,3718.2
2025-01-09 15:50:00+00:00,3718.2
2025-01-09 15:55:00+00:00,3718.2
2025-01-09 16:00:00+00:00,2979.0
2025-01-09 16:05:00+00:00,2979.0
2025-01-09 16:10:00+00:00,2979.0
2025-01-09 16:15:00+00:00,2152.6
2025-01-09 16:20:00+00:00,2152.6
2025-01-09 16:25:00+00:00,2152.6
2025-01-09 16:30:00+00:00,1524.2
2025-01-09 16:35:00+00:00,1524.2
2025-01-09 16:40:00+00:00,1524.2
2025-01-09 16:45:00+00:00,2465.3
2025-01-09 16:50:00+00:00,2465.3
2025-01-09 16:55:00+00:00,2465.3
2025-01-09 17:00:00+00:00,3031.8
2025-01-09 17:05:00+00:00,3031.8
2025-01-09 17:10:00+00:00,3031.8
2025-01-09 17:15:00+00:00,1366.9
2025-01-09 17:20:00+00:00,1366.9
2025-01-09 17:25:00+00:00,1366.9
2025-01-09 17:30:00+00:00,1477.1
2025-01-09 17:35:00+00:00,1477.1
2025-01-09 17:40:00+00:00,1477.1
2025-01-09 17:45:00+00:00,2182.4
2025-01-09 17:50:00+00:00,2182.4
2025-01-09 17:55:00+00:00,2182.4
2025-01-09 18:00:00+00:00,3045.1
2025-01-09 18:05:00+00:00,3045.1
2025-01-09 18:10:00+00:00,3045.1
2025-01-09 18:15:00+00:00,2557.2
2025-01-09 18:20:00+00:00,2557.2
2025-01-09 18:25:00+00:00,2557.2
2025-01-09 18:30:00+00:00,3430.3
2025-01-09 18:35:00+00:00,3430.3
2025-01-09 18:40:00+00:00,3430.3
2025-01-09 18:45:00+00:00,1674.5
2025-01-09 18:50:00+00:00,1674.5
2025-01-09 18:55:00+00:00,1674.5
2025-01-09 19:00:00+00:00,2171.6
2025-01-09 19:05:00+00:00,2171.6
2025-01-09 19:10:00+00:00,2171.6
2025-01-09 19:15:00+00:00,2106.5
2025-01-09 19:20:00+00:00,2106.5
2025-01-09 19:25:00+00:00,2106.5
2025-01-09 19:30:00+00:00,2240.9
2025-01-09 19:35:00+00:00,2240.9
2025-01-09 19:40:00+00:00,2240.9
2025-01-09 19:45:00+00:00,1563.3
2025-01-09 19:50:00+00:00,1563.3
2025-01-09 19:55:00+00:00,1563.3
2025-01-09 20:00:00+00:00,2369.4
2025-01-09 20:05:00+00:00,2369.4
2025-01-09 20:10:00+00:00,2369.4
2025-01-09 20:15:00+00:00,1904.6
2025-01-09 20:20:00+00:00,1904.6
2025-01-09 20:25:00+00:00,1904.6
2025-01-09 20:30:00+00:00,2315.6
2025-01-09 20:35:00+00:00,2315.6
2025-01-09 20:40:00+00:00,2315.6
2025-01-09 20:45:00+00:00,3216.7
2025-01-09 20:50:00+00:00,3216.7
2025-01-09 20:55:00+00:00,3216.7
2025-01-09 21:00:00+00:00,2626.4
2025-01-09 21:05:00+00:00,2626.4
2025-01-09 21:10:00+00:00,2626.4
2025-01-09 21:15:00+00:00,2568.8
2025-01-09 21:20:00+00:00,2568.8
2025-01-09 21:25:00+00:00,2568.8
2025-01-09 21:30:00+00:00,1521.4
2025-01-09 21:35:00+00:00,1521.4
2025-01-09 21:40:00+00:00,1521.4
2025-01-09 21:45:00+00:00,2666.5
2025-01-09 21:50:00+00:00,2666.5
2025-01-09 21:55:00+00:00,2666.5
2025-01-09 22:00:00+00:00,2113.2
2025-01-09 22:05:00+00:00,2113.2
2025-01-09 22:10:00+00:00,2113.2
2025-01-09 22:15:00+00:00,2236.4
2025-01-09 22:20:00+00:00,2236.4
2025-01-09 22:25:00+00:00,2236.4
2025-01-09 22:30:00+00:00,3411.0
2025-01-09 22:35:00+00:00,3411.0
2025-01-09 22:40:00+00:00,3411.0
2025-01-09 22:45:00+00:00,1427.5
2025-01-09 22:50:00+00:00,1427.5
2025-01-09 22:55:00+00:00,1427.5
2025-01-09 23:00:00+00:00,2119.7
2025-01-09 23:05:00+00:00,2119.7
2025-01-09 23:10:00+00:00,2119.7
2025-01-09 23:15:00+00:00,1518.9
2025-01-09 23:20:00+00:00,1518.9
2025-01-09 23:25:00+00:00,1518.9
2025-01-09 23:30:00+00:00,2926.7
2025-01-09 23:35:00+00:00,2926.7
2025-01-09 23:40:00+00:00,2926.7
2025-01-09 23:45:00+00:00,2611.0
2025-01-09 23:50:00+00:00,2611.0
2025-01-09 23:55:00+00:00,2611.0
2025-01-10 00:00:00+00:00,2737.4
2025-01-10 00:05:00+00:00,2737.4
2025-01-10 00:10:00+00:00,2737.4
2025-01-10 00:15:00+00:00,4415.7
2025-01-10 00:20:00+00:00,4415.7
2025-01-10 00:25:00+00:00,4415.7
2025-01-10 00:30:00+00:00,3295.2
2025-01-10 00:35:00+00:00,3295.2
2025-01-10 00:40:00+00:00,3295.2
2025-01-10 00:45:00+00:00,3093.8
2025-01-10 00:50:00+00:00,3093.8
2025-01-10 00:55:00+00:00,3093.8
2025-01-10 01:00:00+00:00,4072.2
2025-01-10 01:05:00+00:00,4072.2
2025-01-10 01:10:00+00:00,4072.2
2025-01-10 01:15:00+00:00,4903.3
2025-01-10 01:20:00+00:00,4903.3
2025-01-10 01:25:00+00:00,4903.3
2025-01-10 01:30:00+00:00,4739.7
2025-01-10 01:35:00+00:00,4739.7
2025-01-10 01:40:00+00:00,4739.7
2025-01-10 01:45:00+00:00,5876.5
2025-01-10 01:50:00+00:00,5876.5
2025-01-10 01:55:00+00:00,5876.5
2025-01-10 02:00:00+00:00,5265.3
2025-01-10 02:05:00+00:00,5265.3
2025-01-10 02:10:00+00:00,5265.3
2025-01-10 02:15:00+00:00,5556.3
2025-01-10 02:20:00+00:00,5556.3
2025-01-10 02:25:00+00:00,5556.3
2025-01-10 02:30:00+00:00,5137.7
2025-01-10 02:35:00+00:00,5137.7
2025-01-10 02:40:00+00:00,5137.7
2025-01-10 02:45:00+00:00,6184.0
2025-01-10 02:50:00+00:00,6184.0
2025-01-10 02:55:00+00:00,6184.0
2025-01-10 03:00:00+00:00,4722.9
2025-01-10 03:05:00+00:00,4722.9
2025-01-10 03:10:00+00:00,4722.9
2025-01-10 03:15:00+00:00,4451.1
2025-01-10 03:20:00+00:00,4451.1
2025-01-10 03:25:00+00:00,4451.1
2025-01-10 03:30:00+00:00,5181.6
2025-01-10 03:35:00+00:00,5181.6
2025-01-10 03:40:00+00:00,5181.6
2025-01-10 03:45:00+00:00,5216.0
2025-01-10 03:50:00+00:00,5216.0
2025-01-10 03:55:00+00:00,5216.0
2025-01-10 04:00:00+00:00,2917.7
2025-01-10 04:05:00+00:00,2917.7
2025-01-10 04:10:00+00:00,2917.7
2025-01-10 04:15:00+00:00,3426.9
2025-01-10 04:20:00+00:00,3426.9
2025-01-10 04:25:00+00:00,3426.9
2025-01-10 04:30:00+00:00,3644.8
2025-01-10 04:35:00+00:00,3644.8
2025-01-10 04:40:00+00:00,3644.8
2025-01-10 04:45:00+00:00,4598.2
2025-01-10 04:50:00+00:00,4598.2
2025-01-10 04:55:00+00:00,4598.2
2025-01-10 05:00:00+00:00,3150.7
2025-01-10 05:05:00+00:00,3150.7
2025-01-10 05:10:00+00:00,3150.7
2025-01-10 05:15:00+00:00,2142.5
2025-01-10 05:20:00+00:00,2142.5
2025-01-10 05:25:00+00:00,2142.5
2025-01-10 05:30:00+00:00,1610.7
2025-01-10 05:35:00+00:00,1610.7
2025-01-10 05:40:00+00:00,1610.7
2025-01-10 05:45:00+00:00,2242.3
2025-01-10 05:50:00+00:00,2242.3
2025-01-10 05:55:00+00:00,2242.3
2025-01-10 06:00:00+00:00,2302.4
2025-01-10 06:05:00+00:00,2302.4
2025-01-10 06:10:00+00:00,2302.4
2025-01-10 06:15:00+00:00,2736.8
2025-01-10 06:20:00+00:00,2736.8
2025-01-10 06:25:00+00:00,2736.8
2025-01-10 06:30:00+00:00,3162.8
2025-01-10 06:35:00+00:00,3162.8
2025-01-10 06:40:00+00:00,3162.8
2025-01-10 06:45:00+00:00,1850.1
2025-01-10 06:50:00+00:00,1850.1
2025-01-10 06:55:00+00:00,1850.1
2025-01-10 07:00:00+00:00,1939.3
2025-01-10 07:05:00+00:00,1939.3
2025-01-10 07:10:00+00:00,1939.3
2025-01-10 07:15:00+00:00,2336.0
2025-01-10 07:20:00+00:00,2336.0
2025-01-10 07:25:00+00:00,2336.0
2025-01-10 07:30:00+00:00,2251.2
2025-01-10 07:35:00+00:00,2251.2
2025-01-10 07:40:00+00:00,2251.2
2025-01-10 07:45:00+00:00,3224.7
2025-01-10 07:50:00+00:00,3224.7
2025-01-10 07:55:00+00:00,3224.7
2025-01-10 08:00:00+00:00,1881.1
2025-01-10 08:05:00+00:00,1881.1
2025-01-10 08:10:00+00:00,1881.1
2025-01-10 08:15:00+00:00,3062.4
2025-01-10 08:20:00+00:00,3062.4
2025-01-10 08:25:00+00:00,3062.4
2025-01-10 08:30:00+00:00,1953.0
2025-01-10 08:35:00+00:00,1953.0
2025-01-10 08:40:00+00:00,1953.0
2025-01-10 08:45:00+00:00,3030.6
2025-01-10 08:50:00+00:00,3030.6
2025-01-10 08:55:00+00:00,3030.6
2025-01-10 09:00:00+00:00,2206.0
2025-01-10 09:05:00+00:00,2206.0
2025-01-10 09:10:00+00:00,2206.0
2025-01-10 09:15:00+00:00,3642.2
2025-01-10 09:20:00+00:00,3642.2
2025-01-10 09:25:00+00:00,3642.2
2025-01-10 09:30:00+00:00,1131.2
2025-01-10 09:35:00+00:00,1131.2
2025-01-10 09:40:00+00:00,1131.2
2025-01-10 09:45:00+00:00,2270.2
2025-01-10 09:50:00+00:00,2270.2
2025-01-10 09:55:00+00:00,2270.2
2025-01-10 10:00:00+00:00,2174.8
2025-01-10 10:05:00+00:00,2174.8
2025-01-10 10:10:00+00:00,2174.8
2025-01-10 10:15:00+00:00,1854.4
2025-01-10 10:20:00+00:00,1854.4
2025-01-10 10:25:00+00:00,1854.4
2025-01-10 10:30:00+00:00,2275.1
2025-01-10 10:35:00+00:00,2275.1
2025-01-10 10:40:00+00:00,2275.1
2025-01-10 10:45:00+00:00,3061.7
2025-01-10 10:50:00+00:00,3061.7
2025-01-10 10:55:00+00:00,3061.7
2025-01-10 11:00:00+00:00,2488.5
2025-01-10 11:05:00+00:00,2488.5
2025-01-10 11:10:00+00:00,2488.5
2025-01-10 11:15:00+00:00,1537.7
2025-01-10 11:20:00+00:00,1537.7
2025-01-10 11:25:00+00:00,1537.7
2025-01-10 11:30:00+00:00,3064.3
2025-01-10 11:35:00+00:00,3064.3
2025-01-10 11:40:00+00:00,3064.3
2025-01-10 11:45:00+00:00,2460.4
2025-01-10 11:50:00+00:00,2460.4
2025-01-10 11:55:00+00:00,2460.4
2025-01-10 12:00:00+00:00,2414.1
2025-01-10 12:05:00+00:00,2414.1
2025-01-10 12:10:00+00:00,2414.1
2025-01-10 12:15:00+00:00,2242.6
2025-01-10 12:20:00+00:00,2242.6
2025-01-10 12:25:00+00:00,2242.6
2025-01-10 12:30:00+00:00,2160.5
2025-01-10 12:35:00+00:00,2160.5
2025-01-10 12:40:00+00:00,2160.5
2025-01-10 12:45:00+00:00,1598.6
2025-01-10 12:50:00+00:00,1598.6
2025-01-10 12:55:00+00:00,1598.6
2025-01-10 13:00:00+00:00,2813.1
2025-01-10 13:05:00+00:00,2813.1
2025-01-10 13:10:00+00:00,2813.1
2025-01-10 13:15:00+00:00,2599.4
2025-01-10 13:20:00+00:00,2599.4
2025-01-10 13:25:00+00:00,2599.4
2025-01-10 13:30:00+00:00,1841.4
2025-01-10 13:35:00+00:00,1841.4
2025-01-10 13:40:00+00:00,1841.4
2025-01-10 13:45:00+00:00,2211.2
2025-01-10 13:50:00+00:00,2211.2
2025-01-10 13:55:00+00:00,2211.2
2025-01-10 14:00:00+00:00,2245.0
2025-01-10 14:05:00+00:00,2245.0
2025-01-10 14:10:00+00:00,2245.0
2025-01-10 14:15:00+00:00,3020.3
2025-01-10 14:20:00+00:00,3020.3
2025-01-10 14:25:00+00:00,3020.3
2025-01-10 14:30:00+00:00,1883.6
2025-01-10 14:35:00+00:00,1883.6
2025-01-10 14:40:00+00:00,1883.6
2025-01-10 14:45:00+00:00,1946.4
2025-01-10 14:50:00+00:00,1946.4
2025-01-10 14:55:00+00:00,1946.4
2025-01-10 15:00:00+00:00,2529.9
2025-01-10 15:05:00+00:00,2529.9
2025-01-10 15:10:00+00:00,2529.9
2025-01-10 15:15:00+00:00,4323.6
2025-01-10 15:20:00+00:00,4323.6
2025-01-10 15:25:00+00:00,4323.6
2025-01-10 15:30:00+00:00,1766.3
2025-01-10 15:35:00+00:00,1766.3
2025-01-10 15:40:00+00:00,1766.3
2025-01-10 15:45:00+00:00,2097.6
2025-01-10 15:50:00+00:00,2097.6
2025-01-10 15:55:00+00:00,2097.6
2025-01-10 16:00:00+00:00,1422.4
2025-01-10 16:05:00+00:00,1422.4
2025-01-10 16:10:00+00:00,1422.4
2025-01-10 16:15:00+00:00,2191.2
2025-01-10 16:20:00+00:00,2191.2
2025-01-10 16:25:00+00:00,2191.2
2025-01-10 16:30:00+00:00,1485.3
2025-01-10 16:35:00+00:00,1485.3
2025-01-10 16:40:00+00:00,1485.3
2025-01-10 16:45:00+00:00,1598.6
2025-01-10 16:50:00+00:00,1598.6
2025-01-10 16:55:00+00:00,1598.6
2025-01-10 17:00:00+00:00,1887.3
2025-01-10 17:05:00+00:00,1887.3
2025-01-10 17:10:00+00:00,1887.3
2025-01-10 17:15:00+00:00,2772.0
2025-01-10 17:20:00+00:00,2772.0
2025-01-10 17:25:00+00:00,2772.0
2025-01-10 17:30:00+00:00,2097.2
2025-01-10 17:35:00+00:00,2097.2
2025-01-10 17:40:00+00:00,2097.2
2025-01-10 17:45:00+00:00,2182.2
2025-01-10 17:50:00+00:00,2182.2
2025-01-10 17:55:00+00:00,2182.2
2025-01-10 18:00:00+00:00,2601.3
2025-01-10 18:05:00+00:00,2601.3
2025-01-10 18:10:00+00:00,2601.3
2025-01-10 18:15:00+00:00,1921.0
2025-01-10 18:20:00+00:00,1921.0
2025-01-10 18:25:00+00:00,1921.0
2025-01-10 18:30:00+00:00,1196.3
2025-01-10 18:35:00+00:00,1196.3
2025-01-10 18:40:00+00:00,1196.3
2025-01-10 18:45:00+00:00,2705.7
2025-01-10 18:50:00+00:00,2705.7
2025-01-10 18:55:00+00:00,2705.7
2025-01-10 19:00:00+00:00,2629.7
2025-01-10 19:05:00+00:00,2629.7
2025-01-10 19:10:00+00:00,2629.7
2025-01-10 19:15:00+00:00,1838.5
2025-01-10 19:20:00+00:00,1838.5
2025-01-10 19:25:00+00:00,1838.5
2025-01-10 19:30:00+00:00,2286.1
2025-01-10 19:35:00+00:00,2286.1
2025-01-10 19:40:00+00:00,2286.1
2025-01-10 19:45:00+00:00,2675.4
2025-01-10 19:50:00+00:00,2675.4
2025-01-10 19:55:00+00:00,2675.4
2025-01-10 20:00:00+00:00,2101.8
2025-01-10 20:05:00+00:00,2101.8
2025-01-10 20:10:00+00:00,2101.8
2025-01-10 20:15:00+00:00,2253.8
2025-01-10 20:20:00+00:00,2253.8
2025-01-10 20:25:00+00:00,2253.8
2025-01-10 20:30:00+00:00,1399.4
2025-01-10 20:35:00+00:00,1399.4
2025-01-10 20:40:00+00:00,1399.4
2025-01-10 20:45:00+00:00,2174.0
2025-01-10 20:50:00+00:00,2174.0
2025-01-10 20:55:00+00:00,2174.0
2025-01-10 21:00:00+00:00,1540.9
2025-01-10 21:05:00+00:00,1540.9
2025-01-10 21:10:00+00:00,1540.9
2025-01-10 21:15:00+00:00,1865.3
2025-01-10 21:20:00+00:00,1865.3
2025-01-10 21:25:00+00:00,1865.3
2025-01-10 21:30:00+00:00,1535.1
2025-01-10 21:35:00+00:00,1535.1
2025-01-10 21:40:00+00:00,1535.1
2025-01-10 21:45:00+00:00,2696.1
2025-01-10 21:50:00+00:00,2696.1
2025-01-10 21:55:00+00:00,2696.1
2025-01-10 22:00:00+00:00,2173.4
2025-01-10 22:05:00+00:00,2173.4
2025-01-10 22:10:00+00:00,2173.4
2025-01-10 22:15:00+00:00,1158.4
2025-01-10 22:20:00+00:00,1158.4
2025-01-10 22:25:00+00:00,1158.4
2025-01-10 22:30:00+00:00,2321.5
2025-01-10 22:35:00+00:00,2321.5
2025-01-10 22:40:00+00:00,2321.5
2025-01-10 22:45:00+00:00,2574.6
2025-01-10 22:50:00+00:00,2574.6
2025-01-10 22:55:00+00:00,2574.6
2025-01-10 23:00:00+00:00,2132.3
2025-01-10 23:05:00+00:00,2132.3
2025-01-10 23:10:00+00:00,2132.3
2025-01-10 23:15:00+00:00,1667.0
2025-01-10 23:20:00+00:00,1667.0
2025-01-10 23:25:00+00:00,1667.0
2025-01-10 23:30:00+00:00,1884.1
2025-01-10 23:35:00+00:00,1884.1
2025-01-10 23:40:00+00:00,1884.1
2025-01-10 23:45:00+00:00,1472.1
2025-01-10 23:50:00+00:00,1472.1
2025-01-10 23:55:00+00:00,1472.1
2025-01-11 00:00:00+00:00,2978.2
2025-01-11 00:05:00+00:00,2978.2
2025-01-11 00:10:00+00:00,2978.2
2025-01-11 00:15:00+00:00,1950.8
2025-01-11 00:20:00+00:00,1950.8
2025-01-11 00:25:00+00:00,1950.8
2025-01-11 00:30:00+00:00,2605.6
2025-01-11 00:35:00+00:00,2605.6
2025-01-11 00:40:00+00:00,2605.6
2025-01-11 00:45:00+00:00,3669.1
2025-01-11 00:50:00+00:00,3669.1
2025-01-11 00:55:00+00:00,3669.1
2025-01-11 01:00:00+00:00,3312.6
2025-01-11 01:05:00+00:00,3312.6
2025-01-11 01:10:00+00:00,3312.6
2025-01-11 01:15:00+00:00,3808.8
2025-01-11 01:20:00+00:00,3808.8
2025-01-11 01:25:00+00:00,3808.8
2025-01-11 01:30:00+00:00,5110.0
2025-01-11 01:35:00+00:00,5110.0
2025-01-11 01:40:00+00:00,5110.0
2025-01-11 01:45:00+00:00,2943.5
2025-01-11 01:50:00+00:00,2943.5
2025-01-11 01:55:00+00:00,2943.5
2025-01-11 02:00:00+00:00,4740.3
2025-01-11 02:05:00+00:00,4740.3
2025-01-11 02:10:00+00:00,4740.3
2025-01-11 02:15:00+00:00,3652.4
2025-01-11 02:20:00+00:00,3652.4
2025-01-11 02:25:00+00:00,3652.4
2025-01-11 02:30:00+00:00,4802.4
2025-01-11 02:35:00+00:00,4802.4
2025-01-11 02:40:00+00:00,4802.4
2025-01-11 02:45:00+00:00,4564.5
2025-01-11 02:50:00+00:00,4564.5
2025-01-11 02:55:00+00:00,4564.5
2025-01-11 03:00:00+00:00,4462.4
2025-01-11 03:05:00+00:00,4462.4
2025-01-11 03:10:00+00:00,4462.4
2025-01-11 03:15:00+00:00,3431.8
2025-01-11 03:20:00+00:00,3431.8
2025-01-11 03:25:00+00:00,3431.8
2025-01-11 03:30:00+00:00,3055.0
2025-01-11 03:35:00+00:00,3055.0
2025-01-11 03:40:00+00:00,3055.0
2025-01-11 03:45:00+00:00,3685.1
2025-01-11 03:50:00+00:00,3685.1
2025-01-11 03:55:00+00:00,3685.1
2025-01-11 04:00:00+00:00,4567.1
2025-01-11 04:05:00+00:00,4567.1
2025-01-11 04:10:00+00:00,4567.1
2025-01-11 04:15:00+00:00,1308.1
2025-01-11 04:20:00+00:00,1308.1
2025-01-11 04:25:00+00:00,1308.1
2025-01-11 04:30:00+00:00,2370.2
2025-01-11 04:35:00+00:00,2370.2
2025-01-11 04:40:00+00:00,2370.2
2025-01-11 04:45:00+00:00,2364.1
2025-01-11 04:50:00+00:00,2364.1
2025-01-11 04:55:00+00:00,2364.1
2025-01-11 05:00:00+00:00,1851.3
2025-01-11 05:05:00+00:00,1851.3
2025-01-11 05:10:00+00:00,1851.3
2025-01-11 05:15:00+00:00,2621.0
2025-01-11 05:20:00+00:00,2621.0
2025-01-11 05:25:00+00:00,2621.0
2025-01-11 05:30:00+00:00,2473.3
2025-01-11 05:35:00+00:00,2473.3
2025-01-11 05:40:00+00:00,2473.3
2025-01-11 05:45:00+00:00,1125.5
2025-01-11 05:50:00+00:00,1125.5
2025-01-11 05:55:00+00:00,1125.5
2025-01-11 06:00:00+00:00,2564.3
2025-01-11 06:05:00+00:00,2564.3
2025-01-11 06:10:00+00:00,2564.3
2025-01-11 06:15:00+00:00,2601.7
2025-01-11 06:20:00+00:00,2601.7
2025-01-11 06:25:00+00:00,2601.7
2025-01-11 06:30:00+00:00,1800.2
2025-01-11 06:35:00+00:00,1800.2
2025-01-11 06:40:00+00:00,1800.2
2025-01-11 06:45:00+00:00,1441.9
2025-01-11 06:50:00+00:00,1441.9
2025-01-11 06:55:00+00:00,1441.9
2025-01-11 07:00:00+00:00,1510.6
2025-01-11 07:05:00+00:00,1510.6
2025-01-11 07:10:00+00:00,1510.6
2025-01-11 07:15:00+00:00,1939.5
2025-01-11 07:20:00+00:00,1939.5
2025-01-11 07:25:00+00:00,1939.5
2025-01-11 07:30:00+00:00,2690.7
2025-01-11 07:35:00+00:00,2690.7
2025-01-11 07:40:00+00:00,2690.7
2025-01-11 07:45:00+00:00,2027.6
2025-01-11 07:50:00+00:00,2027.6
2025-01-11 07:55:00+00:00,2027.6
2025-01-11 08:00:00+00:00,2455.7
2025-01-11 08:05:00+00:00,2455.7
2025-01-11 08:10:00+00:00,2455.7
2025-01-11 08:15:00+00:00,2518.7
2025-01-11 08:20:00+00:00,2518.7
2025-01-11 08:25:00+00:00,2518.7
2025-01-11 08:30:00+00:00,1465.9
2025-01-11 08:35:00+00:00,1465.9
2025-01-11 08:40:00+00:00,1465.9
2025-01-11 08:45:00+00:00,1886.7
2025-01-11 08:50:00+00:00,1886.7
2025-01-11 08:55:00+00:00,1886.7
2025-01-11 09:00:00+00:00,2642.1
2025-01-11 09:05:00+00:00,2642.1
2025-01-11 09:10:00+00:00,2642.1
2025-01-11 09:15:00+00:00,1857.3
2025-01-11 09:20:00+00:00,1857.3
2025-01-11 09:25:00+00:00,1857.3
2025-01-11 09:30:00+00:00,1911.2
2025-01-11 09:35:00+00:00,1911.2
2025-01-11 09:40:00+00:00,1911.2
2025-01-11 09:45:00+00:00,2561.3
2025-01-11 09:50:00+00:00,2561.3
2025-01-11 09:55:00+00:00,2561.3
2025-01-11 10:00:00+00:00,1443.5
2025-01-11 10:05:00+00:00,1443.5
2025-01-11 10:10:00+00:00,1443.5
2025-01-11 10:15:00+00:00,2200.4
2025-01-11 10:20:00+00:00,2200.4
2025-01-11 10:25:00+00:00,2200.4
2025-01-11 10:30:00+00:00,2073.0
2025-01-11 10:35:00+00:00,2073.0
2025-01-11 10:40:00+00:00,2073.0
2025-01-11 10:45:00+00:00,1097.9
2025-01-11 10:50:00+00:00,1097.9
2025-01-11 10:55:00+00:00,1097.9
2025-01-11 11:00:00+00:00,1956.4
2025-01-11 11:05:00+00:00,1956.4
2025-01-11 11:10:00+00:00,1956.4
2025-01-11 11:15:00+00:00,4199.5
2025-01-11 11:20:00+00:00,4199.5
2025-01-11 11:25:00+00:00,4199.5
2025-01-11 11:30:00+00:00,1522.5
2025-01-11 11:35:00+00:00,1522.5
2025-01-11 11:40:00+00:00,1522.5
2025-01-11 11:45:00+00:00,2628.2
2025-01-11 11:50:00+00:00,2628.2
2025-01-11 11:55:00+00:00,2628.2
2025-01-11 12:00:00+00:00,1512.9
2025-01-11 12:05:00+00:00,1512.9
2025-01-11 12:10:00+00:00,1512.9
2025-01-11 12:15:00+00:00,1455.6
2025-01-11 12:20:00+00:00,1455.6
2025-01-11 12:25:00+00:00,1455.6
2025-01-11 12:30:00+00:00,2120.7
2025-01-11 12:35:00+00:00,2120.7
2025-01-11 12:40:00+00:00,2120.7
2025-01-11 12:45:00+00:00,2968.2
2025-01-11 12:50:00+00:00,2968.2
2025-01-11 12:55:00+00:00,2968.2
2025-01-11 13:00:00+00:00,1999.2
2025-01-11 13:05:00+00:00,1999.2
2025-01-11 13:10:00+00:00,1999.2
2025-01-11 13:15:00+00:00,1030.0
2025-01-11 13:20:00+00:00,1030.0
2025-01-11 13:25:00+00:00,1030.0
2025-01-11 13:30:00+00:00,2196.1
2025-01-11 13:35:00+00:00,2196.1
2025-01-11 13:40:00+00:00,2196.1
2025-01-11 13:45:00+00:00,1957.0
2025-01-11 13:50:00+00:00,1957.0
2025-01-11 13:55:00+00:00,1957.0
2025-01-11 14:00:00+00:00,1923.7
2025-01-11 14:05:00+00:00,1923.7
2025-01-11 14:10:00+00:00,1923.7
2025-01-11 14:15:00+00:00,2153.1
2025-01-11 14:20:00+00:00,2153.1
2025-01-11 14:25:00+00:00,2153.1
2025-01-11 14:30:00+00:00,2245.6
2025-01-11 14:35:00+00:00,2245.6
2025-01-11 14:40:00+00:00,2245.6
2025-01-11 14:45:00+00:00,1804.7
2025-01-11 14:50:00+00:00,1804.7
2025-01-11 14:55:00+00:00,1804.7
2025-01-11 15:00:00+00:00,2409.8
2025-01-11 15:05:00+00:00,2409.8
2025-01-11 15:10:00+00:00,2409.8
2025-01-11 15:15:00+00:00,1808.4
2025-01-11 15:20:00+00:00,1808.4
2025-01-11 15:25:00+00:00,1808.4
2025-01-11 15:30:00+00:00,1876.2
2025-01-11 15:35:00+00:00,1876.2
2025-01-11 15:40:00+00:00,1876.2
2025-01-11 15:45:00+00:00,2141.9
2025-01-11 15:50:00+00:00,2141.9
2025-01-11 15:55:00+00:00,2141.9
2025-01-11 16:00:00+00:00,2193.5
2025-01-11 16:05:00+00:00,2193.5
2025-01-11 16:10:00+00:00,2193.5
2025-01-11 16:15:00+00:00,1829.3
2025-01-11 16:20:00+00:00,1829.3
2025-01-11 16:25:00+00:00,1829.3
2025-01-11 16:30:00+00:00,1501.0
2025-01-11 16:35:00+00:00,1501.0
2025-01-11 16:40:00+00:00,1501.0
2025-01-11 16:45:00+00:00,2325.4
2025-01-11 16:50:00+00:00,2325.4
2025-01-11 16:55:00+00:00,2325.4
2025-01-11 17:00:00+00:00,2689.2
2025-01-11 17:05:00+00:00,2689.2
2025-01-11 17:10:00+00:00,2689.2
2025-01-11 17:15:00+00:00,1135.0
2025-01-11 17:20:00+00:00,1135.0
2025-01-11 17:25:00+00:00,1135.0
2025-01-11 17:30:00+00:00,3967.9
2025-01-11 17:35:00+00:00,3967.9
2025-01-11 17:40:00+00:00,3967.9
2025-01-11 17:45:00+00:00,2159.6
2025-01-11 17:50:00+00:00,2159.6
2025-01-11 17:55:00+00:00,2159.6
2025-01-11 18:00:00+00:00,1102.2
2025-01-11 18:05:00+00:00,1102.2
2025-01-11 18:10:00+00:00,1102.2
2025-01-11 18:15:00+00:00,2353.6
2025-01-11 18:20:00+00:00,2353.6
2025-01-11 18:25:00+00:00,2353.6
2025-01-11 18:30:00+00:00,1515.3
2025-01-11 18:35:00+00:00,1515.3
2025-01-11 18:40:00+00:00,1515.3
2025-01-11 18:45:00+00:00,2207.9
2025-01-11 18:50:00+00:00,2207.9
2025-01-11 18:55:00+00:00,2207.9
2025-01-11 19:00:00+00:00,2183.1
2025-01-11 19:05:00+00:00,2183.1
2025-01-11 19:10:00+00:00,2183.1
2025-01-11 19:15:00+00:00,2994.7
2025-01-11 19:20:00+00:00,2994.7
2025-01-11 19:25:00+00:00,2994.7
2025-01-11 19:30:00+00:00,1839.6
2025-01-11 19:35:00+00:00,1839.6
2025-01-11 19:40:00+00:00,1839.6
2025-01-11 19:45:00+00:00,1519.8
2025-01-11 19:50:00+00:00,1519.8
2025-01-11 19:55:00+00:00,1519.8
2025-01-11 20:00:00+00:00,2389.9
2025-01-11 20:05:00+00:00,2389.9
2025-01-11 20:10:00+00:00,2389.9
2025-01-11 20:15:00+00:00,1443.5
2025-01-11 20:20:00+00:00,1443.5
2025-01-11 20:25:00+00:00,1443.5
2025-01-11 20:30:00+00:00,2961.7
2025-01-11 20:35:00+00:00,2961.7
2025-01-11 20:40:00+00:00,2961.7
2025-01-11 20:45:00+00:00,1518.7
2025-01-11 20:50:00+00:00,1518.7
2025-01-11 20:55:00+00:00,1518.7
2025-01-11 21:00:00+00:00,1926.5
2025-01-11 21:05:00+00:00,1926.5
2025-01-11 21:10:00+00:00,1926.5
2025-01-11 21:15:00+00:00,1880.7
2025-01-11 21:20:00+00:00,1880.7
2025-01-11 21:25:00+00:00,1880.7
2025-01-11 21:30:00+00:00,2326.6
2025-01-11 21:35:00+00:00,2326.6
2025-01-11 21:40:00+00:00,2326.6
2025-01-11 21:45:00+00:00,1113.7
2025-01-11 21:50:00+00:00,1113.7
2025-01-11 21:55:00+00:00,1113.7
2025-01-11 22:00:00+00:00,1531.4
2025-01-11 22:05:00+00:00,1531.4
2025-01-11 22:10:00+00:00,1531.4
2025-01-11 22:15:00+00:00,2985.5
2025-01-11 22:20:00+00:00,2985.5
2025-01-11 22:25:00+00:00,2985.5
2025-01-11 22:30:00+00:00,2846.4
2025-01-11 22:35:00+00:00,2846.4
2025-01-11 22:40:00+00:00,2846.4
2025-01-11 22:45:00+00:00,1862.3
2025-01-11 22:50:00+00:00,1862.3
2025-01-11 22:55:00+00:00,1862.3
2025-01-11 23:00:00+00:00,1902.7
2025-01-11 23:05:00+00:00,1902.7
2025-01-11 23:10:00+00:00,1902.7
2025-01-11 23:15:00+00:00,1975.2
2025-01-11 23:20:00+00:00,1975.2
2025-01-11 23:25:00+00:00,1975.2
2025-01-11 23:30:00+00:00,2257.6
2025-01-11 23:35:00+00:00,2257.6
2025-01-11 23:40:00+00:00,2257.6
2025-01-11 23:45:00+00:00,2796.6
2025-01-11 23:50:00+00:00,2796.6
2025-01-11 23:55:00+00:00,2796.6
2025-01-12 00:00:00+00:00,2203.2
2025-01-12 00:05:00+00:00,2203.2
2025-01-12 00:10:00+00:00,2203.2
2025-01-12 00:15:00+00:00,3062.6
2025-01-12 00:20:00+00:00,3062.6
2025-01-12 00:25:00+00:00,3062.6
2025-01-12 00:30:00+00:00,3724.9
2025-01-12 00:35:00+00:00,3724.9
2025-01-12 00:40:00+00:00,3724.9
2025-01-12 00:45:00+00:00,1141.6
2025-01-12 00:50:00+00:00,1141.6
2025-01-12 00:55:00+00:00,1141.6
2025-01-12 01:00:00+00:00,5171.1
2025-01-12 01:05:00+00:00,5171.1
2025-01-12 01:10:00+00:00,5171.1
2025-01-12 01:15:00+00:00,2640.3
2025-01-12 01:20:00+00:00,2640.3
2025-01-12 01:25:00+00:00,2640.3
2025-01-12 01:30:00+00:00,5076.6
2025-01-12 01:35:00+00:00,5076.6
2025-01-12 01:40:00+00:00,5076.6
2025-01-12 01:45:00+00:00,3018.6
2025-01-12 01:50:00+00:00,3018.6
2025-01-12 01:55:00+00:00,3018.6
2025-01-12 02:00:00+00:00,4837.6
2025-01-12 02:05:00+00:00,4837.6
2025-01-12 02:10:00+00:00,4837.6
2025-01-12 02:15:00+00:00,4787.7
2025-01-12 02:20:00+00:00,4787.7
2025-01-12 02:25:00+00:00,4787.7
2025-01-12 02:30:00+00:00,4204.8
2025-01-12 02:35:00+00:00,4204.8
2025-01-12 02:40:00+00:00,4204.8
2025-01-12 02:45:00+00:00,4999.2
2025-01-12 02:50:00+00:00,4999.2
2025-01-12 02:55:00+00:00,4999.2
2025-01-12 03:00:00+00:00,4390.3
2025-01-12 03:05:00+00:00,4390.3
2025-01-12 03:10:00+00:00,4390.3
2025-01-12 03:15:00+00:00,4363.8
2025-01-12 03:20:00+00:00,4363.8
2025-01-12 03:25:00+00:00,4363.8
2025-01-12 03:30:00+00:00,3972.7
2025-01-12 03:35:00+00:00,3972.7
2025-01-12 03:40:00+00:00,3972.7
2025-01-12 03:45:00+00:00,4811.7
2025-01-12 03:50:00+00:00,4811.7
2025-01-12 03:55:00+00:00,4811.7
2025-01-12 04:00:00+00:00,1794.2
2025-01-12 04:05:00+00:00,1794.2
2025-01-12 04:10:00+00:00,1794.2
2025-01-12 04:15:00+00:00,2369.7
2025-01-12 04:20:00+00:00,2369.7
2025-01-12 04:25:00+00:00,2369.7
2025-01-12 04:30:00+00:00,2994.9
2025-01-12 04:35:00+00:00,2994.9
2025-01-12 04:40:00+00:00,2994.9
2025-01-12 04:45:00+00:00,2291.6
2025-01-12 04:50:00+00:00,2291.6
2025-01-12 04:55:00+00:00,2291.6
2025-01-12 05:00:00+00:00,2079.3
2025-01-12 05:05:00+00:00,2079.3
2025-01-12 05:10:00+00:00,2079.3
2025-01-12 05:15:00+00:00,1828.3
2025-01-12 05:20:00+00:00,1828.3
2025-01-12 05:25:00+00:00,1828.3
2025-01-12 05:30:00+00:00,1729.6
2025-01-12 05:35:00+00:00,1729.6
2025-01-12 05:40:00+00:00,1729.6
2025-01-12 05:45:00+00:00,1571.6
2025-01-12 05:50:00+00:00,1571.6
2025-01-12 05:55:00+00:00,1571.6
2025-01-12 06:00:00+00:00,2948.8
2025-01-12 06:05:00+00:00,2948.8
2025-01-12 06:10:00+00:00,2948.8
2025-01-12 06:15:00+00:00,2612.8
2025-01-12 06:20:00+00:00,2612.8
2025-01-12 06:25:00+00:00,2612.8
2025-01-12 06:30:00+00:00,1800.7
2025-01-12 06:35:00+00:00,1800.7
2025-01-12 06:40:00+00:00,1800.7
2025-01-12 06:45:00+00:00,1113.5
2025-01-12 06:50:00+00:00,1113.5
2025-01-12 06:55:00+00:00,1113.5
2025-01-12 07:00:00+00:00,2296.4
2025-01-12 07:05:00+00:00,2296.4
2025-01-12 07:10:00+00:00,2296.4
2025-01-12 07:15:00+00:00,1867.0
2025-01-12 07:20:00+00:00,1867.0
2025-01-12 07:25:00+00:00,1867.0
2025-01-12 07:30:00+00:00,2248.1
2025-01-12 07:35:00+00:00,2248.1
2025-01-12 07:40:00+00:00,2248.1
2025-01-12 07:45:00+00:00,1591.2
2025-01-12 07:50:00+00:00,1591.2
2025-01-12 07:55:00+00:00,1591.2
2025-01-12 08:00:00+00:00,1893.9
2025-01-12 08:05:00+00:00,1893.9
2025-01-12 08:10:00+00:00,1893.9
2025-01-12 08:15:00+00:00,2817.5
2025-01-12 08:20:00+00:00,2817.5
2025-01-12 08:25:00+00:00,2817.5
2025-01-12 08:30:00+00:00,2161.5
2025-01-12 08:35:00+00:00,2161.5
2025-01-12 08:40:00+00:00,2161.5
2025-01-12 08:45:00+00:00,1865.3
2025-01-12 08:50:00+00:00,1865.3
2025-01-12 08:55:00+00:00,1865.3
2025-01-12 09:00:00+00:00,1520.1
2025-01-12 09:05:00+00:00,1520.1
2025-01-12 09:10:00+00:00,1520.1
2025-01-12 09:15:00+00:00,2499.3
2025-01-12 09:20:00+00:00,2499.3
2025-01-12 09:25:00+00:00,2499.3
2025-01-12 09:30:00+00:00,1873.5
2025-01-12 09:35:00+00:00,1873.5
2025-01-12 09:40:00+00:00,1873.5
2025-01-12 09:45:00+00:00,2291.4
2025-01-12 09:50:00+00:00,2291.4
2025-01-12 09:55:00+00:00,2291.4
2025-01-12 10:00:00+00:00,1871.9
2025-01-12 10:05:00+00:00,1871.9
2025-01-12 10:10:00+00:00,1871.9
2025-01-12 10:15:00+00:00,2236.4
2025-01-12 10:20:00+00:00,2236.4
2025-01-12 10:25:00+00:00,2236.4
2025-01-12 10:30:00+00:00,1946.9
2025-01-12 10:35:00+00:00,1946.9
2025-01-12 10:40:00+00:00,1946.9
2025-01-12 10:45:00+00:00,1949.3
2025-01-12 10:50:00+00:00,1949.3
2025-01-12 10:55:00+00:00,1949.3
2025-01-12 11:00:00+00:00,2636.8
2025-01-12 11:05:00+00:00,2636.8
2025-01-12 11:10:00+00:00,2636.8
2025-01-12 11:15:00+00:00,1204.2
2025-01-12 11:20:00+00:00,1204.2
2025-01-12 11:25:00+00:00,1204.2
2025-01-12 11:30:00+00:00,2925.2
2025-01-12 11:35:00+00:00,2925.2
2025-01-12 11:40:00+00:00,2925.2
2025-01-12 11:45:00+00:00,2596.3
2025-01-12 11:50:00+00:00,2596.3
2025-01-12 11:55:00+00:00,2596.3
2025-01-12 12:00:00+00:00,2230.8
2025-01-12 12:05:00+00:00,2230.8
2025-01-12 12:10:00+00:00,2230.8
2025-01-12 12:15:00+00:00,1582.1
2025-01-12 12:20:00+00:00,1582.1
2025-01-12 12:25:00+00:00,1582.1
2025-01-12 12:30:00+00:00,2203.1
2025-01-12 12:35:00+00:00,2203.1
2025-01-12 12:40:00+00:00,2203.1
2025-01-12 12:45:00+00:00,1529.6
2025-01-12 12:50:00+00:00,1529.6
2025-01-12 12:55:00+00:00,1529.6
2025-01-12 13:00:00+00:00,3174.1
2025-01-12 13:05:00+00:00,3174.1
2025-01-12 13:10:00+00:00,3174.1
2025-01-12 13:15:00+00:00,1900.6
2025-01-12 13:20:00+00:00,1900.6
2025-01-12 13:25:00+00:00,1900.6
2025-01-12 13:30:00+00:00,2253.8
2025-01-12 13:35:00+00:00,2253.8
2025-01-12 13:40:00+00:00,2253.8
2025-01-12 13:45:00+00:00,2155.8
2025-01-12 13:50:00+00:00,2155.8
2025-01-12 13:55:00+00:00,2155.8
2025-01-12 14:00:00+00:00,2293.6
2025-01-12 14:05:00+00:00,2293.6
2025-01-12 14:10:00+00:00,2293.6
2025-01-12 14:15:00+00:00,1497.0
2025-01-12 14:20:00+00:00,1497.0
2025-01-12 14:25:00+00:00,1497.0
2025-01-12 14:30:00+00:00,1551.8
2025-01-12 14:35:00+00:00,1551.8
2025-01-12 14:40:00+00:00,1551.8
2025-01-12 14:45:00+00:00,2232.0
2025-01-12 14:50:00+00:00,2232.0
2025-01-12 14:55:00+00:00,2232.0
2025-01-12 15:00:00+00:00,2725.6
2025-01-12 15:05:00+00:00,2725.6
2025-01-12 15:10:00+00:00,2725.6
2025-01-12 15:15:00+00:00,1831.7
2025-01-12 15:20:00+00:00,1831.7
2025-01-12 15:25:00+00:00,1831.7
2025-01-12 15:30:00+00:00,2260.9
2025-01-12 15:35:00+00:00,2260.9
2025-01-12 15:40:00+00:00,2260.9
2025-01-12 15:45:00+00:00,1482.4
2025-01-12 15:50:00+00:00,1482.4
2025-01-12 15:55:00+00:00,1482.4
2025-01-12 16:00:00+00:00,2675.8
2025-01-12 16:05:00+00:00,2675.8
2025-01-12 16:10:00+00:00,2675.8
2025-01-12 16:15:00+00:00,2907.7
2025-01-12 16:20:00+00:00,2907.7
2025-01-12 16:25:00+00:00,2907.7
2025-01-12 16:30:00+00:00,3423.3
2025-01-12 16:35:00+00:00,3423.3
2025-01-12 16:40:00+00:00,3423.3
2025-01-12 16:45:00+00:00,1412.2
2025-01-12 16:50:00+00:00,1412.2
2025-01-12 16:55:00+00:00,1412.2
2025-01-12 17:00:00+00:00,1832.8
2025-01-12 17:05:00+00:00,1832.8
2025-01-12 17:10:00+00:00,1832.8
2025-01-12 17:15:00+00:00,2622.6
2025-01-12 17:20:00+00:00,2622.6
2025-01-12 17:25:00+00:00,2622.6
2025-01-12 17:30:00+00:00,3231.2
2025-01-12 17:35:00+00:00,3231.2
2025-01-12 17:40:00+00:00,3231.2
2025-01-12 17:45:00+00:00,1605.3
2025-01-12 17:50:00+00:00,1605.3
2025-01-12 17:55:00+00:00,1605.3
2025-01-12 18:00:00+00:00,3574.8
2025-01-12 18:05:00+00:00,3574.8
2025-01-12 18:10:00+00:00,3574.8
2025-01-12 18:15:00+00:00,1139.4
2025-01-12 18:20:00+00:00,1139.4
2025-01-12 18:25:00+00:00,1139.4
2025-01-12 18:30:00+00:00,2988.1
2025-01-12 18:35:00+00:00,2988.1
2025-01-12 18:40:00+00:00,2988.1
2025-01-12 18:45:00+00:00,2468.7
2025-01-12 18:50:00+00:00,2468.7
2025-01-12 18:55:00+00:00,2468.7
2025-01-12 19:00:00+00:00,2296.3
2025-01-12 19:05:00+00:00,2296.3
2025-01-12 19:10:00+00:00,2296.3
2025-01-12 19:15:00+00:00,2557.1
2025-01-12 19:20:00+00:00,2557.1
2025-01-12 19:25:00+00:00,2557.1
2025-01-12 19:30:00+00:00,2691.5
2025-01-12 19:35:00+00:00,2691.5
2025-01-12 19:40:00+00:00,2691.5
2025-01-12 19:45:00+00:00,2217.3
2025-01-12 19:50:00+00:00,2217.3
2025-01-12 19:55:00+00:00,2217.3
2025-01-12 20:00:00+00:00,1583.8
2025-01-12 20:05:00+00:00,1583.8
2025-01-12 20:10:00+00:00,1583.8
2025-01-12 20:15:00+00:00,2380.0
2025-01-12 20:20:00+00:00,2380.0
2025-01-12 20:25:00+00:00,2380.0
2025-01-12 20:30:00+00:00,2832.7
2025-01-12 20:35:00+00:00,2832.7
2025-01-12 20:40:00+00:00,2832.7
2025-01-12 20:45:00+00:00,2784.8
2025-01-12 20:50:00+00:00,2784.8
2025-01-12 20:55:00+00:00,2784.8
2025-01-12 21:00:00+00:00,2239.0
2025-01-12 21:05:00+00:00,2239.0
2025-01-12 21:10:00+00:00,2239.0
2025-01-12 21:15:00+00:00,2295.3
2025-01-12 21:20:00+00:00,2295.3
2025-01-12 21:25:00+00:00,2295.3
2025-01-12 21:30:00+00:00,2310.6
2025-01-12 21:35:00+00:00,2310.6
2025-01-12 21:40:00+00:00,2310.6
2025-01-12 21:45:00+00:00,1952.8
2025-01-12 21:50:00+00:00,1952.8
2025-01-12 21:55:00+00:00,1952.8
2025-01-12 22:00:00+00:00,2842.9
2025-01-12 22:05:00+00:00,2842.9
2025-01-12 22:10:00+00:00,2842.9
2025-01-12 22:15:00+00:00,2273.4
2025-01-12 22:20:00+00:00,2273.4
2025-01-12 22:25:00+00:00,2273.4
2025-01-12 22:30:00+00:00,3148.3
2025-01-12 22:35:00+00:00,3148.3
2025-01-12 22:40:00+00:00,3148.3
2025-01-12 22:45:00+00:00,1911.0
2025-01-12 22:50:00+00:00,1911.0
2025-01-12 22:55:00+00:00,1911.0
2025-01-12 23:00:00+00:00,2666.1
2025-01-12 23:05:00+00:00,2666.1
2025-01-12 23:10:00+00:00,2666.1
2025-01-12 23:15:00+00:00,2298.7
2025-01-12 23:20:00+00:00,2298.7
2025-01-12 23:25:00+00:00,2298.7
2025-01-12 23:30:00+00:00,3222.6
2025-01-12 23:35:00+00:00,3222.6
2025-01-12 23:40:00+00:00,3222.6
2025-01-12 23:45:00+00:00,1805.2
2025-01-12 23:50:00+00:00,1805.2
2025-01-12 23:55:00+00:00,1805.2
2025-01-13 00:00:00+00:00,3838.7
2025-01-13 00:05:00+00:00,3838.7
2025-01-13 00:10:00+00:00,3838.7
2025-01-13 00:15:00+00:00,3253.2
2025-01-13 00:20:00+00:00,3253.2
2025-01-13 00:25:00+00:00,3253.2
2025-01-13 00:30:00+00:00,3441.7
2025-01-13 00:35:00+00:00,3441.7
2025-01-13 00:40:00+00:00,3441.7
2025-01-13 00:45:00+00:00,3381.5
2025-01-13 00:50:00+00:00,3381.5
2025-01-13 00:55:00+00:00,3381.5
2025-01-13 01:00:00+00:00,3634.6
2025-01-13 01:05:00+00:00,3634.6
2025-01-13 01:10:00+00:00,3634.6
2025-01-13 01:15:00+00:00,6316.5
2025-01-13 01:20:00+00:00,6316.5
2025-01-13 01:25:00+00:00,6316.5
2025-01-13 01:30:00+00:00,4861.0
2025-01-13 01:35:00+00:00,4861.0
2025-01-13 01:40:00+00:00,4861.0
2025-01-13 01:45:00+00:00,5843.5
2025-01-13 01:50:00+00:00,5843.5
2025-01-13 01:55:00+00:00,5843.5
2025-01-13 02:00:00+00:00,4435.0
2025-01-13 02:05:00+00:00,4435.0
2025-01-13 02:10:00+00:00,4435.0
2025-01-13 02:15:00+00:00,5737.3
2025-01-13 02:20:00+00:00,5737.3
2025-01-13 02:25:00+00:00,5737.3
2025-01-13 02:30:00+00:00,4008.3
2025-01-13 02:35:00+00:00,4008.3
2025-01-13 02:40:00+00:00,4008.3
2025-01-13 02:45:00+00:00,5903.9
2025-01-13 02:50:00+00:00,5903.9
2025-01-13 02:55:00+00:00,5903.9
2025-01-13 03:00:00+00:00,3809.2
2025-01-13 03:05:00+00:00,3809.2
2025-01-13 03:10:00+00:00,3809.2
2025-01-13 03:15:00+00:00,5487.3
2025-01-13 03:20:00+00:00,5487.3
2025-01-13 03:25:00+00:00,5487.3
2025-01-13 03:30:00+00:00,5115.7
2025-01-13 03:35:00+00:00,5115.7
2025-01-13 03:40:00+00:00,5115.7
2025-01-13 03:45:00+00:00,4507.7
2025-01-13 03:50:00+00:00,4507.7
2025-01-13 03:55:00+00:00,4507.7
2025-01-13 04:00:00+00:00,3994.8
2025-01-13 04:05:00+00:00,3994.8
2025-01-13 04:10:00+00:00,3994.8
2025-01-13 04:15:00+00:00,4150.6
2025-01-13 04:20:00+00:00,4150.6
2025-01-13 04:25:00+00:00,4150.6
2025-01-13 04:30:00+00:00,3486.8
2025-01-13 04:35:00+00:00,3486.8
2025-01-13 04:40:00+00:00,3486.8
2025-01-13 04:45:00+00:00,2956.7
2025-01-13 04:50:00+00:00,2956.7
2025-01-13 04:55:00+00:00,2956.7
2025-01-13 05:00:00+00:00,3670.2
2025-01-13 05:05:00+00:00,3670.2
2025-01-13 05:10:00+00:00,3670.2
2025-01-13 05:15:00+00:00,2314.4
2025-01-13 05:20:00+00:00,2314.4
2025-01-13 05:25:00+00:00,2314.4
2025-01-13 05:30:00+00:00,2154.6
2025-01-13 05:35:00+00:00,2154.6
2025-01-13 05:40:00+00:00,2154.6
2025-01-13 05:45:00+00:00,1889.4
2025-01-13 05:50:00+00:00,1889.4
2025-01-13 05:55:00+00:00,1889.4
2025-01-13 06:00:00+00:00,1974.9
2025-01-13 06:05:00+00:00,1974.9
2025-01-13 06:10:00+00:00,1974.9
2025-01-13 06:15:00+00:00,3117.5
2025-01-13 06:20:00+00:00,3117.5
2025-01-13 06:25:00+00:00,3117.5
2025-01-13 06:30:00+00:00,2908.9
2025-01-13 06:35:00+00:00,2908.9
2025-01-13 06:40:00+00:00,2908.9
2025-01-13 06:45:00+00:00,1806.9
2025-01-13 06:50:00+00:00,1806.9
2025-01-13 06:55:00+00:00,1806.9
2025-01-13 07:00:00+00:00,1508.2
2025-01-13 07:05:00+00:00,1508.2
2025-01-13 07:10:00+00:00,1508.2
2025-01-13 07:15:00+00:00,1886.4
2025-01-13 07:20:00+00:00,1886.4
2025-01-13 07:25:00+00:00,1886.4
2025-01-13 07:30:00+00:00,2309.4
2025-01-13 07:35:00+00:00,2309.4
2025-01-13 07:40:00+00:00,2309.4
2025-01-13 07:45:00+00:00,2194.7
2025-01-13 07:50:00+00:00,2194.7
2025-01-13 07:55:00+00:00,2194.7
2025-01-13 08:00:00+00:00,2628.8
2025-01-13 08:05:00+00:00,2628.8
2025-01-13 08:10:00+00:00,2628.8
2025-01-13 08:15:00+00:00,2262.4
2025-01-13 08:20:00+00:00,2262.4
2025-01-13 08:25:00+00:00,2262.4
2025-01-13 08:30:00+00:00,2555.0
2025-01-13 08:35:00+00:00,2555.0
2025-01-13 08:40:00+00:00,2555.0
2025-01-13 08:45:00+00:00,2740.7
2025-01-13 08:50:00+00:00,2740.7
2025-01-13 08:55:00+00:00,2740.7
2025-01-13 09:00:00+00:00,3058.3
2025-01-13 09:05:00+00:00,3058.3
2025-01-13 09:10:00+00:00,3058.3
2025-01-13 09:15:00+00:00,1854.7
2025-01-13 09:20:00+00:00,1854.7
2025-01-13 09:25:00+00:00,1854.7
2025-01-13 09:30:00+00:00,2639.3
2025-01-13 09:35:00+00:00,2639.3
2025-01-13 09:40:00+00:00,2639.3
2025-01-13 09:45:00+00:00,3025.7
2025-01-13 09:50:00+00:00,3025.7
2025-01-13 09:55:00+00:00,3025.7
2025-01-13 10:00:00+00:00,1195.0
2025-01-13 10:05:00+00:00,1195.0
2025-01-13 10:10:00+00:00,1195.0
2025-01-13 10:15:00+00:00,3081.9
2025-01-13 10:20:00+00:00,3081.9
2025-01-13 10:25:00+00:00,3081.9
2025-01-13 10:30:00+00:00,1492.3
2025-01-13 10:35:00+00:00,1492.3
2025-01-13 10:40:00+00:00,1492.3
2025-01-13 10:45:00+00:00,2546.7
2025-01-13 10:50:00+00:00,2546.7
2025-01-13 10:55:00+00:00,2546.7
2025-01-13 11:00:00+00:00,1881.8
2025-01-13 11:05:00+00:00,1881.8
2025-01-13 11:10:00+00:00,1881.8
2025-01-13 11:15:00+00:00,3946.4
2025-01-13 11:20:00+00:00,3946.4
2025-01-13 11:25:00+00:00,3946.4
2025-01-13 11:30:00+00:00,1043.3
2025-01-13 11:35:00+00:00,1043.3
2025-01-13 11:40:00+00:00,1043.3
2025-01-13 11:45:00+00:00,2253.8
2025-01-13 11:50:00+00:00,2253.8
2025-01-13 11:55:00+00:00,2253.8
2025-01-13 12:00:00+00:00,1897.4
2025-01-13 12:05:00+00:00,1897.4
2025-01-13 12:10:00+00:00,1897.4
2025-01-13 12:15:00+00:00,3065.4
2025-01-13 12:20:00+00:00,3065.4
2025-01-13 12:25:00+00:00,3065.4
2025-01-13 12:30:00+00:00,1156.7
2025-01-13 12:35:00+00:00,1156.7
2025-01-13 12:40:00+00:00,1156.7
2025-01-13 12:45:00+00:00,2958.5
2025-01-13 12:50:00+00:00,2958.5
2025-01-13 12:55:00+00:00,2958.5
2025-01-13 13:00:00+00:00,1836.2
2025-01-13 13:05:00+00:00,1836.2
2025-01-13 13:10:00+00:00,1836.2
2025-01-13 13:15:00+00:00,2956.3
2025-01-13 13:20:00+00:00,2956.3
2025-01-13 13:25:00+00:00,2956.3
2025-01-13 13:30:00+00:00,3033.9
2025-01-13 13:35:00+00:00,3033.9
2025-01-13 13:40:00+00:00,3033.9
2025-01-13 13:45:00+00:00,1842.7
2025-01-13 13:50:00+00:00,1842.7
2025-01-13 13:55:00+00:00,1842.7
2025-01-13 14:00:00+00:00,1907.2
2025-01-13 14:05:00+00:00,1907.2
2025-01-13 14:10:00+00:00,1907.2
2025-01-13 14:15:00+00:00,4376.9
2025-01-13 14:20:00+00:00,4376.9
2025-01-13 14:25:00+00:00,4376.9
2025-01-13 14:30:00+00:00,1473.9
2025-01-13 14:35:00+00:00,1473.9
2025-01-13 14:40:00+00:00,1473.9
2025-01-13 14:45:00+00:00,2685.5
2025-01-13 14:50:00+00:00,2685.5
2025-01-13 14:55:00+00:00,2685.5
2025-01-13 15:00:00+00:00,2139.6
2025-01-13 15:05:00+00:00,2139.6
2025-01-13 15:10:00+00:00,2139.6
2025-01-13 15:15:00+00:00,1883.4
2025-01-13 15:20:00+00:00,1883.4
2025-01-13 15:25:00+00:00,1883.4
2025-01-13 15:30:00+00:00,2247.0
2025-01-13 15:35:00+00:00,2247.0
2025-01-13 15:40:00+00:00,2247.0
2025-01-13 15:45:00+00:00,2330.2
2025-01-13 15:50:00+00:00,2330.2
2025-01-13 15:55:00+00:00,2330.2
2025-01-13 16:00:00+00:00,2757.5
2025-01-13 16:05:00+00:00,2757.5
2025-01-13 16:10:00+00:00,2757.5
2025-01-13 16:15:00+00:00,2155.0
2025-01-13 16:20:00+00:00,2155.0
2025-01-13 16:25:00+00:00,2155.0
2025-01-13 16:30:00+00:00,1871.8
2025-01-13 16:35:00+00:00,1871.8
2025-01-13 16:40:00+00:00,1871.8
2025-01-13 16:45:00+00:00,2464.8
2025-01-13 16:50:00+00:00,2464.8
2025-01-13 16:55:00+00:00,2464.8
2025-01-13 17:00:00+00:00,1794.4
2025-01-13 17:05:00+00:00,1794.4
2025-01-13 17:10:00+00:00,1794.4
2025-01-13 17:15:00+00:00,1771.2
2025-01-13 17:20:00+00:00,1771.2
2025-01-13 17:25:00+00:00,1771.2
2025-01-13 17:30:00+00:00,1743.1
2025-01-13 17:35:00+00:00,1743.1
2025-01-13 17:40:00+00:00,1743.1
2025-01-13 17:45:00+00:00,2752.5
2025-01-13 17:50:00+00:00,2752.5
2025-01-13 17:55:00+00:00,2752.5
2025-01-13 18:00:00+00:00,1945.2
2025-01-13 18:05:00+00:00,1945.2
2025-01-13 18:10:00+00:00,1945.2
2025-01-13 18:15:00+00:00,1861.3
2025-01-13 18:20:00+00:00,1861.3
2025-01-13 18:25:00+00:00,1861.3
2025-01-13 18:30:00+00:00,3311.1
2025-01-13 18:35:00+00:00,3311.1
2025-01-13 18:40:00+00:00,3311.1
2025-01-13 18:45:00+00:00,2141.5
2025-01-13 18:50:00+00:00,2141.5
2025-01-13 18:55:00+00:00,2141.5
2025-01-13 19:00:00+00:00,2606.9
2025-01-13 19:05:00+00:00,2606.9
2025-01-13 19:10:00+00:00,2606.9
2025-01-13 19:15:00+00:00,1466.7
2025-01-13 19:20:00+00:00,1466.7
2025-01-13 19:25:00+00:00,1466.7
2025-01-13 19:30:00+00:00,2553.2
2025-01-13 19:35:00+00:00,2553.2
2025-01-13 19:40:00+00:00,2553.2
2025-01-13 19:45:00+00:00,2498.3
2025-01-13 19:50:00+00:00,2498.3
2025-01-13 19:55:00+00:00,2498.3
2025-01-13 20:00:00+00:00,2649.2
2025-01-13 20:05:00+00:00,2649.2
2025-01-13 20:10:00+00:00,2649.2
2025-01-13 20:15:00+00:00,2494.8
2025-01-13 20:20:00+00:00,2494.8
2025-01-13 20:25:00+00:00,2494.8
2025-01-13 20:30:00+00:00,2226.8
2025-01-13 20:35:00+00:00,2226.8
2025-01-13 20:40:00+00:00,2226.8
2025-01-13 20:45:00+00:00,1473.1
2025-01-13 20:50:00+00:00,1473.1
2025-01-13 20:55:00+00:00,1473.1
2025-01-13 21:00:00+00:00,4086.6
2025-01-13 21:05:00+00:00,4086.6
2025-01-13 21:10:00+00:00,4086.6
2025-01-13 21:15:00+00:00,2108.9
2025-01-13 21:20:00+00:00,2108.9
2025-01-13 21:25:00+00:00,2108.9
2025-01-13 21:30:00+00:00,2307.6
2025-01-13 21:35:00+00:00,2307.6
2025-01-13 21:40:00+00:00,2307.6
2025-01-13 21:45:00+00:00,2268.1
2025-01-13 21:50:00+00:00,2268.1
2025-01-13 21:55:00+00:00,2268.1
2025-01-13 22:00:00+00:00,2174.5
2025-01-13 22:05:00+00:00,2174.5
2025-01-13 22:10:00+00:00,2174.5
2025-01-13 22:15:00+00:00,2579.6
2025-01-13 22:20:00+00:00,2579.6
2025-01-13 22:25:00+00:00,2579.6
2025-01-13 22:30:00+00:00,2514.1
2025-01-13 22:35:00+00:00,2514.1
2025-01-13 22:40:00+00:00,2514.1
2025-01-13 22:45:00+00:00,3527.1
2025-01-13 22:50:00+00:00,3527.1
2025-01-13 22:55:00+00:00,3527.1
2025-01-13 23:00:00+00:00,2356.8
2025-01-13 23:05:00+00:00,2356.8
2025-01-13 23:10:00+00:00,2356.8
2025-01-13 23:15:00+00:00,1504.7
2025-01-13 23:20:00+00:00,1504.7
2025-01-13 23:25:00+00:00,1504.7
2025-01-13 23:30:00+00:00,3866.7
2025-01-13 23:35:00+00:00,3866.7
2025-01-13 23:40:00+00:00,3866.7
2025-01-13 23:45:00+00:00,1537.0
2025-01-13 23:50:00+00:00,1537.0
2025-01-13 23:55:00+00:00,1537.0
2025-01-14 00:00:00+00:00,3640.1
2025-01-14 00:05:00+00:00,3640.1
2025-01-14 00:10:00+00:00,3640.1
2025-01-14 00:15:00+00:00,4884.7
2025-01-14 00:20:00+00:00,4884.7
2025-01-14 00:25:00+00:00,4884.7
2025-01-14 00:30:00+00:00,1915.5
2025-01-14 00:35:00+00:00,1915.5
2025-01-14 00:40:00+00:00,1915.5
2025-01-14 00:45:00+00:00,3035.6
2025-01-14 00:50:00+00:00,3035.6
2025-01-14 00:55:00+00:00,3035.6
2025-01-14 01:00:00+00:00,5339.6
2025-01-14 01:05:00+00:00,5339.6
2025-01-14 01:10:00+00:00,5339.6
2025-01-14 01:15:00+00:00,3769.3
2025-01-14 01:20:00+00:00,3769.3
2025-01-14 01:25:00+00:00,3769.3
2025-01-14 01:30:00+00:00,4620.5
2025-01-14 01:35:00+00:00,4620.5
2025-01-14 01:40:00+00:00,4620.5
2025-01-14 01:45:00+00:00,5157.1
2025-01-14 01:50:00+00:00,5157.1
2025-01-14 01:55:00+00:00,5157.1
2025-01-14 02:00:00+00:00,4700.8
2025-01-14 02:05:00+00:00,4700.8
2025-01-14 02:10:00+00:00,4700.8
2025-01-14 02:15:00+00:00,5595.9
2025-01-14 02:20:00+00:00,5595.9
2025-01-14 02:25:00+00:00,5595.9
2025-01-14 02:30:00+00:00,5182.7
2025-01-14 02:35:00+00:00,5182.7
2025-01-14 02:40:00+00:00,5182.7
2025-01-14 02:45:00+00:00,4874.5
2025-01-14 02:50:00+00:00,4874.5
2025-01-14 02:55:00+00:00,4874.5
2025-01-14 03:00:00+00:00,5390.0
2025-01-14 03:05:00+00:00,5390.0
2025-01-14 03:10:00+00:00,5390.0
2025-01-14 03:15:00+00:00,5455.4
2025-01-14 03:20:00+00:00,5455.4
2025-01-14 03:25:00+00:00,5455.4
2025-01-14 03:30:00+00:00,4703.3
2025-01-14 03:35:00+00:00,4703.3
2025-01-14 03:40:00+00:00,4703.3
2025-01-14 03:45:00+00:00,4508.1
2025-01-14 03:50:00+00:00,4508.1
2025-01-14 03:55:00+00:00,4508.1
2025-01-14 04:00:00+00:00,3461.8
2025-01-14 04:05:00+00:00,3461.8
2025-01-14 04:10:00+00:00,3461.8
2025-01-14 04:15:00+00:00,4316.8
2025-01-14 04:20:00+00:00,4316.8
2025-01-14 04:25:00+00:00,4316.8
2025-01-14 04:30:00+00:00,2338.2
2025-01-14 04:35:00+00:00,2338.2
2025-01-14 04:40:00+00:00,2338.2
2025-01-14 04:45:00+00:00,4181.0
2025-01-14 04:50:00+00:00,4181.0
2025-01-14 04:55:00+00:00,4181.0
2025-01-14 05:00:00+00:00,2555.3
2025-01-14 05:05:00+00:00,2555.3
2025-01-14 05:10:00+00:00,2555.3
2025-01-14 05:15:00+00:00,2842.1
2025-01-14 05:20:00+00:00,2842.1
2025-01-14 05:25:00+00:00,2842.1
2025-01-14 05:30:00+00:00,1910.1
2025-01-14 05:35:00+00:00,1910.1
2025-01-14 05:40:00+00:00,1910.1
2025-01-14 05:45:00+00:00,2560.0
2025-01-14 05:50:00+00:00,2560.0
2025-01-14 05:55:00+00:00,2560.0
2025-01-14 06:00:00+00:00,1883.7
2025-01-14 06:05:00+00:00,1883.7
2025-01-14 06:10:00+00:00,1883.7
2025-01-14 06:15:00+00:00,1848.0
2025-01-14 06:20:00+00:00,1848.0
2025-01-14 06:25:00+00:00,1848.0
2025-01-14 06:30:00+00:00,1932.4
2025-01-14 06:35:00+00:00,1932.4
2025-01-14 06:40:00+00:00,1932.4
2025-01-14 06:45:00+00:00,2895.8
2025-01-14 06:50:00+00:00,2895.8
2025-01-14 06:55:00+00:00,2895.8
2025-01-14 07:00:00+00:00,1876.1
2025-01-14 07:05:00+00:00,1876.1
2025-01-14 07:10:00+00:00,1876.1
2025-01-14 07:15:00+00:00,2055.0
2025-01-14 07:20:00+00:00,2055.0
2025-01-14 07:25:00+00:00,2055.0
2025-01-14 07:30:00+00:00,1810.5
2025-01-14 07:35:00+00:00,1810.5
2025-01-14 07:40:00+00:00,1810.5
2025-01-14 07:45:00+00:00,2599.0
2025-01-14 07:50:00+00:00,2599.0
2025-01-14 07:55:00+00:00,2599.0
2025-01-14 08:00:00+00:00,2882.2
2025-01-14 08:05:00+00:00,2882.2
2025-01-14 08:10:00+00:00,2882.2
2025-01-14 08:15:00+00:00,1458.6
2025-01-14 08:20:00+00:00,1458.6
2025-01-14 08:25:00+00:00,1458.6
2025-01-14 08:30:00+00:00,2695.3
2025-01-14 08:35:00+00:00,2695.3
2025-01-14 08:40:00+00:00,2695.3
2025-01-14 08:45:00+00:00,2149.7
2025-01-14 08:50:00+00:00,2149.7
2025-01-14 08:55:00+00:00,2149.7
2025-01-14 09:00:00+00:00,1614.0
2025-01-14 09:05:00+00:00,1614.0
2025-01-14 09:10:00+00:00,1614.0
2025-01-14 09:15:00+00:00,4028.7
2025-01-14 09:20:00+00:00,4028.7
2025-01-14 09:25:00+00:00,4028.7
2025-01-14 09:30:00+00:00,1796.6
2025-01-14 09:35:00+00:00,1796.6
2025-01-14 09:40:00+00:00,1796.6
2025-01-14 09:45:00+00:00,1862.1
2025-01-14 09:50:00+00:00,1862.1
2025-01-14 09:55:00+00:00,1862.1
2025-01-14 10:00:00+00:00,2419.3
2025-01-14 10:05:00+00:00,2419.3
2025-01-14 10:10:00+00:00,2419.3
2025-01-14 10:15:00+00:00,3311.4
2025-01-14 10:20:00+00:00,3311.4
2025-01-14 10:25:00+00:00,3311.4
2025-01-14 10:30:00+00:00,1506.3
2025-01-14 10:35:00+00:00,1506.3
2025-01-14 10:40:00+00:00,1506.3
2025-01-14 10:45:00+00:00,2519.4
2025-01-14 10:50:00+00:00,2519.4
2025-01-14 10:55:00+00:00,2519.4
2025-01-14 11:00:00+00:00,2298.3
2025-01-14 11:05:00+00:00,2298.3
2025-01-14 11:10:00+00:00,2298.3
2025-01-14 11:15:00+00:00,2990.5
2025-01-14 11:20:00+00:00,2990.5
2025-01-14 11:25:00+00:00,2990.5
2025-01-14 11:30:00+00:00,2889.3
2025-01-14 11:35:00+00:00,2889.3
2025-01-14 11:40:00+00:00,2889.3
2025-01-14 11:45:00+00:00,1751.1
2025-01-14 11:50:00+00:00,1751.1
2025-01-14 11:55:00+00:00,1751.1
2025-01-14 12:00:00+00:00,1934.6
2025-01-14 12:05:00+00:00,1934.6
2025-01-14 12:10:00+00:00,1934.6
2025-01-14 12:15:00+00:00,2289.2
2025-01-14 12:20:00+00:00,2289.2
2025-01-14 12:25:00+00:00,2289.2
2025-01-14 12:30:00+00:00,2709.9
2025-01-14 12:35:00+00:00,2709.9
2025-01-14 12:40:00+00:00,2709.9
2025-01-14 12:45:00+00:00,3787.1
2025-01-14 12:50:00+00:00,3787.1
2025-01-14 12:55:00+00:00,3787.1
2025-01-14 13:00:00+00:00,3353.2
2025-01-14 13:05:00+00:00,3353.2
2025-01-14 13:10:00+00:00,3353.2
2025-01-14 13:15:00+00:00,1484.0
2025-01-14 13:20:00+00:00,1484.0
2025-01-14 13:25:00+00:00,1484.0
2025-01-14 13:30:00+00:00,1881.6
2025-01-14 13:35:00+00:00,1881.6
2025-01-14 13:40:00+00:00,1881.6
2025-01-14 13:45:00+00:00,2591.0
2025-01-14 13:50:00+00:00,2591.0
2025-01-14 13:55:00+00:00,2591.0
2025-01-14 14:00:00+00:00,2197.6
2025-01-14 14:05:00+00:00,2197.6
2025-01-14 14:10:00+00:00,2197.6
2025-01-14 14:15:00+00:00,2578.8
2025-01-14 14:20:00+00:00,2578.8
2025-01-14 14:25:00+00:00,2578.8
2025-01-14 14:30:00+00:00,2120.0
2025-01-14 14:35:00+00:00,2120.0
2025-01-14 14:40:00+00:00,2120.0
2025-01-14 14:45:00+00:00,2971.6
2025-01-14 14:50:00+00:00,2971.6
2025-01-14 14:55:00+00:00,2971.6
2025-01-14 15:00:00+00:00,1163.8
2025-01-14 15:05:00+00:00,1163.8
2025-01-14 15:10:00+00:00,1163.8
2025-01-14 15:15:00+00:00,1621.3
2025-01-14 15:20:00+00:00,1621.3
2025-01-14 15:25:00+00:00,1621.3
2025-01-14 15:30:00+00:00,3015.1
2025-01-14 15:35:00+00:00,3015.1
2025-01-14 15:40:00+00:00,3015.1
2025-01-14 15:45:00+00:00,2875.4
2025-01-14 15:50:00+00:00,2875.4
2025-01-14 15:55:00+00:00,2875.4
2025-01-14 16:00:00+00:00,1999.2
2025-01-14 16:05:00+00:00,1999.2
2025-01-14 16:10:00+00:00,1999.2
2025-01-14 16:15:00+00:00,2293.3
2025-01-14 16:20:00+00:00,2293.3
2025-01-14 16:25:00+00:00,2293.3
2025-01-14 16:30:00+00:00,2462.3
2025-01-14 16:35:00+00:00,2462.3
2025-01-14 16:40:00+00:00,2462.3
2025-01-14 16:45:00+00:00,3058.7
2025-01-14 16:50:00+00:00,3058.7
2025-01-14 16:55:00+00:00,3058.7
2025-01-14 17:00:00+00:00,2473.9
2025-01-14 17:05:00+00:00,2473.9
2025-01-14 17:10:00+00:00,2473.9
2025-01-14 17:15:00+00:00,1859.7
2025-01-14 17:20:00+00:00,1859.7
2025-01-14 17:25:00+00:00,1859.7
2025-01-14 17:30:00+00:00,1810.1
2025-01-14 17:35:00+00:00,1810.1
2025-01-14 17:40:00+00:00,1810.1
2025-01-14 17:45:00+00:00,2794.8
2025-01-14 17:50:00+00:00,2794.8
2025-01-14 17:55:00+00:00,2794.8
2025-01-14 18:00:00+00:00,2284.1
2025-01-14 18:05:00+00:00,2284.1
2025-01-14 18:10:00+00:00,2284.1
2025-01-14 18:15:00+00:00,1806.9
2025-01-14 18:20:00+00:00,1806.9
2025-01-14 18:25:00+00:00,1806.9
2025-01-14 18:30:00+00:00,2738.0
2025-01-14 18:35:00+00:00,2738.0
2025-01-14 18:40:00+00:00,2738.0
2025-01-14 18:45:00+00:00,1487.6
2025-01-14 18:50:00+00:00,1487.6
2025-01-14 18:55:00+00:00,1487.6
2025-01-14 19:00:00+00:00,3813.9
2025-01-14 19:05:00+00:00,3813.9
2025-01-14 19:10:00+00:00,3813.9
2025-01-14 19:15:00+00:00,2415.5
2025-01-14 19:20:00+00:00,2415.5
2025-01-14 19:25:00+00:00,2415.5
2025-01-14 19:30:00+00:00,2561.9
2025-01-14 19:35:00+00:00,2561.9
2025-01-14 19:40:00+00:00,2561.9
2025-01-14 19:45:00+00:00,1867.6
2025-01-14 19:50:00+00:00,1867.6
2025-01-14 19:55:00+00:00,1867.6
2025-01-14 20:00:00+00:00,1872.2
2025-01-14 20:05:00+00:00,1872.2
2025-01-14 20:10:00+00:00,1872.2
2025-01-14 20:15:00+00:00,2940.6
2025-01-14 20:20:00+00:00,2940.6
2025-01-14 20:25:00+00:00,2940.6
2025-01-14 20:30:00+00:00,2742.7
2025-01-14 20:35:00+00:00,2742.7
2025-01-14 20:40:00+00:00,2742.7
2025-01-14 20:45:00+00:00,1457.9
2025-01-14 20:50:00+00:00,1457.9
2025-01-14 20:55:00+00:00,1457.9
2025-01-14 21:00:00+00:00,2280.4
2025-01-14 21:05:00+00:00,2280.4
2025-01-14 21:10:00+00:00,2280.4
2025-01-14 21:15:00+00:00,2265.7
2025-01-14 21:20:00+00:00,2265.7
2025-01-14 21:25:00+00:00,2265.7
2025-01-14 21:30:00+00:00,1879.7
2025-01-14 21:35:00+00:00,1879.7
2025-01-14 21:40:00+00:00,1879.7
2025-01-14 21:45:00+00:00,3058.8
2025-01-14 21:50:00+00:00,3058.8
2025-01-14 21:55:00+00:00,3058.8
2025-01-14 22:00:00+00:00,2110.4
2025-01-14 22:05:00+00:00,2110.4
2025-01-14 22:10:00+00:00,2110.4
2025-01-14 22:15:00+00:00,1485.1
2025-01-14 22:20:00+00:00,1485.1
2025-01-14 22:25:00+00:00,1485.1
2025-01-14 22:30:00+00:00,3128.4
2025-01-14 22:35:00+00:00,3128.4
2025-01-14 22:40:00+00:00,3128.4
2025-01-14 22:45:00+00:00,1563.1
2025-01-14 22:50:00+00:00,1563.1
2025-01-14 22:55:00+00:00,1563.1
2025-01-14 23:00:00+00:00,2239.8
2025-01-14 23:05:00+00:00,2239.8
2025-01-14 23:10:00+00:00,2239.8
2025-01-14 23:15:00+00:00,2341.2
2025-01-14 23:20:00+00:00,2341.2
2025-01-14 23:25:00+00:00,2341.2
2025-01-14 23:30:00+00:00,1547.5
2025-01-14 23:35:00+00:00,1547.5
2025-01-14 23:40:00+00:00,1547.5
2025-01-14 23:45:00+00:00,3969.3
2025-01-14 23:50:00+00:00,3969.3
2025-01-14 23:55:00+00:00,3969.3
2025-01-15 00:00:00+00:00,3253.3
2025-01-15 00:05:00+00:00,3253.3
2025-01-15 00:10:00+00:00,3253.3
2025-01-15 00:15:00+00:00,1767.1
2025-01-15 00:20:00+00:00,1767.1
2025-01-15 00:25:00+00:00,1767.1
2025-01-15 00:30:00+00:00,3013.2
2025-01-15 00:35:00+00:00,3013.2
2025-01-15 00:40:00+00:00,3013.2
2025-01-15 00:45:00+00:00,3574.0
2025-01-15 00:50:00+00:00,3574.0
2025-01-15 00:55:00+00:00,3574.0
2025-01-15 01:00:00+00:00,4738.7
2025-01-15 01:05:00+00:00,4738.7
2025-01-15 01:10:00+00:00,4738.7
2025-01-15 01:15:00+00:00,4462.5
2025-01-15 01:20:00+00:00,4462.5
2025-01-15 01:25:00+00:00,4462.5
2025-01-15 01:30:00+00:00,4003.5
2025-01-15 01:35:00+00:00,4003.5
2025-01-15 01:40:00+00:00,4003.5
2025-01-15 01:45:00+00:00,6003.3
2025-01-15 01:50:00+00:00,6003.3
2025-01-15 01:55:00+00:00,6003.3
2025-01-15 02:00:00+00:00,4534.2
2025-01-15 02:05:00+00:00,4534.2
2025-01-15 02:10:00+00:00,4534.2
2025-01-15 02:15:00+00:00,6060.6
2025-01-15 02:20:00+00:00,6060.6
2025-01-15 02:25:00+00:00,6060.6
2025-01-15 02:30:00+00:00,4824.4
2025-01-15 02:35:00+00:00,4824.4
2025-01-15 02:40:00+00:00,4824.4
2025-01-15 02:45:00+00:00,5487.8
2025-01-15 02:50:00+00:00,5487.8
2025-01-15 02:55:00+00:00,5487.8
2025-01-15 03:00:00+00:00,4223.1
2025-01-15 03:05:00+00:00,4223.1
2025-01-15 03:10:00+00:00,4223.1
2025-01-15 03:15:00+00:00,5520.0
2025-01-15 03:20:00+00:00,5520.0
2025-01-15 03:25:00+00:00,5520.0
2025-01-15 03:30:00+00:00,4565.6
2025-01-15 03:35:00+00:00,4565.6
2025-01-15 03:40:00+00:00,4565.6
2025-01-15 03:45:00+00:00,2738.3
2025-01-15 03:50:00+00:00,2738.3
2025-01-15 03:55:00+00:00,2738.3
2025-01-15 04:00:00+00:00,4068.9
2025-01-15 04:05:00+00:00,4068.9
2025-01-15 04:10:00+00:00,4068.9
2025-01-15 04:15:00+00:00,2516.0
2025-01-15 04:20:00+00:00,2516.0
2025-01-15 04:25:00+00:00,2516.0
2025-01-15 04:30:00+00:00,2307.8
2025-01-15 04:35:00+00:00,2307.8
2025-01-15 04:40:00+00:00,2307.8
2025-01-15 04:45:00+00:00,3526.5
2025-01-15 04:50:00+00:00,3526.5
2025-01-15 04:55:00+00:00,3526.5
2025-01-15 05:00:00+00:00,3293.7
2025-01-15 05:05:00+00:00,3293.7
2025-01-15 05:10:00+00:00,3293.7
2025-01-15 05:15:00+00:00,2924.9
2025-01-15 05:20:00+00:00,2924.9
2025-01-15 05:25:00+00:00,2924.9
2025-01-15 05:30:00+00:00,1879.8
2025-01-15 05:35:00+00:00,1879.8
2025-01-15 05:40:00+00:00,1879.8
2025-01-15 05:45:00+00:00,1725.7
2025-01-15 05:50:00+00:00,1725.7
2025-01-15 05:55:00+00:00,1725.7
2025-01-15 06:00:00+00:00,1517.6
2025-01-15 06:05:00+00:00,1517.6
2025-01-15 06:10:00+00:00,1517.6
2025-01-15 06:15:00+00:00,1513.5
2025-01-15 06:20:00+00:00,1513.5
2025-01-15 06:25:00+00:00,1513.5
2025-01-15 06:30:00+00:00,3445.1
2025-01-15 06:35:00+00:00,3445.1
2025-01-15 06:40:00+00:00,3445.1
2025-01-15 06:45:00+00:00,1902.9
2025-01-15 06:50:00+00:00,1902.9
2025-01-15 06:55:00+00:00,1902.9
2025-01-15 07:00:00+00:00,1458.0
2025-01-15 07:05:00+00:00,1458.0
2025-01-15 07:10:00+00:00,1458.0
2025-01-15 07:15:00+00:00,2346.6
2025-01-15 07:20:00+00:00,2346.6
2025-01-15 07:25:00+00:00,2346.6
2025-01-15 07:30:00+00:00,3011.2
2025-01-15 07:35:00+00:00,3011.2
2025-01-15 07:40:00+00:00,3011.2
2025-01-15 07:45:00+00:00,1962.7
2025-01-15 07:50:00+00:00,1962.7
2025-01-15 07:55:00+00:00,1962.7
2025-01-15 08:00:00+00:00,2572.0
2025-01-15 08:05:00+00:00,2572.0
2025-01-15 08:10:00+00:00,2572.0
2025-01-15 08:15:00+00:00,2581.6
2025-01-15 08:20:00+00:00,2581.6
2025-01-15 08:25:00+00:00,2581.6
2025-01-15 08:30:00+00:00,1105.3
2025-01-15 08:35:00+00:00,1105.3
2025-01-15 08:40:00+00:00,1105.3
2025-01-15 08:45:00+00:00,2340.2
2025-01-15 08:50:00+00:00,2340.2
2025-01-15 08:55:00+00:00,2340.2
2025-01-15 09:00:00+00:00,2339.0
2025-01-15 09:05:00+00:00,2339.0
2025-01-15 09:10:00+00:00,2339.0
2025-01-15 09:15:00+00:00,2637.2
2025-01-15 09:20:00+00:00,2637.2
2025-01-15 09:25:00+00:00,2637.2
2025-01-15 09:30:00+00:00,2170.2
2025-01-15 09:35:00+00:00,2170.2
2025-01-15 09:40:00+00:00,2170.2
2025-01-15 09:45:00+00:00,1541.0
2025-01-15 09:50:00+00:00,1541.0
2025-01-15 09:55:00+00:00,1541.0
2025-01-15 10:00:00+00:00,1227.4
2025-01-15 10:05:00+00:00,1227.4
2025-01-15 10:10:00+00:00,1227.4
2025-01-15 10:15:00+00:00,3362.9
2025-01-15 10:20:00+00:00,3362.9
2025-01-15 10:25:00+00:00,3362.9
2025-01-15 10:30:00+00:00,2993.5
2025-01-15 10:35:00+00:00,2993.5
2025-01-15 10:40:00+00:00,2993.5
2025-01-15 10:45:00+00:00,2450.1
2025-01-15 10:50:00+00:00,2450.1
2025-01-15 10:55:00+00:00,2450.1
2025-01-15 11:00:00+00:00,1888.5
2025-01-15 11:05:00+00:00,1888.5
2025-01-15 11:10:00+00:00,1888.5
2025-01-15 11:15:00+00:00,1929.8
2025-01-15 11:20:00+00:00,1929.8
2025-01-15 11:25:00+00:00,1929.8
2025-01-15 11:30:00+00:00,2607.7
2025-01-15 11:35:00+00:00,2607.7
2025-01-15 11:40:00+00:00,2607.7
2025-01-15 11:45:00+00:00,2328.0
2025-01-15 11:50:00+00:00,2328.0
2025-01-15 11:55:00+00:00,2328.0
2025-01-15 12:00:00+00:00,3694.8
2025-01-15 12:05:00+00:00,3694.8
2025-01-15 12:10:00+00:00,3694.8
2025-01-15 12:15:00+00:00,2177.8
2025-01-15 12:20:00+00:00,2177.8
2025-01-15 12:25:00+00:00,2177.8
2025-01-15 12:30:00+00:00,1518.1
2025-01-15 12:35:00+00:00,1518.1
2025-01-15 12:40:00+00:00,1518.1
2025-01-15 12:45:00+00:00,2283.4
2025-01-15 12:50:00+00:00,2283.4
2025-01-15 12:55:00+00:00,2283.4
2025-01-15 13:00:00+00:00,1547.9
2025-01-15 13:05:00+00:00,1547.9
2025-01-15 13:10:00+00:00,1547.9
2025-01-15 13:15:00+00:00,2267.6
2025-01-15 13:20:00+00:00,2267.6
2025-01-15 13:25:00+00:00,2267.6
2025-01-15 13:30:00+00:00,2246.3
2025-01-15 13:35:00+00:00,2246.3
2025-01-15 13:40:00+00:00,2246.3
2025-01-15 13:45:00+00:00,2590.6
2025-01-15 13:50:00+00:00,2590.6
2025-01-15 13:55:00+00:00,2590.6
2025-01-15 14:00:00+00:00,2248.4
2025-01-15 14:05:00+00:00,2248.4
2025-01-15 14:10:00+00:00,2248.4
2025-01-15 14:15:00+00:00,2473.6
2025-01-15 14:20:00+00:00,2473.6
2025-01-15 14:25:00+00:00,2473.6
2025-01-15 14:30:00+00:00,2267.2
2025-01-15 14:35:00+00:00,2267.2
2025-01-15 14:40:00+00:00,2267.2
2025-01-15 14:45:00+00:00,2349.2
2025-01-15 14:50:00+00:00,2349.2
2025-01-15 14:55:00+00:00,2349.2
2025-01-15 15:00:00+00:00,1821.7
2025-01-15 15:05:00+00:00,1821.7
2025-01-15 15:10:00+00:00,1821.7
2025-01-15 15:15:00+00:00,1542.6
2025-01-15 15:20:00+00:00,1542.6
2025-01-15 15:25:00+00:00,1542.6
2025-01-15 15:30:00+00:00,2462.7
2025-01-15 15:35:00+00:00,2462.7
2025-01-15 15:40:00+00:00,2462.7
2025-01-15 15:45:00+00:00,2635.6
2025-01-15 15:50:00+00:00,2635.6
2025-01-15 15:55:00+00:00,2635.6
2025-01-15 16:00:00+00:00,2740.5
2025-01-15 16:05:00+00:00,2740.5
2025-01-15 16:10:00+00:00,2740.5
2025-01-15 16:15:00+00:00,1829.4
2025-01-15 16:20:00+00:00,1829.4
2025-01-15 16:25:00+00:00,1829.4
2025-01-15 16:30:00+00:00,2942.6
2025-01-15 16:35:00+00:00,2942.6
2025-01-15 16:40:00+00:00,2942.6
2025-01-15 16:45:00+00:00,2336.2
2025-01-15 16:50:00+00:00,2336.2
2025-01-15 16:55:00+00:00,2336.2
2025-01-15 17:00:00+00:00,2477.4
2025-01-15 17:05:00+00:00,2477.4
2025-01-15 17:10:00+00:00,2477.4
2025-01-15 17:15:00+00:00,1569.4
2025-01-15 17:20:00+00:00,1569.4
2025-01-15 17:25:00+00:00,1569.4
2025-01-15 17:30:00+00:00,1910.5
2025-01-15 17:35:00+00:00,1910.5
2025-01-15 17:40:00+00:00,1910.5
2025-01-15 17:45:00+00:00,2764.1
2025-01-15 17:50:00+00:00,2764.1
2025-01-15 17:55:00+00:00,2764.1
2025-01-15 18:00:00+00:00,2468.0
2025-01-15 18:05:00+00:00,2468.0
2025-01-15 18:10:00+00:00,2468.0
2025-01-15 18:15:00+00:00,2640.5
2025-01-15 18:20:00+00:00,2640.5
2025-01-15 18:25:00+00:00,2640.5
2025-01-15 18:30:00+00:00,2727.4
2025-01-15 18:35:00+00:00,2727.4
2025-01-15 18:40:00+00:00,2727.4
2025-01-15 18:45:00+00:00,1862.1
2025-01-15 18:50:00+00:00,1862.1
2025-01-15 18:55:00+00:00,1862.1
2025-01-15 19:00:00+00:00,1884.0
2025-01-15 19:05:00+00:00,1884.0
2025-01-15 19:10:00+00:00,1884.0
2025-01-15 19:15:00+00:00,2296.5
2025-01-15 19:20:00+00:00,2296.5
2025-01-15 19:25:00+00:00,2296.5
2025-01-15 19:30:00+00:00,2148.2
2025-01-15 19:35:00+00:00,2148.2
2025-01-15 19:40:00+00:00,2148.2
2025-01-15 19:45:00+00:00,2554.7
2025-01-15 19:50:00+00:00,2554.7
2025-01-15 19:55:00+00:00,2554.7
2025-01-15 20:00:00+00:00,1917.0
2025-01-15 20:05:00+00:00,1917.0
2025-01-15 20:10:00+00:00,1917.0
2025-01-15 20:15:00+00:00,3033.4
2025-01-15 20:20:00+00:00,3033.4
2025-01-15 20:25:00+00:00,3033.4
2025-01-15 20:30:00+00:00,1846.4
2025-01-15 20:35:00+00:00,1846.4
2025-01-15 20:40:00+00:00,1846.4
2025-01-15 20:45:00+00:00,1527.1
2025-01-15 20:50:00+00:00,1527.1
2025-01-15 20:55:00+00:00,1527.1
2025-01-15 21:00:00+00:00,3016.2
2025-01-15 21:05:00+00:00,3016.2
2025-01-15 21:10:00+00:00,3016.2
2025-01-15 21:15:00+00:00,1855.9
2025-01-15 21:20:00+00:00,1855.9
2025-01-15 21:25:00+00:00,1855.9
2025-01-15 21:30:00+00:00,1943.9
2025-01-15 21:35:00+00:00,1943.9
2025-01-15 21:40:00+00:00,1943.9
2025-01-15 21:45:00+00:00,1242.2
2025-01-15 21:50:00+00:00,1242.2
2025-01-15 21:55:00+00:00,1242.2
2025-01-15 22:00:00+00:00,4302.2
2025-01-15 22:05:00+00:00,4302.2
2025-01-15 22:10:00+00:00,4302.2
2025-01-15 22:15:00+00:00,1818.5
2025-01-15 22:20:00+00:00,1818.5
2025-01-15 22:25:00+00:00,1818.5
2025-01-15 22:30:00+00:00,1466.8
2025-01-15 22:35:00+00:00,1466.8
2025-01-15 22:40:00+00:00,1466.8
2025-01-15 22:45:00+00:00,3035.8
2025-01-15 22:50:00+00:00,3035.8
2025-01-15 22:55:00+00:00,3035.8
2025-01-15 23:00:00+00:00,2583.8
2025-01-15 23:05:00+00:00,2583.8
2025-01-15 23:10:00+00:00,2583.8
2025-01-15 23:15:00+00:00,1811.0
2025-01-15 23:20:00+00:00,1811.0
2025-01-15 23:25:00+00:00,1811.0
2025-01-15 23:30:00+00:00,2301.4
2025-01-15 23:35:00+00:00,2301.4
2025-01-15 23:40:00+00:00,2301.4
2025-01-15 23:45:00+00:00,2271.7
2025-01-15 23:50:00+00:00,2271.7
2025-01-15 23:55:00+00:00,2271.7
2025-01-16 00:00:00+00:00,3214.0
2025-01-16 00:05:00+00:00,3214.0
2025-01-16 00:10:00+00:00,3214.0
2025-01-16 00:15:00+00:00,3041.7
2025-01-16 00:20:00+00:00,3041.7
2025-01-16 00:25:00+00:00,3041.7
2025-01-16 00:30:00+00:00,4526.0
2025-01-16 00:35:00+00:00,4526.0
2025-01-16 00:40:00+00:00,4526.0
2025-01-16 00:45:00+00:00,2468.7
2025-01-16 00:50:00+00:00,2468.7
2025-01-16 00:55:00+00:00,2468.7
2025-01-16 01:00:00+00:00,4571.8
2025-01-16 01:05:00+00:00,4571.8
2025-01-16 01:10:00+00:00,4571.8
2025-01-16 01:15:00+00:00,4712.9
2025-01-16 01:20:00+00:00,4712.9
2025-01-16 01:25:00+00:00,4712.9
2025-01-16 01:30:00+00:00,3668.1
2025-01-16 01:35:00+00:00,3668.1
2025-01-16 01:40:00+00:00,3668.1
2025-01-16 01:45:00+00:00,5187.7
2025-01-16 01:50:00+00:00,5187.7
2025-01-16 01:55:00+00:00,5187.7
2025-01-16 02:00:00+00:00,4998.4
2025-01-16 02:05:00+00:00,4998.4
2025-01-16 02:10:00+00:00,4998.4
2025-01-16 02:15:00+00:00,5795.0
2025-01-16 02:20:00+00:00,5795.0
2025-01-16 02:25:00+00:00,5795.0
2025-01-16 02:30:00+00:00,4854.3
2025-01-16 02:35:00+00:00,4854.3
2025-01-16 02:40:00+00:00,4854.3
2025-01-16 02:45:00+00:00,4953.2
2025-01-16 02:50:00+00:00,4953.2
2025-01-16 02:55:00+00:00,4953.2
2025-01-16 03:00:00+00:00,4777.6
2025-01-16 03:05:00+00:00,4777.6
2025-01-16 03:10:00+00:00,4777.6
2025-01-16 03:15:00+00:00,5237.9
2025-01-16 03:20:00+00:00,5237.9
2025-01-16 03:25:00+00:00,5237.9
2025-01-16 03:30:00+00:00,4701.0
2025-01-16 03:35:00+00:00,4701.0
2025-01-16 03:40:00+00:00,4701.0
2025-01-16 03:45:00+00:00,4681.1
2025-01-16 03:50:00+00:00,4681.1
2025-01-16 03:55:00+00:00,4681.1
2025-01-16 04:00:00+00:00,3587.1
2025-01-16 04:05:00+00:00,3587.1
2025-01-16 04:10:00+00:00,3587.1
2025-01-16 04:15:00+00:00,2239.7
2025-01-16 04:20:00+00:00,2239.7
2025-01-16 04:25:00+00:00,2239.7
2025-01-16 04:30:00+00:00,3767.2
2025-01-16 04:35:00+00:00,3767.2
2025-01-16 04:40:00+00:00,3767.2
2025-01-16 04:45:00+00:00,3839.2
2025-01-16 04:50:00+00:00,3839.2
2025-01-16 04:55:00+00:00,3839.2
2025-01-16 05:00:00+00:00,2462.1
2025-01-16 05:05:00+00:00,2462.1
2025-01-16 05:10:00+00:00,2462.1
2025-01-16 05:15:00+00:00,2588.6
2025-01-16 05:20:00+00:00,2588.6
2025-01-16 05:25:00+00:00,2588.6
2025-01-16 05:30:00+00:00,2319.9
2025-01-16 05:35:00+00:00,2319.9
2025-01-16 05:40:00+00:00,2319.9
2025-01-16 05:45:00+00:00,1790.3
2025-01-16 05:50:00+00:00,1790.3
2025-01-16 05:55:00+00:00,1790.3
2025-01-16 06:00:00+00:00,2447.4
2025-01-16 06:05:00+00:00,2447.4
2025-01-16 06:10:00+00:00,2447.4
2025-01-16 06:15:00+00:00,2223.0
2025-01-16 06:20:00+00:00,2223.0
2025-01-16 06:25:00+00:00,2223.0
2025-01-16 06:30:00+00:00,2130.5
2025-01-16 06:35:00+00:00,2130.5
2025-01-16 06:40:00+00:00,2130.5
2025-01-16 06:45:00+00:00,1933.4
2025-01-16 06:50:00+00:00,1933.4
2025-01-16 06:55:00+00:00,1933.4
2025-01-16 07:00:00+00:00,1527.6
2025-01-16 07:05:00+00:00,1527.6
2025-01-16 07:10:00+00:00,1527.6
2025-01-16 07:15:00+00:00,2445.1
2025-01-16 07:20:00+00:00,2445.1
2025-01-16 07:25:00+00:00,2445.1
2025-01-16 07:30:00+00:00,1937.1
2025-01-16 07:35:00+00:00,1937.1
2025-01-16 07:40:00+00:00,1937.1
2025-01-16 07:45:00+00:00,2965.5
2025-01-16 07:50:00+00:00,2965.5
2025-01-16 07:55:00+00:00,2965.5
2025-01-16 08:00:00+00:00,1464.1
2025-01-16 08:05:00+00:00,1464.1
2025-01-16 08:10:00+00:00,1464.1
2025-01-16 08:15:00+00:00,2600.6
2025-01-16 08:20:00+00:00,2600.6
2025-01-16 08:25:00+00:00,2600.6
2025-01-16 08:30:00+00:00,2986.5
2025-01-16 08:35:00+00:00,2986.5
2025-01-16 08:40:00+00:00,2986.5
2025-01-16 08:45:00+00:00,1521.3
2025-01-16 08:50:00+00:00,1521.3
2025-01-16 08:55:00+00:00,1521.3
2025-01-16 09:00:00+00:00,2597.9
2025-01-16 09:05:00+00:00,2597.9
2025-01-16 09:10:00+00:00,2597.9
2025-01-16 09:15:00+00:00,2114.1
2025-01-16 09:20:00+00:00,2114.1
2025-01-16 09:25:00+00:00,2114.1
2025-01-16 09:30:00+00:00,3071.8
2025-01-16 09:35:00+00:00,3071.8
2025-01-16 09:40:00+00:00,3071.8
2025-01-16 09:45:00+00:00,1938.0
2025-01-16 09:50:00+00:00,1938.0
2025-01-16 09:55:00+00:00,1938.0
2025-01-16 10:00:00+00:00,2304.8
2025-01-16 10:05:00+00:00,2304.8
2025-01-16 10:10:00+00:00,2304.8
2025-01-16 10:15:00+00:00,1890.2
2025-01-16 10:20:00+00:00,1890.2
2025-01-16 10:25:00+00:00,1890.2
2025-01-16 10:30:00+00:00,2655.6
2025-01-16 10:35:00+00:00,2655.6
2025-01-16 10:40:00+00:00,2655.6
2025-01-16 10:45:00+00:00,2501.3
2025-01-16 10:50:00+00:00,2501.3
2025-01-16 10:55:00+00:00,2501.3
2025-01-16 11:00:00+00:00,1471.7
2025-01-16 11:05:00+00:00,1471.7
2025-01-16 11:10:00+00:00,1471.7
2025-01-16 11:15:00+00:00,2892.7
2025-01-16 11:20:00+00:00,2892.7
2025-01-16 11:25:00+00:00,2892.7
2025-01-16 11:30:00+00:00,1547.7
2025-01-16 11:35:00+00:00,1547.7
2025-01-16 11:40:00+00:00,1547.7
2025-01-16 11:45:00+00:00,2616.0
2025-01-16 11:50:00+00:00,2616.0
2025-01-16 11:55:00+00:00,2616.0
2025-01-16 12:00:00+00:00,1947.7
2025-01-16 12:05:00+00:00,1947.7
2025-01-16 12:10:00+00:00,1947.7
2025-01-16 12:15:00+00:00,3306.4
2025-01-16 12:20:00+00:00,3306.4
2025-01-16 12:25:00+00:00,3306.4
2025-01-16 12:30:00+00:00,1470.0
2025-01-16 12:35:00+00:00,1470.0
2025-01-16 12:40:00+00:00,1470.0
2025-01-16 12:45:00+00:00,2136.5
2025-01-16 12:50:00+00:00,2136.5
2025-01-16 12:55:00+00:00,2136.5
2025-01-16 13:00:00+00:00,2693.0
2025-01-16 13:05:00+00:00,2693.0
2025-01-16 13:10:00+00:00,2693.0
2025-01-16 13:15:00+00:00,2607.0
2025-01-16 13:20:00+00:00,2607.0
2025-01-16 13:25:00+00:00,2607.0
2025-01-16 13:30:00+00:00,1137.1
2025-01-16 13:35:00+00:00,1137.1
2025-01-16 13:40:00+00:00,1137.1
2025-01-16 13:45:00+00:00,2324.0
2025-01-16 13:50:00+00:00,2324.0
2025-01-16 13:55:00+00:00,2324.0
2025-01-16 14:00:00+00:00,1900.2
2025-01-16 14:05:00+00:00,1900.2
2025-01-16 14:10:00+00:00,1900.2
2025-01-16 14:15:00+00:00,2988.7
2025-01-16 14:20:00+00:00,2988.7
2025-01-16 14:25:00+00:00,2988.7
2025-01-16 14:30:00+00:00,1933.8
2025-01-16 14:35:00+00:00,1933.8
2025-01-16 14:40:00+00:00,1933.8
2025-01-16 14:45:00+00:00,2613.5
2025-01-16 14:50:00+00:00,2613.5
2025-01-16 14:55:00+00:00,2613.5
2025-01-16 15:00:00+00:00,2340.8
2025-01-16 15:05:00+00:00,2340.8
2025-01-16 15:10:00+00:00,2340.8
2025-01-16 15:15:00+00:00,2903.8
2025-01-16 15:20:00+00:00,2903.8
2025-01-16 15:25:00+00:00,2903.8
2025-01-16 15:30:00+00:00,2521.0
2025-01-16 15:35:00+00:00,2521.0
2025-01-16 15:40:00+00:00,2521.0
2025-01-16 15:45:00+00:00,2186.2
2025-01-16 15:50:00+00:00,2186.2
2025-01-16 15:55:00+00:00,2186.2
2025-01-16 16:00:00+00:00,1834.5
2025-01-16 16:05:00+00:00,1834.5
2025-01-16 16:10:00+00:00,1834.5
2025-01-16 16:15:00+00:00,2593.4
2025-01-16 16:20:00+00:00,2593.4
2025-01-16 16:25:00+00:00,2593.4
2025-01-16 16:30:00+00:00,1151.6
2025-01-16 16:35:00+00:00,1151.6
2025-01-16 16:40:00+00:00,1151.6
2025-01-16 16:45:00+00:00,2732.7
2025-01-16 16:50:00+00:00,2732.7
2025-01-16 16:55:00+00:00,2732.7
2025-01-16 17:00:00+00:00,3785.5
2025-01-16 17:05:00+00:00,3785.5
2025-01-16 17:10:00+00:00,3785.5
2025-01-16 17:15:00+00:00,1781.9
2025-01-16 17:20:00+00:00,1781.9
2025-01-16 17:25:00+00:00,1781.9
2025-01-16 17:30:00+00:00,1460.9
2025-01-16 17:35:00+00:00,1460.9
2025-01-16 17:40:00+00:00,1460.9
2025-01-16 17:45:00+00:00,2334.4
2025-01-16 17:50:00+00:00,2334.4
2025-01-16 17:55:00+00:00,2334.4
2025-01-16 18:00:00+00:00,2221.3
2025-01-16 18:05:00+00:00,2221.3
2025-01-16 18:10:00+00:00,2221.3
2025-01-16 18:15:00+00:00,2973.6
2025-01-16 18:20:00+00:00,2973.6
2025-01-16 18:25:00+00:00,2973.6
2025-01-16 18:30:00+00:00,2254.7
2025-01-16 18:35:00+00:00,2254.7
2025-01-16 18:40:00+00:00,2254.7
2025-01-16 18:45:00+00:00,2089.0
2025-01-16 18:50:00+00:00,2089.0
2025-01-16 18:55:00+00:00,2089.0
2025-01-16 19:00:00+00:00,2213.1
2025-01-16 19:05:00+00:00,2213.1
2025-01-16 19:10:00+00:00,2213.1
2025-01-16 19:15:00+00:00,2211.0
2025-01-16 19:20:00+00:00,2211.0
2025-01-16 19:25:00+00:00,2211.0
2025-01-16 19:30:00+00:00,1759.8
2025-01-16 19:35:00+00:00,1759.8
2025-01-16 19:40:00+00:00,1759.8
2025-01-16 19:45:00+00:00,1224.5
2025-01-16 19:50:00+00:00,1224.5
2025-01-16 19:55:00+00:00,1224.5
2025-01-16 20:00:00+00:00,4186.5
2025-01-16 20:05:00+00:00,4186.5
2025-01-16 20:10:00+00:00,4186.5
2025-01-16 20:15:00+00:00,1959.9
2025-01-16 20:20:00+00:00,1959.9
2025-01-16 20:25:00+00:00,1959.9
2025-01-16 20:30:00+00:00,2781.7
2025-01-16 20:35:00+00:00,2781.7
2025-01-16 20:40:00+00:00,2781.7
2025-01-16 20:45:00+00:00,1447.6
2025-01-16 20:50:00+00:00,1447.6
2025-01-16 20:55:00+00:00,1447.6
2025-01-16 21:00:00+00:00,1562.5
2025-01-16 21:05:00+00:00,1562.5
2025-01-16 21:10:00+00:00,1562.5
2025-01-16 21:15:00+00:00,2868.2
2025-01-16 21:20:00+00:00,2868.2
2025-01-16 21:25:00+00:00,2868.2
2025-01-16 21:30:00+00:00,2148.3
2025-01-16 21:35:00+00:00,2148.3
2025-01-16 21:40:00+00:00,2148.3
2025-01-16 21:45:00+00:00,1548.9
2025-01-16 21:50:00+00:00,1548.9
2025-01-16 21:55:00+00:00,1548.9
2025-01-16 22:00:00+00:00,3053.4
2025-01-16 22:05:00+00:00,3053.4
2025-01-16 22:10:00+00:00,3053.4
2025-01-16 22:15:00+00:00,2514.4
2025-01-16 22:20:00+00:00,2514.4
2025-01-16 22:25:00+00:00,2514.4
2025-01-16 22:30:00+00:00,2152.4
2025-01-16 22:35:00+00:00,2152.4
2025-01-16 22:40:00+00:00,2152.4
2025-01-16 22:45:00+00:00,1474.7
2025-01-16 22:50:00+00:00,1474.7
2025-01-16 22:55:00+00:00,1474.7
2025-01-16 23:00:00+00:00,2603.3
2025-01-16 23:05:00+00:00,2603.3
2025-01-16 23:10:00+00:00,2603.3
2025-01-16 23:15:00+00:00,3106.4
2025-01-16 23:20:00+00:00,3106.4
2025-01-16 23:25:00+00:00,3106.4
2025-01-16 23:30:00+00:00,3059.7
2025-01-16 23:35:00+00:00,3059.7
2025-01-16 23:40:00+00:00,3059.7
2025-01-16 23:45:00+00:00,2170.0
2025-01-16 23:50:00+00:00,2170.0
2025-01-16 23:55:00+00:00,2170.0
2025-01-17 00:00:00+00:00,3010.5
2025-01-17 00:05:00+00:00,3010.5
2025-01-17 00:10:00+00:00,3010.5
2025-01-17 00:15:00+00:00,3709.9
2025-01-17 00:20:00+00:00,3709.9
2025-01-17 00:25:00+00:00,3709.9
2025-01-17 00:30:00+00:00,3215.3
2025-01-17 00:35:00+00:00,3215.3
2025-01-17 00:40:00+00:00,3215.3
2025-01-17 00:45:00+00:00,3407.4
2025-01-17 00:50:00+00:00,3407.4
2025-01-17 00:55:00+00:00,3407.4
2025-01-17 01:00:00+00:00,4174.3
2025-01-17 01:05:00+00:00,4174.3
2025-01-17 01:10:00+00:00,4174.3
2025-01-17 01:15:00+00:00,5808.7
2025-01-17 01:20:00+00:00,5808.7
2025-01-17 01:25:00+00:00,5808.7
2025-01-17 01:30:00+00:00,4833.5
2025-01-17 01:35:00+00:00,4833.5
2025-01-17 01:40:00+00:00,4833.5
2025-01-17 01:45:00+00:00,3566.1
2025-01-17 01:50:00+00:00,3566.1
2025-01-17 01:55:00+00:00,3566.1
2025-01-17 02:00:00+00:00,5485.8
2025-01-17 02:05:00+00:00,5485.8
2025-01-17 02:10:00+00:00,5485.8
2025-01-17 02:15:00+00:00,5830.9
2025-01-17 02:20:00+00:00,5830.9
2025-01-17 02:25:00+00:00,5830.9
2025-01-17 02:30:00+00:00,4471.1
2025-01-17 02:35:00+00:00,4471.1
2025-01-17 02:40:00+00:00,4471.1
2025-01-17 02:45:00+00:00,5950.9
2025-01-17 02:50:00+00:00,5950.9
2025-01-17 02:55:00+00:00,5950.9
2025-01-17 03:00:00+00:00,3859.1
2025-01-17 03:05:00+00:00,3859.1
2025-01-17 03:10:00+00:00,3859.1
2025-01-17 03:15:00+00:00,5695.8
2025-01-17 03:20:00+00:00,5695.8
2025-01-17 03:25:00+00:00,5695.8
2025-01-17 03:30:00+00:00,4597.2
2025-01-17 03:35:00+00:00,4597.2
2025-01-17 03:40:00+00:00,4597.2
2025-01-17 03:45:00+00:00,4737.2
2025-01-17 03:50:00+00:00,4737.2
2025-01-17 03:55:00+00:00,4737.2
2025-01-17 04:00:00+00:00,3061.6
2025-01-17 04:05:00+00:00,3061.6
2025-01-17 04:10:00+00:00,3061.6
2025-01-17 04:15:00+00:00,2907.9
2025-01-17 04:20:00+00:00,2907.9
2025-01-17 04:25:00+00:00,2907.9
2025-01-17 04:30:00+00:00,2941.4
2025-01-17 04:35:00+00:00,2941.4
2025-01-17 04:40:00+00:00,2941.4
2025-01-17 04:45:00+00:00,2696.8
2025-01-17 04:50:00+00:00,2696.8
2025-01-17 04:55:00+00:00,2696.8
2025-01-17 05:00:00+00:00,2328.1
2025-01-17 05:05:00+00:00,2328.1
2025-01-17 05:10:00+00:00,2328.1
2025-01-17 05:15:00+00:00,2229.7
2025-01-17 05:20:00+00:00,2229.7
2025-01-17 05:25:00+00:00,2229.7
2025-01-17 05:30:00+00:00,1900.7
2025-01-17 05:35:00+00:00,1900.7
2025-01-17 05:40:00+00:00,1900.7
2025-01-17 05:45:00+00:00,3031.7
2025-01-17 05:50:00+00:00,3031.7
2025-01-17 05:55:00+00:00,3031.7
2025-01-17 06:00:00+00:00,2098.0
2025-01-17 06:05:00+00:00,2098.0
2025-01-17 06:10:00+00:00,2098.0
2025-01-17 06:15:00+00:00,2667.9
2025-01-17 06:20:00+00:00,2667.9
2025-01-17 06:25:00+00:00,2667.9
2025-01-17 06:30:00+00:00,1812.5
2025-01-17 06:35:00+00:00,1812.5
2025-01-17 06:40:00+00:00,1812.5
2025-01-17 06:45:00+00:00,2723.6
2025-01-17 06:50:00+00:00,2723.6
2025-01-17 06:55:00+00:00,2723.6
2025-01-17 07:00:00+00:00,2280.9
2025-01-17 07:05:00+00:00,2280.9
2025-01-17 07:10:00+00:00,2280.9
2025-01-17 07:15:00+00:00,1510.4
2025-01-17 07:20:00+00:00,1510.4
2025-01-17 07:25:00+00:00,1510.4
2025-01-17 07:30:00+00:00,2329.7
2025-01-17 07:35:00+00:00,2329.7
2025-01-17 07:40:00+00:00,2329.7
2025-01-17 07:45:00+00:00,2145.2
2025-01-17 07:50:00+00:00,2145.2
2025-01-17 07:55:00+00:00,2145.2
2025-01-17 08:00:00+00:00,1928.0
2025-01-17 08:05:00+00:00,1928.0
2025-01-17 08:10:00+00:00,1928.0
2025-01-17 08:15:00+00:00,1506.0
2025-01-17 08:20:00+00:00,1506.0
2025-01-17 08:25:00+00:00,1506.0
2025-01-17 08:30:00+00:00,2297.7
2025-01-17 08:35:00+00:00,2297.7
2025-01-17 08:40:00+00:00,2297.7
2025-01-17 08:45:00+00:00,2707.3
2025-01-17 08:50:00+00:00,2707.3
2025-01-17 08:55:00+00:00,2707.3
2025-01-17 09:00:00+00:00,2210.0
2025-01-17 09:05:00+00:00,2210.0
2025-01-17 09:10:00+00:00,2210.0
2025-01-17 09:15:00+00:00,2323.4
2025-01-17 09:20:00+00:00,2323.4
2025-01-17 09:25:00+00:00,2323.4
2025-01-17 09:30:00+00:00,1962.9
2025-01-17 09:35:00+00:00,1962.9
2025-01-17 09:40:00+00:00,1962.9
2025-01-17 09:45:00+00:00,2513.3
2025-01-17 09:50:00+00:00,2513.3
2025-01-17 09:55:00+00:00,2513.3
2025-01-17 10:00:00+00:00,2593.9
2025-01-17 10:05:00+00:00,2593.9
2025-01-17 10:10:00+00:00,2593.9
2025-01-17 10:15:00+00:00,2175.4
2025-01-17 10:20:00+00:00,2175.4
2025-01-17 10:25:00+00:00,2175.4
2025-01-17 10:30:00+00:00,1879.5
2025-01-17 10:35:00+00:00,1879.5
2025-01-17 10:40:00+00:00,1879.5
2025-01-17 10:45:00+00:00,2628.7
2025-01-17 10:50:00+00:00,2628.7
2025-01-17 10:55:00+00:00,2628.7
2025-01-17 11:00:00+00:00,2230.8
2025-01-17 11:05:00+00:00,2230.8
2025-01-17 11:10:00+00:00,2230.8
2025-01-17 11:15:00+00:00,1173.7
2025-01-17 11:20:00+00:00,1173.7
2025-01-17 11:25:00+00:00,1173.7
2025-01-17 11:30:00+00:00,2747.5
2025-01-17 11:35:00+00:00,2747.5
2025-01-17 11:40:00+00:00,2747.5
2025-01-17 11:45:00+00:00,2305.1
2025-01-17 11:50:00+00:00,2305.1
2025-01-17 11:55:00+00:00,2305.1
2025-01-17 12:00:00+00:00,3350.4
2025-01-17 12:05:00+00:00,3350.4
2025-01-17 12:10:00+00:00,3350.4
2025-01-17 12:15:00+00:00,2464.4
2025-01-17 12:20:00+00:00,2464.4
2025-01-17 12:25:00+00:00,2464.4
2025-01-17 12:30:00+00:00,2252.5
2025-01-17 12:35:00+00:00,2252.5
2025-01-17 12:40:00+00:00,2252.5
2025-01-17 12:45:00+00:00,2502.1
2025-01-17 12:50:00+00:00,2502.1
2025-01-17 12:55:00+00:00,2502.1
2025-01-17 13:00:00+00:00,1407.6
2025-01-17 13:05:00+00:00,1407.6
2025-01-17 13:10:00+00:00,1407.6
2025-01-17 13:15:00+00:00,2222.3
2025-01-17 13:20:00+00:00,2222.3
2025-01-17 13:25:00+00:00,2222.3
2025-01-17 13:30:00+00:00,3355.6
2025-01-17 13:35:00+00:00,3355.6
2025-01-17 13:40:00+00:00,3355.6
2025-01-17 13:45:00+00:00,1434.7
2025-01-17 13:50:00+00:00,1434.7
2025-01-17 13:55:00+00:00,1434.7
2025-01-17 14:00:00+00:00,1489.7
2025-01-17 14:05:00+00:00,1489.7
2025-01-17 14:10:00+00:00,1489.7
2025-01-17 14:15:00+00:00,2137.8
2025-01-17 14:20:00+00:00,2137.8
2025-01-17 14:25:00+00:00,2137.8
2025-01-17 14:30:00+00:00,2660.6
2025-01-17 14:35:00+00:00,2660.6
2025-01-17 14:40:00+00:00,2660.6
2025-01-17 14:45:00+00:00,1909.1
2025-01-17 14:50:00+00:00,1909.1
2025-01-17 14:55:00+00:00,1909.1
2025-01-17 15:00:00+00:00,2080.8
2025-01-17 15:05:00+00:00,2080.8
2025-01-17 15:10:00+00:00,2080.8
2025-01-17 15:15:00+00:00,1466.7
2025-01-17 15:20:00+00:00,1466.7
2025-01-17 15:25:00+00:00,1466.7
2025-01-17 15:30:00+00:00,3346.9
2025-01-17 15:35:00+00:00,3346.9
2025-01-17 15:40:00+00:00,3346.9
2025-01-17 15:45:00+00:00,2208.9
2025-01-17 15:50:00+00:00,2208.9
2025-01-17 15:55:00+00:00,2208.9
2025-01-17 16:00:00+00:00,2124.3
2025-01-17 16:05:00+00:00,2124.3
2025-01-17 16:10:00+00:00,2124.3
2025-01-17 16:15:00+00:00,1095.9
2025-01-17 16:20:00+00:00,1095.9
2025-01-17 16:25:00+00:00,1095.9
2025-01-17 16:30:00+00:00,1962.0
2025-01-17 16:35:00+00:00,1962.0
2025-01-17 16:40:00+00:00,1962.0
2025-01-17 16:45:00+00:00,2652.3
2025-01-17 16:50:00+00:00,2652.3
2025-01-17 16:55:00+00:00,2652.3
2025-01-17 17:00:00+00:00,1450.1
2025-01-17 17:05:00+00:00,1450.1
2025-01-17 17:10:00+00:00,1450.1
2025-01-17 17:15:00+00:00,1120.8
2025-01-17 17:20:00+00:00,1120.8
2025-01-17 17:25:00+00:00,1120.8
2025-01-17 17:30:00+00:00,3022.9
2025-01-17 17:35:00+00:00,3022.9
2025-01-17 17:40:00+00:00,3022.9
2025-01-17 17:45:00+00:00,1542.0
2025-01-17 17:50:00+00:00,1542.0
2025-01-17 17:55:00+00:00,1542.0
2025-01-17 18:00:00+00:00,2156.6
2025-01-17 18:05:00+00:00,2156.6
2025-01-17 18:10:00+00:00,2156.6
2025-01-17 18:15:00+00:00,1618.1
2025-01-17 18:20:00+00:00,1618.1
2025-01-17 18:25:00+00:00,1618.1
2025-01-17 18:30:00+00:00,1218.9
2025-01-17 18:35:00+00:00,1218.9
2025-01-17 18:40:00+00:00,1218.9
2025-01-17 18:45:00+00:00,4010.5
2025-01-17 18:50:00+00:00,4010.5
2025-01-17 18:55:00+00:00,4010.5
2025-01-17 19:00:00+00:00,2501.9
2025-01-17 19:05:00+00:00,2501.9
2025-01-17 19:10:00+00:00,2501.9
2025-01-17 19:15:00+00:00,1398.0
2025-01-17 19:20:00+00:00,1398.0
2025-01-17 19:25:00+00:00,1398.0
2025-01-17 19:30:00+00:00,2685.6
2025-01-17 19:35:00+00:00,2685.6
2025-01-17 19:40:00+00:00,2685.6
2025-01-17 19:45:00+00:00,2749.9
2025-01-17 19:50:00+00:00,2749.9
2025-01-17 19:55:00+00:00,2749.9
2025-01-17 20:00:00+00:00,1566.7
2025-01-17 20:05:00+00:00,1566.7
2025-01-17 20:10:00+00:00,1566.7
2025-01-17 20:15:00+00:00,2601.7
2025-01-17 20:20:00+00:00,2601.7
2025-01-17 20:25:00+00:00,2601.7
2025-01-17 20:30:00+00:00,1458.1
2025-01-17 20:35:00+00:00,1458.1
2025-01-17 20:40:00+00:00,1458.1
2025-01-17 20:45:00+00:00,2229.8
2025-01-17 20:50:00+00:00,2229.8
2025-01-17 20:55:00+00:00,2229.8
2025-01-17 21:00:00+00:00,2560.7
2025-01-17 21:05:00+00:00,2560.7
2025-01-17 21:10:00+00:00,2560.7
2025-01-17 21:15:00+00:00,2290.5
2025-01-17 21:20:00+00:00,2290.5
2025-01-17 21:25:00+00:00,2290.5
2025-01-17 21:30:00+00:00,1923.2
2025-01-17 21:35:00+00:00,1923.2
2025-01-17 21:40:00+00:00,1923.2
2025-01-17 21:45:00+00:00,2547.7
2025-01-17 21:50:00+00:00,2547.7
2025-01-17 21:55:00+00:00,2547.7
2025-01-17 22:00:00+00:00,1446.0
2025-01-17 22:05:00+00:00,1446.0
2025-01-17 22:10:00+00:00,1446.0
2025-01-17 22:15:00+00:00,1556.5
2025-01-17 22:20:00+00:00,1556.5
2025-01-17 22:25:00+00:00,1556.5
2025-01-17 22:30:00+00:00,1953.9
2025-01-17 22:35:00+00:00,1953.9
2025-01-17 22:40:00+00:00,1953.9
2025-01-17 22:45:00+00:00,4351.5
2025-01-17 22:50:00+00:00,4351.5
2025-01-17 22:55:00+00:00,4351.5
2025-01-17 23:00:00+00:00,2074.1
2025-01-17 23:05:00+00:00,2074.1
2025-01-17 23:10:00+00:00,2074.1
2025-01-17 23:15:00+00:00,958.2
2025-01-17 23:20:00+00:00,958.2
2025-01-17 23:25:00+00:00,958.2
2025-01-17 23:30:00+00:00,1460.6
2025-01-17 23:35:00+00:00,1460.6
2025-01-17 23:40:00+00:00,1460.6
2025-01-17 23:45:00+00:00,1052.5
2025-01-17 23:50:00+00:00,1052.5
2025-01-17 23:55:00+00:00,1052.5
2025-01-18 00:00:00+00:00,1964.2
2025-01-18 00:05:00+00:00,1964.2
2025-01-18 00:10:00+00:00,1964.2
2025-01-18 00:15:00+00:00,3678.2
2025-01-18 00:20:00+00:00,3678.2
2025-01-18 00:25:00+00:00,3678.2
2025-01-18 00:30:00+00:00,2260.3
2025-01-18 00:35:00+00:00,2260.3
2025-01-18 00:40:00+00:00,2260.3
2025-01-18 00:45:00+00:00,1888.3
2025-01-18 00:50:00+00:00,1888.3
2025-01-18 00:55:00+00:00,1888.3
2025-01-18 01:00:00+00:00,3990.4
2025-01-18 01:05:00+00:00,3990.4
2025-01-18 01:10:00+00:00,3990.4
2025-01-18 01:15:00+00:00,4817.3
2025-01-18 01:20:00+00:00,4817.3
2025-01-18 01:25:00+00:00,4817.3
2025-01-18 01:30:00+00:00,2340.3
2025-01-18 01:35:00+00:00,2340.3
2025-01-18 01:40:00+00:00,2340.3
2025-01-18 01:45:00+00:00,2594.2
2025-01-18 01:50:00+00:00,2594.2
2025-01-18 01:55:00+00:00,2594.2
2025-01-18 02:00:00+00:00,5165.5
2025-01-18 02:05:00+00:00,5165.5
2025-01-18 02:10:00+00:00,5165.5
2025-01-18 02:15:00+00:00,4341.5
2025-01-18 02:20:00+00:00,4341.5
2025-01-18 02:25:00+00:00,4341.5
2025-01-18 02:30:00+00:00,4444.7
2025-01-18 02:35:00+00:00,4444.7
2025-01-18 02:40:00+00:00,4444.7
2025-01-18 02:45:00+00:00,4553.4
2025-01-18 02:50:00+00:00,4553.4
2025-01-18 02:55:00+00:00,4553.4
2025-01-18 03:00:00+00:00,4978.2
2025-01-18 03:05:00+00:00,4978.2
2025-01-18 03:10:00+00:00,4978.2
2025-01-18 03:15:00+00:00,2634.2
2025-01-18 03:20:00+00:00,2634.2
2025-01-18 03:25:00+00:00,2634.2
2025-01-18 03:30:00+00:00,3822.5
2025-01-18 03:35:00+00:00,3822.5
2025-01-18 03:40:00+00:00,3822.5
2025-01-18 03:45:00+00:00,4920.0
2025-01-18 03:50:00+00:00,4920.0
2025-01-18 03:55:00+00:00,4920.0
2025-01-18 04:00:00+00:00,2749.3
2025-01-18 04:05:00+00:00,2749.3
2025-01-18 04:10:00+00:00,2749.3
2025-01-18 04:15:00+00:00,1435.4
2025-01-18 04:20:00+00:00,1435.4
2025-01-18 04:25:00+00:00,1435.4
2025-01-18 04:30:00+00:00,2305.2
2025-01-18 04:35:00+00:00,2305.2
2025-01-18 04:40:00+00:00,2305.2
2025-01-18 04:45:00+00:00,2585.2
2025-01-18 04:50:00+00:00,2585.2
2025-01-18 04:55:00+00:00,2585.2
2025-01-18 05:00:00+00:00,2881.9
2025-01-18 05:05:00+00:00,2881.9
2025-01-18 05:10:00+00:00,2881.9
2025-01-18 05:15:00+00:00,1106.4
2025-01-18 05:20:00+00:00,1106.4
2025-01-18 05:25:00+00:00,1106.4
2025-01-18 05:30:00+00:00,1963.1
2025-01-18 05:35:00+00:00,1963.1
2025-01-18 05:40:00+00:00,1963.1
2025-01-18 05:45:00+00:00,2638.1
2025-01-18 05:50:00+00:00,2638.1
2025-01-18 05:55:00+00:00,2638.1
2025-01-18 06:00:00+00:00,2206.4
2025-01-18 06:05:00+00:00,2206.4
2025-01-18 06:10:00+00:00,2206.4
2025-01-18 06:15:00+00:00,1154.1
2025-01-18 06:20:00+00:00,1154.1
2025-01-18 06:25:00+00:00,1154.1
2025-01-18 06:30:00+00:00,2190.6
2025-01-18 06:35:00+00:00,2190.6
2025-01-18 06:40:00+00:00,2190.6
2025-01-18 06:45:00+00:00,1573.4
2025-01-18 06:50:00+00:00,1573.4
2025-01-18 06:55:00+00:00,1573.4
2025-01-18 07:00:00+00:00,1897.1
2025-01-18 07:05:00+00:00,1897.1
2025-01-18 07:10:00+00:00,1897.1
2025-01-18 07:15:00+00:00,1937.5
2025-01-18 07:20:00+00:00,1937.5
2025-01-18 07:25:00+00:00,1937.5
2025-01-18 07:30:00+00:00,1803.9
2025-01-18 07:35:00+00:00,1803.9
2025-01-18 07:40:00+00:00,1803.9
2025-01-18 07:45:00+00:00,2973.3
2025-01-18 07:50:00+00:00,2973.3
2025-01-18 07:55:00+00:00,2973.3
2025-01-18 08:00:00+00:00,1789.3
2025-01-18 08:05:00+00:00,1789.3
2025-01-18 08:10:00+00:00,1789.3
2025-01-18 08:15:00+00:00,2277.0
2025-01-18 08:20:00+00:00,2277.0
2025-01-18 08:25:00+00:00,2277.0
2025-01-18 08:30:00+00:00,1945.1
2025-01-18 08:35:00+00:00,1945.1
2025-01-18 08:40:00+00:00,1945.1
2025-01-18 08:45:00+00:00,1234.7
2025-01-18 08:50:00+00:00,1234.7
2025-01-18 08:55:00+00:00,1234.7
2025-01-18 09:00:00+00:00,2336.3
2025-01-18 09:05:00+00:00,2336.3
2025-01-18 09:10:00+00:00,2336.3
2025-01-18 09:15:00+00:00,1854.4
2025-01-18 09:20:00+00:00,1854.4
2025-01-18 09:25:00+00:00,1854.4
2025-01-18 09:30:00+00:00,2285.7
2025-01-18 09:35:00+00:00,2285.7
2025-01-18 09:40:00+00:00,2285.7
2025-01-18 09:45:00+00:00,2439.4
2025-01-18 09:50:00+00:00,2439.4
2025-01-18 09:55:00+00:00,2439.4
2025-01-18 10:00:00+00:00,1573.3
2025-01-18 10:05:00+00:00,1573.3
2025-01-18 10:10:00+00:00,1573.3
2025-01-18 10:15:00+00:00,2279.1
2025-01-18 10:20:00+00:00,2279.1
2025-01-18 10:25:00+00:00,2279.1
2025-01-18 10:30:00+00:00,2656.7
2025-01-18 10:35:00+00:00,2656.7
2025-01-18 10:40:00+00:00,2656.7
2025-01-18 10:45:00+00:00,1515.0
2025-01-18 10:50:00+00:00,1515.0
2025-01-18 10:55:00+00:00,1515.0
2025-01-18 11:00:00+00:00,1176.2
2025-01-18 11:05:00+00:00,1176.2
2025-01-18 11:10:00+00:00,1176.2
2025-01-18 11:15:00+00:00,1894.3
2025-01-18 11:20:00+00:00,1894.3
2025-01-18 11:25:00+00:00,1894.3
2025-01-18 11:30:00+00:00,2942.1
2025-01-18 11:35:00+00:00,2942.1
2025-01-18 11:40:00+00:00,2942.1
2025-01-18 11:45:00+00:00,1868.8
2025-01-18 11:50:00+00:00,1868.8
2025-01-18 11:55:00+00:00,1868.8
2025-01-18 12:00:00+00:00,1920.6
2025-01-18 12:05:00+00:00,1920.6
2025-01-18 12:10:00+00:00,1920.6
2025-01-18 12:15:00+00:00,1859.5
2025-01-18 12:20:00+00:00,1859.5
2025-01-18 12:25:00+00:00,1859.5
2025-01-18 12:30:00+00:00,2552.6
2025-01-18 12:35:00+00:00,2552.6
2025-01-18 12:40:00+00:00,2552.6
2025-01-18 12:45:00+00:00,1366.8
2025-01-18 12:50:00+00:00,1366.8
2025-01-18 12:55:00+00:00,1366.8
2025-01-18 13:00:00+00:00,2084.5
2025-01-18 13:05:00+00:00,2084.5
2025-01-18 13:10:00+00:00,2084.5
2025-01-18 13:15:00+00:00,2502.2
2025-01-18 13:20:00+00:00,2502.2
2025-01-18 13:25:00+00:00,2502.2
2025-01-18 13:30:00+00:00,2310.0
2025-01-18 13:35:00+00:00,2310.0
2025-01-18 13:40:00+00:00,2310.0
2025-01-18 13:45:00+00:00,1827.3
2025-01-18 13:50:00+00:00,1827.3
2025-01-18 13:55:00+00:00,1827.3
2025-01-18 14:00:00+00:00,1512.0
2025-01-18 14:05:00+00:00,1512.0
2025-01-18 14:10:00+00:00,1512.0
2025-01-18 14:15:00+00:00,2272.5
2025-01-18 14:20:00+00:00,2272.5
2025-01-18 14:25:00+00:00,2272.5
2025-01-18 14:30:00+00:00,2732.5
2025-01-18 14:35:00+00:00,2732.5
2025-01-18 14:40:00+00:00,2732.5
2025-01-18 14:45:00+00:00,1921.2
2025-01-18 14:50:00+00:00,1921.2
2025-01-18 14:55:00+00:00,1921.2
2025-01-18 15:00:00+00:00,1918.3
2025-01-18 15:05:00+00:00,1918.3
2025-01-18 15:10:00+00:00,1918.3
2025-01-18 15:15:00+00:00,2431.6
2025-01-18 15:20:00+00:00,2431.6
2025-01-18 15:25:00+00:00,2431.6
2025-01-18 15:30:00+00:00,1860.4
2025-01-18 15:35:00+00:00,1860.4
2025-01-18 15:40:00+00:00,1860.4
2025-01-18 15:45:00+00:00,2213.5
2025-01-18 15:50:00+00:00,2213.5
2025-01-18 15:55:00+00:00,2213.5
2025-01-18 16:00:00+00:00,2060.1
2025-01-18 16:05:00+00:00,2060.1
2025-01-18 16:10:00+00:00,2060.1
2025-01-18 16:15:00+00:00,2289.2
2025-01-18 16:20:00+00:00,2289.2
2025-01-18 16:25:00+00:00,2289.2
2025-01-18 16:30:00+00:00,2539.5
2025-01-18 16:35:00+00:00,2539.5
2025-01-18 16:40:00+00:00,2539.5
2025-01-18 16:45:00+00:00,1462.1
2025-01-18 16:50:00+00:00,1462.1
2025-01-18 16:55:00+00:00,1462.1
2025-01-18 17:00:00+00:00,1115.2
2025-01-18 17:05:00+00:00,1115.2
2025-01-18 17:10:00+00:00,1115.2
2025-01-18 17:15:00+00:00,1855.0
2025-01-18 17:20:00+00:00,1855.0
2025-01-18 17:25:00+00:00,1855.0
2025-01-18 17:30:00+00:00,2121.4
2025-01-18 17:35:00+00:00,2121.4
2025-01-18 17:40:00+00:00,2121.4
2025-01-18 17:45:00+00:00,1806.6
2025-01-18 17:50:00+00:00,1806.6
2025-01-18 17:55:00+00:00,1806.6
2025-01-18 18:00:00+00:00,2235.3
2025-01-18 18:05:00+00:00,2235.3
2025-01-18 18:10:00+00:00,2235.3
2025-01-18 18:15:00+00:00,2584.7
2025-01-18 18:20:00+00:00,2584.7
2025-01-18 18:25:00+00:00,2584.7
2025-01-18 18:30:00+00:00,1802.8
2025-01-18 18:35:00+00:00,1802.8
2025-01-18 18:40:00+00:00,1802.8
2025-01-18 18:45:00+00:00,1147.9
2025-01-18 18:50:00+00:00,1147.9
2025-01-18 18:55:00+00:00,1147.9
2025-01-18 19:00:00+00:00,2281.7
2025-01-18 19:05:00+00:00,2281.7
2025-01-18 19:10:00+00:00,2281.7
2025-01-18 19:15:00+00:00,2097.6
2025-01-18 19:20:00+00:00,2097.6
2025-01-18 19:25:00+00:00,2097.6
2025-01-18 19:30:00+00:00,2904.8
2025-01-18 19:35:00+00:00,2904.8
2025-01-18 19:40:00+00:00,2904.8
2025-01-18 19:45:00+00:00,1708.4
2025-01-18 19:50:00+00:00,1708.4
2025-01-18 19:55:00+00:00,1708.4
2025-01-18 20:00:00+00:00,1409.8
2025-01-18 20:05:00+00:00,1409.8
2025-01-18 20:10:00+00:00,1409.8
2025-01-18 20:15:00+00:00,1137.5
2025-01-18 20:20:00+00:00,1137.5
2025-01-18 20:25:00+00:00,1137.5
2025-01-18 20:30:00+00:00,1921.5
2025-01-18 20:35:00+00:00,1921.5
2025-01-18 20:40:00+00:00,1921.5
2025-01-18 20:45:00+00:00,2310.4
2025-01-18 20:50:00+00:00,2310.4
2025-01-18 20:55:00+00:00,2310.4
2025-01-18 21:00:00+00:00,1868.3
2025-01-18 21:05:00+00:00,1868.3
2025-01-18 21:10:00+00:00,1868.3
2025-01-18 21:15:00+00:00,2570.9
2025-01-18 21:20:00+00:00,2570.9
2025-01-18 21:25:00+00:00,2570.9
2025-01-18 21:30:00+00:00,2249.7
2025-01-18 21:35:00+00:00,2249.7
2025-01-18 21:40:00+00:00,2249.7
2025-01-18 21:45:00+00:00,2473.5
2025-01-18 21:50:00+00:00,2473.5
2025-01-18 21:55:00+00:00,2473.5
2025-01-18 22:00:00+00:00,1831.7
2025-01-18 22:05:00+00:00,1831.7
2025-01-18 22:10:00+00:00,1831.7
2025-01-18 22:15:00+00:00,2118.6
2025-01-18 22:20:00+00:00,2118.6
2025-01-18 22:25:00+00:00,2118.6
2025-01-18 22:30:00+00:00,1782.8
2025-01-18 22:35:00+00:00,1782.8
2025-01-18 22:40:00+00:00,1782.8
2025-01-18 22:45:00+00:00,3314.7
2025-01-18 22:50:00+00:00,3314.7
2025-01-18 22:55:00+00:00,3314.7
2025-01-18 23:00:00+00:00,1073.5
2025-01-18 23:05:00+00:00,1073.5
2025-01-18 23:10:00+00:00,1073.5
2025-01-18 23:15:00+00:00,2679.9
2025-01-18 23:20:00+00:00,2679.9
2025-01-18 23:25:00+00:00,2679.9
2025-01-18 23:30:00+00:00,1822.4
2025-01-18 23:35:00+00:00,1822.4
2025-01-18 23:40:00+00:00,1822.4
2025-01-18 23:45:00+00:00,1853.5
2025-01-18 23:50:00+00:00,1853.5
2025-01-18 23:55:00+00:00,1853.5
2025-01-19 00:00:00+00:00,2574.6
2025-01-19 00:05:00+00:00,2574.6
2025-01-19 00:10:00+00:00,2574.6
2025-01-19 00:15:00+00:00,1894.5
2025-01-19 00:20:00+00:00,1894.5
2025-01-19 00:25:00+00:00,1894.5
2025-01-19 00:30:00+00:00,2968.2
2025-01-19 00:35:00+00:00,2968.2
2025-01-19 00:40:00+00:00,2968.2
2025-01-19 00:45:00+00:00,2615.8
2025-01-19 00:50:00+00:00,2615.8
2025-01-19 00:55:00+00:00,2615.8
2025-01-19 01:00:00+00:00,3607.3
2025-01-19 01:05:00+00:00,3607.3
2025-01-19 01:10:00+00:00,3607.3
2025-01-19 01:15:00+00:00,3686.3
2025-01-19 01:20:00+00:00,3686.3
2025-01-19 01:25:00+00:00,3686.3
2025-01-19 01:30:00+00:00,3660.1
2025-01-19 01:35:00+00:00,3660.1
2025-01-19 01:40:00+00:00,3660.1
2025-01-19 01:45:00+00:00,3994.1
2025-01-19 01:50:00+00:00,3994.1
2025-01-19 01:55:00+00:00,3994.1
2025-01-19 02:00:00+00:00,4170.2
2025-01-19 02:05:00+00:00,4170.2
2025-01-19 02:10:00+00:00,4170.2
2025-01-19 02:15:00+00:00,5049.2
2025-01-19 02:20:00+00:00,5049.2
2025-01-19 02:25:00+00:00,5049.2
2025-01-19 02:30:00+00:00,4313.1
2025-01-19 02:35:00+00:00,4313.1
2025-01-19 02:40:00+00:00,4313.1
2025-01-19 02:45:00+00:00,4188.4
2025-01-19 02:50:00+00:00,4188.4
2025-01-19 02:55:00+00:00,4188.4
2025-01-19 03:00:00+00:00,4675.1
2025-01-19 03:05:00+00:00,4675.1
2025-01-19 03:10:00+00:00,4675.1
2025-01-19 03:15:00+00:00,2954.6
2025-01-19 03:20:00+00:00,2954.6
2025-01-19 03:25:00+00:00,2954.6
2025-01-19 03:30:00+00:00,4090.8
2025-01-19 03:35:00+00:00,4090.8
2025-01-19 03:40:00+00:00,4090.8
2025-01-19 03:45:00+00:00,3735.1
2025-01-19 03:50:00+00:00,3735.1
2025-01-19 03:55:00+00:00,3735.1
2025-01-19 04:00:00+00:00,1548.6
2025-01-19 04:05:00+00:00,1548.6
2025-01-19 04:10:00+00:00,1548.6
2025-01-19 04:15:00+00:00,3262.6
2025-01-19 04:20:00+00:00,3262.6
2025-01-19 04:25:00+00:00,3262.6
2025-01-19 04:30:00+00:00,3400.4
2025-01-19 04:35:00+00:00,3400.4
2025-01-19 04:40:00+00:00,3400.4
2025-01-19 04:45:00+00:00,2300.1
2025-01-19 04:50:00+00:00,2300.1
2025-01-19 04:55:00+00:00,2300.1
2025-01-19 05:00:00+00:00,1517.4
2025-01-19 05:05:00+00:00,1517.4
2025-01-19 05:10:00+00:00,1517.4
2025-01-19 05:15:00+00:00,1527.7
2025-01-19 05:20:00+00:00,1527.7
2025-01-19 05:25:00+00:00,1527.7
2025-01-19 05:30:00+00:00,1560.3
2025-01-19 05:35:00+00:00,1560.3
2025-01-19 05:40:00+00:00,1560.3
2025-01-19 05:45:00+00:00,3376.2
2025-01-19 05:50:00+00:00,3376.2
2025-01-19 05:55:00+00:00,3376.2
2025-01-19 06:00:00+00:00,2647.5
2025-01-19 06:05:00+00:00,2647.5
2025-01-19 06:10:00+00:00,2647.5
2025-01-19 06:15:00+00:00,2206.9
2025-01-19 06:20:00+00:00,2206.9
2025-01-19 06:25:00+00:00,2206.9
2025-01-19 06:30:00+00:00,2228.3
2025-01-19 06:35:00+00:00,2228.3
2025-01-19 06:40:00+00:00,2228.3
2025-01-19 06:45:00+00:00,1562.5
2025-01-19 06:50:00+00:00,1562.5
2025-01-19 06:55:00+00:00,1562.5
2025-01-19 07:00:00+00:00,1985.2
2025-01-19 07:05:00+00:00,1985.2
2025-01-19 07:10:00+00:00,1985.2
2025-01-19 07:15:00+00:00,1491.4
2025-01-19 07:20:00+00:00,1491.4
2025-01-19 07:25:00+00:00,1491.4
2025-01-19 07:30:00+00:00,2929.2
2025-01-19 07:35:00+00:00,2929.2
2025-01-19 07:40:00+00:00,2929.2
2025-01-19 07:45:00+00:00,1502.1
2025-01-19 07:50:00+00:00,1502.1
2025-01-19 07:55:00+00:00,1502.1
2025-01-19 08:00:00+00:00,3696.1
2025-01-19 08:05:00+00:00,3696.1
2025-01-19 08:10:00+00:00,3696.1
2025-01-19 08:15:00+00:00,1432.0
2025-01-19 08:20:00+00:00,1432.0
2025-01-19 08:25:00+00:00,1432.0
2025-01-19 08:30:00+00:00,2147.8
2025-01-19 08:35:00+00:00,2147.8
2025-01-19 08:40:00+00:00,2147.8
2025-01-19 08:45:00+00:00,1830.5
2025-01-19 08:50:00+00:00,1830.5
2025-01-19 08:55:00+00:00,1830.5
2025-01-19 09:00:00+00:00,2268.7
2025-01-19 09:05:00+00:00,2268.7
2025-01-19 09:10:00+00:00,2268.7
2025-01-19 09:15:00+00:00,1902.4
2025-01-19 09:20:00+00:00,1902.4
2025-01-19 09:25:00+00:00,1902.4
2025-01-19 09:30:00+00:00,2642.0
2025-01-19 09:35:00+00:00,2642.0
2025-01-19 09:40:00+00:00,2642.0
2025-01-19 09:45:00+00:00,1095.1
2025-01-19 09:50:00+00:00,1095.1
2025-01-19 09:55:00+00:00,1095.1
2025-01-19 10:00:00+00:00,2118.0
2025-01-19 10:05:00+00:00,2118.0
2025-01-19 10:10:00+00:00,2118.0
2025-01-19 10:15:00+00:00,2206.6
2025-01-19 10:20:00+00:00,2206.6
2025-01-19 10:25:00+00:00,2206.6
2025-01-19 10:30:00+00:00,2238.7
2025-01-19 10:35:00+00:00,2238.7
2025-01-19 10:40:00+00:00,2238.7
2025-01-19 10:45:00+00:00,1677.5
2025-01-19 10:50:00+00:00,1677.5
2025-01-19 10:55:00+00:00,1677.5
2025-01-19 11:00:00+00:00,1745.6
2025-01-19 11:05:00+00:00,1745.6
2025-01-19 11:10:00+00:00,1745.6
2025-01-19 11:15:00+00:00,1893.6
2025-01-19 11:20:00+00:00,1893.6
2025-01-19 11:25:00+00:00,1893.6
2025-01-19 11:30:00+00:00,2167.5
2025-01-19 11:35:00+00:00,2167.5
2025-01-19 11:40:00+00:00,2167.5
2025-01-19 11:45:00+00:00,1770.3
2025-01-19 11:50:00+00:00,1770.3
2025-01-19 11:55:00+00:00,1770.3
2025-01-19 12:00:00+00:00,1799.9
2025-01-19 12:05:00+00:00,1799.9
2025-01-19 12:10:00+00:00,1799.9
2025-01-19 12:15:00+00:00,1937.7
2025-01-19 12:20:00+00:00,1937.7
2025-01-19 12:25:00+00:00,1937.7
2025-01-19 12:30:00+00:00,1624.0
2025-01-19 12:35:00+00:00,1624.0
2025-01-19 12:40:00+00:00,1624.0
2025-01-19 12:45:00+00:00,1631.8
2025-01-19 12:50:00+00:00,1631.8
2025-01-19 12:55:00+00:00,1631.8
2025-01-19 13:00:00+00:00,1574.8
2025-01-19 13:05:00+00:00,1574.8
2025-01-19 13:10:00+00:00,1574.8
2025-01-19 13:15:00+00:00,2467.9
2025-01-19 13:20:00+00:00,2467.9
2025-01-19 13:25:00+00:00,2467.9
2025-01-19 13:30:00+00:00,3136.5
2025-01-19 13:35:00+00:00,3136.5
2025-01-19 13:40:00+00:00,3136.5
2025-01-19 13:45:00+00:00,1753.4
2025-01-19 13:50:00+00:00,1753.4
2025-01-19 13:55:00+00:00,1753.4
2025-01-19 14:00:00+00:00,1834.8
2025-01-19 14:05:00+00:00,1834.8
2025-01-19 14:10:00+00:00,1834.8
2025-01-19 14:15:00+00:00,1464.5
2025-01-19 14:20:00+00:00,1464.5
2025-01-19 14:25:00+00:00,1464.5
2025-01-19 14:30:00+00:00,1084.9
2025-01-19 14:35:00+00:00,1084.9
2025-01-19 14:40:00+00:00,1084.9
2025-01-19 14:45:00+00:00,2571.2
2025-01-19 14:50:00+00:00,2571.2
2025-01-19 14:55:00+00:00,2571.2
2025-01-19 15:00:00+00:00,1445.2
2025-01-19 15:05:00+00:00,1445.2
2025-01-19 15:10:00+00:00,1445.2
2025-01-19 15:15:00+00:00,1464.5
2025-01-19 15:20:00+00:00,1464.5
2025-01-19 15:25:00+00:00,1464.5
2025-01-19 15:30:00+00:00,1937.3
2025-01-19 15:35:00+00:00,1937.3
2025-01-19 15:40:00+00:00,1937.3
2025-01-19 15:45:00+00:00,2320.4
2025-01-19 15:50:00+00:00,2320.4
2025-01-19 15:55:00+00:00,2320.4
2025-01-19 16:00:00+00:00,2549.9
2025-01-19 16:05:00+00:00,2549.9
2025-01-19 16:10:00+00:00,2549.9
2025-01-19 16:15:00+00:00,2495.4
2025-01-19 16:20:00+00:00,2495.4
2025-01-19 16:25:00+00:00,2495.4
2025-01-19 16:30:00+00:00,1098.1
2025-01-19 16:35:00+00:00,1098.1
2025-01-19 16:40:00+00:00,1098.1
2025-01-19 16:45:00+00:00,2235.8
2025-01-19 16:50:00+00:00,2235.8
2025-01-19 16:55:00+00:00,2235.8
2025-01-19 17:00:00+00:00,3016.4
2025-01-19 17:05:00+00:00,3016.4
2025-01-19 17:10:00+00:00,3016.4
2025-01-19 17:15:00+00:00,2554.8
2025-01-19 17:20:00+00:00,2554.8
2025-01-19 17:25:00+00:00,2554.8
2025-01-19 17:30:00+00:00,1914.2
2025-01-19 17:35:00+00:00,1914.2
2025-01-19 17:40:00+00:00,1914.2
2025-01-19 17:45:00+00:00,2504.4
2025-01-19 17:50:00+00:00,2504.4
2025-01-19 17:55:00+00:00,2504.4
2025-01-19 18:00:00+00:00,2991.8
2025-01-19 18:05:00+00:00,2991.8
2025-01-19 18:10:00+00:00,2991.8
2025-01-19 18:15:00+00:00,1781.0
2025-01-19 18:20:00+00:00,1781.0
2025-01-19 18:25:00+00:00,1781.0
2025-01-19 18:30:00+00:00,1928.2
2025-01-19 18:35:00+00:00,1928.2
2025-01-19 18:40:00+00:00,1928.2
2025-01-19 18:45:00+00:00,2582.8
2025-01-19 18:50:00+00:00,2582.8
2025-01-19 18:55:00+00:00,2582.8
2025-01-19 19:00:00+00:00,2140.8
2025-01-19 19:05:00+00:00,2140.8
2025-01-19 19:10:00+00:00,2140.8
2025-01-19 19:15:00+00:00,1213.1
2025-01-19 19:20:00+00:00,1213.1
2025-01-19 19:25:00+00:00,1213.1
2025-01-19 19:30:00+00:00,3668.7
2025-01-19 19:35:00+00:00,3668.7
2025-01-19 19:40:00+00:00,3668.7
2025-01-19 19:45:00+00:00,2171.1
2025-01-19 19:50:00+00:00,2171.1
2025-01-19 19:55:00+00:00,2171.1
2025-01-19 20:00:00+00:00,2393.3
2025-01-19 20:05:00+00:00,2393.3
2025-01-19 20:10:00+00:00,2393.3
2025-01-19 20:15:00+00:00,2613.0
2025-01-19 20:20:00+00:00,2613.0
2025-01-19 20:25:00+00:00,2613.0
2025-01-19 20:30:00+00:00,2247.3
2025-01-19 20:35:00+00:00,2247.3
2025-01-19 20:40:00+00:00,2247.3
2025-01-19 20:45:00+00:00,1538.8
2025-01-19 20:50:00+00:00,1538.8
2025-01-19 20:55:00+00:00,1538.8
2025-01-19 21:00:00+00:00,3065.8
2025-01-19 21:05:00+00:00,3065.8
2025-01-19 21:10:00+00:00,3065.8
2025-01-19 21:15:00+00:00,2218.6
2025-01-19 21:20:00+00:00,2218.6
2025-01-19 21:25:00+00:00,2218.6
2025-01-19 21:30:00+00:00,2253.4
2025-01-19 21:35:00+00:00,2253.4
2025-01-19 21:40:00+00:00,2253.4
2025-01-19 21:45:00+00:00,1887.4
2025-01-19 21:50:00+00:00,1887.4
2025-01-19 21:55:00+00:00,1887.4
2025-01-19 22:00:00+00:00,2329.9
2025-01-19 22:05:00+00:00,2329.9
2025-01-19 22:10:00+00:00,2329.9
2025-01-19 22:15:00+00:00,3429.2
2025-01-19 22:20:00+00:00,3429.2
2025-01-19 22:25:00+00:00,3429.2
2025-01-19 22:30:00+00:00,1741.9
2025-01-19 22:35:00+00:00,1741.9
2025-01-19 22:40:00+00:00,1741.9
2025-01-19 22:45:00+00:00,2846.1
2025-01-19 22:50:00+00:00,2846.1
2025-01-19 22:55:00+00:00,2846.1
2025-01-19 23:00:00+00:00,1787.5
2025-01-19 23:05:00+00:00,1787.5
2025-01-19 23:10:00+00:00,1787.5
2025-01-19 23:15:00+00:00,2314.4
2025-01-19 23:20:00+00:00,2314.4
2025-01-19 23:25:00+00:00,2314.4
2025-01-19 23:30:00+00:00,1860.4
2025-01-19 23:35:00+00:00,1860.4
2025-01-19 23:40:00+00:00,1860.4
2025-01-19 23:45:00+00:00,2122.9
2025-01-19 23:50:00+00:00,2122.9
2025-01-19 23:55:00+00:00,2122.9
2025-01-20 00:00:00+00:00,4726.6
2025-01-20 00:05:00+00:00,4726.6
2025-01-20 00:10:00+00:00,4726.6
2025-01-20 00:15:00+00:00,1782.8
2025-01-20 00:20:00+00:00,1782.8
2025-01-20 00:25:00+00:00,1782.8
2025-01-20 00:30:00+00:00,3850.3
2025-01-20 00:35:00+00:00,3850.3
2025-01-20 00:40:00+00:00,3850.3
2025-01-20 00:45:00+00:00,2281.6
2025-01-20 00:50:00+00:00,2281.6
2025-01-20 00:55:00+00:00,2281.6
2025-01-20 01:00:00+00:00,4482.0
2025-01-20 01:05:00+00:00,4482.0
2025-01-20 01:10:00+00:00,4482.0
2025-01-20 01:15:00+00:00,4201.8
2025-01-20 01:20:00+00:00,4201.8
2025-01-20 01:25:00+00:00,4201.8
2025-01-20 01:30:00+00:00,4145.4
2025-01-20 01:35:00+00:00,4145.4
2025-01-20 01:40:00+00:00,4145.4
2025-01-20 01:45:00+00:00,5282.5
2025-01-20 01:50:00+00:00,5282.5
2025-01-20 01:55:00+00:00,5282.5
2025-01-20 02:00:00+00:00,5206.8
2025-01-20 02:05:00+00:00,5206.8
2025-01-20 02:10:00+00:00,5206.8
2025-01-20 02:15:00+00:00,4054.2
2025-01-20 02:20:00+00:00,4054.2
2025-01-20 02:25:00+00:00,4054.2
2025-01-20 02:30:00+00:00,6383.2
2025-01-20 02:35:00+00:00,6383.2
2025-01-20 02:40:00+00:00,6383.2
2025-01-20 02:45:00+00:00,4767.1
2025-01-20 02:50:00+00:00,4767.1
2025-01-20 02:55:00+00:00,4767.1
2025-01-20 03:00:00+00:00,5095.4
2025-01-20 03:05:00+00:00,5095.4
2025-01-20 03:10:00+00:00,5095.4
2025-01-20 03:15:00+00:00,3777.5
2025-01-20 03:20:00+00:00,3777.5
2025-01-20 03:25:00+00:00,3777.5
2025-01-20 03:30:00+00:00,4318.6
2025-01-20 03:35:00+00:00,4318.6
2025-01-20 03:40:00+00:00,4318.6
2025-01-20 03:45:00+00:00,4481.3
2025-01-20 03:50:00+00:00,4481.3
2025-01-20 03:55:00+00:00,4481.3
2025-01-20 04:00:00+00:00,3056.5
2025-01-20 04:05:00+00:00,3056.5
2025-01-20 04:10:00+00:00,3056.5
2025-01-20 04:15:00+00:00,3608.2
2025-01-20 04:20:00+00:00,3608.2
2025-01-20 04:25:00+00:00,3608.2
2025-01-20 04:30:00+00:00,3715.9
2025-01-20 04:35:00+00:00,3715.9
2025-01-20 04:40:00+00:00,3715.9
2025-01-20 04:45:00+00:00,3511.6
2025-01-20 04:50:00+00:00,3511.6
2025-01-20 04:55:00+00:00,3511.6
2025-01-20 05:00:00+00:00,1871.3
2025-01-20 05:05:00+00:00,1871.3
2025-01-20 05:10:00+00:00,1871.3
2025-01-20 05:15:00+00:00,1904.6
2025-01-20 05:20:00+00:00,1904.6
2025-01-20 05:25:00+00:00,1904.6
2025-01-20 05:30:00+00:00,2149.4
2025-01-20 05:35:00+00:00,2149.4
2025-01-20 05:40:00+00:00,2149.4
2025-01-20 05:45:00+00:00,2443.4
2025-01-20 05:50:00+00:00,2443.4
2025-01-20 05:55:00+00:00,2443.4
2025-01-20 06:00:00+00:00,2772.3
2025-01-20 06:05:00+00:00,2772.3
2025-01-20 06:10:00+00:00,2772.3
2025-01-20 06:15:00+00:00,1853.8
2025-01-20 06:20:00+00:00,1853.8
2025-01-20 06:25:00+00:00,1853.8
2025-01-20 06:30:00+00:00,3030.6
2025-01-20 06:35:00+00:00,3030.6
2025-01-20 06:40:00+00:00,3030.6
2025-01-20 06:45:00+00:00,2628.9
2025-01-20 06:50:00+00:00,2628.9
2025-01-20 06:55:00+00:00,2628.9
2025-01-20 07:00:00+00:00,1922.3
2025-01-20 07:05:00+00:00,1922.3
2025-01-20 07:10:00+00:00,1922.3
2025-01-20 07:15:00+00:00,2856.7
2025-01-20 07:20:00+00:00,2856.7
2025-01-20 07:25:00+00:00,2856.7
2025-01-20 07:30:00+00:00,1436.5
2025-01-20 07:35:00+00:00,1436.5
2025-01-20 07:40:00+00:00,1436.5
2025-01-20 07:45:00+00:00,2476.0
2025-01-20 07:50:00+00:00,2476.0
2025-01-20 07:55:00+00:00,2476.0
2025-01-20 08:00:00+00:00,1776.4
2025-01-20 08:05:00+00:00,1776.4
2025-01-20 08:10:00+00:00,1776.4
2025-01-20 08:15:00+00:00,1333.5
2025-01-20 08:20:00+00:00,1333.5
2025-01-20 08:25:00+00:00,1333.5
2025-01-20 08:30:00+00:00,2172.4
2025-01-20 08:35:00+00:00,2172.4
2025-01-20 08:40:00+00:00,2172.4
2025-01-20 08:45:00+00:00,2318.7
2025-01-20 08:50:00+00:00,2318.7
2025-01-20 08:55:00+00:00,2318.7
2025-01-20 09:00:00+00:00,2326.6
2025-01-20 09:05:00+00:00,2326.6
2025-01-20 09:10:00+00:00,2326.6
2025-01-20 09:15:00+00:00,1535.7
2025-01-20 09:20:00+00:00,1535.7
2025-01-20 09:25:00+00:00,1535.7
2025-01-20 09:30:00+00:00,2235.8
2025-01-20 09:35:00+00:00,2235.8
2025-01-20 09:40:00+00:00,2235.8
2025-01-20 09:45:00+00:00,3372.6
2025-01-20 09:50:00+00:00,3372.6
2025-01-20 09:55:00+00:00,3372.6
2025-01-20 10:00:00+00:00,2520.8
2025-01-20 10:05:00+00:00,2520.8
2025-01-20 10:10:00+00:00,2520.8
2025-01-20 10:15:00+00:00,2611.9
2025-01-20 10:20:00+00:00,2611.9
2025-01-20 10:25:00+00:00,2611.9
2025-01-20 10:30:00+00:00,2174.7
2025-01-20 10:35:00+00:00,2174.7
2025-01-20 10:40:00+00:00,2174.7
2025-01-20 10:45:00+00:00,1859.9
2025-01-20 10:50:00+00:00,1859.9
2025-01-20 10:55:00+00:00,1859.9
2025-01-20 11:00:00+00:00,1518.6
2025-01-20 11:05:00+00:00,1518.6
2025-01-20 11:10:00+00:00,1518.6
2025-01-20 11:15:00+00:00,1223.0
2025-01-20 11:20:00+00:00,1223.0
2025-01-20 11:25:00+00:00,1223.0
2025-01-20 11:30:00+00:00,3427.0
2025-01-20 11:35:00+00:00,3427.0
2025-01-20 11:40:00+00:00,3427.0
2025-01-20 11:45:00+00:00,2464.4
2025-01-20 11:50:00+00:00,2464.4
2025-01-20 11:55:00+00:00,2464.4
2025-01-20 12:00:00+00:00,2296.3
2025-01-20 12:05:00+00:00,2296.3
2025-01-20 12:10:00+00:00,2296.3
2025-01-20 12:15:00+00:00,1778.6
2025-01-20 12:20:00+00:00,1778.6
2025-01-20 12:25:00+00:00,1778.6
2025-01-20 12:30:00+00:00,1823.5
2025-01-20 12:35:00+00:00,1823.5
2025-01-20 12:40:00+00:00,1823.5
2025-01-20 12:45:00+00:00,1819.1
2025-01-20 12:50:00+00:00,1819.1
2025-01-20 12:55:00+00:00,1819.1
2025-01-20 13:00:00+00:00,2283.1
2025-01-20 13:05:00+00:00,2283.1
2025-01-20 13:10:00+00:00,2283.1
2025-01-20 13:15:00+00:00,2225.0
2025-01-20 13:20:00+00:00,2225.0
2025-01-20 13:25:00+00:00,2225.0
2025-01-20 13:30:00+00:00,2263.0
2025-01-20 13:35:00+00:00,2263.0
2025-01-20 13:40:00+00:00,2263.0
2025-01-20 13:45:00+00:00,2398.2
2025-01-20 13:50:00+00:00,2398.2
2025-01-20 13:55:00+00:00,2398.2
2025-01-20 14:00:00+00:00,2591.0
2025-01-20 14:05:00+00:00,2591.0
2025-01-20 14:10:00+00:00,2591.0
2025-01-20 14:15:00+00:00,2264.8
2025-01-20 14:20:00+00:00,2264.8
2025-01-20 14:25:00+00:00,2264.8
2025-01-20 14:30:00+00:00,2511.2
2025-01-20 14:35:00+00:00,2511.2
2025-01-20 14:40:00+00:00,2511.2
2025-01-20 14:45:00+00:00,2176.2
2025-01-20 14:50:00+00:00,2176.2
2025-01-20 14:55:00+00:00,2176.2
2025-01-20 15:00:00+00:00,1912.1
2025-01-20 15:05:00+00:00,1912.1
2025-01-20 15:10:00+00:00,1912.1
2025-01-20 15:15:00+00:00,1895.5
2025-01-20 15:20:00+00:00,1895.5
2025-01-20 15:25:00+00:00,1895.5
2025-01-20 15:30:00+00:00,2621.6
2025-01-20 15:35:00+00:00,2621.6
2025-01-20 15:40:00+00:00,2621.6
2025-01-20 15:45:00+00:00,2407.8
2025-01-20 15:50:00+00:00,2407.8
2025-01-20 15:55:00+00:00,2407.8
2025-01-20 16:00:00+00:00,2927.1
2025-01-20 16:05:00+00:00,2927.1
2025-01-20 16:10:00+00:00,2927.1
2025-01-20 16:15:00+00:00,1543.5
2025-01-20 16:20:00+00:00,1543.5
2025-01-20 16:25:00+00:00,1543.5
2025-01-20 16:30:00+00:00,2639.7
2025-01-20 16:35:00+00:00,2639.7
2025-01-20 16:40:00+00:00,2639.7
2025-01-20 16:45:00+00:00,2444.3
2025-01-20 16:50:00+00:00,2444.3
2025-01-20 16:55:00+00:00,2444.3
2025-01-20 17:00:00+00:00,2476.1
2025-01-20 17:05:00+00:00,2476.1
2025-01-20 17:10:00+00:00,2476.1
2025-01-20 17:15:00+00:00,1653.8
2025-01-20 17:20:00+00:00,1653.8
2025-01-20 17:25:00+00:00,1653.8
2025-01-20 17:30:00+00:00,2243.6
2025-01-20 17:35:00+00:00,2243.6
2025-01-20 17:40:00+00:00,2243.6
2025-01-20 17:45:00+00:00,2289.1
2025-01-20 17:50:00+00:00,2289.1
2025-01-20 17:55:00+00:00,2289.1
2025-01-20 18:00:00+00:00,1803.0
2025-01-20 18:05:00+00:00,1803.0
2025-01-20 18:10:00+00:00,1803.0
2025-01-20 18:15:00+00:00,1584.1
2025-01-20 18:20:00+00:00,1584.1
2025-01-20 18:25:00+00:00,1584.1
2025-01-20 18:30:00+00:00,2739.4
2025-01-20 18:35:00+00:00,2739.4
2025-01-20 18:40:00+00:00,2739.4
2025-01-20 18:45:00+00:00,4158.6
2025-01-20 18:50:00+00:00,4158.6
2025-01-20 18:55:00+00:00,4158.6
2025-01-20 19:00:00+00:00,1367.8
2025-01-20 19:05:00+00:00,1367.8
2025-01-20 19:10:00+00:00,1367.8
2025-01-20 19:15:00+00:00,2177.4
2025-01-20 19:20:00+00:00,2177.4
2025-01-20 19:25:00+00:00,2177.4
2025-01-20 19:30:00+00:00,1367.8
2025-01-20 19:35:00+00:00,1367.8
2025-01-20 19:40:00+00:00,1367.8
2025-01-20 19:45:00+00:00,1870.6
2025-01-20 19:50:00+00:00,1870.6
2025-01-20 19:55:00+00:00,1870.6
2025-01-20 20:00:00+00:00,2599.2
2025-01-20 20:05:00+00:00,2599.2
2025-01-20 20:10:00+00:00,2599.2
2025-01-20 20:15:00+00:00,1866.5
2025-01-20 20:20:00+00:00,1866.5
2025-01-20 20:25:00+00:00,1866.5
2025-01-20 20:30:00+00:00,1558.4
2025-01-20 20:35:00+00:00,1558.4
2025-01-20 20:40:00+00:00,1558.4
2025-01-20 20:45:00+00:00,1942.0
2025-01-20 20:50:00+00:00,1942.0
2025-01-20 20:55:00+00:00,1942.0
2025-01-20 21:00:00+00:00,2592.1
2025-01-20 21:05:00+00:00,2592.1
2025-01-20 21:10:00+00:00,2592.1
2025-01-20 21:15:00+00:00,2225.2
2025-01-20 21:20:00+00:00,2225.2
2025-01-20 21:25:00+00:00,2225.2
2025-01-20 21:30:00+00:00,2086.5
2025-01-20 21:35:00+00:00,2086.5
2025-01-20 21:40:00+00:00,2086.5
2025-01-20 21:45:00+00:00,2346.6
2025-01-20 21:50:00+00:00,2346.6
2025-01-20 21:55:00+00:00,2346.6
2025-01-20 22:00:00+00:00,2620.9
2025-01-20 22:05:00+00:00,2620.9
2025-01-20 22:10:00+00:00,2620.9
2025-01-20 22:15:00+00:00,2897.6
2025-01-20 22:20:00+00:00,2897.6
2025-01-20 22:25:00+00:00,2897.6
2025-01-20 22:30:00+00:00,1858.0
2025-01-20 22:35:00+00:00,1858.0
2025-01-20 22:40:00+00:00,1858.0
2025-01-20 22:45:00+00:00,2947.5
2025-01-20 22:50:00+00:00,2947.5
2025-01-20 22:55:00+00:00,2947.5
2025-01-20 23:00:00+00:00,1403.6
2025-01-20 23:05:00+00:00,1403.6
2025-01-20 23:10:00+00:00,1403.6
2025-01-20 23:15:00+00:00,2591.1
2025-01-20 23:20:00+00:00,2591.1
2025-01-20 23:25:00+00:00,2591.1
2025-01-20 23:30:00+00:00,2020.6
2025-01-20 23:35:00+00:00,2020.6
2025-01-20 23:40:00+00:00,2020.6
2025-01-20 23:45:00+00:00,3004.9
2025-01-20 23:50:00+00:00,3004.9
2025-01-20 23:55:00+00:00,3004.9
2025-01-21 00:00:00+00:00,3275.6
2025-01-21 00:05:00+00:00,3275.6
2025-01-21 00:10:00+00:00,3275.6
2025-01-21 00:15:00+00:00,3022.0
2025-01-21 00:20:00+00:00,3022.0
2025-01-21 00:25:00+00:00,3022.0
2025-01-21 00:30:00+00:00,2224.4
2025-01-21 00:35:00+00:00,2224.4
2025-01-21 00:40:00+00:00,2224.4
2025-01-21 00:45:00+00:00,3511.5
2025-01-21 00:50:00+00:00,3511.5
2025-01-21 00:55:00+00:00,3511.5
2025-01-21 01:00:00+00:00,3728.0
2025-01-21 01:05:00+00:00,3728.0
2025-01-21 01:10:00+00:00,3728.0
2025-01-21 01:15:00+00:00,5614.1
2025-01-21 01:20:00+00:00,5614.1
2025-01-21 01:25:00+00:00,5614.1
2025-01-21 01:30:00+00:00,4037.9
2025-01-21 01:35:00+00:00,4037.9
2025-01-21 01:40:00+00:00,4037.9
2025-01-21 01:45:00+00:00,4440.0
2025-01-21 01:50:00+00:00,4440.0
2025-01-21 01:55:00+00:00,4440.0
2025-01-21 02:00:00+00:00,4037.1
2025-01-21 02:05:00+00:00,4037.1
2025-01-21 02:10:00+00:00,4037.1
2025-01-21 02:15:00+00:00,5199.7
2025-01-21 02:20:00+00:00,5199.7
2025-01-21 02:25:00+00:00,5199.7
2025-01-21 02:30:00+00:00,4862.7
2025-01-21 02:35:00+00:00,4862.7
2025-01-21 02:40:00+00:00,4862.7
2025-01-21 02:45:00+00:00,5532.4
2025-01-21 02:50:00+00:00,5532.4
2025-01-21 02:55:00+00:00,5532.4
2025-01-21 03:00:00+00:00,3988.4
2025-01-21 03:05:00+00:00,3988.4
2025-01-21 03:10:00+00:00,3988.4
2025-01-21 03:15:00+00:00,4480.4
2025-01-21 03:20:00+00:00,4480.4
2025-01-21 03:25:00+00:00,4480.4
2025-01-21 03:30:00+00:00,6028.2
2025-01-21 03:35:00+00:00,6028.2
2025-01-21 03:40:00+00:00,6028.2
2025-01-21 03:45:00+00:00,4024.0
2025-01-21 03:50:00+00:00,4024.0
2025-01-21 03:55:00+00:00,4024.0
2025-01-21 04:00:00+00:00,3500.7
2025-01-21 04:05:00+00:00,3500.7
2025-01-21 04:10:00+00:00,3500.7
2025-01-21 04:15:00+00:00,2630.8
2025-01-21 04:20:00+00:00,2630.8
2025-01-21 04:25:00+00:00,2630.8
2025-01-21 04:30:00+00:00,2188.2
2025-01-21 04:35:00+00:00,2188.2
2025-01-21 04:40:00+00:00,2188.2
2025-01-21 04:45:00+00:00,3676.4
2025-01-21 04:50:00+00:00,3676.4
2025-01-21 04:55:00+00:00,3676.4
2025-01-21 05:00:00+00:00,2820.9
2025-01-21 05:05:00+00:00,2820.9
2025-01-21 05:10:00+00:00,2820.9
2025-01-21 05:15:00+00:00,1487.1
2025-01-21 05:20:00+00:00,1487.1
2025-01-21 05:25:00+00:00,1487.1
2025-01-21 05:30:00+00:00,1929.1
2025-01-21 05:35:00+00:00,1929.1
2025-01-21 05:40:00+00:00,1929.1
2025-01-21 05:45:00+00:00,2276.5
2025-01-21 05:50:00+00:00,2276.5
2025-01-21 05:55:00+00:00,2276.5
2025-01-21 06:00:00+00:00,2324.4
2025-01-21 06:05:00+00:00,2324.4
2025-01-21 06:10:00+00:00,2324.4
2025-01-21 06:15:00+00:00,3048.1
2025-01-21 06:20:00+00:00,3048.1
2025-01-21 06:25:00+00:00,3048.1
2025-01-21 06:30:00+00:00,1396.5
2025-01-21 06:35:00+00:00,1396.5
2025-01-21 06:40:00+00:00,1396.5
2025-01-21 06:45:00+00:00,2132.8
2025-01-21 06:50:00+00:00,2132.8
2025-01-21 06:55:00+00:00,2132.8
2025-01-21 07:00:00+00:00,1515.8
2025-01-21 07:05:00+00:00,1515.8
2025-01-21 07:10:00+00:00,1515.8
2025-01-21 07:15:00+00:00,1902.7
2025-01-21 07:20:00+00:00,1902.7
2025-01-21 07:25:00+00:00,1902.7
2025-01-21 07:30:00+00:00,2949.3
2025-01-21 07:35:00+00:00,2949.3
2025-01-21 07:40:00+00:00,2949.3
2025-01-21 07:45:00+00:00,1448.6
2025-01-21 07:50:00+00:00,1448.6
2025-01-21 07:55:00+00:00,1448.6
2025-01-21 08:00:00+00:00,1914.1
2025-01-21 08:05:00+00:00,1914.1
2025-01-21 08:10:00+00:00,1914.1
2025-01-21 08:15:00+00:00,3279.9
2025-01-21 08:20:00+00:00,3279.9
2025-01-21 08:25:00+00:00,3279.9
2025-01-21 08:30:00+00:00,2529.4
2025-01-21 08:35:00+00:00,2529.4
2025-01-21 08:40:00+00:00,2529.4
2025-01-21 08:45:00+00:00,1811.5
2025-01-21 08:50:00+00:00,1811.5
2025-01-21 08:55:00+00:00,1811.5
2025-01-21 09:00:00+00:00,2339.5
2025-01-21 09:05:00+00:00,2339.5
2025-01-21 09:10:00+00:00,2339.5
2025-01-21 09:15:00+00:00,3090.3
2025-01-21 09:20:00+00:00,3090.3
2025-01-21 09:25:00+00:00,3090.3
2025-01-21 09:30:00+00:00,1081.1
2025-01-21 09:35:00+00:00,1081.1
2025-01-21 09:40:00+00:00,1081.1
2025-01-21 09:45:00+00:00,2245.0
2025-01-21 09:50:00+00:00,2245.0
2025-01-21 09:55:00+00:00,2245.0
2025-01-21 10:00:00+00:00,1887.2
2025-01-21 10:05:00+00:00,1887.2
2025-01-21 10:10:00+00:00,1887.2
2025-01-21 10:15:00+00:00,1948.9
2025-01-21 10:20:00+00:00,1948.9
2025-01-21 10:25:00+00:00,1948.9
2025-01-21 10:30:00+00:00,2277.7
2025-01-21 10:35:00+00:00,2277.7
2025-01-21 10:40:00+00:00,2277.7
2025-01-21 10:45:00+00:00,1922.4
2025-01-21 10:50:00+00:00,1922.4
2025-01-21 10:55:00+00:00,1922.4
2025-01-21 11:00:00+00:00,2524.7
2025-01-21 11:05:00+00:00,2524.7
2025-01-21 11:10:00+00:00,2524.7
2025-01-21 11:15:00+00:00,2573.0
2025-01-21 11:20:00+00:00,2573.0
2025-01-21 11:25:00+00:00,2573.0
2025-01-21 11:30:00+00:00,2592.6
2025-01-21 11:35:00+00:00,2592.6
2025-01-21 11:40:00+00:00,2592.6
2025-01-21 11:45:00+00:00,1900.0
2025-01-21 11:50:00+00:00,1900.0
2025-01-21 11:55:00+00:00,1900.0
2025-01-21 12:00:00+00:00,2621.3
2025-01-21 12:05:00+00:00,2621.3
2025-01-21 12:10:00+00:00,2621.3
2025-01-21 12:15:00+00:00,2176.4
2025-01-21 12:20:00+00:00,2176.4
2025-01-21 12:25:00+00:00,2176.4
2025-01-21 12:30:00+00:00,2576.6
2025-01-21 12:35:00+00:00,2576.6
2025-01-21 12:40:00+00:00,2576.6
2025-01-21 12:45:00+00:00,2183.9
2025-01-21 12:50:00+00:00,2183.9
2025-01-21 12:55:00+00:00,2183.9
2025-01-21 13:00:00+00:00,2247.5
2025-01-21 13:05:00+00:00,2247.5
2025-01-21 13:10:00+00:00,2247.5
2025-01-21 13:15:00+00:00,1841.2
2025-01-21 13:20:00+00:00,1841.2
2025-01-21 13:25:00+00:00,1841.2
2025-01-21 13:30:00+00:00,1859.2
2025-01-21 13:35:00+00:00,1859.2
2025-01-21 13:40:00+00:00,1859.2
2025-01-21 13:45:00+00:00,2613.8
2025-01-21 13:50:00+00:00,2613.8
2025-01-21 13:55:00+00:00,2613.8
2025-01-21 14:00:00+00:00,1952.4
2025-01-21 14:05:00+00:00,1952.4
2025-01-21 14:10:00+00:00,1952.4
2025-01-21 14:15:00+00:00,2707.5
2025-01-21 14:20:00+00:00,2707.5
2025-01-21 14:25:00+00:00,2707.5
2025-01-21 14:30:00+00:00,2205.7
2025-01-21 14:35:00+00:00,2205.7
2025-01-21 14:40:00+00:00,2205.7
2025-01-21 14:45:00+00:00,1697.8
2025-01-21 14:50:00+00:00,1697.8
2025-01-21 14:55:00+00:00,1697.8
2025-01-21 15:00:00+00:00,1826.9
2025-01-21 15:05:00+00:00,1826.9
2025-01-21 15:10:00+00:00,1826.9
2025-01-21 15:15:00+00:00,2231.0
2025-01-21 15:20:00+00:00,2231.0
2025-01-21 15:25:00+00:00,2231.0
2025-01-21 15:30:00+00:00,2715.8
2025-01-21 15:35:00+00:00,2715.8
2025-01-21 15:40:00+00:00,2715.8
2025-01-21 15:45:00+00:00,1814.9
2025-01-21 15:50:00+00:00,1814.9
2025-01-21 15:55:00+00:00,1814.9
2025-01-21 16:00:00+00:00,2235.7
2025-01-21 16:05:00+00:00,2235.7
2025-01-21 16:10:00+00:00,2235.7
2025-01-21 16:15:00+00:00,2887.7
2025-01-21 16:20:00+00:00,2887.7
2025-01-21 16:25:00+00:00,2887.7
2025-01-21 16:30:00+00:00,2070.2
2025-01-21 16:35:00+00:00,2070.2
2025-01-21 16:40:00+00:00,2070.2
2025-01-21 16:45:00+00:00,2505.6
2025-01-21 16:50:00+00:00,2505.6
2025-01-21 16:55:00+00:00,2505.6
2025-01-21 17:00:00+00:00,2912.2
2025-01-21 17:05:00+00:00,2912.2
2025-01-21 17:10:00+00:00,2912.2
2025-01-21 17:15:00+00:00,2634.6
2025-01-21 17:20:00+00:00,2634.6
2025-01-21 17:25:00+00:00,2634.6
2025-01-21 17:30:00+00:00,1453.5
2025-01-21 17:35:00+00:00,1453.5
2025-01-21 17:40:00+00:00,1453.5
2025-01-21 17:45:00+00:00,1508.1
2025-01-21 17:50:00+00:00,1508.1
2025-01-21 17:55:00+00:00,1508.1
2025-01-21 18:00:00+00:00,2901.0
2025-01-21 18:05:00+00:00,2901.0
2025-01-21 18:10:00+00:00,2901.0
2025-01-21 18:15:00+00:00,2509.5
2025-01-21 18:20:00+00:00,2509.5
2025-01-21 18:25:00+00:00,2509.5
2025-01-21 18:30:00+00:00,1931.6
2025-01-21 18:35:00+00:00,1931.6
2025-01-21 18:40:00+00:00,1931.6
2025-01-21 18:45:00+00:00,2531.1
2025-01-21 18:50:00+00:00,2531.1
2025-01-21 18:55:00+00:00,2531.1
2025-01-21 19:00:00+00:00,2297.9
2025-01-21 19:05:00+00:00,2297.9
2025-01-21 19:10:00+00:00,2297.9
2025-01-21 19:15:00+00:00,1167.3
2025-01-21 19:20:00+00:00,1167.3
2025-01-21 19:25:00+00:00,1167.3
2025-01-21 19:30:00+00:00,2276.6
2025-01-21 19:35:00+00:00,2276.6
2025-01-21 19:40:00+00:00,2276.6
2025-01-21 19:45:00+00:00,3903.9
2025-01-21 19:50:00+00:00,3903.9
2025-01-21 19:55:00+00:00,3903.9
2025-01-21 20:00:00+00:00,1393.3
2025-01-21 20:05:00+00:00,1393.3
2025-01-21 20:10:00+00:00,1393.3
2025-01-21 20:15:00+00:00,1413.8
2025-01-21 20:20:00+00:00,1413.8
2025-01-21 20:25:00+00:00,1413.8
2025-01-21 20:30:00+00:00,2226.3
2025-01-21 20:35:00+00:00,2226.3
2025-01-21 20:40:00+00:00,2226.3
2025-01-21 20:45:00+00:00,3032.5
2025-01-21 20:50:00+00:00,3032.5
2025-01-21 20:55:00+00:00,3032.5
2025-01-21 21:00:00+00:00,1524.5
2025-01-21 21:05:00+00:00,1524.5
2025-01-21 21:10:00+00:00,1524.5
2025-01-21 21:15:00+00:00,1498.7
2025-01-21 21:20:00+00:00,1498.7
2025-01-21 21:25:00+00:00,1498.7
2025-01-21 21:30:00+00:00,2605.8
2025-01-21 21:35:00+00:00,2605.8
2025-01-21 21:40:00+00:00,2605.8
2025-01-21 21:45:00+00:00,1893.8
2025-01-21 21:50:00+00:00,1893.8
2025-01-21 21:55:00+00:00,1893.8
2025-01-21 22:00:00+00:00,2020.3
2025-01-21 22:05:00+00:00,2020.3
2025-01-21 22:10:00+00:00,2020.3
2025-01-21 22:15:00+00:00,2969.7
2025-01-21 22:20:00+00:00,2969.7
2025-01-21 22:25:00+00:00,2969.7
2025-01-21 22:30:00+00:00,2483.3
2025-01-21 22:35:00+00:00,2483.3
2025-01-21 22:40:00+00:00,2483.3
2025-01-21 22:45:00+00:00,1158.0
2025-01-21 22:50:00+00:00,1158.0
2025-01-21 22:55:00+00:00,1158.0
2025-01-21 23:00:00+00:00,3300.8
2025-01-21 23:05:00+00:00,3300.8
2025-01-21 23:10:00+00:00,3300.8
2025-01-21 23:15:00+00:00,2626.2
2025-01-21 23:20:00+00:00,2626.2
2025-01-21 23:25:00+00:00,2626.2
2025-01-21 23:30:00+00:00,1968.0
2025-01-21 23:35:00+00:00,1968.0
2025-01-21 23:40:00+00:00,1968.0
2025-01-21 23:45:00+00:00,1908.4
2025-01-21 23:50:00+00:00,1908.4
2025-01-21 23:55:00+00:00,1908.4
2025-01-22 00:00:00+00:00,3641.6
2025-01-22 00:05:00+00:00,3641.6
2025-01-22 00:10:00+00:00,3641.6
2025-01-22 00:15:00+00:00,4399.4
2025-01-22 00:20:00+00:00,4399.4
2025-01-22 00:25:00+00:00,4399.4
2025-01-22 00:30:00+00:00,1886.3
2025-01-22 00:35:00+00:00,1886.3
2025-01-22 00:40:00+00:00,1886.3
2025-01-22 00:45:00+00:00,2275.1
2025-01-22 00:50:00+00:00,2275.1
2025-01-22 00:55:00+00:00,2275.1
2025-01-22 01:00:00+00:00,4144.0
2025-01-22 01:05:00+00:00,4144.0
2025-01-22 01:10:00+00:00,4144.0
2025-01-22 01:15:00+00:00,5456.6
2025-01-22 01:20:00+00:00,5456.6
2025-01-22 01:25:00+00:00,5456.6
2025-01-22 01:30:00+00:00,3428.7
2025-01-22 01:35:00+00:00,3428.7
2025-01-22 01:40:00+00:00,3428.7
2025-01-22 01:45:00+00:00,4804.5
2025-01-22 01:50:00+00:00,4804.5
2025-01-22 01:55:00+00:00,4804.5
2025-01-22 02:00:00+00:00,6368.2
2025-01-22 02:05:00+00:00,6368.2
2025-01-22 02:10:00+00:00,6368.2
2025-01-22 02:15:00+00:00,4221.5
2025-01-22 02:20:00+00:00,4221.5
2025-01-22 02:25:00+00:00,4221.5
2025-01-22 02:30:00+00:00,6645.1
2025-01-22 02:35:00+00:00,6645.1
2025-01-22 02:40:00+00:00,6645.1
2025-01-22 02:45:00+00:00,4423.9
2025-01-22 02:50:00+00:00,4423.9
2025-01-22 02:55:00+00:00,4423.9
2025-01-22 03:00:00+00:00,4493.2
2025-01-22 03:05:00+00:00,4493.2
2025-01-22 03:10:00+00:00,4493.2
2025-01-22 03:15:00+00:00,5644.0
2025-01-22 03:20:00+00:00,5644.0
2025-01-22 03:25:00+00:00,5644.0
2025-01-22 03:30:00+00:00,3854.0
2025-01-22 03:35:00+00:00,3854.0
2025-01-22 03:40:00+00:00,3854.0
2025-01-22 03:45:00+00:00,4512.7
2025-01-22 03:50:00+00:00,4512.7
2025-01-22 03:55:00+00:00,4512.7
2025-01-22 04:00:00+00:00,3239.1
2025-01-22 04:05:00+00:00,3239.1
2025-01-22 04:10:00+00:00,3239.1
2025-01-22 04:15:00+00:00,3263.9
2025-01-22 04:20:00+00:00,3263.9
2025-01-22 04:25:00+00:00,3263.9
2025-01-22 04:30:00+00:00,3465.9
2025-01-22 04:35:00+00:00,3465.9
2025-01-22 04:40:00+00:00,3465.9
2025-01-22 04:45:00+00:00,2539.8
2025-01-22 04:50:00+00:00,2539.8
2025-01-22 04:55:00+00:00,2539.8
2025-01-22 05:00:00+00:00,2874.9
2025-01-22 05:05:00+00:00,2874.9
2025-01-22 05:10:00+00:00,2874.9
2025-01-22 05:15:00+00:00,2452.7
2025-01-22 05:20:00+00:00,2452.7
2025-01-22 05:25:00+00:00,2452.7
2025-01-22 05:30:00+00:00,1931.2
2025-01-22 05:35:00+00:00,1931.2
2025-01-22 05:40:00+00:00,1931.2
2025-01-22 05:45:00+00:00,1176.7
2025-01-22 05:50:00+00:00,1176.7
2025-01-22 05:55:00+00:00,1176.7
2025-01-22 06:00:00+00:00,3027.5
2025-01-22 06:05:00+00:00,3027.5
2025-01-22 06:10:00+00:00,3027.5
2025-01-22 06:15:00+00:00,1822.2
2025-01-22 06:20:00+00:00,1822.2
2025-01-22 06:25:00+00:00,1822.2
2025-01-22 06:30:00+00:00,2175.7
2025-01-22 06:35:00+00:00,2175.7
2025-01-22 06:40:00+00:00,2175.7
2025-01-22 06:45:00+00:00,1816.8
2025-01-22 06:50:00+00:00,1816.8
2025-01-22 06:55:00+00:00,1816.8
2025-01-22 07:00:00+00:00,2718.6
2025-01-22 07:05:00+00:00,2718.6
2025-01-22 07:10:00+00:00,2718.6
2025-01-22 07:15:00+00:00,1536.7
2025-01-22 07:20:00+00:00,1536.7
2025-01-22 07:25:00+00:00,1536.7
2025-01-22 07:30:00+00:00,2000.5
2025-01-22 07:35:00+00:00,2000.5
2025-01-22 07:40:00+00:00,2000.5
2025-01-22 07:45:00+00:00,2603.3
2025-01-22 07:50:00+00:00,2603.3
2025-01-22 07:55:00+00:00,2603.3
2025-01-22 08:00:00+00:00,2673.0
2025-01-22 08:05:00+00:00,2673.0
2025-01-22 08:10:00+00:00,2673.0
2025-01-22 08:15:00+00:00,3199.7
2025-01-22 08:20:00+00:00,3199.7
2025-01-22 08:25:00+00:00,3199.7
2025-01-22 08:30:00+00:00,1448.8
2025-01-22 08:35:00+00:00,1448.8
2025-01-22 08:40:00+00:00,1448.8
2025-01-22 08:45:00+00:00,1906.8
2025-01-22 08:50:00+00:00,1906.8
2025-01-22 08:55:00+00:00,1906.8
2025-01-22 09:00:00+00:00,1502.1
2025-01-22 09:05:00+00:00,1502.1
2025-01-22 09:10:00+00:00,1502.1
2025-01-22 09:15:00+00:00,3614.9
2025-01-22 09:20:00+00:00,3614.9
2025-01-22 09:25:00+00:00,3614.9
2025-01-22 09:30:00+00:00,1404.9
2025-01-22 09:35:00+00:00,1404.9
2025-01-22 09:40:00+00:00,1404.9
2025-01-22 09:45:00+00:00,1124.5
2025-01-22 09:50:00+00:00,1124.5
2025-01-22 09:55:00+00:00,1124.5
2025-01-22 10:00:00+00:00,2286.3
2025-01-22 10:05:00+00:00,2286.3
2025-01-22 10:10:00+00:00,2286.3
2025-01-22 10:15:00+00:00,2625.5
2025-01-22 10:20:00+00:00,2625.5
2025-01-22 10:25:00+00:00,2625.5
2025-01-22 10:30:00+00:00,2917.3
2025-01-22 10:35:00+00:00,2917.3
2025-01-22 10:40:00+00:00,2917.3
2025-01-22 10:45:00+00:00,1576.5
2025-01-22 10:50:00+00:00,1576.5
2025-01-22 10:55:00+00:00,1576.5
2025-01-22 11:00:00+00:00,2175.6
2025-01-22 11:05:00+00:00,2175.6
2025-01-22 11:10:00+00:00,2175.6
2025-01-22 11:15:00+00:00,2899.5
2025-01-22 11:20:00+00:00,2899.5
2025-01-22 11:25:00+00:00,2899.5
2025-01-22 11:30:00+00:00,2257.9
2025-01-22 11:35:00+00:00,2257.9
2025-01-22 11:40:00+00:00,2257.9
2025-01-22 11:45:00+00:00,2163.0
2025-01-22 11:50:00+00:00,2163.0
2025-01-22 11:55:00+00:00,2163.0
2025-01-22 12:00:00+00:00,1939.8
2025-01-22 12:05:00+00:00,1939.8
2025-01-22 12:10:00+00:00,1939.8
2025-01-22 12:15:00+00:00,3123.3
2025-01-22 12:20:00+00:00,3123.3
2025-01-22 12:25:00+00:00,3123.3
2025-01-22 12:30:00+00:00,3079.0
2025-01-22 12:35:00+00:00,3079.0
2025-01-22 12:40:00+00:00,3079.0
2025-01-22 12:45:00+00:00,1781.5
2025-01-22 12:50:00+00:00,1781.5
2025-01-22 12:55:00+00:00,1781.5
2025-01-22 13:00:00+00:00,2456.4
2025-01-22 13:05:00+00:00,2456.4
2025-01-22 13:10:00+00:00,2456.4
2025-01-22 13:15:00+00:00,1441.9
2025-01-22 13:20:00+00:00,1441.9
2025-01-22 13:25:00+00:00,1441.9
2025-01-22 13:30:00+00:00,2658.5
2025-01-22 13:35:00+00:00,2658.5
2025-01-22 13:40:00+00:00,2658.5
2025-01-22 13:45:00+00:00,1948.9
2025-01-22 13:50:00+00:00,1948.9
2025-01-22 13:55:00+00:00,1948.9
2025-01-22 14:00:00+00:00,2660.5
2025-01-22 14:05:00+00:00,2660.5
2025-01-22 14:10:00+00:00,2660.5
2025-01-22 14:15:00+00:00,1580.1
2025-01-22 14:20:00+00:00,1580.1
2025-01-22 14:25:00+00:00,1580.1
2025-01-22 14:30:00+00:00,2865.9
2025-01-22 14:35:00+00:00,2865.9
2025-01-22 14:40:00+00:00,2865.9
2025-01-22 14:45:00+00:00,2264.1
2025-01-22 14:50:00+00:00,2264.1
2025-01-22 14:55:00+00:00,2264.1
2025-01-22 15:00:00+00:00,1536.0
2025-01-22 15:05:00+00:00,1536.0
2025-01-22 15:10:00+00:00,1536.0
2025-01-22 15:15:00+00:00,3256.2
2025-01-22 15:20:00+00:00,3256.2
2025-01-22 15:25:00+00:00,3256.2
2025-01-22 15:30:00+00:00,2080.3
2025-01-22 15:35:00+00:00,2080.3
2025-01-22 15:40:00+00:00,2080.3
2025-01-22 15:45:00+00:00,1475.6
2025-01-22 15:50:00+00:00,1475.6
2025-01-22 15:55:00+00:00,1475.6
2025-01-22 16:00:00+00:00,2162.1
2025-01-22 16:05:00+00:00,2162.1
2025-01-22 16:10:00+00:00,2162.1
2025-01-22 16:15:00+00:00,3107.3
2025-01-22 16:20:00+00:00,3107.3
2025-01-22 16:25:00+00:00,3107.3
2025-01-22 16:30:00+00:00,1958.5
2025-01-22 16:35:00+00:00,1958.5
2025-01-22 16:40:00+00:00,1958.5
2025-01-22 16:45:00+00:00,2277.5
2025-01-22 16:50:00+00:00,2277.5
2025-01-22 16:55:00+00:00,2277.5
2025-01-22 17:00:00+00:00,3215.1
2025-01-22 17:05:00+00:00,3215.1
2025-01-22 17:10:00+00:00,3215.1
2025-01-22 17:15:00+00:00,1467.5
2025-01-22 17:20:00+00:00,1467.5
2025-01-22 17:25:00+00:00,1467.5
2025-01-22 17:30:00+00:00,1923.8
2025-01-22 17:35:00+00:00,1923.8
2025-01-22 17:40:00+00:00,1923.8
2025-01-22 17:45:00+00:00,1586.6
2025-01-22 17:50:00+00:00,1586.6
2025-01-22 17:55:00+00:00,1586.6
2025-01-22 18:00:00+00:00,3902.6
2025-01-22 18:05:00+00:00,3902.6
2025-01-22 18:10:00+00:00,3902.6
2025-01-22 18:15:00+00:00,2305.8
2025-01-22 18:20:00+00:00,2305.8
2025-01-22 18:25:00+00:00,2305.8
2025-01-22 18:30:00+00:00,1776.5
2025-01-22 18:35:00+00:00,1776.5
2025-01-22 18:40:00+00:00,1776.5
2025-01-22 18:45:00+00:00,1197.6
2025-01-22 18:50:00+00:00,1197.6
2025-01-22 18:55:00+00:00,1197.6
2025-01-22 19:00:00+00:00,2604.3
2025-01-22 19:05:00+00:00,2604.3
2025-01-22 19:10:00+00:00,2604.3
2025-01-22 19:15:00+00:00,1823.0
2025-01-22 19:20:00+00:00,1823.0
2025-01-22 19:25:00+00:00,1823.0
2025-01-22 19:30:00+00:00,1846.9
2025-01-22 19:35:00+00:00,1846.9
2025-01-22 19:40:00+00:00,1846.9
2025-01-22 19:45:00+00:00,1820.3
2025-01-22 19:50:00+00:00,1820.3
2025-01-22 19:55:00+00:00,1820.3
2025-01-22 20:00:00+00:00,1465.6
2025-01-22 20:05:00+00:00,1465.6
2025-01-22 20:10:00+00:00,1465.6
2025-01-22 20:15:00+00:00,4046.6
2025-01-22 20:20:00+00:00,4046.6
2025-01-22 20:25:00+00:00,4046.6
2025-01-22 20:30:00+00:00,1469.5
2025-01-22 20:35:00+00:00,1469.5
2025-01-22 20:40:00+00:00,1469.5
2025-01-22 20:45:00+00:00,2298.5
2025-01-22 20:50:00+00:00,2298.5
2025-01-22 20:55:00+00:00,2298.5
2025-01-22 21:00:00+00:00,1546.9
2025-01-22 21:05:00+00:00,1546.9
2025-01-22 21:10:00+00:00,1546.9
2025-01-22 21:15:00+00:00,2675.4
2025-01-22 21:20:00+00:00,2675.4
2025-01-22 21:25:00+00:00,2675.4
2025-01-22 21:30:00+00:00,2610.3
2025-01-22 21:35:00+00:00,2610.3
2025-01-22 21:40:00+00:00,2610.3
2025-01-22 21:45:00+00:00,1555.5
2025-01-22 21:50:00+00:00,1555.5
2025-01-22 21:55:00+00:00,1555.5
2025-01-22 22:00:00+00:00,2266.0
2025-01-22 22:05:00+00:00,2266.0
2025-01-22 22:10:00+00:00,2266.0
2025-01-22 22:15:00+00:00,3171.5
2025-01-22 22:20:00+00:00,3171.5
2025-01-22 22:25:00+00:00,3171.5
2025-01-22 22:30:00+00:00,2124.9
2025-01-22 22:35:00+00:00,2124.9
2025-01-22 22:40:00+00:00,2124.9
2025-01-22 22:45:00+00:00,2189.0
2025-01-22 22:50:00+00:00,2189.0
2025-01-22 22:55:00+00:00,2189.0
2025-01-22 23:00:00+00:00,2285.8
2025-01-22 23:05:00+00:00,2285.8
2025-01-22 23:10:00+00:00,2285.8
2025-01-22 23:15:00+00:00,2498.3
2025-01-22 23:20:00+00:00,2498.3
2025-01-22 23:25:00+00:00,2498.3
2025-01-22 23:30:00+00:00,1785.9
2025-01-22 23:35:00+00:00,1785.9
2025-01-22 23:40:00+00:00,1785.9
2025-01-22 23:45:00+00:00,2214.1
2025-01-22 23:50:00+00:00,2214.1
2025-01-22 23:55:00+00:00,2214.1
2025-01-23 00:00:00+00:00,2671.9
2025-01-23 00:05:00+00:00,2671.9
2025-01-23 00:10:00+00:00,2671.9
2025-01-23 00:15:00+00:00,2603.2
2025-01-23 00:20:00+00:00,2603.2
2025-01-23 00:25:00+00:00,2603.2
2025-01-23 00:30:00+00:00,3363.6
2025-01-23 00:35:00+00:00,3363.6
2025-01-23 00:40:00+00:00,3363.6
2025-01-23 00:45:00+00:00,3604.6
2025-01-23 00:50:00+00:00,3604.6
2025-01-23 00:55:00+00:00,3604.6
2025-01-23 01:00:00+00:00,4649.0
2025-01-23 01:05:00+00:00,4649.0
2025-01-23 01:10:00+00:00,4649.0
2025-01-23 01:15:00+00:00,4716.6
2025-01-23 01:20:00+00:00,4716.6
2025-01-23 01:25:00+00:00,4716.6
2025-01-23 01:30:00+00:00,4834.7
2025-01-23 01:35:00+00:00,4834.7
2025-01-23 01:40:00+00:00,4834.7
2025-01-23 01:45:00+00:00,4534.2
2025-01-23 01:50:00+00:00,4534.2
2025-01-23 01:55:00+00:00,4534.2
2025-01-23 02:00:00+00:00,4315.4
2025-01-23 02:05:00+00:00,4315.4
2025-01-23 02:10:00+00:00,4315.4
2025-01-23 02:15:00+00:00,6186.2
2025-01-23 02:20:00+00:00,6186.2
2025-01-23 02:25:00+00:00,6186.2
2025-01-23 02:30:00+00:00,5144.6
2025-01-23 02:35:00+00:00,5144.6
2025-01-23 02:40:00+00:00,5144.6
2025-01-23 02:45:00+00:00,5134.0
2025-01-23 02:50:00+00:00,5134.0
2025-01-23 02:55:00+00:00,5134.0
2025-01-23 03:00:00+00:00,4189.7
2025-01-23 03:05:00+00:00,4189.7
2025-01-23 03:10:00+00:00,4189.7
2025-01-23 03:15:00+00:00,4787.4
2025-01-23 03:20:00+00:00,4787.4
2025-01-23 03:25:00+00:00,4787.4
2025-01-23 03:30:00+00:00,4035.5
2025-01-23 03:35:00+00:00,4035.5
2025-01-23 03:40:00+00:00,4035.5
2025-01-23 03:45:00+00:00,4222.5
2025-01-23 03:50:00+00:00,4222.5
2025-01-23 03:55:00+00:00,4222.5
2025-01-23 04:00:00+00:00,2614.2
2025-01-23 04:05:00+00:00,2614.2
2025-01-23 04:10:00+00:00,2614.2
2025-01-23 04:15:00+00:00,2921.8
2025-01-23 04:20:00+00:00,2921.8
2025-01-23 04:25:00+00:00,2921.8
2025-01-23 04:30:00+00:00,4475.8
2025-01-23 04:35:00+00:00,4475.8
2025-01-23 04:40:00+00:00,4475.8
2025-01-23 04:45:00+00:00,2735.9
2025-01-23 04:50:00+00:00,2735.9
2025-01-23 04:55:00+00:00,2735.9
2025-01-23 05:00:00+00:00,2132.9
2025-01-23 05:05:00+00:00,2132.9
2025-01-23 05:10:00+00:00,2132.9
2025-01-23 05:15:00+00:00,1399.5
2025-01-23 05:20:00+00:00,1399.5
2025-01-23 05:25:00+00:00,1399.5
2025-01-23 05:30:00+00:00,2380.2
2025-01-23 05:35:00+00:00,2380.2
2025-01-23 05:40:00+00:00,2380.2
2025-01-23 05:45:00+00:00,1573.2
2025-01-23 05:50:00+00:00,1573.2
2025-01-23 05:55:00+00:00,1573.2
2025-01-23 06:00:00+00:00,1960.5
2025-01-23 06:05:00+00:00,1960.5
2025-01-23 06:10:00+00:00,1960.5
2025-01-23 06:15:00+00:00,2628.8
2025-01-23 06:20:00+00:00,2628.8
2025-01-23 06:25:00+00:00,2628.8
2025-01-23 06:30:00+00:00,2681.3
2025-01-23 06:35:00+00:00,2681.3
2025-01-23 06:40:00+00:00,2681.3
2025-01-23 06:45:00+00:00,2211.6
2025-01-23 06:50:00+00:00,2211.6
2025-01-23 06:55:00+00:00,2211.6
2025-01-23 07:00:00+00:00,2701.7
2025-01-23 07:05:00+00:00,2701.7
2025-01-23 07:10:00+00:00,2701.7
2025-01-23 07:15:00+00:00,1145.9
2025-01-23 07:20:00+00:00,1145.9
2025-01-23 07:25:00+00:00,1145.9
2025-01-23 07:30:00+00:00,1744.2
2025-01-23 07:35:00+00:00,1744.2
2025-01-23 07:40:00+00:00,1744.2
2025-01-23 07:45:00+00:00,1735.0
2025-01-23 07:50:00+00:00,1735.0
2025-01-23 07:55:00+00:00,1735.0
2025-01-23 08:00:00+00:00,2656.5
2025-01-23 08:05:00+00:00,2656.5
2025-01-23 08:10:00+00:00,2656.5
2025-01-23 08:15:00+00:00,1422.7
2025-01-23 08:20:00+00:00,1422.7
2025-01-23 08:25:00+00:00,1422.7
2025-01-23 08:30:00+00:00,2426.1
2025-01-23 08:35:00+00:00,2426.1
2025-01-23 08:40:00+00:00,2426.1
2025-01-23 08:45:00+00:00,2259.2
2025-01-23 08:50:00+00:00,2259.2
2025-01-23 08:55:00+00:00,2259.2
2025-01-23 09:00:00+00:00,1574.7
2025-01-23 09:05:00+00:00,1574.7
2025-01-23 09:10:00+00:00,1574.7
2025-01-23 09:15:00+00:00,2967.4
2025-01-23 09:20:00+00:00,2967.4
2025-01-23 09:25:00+00:00,2967.4
2025-01-23 09:30:00+00:00,1865.5
2025-01-23 09:35:00+00:00,1865.5
2025-01-23 09:40:00+00:00,1865.5
2025-01-23 09:45:00+00:00,1146.5
2025-01-23 09:50:00+00:00,1146.5
2025-01-23 09:55:00+00:00,1146.5
2025-01-23 10:00:00+00:00,1984.9
2025-01-23 10:05:00+00:00,1984.9
2025-01-23 10:10:00+00:00,1984.9
2025-01-23 10:15:00+00:00,3066.7
2025-01-23 10:20:00+00:00,3066.7
2025-01-23 10:25:00+00:00,3066.7
2025-01-23 10:30:00+00:00,2972.3
2025-01-23 10:35:00+00:00,2972.3
2025-01-23 10:40:00+00:00,2972.3
2025-01-23 10:45:00+00:00,1704.2
2025-01-23 10:50:00+00:00,1704.2
2025-01-23 10:55:00+00:00,1704.2
2025-01-23 11:00:00+00:00,2242.9
2025-01-23 11:05:00+00:00,2242.9
2025-01-23 11:10:00+00:00,2242.9
2025-01-23 11:15:00+00:00,2879.8
2025-01-23 11:20:00+00:00,2879.8
2025-01-23 11:25:00+00:00,2879.8
2025-01-23 11:30:00+00:00,2831.9
2025-01-23 11:35:00+00:00,2831.9
2025-01-23 11:40:00+00:00,2831.9
2025-01-23 11:45:00+00:00,1537.2
2025-01-23 11:50:00+00:00,1537.2
2025-01-23 11:55:00+00:00,1537.2
2025-01-23 12:00:00+00:00,1874.3
2025-01-23 12:05:00+00:00,1874.3
2025-01-23 12:10:00+00:00,1874.3
2025-01-23 12:15:00+00:00,2359.2
2025-01-23 12:20:00+00:00,2359.2
2025-01-23 12:25:00+00:00,2359.2
2025-01-23 12:30:00+00:00,2205.6
2025-01-23 12:35:00+00:00,2205.6
2025-01-23 12:40:00+00:00,2205.6
2025-01-23 12:45:00+00:00,2603.9
2025-01-23 12:50:00+00:00,2603.9
2025-01-23 12:55:00+00:00,2603.9
2025-01-23 13:00:00+00:00,1460.8
2025-01-23 13:05:00+00:00,1460.8
2025-01-23 13:10:00+00:00,1460.8
2025-01-23 13:15:00+00:00,1509.3
2025-01-23 13:20:00+00:00,1509.3
2025-01-23 13:25:00+00:00,1509.3
2025-01-23 13:30:00+00:00,1924.5
2025-01-23 13:35:00+00:00,1924.5
2025-01-23 13:40:00+00:00,1924.5
2025-01-23 13:45:00+00:00,2304.9
2025-01-23 13:50:00+00:00,2304.9
2025-01-23 13:55:00+00:00,2304.9
2025-01-23 14:00:00+00:00,2249.8
2025-01-23 14:05:00+00:00,2249.8
2025-01-23 14:10:00+00:00,2249.8
2025-01-23 14:15:00+00:00,2291.7
2025-01-23 14:20:00+00:00,2291.7
2025-01-23 14:25:00+00:00,2291.7
2025-01-23 14:30:00+00:00,2233.1
2025-01-23 14:35:00+00:00,2233.1
2025-01-23 14:40:00+00:00,2233.1
2025-01-23 14:45:00+00:00,2239.9
2025-01-23 14:50:00+00:00,2239.9
2025-01-23 14:55:00+00:00,2239.9
2025-01-23 15:00:00+00:00,2247.7
2025-01-23 15:05:00+00:00,2247.7
2025-01-23 15:10:00+00:00,2247.7
2025-01-23 15:15:00+00:00,2669.2
2025-01-23 15:20:00+00:00,2669.2
2025-01-23 15:25:00+00:00,2669.2
2025-01-23 15:30:00+00:00,1875.9
2025-01-23 15:35:00+00:00,1875.9
2025-01-23 15:40:00+00:00,1875.9
2025-01-23 15:45:00+00:00,2399.6
2025-01-23 15:50:00+00:00,2399.6
2025-01-23 15:55:00+00:00,2399.6
2025-01-23 16:00:00+00:00,2591.7
2025-01-23 16:05:00+00:00,2591.7
2025-01-23 16:10:00+00:00,2591.7
2025-01-23 16:15:00+00:00,1696.7
2025-01-23 16:20:00+00:00,1696.7
2025-01-23 16:25:00+00:00,1696.7
2025-01-23 16:30:00+00:00,1877.4
2025-01-23 16:35:00+00:00,1877.4
2025-01-23 16:40:00+00:00,1877.4
2025-01-23 16:45:00+00:00,1830.2
2025-01-23 16:50:00+00:00,1830.2
2025-01-23 16:55:00+00:00,1830.2
2025-01-23 17:00:00+00:00,3056.0
2025-01-23 17:05:00+00:00,3056.0
2025-01-23 17:10:00+00:00,3056.0
2025-01-23 17:15:00+00:00,2520.7
2025-01-23 17:20:00+00:00,2520.7
2025-01-23 17:25:00+00:00,2520.7
2025-01-23 17:30:00+00:00,2264.2
2025-01-23 17:35:00+00:00,2264.2
2025-01-23 17:40:00+00:00,2264.2
2025-01-23 17:45:00+00:00,2165.8
2025-01-23 17:50:00+00:00,2165.8
2025-01-23 17:55:00+00:00,2165.8
2025-01-23 18:00:00+00:00,1112.3
2025-01-23 18:05:00+00:00,1112.3
2025-01-23 18:10:00+00:00,1112.3
2025-01-23 18:15:00+00:00,2229.1
2025-01-23 18:20:00+00:00,2229.1
2025-01-23 18:25:00+00:00,2229.1
2025-01-23 18:30:00+00:00,3495.1
2025-01-23 18:35:00+00:00,3495.1
2025-01-23 18:40:00+00:00,3495.1
2025-01-23 18:45:00+00:00,1833.7
2025-01-23 18:50:00+00:00,1833.7
2025-01-23 18:55:00+00:00,1833.7
2025-01-23 19:00:00+00:00,2620.4
2025-01-23 19:05:00+00:00,2620.4
2025-01-23 19:10:00+00:00,2620.4
2025-01-23 19:15:00+00:00,3356.4
2025-01-23 19:20:00+00:00,3356.4
2025-01-23 19:25:00+00:00,3356.4
2025-01-23 19:30:00+00:00,1512.4
2025-01-23 19:35:00+00:00,1512.4
2025-01-23 19:40:00+00:00,1512.4
2025-01-23 19:45:00+00:00,3240.6
2025-01-23 19:50:00+00:00,3240.6
2025-01-23 19:55:00+00:00,3240.6
2025-01-23 20:00:00+00:00,1789.6
2025-01-23 20:05:00+00:00,1789.6
2025-01-23 20:10:00+00:00,1789.6
2025-01-23 20:15:00+00:00,1874.5
2025-01-23 20:20:00+00:00,1874.5
2025-01-23 20:25:00+00:00,1874.5
2025-01-23 20:30:00+00:00,1477.3
2025-01-23 20:35:00+00:00,1477.3
2025-01-23 20:40:00+00:00,1477.3
2025-01-23 20:45:00+00:00,2601.2
2025-01-23 20:50:00+00:00,2601.2
2025-01-23 20:55:00+00:00,2601.2
2025-01-23 21:00:00+00:00,2575.7
2025-01-23 21:05:00+00:00,2575.7
2025-01-23 21:10:00+00:00,2575.7
2025-01-23 21:15:00+00:00,2558.5
2025-01-23 21:20:00+00:00,2558.5
2025-01-23 21:25:00+00:00,2558.5
2025-01-23 21:30:00+00:00,1643.9
2025-01-23 21:35:00+00:00,1643.9
2025-01-23 21:40:00+00:00,1643.9
2025-01-23 21:45:00+00:00,2260.0
2025-01-23 21:50:00+00:00,2260.0
2025-01-23 21:55:00+00:00,2260.0
2025-01-23 22:00:00+00:00,3317.1
2025-01-23 22:05:00+00:00,3317.1
2025-01-23 22:10:00+00:00,3317.1
2025-01-23 22:15:00+00:00,2661.2
2025-01-23 22:20:00+00:00,2661.2
2025-01-23 22:25:00+00:00,2661.2
2025-01-23 22:30:00+00:00,1571.8
2025-01-23 22:35:00+00:00,1571.8
2025-01-23 22:40:00+00:00,1571.8
2025-01-23 22:45:00+00:00,2640.5
2025-01-23 22:50:00+00:00,2640.5
2025-01-23 22:55:00+00:00,2640.5
2025-01-23 23:00:00+00:00,1130.0
2025-01-23 23:05:00+00:00,1130.0
2025-01-23 23:10:00+00:00,1130.0
2025-01-23 23:15:00+00:00,2373.5
2025-01-23 23:20:00+00:00,2373.5
2025-01-23 23:25:00+00:00,2373.5
2025-01-23 23:30:00+00:00,2680.6
2025-01-23 23:35:00+00:00,2680.6
2025-01-23 23:40:00+00:00,2680.6
2025-01-23 23:45:00+00:00,2940.6
2025-01-23 23:50:00+00:00,2940.6
2025-01-23 23:55:00+00:00,2940.6
2025-01-24 00:00:00+00:00,2222.3
2025-01-24 00:05:00+00:00,2222.3
2025-01-24 00:10:00+00:00,2222.3
2025-01-24 00:15:00+00:00,4146.3
2025-01-24 00:20:00+00:00,4146.3
2025-01-24 00:25:00+00:00,4146.3
2025-01-24 00:30:00+00:00,3303.3
2025-01-24 00:35:00+00:00,3303.3
2025-01-24 00:40:00+00:00,3303.3
2025-01-24 00:45:00+00:00,1973.6
2025-01-24 00:50:00+00:00,1973.6
2025-01-24 00:55:00+00:00,1973.6
2025-01-24 01:00:00+00:00,4757.7
2025-01-24 01:05:00+00:00,4757.7
2025-01-24 01:10:00+00:00,4757.7
2025-01-24 01:15:00+00:00,4659.3
2025-01-24 01:20:00+00:00,4659.3
2025-01-24 01:25:00+00:00,4659.3
2025-01-24 01:30:00+00:00,4301.9
2025-01-24 01:35:00+00:00,4301.9
2025-01-24 01:40:00+00:00,4301.9
2025-01-24 01:45:00+00:00,3668.9
2025-01-24 01:50:00+00:00,3668.9
2025-01-24 01:55:00+00:00,3668.9
2025-01-24 02:00:00+00:00,4834.7
2025-01-24 02:05:00+00:00,4834.7
2025-01-24 02:10:00+00:00,4834.7
2025-01-24 02:15:00+00:00,4711.1
2025-01-24 02:20:00+00:00,4711.1
2025-01-24 02:25:00+00:00,4711.1
2025-01-24 02:30:00+00:00,5415.1
2025-01-24 02:35:00+00:00,5415.1
2025-01-24 02:40:00+00:00,5415.1
2025-01-24 02:45:00+00:00,4606.9
2025-01-24 02:50:00+00:00,4606.9
2025-01-24 02:55:00+00:00,4606.9
2025-01-24 03:00:00+00:00,5898.9
2025-01-24 03:05:00+00:00,5898.9
2025-01-24 03:10:00+00:00,5898.9
2025-01-24 03:15:00+00:00,4164.9
2025-01-24 03:20:00+00:00,4164.9
2025-01-24 03:25:00+00:00,4164.9
2025-01-24 03:30:00+00:00,4572.9
2025-01-24 03:35:00+00:00,4572.9
2025-01-24 03:40:00+00:00,4572.9
2025-01-24 03:45:00+00:00,4764.8
2025-01-24 03:50:00+00:00,4764.8
2025-01-24 03:55:00+00:00,4764.8
2025-01-24 04:00:00+00:00,3446.3
2025-01-24 04:05:00+00:00,3446.3
2025-01-24 04:10:00+00:00,3446.3
2025-01-24 04:15:00+00:00,3197.4
2025-01-24 04:20:00+00:00,3197.4
2025-01-24 04:25:00+00:00,3197.4
2025-01-24 04:30:00+00:00,3434.4
2025-01-24 04:35:00+00:00,3434.4
2025-01-24 04:40:00+00:00,3434.4
2025-01-24 04:45:00+00:00,4521.9
2025-01-24 04:50:00+00:00,4521.9
2025-01-24 04:55:00+00:00,4521.9
2025-01-24 05:00:00+00:00,1561.2
2025-01-24 05:05:00+00:00,1561.2
2025-01-24 05:10:00+00:00,1561.2
2025-01-24 05:15:00+00:00,2380.1
2025-01-24 05:20:00+00:00,2380.1
2025-01-24 05:25:00+00:00,2380.1
2025-01-24 05:30:00+00:00,2894.5
2025-01-24 05:35:00+00:00,2894.5
2025-01-24 05:40:00+00:00,2894.5
2025-01-24 05:45:00+00:00,1416.7
2025-01-24 05:50:00+00:00,1416.7
2025-01-24 05:55:00+00:00,1416.7
2025-01-24 06:00:00+00:00,2318.1
2025-01-24 06:05:00+00:00,2318.1
2025-01-24 06:10:00+00:00,2318.1
2025-01-24 06:15:00+00:00,2239.9
2025-01-24 06:20:00+00:00,2239.9
2025-01-24 06:25:00+00:00,2239.9
2025-01-24 06:30:00+00:00,1564.3
2025-01-24 06:35:00+00:00,1564.3
2025-01-24 06:40:00+00:00,1564.3
2025-01-24 06:45:00+00:00,1569.9
2025-01-24 06:50:00+00:00,1569.9
2025-01-24 06:55:00+00:00,1569.9
2025-01-24 07:00:00+00:00,3746.4
2025-01-24 07:05:00+00:00,3746.4
2025-01-24 07:10:00+00:00,3746.4
2025-01-24 07:15:00+00:00,1822.5
2025-01-24 07:20:00+00:00,1822.5
2025-01-24 07:25:00+00:00,1822.5
2025-01-24 07:30:00+00:00,3730.9
2025-01-24 07:35:00+00:00,3730.9
2025-01-24 07:40:00+00:00,3730.9
2025-01-24 07:45:00+00:00,1697.4
2025-01-24 07:50:00+00:00,1697.4
2025-01-24 07:55:00+00:00,1697.4
2025-01-24 08:00:00+00:00,1919.4
2025-01-24 08:05:00+00:00,1919.4
2025-01-24 08:10:00+00:00,1919.4
2025-01-24 08:15:00+00:00,2554.3
2025-01-24 08:20:00+00:00,2554.3
2025-01-24 08:25:00+00:00,2554.3
2025-01-24 08:30:00+00:00,1835.9
2025-01-24 08:35:00+00:00,1835.9
2025-01-24 08:40:00+00:00,1835.9
2025-01-24 08:45:00+00:00,2065.4
2025-01-24 08:50:00+00:00,2065.4
2025-01-24 08:55:00+00:00,2065.4
2025-01-24 09:00:00+00:00,1163.3
2025-01-24 09:05:00+00:00,1163.3
2025-01-24 09:10:00+00:00,1163.3
2025-01-24 09:15:00+00:00,3403.0
2025-01-24 09:20:00+00:00,3403.0
2025-01-24 09:25:00+00:00,3403.0
2025-01-24 09:30:00+00:00,2214.0
2025-01-24 09:35:00+00:00,2214.0
2025-01-24 09:40:00+00:00,2214.0
2025-01-24 09:45:00+00:00,2512.9
2025-01-24 09:50:00+00:00,2512.9
2025-01-24 09:55:00+00:00,2512.9
2025-01-24 10:00:00+00:00,1912.2
2025-01-24 10:05:00+00:00,1912.2
2025-01-24 10:10:00+00:00,1912.2
2025-01-24 10:15:00+00:00,2209.6
2025-01-24 10:20:00+00:00,2209.6
2025-01-24 10:25:00+00:00,2209.6
2025-01-24 10:30:00+00:00,1416.5
2025-01-24 10:35:00+00:00,1416.5
2025-01-24 10:40:00+00:00,1416.5
2025-01-24 10:45:00+00:00,1583.5
2025-01-24 10:50:00+00:00,1583.5
2025-01-24 10:55:00+00:00,1583.5
2025-01-24 11:00:00+00:00,1554.5
2025-01-24 11:05:00+00:00,1554.5
2025-01-24 11:10:00+00:00,1554.5
2025-01-24 11:15:00+00:00,3589.7
2025-01-24 11:20:00+00:00,3589.7
2025-01-24 11:25:00+00:00,3589.7
2025-01-24 11:30:00+00:00,2235.2
2025-01-24 11:35:00+00:00,2235.2
2025-01-24 11:40:00+00:00,2235.2
2025-01-24 11:45:00+00:00,3037.4
2025-01-24 11:50:00+00:00,3037.4
2025-01-24 11:55:00+00:00,3037.4
2025-01-24 12:00:00+00:00,1847.3
2025-01-24 12:05:00+00:00,1847.3
2025-01-24 12:10:00+00:00,1847.3
2025-01-24 12:15:00+00:00,2951.7
2025-01-24 12:20:00+00:00,2951.7
2025-01-24 12:25:00+00:00,2951.7
2025-01-24 12:30:00+00:00,1821.2
2025-01-24 12:35:00+00:00,1821.2
2025-01-24 12:40:00+00:00,1821.2
2025-01-24 12:45:00+00:00,2996.7
2025-01-24 12:50:00+00:00,2996.7
2025-01-24 12:55:00+00:00,2996.7
2025-01-24 13:00:00+00:00,3077.9
2025-01-24 13:05:00+00:00,3077.9
2025-01-24 13:10:00+00:00,3077.9
2025-01-24 13:15:00+00:00,1835.6
2025-01-24 13:20:00+00:00,1835.6
2025-01-24 13:25:00+00:00,1835.6
2025-01-24 13:30:00+00:00,2837.2
2025-01-24 13:35:00+00:00,2837.2
2025-01-24 13:40:00+00:00,2837.2
2025-01-24 13:45:00+00:00,1792.1
2025-01-24 13:50:00+00:00,1792.1
2025-01-24 13:55:00+00:00,1792.1
2025-01-24 14:00:00+00:00,1497.4
2025-01-24 14:05:00+00:00,1497.4
2025-01-24 14:10:00+00:00,1497.4
2025-01-24 14:15:00+00:00,2567.1
2025-01-24 14:20:00+00:00,2567.1
2025-01-24 14:25:00+00:00,2567.1
2025-01-24 14:30:00+00:00,2161.3
2025-01-24 14:35:00+00:00,2161.3
2025-01-24 14:40:00+00:00,2161.3
2025-01-24 14:45:00+00:00,1845.1
2025-01-24 14:50:00+00:00,1845.1
2025-01-24 14:55:00+00:00,1845.1
2025-01-24 15:00:00+00:00,1456.3
2025-01-24 15:05:00+00:00,1456.3
2025-01-24 15:10:00+00:00,1456.3
2025-01-24 15:15:00+00:00,1927.5
2025-01-24 15:20:00+00:00,1927.5
2025-01-24 15:25:00+00:00,1927.5
2025-01-24 15:30:00+00:00,1442.2
2025-01-24 15:35:00+00:00,1442.2
2025-01-24 15:40:00+00:00,1442.2
2025-01-24 15:45:00+00:00,2948.4
2025-01-24 15:50:00+00:00,2948.4
2025-01-24 15:55:00+00:00,2948.4
2025-01-24 16:00:00+00:00,1500.9
2025-01-24 16:05:00+00:00,1500.9
2025-01-24 16:10:00+00:00,1500.9
2025-01-24 16:15:00+00:00,2295.0
2025-01-24 16:20:00+00:00,2295.0
2025-01-24 16:25:00+00:00,2295.0
2025-01-24 16:30:00+00:00,1956.1
2025-01-24 16:35:00+00:00,1956.1
2025-01-24 16:40:00+00:00,1956.1
2025-01-24 16:45:00+00:00,2574.4
2025-01-24 16:50:00+00:00,2574.4
2025-01-24 16:55:00+00:00,2574.4
2025-01-24 17:00:00+00:00,2216.2
2025-01-24 17:05:00+00:00,2216.2
2025-01-24 17:10:00+00:00,2216.2
2025-01-24 17:15:00+00:00,1141.3
2025-01-24 17:20:00+00:00,1141.3
2025-01-24 17:25:00+00:00,1141.3
2025-01-24 17:30:00+00:00,1207.5
2025-01-24 17:35:00+00:00,1207.5
2025-01-24 17:40:00+00:00,1207.5
2025-01-24 17:45:00+00:00,2301.0
2025-01-24 17:50:00+00:00,2301.0
2025-01-24 17:55:00+00:00,2301.0
2025-01-24 18:00:00+00:00,2687.9
2025-01-24 18:05:00+00:00,2687.9
2025-01-24 18:10:00+00:00,2687.9
2025-01-24 18:15:00+00:00,1899.6
2025-01-24 18:20:00+00:00,1899.6
2025-01-24 18:25:00+00:00,1899.6
2025-01-24 18:30:00+00:00,1546.8
2025-01-24 18:35:00+00:00,1546.8
2025-01-24 18:40:00+00:00,1546.8
2025-01-24 18:45:00+00:00,2344.1
2025-01-24 18:50:00+00:00,2344.1
2025-01-24 18:55:00+00:00,2344.1
2025-01-24 19:00:00+00:00,1756.0
2025-01-24 19:05:00+00:00,1756.0
2025-01-24 19:10:00+00:00,1756.0
2025-01-24 19:15:00+00:00,1138.0
2025-01-24 19:20:00+00:00,1138.0
2025-01-24 19:25:00+00:00,1138.0
2025-01-24 19:30:00+00:00,1538.8
2025-01-24 19:35:00+00:00,1538.8
2025-01-24 19:40:00+00:00,1538.8
2025-01-24 19:45:00+00:00,3337.0
2025-01-24 19:50:00+00:00,3337.0
2025-01-24 19:55:00+00:00,3337.0
2025-01-24 20:00:00+00:00,1404.6
2025-01-24 20:05:00+00:00,1404.6
2025-01-24 20:10:00+00:00,1404.6
2025-01-24 20:15:00+00:00,1154.3
2025-01-24 20:20:00+00:00,1154.3
2025-01-24 20:25:00+00:00,1154.3
2025-01-24 20:30:00+00:00,2355.2
2025-01-24 20:35:00+00:00,2355.2
2025-01-24 20:40:00+00:00,2355.2
2025-01-24 20:45:00+00:00,2969.8
2025-01-24 20:50:00+00:00,2969.8
2025-01-24 20:55:00+00:00,2969.8
2025-01-24 21:00:00+00:00,2154.3
2025-01-24 21:05:00+00:00,2154.3
2025-01-24 21:10:00+00:00,2154.3
2025-01-24 21:15:00+00:00,1423.6
2025-01-24 21:20:00+00:00,1423.6
2025-01-24 21:25:00+00:00,1423.6
2025-01-24 21:30:00+00:00,1886.1
2025-01-24 21:35:00+00:00,1886.1
2025-01-24 21:40:00+00:00,1886.1
2025-01-24 21:45:00+00:00,1544.6
2025-01-24 21:50:00+00:00,1544.6
2025-01-24 21:55:00+00:00,1544.6
2025-01-24 22:00:00+00:00,2601.4
2025-01-24 22:05:00+00:00,2601.4
2025-01-24 22:10:00+00:00,2601.4
2025-01-24 22:15:00+00:00,1856.5
2025-01-24 22:20:00+00:00,1856.5
2025-01-24 22:25:00+00:00,1856.5
2025-01-24 22:30:00+00:00,1481.6
2025-01-24 22:35:00+00:00,1481.6
2025-01-24 22:40:00+00:00,1481.6
2025-01-24 22:45:00+00:00,3114.7
2025-01-24 22:50:00+00:00,3114.7
2025-01-24 22:55:00+00:00,3114.7
2025-01-24 23:00:00+00:00,1343.3
2025-01-24 23:05:00+00:00,1343.3
2025-01-24 23:10:00+00:00,1343.3
2025-01-24 23:15:00+00:00,1520.7
2025-01-24 23:20:00+00:00,1520.7
2025-01-24 23:25:00+00:00,1520.7
2025-01-24 23:30:00+00:00,2216.7
2025-01-24 23:35:00+00:00,2216.7
2025-01-24 23:40:00+00:00,2216.7
2025-01-24 23:45:00+00:00,1858.5
2025-01-24 23:50:00+00:00,1858.5
2025-01-24 23:55:00+00:00,1858.5
2025-01-25 00:00:00+00:00,2920.3
2025-01-25 00:05:00+00:00,2920.3
2025-01-25 00:10:00+00:00,2920.3
2025-01-25 00:15:00+00:00,2106.5
2025-01-25 00:20:00+00:00,2106.5
2025-01-25 00:25:00+00:00,2106.5
2025-01-25 00:30:00+00:00,2285.8
2025-01-25 00:35:00+00:00,2285.8
2025-01-25 00:40:00+00:00,2285.8
2025-01-25 00:45:00+00:00,3140.7
2025-01-25 00:50:00+00:00,3140.7
2025-01-25 00:55:00+00:00,3140.7
2025-01-25 01:00:00+00:00,3067.5
2025-01-25 01:05:00+00:00,3067.5
2025-01-25 01:10:00+00:00,3067.5
2025-01-25 01:15:00+00:00,4050.1
2025-01-25 01:20:00+00:00,4050.1
2025-01-25 01:25:00+00:00,4050.1
2025-01-25 01:30:00+00:00,3760.0
2025-01-25 01:35:00+00:00,3760.0
2025-01-25 01:40:00+00:00,3760.0
2025-01-25 01:45:00+00:00,4096.5
2025-01-25 01:50:00+00:00,4096.5
2025-01-25 01:55:00+00:00,4096.5
2025-01-25 02:00:00+00:00,5005.6
2025-01-25 02:05:00+00:00,5005.6
2025-01-25 02:10:00+00:00,5005.6
2025-01-25 02:15:00+00:00,3426.1
2025-01-25 02:20:00+00:00,3426.1
2025-01-25 02:25:00+00:00,3426.1
2025-01-25 02:30:00+00:00,3039.2
2025-01-25 02:35:00+00:00,3039.2
2025-01-25 02:40:00+00:00,3039.2
2025-01-25 02:45:00+00:00,5214.3
2025-01-25 02:50:00+00:00,5214.3
2025-01-25 02:55:00+00:00,5214.3
2025-01-25 03:00:00+00:00,2482.4
2025-01-25 03:05:00+00:00,2482.4
2025-01-25 03:10:00+00:00,2482.4
2025-01-25 03:15:00+00:00,3880.8
2025-01-25 03:20:00+00:00,3880.8
2025-01-25 03:25:00+00:00,3880.8
2025-01-25 03:30:00+00:00,3133.8
2025-01-25 03:35:00+00:00,3133.8
2025-01-25 03:40:00+00:00,3133.8
2025-01-25 03:45:00+00:00,4336.2
2025-01-25 03:50:00+00:00,4336.2
2025-01-25 03:55:00+00:00,4336.2
2025-01-25 04:00:00+00:00,2179.8
2025-01-25 04:05:00+00:00,2179.8
2025-01-25 04:10:00+00:00,2179.8
2025-01-25 04:15:00+00:00,2002.3
2025-01-25 04:20:00+00:00,2002.3
2025-01-25 04:25:00+00:00,2002.3
2025-01-25 04:30:00+00:00,3622.7
2025-01-25 04:35:00+00:00,3622.7
2025-01-25 04:40:00+00:00,3622.7
2025-01-25 04:45:00+00:00,3150.0
2025-01-25 04:50:00+00:00,3150.0
2025-01-25 04:55:00+00:00,3150.0
2025-01-25 05:00:00+00:00,1912.5
2025-01-25 05:05:00+00:00,1912.5
2025-01-25 05:10:00+00:00,1912.5
2025-01-25 05:15:00+00:00,1849.9
2025-01-25 05:20:00+00:00,1849.9
2025-01-25 05:25:00+00:00,1849.9
2025-01-25 05:30:00+00:00,1823.5
2025-01-25 05:35:00+00:00,1823.5
2025-01-25 05:40:00+00:00,1823.5
2025-01-25 05:45:00+00:00,1449.3
2025-01-25 05:50:00+00:00,1449.3
2025-01-25 05:55:00+00:00,1449.3
2025-01-25 06:00:00+00:00,2666.1
2025-01-25 06:05:00+00:00,2666.1
2025-01-25 06:10:00+00:00,2666.1
2025-01-25 06:15:00+00:00,2194.4
2025-01-25 06:20:00+00:00,2194.4
2025-01-25 06:25:00+00:00,2194.4
2025-01-25 06:30:00+00:00,2105.8
2025-01-25 06:35:00+00:00,2105.8
2025-01-25 06:40:00+00:00,2105.8
2025-01-25 06:45:00+00:00,1115.7
2025-01-25 06:50:00+00:00,1115.7
2025-01-25 06:55:00+00:00,1115.7
2025-01-25 07:00:00+00:00,2258.9
2025-01-25 07:05:00+00:00,2258.9
2025-01-25 07:10:00+00:00,2258.9
2025-01-25 07:15:00+00:00,1536.5
2025-01-25 07:20:00+00:00,1536.5
2025-01-25 07:25:00+00:00,1536.5
2025-01-25 07:30:00+00:00,2312.6
2025-01-25 07:35:00+00:00,2312.6
2025-01-25 07:40:00+00:00,2312.6
2025-01-25 07:45:00+00:00,2092.3
2025-01-25 07:50:00+00:00,2092.3
2025-01-25 07:55:00+00:00,2092.3
2025-01-25 08:00:00+00:00,2099.1
2025-01-25 08:05:00+00:00,2099.1
2025-01-25 08:10:00+00:00,2099.1
2025-01-25 08:15:00+00:00,1734.1
2025-01-25 08:20:00+00:00,1734.1
2025-01-25 08:25:00+00:00,1734.1
2025-01-25 08:30:00+00:00,1429.6
2025-01-25 08:35:00+00:00,1429.6
2025-01-25 08:40:00+00:00,1429.6
2025-01-25 08:45:00+00:00,1500.3
2025-01-25 08:50:00+00:00,1500.3
2025-01-25 08:55:00+00:00,1500.3
2025-01-25 09:00:00+00:00,1125.6
2025-01-25 09:05:00+00:00,1125.6
2025-01-25 09:10:00+00:00,1125.6
2025-01-25 09:15:00+00:00,3119.5
2025-01-25 09:20:00+00:00,3119.5
2025-01-25 09:25:00+00:00,3119.5
2025-01-25 09:30:00+00:00,1886.2
2025-01-25 09:35:00+00:00,1886.2
2025-01-25 09:40:00+00:00,1886.2
2025-01-25 09:45:00+00:00,1134.3
2025-01-25 09:50:00+00:00,1134.3
2025-01-25 09:55:00+00:00,1134.3
2025-01-25 10:00:00+00:00,2243.8
2025-01-25 10:05:00+00:00,2243.8
2025-01-25 10:10:00+00:00,2243.8
2025-01-25 10:15:00+00:00,1562.5
2025-01-25 10:20:00+00:00,1562.5
2025-01-25 10:25:00+00:00,1562.5
2025-01-25 10:30:00+00:00,1939.9
2025-01-25 10:35:00+00:00,1939.9
2025-01-25 10:40:00+00:00,1939.9
2025-01-25 10:45:00+00:00,2131.5
2025-01-25 10:50:00+00:00,2131.5
2025-01-25 10:55:00+00:00,2131.5
2025-01-25 11:00:00+00:00,1984.0
2025-01-25 11:05:00+00:00,1984.0
2025-01-25 11:10:00+00:00,1984.0
2025-01-25 11:15:00+00:00,2852.7
2025-01-25 11:20:00+00:00,2852.7
2025-01-25 11:25:00+00:00,2852.7
2025-01-25 11:30:00+00:00,1385.2
2025-01-25 11:35:00+00:00,1385.2
2025-01-25 11:40:00+00:00,1385.2
2025-01-25 11:45:00+00:00,2197.3
2025-01-25 11:50:00+00:00,2197.3
2025-01-25 11:55:00+00:00,2197.3
2025-01-25 12:00:00+00:00,1590.6
2025-01-25 12:05:00+00:00,1590.6
2025-01-25 12:10:00+00:00,1590.6
2025-01-25 12:15:00+00:00,2914.4
2025-01-25 12:20:00+00:00,2914.4
2025-01-25 12:25:00+00:00,2914.4
2025-01-25 12:30:00+00:00,1829.1
2025-01-25 12:35:00+00:00,1829.1
2025-01-25 12:40:00+00:00,1829.1
2025-01-25 12:45:00+00:00,1960.2
2025-01-25 12:50:00+00:00,1960.2
2025-01-25 12:55:00+00:00,1960.2
2025-01-25 13:00:00+00:00,2094.7
2025-01-25 13:05:00+00:00,2094.7
2025-01-25 13:10:00+00:00,2094.7
2025-01-25 13:15:00+00:00,1882.3
2025-01-25 13:20:00+00:00,1882.3
2025-01-25 13:25:00+00:00,1882.3
2025-01-25 13:30:00+00:00,1549.5
2025-01-25 13:35:00+00:00,1549.5
2025-01-25 13:40:00+00:00,1549.5
2025-01-25 13:45:00+00:00,1511.0
2025-01-25 13:50:00+00:00,1511.0
2025-01-25 13:55:00+00:00,1511.0
2025-01-25 14:00:00+00:00,1505.4
2025-01-25 14:05:00+00:00,1505.4
2025-01-25 14:10:00+00:00,1505.4
2025-01-25 14:15:00+00:00,2657.1
2025-01-25 14:20:00+00:00,2657.1
2025-01-25 14:25:00+00:00,2657.1
2025-01-25 14:30:00+00:00,2419.3
2025-01-25 14:35:00+00:00,2419.3
2025-01-25 14:40:00+00:00,2419.3
2025-01-25 14:45:00+00:00,2137.8
2025-01-25 14:50:00+00:00,2137.8
2025-01-25 14:55:00+00:00,2137.8
2025-01-25 15:00:00+00:00,1091.7
2025-01-25 15:05:00+00:00,1091.7
2025-01-25 15:10:00+00:00,1091.7
2025-01-25 15:15:00+00:00,1913.5
2025-01-25 15:20:00+00:00,1913.5
2025-01-25 15:25:00+00:00,1913.5
2025-01-25 15:30:00+00:00,1817.7
2025-01-25 15:35:00+00:00,1817.7
2025-01-25 15:40:00+00:00,1817.7
2025-01-25 15:45:00+00:00,2270.4
2025-01-25 15:50:00+00:00,2270.4
2025-01-25 15:55:00+00:00,2270.4
2025-01-25 16:00:00+00:00,1465.7
2025-01-25 16:05:00+00:00,1465.7
2025-01-25 16:10:00+00:00,1465.7
2025-01-25 16:15:00+00:00,1884.4
2025-01-25 16:20:00+00:00,1884.4
2025-01-25 16:25:00+00:00,1884.4
2025-01-25 16:30:00+00:00,2490.8
2025-01-25 16:35:00+00:00,2490.8
2025-01-25 16:40:00+00:00,2490.8
2025-01-25 16:45:00+00:00,2681.1
2025-01-25 16:50:00+00:00,2681.1
2025-01-25 16:55:00+00:00,2681.1
2025-01-25 17:00:00+00:00,1123.9
2025-01-25 17:05:00+00:00,1123.9
2025-01-25 17:10:00+00:00,1123.9
2025-01-25 17:15:00+00:00,1899.2
2025-01-25 17:20:00+00:00,1899.2
2025-01-25 17:25:00+00:00,1899.2
2025-01-25 17:30:00+00:00,1488.6
2025-01-25 17:35:00+00:00,1488.6
2025-01-25 17:40:00+00:00,1488.6
2025-01-25 17:45:00+00:00,1893.6
2025-01-25 17:50:00+00:00,1893.6
2025-01-25 17:55:00+00:00,1893.6
2025-01-25 18:00:00+00:00,2213.3
2025-01-25 18:05:00+00:00,2213.3
2025-01-25 18:10:00+00:00,2213.3
2025-01-25 18:15:00+00:00,1083.8
2025-01-25 18:20:00+00:00,1083.8
2025-01-25 18:25:00+00:00,1083.8
2025-01-25 18:30:00+00:00,1943.9
2025-01-25 18:35:00+00:00,1943.9
2025-01-25 18:40:00+00:00,1943.9
2025-01-25 18:45:00+00:00,1847.7
2025-01-25 18:50:00+00:00,1847.7
2025-01-25 18:55:00+00:00,1847.7
2025-01-25 19:00:00+00:00,2612.3
2025-01-25 19:05:00+00:00,2612.3
2025-01-25 19:10:00+00:00,2612.3
2025-01-25 19:15:00+00:00,1462.2
2025-01-25 19:20:00+00:00,1462.2
2025-01-25 19:25:00+00:00,1462.2
2025-01-25 19:30:00+00:00,1556.3
2025-01-25 19:35:00+00:00,1556.3
2025-01-25 19:40:00+00:00,1556.3
2025-01-25 19:45:00+00:00,2357.5
2025-01-25 19:50:00+00:00,2357.5
2025-01-25 19:55:00+00:00,2357.5
2025-01-25 20:00:00+00:00,1576.2
2025-01-25 20:05:00+00:00,1576.2
2025-01-25 20:10:00+00:00,1576.2
2025-01-25 20:15:00+00:00,2539.9
2025-01-25 20:20:00+00:00,2539.9
2025-01-25 20:25:00+00:00,2539.9
2025-01-25 20:30:00+00:00,1884.2
2025-01-25 20:35:00+00:00,1884.2
2025-01-25 20:40:00+00:00,1884.2
2025-01-25 20:45:00+00:00,2525.8
2025-01-25 20:50:00+00:00,2525.8
2025-01-25 20:55:00+00:00,2525.8
2025-01-25 21:00:00+00:00,1532.8
2025-01-25 21:05:00+00:00,1532.8
2025-01-25 21:10:00+00:00,1532.8
2025-01-25 21:15:00+00:00,2461.8
2025-01-25 21:20:00+00:00,2461.8
2025-01-25 21:25:00+00:00,2461.8
2025-01-25 21:30:00+00:00,1787.9
2025-01-25 21:35:00+00:00,1787.9
2025-01-25 21:40:00+00:00,1787.9
2025-01-25 21:45:00+00:00,2171.9
2025-01-25 21:50:00+00:00,2171.9
2025-01-25 21:55:00+00:00,2171.9
2025-01-25 22:00:00+00:00,1132.6
2025-01-25 22:05:00+00:00,1132.6
2025-01-25 22:10:00+00:00,1132.6
2025-01-25 22:15:00+00:00,2308.3
2025-01-25 22:20:00+00:00,2308.3
2025-01-25 22:25:00+00:00,2308.3
2025-01-25 22:30:00+00:00,1803.0
2025-01-25 22:35:00+00:00,1803.0
2025-01-25 22:40:00+00:00,1803.0
2025-01-25 22:45:00+00:00,1476.9
2025-01-25 22:50:00+00:00,1476.9
2025-01-25 22:55:00+00:00,1476.9
2025-01-25 23:00:00+00:00,2325.6
2025-01-25 23:05:00+00:00,2325.6
2025-01-25 23:10:00+00:00,2325.6
2025-01-25 23:15:00+00:00,2230.6
2025-01-25 23:20:00+00:00,2230.6
2025-01-25 23:25:00+00:00,2230.6
2025-01-25 23:30:00+00:00,1575.8
2025-01-25 23:35:00+00:00,1575.8
2025-01-25 23:40:00+00:00,1575.8
2025-01-25 23:45:00+00:00,2190.7
2025-01-25 23:50:00+00:00,2190.7
2025-01-25 23:55:00+00:00,2190.7
2025-01-26 00:00:00+00:00,2290.2
2025-01-26 00:05:00+00:00,2290.2
2025-01-26 00:10:00+00:00,2290.2
2025-01-26 00:15:00+00:00,3000.7
2025-01-26 00:20:00+00:00,3000.7
2025-01-26 00:25:00+00:00,3000.7
2025-01-26 00:30:00+00:00,2442.4
2025-01-26 00:35:00+00:00,2442.4
2025-01-26 00:40:00+00:00,2442.4
2025-01-26 00:45:00+00:00,2283.3
2025-01-26 00:50:00+00:00,2283.3
2025-01-26 00:55:00+00:00,2283.3
2025-01-26 01:00:00+00:00,4249.1
2025-01-26 01:05:00+00:00,4249.1
2025-01-26 01:10:00+00:00,4249.1
2025-01-26 01:15:00+00:00,3894.0
2025-01-26 01:20:00+00:00,3894.0
2025-01-26 01:25:00+00:00,3894.0
2025-01-26 01:30:00+00:00,3661.9
2025-01-26 01:35:00+00:00,3661.9
2025-01-26 01:40:00+00:00,3661.9
2025-01-26 01:45:00+00:00,4586.1
2025-01-26 01:50:00+00:00,4586.1
2025-01-26 01:55:00+00:00,4586.1
2025-01-26 02:00:00+00:00,4126.2
2025-01-26 02:05:00+00:00,4126.2
2025-01-26 02:10:00+00:00,4126.2
2025-01-26 02:15:00+00:00,3354.8
2025-01-26 02:20:00+00:00,3354.8
2025-01-26 02:25:00+00:00,3354.8
2025-01-26 02:30:00+00:00,5630.8
2025-01-26 02:35:00+00:00,5630.8
2025-01-26 02:40:00+00:00,5630.8
2025-01-26 02:45:00+00:00,4746.0
2025-01-26 02:50:00+00:00,4746.0
2025-01-26 02:55:00+00:00,4746.0
2025-01-26 03:00:00+00:00,1867.0
2025-01-26 03:05:00+00:00,1867.0
2025-01-26 03:10:00+00:00,1867.0
2025-01-26 03:15:00+00:00,4569.2
2025-01-26 03:20:00+00:00,4569.2
2025-01-26 03:25:00+00:00,4569.2
2025-01-26 03:30:00+00:00,3687.9
2025-01-26 03:35:00+00:00,3687.9
2025-01-26 03:40:00+00:00,3687.9
2025-01-26 03:45:00+00:00,2846.6
2025-01-26 03:50:00+00:00,2846.6
2025-01-26 03:55:00+00:00,2846.6
2025-01-26 04:00:00+00:00,4184.3
2025-01-26 04:05:00+00:00,4184.3
2025-01-26 04:10:00+00:00,4184.3
2025-01-26 04:15:00+00:00,1490.7
2025-01-26 04:20:00+00:00,1490.7
2025-01-26 04:25:00+00:00,1490.7
2025-01-26 04:30:00+00:00,1919.4
2025-01-26 04:35:00+00:00,1919.4
2025-01-26 04:40:00+00:00,1919.4
2025-01-26 04:45:00+00:00,3555.4
2025-01-26 04:50:00+00:00,3555.4
2025-01-26 04:55:00+00:00,3555.4
2025-01-26 05:00:00+00:00,1806.1
2025-01-26 05:05:00+00:00,1806.1
2025-01-26 05:10:00+00:00,1806.1
2025-01-26 05:15:00+00:00,1087.7
2025-01-26 05:20:00+00:00,1087.7
2025-01-26 05:25:00+00:00,1087.7
2025-01-26 05:30:00+00:00,1508.0
2025-01-26 05:35:00+00:00,1508.0
2025-01-26 05:40:00+00:00,1508.0
2025-01-26 05:45:00+00:00,1562.6
2025-01-26 05:50:00+00:00,1562.6
2025-01-26 05:55:00+00:00,1562.6
2025-01-26 06:00:00+00:00,2539.4
2025-01-26 06:05:00+00:00,2539.4
2025-01-26 06:10:00+00:00,2539.4
2025-01-26 06:15:00+00:00,3668.6
2025-01-26 06:20:00+00:00,3668.6
2025-01-26 06:25:00+00:00,3668.6
2025-01-26 06:30:00+00:00,1483.9
2025-01-26 06:35:00+00:00,1483.9
2025-01-26 06:40:00+00:00,1483.9
2025-01-26 06:45:00+00:00,1487.6
2025-01-26 06:50:00+00:00,1487.6
2025-01-26 06:55:00+00:00,1487.6
2025-01-26 07:00:00+00:00,2229.2
2025-01-26 07:05:00+00:00,2229.2
2025-01-26 07:10:00+00:00,2229.2
2025-01-26 07:15:00+00:00,1857.3
2025-01-26 07:20:00+00:00,1857.3
2025-01-26 07:25:00+00:00,1857.3
2025-01-26 07:30:00+00:00,1473.9
2025-01-26 07:35:00+00:00,1473.9
2025-01-26 07:40:00+00:00,1473.9
2025-01-26 07:45:00+00:00,1939.5
2025-01-26 07:50:00+00:00,1939.5
2025-01-26 07:55:00+00:00,1939.5
2025-01-26 08:00:00+00:00,1085.6
2025-01-26 08:05:00+00:00,1085.6
2025-01-26 08:10:00+00:00,1085.6
2025-01-26 08:15:00+00:00,1149.2
2025-01-26 08:20:00+00:00,1149.2
2025-01-26 08:25:00+00:00,1149.2
2025-01-26 08:30:00+00:00,2842.1
2025-01-26 08:35:00+00:00,2842.1
2025-01-26 08:40:00+00:00,2842.1
2025-01-26 08:45:00+00:00,1853.9
2025-01-26 08:50:00+00:00,1853.9
2025-01-26 08:55:00+00:00,1853.9
2025-01-26 09:00:00+00:00,1823.3
2025-01-26 09:05:00+00:00,1823.3
2025-01-26 09:10:00+00:00,1823.3
2025-01-26 09:15:00+00:00,2333.6
2025-01-26 09:20:00+00:00,2333.6
2025-01-26 09:25:00+00:00,2333.6
2025-01-26 09:30:00+00:00,1719.4
2025-01-26 09:35:00+00:00,1719.4
2025-01-26 09:40:00+00:00,1719.4
2025-01-26 09:45:00+00:00,1102.7
2025-01-26 09:50:00+00:00,1102.7
2025-01-26 09:55:00+00:00,1102.7
2025-01-26 10:00:00+00:00,2582.2
2025-01-26 10:05:00+00:00,2582.2
2025-01-26 10:10:00+00:00,2582.2
2025-01-26 10:15:00+00:00,1720.8
2025-01-26 10:20:00+00:00,1720.8
2025-01-26 10:25:00+00:00,1720.8
2025-01-26 10:30:00+00:00,1500.2
2025-01-26 10:35:00+00:00,1500.2
2025-01-26 10:40:00+00:00,1500.2
2025-01-26 10:45:00+00:00,2350.2
2025-01-26 10:50:00+00:00,2350.2
2025-01-26 10:55:00+00:00,2350.2
2025-01-26 11:00:00+00:00,1537.7
2025-01-26 11:05:00+00:00,1537.7
2025-01-26 11:10:00+00:00,1537.7
2025-01-26 11:15:00+00:00,2695.8
2025-01-26 11:20:00+00:00,2695.8
2025-01-26 11:25:00+00:00,2695.8
2025-01-26 11:30:00+00:00,2639.5
2025-01-26 11:35:00+00:00,2639.5
2025-01-26 11:40:00+00:00,2639.5
2025-01-26 11:45:00+00:00,1457.1
2025-01-26 11:50:00+00:00,1457.1
2025-01-26 11:55:00+00:00,1457.1
2025-01-26 12:00:00+00:00,2568.9
2025-01-26 12:05:00+00:00,2568.9
2025-01-26 12:10:00+00:00,2568.9
2025-01-26 12:15:00+00:00,2539.7
2025-01-26 12:20:00+00:00,2539.7
2025-01-26 12:25:00+00:00,2539.7
2025-01-26 12:30:00+00:00,1404.5
2025-01-26 12:35:00+00:00,1404.5
2025-01-26 12:40:00+00:00,1404.5
2025-01-26 12:45:00+00:00,1911.8
2025-01-26 12:50:00+00:00,1911.8
2025-01-26 12:55:00+00:00,1911.8
2025-01-26 13:00:00+00:00,1459.2
2025-01-26 13:05:00+00:00,1459.2
2025-01-26 13:10:00+00:00,1459.2
2025-01-26 13:15:00+00:00,1127.3
2025-01-26 13:20:00+00:00,1127.3
2025-01-26 13:25:00+00:00,1127.3
2025-01-26 13:30:00+00:00,1214.3
2025-01-26 13:35:00+00:00,1214.3
2025-01-26 13:40:00+00:00,1214.3
2025-01-26 13:45:00+00:00,2333.4
2025-01-26 13:50:00+00:00,2333.4
2025-01-26 13:55:00+00:00,2333.4
2025-01-26 14:00:00+00:00,2249.9
2025-01-26 14:05:00+00:00,2249.9
2025-01-26 14:10:00+00:00,2249.9
2025-01-26 14:15:00+00:00,1760.1
2025-01-26 14:20:00+00:00,1760.1
2025-01-26 14:25:00+00:00,1760.1
2025-01-26 14:30:00+00:00,2280.5
2025-01-26 14:35:00+00:00,2280.5
2025-01-26 14:40:00+00:00,2280.5
2025-01-26 14:45:00+00:00,2274.0
2025-01-26 14:50:00+00:00,2274.0
2025-01-26 14:55:00+00:00,2274.0
2025-01-26 15:00:00+00:00,1897.2
2025-01-26 15:05:00+00:00,1897.2
2025-01-26 15:10:00+00:00,1897.2
2025-01-26 15:15:00+00:00,1511.8
2025-01-26 15:20:00+00:00,1511.8
2025-01-26 15:25:00+00:00,1511.8
2025-01-26 15:30:00+00:00,2265.7
2025-01-26 15:35:00+00:00,2265.7
2025-01-26 15:40:00+00:00,2265.7
2025-01-26 15:45:00+00:00,3859.9
2025-01-26 15:50:00+00:00,3859.9
2025-01-26 15:55:00+00:00,3859.9
2025-01-26 16:00:00+00:00,1440.3
2025-01-26 16:05:00+00:00,1440.3
2025-01-26 16:10:00+00:00,1440.3
2025-01-26 16:15:00+00:00,2205.6
2025-01-26 16:20:00+00:00,2205.6
2025-01-26 16:25:00+00:00,2205.6
2025-01-26 16:30:00+00:00,1378.7
2025-01-26 16:35:00+00:00,1378.7
2025-01-26 16:40:00+00:00,1378.7
2025-01-26 16:45:00+00:00,1952.6
2025-01-26 16:50:00+00:00,1952.6
2025-01-26 16:55:00+00:00,1952.6
2025-01-26 17:00:00+00:00,2962.1
2025-01-26 17:05:00+00:00,2962.1
2025-01-26 17:10:00+00:00,2962.1
2025-01-26 17:15:00+00:00,2134.7
2025-01-26 17:20:00+00:00,2134.7
2025-01-26 17:25:00+00:00,2134.7
2025-01-26 17:30:00+00:00,1834.3
2025-01-26 17:35:00+00:00,1834.3
2025-01-26 17:40:00+00:00,1834.3
2025-01-26 17:45:00+00:00,2252.2
2025-01-26 17:50:00+00:00,2252.2
2025-01-26 17:55:00+00:00,2252.2
2025-01-26 18:00:00+00:00,2323.2
2025-01-26 18:05:00+00:00,2323.2
2025-01-26 18:10:00+00:00,2323.2
2025-01-26 18:15:00+00:00,1536.3
2025-01-26 18:20:00+00:00,1536.3
2025-01-26 18:25:00+00:00,1536.3
2025-01-26 18:30:00+00:00,4043.1
2025-01-26 18:35:00+00:00,4043.1
2025-01-26 18:40:00+00:00,4043.1
2025-01-26 18:45:00+00:00,2364.6
2025-01-26 18:50:00+00:00,2364.6
2025-01-26 18:55:00+00:00,2364.6
2025-01-26 19:00:00+00:00,1551.5
2025-01-26 19:05:00+00:00,1551.5
2025-01-26 19:10:00+00:00,1551.5
2025-01-26 19:15:00+00:00,1504.4
2025-01-26 19:20:00+00:00,1504.4
2025-01-26 19:25:00+00:00,1504.4
2025-01-26 19:30:00+00:00,3073.2
2025-01-26 19:35:00+00:00,3073.2
2025-01-26 19:40:00+00:00,3073.2
2025-01-26 19:45:00+00:00,2581.6
2025-01-26 19:50:00+00:00,2581.6
2025-01-26 19:55:00+00:00,2581.6
2025-01-26 20:00:00+00:00,2105.6
2025-01-26 20:05:00+00:00,2105.6
2025-01-26 20:10:00+00:00,2105.6
2025-01-26 20:15:00+00:00,1471.1
2025-01-26 20:20:00+00:00,1471.1
2025-01-26 20:25:00+00:00,1471.1
2025-01-26 20:30:00+00:00,1846.5
2025-01-26 20:35:00+00:00,1846.5
2025-01-26 20:40:00+00:00,1846.5
2025-01-26 20:45:00+00:00,1812.7
2025-01-26 20:50:00+00:00,1812.7
2025-01-26 20:55:00+00:00,1812.7
2025-01-26 21:00:00+00:00,2006.4
2025-01-26 21:05:00+00:00,2006.4
2025-01-26 21:10:00+00:00,2006.4
2025-01-26 21:15:00+00:00,1901.0
2025-01-26 21:20:00+00:00,1901.0
2025-01-26 21:25:00+00:00,1901.0
2025-01-26 21:30:00+00:00,2278.4
2025-01-26 21:35:00+00:00,2278.4
2025-01-26 21:40:00+00:00,2278.4
2025-01-26 21:45:00+00:00,2144.9
2025-01-26 21:50:00+00:00,2144.9
2025-01-26 21:55:00+00:00,2144.9
2025-01-26 22:00:00+00:00,2265.7
2025-01-26 22:05:00+00:00,2265.7
2025-01-26 22:10:00+00:00,2265.7
2025-01-26 22:15:00+00:00,2744.5
2025-01-26 22:20:00+00:00,2744.5
2025-01-26 22:25:00+00:00,2744.5
2025-01-26 22:30:00+00:00,2271.9
2025-01-26 22:35:00+00:00,2271.9
2025-01-26 22:40:00+00:00,2271.9
2025-01-26 22:45:00+00:00,1902.7
2025-01-26 22:50:00+00:00,1902.7
2025-01-26 22:55:00+00:00,1902.7
2025-01-26 23:00:00+00:00,2706.9
2025-01-26 23:05:00+00:00,2706.9
2025-01-26 23:10:00+00:00,2706.9
2025-01-26 23:15:00+00:00,3259.8
2025-01-26 23:20:00+00:00,3259.8
2025-01-26 23:25:00+00:00,3259.8
2025-01-26 23:30:00+00:00,1486.4
2025-01-26 23:35:00+00:00,1486.4
2025-01-26 23:40:00+00:00,1486.4
2025-01-26 23:45:00+00:00,1193.6
2025-01-26 23:50:00+00:00,1193.6
2025-01-26 23:55:00+00:00,1193.6
2025-01-27 00:00:00+00:00,3544.3
2025-01-27 00:05:00+00:00,3544.3
2025-01-27 00:10:00+00:00,3544.3
2025-01-27 00:15:00+00:00,3790.5
2025-01-27 00:20:00+00:00,3790.5
2025-01-27 00:25:00+00:00,3790.5
2025-01-27 00:30:00+00:00,2574.9
2025-01-27 00:35:00+00:00,2574.9
2025-01-27 00:40:00+00:00,2574.9
2025-01-27 00:45:00+00:00,2672.5
2025-01-27 00:50:00+00:00,2672.5
2025-01-27 00:55:00+00:00,2672.5
2025-01-27 01:00:00+00:00,4733.0
2025-01-27 01:05:00+00:00,4733.0
2025-01-27 01:10:00+00:00,4733.0
2025-01-27 01:15:00+00:00,4497.3
2025-01-27 01:20:00+00:00,4497.3
2025-01-27 01:25:00+00:00,4497.3
2025-01-27 01:30:00+00:00,4072.6
2025-01-27 01:35:00+00:00,4072.6
2025-01-27 01:40:00+00:00,4072.6
2025-01-27 01:45:00+00:00,3598.1
2025-01-27 01:50:00+00:00,3598.1
2025-01-27 01:55:00+00:00,3598.1
2025-01-27 02:00:00+00:00,5224.9
2025-01-27 02:05:00+00:00,5224.9
2025-01-27 02:10:00+00:00,5224.9
2025-01-27 02:15:00+00:00,4322.6
2025-01-27 02:20:00+00:00,4322.6
2025-01-27 02:25:00+00:00,4322.6
2025-01-27 02:30:00+00:00,4382.4
2025-01-27 02:35:00+00:00,4382.4
2025-01-27 02:40:00+00:00,4382.4
2025-01-27 02:45:00+00:00,5219.2
2025-01-27 02:50:00+00:00,5219.2
2025-01-27 02:55:00+00:00,5219.2
2025-01-27 03:00:00+00:00,4558.9
2025-01-27 03:05:00+00:00,4558.9
2025-01-27 03:10:00+00:00,4558.9
2025-01-27 03:15:00+00:00,4864.1
2025-01-27 03:20:00+00:00,4864.1
2025-01-27 03:25:00+00:00,4864.1
2025-01-27 03:30:00+00:00,4425.4
2025-01-27 03:35:00+00:00,4425.4
2025-01-27 03:40:00+00:00,4425.4
2025-01-27 03:45:00+00:00,4129.5
2025-01-27 03:50:00+00:00,4129.5
2025-01-27 03:55:00+00:00,4129.5
2025-01-27 04:00:00+00:00,3390.6
2025-01-27 04:05:00+00:00,3390.6
2025-01-27 04:10:00+00:00,3390.6
2025-01-27 04:15:00+00:00,1212.6
2025-01-27 04:20:00+00:00,1212.6
2025-01-27 04:25:00+00:00,1212.6
2025-01-27 04:30:00+00:00,4439.7
2025-01-27 04:35:00+00:00,4439.7
2025-01-27 04:40:00+00:00,4439.7
2025-01-27 04:45:00+00:00,3096.0
2025-01-27 04:50:00+00:00,3096.0
2025-01-27 04:55:00+00:00,3096.0
2025-01-27 05:00:00+00:00,2268.2
2025-01-27 05:05:00+00:00,2268.2
2025-01-27 05:10:00+00:00,2268.2
2025-01-27 05:15:00+00:00,2591.0
2025-01-27 05:20:00+00:00,2591.0
2025-01-27 05:25:00+00:00,2591.0
2025-01-27 05:30:00+00:00,2199.5
2025-01-27 05:35:00+00:00,2199.5
2025-01-27 05:40:00+00:00,2199.5
2025-01-27 05:45:00+00:00,3002.6
2025-01-27 05:50:00+00:00,3002.6
2025-01-27 05:55:00+00:00,3002.6
2025-01-27 06:00:00+00:00,1453.3
2025-01-27 06:05:00+00:00,1453.3
2025-01-27 06:10:00+00:00,1453.3
2025-01-27 06:15:00+00:00,2044.2
2025-01-27 06:20:00+00:00,2044.2
2025-01-27 06:25:00+00:00,2044.2
2025-01-27 06:30:00+00:00,1451.5
2025-01-27 06:35:00+00:00,1451.5
2025-01-27 06:40:00+00:00,1451.5
2025-01-27 06:45:00+00:00,2986.6
2025-01-27 06:50:00+00:00,2986.6
2025-01-27 06:55:00+00:00,2986.6
2025-01-27 07:00:00+00:00,1563.1
2025-01-27 07:05:00+00:00,1563.1
2025-01-27 07:10:00+00:00,1563.1
2025-01-27 07:15:00+00:00,1986.7
2025-01-27 07:20:00+00:00,1986.7
2025-01-27 07:25:00+00:00,1986.7
2025-01-27 07:30:00+00:00,2617.6
2025-01-27 07:35:00+00:00,2617.6
2025-01-27 07:40:00+00:00,2617.6
2025-01-27 07:45:00+00:00,3068.1
2025-01-27 07:50:00+00:00,3068.1
2025-01-27 07:55:00+00:00,3068.1
2025-01-27 08:00:00+00:00,2180.7
2025-01-27 08:05:00+00:00,2180.7
2025-01-27 08:10:00+00:00,2180.7
2025-01-27 08:15:00+00:00,2969.3
2025-01-27 08:20:00+00:00,2969.3
2025-01-27 08:25:00+00:00,2969.3
2025-01-27 08:30:00+00:00,1906.2
2025-01-27 08:35:00+00:00,1906.2
2025-01-27 08:40:00+00:00,1906.2
2025-01-27 08:45:00+00:00,1571.9
2025-01-27 08:50:00+00:00,1571.9
2025-01-27 08:55:00+00:00,1571.9
2025-01-27 09:00:00+00:00,2210.5
2025-01-27 09:05:00+00:00,2210.5
2025-01-27 09:10:00+00:00,2210.5
2025-01-27 09:15:00+00:00,2141.4
2025-01-27 09:20:00+00:00,2141.4
2025-01-27 09:25:00+00:00,2141.4
2025-01-27 09:30:00+00:00,2947.4
2025-01-27 09:35:00+00:00,2947.4
2025-01-27 09:40:00+00:00,2947.4
2025-01-27 09:45:00+00:00,2581.5
2025-01-27 09:50:00+00:00,2581.5
2025-01-27 09:55:00+00:00,2581.5
2025-01-27 10:00:00+00:00,1894.6
2025-01-27 10:05:00+00:00,1894.6
2025-01-27 10:10:00+00:00,1894.6
2025-01-27 10:15:00+00:00,1853.5
2025-01-27 10:20:00+00:00,1853.5
2025-01-27 10:25:00+00:00,1853.5
2025-01-27 10:30:00+00:00,3271.9
2025-01-27 10:35:00+00:00,3271.9
2025-01-27 10:40:00+00:00,3271.9
2025-01-27 10:45:00+00:00,1538.6
2025-01-27 10:50:00+00:00,1538.6
2025-01-27 10:55:00+00:00,1538.6
2025-01-27 11:00:00+00:00,1523.4
2025-01-27 11:05:00+00:00,1523.4
2025-01-27 11:10:00+00:00,1523.4
2025-01-27 11:15:00+00:00,1557.6
2025-01-27 11:20:00+00:00,1557.6
2025-01-27 11:25:00+00:00,1557.6
2025-01-27 11:30:00+00:00,2625.6
2025-01-27 11:35:00+00:00,2625.6
2025-01-27 11:40:00+00:00,2625.6
2025-01-27 11:45:00+00:00,2277.9
2025-01-27 11:50:00+00:00,2277.9
2025-01-27 11:55:00+00:00,2277.9
2025-01-27 12:00:00+00:00,2446.2
2025-01-27 12:05:00+00:00,2446.2
2025-01-27 12:10:00+00:00,2446.2
2025-01-27 12:15:00+00:00,1846.3
2025-01-27 12:20:00+00:00,1846.3
2025-01-27 12:25:00+00:00,1846.3
2025-01-27 12:30:00+00:00,1918.2
2025-01-27 12:35:00+00:00,1918.2
2025-01-27 12:40:00+00:00,1918.2
2025-01-27 12:45:00+00:00,2943.2
2025-01-27 12:50:00+00:00,2943.2
2025-01-27 12:55:00+00:00,2943.2
2025-01-27 13:00:00+00:00,2329.9
2025-01-27 13:05:00+00:00,2329.9
2025-01-27 13:10:00+00:00,2329.9
2025-01-27 13:15:00+00:00,1863.7
2025-01-27 13:20:00+00:00,1863.7
2025-01-27 13:25:00+00:00,1863.7
2025-01-27 13:30:00+00:00,2109.8
2025-01-27 13:35:00+00:00,2109.8
2025-01-27 13:40:00+00:00,2109.8
2025-01-27 13:45:00+00:00,2177.8
2025-01-27 13:50:00+00:00,2177.8
2025-01-27 13:55:00+00:00,2177.8
2025-01-27 14:00:00+00:00,1900.7
2025-01-27 14:05:00+00:00,1900.7
2025-01-27 14:10:00+00:00,1900.7
2025-01-27 14:15:00+00:00,1574.3
2025-01-27 14:20:00+00:00,1574.3
2025-01-27 14:25:00+00:00,1574.3
2025-01-27 14:30:00+00:00,2698.8
2025-01-27 14:35:00+00:00,2698.8
2025-01-27 14:40:00+00:00,2698.8
2025-01-27 14:45:00+00:00,2254.3
2025-01-27 14:50:00+00:00,2254.3
2025-01-27 14:55:00+00:00,2254.3
2025-01-27 15:00:00+00:00,1853.0
2025-01-27 15:05:00+00:00,1853.0
2025-01-27 15:10:00+00:00,1853.0
2025-01-27 15:15:00+00:00,3023.4
2025-01-27 15:20:00+00:00,3023.4
2025-01-27 15:25:00+00:00,3023.4
2025-01-27 15:30:00+00:00,1467.9
2025-01-27 15:35:00+00:00,1467.9
2025-01-27 15:40:00+00:00,1467.9
2025-01-27 15:45:00+00:00,2281.9
2025-01-27 15:50:00+00:00,2281.9
2025-01-27 15:55:00+00:00,2281.9
2025-01-27 16:00:00+00:00,2204.7
2025-01-27 16:05:00+00:00,2204.7
2025-01-27 16:10:00+00:00,2204.7
2025-01-27 16:15:00+00:00,2556.9
2025-01-27 16:20:00+00:00,2556.9
2025-01-27 16:25:00+00:00,2556.9
2025-01-27 16:30:00+00:00,2288.5
2025-01-27 16:35:00+00:00,2288.5
2025-01-27 16:40:00+00:00,2288.5
2025-01-27 16:45:00+00:00,2519.9
2025-01-27 16:50:00+00:00,2519.9
2025-01-27 16:55:00+00:00,2519.9
2025-01-27 17:00:00+00:00,2540.4
2025-01-27 17:05:00+00:00,2540.4
2025-01-27 17:10:00+00:00,2540.4
2025-01-27 17:15:00+00:00,1491.5
2025-01-27 17:20:00+00:00,1491.5
2025-01-27 17:25:00+00:00,1491.5
2025-01-27 17:30:00+00:00,2339.9
2025-01-27 17:35:00+00:00,2339.9
2025-01-27 17:40:00+00:00,2339.9
2025-01-27 17:45:00+00:00,2586.6
2025-01-27 17:50:00+00:00,2586.6
2025-01-27 17:55:00+00:00,2586.6
2025-01-27 18:00:00+00:00,2553.0
2025-01-27 18:05:00+00:00,2553.0
2025-01-27 18:10:00+00:00,2553.0
2025-01-27 18:15:00+00:00,2195.1
2025-01-27 18:20:00+00:00,2195.1
2025-01-27 18:25:00+00:00,2195.1
2025-01-27 18:30:00+00:00,2214.8
2025-01-27 18:35:00+00:00,2214.8
2025-01-27 18:40:00+00:00,2214.8
2025-01-27 18:45:00+00:00,1808.5
2025-01-27 18:50:00+00:00,1808.5
2025-01-27 18:55:00+00:00,1808.5
2025-01-27 19:00:00+00:00,1928.9
2025-01-27 19:05:00+00:00,1928.9
2025-01-27 19:10:00+00:00,1928.9
2025-01-27 19:15:00+00:00,1901.4
2025-01-27 19:20:00+00:00,1901.4
2025-01-27 19:25:00+00:00,1901.4
2025-01-27 19:30:00+00:00,2667.6
2025-01-27 19:35:00+00:00,2667.6
2025-01-27 19:40:00+00:00,2667.6
2025-01-27 19:45:00+00:00,2354.5
2025-01-27 19:50:00+00:00,2354.5
2025-01-27 19:55:00+00:00,2354.5
2025-01-27 20:00:00+00:00,1731.2
2025-01-27 20:05:00+00:00,1731.2
2025-01-27 20:10:00+00:00,1731.2
2025-01-27 20:15:00+00:00,3014.8
2025-01-27 20:20:00+00:00,3014.8
2025-01-27 20:25:00+00:00,3014.8
2025-01-27 20:30:00+00:00,2104.9
2025-01-27 20:35:00+00:00,2104.9
2025-01-27 20:40:00+00:00,2104.9
2025-01-27 20:45:00+00:00,2223.2
2025-01-27 20:50:00+00:00,2223.2
2025-01-27 20:55:00+00:00,2223.2
2025-01-27 21:00:00+00:00,2683.9
2025-01-27 21:05:00+00:00,2683.9
2025-01-27 21:10:00+00:00,2683.9
2025-01-27 21:15:00+00:00,1072.7
2025-01-27 21:20:00+00:00,1072.7
2025-01-27 21:25:00+00:00,1072.7
2025-01-27 21:30:00+00:00,1833.4
2025-01-27 21:35:00+00:00,1833.4
2025-01-27 21:40:00+00:00,1833.4
2025-01-27 21:45:00+00:00,1915.3
2025-01-27 21:50:00+00:00,1915.3
2025-01-27 21:55:00+00:00,1915.3
2025-01-27 22:00:00+00:00,2074.1
2025-01-27 22:05:00+00:00,2074.1
2025-01-27 22:10:00+00:00,2074.1
2025-01-27 22:15:00+00:00,1424.3
2025-01-27 22:20:00+00:00,1424.3
2025-01-27 22:25:00+00:00,1424.3
2025-01-27 22:30:00+00:00,3345.5
2025-01-27 22:35:00+00:00,3345.5
2025-01-27 22:40:00+00:00,3345.5
2025-01-27 22:45:00+00:00,2206.6
2025-01-27 22:50:00+00:00,2206.6
2025-01-27 22:55:00+00:00,2206.6
2025-01-27 23:00:00+00:00,2644.9
2025-01-27 23:05:00+00:00,2644.9
2025-01-27 23:10:00+00:00,2644.9
2025-01-27 23:15:00+00:00,1515.6
2025-01-27 23:20:00+00:00,1515.6
2025-01-27 23:25:00+00:00,1515.6
2025-01-27 23:30:00+00:00,1550.4
2025-01-27 23:35:00+00:00,1550.4
2025-01-27 23:40:00+00:00,1550.4
2025-01-27 23:45:00+00:00,3047.3
2025-01-27 23:50:00+00:00,3047.3
2025-01-27 23:55:00+00:00,3047.3
2025-01-28 00:00:00+00:00,2226.5
2025-01-28 00:05:00+00:00,2226.5
2025-01-28 00:10:00+00:00,2226.5
2025-01-28 00:15:00+00:00,3056.2
2025-01-28 00:20:00+00:00,3056.2
2025-01-28 00:25:00+00:00,3056.2
2025-01-28 00:30:00+00:00,2574.7
2025-01-28 00:35:00+00:00,2574.7
2025-01-28 00:40:00+00:00,2574.7
2025-01-28 00:45:00+00:00,4756.2
2025-01-28 00:50:00+00:00,4756.2
2025-01-28 00:55:00+00:00,4756.2
2025-01-28 01:00:00+00:00,3086.9
2025-01-28 01:05:00+00:00,3086.9
2025-01-28 01:10:00+00:00,3086.9
2025-01-28 01:15:00+00:00,4358.6
2025-01-28 01:20:00+00:00,4358.6
2025-01-28 01:25:00+00:00,4358.6
2025-01-28 01:30:00+00:00,4000.8
2025-01-28 01:35:00+00:00,4000.8
2025-01-28 01:40:00+00:00,4000.8
2025-01-28 01:45:00+00:00,4169.3
2025-01-28 01:50:00+00:00,4169.3
2025-01-28 01:55:00+00:00,4169.3
2025-01-28 02:00:00+00:00,5243.3
2025-01-28 02:05:00+00:00,5243.3
2025-01-28 02:10:00+00:00,5243.3
2025-01-28 02:15:00+00:00,4449.6
2025-01-28 02:20:00+00:00,4449.6
2025-01-28 02:25:00+00:00,4449.6
2025-01-28 02:30:00+00:00,6115.8
2025-01-28 02:35:00+00:00,6115.8
2025-01-28 02:40:00+00:00,6115.8
2025-01-28 02:45:00+00:00,5304.9
2025-01-28 02:50:00+00:00,5304.9
2025-01-28 02:55:00+00:00,5304.9
2025-01-28 03:00:00+00:00,4719.3
2025-01-28 03:05:00+00:00,4719.3
2025-01-28 03:10:00+00:00,4719.3
2025-01-28 03:15:00+00:00,4764.4
2025-01-28 03:20:00+00:00,4764.4
2025-01-28 03:25:00+00:00,4764.4
2025-01-28 03:30:00+00:00,4949.9
2025-01-28 03:35:00+00:00,4949.9
2025-01-28 03:40:00+00:00,4949.9
2025-01-28 03:45:00+00:00,5084.4
2025-01-28 03:50:00+00:00,5084.4
2025-01-28 03:55:00+00:00,5084.4
2025-01-28 04:00:00+00:00,2598.8
2025-01-28 04:05:00+00:00,2598.8
2025-01-28 04:10:00+00:00,2598.8
2025-01-28 04:15:00+00:00,3814.6
2025-01-28 04:20:00+00:00,3814.6
2025-01-28 04:25:00+00:00,3814.6
2025-01-28 04:30:00+00:00,2194.3
2025-01-28 04:35:00+00:00,2194.3
2025-01-28 04:40:00+00:00,2194.3
2025-01-28 04:45:00+00:00,1884.7
2025-01-28 04:50:00+00:00,1884.7
2025-01-28 04:55:00+00:00,1884.7
2025-01-28 05:00:00+00:00,1886.8
2025-01-28 05:05:00+00:00,1886.8
2025-01-28 05:10:00+00:00,1886.8
2025-01-28 05:15:00+00:00,2683.7
2025-01-28 05:20:00+00:00,2683.7
2025-01-28 05:25:00+00:00,2683.7
2025-01-28 05:30:00+00:00,2647.1
2025-01-28 05:35:00+00:00,2647.1
2025-01-28 05:40:00+00:00,2647.1
2025-01-28 05:45:00+00:00,1906.5
2025-01-28 05:50:00+00:00,1906.5
2025-01-28 05:55:00+00:00,1906.5
2025-01-28 06:00:00+00:00,2160.3
2025-01-28 06:05:00+00:00,2160.3
2025-01-28 06:10:00+00:00,2160.3
2025-01-28 06:15:00+00:00,1863.4
2025-01-28 06:20:00+00:00,1863.4
2025-01-28 06:25:00+00:00,1863.4
2025-01-28 06:30:00+00:00,2326.5
2025-01-28 06:35:00+00:00,2326.5
2025-01-28 06:40:00+00:00,2326.5
2025-01-28 06:45:00+00:00,1515.6
2025-01-28 06:50:00+00:00,1515.6
2025-01-28 06:55:00+00:00,1515.6
2025-01-28 07:00:00+00:00,3335.1
2025-01-28 07:05:00+00:00,3335.1
2025-01-28 07:10:00+00:00,3335.1
2025-01-28 07:15:00+00:00,2273.1
2025-01-28 07:20:00+00:00,2273.1
2025-01-28 07:25:00+00:00,2273.1
2025-01-28 07:30:00+00:00,2148.4
2025-01-28 07:35:00+00:00,2148.4
2025-01-28 07:40:00+00:00,2148.4
2025-01-28 07:45:00+00:00,1988.2
2025-01-28 07:50:00+00:00,1988.2
2025-01-28 07:55:00+00:00,1988.2
2025-01-28 08:00:00+00:00,1917.3
2025-01-28 08:05:00+00:00,1917.3
2025-01-28 08:10:00+00:00,1917.3
2025-01-28 08:15:00+00:00,2744.6
2025-01-28 08:20:00+00:00,2744.6
2025-01-28 08:25:00+00:00,2744.6
2025-01-28 08:30:00+00:00,2601.3
2025-01-28 08:35:00+00:00,2601.3
2025-01-28 08:40:00+00:00,2601.3
2025-01-28 08:45:00+00:00,2217.3
2025-01-28 08:50:00+00:00,2217.3
2025-01-28 08:55:00+00:00,2217.3
2025-01-28 09:00:00+00:00,1073.3
2025-01-28 09:05:00+00:00,1073.3
2025-01-28 09:10:00+00:00,1073.3
2025-01-28 09:15:00+00:00,2525.2
2025-01-28 09:20:00+00:00,2525.2
2025-01-28 09:25:00+00:00,2525.2
2025-01-28 09:30:00+00:00,1731.0
2025-01-28 09:35:00+00:00,1731.0
2025-01-28 09:40:00+00:00,1731.0
2025-01-28 09:45:00+00:00,3037.3
2025-01-28 09:50:00+00:00,3037.3
2025-01-28 09:55:00+00:00,3037.3
2025-01-28 10:00:00+00:00,1557.9
2025-01-28 10:05:00+00:00,1557.9
2025-01-28 10:10:00+00:00,1557.9
2025-01-28 10:15:00+00:00,1857.3
2025-01-28 10:20:00+00:00,1857.3
2025-01-28 10:25:00+00:00,1857.3
2025-01-28 10:30:00+00:00,2609.4
2025-01-28 10:35:00+00:00,2609.4
2025-01-28 10:40:00+00:00,2609.4
2025-01-28 10:45:00+00:00,1563.0
2025-01-28 10:50:00+00:00,1563.0
2025-01-28 10:55:00+00:00,1563.0
2025-01-28 11:00:00+00:00,1483.2
2025-01-28 11:05:00+00:00,1483.2
2025-01-28 11:10:00+00:00,1483.2
2025-01-28 11:15:00+00:00,3007.5
2025-01-28 11:20:00+00:00,3007.5
2025-01-28 11:25:00+00:00,3007.5
2025-01-28 11:30:00+00:00,2981.3
2025-01-28 11:35:00+00:00,2981.3
2025-01-28 11:40:00+00:00,2981.3
2025-01-28 11:45:00+00:00,1163.4
2025-01-28 11:50:00+00:00,1163.4
2025-01-28 11:55:00+00:00,1163.4
2025-01-28 12:00:00+00:00,2896.3
2025-01-28 12:05:00+00:00,2896.3
2025-01-28 12:10:00+00:00,2896.3
2025-01-28 12:15:00+00:00,2285.3
2025-01-28 12:20:00+00:00,2285.3
2025-01-28 12:25:00+00:00,2285.3
2025-01-28 12:30:00+00:00,1863.1
2025-01-28 12:35:00+00:00,1863.1
2025-01-28 12:40:00+00:00,1863.1
2025-01-28 12:45:00+00:00,1869.1
2025-01-28 12:50:00+00:00,1869.1
2025-01-28 12:55:00+00:00,1869.1
2025-01-28 13:00:00+00:00,3039.2
2025-01-28 13:05:00+00:00,3039.2
2025-01-28 13:10:00+00:00,3039.2
2025-01-28 13:15:00+00:00,1879.4
2025-01-28 13:20:00+00:00,1879.4
2025-01-28 13:25:00+00:00,1879.4
2025-01-28 13:30:00+00:00,2604.8
2025-01-28 13:35:00+00:00,2604.8
2025-01-28 13:40:00+00:00,2604.8
2025-01-28 13:45:00+00:00,1512.9
2025-01-28 13:50:00+00:00,1512.9
2025-01-28 13:55:00+00:00,1512.9
2025-01-28 14:00:00+00:00,2892.2
2025-01-28 14:05:00+00:00,2892.2
2025-01-28 14:10:00+00:00,2892.2
2025-01-28 14:15:00+00:00,3162.7
2025-01-28 14:20:00+00:00,3162.7
2025-01-28 14:25:00+00:00,3162.7
2025-01-28 14:30:00+00:00,1803.0
2025-01-28 14:35:00+00:00,1803.0
2025-01-28 14:40:00+00:00,1803.0
2025-01-28 14:45:00+00:00,2569.4
2025-01-28 14:50:00+00:00,2569.4
2025-01-28 14:55:00+00:00,2569.4
2025-01-28 15:00:00+00:00,1528.5
2025-01-28 15:05:00+00:00,1528.5
2025-01-28 15:10:00+00:00,1528.5
2025-01-28 15:15:00+00:00,2284.6
2025-01-28 15:20:00+00:00,2284.6
2025-01-28 15:25:00+00:00,2284.6
2025-01-28 15:30:00+00:00,2668.8
2025-01-28 15:35:00+00:00,2668.8
2025-01-28 15:40:00+00:00,2668.8
2025-01-28 15:45:00+00:00,1465.4
2025-01-28 15:50:00+00:00,1465.4
2025-01-28 15:55:00+00:00,1465.4
2025-01-28 16:00:00+00:00,3056.9
2025-01-28 16:05:00+00:00,3056.9
2025-01-28 16:10:00+00:00,3056.9
2025-01-28 16:15:00+00:00,1868.6
2025-01-28 16:20:00+00:00,1868.6
2025-01-28 16:25:00+00:00,1868.6
2025-01-28 16:30:00+00:00,1824.3
2025-01-28 16:35:00+00:00,1824.3
2025-01-28 16:40:00+00:00,1824.3
2025-01-28 16:45:00+00:00,3231.5
2025-01-28 16:50:00+00:00,3231.5
2025-01-28 16:55:00+00:00,3231.5
2025-01-28 17:00:00+00:00,2856.4
2025-01-28 17:05:00+00:00,2856.4
2025-01-28 17:10:00+00:00,2856.4
2025-01-28 17:15:00+00:00,1863.1
2025-01-28 17:20:00+00:00,1863.1
2025-01-28 17:25:00+00:00,1863.1
2025-01-28 17:30:00+00:00,3044.1
2025-01-28 17:35:00+00:00,3044.1
2025-01-28 17:40:00+00:00,3044.1
2025-01-28 17:45:00+00:00,1987.9
2025-01-28 17:50:00+00:00,1987.9
2025-01-28 17:55:00+00:00,1987.9
2025-01-28 18:00:00+00:00,1496.0
2025-01-28 18:05:00+00:00,1496.0
2025-01-28 18:10:00+00:00,1496.0
2025-01-28 18:15:00+00:00,2831.8
2025-01-28 18:20:00+00:00,2831.8
2025-01-28 18:25:00+00:00,2831.8
2025-01-28 18:30:00+00:00,1910.2
2025-01-28 18:35:00+00:00,1910.2
2025-01-28 18:40:00+00:00,1910.2
2025-01-28 18:45:00+00:00,3576.8
2025-01-28 18:50:00+00:00,3576.8
2025-01-28 18:55:00+00:00,3576.8
2025-01-28 19:00:00+00:00,2502.6
2025-01-28 19:05:00+00:00,2502.6
2025-01-28 19:10:00+00:00,2502.6
2025-01-28 19:15:00+00:00,993.2
2025-01-28 19:20:00+00:00,993.2
2025-01-28 19:25:00+00:00,993.2
2025-01-28 19:30:00+00:00,2593.0
2025-01-28 19:35:00+00:00,2593.0
2025-01-28 19:40:00+00:00,2593.0
2025-01-28 19:45:00+00:00,1553.7
2025-01-28 19:50:00+00:00,1553.7
2025-01-28 19:55:00+00:00,1553.7
2025-01-28 20:00:00+00:00,1563.5
2025-01-28 20:05:00+00:00,1563.5
2025-01-28 20:10:00+00:00,1563.5
2025-01-28 20:15:00+00:00,1890.0
2025-01-28 20:20:00+00:00,1890.0
2025-01-28 20:25:00+00:00,1890.0
2025-01-28 20:30:00+00:00,2343.2
2025-01-28 20:35:00+00:00,2343.2
2025-01-28 20:40:00+00:00,2343.2
2025-01-28 20:45:00+00:00,3384.6
2025-01-28 20:50:00+00:00,3384.6
2025-01-28 20:55:00+00:00,3384.6
2025-01-28 21:00:00+00:00,2363.2
2025-01-28 21:05:00+00:00,2363.2
2025-01-28 21:10:00+00:00,2363.2
2025-01-28 21:15:00+00:00,1831.2
2025-01-28 21:20:00+00:00,1831.2
2025-01-28 21:25:00+00:00,1831.2
2025-01-28 21:30:00+00:00,2453.1
2025-01-28 21:35:00+00:00,2453.1
2025-01-28 21:40:00+00:00,2453.1
2025-01-28 21:45:00+00:00,1477.0
2025-01-28 21:50:00+00:00,1477.0
2025-01-28 21:55:00+00:00,1477.0
2025-01-28 22:00:00+00:00,1494.5
2025-01-28 22:05:00+00:00,1494.5
2025-01-28 22:10:00+00:00,1494.5
2025-01-28 22:15:00+00:00,1543.9
2025-01-28 22:20:00+00:00,1543.9
2025-01-28 22:25:00+00:00,1543.9
2025-01-28 22:30:00+00:00,2537.3
2025-01-28 22:35:00+00:00,2537.3
2025-01-28 22:40:00+00:00,2537.3
2025-01-28 22:45:00+00:00,2673.7
2025-01-28 22:50:00+00:00,2673.7
2025-01-28 22:55:00+00:00,2673.7
2025-01-28 23:00:00+00:00,2665.2
2025-01-28 23:05:00+00:00,2665.2
2025-01-28 23:10:00+00:00,2665.2
2025-01-28 23:15:00+00:00,1606.0
2025-01-28 23:20:00+00:00,1606.0
2025-01-28 23:25:00+00:00,1606.0
2025-01-28 23:30:00+00:00,2659.6
2025-01-28 23:35:00+00:00,2659.6
2025-01-28 23:40:00+00:00,2659.6
2025-01-28 23:45:00+00:00,3089.9
2025-01-28 23:50:00+00:00,3089.9
2025-01-28 23:55:00+00:00,3089.9
2025-01-29 00:00:00+00:00,3280.4
2025-01-29 00:05:00+00:00,3280.4
2025-01-29 00:10:00+00:00,3280.4
2025-01-29 00:15:00+00:00,2880.2
2025-01-29 00:20:00+00:00,2880.2
2025-01-29 00:25:00+00:00,2880.2
2025-01-29 00:30:00+00:00,3850.5
2025-01-29 00:35:00+00:00,3850.5
2025-01-29 00:40:00+00:00,3850.5
2025-01-29 00:45:00+00:00,2929.9
2025-01-29 00:50:00+00:00,2929.9
2025-01-29 00:55:00+00:00,2929.9
2025-01-29 01:00:00+00:00,4781.2
2025-01-29 01:05:00+00:00,4781.2
2025-01-29 01:10:00+00:00,4781.2
2025-01-29 01:15:00+00:00,4782.9
2025-01-29 01:20:00+00:00,4782.9
2025-01-29 01:25:00+00:00,4782.9
2025-01-29 01:30:00+00:00,5264.3
2025-01-29 01:35:00+00:00,5264.3
2025-01-29 01:40:00+00:00,5264.3
2025-01-29 01:45:00+00:00,3833.6
2025-01-29 01:50:00+00:00,3833.6
2025-01-29 01:55:00+00:00,3833.6
2025-01-29 02:00:00+00:00,5788.0
2025-01-29 02:05:00+00:00,5788.0
2025-01-29 02:10:00+00:00,5788.0
2025-01-29 02:15:00+00:00,4674.5
2025-01-29 02:20:00+00:00,4674.5
2025-01-29 02:25:00+00:00,4674.5
2025-01-29 02:30:00+00:00,5559.4
2025-01-29 02:35:00+00:00,5559.4
2025-01-29 02:40:00+00:00,5559.4
2025-01-29 02:45:00+00:00,4469.8
2025-01-29 02:50:00+00:00,4469.8
2025-01-29 02:55:00+00:00,4469.8
2025-01-29 03:00:00+00:00,5183.5
2025-01-29 03:05:00+00:00,5183.5
2025-01-29 03:10:00+00:00,5183.5
2025-01-29 03:15:00+00:00,5172.7
2025-01-29 03:20:00+00:00,5172.7
2025-01-29 03:25:00+00:00,5172.7
2025-01-29 03:30:00+00:00,3458.7
2025-01-29 03:35:00+00:00,3458.7
2025-01-29 03:40:00+00:00,3458.7
2025-01-29 03:45:00+00:00,4988.1
2025-01-29 03:50:00+00:00,4988.1
2025-01-29 03:55:00+00:00,4988.1
2025-01-29 04:00:00+00:00,2909.9
2025-01-29 04:05:00+00:00,2909.9
2025-01-29 04:10:00+00:00,2909.9
2025-01-29 04:15:00+00:00,2931.6
2025-01-29 04:20:00+00:00,2931.6
2025-01-29 04:25:00+00:00,2931.6
2025-01-29 04:30:00+00:00,2707.3
2025-01-29 04:35:00+00:00,2707.3
2025-01-29 04:40:00+00:00,2707.3
2025-01-29 04:45:00+00:00,4393.2
2025-01-29 04:50:00+00:00,4393.2
2025-01-29 04:55:00+00:00,4393.2
2025-01-29 05:00:00+00:00,1479.0
2025-01-29 05:05:00+00:00,1479.0
2025-01-29 05:10:00+00:00,1479.0
2025-01-29 05:15:00+00:00,2616.5
2025-01-29 05:20:00+00:00,2616.5
2025-01-29 05:25:00+00:00,2616.5
2025-01-29 05:30:00+00:00,2672.1
2025-01-29 05:35:00+00:00,2672.1
2025-01-29 05:40:00+00:00,2672.1
2025-01-29 05:45:00+00:00,2991.9
2025-01-29 05:50:00+00:00,2991.9
2025-01-29 05:55:00+00:00,2991.9
2025-01-29 06:00:00+00:00,2035.3
2025-01-29 06:05:00+00:00,2035.3
2025-01-29 06:10:00+00:00,2035.3
2025-01-29 06:15:00+00:00,1430.0
2025-01-29 06:20:00+00:00,1430.0
2025-01-29 06:25:00+00:00,1430.0
2025-01-29 06:30:00+00:00,2355.2
2025-01-29 06:35:00+00:00,2355.2
2025-01-29 06:40:00+00:00,2355.2
2025-01-29 06:45:00+00:00,2380.7
2025-01-29 06:50:00+00:00,2380.7
2025-01-29 06:55:00+00:00,2380.7
2025-01-29 07:00:00+00:00,2267.2
2025-01-29 07:05:00+00:00,2267.2
2025-01-29 07:10:00+00:00,2267.2
2025-01-29 07:15:00+00:00,2357.1
2025-01-29 07:20:00+00:00,2357.1
2025-01-29 07:25:00+00:00,2357.1
2025-01-29 07:30:00+00:00,2224.1
2025-01-29 07:35:00+00:00,2224.1
2025-01-29 07:40:00+00:00,2224.1
2025-01-29 07:45:00+00:00,1981.7
2025-01-29 07:50:00+00:00,1981.7
2025-01-29 07:55:00+00:00,1981.7
2025-01-29 08:00:00+00:00,2822.2
2025-01-29 08:05:00+00:00,2822.2
2025-01-29 08:10:00+00:00,2822.2
2025-01-29 08:15:00+00:00,1883.8
2025-01-29 08:20:00+00:00,1883.8
2025-01-29 08:25:00+00:00,1883.8
2025-01-29 08:30:00+00:00,2289.5
2025-01-29 08:35:00+00:00,2289.5
2025-01-29 08:40:00+00:00,2289.5
2025-01-29 08:45:00+00:00,1843.9
2025-01-29 08:50:00+00:00,1843.9
2025-01-29 08:55:00+00:00,1843.9
2025-01-29 09:00:00+00:00,3094.0
2025-01-29 09:05:00+00:00,3094.0
2025-01-29 09:10:00+00:00,3094.0
2025-01-29 09:15:00+00:00,3173.7
2025-01-29 09:20:00+00:00,3173.7
2025-01-29 09:25:00+00:00,3173.7
2025-01-29 09:30:00+00:00,1718.0
2025-01-29 09:35:00+00:00,1718.0
2025-01-29 09:40:00+00:00,1718.0
2025-01-29 09:45:00+00:00,2169.0
2025-01-29 09:50:00+00:00,2169.0
2025-01-29 09:55:00+00:00,2169.0
2025-01-29 10:00:00+00:00,2982.0
2025-01-29 10:05:00+00:00,2982.0
2025-01-29 10:10:00+00:00,2982.0
2025-01-29 10:15:00+00:00,1155.3
2025-01-29 10:20:00+00:00,1155.3
2025-01-29 10:25:00+00:00,1155.3
2025-01-29 10:30:00+00:00,2223.5
2025-01-29 10:35:00+00:00,2223.5
2025-01-29 10:40:00+00:00,2223.5
2025-01-29 10:45:00+00:00,1497.5
2025-01-29 10:50:00+00:00,1497.5
2025-01-29 10:55:00+00:00,1497.5
2025-01-29 11:00:00+00:00,3271.4
2025-01-29 11:05:00+00:00,3271.4
2025-01-29 11:10:00+00:00,3271.4
2025-01-29 11:15:00+00:00,2191.1
2025-01-29 11:20:00+00:00,2191.1
2025-01-29 11:25:00+00:00,2191.1
2025-01-29 11:30:00+00:00,2256.9
2025-01-29 11:35:00+00:00,2256.9
2025-01-29 11:40:00+00:00,2256.9
2025-01-29 11:45:00+00:00,1644.9
2025-01-29 11:50:00+00:00,1644.9
2025-01-29 11:55:00+00:00,1644.9
2025-01-29 12:00:00+00:00,2642.3
2025-01-29 12:05:00+00:00,2642.3
2025-01-29 12:10:00+00:00,2642.3
2025-01-29 12:15:00+00:00,3739.1
2025-01-29 12:20:00+00:00,3739.1
2025-01-29 12:25:00+00:00,3739.1
2025-01-29 12:30:00+00:00,1881.8
2025-01-29 12:35:00+00:00,1881.8
2025-01-29 12:40:00+00:00,1881.8
2025-01-29 12:45:00+00:00,2286.8
2025-01-29 12:50:00+00:00,2286.8
2025-01-29 12:55:00+00:00,2286.8
2025-01-29 13:00:00+00:00,2714.9
2025-01-29 13:05:00+00:00,2714.9
2025-01-29 13:10:00+00:00,2714.9
2025-01-29 13:15:00+00:00,1829.4
2025-01-29 13:20:00+00:00,1829.4
2025-01-29 13:25:00+00:00,1829.4
2025-01-29 13:30:00+00:00,3339.5
2025-01-29 13:35:00+00:00,3339.5
2025-01-29 13:40:00+00:00,3339.5
2025-01-29 13:45:00+00:00,1833.7
2025-01-29 13:50:00+00:00,1833.7
2025-01-29 13:55:00+00:00,1833.7
2025-01-29 14:00:00+00:00,1605.6
2025-01-29 14:05:00+00:00,1605.6
2025-01-29 14:10:00+00:00,1605.6
2025-01-29 14:15:00+00:00,2292.6
2025-01-29 14:20:00+00:00,2292.6
2025-01-29 14:25:00+00:00,2292.6
2025-01-29 14:30:00+00:00,1893.4
2025-01-29 14:35:00+00:00,1893.4
2025-01-29 14:40:00+00:00,1893.4
2025-01-29 14:45:00+00:00,3280.1
2025-01-29 14:50:00+00:00,3280.1
2025-01-29 14:55:00+00:00,3280.1
2025-01-29 15:00:00+00:00,2822.8
2025-01-29 15:05:00+00:00,2822.8
2025-01-29 15:10:00+00:00,2822.8
2025-01-29 15:15:00+00:00,1883.9
2025-01-29 15:20:00+00:00,1883.9
2025-01-29 15:25:00+00:00,1883.9
2025-01-29 15:30:00+00:00,2228.8
2025-01-29 15:35:00+00:00,2228.8
2025-01-29 15:40:00+00:00,2228.8
2025-01-29 15:45:00+00:00,2119.5
2025-01-29 15:50:00+00:00,2119.5
2025-01-29 15:55:00+00:00,2119.5
2025-01-29 16:00:00+00:00,1937.3
2025-01-29 16:05:00+00:00,1937.3
2025-01-29 16:10:00+00:00,1937.3
2025-01-29 16:15:00+00:00,2943.9
2025-01-29 16:20:00+00:00,2943.9
2025-01-29 16:25:00+00:00,2943.9
2025-01-29 16:30:00+00:00,2597.4
2025-01-29 16:35:00+00:00,2597.4
2025-01-29 16:40:00+00:00,2597.4
2025-01-29 16:45:00+00:00,2244.3
2025-01-29 16:50:00+00:00,2244.3
2025-01-29 16:55:00+00:00,2244.3
2025-01-29 17:00:00+00:00,1182.2
2025-01-29 17:05:00+00:00,1182.2
2025-01-29 17:10:00+00:00,1182.2
2025-01-29 17:15:00+00:00,3144.4
2025-01-29 17:20:00+00:00,3144.4
2025-01-29 17:25:00+00:00,3144.4
2025-01-29 17:30:00+00:00,3048.0
2025-01-29 17:35:00+00:00,3048.0
2025-01-29 17:40:00+00:00,3048.0
2025-01-29 17:45:00+00:00,1538.5
2025-01-29 17:50:00+00:00,1538.5
2025-01-29 17:55:00+00:00,1538.5
2025-01-29 18:00:00+00:00,3236.8
2025-01-29 18:05:00+00:00,3236.8
2025-01-29 18:10:00+00:00,3236.8
2025-01-29 18:15:00+00:00,1874.6
2025-01-29 18:20:00+00:00,1874.6
2025-01-29 18:25:00+00:00,1874.6
2025-01-29 18:30:00+00:00,2562.5
2025-01-29 18:35:00+00:00,2562.5
2025-01-29 18:40:00+00:00,2562.5
2025-01-29 18:45:00+00:00,1930.2
2025-01-29 18:50:00+00:00,1930.2
2025-01-29 18:55:00+00:00,1930.2
2025-01-29 19:00:00+00:00,1610.2
2025-01-29 19:05:00+00:00,1610.2
2025-01-29 19:10:00+00:00,1610.2
2025-01-29 19:15:00+00:00,2708.4
2025-01-29 19:20:00+00:00,2708.4
2025-01-29 19:25:00+00:00,2708.4
2025-01-29 19:30:00+00:00,2846.0
2025-01-29 19:35:00+00:00,2846.0
2025-01-29 19:40:00+00:00,2846.0
2025-01-29 19:45:00+00:00,2592.2
2025-01-29 19:50:00+00:00,2592.2
2025-01-29 19:55:00+00:00,2592.2
2025-01-29 20:00:00+00:00,2906.6
2025-01-29 20:05:00+00:00,2906.6
2025-01-29 20:10:00+00:00,2906.6
2025-01-29 20:15:00+00:00,1383.1
2025-01-29 20:20:00+00:00,1383.1
2025-01-29 20:25:00+00:00,1383.1
2025-01-29 20:30:00+00:00,2585.8
2025-01-29 20:35:00+00:00,2585.8
2025-01-29 20:40:00+00:00,2585.8
2025-01-29 20:45:00+00:00,2165.6
2025-01-29 20:50:00+00:00,2165.6
2025-01-29 20:55:00+00:00,2165.6
2025-01-29 21:00:00+00:00,1524.7
2025-01-29 21:05:00+00:00,1524.7
2025-01-29 21:10:00+00:00,1524.7
2025-01-29 21:15:00+00:00,1858.6
2025-01-29 21:20:00+00:00,1858.6
2025-01-29 21:25:00+00:00,1858.6
2025-01-29 21:30:00+00:00,2653.7
2025-01-29 21:35:00+00:00,2653.7
2025-01-29 21:40:00+00:00,2653.7
2025-01-29 21:45:00+00:00,1639.7
2025-01-29 21:50:00+00:00,1639.7
2025-01-29 21:55:00+00:00,1639.7
2025-01-29 22:00:00+00:00,2584.1
2025-01-29 22:05:00+00:00,2584.1
2025-01-29 22:10:00+00:00,2584.1
2025-01-29 22:15:00+00:00,3560.6
2025-01-29 22:20:00+00:00,3560.6
2025-01-29 22:25:00+00:00,3560.6
2025-01-29 22:30:00+00:00,2169.6
2025-01-29 22:35:00+00:00,2169.6
2025-01-29 22:40:00+00:00,2169.6
2025-01-29 22:45:00+00:00,2260.3
2025-01-29 22:50:00+00:00,2260.3
2025-01-29 22:55:00+00:00,2260.3
2025-01-29 23:00:00+00:00,1116.0
2025-01-29 23:05:00+00:00,1116.0
2025-01-29 23:10:00+00:00,1116.0
2025-01-29 23:15:00+00:00,1909.1
2025-01-29 23:20:00+00:00,1909.1
2025-01-29 23:25:00+00:00,1909.1
2025-01-29 23:30:00+00:00,3061.7
2025-01-29 23:35:00+00:00,3061.7
2025-01-29 23:40:00+00:00,3061.7
2025-01-29 23:45:00+00:00,2666.1
2025-01-29 23:50:00+00:00,2666.1
2025-01-29 23:55:00+00:00,2666.1
2025-01-30 00:00:00+00:00,4169.2
2025-01-30 00:05:00+00:00,4169.2
2025-01-30 00:10:00+00:00,4169.2
2025-01-30 00:15:00+00:00,2925.8
2025-01-30 00:20:00+00:00,2925.8
2025-01-30 00:25:00+00:00,2925.8
2025-01-30 00:30:00+00:00,3041.0
2025-01-30 00:35:00+00:00,3041.0
2025-01-30 00:40:00+00:00,3041.0
2025-01-30 00:45:00+00:00,1990.6
2025-01-30 00:50:00+00:00,1990.6
2025-01-30 00:55:00+00:00,1990.6
2025-01-30 01:00:00+00:00,5677.6
2025-01-30 01:05:00+00:00,5677.6
2025-01-30 01:10:00+00:00,5677.6
2025-01-30 01:15:00+00:00,4438.7
2025-01-30 01:20:00+00:00,4438.7
2025-01-30 01:25:00+00:00,4438.7
2025-01-30 01:30:00+00:00,4548.3
2025-01-30 01:35:00+00:00,4548.3
2025-01-30 01:40:00+00:00,4548.3
2025-01-30 01:45:00+00:00,5169.4
2025-01-30 01:50:00+00:00,5169.4
2025-01-30 01:55:00+00:00,5169.4
2025-01-30 02:00:00+00:00,4052.3
2025-01-30 02:05:00+00:00,4052.3
2025-01-30 02:10:00+00:00,4052.3
2025-01-30 02:15:00+00:00,5428.5
2025-01-30 02:20:00+00:00,5428.5
2025-01-30 02:25:00+00:00,5428.5
2025-01-30 02:30:00+00:00,5183.7
2025-01-30 02:35:00+00:00,5183.7
2025-01-30 02:40:00+00:00,5183.7
2025-01-30 02:45:00+00:00,5055.2
2025-01-30 02:50:00+00:00,5055.2
2025-01-30 02:55:00+00:00,5055.2
2025-01-30 03:00:00+00:00,5498.0
2025-01-30 03:05:00+00:00,5498.0
2025-01-30 03:10:00+00:00,5498.0
2025-01-30 03:15:00+00:00,3880.6
2025-01-30 03:20:00+00:00,3880.6
2025-01-30 03:25:00+00:00,3880.6
2025-01-30 03:30:00+00:00,3888.5
2025-01-30 03:35:00+00:00,3888.5
2025-01-30 03:40:00+00:00,3888.5
2025-01-30 03:45:00+00:00,6219.2
2025-01-30 03:50:00+00:00,6219.2
2025-01-30 03:55:00+00:00,6219.2
2025-01-30 04:00:00+00:00,3357.2
2025-01-30 04:05:00+00:00,3357.2
2025-01-30 04:10:00+00:00,3357.2
2025-01-30 04:15:00+00:00,2275.1
2025-01-30 04:20:00+00:00,2275.1
2025-01-30 04:25:00+00:00,2275.1
2025-01-30 04:30:00+00:00,3010.4
2025-01-30 04:35:00+00:00,3010.4
2025-01-30 04:40:00+00:00,3010.4
2025-01-30 04:45:00+00:00,3267.3
2025-01-30 04:50:00+00:00,3267.3
2025-01-30 04:55:00+00:00,3267.3
2025-01-30 05:00:00+00:00,3013.9
2025-01-30 05:05:00+00:00,3013.9
2025-01-30 05:10:00+00:00,3013.9
2025-01-30 05:15:00+00:00,1779.1
2025-01-30 05:20:00+00:00,1779.1
2025-01-30 05:25:00+00:00,1779.1
2025-01-30 05:30:00+00:00,2567.8
2025-01-30 05:35:00+00:00,2567.8
2025-01-30 05:40:00+00:00,2567.8
2025-01-30 05:45:00+00:00,1435.4
2025-01-30 05:50:00+00:00,1435.4
2025-01-30 05:55:00+00:00,1435.4
2025-01-30 06:00:00+00:00,2335.6
2025-01-30 06:05:00+00:00,2335.6
2025-01-30 06:10:00+00:00,2335.6
2025-01-30 06:15:00+00:00,2229.8
2025-01-30 06:20:00+00:00,2229.8
2025-01-30 06:25:00+00:00,2229.8
2025-01-30 06:30:00+00:00,2886.5
2025-01-30 06:35:00+00:00,2886.5
2025-01-30 06:40:00+00:00,2886.5
2025-01-30 06:45:00+00:00,1839.5
2025-01-30 06:50:00+00:00,1839.5
2025-01-30 06:55:00+00:00,1839.5
2025-01-30 07:00:00+00:00,2193.6
2025-01-30 07:05:00+00:00,2193.6
2025-01-30 07:10:00+00:00,2193.6
2025-01-30 07:15:00+00:00,1937.5
2025-01-30 07:20:00+00:00,1937.5
2025-01-30 07:25:00+00:00,1937.5
2025-01-30 07:30:00+00:00,2932.7
2025-01-30 07:35:00+00:00,2932.7
2025-01-30 07:40:00+00:00,2932.7
2025-01-30 07:45:00+00:00,1883.6
2025-01-30 07:50:00+00:00,1883.6
2025-01-30 07:55:00+00:00,1883.6
2025-01-30 08:00:00+00:00,1523.5
2025-01-30 08:05:00+00:00,1523.5
2025-01-30 08:10:00+00:00,1523.5
2025-01-30 08:15:00+00:00,3906.6
2025-01-30 08:20:00+00:00,3906.6
2025-01-30 08:25:00+00:00,3906.6
2025-01-30 08:30:00+00:00,1071.3
2025-01-30 08:35:00+00:00,1071.3
2025-01-30 08:40:00+00:00,1071.3
2025-01-30 08:45:00+00:00,1849.2
2025-01-30 08:50:00+00:00,1849.2
2025-01-30 08:55:00+00:00,1849.2
2025-01-30 09:00:00+00:00,2927.6
2025-01-30 09:05:00+00:00,2927.6
2025-01-30 09:10:00+00:00,2927.6
2025-01-30 09:15:00+00:00,2172.6
2025-01-30 09:20:00+00:00,2172.6
2025-01-30 09:25:00+00:00,2172.6
2025-01-30 09:30:00+00:00,1095.9
2025-01-30 09:35:00+00:00,1095.9
2025-01-30 09:40:00+00:00,1095.9
2025-01-30 09:45:00+00:00,3416.0
2025-01-30 09:50:00+00:00,3416.0
2025-01-30 09:55:00+00:00,3416.0
2025-01-30 10:00:00+00:00,1482.5
2025-01-30 10:05:00+00:00,1482.5
2025-01-30 10:10:00+00:00,1482.5
2025-01-30 10:15:00+00:00,1591.9
2025-01-30 10:20:00+00:00,1591.9
2025-01-30 10:25:00+00:00,1591.9
2025-01-30 10:30:00+00:00,2609.2
2025-01-30 10:35:00+00:00,2609.2
2025-01-30 10:40:00+00:00,2609.2
2025-01-30 10:45:00+00:00,2074.4
2025-01-30 10:50:00+00:00,2074.4
2025-01-30 10:55:00+00:00,2074.4
2025-01-30 11:00:00+00:00,3213.1
2025-01-30 11:05:00+00:00,3213.1
2025-01-30 11:10:00+00:00,3213.1
2025-01-30 11:15:00+00:00,1514.8
2025-01-30 11:20:00+00:00,1514.8
2025-01-30 11:25:00+00:00,1514.8
2025-01-30 11:30:00+00:00,2973.5
2025-01-30 11:35:00+00:00,2973.5
2025-01-30 11:40:00+00:00,2973.5
2025-01-30 11:45:00+00:00,1120.8
2025-01-30 11:50:00+00:00,1120.8
2025-01-30 11:55:00+00:00,1120.8
2025-01-30 12:00:00+00:00,2264.2
2025-01-30 12:05:00+00:00,2264.2
2025-01-30 12:10:00+00:00,2264.2
2025-01-30 12:15:00+00:00,1892.1
2025-01-30 12:20:00+00:00,1892.1
2025-01-30 12:25:00+00:00,1892.1
2025-01-30 12:30:00+00:00,2161.4
2025-01-30 12:35:00+00:00,2161.4
2025-01-30 12:40:00+00:00,2161.4
2025-01-30 12:45:00+00:00,2251.4
2025-01-30 12:50:00+00:00,2251.4
2025-01-30 12:55:00+00:00,2251.4
2025-01-30 13:00:00+00:00,3036.3
2025-01-30 13:05:00+00:00,3036.3
2025-01-30 13:10:00+00:00,3036.3
2025-01-30 13:15:00+00:00,1893.7
2025-01-30 13:20:00+00:00,1893.7
2025-01-30 13:25:00+00:00,1893.7
2025-01-30 13:30:00+00:00,2304.6
2025-01-30 13:35:00+00:00,2304.6
2025-01-30 13:40:00+00:00,2304.6
2025-01-30 13:45:00+00:00,3413.0
2025-01-30 13:50:00+00:00,3413.0
2025-01-30 13:55:00+00:00,3413.0
2025-01-30 14:00:00+00:00,1558.8
2025-01-30 14:05:00+00:00,1558.8
2025-01-30 14:10:00+00:00,1558.8
2025-01-30 14:15:00+00:00,3023.9
2025-01-30 14:20:00+00:00,3023.9
2025-01-30 14:25:00+00:00,3023.9
2025-01-30 14:30:00+00:00,1908.2
2025-01-30 14:35:00+00:00,1908.2
2025-01-30 14:40:00+00:00,1908.2
2025-01-30 14:45:00+00:00,2534.3
2025-01-30 14:50:00+00:00,2534.3
2025-01-30 14:55:00+00:00,2534.3
2025-01-30 15:00:00+00:00,2890.8
2025-01-30 15:05:00+00:00,2890.8
2025-01-30 15:10:00+00:00,2890.8
2025-01-30 15:15:00+00:00,2278.0
2025-01-30 15:20:00+00:00,2278.0
2025-01-30 15:25:00+00:00,2278.0
2025-01-30 15:30:00+00:00,1963.2
2025-01-30 15:35:00+00:00,1963.2
2025-01-30 15:40:00+00:00,1963.2
2025-01-30 15:45:00+00:00,3304.4
2025-01-30 15:50:00+00:00,3304.4
2025-01-30 15:55:00+00:00,3304.4
2025-01-30 16:00:00+00:00,2836.9
2025-01-30 16:05:00+00:00,2836.9
2025-01-30 16:10:00+00:00,2836.9
2025-01-30 16:15:00+00:00,2519.4
2025-01-30 16:20:00+00:00,2519.4
2025-01-30 16:25:00+00:00,2519.4
2025-01-30 16:30:00+00:00,1753.2
2025-01-30 16:35:00+00:00,1753.2
2025-01-30 16:40:00+00:00,1753.2
2025-01-30 16:45:00+00:00,1867.4
2025-01-30 16:50:00+00:00,1867.4
2025-01-30 16:55:00+00:00,1867.4
2025-01-30 17:00:00+00:00,1486.6
2025-01-30 17:05:00+00:00,1486.6
2025-01-30 17:10:00+00:00,1486.6
2025-01-30 17:15:00+00:00,2698.0
2025-01-30 17:20:00+00:00,2698.0
2025-01-30 17:25:00+00:00,2698.0
2025-01-30 17:30:00+00:00,1503.0
2025-01-30 17:35:00+00:00,1503.0
2025-01-30 17:40:00+00:00,1503.0
2025-01-30 17:45:00+00:00,2117.8
2025-01-30 17:50:00+00:00,2117.8
2025-01-30 17:55:00+00:00,2117.8
2025-01-30 18:00:00+00:00,3084.4
2025-01-30 18:05:00+00:00,3084.4
2025-01-30 18:10:00+00:00,3084.4
2025-01-30 18:15:00+00:00,2190.0
2025-01-30 18:20:00+00:00,2190.0
2025-01-30 18:25:00+00:00,2190.0
2025-01-30 18:30:00+00:00,2877.1
2025-01-30 18:35:00+00:00,2877.1
2025-01-30 18:40:00+00:00,2877.1
2025-01-30 18:45:00+00:00,1888.7
2025-01-30 18:50:00+00:00,1888.7
2025-01-30 18:55:00+00:00,1888.7
2025-01-30 19:00:00+00:00,1798.0
2025-01-30 19:05:00+00:00,1798.0
2025-01-30 19:10:00+00:00,1798.0
2025-01-30 19:15:00+00:00,1883.8
2025-01-30 19:20:00+00:00,1883.8
2025-01-30 19:25:00+00:00,1883.8
2025-01-30 19:30:00+00:00,3344.2
2025-01-30 19:35:00+00:00,3344.2
2025-01-30 19:40:00+00:00,3344.2
2025-01-30 19:45:00+00:00,2265.7
2025-01-30 19:50:00+00:00,2265.7
2025-01-30 19:55:00+00:00,2265.7
2025-01-30 20:00:00+00:00,1816.5
2025-01-30 20:05:00+00:00,1816.5
2025-01-30 20:10:00+00:00,1816.5
2025-01-30 20:15:00+00:00,1942.2
2025-01-30 20:20:00+00:00,1942.2
2025-01-30 20:25:00+00:00,1942.2
2025-01-30 20:30:00+00:00,2267.7
2025-01-30 20:35:00+00:00,2267.7
2025-01-30 20:40:00+00:00,2267.7
2025-01-30 20:45:00+00:00,1535.1
2025-01-30 20:50:00+00:00,1535.1
2025-01-30 20:55:00+00:00,1535.1
2025-01-30 21:00:00+00:00,2367.5
2025-01-30 21:05:00+00:00,2367.5
2025-01-30 21:10:00+00:00,2367.5
2025-01-30 21:15:00+00:00,2640.5
2025-01-30 21:20:00+00:00,2640.5
2025-01-30 21:25:00+00:00,2640.5
2025-01-30 21:30:00+00:00,2911.9
2025-01-30 21:35:00+00:00,2911.9
2025-01-30 21:40:00+00:00,2911.9
2025-01-30 21:45:00+00:00,2564.6
2025-01-30 21:50:00+00:00,2564.6
2025-01-30 21:55:00+00:00,2564.6
2025-01-30 22:00:00+00:00,1812.9
2025-01-30 22:05:00+00:00,1812.9
2025-01-30 22:10:00+00:00,1812.9
2025-01-30 22:15:00+00:00,1503.7
2025-01-30 22:20:00+00:00,1503.7
2025-01-30 22:25:00+00:00,1503.7
2025-01-30 22:30:00+00:00,2192.8
2025-01-30 22:35:00+00:00,2192.8
2025-01-30 22:40:00+00:00,2192.8
2025-01-30 22:45:00+00:00,3132.0
2025-01-30 22:50:00+00:00,3132.0
2025-01-30 22:55:00+00:00,3132.0
2025-01-30 23:00:00+00:00,1465.7
2025-01-30 23:05:00+00:00,1465.7
2025-01-30 23:10:00+00:00,1465.7
2025-01-30 23:15:00+00:00,2671.1
2025-01-30 23:20:00+00:00,2671.1
2025-01-30 23:25:00+00:00,2671.1
2025-01-30 23:30:00+00:00,1857.6
2025-01-30 23:35:00+00:00,1857.6
2025-01-30 23:40:00+00:00,1857.6
2025-01-30 23:45:00+00:00,1798.6
2025-01-30 23:50:00+00:00,1798.6
2025-01-30 23:55:00+00:00,1798.6
2025-01-31 00:00:00+00:00,2726.3
2025-01-31 00:05:00+00:00,2726.3
2025-01-31 00:10:00+00:00,2726.3
2025-01-31 00:15:00+00:00,3366.8
2025-01-31 00:20:00+00:00,3366.8
2025-01-31 00:25:00+00:00,3366.8
2025-01-31 00:30:00+00:00,2864.1
2025-01-31 00:35:00+00:00,2864.1
2025-01-31 00:40:00+00:00,2864.1
2025-01-31 00:45:00+00:00,3782.5
2025-01-31 00:50:00+00:00,3782.5
2025-01-31 00:55:00+00:00,3782.5
2025-01-31 01:00:00+00:00,4132.1
2025-01-31 01:05:00+00:00,4132.1
2025-01-31 01:10:00+00:00,4132.1
2025-01-31 01:15:00+00:00,5076.0
2025-01-31 01:20:00+00:00,5076.0
2025-01-31 01:25:00+00:00,5076.0
2025-01-31 01:30:00+00:00,3732.7
2025-01-31 01:35:00+00:00,3732.7
2025-01-31 01:40:00+00:00,3732.7
2025-01-31 01:45:00+00:00,4391.8
2025-01-31 01:50:00+00:00,4391.8
2025-01-31 01:55:00+00:00,4391.8
2025-01-31 02:00:00+00:00,5547.4
2025-01-31 02:05:00+00:00,5547.4
2025-01-31 02:10:00+00:00,5547.4
2025-01-31 02:15:00+00:00,4573.6
2025-01-31 02:20:00+00:00,4573.6
2025-01-31 02:25:00+00:00,4573.6
2025-01-31 02:30:00+00:00,6116.6
2025-01-31 02:35:00+00:00,6116.6
2025-01-31 02:40:00+00:00,6116.6
2025-01-31 02:45:00+00:00,5178.7
2025-01-31 02:50:00+00:00,5178.7
2025-01-31 02:55:00+00:00,5178.7
2025-01-31 03:00:00+00:00,4471.2
2025-01-31 03:05:00+00:00,4471.2
2025-01-31 03:10:00+00:00,4471.2
2025-01-31 03:15:00+00:00,5808.0
2025-01-31 03:20:00+00:00,5808.0
2025-01-31 03:25:00+00:00,5808.0
2025-01-31 03:30:00+00:00,4315.6
2025-01-31 03:35:00+00:00,4315.6
2025-01-31 03:40:00+00:00,4315.6
2025-01-31 03:45:00+00:00,4711.5
2025-01-31 03:50:00+00:00,4711.5
2025-01-31 03:55:00+00:00,4711.5
2025-01-31 04:00:00+00:00,3068.8
2025-01-31 04:05:00+00:00,3068.8
2025-01-31 04:10:00+00:00,3068.8
2025-01-31 04:15:00+00:00,3485.8
2025-01-31 04:20:00+00:00,3485.8
2025-01-31 04:25:00+00:00,3485.8
2025-01-31 04:30:00+00:00,3284.1
2025-01-31 04:35:00+00:00,3284.1
2025-01-31 04:40:00+00:00,3284.1
2025-01-31 04:45:00+00:00,4066.6
2025-01-31 04:50:00+00:00,4066.6
2025-01-31 04:55:00+00:00,4066.6
2025-01-31 05:00:00+00:00,2561.3
2025-01-31 05:05:00+00:00,2561.3
2025-01-31 05:10:00+00:00,2561.3
2025-01-31 05:15:00+00:00,2979.9
2025-01-31 05:20:00+00:00,2979.9
2025-01-31 05:25:00+00:00,2979.9
2025-01-31 05:30:00+00:00,2229.7
2025-01-31 05:35:00+00:00,2229.7
2025-01-31 05:40:00+00:00,2229.7
2025-01-31 05:45:00+00:00,2635.2
2025-01-31 05:50:00+00:00,2635.2
2025-01-31 05:55:00+00:00,2635.2
2025-01-31 06:00:00+00:00,3284.3
2025-01-31 06:05:00+00:00,3284.3
2025-01-31 06:10:00+00:00,3284.3
2025-01-31 06:15:00+00:00,2519.9
2025-01-31 06:20:00+00:00,2519.9
2025-01-31 06:25:00+00:00,2519.9
2025-01-31 06:30:00+00:00,1381.3
2025-01-31 06:35:00+00:00,1381.3
2025-01-31 06:40:00+00:00,1381.3
2025-01-31 06:45:00+00:00,1857.7
2025-01-31 06:50:00+00:00,1857.7
2025-01-31 06:55:00+00:00,1857.7
2025-01-31 07:00:00+00:00,1591.6
2025-01-31 07:05:00+00:00,1591.6
2025-01-31 07:10:00+00:00,1591.6
2025-01-31 07:15:00+00:00,2571.4
2025-01-31 07:20:00+00:00,2571.4
2025-01-31 07:25:00+00:00,2571.4
2025-01-31 07:30:00+00:00,2701.1
2025-01-31 07:35:00+00:00,2701.1
2025-01-31 07:40:00+00:00,2701.1
2025-01-31 07:45:00+00:00,1809.7
2025-01-31 07:50:00+00:00,1809.7
2025-01-31 07:55:00+00:00,1809.7
2025-01-31 08:00:00+00:00,2890.5
2025-01-31 08:05:00+00:00,2890.5
2025-01-31 08:10:00+00:00,2890.5
2025-01-31 08:15:00+00:00,1778.9
2025-01-31 08:20:00+00:00,1778.9
2025-01-31 08:25:00+00:00,1778.9
2025-01-31 08:30:00+00:00,2711.5
2025-01-31 08:35:00+00:00,2711.5
2025-01-31 08:40:00+00:00,2711.5
2025-01-31 08:45:00+00:00,1812.9
2025-01-31 08:50:00+00:00,1812.9
2025-01-31 08:55:00+00:00,1812.9
2025-01-31 09:00:00+00:00,2330.3
2025-01-31 09:05:00+00:00,2330.3
2025-01-31 09:10:00+00:00,2330.3
2025-01-31 09:15:00+00:00,2978.5
2025-01-31 09:20:00+00:00,2978.5
2025-01-31 09:25:00+00:00,2978.5
2025-01-31 09:30:00+00:00,2102.3
2025-01-31 09:35:00+00:00,2102.3
2025-01-31 09:40:00+00:00,2102.3
2025-01-31 09:45:00+00:00,1087.7
2025-01-31 09:50:00+00:00,1087.7
2025-01-31 09:55:00+00:00,1087.7
2025-01-31 10:00:00+00:00,2917.4
2025-01-31 10:05:00+00:00,2917.4
2025-01-31 10:10:00+00:00,2917.4
2025-01-31 10:15:00+00:00,1925.8
2025-01-31 10:20:00+00:00,1925.8
2025-01-31 10:25:00+00:00,1925.8
2025-01-31 10:30:00+00:00,2191.9
2025-01-31 10:35:00+00:00,2191.9
2025-01-31 10:40:00+00:00,2191.9
2025-01-31 10:45:00+00:00,2240.6
2025-01-31 10:50:00+00:00,2240.6
2025-01-31 10:55:00+00:00,2240.6
2025-01-31 11:00:00+00:00,3082.9
2025-01-31 11:05:00+00:00,3082.9
2025-01-31 11:10:00+00:00,3082.9
2025-01-31 11:15:00+00:00,1859.4
2025-01-31 11:20:00+00:00,1859.4
2025-01-31 11:25:00+00:00,1859.4
2025-01-31 11:30:00+00:00,2312.1
2025-01-31 11:35:00+00:00,2312.1
2025-01-31 11:40:00+00:00,2312.1
2025-01-31 11:45:00+00:00,2456.5
2025-01-31 11:50:00+00:00,2456.5
2025-01-31 11:55:00+00:00,2456.5
2025-01-31 12:00:00+00:00,2011.3
2025-01-31 12:05:00+00:00,2011.3
2025-01-31 12:10:00+00:00,2011.3
2025-01-31 12:15:00+00:00,3347.3
2025-01-31 12:20:00+00:00,3347.3
2025-01-31 12:25:00+00:00,3347.3
2025-01-31 12:30:00+00:00,2219.3
2025-01-31 12:35:00+00:00,2219.3
2025-01-31 12:40:00+00:00,2219.3
2025-01-31 12:45:00+00:00,1403.4
2025-01-31 12:50:00+00:00,1403.4
2025-01-31 12:55:00+00:00,1403.4
2025-01-31 13:00:00+00:00,2606.6
2025-01-31 13:05:00+00:00,2606.6
2025-01-31 13:10:00+00:00,2606.6
2025-01-31 13:15:00+00:00,2189.9
2025-01-31 13:20:00+00:00,2189.9
2025-01-31 13:25:00+00:00,2189.9
2025-01-31 13:30:00+00:00,3029.9
2025-01-31 13:35:00+00:00,3029.9
2025-01-31 13:40:00+00:00,3029.9
2025-01-31 13:45:00+00:00,2183.8
2025-01-31 13:50:00+00:00,2183.8
2025-01-31 13:55:00+00:00,2183.8
2025-01-31 14:00:00+00:00,1934.5
2025-01-31 14:05:00+00:00,1934.5
2025-01-31 14:10:00+00:00,1934.5
2025-01-31 14:15:00+00:00,2870.5
2025-01-31 14:20:00+00:00,2870.5
2025-01-31 14:25:00+00:00,2870.5
2025-01-31 14:30:00+00:00,1848.8
2025-01-31 14:35:00+00:00,1848.8
2025-01-31 14:40:00+00:00,1848.8
2025-01-31 14:45:00+00:00,2595.1
2025-01-31 14:50:00+00:00,2595.1
2025-01-31 14:55:00+00:00,2595.1
2025-01-31 15:00:00+00:00,1912.9
2025-01-31 15:05:00+00:00,1912.9
2025-01-31 15:10:00+00:00,1912.9
2025-01-31 15:15:00+00:00,2665.2
2025-01-31 15:20:00+00:00,2665.2
2025-01-31 15:25:00+00:00,2665.2
2025-01-31 15:30:00+00:00,1425.8
2025-01-31 15:35:00+00:00,1425.8
2025-01-31 15:40:00+00:00,1425.8
2025-01-31 15:45:00+00:00,1521.8
2025-01-31 15:50:00+00:00,1521.8
2025-01-31 15:55:00+00:00,1521.8
2025-01-31 16:00:00+00:00,2651.4
2025-01-31 16:05:00+00:00,2651.4
2025-01-31 16:10:00+00:00,2651.4
2025-01-31 16:15:00+00:00,1934.6
2025-01-31 16:20:00+00:00,1934.6
2025-01-31 16:25:00+00:00,1934.6
2025-01-31 16:30:00+00:00,1523.5
2025-01-31 16:35:00+00:00,1523.5
2025-01-31 16:40:00+00:00,1523.5
2025-01-31 16:45:00+00:00,2469.0
2025-01-31 16:50:00+00:00,2469.0
2025-01-31 16:55:00+00:00,2469.0
2025-01-31 17:00:00+00:00,2269.2
2025-01-31 17:05:00+00:00,2269.2
2025-01-31 17:10:00+00:00,2269.2
2025-01-31 17:15:00+00:00,2873.0
2025-01-31 17:20:00+00:00,2873.0
2025-01-31 17:25:00+00:00,2873.0
2025-01-31 17:30:00+00:00,2311.0
2025-01-31 17:35:00+00:00,2311.0
2025-01-31 17:40:00+00:00,2311.0
2025-01-31 17:45:00+00:00,1612.9
2025-01-31 17:50:00+00:00,1612.9
2025-01-31 17:55:00+00:00,1612.9
2025-01-31 18:00:00+00:00,1903.3
2025-01-31 18:05:00+00:00,1903.3
2025-01-31 18:10:00+00:00,1903.3
2025-01-31 18:15:00+00:00,2519.5
2025-01-31 18:20:00+00:00,2519.5
2025-01-31 18:25:00+00:00,2519.5
2025-01-31 18:30:00+00:00,1511.1
2025-01-31 18:35:00+00:00,1511.1
2025-01-31 18:40:00+00:00,1511.1
2025-01-31 18:45:00+00:00,2460.2
2025-01-31 18:50:00+00:00,2460.2
2025-01-31 18:55:00+00:00,2460.2
2025-01-31 19:00:00+00:00,1428.6
2025-01-31 19:05:00+00:00,1428.6
2025-01-31 19:10:00+00:00,1428.6
2025-01-31 19:15:00+00:00,1501.8
2025-01-31 19:20:00+00:00,1501.8
2025-01-31 19:25:00+00:00,1501.8
2025-01-31 19:30:00+00:00,1873.5
2025-01-31 19:35:00+00:00,1873.5
2025-01-31 19:40:00+00:00,1873.5
2025-01-31 19:45:00+00:00,2196.4
2025-01-31 19:50:00+00:00,2196.4
2025-01-31 19:55:00+00:00,2196.4
2025-01-31 20:00:00+00:00,1532.3
2025-01-31 20:05:00+00:00,1532.3
2025-01-31 20:10:00+00:00,1532.3
2025-01-31 20:15:00+00:00,2299.2
2025-01-31 20:20:00+00:00,2299.2
2025-01-31 20:25:00+00:00,2299.2
2025-01-31 20:30:00+00:00,1528.8
2025-01-31 20:35:00+00:00,1528.8
2025-01-31 20:40:00+00:00,1528.8
2025-01-31 20:45:00+00:00,2134.1
2025-01-31 20:50:00+00:00,2134.1
2025-01-31 20:55:00+00:00,2134.1
2025-01-31 21:00:00+00:00,1562.5
2025-01-31 21:05:00+00:00,1562.5
2025-01-31 21:10:00+00:00,1562.5
2025-01-31 21:15:00+00:00,1577.1
2025-01-31 21:20:00+00:00,1577.1
2025-01-31 21:25:00+00:00,1577.1
2025-01-31 21:30:00+00:00,2890.9
2025-01-31 21:35:00+00:00,2890.9
2025-01-31 21:40:00+00:00,2890.9
2025-01-31 21:45:00+00:00,2222.2
2025-01-31 21:50:00+00:00,2222.2
2025-01-31 21:55:00+00:00,2222.2
2025-01-31 22:00:00+00:00,1749.4
2025-01-31 22:05:00+00:00,1749.4
2025-01-31 22:10:00+00:00,1749.4
2025-01-31 22:15:00+00:00,1461.0
2025-01-31 22:20:00+00:00,1461.0
2025-01-31 22:25:00+00:00,1461.0
2025-01-31 22:30:00+00:00,1617.1
2025-01-31 22:35:00+00:00,1617.1
2025-01-31 22:40:00+00:00,1617.1
2025-01-31 22:45:00+00:00,1603.9
2025-01-31 22:50:00+00:00,1603.9
2025-01-31 22:55:00+00:00,1603.9
2025-01-31 23:00:00+00:00,2628.3
2025-01-31 23:05:00+00:00,2628.3
2025-01-31 23:10:00+00:00,2628.3
2025-01-31 23:15:00+00:00,2254.2
2025-01-31 23:20:00+00:00,2254.2
2025-01-31 23:25:00+00:00,2254.2
2025-01-31 23:30:00+00:00,2278.2
2025-01-31 23:35:00+00:00,2278.2
2025-01-31 23:40:00+00:00,2278.2
2025-01-31 23:45:00+00:00,1117.7
2025-01-31 23:50:00+00:00,1117.7
2025-01-31 23:55:00+00:00,1117.7
2025-02-01 00:00:00+00:00,3585.3
2025-02-01 00:05:00+00:00,3585.3
2025-02-01 00:10:00+00:00,3585.3
2025-02-01 00:15:00+00:00,2252.6
2025-02-01 00:20:00+00:00,2252.6
2025-02-01 00:25:00+00:00,2252.6
2025-02-01 00:30:00+00:00,2112.8
2025-02-01 00:35:00+00:00,2112.8
2025-02-01 00:40:00+00:00,2112.8
2025-02-01 00:45:00+00:00,2948.2
2025-02-01 00:50:00+00:00,2948.2
2025-02-01 00:55:00+00:00,2948.2
2025-02-01 01:00:00+00:00,3365.1
2025-02-01 01:05:00+00:00,3365.1
2025-02-01 01:10:00+00:00,3365.1
2025-02-01 01:15:00+00:00,3718.9
2025-02-01 01:20:00+00:00,3718.9
2025-02-01 01:25:00+00:00,3718.9
2025-02-01 01:30:00+00:00,2643.1
2025-02-01 01:35:00+00:00,2643.1
2025-02-01 01:40:00+00:00,2643.1
2025-02-01 01:45:00+00:00,3838.8
2025-02-01 01:50:00+00:00,3838.8
2025-02-01 01:55:00+00:00,3838.8
2025-02-01 02:00:00+00:00,5018.6
2025-02-01 02:05:00+00:00,5018.6
2025-02-01 02:10:00+00:00,5018.6
2025-02-01 02:15:00+00:00,5429.7
2025-02-01 02:20:00+00:00,5429.7
2025-02-01 02:25:00+00:00,5429.7
2025-02-01 02:30:00+00:00,3772.9
2025-02-01 02:35:00+00:00,3772.9
2025-02-01 02:40:00+00:00,3772.9
2025-02-01 02:45:00+00:00,4381.9
2025-02-01 02:50:00+00:00,4381.9
2025-02-01 02:55:00+00:00,4381.9
2025-02-01 03:00:00+00:00,2581.0
2025-02-01 03:05:00+00:00,2581.0
2025-02-01 03:10:00+00:00,2581.0
2025-02-01 03:15:00+00:00,4202.7
2025-02-01 03:20:00+00:00,4202.7
2025-02-01 03:25:00+00:00,4202.7
2025-02-01 03:30:00+00:00,4481.6
2025-02-01 03:35:00+00:00,4481.6
2025-02-01 03:40:00+00:00,4481.6
2025-02-01 03:45:00+00:00,4027.4
2025-02-01 03:50:00+00:00,4027.4
2025-02-01 03:55:00+00:00,4027.4
2025-02-01 04:00:00+00:00,2539.2
2025-02-01 04:05:00+00:00,2539.2
2025-02-01 04:10:00+00:00,2539.2
2025-02-01 04:15:00+00:00,2966.5
2025-02-01 04:20:00+00:00,2966.5
2025-02-01 04:25:00+00:00,2966.5
2025-02-01 04:30:00+00:00,2249.8
2025-02-01 04:35:00+00:00,2249.8
2025-02-01 04:40:00+00:00,2249.8
2025-02-01 04:45:00+00:00,2878.1
2025-02-01 04:50:00+00:00,2878.1
2025-02-01 04:55:00+00:00,2878.1
2025-02-01 05:00:00+00:00,1517.8
2025-02-01 05:05:00+00:00,1517.8
2025-02-01 05:10:00+00:00,1517.8
2025-02-01 05:15:00+00:00,3470.8
2025-02-01 05:20:00+00:00,3470.8
2025-02-01 05:25:00+00:00,3470.8
2025-02-01 05:30:00+00:00,1833.8
2025-02-01 05:35:00+00:00,1833.8
2025-02-01 05:40:00+00:00,1833.8
2025-02-01 05:45:00+00:00,1823.5
2025-02-01 05:50:00+00:00,1823.5
2025-02-01 05:55:00+00:00,1823.5
2025-02-01 06:00:00+00:00,1759.6
2025-02-01 06:05:00+00:00,1759.6
2025-02-01 06:10:00+00:00,1759.6
2025-02-01 06:15:00+00:00,2286.9
2025-02-01 06:20:00+00:00,2286.9
2025-02-01 06:25:00+00:00,2286.9
2025-02-01 06:30:00+00:00,3176.3
2025-02-01 06:35:00+00:00,3176.3
2025-02-01 06:40:00+00:00,3176.3
2025-02-01 06:45:00+00:00,1393.5
2025-02-01 06:50:00+00:00,1393.5
2025-02-01 06:55:00+00:00,1393.5
2025-02-01 07:00:00+00:00,1405.8
2025-02-01 07:05:00+00:00,1405.8
2025-02-01 07:10:00+00:00,1405.8
2025-02-01 07:15:00+00:00,1585.8
2025-02-01 07:20:00+00:00,1585.8
2025-02-01 07:25:00+00:00,1585.8
2025-02-01 07:30:00+00:00,3185.1
2025-02-01 07:35:00+00:00,3185.1
2025-02-01 07:40:00+00:00,3185.1
2025-02-01 07:45:00+00:00,1058.6
2025-02-01 07:50:00+00:00,1058.6
2025-02-01 07:55:00+00:00,1058.6
2025-02-01 08:00:00+00:00,1919.8
2025-02-01 08:05:00+00:00,1919.8
2025-02-01 08:10:00+00:00,1919.8
2025-02-01 08:15:00+00:00,2178.6
2025-02-01 08:20:00+00:00,2178.6
2025-02-01 08:25:00+00:00,2178.6
2025-02-01 08:30:00+00:00,1565.0
2025-02-01 08:35:00+00:00,1565.0
2025-02-01 08:40:00+00:00,1565.0
2025-02-01 08:45:00+00:00,2059.3
2025-02-01 08:50:00+00:00,2059.3
2025-02-01 08:55:00+00:00,2059.3
2025-02-01 09:00:00+00:00,1532.8
2025-02-01 09:05:00+00:00,1532.8
2025-02-01 09:10:00+00:00,1532.8
2025-02-01 09:15:00+00:00,2313.0
2025-02-01 09:20:00+00:00,2313.0
2025-02-01 09:25:00+00:00,2313.0
2025-02-01 09:30:00+00:00,2352.7
2025-02-01 09:35:00+00:00,2352.7
2025-02-01 09:40:00+00:00,2352.7
2025-02-01 09:45:00+00:00,2286.1
2025-02-01 09:50:00+00:00,2286.1
2025-02-01 09:55:00+00:00,2286.1
2025-02-01 10:00:00+00:00,1492.1
2025-02-01 10:05:00+00:00,1492.1
2025-02-01 10:10:00+00:00,1492.1
2025-02-01 10:15:00+00:00,3053.4
2025-02-01 10:20:00+00:00,3053.4
2025-02-01 10:25:00+00:00,3053.4
2025-02-01 10:30:00+00:00,2921.2
2025-02-01 10:35:00+00:00,2921.2
2025-02-01 10:40:00+00:00,2921.2
2025-02-01 10:45:00+00:00,1513.5
2025-02-01 10:50:00+00:00,1513.5
2025-02-01 10:55:00+00:00,1513.5
2025-02-01 11:00:00+00:00,1485.9
2025-02-01 11:05:00+00:00,1485.9
2025-02-01 11:10:00+00:00,1485.9
2025-02-01 11:15:00+00:00,2334.3
2025-02-01 11:20:00+00:00,2334.3
2025-02-01 11:25:00+00:00,2334.3
2025-02-01 11:30:00+00:00,2096.0
2025-02-01 11:35:00+00:00,2096.0
2025-02-01 11:40:00+00:00,2096.0
2025-02-01 11:45:00+00:00,2424.6
2025-02-01 11:50:00+00:00,2424.6
2025-02-01 11:55:00+00:00,2424.6
2025-02-01 12:00:00+00:00,2199.4
2025-02-01 12:05:00+00:00,2199.4
2025-02-01 12:10:00+00:00,2199.4
2025-02-01 12:15:00+00:00,1717.6
2025-02-01 12:20:00+00:00,1717.6
2025-02-01 12:25:00+00:00,1717.6
2025-02-01 12:30:00+00:00,1085.9
2025-02-01 12:35:00+00:00,1085.9
2025-02-01 12:40:00+00:00,1085.9
2025-02-01 12:45:00+00:00,1189.1
2025-02-01 12:50:00+00:00,1189.1
2025-02-01 12:55:00+00:00,1189.1
2025-02-01 13:00:00+00:00,3117.7
2025-02-01 13:05:00+00:00,3117.7
2025-02-01 13:10:00+00:00,3117.7
2025-02-01 13:15:00+00:00,2176.0
2025-02-01 13:20:00+00:00,2176.0
2025-02-01 13:25:00+00:00,2176.0
2025-02-01 13:30:00+00:00,1844.5
2025-02-01 13:35:00+00:00,1844.5
2025-02-01 13:40:00+00:00,1844.5
2025-02-01 13:45:00+00:00,1525.6
2025-02-01 13:50:00+00:00,1525.6
2025-02-01 13:55:00+00:00,1525.6
2025-02-01 14:00:00+00:00,2648.5
2025-02-01 14:05:00+00:00,2648.5
2025-02-01 14:10:00+00:00,2648.5
2025-02-01 14:15:00+00:00,1876.3
2025-02-01 14:20:00+00:00,1876.3
2025-02-01 14:25:00+00:00,1876.3
2025-02-01 14:30:00+00:00,1744.5
2025-02-01 14:35:00+00:00,1744.5
2025-02-01 14:40:00+00:00,1744.5
2025-02-01 14:45:00+00:00,1879.6
2025-02-01 14:50:00+00:00,1879.6
2025-02-01 14:55:00+00:00,1879.6
2025-02-01 15:00:00+00:00,1212.2
2025-02-01 15:05:00+00:00,1212.2
2025-02-01 15:10:00+00:00,1212.2
2025-02-01 15:15:00+00:00,2961.1
2025-02-01 15:20:00+00:00,2961.1
2025-02-01 15:25:00+00:00,2961.1
2025-02-01 15:30:00+00:00,1125.7
2025-02-01 15:35:00+00:00,1125.7
2025-02-01 15:40:00+00:00,1125.7
2025-02-01 15:45:00+00:00,2493.2
2025-02-01 15:50:00+00:00,2493.2
2025-02-01 15:55:00+00:00,2493.2
2025-02-01 16:00:00+00:00,1750.2
2025-02-01 16:05:00+00:00,1750.2
2025-02-01 16:10:00+00:00,1750.2
2025-02-01 16:15:00+00:00,1477.8
2025-02-01 16:20:00+00:00,1477.8
2025-02-01 16:25:00+00:00,1477.8
2025-02-01 16:30:00+00:00,1561.7
2025-02-01 16:35:00+00:00,1561.7
2025-02-01 16:40:00+00:00,1561.7
2025-02-01 16:45:00+00:00,1955.4
2025-02-01 16:50:00+00:00,1955.4
2025-02-01 16:55:00+00:00,1955.4
2025-02-01 17:00:00+00:00,2846.8
2025-02-01 17:05:00+00:00,2846.8
2025-02-01 17:10:00+00:00,2846.8
2025-02-01 17:15:00+00:00,1919.8
2025-02-01 17:20:00+00:00,1919.8
2025-02-01 17:25:00+00:00,1919.8
2025-02-01 17:30:00+00:00,1841.3
2025-02-01 17:35:00+00:00,1841.3
2025-02-01 17:40:00+00:00,1841.3
2025-02-01 17:45:00+00:00,2886.7
2025-02-01 17:50:00+00:00,2886.7
2025-02-01 17:55:00+00:00,2886.7
2025-02-01 18:00:00+00:00,1724.7
2025-02-01 18:05:00+00:00,1724.7
2025-02-01 18:10:00+00:00,1724.7
2025-02-01 18:15:00+00:00,1763.5
2025-02-01 18:20:00+00:00,1763.5
2025-02-01 18:25:00+00:00,1763.5
2025-02-01 18:30:00+00:00,1777.8
2025-02-01 18:35:00+00:00,1777.8
2025-02-01 18:40:00+00:00,1777.8
2025-02-01 18:45:00+00:00,1457.7
2025-02-01 18:50:00+00:00,1457.7
2025-02-01 18:55:00+00:00,1457.7
2025-02-01 19:00:00+00:00,2567.5
2025-02-01 19:05:00+00:00,2567.5
2025-02-01 19:10:00+00:00,2567.5
2025-02-01 19:15:00+00:00,1792.8
2025-02-01 19:20:00+00:00,1792.8
2025-02-01 19:25:00+00:00,1792.8
2025-02-01 19:30:00+00:00,1807.5
2025-02-01 19:35:00+00:00,1807.5
2025-02-01 19:40:00+00:00,1807.5
2025-02-01 19:45:00+00:00,1064.5
2025-02-01 19:50:00+00:00,1064.5
2025-02-01 19:55:00+00:00,1064.5
2025-02-01 20:00:00+00:00,2186.7
2025-02-01 20:05:00+00:00,2186.7
2025-02-01 20:10:00+00:00,2186.7
2025-02-01 20:15:00+00:00,2632.3
2025-02-01 20:20:00+00:00,2632.3
2025-02-01 20:25:00+00:00,2632.3
2025-02-01 20:30:00+00:00,1545.7
2025-02-01 20:35:00+00:00,1545.7
2025-02-01 20:40:00+00:00,1545.7
2025-02-01 20:45:00+00:00,1529.3
2025-02-01 20:50:00+00:00,1529.3
2025-02-01 20:55:00+00:00,1529.3
2025-02-01 21:00:00+00:00,1932.2
2025-02-01 21:05:00+00:00,1932.2
2025-02-01 21:10:00+00:00,1932.2
2025-02-01 21:15:00+00:00,2299.5
2025-02-01 21:20:00+00:00,2299.5
2025-02-01 21:25:00+00:00,2299.5
2025-02-01 21:30:00+00:00,1579.6
2025-02-01 21:35:00+00:00,1579.6
2025-02-01 21:40:00+00:00,1579.6
2025-02-01 21:45:00+00:00,2195.0
2025-02-01 21:50:00+00:00,2195.0
2025-02-01 21:55:00+00:00,2195.0
2025-02-01 22:00:00+00:00,2705.1
2025-02-01 22:05:00+00:00,2705.1
2025-02-01 22:10:00+00:00,2705.1
2025-02-01 22:15:00+00:00,1513.6
2025-02-01 22:20:00+00:00,1513.6
2025-02-01 22:25:00+00:00,1513.6
2025-02-01 22:30:00+00:00,1850.0
2025-02-01 22:35:00+00:00,1850.0
2025-02-01 22:40:00+00:00,1850.0
2025-02-01 22:45:00+00:00,1832.6
2025-02-01 22:50:00+00:00,1832.6
2025-02-01 22:55:00+00:00,1832.6
2025-02-01 23:00:00+00:00,1639.6
2025-02-01 23:05:00+00:00,1639.6
2025-02-01 23:10:00+00:00,1639.6
2025-02-01 23:15:00+00:00,2996.2
2025-02-01 23:20:00+00:00,2996.2
2025-02-01 23:25:00+00:00,2996.2
2025-02-01 23:30:00+00:00,1880.6
2025-02-01 23:35:00+00:00,1880.6
2025-02-01 23:40:00+00:00,1880.6
2025-02-01 23:45:00+00:00,2276.9
2025-02-01 23:50:00+00:00,2276.9
2025-02-01 23:55:00+00:00,2276.9
2025-02-02 00:00:00+00:00,2937.8
2025-02-02 00:05:00+00:00,2937.8
2025-02-02 00:10:00+00:00,2937.8
2025-02-02 00:15:00+00:00,2187.7
2025-02-02 00:20:00+00:00,2187.7
2025-02-02 00:25:00+00:00,2187.7
2025-02-02 00:30:00+00:00,2234.3
2025-02-02 00:35:00+00:00,2234.3
2025-02-02 00:40:00+00:00,2234.3
2025-02-02 00:45:00+00:00,1842.6
2025-02-02 00:50:00+00:00,1842.6
2025-02-02 00:55:00+00:00,1842.6
2025-02-02 01:00:00+00:00,3185.3
2025-02-02 01:05:00+00:00,3185.3
2025-02-02 01:10:00+00:00,3185.3
2025-02-02 01:15:00+00:00,5811.4
2025-02-02 01:20:00+00:00,5811.4
2025-02-02 01:25:00+00:00,5811.4
2025-02-02 01:30:00+00:00,2562.9
2025-02-02 01:35:00+00:00,2562.9
2025-02-02 01:40:00+00:00,2562.9
2025-02-02 01:45:00+00:00,2257.0
2025-02-02 01:50:00+00:00,2257.0
2025-02-02 01:55:00+00:00,2257.0
2025-02-02 02:00:00+00:00,5202.9
2025-02-02 02:05:00+00:00,5202.9
2025-02-02 02:10:00+00:00,5202.9
2025-02-02 02:15:00+00:00,3646.2
2025-02-02 02:20:00+00:00,3646.2
2025-02-02 02:25:00+00:00,3646.2
2025-02-02 02:30:00+00:00,3125.6
2025-02-02 02:35:00+00:00,3125.6
2025-02-02 02:40:00+00:00,3125.6
2025-02-02 02:45:00+00:00,3819.6
2025-02-02 02:50:00+00:00,3819.6
2025-02-02 02:55:00+00:00,3819.6
2025-02-02 03:00:00+00:00,4792.0
2025-02-02 03:05:00+00:00,4792.0
2025-02-02 03:10:00+00:00,4792.0
2025-02-02 03:15:00+00:00,3809.0
2025-02-02 03:20:00+00:00,3809.0
2025-02-02 03:25:00+00:00,3809.0
2025-02-02 03:30:00+00:00,3345.4
2025-02-02 03:35:00+00:00,3345.4
2025-02-02 03:40:00+00:00,3345.4
2025-02-02 03:45:00+00:00,3990.5
2025-02-02 03:50:00+00:00,3990.5
2025-02-02 03:55:00+00:00,3990.5
2025-02-02 04:00:00+00:00,2375.8
2025-02-02 04:05:00+00:00,2375.8
2025-02-02 04:10:00+00:00,2375.8
2025-02-02 04:15:00+00:00,3196.8
2025-02-02 04:20:00+00:00,3196.8
2025-02-02 04:25:00+00:00,3196.8
2025-02-02 04:30:00+00:00,1469.5
2025-02-02 04:35:00+00:00,1469.5
2025-02-02 04:40:00+00:00,1469.5
2025-02-02 04:45:00+00:00,2663.9
2025-02-02 04:50:00+00:00,2663.9
2025-02-02 04:55:00+00:00,2663.9
2025-02-02 05:00:00+00:00,2186.5
2025-02-02 05:05:00+00:00,2186.5
2025-02-02 05:10:00+00:00,2186.5
2025-02-02 05:15:00+00:00,1512.7
2025-02-02 05:20:00+00:00,1512.7
2025-02-02 05:25:00+00:00,1512.7
2025-02-02 05:30:00+00:00,1513.6
2025-02-02 05:35:00+00:00,1513.6
2025-02-02 05:40:00+00:00,1513.6
2025-02-02 05:45:00+00:00,2440.8
2025-02-02 05:50:00+00:00,2440.8
2025-02-02 05:55:00+00:00,2440.8
2025-02-02 06:00:00+00:00,1457.7
2025-02-02 06:05:00+00:00,1457.7
2025-02-02 06:10:00+00:00,1457.7
2025-02-02 06:15:00+00:00,2277.6
2025-02-02 06:20:00+00:00,2277.6
2025-02-02 06:25:00+00:00,2277.6
2025-02-02 06:30:00+00:00,1511.1
2025-02-02 06:35:00+00:00,1511.1
2025-02-02 06:40:00+00:00,1511.1
2025-02-02 06:45:00+00:00,1881.5
2025-02-02 06:50:00+00:00,1881.5
2025-02-02 06:55:00+00:00,1881.5
2025-02-02 07:00:00+00:00,2118.3
2025-02-02 07:05:00+00:00,2118.3
2025-02-02 07:10:00+00:00,2118.3
2025-02-02 07:15:00+00:00,2955.2
2025-02-02 07:20:00+00:00,2955.2
2025-02-02 07:25:00+00:00,2955.2
2025-02-02 07:30:00+00:00,1846.4
2025-02-02 07:35:00+00:00,1846.4
2025-02-02 07:40:00+00:00,1846.4
2025-02-02 07:45:00+00:00,1464.4
2025-02-02 07:50:00+00:00,1464.4
2025-02-02 07:55:00+00:00,1464.4
2025-02-02 08:00:00+00:00,1520.4
2025-02-02 08:05:00+00:00,1520.4
2025-02-02 08:10:00+00:00,1520.4
2025-02-02 08:15:00+00:00,2186.4
2025-02-02 08:20:00+00:00,2186.4
2025-02-02 08:25:00+00:00,2186.4
2025-02-02 08:30:00+00:00,2214.2
2025-02-02 08:35:00+00:00,2214.2
2025-02-02 08:40:00+00:00,2214.2
2025-02-02 08:45:00+00:00,2213.7
2025-02-02 08:50:00+00:00,2213.7
2025-02-02 08:55:00+00:00,2213.7
2025-02-02 09:00:00+00:00,2563.6
2025-02-02 09:05:00+00:00,2563.6
2025-02-02 09:10:00+00:00,2563.6
2025-02-02 09:15:00+00:00,2301.7
2025-02-02 09:20:00+00:00,2301.7
2025-02-02 09:25:00+00:00,2301.7
2025-02-02 09:30:00+00:00,1846.8
2025-02-02 09:35:00+00:00,1846.8
2025-02-02 09:40:00+00:00,1846.8
2025-02-02 09:45:00+00:00,1912.3
2025-02-02 09:50:00+00:00,1912.3
2025-02-02 09:55:00+00:00,1912.3
2025-02-02 10:00:00+00:00,1641.0
2025-02-02 10:05:00+00:00,1641.0
2025-02-02 10:10:00+00:00,1641.0
2025-02-02 10:15:00+00:00,2556.8
2025-02-02 10:20:00+00:00,2556.8
2025-02-02 10:25:00+00:00,2556.8
2025-02-02 10:30:00+00:00,1461.0
2025-02-02 10:35:00+00:00,1461.0
2025-02-02 10:40:00+00:00,1461.0
2025-02-02 10:45:00+00:00,2620.5
2025-02-02 10:50:00+00:00,2620.5
2025-02-02 10:55:00+00:00,2620.5
2025-02-02 11:00:00+00:00,1901.0
2025-02-02 11:05:00+00:00,1901.0
2025-02-02 11:10:00+00:00,1901.0
2025-02-02 11:15:00+00:00,1486.5
2025-02-02 11:20:00+00:00,1486.5
2025-02-02 11:25:00+00:00,1486.5
2025-02-02 11:30:00+00:00,1155.8
2025-02-02 11:35:00+00:00,1155.8
2025-02-02 11:40:00+00:00,1155.8
2025-02-02 11:45:00+00:00,1572.2
2025-02-02 11:50:00+00:00,1572.2
2025-02-02 11:55:00+00:00,1572.2
2025-02-02 12:00:00+00:00,3193.9
2025-02-02 12:05:00+00:00,3193.9
2025-02-02 12:10:00+00:00,3193.9
2025-02-02 12:15:00+00:00,2199.5
2025-02-02 12:20:00+00:00,2199.5
2025-02-02 12:25:00+00:00,2199.5
2025-02-02 12:30:00+00:00,1849.5
2025-02-02 12:35:00+00:00,1849.5
2025-02-02 12:40:00+00:00,1849.5
2025-02-02 12:45:00+00:00,2246.9
2025-02-02 12:50:00+00:00,2246.9
2025-02-02 12:55:00+00:00,2246.9
2025-02-02 13:00:00+00:00,1724.7
2025-02-02 13:05:00+00:00,1724.7
2025-02-02 13:10:00+00:00,1724.7
2025-02-02 13:15:00+00:00,1877.0
2025-02-02 13:20:00+00:00,1877.0
2025-02-02 13:25:00+00:00,1877.0
2025-02-02 13:30:00+00:00,1785.6
2025-02-02 13:35:00+00:00,1785.6
2025-02-02 13:40:00+00:00,1785.6
2025-02-02 13:45:00+00:00,1882.5
2025-02-02 13:50:00+00:00,1882.5
2025-02-02 13:55:00+00:00,1882.5
2025-02-02 14:00:00+00:00,2589.9
2025-02-02 14:05:00+00:00,2589.9
2025-02-02 14:10:00+00:00,2589.9
2025-02-02 14:15:00+00:00,1471.3
2025-02-02 14:20:00+00:00,1471.3
2025-02-02 14:25:00+00:00,1471.3
2025-02-02 14:30:00+00:00,1832.7
2025-02-02 14:35:00+00:00,1832.7
2025-02-02 14:40:00+00:00,1832.7
2025-02-02 14:45:00+00:00,1169.4
2025-02-02 14:50:00+00:00,1169.4
2025-02-02 14:55:00+00:00,1169.4
2025-02-02 15:00:00+00:00,2636.0
2025-02-02 15:05:00+00:00,2636.0
2025-02-02 15:10:00+00:00,2636.0
2025-02-02 15:15:00+00:00,2372.5
2025-02-02 15:20:00+00:00,2372.5
2025-02-02 15:25:00+00:00,2372.5
2025-02-02 15:30:00+00:00,2063.0
2025-02-02 15:35:00+00:00,2063.0
2025-02-02 15:40:00+00:00,2063.0
2025-02-02 15:45:00+00:00,2138.0
2025-02-02 15:50:00+00:00,2138.0
2025-02-02 15:55:00+00:00,2138.0
2025-02-02 16:00:00+00:00,1833.2
2025-02-02 16:05:00+00:00,1833.2
2025-02-02 16:10:00+00:00,1833.2
2025-02-02 16:15:00+00:00,1860.3
2025-02-02 16:20:00+00:00,1860.3
2025-02-02 16:25:00+00:00,1860.3
2025-02-02 16:30:00+00:00,2722.5
2025-02-02 16:35:00+00:00,2722.5
2025-02-02 16:40:00+00:00,2722.5
2025-02-02 16:45:00+00:00,2649.6
2025-02-02 16:50:00+00:00,2649.6
2025-02-02 16:55:00+00:00,2649.6
2025-02-02 17:00:00+00:00,3211.9
2025-02-02 17:05:00+00:00,3211.9
2025-02-02 17:10:00+00:00,3211.9
2025-02-02 17:15:00+00:00,2210.4
2025-02-02 17:20:00+00:00,2210.4
2025-02-02 17:25:00+00:00,2210.4
2025-02-02 17:30:00+00:00,1517.9
2025-02-02 17:35:00+00:00,1517.9
2025-02-02 17:40:00+00:00,1517.9
2025-02-02 17:45:00+00:00,1899.4
2025-02-02 17:50:00+00:00,1899.4
2025-02-02 17:55:00+00:00,1899.4
2025-02-02 18:00:00+00:00,2602.1
2025-02-02 18:05:00+00:00,2602.1
2025-02-02 18:10:00+00:00,2602.1
2025-02-02 18:15:00+00:00,2885.1
2025-02-02 18:20:00+00:00,2885.1
2025-02-02 18:25:00+00:00,2885.1
2025-02-02 18:30:00+00:00,1445.5
2025-02-02 18:35:00+00:00,1445.5
2025-02-02 18:40:00+00:00,1445.5
2025-02-02 18:45:00+00:00,2227.5
2025-02-02 18:50:00+00:00,2227.5
2025-02-02 18:55:00+00:00,2227.5
2025-02-02 19:00:00+00:00,2948.5
2025-02-02 19:05:00+00:00,2948.5
2025-02-02 19:10:00+00:00,2948.5
2025-02-02 19:15:00+00:00,2488.4
2025-02-02 19:20:00+00:00,2488.4
2025-02-02 19:25:00+00:00,2488.4
2025-02-02 19:30:00+00:00,1397.9
2025-02-02 19:35:00+00:00,1397.9
2025-02-02 19:40:00+00:00,1397.9
2025-02-02 19:45:00+00:00,2267.8
2025-02-02 19:50:00+00:00,2267.8
2025-02-02 19:55:00+00:00,2267.8
2025-02-02 20:00:00+00:00,2663.1
2025-02-02 20:05:00+00:00,2663.1
2025-02-02 20:10:00+00:00,2663.1
2025-02-02 20:15:00+00:00,1865.7
2025-02-02 20:20:00+00:00,1865.7
2025-02-02 20:25:00+00:00,1865.7
2025-02-02 20:30:00+00:00,1911.3
2025-02-02 20:35:00+00:00,1911.3
2025-02-02 20:40:00+00:00,1911.3
2025-02-02 20:45:00+00:00,1851.6
2025-02-02 20:50:00+00:00,1851.6
2025-02-02 20:55:00+00:00,1851.6
2025-02-02 21:00:00+00:00,2897.2
2025-02-02 21:05:00+00:00,2897.2
2025-02-02 21:10:00+00:00,2897.2
2025-02-02 21:15:00+00:00,2162.9
2025-02-02 21:20:00+00:00,2162.9
2025-02-02 21:25:00+00:00,2162.9
2025-02-02 21:30:00+00:00,1517.7
2025-02-02 21:35:00+00:00,1517.7
2025-02-02 21:40:00+00:00,1517.7
2025-02-02 21:45:00+00:00,1181.6
2025-02-02 21:50:00+00:00,1181.6
2025-02-02 21:55:00+00:00,1181.6
2025-02-02 22:00:00+00:00,3741.9
2025-02-02 22:05:00+00:00,3741.9
2025-02-02 22:10:00+00:00,3741.9
2025-02-02 22:15:00+00:00,1882.4
2025-02-02 22:20:00+00:00,1882.4
2025-02-02 22:25:00+00:00,1882.4
2025-02-02 22:30:00+00:00,1888.0
2025-02-02 22:35:00+00:00,1888.0
2025-02-02 22:40:00+00:00,1888.0
2025-02-02 22:45:00+00:00,2527.9
2025-02-02 22:50:00+00:00,2527.9
2025-02-02 22:55:00+00:00,2527.9
2025-02-02 23:00:00+00:00,1424.4
2025-02-02 23:05:00+00:00,1424.4
2025-02-02 23:10:00+00:00,1424.4
2025-02-02 23:15:00+00:00,1957.6
2025-02-02 23:20:00+00:00,1957.6
2025-02-02 23:25:00+00:00,1957.6
2025-02-02 23:30:00+00:00,4236.3
2025-02-02 23:35:00+00:00,4236.3
2025-02-02 23:40:00+00:00,4236.3
2025-02-02 23:45:00+00:00,2384.1
2025-02-02 23:50:00+00:00,2384.1
2025-02-02 23:55:00+00:00,2384.1
2025-02-03 00:00:00+00:00,2207.2
2025-02-03 00:05:00+00:00,2207.2
2025-02-03 00:10:00+00:00,2207.2
2025-02-03 00:15:00+00:00,3701.9
2025-02-03 00:20:00+00:00,3701.9
2025-02-03 00:25:00+00:00,3701.9
2025-02-03 00:30:00+00:00,2229.0
2025-02-03 00:35:00+00:00,2229.0
2025-02-03 00:40:00+00:00,2229.0
2025-02-03 00:45:00+00:00,2255.6
2025-02-03 00:50:00+00:00,2255.6
2025-02-03 00:55:00+00:00,2255.6
2025-02-03 01:00:00+00:00,4893.3
2025-02-03 01:05:00+00:00,4893.3
2025-02-03 01:10:00+00:00,4893.3
2025-02-03 01:15:00+00:00,4611.8
2025-02-03 01:20:00+00:00,4611.8
2025-02-03 01:25:00+00:00,4611.8
2025-02-03 01:30:00+00:00,3814.0
2025-02-03 01:35:00+00:00,3814.0
2025-02-03 01:40:00+00:00,3814.0
2025-02-03 01:45:00+00:00,4815.1
2025-02-03 01:50:00+00:00,4815.1
2025-02-03 01:55:00+00:00,4815.1
2025-02-03 02:00:00+00:00,4873.7
2025-02-03 02:05:00+00:00,4873.7
2025-02-03 02:10:00+00:00,4873.7
2025-02-03 02:15:00+00:00,6285.0
2025-02-03 02:20:00+00:00,6285.0
2025-02-03 02:25:00+00:00,6285.0
2025-02-03 02:30:00+00:00,4893.6
2025-02-03 02:35:00+00:00,4893.6
2025-02-03 02:40:00+00:00,4893.6
2025-02-03 02:45:00+00:00,4944.1
2025-02-03 02:50:00+00:00,4944.1
2025-02-03 02:55:00+00:00,4944.1
2025-02-03 03:00:00+00:00,4721.7
2025-02-03 03:05:00+00:00,4721.7
2025-02-03 03:10:00+00:00,4721.7
2025-02-03 03:15:00+00:00,4546.3
2025-02-03 03:20:00+00:00,4546.3
2025-02-03 03:25:00+00:00,4546.3
2025-02-03 03:30:00+00:00,4203.7
2025-02-03 03:35:00+00:00,4203.7
2025-02-03 03:40:00+00:00,4203.7
2025-02-03 03:45:00+00:00,5366.8
2025-02-03 03:50:00+00:00,5366.8
2025-02-03 03:55:00+00:00,5366.8
2025-02-03 04:00:00+00:00,3795.0
2025-02-03 04:05:00+00:00,3795.0
2025-02-03 04:10:00+00:00,3795.0
2025-02-03 04:15:00+00:00,2670.9
2025-02-03 04:20:00+00:00,2670.9
2025-02-03 04:25:00+00:00,2670.9
2025-02-03 04:30:00+00:00,3758.3
2025-02-03 04:35:00+00:00,3758.3
2025-02-03 04:40:00+00:00,3758.3
2025-02-03 04:45:00+00:00,4314.2
2025-02-03 04:50:00+00:00,4314.2
2025-02-03 04:55:00+00:00,4314.2
2025-02-03 05:00:00+00:00,1420.3
2025-02-03 05:05:00+00:00,1420.3
2025-02-03 05:10:00+00:00,1420.3
2025-02-03 05:15:00+00:00,2698.5
2025-02-03 05:20:00+00:00,2698.5
2025-02-03 05:25:00+00:00,2698.5
2025-02-03 05:30:00+00:00,1962.4
2025-02-03 05:35:00+00:00,1962.4
2025-02-03 05:40:00+00:00,1962.4
2025-02-03 05:45:00+00:00,2595.4
2025-02-03 05:50:00+00:00,2595.4
2025-02-03 05:55:00+00:00,2595.4
2025-02-03 06:00:00+00:00,3560.6
2025-02-03 06:05:00+00:00,3560.6
2025-02-03 06:10:00+00:00,3560.6
2025-02-03 06:15:00+00:00,1423.1
2025-02-03 06:20:00+00:00,1423.1
2025-02-03 06:25:00+00:00,1423.1
2025-02-03 06:30:00+00:00,2359.2
2025-02-03 06:35:00+00:00,2359.2
2025-02-03 06:40:00+00:00,2359.2
2025-02-03 06:45:00+00:00,3466.4
2025-02-03 06:50:00+00:00,3466.4
2025-02-03 06:55:00+00:00,3466.4
2025-02-03 07:00:00+00:00,2205.6
2025-02-03 07:05:00+00:00,2205.6
2025-02-03 07:10:00+00:00,2205.6
2025-02-03 07:15:00+00:00,1810.2
2025-02-03 07:20:00+00:00,1810.2
2025-02-03 07:25:00+00:00,1810.2
2025-02-03 07:30:00+00:00,2579.3
2025-02-03 07:35:00+00:00,2579.3
2025-02-03 07:40:00+00:00,2579.3
2025-02-03 07:45:00+00:00,2950.4
2025-02-03 07:50:00+00:00,2950.4
2025-02-03 07:55:00+00:00,2950.4
2025-02-03 08:00:00+00:00,1849.1
2025-02-03 08:05:00+00:00,1849.1
2025-02-03 08:10:00+00:00,1849.1
2025-02-03 08:15:00+00:00,2140.7
2025-02-03 08:20:00+00:00,2140.7
2025-02-03 08:25:00+00:00,2140.7
2025-02-03 08:30:00+00:00,2337.9
2025-02-03 08:35:00+00:00,2337.9
2025-02-03 08:40:00+00:00,2337.9
2025-02-03 08:45:00+00:00,3006.9
2025-02-03 08:50:00+00:00,3006.9
2025-02-03 08:55:00+00:00,3006.9
2025-02-03 09:00:00+00:00,1950.2
2025-02-03 09:05:00+00:00,1950.2
2025-02-03 09:10:00+00:00,1950.2
2025-02-03 09:15:00+00:00,3447.7
2025-02-03 09:20:00+00:00,3447.7
2025-02-03 09:25:00+00:00,3447.7
2025-02-03 09:30:00+00:00,1067.3
2025-02-03 09:35:00+00:00,1067.3
2025-02-03 09:40:00+00:00,1067.3
2025-02-03 09:45:00+00:00,2964.9
2025-02-03 09:50:00+00:00,2964.9
2025-02-03 09:55:00+00:00,2964.9
2025-02-03 10:00:00+00:00,1791.9
2025-02-03 10:05:00+00:00,1791.9
2025-02-03 10:10:00+00:00,1791.9
2025-02-03 10:15:00+00:00,2707.7
2025-02-03 10:20:00+00:00,2707.7
2025-02-03 10:25:00+00:00,2707.7
2025-02-03 10:30:00+00:00,1481.7
2025-02-03 10:35:00+00:00,1481.7
2025-02-03 10:40:00+00:00,1481.7
2025-02-03 10:45:00+00:00,1867.3
2025-02-03 10:50:00+00:00,1867.3
2025-02-03 10:55:00+00:00,1867.3
2025-02-03 11:00:00+00:00,2555.1
2025-02-03 11:05:00+00:00,2555.1
2025-02-03 11:10:00+00:00,2555.1
2025-02-03 11:15:00+00:00,1858.9
2025-02-03 11:20:00+00:00,1858.9
2025-02-03 11:25:00+00:00,1858.9
2025-02-03 11:30:00+00:00,2545.3
2025-02-03 11:35:00+00:00,2545.3
2025-02-03 11:40:00+00:00,2545.3
2025-02-03 11:45:00+00:00,2366.1
2025-02-03 11:50:00+00:00,2366.1
2025-02-03 11:55:00+00:00,2366.1
2025-02-03 12:00:00+00:00,2655.1
2025-02-03 12:05:00+00:00,2655.1
2025-02-03 12:10:00+00:00,2655.1
2025-02-03 12:15:00+00:00,2084.8
2025-02-03 12:20:00+00:00,2084.8
2025-02-03 12:25:00+00:00,2084.8
2025-02-03 12:30:00+00:00,4212.3
2025-02-03 12:35:00+00:00,4212.3
2025-02-03 12:40:00+00:00,4212.3
2025-02-03 12:45:00+00:00,2076.2
2025-02-03 12:50:00+00:00,2076.2
2025-02-03 12:55:00+00:00,2076.2
2025-02-03 13:00:00+00:00,1455.7
2025-02-03 13:05:00+00:00,1455.7
2025-02-03 13:10:00+00:00,1455.7
2025-02-03 13:15:00+00:00,1914.9
2025-02-03 13:20:00+00:00,1914.9
2025-02-03 13:25:00+00:00,1914.9
2025-02-03 13:30:00+00:00,3236.6
2025-02-03 13:35:00+00:00,3236.6
2025-02-03 13:40:00+00:00,3236.6
2025-02-03 13:45:00+00:00,1840.1
2025-02-03 13:50:00+00:00,1840.1
2025-02-03 13:55:00+00:00,1840.1
2025-02-03 14:00:00+00:00,1697.5
2025-02-03 14:05:00+00:00,1697.5
2025-02-03 14:10:00+00:00,1697.5
2025-02-03 14:15:00+00:00,2556.8
2025-02-03 14:20:00+00:00,2556.8
2025-02-03 14:25:00+00:00,2556.8
2025-02-03 14:30:00+00:00,2281.2
2025-02-03 14:35:00+00:00,2281.2
2025-02-03 14:40:00+00:00,2281.2
2025-02-03 14:45:00+00:00,1515.6
2025-02-03 14:50:00+00:00,1515.6
2025-02-03 14:55:00+00:00,1515.6
2025-02-03 15:00:00+00:00,1918.3
2025-02-03 15:05:00+00:00,1918.3
2025-02-03 15:10:00+00:00,1918.3
2025-02-03 15:15:00+00:00,3401.0
2025-02-03 15:20:00+00:00,3401.0
2025-02-03 15:25:00+00:00,3401.0
2025-02-03 15:30:00+00:00,2221.8
2025-02-03 15:35:00+00:00,2221.8
2025-02-03 15:40:00+00:00,2221.8
2025-02-03 15:45:00+00:00,1161.9
2025-02-03 15:50:00+00:00,1161.9
2025-02-03 15:55:00+00:00,1161.9
2025-02-03 16:00:00+00:00,4382.3
2025-02-03 16:05:00+00:00,4382.3
2025-02-03 16:10:00+00:00,4382.3
2025-02-03 16:15:00+00:00,1497.3
2025-02-03 16:20:00+00:00,1497.3
2025-02-03 16:25:00+00:00,1497.3
2025-02-03 16:30:00+00:00,2662.0
2025-02-03 16:35:00+00:00,2662.0
2025-02-03 16:40:00+00:00,2662.0
2025-02-03 16:45:00+00:00,2174.1
2025-02-03 16:50:00+00:00,2174.1
2025-02-03 16:55:00+00:00,2174.1
2025-02-03 17:00:00+00:00,2380.1
2025-02-03 17:05:00+00:00,2380.1
2025-02-03 17:10:00+00:00,2380.1
2025-02-03 17:15:00+00:00,1158.4
2025-02-03 17:20:00+00:00,1158.4
2025-02-03 17:25:00+00:00,1158.4
2025-02-03 17:30:00+00:00,3383.1
2025-02-03 17:35:00+00:00,3383.1
2025-02-03 17:40:00+00:00,3383.1
2025-02-03 17:45:00+00:00,1863.7
2025-02-03 17:50:00+00:00,1863.7
2025-02-03 17:55:00+00:00,1863.7
2025-02-03 18:00:00+00:00,2220.5
2025-02-03 18:05:00+00:00,2220.5
2025-02-03 18:10:00+00:00,2220.5
2025-02-03 18:15:00+00:00,2846.3
2025-02-03 18:20:00+00:00,2846.3
2025-02-03 18:25:00+00:00,2846.3
2025-02-03 18:30:00+00:00,2894.7
2025-02-03 18:35:00+00:00,2894.7
2025-02-03 18:40:00+00:00,2894.7
2025-02-03 18:45:00+00:00,1861.8
2025-02-03 18:50:00+00:00,1861.8
2025-02-03 18:55:00+00:00,1861.8
2025-02-03 19:00:00+00:00,2266.9
2025-02-03 19:05:00+00:00,2266.9
2025-02-03 19:10:00+00:00,2266.9
2025-02-03 19:15:00+00:00,3186.5
2025-02-03 19:20:00+00:00,3186.5
2025-02-03 19:25:00+00:00,3186.5
2025-02-03 19:30:00+00:00,1718.5
2025-02-03 19:35:00+00:00,1718.5
2025-02-03 19:40:00+00:00,1718.5
2025-02-03 19:45:00+00:00,3305.8
2025-02-03 19:50:00+00:00,3305.8
2025-02-03 19:55:00+00:00,3305.8
2025-02-03 20:00:00+00:00,1540.1
2025-02-03 20:05:00+00:00,1540.1
2025-02-03 20:10:00+00:00,1540.1
2025-02-03 20:15:00+00:00,2281.1
2025-02-03 20:20:00+00:00,2281.1
2025-02-03 20:25:00+00:00,2281.1
2025-02-03 20:30:00+00:00,2662.5
2025-02-03 20:35:00+00:00,2662.5
2025-02-03 20:40:00+00:00,2662.5
2025-02-03 20:45:00+00:00,2573.7
2025-02-03 20:50:00+00:00,2573.7
2025-02-03 20:55:00+00:00,2573.7
2025-02-03 21:00:00+00:00,1467.0
2025-02-03 21:05:00+00:00,1467.0
2025-02-03 21:10:00+00:00,1467.0
2025-02-03 21:15:00+00:00,2893.6
2025-02-03 21:20:00+00:00,2893.6
2025-02-03 21:25:00+00:00,2893.6
2025-02-03 21:30:00+00:00,1482.5
2025-02-03 21:35:00+00:00,1482.5
2025-02-03 21:40:00+00:00,1482.5
2025-02-03 21:45:00+00:00,3226.6
2025-02-03 21:50:00+00:00,3226.6
2025-02-03 21:55:00+00:00,3226.6
2025-02-03 22:00:00+00:00,2072.0
2025-02-03 22:05:00+00:00,2072.0
2025-02-03 22:10:00+00:00,2072.0
2025-02-03 22:15:00+00:00,1814.8
2025-02-03 22:20:00+00:00,1814.8
2025-02-03 22:25:00+00:00,1814.8
2025-02-03 22:30:00+00:00,1908.8
2025-02-03 22:35:00+00:00,1908.8
2025-02-03 22:40:00+00:00,1908.8
2025-02-03 22:45:00+00:00,2370.4
2025-02-03 22:50:00+00:00,2370.4
2025-02-03 22:55:00+00:00,2370.4
2025-02-03 23:00:00+00:00,2512.3
2025-02-03 23:05:00+00:00,2512.3
2025-02-03 23:10:00+00:00,2512.3
2025-02-03 23:15:00+00:00,2167.2
2025-02-03 23:20:00+00:00,2167.2
2025-02-03 23:25:00+00:00,2167.2
2025-02-03 23:30:00+00:00,3784.2
2025-02-03 23:35:00+00:00,3784.2
2025-02-03 23:40:00+00:00,3784.2
2025-02-03 23:45:00+00:00,1078.6
2025-02-03 23:50:00+00:00,1078.6
2025-02-03 23:55:00+00:00,1078.6
2025-02-04 00:00:00+00:00,3731.7
2025-02-04 00:05:00+00:00,3731.7
2025-02-04 00:10:00+00:00,3731.7
2025-02-04 00:15:00+00:00,2271.6
2025-02-04 00:20:00+00:00,2271.6
2025-02-04 00:25:00+00:00,2271.6
2025-02-04 00:30:00+00:00,2456.6
2025-02-04 00:35:00+00:00,2456.6
2025-02-04 00:40:00+00:00,2456.6
2025-02-04 00:45:00+00:00,3016.2
2025-02-04 00:50:00+00:00,3016.2
2025-02-04 00:55:00+00:00,3016.2
2025-02-04 01:00:00+00:00,4601.1
2025-02-04 01:05:00+00:00,4601.1
2025-02-04 01:10:00+00:00,4601.1
2025-02-04 01:15:00+00:00,3805.9
2025-02-04 01:20:00+00:00,3805.9
2025-02-04 01:25:00+00:00,3805.9
2025-02-04 01:30:00+00:00,4759.3
2025-02-04 01:35:00+00:00,4759.3
2025-02-04 01:40:00+00:00,4759.3
2025-02-04 01:45:00+00:00,5165.8
2025-02-04 01:50:00+00:00,5165.8
2025-02-04 01:55:00+00:00,5165.8
2025-02-04 02:00:00+00:00,4731.8
2025-02-04 02:05:00+00:00,4731.8
2025-02-04 02:10:00+00:00,4731.8
2025-02-04 02:15:00+00:00,5200.5
2025-02-04 02:20:00+00:00,5200.5
2025-02-04 02:25:00+00:00,5200.5
2025-02-04 02:30:00+00:00,5625.8
2025-02-04 02:35:00+00:00,5625.8
2025-02-04 02:40:00+00:00,5625.8
2025-02-04 02:45:00+00:00,4195.6
2025-02-04 02:50:00+00:00,4195.6
2025-02-04 02:55:00+00:00,4195.6
2025-02-04 03:00:00+00:00,5603.3
2025-02-04 03:05:00+00:00,5603.3
2025-02-04 03:10:00+00:00,5603.3
2025-02-04 03:15:00+00:00,5175.0
2025-02-04 03:20:00+00:00,5175.0
2025-02-04 03:25:00+00:00,5175.0
2025-02-04 03:30:00+00:00,4334.4
2025-02-04 03:35:00+00:00,4334.4
2025-02-04 03:40:00+00:00,4334.4
2025-02-04 03:45:00+00:00,3389.8
2025-02-04 03:50:00+00:00,3389.8
2025-02-04 03:55:00+00:00,3389.8
2025-02-04 04:00:00+00:00,4846.4
2025-02-04 04:05:00+00:00,4846.4
2025-02-04 04:10:00+00:00,4846.4
2025-02-04 04:15:00+00:00,1870.6
2025-02-04 04:20:00+00:00,1870.6
2025-02-04 04:25:00+00:00,1870.6
2025-02-04 04:30:00+00:00,2248.1
2025-02-04 04:35:00+00:00,2248.1
2025-02-04 04:40:00+00:00,2248.1
2025-02-04 04:45:00+00:00,3705.8
2025-02-04 04:50:00+00:00,3705.8
2025-02-04 04:55:00+00:00,3705.8
2025-02-04 05:00:00+00:00,1782.5
2025-02-04 05:05:00+00:00,1782.5
2025-02-04 05:10:00+00:00,1782.5
2025-02-04 05:15:00+00:00,1405.0
2025-02-04 05:20:00+00:00,1405.0
2025-02-04 05:25:00+00:00,1405.0
2025-02-04 05:30:00+00:00,2595.8
2025-02-04 05:35:00+00:00,2595.8
2025-02-04 05:40:00+00:00,2595.8
2025-02-04 05:45:00+00:00,1893.1
2025-02-04 05:50:00+00:00,1893.1
2025-02-04 05:55:00+00:00,1893.1
2025-02-04 06:00:00+00:00,2327.5
2025-02-04 06:05:00+00:00,2327.5
2025-02-04 06:10:00+00:00,2327.5
2025-02-04 06:15:00+00:00,2651.1
2025-02-04 06:20:00+00:00,2651.1
2025-02-04 06:25:00+00:00,2651.1
2025-02-04 06:30:00+00:00,1175.5
2025-02-04 06:35:00+00:00,1175.5
2025-02-04 06:40:00+00:00,1175.5
2025-02-04 06:45:00+00:00,1208.4
2025-02-04 06:50:00+00:00,1208.4
2025-02-04 06:55:00+00:00,1208.4
2025-02-04 07:00:00+00:00,4380.8
2025-02-04 07:05:00+00:00,4380.8
2025-02-04 07:10:00+00:00,4380.8
2025-02-04 07:15:00+00:00,2164.2
2025-02-04 07:20:00+00:00,2164.2
2025-02-04 07:25:00+00:00,2164.2
2025-02-04 07:30:00+00:00,2269.4
2025-02-04 07:35:00+00:00,2269.4
2025-02-04 07:40:00+00:00,2269.4
2025-02-04 07:45:00+00:00,1955.3
2025-02-04 07:50:00+00:00,1955.3
2025-02-04 07:55:00+00:00,1955.3
2025-02-04 08:00:00+00:00,2258.8
2025-02-04 08:05:00+00:00,2258.8
2025-02-04 08:10:00+00:00,2258.8
2025-02-04 08:15:00+00:00,1488.7
2025-02-04 08:20:00+00:00,1488.7
2025-02-04 08:25:00+00:00,1488.7
2025-02-04 08:30:00+00:00,3182.4
2025-02-04 08:35:00+00:00,3182.4
2025-02-04 08:40:00+00:00,3182.4
2025-02-04 08:45:00+00:00,2255.1
2025-02-04 08:50:00+00:00,2255.1
2025-02-04 08:55:00+00:00,2255.1
2025-02-04 09:00:00+00:00,2207.2
2025-02-04 09:05:00+00:00,2207.2
2025-02-04 09:10:00+00:00,2207.2
2025-02-04 09:15:00+00:00,2369.3
2025-02-04 09:20:00+00:00,2369.3
2025-02-04 09:25:00+00:00,2369.3
2025-02-04 09:30:00+00:00,2141.7
2025-02-04 09:35:00+00:00,2141.7
2025-02-04 09:40:00+00:00,2141.7
2025-02-04 09:45:00+00:00,2568.3
2025-02-04 09:50:00+00:00,2568.3
2025-02-04 09:55:00+00:00,2568.3
2025-02-04 10:00:00+00:00,1930.4
2025-02-04 10:05:00+00:00,1930.4
2025-02-04 10:10:00+00:00,1930.4
2025-02-04 10:15:00+00:00,1536.4
2025-02-04 10:20:00+00:00,1536.4
2025-02-04 10:25:00+00:00,1536.4
2025-02-04 10:30:00+00:00,2727.3
2025-02-04 10:35:00+00:00,2727.3
2025-02-04 10:40:00+00:00,2727.3
2025-02-04 10:45:00+00:00,2505.8
2025-02-04 10:50:00+00:00,2505.8
2025-02-04 10:55:00+00:00,2505.8
2025-02-04 11:00:00+00:00,2347.4
2025-02-04 11:05:00+00:00,2347.4
2025-02-04 11:10:00+00:00,2347.4
2025-02-04 11:15:00+00:00,2522.4
2025-02-04 11:20:00+00:00,2522.4
2025-02-04 11:25:00+00:00,2522.4
2025-02-04 11:30:00+00:00,1814.6
2025-02-04 11:35:00+00:00,1814.6
2025-02-04 11:40:00+00:00,1814.6
2025-02-04 11:45:00+00:00,1137.8
2025-02-04 11:50:00+00:00,1137.8
2025-02-04 11:55:00+00:00,1137.8
2025-02-04 12:00:00+00:00,2894.0
2025-02-04 12:05:00+00:00,2894.0
2025-02-04 12:10:00+00:00,2894.0
2025-02-04 12:15:00+00:00,1759.0
2025-02-04 12:20:00+00:00,1759.0
2025-02-04 12:25:00+00:00,1759.0
2025-02-04 12:30:00+00:00,1801.2
2025-02-04 12:35:00+00:00,1801.2
2025-02-04 12:40:00+00:00,1801.2
2025-02-04 12:45:00+00:00,2122.9
2025-02-04 12:50:00+00:00,2122.9
2025-02-04 12:55:00+00:00,2122.9
2025-02-04 13:00:00+00:00,2347.0
2025-02-04 13:05:00+00:00,2347.0
2025-02-04 13:10:00+00:00,2347.0
2025-02-04 13:15:00+00:00,2155.5
2025-02-04 13:20:00+00:00,2155.5
2025-02-04 13:25:00+00:00,2155.5
2025-02-04 13:30:00+00:00,2358.1
2025-02-04 13:35:00+00:00,2358.1
2025-02-04 13:40:00+00:00,2358.1
2025-02-04 13:45:00+00:00,1784.4
2025-02-04 13:50:00+00:00,1784.4
2025-02-04 13:55:00+00:00,1784.4
2025-02-04 14:00:00+00:00,1941.2
2025-02-04 14:05:00+00:00,1941.2
2025-02-04 14:10:00+00:00,1941.2
2025-02-04 14:15:00+00:00,1582.5
2025-02-04 14:20:00+00:00,1582.5
2025-02-04 14:25:00+00:00,1582.5
2025-02-04 14:30:00+00:00,2716.6
2025-02-04 14:35:00+00:00,2716.6
2025-02-04 14:40:00+00:00,2716.6
2025-02-04 14:45:00+00:00,2590.2
2025-02-04 14:50:00+00:00,2590.2
2025-02-04 14:55:00+00:00,2590.2
2025-02-04 15:00:00+00:00,1538.7
2025-02-04 15:05:00+00:00,1538.7
2025-02-04 15:10:00+00:00,1538.7
2025-02-04 15:15:00+00:00,2162.9
2025-02-04 15:20:00+00:00,2162.9
2025-02-04 15:25:00+00:00,2162.9
2025-02-04 15:30:00+00:00,1937.7
2025-02-04 15:35:00+00:00,1937.7
2025-02-04 15:40:00+00:00,1937.7
2025-02-04 15:45:00+00:00,2044.7
2025-02-04 15:50:00+00:00,2044.7
2025-02-04 15:55:00+00:00,2044.7
2025-02-04 16:00:00+00:00,3227.8
2025-02-04 16:05:00+00:00,3227.8
2025-02-04 16:10:00+00:00,3227.8
2025-02-04 16:15:00+00:00,1492.9
2025-02-04 16:20:00+00:00,1492.9
2025-02-04 16:25:00+00:00,1492.9
2025-02-04 16:30:00+00:00,2597.8
2025-02-04 16:35:00+00:00,2597.8
2025-02-04 16:40:00+00:00,2597.8
2025-02-04 16:45:00+00:00,1147.0
2025-02-04 16:50:00+00:00,1147.0
2025-02-04 16:55:00+00:00,1147.0
2025-02-04 17:00:00+00:00,2694.4
2025-02-04 17:05:00+00:00,2694.4
2025-02-04 17:10:00+00:00,2694.4
2025-02-04 17:15:00+00:00,3626.5
2025-02-04 17:20:00+00:00,3626.5
2025-02-04 17:25:00+00:00,3626.5
2025-02-04 17:30:00+00:00,1844.2
2025-02-04 17:35:00+00:00,1844.2
2025-02-04 17:40:00+00:00,1844.2
2025-02-04 17:45:00+00:00,2319.0
2025-02-04 17:50:00+00:00,2319.0
2025-02-04 17:55:00+00:00,2319.0
2025-02-04 18:00:00+00:00,2267.5
2025-02-04 18:05:00+00:00,2267.5
2025-02-04 18:10:00+00:00,2267.5
2025-02-04 18:15:00+00:00,2492.8
2025-02-04 18:20:00+00:00,2492.8
2025-02-04 18:25:00+00:00,2492.8
2025-02-04 18:30:00+00:00,2267.1
2025-02-04 18:35:00+00:00,2267.1
2025-02-04 18:40:00+00:00,2267.1
2025-02-04 18:45:00+00:00,2180.2
2025-02-04 18:50:00+00:00,2180.2
2025-02-04 18:55:00+00:00,2180.2
2025-02-04 19:00:00+00:00,1525.0
2025-02-04 19:05:00+00:00,1525.0
2025-02-04 19:10:00+00:00,1525.0
2025-02-04 19:15:00+00:00,3534.7
2025-02-04 19:20:00+00:00,3534.7
2025-02-04 19:25:00+00:00,3534.7
2025-02-04 19:30:00+00:00,1446.5
2025-02-04 19:35:00+00:00,1446.5
2025-02-04 19:40:00+00:00,1446.5
2025-02-04 19:45:00+00:00,1521.7
2025-02-04 19:50:00+00:00,1521.7
2025-02-04 19:55:00+00:00,1521.7
2025-02-04 20:00:00+00:00,2329.8
2025-02-04 20:05:00+00:00,2329.8
2025-02-04 20:10:00+00:00,2329.8
2025-02-04 20:15:00+00:00,1905.5
2025-02-04 20:20:00+00:00,1905.5
2025-02-04 20:25:00+00:00,1905.5
2025-02-04 20:30:00+00:00,2609.1
2025-02-04 20:35:00+00:00,2609.1
2025-02-04 20:40:00+00:00,2609.1
2025-02-04 20:45:00+00:00,3152.8
2025-02-04 20:50:00+00:00,3152.8
2025-02-04 20:55:00+00:00,3152.8
2025-02-04 21:00:00+00:00,1869.4
2025-02-04 21:05:00+00:00,1869.4
2025-02-04 21:10:00+00:00,1869.4
2025-02-04 21:15:00+00:00,2525.0
2025-02-04 21:20:00+00:00,2525.0
2025-02-04 21:25:00+00:00,2525.0
2025-02-04 21:30:00+00:00,2176.2
2025-02-04 21:35:00+00:00,2176.2
2025-02-04 21:40:00+00:00,2176.2
2025-02-04 21:45:00+00:00,1790.0
2025-02-04 21:50:00+00:00,1790.0
2025-02-04 21:55:00+00:00,1790.0
2025-02-04 22:00:00+00:00,2203.2
2025-02-04 22:05:00+00:00,2203.2
2025-02-04 22:10:00+00:00,2203.2
2025-02-04 22:15:00+00:00,2278.8
2025-02-04 22:20:00+00:00,2278.8
2025-02-04 22:25:00+00:00,2278.8
2025-02-04 22:30:00+00:00,2181.9
2025-02-04 22:35:00+00:00,2181.9
2025-02-04 22:40:00+00:00,2181.9
2025-02-04 22:45:00+00:00,3334.1
2025-02-04 22:50:00+00:00,3334.1
2025-02-04 22:55:00+00:00,3334.1
2025-02-04 23:00:00+00:00,2171.5
2025-02-04 23:05:00+00:00,2171.5
2025-02-04 23:10:00+00:00,2171.5
2025-02-04 23:15:00+00:00,2208.0
2025-02-04 23:20:00+00:00,2208.0
2025-02-04 23:25:00+00:00,2208.0
2025-02-04 23:30:00+00:00,2211.5
2025-02-04 23:35:00+00:00,2211.5
2025-02-04 23:40:00+00:00,2211.5
2025-02-04 23:45:00+00:00,2922.3
2025-02-04 23:50:00+00:00,2922.3
2025-02-04 23:55:00+00:00,2922.3
2025-02-05 00:00:00+00:00,3043.3
2025-02-05 00:05:00+00:00,3043.3
2025-02-05 00:10:00+00:00,3043.3
2025-02-05 00:15:00+00:00,3780.1
2025-02-05 00:20:00+00:00,3780.1
2025-02-05 00:25:00+00:00,3780.1
2025-02-05 00:30:00+00:00,2811.9
2025-02-05 00:35:00+00:00,2811.9
2025-02-05 00:40:00+00:00,2811.9
2025-02-05 00:45:00+00:00,3266.4
2025-02-05 00:50:00+00:00,3266.4
2025-02-05 00:55:00+00:00,3266.4
2025-02-05 01:00:00+00:00,5648.5
2025-02-05 01:05:00+00:00,5648.5
2025-02-05 01:10:00+00:00,5648.5
2025-02-05 01:15:00+00:00,4748.1
2025-02-05 01:20:00+00:00,4748.1
2025-02-05 01:25:00+00:00,4748.1
2025-02-05 01:30:00+00:00,4112.9
2025-02-05 01:35:00+00:00,4112.9
2025-02-05 01:40:00+00:00,4112.9
2025-02-05 01:45:00+00:00,6226.6
2025-02-05 01:50:00+00:00,6226.6
2025-02-05 01:55:00+00:00,6226.6
2025-02-05 02:00:00+00:00,3836.6
2025-02-05 02:05:00+00:00,3836.6
2025-02-05 02:10:00+00:00,3836.6
2025-02-05 02:15:00+00:00,6553.6
2025-02-05 02:20:00+00:00,6553.6
2025-02-05 02:25:00+00:00,6553.6
2025-02-05 02:30:00+00:00,4477.6
2025-02-05 02:35:00+00:00,4477.6
2025-02-05 02:40:00+00:00,4477.6
2025-02-05 02:45:00+00:00,5726.0
2025-02-05 02:50:00+00:00,5726.0
2025-02-05 02:55:00+00:00,5726.0
2025-02-05 03:00:00+00:00,4804.4
2025-02-05 03:05:00+00:00,4804.4
2025-02-05 03:10:00+00:00,4804.4
2025-02-05 03:15:00+00:00,5966.5
2025-02-05 03:20:00+00:00,5966.5
2025-02-05 03:25:00+00:00,5966.5
2025-02-05 03:30:00+00:00,5005.2
2025-02-05 03:35:00+00:00,5005.2
2025-02-05 03:40:00+00:00,5005.2
2025-02-05 03:45:00+00:00,5446.0
2025-02-05 03:50:00+00:00,5446.0
2025-02-05 03:55:00+00:00,5446.0
2025-02-05 04:00:00+00:00,4110.7
2025-02-05 04:05:00+00:00,4110.7
2025-02-05 04:10:00+00:00,4110.7
2025-02-05 04:15:00+00:00,3747.6
2025-02-05 04:20:00+00:00,3747.6
2025-02-05 04:25:00+00:00,3747.6
2025-02-05 04:30:00+00:00,3466.4
2025-02-05 04:35:00+00:00,3466.4
2025-02-05 04:40:00+00:00,3466.4
2025-02-05 04:45:00+00:00,3420.1
2025-02-05 04:50:00+00:00,3420.1
2025-02-05 04:55:00+00:00,3420.1
2025-02-05 05:00:00+00:00,1484.0
2025-02-05 05:05:00+00:00,1484.0
2025-02-05 05:10:00+00:00,1484.0
2025-02-05 05:15:00+00:00,2805.4
2025-02-05 05:20:00+00:00,2805.4
2025-02-05 05:25:00+00:00,2805.4
2025-02-05 05:30:00+00:00,2998.0
2025-02-05 05:35:00+00:00,2998.0
2025-02-05 05:40:00+00:00,2998.0
2025-02-05 05:45:00+00:00,1861.0
2025-02-05 05:50:00+00:00,1861.0
2025-02-05 05:55:00+00:00,1861.0
2025-02-05 06:00:00+00:00,2448.3
2025-02-05 06:05:00+00:00,2448.3
2025-02-05 06:10:00+00:00,2448.3
2025-02-05 06:15:00+00:00,3634.2
2025-02-05 06:20:00+00:00,3634.2
2025-02-05 06:25:00+00:00,3634.2
2025-02-05 06:30:00+00:00,1854.9
2025-02-05 06:35:00+00:00,1854.9
2025-02-05 06:40:00+00:00,1854.9
2025-02-05 06:45:00+00:00,1213.5
2025-02-05 06:50:00+00:00,1213.5
2025-02-05 06:55:00+00:00,1213.5
2025-02-05 07:00:00+00:00,3118.4
2025-02-05 07:05:00+00:00,3118.4
2025-02-05 07:10:00+00:00,3118.4
2025-02-05 07:15:00+00:00,2088.5
2025-02-05 07:20:00+00:00,2088.5
2025-02-05 07:25:00+00:00,2088.5
2025-02-05 07:30:00+00:00,3237.8
2025-02-05 07:35:00+00:00,3237.8
2025-02-05 07:40:00+00:00,3237.8
2025-02-05 07:45:00+00:00,1791.6
2025-02-05 07:50:00+00:00,1791.6
2025-02-05 07:55:00+00:00,1791.6
2025-02-05 08:00:00+00:00,2586.4
2025-02-05 08:05:00+00:00,2586.4
2025-02-05 08:10:00+00:00,2586.4
2025-02-05 08:15:00+00:00,2412.9
2025-02-05 08:20:00+00:00,2412.9
2025-02-05 08:25:00+00:00,2412.9
2025-02-05 08:30:00+00:00,2935.4
2025-02-05 08:35:00+00:00,2935.4
2025-02-05 08:40:00+00:00,2935.4
2025-02-05 08:45:00+00:00,1890.4
2025-02-05 08:50:00+00:00,1890.4
2025-02-05 08:55:00+00:00,1890.4
2025-02-05 09:00:00+00:00,2607.0
2025-02-05 09:05:00+00:00,2607.0
2025-02-05 09:10:00+00:00,2607.0
2025-02-05 09:15:00+00:00,2952.7
2025-02-05 09:20:00+00:00,2952.7
2025-02-05 09:25:00+00:00,2952.7
2025-02-05 09:30:00+00:00,1896.7
2025-02-05 09:35:00+00:00,1896.7
2025-02-05 09:40:00+00:00,1896.7
2025-02-05 09:45:00+00:00,2242.8
2025-02-05 09:50:00+00:00,2242.8
2025-02-05 09:55:00+00:00,2242.8
2025-02-05 10:00:00+00:00,1154.5
2025-02-05 10:05:00+00:00,1154.5
2025-02-05 10:10:00+00:00,1154.5
2025-02-05 10:15:00+00:00,3037.5
2025-02-05 10:20:00+00:00,3037.5
2025-02-05 10:25:00+00:00,3037.5
2025-02-05 10:30:00+00:00,2211.0
2025-02-05 10:35:00+00:00,2211.0
2025-02-05 10:40:00+00:00,2211.0
2025-02-05 10:45:00+00:00,2339.8
2025-02-05 10:50:00+00:00,2339.8
2025-02-05 10:55:00+00:00,2339.8
2025-02-05 11:00:00+00:00,2512.7
2025-02-05 11:05:00+00:00,2512.7
2025-02-05 11:10:00+00:00,2512.7
2025-02-05 11:15:00+00:00,2296.1
2025-02-05 11:20:00+00:00,2296.1
2025-02-05 11:25:00+00:00,2296.1
2025-02-05 11:30:00+00:00,2539.1
2025-02-05 11:35:00+00:00,2539.1
2025-02-05 11:40:00+00:00,2539.1
2025-02-05 11:45:00+00:00,1488.8
2025-02-05 11:50:00+00:00,1488.8
2025-02-05 11:55:00+00:00,1488.8
2025-02-05 12:00:00+00:00,3360.0
2025-02-05 12:05:00+00:00,3360.0
2025-02-05 12:10:00+00:00,3360.0
2025-02-05 12:15:00+00:00,2316.5
2025-02-05 12:20:00+00:00,2316.5
2025-02-05 12:25:00+00:00,2316.5
2025-02-05 12:30:00+00:00,2609.8
2025-02-05 12:35:00+00:00,2609.8
2025-02-05 12:40:00+00:00,2609.8
2025-02-05 12:45:00+00:00,3324.5
2025-02-05 12:50:00+00:00,3324.5
2025-02-05 12:55:00+00:00,3324.5
2025-02-05 13:00:00+00:00,2494.9
2025-02-05 13:05:00+00:00,2494.9
2025-02-05 13:10:00+00:00,2494.9
2025-02-05 13:15:00+00:00,1533.5
2025-02-05 13:20:00+00:00,1533.5
2025-02-05 13:25:00+00:00,1533.5
2025-02-05 13:30:00+00:00,2355.3
2025-02-05 13:35:00+00:00,2355.3
2025-02-05 13:40:00+00:00,2355.3
2025-02-05 13:45:00+00:00,3326.4
2025-02-05 13:50:00+00:00,3326.4
2025-02-05 13:55:00+00:00,3326.4
2025-02-05 14:00:00+00:00,3005.0
2025-02-05 14:05:00+00:00,3005.0
2025-02-05 14:10:00+00:00,3005.0
2025-02-05 14:15:00+00:00,2220.1
2025-02-05 14:20:00+00:00,2220.1
2025-02-05 14:25:00+00:00,2220.1
2025-02-05 14:30:00+00:00,2582.0
2025-02-05 14:35:00+00:00,2582.0
2025-02-05 14:40:00+00:00,2582.0
2025-02-05 14:45:00+00:00,2238.3
2025-02-05 14:50:00+00:00,2238.3
2025-02-05 14:55:00+00:00,2238.3
2025-02-05 15:00:00+00:00,3631.9
2025-02-05 15:05:00+00:00,3631.9
2025-02-05 15:10:00+00:00,3631.9
2025-02-05 15:15:00+00:00,1776.2
2025-02-05 15:20:00+00:00,1776.2
2025-02-05 15:25:00+00:00,1776.2
2025-02-05 15:30:00+00:00,1786.1
2025-02-05 15:35:00+00:00,1786.1
2025-02-05 15:40:00+00:00,1786.1
2025-02-05 15:45:00+00:00,2057.3
2025-02-05 15:50:00+00:00,2057.3
2025-02-05 15:55:00+00:00,2057.3
2025-02-05 16:00:00+00:00,2247.4
2025-02-05 16:05:00+00:00,2247.4
2025-02-05 16:10:00+00:00,2247.4
2025-02-05 16:15:00+00:00,3407.1
2025-02-05 16:20:00+00:00,3407.1
2025-02-05 16:25:00+00:00,3407.1
2025-02-05 16:30:00+00:00,1824.3
2025-02-05 16:35:00+00:00,1824.3
2025-02-05 16:40:00+00:00,1824.3
2025-02-05 16:45:00+00:00,2978.3
2025-02-05 16:50:00+00:00,2978.3
2025-02-05 16:55:00+00:00,2978.3
2025-02-05 17:00:00+00:00,3311.1
2025-02-05 17:05:00+00:00,3311.1
2025-02-05 17:10:00+00:00,3311.1
2025-02-05 17:15:00+00:00,2683.2
2025-02-05 17:20:00+00:00,2683.2
2025-02-05 17:25:00+00:00,2683.2
2025-02-05 17:30:00+00:00,1164.5
2025-02-05 17:35:00+00:00,1164.5
2025-02-05 17:40:00+00:00,1164.5
2025-02-05 17:45:00+00:00,3454.1
2025-02-05 17:50:00+00:00,3454.1
2025-02-05 17:55:00+00:00,3454.1
2025-02-05 18:00:00+00:00,2061.9
2025-02-05 18:05:00+00:00,2061.9
2025-02-05 18:10:00+00:00,2061.9
2025-02-05 18:15:00+00:00,2890.5
2025-02-05 18:20:00+00:00,2890.5
2025-02-05 18:25:00+00:00,2890.5
2025-02-05 18:30:00+00:00,1504.5
2025-02-05 18:35:00+00:00,1504.5
2025-02-05 18:40:00+00:00,1504.5
2025-02-05 18:45:00+00:00,1535.6
2025-02-05 18:50:00+00:00,1535.6
2025-02-05 18:55:00+00:00,1535.6
2025-02-05 19:00:00+00:00,1959.0
2025-02-05 19:05:00+00:00,1959.0
2025-02-05 19:10:00+00:00,1959.0
2025-02-05 19:15:00+00:00,2659.9
2025-02-05 19:20:00+00:00,2659.9
2025-02-05 19:25:00+00:00,2659.9
2025-02-05 19:30:00+00:00,2165.8
2025-02-05 19:35:00+00:00,2165.8
2025-02-05 19:40:00+00:00,2165.8
2025-02-05 19:45:00+00:00,2271.2
2025-02-05 19:50:00+00:00,2271.2
2025-02-05 19:55:00+00:00,2271.2
2025-02-05 20:00:00+00:00,2550.7
2025-02-05 20:05:00+00:00,2550.7
2025-02-05 20:10:00+00:00,2550.7
2025-02-05 20:15:00+00:00,3986.4
2025-02-05 20:20:00+00:00,3986.4
2025-02-05 20:25:00+00:00,3986.4
2025-02-05 20:30:00+00:00,2230.0
2025-02-05 20:35:00+00:00,2230.0
2025-02-05 20:40:00+00:00,2230.0
2025-02-05 20:45:00+00:00,1861.8
2025-02-05 20:50:00+00:00,1861.8
2025-02-05 20:55:00+00:00,1861.8
2025-02-05 21:00:00+00:00,2255.3
2025-02-05 21:05:00+00:00,2255.3
2025-02-05 21:10:00+00:00,2255.3
2025-02-05 21:15:00+00:00,2322.1
2025-02-05 21:20:00+00:00,2322.1
2025-02-05 21:25:00+00:00,2322.1
2025-02-05 21:30:00+00:00,3681.4
2025-02-05 21:35:00+00:00,3681.4
2025-02-05 21:40:00+00:00,3681.4
2025-02-05 21:45:00+00:00,1452.9
2025-02-05 21:50:00+00:00,1452.9
2025-02-05 21:55:00+00:00,1452.9
2025-02-05 22:00:00+00:00,2552.0
2025-02-05 22:05:00+00:00,2552.0
2025-02-05 22:10:00+00:00,2552.0
2025-02-05 22:15:00+00:00,2284.1
2025-02-05 22:20:00+00:00,2284.1
2025-02-05 22:25:00+00:00,2284.1
2025-02-05 22:30:00+00:00,2602.7
2025-02-05 22:35:00+00:00,2602.7
2025-02-05 22:40:00+00:00,2602.7
2025-02-05 22:45:00+00:00,3747.8
2025-02-05 22:50:00+00:00,3747.8
2025-02-05 22:55:00+00:00,3747.8
2025-02-05 23:00:00+00:00,2172.0
2025-02-05 23:05:00+00:00,2172.0
2025-02-05 23:10:00+00:00,2172.0
2025-02-05 23:15:00+00:00,2276.7
2025-02-05 23:20:00+00:00,2276.7
2025-02-05 23:25:00+00:00,2276.7
2025-02-05 23:30:00+00:00,1821.8
2025-02-05 23:35:00+00:00,1821.8
2025-02-05 23:40:00+00:00,1821.8
2025-02-05 23:45:00+00:00,1525.6
2025-02-05 23:50:00+00:00,1525.6
2025-02-05 23:55:00+00:00,1525.6
2025-02-06 00:00:00+00:00,2956.6
2025-02-06 00:05:00+00:00,2956.6
2025-02-06 00:10:00+00:00,2956.6
2025-02-06 00:15:00+00:00,3088.8
2025-02-06 00:20:00+00:00,3088.8
2025-02-06 00:25:00+00:00,3088.8
2025-02-06 00:30:00+00:00,3797.9
2025-02-06 00:35:00+00:00,3797.9
2025-02-06 00:40:00+00:00,3797.9
2025-02-06 00:45:00+00:00,2244.1
2025-02-06 00:50:00+00:00,2244.1
2025-02-06 00:55:00+00:00,2244.1
2025-02-06 01:00:00+00:00,5264.0
2025-02-06 01:05:00+00:00,5264.0
2025-02-06 01:10:00+00:00,5264.0
2025-02-06 01:15:00+00:00,4073.4
2025-02-06 01:20:00+00:00,4073.4
2025-02-06 01:25:00+00:00,4073.4
2025-02-06 01:30:00+00:00,4804.0
2025-02-06 01:35:00+00:00,4804.0
2025-02-06 01:40:00+00:00,4804.0
2025-02-06 01:45:00+00:00,4902.5
2025-02-06 01:50:00+00:00,4902.5
2025-02-06 01:55:00+00:00,4902.5
2025-02-06 02:00:00+00:00,5553.7
2025-02-06 02:05:00+00:00,5553.7
2025-02-06 02:10:00+00:00,5553.7
2025-02-06 02:15:00+00:00,4851.7
2025-02-06 02:20:00+00:00,4851.7
2025-02-06 02:25:00+00:00,4851.7
2025-02-06 02:30:00+00:00,4750.8
2025-02-06 02:35:00+00:00,4750.8
2025-02-06 02:40:00+00:00,4750.8
2025-02-06 02:45:00+00:00,5884.1
2025-02-06 02:50:00+00:00,5884.1
2025-02-06 02:55:00+00:00,5884.1
2025-02-06 03:00:00+00:00,4985.9
2025-02-06 03:05:00+00:00,4985.9
2025-02-06 03:10:00+00:00,4985.9
2025-02-06 03:15:00+00:00,5600.1
2025-02-06 03:20:00+00:00,5600.1
2025-02-06 03:25:00+00:00,5600.1
2025-02-06 03:30:00+00:00,4024.3
2025-02-06 03:35:00+00:00,4024.3
2025-02-06 03:40:00+00:00,4024.3
2025-02-06 03:45:00+00:00,4380.2
2025-02-06 03:50:00+00:00,4380.2
2025-02-06 03:55:00+00:00,4380.2
2025-02-06 04:00:00+00:00,4388.3
2025-02-06 04:05:00+00:00,4388.3
2025-02-06 04:10:00+00:00,4388.3
2025-02-06 04:15:00+00:00,3150.1
2025-02-06 04:20:00+00:00,3150.1
2025-02-06 04:25:00+00:00,3150.1
2025-02-06 04:30:00+00:00,2342.4
2025-02-06 04:35:00+00:00,2342.4
2025-02-06 04:40:00+00:00,2342.4
2025-02-06 04:45:00+00:00,4671.3
2025-02-06 04:50:00+00:00,4671.3
2025-02-06 04:55:00+00:00,4671.3
2025-02-06 05:00:00+00:00,1544.8
2025-02-06 05:05:00+00:00,1544.8
2025-02-06 05:10:00+00:00,1544.8
2025-02-06 05:15:00+00:00,2227.0
2025-02-06 05:20:00+00:00,2227.0
2025-02-06 05:25:00+00:00,2227.0
2025-02-06 05:30:00+00:00,2439.8
2025-02-06 05:35:00+00:00,2439.8
2025-02-06 05:40:00+00:00,2439.8
2025-02-06 05:45:00+00:00,1853.4
2025-02-06 05:50:00+00:00,1853.4
2025-02-06 05:55:00+00:00,1853.4
2025-02-06 06:00:00+00:00,2357.0
2025-02-06 06:05:00+00:00,2357.0
2025-02-06 06:10:00+00:00,2357.0
2025-02-06 06:15:00+00:00,2342.2
2025-02-06 06:20:00+00:00,2342.2
2025-02-06 06:25:00+00:00,2342.2
2025-02-06 06:30:00+00:00,2624.1
2025-02-06 06:35:00+00:00,2624.1
2025-02-06 06:40:00+00:00,2624.1
2025-02-06 06:45:00+00:00,2491.7
2025-02-06 06:50:00+00:00,2491.7
2025-02-06 06:55:00+00:00,2491.7
2025-02-06 07:00:00+00:00,2968.1
2025-02-06 07:05:00+00:00,2968.1
2025-02-06 07:10:00+00:00,2968.1
2025-02-06 07:15:00+00:00,2382.0
2025-02-06 07:20:00+00:00,2382.0
2025-02-06 07:25:00+00:00,2382.0
2025-02-06 07:30:00+00:00,2199.3
2025-02-06 07:35:00+00:00,2199.3
2025-02-06 07:40:00+00:00,2199.3
2025-02-06 07:45:00+00:00,2306.1
2025-02-06 07:50:00+00:00,2306.1
2025-02-06 07:55:00+00:00,2306.1
2025-02-06 08:00:00+00:00,1870.2
2025-02-06 08:05:00+00:00,1870.2
2025-02-06 08:10:00+00:00,1870.2
2025-02-06 08:15:00+00:00,1863.2
2025-02-06 08:20:00+00:00,1863.2
2025-02-06 08:25:00+00:00,1863.2
2025-02-06 08:30:00+00:00,1594.0
2025-02-06 08:35:00+00:00,1594.0
2025-02-06 08:40:00+00:00,1594.0
2025-02-06 08:45:00+00:00,1925.1
2025-02-06 08:50:00+00:00,1925.1
2025-02-06 08:55:00+00:00,1925.1
2025-02-06 09:00:00+00:00,2931.8
2025-02-06 09:05:00+00:00,2931.8
2025-02-06 09:10:00+00:00,2931.8
2025-02-06 09:15:00+00:00,2246.7
2025-02-06 09:20:00+00:00,2246.7
2025-02-06 09:25:00+00:00,2246.7
2025-02-06 09:30:00+00:00,3199.1
2025-02-06 09:35:00+00:00,3199.1
2025-02-06 09:40:00+00:00,3199.1
2025-02-06 09:45:00+00:00,998.2
2025-02-06 09:50:00+00:00,998.2
2025-02-06 09:55:00+00:00,998.2
2025-02-06 10:00:00+00:00,1902.7
2025-02-06 10:05:00+00:00,1902.7
2025-02-06 10:10:00+00:00,1902.7
2025-02-06 10:15:00+00:00,1521.7
2025-02-06 10:20:00+00:00,1521.7
2025-02-06 10:25:00+00:00,1521.7
2025-02-06 10:30:00+00:00,1955.7
2025-02-06 10:35:00+00:00,1955.7
2025-02-06 10:40:00+00:00,1955.7
2025-02-06 10:45:00+00:00,2296.0
2025-02-06 10:50:00+00:00,2296.0
2025-02-06 10:55:00+00:00,2296.0
2025-02-06 11:00:00+00:00,3545.1
2025-02-06 11:05:00+00:00,3545.1
2025-02-06 11:10:00+00:00,3545.1
2025-02-06 11:15:00+00:00,2747.9
2025-02-06 11:20:00+00:00,2747.9
2025-02-06 11:25:00+00:00,2747.9
2025-02-06 11:30:00+00:00,1491.2
2025-02-06 11:35:00+00:00,1491.2
2025-02-06 11:40:00+00:00,1491.2
2025-02-06 11:45:00+00:00,1866.7
2025-02-06 11:50:00+00:00,1866.7
2025-02-06 11:55:00+00:00,1866.7
2025-02-06 12:00:00+00:00,1986.4
2025-02-06 12:05:00+00:00,1986.4
2025-02-06 12:10:00+00:00,1986.4
2025-02-06 12:15:00+00:00,2978.9
2025-02-06 12:20:00+00:00,2978.9
2025-02-06 12:25:00+00:00,2978.9
2025-02-06 12:30:00+00:00,1841.9
2025-02-06 12:35:00+00:00,1841.9
2025-02-06 12:40:00+00:00,1841.9
2025-02-06 12:45:00+00:00,2276.0
2025-02-06 12:50:00+00:00,2276.0
2025-02-06 12:55:00+00:00,2276.0
2025-02-06 13:00:00+00:00,1891.3
2025-02-06 13:05:00+00:00,1891.3
2025-02-06 13:10:00+00:00,1891.3
2025-02-06 13:15:00+00:00,2842.3
2025-02-06 13:20:00+00:00,2842.3
2025-02-06 13:25:00+00:00,2842.3
2025-02-06 13:30:00+00:00,2939.7
2025-02-06 13:35:00+00:00,2939.7
2025-02-06 13:40:00+00:00,2939.7
2025-02-06 13:45:00+00:00,2142.5
2025-02-06 13:50:00+00:00,2142.5
2025-02-06 13:55:00+00:00,2142.5
2025-02-06 14:00:00+00:00,2337.6
2025-02-06 14:05:00+00:00,2337.6
2025-02-06 14:10:00+00:00,2337.6
2025-02-06 14:15:00+00:00,2859.6
2025-02-06 14:20:00+00:00,2859.6
2025-02-06 14:25:00+00:00,2859.6
2025-02-06 14:30:00+00:00,1535.5
2025-02-06 14:35:00+00:00,1535.5
2025-02-06 14:40:00+00:00,1535.5
2025-02-06 14:45:00+00:00,3175.0
2025-02-06 14:50:00+00:00,3175.0
2025-02-06 14:55:00+00:00,3175.0
2025-02-06 15:00:00+00:00,2199.7
2025-02-06 15:05:00+00:00,2199.7
2025-02-06 15:10:00+00:00,2199.7
2025-02-06 15:15:00+00:00,1840.1
2025-02-06 15:20:00+00:00,1840.1
2025-02-06 15:25:00+00:00,1840.1
2025-02-06 15:30:00+00:00,2563.0
2025-02-06 15:35:00+00:00,2563.0
2025-02-06 15:40:00+00:00,2563.0
2025-02-06 15:45:00+00:00,1550.4
2025-02-06 15:50:00+00:00,1550.4
2025-02-06 15:55:00+00:00,1550.4
2025-02-06 16:00:00+00:00,1547.9
2025-02-06 16:05:00+00:00,1547.9
2025-02-06 16:10:00+00:00,1547.9
2025-02-06 16:15:00+00:00,3365.7
2025-02-06 16:20:00+00:00,3365.7
2025-02-06 16:25:00+00:00,3365.7
2025-02-06 16:30:00+00:00,2786.5
2025-02-06 16:35:00+00:00,2786.5
2025-02-06 16:40:00+00:00,2786.5
2025-02-06 16:45:00+00:00,2150.5
2025-02-06 16:50:00+00:00,2150.5
2025-02-06 16:55:00+00:00,2150.5
2025-02-06 17:00:00+00:00,2161.9
2025-02-06 17:05:00+00:00,2161.9
2025-02-06 17:10:00+00:00,2161.9
2025-02-06 17:15:00+00:00,1719.3
2025-02-06 17:20:00+00:00,1719.3
2025-02-06 17:25:00+00:00,1719.3
2025-02-06 17:30:00+00:00,2716.0
2025-02-06 17:35:00+00:00,2716.0
2025-02-06 17:40:00+00:00,2716.0
2025-02-06 17:45:00+00:00,1954.7
2025-02-06 17:50:00+00:00,1954.7
2025-02-06 17:55:00+00:00,1954.7
2025-02-06 18:00:00+00:00,1906.6
2025-02-06 18:05:00+00:00,1906.6
2025-02-06 18:10:00+00:00,1906.6
2025-02-06 18:15:00+00:00,2551.1
2025-02-06 18:20:00+00:00,2551.1
2025-02-06 18:25:00+00:00,2551.1
2025-02-06 18:30:00+00:00,1950.7
2025-02-06 18:35:00+00:00,1950.7
2025-02-06 18:40:00+00:00,1950.7
2025-02-06 18:45:00+00:00,2597.1
2025-02-06 18:50:00+00:00,2597.1
2025-02-06 18:55:00+00:00,2597.1
2025-02-06 19:00:00+00:00,2974.8
2025-02-06 19:05:00+00:00,2974.8
2025-02-06 19:10:00+00:00,2974.8
2025-02-06 19:15:00+00:00,1970.3
2025-02-06 19:20:00+00:00,1970.3
2025-02-06 19:25:00+00:00,1970.3
2025-02-06 19:30:00+00:00,2568.3
2025-02-06 19:35:00+00:00,2568.3
2025-02-06 19:40:00+00:00,2568.3
2025-02-06 19:45:00+00:00,2567.0
2025-02-06 19:50:00+00:00,2567.0
2025-02-06 19:55:00+00:00,2567.0
2025-02-06 20:00:00+00:00,1974.3
2025-02-06 20:05:00+00:00,1974.3
2025-02-06 20:10:00+00:00,1974.3
2025-02-06 20:15:00+00:00,2270.5
2025-02-06 20:20:00+00:00,2270.5
2025-02-06 20:25:00+00:00,2270.5
2025-02-06 20:30:00+00:00,2955.2
2025-02-06 20:35:00+00:00,2955.2
2025-02-06 20:40:00+00:00,2955.2
2025-02-06 20:45:00+00:00,2188.7
2025-02-06 20:50:00+00:00,2188.7
2025-02-06 20:55:00+00:00,2188.7
2025-02-06 21:00:00+00:00,1206.6
2025-02-06 21:05:00+00:00,1206.6
2025-02-06 21:10:00+00:00,1206.6
2025-02-06 21:15:00+00:00,4208.5
2025-02-06 21:20:00+00:00,4208.5
2025-02-06 21:25:00+00:00,4208.5
2025-02-06 21:30:00+00:00,2015.0
2025-02-06 21:35:00+00:00,2015.0
2025-02-06 21:40:00+00:00,2015.0
2025-02-06 21:45:00+00:00,1859.2
2025-02-06 21:50:00+00:00,1859.2
2025-02-06 21:55:00+00:00,1859.2
2025-02-06 22:00:00+00:00,3180.6
2025-02-06 22:05:00+00:00,3180.6
2025-02-06 22:10:00+00:00,3180.6
2025-02-06 22:15:00+00:00,1363.4
2025-02-06 22:20:00+00:00,1363.4
2025-02-06 22:25:00+00:00,1363.4
2025-02-06 22:30:00+00:00,2258.7
2025-02-06 22:35:00+00:00,2258.7
2025-02-06 22:40:00+00:00,2258.7
2025-02-06 22:45:00+00:00,1843.5
2025-02-06 22:50:00+00:00,1843.5
2025-02-06 22:55:00+00:00,1843.5
2025-02-06 23:00:00+00:00,1840.2
2025-02-06 23:05:00+00:00,1840.2
2025-02-06 23:10:00+00:00,1840.2
2025-02-06 23:15:00+00:00,2675.3
2025-02-06 23:20:00+00:00,2675.3
2025-02-06 23:25:00+00:00,2675.3
2025-02-06 23:30:00+00:00,2276.6
2025-02-06 23:35:00+00:00,2276.6
2025-02-06 23:40:00+00:00,2276.6
2025-02-06 23:45:00+00:00,2228.3
2025-02-06 23:50:00+00:00,2228.3
2025-02-06 23:55:00+00:00,2228.3
2025-02-07 00:00:00+00:00,2922.4
2025-02-07 00:05:00+00:00,2922.4
2025-02-07 00:10:00+00:00,2922.4
2025-02-07 00:15:00+00:00,3634.7
2025-02-07 00:20:00+00:00,3634.7
2025-02-07 00:25:00+00:00,3634.7
2025-02-07 00:30:00+00:00,1732.0
2025-02-07 00:35:00+00:00,1732.0
2025-02-07 00:40:00+00:00,1732.0
2025-02-07 00:45:00+00:00,2984.4
2025-02-07 00:50:00+00:00,2984.4
2025-02-07 00:55:00+00:00,2984.4
2025-02-07 01:00:00+00:00,3857.8
2025-02-07 01:05:00+00:00,3857.8
2025-02-07 01:10:00+00:00,3857.8
2025-02-07 01:15:00+00:00,6287.6
2025-02-07 01:20:00+00:00,6287.6
2025-02-07 01:25:00+00:00,6287.6
2025-02-07 01:30:00+00:00,3793.1
2025-02-07 01:35:00+00:00,3793.1
2025-02-07 01:40:00+00:00,3793.1
2025-02-07 01:45:00+00:00,4978.4
2025-02-07 01:50:00+00:00,4978.4
2025-02-07 01:55:00+00:00,4978.4
2025-02-07 02:00:00+00:00,5347.5
2025-02-07 02:05:00+00:00,5347.5
2025-02-07 02:10:00+00:00,5347.5
2025-02-07 02:15:00+00:00,4765.6
2025-02-07 02:20:00+00:00,4765.6
2025-02-07 02:25:00+00:00,4765.6
2025-02-07 02:30:00+00:00,5697.4
2025-02-07 02:35:00+00:00,5697.4
2025-02-07 02:40:00+00:00,5697.4
2025-02-07 02:45:00+00:00,3826.6
2025-02-07 02:50:00+00:00,3826.6
2025-02-07 02:55:00+00:00,3826.6
2025-02-07 03:00:00+00:00,5190.0
2025-02-07 03:05:00+00:00,5190.0
2025-02-07 03:10:00+00:00,5190.0
2025-02-07 03:15:00+00:00,4326.5
2025-02-07 03:20:00+00:00,4326.5
2025-02-07 03:25:00+00:00,4326.5
2025-02-07 03:30:00+00:00,4184.2
2025-02-07 03:35:00+00:00,4184.2
2025-02-07 03:40:00+00:00,4184.2
2025-02-07 03:45:00+00:00,5149.0
2025-02-07 03:50:00+00:00,5149.0
2025-02-07 03:55:00+00:00,5149.0
2025-02-07 04:00:00+00:00,3230.6
2025-02-07 04:05:00+00:00,3230.6
2025-02-07 04:10:00+00:00,3230.6
2025-02-07 04:15:00+00:00,3295.4
2025-02-07 04:20:00+00:00,3295.4
2025-02-07 04:25:00+00:00,3295.4
2025-02-07 04:30:00+00:00,2965.7
2025-02-07 04:35:00+00:00,2965.7
2025-02-07 04:40:00+00:00,2965.7
2025-02-07 04:45:00+00:00,2994.2
2025-02-07 04:50:00+00:00,2994.2
2025-02-07 04:55:00+00:00,2994.2
2025-02-07 05:00:00+00:00,2329.8
2025-02-07 05:05:00+00:00,2329.8
2025-02-07 05:10:00+00:00,2329.8
2025-02-07 05:15:00+00:00,2953.0
2025-02-07 05:20:00+00:00,2953.0
2025-02-07 05:25:00+00:00,2953.0
2025-02-07 05:30:00+00:00,1445.9
2025-02-07 05:35:00+00:00,1445.9
2025-02-07 05:40:00+00:00,1445.9
2025-02-07 05:45:00+00:00,2574.9
2025-02-07 05:50:00+00:00,2574.9
2025-02-07 05:55:00+00:00,2574.9
2025-02-07 06:00:00+00:00,2652.2
2025-02-07 06:05:00+00:00,2652.2
2025-02-07 06:10:00+00:00,2652.2
2025-02-07 06:15:00+00:00,2357.7
2025-02-07 06:20:00+00:00,2357.7
2025-02-07 06:25:00+00:00,2357.7
2025-02-07 06:30:00+00:00,2680.1
2025-02-07 06:35:00+00:00,2680.1
2025-02-07 06:40:00+00:00,2680.1
2025-02-07 06:45:00+00:00,1522.8
2025-02-07 06:50:00+00:00,1522.8
2025-02-07 06:55:00+00:00,1522.8
2025-02-07 07:00:00+00:00,1808.6
2025-02-07 07:05:00+00:00,1808.6
2025-02-07 07:10:00+00:00,1808.6
2025-02-07 07:15:00+00:00,2897.4
2025-02-07 07:20:00+00:00,2897.4
2025-02-07 07:25:00+00:00,2897.4
2025-02-07 07:30:00+00:00,2189.3
2025-02-07 07:35:00+00:00,2189.3
2025-02-07 07:40:00+00:00,2189.3
2025-02-07 07:45:00+00:00,2534.7
2025-02-07 07:50:00+00:00,2534.7
2025-02-07 07:55:00+00:00,2534.7
2025-02-07 08:00:00+00:00,2918.1
2025-02-07 08:05:00+00:00,2918.1
2025-02-07 08:10:00+00:00,2918.1
2025-02-07 08:15:00+00:00,2224.3
2025-02-07 08:20:00+00:00,2224.3
2025-02-07 08:25:00+00:00,2224.3
2025-02-07 08:30:00+00:00,2577.0
2025-02-07 08:35:00+00:00,2577.0
2025-02-07 08:40:00+00:00,2577.0
2025-02-07 08:45:00+00:00,1640.9
2025-02-07 08:50:00+00:00,1640.9
2025-02-07 08:55:00+00:00,1640.9
2025-02-07 09:00:00+00:00,2704.1
2025-02-07 09:05:00+00:00,2704.1
2025-02-07 09:10:00+00:00,2704.1
2025-02-07 09:15:00+00:00,2265.0
2025-02-07 09:20:00+00:00,2265.0
2025-02-07 09:25:00+00:00,2265.0
2025-02-07 09:30:00+00:00,2100.8
2025-02-07 09:35:00+00:00,2100.8
2025-02-07 09:40:00+00:00,2100.8
2025-02-07 09:45:00+00:00,1421.4
2025-02-07 09:50:00+00:00,1421.4
2025-02-07 09:55:00+00:00,1421.4
2025-02-07 10:00:00+00:00,3982.4
2025-02-07 10:05:00+00:00,3982.4
2025-02-07 10:10:00+00:00,3982.4
2025-02-07 10:15:00+00:00,1390.4
2025-02-07 10:20:00+00:00,1390.4
2025-02-07 10:25:00+00:00,1390.4
2025-02-07 10:30:00+00:00,1847.2
2025-02-07 10:35:00+00:00,1847.2
2025-02-07 10:40:00+00:00,1847.2
2025-02-07 10:45:00+00:00,2139.4
2025-02-07 10:50:00+00:00,2139.4
2025-02-07 10:55:00+00:00,2139.4
2025-02-07 11:00:00+00:00,2574.6
2025-02-07 11:05:00+00:00,2574.6
2025-02-07 11:10:00+00:00,2574.6
2025-02-07 11:15:00+00:00,1154.8
2025-02-07 11:20:00+00:00,1154.8
2025-02-07 11:25:00+00:00,1154.8
2025-02-07 11:30:00+00:00,2708.5
2025-02-07 11:35:00+00:00,2708.5
2025-02-07 11:40:00+00:00,2708.5
2025-02-07 11:45:00+00:00,2269.9
2025-02-07 11:50:00+00:00,2269.9
2025-02-07 11:55:00+00:00,2269.9
2025-02-07 12:00:00+00:00,1834.9
2025-02-07 12:05:00+00:00,1834.9
2025-02-07 12:10:00+00:00,1834.9
2025-02-07 12:15:00+00:00,2331.6
2025-02-07 12:20:00+00:00,2331.6
2025-02-07 12:25:00+00:00,2331.6
2025-02-07 12:30:00+00:00,3685.8
2025-02-07 12:35:00+00:00,3685.8
2025-02-07 12:40:00+00:00,3685.8
2025-02-07 12:45:00+00:00,2619.0
2025-02-07 12:50:00+00:00,2619.0
2025-02-07 12:55:00+00:00,2619.0
2025-02-07 13:00:00+00:00,1500.5
2025-02-07 13:05:00+00:00,1500.5
2025-02-07 13:10:00+00:00,1500.5
2025-02-07 13:15:00+00:00,1900.7
2025-02-07 13:20:00+00:00,1900.7
2025-02-07 13:25:00+00:00,1900.7
2025-02-07 13:30:00+00:00,3149.3
2025-02-07 13:35:00+00:00,3149.3
2025-02-07 13:40:00+00:00,3149.3
2025-02-07 13:45:00+00:00,2272.9
2025-02-07 13:50:00+00:00,2272.9
2025-02-07 13:55:00+00:00,2272.9
2025-02-07 14:00:00+00:00,1501.7
2025-02-07 14:05:00+00:00,1501.7
2025-02-07 14:10:00+00:00,1501.7
2025-02-07 14:15:00+00:00,2788.7
2025-02-07 14:20:00+00:00,2788.7
2025-02-07 14:25:00+00:00,2788.7
2025-02-07 14:30:00+00:00,2214.5
2025-02-07 14:35:00+00:00,2214.5
2025-02-07 14:40:00+00:00,2214.5
2025-02-07 14:45:00+00:00,2265.1
2025-02-07 14:50:00+00:00,2265.1
2025-02-07 14:55:00+00:00,2265.1
2025-02-07 15:00:00+00:00,2357.6
2025-02-07 15:05:00+00:00,2357.6
2025-02-07 15:10:00+00:00,2357.6
2025-02-07 15:15:00+00:00,2246.2
2025-02-07 15:20:00+00:00,2246.2
2025-02-07 15:25:00+00:00,2246.2
2025-02-07 15:30:00+00:00,3951.4
2025-02-07 15:35:00+00:00,3951.4
2025-02-07 15:40:00+00:00,3951.4
2025-02-07 15:45:00+00:00,1846.8
2025-02-07 15:50:00+00:00,1846.8
2025-02-07 15:55:00+00:00,1846.8
2025-02-07 16:00:00+00:00,2301.6
2025-02-07 16:05:00+00:00,2301.6
2025-02-07 16:10:00+00:00,2301.6
2025-02-07 16:15:00+00:00,1881.3
2025-02-07 16:20:00+00:00,1881.3
2025-02-07 16:25:00+00:00,1881.3
2025-02-07 16:30:00+00:00,1498.6
2025-02-07 16:35:00+00:00,1498.6
2025-02-07 16:40:00+00:00,1498.6
2025-02-07 16:45:00+00:00,1833.6
2025-02-07 16:50:00+00:00,1833.6
2025-02-07 16:55:00+00:00,1833.6
2025-02-07 17:00:00+00:00,1559.6
2025-02-07 17:05:00+00:00,1559.6
2025-02-07 17:10:00+00:00,1559.6
2025-02-07 17:15:00+00:00,2324.7
2025-02-07 17:20:00+00:00,2324.7
2025-02-07 17:25:00+00:00,2324.7
2025-02-07 17:30:00+00:00,1543.6
2025-02-07 17:35:00+00:00,1543.6
2025-02-07 17:40:00+00:00,1543.6
2025-02-07 17:45:00+00:00,2685.0
2025-02-07 17:50:00+00:00,2685.0
2025-02-07 17:55:00+00:00,2685.0
2025-02-07 18:00:00+00:00,1529.5
2025-02-07 18:05:00+00:00,1529.5
2025-02-07 18:10:00+00:00,1529.5
2025-02-07 18:15:00+00:00,2136.0
2025-02-07 18:20:00+00:00,2136.0
2025-02-07 18:25:00+00:00,2136.0
2025-02-07 18:30:00+00:00,2552.1
2025-02-07 18:35:00+00:00,2552.1
2025-02-07 18:40:00+00:00,2552.1
2025-02-07 18:45:00+00:00,2222.7
2025-02-07 18:50:00+00:00,2222.7
2025-02-07 18:55:00+00:00,2222.7
2025-02-07 19:00:00+00:00,1506.5
2025-02-07 19:05:00+00:00,1506.5
2025-02-07 19:10:00+00:00,1506.5
2025-02-07 19:15:00+00:00,1468.1
2025-02-07 19:20:00+00:00,1468.1
2025-02-07 19:25:00+00:00,1468.1
2025-02-07 19:30:00+00:00,1582.6
2025-02-07 19:35:00+00:00,1582.6
2025-02-07 19:40:00+00:00,1582.6
2025-02-07 19:45:00+00:00,2393.6
2025-02-07 19:50:00+00:00,2393.6
2025-02-07 19:55:00+00:00,2393.6
2025-02-07 20:00:00+00:00,3066.6
2025-02-07 20:05:00+00:00,3066.6
2025-02-07 20:10:00+00:00,3066.6
2025-02-07 20:15:00+00:00,2542.0
2025-02-07 20:20:00+00:00,2542.0
2025-02-07 20:25:00+00:00,2542.0
2025-02-07 20:30:00+00:00,1519.4
2025-02-07 20:35:00+00:00,1519.4
2025-02-07 20:40:00+00:00,1519.4
2025-02-07 20:45:00+00:00,2733.2
2025-02-07 20:50:00+00:00,2733.2
2025-02-07 20:55:00+00:00,2733.2
2025-02-07 21:00:00+00:00,1757.6
2025-02-07 21:05:00+00:00,1757.6
2025-02-07 21:10:00+00:00,1757.6
2025-02-07 21:15:00+00:00,2175.6
2025-02-07 21:20:00+00:00,2175.6
2025-02-07 21:25:00+00:00,2175.6
2025-02-07 21:30:00+00:00,1491.6
2025-02-07 21:35:00+00:00,1491.6
2025-02-07 21:40:00+00:00,1491.6
2025-02-07 21:45:00+00:00,1806.4
2025-02-07 21:50:00+00:00,1806.4
2025-02-07 21:55:00+00:00,1806.4
2025-02-07 22:00:00+00:00,1170.2
2025-02-07 22:05:00+00:00,1170.2
2025-02-07 22:10:00+00:00,1170.2
2025-02-07 22:15:00+00:00,1989.6
2025-02-07 22:20:00+00:00,1989.6
2025-02-07 22:25:00+00:00,1989.6
2025-02-07 22:30:00+00:00,2182.6
2025-02-07 22:35:00+00:00,2182.6
2025-02-07 22:40:00+00:00,2182.6
2025-02-07 22:45:00+00:00,2259.2
2025-02-07 22:50:00+00:00,2259.2
2025-02-07 22:55:00+00:00,2259.2
2025-02-07 23:00:00+00:00,2881.2
2025-02-07 23:05:00+00:00,2881.2
2025-02-07 23:10:00+00:00,2881.2
2025-02-07 23:15:00+00:00,1858.6
2025-02-07 23:20:00+00:00,1858.6
2025-02-07 23:25:00+00:00,1858.6
2025-02-07 23:30:00+00:00,2163.3
2025-02-07 23:35:00+00:00,2163.3
2025-02-07 23:40:00+00:00,2163.3
2025-02-07 23:45:00+00:00,1500.9
2025-02-07 23:50:00+00:00,1500.9
2025-02-07 23:55:00+00:00,1500.9
2025-02-08 00:00:00+00:00,3994.2
2025-02-08 00:05:00+00:00,3994.2
2025-02-08 00:10:00+00:00,3994.2
2025-02-08 00:15:00+00:00,2867.4
2025-02-08 00:20:00+00:00,2867.4
2025-02-08 00:25:00+00:00,2867.4
2025-02-08 00:30:00+00:00,1830.2
2025-02-08 00:35:00+00:00,1830.2
2025-02-08 00:40:00+00:00,1830.2
2025-02-08 00:45:00+00:00,2364.3
2025-02-08 00:50:00+00:00,2364.3
2025-02-08 00:55:00+00:00,2364.3
2025-02-08 01:00:00+00:00,4911.2
2025-02-08 01:05:00+00:00,4911.2
2025-02-08 01:10:00+00:00,4911.2
2025-02-08 01:15:00+00:00,2990.2
2025-02-08 01:20:00+00:00,2990.2
2025-02-08 01:25:00+00:00,2990.2
2025-02-08 01:30:00+00:00,3703.7
2025-02-08 01:35:00+00:00,3703.7
2025-02-08 01:40:00+00:00,3703.7
2025-02-08 01:45:00+00:00,4367.5
2025-02-08 01:50:00+00:00,4367.5
2025-02-08 01:55:00+00:00,4367.5
2025-02-08 02:00:00+00:00,4223.6
2025-02-08 02:05:00+00:00,4223.6
2025-02-08 02:10:00+00:00,4223.6
2025-02-08 02:15:00+00:00,5395.9
2025-02-08 02:20:00+00:00,5395.9
2025-02-08 02:25:00+00:00,5395.9
2025-02-08 02:30:00+00:00,4772.2
2025-02-08 02:35:00+00:00,4772.2
2025-02-08 02:40:00+00:00,4772.2
2025-02-08 02:45:00+00:00,4247.3
2025-02-08 02:50:00+00:00,4247.3
2025-02-08 02:55:00+00:00,4247.3
2025-02-08 03:00:00+00:00,4453.3
2025-02-08 03:05:00+00:00,4453.3
2025-02-08 03:10:00+00:00,4453.3
2025-02-08 03:15:00+00:00,2977.6
2025-02-08 03:20:00+00:00,2977.6
2025-02-08 03:25:00+00:00,2977.6
2025-02-08 03:30:00+00:00,5292.5
2025-02-08 03:35:00+00:00,5292.5
2025-02-08 03:40:00+00:00,5292.5
2025-02-08 03:45:00+00:00,3578.7
2025-02-08 03:50:00+00:00,3578.7
2025-02-08 03:55:00+00:00,3578.7
2025-02-08 04:00:00+00:00,2507.4
2025-02-08 04:05:00+00:00,2507.4
2025-02-08 04:10:00+00:00,2507.4
2025-02-08 04:15:00+00:00,2132.0
2025-02-08 04:20:00+00:00,2132.0
2025-02-08 04:25:00+00:00,2132.0
2025-02-08 04:30:00+00:00,3073.1
2025-02-08 04:35:00+00:00,3073.1
2025-02-08 04:40:00+00:00,3073.1
2025-02-08 04:45:00+00:00,3096.5
2025-02-08 04:50:00+00:00,3096.5
2025-02-08 04:55:00+00:00,3096.5
2025-02-08 05:00:00+00:00,2552.9
2025-02-08 05:05:00+00:00,2552.9
2025-02-08 05:10:00+00:00,2552.9
2025-02-08 05:15:00+00:00,2807.9
2025-02-08 05:20:00+00:00,2807.9
2025-02-08 05:25:00+00:00,2807.9
2025-02-08 05:30:00+00:00,1018.1
2025-02-08 05:35:00+00:00,1018.1
2025-02-08 05:40:00+00:00,1018.1
2025-02-08 05:45:00+00:00,2256.1
2025-02-08 05:50:00+00:00,2256.1
2025-02-08 05:55:00+00:00,2256.1
2025-02-08 06:00:00+00:00,1959.5
2025-02-08 06:05:00+00:00,1959.5
2025-02-08 06:10:00+00:00,1959.5
2025-02-08 06:15:00+00:00,1891.4
2025-02-08 06:20:00+00:00,1891.4
2025-02-08 06:25:00+00:00,1891.4
2025-02-08 06:30:00+00:00,1863.7
2025-02-08 06:35:00+00:00,1863.7
2025-02-08 06:40:00+00:00,1863.7
2025-02-08 06:45:00+00:00,1856.0
2025-02-08 06:50:00+00:00,1856.0
2025-02-08 06:55:00+00:00,1856.0
2025-02-08 07:00:00+00:00,2604.0
2025-02-08 07:05:00+00:00,2604.0
2025-02-08 07:10:00+00:00,2604.0
2025-02-08 07:15:00+00:00,2034.9
2025-02-08 07:20:00+00:00,2034.9
2025-02-08 07:25:00+00:00,2034.9
2025-02-08 07:30:00+00:00,1107.5
2025-02-08 07:35:00+00:00,1107.5
2025-02-08 07:40:00+00:00,1107.5
2025-02-08 07:45:00+00:00,1890.3
2025-02-08 07:50:00+00:00,1890.3
2025-02-08 07:55:00+00:00,1890.3
2025-02-08 08:00:00+00:00,1866.4
2025-02-08 08:05:00+00:00,1866.4
2025-02-08 08:10:00+00:00,1866.4
2025-02-08 08:15:00+00:00,1827.1
2025-02-08 08:20:00+00:00,1827.1
2025-02-08 08:25:00+00:00,1827.1
2025-02-08 08:30:00+00:00,1583.9
2025-02-08 08:35:00+00:00,1583.9
2025-02-08 08:40:00+00:00,1583.9
2025-02-08 08:45:00+00:00,1516.8
2025-02-08 08:50:00+00:00,1516.8
2025-02-08 08:55:00+00:00,1516.8
2025-02-08 09:00:00+00:00,1883.2
2025-02-08 09:05:00+00:00,1883.2
2025-02-08 09:10:00+00:00,1883.2
2025-02-08 09:15:00+00:00,2616.8
2025-02-08 09:20:00+00:00,2616.8
2025-02-08 09:25:00+00:00,2616.8
2025-02-08 09:30:00+00:00,1545.3
2025-02-08 09:35:00+00:00,1545.3
2025-02-08 09:40:00+00:00,1545.3
2025-02-08 09:45:00+00:00,2854.5
2025-02-08 09:50:00+00:00,2854.5
2025-02-08 09:55:00+00:00,2854.5
2025-02-08 10:00:00+00:00,1922.6
2025-02-08 10:05:00+00:00,1922.6
2025-02-08 10:10:00+00:00,1922.6
2025-02-08 10:15:00+00:00,1490.9
2025-02-08 10:20:00+00:00,1490.9
2025-02-08 10:25:00+00:00,1490.9
2025-02-08 10:30:00+00:00,2641.5
2025-02-08 10:35:00+00:00,2641.5
2025-02-08 10:40:00+00:00,2641.5
2025-02-08 10:45:00+00:00,3398.1
2025-02-08 10:50:00+00:00,3398.1
2025-02-08 10:55:00+00:00,3398.1
2025-02-08 11:00:00+00:00,1478.0
2025-02-08 11:05:00+00:00,1478.0
2025-02-08 11:10:00+00:00,1478.0
2025-02-08 11:15:00+00:00,2181.1
2025-02-08 11:20:00+00:00,2181.1
2025-02-08 11:25:00+00:00,2181.1
2025-02-08 11:30:00+00:00,1454.0
2025-02-08 11:35:00+00:00,1454.0
2025-02-08 11:40:00+00:00,1454.0
2025-02-08 11:45:00+00:00,1453.9
2025-02-08 11:50:00+00:00,1453.9
2025-02-08 11:55:00+00:00,1453.9
2025-02-08 12:00:00+00:00,1507.8
2025-02-08 12:05:00+00:00,1507.8
2025-02-08 12:10:00+00:00,1507.8
2025-02-08 12:15:00+00:00,2480.4
2025-02-08 12:20:00+00:00,2480.4
2025-02-08 12:25:00+00:00,2480.4
2025-02-08 12:30:00+00:00,2288.2
2025-02-08 12:35:00+00:00,2288.2
2025-02-08 12:40:00+00:00,2288.2
2025-02-08 12:45:00+00:00,1820.3
2025-02-08 12:50:00+00:00,1820.3
2025-02-08 12:55:00+00:00,1820.3
2025-02-08 13:00:00+00:00,1176.5
2025-02-08 13:05:00+00:00,1176.5
2025-02-08 13:10:00+00:00,1176.5
2025-02-08 13:15:00+00:00,2960.5
2025-02-08 13:20:00+00:00,2960.5
2025-02-08 13:25:00+00:00,2960.5
2025-02-08 13:30:00+00:00,1930.4
2025-02-08 13:35:00+00:00,1930.4
2025-02-08 13:40:00+00:00,1930.4
2025-02-08 13:45:00+00:00,1922.5
2025-02-08 13:50:00+00:00,1922.5
2025-02-08 13:55:00+00:00,1922.5
2025-02-08 14:00:00+00:00,2609.7
2025-02-08 14:05:00+00:00,2609.7
2025-02-08 14:10:00+00:00,2609.7
2025-02-08 14:15:00+00:00,2460.2
2025-02-08 14:20:00+00:00,2460.2
2025-02-08 14:25:00+00:00,2460.2
2025-02-08 14:30:00+00:00,2907.0
2025-02-08 14:35:00+00:00,2907.0
2025-02-08 14:40:00+00:00,2907.0
2025-02-08 14:45:00+00:00,1079.5
2025-02-08 14:50:00+00:00,1079.5
2025-02-08 14:55:00+00:00,1079.5
2025-02-08 15:00:00+00:00,2604.6
2025-02-08 15:05:00+00:00,2604.6
2025-02-08 15:10:00+00:00,2604.6
2025-02-08 15:15:00+00:00,1475.5
2025-02-08 15:20:00+00:00,1475.5
2025-02-08 15:25:00+00:00,1475.5
2025-02-08 15:30:00+00:00,2309.2
2025-02-08 15:35:00+00:00,2309.2
2025-02-08 15:40:00+00:00,2309.2
2025-02-08 15:45:00+00:00,2258.8
2025-02-08 15:50:00+00:00,2258.8
2025-02-08 15:55:00+00:00,2258.8
2025-02-08 16:00:00+00:00,2344.6
2025-02-08 16:05:00+00:00,2344.6
2025-02-08 16:10:00+00:00,2344.6
2025-02-08 16:15:00+00:00,1900.5
2025-02-08 16:20:00+00:00,1900.5
2025-02-08 16:25:00+00:00,1900.5
2025-02-08 16:30:00+00:00,1153.6
2025-02-08 16:35:00+00:00,1153.6
2025-02-08 16:40:00+00:00,1153.6
2025-02-08 16:45:00+00:00,3017.0
2025-02-08 16:50:00+00:00,3017.0
2025-02-08 16:55:00+00:00,3017.0
2025-02-08 17:00:00+00:00,3199.2
2025-02-08 17:05:00+00:00,3199.2
2025-02-08 17:10:00+00:00,3199.2
2025-02-08 17:15:00+00:00,982.6
2025-02-08 17:20:00+00:00,982.6
2025-02-08 17:25:00+00:00,982.6
2025-02-08 17:30:00+00:00,1881.6
2025-02-08 17:35:00+00:00,1881.6
2025-02-08 17:40:00+00:00,1881.6
2025-02-08 17:45:00+00:00,1525.0
2025-02-08 17:50:00+00:00,1525.0
2025-02-08 17:55:00+00:00,1525.0
2025-02-08 18:00:00+00:00,2320.5
2025-02-08 18:05:00+00:00,2320.5
2025-02-08 18:10:00+00:00,2320.5
2025-02-08 18:15:00+00:00,2664.1
2025-02-08 18:20:00+00:00,2664.1
2025-02-08 18:25:00+00:00,2664.1
2025-02-08 18:30:00+00:00,1519.3
2025-02-08 18:35:00+00:00,1519.3
2025-02-08 18:40:00+00:00,1519.3
2025-02-08 18:45:00+00:00,1621.6
2025-02-08 18:50:00+00:00,1621.6
2025-02-08 18:55:00+00:00,1621.6
2025-02-08 19:00:00+00:00,3889.1
2025-02-08 19:05:00+00:00,3889.1
2025-02-08 19:10:00+00:00,3889.1
2025-02-08 19:15:00+00:00,2236.8
2025-02-08 19:20:00+00:00,2236.8
2025-02-08 19:25:00+00:00,2236.8
2025-02-08 19:30:00+00:00,1425.7
2025-02-08 19:35:00+00:00,1425.7
2025-02-08 19:40:00+00:00,1425.7
2025-02-08 19:45:00+00:00,2195.5
2025-02-08 19:50:00+00:00,2195.5
2025-02-08 19:55:00+00:00,2195.5
2025-02-08 20:00:00+00:00,2184.1
2025-02-08 20:05:00+00:00,2184.1
2025-02-08 20:10:00+00:00,2184.1
2025-02-08 20:15:00+00:00,2247.0
2025-02-08 20:20:00+00:00,2247.0
2025-02-08 20:25:00+00:00,2247.0
2025-02-08 20:30:00+00:00,1825.5
2025-02-08 20:35:00+00:00,1825.5
2025-02-08 20:40:00+00:00,1825.5
2025-02-08 20:45:00+00:00,2614.9
2025-02-08 20:50:00+00:00,2614.9
2025-02-08 20:55:00+00:00,2614.9
2025-02-08 21:00:00+00:00,2939.0
2025-02-08 21:05:00+00:00,2939.0
2025-02-08 21:10:00+00:00,2939.0
2025-02-08 21:15:00+00:00,1740.4
2025-02-08 21:20:00+00:00,1740.4
2025-02-08 21:25:00+00:00,1740.4
2025-02-08 21:30:00+00:00,972.8
2025-02-08 21:35:00+00:00,972.8
2025-02-08 21:40:00+00:00,972.8
2025-02-08 21:45:00+00:00,1453.3
2025-02-08 21:50:00+00:00,1453.3
2025-02-08 21:55:00+00:00,1453.3
2025-02-08 22:00:00+00:00,1913.5
2025-02-08 22:05:00+00:00,1913.5
2025-02-08 22:10:00+00:00,1913.5
2025-02-08 22:15:00+00:00,1604.6
2025-02-08 22:20:00+00:00,1604.6
2025-02-08 22:25:00+00:00,1604.6
2025-02-08 22:30:00+00:00,1856.3
2025-02-08 22:35:00+00:00,1856.3
2025-02-08 22:40:00+00:00,1856.3
2025-02-08 22:45:00+00:00,2954.1
2025-02-08 22:50:00+00:00,2954.1
2025-02-08 22:55:00+00:00,2954.1
2025-02-08 23:00:00+00:00,1749.2
2025-02-08 23:05:00+00:00,1749.2
2025-02-08 23:10:00+00:00,1749.2
2025-02-08 23:15:00+00:00,1681.5
2025-02-08 23:20:00+00:00,1681.5
2025-02-08 23:25:00+00:00,1681.5
2025-02-08 23:30:00+00:00,1460.2
2025-02-08 23:35:00+00:00,1460.2
2025-02-08 23:40:00+00:00,1460.2
2025-02-08 23:45:00+00:00,3794.9
2025-02-08 23:50:00+00:00,3794.9
2025-02-08 23:55:00+00:00,3794.9
2025-02-09 00:00:00+00:00,1486.3
2025-02-09 00:05:00+00:00,1486.3
2025-02-09 00:10:00+00:00,1486.3
2025-02-09 00:15:00+00:00,2592.8
2025-02-09 00:20:00+00:00,2592.8
2025-02-09 00:25:00+00:00,2592.8
2025-02-09 00:30:00+00:00,2652.9
2025-02-09 00:35:00+00:00,2652.9
2025-02-09 00:40:00+00:00,2652.9
2025-02-09 00:45:00+00:00,1979.3
2025-02-09 00:50:00+00:00,1979.3
2025-02-09 00:55:00+00:00,1979.3
2025-02-09 01:00:00+00:00,4644.5
2025-02-09 01:05:00+00:00,4644.5
2025-02-09 01:10:00+00:00,4644.5
2025-02-09 01:15:00+00:00,4496.9
2025-02-09 01:20:00+00:00,4496.9
2025-02-09 01:25:00+00:00,4496.9
2025-02-09 01:30:00+00:00,4460.0
2025-02-09 01:35:00+00:00,4460.0
2025-02-09 01:40:00+00:00,4460.0
2025-02-09 01:45:00+00:00,3772.3
2025-02-09 01:50:00+00:00,3772.3
2025-02-09 01:55:00+00:00,3772.3
2025-02-09 02:00:00+00:00,4062.1
2025-02-09 02:05:00+00:00,4062.1
2025-02-09 02:10:00+00:00,4062.1
2025-02-09 02:15:00+00:00,3371.4
2025-02-09 02:20:00+00:00,3371.4
2025-02-09 02:25:00+00:00,3371.4
2025-02-09 02:30:00+00:00,4833.1
2025-02-09 02:35:00+00:00,4833.1
2025-02-09 02:40:00+00:00,4833.1
2025-02-09 02:45:00+00:00,4052.8
2025-02-09 02:50:00+00:00,4052.8
2025-02-09 02:55:00+00:00,4052.8
2025-02-09 03:00:00+00:00,4190.6
2025-02-09 03:05:00+00:00,4190.6
2025-02-09 03:10:00+00:00,4190.6
2025-02-09 03:15:00+00:00,4065.4
2025-02-09 03:20:00+00:00,4065.4
2025-02-09 03:25:00+00:00,4065.4
2025-02-09 03:30:00+00:00,4023.4
2025-02-09 03:35:00+00:00,4023.4
2025-02-09 03:40:00+00:00,4023.4
2025-02-09 03:45:00+00:00,3725.7
2025-02-09 03:50:00+00:00,3725.7
2025-02-09 03:55:00+00:00,3725.7
2025-02-09 04:00:00+00:00,2964.1
2025-02-09 04:05:00+00:00,2964.1
2025-02-09 04:10:00+00:00,2964.1
2025-02-09 04:15:00+00:00,2887.5
2025-02-09 04:20:00+00:00,2887.5
2025-02-09 04:25:00+00:00,2887.5
2025-02-09 04:30:00+00:00,1912.3
2025-02-09 04:35:00+00:00,1912.3
2025-02-09 04:40:00+00:00,1912.3
2025-02-09 04:45:00+00:00,2512.8
2025-02-09 04:50:00+00:00,2512.8
2025-02-09 04:55:00+00:00,2512.8
2025-02-09 05:00:00+00:00,1960.4
2025-02-09 05:05:00+00:00,1960.4
2025-02-09 05:10:00+00:00,1960.4
2025-02-09 05:15:00+00:00,1527.0
2025-02-09 05:20:00+00:00,1527.0
2025-02-09 05:25:00+00:00,1527.0
2025-02-09 05:30:00+00:00,2194.9
2025-02-09 05:35:00+00:00,2194.9
2025-02-09 05:40:00+00:00,2194.9
2025-02-09 05:45:00+00:00,2261.2
2025-02-09 05:50:00+00:00,2261.2
2025-02-09 05:55:00+00:00,2261.2
2025-02-09 06:00:00+00:00,2072.8
2025-02-09 06:05:00+00:00,2072.8
2025-02-09 06:10:00+00:00,2072.8
2025-02-09 06:15:00+00:00,1891.7
2025-02-09 06:20:00+00:00,1891.7
2025-02-09 06:25:00+00:00,1891.7
2025-02-09 06:30:00+00:00,1506.5
2025-02-09 06:35:00+00:00,1506.5
2025-02-09 06:40:00+00:00,1506.5
2025-02-09 06:45:00+00:00,2658.8
2025-02-09 06:50:00+00:00,2658.8
2025-02-09 06:55:00+00:00,2658.8
2025-02-09 07:00:00+00:00,1501.4
2025-02-09 07:05:00+00:00,1501.4
2025-02-09 07:10:00+00:00,1501.4
2025-02-09 07:15:00+00:00,2545.3
2025-02-09 07:20:00+00:00,2545.3
2025-02-09 07:25:00+00:00,2545.3
2025-02-09 07:30:00+00:00,1484.9
2025-02-09 07:35:00+00:00,1484.9
2025-02-09 07:40:00+00:00,1484.9
2025-02-09 07:45:00+00:00,1546.8
2025-02-09 07:50:00+00:00,1546.8
2025-02-09 07:55:00+00:00,1546.8
2025-02-09 08:00:00+00:00,2665.2
2025-02-09 08:05:00+00:00,2665.2
2025-02-09 08:10:00+00:00,2665.2
2025-02-09 08:15:00+00:00,3411.2
2025-02-09 08:20:00+00:00,3411.2
2025-02-09 08:25:00+00:00,3411.2
2025-02-09 08:30:00+00:00,2818.7
2025-02-09 08:35:00+00:00,2818.7
2025-02-09 08:40:00+00:00,2818.7
2025-02-09 08:45:00+00:00,1489.5
2025-02-09 08:50:00+00:00,1489.5
2025-02-09 08:55:00+00:00,1489.5
2025-02-09 09:00:00+00:00,1793.9
2025-02-09 09:05:00+00:00,1793.9
2025-02-09 09:10:00+00:00,1793.9
2025-02-09 09:15:00+00:00,1511.3
2025-02-09 09:20:00+00:00,1511.3
2025-02-09 09:25:00+00:00,1511.3
2025-02-09 09:30:00+00:00,2259.5
2025-02-09 09:35:00+00:00,2259.5
2025-02-09 09:40:00+00:00,2259.5
2025-02-09 09:45:00+00:00,1525.6
2025-02-09 09:50:00+00:00,1525.6
2025-02-09 09:55:00+00:00,1525.6
2025-02-09 10:00:00+00:00,2286.6
2025-02-09 10:05:00+00:00,2286.6
2025-02-09 10:10:00+00:00,2286.6
2025-02-09 10:15:00+00:00,1507.1
2025-02-09 10:20:00+00:00,1507.1
2025-02-09 10:25:00+00:00,1507.1
2025-02-09 10:30:00+00:00,1391.2
2025-02-09 10:35:00+00:00,1391.2
2025-02-09 10:40:00+00:00,1391.2
2025-02-09 10:45:00+00:00,2844.8
2025-02-09 10:50:00+00:00,2844.8
2025-02-09 10:55:00+00:00,2844.8
2025-02-09 11:00:00+00:00,1612.6
2025-02-09 11:05:00+00:00,1612.6
2025-02-09 11:10:00+00:00,1612.6
2025-02-09 11:15:00+00:00,2867.5
2025-02-09 11:20:00+00:00,2867.5
2025-02-09 11:25:00+00:00,2867.5
2025-02-09 11:30:00+00:00,1827.7
2025-02-09 11:35:00+00:00,1827.7
2025-02-09 11:40:00+00:00,1827.7
2025-02-09 11:45:00+00:00,1392.2
2025-02-09 11:50:00+00:00,1392.2
2025-02-09 11:55:00+00:00,1392.2
2025-02-09 12:00:00+00:00,2583.7
2025-02-09 12:05:00+00:00,2583.7
2025-02-09 12:10:00+00:00,2583.7
2025-02-09 12:15:00+00:00,2488.2
2025-02-09 12:20:00+00:00,2488.2
2025-02-09 12:25:00+00:00,2488.2
2025-02-09 12:30:00+00:00,2104.0
2025-02-09 12:35:00+00:00,2104.0
2025-02-09 12:40:00+00:00,2104.0
2025-02-09 12:45:00+00:00,1503.6
2025-02-09 12:50:00+00:00,1503.6
2025-02-09 12:55:00+00:00,1503.6
2025-02-09 13:00:00+00:00,3329.6
2025-02-09 13:05:00+00:00,3329.6
2025-02-09 13:10:00+00:00,3329.6
2025-02-09 13:15:00+00:00,1131.3
2025-02-09 13:20:00+00:00,1131.3
2025-02-09 13:25:00+00:00,1131.3
2025-02-09 13:30:00+00:00,1135.7
2025-02-09 13:35:00+00:00,1135.7
2025-02-09 13:40:00+00:00,1135.7
2025-02-09 13:45:00+00:00,1580.1
2025-02-09 13:50:00+00:00,1580.1
2025-02-09 13:55:00+00:00,1580.1
2025-02-09 14:00:00+00:00,3781.3
2025-02-09 14:05:00+00:00,3781.3
2025-02-09 14:10:00+00:00,3781.3
2025-02-09 14:15:00+00:00,1128.4
2025-02-09 14:20:00+00:00,1128.4
2025-02-09 14:25:00+00:00,1128.4
2025-02-09 14:30:00+00:00,3200.8
2025-02-09 14:35:00+00:00,3200.8
2025-02-09 14:40:00+00:00,3200.8
2025-02-09 14:45:00+00:00,1101.5
2025-02-09 14:50:00+00:00,1101.5
2025-02-09 14:55:00+00:00,1101.5
2025-02-09 15:00:00+00:00,1513.0
2025-02-09 15:05:00+00:00,1513.0
2025-02-09 15:10:00+00:00,1513.0
2025-02-09 15:15:00+00:00,1578.6
2025-02-09 15:20:00+00:00,1578.6
2025-02-09 15:25:00+00:00,1578.6
2025-02-09 15:30:00+00:00,2496.8
2025-02-09 15:35:00+00:00,2496.8
2025-02-09 15:40:00+00:00,2496.8
2025-02-09 15:45:00+00:00,3386.5
2025-02-09 15:50:00+00:00,3386.5
2025-02-09 15:55:00+00:00,3386.5
2025-02-09 16:00:00+00:00,1455.9
2025-02-09 16:05:00+00:00,1455.9
2025-02-09 16:10:00+00:00,1455.9
2025-02-09 16:15:00+00:00,2449.9
2025-02-09 16:20:00+00:00,2449.9
2025-02-09 16:25:00+00:00,2449.9
2025-02-09 16:30:00+00:00,3009.6
2025-02-09 16:35:00+00:00,3009.6
2025-02-09 16:40:00+00:00,3009.6
2025-02-09 16:45:00+00:00,2810.3
2025-02-09 16:50:00+00:00,2810.3
2025-02-09 16:55:00+00:00,2810.3
2025-02-09 17:00:00+00:00,1124.3
2025-02-09 17:05:00+00:00,1124.3
2025-02-09 17:10:00+00:00,1124.3
2025-02-09 17:15:00+00:00,2682.7
2025-02-09 17:20:00+00:00,2682.7
2025-02-09 17:25:00+00:00,2682.7
2025-02-09 17:30:00+00:00,2174.9
2025-02-09 17:35:00+00:00,2174.9
2025-02-09 17:40:00+00:00,2174.9
2025-02-09 17:45:00+00:00,3069.9
2025-02-09 17:50:00+00:00,3069.9
2025-02-09 17:55:00+00:00,3069.9
2025-02-09 18:00:00+00:00,1878.5
2025-02-09 18:05:00+00:00,1878.5
2025-02-09 18:10:00+00:00,1878.5
2025-02-09 18:15:00+00:00,3214.7
2025-02-09 18:20:00+00:00,3214.7
2025-02-09 18:25:00+00:00,3214.7
2025-02-09 18:30:00+00:00,3261.4
2025-02-09 18:35:00+00:00,3261.4
2025-02-09 18:40:00+00:00,3261.4
2025-02-09 18:45:00+00:00,2007.3
2025-02-09 18:50:00+00:00,2007.3
2025-02-09 18:55:00+00:00,2007.3
2025-02-09 19:00:00+00:00,1854.0
2025-02-09 19:05:00+00:00,1854.0
2025-02-09 19:10:00+00:00,1854.0
2025-02-09 19:15:00+00:00,2609.1
2025-02-09 19:20:00+00:00,2609.1
2025-02-09 19:25:00+00:00,2609.1
2025-02-09 19:30:00+00:00,2921.9
2025-02-09 19:35:00+00:00,2921.9
2025-02-09 19:40:00+00:00,2921.9
2025-02-09 19:45:00+00:00,1948.5
2025-02-09 19:50:00+00:00,1948.5
2025-02-09 19:55:00+00:00,1948.5
2025-02-09 20:00:00+00:00,1579.3
2025-02-09 20:05:00+00:00,1579.3
2025-02-09 20:10:00+00:00,1579.3
2025-02-09 20:15:00+00:00,3194.6
2025-02-09 20:20:00+00:00,3194.6
2025-02-09 20:25:00+00:00,3194.6
2025-02-09 20:30:00+00:00,2227.4
2025-02-09 20:35:00+00:00,2227.4
2025-02-09 20:40:00+00:00,2227.4
2025-02-09 20:45:00+00:00,2286.4
2025-02-09 20:50:00+00:00,2286.4
2025-02-09 20:55:00+00:00,2286.4
2025-02-09 21:00:00+00:00,2861.4
2025-02-09 21:05:00+00:00,2861.4
2025-02-09 21:10:00+00:00,2861.4
2025-02-09 21:15:00+00:00,1827.7
2025-02-09 21:20:00+00:00,1827.7
2025-02-09 21:25:00+00:00,1827.7
2025-02-09 21:30:00+00:00,1851.9
2025-02-09 21:35:00+00:00,1851.9
2025-02-09 21:40:00+00:00,1851.9
2025-02-09 21:45:00+00:00,3104.0
2025-02-09 21:50:00+00:00,3104.0
2025-02-09 21:55:00+00:00,3104.0
2025-02-09 22:00:00+00:00,1186.9
2025-02-09 22:05:00+00:00,1186.9
2025-02-09 22:10:00+00:00,1186.9
2025-02-09 22:15:00+00:00,2956.9
2025-02-09 22:20:00+00:00,2956.9
2025-02-09 22:25:00+00:00,2956.9
2025-02-09 22:30:00+00:00,2308.5
2025-02-09 22:35:00+00:00,2308.5
2025-02-09 22:40:00+00:00,2308.5
2025-02-09 22:45:00+00:00,2441.1
2025-02-09 22:50:00+00:00,2441.1
2025-02-09 22:55:00+00:00,2441.1
2025-02-09 23:00:00+00:00,2282.5
2025-02-09 23:05:00+00:00,2282.5
2025-02-09 23:10:00+00:00,2282.5
2025-02-09 23:15:00+00:00,2935.8
2025-02-09 23:20:00+00:00,2935.8
2025-02-09 23:25:00+00:00,2935.8
2025-02-09 23:30:00+00:00,1449.8
2025-02-09 23:35:00+00:00,1449.8
2025-02-09 23:40:00+00:00,1449.8
2025-02-09 23:45:00+00:00,2338.3
2025-02-09 23:50:00+00:00,2338.3
2025-02-09 23:55:00+00:00,2338.3
2025-02-10 00:00:00+00:00,2956.6
2025-02-10 00:05:00+00:00,2956.6
2025-02-10 00:10:00+00:00,2956.6
2025-02-10 00:15:00+00:00,3318.0
2025-02-10 00:20:00+00:00,3318.0
2025-02-10 00:25:00+00:00,3318.0
2025-02-10 00:30:00+00:00,3125.5
2025-02-10 00:35:00+00:00,3125.5
2025-02-10 00:40:00+00:00,3125.5
2025-02-10 00:45:00+00:00,3793.1
2025-02-10 00:50:00+00:00,3793.1
2025-02-10 00:55:00+00:00,3793.1
2025-02-10 01:00:00+00:00,5708.3
2025-02-10 01:05:00+00:00,5708.3
2025-02-10 01:10:00+00:00,5708.3
2025-02-10 01:15:00+00:00,3711.4
2025-02-10 01:20:00+00:00,3711.4
2025-02-10 01:25:00+00:00,3711.4
2025-02-10 01:30:00+00:00,5121.4
2025-02-10 01:35:00+00:00,5121.4
2025-02-10 01:40:00+00:00,5121.4
2025-02-10 01:45:00+00:00,4315.2
2025-02-10 01:50:00+00:00,4315.2
2025-02-10 01:55:00+00:00,4315.2
2025-02-10 02:00:00+00:00,6151.1
2025-02-10 02:05:00+00:00,6151.1
2025-02-10 02:10:00+00:00,6151.1
2025-02-10 02:15:00+00:00,5103.0
2025-02-10 02:20:00+00:00,5103.0
2025-02-10 02:25:00+00:00,5103.0
2025-02-10 02:30:00+00:00,5374.4
2025-02-10 02:35:00+00:00,5374.4
2025-02-10 02:40:00+00:00,5374.4
2025-02-10 02:45:00+00:00,6417.9
2025-02-10 02:50:00+00:00,6417.9
2025-02-10 02:55:00+00:00,6417.9
2025-02-10 03:00:00+00:00,4303.6
2025-02-10 03:05:00+00:00,4303.6
2025-02-10 03:10:00+00:00,4303.6
2025-02-10 03:15:00+00:00,4852.8
2025-02-10 03:20:00+00:00,4852.8
2025-02-10 03:25:00+00:00,4852.8
2025-02-10 03:30:00+00:00,6041.2
2025-02-10 03:35:00+00:00,6041.2
2025-02-10 03:40:00+00:00,6041.2
2025-02-10 03:45:00+00:00,3517.6
2025-02-10 03:50:00+00:00,3517.6
2025-02-10 03:55:00+00:00,3517.6
2025-02-10 04:00:00+00:00,6035.0
2025-02-10 04:05:00+00:00,6035.0
2025-02-10 04:10:00+00:00,6035.0
2025-02-10 04:15:00+00:00,3219.2
2025-02-10 04:20:00+00:00,3219.2
2025-02-10 04:25:00+00:00,3219.2
2025-02-10 04:30:00+00:00,2552.3
2025-02-10 04:35:00+00:00,2552.3
2025-02-10 04:40:00+00:00,2552.3
2025-02-10 04:45:00+00:00,3324.0
2025-02-10 04:50:00+00:00,3324.0
2025-02-10 04:55:00+00:00,3324.0
2025-02-10 05:00:00+00:00,1100.6
2025-02-10 05:05:00+00:00,1100.6
2025-02-10 05:10:00+00:00,1100.6
2025-02-10 05:15:00+00:00,1986.4
2025-02-10 05:20:00+00:00,1986.4
2025-02-10 05:25:00+00:00,1986.4
2025-02-10 05:30:00+00:00,2840.0
2025-02-10 05:35:00+00:00,2840.0
2025-02-10 05:40:00+00:00,2840.0
2025-02-10 05:45:00+00:00,2425.6
2025-02-10 05:50:00+00:00,2425.6
2025-02-10 05:55:00+00:00,2425.6
2025-02-10 06:00:00+00:00,3466.1
2025-02-10 06:05:00+00:00,3466.1
2025-02-10 06:10:00+00:00,3466.1
2025-02-10 06:15:00+00:00,1827.2
2025-02-10 06:20:00+00:00,1827.2
2025-02-10 06:25:00+00:00,1827.2
2025-02-10 06:30:00+00:00,2303.6
2025-02-10 06:35:00+00:00,2303.6
2025-02-10 06:40:00+00:00,2303.6
2025-02-10 06:45:00+00:00,2684.6
2025-02-10 06:50:00+00:00,2684.6
2025-02-10 06:55:00+00:00,2684.6
2025-02-10 07:00:00+00:00,2074.2
2025-02-10 07:05:00+00:00,2074.2
2025-02-10 07:10:00+00:00,2074.2
2025-02-10 07:15:00+00:00,2144.3
2025-02-10 07:20:00+00:00,2144.3
2025-02-10 07:25:00+00:00,2144.3
2025-02-10 07:30:00+00:00,1844.6
2025-02-10 07:35:00+00:00,1844.6
2025-02-10 07:40:00+00:00,1844.6
2025-02-10 07:45:00+00:00,2196.1
2025-02-10 07:50:00+00:00,2196.1
2025-02-10 07:55:00+00:00,2196.1
2025-02-10 08:00:00+00:00,1451.2
2025-02-10 08:05:00+00:00,1451.2
2025-02-10 08:10:00+00:00,1451.2
2025-02-10 08:15:00+00:00,2469.1
2025-02-10 08:20:00+00:00,2469.1
2025-02-10 08:25:00+00:00,2469.1
2025-02-10 08:30:00+00:00,2944.6
2025-02-10 08:35:00+00:00,2944.6
2025-02-10 08:40:00+00:00,2944.6
2025-02-10 08:45:00+00:00,1122.2
2025-02-10 08:50:00+00:00,1122.2
2025-02-10 08:55:00+00:00,1122.2
2025-02-10 09:00:00+00:00,2928.7
2025-02-10 09:05:00+00:00,2928.7
2025-02-10 09:10:00+00:00,2928.7
2025-02-10 09:15:00+00:00,2219.8
2025-02-10 09:20:00+00:00,2219.8
2025-02-10 09:25:00+00:00,2219.8
2025-02-10 09:30:00+00:00,2782.5
2025-02-10 09:35:00+00:00,2782.5
2025-02-10 09:40:00+00:00,2782.5
2025-02-10 09:45:00+00:00,2645.9
2025-02-10 09:50:00+00:00,2645.9
2025-02-10 09:55:00+00:00,2645.9
2025-02-10 10:00:00+00:00,2149.7
2025-02-10 10:05:00+00:00,2149.7
2025-02-10 10:10:00+00:00,2149.7
2025-02-10 10:15:00+00:00,2851.0
2025-02-10 10:20:00+00:00,2851.0
2025-02-10 10:25:00+00:00,2851.0
2025-02-10 10:30:00+00:00,2196.8
2025-02-10 10:35:00+00:00,2196.8
2025-02-10 10:40:00+00:00,2196.8
2025-02-10 10:45:00+00:00,2171.9
2025-02-10 10:50:00+00:00,2171.9
2025-02-10 10:55:00+00:00,2171.9
2025-02-10 11:00:00+00:00,1885.8
2025-02-10 11:05:00+00:00,1885.8
2025-02-10 11:10:00+00:00,1885.8
2025-02-10 11:15:00+00:00,1205.1
2025-02-10 11:20:00+00:00,1205.1
2025-02-10 11:25:00+00:00,1205.1
2025-02-10 11:30:00+00:00,2785.0
2025-02-10 11:35:00+00:00,2785.0
2025-02-10 11:40:00+00:00,2785.0
2025-02-10 11:45:00+00:00,3118.9
2025-02-10 11:50:00+00:00,3118.9
2025-02-10 11:55:00+00:00,3118.9
2025-02-10 12:00:00+00:00,2387.5
2025-02-10 12:05:00+00:00,2387.5
2025-02-10 12:10:00+00:00,2387.5
2025-02-10 12:15:00+00:00,1815.5
2025-02-10 12:20:00+00:00,1815.5
2025-02-10 12:25:00+00:00,1815.5
2025-02-10 12:30:00+00:00,3018.1
2025-02-10 12:35:00+00:00,3018.1
2025-02-10 12:40:00+00:00,3018.1
2025-02-10 12:45:00+00:00,1776.3
2025-02-10 12:50:00+00:00,1776.3
2025-02-10 12:55:00+00:00,1776.3
2025-02-10 13:00:00+00:00,1500.8
2025-02-10 13:05:00+00:00,1500.8
2025-02-10 13:10:00+00:00,1500.8
2025-02-10 13:15:00+00:00,2285.0
2025-02-10 13:20:00+00:00,2285.0
2025-02-10 13:25:00+00:00,2285.0
2025-02-10 13:30:00+00:00,2362.6
2025-02-10 13:35:00+00:00,2362.6
2025-02-10 13:40:00+00:00,2362.6
2025-02-10 13:45:00+00:00,2285.6
2025-02-10 13:50:00+00:00,2285.6
2025-02-10 13:55:00+00:00,2285.6
2025-02-10 14:00:00+00:00,3877.4
2025-02-10 14:05:00+00:00,3877.4
2025-02-10 14:10:00+00:00,3877.4
2025-02-10 14:15:00+00:00,2283.0
2025-02-10 14:20:00+00:00,2283.0
2025-02-10 14:25:00+00:00,2283.0
2025-02-10 14:30:00+00:00,1781.4
2025-02-10 14:35:00+00:00,1781.4
2025-02-10 14:40:00+00:00,1781.4
2025-02-10 14:45:00+00:00,2650.9
2025-02-10 14:50:00+00:00,2650.9
2025-02-10 14:55:00+00:00,2650.9
2025-02-10 15:00:00+00:00,2186.4
2025-02-10 15:05:00+00:00,2186.4
2025-02-10 15:10:00+00:00,2186.4
2025-02-10 15:15:00+00:00,2238.0
2025-02-10 15:20:00+00:00,2238.0
2025-02-10 15:25:00+00:00,2238.0
2025-02-10 15:30:00+00:00,1851.7
2025-02-10 15:35:00+00:00,1851.7
2025-02-10 15:40:00+00:00,1851.7
2025-02-10 15:45:00+00:00,1817.1
2025-02-10 15:50:00+00:00,1817.1
2025-02-10 15:55:00+00:00,1817.1
2025-02-10 16:00:00+00:00,2290.8
2025-02-10 16:05:00+00:00,2290.8
2025-02-10 16:10:00+00:00,2290.8
2025-02-10 16:15:00+00:00,1861.4
2025-02-10 16:20:00+00:00,1861.4
2025-02-10 16:25:00+00:00,1861.4
2025-02-10 16:30:00+00:00,2915.6
2025-02-10 16:35:00+00:00,2915.6
2025-02-10 16:40:00+00:00,2915.6
2025-02-10 16:45:00+00:00,1549.4
2025-02-10 16:50:00+00:00,1549.4
2025-02-10 16:55:00+00:00,1549.4
2025-02-10 17:00:00+00:00,2211.6
2025-02-10 17:05:00+00:00,2211.6
2025-02-10 17:10:00+00:00,2211.6
2025-02-10 17:15:00+00:00,2175.1
2025-02-10 17:20:00+00:00,2175.1
2025-02-10 17:25:00+00:00,2175.1
2025-02-10 17:30:00+00:00,2299.0
2025-02-10 17:35:00+00:00,2299.0
2025-02-10 17:40:00+00:00,2299.0
2025-02-10 17:45:00+00:00,2611.3
2025-02-10 17:50:00+00:00,2611.3
2025-02-10 17:55:00+00:00,2611.3
2025-02-10 18:00:00+00:00,2861.2
2025-02-10 18:05:00+00:00,2861.2
2025-02-10 18:10:00+00:00,2861.2
2025-02-10 18:15:00+00:00,1877.5
2025-02-10 18:20:00+00:00,1877.5
2025-02-10 18:25:00+00:00,1877.5
2025-02-10 18:30:00+00:00,2274.7
2025-02-10 18:35:00+00:00,2274.7
2025-02-10 18:40:00+00:00,2274.7
2025-02-10 18:45:00+00:00,2909.3
2025-02-10 18:50:00+00:00,2909.3
2025-02-10 18:55:00+00:00,2909.3
2025-02-10 19:00:00+00:00,2213.5
2025-02-10 19:05:00+00:00,2213.5
2025-02-10 19:10:00+00:00,2213.5
2025-02-10 19:15:00+00:00,2221.0
2025-02-10 19:20:00+00:00,2221.0
2025-02-10 19:25:00+00:00,2221.0
2025-02-10 19:30:00+00:00,2325.9
2025-02-10 19:35:00+00:00,2325.9
2025-02-10 19:40:00+00:00,2325.9
2025-02-10 19:45:00+00:00,2469.3
2025-02-10 19:50:00+00:00,2469.3
2025-02-10 19:55:00+00:00,2469.3
2025-02-10 20:00:00+00:00,1862.4
2025-02-10 20:05:00+00:00,1862.4
2025-02-10 20:10:00+00:00,1862.4
2025-02-10 20:15:00+00:00,2983.6
2025-02-10 20:20:00+00:00,2983.6
2025-02-10 20:25:00+00:00,2983.6
2025-02-10 20:30:00+00:00,1545.1
2025-02-10 20:35:00+00:00,1545.1
2025-02-10 20:40:00+00:00,1545.1
2025-02-10 20:45:00+00:00,1981.3
2025-02-10 20:50:00+00:00,1981.3
2025-02-10 20:55:00+00:00,1981.3
2025-02-10 21:00:00+00:00,3404.3
2025-02-10 21:05:00+00:00,3404.3
2025-02-10 21:10:00+00:00,3404.3
2025-02-10 21:15:00+00:00,2578.9
2025-02-10 21:20:00+00:00,2578.9
2025-02-10 21:25:00+00:00,2578.9
2025-02-10 21:30:00+00:00,3013.8
2025-02-10 21:35:00+00:00,3013.8
2025-02-10 21:40:00+00:00,3013.8
2025-02-10 21:45:00+00:00,2609.5
2025-02-10 21:50:00+00:00,2609.5
2025-02-10 21:55:00+00:00,2609.5
2025-02-10 22:00:00+00:00,1796.6
2025-02-10 22:05:00+00:00,1796.6
2025-02-10 22:10:00+00:00,1796.6
2025-02-10 22:15:00+00:00,2193.7
2025-02-10 22:20:00+00:00,2193.7
2025-02-10 22:25:00+00:00,2193.7
2025-02-10 22:30:00+00:00,2093.5
2025-02-10 22:35:00+00:00,2093.5
2025-02-10 22:40:00+00:00,2093.5
2025-02-10 22:45:00+00:00,1187.4
2025-02-10 22:50:00+00:00,1187.4
2025-02-10 22:55:00+00:00,1187.4
2025-02-10 23:00:00+00:00,3036.3
2025-02-10 23:05:00+00:00,3036.3
2025-02-10 23:10:00+00:00,3036.3
2025-02-10 23:15:00+00:00,2903.6
2025-02-10 23:20:00+00:00,2903.6
2025-02-10 23:25:00+00:00,2903.6
2025-02-10 23:30:00+00:00,2626.8
2025-02-10 23:35:00+00:00,2626.8
2025-02-10 23:40:00+00:00,2626.8
2025-02-10 23:45:00+00:00,2864.3
2025-02-10 23:50:00+00:00,2864.3
2025-02-10 23:55:00+00:00,2864.3
2025-02-11 00:00:00+00:00,3311.4
2025-02-11 00:05:00+00:00,3311.4
2025-02-11 00:10:00+00:00,3311.4
2025-02-11 00:15:00+00:00,2661.2
2025-02-11 00:20:00+00:00,2661.2
2025-02-11 00:25:00+00:00,2661.2
2025-02-11 00:30:00+00:00,3768.7
2025-02-11 00:35:00+00:00,3768.7
2025-02-11 00:40:00+00:00,3768.7
2025-02-11 00:45:00+00:00,3395.1
2025-02-11 00:50:00+00:00,3395.1
2025-02-11 00:55:00+00:00,3395.1
2025-02-11 01:00:00+00:00,4121.1
2025-02-11 01:05:00+00:00,4121.1
2025-02-11 01:10:00+00:00,4121.1
2025-02-11 01:15:00+00:00,5300.5
2025-02-11 01:20:00+00:00,5300.5
2025-02-11 01:25:00+00:00,5300.5
2025-02-11 01:30:00+00:00,4144.6
2025-02-11 01:35:00+00:00,4144.6
2025-02-11 01:40:00+00:00,4144.6
2025-02-11 01:45:00+00:00,5662.8
2025-02-11 01:50:00+00:00,5662.8
2025-02-11 01:55:00+00:00,5662.8
2025-02-11 02:00:00+00:00,5452.5
2025-02-11 02:05:00+00:00,5452.5
2025-02-11 02:10:00+00:00,5452.5
2025-02-11 02:15:00+00:00,5283.3
2025-02-11 02:20:00+00:00,5283.3
2025-02-11 02:25:00+00:00,5283.3
2025-02-11 02:30:00+00:00,5836.8
2025-02-11 02:35:00+00:00,5836.8
2025-02-11 02:40:00+00:00,5836.8
2025-02-11 02:45:00+00:00,5748.1
2025-02-11 02:50:00+00:00,5748.1
2025-02-11 02:55:00+00:00,5748.1
2025-02-11 03:00:00+00:00,4809.6
2025-02-11 03:05:00+00:00,4809.6
2025-02-11 03:10:00+00:00,4809.6
2025-02-11 03:15:00+00:00,5221.0
2025-02-11 03:20:00+00:00,5221.0
2025-02-11 03:25:00+00:00,5221.0
2025-02-11 03:30:00+00:00,3856.9
2025-02-11 03:35:00+00:00,3856.9
2025-02-11 03:40:00+00:00,3856.9
2025-02-11 03:45:00+00:00,4872.7
2025-02-11 03:50:00+00:00,4872.7
2025-02-11 03:55:00+00:00,4872.7
2025-02-11 04:00:00+00:00,3637.6
2025-02-11 04:05:00+00:00,3637.6
2025-02-11 04:10:00+00:00,3637.6
2025-02-11 04:15:00+00:00,3306.6
2025-02-11 04:20:00+00:00,3306.6
2025-02-11 04:25:00+00:00,3306.6
2025-02-11 04:30:00+00:00,3724.3
2025-02-11 04:35:00+00:00,3724.3
2025-02-11 04:40:00+00:00,3724.3
2025-02-11 04:45:00+00:00,1920.1
2025-02-11 04:50:00+00:00,1920.1
2025-02-11 04:55:00+00:00,1920.1
2025-02-11 05:00:00+00:00,2667.1
2025-02-11 05:05:00+00:00,2667.1
2025-02-11 05:10:00+00:00,2667.1
2025-02-11 05:15:00+00:00,3028.6
2025-02-11 05:20:00+00:00,3028.6
2025-02-11 05:25:00+00:00,3028.6
2025-02-11 05:30:00+00:00,2587.4
2025-02-11 05:35:00+00:00,2587.4
2025-02-11 05:40:00+00:00,2587.4
2025-02-11 05:45:00+00:00,1907.2
2025-02-11 05:50:00+00:00,1907.2
2025-02-11 05:55:00+00:00,1907.2
2025-02-11 06:00:00+00:00,2519.4
2025-02-11 06:05:00+00:00,2519.4
2025-02-11 06:10:00+00:00,2519.4
2025-02-11 06:15:00+00:00,2313.3
2025-02-11 06:20:00+00:00,2313.3
2025-02-11 06:25:00+00:00,2313.3
2025-02-11 06:30:00+00:00,1491.9
2025-02-11 06:35:00+00:00,1491.9
2025-02-11 06:40:00+00:00,1491.9
2025-02-11 06:45:00+00:00,1804.7
2025-02-11 06:50:00+00:00,1804.7
2025-02-11 06:55:00+00:00,1804.7
2025-02-11 07:00:00+00:00,2783.3
2025-02-11 07:05:00+00:00,2783.3
2025-02-11 07:10:00+00:00,2783.3
2025-02-11 07:15:00+00:00,2969.2
2025-02-11 07:20:00+00:00,2969.2
2025-02-11 07:25:00+00:00,2969.2
2025-02-11 07:30:00+00:00,1818.5
2025-02-11 07:35:00+00:00,1818.5
2025-02-11 07:40:00+00:00,1818.5
2025-02-11 07:45:00+00:00,2116.8
2025-02-11 07:50:00+00:00,2116.8
2025-02-11 07:55:00+00:00,2116.8
2025-02-11 08:00:00+00:00,2041.2
2025-02-11 08:05:00+00:00,2041.2
2025-02-11 08:10:00+00:00,2041.2
2025-02-11 08:15:00+00:00,2271.4
2025-02-11 08:20:00+00:00,2271.4
2025-02-11 08:25:00+00:00,2271.4
2025-02-11 08:30:00+00:00,2153.6
2025-02-11 08:35:00+00:00,2153.6
2025-02-11 08:40:00+00:00,2153.6
2025-02-11 08:45:00+00:00,1152.2
2025-02-11 08:50:00+00:00,1152.2
2025-02-11 08:55:00+00:00,1152.2
2025-02-11 09:00:00+00:00,3815.4
2025-02-11 09:05:00+00:00,3815.4
2025-02-11 09:10:00+00:00,3815.4
2025-02-11 09:15:00+00:00,1482.2
2025-02-11 09:20:00+00:00,1482.2
2025-02-11 09:25:00+00:00,1482.2
2025-02-11 09:30:00+00:00,2243.2
2025-02-11 09:35:00+00:00,2243.2
2025-02-11 09:40:00+00:00,2243.2
2025-02-11 09:45:00+00:00,3407.7
2025-02-11 09:50:00+00:00,3407.7
2025-02-11 09:55:00+00:00,3407.7
2025-02-11 10:00:00+00:00,2339.5
2025-02-11 10:05:00+00:00,2339.5
2025-02-11 10:10:00+00:00,2339.5
2025-02-11 10:15:00+00:00,1888.0
2025-02-11 10:20:00+00:00,1888.0
2025-02-11 10:25:00+00:00,1888.0
2025-02-11 10:30:00+00:00,3085.9
2025-02-11 10:35:00+00:00,3085.9
2025-02-11 10:40:00+00:00,3085.9
2025-02-11 10:45:00+00:00,2462.2
2025-02-11 10:50:00+00:00,2462.2
2025-02-11 10:55:00+00:00,2462.2
2025-02-11 11:00:00+00:00,3017.6
2025-02-11 11:05:00+00:00,3017.6
2025-02-11 11:10:00+00:00,3017.6
2025-02-11 11:15:00+00:00,1899.5
2025-02-11 11:20:00+00:00,1899.5
2025-02-11 11:25:00+00:00,1899.5
2025-02-11 11:30:00+00:00,2197.5
2025-02-11 11:35:00+00:00,2197.5
2025-02-11 11:40:00+00:00,2197.5
2025-02-11 11:45:00+00:00,2120.1
2025-02-11 11:50:00+00:00,2120.1
2025-02-11 11:55:00+00:00,2120.1
2025-02-11 12:00:00+00:00,1228.6
2025-02-11 12:05:00+00:00,1228.6
2025-02-11 12:10:00+00:00,1228.6
2025-02-11 12:15:00+00:00,3163.0
2025-02-11 12:20:00+00:00,3163.0
2025-02-11 12:25:00+00:00,3163.0
2025-02-11 12:30:00+00:00,2177.7
2025-02-11 12:35:00+00:00,2177.7
2025-02-11 12:40:00+00:00,2177.7
2025-02-11 12:45:00+00:00,2910.9
2025-02-11 12:50:00+00:00,2910.9
2025-02-11 12:55:00+00:00,2910.9
2025-02-11 13:00:00+00:00,3045.8
2025-02-11 13:05:00+00:00,3045.8
2025-02-11 13:10:00+00:00,3045.8
2025-02-11 13:15:00+00:00,1881.7
2025-02-11 13:20:00+00:00,1881.7
2025-02-11 13:25:00+00:00,1881.7
2025-02-11 13:30:00+00:00,3041.5
2025-02-11 13:35:00+00:00,3041.5
2025-02-11 13:40:00+00:00,3041.5
2025-02-11 13:45:00+00:00,2704.9
2025-02-11 13:50:00+00:00,2704.9
2025-02-11 13:55:00+00:00,2704.9
2025-02-11 14:00:00+00:00,2813.8
2025-02-11 14:05:00+00:00,2813.8
2025-02-11 14:10:00+00:00,2813.8
2025-02-11 14:15:00+00:00,1455.1
2025-02-11 14:20:00+00:00,1455.1
2025-02-11 14:25:00+00:00,1455.1
2025-02-11 14:30:00+00:00,2290.0
2025-02-11 14:35:00+00:00,2290.0
2025-02-11 14:40:00+00:00,2290.0
2025-02-11 14:45:00+00:00,2265.1
2025-02-11 14:50:00+00:00,2265.1
2025-02-11 14:55:00+00:00,2265.1
2025-02-11 15:00:00+00:00,1524.9
2025-02-11 15:05:00+00:00,1524.9
2025-02-11 15:10:00+00:00,1524.9
2025-02-11 15:15:00+00:00,1545.1
2025-02-11 15:20:00+00:00,1545.1
2025-02-11 15:25:00+00:00,1545.1
2025-02-11 15:30:00+00:00,3426.6
2025-02-11 15:35:00+00:00,3426.6
2025-02-11 15:40:00+00:00,3426.6
2025-02-11 15:45:00+00:00,2274.6
2025-02-11 15:50:00+00:00,2274.6
2025-02-11 15:55:00+00:00,2274.6
2025-02-11 16:00:00+00:00,2417.8
2025-02-11 16:05:00+00:00,2417.8
2025-02-11 16:10:00+00:00,2417.8
2025-02-11 16:15:00+00:00,1848.6
2025-02-11 16:20:00+00:00,1848.6
2025-02-11 16:25:00+00:00,1848.6
2025-02-11 16:30:00+00:00,1496.9
2025-02-11 16:35:00+00:00,1496.9
2025-02-11 16:40:00+00:00,1496.9
2025-02-11 16:45:00+00:00,2553.6
2025-02-11 16:50:00+00:00,2553.6
2025-02-11 16:55:00+00:00,2553.6
2025-02-11 17:00:00+00:00,2213.2
2025-02-11 17:05:00+00:00,2213.2
2025-02-11 17:10:00+00:00,2213.2
2025-02-11 17:15:00+00:00,2206.7
2025-02-11 17:20:00+00:00,2206.7
2025-02-11 17:25:00+00:00,2206.7
2025-02-11 17:30:00+00:00,1855.8
2025-02-11 17:35:00+00:00,1855.8
2025-02-11 17:40:00+00:00,1855.8
2025-02-11 17:45:00+00:00,2762.4
2025-02-11 17:50:00+00:00,2762.4
2025-02-11 17:55:00+00:00,2762.4
2025-02-11 18:00:00+00:00,2706.1
2025-02-11 18:05:00+00:00,2706.1
2025-02-11 18:10:00+00:00,2706.1
2025-02-11 18:15:00+00:00,1824.5
2025-02-11 18:20:00+00:00,1824.5
2025-02-11 18:25:00+00:00,1824.5
2025-02-11 18:30:00+00:00,1512.8
2025-02-11 18:35:00+00:00,1512.8
2025-02-11 18:40:00+00:00,1512.8
2025-02-11 18:45:00+00:00,2694.0
2025-02-11 18:50:00+00:00,2694.0
2025-02-11 18:55:00+00:00,2694.0
2025-02-11 19:00:00+00:00,2545.1
2025-02-11 19:05:00+00:00,2545.1
2025-02-11 19:10:00+00:00,2545.1
2025-02-11 19:15:00+00:00,2332.5
2025-02-11 19:20:00+00:00,2332.5
2025-02-11 19:25:00+00:00,2332.5
2025-02-11 19:30:00+00:00,2947.1
2025-02-11 19:35:00+00:00,2947.1
2025-02-11 19:40:00+00:00,2947.1
2025-02-11 19:45:00+00:00,1873.0
2025-02-11 19:50:00+00:00,1873.0
2025-02-11 19:55:00+00:00,1873.0
2025-02-11 20:00:00+00:00,1476.2
2025-02-11 20:05:00+00:00,1476.2
2025-02-11 20:10:00+00:00,1476.2
2025-02-11 20:15:00+00:00,2615.3
2025-02-11 20:20:00+00:00,2615.3
2025-02-11 20:25:00+00:00,2615.3
2025-02-11 20:30:00+00:00,2424.1
2025-02-11 20:35:00+00:00,2424.1
2025-02-11 20:40:00+00:00,2424.1
2025-02-11 20:45:00+00:00,2591.3
2025-02-11 20:50:00+00:00,2591.3
2025-02-11 20:55:00+00:00,2591.3
2025-02-11 21:00:00+00:00,2201.1
2025-02-11 21:05:00+00:00,2201.1
2025-02-11 21:10:00+00:00,2201.1
2025-02-11 21:15:00+00:00,1746.5
2025-02-11 21:20:00+00:00,1746.5
2025-02-11 21:25:00+00:00,1746.5
2025-02-11 21:30:00+00:00,2565.9
2025-02-11 21:35:00+00:00,2565.9
2025-02-11 21:40:00+00:00,2565.9
2025-02-11 21:45:00+00:00,2235.9
2025-02-11 21:50:00+00:00,2235.9
2025-02-11 21:55:00+00:00,2235.9
2025-02-11 22:00:00+00:00,3224.7
2025-02-11 22:05:00+00:00,3224.7
2025-02-11 22:10:00+00:00,3224.7
2025-02-11 22:15:00+00:00,2636.3
2025-02-11 22:20:00+00:00,2636.3
2025-02-11 22:25:00+00:00,2636.3
2025-02-11 22:30:00+00:00,1479.4
2025-02-11 22:35:00+00:00,1479.4
2025-02-11 22:40:00+00:00,1479.4
2025-02-11 22:45:00+00:00,3154.2
2025-02-11 22:50:00+00:00,3154.2
2025-02-11 22:55:00+00:00,3154.2
2025-02-11 23:00:00+00:00,1522.7
2025-02-11 23:05:00+00:00,1522.7
2025-02-11 23:10:00+00:00,1522.7
2025-02-11 23:15:00+00:00,2006.4
2025-02-11 23:20:00+00:00,2006.4
2025-02-11 23:25:00+00:00,2006.4
2025-02-11 23:30:00+00:00,2658.8
2025-02-11 23:35:00+00:00,2658.8
2025-02-11 23:40:00+00:00,2658.8
2025-02-11 23:45:00+00:00,4120.6
2025-02-11 23:50:00+00:00,4120.6
2025-02-11 23:55:00+00:00,4120.6
2025-02-12 00:00:00+00:00,2283.1
2025-02-12 00:05:00+00:00,2283.1
2025-02-12 00:10:00+00:00,2283.1
2025-02-12 00:15:00+00:00,2992.0
2025-02-12 00:20:00+00:00,2992.0
2025-02-12 00:25:00+00:00,2992.0
2025-02-12 00:30:00+00:00,3623.8
2025-02-12 00:35:00+00:00,3623.8
2025-02-12 00:40:00+00:00,3623.8
2025-02-12 00:45:00+00:00,2311.4
2025-02-12 00:50:00+00:00,2311.4
2025-02-12 00:55:00+00:00,2311.4
2025-02-12 01:00:00+00:00,4470.8
2025-02-12 01:05:00+00:00,4470.8
2025-02-12 01:10:00+00:00,4470.8
2025-02-12 01:15:00+00:00,5059.3
2025-02-12 01:20:00+00:00,5059.3
2025-02-12 01:25:00+00:00,5059.3
2025-02-12 01:30:00+00:00,5861.4
2025-02-12 01:35:00+00:00,5861.4
2025-02-12 01:40:00+00:00,5861.4
2025-02-12 01:45:00+00:00,3736.9
2025-02-12 01:50:00+00:00,3736.9
2025-02-12 01:55:00+00:00,3736.9
2025-02-12 02:00:00+00:00,5202.1
2025-02-12 02:05:00+00:00,5202.1
2025-02-12 02:10:00+00:00,5202.1
2025-02-12 02:15:00+00:00,5754.1
2025-02-12 02:20:00+00:00,5754.1
2025-02-12 02:25:00+00:00,5754.1
2025-02-12 02:30:00+00:00,5151.8
2025-02-12 02:35:00+00:00,5151.8
2025-02-12 02:40:00+00:00,5151.8
2025-02-12 02:45:00+00:00,5086.2
2025-02-12 02:50:00+00:00,5086.2
2025-02-12 02:55:00+00:00,5086.2
2025-02-12 03:00:00+00:00,5336.4
2025-02-12 03:05:00+00:00,5336.4
2025-02-12 03:10:00+00:00,5336.4
2025-02-12 03:15:00+00:00,4191.0
2025-02-12 03:20:00+00:00,4191.0
2025-02-12 03:25:00+00:00,4191.0
2025-02-12 03:30:00+00:00,4598.6
2025-02-12 03:35:00+00:00,4598.6
2025-02-12 03:40:00+00:00,4598.6
2025-02-12 03:45:00+00:00,5964.2
2025-02-12 03:50:00+00:00,5964.2
2025-02-12 03:55:00+00:00,5964.2
2025-02-12 04:00:00+00:00,3332.3
2025-02-12 04:05:00+00:00,3332.3
2025-02-12 04:10:00+00:00,3332.3
2025-02-12 04:15:00+00:00,2690.4
2025-02-12 04:20:00+00:00,2690.4
2025-02-12 04:25:00+00:00,2690.4
2025-02-12 04:30:00+00:00,2636.3
2025-02-12 04:35:00+00:00,2636.3
2025-02-12 04:40:00+00:00,2636.3
2025-02-12 04:45:00+00:00,3111.3
2025-02-12 04:50:00+00:00,3111.3
2025-02-12 04:55:00+00:00,3111.3
2025-02-12 05:00:00+00:00,2626.3
2025-02-12 05:05:00+00:00,2626.3
2025-02-12 05:10:00+00:00,2626.3
2025-02-12 05:15:00+00:00,1390.5
2025-02-12 05:20:00+00:00,1390.5
2025-02-12 05:25:00+00:00,1390.5
2025-02-12 05:30:00+00:00,2254.8
2025-02-12 05:35:00+00:00,2254.8
2025-02-12 05:40:00+00:00,2254.8
2025-02-12 05:45:00+00:00,1536.8
2025-02-12 05:50:00+00:00,1536.8
2025-02-12 05:55:00+00:00,1536.8
2025-02-12 06:00:00+00:00,3102.2
2025-02-12 06:05:00+00:00,3102.2
2025-02-12 06:10:00+00:00,3102.2
2025-02-12 06:15:00+00:00,2267.1
2025-02-12 06:20:00+00:00,2267.1
2025-02-12 06:25:00+00:00,2267.1
2025-02-12 06:30:00+00:00,2404.3
2025-02-12 06:35:00+00:00,2404.3
2025-02-12 06:40:00+00:00,2404.3
2025-02-12 06:45:00+00:00,1899.7
2025-02-12 06:50:00+00:00,1899.7
2025-02-12 06:55:00+00:00,1899.7
2025-02-12 07:00:00+00:00,1940.6
2025-02-12 07:05:00+00:00,1940.6
2025-02-12 07:10:00+00:00,1940.6
2025-02-12 07:15:00+00:00,3022.1
2025-02-12 07:20:00+00:00,3022.1
2025-02-12 07:25:00+00:00,3022.1
2025-02-12 07:30:00+00:00,1904.1
2025-02-12 07:35:00+00:00,1904.1
2025-02-12 07:40:00+00:00,1904.1
2025-02-12 07:45:00+00:00,1870.9
2025-02-12 07:50:00+00:00,1870.9
2025-02-12 07:55:00+00:00,1870.9
2025-02-12 08:00:00+00:00,3092.2
2025-02-12 08:05:00+00:00,3092.2
2025-02-12 08:10:00+00:00,3092.2
2025-02-12 08:15:00+00:00,2274.8
2025-02-12 08:20:00+00:00,2274.8
2025-02-12 08:25:00+00:00,2274.8
2025-02-12 08:30:00+00:00,2298.2
2025-02-12 08:35:00+00:00,2298.2
2025-02-12 08:40:00+00:00,2298.2
2025-02-12 08:45:00+00:00,2572.2
2025-02-12 08:50:00+00:00,2572.2
2025-02-12 08:55:00+00:00,2572.2
2025-02-12 09:00:00+00:00,1159.5
2025-02-12 09:05:00+00:00,1159.5
2025-02-12 09:10:00+00:00,1159.5
2025-02-12 09:15:00+00:00,2969.3
2025-02-12 09:20:00+00:00,2969.3
2025-02-12 09:25:00+00:00,2969.3
2025-02-12 09:30:00+00:00,1526.5
2025-02-12 09:35:00+00:00,1526.5
2025-02-12 09:40:00+00:00,1526.5
2025-02-12 09:45:00+00:00,1942.8
2025-02-12 09:50:00+00:00,1942.8
2025-02-12 09:55:00+00:00,1942.8
2025-02-12 10:00:00+00:00,1952.1
2025-02-12 10:05:00+00:00,1952.1
2025-02-12 10:10:00+00:00,1952.1
2025-02-12 10:15:00+00:00,3384.2
2025-02-12 10:20:00+00:00,3384.2
2025-02-12 10:25:00+00:00,3384.2
2025-02-12 10:30:00+00:00,2643.3
2025-02-12 10:35:00+00:00,2643.3
2025-02-12 10:40:00+00:00,2643.3
2025-02-12 10:45:00+00:00,2577.7
2025-02-12 10:50:00+00:00,2577.7
2025-02-12 10:55:00+00:00,2577.7
2025-02-12 11:00:00+00:00,2122.8
2025-02-12 11:05:00+00:00,2122.8
2025-02-12 11:10:00+00:00,2122.8
2025-02-12 11:15:00+00:00,2876.4
2025-02-12 11:20:00+00:00,2876.4
2025-02-12 11:25:00+00:00,2876.4
2025-02-12 11:30:00+00:00,1568.5
2025-02-12 11:35:00+00:00,1568.5
2025-02-12 11:40:00+00:00,1568.5
2025-02-12 11:45:00+00:00,2213.2
2025-02-12 11:50:00+00:00,2213.2
2025-02-12 11:55:00+00:00,2213.2
2025-02-12 12:00:00+00:00,1545.0
2025-02-12 12:05:00+00:00,1545.0
2025-02-12 12:10:00+00:00,1545.0
2025-02-12 12:15:00+00:00,2237.8
2025-02-12 12:20:00+00:00,2237.8
2025-02-12 12:25:00+00:00,2237.8
2025-02-12 12:30:00+00:00,2909.8
2025-02-12 12:35:00+00:00,2909.8
2025-02-12 12:40:00+00:00,2909.8
2025-02-12 12:45:00+00:00,2606.2
2025-02-12 12:50:00+00:00,2606.2
2025-02-12 12:55:00+00:00,2606.2
2025-02-12 13:00:00+00:00,1504.3
2025-02-12 13:05:00+00:00,1504.3
2025-02-12 13:10:00+00:00,1504.3
2025-02-12 13:15:00+00:00,2345.2
2025-02-12 13:20:00+00:00,2345.2
2025-02-12 13:25:00+00:00,2345.2
2025-02-12 13:30:00+00:00,2150.6
2025-02-12 13:35:00+00:00,2150.6
2025-02-12 13:40:00+00:00,2150.6
2025-02-12 13:45:00+00:00,1511.3
2025-02-12 13:50:00+00:00,1511.3
2025-02-12 13:55:00+00:00,1511.3
2025-02-12 14:00:00+00:00,4382.4
2025-02-12 14:05:00+00:00,4382.4
2025-02-12 14:10:00+00:00,4382.4
2025-02-12 14:15:00+00:00,1829.2
2025-02-12 14:20:00+00:00,1829.2
2025-02-12 14:25:00+00:00,1829.2
2025-02-12 14:30:00+00:00,2301.7
2025-02-12 14:35:00+00:00,2301.7
2025-02-12 14:40:00+00:00,2301.7
2025-02-12 14:45:00+00:00,2226.7
2025-02-12 14:50:00+00:00,2226.7
2025-02-12 14:55:00+00:00,2226.7
2025-02-12 15:00:00+00:00,2201.0
2025-02-12 15:05:00+00:00,2201.0
2025-02-12 15:10:00+00:00,2201.0
2025-02-12 15:15:00+00:00,2104.9
2025-02-12 15:20:00+00:00,2104.9
2025-02-12 15:25:00+00:00,2104.9
2025-02-12 15:30:00+00:00,1472.4
2025-02-12 15:35:00+00:00,1472.4
2025-02-12 15:40:00+00:00,1472.4
2025-02-12 15:45:00+00:00,1888.1
2025-02-12 15:50:00+00:00,1888.1
2025-02-12 15:55:00+00:00,1888.1
2025-02-12 16:00:00+00:00,3202.5
2025-02-12 16:05:00+00:00,3202.5
2025-02-12 16:10:00+00:00,3202.5
2025-02-12 16:15:00+00:00,2275.6
2025-02-12 16:20:00+00:00,2275.6
2025-02-12 16:25:00+00:00,2275.6
2025-02-12 16:30:00+00:00,1914.6
2025-02-12 16:35:00+00:00,1914.6
2025-02-12 16:40:00+00:00,1914.6
2025-02-12 16:45:00+00:00,2264.8
2025-02-12 16:50:00+00:00,2264.8
2025-02-12 16:55:00+00:00,2264.8
2025-02-12 17:00:00+00:00,2822.3
2025-02-12 17:05:00+00:00,2822.3
2025-02-12 17:10:00+00:00,2822.3
2025-02-12 17:15:00+00:00,1867.0
2025-02-12 17:20:00+00:00,1867.0
2025-02-12 17:25:00+00:00,1867.0
2025-02-12 17:30:00+00:00,2206.1
2025-02-12 17:35:00+00:00,2206.1
2025-02-12 17:40:00+00:00,2206.1
2025-02-12 17:45:00+00:00,1893.9
2025-02-12 17:50:00+00:00,1893.9
2025-02-12 17:55:00+00:00,1893.9
2025-02-12 18:00:00+00:00,2318.3
2025-02-12 18:05:00+00:00,2318.3
2025-02-12 18:10:00+00:00,2318.3
2025-02-12 18:15:00+00:00,2909.3
2025-02-12 18:20:00+00:00,2909.3
2025-02-12 18:25:00+00:00,2909.3
2025-02-12 18:30:00+00:00,2209.6
2025-02-12 18:35:00+00:00,2209.6
2025-02-12 18:40:00+00:00,2209.6
2025-02-12 18:45:00+00:00,2196.7
2025-02-12 18:50:00+00:00,2196.7
2025-02-12 18:55:00+00:00,2196.7
2025-02-12 19:00:00+00:00,2037.4
2025-02-12 19:05:00+00:00,2037.4
2025-02-12 19:10:00+00:00,2037.4
2025-02-12 19:15:00+00:00,2223.8
2025-02-12 19:20:00+00:00,2223.8
2025-02-12 19:25:00+00:00,2223.8
2025-02-12 19:30:00+00:00,1824.5
2025-02-12 19:35:00+00:00,1824.5
2025-02-12 19:40:00+00:00,1824.5
2025-02-12 19:45:00+00:00,2584.5
2025-02-12 19:50:00+00:00,2584.5
2025-02-12 19:55:00+00:00,2584.5
2025-02-12 20:00:00+00:00,2166.8
2025-02-12 20:05:00+00:00,2166.8
2025-02-12 20:10:00+00:00,2166.8
2025-02-12 20:15:00+00:00,2519.8
2025-02-12 20:20:00+00:00,2519.8
2025-02-12 20:25:00+00:00,2519.8
2025-02-12 20:30:00+00:00,1852.6
2025-02-12 20:35:00+00:00,1852.6
2025-02-12 20:40:00+00:00,1852.6
2025-02-12 20:45:00+00:00,1567.8
2025-02-12 20:50:00+00:00,1567.8
2025-02-12 20:55:00+00:00,1567.8
2025-02-12 21:00:00+00:00,2079.5
2025-02-12 21:05:00+00:00,2079.5
2025-02-12 21:10:00+00:00,2079.5
2025-02-12 21:15:00+00:00,3067.3
2025-02-12 21:20:00+00:00,3067.3
2025-02-12 21:25:00+00:00,3067.3
2025-02-12 21:30:00+00:00,1810.6
2025-02-12 21:35:00+00:00,1810.6
2025-02-12 21:40:00+00:00,1810.6
2025-02-12 21:45:00+00:00,1812.9
2025-02-12 21:50:00+00:00,1812.9
2025-02-12 21:55:00+00:00,1812.9
2025-02-12 22:00:00+00:00,3168.5
2025-02-12 22:05:00+00:00,3168.5
2025-02-12 22:10:00+00:00,3168.5
2025-02-12 22:15:00+00:00,1876.9
2025-02-12 22:20:00+00:00,1876.9
2025-02-12 22:25:00+00:00,1876.9
2025-02-12 22:30:00+00:00,2527.3
2025-02-12 22:35:00+00:00,2527.3
2025-02-12 22:40:00+00:00,2527.3
2025-02-12 22:45:00+00:00,3107.3
2025-02-12 22:50:00+00:00,3107.3
2025-02-12 22:55:00+00:00,3107.3
2025-02-12 23:00:00+00:00,1436.0
2025-02-12 23:05:00+00:00,1436.0
2025-02-12 23:10:00+00:00,1436.0
2025-02-12 23:15:00+00:00,1921.2
2025-02-12 23:20:00+00:00,1921.2
2025-02-12 23:25:00+00:00,1921.2
2025-02-12 23:30:00+00:00,3289.9
2025-02-12 23:35:00+00:00,3289.9
2025-02-12 23:40:00+00:00,3289.9
2025-02-12 23:45:00+00:00,3040.7
2025-02-12 23:50:00+00:00,3040.7
2025-02-12 23:55:00+00:00,3040.7
2025-02-13 00:00:00+00:00,2538.8
2025-02-13 00:05:00+00:00,2538.8
2025-02-13 00:10:00+00:00,2538.8
2025-02-13 00:15:00+00:00,4867.5
2025-02-13 00:20:00+00:00,4867.5
2025-02-13 00:25:00+00:00,4867.5
2025-02-13 00:30:00+00:00,1803.4
2025-02-13 00:35:00+00:00,1803.4
2025-02-13 00:40:00+00:00,1803.4
2025-02-13 00:45:00+00:00,3019.1
2025-02-13 00:50:00+00:00,3019.1
2025-02-13 00:55:00+00:00,3019.1
2025-02-13 01:00:00+00:00,5429.1
2025-02-13 01:05:00+00:00,5429.1
2025-02-13 01:10:00+00:00,5429.1
2025-02-13 01:15:00+00:00,3823.5
2025-02-13 01:20:00+00:00,3823.5
2025-02-13 01:25:00+00:00,3823.5
2025-02-13 01:30:00+00:00,5582.8
2025-02-13 01:35:00+00:00,5582.8
2025-02-13 01:40:00+00:00,5582.8
2025-02-13 01:45:00+00:00,4215.2
2025-02-13 01:50:00+00:00,4215.2
2025-02-13 01:55:00+00:00,4215.2
2025-02-13 02:00:00+00:00,6211.2
2025-02-13 02:05:00+00:00,6211.2
2025-02-13 02:10:00+00:00,6211.2
2025-02-13 02:15:00+00:00,4558.9
2025-02-13 02:20:00+00:00,4558.9
2025-02-13 02:25:00+00:00,4558.9
2025-02-13 02:30:00+00:00,4702.1
2025-02-13 02:35:00+00:00,4702.1
2025-02-13 02:40:00+00:00,4702.1
2025-02-13 02:45:00+00:00,5812.2
2025-02-13 02:50:00+00:00,5812.2
2025-02-13 02:55:00+00:00,5812.2
2025-02-13 03:00:00+00:00,3994.1
2025-02-13 03:05:00+00:00,3994.1
2025-02-13 03:10:00+00:00,3994.1
2025-02-13 03:15:00+00:00,4477.9
2025-02-13 03:20:00+00:00,4477.9
2025-02-13 03:25:00+00:00,4477.9
2025-02-13 03:30:00+00:00,5916.2
2025-02-13 03:35:00+00:00,5916.2
2025-02-13 03:40:00+00:00,5916.2
2025-02-13 03:45:00+00:00,4052.2
2025-02-13 03:50:00+00:00,4052.2
2025-02-13 03:55:00+00:00,4052.2
2025-02-13 04:00:00+00:00,2652.4
2025-02-13 04:05:00+00:00,2652.4
2025-02-13 04:10:00+00:00,2652.4
2025-02-13 04:15:00+00:00,4613.9
2025-02-13 04:20:00+00:00,4613.9
2025-02-13 04:25:00+00:00,4613.9
2025-02-13 04:30:00+00:00,3258.4
2025-02-13 04:35:00+00:00,3258.4
2025-02-13 04:40:00+00:00,3258.4
2025-02-13 04:45:00+00:00,1456.7
2025-02-13 04:50:00+00:00,1456.7
2025-02-13 04:55:00+00:00,1456.7
2025-02-13 05:00:00+00:00,3112.4
2025-02-13 05:05:00+00:00,3112.4
2025-02-13 05:10:00+00:00,3112.4
2025-02-13 05:15:00+00:00,1897.3
2025-02-13 05:20:00+00:00,1897.3
2025-02-13 05:25:00+00:00,1897.3
2025-02-13 05:30:00+00:00,2571.1
2025-02-13 05:35:00+00:00,2571.1
2025-02-13 05:40:00+00:00,2571.1
2025-02-13 05:45:00+00:00,1825.6
2025-02-13 05:50:00+00:00,1825.6
2025-02-13 05:55:00+00:00,1825.6
2025-02-13 06:00:00+00:00,2599.1
2025-02-13 06:05:00+00:00,2599.1
2025-02-13 06:10:00+00:00,2599.1
2025-02-13 06:15:00+00:00,1919.0
2025-02-13 06:20:00+00:00,1919.0
2025-02-13 06:25:00+00:00,1919.0
2025-02-13 06:30:00+00:00,2468.6
2025-02-13 06:35:00+00:00,2468.6
2025-02-13 06:40:00+00:00,2468.6
2025-02-13 06:45:00+00:00,2183.4
2025-02-13 06:50:00+00:00,2183.4
2025-02-13 06:55:00+00:00,2183.4
2025-02-13 07:00:00+00:00,2711.6
2025-02-13 07:05:00+00:00,2711.6
2025-02-13 07:10:00+00:00,2711.6
2025-02-13 07:15:00+00:00,2235.6
2025-02-13 07:20:00+00:00,2235.6
2025-02-13 07:25:00+00:00,2235.6
2025-02-13 07:30:00+00:00,2014.9
2025-02-13 07:35:00+00:00,2014.9
2025-02-13 07:40:00+00:00,2014.9
2025-02-13 07:45:00+00:00,2143.9
2025-02-13 07:50:00+00:00,2143.9
2025-02-13 07:55:00+00:00,2143.9
2025-02-13 08:00:00+00:00,2199.6
2025-02-13 08:05:00+00:00,2199.6
2025-02-13 08:10:00+00:00,2199.6
2025-02-13 08:15:00+00:00,2980.3
2025-02-13 08:20:00+00:00,2980.3
2025-02-13 08:25:00+00:00,2980.3
2025-02-13 08:30:00+00:00,1488.5
2025-02-13 08:35:00+00:00,1488.5
2025-02-13 08:40:00+00:00,1488.5
2025-02-13 08:45:00+00:00,1490.0
2025-02-13 08:50:00+00:00,1490.0
2025-02-13 08:55:00+00:00,1490.0
2025-02-13 09:00:00+00:00,2929.5
2025-02-13 09:05:00+00:00,2929.5
2025-02-13 09:10:00+00:00,2929.5
2025-02-13 09:15:00+00:00,1860.0
2025-02-13 09:20:00+00:00,1860.0
2025-02-13 09:25:00+00:00,1860.0
2025-02-13 09:30:00+00:00,2715.6
2025-02-13 09:35:00+00:00,2715.6
2025-02-13 09:40:00+00:00,2715.6
2025-02-13 09:45:00+00:00,2211.7
2025-02-13 09:50:00+00:00,2211.7
2025-02-13 09:55:00+00:00,2211.7
2025-02-13 10:00:00+00:00,1761.4
2025-02-13 10:05:00+00:00,1761.4
2025-02-13 10:10:00+00:00,1761.4
2025-02-13 10:15:00+00:00,3730.1
2025-02-13 10:20:00+00:00,3730.1
2025-02-13 10:25:00+00:00,3730.1
2025-02-13 10:30:00+00:00,2109.1
2025-02-13 10:35:00+00:00,2109.1
2025-02-13 10:40:00+00:00,2109.1
2025-02-13 10:45:00+00:00,1198.5
2025-02-13 10:50:00+00:00,1198.5
2025-02-13 10:55:00+00:00,1198.5
2025-02-13 11:00:00+00:00,1965.6
2025-02-13 11:05:00+00:00,1965.6
2025-02-13 11:10:00+00:00,1965.6
2025-02-13 11:15:00+00:00,4343.4
2025-02-13 11:20:00+00:00,4343.4
2025-02-13 11:25:00+00:00,4343.4
2025-02-13 11:30:00+00:00,2239.0
2025-02-13 11:35:00+00:00,2239.0
2025-02-13 11:40:00+00:00,2239.0
2025-02-13 11:45:00+00:00,2452.8
2025-02-13 11:50:00+00:00,2452.8
2025-02-13 11:55:00+00:00,2452.8
2025-02-13 12:00:00+00:00,2287.4
2025-02-13 12:05:00+00:00,2287.4
2025-02-13 12:10:00+00:00,2287.4
2025-02-13 12:15:00+00:00,1809.2
2025-02-13 12:20:00+00:00,1809.2
2025-02-13 12:25:00+00:00,1809.2
2025-02-13 12:30:00+00:00,2536.7
2025-02-13 12:35:00+00:00,2536.7
2025-02-13 12:40:00+00:00,2536.7
2025-02-13 12:45:00+00:00,2564.2
2025-02-13 12:50:00+00:00,2564.2
2025-02-13 12:55:00+00:00,2564.2
2025-02-13 13:00:00+00:00,2319.4
2025-02-13 13:05:00+00:00,2319.4
2025-02-13 13:10:00+00:00,2319.4
2025-02-13 13:15:00+00:00,1779.7
2025-02-13 13:20:00+00:00,1779.7
2025-02-13 13:25:00+00:00,1779.7
2025-02-13 13:30:00+00:00,2272.8
2025-02-13 13:35:00+00:00,2272.8
2025-02-13 13:40:00+00:00,2272.8
2025-02-13 13:45:00+00:00,2578.8
2025-02-13 13:50:00+00:00,2578.8
2025-02-13 13:55:00+00:00,2578.8
2025-02-13 14:00:00+00:00,3594.9
2025-02-13 14:05:00+00:00,3594.9
2025-02-13 14:10:00+00:00,3594.9
2025-02-13 14:15:00+00:00,1526.7
2025-02-13 14:20:00+00:00,1526.7
2025-02-13 14:25:00+00:00,1526.7
2025-02-13 14:30:00+00:00,2641.7
2025-02-13 14:35:00+00:00,2641.7
2025-02-13 14:40:00+00:00,2641.7
2025-02-13 14:45:00+00:00,1931.8
2025-02-13 14:50:00+00:00,1931.8
2025-02-13 14:55:00+00:00,1931.8
2025-02-13 15:00:00+00:00,1825.9
2025-02-13 15:05:00+00:00,1825.9
2025-02-13 15:10:00+00:00,1825.9
2025-02-13 15:15:00+00:00,1942.4
2025-02-13 15:20:00+00:00,1942.4
2025-02-13 15:25:00+00:00,1942.4
2025-02-13 15:30:00+00:00,2134.4
2025-02-13 15:35:00+00:00,2134.4
2025-02-13 15:40:00+00:00,2134.4
2025-02-13 15:45:00+00:00,1820.3
2025-02-13 15:50:00+00:00,1820.3
2025-02-13 15:55:00+00:00,1820.3
2025-02-13 16:00:00+00:00,2830.7
2025-02-13 16:05:00+00:00,2830.7
2025-02-13 16:10:00+00:00,2830.7
2025-02-13 16:15:00+00:00,1789.8
2025-02-13 16:20:00+00:00,1789.8
2025-02-13 16:25:00+00:00,1789.8
2025-02-13 16:30:00+00:00,2255.1
2025-02-13 16:35:00+00:00,2255.1
2025-02-13 16:40:00+00:00,2255.1
2025-02-13 16:45:00+00:00,1864.0
2025-02-13 16:50:00+00:00,1864.0
2025-02-13 16:55:00+00:00,1864.0
2025-02-13 17:00:00+00:00,3056.5
2025-02-13 17:05:00+00:00,3056.5
2025-02-13 17:10:00+00:00,3056.5
2025-02-13 17:15:00+00:00,1568.3
2025-02-13 17:20:00+00:00,1568.3
2025-02-13 17:25:00+00:00,1568.3
2025-02-13 17:30:00+00:00,2316.4
2025-02-13 17:35:00+00:00,2316.4
2025-02-13 17:40:00+00:00,2316.4
2025-02-13 17:45:00+00:00,3033.5
2025-02-13 17:50:00+00:00,3033.5
2025-02-13 17:55:00+00:00,3033.5
2025-02-13 18:00:00+00:00,1896.7
2025-02-13 18:05:00+00:00,1896.7
2025-02-13 18:10:00+00:00,1896.7
2025-02-13 18:15:00+00:00,1519.5
2025-02-13 18:20:00+00:00,1519.5
2025-02-13 18:25:00+00:00,1519.5
2025-02-13 18:30:00+00:00,4526.5
2025-02-13 18:35:00+00:00,4526.5
2025-02-13 18:40:00+00:00,4526.5
2025-02-13 18:45:00+00:00,1787.9
2025-02-13 18:50:00+00:00,1787.9
2025-02-13 18:55:00+00:00,1787.9
2025-02-13 19:00:00+00:00,1809.7
2025-02-13 19:05:00+00:00,1809.7
2025-02-13 19:10:00+00:00,1809.7
2025-02-13 19:15:00+00:00,1171.6
2025-02-13 19:20:00+00:00,1171.6
2025-02-13 19:25:00+00:00,1171.6
2025-02-13 19:30:00+00:00,2653.5
2025-02-13 19:35:00+00:00,2653.5
2025-02-13 19:40:00+00:00,2653.5
2025-02-13 19:45:00+00:00,3216.2
2025-02-13 19:50:00+00:00,3216.2
2025-02-13 19:55:00+00:00,3216.2
2025-02-13 20:00:00+00:00,1879.6
2025-02-13 20:05:00+00:00,1879.6
2025-02-13 20:10:00+00:00,1879.6
2025-02-13 20:15:00+00:00,1886.8
2025-02-13 20:20:00+00:00,1886.8
2025-02-13 20:25:00+00:00,1886.8
2025-02-13 20:30:00+00:00,2454.8
2025-02-13 20:35:00+00:00,2454.8
2025-02-13 20:40:00+00:00,2454.8
2025-02-13 20:45:00+00:00,3242.6
2025-02-13 20:50:00+00:00,3242.6
2025-02-13 20:55:00+00:00,3242.6
2025-02-13 21:00:00+00:00,1893.2
2025-02-13 21:05:00+00:00,1893.2
2025-02-13 21:10:00+00:00,1893.2
2025-02-13 21:15:00+00:00,1587.4
2025-02-13 21:20:00+00:00,1587.4
2025-02-13 21:25:00+00:00,1587.4
2025-02-13 21:30:00+00:00,3203.3
2025-02-13 21:35:00+00:00,3203.3
2025-02-13 21:40:00+00:00,3203.3
2025-02-13 21:45:00+00:00,1790.2
2025-02-13 21:50:00+00:00,1790.2
2025-02-13 21:55:00+00:00,1790.2
2025-02-13 22:00:00+00:00,2076.2
2025-02-13 22:05:00+00:00,2076.2
2025-02-13 22:10:00+00:00,2076.2
2025-02-13 22:15:00+00:00,1156.2
2025-02-13 22:20:00+00:00,1156.2
2025-02-13 22:25:00+00:00,1156.2
2025-02-13 22:30:00+00:00,2566.4
2025-02-13 22:35:00+00:00,2566.4
2025-02-13 22:40:00+00:00,2566.4
2025-02-13 22:45:00+00:00,3014.1
2025-02-13 22:50:00+00:00,3014.1
2025-02-13 22:55:00+00:00,3014.1
2025-02-13 23:00:00+00:00,1805.1
2025-02-13 23:05:00+00:00,1805.1
2025-02-13 23:10:00+00:00,1805.1
2025-02-13 23:15:00+00:00,2242.5
2025-02-13 23:20:00+00:00,2242.5
2025-02-13 23:25:00+00:00,2242.5
2025-02-13 23:30:00+00:00,3034.1
2025-02-13 23:35:00+00:00,3034.1
2025-02-13 23:40:00+00:00,3034.1
2025-02-13 23:45:00+00:00,2981.4
2025-02-13 23:50:00+00:00,2981.4
2025-02-13 23:55:00+00:00,2981.4
2025-02-14 00:00:00+00:00,2767.0
2025-02-14 00:05:00+00:00,2767.0
2025-02-14 00:10:00+00:00,2767.0
2025-02-14 00:15:00+00:00,3788.5
2025-02-14 00:20:00+00:00,3788.5
2025-02-14 00:25:00+00:00,3788.5
2025-02-14 00:30:00+00:00,2229.8
2025-02-14 00:35:00+00:00,2229.8
2025-02-14 00:40:00+00:00,2229.8
2025-02-14 00:45:00+00:00,3089.3
2025-02-14 00:50:00+00:00,3089.3
2025-02-14 00:55:00+00:00,3089.3
2025-02-14 01:00:00+00:00,5563.5
2025-02-14 01:05:00+00:00,5563.5
2025-02-14 01:10:00+00:00,5563.5
2025-02-14 01:15:00+00:00,3741.8
2025-02-14 01:20:00+00:00,3741.8
2025-02-14 01:25:00+00:00,3741.8
2025-02-14 01:30:00+00:00,3896.5
2025-02-14 01:35:00+00:00,3896.5
2025-02-14 01:40:00+00:00,3896.5
2025-02-14 01:45:00+00:00,5404.0
2025-02-14 01:50:00+00:00,5404.0
2025-02-14 01:55:00+00:00,5404.0
2025-02-14 02:00:00+00:00,4605.3
2025-02-14 02:05:00+00:00,4605.3
2025-02-14 02:10:00+00:00,4605.3
2025-02-14 02:15:00+00:00,4587.2
2025-02-14 02:20:00+00:00,4587.2
2025-02-14 02:25:00+00:00,4587.2
2025-02-14 02:30:00+00:00,4929.9
2025-02-14 02:35:00+00:00,4929.9
2025-02-14 02:40:00+00:00,4929.9
2025-02-14 02:45:00+00:00,5554.6
2025-02-14 02:50:00+00:00,5554.6
2025-02-14 02:55:00+00:00,5554.6
2025-02-14 03:00:00+00:00,4171.6
2025-02-14 03:05:00+00:00,4171.6
2025-02-14 03:10:00+00:00,4171.6
2025-02-14 03:15:00+00:00,3830.8
2025-02-14 03:20:00+00:00,3830.8
2025-02-14 03:25:00+00:00,3830.8
2025-02-14 03:30:00+00:00,4831.3
2025-02-14 03:35:00+00:00,4831.3
2025-02-14 03:40:00+00:00,4831.3
2025-02-14 03:45:00+00:00,4816.1
2025-02-14 03:50:00+00:00,4816.1
2025-02-14 03:55:00+00:00,4816.1
2025-02-14 04:00:00+00:00,1608.7
2025-02-14 04:05:00+00:00,1608.7
2025-02-14 04:10:00+00:00,1608.7
2025-02-14 04:15:00+00:00,4450.8
2025-02-14 04:20:00+00:00,4450.8
2025-02-14 04:25:00+00:00,4450.8
2025-02-14 04:30:00+00:00,3138.2
2025-02-14 04:35:00+00:00,3138.2
2025-02-14 04:40:00+00:00,3138.2
2025-02-14 04:45:00+00:00,4178.2
2025-02-14 04:50:00+00:00,4178.2
2025-02-14 04:55:00+00:00,4178.2
2025-02-14 05:00:00+00:00,1578.5
2025-02-14 05:05:00+00:00,1578.5
2025-02-14 05:10:00+00:00,1578.5
2025-02-14 05:15:00+00:00,1593.0
2025-02-14 05:20:00+00:00,1593.0
2025-02-14 05:25:00+00:00,1593.0
2025-02-14 05:30:00+00:00,2652.3
2025-02-14 05:35:00+00:00,2652.3
2025-02-14 05:40:00+00:00,2652.3
2025-02-14 05:45:00+00:00,2457.6
2025-02-14 05:50:00+00:00,2457.6
2025-02-14 05:55:00+00:00,2457.6
2025-02-14 06:00:00+00:00,2525.6
2025-02-14 06:05:00+00:00,2525.6
2025-02-14 06:10:00+00:00,2525.6
2025-02-14 06:15:00+00:00,1671.7
2025-02-14 06:20:00+00:00,1671.7
2025-02-14 06:25:00+00:00,1671.7
2025-02-14 06:30:00+00:00,1462.9
2025-02-14 06:35:00+00:00,1462.9
2025-02-14 06:40:00+00:00,1462.9
2025-02-14 06:45:00+00:00,2144.2
2025-02-14 06:50:00+00:00,2144.2
2025-02-14 06:55:00+00:00,2144.2
2025-02-14 07:00:00+00:00,2568.9
2025-02-14 07:05:00+00:00,2568.9
2025-02-14 07:10:00+00:00,2568.9
2025-02-14 07:15:00+00:00,2217.1
2025-02-14 07:20:00+00:00,2217.1
2025-02-14 07:25:00+00:00,2217.1
2025-02-14 07:30:00+00:00,2180.8
2025-02-14 07:35:00+00:00,2180.8
2025-02-14 07:40:00+00:00,2180.8
2025-02-14 07:45:00+00:00,2378.4
2025-02-14 07:50:00+00:00,2378.4
2025-02-14 07:55:00+00:00,2378.4
2025-02-14 08:00:00+00:00,3013.0
2025-02-14 08:05:00+00:00,3013.0
2025-02-14 08:10:00+00:00,3013.0
2025-02-14 08:15:00+00:00,1498.4
2025-02-14 08:20:00+00:00,1498.4
2025-02-14 08:25:00+00:00,1498.4
2025-02-14 08:30:00+00:00,3257.9
2025-02-14 08:35:00+00:00,3257.9
2025-02-14 08:40:00+00:00,3257.9
2025-02-14 08:45:00+00:00,2183.6
2025-02-14 08:50:00+00:00,2183.6
2025-02-14 08:55:00+00:00,2183.6
2025-02-14 09:00:00+00:00,2782.2
2025-02-14 09:05:00+00:00,2782.2
2025-02-14 09:10:00+00:00,2782.2
2025-02-14 09:15:00+00:00,1449.8
2025-02-14 09:20:00+00:00,1449.8
2025-02-14 09:25:00+00:00,1449.8
2025-02-14 09:30:00+00:00,2636.9
2025-02-14 09:35:00+00:00,2636.9
2025-02-14 09:40:00+00:00,2636.9
2025-02-14 09:45:00+00:00,1193.2
2025-02-14 09:50:00+00:00,1193.2
2025-02-14 09:55:00+00:00,1193.2
2025-02-14 10:00:00+00:00,2226.2
2025-02-14 10:05:00+00:00,2226.2
2025-02-14 10:10:00+00:00,2226.2
2025-02-14 10:15:00+00:00,1912.0
2025-02-14 10:20:00+00:00,1912.0
2025-02-14 10:25:00+00:00,1912.0
2025-02-14 10:30:00+00:00,2695.5
2025-02-14 10:35:00+00:00,2695.5
2025-02-14 10:40:00+00:00,2695.5
2025-02-14 10:45:00+00:00,1928.3
2025-02-14 10:50:00+00:00,1928.3
2025-02-14 10:55:00+00:00,1928.3
2025-02-14 11:00:00+00:00,3404.4
2025-02-14 11:05:00+00:00,3404.4
2025-02-14 11:10:00+00:00,3404.4
2025-02-14 11:15:00+00:00,1554.4
2025-02-14 11:20:00+00:00,1554.4
2025-02-14 11:25:00+00:00,1554.4
2025-02-14 11:30:00+00:00,2994.2
2025-02-14 11:35:00+00:00,2994.2
2025-02-14 11:40:00+00:00,2994.2
2025-02-14 11:45:00+00:00,2218.7
2025-02-14 11:50:00+00:00,2218.7
2025-02-14 11:55:00+00:00,2218.7
2025-02-14 12:00:00+00:00,1924.8
2025-02-14 12:05:00+00:00,1924.8
2025-02-14 12:10:00+00:00,1924.8
2025-02-14 12:15:00+00:00,1919.8
2025-02-14 12:20:00+00:00,1919.8
2025-02-14 12:25:00+00:00,1919.8
2025-02-14 12:30:00+00:00,2109.8
2025-02-14 12:35:00+00:00,2109.8
2025-02-14 12:40:00+00:00,2109.8
2025-02-14 12:45:00+00:00,3385.4
2025-02-14 12:50:00+00:00,3385.4
2025-02-14 12:55:00+00:00,3385.4
2025-02-14 13:00:00+00:00,1529.4
2025-02-14 13:05:00+00:00,1529.4
2025-02-14 13:10:00+00:00,1529.4
2025-02-14 13:15:00+00:00,1490.6
2025-02-14 13:20:00+00:00,1490.6
2025-02-14 13:25:00+00:00,1490.6
2025-02-14 13:30:00+00:00,2600.1
2025-02-14 13:35:00+00:00,2600.1
2025-02-14 13:40:00+00:00,2600.1
2025-02-14 13:45:00+00:00,3558.3
2025-02-14 13:50:00+00:00,3558.3
2025-02-14 13:55:00+00:00,3558.3
2025-02-14 14:00:00+00:00,1822.4
2025-02-14 14:05:00+00:00,1822.4
2025-02-14 14:10:00+00:00,1822.4
2025-02-14 14:15:00+00:00,2820.7
2025-02-14 14:20:00+00:00,2820.7
2025-02-14 14:25:00+00:00,2820.7
2025-02-14 14:30:00+00:00,2228.9
2025-02-14 14:35:00+00:00,2228.9
2025-02-14 14:40:00+00:00,2228.9
2025-02-14 14:45:00+00:00,1109.1
2025-02-14 14:50:00+00:00,1109.1
2025-02-14 14:55:00+00:00,1109.1
2025-02-14 15:00:00+00:00,1981.2
2025-02-14 15:05:00+00:00,1981.2
2025-02-14 15:10:00+00:00,1981.2
2025-02-14 15:15:00+00:00,3039.3
2025-02-14 15:20:00+00:00,3039.3
2025-02-14 15:25:00+00:00,3039.3
2025-02-14 15:30:00+00:00,2662.1
2025-02-14 15:35:00+00:00,2662.1
2025-02-14 15:40:00+00:00,2662.1
2025-02-14 15:45:00+00:00,2025.1
2025-02-14 15:50:00+00:00,2025.1
2025-02-14 15:55:00+00:00,2025.1
2025-02-14 16:00:00+00:00,1511.8
2025-02-14 16:05:00+00:00,1511.8
2025-02-14 16:10:00+00:00,1511.8
2025-02-14 16:15:00+00:00,1729.0
2025-02-14 16:20:00+00:00,1729.0
2025-02-14 16:25:00+00:00,1729.0
2025-02-14 16:30:00+00:00,1124.3
2025-02-14 16:35:00+00:00,1124.3
2025-02-14 16:40:00+00:00,1124.3
2025-02-14 16:45:00+00:00,2222.0
2025-02-14 16:50:00+00:00,2222.0
2025-02-14 16:55:00+00:00,2222.0
2025-02-14 17:00:00+00:00,3247.5
2025-02-14 17:05:00+00:00,3247.5
2025-02-14 17:10:00+00:00,3247.5
2025-02-14 17:15:00+00:00,1459.4
2025-02-14 17:20:00+00:00,1459.4
2025-02-14 17:25:00+00:00,1459.4
2025-02-14 17:30:00+00:00,1925.1
2025-02-14 17:35:00+00:00,1925.1
2025-02-14 17:40:00+00:00,1925.1
2025-02-14 17:45:00+00:00,2010.8
2025-02-14 17:50:00+00:00,2010.8
2025-02-14 17:55:00+00:00,2010.8
2025-02-14 18:00:00+00:00,1559.9
2025-02-14 18:05:00+00:00,1559.9
2025-02-14 18:10:00+00:00,1559.9
2025-02-14 18:15:00+00:00,3081.4
2025-02-14 18:20:00+00:00,3081.4
2025-02-14 18:25:00+00:00,3081.4
2025-02-14 18:30:00+00:00,1116.9
2025-02-14 18:35:00+00:00,1116.9
2025-02-14 18:40:00+00:00,1116.9
2025-02-14 18:45:00+00:00,2092.2
2025-02-14 18:50:00+00:00,2092.2
2025-02-14 18:55:00+00:00,2092.2
2025-02-14 19:00:00+00:00,1784.2
2025-02-14 19:05:00+00:00,1784.2
2025-02-14 19:10:00+00:00,1784.2
2025-02-14 19:15:00+00:00,1881.8
2025-02-14 19:20:00+00:00,1881.8
2025-02-14 19:25:00+00:00,1881.8
2025-02-14 19:30:00+00:00,2285.8
2025-02-14 19:35:00+00:00,2285.8
2025-02-14 19:40:00+00:00,2285.8
2025-02-14 19:45:00+00:00,1889.1
2025-02-14 19:50:00+00:00,1889.1
2025-02-14 19:55:00+00:00,1889.1
2025-02-14 20:00:00+00:00,2268.7
2025-02-14 20:05:00+00:00,2268.7
2025-02-14 20:10:00+00:00,2268.7
2025-02-14 20:15:00+00:00,1939.7
2025-02-14 20:20:00+00:00,1939.7
2025-02-14 20:25:00+00:00,1939.7
2025-02-14 20:30:00+00:00,1912.7
2025-02-14 20:35:00+00:00,1912.7
2025-02-14 20:40:00+00:00,1912.7
2025-02-14 20:45:00+00:00,1578.4
2025-02-14 20:50:00+00:00,1578.4
2025-02-14 20:55:00+00:00,1578.4
2025-02-14 21:00:00+00:00,2677.9
2025-02-14 21:05:00+00:00,2677.9
2025-02-14 21:10:00+00:00,2677.9
2025-02-14 21:15:00+00:00,1485.1
2025-02-14 21:20:00+00:00,1485.1
2025-02-14 21:25:00+00:00,1485.1
2025-02-14 21:30:00+00:00,2266.1
2025-02-14 21:35:00+00:00,2266.1
2025-02-14 21:40:00+00:00,2266.1
2025-02-14 21:45:00+00:00,1505.1
2025-02-14 21:50:00+00:00,1505.1
2025-02-14 21:55:00+00:00,1505.1
2025-02-14 22:00:00+00:00,2954.8
2025-02-14 22:05:00+00:00,2954.8
2025-02-14 22:10:00+00:00,2954.8
2025-02-14 22:15:00+00:00,1842.9
2025-02-14 22:20:00+00:00,1842.9
2025-02-14 22:25:00+00:00,1842.9
2025-02-14 22:30:00+00:00,2170.8
2025-02-14 22:35:00+00:00,2170.8
2025-02-14 22:40:00+00:00,2170.8
2025-02-14 22:45:00+00:00,1482.1
2025-02-14 22:50:00+00:00,1482.1
2025-02-14 22:55:00+00:00,1482.1
2025-02-14 23:00:00+00:00,1826.5
2025-02-14 23:05:00+00:00,1826.5
2025-02-14 23:10:00+00:00,1826.5
2025-02-14 23:15:00+00:00,1798.3
2025-02-14 23:20:00+00:00,1798.3
2025-02-14 23:25:00+00:00,1798.3
2025-02-14 23:30:00+00:00,1571.8
2025-02-14 23:35:00+00:00,1571.8
2025-02-14 23:40:00+00:00,1571.8
2025-02-14 23:45:00+00:00,1843.6
2025-02-14 23:50:00+00:00,1843.6
2025-02-14 23:55:00+00:00,1843.6
2025-02-15 00:00:00+00:00,4284.4
2025-02-15 00:05:00+00:00,4284.4
2025-02-15 00:10:00+00:00,4284.4
2025-02-15 00:15:00+00:00,1877.3
2025-02-15 00:20:00+00:00,1877.3
2025-02-15 00:25:00+00:00,1877.3
2025-02-15 00:30:00+00:00,2895.9
2025-02-15 00:35:00+00:00,2895.9
2025-02-15 00:40:00+00:00,2895.9
2025-02-15 00:45:00+00:00,3010.4
2025-02-15 00:50:00+00:00,3010.4
2025-02-15 00:55:00+00:00,3010.4
2025-02-15 01:00:00+00:00,3275.1
2025-02-15 01:05:00+00:00,3275.1
2025-02-15 01:10:00+00:00,3275.1
2025-02-15 01:15:00+00:00,2785.4
2025-02-15 01:20:00+00:00,2785.4
2025-02-15 01:25:00+00:00,2785.4
2025-02-15 01:30:00+00:00,5329.2
2025-02-15 01:35:00+00:00,5329.2
2025-02-15 01:40:00+00:00,5329.2
2025-02-15 01:45:00+00:00,2720.3
2025-02-15 01:50:00+00:00,2720.3
2025-02-15 01:55:00+00:00,2720.3
2025-02-15 02:00:00+00:00,5381.7
2025-02-15 02:05:00+00:00,5381.7
2025-02-15 02:10:00+00:00,5381.7
2025-02-15 02:15:00+00:00,3889.4
2025-02-15 02:20:00+00:00,3889.4
2025-02-15 02:25:00+00:00,3889.4
2025-02-15 02:30:00+00:00,4653.2
2025-02-15 02:35:00+00:00,4653.2
2025-02-15 02:40:00+00:00,4653.2
2025-02-15 02:45:00+00:00,4449.2
2025-02-15 02:50:00+00:00,4449.2
2025-02-15 02:55:00+00:00,4449.2
2025-02-15 03:00:00+00:00,3734.7
2025-02-15 03:05:00+00:00,3734.7
2025-02-15 03:10:00+00:00,3734.7
2025-02-15 03:15:00+00:00,3438.1
2025-02-15 03:20:00+00:00,3438.1
2025-02-15 03:25:00+00:00,3438.1
2025-02-15 03:30:00+00:00,4532.6
2025-02-15 03:35:00+00:00,4532.6
2025-02-15 03:40:00+00:00,4532.6
2025-02-15 03:45:00+00:00,3289.6
2025-02-15 03:50:00+00:00,3289.6
2025-02-15 03:55:00+00:00,3289.6
2025-02-15 04:00:00+00:00,2270.1
2025-02-15 04:05:00+00:00,2270.1
2025-02-15 04:10:00+00:00,2270.1
2025-02-15 04:15:00+00:00,1835.5
2025-02-15 04:20:00+00:00,1835.5
2025-02-15 04:25:00+00:00,1835.5
2025-02-15 04:30:00+00:00,2801.8
2025-02-15 04:35:00+00:00,2801.8
2025-02-15 04:40:00+00:00,2801.8
2025-02-15 04:45:00+00:00,2666.5
2025-02-15 04:50:00+00:00,2666.5
2025-02-15 04:55:00+00:00,2666.5
2025-02-15 05:00:00+00:00,2616.9
2025-02-15 05:05:00+00:00,2616.9
2025-02-15 05:10:00+00:00,2616.9
2025-02-15 05:15:00+00:00,2296.6
2025-02-15 05:20:00+00:00,2296.6
2025-02-15 05:25:00+00:00,2296.6
2025-02-15 05:30:00+00:00,2503.9
2025-02-15 05:35:00+00:00,2503.9
2025-02-15 05:40:00+00:00,2503.9
2025-02-15 05:45:00+00:00,1522.5
2025-02-15 05:50:00+00:00,1522.5
2025-02-15 05:55:00+00:00,1522.5
2025-02-15 06:00:00+00:00,1831.6
2025-02-15 06:05:00+00:00,1831.6
2025-02-15 06:10:00+00:00,1831.6
2025-02-15 06:15:00+00:00,2231.1
2025-02-15 06:20:00+00:00,2231.1
2025-02-15 06:25:00+00:00,2231.1
2025-02-15 06:30:00+00:00,1160.5
2025-02-15 06:35:00+00:00,1160.5
2025-02-15 06:40:00+00:00,1160.5
2025-02-15 06:45:00+00:00,1924.1
2025-02-15 06:50:00+00:00,1924.1
2025-02-15 06:55:00+00:00,1924.1
2025-02-15 07:00:00+00:00,2739.2
2025-02-15 07:05:00+00:00,2739.2
2025-02-15 07:10:00+00:00,2739.2
2025-02-15 07:15:00+00:00,2640.5
2025-02-15 07:20:00+00:00,2640.5
2025-02-15 07:25:00+00:00,2640.5
2025-02-15 07:30:00+00:00,1451.7
2025-02-15 07:35:00+00:00,1451.7
2025-02-15 07:40:00+00:00,1451.7
2025-02-15 07:45:00+00:00,1816.9
2025-02-15 07:50:00+00:00,1816.9
2025-02-15 07:55:00+00:00,1816.9
2025-02-15 08:00:00+00:00,1803.5
2025-02-15 08:05:00+00:00,1803.5
2025-02-15 08:10:00+00:00,1803.5
2025-02-15 08:15:00+00:00,2217.0
2025-02-15 08:20:00+00:00,2217.0
2025-02-15 08:25:00+00:00,2217.0
2025-02-15 08:30:00+00:00,1830.0
2025-02-15 08:35:00+00:00,1830.0
2025-02-15 08:40:00+00:00,1830.0
2025-02-15 08:45:00+00:00,1169.1
2025-02-15 08:50:00+00:00,1169.1
2025-02-15 08:55:00+00:00,1169.1
2025-02-15 09:00:00+00:00,1933.3
2025-02-15 09:05:00+00:00,1933.3
2025-02-15 09:10:00+00:00,1933.3
2025-02-15 09:15:00+00:00,1914.3
2025-02-15 09:20:00+00:00,1914.3
2025-02-15 09:25:00+00:00,1914.3
2025-02-15 09:30:00+00:00,1952.4
2025-02-15 09:35:00+00:00,1952.4
2025-02-15 09:40:00+00:00,1952.4
2025-02-15 09:45:00+00:00,2009.3
2025-02-15 09:50:00+00:00,2009.3
2025-02-15 09:55:00+00:00,2009.3
2025-02-15 10:00:00+00:00,1506.0
2025-02-15 10:05:00+00:00,1506.0
2025-02-15 10:10:00+00:00,1506.0
2025-02-15 10:15:00+00:00,3207.2
2025-02-15 10:20:00+00:00,3207.2
2025-02-15 10:25:00+00:00,3207.2
2025-02-15 10:30:00+00:00,1857.9
2025-02-15 10:35:00+00:00,1857.9
2025-02-15 10:40:00+00:00,1857.9
2025-02-15 10:45:00+00:00,1448.3
2025-02-15 10:50:00+00:00,1448.3
2025-02-15 10:55:00+00:00,1448.3
2025-02-15 11:00:00+00:00,1496.5
2025-02-15 11:05:00+00:00,1496.5
2025-02-15 11:10:00+00:00,1496.5
2025-02-15 11:15:00+00:00,2036.8
2025-02-15 11:20:00+00:00,2036.8
2025-02-15 11:25:00+00:00,2036.8
2025-02-15 11:30:00+00:00,2388.6
2025-02-15 11:35:00+00:00,2388.6
2025-02-15 11:40:00+00:00,2388.6
2025-02-15 11:45:00+00:00,2088.0
2025-02-15 11:50:00+00:00,2088.0
2025-02-15 11:55:00+00:00,2088.0
2025-02-15 12:00:00+00:00,1816.9
2025-02-15 12:05:00+00:00,1816.9
2025-02-15 12:10:00+00:00,1816.9
2025-02-15 12:15:00+00:00,3422.1
2025-02-15 12:20:00+00:00,3422.1
2025-02-15 12:25:00+00:00,3422.1
2025-02-15 12:30:00+00:00,2249.5
2025-02-15 12:35:00+00:00,2249.5
2025-02-15 12:40:00+00:00,2249.5
2025-02-15 12:45:00+00:00,1818.8
2025-02-15 12:50:00+00:00,1818.8
2025-02-15 12:55:00+00:00,1818.8
2025-02-15 13:00:00+00:00,1979.8
2025-02-15 13:05:00+00:00,1979.8
2025-02-15 13:10:00+00:00,1979.8
2025-02-15 13:15:00+00:00,1522.7
2025-02-15 13:20:00+00:00,1522.7
2025-02-15 13:25:00+00:00,1522.7
2025-02-15 13:30:00+00:00,2470.9
2025-02-15 13:35:00+00:00,2470.9
2025-02-15 13:40:00+00:00,2470.9
2025-02-15 13:45:00+00:00,1866.9
2025-02-15 13:50:00+00:00,1866.9
2025-02-15 13:55:00+00:00,1866.9
2025-02-15 14:00:00+00:00,2241.5
2025-02-15 14:05:00+00:00,2241.5
2025-02-15 14:10:00+00:00,2241.5
2025-02-15 14:15:00+00:00,1427.2
2025-02-15 14:20:00+00:00,1427.2
2025-02-15 14:25:00+00:00,1427.2
2025-02-15 14:30:00+00:00,3030.3
2025-02-15 14:35:00+00:00,3030.3
2025-02-15 14:40:00+00:00,3030.3
2025-02-15 14:45:00+00:00,2278.9
2025-02-15 14:50:00+00:00,2278.9
2025-02-15 14:55:00+00:00,2278.9
2025-02-15 15:00:00+00:00,1868.5
2025-02-15 15:05:00+00:00,1868.5
2025-02-15 15:10:00+00:00,1868.5
2025-02-15 15:15:00+00:00,1599.0
2025-02-15 15:20:00+00:00,1599.0
2025-02-15 15:25:00+00:00,1599.0
2025-02-15 15:30:00+00:00,3035.0
2025-02-15 15:35:00+00:00,3035.0
2025-02-15 15:40:00+00:00,3035.0
2025-02-15 15:45:00+00:00,1846.3
2025-02-15 15:50:00+00:00,1846.3
2025-02-15 15:55:00+00:00,1846.3
2025-02-15 16:00:00+00:00,2594.3
2025-02-15 16:05:00+00:00,2594.3
2025-02-15 16:10:00+00:00,2594.3
2025-02-15 16:15:00+00:00,1893.5
2025-02-15 16:20:00+00:00,1893.5
2025-02-15 16:25:00+00:00,1893.5
2025-02-15 16:30:00+00:00,1129.6
2025-02-15 16:35:00+00:00,1129.6
2025-02-15 16:40:00+00:00,1129.6
2025-02-15 16:45:00+00:00,2594.6
2025-02-15 16:50:00+00:00,2594.6
2025-02-15 16:55:00+00:00,2594.6
2025-02-15 17:00:00+00:00,3021.4
2025-02-15 17:05:00+00:00,3021.4
2025-02-15 17:10:00+00:00,3021.4
2025-02-15 17:15:00+00:00,1522.0
2025-02-15 17:20:00+00:00,1522.0
2025-02-15 17:25:00+00:00,1522.0
2025-02-15 17:30:00+00:00,1079.9
2025-02-15 17:35:00+00:00,1079.9
2025-02-15 17:40:00+00:00,1079.9
2025-02-15 17:45:00+00:00,1844.2
2025-02-15 17:50:00+00:00,1844.2
2025-02-15 17:55:00+00:00,1844.2
2025-02-15 18:00:00+00:00,2113.7
2025-02-15 18:05:00+00:00,2113.7
2025-02-15 18:10:00+00:00,2113.7
2025-02-15 18:15:00+00:00,1775.3
2025-02-15 18:20:00+00:00,1775.3
2025-02-15 18:25:00+00:00,1775.3
2025-02-15 18:30:00+00:00,3066.6
2025-02-15 18:35:00+00:00,3066.6
2025-02-15 18:40:00+00:00,3066.6
2025-02-15 18:45:00+00:00,1128.1
2025-02-15 18:50:00+00:00,1128.1
2025-02-15 18:55:00+00:00,1128.1
2025-02-15 19:00:00+00:00,1885.3
2025-02-15 19:05:00+00:00,1885.3
2025-02-15 19:10:00+00:00,1885.3
2025-02-15 19:15:00+00:00,1867.5
2025-02-15 19:20:00+00:00,1867.5
2025-02-15 19:25:00+00:00,1867.5
2025-02-15 19:30:00+00:00,2264.8
2025-02-15 19:35:00+00:00,2264.8
2025-02-15 19:40:00+00:00,2264.8
2025-02-15 19:45:00+00:00,1193.3
2025-02-15 19:50:00+00:00,1193.3
2025-02-15 19:55:00+00:00,1193.3
2025-02-15 20:00:00+00:00,1976.1
2025-02-15 20:05:00+00:00,1976.1
2025-02-15 20:10:00+00:00,1976.1
2025-02-15 20:15:00+00:00,3353.0
2025-02-15 20:20:00+00:00,3353.0
2025-02-15 20:25:00+00:00,3353.0
2025-02-15 20:30:00+00:00,2519.3
2025-02-15 20:35:00+00:00,2519.3
2025-02-15 20:40:00+00:00,2519.3
2025-02-15 20:45:00+00:00,1123.6
2025-02-15 20:50:00+00:00,1123.6
2025-02-15 20:55:00+00:00,1123.6
2025-02-15 21:00:00+00:00,2348.3
2025-02-15 21:05:00+00:00,2348.3
2025-02-15 21:10:00+00:00,2348.3
2025-02-15 21:15:00+00:00,2553.4
2025-02-15 21:20:00+00:00,2553.4
2025-02-15 21:25:00+00:00,2553.4
2025-02-15 21:30:00+00:00,2274.0
2025-02-15 21:35:00+00:00,2274.0
2025-02-15 21:40:00+00:00,2274.0
2025-02-15 21:45:00+00:00,1485.4
2025-02-15 21:50:00+00:00,1485.4
2025-02-15 21:55:00+00:00,1485.4
2025-02-15 22:00:00+00:00,2249.2
2025-02-15 22:05:00+00:00,2249.2
2025-02-15 22:10:00+00:00,2249.2
2025-02-15 22:15:00+00:00,1903.3
2025-02-15 22:20:00+00:00,1903.3
2025-02-15 22:25:00+00:00,1903.3
2025-02-15 22:30:00+00:00,2247.7
2025-02-15 22:35:00+00:00,2247.7
2025-02-15 22:40:00+00:00,2247.7
2025-02-15 22:45:00+00:00,1536.3
2025-02-15 22:50:00+00:00,1536.3
2025-02-15 22:55:00+00:00,1536.3
2025-02-15 23:00:00+00:00,2158.8
2025-02-15 23:05:00+00:00,2158.8
2025-02-15 23:10:00+00:00,2158.8
2025-02-15 23:15:00+00:00,1455.1
2025-02-15 23:20:00+00:00,1455.1
2025-02-15 23:25:00+00:00,1455.1
2025-02-15 23:30:00+00:00,1847.8
2025-02-15 23:35:00+00:00,1847.8
2025-02-15 23:40:00+00:00,1847.8
2025-02-15 23:45:00+00:00,3030.9
2025-02-15 23:50:00+00:00,3030.9
2025-02-15 23:55:00+00:00,3030.9
2025-02-16 00:00:00+00:00,2991.7
2025-02-16 00:05:00+00:00,2991.7
2025-02-16 00:10:00+00:00,2991.7
2025-02-16 00:15:00+00:00,3867.6
2025-02-16 00:20:00+00:00,3867.6
2025-02-16 00:25:00+00:00,3867.6
2025-02-16 00:30:00+00:00,2680.7
2025-02-16 00:35:00+00:00,2680.7
2025-02-16 00:40:00+00:00,2680.7
2025-02-16 00:45:00+00:00,2430.3
2025-02-16 00:50:00+00:00,2430.3
2025-02-16 00:55:00+00:00,2430.3
2025-02-16 01:00:00+00:00,3271.1
2025-02-16 01:05:00+00:00,3271.1
2025-02-16 01:10:00+00:00,3271.1
2025-02-16 01:15:00+00:00,4261.1
2025-02-16 01:20:00+00:00,4261.1
2025-02-16 01:25:00+00:00,4261.1
2025-02-16 01:30:00+00:00,3405.4
2025-02-16 01:35:00+00:00,3405.4
2025-02-16 01:40:00+00:00,3405.4
2025-02-16 01:45:00+00:00,3277.7
2025-02-16 01:50:00+00:00,3277.7
2025-02-16 01:55:00+00:00,3277.7
2025-02-16 02:00:00+00:00,4523.1
2025-02-16 02:05:00+00:00,4523.1
2025-02-16 02:10:00+00:00,4523.1
2025-02-16 02:15:00+00:00,4524.6
2025-02-16 02:20:00+00:00,4524.6
2025-02-16 02:25:00+00:00,4524.6
2025-02-16 02:30:00+00:00,4536.6
2025-02-16 02:35:00+00:00,4536.6
2025-02-16 02:40:00+00:00,4536.6
2025-02-16 02:45:00+00:00,3248.3
2025-02-16 02:50:00+00:00,3248.3
2025-02-16 02:55:00+00:00,3248.3
2025-02-16 03:00:00+00:00,4035.8
2025-02-16 03:05:00+00:00,4035.8
2025-02-16 03:10:00+00:00,4035.8
2025-02-16 03:15:00+00:00,3420.5
2025-02-16 03:20:00+00:00,3420.5
2025-02-16 03:25:00+00:00,3420.5
2025-02-16 03:30:00+00:00,4352.9
2025-02-16 03:35:00+00:00,4352.9
2025-02-16 03:40:00+00:00,4352.9
2025-02-16 03:45:00+00:00,2403.3
2025-02-16 03:50:00+00:00,2403.3
2025-02-16 03:55:00+00:00,2403.3
2025-02-16 04:00:00+00:00,2992.2
2025-02-16 04:05:00+00:00,2992.2
2025-02-16 04:10:00+00:00,2992.2
2025-02-16 04:15:00+00:00,4086.1
2025-02-16 04:20:00+00:00,4086.1
2025-02-16 04:25:00+00:00,4086.1
2025-02-16 04:30:00+00:00,1828.1
2025-02-16 04:35:00+00:00,1828.1
2025-02-16 04:40:00+00:00,1828.1
2025-02-16 04:45:00+00:00,1489.9
2025-02-16 04:50:00+00:00,1489.9
2025-02-16 04:55:00+00:00,1489.9
2025-02-16 05:00:00+00:00,3014.7
2025-02-16 05:05:00+00:00,3014.7
2025-02-16 05:10:00+00:00,3014.7
2025-02-16 05:15:00+00:00,2231.7
2025-02-16 05:20:00+00:00,2231.7
2025-02-16 05:25:00+00:00,2231.7
2025-02-16 05:30:00+00:00,1879.0
2025-02-16 05:35:00+00:00,1879.0
2025-02-16 05:40:00+00:00,1879.0
2025-02-16 05:45:00+00:00,1764.2
2025-02-16 05:50:00+00:00,1764.2
2025-02-16 05:55:00+00:00,1764.2
2025-02-16 06:00:00+00:00,1543.5
2025-02-16 06:05:00+00:00,1543.5
2025-02-16 06:10:00+00:00,1543.5
2025-02-16 06:15:00+00:00,1875.3
2025-02-16 06:20:00+00:00,1875.3
2025-02-16 06:25:00+00:00,1875.3
2025-02-16 06:30:00+00:00,1562.9
2025-02-16 06:35:00+00:00,1562.9
2025-02-16 06:40:00+00:00,1562.9
2025-02-16 06:45:00+00:00,2283.1
2025-02-16 06:50:00+00:00,2283.1
2025-02-16 06:55:00+00:00,2283.1
2025-02-16 07:00:00+00:00,1211.7
2025-02-16 07:05:00+00:00,1211.7
2025-02-16 07:10:00+00:00,1211.7
2025-02-16 07:15:00+00:00,3080.9
2025-02-16 07:20:00+00:00,3080.9
2025-02-16 07:25:00+00:00,3080.9
2025-02-16 07:30:00+00:00,1457.7
2025-02-16 07:35:00+00:00,1457.7
2025-02-16 07:40:00+00:00,1457.7
2025-02-16 07:45:00+00:00,1861.7
2025-02-16 07:50:00+00:00,1861.7
2025-02-16 07:55:00+00:00,1861.7
2025-02-16 08:00:00+00:00,1553.6
2025-02-16 08:05:00+00:00,1553.6
2025-02-16 08:10:00+00:00,1553.6
2025-02-16 08:15:00+00:00,2618.5
2025-02-16 08:20:00+00:00,2618.5
2025-02-16 08:25:00+00:00,2618.5
2025-02-16 08:30:00+00:00,2977.0
2025-02-16 08:35:00+00:00,2977.0
2025-02-16 08:40:00+00:00,2977.0
2025-02-16 08:45:00+00:00,2233.5
2025-02-16 08:50:00+00:00,2233.5
2025-02-16 08:55:00+00:00,2233.5
2025-02-16 09:00:00+00:00,1512.9
2025-02-16 09:05:00+00:00,1512.9
2025-02-16 09:10:00+00:00,1512.9
2025-02-16 09:15:00+00:00,2647.5
2025-02-16 09:20:00+00:00,2647.5
2025-02-16 09:25:00+00:00,2647.5
2025-02-16 09:30:00+00:00,1884.8
2025-02-16 09:35:00+00:00,1884.8
2025-02-16 09:40:00+00:00,1884.8
2025-02-16 09:45:00+00:00,2641.6
2025-02-16 09:50:00+00:00,2641.6
2025-02-16 09:55:00+00:00,2641.6
2025-02-16 10:00:00+00:00,1907.5
2025-02-16 10:05:00+00:00,1907.5
2025-02-16 10:10:00+00:00,1907.5
2025-02-16 10:15:00+00:00,1204.5
2025-02-16 10:20:00+00:00,1204.5
2025-02-16 10:25:00+00:00,1204.5
2025-02-16 10:30:00+00:00,1851.2
2025-02-16 10:35:00+00:00,1851.2
2025-02-16 10:40:00+00:00,1851.2
2025-02-16 10:45:00+00:00,1517.3
2025-02-16 10:50:00+00:00,1517.3
2025-02-16 10:55:00+00:00,1517.3
2025-02-16 11:00:00+00:00,1927.1
2025-02-16 11:05:00+00:00,1927.1
2025-02-16 11:10:00+00:00,1927.1
2025-02-16 11:15:00+00:00,3723.8
2025-02-16 11:20:00+00:00,3723.8
2025-02-16 11:25:00+00:00,3723.8
2025-02-16 11:30:00+00:00,1872.5
2025-02-16 11:35:00+00:00,1872.5
2025-02-16 11:40:00+00:00,1872.5
2025-02-16 11:45:00+00:00,2118.0
2025-02-16 11:50:00+00:00,2118.0
2025-02-16 11:55:00+00:00,2118.0
2025-02-16 12:00:00+00:00,1488.0
2025-02-16 12:05:00+00:00,1488.0
2025-02-16 12:10:00+00:00,1488.0
2025-02-16 12:15:00+00:00,2632.0
2025-02-16 12:20:00+00:00,2632.0
2025-02-16 12:25:00+00:00,2632.0
2025-02-16 12:30:00+00:00,1846.4
2025-02-16 12:35:00+00:00,1846.4
2025-02-16 12:40:00+00:00,1846.4
2025-02-16 12:45:00+00:00,1457.6
2025-02-16 12:50:00+00:00,1457.6
2025-02-16 12:55:00+00:00,1457.6
2025-02-16 13:00:00+00:00,1129.9
2025-02-16 13:05:00+00:00,1129.9
2025-02-16 13:10:00+00:00,1129.9
2025-02-16 13:15:00+00:00,1140.4
2025-02-16 13:20:00+00:00,1140.4
2025-02-16 13:25:00+00:00,1140.4
2025-02-16 13:30:00+00:00,3087.0
2025-02-16 13:35:00+00:00,3087.0
2025-02-16 13:40:00+00:00,3087.0
2025-02-16 13:45:00+00:00,2941.4
2025-02-16 13:50:00+00:00,2941.4
2025-02-16 13:55:00+00:00,2941.4
2025-02-16 14:00:00+00:00,1410.3
2025-02-16 14:05:00+00:00,1410.3
2025-02-16 14:10:00+00:00,1410.3
2025-02-16 14:15:00+00:00,1967.5
2025-02-16 14:20:00+00:00,1967.5
2025-02-16 14:25:00+00:00,1967.5
2025-02-16 14:30:00+00:00,2472.3
2025-02-16 14:35:00+00:00,2472.3
2025-02-16 14:40:00+00:00,2472.3
2025-02-16 14:45:00+00:00,1875.1
2025-02-16 14:50:00+00:00,1875.1
2025-02-16 14:55:00+00:00,1875.1
2025-02-16 15:00:00+00:00,2259.8
2025-02-16 15:05:00+00:00,2259.8
2025-02-16 15:10:00+00:00,2259.8
2025-02-16 15:15:00+00:00,1850.1
2025-02-16 15:20:00+00:00,1850.1
2025-02-16 15:25:00+00:00,1850.1
2025-02-16 15:30:00+00:00,3002.5
2025-02-16 15:35:00+00:00,3002.5
2025-02-16 15:40:00+00:00,3002.5
2025-02-16 15:45:00+00:00,1821.0
2025-02-16 15:50:00+00:00,1821.0
2025-02-16 15:55:00+00:00,1821.0
2025-02-16 16:00:00+00:00,1508.5
2025-02-16 16:05:00+00:00,1508.5
2025-02-16 16:10:00+00:00,1508.5
2025-02-16 16:15:00+00:00,2291.8
2025-02-16 16:20:00+00:00,2291.8
2025-02-16 16:25:00+00:00,2291.8
2025-02-16 16:30:00+00:00,2492.1
2025-02-16 16:35:00+00:00,2492.1
2025-02-16 16:40:00+00:00,2492.1
2025-02-16 16:45:00+00:00,1854.8
2025-02-16 16:50:00+00:00,1854.8
2025-02-16 16:55:00+00:00,1854.8
2025-02-16 17:00:00+00:00,1827.0
2025-02-16 17:05:00+00:00,1827.0
2025-02-16 17:10:00+00:00,1827.0
2025-02-16 17:15:00+00:00,2635.5
2025-02-16 17:20:00+00:00,2635.5
2025-02-16 17:25:00+00:00,2635.5
2025-02-16 17:30:00+00:00,1835.6
2025-02-16 17:35:00+00:00,1835.6
2025-02-16 17:40:00+00:00,1835.6
2025-02-16 17:45:00+00:00,2457.1
2025-02-16 17:50:00+00:00,2457.1
2025-02-16 17:55:00+00:00,2457.1
2025-02-16 18:00:00+00:00,1924.1
2025-02-16 18:05:00+00:00,1924.1
2025-02-16 18:10:00+00:00,1924.1
2025-02-16 18:15:00+00:00,2704.6
2025-02-16 18:20:00+00:00,2704.6
2025-02-16 18:25:00+00:00,2704.6
2025-02-16 18:30:00+00:00,2307.9
2025-02-16 18:35:00+00:00,2307.9
2025-02-16 18:40:00+00:00,2307.9
2025-02-16 18:45:00+00:00,2727.3
2025-02-16 18:50:00+00:00,2727.3
2025-02-16 18:55:00+00:00,2727.3
2025-02-16 19:00:00+00:00,1498.7
2025-02-16 19:05:00+00:00,1498.7
2025-02-16 19:10:00+00:00,1498.7
2025-02-16 19:15:00+00:00,3253.2
2025-02-16 19:20:00+00:00,3253.2
2025-02-16 19:25:00+00:00,3253.2
2025-02-16 19:30:00+00:00,2258.4
2025-02-16 19:35:00+00:00,2258.4
2025-02-16 19:40:00+00:00,2258.4
2025-02-16 19:45:00+00:00,2048.5
2025-02-16 19:50:00+00:00,2048.5
2025-02-16 19:55:00+00:00,2048.5
2025-02-16 20:00:00+00:00,1069.4
2025-02-16 20:05:00+00:00,1069.4
2025-02-16 20:10:00+00:00,1069.4
2025-02-16 20:15:00+00:00,2650.4
2025-02-16 20:20:00+00:00,2650.4
2025-02-16 20:25:00+00:00,2650.4
2025-02-16 20:30:00+00:00,2199.5
2025-02-16 20:35:00+00:00,2199.5
2025-02-16 20:40:00+00:00,2199.5
2025-02-16 20:45:00+00:00,1909.1
2025-02-16 20:50:00+00:00,1909.1
2025-02-16 20:55:00+00:00,1909.1
2025-02-16 21:00:00+00:00,2204.9
2025-02-16 21:05:00+00:00,2204.9
2025-02-16 21:10:00+00:00,2204.9
2025-02-16 21:15:00+00:00,1595.3
2025-02-16 21:20:00+00:00,1595.3
2025-02-16 21:25:00+00:00,1595.3
2025-02-16 21:30:00+00:00,1833.9
2025-02-16 21:35:00+00:00,1833.9
2025-02-16 21:40:00+00:00,1833.9
2025-02-16 21:45:00+00:00,2707.9
2025-02-16 21:50:00+00:00,2707.9
2025-02-16 21:55:00+00:00,2707.9
2025-02-16 22:00:00+00:00,2156.9
2025-02-16 22:05:00+00:00,2156.9
2025-02-16 22:10:00+00:00,2156.9
2025-02-16 22:15:00+00:00,2100.2
2025-02-16 22:20:00+00:00,2100.2
2025-02-16 22:25:00+00:00,2100.2
2025-02-16 22:30:00+00:00,2990.6
2025-02-16 22:35:00+00:00,2990.6
2025-02-16 22:40:00+00:00,2990.6
2025-02-16 22:45:00+00:00,1177.6
2025-02-16 22:50:00+00:00,1177.6
2025-02-16 22:55:00+00:00,1177.6
2025-02-16 23:00:00+00:00,2947.8
2025-02-16 23:05:00+00:00,2947.8
2025-02-16 23:10:00+00:00,2947.8
2025-02-16 23:15:00+00:00,3001.8
2025-02-16 23:20:00+00:00,3001.8
2025-02-16 23:25:00+00:00,3001.8
2025-02-16 23:30:00+00:00,2108.2
2025-02-16 23:35:00+00:00,2108.2
2025-02-16 23:40:00+00:00,2108.2
2025-02-16 23:45:00+00:00,1416.8
2025-02-16 23:50:00+00:00,1416.8
2025-02-16 23:55:00+00:00,1416.8
2025-02-17 00:00:00+00:00,3163.1
2025-02-17 00:05:00+00:00,3163.1
2025-02-17 00:10:00+00:00,3163.1
2025-02-17 00:15:00+00:00,3296.1
2025-02-17 00:20:00+00:00,3296.1
2025-02-17 00:25:00+00:00,3296.1
2025-02-17 00:30:00+00:00,3335.0
2025-02-17 00:35:00+00:00,3335.0
2025-02-17 00:40:00+00:00,3335.0
2025-02-17 00:45:00+00:00,3751.5
2025-02-17 00:50:00+00:00,3751.5
2025-02-17 00:55:00+00:00,3751.5
2025-02-17 01:00:00+00:00,4022.0
2025-02-17 01:05:00+00:00,4022.0
2025-02-17 01:10:00+00:00,4022.0
2025-02-17 01:15:00+00:00,5061.3
2025-02-17 01:20:00+00:00,5061.3
2025-02-17 01:25:00+00:00,5061.3
2025-02-17 01:30:00+00:00,3702.8
2025-02-17 01:35:00+00:00,3702.8
2025-02-17 01:40:00+00:00,3702.8
2025-02-17 01:45:00+00:00,4240.7
2025-02-17 01:50:00+00:00,4240.7
2025-02-17 01:55:00+00:00,4240.7
2025-02-17 02:00:00+00:00,5473.8
2025-02-17 02:05:00+00:00,5473.8
2025-02-17 02:10:00+00:00,5473.8
2025-02-17 02:15:00+00:00,4719.1
2025-02-17 02:20:00+00:00,4719.1
2025-02-17 02:25:00+00:00,4719.1
2025-02-17 02:30:00+00:00,5544.3
2025-02-17 02:35:00+00:00,5544.3
2025-02-17 02:40:00+00:00,5544.3
2025-02-17 02:45:00+00:00,4177.2
2025-02-17 02:50:00+00:00,4177.2
2025-02-17 02:55:00+00:00,4177.2
2025-02-17 03:00:00+00:00,5791.0
2025-02-17 03:05:00+00:00,5791.0
2025-02-17 03:10:00+00:00,5791.0
2025-02-17 03:15:00+00:00,3420.0
2025-02-17 03:20:00+00:00,3420.0
2025-02-17 03:25:00+00:00,3420.0
2025-02-17 03:30:00+00:00,5196.6
2025-02-17 03:35:00+00:00,5196.6
2025-02-17 03:40:00+00:00,5196.6
2025-02-17 03:45:00+00:00,3839.3
2025-02-17 03:50:00+00:00,3839.3
2025-02-17 03:55:00+00:00,3839.3
2025-02-17 04:00:00+00:00,4034.8
2025-02-17 04:05:00+00:00,4034.8
2025-02-17 04:10:00+00:00,4034.8
2025-02-17 04:15:00+00:00,4645.4
2025-02-17 04:20:00+00:00,4645.4
2025-02-17 04:25:00+00:00,4645.4
2025-02-17 04:30:00+00:00,3619.0
2025-02-17 04:35:00+00:00,3619.0
2025-02-17 04:40:00+00:00,3619.0
2025-02-17 04:45:00+00:00,3839.1
2025-02-17 04:50:00+00:00,3839.1
2025-02-17 04:55:00+00:00,3839.1
2025-02-17 05:00:00+00:00,2192.9
2025-02-17 05:05:00+00:00,2192.9
2025-02-17 05:10:00+00:00,2192.9
2025-02-17 05:15:00+00:00,1500.6
2025-02-17 05:20:00+00:00,1500.6
2025-02-17 05:25:00+00:00,1500.6
2025-02-17 05:30:00+00:00,1914.1
2025-02-17 05:35:00+00:00,1914.1
2025-02-17 05:40:00+00:00,1914.1
2025-02-17 05:45:00+00:00,3193.0
2025-02-17 05:50:00+00:00,3193.0
2025-02-17 05:55:00+00:00,3193.0
2025-02-17 06:00:00+00:00,1783.7
2025-02-17 06:05:00+00:00,1783.7
2025-02-17 06:10:00+00:00,1783.7
2025-02-17 06:15:00+00:00,2579.6
2025-02-17 06:20:00+00:00,2579.6
2025-02-17 06:25:00+00:00,2579.6
2025-02-17 06:30:00+00:00,1743.9
2025-02-17 06:35:00+00:00,1743.9
2025-02-17 06:40:00+00:00,1743.9
2025-02-17 06:45:00+00:00,1106.4
2025-02-17 06:50:00+00:00,1106.4
2025-02-17 06:55:00+00:00,1106.4
2025-02-17 07:00:00+00:00,3429.6
2025-02-17 07:05:00+00:00,3429.6
2025-02-17 07:10:00+00:00,3429.6
2025-02-17 07:15:00+00:00,2218.6
2025-02-17 07:20:00+00:00,2218.6
2025-02-17 07:25:00+00:00,2218.6
2025-02-17 07:30:00+00:00,2331.2
2025-02-17 07:35:00+00:00,2331.2
2025-02-17 07:40:00+00:00,2331.2
2025-02-17 07:45:00+00:00,2478.5
2025-02-17 07:50:00+00:00,2478.5
2025-02-17 07:55:00+00:00,2478.5
2025-02-17 08:00:00+00:00,1871.9
2025-02-17 08:05:00+00:00,1871.9
2025-02-17 08:10:00+00:00,1871.9
2025-02-17 08:15:00+00:00,2314.1
2025-02-17 08:20:00+00:00,2314.1
2025-02-17 08:25:00+00:00,2314.1
2025-02-17 08:30:00+00:00,1899.0
2025-02-17 08:35:00+00:00,1899.0
2025-02-17 08:40:00+00:00,1899.0
2025-02-17 08:45:00+00:00,1882.2
2025-02-17 08:50:00+00:00,1882.2
2025-02-17 08:55:00+00:00,1882.2
2025-02-17 09:00:00+00:00,2240.6
2025-02-17 09:05:00+00:00,2240.6
2025-02-17 09:10:00+00:00,2240.6
2025-02-17 09:15:00+00:00,3002.9
2025-02-17 09:20:00+00:00,3002.9
2025-02-17 09:25:00+00:00,3002.9
2025-02-17 09:30:00+00:00,2309.7
2025-02-17 09:35:00+00:00,2309.7
2025-02-17 09:40:00+00:00,2309.7
2025-02-17 09:45:00+00:00,2604.0
2025-02-17 09:50:00+00:00,2604.0
2025-02-17 09:55:00+00:00,2604.0
2025-02-17 10:00:00+00:00,2383.6
2025-02-17 10:05:00+00:00,2383.6
2025-02-17 10:10:00+00:00,2383.6
2025-02-17 10:15:00+00:00,2872.0
2025-02-17 10:20:00+00:00,2872.0
2025-02-17 10:25:00+00:00,2872.0
2025-02-17 10:30:00+00:00,2830.1
2025-02-17 10:35:00+00:00,2830.1
2025-02-17 10:40:00+00:00,2830.1
2025-02-17 10:45:00+00:00,1428.4
2025-02-17 10:50:00+00:00,1428.4
2025-02-17 10:55:00+00:00,1428.4
2025-02-17 11:00:00+00:00,1939.2
2025-02-17 11:05:00+00:00,1939.2
2025-02-17 11:10:00+00:00,1939.2
2025-02-17 11:15:00+00:00,1811.9
2025-02-17 11:20:00+00:00,1811.9
2025-02-17 11:25:00+00:00,1811.9
2025-02-17 11:30:00+00:00,2534.0
2025-02-17 11:35:00+00:00,2534.0
2025-02-17 11:40:00+00:00,2534.0
2025-02-17 11:45:00+00:00,2169.2
2025-02-17 11:50:00+00:00,2169.2
2025-02-17 11:55:00+00:00,2169.2
2025-02-17 12:00:00+00:00,1531.2
2025-02-17 12:05:00+00:00,1531.2
2025-02-17 12:10:00+00:00,1531.2
2025-02-17 12:15:00+00:00,3646.5
2025-02-17 12:20:00+00:00,3646.5
2025-02-17 12:25:00+00:00,3646.5
2025-02-17 12:30:00+00:00,1851.9
2025-02-17 12:35:00+00:00,1851.9
2025-02-17 12:40:00+00:00,1851.9
2025-02-17 12:45:00+00:00,2257.5
2025-02-17 12:50:00+00:00,2257.5
2025-02-17 12:55:00+00:00,2257.5
2025-02-17 13:00:00+00:00,1816.2
2025-02-17 13:05:00+00:00,1816.2
2025-02-17 13:10:00+00:00,1816.2
2025-02-17 13:15:00+00:00,1942.2
2025-02-17 13:20:00+00:00,1942.2
2025-02-17 13:25:00+00:00,1942.2
2025-02-17 13:30:00+00:00,2689.6
2025-02-17 13:35:00+00:00,2689.6
2025-02-17 13:40:00+00:00,2689.6
2025-02-17 13:45:00+00:00,3394.7
2025-02-17 13:50:00+00:00,3394.7
2025-02-17 13:55:00+00:00,3394.7
2025-02-17 14:00:00+00:00,1430.1
2025-02-17 14:05:00+00:00,1430.1
2025-02-17 14:10:00+00:00,1430.1
2025-02-17 14:15:00+00:00,2507.9
2025-02-17 14:20:00+00:00,2507.9
2025-02-17 14:25:00+00:00,2507.9
2025-02-17 14:30:00+00:00,1043.8
2025-02-17 14:35:00+00:00,1043.8
2025-02-17 14:40:00+00:00,1043.8
2025-02-17 14:45:00+00:00,2021.7
2025-02-17 14:50:00+00:00,2021.7
2025-02-17 14:55:00+00:00,2021.7
2025-02-17 15:00:00+00:00,3147.0
2025-02-17 15:05:00+00:00,3147.0
2025-02-17 15:10:00+00:00,3147.0
2025-02-17 15:15:00+00:00,2601.0
2025-02-17 15:20:00+00:00,2601.0
2025-02-17 15:25:00+00:00,2601.0
2025-02-17 15:30:00+00:00,1930.8
2025-02-17 15:35:00+00:00,1930.8
2025-02-17 15:40:00+00:00,1930.8
2025-02-17 15:45:00+00:00,2508.8
2025-02-17 15:50:00+00:00,2508.8
2025-02-17 15:55:00+00:00,2508.8
2025-02-17 16:00:00+00:00,2296.7
2025-02-17 16:05:00+00:00,2296.7
2025-02-17 16:10:00+00:00,2296.7
2025-02-17 16:15:00+00:00,2038.0
2025-02-17 16:20:00+00:00,2038.0
2025-02-17 16:25:00+00:00,2038.0
2025-02-17 16:30:00+00:00,1892.0
2025-02-17 16:35:00+00:00,1892.0
2025-02-17 16:40:00+00:00,1892.0
2025-02-17 16:45:00+00:00,2174.2
2025-02-17 16:50:00+00:00,2174.2
2025-02-17 16:55:00+00:00,2174.2
2025-02-17 17:00:00+00:00,2694.2
2025-02-17 17:05:00+00:00,2694.2
2025-02-17 17:10:00+00:00,2694.2
2025-02-17 17:15:00+00:00,2581.0
2025-02-17 17:20:00+00:00,2581.0
2025-02-17 17:25:00+00:00,2581.0
2025-02-17 17:30:00+00:00,1410.0
2025-02-17 17:35:00+00:00,1410.0
2025-02-17 17:40:00+00:00,1410.0
2025-02-17 17:45:00+00:00,2336.6
2025-02-17 17:50:00+00:00,2336.6
2025-02-17 17:55:00+00:00,2336.6
2025-02-17 18:00:00+00:00,1837.3
2025-02-17 18:05:00+00:00,1837.3
2025-02-17 18:10:00+00:00,1837.3
2025-02-17 18:15:00+00:00,2389.6
2025-02-17 18:20:00+00:00,2389.6
2025-02-17 18:25:00+00:00,2389.6
2025-02-17 18:30:00+00:00,2404.9
2025-02-17 18:35:00+00:00,2404.9
2025-02-17 18:40:00+00:00,2404.9
2025-02-17 18:45:00+00:00,2817.2
2025-02-17 18:50:00+00:00,2817.2
2025-02-17 18:55:00+00:00,2817.2
2025-02-17 19:00:00+00:00,2659.5
2025-02-17 19:05:00+00:00,2659.5
2025-02-17 19:10:00+00:00,2659.5
2025-02-17 19:15:00+00:00,2282.4
2025-02-17 19:20:00+00:00,2282.4
2025-02-17 19:25:00+00:00,2282.4
2025-02-17 19:30:00+00:00,3184.4
2025-02-17 19:35:00+00:00,3184.4
2025-02-17 19:40:00+00:00,3184.4
2025-02-17 19:45:00+00:00,1842.4
2025-02-17 19:50:00+00:00,1842.4
2025-02-17 19:55:00+00:00,1842.4
2025-02-17 20:00:00+00:00,1822.8
2025-02-17 20:05:00+00:00,1822.8
2025-02-17 20:10:00+00:00,1822.8
2025-02-17 20:15:00+00:00,2474.7
2025-02-17 20:20:00+00:00,2474.7
2025-02-17 20:25:00+00:00,2474.7
2025-02-17 20:30:00+00:00,1827.6
2025-02-17 20:35:00+00:00,1827.6
2025-02-17 20:40:00+00:00,1827.6
2025-02-17 20:45:00+00:00,2985.3
2025-02-17 20:50:00+00:00,2985.3
2025-02-17 20:55:00+00:00,2985.3
2025-02-17 21:00:00+00:00,1530.0
2025-02-17 21:05:00+00:00,1530.0
2025-02-17 21:10:00+00:00,1530.0
2025-02-17 21:15:00+00:00,1583.1
2025-02-17 21:20:00+00:00,1583.1
2025-02-17 21:25:00+00:00,1583.1
2025-02-17 21:30:00+00:00,3331.4
2025-02-17 21:35:00+00:00,3331.4
2025-02-17 21:40:00+00:00,3331.4
2025-02-17 21:45:00+00:00,2521.4
2025-02-17 21:50:00+00:00,2521.4
2025-02-17 21:55:00+00:00,2521.4
2025-02-17 22:00:00+00:00,2421.6
2025-02-17 22:05:00+00:00,2421.6
2025-02-17 22:10:00+00:00,2421.6
2025-02-17 22:15:00+00:00,1381.8
2025-02-17 22:20:00+00:00,1381.8
2025-02-17 22:25:00+00:00,1381.8
2025-02-17 22:30:00+00:00,3127.9
2025-02-17 22:35:00+00:00,3127.9
2025-02-17 22:40:00+00:00,3127.9
2025-02-17 22:45:00+00:00,2637.9
2025-02-17 22:50:00+00:00,2637.9
2025-02-17 22:55:00+00:00,2637.9
2025-02-17 23:00:00+00:00,1449.6
2025-02-17 23:05:00+00:00,1449.6
2025-02-17 23:10:00+00:00,1449.6
2025-02-17 23:15:00+00:00,2345.7
2025-02-17 23:20:00+00:00,2345.7
2025-02-17 23:25:00+00:00,2345.7
2025-02-17 23:30:00+00:00,3439.3
2025-02-17 23:35:00+00:00,3439.3
2025-02-17 23:40:00+00:00,3439.3
2025-02-17 23:45:00+00:00,2122.8
2025-02-17 23:50:00+00:00,2122.8
2025-02-17 23:55:00+00:00,2122.8
2025-02-18 00:00:00+00:00,3041.7
2025-02-18 00:05:00+00:00,3041.7
2025-02-18 00:10:00+00:00,3041.7
2025-02-18 00:15:00+00:00,3633.9
2025-02-18 00:20:00+00:00,3633.9
2025-02-18 00:25:00+00:00,3633.9
2025-02-18 00:30:00+00:00,3410.6
2025-02-18 00:35:00+00:00,3410.6
2025-02-18 00:40:00+00:00,3410.6
2025-02-18 00:45:00+00:00,3498.4
2025-02-18 00:50:00+00:00,3498.4
2025-02-18 00:55:00+00:00,3498.4
2025-02-18 01:00:00+00:00,3308.0
2025-02-18 01:05:00+00:00,3308.0
2025-02-18 01:10:00+00:00,3308.0
2025-02-18 01:15:00+00:00,4866.2
2025-02-18 01:20:00+00:00,4866.2
2025-02-18 01:25:00+00:00,4866.2
2025-02-18 01:30:00+00:00,4209.3
2025-02-18 01:35:00+00:00,4209.3
2025-02-18 01:40:00+00:00,4209.3
2025-02-18 01:45:00+00:00,4001.2
2025-02-18 01:50:00+00:00,4001.2
2025-02-18 01:55:00+00:00,4001.2
2025-02-18 02:00:00+00:00,5847.3
2025-02-18 02:05:00+00:00,5847.3
2025-02-18 02:10:00+00:00,5847.3
2025-02-18 02:15:00+00:00,4360.7
2025-02-18 02:20:00+00:00,4360.7
2025-02-18 02:25:00+00:00,4360.7
2025-02-18 02:30:00+00:00,5179.3
2025-02-18 02:35:00+00:00,5179.3
2025-02-18 02:40:00+00:00,5179.3
2025-02-18 02:45:00+00:00,4911.3
2025-02-18 02:50:00+00:00,4911.3
2025-02-18 02:55:00+00:00,4911.3
2025-02-18 03:00:00+00:00,5833.1
2025-02-18 03:05:00+00:00,5833.1
2025-02-18 03:10:00+00:00,5833.1
2025-02-18 03:15:00+00:00,4099.5
2025-02-18 03:20:00+00:00,4099.5
2025-02-18 03:25:00+00:00,4099.5
2025-02-18 03:30:00+00:00,4580.3
2025-02-18 03:35:00+00:00,4580.3
2025-02-18 03:40:00+00:00,4580.3
2025-02-18 03:45:00+00:00,4756.3
2025-02-18 03:50:00+00:00,4756.3
2025-02-18 03:55:00+00:00,4756.3
2025-02-18 04:00:00+00:00,3122.5
2025-02-18 04:05:00+00:00,3122.5
2025-02-18 04:10:00+00:00,3122.5
2025-02-18 04:15:00+00:00,4161.4
2025-02-18 04:20:00+00:00,4161.4
2025-02-18 04:25:00+00:00,4161.4
2025-02-18 04:30:00+00:00,4047.1
2025-02-18 04:35:00+00:00,4047.1
2025-02-18 04:40:00+00:00,4047.1
2025-02-18 04:45:00+00:00,2995.4
2025-02-18 04:50:00+00:00,2995.4
2025-02-18 04:55:00+00:00,2995.4
2025-02-18 05:00:00+00:00,1828.5
2025-02-18 05:05:00+00:00,1828.5
2025-02-18 05:10:00+00:00,1828.5
2025-02-18 05:15:00+00:00,2833.5
2025-02-18 05:20:00+00:00,2833.5
2025-02-18 05:25:00+00:00,2833.5
2025-02-18 05:30:00+00:00,2093.6
2025-02-18 05:35:00+00:00,2093.6
2025-02-18 05:40:00+00:00,2093.6
2025-02-18 05:45:00+00:00,1158.9
2025-02-18 05:50:00+00:00,1158.9
2025-02-18 05:55:00+00:00,1158.9
2025-02-18 06:00:00+00:00,2325.4
2025-02-18 06:05:00+00:00,2325.4
2025-02-18 06:10:00+00:00,2325.4
2025-02-18 06:15:00+00:00,2376.2
2025-02-18 06:20:00+00:00,2376.2
2025-02-18 06:25:00+00:00,2376.2
2025-02-18 06:30:00+00:00,1905.9
2025-02-18 06:35:00+00:00,1905.9
2025-02-18 06:40:00+00:00,1905.9
2025-02-18 06:45:00+00:00,1928.3
2025-02-18 06:50:00+00:00,1928.3
2025-02-18 06:55:00+00:00,1928.3
2025-02-18 07:00:00+00:00,2194.5
2025-02-18 07:05:00+00:00,2194.5
2025-02-18 07:10:00+00:00,2194.5
2025-02-18 07:15:00+00:00,2170.2
2025-02-18 07:20:00+00:00,2170.2
2025-02-18 07:25:00+00:00,2170.2
2025-02-18 07:30:00+00:00,3265.9
2025-02-18 07:35:00+00:00,3265.9
2025-02-18 07:40:00+00:00,3265.9
2025-02-18 07:45:00+00:00,1503.9
2025-02-18 07:50:00+00:00,1503.9
2025-02-18 07:55:00+00:00,1503.9
2025-02-18 08:00:00+00:00,2167.3
2025-02-18 08:05:00+00:00,2167.3
2025-02-18 08:10:00+00:00,2167.3
2025-02-18 08:15:00+00:00,1620.2
2025-02-18 08:20:00+00:00,1620.2
2025-02-18 08:25:00+00:00,1620.2
2025-02-18 08:30:00+00:00,2675.6
2025-02-18 08:35:00+00:00,2675.6
2025-02-18 08:40:00+00:00,2675.6
2025-02-18 08:45:00+00:00,1901.5
2025-02-18 08:50:00+00:00,1901.5
2025-02-18 08:55:00+00:00,1901.5
2025-02-18 09:00:00+00:00,2547.7
2025-02-18 09:05:00+00:00,2547.7
2025-02-18 09:10:00+00:00,2547.7
2025-02-18 09:15:00+00:00,2622.3
2025-02-18 09:20:00+00:00,2622.3
2025-02-18 09:25:00+00:00,2622.3
2025-02-18 09:30:00+00:00,1512.5
2025-02-18 09:35:00+00:00,1512.5
2025-02-18 09:40:00+00:00,1512.5
2025-02-18 09:45:00+00:00,2655.1
2025-02-18 09:50:00+00:00,2655.1
2025-02-18 09:55:00+00:00,2655.1
2025-02-18 10:00:00+00:00,1933.9
2025-02-18 10:05:00+00:00,1933.9
2025-02-18 10:10:00+00:00,1933.9
2025-02-18 10:15:00+00:00,2875.2
2025-02-18 10:20:00+00:00,2875.2
2025-02-18 10:25:00+00:00,2875.2
2025-02-18 10:30:00+00:00,2309.5
2025-02-18 10:35:00+00:00,2309.5
2025-02-18 10:40:00+00:00,2309.5
2025-02-18 10:45:00+00:00,2464.4
2025-02-18 10:50:00+00:00,2464.4
2025-02-18 10:55:00+00:00,2464.4
2025-02-18 11:00:00+00:00,1391.6
2025-02-18 11:05:00+00:00,1391.6
2025-02-18 11:10:00+00:00,1391.6
2025-02-18 11:15:00+00:00,3246.7
2025-02-18 11:20:00+00:00,3246.7
2025-02-18 11:25:00+00:00,3246.7
2025-02-18 11:30:00+00:00,1457.0
2025-02-18 11:35:00+00:00,1457.0
2025-02-18 11:40:00+00:00,1457.0
2025-02-18 11:45:00+00:00,1943.5
2025-02-18 11:50:00+00:00,1943.5
2025-02-18 11:55:00+00:00,1943.5
2025-02-18 12:00:00+00:00,1968.9
2025-02-18 12:05:00+00:00,1968.9
2025-02-18 12:10:00+00:00,1968.9
2025-02-18 12:15:00+00:00,3542.8
2025-02-18 12:20:00+00:00,3542.8
2025-02-18 12:25:00+00:00,3542.8
2025-02-18 12:30:00+00:00,2086.6
2025-02-18 12:35:00+00:00,2086.6
2025-02-18 12:40:00+00:00,2086.6
2025-02-18 12:45:00+00:00,1118.8
2025-02-18 12:50:00+00:00,1118.8
2025-02-18 12:55:00+00:00,1118.8
2025-02-18 13:00:00+00:00,2678.9
2025-02-18 13:05:00+00:00,2678.9
2025-02-18 13:10:00+00:00,2678.9
2025-02-18 13:15:00+00:00,1857.8
2025-02-18 13:20:00+00:00,1857.8
2025-02-18 13:25:00+00:00,1857.8
2025-02-18 13:30:00+00:00,1755.7
2025-02-18 13:35:00+00:00,1755.7
2025-02-18 13:40:00+00:00,1755.7
2025-02-18 13:45:00+00:00,1223.2
2025-02-18 13:50:00+00:00,1223.2
2025-02-18 13:55:00+00:00,1223.2
2025-02-18 14:00:00+00:00,3634.8
2025-02-18 14:05:00+00:00,3634.8
2025-02-18 14:10:00+00:00,3634.8
2025-02-18 14:15:00+00:00,1961.5
2025-02-18 14:20:00+00:00,1961.5
2025-02-18 14:25:00+00:00,1961.5
2025-02-18 14:30:00+00:00,3358.4
2025-02-18 14:35:00+00:00,3358.4
2025-02-18 14:40:00+00:00,3358.4
2025-02-18 14:45:00+00:00,2993.1
2025-02-18 14:50:00+00:00,2993.1
2025-02-18 14:55:00+00:00,2993.1
2025-02-18 15:00:00+00:00,1075.7
2025-02-18 15:05:00+00:00,1075.7
2025-02-18 15:10:00+00:00,1075.7
2025-02-18 15:15:00+00:00,2241.8
2025-02-18 15:20:00+00:00,2241.8
2025-02-18 15:25:00+00:00,2241.8
2025-02-18 15:30:00+00:00,2461.6
2025-02-18 15:35:00+00:00,2461.6
2025-02-18 15:40:00+00:00,2461.6
2025-02-18 15:45:00+00:00,2257.8
2025-02-18 15:50:00+00:00,2257.8
2025-02-18 15:55:00+00:00,2257.8
2025-02-18 16:00:00+00:00,3175.7
2025-02-18 16:05:00+00:00,3175.7
2025-02-18 16:10:00+00:00,3175.7
2025-02-18 16:15:00+00:00,1874.0
2025-02-18 16:20:00+00:00,1874.0
2025-02-18 16:25:00+00:00,1874.0
2025-02-18 16:30:00+00:00,3007.0
2025-02-18 16:35:00+00:00,3007.0
2025-02-18 16:40:00+00:00,3007.0
2025-02-18 16:45:00+00:00,1810.9
2025-02-18 16:50:00+00:00,1810.9
2025-02-18 16:55:00+00:00,1810.9
2025-02-18 17:00:00+00:00,1864.6
2025-02-18 17:05:00+00:00,1864.6
2025-02-18 17:10:00+00:00,1864.6
2025-02-18 17:15:00+00:00,1944.7
2025-02-18 17:20:00+00:00,1944.7
2025-02-18 17:25:00+00:00,1944.7
2025-02-18 17:30:00+00:00,2326.7
2025-02-18 17:35:00+00:00,2326.7
2025-02-18 17:40:00+00:00,2326.7
2025-02-18 17:45:00+00:00,3450.7
2025-02-18 17:50:00+00:00,3450.7
2025-02-18 17:55:00+00:00,3450.7
2025-02-18 18:00:00+00:00,2867.1
2025-02-18 18:05:00+00:00,2867.1
2025-02-18 18:10:00+00:00,2867.1
2025-02-18 18:15:00+00:00,1811.9
2025-02-18 18:20:00+00:00,1811.9
2025-02-18 18:25:00+00:00,1811.9
2025-02-18 18:30:00+00:00,2882.5
2025-02-18 18:35:00+00:00,2882.5
2025-02-18 18:40:00+00:00,2882.5
2025-02-18 18:45:00+00:00,2216.0
2025-02-18 18:50:00+00:00,2216.0
2025-02-18 18:55:00+00:00,2216.0
2025-02-18 19:00:00+00:00,1897.6
2025-02-18 19:05:00+00:00,1897.6
2025-02-18 19:10:00+00:00,1897.6
2025-02-18 19:15:00+00:00,2656.5
2025-02-18 19:20:00+00:00,2656.5
2025-02-18 19:25:00+00:00,2656.5
2025-02-18 19:30:00+00:00,2299.7
2025-02-18 19:35:00+00:00,2299.7
2025-02-18 19:40:00+00:00,2299.7
2025-02-18 19:45:00+00:00,1855.1
2025-02-18 19:50:00+00:00,1855.1
2025-02-18 19:55:00+00:00,1855.1
2025-02-18 20:00:00+00:00,2655.4
2025-02-18 20:05:00+00:00,2655.4
2025-02-18 20:10:00+00:00,2655.4
2025-02-18 20:15:00+00:00,2285.8
2025-02-18 20:20:00+00:00,2285.8
2025-02-18 20:25:00+00:00,2285.8
2025-02-18 20:30:00+00:00,2546.7
2025-02-18 20:35:00+00:00,2546.7
2025-02-18 20:40:00+00:00,2546.7
2025-02-18 20:45:00+00:00,1504.2
2025-02-18 20:50:00+00:00,1504.2
2025-02-18 20:55:00+00:00,1504.2
2025-02-18 21:00:00+00:00,1830.5
2025-02-18 21:05:00+00:00,1830.5
2025-02-18 21:10:00+00:00,1830.5
2025-02-18 21:15:00+00:00,3019.4
2025-02-18 21:20:00+00:00,3019.4
2025-02-18 21:25:00+00:00,3019.4
2025-02-18 21:30:00+00:00,2219.7
2025-02-18 21:35:00+00:00,2219.7
2025-02-18 21:40:00+00:00,2219.7
2025-02-18 21:45:00+00:00,1966.0
2025-02-18 21:50:00+00:00,1966.0
2025-02-18 21:55:00+00:00,1966.0
2025-02-18 22:00:00+00:00,4020.0
2025-02-18 22:05:00+00:00,4020.0
2025-02-18 22:10:00+00:00,4020.0
2025-02-18 22:15:00+00:00,1440.5
2025-02-18 22:20:00+00:00,1440.5
2025-02-18 22:25:00+00:00,1440.5
2025-02-18 22:30:00+00:00,2302.5
2025-02-18 22:35:00+00:00,2302.5
2025-02-18 22:40:00+00:00,2302.5
2025-02-18 22:45:00+00:00,1891.3
2025-02-18 22:50:00+00:00,1891.3
2025-02-18 22:55:00+00:00,1891.3
2025-02-18 23:00:00+00:00,2168.5
2025-02-18 23:05:00+00:00,2168.5
2025-02-18 23:10:00+00:00,2168.5
2025-02-18 23:15:00+00:00,2801.1
2025-02-18 23:20:00+00:00,2801.1
2025-02-18 23:25:00+00:00,2801.1
2025-02-18 23:30:00+00:00,1467.7
2025-02-18 23:35:00+00:00,1467.7
2025-02-18 23:40:00+00:00,1467.7
2025-02-18 23:45:00+00:00,2235.7
2025-02-18 23:50:00+00:00,2235.7
2025-02-18 23:55:00+00:00,2235.7
2025-02-19 00:00:00+00:00,3838.6
2025-02-19 00:05:00+00:00,3838.6
2025-02-19 00:10:00+00:00,3838.6
2025-02-19 00:15:00+00:00,3228.6
2025-02-19 00:20:00+00:00,3228.6
2025-02-19 00:25:00+00:00,3228.6
2025-02-19 00:30:00+00:00,3273.6
2025-02-19 00:35:00+00:00,3273.6
2025-02-19 00:40:00+00:00,3273.6
2025-02-19 00:45:00+00:00,2139.1
2025-02-19 00:50:00+00:00,2139.1
2025-02-19 00:55:00+00:00,2139.1
2025-02-19 01:00:00+00:00,5102.4
2025-02-19 01:05:00+00:00,5102.4
2025-02-19 01:10:00+00:00,5102.4
2025-02-19 01:15:00+00:00,4197.4
2025-02-19 01:20:00+00:00,4197.4
2025-02-19 01:25:00+00:00,4197.4
2025-02-19 01:30:00+00:00,4382.1
2025-02-19 01:35:00+00:00,4382.1
2025-02-19 01:40:00+00:00,4382.1
2025-02-19 01:45:00+00:00,3846.8
2025-02-19 01:50:00+00:00,3846.8
2025-02-19 01:55:00+00:00,3846.8
2025-02-19 02:00:00+00:00,6155.0
2025-02-19 02:05:00+00:00,6155.0
2025-02-19 02:10:00+00:00,6155.0
2025-02-19 02:15:00+00:00,4375.5
2025-02-19 02:20:00+00:00,4375.5
2025-02-19 02:25:00+00:00,4375.5
2025-02-19 02:30:00+00:00,5379.0
2025-02-19 02:35:00+00:00,5379.0
2025-02-19 02:40:00+00:00,5379.0
2025-02-19 02:45:00+00:00,5260.7
2025-02-19 02:50:00+00:00,5260.7
2025-02-19 02:55:00+00:00,5260.7
2025-02-19 03:00:00+00:00,4178.4
2025-02-19 03:05:00+00:00,4178.4
2025-02-19 03:10:00+00:00,4178.4
2025-02-19 03:15:00+00:00,4391.3
2025-02-19 03:20:00+00:00,4391.3
2025-02-19 03:25:00+00:00,4391.3
2025-02-19 03:30:00+00:00,4400.2
2025-02-19 03:35:00+00:00,4400.2
2025-02-19 03:40:00+00:00,4400.2
2025-02-19 03:45:00+00:00,5102.3
2025-02-19 03:50:00+00:00,5102.3
2025-02-19 03:55:00+00:00,5102.3
2025-02-19 04:00:00+00:00,2198.2
2025-02-19 04:05:00+00:00,2198.2
2025-02-19 04:10:00+00:00,2198.2
2025-02-19 04:15:00+00:00,3075.7
2025-02-19 04:20:00+00:00,3075.7
2025-02-19 04:25:00+00:00,3075.7
2025-02-19 04:30:00+00:00,2598.2
2025-02-19 04:35:00+00:00,2598.2
2025-02-19 04:40:00+00:00,2598.2
2025-02-19 04:45:00+00:00,3749.5
2025-02-19 04:50:00+00:00,3749.5
2025-02-19 04:55:00+00:00,3749.5
2025-02-19 05:00:00+00:00,2482.1
2025-02-19 05:05:00+00:00,2482.1
2025-02-19 05:10:00+00:00,2482.1
2025-02-19 05:15:00+00:00,1843.8
2025-02-19 05:20:00+00:00,1843.8
2025-02-19 05:25:00+00:00,1843.8
2025-02-19 05:30:00+00:00,2277.0
2025-02-19 05:35:00+00:00,2277.0
2025-02-19 05:40:00+00:00,2277.0
2025-02-19 05:45:00+00:00,1905.5
2025-02-19 05:50:00+00:00,1905.5
2025-02-19 05:55:00+00:00,1905.5
2025-02-19 06:00:00+00:00,2717.8
2025-02-19 06:05:00+00:00,2717.8
2025-02-19 06:10:00+00:00,2717.8
2025-02-19 06:15:00+00:00,2911.2
2025-02-19 06:20:00+00:00,2911.2
2025-02-19 06:25:00+00:00,2911.2
2025-02-19 06:30:00+00:00,2314.4
2025-02-19 06:35:00+00:00,2314.4
2025-02-19 06:40:00+00:00,2314.4
2025-02-19 06:45:00+00:00,1863.3
2025-02-19 06:50:00+00:00,1863.3
2025-02-19 06:55:00+00:00,1863.3
2025-02-19 07:00:00+00:00,2382.3
2025-02-19 07:05:00+00:00,2382.3
2025-02-19 07:10:00+00:00,2382.3
2025-02-19 07:15:00+00:00,1482.0
2025-02-19 07:20:00+00:00,1482.0
2025-02-19 07:25:00+00:00,1482.0
2025-02-19 07:30:00+00:00,2104.5
2025-02-19 07:35:00+00:00,2104.5
2025-02-19 07:40:00+00:00,2104.5
2025-02-19 07:45:00+00:00,2926.4
2025-02-19 07:50:00+00:00,2926.4
2025-02-19 07:55:00+00:00,2926.4
2025-02-19 08:00:00+00:00,1941.0
2025-02-19 08:05:00+00:00,1941.0
2025-02-19 08:10:00+00:00,1941.0
2025-02-19 08:15:00+00:00,1493.9
2025-02-19 08:20:00+00:00,1493.9
2025-02-19 08:25:00+00:00,1493.9
2025-02-19 08:30:00+00:00,2324.4
2025-02-19 08:35:00+00:00,2324.4
2025-02-19 08:40:00+00:00,2324.4
2025-02-19 08:45:00+00:00,1225.2
2025-02-19 08:50:00+00:00,1225.2
2025-02-19 08:55:00+00:00,1225.2
2025-02-19 09:00:00+00:00,2917.6
2025-02-19 09:05:00+00:00,2917.6
2025-02-19 09:10:00+00:00,2917.6
2025-02-19 09:15:00+00:00,1903.4
2025-02-19 09:20:00+00:00,1903.4
2025-02-19 09:25:00+00:00,1903.4
2025-02-19 09:30:00+00:00,2603.0
2025-02-19 09:35:00+00:00,2603.0
2025-02-19 09:40:00+00:00,2603.0
2025-02-19 09:45:00+00:00,1844.4
2025-02-19 09:50:00+00:00,1844.4
2025-02-19 09:55:00+00:00,1844.4
2025-02-19 10:00:00+00:00,2589.9
2025-02-19 10:05:00+00:00,2589.9
2025-02-19 10:10:00+00:00,2589.9
2025-02-19 10:15:00+00:00,1629.0
2025-02-19 10:20:00+00:00,1629.0
2025-02-19 10:25:00+00:00,1629.0
2025-02-19 10:30:00+00:00,2960.8
2025-02-19 10:35:00+00:00,2960.8
2025-02-19 10:40:00+00:00,2960.8
2025-02-19 10:45:00+00:00,1826.3
2025-02-19 10:50:00+00:00,1826.3
2025-02-19 10:55:00+00:00,1826.3
2025-02-19 11:00:00+00:00,1531.2
2025-02-19 11:05:00+00:00,1531.2
2025-02-19 11:10:00+00:00,1531.2
2025-02-19 11:15:00+00:00,2238.1
2025-02-19 11:20:00+00:00,2238.1
2025-02-19 11:25:00+00:00,2238.1
2025-02-19 11:30:00+00:00,2715.9
2025-02-19 11:35:00+00:00,2715.9
2025-02-19 11:40:00+00:00,2715.9
2025-02-19 11:45:00+00:00,2468.6
2025-02-19 11:50:00+00:00,2468.6
2025-02-19 11:55:00+00:00,2468.6
2025-02-19 12:00:00+00:00,2793.7
2025-02-19 12:05:00+00:00,2793.7
2025-02-19 12:10:00+00:00,2793.7
2025-02-19 12:15:00+00:00,2108.1
2025-02-19 12:20:00+00:00,2108.1
2025-02-19 12:25:00+00:00,2108.1
2025-02-19 12:30:00+00:00,1451.1
2025-02-19 12:35:00+00:00,1451.1
2025-02-19 12:40:00+00:00,1451.1
2025-02-19 12:45:00+00:00,1984.7
2025-02-19 12:50:00+00:00,1984.7
2025-02-19 12:55:00+00:00,1984.7
2025-02-19 13:00:00+00:00,2206.9
2025-02-19 13:05:00+00:00,2206.9
2025-02-19 13:10:00+00:00,2206.9
2025-02-19 13:15:00+00:00,1581.3
2025-02-19 13:20:00+00:00,1581.3
2025-02-19 13:25:00+00:00,1581.3
2025-02-19 13:30:00+00:00,3433.8
2025-02-19 13:35:00+00:00,3433.8
2025-02-19 13:40:00+00:00,3433.8
2025-02-19 13:45:00+00:00,2611.9
2025-02-19 13:50:00+00:00,2611.9
2025-02-19 13:55:00+00:00,2611.9
2025-02-19 14:00:00+00:00,1448.0
2025-02-19 14:05:00+00:00,1448.0
2025-02-19 14:10:00+00:00,1448.0
2025-02-19 14:15:00+00:00,1496.6
2025-02-19 14:20:00+00:00,1496.6
2025-02-19 14:25:00+00:00,1496.6
2025-02-19 14:30:00+00:00,2663.6
2025-02-19 14:35:00+00:00,2663.6
2025-02-19 14:40:00+00:00,2663.6
2025-02-19 14:45:00+00:00,1629.5
2025-02-19 14:50:00+00:00,1629.5
2025-02-19 14:55:00+00:00,1629.5
2025-02-19 15:00:00+00:00,3350.6
2025-02-19 15:05:00+00:00,3350.6
2025-02-19 15:10:00+00:00,3350.6
2025-02-19 15:15:00+00:00,2254.1
2025-02-19 15:20:00+00:00,2254.1
2025-02-19 15:25:00+00:00,2254.1
2025-02-19 15:30:00+00:00,2303.4
2025-02-19 15:35:00+00:00,2303.4
2025-02-19 15:40:00+00:00,2303.4
2025-02-19 15:45:00+00:00,2555.3
2025-02-19 15:50:00+00:00,2555.3
2025-02-19 15:55:00+00:00,2555.3
2025-02-19 16:00:00+00:00,2798.9
2025-02-19 16:05:00+00:00,2798.9
2025-02-19 16:10:00+00:00,2798.9
2025-02-19 16:15:00+00:00,1457.9
2025-02-19 16:20:00+00:00,1457.9
2025-02-19 16:25:00+00:00,1457.9
2025-02-19 16:30:00+00:00,2538.5
2025-02-19 16:35:00+00:00,2538.5
2025-02-19 16:40:00+00:00,2538.5
2025-02-19 16:45:00+00:00,1893.0
2025-02-19 16:50:00+00:00,1893.0
2025-02-19 16:55:00+00:00,1893.0
2025-02-19 17:00:00+00:00,2328.2
2025-02-19 17:05:00+00:00,2328.2
2025-02-19 17:10:00+00:00,2328.2
2025-02-19 17:15:00+00:00,2107.8
2025-02-19 17:20:00+00:00,2107.8
2025-02-19 17:25:00+00:00,2107.8
2025-02-19 17:30:00+00:00,2846.2
2025-02-19 17:35:00+00:00,2846.2
2025-02-19 17:40:00+00:00,2846.2
2025-02-19 17:45:00+00:00,2096.2
2025-02-19 17:50:00+00:00,2096.2
2025-02-19 17:55:00+00:00,2096.2
2025-02-19 18:00:00+00:00,1820.8
2025-02-19 18:05:00+00:00,1820.8
2025-02-19 18:10:00+00:00,1820.8
2025-02-19 18:15:00+00:00,1943.3
2025-02-19 18:20:00+00:00,1943.3
2025-02-19 18:25:00+00:00,1943.3
2025-02-19 18:30:00+00:00,2978.7
2025-02-19 18:35:00+00:00,2978.7
2025-02-19 18:40:00+00:00,2978.7
2025-02-19 18:45:00+00:00,2204.9
2025-02-19 18:50:00+00:00,2204.9
2025-02-19 18:55:00+00:00,2204.9
2025-02-19 19:00:00+00:00,2146.0
2025-02-19 19:05:00+00:00,2146.0
2025-02-19 19:10:00+00:00,2146.0
2025-02-19 19:15:00+00:00,2184.5
2025-02-19 19:20:00+00:00,2184.5
2025-02-19 19:25:00+00:00,2184.5
2025-02-19 19:30:00+00:00,1870.9
2025-02-19 19:35:00+00:00,1870.9
2025-02-19 19:40:00+00:00,1870.9
2025-02-19 19:45:00+00:00,2948.5
2025-02-19 19:50:00+00:00,2948.5
2025-02-19 19:55:00+00:00,2948.5
2025-02-19 20:00:00+00:00,1151.3
2025-02-19 20:05:00+00:00,1151.3
2025-02-19 20:10:00+00:00,1151.3
2025-02-19 20:15:00+00:00,2029.9
2025-02-19 20:20:00+00:00,2029.9
2025-02-19 20:25:00+00:00,2029.9
2025-02-19 20:30:00+00:00,1489.5
2025-02-19 20:35:00+00:00,1489.5
2025-02-19 20:40:00+00:00,1489.5
2025-02-19 20:45:00+00:00,3620.8
2025-02-19 20:50:00+00:00,3620.8
2025-02-19 20:55:00+00:00,3620.8
2025-02-19 21:00:00+00:00,2155.7
2025-02-19 21:05:00+00:00,2155.7
2025-02-19 21:10:00+00:00,2155.7
2025-02-19 21:15:00+00:00,2248.0
2025-02-19 21:20:00+00:00,2248.0
2025-02-19 21:25:00+00:00,2248.0
2025-02-19 21:30:00+00:00,2386.9
2025-02-19 21:35:00+00:00,2386.9
2025-02-19 21:40:00+00:00,2386.9
2025-02-19 21:45:00+00:00,1904.2
2025-02-19 21:50:00+00:00,1904.2
2025-02-19 21:55:00+00:00,1904.2
2025-02-19 22:00:00+00:00,2436.6
2025-02-19 22:05:00+00:00,2436.6
2025-02-19 22:10:00+00:00,2436.6
2025-02-19 22:15:00+00:00,2221.5
2025-02-19 22:20:00+00:00,2221.5
2025-02-19 22:25:00+00:00,2221.5
2025-02-19 22:30:00+00:00,1804.9
2025-02-19 22:35:00+00:00,1804.9
2025-02-19 22:40:00+00:00,1804.9
2025-02-19 22:45:00+00:00,2329.8
2025-02-19 22:50:00+00:00,2329.8
2025-02-19 22:55:00+00:00,2329.8
2025-02-19 23:00:00+00:00,2038.4
2025-02-19 23:05:00+00:00,2038.4
2025-02-19 23:10:00+00:00,2038.4
2025-02-19 23:15:00+00:00,2862.7
2025-02-19 23:20:00+00:00,2862.7
2025-02-19 23:25:00+00:00,2862.7
2025-02-19 23:30:00+00:00,2835.6
2025-02-19 23:35:00+00:00,2835.6
2025-02-19 23:40:00+00:00,2835.6
2025-02-19 23:45:00+00:00,2186.7
2025-02-19 23:50:00+00:00,2186.7
2025-02-19 23:55:00+00:00,2186.7
2025-02-20 00:00:00+00:00,3306.2
2025-02-20 00:05:00+00:00,3306.2
2025-02-20 00:10:00+00:00,3306.2
2025-02-20 00:15:00+00:00,2143.6
2025-02-20 00:20:00+00:00,2143.6
2025-02-20 00:25:00+00:00,2143.6
2025-02-20 00:30:00+00:00,3764.6
2025-02-20 00:35:00+00:00,3764.6
2025-02-20 00:40:00+00:00,3764.6
2025-02-20 00:45:00+00:00,2105.6
2025-02-20 00:50:00+00:00,2105.6
2025-02-20 00:55:00+00:00,2105.6
2025-02-20 01:00:00+00:00,3820.4
2025-02-20 01:05:00+00:00,3820.4
2025-02-20 01:10:00+00:00,3820.4
2025-02-20 01:15:00+00:00,6160.3
2025-02-20 01:20:00+00:00,6160.3
2025-02-20 01:25:00+00:00,6160.3
2025-02-20 01:30:00+00:00,3104.4
2025-02-20 01:35:00+00:00,3104.4
2025-02-20 01:40:00+00:00,3104.4
2025-02-20 01:45:00+00:00,4760.3
2025-02-20 01:50:00+00:00,4760.3
2025-02-20 01:55:00+00:00,4760.3
2025-02-20 02:00:00+00:00,5166.7
2025-02-20 02:05:00+00:00,5166.7
2025-02-20 02:10:00+00:00,5166.7
2025-02-20 02:15:00+00:00,4943.2
2025-02-20 02:20:00+00:00,4943.2
2025-02-20 02:25:00+00:00,4943.2
2025-02-20 02:30:00+00:00,4921.1
2025-02-20 02:35:00+00:00,4921.1
2025-02-20 02:40:00+00:00,4921.1
2025-02-20 02:45:00+00:00,4534.0
2025-02-20 02:50:00+00:00,4534.0
2025-02-20 02:55:00+00:00,4534.0
2025-02-20 03:00:00+00:00,4978.8
2025-02-20 03:05:00+00:00,4978.8
2025-02-20 03:10:00+00:00,4978.8
2025-02-20 03:15:00+00:00,4819.3
2025-02-20 03:20:00+00:00,4819.3
2025-02-20 03:25:00+00:00,4819.3
2025-02-20 03:30:00+00:00,4898.2
2025-02-20 03:35:00+00:00,4898.2
2025-02-20 03:40:00+00:00,4898.2
2025-02-20 03:45:00+00:00,3631.4
2025-02-20 03:50:00+00:00,3631.4
2025-02-20 03:55:00+00:00,3631.4
2025-02-20 04:00:00+00:00,3096.2
2025-02-20 04:05:00+00:00,3096.2
2025-02-20 04:10:00+00:00,3096.2
2025-02-20 04:15:00+00:00,3126.7
2025-02-20 04:20:00+00:00,3126.7
2025-02-20 04:25:00+00:00,3126.7
2025-02-20 04:30:00+00:00,3658.0
2025-02-20 04:35:00+00:00,3658.0
2025-02-20 04:40:00+00:00,3658.0
2025-02-20 04:45:00+00:00,3710.9
2025-02-20 04:50:00+00:00,3710.9
2025-02-20 04:55:00+00:00,3710.9
2025-02-20 05:00:00+00:00,1530.4
2025-02-20 05:05:00+00:00,1530.4
2025-02-20 05:10:00+00:00,1530.4
2025-02-20 05:15:00+00:00,1575.6
2025-02-20 05:20:00+00:00,1575.6
2025-02-20 05:25:00+00:00,1575.6
2025-02-20 05:30:00+00:00,3038.8
2025-02-20 05:35:00+00:00,3038.8
2025-02-20 05:40:00+00:00,3038.8
2025-02-20 05:45:00+00:00,1485.9
2025-02-20 05:50:00+00:00,1485.9
2025-02-20 05:55:00+00:00,1485.9
2025-02-20 06:00:00+00:00,1554.1
2025-02-20 06:05:00+00:00,1554.1
2025-02-20 06:10:00+00:00,1554.1
2025-02-20 06:15:00+00:00,1821.4
2025-02-20 06:20:00+00:00,1821.4
2025-02-20 06:25:00+00:00,1821.4
2025-02-20 06:30:00+00:00,2961.5
2025-02-20 06:35:00+00:00,2961.5
2025-02-20 06:40:00+00:00,2961.5
2025-02-20 06:45:00+00:00,2191.5
2025-02-20 06:50:00+00:00,2191.5
2025-02-20 06:55:00+00:00,2191.5
2025-02-20 07:00:00+00:00,2035.9
2025-02-20 07:05:00+00:00,2035.9
2025-02-20 07:10:00+00:00,2035.9
2025-02-20 07:15:00+00:00,1435.9
2025-02-20 07:20:00+00:00,1435.9
2025-02-20 07:25:00+00:00,1435.9
2025-02-20 07:30:00+00:00,1829.9
2025-02-20 07:35:00+00:00,1829.9
2025-02-20 07:40:00+00:00,1829.9
2025-02-20 07:45:00+00:00,1461.5
2025-02-20 07:50:00+00:00,1461.5
2025-02-20 07:55:00+00:00,1461.5
2025-02-20 08:00:00+00:00,2767.0
2025-02-20 08:05:00+00:00,2767.0
2025-02-20 08:10:00+00:00,2767.0
2025-02-20 08:15:00+00:00,1826.2
2025-02-20 08:20:00+00:00,1826.2
2025-02-20 08:25:00+00:00,1826.2
2025-02-20 08:30:00+00:00,2283.6
2025-02-20 08:35:00+00:00,2283.6
2025-02-20 08:40:00+00:00,2283.6
2025-02-20 08:45:00+00:00,2147.5
2025-02-20 08:50:00+00:00,2147.5
2025-02-20 08:55:00+00:00,2147.5
2025-02-20 09:00:00+00:00,2160.1
2025-02-20 09:05:00+00:00,2160.1
2025-02-20 09:10:00+00:00,2160.1
2025-02-20 09:15:00+00:00,1955.6
2025-02-20 09:20:00+00:00,1955.6
2025-02-20 09:25:00+00:00,1955.6
2025-02-20 09:30:00+00:00,2162.8
2025-02-20 09:35:00+00:00,2162.8
2025-02-20 09:40:00+00:00,2162.8
2025-02-20 09:45:00+00:00,2598.5
2025-02-20 09:50:00+00:00,2598.5
2025-02-20 09:55:00+00:00,2598.5
2025-02-20 10:00:00+00:00,2198.8
2025-02-20 10:05:00+00:00,2198.8
2025-02-20 10:10:00+00:00,2198.8
2025-02-20 10:15:00+00:00,1566.6
2025-02-20 10:20:00+00:00,1566.6
2025-02-20 10:25:00+00:00,1566.6
2025-02-20 10:30:00+00:00,2918.4
2025-02-20 10:35:00+00:00,2918.4
2025-02-20 10:40:00+00:00,2918.4
2025-02-20 10:45:00+00:00,1824.4
2025-02-20 10:50:00+00:00,1824.4
2025-02-20 10:55:00+00:00,1824.4
2025-02-20 11:00:00+00:00,1938.9
2025-02-20 11:05:00+00:00,1938.9
2025-02-20 11:10:00+00:00,1938.9
2025-02-20 11:15:00+00:00,2552.5
2025-02-20 11:20:00+00:00,2552.5
2025-02-20 11:25:00+00:00,2552.5
2025-02-20 11:30:00+00:00,1967.2
2025-02-20 11:35:00+00:00,1967.2
2025-02-20 11:40:00+00:00,1967.2
2025-02-20 11:45:00+00:00,3073.0
2025-02-20 11:50:00+00:00,3073.0
2025-02-20 11:55:00+00:00,3073.0
2025-02-20 12:00:00+00:00,1099.0
2025-02-20 12:05:00+00:00,1099.0
2025-02-20 12:10:00+00:00,1099.0
2025-02-20 12:15:00+00:00,1136.2
2025-02-20 12:20:00+00:00,1136.2
2025-02-20 12:25:00+00:00,1136.2
2025-02-20 12:30:00+00:00,3781.3
2025-02-20 12:35:00+00:00,3781.3
2025-02-20 12:40:00+00:00,3781.3
2025-02-20 12:45:00+00:00,1878.0
2025-02-20 12:50:00+00:00,1878.0
2025-02-20 12:55:00+00:00,1878.0
2025-02-20 13:00:00+00:00,3400.7
2025-02-20 13:05:00+00:00,3400.7
2025-02-20 13:10:00+00:00,3400.7
2025-02-20 13:15:00+00:00,2562.6
2025-02-20 13:20:00+00:00,2562.6
2025-02-20 13:25:00+00:00,2562.6
2025-02-20 13:30:00+00:00,1865.3
2025-02-20 13:35:00+00:00,1865.3
2025-02-20 13:40:00+00:00,1865.3
2025-02-20 13:45:00+00:00,1575.6
2025-02-20 13:50:00+00:00,1575.6
2025-02-20 13:55:00+00:00,1575.6
2025-02-20 14:00:00+00:00,2271.4
2025-02-20 14:05:00+00:00,2271.4
2025-02-20 14:10:00+00:00,2271.4
2025-02-20 14:15:00+00:00,2339.8
2025-02-20 14:20:00+00:00,2339.8
2025-02-20 14:25:00+00:00,2339.8
2025-02-20 14:30:00+00:00,1998.2
2025-02-20 14:35:00+00:00,1998.2
2025-02-20 14:40:00+00:00,1998.2
2025-02-20 14:45:00+00:00,1883.1
2025-02-20 14:50:00+00:00,1883.1
2025-02-20 14:55:00+00:00,1883.1
2025-02-20 15:00:00+00:00,2239.4
2025-02-20 15:05:00+00:00,2239.4
2025-02-20 15:10:00+00:00,2239.4
2025-02-20 15:15:00+00:00,2270.7
2025-02-20 15:20:00+00:00,2270.7
2025-02-20 15:25:00+00:00,2270.7
2025-02-20 15:30:00+00:00,3253.6
2025-02-20 15:35:00+00:00,3253.6
2025-02-20 15:40:00+00:00,3253.6
2025-02-20 15:45:00+00:00,2201.5
2025-02-20 15:50:00+00:00,2201.5
2025-02-20 15:55:00+00:00,2201.5
2025-02-20 16:00:00+00:00,2240.7
2025-02-20 16:05:00+00:00,2240.7
2025-02-20 16:10:00+00:00,2240.7
2025-02-20 16:15:00+00:00,2103.7
2025-02-20 16:20:00+00:00,2103.7
2025-02-20 16:25:00+00:00,2103.7
2025-02-20 16:30:00+00:00,2565.4
2025-02-20 16:35:00+00:00,2565.4
2025-02-20 16:40:00+00:00,2565.4
2025-02-20 16:45:00+00:00,1030.8
2025-02-20 16:50:00+00:00,1030.8
2025-02-20 16:55:00+00:00,1030.8
2025-02-20 17:00:00+00:00,2834.4
2025-02-20 17:05:00+00:00,2834.4
2025-02-20 17:10:00+00:00,2834.4
2025-02-20 17:15:00+00:00,2638.4
2025-02-20 17:20:00+00:00,2638.4
2025-02-20 17:25:00+00:00,2638.4
2025-02-20 17:30:00+00:00,1869.6
2025-02-20 17:35:00+00:00,1869.6
2025-02-20 17:40:00+00:00,1869.6
2025-02-20 17:45:00+00:00,1566.6
2025-02-20 17:50:00+00:00,1566.6
2025-02-20 17:55:00+00:00,1566.6
2025-02-20 18:00:00+00:00,1597.4
2025-02-20 18:05:00+00:00,1597.4
2025-02-20 18:10:00+00:00,1597.4
2025-02-20 18:15:00+00:00,2305.1
2025-02-20 18:20:00+00:00,2305.1
2025-02-20 18:25:00+00:00,2305.1
2025-02-20 18:30:00+00:00,2659.2
2025-02-20 18:35:00+00:00,2659.2
2025-02-20 18:40:00+00:00,2659.2
2025-02-20 18:45:00+00:00,2241.2
2025-02-20 18:50:00+00:00,2241.2
2025-02-20 18:55:00+00:00,2241.2
2025-02-20 19:00:00+00:00,2626.5
2025-02-20 19:05:00+00:00,2626.5
2025-02-20 19:10:00+00:00,2626.5
2025-02-20 19:15:00+00:00,1513.8
2025-02-20 19:20:00+00:00,1513.8
2025-02-20 19:25:00+00:00,1513.8
2025-02-20 19:30:00+00:00,1748.6
2025-02-20 19:35:00+00:00,1748.6
2025-02-20 19:40:00+00:00,1748.6
2025-02-20 19:45:00+00:00,2197.4
2025-02-20 19:50:00+00:00,2197.4
2025-02-20 19:55:00+00:00,2197.4
2025-02-20 20:00:00+00:00,2635.9
2025-02-20 20:05:00+00:00,2635.9
2025-02-20 20:10:00+00:00,2635.9
2025-02-20 20:15:00+00:00,2606.4
2025-02-20 20:20:00+00:00,2606.4
2025-02-20 20:25:00+00:00,2606.4
2025-02-20 20:30:00+00:00,2371.8
2025-02-20 20:35:00+00:00,2371.8
2025-02-20 20:40:00+00:00,2371.8
2025-02-20 20:45:00+00:00,1177.3
2025-02-20 20:50:00+00:00,1177.3
2025-02-20 20:55:00+00:00,1177.3
2025-02-20 21:00:00+00:00,4091.2
2025-02-20 21:05:00+00:00,4091.2
2025-02-20 21:10:00+00:00,4091.2
2025-02-20 21:15:00+00:00,1434.5
2025-02-20 21:20:00+00:00,1434.5
2025-02-20 21:25:00+00:00,1434.5
2025-02-20 21:30:00+00:00,3036.6
2025-02-20 21:35:00+00:00,3036.6
2025-02-20 21:40:00+00:00,3036.6
2025-02-20 21:45:00+00:00,2173.6
2025-02-20 21:50:00+00:00,2173.6
2025-02-20 21:55:00+00:00,2173.6
2025-02-20 22:00:00+00:00,1863.2
2025-02-20 22:05:00+00:00,1863.2
2025-02-20 22:10:00+00:00,1863.2
2025-02-20 22:15:00+00:00,1789.2
2025-02-20 22:20:00+00:00,1789.2
2025-02-20 22:25:00+00:00,1789.2
2025-02-20 22:30:00+00:00,1517.5
2025-02-20 22:35:00+00:00,1517.5
2025-02-20 22:40:00+00:00,1517.5
2025-02-20 22:45:00+00:00,2318.1
2025-02-20 22:50:00+00:00,2318.1
2025-02-20 22:55:00+00:00,2318.1
2025-02-20 23:00:00+00:00,3266.9
2025-02-20 23:05:00+00:00,3266.9
2025-02-20 23:10:00+00:00,3266.9
2025-02-20 23:15:00+00:00,2654.8
2025-02-20 23:20:00+00:00,2654.8
2025-02-20 23:25:00+00:00,2654.8
2025-02-20 23:30:00+00:00,1881.7
2025-02-20 23:35:00+00:00,1881.7
2025-02-20 23:40:00+00:00,1881.7
2025-02-20 23:45:00+00:00,2003.3
2025-02-20 23:50:00+00:00,2003.3
2025-02-20 23:55:00+00:00,2003.3
2025-02-21 00:00:00+00:00,2347.0
2025-02-21 00:05:00+00:00,2347.0
2025-02-21 00:10:00+00:00,2347.0
2025-02-21 00:15:00+00:00,3044.1
2025-02-21 00:20:00+00:00,3044.1
2025-02-21 00:25:00+00:00,3044.1
2025-02-21 00:30:00+00:00,2999.9
2025-02-21 00:35:00+00:00,2999.9
2025-02-21 00:40:00+00:00,2999.9
2025-02-21 00:45:00+00:00,2215.2
2025-02-21 00:50:00+00:00,2215.2
2025-02-21 00:55:00+00:00,2215.2
2025-02-21 01:00:00+00:00,5142.7
2025-02-21 01:05:00+00:00,5142.7
2025-02-21 01:10:00+00:00,5142.7
2025-02-21 01:15:00+00:00,2899.9
2025-02-21 01:20:00+00:00,2899.9
2025-02-21 01:25:00+00:00,2899.9
2025-02-21 01:30:00+00:00,5042.2
2025-02-21 01:35:00+00:00,5042.2
2025-02-21 01:40:00+00:00,5042.2
2025-02-21 01:45:00+00:00,4476.8
2025-02-21 01:50:00+00:00,4476.8
2025-02-21 01:55:00+00:00,4476.8
2025-02-21 02:00:00+00:00,5157.3
2025-02-21 02:05:00+00:00,5157.3
2025-02-21 02:10:00+00:00,5157.3
2025-02-21 02:15:00+00:00,5157.4
2025-02-21 02:20:00+00:00,5157.4
2025-02-21 02:25:00+00:00,5157.4
2025-02-21 02:30:00+00:00,4442.2
2025-02-21 02:35:00+00:00,4442.2
2025-02-21 02:40:00+00:00,4442.2
2025-02-21 02:45:00+00:00,4793.7
2025-02-21 02:50:00+00:00,4793.7
2025-02-21 02:55:00+00:00,4793.7
2025-02-21 03:00:00+00:00,4777.6
2025-02-21 03:05:00+00:00,4777.6
2025-02-21 03:10:00+00:00,4777.6
2025-02-21 03:15:00+00:00,5619.9
2025-02-21 03:20:00+00:00,5619.9
2025-02-21 03:25:00+00:00,5619.9
2025-02-21 03:30:00+00:00,3869.4
2025-02-21 03:35:00+00:00,3869.4
2025-02-21 03:40:00+00:00,3869.4
2025-02-21 03:45:00+00:00,4032.2
2025-02-21 03:50:00+00:00,4032.2
2025-02-21 03:55:00+00:00,4032.2
2025-02-21 04:00:00+00:00,4384.3
2025-02-21 04:05:00+00:00,4384.3
2025-02-21 04:10:00+00:00,4384.3
2025-02-21 04:15:00+00:00,2670.8
2025-02-21 04:20:00+00:00,2670.8
2025-02-21 04:25:00+00:00,2670.8
2025-02-21 04:30:00+00:00,2017.6
2025-02-21 04:35:00+00:00,2017.6
2025-02-21 04:40:00+00:00,2017.6
2025-02-21 04:45:00+00:00,3152.6
2025-02-21 04:50:00+00:00,3152.6
2025-02-21 04:55:00+00:00,3152.6
2025-02-21 05:00:00+00:00,3619.3
2025-02-21 05:05:00+00:00,3619.3
2025-02-21 05:10:00+00:00,3619.3
2025-02-21 05:15:00+00:00,1843.0
2025-02-21 05:20:00+00:00,1843.0
2025-02-21 05:25:00+00:00,1843.0
2025-02-21 05:30:00+00:00,1494.1
2025-02-21 05:35:00+00:00,1494.1
2025-02-21 05:40:00+00:00,1494.1
2025-02-21 05:45:00+00:00,2512.3
2025-02-21 05:50:00+00:00,2512.3
2025-02-21 05:55:00+00:00,2512.3
2025-02-21 06:00:00+00:00,1487.3
2025-02-21 06:05:00+00:00,1487.3
2025-02-21 06:10:00+00:00,1487.3
2025-02-21 06:15:00+00:00,2253.3
2025-02-21 06:20:00+00:00,2253.3
2025-02-21 06:25:00+00:00,2253.3
2025-02-21 06:30:00+00:00,2479.2
2025-02-21 06:35:00+00:00,2479.2
2025-02-21 06:40:00+00:00,2479.2
2025-02-21 06:45:00+00:00,2583.0
2025-02-21 06:50:00+00:00,2583.0
2025-02-21 06:55:00+00:00,2583.0
2025-02-21 07:00:00+00:00,1851.9
2025-02-21 07:05:00+00:00,1851.9
2025-02-21 07:10:00+00:00,1851.9
2025-02-21 07:15:00+00:00,2208.4
2025-02-21 07:20:00+00:00,2208.4
2025-02-21 07:25:00+00:00,2208.4
2025-02-21 07:30:00+00:00,1834.6
2025-02-21 07:35:00+00:00,1834.6
2025-02-21 07:40:00+00:00,1834.6
2025-02-21 07:45:00+00:00,1602.9
2025-02-21 07:50:00+00:00,1602.9
2025-02-21 07:55:00+00:00,1602.9
2025-02-21 08:00:00+00:00,3026.8
2025-02-21 08:05:00+00:00,3026.8
2025-02-21 08:10:00+00:00,3026.8
2025-02-21 08:15:00+00:00,3082.3
2025-02-21 08:20:00+00:00,3082.3
2025-02-21 08:25:00+00:00,3082.3
2025-02-21 08:30:00+00:00,2058.5
2025-02-21 08:35:00+00:00,2058.5
2025-02-21 08:40:00+00:00,2058.5
2025-02-21 08:45:00+00:00,1775.9
2025-02-21 08:50:00+00:00,1775.9
2025-02-21 08:55:00+00:00,1775.9
2025-02-21 09:00:00+00:00,3078.1
2025-02-21 09:05:00+00:00,3078.1
2025-02-21 09:10:00+00:00,3078.1
2025-02-21 09:15:00+00:00,1791.3
2025-02-21 09:20:00+00:00,1791.3
2025-02-21 09:25:00+00:00,1791.3
2025-02-21 09:30:00+00:00,1484.7
2025-02-21 09:35:00+00:00,1484.7
2025-02-21 09:40:00+00:00,1484.7
2025-02-21 09:45:00+00:00,2567.3
2025-02-21 09:50:00+00:00,2567.3
2025-02-21 09:55:00+00:00,2567.3
2025-02-21 10:00:00+00:00,1149.8
2025-02-21 10:05:00+00:00,1149.8
2025-02-21 10:10:00+00:00,1149.8
2025-02-21 10:15:00+00:00,3335.9
2025-02-21 10:20:00+00:00,3335.9
2025-02-21 10:25:00+00:00,3335.9
2025-02-21 10:30:00+00:00,1397.9
2025-02-21 10:35:00+00:00,1397.9
2025-02-21 10:40:00+00:00,1397.9
2025-02-21 10:45:00+00:00,1795.0
2025-02-21 10:50:00+00:00,1795.0
2025-02-21 10:55:00+00:00,1795.0
2025-02-21 11:00:00+00:00,2370.5
2025-02-21 11:05:00+00:00,2370.5
2025-02-21 11:10:00+00:00,2370.5
2025-02-21 11:15:00+00:00,1895.9
2025-02-21 11:20:00+00:00,1895.9
2025-02-21 11:25:00+00:00,1895.9
2025-02-21 11:30:00+00:00,1484.1
2025-02-21 11:35:00+00:00,1484.1
2025-02-21 11:40:00+00:00,1484.1
2025-02-21 11:45:00+00:00,2996.1
2025-02-21 11:50:00+00:00,2996.1
2025-02-21 11:55:00+00:00,2996.1
2025-02-21 12:00:00+00:00,1145.1
2025-02-21 12:05:00+00:00,1145.1
2025-02-21 12:10:00+00:00,1145.1
2025-02-21 12:15:00+00:00,3357.7
2025-02-21 12:20:00+00:00,3357.7
2025-02-21 12:25:00+00:00,3357.7
2025-02-21 12:30:00+00:00,2303.4
2025-02-21 12:35:00+00:00,2303.4
2025-02-21 12:40:00+00:00,2303.4
2025-02-21 12:45:00+00:00,3499.8
2025-02-21 12:50:00+00:00,3499.8
2025-02-21 12:55:00+00:00,3499.8
2025-02-21 13:00:00+00:00,1863.8
2025-02-21 13:05:00+00:00,1863.8
2025-02-21 13:10:00+00:00,1863.8
2025-02-21 13:15:00+00:00,1859.8
2025-02-21 13:20:00+00:00,1859.8
2025-02-21 13:25:00+00:00,1859.8
2025-02-21 13:30:00+00:00,1952.5
2025-02-21 13:35:00+00:00,1952.5
2025-02-21 13:40:00+00:00,1952.5
2025-02-21 13:45:00+00:00,1702.2
2025-02-21 13:50:00+00:00,1702.2
2025-02-21 13:55:00+00:00,1702.2
2025-02-21 14:00:00+00:00,2077.2
2025-02-21 14:05:00+00:00,2077.2
2025-02-21 14:10:00+00:00,2077.2
2025-02-21 14:15:00+00:00,2515.2
2025-02-21 14:20:00+00:00,2515.2
2025-02-21 14:25:00+00:00,2515.2
2025-02-21 14:30:00+00:00,1527.4
2025-02-21 14:35:00+00:00,1527.4
2025-02-21 14:40:00+00:00,1527.4
2025-02-21 14:45:00+00:00,2580.1
2025-02-21 14:50:00+00:00,2580.1
2025-02-21 14:55:00+00:00,2580.1
2025-02-21 15:00:00+00:00,1474.9
2025-02-21 15:05:00+00:00,1474.9
2025-02-21 15:10:00+00:00,1474.9
2025-02-21 15:15:00+00:00,1881.7
2025-02-21 15:20:00+00:00,1881.7
2025-02-21 15:25:00+00:00,1881.7
2025-02-21 15:30:00+00:00,1954.7
2025-02-21 15:35:00+00:00,1954.7
2025-02-21 15:40:00+00:00,1954.7
2025-02-21 15:45:00+00:00,1912.2
2025-02-21 15:50:00+00:00,1912.2
2025-02-21 15:55:00+00:00,1912.2
2025-02-21 16:00:00+00:00,1884.7
2025-02-21 16:05:00+00:00,1884.7
2025-02-21 16:10:00+00:00,1884.7
2025-02-21 16:15:00+00:00,1152.2
2025-02-21 16:20:00+00:00,1152.2
2025-02-21 16:25:00+00:00,1152.2
2025-02-21 16:30:00+00:00,2242.8
2025-02-21 16:35:00+00:00,2242.8
2025-02-21 16:40:00+00:00,2242.8
2025-02-21 16:45:00+00:00,1953.7
2025-02-21 16:50:00+00:00,1953.7
2025-02-21 16:55:00+00:00,1953.7
2025-02-21 17:00:00+00:00,1460.4
2025-02-21 17:05:00+00:00,1460.4
2025-02-21 17:10:00+00:00,1460.4
2025-02-21 17:15:00+00:00,2570.8
2025-02-21 17:20:00+00:00,2570.8
2025-02-21 17:25:00+00:00,2570.8
2025-02-21 17:30:00+00:00,2470.5
2025-02-21 17:35:00+00:00,2470.5
2025-02-21 17:40:00+00:00,2470.5
2025-02-21 17:45:00+00:00,1084.7
2025-02-21 17:50:00+00:00,1084.7
2025-02-21 17:55:00+00:00,1084.7
2025-02-21 18:00:00+00:00,2196.9
2025-02-21 18:05:00+00:00,2196.9
2025-02-21 18:10:00+00:00,2196.9
2025-02-21 18:15:00+00:00,2617.8
2025-02-21 18:20:00+00:00,2617.8
2025-02-21 18:25:00+00:00,2617.8
2025-02-21 18:30:00+00:00,2207.1
2025-02-21 18:35:00+00:00,2207.1
2025-02-21 18:40:00+00:00,2207.1
2025-02-21 18:45:00+00:00,2262.6
2025-02-21 18:50:00+00:00,2262.6
2025-02-21 18:55:00+00:00,2262.6
2025-02-21 19:00:00+00:00,1945.2
2025-02-21 19:05:00+00:00,1945.2
2025-02-21 19:10:00+00:00,1945.2
2025-02-21 19:15:00+00:00,1522.3
2025-02-21 19:20:00+00:00,1522.3
2025-02-21 19:25:00+00:00,1522.3
2025-02-21 19:30:00+00:00,1570.9
2025-02-21 19:35:00+00:00,1570.9
2025-02-21 19:40:00+00:00,1570.9
2025-02-21 19:45:00+00:00,2682.7
2025-02-21 19:50:00+00:00,2682.7
2025-02-21 19:55:00+00:00,2682.7
2025-02-21 20:00:00+00:00,1450.4
2025-02-21 20:05:00+00:00,1450.4
2025-02-21 20:10:00+00:00,1450.4
2025-02-21 20:15:00+00:00,1850.7
2025-02-21 20:20:00+00:00,1850.7
2025-02-21 20:25:00+00:00,1850.7
2025-02-21 20:30:00+00:00,2350.8
2025-02-21 20:35:00+00:00,2350.8
2025-02-21 20:40:00+00:00,2350.8
2025-02-21 20:45:00+00:00,3790.3
2025-02-21 20:50:00+00:00,3790.3
2025-02-21 20:55:00+00:00,3790.3
2025-02-21 21:00:00+00:00,1198.9
2025-02-21 21:05:00+00:00,1198.9
2025-02-21 21:10:00+00:00,1198.9
2025-02-21 21:15:00+00:00,1209.7
2025-02-21 21:20:00+00:00,1209.7
2025-02-21 21:25:00+00:00,1209.7
2025-02-21 21:30:00+00:00,1944.7
2025-02-21 21:35:00+00:00,1944.7
2025-02-21 21:40:00+00:00,1944.7
2025-02-21 21:45:00+00:00,2255.2
2025-02-21 21:50:00+00:00,2255.2
2025-02-21 21:55:00+00:00,2255.2
2025-02-21 22:00:00+00:00,2458.2
2025-02-21 22:05:00+00:00,2458.2
2025-02-21 22:10:00+00:00,2458.2
2025-02-21 22:15:00+00:00,1799.4
2025-02-21 22:20:00+00:00,1799.4
2025-02-21 22:25:00+00:00,1799.4
2025-02-21 22:30:00+00:00,1914.0
2025-02-21 22:35:00+00:00,1914.0
2025-02-21 22:40:00+00:00,1914.0
2025-02-21 22:45:00+00:00,1378.2
2025-02-21 22:50:00+00:00,1378.2
2025-02-21 22:55:00+00:00,1378.2
2025-02-21 23:00:00+00:00,2444.2
2025-02-21 23:05:00+00:00,2444.2
2025-02-21 23:10:00+00:00,2444.2
2025-02-21 23:15:00+00:00,1812.7
2025-02-21 23:20:00+00:00,1812.7
2025-02-21 23:25:00+00:00,1812.7
2025-02-21 23:30:00+00:00,1491.6
2025-02-21 23:35:00+00:00,1491.6
2025-02-21 23:40:00+00:00,1491.6
2025-02-21 23:45:00+00:00,1840.2
2025-02-21 23:50:00+00:00,1840.2
2025-02-21 23:55:00+00:00,1840.2
2025-02-22 00:00:00+00:00,2278.3
2025-02-22 00:05:00+00:00,2278.3
2025-02-22 00:10:00+00:00,2278.3
2025-02-22 00:15:00+00:00,2337.2
2025-02-22 00:20:00+00:00,2337.2
2025-02-22 00:25:00+00:00,2337.2
2025-02-22 00:30:00+00:00,3424.5
2025-02-22 00:35:00+00:00,3424.5
2025-02-22 00:40:00+00:00,3424.5
2025-02-22 00:45:00+00:00,3392.5
2025-02-22 00:50:00+00:00,3392.5
2025-02-22 00:55:00+00:00,3392.5
2025-02-22 01:00:00+00:00,2931.2
2025-02-22 01:05:00+00:00,2931.2
2025-02-22 01:10:00+00:00,2931.2
2025-02-22 01:15:00+00:00,3012.9
2025-02-22 01:20:00+00:00,3012.9
2025-02-22 01:25:00+00:00,3012.9
2025-02-22 01:30:00+00:00,3374.3
2025-02-22 01:35:00+00:00,3374.3
2025-02-22 01:40:00+00:00,3374.3
2025-02-22 01:45:00+00:00,5689.6
2025-02-22 01:50:00+00:00,5689.6
2025-02-22 01:55:00+00:00,5689.6
2025-02-22 02:00:00+00:00,2357.6
2025-02-22 02:05:00+00:00,2357.6
2025-02-22 02:10:00+00:00,2357.6
2025-02-22 02:15:00+00:00,4943.3
2025-02-22 02:20:00+00:00,4943.3
2025-02-22 02:25:00+00:00,4943.3
2025-02-22 02:30:00+00:00,4550.0
2025-02-22 02:35:00+00:00,4550.0
2025-02-22 02:40:00+00:00,4550.0
2025-02-22 02:45:00+00:00,2985.1
2025-02-22 02:50:00+00:00,2985.1
2025-02-22 02:55:00+00:00,2985.1
2025-02-22 03:00:00+00:00,4472.9
2025-02-22 03:05:00+00:00,4472.9
2025-02-22 03:10:00+00:00,4472.9
2025-02-22 03:15:00+00:00,4413.4
2025-02-22 03:20:00+00:00,4413.4
2025-02-22 03:25:00+00:00,4413.4
2025-02-22 03:30:00+00:00,3453.6
2025-02-22 03:35:00+00:00,3453.6
2025-02-22 03:40:00+00:00,3453.6
2025-02-22 03:45:00+00:00,3244.7
2025-02-22 03:50:00+00:00,3244.7
2025-02-22 03:55:00+00:00,3244.7
2025-02-22 04:00:00+00:00,2888.4
2025-02-22 04:05:00+00:00,2888.4
2025-02-22 04:10:00+00:00,2888.4
2025-02-22 04:15:00+00:00,2212.8
2025-02-22 04:20:00+00:00,2212.8
2025-02-22 04:25:00+00:00,2212.8
2025-02-22 04:30:00+00:00,2700.6
2025-02-22 04:35:00+00:00,2700.6
2025-02-22 04:40:00+00:00,2700.6
2025-02-22 04:45:00+00:00,3294.4
2025-02-22 04:50:00+00:00,3294.4
2025-02-22 04:55:00+00:00,3294.4
2025-02-22 05:00:00+00:00,1708.2
2025-02-22 05:05:00+00:00,1708.2
2025-02-22 05:10:00+00:00,1708.2
2025-02-22 05:15:00+00:00,1358.8
2025-02-22 05:20:00+00:00,1358.8
2025-02-22 05:25:00+00:00,1358.8
2025-02-22 05:30:00+00:00,1544.9
2025-02-22 05:35:00+00:00,1544.9
2025-02-22 05:40:00+00:00,1544.9
2025-02-22 05:45:00+00:00,1865.0
2025-02-22 05:50:00+00:00,1865.0
2025-02-22 05:55:00+00:00,1865.0
2025-02-22 06:00:00+00:00,2266.2
2025-02-22 06:05:00+00:00,2266.2
2025-02-22 06:10:00+00:00,2266.2
2025-02-22 06:15:00+00:00,1159.1
2025-02-22 06:20:00+00:00,1159.1
2025-02-22 06:25:00+00:00,1159.1
2025-02-22 06:30:00+00:00,1958.5
2025-02-22 06:35:00+00:00,1958.5
2025-02-22 06:40:00+00:00,1958.5
2025-02-22 06:45:00+00:00,1934.7
2025-02-22 06:50:00+00:00,1934.7
2025-02-22 06:55:00+00:00,1934.7
2025-02-22 07:00:00+00:00,2559.6
2025-02-22 07:05:00+00:00,2559.6
2025-02-22 07:10:00+00:00,2559.6
2025-02-22 07:15:00+00:00,2360.4
2025-02-22 07:20:00+00:00,2360.4
2025-02-22 07:25:00+00:00,2360.4
2025-02-22 07:30:00+00:00,2398.4
2025-02-22 07:35:00+00:00,2398.4
2025-02-22 07:40:00+00:00,2398.4
2025-02-22 07:45:00+00:00,1801.3
2025-02-22 07:50:00+00:00,1801.3
2025-02-22 07:55:00+00:00,1801.3
2025-02-22 08:00:00+00:00,1878.1
2025-02-22 08:05:00+00:00,1878.1
2025-02-22 08:10:00+00:00,1878.1
2025-02-22 08:15:00+00:00,2214.3
2025-02-22 08:20:00+00:00,2214.3
2025-02-22 08:25:00+00:00,2214.3
2025-02-22 08:30:00+00:00,1602.5
2025-02-22 08:35:00+00:00,1602.5
2025-02-22 08:40:00+00:00,1602.5
2025-02-22 08:45:00+00:00,2592.9
2025-02-22 08:50:00+00:00,2592.9
2025-02-22 08:55:00+00:00,2592.9
2025-02-22 09:00:00+00:00,1587.8
2025-02-22 09:05:00+00:00,1587.8
2025-02-22 09:10:00+00:00,1587.8
2025-02-22 09:15:00+00:00,2284.6
2025-02-22 09:20:00+00:00,2284.6
2025-02-22 09:25:00+00:00,2284.6
2025-02-22 09:30:00+00:00,2248.3
2025-02-22 09:35:00+00:00,2248.3
2025-02-22 09:40:00+00:00,2248.3
2025-02-22 09:45:00+00:00,1470.5
2025-02-22 09:50:00+00:00,1470.5
2025-02-22 09:55:00+00:00,1470.5
2025-02-22 10:00:00+00:00,2102.7
2025-02-22 10:05:00+00:00,2102.7
2025-02-22 10:10:00+00:00,2102.7
2025-02-22 10:15:00+00:00,1971.8
2025-02-22 10:20:00+00:00,1971.8
2025-02-22 10:25:00+00:00,1971.8
2025-02-22 10:30:00+00:00,2251.9
2025-02-22 10:35:00+00:00,2251.9
2025-02-22 10:40:00+00:00,2251.9
2025-02-22 10:45:00+00:00,1515.3
2025-02-22 10:50:00+00:00,1515.3
2025-02-22 10:55:00+00:00,1515.3
2025-02-22 11:00:00+00:00,2241.5
2025-02-22 11:05:00+00:00,2241.5
2025-02-22 11:10:00+00:00,2241.5
2025-02-22 11:15:00+00:00,2592.2
2025-02-22 11:20:00+00:00,2592.2
2025-02-22 11:25:00+00:00,2592.2
2025-02-22 11:30:00+00:00,1978.4
2025-02-22 11:35:00+00:00,1978.4
2025-02-22 11:40:00+00:00,1978.4
2025-02-22 11:45:00+00:00,1557.3
2025-02-22 11:50:00+00:00,1557.3
2025-02-22 11:55:00+00:00,1557.3
2025-02-22 12:00:00+00:00,1181.5
2025-02-22 12:05:00+00:00,1181.5
2025-02-22 12:10:00+00:00,1181.5
2025-02-22 12:15:00+00:00,2332.9
2025-02-22 12:20:00+00:00,2332.9
2025-02-22 12:25:00+00:00,2332.9
2025-02-22 12:30:00+00:00,2246.1
2025-02-22 12:35:00+00:00,2246.1
2025-02-22 12:40:00+00:00,2246.1
2025-02-22 12:45:00+00:00,2534.0
2025-02-22 12:50:00+00:00,2534.0
2025-02-22 12:55:00+00:00,2534.0
2025-02-22 13:00:00+00:00,1726.6
2025-02-22 13:05:00+00:00,1726.6
2025-02-22 13:10:00+00:00,1726.6
2025-02-22 13:15:00+00:00,1482.8
2025-02-22 13:20:00+00:00,1482.8
2025-02-22 13:25:00+00:00,1482.8
2025-02-22 13:30:00+00:00,1876.9
2025-02-22 13:35:00+00:00,1876.9
2025-02-22 13:40:00+00:00,1876.9
2025-02-22 13:45:00+00:00,1840.5
2025-02-22 13:50:00+00:00,1840.5
2025-02-22 13:55:00+00:00,1840.5
2025-02-22 14:00:00+00:00,1905.6
2025-02-22 14:05:00+00:00,1905.6
2025-02-22 14:10:00+00:00,1905.6
2025-02-22 14:15:00+00:00,1747.3
2025-02-22 14:20:00+00:00,1747.3
2025-02-22 14:25:00+00:00,1747.3
2025-02-22 14:30:00+00:00,1837.5
2025-02-22 14:35:00+00:00,1837.5
2025-02-22 14:40:00+00:00,1837.5
2025-02-22 14:45:00+00:00,1124.8
2025-02-22 14:50:00+00:00,1124.8
2025-02-22 14:55:00+00:00,1124.8
2025-02-22 15:00:00+00:00,1174.6
2025-02-22 15:05:00+00:00,1174.6
2025-02-22 15:10:00+00:00,1174.6
2025-02-22 15:15:00+00:00,4000.0
2025-02-22 15:20:00+00:00,4000.0
2025-02-22 15:25:00+00:00,4000.0
2025-02-22 15:30:00+00:00,1526.4
2025-02-22 15:35:00+00:00,1526.4
2025-02-22 15:40:00+00:00,1526.4
2025-02-22 15:45:00+00:00,2195.7
2025-02-22 15:50:00+00:00,2195.7
2025-02-22 15:55:00+00:00,2195.7
2025-02-22 16:00:00+00:00,1862.4
2025-02-22 16:05:00+00:00,1862.4
2025-02-22 16:10:00+00:00,1862.4
2025-02-22 16:15:00+00:00,1633.1
2025-02-22 16:20:00+00:00,1633.1
2025-02-22 16:25:00+00:00,1633.1
2025-02-22 16:30:00+00:00,2958.8
2025-02-22 16:35:00+00:00,2958.8
2025-02-22 16:40:00+00:00,2958.8
2025-02-22 16:45:00+00:00,1483.4
2025-02-22 16:50:00+00:00,1483.4
2025-02-22 16:55:00+00:00,1483.4
2025-02-22 17:00:00+00:00,1874.5
2025-02-22 17:05:00+00:00,1874.5
2025-02-22 17:10:00+00:00,1874.5
2025-02-22 17:15:00+00:00,1540.1
2025-02-22 17:20:00+00:00,1540.1
2025-02-22 17:25:00+00:00,1540.1
2025-02-22 17:30:00+00:00,2288.9
2025-02-22 17:35:00+00:00,2288.9
2025-02-22 17:40:00+00:00,2288.9
2025-02-22 17:45:00+00:00,2831.2
2025-02-22 17:50:00+00:00,2831.2
2025-02-22 17:55:00+00:00,2831.2
2025-02-22 18:00:00+00:00,1457.4
2025-02-22 18:05:00+00:00,1457.4
2025-02-22 18:10:00+00:00,1457.4
2025-02-22 18:15:00+00:00,1816.6
2025-02-22 18:20:00+00:00,1816.6
2025-02-22 18:25:00+00:00,1816.6
2025-02-22 18:30:00+00:00,2281.1
2025-02-22 18:35:00+00:00,2281.1
2025-02-22 18:40:00+00:00,2281.1
2025-02-22 18:45:00+00:00,1579.7
2025-02-22 18:50:00+00:00,1579.7
2025-02-22 18:55:00+00:00,1579.7
2025-02-22 19:00:00+00:00,2662.3
2025-02-22 19:05:00+00:00,2662.3
2025-02-22 19:10:00+00:00,2662.3
2025-02-22 19:15:00+00:00,1857.6
2025-02-22 19:20:00+00:00,1857.6
2025-02-22 19:25:00+00:00,1857.6
2025-02-22 19:30:00+00:00,1207.5
2025-02-22 19:35:00+00:00,1207.5
2025-02-22 19:40:00+00:00,1207.5
2025-02-22 19:45:00+00:00,1871.9
2025-02-22 19:50:00+00:00,1871.9
2025-02-22 19:55:00+00:00,1871.9
2025-02-22 20:00:00+00:00,3590.6
2025-02-22 20:05:00+00:00,3590.6
2025-02-22 20:10:00+00:00,3590.6
2025-02-22 20:15:00+00:00,1726.9
2025-02-22 20:20:00+00:00,1726.9
2025-02-22 20:25:00+00:00,1726.9
2025-02-22 20:30:00+00:00,1518.6
2025-02-22 20:35:00+00:00,1518.6
2025-02-22 20:40:00+00:00,1518.6
2025-02-22 20:45:00+00:00,1808.3
2025-02-22 20:50:00+00:00,1808.3
2025-02-22 20:55:00+00:00,1808.3
2025-02-22 21:00:00+00:00,1621.1
2025-02-22 21:05:00+00:00,1621.1
2025-02-22 21:10:00+00:00,1621.1
2025-02-22 21:15:00+00:00,2549.4
2025-02-22 21:20:00+00:00,2549.4
2025-02-22 21:25:00+00:00,2549.4
2025-02-22 21:30:00+00:00,1846.8
2025-02-22 21:35:00+00:00,1846.8
2025-02-22 21:40:00+00:00,1846.8
2025-02-22 21:45:00+00:00,1471.5
2025-02-22 21:50:00+00:00,1471.5
2025-02-22 21:55:00+00:00,1471.5
2025-02-22 22:00:00+00:00,2208.2
2025-02-22 22:05:00+00:00,2208.2
2025-02-22 22:10:00+00:00,2208.2
2025-02-22 22:15:00+00:00,2126.7
2025-02-22 22:20:00+00:00,2126.7
2025-02-22 22:25:00+00:00,2126.7
2025-02-22 22:30:00+00:00,2260.7
2025-02-22 22:35:00+00:00,2260.7
2025-02-22 22:40:00+00:00,2260.7
2025-02-22 22:45:00+00:00,2250.6
2025-02-22 22:50:00+00:00,2250.6
2025-02-22 22:55:00+00:00,2250.6
2025-02-22 23:00:00+00:00,1614.1
2025-02-22 23:05:00+00:00,1614.1
2025-02-22 23:10:00+00:00,1614.1
2025-02-22 23:15:00+00:00,1527.1
2025-02-22 23:20:00+00:00,1527.1
2025-02-22 23:25:00+00:00,1527.1
2025-02-22 23:30:00+00:00,2678.8
2025-02-22 23:35:00+00:00,2678.8
2025-02-22 23:40:00+00:00,2678.8
2025-02-22 23:45:00+00:00,2078.2
2025-02-22 23:50:00+00:00,2078.2
2025-02-22 23:55:00+00:00,2078.2
2025-02-23 00:00:00+00:00,3031.7
2025-02-23 00:05:00+00:00,3031.7
2025-02-23 00:10:00+00:00,3031.7
2025-02-23 00:15:00+00:00,1896.4
2025-02-23 00:20:00+00:00,1896.4
2025-02-23 00:25:00+00:00,1896.4
2025-02-23 00:30:00+00:00,3011.8
2025-02-23 00:35:00+00:00,3011.8
2025-02-23 00:40:00+00:00,3011.8
2025-02-23 00:45:00+00:00,2490.9
2025-02-23 00:50:00+00:00,2490.9
2025-02-23 00:55:00+00:00,2490.9
2025-02-23 01:00:00+00:00,3440.2
2025-02-23 01:05:00+00:00,3440.2
2025-02-23 01:10:00+00:00,3440.2
2025-02-23 01:15:00+00:00,4186.3
2025-02-23 01:20:00+00:00,4186.3
2025-02-23 01:25:00+00:00,4186.3
2025-02-23 01:30:00+00:00,2133.0
2025-02-23 01:35:00+00:00,2133.0
2025-02-23 01:40:00+00:00,2133.0
2025-02-23 01:45:00+00:00,4530.5
2025-02-23 01:50:00+00:00,4530.5
2025-02-23 01:55:00+00:00,4530.5
2025-02-23 02:00:00+00:00,4176.7
2025-02-23 02:05:00+00:00,4176.7
2025-02-23 02:10:00+00:00,4176.7
2025-02-23 02:15:00+00:00,5016.3
2025-02-23 02:20:00+00:00,5016.3
2025-02-23 02:25:00+00:00,5016.3
2025-02-23 02:30:00+00:00,3368.4
2025-02-23 02:35:00+00:00,3368.4
2025-02-23 02:40:00+00:00,3368.4
2025-02-23 02:45:00+00:00,4170.5
2025-02-23 02:50:00+00:00,4170.5
2025-02-23 02:55:00+00:00,4170.5
2025-02-23 03:00:00+00:00,2899.7
2025-02-23 03:05:00+00:00,2899.7
2025-02-23 03:10:00+00:00,2899.7
2025-02-23 03:15:00+00:00,4504.1
2025-02-23 03:20:00+00:00,4504.1
2025-02-23 03:25:00+00:00,4504.1
2025-02-23 03:30:00+00:00,3978.7
2025-02-23 03:35:00+00:00,3978.7
2025-02-23 03:40:00+00:00,3978.7
2025-02-23 03:45:00+00:00,3115.1
2025-02-23 03:50:00+00:00,3115.1
2025-02-23 03:55:00+00:00,3115.1
2025-02-23 04:00:00+00:00,2680.2
2025-02-23 04:05:00+00:00,2680.2
2025-02-23 04:10:00+00:00,2680.2
2025-02-23 04:15:00+00:00,2204.3
2025-02-23 04:20:00+00:00,2204.3
2025-02-23 04:25:00+00:00,2204.3
2025-02-23 04:30:00+00:00,2346.2
2025-02-23 04:35:00+00:00,2346.2
2025-02-23 04:40:00+00:00,2346.2
2025-02-23 04:45:00+00:00,2613.4
2025-02-23 04:50:00+00:00,2613.4
2025-02-23 04:55:00+00:00,2613.4
2025-02-23 05:00:00+00:00,2066.4
2025-02-23 05:05:00+00:00,2066.4
2025-02-23 05:10:00+00:00,2066.4
2025-02-23 05:15:00+00:00,2295.5
2025-02-23 05:20:00+00:00,2295.5
2025-02-23 05:25:00+00:00,2295.5
2025-02-23 05:30:00+00:00,1787.1
2025-02-23 05:35:00+00:00,1787.1
2025-02-23 05:40:00+00:00,1787.1
2025-02-23 05:45:00+00:00,1084.8
2025-02-23 05:50:00+00:00,1084.8
2025-02-23 05:55:00+00:00,1084.8
2025-02-23 06:00:00+00:00,2186.4
2025-02-23 06:05:00+00:00,2186.4
2025-02-23 06:10:00+00:00,2186.4
2025-02-23 06:15:00+00:00,2982.4
2025-02-23 06:20:00+00:00,2982.4
2025-02-23 06:25:00+00:00,2982.4
2025-02-23 06:30:00+00:00,1472.9
2025-02-23 06:35:00+00:00,1472.9
2025-02-23 06:40:00+00:00,1472.9
2025-02-23 06:45:00+00:00,2481.7
2025-02-23 06:50:00+00:00,2481.7
2025-02-23 06:55:00+00:00,2481.7
2025-02-23 07:00:00+00:00,1445.6
2025-02-23 07:05:00+00:00,1445.6
2025-02-23 07:10:00+00:00,1445.6
2025-02-23 07:15:00+00:00,1159.2
2025-02-23 07:20:00+00:00,1159.2
2025-02-23 07:25:00+00:00,1159.2
2025-02-23 07:30:00+00:00,1183.1
2025-02-23 07:35:00+00:00,1183.1
2025-02-23 07:40:00+00:00,1183.1
2025-02-23 07:45:00+00:00,2208.6
2025-02-23 07:50:00+00:00,2208.6
2025-02-23 07:55:00+00:00,2208.6
2025-02-23 08:00:00+00:00,2217.8
2025-02-23 08:05:00+00:00,2217.8
2025-02-23 08:10:00+00:00,2217.8
2025-02-23 08:15:00+00:00,2244.8
2025-02-23 08:20:00+00:00,2244.8
2025-02-23 08:25:00+00:00,2244.8
2025-02-23 08:30:00+00:00,1511.0
2025-02-23 08:35:00+00:00,1511.0
2025-02-23 08:40:00+00:00,1511.0
2025-02-23 08:45:00+00:00,1537.0
2025-02-23 08:50:00+00:00,1537.0
2025-02-23 08:55:00+00:00,1537.0
2025-02-23 09:00:00+00:00,1533.8
2025-02-23 09:05:00+00:00,1533.8
2025-02-23 09:10:00+00:00,1533.8
2025-02-23 09:15:00+00:00,3070.7
2025-02-23 09:20:00+00:00,3070.7
2025-02-23 09:25:00+00:00,3070.7
2025-02-23 09:30:00+00:00,2009.5
2025-02-23 09:35:00+00:00,2009.5
2025-02-23 09:40:00+00:00,2009.5
2025-02-23 09:45:00+00:00,2253.5
2025-02-23 09:50:00+00:00,2253.5
2025-02-23 09:55:00+00:00,2253.5
2025-02-23 10:00:00+00:00,1136.0
2025-02-23 10:05:00+00:00,1136.0
2025-02-23 10:10:00+00:00,1136.0
2025-02-23 10:15:00+00:00,3625.2
2025-02-23 10:20:00+00:00,3625.2
2025-02-23 10:25:00+00:00,3625.2
2025-02-23 10:30:00+00:00,2221.6
2025-02-23 10:35:00+00:00,2221.6
2025-02-23 10:40:00+00:00,2221.6
2025-02-23 10:45:00+00:00,1809.7
2025-02-23 10:50:00+00:00,1809.7
2025-02-23 10:55:00+00:00,1809.7
2025-02-23 11:00:00+00:00,1414.9
2025-02-23 11:05:00+00:00,1414.9
2025-02-23 11:10:00+00:00,1414.9
2025-02-23 11:15:00+00:00,2123.4
2025-02-23 11:20:00+00:00,2123.4
2025-02-23 11:25:00+00:00,2123.4
2025-02-23 11:30:00+00:00,1488.9
2025-02-23 11:35:00+00:00,1488.9
2025-02-23 11:40:00+00:00,1488.9
2025-02-23 11:45:00+00:00,1509.4
2025-02-23 11:50:00+00:00,1509.4
2025-02-23 11:55:00+00:00,1509.4
2025-02-23 12:00:00+00:00,1472.2
2025-02-23 12:05:00+00:00,1472.2
2025-02-23 12:10:00+00:00,1472.2
2025-02-23 12:15:00+00:00,1546.4
2025-02-23 12:20:00+00:00,1546.4
2025-02-23 12:25:00+00:00,1546.4
2025-02-23 12:30:00+00:00,2258.1
2025-02-23 12:35:00+00:00,2258.1
2025-02-23 12:40:00+00:00,2258.1
2025-02-23 12:45:00+00:00,1567.8
2025-02-23 12:50:00+00:00,1567.8
2025-02-23 12:55:00+00:00,1567.8
2025-02-23 13:00:00+00:00,1178.4
2025-02-23 13:05:00+00:00,1178.4
2025-02-23 13:10:00+00:00,1178.4
2025-02-23 13:15:00+00:00,2618.5
2025-02-23 13:20:00+00:00,2618.5
2025-02-23 13:25:00+00:00,2618.5
2025-02-23 13:30:00+00:00,2539.5
2025-02-23 13:35:00+00:00,2539.5
2025-02-23 13:40:00+00:00,2539.5
2025-02-23 13:45:00+00:00,1859.8
2025-02-23 13:50:00+00:00,1859.8
2025-02-23 13:55:00+00:00,1859.8
2025-02-23 14:00:00+00:00,2587.0
2025-02-23 14:05:00+00:00,2587.0
2025-02-23 14:10:00+00:00,2587.0
2025-02-23 14:15:00+00:00,1154.4
2025-02-23 14:20:00+00:00,1154.4
2025-02-23 14:25:00+00:00,1154.4
2025-02-23 14:30:00+00:00,3011.0
2025-02-23 14:35:00+00:00,3011.0
2025-02-23 14:40:00+00:00,3011.0
2025-02-23 14:45:00+00:00,1140.3
2025-02-23 14:50:00+00:00,1140.3
2025-02-23 14:55:00+00:00,1140.3
2025-02-23 15:00:00+00:00,1601.4
2025-02-23 15:05:00+00:00,1601.4
2025-02-23 15:10:00+00:00,1601.4
2025-02-23 15:15:00+00:00,1147.3
2025-02-23 15:20:00+00:00,1147.3
2025-02-23 15:25:00+00:00,1147.3
2025-02-23 15:30:00+00:00,2230.3
2025-02-23 15:35:00+00:00,2230.3
2025-02-23 15:40:00+00:00,2230.3
2025-02-23 15:45:00+00:00,2694.9
2025-02-23 15:50:00+00:00,2694.9
2025-02-23 15:55:00+00:00,2694.9
2025-02-23 16:00:00+00:00,1848.7
2025-02-23 16:05:00+00:00,1848.7
2025-02-23 16:10:00+00:00,1848.7
2025-02-23 16:15:00+00:00,2257.4
2025-02-23 16:20:00+00:00,2257.4
2025-02-23 16:25:00+00:00,2257.4
2025-02-23 16:30:00+00:00,2372.0
2025-02-23 16:35:00+00:00,2372.0
2025-02-23 16:40:00+00:00,2372.0
2025-02-23 16:45:00+00:00,2598.7
2025-02-23 16:50:00+00:00,2598.7
2025-02-23 16:55:00+00:00,2598.7
2025-02-23 17:00:00+00:00,1158.8
2025-02-23 17:05:00+00:00,1158.8
2025-02-23 17:10:00+00:00,1158.8
2025-02-23 17:15:00+00:00,3498.7
2025-02-23 17:20:00+00:00,3498.7
2025-02-23 17:25:00+00:00,3498.7
2025-02-23 17:30:00+00:00,1073.8
2025-02-23 17:35:00+00:00,1073.8
2025-02-23 17:40:00+00:00,1073.8
2025-02-23 17:45:00+00:00,2573.2
2025-02-23 17:50:00+00:00,2573.2
2025-02-23 17:55:00+00:00,2573.2
2025-02-23 18:00:00+00:00,2540.1
2025-02-23 18:05:00+00:00,2540.1
2025-02-23 18:10:00+00:00,2540.1
2025-02-23 18:15:00+00:00,1100.6
2025-02-23 18:20:00+00:00,1100.6
2025-02-23 18:25:00+00:00,1100.6
2025-02-23 18:30:00+00:00,2265.6
2025-02-23 18:35:00+00:00,2265.6
2025-02-23 18:40:00+00:00,2265.6
2025-02-23 18:45:00+00:00,3009.9
2025-02-23 18:50:00+00:00,3009.9
2025-02-23 18:55:00+00:00,3009.9
2025-02-23 19:00:00+00:00,2627.9
2025-02-23 19:05:00+00:00,2627.9
2025-02-23 19:10:00+00:00,2627.9
2025-02-23 19:15:00+00:00,2107.2
2025-02-23 19:20:00+00:00,2107.2
2025-02-23 19:25:00+00:00,2107.2
2025-02-23 19:30:00+00:00,2205.9
2025-02-23 19:35:00+00:00,2205.9
2025-02-23 19:40:00+00:00,2205.9
2025-02-23 19:45:00+00:00,1741.9
2025-02-23 19:50:00+00:00,1741.9
2025-02-23 19:55:00+00:00,1741.9
2025-02-23 20:00:00+00:00,1479.6
2025-02-23 20:05:00+00:00,1479.6
2025-02-23 20:10:00+00:00,1479.6
2025-02-23 20:15:00+00:00,1975.3
2025-02-23 20:20:00+00:00,1975.3
2025-02-23 20:25:00+00:00,1975.3
2025-02-23 20:30:00+00:00,2332.0
2025-02-23 20:35:00+00:00,2332.0
2025-02-23 20:40:00+00:00,2332.0
2025-02-23 20:45:00+00:00,1897.1
2025-02-23 20:50:00+00:00,1897.1
2025-02-23 20:55:00+00:00,1897.1
2025-02-23 21:00:00+00:00,3613.2
2025-02-23 21:05:00+00:00,3613.2
2025-02-23 21:10:00+00:00,3613.2
2025-02-23 21:15:00+00:00,1132.1
2025-02-23 21:20:00+00:00,1132.1
2025-02-23 21:25:00+00:00,1132.1
2025-02-23 21:30:00+00:00,2602.7
2025-02-23 21:35:00+00:00,2602.7
2025-02-23 21:40:00+00:00,2602.7
2025-02-23 21:45:00+00:00,2571.2
2025-02-23 21:50:00+00:00,2571.2
2025-02-23 21:55:00+00:00,2571.2
2025-02-23 22:00:00+00:00,2214.4
2025-02-23 22:05:00+00:00,2214.4
2025-02-23 22:10:00+00:00,2214.4
2025-02-23 22:15:00+00:00,1928.7
2025-02-23 22:20:00+00:00,1928.7
2025-02-23 22:25:00+00:00,1928.7
2025-02-23 22:30:00+00:00,2926.4
2025-02-23 22:35:00+00:00,2926.4
2025-02-23 22:40:00+00:00,2926.4
2025-02-23 22:45:00+00:00,2648.1
2025-02-23 22:50:00+00:00,2648.1
2025-02-23 22:55:00+00:00,2648.1
2025-02-23 23:00:00+00:00,1456.6
2025-02-23 23:05:00+00:00,1456.6
2025-02-23 23:10:00+00:00,1456.6
2025-02-23 23:15:00+00:00,1877.8
2025-02-23 23:20:00+00:00,1877.8
2025-02-23 23:25:00+00:00,1877.8
2025-02-23 23:30:00+00:00,1943.4
2025-02-23 23:35:00+00:00,1943.4
2025-02-23 23:40:00+00:00,1943.4
2025-02-23 23:45:00+00:00,2469.2
2025-02-23 23:50:00+00:00,2469.2
2025-02-23 23:55:00+00:00,2469.2
2025-02-24 00:00:00+00:00,4155.9
2025-02-24 00:05:00+00:00,4155.9
2025-02-24 00:10:00+00:00,4155.9
2025-02-24 00:15:00+00:00,2742.0
2025-02-24 00:20:00+00:00,2742.0
2025-02-24 00:25:00+00:00,2742.0
2025-02-24 00:30:00+00:00,3242.7
2025-02-24 00:35:00+00:00,3242.7
2025-02-24 00:40:00+00:00,3242.7
2025-02-24 00:45:00+00:00,3674.2
2025-02-24 00:50:00+00:00,3674.2
2025-02-24 00:55:00+00:00,3674.2
2025-02-24 01:00:00+00:00,4088.1
2025-02-24 01:05:00+00:00,4088.1
2025-02-24 01:10:00+00:00,4088.1
2025-02-24 01:15:00+00:00,2701.3
2025-02-24 01:20:00+00:00,2701.3
2025-02-24 01:25:00+00:00,2701.3
2025-02-24 01:30:00+00:00,5765.5
2025-02-24 01:35:00+00:00,5765.5
2025-02-24 01:40:00+00:00,5765.5
2025-02-24 01:45:00+00:00,4532.9
2025-02-24 01:50:00+00:00,4532.9
2025-02-24 01:55:00+00:00,4532.9
2025-02-24 02:00:00+00:00,3831.0
2025-02-24 02:05:00+00:00,3831.0
2025-02-24 02:10:00+00:00,3831.0
2025-02-24 02:15:00+00:00,6140.2
2025-02-24 02:20:00+00:00,6140.2
2025-02-24 02:25:00+00:00,6140.2
2025-02-24 02:30:00+00:00,5029.7
2025-02-24 02:35:00+00:00,5029.7
2025-02-24 02:40:00+00:00,5029.7
2025-02-24 02:45:00+00:00,4803.9
2025-02-24 02:50:00+00:00,4803.9
2025-02-24 02:55:00+00:00,4803.9
2025-02-24 03:00:00+00:00,5502.5
2025-02-24 03:05:00+00:00,5502.5
2025-02-24 03:10:00+00:00,5502.5
2025-02-24 03:15:00+00:00,4039.3
2025-02-24 03:20:00+00:00,4039.3
2025-02-24 03:25:00+00:00,4039.3
2025-02-24 03:30:00+00:00,5129.4
2025-02-24 03:35:00+00:00,5129.4
2025-02-24 03:40:00+00:00,5129.4
2025-02-24 03:45:00+00:00,4843.5
2025-02-24 03:50:00+00:00,4843.5
2025-02-24 03:55:00+00:00,4843.5
2025-02-24 04:00:00+00:00,3061.2
2025-02-24 04:05:00+00:00,3061.2
2025-02-24 04:10:00+00:00,3061.2
2025-02-24 04:15:00+00:00,2719.6
2025-02-24 04:20:00+00:00,2719.6
2025-02-24 04:25:00+00:00,2719.6
2025-02-24 04:30:00+00:00,4673.5
2025-02-24 04:35:00+00:00,4673.5
2025-02-24 04:40:00+00:00,4673.5
2025-02-24 04:45:00+00:00,2594.2
2025-02-24 04:50:00+00:00,2594.2
2025-02-24 04:55:00+00:00,2594.2
2025-02-24 05:00:00+00:00,2288.3
2025-02-24 05:05:00+00:00,2288.3
2025-02-24 05:10:00+00:00,2288.3
2025-02-24 05:15:00+00:00,2273.6
2025-02-24 05:20:00+00:00,2273.6
2025-02-24 05:25:00+00:00,2273.6
2025-02-24 05:30:00+00:00,2326.2
2025-02-24 05:35:00+00:00,2326.2
2025-02-24 05:40:00+00:00,2326.2
2025-02-24 05:45:00+00:00,1190.5
2025-02-24 05:50:00+00:00,1190.5
2025-02-24 05:55:00+00:00,1190.5
2025-02-24 06:00:00+00:00,3177.5
2025-02-24 06:05:00+00:00,3177.5
2025-02-24 06:10:00+00:00,3177.5
2025-02-24 06:15:00+00:00,2599.0
2025-02-24 06:20:00+00:00,2599.0
2025-02-24 06:25:00+00:00,2599.0
2025-02-24 06:30:00+00:00,1494.8
2025-02-24 06:35:00+00:00,1494.8
2025-02-24 06:40:00+00:00,1494.8
2025-02-24 06:45:00+00:00,1820.5
2025-02-24 06:50:00+00:00,1820.5
2025-02-24 06:55:00+00:00,1820.5
2025-02-24 07:00:00+00:00,1866.9
2025-02-24 07:05:00+00:00,1866.9
2025-02-24 07:10:00+00:00,1866.9
2025-02-24 07:15:00+00:00,2301.7
2025-02-24 07:20:00+00:00,2301.7
2025-02-24 07:25:00+00:00,2301.7
2025-02-24 07:30:00+00:00,1877.7
2025-02-24 07:35:00+00:00,1877.7
2025-02-24 07:40:00+00:00,1877.7
2025-02-24 07:45:00+00:00,2562.2
2025-02-24 07:50:00+00:00,2562.2
2025-02-24 07:55:00+00:00,2562.2
2025-02-24 08:00:00+00:00,3026.3
2025-02-24 08:05:00+00:00,3026.3
2025-02-24 08:10:00+00:00,3026.3
2025-02-24 08:15:00+00:00,1582.6
2025-02-24 08:20:00+00:00,1582.6
2025-02-24 08:25:00+00:00,1582.6
2025-02-24 08:30:00+00:00,3037.6
2025-02-24 08:35:00+00:00,3037.6
2025-02-24 08:40:00+00:00,3037.6
2025-02-24 08:45:00+00:00,3035.8
2025-02-24 08:50:00+00:00,3035.8
2025-02-24 08:55:00+00:00,3035.8
2025-02-24 09:00:00+00:00,1727.9
2025-02-24 09:05:00+00:00,1727.9
2025-02-24 09:10:00+00:00,1727.9
2025-02-24 09:15:00+00:00,1534.5
2025-02-24 09:20:00+00:00,1534.5
2025-02-24 09:25:00+00:00,1534.5
2025-02-24 09:30:00+00:00,3258.8
2025-02-24 09:35:00+00:00,3258.8
2025-02-24 09:40:00+00:00,3258.8
2025-02-24 09:45:00+00:00,2969.9
2025-02-24 09:50:00+00:00,2969.9
2025-02-24 09:55:00+00:00,2969.9
2025-02-24 10:00:00+00:00,1784.7
2025-02-24 10:05:00+00:00,1784.7
2025-02-24 10:10:00+00:00,1784.7
2025-02-24 10:15:00+00:00,2328.1
2025-02-24 10:20:00+00:00,2328.1
2025-02-24 10:25:00+00:00,2328.1
2025-02-24 10:30:00+00:00,2487.1
2025-02-24 10:35:00+00:00,2487.1
2025-02-24 10:40:00+00:00,2487.1
2025-02-24 10:45:00+00:00,2604.8
2025-02-24 10:50:00+00:00,2604.8
2025-02-24 10:55:00+00:00,2604.8
2025-02-24 11:00:00+00:00,1094.9
2025-02-24 11:05:00+00:00,1094.9
2025-02-24 11:10:00+00:00,1094.9
2025-02-24 11:15:00+00:00,1584.6
2025-02-24 11:20:00+00:00,1584.6
2025-02-24 11:25:00+00:00,1584.6
2025-02-24 11:30:00+00:00,2769.9
2025-02-24 11:35:00+00:00,2769.9
2025-02-24 11:40:00+00:00,2769.9
2025-02-24 11:45:00+00:00,2997.0
2025-02-24 11:50:00+00:00,2997.0
2025-02-24 11:55:00+00:00,2997.0
2025-02-24 12:00:00+00:00,1731.9
2025-02-24 12:05:00+00:00,1731.9
2025-02-24 12:10:00+00:00,1731.9
2025-02-24 12:15:00+00:00,1112.7
2025-02-24 12:20:00+00:00,1112.7
2025-02-24 12:25:00+00:00,1112.7
2025-02-24 12:30:00+00:00,2649.9
2025-02-24 12:35:00+00:00,2649.9
2025-02-24 12:40:00+00:00,2649.9
2025-02-24 12:45:00+00:00,2914.4
2025-02-24 12:50:00+00:00,2914.4
2025-02-24 12:55:00+00:00,2914.4
2025-02-24 13:00:00+00:00,2536.6
2025-02-24 13:05:00+00:00,2536.6
2025-02-24 13:10:00+00:00,2536.6
2025-02-24 13:15:00+00:00,1780.0
2025-02-24 13:20:00+00:00,1780.0
2025-02-24 13:25:00+00:00,1780.0
2025-02-24 13:30:00+00:00,1979.8
2025-02-24 13:35:00+00:00,1979.8
2025-02-24 13:40:00+00:00,1979.8
2025-02-24 13:45:00+00:00,1187.3
2025-02-24 13:50:00+00:00,1187.3
2025-02-24 13:55:00+00:00,1187.3
2025-02-24 14:00:00+00:00,3997.7
2025-02-24 14:05:00+00:00,3997.7
2025-02-24 14:10:00+00:00,3997.7
2025-02-24 14:15:00+00:00,1468.1
2025-02-24 14:20:00+00:00,1468.1
2025-02-24 14:25:00+00:00,1468.1
2025-02-24 14:30:00+00:00,2603.4
2025-02-24 14:35:00+00:00,2603.4
2025-02-24 14:40:00+00:00,2603.4
2025-02-24 14:45:00+00:00,1776.4
2025-02-24 14:50:00+00:00,1776.4
2025-02-24 14:55:00+00:00,1776.4
2025-02-24 15:00:00+00:00,1939.7
2025-02-24 15:05:00+00:00,1939.7
2025-02-24 15:10:00+00:00,1939.7
2025-02-24 15:15:00+00:00,3685.9
2025-02-24 15:20:00+00:00,3685.9
2025-02-24 15:25:00+00:00,3685.9
2025-02-24 15:30:00+00:00,1488.3
2025-02-24 15:35:00+00:00,1488.3
2025-02-24 15:40:00+00:00,1488.3
2025-02-24 15:45:00+00:00,1844.9
2025-02-24 15:50:00+00:00,1844.9
2025-02-24 15:55:00+00:00,1844.9
2025-02-24 16:00:00+00:00,3405.7
2025-02-24 16:05:00+00:00,3405.7
2025-02-24 16:10:00+00:00,3405.7
2025-02-24 16:15:00+00:00,1848.6
2025-02-24 16:20:00+00:00,1848.6
2025-02-24 16:25:00+00:00,1848.6
2025-02-24 16:30:00+00:00,1868.2
2025-02-24 16:35:00+00:00,1868.2
2025-02-24 16:40:00+00:00,1868.2
2025-02-24 16:45:00+00:00,1976.2
2025-02-24 16:50:00+00:00,1976.2
2025-02-24 16:55:00+00:00,1976.2
2025-02-24 17:00:00+00:00,3084.6
2025-02-24 17:05:00+00:00,3084.6
2025-02-24 17:10:00+00:00,3084.6
2025-02-24 17:15:00+00:00,1889.9
2025-02-24 17:20:00+00:00,1889.9
2025-02-24 17:25:00+00:00,1889.9
2025-02-24 17:30:00+00:00,3119.9
2025-02-24 17:35:00+00:00,3119.9
2025-02-24 17:40:00+00:00,3119.9
2025-02-24 17:45:00+00:00,2162.9
2025-02-24 17:50:00+00:00,2162.9
2025-02-24 17:55:00+00:00,2162.9
2025-02-24 18:00:00+00:00,1446.4
2025-02-24 18:05:00+00:00,1446.4
2025-02-24 18:10:00+00:00,1446.4
2025-02-24 18:15:00+00:00,3027.9
2025-02-24 18:20:00+00:00,3027.9
2025-02-24 18:25:00+00:00,3027.9
2025-02-24 18:30:00+00:00,1394.7
2025-02-24 18:35:00+00:00,1394.7
2025-02-24 18:40:00+00:00,1394.7
2025-02-24 18:45:00+00:00,1906.0
2025-02-24 18:50:00+00:00,1906.0
2025-02-24 18:55:00+00:00,1906.0
2025-02-24 19:00:00+00:00,2612.1
2025-02-24 19:05:00+00:00,2612.1
2025-02-24 19:10:00+00:00,2612.1
2025-02-24 19:15:00+00:00,1975.6
2025-02-24 19:20:00+00:00,1975.6
2025-02-24 19:25:00+00:00,1975.6
2025-02-24 19:30:00+00:00,2687.7
2025-02-24 19:35:00+00:00,2687.7
2025-02-24 19:40:00+00:00,2687.7
2025-02-24 19:45:00+00:00,3335.9
2025-02-24 19:50:00+00:00,3335.9
2025-02-24 19:55:00+00:00,3335.9
2025-02-24 20:00:00+00:00,2177.3
2025-02-24 20:05:00+00:00,2177.3
2025-02-24 20:10:00+00:00,2177.3
2025-02-24 20:15:00+00:00,1869.7
2025-02-24 20:20:00+00:00,1869.7
2025-02-24 20:25:00+00:00,1869.7
2025-02-24 20:30:00+00:00,1498.5
2025-02-24 20:35:00+00:00,1498.5
2025-02-24 20:40:00+00:00,1498.5
2025-02-24 20:45:00+00:00,2617.5
2025-02-24 20:50:00+00:00,2617.5
2025-02-24 20:55:00+00:00,2617.5
2025-02-24 21:00:00+00:00,1944.8
2025-02-24 21:05:00+00:00,1944.8
2025-02-24 21:10:00+00:00,1944.8
2025-02-24 21:15:00+00:00,1949.1
2025-02-24 21:20:00+00:00,1949.1
2025-02-24 21:25:00+00:00,1949.1
2025-02-24 21:30:00+00:00,2730.2
2025-02-24 21:35:00+00:00,2730.2
2025-02-24 21:40:00+00:00,2730.2
2025-02-24 21:45:00+00:00,2730.6
2025-02-24 21:50:00+00:00,2730.6
2025-02-24 21:55:00+00:00,2730.6
2025-02-24 22:00:00+00:00,1489.0
2025-02-24 22:05:00+00:00,1489.0
2025-02-24 22:10:00+00:00,1489.0
2025-02-24 22:15:00+00:00,1927.7
2025-02-24 22:20:00+00:00,1927.7
2025-02-24 22:25:00+00:00,1927.7
2025-02-24 22:30:00+00:00,2651.4
2025-02-24 22:35:00+00:00,2651.4
2025-02-24 22:40:00+00:00,2651.4
2025-02-24 22:45:00+00:00,1895.7
2025-02-24 22:50:00+00:00,1895.7
2025-02-24 22:55:00+00:00,1895.7
2025-02-24 23:00:00+00:00,1912.1
2025-02-24 23:05:00+00:00,1912.1
2025-02-24 23:10:00+00:00,1912.1
2025-02-24 23:15:00+00:00,3511.6
2025-02-24 23:20:00+00:00,3511.6
2025-02-24 23:25:00+00:00,3511.6
2025-02-24 23:30:00+00:00,2066.8
2025-02-24 23:35:00+00:00,2066.8
2025-02-24 23:40:00+00:00,2066.8
2025-02-24 23:45:00+00:00,1443.7
2025-02-24 23:50:00+00:00,1443.7
2025-02-24 23:55:00+00:00,1443.7
2025-02-25 00:00:00+00:00,2278.5
2025-02-25 00:05:00+00:00,2278.5
2025-02-25 00:10:00+00:00,2278.5
2025-02-25 00:15:00+00:00,3724.9
2025-02-25 00:20:00+00:00,3724.9
2025-02-25 00:25:00+00:00,3724.9
2025-02-25 00:30:00+00:00,2350.4
2025-02-25 00:35:00+00:00,2350.4
2025-02-25 00:40:00+00:00,2350.4
2025-02-25 00:45:00+00:00,4776.9
2025-02-25 00:50:00+00:00,4776.9
2025-02-25 00:55:00+00:00,4776.9
2025-02-25 01:00:00+00:00,2866.8
2025-02-25 01:05:00+00:00,2866.8
2025-02-25 01:10:00+00:00,2866.8
2025-02-25 01:15:00+00:00,4739.5
2025-02-25 01:20:00+00:00,4739.5
2025-02-25 01:25:00+00:00,4739.5
2025-02-25 01:30:00+00:00,4139.9
2025-02-25 01:35:00+00:00,4139.9
2025-02-25 01:40:00+00:00,4139.9
2025-02-25 01:45:00+00:00,4831.1
2025-02-25 01:50:00+00:00,4831.1
2025-02-25 01:55:00+00:00,4831.1
2025-02-25 02:00:00+00:00,4848.0
2025-02-25 02:05:00+00:00,4848.0
2025-02-25 02:10:00+00:00,4848.0
2025-02-25 02:15:00+00:00,4474.3
2025-02-25 02:20:00+00:00,4474.3
2025-02-25 02:25:00+00:00,4474.3
2025-02-25 02:30:00+00:00,5468.7
2025-02-25 02:35:00+00:00,5468.7
2025-02-25 02:40:00+00:00,5468.7
2025-02-25 02:45:00+00:00,5000.9
2025-02-25 02:50:00+00:00,5000.9
2025-02-25 02:55:00+00:00,5000.9
2025-02-25 03:00:00+00:00,4188.5
2025-02-25 03:05:00+00:00,4188.5
2025-02-25 03:10:00+00:00,4188.5
2025-02-25 03:15:00+00:00,4468.9
2025-02-25 03:20:00+00:00,4468.9
2025-02-25 03:25:00+00:00,4468.9
2025-02-25 03:30:00+00:00,5116.1
2025-02-25 03:35:00+00:00,5116.1
2025-02-25 03:40:00+00:00,5116.1
2025-02-25 03:45:00+00:00,3032.8
2025-02-25 03:50:00+00:00,3032.8
2025-02-25 03:55:00+00:00,3032.8
2025-02-25 04:00:00+00:00,4598.2
2025-02-25 04:05:00+00:00,4598.2
2025-02-25 04:10:00+00:00,4598.2
2025-02-25 04:15:00+00:00,3202.5
2025-02-25 04:20:00+00:00,3202.5
2025-02-25 04:25:00+00:00,3202.5
2025-02-25 04:30:00+00:00,2301.3
2025-02-25 04:35:00+00:00,2301.3
2025-02-25 04:40:00+00:00,2301.3
2025-02-25 04:45:00+00:00,3956.2
2025-02-25 04:50:00+00:00,3956.2
2025-02-25 04:55:00+00:00,3956.2
2025-02-25 05:00:00+00:00,2046.8
2025-02-25 05:05:00+00:00,2046.8
2025-02-25 05:10:00+00:00,2046.8
2025-02-25 05:15:00+00:00,1470.8
2025-02-25 05:20:00+00:00,1470.8
2025-02-25 05:25:00+00:00,1470.8
2025-02-25 05:30:00+00:00,2230.9
2025-02-25 05:35:00+00:00,2230.9
2025-02-25 05:40:00+00:00,2230.9
2025-02-25 05:45:00+00:00,1987.2
2025-02-25 05:50:00+00:00,1987.2
2025-02-25 05:55:00+00:00,1987.2
2025-02-25 06:00:00+00:00,2536.0
2025-02-25 06:05:00+00:00,2536.0
2025-02-25 06:10:00+00:00,2536.0
2025-02-25 06:15:00+00:00,2449.1
2025-02-25 06:20:00+00:00,2449.1
2025-02-25 06:25:00+00:00,2449.1
2025-02-25 06:30:00+00:00,3335.9
2025-02-25 06:35:00+00:00,3335.9
2025-02-25 06:40:00+00:00,3335.9
2025-02-25 06:45:00+00:00,1153.0
2025-02-25 06:50:00+00:00,1153.0
2025-02-25 06:55:00+00:00,1153.0
2025-02-25 07:00:00+00:00,2372.8
2025-02-25 07:05:00+00:00,2372.8
2025-02-25 07:10:00+00:00,2372.8
2025-02-25 07:15:00+00:00,2564.3
2025-02-25 07:20:00+00:00,2564.3
2025-02-25 07:25:00+00:00,2564.3
2025-02-25 07:30:00+00:00,2022.2
2025-02-25 07:35:00+00:00,2022.2
2025-02-25 07:40:00+00:00,2022.2
2025-02-25 07:45:00+00:00,1872.8
2025-02-25 07:50:00+00:00,1872.8
2025-02-25 07:55:00+00:00,1872.8
2025-02-25 08:00:00+00:00,2987.7
2025-02-25 08:05:00+00:00,2987.7
2025-02-25 08:10:00+00:00,2987.7
2025-02-25 08:15:00+00:00,2240.0
2025-02-25 08:20:00+00:00,2240.0
2025-02-25 08:25:00+00:00,2240.0
2025-02-25 08:30:00+00:00,2279.7
2025-02-25 08:35:00+00:00,2279.7
2025-02-25 08:40:00+00:00,2279.7
2025-02-25 08:45:00+00:00,2668.9
2025-02-25 08:50:00+00:00,2668.9
2025-02-25 08:55:00+00:00,2668.9
2025-02-25 09:00:00+00:00,1791.3
2025-02-25 09:05:00+00:00,1791.3
2025-02-25 09:10:00+00:00,1791.3
2025-02-25 09:15:00+00:00,1887.4
2025-02-25 09:20:00+00:00,1887.4
2025-02-25 09:25:00+00:00,1887.4
2025-02-25 09:30:00+00:00,2157.3
2025-02-25 09:35:00+00:00,2157.3
2025-02-25 09:40:00+00:00,2157.3
2025-02-25 09:45:00+00:00,2614.9
2025-02-25 09:50:00+00:00,2614.9
2025-02-25 09:55:00+00:00,2614.9
2025-02-25 10:00:00+00:00,1795.1
2025-02-25 10:05:00+00:00,1795.1
2025-02-25 10:10:00+00:00,1795.1
2025-02-25 10:15:00+00:00,2226.5
2025-02-25 10:20:00+00:00,2226.5
2025-02-25 10:25:00+00:00,2226.5
2025-02-25 10:30:00+00:00,3215.3
2025-02-25 10:35:00+00:00,3215.3
2025-02-25 10:40:00+00:00,3215.3
2025-02-25 10:45:00+00:00,2577.5
2025-02-25 10:50:00+00:00,2577.5
2025-02-25 10:55:00+00:00,2577.5
2025-02-25 11:00:00+00:00,1580.9
2025-02-25 11:05:00+00:00,1580.9
2025-02-25 11:10:00+00:00,1580.9
2025-02-25 11:15:00+00:00,2286.1
2025-02-25 11:20:00+00:00,2286.1
2025-02-25 11:25:00+00:00,2286.1
2025-02-25 11:30:00+00:00,1132.0
2025-02-25 11:35:00+00:00,1132.0
2025-02-25 11:40:00+00:00,1132.0
2025-02-25 11:45:00+00:00,2241.5
2025-02-25 11:50:00+00:00,2241.5
2025-02-25 11:55:00+00:00,2241.5
2025-02-25 12:00:00+00:00,2925.1
2025-02-25 12:05:00+00:00,2925.1
2025-02-25 12:10:00+00:00,2925.1
2025-02-25 12:15:00+00:00,2188.4
2025-02-25 12:20:00+00:00,2188.4
2025-02-25 12:25:00+00:00,2188.4
2025-02-25 12:30:00+00:00,2643.2
2025-02-25 12:35:00+00:00,2643.2
2025-02-25 12:40:00+00:00,2643.2
2025-02-25 12:45:00+00:00,1806.0
2025-02-25 12:50:00+00:00,1806.0
2025-02-25 12:55:00+00:00,1806.0
2025-02-25 13:00:00+00:00,1530.7
2025-02-25 13:05:00+00:00,1530.7
2025-02-25 13:10:00+00:00,1530.7
2025-02-25 13:15:00+00:00,1841.4
2025-02-25 13:20:00+00:00,1841.4
2025-02-25 13:25:00+00:00,1841.4
2025-02-25 13:30:00+00:00,2630.2
2025-02-25 13:35:00+00:00,2630.2
2025-02-25 13:40:00+00:00,2630.2
2025-02-25 13:45:00+00:00,1913.3
2025-02-25 13:50:00+00:00,1913.3
2025-02-25 13:55:00+00:00,1913.3
2025-02-25 14:00:00+00:00,1864.3
2025-02-25 14:05:00+00:00,1864.3
2025-02-25 14:10:00+00:00,1864.3
2025-02-25 14:15:00+00:00,2992.8
2025-02-25 14:20:00+00:00,2992.8
2025-02-25 14:25:00+00:00,2992.8
2025-02-25 14:30:00+00:00,1184.2
2025-02-25 14:35:00+00:00,1184.2
2025-02-25 14:40:00+00:00,1184.2
2025-02-25 14:45:00+00:00,1909.6
2025-02-25 14:50:00+00:00,1909.6
2025-02-25 14:55:00+00:00,1909.6
2025-02-25 15:00:00+00:00,3289.5
2025-02-25 15:05:00+00:00,3289.5
2025-02-25 15:10:00+00:00,3289.5
2025-02-25 15:15:00+00:00,1822.5
2025-02-25 15:20:00+00:00,1822.5
2025-02-25 15:25:00+00:00,1822.5
2025-02-25 15:30:00+00:00,1432.1
2025-02-25 15:35:00+00:00,1432.1
2025-02-25 15:40:00+00:00,1432.1
2025-02-25 15:45:00+00:00,2402.3
2025-02-25 15:50:00+00:00,2402.3
2025-02-25 15:55:00+00:00,2402.3
2025-02-25 16:00:00+00:00,1512.6
2025-02-25 16:05:00+00:00,1512.6
2025-02-25 16:10:00+00:00,1512.6
2025-02-25 16:15:00+00:00,3132.6
2025-02-25 16:20:00+00:00,3132.6
2025-02-25 16:25:00+00:00,3132.6
2025-02-25 16:30:00+00:00,2149.4
2025-02-25 16:35:00+00:00,2149.4
2025-02-25 16:40:00+00:00,2149.4
2025-02-25 16:45:00+00:00,1494.7
2025-02-25 16:50:00+00:00,1494.7
2025-02-25 16:55:00+00:00,1494.7
2025-02-25 17:00:00+00:00,3282.4
2025-02-25 17:05:00+00:00,3282.4
2025-02-25 17:10:00+00:00,3282.4
2025-02-25 17:15:00+00:00,2416.4
2025-02-25 17:20:00+00:00,2416.4
2025-02-25 17:25:00+00:00,2416.4
2025-02-25 17:30:00+00:00,2576.1
2025-02-25 17:35:00+00:00,2576.1
2025-02-25 17:40:00+00:00,2576.1
2025-02-25 17:45:00+00:00,2123.6
2025-02-25 17:50:00+00:00,2123.6
2025-02-25 17:55:00+00:00,2123.6
2025-02-25 18:00:00+00:00,1392.6
2025-02-25 18:05:00+00:00,1392.6
2025-02-25 18:10:00+00:00,1392.6
2025-02-25 18:15:00+00:00,2610.4
2025-02-25 18:20:00+00:00,2610.4
2025-02-25 18:25:00+00:00,2610.4
2025-02-25 18:30:00+00:00,1864.6
2025-02-25 18:35:00+00:00,1864.6
2025-02-25 18:40:00+00:00,1864.6
2025-02-25 18:45:00+00:00,1500.2
2025-02-25 18:50:00+00:00,1500.2
2025-02-25 18:55:00+00:00,1500.2
2025-02-25 19:00:00+00:00,1899.9
2025-02-25 19:05:00+00:00,1899.9
2025-02-25 19:10:00+00:00,1899.9
2025-02-25 19:15:00+00:00,1916.0
2025-02-25 19:20:00+00:00,1916.0
2025-02-25 19:25:00+00:00,1916.0
2025-02-25 19:30:00+00:00,3111.2
2025-02-25 19:35:00+00:00,3111.2
2025-02-25 19:40:00+00:00,3111.2
2025-02-25 19:45:00+00:00,3045.9
2025-02-25 19:50:00+00:00,3045.9
2025-02-25 19:55:00+00:00,3045.9
2025-02-25 20:00:00+00:00,1368.0
2025-02-25 20:05:00+00:00,1368.0
2025-02-25 20:10:00+00:00,1368.0
2025-02-25 20:15:00+00:00,2149.7
2025-02-25 20:20:00+00:00,2149.7
2025-02-25 20:25:00+00:00,2149.7
2025-02-25 20:30:00+00:00,2168.2
2025-02-25 20:35:00+00:00,2168.2
2025-02-25 20:40:00+00:00,2168.2
2025-02-25 20:45:00+00:00,1820.7
2025-02-25 20:50:00+00:00,1820.7
2025-02-25 20:55:00+00:00,1820.7
2025-02-25 21:00:00+00:00,1199.5
2025-02-25 21:05:00+00:00,1199.5
2025-02-25 21:10:00+00:00,1199.5
2025-02-25 21:15:00+00:00,2273.3
2025-02-25 21:20:00+00:00,2273.3
2025-02-25 21:25:00+00:00,2273.3
2025-02-25 21:30:00+00:00,2266.4
2025-02-25 21:35:00+00:00,2266.4
2025-02-25 21:40:00+00:00,2266.4
2025-02-25 21:45:00+00:00,3216.5
2025-02-25 21:50:00+00:00,3216.5
2025-02-25 21:55:00+00:00,3216.5
2025-02-25 22:00:00+00:00,2934.6
2025-02-25 22:05:00+00:00,2934.6
2025-02-25 22:10:00+00:00,2934.6
2025-02-25 22:15:00+00:00,1892.1
2025-02-25 22:20:00+00:00,1892.1
2025-02-25 22:25:00+00:00,1892.1
2025-02-25 22:30:00+00:00,1062.7
2025-02-25 22:35:00+00:00,1062.7
2025-02-25 22:40:00+00:00,1062.7
2025-02-25 22:45:00+00:00,2594.8
2025-02-25 22:50:00+00:00,2594.8
2025-02-25 22:55:00+00:00,2594.8
2025-02-25 23:00:00+00:00,2563.4
2025-02-25 23:05:00+00:00,2563.4
2025-02-25 23:10:00+00:00,2563.4
2025-02-25 23:15:00+00:00,1838.0
2025-02-25 23:20:00+00:00,1838.0
2025-02-25 23:25:00+00:00,1838.0
2025-02-25 23:30:00+00:00,2641.4
2025-02-25 23:35:00+00:00,2641.4
2025-02-25 23:40:00+00:00,2641.4
2025-02-25 23:45:00+00:00,1095.3
2025-02-25 23:50:00+00:00,1095.3
2025-02-25 23:55:00+00:00,1095.3
2025-02-26 00:00:00+00:00,2669.2
2025-02-26 00:05:00+00:00,2669.2
2025-02-26 00:10:00+00:00,2669.2
2025-02-26 00:15:00+00:00,3229.9
2025-02-26 00:20:00+00:00,3229.9
2025-02-26 00:25:00+00:00,3229.9
2025-02-26 00:30:00+00:00,2680.6
2025-02-26 00:35:00+00:00,2680.6
2025-02-26 00:40:00+00:00,2680.6
2025-02-26 00:45:00+00:00,4226.4
2025-02-26 00:50:00+00:00,4226.4
2025-02-26 00:55:00+00:00,4226.4
2025-02-26 01:00:00+00:00,5477.9
2025-02-26 01:05:00+00:00,5477.9
2025-02-26 01:10:00+00:00,5477.9
2025-02-26 01:15:00+00:00,4951.6
2025-02-26 01:20:00+00:00,4951.6
2025-02-26 01:25:00+00:00,4951.6
2025-02-26 01:30:00+00:00,4264.1
2025-02-26 01:35:00+00:00,4264.1
2025-02-26 01:40:00+00:00,4264.1
2025-02-26 01:45:00+00:00,5281.5
2025-02-26 01:50:00+00:00,5281.5
2025-02-26 01:55:00+00:00,5281.5
2025-02-26 02:00:00+00:00,3455.4
2025-02-26 02:05:00+00:00,3455.4
2025-02-26 02:10:00+00:00,3455.4
2025-02-26 02:15:00+00:00,6185.2
2025-02-26 02:20:00+00:00,6185.2
2025-02-26 02:25:00+00:00,6185.2
2025-02-26 02:30:00+00:00,5190.7
2025-02-26 02:35:00+00:00,5190.7
2025-02-26 02:40:00+00:00,5190.7
2025-02-26 02:45:00+00:00,4836.3
2025-02-26 02:50:00+00:00,4836.3
2025-02-26 02:55:00+00:00,4836.3
2025-02-26 03:00:00+00:00,5300.4
2025-02-26 03:05:00+00:00,5300.4
2025-02-26 03:10:00+00:00,5300.4
2025-02-26 03:15:00+00:00,4843.1
2025-02-26 03:20:00+00:00,4843.1
2025-02-26 03:25:00+00:00,4843.1
2025-02-26 03:30:00+00:00,4881.2
2025-02-26 03:35:00+00:00,4881.2
2025-02-26 03:40:00+00:00,4881.2
2025-02-26 03:45:00+00:00,4717.7
2025-02-26 03:50:00+00:00,4717.7
2025-02-26 03:55:00+00:00,4717.7
2025-02-26 04:00:00+00:00,4497.3
2025-02-26 04:05:00+00:00,4497.3
2025-02-26 04:10:00+00:00,4497.3
2025-02-26 04:15:00+00:00,3390.9
2025-02-26 04:20:00+00:00,3390.9
2025-02-26 04:25:00+00:00,3390.9
2025-02-26 04:30:00+00:00,2667.1
2025-02-26 04:35:00+00:00,2667.1
2025-02-26 04:40:00+00:00,2667.1
2025-02-26 04:45:00+00:00,3238.1
2025-02-26 04:50:00+00:00,3238.1
2025-02-26 04:55:00+00:00,3238.1
2025-02-26 05:00:00+00:00,1905.2
2025-02-26 05:05:00+00:00,1905.2
2025-02-26 05:10:00+00:00,1905.2
2025-02-26 05:15:00+00:00,2560.2
2025-02-26 05:20:00+00:00,2560.2
2025-02-26 05:25:00+00:00,2560.2
2025-02-26 05:30:00+00:00,3115.3
2025-02-26 05:35:00+00:00,3115.3
2025-02-26 05:40:00+00:00,3115.3
2025-02-26 05:45:00+00:00,1911.3
2025-02-26 05:50:00+00:00,1911.3
2025-02-26 05:55:00+00:00,1911.3
2025-02-26 06:00:00+00:00,2237.0
2025-02-26 06:05:00+00:00,2237.0
2025-02-26 06:10:00+00:00,2237.0
2025-02-26 06:15:00+00:00,2660.5
2025-02-26 06:20:00+00:00,2660.5
2025-02-26 06:25:00+00:00,2660.5
2025-02-26 06:30:00+00:00,2953.7
2025-02-26 06:35:00+00:00,2953.7
2025-02-26 06:40:00+00:00,2953.7
2025-02-26 06:45:00+00:00,2308.7
2025-02-26 06:50:00+00:00,2308.7
2025-02-26 06:55:00+00:00,2308.7
2025-02-26 07:00:00+00:00,1776.9
2025-02-26 07:05:00+00:00,1776.9
2025-02-26 07:10:00+00:00,1776.9
2025-02-26 07:15:00+00:00,2262.7
2025-02-26 07:20:00+00:00,2262.7
2025-02-26 07:25:00+00:00,2262.7
2025-02-26 07:30:00+00:00,2686.1
2025-02-26 07:35:00+00:00,2686.1
2025-02-26 07:40:00+00:00,2686.1
2025-02-26 07:45:00+00:00,1646.0
2025-02-26 07:50:00+00:00,1646.0
2025-02-26 07:55:00+00:00,1646.0
2025-02-26 08:00:00+00:00,2936.7
2025-02-26 08:05:00+00:00,2936.7
2025-02-26 08:10:00+00:00,2936.7
2025-02-26 08:15:00+00:00,1910.0
2025-02-26 08:20:00+00:00,1910.0
2025-02-26 08:25:00+00:00,1910.0
2025-02-26 08:30:00+00:00,2917.0
2025-02-26 08:35:00+00:00,2917.0
2025-02-26 08:40:00+00:00,2917.0
2025-02-26 08:45:00+00:00,1504.7
2025-02-26 08:50:00+00:00,1504.7
2025-02-26 08:55:00+00:00,1504.7
2025-02-26 09:00:00+00:00,2209.1
2025-02-26 09:05:00+00:00,2209.1
2025-02-26 09:10:00+00:00,2209.1
2025-02-26 09:15:00+00:00,2640.2
2025-02-26 09:20:00+00:00,2640.2
2025-02-26 09:25:00+00:00,2640.2
2025-02-26 09:30:00+00:00,2270.9
2025-02-26 09:35:00+00:00,2270.9
2025-02-26 09:40:00+00:00,2270.9
2025-02-26 09:45:00+00:00,1207.2
2025-02-26 09:50:00+00:00,1207.2
2025-02-26 09:55:00+00:00,1207.2
2025-02-26 10:00:00+00:00,3222.5
2025-02-26 10:05:00+00:00,3222.5
2025-02-26 10:10:00+00:00,3222.5
2025-02-26 10:15:00+00:00,1858.0
2025-02-26 10:20:00+00:00,1858.0
2025-02-26 10:25:00+00:00,1858.0
2025-02-26 10:30:00+00:00,2192.2
2025-02-26 10:35:00+00:00,2192.2
2025-02-26 10:40:00+00:00,2192.2
2025-02-26 10:45:00+00:00,2572.4
2025-02-26 10:50:00+00:00,2572.4
2025-02-26 10:55:00+00:00,2572.4
2025-02-26 11:00:00+00:00,1506.0
2025-02-26 11:05:00+00:00,1506.0
2025-02-26 11:10:00+00:00,1506.0
2025-02-26 11:15:00+00:00,2561.1
2025-02-26 11:20:00+00:00,2561.1
2025-02-26 11:25:00+00:00,2561.1
2025-02-26 11:30:00+00:00,2639.4
2025-02-26 11:35:00+00:00,2639.4
2025-02-26 11:40:00+00:00,2639.4
2025-02-26 11:45:00+00:00,1944.6
2025-02-26 11:50:00+00:00,1944.6
2025-02-26 11:55:00+00:00,1944.6
2025-02-26 12:00:00+00:00,2476.7
2025-02-26 12:05:00+00:00,2476.7
2025-02-26 12:10:00+00:00,2476.7
2025-02-26 12:15:00+00:00,2193.2
2025-02-26 12:20:00+00:00,2193.2
2025-02-26 12:25:00+00:00,2193.2
2025-02-26 12:30:00+00:00,1472.8
2025-02-26 12:35:00+00:00,1472.8
2025-02-26 12:40:00+00:00,1472.8
2025-02-26 12:45:00+00:00,2357.5
2025-02-26 12:50:00+00:00,2357.5
2025-02-26 12:55:00+00:00,2357.5
2025-02-26 13:00:00+00:00,2379.3
2025-02-26 13:05:00+00:00,2379.3
2025-02-26 13:10:00+00:00,2379.3
2025-02-26 13:15:00+00:00,1936.0
2025-02-26 13:20:00+00:00,1936.0
2025-02-26 13:25:00+00:00,1936.0
2025-02-26 13:30:00+00:00,3613.3
2025-02-26 13:35:00+00:00,3613.3
2025-02-26 13:40:00+00:00,3613.3
2025-02-26 13:45:00+00:00,2211.0
2025-02-26 13:50:00+00:00,2211.0
2025-02-26 13:55:00+00:00,2211.0
2025-02-26 14:00:00+00:00,1868.4
2025-02-26 14:05:00+00:00,1868.4
2025-02-26 14:10:00+00:00,1868.4
2025-02-26 14:15:00+00:00,2103.9
2025-02-26 14:20:00+00:00,2103.9
2025-02-26 14:25:00+00:00,2103.9
2025-02-26 14:30:00+00:00,1193.4
2025-02-26 14:35:00+00:00,1193.4
2025-02-26 14:40:00+00:00,1193.4
2025-02-26 14:45:00+00:00,2712.4
2025-02-26 14:50:00+00:00,2712.4
2025-02-26 14:55:00+00:00,2712.4
2025-02-26 15:00:00+00:00,1940.5
2025-02-26 15:05:00+00:00,1940.5
2025-02-26 15:10:00+00:00,1940.5
2025-02-26 15:15:00+00:00,3394.6
2025-02-26 15:20:00+00:00,3394.6
2025-02-26 15:25:00+00:00,3394.6
2025-02-26 15:30:00+00:00,2256.0
2025-02-26 15:35:00+00:00,2256.0
2025-02-26 15:40:00+00:00,2256.0
2025-02-26 15:45:00+00:00,1519.2
2025-02-26 15:50:00+00:00,1519.2
2025-02-26 15:55:00+00:00,1519.2
2025-02-26 16:00:00+00:00,3069.5
2025-02-26 16:05:00+00:00,3069.5
2025-02-26 16:10:00+00:00,3069.5
2025-02-26 16:15:00+00:00,2470.2
2025-02-26 16:20:00+00:00,2470.2
2025-02-26 16:25:00+00:00,2470.2
2025-02-26 16:30:00+00:00,2612.7
2025-02-26 16:35:00+00:00,2612.7
2025-02-26 16:40:00+00:00,2612.7
2025-02-26 16:45:00+00:00,2937.4
2025-02-26 16:50:00+00:00,2937.4
2025-02-26 16:55:00+00:00,2937.4
2025-02-26 17:00:00+00:00,1172.3
2025-02-26 17:05:00+00:00,1172.3
2025-02-26 17:10:00+00:00,1172.3
2025-02-26 17:15:00+00:00,2304.5
2025-02-26 17:20:00+00:00,2304.5
2025-02-26 17:25:00+00:00,2304.5
2025-02-26 17:30:00+00:00,2360.9
2025-02-26 17:35:00+00:00,2360.9
2025-02-26 17:40:00+00:00,2360.9
2025-02-26 17:45:00+00:00,3515.9
2025-02-26 17:50:00+00:00,3515.9
2025-02-26 17:55:00+00:00,3515.9
2025-02-26 18:00:00+00:00,2136.1
2025-02-26 18:05:00+00:00,2136.1
2025-02-26 18:10:00+00:00,2136.1
2025-02-26 18:15:00+00:00,2972.6
2025-02-26 18:20:00+00:00,2972.6
2025-02-26 18:25:00+00:00,2972.6
2025-02-26 18:30:00+00:00,2916.2
2025-02-26 18:35:00+00:00,2916.2
2025-02-26 18:40:00+00:00,2916.2
2025-02-26 18:45:00+00:00,1915.0
2025-02-26 18:50:00+00:00,1915.0
2025-02-26 18:55:00+00:00,1915.0
2025-02-26 19:00:00+00:00,2681.5
2025-02-26 19:05:00+00:00,2681.5
2025-02-26 19:10:00+00:00,2681.5
2025-02-26 19:15:00+00:00,1896.1
2025-02-26 19:20:00+00:00,1896.1
2025-02-26 19:25:00+00:00,1896.1
2025-02-26 19:30:00+00:00,1915.8
2025-02-26 19:35:00+00:00,1915.8
2025-02-26 19:40:00+00:00,1915.8
2025-02-26 19:45:00+00:00,3185.0
2025-02-26 19:50:00+00:00,3185.0
2025-02-26 19:55:00+00:00,3185.0
2025-02-26 20:00:00+00:00,2208.4
2025-02-26 20:05:00+00:00,2208.4
2025-02-26 20:10:00+00:00,2208.4
2025-02-26 20:15:00+00:00,2545.1
2025-02-26 20:20:00+00:00,2545.1
2025-02-26 20:25:00+00:00,2545.1
2025-02-26 20:30:00+00:00,2263.5
2025-02-26 20:35:00+00:00,2263.5
2025-02-26 20:40:00+00:00,2263.5
2025-02-26 20:45:00+00:00,2621.6
2025-02-26 20:50:00+00:00,2621.6
2025-02-26 20:55:00+00:00,2621.6
2025-02-26 21:00:00+00:00,2350.8
2025-02-26 21:05:00+00:00,2350.8
2025-02-26 21:10:00+00:00,2350.8
2025-02-26 21:15:00+00:00,2295.0
2025-02-26 21:20:00+00:00,2295.0
2025-02-26 21:25:00+00:00,2295.0
2025-02-26 21:30:00+00:00,2840.8
2025-02-26 21:35:00+00:00,2840.8
2025-02-26 21:40:00+00:00,2840.8
2025-02-26 21:45:00+00:00,1476.7
2025-02-26 21:50:00+00:00,1476.7
2025-02-26 21:55:00+00:00,1476.7
2025-02-26 22:00:00+00:00,2664.6
2025-02-26 22:05:00+00:00,2664.6
2025-02-26 22:10:00+00:00,2664.6
2025-02-26 22:15:00+00:00,2573.2
2025-02-26 22:20:00+00:00,2573.2
2025-02-26 22:25:00+00:00,2573.2
2025-02-26 22:30:00+00:00,1853.1
2025-02-26 22:35:00+00:00,1853.1
2025-02-26 22:40:00+00:00,1853.1
2025-02-26 22:45:00+00:00,2463.4
2025-02-26 22:50:00+00:00,2463.4
2025-02-26 22:55:00+00:00,2463.4
2025-02-26 23:00:00+00:00,2266.2
2025-02-26 23:05:00+00:00,2266.2
2025-02-26 23:10:00+00:00,2266.2
2025-02-26 23:15:00+00:00,3974.3
2025-02-26 23:20:00+00:00,3974.3
2025-02-26 23:25:00+00:00,3974.3
2025-02-26 23:30:00+00:00,1305.5
2025-02-26 23:35:00+00:00,1305.5
2025-02-26 23:40:00+00:00,1305.5
2025-02-26 23:45:00+00:00,1099.3
2025-02-26 23:50:00+00:00,1099.3
2025-02-26 23:55:00+00:00,1099.3
2025-02-27 00:00:00+00:00,3373.0
2025-02-27 00:05:00+00:00,3373.0
2025-02-27 00:10:00+00:00,3373.0
2025-02-27 00:15:00+00:00,3722.1
2025-02-27 00:20:00+00:00,3722.1
2025-02-27 00:25:00+00:00,3722.1
2025-02-27 00:30:00+00:00,2562.3
2025-02-27 00:35:00+00:00,2562.3
2025-02-27 00:40:00+00:00,2562.3
2025-02-27 00:45:00+00:00,3349.1
2025-02-27 00:50:00+00:00,3349.1
2025-02-27 00:55:00+00:00,3349.1
2025-02-27 01:00:00+00:00,5039.9
2025-02-27 01:05:00+00:00,5039.9
2025-02-27 01:10:00+00:00,5039.9
2025-02-27 01:15:00+00:00,5003.0
2025-02-27 01:20:00+00:00,5003.0
2025-02-27 01:25:00+00:00,5003.0
2025-02-27 01:30:00+00:00,3698.7
2025-02-27 01:35:00+00:00,3698.7
2025-02-27 01:40:00+00:00,3698.7
2025-02-27 01:45:00+00:00,4166.6
2025-02-27 01:50:00+00:00,4166.6
2025-02-27 01:55:00+00:00,4166.6
2025-02-27 02:00:00+00:00,5543.0
2025-02-27 02:05:00+00:00,5543.0
2025-02-27 02:10:00+00:00,5543.0
2025-02-27 02:15:00+00:00,4790.0
2025-02-27 02:20:00+00:00,4790.0
2025-02-27 02:25:00+00:00,4790.0
2025-02-27 02:30:00+00:00,6387.5
2025-02-27 02:35:00+00:00,6387.5
2025-02-27 02:40:00+00:00,6387.5
2025-02-27 02:45:00+00:00,4773.6
2025-02-27 02:50:00+00:00,4773.6
2025-02-27 02:55:00+00:00,4773.6
2025-02-27 03:00:00+00:00,4202.6
2025-02-27 03:05:00+00:00,4202.6
2025-02-27 03:10:00+00:00,4202.6
2025-02-27 03:15:00+00:00,4479.8
2025-02-27 03:20:00+00:00,4479.8
2025-02-27 03:25:00+00:00,4479.8
2025-02-27 03:30:00+00:00,5244.3
2025-02-27 03:35:00+00:00,5244.3
2025-02-27 03:40:00+00:00,5244.3
2025-02-27 03:45:00+00:00,4522.4
2025-02-27 03:50:00+00:00,4522.4
2025-02-27 03:55:00+00:00,4522.4
2025-02-27 04:00:00+00:00,3662.0
2025-02-27 04:05:00+00:00,3662.0
2025-02-27 04:10:00+00:00,3662.0
2025-02-27 04:15:00+00:00,2665.0
2025-02-27 04:20:00+00:00,2665.0
2025-02-27 04:25:00+00:00,2665.0
2025-02-27 04:30:00+00:00,3050.3
2025-02-27 04:35:00+00:00,3050.3
2025-02-27 04:40:00+00:00,3050.3
2025-02-27 04:45:00+00:00,4336.7
2025-02-27 04:50:00+00:00,4336.7
2025-02-27 04:55:00+00:00,4336.7
2025-02-27 05:00:00+00:00,2293.4
2025-02-27 05:05:00+00:00,2293.4
2025-02-27 05:10:00+00:00,2293.4
2025-02-27 05:15:00+00:00,2347.9
2025-02-27 05:20:00+00:00,2347.9
2025-02-27 05:25:00+00:00,2347.9
2025-02-27 05:30:00+00:00,2680.5
2025-02-27 05:35:00+00:00,2680.5
2025-02-27 05:40:00+00:00,2680.5
2025-02-27 05:45:00+00:00,2437.2
2025-02-27 05:50:00+00:00,2437.2
2025-02-27 05:55:00+00:00,2437.2
2025-02-27 06:00:00+00:00,1915.5
2025-02-27 06:05:00+00:00,1915.5
2025-02-27 06:10:00+00:00,1915.5
2025-02-27 06:15:00+00:00,2658.4
2025-02-27 06:20:00+00:00,2658.4
2025-02-27 06:25:00+00:00,2658.4
2025-02-27 06:30:00+00:00,3703.7
2025-02-27 06:35:00+00:00,3703.7
2025-02-27 06:40:00+00:00,3703.7
2025-02-27 06:45:00+00:00,1129.5
2025-02-27 06:50:00+00:00,1129.5
2025-02-27 06:55:00+00:00,1129.5
2025-02-27 07:00:00+00:00,1530.2
2025-02-27 07:05:00+00:00,1530.2
2025-02-27 07:10:00+00:00,1530.2
2025-02-27 07:15:00+00:00,3025.7
2025-02-27 07:20:00+00:00,3025.7
2025-02-27 07:25:00+00:00,3025.7
2025-02-27 07:30:00+00:00,2182.9
2025-02-27 07:35:00+00:00,2182.9
2025-02-27 07:40:00+00:00,2182.9
2025-02-27 07:45:00+00:00,1899.1
2025-02-27 07:50:00+00:00,1899.1
2025-02-27 07:55:00+00:00,1899.1
2025-02-27 08:00:00+00:00,1921.1
2025-02-27 08:05:00+00:00,1921.1
2025-02-27 08:10:00+00:00,1921.1
2025-02-27 08:15:00+00:00,2297.4
2025-02-27 08:20:00+00:00,2297.4
2025-02-27 08:25:00+00:00,2297.4
2025-02-27 08:30:00+00:00,3624.0
2025-02-27 08:35:00+00:00,3624.0
2025-02-27 08:40:00+00:00,3624.0
2025-02-27 08:45:00+00:00,2280.8
2025-02-27 08:50:00+00:00,2280.8
2025-02-27 08:55:00+00:00,2280.8
2025-02-27 09:00:00+00:00,2088.4
2025-02-27 09:05:00+00:00,2088.4
2025-02-27 09:10:00+00:00,2088.4
2025-02-27 09:15:00+00:00,2188.7
2025-02-27 09:20:00+00:00,2188.7
2025-02-27 09:25:00+00:00,2188.7
2025-02-27 09:30:00+00:00,1873.2
2025-02-27 09:35:00+00:00,1873.2
2025-02-27 09:40:00+00:00,1873.2
2025-02-27 09:45:00+00:00,2541.3
2025-02-27 09:50:00+00:00,2541.3
2025-02-27 09:55:00+00:00,2541.3
2025-02-27 10:00:00+00:00,1806.9
2025-02-27 10:05:00+00:00,1806.9
2025-02-27 10:10:00+00:00,1806.9
2025-02-27 10:15:00+00:00,2467.3
2025-02-27 10:20:00+00:00,2467.3
2025-02-27 10:25:00+00:00,2467.3
2025-02-27 10:30:00+00:00,1861.4
2025-02-27 10:35:00+00:00,1861.4
2025-02-27 10:40:00+00:00,1861.4
2025-02-27 10:45:00+00:00,1830.6
2025-02-27 10:50:00+00:00,1830.6
2025-02-27 10:55:00+00:00,1830.6
2025-02-27 11:00:00+00:00,1973.4
2025-02-27 11:05:00+00:00,1973.4
2025-02-27 11:10:00+00:00,1973.4
2025-02-27 11:15:00+00:00,3403.9
2025-02-27 11:20:00+00:00,3403.9
2025-02-27 11:25:00+00:00,3403.9
2025-02-27 11:30:00+00:00,2555.3
2025-02-27 11:35:00+00:00,2555.3
2025-02-27 11:40:00+00:00,2555.3
2025-02-27 11:45:00+00:00,1406.6
2025-02-27 11:50:00+00:00,1406.6
2025-02-27 11:55:00+00:00,1406.6
2025-02-27 12:00:00+00:00,2553.5
2025-02-27 12:05:00+00:00,2553.5
2025-02-27 12:10:00+00:00,2553.5
2025-02-27 12:15:00+00:00,2240.6
2025-02-27 12:20:00+00:00,2240.6
2025-02-27 12:25:00+00:00,2240.6
2025-02-27 12:30:00+00:00,1556.8
2025-02-27 12:35:00+00:00,1556.8
2025-02-27 12:40:00+00:00,1556.8
2025-02-27 12:45:00+00:00,2611.3
2025-02-27 12:50:00+00:00,2611.3
2025-02-27 12:55:00+00:00,2611.3
2025-02-27 13:00:00+00:00,1550.3
2025-02-27 13:05:00+00:00,1550.3
2025-02-27 13:10:00+00:00,1550.3
2025-02-27 13:15:00+00:00,1995.9
2025-02-27 13:20:00+00:00,1995.9
2025-02-27 13:25:00+00:00,1995.9
2025-02-27 13:30:00+00:00,3010.8
2025-02-27 13:35:00+00:00,3010.8
2025-02-27 13:40:00+00:00,3010.8
2025-02-27 13:45:00+00:00,1900.4
2025-02-27 13:50:00+00:00,1900.4
2025-02-27 13:55:00+00:00,1900.4
2025-02-27 14:00:00+00:00,2947.4
2025-02-27 14:05:00+00:00,2947.4
2025-02-27 14:10:00+00:00,2947.4
2025-02-27 14:15:00+00:00,2219.8
2025-02-27 14:20:00+00:00,2219.8
2025-02-27 14:25:00+00:00,2219.8
2025-02-27 14:30:00+00:00,2265.0
2025-02-27 14:35:00+00:00,2265.0
2025-02-27 14:40:00+00:00,2265.0
2025-02-27 14:45:00+00:00,3506.4
2025-02-27 14:50:00+00:00,3506.4
2025-02-27 14:55:00+00:00,3506.4
2025-02-27 15:00:00+00:00,2228.8
2025-02-27 15:05:00+00:00,2228.8
2025-02-27 15:10:00+00:00,2228.8
2025-02-27 15:15:00+00:00,1054.6
2025-02-27 15:20:00+00:00,1054.6
2025-02-27 15:25:00+00:00,1054.6
2025-02-27 15:30:00+00:00,3195.7
2025-02-27 15:35:00+00:00,3195.7
2025-02-27 15:40:00+00:00,3195.7
2025-02-27 15:45:00+00:00,1897.1
2025-02-27 15:50:00+00:00,1897.1
2025-02-27 15:55:00+00:00,1897.1
2025-02-27 16:00:00+00:00,1546.4
2025-02-27 16:05:00+00:00,1546.4
2025-02-27 16:10:00+00:00,1546.4
2025-02-27 16:15:00+00:00,2346.8
2025-02-27 16:20:00+00:00,2346.8
2025-02-27 16:25:00+00:00,2346.8
2025-02-27 16:30:00+00:00,1904.6
2025-02-27 16:35:00+00:00,1904.6
2025-02-27 16:40:00+00:00,1904.6
2025-02-27 16:45:00+00:00,4334.0
2025-02-27 16:50:00+00:00,4334.0
2025-02-27 16:55:00+00:00,4334.0
2025-02-27 17:00:00+00:00,1528.9
2025-02-27 17:05:00+00:00,1528.9
2025-02-27 17:10:00+00:00,1528.9
2025-02-27 17:15:00+00:00,1116.0
2025-02-27 17:20:00+00:00,1116.0
2025-02-27 17:25:00+00:00,1116.0
2025-02-27 17:30:00+00:00,2478.6
2025-02-27 17:35:00+00:00,2478.6
2025-02-27 17:40:00+00:00,2478.6
2025-02-27 17:45:00+00:00,3354.1
2025-02-27 17:50:00+00:00,3354.1
2025-02-27 17:55:00+00:00,3354.1
2025-02-27 18:00:00+00:00,2554.6
2025-02-27 18:05:00+00:00,2554.6
2025-02-27 18:10:00+00:00,2554.6
2025-02-27 18:15:00+00:00,1065.0
2025-02-27 18:20:00+00:00,1065.0
2025-02-27 18:25:00+00:00,1065.0
2025-02-27 18:30:00+00:00,1939.4
2025-02-27 18:35:00+00:00,1939.4
2025-02-27 18:40:00+00:00,1939.4
2025-02-27 18:45:00+00:00,2342.7
2025-02-27 18:50:00+00:00,2342.7
2025-02-27 18:55:00+00:00,2342.7
2025-02-27 19:00:00+00:00,2692.4
2025-02-27 19:05:00+00:00,2692.4
2025-02-27 19:10:00+00:00,2692.4
2025-02-27 19:15:00+00:00,2187.9
2025-02-27 19:20:00+00:00,2187.9
2025-02-27 19:25:00+00:00,2187.9
2025-02-27 19:30:00+00:00,3100.9
2025-02-27 19:35:00+00:00,3100.9
2025-02-27 19:40:00+00:00,3100.9
2025-02-27 19:45:00+00:00,2830.0
2025-02-27 19:50:00+00:00,2830.0
2025-02-27 19:55:00+00:00,2830.0
2025-02-27 20:00:00+00:00,1088.7
2025-02-27 20:05:00+00:00,1088.7
2025-02-27 20:10:00+00:00,1088.7
2025-02-27 20:15:00+00:00,2564.7
2025-02-27 20:20:00+00:00,2564.7
2025-02-27 20:25:00+00:00,2564.7
2025-02-27 20:30:00+00:00,2650.4
2025-02-27 20:35:00+00:00,2650.4
2025-02-27 20:40:00+00:00,2650.4
2025-02-27 20:45:00+00:00,1813.8
2025-02-27 20:50:00+00:00,1813.8
2025-02-27 20:55:00+00:00,1813.8
2025-02-27 21:00:00+00:00,1727.9
2025-02-27 21:05:00+00:00,1727.9
2025-02-27 21:10:00+00:00,1727.9
2025-02-27 21:15:00+00:00,2385.7
2025-02-27 21:20:00+00:00,2385.7
2025-02-27 21:25:00+00:00,2385.7
2025-02-27 21:30:00+00:00,1820.6
2025-02-27 21:35:00+00:00,1820.6
2025-02-27 21:40:00+00:00,1820.6
2025-02-27 21:45:00+00:00,3028.6
2025-02-27 21:50:00+00:00,3028.6
2025-02-27 21:55:00+00:00,3028.6
2025-02-27 22:00:00+00:00,1498.5
2025-02-27 22:05:00+00:00,1498.5
2025-02-27 22:10:00+00:00,1498.5
2025-02-27 22:15:00+00:00,2680.0
2025-02-27 22:20:00+00:00,2680.0
2025-02-27 22:25:00+00:00,2680.0
2025-02-27 22:30:00+00:00,1180.7
2025-02-27 22:35:00+00:00,1180.7
2025-02-27 22:40:00+00:00,1180.7
2025-02-27 22:45:00+00:00,2721.1
2025-02-27 22:50:00+00:00,2721.1
2025-02-27 22:55:00+00:00,2721.1
2025-02-27 23:00:00+00:00,3023.8
2025-02-27 23:05:00+00:00,3023.8
2025-02-27 23:10:00+00:00,3023.8
2025-02-27 23:15:00+00:00,2190.7
2025-02-27 23:20:00+00:00,2190.7
2025-02-27 23:25:00+00:00,2190.7
2025-02-27 23:30:00+00:00,2050.0
2025-02-27 23:35:00+00:00,2050.0
2025-02-27 23:40:00+00:00,2050.0
2025-02-27 23:45:00+00:00,2180.8
2025-02-27 23:50:00+00:00,2180.8
2025-02-27 23:55:00+00:00,2180.8
2025-02-28 00:00:00+00:00,3441.7
2025-02-28 00:05:00+00:00,3441.7
2025-02-28 00:10:00+00:00,3441.7
2025-02-28 00:15:00+00:00,2562.4
2025-02-28 00:20:00+00:00,2562.4
2025-02-28 00:25:00+00:00,2562.4
2025-02-28 00:30:00+00:00,4585.6
2025-02-28 00:35:00+00:00,4585.6
2025-02-28 00:40:00+00:00,4585.6
2025-02-28 00:45:00+00:00,2913.1
2025-02-28 00:50:00+00:00,2913.1
2025-02-28 00:55:00+00:00,2913.1
2025-02-28 01:00:00+00:00,5334.2
2025-02-28 01:05:00+00:00,5334.2
2025-02-28 01:10:00+00:00,5334.2
2025-02-28 01:15:00+00:00,5381.9
2025-02-28 01:20:00+00:00,5381.9
2025-02-28 01:25:00+00:00,5381.9
2025-02-28 01:30:00+00:00,4206.7
2025-02-28 01:35:00+00:00,4206.7
2025-02-28 01:40:00+00:00,4206.7
2025-02-28 01:45:00+00:00,6021.2
2025-02-28 01:50:00+00:00,6021.2
2025-02-28 01:55:00+00:00,6021.2
2025-02-28 02:00:00+00:00,3984.4
2025-02-28 02:05:00+00:00,3984.4
2025-02-28 02:10:00+00:00,3984.4
2025-02-28 02:15:00+00:00,3475.6
2025-02-28 02:20:00+00:00,3475.6
2025-02-28 02:25:00+00:00,3475.6
2025-02-28 02:30:00+00:00,7095.8
2025-02-28 02:35:00+00:00,7095.8
2025-02-28 02:40:00+00:00,7095.8
2025-02-28 02:45:00+00:00,3831.3
2025-02-28 02:50:00+00:00,3831.3
2025-02-28 02:55:00+00:00,3831.3
2025-02-28 03:00:00+00:00,5431.1
2025-02-28 03:05:00+00:00,5431.1
2025-02-28 03:10:00+00:00,5431.1
2025-02-28 03:15:00+00:00,5335.9
2025-02-28 03:20:00+00:00,5335.9
2025-02-28 03:25:00+00:00,5335.9
2025-02-28 03:30:00+00:00,4182.1
2025-02-28 03:35:00+00:00,4182.1
2025-02-28 03:40:00+00:00,4182.1
2025-02-28 03:45:00+00:00,5170.3
2025-02-28 03:50:00+00:00,5170.3
2025-02-28 03:55:00+00:00,5170.3
2025-02-28 04:00:00+00:00,3323.1
2025-02-28 04:05:00+00:00,3323.1
2025-02-28 04:10:00+00:00,3323.1
2025-02-28 04:15:00+00:00,3622.7
2025-02-28 04:20:00+00:00,3622.7
2025-02-28 04:25:00+00:00,3622.7
2025-02-28 04:30:00+00:00,3036.6
2025-02-28 04:35:00+00:00,3036.6
2025-02-28 04:40:00+00:00,3036.6
2025-02-28 04:45:00+00:00,4009.5
2025-02-28 04:50:00+00:00,4009.5
2025-02-28 04:55:00+00:00,4009.5
2025-02-28 05:00:00+00:00,1826.3
2025-02-28 05:05:00+00:00,1826.3
2025-02-28 05:10:00+00:00,1826.3
2025-02-28 05:15:00+00:00,1928.0
2025-02-28 05:20:00+00:00,1928.0
2025-02-28 05:25:00+00:00,1928.0
2025-02-28 05:30:00+00:00,2612.4
2025-02-28 05:35:00+00:00,2612.4
2025-02-28 05:40:00+00:00,2612.4
2025-02-28 05:45:00+00:00,1904.0
2025-02-28 05:50:00+00:00,1904.0
2025-02-28 05:55:00+00:00,1904.0
2025-02-28 06:00:00+00:00,2012.9
2025-02-28 06:05:00+00:00,2012.9
2025-02-28 06:10:00+00:00,2012.9
2025-02-28 06:15:00+00:00,1903.4
2025-02-28 06:20:00+00:00,1903.4
2025-02-28 06:25:00+00:00,1903.4
2025-02-28 06:30:00+00:00,2855.7
2025-02-28 06:35:00+00:00,2855.7
2025-02-28 06:40:00+00:00,2855.7
2025-02-28 06:45:00+00:00,2905.9
2025-02-28 06:50:00+00:00,2905.9
2025-02-28 06:55:00+00:00,2905.9
2025-02-28 07:00:00+00:00,1416.9
2025-02-28 07:05:00+00:00,1416.9
2025-02-28 07:10:00+00:00,1416.9
2025-02-28 07:15:00+00:00,1125.7
2025-02-28 07:20:00+00:00,1125.7
2025-02-28 07:25:00+00:00,1125.7
2025-02-28 07:30:00+00:00,3214.1
2025-02-28 07:35:00+00:00,3214.1
2025-02-28 07:40:00+00:00,3214.1
2025-02-28 07:45:00+00:00,2579.3
2025-02-28 07:50:00+00:00,2579.3
2025-02-28 07:55:00+00:00,2579.3
2025-02-28 08:00:00+00:00,1439.3
2025-02-28 08:05:00+00:00,1439.3
2025-02-28 08:10:00+00:00,1439.3
2025-02-28 08:15:00+00:00,3406.2
2025-02-28 08:20:00+00:00,3406.2
2025-02-28 08:25:00+00:00,3406.2
2025-02-28 08:30:00+00:00,1530.3
2025-02-28 08:35:00+00:00,1530.3
2025-02-28 08:40:00+00:00,1530.3
2025-02-28 08:45:00+00:00,2185.6
2025-02-28 08:50:00+00:00,2185.6
2025-02-28 08:55:00+00:00,2185.6
2025-02-28 09:00:00+00:00,1508.2
2025-02-28 09:05:00+00:00,1508.2
2025-02-28 09:10:00+00:00,1508.2
2025-02-28 09:15:00+00:00,2692.7
2025-02-28 09:20:00+00:00,2692.7
2025-02-28 09:25:00+00:00,2692.7
2025-02-28 09:30:00+00:00,4156.5
2025-02-28 09:35:00+00:00,4156.5
2025-02-28 09:40:00+00:00,4156.5
2025-02-28 09:45:00+00:00,1672.8
2025-02-28 09:50:00+00:00,1672.8
2025-02-28 09:55:00+00:00,1672.8
2025-02-28 10:00:00+00:00,1784.8
2025-02-28 10:05:00+00:00,1784.8
2025-02-28 10:10:00+00:00,1784.8
2025-02-28 10:15:00+00:00,2147.1
2025-02-28 10:20:00+00:00,2147.1
2025-02-28 10:25:00+00:00,2147.1
2025-02-28 10:30:00+00:00,2342.8
2025-02-28 10:35:00+00:00,2342.8
2025-02-28 10:40:00+00:00,2342.8
2025-02-28 10:45:00+00:00,1884.4
2025-02-28 10:50:00+00:00,1884.4
2025-02-28 10:55:00+00:00,1884.4
2025-02-28 11:00:00+00:00,1520.1
2025-02-28 11:05:00+00:00,1520.1
2025-02-28 11:10:00+00:00,1520.1
2025-02-28 11:15:00+00:00,3856.6
2025-02-28 11:20:00+00:00,3856.6
2025-02-28 11:25:00+00:00,3856.6
2025-02-28 11:30:00+00:00,1481.5
2025-02-28 11:35:00+00:00,1481.5
2025-02-28 11:40:00+00:00,1481.5
2025-02-28 11:45:00+00:00,2563.2
2025-02-28 11:50:00+00:00,2563.2
2025-02-28 11:55:00+00:00,2563.2
2025-02-28 12:00:00+00:00,1891.7
2025-02-28 12:05:00+00:00,1891.7
2025-02-28 12:10:00+00:00,1891.7
2025-02-28 12:15:00+00:00,2277.7
2025-02-28 12:20:00+00:00,2277.7
2025-02-28 12:25:00+00:00,2277.7
2025-02-28 12:30:00+00:00,1942.4
2025-02-28 12:35:00+00:00,1942.4
2025-02-28 12:40:00+00:00,1942.4
2025-02-28 12:45:00+00:00,2928.1
2025-02-28 12:50:00+00:00,2928.1
2025-02-28 12:55:00+00:00,2928.1
2025-02-28 13:00:00+00:00,2810.3
2025-02-28 13:05:00+00:00,2810.3
2025-02-28 13:10:00+00:00,2810.3
2025-02-28 13:15:00+00:00,1929.7
2025-02-28 13:20:00+00:00,1929.7
2025-02-28 13:25:00+00:00,1929.7
2025-02-28 13:30:00+00:00,1873.5
2025-02-28 13:35:00+00:00,1873.5
2025-02-28 13:40:00+00:00,1873.5
2025-02-28 13:45:00+00:00,2539.8
2025-02-28 13:50:00+00:00,2539.8
2025-02-28 13:55:00+00:00,2539.8
2025-02-28 14:00:00+00:00,2370.0
2025-02-28 14:05:00+00:00,2370.0
2025-02-28 14:10:00+00:00,2370.0
2025-02-28 14:15:00+00:00,1842.5
2025-02-28 14:20:00+00:00,1842.5
2025-02-28 14:25:00+00:00,1842.5
2025-02-28 14:30:00+00:00,2240.0
2025-02-28 14:35:00+00:00,2240.0
2025-02-28 14:40:00+00:00,2240.0
2025-02-28 14:45:00+00:00,1830.8
2025-02-28 14:50:00+00:00,1830.8
2025-02-28 14:55:00+00:00,1830.8
2025-02-28 15:00:00+00:00,2988.0
2025-02-28 15:05:00+00:00,2988.0
2025-02-28 15:10:00+00:00,2988.0
2025-02-28 15:15:00+00:00,1492.0
2025-02-28 15:20:00+00:00,1492.0
2025-02-28 15:25:00+00:00,1492.0
2025-02-28 15:30:00+00:00,2310.9
2025-02-28 15:35:00+00:00,2310.9
2025-02-28 15:40:00+00:00,2310.9
2025-02-28 15:45:00+00:00,2237.0
2025-02-28 15:50:00+00:00,2237.0
2025-02-28 15:55:00+00:00,2237.0
2025-02-28 16:00:00+00:00,1901.9
2025-02-28 16:05:00+00:00,1901.9
2025-02-28 16:10:00+00:00,1901.9
2025-02-28 16:15:00+00:00,1888.9
2025-02-28 16:20:00+00:00,1888.9
2025-02-28 16:25:00+00:00,1888.9
2025-02-28 16:30:00+00:00,1848.0
2025-02-28 16:35:00+00:00,1848.0
2025-02-28 16:40:00+00:00,1848.0
2025-02-28 16:45:00+00:00,2585.5
2025-02-28 16:50:00+00:00,2585.5
2025-02-28 16:55:00+00:00,2585.5
2025-02-28 17:00:00+00:00,1814.0
2025-02-28 17:05:00+00:00,1814.0
2025-02-28 17:10:00+00:00,1814.0
2025-02-28 17:15:00+00:00,1960.9
2025-02-28 17:20:00+00:00,1960.9
2025-02-28 17:25:00+00:00,1960.9
2025-02-28 17:30:00+00:00,2288.9
2025-02-28 17:35:00+00:00,2288.9
2025-02-28 17:40:00+00:00,2288.9
2025-02-28 17:45:00+00:00,1152.9
2025-02-28 17:50:00+00:00,1152.9
2025-02-28 17:55:00+00:00,1152.9
2025-02-28 18:00:00+00:00,2465.3
2025-02-28 18:05:00+00:00,2465.3
2025-02-28 18:10:00+00:00,2465.3
2025-02-28 18:15:00+00:00,1065.2
2025-02-28 18:20:00+00:00,1065.2
2025-02-28 18:25:00+00:00,1065.2
2025-02-28 18:30:00+00:00,2602.6
2025-02-28 18:35:00+00:00,2602.6
2025-02-28 18:40:00+00:00,2602.6
2025-02-28 18:45:00+00:00,2192.8
2025-02-28 18:50:00+00:00,2192.8
2025-02-28 18:55:00+00:00,2192.8
2025-02-28 19:00:00+00:00,1543.5
2025-02-28 19:05:00+00:00,1543.5
2025-02-28 19:10:00+00:00,1543.5
2025-02-28 19:15:00+00:00,2644.2
2025-02-28 19:20:00+00:00,2644.2
2025-02-28 19:25:00+00:00,2644.2
2025-02-28 19:30:00+00:00,1843.7
2025-02-28 19:35:00+00:00,1843.7
2025-02-28 19:40:00+00:00,1843.7
2025-02-28 19:45:00+00:00,1870.9
2025-02-28 19:50:00+00:00,1870.9
2025-02-28 19:55:00+00:00,1870.9
2025-02-28 20:00:00+00:00,2567.7
2025-02-28 20:05:00+00:00,2567.7
2025-02-28 20:10:00+00:00,2567.7
2025-02-28 20:15:00+00:00,1867.4
2025-02-28 20:20:00+00:00,1867.4
2025-02-28 20:25:00+00:00,1867.4
2025-02-28 20:30:00+00:00,2698.4
2025-02-28 20:35:00+00:00,2698.4
2025-02-28 20:40:00+00:00,2698.4
2025-02-28 20:45:00+00:00,1528.0
2025-02-28 20:50:00+00:00,1528.0
2025-02-28 20:55:00+00:00,1528.0
2025-02-28 21:00:00+00:00,1892.3
2025-02-28 21:05:00+00:00,1892.3
2025-02-28 21:10:00+00:00,1892.3
2025-02-28 21:15:00+00:00,2966.6
2025-02-28 21:20:00+00:00,2966.6
2025-02-28 21:25:00+00:00,2966.6
2025-02-28 21:30:00+00:00,2187.4
2025-02-28 21:35:00+00:00,2187.4
2025-02-28 21:40:00+00:00,2187.4
2025-02-28 21:45:00+00:00,1474.4
2025-02-28 21:50:00+00:00,1474.4
2025-02-28 21:55:00+00:00,1474.4
2025-02-28 22:00:00+00:00,1551.3
2025-02-28 22:05:00+00:00,1551.3
2025-02-28 22:10:00+00:00,1551.3
2025-02-28 22:15:00+00:00,2602.1
2025-02-28 22:20:00+00:00,2602.1
2025-02-28 22:25:00+00:00,2602.1
2025-02-28 22:30:00+00:00,1903.3
2025-02-28 22:35:00+00:00,1903.3
2025-02-28 22:40:00+00:00,1903.3
2025-02-28 22:45:00+00:00,1941.4
2025-02-28 22:50:00+00:00,1941.4
2025-02-28 22:55:00+00:00,1941.4
2025-02-28 23:00:00+00:00,2167.6
2025-02-28 23:05:00+00:00,2167.6
2025-02-28 23:10:00+00:00,2167.6
2025-02-28 23:15:00+00:00,1520.9
2025-02-28 23:20:00+00:00,1520.9
2025-02-28 23:25:00+00:00,1520.9
2025-02-28 23:30:00+00:00,1602.9
2025-02-28 23:35:00+00:00,1602.9
2025-02-28 23:40:00+00:00,1602.9
2025-02-28 23:45:00+00:00,1852.8
2025-02-28 23:50:00+00:00,1852.8
2025-02-28 23:55:00+00:00,1852.8
2025-03-01 00:00:00+00:00,4314.4
2025-03-01 00:05:00+00:00,4314.4
2025-03-01 00:10:00+00:00,4314.4
2025-03-01 00:15:00+00:00,2116.9
2025-03-01 00:20:00+00:00,2116.9
2025-03-01 00:25:00+00:00,2116.9
2025-03-01 00:30:00+00:00,2850.2
2025-03-01 00:35:00+00:00,2850.2
2025-03-01 00:40:00+00:00,2850.2
2025-03-01 00:45:00+00:00,2577.6
2025-03-01 00:50:00+00:00,2577.6
2025-03-01 00:55:00+00:00,2577.6
2025-03-01 01:00:00+00:00,4259.3
2025-03-01 01:05:00+00:00,4259.3
2025-03-01 01:10:00+00:00,4259.3
2025-03-01 01:15:00+00:00,3609.7
2025-03-01 01:20:00+00:00,3609.7
2025-03-01 01:25:00+00:00,3609.7
2025-03-01 01:30:00+00:00,3915.0
2025-03-01 01:35:00+00:00,3915.0
2025-03-01 01:40:00+00:00,3915.0
2025-03-01 01:45:00+00:00,3005.1
2025-03-01 01:50:00+00:00,3005.1
2025-03-01 01:55:00+00:00,3005.1
2025-03-01 02:00:00+00:00,3871.4
2025-03-01 02:05:00+00:00,3871.4
2025-03-01 02:10:00+00:00,3871.4
2025-03-01 02:15:00+00:00,5357.8
2025-03-01 02:20:00+00:00,5357.8
2025-03-01 02:25:00+00:00,5357.8
2025-03-01 02:30:00+00:00,3999.5
2025-03-01 02:35:00+00:00,3999.5
2025-03-01 02:40:00+00:00,3999.5
2025-03-01 02:45:00+00:00,4159.7
2025-03-01 02:50:00+00:00,4159.7
2025-03-01 02:55:00+00:00,4159.7
2025-03-01 03:00:00+00:00,3807.0
2025-03-01 03:05:00+00:00,3807.0
2025-03-01 03:10:00+00:00,3807.0
2025-03-01 03:15:00+00:00,5317.6
2025-03-01 03:20:00+00:00,5317.6
2025-03-01 03:25:00+00:00,5317.6
2025-03-01 03:30:00+00:00,3088.9
2025-03-01 03:35:00+00:00,3088.9
2025-03-01 03:40:00+00:00,3088.9
2025-03-01 03:45:00+00:00,3686.0
2025-03-01 03:50:00+00:00,3686.0
2025-03-01 03:55:00+00:00,3686.0
2025-03-01 04:00:00+00:00,2277.2
2025-03-01 04:05:00+00:00,2277.2
2025-03-01 04:10:00+00:00,2277.2
2025-03-01 04:15:00+00:00,2666.8
2025-03-01 04:20:00+00:00,2666.8
2025-03-01 04:25:00+00:00,2666.8
2025-03-01 04:30:00+00:00,3210.0
2025-03-01 04:35:00+00:00,3210.0
2025-03-01 04:40:00+00:00,3210.0
2025-03-01 04:45:00+00:00,2681.9
2025-03-01 04:50:00+00:00,2681.9
2025-03-01 04:55:00+00:00,2681.9
2025-03-01 05:00:00+00:00,1140.7
2025-03-01 05:05:00+00:00,1140.7
2025-03-01 05:10:00+00:00,1140.7
2025-03-01 05:15:00+00:00,2465.8
2025-03-01 05:20:00+00:00,2465.8
2025-03-01 05:25:00+00:00,2465.8
2025-03-01 05:30:00+00:00,1901.7
2025-03-01 05:35:00+00:00,1901.7
2025-03-01 05:40:00+00:00,1901.7
2025-03-01 05:45:00+00:00,2142.6
2025-03-01 05:50:00+00:00,2142.6
2025-03-01 05:55:00+00:00,2142.6
2025-03-01 06:00:00+00:00,2321.5
2025-03-01 06:05:00+00:00,2321.5
2025-03-01 06:10:00+00:00,2321.5
2025-03-01 06:15:00+00:00,1886.0
2025-03-01 06:20:00+00:00,1886.0
2025-03-01 06:25:00+00:00,1886.0
2025-03-01 06:30:00+00:00,1481.5
2025-03-01 06:35:00+00:00,1481.5
2025-03-01 06:40:00+00:00,1481.5
2025-03-01 06:45:00+00:00,2287.7
2025-03-01 06:50:00+00:00,2287.7
2025-03-01 06:55:00+00:00,2287.7
2025-03-01 07:00:00+00:00,2897.4
2025-03-01 07:05:00+00:00,2897.4
2025-03-01 07:10:00+00:00,2897.4
2025-03-01 07:15:00+00:00,1411.2
2025-03-01 07:20:00+00:00,1411.2
2025-03-01 07:25:00+00:00,1411.2
2025-03-01 07:30:00+00:00,1459.6
2025-03-01 07:35:00+00:00,1459.6
2025-03-01 07:40:00+00:00,1459.6
2025-03-01 07:45:00+00:00,1848.7
2025-03-01 07:50:00+00:00,1848.7
2025-03-01 07:55:00+00:00,1848.7
2025-03-01 08:00:00+00:00,2195.0
2025-03-01 08:05:00+00:00,2195.0
2025-03-01 08:10:00+00:00,2195.0
2025-03-01 08:15:00+00:00,2011.2
2025-03-01 08:20:00+00:00,2011.2
2025-03-01 08:25:00+00:00,2011.2
2025-03-01 08:30:00+00:00,1420.0
2025-03-01 08:35:00+00:00,1420.0
2025-03-01 08:40:00+00:00,1420.0
2025-03-01 08:45:00+00:00,1757.1
2025-03-01 08:50:00+00:00,1757.1
2025-03-01 08:55:00+00:00,1757.1
2025-03-01 09:00:00+00:00,1122.7
2025-03-01 09:05:00+00:00,1122.7
2025-03-01 09:10:00+00:00,1122.7
2025-03-01 09:15:00+00:00,3094.4
2025-03-01 09:20:00+00:00,3094.4
2025-03-01 09:25:00+00:00,3094.4
2025-03-01 09:30:00+00:00,1873.8
2025-03-01 09:35:00+00:00,1873.8
2025-03-01 09:40:00+00:00,1873.8
2025-03-01 09:45:00+00:00,1492.5
2025-03-01 09:50:00+00:00,1492.5
2025-03-01 09:55:00+00:00,1492.5
2025-03-01 10:00:00+00:00,1883.5
2025-03-01 10:05:00+00:00,1883.5
2025-03-01 10:10:00+00:00,1883.5
2025-03-01 10:15:00+00:00,2152.1
2025-03-01 10:20:00+00:00,2152.1
2025-03-01 10:25:00+00:00,2152.1
2025-03-01 10:30:00+00:00,1870.2
2025-03-01 10:35:00+00:00,1870.2
2025-03-01 10:40:00+00:00,1870.2
2025-03-01 10:45:00+00:00,2076.9
2025-03-01 10:50:00+00:00,2076.9
2025-03-01 10:55:00+00:00,2076.9
2025-03-01 11:00:00+00:00,2597.4
2025-03-01 11:05:00+00:00,2597.4
2025-03-01 11:10:00+00:00,2597.4
2025-03-01 11:15:00+00:00,1809.4
2025-03-01 11:20:00+00:00,1809.4
2025-03-01 11:25:00+00:00,1809.4
2025-03-01 11:30:00+00:00,1863.4
2025-03-01 11:35:00+00:00,1863.4
2025-03-01 11:40:00+00:00,1863.4
2025-03-01 11:45:00+00:00,1753.7
2025-03-01 11:50:00+00:00,1753.7
2025-03-01 11:55:00+00:00,1753.7
2025-03-01 12:00:00+00:00,1872.1
2025-03-01 12:05:00+00:00,1872.1
2025-03-01 12:10:00+00:00,1872.1
2025-03-01 12:15:00+00:00,2307.5
2025-03-01 12:20:00+00:00,2307.5
2025-03-01 12:25:00+00:00,2307.5
2025-03-01 12:30:00+00:00,1844.6
2025-03-01 12:35:00+00:00,1844.6
2025-03-01 12:40:00+00:00,1844.6
2025-03-01 12:45:00+00:00,1952.9
2025-03-01 12:50:00+00:00,1952.9
2025-03-01 12:55:00+00:00,1952.9
2025-03-01 13:00:00+00:00,2703.4
2025-03-01 13:05:00+00:00,2703.4
2025-03-01 13:10:00+00:00,2703.4
2025-03-01 13:15:00+00:00,1832.1
2025-03-01 13:20:00+00:00,1832.1
2025-03-01 13:25:00+00:00,1832.1
2025-03-01 13:30:00+00:00,2572.1
2025-03-01 13:35:00+00:00,2572.1
2025-03-01 13:40:00+00:00,2572.1
2025-03-01 13:45:00+00:00,2824.8
2025-03-01 13:50:00+00:00,2824.8
2025-03-01 13:55:00+00:00,2824.8
2025-03-01 14:00:00+00:00,1163.5
2025-03-01 14:05:00+00:00,1163.5
2025-03-01 14:10:00+00:00,1163.5
2025-03-01 14:15:00+00:00,2301.0
2025-03-01 14:20:00+00:00,2301.0
2025-03-01 14:25:00+00:00,2301.0
2025-03-01 14:30:00+00:00,1478.1
2025-03-01 14:35:00+00:00,1478.1
2025-03-01 14:40:00+00:00,1478.1
2025-03-01 14:45:00+00:00,2268.3
2025-03-01 14:50:00+00:00,2268.3
2025-03-01 14:55:00+00:00,2268.3
2025-03-01 15:00:00+00:00,1528.8
2025-03-01 15:05:00+00:00,1528.8
2025-03-01 15:10:00+00:00,1528.8
2025-03-01 15:15:00+00:00,1161.9
2025-03-01 15:20:00+00:00,1161.9
2025-03-01 15:25:00+00:00,1161.9
2025-03-01 15:30:00+00:00,2497.0
2025-03-01 15:35:00+00:00,2497.0
2025-03-01 15:40:00+00:00,2497.0
2025-03-01 15:45:00+00:00,1485.9
2025-03-01 15:50:00+00:00,1485.9
2025-03-01 15:55:00+00:00,1485.9
2025-03-01 16:00:00+00:00,1828.3
2025-03-01 16:05:00+00:00,1828.3
2025-03-01 16:10:00+00:00,1828.3
2025-03-01 16:15:00+00:00,3033.7
2025-03-01 16:20:00+00:00,3033.7
2025-03-01 16:25:00+00:00,3033.7
2025-03-01 16:30:00+00:00,1119.9
2025-03-01 16:35:00+00:00,1119.9
2025-03-01 16:40:00+00:00,1119.9
2025-03-01 16:45:00+00:00,1150.7
2025-03-01 16:50:00+00:00,1150.7
2025-03-01 16:55:00+00:00,1150.7
2025-03-01 17:00:00+00:00,2223.5
2025-03-01 17:05:00+00:00,2223.5
2025-03-01 17:10:00+00:00,2223.5
2025-03-01 17:15:00+00:00,1928.2
2025-03-01 17:20:00+00:00,1928.2
2025-03-01 17:25:00+00:00,1928.2
2025-03-01 17:30:00+00:00,2156.0
2025-03-01 17:35:00+00:00,2156.0
2025-03-01 17:40:00+00:00,2156.0
2025-03-01 17:45:00+00:00,3357.6
2025-03-01 17:50:00+00:00,3357.6
2025-03-01 17:55:00+00:00,3357.6
2025-03-01 18:00:00+00:00,1478.3
2025-03-01 18:05:00+00:00,1478.3
2025-03-01 18:10:00+00:00,1478.3
2025-03-01 18:15:00+00:00,1858.7
2025-03-01 18:20:00+00:00,1858.7
2025-03-01 18:25:00+00:00,1858.7
2025-03-01 18:30:00+00:00,2552.6
2025-03-01 18:35:00+00:00,2552.6
2025-03-01 18:40:00+00:00,2552.6
2025-03-01 18:45:00+00:00,1865.4
2025-03-01 18:50:00+00:00,1865.4
2025-03-01 18:55:00+00:00,1865.4
2025-03-01 19:00:00+00:00,2318.6
2025-03-01 19:05:00+00:00,2318.6
2025-03-01 19:10:00+00:00,2318.6
2025-03-01 19:15:00+00:00,1478.2
2025-03-01 19:20:00+00:00,1478.2
2025-03-01 19:25:00+00:00,1478.2
2025-03-01 19:30:00+00:00,1507.8
2025-03-01 19:35:00+00:00,1507.8
2025-03-01 19:40:00+00:00,1507.8
2025-03-01 19:45:00+00:00,2589.8
2025-03-01 19:50:00+00:00,2589.8
2025-03-01 19:55:00+00:00,2589.8
2025-03-01 20:00:00+00:00,1148.0
2025-03-01 20:05:00+00:00,1148.0
2025-03-01 20:10:00+00:00,1148.0
2025-03-01 20:15:00+00:00,3202.2
2025-03-01 20:20:00+00:00,3202.2
2025-03-01 20:25:00+00:00,3202.2
2025-03-01 20:30:00+00:00,1407.8
2025-03-01 20:35:00+00:00,1407.8
2025-03-01 20:40:00+00:00,1407.8
2025-03-01 20:45:00+00:00,2358.7
2025-03-01 20:50:00+00:00,2358.7
2025-03-01 20:55:00+00:00,2358.7
2025-03-01 21:00:00+00:00,2398.5
2025-03-01 21:05:00+00:00,2398.5
2025-03-01 21:10:00+00:00,2398.5
2025-03-01 21:15:00+00:00,1072.7
2025-03-01 21:20:00+00:00,1072.7
2025-03-01 21:25:00+00:00,1072.7
2025-03-01 21:30:00+00:00,3051.5
2025-03-01 21:35:00+00:00,3051.5
2025-03-01 21:40:00+00:00,3051.5
2025-03-01 21:45:00+00:00,1114.9
2025-03-01 21:50:00+00:00,1114.9
2025-03-01 21:55:00+00:00,1114.9
2025-03-01 22:00:00+00:00,1826.5
2025-03-01 22:05:00+00:00,1826.5
2025-03-01 22:10:00+00:00,1826.5
2025-03-01 22:15:00+00:00,1399.7
2025-03-01 22:20:00+00:00,1399.7
2025-03-01 22:25:00+00:00,1399.7
2025-03-01 22:30:00+00:00,1458.0
2025-03-01 22:35:00+00:00,1458.0
2025-03-01 22:40:00+00:00,1458.0
2025-03-01 22:45:00+00:00,3784.0
2025-03-01 22:50:00+00:00,3784.0
2025-03-01 22:55:00+00:00,3784.0
2025-03-01 23:00:00+00:00,1502.7
2025-03-01 23:05:00+00:00,1502.7
2025-03-01 23:10:00+00:00,1502.7
2025-03-01 23:15:00+00:00,1717.0
2025-03-01 23:20:00+00:00,1717.0
2025-03-01 23:25:00+00:00,1717.0
2025-03-01 23:30:00+00:00,1434.4
2025-03-01 23:35:00+00:00,1434.4
2025-03-01 23:40:00+00:00,1434.4
2025-03-01 23:45:00+00:00,2041.1
