timestamp,base_load_kw,throughput_teu,vessel_arrivals,tide_m,price_per_kwh,carbon_kg_per_kwh,ambient_c,wind_speed_mps,visibility_km,wave_height_m,current_speed_mps,berth_occupancy_ratio,yard_occupancy_ratio,crane_availability_ratio,equipment_availability_ratio,channel_congestion_ratio,reefer_load_kw,pilot_tug_availability_ratio,closure_flag
2026-01-01T00:00:00Z,21039.2072,5239.819499,1.0076576,1.82,0.43,0.582678,7.4,10.82,,0.96,1.166667,0.710621,0.696181,0.863313,0.914618,0.670827,608.1901,0.811084,0.0
2026-01-01T01:00:00Z,21073.8148,5259.188164,1.01138234,2.05,0.43,0.586651,7.3,11.3,,0.94,0.805556,0.711991,0.697646,0.860105,0.912836,0.673859,609.2553,0.806807,0.0
2026-01-01T02:00:00Z,21278.3554,5373.662566,1.03339665,1.98,0.43,0.589148,7.3,11.3,,0.94,0.361111,0.720088,0.706301,0.860105,0.912836,0.683352,615.5514,0.806807,0.0
2026-01-01T03:00:00Z,21629.9475,5570.436626,1.07123781,1.6,0.43,0.59,7.3,11.07,,0.92,0.361111,0.734006,0.721179,0.864867,0.915482,0.697553,626.374,0.813156,0.0
2026-01-01T04:00:00Z,22091.7869,5828.912389,1.12094469,1.06,0.43,0.589148,7.4,10.74,,0.9,0.75,0.752289,0.740723,0.869007,0.917782,0.717148,640.5902,0.818676,0.0
2026-01-01T05:00:00Z,22630.7469,6130.549905,1.1789519,0.5,0.43,0.586651,7.3,10.31,,0.9,1.055556,0.773624,0.763529,0.873245,0.920136,0.740278,657.1802,0.824327,0.0
2026-01-01T06:00:00Z,23163.1751,6428.531748,1.23625611,0.02,0.43,0.582678,7.4,10.4,,0.88,1.083333,0.794701,0.78606,0.873229,0.920127,0.764996,673.5692,0.824305,0.0
2026-01-01T07:00:00Z,23681.3679,6718.546542,1.29202818,-0.33,0.72,0.5775,7.5,10.62,,0.86,1.0,0.815214,0.807988,0.872149,0.919527,0.789526,689.5201,0.822865,0.0
2026-01-01T08:00:00Z,24222.1347,7021.195246,1.35022986,-0.46,0.72,0.57147,7.4,10.3,,0.84,0.722222,0.836621,0.830871,0.875487,0.921382,0.81314,706.1657,0.827316,0.0
2026-01-01T09:00:00Z,24693.1641,7284.814325,1.40092583,-0.28,0.72,0.565,7.3,10.0,,0.82,0.305556,0.855267,0.850803,0.878662,0.923145,0.83359,720.6648,0.831549,0.0
2026-01-01T10:00:00Z,25028.2099,7472.327995,1.43698615,0.1,0.72,0.55853,7.1,9.96,,0.82,0.444444,0.868531,0.864981,0.878989,0.923327,0.848995,730.978,0.831985,0.0
2026-01-01T11:00:00Z,25185.5881,7560.407193,1.45392446,0.49,0.72,0.5525,6.8,10.44,,0.8,0.666667,0.874761,0.871641,0.875782,0.921545,0.857724,735.8224,0.827709,0.0
2026-01-01T12:00:00Z,25227.0872,7583.632863,1.45839094,0.81,0.72,0.547322,6.6,10.68,,0.8,0.611111,0.876403,0.873397,0.873818,0.920455,0.860523,737.0998,0.825091,0.0
2026-01-01T13:00:00Z,25152.1355,7541.684964,1.45032403,1.01,0.72,0.543349,6.4,10.53,,0.86,0.416667,0.873436,0.870225,0.872885,0.919936,0.857459,734.7927,0.823847,0.0
2026-01-01T14:00:00Z,24942.447,7424.329445,1.42775566,0.95,0.72,0.540852,6.3,10.37,,0.92,0.166667,0.865135,0.861352,0.872035,0.919464,0.848105,728.3381,0.822713,0.0
2026-01-01T15:00:00Z,24571.6105,7216.78493,1.38784326,0.6,0.72,0.54,6.1,10.55,,0.98,0.416667,0.850456,0.845659,0.868402,0.917445,0.832509,716.9232,0.817869,0.0
2026-01-01T16:00:00Z,24128.9471,6969.041376,1.34020026,0.07,0.72,0.540852,6.0,10.82,,0.94,0.805556,0.832932,0.826928,0.867633,0.917018,0.812306,703.2973,0.816844,0.0
2026-01-01T17:00:00Z,23626.8224,6688.019314,1.28615756,-0.49,1.08,0.543349,5.6,10.94,,0.92,1.0,0.813055,0.80568,0.867371,0.916873,0.789118,687.8411,0.816495,0.0
2026-01-01T18:00:00Z,23095.3968,6390.598526,1.22896125,-0.92,1.08,0.547322,5.1,11.06,,0.88,1.0,0.792018,0.783192,0.867829,0.917127,0.76425,671.4829,0.817105,0.0
2026-01-01T19:00:00Z,22551.6845,6086.301338,1.17044256,-1.18,1.08,0.5525,4.7,11.18,,0.88,0.833333,0.770494,0.760184,0.866847,0.916582,0.739452,654.7466,0.815796,0.0
2026-01-01T20:00:00Z,22049.9672,5805.507303,1.11644371,-1.19,1.08,0.55853,4.4,11.25,,0.88,0.527778,0.750633,0.738953,0.866275,0.916264,0.716421,639.3029,0.815033,0.0
2026-01-01T21:00:00Z,21613.3671,5561.157163,1.0694533,-0.86,1.08,0.565,4.1,11.38,,0.88,0.416667,0.73335,0.720478,0.865211,0.915673,0.696631,625.8636,0.813615,0.0
2026-01-01T22:00:00Z,21285.9404,5377.907644,1.03421301,-0.24,0.72,0.57147,3.7,11.4,,0.88,0.972222,0.720389,0.706622,0.865047,0.915582,0.681507,615.7849,0.813396,0.0
2026-01-01T23:00:00Z,21046.242,5243.756622,1.00841474,0.5,0.72,0.5775,3.6,11.75,,0.9,1.416667,0.7109,0.696479,0.861464,0.913591,0.671975,608.4066,0.808618,0.0
2026-01-02T00:00:00Z,20973.3133,5202.940935,1.00056556,1.2,0.43,0.582678,3.7,11.79,,0.9,1.555556,0.708013,0.693393,0.861136,0.913409,0.668736,606.1618,0.808182,0.0
2026-01-02T01:00:00Z,21050.484,5246.130705,1.00887129,1.73,0.43,0.586651,3.8,11.7,,0.9,1.361111,0.711068,0.696659,0.861873,0.913818,0.67199,608.5372,0.809164,0.0
2026-01-02T02:00:00Z,21277.7053,5373.298702,1.03332667,1.99,0.43,0.589148,4.0,11.37,,0.92,0.888889,0.720063,0.706274,0.863853,0.914918,0.681656,615.5314,0.811804,0.0
2026-01-02T03:00:00Z,21642.4948,5577.458922,1.07258825,1.89,0.43,0.59,4.4,10.93,,0.92,0.361111,0.734503,0.72171,0.867453,0.916918,0.696986,626.7602,0.816604,0.0
2026-01-02T04:00:00Z,22105.1038,5836.365405,1.12237796,1.47,0.43,0.589148,4.7,10.66,,0.88,0.277778,0.752816,0.741286,0.871102,0.918945,0.716835,641.0001,0.821469,0.0
2026-01-02T05:00:00Z,22633.1947,6131.919829,1.17921535,0.86,0.43,0.586651,4.9,10.41,,0.86,0.722222,0.773721,0.763633,0.873867,0.920482,0.740115,657.2556,0.825156,0.0
2026-01-02T06:00:00Z,23201.9423,6450.228402,1.24042854,0.25,0.43,0.582678,5.2,10.21,,0.82,1.027778,0.796236,0.7877,0.876944,0.922191,0.765144,674.7626,0.829258,0.0
2026-01-02T07:00:00Z,23769.5004,6767.871323,1.30151372,-0.27,0.72,0.5775,5.3,10.05,,0.78,1.055556,0.818703,0.811717,0.879693,0.923718,0.790264,692.2329,0.832924,0.0
2026-01-02T08:00:00Z,24288.1775,7058.157149,1.35733791,-0.63,0.72,0.57147,5.5,9.96,,0.76,0.944444,0.839236,0.833666,0.881149,0.924527,0.813689,708.1986,0.834865,0.0
2026-01-02T09:00:00Z,24757.1244,7320.610744,1.40780976,-0.7,0.72,0.565,5.5,9.76,,0.72,0.527778,0.857799,0.85351,0.884225,0.926236,0.834086,722.6336,0.838967,0.0
2026-01-02T10:00:00Z,25179.5561,7557.03132,1.45327525,-0.44,0.72,0.55853,5.0,9.06,,0.7,0.222222,0.874522,0.871385,0.890673,0.929818,0.850826,735.6367,0.847564,0.0
2026-01-02T11:00:00Z,25428.4955,7696.35419,1.48006811,0.04,0.72,0.5525,4.9,8.8,,0.68,0.694444,0.884376,0.881919,0.89352,0.9314,0.861114,743.2995,0.85136,0.0
2026-01-02T12:00:00Z,25552.757,7765.899124,1.49344214,0.54,0.72,0.547322,4.7,8.43,,0.66,0.888889,0.889295,0.887178,0.897267,0.933482,0.865216,747.1245,0.856356,0.0
2026-01-02T13:00:00Z,25520.7159,7747.966822,1.48999362,0.95,0.72,0.543349,4.5,8.16,,0.64,0.861111,0.888027,0.885822,0.900196,0.935109,0.862427,746.1382,0.860262,0.0
2026-01-02T14:00:00Z,25357.9073,7656.848375,1.47247084,1.16,0.72,0.540852,4.4,7.87,,0.6,0.611111,0.881582,0.878932,0.904009,0.937227,0.853176,741.1267,0.865345,0.0
2026-01-02T15:00:00Z,25067.0861,7494.0857,1.44117033,1.06,0.72,0.54,4.3,7.52,,0.58,0.166667,0.870069,0.866626,0.907593,0.939218,0.838086,732.1747,0.870124,0.0
2026-01-02T16:00:00Z,24655.8904,7263.953503,1.39691414,0.63,0.72,0.540852,4.2,7.3,,0.56,0.416667,0.853792,0.849226,0.910113,0.940618,0.817882,719.5174,0.873484,0.0
2026-01-02T17:00:00Z,24155.3491,6983.817623,1.34304185,0.04,1.08,0.543349,4.1,7.21,,0.54,0.805556,0.833977,0.828045,0.911569,0.941427,0.794004,704.11,0.875425,0.0
2026-01-02T18:00:00Z,23619.652,6684.006255,1.28538582,-0.56,1.08,0.547322,4.0,7.08,,0.52,1.055556,0.812771,0.805376,0.913353,0.942418,0.768349,687.6203,0.877804,0.0
2026-01-02T19:00:00Z,23094.5965,6390.15063,1.22887512,-1.03,1.08,0.5525,4.0,6.76,,0.52,1.111111,0.791986,0.783158,0.915971,0.943873,0.742817,671.4583,0.881295,0.0
2026-01-02T20:00:00Z,22626.0985,6127.948317,1.1784516,-1.32,1.08,0.55853,4.1,6.21,,0.52,0.944444,0.77344,0.763333,0.920471,0.946373,0.719073,657.0372,0.887295,0.0
2026-01-02T21:00:00Z,22216.982,5898.979779,1.13441919,-1.33,1.08,0.565,4.1,5.77,,0.52,0.583333,0.757245,0.74602,0.924071,0.948373,0.698486,644.4439,0.892095,0.0
2026-01-02T22:00:00Z,21886.891,5714.239126,1.09889214,-0.95,0.72,0.57147,3.3,5.78,,0.46,0.388889,0.744178,0.732052,0.926149,0.949527,0.682242,634.2832,0.894865,0.0
2026-01-02T23:00:00Z,21741.9244,5633.106293,1.08328967,-0.25,0.72,0.5775,3.2,5.05,,0.42,0.972222,0.738439,0.725918,0.933562,0.953645,0.672219,629.8208,0.904749,0.0
2026-01-03T00:00:00Z,21322.3531,5398.286572,1.03813203,0.56,0.43,0.582678,3.2,4.56,,0.36,1.416667,0.72183,0.708163,0.939731,0.957073,0.650005,616.9058,0.912975,0.0
2026-01-03T01:00:00Z,21410.1772,5447.43873,1.04758437,1.3,0.43,0.586651,3.2,4.43,,0.34,1.444444,0.725307,0.71188,0.941515,0.958064,0.653288,619.6091,0.915353,0.0
2026-01-03T02:00:00Z,21647.421,5580.215943,1.07311845,1.85,0.43,0.589148,3.3,4.25,,0.3,1.194444,0.734698,0.721919,0.944427,0.959682,0.663004,626.9119,0.919236,0.0
2026-01-03T03:00:00Z,22019.0752,5788.218101,1.11311887,2.05,0.43,0.59,3.3,3.92,,0.28,0.694444,0.749411,0.737646,0.947847,0.961582,0.678733,638.352,0.923796,0.0
2026-01-03T04:00:00Z,22475.211,6043.501722,1.16221187,1.84,0.43,0.589148,3.4,3.76,,0.28,0.111111,0.767467,0.756948,0.949156,0.962309,0.699321,652.3926,0.925542,0.0
2026-01-03T05:00:00Z,23031.9535,6355.091518,1.22213298,1.3,0.43,0.586651,3.6,3.38,,0.26,0.666667,0.789506,0.780507,0.952985,0.964436,0.723458,669.53,0.930647,0.0
2026-01-03T06:00:00Z,23647.934,6699.834755,1.28842976,0.61,0.43,0.582678,3.8,2.76,,0.26,1.166667,0.813891,0.806573,0.958058,0.967255,0.749792,688.4909,0.937411,0.0
2026-01-03T07:00:00Z,24285.3446,7056.571676,1.35703301,-0.08,0.72,0.5775,4.0,2.05,,0.24,1.416667,0.839123,0.833546,0.964587,0.970882,0.776474,708.1114,0.946116,0.0
2026-01-03T08:00:00Z,24887.0626,7393.33269,1.42179475,-0.68,0.72,0.57147,4.3,1.38,,0.22,1.472222,0.862943,0.859008,0.970789,0.974327,0.801644,726.6333,0.954385,0.0
2026-01-03T09:00:00Z,25416.9405,7689.887255,1.47882447,-1.09,0.72,0.565,4.5,0.74,,0.2,1.25,0.883919,0.88143,0.976745,0.977636,0.823589,742.9438,0.962327,0.0
2026-01-03T10:00:00Z,25819.1632,7914.997535,1.52211491,-1.14,0.72,0.55853,4.5,0.27,,0.2,0.75,0.899841,0.898451,0.980591,0.979773,0.840547,755.3249,0.967455,0.0
2026-01-03T11:00:00Z,25995.4885,8013.680794,1.54109246,-0.82,0.72,0.5525,4.7,0.71,,0.18,0.166667,0.906821,0.905912,0.977711,0.978173,0.850011,760.7524,0.963615,0.0
2026-01-03T12:00:00Z,25992.3598,8011.929753,1.54075572,-0.29,0.72,0.547322,4.9,1.38,,0.18,0.611111,0.906697,0.90578,0.972229,0.975127,0.852302,760.6561,0.956305,0.0
2026-01-03T13:00:00Z,25859.2192,7937.41554,1.52642607,0.25,0.72,0.543349,5.2,1.95,,0.16,0.861111,0.901427,0.900146,0.968285,0.972936,0.847876,756.5579,0.951047,0.0
2026-01-03T14:00:00Z,25611.1956,7798.605202,1.49973177,0.68,0.72,0.540852,5.4,2.22,,0.16,0.777778,0.891609,0.889651,0.966076,0.971709,0.837346,748.9233,0.948102,0.0
2026-01-03T15:00:00Z,25243.2925,7592.702406,1.46013508,0.86,0.72,0.54,5.6,2.49,,0.14,0.472222,0.877045,0.874082,0.964587,0.970882,0.820933,737.5986,0.946116,0.0
2026-01-03T16:00:00Z,24745.2161,7313.946042,1.40652808,0.69,0.72,0.540852,5.9,2.95,,0.14,0.166667,0.857328,0.853006,0.960824,0.968791,0.79949,722.267,0.941098,0.0
2026-01-03T17:00:00Z,24176.2322,6995.50519,1.34528946,0.21,1.08,0.543349,6.1,3.42,,0.14,0.611111,0.834804,0.828928,0.956978,0.966655,0.774791,704.7528,0.935971,0.0
2026-01-03T18:00:00Z,23593.2184,6669.212299,1.28254083,-0.41,1.08,0.547322,6.4,3.69,,0.14,1.0,0.811725,0.804258,0.954769,0.965427,0.748715,686.8067,0.933025,0.0
2026-01-03T19:00:00Z,23040.8829,6360.089003,1.22309404,-1.0,1.08,0.5525,6.8,3.66,,0.14,1.194444,0.78986,0.780885,0.955015,0.965564,0.722971,669.8049,0.933353,0.0
2026-01-03T20:00:00Z,22521.6379,6069.48529,1.16720871,-1.47,1.08,0.55853,7.0,3.68,,0.14,1.194444,0.769305,0.758912,0.954851,0.965473,0.698945,653.8217,0.933135,0.0
2026-01-03T21:00:00Z,22057.5775,5809.766519,1.11726279,-1.72,1.08,0.565,7.3,3.91,,0.14,0.916667,0.750935,0.739275,0.952969,0.964427,0.678244,639.5372,0.930625,0.0
2026-01-03T22:00:00Z,21722.3176,5622.133058,1.08117943,-1.63,0.72,0.57147,8.1,3.85,,0.14,0.416667,0.737663,0.725088,0.95346,0.9647,0.662466,629.2173,0.93128,0.0
2026-01-03T23:00:00Z,21512.3916,5504.644642,1.05858551,-1.11,0.72,0.5775,8.4,3.8,,0.14,0.472222,0.729353,0.716205,0.953869,0.964927,0.652541,622.7555,0.931825,0.0
2026-01-04T00:00:00Z,21455.5388,5472.826044,1.05246655,-0.27,0.43,0.582678,8.8,3.6,,0.14,1.194444,0.727102,0.713799,0.955505,0.965836,0.649175,621.0054,0.934007,0.0
2026-01-04T01:00:00Z,21546.5989,5523.789251,1.06226716,0.64,0.43,0.586651,9.2,3.38,,0.14,1.611111,0.730707,0.717652,0.957305,0.966836,0.652601,623.8084,0.936407,0.0
2026-01-04T02:00:00Z,21780.5706,5654.735258,1.08744909,1.43,0.43,0.589148,9.7,3.15,,0.14,1.611111,0.739969,0.727553,0.959187,0.967882,0.662624,631.0104,0.938916,0.0
2026-01-04T03:00:00Z,22120.3857,5844.918129,1.12402272,1.98,0.43,0.59,10.0,3.18,,0.14,1.277778,0.753421,0.741933,0.958942,0.967745,0.678504,641.4705,0.938589,0.0
2026-01-04T04:00:00Z,22564.7005,6093.58599,1.17184346,2.13,0.43,0.589148,10.2,3.2,,0.14,0.666667,0.77101,0.760735,0.958778,0.967655,0.699198,655.1472,0.938371,0.0
2026-01-04T05:00:00Z,23099.3941,6392.835683,1.22939148,1.87,0.43,0.586651,10.4,3.1,,0.12,0.166667,0.792176,0.783361,0.960316,0.968509,0.72333,671.606,0.940422,0.0
2026-01-04T06:00:00Z,23685.1505,6720.663542,1.2924353,1.28,0.43,0.582678,10.6,2.82,,0.12,0.694444,0.815364,0.808148,0.962607,0.969782,0.749498,689.6365,0.943476,0.0
2026-01-04T07:00:00Z,24296.1784,7062.635015,1.35819904,0.57,0.72,0.5775,10.7,2.32,,0.12,1.194444,0.839552,0.834004,0.966698,0.972055,0.776038,708.4449,0.948931,0.0
2026-01-04T08:00:00Z,24709.2172,7293.798673,1.40265359,-0.13,0.72,0.57147,10.5,3.41,,0.1,1.444444,0.855903,0.851482,0.9585,0.9675,0.798852,721.1589,0.938,0.0
2026-01-04T09:00:00Z,25034.9149,7476.080587,1.43770781,-0.7,0.72,0.565,10.0,4.49,,0.1,1.444444,0.868796,0.865265,0.948224,0.961791,0.818535,731.1844,0.924298,0.0
2026-01-04T10:00:00Z,25234.5749,7587.82347,1.45919682,-1.04,0.72,0.55853,9.1,5.65,,0.12,1.166667,0.8767,0.873713,0.938733,0.956518,0.83202,737.3303,0.911644,0.0
2026-01-04T11:00:00Z,25363.3264,7659.881264,1.47305409,-0.98,0.72,0.5525,8.8,6.36,,0.12,0.527778,0.881796,0.879162,0.933644,0.953691,0.840257,741.2935,0.904858,0.0
2026-01-04T12:00:00Z,25280.9878,7613.799201,1.46419215,-0.55,0.72,0.547322,8.4,7.62,,0.14,0.277778,0.878537,0.875678,0.922615,0.947564,0.841337,738.759,0.890153,0.0
2026-01-04T13:00:00Z,25198.9932,7567.909578,1.45536723,0.06,0.72,0.543349,8.0,7.53,,0.2,0.805556,0.875291,0.872208,0.921191,0.946773,0.838165,736.235,0.888255,0.0
2026-01-04T14:00:00Z,24992.136,7452.138709,1.4331036,0.63,0.72,0.540852,7.5,7.34,,0.26,1.0,0.867102,0.863454,0.919865,0.946036,0.829153,729.8676,0.886487,0.0
2026-01-04T15:00:00Z,24659.5574,7266.005817,1.39730881,1.05,0.72,0.54,7.2,7.18,,0.32,0.861111,0.853937,0.849381,0.919015,0.945564,0.814096,719.6303,0.885353,0.0
2026-01-04T16:00:00Z,24261.1111,7043.009033,1.35442481,1.17,0.72,0.540852,6.9,6.83,,0.34,0.444444,0.838164,0.83252,0.921158,0.946755,0.794651,707.3655,0.888211,0.0
2026-01-04T17:00:00Z,23732.0441,6746.908291,1.29748236,0.92,1.08,0.543349,6.6,7.1,,0.34,0.055556,0.81722,0.810132,0.916789,0.944327,0.772038,691.08,0.882385,0.0
2026-01-04T18:00:00Z,23139.9661,6415.542493,1.23375817,0.38,1.08,0.547322,6.2,7.6,,0.36,0.611111,0.793782,0.785078,0.911258,0.941255,0.747017,672.8548,0.875011,0.0
2026-01-04T19:00:00Z,22549.2955,6084.964291,1.17018544,-0.28,1.08,0.5525,5.9,8.14,,0.38,1.055556,0.7704,0.760083,0.90612,0.9384,0.721887,654.673,0.86816,0.0
2026-01-04T20:00:00Z,22013.4088,5785.046813,1.112509,-0.89,1.08,0.55853,5.7,8.47,,0.42,1.222222,0.749186,0.737406,0.90486,0.9377,0.697576,638.1776,0.86648,0.0
2026-01-04T21:00:00Z,21543.2815,5521.932621,1.06191012,-1.35,1.08,0.565,5.7,8.95,,0.44,1.166667,0.730576,0.717512,0.900213,0.935118,0.677822,623.7063,0.860284,0.0
2026-01-04T22:00:00Z,21251.0927,5358.404542,1.03046241,-1.56,0.72,0.57147,5.6,8.45,,0.48,0.805556,0.719009,0.705148,0.902144,0.936191,0.663403,614.7122,0.862858,0.0
2026-01-04T23:00:00Z,21005.7991,5221.122111,1.00406194,-1.37,0.72,0.5775,5.4,8.77,,0.54,0.444444,0.709299,0.694768,0.897365,0.933536,0.654142,607.1617,0.856487,0.0
2026-01-05T00:00:00Z,21253.7308,5359.881023,1.03074635,-0.74,0.43,0.582678,5.1,9.46,,0.58,0.861111,0.719114,0.705259,0.89028,0.9296,0.668798,614.7935,0.84704,0.0
2026-01-05T01:00:00Z,21319.2125,5396.528886,1.03779402,0.16,0.43,0.586651,5.0,9.47,,0.6,1.611111,0.721706,0.70803,0.890198,0.929555,0.671873,616.8091,0.846931,0.0
2026-01-05T02:00:00Z,21547.2987,5524.18091,1.06234248,1.07,0.43,0.589148,5.0,9.26,,0.6,1.944444,0.730735,0.717682,0.892636,0.930909,0.681376,623.83,0.850182,0.0
2026-01-05T03:00:00Z,21894.113,5718.281045,1.09966943,1.82,0.43,0.59,5.3,9.06,,0.62,1.861111,0.744464,0.732358,0.893553,0.931418,0.697064,634.5055,0.851404,0.0
2026-01-05T04:00:00Z,22339.9019,5967.773848,1.14764882,2.27,0.43,0.589148,5.7,8.96,,0.62,1.388889,0.762111,0.751222,0.894371,0.931873,0.71739,648.2276,0.852495,0.0
2026-01-05T05:00:00Z,22859.1225,6258.363877,1.20353151,2.3,0.43,0.586651,6.4,8.79,,0.64,0.805556,0.782665,0.773193,0.895042,0.932245,0.74119,664.21,0.853389,0.0
2026-01-05T06:00:00Z,23402.4532,6562.447519,1.26200914,1.92,0.43,0.582678,7.3,8.82,,0.64,0.111111,0.804173,0.796185,0.894796,0.932109,0.766516,680.9346,0.853062,0.0
2026-01-05T07:00:00Z,23911.1036,6847.121811,1.31675419,1.25,0.72,0.5775,7.9,9.17,,0.64,0.555556,0.824309,0.817709,0.891933,0.930518,0.791396,696.5917,0.849244,0.0
2026-01-05T08:00:00Z,24391.4393,7115.949275,1.36845178,0.48,0.72,0.57147,8.3,9.35,,0.66,1.0,0.843323,0.838035,0.88974,0.9293,0.814663,711.3772,0.84632,0.0
2026-01-05T09:00:00Z,24778.8304,7332.75885,1.41014593,-0.22,0.72,0.565,8.5,9.76,,0.66,1.166667,0.858659,0.854428,0.886385,0.927436,0.834133,723.3017,0.841847,0.0
2026-01-05T10:00:00Z,25128.2171,7528.298624,1.44774974,-0.75,0.72,0.55853,8.2,9.43,,0.72,1.138889,0.872489,0.869213,0.886925,0.927736,0.850109,734.0564,0.842567,0.0
2026-01-05T11:00:00Z,25278.4112,7612.357162,1.46391484,-0.97,0.72,0.5525,8.0,9.67,,0.8,0.75,0.878435,0.875568,0.882082,0.925045,0.859232,738.6796,0.836109,0.0
2026-01-05T12:00:00Z,25338.8753,7646.196817,1.47042246,-0.79,0.72,0.547322,7.8,9.57,,0.86,0.194444,0.880829,0.878127,0.88074,0.9243,0.862635,740.5408,0.83432,0.0
2026-01-05T13:00:00Z,25309.1514,7629.561373,1.46722334,-0.24,0.72,0.543349,7.5,9.29,,0.84,0.694444,0.879652,0.876869,0.883751,0.925973,0.859917,739.6259,0.838335,0.0
2026-01-05T14:00:00Z,25131.1847,7529.959473,1.44806913,0.39,0.72,0.540852,7.3,9.03,,0.84,1.166667,0.872607,0.869338,0.885878,0.927155,0.850712,734.1478,0.841171,0.0
2026-01-05T15:00:00Z,24825.1366,7358.67481,1.41512977,0.94,0.72,0.54,7.1,8.86,,0.82,1.222222,0.860492,0.856388,0.887989,0.928327,0.83557,724.7271,0.843985,0.0
2026-01-05T16:00:00Z,24431.7366,7138.502301,1.3727889,1.27,0.72,0.540852,7.0,8.74,,0.74,0.916667,0.844918,0.83974,0.891851,0.930473,0.815595,712.6176,0.849135,0.0
2026-01-05T17:00:00Z,23960.0065,6874.491049,1.32201751,1.28,1.08,0.543349,6.8,8.59,,0.68,0.472222,0.826244,0.819779,0.895238,0.932355,0.792196,698.097,0.853651,0.0
2026-01-05T18:00:00Z,23446.0983,6586.874216,1.26670658,0.94,1.08,0.547322,6.7,8.52,,0.6,0.138889,0.805901,0.798032,0.898691,0.934273,0.76681,682.2781,0.858255,0.0
2026-01-05T19:00:00Z,22921.785,6293.433948,1.21027576,0.34,1.08,0.5525,6.6,8.4,,0.56,0.638889,0.785145,0.775845,0.901113,0.935618,0.7414,666.1389,0.861484,0.0
2026-01-05T20:00:00Z,22456.9504,6033.281937,1.16024653,-0.34,1.08,0.55853,6.5,8.02,,0.52,1.0,0.766744,0.756175,0.905662,0.938145,0.717805,651.8305,0.867549,0.0
2026-01-05T21:00:00Z,22087.4759,5826.499649,1.1204807,-0.94,1.08,0.565,6.3,7.34,,0.48,1.166667,0.752118,0.74054,0.912665,0.942036,0.697544,640.4575,0.876887,0.0
2026-01-05T22:00:00Z,21930.234,5738.496716,1.10355706,-1.33,0.72,0.57147,5.9,5.28,,0.46,1.0,0.745894,0.733886,0.93024,0.9518,0.682435,635.6173,0.90032,0.0
2026-01-05T23:00:00Z,21767.1641,5647.232089,1.08600617,-1.43,0.72,0.5775,5.9,4.69,,0.44,0.638889,0.739438,0.726986,0.935787,0.954882,0.672402,630.5978,0.907716,0.0
2026-01-06T00:00:00Z,21691.62,5604.952631,1.07787551,-1.14,0.43,0.582678,5.9,4.76,,0.42,0.361111,0.736448,0.723789,0.935935,0.954964,0.66883,628.2724,0.907913,0.0
2026-01-06T01:00:00Z,21695.2628,5606.991376,1.07826757,-0.43,0.43,0.586651,5.8,5.6,,0.42,0.916667,0.736592,0.723943,0.929062,0.951145,0.672054,628.3845,0.898749,0.0
2026-01-06T02:00:00Z,21889.2748,5715.573293,1.09914871,0.45,0.43,0.589148,5.7,5.94,,0.4,1.5,0.744272,0.732153,0.927,0.95,0.681974,634.3565,0.896,0.0
2026-01-06T03:00:00Z,22245.2134,5914.779946,1.13745768,1.27,0.43,0.59,5.8,5.83,,0.4,1.638889,0.758362,0.747215,0.9279,0.9505,0.698094,645.3129,0.8972,0.0
2026-01-06T04:00:00Z,22637.78,6134.486051,1.17970886,1.87,0.43,0.589148,5.9,6.46,,0.4,1.361111,0.773903,0.763827,0.922745,0.947636,0.718604,657.3967,0.890327,0.0
2026-01-06T05:00:00Z,23104.6323,6395.767321,1.22995525,2.14,0.43,0.586651,6.3,6.97,,0.42,0.805556,0.792384,0.783582,0.917853,0.944918,0.742446,671.7672,0.883804,0.0
2026-01-06T06:00:00Z,23642.5015,6696.794349,1.28784507,2.01,0.43,0.582678,7.0,7.17,,0.42,0.222222,0.813676,0.806343,0.916216,0.944009,0.768137,688.3237,0.881622,0.0
2026-01-06T07:00:00Z,24191.8918,7004.269362,1.34697488,1.5,0.72,0.5775,7.8,7.12,,0.46,0.555556,0.835424,0.829591,0.915185,0.943436,0.794093,705.2348,0.880247,0.0
2026-01-06T08:00:00Z,24606.3583,7236.232076,1.39158309,0.78,0.72,0.57147,8.4,7.93,,0.5,1.194444,0.851831,0.84713,0.907118,0.938955,0.816914,717.9928,0.869491,0.0
2026-01-06T09:00:00Z,24921.8006,7412.774376,1.42553353,0.02,0.72,0.565,8.2,8.9,,0.54,1.555556,0.864318,0.860478,0.897742,0.933745,0.835722,727.7026,0.856989,0.0
2026-01-06T10:00:00Z,25221.3989,7580.449298,1.45777871,-0.64,0.72,0.55853,7.3,9.02,,0.6,1.611111,0.876178,0.873156,0.89316,0.9312,0.851663,736.9247,0.85088,0.0
2026-01-06T11:00:00Z,25508.3596,7741.051404,1.48866373,-1.08,0.72,0.5525,7.4,8.2,,0.66,1.361111,0.887538,0.885299,0.899149,0.934527,0.862319,745.7578,0.858865,0.0
2026-01-06T12:00:00Z,25454.9046,7711.134471,1.48291048,-1.18,0.72,0.547322,7.1,9.05,,0.72,0.944444,0.885422,0.883037,0.890035,0.929464,0.863889,744.1124,0.846713,0.0
2026-01-06T13:00:00Z,25153.9438,7542.696976,1.45051865,-0.89,0.72,0.543349,6.7,10.89,,0.74,0.25,0.873508,0.870301,0.87426,0.9207,0.856932,734.8483,0.82568,0.0
2026-01-06T14:00:00Z,24873.896,7385.963821,1.42037766,-0.33,0.72,0.540852,6.6,11.51,,0.74,0.555556,0.862422,0.858451,0.869187,0.917882,0.846189,726.228,0.818916,0.0
2026-01-06T15:00:00Z,24548.168,7203.664976,1.38532019,0.24,0.72,0.54,6.4,11.44,,0.76,0.888889,0.849528,0.844667,0.86904,0.9178,0.831137,716.2016,0.81872,0.0
2026-01-06T16:00:00Z,24132.8649,6971.234031,1.34062193,0.67,0.72,0.540852,6.3,11.16,,0.82,0.861111,0.833087,0.827093,0.869171,0.917873,0.811804,703.4179,0.818895,0.0
2026-01-06T17:00:00Z,23638.1077,6694.335292,1.28737217,0.91,1.08,0.543349,6.2,10.96,,0.88,0.555556,0.813502,0.806157,0.868647,0.917582,0.789075,688.1884,0.818196,0.0
2026-01-06T18:00:00Z,23117.2193,6402.811874,1.23130998,0.85,1.08,0.547322,6.0,10.66,,0.94,0.166667,0.792882,0.784115,0.868942,0.917745,0.764769,672.1547,0.818589,0.0
2026-01-06T19:00:00Z,22627.8096,6128.905995,1.17863577,0.46,1.08,0.5525,5.9,10.34,,0.9,0.361111,0.773508,0.763405,0.873,0.92,0.740251,657.0898,0.824,0.0
2026-01-06T20:00:00Z,22176.5946,5876.376334,1.13007237,-0.13,1.08,0.55853,5.7,10.02,,0.84,0.805556,0.755646,0.744311,0.877778,0.922655,0.717186,643.2007,0.830371,0.0
2026-01-06T21:00:00Z,21763.9347,5645.42472,1.0856586,-0.75,1.08,0.565,5.7,9.95,,0.8,1.055556,0.739311,0.726849,0.879791,0.923773,0.697139,630.4984,0.833055,0.0
2026-01-06T22:00:00Z,21443.7089,5466.205271,1.05119332,-1.23,0.72,0.57147,5.3,9.83,,0.8,1.055556,0.726634,0.713298,0.880773,0.924318,0.681841,620.6413,0.834364,0.0
2026-01-06T23:00:00Z,21233.949,5348.809811,1.02861727,-1.49,0.72,0.5775,5.3,9.85,,0.8,0.861111,0.71833,0.704422,0.880609,0.924227,0.672178,614.1845,0.834145,0.0
2026-01-07T00:00:00Z,21168.0477,5311.927107,1.02152444,-1.44,0.43,0.582678,5.4,9.79,,0.8,0.416667,0.715722,0.701634,0.8811,0.9245,0.668901,612.156,0.8348,0.0
2026-01-07T01:00:00Z,21294.397,5382.640499,1.03512317,-0.98,0.43,0.586651,5.5,9.2,,0.78,0.5,0.720723,0.70698,0.886647,0.927582,0.6723,616.0452,0.842196,0.0
2026-01-07T02:00:00Z,21561.8186,5532.307203,1.06390523,-0.21,0.43,0.589148,5.6,8.53,,0.78,1.166667,0.73131,0.718296,0.892129,0.930627,0.682275,624.2769,0.849505,0.0
2026-01-07T03:00:00Z,21959.7623,5755.022703,1.10673514,0.67,0.43,0.59,6.0,7.89,,0.76,1.638889,0.747063,0.735136,0.898085,0.933936,0.698097,636.5262,0.857447,0.0
2026-01-07T04:00:00Z,22459.754,6034.850993,1.16054827,1.41,0.43,0.589148,6.4,7.49,,0.68,1.666667,0.766855,0.756294,0.904238,0.937355,0.718567,651.9168,0.865651,0.0
2026-01-07T05:00:00Z,23012.3519,6344.121161,1.2200233,1.91,0.43,0.586651,7.0,7.35,,0.6,1.361111,0.788731,0.779677,0.908264,0.939591,0.742425,668.9267,0.871018,0.0
2026-01-07T06:00:00Z,23593.9783,6669.63761,1.28262262,2.09,0.43,0.582678,7.7,7.33,,0.52,0.833333,0.811755,0.80429,0.911307,0.941282,0.768066,686.8301,0.875076,0.0
2026-01-07T07:00:00Z,24164.7534,6989.080938,1.34405403,1.88,0.72,0.5775,8.2,7.31,,0.48,0.25,0.83435,0.828443,0.912911,0.942173,0.793844,704.3995,0.877215,0.0
2026-01-07T08:00:00Z,24672.9608,7273.507215,1.39875139,1.33,0.72,0.57147,8.7,7.46,,0.46,0.5,0.854468,0.849948,0.912404,0.941891,0.817656,720.0429,0.876538,0.0
2026-01-07T09:00:00Z,25109.9193,7518.057963,1.44578038,0.62,0.72,0.565,9.0,7.65,,0.42,1.0,0.871765,0.868439,0.912289,0.941827,0.837987,733.4932,0.876385,0.0
2026-01-07T10:00:00Z,25525.2784,7750.520287,1.49048467,-0.06,0.72,0.55853,8.9,6.96,,0.44,1.25,0.888208,0.886015,0.917215,0.944564,0.855075,746.2786,0.882953,0.0
2026-01-07T11:00:00Z,25775.6783,7890.660568,1.51743472,-0.6,0.72,0.5525,8.7,6.67,,0.44,1.222222,0.89812,0.896611,0.919587,0.945882,0.865642,753.9863,0.886116,0.0
2026-01-07T12:00:00Z,25868.4295,7942.570235,1.52741735,-0.9,0.72,0.547322,8.5,6.45,,0.46,0.916667,0.901792,0.900536,0.920667,0.946482,0.869467,756.8414,0.887556,0.0
2026-01-07T13:00:00Z,25862.7754,7939.405831,1.52680881,-0.85,0.72,0.543349,8.3,6.01,,0.42,0.416667,0.901568,0.900297,0.925707,0.949282,0.866964,756.6673,0.894276,0.0
2026-01-07T14:00:00Z,25718.1707,7858.475505,1.51124529,-0.45,0.72,0.540852,8.1,5.46,,0.4,0.305556,0.895843,0.894177,0.930927,0.952182,0.857933,752.2162,0.901236,0.0
2026-01-07T15:00:00Z,25432.6151,7698.659808,1.4805115,0.13,0.72,0.54,7.9,5.05,,0.36,0.861111,0.884539,0.882094,0.935722,0.954845,0.842549,743.4263,0.907629,0.0
2026-01-07T16:00:00Z,25035.0768,7476.171204,1.43772523,0.64,0.72,0.540852,7.7,4.6,,0.34,1.0,0.868802,0.865271,0.940124,0.957291,0.822142,731.1894,0.913498,0.0
2026-01-07T17:00:00Z,24590.6379,7227.433922,1.38989114,0.99,1.08,0.543349,7.6,3.91,,0.3,0.861111,0.851209,0.846465,0.947209,0.961227,0.798366,717.5089,0.922945,0.0
2026-01-07T18:00:00Z,24026.322,6911.605591,1.32915492,1.11,1.08,0.547322,7.5,3.87,,0.28,0.527778,0.82887,0.822585,0.948256,0.961809,0.77171,700.1383,0.924342,0.0
2026-01-07T19:00:00Z,23426.512,6575.912416,1.26459854,0.96,1.08,0.5525,7.4,4.12,,0.28,0.111111,0.805126,0.797203,0.946211,0.960673,0.744781,681.6752,0.921615,0.0
2026-01-07T20:00:00Z,22841.2716,6248.373367,1.20161026,0.53,1.08,0.55853,7.3,4.72,,0.26,0.444444,0.781958,0.772438,0.942022,0.958345,0.719481,663.6605,0.916029,0.0
2026-01-07T21:00:00Z,22340.8866,5968.324956,1.1477548,-0.05,1.08,0.565,7.3,5.2,,0.26,0.861111,0.76215,0.751264,0.938095,0.956164,0.698003,648.2579,0.910793,0.0
2026-01-07T22:00:00Z,21966.8588,5758.994379,1.10749892,-0.62,0.72,0.57147,6.9,5.42,,0.28,1.083333,0.747344,0.735436,0.935575,0.954764,0.681764,636.7447,0.907433,0.0
2026-01-07T23:00:00Z,21724.7444,5623.491255,1.08144063,-1.02,0.72,0.5775,6.6,5.69,,0.28,1.0,0.737759,0.725191,0.933365,0.953536,0.671509,629.292,0.904487,0.0
2026-01-08T00:00:00Z,21617.0946,5563.243329,1.06985449,-1.18,0.43,0.582678,6.5,6.02,,0.3,0.722222,0.733498,0.720635,0.929945,0.951636,0.668033,625.9784,0.899927,0.0
2026-01-08T01:00:00Z,21663.8722,5589.423159,1.07488907,-1.04,0.43,0.586651,6.5,6.22,,0.34,0.472222,0.735349,0.722615,0.926869,0.949927,0.671571,627.4183,0.895825,0.0
2026-01-08T02:00:00Z,21843.548,5689.981536,1.09422722,-0.54,0.43,0.589148,6.6,6.53,,0.38,0.722222,0.742462,0.730218,0.922893,0.947718,0.681678,632.949,0.890524,0.0
2026-01-08T03:00:00Z,22158.9507,5866.501658,1.1281734,0.21,0.43,0.59,6.7,6.73,,0.42,1.222222,0.754948,0.743565,0.919816,0.946009,0.697683,642.6576,0.886422,0.0
2026-01-08T04:00:00Z,22602.9691,6115.003605,1.17596223,0.94,0.43,0.589148,6.8,6.77,,0.42,1.555556,0.772525,0.762354,0.919489,0.945827,0.718436,656.3252,0.885985,0.0
2026-01-08T05:00:00Z,23139.8799,6415.494237,1.23374889,1.5,0.43,0.586651,7.0,6.61,,0.42,1.444444,0.793779,0.785074,0.920798,0.946555,0.742773,672.8522,0.887731,0.0
2026-01-08T06:00:00Z,23710.2798,6734.727572,1.29513992,1.81,0.43,0.582678,7.2,6.51,,0.42,1.055556,0.816359,0.809211,0.921616,0.947009,0.768882,690.41,0.888822,0.0
2026-01-08T07:00:00Z,24267.6643,7046.676644,1.35513012,1.82,0.72,0.5775,7.3,6.54,,0.42,0.555556,0.838423,0.832798,0.921371,0.946873,0.79486,707.5672,0.888495,0.0
2026-01-08T08:00:00Z,24765.0289,7325.034612,1.4086605,1.5,0.72,0.57147,7.4,6.7,,0.44,0.083333,0.858112,0.853844,0.919342,0.945745,0.818846,722.8769,0.885789,0.0
2026-01-08T09:00:00Z,25201.0845,7569.080009,1.45559231,0.9,0.72,0.565,7.3,6.8,,0.44,0.666667,0.875374,0.872296,0.918524,0.945291,0.839447,736.2994,0.884698,0.0
2026-01-08T10:00:00Z,25598.8742,7791.709355,1.49840565,0.21,0.72,0.55853,7.1,6.34,,0.44,1.083333,0.891121,0.889129,0.922287,0.947382,0.856236,748.544,0.889716,0.0
2026-01-08T11:00:00Z,25854.337,7934.683107,1.5259006,-0.4,0.72,0.5525,6.8,6.08,,0.42,1.25,0.901234,0.899939,0.925135,0.948964,0.866827,756.4076,0.893513,0.0
2026-01-08T12:00:00Z,25964.7672,7996.487138,1.53778599,-0.83,0.72,0.547322,6.8,5.78,,0.42,1.111111,0.905605,0.904612,0.927589,0.950327,0.870862,759.8068,0.896785,0.0
2026-01-08T13:00:00Z,25930.5846,7977.356296,1.53410698,-1.0,0.72,0.543349,6.7,5.51,,0.4,0.805556,0.904252,0.903166,0.930518,0.951955,0.867973,758.7546,0.900691,0.0
2026-01-08T14:00:00Z,25797.1082,7902.654101,1.51974117,-0.85,0.72,0.540852,6.7,4.92,,0.36,0.388889,0.898968,0.897518,0.936785,0.955436,0.858993,754.646,0.909047,0.0
2026-01-08T15:00:00Z,25545.1969,7761.667985,1.49262846,-0.42,0.72,0.54,6.6,4.14,,0.34,0.527778,0.888996,0.886858,0.943887,0.959382,0.844145,746.8917,0.918516,0.0
2026-01-08T16:00:00Z,25184.2328,7559.648721,1.4537786,0.1,0.72,0.540852,6.5,3.33,,0.32,0.916667,0.874707,0.871583,0.951235,0.963464,0.824127,735.7807,0.928313,0.0
2026-01-08T17:00:00Z,24757.4986,7320.82017,1.40785003,0.52,1.08,0.543349,6.5,2.42,,0.28,0.944444,0.857814,0.853525,0.96012,0.9684,0.800372,722.6451,0.94016,0.0
2026-01-08T18:00:00Z,24276.1263,7051.412507,1.35604087,0.78,1.08,0.547322,6.4,1.5,,0.26,0.694444,0.838758,0.833156,0.968367,0.972982,0.774366,707.8277,0.951156,0.0
2026-01-08T19:00:00Z,23769.6872,6767.975855,1.30153382,0.84,1.08,0.5525,6.3,0.74,,0.24,0.361111,0.81871,0.811725,0.975305,0.976836,0.747778,692.2387,0.960407,0.0
2026-01-08T20:00:00Z,23283.7666,6496.02271,1.24923514,0.65,1.08,0.55853,6.2,0.11,,0.22,0.083333,0.799475,0.791163,0.98118,0.9801,0.722615,677.2812,0.96824,0.0
2026-01-08T21:00:00Z,22769.9595,6208.462414,1.19393508,0.23,1.08,0.565,6.1,0.6,,0.2,0.5,0.779135,0.76942,0.977891,0.978273,0.70023,661.4654,0.963855,0.0
2026-01-08T22:00:00Z,22348.2771,5972.461169,1.14855022,-0.31,0.72,0.57147,6.5,1.27,,0.2,0.861111,0.762442,0.751576,0.972409,0.975227,0.683095,648.4854,0.956545,0.0
2026-01-08T23:00:00Z,22016.8038,5786.946895,1.1128744,-0.78,0.72,0.5775,6.6,2.56,,0.18,0.972222,0.749321,0.73755,0.962575,0.969764,0.672082,638.2821,0.943433,0.0
2026-01-09T00:00:00Z,21883.6176,5712.407105,1.09853983,-1.06,0.43,0.582678,6.7,3.23,,0.18,0.833333,0.744048,0.731914,0.957093,0.966718,0.668337,634.1824,0.936124,0.0
2026-01-09T01:00:00Z,21952.538,5750.979532,1.1059576,-1.1,0.43,0.586651,6.9,3.38,,0.16,0.527778,0.746777,0.73483,0.956585,0.966436,0.671761,636.3039,0.935447,0.0
2026-01-09T02:00:00Z,22149.3328,5861.118832,1.12713824,-0.87,0.43,0.589148,7.0,3.69,,0.16,0.25,0.754567,0.743158,0.954049,0.965027,0.682022,642.3615,0.932065,0.0
2026-01-09T03:00:00Z,22489.2136,6051.338532,1.16371895,-0.36,0.43,0.59,7.1,3.92,,0.14,0.611111,0.768022,0.75754,0.952887,0.964382,0.698313,652.8236,0.930516,0.0
2026-01-09T04:00:00Z,22923.9766,6294.66052,1.21051164,0.3,0.43,0.589148,7.3,4.21,,0.14,1.055556,0.785232,0.775938,0.950515,0.963064,0.719545,666.2063,0.927353,0.0
2026-01-09T05:00:00Z,23470.3268,6600.434068,1.26931424,0.87,0.43,0.586651,7.5,4.11,,0.14,1.166667,0.80686,0.799057,0.951333,0.963518,0.744539,683.0239,0.928444,0.0
2026-01-09T06:00:00Z,24011.688,6903.415464,1.3275799,1.25,0.43,0.582678,7.9,4.45,,0.14,0.916667,0.82829,0.821966,0.948551,0.961973,0.7709,699.6879,0.924735,0.0
2026-01-09T07:00:00Z,24474.8296,7162.619956,1.37742691,1.41,0.72,0.5775,8.4,5.3,,0.2,0.583333,0.846624,0.841564,0.939436,0.956909,0.796446,713.9441,0.912582,0.0
2026-01-09T08:00:00Z,24887.5999,7393.633397,1.42185258,1.3,0.72,0.57147,8.7,6.23,,0.24,0.361111,0.862964,0.859031,0.930387,0.951882,0.819625,726.6498,0.900516,0.0
2026-01-09T09:00:00Z,25210.0563,7574.101226,1.45655793,0.91,0.72,0.565,9.0,7.16,,0.3,0.666667,0.875729,0.872676,0.920618,0.946455,0.838933,736.5756,0.887491,0.0
2026-01-09T10:00:00Z,25401.5306,7681.262863,1.47716594,0.32,0.72,0.55853,9.4,8.19,,0.38,1.111111,0.883309,0.880778,0.909311,0.940173,0.852845,742.4695,0.872415,0.0
2026-01-09T11:00:00Z,25520.7159,7747.966822,1.48999362,-0.3,0.72,0.5525,9.5,8.66,,0.48,1.361111,0.888027,0.885822,0.901865,0.936036,0.861685,746.1382,0.862487,0.0
2026-01-09T12:00:00Z,25586.9902,7785.058275,1.49712659,-0.76,0.72,0.547322,9.6,8.46,,0.56,1.361111,0.89065,0.888626,0.900622,0.935345,0.865314,748.1782,0.860829,0.0
2026-01-09T13:00:00Z,25530.9627,7753.701559,1.49109645,-1.03,0.72,0.543349,9.6,8.45,,0.52,1.166667,0.888433,0.886255,0.902144,0.936191,0.862037,746.4536,0.862858,0.0
2026-01-09T14:00:00Z,25310.7229,7630.440868,1.46739247,-1.07,0.72,0.540852,9.6,8.58,,0.5,0.75,0.879714,0.876936,0.9018,0.936,0.851968,739.6742,0.8624,0.0
2026-01-09T15:00:00Z,25034.093,7475.620579,1.43761934,-0.84,0.72,0.54,9.7,8.18,,0.46,0.305556,0.868763,0.86523,0.906513,0.938618,0.837035,731.1591,0.868684,0.0
2026-01-09T16:00:00Z,24683.3149,7279.302089,1.39986579,-0.4,0.72,0.540852,9.8,7.43,,0.44,0.25,0.854877,0.850386,0.913369,0.942427,0.817708,720.3616,0.877825,0.0
2026-01-09T17:00:00Z,24235.6894,7028.781372,1.35168873,0.06,1.08,0.543349,9.9,6.9,,0.4,0.5,0.837158,0.831444,0.919145,0.945636,0.794365,706.583,0.885527,0.0
2026-01-09T18:00:00Z,23721.0627,6740.762403,1.29630046,0.4,1.08,0.547322,9.9,6.53,,0.38,0.527778,0.816786,0.809667,0.922893,0.947718,0.768816,690.7419,0.890524,0.0
2026-01-09T19:00:00Z,23166.0709,6430.152431,1.23656778,0.59,1.08,0.5525,9.8,6.53,,0.36,0.388889,0.794816,0.786182,0.923613,0.948118,0.742738,673.6584,0.891484,0.0
2026-01-09T20:00:00Z,22624.2294,6126.90228,1.17825044,0.62,1.08,0.55853,9.7,6.73,,0.36,0.388889,0.773366,0.763254,0.921976,0.947209,0.718317,656.9796,0.889302,0.0
2026-01-09T21:00:00Z,22190.319,5884.057399,1.1315495,0.44,1.08,0.565,9.6,6.63,,0.34,0.638889,0.756189,0.744892,0.923515,0.948064,0.697495,643.6232,0.891353,0.0
2026-01-09T22:00:00Z,21868.2535,5703.808362,1.09688622,0.06,0.72,0.57147,9.5,6.37,,0.34,0.916667,0.74344,0.731264,0.925642,0.949245,0.681602,633.7095,0.894189,0.0
2026-01-09T23:00:00Z,21679.1433,5597.969859,1.07653267,-0.38,0.72,0.5775,9.4,6.04,,0.34,1.138889,0.735954,0.723261,0.928342,0.950745,0.671626,627.8883,0.897789,0.0
2026-01-10T00:00:00Z,21161.6815,5308.364143,1.02083926,-0.73,0.43,0.582678,9.3,6.61,,0.34,1.194444,0.71547,0.701364,0.923678,0.948155,0.649682,611.96,0.891571,0.0
2026-01-10T01:00:00Z,21197.6038,5328.468664,1.02470551,-0.9,0.43,0.586651,9.0,7.04,,0.34,0.944444,0.716892,0.702884,0.92016,0.9462,0.652913,613.0658,0.88688,0.0
2026-01-10T02:00:00Z,21433.3413,5460.402855,1.05007747,-0.85,0.43,0.589148,8.7,6.76,,0.32,0.611111,0.726224,0.71286,0.923171,0.947873,0.662516,620.3222,0.890895,0.0
2026-01-10T03:00:00Z,21787.201,5658.446064,1.0881627,-0.57,0.43,0.59,8.8,6.49,,0.32,0.166667,0.740232,0.727834,0.92538,0.9491,0.677957,631.2145,0.89384,0.0
2026-01-10T04:00:00Z,22230.7406,5906.680036,1.13590001,-0.08,0.43,0.589148,9.1,6.36,,0.32,0.361111,0.75779,0.746603,0.926444,0.949691,0.69807,644.8674,0.895258,0.0
2026-01-10T05:00:00Z,22749.5022,6197.01317,1.1917333,0.48,0.43,0.586651,9.6,6.26,,0.3,0.694444,0.778325,0.768555,0.927982,0.950545,0.721462,660.8357,0.897309,0.0
2026-01-10T06:00:00Z,23327.0344,6520.238188,1.25389196,0.93,0.43,0.582678,9.9,5.89,,0.3,0.805556,0.801188,0.792994,0.931009,0.952227,0.746921,678.6131,0.901345,0.0
2026-01-10T07:00:00Z,23919.0571,6851.573072,1.31761021,1.21,0.72,0.5775,9.9,5.35,,0.32,0.666667,0.824623,0.818046,0.934707,0.954282,0.772754,696.8365,0.906276,0.0
2026-01-10T08:00:00Z,24445.9414,7146.452242,1.37431774,1.32,0.72,0.57147,9.7,5.11,,0.34,0.416667,0.845481,0.840342,0.935951,0.954973,0.796654,713.0549,0.907935,0.0
2026-01-10T09:00:00Z,24837.9286,7365.834094,1.41650656,1.2,0.72,0.565,9.6,5.45,,0.36,0.166667,0.860998,0.856929,0.932449,0.953027,0.816403,725.1209,0.903265,0.0
2026-01-10T10:00:00Z,25214.9177,7576.822003,1.45708115,0.85,0.72,0.55853,9.8,5.01,,0.38,0.361111,0.875922,0.872882,0.935329,0.954627,0.83262,736.7252,0.907105,0.0
2026-01-10T11:00:00Z,25367.0875,7661.986249,1.47345889,0.36,0.72,0.5525,9.7,5.39,,0.42,0.694444,0.881945,0.879321,0.93078,0.9521,0.841704,741.4092,0.90104,0.0
2026-01-10T12:00:00Z,25275.4621,7610.706608,1.46359742,-0.11,0.72,0.547322,9.4,6.73,,0.44,0.861111,0.878318,0.875444,0.919096,0.945609,0.842644,738.5889,0.885462,0.0
2026-01-10T13:00:00Z,24982.2932,7446.630014,1.43204423,-0.45,0.72,0.543349,8.8,8.59,,0.46,0.722222,0.866713,0.863038,0.903158,0.936755,0.836122,729.5647,0.864211,0.0
2026-01-10T14:00:00Z,24629.7597,7249.329054,1.39410174,-0.6,0.72,0.540852,8.0,9.77,,0.5,0.444444,0.852757,0.84812,0.892064,0.930591,0.824691,718.7131,0.849418,0.0
2026-01-10T15:00:00Z,24236.6898,7029.341272,1.3517964,-0.54,0.72,0.54,7.4,10.36,,0.52,0.194444,0.837197,0.831487,0.886516,0.927509,0.808914,706.6138,0.842022,0.0
2026-01-10T16:00:00Z,23797.4235,6783.498891,1.30451902,-0.27,0.72,0.540852,6.8,10.52,,0.54,0.444444,0.819808,0.812899,0.884487,0.926382,0.789429,693.0924,0.839316,0.0
2026-01-10T17:00:00Z,23357.7602,6537.434365,1.25719892,0.16,1.08,0.543349,6.3,10.04,,0.56,0.805556,0.802404,0.794294,0.887695,0.928164,0.767598,679.5589,0.843593,0.0
2026-01-10T18:00:00Z,22926.2795,6295.949388,1.2107595,0.56,1.08,0.547322,6.0,9.08,,0.58,1.0,0.785323,0.776035,0.894829,0.932127,0.744401,666.2772,0.853105,0.0
2026-01-10T19:00:00Z,22433.2131,6019.996984,1.15769173,0.83,1.08,0.5525,5.7,8.75,,0.58,0.888889,0.765805,0.755171,0.897529,0.933627,0.720317,651.0998,0.856705,0.0
2026-01-10T20:00:00Z,21991.2046,5772.619889,1.11011921,0.97,1.08,0.55853,5.5,8.28,,0.56,0.638889,0.748307,0.736466,0.902095,0.936164,0.697774,637.4941,0.862793,0.0
2026-01-10T21:00:00Z,21582.429,5543.842186,1.0661235,0.97,1.08,0.565,5.4,8.12,,0.56,0.305556,0.732125,0.719169,0.903404,0.936891,0.678221,624.9113,0.864538,0.0
2026-01-10T22:00:00Z,21294.5744,5382.739756,1.03514226,0.77,0.72,0.57147,5.5,7.74,,0.54,0.111111,0.72073,0.706988,0.907233,0.939018,0.663159,616.0507,0.869644,0.0
2026-01-10T23:00:00Z,21088.8738,5267.61616,1.01300311,0.39,0.72,0.5775,5.3,7.75,,0.54,0.5,0.712587,0.698283,0.907151,0.938973,0.653649,609.7189,0.869535,0.0
2026-01-11T00:00:00Z,20990.0963,5212.333776,1.00237188,-0.04,0.43,0.582678,5.0,8.17,,0.52,0.777778,0.708677,0.694103,0.904435,0.937464,0.650271,606.6784,0.865913,0.0
2026-01-11T01:00:00Z,21021.4774,5229.896723,1.00574937,-0.36,0.43,0.586651,4.8,8.64,,0.52,0.777778,0.70992,0.695431,0.900589,0.935327,0.653437,607.6443,0.860785,0.0
2026-01-11T02:00:00Z,21233.2007,5348.391009,1.02853673,-0.51,0.43,0.589148,4.7,8.54,,0.52,0.638889,0.718301,0.704391,0.901407,0.935782,0.6629,614.1615,0.861876,0.0
2026-01-11T03:00:00Z,21577.6969,5541.193777,1.06561419,-0.49,0.43,0.59,4.7,8.3,,0.52,0.388889,0.731938,0.718968,0.903371,0.936873,0.678015,624.7657,0.864495,0.0
2026-01-11T04:00:00Z,21996.8117,5775.758001,1.11072269,-0.27,0.43,0.589148,4.9,8.28,,0.54,0.194444,0.748529,0.736704,0.902815,0.936564,0.697714,637.6667,0.863753,0.0
2026-01-11T05:00:00Z,22484.2048,6048.535254,1.16317986,0.12,0.43,0.586651,5.2,8.27,,0.56,0.472222,0.767823,0.757328,0.902176,0.936209,0.720619,652.6694,0.862902,0.0
2026-01-11T06:00:00Z,23011.0641,6343.400401,1.21988469,0.52,0.43,0.582678,5.5,8.22,,0.58,0.75,0.78868,0.779623,0.901865,0.936036,0.745209,668.887,0.862487,0.0
2026-01-11T07:00:00Z,23537.2926,6637.912554,1.27652165,0.78,0.72,0.5775,5.7,8.3,,0.56,0.694444,0.809511,0.801891,0.901931,0.936073,0.769603,685.0852,0.862575,0.0
2026-01-11T08:00:00Z,24014.223,6904.834166,1.32785272,0.89,0.72,0.57147,5.8,8.44,,0.56,0.5,0.828391,0.822073,0.900785,0.935436,0.792247,699.7659,0.861047,0.0
2026-01-11T09:00:00Z,24424.2297,7134.300909,1.37198094,0.88,0.72,0.565,5.6,8.61,,0.54,0.25,0.844621,0.839423,0.900115,0.935064,0.811574,712.3866,0.860153,0.0
2026-01-11T10:00:00Z,24775.337,7330.803688,1.40976994,0.69,0.72,0.55853,5.2,8.43,,0.52,0.166667,0.85852,0.85428,0.902307,0.936282,0.826895,723.1942,0.863076,0.0
2026-01-11T11:00:00Z,25112.7761,7519.656828,1.44608785,0.31,0.72,0.5525,4.7,7.4,,0.48,0.555556,0.871878,0.868559,0.912175,0.941764,0.83817,733.5811,0.876233,0.0
2026-01-11T12:00:00Z,25335.664,7644.399587,1.47007684,-0.16,0.72,0.547322,4.5,6.15,,0.46,0.861111,0.880701,0.877991,0.923122,0.947845,0.843649,740.442,0.890829,0.0
2026-01-11T13:00:00Z,25388.7865,7674.130398,1.47579431,-0.57,0.72,0.543349,4.4,5.14,,0.44,0.916667,0.882804,0.880239,0.932105,0.952836,0.842122,742.0772,0.902807,0.0
2026-01-11T14:00:00Z,25222.6097,7581.126925,1.45790902,-0.84,0.72,0.540852,4.4,4.88,,0.4,0.805556,0.876226,0.873207,0.935673,0.954818,0.832824,736.962,0.907564,0.0
2026-01-11T15:00:00Z,24925.4472,7414.815258,1.42592601,-0.94,0.72,0.54,4.4,4.6,,0.38,0.611111,0.864463,0.860632,0.938684,0.956491,0.817694,727.8148,0.911578,0.0
2026-01-11T16:00:00Z,24571.669,7216.81768,1.38784955,-0.88,0.72,0.540852,4.4,3.94,,0.34,0.305556,0.850458,0.845662,0.945524,0.960291,0.798235,716.925,0.920698,0.0
2026-01-11T17:00:00Z,24126.448,6967.642704,1.33993129,-0.63,1.08,0.543349,4.4,3.34,,0.32,0.111111,0.832833,0.826822,0.951153,0.963418,0.77507,703.2203,0.928204,0.0
2026-01-11T18:00:00Z,23655.5745,6704.110863,1.28925209,-0.25,1.08,0.547322,4.5,2.62,,0.28,0.361111,0.814193,0.806896,0.958484,0.967491,0.749958,688.7261,0.937978,0.0
2026-01-11T19:00:00Z,23074.2507,6378.763816,1.22668535,0.1,1.08,0.5525,4.7,2.93,,0.26,0.5,0.791181,0.782297,0.956667,0.966482,0.723785,670.832,0.935556,0.0
2026-01-11T20:00:00Z,22455.9225,6032.706616,1.16013589,0.36,1.08,0.55853,5.0,4.1,,0.24,0.472222,0.766704,0.756131,0.947815,0.961564,0.699022,651.7989,0.923753,0.0
2026-01-11T21:00:00Z,21902.7079,5723.091318,1.10059448,0.55,1.08,0.565,5.3,5.46,,0.22,0.361111,0.744804,0.732722,0.937407,0.955782,0.677972,634.77,0.909876,0.0
2026-01-11T22:00:00Z,21473.7023,5482.991523,1.05442145,0.61,0.72,0.57147,6.5,6.4,,0.28,0.25,0.727821,0.714568,0.927556,0.950309,0.66244,621.5645,0.896742,0.0
2026-01-11T23:00:00Z,21134.687,5293.25626,1.0179339,0.48,0.72,0.5775,6.8,7.75,,0.36,0.361111,0.714401,0.700222,0.913631,0.942573,0.652895,611.1291,0.878175,0.0
2026-01-12T00:00:00Z,21385.0976,5433.402505,1.0448851,0.2,0.43,0.582678,7.2,8.4,,0.42,0.611111,0.724314,0.710818,0.906153,0.938418,0.66784,618.8371,0.868204,0.0
2026-01-12T01:00:00Z,21427.1705,5456.949308,1.04941333,-0.14,0.43,0.586651,7.6,8.76,,0.42,0.805556,0.725979,0.712599,0.903207,0.936782,0.671102,620.1322,0.864276,0.0
2026-01-12T02:00:00Z,21603.8613,5555.837065,1.0684302,-0.39,0.43,0.589148,8.0,9.17,,0.42,0.861111,0.732974,0.720075,0.899853,0.934918,0.680793,625.571,0.859804,0.0
2026-01-12T03:00:00Z,21968.9487,5760.164027,1.10772385,-0.53,0.43,0.59,8.5,8.85,,0.42,0.694444,0.747426,0.735525,0.902471,0.936373,0.696574,636.809,0.863295,0.0
2026-01-12T04:00:00Z,22495.733,6054.987212,1.16442062,-0.54,0.43,0.589148,8.9,7.98,,0.4,0.555556,0.76828,0.757816,0.910309,0.940727,0.717539,653.0243,0.873745,0.0
2026-01-12T05:00:00Z,23119.074,6403.849877,1.23150959,-0.42,0.43,0.586651,9.4,7.01,,0.36,0.305556,0.792955,0.784194,0.919685,0.945936,0.742302,672.2117,0.886247,0.0
2026-01-12T06:00:00Z,23778.0582,6772.660795,1.30243477,-0.16,0.43,0.582678,9.9,6.1,,0.34,0.111111,0.819042,0.812079,0.927851,0.950473,0.769257,692.4963,0.897135,0.0
2026-01-12T07:00:00Z,24417.0598,7130.288163,1.37120926,0.1,0.72,0.5775,10.2,5.4,,0.34,0.277778,0.844337,0.839119,0.933578,0.953655,0.796369,712.1658,0.904771,0.0
2026-01-12T08:00:00Z,24952.5233,7429.968826,1.42884016,0.27,0.72,0.57147,10.5,5.4,,0.32,0.277778,0.865534,0.861778,0.934298,0.954055,0.8209,728.6483,0.905731,0.0
2026-01-12T09:00:00Z,25354.4735,7654.926626,1.47210127,0.36,0.72,0.565,10.7,5.85,,0.32,0.25,0.881446,0.878787,0.930616,0.952009,0.841192,741.021,0.900822,0.0
2026-01-12T10:00:00Z,25678.702,7836.386206,1.50699735,0.38,0.72,0.55853,11.1,5.98,,0.34,0.333333,0.894281,0.892507,0.928833,0.951018,0.857032,751.0012,0.898444,0.0
2026-01-12T11:00:00Z,25890.5018,7954.923355,1.52979295,0.25,0.72,0.5525,11.2,6.03,,0.34,0.472222,0.902665,0.90147,0.928424,0.950791,0.867044,757.5208,0.897898,0.0
2026-01-12T12:00:00Z,25955.9817,7991.570188,1.53684042,-0.04,0.72,0.547322,11.3,6.04,,0.36,0.722222,0.905257,0.904241,0.927622,0.950345,0.870439,759.5364,0.896829,0.0
2026-01-12T13:00:00Z,25872.118,7944.634562,1.52781434,-0.43,0.72,0.543349,11.4,6.12,,0.36,0.916667,0.901938,0.900692,0.926967,0.949982,0.866838,756.9549,0.895956,0.0
2026-01-12T14:00:00Z,25604.8094,7795.031054,1.49904443,-0.77,0.72,0.540852,11.4,6.54,,0.36,0.944444,0.891356,0.88938,0.923531,0.948073,0.855959,748.7267,0.891375,0.0
2026-01-12T15:00:00Z,25218.4493,7578.798494,1.45746125,-0.96,0.72,0.54,11.3,6.9,,0.36,0.805556,0.876061,0.873031,0.920585,0.946436,0.839337,736.8339,0.887447,0.0
2026-01-12T16:00:00Z,24704.583,7291.205075,1.40215482,-1.02,0.72,0.540852,11.1,7.49,,0.36,0.611111,0.855719,0.851286,0.915758,0.943755,0.817633,721.0163,0.881011,0.0
2026-01-12T17:00:00Z,24172.5457,6993.441971,1.34489269,-0.91,1.08,0.543349,10.8,7.55,,0.38,0.305556,0.834658,0.828772,0.914547,0.943082,0.793479,704.6393,0.879396,0.0
2026-01-12T18:00:00Z,23606.0449,6676.390874,1.28392132,-0.61,1.08,0.547322,10.4,7.65,,0.38,0.111111,0.812233,0.8048,0.913729,0.942627,0.76755,687.2015,0.878305,0.0
2026-01-12T19:00:00Z,23074.7696,6379.05424,1.2267412,-0.19,1.08,0.5525,10.1,7.4,,0.38,0.5,0.791201,0.782319,0.915775,0.943764,0.741984,670.848,0.881033,0.0
2026-01-12T20:00:00Z,22601.5673,6114.219077,1.17581136,0.2,1.08,0.55853,9.8,6.91,,0.38,0.722222,0.772469,0.762295,0.919784,0.945991,0.71824,656.282,0.886378,0.0
2026-01-12T21:00:00Z,22171.9461,5873.774751,1.12957207,0.53,1.08,0.565,9.5,6.71,,0.38,0.722222,0.755462,0.744115,0.92142,0.9469,0.697574,643.0576,0.88856,0.0
2026-01-12T22:00:00Z,21904.6616,5724.184738,1.10080476,0.8,0.72,0.57147,9.2,5.95,,0.34,0.583333,0.744881,0.732804,0.929078,0.951155,0.681765,634.8302,0.898771,0.0
2026-01-12T23:00:00Z,21732.1679,5627.645901,1.0822396,0.95,0.72,0.5775,8.8,5.54,,0.3,0.388889,0.738053,0.725505,0.933873,0.953818,0.671628,629.5205,0.905164,0.0
2026-01-13T00:00:00Z,21718.567,5620.033961,1.08077576,0.89,0.43,0.582678,8.5,4.94,,0.26,0.083333,0.737515,0.724929,0.940222,0.957345,0.668175,629.1019,0.913629,0.0
2026-01-13T01:00:00Z,21828.6726,5681.656298,1.09262621,0.66,0.43,0.586651,8.2,4.59,,0.24,0.277778,0.741873,0.729589,0.943805,0.959336,0.671693,632.4911,0.918407,0.0
2026-01-13T02:00:00Z,22111.4077,5839.893441,1.12305643,0.36,0.43,0.589148,8.1,3.94,,0.22,0.472222,0.753066,0.741553,0.949844,0.962691,0.682131,641.1941,0.926458,0.0
2026-01-13T03:00:00Z,22516.3247,6066.511708,1.16663687,0.11,0.43,0.59,8.0,3.43,,0.2,0.583333,0.769095,0.758687,0.954736,0.965409,0.698749,653.6581,0.932982,0.0
2026-01-13T04:00:00Z,23027.241,6352.454084,1.22162579,-0.05,0.43,0.589148,8.0,2.98,,0.18,0.527778,0.78932,0.780308,0.959138,0.967855,0.720505,669.385,0.938851,0.0
2026-01-13T05:00:00Z,23618.9055,6683.588495,1.28530548,-0.12,0.43,0.586651,8.0,2.53,,0.16,0.416667,0.812742,0.805344,0.96354,0.9703,0.746009,687.5974,0.94472,0.0
2026-01-13T06:00:00Z,24279.7206,7053.424117,1.35642771,-0.03,0.43,0.582678,8.1,1.84,,0.14,0.222222,0.838901,0.833308,0.969905,0.973836,0.773849,707.9383,0.953207,0.0
2026-01-13T07:00:00Z,24935.9133,7420.672777,1.42705246,0.2,0.72,0.5775,8.3,1.26,,0.12,0.277778,0.864877,0.861075,0.975371,0.976873,0.801875,728.137,0.960495,0.0
2026-01-13T08:00:00Z,25478.3472,7724.25448,1.48543355,0.43,0.72,0.57147,8.6,1.39,,0.1,0.5,0.88635,0.884029,0.975027,0.976682,0.827202,744.834,0.960036,0.0
2026-01-13T09:00:00Z,25852.2644,7933.523194,1.52567754,0.61,0.72,0.565,8.8,2.3,,0.08,0.555556,0.901152,0.899852,0.968302,0.972945,0.847546,756.3438,0.951069,0.0
2026-01-13T10:00:00Z,26054.1,8046.483668,1.54740071,0.76,0.72,0.55853,9.9,3.63,,0.08,0.5,0.909142,0.908393,0.95742,0.9669,0.861749,762.5566,0.93656,0.0
2026-01-13T11:00:00Z,26147.2725,8098.629113,1.55742868,0.83,0.72,0.5525,9.9,4.65,,0.1,0.416667,0.91283,0.912335,0.948355,0.961864,0.870103,765.4246,0.924473,0.0
2026-01-13T12:00:00Z,26150.1718,8100.251744,1.55774072,0.74,0.72,0.547322,10.1,5.25,,0.1,0.222222,0.912945,0.912458,0.943445,0.959136,0.872419,765.5138,0.917927,0.0
2026-01-13T13:00:00Z,26002.9143,8017.836791,1.54189169,0.44,0.72,0.543349,10.2,5.66,,0.16,0.166667,0.907115,0.906227,0.937931,0.956073,0.868036,760.981,0.910575,0.0
2026-01-13T14:00:00Z,25697.9912,7847.181728,1.50907341,0.05,0.72,0.540852,10.4,6.13,,0.24,0.444444,0.895045,0.893323,0.931205,0.952336,0.856873,751.595,0.901607,0.0
2026-01-13T15:00:00Z,25259.8354,7601.960883,1.46191555,-0.31,0.72,0.54,10.7,6.73,,0.3,0.555556,0.8777,0.874782,0.924136,0.948409,0.839679,738.1078,0.892182,0.0
2026-01-13T16:00:00Z,24815.1207,7353.069275,1.41405178,-0.56,0.72,0.540852,10.8,6.69,,0.3,0.555556,0.860095,0.855964,0.924464,0.948591,0.818894,724.4188,0.892618,0.0
2026-01-13T17:00:00Z,24249.6616,7036.601155,1.35319253,-0.7,1.08,0.543349,10.9,7.02,,0.32,0.444444,0.837711,0.832036,0.921044,0.946691,0.79417,707.0131,0.888058,0.0
2026-01-13T18:00:00Z,23643.7852,6697.512782,1.28798323,-0.69,1.08,0.547322,11.0,7.47,,0.32,0.305556,0.813727,0.806397,0.917362,0.944645,0.767687,688.3632,0.883149,0.0
2026-01-13T19:00:00Z,23056.6563,6368.916798,1.22479169,-0.47,1.08,0.5525,11.0,7.71,,0.34,0.055556,0.790484,0.781552,0.914678,0.943155,0.74163,670.2904,0.879571,0.0
2026-01-13T20:00:00Z,22509.2835,6062.570983,1.16587904,-0.14,1.08,0.55853,11.0,7.96,,0.36,0.361111,0.768816,0.75839,0.911913,0.941618,0.717455,653.4414,0.875884,0.0
2026-01-13T21:00:00Z,22041.9919,5801.043824,1.11558535,0.2,1.08,0.565,11.0,8.16,,0.38,0.527778,0.750318,0.738616,0.909556,0.940309,0.696815,639.0574,0.872742,0.0
2026-01-13T22:00:00Z,21697.6988,5608.354747,1.07852976,0.53,0.72,0.57147,11.2,8.15,,0.4,0.527778,0.736689,0.724046,0.908918,0.939955,0.681119,628.4595,0.871891,0.0
2026-01-13T23:00:00Z,21509.6768,5503.125229,1.05829331,0.82,0.72,0.5775,11.3,7.85,,0.4,0.444444,0.729245,0.71609,0.911373,0.941318,0.671302,622.6719,0.875164,0.0
2026-01-14T00:00:00Z,21435.6233,5461.679999,1.05032308,0.96,0.43,0.582678,11.3,7.8,,0.42,0.333333,0.726314,0.712956,0.911062,0.941145,0.668003,620.3924,0.874749,0.0
2026-01-14T01:00:00Z,21508.6163,5502.531708,1.05817917,0.88,0.43,0.586651,11.4,7.8,,0.42,0.222222,0.729203,0.716045,0.911062,0.941145,0.671391,622.6392,0.874749,0.0
2026-01-14T02:00:00Z,21758.379,5642.315372,1.08506065,0.59,0.43,0.589148,11.6,7.45,,0.4,0.555556,0.739091,0.726614,0.914645,0.943136,0.68139,630.3273,0.879527,0.0
2026-01-14T03:00:00Z,22140.3538,5856.093612,1.12617185,0.23,0.43,0.59,11.8,7.0,,0.4,0.805556,0.754211,0.742778,0.918327,0.945182,0.697482,642.0851,0.884436,0.0
2026-01-14T04:00:00Z,22616.5197,6122.587376,1.17742065,-0.1,0.43,0.589148,12.0,6.75,,0.38,0.888889,0.773061,0.762927,0.921093,0.946718,0.718352,656.7423,0.888124,0.0
2026-01-14T05:00:00Z,23158.2381,6425.768672,1.23572474,-0.37,0.43,0.586651,12.2,6.61,,0.36,0.888889,0.794506,0.785851,0.922958,0.947755,0.742665,673.4173,0.890611,0.0
2026-01-14T06:00:00Z,23709.2529,6734.152826,1.29502939,-0.54,0.43,0.582678,12.4,6.77,,0.34,0.805556,0.816318,0.809168,0.922369,0.947427,0.7685,690.3784,0.889825,0.0
2026-01-14T07:00:00Z,24217.9554,7018.856264,1.34978005,-0.54,0.72,0.5775,12.5,7.19,,0.36,0.5,0.836456,0.830694,0.918213,0.945118,0.793957,706.0371,0.884284,0.0
2026-01-14T08:00:00Z,24676.039,7275.230015,1.3990827,-0.38,0.72,0.57147,12.6,7.62,,0.4,0.277778,0.854589,0.850078,0.913255,0.942364,0.817421,720.1377,0.877673,0.0
2026-01-14T09:00:00Z,25039.3024,7478.536124,1.43818002,-0.18,0.72,0.565,12.6,8.26,,0.42,0.305556,0.86897,0.86545,0.907298,0.939055,0.836928,731.3195,0.869731,0.0
2026-01-14T10:00:00Z,25244.546,7593.403924,1.46026999,0.0,0.72,0.55853,12.6,9.2,,0.48,0.388889,0.877094,0.874135,0.897447,0.933582,0.850831,737.6372,0.856596,0.0
2026-01-14T11:00:00Z,25369.4262,7663.295119,1.4737106,0.19,0.72,0.5525,12.6,9.79,,0.52,0.361111,0.882038,0.87942,0.89118,0.9301,0.859413,741.4812,0.84824,0.0
2026-01-14T12:00:00Z,25370.9878,7664.169118,1.47387868,0.31,0.72,0.547322,12.7,10.18,,0.58,0.361111,0.8821,0.879486,0.885829,0.927127,0.861863,741.5293,0.841105,0.0
2026-01-14T13:00:00Z,25283.836,7615.393199,1.46449869,0.24,0.72,0.543349,12.7,10.25,,0.6,0.416667,0.87865,0.875798,0.884536,0.926409,0.858393,738.8466,0.839382,0.0
2026-01-14T14:00:00Z,25038.2996,7477.974884,1.43807209,-0.03,0.72,0.540852,12.6,10.5,,0.62,0.611111,0.86893,0.865408,0.881771,0.924873,0.848227,731.2886,0.835695,0.0
2026-01-14T15:00:00Z,24676.0887,7275.257815,1.39908804,-0.41,0.72,0.54,12.6,10.71,,0.64,0.777778,0.854591,0.85008,0.879333,0.923518,0.8325,720.1392,0.832444,0.0
2026-01-14T16:00:00Z,24266.3498,7045.940927,1.35498864,-0.75,0.72,0.540852,12.7,10.53,,0.64,0.861111,0.838371,0.832742,0.880805,0.924336,0.812828,707.5268,0.834407,0.0
2026-01-14T17:00:00Z,23803.3562,6786.819258,1.30515755,-1.01,1.08,0.543349,12.7,10.11,,0.66,0.805556,0.820043,0.81315,0.883522,0.925845,0.790133,693.2751,0.838029,0.0
2026-01-14T18:00:00Z,23294.3673,6501.955524,1.25037606,-1.16,1.08,0.547322,12.8,9.81,,0.66,0.666667,0.799894,0.791611,0.885976,0.927209,0.765419,677.6076,0.841302,0.0
2026-01-14T19:00:00Z,22792.054,6220.827941,1.19631307,-1.09,1.08,0.5525,12.9,9.6,,0.6,0.361111,0.78001,0.770355,0.889855,0.929364,0.740383,662.1455,0.846473,0.0
2026-01-14T20:00:00Z,22331.2576,5962.935925,1.14671845,-0.81,1.08,0.55853,12.9,9.24,,0.56,0.111111,0.761769,0.750856,0.89424,0.9318,0.717047,647.9615,0.85232,0.0
2026-01-14T21:00:00Z,21978.8073,5765.681546,1.10878491,-0.39,1.08,0.565,12.8,8.49,,0.5,0.472222,0.747816,0.735942,0.902536,0.936409,0.697002,637.1125,0.863382,0.0
2026-01-14T22:00:00Z,21751.0107,5638.191582,1.08426761,0.05,0.72,0.57147,12.7,7.41,,0.44,0.722222,0.738799,0.726302,0.913533,0.942518,0.681543,630.1005,0.878044,0.0
2026-01-14T23:00:00Z,21670.8715,5593.340397,1.07564238,0.5,0.72,0.5775,12.3,5.95,,0.4,0.777778,0.735627,0.722911,0.926918,0.949955,0.671874,627.6337,0.895891,0.0
2026-01-15T00:00:00Z,21678.1465,5597.411966,1.07642538,0.9,0.43,0.582678,11.8,5.17,,0.34,0.722222,0.735915,0.723219,0.93546,0.9547,0.668416,627.8577,0.90728,0.0
2026-01-15T01:00:00Z,21778.8295,5653.760818,1.0872617,1.11,0.43,0.586651,11.4,4.99,,0.3,0.5,0.7399,0.727479,0.938373,0.956318,0.671794,630.9568,0.911164,0.0
2026-01-15T02:00:00Z,22012.1522,5784.34356,1.11237376,1.05,0.43,0.589148,11.1,4.96,,0.26,0.138889,0.749136,0.737353,0.940058,0.957255,0.681874,638.1389,0.913411,0.0
2026-01-15T03:00:00Z,22401.3825,6002.182457,1.15426586,0.77,0.43,0.59,10.9,4.65,,0.22,0.305556,0.764545,0.753824,0.944035,0.959464,0.698171,650.12,0.918713,0.0
2026-01-15T04:00:00Z,22898.0437,6280.146752,1.20772053,0.41,0.43,0.589148,11.0,4.3,,0.2,0.611111,0.784206,0.77484,0.947618,0.961455,0.719629,665.4081,0.923491,0.0
2026-01-15T05:00:00Z,23464.697,6597.283241,1.26870832,0.05,0.43,0.586651,11.2,3.98,,0.2,0.694444,0.806637,0.798819,0.950236,0.962909,0.744765,682.8506,0.926982,0.0
2026-01-15T06:00:00Z,24108.7343,6957.728942,1.3380248,-0.25,0.43,0.582678,11.5,3.38,,0.18,0.694444,0.832132,0.826072,0.955865,0.966036,0.772153,702.6751,0.934487,0.0
2026-01-15T07:00:00Z,24822.5233,7357.212235,1.41484851,-0.43,0.72,0.5775,11.7,2.19,,0.16,0.611111,0.860388,0.856277,0.966322,0.971845,0.800634,724.6467,0.948429,0.0
2026-01-15T08:00:00Z,25438.3297,7701.858073,1.48112655,-0.41,0.72,0.57147,11.6,1.56,,0.16,0.305556,0.884766,0.882336,0.971476,0.974709,0.826923,743.6022,0.955302,0.0
2026-01-15T09:00:00Z,25744.8921,7873.430562,1.51412126,-0.2,0.72,0.565,12.4,3.04,,0.14,0.166667,0.896901,0.895308,0.960087,0.968382,0.846213,753.0387,0.940116,0.0
2026-01-15T10:00:00Z,25930.9457,7977.558414,1.53414585,0.07,0.72,0.55853,11.2,4.48,,0.14,0.472222,0.904266,0.903181,0.948305,0.961836,0.860085,758.7657,0.924407,0.0
2026-01-15T11:00:00Z,26126.4777,8086.990971,1.55519057,0.36,0.72,0.5525,10.9,4.76,,0.12,0.611111,0.912007,0.911455,0.946735,0.960964,0.869858,764.7845,0.922313,0.0
2026-01-15T12:00:00Z,26166.8339,8109.576995,1.55953404,0.64,0.72,0.547322,10.7,5.05,,0.12,0.583333,0.913604,0.913163,0.944362,0.959645,0.872785,766.0267,0.919149,0.0
2026-01-15T13:00:00Z,26067.107,8053.763231,1.54880062,0.81,0.72,0.543349,10.6,5.19,,0.14,0.416667,0.909656,0.908943,0.942496,0.958609,0.868986,762.957,0.916662,0.0
2026-01-15T14:00:00Z,25850.8212,7932.715477,1.52552221,0.73,0.72,0.540852,10.6,5.03,,0.18,0.166667,0.901095,0.899791,0.942365,0.958536,0.859006,756.2994,0.916487,0.0
2026-01-15T15:00:00Z,25527.5427,7751.787525,1.49072837,0.42,0.72,0.54,10.7,4.73,,0.2,0.25,0.888297,0.886111,0.9441,0.9595,0.843231,746.3483,0.9188,0.0
2026-01-15T16:00:00Z,25113.1529,7519.86769,1.4461284,-0.01,0.72,0.540852,10.7,4.34,,0.2,0.5,0.871893,0.868575,0.947291,0.961273,0.822581,733.5927,0.923055,0.0
2026-01-15T17:00:00Z,24636.0477,7252.848215,1.3947785,-0.39,1.08,0.543349,10.7,3.8,,0.2,0.611111,0.853006,0.848386,0.951709,0.963727,0.798474,718.9067,0.928945,0.0
2026-01-15T18:00:00Z,24112.5854,6959.884238,1.33843928,-0.68,1.08,0.547322,10.8,3.28,,0.2,0.583333,0.832284,0.826235,0.955964,0.966091,0.772288,702.7936,0.934618,0.0
2026-01-15T19:00:00Z,23588.0638,6666.327444,1.28198605,-0.82,1.08,0.5525,10.8,2.72,,0.2,0.444444,0.811521,0.804039,0.960545,0.968636,0.745908,686.648,0.940727,0.0
2026-01-15T20:00:00Z,23082.3777,6383.312186,1.22756004,-0.74,1.08,0.55853,10.8,2.39,,0.18,0.25,0.791503,0.782641,0.963965,0.970536,0.720919,671.0822,0.945287,0.0
2026-01-15T21:00:00Z,22617.8235,6123.31707,1.17756097,-0.4,1.08,0.565,10.8,2.36,,0.18,0.5,0.773113,0.762983,0.964211,0.970673,0.699249,656.7824,0.945615,0.0
2026-01-15T22:00:00Z,22260.0741,5923.096974,1.13905711,0.08,0.72,0.57147,10.9,2.35,,0.18,0.861111,0.758951,0.747844,0.964293,0.970718,0.682609,645.7703,0.945724,0.0
2026-01-15T23:00:00Z,21991.5641,5772.821099,1.1101579,0.59,0.72,0.5775,11.0,2.92,,0.16,1.055556,0.748321,0.736482,0.960349,0.968527,0.6719,637.5052,0.940465,0.0
2026-01-16T00:00:00Z,21882.1439,5711.582345,1.09838122,1.07,0.43,0.582678,11.2,3.31,,0.16,1.055556,0.74399,0.731851,0.957158,0.966755,0.66824,634.137,0.936211,0.0
2026-01-16T01:00:00Z,21964.4155,5757.626965,1.10723595,1.44,0.43,0.586651,11.3,3.24,,0.16,0.861111,0.747247,0.735333,0.957731,0.967073,0.671804,636.6695,0.936975,0.0
2026-01-16T02:00:00Z,22196.3599,5887.438317,1.13219968,1.55,0.43,0.589148,11.4,3.21,,0.14,0.5,0.756429,0.745148,0.958696,0.967609,0.682139,643.8091,0.938262,0.0
2026-01-16T03:00:00Z,22561.8087,6091.967532,1.17153222,1.35,0.43,0.59,11.5,3.11,,0.14,0.0,0.770895,0.760612,0.959515,0.968064,0.698737,655.0582,0.939353,0.0
2026-01-16T04:00:00Z,23064.1545,6373.113322,1.22559872,0.91,0.43,0.589148,11.7,2.71,,0.14,0.444444,0.790781,0.78187,0.962787,0.969882,0.720597,670.5212,0.943716,0.0
2026-01-16T05:00:00Z,23612.2966,6679.889699,1.28459417,0.4,0.43,0.586651,11.9,2.66,,0.14,0.805556,0.81248,0.805065,0.963196,0.970109,0.745855,687.3939,0.944262,0.0
2026-01-16T06:00:00Z,24179.08,6997.099029,1.34559597,-0.08,0.43,0.582678,12.1,2.82,,0.14,0.944444,0.834917,0.829049,0.961887,0.969382,0.772742,704.8404,0.942516,0.0
2026-01-16T07:00:00Z,24729.2855,7305.030225,1.4048135,-0.48,0.72,0.5775,12.1,3.12,,0.14,0.888889,0.856697,0.852332,0.959433,0.968018,0.799368,721.7767,0.939244,0.0
2026-01-16T08:00:00Z,25237.123,7589.249566,1.45947107,-0.72,0.72,0.57147,12.1,3.42,,0.14,0.694444,0.876801,0.873821,0.956978,0.966655,0.824029,737.4087,0.935971,0.0
2026-01-16T09:00:00Z,25665.014,7828.725531,1.50552414,-0.69,0.72,0.565,11.9,3.73,,0.14,0.305556,0.893739,0.891928,0.954442,0.965245,0.845015,750.5799,0.932589,0.0
2026-01-16T10:00:00Z,26035.4043,8036.020316,1.54538852,-0.45,0.72,0.55853,12.0,3.6,,0.14,0.194444,0.908401,0.907602,0.955505,0.965836,0.861733,761.9811,0.934007,0.0
2026-01-16T11:00:00Z,26245.5204,8153.61512,1.56800291,-0.11,0.72,0.5525,11.9,3.71,,0.14,0.583333,0.916719,0.916493,0.954605,0.965336,0.871884,768.4488,0.932807,0.0
2026-01-16T12:00:00Z,26338.3957,8205.711851,1.57802151,0.24,0.72,0.547322,11.8,3.57,,0.14,0.666667,0.92,0.92,0.955751,0.965973,0.875222,771.3142,0.934335,0.0
2026-01-16T13:00:00Z,26280.4798,8173.180692,1.57176552,0.55,0.72,0.543349,11.7,3.42,,0.14,0.694444,0.918103,0.917972,0.956978,0.966655,0.872452,769.5249,0.935971,0.0
2026-01-16T14:00:00Z,26072.2022,8056.61485,1.54934901,0.68,0.72,0.540852,11.6,3.29,,0.14,0.527778,0.909858,0.909159,0.958042,0.967245,0.862313,763.1138,0.937389,0.0
2026-01-16T15:00:00Z,25737.9462,7869.543168,1.51337369,0.53,0.72,0.54,11.5,3.1,,0.14,0.194444,0.896626,0.895014,0.959596,0.968109,0.846109,752.8249,0.939462,0.0
2026-01-16T16:00:00Z,25295.3303,7621.826158,1.4657358,0.13,0.72,0.540852,11.5,2.9,,0.14,0.361111,0.879105,0.876284,0.961233,0.969018,0.824839,739.2004,0.941644,0.0
2026-01-16T17:00:00Z,24752.9308,7318.263703,1.4073584,-0.34,1.08,0.543349,11.5,2.9,,0.14,0.638889,0.857633,0.853332,0.961233,0.969018,0.799666,722.5045,0.941644,0.0
2026-01-16T18:00:00Z,24156.4872,6984.454621,1.34316435,-0.76,1.08,0.547322,11.3,3.04,,0.14,0.694444,0.834022,0.828093,0.960087,0.968382,0.772493,704.145,0.940116,0.0
2026-01-16T19:00:00Z,23512.1834,6623.859779,1.27381919,-1.06,1.08,0.5525,11.3,3.62,,0.16,0.611111,0.808517,0.800828,0.954622,0.965345,0.745019,684.3123,0.932829,0.0
2026-01-16T20:00:00Z,22774.6871,6211.108287,1.1944439,-1.16,1.08,0.55853,11.2,5.62,,0.2,0.333333,0.779322,0.76962,0.936818,0.955455,0.718704,661.611,0.909091,0.0
2026-01-16T21:00:00Z,22181.8047,5879.29227,1.13063313,-0.96,1.08,0.565,10.9,7.1,,0.22,0.277778,0.755852,0.744532,0.923989,0.948327,0.696889,643.3611,0.891985,0.0
2026-01-16T22:00:00Z,21650.0215,5581.671398,1.07339835,-0.47,0.72,0.57147,10.7,8.95,,0.32,0.805556,0.734801,0.722029,0.905253,0.937918,0.680536,626.9919,0.867004,0.0
2026-01-16T23:00:00Z,21451.7739,5470.718991,1.05206134,0.17,0.72,0.5775,10.4,8.47,,0.42,1.305556,0.726953,0.71364,0.90558,0.9381,0.671189,620.8895,0.86744,0.0
2026-01-17T00:00:00Z,21028.0916,5233.598451,1.00646124,0.83,0.43,0.582678,10.4,7.7,,0.52,1.555556,0.710181,0.695711,0.90828,0.9396,0.650326,607.8479,0.87104,0.0
2026-01-17T01:00:00Z,21114.7328,5282.088572,1.01578626,1.44,0.43,0.586651,10.7,7.37,,0.56,1.555556,0.713611,0.699377,0.90954,0.9403,0.653787,610.5149,0.87272,0.0
2026-01-17T02:00:00Z,21284.5881,5377.150807,1.03406746,1.87,0.43,0.589148,10.9,7.61,,0.62,1.305556,0.720335,0.706565,0.905416,0.938009,0.663503,615.7433,0.867222,0.0
2026-01-17T03:00:00Z,21653.626,5583.688702,1.07378629,1.95,0.43,0.59,11.0,6.98,,0.66,0.861111,0.734944,0.722181,0.909131,0.940073,0.678979,627.1029,0.872175,0.0
2026-01-17T04:00:00Z,22101.5527,5834.377934,1.12199576,1.68,0.43,0.589148,11.0,6.8,,0.64,0.305556,0.752676,0.741136,0.911324,0.941291,0.698794,640.8908,0.875098,0.0
2026-01-17T05:00:00Z,22640.7044,6136.122758,1.18002361,1.17,0.43,0.586651,11.0,6.48,,0.6,0.277778,0.774018,0.763951,0.915382,0.943545,0.722013,657.4868,0.880509,0.0
2026-01-17T06:00:00Z,23186.5484,6441.612963,1.23877172,0.61,0.43,0.582678,11.0,6.44,,0.58,0.666667,0.795626,0.787049,0.916429,0.944127,0.746881,674.2887,0.881905,0.0
2026-01-17T07:00:00Z,23700.0584,6729.007005,1.29403981,0.1,0.72,0.5775,11.0,6.66,,0.58,0.805556,0.815954,0.808779,0.914629,0.943127,0.771513,690.0954,0.879505,0.0
2026-01-17T08:00:00Z,24129.2046,6969.185465,1.34022797,-0.31,0.72,0.57147,11.0,7.37,,0.56,0.777778,0.832942,0.826938,0.90954,0.9403,0.793692,703.3052,0.87272,0.0
2026-01-17T09:00:00Z,24513.9709,7184.526039,1.38163962,-0.5,0.72,0.565,10.9,7.74,,0.56,0.527778,0.848174,0.84322,0.906513,0.938618,0.812895,715.1489,0.868684,0.0
2026-01-17T10:00:00Z,24893.2802,7396.81249,1.42246394,-0.36,0.72,0.55853,10.6,7.27,,0.56,0.194444,0.863189,0.859271,0.910358,0.940755,0.828791,726.8247,0.873811,0.0
2026-01-17T11:00:00Z,25119.4304,7523.381033,1.44680404,0.01,0.72,0.5525,10.7,7.03,,0.58,0.611111,0.872142,0.868841,0.911602,0.941445,0.838734,733.786,0.875469,0.0
2026-01-17T12:00:00Z,25172.2172,7552.923965,1.45248538,0.44,0.72,0.547322,10.8,7.18,,0.58,0.888889,0.874231,0.871075,0.910375,0.940764,0.841729,735.4108,0.873833,0.0
2026-01-17T13:00:00Z,25134.475,7531.800976,1.44842326,0.85,0.72,0.543349,10.8,6.9,,0.58,0.944444,0.872737,0.869478,0.912665,0.942036,0.838959,734.2491,0.876887,0.0
2026-01-17T14:00:00Z,24956.81,7432.367956,1.42930153,1.13,0.72,0.540852,10.8,6.65,,0.58,0.805556,0.865704,0.86196,0.914711,0.943173,0.829805,728.7802,0.879615,0.0
2026-01-17T15:00:00Z,24679.2838,7277.046016,1.39943193,1.14,0.72,0.54,10.8,6.19,,0.58,0.5,0.854718,0.850216,0.918475,0.945264,0.815251,720.2375,0.884633,0.0
2026-01-17T16:00:00Z,24282.8717,7055.187667,1.35676686,0.83,0.72,0.540852,10.8,5.94,,0.56,0.0,0.839025,0.833441,0.92124,0.9468,0.795624,708.0353,0.88832,0.0
2026-01-17T17:00:00Z,23785.1816,6776.647525,1.30320145,0.3,1.08,0.543349,10.7,5.96,,0.54,0.472222,0.819324,0.812381,0.921796,0.947109,0.772279,692.7156,0.889062,0.0
2026-01-17T18:00:00Z,23237.567,6470.166334,1.24426276,-0.28,1.08,0.547322,10.7,6.11,,0.52,0.777778,0.797646,0.789208,0.921289,0.946827,0.747089,675.8591,0.888385,0.0
2026-01-17T19:00:00Z,22708.6149,6174.129948,1.18733268,-0.76,1.08,0.5525,10.8,6.07,,0.5,0.833333,0.776707,0.766824,0.922336,0.947409,0.722074,659.5771,0.889782,0.0
2026-01-17T20:00:00Z,22259.6734,5922.872694,1.13901398,-1.07,1.08,0.55853,10.9,5.6,,0.46,0.666667,0.758935,0.747827,0.927622,0.950345,0.698889,645.758,0.896829,0.0
2026-01-17T21:00:00Z,21866.7868,5702.987487,1.09672836,-1.14,1.08,0.565,11.0,5.19,,0.44,0.388889,0.743382,0.731201,0.931696,0.952609,0.678843,633.6643,0.902262,0.0
2026-01-17T22:00:00Z,21534.6598,5517.107397,1.06098219,-0.85,0.72,0.57147,10.9,5.23,,0.42,0.388889,0.730234,0.717147,0.932089,0.952827,0.663254,623.4409,0.902785,0.0
2026-01-17T23:00:00Z,21346.0387,5411.542589,1.04068127,-0.25,0.72,0.5775,11.1,5.03,,0.4,1.0,0.722768,0.709165,0.934445,0.954136,0.653453,617.6348,0.905927,0.0
2026-01-18T00:00:00Z,21291.4314,5380.980746,1.03480399,0.48,0.43,0.582678,11.3,4.88,,0.38,1.444444,0.720606,0.706855,0.936393,0.955218,0.650053,615.9539,0.908524,0.0
2026-01-18T01:00:00Z,21395.3134,5439.119942,1.0459846,1.18,0.43,0.586651,11.4,4.55,,0.36,1.611111,0.724718,0.711251,0.939813,0.957118,0.653354,619.1516,0.913084,0.0
2026-01-18T02:00:00Z,21610.1807,5559.373822,1.06911035,1.74,0.43,0.589148,11.4,4.51,,0.36,1.444444,0.733224,0.720343,0.94014,0.9573,0.663181,625.7656,0.91352,0.0
2026-01-18T03:00:00Z,21955.6217,5752.705345,1.10628949,2.02,0.43,0.59,11.5,4.47,,0.34,1.055556,0.746899,0.734961,0.941187,0.957882,0.678748,636.3988,0.914916,0.0
2026-01-18T04:00:00Z,22434.1669,6020.530742,1.15779437,1.9,0.43,0.589148,11.5,4.03,,0.34,0.5,0.765842,0.755211,0.944787,0.959882,0.699358,651.1292,0.919716,0.0
2026-01-18T05:00:00Z,22969.9176,6320.372147,1.21545618,1.44,0.43,0.586651,11.5,3.79,,0.34,0.138889,0.787051,0.777882,0.946751,0.960973,0.72335,667.6205,0.922335,0.0
2026-01-18T06:00:00Z,23502.0257,6618.174872,1.27272594,0.8,0.43,0.582678,11.5,3.99,,0.34,0.694444,0.808115,0.800399,0.945115,0.960064,0.748773,683.9996,0.920153,0.0
2026-01-18T07:00:00Z,24011.6607,6903.400184,1.32757696,0.15,0.72,0.5775,11.5,4.39,,0.34,0.944444,0.828289,0.821964,0.941842,0.958245,0.773881,699.687,0.915789,0.0
2026-01-18T08:00:00Z,24488.9252,7170.508802,1.378944,-0.4,0.72,0.57147,11.6,4.71,,0.34,1.0,0.847182,0.84216,0.939224,0.956791,0.797195,714.378,0.912298,0.0
2026-01-18T09:00:00Z,24930.4483,7417.614182,1.42646427,-0.77,0.72,0.565,11.6,4.68,,0.34,0.861111,0.864661,0.860844,0.939469,0.956927,0.817577,727.9688,0.912625,0.0
2026-01-18T10:00:00Z,25305.5118,7627.524416,1.46683162,-0.84,0.72,0.55853,11.8,4.34,,0.34,0.416667,0.879508,0.876715,0.942251,0.958473,0.833748,739.5138,0.916335,0.0
2026-01-18T11:00:00Z,25519.848,7747.481056,1.4899002,-0.56,0.72,0.5525,11.8,4.32,,0.34,0.25,0.887993,0.885785,0.942415,0.958564,0.843623,746.1115,0.916553,0.0
2026-01-18T12:00:00Z,25595.6667,7789.914187,1.49806042,-0.08,0.72,0.547322,11.8,4.29,,0.34,0.805556,0.890994,0.888994,0.94266,0.9587,0.847033,748.4453,0.91688,0.0
2026-01-18T13:00:00Z,25436.2348,7700.685603,1.48090108,0.42,0.72,0.543349,11.7,4.98,,0.36,1.055556,0.884683,0.882247,0.936295,0.955164,0.842463,743.5377,0.908393,0.0
2026-01-18T14:00:00Z,25102.1024,7513.683148,1.44493907,0.81,0.72,0.540852,11.6,6.0,,0.38,1.0,0.871456,0.868108,0.927229,0.950127,0.830984,733.2526,0.896305,0.0
2026-01-18T15:00:00Z,24666.2255,7269.737715,1.39802648,1.02,0.72,0.54,11.5,6.87,,0.4,0.777778,0.854201,0.849663,0.919391,0.945773,0.814238,719.8356,0.885855,0.0
2026-01-18T16:00:00Z,24182.6657,6999.105811,1.34598189,0.94,0.72,0.540852,11.3,7.31,,0.42,0.361111,0.835059,0.829201,0.915071,0.943373,0.793715,704.9508,0.880095,0.0
2026-01-18T17:00:00Z,23684.3235,6720.200727,1.29234629,0.55,1.08,0.543349,11.2,7.25,,0.44,0.138889,0.815331,0.808113,0.914842,0.943245,0.770689,689.611,0.879789,0.0
2026-01-18T18:00:00Z,23167.3239,6430.853721,1.23670264,-0.03,1.08,0.547322,11.2,7.01,,0.46,0.555556,0.794865,0.786235,0.916085,0.943936,0.746141,673.697,0.881447,0.0
2026-01-18T19:00:00Z,22629.4252,6129.810145,1.17880964,-0.61,1.08,0.5525,11.1,6.85,,0.52,0.833333,0.773572,0.763473,0.915235,0.943464,0.721555,657.1396,0.880313,0.0
2026-01-18T20:00:00Z,22086.3013,5825.84227,1.12035428,-1.03,1.08,0.55853,11.0,7.22,,0.56,0.833333,0.752072,0.740491,0.910767,0.940982,0.698333,640.4213,0.874356,0.0
2026-01-18T21:00:00Z,21628.2446,5569.4836,1.07105454,-1.25,1.08,0.565,10.8,7.4,,0.62,0.638889,0.733939,0.721107,0.907135,0.938964,0.678689,626.3216,0.869513,0.0
2026-01-18T22:00:00Z,21275.6422,5372.144041,1.03310462,-1.16,0.72,0.57147,10.6,7.53,,0.68,0.361111,0.719981,0.706187,0.903911,0.937173,0.663757,615.4679,0.865215,0.0
2026-01-18T23:00:00Z,20934.3305,5181.123555,0.99636991,-0.68,0.72,0.5775,10.4,8.96,,0.76,0.75,0.70647,0.691743,0.889331,0.929073,0.654396,604.9618,0.845775,0.0
2026-01-19T00:00:00Z,21092.0487,5269.393044,1.01334482,0.09,0.43,0.582678,10.2,10.63,,0.82,1.361111,0.712713,0.698418,0.873507,0.920282,0.668749,609.8166,0.824676,0.0
2026-01-19T01:00:00Z,21105.2053,5276.756381,1.01476084,0.92,0.43,0.586651,10.0,11.18,,0.86,1.75,0.713234,0.698974,0.867567,0.916982,0.671999,610.2216,0.816756,0.0
2026-01-19T02:00:00Z,21310.6459,5391.73447,1.03687201,1.63,0.43,0.589148,10.0,10.99,,0.92,1.694444,0.721367,0.707668,0.866962,0.916645,0.681803,616.5454,0.815949,0.0
2026-01-19T03:00:00Z,21613.3671,5561.157163,1.0694533,2.11,0.43,0.59,9.9,11.13,,0.96,1.416667,0.73335,0.720478,0.864376,0.915209,0.697002,625.8636,0.812502,0.0
2026-01-19T04:00:00Z,21983.149,5768.111468,1.10925221,2.27,0.43,0.589148,9.5,11.59,,1.0,0.916667,0.747988,0.736126,0.859173,0.912318,0.716477,637.2461,0.805564,0.0
2026-01-19T05:00:00Z,22431.4997,6019.038036,1.15750731,2.05,0.43,0.586651,9.2,11.97,,1.02,0.333333,0.765737,0.755098,0.855344,0.910191,0.738987,651.0471,0.800458,0.0
2026-01-19T06:00:00Z,22897.9667,6280.103646,1.20771224,1.51,0.43,0.582678,8.9,12.42,,1.06,0.416667,0.784202,0.774837,0.849502,0.906945,0.763233,665.4057,0.792669,0.0
2026-01-19T07:00:00Z,23404.0727,6563.353936,1.26218345,0.84,0.72,0.5775,8.5,12.45,,1.1,0.833333,0.804237,0.796254,0.847816,0.906009,0.787471,680.9845,0.790422,0.0
2026-01-19T08:00:00Z,23862.2573,6819.784203,1.31149696,0.21,0.72,0.57147,8.3,12.64,,1.12,1.083333,0.822375,0.815642,0.845542,0.904745,0.809747,695.0881,0.787389,0.0
2026-01-19T09:00:00Z,24234.444,7028.084348,1.35155468,-0.28,0.72,0.565,8.0,12.9,,1.16,1.055556,0.837108,0.831392,0.841975,0.902764,0.828606,706.5446,0.782633,0.0
2026-01-19T10:00:00Z,24494.0466,7173.375085,1.37949521,-0.53,0.72,0.55853,7.6,12.71,,1.38,0.75,0.847385,0.842377,0.835609,0.899227,0.843483,714.5356,0.774145,0.0
2026-01-19T11:00:00Z,24578.3194,7220.5397,1.38856533,-0.42,0.72,0.5525,7.4,13.04,,1.58,0.472222,0.850721,0.845943,0.824989,0.893327,0.852115,717.1297,0.759985,0.0
2026-01-19T12:00:00Z,24529.6994,7193.328739,1.38333245,0.03,0.72,0.547322,7.3,13.31,,1.8,0.694444,0.848796,0.843886,0.81486,0.8877,0.85436,715.6331,0.74648,0.0
2026-01-19T13:00:00Z,24521.0584,7188.492641,1.38240243,0.62,0.72,0.543349,7.1,13.14,,1.7,1.055556,0.848454,0.84352,0.819851,0.890473,0.851741,715.3671,0.753135,0.0
2026-01-19T14:00:00Z,24388.9945,7114.581013,1.36818866,1.14,0.72,0.540852,6.9,12.97,,1.58,1.166667,0.843226,0.837932,0.826282,0.894045,0.842753,711.302,0.761709,0.0
2026-01-19T15:00:00Z,24129.0975,6969.12554,1.34021645,1.48,0.72,0.54,6.8,12.81,,1.48,0.944444,0.832938,0.826934,0.830471,0.896373,0.828829,703.3019,0.767295,0.0
2026-01-19T16:00:00Z,23724.0152,6742.414797,1.29661823,1.58,0.72,0.540852,6.6,13.0,,1.4,0.611111,0.816903,0.809792,0.832516,0.897509,0.80912,690.8328,0.770022,0.0
2026-01-19T17:00:00Z,23257.0956,6481.09584,1.24636458,1.34,1.08,0.543349,6.5,13.13,,1.32,0.166667,0.798419,0.790034,0.834333,0.898518,0.786642,676.4603,0.772444,0.0
2026-01-19T18:00:00Z,22768.3149,6207.541989,1.19375807,0.81,1.08,0.547322,6.3,13.12,,1.24,0.555556,0.77907,0.769351,0.837295,0.900164,0.762641,661.4148,0.776393,0.0
2026-01-19T19:00:00Z,22262.8494,5924.650226,1.13935581,0.16,1.08,0.5525,6.1,12.88,,1.28,0.972222,0.759061,0.747961,0.837818,0.900455,0.738949,645.8558,0.777091,0.0
2026-01-19T20:00:00Z,21817.0382,5675.144898,1.09137402,-0.43,1.08,0.55853,5.9,12.43,,1.3,1.138889,0.741413,0.729096,0.84078,0.9021,0.716942,632.133,0.78104,0.0
2026-01-19T21:00:00Z,21434.344,5460.964041,1.05018539,-0.82,1.08,0.565,5.8,11.94,,1.34,1.083333,0.726263,0.712902,0.844069,0.903927,0.697719,620.353,0.785425,0.0
2026-01-19T22:00:00Z,21186.2516,5322.115188,1.02348369,-0.97,0.72,0.57147,5.4,11.3,,1.28,0.777778,0.716442,0.702404,0.851465,0.908036,0.682917,612.7163,0.795287,0.0
2026-01-19T23:00:00Z,21003.8224,5220.015788,1.00384919,-0.76,0.72,0.5775,5.5,11.25,,1.22,0.555556,0.709221,0.694684,0.853315,0.909064,0.673628,607.1009,0.797753,0.0
2026-01-20T00:00:00Z,20945.3137,5187.270491,0.99755202,-0.17,0.43,0.582678,5.5,11.31,,1.16,0.888889,0.706904,0.692208,0.854984,0.909991,0.670171,605.2999,0.799978,0.0
2026-01-20T01:00:00Z,20999.5804,5217.641705,1.00339264,0.65,0.43,0.586651,5.5,11.55,,1.14,1.333333,0.709053,0.694505,0.85374,0.9093,0.673242,606.9703,0.79832,0.0
2026-01-20T02:00:00Z,21194.9202,5326.966706,1.02441667,1.42,0.43,0.589148,5.6,11.7,,1.12,1.583333,0.716785,0.702771,0.853233,0.909018,0.682534,612.9832,0.797644,0.0
2026-01-20T03:00:00Z,21487.2219,5490.558004,1.05587654,1.99,0.43,0.59,5.9,12.1,,1.1,1.361111,0.728357,0.71514,0.85068,0.9076,0.697235,621.9807,0.79424,0.0
2026-01-20T04:00:00Z,21920.3026,5732.938462,1.10248817,2.29,0.43,0.589148,5.7,11.95,,1.1,0.916667,0.745501,0.733466,0.851907,0.908282,0.716789,635.3116,0.795876,0.0
2026-01-20T05:00:00Z,22433.4579,6020.133976,1.15771807,2.23,0.43,0.586651,5.6,11.7,,1.1,0.361111,0.765814,0.755181,0.853953,0.909418,0.739696,651.1074,0.798604,0.0
2026-01-20T06:00:00Z,22927.2346,6296.483901,1.21086229,1.79,0.43,0.582678,5.8,12.01,,1.1,0.416667,0.785361,0.776076,0.851416,0.908009,0.76374,666.3066,0.795222,0.0
2026-01-20T07:00:00Z,23447.3329,6587.565186,1.26683946,1.09,0.72,0.5775,5.7,12.11,,1.08,1.0,0.80595,0.798084,0.851318,0.907955,0.787922,682.3161,0.795091,0.0
2026-01-20T08:00:00Z,23982.8694,6887.28666,1.3244782,0.34,0.72,0.57147,5.6,11.75,,1.06,1.388889,0.82715,0.820746,0.854984,0.909991,0.811148,698.8008,0.799978,0.0
2026-01-20T09:00:00Z,24415.6167,7129.480541,1.37105395,-0.31,0.72,0.565,5.7,11.71,,1.04,1.5,0.84428,0.839058,0.856031,0.910573,0.830767,712.1214,0.801375,0.0
2026-01-20T10:00:00Z,24745.1034,7313.882953,1.40651595,-0.75,0.72,0.55853,4.9,11.72,,1.02,1.277778,0.857323,0.853001,0.856669,0.910927,0.845775,722.2636,0.802225,0.0
2026-01-20T11:00:00Z,24981.2565,7446.049793,1.43193265,-0.9,0.72,0.5525,4.9,11.51,,1.0,0.861111,0.866672,0.862994,0.859827,0.912682,0.855332,729.5327,0.806436,0.0
2026-01-20T12:00:00Z,25075.31,7498.688308,1.44205544,-0.67,0.72,0.547322,4.8,11.37,,0.98,0.416667,0.870395,0.866974,0.861693,0.913718,0.858868,732.4279,0.808924,0.0
2026-01-20T13:00:00Z,25008.0788,7461.061311,1.43481948,-0.12,0.72,0.543349,4.8,11.35,,0.98,0.638889,0.867734,0.864129,0.861856,0.913809,0.855675,730.3584,0.809142,0.0
2026-01-20T14:00:00Z,24881.315,7390.115945,1.42117614,0.49,0.72,0.540852,4.9,10.76,,0.96,1.0,0.862716,0.858765,0.867404,0.916891,0.847326,726.4564,0.816538,0.0
2026-01-20T15:00:00Z,24548.7468,7203.988925,1.38538249,0.93,0.72,0.54,4.8,10.81,,0.96,1.0,0.84955,0.844692,0.866995,0.916664,0.832073,716.2194,0.815993,0.0
2026-01-20T16:00:00Z,24097.325,6951.343516,1.33679683,1.15,0.72,0.540852,4.8,11.04,,0.96,0.638889,0.83168,0.825589,0.865113,0.915618,0.811958,702.3239,0.813484,0.0
2026-01-20T17:00:00Z,23560.723,6651.025728,1.27904341,1.1,1.08,0.543349,4.7,11.43,,0.96,0.194444,0.810438,0.802882,0.861922,0.913845,0.788472,685.8064,0.809229,0.0
2026-01-20T18:00:00Z,23039.9417,6359.562253,1.22299274,0.73,1.08,0.547322,4.4,11.35,,0.96,0.305556,0.789823,0.780845,0.862576,0.914209,0.764011,669.7759,0.810102,0.0
2026-01-20T19:00:00Z,22547.0337,6083.698481,1.16994202,0.15,1.08,0.5525,4.1,11.04,,0.94,0.833333,0.77031,0.759987,0.865833,0.916018,0.739687,654.6034,0.814444,0.0
2026-01-20T20:00:00Z,22056.0415,5808.906925,1.11709749,-0.5,1.08,0.55853,3.9,11.06,,0.92,1.138889,0.750874,0.73921,0.866389,0.916327,0.716652,639.4899,0.815185,0.0
2026-01-20T21:00:00Z,21622.1054,5566.047691,1.07039379,-1.03,1.08,0.565,3.9,11.22,,0.9,1.166667,0.733696,0.720848,0.8658,0.916,0.696775,626.1326,0.8144,0.0
2026-01-20T22:00:00Z,21338.8189,5407.501904,1.03990421,-1.32,0.72,0.57147,3.2,10.79,,0.88,0.944444,0.722482,0.70886,0.870038,0.918355,0.681743,617.4126,0.820051,0.0
2026-01-20T23:00:00Z,21159.7146,5307.263352,1.02062757,-1.31,0.72,0.5775,3.2,10.6,,0.84,0.5,0.715392,0.701281,0.873033,0.920018,0.6721,611.8995,0.824044,0.0
2026-01-21T00:00:00Z,21081.9435,5263.737546,1.01225722,-0.92,0.43,0.582678,3.2,10.75,,0.82,0.555556,0.712313,0.69799,0.872525,0.919736,0.668716,609.5056,0.823367,0.0
2026-01-21T01:00:00Z,21145.9282,5299.547581,1.01914377,-0.16,0.43,0.586651,3.2,10.7,,0.86,1.194444,0.714846,0.700698,0.871495,0.919164,0.672144,611.4751,0.821993,0.0
2026-01-21T02:00:00Z,21410.7682,5447.769503,1.04764798,0.72,0.43,0.589148,3.1,9.96,,0.88,1.666667,0.72533,0.711905,0.876829,0.922127,0.682064,619.6273,0.829105,0.0
2026-01-21T03:00:00Z,21737.4958,5630.627738,1.08281303,1.45,0.43,0.59,3.2,9.87,,0.92,1.694444,0.738264,0.72573,0.876125,0.921736,0.697541,629.6845,0.828167,0.0
2026-01-21T04:00:00Z,22177.9964,5877.160862,1.13022324,1.92,0.43,0.589148,3.5,9.88,,0.88,1.361111,0.755702,0.744371,0.877484,0.922491,0.717382,643.2438,0.829978,0.0
2026-01-21T05:00:00Z,22677.2543,6156.578473,1.1839574,2.08,0.43,0.586651,3.8,9.96,,0.86,0.805556,0.775465,0.765497,0.877549,0.922527,0.740524,658.6118,0.830065,0.0
2026-01-21T06:00:00Z,23216.3195,6458.274843,1.24197593,1.87,0.43,0.582678,4.0,10.07,,0.82,0.138889,0.796805,0.788309,0.878089,0.922827,0.765302,675.2051,0.830785,0.0
2026-01-21T07:00:00Z,23734.0324,6748.021106,1.29769637,1.32,0.72,0.5775,4.1,10.38,,0.78,0.5,0.817299,0.810216,0.876993,0.922218,0.789817,691.1412,0.829324,0.0
2026-01-21T08:00:00Z,24228.8509,7024.954084,1.35095271,0.58,0.72,0.57147,4.1,10.49,,0.76,1.055556,0.836887,0.831155,0.876813,0.922118,0.812863,706.3725,0.829084,0.0
2026-01-21T09:00:00Z,24666.8275,7270.074623,1.39809127,-0.14,0.72,0.565,4.0,10.54,,0.72,1.333333,0.854225,0.849689,0.877844,0.922691,0.832732,719.8541,0.830458,0.0
2026-01-21T10:00:00Z,24984.2898,7447.747423,1.43225912,-0.68,0.72,0.55853,3.6,10.58,,0.74,1.277778,0.866792,0.863122,0.876796,0.922109,0.847931,729.6261,0.829062,0.0
2026-01-21T11:00:00Z,25243.1505,7592.622921,1.46011979,-0.95,0.72,0.5525,3.7,10.15,,0.74,0.944444,0.877039,0.874076,0.880315,0.924064,0.858381,737.5943,0.833753,0.0
2026-01-21T12:00:00Z,25348.8726,7651.791967,1.47149846,-0.88,0.72,0.547322,3.7,9.8,,0.76,0.416667,0.881224,0.87855,0.882458,0.925255,0.862335,740.8486,0.836611,0.0
2026-01-21T13:00:00Z,25291.069,7619.441249,1.46527716,-0.44,0.72,0.543349,3.7,9.69,,0.76,0.527778,0.878936,0.876104,0.883358,0.925755,0.859252,739.0693,0.837811,0.0
2026-01-21T14:00:00Z,25094.3867,7509.364939,1.44410864,0.23,0.72,0.540852,3.6,9.59,,0.76,1.055556,0.87115,0.867781,0.884176,0.926209,0.849761,733.0151,0.838902,0.0
2026-01-21T15:00:00Z,24762.3339,7323.52629,1.40837044,0.83,0.72,0.54,3.7,9.59,,0.76,1.25,0.858006,0.85373,0.884176,0.926209,0.83435,722.7939,0.838902,0.0
2026-01-21T16:00:00Z,24337.7096,7085.878575,1.36266896,1.2,0.72,0.540852,3.7,9.58,,0.74,1.055556,0.841196,0.835762,0.884978,0.926655,0.814286,709.7233,0.839971,0.0
2026-01-21T17:00:00Z,23882.0844,6830.880724,1.31363091,1.31,1.08,0.543349,3.6,9.19,,0.72,0.611111,0.82316,0.816481,0.888889,0.928827,0.791401,695.6984,0.845185,0.0
2026-01-21T18:00:00Z,23400.656,6561.441714,1.26181571,1.13,1.08,0.547322,3.5,8.65,,0.7,0.055556,0.804102,0.796109,0.894027,0.931682,0.766774,680.8793,0.852036,0.0
2026-01-21T19:00:00Z,22880.9075,6270.556206,1.20587619,0.69,1.08,0.5525,3.3,8.38,,0.7,0.5,0.783527,0.774115,0.896236,0.932909,0.74167,664.8806,0.854982,0.0
2026-01-21T20:00:00Z,22338.7337,5967.120074,1.14752309,0.05,1.08,0.55853,3.2,8.66,,0.72,0.972222,0.762065,0.751172,0.893225,0.931236,0.717845,648.1916,0.850967,0.0
2026-01-21T21:00:00Z,21910.9174,5727.685906,1.10147806,-0.59,1.08,0.565,3.1,8.56,,0.72,1.222222,0.745129,0.733069,0.894044,0.931691,0.697626,635.0227,0.852058,0.0
2026-01-21T22:00:00Z,21531.4785,5515.32689,1.06063979,-1.05,0.72,0.57147,2.3,9.13,,0.7,1.194444,0.730108,0.717013,0.8901,0.9295,0.681769,623.343,0.8468,0.0
2026-01-21T23:00:00Z,21323.2424,5398.784265,1.03822774,-1.23,0.72,0.5775,2.2,9.11,,0.7,0.861111,0.721865,0.708201,0.890264,0.929591,0.672031,616.9331,0.847018,0.0
2026-01-22T00:00:00Z,21307.4144,5389.925859,1.0365242,-1.08,0.43,0.582678,2.3,8.51,,0.68,0.416667,0.721239,0.707531,0.895893,0.932718,0.668795,616.4459,0.854524,0.0
2026-01-22T01:00:00Z,21400.8704,5442.229991,1.04658269,-0.55,0.43,0.586651,2.5,8.32,,0.66,0.638889,0.724938,0.711486,0.898167,0.933982,0.672121,619.3226,0.857556,0.0
2026-01-22T02:00:00Z,21659.3403,5586.88678,1.0744013,0.26,0.43,0.589148,2.8,7.78,,0.66,1.277778,0.73517,0.722423,0.902585,0.936436,0.682154,627.2788,0.863447,0.0
2026-01-22T03:00:00Z,22001.4372,5778.346759,1.11122053,1.09,0.43,0.59,3.1,7.8,,0.64,1.611111,0.748712,0.736899,0.903142,0.936745,0.697784,637.8091,0.864189,0.0
2026-01-22T04:00:00Z,22456.0159,6032.758918,1.16014595,1.68,0.43,0.589148,3.4,7.78,,0.6,1.444444,0.766707,0.756135,0.904745,0.937636,0.718168,651.8017,0.866327,0.0
2026-01-22T05:00:00Z,22992.2803,6332.887779,1.21786303,1.95,0.43,0.586651,3.7,7.68,,0.56,1.0,0.787936,0.778828,0.907004,0.938891,0.742054,668.3088,0.869338,0.0
2026-01-22T06:00:00Z,23602.1939,6674.235577,1.28350684,1.89,0.43,0.582678,3.9,7.25,,0.52,0.361111,0.81208,0.804637,0.911962,0.941645,0.768157,687.083,0.875949,0.0
2026-01-22T07:00:00Z,24217.418,7018.555503,1.34972221,1.5,0.72,0.5775,4.1,6.82,,0.48,0.305556,0.836434,0.830671,0.91692,0.9444,0.794507,706.0206,0.88256,0.0
2026-01-22T08:00:00Z,24791.6139,7339.913344,1.4115218,0.84,0.72,0.57147,4.2,6.4,,0.46,0.916667,0.859165,0.854969,0.921076,0.946709,0.819308,723.6952,0.888102,0.0
2026-01-22T09:00:00Z,25327.5581,7639.862974,1.46920442,0.08,0.72,0.565,4.2,5.77,,0.42,1.333333,0.880381,0.877648,0.927671,0.950373,0.841251,740.1925,0.896895,0.0
2026-01-22T10:00:00Z,25743.9886,7872.924895,1.51402402,-0.58,0.72,0.55853,3.9,5.18,,0.42,1.444444,0.896865,0.89527,0.932498,0.953055,0.858433,753.0109,0.903331,0.0
2026-01-22T11:00:00Z,25984.5305,8007.547999,1.53991308,-0.99,0.72,0.5525,3.9,5.0,,0.42,1.25,0.906388,0.905449,0.933971,0.953873,0.868942,760.4151,0.905295,0.0
2026-01-22T12:00:00Z,26136.842,8092.791544,1.55630607,-1.11,0.72,0.547322,3.8,4.36,,0.42,0.777778,0.912417,0.911894,0.939207,0.956782,0.873684,765.1035,0.912276,0.0
2026-01-22T13:00:00Z,26147.5739,8098.797782,1.55746111,-0.87,0.72,0.543349,3.8,3.71,,0.4,0.361111,0.912842,0.912348,0.945245,0.960136,0.871499,765.4339,0.920327,0.0
2026-01-22T14:00:00Z,26033.327,8034.857722,1.54516495,-0.32,0.72,0.540852,3.8,2.93,,0.36,0.694444,0.908319,0.907514,0.953067,0.964482,0.86272,761.9172,0.930756,0.0
2026-01-22T15:00:00Z,25714.2143,7856.261238,1.51081947,0.35,0.72,0.54,3.7,2.68,,0.34,1.111111,0.895687,0.89401,0.955833,0.966018,0.84668,752.0944,0.934444,0.0
2026-01-22T16:00:00Z,25233.4851,7587.213529,1.45907952,0.84,0.72,0.540852,3.7,2.89,,0.32,1.138889,0.876657,0.873667,0.954835,0.965464,0.824813,737.2967,0.933113,0.0
2026-01-22T17:00:00Z,24706.9836,7292.548649,1.4024132,1.07,1.08,0.543349,3.7,2.89,,0.28,0.805556,0.855814,0.851388,0.956275,0.966264,0.799737,721.0902,0.935033,0.0
2026-01-22T18:00:00Z,24169.324,6991.638944,1.34454595,1.04,1.08,0.547322,3.7,2.54,,0.26,0.305556,0.834531,0.828636,0.959858,0.968255,0.773191,704.5401,0.939811,0.0
2026-01-22T19:00:00Z,23617.9264,6683.040525,1.2852001,0.75,1.08,0.5525,3.8,2.29,,0.24,0.25,0.812703,0.805303,0.962624,0.969791,0.746371,687.5672,0.943498,0.0
2026-01-22T20:00:00Z,23091.2556,6388.280863,1.22851555,0.23,1.08,0.55853,3.8,2.17,,0.22,0.777778,0.791854,0.783016,0.964325,0.970736,0.721171,671.3554,0.945767,0.0
2026-01-22T21:00:00Z,22674.0623,6154.792006,1.18361385,-0.4,1.08,0.565,3.9,1.67,,0.2,1.138889,0.775339,0.765362,0.969136,0.973409,0.69967,658.5136,0.952182,0.0
2026-01-22T22:00:00Z,22349.1439,5972.94632,1.14864352,-0.96,0.72,0.57147,3.6,1.26,,0.2,1.305556,0.762477,0.751613,0.972491,0.975273,0.683099,648.512,0.956655,0.0
2026-01-22T23:00:00Z,22142.366,5857.219762,1.12638842,-1.3,0.72,0.5775,3.8,1.08,,0.18,1.111111,0.754291,0.742863,0.974684,0.976491,0.672528,642.1471,0.959578,0.0
2026-01-23T00:00:00Z,22114.3515,5841.540991,1.12337327,-1.34,0.43,0.582678,4.0,0.49,,0.18,0.722222,0.753182,0.741677,0.979511,0.979173,0.669082,641.2848,0.966015,0.0
2026-01-23T01:00:00Z,22154.4556,5863.9859,1.1276896,-1.06,0.43,0.586651,4.2,1.0,,0.16,0.416667,0.75477,0.743375,0.976058,0.977255,0.672478,642.5192,0.961411,0.0
2026-01-23T02:00:00Z,22296.6989,5943.594637,1.14299897,-0.44,0.43,0.589148,4.4,1.99,,0.16,0.833333,0.760401,0.749394,0.967958,0.972755,0.68268,646.8977,0.950611,0.0
2026-01-23T03:00:00Z,22630.8189,6130.590163,1.17895965,0.37,0.43,0.59,4.5,2.34,,0.14,1.305556,0.773627,0.763532,0.965815,0.971564,0.699139,657.1825,0.947753,0.0
2026-01-23T04:00:00Z,23202.4634,6450.520086,1.24048463,1.07,0.43,0.589148,4.5,1.23,,0.14,1.444444,0.796256,0.787722,0.974896,0.976609,0.721634,674.7786,0.959862,0.0
2026-01-23T05:00:00Z,23793.4304,6781.264124,1.30408925,1.48,0.43,0.586651,4.5,0.81,,0.14,1.138889,0.81965,0.81273,0.978333,0.978518,0.747534,692.9695,0.964444,0.0
2026-01-23T06:00:00Z,24334.1486,7083.885644,1.3622857,1.57,0.43,0.582678,4.6,1.31,,0.14,0.611111,0.841055,0.835611,0.974242,0.976245,0.774448,709.6137,0.958989,0.0
2026-01-23T07:00:00Z,24917.3732,7410.296527,1.42505702,1.38,0.72,0.5775,4.8,1.37,,0.14,0.111111,0.864143,0.860291,0.973751,0.975973,0.801734,727.5663,0.958335,0.0
2026-01-23T08:00:00Z,25502.4136,7737.723648,1.48802378,0.9,0.72,0.57147,5.0,1.05,,0.14,0.638889,0.887302,0.885047,0.976369,0.977427,0.827723,745.5748,0.961825,0.0
2026-01-23T09:00:00Z,25994.9452,8013.376745,1.54103399,0.22,0.72,0.565,5.3,0.88,,0.14,1.138889,0.9068,0.905889,0.97776,0.9782,0.849964,760.7357,0.96368,0.0
2026-01-23T10:00:00Z,26277.5583,8171.545636,1.57145108,-0.47,0.72,0.55853,5.7,1.56,,0.14,1.444444,0.917987,0.917849,0.972196,0.975109,0.865553,769.435,0.956262,0.0
2026-01-23T11:00:00Z,26502.5488,8299.513572,1.5960603,-1.0,0.72,0.5525,6.0,1.61,,0.12,1.416667,0.92,0.92,0.972507,0.975282,0.867775,776.4732,0.956676,0.0
2026-01-23T12:00:00Z,26574.8756,8340.843209,1.60400831,-1.25,0.72,0.547322,6.2,1.64,,0.12,1.055556,0.92,0.92,0.972262,0.975145,0.867884,778.7464,0.956349,0.0
2026-01-23T13:00:00Z,26488.3806,8291.417473,1.59450336,-1.18,0.72,0.543349,6.5,1.73,,0.12,0.5,0.92,0.92,0.971525,0.974736,0.868211,776.028,0.955367,0.0
2026-01-23T14:00:00Z,26218.5036,8138.494731,1.56509514,-0.81,0.72,0.540852,6.8,2.12,,0.12,0.25,0.91565,0.91535,0.968335,0.972964,0.864529,767.6172,0.951113,0.0
2026-01-23T15:00:00Z,25838.9514,7926.072355,1.52424468,-0.17,0.72,0.54,6.9,2.29,,0.12,0.805556,0.900625,0.899288,0.966944,0.972191,0.847531,755.934,0.949258,0.0
2026-01-23T16:00:00Z,25368.3691,7662.703516,1.47359683,0.48,0.72,0.540852,6.9,2.31,,0.12,1.166667,0.881996,0.879375,0.96678,0.9721,0.825764,741.4487,0.94904,0.0
2026-01-23T17:00:00Z,24822.2546,7357.061854,1.41481959,0.92,1.08,0.543349,7.0,2.38,,0.1,1.111111,0.860378,0.856266,0.966927,0.972182,0.800352,724.6384,0.949236,0.0
2026-01-23T18:00:00Z,24206.294,7012.329792,1.34852496,1.08,1.08,0.547322,6.9,2.68,,0.1,0.722222,0.835994,0.830201,0.964473,0.970818,0.772856,705.6781,0.945964,0.0
2026-01-23T19:00:00Z,23567.7474,6654.95707,1.27979944,1.0,1.08,0.5525,6.9,3.24,,0.1,0.222222,0.810716,0.80318,0.959891,0.968273,0.745256,686.0226,0.939855,0.0
2026-01-23T20:00:00Z,22959.0211,6314.273721,1.21428341,0.68,1.08,0.55853,6.9,3.96,,0.1,0.305556,0.786619,0.777421,0.954,0.965,0.719623,667.2851,0.932,0.0
2026-01-23T21:00:00Z,22446.6424,6027.512883,1.15913709,0.18,1.08,0.565,6.8,4.52,,0.1,0.694444,0.766336,0.755739,0.949418,0.962455,0.697879,651.5132,0.925891,0.0
2026-01-23T22:00:00Z,22106.6399,5837.225106,1.12254329,-0.38,0.72,0.57147,6.4,4.37,,0.1,1.0,0.752877,0.741351,0.950645,0.963136,0.681553,641.0474,0.927527,0.0
2026-01-23T23:00:00Z,21879.3641,5710.026594,1.09808204,-0.83,0.72,0.5775,6.3,4.43,,0.1,1.027778,0.74388,0.731734,0.950155,0.962864,0.671223,634.0515,0.926873,0.0
2026-01-24T00:00:00Z,21367.8262,5423.736316,1.04302621,-1.02,0.43,0.582678,6.3,4.81,,0.1,0.75,0.72363,0.710087,0.947045,0.961136,0.648864,618.3055,0.922727,0.0
2026-01-24T01:00:00Z,21409.9736,5447.324774,1.04756246,-0.93,0.43,0.586651,6.3,5.12,,0.12,0.361111,0.725299,0.711871,0.943789,0.959327,0.652268,619.6029,0.918385,0.0
2026-01-24T02:00:00Z,21581.8864,5543.538467,1.06606509,-0.56,0.43,0.589148,6.4,5.6,,0.12,0.5,0.732104,0.719146,0.939862,0.957145,0.661992,624.8946,0.913149,0.0
2026-01-24T03:00:00Z,21922.4968,5734.166483,1.10272432,0.08,0.43,0.59,6.4,5.48,,0.14,0.972222,0.745587,0.733559,0.940124,0.957291,0.677684,635.3792,0.913498,0.0
2026-01-24T04:00:00Z,22372.4886,5986.011509,1.15115606,0.8,0.43,0.589148,6.4,5.28,,0.16,1.416667,0.763401,0.752601,0.94104,0.9578,0.698161,649.2306,0.91472,0.0
2026-01-24T05:00:00Z,22936.7848,6301.828847,1.21189016,1.35,0.43,0.586651,6.5,4.58,,0.2,1.388889,0.785739,0.77648,0.945327,0.960182,0.722445,666.6006,0.920436,0.0
2026-01-24T06:00:00Z,23597.1619,6671.419322,1.28296525,1.58,0.43,0.582678,6.6,3.4,,0.22,1.0,0.811881,0.804424,0.954262,0.965145,0.749123,686.9281,0.932349,0.0
2026-01-24T07:00:00Z,24210.2814,7014.561399,1.34895412,1.54,0.72,0.5775,6.7,2.84,,0.22,0.416667,0.836152,0.830369,0.958844,0.967691,0.775543,705.8009,0.938458,0.0
2026-01-24T08:00:00Z,24735.2761,7308.382962,1.40545826,1.24,0.72,0.57147,6.8,2.73,,0.24,0.166667,0.856934,0.852585,0.959024,0.967791,0.799828,721.9611,0.938698,0.0
2026-01-24T09:00:00Z,25183.0019,7558.959827,1.45364612,0.71,0.72,0.565,7.0,2.72,,0.24,0.694444,0.874658,0.871531,0.959105,0.967836,0.820571,735.7428,0.938807,0.0
2026-01-24T10:00:00Z,25504.0781,7738.655178,1.48820292,0.04,0.72,0.55853,7.3,2.91,,0.24,1.055556,0.887368,0.885118,0.957551,0.966973,0.836164,745.626,0.936735,0.0
2026-01-24T11:00:00Z,25573.0827,7777.2747,1.49562975,-0.56,0.72,0.5525,7.5,4.11,,0.26,1.222222,0.8901,0.888038,0.947013,0.961118,0.84405,747.7501,0.922684,0.0
2026-01-24T12:00:00Z,25565.4203,7772.986314,1.49480506,-0.95,0.72,0.547322,7.8,4.8,,0.26,1.055556,0.889797,0.887714,0.941367,0.957982,0.846204,747.5142,0.915156,0.0
2026-01-24T13:00:00Z,25455.0405,7711.210532,1.4829251,-1.06,0.72,0.543349,8.1,5.13,,0.26,0.611111,0.885427,0.883043,0.938667,0.956482,0.842281,744.1166,0.911556,0.0
2026-01-24T14:00:00Z,25264.4881,7604.564833,1.46241631,-0.89,0.72,0.540852,8.4,4.95,,0.26,0.111111,0.877884,0.874979,0.94014,0.9573,0.832782,738.2511,0.91352,0.0
2026-01-24T15:00:00Z,24939.3391,7422.590046,1.42742116,-0.45,0.72,0.54,8.6,4.85,,0.26,0.555556,0.865012,0.86122,0.940958,0.957755,0.817328,728.2425,0.914611,0.0
2026-01-24T16:00:00Z,24507.462,7180.883194,1.38093908,0.16,0.72,0.540852,8.9,4.85,,0.24,1.055556,0.847916,0.842945,0.941678,0.958155,0.796964,714.9486,0.915571,0.0
2026-01-24T17:00:00Z,23987.1556,6889.685488,1.32493952,0.72,1.08,0.543349,9.0,4.94,,0.24,1.277778,0.827319,0.820927,0.940942,0.957745,0.773143,698.9327,0.914589,0.0
2026-01-24T18:00:00Z,23488.7165,6610.726166,1.27129349,1.04,1.08,0.547322,9.1,4.5,,0.22,1.083333,0.807588,0.799835,0.945262,0.960145,0.74809,683.5899,0.920349,0.0
2026-01-24T19:00:00Z,22983.3117,6327.868375,1.21689776,1.08,1.08,0.5525,9.2,3.96,,0.24,0.638889,0.787581,0.778449,0.94896,0.9622,0.72299,668.0328,0.92528,0.0
2026-01-24T20:00:00Z,22448.7454,6028.689833,1.15936343,0.93,1.08,0.55853,9.2,4.18,,0.24,0.222222,0.76642,0.755828,0.94716,0.9612,0.69898,651.5779,0.92288,0.0
2026-01-24T21:00:00Z,21952.1801,5750.77923,1.10591908,0.57,1.08,0.565,9.3,4.76,,0.26,0.416667,0.746762,0.734815,0.941695,0.958164,0.678363,636.2929,0.915593,0.0
2026-01-24T22:00:00Z,21504.2851,5500.107678,1.05771302,0.07,0.72,0.57147,9.2,5.97,,0.3,0.75,0.729032,0.715862,0.930355,0.951864,0.662616,622.5059,0.900473,0.0
2026-01-24T23:00:00Z,21262.1496,5364.592717,1.03165245,-0.44,0.72,0.5775,9.4,6.31,,0.32,0.944444,0.719447,0.705616,0.926853,0.949918,0.652934,615.0526,0.895804,0.0
2026-01-25T00:00:00Z,21133.9934,5292.868077,1.01785925,-0.79,0.43,0.582678,9.5,6.89,,0.36,0.916667,0.714374,0.700192,0.920667,0.946482,0.649735,611.1077,0.887556,0.0
2026-01-25T01:00:00Z,21152.4015,5303.170432,1.01984047,-0.88,0.43,0.586651,9.6,7.47,,0.38,0.555556,0.715102,0.700971,0.915202,0.943445,0.653019,611.6744,0.880269,0.0
2026-01-25T02:00:00Z,21392.5642,5437.581315,1.04568871,-0.73,0.43,0.589148,9.8,7.0,,0.4,0.083333,0.724609,0.711134,0.918327,0.945182,0.662776,619.067,0.884436,0.0
2026-01-25T03:00:00Z,21766.3366,5646.768988,1.08591711,-0.33,0.43,0.59,9.9,6.42,,0.42,0.5,0.739406,0.726951,0.922353,0.947418,0.678334,630.5723,0.889804,0.0
2026-01-25T04:00:00Z,22183.6409,5880.319895,1.13083075,0.25,0.43,0.589148,9.9,6.51,,0.44,0.944444,0.755925,0.74461,0.920896,0.946609,0.698349,643.4176,0.887862,0.0
2026-01-25T05:00:00Z,22667.0227,6150.852188,1.18285619,0.84,0.43,0.586651,9.9,6.7,,0.44,1.277778,0.77506,0.765064,0.919342,0.945745,0.721474,658.2969,0.885789,0.0
2026-01-25T06:00:00Z,23195.9141,6446.854644,1.23977974,1.21,0.43,0.582678,10.0,6.72,,0.46,1.166667,0.795997,0.787445,0.918458,0.945255,0.746414,674.577,0.884611,0.0
2026-01-25T07:00:00Z,23711.6661,6735.503439,1.29528912,1.29,0.72,0.5775,10.1,6.86,,0.48,0.75,0.816414,0.80927,0.916593,0.944218,0.771179,690.4527,0.882124,0.0
2026-01-25T08:00:00Z,24146.1295,6978.657735,1.34204956,1.14,0.72,0.57147,10.1,7.4,,0.5,0.333333,0.833612,0.827655,0.911455,0.941364,0.793627,703.8262,0.875273,0.0
2026-01-25T09:00:00Z,24508.9699,7181.727116,1.38110137,0.8,0.72,0.565,10.2,7.91,,0.52,0.388889,0.847976,0.843009,0.906562,0.938645,0.812641,714.995,0.868749,0.0
2026-01-25T10:00:00Z,24724.912,7302.582533,1.40434279,0.29,0.72,0.55853,10.3,8.81,,0.54,0.722222,0.856524,0.852146,0.898478,0.934155,0.826256,721.642,0.857971,0.0
2026-01-25T11:00:00Z,24888.2645,7394.00537,1.42192411,-0.28,0.72,0.5525,10.4,9.09,,0.56,1.0,0.862991,0.859059,0.895467,0.932482,0.835176,726.6703,0.853956,0.0
2026-01-25T12:00:00Z,25002.372,7457.867447,1.43420528,-0.74,0.72,0.547322,10.4,8.64,,0.58,1.055556,0.867508,0.863888,0.898429,0.934127,0.839155,730.1827,0.857905,0.0
2026-01-25T13:00:00Z,25002.5455,7457.964553,1.43422395,-0.99,0.72,0.543349,10.4,8.04,,0.58,0.861111,0.867515,0.863895,0.903338,0.936855,0.836982,730.1881,0.864451,0.0
2026-01-25T14:00:00Z,24860.8031,7378.636153,1.41896849,-0.99,0.72,0.540852,10.4,7.43,,0.6,0.444444,0.861904,0.857897,0.907609,0.939227,0.828505,725.825,0.870145,0.0
2026-01-25T15:00:00Z,24587.8755,7225.887911,1.38959383,-0.76,0.72,0.54,10.4,6.95,,0.6,0.055556,0.851099,0.846348,0.911536,0.941409,0.814093,717.4238,0.875382,0.0
2026-01-25T16:00:00Z,24141.8311,6976.252079,1.34158694,-0.31,0.72,0.540852,10.4,7.19,,0.58,0.611111,0.833442,0.827473,0.909573,0.940318,0.794264,703.6939,0.872764,0.0
2026-01-25T17:00:00Z,23593.7835,6669.528536,1.28260164,0.27,1.08,0.543349,10.4,7.69,,0.58,1.0,0.811747,0.804281,0.906202,0.938445,0.770326,686.8241,0.868269,0.0
2026-01-25T18:00:00Z,23078.3495,6381.057745,1.22712649,0.75,1.08,0.547322,10.5,7.6,,0.56,1.166667,0.791343,0.78247,0.907658,0.939255,0.745757,670.9582,0.870211,0.0
2026-01-25T19:00:00Z,22592.7676,6109.294153,1.17486426,1.01,1.08,0.5525,10.6,6.99,,0.6,0.944444,0.772121,0.761922,0.911209,0.941227,0.721643,656.0112,0.874945,0.0
2026-01-25T20:00:00Z,22148.4282,5860.612551,1.12704088,1.05,1.08,0.55853,10.6,6.34,,0.62,0.583333,0.754531,0.743119,0.915087,0.943382,0.699297,642.3337,0.880116,0.0
2026-01-25T21:00:00Z,21740.5251,5632.323121,1.08313906,0.91,1.08,0.565,10.6,5.97,,0.66,0.25,0.738384,0.725859,0.916675,0.944264,0.67966,629.7778,0.882233,0.0
2026-01-25T22:00:00Z,21439.1666,5463.663075,1.05070444,0.61,0.72,0.57147,10.7,5.69,,0.64,0.416667,0.726454,0.713106,0.919685,0.945936,0.664335,620.5015,0.886247,0.0
2026-01-25T23:00:00Z,21271.5159,5369.834693,1.03266052,0.18,0.72,0.5775,10.7,5.32,,0.6,0.694444,0.719818,0.706012,0.924153,0.948418,0.654569,615.3409,0.892204,0.0
2026-01-26T00:00:00Z,21618.3578,5563.950266,1.06999044,-0.24,0.43,0.582678,10.7,5.13,,0.58,0.861111,0.733548,0.720689,0.926427,0.949682,0.669655,626.0173,0.895236,0.0
2026-01-26T01:00:00Z,21704.5951,5612.21436,1.07927199,-0.49,0.43,0.586651,10.7,4.99,,0.58,0.75,0.736962,0.724338,0.927573,0.950318,0.673149,628.6718,0.896764,0.0
2026-01-26T02:00:00Z,21940.2028,5744.075961,1.10462999,-0.53,0.43,0.589148,10.7,4.79,,0.58,0.5,0.746288,0.734308,0.929209,0.951227,0.683356,635.9242,0.898945,0.0
2026-01-26T03:00:00Z,22357.0188,5977.353623,1.14949108,-0.38,0.43,0.59,10.6,4.02,,0.58,0.111111,0.762788,0.751946,0.935509,0.954727,0.699901,648.7544,0.907345,0.0
2026-01-26T04:00:00Z,22930.5182,6298.321651,1.2112157,-0.06,0.43,0.589148,10.5,2.89,,0.54,0.305556,0.785491,0.776215,0.945475,0.960264,0.722089,666.4077,0.920633,0.0
2026-01-26T05:00:00Z,23468.8582,6599.612113,1.26915618,0.4,0.43,0.586651,10.3,3.0,,0.5,0.611111,0.806802,0.798995,0.945295,0.960164,0.747154,682.9787,0.920393,0.0
2026-01-26T06:00:00Z,23819.6494,6795.938,1.30691115,0.83,0.43,0.582678,10.2,5.32,,0.46,0.777778,0.820688,0.813839,0.927753,0.950418,0.771231,693.7766,0.897004,0.0
2026-01-26T07:00:00Z,24176.8448,6995.848058,1.3453554,1.06,0.72,0.5775,10.0,7.26,,0.46,0.583333,0.834828,0.828954,0.91044,0.9408,0.795503,704.7716,0.87392,0.0
2026-01-26T08:00:00Z,24580.8926,7221.979817,1.38884227,1.04,0.72,0.57147,9.6,8.22,,0.48,0.222222,0.850823,0.846052,0.901145,0.935636,0.818387,717.2089,0.861527,0.0
2026-01-26T09:00:00Z,24997.9163,7455.373735,1.43372572,0.85,0.72,0.565,9.4,8.43,,0.48,0.277778,0.867331,0.863699,0.899427,0.934682,0.838505,730.0456,0.859236,0.0
2026-01-26T10:00:00Z,25442.4831,7704.182586,1.48157357,0.51,0.72,0.55853,9.0,7.22,,0.58,0.611111,0.88493,0.882511,0.907167,0.938982,0.855698,743.73,0.869556,0.0
2026-01-26T11:00:00Z,25584.3059,7783.555924,1.49683768,0.08,0.72,0.5525,9.0,7.57,,0.66,0.805556,0.890544,0.888513,0.902864,0.936591,0.864193,748.0956,0.863818,0.0
2026-01-26T12:00:00Z,25411.8859,7687.058369,1.47828046,-0.39,0.72,0.547322,9.2,9.28,,0.76,0.888889,0.883719,0.881217,0.885993,0.927218,0.863689,742.7882,0.841324,0.0
2026-01-26T13:00:00Z,25198.8485,7567.828617,1.45535166,-0.73,0.72,0.543349,9.0,10.33,,0.8,0.777778,0.875285,0.872202,0.875962,0.921645,0.85826,736.2306,0.827949,0.0
2026-01-26T14:00:00Z,24940.3697,7423.16685,1.42753209,-0.86,0.72,0.540852,8.4,10.7,,0.82,0.472222,0.865053,0.861264,0.871495,0.919164,0.848249,728.2742,0.821993,0.0
2026-01-26T15:00:00Z,24641.6485,7255.98282,1.39538131,-0.78,0.72,0.54,7.9,10.32,,0.86,0.361111,0.853228,0.848623,0.873884,0.920491,0.833323,719.0791,0.825178,0.0
2026-01-26T16:00:00Z,24228.571,7024.797466,1.35092259,-0.52,0.72,0.540852,7.6,10.18,,0.86,0.694444,0.836876,0.831143,0.875029,0.921127,0.813642,706.3639,0.826705,0.0
2026-01-26T17:00:00Z,23738.3316,6750.427193,1.29815908,-0.08,1.08,0.543349,7.4,10.09,,0.86,1.055556,0.817469,0.810398,0.875765,0.921536,0.790562,691.2735,0.827687,0.0
2026-01-26T18:00:00Z,23167.5396,6430.974418,1.23672585,0.46,1.08,0.547322,7.2,10.42,,0.86,1.416667,0.794874,0.786244,0.873065,0.920036,0.765271,673.7036,0.824087,0.0
2026-01-26T19:00:00Z,22626.341,6128.08404,1.1784777,0.91,1.08,0.5525,7.0,10.48,,0.86,1.444444,0.77345,0.763343,0.873295,0.920164,0.740052,657.0446,0.824393,0.0
2026-01-26T20:00:00Z,22164.4458,5869.577091,1.12876483,1.15,1.08,0.55853,6.9,10.15,,0.84,1.194444,0.755165,0.743797,0.876715,0.922064,0.717095,642.8267,0.828953,0.0
2026-01-26T21:00:00Z,21760.7979,5643.669146,1.08532099,1.22,1.08,0.565,6.8,9.86,,0.84,0.75,0.739186,0.726716,0.879087,0.923382,0.697306,630.4018,0.832116,0.0
2026-01-26T22:00:00Z,21450.6438,5470.086485,1.05193971,1.13,0.72,0.57147,6.6,9.5,,0.88,0.361111,0.726909,0.713592,0.880593,0.924218,0.682242,620.8548,0.834124,0.0
2026-01-26T23:00:00Z,21244.766,5354.863723,1.02978149,0.9,0.72,0.5775,6.6,9.41,,0.9,0.111111,0.718759,0.70488,0.880609,0.924227,0.67268,614.5175,0.834145,0.0
2026-01-27T00:00:00Z,21184.258,5320.99947,1.02326913,0.55,0.43,0.582678,6.7,9.16,,0.94,0.444444,0.716363,0.702319,0.881215,0.924564,0.669603,612.655,0.834953,0.0
2026-01-27T01:00:00Z,21255.1588,5360.680228,1.03090004,0.2,0.43,0.586651,6.6,9.35,,0.88,0.611111,0.71917,0.70532,0.88182,0.9249,0.672624,614.8374,0.83576,0.0
2026-01-27T02:00:00Z,21479.2502,5486.096494,1.05501856,-0.04,0.43,0.589148,6.6,9.42,,0.8,0.638889,0.728041,0.714802,0.884127,0.926182,0.681999,621.7353,0.838836,0.0
2026-01-27T03:00:00Z,21852.438,5694.956989,1.09518404,-0.13,0.43,0.59,6.5,9.15,,0.74,0.472222,0.742814,0.730594,0.888496,0.928609,0.697377,633.2226,0.844662,0.0
2026-01-27T04:00:00Z,22325.6504,5959.797813,1.14611496,-0.08,0.43,0.589148,6.4,8.8,,0.72,0.25,0.761547,0.750619,0.89208,0.9306,0.717747,647.7889,0.84944,0.0
2026-01-27T05:00:00Z,22839.7852,6247.541472,1.20145028,0.12,0.43,0.586651,6.5,8.8,,0.7,0.361111,0.781899,0.772375,0.8928,0.931,0.741289,663.6148,0.8504,0.0
2026-01-27T06:00:00Z,23385.5086,6552.964213,1.26018543,0.44,0.43,0.582678,6.4,8.86,,0.68,0.583333,0.803502,0.795468,0.893029,0.931127,0.766515,680.413,0.850705,0.0
2026-01-27T07:00:00Z,23949.5273,6868.626213,1.32088966,0.75,0.72,0.5775,6.3,8.75,,0.66,0.75,0.82583,0.819335,0.894649,0.932027,0.791972,697.7744,0.852865,0.0
2026-01-27T08:00:00Z,24470.9146,7160.428853,1.37700555,0.89,0.72,0.57147,6.2,8.64,,0.66,0.638889,0.846469,0.841398,0.895549,0.932527,0.81577,713.8236,0.854065,0.0
2026-01-27T09:00:00Z,24964.3444,7436.584664,1.43011244,0.88,0.72,0.565,6.2,8.22,,0.64,0.305556,0.866002,0.862278,0.899705,0.934836,0.836823,729.0122,0.859607,0.0
2026-01-27T10:00:00Z,25378.977,7668.640406,1.47473854,0.77,0.72,0.55853,6.1,7.63,,0.62,0.055556,0.882416,0.879824,0.905253,0.937918,0.853601,741.7752,0.867004,0.0
2026-01-27T11:00:00Z,25654.2246,7822.68707,1.5043629,0.52,0.72,0.5525,6.5,7.24,,0.58,0.305556,0.893312,0.891471,0.909884,0.940491,0.864318,750.2478,0.873178,0.0
2026-01-27T12:00:00Z,25717.864,7858.30388,1.51121228,0.14,0.72,0.547322,6.7,7.38,,0.56,0.611111,0.895831,0.894164,0.909458,0.940255,0.867461,752.2067,0.872611,0.0
2026-01-27T13:00:00Z,25641.5669,7815.602983,1.50300057,-0.26,0.72,0.543349,6.8,7.47,,0.54,0.75,0.892811,0.890936,0.909442,0.940245,0.863927,749.8582,0.872589,0.0
2026-01-27T14:00:00Z,25446.9345,7706.67386,1.48205267,-0.57,0.72,0.540852,6.8,7.37,,0.52,0.75,0.885106,0.8827,0.91098,0.9411,0.85421,743.8671,0.87464,0.0
2026-01-27T15:00:00Z,25170.1172,7551.748711,1.45225937,-0.71,0.72,0.54,6.7,6.88,,0.5,0.611111,0.874148,0.870986,0.915709,0.943727,0.839261,735.3462,0.880945,0.0
2026-01-27T16:00:00Z,24775.6629,7330.986105,1.40980502,-0.71,0.72,0.540852,6.7,6.48,,0.48,0.416667,0.858533,0.854294,0.919702,0.945945,0.819179,723.2042,0.886269,0.0
2026-01-27T17:00:00Z,24248.5869,7035.999633,1.35307685,-0.54,1.08,0.543349,6.8,6.53,,0.48,0.388889,0.837668,0.83199,0.919293,0.945718,0.794899,706.98,0.885724,0.0
2026-01-27T18:00:00Z,23667.6616,6710.875621,1.290553,-0.17,1.08,0.547322,6.7,6.8,,0.46,0.666667,0.814672,0.807408,0.917804,0.944891,0.768599,689.0982,0.883738,0.0
2026-01-27T19:00:00Z,23095.086,6390.424615,1.22892781,0.31,1.08,0.5525,6.6,6.88,,0.48,0.972222,0.792006,0.783178,0.916429,0.944127,0.742636,671.4734,0.881905,0.0
2026-01-27T20:00:00Z,22557.1777,6089.37569,1.17103379,0.72,1.08,0.55853,6.6,7.01,,0.5,1.111111,0.770712,0.760416,0.914645,0.943136,0.718464,654.9157,0.879527,0.0
2026-01-27T21:00:00Z,22134.5283,5852.83326,1.12554486,0.97,1.08,0.565,6.5,6.69,,0.52,0.944444,0.753981,0.742531,0.916544,0.944191,0.698004,641.9058,0.882058,0.0
2026-01-27T22:00:00Z,21855.2506,5696.531085,1.09548675,1.11,0.72,0.57147,6.3,6.02,,0.5,0.666667,0.742925,0.730713,0.922745,0.947636,0.682286,633.3092,0.890327,0.0
2026-01-27T23:00:00Z,21689.7482,5603.905068,1.07767405,1.12,0.72,0.5775,6.4,5.54,,0.46,0.305556,0.736374,0.72371,0.928113,0.950618,0.67222,628.2148,0.897484,0.0
2026-01-28T00:00:00Z,21665.3045,5590.22477,1.07504322,0.94,0.43,0.582678,6.4,5.01,,0.44,0.194444,0.735406,0.722676,0.933169,0.953427,0.668838,627.4624,0.904225,0.0
2026-01-28T01:00:00Z,21762.9221,5644.858006,1.08554962,0.64,0.43,0.586651,6.6,4.74,,0.44,0.416667,0.73927,0.726806,0.935378,0.954655,0.672387,630.4672,0.907171,0.0
2026-01-28T02:00:00Z,21966.2086,5758.630515,1.10742895,0.31,0.43,0.589148,6.6,4.99,,0.42,0.611111,0.747318,0.735409,0.934053,0.953918,0.68241,636.7247,0.905404,0.0
2026-01-28T03:00:00Z,22252.1592,5918.667289,1.13820525,0.04,0.43,0.59,6.6,5.69,,0.42,0.611111,0.758637,0.747509,0.928325,0.950736,0.698227,645.5267,0.897767,0.0
2026-01-28T04:00:00Z,22692.683,6165.213398,1.18561796,-0.12,0.43,0.589148,6.7,5.81,,0.42,0.527778,0.776076,0.76615,0.927344,0.950191,0.719109,659.0867,0.896458,0.0
2026-01-28T05:00:00Z,23183.6947,6440.015888,1.23846459,-0.19,0.43,0.586651,6.7,6.1,,0.44,0.416667,0.795513,0.786928,0.924251,0.948473,0.743272,674.2009,0.892335,0.0
2026-01-28T06:00:00Z,23724.4003,6742.630327,1.29665968,-0.12,0.43,0.582678,6.7,6.31,,0.44,0.305556,0.816918,0.809809,0.922533,0.947518,0.76913,690.8447,0.890044,0.0
2026-01-28T07:00:00Z,24318.1793,7074.948165,1.36056695,0.1,0.72,0.5775,6.8,6.07,,0.42,0.416667,0.840423,0.834935,0.925216,0.949009,0.795496,709.1221,0.893622,0.0
2026-01-28T08:00:00Z,24853.739,7374.682591,1.41820819,0.33,0.72,0.57147,6.9,5.97,,0.42,0.555556,0.861624,0.857598,0.926035,0.949464,0.819988,725.6075,0.894713,0.0
2026-01-28T09:00:00Z,25323.2169,7637.433353,1.46873718,0.48,0.72,0.565,6.9,5.87,,0.4,0.555556,0.880209,0.877464,0.927573,0.950318,0.841094,740.0588,0.896764,0.0
2026-01-28T10:00:00Z,25743.3951,7872.592725,1.51396014,0.53,0.72,0.55853,7.0,5.31,,0.38,0.361111,0.896842,0.895245,0.932875,0.953264,0.858238,752.9926,0.903833,0.0
2026-01-28T11:00:00Z,25935.7079,7980.223664,1.5346584,0.51,0.72,0.5525,7.2,5.53,,0.38,0.111111,0.904455,0.903383,0.931075,0.952264,0.867964,758.9123,0.901433,0.0
2026-01-28T12:00:00Z,26074.7375,8058.033792,1.54962188,0.35,0.72,0.547322,7.4,5.06,,0.36,0.166667,0.909958,0.909266,0.93564,0.9548,0.872387,763.1919,0.90752,0.0
2026-01-28T13:00:00Z,26070.4221,8055.618587,1.54915742,0.04,0.72,0.543349,7.6,4.6,,0.32,0.472222,0.909788,0.909083,0.940844,0.957691,0.869874,763.059,0.914458,0.0
2026-01-28T14:00:00Z,25878.7164,7948.327463,1.52852451,-0.33,0.72,0.540852,7.7,4.42,,0.3,0.666667,0.902199,0.900971,0.943036,0.958909,0.860002,757.158,0.917382,0.0
2026-01-28T15:00:00Z,25527.8321,7751.9495,1.49075952,-0.65,0.72,0.54,7.8,4.54,,0.26,0.694444,0.888309,0.886123,0.943495,0.959164,0.843514,746.3572,0.917993,0.0
2026-01-28T16:00:00Z,25038.4349,7478.050623,1.43808666,-0.86,0.72,0.540852,7.9,4.82,,0.26,0.583333,0.868935,0.865414,0.941204,0.957891,0.821818,731.2928,0.914938,0.0
2026-01-28T17:00:00Z,24510.835,7182.770934,1.3813021,-0.93,1.08,0.543349,8.0,4.84,,0.24,0.416667,0.84805,0.843088,0.94176,0.9582,0.797084,715.0524,0.91568,0.0
2026-01-28T18:00:00Z,23903.6021,6842.923468,1.31594682,-0.85,1.08,0.547322,8.0,5.19,,0.24,0.25,0.824012,0.817392,0.938896,0.956609,0.770175,696.3608,0.911862,0.0
2026-01-28T19:00:00Z,23271.3243,6489.059192,1.247896,-0.54,1.08,0.5525,8.1,5.83,,0.24,0.444444,0.798982,0.790636,0.93366,0.9537,0.743157,676.8983,0.90488,0.0
2026-01-28T20:00:00Z,22717.2141,6178.942638,1.1882582,-0.08,1.08,0.55853,8.1,6.11,,0.24,0.861111,0.777047,0.767188,0.931369,0.952427,0.718458,659.8418,0.901825,0.0
2026-01-28T21:00:00Z,22245.2134,5914.779946,1.13745768,0.36,1.08,0.565,8.2,6.33,,0.24,1.055556,0.758362,0.747215,0.929569,0.951427,0.697352,645.3129,0.899425,0.0
2026-01-28T22:00:00Z,21938.2524,5742.98437,1.10442007,0.74,0.72,0.57147,8.3,5.75,,0.28,1.0,0.746211,0.734226,0.932875,0.953264,0.681637,635.8641,0.903833,0.0
2026-01-28T23:00:00Z,21686.7789,5602.243209,1.07735446,1.03,0.72,0.5775,8.3,5.95,,0.34,0.805556,0.736256,0.723584,0.929078,0.951155,0.671653,628.1234,0.898771,0.0
2026-01-29T00:00:00Z,21597.7265,5552.403623,1.06776993,1.17,0.43,0.582678,8.4,6.0,,0.38,0.555556,0.732731,0.719816,0.927229,0.950127,0.668341,625.3822,0.896305,0.0
2026-01-29T01:00:00Z,21629.5123,5570.193084,1.07119098,1.09,0.43,0.586651,8.5,6.5,,0.38,0.194444,0.733989,0.721161,0.923138,0.947855,0.671635,626.3606,0.890851,0.0
2026-01-29T02:00:00Z,21783.5179,5656.384774,1.0877663,0.82,0.43,0.589148,8.5,7.16,,0.4,0.194444,0.740086,0.727678,0.917018,0.944455,0.681502,631.1012,0.882691,0.0
2026-01-29T03:00:00Z,22082.0985,5823.490093,1.11990194,0.47,0.43,0.59,8.5,7.65,,0.4,0.444444,0.751905,0.740313,0.913009,0.942227,0.697142,640.292,0.877345,0.0
2026-01-29T04:00:00Z,22503.2092,6059.171361,1.16522526,0.14,0.43,0.589148,8.5,7.9,,0.4,0.555556,0.768576,0.758132,0.910964,0.941091,0.717595,653.2544,0.874618,0.0
2026-01-29T05:00:00Z,23008.6803,6342.066274,1.21962813,-0.14,0.43,0.586651,8.5,7.95,,0.42,0.5,0.788585,0.779522,0.909835,0.940464,0.741557,668.8136,0.873113,0.0
2026-01-29T06:00:00Z,23531.5915,6634.721803,1.27590804,-0.33,0.43,0.582678,8.6,8.25,,0.42,0.388889,0.809285,0.80165,0.90738,0.9391,0.766916,684.9097,0.86984,0.0
2026-01-29T07:00:00Z,24091.9366,6948.327841,1.33621689,-0.34,0.72,0.5775,8.6,8.05,,0.46,0.111111,0.831467,0.825361,0.907576,0.939209,0.792836,702.158,0.870102,0.0
2026-01-29T08:00:00Z,24558.2254,7209.29374,1.38640264,-0.16,0.72,0.57147,8.7,8.36,,0.5,0.277778,0.849926,0.845093,0.9036,0.937,0.816244,716.5112,0.8648,0.0
2026-01-29T09:00:00Z,24978.5256,7444.521427,1.43163874,0.09,0.72,0.565,8.7,8.41,,0.54,0.583333,0.866564,0.862878,0.901751,0.935973,0.836572,729.4487,0.862335,0.0
2026-01-29T10:00:00Z,25375.1192,7666.481302,1.47432333,0.32,0.72,0.55853,8.9,7.85,,0.56,0.666667,0.882263,0.879661,0.905613,0.938118,0.853262,741.6565,0.867484,0.0
2026-01-29T11:00:00Z,25555.0726,7767.195057,1.49369136,0.52,0.72,0.5525,8.9,8.0,,0.6,0.583333,0.889387,0.887276,0.902945,0.936636,0.8628,747.1957,0.863927,0.0
2026-01-29T12:00:00Z,25589.7168,7786.584225,1.49742004,0.64,0.72,0.547322,8.9,8.25,,0.62,0.416667,0.890758,0.888742,0.90018,0.9351,0.865637,748.2621,0.86024,0.0
2026-01-29T13:00:00Z,25498.1129,7735.316667,1.4875609,0.58,0.72,0.543349,8.8,8.41,,0.62,0.166667,0.887132,0.884865,0.898871,0.934373,0.861967,745.4424,0.858495,0.0
2026-01-29T14:00:00Z,25231.4886,7586.096186,1.45886465,0.33,0.72,0.540852,8.7,8.81,,0.64,0.194444,0.876578,0.873583,0.894878,0.932155,0.851367,737.2353,0.853171,0.0
2026-01-29T15:00:00Z,24878.678,7388.640139,1.42089233,-0.05,0.72,0.54,8.6,8.96,,0.64,0.444444,0.862611,0.858653,0.893651,0.931473,0.835538,726.3752,0.851535,0.0
2026-01-29T16:00:00Z,24437.6133,7141.791283,1.3734214,-0.41,0.72,0.540852,8.7,9.0,,0.64,0.555556,0.845151,0.839989,0.893324,0.931291,0.815213,712.7985,0.851098,0.0
2026-01-29T17:00:00Z,23939.0481,6862.761376,1.3197618,-0.67,1.08,0.543349,8.8,8.91,,0.64,0.444444,0.825415,0.818892,0.89406,0.9317,0.791747,697.4519,0.85208,0.0
2026-01-29T18:00:00Z,23405.534,6564.171757,1.26234072,-0.82,1.08,0.547322,8.9,8.79,,0.64,0.305556,0.804295,0.796315,0.895042,0.932245,0.76655,681.0294,0.853389,0.0
2026-01-29T19:00:00Z,22873.809,6266.583425,1.2051122,-0.78,1.08,0.5525,8.9,8.64,,0.64,0.138889,0.783246,0.773815,0.896269,0.932927,0.741326,664.6621,0.855025,0.0
2026-01-29T20:00:00Z,22408.5891,6006.21572,1.15504148,-0.47,1.08,0.55853,8.9,8.1,,0.66,0.472222,0.76483,0.754129,0.898527,0.934182,0.718731,650.3419,0.858036,0.0
2026-01-29T21:00:00Z,21994.9395,5774.710213,1.11052119,0.01,1.08,0.565,8.7,7.81,,0.66,0.944444,0.748455,0.736624,0.89946,0.9347,0.699118,637.6091,0.85928,0.0
2026-01-29T22:00:00Z,21726.9553,5624.72862,1.08167858,0.54,0.72,0.57147,8.5,7.0,,0.66,1.194444,0.737847,0.725284,0.905367,0.937982,0.684055,629.3601,0.867156,0.0
2026-01-29T23:00:00Z,21522.1906,5510.128775,1.05964015,1.05,0.72,0.5775,8.5,6.89,,0.66,1.25,0.729741,0.716619,0.906267,0.938482,0.674152,623.0571,0.868356,0.0
2026-01-30T00:00:00Z,21411.2025,5448.012544,1.04769472,1.48,0.43,0.582678,8.6,7.34,,0.66,1.111111,0.725347,0.711923,0.902585,0.936436,0.670637,619.6407,0.863447,0.0
2026-01-30T01:00:00Z,21410.6269,5447.690383,1.04763277,1.71,0.43,0.586651,8.7,7.83,,0.78,0.805556,0.725324,0.711899,0.893536,0.931409,0.674632,619.623,0.851382,0.0
2026-01-30T02:00:00Z,21520.426,5509.141205,1.05945023,1.66,0.43,0.589148,8.8,8.57,,0.92,0.388889,0.729671,0.716545,0.882442,0.925245,0.684659,623.0028,0.836589,0.0
2026-01-30T03:00:00Z,21770.2084,5648.935868,1.08633382,1.35,0.43,0.59,8.7,9.13,,1.04,0.111111,0.739559,0.727115,0.87282,0.9199,0.700528,630.6915,0.82376,0.0
2026-01-30T04:00:00Z,22163.2777,5868.923318,1.1286391,0.92,0.43,0.589148,8.4,9.6,,1.02,0.416667,0.755119,0.743748,0.868975,0.917764,0.72048,642.7908,0.818633,0.0
2026-01-30T05:00:00Z,22628.544,6129.316972,1.1787148,0.46,0.43,0.586651,8.1,10.02,,1.0,0.611111,0.773537,0.763436,0.866978,0.916655,0.742961,657.1124,0.815971,0.0
2026-01-30T06:00:00Z,23128.0022,6408.846705,1.23247052,0.04,0.43,0.582678,8.1,10.43,,0.98,0.722222,0.793309,0.784571,0.865784,0.915991,0.766673,672.4866,0.814378,0.0
2026-01-30T07:00:00Z,23590.0109,6667.417195,1.28219561,-0.27,0.72,0.5775,8.0,10.97,,1.02,0.583333,0.811598,0.804122,0.859205,0.912336,0.791039,686.7079,0.805607,0.0
2026-01-30T08:00:00Z,24022.0474,6909.213212,1.32869485,-0.35,0.72,0.57147,7.9,11.4,,1.06,0.277778,0.8287,0.822404,0.852807,0.908782,0.813934,700.0067,0.797076,0.0
2026-01-30T09:00:00Z,24450.6357,7149.079485,1.37482298,-0.17,0.72,0.565,7.7,11.22,,1.1,0.305556,0.845667,0.84054,0.85356,0.9092,0.83349,713.1994,0.79808,0.0
2026-01-30T10:00:00Z,24711.5698,7295.115353,1.4029068,0.15,0.72,0.55853,7.3,11.69,,1.12,0.638889,0.855996,0.851582,0.850435,0.907464,0.84699,721.2313,0.793913,0.0
2026-01-30T11:00:00Z,24975.5304,7442.845088,1.43131636,0.49,0.72,0.5525,7.3,11.12,,1.14,0.805556,0.866445,0.862752,0.853658,0.909255,0.857808,729.3565,0.798211,0.0
2026-01-30T12:00:00Z,25106.5137,7516.151959,1.44541384,0.79,0.72,0.547322,7.3,10.55,,1.16,0.694444,0.87163,0.868294,0.856162,0.910645,0.862774,733.3884,0.801549,0.0
2026-01-30T13:00:00Z,25101.8061,7513.517286,1.44490717,0.97,0.72,0.543349,7.2,10.26,,1.08,0.5,0.871444,0.868095,0.860695,0.913164,0.860541,733.2435,0.807593,0.0
2026-01-30T14:00:00Z,24966.1876,7437.616241,1.43031082,0.91,0.72,0.540852,7.2,9.92,,1.0,0.111111,0.866075,0.862356,0.866356,0.916309,0.851731,729.0689,0.815142,0.0
2026-01-30T15:00:00Z,24726.4466,7303.441421,1.40450797,0.58,0.72,0.54,7.2,9.4,,0.92,0.333333,0.856585,0.852211,0.873491,0.920273,0.837433,721.6893,0.824655,0.0
2026-01-30T16:00:00Z,24316.4416,7073.97559,1.36037992,0.1,0.72,0.540852,7.1,9.27,,0.9,0.75,0.840354,0.834862,0.875275,0.921264,0.817611,709.0687,0.827033,0.0
2026-01-30T17:00:00Z,23796.3701,6782.909367,1.30440565,-0.39,1.08,0.543349,7.0,9.55,,0.86,0.888889,0.819767,0.812854,0.874424,0.920791,0.793852,693.06,0.825898,0.0
2026-01-30T18:00:00Z,23261.2483,6483.419972,1.24681153,-0.79,1.08,0.547322,6.8,9.57,,0.84,0.916667,0.798583,0.79021,0.87498,0.9211,0.768769,676.5881,0.82664,0.0
2026-01-30T19:00:00Z,22745.3019,6194.662379,1.19128123,-1.06,1.08,0.5525,6.7,9.39,,0.82,0.805556,0.778159,0.768377,0.876453,0.921918,0.744169,660.7064,0.828604,0.0
2026-01-30T20:00:00Z,22255.5615,5920.571412,1.13857143,-1.08,1.08,0.55853,6.8,9.3,,0.8,0.583333,0.758772,0.747653,0.879349,0.923527,0.720152,645.6314,0.832465,0.0
2026-01-30T21:00:00Z,21821.5179,5677.652044,1.09185616,-0.75,1.08,0.565,6.7,9.37,,0.78,0.472222,0.74159,0.729286,0.880216,0.924009,0.699622,632.2709,0.833622,0.0
2026-01-30T22:00:00Z,21525.6272,5512.052115,1.06001002,-0.18,0.72,0.57147,6.2,9.01,,0.76,0.888889,0.729877,0.716765,0.885322,0.926845,0.683621,623.1629,0.840429,0.0
2026-01-30T23:00:00Z,21318.5762,5396.172774,1.03772553,0.47,0.72,0.5775,6.3,9.04,,0.74,1.277778,0.721681,0.708003,0.887236,0.927909,0.67316,616.7895,0.842982,0.0
2026-01-31T00:00:00Z,20887.8323,5155.10013,0.99136541,1.1,0.43,0.582678,6.4,8.81,,0.72,1.305556,0.704629,0.689776,0.890558,0.929755,0.651692,603.5305,0.847411,0.0
2026-01-31T01:00:00Z,20942.8823,5185.909707,0.99729033,1.63,0.43,0.586651,6.5,8.98,,0.72,1.166667,0.706808,0.692105,0.889887,0.929382,0.654546,605.225,0.846516,0.0
2026-01-31T02:00:00Z,21148.5258,5301.001382,1.01942334,1.86,0.43,0.589148,6.5,8.87,,0.74,0.805556,0.714949,0.700807,0.890067,0.929482,0.66401,611.5551,0.846756,0.0
2026-01-31T03:00:00Z,21477.2468,5484.975279,1.05480294,1.72,0.43,0.59,6.6,8.78,,0.74,0.277778,0.727962,0.714718,0.891524,0.930291,0.678619,621.6736,0.848698,0.0
2026-01-31T04:00:00Z,21924.8163,5735.464642,1.10297397,1.3,0.43,0.589148,6.7,8.52,,0.72,0.361111,0.745679,0.733657,0.894371,0.931873,0.698126,635.4506,0.852495,0.0
2026-01-31T05:00:00Z,22424.9887,6015.394037,1.15680655,0.74,0.43,0.586651,6.7,8.4,,0.72,0.777778,0.765479,0.754822,0.895353,0.932418,0.720903,650.8467,0.853804,0.0
2026-01-31T06:00:00Z,22936.6311,6301.742825,1.21187362,0.15,0.43,0.582678,6.6,8.6,,0.7,1.027778,0.785733,0.776473,0.894436,0.931909,0.745056,666.5959,0.852582,0.0
2026-01-31T07:00:00Z,23438.7561,6582.765043,1.26591635,-0.4,0.72,0.5775,6.5,8.88,,0.68,1.138889,0.80561,0.797721,0.892865,0.931036,0.769059,682.0521,0.850487,0.0
2026-01-31T08:00:00Z,24011.8051,6903.480985,1.3275925,-0.78,0.72,0.57147,6.4,8.15,,0.66,1.0,0.828295,0.821971,0.898838,0.934355,0.793,699.6915,0.858451,0.0
2026-01-31T09:00:00Z,24506.1915,7180.172158,1.38080234,-0.84,0.72,0.565,6.2,7.56,,0.64,0.555556,0.847866,0.842891,0.903665,0.937036,0.8138,714.9095,0.864887,0.0
2026-01-31T10:00:00Z,24858.2391,7377.201179,1.41869253,-0.59,0.72,0.55853,5.5,7.39,,0.62,0.166667,0.861802,0.857788,0.905776,0.938209,0.829201,725.7461,0.867702,0.0
2026-01-31T11:00:00Z,25074.8753,7498.445048,1.44200866,-0.16,0.72,0.5525,5.5,7.29,,0.62,0.611111,0.870378,0.866956,0.907315,0.939064,0.838571,732.4145,0.869753,0.0
2026-01-31T12:00:00Z,25127.7201,7528.020459,1.44769624,0.31,0.72,0.547322,5.6,7.5,,0.6,0.805556,0.87247,0.869192,0.907036,0.938909,0.841148,734.0411,0.869382,0.0
2026-01-31T13:00:00Z,25016.4329,7465.736808,1.43571862,0.73,0.72,0.543349,5.6,7.92,,0.58,0.805556,0.868064,0.864483,0.90432,0.9374,0.83719,730.6155,0.86576,0.0
2026-01-31T14:00:00Z,24873.0532,7385.49214,1.42028695,0.95,0.72,0.540852,5.5,7.51,,0.54,0.555556,0.862388,0.858415,0.909115,0.940064,0.828405,726.2021,0.872153,0.0
2026-01-31T15:00:00Z,24590.0982,7227.131877,1.38983305,0.84,0.72,0.54,5.4,7.18,,0.52,0.166667,0.851187,0.846442,0.912535,0.941964,0.813752,717.4923,0.876713,0.0
2026-01-31T16:00:00Z,24231.2911,7026.319795,1.35121535,0.44,0.72,0.540852,5.4,6.67,,0.48,0.333333,0.836984,0.831258,0.918147,0.945082,0.794605,706.4476,0.884196,0.0
2026-01-31T17:00:00Z,23753.1959,6758.746239,1.29975889,-0.11,1.08,0.543349,5.4,6.52,,0.46,0.75,0.818058,0.811027,0.920095,0.946164,0.77155,691.731,0.886793,0.0
2026-01-31T18:00:00Z,23258.5166,6481.891148,1.24651753,-0.65,1.08,0.547322,5.4,6.21,,0.42,0.944444,0.798475,0.790094,0.924071,0.948373,0.746824,676.504,0.892095,0.0
2026-01-31T19:00:00Z,22753.027,6198.985862,1.19211267,-1.09,1.08,0.5525,5.3,5.91,,0.4,0.972222,0.778465,0.768704,0.927245,0.950136,0.721953,660.9442,0.896327,0.0
2026-01-31T20:00:00Z,22291.2975,5940.571646,1.14241762,-1.36,1.08,0.55853,5.3,5.56,,0.36,0.805556,0.760187,0.749165,0.931549,0.952527,0.698611,646.7314,0.902065,0.0
2026-01-31T21:00:00Z,21817.0994,5675.179193,1.09138061,-1.31,1.08,0.565,5.3,6.08,,0.34,0.5,0.741415,0.729099,0.928015,0.950564,0.678174,632.1349,0.897353,0.0
2026-01-31T22:00:00Z,21542.3576,5521.415545,1.06181068,-0.88,0.72,0.57147,5.1,5.45,,0.32,0.638889,0.730539,0.717473,0.933889,0.953827,0.662812,623.6779,0.905185,0.0
2026-01-31T23:00:00Z,21368.0291,5423.849838,1.04304805,-0.17,0.72,0.5775,5.1,5.01,,0.32,1.166667,0.723638,0.710096,0.937489,0.955827,0.653121,618.3117,0.909985,0.0
2026-02-01T00:00:00Z,21343.9781,5410.389339,1.04045949,0.64,0.43,0.582678,5.1,4.48,,0.3,1.555556,0.722686,0.709078,0.942545,0.958636,0.649757,617.5714,0.916727,0.0
2026-02-01T01:00:00Z,21406.7158,5445.501478,1.04721182,1.39,0.43,0.586651,5.2,4.66,,0.28,1.611111,0.72517,0.711733,0.941793,0.958218,0.653004,619.5026,0.915724,0.0
2026-02-01T02:00:00Z,21649.2934,5581.263871,1.07331998,1.94,0.43,0.589148,5.2,4.29,,0.28,1.361111,0.734772,0.721998,0.94482,0.9599,0.662917,626.9695,0.91976,0.0
2026-02-01T03:00:00Z,22033.9168,5796.524475,1.11471625,2.13,0.43,0.59,5.2,3.81,,0.26,0.861111,0.749998,0.738274,0.949467,0.962482,0.678702,638.8088,0.925956,0.0
2026-02-01T04:00:00Z,22522.9836,6070.238437,1.16735355,1.9,0.43,0.589148,5.3,3.29,,0.26,0.277778,0.769358,0.758969,0.953722,0.964845,0.699509,653.8631,0.931629,0.0
2026-02-01T05:00:00Z,23059.4467,6370.478512,1.22509202,1.37,0.43,0.586651,5.3,3.15,,0.24,0.527778,0.790595,0.78167,0.955587,0.965882,0.723578,670.3763,0.934116,0.0
2026-02-01T06:00:00Z,23660.9967,6707.145521,1.28983568,0.69,0.43,0.582678,5.4,2.69,,0.24,1.0,0.814408,0.807126,0.959351,0.967973,0.749824,688.893,0.939135,0.0
2026-02-01T07:00:00Z,24272.963,7049.642146,1.35570041,0.0,0.72,0.5775,5.6,2.17,,0.24,1.25,0.838633,0.833022,0.963605,0.970336,0.776335,707.7303,0.944807,0.0
2026-02-01T08:00:00Z,24832.2583,7362.660576,1.41589626,-0.62,0.72,0.57147,5.7,1.89,,0.22,1.305556,0.860774,0.856689,0.966616,0.972009,0.800955,724.9463,0.948822,0.0
2026-02-01T09:00:00Z,25316.6414,7633.753287,1.46802948,-0.99,0.72,0.565,5.8,1.58,,0.22,1.027778,0.879948,0.877186,0.969153,0.973418,0.822308,739.8564,0.952204,0.0
2026-02-01T10:00:00Z,25709.4816,7853.612537,1.5103101,-0.98,0.72,0.55853,6.2,1.17,,0.22,0.5,0.895499,0.89381,0.972507,0.975282,0.83905,751.9487,0.956676,0.0
2026-02-01T11:00:00Z,26005.6146,8019.348063,1.54218232,-0.61,0.72,0.5525,6.3,0.56,,0.2,0.444444,0.907222,0.906341,0.978218,0.978455,0.850255,761.0641,0.964291,0.0
2026-02-01T12:00:00Z,25964.1492,7996.141256,1.53771947,-0.05,0.72,0.547322,6.4,1.56,,0.2,0.944444,0.905581,0.904586,0.970036,0.973909,0.851967,759.7878,0.953382,0.0
2026-02-01T13:00:00Z,25823.0543,7917.175293,1.52253371,0.53,0.72,0.543349,6.4,2.2,,0.18,1.138889,0.899995,0.898616,0.96552,0.9714,0.847426,755.4446,0.94736,0.0
2026-02-01T14:00:00Z,25523.1655,7749.337762,1.49025726,0.98,0.72,0.540852,6.6,2.93,,0.18,1.055556,0.888124,0.885926,0.959547,0.968082,0.836163,746.2136,0.939396,0.0
2026-02-01T15:00:00Z,25095.2055,7509.823167,1.44419676,1.13,0.72,0.54,6.6,3.76,,0.16,0.694444,0.871183,0.867816,0.953476,0.964709,0.818999,733.0403,0.931302,0.0
2026-02-01T16:00:00Z,24577.3106,7219.975104,1.38845675,0.91,0.72,0.540852,6.8,4.45,,0.16,0.194444,0.850681,0.845901,0.947831,0.961573,0.797471,717.0986,0.923775,0.0
2026-02-01T17:00:00Z,24014.2402,6904.843836,1.32785458,0.38,1.08,0.543349,6.8,4.99,,0.14,0.361111,0.828391,0.822074,0.944133,0.959518,0.772982,699.7664,0.918844,0.0
2026-02-01T18:00:00Z,23422.6634,6573.758516,1.26418433,-0.27,1.08,0.547322,6.7,5.42,,0.14,0.805556,0.804973,0.79704,0.940615,0.957564,0.74709,681.5567,0.914153,0.0
2026-02-01T19:00:00Z,22838.7963,6246.988022,1.20134385,-0.89,1.08,0.5525,6.6,5.81,,0.14,0.972222,0.78186,0.772333,0.937424,0.955791,0.72141,663.5843,0.909898,0.0
2026-02-01T20:00:00Z,22300.0446,5945.467101,1.14335906,-1.37,1.08,0.55853,6.5,6.15,,0.14,0.972222,0.760533,0.749535,0.934642,0.954245,0.697642,647.0007,0.906189,0.0
2026-02-01T21:00:00Z,21814.9485,5673.975371,1.09114911,-1.63,1.08,0.565,6.5,6.73,,0.14,0.75,0.74133,0.729008,0.929896,0.951609,0.677238,632.0686,0.899862,0.0
2026-02-01T22:00:00Z,21416.2815,5450.855068,1.04824136,-1.5,0.72,0.57147,6.1,7.34,,0.2,0.416667,0.725548,0.712138,0.922745,0.947636,0.661913,619.797,0.890327,0.0
2026-02-01T23:00:00Z,21180.7038,5319.010316,1.0228866,-0.93,0.72,0.5775,6.1,7.56,,0.24,0.805556,0.716223,0.702169,0.919505,0.945836,0.65242,612.5456,0.886007,0.0
2026-02-02T00:00:00Z,21518.5696,5508.102217,1.05925043,-0.1,0.43,0.582678,6.0,7.19,,0.3,1.472222,0.729597,0.716466,0.920373,0.946318,0.667715,622.9456,0.887164,0.0
2026-02-02T01:00:00Z,21659.4182,5586.930372,1.07440969,0.8,0.43,0.586651,6.0,6.46,,0.28,1.805556,0.735173,0.722426,0.927065,0.950036,0.671277,627.2812,0.896087,0.0
2026-02-02T02:00:00Z,21928.717,5737.6477,1.10339379,1.58,0.43,0.589148,6.1,5.86,,0.28,1.805556,0.745834,0.733822,0.931975,0.952764,0.681594,635.5706,0.902633,0.0
2026-02-02T03:00:00Z,22339.0941,5967.321771,1.14756188,2.08,0.43,0.59,6.2,5.22,,0.26,1.444444,0.762079,0.751188,0.937931,0.956073,0.697993,648.2027,0.910575,0.0
2026-02-02T04:00:00Z,22830.9919,6242.620162,1.20050388,2.15,0.43,0.589148,6.5,4.83,,0.26,0.861111,0.781551,0.772003,0.941122,0.957845,0.719404,663.3441,0.914829,0.0
2026-02-02T05:00:00Z,23378.7808,6549.198885,1.25946132,1.8,0.43,0.586651,6.8,4.67,,0.26,0.166667,0.803236,0.795183,0.942431,0.958573,0.744246,680.2059,0.916575,0.0
2026-02-02T06:00:00Z,23980.3662,6885.885717,1.32420879,1.16,0.43,0.582678,6.9,4.38,,0.26,0.527778,0.82705,0.82064,0.944804,0.959891,0.771112,698.7237,0.919738,0.0
2026-02-02T07:00:00Z,24529.6437,7193.297564,1.38332645,0.41,0.72,0.5775,6.8,4.54,,0.28,0.916667,0.848794,0.843883,0.942775,0.958764,0.797506,715.6314,0.917033,0.0
2026-02-02T08:00:00Z,24954.7621,7431.221772,1.42908111,-0.32,0.72,0.57147,6.8,5.38,,0.32,1.111111,0.865623,0.861873,0.934462,0.954145,0.820931,728.7172,0.905949,0.0
2026-02-02T09:00:00Z,25296.3015,7622.369701,1.46584033,-0.89,0.72,0.565,6.8,6.29,,0.34,1.083333,0.879143,0.876326,0.926296,0.949609,0.840412,739.2303,0.895062,0.0
2026-02-02T10:00:00Z,25667.1284,7829.908893,1.50575171,-1.14,0.72,0.55853,7.0,5.89,,0.4,0.75,0.893823,0.892018,0.927409,0.950227,0.857128,750.645,0.896545,0.0
2026-02-02T11:00:00Z,25800.9938,7904.828741,1.52015937,-0.96,0.72,0.5525,7.0,6.46,,0.44,0.194444,0.899122,0.897682,0.921305,0.946836,0.866053,754.7656,0.888407,0.0
2026-02-02T12:00:00Z,25820.5636,7915.781333,1.52226564,-0.43,0.72,0.547322,7.0,6.72,,0.5,0.75,0.899897,0.89851,0.917018,0.944455,0.868867,755.368,0.882691,0.0
2026-02-02T13:00:00Z,25750.6643,7876.661063,1.51474251,0.24,0.72,0.543349,7.0,6.69,,0.5,1.194444,0.89713,0.895552,0.917264,0.944591,0.865514,753.2164,0.883018,0.0
2026-02-02T14:00:00Z,25548.4255,7763.474913,1.49297594,0.86,0.72,0.540852,6.9,6.64,,0.48,1.305556,0.889124,0.886994,0.918393,0.945218,0.855626,746.9911,0.884524,0.0
2026-02-02T15:00:00Z,25228.2893,7584.305635,1.45852031,1.27,0.72,0.54,6.8,6.44,,0.48,1.111111,0.876451,0.873447,0.920029,0.946127,0.840041,737.1368,0.886705,0.0
2026-02-02T16:00:00Z,24791.6139,7339.913344,1.4115218,1.33,0.72,0.540852,6.8,6.4,,0.46,0.666667,0.859165,0.854969,0.921076,0.946709,0.819308,723.6952,0.888102,0.0
2026-02-02T17:00:00Z,24285.667,7056.752132,1.35706772,0.99,1.08,0.543349,6.7,6.31,,0.44,0.083333,0.839136,0.833559,0.922533,0.947518,0.79518,708.1214,0.890044,0.0
2026-02-02T18:00:00Z,23760.6001,6762.890116,1.30055579,0.37,1.08,0.547322,6.6,6.02,,0.42,0.555556,0.818351,0.81134,0.925625,0.949236,0.769436,691.959,0.894167,0.0
2026-02-02T19:00:00Z,23245.8677,6474.811975,1.24515615,-0.35,1.08,0.5525,6.6,5.59,,0.4,0.972222,0.797975,0.789559,0.929864,0.951591,0.743663,676.1147,0.899818,0.0
2026-02-02T20:00:00Z,22777.257,6212.546588,1.1947205,-1.0,1.08,0.55853,6.6,5.03,,0.38,1.166667,0.779424,0.769729,0.935165,0.954536,0.719558,661.6901,0.906887,0.0
2026-02-02T21:00:00Z,22333.4926,5964.186817,1.146959,-1.48,1.08,0.565,6.6,4.97,,0.36,1.083333,0.761857,0.750951,0.936376,0.955209,0.698424,648.0303,0.908502,0.0
2026-02-02T22:00:00Z,22046.8266,5803.749632,1.1161057,-1.66,0.72,0.57147,6.6,4.31,,0.34,0.75,0.750509,0.73882,0.942496,0.958609,0.682399,639.2062,0.916662,0.0
2026-02-02T23:00:00Z,21872.1528,5705.990652,1.09730589,-1.38,0.72,0.5775,6.6,3.89,,0.3,0.361111,0.743594,0.731429,0.947373,0.961318,0.672125,633.8295,0.923164,0.0
2026-02-03T00:00:00Z,21834.5655,5684.954372,1.09326046,-0.68,0.43,0.582678,6.6,3.5,,0.28,0.916667,0.742107,0.729838,0.951284,0.963491,0.668643,632.6725,0.928378,0.0
2026-02-03T01:00:00Z,21946.3872,5747.537111,1.1052956,0.23,0.43,0.586651,6.7,3.14,,0.26,1.555556,0.746533,0.73457,0.954949,0.965527,0.672203,636.1145,0.933265,0.0
2026-02-03T02:00:00Z,22209.1461,5894.594306,1.13357583,1.12,0.43,0.589148,6.8,2.75,,0.24,1.805556,0.756935,0.745689,0.95886,0.9677,0.68266,644.2027,0.93848,0.0
2026-02-03T03:00:00Z,22601.2431,6114.037607,1.17577646,1.82,0.43,0.59,6.9,2.42,,0.22,1.666667,0.772456,0.762281,0.96228,0.9696,0.699338,656.2721,0.94304,0.0
2026-02-03T04:00:00Z,23125.8328,6407.632554,1.23223703,2.16,0.43,0.589148,7.0,1.8,,0.22,1.166667,0.793223,0.78448,0.967353,0.972418,0.72143,672.4198,0.949804,0.0
2026-02-03T05:00:00Z,23708.4933,6733.727738,1.29494764,2.04,0.43,0.586651,7.1,1.49,,0.2,0.5,0.816288,0.809136,0.970609,0.974227,0.747025,690.355,0.954145,0.0
2026-02-03T06:00:00Z,24292.3007,7060.464753,1.35778168,1.51,0.43,0.582678,7.3,1.53,,0.2,0.25,0.839399,0.83384,0.970282,0.974045,0.774266,708.3256,0.953709,0.0
2026-02-03T07:00:00Z,24834.8833,7364.129735,1.4161788,0.74,0.72,0.5775,7.4,1.95,,0.2,0.861111,0.860877,0.8568,0.966845,0.972136,0.800975,725.0271,0.949127,0.0
2026-02-03T08:00:00Z,25275.7413,7610.862882,1.46362748,-0.06,0.72,0.57147,7.6,2.95,,0.18,1.25,0.878329,0.875455,0.959384,0.967991,0.824752,738.5975,0.939178,0.0
2026-02-03T09:00:00Z,25643.5974,7816.7394,1.50321912,-0.76,0.72,0.565,7.9,3.79,,0.18,1.361111,0.892891,0.891022,0.952511,0.964173,0.844879,749.9207,0.930015,0.0
2026-02-03T10:00:00Z,25808.3849,7908.965329,1.52095487,-1.24,0.72,0.55853,8.0,5.2,,0.24,1.194444,0.899415,0.897995,0.938815,0.956564,0.858615,754.9931,0.911753,0.0
2026-02-03T11:00:00Z,25892.6114,7956.104036,1.53002001,-1.34,0.72,0.5525,8.3,6.2,,0.28,0.694444,0.902749,0.901559,0.929193,0.951218,0.8668,757.5857,0.898924,0.0
2026-02-03T12:00:00Z,25893.2713,7956.473336,1.53009103,-0.98,0.72,0.547322,8.5,6.62,,0.34,0.138889,0.902775,0.901587,0.923596,0.948109,0.869318,757.606,0.891462,0.0
2026-02-03T13:00:00Z,25769.9522,7887.455862,1.51681844,-0.34,0.72,0.543349,8.6,7.03,,0.34,0.777778,0.897893,0.896369,0.920242,0.946245,0.865085,753.8101,0.886989,0.0
2026-02-03T14:00:00Z,25553.1736,7766.132272,1.49348698,0.35,0.72,0.540852,8.8,7.1,,0.32,1.166667,0.889312,0.887195,0.920389,0.946327,0.854959,747.1373,0.887185,0.0
2026-02-03T15:00:00Z,25147.2536,7538.952706,1.4497986,0.91,0.72,0.54,8.9,7.64,,0.32,1.111111,0.873243,0.870018,0.915971,0.943873,0.838083,734.6424,0.881295,0.0
2026-02-03T16:00:00Z,24682.7553,7278.988853,1.39980555,1.2,0.72,0.540852,9.0,7.81,,0.32,0.805556,0.854855,0.850363,0.91458,0.9431,0.817143,720.3444,0.87944,0.0
2026-02-03T17:00:00Z,24214.4624,7016.901318,1.3494041,1.11,1.08,0.543349,9.2,7.41,,0.3,0.361111,0.836317,0.830546,0.918573,0.945318,0.793635,705.9296,0.884764,0.0
2026-02-03T18:00:00Z,23722.0897,6741.337149,1.29641099,0.64,1.08,0.547322,9.3,6.77,,0.3,0.555556,0.816826,0.809711,0.923809,0.948227,0.768456,690.7735,0.891745,0.0
2026-02-03T19:00:00Z,23156.0351,6424.53574,1.23548764,-0.05,1.08,0.5525,9.3,6.82,,0.3,1.055556,0.794418,0.785758,0.9234,0.948,0.742366,673.3495,0.8912,0.0
2026-02-03T20:00:00Z,22629.8366,6130.040392,1.17885392,-0.78,1.08,0.55853,9.3,6.92,,0.28,1.388889,0.773588,0.763491,0.923302,0.947945,0.717988,657.1522,0.891069,0.0
2026-02-03T21:00:00Z,22200.8497,5889.951112,1.13268291,-1.36,1.08,0.565,9.3,6.7,,0.28,1.444444,0.756606,0.745338,0.925102,0.948945,0.697279,643.9473,0.893469,0.0
2026-02-03T22:00:00Z,21916.5809,5730.855575,1.10208761,-1.71,0.72,0.57147,9.5,6.0,,0.28,1.166667,0.745353,0.733309,0.930829,0.952127,0.68154,635.1971,0.901105,0.0
2026-02-03T23:00:00Z,21741.9244,5633.106293,1.08328967,-1.7,0.72,0.5775,9.5,5.55,,0.26,0.666667,0.738439,0.725918,0.935231,0.954573,0.671477,629.8208,0.906975,0.0
2026-02-04T00:00:00Z,21694.1463,5606.366506,1.0781474,-1.24,0.43,0.582678,9.6,5.23,,0.26,0.222222,0.736548,0.723896,0.937849,0.956027,0.668096,628.3502,0.910465,0.0
2026-02-04T01:00:00Z,21810.8564,5671.685148,1.09070868,-0.41,0.43,0.586651,9.6,4.8,,0.24,1.0,0.741168,0.728835,0.942087,0.958382,0.671629,631.9427,0.916116,0.0
2026-02-04T02:00:00Z,22059.1794,5810.663045,1.1174352,0.51,0.43,0.589148,9.6,4.48,,0.24,1.5,0.750998,0.739343,0.944705,0.959836,0.681991,639.5865,0.919607,0.0
2026-02-04T03:00:00Z,22481.1475,6046.824198,1.16285081,1.31,0.43,0.59,9.5,3.76,,0.22,1.583333,0.767702,0.757199,0.951316,0.963509,0.698637,652.5753,0.928422,0.0
2026-02-04T04:00:00Z,23015.7931,6346.047105,1.22039367,1.86,0.43,0.589148,9.4,3.04,,0.2,1.222222,0.788867,0.779823,0.957927,0.967182,0.720512,669.0326,0.937236,0.0
2026-02-04T05:00:00Z,23635.3055,6692.766991,1.28707058,2.01,0.43,0.586651,9.2,2.3,,0.18,0.638889,0.813391,0.806038,0.964702,0.970945,0.746254,688.1022,0.946269,0.0
2026-02-04T06:00:00Z,24277.41,7052.130939,1.35617903,1.73,0.43,0.582678,9.2,1.8,,0.16,0.25,0.838809,0.83321,0.969513,0.973618,0.773916,707.8672,0.952684,0.0
2026-02-04T07:00:00Z,24863.6339,7380.220441,1.41927316,1.1,0.72,0.5775,9.4,1.87,,0.14,0.861111,0.862016,0.858017,0.96966,0.9737,0.801058,725.9121,0.95288,0.0
2026-02-04T08:00:00Z,25380.4023,7669.4381,1.47489194,0.31,0.72,0.57147,9.5,2.14,,0.14,1.361111,0.882472,0.879884,0.967451,0.972473,0.826024,741.8191,0.949935,0.0
2026-02-04T09:00:00Z,25800.7489,7904.691688,1.52013302,-0.42,0.72,0.565,9.6,2.62,,0.12,1.611111,0.899112,0.897672,0.964244,0.970691,0.846958,754.758,0.945658,0.0
2026-02-04T10:00:00Z,26131.8504,8089.997925,1.55576883,-0.99,0.72,0.55853,9.5,2.85,,0.12,1.5,0.912219,0.911683,0.962362,0.969645,0.863162,764.9499,0.943149,0.0
2026-02-04T11:00:00Z,26255.4657,8159.181188,1.56907331,-1.28,0.72,0.5525,9.7,3.69,,0.12,1.111111,0.917113,0.916914,0.955489,0.965827,0.871953,768.755,0.933985,0.0
2026-02-04T12:00:00Z,26283.1662,8174.684199,1.57205465,-1.15,0.72,0.547322,9.8,4.09,,0.12,0.416667,0.918209,0.918086,0.952216,0.964009,0.874693,769.6076,0.929622,0.0
2026-02-04T13:00:00Z,26211.7665,8134.724222,1.56437004,-0.61,0.72,0.543349,9.8,3.99,,0.14,0.416667,0.915383,0.915065,0.952315,0.964064,0.871336,767.4098,0.929753,0.0
2026-02-04T14:00:00Z,25958.8409,7993.170399,1.53714815,0.12,0.72,0.540852,9.9,4.12,,0.18,1.055556,0.905371,0.904362,0.949811,0.962673,0.86071,759.6244,0.926415,0.0
2026-02-04T15:00:00Z,25558.7993,7769.280798,1.49409246,0.79,0.72,0.54,10.1,4.46,,0.2,1.333333,0.889534,0.887433,0.946309,0.960727,0.8437,747.3104,0.921745,0.0
2026-02-04T16:00:00Z,25058.0239,7489.013899,1.44019498,1.26,0.72,0.540852,10.2,4.77,,0.22,1.166667,0.869711,0.866243,0.943053,0.958918,0.821906,731.8958,0.917404,0.0
2026-02-04T17:00:00Z,24573.4413,7217.809575,1.3880403,1.43,1.08,0.543349,10.3,4.32,,0.22,0.75,0.850528,0.845737,0.946735,0.960964,0.797779,716.9795,0.922313,0.0
2026-02-04T18:00:00Z,24024.7816,6910.743473,1.32898913,1.23,1.08,0.547322,10.1,4.01,,0.24,0.416667,0.828809,0.82252,0.942071,0.958373,0.774388,700.0909,0.916095,0.0
2026-02-04T19:00:00Z,23521.2401,6628.928501,1.27479394,0.68,1.08,0.5525,9.9,3.34,,0.22,0.722222,0.808875,0.801212,0.949713,0.962618,0.747621,684.5911,0.926284,0.0
2026-02-04T20:00:00Z,23030.5118,6354.284649,1.22197782,-0.03,1.08,0.55853,10.7,2.82,,0.22,1.166667,0.789449,0.780446,0.954687,0.965382,0.722635,669.4857,0.932916,0.0
2026-02-04T21:00:00Z,22661.515,6147.769709,1.18226341,-0.7,1.08,0.565,10.5,1.81,,0.2,1.388889,0.774842,0.764831,0.962951,0.969973,0.701837,658.1273,0.943935,0.0
2026-02-04T22:00:00Z,22275.6776,5931.829706,1.14073648,-1.18,0.72,0.57147,9.8,2.17,,0.18,1.361111,0.759568,0.748504,0.960005,0.968336,0.685239,646.2506,0.940007,0.0
2026-02-04T23:00:00Z,22082.3422,5823.626483,1.11992817,-1.38,0.72,0.5775,9.7,1.85,,0.16,1.027778,0.751915,0.740323,0.965504,0.971391,0.673822,640.2995,0.947338,0.0
2026-02-05T00:00:00Z,21981.7216,5767.312571,1.10909857,-1.21,0.43,0.582678,9.6,2.19,,0.14,0.5,0.747932,0.736065,0.965602,0.971445,0.669109,637.2022,0.947469,0.0
2026-02-05T01:00:00Z,22040.3467,5800.123057,1.11540828,-0.61,0.43,0.586651,9.3,2.47,,0.12,0.472222,0.750253,0.738546,0.964751,0.970973,0.672208,639.0068,0.946335,0.0
2026-02-05T02:00:00Z,22262.458,5924.431141,1.13931368,0.24,0.43,0.589148,9.1,2.51,,0.12,1.111111,0.759045,0.747945,0.965144,0.971191,0.682342,645.8437,0.946858,0.0
2026-02-05T03:00:00Z,22623.2009,6126.326626,1.17813974,1.06,0.43,0.59,9.0,2.55,,0.1,1.388889,0.773326,0.76321,0.965536,0.971409,0.69891,656.948,0.947382,0.0
2026-02-05T04:00:00Z,23050.8376,6365.660305,1.22416544,1.67,0.43,0.589148,9.0,2.79,,0.16,1.305556,0.790254,0.781306,0.961413,0.969118,0.720589,670.1113,0.941884,0.0
2026-02-05T05:00:00Z,23503.3715,6618.928051,1.27287078,1.98,0.43,0.586651,9.0,3.46,,0.24,0.888889,0.808168,0.800456,0.952331,0.964073,0.745629,684.041,0.929775,0.0
2026-02-05T06:00:00Z,23956.233,6872.379191,1.32161138,1.91,0.43,0.582678,9.1,4.49,,0.3,0.305556,0.826095,0.819619,0.941744,0.958191,0.771352,697.9809,0.915658,0.0
2026-02-05T07:00:00Z,24407.118,7124.724088,1.37013925,1.46,0.72,0.5775,9.2,5.68,,0.28,0.361111,0.843944,0.838699,0.930567,0.951982,0.797245,711.8598,0.900756,0.0
2026-02-05T08:00:00Z,24864.6528,7380.790702,1.41938283,0.74,0.72,0.57147,9.4,6.31,,0.28,1.0,0.862056,0.85806,0.926853,0.949918,0.820131,725.9435,0.895804,0.0
2026-02-05T09:00:00Z,25355.3418,7655.41255,1.47219472,-0.03,0.72,0.565,9.5,6.03,,0.26,1.361111,0.88148,0.878824,0.930584,0.951991,0.841246,741.0477,0.900778,0.0
2026-02-05T10:00:00Z,25771.587,7888.370796,1.51699438,-0.67,0.72,0.55853,9.4,5.51,,0.24,1.444444,0.897958,0.896438,0.936278,0.955155,0.858034,753.8604,0.908371,0.0
2026-02-05T11:00:00Z,26090.9155,8067.088061,1.55136309,-1.06,0.72,0.5525,9.4,4.68,,0.24,1.194444,0.910599,0.909951,0.943069,0.958927,0.869836,763.6898,0.917425,0.0
2026-02-05T12:00:00Z,26268.3217,8166.376248,1.57045697,-1.15,0.72,0.547322,9.4,3.9,,0.22,0.722222,0.917622,0.917458,0.950171,0.962873,0.874914,769.1507,0.926895,0.0
2026-02-05T13:00:00Z,26231.0544,8145.51902,1.56644597,-0.83,0.72,0.543349,9.4,3.58,,0.22,0.277778,0.916146,0.915881,0.952069,0.963927,0.87234,768.0035,0.929425,0.0
2026-02-05T14:00:00Z,26021.1599,8028.048239,1.54385543,-0.19,0.72,0.540852,9.3,3.47,,0.22,0.861111,0.907838,0.906999,0.951529,0.963627,0.862839,761.5427,0.928705,0.0
2026-02-05T15:00:00Z,25641.861,7815.767551,1.50303222,0.53,0.72,0.54,9.2,3.68,,0.22,1.305556,0.892823,0.890948,0.949091,0.962273,0.846319,749.8672,0.925455,0.0
2026-02-05T16:00:00Z,25090.2058,7507.024995,1.44365865,1.08,0.72,0.540852,9.1,4.42,,0.24,1.361111,0.870985,0.867604,0.941596,0.958109,0.824047,732.8864,0.915462,0.0
2026-02-05T17:00:00Z,24483.6966,7167.582511,1.37838125,1.39,1.08,0.543349,9.1,5.03,,0.26,1.0,0.846975,0.841939,0.936605,0.955336,0.798116,714.217,0.908807,0.0
2026-02-05T18:00:00Z,23817.8523,6794.932194,1.30671773,1.41,1.08,0.547322,9.2,5.9,,0.28,0.5,0.820617,0.813763,0.928767,0.950982,0.770697,693.7213,0.898356,0.0
2026-02-05T19:00:00Z,23114.4233,6401.24702,1.23100904,1.1,1.08,0.5525,9.3,6.87,,0.42,0.111111,0.792771,0.783997,0.916511,0.944173,0.743497,672.0686,0.882015,0.0
2026-02-05T20:00:00Z,22430.5503,6018.506659,1.15740513,0.52,1.08,0.55853,9.3,8.24,,0.54,0.611111,0.765699,0.755058,0.895942,0.932745,0.720899,651.0179,0.854589,0.0
2026-02-05T21:00:00Z,21810.9871,5671.758331,1.09072276,-0.13,1.08,0.565,9.0,9.8,,0.68,0.944444,0.741173,0.72884,0.878858,0.923255,0.699737,631.9467,0.831811,0.0
2026-02-05T22:00:00Z,21330.5837,5402.892962,1.03901788,-0.65,0.72,0.57147,8.9,11.26,,0.76,0.916667,0.722156,0.708511,0.866193,0.916218,0.68307,617.1591,0.814924,0.0
2026-02-05T23:00:00Z,21131.9297,5291.713106,1.01763714,-0.91,0.72,0.5775,8.6,10.99,,0.82,0.638889,0.714292,0.700105,0.867682,0.917045,0.673189,611.0442,0.816909,0.0
2026-02-06T00:00:00Z,21092.0487,5269.393044,1.01334482,-0.87,0.43,0.582678,8.3,10.38,,0.9,0.416667,0.712713,0.698418,0.870513,0.918618,0.67008,609.8166,0.820684,0.0
2026-02-06T01:00:00Z,21186.0148,5321.982669,1.02345821,-0.47,0.43,0.586651,8.0,10.04,,0.92,0.777778,0.716433,0.702394,0.871855,0.919364,0.673844,612.709,0.822473,0.0
2026-02-06T02:00:00Z,21386.4962,5434.185252,1.04503563,0.21,0.43,0.589148,7.7,9.99,,0.96,1.333333,0.724369,0.710877,0.870824,0.918791,0.683607,618.8802,0.821098,0.0
2026-02-06T03:00:00Z,21679.4645,5598.149617,1.07656723,1.0,0.43,0.59,7.4,10.33,,0.98,1.75,0.735967,0.723275,0.868042,0.917245,0.69844,627.8982,0.817389,0.0
2026-02-06T04:00:00Z,22055.107,5808.383906,1.11699691,1.64,0.43,0.589148,7.2,10.82,,1.0,1.75,0.750837,0.73917,0.864753,0.915418,0.717336,639.4611,0.813004,0.0
2026-02-06T05:00:00Z,22500.0368,6057.395927,1.16488383,2.02,0.43,0.586651,7.0,11.27,,1.02,1.388889,0.76845,0.757998,0.860351,0.912973,0.739942,653.1568,0.807135,0.0
2026-02-06T06:00:00Z,23006.0526,6340.595641,1.21934532,2.12,0.43,0.582678,6.8,11.43,,1.04,0.861111,0.788481,0.779411,0.857602,0.911445,0.764649,668.7328,0.803469,0.0
2026-02-06T07:00:00Z,23510.7454,6623.054968,1.27366442,1.87,0.72,0.5775,6.6,11.52,,1.08,0.194444,0.80846,0.800768,0.854705,0.909836,0.78936,684.268,0.799607,0.0
2026-02-06T08:00:00Z,24000.7793,6897.310226,1.32640581,1.33,0.72,0.57147,6.3,11.34,,1.14,0.472222,0.827859,0.821504,0.852578,0.908655,0.813048,699.3521,0.796771,0.0
2026-02-06T09:00:00Z,24355.7082,7095.951768,1.36460611,0.63,0.72,0.565,6.2,11.79,,1.18,0.972222,0.841909,0.836523,0.843856,0.903809,0.833398,710.2773,0.785142,0.0
2026-02-06T10:00:00Z,24742.1358,7312.222103,1.40619656,-0.04,0.72,0.55853,5.5,11.37,,1.14,1.194444,0.857206,0.852875,0.845133,0.904518,0.850765,722.1722,0.786844,0.0
2026-02-06T11:00:00Z,24995.1197,7453.808555,1.43342472,-0.49,0.72,0.5525,5.1,11.02,,1.12,1.166667,0.867221,0.863581,0.846556,0.905309,0.861873,729.9595,0.788742,0.0
2026-02-06T12:00:00Z,25124.6906,7526.324959,1.44737018,-0.7,0.72,0.547322,4.9,10.65,,1.08,0.861111,0.87235,0.869064,0.853184,0.908991,0.864942,733.9479,0.797578,0.0
2026-02-06T13:00:00Z,25041.8327,7479.952208,1.43845235,-0.59,0.72,0.543349,4.9,10.82,,1.06,0.5,0.86907,0.865557,0.855393,0.910218,0.860114,731.3974,0.800524,0.0
2026-02-06T14:00:00Z,24873.3025,7385.631651,1.42031378,-0.16,0.72,0.540852,5.0,10.64,,1.02,0.583333,0.862398,0.858426,0.861905,0.913836,0.849398,726.2097,0.809207,0.0
2026-02-06T15:00:00Z,24586.3706,7225.045643,1.38943185,0.46,0.72,0.54,5.0,10.36,,1.0,1.027778,0.85104,0.846284,0.866356,0.916309,0.834103,717.3775,0.815142,0.0
2026-02-06T16:00:00Z,24214.8588,7017.123172,1.34944676,1.02,0.72,0.540852,5.0,9.99,,0.96,1.222222,0.836333,0.830563,0.872984,0.919991,0.813915,705.9418,0.823978,0.0
2026-02-06T17:00:00Z,23729.7333,6745.61502,1.29723366,1.38,1.08,0.543349,5.1,9.92,,0.94,1.055556,0.817129,0.810034,0.874996,0.921109,0.790505,691.0088,0.826662,0.0
2026-02-06T18:00:00Z,23222.4811,6461.723318,1.2426391,1.51,1.08,0.547322,5.0,9.76,,0.9,0.611111,0.797049,0.788569,0.877745,0.922636,0.765741,675.3948,0.830327,0.0
2026-02-06T19:00:00Z,22699.2841,6168.907796,1.18632842,1.39,1.08,0.5525,4.8,9.61,,0.9,0.138889,0.776337,0.76643,0.878973,0.923318,0.740913,659.2899,0.831964,0.0
2026-02-06T20:00:00Z,22202.9948,5891.151612,1.13291377,0.96,1.08,0.55853,4.7,9.55,,0.9,0.472222,0.756691,0.745429,0.879464,0.923591,0.717662,644.0133,0.832618,0.0
2026-02-06T21:00:00Z,21747.5784,5636.270655,1.0838982,0.35,1.08,0.565,4.6,9.82,,0.9,0.944444,0.738663,0.726157,0.877255,0.922364,0.697507,629.9949,0.829673,0.0
2026-02-06T22:00:00Z,21464.2968,5477.727626,1.05340916,-0.26,0.72,0.57147,4.0,9.28,,0.9,1.222222,0.727449,0.71417,0.881673,0.924818,0.682396,621.275,0.835564,0.0
2026-02-06T23:00:00Z,21237.3426,5350.709077,1.02898251,-0.71,0.72,0.5775,3.8,9.56,,0.88,1.194444,0.718465,0.704566,0.880102,0.923945,0.672561,614.289,0.833469,0.0
2026-02-07T00:00:00Z,20731.0006,5067.326791,0.97448592,-0.9,0.43,0.582678,3.6,10.25,,0.88,0.916667,0.698421,0.683139,0.874456,0.920809,0.65157,598.703,0.825942,0.0
2026-02-07T01:00:00Z,20814.4016,5114.00347,0.98346221,-0.8,0.43,0.586651,3.5,10.12,,0.86,0.527778,0.701722,0.686669,0.87624,0.9218,0.654648,601.2702,0.82832,0.0
2026-02-07T02:00:00Z,21026.8187,5232.88607,1.00632424,-0.42,0.43,0.589148,3.5,10.02,,0.84,0.5,0.710131,0.695657,0.877778,0.922655,0.663823,607.8087,0.830371,0.0
2026-02-07T03:00:00Z,21390.3478,5436.34086,1.04545017,0.2,0.43,0.59,3.6,9.54,,0.82,0.888889,0.724522,0.71104,0.882425,0.925236,0.678629,618.9987,0.836567,0.0
2026-02-07T04:00:00Z,21814.4682,5673.706597,1.09109742,0.82,0.43,0.589148,3.6,9.5,,0.8,1.166667,0.741311,0.728988,0.883473,0.925818,0.697848,632.0539,0.837964,0.0
2026-02-07T05:00:00Z,22283.2931,5936.091837,1.14155612,1.25,0.43,0.586651,3.7,9.72,,0.78,1.111111,0.75987,0.748826,0.882393,0.925218,0.720087,646.4851,0.836524,0.0
2026-02-07T06:00:00Z,22763.365,6204.771714,1.19322533,1.43,0.43,0.582678,3.7,10.17,,0.76,0.75,0.778874,0.769141,0.879431,0.923573,0.743684,661.2624,0.832575,0.0
2026-02-07T07:00:00Z,23288.3719,6498.600123,1.24973079,1.37,0.72,0.5775,3.8,10.15,,0.74,0.25,0.799657,0.791358,0.880315,0.924064,0.767657,677.423,0.833753,0.0
2026-02-07T08:00:00Z,23795.8116,6782.59677,1.30434553,1.04,0.72,0.57147,3.8,9.91,,0.74,0.25,0.819745,0.81283,0.882278,0.925155,0.790336,693.0428,0.836371,0.0
2026-02-07T09:00:00Z,24237.2455,7029.652264,1.3518562,0.47,0.72,0.565,3.7,9.73,,0.72,0.75,0.837219,0.83151,0.884471,0.926373,0.809849,706.6309,0.839295,0.0
2026-02-07T10:00:00Z,24570.7881,7216.324653,1.38775474,-0.17,0.72,0.55853,3.5,9.6,,0.72,1.111111,0.850423,0.845625,0.885535,0.926964,0.824856,716.8979,0.840713,0.0
2026-02-07T11:00:00Z,24742.4477,7312.396691,1.40623013,-0.7,0.72,0.5525,3.3,9.85,,0.72,1.138889,0.857218,0.852889,0.883489,0.925827,0.833732,722.1818,0.837985,0.0
2026-02-07T12:00:00Z,24821.1845,7356.462977,1.41470442,-0.99,0.72,0.547322,3.1,9.76,,0.72,0.888889,0.860335,0.85622,0.884225,0.926236,0.837059,724.6055,0.838967,0.0
2026-02-07T13:00:00Z,24752.5739,7318.06396,1.40731999,-1.03,0.72,0.543349,2.9,9.7,,0.74,0.527778,0.857619,0.853317,0.883996,0.926109,0.833977,722.4935,0.838662,0.0
2026-02-07T14:00:00Z,24513.5258,7184.276901,1.38159171,-0.79,0.72,0.540852,2.7,10.04,,0.74,0.305556,0.848156,0.843201,0.881215,0.924564,0.824118,715.1352,0.834953,0.0
2026-02-07T15:00:00Z,24158.8955,6985.80246,1.34342355,-0.28,0.72,0.54,2.5,10.31,,0.76,0.75,0.834118,0.828195,0.878285,0.922936,0.808961,704.2191,0.831047,0.0
2026-02-07T16:00:00Z,23732.9478,6747.414051,1.29757963,0.33,0.72,0.540852,2.5,10.37,,0.78,1.111111,0.817256,0.81017,0.877075,0.922264,0.789731,691.1078,0.829433,0.0
2026-02-07T17:00:00Z,23229.8175,6465.829219,1.2434287,0.81,1.08,0.543349,2.4,10.53,,0.8,1.194444,0.797339,0.78888,0.875045,0.921136,0.767282,675.6206,0.826727,0.0
2026-02-07T18:00:00Z,22708.403,6174.011319,1.18730987,1.08,1.08,0.547322,2.4,10.54,,0.82,0.944444,0.776698,0.766815,0.874244,0.920691,0.743438,659.5706,0.825658,0.0
2026-02-07T19:00:00Z,22076.0368,5820.097575,1.11924953,1.15,1.08,0.5525,2.3,11.05,,1.06,0.555556,0.751665,0.740056,0.861431,0.913573,0.719784,640.1054,0.808575,0.0
2026-02-07T20:00:00Z,21498.6754,5496.968126,1.05710926,1.0,1.08,0.55853,2.2,11.52,,1.28,0.083333,0.72881,0.715624,0.849665,0.907036,0.698217,622.3332,0.792887,0.0
2026-02-07T21:00:00Z,21046.4083,5243.849684,1.00843263,0.61,1.08,0.565,2.1,11.35,,1.52,0.416667,0.710906,0.696486,0.842416,0.903009,0.680449,608.4117,0.783222,0.0
2026-02-07T22:00:00Z,20891.1725,5156.969517,0.99172491,0.08,0.72,0.57147,1.8,10.15,,1.32,0.777778,0.704761,0.689917,0.859435,0.912464,0.66568,603.6333,0.805913,0.0
2026-02-07T23:00:00Z,20734.5848,5069.332718,0.97487168,-0.4,0.72,0.5775,1.6,10.35,,1.1,0.944444,0.698563,0.683291,0.865718,0.915955,0.65562,598.8133,0.814291,0.0
2026-02-08T00:00:00Z,20703.3126,5051.830724,0.97150591,-0.69,0.43,0.582678,1.3,10.53,,0.9,0.861111,0.697325,0.681968,0.871445,0.919136,0.651623,597.8507,0.821927,0.0
2026-02-08T01:00:00Z,20775.3077,5092.123918,0.9792546,-0.76,0.43,0.586651,1.2,10.6,,0.86,0.583333,0.700175,0.685014,0.872313,0.919618,0.654579,600.0668,0.823084,0.0
2026-02-08T02:00:00Z,21006.2221,5221.358863,1.00410747,-0.59,0.43,0.589148,1.2,10.33,,0.82,0.361111,0.709316,0.694786,0.875962,0.921645,0.663674,607.1747,0.827949,0.0
2026-02-08T03:00:00Z,21369.2683,5424.543402,1.04318142,-0.19,0.43,0.59,1.5,9.91,,0.78,0.583333,0.723687,0.710148,0.880838,0.924355,0.678357,618.3499,0.834451,0.0
2026-02-08T04:00:00Z,21847.2138,5692.033172,1.09462176,0.35,0.43,0.589148,1.8,9.26,,0.76,0.972222,0.742607,0.730373,0.886876,0.927709,0.697855,633.0618,0.842502,0.0
2026-02-08T05:00:00Z,22364.8327,5981.726768,1.15033207,0.83,0.43,0.586651,2.1,9.04,,0.72,1.111111,0.763098,0.752277,0.890116,0.929509,0.720438,648.995,0.846822,0.0
2026-02-08T06:00:00Z,22905.0834,6284.086634,1.2084782,1.08,0.43,0.582678,2.5,8.92,,0.7,0.888889,0.784484,0.775138,0.891818,0.930455,0.744756,665.6248,0.849091,0.0
2026-02-08T07:00:00Z,23459.392,6594.31426,1.26813736,1.13,0.72,0.5775,2.8,8.68,,0.68,0.555556,0.806427,0.798594,0.894502,0.931945,0.769289,682.6873,0.852669,0.0
2026-02-08T08:00:00Z,23966.6721,6878.221597,1.32273492,1.0,0.72,0.57147,3.1,8.57,,0.66,0.111111,0.826508,0.820061,0.896122,0.932845,0.792113,698.3022,0.854829,0.0
2026-02-08T09:00:00Z,24398.3908,7119.839804,1.36919996,0.65,0.72,0.565,3.1,8.53,,0.64,0.361111,0.843598,0.838329,0.897169,0.933427,0.811684,711.5912,0.856225,0.0
2026-02-08T10:00:00Z,24917.7805,7410.524464,1.42510086,0.15,0.72,0.55853,3.0,6.93,,0.6,0.694444,0.864159,0.860308,0.9117,0.9415,0.829331,727.5788,0.8756,0.0
2026-02-08T11:00:00Z,25182.2127,7558.518103,1.45356117,-0.38,0.72,0.5525,2.8,6.55,,0.56,0.916667,0.874627,0.871498,0.916249,0.944027,0.839582,735.7185,0.881665,0.0
2026-02-08T12:00:00Z,25296.4019,7622.425905,1.46585114,-0.75,0.72,0.547322,2.5,6.3,,0.52,0.861111,0.879147,0.87633,0.919735,0.945964,0.843333,739.2334,0.886313,0.0
2026-02-08T13:00:00Z,25253.9638,7598.674755,1.46128361,-0.9,0.72,0.543349,2.4,6.18,,0.48,0.638889,0.877467,0.874534,0.922156,0.947309,0.840287,737.9271,0.889542,0.0
2026-02-08T14:00:00Z,25121.4748,7524.525173,1.44702407,-0.83,0.72,0.540852,2.2,5.58,,0.46,0.277778,0.872223,0.868928,0.927785,0.950436,0.831636,733.8489,0.897047,0.0
2026-02-08T15:00:00Z,24910.444,7406.418487,1.42431125,-0.54,0.72,0.54,2.2,4.61,,0.42,0.333333,0.863869,0.859997,0.937162,0.955645,0.817674,727.353,0.909549,0.0
2026-02-08T16:00:00Z,24532.1777,7194.715716,1.38359918,-0.08,0.72,0.540852,2.2,4.12,,0.4,0.666667,0.848895,0.843991,0.941891,0.958273,0.798017,715.7094,0.915855,0.0
2026-02-08T17:00:00Z,24034.1023,6915.959957,1.3299923,0.4,1.08,0.543349,2.2,4.11,,0.36,0.916667,0.829178,0.822914,0.943413,0.959118,0.774224,700.3778,0.917884,0.0
2026-02-08T18:00:00Z,23480.3367,6606.03624,1.27039158,0.72,1.08,0.547322,2.3,4.21,,0.34,0.861111,0.807256,0.799481,0.943315,0.959064,0.748567,683.332,0.917753,0.0
2026-02-08T19:00:00Z,22924.0957,6294.727157,1.21052445,0.86,1.08,0.5525,2.4,4.34,,0.32,0.555556,0.785237,0.775943,0.942971,0.958873,0.722904,666.21,0.917295,0.0
2026-02-08T20:00:00Z,22427.6626,6016.890532,1.15709433,0.85,1.08,0.55853,2.6,4.29,,0.28,0.194444,0.765585,0.754936,0.94482,0.9599,0.699042,650.929,0.91976,0.0
2026-02-08T21:00:00Z,22022.7318,5790.264599,1.11351242,0.66,1.08,0.565,2.9,3.94,,0.26,0.194444,0.749555,0.7378,0.948404,0.961891,0.678656,638.4646,0.924538,0.0
2026-02-08T22:00:00Z,21776.2017,5652.290093,1.08697886,0.3,0.72,0.57147,3.1,2.89,,0.24,0.555556,0.739796,0.727368,0.957715,0.967064,0.663076,630.876,0.936953,0.0
2026-02-08T23:00:00Z,21613.1807,5561.052863,1.06943324,-0.14,0.72,0.5775,3.4,2.25,,0.24,0.861111,0.733343,0.72047,0.962951,0.969973,0.653182,625.8579,0.943935,0.0
2026-02-09T00:00:00Z,21910.9856,5727.724081,1.1014854,-0.51,0.43,0.582678,3.8,2.78,,0.22,0.944444,0.745132,0.733072,0.959335,0.967964,0.668611,635.0248,0.939113,0.0
2026-02-09T01:00:00Z,21926.4499,5736.378919,1.10314979,-0.69,0.43,0.586651,4.4,3.5,,0.22,0.722222,0.745744,0.733726,0.953444,0.964691,0.671947,635.5008,0.931258,0.0
2026-02-09T02:00:00Z,22066.3309,5814.665547,1.11820491,-0.68,0.43,0.589148,4.9,4.46,,0.22,0.416667,0.751281,0.739645,0.945589,0.960327,0.68193,639.8066,0.920785,0.0
2026-02-09T03:00:00Z,22368.2218,5983.623531,1.15069683,-0.5,0.43,0.59,5.4,5.02,,0.22,0.111111,0.763232,0.75242,0.941007,0.957782,0.697977,649.0993,0.914676,0.0
2026-02-09T04:00:00Z,22765.3419,6205.8781,1.1934381,-0.16,0.43,0.589148,5.8,5.47,,0.28,0.305556,0.778952,0.769225,0.935165,0.954536,0.719005,661.3233,0.906887,0.0
2026-02-09T05:00:00Z,23264.4706,6485.223403,1.24715835,0.24,0.43,0.586651,6.3,5.65,,0.32,0.611111,0.798711,0.790346,0.932253,0.952918,0.743464,676.6873,0.903004,0.0
2026-02-09T06:00:00Z,23776.5177,6771.798676,1.30226898,0.52,0.43,0.582678,6.6,5.99,,0.38,0.666667,0.818981,0.812014,0.927311,0.950173,0.769426,692.4489,0.896415,0.0
2026-02-09T07:00:00Z,24254.7669,7039.458383,1.353742,0.61,0.72,0.5775,7.0,6.66,,0.42,0.5,0.837913,0.832252,0.920389,0.946327,0.794698,707.1702,0.887185,0.0
2026-02-09T08:00:00Z,24691.1505,7283.6874,1.40070912,0.55,0.72,0.57147,7.4,7.36,,0.44,0.305556,0.855188,0.850718,0.913942,0.942745,0.817817,720.6028,0.878589,0.0
2026-02-09T09:00:00Z,25060.4296,7490.360281,1.4404539,0.35,0.72,0.565,7.7,7.89,,0.48,0.388889,0.869806,0.866344,0.908165,0.939536,0.837523,731.9698,0.870887,0.0
2026-02-09T10:00:00Z,25555.8444,7767.627037,1.49377443,0.01,0.72,0.55853,8.1,6.64,,0.46,0.638889,0.889418,0.887308,0.919113,0.945618,0.85565,747.2195,0.885484,0.0
2026-02-09T11:00:00Z,25684.9648,7839.89128,1.5076714,-0.44,0.72,0.5525,8.3,7.36,,0.46,0.916667,0.894529,0.892772,0.913222,0.942345,0.864261,751.194,0.877629,0.0
2026-02-09T12:00:00Z,25746.3412,7874.241581,1.51427723,-0.84,0.72,0.547322,8.4,7.52,,0.44,1.0,0.896959,0.895369,0.911913,0.941618,0.867691,753.0833,0.875884,0.0
2026-02-09T13:00:00Z,25598.7718,7791.652023,1.49839462,-1.07,0.72,0.543349,8.3,8.2,,0.42,0.861111,0.891117,0.889125,0.904189,0.937327,0.864275,748.5409,0.865585,0.0
2026-02-09T14:00:00Z,25367.7003,7662.329178,1.47352484,-1.1,0.72,0.540852,8.6,8.35,,0.42,0.5,0.88197,0.879347,0.905842,0.938245,0.852816,741.4281,0.867789,0.0
2026-02-09T15:00:00Z,25077.7944,7500.078766,1.44232284,-0.95,0.72,0.54,8.5,7.99,,0.4,0.166667,0.870493,0.867079,0.909507,0.940282,0.837732,732.5043,0.872676,0.0
2026-02-09T16:00:00Z,24683.8746,7279.615326,1.39992602,-0.62,0.72,0.540852,8.5,7.55,,0.4,0.277778,0.8549,0.85041,0.913107,0.942282,0.81785,720.3788,0.877476,0.0
2026-02-09T17:00:00Z,24250.7364,7037.202676,1.35330821,-0.17,1.08,0.543349,8.4,6.76,,0.4,0.583333,0.837753,0.832081,0.917411,0.944673,0.795835,707.0461,0.883215,0.0
2026-02-09T18:00:00Z,23745.4527,6754.412616,1.2989255,0.24,1.08,0.547322,8.3,6.23,,0.4,0.777778,0.817751,0.810699,0.923187,0.947882,0.769817,691.4927,0.890916,0.0
2026-02-09T19:00:00Z,23242.1961,6472.757088,1.24476098,0.51,1.08,0.5525,8.3,5.69,,0.38,0.722222,0.797829,0.789404,0.926165,0.949536,0.745136,676.0016,0.894887,0.0
2026-02-09T20:00:00Z,22759.9684,6202.870743,1.19285976,0.65,1.08,0.55853,8.3,5.34,,0.34,0.472222,0.77874,0.768998,0.932629,0.953127,0.719883,661.1579,0.903505,0.0
2026-02-09T21:00:00Z,22332.1483,5963.434428,1.14681431,0.68,1.08,0.565,8.5,5.11,,0.32,0.277778,0.761804,0.750894,0.936671,0.955373,0.698231,647.9889,0.908895,0.0
2026-02-09T22:00:00Z,22029.2727,5793.925308,1.11421641,0.59,0.72,0.57147,8.5,4.7,,0.28,0.277778,0.749814,0.738077,0.941465,0.958036,0.682043,638.6659,0.915287,0.0
2026-02-09T23:00:00Z,21836.9444,5686.28576,1.09351649,0.34,0.72,0.5775,8.5,4.43,,0.26,0.472222,0.742201,0.729939,0.944395,0.959664,0.671815,632.7457,0.919193,0.0
2026-02-10T00:00:00Z,21808.2501,5670.226511,1.09042818,0.04,0.43,0.582678,8.6,4.0,,0.22,0.694444,0.741065,0.728724,0.949353,0.962418,0.668279,631.8625,0.925804,0.0
2026-02-10T01:00:00Z,21861.3357,5699.93674,1.09614168,-0.2,0.43,0.586651,8.5,4.33,,0.2,0.694444,0.743166,0.730971,0.947373,0.961318,0.671623,633.4965,0.923164,0.0
2026-02-10T02:00:00Z,22096.4543,5831.524572,1.12144703,-0.3,0.43,0.589148,8.3,4.3,,0.16,0.555556,0.752474,0.74092,0.949058,0.962255,0.681786,640.7339,0.925411,0.0
2026-02-10T03:00:00Z,22492.7986,6053.344902,1.16410479,-0.27,0.43,0.59,8.0,3.88,,0.14,0.305556,0.768163,0.757692,0.953215,0.964564,0.698334,652.934,0.930953,0.0
2026-02-10T04:00:00Z,22951.0777,6309.828062,1.21342847,-0.14,0.43,0.589148,7.9,3.92,,0.14,0.083333,0.786305,0.777085,0.952887,0.964382,0.719749,667.0405,0.930516,0.0
2026-02-10T05:00:00Z,23490.1536,6611.530457,1.27144816,0.12,0.43,0.586651,7.8,3.97,,0.12,0.194444,0.807645,0.799896,0.953198,0.964555,0.74463,683.6342,0.930931,0.0
2026-02-10T06:00:00Z,24105.3967,6955.861018,1.33766558,0.4,0.43,0.582678,7.9,3.6,,0.12,0.416667,0.832,0.825931,0.956225,0.966236,0.771838,702.5724,0.934967,0.0
2026-02-10T07:00:00Z,24787.5927,7337.662779,1.411089,0.55,0.72,0.5775,8.1,2.64,,0.12,0.388889,0.859005,0.854799,0.96408,0.9706,0.800009,723.5715,0.94544,0.0
2026-02-10T08:00:00Z,25212.4969,7575.467162,1.45682061,0.56,0.72,0.57147,8.3,3.64,,0.14,0.222222,0.875826,0.872779,0.955178,0.965655,0.823686,736.6507,0.933571,0.0
2026-02-10T09:00:00Z,25616.3926,7801.513773,1.50029111,0.5,0.72,0.565,8.8,4.15,,0.14,0.166667,0.891814,0.889871,0.951005,0.963336,0.844286,749.0833,0.928007,0.0
2026-02-10T10:00:00Z,25856.4596,7935.871091,1.52612906,0.37,0.72,0.55853,9.3,4.92,,0.2,0.305556,0.901318,0.900029,0.942545,0.958636,0.859188,756.4729,0.916727,0.0
2026-02-10T11:00:00Z,25885.6798,7952.224655,1.52927397,0.1,0.72,0.5525,9.2,6.32,,0.26,0.555556,0.902474,0.901266,0.928931,0.951073,0.866595,757.3724,0.898575,0.0
2026-02-10T12:00:00Z,25828.1373,7920.020083,1.52308079,-0.22,0.72,0.547322,8.8,7.22,,0.32,0.694444,0.900197,0.898831,0.919407,0.945782,0.868157,755.6011,0.885876,0.0
2026-02-10T13:00:00Z,25812.446,7911.238153,1.52139195,-0.5,0.72,0.543349,8.5,6.74,,0.32,0.722222,0.899575,0.898167,0.923335,0.947964,0.865683,755.1181,0.891113,0.0
2026-02-10T14:00:00Z,25592.0488,7787.889401,1.49767104,-0.64,0.72,0.540852,8.3,6.71,,0.34,0.611111,0.890851,0.88884,0.92286,0.9477,0.855665,748.3339,0.89048,0.0
2026-02-10T15:00:00Z,25244.2071,7593.214246,1.46023351,-0.63,0.72,0.54,8.1,6.74,,0.34,0.361111,0.877081,0.874121,0.922615,0.947564,0.83963,737.6268,0.890153,0.0
2026-02-10T16:00:00Z,24788.8155,7338.347162,1.41122061,-0.51,0.72,0.540852,8.0,6.8,,0.34,0.25,0.859054,0.854851,0.922124,0.947291,0.818713,723.6091,0.889498,0.0
2026-02-10T17:00:00Z,24261.4843,7043.217894,1.35446498,-0.27,1.08,0.543349,7.9,6.91,,0.32,0.416667,0.838179,0.832536,0.921944,0.947191,0.794319,707.377,0.889258,0.0
2026-02-10T18:00:00Z,23704.3749,6731.422784,1.29450438,0.09,1.08,0.547322,7.8,6.88,,0.32,0.611111,0.816125,0.808961,0.922189,0.947327,0.768354,690.2283,0.889585,0.0
2026-02-10T19:00:00Z,23155.7903,6424.398747,1.2354613,0.42,1.08,0.5525,7.8,6.76,,0.32,0.75,0.794409,0.785747,0.923171,0.947873,0.742457,673.3419,0.890895,0.0
2026-02-10T20:00:00Z,22666.0492,6150.307366,1.18275142,0.65,1.08,0.55853,7.7,6.47,,0.3,0.694444,0.775022,0.765023,0.926264,0.949591,0.718353,658.2669,0.895018,0.0
2026-02-10T21:00:00Z,22224.824,5903.368715,1.13526321,0.81,1.08,0.565,7.5,6.37,,0.3,0.5,0.757555,0.746352,0.927082,0.950045,0.697511,644.6853,0.896109,0.0
2026-02-10T22:00:00Z,21884.2904,5712.783671,1.09861224,0.91,0.72,0.57147,6.8,6.31,,0.3,0.305556,0.744075,0.731942,0.927573,0.950318,0.681488,634.2031,0.896764,0.0
2026-02-10T23:00:00Z,21646.4802,5579.689417,1.0730172,0.86,0.72,0.5775,6.7,6.55,,0.3,0.055556,0.734661,0.721879,0.925609,0.949227,0.671324,626.8829,0.894145,0.0
2026-02-11T00:00:00Z,21564.0427,5533.551961,1.06414461,0.66,0.43,0.582678,6.6,6.65,,0.3,0.277778,0.731398,0.718391,0.924791,0.948773,0.667862,624.3454,0.893055,0.0
2026-02-11T01:00:00Z,21631.4212,5571.261422,1.07139643,0.39,0.43,0.586651,6.5,6.79,,0.28,0.527778,0.734065,0.721242,0.924365,0.948536,0.671178,626.4194,0.892487,0.0
2026-02-11T02:00:00Z,21882.1232,5711.570791,1.098379,0.15,0.43,0.589148,6.6,6.46,,0.26,0.583333,0.743989,0.73185,0.927785,0.950436,0.681293,634.1364,0.897047,0.0
2026-02-11T03:00:00Z,22283.7515,5936.348428,1.14160547,-0.01,0.43,0.59,6.9,5.9,,0.24,0.527778,0.759888,0.748846,0.933087,0.953382,0.697577,646.4992,0.904116,0.0
2026-02-11T04:00:00Z,22825.852,6239.743559,1.19995068,-0.09,0.43,0.589148,7.2,5.01,,0.22,0.388889,0.781348,0.771785,0.941089,0.957827,0.71918,663.1859,0.914785,0.0
2026-02-11T05:00:00Z,23496.0282,6614.818277,1.27208044,-0.07,0.43,0.586651,7.6,3.66,,0.2,0.25,0.807877,0.800145,0.952855,0.964364,0.745055,683.815,0.930473,0.0
2026-02-11T06:00:00Z,24199.1054,7008.306572,1.34775126,0.06,0.43,0.582678,7.8,2.5,,0.18,0.111111,0.835709,0.829896,0.963065,0.970036,0.773148,705.4569,0.944087,0.0
2026-02-11T07:00:00Z,24835.4207,7364.430495,1.41623663,0.22,0.72,0.5775,7.8,2.07,,0.16,0.194444,0.860899,0.856823,0.967304,0.972391,0.800796,725.0437,0.949738,0.0
2026-02-11T08:00:00Z,25327.5121,7639.837254,1.46919947,0.32,0.72,0.57147,7.7,2.55,,0.16,0.305556,0.880379,0.877646,0.963376,0.970209,0.82538,740.191,0.944502,0.0
2026-02-11T09:00:00Z,25725.212,7862.416279,1.51200313,0.35,0.72,0.565,7.6,3.21,,0.14,0.277778,0.896122,0.894475,0.958696,0.967609,0.845918,752.4329,0.938262,0.0
2026-02-11T10:00:00Z,26008.1026,8020.740501,1.5424501,0.37,0.72,0.55853,7.6,3.83,,0.14,0.222222,0.907321,0.906446,0.953624,0.964791,0.861302,761.1407,0.931498,0.0
2026-02-11T11:00:00Z,26231.0544,8145.51902,1.56644597,0.32,0.72,0.5525,7.6,3.83,,0.14,0.138889,0.916146,0.915881,0.953624,0.964791,0.871649,768.0035,0.931498,0.0
2026-02-11T12:00:00Z,26336.022,8204.355451,1.57776066,0.13,0.72,0.547322,7.6,3.59,,0.14,0.222222,0.92,0.92,0.955587,0.965882,0.875295,771.2395,0.934116,0.0
2026-02-11T13:00:00Z,26302.1787,8185.324841,1.57410093,-0.14,0.72,0.543349,7.7,3.24,,0.14,0.361111,0.918962,0.91889,0.958451,0.967473,0.872805,770.1929,0.937935,0.0
2026-02-11T14:00:00Z,26117.3093,8081.859763,1.5542038,-0.41,0.72,0.540852,7.7,2.91,,0.14,0.444444,0.911644,0.911067,0.961151,0.968973,0.863025,764.5023,0.941535,0.0
2026-02-11T15:00:00Z,25784.2523,7895.459128,1.51835752,-0.58,0.72,0.54,7.7,2.7,,0.14,0.361111,0.898459,0.896974,0.962869,0.969927,0.846804,754.2503,0.943825,0.0
2026-02-11T16:00:00Z,25325.5532,7638.740927,1.46898864,-0.65,0.72,0.540852,7.7,2.63,,0.14,0.25,0.880301,0.877563,0.963442,0.970245,0.82526,740.1308,0.944589,0.0
2026-02-11T17:00:00Z,24772.277,7329.091094,1.4094406,-0.62,1.08,0.543349,7.7,2.72,,0.14,0.083333,0.858399,0.854151,0.962705,0.969836,0.799909,723.1,0.943607,0.0
2026-02-11T18:00:00Z,24155.4603,6983.879875,1.34305382,-0.44,1.08,0.547322,7.7,3.05,,0.14,0.166667,0.833982,0.828049,0.960005,0.968336,0.772482,704.1134,0.940007,0.0
2026-02-11T19:00:00Z,23547.6759,6643.723687,1.27763917,-0.14,1.08,0.5525,7.7,3.32,,0.14,0.416667,0.809922,0.80233,0.957796,0.967109,0.745256,685.4048,0.937062,0.0
2026-02-11T20:00:00Z,22987.7576,6330.356545,1.21737626,0.16,1.08,0.55853,7.7,3.59,,0.12,0.527778,0.787757,0.778637,0.956307,0.966282,0.719931,668.1696,0.935076,0.0
2026-02-11T21:00:00Z,22542.3156,6081.057893,1.16943421,0.4,1.08,0.565,7.8,3.39,,0.12,0.472222,0.770124,0.759787,0.957944,0.967191,0.69853,654.4582,0.937258,0.0
2026-02-11T22:00:00Z,22209.5795,5894.836882,1.13362248,0.61,0.72,0.57147,7.9,3.12,,0.12,0.416667,0.756952,0.745707,0.960153,0.968418,0.682106,644.216,0.940204,0.0
2026-02-11T23:00:00Z,21977.5656,5764.986624,1.10865127,0.78,0.72,0.5775,7.9,3.21,,0.12,0.277778,0.747767,0.735889,0.959416,0.968009,0.671665,637.0743,0.939222,0.0
2026-02-12T00:00:00Z,21878.3545,5709.461533,1.09797337,0.8,0.43,0.582678,8.0,3.48,,0.12,0.111111,0.74384,0.731691,0.957207,0.966782,0.668042,634.0204,0.936276,0.0
2026-02-12T01:00:00Z,21907.9974,5726.051657,1.10116378,0.65,0.43,0.586651,8.1,4.03,,0.12,0.25,0.745013,0.732945,0.952707,0.964282,0.671418,634.9328,0.930276,0.0
2026-02-12T02:00:00Z,22089.086,5827.400782,1.120654,0.39,0.43,0.589148,8.3,4.51,,0.12,0.444444,0.752182,0.740608,0.94878,0.9621,0.681568,640.507,0.92504,0.0
2026-02-12T03:00:00Z,22407.8802,6005.819003,1.15496519,0.14,0.43,0.59,8.5,4.89,,0.12,0.611111,0.764802,0.754099,0.945671,0.960373,0.697745,650.32,0.920895,0.0
2026-02-12T04:00:00Z,22884.9604,6272.82449,1.2063124,-0.07,0.43,0.589148,8.7,4.69,,0.12,0.611111,0.783688,0.774287,0.947307,0.961282,0.71916,665.0053,0.923076,0.0
2026-02-12T05:00:00Z,23482.5656,6607.283691,1.27063148,-0.23,0.43,0.586651,8.8,4.11,,0.1,0.555556,0.807344,0.799575,0.952773,0.964318,0.744467,683.4006,0.930364,0.0
2026-02-12T06:00:00Z,24069.7104,6935.888601,1.33382473,-0.3,0.43,0.582678,8.9,4.01,,0.1,0.388889,0.830587,0.824421,0.953591,0.964773,0.771353,701.4739,0.931455,0.0
2026-02-12T07:00:00Z,24575.8596,7219.162999,1.38830058,-0.23,0.72,0.5775,9.0,4.61,,0.12,0.166667,0.850624,0.845839,0.947962,0.961645,0.797346,717.054,0.923949,0.0
2026-02-12T08:00:00Z,25008.7716,7461.449091,1.43489406,-0.09,0.72,0.57147,9.0,5.46,,0.14,0.222222,0.867761,0.864158,0.940287,0.957382,0.820849,730.3797,0.913716,0.0
2026-02-12T09:00:00Z,25389.2031,7674.363596,1.47583915,0.03,0.72,0.565,9.0,6.05,,0.16,0.361111,0.882821,0.880257,0.93474,0.9543,0.840971,742.09,0.90632,0.0
2026-02-12T10:00:00Z,25666.2382,7829.410638,1.50565589,0.15,0.72,0.55853,9.2,6.46,,0.22,0.388889,0.893788,0.89198,0.929225,0.951236,0.856279,750.6176,0.898967,0.0
2026-02-12T11:00:00Z,25802.5006,7905.672085,1.52032155,0.28,0.72,0.5525,9.3,7.01,,0.26,0.388889,0.899182,0.897746,0.923285,0.947936,0.865243,754.812,0.891047,0.0
2026-02-12T12:00:00Z,25819.6548,7915.272683,1.52216782,0.32,0.72,0.547322,9.4,7.29,,0.32,0.361111,0.899861,0.898472,0.918835,0.945464,0.868018,755.34,0.885113,0.0
2026-02-12T13:00:00Z,25716.9104,7857.770166,1.51110965,0.2,0.72,0.543349,9.5,7.47,,0.34,0.388889,0.895793,0.894124,0.916642,0.944245,0.864224,752.1774,0.882189,0.0
2026-02-12T14:00:00Z,25474.2362,7721.953676,1.48499109,-0.06,0.72,0.540852,9.6,7.64,,0.36,0.527778,0.886187,0.883855,0.914531,0.943073,0.853899,744.7075,0.879375,0.0
2026-02-12T15:00:00Z,25125.5476,7526.804599,1.44746242,-0.35,0.72,0.54,9.6,7.64,,0.38,0.611111,0.872384,0.8691,0.913811,0.942673,0.838036,733.9743,0.878415,0.0
2026-02-12T16:00:00Z,24675.1995,7274.760161,1.39899234,-0.57,0.72,0.540852,9.7,7.69,,0.38,0.611111,0.854556,0.850043,0.913402,0.942445,0.817316,720.1118,0.877869,0.0
2026-02-12T17:00:00Z,24152.1247,6982.013058,1.34269482,-0.71,1.08,0.543349,9.8,7.74,,0.38,0.555556,0.83385,0.827908,0.912993,0.942218,0.793222,704.0107,0.877324,0.0
2026-02-12T18:00:00Z,23603.9911,6675.241382,1.28370027,-0.74,1.08,0.547322,9.8,7.67,,0.38,0.361111,0.812151,0.804713,0.913565,0.942536,0.767528,687.1383,0.878087,0.0
2026-02-12T19:00:00Z,23056.1667,6368.642813,1.224739,-0.58,1.08,0.5525,9.9,7.59,,0.38,0.111111,0.790465,0.781532,0.91422,0.9429,0.741811,670.2754,0.87896,0.0
2026-02-12T20:00:00Z,22577.5035,6100.751346,1.17322141,-0.27,1.08,0.55853,9.9,7.23,,0.36,0.277778,0.771517,0.761276,0.917885,0.944936,0.717967,655.5413,0.883847,0.0
2026-02-12T21:00:00Z,22173.0664,5874.401742,1.12969264,0.07,1.08,0.565,9.9,6.76,,0.36,0.5,0.755506,0.744162,0.921731,0.947073,0.697487,643.0921,0.888975,0.0
2026-02-12T22:00:00Z,21852.65,5695.07563,1.09520685,0.41,0.72,0.57147,9.8,6.55,,0.34,0.583333,0.742822,0.730603,0.924169,0.948427,0.681533,633.2292,0.892225,0.0
2026-02-12T23:00:00Z,21662.3876,5588.59223,1.07472928,0.75,0.72,0.5775,9.8,6.3,,0.32,0.527778,0.735291,0.722552,0.926935,0.949964,0.671473,627.3726,0.895913,0.0
2026-02-13T00:00:00Z,21656.6731,5585.394032,1.07411424,1.03,0.43,0.582678,9.9,5.55,,0.3,0.416667,0.735064,0.72231,0.933791,0.953773,0.668161,627.1967,0.905055,0.0
2026-02-13T01:00:00Z,21817.2193,5675.246273,1.09139351,1.11,0.43,0.586651,9.9,4.6,,0.28,0.222222,0.74142,0.729104,0.942284,0.958491,0.671837,632.1385,0.916378,0.0
2026-02-13T02:00:00Z,22118.5592,5843.895943,1.12382614,0.96,0.43,0.589148,9.9,3.67,,0.28,0.277778,0.753349,0.741856,0.949893,0.962718,0.682441,641.4143,0.926524,0.0
2026-02-13T03:00:00Z,22553.2945,6087.202403,1.17061585,0.66,0.43,0.59,10.0,2.83,,0.26,0.555556,0.770558,0.760252,0.957485,0.966936,0.699243,654.7961,0.936647,0.0
2026-02-13T04:00:00Z,23058.3138,6369.844455,1.22497009,0.33,0.43,0.589148,10.1,2.46,,0.24,0.75,0.79055,0.781622,0.961233,0.969018,0.721016,670.3414,0.941644,0.0
2026-02-13T05:00:00Z,23600.5474,6673.31406,1.28332963,0.03,0.43,0.586651,10.2,2.53,,0.22,0.805556,0.812015,0.804568,0.96138,0.9691,0.746117,687.0323,0.94184,0.0
2026-02-13T06:00:00Z,24134.1512,6971.9539,1.34076037,-0.23,0.43,0.582678,10.4,3.07,,0.2,0.75,0.833138,0.827148,0.957682,0.967045,0.772526,703.4575,0.936909,0.0
2026-02-13T07:00:00Z,24613.4771,7240.216259,1.39234928,-0.35,0.72,0.5775,10.5,4.01,,0.2,0.555556,0.852113,0.847431,0.949991,0.962773,0.79819,718.2119,0.926655,0.0
2026-02-13T08:00:00Z,25060.5425,7490.423463,1.44046605,-0.29,0.72,0.57147,10.6,4.81,,0.2,0.194444,0.86981,0.866349,0.943445,0.959136,0.821848,731.9733,0.917927,0.0
2026-02-13T09:00:00Z,25445.3493,7705.786697,1.48188206,-0.12,0.72,0.565,10.7,5.44,,0.2,0.166667,0.885043,0.882633,0.938291,0.956273,0.841998,743.8183,0.911055,0.0
2026-02-13T10:00:00Z,25687.0112,7841.036585,1.50789165,0.07,0.72,0.55853,10.6,6.16,,0.26,0.388889,0.89461,0.892859,0.93024,0.9518,0.856792,751.257,0.90032,0.0
2026-02-13T11:00:00Z,25848.9122,7931.64707,1.52531674,0.3,0.72,0.5525,10.7,6.5,,0.3,0.472222,0.901019,0.89971,0.926018,0.949455,0.866183,756.2406,0.894691,0.0
2026-02-13T12:00:00Z,25856.6145,7935.957784,1.52614573,0.51,0.72,0.547322,10.8,6.86,,0.36,0.472222,0.901324,0.900036,0.920913,0.946618,0.868809,756.4777,0.887884,0.0
2026-02-13T13:00:00Z,25753.678,7878.347751,1.51506688,0.59,0.72,0.543349,11.0,7.04,,0.38,0.361111,0.897249,0.89568,0.91872,0.9454,0.865006,753.3091,0.88496,0.0
2026-02-13T14:00:00Z,25508.3633,7741.053445,1.48866412,0.44,0.72,0.540852,11.1,7.29,,0.38,0.361111,0.887538,0.885299,0.916675,0.944264,0.85453,745.7579,0.882233,0.0
2026-02-13T15:00:00Z,25120.6276,7524.051029,1.44693289,0.12,0.72,0.54,11.2,7.62,,0.4,0.527778,0.872189,0.868892,0.913255,0.942364,0.838055,733.8228,0.877673,0.0
2026-02-13T16:00:00Z,24657.2896,7264.736594,1.39706473,-0.25,0.72,0.540852,11.3,7.85,,0.38,0.722222,0.853847,0.849285,0.912093,0.941718,0.817067,719.5605,0.876124,0.0
2026-02-13T17:00:00Z,24194.0414,7005.472405,1.34720623,-0.56,1.08,0.543349,11.3,7.35,,0.38,0.75,0.835509,0.829682,0.914744,0.943191,0.794389,705.301,0.879658,0.0
2026-02-13T18:00:00Z,23736.7236,6749.527276,1.29798601,-0.78,1.08,0.547322,11.3,6.44,,0.36,0.694444,0.817406,0.81033,0.920749,0.946527,0.770495,691.224,0.887665,0.0
2026-02-13T19:00:00Z,23268.387,6487.415282,1.24757986,-0.86,1.08,0.5525,11.1,5.61,,0.32,0.5,0.798866,0.790512,0.92754,0.9503,0.745741,676.8078,0.89672,0.0
2026-02-13T20:00:00Z,22762.3047,6204.178289,1.19311121,-0.69,1.08,0.55853,11.0,5.44,,0.3,0.166667,0.778832,0.769096,0.922451,0.947473,0.724515,661.2298,0.889935,0.0
2026-02-13T21:00:00Z,22418.8591,6011.963513,1.15614683,-0.33,1.08,0.565,10.9,4.33,,0.26,0.305556,0.765236,0.754563,0.940893,0.957718,0.700379,650.658,0.914524,0.0
2026-02-13T22:00:00Z,22123.327,5846.564278,1.12433928,0.11,0.72,0.57147,10.8,3.74,,0.24,0.611111,0.753537,0.742057,0.94932,0.9624,0.682917,641.561,0.92576,0.0
2026-02-13T23:00:00Z,21944.2662,5746.350069,1.10506732,0.57,0.72,0.5775,10.6,3.29,,0.22,0.694444,0.746449,0.73448,0.953722,0.964845,0.67265,636.0493,0.931629,0.0
2026-02-14T00:00:00Z,21413.7035,5449.412279,1.0479639,1.03,0.43,0.582678,10.5,3.93,,0.2,0.694444,0.725446,0.712029,0.949205,0.962336,0.650033,619.7177,0.925607,0.0
2026-02-14T01:00:00Z,21442.7555,5465.67169,1.05109071,1.34,0.43,0.586651,10.4,4.53,,0.18,0.527778,0.726596,0.713258,0.944296,0.959609,0.653564,620.6119,0.919062,0.0
2026-02-14T02:00:00Z,21615.5899,5562.401169,1.06969253,1.37,0.43,0.589148,10.3,5.07,,0.16,0.166667,0.733438,0.720572,0.942038,0.958355,0.662589,625.9321,0.916051,0.0
2026-02-14T03:00:00Z,21982.7238,5767.873505,1.10920644,1.13,0.43,0.59,10.3,4.78,,0.14,0.305556,0.747972,0.736108,0.945851,0.960473,0.677933,637.233,0.921135,0.0
2026-02-14T04:00:00Z,22455.9225,6032.706616,1.16013589,0.72,0.43,0.589148,10.4,4.35,,0.16,0.694444,0.766704,0.756131,0.948649,0.962027,0.698651,651.7989,0.924865,0.0
2026-02-14T05:00:00Z,23027.2538,6352.461263,1.22162717,0.28,0.43,0.586651,10.5,3.68,,0.18,0.944444,0.78932,0.780308,0.953411,0.964673,0.723051,669.3854,0.931215,0.0
2026-02-14T06:00:00Z,23668.3907,6711.283691,1.29063148,-0.13,0.43,0.582678,10.7,2.74,,0.2,1.055556,0.814701,0.807439,0.960382,0.968545,0.749709,689.1206,0.940509,0.0
2026-02-14T07:00:00Z,24344.6728,7089.775675,1.3634184,-0.45,0.72,0.5775,10.9,1.6,,0.2,1.0,0.841472,0.836056,0.969709,0.973727,0.776951,709.9377,0.952945,0.0
2026-02-14T08:00:00Z,24960.4037,7434.379196,1.42968831,-0.58,0.72,0.57147,11.2,0.76,,0.2,0.722222,0.865846,0.862112,0.976582,0.977545,0.802473,728.8909,0.962109,0.0
2026-02-14T09:00:00Z,25262.4632,7603.431614,1.46219839,-0.47,0.72,0.565,11.3,2.13,,0.2,0.277778,0.877804,0.874894,0.965373,0.971318,0.821474,738.1887,0.947164,0.0
2026-02-14T10:00:00Z,25410.0653,7686.039466,1.47808451,-0.21,0.72,0.55853,11.1,3.86,,0.2,0.138889,0.883647,0.88114,0.951218,0.963455,0.834615,742.7322,0.928291,0.0
2026-02-14T11:00:00Z,25603.1719,7794.114587,1.49886819,0.1,0.72,0.5525,10.7,4.1,,0.18,0.416667,0.891291,0.889311,0.949975,0.962764,0.84413,748.6763,0.926633,0.0
2026-02-14T12:00:00Z,25668.956,7830.931726,1.50594841,0.43,0.72,0.547322,10.5,4.16,,0.18,0.5,0.893895,0.892095,0.949484,0.962491,0.847402,750.7012,0.925978,0.0
2026-02-14T13:00:00Z,25587.2593,7785.208878,1.49715555,0.69,0.72,0.543349,10.5,4.3,,0.16,0.472222,0.890661,0.888638,0.949058,0.962255,0.843799,748.1865,0.925411,0.0
2026-02-14T14:00:00Z,25412.9142,7687.633881,1.47839113,0.75,0.72,0.540852,10.5,3.96,,0.16,0.25,0.883759,0.88126,0.95184,0.9638,0.834471,742.8199,0.92912,0.0
2026-02-14T15:00:00Z,25142.1599,7536.10195,1.44925038,0.53,0.72,0.54,10.5,3.4,,0.14,0.166667,0.873041,0.869803,0.957142,0.966745,0.819549,734.4856,0.936189,0.0
2026-02-14T16:00:00Z,24736.6193,7309.13473,1.40560283,0.12,0.72,0.540852,10.4,3.03,,0.14,0.555556,0.856988,0.852642,0.960169,0.968427,0.799382,722.0024,0.940225,0.0
2026-02-14T17:00:00Z,24229.1117,7025.100059,1.35098078,-0.33,1.08,0.543349,10.3,2.97,,0.12,0.75,0.836897,0.831166,0.96138,0.9691,0.775289,706.3805,0.94184,0.0
2026-02-14T18:00:00Z,23655.5745,6704.110863,1.28925209,-0.71,1.08,0.547322,10.3,3.12,,0.12,0.805556,0.814193,0.806896,0.960153,0.968418,0.749216,688.7261,0.940204,0.0
2026-02-14T19:00:00Z,23083.6501,6384.024327,1.22769699,-0.97,1.08,0.5525,10.2,3.33,,0.1,0.666667,0.791553,0.782695,0.959155,0.967864,0.723116,671.1213,0.938873,0.0
2026-02-14T20:00:00Z,22547.2063,6083.795081,1.16996059,-1.0,1.08,0.55853,10.3,3.52,,0.1,0.388889,0.770317,0.759994,0.9576,0.967,0.69891,654.6087,0.9368,0.0
2026-02-14T21:00:00Z,22084.0343,5824.573533,1.12011029,-0.75,1.08,0.565,10.3,3.79,,0.08,0.222222,0.751982,0.740395,0.956111,0.966173,0.678075,640.3515,0.934815,0.0
2026-02-14T22:00:00Z,21719.613,5620.619384,1.08088834,-0.26,0.72,0.57147,10.4,4.07,,0.08,0.694444,0.737556,0.724974,0.95382,0.9649,0.66218,629.1341,0.93176,0.0
2026-02-14T23:00:00Z,21490.8085,5492.565306,1.05626256,0.32,0.72,0.5775,10.5,4.19,,0.1,1.111111,0.728499,0.715292,0.952118,0.963955,0.652317,622.0911,0.929491,0.0
2026-02-15T00:00:00Z,21442.2,5465.360786,1.05103092,0.9,0.43,0.582678,10.5,3.89,,0.1,1.194444,0.726574,0.713235,0.954573,0.965318,0.64897,620.5948,0.932764,0.0
2026-02-15T01:00:00Z,21523.794,5511.026179,1.05981273,1.41,0.43,0.586651,10.6,3.66,,0.14,1.166667,0.729804,0.716687,0.955015,0.965564,0.652561,623.1064,0.933353,0.0
2026-02-15T02:00:00Z,21718.5728,5620.037202,1.08077638,1.68,0.43,0.589148,10.7,3.77,,0.18,0.916667,0.737515,0.72493,0.952675,0.964264,0.662641,629.102,0.930233,0.0
2026-02-15T03:00:00Z,22008.5354,5782.319372,1.11198449,1.62,0.43,0.59,10.8,4.23,,0.22,0.416667,0.748993,0.7372,0.947471,0.961373,0.678411,638.0276,0.923295,0.0
2026-02-15T04:00:00Z,22424.7469,6015.258713,1.15678052,1.25,0.43,0.589148,10.9,4.51,,0.22,0.166667,0.76547,0.754812,0.94518,0.9601,0.698746,650.8392,0.92024,0.0
2026-02-15T05:00:00Z,22927.8554,6296.831362,1.21092911,0.72,0.43,0.586651,11.0,4.55,,0.24,0.611111,0.785386,0.776102,0.944133,0.959518,0.722562,666.3257,0.918844,0.0
2026-02-15T06:00:00Z,23465.7951,6597.89784,1.26882651,0.17,0.43,0.582678,11.0,4.67,,0.24,0.805556,0.806681,0.798865,0.943151,0.958973,0.747965,682.8844,0.917535,0.0
2026-02-15T07:00:00Z,24004.1802,6899.213592,1.32677184,-0.32,0.72,0.5775,10.8,4.65,,0.28,0.861111,0.827993,0.821648,0.941875,0.958264,0.773519,699.4567,0.915833,0.0
2026-02-15T08:00:00Z,24499.9398,7176.673295,1.38012948,-0.66,0.72,0.57147,10.6,4.67,,0.32,0.694444,0.847618,0.842627,0.940271,0.957373,0.797241,714.717,0.913695,0.0
2026-02-15T09:00:00Z,24886.8279,7393.201348,1.42176949,-0.71,0.72,0.565,10.5,5.01,,0.36,0.305556,0.862934,0.858998,0.936049,0.955027,0.817073,726.6261,0.908065,0.0
2026-02-15T10:00:00Z,25045.125,7481.794837,1.4388067,-0.47,0.72,0.55853,10.6,6.5,,0.38,0.25,0.8692,0.865697,0.923138,0.947855,0.830158,731.4987,0.890851,0.0
2026-02-15T11:00:00Z,25139.3934,7534.55365,1.44895262,-0.07,0.72,0.5525,10.3,7.42,,0.4,0.694444,0.872932,0.869686,0.914891,0.943273,0.838198,734.4005,0.879855,0.0
2026-02-15T12:00:00Z,25180.3604,7557.481469,1.45336182,0.38,0.72,0.547322,9.7,7.61,,0.42,0.944444,0.874554,0.871419,0.912616,0.942009,0.841111,735.6615,0.876822,0.0
2026-02-15T13:00:00Z,25030.6095,7473.670985,1.43724442,0.81,0.72,0.543349,9.2,8.11,,0.48,0.944444,0.868626,0.865082,0.906365,0.938536,0.836939,731.0519,0.868487,0.0
2026-02-15T14:00:00Z,24713.5165,7296.204871,1.40311632,1.08,0.72,0.540852,8.8,8.91,,0.54,0.805556,0.856073,0.851664,0.89766,0.9337,0.826091,721.2913,0.85688,0.0
2026-02-15T15:00:00Z,24354.4926,7095.271474,1.36447528,1.06,0.72,0.54,8.8,9.05,,0.6,0.5,0.841861,0.836472,0.894355,0.931864,0.810897,710.2399,0.852473,0.0
2026-02-15T16:00:00Z,23858.6754,6817.779489,1.31111144,0.73,0.72,0.540852,8.9,9.2,,0.78,0.111111,0.822233,0.815491,0.886647,0.927582,0.791311,694.9779,0.842196,0.0
2026-02-15T17:00:00Z,23296.8842,6503.364175,1.25064696,0.23,1.08,0.543349,9.0,9.38,,0.96,0.361111,0.799994,0.791718,0.878695,0.923164,0.768772,677.685,0.831593,0.0
2026-02-15T18:00:00Z,22638.4064,6134.836646,1.17977628,-0.25,1.08,0.547322,9.0,10.25,,1.14,0.555556,0.773927,0.763854,0.864376,0.915209,0.744575,657.416,0.812502,0.0
2026-02-15T19:00:00Z,22080.2665,5822.464805,1.11970477,-0.64,1.08,0.5525,8.7,10.63,,1.18,0.583333,0.751833,0.740235,0.858387,0.911882,0.721333,640.2356,0.804516,0.0
2026-02-15T20:00:00Z,21578.5207,5541.654842,1.06570285,-0.87,1.08,0.55853,8.5,10.88,,1.2,0.472222,0.731971,0.719003,0.850582,0.907545,0.701516,624.791,0.794109,0.0
2026-02-15T21:00:00Z,21113.9486,5281.649702,1.01570187,-0.82,1.08,0.565,8.2,11.44,,1.24,0.416667,0.71358,0.699344,0.84456,0.9042,0.68263,610.4907,0.78608,0.0
2026-02-15T22:00:00Z,20788.3976,5099.44992,0.98066345,-0.41,0.72,0.57147,7.7,11.76,,1.2,0.833333,0.700693,0.685568,0.841942,0.902745,0.668685,600.4697,0.782589,0.0
2026-02-15T23:00:00Z,20595.7198,4991.614725,0.95992591,0.24,0.72,0.5775,7.7,11.93,,1.14,1.333333,0.693065,0.677415,0.842711,0.903173,0.659401,594.5388,0.783615,0.0
2026-02-16T00:00:00Z,20984.6816,5209.303371,1.00178911,0.96,0.43,0.582678,7.7,11.03,,1.1,1.611111,0.708463,0.693874,0.854395,0.909664,0.67226,606.5117,0.799193,0.0
2026-02-16T01:00:00Z,21046.8783,5244.112735,1.00848322,1.62,0.43,0.586651,7.6,11.18,,1.08,1.611111,0.710925,0.696506,0.858207,0.911782,0.673452,608.4262,0.804276,0.0
2026-02-16T02:00:00Z,21220.7092,5341.399972,1.0271923,2.1,0.43,0.589148,7.5,11.59,,1.06,1.305556,0.717806,0.703862,0.855573,0.910318,0.682691,613.777,0.800764,0.0
2026-02-16T03:00:00Z,21551.5268,5526.547273,1.06279755,2.26,0.43,0.59,7.4,11.57,,1.04,0.861111,0.730902,0.717861,0.855736,0.910409,0.697972,623.9601,0.800982,0.0
2026-02-16T04:00:00Z,22035.0149,5797.139005,1.11483442,2.02,0.43,0.589148,7.3,10.91,,1.04,0.25,0.750042,0.73832,0.861136,0.913409,0.718011,638.8426,0.808182,0.0
2026-02-16T05:00:00Z,22566.6158,6094.657878,1.17204959,1.47,0.43,0.586651,7.2,10.59,,1.02,0.527778,0.771086,0.760816,0.865195,0.915664,0.74088,655.2062,0.813593,0.0
2026-02-16T06:00:00Z,23117.2193,6402.811874,1.23130998,0.78,0.43,0.582678,7.2,10.41,,1.02,1.0,0.792882,0.784115,0.867387,0.916882,0.765459,672.1547,0.816516,0.0
2026-02-16T07:00:00Z,23602.1023,6674.184314,1.28349698,0.13,0.72,0.5775,7.2,10.92,,1.0,1.194444,0.812076,0.804633,0.862495,0.914164,0.790138,687.0801,0.809993,0.0
2026-02-16T08:00:00Z,24058.7067,6929.7302,1.33264042,-0.39,0.72,0.57147,7.3,11.26,,1.0,1.194444,0.830152,0.823955,0.860433,0.913018,0.812246,701.1352,0.807244,0.0
2026-02-16T09:00:00Z,24521.8314,7188.925274,1.38248563,-0.68,0.72,0.565,7.3,10.98,,0.98,0.944444,0.848485,0.843553,0.864164,0.915091,0.832082,715.3909,0.812218,0.0
2026-02-16T10:00:00Z,24913.3648,7408.05312,1.4246256,-0.62,0.72,0.55853,6.9,10.49,,0.96,0.5,0.863984,0.860121,0.868893,0.917718,0.848152,727.4429,0.818524,0.0
2026-02-16T11:00:00Z,25194.6293,7565.467255,1.45489755,-0.22,0.72,0.5525,6.7,9.99,,0.92,0.416667,0.875118,0.872023,0.874424,0.920791,0.858747,736.1007,0.825898,0.0
2026-02-16T12:00:00Z,25269.1971,7607.200314,1.46292314,0.3,0.72,0.547322,6.7,10.02,,0.9,0.805556,0.87807,0.875179,0.874178,0.920655,0.862317,738.396,0.825571,0.0
2026-02-16T13:00:00Z,25218.4378,7578.792085,1.45746002,0.81,0.72,0.543349,6.6,9.98,,0.86,0.944444,0.876061,0.873031,0.876665,0.922036,0.858856,736.8336,0.828887,0.0
2026-02-16T14:00:00Z,25055.5115,7487.607811,1.43992458,1.2,0.72,0.540852,6.6,9.73,,0.82,0.805556,0.869611,0.866136,0.880151,0.923973,0.849745,731.8184,0.833535,0.0
2026-02-16T15:00:00Z,24793.3011,7340.857588,1.41170338,1.33,0.72,0.54,6.6,9.26,,0.78,0.5,0.859231,0.85504,0.886156,0.927309,0.834907,723.7472,0.841542,0.0
2026-02-16T16:00:00Z,24412.7073,7127.852261,1.37074082,1.12,0.72,0.540852,6.6,8.91,,0.74,0.111111,0.844165,0.838935,0.89046,0.9297,0.81533,712.0319,0.84728,0.0
2026-02-16T17:00:00Z,23951.1395,6869.528495,1.32106317,0.59,1.08,0.543349,6.6,8.61,,0.7,0.583333,0.825893,0.819403,0.894355,0.931864,0.792177,697.8241,0.852473,0.0
2026-02-16T18:00:00Z,23480.2442,6605.984513,1.27038164,-0.08,1.08,0.547322,6.5,8.0,,0.66,1.055556,0.807253,0.799477,0.900785,0.935436,0.767464,683.3291,0.861047,0.0
2026-02-16T19:00:00Z,22959.97,6314.804773,1.21438553,-0.7,1.08,0.5525,6.4,7.76,,0.64,1.25,0.786657,0.777461,0.903469,0.936927,0.742125,667.3143,0.864625,0.0
2026-02-16T20:00:00Z,22327.7531,5960.974605,1.14634127,-1.16,1.08,0.55853,6.2,9.09,,0.62,1.166667,0.76163,0.750708,0.893307,0.931282,0.717299,647.8536,0.851076,0.0
2026-02-16T21:00:00Z,21850.4215,5693.828406,1.094967,-1.36,1.08,0.565,6.1,9.61,,0.6,0.861111,0.742734,0.730509,0.889773,0.929318,0.696717,633.1606,0.846364,0.0
2026-02-16T22:00:00Z,21648.938,5581.064958,1.07328172,-1.19,0.72,0.57147,6.0,8.15,,0.58,0.472222,0.734758,0.721983,0.902438,0.936355,0.681736,626.9586,0.863251,0.0
2026-02-16T23:00:00Z,21500.1324,5497.783542,1.05726607,-0.63,0.72,0.5775,6.0,7.4,,0.58,0.694444,0.728868,0.715686,0.908575,0.939764,0.672103,622.3781,0.871433,0.0
2026-02-17T00:00:00Z,21475.4122,5483.948525,1.05460549,0.16,0.43,0.582678,6.1,6.89,,0.56,1.277778,0.727889,0.71464,0.913467,0.942482,0.668781,621.6172,0.877956,0.0
2026-02-17T01:00:00Z,21608.3025,5558.322667,1.06890821,0.94,0.43,0.586651,6.2,6.25,,0.54,1.5,0.73315,0.720263,0.919424,0.945791,0.672301,625.7077,0.885898,0.0
2026-02-17T02:00:00Z,21810.824,5671.667056,1.0907052,1.59,0.43,0.589148,6.2,6.47,,0.52,1.416667,0.741167,0.728833,0.918344,0.945191,0.682181,631.9417,0.884458,0.0
2026-02-17T03:00:00Z,22177.7716,5877.035103,1.13019906,1.97,0.43,0.59,6.3,6.27,,0.5,1.055556,0.755693,0.744361,0.9207,0.9465,0.698164,643.2369,0.8876,0.0
2026-02-17T04:00:00Z,22609.7444,6118.79549,1.17669144,1.94,0.43,0.589148,6.4,6.51,,0.48,0.5,0.772793,0.762641,0.919456,0.945809,0.718765,656.5338,0.885942,0.0
2026-02-17T05:00:00Z,23129.5994,6409.740553,1.23264241,1.51,0.43,0.586651,6.4,6.59,,0.46,0.25,0.793372,0.784639,0.919522,0.945845,0.742863,672.5357,0.886029,0.0
2026-02-17T06:00:00Z,23711.05,6735.158631,1.29522281,0.82,0.43,0.582678,6.6,6.44,,0.44,0.833333,0.816389,0.809244,0.921469,0.946927,0.768984,690.4337,0.888625,0.0
2026-02-17T07:00:00Z,24346.1238,7090.58773,1.36357456,0.07,0.72,0.5775,6.7,5.81,,0.42,1.25,0.841529,0.836118,0.927344,0.950191,0.795847,709.9823,0.896458,0.0
2026-02-17T08:00:00Z,24983.5858,7447.35345,1.43218336,-0.58,0.72,0.57147,6.9,4.81,,0.42,1.277778,0.866764,0.863093,0.935525,0.954736,0.821796,729.6044,0.907367,0.0
2026-02-17T09:00:00Z,25499.1802,7735.914,1.48767577,-1.03,0.72,0.565,6.9,4.35,,0.4,1.166667,0.887174,0.884911,0.940009,0.957227,0.843733,745.4753,0.913345,0.0
2026-02-17T10:00:00Z,25864.4721,7940.355385,1.52699142,-1.17,0.72,0.55853,7.1,4.29,,0.38,0.694444,0.901635,0.900368,0.94122,0.9579,0.860148,756.7195,0.91496,0.0
2026-02-17T11:00:00Z,26128.5873,8088.171652,1.55541763,-0.89,0.72,0.5525,7.1,3.93,,0.38,0.305556,0.91209,0.911545,0.944165,0.959536,0.871097,764.8494,0.918887,0.0
2026-02-17T12:00:00Z,26209.2467,8133.313996,1.56409885,-0.31,0.72,0.547322,7.1,3.95,,0.36,0.805556,0.915283,0.914958,0.944722,0.959845,0.874594,767.3323,0.919629,0.0
2026-02-17T13:00:00Z,26126.779,8087.15964,1.55522301,0.34,0.72,0.543349,7.0,4.07,,0.34,1.194444,0.912019,0.911468,0.94446,0.9597,0.870883,764.7938,0.91928,0.0
2026-02-17T14:00:00Z,25919.6689,7971.247186,1.53293215,0.87,0.72,0.540852,7.0,3.95,,0.34,1.138889,0.90382,0.902704,0.945442,0.960245,0.860834,758.4186,0.920589,0.0
2026-02-17T15:00:00Z,25565.1664,7772.844243,1.49477774,1.19,0.72,0.54,7.0,4.03,,0.32,0.888889,0.889787,0.887703,0.945507,0.960282,0.844352,747.5064,0.920676,0.0
2026-02-17T16:00:00Z,25095.8026,7510.15736,1.44426103,1.18,0.72,0.540852,7.1,4.12,,0.32,0.416667,0.871206,0.867841,0.944771,0.959873,0.822895,733.0587,0.919695,0.0
2026-02-17T17:00:00Z,24466.7687,7158.108543,1.37655934,0.82,1.08,0.543349,7.2,5.0,,0.32,0.222222,0.846305,0.841223,0.937571,0.955873,0.796901,713.696,0.910095,0.0
2026-02-17T18:00:00Z,23836.8507,6805.564992,1.3087625,0.19,1.08,0.547322,7.2,5.59,,0.32,0.777778,0.821369,0.814567,0.932744,0.953191,0.769811,694.3061,0.903658,0.0
2026-02-17T19:00:00Z,23204.5006,6451.660248,1.24070389,-0.51,1.08,0.5525,7.2,6.2,,0.34,1.111111,0.796337,0.787808,0.927033,0.950018,0.743001,674.8413,0.896044,0.0
2026-02-17T20:00:00Z,22644.088,6138.016427,1.18038777,-1.1,1.08,0.55853,7.2,6.58,,0.34,1.222222,0.774152,0.764094,0.923924,0.948291,0.718374,657.5909,0.891898,0.0
2026-02-17T21:00:00Z,22153.3492,5863.366705,1.12757052,-1.48,1.08,0.565,7.1,6.98,,0.36,1.0,0.754726,0.743328,0.919931,0.946073,0.697372,642.4852,0.886575,0.0
2026-02-17T22:00:00Z,21805.4062,5668.634857,1.09012209,-1.54,0.72,0.57147,6.8,6.97,,0.38,0.611111,0.740952,0.728604,0.919293,0.945718,0.681507,631.7749,0.885724,0.0
2026-02-17T23:00:00Z,21582.0023,5543.60335,1.06607757,-1.17,0.72,0.5775,6.7,7.06,,0.38,0.388889,0.732109,0.71915,0.918556,0.945309,0.671466,624.8982,0.884742,0.0
2026-02-18T00:00:00Z,21498.9909,5497.144688,1.05714321,-0.42,0.43,0.582678,6.7,7.11,,0.4,1.055556,0.728822,0.715638,0.917427,0.944682,0.668115,622.343,0.883236,0.0
2026-02-18T01:00:00Z,21580.3055,5542.653717,1.06589495,0.48,0.43,0.586651,6.7,7.08,,0.38,1.638889,0.732041,0.719079,0.918393,0.945218,0.67146,624.846,0.884524,0.0
2026-02-18T02:00:00Z,21821.0096,5677.36759,1.09180146,1.27,0.43,0.589148,6.9,6.79,,0.38,1.694444,0.74157,0.729264,0.920765,0.946536,0.681577,632.2552,0.887687,0.0
2026-02-18T03:00:00Z,22236.6992,5910.014817,1.13654131,1.82,0.43,0.59,7.3,6.05,,0.36,1.444444,0.758025,0.746855,0.92754,0.9503,0.697859,645.0508,0.89672,0.0
2026-02-18T04:00:00Z,22766.51,6206.531873,1.19356382,2.03,0.43,0.589148,7.8,5.27,,0.34,0.916667,0.778999,0.769274,0.934642,0.954245,0.719292,661.3593,0.906189,0.0
2026-02-18T05:00:00Z,23411.5807,6567.555875,1.26299151,1.81,0.43,0.586651,8.2,4.21,,0.3,0.25,0.804534,0.796571,0.944755,0.959864,0.744736,681.2156,0.919673,0.0
2026-02-18T06:00:00Z,24082.804,6943.21661,1.33523396,1.23,0.43,0.582678,8.5,3.32,,0.28,0.5,0.831106,0.824975,0.952756,0.964309,0.772332,701.8769,0.930342,0.0
2026-02-18T07:00:00Z,24779.2631,7333.000985,1.4101925,0.46,0.72,0.5775,8.6,2.28,,0.26,1.055556,0.858676,0.854446,0.961985,0.969436,0.800553,723.3151,0.942647,0.0
2026-02-18T08:00:00Z,25426.0167,7694.966871,1.47980132,-0.31,0.72,0.57147,8.7,1.42,,0.24,1.305556,0.884278,0.881815,0.969742,0.973745,0.827123,743.2232,0.952989,0.0
2026-02-18T09:00:00Z,25979.8957,8004.954058,1.53941424,-0.9,0.72,0.565,8.6,0.76,,0.22,1.277778,0.906204,0.905253,0.975862,0.977145,0.850109,760.2725,0.961149,0.0
2026-02-18T10:00:00Z,26344.8728,8209.413004,1.57873327,-1.22,0.72,0.55853,8.6,0.74,,0.22,0.944444,0.92,0.92,0.976025,0.977236,0.866211,771.5177,0.961367,0.0
2026-02-18T11:00:00Z,26533.2465,8317.05512,1.59943368,-1.15,0.72,0.5525,8.5,1.1,,0.2,0.388889,0.92,0.92,0.9738,0.976,0.8672,777.438,0.9584,0.0
2026-02-18T12:00:00Z,26542.8307,8322.531808,1.60048689,-0.66,0.72,0.547322,8.5,1.66,,0.2,0.583333,0.92,0.92,0.969218,0.973455,0.869236,777.7392,0.952291,0.0
2026-02-18T13:00:00Z,26441.1533,8264.430476,1.58931355,0.06,0.72,0.543349,8.5,1.88,,0.2,1.194444,0.92,0.92,0.967418,0.972455,0.870036,774.5437,0.949891,0.0
2026-02-18T14:00:00Z,26206.6333,8131.851333,1.56381756,0.74,0.72,0.540852,8.5,1.97,,0.2,1.444444,0.91518,0.914847,0.966682,0.972045,0.864712,767.2518,0.948909,0.0
2026-02-18T15:00:00Z,25913.0412,7967.537891,1.53221883,1.21,0.72,0.54,8.5,1.4,,0.2,1.25,0.903558,0.902424,0.971345,0.974636,0.849014,758.2146,0.955127,0.0
2026-02-18T16:00:00Z,25492.899,7732.398628,1.48699974,1.39,0.72,0.540852,8.4,1.01,,0.18,0.805556,0.886926,0.884645,0.975256,0.976809,0.827776,745.2819,0.960342,0.0
2026-02-18T17:00:00Z,24917.9106,7410.597288,1.42511486,1.22,1.08,0.543349,8.4,1.24,,0.18,0.277778,0.864164,0.860313,0.973375,0.975764,0.801926,727.5829,0.957833,0.0
2026-02-18T18:00:00Z,24301.0297,7065.350092,1.35872117,0.71,1.08,0.547322,8.4,1.57,,0.16,0.416667,0.839744,0.834209,0.971395,0.974664,0.774176,708.5943,0.955193,0.0
2026-02-18T19:00:00Z,23672.0218,6713.315861,1.29102228,0.01,1.08,0.5525,8.3,2.05,,0.14,0.944444,0.814844,0.807592,0.968187,0.972882,0.746409,689.2324,0.950916,0.0
2026-02-18T20:00:00Z,23113.6841,6400.833311,1.23092948,-0.71,1.08,0.55853,8.3,2.18,,0.14,1.25,0.792742,0.783965,0.967124,0.972291,0.720968,672.0458,0.949498,0.0
2026-02-18T21:00:00Z,22662.4112,6148.271302,1.18235987,-1.26,1.08,0.565,8.2,2.05,,0.12,1.277778,0.774878,0.764869,0.968907,0.973282,0.699231,658.1549,0.951876,0.0
2026-02-18T22:00:00Z,22256.3899,5921.035078,1.13866059,-1.54,0.72,0.57147,8.2,2.58,,0.12,0.944444,0.758805,0.747688,0.964571,0.970873,0.682314,645.6569,0.946095,0.0
2026-02-18T23:00:00Z,22051.3758,5806.295674,1.11659532,-1.44,0.72,0.5775,8.2,2.34,,0.12,0.416667,0.750689,0.739013,0.966535,0.971964,0.671927,639.3463,0.948713,0.0
2026-02-19T00:00:00Z,22004.6686,5780.155266,1.11156832,-0.92,0.43,0.582678,8.3,1.98,,0.12,0.527778,0.74884,0.737036,0.96948,0.9736,0.66845,637.9085,0.95264,0.0
2026-02-19T01:00:00Z,22079.3728,5821.964624,1.11960858,-0.06,0.43,0.586651,8.3,2.01,,0.12,1.222222,0.751797,0.740197,0.969235,0.973464,0.672026,640.2081,0.952313,0.0
2026-02-19T02:00:00Z,22251.4055,5918.245456,1.13812413,0.81,0.43,0.589148,8.3,2.7,,0.1,1.611111,0.758608,0.747477,0.964309,0.970727,0.6822,645.5035,0.945745,0.0
2026-02-19T03:00:00Z,22568.5305,6095.729477,1.17225567,1.48,0.43,0.59,8.5,3.16,,0.1,1.444444,0.771161,0.760897,0.960545,0.968636,0.69859,655.2651,0.940727,0.0
2026-02-19T04:00:00Z,23008.5506,6341.99371,1.21961418,1.84,0.43,0.589148,8.8,3.43,,0.1,1.0,0.78858,0.779517,0.958336,0.967409,0.719994,668.8097,0.937782,0.0
2026-02-19T05:00:00Z,23572.6429,6657.696919,1.28032633,1.82,0.43,0.586651,9.0,3.19,,0.1,0.361111,0.81091,0.803387,0.9603,0.9685,0.745302,686.1733,0.9404,0.0
2026-02-19T06:00:00Z,24205.2671,7011.755047,1.34841443,1.41,0.43,0.582678,9.1,2.69,,0.1,0.361111,0.835953,0.830157,0.964391,0.970773,0.772844,705.6465,0.945855,0.0
2026-02-19T07:00:00Z,24773.8891,7329.993377,1.40961411,0.69,0.72,0.5775,9.2,2.83,,0.1,0.944444,0.858463,0.854219,0.963245,0.970136,0.799744,723.1496,0.944327,0.0
2026-02-19T08:00:00Z,25199.6242,7568.262723,1.45543514,-0.13,0.72,0.57147,9.2,3.88,,0.1,1.361111,0.875316,0.872234,0.954655,0.965364,0.823321,736.2544,0.932873,0.0
2026-02-19T09:00:00Z,25538.251,7757.780591,1.49188088,-0.85,0.72,0.565,9.2,4.95,,0.1,1.444444,0.888721,0.886564,0.9459,0.9605,0.842928,746.6779,0.9212,0.0
2026-02-19T10:00:00Z,25741.9113,7871.762301,1.51380044,-1.32,0.72,0.55853,9.5,6.01,,0.16,1.194444,0.896783,0.895182,0.935067,0.954482,0.857195,752.9469,0.906756,0.0
2026-02-19T11:00:00Z,25790.747,7899.094005,1.51905654,-1.44,0.72,0.5525,9.6,7.17,,0.24,0.694444,0.898716,0.897249,0.922696,0.947609,0.86496,754.4502,0.890262,0.0
2026-02-19T12:00:00Z,25813.8988,7912.051233,1.52154831,-1.16,0.72,0.547322,9.7,7.4,,0.3,0.055556,0.899633,0.898228,0.918655,0.945364,0.86783,755.1628,0.884873,0.0
2026-02-19T13:00:00Z,25748.5547,7875.480382,1.51451546,-0.49,0.72,0.543349,9.8,7.27,,0.32,0.805556,0.897046,0.895463,0.918998,0.945555,0.864645,753.1514,0.885331,0.0
2026-02-19T14:00:00Z,25546.0514,7762.146233,1.49272043,0.31,0.72,0.540852,9.8,7.16,,0.32,1.333333,0.88903,0.886894,0.919898,0.946055,0.854847,746.918,0.886531,0.0
2026-02-19T15:00:00Z,25223.3693,7581.552065,1.45799078,0.95,0.72,0.54,9.8,6.92,,0.34,1.333333,0.876256,0.873239,0.921142,0.946745,0.839318,736.9854,0.888189,0.0
2026-02-19T16:00:00Z,24783.2187,7335.214797,1.41061823,1.3,0.72,0.540852,9.7,6.85,,0.34,0.972222,0.858832,0.854614,0.921715,0.947064,0.818635,723.4368,0.888953,0.0
2026-02-19T17:00:00Z,24274.9191,7050.736915,1.35591095,1.33,1.08,0.543349,9.7,6.66,,0.36,0.472222,0.838711,0.833104,0.922549,0.947527,0.794673,707.7905,0.890065,0.0
2026-02-19T18:00:00Z,23788.0709,6778.264566,1.30351242,1.0,1.08,0.547322,9.7,5.94,,0.36,0.5,0.819438,0.812503,0.92844,0.9508,0.76946,692.8046,0.89792,0.0
2026-02-19T19:00:00Z,23333.7421,6523.992271,1.2546139,0.37,1.08,0.5525,9.6,4.88,,0.34,1.055556,0.801453,0.793277,0.937833,0.956018,0.744199,678.8196,0.910444,0.0
2026-02-19T20:00:00Z,22852.7195,6254.780346,1.20284237,-0.39,1.08,0.55853,9.6,4.41,,0.32,1.5,0.782411,0.772922,0.942398,0.958555,0.719845,664.0129,0.916531,0.0
2026-02-19T21:00:00Z,22421.9959,6013.719087,1.15648444,-1.08,1.08,0.565,9.5,4.17,,0.3,1.694444,0.765361,0.754696,0.945082,0.960045,0.698662,650.7545,0.920109,0.0
2026-02-19T22:00:00Z,22069.1482,5816.242291,1.11850813,-1.53,0.72,0.57147,9.3,4.24,,0.28,1.5,0.751393,0.739765,0.945229,0.960127,0.682221,639.8933,0.920305,0.0
2026-02-19T23:00:00Z,21886.3633,5713.943832,1.09883535,-1.64,0.72,0.5775,9.2,3.91,,0.24,1.0,0.744157,0.73203,0.949369,0.962427,0.671897,634.2669,0.925825,0.0
2026-02-20T00:00:00Z,21837.7234,5686.721716,1.09360033,-1.35,0.43,0.582678,9.2,3.65,,0.22,0.361111,0.742232,0.729972,0.952216,0.964009,0.668375,632.7697,0.929622,0.0
2026-02-20T01:00:00Z,21913.0877,5728.900557,1.10171165,-0.64,0.43,0.586651,9.2,3.72,,0.2,0.555556,0.745215,0.733161,0.952364,0.964091,0.671807,635.0895,0.929818,0.0
2026-02-20T02:00:00Z,22119.4261,5844.381095,1.12391944,0.28,0.43,0.589148,9.2,3.91,,0.2,1.194444,0.753383,0.741892,0.950809,0.963227,0.682074,641.441,0.927745,0.0
2026-02-20T03:00:00Z,22480.6994,6046.573402,1.16280258,1.1,0.43,0.59,9.4,3.89,,0.18,1.416667,0.767684,0.75718,0.951693,0.963718,0.698449,652.5615,0.928924,0.0
2026-02-20T04:00:00Z,22980.7487,6326.433905,1.2166219,1.62,0.43,0.589148,9.7,3.54,,0.16,1.111111,0.787479,0.77834,0.955276,0.965709,0.720064,667.9539,0.933702,0.0
2026-02-20T05:00:00Z,23618.9055,6683.588495,1.28530548,1.8,0.43,0.586651,10.0,2.53,,0.16,0.583333,0.812742,0.805344,0.96354,0.9703,0.746009,687.5974,0.94472,0.0
2026-02-20T06:00:00Z,24287.9361,7058.022083,1.35731194,1.59,0.43,0.582678,10.2,1.76,,0.14,0.277778,0.839226,0.833655,0.97056,0.9742,0.773939,708.1912,0.95408,0.0
2026-02-20T07:00:00Z,24849.6616,7372.400658,1.41776936,1.04,0.72,0.5775,10.4,2.0,,0.14,0.833333,0.861462,0.857425,0.968596,0.973109,0.800883,725.482,0.951462,0.0
2026-02-20T08:00:00Z,25280.7785,7613.68201,1.46416962,0.27,0.72,0.57147,10.3,3.03,,0.14,1.305556,0.878529,0.875669,0.960169,0.968427,0.824637,738.7525,0.940225,0.0
2026-02-20T09:00:00Z,25595.5548,7789.851591,1.49804838,-0.5,0.72,0.565,10.4,4.33,,0.14,1.611111,0.89099,0.888989,0.949533,0.962518,0.843973,748.4418,0.926044,0.0
2026-02-20T10:00:00Z,25814.6168,7912.453113,1.5216256,-1.08,0.72,0.55853,10.3,5.21,,0.22,1.444444,0.899661,0.898259,0.939453,0.956918,0.85862,755.1849,0.912604,0.0
2026-02-20T11:00:00Z,25886.584,7952.730661,1.52937128,-1.35,0.72,0.5525,10.4,6.25,,0.28,1.055556,0.90251,0.901304,0.928784,0.950991,0.866702,757.4002,0.898378,0.0
2026-02-20T12:00:00Z,25811.7781,7910.864383,1.52132007,-1.25,0.72,0.547322,10.5,7.23,,0.36,0.416667,0.899549,0.898139,0.917885,0.944936,0.868074,755.0975,0.883847,0.0
2026-02-20T13:00:00Z,25639.1559,7814.253633,1.50274108,-0.74,0.72,0.543349,10.5,7.99,,0.38,0.388889,0.892716,0.890834,0.910947,0.941082,0.863146,749.7839,0.874596,0.0
2026-02-20T14:00:00Z,25340.6953,7647.215448,1.47061836,0.06,0.72,0.540852,10.5,8.64,,0.4,1.027778,0.880901,0.878204,0.904909,0.937727,0.851978,740.5968,0.866545,0.0
2026-02-20T15:00:00Z,24981.4198,7446.141175,1.43195023,0.85,0.72,0.54,10.5,8.76,,0.42,1.388889,0.866678,0.863001,0.903207,0.936782,0.836059,729.5378,0.864276,0.0
2026-02-20T16:00:00Z,24529.6815,7193.318681,1.38333052,1.37,0.72,0.540852,10.5,8.74,,0.46,1.222222,0.848796,0.843885,0.901931,0.936073,0.815661,715.6325,0.862575,0.0
2026-02-20T17:00:00Z,24001.3858,6897.649636,1.32647108,1.57,1.08,0.543349,10.6,8.83,,0.48,0.75,0.827883,0.82153,0.900475,0.935264,0.791789,699.3707,0.860633,0.0
2026-02-20T18:00:00Z,23426.5864,6575.954045,1.26460655,1.44,1.08,0.547322,10.6,8.96,,0.52,0.388889,0.805128,0.797206,0.897971,0.933873,0.766225,681.6775,0.857295,0.0
2026-02-20T19:00:00Z,22860.5911,6259.185831,1.20368958,0.99,1.08,0.5525,10.7,9.15,,0.52,0.75,0.782723,0.773256,0.896416,0.933009,0.740647,664.2552,0.855222,0.0
2026-02-20T20:00:00Z,22342.0045,5968.95064,1.14787512,0.3,1.08,0.55853,10.7,9.25,,0.52,1.277778,0.762194,0.751311,0.895598,0.932555,0.716943,648.2923,0.854131,0.0
2026-02-20T21:00:00Z,21905.0919,5724.425554,1.10085107,-0.44,1.08,0.565,10.8,9.25,,0.52,1.611111,0.744898,0.732822,0.895598,0.932555,0.696665,634.8434,0.854131,0.0
2026-02-20T22:00:00Z,21613.18,5561.052447,1.06943316,-1.02,0.72,0.57147,11.0,8.75,,0.52,1.611111,0.733343,0.72047,0.899689,0.934827,0.681299,625.8579,0.859585,0.0
2026-02-20T23:00:00Z,21388.7808,5435.463853,1.04528151,-1.32,0.72,0.5775,11.1,8.9,,0.52,1.25,0.72446,0.710974,0.898462,0.934145,0.671429,618.9505,0.857949,0.0
2026-02-21T00:00:00Z,20947.2505,5188.354462,0.99776047,-1.28,0.43,0.582678,11.3,8.7,,0.52,0.638889,0.706981,0.69229,0.900098,0.935055,0.65021,605.3595,0.860131,0.0
2026-02-21T01:00:00Z,21020.663,5229.440899,1.00566171,-0.87,0.43,0.586651,11.5,8.65,,0.52,0.111111,0.709887,0.695397,0.900507,0.935282,0.653435,607.6192,0.860676,0.0
2026-02-21T02:00:00Z,21205.5305,5332.904964,1.02555865,-0.12,0.43,0.589148,11.7,8.81,,0.54,0.861111,0.717205,0.70322,0.898478,0.934155,0.662917,613.3098,0.857971,0.0
2026-02-21T03:00:00Z,21527.5794,5513.144719,1.06022014,0.71,0.43,0.59,12.0,8.82,,0.54,1.333333,0.729954,0.716848,0.898396,0.934109,0.6779,623.223,0.857862,0.0
2026-02-21T04:00:00Z,21973.4861,5762.703455,1.1082122,1.33,0.43,0.589148,12.2,8.54,,0.54,1.333333,0.747606,0.735717,0.900687,0.935382,0.697577,636.9487,0.860916,0.0
2026-02-21T05:00:00Z,22482.3249,6047.483152,1.16297753,1.6,0.43,0.586651,12.3,8.29,,0.56,0.944444,0.767749,0.757249,0.902013,0.936118,0.720604,652.6116,0.862684,0.0
2026-02-21T06:00:00Z,23001.4519,6338.02078,1.21885015,1.55,0.43,0.582678,12.4,8.38,,0.56,0.444444,0.788299,0.779216,0.901276,0.935709,0.745025,668.5911,0.861702,0.0
2026-02-21T07:00:00Z,23511.4977,6623.476033,1.27374539,1.17,0.72,0.5775,12.5,8.55,,0.56,0.527778,0.80849,0.800799,0.899885,0.934936,0.769315,684.2912,0.859847,0.0
2026-02-21T08:00:00Z,23981.7165,6886.641393,1.32435411,0.52,0.72,0.57147,12.5,8.68,,0.58,1.055556,0.827104,0.820697,0.898102,0.933945,0.791931,698.7653,0.857469,0.0
2026-02-21T09:00:00Z,24381.4428,7110.354562,1.36737588,-0.25,0.72,0.565,12.5,8.87,,0.58,1.472222,0.842928,0.837612,0.896547,0.933082,0.811174,711.0695,0.855396,0.0
2026-02-21T10:00:00Z,24696.7082,7286.797819,1.40130727,-0.92,0.72,0.55853,12.7,8.87,,0.6,1.555556,0.855408,0.850953,0.895827,0.932682,0.826126,720.7739,0.854436,0.0
2026-02-21T11:00:00Z,24847.1812,7371.012448,1.41750239,-1.34,0.72,0.5525,12.7,9.32,,0.6,1.361111,0.861364,0.85732,0.892145,0.930636,0.834746,725.4057,0.849527,0.0
2026-02-21T12:00:00Z,24904.0713,7402.85186,1.42362536,-1.42,0.72,0.547322,12.7,9.36,,0.62,0.861111,0.863616,0.859728,0.891098,0.930055,0.837851,727.1569,0.848131,0.0
2026-02-21T13:00:00Z,24846.0239,7370.364761,1.41737784,-1.15,0.72,0.543349,12.7,9.33,,0.6,0.166667,0.861318,0.857271,0.892064,0.930591,0.834728,725.3701,0.849418,0.0
2026-02-21T14:00:00Z,24647.9925,7259.533314,1.3960641,-0.54,0.72,0.540852,12.7,9.36,,0.58,0.611111,0.853479,0.848892,0.892538,0.930855,0.825326,719.2743,0.850051,0.0
2026-02-21T15:00:00Z,24346.1575,7090.606601,1.36357819,0.26,0.72,0.54,12.6,9.25,,0.56,1.222222,0.841531,0.836119,0.894158,0.931755,0.810598,709.9834,0.852211,0.0
2026-02-21T16:00:00Z,23959.6873,6874.312406,1.32198315,0.95,0.72,0.540852,12.6,9.01,,0.54,1.388889,0.826232,0.819765,0.896842,0.933245,0.791469,698.0872,0.855789,0.0
2026-02-21T17:00:00Z,23519.4942,6627.951355,1.27460603,1.33,1.08,0.543349,12.6,8.66,,0.5,1.111111,0.808806,0.801138,0.901145,0.935636,0.769126,684.5373,0.861527,0.0
2026-02-21T18:00:00Z,23078.3495,6381.057745,1.22712649,1.39,1.08,0.547322,12.6,7.85,,0.48,0.583333,0.791343,0.78247,0.908493,0.939718,0.745386,670.9582,0.871324,0.0
2026-02-21T19:00:00Z,22654.5685,6143.882012,1.18151577,1.16,1.08,0.5525,12.4,6.77,,0.46,0.388889,0.774567,0.764537,0.918049,0.945027,0.721471,657.9135,0.884065,0.0
2026-02-21T20:00:00Z,22254.7391,5920.111156,1.13848291,0.65,1.08,0.55853,12.1,5.78,,0.42,0.777778,0.75874,0.747618,0.927589,0.950327,0.698674,645.6061,0.896785,0.0
2026-02-21T21:00:00Z,21873.2397,5706.598953,1.09742288,-0.01,1.08,0.565,11.7,5.24,,0.4,1.222222,0.743637,0.731475,0.932727,0.953182,0.678685,633.8629,0.903636,0.0
2026-02-21T22:00:00Z,21600.1944,5553.784873,1.06803555,-0.65,0.72,0.57147,11.7,4.63,,0.36,1.388889,0.732829,0.71992,0.939158,0.956755,0.663154,625.4582,0.912211,0.0
2026-02-21T23:00:00Z,21400.4037,5441.968842,1.04653247,-1.09,0.72,0.5775,11.6,4.55,,0.34,1.305556,0.72492,0.711466,0.940533,0.957518,0.653271,619.3083,0.914044,0.0
2026-02-22T00:00:00Z,21296.2819,5383.695385,1.03532604,-1.22,0.43,0.582678,11.5,5.07,,0.3,0.861111,0.720798,0.70706,0.937718,0.955955,0.649689,616.1032,0.910291,0.0
2026-02-22T01:00:00Z,21308.1664,5390.346773,1.03660515,-1.04,0.43,0.586651,11.4,5.62,,0.36,0.277778,0.721268,0.707563,0.931058,0.952255,0.653201,616.4691,0.901411,0.0
2026-02-22T02:00:00Z,21539.861,5520.018308,1.06154198,-0.54,0.43,0.589148,11.4,5.23,,0.4,0.416667,0.73044,0.717367,0.932809,0.953227,0.663176,623.601,0.903745,0.0
2026-02-22T03:00:00Z,21886.3606,5713.942269,1.09883505,0.18,0.43,0.59,11.7,4.9,,0.46,1.055556,0.744157,0.73203,0.933349,0.953527,0.679017,634.2668,0.904465,0.0
2026-02-22T04:00:00Z,22339.743,5967.684935,1.14763172,0.89,0.43,0.589148,12.2,4.52,,0.52,1.361111,0.762105,0.751215,0.934298,0.954055,0.699638,648.2227,0.905731,0.0
2026-02-22T05:00:00Z,22772.5307,6209.901421,1.19421181,1.35,0.43,0.586651,12.6,5.14,,0.58,1.25,0.779237,0.769529,0.927065,0.950036,0.722938,661.5446,0.896087,0.0
2026-02-22T06:00:00Z,22943.2857,6305.467178,1.21258984,1.51,0.43,0.582678,11.9,8.72,,0.64,0.805556,0.785996,0.776755,0.895615,0.932564,0.744841,666.8007,0.854153,0.0
2026-02-22T07:00:00Z,23221.3052,6461.065167,1.24251253,1.34,0.72,0.5775,10.4,11.05,,0.66,0.25,0.797002,0.78852,0.875831,0.921573,0.766537,675.3586,0.827775,0.0
2026-02-22T08:00:00Z,23728.918,6745.158748,1.29714591,0.87,0.72,0.57147,10.4,10.72,,0.68,0.305556,0.817097,0.81,0.877811,0.922673,0.789216,690.9837,0.830415,0.0
2026-02-22T09:00:00Z,24225.2985,7022.965946,1.35057037,0.25,0.72,0.565,10.4,9.9,,0.7,0.75,0.836746,0.831005,0.8838,0.926,0.809592,706.2631,0.8384,0.0
2026-02-22T10:00:00Z,24630.0446,7249.488496,1.3941324,-0.36,0.72,0.55853,9.9,9.08,,0.72,1.027778,0.852769,0.848132,0.889789,0.929327,0.825715,718.7219,0.846385,0.0
2026-02-22T11:00:00Z,24865.6976,7381.375455,1.41949528,-0.83,0.72,0.5525,9.6,8.66,,0.76,0.972222,0.862097,0.858104,0.891785,0.930436,0.835765,725.9757,0.849047,0.0
2026-02-22T12:00:00Z,24926.1744,7415.222229,1.42600427,-1.03,0.72,0.547322,9.4,8.67,,0.78,0.666667,0.864491,0.860663,0.890984,0.929991,0.838928,727.8372,0.847978,0.0
2026-02-22T13:00:00Z,24879.8743,7389.309632,1.42102108,-0.93,0.72,0.543349,9.2,8.6,,0.74,0.305556,0.862658,0.858704,0.892996,0.931109,0.835885,726.412,0.850662,0.0
2026-02-22T14:00:00Z,24651.9809,7261.765495,1.39649336,-0.52,0.72,0.540852,9.1,8.95,,0.7,0.694444,0.853637,0.84906,0.891573,0.930318,0.825941,719.3971,0.848764,0.0
2026-02-22T15:00:00Z,24358.1045,7097.292919,1.36486402,0.16,0.72,0.54,9.0,8.83,,0.66,1.25,0.842004,0.836625,0.893995,0.931664,0.811225,710.3511,0.851993,0.0
2026-02-22T16:00:00Z,23972.0451,6881.228667,1.32331321,0.91,0.72,0.540852,9.0,8.52,,0.66,1.694444,0.826721,0.820288,0.896531,0.933073,0.79218,698.4676,0.855375,0.0
2026-02-22T17:00:00Z,23499.6321,6616.835233,1.27246831,1.47,1.08,0.543349,9.0,8.29,,0.68,1.694444,0.80802,0.800297,0.897693,0.933718,0.769739,683.9259,0.856924,0.0
2026-02-22T18:00:00Z,22935.8917,6301.329008,1.21179404,1.72,1.08,0.547322,9.0,8.67,,0.68,1.25,0.785704,0.776442,0.894584,0.931991,0.744957,666.5731,0.852778,0.0
2026-02-22T19:00:00Z,22393.2658,5997.639813,1.15339227,1.68,1.08,0.5525,8.9,8.8,,0.7,0.694444,0.764223,0.75348,0.8928,0.931,0.720565,649.8702,0.8504,0.0
2026-02-22T20:00:00Z,21882.8751,5711.991564,1.09845992,1.4,1.08,0.55853,8.9,9.05,,0.7,0.138889,0.744019,0.731882,0.890755,0.929864,0.697786,634.1595,0.847673,0.0
2026-02-22T21:00:00Z,21462.8353,5476.90967,1.05325186,0.9,1.08,0.565,8.9,9.01,,0.72,0.444444,0.727391,0.714108,0.890362,0.929645,0.678466,621.23,0.847149,0.0
2026-02-22T22:00:00Z,21140.204,5296.343925,1.01852768,0.3,0.72,0.57147,9.0,8.97,,0.74,0.805556,0.714619,0.700455,0.889969,0.929427,0.663667,611.2989,0.846625,0.0
2026-02-22T23:00:00Z,20924.3534,5175.539711,0.9952961,-0.22,0.72,0.5775,9.1,9.02,,0.78,0.972222,0.706075,0.691321,0.88812,0.9284,0.654471,604.6547,0.84416,0.0
2026-02-23T00:00:00Z,21236.2574,5350.101723,1.02886572,-0.55,0.43,0.582678,9.3,8.98,,0.8,0.833333,0.718422,0.70452,0.887727,0.928182,0.669122,614.2556,0.843636,0.0
2026-02-23T01:00:00Z,21316.4552,5394.985732,1.03749726,-0.61,0.43,0.586651,9.5,8.94,,0.78,0.444444,0.721597,0.707914,0.888775,0.928764,0.672378,616.7242,0.845033,0.0
2026-02-23T02:00:00Z,21554.0168,5527.940837,1.06306555,-0.42,0.43,0.589148,9.7,8.62,,0.78,0.166667,0.731001,0.717966,0.891393,0.930218,0.68224,624.0367,0.848524,0.0
2026-02-23T03:00:00Z,21931.0827,5738.97174,1.10364841,0.01,0.43,0.59,9.8,8.21,,0.76,0.666667,0.745927,0.733922,0.895467,0.932482,0.697929,635.6434,0.853956,0.0
2026-02-23T04:00:00Z,22406.9536,6005.300438,1.15486547,0.59,0.43,0.589148,10.0,7.93,,0.72,1.055556,0.764765,0.754059,0.899198,0.934555,0.718357,650.2915,0.858931,0.0
2026-02-23T05:00:00Z,22968.0475,6319.325525,1.21525491,1.07,0.43,0.586651,10.1,7.49,,0.7,1.222222,0.786977,0.777803,0.903518,0.936955,0.742478,667.5629,0.864691,0.0
2026-02-23T06:00:00Z,23563.4267,6652.538923,1.27933441,1.27,0.43,0.582678,10.2,7.19,,0.66,0.916667,0.810545,0.802997,0.907413,0.939118,0.768379,685.8896,0.869884,0.0
2026-02-23T07:00:00Z,24075.0087,6938.853874,1.33439498,1.19,0.72,0.5775,10.3,7.52,,0.68,0.388889,0.830797,0.824645,0.903993,0.937218,0.793643,701.637,0.865324,0.0
2026-02-23T08:00:00Z,24564.6618,7212.89596,1.38709538,0.9,0.72,0.57147,10.4,7.74,,0.68,0.25,0.85018,0.845365,0.902193,0.936218,0.817168,716.7093,0.862924,0.0
2026-02-23T09:00:00Z,24999.3634,7456.183609,1.43388146,0.42,0.72,0.565,10.5,7.73,,0.7,0.694444,0.867389,0.86376,0.901555,0.935864,0.837627,730.0901,0.862073,0.0
2026-02-23T10:00:00Z,25470.3783,7719.794571,1.48457588,-0.17,0.72,0.55853,10.6,6.61,,0.7,1.055556,0.886034,0.883692,0.910718,0.940955,0.855414,744.5887,0.874291,0.0
2026-02-23T11:00:00Z,25514.6885,7744.593447,1.48934489,-0.71,0.72,0.5525,10.6,7.96,,0.72,1.166667,0.887788,0.885567,0.898953,0.934418,0.8627,745.9526,0.858604,0.0
2026-02-23T12:00:00Z,25490.0467,7730.802272,1.48669274,-1.05,0.72,0.547322,10.6,8.76,,0.72,1.0,0.886813,0.884524,0.892407,0.930782,0.864465,745.1941,0.849876,0.0
2026-02-23T13:00:00Z,25391.1251,7675.439267,1.47604601,-1.15,0.72,0.543349,10.5,9.11,,0.68,0.611111,0.882897,0.880338,0.888104,0.928391,0.861787,742.1492,0.844138,0.0
2026-02-23T14:00:00Z,25282.5309,7614.662798,1.46435823,-0.98,0.72,0.540852,10.4,8.38,,0.64,0.166667,0.878598,0.875743,0.893356,0.931309,0.854413,738.8065,0.851142,0.0
2026-02-23T15:00:00Z,25015.8599,7465.41617,1.43565696,-0.56,0.72,0.54,10.4,7.9,,0.6,0.472222,0.868042,0.864458,0.897284,0.933491,0.840291,730.5979,0.856378,0.0
2026-02-23T16:00:00Z,24639.0998,7254.556409,1.395107,0.04,0.72,0.540852,10.5,7.45,,0.56,0.944444,0.853127,0.848515,0.901685,0.935936,0.820848,719.0006,0.862247,0.0
2026-02-23T17:00:00Z,24212.5815,7015.848655,1.34920166,0.65,1.08,0.543349,10.7,6.74,,0.52,1.25,0.836243,0.830467,0.907495,0.939164,0.798471,705.8717,0.869993,0.0
2026-02-23T18:00:00Z,23807.0693,6788.897363,1.30555719,1.06,1.08,0.547322,10.8,5.38,,0.48,1.166667,0.82019,0.813307,0.918622,0.945345,0.774705,693.3894,0.884829,0.0
2026-02-23T19:00:00Z,23379.7599,6549.746855,1.2595667,1.2,1.08,0.5525,10.9,3.91,,0.5,0.75,0.803275,0.795225,0.928489,0.950827,0.750488,680.2361,0.897985,0.0
2026-02-23T20:00:00Z,22989.8602,6331.533337,1.21760256,1.13,1.08,0.55853,11.0,2.38,,0.5,0.222222,0.78784,0.778726,0.938127,0.956182,0.728109,668.2343,0.910836,0.0
2026-02-23T21:00:00Z,22680.3359,6158.303154,1.18428907,0.89,1.08,0.565,10.9,0.6,,0.52,0.25,0.775587,0.765628,0.950531,0.963073,0.70823,658.7067,0.927375,0.0
2026-02-23T22:00:00Z,22034.0404,5796.593643,1.11472955,0.48,0.72,0.57147,10.4,3.77,,0.56,0.666667,0.750003,0.738279,0.923875,0.948264,0.690082,638.8127,0.891833,0.0
2026-02-23T23:00:00Z,21545.9456,5523.423642,1.06219685,0.02,0.72,0.5775,9.8,6.86,,0.58,0.861111,0.730681,0.717625,0.904353,0.937418,0.676105,623.7883,0.865804,0.0
2026-02-24T00:00:00Z,21364.4663,5421.855862,1.04266459,-0.35,0.43,0.582678,9.5,8.02,,0.62,0.888889,0.723497,0.709945,0.899182,0.934545,0.669981,618.2021,0.858909,0.0
2026-02-24T01:00:00Z,21457.9248,5474.161412,1.05272335,-0.54,0.43,0.586651,9.4,7.71,,0.64,0.722222,0.727197,0.7139,0.900998,0.935555,0.673511,621.0789,0.861331,0.0
2026-02-24T02:00:00Z,21679.0613,5597.923983,1.07652384,-0.52,0.43,0.589148,9.4,7.49,,0.68,0.388889,0.735951,0.723258,0.902078,0.936155,0.683294,627.8858,0.862771,0.0
2026-02-24T03:00:00Z,21991.8027,5772.954638,1.11018358,-0.33,0.43,0.59,9.4,7.72,,0.7,0.333333,0.748331,0.736492,0.900916,0.935509,0.698326,637.5125,0.861222,0.0
2026-02-24T04:00:00Z,22427.5131,6016.806849,1.15707824,0.02,0.43,0.589148,9.3,7.71,,0.72,0.638889,0.765579,0.754929,0.900278,0.935155,0.718831,650.9244,0.860371,0.0
2026-02-24T05:00:00Z,22935.2476,6300.968534,1.21172472,0.46,0.43,0.586651,9.2,7.7,,0.74,0.972222,0.785678,0.776415,0.89892,0.9344,0.742999,666.5533,0.85856,0.0
2026-02-24T06:00:00Z,23472.7989,6601.817606,1.26958031,0.78,0.43,0.582678,9.0,7.76,,0.76,1.0,0.806958,0.799162,0.897709,0.933727,0.768486,683.1,0.856945,0.0
2026-02-24T07:00:00Z,23918.6272,6851.332463,1.31756394,0.87,0.72,0.5775,9.0,8.1,,0.96,0.75,0.824606,0.818028,0.888447,0.928582,0.793294,696.8233,0.844596,0.0
2026-02-24T08:00:00Z,24321.4787,7076.794718,1.36092206,0.78,0.72,0.57147,8.9,8.35,,1.18,0.305556,0.840554,0.835075,0.878482,0.923045,0.81642,709.2237,0.831309,0.0
2026-02-24T09:00:00Z,24670.011,7271.856345,1.39843391,0.56,0.72,0.565,8.9,8.45,,1.38,0.138889,0.854351,0.849823,0.871184,0.918991,0.835839,719.9521,0.821578,0.0
2026-02-24T10:00:00Z,25057.5888,7488.770405,1.44014815,0.21,0.72,0.55853,8.7,8.4,,1.24,0.472222,0.869694,0.866224,0.876633,0.922018,0.851405,731.8824,0.828844,0.0
2026-02-24T11:00:00Z,25216.0268,7577.442735,1.45720053,-0.2,0.72,0.5525,8.6,9.25,,1.1,0.694444,0.875965,0.872929,0.874718,0.920955,0.85961,736.7594,0.826291,0.0
2026-02-24T12:00:00Z,25281.618,7614.151865,1.46425997,-0.57,0.72,0.547322,8.6,9.73,,0.96,0.75,0.878562,0.875704,0.875831,0.921573,0.862159,738.7784,0.827775,0.0
2026-02-24T13:00:00Z,25259.7261,7601.899701,1.46190379,-0.76,0.72,0.543349,8.6,9.45,,0.92,0.611111,0.877695,0.874778,0.879562,0.923645,0.859485,738.1045,0.832749,0.0
2026-02-24T14:00:00Z,25162.9377,7547.730563,1.45148665,-0.75,0.72,0.540852,8.7,8.7,,0.86,0.333333,0.873864,0.870682,0.887858,0.928255,0.851306,735.1252,0.843811,0.0
2026-02-24T15:00:00Z,24871.4427,7384.59077,1.42011361,-0.56,0.72,0.54,8.6,8.46,,0.82,0.388889,0.862325,0.858347,0.891262,0.930145,0.836264,726.1525,0.848349,0.0
2026-02-24T16:00:00Z,24432.2963,7138.815537,1.37284914,-0.19,0.72,0.540852,8.6,8.61,,0.78,0.75,0.844941,0.839764,0.891475,0.930264,0.815788,712.6349,0.848633,0.0
2026-02-24T17:00:00Z,23921.3141,6852.836267,1.31785313,0.33,1.08,0.543349,8.6,8.7,,0.76,1.111111,0.824713,0.818141,0.891458,0.930255,0.79208,696.906,0.848611,0.0
2026-02-24T18:00:00Z,23398.3454,6560.148536,1.26156703,0.85,1.08,0.547322,8.5,8.61,,0.72,1.361111,0.804011,0.796011,0.893635,0.931464,0.766841,680.8082,0.851513,0.0
2026-02-24T19:00:00Z,22895.594,6278.775754,1.20745688,1.2,1.08,0.5525,8.5,8.23,,0.7,1.25,0.784109,0.774737,0.897464,0.933591,0.741806,665.3327,0.856618,0.0
2026-02-24T20:00:00Z,22416.9997,6010.922888,1.15594671,1.35,1.08,0.55853,8.4,8.01,,0.66,0.888889,0.765163,0.754484,0.900704,0.935391,0.718154,650.6008,0.860938,0.0
2026-02-24T21:00:00Z,22032.8055,5795.9025,1.11459663,1.35,1.08,0.565,8.5,7.45,,0.64,0.5,0.749954,0.738227,0.906005,0.938336,0.697967,638.7746,0.868007,0.0
2026-02-24T22:00:00Z,21796.9543,5663.904627,1.08921243,1.22,0.72,0.57147,8.4,6.38,,0.6,0.111111,0.740618,0.728246,0.9162,0.944,0.68249,631.5148,0.8816,0.0
2026-02-24T23:00:00Z,21629.3002,5570.07438,1.07116815,0.95,0.72,0.5775,8.6,5.94,,0.56,0.25,0.733981,0.721152,0.92124,0.9468,0.672469,626.3541,0.88832,0.0
2026-02-25T00:00:00Z,21610.5684,5559.590819,1.06915208,0.6,0.43,0.582678,8.8,5.41,,0.52,0.472222,0.733239,0.720359,0.927016,0.950009,0.669032,625.7775,0.896022,0.0
2026-02-25T01:00:00Z,21703.7467,5611.739543,1.07918068,0.31,0.43,0.586651,8.9,5.25,,0.5,0.611111,0.736928,0.724302,0.929045,0.951136,0.672455,628.6457,0.898727,0.0
2026-02-25T02:00:00Z,21930.8841,5738.86058,1.10362703,0.14,0.43,0.589148,8.9,5.21,,0.48,0.5,0.745919,0.733914,0.930093,0.951718,0.682531,635.6373,0.900124,0.0
2026-02-25T03:00:00Z,22277.7019,5932.962678,1.14095436,0.09,0.43,0.59,8.9,5.28,,0.46,0.277778,0.759649,0.74859,0.93024,0.9518,0.698562,646.3129,0.90032,0.0
2026-02-25T04:00:00Z,22725.1576,6183.388297,1.18911313,0.12,0.43,0.589148,8.9,5.4,,0.44,0.25,0.777362,0.767524,0.929978,0.951655,0.719445,660.0864,0.899971,0.0
2026-02-25T05:00:00Z,23238.5244,6470.702201,1.24436581,0.29,0.43,0.586651,8.8,5.54,,0.44,0.361111,0.797684,0.789248,0.928833,0.951018,0.74378,675.8886,0.898444,0.0
2026-02-25T06:00:00Z,23790.3815,6779.557744,1.3037611,0.54,0.43,0.582678,8.9,5.73,,0.42,0.583333,0.81953,0.812601,0.927998,0.950555,0.769764,692.8757,0.897331,0.0
2026-02-25T07:00:00Z,24388.3092,7114.197457,1.3681149,0.71,0.72,0.5775,8.9,5.48,,0.4,0.555556,0.843199,0.837903,0.930764,0.952091,0.796285,711.2809,0.901018,0.0
2026-02-25T08:00:00Z,25012.1298,7463.328509,1.43525548,0.73,0.72,0.57147,8.9,4.68,,0.38,0.361111,0.867894,0.8643,0.938029,0.956127,0.822008,730.4831,0.910705,0.0
2026-02-25T09:00:00Z,25553.0111,7766.041303,1.49346948,0.64,0.72,0.565,9.0,4.01,,0.36,0.083333,0.889305,0.887188,0.944231,0.959573,0.844355,747.1323,0.918975,0.0
2026-02-25T10:00:00Z,25999.1999,8015.757952,1.54149191,0.48,0.72,0.55853,9.0,3.28,,0.34,0.25,0.906968,0.90607,0.950924,0.963291,0.862089,760.8667,0.927898,0.0
2026-02-25T11:00:00Z,26251.5479,8156.988494,1.56865163,0.21,0.72,0.5525,9.1,3.16,,0.3,0.472222,0.916958,0.916748,0.953345,0.964636,0.872724,768.6344,0.931127,0.0
2026-02-25T12:00:00Z,26298.9196,8183.500799,1.57375015,-0.13,0.72,0.547322,9.2,3.46,,0.28,0.638889,0.918833,0.918752,0.951611,0.963673,0.875694,770.0925,0.928815,0.0
2026-02-25T13:00:00Z,26208.7528,8133.037534,1.56404568,-0.43,0.72,0.543349,9.2,3.64,,0.26,0.722222,0.915264,0.914937,0.950858,0.963255,0.871843,767.3171,0.927811,0.0
2026-02-25T14:00:00Z,25993.2648,8012.436253,1.54085313,-0.62,0.72,0.540852,9.3,3.58,,0.26,0.583333,0.906733,0.905818,0.951349,0.963527,0.861624,760.684,0.928465,0.0
2026-02-25T15:00:00Z,25686.72,7840.873637,1.50786031,-0.66,0.72,0.54,9.4,3.23,,0.24,0.361111,0.894598,0.892847,0.954933,0.965518,0.845804,751.2481,0.933244,0.0
2026-02-25T16:00:00Z,25242.44,7592.225313,1.46004333,-0.58,0.72,0.540852,9.4,3.06,,0.24,0.25,0.877011,0.874046,0.956324,0.966291,0.824566,737.5724,0.935098,0.0
2026-02-25T17:00:00Z,24708.8645,7293.601312,1.40261564,-0.35,1.08,0.543349,9.5,3.06,,0.22,0.472222,0.855889,0.851467,0.957044,0.966691,0.799483,721.1481,0.936058,0.0
2026-02-25T18:00:00Z,24083.5742,6943.64767,1.33531686,0.03,1.08,0.547322,9.6,3.5,,0.22,0.777778,0.831136,0.825008,0.953444,0.964691,0.772062,701.9006,0.931258,0.0
2026-02-25T19:00:00Z,23419.1687,6571.802642,1.2638082,0.44,1.08,0.5525,9.7,4.32,,0.24,1.0,0.804835,0.796892,0.946015,0.960564,0.744528,681.4491,0.921353,0.0
2026-02-25T20:00:00Z,22835.8981,6245.36601,1.20103192,0.74,1.08,0.55853,9.8,4.84,,0.24,0.944444,0.781745,0.772211,0.94176,0.9582,0.719348,663.4951,0.91568,0.0
2026-02-25T21:00:00Z,22361.5,5979.861586,1.14997338,0.95,1.08,0.565,9.9,4.97,,0.26,0.75,0.762966,0.752136,0.939976,0.957209,0.698124,648.8924,0.913302,0.0
2026-02-25T22:00:00Z,22070.4485,5816.970018,1.11864808,1.08,0.72,0.57147,10.0,4.35,,0.24,0.5,0.751444,0.73982,0.945769,0.960427,0.682041,639.9334,0.921025,0.0
2026-02-25T23:00:00Z,21811.7047,5672.159964,1.09079999,1.07,0.72,0.5775,10.1,4.79,,0.24,0.222222,0.741202,0.728871,0.942169,0.958427,0.671632,631.9688,0.916225,0.0
2026-02-26T00:00:00Z,21685.3043,5601.417944,1.07719576,0.92,0.43,0.582678,10.2,5.46,,0.22,0.111111,0.736198,0.723522,0.937407,0.955782,0.667882,628.078,0.909876,0.0
2026-02-26T01:00:00Z,21717.1089,5619.217905,1.08061883,0.66,0.43,0.586651,10.4,5.78,,0.28,0.305556,0.737457,0.724868,0.932629,0.953127,0.671482,629.057,0.903505,0.0
2026-02-26T02:00:00Z,21886.6743,5714.117838,1.09886881,0.38,0.43,0.589148,10.5,6.22,,0.32,0.388889,0.744169,0.732043,0.926869,0.949927,0.681912,634.2765,0.895825,0.0
2026-02-26T03:00:00Z,22177.3235,5876.784307,1.13015083,0.17,0.43,0.59,10.6,6.65,,0.38,0.388889,0.755675,0.744342,0.920471,0.946373,0.698245,643.2231,0.887295,0.0
2026-02-26T04:00:00Z,22596.6611,6111.473229,1.17528331,0.01,0.43,0.589148,10.6,6.9,,0.4,0.305556,0.772275,0.762087,0.914825,0.943236,0.720216,656.131,0.879767,0.0
2026-02-26T05:00:00Z,23117.6054,6403.027922,1.23135152,-0.07,0.43,0.586651,10.6,6.9,,0.4,0.194444,0.792897,0.784131,0.912665,0.942036,0.745354,672.1665,0.876887,0.0
2026-02-26T06:00:00Z,23659.9595,6706.565028,1.28972404,0.0,0.43,0.582678,10.7,7.0,,0.42,0.111111,0.814367,0.807082,0.911127,0.941182,0.771209,688.8611,0.874836,0.0
2026-02-26T07:00:00Z,24216.3432,7017.953981,1.34960653,0.17,0.72,0.5775,10.7,6.83,,0.48,0.333333,0.836392,0.830626,0.914678,0.943155,0.795453,705.9875,0.879571,0.0
2026-02-26T08:00:00Z,24770.6258,7328.166977,1.40926288,0.31,0.72,0.57147,10.8,6.4,,0.52,0.472222,0.858334,0.854081,0.916036,0.943909,0.820574,723.0492,0.881382,0.0
2026-02-26T09:00:00Z,25208.3198,7573.129378,1.45637103,0.4,0.72,0.565,10.7,6.3,,0.58,0.388889,0.87566,0.872602,0.913255,0.942364,0.842125,736.5221,0.877673,0.0
2026-02-26T10:00:00Z,25535.6649,7756.33326,1.49160255,0.47,0.72,0.55853,10.7,6.56,,0.54,0.277778,0.888619,0.886454,0.911127,0.941182,0.858263,746.5983,0.874836,0.0
2026-02-26T11:00:00Z,25787.1306,7897.06998,1.5186673,0.49,0.72,0.5525,10.7,6.45,,0.48,0.25,0.898573,0.897096,0.912027,0.941682,0.869534,754.3388,0.876036,0.0
2026-02-26T12:00:00Z,25954.7699,7990.891988,1.53671,0.36,0.72,0.547322,10.7,5.8,,0.44,0.277778,0.905209,0.904189,0.915905,0.943836,0.87559,759.4991,0.881207,0.0
2026-02-26T13:00:00Z,25920.9406,7971.958896,1.53306902,0.13,0.72,0.543349,10.7,5.59,,0.4,0.416667,0.90387,0.902758,0.917624,0.944791,0.873257,758.4577,0.883498,0.0
2026-02-26T14:00:00Z,25752.8913,7877.907444,1.5149822,-0.13,0.72,0.540852,10.6,5.23,,0.38,0.5,0.897218,0.895647,0.919849,0.946027,0.864468,753.2849,0.886465,0.0
2026-02-26T15:00:00Z,25567.1923,7773.978066,1.49499578,-0.33,0.72,0.54,10.5,3.95,,0.34,0.444444,0.889867,0.887789,0.931042,0.952245,0.850875,747.5688,0.901389,0.0
2026-02-26T16:00:00Z,25012.6894,7463.641746,1.43531572,-0.47,0.72,0.540852,10.4,4.8,,0.34,0.361111,0.867916,0.864324,0.925527,0.949182,0.827591,730.5003,0.894036,0.0
2026-02-26T17:00:00Z,24428.0763,7136.453761,1.37239495,-0.51,1.08,0.543349,10.4,5.36,,0.32,0.166667,0.844774,0.839586,0.924545,0.948636,0.800894,712.505,0.892727,0.0
2026-02-26T18:00:00Z,23961.111,6875.109233,1.32213639,-0.4,1.08,0.547322,10.3,4.38,,0.32,0.138889,0.826288,0.819825,0.934724,0.954291,0.774698,698.131,0.906298,0.0
2026-02-26T19:00:00Z,23532.4998,6635.230154,1.2760058,-0.09,1.08,0.5525,10.3,2.85,,0.34,0.5,0.809321,0.801688,0.948682,0.962045,0.748602,684.9377,0.924909,0.0
2026-02-26T20:00:00Z,23070.2289,6376.512943,1.22625249,0.31,1.08,0.55853,10.1,2.02,,0.34,0.805556,0.791022,0.782127,0.956913,0.966618,0.723489,670.7082,0.935884,0.0
2026-02-26T21:00:00Z,22506.4662,6060.994189,1.16557581,0.67,1.08,0.565,10.0,3.04,,0.36,0.888889,0.768704,0.75827,0.949287,0.962382,0.700714,653.3547,0.925716,0.0
2026-02-26T22:00:00Z,22159.0849,5866.576789,1.12818784,1.01,0.72,0.57147,9.7,2.89,,0.38,0.861111,0.754953,0.74357,0.950515,0.963064,0.684046,642.6617,0.927353,0.0
2026-02-26T23:00:00Z,21823.5823,5678.807398,1.09207835,1.3,0.72,0.5775,9.7,4.15,,0.4,0.694444,0.741672,0.729373,0.939485,0.956936,0.673376,632.3344,0.912647,0.0
2026-02-27T00:00:00Z,21631.8313,5571.490931,1.07144056,1.43,0.43,0.582678,9.7,5.47,,0.42,0.444444,0.734081,0.721259,0.929405,0.951336,0.668957,626.432,0.899207,0.0
2026-02-27T01:00:00Z,21606.6057,5557.373034,1.06872558,1.33,0.43,0.586651,9.6,6.52,,0.46,0.222222,0.733082,0.720192,0.920095,0.946164,0.671924,625.6555,0.886793,0.0
2026-02-27T02:00:00Z,21880.6062,5710.721775,1.09821573,1.07,0.43,0.589148,9.6,5.79,,0.48,0.25,0.743929,0.731786,0.925347,0.949082,0.682307,634.0897,0.893796,0.0
2026-02-27T03:00:00Z,22239.3879,5911.519594,1.13683069,0.74,0.43,0.59,9.6,5.52,,0.52,0.416667,0.758132,0.746969,0.926116,0.949509,0.698616,645.1336,0.894822,0.0
2026-02-27T04:00:00Z,22611.8471,6119.972282,1.17691775,0.4,0.43,0.589148,9.5,6.3,,0.54,0.527778,0.772876,0.76273,0.919015,0.945564,0.719059,656.5985,0.885353,0.0
2026-02-27T05:00:00Z,23068.6503,6375.629429,1.22608258,0.08,0.43,0.586651,9.5,6.9,,0.56,0.555556,0.790959,0.78206,0.913385,0.942436,0.742762,670.6596,0.877847,0.0
2026-02-27T06:00:00Z,23556.2381,6648.515702,1.27856071,-0.15,0.43,0.582678,9.4,7.51,,0.58,0.472222,0.810261,0.802693,0.907675,0.939264,0.767929,685.6684,0.870233,0.0
2026-02-27T07:00:00Z,24054.8564,6927.575342,1.33222603,-0.18,0.72,0.5775,9.4,8.02,,0.58,0.222222,0.829999,0.823792,0.903502,0.936945,0.792925,701.0166,0.864669,0.0
2026-02-27T08:00:00Z,24553.7479,7206.787849,1.38592074,-0.03,0.72,0.57147,9.4,8.15,,0.58,0.277778,0.849748,0.844903,0.902438,0.936355,0.816552,716.3733,0.863251,0.0
2026-02-27T09:00:00Z,25020.78,7468.16974,1.43618649,0.17,0.72,0.565,9.4,7.92,,0.58,0.444444,0.868236,0.864666,0.90432,0.9374,0.837392,730.7493,0.86576,0.0
2026-02-27T10:00:00Z,25496.1962,7734.243962,1.48735461,0.38,0.72,0.55853,9.7,6.83,,0.56,0.5,0.887056,0.884784,0.913958,0.942755,0.855173,745.3834,0.878611,0.0
2026-02-27T11:00:00Z,25751.5684,7877.16707,1.51483982,0.6,0.72,0.5525,9.7,6.62,,0.52,0.444444,0.897165,0.895591,0.917116,0.944509,0.865621,753.2442,0.882822,0.0
2026-02-27T12:00:00Z,25923.5662,7973.428337,1.5333516,0.73,0.72,0.547322,9.7,5.87,,0.5,0.305556,0.903974,0.902869,0.923973,0.948318,0.870557,758.5386,0.891964,0.0
2026-02-27T13:00:00Z,25892.9128,7956.272704,1.53005244,0.66,0.72,0.543349,9.7,5.51,,0.5,0.111111,0.902761,0.901572,0.926918,0.949955,0.867825,757.595,0.895891,0.0
2026-02-27T14:00:00Z,25637.4527,7813.300398,1.50255777,0.42,0.72,0.540852,9.7,5.89,,0.48,0.277778,0.892648,0.890762,0.924529,0.948627,0.85703,749.7315,0.892705,0.0
2026-02-27T15:00:00Z,25230.6046,7585.601433,1.45876951,0.08,0.72,0.54,9.6,6.42,,0.48,0.472222,0.876543,0.873545,0.920193,0.946218,0.840075,737.2081,0.886924,0.0
2026-02-27T16:00:00Z,24717.1759,7298.252895,1.40351017,-0.25,0.72,0.540852,9.5,6.94,,0.5,0.527778,0.856218,0.851819,0.915218,0.943455,0.818457,721.4039,0.880291,0.0
2026-02-27T17:00:00Z,24160.9917,6986.975612,1.34364916,-0.52,1.08,0.543349,9.4,7.22,,0.52,0.527778,0.834201,0.828284,0.912207,0.941782,0.793982,704.2837,0.876276,0.0
2026-02-27T18:00:00Z,23579.3444,6661.447483,1.28104759,-0.68,1.08,0.547322,9.4,7.41,,0.54,0.472222,0.811176,0.80367,0.909933,0.940518,0.767998,686.3796,0.873244,0.0
2026-02-27T19:00:00Z,23072.0771,6377.547323,1.22645141,-0.63,1.08,0.5525,9.4,6.99,,0.52,0.361111,0.791095,0.782205,0.914089,0.942827,0.742608,670.7651,0.878785,0.0
2026-02-27T20:00:00Z,22621.4259,6125.333224,1.1779487,-0.32,1.08,0.55853,9.4,6.26,,0.52,0.555556,0.773255,0.763135,0.920062,0.946145,0.719038,656.8933,0.886749,0.0
2026-02-27T21:00:00Z,22223.4797,5902.616326,1.13511852,0.13,1.08,0.565,9.6,5.76,,0.5,0.916667,0.757502,0.746295,0.924873,0.948818,0.698431,644.6439,0.893164,0.0
2026-02-27T22:00:00Z,21978.5614,5765.543928,1.10875845,0.62,0.72,0.57147,9.5,4.66,,0.48,1.055556,0.747807,0.735931,0.934593,0.954218,0.682744,637.1049,0.906124,0.0
2026-02-27T23:00:00Z,21816.1588,5674.652752,1.09127938,1.13,0.72,0.5775,9.6,4.05,,0.46,1.055556,0.741378,0.729059,0.940304,0.957391,0.672668,632.1059,0.913738,0.0
2026-02-28T00:00:00Z,21370.8578,5425.432965,1.04335249,1.53,0.43,0.582678,9.7,3.71,,0.44,0.888889,0.72375,0.710216,0.943805,0.959336,0.650445,618.3988,0.918407,0.0
2026-02-28T01:00:00Z,21456.6013,5473.420698,1.0525809,1.69,0.43,0.586651,9.8,3.61,,0.42,0.611111,0.727144,0.713844,0.945344,0.960191,0.653741,621.0381,0.920458,0.0
2026-02-28T02:00:00Z,21691.5268,5604.900466,1.07786547,1.56,0.43,0.589148,9.9,3.47,,0.38,0.222222,0.736444,0.723785,0.947929,0.961627,0.663495,628.2695,0.923905,0.0
2026-02-28T03:00:00Z,22002.7278,5779.069052,1.11135943,1.2,0.43,0.59,10.0,3.86,,0.36,0.361111,0.748763,0.736954,0.945458,0.960255,0.679036,637.8488,0.920611,0.0
2026-02-28T04:00:00Z,22452.1096,6030.5727,1.15972552,0.74,0.43,0.589148,10.1,3.83,,0.34,0.638889,0.766553,0.75597,0.946424,0.960791,0.699464,651.6815,0.921898,0.0
2026-02-28T05:00:00Z,22972.9724,6322.081813,1.21578496,0.25,0.43,0.586651,10.2,3.82,,0.32,0.888889,0.787172,0.778011,0.947225,0.961236,0.723281,667.7145,0.922967,0.0
2026-02-28T06:00:00Z,23516.3208,6626.175333,1.27426449,-0.23,0.43,0.582678,10.3,3.97,,0.3,0.944444,0.808681,0.801004,0.946718,0.960955,0.748724,684.4396,0.922291,0.0
2026-02-28T07:00:00Z,24123.8685,6966.199052,1.33965366,-0.56,0.72,0.5775,10.4,3.49,,0.28,0.833333,0.832731,0.826713,0.951365,0.963536,0.774856,703.1409,0.928487,0.0
2026-02-28T08:00:00Z,24626.2047,7247.339441,1.39371912,-0.6,0.72,0.57147,10.5,3.62,,0.28,0.416667,0.852617,0.84797,0.950302,0.962945,0.798643,718.6037,0.927069,0.0
2026-02-28T09:00:00Z,25040.4717,7479.190502,1.43830587,-0.41,0.72,0.565,10.5,3.94,,0.26,0.222222,0.869016,0.8655,0.948404,0.961891,0.818713,731.3555,0.924538,0.0
2026-02-28T10:00:00Z,25394.6814,7677.429622,1.47642877,-0.08,0.72,0.55853,10.5,3.87,,0.24,0.555556,0.883038,0.880489,0.949696,0.962609,0.834578,742.2586,0.926262,0.0
2026-02-28T11:00:00Z,25568.7429,7774.845871,1.49516267,0.31,0.72,0.5525,10.6,4.21,,0.24,0.694444,0.889928,0.887854,0.946915,0.961064,0.843892,747.6165,0.922553,0.0
2026-02-28T12:00:00Z,25604.3916,7794.797228,1.49899947,0.68,0.72,0.547322,10.8,4.59,,0.22,0.75,0.891339,0.889363,0.944525,0.959736,0.846609,748.7138,0.919367,0.0
2026-02-28T13:00:00Z,25373.1632,7665.386611,1.47411281,0.9,0.72,0.543349,11.1,5.65,,0.32,0.611111,0.882186,0.879578,0.932253,0.952918,0.841332,741.5963,0.903004,0.0
2026-02-28T14:00:00Z,25025.4678,7470.79337,1.43669103,0.83,0.72,0.540852,11.4,6.61,,0.4,0.305556,0.868422,0.864865,0.921518,0.946955,0.829966,730.8936,0.888691,0.0
2026-02-28T15:00:00Z,24668.1704,7270.826186,1.3982358,0.52,0.72,0.54,11.6,6.54,,0.5,0.111111,0.854278,0.849745,0.918491,0.945273,0.814728,719.8954,0.884655,0.0
2026-02-28T16:00:00Z,24226.4554,7023.613432,1.35069489,0.08,0.72,0.540852,11.6,6.59,,0.52,0.416667,0.836792,0.831054,0.917362,0.944645,0.79473,706.2987,0.883149,0.0
2026-02-28T17:00:00Z,23662.3979,6707.929683,1.28998648,-0.37,1.08,0.543349,11.5,7.15,,0.54,0.611111,0.814463,0.807185,0.91206,0.9417,0.770907,688.9361,0.87608,0.0
2026-02-28T18:00:00Z,23069.4767,6376.091942,1.22617153,-0.77,1.08,0.547322,11.5,7.69,,0.56,0.666667,0.790992,0.782095,0.906922,0.938845,0.745673,670.6851,0.869229,0.0
2026-02-28T19:00:00Z,22504.6484,6059.976865,1.16538017,-1.02,1.08,0.5525,11.4,7.99,,0.58,0.527778,0.768633,0.758193,0.903747,0.937082,0.720869,653.2987,0.864996,0.0
2026-02-28T20:00:00Z,22024.1744,5791.071988,1.11366769,-0.97,1.08,0.55853,11.3,7.85,,0.58,0.166667,0.749612,0.737862,0.904893,0.937718,0.698061,638.509,0.866524,0.0
2026-02-28T21:00:00Z,21584.58,5545.046008,1.066355,-0.59,1.08,0.565,11.3,7.97,,0.6,0.5,0.732211,0.71926,0.903191,0.936773,0.678415,624.9775,0.864255,0.0
2026-02-28T22:00:00Z,21257.3341,5361.897635,1.03113416,0.0,0.72,0.57147,11.4,8.0,,0.6,1.055556,0.719256,0.705412,0.902945,0.936636,0.663336,614.9044,0.863927,0.0
2026-02-28T23:00:00Z,21134.0762,5292.914392,1.01786815,0.66,0.72,0.5775,11.5,7.07,,0.58,1.361111,0.714377,0.700196,0.911275,0.941264,0.653914,611.1103,0.875033,0.0
2026-03-01T00:00:00Z,20502.8093,4939.615903,0.94992614,1.33,0.43,0.582678,11.5,7.3,,0.58,1.416667,0.689387,0.673483,0.908673,0.939818,0.625772,591.6789,0.871564,0.0
2026-03-01T01:00:00Z,20576.4982,4980.857037,0.95785712,1.83,0.43,0.586651,11.5,7.2,,0.58,1.222222,0.692305,0.676601,0.908771,0.939873,0.629148,593.9471,0.871695,0.0
2026-03-01T02:00:00Z,20763.9419,5085.762908,0.97803133,2.0,0.43,0.589148,11.6,7.28,,0.58,0.805556,0.699725,0.684533,0.908836,0.939909,0.637819,599.717,0.871782,0.0
2026-03-01T03:00:00Z,21067.8338,5255.840816,1.01073862,1.8,0.43,0.59,11.7,7.33,,0.58,0.25,0.711755,0.697393,0.907707,0.939282,0.652425,609.0712,0.870276,0.0
2026-03-01T04:00:00Z,21508.7061,5502.58197,1.05818884,1.34,0.43,0.589148,11.7,6.86,,0.58,0.305556,0.729207,0.716049,0.910113,0.940618,0.671817,622.642,0.873484,0.0
2026-03-01T05:00:00Z,21988.3744,5771.035916,1.1098146,0.76,0.43,0.586651,11.6,6.74,,0.58,0.694444,0.748195,0.736347,0.903895,0.937164,0.696843,637.407,0.865193,0.0
2026-03-01T06:00:00Z,22471.8046,6041.595296,1.16184525,0.15,0.43,0.582678,11.6,6.96,,0.58,0.944444,0.767332,0.756804,0.899935,0.934964,0.721039,652.2877,0.859913,0.0
2026-03-01T07:00:00Z,22973.9871,6322.649664,1.21589417,-0.39,0.72,0.5775,11.5,7.03,,0.56,1.055556,0.787212,0.778054,0.892882,0.931045,0.747481,667.7457,0.850509,0.0
2026-03-01T08:00:00Z,23350.4698,6533.354201,1.25641427,-0.71,0.72,0.57147,11.6,7.94,,0.56,0.861111,0.802115,0.793985,0.886156,0.927309,0.767943,679.3345,0.841542,0.0
2026-03-01T09:00:00Z,23729.0442,6745.229354,1.29715949,-0.68,0.72,0.565,11.7,8.2,,0.54,0.305556,0.817102,0.810005,0.878989,0.923327,0.788699,690.9876,0.831985,0.0
2026-03-01T10:00:00Z,23980.1249,6885.750665,1.32418282,-0.35,0.72,0.55853,11.9,8.71,,0.54,0.305556,0.827041,0.82063,0.871216,0.919009,0.803806,698.7163,0.821622,0.0
2026-03-01T11:00:00Z,24279.4639,7053.280478,1.35640009,0.14,0.72,0.5525,12.0,7.72,,0.54,0.777778,0.838891,0.833297,0.885076,0.926709,0.811539,707.9304,0.840102,0.0
2026-03-01T12:00:00Z,24412.1655,7127.549017,1.3706825,0.71,0.72,0.547322,12.2,7.11,,0.54,0.972222,0.844144,0.838912,0.885747,0.927082,0.8174,712.0152,0.840996,0.0
2026-03-01T13:00:00Z,24331.7967,7082.569356,1.36203257,1.2,0.72,0.543349,12.4,7.24,,0.54,0.972222,0.840962,0.835511,0.874604,0.920891,0.818622,709.5413,0.826138,0.0
2026-03-01T14:00:00Z,24212.8202,7015.982244,1.34922735,1.42,0.72,0.540852,12.6,6.48,,0.56,0.666667,0.836252,0.830477,0.897382,0.933545,0.802977,705.879,0.856509,0.0
2026-03-01T15:00:00Z,24079.5264,6941.382294,1.33488121,1.27,0.72,0.54,12.4,4.79,,0.56,0.194444,0.830976,0.824836,0.915529,0.943627,0.788725,701.776,0.880705,0.0
2026-03-01T16:00:00Z,23669.6203,6711.971833,1.29076381,0.81,0.72,0.540852,11.7,4.85,,0.54,0.416667,0.814749,0.807491,0.925118,0.948955,0.765439,689.1585,0.893491,0.0
2026-03-01T17:00:00Z,23153.0876,6422.88613,1.23517041,0.22,1.08,0.543349,11.1,5.25,,0.54,0.833333,0.794302,0.785633,0.926885,0.949936,0.74068,673.2587,0.895847,0.0
2026-03-01T18:00:00Z,22488.2905,6050.821883,1.16361959,-0.37,1.08,0.547322,10.9,6.97,,0.52,1.083333,0.767985,0.757501,0.914253,0.942918,0.715441,652.7952,0.879004,0.0
2026-03-01T19:00:00Z,21881.8915,5711.441072,1.09835405,-0.86,1.08,0.5525,10.8,8.13,,0.52,1.138889,0.74398,0.731841,0.904762,0.937645,0.691515,634.1293,0.866349,0.0
2026-03-01T20:00:00Z,21396.0843,5439.551384,1.04606757,-1.14,1.08,0.55853,10.8,8.38,,0.52,0.972222,0.724749,0.711283,0.902716,0.936509,0.669877,619.1753,0.863622,0.0
2026-03-01T21:00:00Z,20975.2265,5204.011646,1.00077147,-1.05,1.08,0.565,10.8,8.66,,0.52,0.5,0.708089,0.693474,0.900425,0.935236,0.651363,606.2206,0.860567,0.0
2026-03-01T22:00:00Z,20769.6259,5088.944046,0.97864309,-0.58,0.72,0.57147,10.6,7.27,,0.56,0.416667,0.69995,0.684774,0.910358,0.940755,0.637406,599.8919,0.873811,0.0
2026-03-01T23:00:00Z,20456.0324,4913.436448,0.94489162,0.1,0.72,0.5775,10.5,8.77,,0.58,0.972222,0.687536,0.671504,0.897365,0.933536,0.628627,590.239,0.856487,0.0
2026-03-02T00:00:00Z,20675.0027,5035.986632,0.96845897,0.87,0.43,0.582678,10.4,9.64,,0.62,1.25,0.696204,0.68077,0.888807,0.928782,0.642593,596.9793,0.845076,0.0
2026-03-02T01:00:00Z,20714.5319,5058.109795,0.97271342,1.58,0.43,0.586651,10.5,9.8,,0.68,1.25,0.697769,0.682442,0.885338,0.926855,0.645969,598.196,0.840451,0.0
2026-03-02T02:00:00Z,20837.1397,5126.729207,0.98590946,2.04,0.43,0.589148,10.5,10.52,,0.74,1.0,0.702622,0.687631,0.877287,0.922382,0.655238,601.9701,0.829716,0.0
2026-03-02T03:00:00Z,21135.9553,5293.966067,1.0180704,2.07,0.43,0.59,10.6,10.47,,0.8,0.444444,0.714451,0.700275,0.875536,0.921409,0.669885,611.1681,0.827382,0.0
2026-03-02T04:00:00Z,21451.7525,5470.706981,1.05205903,1.71,0.43,0.589148,10.8,10.91,,0.98,0.25,0.726952,0.713639,0.865456,0.915809,0.689021,620.8889,0.813942,0.0
2026-03-02T05:00:00Z,21839.4422,5687.683667,1.09378532,1.1,0.43,0.586651,10.9,11.2,,1.16,0.777778,0.7423,0.730044,0.856604,0.910891,0.710949,632.8226,0.802138,0.0
2026-03-02T06:00:00Z,22304.8269,5948.143613,1.14387377,0.39,0.43,0.582678,11.0,10.96,,1.34,1.166667,0.760722,0.749738,0.852087,0.908382,0.734555,647.1479,0.796116,0.0
2026-03-02T07:00:00Z,22810.0849,6230.919245,1.1982537,-0.31,0.72,0.5775,11.0,11.11,,1.26,1.361111,0.780724,0.771118,0.85374,0.9093,0.75727,662.7006,0.79832,0.0
2026-03-02T08:00:00Z,23267.6767,6487.017728,1.24750341,-0.87,0.72,0.57147,10.9,11.4,,1.18,1.277778,0.798838,0.790482,0.854247,0.909582,0.778282,676.786,0.798996,0.0
2026-03-02T09:00:00Z,23673.9133,6714.374453,1.29122586,-1.12,0.72,0.565,10.6,11.56,,1.1,0.972222,0.814919,0.807672,0.855818,0.910455,0.796438,689.2906,0.801091,0.0
2026-03-02T10:00:00Z,24072.0042,6937.172361,1.33407161,-0.95,0.72,0.55853,10.0,10.66,,1.12,0.361111,0.830678,0.824518,0.862462,0.914145,0.811961,701.5445,0.809949,0.0
2026-03-02T11:00:00Z,24164.3272,6988.842404,1.34400815,-0.48,0.72,0.5525,9.8,11.42,,1.16,0.527778,0.834333,0.828425,0.854804,0.909891,0.81965,704.3863,0.799738,0.0
2026-03-02T12:00:00Z,24111.7004,6959.388942,1.33834403,0.16,0.72,0.547322,9.5,12.39,,1.18,0.944444,0.832249,0.826198,0.846147,0.905082,0.821055,702.7664,0.788196,0.0
2026-03-02T13:00:00Z,24036.5616,6917.336354,1.33025699,0.82,0.72,0.543349,9.2,12.67,,1.12,1.138889,0.829275,0.823018,0.846016,0.905009,0.817625,700.4535,0.788022,0.0
2026-03-02T14:00:00Z,23855.8933,6816.222473,1.31081201,1.3,0.72,0.540852,9.0,12.78,,1.06,1.055556,0.822123,0.815373,0.847276,0.905709,0.80868,694.8922,0.789702,0.0
2026-03-02T15:00:00Z,23642.5579,6696.825918,1.28785114,1.44,0.72,0.54,8.8,12.16,,1.0,0.638889,0.813678,0.806345,0.854509,0.909727,0.795565,688.3254,0.799345,0.0
2026-03-02T16:00:00Z,23233.4037,6467.836281,1.24381467,1.19,0.72,0.540852,8.6,12.35,,0.98,0.166667,0.797481,0.789032,0.853675,0.909264,0.776946,675.731,0.798233,0.0
2026-03-02T17:00:00Z,22765.2794,6205.843128,1.19343137,0.66,1.08,0.543349,8.5,12.49,,0.96,0.416667,0.77895,0.769222,0.853249,0.909027,0.755409,661.3214,0.797665,0.0
2026-03-02T18:00:00Z,22378.3555,5989.295058,1.15178751,0.02,1.08,0.547322,8.5,11.45,,0.94,0.833333,0.763633,0.752849,0.862478,0.914155,0.73335,649.4112,0.809971,0.0
2026-03-02T19:00:00Z,21935.3727,5741.372717,1.10411014,-0.58,1.08,0.5525,8.4,10.91,,0.92,0.972222,0.746097,0.734104,0.867616,0.917009,0.710507,635.7755,0.816822,0.0
2026-03-02T20:00:00Z,21474.423,5483.394892,1.05449902,-1.03,1.08,0.55853,8.4,10.84,,0.92,0.944444,0.72785,0.714598,0.868189,0.917327,0.688859,621.5867,0.817585,0.0
2026-03-02T21:00:00Z,21101.9705,5274.945971,1.01441269,-1.18,1.08,0.565,8.4,10.56,,0.9,0.666667,0.713106,0.698837,0.8712,0.919,0.670235,610.122,0.8216,0.0
2026-03-02T22:00:00Z,20861.8439,5140.555276,0.98856832,-0.91,0.72,0.57147,8.1,9.78,,0.88,0.361111,0.7036,0.688676,0.878302,0.922945,0.655934,602.7305,0.831069,0.0
2026-03-02T23:00:00Z,20679.7637,5038.651225,0.96897139,-0.25,0.72,0.5775,8.1,9.61,,0.88,0.944444,0.696392,0.680971,0.879693,0.923718,0.646865,597.1258,0.832924,0.0
2026-03-03T00:00:00Z,20630.5759,5011.122496,0.9636774,0.59,0.43,0.582678,8.1,9.45,,0.86,1.5,0.694445,0.67889,0.881722,0.924845,0.64368,595.6117,0.835629,0.0
2026-03-03T01:00:00Z,20739.9087,5072.312314,0.97544468,1.47,0.43,0.586651,8.1,8.92,,0.86,1.694444,0.698773,0.683516,0.886058,0.927255,0.646827,598.9772,0.841411,0.0
2026-03-03T02:00:00Z,20952.9021,5191.517481,0.99836875,2.17,0.43,0.589148,8.1,8.79,,0.84,1.611111,0.707205,0.692529,0.887842,0.928245,0.65592,605.5335,0.843789,0.0
2026-03-03T03:00:00Z,21277.3824,5373.118019,1.03329193,2.51,0.43,0.59,8.2,8.67,,0.84,1.111111,0.72005,0.70626,0.888824,0.928791,0.670543,615.5215,0.845098,0.0
2026-03-03T04:00:00Z,21635.9779,5573.811656,1.07188686,2.38,0.43,0.589148,8.3,8.63,,1.04,0.472222,0.734245,0.721435,0.881951,0.924973,0.69024,626.5596,0.835935,0.0
2026-03-03T05:00:00Z,21994.4069,5774.412132,1.11046387,1.85,0.43,0.586651,8.5,9.27,,1.24,0.388889,0.748434,0.736602,0.869515,0.918064,0.712403,637.5927,0.819353,0.0
2026-03-03T06:00:00Z,22390.6909,5996.198754,1.15311515,1.08,0.43,0.582678,8.6,9.76,,1.44,1.0,0.764121,0.753371,0.858305,0.911836,0.735777,649.7909,0.804407,0.0
2026-03-03T07:00:00Z,22911.0872,6287.446763,1.20912438,0.29,0.72,0.5775,8.8,10.05,,1.28,1.388889,0.784722,0.775392,0.861693,0.913718,0.758423,665.8096,0.808924,0.0
2026-03-03T08:00:00Z,23464.6148,6597.237272,1.26869948,-0.4,0.72,0.57147,8.9,9.72,,1.12,1.5,0.806634,0.798816,0.870153,0.918418,0.780353,682.848,0.820204,0.0
2026-03-03T09:00:00Z,23887.4025,6833.857083,1.31420329,-0.88,0.72,0.565,8.9,10.04,,0.96,1.333333,0.82337,0.816706,0.873295,0.920164,0.798579,695.8621,0.824393,0.0
2026-03-03T10:00:00Z,24233.5981,7027.610958,1.35146365,-0.95,0.72,0.55853,8.7,9.84,,0.92,0.833333,0.837075,0.831356,0.876371,0.921873,0.813279,706.5186,0.828495,0.0
2026-03-03T11:00:00Z,24483.1734,7167.289724,1.37832495,-0.56,0.72,0.5525,8.7,9.55,,0.86,0.333333,0.846955,0.841917,0.880904,0.924391,0.822848,714.2009,0.834538,0.0
2026-03-03T12:00:00Z,24709.3428,7293.868972,1.40266711,0.09,0.72,0.547322,8.7,8.28,,0.82,0.861111,0.855908,0.851488,0.892015,0.930564,0.828407,721.1628,0.849353,0.0
2026-03-03T13:00:00Z,24598.1625,7231.645169,1.39070099,0.82,0.72,0.543349,8.8,8.6,,0.84,1.25,0.851507,0.846783,0.888676,0.928709,0.82473,717.7405,0.844902,0.0
2026-03-03T14:00:00Z,24343.7504,7089.259413,1.36331912,1.46,0.72,0.540852,8.9,8.98,,0.88,1.305556,0.841435,0.836017,0.884127,0.926182,0.814944,709.9093,0.838836,0.0
2026-03-03T15:00:00Z,24124.8854,6966.768156,1.33976311,1.83,0.72,0.54,9.0,8.05,,0.9,1.0,0.832771,0.826756,0.891736,0.930409,0.801405,703.1722,0.848982,0.0
2026-03-03T16:00:00Z,23833.7091,6803.806698,1.30842436,1.78,0.72,0.540852,9.2,7.22,,0.8,0.5,0.821245,0.814434,0.902127,0.936182,0.783273,694.2094,0.862836,0.0
2026-03-03T17:00:00Z,23459.3852,6594.310433,1.26813662,1.32,1.08,0.543349,9.2,6.51,,0.68,0.166667,0.806427,0.798594,0.912256,0.941809,0.761398,682.6871,0.876342,0.0
2026-03-03T18:00:00Z,23017.3771,6346.933606,1.22056415,0.62,1.08,0.547322,9.2,5.97,,0.58,0.777778,0.788929,0.77989,0.920275,0.946264,0.73732,669.0813,0.887033,0.0
2026-03-03T19:00:00Z,22555.9235,6088.673755,1.1708988,-0.11,1.08,0.5525,9.2,5.37,,0.54,1.166667,0.770662,0.760363,0.926624,0.949791,0.713082,654.8771,0.895498,0.0
2026-03-03T20:00:00Z,22099.0726,5832.989956,1.12172884,-0.74,1.08,0.55853,9.1,5.12,,0.48,1.277778,0.752577,0.741031,0.930829,0.952127,0.69001,640.8144,0.901105,0.0
2026-03-03T21:00:00Z,21654.803,5584.347406,1.07391296,-1.14,1.08,0.565,9.2,5.45,,0.44,1.111111,0.73499,0.722231,0.929569,0.951427,0.66995,627.1391,0.899425,0.0
2026-03-03T22:00:00Z,21356.5394,5417.41945,1.04181143,-1.17,0.72,0.57147,8.8,5.16,,0.42,0.638889,0.723183,0.70961,0.932662,0.953145,0.654733,617.9581,0.903549,0.0
2026-03-03T23:00:00Z,21217.6716,5339.6999,1.02686537,-0.73,0.72,0.5775,8.9,4.38,,0.4,0.472222,0.717686,0.703733,0.939764,0.957091,0.645132,613.6835,0.913018,0.0
2026-03-04T00:00:00Z,21158.1436,5306.384116,1.02045848,0.03,0.43,0.582678,9.0,4.3,,0.38,1.055556,0.71533,0.701214,0.941138,0.957855,0.641758,611.8511,0.914851,0.0
2026-03-04T01:00:00Z,21200.8869,5330.306108,1.02505887,0.89,0.43,0.586651,9.1,4.59,,0.4,1.555556,0.717022,0.703023,0.938045,0.956136,0.645116,613.1668,0.910727,0.0
2026-03-04T02:00:00Z,21353.4769,5415.705474,1.04148182,1.67,0.43,0.589148,9.3,5.26,,0.4,1.611111,0.723062,0.70948,0.932564,0.953091,0.654635,617.8638,0.903418,0.0
2026-03-04T03:00:00Z,21644.882,5578.794956,1.07284518,2.19,0.43,0.59,9.5,5.63,,0.42,1.305556,0.734598,0.721811,0.928816,0.951009,0.669825,626.8337,0.898422,0.0
2026-03-04T04:00:00Z,22062.0955,5812.295111,1.11774906,2.28,0.43,0.589148,9.6,5.79,,0.4,0.75,0.751114,0.739466,0.928227,0.950682,0.68945,639.6762,0.897636,0.0
2026-03-04T05:00:00Z,22572.2962,6097.83703,1.17266097,1.92,0.43,0.586651,9.6,5.63,,0.4,0.111111,0.77131,0.761056,0.929536,0.951409,0.712547,655.381,0.899382,0.0
2026-03-04T06:00:00Z,23165.8855,6430.048696,1.23654783,1.22,0.43,0.582678,9.7,5.06,,0.38,0.722222,0.794808,0.786174,0.93492,0.9544,0.737704,673.6527,0.90656,0.0
2026-03-04T07:00:00Z,23712.2706,6735.841738,1.29535418,0.39,0.72,0.5775,9.7,4.95,,0.38,1.222222,0.816438,0.809295,0.93582,0.9549,0.762662,690.4713,0.90776,0.0
2026-03-04T08:00:00Z,24137.4209,6973.783826,1.34111227,-0.37,0.72,0.57147,9.8,5.59,,0.4,1.416667,0.833268,0.827286,0.929864,0.951591,0.785041,703.5581,0.899818,0.0
2026-03-04T09:00:00Z,24552.6818,7206.191204,1.385806,-0.96,0.72,0.565,9.8,5.69,,0.4,1.388889,0.849706,0.844858,0.929045,0.951136,0.804677,716.3405,0.898727,0.0
2026-03-04T10:00:00Z,24911.2861,7406.889779,1.42440188,-1.24,0.72,0.55853,9.5,5.28,,0.44,0.972222,0.863902,0.860033,0.93096,0.9522,0.82047,727.3789,0.90128,0.0
2026-03-04T11:00:00Z,25089.3503,7506.546205,1.44356658,-1.09,0.72,0.5525,9.4,5.4,,0.48,0.333333,0.870951,0.867568,0.926378,0.949655,0.83077,732.86,0.895171,0.0
2026-03-04T12:00:00Z,25189.6828,7562.69891,1.45436518,-0.52,0.72,0.547322,9.5,5.01,,0.52,0.666667,0.874923,0.871814,0.930289,0.951827,0.833689,735.9484,0.900385,0.0
2026-03-04T13:00:00Z,25100.4233,7512.743396,1.44475835,0.23,0.72,0.543349,9.7,5.24,,0.5,1.305556,0.871389,0.868037,0.929127,0.951182,0.830063,733.2009,0.898836,0.0
2026-03-04T14:00:00Z,24785.1981,7336.322638,1.41083128,0.95,0.72,0.540852,9.8,6.22,,0.5,1.5,0.858911,0.854698,0.921109,0.946727,0.818996,723.4977,0.888145,0.0
2026-03-04T15:00:00Z,24469.7946,7159.802035,1.37688501,1.48,0.72,0.54,9.8,6.2,,0.48,1.361111,0.846425,0.841351,0.919833,0.946018,0.804925,713.7891,0.886444,0.0
2026-03-04T16:00:00Z,24069.9294,6936.01113,1.33384829,1.67,0.72,0.540852,9.9,5.98,,0.48,0.916667,0.830596,0.82443,0.923793,0.948218,0.784607,701.4806,0.891724,0.0
2026-03-04T17:00:00Z,23589.7515,6667.272017,1.2821677,1.43,1.08,0.543349,10.1,5.91,,0.46,0.333333,0.811588,0.804111,0.925085,0.948936,0.761747,686.7,0.893447,0.0
2026-03-04T18:00:00Z,23058.4951,6369.945927,1.2249896,0.85,1.08,0.547322,10.2,5.92,,0.46,0.416667,0.790557,0.78163,0.925004,0.948891,0.737127,670.347,0.893338,0.0
2026-03-04T19:00:00Z,22574.6022,6099.127632,1.17290916,0.1,1.08,0.5525,10.2,5.48,,0.44,0.944444,0.771402,0.761154,0.925724,0.949291,0.714349,655.452,0.894298,0.0
2026-03-04T20:00:00Z,22057.4734,5809.708255,1.11725159,-0.61,1.08,0.55853,10.1,5.78,,0.42,1.194444,0.750931,0.739271,0.919669,0.945927,0.693039,639.534,0.886225,0.0
2026-03-04T21:00:00Z,21577.5458,5541.109176,1.06559792,-1.14,1.08,0.565,10.2,6.49,,0.4,1.166667,0.731932,0.718962,0.91458,0.9431,0.673027,624.761,0.87944,0.0
2026-03-04T22:00:00Z,21300.8019,5386.225096,1.03581252,-1.4,0.72,0.57147,10.2,6.03,,0.36,0.833333,0.720977,0.707251,0.926264,0.949591,0.65499,616.2424,0.895018,0.0
2026-03-04T23:00:00Z,21286.2089,5378.057885,1.0342419,-1.25,0.72,0.5775,10.5,3.71,,0.34,0.277778,0.720399,0.706634,0.945245,0.960136,0.645876,615.7932,0.920327,0.0
2026-03-05T00:00:00Z,21362.0307,5420.492742,1.04240245,-0.67,0.43,0.582678,10.6,1.98,,0.3,0.611111,0.723401,0.709842,0.95796,0.9672,0.643744,618.1271,0.93728,0.0
2026-03-05T01:00:00Z,21545.7714,5523.326172,1.06217811,0.17,0.43,0.586651,10.6,0.65,,0.28,1.305556,0.730674,0.717617,0.968842,0.973245,0.647436,623.7829,0.951789,0.0
2026-03-05T02:00:00Z,21677.6933,5597.158345,1.0763766,0.99,0.43,0.589148,10.5,1.79,,0.24,1.555556,0.735897,0.7232,0.960955,0.968864,0.657064,627.8437,0.941273,0.0
2026-03-05T03:00:00Z,21990.6397,5772.303758,1.11005841,1.63,0.43,0.59,10.8,2.16,,0.22,1.444444,0.748285,0.736442,0.958647,0.967582,0.672613,637.4767,0.938196,0.0
2026-03-05T04:00:00Z,22473.4662,6042.525265,1.16202409,1.97,0.43,0.589148,10.6,1.68,,0.22,1.055556,0.767398,0.756874,0.964015,0.970564,0.692637,652.3389,0.945353,0.0
2026-03-05T05:00:00Z,23057.0222,6369.121602,1.22483108,1.88,0.43,0.586651,10.5,1.0,,0.2,0.388889,0.790499,0.781568,0.971018,0.974455,0.716607,670.3017,0.954691,0.0
2026-03-05T06:00:00Z,23529.9005,6633.775423,1.27572604,1.37,0.43,0.582678,10.5,1.86,,0.2,0.305556,0.809218,0.801578,0.964702,0.970945,0.741362,684.8576,0.946269,0.0
2026-03-05T07:00:00Z,23924.1475,6854.422021,1.31815808,0.61,0.72,0.5775,10.3,3.42,,0.2,0.972222,0.824825,0.818261,0.952658,0.964255,0.765012,696.9932,0.930211,0.0
2026-03-05T08:00:00Z,24303.2496,7066.592518,1.3589601,-0.19,0.72,0.57147,10.3,4.58,,0.22,1.361111,0.839832,0.834303,0.941007,0.957782,0.787785,708.6626,0.914676,0.0
2026-03-05T09:00:00Z,24743.8133,7313.160966,1.40637711,-0.85,0.72,0.565,10.2,4.5,,0.22,1.444444,0.857272,0.852946,0.943102,0.958945,0.807301,722.2239,0.917469,0.0
2026-03-05T10:00:00Z,25143.3328,7536.758352,1.44937661,-1.27,0.72,0.55853,10.3,3.83,,0.24,1.222222,0.873088,0.869852,0.948584,0.961991,0.823407,734.5217,0.924778,0.0
2026-03-05T11:00:00Z,25294.3431,7621.273689,1.46562956,-1.33,0.72,0.5525,10.3,4.22,,0.28,0.722222,0.879066,0.876243,0.941793,0.958218,0.833434,739.1701,0.915724,0.0
2026-03-05T12:00:00Z,25261.32,7602.791789,1.46207534,-0.95,0.72,0.547322,10.1,5.07,,0.3,0.416667,0.877758,0.874845,0.931958,0.952755,0.836272,738.1535,0.902611,0.0
2026-03-05T13:00:00Z,25168.8489,7551.038858,1.45212286,-0.21,0.72,0.543349,9.9,5.2,,0.32,1.027778,0.874098,0.870932,0.928735,0.950964,0.833413,735.3071,0.898313,0.0
2026-03-05T14:00:00Z,24929.4585,7417.060209,1.42635773,0.59,0.72,0.540852,9.7,5.43,,0.34,1.5,0.864621,0.860802,0.926853,0.949918,0.823139,727.9383,0.895804,0.0
2026-03-05T15:00:00Z,24461.6149,7155.224156,1.37600465,1.25,0.72,0.54,9.5,6.65,,0.36,1.5,0.846101,0.841005,0.916871,0.944373,0.805862,713.5373,0.882495,0.0
2026-03-05T16:00:00Z,23946.5464,6866.957922,1.32056883,1.65,0.72,0.540852,9.3,7.4,,0.4,1.194444,0.825712,0.819209,0.912895,0.942164,0.783724,697.6827,0.877193,0.0
2026-03-05T17:00:00Z,23390.7847,6555.917056,1.26075328,1.69,1.08,0.543349,9.2,8.0,,0.42,0.611111,0.803711,0.795691,0.906545,0.938636,0.760752,680.5754,0.868727,0.0
2026-03-05T18:00:00Z,22815.6572,6234.037864,1.19885344,1.31,1.08,0.547322,9.1,8.43,,0.46,0.111111,0.780944,0.771354,0.901587,0.935882,0.736264,662.8721,0.862116,0.0
2026-03-05T19:00:00Z,22242.9962,5913.539043,1.13721905,0.66,1.08,0.5525,9.1,8.7,,0.56,0.666667,0.758275,0.747121,0.895058,0.932255,0.712587,645.2446,0.853411,0.0
2026-03-05T20:00:00Z,21678.6777,5597.709275,1.07648255,-0.07,1.08,0.55853,9.1,9.27,,0.68,1.166667,0.735936,0.723241,0.888235,0.928464,0.689429,627.874,0.844313,0.0
2026-03-05T21:00:00Z,21185.9825,5321.964593,1.02345473,-0.69,1.08,0.565,9.1,9.94,,0.78,1.194444,0.716432,0.702392,0.880593,0.924218,0.669959,612.7081,0.834124,0.0
2026-03-05T22:00:00Z,20924.3188,5175.520376,0.99529238,-1.08,0.72,0.57147,8.6,9.39,,0.76,1.027778,0.706073,0.69132,0.885813,0.927118,0.655495,604.6536,0.841084,0.0
2026-03-05T23:00:00Z,20771.4798,5089.98159,0.97884261,-1.16,0.72,0.5775,8.4,8.9,,0.74,0.666667,0.700023,0.684852,0.890542,0.929745,0.6463,599.949,0.847389,0.0
2026-03-06T00:00:00Z,20732.7178,5068.287809,0.97467073,-0.82,0.43,0.582678,8.5,8.6,,0.72,0.472222,0.698489,0.683212,0.893716,0.931509,0.64309,598.7558,0.851622,0.0
2026-03-06T01:00:00Z,20797.8557,5104.743264,0.9816814,-0.13,0.43,0.586651,8.7,8.57,,0.74,1.055556,0.701067,0.685968,0.893242,0.931245,0.646324,600.7609,0.850989,0.0
2026-03-06T02:00:00Z,21005.1688,5220.769329,1.0039941,0.67,0.43,0.589148,9.0,8.4,,0.76,1.555556,0.709274,0.694741,0.893913,0.931618,0.655647,607.1423,0.851884,0.0
2026-03-06T03:00:00Z,21323.6101,5398.990075,1.03826732,1.35,0.43,0.59,9.1,8.31,,0.78,1.666667,0.72188,0.708216,0.893929,0.931627,0.670419,616.9445,0.851905,0.0
2026-03-06T04:00:00Z,21695.8457,5607.317596,1.07833031,1.79,0.43,0.589148,9.1,8.7,,0.8,1.361111,0.736615,0.723968,0.890018,0.929455,0.689433,628.4025,0.846691,0.0
2026-03-06T05:00:00Z,22075.1177,5819.583207,1.11915062,1.91,0.43,0.586651,9.1,9.77,,0.8,0.805556,0.751629,0.740017,0.881264,0.924591,0.710927,640.0771,0.835018,0.0
2026-03-06T06:00:00Z,22563.6283,6092.985871,1.17172805,1.64,0.43,0.582678,8.9,9.91,,0.82,0.111111,0.770967,0.760689,0.879398,0.923555,0.734428,655.1142,0.832531,0.0
2026-03-06T07:00:00Z,23079.9306,6381.942639,1.22729666,1.04,0.72,0.5775,8.6,9.82,,0.82,0.527778,0.791406,0.782537,0.880135,0.923964,0.758063,671.0068,0.833513,0.0
2026-03-06T08:00:00Z,23538.17,6638.403607,1.27661608,0.29,0.72,0.57147,8.3,9.96,,0.82,1.027778,0.809546,0.801928,0.878989,0.923327,0.77984,685.1122,0.831985,0.0
2026-03-06T09:00:00Z,23965.6546,6877.652121,1.32262541,-0.38,0.72,0.565,7.9,9.76,,0.82,1.25,0.826468,0.820018,0.880625,0.924236,0.798953,698.2709,0.834167,0.0
2026-03-06T10:00:00Z,24344.8687,7089.885286,1.36343948,-0.85,0.72,0.55853,7.5,9.22,,0.8,1.111111,0.84148,0.836064,0.885764,0.927091,0.814269,709.9437,0.841018,0.0
2026-03-06T11:00:00Z,24614.914,7241.020407,1.39250392,-1.03,0.72,0.5525,7.3,8.64,,0.78,0.75,0.85217,0.847492,0.891229,0.930127,0.824373,718.2561,0.848305,0.0
2026-03-06T12:00:00Z,24742.1646,7312.238219,1.40619966,-0.84,0.72,0.547322,7.1,8.18,,0.76,0.361111,0.857207,0.852877,0.895713,0.932618,0.828286,722.1731,0.854284,0.0
2026-03-06T13:00:00Z,24688.1663,7282.017208,1.40038792,-0.26,0.72,0.543349,7.0,8.12,,0.74,0.75,0.85507,0.850592,0.896924,0.933291,0.825242,720.5109,0.855898,0.0
2026-03-06T14:00:00Z,24519.6026,7187.677886,1.38224575,0.51,0.72,0.540852,6.8,7.97,,0.7,1.361111,0.848397,0.843459,0.899591,0.934773,0.816233,715.3223,0.859455,0.0
2026-03-06T15:00:00Z,24242.3999,7032.537011,1.35241096,1.2,0.72,0.54,6.7,7.66,,0.68,1.555556,0.837423,0.831728,0.902847,0.936582,0.801921,706.7895,0.863796,0.0
2026-03-06T16:00:00Z,23855.5911,6816.053314,1.31077948,1.68,0.72,0.540852,6.5,7.45,,0.66,1.361111,0.822111,0.81536,0.905285,0.937936,0.782885,694.8829,0.867047,0.0
2026-03-06T17:00:00Z,23403.1885,6562.859032,1.26208828,1.87,1.08,0.543349,6.4,7.19,,0.64,0.861111,0.804202,0.796216,0.908133,0.939518,0.760623,680.9572,0.870844,0.0
2026-03-06T18:00:00Z,22888.2183,6274.647843,1.20666305,1.72,1.08,0.547322,6.3,7.18,,0.62,0.25,0.783817,0.774425,0.908935,0.939964,0.736366,665.1056,0.871913,0.0
2026-03-06T19:00:00Z,22318.8643,5955.999854,1.14538459,1.22,1.08,0.5525,6.2,7.69,,0.62,0.416667,0.761278,0.750332,0.904762,0.937645,0.711796,647.58,0.866349,0.0
2026-03-06T20:00:00Z,21833.6296,5684.430531,1.09315972,0.52,1.08,0.55853,6.2,7.76,,0.6,0.972222,0.742069,0.729798,0.904909,0.937727,0.68921,632.6437,0.866545,0.0
2026-03-06T21:00:00Z,21394.7459,5438.802325,1.04592352,-0.17,1.08,0.565,6.1,8.03,,0.6,1.277778,0.724696,0.711227,0.9027,0.9365,0.669823,619.1341,0.8636,0.0
2026-03-06T22:00:00Z,21072.1354,5258.248259,1.01120159,-0.69,0.72,0.57147,6.2,8.08,,0.6,1.25,0.711925,0.697575,0.902291,0.936273,0.655032,609.2037,0.863055,0.0
2026-03-06T23:00:00Z,20874.3856,5147.574483,0.98991817,-0.94,0.72,0.5775,6.2,8.05,,0.6,0.944444,0.704097,0.689207,0.902536,0.936409,0.645745,603.1166,0.863382,0.0
2026-03-07T00:00:00Z,20491.1949,4933.115708,0.9486761,-0.87,0.43,0.582678,6.3,7.39,,0.6,0.5,0.688928,0.672992,0.907936,0.939409,0.62556,591.3214,0.870582,0.0
2026-03-07T01:00:00Z,20602.3945,4995.350316,0.96064429,-0.43,0.43,0.586651,6.4,6.8,,0.6,0.527778,0.69333,0.677697,0.912764,0.942091,0.628576,594.7443,0.877018,0.0
2026-03-07T02:00:00Z,20832.9339,5124.375348,0.9854568,0.26,0.43,0.589148,6.5,6.4,,0.58,1.055556,0.702456,0.687453,0.916756,0.944309,0.637501,601.8406,0.882342,0.0
2026-03-07T03:00:00Z,21161.0491,5308.010222,1.0207712,0.94,0.43,0.59,6.6,6.18,,0.58,1.361111,0.715445,0.701337,0.918556,0.945309,0.651929,611.9406,0.884742,0.0
2026-03-07T04:00:00Z,21549.2753,5525.287171,1.06255523,1.4,0.43,0.589148,6.6,6.38,,0.58,1.194444,0.730813,0.717766,0.91692,0.9444,0.670675,623.8908,0.88256,0.0
2026-03-07T05:00:00Z,21969.5572,5760.504603,1.10778935,1.58,0.43,0.586651,6.6,6.89,,0.6,0.805556,0.74745,0.73555,0.912027,0.941682,0.692355,636.8278,0.876036,0.0
2026-03-07T06:00:00Z,22410.2728,6007.158034,1.1552227,1.46,0.43,0.582678,6.6,7.56,,0.6,0.194444,0.764897,0.7542,0.906545,0.938636,0.715245,650.3937,0.868727,0.0
2026-03-07T07:00:00Z,22863.9022,6261.03892,1.20404595,1.02,0.72,0.5775,6.6,8.1,,0.58,0.416667,0.782854,0.773396,0.902847,0.936582,0.737943,664.3571,0.863796,0.0
2026-03-07T08:00:00Z,23319.8455,6516.214841,1.25311824,0.35,0.72,0.57147,6.5,8.18,,0.58,0.916667,0.800903,0.792689,0.902193,0.936218,0.759394,678.3918,0.862924,0.0
2026-03-07T09:00:00Z,23776.9443,6772.037411,1.30231489,-0.35,0.72,0.565,6.6,7.68,,0.56,1.222222,0.818998,0.812032,0.907004,0.938891,0.778471,692.4621,0.869338,0.0
2026-03-07T10:00:00Z,24162.631,6987.89308,1.34382559,-0.89,0.72,0.55853,6.7,7.01,,0.54,1.25,0.834266,0.828353,0.913205,0.942336,0.793615,704.3341,0.877607,0.0
2026-03-07T11:00:00Z,24408.388,7125.43485,1.37027593,-1.15,0.72,0.5525,6.7,6.6,,0.52,0.888889,0.843994,0.838752,0.91728,0.9446,0.80321,711.8989,0.88304,0.0
2026-03-07T12:00:00Z,24557.3806,7208.820955,1.38631172,-1.12,0.72,0.547322,6.8,5.91,,0.5,0.472222,0.849892,0.845057,0.923645,0.948136,0.807296,716.4852,0.891527,0.0
2026-03-07T13:00:00Z,24572.2005,7217.11514,1.38790676,-0.75,0.72,0.543349,6.9,5.16,,0.5,0.416667,0.850479,0.845684,0.929782,0.951545,0.805256,716.9413,0.899709,0.0
2026-03-07T14:00:00Z,24352.9204,7094.391569,1.36430607,-0.09,0.72,0.540852,7.0,5.3,,0.52,1.0,0.841798,0.836405,0.927916,0.950509,0.795908,710.1915,0.897222,0.0
2026-03-07T15:00:00Z,23985.8202,6888.938117,1.32479579,0.64,0.72,0.54,7.1,5.81,,0.52,1.388889,0.827266,0.820871,0.923744,0.948191,0.780725,698.8916,0.891658,0.0
2026-03-07T16:00:00Z,23555.9815,6648.372058,1.27853309,1.18,0.72,0.540852,7.1,6.16,,0.48,1.388889,0.810251,0.802682,0.92232,0.9474,0.761408,685.6605,0.88976,0.0
2026-03-07T17:00:00Z,23099.6248,6392.964797,1.22941631,1.47,1.08,0.543349,7.2,6.05,,0.46,1.055556,0.792185,0.783371,0.92394,0.9483,0.739508,671.6131,0.89192,0.0
2026-03-07T18:00:00Z,22646.4157,6139.319149,1.1806383,1.5,1.08,0.547322,7.3,5.58,,0.42,0.555556,0.774245,0.764192,0.929225,0.951236,0.716125,657.6626,0.898967,0.0
2026-03-07T19:00:00Z,22245.3944,5914.881269,1.13747717,1.22,1.08,0.5525,7.3,4.4,,0.4,0.083333,0.75837,0.747223,0.9396,0.957,0.692902,645.3185,0.9128,0.0
2026-03-07T20:00:00Z,21839.5987,5687.771271,1.09380217,0.67,1.08,0.55853,7.3,3.57,,0.38,0.638889,0.742306,0.730051,0.947111,0.961173,0.670731,632.8274,0.922815,0.0
2026-03-07T21:00:00Z,21480.2101,5486.633731,1.05512187,0.01,1.08,0.565,7.4,2.93,,0.36,1.055556,0.728079,0.714843,0.953067,0.964482,0.651404,621.7649,0.930756,0.0
2026-03-07T22:00:00Z,21143.3977,5298.131326,1.01887141,-0.56,0.72,0.57147,7.2,3.19,,0.34,1.25,0.714746,0.70059,0.95166,0.9637,0.636397,611.3972,0.92888,0.0
2026-03-07T23:00:00Z,20970.3139,5201.262242,1.00024274,-0.91,0.72,0.5775,7.3,2.88,,0.32,1.055556,0.707894,0.693266,0.954916,0.965509,0.626917,606.0694,0.933222,0.0
2026-03-08T00:00:00Z,20911.4085,5168.294918,0.99390287,-1.0,0.43,0.582678,7.4,2.81,,0.3,0.694444,0.705562,0.690774,0.956209,0.966227,0.623608,604.2562,0.934945,0.0
2026-03-08T01:00:00Z,20963.0246,5197.182652,0.9994582,-0.78,0.43,0.586651,7.5,3.1,,0.28,0.361111,0.707606,0.692958,0.954556,0.965309,0.626739,605.845,0.932742,0.0
2026-03-08T02:00:00Z,21135.3617,5293.633855,1.01800651,-0.28,0.43,0.589148,7.7,3.48,,0.28,0.638889,0.714428,0.70025,0.951447,0.963582,0.636119,611.1499,0.928596,0.0
2026-03-08T03:00:00Z,21480.4127,5486.747143,1.05514368,0.35,0.43,0.59,7.8,3.24,,0.26,1.055556,0.728087,0.714852,0.954131,0.965073,0.65094,621.7711,0.932175,0.0
2026-03-08T04:00:00Z,21911.0174,5727.741886,1.10148882,0.86,0.43,0.589148,8.0,3.1,,0.26,1.138889,0.745133,0.733073,0.955276,0.965709,0.670416,635.0258,0.933702,0.0
2026-03-08T05:00:00Z,22375.3434,5987.609282,1.15146332,1.11,0.43,0.586651,8.1,3.37,,0.26,0.888889,0.763514,0.752722,0.953067,0.964482,0.692948,649.3185,0.930756,0.0
2026-03-08T06:00:00Z,22930.6231,6298.380315,1.21122698,1.12,0.43,0.582678,8.2,3.02,,0.26,0.444444,0.785495,0.776219,0.955931,0.966073,0.717447,666.4109,0.934575,0.0
2026-03-08T07:00:00Z,23437.6558,6582.149225,1.26579793,0.88,0.72,0.5775,8.4,3.26,,0.24,0.083333,0.805567,0.797675,0.954687,0.965382,0.741531,682.0182,0.932916,0.0
2026-03-08T08:00:00Z,23841.4706,6808.150558,1.30925972,0.4,0.72,0.57147,8.5,4.09,,0.24,0.5,0.821552,0.814763,0.947896,0.961609,0.763291,694.4483,0.923862,0.0
2026-03-08T09:00:00Z,24300.7046,7065.168129,1.35868618,-0.21,0.72,0.565,8.5,3.74,,0.22,0.888889,0.839731,0.834196,0.95148,0.9636,0.783012,708.5842,0.92864,0.0
2026-03-08T10:00:00Z,24557.4346,7208.851158,1.38631753,-0.76,0.72,0.55853,8.7,4.27,,0.24,1.0,0.849894,0.845059,0.946424,0.960791,0.797174,716.4868,0.921898,0.0
2026-03-08T11:00:00Z,24665.6909,7269.4385,1.39796894,-1.1,0.72,0.5525,8.8,4.99,,0.28,0.833333,0.85418,0.84964,0.939093,0.956718,0.805457,719.8191,0.912124,0.0
2026-03-08T12:00:00Z,24686.1563,7280.892297,1.4001716,-1.16,0.72,0.547322,8.8,5.36,,0.3,0.444444,0.85499,0.850506,0.935345,0.954636,0.808072,720.4491,0.907127,0.0
2026-03-08T13:00:00Z,24606.5439,7236.335966,1.39160307,-0.94,0.72,0.543349,8.8,5.47,,0.3,0.25,0.851838,0.847138,0.934445,0.954136,0.804777,717.9985,0.905927,0.0
2026-03-08T14:00:00Z,24423.5073,7133.89665,1.3719032,-0.45,0.72,0.540852,8.8,5.33,,0.3,0.777778,0.844593,0.839392,0.935591,0.954773,0.795773,712.3643,0.907455,0.0
2026-03-08T15:00:00Z,24145.749,6978.444798,1.34200862,0.24,0.72,0.54,8.8,4.97,,0.3,1.25,0.833597,0.827639,0.938536,0.956409,0.781573,703.8145,0.911382,0.0
2026-03-08T16:00:00Z,23833.8778,6803.901129,1.30844252,0.88,0.72,0.540852,8.8,4.04,,0.28,1.5,0.821252,0.814441,0.946865,0.961036,0.763397,694.2146,0.922487,0.0
2026-03-08T17:00:00Z,23373.9864,6546.515637,1.25894531,1.28,1.08,0.543349,8.8,3.79,,0.28,1.361111,0.803046,0.79498,0.948911,0.962173,0.741144,680.0584,0.925215,0.0
2026-03-08T18:00:00Z,22785.733,6217.290309,1.19563275,1.44,1.08,0.547322,8.7,4.58,,0.26,0.888889,0.77976,0.770088,0.943167,0.958982,0.716395,661.951,0.917556,0.0
2026-03-08T19:00:00Z,22241.4096,5912.651109,1.13704829,1.36,1.08,0.5525,8.7,4.82,,0.28,0.361111,0.758212,0.747054,0.940484,0.957491,0.692325,645.1958,0.913978,0.0
2026-03-08T20:00:00Z,21633.3719,5572.353162,1.07160638,1.03,1.08,0.55853,8.5,6.26,,0.3,0.138889,0.734142,0.721324,0.927982,0.950545,0.669661,626.4794,0.897309,0.0
2026-03-08T21:00:00Z,21183.1371,5320.372103,1.02314848,0.52,1.08,0.565,8.4,6.72,,0.32,0.611111,0.716319,0.702272,0.923498,0.948055,0.650758,612.6205,0.891331,0.0
2026-03-08T22:00:00Z,20820.1939,5117.24521,0.98408562,-0.03,0.72,0.57147,8.0,7.25,,0.36,0.944444,0.701951,0.686914,0.917722,0.944845,0.636481,601.4485,0.883629,0.0
2026-03-08T23:00:00Z,20594.9133,4991.163369,0.95983911,-0.45,0.72,0.5775,7.9,7.46,,0.42,0.916667,0.693034,0.677381,0.913844,0.942691,0.627749,594.514,0.878458,0.0
2026-03-09T00:00:00Z,20930.4565,5178.955416,0.99595296,-0.63,0.43,0.582678,7.9,6.92,,0.46,0.694444,0.706316,0.69158,0.916822,0.944345,0.641998,604.8425,0.882429,0.0
2026-03-09T01:00:00Z,20976.0926,5204.496391,1.00086469,-0.56,0.43,0.586651,7.9,7.09,,0.5,0.388889,0.708123,0.693511,0.913991,0.942773,0.645374,606.2473,0.878655,0.0
2026-03-09T02:00:00Z,21134.8145,5293.327624,1.01794762,-0.27,0.43,0.589148,7.9,7.5,,0.54,0.5,0.714406,0.700227,0.909196,0.940109,0.654872,611.133,0.872262,0.0
2026-03-09T03:00:00Z,21413.5325,5449.316539,1.04794549,0.22,0.43,0.59,7.9,7.87,,0.58,0.888889,0.725439,0.712021,0.904729,0.937627,0.669793,619.7124,0.866305,0.0
2026-03-09T04:00:00Z,21805.4565,5668.66303,1.09012751,0.73,0.43,0.589148,7.9,8.08,,0.6,1.166667,0.740954,0.728606,0.902291,0.936273,0.689066,631.7765,0.863055,0.0
2026-03-09T05:00:00Z,22225.4704,5903.730467,1.13533278,1.05,0.43,0.586651,7.9,8.64,,0.64,1.111111,0.757581,0.74638,0.896269,0.932927,0.711236,644.7052,0.855025,0.0
2026-03-09T06:00:00Z,22730.0351,6186.118089,1.18963809,1.13,0.43,0.582678,8.0,8.69,,0.66,0.75,0.777555,0.767731,0.89514,0.9323,0.735155,660.2365,0.85352,0.0
2026-03-09T07:00:00Z,23215.6128,6457.879355,1.24189988,1.01,0.72,0.5775,8.2,8.73,,0.74,0.305556,0.796777,0.788279,0.891933,0.930518,0.759117,675.1834,0.849244,0.0
2026-03-09T08:00:00Z,23666.5621,6710.260258,1.29043466,0.7,0.72,0.57147,8.3,8.68,,0.84,0.166667,0.814628,0.807361,0.888742,0.928745,0.781464,689.0643,0.844989,0.0
2026-03-09T09:00:00Z,24027.5474,6912.291402,1.32928681,0.25,0.72,0.565,8.3,8.88,,0.92,0.555556,0.828918,0.822637,0.884225,0.926236,0.800225,700.176,0.838967,0.0
2026-03-09T10:00:00Z,24399.6652,7120.553045,1.36933712,-0.26,0.72,0.55853,8.5,8.48,,0.88,0.833333,0.843649,0.838383,0.888938,0.928855,0.815401,711.6304,0.845251,0.0
2026-03-09T11:00:00Z,24586.8055,7225.289076,1.38947867,-0.66,0.72,0.5525,8.5,8.7,,0.84,0.888889,0.851057,0.846302,0.888578,0.928655,0.824247,717.3909,0.844771,0.0
2026-03-09T12:00:00Z,24659.3965,7265.91577,1.39729149,-0.84,0.72,0.547322,8.4,8.78,,0.8,0.666667,0.853931,0.849374,0.889364,0.929091,0.827267,719.6254,0.845818,0.0
2026-03-09T13:00:00Z,24607.248,7236.730044,1.39167885,-0.75,0.72,0.543349,8.4,8.77,,0.76,0.333333,0.851866,0.847167,0.890885,0.929936,0.82417,718.0202,0.847847,0.0
2026-03-09T14:00:00Z,24461.4512,7155.132509,1.37598702,-0.44,0.72,0.540852,8.1,8.49,,0.7,0.5,0.846095,0.840998,0.895336,0.932409,0.815425,713.5323,0.853782,0.0
2026-03-09T15:00:00Z,24220.8601,7020.481931,1.35009268,0.07,0.72,0.54,7.9,7.92,,0.66,0.888889,0.836571,0.830817,0.90144,0.9358,0.801546,706.1265,0.86192,0.0
2026-03-09T16:00:00Z,23878.264,6828.742578,1.31321973,0.67,0.72,0.540852,7.6,7.36,,0.62,1.25,0.823009,0.81632,0.907462,0.939145,0.78297,695.5808,0.869949,0.0
2026-03-09T17:00:00Z,23465.9668,6597.993931,1.26884499,1.15,1.08,0.543349,7.4,6.82,,0.56,1.305556,0.806687,0.798873,0.91404,0.9428,0.760911,682.8897,0.87872,0.0
2026-03-09T18:00:00Z,22981.3384,6326.763983,1.21668538,1.39,1.08,0.547322,7.1,6.53,,0.52,1.055556,0.787503,0.778365,0.917853,0.944918,0.736724,667.972,0.883804,0.0
2026-03-09T19:00:00Z,22491.1242,6052.407834,1.16392458,1.43,1.08,0.5525,7.0,6.26,,0.48,0.611111,0.768097,0.757621,0.921502,0.946945,0.712351,652.8824,0.888669,0.0
2026-03-09T20:00:00Z,22028.8601,5793.694387,1.114172,1.28,1.08,0.55853,6.8,5.98,,0.46,0.111111,0.749798,0.73806,0.924513,0.948618,0.689558,638.6532,0.892684,0.0
2026-03-09T21:00:00Z,21649.948,5581.63025,1.07339043,0.94,1.08,0.565,6.7,5.57,,0.42,0.305556,0.734798,0.722026,0.929307,0.951282,0.669841,626.9897,0.899076,0.0
2026-03-09T22:00:00Z,21393.6977,5438.215685,1.04581071,0.48,0.72,0.57147,6.4,4.83,,0.38,0.722222,0.724654,0.711182,0.936802,0.955445,0.654618,619.1019,0.909069,0.0
2026-03-09T23:00:00Z,21240.4508,5352.448618,1.02931704,0.03,0.72,0.5775,6.4,4.22,,0.36,0.888889,0.718588,0.704697,0.942513,0.958618,0.644967,614.3847,0.916684,0.0
2026-03-10T00:00:00Z,21228.5521,5345.789332,1.02803641,-0.27,0.43,0.582678,6.5,3.6,,0.32,0.833333,0.718117,0.704194,0.949025,0.962236,0.64152,614.0184,0.925367,0.0
2026-03-10T01:00:00Z,21328.9698,5401.989689,1.03884417,-0.37,0.43,0.586651,6.7,3.3,,0.3,0.583333,0.722092,0.708443,0.9522,0.964,0.64477,617.1094,0.9296,0.0
2026-03-10T02:00:00Z,21585.8184,5545.739081,1.06648828,-0.29,0.43,0.589148,6.8,2.79,,0.28,0.361111,0.73226,0.719312,0.957093,0.966718,0.654516,625.0156,0.936124,0.0
2026-03-10T03:00:00Z,21957.2882,5753.638074,1.10646886,-0.04,0.43,0.59,6.9,2.43,,0.26,0.416667,0.746965,0.735031,0.960758,0.968755,0.670127,636.4501,0.941011,0.0
2026-03-10T04:00:00Z,22454.7576,6032.054658,1.16001051,0.32,0.43,0.589148,7.0,1.83,,0.24,0.611111,0.766658,0.756082,0.966387,0.971882,0.690714,651.763,0.948516,0.0
2026-03-10T05:00:00Z,23016.8974,6346.665124,1.22051252,0.62,0.43,0.586651,7.1,1.31,,0.24,0.722222,0.78891,0.77987,0.970642,0.974245,0.714912,669.0666,0.954189,0.0
2026-03-10T06:00:00Z,23576.0977,6659.630443,1.28069816,0.73,0.43,0.582678,7.2,1.32,,0.22,0.583333,0.811047,0.803533,0.97128,0.9746,0.740582,686.2797,0.95504,0.0
2026-03-10T07:00:00Z,24060.5892,6930.783756,1.33284303,0.66,0.72,0.5775,7.3,2.01,,0.22,0.277778,0.830226,0.824035,0.965635,0.971464,0.765577,701.1931,0.947513,0.0
2026-03-10T08:00:00Z,24555.5519,7207.797475,1.3861149,0.47,0.72,0.57147,7.4,2.25,,0.2,0.111111,0.84982,0.84498,0.964391,0.970773,0.789102,716.4289,0.945855,0.0
2026-03-10T09:00:00Z,25006.9258,7460.416059,1.4346954,0.16,0.72,0.565,7.5,2.15,,0.2,0.388889,0.867688,0.86408,0.965209,0.971227,0.809687,730.3229,0.946945,0.0
2026-03-10T10:00:00Z,25260.1948,7602.162043,1.46195424,-0.25,0.72,0.55853,7.5,2.91,,0.2,0.638889,0.877714,0.874798,0.958991,0.967773,0.824205,738.1189,0.938655,0.0
2026-03-10T11:00:00Z,25315.6374,7633.191364,1.46792142,-0.66,0.72,0.5525,7.6,4.22,,0.22,0.777778,0.879909,0.877144,0.947553,0.961418,0.831862,739.8255,0.923404,0.0
2026-03-10T12:00:00Z,25330.9593,7641.766539,1.46957049,-0.95,0.72,0.547322,7.7,4.71,,0.22,0.722222,0.880515,0.877792,0.943544,0.959191,0.834355,740.2972,0.918058,0.0
2026-03-10T13:00:00Z,25158.3437,7545.159472,1.45099221,-1.01,0.72,0.543349,7.8,5.48,,0.26,0.416667,0.873682,0.870488,0.935804,0.954891,0.829783,734.9838,0.907738,0.0
2026-03-10T14:00:00Z,24886.6836,7393.120581,1.42175396,-0.86,0.72,0.540852,7.9,6.0,,0.28,0.055556,0.862928,0.858992,0.930829,0.952127,0.819386,726.6216,0.901105,0.0
2026-03-10T15:00:00Z,24522.1444,7189.100457,1.38251932,-0.55,0.72,0.54,8.0,6.22,,0.32,0.388889,0.848497,0.843566,0.927589,0.950327,0.803907,715.4005,0.896785,0.0
2026-03-10T16:00:00Z,24073.093,6937.781726,1.33418879,-0.12,0.72,0.540852,8.1,6.45,,0.32,0.694444,0.830721,0.824564,0.925707,0.949282,0.783903,701.578,0.894276,0.0
2026-03-10T17:00:00Z,23584.4356,6664.296884,1.28159555,0.35,1.08,0.543349,8.3,6.4,,0.32,0.916667,0.811377,0.803886,0.926116,0.949509,0.761042,686.5363,0.894822,0.0
2026-03-10T18:00:00Z,23080.5053,6382.264287,1.22735852,0.68,1.08,0.547322,8.4,6.13,,0.32,0.888889,0.791428,0.782561,0.928325,0.950736,0.736672,671.0245,0.897767,0.0
2026-03-10T19:00:00Z,22587.9772,6106.613125,1.17434868,0.82,1.08,0.5525,8.5,5.71,,0.32,0.638889,0.771931,0.76172,0.931762,0.952645,0.712286,655.8637,0.902349,0.0
2026-03-10T20:00:00Z,22127.4658,5848.880641,1.12478474,0.83,1.08,0.55853,8.5,5.36,,0.3,0.361111,0.753701,0.742232,0.935345,0.954636,0.68932,641.6884,0.907127,0.0
2026-03-10T21:00:00Z,21703.5637,5611.637109,1.07916098,0.72,1.08,0.565,8.6,5.31,,0.3,0.277778,0.736921,0.724295,0.935755,0.954864,0.669464,628.64,0.907673,0.0
2026-03-10T22:00:00Z,21458.4185,5474.437701,1.05277648,0.49,0.72,0.57147,8.9,4.35,,0.28,0.444444,0.727216,0.713921,0.944329,0.959627,0.654276,621.0941,0.919105,0.0
2026-03-10T23:00:00Z,21231.6588,5347.52806,1.02837078,0.17,0.72,0.5775,9.0,4.58,,0.28,0.666667,0.71824,0.704325,0.942447,0.958582,0.644588,614.114,0.916596,0.0
2026-03-11T00:00:00Z,21153.7803,5303.942102,1.01998887,-0.11,0.43,0.582678,9.3,4.73,,0.26,0.694444,0.715157,0.70103,0.94194,0.9583,0.641199,611.7168,0.91592,0.0
2026-03-11T01:00:00Z,21229.6606,5346.409752,1.02815572,-0.28,0.43,0.586651,9.4,4.73,,0.24,0.611111,0.718161,0.704241,0.94266,0.9587,0.644401,614.0525,0.91688,0.0
2026-03-11T02:00:00Z,21474.3435,5483.350373,1.05449046,-0.3,0.43,0.589148,9.6,4.28,,0.24,0.361111,0.727847,0.714595,0.946342,0.960745,0.65412,621.5843,0.921789,0.0
2026-03-11T03:00:00Z,21880.031,5710.399843,1.09815382,-0.21,0.43,0.59,9.8,3.47,,0.22,0.083333,0.743906,0.731762,0.953689,0.964827,0.669684,634.072,0.931585,0.0
2026-03-11T04:00:00Z,22325.5577,5959.745884,1.14610498,-0.01,0.43,0.589148,9.9,3.36,,0.22,0.222222,0.761543,0.750615,0.954589,0.965327,0.689961,647.786,0.932785,0.0
2026-03-11T05:00:00Z,22777.3016,6212.571561,1.1947253,0.26,0.43,0.586651,10.0,3.97,,0.22,0.472222,0.779426,0.769731,0.949598,0.962555,0.713145,661.6914,0.926131,0.0
2026-03-11T06:00:00Z,23271.341,6489.068532,1.24789779,0.47,0.43,0.582678,10.0,4.47,,0.22,0.555556,0.798983,0.790637,0.945507,0.960282,0.737892,676.8988,0.920676,0.0
2026-03-11T07:00:00Z,23725.1807,6743.06706,1.29674367,0.52,0.72,0.5775,10.0,5.26,,0.24,0.416667,0.816949,0.809842,0.938324,0.956291,0.762148,690.8687,0.911098,0.0
2026-03-11T08:00:00Z,24141.6391,6976.144619,1.34156627,0.46,0.72,0.57147,10.0,6.05,,0.24,0.277778,0.833435,0.827465,0.93186,0.9527,0.78435,703.688,0.90248,0.0
2026-03-11T09:00:00Z,24492.425,7172.467498,1.37932067,0.33,0.72,0.565,10.1,6.68,,0.26,0.277778,0.847321,0.842309,0.925985,0.949436,0.803241,714.4857,0.894647,0.0
2026-03-11T10:00:00Z,24736.8318,7309.253647,1.4056257,0.15,0.72,0.55853,9.4,7.34,,0.28,0.333333,0.856996,0.852651,0.919865,0.946036,0.817304,722.009,0.886487,0.0
2026-03-11T11:00:00Z,24931.7727,7418.35541,1.42660681,-0.12,0.72,0.5525,9.1,7.35,,0.3,0.472222,0.864713,0.8609,0.919064,0.945591,0.826708,728.0095,0.885418,0.0
2026-03-11T12:00:00Z,25117.1895,7522.126834,1.44656285,-0.39,0.72,0.547322,9.0,6.27,,0.32,0.5,0.872053,0.868746,0.92718,0.9501,0.831706,733.717,0.89624,0.0
2026-03-11T13:00:00Z,25199.2287,7568.041408,1.45539258,-0.54,0.72,0.543349,8.8,4.87,,0.34,0.416667,0.8753,0.872218,0.937915,0.956064,0.830743,736.2423,0.910553,0.0
2026-03-11T14:00:00Z,25042.1269,7480.116878,1.43848401,-0.53,0.72,0.540852,8.5,4.36,,0.36,0.166667,0.869081,0.86557,0.939927,0.957182,0.822557,731.4064,0.913236,0.0
2026-03-11T15:00:00Z,24719.8196,7299.732522,1.40379472,-0.4,0.72,0.54,8.4,4.22,,0.38,0.166667,0.856323,0.851931,0.941073,0.957818,0.807089,721.4853,0.914764,0.0
2026-03-11T16:00:00Z,24302.4587,7066.149869,1.35887497,-0.16,0.72,0.540852,8.4,4.15,,0.36,0.416667,0.839801,0.83427,0.943085,0.958936,0.786824,708.6382,0.917447,0.0
2026-03-11T17:00:00Z,23786.4402,6777.351921,1.30333691,0.19,1.08,0.543349,8.5,4.28,,0.36,0.666667,0.819374,0.812434,0.942022,0.958345,0.763348,692.7544,0.916029,0.0
2026-03-11T18:00:00Z,23228.2881,6464.973278,1.24326409,0.56,1.08,0.547322,8.5,4.54,,0.34,0.805556,0.797279,0.788815,0.940615,0.957564,0.738069,675.5735,0.914153,0.0
2026-03-11T19:00:00Z,22614.2658,6121.325989,1.17717807,0.81,1.08,0.5525,8.6,5.3,,0.36,0.805556,0.772972,0.762832,0.933676,0.953709,0.712655,656.6729,0.904902,0.0
2026-03-11T20:00:00Z,22033.4822,5796.281243,1.11466947,0.93,1.08,0.55853,8.8,6.24,,0.36,0.611111,0.749981,0.738255,0.925985,0.949436,0.689118,638.7955,0.894647,0.0
2026-03-11T21:00:00Z,21553.2709,5527.523393,1.06298527,0.99,1.08,0.565,8.9,6.84,,0.38,0.361111,0.730971,0.717935,0.920356,0.946309,0.669333,624.0138,0.887142,0.0
2026-03-11T22:00:00Z,21236.6936,5350.345876,1.02891267,0.96,0.72,0.57147,8.6,6.69,,0.4,0.111111,0.718439,0.704538,0.920864,0.946591,0.654414,614.269,0.887818,0.0
2026-03-11T23:00:00Z,21035.8379,5237.933818,1.00729496,0.81,0.72,0.5775,8.6,6.53,,0.44,0.166667,0.710488,0.696039,0.920733,0.946518,0.645151,608.0864,0.887644,0.0
2026-03-12T00:00:00Z,20951.0832,5190.49948,0.99817298,0.57,0.43,0.582678,8.8,6.66,,0.46,0.416667,0.707133,0.692452,0.918949,0.945527,0.64201,605.4775,0.885265,0.0
2026-03-12T01:00:00Z,21022.4502,5230.44115,1.00585407,0.33,0.43,0.586651,9.0,6.51,,0.5,0.5,0.709958,0.695472,0.918736,0.945409,0.645417,607.6743,0.884982,0.0
2026-03-12T02:00:00Z,21209.3353,5335.034361,1.02596815,0.18,0.43,0.589148,9.2,6.65,,0.52,0.388889,0.717356,0.703381,0.916871,0.944373,0.654919,613.4269,0.882495,0.0
2026-03-12T03:00:00Z,21453.4276,5471.644478,1.05223932,0.11,0.43,0.59,9.3,7.46,,0.56,0.277778,0.727019,0.71371,0.908804,0.939891,0.669833,620.9404,0.871738,0.0
2026-03-12T04:00:00Z,21811.8395,5672.235355,1.09081449,0.11,0.43,0.589148,9.3,8.07,,0.58,0.25,0.741207,0.728876,0.903093,0.936718,0.689006,631.9729,0.864124,0.0
2026-03-12T05:00:00Z,22252.4509,5918.830512,1.13823664,0.2,0.43,0.586651,9.4,8.41,,0.62,0.361111,0.758649,0.747521,0.898871,0.934373,0.711332,645.5357,0.858495,0.0
2026-03-12T06:00:00Z,22745.7567,6194.916918,1.19133018,0.36,0.43,0.582678,9.5,8.59,,0.64,0.472222,0.778177,0.768396,0.896678,0.933155,0.735201,660.7204,0.855571,0.0
2026-03-12T07:00:00Z,23262.4434,6484.088856,1.24694016,0.47,0.72,0.5775,9.4,8.58,,0.64,0.5,0.798631,0.79026,0.89676,0.9332,0.759145,676.6249,0.85568,0.0
2026-03-12T08:00:00Z,23759.6266,6762.345263,1.30045101,0.47,0.72,0.57147,9.3,8.36,,0.66,0.416667,0.818312,0.811299,0.89784,0.9338,0.78174,691.929,0.85712,0.0
2026-03-12T09:00:00Z,24181.5977,6998.508114,1.34586695,0.42,0.72,0.565,9.3,8.28,,0.66,0.194444,0.835016,0.829155,0.898495,0.934164,0.801033,704.9179,0.857993,0.0
2026-03-12T10:00:00Z,24554.5494,7207.236406,1.386007,0.38,0.72,0.55853,9.5,7.72,,0.68,0.083333,0.84978,0.844937,0.902356,0.936309,0.816626,716.398,0.863142,0.0
2026-03-12T11:00:00Z,24704.6338,7291.233544,1.4021603,0.27,0.72,0.5525,9.4,8.1,,0.7,0.083333,0.855721,0.851288,0.898527,0.934182,0.825293,721.0178,0.858036,0.0
2026-03-12T12:00:00Z,24699.3535,7288.278332,1.40159199,0.08,0.72,0.547322,9.2,8.68,,0.72,0.25,0.855512,0.851065,0.893062,0.931145,0.827477,720.8553,0.850749,0.0
2026-03-12T13:00:00Z,24598.7303,7231.962974,1.39076211,-0.14,0.72,0.543349,9.0,8.97,,0.72,0.388889,0.851529,0.846807,0.890689,0.929827,0.823862,717.758,0.847585,0.0
2026-03-12T14:00:00Z,24387.6436,7113.824914,1.36804325,-0.28,0.72,0.540852,8.9,9.15,,0.7,0.361111,0.843173,0.837875,0.889936,0.929409,0.8144,711.2604,0.846582,0.0
2026-03-12T15:00:00Z,24062.1746,6931.671087,1.33301367,-0.32,0.72,0.54,8.8,9.25,,0.7,0.25,0.830289,0.824102,0.889118,0.928955,0.799658,701.2419,0.845491,0.0
2026-03-12T16:00:00Z,23756.1993,6760.427118,1.30008214,-0.27,0.72,0.540852,8.8,8.33,,0.68,0.277778,0.818177,0.811154,0.897365,0.933536,0.781792,691.8235,0.856487,0.0
2026-03-12T17:00:00Z,23308.5147,6509.873338,1.25189872,-0.13,1.08,0.543349,8.8,8.0,,0.68,0.416667,0.800454,0.79221,0.900065,0.935036,0.759814,678.043,0.860087,0.0
2026-03-12T18:00:00Z,22769.7018,6208.318211,1.19390735,0.14,1.08,0.547322,8.7,8.28,,0.66,0.638889,0.779125,0.769409,0.898495,0.934164,0.735505,661.4575,0.857993,0.0
2026-03-12T19:00:00Z,22328.5496,5961.420383,1.146427,0.44,1.08,0.5525,8.6,7.46,,0.66,0.805556,0.761661,0.750742,0.905204,0.937891,0.712049,647.8781,0.866938,0.0
2026-03-12T20:00:00Z,21892.1767,5717.19737,1.09946103,0.67,1.08,0.55853,8.5,6.97,,0.64,0.805556,0.744387,0.732276,0.909933,0.940518,0.689695,634.4459,0.873244,0.0
2026-03-12T21:00:00Z,21444.9842,5466.918988,1.05133057,0.85,1.08,0.565,8.5,7.31,,0.64,0.638889,0.726685,0.713352,0.907151,0.938973,0.670176,620.6805,0.869535,0.0
2026-03-12T22:00:00Z,21180.5478,5318.922992,1.02286981,1.0,0.72,0.57147,8.3,6.69,,0.62,0.5,0.716217,0.702162,0.912944,0.942191,0.655329,612.5408,0.877258,0.0
2026-03-12T23:00:00Z,20957.5096,5194.096121,0.99886464,1.06,0.72,0.5775,8.5,7.01,,0.6,0.305556,0.707387,0.692724,0.911045,0.941136,0.645821,605.6753,0.874727,0.0
2026-03-13T00:00:00Z,20904.6731,5164.525337,0.99317795,0.97,0.43,0.582678,8.7,6.87,,0.58,0.111111,0.705296,0.690489,0.912911,0.942173,0.64254,604.0489,0.877215,0.0
2026-03-13T01:00:00Z,21001.869,5218.922571,1.00363896,0.76,0.43,0.586651,8.9,6.58,,0.56,0.25,0.709143,0.694601,0.916004,0.943891,0.645676,607.0407,0.881338,0.0
2026-03-13T02:00:00Z,21263.0311,5365.086065,1.03174732,0.51,0.43,0.589148,9.1,5.93,,0.54,0.416667,0.719482,0.705653,0.922042,0.947245,0.655113,615.0797,0.889389,0.0
2026-03-13T03:00:00Z,21674.2228,5595.216033,1.07600308,0.3,0.43,0.59,9.2,4.97,,0.52,0.416667,0.735759,0.723053,0.930616,0.952009,0.670386,627.7369,0.900822,0.0
2026-03-13T04:00:00Z,22194.1567,5886.205273,1.13196255,0.13,0.43,0.589148,9.3,4.04,,0.48,0.361111,0.756341,0.745055,0.939665,0.957036,0.690495,643.7413,0.912887,0.0
2026-03-13T05:00:00Z,22786.0645,6217.475849,1.19566843,0.01,0.43,0.586651,9.4,3.25,,0.42,0.361111,0.779773,0.770102,0.948289,0.961827,0.714134,661.9612,0.924385,0.0
2026-03-13T06:00:00Z,23384.5364,6552.420099,1.26008079,0.0,0.43,0.582678,9.5,2.8,,0.38,0.277778,0.803464,0.795427,0.953411,0.964673,0.739633,680.3831,0.931215,0.0
2026-03-13T07:00:00Z,23963.8903,6876.664678,1.32243552,0.09,0.72,0.5775,9.5,2.59,,0.34,0.25,0.826398,0.819943,0.956569,0.966427,0.765118,698.2166,0.935425,0.0
2026-03-13T08:00:00Z,24478.0421,7164.417896,1.37777267,0.17,0.72,0.57147,9.6,2.61,,0.32,0.277778,0.846752,0.8417,0.957125,0.966736,0.788733,714.043,0.936167,0.0
2026-03-13T09:00:00Z,24872.7794,7385.338851,1.42025747,0.22,0.72,0.565,9.6,3.13,,0.28,0.305556,0.862378,0.858404,0.954311,0.965173,0.808305,726.1936,0.932415,0.0
2026-03-13T10:00:00Z,25164.0213,7548.336996,1.45160327,0.29,0.72,0.55853,9.5,3.52,,0.28,0.25,0.873907,0.870728,0.95112,0.9634,0.82324,735.1585,0.92816,0.0
2026-03-13T11:00:00Z,25287.8129,7617.618935,1.46492672,0.35,0.72,0.5525,9.6,4.34,,0.26,0.25,0.878807,0.875966,0.945131,0.960073,0.831647,738.969,0.920175,0.0
2026-03-13T12:00:00Z,25310.9809,7630.585259,1.46742024,0.32,0.72,0.547322,9.6,4.76,,0.26,0.111111,0.879724,0.876947,0.941695,0.958164,0.834249,739.6822,0.915593,0.0
2026-03-13T13:00:00Z,25180.7737,7557.712756,1.4534063,0.16,0.72,0.543349,9.7,5.22,,0.28,0.083333,0.87457,0.871437,0.937211,0.955673,0.830199,735.6742,0.909615,0.0
2026-03-13T14:00:00Z,24941.2006,7423.631872,1.42762151,-0.07,0.72,0.540852,9.9,5.45,,0.3,0.194444,0.865086,0.861299,0.934609,0.954227,0.820236,728.2998,0.906145,0.0
2026-03-13T15:00:00Z,24579.9474,7221.450799,1.38874054,-0.27,0.72,0.54,10.0,5.69,,0.32,0.194444,0.850786,0.846012,0.931925,0.952736,0.804663,717.1798,0.902567,0.0
2026-03-13T16:00:00Z,24105.7842,6956.077875,1.33770728,-0.39,0.72,0.540852,10.1,6.14,,0.32,0.138889,0.832015,0.825947,0.928244,0.950691,0.784293,702.5843,0.897658,0.0
2026-03-13T17:00:00Z,23615.5717,6681.722661,1.28494667,-0.45,1.08,0.543349,10.3,6.03,,0.34,0.0,0.81261,0.805203,0.928424,0.950791,0.761461,687.4947,0.897898,0.0
2026-03-13T18:00:00Z,23116.0602,6402.163177,1.23118523,-0.38,1.08,0.547322,10.4,5.7,,0.34,0.166667,0.792836,0.784066,0.931124,0.952291,0.737078,672.119,0.901498,0.0
2026-03-13T19:00:00Z,22599.7379,6113.195196,1.17561446,-0.14,1.08,0.5525,10.4,5.52,,0.34,0.416667,0.772397,0.762217,0.932596,0.953109,0.712461,656.2257,0.903462,0.0
2026-03-13T20:00:00Z,22093.35,5829.787183,1.12111292,0.17,1.08,0.55853,10.4,5.56,,0.36,0.666667,0.752351,0.740789,0.931549,0.952527,0.689424,640.6383,0.902065,0.0
2026-03-13T21:00:00Z,21639.6048,5575.841525,1.07227722,0.46,1.08,0.565,10.4,5.88,,0.36,0.722222,0.734389,0.721588,0.928931,0.951073,0.669529,626.6713,0.898575,0.0
2026-03-13T22:00:00Z,21321.8311,5397.994394,1.03807585,0.73,0.72,0.57147,10.4,5.71,,0.38,0.666667,0.721809,0.708141,0.929602,0.951445,0.654482,616.8897,0.899469,0.0
2026-03-13T23:00:00Z,21054.8206,5248.557749,1.00933803,1.0,0.72,0.5775,10.5,6.48,,0.38,0.611111,0.711239,0.696842,0.923302,0.947945,0.64489,608.6707,0.891069,0.0
2026-03-14T00:00:00Z,20592.8687,4990.01906,0.95961905,1.16,0.43,0.582678,10.7,6.68,,0.4,0.416667,0.692953,0.677294,0.920945,0.946636,0.624497,594.451,0.887927,0.0
2026-03-14T01:00:00Z,20665.6966,5030.778333,0.96745737,1.12,0.43,0.586651,10.8,6.6,,0.4,0.194444,0.695836,0.680376,0.9216,0.947,0.627586,596.6928,0.8888,0.0
2026-03-14T02:00:00Z,20847.0459,5132.273347,0.98697564,0.89,0.43,0.589148,11.0,6.72,,0.42,0.277778,0.703014,0.68805,0.919898,0.946055,0.63676,602.275,0.886531,0.0
2026-03-14T03:00:00Z,21182.9344,5320.258691,1.02312667,0.58,0.43,0.59,11.1,6.41,,0.42,0.472222,0.716311,0.702263,0.922435,0.947464,0.651221,612.6142,0.889913,0.0
2026-03-14T04:00:00Z,21581.1813,5543.143866,1.06598921,0.27,0.43,0.589148,11.2,6.44,,0.44,0.583333,0.732076,0.719116,0.921469,0.946927,0.670134,624.8729,0.888625,0.0
2026-03-14T05:00:00Z,22016.268,5786.64704,1.11281674,-0.02,0.43,0.586651,11.2,6.8,,0.46,0.583333,0.749299,0.737527,0.917804,0.944891,0.691956,638.2656,0.883738,0.0
2026-03-14T06:00:00Z,22483.1822,6047.962941,1.1630698,-0.22,0.43,0.582678,11.2,7.15,,0.48,0.527778,0.767783,0.757285,0.91422,0.9429,0.715218,652.638,0.87896,0.0
2026-03-14T07:00:00Z,22948.7137,6308.505034,1.21317405,-0.26,0.72,0.5775,11.3,7.54,,0.48,0.333333,0.786211,0.776985,0.911029,0.941127,0.738243,666.9678,0.874705,0.0
2026-03-14T08:00:00Z,23418.2988,6571.31576,1.26371457,-0.16,0.72,0.57147,11.3,7.52,,0.48,0.194444,0.8048,0.796856,0.911193,0.941218,0.759964,681.4224,0.874924,0.0
2026-03-14T09:00:00Z,23855.4691,6815.985045,1.31076635,0.0,0.72,0.565,11.4,7.18,,0.48,0.333333,0.822106,0.815355,0.913975,0.942764,0.779017,694.8792,0.878633,0.0
2026-03-14T10:00:00Z,24193.496,7005.167165,1.34714753,0.17,0.72,0.55853,11.5,6.91,,0.48,0.416667,0.835487,0.829659,0.916184,0.943991,0.793724,705.2842,0.881578,0.0
2026-03-14T11:00:00Z,24347.8782,7091.569584,1.36376338,0.39,0.72,0.5525,11.5,7.28,,0.48,0.388889,0.841599,0.836192,0.913156,0.942309,0.802234,710.0363,0.877542,0.0
2026-03-14T12:00:00Z,24391.0682,7115.741584,1.36841184,0.56,0.72,0.547322,11.6,7.49,,0.48,0.333333,0.843309,0.838019,0.911438,0.941355,0.805002,711.3658,0.875251,0.0
2026-03-14T13:00:00Z,24304.2675,7067.162186,1.35906965,0.57,0.72,0.543349,11.6,7.68,,0.48,0.25,0.839872,0.834346,0.909884,0.940491,0.801665,708.6939,0.873178,0.0
2026-03-14T14:00:00Z,24121.8355,6965.061246,1.33943486,0.38,0.72,0.540852,11.6,7.64,,0.46,0.333333,0.832651,0.826627,0.910931,0.941073,0.792732,703.0784,0.874575,0.0
2026-03-14T15:00:00Z,23841.0729,6807.927979,1.30921692,0.08,0.72,0.54,11.6,7.38,,0.46,0.5,0.821536,0.814746,0.913058,0.942255,0.778756,694.436,0.877411,0.0
2026-03-14T16:00:00Z,23446.139,6586.896996,1.26671096,-0.21,0.72,0.540852,11.5,7.37,,0.44,0.611111,0.805902,0.798034,0.91386,0.9427,0.76007,682.2793,0.87848,0.0
2026-03-14T17:00:00Z,22988.0818,6330.538016,1.21741116,-0.45,1.08,0.543349,11.5,7.26,,0.44,0.555556,0.78777,0.77865,0.91476,0.9432,0.738411,668.1796,0.87968,0.0
2026-03-14T18:00:00Z,22496.8817,6055.630105,1.16454425,-0.58,1.08,0.547322,11.5,7.19,,0.42,0.444444,0.768325,0.757865,0.916053,0.943918,0.71504,653.0597,0.881404,0.0
2026-03-14T19:00:00Z,21997.4509,5776.115726,1.11079149,-0.53,1.08,0.5525,11.4,7.2,,0.4,0.138889,0.748555,0.736731,0.916691,0.944273,0.691577,637.6864,0.882255,0.0
2026-03-14T20:00:00Z,21522.4405,5510.268627,1.05966704,-0.26,1.08,0.55853,11.4,7.26,,0.4,0.25,0.729751,0.71663,0.9162,0.944,0.669749,623.0648,0.8816,0.0
2026-03-14T21:00:00Z,21157.4015,5305.968811,1.02037862,0.13,1.08,0.565,11.4,6.85,,0.38,0.611111,0.7153,0.701183,0.920275,0.946264,0.650996,611.8283,0.887033,0.0
2026-03-14T22:00:00Z,20918.9778,5172.531203,0.99471754,0.54,0.72,0.57147,11.4,5.99,,0.36,0.777778,0.705862,0.691094,0.928031,0.950573,0.636483,604.4892,0.897375,0.0
2026-03-14T23:00:00Z,20758.5396,5082.739424,0.97744989,0.95,0.72,0.5775,11.4,5.64,,0.32,0.777778,0.699511,0.684305,0.932335,0.952964,0.627125,599.5507,0.903113,0.0
2026-03-15T00:00:00Z,20824.5859,5119.703291,0.98455833,1.3,0.43,0.582678,11.5,3.95,,0.3,0.666667,0.702125,0.6871,0.946882,0.961045,0.623724,601.5837,0.922509,0.0
2026-03-15T01:00:00Z,20891.6658,5157.245616,0.991778,1.47,0.43,0.586651,11.5,4.03,,0.28,0.444444,0.704781,0.689938,0.946947,0.961082,0.626809,603.6485,0.922596,0.0
2026-03-15T02:00:00Z,21078.9137,5262.041859,1.01193113,1.35,0.43,0.589148,11.6,4.2,,0.28,0.166667,0.712193,0.697862,0.945556,0.960309,0.636117,609.4123,0.920742,0.0
2026-03-15T03:00:00Z,21448.8006,5469.05491,1.05174133,1.01,0.43,0.59,11.7,3.63,,0.26,0.416667,0.726836,0.713514,0.95094,0.9633,0.650891,620.798,0.92792,0.0
2026-03-15T04:00:00Z,21834.9502,5685.169633,1.09330185,0.57,0.43,0.589148,11.7,4.0,,0.26,0.694444,0.742122,0.729854,0.947913,0.961618,0.670159,632.6843,0.923884,0.0
2026-03-15T05:00:00Z,22282.3646,5935.572203,1.14145619,0.13,0.43,0.586651,11.7,4.42,,0.26,0.861111,0.759833,0.748787,0.944476,0.959709,0.692451,646.4565,0.919302,0.0
2026-03-15T06:00:00Z,22782.0179,6215.211078,1.1952329,-0.26,0.43,0.582678,11.7,4.62,,0.26,0.861111,0.779612,0.769931,0.94284,0.9588,0.716368,661.8366,0.91712,0.0
2026-03-15T07:00:00Z,23319.5515,6516.05028,1.25308659,-0.52,0.72,0.5775,11.7,4.35,,0.28,0.694444,0.800891,0.792677,0.944329,0.959627,0.740654,678.3828,0.919105,0.0
2026-03-15T08:00:00Z,23823.7541,6798.235225,1.30735293,-0.53,0.72,0.57147,11.6,4.14,,0.28,0.416667,0.820851,0.814013,0.946047,0.960582,0.763291,693.9029,0.921396,0.0
2026-03-15T09:00:00Z,24210.6628,7014.774842,1.34899516,-0.33,0.72,0.565,11.6,4.35,,0.3,0.083333,0.836167,0.830385,0.943609,0.959227,0.782331,705.8126,0.918145,0.0
2026-03-15T10:00:00Z,24458.6666,7153.574086,1.37568732,-0.04,0.72,0.55853,11.2,4.94,,0.32,0.416667,0.845985,0.84088,0.938062,0.956145,0.796307,713.4466,0.910749,0.0
2026-03-15T11:00:00Z,24638.9793,7254.488968,1.39509403,0.29,0.72,0.5525,11.1,5.11,,0.32,0.583333,0.853122,0.84851,0.936671,0.955373,0.805294,718.9969,0.908895,0.0
2026-03-15T12:00:00Z,24705.3356,7291.626327,1.40223583,0.62,0.72,0.547322,11.1,5.06,,0.34,0.583333,0.855749,0.851318,0.93636,0.9552,0.808511,721.0394,0.90848,0.0
2026-03-15T13:00:00Z,24651.79,7261.658642,1.39647282,0.84,0.72,0.543349,11.0,4.93,,0.34,0.416667,0.85363,0.849052,0.937424,0.955791,0.805554,719.3912,0.909898,0.0
2026-03-15T14:00:00Z,24422.9706,7133.596231,1.37184543,0.79,0.72,0.540852,10.9,5.21,,0.34,0.166667,0.844571,0.839369,0.935133,0.954518,0.795952,712.3478,0.906844,0.0
2026-03-15T15:00:00Z,24112.7686,6959.986792,1.338459,0.5,0.72,0.54,10.8,5.16,,0.34,0.25,0.832292,0.826243,0.935542,0.954745,0.781373,702.7993,0.907389,0.0
2026-03-15T16:00:00Z,23720.9982,6740.726297,1.29629352,0.07,0.72,0.540852,10.7,5.03,,0.32,0.555556,0.816783,0.809665,0.937325,0.955736,0.762398,690.7399,0.909767,0.0
2026-03-15T17:00:00Z,23266.5747,6486.400959,1.2473848,-0.35,1.08,0.543349,10.6,4.77,,0.32,0.75,0.798794,0.790435,0.939453,0.956918,0.740362,676.7521,0.912604,0.0
2026-03-15T18:00:00Z,22771.3369,6209.233289,1.19408332,-0.69,1.08,0.547322,10.5,4.61,,0.3,0.694444,0.77919,0.769479,0.941482,0.958045,0.716476,661.5078,0.915309,0.0
2026-03-15T19:00:00Z,22289.2273,5939.413035,1.14219481,-0.88,1.08,0.5525,10.5,4.28,,0.28,0.583333,0.760105,0.749078,0.942742,0.958745,0.69354,646.6677,0.916989,0.0
2026-03-15T20:00:00Z,21773.0399,5650.520549,1.08663857,-0.8,1.08,0.55853,10.3,4.67,,0.28,0.277778,0.739671,0.727234,0.938111,0.956173,0.671642,630.7786,0.910815,0.0
2026-03-15T21:00:00Z,21352.3431,5415.070916,1.04135979,-0.44,1.08,0.565,10.3,4.82,,0.26,0.388889,0.723017,0.709432,0.940484,0.957491,0.651062,617.8289,0.913978,0.0
2026-03-15T22:00:00Z,21016.1938,5226.939641,1.0051807,0.07,0.72,0.57147,10.1,5.0,,0.28,0.75,0.70971,0.695208,0.939011,0.956673,0.636115,607.4817,0.912015,0.0
2026-03-15T23:00:00Z,20818.0052,5116.020287,0.98385006,0.62,0.72,0.5775,10.1,4.99,,0.28,1.0,0.701865,0.686821,0.939093,0.956718,0.626881,601.3811,0.912124,0.0
2026-03-16T00:00:00Z,21127.2035,5289.068021,1.01712847,1.15,0.43,0.582678,10.2,4.94,,0.3,1.0,0.714105,0.699905,0.938782,0.956545,0.641369,610.8987,0.911709,0.0
2026-03-16T01:00:00Z,21229.0612,5346.074259,1.0280912,1.55,0.43,0.586651,10.4,4.55,,0.3,0.805556,0.718137,0.704215,0.941973,0.958318,0.644678,614.0341,0.915964,0.0
2026-03-16T02:00:00Z,21435.3476,5461.525752,1.05029341,1.65,0.43,0.589148,10.4,4.57,,0.3,0.472222,0.726303,0.712945,0.941809,0.958227,0.654325,620.3839,0.915745,0.0
2026-03-16T03:00:00Z,21760.9789,5643.770439,1.08534047,1.41,0.43,0.59,10.5,4.63,,0.3,0.055556,0.739194,0.726724,0.941318,0.957955,0.669656,630.4074,0.915091,0.0
2026-03-16T04:00:00Z,22190.8552,5884.357519,1.13160722,0.92,0.43,0.589148,10.6,4.64,,0.3,0.5,0.756211,0.744915,0.941236,0.957909,0.689644,643.6397,0.914982,0.0
2026-03-16T05:00:00Z,22674.6836,6155.139765,1.18368072,0.34,0.43,0.586651,10.6,4.77,,0.32,0.861111,0.775364,0.765389,0.939453,0.956918,0.712892,658.5327,0.912604,0.0
2026-03-16T06:00:00Z,23188.8632,6442.908522,1.23902087,-0.21,0.43,0.582678,10.5,5.01,,0.32,1.0,0.795718,0.787147,0.937489,0.955827,0.737628,674.36,0.909985,0.0
2026-03-16T07:00:00Z,23661.1366,6707.223797,1.28985073,-0.64,0.72,0.5775,10.4,5.58,,0.34,0.944444,0.814413,0.807132,0.932105,0.952836,0.76194,688.8973,0.902807,0.0
2026-03-16T08:00:00Z,24077.0476,6939.994969,1.33461442,-0.84,0.72,0.57147,10.3,6.35,,0.34,0.666667,0.830878,0.824731,0.925805,0.949336,0.784043,701.6997,0.894407,0.0
2026-03-16T09:00:00Z,24453.9806,7150.951469,1.37518297,-0.73,0.72,0.565,10.3,6.72,,0.36,0.166667,0.845799,0.840682,0.922058,0.947255,0.803202,713.3023,0.889411,0.0
2026-03-16T10:00:00Z,24730.9607,7305.967815,1.40499381,-0.38,0.72,0.55853,10.7,7.08,,0.38,0.444444,0.856764,0.852402,0.918393,0.945218,0.817686,721.8282,0.884524,0.0
2026-03-16T11:00:00Z,24963.2882,7435.993569,1.42999876,0.07,0.72,0.5525,10.7,6.76,,0.4,0.805556,0.865961,0.862234,0.919571,0.945873,0.827945,728.9796,0.886095,0.0
2026-03-16T12:00:00Z,25014.1575,7464.463371,1.43547373,0.53,0.72,0.547322,10.7,6.86,,0.42,0.916667,0.867974,0.864386,0.918033,0.945018,0.83099,730.5455,0.884044,0.0
2026-03-16T13:00:00Z,24970.9542,7440.283932,1.43082383,0.92,0.72,0.543349,10.7,6.63,,0.42,0.805556,0.866264,0.862558,0.919915,0.946064,0.828148,729.2156,0.886553,0.0
2026-03-16T14:00:00Z,24795.2628,7341.955492,1.41191452,1.08,0.72,0.540852,10.7,6.38,,0.42,0.527778,0.859309,0.855123,0.92196,0.9472,0.819085,723.8076,0.88928,0.0
2026-03-16T15:00:00Z,24465.1594,7157.207903,1.37638614,0.9,0.72,0.54,10.8,6.43,,0.42,0.083333,0.846242,0.841155,0.921551,0.946973,0.803946,713.6464,0.888735,0.0
2026-03-16T16:00:00Z,24048.8383,6924.207163,1.3315783,0.46,0.72,0.540852,10.8,6.43,,0.4,0.388889,0.829761,0.823538,0.922271,0.947373,0.784304,700.8314,0.889695,0.0
2026-03-16T17:00:00Z,23622.9127,6685.831177,1.28573676,-0.1,1.08,0.543349,10.8,5.77,,0.4,0.75,0.8129,0.805514,0.926951,0.949973,0.762457,687.7207,0.895935,0.0
2026-03-16T18:00:00Z,23124.2838,6406.765641,1.23207032,-0.6,1.08,0.547322,10.8,5.49,,0.38,0.916667,0.793161,0.784414,0.928522,0.950845,0.738616,672.3721,0.898029,0.0
2026-03-16T19:00:00Z,22582.6733,6103.64474,1.17377783,-0.96,1.08,0.5525,10.8,5.58,,0.38,0.75,0.771721,0.761495,0.927065,0.950036,0.714127,655.7005,0.896087,0.0
2026-03-16T20:00:00Z,22012.7926,5784.701984,1.11244269,-1.09,1.08,0.55853,10.7,6.35,,0.4,0.472222,0.749162,0.73738,0.920045,0.946136,0.690798,638.1586,0.886727,0.0
2026-03-16T21:00:00Z,21558.1259,5530.24055,1.0635078,-0.9,1.08,0.565,10.6,6.72,,0.4,0.222222,0.731163,0.71814,0.916298,0.944055,0.671362,624.1632,0.881731,0.0
2026-03-16T22:00:00Z,21193.2061,5326.007424,1.0242322,-0.37,0.72,0.57147,10.6,7.16,,0.42,0.805556,0.716718,0.702698,0.910538,0.940855,0.656985,612.9304,0.874051,0.0
2026-03-16T23:00:00Z,20978.89,5206.062023,1.00116577,0.32,0.72,0.5775,10.7,7.18,,0.46,1.305556,0.708234,0.693629,0.911815,0.941564,0.646471,606.3334,0.875753,0.0
2026-03-17T00:00:00Z,20917.5648,5171.740377,0.99456546,1.0,0.43,0.582678,10.8,7.02,,0.48,1.5,0.705806,0.691034,0.913124,0.942291,0.643043,604.4457,0.877498,0.0
2026-03-17T01:00:00Z,20966.3016,5199.016678,0.9998109,1.58,0.43,0.586651,10.9,7.15,,0.52,1.444444,0.707735,0.693096,0.91206,0.9417,0.645778,605.9459,0.87608,0.0
2026-03-17T02:00:00Z,21147.8812,5300.640586,1.01935396,1.91,0.43,0.589148,11.0,7.34,,0.54,1.166667,0.714923,0.70078,0.909065,0.940036,0.655536,611.5352,0.872087,0.0
2026-03-17T03:00:00Z,21427.0419,5456.877323,1.04939949,1.87,0.43,0.59,11.0,7.71,,0.58,0.611111,0.725974,0.712593,0.904598,0.937555,0.670478,620.1283,0.866131,0.0
2026-03-17T04:00:00Z,21845.295,5690.959262,1.09441524,1.44,0.43,0.589148,11.0,7.69,,0.58,0.111111,0.742531,0.730292,0.905482,0.938045,0.689497,633.0028,0.867309,0.0
2026-03-17T05:00:00Z,22349.9956,5973.422983,1.14873519,0.78,0.43,0.586651,11.1,7.54,,0.56,0.638889,0.76251,0.751649,0.906709,0.938727,0.712375,648.5383,0.868945,0.0
2026-03-17T06:00:00Z,22858.952,6258.268485,1.20351317,0.09,0.43,0.582678,11.1,7.67,,0.56,1.0,0.782658,0.773186,0.904925,0.937736,0.736789,664.2048,0.866567,0.0
2026-03-17T07:00:00Z,23342.4352,6528.857517,1.25554952,-0.5,0.72,0.5775,11.3,8.04,,0.56,1.111111,0.801797,0.793645,0.903338,0.936855,0.759934,679.0872,0.864451,0.0
2026-03-17T08:00:00Z,23838.9818,6806.75769,1.30899186,-0.9,0.72,0.57147,11.4,7.92,,0.56,0.944444,0.821454,0.814657,0.90504,0.9378,0.782223,694.3717,0.86672,0.0
2026-03-17T09:00:00Z,24298.5669,7063.971777,1.35845611,-0.98,0.72,0.565,11.6,7.52,,0.56,0.5,0.839647,0.834105,0.907593,0.939218,0.802418,708.5184,0.870124,0.0
2026-03-17T10:00:00Z,24653.7982,7262.782603,1.39668896,-0.68,0.72,0.55853,12.0,7.02,,0.62,0.166667,0.853709,0.849137,0.908804,0.939891,0.818367,719.453,0.871738,0.0
2026-03-17T11:00:00Z,24746.9384,7314.909991,1.40671346,-0.12,0.72,0.5525,12.2,7.79,,0.68,0.805556,0.857396,0.853079,0.901064,0.935591,0.82613,722.32,0.861418,0.0
2026-03-17T12:00:00Z,24767.5658,7326.454419,1.40893354,0.5,0.72,0.547322,12.4,8.02,,0.74,1.138889,0.858213,0.853951,0.897742,0.933745,0.828563,722.955,0.856989,0.0
2026-03-17T13:00:00Z,24749.4938,7316.340112,1.40698848,1.04,0.72,0.543349,12.7,7.58,,0.74,1.138889,0.857497,0.853187,0.901342,0.935745,0.826125,722.3987,0.861789,0.0
2026-03-17T14:00:00Z,24573.84,7218.032709,1.38808321,1.4,0.72,0.540852,13.0,7.36,,0.74,0.888889,0.850544,0.845754,0.903142,0.936745,0.817172,716.9918,0.864189,0.0
2026-03-17T15:00:00Z,24196.8664,7007.053487,1.34751029,1.43,0.72,0.54,13.2,7.89,,0.74,0.5,0.835621,0.829802,0.898805,0.934336,0.801604,705.3879,0.858407,0.0
2026-03-17T16:00:00Z,23771.2267,6768.837445,1.30169951,1.09,0.72,0.540852,13.5,8.25,,0.66,0.277778,0.818771,0.81179,0.89874,0.9343,0.781878,692.2861,0.85832,0.0
2026-03-17T17:00:00Z,23327.7532,6520.640485,1.25396932,0.48,1.08,0.543349,13.6,8.06,,0.6,0.75,0.801216,0.793024,0.888775,0.928764,0.765725,678.6352,0.845033,0.0
2026-03-17T18:00:00Z,22893.2976,6277.490542,1.20720972,-0.2,1.08,0.547322,13.5,7.44,,0.52,1.138889,0.784018,0.77464,0.897447,0.933582,0.741707,665.262,0.856596,0.0
2026-03-17T19:00:00Z,22492.0466,6052.924075,1.16402386,-0.79,1.08,0.5525,13.4,6.25,,0.48,1.305556,0.768134,0.75766,0.920864,0.946591,0.712677,652.9108,0.887818,0.0
2026-03-17T20:00:00Z,22096.6515,5831.634937,1.12146826,-1.16,1.08,0.55853,13.2,5.21,,0.46,1.111111,0.752481,0.740928,0.929373,0.951318,0.690544,640.7399,0.899164,0.0
2026-03-17T21:00:00Z,21696.3868,5607.620443,1.07838855,-1.21,1.08,0.565,12.9,5.02,,0.42,0.722222,0.736637,0.723991,0.933087,0.953382,0.670317,628.4191,0.904116,0.0
2026-03-17T22:00:00Z,21360.8269,5419.819015,1.04227289,-0.87,0.72,0.57147,12.2,5.17,,0.4,0.166667,0.723353,0.709791,0.93258,0.9531,0.654968,618.09,0.90344,0.0
2026-03-17T23:00:00Z,21083.5943,5264.661393,1.01243488,-0.19,0.72,0.5775,12.0,6.12,,0.38,0.694444,0.712378,0.69806,0.926247,0.949582,0.644916,609.5564,0.894996,0.0
2026-03-18T00:00:00Z,21000.4683,5218.138631,1.0034882,0.58,0.43,0.582678,11.8,6.35,,0.36,1.138889,0.709088,0.694542,0.925085,0.948936,0.641575,606.9976,0.893447,0.0
2026-03-18T01:00:00Z,21060.6153,5251.800844,1.0099617,1.28,0.43,0.586651,11.7,6.47,,0.36,1.25,0.711469,0.697087,0.924104,0.948391,0.644802,608.849,0.892138,0.0
2026-03-18T02:00:00Z,21266.5019,5367.02857,1.03212088,1.79,0.43,0.589148,11.5,6.45,,0.36,1.055556,0.719619,0.7058,0.923547,0.948082,0.654605,615.1866,0.891396,0.0
2026-03-18T03:00:00Z,21561.0811,5531.894471,1.06382586,1.97,0.43,0.59,11.3,6.81,,0.36,0.611111,0.73128,0.718265,0.920602,0.946445,0.669586,624.2542,0.887469,0.0
2026-03-18T04:00:00Z,21962.8295,5756.739306,1.10706525,1.72,0.43,0.589148,11.0,6.98,,0.38,0.083333,0.747184,0.735266,0.918491,0.945273,0.68917,636.6207,0.884655,0.0
2026-03-18T05:00:00Z,22476.1351,6044.01892,1.16231133,1.12,0.43,0.586651,10.9,6.61,,0.42,0.694444,0.767504,0.756987,0.920078,0.946155,0.712288,652.421,0.886771,0.0
2026-03-18T06:00:00Z,22981.3384,6326.763983,1.21668538,0.36,0.43,0.582678,10.8,6.78,,0.44,1.166667,0.787503,0.778365,0.916527,0.944182,0.737313,667.972,0.882036,0.0
2026-03-18T07:00:00Z,23350.5357,6533.391053,1.25642136,-0.37,0.72,0.5775,10.8,8.21,,0.48,1.361111,0.802118,0.793988,0.903387,0.936882,0.760288,679.3365,0.864516,0.0
2026-03-18T08:00:00Z,23683.1713,6719.555882,1.29222228,-0.91,0.72,0.57147,10.6,9.46,,0.54,1.222222,0.815286,0.808064,0.891,0.93,0.781231,689.5756,0.848,0.0
2026-03-18T09:00:00Z,24039.8169,6919.158219,1.33060735,-1.17,0.72,0.565,10.1,9.83,,0.58,0.805556,0.829404,0.823156,0.886533,0.927518,0.799769,700.5537,0.842044,0.0
2026-03-18T10:00:00Z,24353.2559,7094.579331,1.36434218,-1.03,0.72,0.55853,9.5,9.77,,0.6,0.305556,0.841812,0.836419,0.884144,0.926191,0.815378,710.2019,0.838858,0.0
2026-03-18T11:00:00Z,24562.3881,7211.623475,1.38685067,-0.47,0.72,0.5525,9.3,9.54,,0.64,0.833333,0.85009,0.845269,0.883145,0.925636,0.825528,716.6393,0.837527,0.0
2026-03-18T12:00:00Z,24708.2011,7293.230042,1.40254424,0.29,0.72,0.547322,9.2,8.79,,0.66,1.444444,0.855863,0.851439,0.885682,0.927045,0.831168,721.1277,0.840909,0.0
2026-03-18T13:00:00Z,24739.2725,7310.619628,1.40588839,1.0,0.72,0.543349,9.2,7.92,,0.66,1.611111,0.857093,0.852754,0.89352,0.9314,0.829127,722.0841,0.85136,0.0
2026-03-18T14:00:00Z,24587.5391,7225.699649,1.38955762,1.53,0.72,0.540852,9.2,7.55,,0.64,1.388889,0.851086,0.846333,0.901587,0.935882,0.818499,717.4135,0.862116,0.0
2026-03-18T15:00:00Z,24268.0295,7046.881031,1.35516943,1.76,0.72,0.54,9.2,7.55,,0.64,1.0,0.838438,0.832813,0.904467,0.937482,0.80239,707.5785,0.865956,0.0
2026-03-18T16:00:00Z,23874.0458,6826.381785,1.31276573,1.62,0.72,0.540852,9.2,7.4,,0.62,0.388889,0.822842,0.816141,0.907135,0.938964,0.782919,695.451,0.869513,0.0
2026-03-18T17:00:00Z,23368.0022,6543.166488,1.25830125,1.12,1.08,0.543349,9.1,7.6,,0.62,0.277778,0.802809,0.794727,0.905498,0.938055,0.76016,679.8742,0.867331,0.0
2026-03-18T18:00:00Z,22863.3057,6260.705084,1.20398175,0.4,1.08,0.547322,9.0,7.5,,0.6,0.833333,0.78283,0.77337,0.907036,0.938909,0.736053,664.3388,0.869382,0.0
2026-03-18T19:00:00Z,22350.2262,5973.552043,1.14876001,-0.31,1.08,0.5525,9.0,7.35,,0.62,1.083333,0.76252,0.751659,0.907544,0.939191,0.712015,648.5454,0.870058,0.0
2026-03-18T20:00:00Z,21863.1232,5700.937134,1.09633406,-0.83,1.08,0.55853,8.9,7.3,,0.64,1.055556,0.743237,0.731046,0.907233,0.939018,0.689546,633.5515,0.869644,0.0
2026-03-18T21:00:00Z,21405.9334,5445.063599,1.04712762,-1.09,1.08,0.565,8.9,7.71,,0.66,0.75,0.725139,0.7117,0.903158,0.936755,0.670138,619.4785,0.864211,0.0
2026-03-18T22:00:00Z,21145.4312,5299.269406,1.01909027,-1.0,0.72,0.57147,8.8,7.12,,0.62,0.388889,0.714826,0.700676,0.909425,0.940236,0.655263,611.4598,0.872567,0.0
2026-03-18T23:00:00Z,21003.8672,5220.04088,1.00385402,-0.48,0.72,0.5775,8.8,6.43,,0.6,0.722222,0.709222,0.694686,0.915791,0.943773,0.645863,607.1022,0.881055,0.0
2026-03-19T00:00:00Z,20973.0982,5202.820547,1.00054241,0.32,0.43,0.582678,8.8,6.07,,0.56,1.361111,0.708004,0.693384,0.920176,0.946209,0.642486,606.1551,0.886902,0.0
2026-03-19T01:00:00Z,21072.4045,5258.398865,1.01123055,1.13,0.43,0.586651,8.8,5.76,,0.54,1.666667,0.711936,0.697586,0.923433,0.948018,0.645648,609.2119,0.891244,0.0
2026-03-19T02:00:00Z,21315.7061,5394.566443,1.03741662,1.76,0.43,0.589148,8.8,5.41,,0.5,1.555556,0.721567,0.707882,0.927736,0.950409,0.655027,616.7012,0.896982,0.0
2026-03-19T03:00:00Z,21657.7582,5586.001328,1.07423102,2.1,0.43,0.59,8.8,5.29,,0.48,1.111111,0.735107,0.722356,0.929438,0.951355,0.670146,627.2301,0.899251,0.0
2026-03-19T04:00:00Z,22088.7278,5827.200327,1.12061545,2.03,0.43,0.589148,8.8,5.3,,0.46,0.444444,0.752168,0.740593,0.930076,0.951709,0.689864,640.496,0.900102,0.0
2026-03-19T05:00:00Z,22575.5247,6099.643873,1.17300844,1.56,0.43,0.586651,8.8,5.47,,0.44,0.277778,0.771438,0.761193,0.929405,0.951336,0.712755,655.4804,0.899207,0.0
2026-03-19T06:00:00Z,23137.3448,6414.075437,1.23347605,0.8,0.43,0.582678,8.8,5.23,,0.42,0.916667,0.793679,0.784967,0.932089,0.952827,0.737637,672.7741,0.902785,0.0
2026-03-19T07:00:00Z,23735.3062,6748.733979,1.29783346,-0.03,0.72,0.5775,8.8,4.66,,0.4,1.361111,0.817349,0.81027,0.937473,0.955818,0.762997,691.1804,0.909964,0.0
2026-03-19T08:00:00Z,24301.1405,7065.412121,1.3587331,-0.74,0.72,0.57147,8.8,4.1,,0.38,1.472222,0.839749,0.834214,0.942775,0.958764,0.786901,708.5977,0.917033,0.0
2026-03-19T09:00:00Z,24736.4516,7309.040875,1.40558478,-1.21,0.72,0.565,8.9,4.13,,0.36,1.25,0.856981,0.852635,0.943249,0.959027,0.806894,721.9972,0.917665,0.0
2026-03-19T10:00:00Z,25102.7945,7514.070469,1.44501355,-1.32,0.72,0.55853,9.1,3.88,,0.34,0.694444,0.871483,0.868137,0.946015,0.960564,0.822667,733.2739,0.921353,0.0
2026-03-19T11:00:00Z,25305.1322,7627.311978,1.46679076,-0.98,0.72,0.5525,9.1,4.0,,0.32,0.361111,0.879493,0.876699,0.945753,0.960418,0.832174,739.5022,0.921004,0.0
2026-03-19T12:00:00Z,25427.9977,7696.075618,1.48001454,-0.26,0.72,0.547322,9.2,3.61,,0.3,1.055556,0.884357,0.881898,0.949664,0.962591,0.836138,743.2842,0.926218,0.0
2026-03-19T13:00:00Z,25436.3049,7700.724856,1.48090863,0.58,0.72,0.543349,9.2,2.97,,0.28,1.611111,0.884685,0.88225,0.95562,0.9659,0.833877,743.5399,0.93416,0.0
2026-03-19T14:00:00Z,25239.2267,7590.426931,1.45969749,1.29,0.72,0.540852,9.3,2.91,,0.26,1.638889,0.876884,0.87391,0.956831,0.966573,0.824192,737.4735,0.935775,0.0
2026-03-19T15:00:00Z,24938.762,7422.267071,1.42735905,1.71,0.72,0.54,9.3,2.65,,0.24,1.305556,0.86499,0.861196,0.959678,0.968155,0.808981,728.2247,0.939571,0.0
2026-03-19T16:00:00Z,24514.9515,7185.074838,1.38174516,1.77,0.72,0.540852,9.3,2.51,,0.24,0.75,0.848213,0.843262,0.960824,0.968791,0.788803,715.1791,0.941098,0.0
2026-03-19T17:00:00Z,23983.6351,6887.715171,1.32456061,1.43,1.08,0.543349,9.3,2.77,,0.22,0.0,0.82718,0.820778,0.959416,0.968009,0.764769,698.8243,0.939222,0.0
2026-03-19T18:00:00Z,23447.4227,6587.615414,1.26684912,0.75,1.08,0.547322,9.3,2.65,,0.22,0.638889,0.805953,0.798088,0.960398,0.968555,0.739446,682.3188,0.940531,0.0
2026-03-19T19:00:00Z,22950.9452,6309.753903,1.21341421,-0.06,1.08,0.5525,9.3,2.15,,0.2,1.222222,0.7863,0.777079,0.965209,0.971227,0.714266,667.0365,0.946945,0.0
2026-03-19T20:00:00Z,22456.9586,6033.286494,1.1602474,-0.79,1.08,0.55853,9.3,1.93,,0.2,1.416667,0.766745,0.756175,0.967009,0.972227,0.69054,651.8308,0.949345,0.0
2026-03-19T21:00:00Z,21975.8638,5764.034151,1.10846811,-1.29,1.08,0.565,9.4,2.46,,0.18,1.25,0.7477,0.735817,0.963393,0.970218,0.669819,637.0219,0.944524,0.0
2026-03-19T22:00:00Z,21599.0892,5553.166308,1.0679166,-1.46,0.72,0.57147,9.5,2.94,,0.18,0.805556,0.732785,0.719874,0.959465,0.968036,0.654077,625.4241,0.939287,0.0
2026-03-19T23:00:00Z,21364.7371,5422.007413,1.04269373,-1.21,0.72,0.5775,9.6,3.29,,0.16,0.305556,0.723508,0.709957,0.957322,0.966845,0.644154,618.2104,0.936429,0.0
2026-03-20T00:00:00Z,21272.9788,5370.653468,1.03281797,-0.53,0.43,0.582678,9.8,3.54,,0.16,0.916667,0.719875,0.706074,0.955276,0.965709,0.640804,615.3859,0.933702,0.0
2026-03-20T01:00:00Z,21345.5546,5411.271651,1.04062916,0.37,0.43,0.586651,9.9,3.53,,0.16,1.611111,0.722748,0.709145,0.955358,0.965755,0.644136,617.6199,0.933811,0.0
2026-03-20T02:00:00Z,21596.2309,5551.566598,1.06760896,1.18,0.43,0.589148,10.0,3.1,,0.14,1.805556,0.732672,0.719753,0.959596,0.968109,0.653887,625.3362,0.939462,0.0
2026-03-20T03:00:00Z,21976.2859,5764.270425,1.10851354,1.71,0.43,0.59,10.1,2.58,,0.14,1.555556,0.747717,0.735835,0.963851,0.970473,0.669634,637.0349,0.945135,0.0
2026-03-20T04:00:00Z,22427.4649,6016.779892,1.15707306,1.88,0.43,0.589148,10.3,2.39,,0.16,1.027778,0.765577,0.754927,0.964685,0.970936,0.690203,650.9229,0.946247,0.0
2026-03-20T05:00:00Z,22890.5274,6275.940126,1.20691156,1.64,0.43,0.586651,10.3,2.93,,0.16,0.361111,0.783908,0.774522,0.960267,0.968482,0.713658,665.1767,0.940356,0.0
2026-03-20T06:00:00Z,23384.0526,6552.149366,1.26002872,1.02,0.43,0.582678,10.3,3.43,,0.18,0.472222,0.803445,0.795406,0.955456,0.965809,0.738702,680.3682,0.933942,0.0
2026-03-20T07:00:00Z,23834.0302,6803.986441,1.30845893,0.2,0.72,0.5775,10.3,4.31,,0.2,1.0,0.821258,0.814448,0.947536,0.961409,0.763106,694.2193,0.923382,0.0
2026-03-20T08:00:00Z,24226.0035,7023.360488,1.35064625,-0.62,0.72,0.57147,10.4,5.25,,0.24,1.361111,0.836774,0.831035,0.938405,0.956336,0.785356,706.2848,0.911207,0.0
2026-03-20T09:00:00Z,24611.3028,7238.999333,1.39211526,-1.23,0.72,0.565,10.4,5.59,,0.26,1.305556,0.852027,0.847339,0.933464,0.953591,0.805435,718.145,0.904618,0.0
2026-03-20T10:00:00Z,24984.8142,7448.040905,1.43231556,-1.52,0.72,0.55853,10.2,5.06,,0.3,0.916667,0.866813,0.863145,0.9342,0.954,0.822442,729.6422,0.9056,0.0
2026-03-20T11:00:00Z,25221.0908,7580.276887,1.45774556,-1.41,0.72,0.5525,10.1,4.74,,0.32,0.277778,0.876166,0.873143,0.934658,0.954255,0.833205,736.9152,0.906211,0.0
2026-03-20T12:00:00Z,25320.9701,7636.175899,1.46849537,-0.84,0.72,0.547322,10.0,4.36,,0.36,0.611111,0.88012,0.877369,0.937047,0.955582,0.836778,739.9897,0.909396,0.0
2026-03-20T13:00:00Z,25353.3992,7654.325374,1.47198565,0.04,0.72,0.543349,9.5,3.45,,0.36,1.388889,0.881404,0.878742,0.941613,0.958118,0.836254,740.9879,0.915484,0.0
2026-03-20T14:00:00Z,25140.8166,7535.350139,1.4491058,0.93,0.72,0.540852,9.2,3.54,,0.34,1.805556,0.872988,0.869746,0.938716,0.956509,0.827675,734.4443,0.911622,0.0
2026-03-20T15:00:00Z,24718.1837,7298.816946,1.40361864,1.58,0.72,0.54,9.1,4.36,,0.34,1.666667,0.856258,0.851862,0.935607,0.954782,0.809442,721.4349,0.907476,0.0
2026-03-20T16:00:00Z,24394.9959,7117.939775,1.36883457,1.89,0.72,0.540852,9.3,3.46,,0.3,1.194444,0.843464,0.838186,0.949451,0.962473,0.78829,711.4867,0.925935,0.0
2026-03-20T17:00:00Z,23948.4488,6868.022627,1.32077358,1.8,1.08,0.543349,9.5,2.93,,0.28,0.555556,0.825787,0.81929,0.955947,0.966082,0.764678,697.7412,0.934596,0.0
2026-03-20T18:00:00Z,23430.7336,6578.275119,1.26505291,1.33,1.08,0.547322,9.6,2.76,,0.24,0.333333,0.805293,0.797382,0.958778,0.967655,0.739392,681.8051,0.938371,0.0
2026-03-20T19:00:00Z,22888.9131,6275.036705,1.20673783,0.6,1.08,0.5525,9.7,2.76,,0.22,0.861111,0.783844,0.774454,0.959498,0.968055,0.713925,665.127,0.939331,0.0
2026-03-20T20:00:00Z,22351.9699,5974.527916,1.14894768,-0.2,1.08,0.55853,9.8,3.06,,0.22,1.25,0.762589,0.751733,0.957044,0.966691,0.690096,648.599,0.936058,0.0
2026-03-20T21:00:00Z,21907.261,5725.639547,1.10108453,-0.84,1.08,0.565,9.9,3.21,,0.2,1.305556,0.744984,0.732914,0.956536,0.966409,0.669682,634.9102,0.935382,0.0
2026-03-20T22:00:00Z,21518.8518,5508.26015,1.0592808,-1.2,0.72,0.57147,10.0,3.86,,0.2,0.972222,0.729609,0.716478,0.951218,0.963455,0.654019,622.9543,0.928291,0.0
2026-03-20T23:00:00Z,21207.4809,5333.996526,1.02576856,-1.2,0.72,0.5775,10.2,5.07,,0.22,0.388889,0.717283,0.703302,0.940598,0.957555,0.644288,613.3698,0.914131,0.0
2026-03-21T00:00:00Z,20745.3794,5075.374088,0.97603348,-0.79,0.43,0.582678,10.4,5.24,,0.22,0.416667,0.69899,0.683748,0.939207,0.956782,0.623459,599.1456,0.912276,0.0
2026-03-21T01:00:00Z,20795.3699,5103.352088,0.98141386,-0.01,0.43,0.586651,10.5,5.16,,0.32,1.25,0.700969,0.685863,0.936262,0.955145,0.627088,600.6844,0.908349,0.0
2026-03-21T02:00:00Z,20970.9178,5201.600227,1.00030774,0.87,0.43,0.589148,10.5,5.14,,0.42,1.75,0.707918,0.693292,0.932825,0.953236,0.636763,606.088,0.903767,0.0
2026-03-21T03:00:00Z,21267.0308,5367.324568,1.0321778,1.53,0.43,0.59,10.7,5.06,,0.52,1.722222,0.71964,0.705822,0.92988,0.9516,0.651815,615.2029,0.89984,0.0
2026-03-21T04:00:00Z,21715.3555,5618.236591,1.08043011,1.84,0.43,0.589148,10.8,4.79,,0.46,1.222222,0.737387,0.724793,0.934249,0.954027,0.670681,629.003,0.905665,0.0
2026-03-21T05:00:00Z,22212.8518,5896.668292,1.13397467,1.79,0.43,0.586651,11.0,4.83,,0.38,0.527778,0.757081,0.745846,0.936802,0.955445,0.692636,644.3168,0.909069,0.0
2026-03-21T06:00:00Z,22730.2383,6186.231797,1.18965996,1.35,0.43,0.582678,11.0,4.99,,0.32,0.277778,0.777563,0.767739,0.937653,0.955918,0.71627,660.2427,0.910204,0.0
2026-03-21T07:00:00Z,23258.0692,6481.640747,1.24646937,0.63,0.72,0.5775,11.0,4.92,,0.3,0.888889,0.798458,0.790075,0.938945,0.956636,0.740193,676.4902,0.911927,0.0
2026-03-21T08:00:00Z,23752.888,6758.573895,1.29972575,-0.2,0.72,0.57147,11.0,4.84,,0.28,1.361111,0.818045,0.811014,0.94032,0.9574,0.762547,691.7216,0.91376,0.0
2026-03-21T09:00:00Z,24169.3064,6991.629089,1.34454406,-0.91,0.72,0.565,11.0,4.87,,0.26,1.444444,0.83453,0.828635,0.940795,0.957664,0.781663,704.5396,0.914393,0.0
2026-03-21T10:00:00Z,24448.7361,7148.016337,1.37461853,-1.34,0.72,0.55853,11.2,5.22,,0.26,1.222222,0.845591,0.84046,0.937931,0.956073,0.795904,713.1409,0.910575,0.0
2026-03-21T11:00:00Z,24605.9988,7236.030873,1.3915444,-1.41,0.72,0.5525,11.2,5.6,,0.26,0.666667,0.851817,0.847115,0.934822,0.954345,0.804585,717.9817,0.906429,0.0
2026-03-21T12:00:00Z,24700.9518,7289.172834,1.40176401,-1.09,0.72,0.547322,11.2,5.35,,0.26,0.166667,0.855576,0.851133,0.936867,0.955482,0.808083,720.9045,0.909156,0.0
2026-03-21T13:00:00Z,24685.5882,7280.574375,1.40011046,-0.36,0.72,0.543349,11.2,4.87,,0.26,0.944444,0.854967,0.850482,0.940795,0.957664,0.805624,720.4316,0.914393,0.0
2026-03-21T14:00:00Z,24517.4443,7186.469952,1.38201345,0.55,0.72,0.540852,11.3,4.58,,0.26,1.611111,0.848311,0.843367,0.943167,0.958982,0.796766,715.2558,0.917556,0.0
2026-03-21T15:00:00Z,24234.2202,7027.959133,1.3515306,1.35,0.72,0.54,11.3,4.25,,0.26,1.777778,0.8371,0.831382,0.945867,0.960482,0.782421,706.5378,0.921156,0.0
2026-03-21T16:00:00Z,23807.8092,6789.311426,1.30563681,1.81,0.72,0.540852,11.3,4.36,,0.26,1.444444,0.82022,0.813338,0.944967,0.959982,0.763031,693.4121,0.919956,0.0
2026-03-21T17:00:00Z,23328.543,6521.082504,1.25405433,1.93,1.08,0.543349,11.3,4.32,,0.26,0.805556,0.801247,0.793057,0.945295,0.960164,0.740642,678.6595,0.920393,0.0
2026-03-21T18:00:00Z,22848.8902,6252.637234,1.20243024,1.67,1.08,0.547322,11.4,3.9,,0.26,0.25,0.78226,0.77276,0.948731,0.962073,0.716853,663.895,0.924975,0.0
2026-03-21T19:00:00Z,22356.0835,5976.830173,1.14939042,1.08,1.08,0.5525,11.4,3.65,,0.24,0.666667,0.762751,0.751907,0.951496,0.963609,0.692752,648.7257,0.928662,0.0
2026-03-21T20:00:00Z,21855.4461,5696.64049,1.09550779,0.31,1.08,0.55853,11.5,3.82,,0.24,1.25,0.742933,0.730722,0.949385,0.962436,0.670455,633.3152,0.925847,0.0
2026-03-21T21:00:00Z,21403.8141,5443.877501,1.04689952,-0.43,1.08,0.565,11.6,4.31,,0.22,1.5,0.725055,0.71161,0.946096,0.960609,0.650956,619.4133,0.921462,0.0
2026-03-21T22:00:00Z,21100.8657,5274.327635,1.01429378,-0.97,0.72,0.57147,11.6,4.17,,0.2,1.416667,0.713062,0.698791,0.948682,0.962045,0.635747,610.088,0.924909,0.0
2026-03-21T23:00:00Z,20940.0056,5184.299737,0.99698072,-1.21,0.72,0.5775,11.7,3.65,,0.2,1.055556,0.706694,0.691984,0.952936,0.964409,0.62639,605.1365,0.930582,0.0
2026-03-22T00:00:00Z,20939.207,5183.852763,0.99689476,-1.09,0.43,0.582678,11.7,2.82,,0.18,0.416667,0.706663,0.69195,0.959727,0.968182,0.623335,605.1119,0.939636,0.0
2026-03-22T01:00:00Z,20968.7793,5200.403381,1.00007757,-0.58,0.43,0.586651,11.7,3.4,,0.16,0.416667,0.707833,0.693201,0.956422,0.966345,0.626177,606.0222,0.935229,0.0
2026-03-22T02:00:00Z,21152.2177,5303.067576,1.01982069,0.19,0.43,0.589148,11.9,3.64,,0.16,1.111111,0.715095,0.700964,0.954458,0.965255,0.635563,611.6687,0.932611,0.0
2026-03-22T03:00:00Z,21555.3902,5528.709491,1.06321336,0.94,0.43,0.59,12.1,2.69,,0.14,1.416667,0.731055,0.718024,0.962951,0.969973,0.6505,624.079,0.943935,0.0
2026-03-22T04:00:00Z,22043.29,5801.770304,1.11572506,1.4,0.43,0.589148,12.3,1.91,,0.14,1.222222,0.750369,0.73867,0.969333,0.973518,0.670308,639.0974,0.952444,0.0
2026-03-22T05:00:00Z,22555.7667,6088.585994,1.17088192,1.51,0.43,0.586651,12.5,1.77,,0.12,0.638889,0.770656,0.760357,0.971198,0.974555,0.693263,654.8722,0.954931,0.0
2026-03-22T06:00:00Z,23125.4351,6407.409986,1.23219423,1.3,0.43,0.582678,12.6,1.36,,0.12,0.194444,0.793207,0.784463,0.974553,0.976418,0.718212,672.4075,0.959404,0.0
2026-03-22T07:00:00Z,23616.9994,6682.521696,1.28510033,0.79,0.72,0.5775,12.7,1.79,,0.12,0.666667,0.812666,0.805264,0.971035,0.974464,0.742589,687.5387,0.954713,0.0
2026-03-22T08:00:00Z,24052.5503,6926.284661,1.33197782,0.09,0.72,0.57147,12.7,2.38,,0.12,1.138889,0.829908,0.823695,0.965487,0.971382,0.765269,700.9457,0.947316,0.0
2026-03-22T09:00:00Z,24434.9819,7140.318583,1.37313819,-0.63,0.72,0.565,12.5,2.77,,0.12,1.444444,0.845047,0.839878,0.962296,0.969609,0.784437,712.7175,0.943062,0.0
2026-03-22T10:00:00Z,24750.1395,7316.701531,1.40705799,-1.16,0.72,0.55853,11.9,2.85,,0.12,1.361111,0.857523,0.853214,0.961642,0.969245,0.799354,722.4186,0.942189,0.0
2026-03-22T11:00:00Z,24952.7035,7430.06969,1.42885956,-1.39,0.72,0.5525,11.9,2.92,,0.1,1.0,0.865542,0.861786,0.961069,0.968927,0.80901,728.6538,0.941425,0.0
2026-03-22T12:00:00Z,25062.6196,7491.585964,1.44068961,-1.29,0.72,0.547322,11.8,2.55,,0.1,0.444444,0.869893,0.866437,0.964096,0.970609,0.812766,732.0372,0.945462,0.0
2026-03-22T13:00:00Z,25025.7514,7470.952082,1.43672155,-0.81,0.72,0.543349,11.8,2.25,,0.1,0.388889,0.868433,0.864877,0.966551,0.971973,0.809964,730.9024,0.948735,0.0
2026-03-22T14:00:00Z,24855.6173,7375.733839,1.41841035,-0.02,0.72,0.540852,11.7,1.93,,0.1,1.138889,0.861698,0.857677,0.969169,0.973427,0.800904,725.6654,0.952225,0.0
2026-03-22T15:00:00Z,24531.5674,7194.374173,1.38353349,0.85,0.72,0.54,11.7,1.91,,0.1,1.611111,0.84887,0.843965,0.970053,0.973918,0.785472,715.6906,0.953404,0.0
2026-03-22T16:00:00Z,24082.1622,6942.857431,1.33516489,1.51,0.72,0.540852,11.7,2.15,,0.1,1.611111,0.83108,0.824948,0.968809,0.973227,0.765167,701.8572,0.951745,0.0
2026-03-22T17:00:00Z,23574.4721,6658.720636,1.2805232,1.83,1.08,0.543349,11.7,2.29,,0.1,1.166667,0.810983,0.803464,0.967664,0.972591,0.742114,686.2296,0.950218,0.0
2026-03-22T18:00:00Z,23046.7208,6363.356281,1.22372236,1.83,1.08,0.547322,11.6,2.27,,0.1,0.555556,0.790091,0.781132,0.967827,0.972682,0.717548,669.9846,0.950436,0.0
2026-03-22T19:00:00Z,22511.7124,6063.93033,1.16614045,1.5,1.08,0.5525,11.6,2.33,,0.1,0.25,0.768912,0.758492,0.967336,0.972409,0.692935,653.5162,0.949782,0.0
2026-03-22T20:00:00Z,21972.7165,5762.272714,1.10812937,0.92,1.08,0.55853,11.6,2.87,,0.1,0.805556,0.747575,0.735684,0.962918,0.969955,0.669883,636.925,0.943891,0.0
2026-03-22T21:00:00Z,21504.7298,5500.356553,1.05776088,0.22,1.08,0.565,11.6,3.44,,0.1,1.194444,0.72905,0.715881,0.958255,0.967364,0.650236,622.5196,0.937673,0.0
2026-03-22T22:00:00Z,21135.5577,5293.743549,1.01802761,-0.41,0.72,0.57147,11.5,4.04,,0.1,1.361111,0.714436,0.700259,0.953345,0.964636,0.635284,611.1559,0.931127,0.0
2026-03-22T23:00:00Z,20916.2194,5170.987392,0.99442065,-0.8,0.72,0.5775,11.5,4.21,,0.12,1.166667,0.705753,0.690977,0.951235,0.963464,0.626043,604.4043,0.928313,0.0
2026-03-23T00:00:00Z,21206.7354,5333.579265,1.02568832,-0.91,0.43,0.582678,11.6,4.5,,0.12,0.666667,0.717253,0.703271,0.948862,0.962145,0.64058,613.3469,0.925149,0.0
2026-03-23T01:00:00Z,21250.4416,5358.040161,1.03039234,-0.7,0.43,0.586651,11.6,4.72,,0.16,0.138889,0.718983,0.70512,0.945622,0.960345,0.644049,614.6922,0.920829,0.0
2026-03-23T02:00:00Z,21452.4976,5471.124015,1.05213923,-0.17,0.43,0.589148,11.7,4.61,,0.22,0.694444,0.726982,0.71367,0.944362,0.959645,0.653987,620.9118,0.919149,0.0
2026-03-23T03:00:00Z,21785.0426,5657.238084,1.0879304,0.51,0.43,0.59,11.8,4.47,,0.26,1.194444,0.740146,0.727742,0.944067,0.959482,0.669551,631.1481,0.918756,0.0
2026-03-23T04:00:00Z,22213.0855,5896.799063,1.13399982,1.07,0.43,0.589148,11.8,4.45,,0.28,1.361111,0.757091,0.745856,0.943511,0.959173,0.689665,644.3239,0.918015,0.0
2026-03-23T05:00:00Z,22648.1644,6140.297841,1.18082651,1.34,0.43,0.586651,11.9,5.12,,0.3,1.027778,0.774314,0.764266,0.935869,0.954927,0.713254,657.7164,0.907825,0.0
2026-03-23T06:00:00Z,23159.8388,6426.664531,1.23589703,1.3,0.43,0.582678,11.9,5.31,,0.32,0.5,0.794569,0.785919,0.934315,0.954064,0.737692,673.4665,0.905753,0.0
2026-03-23T07:00:00Z,23659.3646,6706.232086,1.28966002,1.0,0.72,0.5775,11.9,5.41,,0.4,0.222222,0.814343,0.807057,0.931336,0.952409,0.762199,688.8428,0.901782,0.0
2026-03-23T08:00:00Z,24157.4574,6984.997594,1.34326877,0.48,0.72,0.57147,11.6,5.15,,0.48,0.666667,0.834061,0.828134,0.930584,0.951991,0.785651,704.1749,0.900778,0.0
2026-03-23T09:00:00Z,24586.4911,7225.113102,1.38944483,-0.16,0.72,0.565,11.6,4.88,,0.56,1.0,0.851045,0.846289,0.929913,0.951618,0.805861,717.3812,0.899884,0.0
2026-03-23T10:00:00Z,24887.8019,7393.746453,1.42187432,-0.74,0.72,0.55853,11.8,5.24,,0.52,1.166667,0.862972,0.859039,0.928407,0.950782,0.820514,726.6561,0.897876,0.0
2026-03-23T11:00:00Z,25094.177,7509.247544,1.44408607,-1.1,0.72,0.5525,11.7,5.42,,0.46,1.027778,0.871142,0.867772,0.929095,0.951164,0.829787,733.0086,0.898793,0.0
2026-03-23T12:00:00Z,25153.4362,7542.412872,1.45046401,-1.16,0.72,0.547322,11.6,5.64,,0.42,0.583333,0.873488,0.87028,0.925855,0.949364,0.833977,734.8327,0.894473,0.0
2026-03-23T13:00:00Z,25144.9993,7537.691062,1.44955597,-0.92,0.72,0.543349,11.5,5.16,,0.4,0.194444,0.873154,0.869923,0.930502,0.951945,0.83152,734.573,0.900669,0.0
2026-03-23T14:00:00Z,24925.5444,7414.869655,1.42593647,-0.39,0.72,0.540852,11.4,5.34,,0.38,0.777778,0.864466,0.860636,0.928309,0.950727,0.82231,727.8178,0.897745,0.0
2026-03-23T15:00:00Z,24703.733,7290.729361,1.40206334,0.36,0.72,0.54,11.3,4.43,,0.36,1.305556,0.855686,0.85125,0.940075,0.957264,0.806786,720.9901,0.913433,0.0
2026-03-23T16:00:00Z,24361.7774,7099.348527,1.36525933,1.1,0.72,0.540852,11.3,3.65,,0.34,1.611111,0.842149,0.83678,0.947896,0.961609,0.787439,710.4642,0.923862,0.0
2026-03-23T17:00:00Z,23881.3671,6830.479287,1.31355371,1.57,1.08,0.543349,11.3,3.53,,0.3,1.416667,0.823131,0.816451,0.950318,0.962955,0.764066,695.6764,0.927091,0.0
2026-03-23T18:00:00Z,23318.022,6515.194285,1.25292198,1.74,1.08,0.547322,11.3,3.8,,0.28,0.916667,0.800831,0.792612,0.948829,0.962127,0.738583,678.3357,0.925105,0.0
2026-03-23T19:00:00Z,22785.1421,6216.959608,1.19556916,1.64,1.08,0.5525,11.3,3.76,,0.26,0.333333,0.779736,0.770063,0.949876,0.962709,0.713385,661.9328,0.926502,0.0
2026-03-23T20:00:00Z,22298.0449,5944.347933,1.14314383,1.29,1.08,0.55853,11.3,3.61,,0.24,0.305556,0.760454,0.749451,0.951824,0.963791,0.689913,646.9391,0.929098,0.0
2026-03-23T21:00:00Z,21853.8564,5695.750825,1.0953367,0.75,1.08,0.565,11.3,3.78,,0.22,0.805556,0.74287,0.730654,0.951153,0.963418,0.669596,633.2663,0.928204,0.0
2026-03-23T22:00:00Z,21494.1476,5494.434081,1.05662194,0.16,0.72,0.57147,11.4,4.1,,0.22,1.111111,0.728631,0.715433,0.948535,0.961964,0.654065,622.1939,0.924713,0.0
2026-03-23T23:00:00Z,21330.7681,5402.996167,1.03903772,-0.33,0.72,0.5775,11.5,3.59,,0.2,1.111111,0.722163,0.708519,0.953427,0.964682,0.644308,617.1648,0.931236,0.0
2026-03-24T00:00:00Z,21251.1621,5358.443401,1.03046988,-0.59,0.43,0.582678,11.5,3.69,,0.2,0.916667,0.719012,0.705151,0.952609,0.964227,0.640977,614.7144,0.930145,0.0
2026-03-24T01:00:00Z,21334.7645,5405.232784,1.03946784,-0.62,0.43,0.586651,11.6,3.54,,0.2,0.5,0.722321,0.708688,0.953836,0.964909,0.644312,617.2878,0.931782,0.0
2026-03-24T02:00:00Z,21529.6726,5514.316197,1.06044542,-0.41,0.43,0.589148,11.6,3.79,,0.18,0.166667,0.730037,0.716936,0.952511,0.964173,0.653947,623.2874,0.930015,0.0
2026-03-24T03:00:00Z,21909.1608,5726.702782,1.101289,0.04,0.43,0.59,11.6,3.25,,0.18,0.611111,0.745059,0.732995,0.956209,0.966227,0.669915,634.9687,0.934945,0.0
2026-03-24T04:00:00Z,22385.8656,5993.498191,1.15259581,0.57,0.43,0.589148,11.6,2.8,,0.18,1.0,0.76393,0.753167,0.960611,0.968673,0.690084,649.6424,0.940815,0.0
2026-03-24T05:00:00Z,22863.7775,6260.969142,1.20403253,0.95,0.43,0.586651,11.7,3.22,,0.16,1.0,0.782849,0.77339,0.957895,0.967164,0.713471,664.3533,0.937193,0.0
2026-03-24T06:00:00Z,23361.075,6539.289539,1.25755568,1.06,0.43,0.582678,11.7,3.73,,0.16,0.666667,0.802535,0.794434,0.953002,0.964445,0.738726,679.6609,0.930669,0.0
2026-03-24T07:00:00Z,23927.6915,6856.405442,1.31853951,0.95,0.72,0.5775,11.7,3.51,,0.16,0.166667,0.824965,0.818411,0.949042,0.962245,0.766784,697.1023,0.925389,0.0
2026-03-24T08:00:00Z,24453.7873,7150.843334,1.37516218,0.66,0.72,0.57147,11.7,3.34,,0.16,0.361111,0.845791,0.840674,0.948273,0.961818,0.791542,713.2964,0.924364,0.0
2026-03-24T09:00:00Z,24826.4279,7359.397539,1.41526876,0.2,0.72,0.565,11.6,3.93,,0.16,0.694444,0.860543,0.856442,0.940565,0.957536,0.812262,724.7669,0.914087,0.0
2026-03-24T10:00:00Z,25026.4707,7471.354661,1.43679897,-0.32,0.72,0.55853,11.8,5.0,,0.2,0.972222,0.868462,0.864907,0.930371,0.951873,0.826078,730.9245,0.900495,0.0
2026-03-24T11:00:00Z,25189.2914,7562.479826,1.45432304,-0.75,0.72,0.5525,11.7,5.27,,0.24,1.055556,0.874907,0.871797,0.936082,0.955045,0.831096,735.9364,0.908109,0.0
2026-03-24T12:00:00Z,25153.1507,7542.25314,1.4504333,-0.97,0.72,0.547322,11.7,6.08,,0.28,0.861111,0.873476,0.870268,0.928735,0.950964,0.832684,734.8239,0.898313,0.0
2026-03-24T13:00:00Z,25070.3274,7495.899748,1.44151918,-0.95,0.72,0.543349,11.6,6.13,,0.3,0.527778,0.870198,0.866763,0.928325,0.950736,0.829022,732.2745,0.897767,0.0
2026-03-24T14:00:00Z,24867.9521,7382.637214,1.41973793,-0.69,0.72,0.540852,11.5,5.98,,0.34,0.416667,0.862187,0.858199,0.928833,0.951018,0.819404,726.045,0.898444,0.0
2026-03-24T15:00:00Z,24539.0491,7198.561406,1.38433873,-0.2,0.72,0.54,11.4,5.94,,0.36,0.777778,0.849167,0.844281,0.92844,0.9508,0.804314,715.9209,0.89792,0.0
2026-03-24T16:00:00Z,24109.2115,6957.996019,1.33807616,0.44,0.72,0.540852,11.3,5.92,,0.38,1.166667,0.832151,0.826092,0.927884,0.950491,0.784612,702.6898,0.897178,0.0
2026-03-24T17:00:00Z,23525.7075,6631.428753,1.27527476,1.01,1.08,0.543349,11.2,6.73,,0.4,1.361111,0.809052,0.801401,0.920536,0.946409,0.760796,684.7286,0.887382,0.0
2026-03-24T18:00:00Z,22856.7752,6257.050186,1.20327888,1.36,1.08,0.547322,11.0,8.13,,0.42,1.138889,0.782572,0.773094,0.908362,0.939645,0.735161,664.1378,0.871149,0.0
2026-03-24T19:00:00Z,22308.2566,5950.063084,1.1442429,1.48,1.08,0.5525,10.9,8.43,,0.42,0.694444,0.760858,0.749883,0.905907,0.938282,0.710794,647.2535,0.867876,0.0
2026-03-24T20:00:00Z,21877.8701,5709.190436,1.09792124,1.39,1.08,0.55853,10.9,7.82,,0.42,0.194444,0.743821,0.73167,0.910898,0.941055,0.688601,634.0055,0.874531,0.0
2026-03-24T21:00:00Z,21465.0373,5478.142026,1.05348885,1.11,1.08,0.565,10.9,7.76,,0.42,0.194444,0.727478,0.714201,0.911389,0.941327,0.669223,621.2978,0.875185,0.0
2026-03-24T22:00:00Z,21158.9062,5306.810898,1.02054056,0.68,0.72,0.57147,10.6,7.58,,0.42,0.555556,0.71536,0.701247,0.912862,0.942145,0.654361,611.8746,0.877149,0.0
2026-03-24T23:00:00Z,20959.5078,5195.214429,0.9990797,0.23,0.72,0.5775,10.6,7.61,,0.4,0.777778,0.707466,0.692809,0.913336,0.942409,0.644895,605.7368,0.877782,0.0
2026-03-25T00:00:00Z,20928.6715,5177.956411,0.99576085,-0.13,0.43,0.582678,10.5,7.13,,0.4,0.722222,0.706246,0.691504,0.917264,0.944591,0.641719,604.7876,0.883018,0.0
2026-03-25T01:00:00Z,21022.8498,5230.664812,1.00589708,-0.31,0.43,0.586651,10.6,6.88,,0.38,0.5,0.709974,0.695489,0.920029,0.946127,0.644861,607.6866,0.886705,0.0
2026-03-25T02:00:00Z,21247.5144,5356.401922,1.03007729,-0.32,0.43,0.589148,10.9,6.62,,0.38,0.222222,0.718867,0.704996,0.922156,0.947309,0.654342,614.6021,0.889542,0.0
2026-03-25T03:00:00Z,21649.7369,5581.512113,1.07336771,-0.17,0.43,0.59,11.3,5.76,,0.36,0.333333,0.73479,0.722017,0.929913,0.951618,0.669563,626.9832,0.899884,0.0
2026-03-25T04:00:00Z,22171.9264,5873.763729,1.12956995,0.16,0.43,0.589148,11.7,4.73,,0.34,0.694444,0.755461,0.744114,0.93906,0.9567,0.689733,643.057,0.91208,0.0
2026-03-25T05:00:00Z,22765.3103,6205.86043,1.1934347,0.52,0.43,0.586651,11.9,3.85,,0.3,1.0,0.778951,0.769224,0.9477,0.9615,0.713432,661.3223,0.9236,0.0
2026-03-25T06:00:00Z,23360.5912,6539.018806,1.25750362,0.75,0.43,0.582678,12.0,3.36,,0.28,0.944444,0.802516,0.794414,0.952429,0.964127,0.738958,679.646,0.929905,0.0
2026-03-25T07:00:00Z,23932.5011,6859.097229,1.31905716,0.8,0.72,0.5775,12.0,3.15,,0.26,0.666667,0.825156,0.818615,0.954867,0.965482,0.764418,697.2503,0.933156,0.0
2026-03-25T08:00:00Z,24377.8594,7108.349052,1.3669902,0.71,0.72,0.57147,11.9,3.81,,0.24,0.333333,0.842786,0.837461,0.950187,0.962882,0.787167,710.9592,0.926916,0.0
2026-03-25T09:00:00Z,24778.7132,7332.693247,1.41013332,0.5,0.72,0.565,11.6,4.18,,0.22,0.111111,0.858654,0.854423,0.94788,0.9616,0.806797,723.2981,0.92384,0.0
2026-03-25T10:00:00Z,25103.3536,7514.383405,1.44507373,0.16,0.72,0.55853,11.3,4.25,,0.22,0.25,0.871505,0.868161,0.947307,0.961282,0.822119,733.2911,0.923076,0.0
2026-03-25T11:00:00Z,25315.6374,7633.191364,1.46792142,-0.21,0.72,0.5525,11.3,4.22,,0.22,0.444444,0.879909,0.877144,0.947553,0.961418,0.831862,739.8255,0.923404,0.0
2026-03-25T12:00:00Z,25412.015,7687.130593,1.47829434,-0.51,0.72,0.547322,11.4,4.0,,0.22,0.416667,0.883724,0.881222,0.949353,0.962418,0.835535,742.7922,0.925804,0.0
2026-03-25T13:00:00Z,25414.4428,7688.489376,1.47855565,-0.63,0.72,0.543349,11.4,3.35,,0.22,0.25,0.88382,0.881325,0.954671,0.965373,0.833284,742.8669,0.932895,0.0
2026-03-25T14:00:00Z,25302.6901,7625.945203,1.46652792,-0.6,0.72,0.540852,11.3,2.53,,0.2,0.166667,0.879396,0.876596,0.9621,0.9695,0.824795,739.427,0.9428,0.0
2026-03-25T15:00:00Z,24896.773,7398.767294,1.42283986,-0.41,0.72,0.54,11.3,3.16,,0.2,0.472222,0.863327,0.859419,0.956945,0.966636,0.808247,726.9322,0.935927,0.0
2026-03-25T16:00:00Z,24501.7696,7177.697359,1.38032642,-0.03,0.72,0.540852,11.3,2.76,,0.2,0.861111,0.847691,0.842704,0.960218,0.968455,0.78846,714.7734,0.940291,0.0
2026-03-25T17:00:00Z,24011.4803,6903.299198,1.32755754,0.47,1.08,0.543349,11.2,2.62,,0.18,1.138889,0.828282,0.821957,0.962084,0.969491,0.764876,699.6815,0.942778,0.0
2026-03-25T18:00:00Z,23428.5568,6577.056819,1.26481862,0.93,1.08,0.547322,11.2,2.97,,0.18,1.25,0.805206,0.79729,0.95922,0.9679,0.739094,681.7381,0.93896,0.0
2026-03-25T19:00:00Z,22890.2968,6275.811066,1.20688674,1.2,1.08,0.5525,11.1,2.87,,0.18,1.055556,0.783899,0.774513,0.960038,0.968355,0.713749,665.1696,0.940051,0.0
2026-03-25T20:00:00Z,22324.4571,5959.129966,1.14598653,1.33,1.08,0.55853,11.1,3.56,,0.16,0.722222,0.761499,0.750568,0.955113,0.965618,0.689677,647.7521,0.933484,0.0
2026-03-25T21:00:00Z,21862.0888,5700.358178,1.09622273,1.32,1.08,0.565,11.2,3.87,,0.16,0.361111,0.743196,0.731003,0.952576,0.964209,0.669345,633.5197,0.930102,0.0
2026-03-25T22:00:00Z,21581.3267,5543.22525,1.06600486,1.13,0.72,0.57147,11.3,3.22,,0.16,0.222222,0.732082,0.719122,0.957895,0.967164,0.653951,624.8774,0.937193,0.0
2026-03-25T23:00:00Z,21316.1815,5394.832514,1.03746779,0.81,0.72,0.5775,11.4,3.96,,0.14,0.416667,0.721586,0.707902,0.95256,0.9642,0.644016,616.7158,0.93008,0.0
2026-03-26T00:00:00Z,21204.157,5332.136257,1.02541082,0.44,0.43,0.582678,11.6,4.47,,0.14,0.611111,0.717151,0.703162,0.948387,0.961882,0.640672,613.2675,0.924516,0.0
2026-03-26T01:00:00Z,21239.4517,5351.889464,1.02920951,0.13,0.43,0.586651,11.7,4.92,,0.14,0.638889,0.718548,0.704655,0.944705,0.959836,0.643946,614.3539,0.919607,0.0
2026-03-26T02:00:00Z,21442.6976,5465.639293,1.05108448,-0.07,0.43,0.589148,11.9,4.98,,0.14,0.5,0.726594,0.713256,0.944215,0.959564,0.653597,620.6102,0.918953,0.0
2026-03-26T03:00:00Z,21803.196,5667.397887,1.08988421,-0.18,0.43,0.59,12.1,4.63,,0.14,0.361111,0.740865,0.728511,0.947078,0.961155,0.669056,631.7069,0.922771,0.0
2026-03-26T04:00:00Z,22263.9291,5925.254475,1.13947201,-0.16,0.43,0.589148,12.2,4.31,,0.14,0.055556,0.759103,0.748007,0.949696,0.962609,0.689275,645.889,0.926262,0.0
2026-03-26T05:00:00Z,22846.4823,6251.289625,1.20217108,0.01,0.43,0.586651,12.4,3.47,,0.14,0.222222,0.782164,0.772658,0.956569,0.966427,0.713258,663.8209,0.935425,0.0
2026-03-26T06:00:00Z,23391.3088,6556.210364,1.26080969,0.24,0.43,0.582678,12.5,3.48,,0.14,0.5,0.803732,0.795713,0.956487,0.966382,0.73858,680.5916,0.935316,0.0
2026-03-26T07:00:00Z,23928.704,6856.972134,1.31864849,0.38,0.72,0.5775,12.4,3.5,,0.16,0.527778,0.825005,0.818454,0.955604,0.965891,0.763914,697.1335,0.934138,0.0
2026-03-26T08:00:00Z,24396.3141,7118.677523,1.36897645,0.41,0.72,0.57147,12.4,3.76,,0.2,0.388889,0.843516,0.838241,0.952036,0.963909,0.787202,711.5273,0.929382,0.0
2026-03-26T09:00:00Z,24833.2443,7363.212438,1.41600239,0.39,0.72,0.565,12.3,3.68,,0.22,0.305556,0.860813,0.856731,0.951971,0.963873,0.80751,724.9767,0.929295,0.0
2026-03-26T10:00:00Z,25237.5493,7589.488122,1.45951695,0.27,0.72,0.55853,12.5,3.05,,0.22,0.277778,0.876817,0.873839,0.957125,0.966736,0.823983,737.4218,0.936167,0.0
2026-03-26T11:00:00Z,25376.681,7667.355366,1.47449142,0.05,0.72,0.5525,12.5,3.62,,0.24,0.416667,0.882325,0.879727,0.951742,0.963745,0.832833,741.7045,0.928989,0.0
2026-03-26T12:00:00Z,25455.1114,7711.250213,1.48293273,-0.23,0.72,0.547322,12.5,3.56,,0.24,0.5,0.88543,0.883046,0.952233,0.964018,0.836255,744.1188,0.929644,0.0
2026-03-26T13:00:00Z,25331.2532,7641.930992,1.46960211,-0.46,0.72,0.543349,12.4,4.02,,0.24,0.5,0.880527,0.877805,0.948469,0.961927,0.832179,740.3062,0.924625,0.0
2026-03-26T14:00:00Z,25083.2243,7503.117698,1.44290725,-0.59,0.72,0.540852,12.3,4.43,,0.22,0.361111,0.870708,0.867309,0.943675,0.959264,0.822799,732.6715,0.918233,0.0
2026-03-26T15:00:00Z,24724.1821,7302.174057,1.40426424,-0.62,0.72,0.54,12.3,4.68,,0.22,0.138889,0.856495,0.852116,0.941629,0.958127,0.807044,721.6196,0.915505,0.0
2026-03-26T16:00:00Z,24257.9038,7041.213988,1.35407961,-0.54,0.72,0.540852,12.3,5.01,,0.22,0.111111,0.838037,0.832384,0.941089,0.957827,0.785644,707.2668,0.914785,0.0
2026-03-26T17:00:00Z,23752.7727,6758.509415,1.29971335,-0.28,1.08,0.543349,12.3,5.05,,0.22,0.388889,0.818041,0.811009,0.940762,0.957645,0.762345,691.718,0.914349,0.0
2026-03-26T18:00:00Z,23231.6743,6466.86841,1.24362854,0.11,1.08,0.547322,12.3,4.88,,0.22,0.75,0.797413,0.788958,0.942153,0.958418,0.737542,675.6778,0.916204,0.0
2026-03-26T19:00:00Z,22745.0173,6194.503131,1.1912506,0.49,1.08,0.5525,12.2,4.32,,0.22,0.916667,0.778148,0.768365,0.946735,0.960964,0.71292,660.6977,0.922313,0.0
2026-03-26T20:00:00Z,22308.8299,5950.38393,1.1443046,0.78,1.08,0.55853,12.1,3.55,,0.22,0.833333,0.760881,0.749907,0.952315,0.964064,0.690196,647.2711,0.929753,0.0
2026-03-26T21:00:00Z,21891.0075,5716.54298,1.09933519,1.01,1.08,0.565,12.1,3.34,,0.22,0.638889,0.744341,0.732226,0.952593,0.964218,0.67068,634.4099,0.930124,0.0
2026-03-26T22:00:00Z,21521.0976,5509.517066,1.05952251,1.14,0.72,0.57147,12.1,3.77,,0.22,0.416667,0.729698,0.716573,0.947635,0.961464,0.655716,623.0234,0.923513,0.0
2026-03-26T23:00:00Z,21273.2208,5370.788879,1.03284402,1.1,0.72,0.5775,12.1,4.31,,0.2,0.222222,0.719885,0.706084,0.943216,0.959009,0.646175,615.3934,0.917622,0.0
2026-03-27T00:00:00Z,21222.6021,5342.459314,1.02739602,0.89,0.43,0.582678,12.1,4.05,,0.2,0.222222,0.717881,0.703942,0.946784,0.960991,0.64224,613.8353,0.922378,0.0
2026-03-27T01:00:00Z,21301.1952,5386.4452,1.03585485,0.6,0.43,0.586651,12.1,3.96,,0.2,0.444444,0.720992,0.707268,0.9504,0.963,0.644281,616.2545,0.9272,0.0
2026-03-27T02:00:00Z,21499.2518,5497.290707,1.05717129,0.3,0.43,0.589148,12.1,4.1,,0.2,0.555556,0.728833,0.715649,0.949255,0.962364,0.653982,622.351,0.925673,0.0
2026-03-27T03:00:00Z,21798.341,5664.680731,1.08936168,0.04,0.43,0.59,12.0,4.5,,0.2,0.5,0.740673,0.728305,0.945982,0.960545,0.669318,631.5574,0.921309,0.0
2026-03-27T04:00:00Z,22222.77,5902.219141,1.13504214,-0.19,0.43,0.589148,12.0,4.59,,0.2,0.444444,0.757474,0.746265,0.945245,0.960136,0.689343,644.6221,0.920327,0.0
2026-03-27T05:00:00Z,22779.6077,6213.862163,1.19497349,-0.28,0.43,0.586651,12.0,4.07,,0.18,0.305556,0.779517,0.769829,0.95022,0.9629,0.712976,661.7624,0.92696,0.0
2026-03-27T06:00:00Z,23442.1015,6584.637349,1.26627641,-0.21,0.43,0.582678,12.0,2.83,,0.18,0.111111,0.805743,0.797863,0.960365,0.968536,0.739214,682.1551,0.940487,0.0
2026-03-27T07:00:00Z,24052.2356,6926.108548,1.33194395,-0.04,0.72,0.5775,12.1,2.28,,0.16,0.25,0.829895,0.823681,0.965585,0.971436,0.765211,700.936,0.947447,0.0
2026-03-27T08:00:00Z,24621.4616,7244.684873,1.39320863,0.11,0.72,0.57147,12.1,1.75,,0.16,0.333333,0.852429,0.847769,0.969922,0.973845,0.789702,718.4577,0.953229,0.0
2026-03-27T09:00:00Z,25076.453,7499.328026,1.44217847,0.24,0.72,0.565,12.1,1.7,,0.14,0.277778,0.87044,0.867022,0.971051,0.974473,0.810317,732.463,0.954735,0.0
2026-03-27T10:00:00Z,25441.0793,7703.396943,1.48142249,0.37,0.72,0.55853,12.4,1.48,,0.14,0.222222,0.884874,0.882452,0.972851,0.975473,0.82644,743.6868,0.957135,0.0
2026-03-27T11:00:00Z,25624.5463,7806.077102,1.50116867,0.39,0.72,0.5525,12.3,1.75,,0.14,0.166667,0.892137,0.890216,0.970642,0.974245,0.835937,749.3342,0.954189,0.0
2026-03-27T12:00:00Z,25625.4994,7806.610566,1.50127126,0.26,0.72,0.547322,12.2,2.38,,0.14,0.194444,0.892175,0.890256,0.965487,0.971382,0.838272,749.3636,0.947316,0.0
2026-03-27T13:00:00Z,25482.5845,7726.625936,1.4858896,0.03,0.72,0.543349,12.1,3.0,,0.14,0.416667,0.886517,0.884208,0.960415,0.968564,0.833894,744.9644,0.940553,0.0
2026-03-27T14:00:00Z,25252.3667,7597.780935,1.46111172,-0.23,0.72,0.540852,12.1,3.23,,0.12,0.472222,0.877404,0.874466,0.959253,0.967918,0.823725,737.878,0.939004,0.0
2026-03-27T15:00:00Z,24963.301,7436.000706,1.43000014,-0.44,0.72,0.54,12.1,2.8,,0.12,0.472222,0.865961,0.862234,0.962771,0.969873,0.808746,728.98,0.943695,0.0
2026-03-27T16:00:00Z,24588.2431,7226.093625,1.38963339,-0.61,0.72,0.540852,12.1,2.19,,0.12,0.416667,0.851114,0.846363,0.967762,0.972645,0.789121,717.4351,0.950349,0.0
2026-03-27T17:00:00Z,24115.7734,6961.668465,1.3387824,-0.66,1.08,0.543349,12.0,1.84,,0.1,0.277778,0.832411,0.82637,0.971345,0.974636,0.7656,702.8918,0.955127,0.0
2026-03-27T18:00:00Z,23565.9392,6653.945046,1.27960482,-0.5,1.08,0.547322,12.0,1.8,,0.1,0.111111,0.810645,0.803103,0.971673,0.974818,0.739936,685.967,0.955564,0.0
2026-03-27T19:00:00Z,23067.3993,6374.929311,1.22594794,-0.16,1.08,0.5525,11.9,1.2,,0.1,0.444444,0.79091,0.782007,0.976582,0.977545,0.714616,670.6211,0.962109,0.0
2026-03-27T20:00:00Z,22592.9817,6109.413961,1.1748873,0.24,1.08,0.55853,11.9,0.76,,0.08,0.694444,0.772129,0.761931,0.980902,0.979945,0.690678,656.0178,0.967869,0.0
2026-03-27T21:00:00Z,22136.4997,5853.936592,1.12575704,0.63,1.08,0.565,11.9,0.87,,0.08,0.75,0.754059,0.742615,0.980002,0.979445,0.669892,641.9665,0.966669,0.0
2026-03-27T22:00:00Z,21786.3099,5657.947343,1.0880668,0.99,0.72,0.57147,11.9,0.96,,0.08,0.666667,0.740196,0.727796,0.979265,0.979036,0.653967,631.1871,0.965687,0.0
2026-03-27T23:00:00Z,21513.401,5505.209573,1.05869415,1.26,0.72,0.5775,12.0,1.68,,0.08,0.472222,0.729393,0.716248,0.973375,0.975764,0.643919,622.7865,0.957833,0.0
2026-03-28T00:00:00Z,21072.6776,5258.551733,1.01125995,1.32,0.43,0.582678,12.1,1.38,,0.08,0.222222,0.711946,0.697598,0.975829,0.977127,0.622373,609.2203,0.961105,0.0
2026-03-28T01:00:00Z,21102.2891,5275.124288,1.01444698,1.14,0.43,0.586651,12.1,1.91,,0.08,0.166667,0.713119,0.698851,0.971493,0.974718,0.625675,610.1318,0.955324,0.0
2026-03-28T02:00:00Z,21313.1336,5393.126704,1.03713975,0.81,0.43,0.589148,12.3,1.9,,0.06,0.5,0.721465,0.707773,0.972295,0.975164,0.635104,616.622,0.956393,0.0
2026-03-28T03:00:00Z,21680.2177,5598.57113,1.07664829,0.42,0.43,0.59,12.5,1.4,,0.06,0.694444,0.735996,0.723307,0.976385,0.977436,0.650323,627.9214,0.961847,0.0
2026-03-28T04:00:00Z,22098.2274,5832.516931,1.12163787,0.03,0.43,0.589148,12.7,1.51,,0.06,0.861111,0.752544,0.740995,0.975485,0.976936,0.670123,640.7884,0.960647,0.0
2026-03-28T05:00:00Z,22536.064,6077.559089,1.16876136,-0.32,0.43,0.586651,12.9,2.18,,0.06,0.805556,0.769876,0.759523,0.970004,0.973891,0.69288,654.2657,0.953338,0.0
2026-03-28T06:00:00Z,23011.8915,6343.863491,1.21997375,-0.51,0.43,0.582678,13.1,2.77,,0.06,0.611111,0.788712,0.779658,0.965176,0.971209,0.717109,668.9125,0.946902,0.0
2026-03-28T07:00:00Z,23537.0481,6637.775703,1.27649533,-0.46,0.72,0.5775,13.2,2.8,,0.06,0.277778,0.809501,0.801881,0.964931,0.971073,0.741592,685.0777,0.946575,0.0
2026-03-28T08:00:00Z,24002.4378,6898.238435,1.32658431,-0.27,0.72,0.57147,13.1,3.0,,0.08,0.138889,0.827924,0.821574,0.962575,0.969764,0.764238,699.4031,0.943433,0.0
2026-03-28T09:00:00Z,24392.5785,7116.586861,1.3685744,-0.01,0.72,0.565,13.0,3.3,,0.08,0.416667,0.843368,0.838083,0.96012,0.9684,0.783436,711.4123,0.94016,0.0
2026-03-28T10:00:00Z,24633.9261,7251.660846,1.39455016,0.28,0.72,0.55853,12.6,3.87,,0.14,0.527778,0.852922,0.848296,0.953296,0.964609,0.79767,718.8413,0.931062,0.0
2026-03-28T11:00:00Z,24728.9263,7304.829227,1.40477485,0.57,0.72,0.5525,12.5,4.66,,0.2,0.527778,0.856683,0.852316,0.944673,0.959818,0.805912,721.7656,0.919564,0.0
2026-03-28T12:00:00Z,24720.6791,7300.21355,1.40388722,0.69,0.72,0.547322,12.5,5.17,,0.26,0.388889,0.856357,0.851967,0.93834,0.9563,0.808344,721.5117,0.91112,0.0
2026-03-28T13:00:00Z,24607.089,7236.641058,1.39166174,0.59,0.72,0.543349,12.5,5.59,,0.26,0.111111,0.85186,0.847161,0.934904,0.954391,0.804599,718.0153,0.906538,0.0
2026-03-28T14:00:00Z,24442.2947,7144.41131,1.37392525,0.31,0.72,0.540852,12.5,5.28,,0.26,0.25,0.845336,0.840187,0.93744,0.9558,0.795823,712.9426,0.90992,0.0
2026-03-28T15:00:00Z,24097.0636,6951.197265,1.3367687,-0.03,0.72,0.54,12.5,5.56,,0.26,0.5,0.83167,0.825578,0.935149,0.954527,0.780819,702.3158,0.906865,0.0
2026-03-28T16:00:00Z,23651.1445,6701.631558,1.2887753,-0.38,0.72,0.540852,12.5,5.97,,0.24,0.638889,0.814018,0.806709,0.932515,0.953064,0.761294,688.5897,0.903353,0.0
2026-03-28T17:00:00Z,23243.4884,6473.480384,1.24490007,-0.68,1.08,0.543349,12.5,5.32,,0.22,0.666667,0.79788,0.789458,0.938553,0.956418,0.739691,676.0414,0.911404,0.0
2026-03-28T18:00:00Z,22777.1418,6212.482087,1.19470809,-0.83,1.08,0.547322,12.6,4.86,,0.2,0.5,0.779419,0.769724,0.943036,0.958909,0.716054,661.6865,0.917382,0.0
2026-03-28T19:00:00Z,22246.7227,5915.624656,1.13762013,-0.72,1.08,0.5525,12.6,5.01,,0.2,0.166667,0.758422,0.747279,0.941809,0.958227,0.691982,645.3594,0.915745,0.0
2026-03-28T20:00:00Z,21742.613,5633.491648,1.08336378,-0.37,1.08,0.55853,12.6,5.28,,0.2,0.361111,0.738466,0.725947,0.9396,0.957,0.669568,629.842,0.9128,0.0
2026-03-28T21:00:00Z,21291.3478,5380.933979,1.034795,0.09,1.08,0.565,12.7,5.76,,0.2,0.694444,0.720603,0.706851,0.935673,0.954818,0.650369,615.9514,0.907564,0.0
2026-03-28T22:00:00Z,21021.4858,5229.90139,1.00575027,0.61,0.72,0.57147,12.4,5.12,,0.22,0.861111,0.70992,0.695432,0.939469,0.956927,0.636157,607.6446,0.912625,0.0
2026-03-28T23:00:00Z,20824.7191,5119.777804,0.98457265,1.12,0.72,0.5775,12.4,5.09,,0.22,0.916667,0.702131,0.687105,0.936835,0.955464,0.628196,601.5878,0.909113,0.0
2026-03-29T00:00:00Z,20725.3873,5064.185227,0.97388177,1.48,0.43,0.582678,12.5,5.44,,0.24,0.777778,0.698198,0.682902,0.935411,0.954673,0.624219,598.5302,0.907215,0.0
2026-03-29T01:00:00Z,20805.3448,5108.934684,0.98248744,1.55,0.43,0.586651,12.6,5.28,,0.24,0.444444,0.701364,0.686285,0.93744,0.9558,0.627028,600.9914,0.90992,0.0
2026-03-29T02:00:00Z,21000.3178,5218.054392,1.003472,1.32,0.43,0.589148,12.8,5.39,,0.22,0.166667,0.709082,0.694536,0.93798,0.9561,0.635837,606.993,0.91064,0.0
2026-03-29T03:00:00Z,21314.6517,5393.97633,1.03730314,0.9,0.43,0.59,12.9,5.41,,0.22,0.5,0.721525,0.707837,0.937816,0.956009,0.650498,616.6687,0.910422,0.0
2026-03-29T04:00:00Z,21723.8074,5622.966841,1.08133978,0.4,0.43,0.589148,13.1,5.44,,0.22,0.805556,0.737722,0.725151,0.937571,0.955873,0.669597,629.2632,0.910095,0.0
2026-03-29T05:00:00Z,22224.5849,5903.234876,1.13523748,-0.12,0.43,0.586651,13.1,5.26,,0.2,1.0,0.757546,0.746342,0.939764,0.957091,0.691864,644.6779,0.913018,0.0
2026-03-29T06:00:00Z,22752.9934,6198.967086,1.19210906,-0.57,0.43,0.582678,13.3,5.12,,0.2,1.055556,0.778464,0.768702,0.940909,0.957727,0.715879,660.9432,0.914545,0.0
2026-03-29T07:00:00Z,23255.1531,6480.008675,1.24615551,-0.78,0.72,0.5775,13.5,5.2,,0.22,0.75,0.798342,0.789952,0.939535,0.956964,0.739796,676.4005,0.912713,0.0
2026-03-29T08:00:00Z,23701.7631,6729.961079,1.29422328,-0.7,0.72,0.57147,13.6,5.47,,0.24,0.305556,0.816022,0.808851,0.936605,0.955336,0.761825,690.1479,0.908807,0.0
2026-03-29T09:00:00Z,24079.2647,6941.235802,1.33485304,-0.42,0.72,0.565,13.6,5.73,,0.26,0.277778,0.830965,0.824825,0.933758,0.953755,0.780611,701.768,0.905011,0.0
2026-03-29T10:00:00Z,24420.555,7132.244346,1.37158545,-0.02,0.72,0.55853,13.4,5.42,,0.28,0.555556,0.844476,0.839267,0.935575,0.954764,0.795644,712.2734,0.907433,0.0
2026-03-29T11:00:00Z,24529.9527,7193.470472,1.38335971,0.44,0.72,0.5525,13.3,6.11,,0.32,0.722222,0.848806,0.843897,0.928489,0.950827,0.80387,715.6409,0.897985,0.0
2026-03-29T12:00:00Z,24544.2291,7201.460478,1.38489625,0.83,0.72,0.547322,13.4,6.53,,0.34,0.722222,0.849372,0.844501,0.924333,0.948518,0.80638,716.0803,0.892444,0.0
2026-03-29T13:00:00Z,24491.5208,7171.961453,1.37922336,0.99,0.72,0.543349,13.5,6.4,,0.34,0.472222,0.847285,0.84227,0.925396,0.949109,0.803461,714.4579,0.893862,0.0
2026-03-29T14:00:00Z,24340.306,7087.331725,1.36294841,0.85,0.72,0.540852,13.6,5.98,,0.34,0.194444,0.841299,0.835871,0.928833,0.951018,0.794915,709.8032,0.898444,0.0
2026-03-29T15:00:00Z,24023.7739,6910.179474,1.32888067,0.49,0.72,0.54,13.6,6.01,,0.34,0.416667,0.828769,0.822477,0.928587,0.950882,0.780334,700.0599,0.898116,0.0
2026-03-29T16:00:00Z,23602.5506,6674.435217,1.28354523,0.02,0.72,0.540852,13.5,6.2,,0.32,0.694444,0.812094,0.804652,0.927753,0.950418,0.761155,687.0939,0.897004,0.0
2026-03-29T17:00:00Z,23125.6271,6407.517445,1.23221489,-0.44,1.08,0.543349,13.5,6.22,,0.32,0.861111,0.793215,0.784471,0.927589,0.950327,0.739093,672.4135,0.896785,0.0
2026-03-29T18:00:00Z,22693.3192,6165.56944,1.18568643,-0.83,1.08,0.547322,13.5,5.45,,0.3,0.861111,0.776101,0.766177,0.927409,0.950227,0.719109,659.1063,0.896545,0.0
2026-03-29T19:00:00Z,22185.1796,5881.181066,1.13099636,-1.0,1.08,0.5525,13.5,5.33,,0.32,0.638889,0.755986,0.744675,0.930551,0.951973,0.69413,643.465,0.900735,0.0
2026-03-29T20:00:00Z,21718.3137,5619.892178,1.0807485,-0.84,1.08,0.55853,13.5,5.13,,0.34,0.166667,0.737505,0.724919,0.917787,0.944882,0.678134,629.0941,0.883716,0.0
2026-03-29T21:00:00Z,21200.5643,5330.125514,1.02502414,-0.39,1.08,0.565,13.6,6.38,,0.36,0.5,0.717009,0.703009,0.91548,0.9436,0.65513,613.1569,0.88064,0.0
2026-03-29T22:00:00Z,20866.0579,5142.913706,0.98902187,0.2,0.72,0.57147,13.4,6.54,,0.4,0.972222,0.703767,0.688854,0.912011,0.941673,0.641147,602.8603,0.876015,0.0
2026-03-29T23:00:00Z,20679.3161,5038.400724,0.96892322,0.87,0.72,0.5775,13.3,6.36,,0.42,1.222222,0.696375,0.680952,0.907004,0.938891,0.634706,597.112,0.869338,0.0
2026-03-30T00:00:00Z,20974.0899,5203.37555,1.00064914,1.48,0.43,0.582678,13.3,6.37,,0.46,1.25,0.708044,0.693426,0.913402,0.942445,0.645543,606.1857,0.877869,0.0
2026-03-30T01:00:00Z,20934.3308,5181.123741,0.99636995,1.86,0.43,0.586651,13.4,7.8,,0.44,1.0,0.70647,0.691744,0.907462,0.939145,0.646338,604.9618,0.869949,0.0
2026-03-30T02:00:00Z,21061.7229,5252.420743,1.01008091,1.87,0.43,0.589148,13.6,8.77,,0.42,0.527778,0.711513,0.697134,0.902405,0.936336,0.654498,608.8831,0.863207,0.0
2026-03-30T03:00:00Z,21360.55,5419.664092,1.04224309,1.52,0.43,0.59,13.9,9.06,,0.4,0.222222,0.723342,0.709779,0.900753,0.935418,0.669101,618.0815,0.861004,0.0
2026-03-30T04:00:00Z,21776.1829,5652.279611,1.08697685,0.96,0.43,0.589148,14.3,9.1,,0.38,0.694444,0.739795,0.727367,0.901865,0.936036,0.687897,630.8754,0.862487,0.0
2026-03-30T05:00:00Z,22314.4829,5953.54771,1.14491302,0.32,0.43,0.586651,14.6,8.55,,0.36,1.111111,0.761105,0.750146,0.907085,0.938936,0.71056,647.4451,0.869447,0.0
2026-03-30T06:00:00Z,22881.9297,6271.128312,1.20598621,-0.29,0.43,0.582678,14.8,8.12,,0.34,1.305556,0.783568,0.774158,0.911324,0.941291,0.735012,664.9121,0.875098,0.0
2026-03-30T07:00:00Z,23461.6635,6595.58549,1.26838182,-0.75,0.72,0.5775,15.0,7.55,,0.34,1.25,0.806517,0.798691,0.915267,0.943482,0.760166,682.7572,0.880356,0.0
2026-03-30T08:00:00Z,23994.0014,6893.516849,1.32567632,-0.91,0.72,0.57147,14.9,7.2,,0.32,0.888889,0.82759,0.821217,0.919571,0.945873,0.782959,699.1434,0.886095,0.0
2026-03-30T09:00:00Z,24485.0633,7168.347408,1.37852835,-0.74,0.72,0.565,14.7,6.56,,0.32,0.361111,0.847029,0.841997,0.923367,0.947982,0.804063,714.2591,0.891156,0.0
2026-03-30T10:00:00Z,24902.6193,7402.039266,1.42346909,-0.32,0.72,0.55853,16.0,5.67,,0.34,0.222222,0.863559,0.859666,0.924889,0.948827,0.822766,727.1122,0.893185,0.0
2026-03-30T11:00:00Z,25014.1105,7464.437087,1.43546867,0.22,0.72,0.5525,16.1,6.5,,0.34,0.583333,0.867972,0.864384,0.923858,0.948255,0.828398,730.544,0.891811,0.0
2026-03-30T12:00:00Z,24794.6795,7341.629015,1.41185173,0.79,0.72,0.547322,16.0,8.97,,0.36,0.666667,0.859286,0.855099,0.903649,0.937027,0.827196,723.7896,0.864865,0.0
2026-03-30T13:00:00Z,24434.3386,7139.958523,1.37306895,1.21,0.72,0.543349,15.2,11.48,,0.38,0.583333,0.845021,0.839851,0.882393,0.925218,0.81992,712.6977,0.836524,0.0
2026-03-30T14:00:00Z,24379.8155,7109.443806,1.36720073,1.29,0.72,0.540852,14.1,10.22,,0.38,0.305556,0.842863,0.837543,0.892702,0.930945,0.812807,711.0194,0.850269,0.0
2026-03-30T15:00:00Z,24085.8957,6944.946935,1.33556672,1.02,0.72,0.54,13.5,9.97,,0.4,0.111111,0.831228,0.825106,0.894027,0.931682,0.798577,701.9721,0.852036,0.0
2026-03-30T16:00:00Z,23730.099,6745.819709,1.29727302,0.51,0.72,0.540852,13.2,9.39,,0.42,0.5,0.817143,0.81005,0.898053,0.933918,0.780275,691.0201,0.857404,0.0
2026-03-30T17:00:00Z,23337.6256,6526.165731,1.25503187,-0.06,1.08,0.543349,13.1,8.4,,0.46,0.805556,0.801607,0.793442,0.904713,0.937618,0.7591,678.9391,0.866284,0.0
2026-03-30T18:00:00Z,22895.7163,6278.844208,1.20747004,-0.58,1.08,0.547322,13.0,7.54,,0.48,0.916667,0.784113,0.774742,0.911029,0.941127,0.735783,665.3364,0.874705,0.0
2026-03-30T19:00:00Z,22441.3141,6024.530828,1.15856362,-0.98,1.08,0.5525,13.0,6.8,,0.48,0.861111,0.766125,0.755513,0.917084,0.944491,0.712003,651.3492,0.882778,0.0
2026-03-30T20:00:00Z,21965.2506,5758.094326,1.10732583,-1.09,1.08,0.55853,12.9,6.64,,0.48,0.583333,0.74728,0.735368,0.918393,0.945218,0.689326,636.6952,0.884524,0.0
2026-03-30T21:00:00Z,21564.8806,5534.020942,1.0642348,-0.83,1.08,0.565,12.9,6.39,,0.48,0.361111,0.731431,0.718426,0.920438,0.946355,0.669835,624.3712,0.887251,0.0
2026-03-30T22:00:00Z,21376.5477,5428.617423,1.04396489,-0.27,0.72,0.57147,12.5,4.79,,0.46,0.916667,0.723975,0.710456,0.934249,0.954027,0.654956,618.574,0.905665,0.0
2026-03-30T23:00:00Z,21101.378,5274.61434,1.01434891,0.45,0.72,0.5775,12.5,5.71,,0.44,1.444444,0.713082,0.698812,0.927442,0.950245,0.645211,610.1038,0.896589,0.0
2026-03-31T00:00:00Z,20975.2799,5204.041554,1.00077722,1.2,0.43,0.582678,12.5,6.48,,0.42,1.611111,0.708091,0.693476,0.921862,0.947145,0.641838,606.2223,0.889149,0.0
2026-03-31T01:00:00Z,21038.4356,5239.387619,1.00757454,1.81,0.43,0.586651,12.6,6.56,,0.42,1.555556,0.710591,0.696149,0.921207,0.946782,0.64506,608.1663,0.888276,0.0
2026-03-31T02:00:00Z,21323.0561,5398.679984,1.03820769,2.09,0.43,0.589148,12.8,5.57,,0.42,1.194444,0.721858,0.708193,0.929307,0.951282,0.65467,616.9274,0.899076,0.0
2026-03-31T03:00:00Z,21720.8727,5621.324363,1.08102392,1.96,0.43,0.59,12.9,4.73,,0.42,0.666667,0.737606,0.725027,0.93618,0.9551,0.670079,629.1728,0.90824,0.0
2026-03-31T04:00:00Z,22164.6631,5869.69867,1.12878821,1.47,0.43,0.589148,12.9,4.5,,0.44,0.166667,0.755174,0.743806,0.937342,0.955745,0.690159,642.8334,0.909789,0.0
2026-03-31T05:00:00Z,22705.3537,6172.304774,1.18698169,0.81,0.43,0.586651,12.9,4.0,,0.46,0.5,0.776578,0.766686,0.940713,0.957618,0.713755,659.4768,0.914284,0.0
2026-03-31T06:00:00Z,23200.473,6449.406119,1.24027041,0.14,0.43,0.582678,12.8,4.39,,0.48,0.777778,0.796178,0.787638,0.936802,0.955445,0.738472,674.7173,0.909069,0.0
2026-03-31T07:00:00Z,23717.0802,6738.533525,1.29587183,-0.47,0.72,0.5775,12.5,4.59,,0.48,0.861111,0.816628,0.809499,0.930125,0.951736,0.765416,690.6193,0.900167,0.0
2026-03-31T08:00:00Z,24125.0298,6966.848995,1.33977865,-0.87,0.72,0.57147,12.4,5.52,,0.46,0.75,0.832777,0.826762,0.919636,0.945909,0.789011,703.1767,0.886182,0.0
2026-03-31T09:00:00Z,24546.4108,7202.681497,1.38513106,-0.89,0.72,0.565,12.2,5.56,,0.46,0.361111,0.849458,0.844593,0.914269,0.942927,0.810954,716.1475,0.879025,0.0
2026-03-31T10:00:00Z,24945.6738,7426.135363,1.42810295,-0.55,0.72,0.55853,11.6,4.91,,0.46,0.5,0.865263,0.861488,0.900867,0.935482,0.83544,728.4374,0.861156,0.0
2026-03-31T11:00:00Z,25237.2745,7589.33432,1.45948737,0.03,0.72,0.5525,11.6,4.16,,0.46,1.0,0.876807,0.873828,0.925004,0.948891,0.838247,737.4134,0.893338,0.0
2026-03-31T12:00:00Z,25320.6847,7636.016166,1.46846465,0.69,0.72,0.547322,11.7,4.05,,0.46,1.361111,0.880108,0.877357,0.923744,0.948191,0.842678,739.9809,0.891658,0.0
2026-03-31T13:00:00Z,25238.978,7590.287734,1.45967072,1.3,0.72,0.543349,11.7,4.27,,0.42,1.361111,0.876874,0.8739,0.923384,0.947991,0.839046,737.4658,0.891178,0.0
2026-03-31T14:00:00Z,25117.8915,7522.519749,1.44663841,1.65,0.72,0.540852,11.8,3.62,,0.38,1.055556,0.872081,0.868776,0.932302,0.952945,0.829462,733.7386,0.903069,0.0
2026-03-31T15:00:00Z,24866.5083,7381.829144,1.41958253,1.58,0.72,0.54,11.8,3.0,,0.34,0.5,0.862129,0.858138,0.939535,0.956964,0.814581,726.0006,0.912713,0.0
2026-03-31T16:00:00Z,24409.496,7126.055002,1.37039519,1.13,0.72,0.540852,11.9,3.26,,0.32,0.166667,0.844038,0.838799,0.943167,0.958982,0.791756,711.933,0.917556,0.0
2026-03-31T17:00:00Z,23871.4947,6824.954041,1.31249116,0.48,1.08,0.543349,11.9,3.69,,0.28,0.666667,0.822741,0.816033,0.946129,0.960627,0.76547,695.3725,0.921505,0.0
2026-03-31T18:00:00Z,23292.1419,6500.710059,1.25013655,-0.21,1.08,0.547322,11.9,4.13,,0.26,0.972222,0.799806,0.791517,0.945409,0.960227,0.738901,677.5391,0.920545,0.0
2026-03-31T19:00:00Z,22707.8904,6173.724436,1.1872547,-0.8,1.08,0.5525,12.0,4.66,,0.24,1.083333,0.776678,0.766794,0.941073,0.957818,0.713713,659.5548,0.914764,0.0
2026-03-31T20:00:00Z,22173.9073,5874.872381,1.12978315,-1.2,1.08,0.55853,12.0,5.02,,0.24,0.916667,0.75554,0.744198,0.937407,0.955782,0.690559,643.118,0.909876,0.0
2026-03-31T21:00:00Z,21712.0071,5616.362599,1.08006973,-1.25,1.08,0.565,12.0,5.46,,0.22,0.555556,0.737255,0.724652,0.934527,0.954182,0.670402,628.8999,0.906036,0.0
2026-03-31T22:00:00Z,21448.4143,5468.838714,1.05169975,-0.88,0.72,0.57147,11.8,4.66,,0.22,0.527778,0.72682,0.713498,0.938193,0.956218,0.656539,620.7861,0.910924,0.0
2026-03-31T23:00:00Z,21281.2135,5375.262114,1.03370425,-0.22,0.72,0.5775,11.8,4.21,,0.2,1.166667,0.720201,0.706422,0.943315,0.959064,0.646503,615.6394,0.917753,0.0
2026-04-01T00:00:00Z,21859.1397,5698.70766,1.09590532,0.55,0.43,0.582678,12.0,4.05,,0.2,1.555556,0.743079,0.730878,0.948224,0.961791,0.671143,633.4289,0.924298,0.0
2026-04-01T01:00:00Z,22003.5057,5779.50443,1.11144316,1.27,0.43,0.586651,12.1,3.25,,0.2,1.694444,0.748794,0.736987,0.956209,0.966227,0.674294,637.8727,0.934945,0.0
2026-04-01T02:00:00Z,22258.1185,5922.002502,1.13884663,1.78,0.43,0.589148,12.3,2.97,,0.18,1.444444,0.758873,0.747761,0.95922,0.9679,0.684773,645.7101,0.93896,0.0
2026-04-01T03:00:00Z,22690.5507,6164.019996,1.18538846,1.88,0.43,0.59,12.4,2.15,,0.18,0.888889,0.775992,0.76606,0.965929,0.971627,0.701861,659.0211,0.947905,0.0
2026-04-01T04:00:00Z,23223.2315,6462.143252,1.24271986,1.56,0.43,0.589148,12.4,1.55,,0.16,0.25,0.797078,0.788601,0.971558,0.974755,0.724081,675.4179,0.955411,0.0
2026-04-01T05:00:00Z,23768.1634,6767.123062,1.30136982,0.93,0.43,0.586651,12.5,1.61,,0.16,0.444444,0.81865,0.811661,0.971067,0.974482,0.749591,692.1918,0.954756,0.0
2026-04-01T06:00:00Z,24329.3244,7081.185669,1.36176647,0.21,0.43,0.582678,12.6,1.96,,0.14,0.916667,0.840864,0.835407,0.968924,0.973291,0.776588,709.4652,0.951898,0.0
2026-04-01T07:00:00Z,24893.6612,7397.02573,1.42250495,-0.48,0.72,0.5775,12.7,2.13,,0.16,1.194444,0.863204,0.859287,0.966813,0.972118,0.803717,726.8364,0.949084,0.0
2026-04-01T08:00:00Z,25446.3977,7706.373461,1.4819949,-1.01,0.72,0.57147,12.9,2.09,,0.16,1.166667,0.885085,0.882677,0.96714,0.9723,0.829225,743.8505,0.94952,0.0
2026-04-01T09:00:00Z,25908.8991,7965.219691,1.53177302,-1.25,0.72,0.565,13.0,2.1,,0.18,0.805556,0.903394,0.902248,0.966338,0.971855,0.851047,758.0871,0.948451,0.0
2026-04-01T10:00:00Z,26242.6108,8151.986707,1.56768975,-1.06,0.72,0.55853,13.5,2.33,,0.18,0.138889,0.916604,0.91637,0.964456,0.970809,0.867371,768.3593,0.945942,0.0
2026-04-01T11:00:00Z,26395.123,8238.127422,1.58425527,-0.5,0.72,0.5525,13.4,2.93,,0.18,0.694444,0.92,0.92,0.959547,0.968082,0.873535,773.097,0.939396,0.0
2026-04-01T12:00:00Z,26395.3098,8238.234167,1.5842758,0.21,0.72,0.547322,13.4,3.56,,0.18,1.25,0.92,0.92,0.954393,0.965218,0.875825,773.1029,0.932524,0.0
2026-04-01T13:00:00Z,26324.1427,8197.61732,1.57646487,0.95,0.72,0.543349,13.4,3.59,,0.16,1.527778,0.919831,0.91982,0.954867,0.965482,0.875417,770.869,0.933156,0.0
2026-04-01T14:00:00Z,26079.4861,8060.691399,1.55013296,1.54,0.72,0.540852,13.4,3.76,,0.16,1.388889,0.910146,0.909467,0.953476,0.964709,0.86468,763.338,0.931302,0.0
2026-04-01T15:00:00Z,25673.3213,7833.374837,1.50641824,1.79,0.72,0.54,13.4,4.25,,0.14,1.0,0.894068,0.89228,0.950187,0.962882,0.847291,750.8356,0.926916,0.0
2026-04-01T16:00:00Z,25164.054,7548.355346,1.4516068,1.58,0.72,0.540852,13.4,4.6,,0.16,0.472222,0.873908,0.870729,0.946604,0.960891,0.825248,735.1595,0.922138,0.0
2026-04-01T17:00:00Z,24667.9259,7270.689342,1.39820949,1.0,1.08,0.543349,13.3,4.22,,0.16,0.527778,0.854268,0.849735,0.949713,0.962618,0.800841,719.8879,0.926284,0.0
2026-04-01T18:00:00Z,24120.3453,6964.227198,1.33927446,0.27,1.08,0.547322,13.3,3.86,,0.18,1.0,0.832592,0.826564,0.951938,0.963855,0.774438,703.0325,0.929251,0.0
2026-04-01T19:00:00Z,23520.7082,6628.630796,1.27473669,-0.43,1.08,0.5525,13.3,4.0,,0.2,1.305556,0.808854,0.801189,0.950073,0.962818,0.747437,684.5747,0.926764,0.0
2026-04-01T20:00:00Z,22960.7485,6315.240524,1.21446933,-1.0,1.08,0.55853,13.2,4.22,,0.2,1.361111,0.786688,0.777494,0.948273,0.961818,0.722248,667.3382,0.924364,0.0
2026-04-01T21:00:00Z,22510.8722,6063.460087,1.16605002,-1.31,1.08,0.565,13.3,4.02,,0.22,1.055556,0.768879,0.758457,0.949189,0.962327,0.700962,653.4903,0.925585,0.0
2026-04-01T22:00:00Z,22176.0151,5876.052043,1.13001001,-1.21,0.72,0.57147,13.3,3.85,,0.2,0.444444,0.755623,0.744287,0.9513,0.9635,0.684482,643.1829,0.9284,0.0
2026-04-01T23:00:00Z,21988.1596,5770.915693,1.10979148,-0.7,0.72,0.5775,13.4,3.43,,0.2,0.361111,0.748187,0.736338,0.954736,0.965409,0.674236,637.4004,0.932982,0.0
2026-04-02T00:00:00Z,21985.4404,5769.393894,1.10949883,0.04,0.43,0.582678,13.3,2.62,,0.18,1.0,0.748079,0.736222,0.962084,0.969491,0.670845,637.3167,0.942778,0.0
2026-04-02T01:00:00Z,22148.0157,5860.381706,1.12699648,0.82,0.43,0.586651,13.3,1.68,,0.16,1.305556,0.754515,0.743102,0.970495,0.974164,0.674652,642.321,0.953993,0.0
2026-04-02T02:00:00Z,22388.1337,5994.767552,1.15283991,1.45,0.43,0.589148,13.4,1.54,,0.16,1.333333,0.76402,0.753263,0.97164,0.9748,0.685287,649.7122,0.95552,0.0
2026-04-02T03:00:00Z,22713.5171,6176.873518,1.18786029,1.78,0.43,0.59,13.6,2.02,,0.14,0.972222,0.776901,0.767032,0.968433,0.973018,0.701814,659.728,0.951244,0.0
2026-04-02T04:00:00Z,23075.0859,6379.231247,1.22677524,1.68,0.43,0.589148,14.0,3.19,,0.14,0.416667,0.791214,0.782332,0.95886,0.9677,0.722849,670.8577,0.93848,0.0
2026-04-02T05:00:00Z,23515.5426,6625.739805,1.27418073,1.18,0.43,0.586651,14.4,4.24,,0.14,0.333333,0.80865,0.800971,0.950269,0.962927,0.74711,684.4157,0.927025,0.0
2026-04-02T06:00:00Z,24012.5017,6903.870851,1.32766747,0.46,0.43,0.582678,14.4,5.03,,0.14,0.805556,0.828323,0.822,0.943805,0.959336,0.773047,699.7129,0.918407,0.0
2026-04-02T07:00:00Z,24522.6559,7189.386739,1.38257437,-0.26,0.72,0.5775,14.3,5.44,,0.2,1.111111,0.848518,0.843588,0.938291,0.956273,0.799175,715.4163,0.911055,0.0
2026-04-02T08:00:00Z,25011.071,7462.735969,1.43514153,-0.86,0.72,0.57147,14.4,5.71,,0.24,1.111111,0.867852,0.864256,0.934642,0.954245,0.823465,730.4505,0.906189,0.0
2026-04-02T09:00:00Z,25399.9347,7680.369697,1.47699417,-1.23,0.72,0.565,14.3,6.1,,0.3,0.888889,0.883246,0.880711,0.929291,0.951273,0.843891,742.4203,0.899055,0.0
2026-04-02T10:00:00Z,25729.6776,7864.915537,1.51248376,-1.23,0.72,0.55853,14.6,6.13,,0.34,0.388889,0.896299,0.894664,0.927605,0.950336,0.859943,752.5704,0.896807,0.0
2026-04-02T11:00:00Z,25833.8183,7923.199521,1.52369222,-0.8,0.72,0.5525,14.5,6.95,,0.38,0.361111,0.900421,0.899071,0.919456,0.945809,0.868399,755.776,0.885942,0.0
2026-04-02T12:00:00Z,25757.3948,7880.427881,1.5154669,-0.06,0.72,0.547322,14.5,8.06,,0.42,1.055556,0.897396,0.895837,0.908935,0.939964,0.869528,753.4235,0.871913,0.0
2026-04-02T13:00:00Z,25568.819,7774.888481,1.49517086,0.75,0.72,0.543349,14.5,8.95,,0.44,1.5,0.889931,0.887857,0.900933,0.935518,0.864332,747.6189,0.861244,0.0
2026-04-02T14:00:00Z,25250.7412,7596.871178,1.46093676,1.45,0.72,0.540852,14.5,9.77,,0.46,1.5,0.87734,0.874398,0.893504,0.931391,0.852872,737.8279,0.851338,0.0
2026-04-02T15:00:00Z,24895.9145,7398.286818,1.42274746,1.88,0.72,0.54,14.4,9.87,,0.48,1.111111,0.863293,0.859383,0.891965,0.930536,0.837087,726.9058,0.849287,0.0
2026-04-02T16:00:00Z,24482.0984,7166.688088,1.37820925,1.89,0.72,0.540852,14.3,9.6,,0.5,0.583333,0.846912,0.841872,0.893455,0.931364,0.81722,714.1678,0.851273,0.0
2026-04-02T17:00:00Z,23992.6098,6892.73802,1.32552654,1.46,1.08,0.543349,14.3,9.41,,0.5,0.388889,0.827535,0.821158,0.895009,0.932227,0.793811,699.1006,0.853345,0.0
2026-04-02T18:00:00Z,23444.1301,6585.772688,1.26649475,0.76,1.08,0.547322,14.3,9.35,,0.52,1.0,0.805823,0.797949,0.89478,0.9321,0.768457,682.2175,0.85304,0.0
2026-04-02T19:00:00Z,22848.4465,6252.388886,1.20238248,-0.03,1.08,0.5525,14.3,9.77,,0.54,1.444444,0.782242,0.772742,0.890624,0.929791,0.742658,663.8814,0.847498,0.0
2026-04-02T20:00:00Z,22303.1326,5947.195318,1.14369141,-0.7,1.08,0.55853,14.3,10.16,,0.54,1.638889,0.760655,0.749666,0.887433,0.928018,0.718768,647.0957,0.843244,0.0
2026-04-02T21:00:00Z,21853.1769,5695.370495,1.09526356,-1.17,1.08,0.565,14.2,10.26,,0.56,1.5,0.742843,0.730626,0.885895,0.927164,0.698568,633.2454,0.841193,0.0
2026-04-02T22:00:00Z,21590.1846,5548.182721,1.06695822,-1.33,0.72,0.57147,14.3,9.45,,0.56,1.055556,0.732432,0.719497,0.890362,0.929645,0.684377,625.15,0.847149,0.0
2026-04-02T23:00:00Z,21371.9675,5426.054035,1.04347193,-1.06,0.72,0.5775,14.3,9.47,,0.58,0.361111,0.723794,0.710263,0.888758,0.928755,0.674962,618.433,0.845011,0.0
2026-04-03T00:00:00Z,21217.904,5339.829976,1.02689038,-0.43,0.43,0.582678,14.2,10.44,,0.58,0.472222,0.717695,0.703743,0.877222,0.922345,0.672939,613.6906,0.829629,0.0
2026-04-03T01:00:00Z,21334.0283,5404.820768,1.03938861,0.34,0.43,0.586651,13.6,9.79,,0.62,1.083333,0.722292,0.708657,0.86598,0.9161,0.683325,617.2651,0.81464,0.0
2026-04-03T02:00:00Z,21533.3438,5516.370865,1.06084055,1.03,0.43,0.589148,13.7,9.79,,0.66,1.25,0.730182,0.717091,0.87102,0.9189,0.690335,623.4004,0.82136,0.0
2026-04-03T03:00:00Z,21845.2962,5690.959972,1.09441538,1.51,0.43,0.59,14.1,9.91,,0.7,1.083333,0.742531,0.730292,0.867158,0.916755,0.70653,633.0028,0.816211,0.0
2026-04-03T04:00:00Z,22224.7164,5903.308456,1.13525163,1.65,0.43,0.589148,14.8,10.37,,0.74,0.722222,0.757551,0.746348,0.867715,0.917064,0.723892,644.682,0.816953,0.0
2026-04-03T05:00:00Z,22673.0632,6154.232837,1.18350631,1.38,0.43,0.586651,15.5,10.74,,0.8,0.416667,0.775299,0.76532,0.860367,0.912982,0.747966,658.4828,0.807156,0.0
2026-04-03T06:00:00Z,23225.3471,6463.327276,1.24294755,0.77,0.43,0.582678,15.6,10.47,,0.84,0.805556,0.797162,0.788691,0.864736,0.915409,0.771656,675.483,0.812982,0.0
2026-04-03T07:00:00Z,23824.3883,6798.590209,1.30742119,0.02,0.72,0.5775,15.6,9.78,,0.88,1.305556,0.820876,0.81404,0.850942,0.907745,0.805589,693.9225,0.794589,0.0
2026-04-03T08:00:00Z,24417.4181,7130.488719,1.37124783,-0.67,0.72,0.57147,15.6,8.8,,0.94,1.555556,0.844352,0.839135,0.84384,0.9038,0.836269,712.1769,0.78512,0.0
2026-04-03T09:00:00Z,24937.5042,7421.563131,1.42722368,-1.18,0.72,0.565,15.6,7.95,,0.98,1.444444,0.86494,0.861143,0.852955,0.908864,0.856356,728.186,0.797273,0.0
2026-04-03T10:00:00Z,25511.3828,7742.743388,1.48898911,-1.4,0.72,0.55853,15.7,6.46,,0.82,1.111111,0.887657,0.885427,0.873065,0.920036,0.874052,745.8509,0.824087,0.0
2026-04-03T11:00:00Z,25814.7384,7912.521126,1.52163868,-1.23,0.72,0.5525,15.6,6.17,,0.68,0.527778,0.899666,0.898264,0.894158,0.931755,0.878757,755.1887,0.852211,0.0
2026-04-03T12:00:00Z,26029.8674,8032.921513,1.5447926,-0.65,0.72,0.547322,15.4,5.51,,0.52,0.277778,0.908182,0.907367,0.918278,0.945155,0.878021,761.8107,0.884371,0.0
2026-04-03T13:00:00Z,25792.0241,7899.808751,1.51919399,0.14,0.72,0.543349,15.4,6.92,,0.5,0.888889,0.898767,0.897303,0.913942,0.942745,0.86891,754.4895,0.878589,0.0
2026-04-03T14:00:00Z,25346.1706,7650.279767,1.47120765,0.89,0.72,0.540852,15.4,8.97,,0.46,1.138889,0.881117,0.878436,0.897889,0.933827,0.855352,740.7654,0.857185,0.0
2026-04-03T15:00:00Z,24859.2691,7377.777618,1.41880339,1.44,0.72,0.54,15.3,10.31,,0.44,0.944444,0.861843,0.857832,0.886925,0.927736,0.837627,725.7778,0.842567,0.0
2026-04-03T16:00:00Z,24287.7762,7057.932593,1.35729473,1.65,0.72,0.540852,15.3,11.39,,0.48,0.555556,0.83922,0.833649,0.877369,0.922427,0.81535,708.1863,0.829825,0.0
2026-04-03T17:00:00Z,23848.69,6812.191016,1.31003673,1.47,1.08,0.543349,15.3,10.68,,0.52,0.083333,0.821838,0.815068,0.882458,0.925255,0.79271,694.6705,0.836611,0.0
2026-04-03T18:00:00Z,23272.3029,6489.606834,1.24800131,0.94,1.08,0.547322,15.2,10.89,,0.56,0.694444,0.799021,0.790678,0.88002,0.9239,0.767043,676.9284,0.83336,0.0
2026-04-03T19:00:00Z,22779.3263,6213.704665,1.1949432,0.21,1.08,0.5525,15.1,10.41,,0.56,1.222222,0.779506,0.769817,0.884667,0.926482,0.742097,661.7538,0.839556,0.0
2026-04-03T20:00:00Z,22308.2977,5950.086069,1.14424732,-0.49,1.08,0.55853,15.0,9.98,,0.58,1.416667,0.76086,0.749885,0.887465,0.928036,0.718993,647.2547,0.843287,0.0
2026-04-03T21:00:00Z,21918.6987,5732.040837,1.10231555,-1.02,1.08,0.565,15.0,9.47,,0.58,1.305556,0.745437,0.733398,0.891638,0.930355,0.699056,635.2622,0.848851,0.0
2026-04-03T22:00:00Z,21714.1019,5617.535005,1.08029519,-1.29,0.72,0.57147,14.6,8.09,,0.54,0.972222,0.737338,0.72474,0.904369,0.937427,0.683903,628.9644,0.865825,0.0
2026-04-03T23:00:00Z,21585.7484,5545.699916,1.06648075,-1.2,0.72,0.5775,14.6,7.15,,0.52,0.416667,0.732257,0.719309,0.91278,0.9421,0.674207,625.0135,0.87704,0.0
2026-04-04T00:00:00Z,21158.9806,5306.852539,1.02054857,-0.72,0.43,0.582678,14.5,6.78,,0.48,0.472222,0.715363,0.70125,0.917247,0.944582,0.652415,611.8769,0.882996,0.0
2026-04-04T01:00:00Z,21254.0491,5360.059133,1.0307806,0.04,0.43,0.586651,14.6,6.36,,0.52,1.194444,0.719126,0.705273,0.919244,0.945691,0.65594,614.8033,0.885658,0.0
2026-04-04T02:00:00Z,21489.0646,5491.589307,1.05607487,0.79,0.43,0.589148,14.7,5.98,,0.54,1.555556,0.728429,0.715218,0.921633,0.947018,0.665786,622.0374,0.888844,0.0
2026-04-04T03:00:00Z,21871.2978,5705.512176,1.09721388,1.36,0.43,0.59,14.9,5.28,,0.58,1.5,0.743561,0.731392,0.92592,0.9494,0.68162,633.8032,0.89456,0.0
2026-04-04T04:00:00Z,22342.829,5969.412056,1.14796386,1.64,0.43,0.589148,15.3,5.13,,0.5,1.138889,0.762227,0.751346,0.930027,0.951682,0.701679,648.3177,0.900036,0.0
2026-04-04T05:00:00Z,22897.0028,6279.564208,1.2076085,1.56,0.43,0.586651,15.6,4.9,,0.42,0.583333,0.784164,0.774796,0.934789,0.954327,0.725283,665.376,0.906385,0.0
2026-04-04T06:00:00Z,23547.3091,6643.518406,1.27759969,1.13,0.43,0.582678,15.7,4.12,,0.34,0.138889,0.809907,0.802315,0.944051,0.959473,0.751348,685.3935,0.918735,0.0
2026-04-04T07:00:00Z,24151.3914,6981.602672,1.3426159,0.49,0.72,0.5775,15.3,3.69,,0.32,0.638889,0.833821,0.827877,0.948289,0.961827,0.7775,703.9881,0.924385,0.0
2026-04-04T08:00:00Z,24500.9176,7177.22053,1.38023472,-0.18,0.72,0.57147,14.5,5.37,,0.28,0.916667,0.847657,0.842668,0.935984,0.954991,0.799191,714.7471,0.907978,0.0
2026-04-04T09:00:00Z,24831.4651,7362.21667,1.4158109,-0.71,0.72,0.565,13.7,6.4,,0.26,0.861111,0.860742,0.856655,0.928276,0.950709,0.817958,724.9219,0.897702,0.0
2026-04-04T10:00:00Z,25164.1271,7548.396206,1.45161466,-0.99,0.72,0.55853,13.6,6.41,,0.26,0.638889,0.873911,0.870732,0.928195,0.950664,0.833434,735.1618,0.897593,0.0
2026-04-04T11:00:00Z,25421.6309,7692.512291,1.47932929,-0.94,0.72,0.5525,13.6,6.0,,0.26,0.25,0.884105,0.881629,0.931549,0.952527,0.843894,743.0882,0.902065,0.0
2026-04-04T12:00:00Z,25547.2225,7762.80162,1.49284647,-0.49,0.72,0.547322,13.5,5.54,,0.26,0.666667,0.889076,0.886944,0.935313,0.954618,0.84805,746.9541,0.907084,0.0
2026-04-04T13:00:00Z,25502.7479,7737.910725,1.48805975,0.27,0.72,0.543349,13.5,5.24,,0.28,1.388889,0.887316,0.885062,0.937047,0.955582,0.845215,745.5851,0.909396,0.0
2026-04-04T14:00:00Z,25279.2149,7612.806966,1.46400134,1.07,0.72,0.540852,13.4,5.28,,0.3,1.861111,0.878467,0.875602,0.936,0.955,0.835306,738.7044,0.908,0.0
2026-04-04T15:00:00Z,24889.8186,7394.875128,1.42209137,1.67,0.72,0.54,13.5,5.69,,0.32,1.75,0.863052,0.859125,0.931925,0.952736,0.819044,726.7181,0.902567,0.0
2026-04-04T16:00:00Z,24473.3807,7161.809042,1.37727097,2.0,0.72,0.540852,13.6,5.5,,0.32,1.305556,0.846567,0.841503,0.93348,0.9536,0.799026,713.8995,0.90464,0.0
2026-04-04T17:00:00Z,23968.1245,6879.034451,1.32289124,2.01,1.08,0.543349,13.8,5.52,,0.3,0.666667,0.826566,0.820122,0.934036,0.953909,0.775329,698.3469,0.905382,0.0
2026-04-04T18:00:00Z,23364.522,6541.21873,1.25792668,1.65,1.08,0.547322,13.9,6.09,,0.3,0.166667,0.802672,0.79458,0.929373,0.951318,0.749388,679.767,0.899164,0.0
2026-04-04T19:00:00Z,22756.4994,6200.929236,1.19248639,1.0,1.08,0.5525,14.1,6.7,,0.32,0.75,0.778602,0.768851,0.923662,0.948145,0.723707,661.0511,0.891549,0.0
2026-04-04T20:00:00Z,22203.9901,5891.708659,1.1330209,0.24,1.08,0.55853,14.3,7.17,,0.34,1.25,0.756731,0.745471,0.919096,0.945609,0.700093,644.044,0.885462,0.0
2026-04-04T21:00:00Z,21720.6381,5621.19307,1.08099867,-0.42,1.08,0.565,14.5,7.71,,0.36,1.388889,0.737597,0.725017,0.913958,0.942755,0.679944,629.1656,0.878611,0.0
2026-04-04T22:00:00Z,21361.7412,5420.330749,1.0423713,-0.85,0.72,0.57147,14.5,7.94,,0.4,1.25,0.723389,0.70983,0.910636,0.940909,0.664764,618.1182,0.874182,0.0
2026-04-04T23:00:00Z,21113.478,5281.3863,1.01565121,-1.0,0.72,0.5775,14.6,8.39,,0.42,0.916667,0.713561,0.699324,0.906235,0.938464,0.655198,610.4762,0.868313,0.0
2026-04-05T00:00:00Z,21023.515,5231.037112,1.00596868,-0.82,0.43,0.582678,14.8,8.51,,0.46,0.305556,0.71,0.695517,0.903813,0.937118,0.652099,607.707,0.865084,0.0
2026-04-05T01:00:00Z,21112.0457,5280.584684,1.01549705,-0.3,0.43,0.586651,15.1,8.22,,0.48,0.416667,0.713505,0.699264,0.905465,0.938036,0.655473,610.4322,0.867287,0.0
2026-04-05T02:00:00Z,21316.3731,5394.939769,1.03748842,0.35,0.43,0.589148,15.3,8.17,,0.5,0.972222,0.721593,0.70791,0.905155,0.937864,0.665094,616.7217,0.866873,0.0
2026-04-05T03:00:00Z,21630.7178,5570.86775,1.07132072,0.89,0.43,0.59,15.6,8.25,,0.52,1.138889,0.734037,0.721212,0.90378,0.9371,0.680294,626.3977,0.86504,0.0
2026-04-05T04:00:00Z,22037.8792,5798.742096,1.11514271,1.18,0.43,0.589148,15.7,8.45,,0.52,0.916667,0.750155,0.738441,0.902144,0.936191,0.699919,638.9308,0.862858,0.0
2026-04-05T05:00:00Z,22555.7802,6088.593561,1.17088338,1.21,0.43,0.586651,15.9,8.2,,0.52,0.5,0.770657,0.760357,0.904189,0.937327,0.723046,654.8726,0.865585,0.0
2026-04-05T06:00:00Z,23081.425,6382.778987,1.2274575,0.93,0.43,0.582678,15.9,8.26,,0.52,0.416667,0.791465,0.7826,0.903698,0.937055,0.74766,671.0528,0.864931,0.0
2026-04-05T07:00:00Z,23528.4914,6632.986779,1.27557438,0.39,0.72,0.5775,16.0,9.01,,0.54,0.805556,0.809162,0.801519,0.896842,0.933245,0.771456,684.8143,0.855789,0.0
2026-04-05T08:00:00Z,23971.2364,6880.776029,1.32322616,-0.28,0.72,0.57147,16.1,9.4,,0.56,1.166667,0.826689,0.820254,0.892931,0.931073,0.793743,698.4427,0.850575,0.0
2026-04-05T09:00:00Z,24373.5716,7105.949338,1.36652872,-0.88,0.72,0.565,16.0,9.5,,0.58,1.305556,0.842616,0.837279,0.891393,0.930218,0.813099,710.8272,0.848524,0.0
2026-04-05T10:00:00Z,24680.5862,7277.774883,1.39957209,-1.26,0.72,0.55853,15.9,9.57,,0.6,1.194444,0.854769,0.850271,0.8901,0.9295,0.827923,720.2776,0.8468,0.0
2026-04-05T11:00:00Z,24844.2171,7369.353552,1.41718338,-1.36,0.72,0.5525,15.9,9.84,,0.62,0.805556,0.861247,0.857195,0.887171,0.927873,0.836819,725.3144,0.842895,0.0
2026-04-05T12:00:00Z,24875.3141,7386.757436,1.42053028,-1.15,0.72,0.547322,15.8,10.1,,0.64,0.25,0.862478,0.858511,0.884324,0.926291,0.839528,726.2717,0.839098,0.0
2026-04-05T13:00:00Z,24833.4597,7363.332971,1.41602557,-0.61,0.72,0.543349,15.8,9.87,,0.64,0.416667,0.860821,0.85674,0.886205,0.927336,0.836749,724.9833,0.841607,0.0
2026-04-05T14:00:00Z,24636.2115,7252.939888,1.39479613,0.14,0.72,0.540852,15.8,9.77,,0.66,0.972222,0.853013,0.848393,0.886304,0.927391,0.827551,718.9117,0.841738,0.0
2026-04-05T15:00:00Z,24296.5115,7062.821421,1.35823489,0.83,0.72,0.54,15.9,9.94,,0.66,1.222222,0.839565,0.834018,0.884913,0.926618,0.812403,708.4552,0.839884,0.0
2026-04-05T16:00:00Z,23897.5345,6839.527635,1.31529378,1.29,0.72,0.540852,15.9,9.77,,0.66,1.083333,0.823771,0.817135,0.886304,0.927391,0.793268,696.174,0.841738,0.0
2026-04-05T17:00:00Z,23439.8389,6583.371034,1.26603289,1.48,1.08,0.543349,16.0,9.49,,0.66,0.694444,0.805653,0.797767,0.888595,0.928664,0.771007,682.0854,0.844793,0.0
2026-04-05T18:00:00Z,22937.0281,6301.965016,1.21191635,1.39,1.08,0.547322,16.0,9.28,,0.66,0.361111,0.785749,0.77649,0.890313,0.929618,0.746907,666.6081,0.847084,0.0
2026-04-05T19:00:00Z,22462.0325,6036.126193,1.1607935,1.0,1.08,0.5525,16.0,8.88,,0.62,0.583333,0.766946,0.75639,0.895025,0.932236,0.722768,651.9869,0.853367,0.0
2026-04-05T20:00:00Z,22012.185,5784.361922,1.11237729,0.41,1.08,0.55853,16.0,8.61,,0.56,1.027778,0.749138,0.737354,0.899395,0.934664,0.699948,638.1399,0.859193,0.0
2026-04-05T21:00:00Z,21668.761,5592.159231,1.07541524,-0.22,1.08,0.565,16.0,7.81,,0.52,1.305556,0.735543,0.722822,0.90738,0.9391,0.68046,627.5688,0.86984,0.0
2026-04-05T22:00:00Z,21401.8826,5442.796502,1.04669163,-0.69,0.72,0.57147,16.2,7.21,,0.48,1.25,0.724978,0.711529,0.913729,0.942627,0.665252,619.3538,0.878305,0.0
2026-04-05T23:00:00Z,21232.1552,5347.805867,1.02842421,-0.94,0.72,0.5775,16.1,6.94,,0.42,0.944444,0.718259,0.704346,0.918098,0.945055,0.655433,614.1293,0.884131,0.0
2026-04-06T00:00:00Z,21622.8281,5566.452176,1.07047157,-0.92,0.43,0.582678,15.9,6.28,,0.38,0.5,0.733725,0.720878,0.924938,0.948855,0.670525,626.1549,0.893251,0.0
2026-04-06T01:00:00Z,21718.9618,5620.254927,1.08081826,-0.63,0.43,0.586651,15.8,6.15,,0.34,0.111111,0.73753,0.724946,0.927442,0.950245,0.673874,629.114,0.896589,0.0
2026-04-06T02:00:00Z,21911.847,5728.206137,1.1015781,-0.07,0.43,0.589148,15.8,6.57,,0.3,0.666667,0.745166,0.733108,0.925445,0.949136,0.683713,635.0513,0.893927,0.0
2026-04-06T03:00:00Z,22226.719,5904.429253,1.13546716,0.5,0.43,0.59,15.8,7.05,,0.26,1.027778,0.75763,0.746432,0.922958,0.947755,0.699432,644.7436,0.890611,0.0
2026-04-06T04:00:00Z,22687.9353,6162.556293,1.18510698,0.88,0.43,0.589148,15.9,7.0,,0.24,1.0,0.775888,0.765949,0.923367,0.947982,0.720656,658.9406,0.891156,0.0
2026-04-06T05:00:00Z,23219.1374,6459.851952,1.24227922,1.01,0.43,0.586651,15.9,6.94,,0.24,0.638889,0.796916,0.788428,0.922418,0.947455,0.745731,675.2919,0.889891,0.0
2026-04-06T06:00:00Z,23865.9583,6821.855528,1.31189529,0.92,0.43,0.582678,15.7,6.2,,0.22,0.305556,0.822521,0.815799,0.931353,0.952418,0.77178,695.2021,0.901804,0.0
2026-04-06T07:00:00Z,24717.6092,7298.495437,1.40355681,0.59,0.72,0.5775,16.0,3.51,,0.24,0.5,0.856235,0.851837,0.952642,0.964245,0.801845,721.4172,0.930189,0.0
2026-04-06T08:00:00Z,25486.3308,7728.722636,1.48629281,0.08,0.72,0.57147,16.7,1.36,,0.28,0.805556,0.886666,0.884367,0.968793,0.973218,0.830344,745.0797,0.951724,0.0
2026-04-06T09:00:00Z,26043.2657,8040.42009,1.54623463,-0.48,0.72,0.565,15.5,0.57,,0.3,1.0,0.908713,0.907934,0.974536,0.976409,0.853639,762.2231,0.959382,0.0
2026-04-06T10:00:00Z,26225.3142,8142.3064,1.56582815,-0.89,0.72,0.55853,16.5,1.85,,0.38,0.972222,0.915919,0.915638,0.961184,0.968991,0.868023,767.8269,0.941578,0.0
2026-04-06T11:00:00Z,26172.1088,8112.529158,1.56010176,-1.05,0.72,0.5525,15.7,3.97,,0.44,0.638889,0.913813,0.913386,0.941678,0.958155,0.874223,766.1891,0.915571,0.0
2026-04-06T12:00:00Z,25701.0736,7848.906851,1.50940516,-0.92,0.72,0.547322,14.5,8.21,,0.52,0.361111,0.895167,0.893454,0.904107,0.937282,0.86906,751.6899,0.865476,0.0
2026-04-06T13:00:00Z,25536.7163,7756.921657,1.4917157,-0.54,0.72,0.543349,14.2,8.84,,0.56,0.638889,0.88866,0.886499,0.897513,0.933618,0.864362,746.6307,0.856684,0.0
2026-04-06T14:00:00Z,25337.8205,7645.606516,1.47030895,0.12,0.72,0.540852,14.2,8.54,,0.62,1.25,0.880787,0.878082,0.897807,0.933782,0.855,740.5084,0.857076,0.0
2026-04-06T15:00:00Z,24956.1177,7431.980503,1.42922702,0.87,0.72,0.54,14.1,8.79,,0.66,1.666667,0.865677,0.86193,0.894322,0.931845,0.838834,728.7589,0.852429,0.0
2026-04-06T16:00:00Z,24442.4466,7144.496301,1.3739416,1.45,0.72,0.540852,13.9,9.39,,0.68,1.694444,0.845342,0.840194,0.888693,0.928718,0.817496,712.9473,0.844924,0.0
2026-04-06T17:00:00Z,23923.2151,6853.900159,1.31805772,1.76,1.08,0.543349,13.7,9.49,,0.68,1.388889,0.824788,0.818222,0.887875,0.928264,0.793761,696.9645,0.843833,0.0
2026-04-06T18:00:00Z,23347.8965,6531.914034,1.25613731,1.8,1.08,0.547322,13.6,9.72,,0.7,0.888889,0.802013,0.793876,0.885273,0.926818,0.768216,679.2553,0.840364,0.0
2026-04-06T19:00:00Z,22875.9962,6267.807508,1.2053476,1.61,1.08,0.5525,13.6,8.99,,0.7,0.416667,0.783333,0.773907,0.891245,0.930136,0.74366,664.7294,0.848327,0.0
2026-04-06T20:00:00Z,22442.8261,6025.377002,1.15872635,1.19,1.08,0.55853,13.6,8.11,,0.72,0.166667,0.766185,0.755577,0.897725,0.933736,0.720676,651.3957,0.856967,0.0
2026-04-06T21:00:00Z,22027.0012,5792.654016,1.11397193,0.63,1.08,0.565,13.6,7.83,,0.72,0.583333,0.749724,0.737981,0.900016,0.935009,0.700359,638.596,0.860022,0.0
2026-04-06T22:00:00Z,21730.6533,5626.798228,1.08207658,0.1,0.72,0.57147,13.7,7.4,,0.7,0.777778,0.737993,0.725441,0.904255,0.937364,0.684722,629.4739,0.865673,0.0
2026-04-06T23:00:00Z,21448.4853,5468.878433,1.05170739,-0.25,0.72,0.5775,13.7,8.26,,0.68,0.722222,0.726823,0.713501,0.897938,0.933855,0.674433,620.7883,0.857251,0.0
2026-04-07T00:00:00Z,21391.3825,5436.919947,1.04556153,-0.38,0.43,0.582678,13.8,8.14,,0.66,0.416667,0.724563,0.711084,0.89964,0.9348,0.671027,619.0306,0.85952,0.0
2026-04-07T01:00:00Z,21517.9694,5507.766327,1.05918583,-0.29,0.43,0.586651,13.8,7.57,,0.64,0.25,0.729574,0.716441,0.905024,0.937791,0.674509,622.9271,0.866698,0.0
2026-04-07T02:00:00Z,21772.2494,5650.078168,1.08655349,0.02,0.43,0.589148,13.9,7.11,,0.64,0.527778,0.73964,0.727201,0.908787,0.939882,0.684638,630.7543,0.871716,0.0
2026-04-07T03:00:00Z,22120.8933,5845.202239,1.12407735,0.5,0.43,0.59,13.9,7.1,,0.62,0.944444,0.753441,0.741954,0.909589,0.940327,0.700462,641.4861,0.872785,0.0
2026-04-07T04:00:00Z,22546.5984,6083.454825,1.16989516,0.91,0.43,0.589148,13.9,7.38,,0.6,1.111111,0.770293,0.759969,0.908018,0.939455,0.720918,654.59,0.870691,0.0
2026-04-07T05:00:00Z,23078.9292,6381.382179,1.22718888,1.08,0.43,0.586651,13.8,7.24,,0.6,0.861111,0.791366,0.782495,0.909164,0.940091,0.745115,670.976,0.872218,0.0
2026-04-07T06:00:00Z,23646.6593,6699.12133,1.28829256,1.03,0.43,0.582678,13.8,7.2,,0.58,0.472222,0.81384,0.806519,0.910211,0.940673,0.770999,688.4517,0.873615,0.0
2026-04-07T07:00:00Z,24218.3452,7019.074407,1.349822,0.81,0.72,0.5775,13.7,7.07,,0.58,0.111111,0.836471,0.830711,0.911275,0.941264,0.797059,706.0491,0.875033,0.0
2026-04-07T08:00:00Z,24735.1954,7308.337792,1.40544958,0.42,0.72,0.57147,13.7,7.1,,0.58,0.444444,0.856931,0.852582,0.911029,0.941127,0.821155,721.9586,0.874705,0.0
2026-04-07T09:00:00Z,25181.8071,7558.291128,1.45351752,-0.1,0.72,0.565,13.5,7.1,,0.58,0.805556,0.874611,0.871481,0.911029,0.941127,0.841883,735.706,0.874705,0.0
2026-04-07T10:00:00Z,25626.1963,7807.000598,1.50134627,-0.59,0.72,0.55853,13.2,6.31,,0.56,0.972222,0.892202,0.890285,0.918213,0.945118,0.859315,749.385,0.884284,0.0
2026-04-07T11:00:00Z,25858.0468,7936.759388,1.52629988,-0.9,0.72,0.5525,13.1,6.25,,0.54,0.833333,0.901381,0.900096,0.919424,0.945791,0.869538,756.5218,0.885898,0.0
2026-04-07T12:00:00Z,25882.5191,7950.455683,1.52893379,-0.97,0.72,0.547322,13.0,6.72,,0.52,0.527778,0.902349,0.901132,0.916298,0.944055,0.872062,757.2751,0.881731,0.0
2026-04-07T13:00:00Z,25820.7955,7915.911093,1.52229059,-0.78,0.72,0.543349,12.9,6.62,,0.52,0.25,0.899906,0.89852,0.917116,0.944509,0.868834,755.3751,0.882822,0.0
2026-04-07T14:00:00Z,25670.0342,7831.535169,1.50606446,-0.37,0.72,0.540852,12.8,6.13,,0.5,0.583333,0.893938,0.89214,0.921845,0.947136,0.859735,750.7344,0.889127,0.0
2026-04-07T15:00:00Z,25320.2454,7635.770327,1.46841737,0.22,0.72,0.54,12.7,6.16,,0.5,1.0,0.880091,0.877339,0.9216,0.947,0.84361,739.9674,0.8888,0.0
2026-04-07T16:00:00Z,24898.3023,7399.623157,1.42300445,0.81,0.72,0.540852,12.6,5.9,,0.5,1.25,0.863388,0.859484,0.923727,0.948182,0.823082,726.9793,0.891636,0.0
2026-04-07T17:00:00Z,24371.9857,7105.061734,1.36635803,1.18,1.08,0.543349,12.6,5.96,,0.48,1.166667,0.842553,0.837212,0.923956,0.948309,0.798553,710.7784,0.891942,0.0
2026-04-07T18:00:00Z,23805.8446,6788.211918,1.30542537,1.32,1.08,0.547322,12.5,5.97,,0.48,0.75,0.820142,0.813255,0.923875,0.948264,0.772314,693.3517,0.891833,0.0
2026-04-07T19:00:00Z,23246.6871,6475.270574,1.24524434,1.27,1.08,0.5525,12.4,5.91,,0.48,0.333333,0.798007,0.789594,0.924365,0.948536,0.746145,676.1399,0.892487,0.0
2026-04-07T20:00:00Z,22674.7877,6155.198017,1.18369193,1.04,1.08,0.55853,12.4,6.39,,0.48,0.166667,0.775368,0.765393,0.920438,0.946355,0.721347,658.5359,0.887251,0.0
2026-04-07T21:00:00Z,22201.7261,5890.441597,1.13277723,0.65,1.08,0.565,12.5,6.64,,0.48,0.5,0.756641,0.745375,0.918393,0.945218,0.700301,643.9743,0.884524,0.0
2026-04-07T22:00:00Z,21853.0461,5695.29732,1.09524948,0.18,0.72,0.57147,12.6,6.62,,0.5,0.805556,0.742838,0.73062,0.917836,0.944909,0.684366,633.2414,0.883782,0.0
2026-04-07T23:00:00Z,21546.7435,5523.870209,1.06228273,-0.22,0.72,0.5775,12.8,7.67,,0.5,0.861111,0.730713,0.717658,0.909245,0.940136,0.673968,623.8129,0.872327,0.0
2026-04-08T00:00:00Z,21437.7139,5462.850073,1.05054809,-0.46,0.43,0.582678,13.0,8.03,,0.52,0.611111,0.726397,0.713045,0.90558,0.9381,0.670537,620.4568,0.86744,0.0
2026-04-08T01:00:00Z,21505.1809,5500.609046,1.05780943,-0.48,0.43,0.586651,13.2,7.97,,0.56,0.305556,0.729067,0.7159,0.904631,0.937573,0.67409,622.5335,0.866175,0.0
2026-04-08T02:00:00Z,21674.4658,5595.352025,1.07602924,-0.33,0.43,0.589148,13.5,8.42,,0.58,0.111111,0.735769,0.723063,0.900229,0.935127,0.683903,627.7444,0.860305,0.0
2026-04-08T03:00:00Z,21989.3993,5771.609523,1.10992491,-0.03,0.43,0.59,13.7,8.56,,0.62,0.472222,0.748236,0.73639,0.897644,0.933691,0.699669,637.4385,0.856858,0.0
2026-04-08T04:00:00Z,22419.3482,6012.237223,1.15619947,0.35,0.43,0.589148,13.8,8.61,,0.64,0.777778,0.765256,0.754584,0.896515,0.933064,0.720125,650.673,0.855353,0.0
2026-04-08T05:00:00Z,22911.1712,6287.493785,1.20913342,0.6,0.43,0.586651,14.0,8.82,,0.64,0.75,0.784725,0.775396,0.894796,0.932109,0.743715,665.8122,0.853062,0.0
2026-04-08T06:00:00Z,23480.508,6606.132125,1.27041002,0.62,0.43,0.582678,14.1,8.56,,0.66,0.527778,0.807263,0.799488,0.896204,0.932891,0.769513,683.3373,0.854938,0.0
2026-04-08T07:00:00Z,23966.418,6878.079372,1.32270757,0.5,0.72,0.5775,14.2,9.09,,0.68,0.361111,0.826498,0.82005,0.891147,0.930082,0.794312,698.2944,0.848196,0.0
2026-04-08T08:00:00Z,24394.9206,7117.897634,1.36882647,0.28,0.72,0.57147,14.3,9.75,,0.7,0.5,0.843461,0.838183,0.885027,0.926682,0.816919,711.4844,0.840036,0.0
2026-04-08T09:00:00Z,24772.5997,7329.271733,1.40947533,-0.05,0.72,0.565,14.5,10.18,,0.72,0.722222,0.858412,0.854164,0.880789,0.924327,0.836331,723.1099,0.834385,0.0
2026-04-08T10:00:00Z,25136.8223,7533.114674,1.4486759,-0.45,0.72,0.55853,14.8,9.85,,0.74,0.861111,0.87283,0.869577,0.882769,0.925427,0.852355,734.3213,0.837025,0.0
2026-04-08T11:00:00Z,25128.1631,7528.268408,1.44774392,-0.78,0.72,0.5525,15.0,11.65,,0.74,0.916667,0.872487,0.869211,0.868042,0.917245,0.858499,734.0548,0.817389,0.0
2026-04-08T12:00:00Z,25137.2531,7533.355783,1.44872227,-0.94,0.72,0.547322,15.3,12.09,,0.76,0.694444,0.872847,0.869595,0.863722,0.914845,0.860841,734.3346,0.811629,0.0
2026-04-08T13:00:00Z,25073.0432,7497.419711,1.44181148,-0.88,0.72,0.543349,15.5,11.98,,0.78,0.361111,0.870305,0.866878,0.863902,0.914945,0.857781,732.3581,0.811869,0.0
2026-04-08T14:00:00Z,24851.7269,7373.556512,1.41799164,-0.63,0.72,0.540852,15.7,11.99,,0.82,0.111111,0.861544,0.857513,0.86238,0.9141,0.848186,725.5456,0.80984,0.0
2026-04-08T15:00:00Z,24485.8346,7168.779108,1.37861137,-0.23,0.72,0.54,15.9,12.27,,0.84,0.472222,0.84706,0.84203,0.859369,0.912427,0.832542,714.2829,0.805825,0.0
2026-04-08T16:00:00Z,24024.8367,6910.774289,1.32899506,0.26,0.72,0.540852,16.1,12.54,,0.86,0.833333,0.828811,0.822522,0.85644,0.9108,0.812449,700.0926,0.80192,0.0
2026-04-08T17:00:00Z,23471.2042,6600.925143,1.26940868,0.73,1.08,0.543349,16.4,13.05,,0.88,0.944444,0.806895,0.799094,0.851547,0.908082,0.788928,683.0509,0.795396,0.0
2026-04-08T18:00:00Z,22928.3903,6297.130732,1.21098668,0.98,1.08,0.547322,16.6,13.16,,0.9,0.777778,0.785407,0.776125,0.849927,0.907182,0.764456,666.3422,0.793236,0.0
2026-04-08T19:00:00Z,22420.4423,6012.84958,1.15631723,1.05,1.08,0.5525,16.8,13.12,,0.86,0.5,0.765299,0.75463,0.851695,0.908164,0.740096,650.7067,0.795593,0.0
2026-04-08T20:00:00Z,21966.4595,5758.770889,1.10745594,0.99,1.08,0.55853,16.9,12.87,,0.82,0.416667,0.747328,0.735419,0.85518,0.9101,0.717477,636.7324,0.80024,0.0
2026-04-08T21:00:00Z,21583.2088,5544.278601,1.06620742,0.8,1.08,0.565,17.0,12.57,,0.78,0.527778,0.732156,0.719202,0.859075,0.912264,0.697959,624.9353,0.805433,0.0
2026-04-08T22:00:00Z,21336.4699,5406.187271,1.0396514,0.47,0.72,0.57147,17.0,11.8,,0.74,0.805556,0.722389,0.708761,0.866815,0.916564,0.683067,617.3403,0.815753,0.0
2026-04-08T23:00:00Z,21201.028,5330.385045,1.02507405,0.07,0.72,0.5775,17.0,11.1,,0.7,0.972222,0.717027,0.703029,0.873982,0.920545,0.673596,613.1712,0.825309,0.0
2026-04-09T00:00:00Z,21251.7535,5358.774361,1.03053353,-0.26,0.43,0.582678,17.0,9.79,,0.66,0.944444,0.719035,0.705176,0.88614,0.9273,0.670546,614.7326,0.84152,0.0
2026-04-09T01:00:00Z,21389.2319,5435.716365,1.04533007,-0.41,0.43,0.586651,17.1,9.08,,0.64,0.75,0.724477,0.710993,0.892669,0.930927,0.674025,618.9644,0.850225,0.0
2026-04-09T02:00:00Z,21690.3638,5604.249594,1.07774031,-0.39,0.43,0.589148,17.1,8.05,,0.64,0.444444,0.736398,0.723736,0.901096,0.935609,0.684255,628.2337,0.861462,0.0
2026-04-09T03:00:00Z,22096.5759,5831.592627,1.12146012,-0.28,0.43,0.59,16.8,7.37,,0.62,0.166667,0.752479,0.740925,0.90738,0.9391,0.700315,640.7376,0.86984,0.0
2026-04-09T04:00:00Z,22555.9895,6088.710736,1.17090591,-0.07,0.43,0.589148,17.0,7.28,,0.6,0.166667,0.770665,0.760366,0.908116,0.939509,0.72131,654.8791,0.870822,0.0
2026-04-09T05:00:00Z,23050.3956,6365.412892,1.22411786,0.19,0.43,0.586651,17.3,7.53,,0.6,0.333333,0.790237,0.781287,0.906791,0.938773,0.744845,670.0977,0.869055,0.0
2026-04-09T06:00:00Z,23604.3475,6675.440849,1.28373862,0.33,0.43,0.582678,17.1,7.61,,0.58,0.361111,0.812165,0.804728,0.906856,0.938809,0.770526,687.1492,0.869142,0.0
2026-04-09T07:00:00Z,24185.4029,7000.637758,1.34627649,0.3,0.72,0.5775,17.7,7.5,,0.54,0.305556,0.835167,0.829317,0.909196,0.940109,0.796453,705.0351,0.872262,0.0
2026-04-09T08:00:00Z,24760.7863,7322.660151,1.40820388,0.18,0.72,0.57147,18.2,7.06,,0.52,0.333333,0.857944,0.853665,0.913516,0.942509,0.821238,722.7463,0.878022,0.0
2026-04-09T09:00:00Z,25203.0382,7570.173443,1.45580259,0.02,0.72,0.565,18.4,7.23,,0.48,0.472222,0.875451,0.872379,0.913565,0.942536,0.841741,736.3595,0.878087,0.0
2026-04-09T10:00:00Z,25725.8008,7862.745813,1.5120665,-0.21,0.72,0.55853,18.0,5.85,,0.44,0.527778,0.896145,0.8945,0.926296,0.949609,0.860345,752.451,0.895062,0.0
2026-04-09T11:00:00Z,25964.0465,7996.083804,1.53770842,-0.49,0.72,0.5525,17.9,5.75,,0.42,0.611111,0.905577,0.904582,0.927835,0.950464,0.870719,759.7846,0.897113,0.0
2026-04-09T12:00:00Z,26153.774,8102.267779,1.55812842,-0.71,0.72,0.547322,18.0,4.93,,0.38,0.611111,0.913087,0.91261,0.935984,0.954991,0.875903,765.6247,0.907978,0.0
2026-04-09T13:00:00Z,26110.3261,8077.951498,1.55345221,-0.77,0.72,0.543349,18.2,4.73,,0.36,0.361111,0.911367,0.910772,0.93618,0.9551,0.873799,764.2873,0.90824,0.0
2026-04-09T14:00:00Z,26131.6741,8089.899221,1.55574985,-0.67,0.72,0.540852,18.9,2.76,,0.34,0.055556,0.912212,0.911675,0.950858,0.963255,0.868266,764.9445,0.927811,0.0
2026-04-09T15:00:00Z,25768.4249,7886.601093,1.51665406,-0.44,0.72,0.54,19.3,2.87,,0.32,0.305556,0.897833,0.896304,0.949958,0.962755,0.851807,753.7631,0.926611,0.0
2026-04-09T16:00:00Z,25416.3073,7689.532885,1.47875632,-0.07,0.72,0.540852,18.7,1.92,,0.3,0.638889,0.883894,0.881404,0.956291,0.966273,0.83265,742.9243,0.935055,0.0
2026-04-09T17:00:00Z,24899.8717,7400.501492,1.42317336,0.36,1.08,0.543349,17.5,1.76,,0.26,0.861111,0.86345,0.85955,0.95904,0.9678,0.80746,727.0276,0.93872,0.0
2026-04-09T18:00:00Z,24239.2828,7030.792452,1.35207547,0.73,1.08,0.547322,16.7,2.52,,0.24,0.916667,0.8373,0.831597,0.954982,0.965545,0.778605,706.6936,0.933309,0.0
2026-04-09T19:00:00Z,23571.6259,6657.127714,1.28021687,0.92,1.08,0.5525,16.5,3.42,,0.22,0.694444,0.81087,0.803344,0.939698,0.957055,0.754411,686.142,0.912931,0.0
2026-04-09T20:00:00Z,22937.2706,6302.100745,1.21194245,0.98,1.08,0.55853,16.5,4.47,,0.2,0.416667,0.785758,0.7765,0.936867,0.955482,0.726228,666.6155,0.909156,0.0
2026-04-09T21:00:00Z,22382.5304,5991.63158,1.15223684,0.96,1.08,0.565,16.4,5.57,,0.18,0.111111,0.763798,0.753026,0.930027,0.951682,0.703522,649.5397,0.900036,0.0
2026-04-09T22:00:00Z,22133.7656,5852.406448,1.12546278,0.84,0.72,0.57147,16.0,4.46,,0.16,0.138889,0.753951,0.742499,0.944869,0.959927,0.68538,641.8824,0.919825,0.0
2026-04-09T23:00:00Z,21968.9768,5760.179771,1.10772688,0.61,0.72,0.5775,15.7,3.78,,0.16,0.361111,0.747427,0.735526,0.952593,0.964218,0.674299,636.8099,0.930124,0.0
2026-04-10T00:00:00Z,22017.1743,5787.154255,1.11291428,0.32,0.43,0.582678,15.4,2.37,,0.14,0.527778,0.749335,0.737565,0.965569,0.971427,0.670769,638.2935,0.947425,0.0
2026-04-10T01:00:00Z,22091.9595,5829.008957,1.12096326,0.09,0.43,0.586651,15.2,2.4,,0.14,0.5,0.752296,0.74073,0.965324,0.971291,0.674349,640.5955,0.947098,0.0
2026-04-10T02:00:00Z,22331.9462,5963.321349,1.14679257,-0.03,0.43,0.589148,15.3,2.31,,0.12,0.361111,0.761796,0.750885,0.96678,0.9721,0.684839,647.9827,0.94904,0.0
2026-04-10T03:00:00Z,22696.63,6167.422399,1.18604277,-0.06,0.43,0.59,15.4,2.27,,0.12,0.166667,0.776232,0.766317,0.967107,0.972282,0.701619,659.2082,0.949476,0.0
2026-04-10T04:00:00Z,23202.1014,6450.317451,1.24044566,-0.02,0.43,0.589148,15.4,1.9,,0.12,0.166667,0.796242,0.787707,0.970135,0.973964,0.723733,674.7675,0.953513,0.0
2026-04-10T05:00:00Z,23776.7727,6771.941381,1.30229642,0.14,0.43,0.586651,15.6,1.71,,0.1,0.305556,0.818991,0.812025,0.972409,0.975227,0.749394,692.4568,0.956545,0.0
2026-04-10T06:00:00Z,24362.8642,7099.956782,1.3653763,0.31,0.43,0.582678,15.7,1.76,,0.1,0.5,0.842192,0.836826,0.972,0.975,0.776777,710.4976,0.956,0.0
2026-04-10T07:00:00Z,24873.9499,7385.993964,1.42038345,0.39,0.72,0.5775,15.7,2.5,,0.1,0.5,0.862424,0.858453,0.965945,0.971636,0.803188,726.2297,0.947927,0.0
2026-04-10T08:00:00Z,25287.5091,7617.448924,1.46489402,0.38,0.72,0.57147,15.5,3.69,,0.1,0.361111,0.878795,0.875953,0.956209,0.966227,0.826709,738.9597,0.934945,0.0
2026-04-10T09:00:00Z,25563.385,7771.847238,1.49458601,0.33,0.72,0.565,15.2,5.32,,0.1,0.25,0.889716,0.887627,0.942873,0.958818,0.84544,747.4516,0.917164,0.0
2026-04-10T10:00:00Z,25728.783,7864.414832,1.51238747,0.26,0.72,0.55853,14.8,6.7,,0.16,0.083333,0.896263,0.894626,0.929422,0.951345,0.859095,752.5428,0.899229,0.0
2026-04-10T11:00:00Z,25956.4751,7991.846345,1.53689353,0.1,0.72,0.5525,14.8,6.5,,0.2,0.111111,0.905277,0.904262,0.929618,0.951455,0.869575,759.5515,0.899491,0.0
2026-04-10T12:00:00Z,26052.0914,8045.359541,1.54718453,-0.12,0.72,0.547322,14.9,6.14,,0.26,0.222222,0.909062,0.908308,0.930404,0.951891,0.873663,762.4948,0.900538,0.0
2026-04-10T13:00:00Z,25989.1836,8010.152165,1.54041388,-0.32,0.72,0.543349,14.9,5.98,,0.28,0.333333,0.906572,0.905646,0.930993,0.952218,0.870482,760.5584,0.901324,0.0
2026-04-10T14:00:00Z,25868.9449,7942.858698,1.52747283,-0.42,0.72,0.540852,14.8,5.15,,0.28,0.166667,0.901812,0.900558,0.937784,0.955991,0.861883,756.8572,0.910378,0.0
2026-04-10T15:00:00Z,25567.4567,7774.126038,1.49502424,-0.39,0.72,0.54,14.7,4.66,,0.3,0.166667,0.889877,0.8878,0.941073,0.957818,0.846429,747.5769,0.914764,0.0
2026-04-10T16:00:00Z,25116.2469,7521.599291,1.4464614,-0.27,0.72,0.540852,14.7,4.65,,0.28,0.388889,0.872016,0.868706,0.941875,0.958264,0.825131,733.688,0.915833,0.0
2026-04-10T17:00:00Z,24573.4194,7217.797314,1.38803795,-0.02,1.08,0.543349,14.6,4.72,,0.28,0.555556,0.850527,0.845736,0.941302,0.957945,0.800193,716.9789,0.915069,0.0
2026-04-10T18:00:00Z,24073.9055,6938.236427,1.33427624,0.32,1.08,0.547322,14.6,4.06,,0.26,0.75,0.830753,0.824598,0.947422,0.961345,0.77429,701.603,0.923229,0.0
2026-04-10T19:00:00Z,23553.6694,6647.078076,1.27828425,0.6,1.08,0.5525,14.6,3.54,,0.24,0.861111,0.810159,0.802584,0.952396,0.964109,0.747934,685.5893,0.929862,0.0
2026-04-10T20:00:00Z,22957.4616,6313.400955,1.21411557,0.79,1.08,0.55853,14.6,4.13,,0.24,0.694444,0.786558,0.777355,0.947569,0.961427,0.722409,667.2371,0.923425,0.0
2026-04-10T21:00:00Z,22501.8657,6058.41949,1.16508067,0.92,1.08,0.565,14.6,4.12,,0.22,0.5,0.768522,0.758076,0.948371,0.961873,0.700907,653.2131,0.924495,0.0
2026-04-10T22:00:00Z,22190.6065,5884.218305,1.13158044,0.98,0.72,0.57147,14.5,3.62,,0.22,0.305556,0.756201,0.744904,0.952462,0.964145,0.684643,643.632,0.929949,0.0
2026-04-10T23:00:00Z,21897.5744,5720.218285,1.10004198,0.91,0.72,0.5775,14.5,4.43,,0.22,0.138889,0.744601,0.732504,0.945835,0.960464,0.673989,634.612,0.921113,0.0
2026-04-11T00:00:00Z,21322.4734,5398.353916,1.03814498,0.71,0.43,0.582678,14.6,5.58,,0.22,0.194444,0.721835,0.708168,0.936425,0.955236,0.651479,616.9095,0.908567,0.0
2026-04-11T01:00:00Z,21413.0356,5449.03845,1.04789201,0.41,0.43,0.586651,14.7,5.23,,0.26,0.361111,0.72542,0.712,0.937849,0.956027,0.65505,619.6971,0.910465,0.0
2026-04-11T02:00:00Z,21577.9192,5541.318186,1.06563811,0.12,0.43,0.589148,14.7,5.73,,0.28,0.416667,0.731947,0.718978,0.933038,0.953355,0.66484,624.7725,0.904051,0.0
2026-04-11T03:00:00Z,21822.2307,5678.051003,1.09193289,-0.1,0.43,0.59,14.8,6.66,,0.32,0.361111,0.741618,0.729316,0.923989,0.948327,0.680201,632.2928,0.891985,0.0
2026-04-11T04:00:00Z,22246.1376,5915.29719,1.13755715,-0.23,0.43,0.589148,14.8,6.64,,0.36,0.194444,0.758399,0.747254,0.922713,0.947618,0.700442,645.3413,0.890284,0.0
2026-04-11T05:00:00Z,22661.8071,6147.933229,1.18229485,-0.27,0.43,0.586651,14.8,7.39,,0.42,0.083333,0.774854,0.764844,0.914416,0.943009,0.723421,658.1363,0.879222,0.0
2026-04-11T06:00:00Z,23162.416,6428.106893,1.2361744,-0.17,0.43,0.582678,14.8,7.63,,0.46,0.166667,0.794671,0.786028,0.909573,0.940318,0.748808,673.5459,0.872764,0.0
2026-04-11T07:00:00Z,23770.6007,6768.487089,1.30163213,-0.02,0.72,0.5775,14.7,6.8,,0.5,0.416667,0.818747,0.811764,0.904124,0.937291,0.779456,692.2668,0.865498,0.0
2026-04-11T08:00:00Z,24360.5332,7098.652161,1.36512542,0.09,0.72,0.57147,14.6,5.92,,0.52,0.416667,0.8421,0.836727,0.896204,0.932891,0.810356,710.4259,0.854938,0.0
2026-04-11T09:00:00Z,24739.0488,7310.494422,1.40586431,0.13,0.72,0.565,14.5,6.29,,0.56,0.333333,0.857084,0.852745,0.888136,0.928409,0.831509,722.0772,0.844182,0.0
2026-04-11T10:00:00Z,24979.4711,7445.050585,1.4317405,0.17,0.72,0.55853,13.8,6.96,,0.6,0.277778,0.866601,0.862918,0.887695,0.928164,0.842864,729.4778,0.843593,0.0
2026-04-11T11:00:00Z,25112.8628,7519.705352,1.44609718,0.17,0.72,0.5525,13.7,7.53,,0.62,0.194444,0.871882,0.868563,0.895991,0.932773,0.845367,733.5838,0.854655,0.0
2026-04-11T12:00:00Z,24938.1502,7421.924683,1.42729321,0.04,0.72,0.547322,13.7,9.5,,0.66,0.25,0.864965,0.86117,0.880593,0.924218,0.844102,728.2059,0.834124,0.0
2026-04-11T13:00:00Z,24991.3326,7451.689062,1.43301713,-0.16,0.72,0.543349,13.9,8.45,,0.66,0.416667,0.867071,0.86342,0.887024,0.927791,0.843712,729.8429,0.842698,0.0
2026-04-11T14:00:00Z,24985.7695,7448.575552,1.43241838,-0.37,0.72,0.540852,14.0,6.78,,0.64,0.444444,0.86685,0.863185,0.897087,0.933382,0.838981,729.6717,0.856116,0.0
2026-04-11T15:00:00Z,24629.6011,7249.240279,1.39408467,-0.52,0.72,0.54,14.1,7.02,,0.64,0.388889,0.852751,0.848113,0.903044,0.936691,0.819804,718.7082,0.864058,0.0
2026-04-11T16:00:00Z,24210.1598,7014.49335,1.34894103,-0.57,0.72,0.540852,14.2,7.0,,0.62,0.194444,0.836147,0.830364,0.907527,0.939182,0.798344,705.7971,0.870036,0.0
2026-04-11T17:00:00Z,23654.4711,6703.493364,1.28913334,-0.5,1.08,0.543349,14.3,7.67,,0.58,0.055556,0.81415,0.806849,0.902765,0.936536,0.77467,688.6921,0.863687,0.0
2026-04-11T18:00:00Z,23076.9667,6380.283873,1.22697767,-0.27,1.08,0.547322,14.5,8.18,,0.56,0.305556,0.791288,0.782412,0.897873,0.933818,0.750042,670.9156,0.857164,0.0
2026-04-11T19:00:00Z,22495.8006,6055.025018,1.16442789,0.07,1.08,0.5525,14.5,8.71,,0.56,0.611111,0.768282,0.757819,0.892816,0.931009,0.725317,653.0264,0.850422,0.0
2026-04-11T20:00:00Z,21994.3794,5774.396714,1.11046091,0.41,1.08,0.55853,14.6,8.87,,0.54,0.777778,0.748433,0.736601,0.890067,0.929482,0.703267,637.5918,0.846756,0.0
2026-04-11T21:00:00Z,21572.5722,5538.325656,1.06506263,0.69,1.08,0.565,14.7,8.86,,0.54,0.777778,0.731735,0.718751,0.886549,0.927527,0.685254,624.6079,0.842065,0.0
2026-04-11T22:00:00Z,21218.1104,5339.94548,1.02691259,0.96,0.72,0.57147,14.5,9.22,,0.54,0.666667,0.717703,0.703752,0.880724,0.924291,0.671392,613.697,0.834298,0.0
2026-04-11T23:00:00Z,20940.9868,5184.848893,0.99708633,1.15,0.72,0.5775,14.6,10.06,,0.56,0.555556,0.706733,0.692025,0.870251,0.918473,0.663185,605.1667,0.820335,0.0
2026-04-12T00:00:00Z,20929.8874,5178.636945,0.99589172,1.16,0.43,0.582678,14.6,9.35,,0.56,0.277778,0.706294,0.691555,0.87678,0.9221,0.659768,604.825,0.82904,0.0
2026-04-12T01:00:00Z,21081.1487,5263.292693,1.01217167,0.97,0.43,0.586651,14.8,8.41,,0.54,0.166667,0.712282,0.697956,0.885911,0.927173,0.66273,609.4811,0.841215,0.0
2026-04-12T02:00:00Z,21284.1764,5376.920364,1.03402315,0.65,0.43,0.589148,15.0,8.43,,0.54,0.416667,0.720319,0.706548,0.895107,0.932282,0.668066,615.7306,0.853476,0.0
2026-04-12T03:00:00Z,21690.3765,5604.256664,1.07774167,0.3,0.43,0.59,15.2,7.56,,0.52,0.555556,0.736399,0.723736,0.907985,0.939436,0.681194,628.2341,0.870647,0.0
2026-04-12T04:00:00Z,22263.7179,5925.136257,1.13944928,-0.01,0.43,0.589148,15.4,6.07,,0.48,0.611111,0.759095,0.747998,0.921616,0.947009,0.701745,645.8825,0.888822,0.0
2026-04-12T05:00:00Z,22944.7031,6306.26045,1.21274239,-0.23,0.43,0.586651,15.5,4.27,,0.46,0.5,0.786053,0.776815,0.936344,0.955191,0.726805,666.8443,0.908458,0.0
2026-04-12T06:00:00Z,23632.5106,6691.202808,1.28676977,-0.32,0.43,0.582678,15.5,3.01,,0.42,0.305556,0.81328,0.80592,0.943773,0.959318,0.755426,688.0162,0.918364,0.0
2026-04-12T07:00:00Z,24295.5165,7062.264527,1.35812779,-0.22,0.72,0.5775,15.5,2.05,,0.4,0.055556,0.839526,0.833976,0.958107,0.967282,0.779826,708.4245,0.937476,0.0
2026-04-12T08:00:00Z,24908.0324,7405.068801,1.42405169,-0.03,0.72,0.57147,15.4,1.35,,0.36,0.25,0.863773,0.859895,0.965995,0.971664,0.804748,727.2788,0.947993,0.0
2026-04-12T09:00:00Z,25339.6152,7646.610904,1.4705021,0.16,0.72,0.565,15.3,1.6,,0.34,0.416667,0.880858,0.878158,0.964669,0.970927,0.825367,740.5636,0.946225,0.0
2026-04-12T10:00:00Z,25529.7172,7753.004514,1.49096241,0.35,0.72,0.55853,15.0,3.03,,0.32,0.416667,0.888383,0.886203,0.952969,0.964427,0.83939,746.4152,0.930625,0.0
2026-04-12T11:00:00Z,25821.9827,7916.575526,1.52241837,0.54,0.72,0.5525,15.0,2.37,,0.32,0.361111,0.899953,0.89857,0.959089,0.967827,0.850235,755.4117,0.938785,0.0
2026-04-12T12:00:00Z,25856.4348,7935.857186,1.52612638,0.61,0.72,0.547322,14.9,2.77,,0.3,0.25,0.901317,0.900028,0.956536,0.966409,0.852968,756.4721,0.935382,0.0
2026-04-12T13:00:00Z,25705.9766,7851.650885,1.50993286,0.5,0.72,0.543349,14.9,3.43,,0.3,0.055556,0.895361,0.893661,0.951136,0.963409,0.848385,751.8408,0.928182,0.0
2026-04-12T14:00:00Z,25461.5806,7714.870781,1.483629,0.24,0.72,0.540852,14.8,3.75,,0.28,0.25,0.885686,0.883319,0.949238,0.962355,0.837886,744.3179,0.925651,0.0
2026-04-12T15:00:00Z,25197.5007,7567.074275,1.45520659,-0.06,0.72,0.54,14.8,3.06,,0.28,0.416667,0.875232,0.872145,0.954884,0.965491,0.823121,736.1891,0.933178,0.0
2026-04-12T16:00:00Z,24816.2426,7353.697175,1.41417253,-0.31,0.72,0.540852,14.8,2.45,,0.28,0.416667,0.86014,0.856011,0.959875,0.968264,0.803208,724.4533,0.939833,0.0
2026-04-12T17:00:00Z,24280.741,7053.995236,1.35653755,-0.46,1.08,0.543349,14.8,2.63,,0.26,0.277778,0.838941,0.833351,0.959122,0.967845,0.778689,707.9697,0.938829,0.0
2026-04-12T18:00:00Z,23693.935,6725.579935,1.29338076,-0.48,1.08,0.547322,14.8,2.89,,0.26,0.25,0.815712,0.808519,0.956995,0.966664,0.7524,689.9069,0.935993,0.0
2026-04-12T19:00:00Z,23053.3276,6367.053874,1.22443344,-0.28,1.08,0.5525,14.8,3.62,,0.3,0.361111,0.790353,0.781411,0.949582,0.962545,0.725963,670.188,0.926109,0.0
2026-04-12T20:00:00Z,22497.8958,6056.197667,1.1646534,0.08,1.08,0.55853,14.8,3.91,,0.34,0.666667,0.768365,0.757908,0.945769,0.960427,0.701879,653.0909,0.921025,0.0
2026-04-12T21:00:00Z,22013.5275,5785.113283,1.11252179,0.47,1.08,0.565,14.8,4.26,,0.38,0.861111,0.749191,0.737411,0.941465,0.958036,0.681312,638.1812,0.915287,0.0
2026-04-12T22:00:00Z,21732.6307,5627.904939,1.08228941,0.83,0.72,0.57147,14.7,3.63,,0.36,0.888889,0.738071,0.725525,0.94734,0.9613,0.665664,629.5348,0.92312,0.0
2026-04-12T23:00:00Z,21499.9973,5497.707961,1.05725153,1.15,0.72,0.5775,14.8,3.98,,0.32,0.805556,0.728862,0.71568,0.945916,0.960509,0.6555,622.3739,0.921222,0.0
2026-04-13T00:00:00Z,21781.0743,5655.017173,1.0875033,1.35,0.43,0.582678,14.9,4.66,,0.3,0.611111,0.739989,0.727574,0.941073,0.957818,0.670698,631.0259,0.914764,0.0
2026-04-13T01:00:00Z,21871.358,5705.545859,1.09722036,1.31,0.43,0.586651,14.9,4.55,,0.28,0.305556,0.743563,0.731395,0.942693,0.958718,0.674168,633.805,0.916924,0.0
2026-04-13T02:00:00Z,22159.6816,5866.910705,1.12825206,1.01,0.43,0.589148,15.0,3.85,,0.26,0.166667,0.754977,0.743596,0.94914,0.9623,0.684684,642.6801,0.92552,0.0
2026-04-13T03:00:00Z,22560.1824,6091.057355,1.17135718,0.55,0.43,0.59,15.1,3.41,,0.24,0.527778,0.770831,0.760543,0.95346,0.9647,0.701352,655.0082,0.93128,0.0
2026-04-13T04:00:00Z,23091.7552,6388.56049,1.22856933,0.07,0.43,0.589148,15.1,2.7,,0.24,0.722222,0.791874,0.783038,0.959269,0.967927,0.723441,671.3708,0.939025,0.0
2026-04-13T05:00:00Z,23696.5834,6727.062178,1.2936658,-0.35,0.43,0.586651,15.2,2.15,,0.22,0.722222,0.815817,0.808632,0.964489,0.970827,0.749192,689.9884,0.945985,0.0
2026-04-13T06:00:00Z,24247.7967,7035.557426,1.35299181,-0.63,0.43,0.582678,15.2,2.5,,0.22,0.583333,0.837637,0.831957,0.961625,0.969236,0.776047,706.9557,0.942167,0.0
2026-04-13T07:00:00Z,24748.1213,7315.572007,1.40684077,-0.69,0.72,0.5775,15.2,3.29,,0.22,0.361111,0.857443,0.853129,0.955162,0.965645,0.802141,722.3565,0.933549,0.0
2026-04-13T08:00:00Z,25257.9811,7600.923125,1.46171599,-0.5,0.72,0.57147,15.2,3.64,,0.2,0.166667,0.877626,0.874704,0.953018,0.964455,0.826757,738.0508,0.930691,0.0
2026-04-13T09:00:00Z,25758.5365,7881.066865,1.51558978,-0.17,0.72,0.565,15.1,3.33,,0.2,0.555556,0.897441,0.895886,0.954835,0.965464,0.849181,753.4587,0.933113,0.0
2026-04-13T10:00:00Z,26115.8686,8081.053424,1.55404874,0.17,0.72,0.55853,15.0,3.33,,0.2,0.75,0.911587,0.911006,0.954835,0.965464,0.865765,764.4579,0.933113,0.0
2026-04-13T11:00:00Z,26313.5427,8191.684879,1.57532402,0.51,0.72,0.5525,15.0,3.49,,0.22,0.75,0.919412,0.919371,0.951365,0.963536,0.876481,770.5427,0.928487,0.0
2026-04-13T12:00:00Z,26475.8162,8284.237833,1.59312266,0.78,0.72,0.547322,15.0,2.76,,0.22,0.638889,0.92,0.92,0.958778,0.967655,0.873876,775.6331,0.938371,0.0
2026-04-13T13:00:00Z,26475.2109,8283.891971,1.59305615,0.86,0.72,0.543349,15.0,2.13,,0.22,0.444444,0.92,0.92,0.961773,0.969318,0.872545,775.6141,0.942364,0.0
2026-04-13T14:00:00Z,26291.8166,8179.525511,1.57298568,0.67,0.72,0.540852,15.0,1.73,,0.24,0.055556,0.918552,0.918452,0.966485,0.971936,0.868753,769.8739,0.948647,0.0
2026-04-13T15:00:00Z,25845.2059,7929.572749,1.52491784,0.3,0.72,0.54,14.9,2.46,,0.24,0.305556,0.900872,0.899553,0.961233,0.969018,0.85036,756.1265,0.941644,0.0
2026-04-13T16:00:00Z,25330.5356,7641.529374,1.46952488,-0.12,0.72,0.540852,14.9,2.87,,0.24,0.527778,0.880498,0.877774,0.957878,0.967155,0.827964,740.2841,0.937171,0.0
2026-04-13T17:00:00Z,24843.1678,7368.766275,1.41707044,-0.47,1.08,0.543349,14.8,2.41,,0.22,0.583333,0.861205,0.857151,0.962362,0.969645,0.803352,725.2821,0.943149,0.0
2026-04-13T18:00:00Z,24192.069,7004.368501,1.34699394,-0.68,1.08,0.547322,14.7,3.04,,0.22,0.5,0.835431,0.829599,0.955047,0.965582,0.776385,705.2403,0.933396,0.0
2026-04-13T19:00:00Z,23586.6306,6665.525356,1.2818318,-0.7,1.08,0.5525,14.8,3.33,,0.2,0.277778,0.811464,0.803979,0.955555,0.965864,0.74806,686.6039,0.934073,0.0
2026-04-13T20:00:00Z,23067.8078,6375.157916,1.22599191,-0.45,1.08,0.55853,14.8,3.08,,0.2,0.333333,0.790926,0.782024,0.9576,0.967,0.723072,670.6337,0.9368,0.0
2026-04-13T21:00:00Z,22690.5507,6164.019996,1.18538846,0.01,1.08,0.565,14.8,2.15,,0.18,0.694444,0.775992,0.76606,0.965209,0.971227,0.702181,659.0211,0.946945,0.0
2026-04-13T22:00:00Z,22360.04,5979.04445,1.14981624,0.51,0.72,0.57147,14.7,1.8,,0.18,1.0,0.762908,0.752074,0.967353,0.972418,0.685889,648.8474,0.949804,0.0
2026-04-13T23:00:00Z,22059.3488,5810.75789,1.11745344,0.97,0.72,0.5775,14.8,2.72,,0.16,1.055556,0.751005,0.73935,0.960545,0.968636,0.674959,639.5917,0.940727,0.0
2026-04-14T00:00:00Z,21989.8832,5771.880345,1.10997699,1.34,0.43,0.582678,14.9,2.63,,0.16,0.888889,0.748255,0.73641,0.962722,0.969845,0.670767,637.4534,0.943629,0.0
2026-04-14T01:00:00Z,22103.6823,5835.569798,1.12222496,1.5,0.43,0.586651,14.9,2.2,,0.16,0.555556,0.75276,0.741226,0.96624,0.9718,0.674485,640.9563,0.94832,0.0
2026-04-14T02:00:00Z,22310.6037,5951.376667,1.14449551,1.34,0.43,0.589148,15.0,2.43,,0.16,0.111111,0.760951,0.749982,0.964358,0.970755,0.684925,647.3257,0.945811,0.0
2026-04-14T03:00:00Z,22664.6571,6149.52828,1.18260159,0.9,0.43,0.59,15.1,2.5,,0.16,0.416667,0.774967,0.764964,0.963785,0.970436,0.701612,658.2241,0.945047,0.0
2026-04-14T04:00:00Z,23102.5551,6394.604788,1.22973169,0.32,0.43,0.589148,15.2,2.71,,0.2,0.777778,0.792301,0.783495,0.960627,0.968682,0.723339,671.7033,0.940836,0.0
2026-04-14T05:00:00Z,23552.9315,6646.665078,1.27820482,-0.23,0.43,0.586651,15.2,3.61,,0.22,0.944444,0.81013,0.802553,0.952544,0.964191,0.747834,685.5666,0.930058,0.0
2026-04-14T06:00:00Z,24058.4255,6929.572836,1.33261016,-0.67,0.43,0.582678,15.2,4.21,,0.26,0.888889,0.830141,0.823943,0.946195,0.960664,0.774117,701.1265,0.921593,0.0
2026-04-14T07:00:00Z,24655.775,7263.888939,1.39690172,-0.91,0.72,0.5775,15.2,4.02,,0.26,0.666667,0.853787,0.849221,0.947749,0.961527,0.801149,719.5139,0.923665,0.0
2026-04-14T08:00:00Z,25217.7668,7578.416561,1.4573878,-0.85,0.72,0.57147,15.0,3.81,,0.26,0.277778,0.876034,0.873002,0.949467,0.962482,0.826469,736.8129,0.925956,0.0
2026-04-14T09:00:00Z,25799.5445,7904.017636,1.52000339,-0.49,0.72,0.565,14.9,2.79,,0.26,0.472222,0.899065,0.897621,0.957813,0.967118,0.849761,754.721,0.937084,0.0
2026-04-14T10:00:00Z,26172.5298,8112.764774,1.56014707,0.0,0.72,0.55853,15.0,2.73,,0.24,0.944444,0.91383,0.913404,0.958304,0.967391,0.866853,766.2021,0.937738,0.0
2026-04-14T11:00:00Z,26369.3169,8223.381067,1.58141944,0.51,0.72,0.5525,15.0,2.96,,0.24,1.138889,0.92,0.92,0.957142,0.966745,0.874604,772.286,0.936189,0.0
2026-04-14T12:00:00Z,26434.0721,8260.38408,1.5885354,0.96,0.72,0.547322,14.9,3.11,,0.22,1.111111,0.92,0.92,0.951595,0.963664,0.877069,774.3211,0.928793,0.0
2026-04-14T13:00:00Z,26361.3081,8218.804612,1.58053935,1.25,0.72,0.543349,14.9,3.09,,0.22,0.888889,0.92,0.92,0.956798,0.966555,0.874756,772.0343,0.935731,0.0
2026-04-14T14:00:00Z,26094.397,8069.036491,1.55173779,1.24,0.72,0.540852,14.9,3.51,,0.2,0.5,0.910737,0.910098,0.954082,0.965045,0.865103,763.797,0.932109,0.0
2026-04-14T15:00:00Z,25713.166,7855.674522,1.51070664,0.91,0.72,0.54,14.9,3.72,,0.2,0.138889,0.895645,0.893966,0.944444,0.959691,0.851693,752.0621,0.919258,0.0
2026-04-14T16:00:00Z,25281.6035,7614.143764,1.46425842,0.38,0.72,0.540852,14.9,3.43,,0.2,0.555556,0.878561,0.875704,0.954016,0.965009,0.82741,738.7779,0.932022,0.0
2026-04-14T17:00:00Z,24692.2275,7284.29015,1.40082503,-0.17,1.08,0.543349,14.8,3.87,,0.2,0.805556,0.85523,0.850763,0.951136,0.963409,0.801336,720.636,0.928182,0.0
2026-04-14T18:00:00Z,24133.5032,6971.59125,1.34069063,-0.61,1.08,0.547322,14.8,3.67,,0.2,0.861111,0.833113,0.82712,0.952773,0.964318,0.774677,703.4375,0.930364,0.0
2026-04-14T19:00:00Z,23559.081,6650.106734,1.27886668,-0.86,1.08,0.5525,14.8,3.61,,0.2,0.694444,0.810373,0.802813,0.953264,0.964591,0.7478,685.7559,0.931018,0.0
2026-04-14T20:00:00Z,23058.6514,6370.033402,1.22500642,-0.84,1.08,0.55853,14.8,3.24,,0.18,0.416667,0.790563,0.781637,0.957011,0.966673,0.722908,670.3518,0.936015,0.0
2026-04-14T21:00:00Z,22663.5313,6148.898205,1.18248042,-0.49,1.08,0.565,14.8,2.45,,0.18,0.527778,0.774922,0.764917,0.963475,0.970264,0.701698,658.1894,0.944633,0.0
2026-04-14T22:00:00Z,22353.9421,5975.631684,1.14915994,0.09,0.72,0.57147,14.6,1.87,,0.18,1.027778,0.762667,0.751816,0.96822,0.9729,0.68522,648.6597,0.95096,0.0
2026-04-14T23:00:00Z,22106.0268,5836.881966,1.1224773,0.7,0.72,0.5775,14.7,2.11,,0.18,1.305556,0.752853,0.741325,0.966256,0.971809,0.674587,641.0285,0.948342,0.0
2026-04-15T00:00:00Z,22004.0576,5779.813306,1.11150256,1.22,0.43,0.582678,14.7,2.4,,0.18,1.361111,0.748816,0.73701,0.963884,0.970491,0.670909,637.8897,0.945178,0.0
2026-04-15T01:00:00Z,22068.5139,5815.887275,1.11843986,1.59,0.43,0.586651,14.8,2.55,,0.18,1.138889,0.751368,0.739738,0.962656,0.969809,0.674446,639.8738,0.943542,0.0
2026-04-15T02:00:00Z,22197.7932,5888.240493,1.13235394,1.66,0.43,0.589148,14.9,3.6,,0.2,0.75,0.756485,0.745208,0.953345,0.964636,0.684584,643.8532,0.931127,0.0
2026-04-15T03:00:00Z,22503.8922,6059.553624,1.16529877,1.34,0.43,0.59,15.1,4.16,,0.2,0.222222,0.768603,0.758161,0.948764,0.962091,0.700827,653.2754,0.925018,0.0
2026-04-15T04:00:00Z,23005.5913,6340.337502,1.21929567,0.75,0.43,0.589148,15.2,3.68,,0.22,0.416667,0.788463,0.779391,0.951971,0.963873,0.722686,668.7186,0.929295,0.0
2026-04-15T05:00:00Z,23546.044,6642.810422,1.27746354,0.07,0.43,0.586651,15.3,3.68,,0.22,0.777778,0.809857,0.802261,0.951971,0.963873,0.747769,685.3546,0.929295,0.0
2026-04-15T06:00:00Z,24013.2757,6904.304031,1.32775078,-0.54,0.43,0.582678,15.4,4.71,,0.24,0.944444,0.828353,0.822033,0.942824,0.958791,0.773519,699.7367,0.917098,0.0
2026-04-15T07:00:00Z,24538.317,7198.151704,1.38425994,-0.97,0.72,0.5775,15.2,5.17,,0.24,0.805556,0.849138,0.84425,0.93906,0.9567,0.79956,715.8983,0.91208,0.0
2026-04-15T08:00:00Z,25112.0286,7519.238463,1.4460074,-1.13,0.72,0.57147,15.1,4.75,,0.26,0.5,0.871849,0.868528,0.941776,0.958209,0.824979,733.5581,0.915702,0.0
2026-04-15T09:00:00Z,25593.632,7788.775467,1.49784144,-0.93,0.72,0.565,15.0,4.56,,0.26,0.361111,0.890913,0.888907,0.943331,0.959073,0.84664,748.3827,0.917775,0.0
2026-04-15T10:00:00Z,25862.0859,7939.019955,1.52673461,-0.4,0.72,0.55853,15.1,5.27,,0.26,0.861111,0.90154,0.900267,0.937522,0.955845,0.861681,756.6461,0.910029,0.0
2026-04-15T11:00:00Z,26155.4517,8103.206749,1.55830899,0.26,0.72,0.5525,15.1,4.67,,0.26,1.361111,0.913154,0.912681,0.942431,0.958573,0.873115,765.6764,0.916575,0.0
2026-04-15T12:00:00Z,26223.7949,8141.456086,1.56566463,0.88,0.72,0.547322,15.1,4.73,,0.26,1.5,0.915859,0.915574,0.94194,0.9583,0.876505,767.7801,0.91592,0.0
2026-04-15T13:00:00Z,26171.2002,8112.020663,1.56000397,1.36,0.72,0.543349,15.1,4.54,,0.26,1.305556,0.913777,0.913348,0.943495,0.959164,0.873373,766.1611,0.917993,0.0
2026-04-15T14:00:00Z,25987.3371,8009.118729,1.54021514,1.58,0.72,0.540852,15.2,4.22,,0.26,0.944444,0.906499,0.905568,0.946113,0.960618,0.863676,760.5015,0.921484,0.0
2026-04-15T15:00:00Z,25648.3093,7819.376494,1.50372625,1.43,0.72,0.54,15.1,4.09,,0.26,0.416667,0.893078,0.891221,0.943576,0.959209,0.849069,750.0657,0.918102,0.0
2026-04-15T16:00:00Z,25197.8003,7567.241973,1.45523884,0.94,0.72,0.540852,15.1,4.05,,0.24,0.194444,0.875244,0.872157,0.948224,0.961791,0.826095,736.1983,0.924298,0.0
2026-04-15T17:00:00Z,24589.0805,7226.562279,1.38972352,0.27,1.08,0.543349,15.1,4.7,,0.24,0.722222,0.851147,0.846399,0.942905,0.958836,0.800207,717.4609,0.917207,0.0
2026-04-15T18:00:00Z,24033.1416,6915.422305,1.3298889,-0.36,1.08,0.547322,15.1,4.58,,0.22,1.0,0.82914,0.822873,0.944607,0.959782,0.773649,700.3482,0.919476,0.0
2026-04-15T19:00:00Z,23455.7696,6592.286902,1.26774748,-0.83,1.08,0.5525,15.1,4.66,,0.2,0.972222,0.806284,0.798441,0.937473,0.955818,0.750023,682.5758,0.909964,0.0
2026-04-15T20:00:00Z,22851.8111,6254.27195,1.20274461,-1.06,1.08,0.55853,15.1,5.38,,0.2,0.666667,0.782375,0.772884,0.931582,0.952545,0.724611,663.985,0.902109,0.0
2026-04-15T21:00:00Z,22429.3639,6017.842684,1.15727744,-0.94,1.08,0.565,15.2,5.05,,0.18,0.222222,0.765652,0.755008,0.941482,0.958045,0.700604,650.9813,0.915309,0.0
2026-04-15T22:00:00Z,22134.419,5852.772102,1.1255331,-0.45,0.72,0.57147,15.0,4.39,,0.18,0.611111,0.753977,0.742527,0.947602,0.961445,0.684195,641.9025,0.923469,0.0
2026-04-15T23:00:00Z,21815.0887,5674.053823,1.0911642,0.25,0.72,0.5775,15.1,5.46,,0.2,1.194444,0.741336,0.729014,0.938127,0.956182,0.673586,632.073,0.910836,0.0
2026-04-16T00:00:00Z,21750.8214,5638.085629,1.08424724,0.94,0.43,0.582678,15.2,5.33,,0.2,1.444444,0.738791,0.726294,0.939191,0.956773,0.67013,630.0947,0.912255,0.0
2026-04-16T01:00:00Z,21796.1191,5663.437189,1.08912254,1.48,0.43,0.586651,15.4,5.62,,0.22,1.361111,0.740585,0.728211,0.936098,0.955055,0.673607,631.489,0.908131,0.0
2026-04-16T02:00:00Z,22037.0709,5798.289728,1.11505572,1.75,0.43,0.589148,15.6,5.32,,0.24,1.027778,0.750123,0.738407,0.937833,0.956018,0.684019,638.9059,0.910444,0.0
2026-04-16T03:00:00Z,22394.2388,5998.184356,1.15349699,1.64,0.43,0.59,15.7,5.19,,0.26,0.416667,0.764262,0.753521,0.938176,0.956209,0.700443,649.9001,0.910902,0.0
2026-04-16T04:00:00Z,22787.7164,6218.400354,1.19584622,1.14,0.43,0.589148,15.7,5.75,,0.3,0.277778,0.779838,0.770172,0.932155,0.952864,0.721381,662.012,0.902873,0.0
2026-04-16T05:00:00Z,23288.0117,6498.398507,1.24969202,0.41,0.43,0.586651,15.8,5.99,,0.32,0.805556,0.799643,0.791342,0.929471,0.951373,0.745793,677.4119,0.899295,0.0
2026-04-16T06:00:00Z,23828.0325,6800.629731,1.30781341,-0.36,0.43,0.582678,15.8,6.13,,0.36,1.138889,0.82102,0.814194,0.926885,0.949936,0.772006,694.0346,0.895847,0.0
2026-04-16T07:00:00Z,24372.5257,7105.363974,1.36641615,-0.96,0.72,0.5775,15.8,6.33,,0.36,1.194444,0.842575,0.837235,0.923809,0.948227,0.798643,710.795,0.891745,0.0
2026-04-16T08:00:00Z,24919.1125,7411.26991,1.42524421,-1.31,0.72,0.57147,15.9,6.09,,0.38,0.888889,0.864212,0.860364,0.926493,0.949718,0.822819,727.6198,0.895324,0.0
2026-04-16T09:00:00Z,25398.7714,7679.718612,1.47686896,-1.31,0.72,0.565,15.9,5.86,,0.38,0.416667,0.8832,0.880662,0.926215,0.949564,0.845204,742.3845,0.894953,0.0
2026-04-16T10:00:00Z,25820.0374,7915.486796,1.522209,-0.9,0.72,0.55853,16.0,5.31,,0.36,0.361111,0.899876,0.898488,0.927835,0.950464,0.864035,755.3518,0.897113,0.0
2026-04-16T11:00:00Z,26094.5776,8069.137585,1.55175723,-0.17,0.72,0.5525,16.0,4.86,,0.36,1.111111,0.910744,0.910106,0.930796,0.952109,0.875461,763.8026,0.901062,0.0
2026-04-16T12:00:00Z,26172.6492,8112.831583,1.56015992,0.63,0.72,0.547322,16.0,4.9,,0.34,1.555556,0.913834,0.913409,0.931189,0.952327,0.87891,766.2057,0.901585,0.0
2026-04-16T13:00:00Z,26161.8117,8106.766214,1.5589935,1.3,0.72,0.543349,15.9,4.43,,0.32,1.555556,0.913405,0.912951,0.938635,0.956464,0.875098,765.8721,0.911513,0.0
2026-04-16T14:00:00Z,26003.1426,8017.964527,1.54191626,1.74,0.72,0.540852,15.9,3.9,,0.32,1.222222,0.907124,0.906236,0.945851,0.960473,0.864526,760.988,0.921135,0.0
2026-04-16T15:00:00Z,25689.6082,7842.490037,1.50817116,1.82,0.72,0.54,15.8,3.61,,0.3,0.666667,0.894713,0.892969,0.948944,0.962191,0.8486,751.337,0.925258,0.0
2026-04-16T16:00:00Z,25209.6115,7573.852293,1.45651006,1.49,0.72,0.540852,15.8,3.82,,0.28,0.111111,0.875712,0.872657,0.947945,0.961636,0.826766,736.5619,0.923927,0.0
2026-04-16T17:00:00Z,24684.667,7280.058788,1.40001131,0.84,1.08,0.543349,15.7,3.69,,0.28,0.638889,0.854931,0.850443,0.949009,0.962227,0.80193,720.4032,0.925345,0.0
2026-04-16T18:00:00Z,24216.3209,7017.941459,1.34960413,0.08,1.08,0.547322,15.7,2.68,,0.26,1.138889,0.836391,0.830625,0.958713,0.967618,0.775881,705.9868,0.938284,0.0
2026-04-16T19:00:00Z,23678.6269,6717.01254,1.29173318,-0.58,1.08,0.5525,15.7,2.27,,0.24,1.305556,0.815106,0.807872,0.962787,0.969882,0.749115,689.4357,0.943716,0.0
2026-04-16T20:00:00Z,23174.3974,6434.812512,1.23746394,-1.04,1.08,0.55853,15.6,1.82,,0.24,1.166667,0.795145,0.786535,0.966469,0.971927,0.724077,673.9147,0.948625,0.0
2026-04-16T21:00:00Z,22776.5622,6212.157697,1.19464571,-1.2,1.08,0.565,15.6,1.07,,0.22,0.777778,0.779397,0.7697,0.973325,0.975736,0.702565,661.6687,0.957767,0.0
2026-04-16T22:00:00Z,22408.3873,6006.102811,1.15501977,-0.96,0.72,0.57147,15.5,1.12,,0.22,0.25,0.764822,0.75412,0.972916,0.975509,0.68566,650.3357,0.957222,0.0
2026-04-16T23:00:00Z,22137.1455,5854.298017,1.12582654,-0.33,0.72,0.5775,15.5,1.62,,0.22,0.722222,0.754084,0.742642,0.968825,0.973236,0.674889,641.9864,0.951767,0.0
2026-04-17T00:00:00Z,22001.942,5778.629282,1.11127486,0.44,0.43,0.582678,15.5,2.3,,0.22,1.305556,0.748732,0.736921,0.963262,0.970145,0.671087,637.8246,0.944349,0.0
2026-04-17T01:00:00Z,21977.5025,5764.951292,1.10864448,1.13,0.43,0.586651,15.6,3.43,,0.24,1.444444,0.747765,0.735887,0.953296,0.964609,0.674382,637.0723,0.931062,0.0
2026-04-17T02:00:00Z,22129.41,5849.968758,1.12499399,1.59,0.43,0.589148,15.8,4.26,,0.24,1.194444,0.753778,0.742315,0.946505,0.960836,0.68445,641.7483,0.922007,0.0
2026-04-17T03:00:00Z,22483.4025,6048.086266,1.16309351,1.73,0.43,0.59,16.0,4.2,,0.26,0.694444,0.767791,0.757294,0.946276,0.960709,0.700981,652.6447,0.921702,0.0
2026-04-17T04:00:00Z,23027.8953,6352.820292,1.22169621,1.45,0.43,0.589148,16.2,3.38,,0.24,0.083333,0.789346,0.780335,0.953705,0.964836,0.72295,669.4051,0.931607,0.0
2026-04-17T05:00:00Z,23642.222,6696.637933,1.28781499,0.83,0.43,0.586651,16.4,2.64,,0.24,0.611111,0.813665,0.806331,0.95976,0.9682,0.748771,688.3151,0.93968,0.0
2026-04-17T06:00:00Z,24221.9968,7021.118109,1.35021502,0.04,0.43,0.582678,16.5,2.75,,0.22,1.083333,0.836616,0.830865,0.95958,0.9681,0.775759,706.1615,0.93944,0.0
2026-04-17T07:00:00Z,24755.4118,7319.652249,1.40762543,-0.7,0.72,0.5775,16.5,3.16,,0.24,1.305556,0.857732,0.853437,0.955505,0.965836,0.802326,722.5809,0.934007,0.0
2026-04-17T08:00:00Z,25210.7364,7574.481847,1.45663112,-1.23,0.72,0.57147,16.3,3.81,,0.28,1.166667,0.875756,0.872705,0.948747,0.962082,0.826462,736.5965,0.924996,0.0
2026-04-17T09:00:00Z,25651.2177,7821.004209,1.50403927,-1.44,0.72,0.565,16.0,3.94,,0.3,0.805556,0.893193,0.891344,0.946964,0.961091,0.847698,750.1552,0.922618,0.0
2026-04-17T10:00:00Z,26016.2641,8025.308208,1.5433285,-1.26,0.72,0.55853,15.8,3.79,,0.32,0.388889,0.907644,0.906792,0.947471,0.961373,0.864415,761.392,0.923295,0.0
2026-04-17T11:00:00Z,26205.423,8131.173974,1.5636873,-0.64,0.72,0.5525,15.9,4.07,,0.32,0.888889,0.915132,0.914796,0.94518,0.9601,0.874212,767.2146,0.92024,0.0
2026-04-17T12:00:00Z,26245.7145,8153.72373,1.56802379,0.25,0.72,0.547322,16.0,4.3,,0.34,1.611111,0.916727,0.916501,0.942578,0.958655,0.877239,768.4548,0.916771,0.0
2026-04-17T13:00:00Z,26125.1661,8086.256916,1.55504941,1.13,0.72,0.543349,16.0,4.67,,0.34,1.944444,0.911955,0.9114,0.939551,0.956973,0.872989,764.7441,0.912735,0.0
2026-04-17T14:00:00Z,25882.0665,7950.202379,1.52888507,1.8,0.72,0.540852,15.9,4.79,,0.36,1.75,0.902331,0.901113,0.937849,0.956027,0.862463,757.2611,0.910465,0.0
2026-04-17T15:00:00Z,25517.7236,7746.292125,1.48967156,2.13,0.72,0.54,15.7,4.9,,0.36,1.305556,0.887908,0.885695,0.936949,0.955527,0.845954,746.0461,0.909265,0.0
2026-04-17T16:00:00Z,25018.3827,7466.828072,1.43592848,2.05,0.72,0.540852,15.5,5.27,,0.36,0.638889,0.868141,0.864565,0.933922,0.953845,0.824124,730.6755,0.905229,0.0
2026-04-17T17:00:00Z,24446.7808,7146.921996,1.37440808,1.55,1.08,0.543349,15.5,5.58,,0.38,0.111111,0.845514,0.840377,0.930665,0.952036,0.799042,713.0807,0.900887,0.0
2026-04-17T18:00:00Z,23943.358,6865.17348,1.32022567,0.8,1.08,0.547322,15.4,4.95,,0.38,0.805556,0.825585,0.819074,0.93582,0.9549,0.773387,697.5845,0.90776,0.0
2026-04-17T19:00:00Z,23482.0894,6607.017192,1.27058023,0.0,1.08,0.5525,15.5,3.83,,0.38,1.222222,0.807326,0.799555,0.944984,0.959991,0.747906,683.3859,0.919978,0.0
2026-04-17T20:00:00Z,22948.3053,6308.276441,1.21313008,-0.67,1.08,0.55853,15.6,3.79,,0.38,1.333333,0.786195,0.776967,0.945311,0.960173,0.722987,666.9552,0.920415,0.0
2026-04-17T21:00:00Z,22574.8179,6099.248325,1.17293237,-1.08,1.08,0.565,15.7,2.81,,0.38,1.166667,0.77141,0.761163,0.953329,0.964627,0.70209,655.4587,0.931105,0.0
2026-04-17T22:00:00Z,22204.5444,5892.018913,1.13308056,-1.15,0.72,0.57147,15.4,2.96,,0.38,0.666667,0.756753,0.745494,0.952102,0.963945,0.68545,644.061,0.929469,0.0
2026-04-17T23:00:00Z,21821.696,5677.751751,1.09187534,-0.78,0.72,0.5775,15.4,4.82,,0.38,0.472222,0.741597,0.729293,0.936164,0.955091,0.674765,632.2763,0.908218,0.0
2026-04-18T00:00:00Z,21259.1073,5362.890028,1.03132501,-0.05,0.43,0.582678,15.3,5.86,,0.38,1.138889,0.719326,0.705487,0.927655,0.950364,0.652437,614.959,0.896873,0.0
2026-04-18T01:00:00Z,21372.5216,5426.364184,1.04353157,0.75,0.43,0.586651,15.3,5.35,,0.38,1.611111,0.723816,0.710286,0.932547,0.953082,0.655526,618.45,0.903396,0.0
2026-04-18T02:00:00Z,21702.5247,5611.055625,1.07904916,1.37,0.43,0.589148,15.3,3.99,,0.36,1.611111,0.73688,0.724251,0.944395,0.959664,0.665576,628.6081,0.919193,0.0
2026-04-18T03:00:00Z,22036.2238,5797.815587,1.11496454,1.69,0.43,0.59,15.3,4.06,,0.36,1.194444,0.750089,0.738371,0.943822,0.959345,0.681318,638.8799,0.918429,0.0
2026-04-18T04:00:00Z,22462.7353,6036.519534,1.16086914,1.65,0.43,0.589148,15.4,4.3,,0.34,0.611111,0.766973,0.75642,0.942578,0.958655,0.701666,652.0086,0.916771,0.0
2026-04-18T05:00:00Z,23003.7382,6339.300355,1.21909622,1.21,0.43,0.586651,15.5,4.02,,0.34,0.111111,0.78839,0.779313,0.944869,0.959927,0.725756,668.6615,0.919825,0.0
2026-04-18T06:00:00Z,23594.1204,6669.717104,1.2826379,0.48,0.43,0.582678,15.5,3.71,,0.32,0.722222,0.81176,0.804296,0.948125,0.961736,0.751709,686.8344,0.924167,0.0
2026-04-18T07:00:00Z,24138.949,6974.639059,1.34127674,-0.33,0.72,0.5775,15.5,3.81,,0.32,1.083333,0.833328,0.827351,0.947307,0.961282,0.777359,703.6051,0.923076,0.0
2026-04-18T08:00:00Z,24668.839,7271.200387,1.39830777,-0.98,0.72,0.57147,15.4,3.69,,0.32,1.194444,0.854304,0.849774,0.948289,0.961827,0.801516,719.916,0.924385,0.0
2026-04-18T09:00:00Z,25143.3352,7536.759724,1.44937687,-1.36,0.72,0.565,15.3,3.42,,0.32,0.972222,0.873088,0.869853,0.950498,0.963055,0.822556,734.5218,0.927331,0.0
2026-04-18T10:00:00Z,25452.7056,7709.903782,1.4826738,-1.42,0.72,0.55853,15.2,3.64,,0.34,0.527778,0.885335,0.882944,0.947978,0.961655,0.838034,744.0447,0.923971,0.0
2026-04-18T11:00:00Z,25609.741,7797.791095,1.49957521,-1.05,0.72,0.5525,15.1,4.07,,0.36,0.555556,0.891551,0.889589,0.94374,0.9593,0.847206,748.8785,0.91832,0.0
2026-04-18T12:00:00Z,25686.9233,7840.987405,1.50788219,-0.29,0.72,0.547322,15.1,3.97,,0.38,1.277778,0.894606,0.892855,0.943838,0.959355,0.850745,751.2543,0.918451,0.0
2026-04-18T13:00:00Z,25637.6522,7813.412062,1.50257924,0.66,0.72,0.543349,15.1,3.83,,0.36,1.861111,0.892656,0.89077,0.945704,0.960391,0.847629,749.7377,0.920938,0.0
2026-04-18T14:00:00Z,25476.4676,7723.202521,1.48523125,1.49,0.72,0.540852,15.1,3.37,,0.36,1.944444,0.886275,0.883949,0.949467,0.962482,0.838475,744.7761,0.925956,0.0
2026-04-18T15:00:00Z,25198.8967,7567.855577,1.45535684,2.02,0.72,0.54,15.1,2.86,,0.34,1.611111,0.875287,0.872204,0.95436,0.9652,0.823418,736.2321,0.93248,0.0
2026-04-18T16:00:00Z,24794.1051,7341.307547,1.41178991,2.18,0.72,0.540852,15.1,2.53,,0.32,1.0,0.859263,0.855074,0.95778,0.9671,0.803111,723.7719,0.93704,0.0
2026-04-18T17:00:00Z,24283.3332,7055.445989,1.35681654,1.93,1.08,0.543349,15.0,2.48,,0.3,0.25,0.839044,0.833461,0.958909,0.967727,0.778904,708.0495,0.938545,0.0
2026-04-18T18:00:00Z,23696.6595,6727.104727,1.29367399,1.31,1.08,0.547322,14.9,2.8,,0.28,0.527778,0.81582,0.808635,0.957011,0.966673,0.752519,689.9908,0.936015,0.0
2026-04-18T19:00:00Z,23079.3031,6381.591432,1.22722912,0.5,1.08,0.5525,14.8,3.47,,0.26,1.138889,0.791381,0.782511,0.952249,0.964027,0.725983,670.9875,0.929665,0.0
2026-04-18T20:00:00Z,22525.8439,6071.83926,1.1676614,-0.3,1.08,0.55853,14.7,3.85,,0.26,1.5,0.769472,0.75909,0.94914,0.9623,0.701678,653.9512,0.92552,0.0
2026-04-18T21:00:00Z,22077.2931,5820.800709,1.11938475,-0.89,1.08,0.565,14.7,3.96,,0.24,1.444444,0.751715,0.740109,0.94896,0.9622,0.680941,640.144,0.92528,0.0
2026-04-18T22:00:00Z,21772.354,5650.136673,1.08656474,-1.2,0.72,0.57147,14.5,3.53,,0.24,1.083333,0.739644,0.727205,0.952478,0.964155,0.665224,630.7575,0.929971,0.0
2026-04-18T23:00:00Z,21563.019,5532.979042,1.06403443,-1.16,0.72,0.5775,14.5,3.46,,0.24,0.611111,0.731357,0.718347,0.953051,0.964473,0.655254,624.3138,0.930735,0.0
2026-04-19T00:00:00Z,21479.061,5485.990639,1.0549982,-0.69,0.43,0.582678,14.6,3.59,,0.24,0.638889,0.728033,0.714794,0.951987,0.963882,0.65183,621.7295,0.929316,0.0
2026-04-19T01:00:00Z,21495.0865,5494.959565,1.05672299,0.07,0.43,0.586651,14.6,4.29,,0.24,1.166667,0.728668,0.715473,0.94626,0.9607,0.65512,622.2228,0.92168,0.0
2026-04-19T02:00:00Z,21701.2703,5610.35357,1.07891415,0.8,0.43,0.589148,14.8,4.38,,0.24,1.5,0.73683,0.724197,0.945524,0.960291,0.665016,628.5694,0.920698,0.0
2026-04-19T03:00:00Z,22104.9609,5836.285423,1.12236258,1.29,0.43,0.59,15.2,3.64,,0.24,1.305556,0.75281,0.74128,0.951578,0.963655,0.681061,640.9957,0.928771,0.0
2026-04-19T04:00:00Z,22600.6727,6113.718363,1.17571507,1.45,0.43,0.589148,15.5,3.02,,0.26,0.805556,0.772434,0.762257,0.955931,0.966073,0.702133,656.2545,0.934575,0.0
2026-04-19T05:00:00Z,23183.9132,6440.138143,1.2384881,1.26,0.43,0.586651,15.8,2.3,,0.28,0.222222,0.795522,0.786937,0.961102,0.968945,0.726904,674.2076,0.941469,0.0
2026-04-19T06:00:00Z,23799.4462,6784.630968,1.30473672,0.75,0.43,0.582678,16.1,1.7,,0.3,0.5,0.819889,0.812984,0.965291,0.971273,0.75361,693.1547,0.947055,0.0
2026-04-19T07:00:00Z,24370.1711,7104.046207,1.36616273,0.03,0.72,0.5775,16.3,1.58,,0.32,1.0,0.842481,0.837135,0.965553,0.971418,0.779981,710.7225,0.947404,0.0
2026-04-19T08:00:00Z,25010.891,7462.635241,1.43512216,-0.68,0.72,0.57147,16.2,0.46,,0.34,1.222222,0.867845,0.864248,0.973996,0.976109,0.805965,730.4449,0.958662,0.0
2026-04-19T09:00:00Z,25332.6351,7642.70439,1.46975084,-1.22,0.72,0.565,16.1,1.6,,0.36,1.083333,0.880582,0.877863,0.963949,0.970527,0.825363,740.3487,0.945265,0.0
2026-04-19T10:00:00Z,25381.1336,7669.847339,1.47497064,-1.46,0.72,0.55853,16.2,4.14,,0.38,0.75,0.882501,0.879915,0.942447,0.958582,0.837171,741.8416,0.916596,0.0
2026-04-19T11:00:00Z,25522.2276,7748.812857,1.49015632,-1.35,0.72,0.5525,16.0,4.76,,0.38,0.5,0.888087,0.885886,0.937375,0.955764,0.845974,746.1847,0.909833,0.0
2026-04-19T12:00:00Z,25623.5026,7805.493022,1.50105635,-0.83,0.72,0.547322,15.9,4.45,,0.4,0.972222,0.892096,0.890171,0.939191,0.956773,0.849867,749.3021,0.912255,0.0
2026-04-19T13:00:00Z,25608.2873,7796.977503,1.49941875,0.05,0.72,0.543349,15.9,4.02,,0.38,1.722222,0.891494,0.889528,0.943429,0.959127,0.847277,748.8338,0.917905,0.0
2026-04-19T14:00:00Z,25465.8749,7717.274167,1.48409119,1.0,0.72,0.540852,15.9,3.4,,0.38,2.25,0.885856,0.883501,0.948502,0.961945,0.838413,744.4501,0.924669,0.0
2026-04-19T15:00:00Z,25215.3697,7577.074951,1.4571298,1.75,0.72,0.54,15.8,2.65,,0.36,2.194444,0.875939,0.872901,0.955358,0.965755,0.823739,736.7391,0.933811,0.0
2026-04-19T16:00:00Z,24905.3327,7403.557871,1.42376113,2.16,0.72,0.540852,15.7,1.5,,0.32,1.694444,0.863666,0.859781,0.966207,0.971782,0.804528,727.1957,0.948276,0.0
2026-04-19T17:00:00Z,24473.0806,7161.641092,1.37723867,2.2,1.08,0.543349,15.4,0.65,,0.3,1.0,0.846555,0.84149,0.973882,0.976045,0.781056,713.8903,0.958509,0.0
2026-04-19T18:00:00Z,23884.1524,6832.038135,1.31385349,1.85,1.08,0.547322,15.3,0.97,,0.26,0.25,0.823242,0.816569,0.972704,0.975391,0.754247,695.7621,0.956938,0.0
2026-04-19T19:00:00Z,23318.5131,6515.469124,1.25297483,1.21,1.08,0.5525,15.3,1.0,,0.24,0.416667,0.80085,0.792633,0.973178,0.975655,0.727784,678.3508,0.957571,0.0
2026-04-19T20:00:00Z,22824.4828,6238.977247,1.19980332,0.43,1.08,0.55853,15.3,0.6,,0.24,0.916667,0.781294,0.771728,0.976451,0.977473,0.7034,663.1437,0.961935,0.0
2026-04-19T21:00:00Z,22289.3408,5939.476524,1.14220702,-0.27,1.08,0.565,15.2,1.57,,0.22,1.111111,0.760109,0.749082,0.969235,0.973464,0.681771,646.6712,0.952313,0.0
2026-04-19T22:00:00Z,21913.2669,5729.000824,1.10173093,-0.78,0.72,0.57147,15.0,1.97,,0.2,1.027778,0.745222,0.733168,0.966682,0.972045,0.665452,635.095,0.948909,0.0
2026-04-19T23:00:00Z,21670.6469,5593.214719,1.07561822,-1.0,0.72,0.5775,14.8,2.27,,0.2,0.583333,0.735618,0.722902,0.964227,0.970682,0.655282,627.6268,0.945636,0.0
2026-04-20T00:00:00Z,21935.5125,5741.450927,1.10412518,-0.87,0.43,0.582678,14.7,3.21,,0.18,0.194444,0.746103,0.73411,0.957256,0.966809,0.670673,635.7798,0.936342,0.0
2026-04-20T01:00:00Z,22053.1677,5807.298538,1.11678818,-0.36,0.43,0.586651,14.8,2.73,,0.18,0.75,0.75076,0.739088,0.961184,0.968991,0.674388,639.4014,0.941578,0.0
2026-04-20T02:00:00Z,22301.8925,5946.501287,1.14355794,0.33,0.43,0.589148,14.9,2.53,,0.16,1.388889,0.760606,0.749614,0.96354,0.9703,0.684884,647.0576,0.94472,0.0
2026-04-20T03:00:00Z,22632.234,6131.382131,1.17911195,0.94,0.43,0.59,15.2,2.86,,0.16,1.555556,0.773683,0.763592,0.96084,0.9688,0.701416,657.226,0.94112,0.0
2026-04-20T04:00:00Z,23043.8603,6361.755341,1.22341449,1.27,0.43,0.589148,15.5,3.21,,0.24,1.25,0.789978,0.781011,0.955096,0.965609,0.723073,669.8965,0.933462,0.0
2026-04-20T05:00:00Z,23508.6552,6621.885149,1.27343945,1.3,0.43,0.586651,15.8,3.81,,0.3,0.75,0.808377,0.800679,0.948027,0.961682,0.747786,684.2037,0.924036,0.0
2026-04-20T06:00:00Z,23925.8141,6855.354745,1.31833745,1.04,0.43,0.582678,16.1,5.12,,0.38,0.194444,0.824891,0.818332,0.934429,0.954127,0.773191,697.0445,0.905905,0.0
2026-04-20T07:00:00Z,24403.8478,7122.893903,1.36978729,0.51,0.72,0.5775,16.4,5.79,,0.44,0.361111,0.843814,0.83856,0.926787,0.949882,0.798774,711.7592,0.895716,0.0
2026-04-20T08:00:00Z,24740.5385,7311.328175,1.40602465,-0.15,0.72,0.57147,16.2,7.24,,0.52,0.777778,0.857143,0.852808,0.912044,0.941691,0.820953,722.123,0.876058,0.0
2026-04-20T09:00:00Z,24910.7472,7406.58816,1.42434388,-0.75,0.72,0.565,15.6,9.43,,0.58,1.027778,0.863881,0.86001,0.891965,0.930536,0.837776,727.3623,0.849287,0.0
2026-04-20T10:00:00Z,25158.8904,7545.46541,1.45105104,-1.11,0.72,0.55853,15.0,10.04,,0.62,0.861111,0.873704,0.870511,0.885535,0.926964,0.852151,735.0006,0.840713,0.0
2026-04-20T11:00:00Z,25326.534,7639.289815,1.4690942,-1.2,0.72,0.5525,14.7,10.2,,0.68,0.527778,0.88034,0.877605,0.882065,0.925036,0.861473,740.1609,0.836087,0.0
2026-04-20T12:00:00Z,25459.3493,7713.621998,1.48338885,-0.98,0.72,0.547322,14.6,9.57,,0.72,0.611111,0.885598,0.883225,0.88578,0.9271,0.865986,744.2492,0.84104,0.0
2026-04-20T13:00:00Z,25503.0992,7738.107343,1.48809757,-0.37,0.72,0.543349,14.6,8.68,,0.7,1.166667,0.88733,0.885076,0.893782,0.931545,0.86446,745.5959,0.851709,0.0
2026-04-20T14:00:00Z,25402.5336,7681.824216,1.47727389,0.5,0.72,0.540852,14.5,7.81,,0.68,1.75,0.883349,0.880821,0.90162,0.9359,0.856309,742.5003,0.86216,0.0
2026-04-20T15:00:00Z,25200.4207,7568.7085,1.45552087,1.35,0.72,0.54,14.4,6.69,,0.66,2.055556,0.875348,0.872268,0.911504,0.941391,0.842536,736.279,0.875338,0.0
2026-04-20T16:00:00Z,24751.5061,7317.466328,1.40720506,1.94,0.72,0.540852,14.3,6.83,,0.62,1.805556,0.857577,0.853272,0.911798,0.941555,0.821571,722.4606,0.875731,0.0
2026-04-20T17:00:00Z,24192.4234,7004.56688,1.34703209,2.2,1.08,0.543349,14.1,7.31,,0.58,1.25,0.835445,0.829614,0.909311,0.940173,0.796728,705.2512,0.872415,0.0
2026-04-20T18:00:00Z,23763.7908,6764.675831,1.3008992,2.12,1.08,0.547322,14.0,6.19,,0.54,0.555556,0.818477,0.811475,0.919915,0.946064,0.772122,692.0572,0.886553,0.0
2026-04-20T19:00:00Z,23297.3589,6503.629825,1.25069804,1.71,1.08,0.5525,14.0,5.27,,0.52,0.111111,0.800013,0.791738,0.927442,0.950245,0.747129,677.6996,0.896589,0.0
2026-04-20T20:00:00Z,22773.8645,6210.647884,1.19435536,1.07,1.08,0.55853,13.9,5.21,,0.52,0.722222,0.77929,0.769586,0.926493,0.949718,0.723255,661.5856,0.895324,0.0
2026-04-20T21:00:00Z,22319.4853,5956.347402,1.14545142,0.35,1.08,0.565,13.9,5.27,,0.5,1.083333,0.761303,0.750358,0.926722,0.949845,0.702065,647.5991,0.895629,0.0
2026-04-20T22:00:00Z,21972.39,5762.090029,1.10809424,-0.27,0.72,0.57147,13.6,5.25,,0.5,1.194444,0.747562,0.73567,0.928325,0.950736,0.685243,636.915,0.897767,0.0
2026-04-20T23:00:00Z,21743.0468,5633.734473,1.08341048,-0.68,0.72,0.5775,13.8,5.43,,0.48,1.0,0.738484,0.725965,0.928293,0.950718,0.674613,629.8554,0.897724,0.0
2026-04-21T00:00:00Z,21620.9241,5565.386554,1.07026664,-0.83,0.43,0.582678,13.8,5.99,,0.48,0.638889,0.733649,0.720798,0.923711,0.948173,0.670982,626.0963,0.891615,0.0
2026-04-21T01:00:00Z,21627.311,5568.96108,1.07095405,-0.67,0.43,0.586651,13.9,6.6,,0.54,0.25,0.733902,0.721068,0.91656,0.9442,0.674456,626.2929,0.88208,0.0
2026-04-21T02:00:00Z,21779.8718,5654.344126,1.08737387,-0.19,0.43,0.589148,14.1,7.21,,0.58,0.722222,0.739941,0.727524,0.910129,0.940627,0.684395,630.9889,0.873505,0.0
2026-04-21T03:00:00Z,22122.4694,5846.084343,1.12424699,0.39,0.43,0.59,14.2,7.02,,0.64,1.138889,0.753504,0.742021,0.909524,0.940291,0.700565,641.5346,0.872698,0.0
2026-04-21T04:00:00Z,22555.52,6088.447941,1.17085537,0.83,0.43,0.589148,14.3,7.16,,0.64,1.166667,0.770646,0.760346,0.907658,0.939255,0.721492,654.8646,0.870211,0.0
2026-04-21T05:00:00Z,23109.1846,6398.31513,1.23044522,1.01,0.43,0.586651,14.3,6.87,,0.62,0.833333,0.792564,0.783775,0.910031,0.940573,0.746134,671.9073,0.873375,0.0
2026-04-21T06:00:00Z,23655.4312,6704.030698,1.28923667,0.93,0.43,0.582678,14.4,6.99,,0.62,0.361111,0.814188,0.80689,0.909049,0.940027,0.771922,688.7217,0.872065,0.0
2026-04-21T07:00:00Z,24158.6711,6985.67687,1.3433994,0.61,0.72,0.5775,14.5,7.56,,0.6,0.333333,0.834109,0.828185,0.906545,0.938636,0.796391,704.2122,0.868727,0.0
2026-04-21T08:00:00Z,24572.9321,7217.524593,1.3879855,0.08,0.72,0.57147,14.7,8.48,,0.6,0.722222,0.850508,0.845715,0.896858,0.933255,0.819923,716.9639,0.855811,0.0
2026-04-21T09:00:00Z,25022.4285,7469.092387,1.43636392,-0.52,0.72,0.565,14.9,8.47,,0.58,1.0,0.868302,0.864736,0.89622,0.9329,0.841068,730.8001,0.85496,0.0
2026-04-21T10:00:00Z,25328.874,7640.599461,1.46934605,-1.02,0.72,0.55853,14.9,8.74,,0.58,1.055556,0.880433,0.877704,0.896171,0.932873,0.855313,740.233,0.854895,0.0
2026-04-21T11:00:00Z,25464.9393,7716.750553,1.48399049,-1.3,0.72,0.5525,15.2,9.37,,0.58,0.861111,0.885819,0.883462,0.892456,0.930809,0.863278,744.4213,0.849942,0.0
2026-04-21T12:00:00Z,25511.4083,7742.757653,1.48899186,-1.3,0.72,0.547322,15.4,9.58,,0.58,0.416667,0.887658,0.885428,0.890738,0.929855,0.866199,745.8517,0.847651,0.0
2026-04-21T13:00:00Z,25420.1166,7691.6648,1.47916631,-1.01,0.72,0.543349,15.6,9.74,,0.58,0.166667,0.884045,0.881565,0.889429,0.929127,0.862544,743.0416,0.845905,0.0
2026-04-21T14:00:00Z,25274.0021,7609.889521,1.46344029,-0.4,0.72,0.540852,15.7,9.2,,0.58,0.805556,0.87826,0.875382,0.892407,0.930782,0.854439,738.5439,0.849876,0.0
2026-04-21T15:00:00Z,24993.3449,7452.815245,1.4332337,0.39,0.72,0.54,15.6,8.72,,0.58,1.361111,0.86715,0.863506,0.892735,0.930964,0.841267,729.9048,0.850313,0.0
2026-04-21T16:00:00Z,24563.0895,7212.015993,1.38692615,1.09,0.72,0.540852,15.5,8.63,,0.58,1.527778,0.850118,0.845299,0.889871,0.929373,0.822571,716.6609,0.846495,0.0
2026-04-21T17:00:00Z,24019.6116,6907.850028,1.3284327,1.53,1.08,0.543349,15.6,8.91,,0.58,1.25,0.828604,0.822301,0.87822,0.9229,0.802526,699.9318,0.83096,0.0
2026-04-21T18:00:00Z,23506.3079,6620.571443,1.27318682,1.71,1.08,0.547322,15.7,8.56,,0.58,0.75,0.808284,0.80058,0.877484,0.922491,0.77903,684.1314,0.829978,0.0
2026-04-21T19:00:00Z,23014.9745,6345.58895,1.22030557,1.61,1.08,0.5525,15.9,8.14,,0.52,0.361111,0.788834,0.779788,0.89532,0.9324,0.7483,669.0074,0.85376,0.0
2026-04-21T20:00:00Z,22493.5383,6053.758924,1.16418441,1.25,1.08,0.55853,16.1,8.32,,0.48,0.583333,0.768193,0.757723,0.888087,0.928382,0.727314,652.9567,0.844116,0.0
2026-04-21T21:00:00Z,22133.9526,5852.511105,1.1254829,0.71,1.08,0.565,16.3,7.58,,0.42,0.972222,0.753958,0.742507,0.896302,0.932945,0.706974,641.8881,0.855069,0.0
2026-04-21T22:00:00Z,21856.7484,5697.369357,1.09564795,0.13,0.72,0.57147,16.7,6.89,,0.4,1.194444,0.742985,0.730777,0.899067,0.934482,0.692879,633.3553,0.858756,0.0
2026-04-21T23:00:00Z,21705.1076,5612.501206,1.07932715,-0.33,0.72,0.5775,16.7,6.25,,0.36,1.25,0.736982,0.72436,0.880544,0.924191,0.694074,628.6876,0.834058,0.0
2026-04-22T00:00:00Z,21828.8867,5681.776116,1.09264925,-0.6,0.43,0.582678,16.6,3.97,,0.34,1.0,0.741882,0.729598,0.887678,0.928155,0.696648,632.4977,0.843571,0.0
2026-04-22T01:00:00Z,22026.9513,5792.626112,1.11396656,-0.66,0.43,0.586651,16.7,2.6,,0.32,0.611111,0.749722,0.737979,0.912567,0.941982,0.694779,638.5944,0.876756,0.0
2026-04-22T02:00:00Z,22321.9283,5957.714662,1.14571436,-0.47,0.43,0.589148,16.8,1.8,,0.32,0.083333,0.761399,0.750461,0.937833,0.956018,0.69724,647.6743,0.910444,0.0
2026-04-22T03:00:00Z,22832.4021,6243.409398,1.20065565,-0.05,0.43,0.59,16.9,0.2,,0.3,0.444444,0.781607,0.772063,0.964604,0.970891,0.709033,663.3875,0.946138,0.0
2026-04-22T04:00:00Z,23126.033,6407.744567,1.23225857,0.4,0.43,0.589148,16.9,2.21,,0.28,0.805556,0.793231,0.784488,0.956798,0.966555,0.72613,672.426,0.935731,0.0
2026-04-22T05:00:00Z,23502.2597,6618.305826,1.27275112,0.7,0.43,0.586651,16.9,4.0,,0.26,0.694444,0.808124,0.800408,0.947193,0.961218,0.747861,684.0068,0.922924,0.0
2026-04-22T06:00:00Z,23950.324,6869.072096,1.3209754,0.78,0.43,0.582678,17.0,5.32,,0.24,0.361111,0.825861,0.819369,0.937113,0.955618,0.773136,697.799,0.909484,0.0
2026-04-22T07:00:00Z,24427.0694,7135.89023,1.37228658,0.67,0.72,0.5775,16.9,6.2,,0.24,0.111111,0.844734,0.839543,0.925593,0.949218,0.800382,712.474,0.894124,0.0
2026-04-22T08:00:00Z,24861.7438,7379.162644,1.41906974,0.39,0.72,0.57147,16.8,7.1,,0.22,0.472222,0.861941,0.857937,0.911029,0.941127,0.827029,725.8539,0.874705,0.0
2026-04-22T09:00:00Z,25282.4366,7614.610042,1.46434808,-0.05,0.72,0.565,16.7,7.36,,0.22,0.833333,0.878594,0.875739,0.904582,0.937545,0.849419,738.8036,0.866109,0.0
2026-04-22T10:00:00Z,25686.4362,7840.71477,1.50782976,-0.51,0.72,0.55853,16.6,6.68,,0.28,1.055556,0.894587,0.892835,0.910145,0.940636,0.865697,751.2393,0.873527,0.0
2026-04-22T11:00:00Z,25750.5328,7876.58748,1.51472836,-0.86,0.72,0.5525,16.4,7.7,,0.36,1.083333,0.897124,0.895547,0.90324,0.9368,0.87174,753.2123,0.86432,0.0
2026-04-22T12:00:00Z,25795.1452,7901.55549,1.5195299,-1.02,0.72,0.547322,16.2,7.75,,0.42,0.861111,0.898891,0.897435,0.908591,0.939773,0.871433,754.5856,0.871455,0.0
2026-04-22T13:00:00Z,25798.687,7903.537715,1.5199111,-0.96,0.72,0.543349,16.1,6.99,,0.46,0.583333,0.899031,0.897585,0.914089,0.942827,0.869154,754.6946,0.878785,0.0
2026-04-22T14:00:00Z,25574.903,7778.293481,1.49582567,-0.66,0.72,0.540852,16.0,6.99,,0.48,0.722222,0.890172,0.888115,0.913369,0.942427,0.859087,747.8061,0.877825,0.0
2026-04-22T15:00:00Z,25189.6597,7562.685957,1.45436268,-0.1,0.72,0.54,15.9,7.22,,0.52,1.138889,0.874922,0.871813,0.905007,0.937782,0.844924,735.9477,0.866676,0.0
2026-04-22T16:00:00Z,24683.7323,7279.535685,1.39991071,0.59,0.72,0.540852,15.8,7.62,,0.56,1.583333,0.854894,0.850404,0.901015,0.935564,0.823218,720.3745,0.861353,0.0
2026-04-22T17:00:00Z,24134.6395,6972.227182,1.34081292,1.18,1.08,0.543349,15.6,7.72,,0.62,1.722222,0.833158,0.827168,0.900916,0.935509,0.797777,703.4725,0.861222,0.0
2026-04-22T18:00:00Z,23583.7075,6663.889395,1.28151719,1.56,1.08,0.547322,15.4,7.56,,0.66,1.5,0.811348,0.803855,0.902945,0.936636,0.771306,686.5139,0.863927,0.0
2026-04-22T19:00:00Z,22997.264,6335.676979,1.21839942,1.75,1.08,0.5525,15.2,7.82,,0.68,1.111111,0.788133,0.779039,0.900818,0.935455,0.745034,668.4622,0.861091,0.0
2026-04-22T20:00:00Z,22434.8436,6020.909477,1.15786721,1.71,1.08,0.55853,15.1,8.32,,0.68,0.638889,0.765869,0.755239,0.896727,0.933182,0.720749,651.15,0.855636,0.0
2026-04-22T21:00:00Z,21935.3606,5741.365942,1.10410883,1.45,1.08,0.565,15.0,8.91,,0.7,0.277778,0.746097,0.734103,0.89118,0.9301,0.700033,635.7751,0.84824,0.0
2026-04-22T22:00:00Z,21650.5099,5581.944729,1.07345091,1.02,0.72,0.57147,14.9,8.32,,0.7,0.222222,0.73482,0.722049,0.895287,0.932382,0.684988,627.007,0.853716,0.0
2026-04-22T23:00:00Z,21425.8923,5456.233904,1.04927575,0.55,0.72,0.5775,14.9,8.4,,0.72,0.388889,0.725929,0.712545,0.893913,0.931618,0.675174,620.0929,0.851884,0.0
2026-04-23T00:00:00Z,21339.1274,5407.674553,1.03993741,0.17,0.43,0.582678,14.8,8.57,,0.72,0.472222,0.722494,0.708873,0.891802,0.930445,0.672085,617.4221,0.849069,0.0
2026-04-23T01:00:00Z,21445.5013,5467.208401,1.05138623,-0.08,0.43,0.586651,14.6,8.17,,0.72,0.416667,0.726705,0.713374,0.895795,0.932664,0.675247,620.6965,0.854393,0.0
2026-04-23T02:00:00Z,21666.1901,5590.720414,1.07513854,-0.19,0.43,0.589148,14.4,8.14,,0.7,0.361111,0.735441,0.722713,0.89676,0.9332,0.685061,627.4896,0.85568,0.0
2026-04-23T03:00:00Z,21970.4858,5761.02427,1.10788928,-0.08,0.43,0.59,14.2,8.52,,0.7,0.5,0.747487,0.73559,0.894371,0.931873,0.700245,636.8563,0.852495,0.0
2026-04-23T04:00:00Z,22415.1221,6009.872063,1.15574463,0.21,0.43,0.589148,14.1,8.53,,0.68,0.777778,0.765089,0.754405,0.895729,0.932627,0.720278,650.543,0.854305,0.0
2026-04-23T05:00:00Z,23013.2527,6344.625286,1.22012025,0.54,0.43,0.586651,14.3,7.72,,0.66,0.972222,0.788766,0.779716,0.903076,0.936709,0.744772,668.9544,0.864102,0.0
2026-04-23T06:00:00Z,23591.1895,6668.076797,1.28232246,0.74,0.43,0.582678,14.6,7.55,,0.64,0.861111,0.811644,0.804172,0.905187,0.937882,0.770657,686.7442,0.866916,0.0
2026-04-23T07:00:00Z,24148.6804,6980.085427,1.34232412,0.81,0.72,0.5775,14.8,7.59,,0.62,0.5,0.833713,0.827763,0.90558,0.9381,0.796356,703.9047,0.86744,0.0
2026-04-23T08:00:00Z,24648.58,7259.862115,1.39612733,0.74,0.72,0.57147,15.0,7.87,,0.58,0.222222,0.853502,0.848916,0.904729,0.937627,0.819936,719.2924,0.866305,0.0
2026-04-23T09:00:00Z,25139.0541,7534.363729,1.4489161,0.53,0.72,0.565,15.2,7.53,,0.56,0.166667,0.872918,0.869671,0.908231,0.939573,0.841143,734.39,0.870975,0.0
2026-04-23T10:00:00Z,25609.7944,7797.820996,1.49958096,0.18,0.72,0.55853,15.0,6.51,,0.54,0.472222,0.891553,0.889591,0.917296,0.944609,0.858961,748.8802,0.883062,0.0
2026-04-23T11:00:00Z,25865.9211,7941.166344,1.52714737,-0.2,0.72,0.5525,15.0,6.31,,0.5,0.666667,0.901692,0.90043,0.920373,0.946318,0.869481,756.7641,0.887164,0.0
2026-04-23T12:00:00Z,25852.6841,7933.758056,1.5257227,-0.53,0.72,0.547322,15.1,7.09,,0.48,0.75,0.901168,0.89987,0.914711,0.943173,0.871383,756.3567,0.879615,0.0
2026-04-23T13:00:00Z,25696.0187,7846.07778,1.50886111,-0.69,0.72,0.543349,15.1,7.65,,0.52,0.638889,0.894966,0.89324,0.908689,0.939827,0.866789,751.5343,0.871585,0.0
2026-04-23T14:00:00Z,25479.4736,7724.884891,1.48555479,-0.71,0.72,0.540852,15.1,7.54,,0.56,0.555556,0.886394,0.884077,0.908149,0.939527,0.856978,744.8687,0.870865,0.0
2026-04-23T15:00:00Z,25132.6557,7530.782758,1.44822745,-0.52,0.72,0.54,15.0,7.46,,0.6,0.638889,0.872665,0.869401,0.907364,0.939091,0.841231,734.1931,0.869818,0.0
2026-04-23T16:00:00Z,24716.3537,7297.792758,1.40342168,-0.1,0.72,0.540852,14.9,7.33,,0.56,0.944444,0.856185,0.851784,0.909867,0.940482,0.820797,721.3786,0.873156,0.0
2026-04-23T17:00:00Z,24258.0379,7041.289059,1.35409405,0.43,1.08,0.543349,14.9,6.89,,0.52,1.194444,0.838042,0.83239,0.914907,0.943282,0.797286,707.2709,0.879876,0.0
2026-04-23T18:00:00Z,23753.2128,6758.755711,1.29976071,0.89,1.08,0.547322,14.7,6.48,,0.48,1.277778,0.818058,0.811028,0.919702,0.945945,0.771726,691.7316,0.886269,0.0
2026-04-23T19:00:00Z,23199.705,6448.976317,1.24018775,1.21,1.08,0.5525,14.7,6.45,,0.46,1.055556,0.796147,0.787606,0.920667,0.946482,0.745608,674.6937,0.887556,0.0
2026-04-23T20:00:00Z,22692.1614,6164.921454,1.18556182,1.4,1.08,0.55853,14.6,6.33,,0.44,0.777778,0.776055,0.766128,0.922369,0.947427,0.721296,659.0707,0.889825,0.0
2026-04-23T21:00:00Z,22278.0557,5933.160656,1.14099243,1.4,1.08,0.565,14.6,5.98,,0.42,0.472222,0.759663,0.748605,0.925953,0.949418,0.700484,646.3238,0.894604,0.0
2026-04-23T22:00:00Z,22071.2625,5817.425595,1.11873569,1.19,0.72,0.57147,14.4,4.49,,0.38,0.166667,0.751476,0.739854,0.939584,0.956991,0.684828,639.9584,0.912778,0.0
2026-04-23T23:00:00Z,21861.9798,5700.297187,1.096211,0.81,0.72,0.5775,14.4,4.41,,0.36,0.361111,0.743192,0.730998,0.940958,0.957755,0.674504,633.5163,0.914611,0.0
2026-04-24T00:00:00Z,21813.0198,5672.895936,1.09094153,0.4,0.43,0.582678,14.5,4.22,,0.32,0.527778,0.741254,0.728926,0.943953,0.959418,0.670901,632.0093,0.918604,0.0
2026-04-24T01:00:00Z,21889.0488,5715.446765,1.09912438,0.05,0.43,0.586651,14.5,4.28,,0.3,0.583333,0.744263,0.732144,0.944182,0.959545,0.674328,634.3496,0.918909,0.0
2026-04-24T02:00:00Z,22150.9703,5862.035324,1.12731449,-0.22,0.43,0.589148,14.7,3.95,,0.26,0.472222,0.754632,0.743227,0.948322,0.961845,0.684644,642.4119,0.924429,0.0
2026-04-24T03:00:00Z,22559.2818,6090.553295,1.17126025,-0.37,0.43,0.59,14.9,3.42,,0.24,0.361111,0.770795,0.760505,0.953378,0.964655,0.701347,654.9804,0.931171,0.0
2026-04-24T04:00:00Z,23059.1209,6370.296198,1.22505696,-0.32,0.43,0.589148,15.0,3.11,,0.22,0.416667,0.790582,0.781657,0.956635,0.966464,0.723098,670.3663,0.935513,0.0
2026-04-24T05:00:00Z,23627.7092,6688.515623,1.286253,-0.08,0.43,0.586651,15.2,2.85,,0.22,0.666667,0.81309,0.805717,0.958762,0.967645,0.748541,687.8684,0.938349,0.0
2026-04-24T06:00:00Z,24268.6946,7047.253273,1.35524101,0.19,0.43,0.582678,15.3,2.36,,0.2,0.916667,0.838464,0.832841,0.963491,0.970273,0.776188,707.5989,0.944655,0.0
2026-04-24T07:00:00Z,24838.0374,7365.894994,1.41651827,0.39,0.72,0.5775,15.5,2.52,,0.2,0.888889,0.861002,0.856934,0.962182,0.969545,0.803194,725.1242,0.942909,0.0
2026-04-24T08:00:00Z,25330.2544,7641.371985,1.46949461,0.52,0.72,0.57147,15.5,3.06,,0.18,0.805556,0.880487,0.877762,0.958484,0.967491,0.827682,740.2755,0.937978,0.0
2026-04-24T09:00:00Z,25756.5006,7879.927465,1.51537067,0.57,0.72,0.565,15.5,3.41,,0.18,0.611111,0.897361,0.895799,0.95562,0.9659,0.848737,753.396,0.93416,0.0
2026-04-24T10:00:00Z,26086.3451,8064.530141,1.55087118,0.45,0.72,0.55853,15.8,3.64,,0.18,0.361111,0.910418,0.909757,0.953738,0.964855,0.864882,763.5492,0.931651,0.0
2026-04-24T11:00:00Z,26329.8661,8200.837789,1.57708419,0.19,0.72,0.5525,15.8,3.48,,0.18,0.111111,0.92,0.92,0.955047,0.965582,0.875535,771.0461,0.933396,0.0
2026-04-24T12:00:00Z,26434.6685,8260.724848,1.58860093,-0.13,0.72,0.547322,15.8,3.23,,0.18,0.111111,0.92,0.92,0.957093,0.966718,0.874625,774.3399,0.936124,0.0
2026-04-24T13:00:00Z,26389.1905,8234.737455,1.58360336,-0.4,0.72,0.543349,15.7,2.98,,0.18,0.138889,0.92,0.92,0.959138,0.967855,0.873716,772.9106,0.938851,0.0
2026-04-24T14:00:00Z,26205.9301,8131.45778,1.56374188,-0.56,0.72,0.540852,15.6,2.7,,0.16,0.111111,0.915152,0.914818,0.962149,0.969527,0.866694,767.2302,0.942865,0.0
2026-04-24T15:00:00Z,25878.9429,7948.454235,1.52854889,-0.61,0.72,0.54,15.5,2.42,,0.16,0.166667,0.902208,0.900981,0.96444,0.9708,0.8505,757.165,0.94592,0.0
2026-04-24T16:00:00Z,25458.7714,7713.298557,1.48332665,-0.48,0.72,0.540852,15.5,1.98,,0.16,0.472222,0.885575,0.883201,0.96804,0.9728,0.829399,744.2314,0.95072,0.0
2026-04-24T17:00:00Z,24871.2497,7384.482764,1.42009284,-0.15,1.08,0.543349,15.4,2.4,,0.14,0.805556,0.862317,0.858339,0.965324,0.971291,0.803339,726.1466,0.947098,0.0
2026-04-24T18:00:00Z,24235.4128,7028.626554,1.35165895,0.31,1.08,0.547322,15.4,2.87,,0.14,1.166667,0.837147,0.831433,0.961478,0.969155,0.775538,706.5745,0.941971,0.0
2026-04-24T19:00:00Z,23660.1785,6706.68757,1.28974761,0.72,1.08,0.5525,15.3,2.77,,0.14,1.277778,0.814375,0.807091,0.962296,0.969609,0.748477,688.8678,0.943062,0.0
2026-04-24T20:00:00Z,23098.5638,6392.371026,1.22930212,1.06,1.08,0.55853,15.3,2.94,,0.14,1.166667,0.792143,0.783326,0.960905,0.968836,0.72303,671.5804,0.941207,0.0
2026-04-24T21:00:00Z,22627.9559,6128.987847,1.17865151,1.3,1.08,0.565,15.4,2.97,,0.14,1.0,0.773514,0.763411,0.96066,0.9687,0.701298,657.0943,0.94088,0.0
2026-04-24T22:00:00Z,22290.7856,5940.285177,1.14236253,1.39,0.72,0.57147,15.4,2.72,,0.14,0.722222,0.760167,0.749144,0.962705,0.969836,0.68474,646.7157,0.943607,0.0
2026-04-24T23:00:00Z,22070.6453,5817.080155,1.11866926,1.25,0.72,0.5775,15.5,2.65,,0.14,0.333333,0.751452,0.739828,0.963278,0.970155,0.674268,639.9394,0.944371,0.0
2026-04-25T00:00:00Z,21625.4938,5567.944046,1.07075847,0.92,0.43,0.582678,15.7,2.1,,0.14,0.138889,0.73383,0.720991,0.967778,0.972655,0.651608,626.2369,0.950371,0.0
2026-04-25T01:00:00Z,21736.7378,5630.203548,1.08273145,0.53,0.43,0.586651,15.8,1.65,,0.14,0.305556,0.738234,0.725698,0.97146,0.9747,0.655135,629.6612,0.95528,0.0
2026-04-25T02:00:00Z,21979.9601,5766.326735,1.10890899,0.15,0.43,0.589148,16.0,1.36,,0.14,0.416667,0.747862,0.735991,0.973833,0.976018,0.665369,637.148,0.958444,0.0
2026-04-25T03:00:00Z,22280.6946,5934.637551,1.14127645,-0.18,0.43,0.59,16.2,1.92,,0.14,0.388889,0.759767,0.748716,0.969251,0.973473,0.681362,646.4051,0.952335,0.0
2026-04-25T04:00:00Z,22670.5429,6152.822345,1.18323507,-0.4,0.43,0.589148,16.3,2.62,,0.14,0.25,0.7752,0.765213,0.963524,0.970291,0.702001,658.4052,0.944698,0.0
2026-04-25T05:00:00Z,23174.2314,6434.719598,1.23744608,-0.43,0.43,0.586651,16.4,2.84,,0.14,0.055556,0.795139,0.786528,0.961724,0.969291,0.726178,673.9096,0.942298,0.0
2026-04-25T06:00:00Z,23733.0683,6747.481492,1.29759259,-0.26,0.43,0.582678,16.4,2.87,,0.14,0.472222,0.817261,0.810175,0.961478,0.969155,0.752224,691.1115,0.941971,0.0
2026-04-25T07:00:00Z,24311.3287,7071.114119,1.35982964,-0.02,0.72,0.5775,16.4,2.71,,0.14,0.777778,0.840152,0.834645,0.962787,0.969882,0.77848,708.9113,0.943716,0.0
2026-04-25T08:00:00Z,24804.094,7346.897989,1.412865,0.22,0.72,0.57147,16.4,3.0,,0.14,0.861111,0.859659,0.855497,0.960415,0.968564,0.802404,724.0794,0.940553,0.0
2026-04-25T09:00:00Z,25193.871,7565.042887,1.45481594,0.45,0.72,0.565,16.3,3.53,,0.14,0.805556,0.875088,0.871991,0.956078,0.966155,0.822421,736.0774,0.934771,0.0
2026-04-25T10:00:00Z,25417.2059,7690.035786,1.47885304,0.61,0.72,0.55853,16.3,4.45,,0.18,0.694444,0.883929,0.881442,0.947111,0.961173,0.836772,742.952,0.922815,0.0
2026-04-25T11:00:00Z,25559.4426,7769.640812,1.49416169,0.6,0.72,0.5525,16.2,4.94,,0.22,0.5,0.88956,0.887461,0.941662,0.958145,0.845795,747.3302,0.915549,0.0
2026-04-25T12:00:00Z,25598.6604,7791.589692,1.49838263,0.4,0.72,0.547322,16.1,5.1,,0.26,0.222222,0.891112,0.88912,0.938913,0.956618,0.848837,748.5374,0.911884,0.0
2026-04-25T13:00:00Z,25542.5796,7760.203145,1.49234676,0.1,0.72,0.543349,16.0,4.96,,0.26,0.166667,0.888892,0.886747,0.940058,0.957255,0.845725,746.8112,0.913411,0.0
2026-04-25T14:00:00Z,25374.8352,7666.322373,1.47429276,-0.19,0.72,0.540852,15.9,4.57,,0.26,0.25,0.882252,0.879649,0.943249,0.959027,0.836522,741.6477,0.917665,0.0
2026-04-25T15:00:00Z,25093.9162,7509.101604,1.444058,-0.44,0.72,0.54,15.8,4.05,,0.26,0.25,0.871132,0.867761,0.947504,0.961391,0.821593,733.0006,0.923338,0.0
2026-04-25T16:00:00Z,24672.0786,7273.013503,1.39865644,-0.6,0.72,0.540852,15.7,3.91,,0.24,0.194444,0.854433,0.849911,0.949369,0.962427,0.801186,720.0157,0.925825,0.0
2026-04-25T17:00:00Z,24104.9915,6955.634197,1.33762196,-0.57,1.08,0.543349,15.6,4.45,,0.22,0.055556,0.831984,0.825914,0.945671,0.960373,0.776511,702.5599,0.920895,0.0
2026-04-25T18:00:00Z,23519.3213,6627.854635,1.27458743,-0.3,1.08,0.547322,15.6,4.84,,0.2,0.416667,0.808799,0.80113,0.9432,0.959,0.750427,684.532,0.9176,0.0
2026-04-25T19:00:00Z,23002.7936,6338.771716,1.21899456,0.1,1.08,0.5525,15.6,4.53,,0.18,0.777778,0.788352,0.779273,0.946456,0.960809,0.725007,668.6324,0.921942,0.0
2026-04-25T20:00:00Z,22544.1003,6082.056752,1.1696263,0.53,1.08,0.55853,15.7,3.96,,0.16,0.972222,0.770194,0.759863,0.95184,0.9638,0.701326,654.5131,0.92912,0.0
2026-04-25T21:00:00Z,22129.3864,5849.955522,1.12499145,0.93,1.08,0.565,15.7,3.67,,0.14,0.972222,0.753777,0.742314,0.954933,0.965518,0.680704,641.7476,0.933244,0.0
2026-04-25T22:00:00Z,21883.7881,5712.502537,1.09855818,1.26,0.72,0.57147,15.9,2.51,,0.14,0.833333,0.744055,0.731921,0.964424,0.970791,0.665087,634.1876,0.945898,0.0
2026-04-25T23:00:00Z,21684.5608,5601.001841,1.07711574,1.4,0.72,0.5775,16.1,2.35,,0.12,0.611111,0.736168,0.72349,0.966453,0.971918,0.654939,628.0551,0.948604,0.0
2026-04-26T00:00:00Z,21626.5093,5568.512377,1.07086776,1.28,0.43,0.582678,16.2,2.15,,0.12,0.277778,0.73387,0.721034,0.968089,0.972827,0.651517,626.2682,0.950785,0.0
2026-04-26T01:00:00Z,21724.6655,5623.447074,1.08143213,0.95,0.43,0.586651,16.3,1.86,,0.12,0.222222,0.737756,0.725187,0.970462,0.974145,0.655018,629.2896,0.953949,0.0
2026-04-26T02:00:00Z,21949.2269,5749.126393,1.10560123,0.51,0.43,0.589148,16.4,1.79,,0.12,0.472222,0.746646,0.73469,0.971035,0.974464,0.665186,636.202,0.954713,0.0
2026-04-26T03:00:00Z,22314.6308,5953.63052,1.14492895,0.07,0.43,0.59,16.6,1.59,,0.12,0.611111,0.76111,0.750153,0.972671,0.975373,0.681418,647.4497,0.956895,0.0
2026-04-26T04:00:00Z,22755.5141,6200.377833,1.19238035,-0.34,0.43,0.589148,16.8,1.74,,0.12,0.611111,0.778563,0.768809,0.971444,0.974691,0.702425,661.0208,0.955258,0.0
2026-04-26T05:00:00Z,23199.2623,6448.728518,1.2401401,-0.62,0.43,0.586651,17.0,2.7,,0.1,0.444444,0.79613,0.787587,0.964309,0.970727,0.726191,674.6801,0.945745,0.0
2026-04-26T06:00:00Z,23680.065,6717.817358,1.29188795,-0.66,0.43,0.582678,17.3,3.53,,0.1,0.138889,0.815163,0.807933,0.957518,0.966955,0.751524,689.48,0.936691,0.0
2026-04-26T07:00:00Z,24152.1691,6982.037898,1.3426996,-0.47,0.72,0.5775,17.3,4.37,,0.1,0.472222,0.833851,0.82791,0.950645,0.963136,0.776489,704.0121,0.927527,0.0
2026-04-26T08:00:00Z,24613.2251,7240.075226,1.39232216,-0.17,0.72,0.57147,17.1,4.83,,0.12,0.833333,0.852103,0.84742,0.946162,0.960645,0.79988,718.2041,0.921549,0.0
2026-04-26T09:00:00Z,25089.1698,7506.445174,1.44354715,0.17,0.72,0.565,16.9,4.53,,0.12,0.944444,0.870944,0.86756,0.948616,0.962009,0.820878,732.8545,0.924822,0.0
2026-04-26T10:00:00Z,25421.7865,7692.599399,1.47934604,0.53,0.72,0.55853,16.6,4.41,,0.18,0.972222,0.884111,0.881636,0.947438,0.961355,0.836839,743.093,0.923251,0.0
2026-04-26T11:00:00Z,25533.5666,7755.158875,1.49137671,0.79,0.72,0.5525,16.4,5.1,,0.24,0.861111,0.888536,0.886366,0.939633,0.957018,0.845496,746.5337,0.912844,0.0
2026-04-26T12:00:00Z,25468.312,7718.638101,1.48435348,0.82,0.72,0.547322,16.4,6.09,,0.3,0.611111,0.885952,0.883604,0.929373,0.951318,0.847028,744.5251,0.899164,0.0
2026-04-26T13:00:00Z,25358.2491,7657.039681,1.47250763,0.62,0.72,0.543349,16.3,6.42,,0.3,0.25,0.881595,0.878947,0.926673,0.949818,0.843119,741.1372,0.895564,0.0
2026-04-26T14:00:00Z,25100.5711,7512.826086,1.44477425,0.28,0.72,0.540852,16.4,6.84,,0.3,0.277778,0.871395,0.868043,0.923236,0.947909,0.832688,733.2054,0.890982,0.0
2026-04-26T15:00:00Z,24731.5103,7306.275386,1.40505296,-0.09,0.72,0.54,16.4,7.17,,0.3,0.527778,0.856785,0.852426,0.920536,0.946409,0.816759,721.8451,0.887382,0.0
2026-04-26T16:00:00Z,24285.7515,7056.799395,1.35707681,-0.44,0.72,0.540852,16.6,7.3,,0.3,0.611111,0.839139,0.833563,0.919473,0.945818,0.796543,708.124,0.885964,0.0
2026-04-26T17:00:00Z,23843.9593,6809.543393,1.30952758,-0.68,1.08,0.543349,16.7,6.78,,0.28,0.555556,0.821651,0.814868,0.924447,0.948582,0.773828,694.5249,0.892596,0.0
2026-04-26T18:00:00Z,23356.8439,6536.921589,1.25710031,-0.7,1.08,0.547322,16.9,6.23,,0.28,0.305556,0.802368,0.794255,0.928947,0.951082,0.749221,679.5307,0.898596,0.0
2026-04-26T19:00:00Z,22838.2039,6246.656463,1.20128009,-0.45,1.08,0.5525,17.0,5.96,,0.28,0.138889,0.781837,0.772308,0.931156,0.952309,0.724168,663.5661,0.901542,0.0
2026-04-26T20:00:00Z,22304.5131,5947.967937,1.14383999,-0.03,1.08,0.55853,17.2,6.18,,0.3,0.583333,0.76071,0.749724,0.928636,0.950909,0.700519,647.1382,0.898182,0.0
2026-04-26T21:00:00Z,21876.0532,5708.173611,1.09772569,0.44,1.08,0.565,17.3,6.1,,0.3,0.888889,0.743749,0.731594,0.929291,0.951273,0.680343,633.9495,0.899055,0.0
2026-04-26T22:00:00Z,21560.1483,5531.37241,1.06372546,0.93,0.72,0.57147,17.1,5.88,,0.3,0.944444,0.731243,0.718226,0.931091,0.952273,0.664881,624.2255,0.901455,0.0
2026-04-26T23:00:00Z,21361.8816,5420.409326,1.04238641,1.33,0.72,0.5775,17.2,5.73,,0.3,0.861111,0.723395,0.709836,0.932318,0.952955,0.655134,618.1225,0.903091,0.0
2026-04-27T00:00:00Z,21684.6034,5601.025677,1.07712032,1.49,0.43,0.582678,17.3,5.8,,0.3,0.611111,0.73617,0.723492,0.931745,0.952636,0.670366,628.0564,0.902327,0.0
2026-04-27T01:00:00Z,21756.901,5641.488194,1.08490158,1.33,0.43,0.586651,17.4,5.83,,0.3,0.25,0.739032,0.726552,0.9315,0.9525,0.673831,630.2819,0.902,0.0
2026-04-27T02:00:00Z,21959.7587,5755.020728,1.10673476,0.92,0.43,0.589148,17.6,6.02,,0.3,0.416667,0.747062,0.735136,0.929945,0.951636,0.683937,636.5261,0.899927,0.0
2026-04-27T03:00:00Z,22298.3202,5944.501999,1.14317346,0.4,0.43,0.59,17.8,6.13,,0.3,0.777778,0.760465,0.749462,0.929045,0.951136,0.70005,646.9476,0.898727,0.0
2026-04-27T04:00:00Z,22755.7865,6200.530254,1.19240966,-0.12,0.43,0.589148,18.1,6.09,,0.3,0.972222,0.778574,0.768821,0.929373,0.951318,0.721136,661.0292,0.899164,0.0
2026-04-27T05:00:00Z,23287.5197,6498.123175,1.24963907,-0.58,0.43,0.586651,18.4,6.12,,0.28,1.0,0.799623,0.791322,0.929847,0.951582,0.745603,677.3968,0.899796,0.0
2026-04-27T06:00:00Z,23856.9284,6816.801767,1.31092342,-0.86,0.43,0.582678,18.6,6.1,,0.28,0.888889,0.822164,0.815417,0.930011,0.951673,0.771958,694.9241,0.900015,0.0
2026-04-27T07:00:00Z,24377.6561,7108.235255,1.36696832,-0.85,0.72,0.5775,18.7,6.47,,0.3,0.5,0.842778,0.837452,0.926264,0.949591,0.797791,710.9529,0.895018,0.0
2026-04-27T08:00:00Z,24826.5915,7359.489074,1.41528636,-0.59,0.72,0.57147,18.7,7.1,,0.32,0.194444,0.860549,0.856449,0.920389,0.946327,0.821237,724.7719,0.887185,0.0
2026-04-27T09:00:00Z,25245.7912,7594.100842,1.46040401,-0.18,0.72,0.565,18.7,7.3,,0.34,0.527778,0.877144,0.874188,0.918033,0.945018,0.84174,737.6755,0.884044,0.0
2026-04-27T10:00:00Z,25675.7004,7834.706304,1.50667429,0.28,0.72,0.55853,18.9,6.52,,0.36,0.722222,0.894162,0.89238,0.923695,0.948164,0.859176,750.9088,0.891593,0.0
2026-04-27T11:00:00Z,25843.2069,7928.453969,1.52470269,0.75,0.72,0.5525,18.8,6.81,,0.4,0.777778,0.900793,0.899468,0.919882,0.946045,0.868645,756.065,0.886509,0.0
2026-04-27T12:00:00Z,25831.6778,7922.001564,1.52346184,1.06,0.72,0.547322,18.7,7.45,,0.42,0.638889,0.900337,0.898981,0.913925,0.942736,0.870757,755.7101,0.878567,0.0
2026-04-27T13:00:00Z,25741.4471,7871.50253,1.51375049,1.08,0.72,0.543349,18.7,7.65,,0.4,0.333333,0.896765,0.895162,0.913009,0.942227,0.866977,752.9326,0.877345,0.0
2026-04-27T14:00:00Z,25553.7296,7766.44345,1.49354682,0.81,0.72,0.540852,18.7,7.48,,0.38,0.333333,0.889334,0.887219,0.91512,0.9434,0.857327,747.1544,0.88016,0.0
2026-04-27T15:00:00Z,25304.8311,7627.143441,1.46675835,0.38,0.72,0.54,18.6,6.73,,0.36,0.694444,0.879481,0.876686,0.921976,0.947209,0.842728,739.4929,0.889302,0.0
2026-04-27T16:00:00Z,24889.5845,7394.744111,1.42206618,-0.1,0.72,0.540852,18.5,6.54,,0.32,1.0,0.863043,0.859115,0.924971,0.948873,0.822125,726.7109,0.893295,0.0
2026-04-27T17:00:00Z,24417.6188,7130.601027,1.37126943,-0.53,1.08,0.543349,18.5,6.1,,0.3,1.111111,0.84436,0.839143,0.929291,0.951273,0.7983,712.1831,0.899055,0.0
2026-04-27T18:00:00Z,23983.0899,6887.410029,1.32450193,-0.83,1.08,0.547322,18.3,4.94,,0.26,1.0,0.827158,0.820755,0.940222,0.957345,0.773275,698.8076,0.913629,0.0
2026-04-27T19:00:00Z,23598.9296,6672.40867,1.28315551,-0.85,1.08,0.5525,17.9,3.08,,0.24,0.666667,0.811951,0.804499,0.954,0.965,0.749322,686.9825,0.932,0.0
2026-04-27T20:00:00Z,22780.9078,6214.589818,1.19511343,-0.57,1.08,0.55853,18.0,6.01,,0.24,0.25,0.779569,0.769884,0.932187,0.952882,0.721051,661.8024,0.902916,0.0
2026-04-27T21:00:00Z,22156.0184,5864.860567,1.1278578,-0.08,1.08,0.565,17.7,7.96,,0.22,0.583333,0.754832,0.743441,0.916953,0.944418,0.69882,642.5673,0.882604,0.0
2026-04-27T22:00:00Z,21659.6567,5587.063879,1.07443536,0.47,0.72,0.57147,17.3,9.34,,0.34,0.972222,0.735183,0.722437,0.901342,0.935745,0.682721,627.2885,0.861789,0.0
2026-04-27T23:00:00Z,21358.1133,5418.300314,1.04198083,1.02,0.72,0.5775,17.1,10.07,,0.44,1.111111,0.723246,0.709676,0.891769,0.930427,0.672981,618.0065,0.849025,0.0
2026-04-28T00:00:00Z,21279.8908,5374.52188,1.0335619,1.44,0.43,0.582678,16.9,9.77,,0.56,1.0,0.720149,0.706366,0.889904,0.929391,0.670179,615.5987,0.846538,0.0
2026-04-28T01:00:00Z,21400.5284,5442.038629,1.04654589,1.58,0.43,0.586651,16.8,9.01,,0.62,0.722222,0.724925,0.711471,0.893962,0.931645,0.673975,619.3121,0.851949,0.0
2026-04-28T02:00:00Z,21666.4079,5590.842298,1.07516198,1.36,0.43,0.589148,16.7,8.2,,0.68,0.333333,0.73545,0.722722,0.898429,0.934127,0.684329,627.4963,0.857905,0.0
2026-04-28T03:00:00Z,22029.4779,5794.04018,1.1142385,0.87,0.43,0.59,16.6,7.74,,0.74,0.333333,0.749822,0.738086,0.899313,0.934618,0.700787,638.6722,0.859084,0.0
2026-04-28T04:00:00Z,22489.3123,6051.393764,1.16372957,0.3,0.43,0.589148,16.6,7.49,,0.76,0.583333,0.768025,0.757544,0.899918,0.934955,0.721859,652.8267,0.859891,0.0
2026-04-28T05:00:00Z,22950.036,6309.245055,1.21331636,-0.24,0.43,0.586651,16.5,8.05,,0.76,0.722222,0.786264,0.77704,0.895336,0.932409,0.745278,667.0085,0.853782,0.0
2026-04-28T06:00:00Z,23329.3206,6521.517725,1.25413802,-0.68,0.43,0.582678,16.4,9.65,,0.78,0.75,0.801278,0.79309,0.880805,0.924336,0.76934,678.6835,0.834407,0.0
2026-04-28T07:00:00Z,23808.1872,6789.523004,1.3056775,-0.89,0.72,0.5775,16.2,9.93,,0.88,0.527778,0.820235,0.813354,0.877075,0.922264,0.793223,693.4238,0.829433,0.0
2026-04-28T08:00:00Z,24256.8422,7040.619851,1.35396536,-0.76,0.72,0.57147,16.2,10.04,,1.0,0.416667,0.837995,0.83234,0.871855,0.919364,0.816365,707.2341,0.822473,0.0
2026-04-28T09:00:00Z,24575.1215,7218.749936,1.38822114,-0.35,0.72,0.565,16.2,10.69,,1.1,0.944444,0.850595,0.845808,0.862936,0.914409,0.835101,717.0312,0.810582,0.0
2026-04-28T10:00:00Z,24849.9376,7372.555101,1.41779906,0.21,0.72,0.55853,15.8,11.38,,1.02,1.416667,0.861473,0.857437,0.860171,0.912873,0.849084,725.4905,0.806895,0.0
2026-04-28T11:00:00Z,25118.7746,7523.01396,1.44673345,0.82,0.72,0.5525,15.8,11.04,,0.96,1.611111,0.872116,0.868813,0.865113,0.915618,0.859365,733.7658,0.813484,0.0
2026-04-28T12:00:00Z,25315.6542,7633.200775,1.46792323,1.35,0.72,0.547322,15.7,10.25,,0.88,1.555556,0.879909,0.877144,0.874456,0.920809,0.86435,739.826,0.825942,0.0
2026-04-28T13:00:00Z,25268.6884,7606.915634,1.46286839,1.64,0.72,0.543349,15.7,9.99,,0.9,1.25,0.87805,0.875157,0.875864,0.921591,0.861545,738.3804,0.827818,0.0
2026-04-28T14:00:00Z,25165.4511,7549.137251,1.45175716,1.57,0.72,0.540852,15.6,9.11,,0.9,0.694444,0.873963,0.870788,0.883064,0.925591,0.853553,735.2025,0.837418,0.0
2026-04-28T15:00:00Z,24875.556,7386.892818,1.42055631,1.17,0.72,0.54,15.6,8.67,,0.92,0.222222,0.862488,0.858521,0.885944,0.927191,0.838819,726.2791,0.841258,0.0
2026-04-28T16:00:00Z,24318.4291,7075.087946,1.36059384,0.62,0.72,0.540852,15.5,9.68,,0.94,0.472222,0.840433,0.834946,0.87696,0.9222,0.816955,709.1298,0.82928,0.0
2026-04-28T17:00:00Z,23695.5895,6726.50593,1.29355883,0.04,1.08,0.543349,15.2,10.66,,0.98,0.75,0.815777,0.808589,0.867502,0.916945,0.792251,689.9578,0.816669,0.0
2026-04-28T18:00:00Z,23097.3796,6391.708261,1.22917467,-0.44,1.08,0.547322,14.8,11.21,,1.0,0.861111,0.792096,0.783276,0.861562,0.913645,0.767128,671.544,0.808749,0.0
2026-04-28T19:00:00Z,22484.397,6048.64281,1.16320054,-0.76,1.08,0.5525,14.4,11.97,,1.02,0.75,0.767831,0.757336,0.853904,0.909391,0.742082,652.6754,0.798538,0.0
2026-04-28T20:00:00Z,21944.3902,5746.419496,1.10508067,-0.74,1.08,0.55853,14.0,12.48,,1.02,0.472222,0.746454,0.734485,0.848291,0.906273,0.719514,636.0531,0.791055,0.0
2026-04-28T21:00:00Z,21520.8392,5509.372467,1.05949471,-0.41,1.08,0.565,13.8,12.45,,1.04,0.5,0.729687,0.716562,0.844936,0.904409,0.701348,623.0155,0.786582,0.0
2026-04-28T22:00:00Z,21166.8186,5311.239241,1.02139216,0.14,0.72,0.57147,13.6,12.81,,1.04,0.972222,0.715673,0.701582,0.836951,0.899973,0.688466,612.1182,0.775935,0.0
2026-04-28T23:00:00Z,20981.4922,5207.518388,1.00144584,0.75,0.72,0.5775,13.6,12.55,,1.06,1.305556,0.708337,0.693739,0.834758,0.898755,0.680839,606.4135,0.773011,0.0
2026-04-29T00:00:00Z,20923.4137,5175.013831,0.99519497,1.34,0.43,0.582678,13.6,12.42,,1.06,1.361111,0.706038,0.691282,0.831502,0.896945,0.679591,604.6258,0.768669,0.0
2026-04-29T01:00:00Z,20973.8192,5203.224019,1.00062,1.73,0.43,0.586651,13.7,12.64,,1.06,1.111111,0.708033,0.693414,0.828982,0.895545,0.683051,606.1773,0.765309,0.0
2026-04-29T02:00:00Z,21270.4823,5369.256266,1.03254928,1.74,0.43,0.589148,13.8,11.62,,1.04,0.638889,0.719777,0.705968,0.839487,0.901382,0.69215,615.3091,0.779316,0.0
2026-04-29T03:00:00Z,21592.8907,5549.697243,1.06724947,1.37,0.43,0.59,13.9,11.65,,1.04,0.111111,0.73254,0.719611,0.836362,0.899645,0.708502,625.2333,0.775149,0.0
2026-04-29T04:00:00Z,22027.0324,5792.671518,1.11397529,0.76,0.43,0.589148,13.9,11.6,,1.02,0.583333,0.749726,0.737982,0.835331,0.899073,0.72911,638.5969,0.773775,0.0
2026-04-29T05:00:00Z,22538.7584,6079.067055,1.16905136,0.11,0.43,0.586651,13.8,11.48,,1.0,0.944444,0.769983,0.759637,0.834873,0.898818,0.753063,654.3487,0.773164,0.0
2026-04-29T06:00:00Z,23080.0937,6382.033919,1.22731422,-0.48,0.43,0.582678,13.8,11.44,,0.98,1.083333,0.791412,0.782544,0.83664,0.8998,0.777402,671.0119,0.77552,0.0
2026-04-29T07:00:00Z,23596.4928,6671.044861,1.28289324,-0.91,0.72,0.5775,13.8,11.64,,0.96,1.055556,0.811854,0.804396,0.843644,0.903691,0.798256,686.9075,0.784858,0.0
2026-04-29T08:00:00Z,24128.044,6968.53589,1.34010306,-1.05,0.72,0.57147,13.8,11.31,,0.96,0.75,0.832896,0.826889,0.844184,0.903991,0.822686,703.2695,0.785578,0.0
2026-04-29T09:00:00Z,24630.9622,7250.002049,1.39423116,-0.8,0.72,0.565,13.8,10.71,,0.94,0.305556,0.852805,0.848171,0.846933,0.905518,0.844805,718.7501,0.789244,0.0
2026-04-29T10:00:00Z,25074.495,7498.232189,1.44196773,-0.27,0.72,0.55853,13.1,9.81,,0.92,0.666667,0.870363,0.86694,0.860776,0.913209,0.859237,732.4028,0.807702,0.0
2026-04-29T11:00:00Z,25352.5796,7653.866672,1.47189744,0.38,0.72,0.5525,13.1,9.36,,0.88,1.111111,0.881371,0.878707,0.869498,0.918055,0.868267,740.9627,0.819331,0.0
2026-04-29T12:00:00Z,25459.6537,7713.792382,1.48342161,1.04,0.72,0.547322,13.1,9.13,,0.86,1.305556,0.88561,0.883238,0.87498,0.9211,0.8708,744.2586,0.82664,0.0
2026-04-29T13:00:00Z,25370.4481,7663.867073,1.47382059,1.58,0.72,0.543349,13.2,9.4,,0.82,1.194444,0.882078,0.879463,0.877091,0.922273,0.865722,741.5127,0.829455,0.0
2026-04-29T14:00:00Z,25238.5143,7590.028202,1.45962081,1.77,0.72,0.540852,13.3,8.81,,0.8,0.805556,0.876856,0.87388,0.884798,0.926555,0.856173,737.4516,0.839731,0.0
2026-04-29T15:00:00Z,24915.1098,7409.029732,1.42481341,1.56,0.72,0.54,13.3,8.83,,0.76,0.25,0.864053,0.860195,0.886795,0.927664,0.840276,727.4966,0.842393,0.0
2026-04-29T16:00:00Z,24508.2518,7181.325224,1.38102408,1.04,0.72,0.540852,13.4,8.68,,0.72,0.472222,0.847947,0.842978,0.891622,0.930345,0.819248,714.9729,0.848829,0.0
2026-04-29T17:00:00Z,24039.863,6919.184034,1.33061231,0.4,1.08,0.543349,13.4,8.41,,0.68,0.888889,0.829406,0.823158,0.894551,0.931973,0.796208,700.5551,0.852735,0.0
2026-04-29T18:00:00Z,23542.6857,6640.930881,1.27710209,-0.21,1.08,0.547322,13.3,8.02,,0.64,1.166667,0.809724,0.802119,0.899182,0.934545,0.771075,685.2512,0.858909,0.0
2026-04-29T19:00:00Z,22994.0663,6333.887317,1.21805525,-0.7,1.08,0.5525,13.3,8.04,,0.62,1.222222,0.788007,0.778904,0.901898,0.936055,0.744406,668.3638,0.862531,0.0
2026-04-29T20:00:00Z,22480.8603,6046.663444,1.16281989,-0.95,1.08,0.55853,13.4,8.08,,0.6,1.027778,0.767691,0.757187,0.902291,0.936273,0.720412,652.5665,0.863055,0.0
2026-04-29T21:00:00Z,22031.2792,5795.048299,1.11443237,-0.85,1.08,0.565,13.5,8.22,,0.58,0.611111,0.749894,0.738162,0.901865,0.936036,0.699736,638.7277,0.862487,0.0
2026-04-29T22:00:00Z,21728.4755,5625.579382,1.08184219,-0.42,0.72,0.57147,13.7,7.8,,0.58,0.527778,0.737907,0.725349,0.905302,0.937945,0.684155,629.4069,0.867069,0.0
2026-04-29T23:00:00Z,21516.0511,5506.692735,1.05897937,0.18,0.72,0.5775,13.6,7.78,,0.58,0.944444,0.729498,0.71636,0.905465,0.938036,0.674223,622.8681,0.867287,0.0
2026-04-30T00:00:00Z,21448.9266,5469.1254,1.05175488,0.8,0.43,0.582678,13.3,7.71,,0.58,1.166667,0.726841,0.713519,0.906038,0.938355,0.670854,620.8019,0.868051,0.0
2026-04-30T01:00:00Z,21530.1185,5514.565744,1.06049341,1.33,0.43,0.586651,13.4,7.74,,0.54,1.111111,0.730055,0.716955,0.907233,0.939018,0.674091,623.3011,0.869644,0.0
2026-04-30T02:00:00Z,21783.1385,5656.172394,1.08772546,1.58,0.43,0.589148,13.7,7.36,,0.52,0.805556,0.740071,0.727662,0.911062,0.941145,0.684132,631.0895,0.874749,0.0
2026-04-30T03:00:00Z,22156.6939,5865.238612,1.1279305,1.43,0.43,0.59,14.3,7.14,,0.48,0.361111,0.754858,0.743469,0.914302,0.942945,0.700029,642.5881,0.879069,0.0
2026-04-30T04:00:00Z,22660.9358,6147.445548,1.18220107,0.94,0.43,0.589148,14.7,6.6,,0.46,0.5,0.774819,0.764807,0.91944,0.9458,0.721148,658.1095,0.88592,0.0
2026-04-30T05:00:00Z,23250.3768,6477.335568,1.24564146,0.27,0.43,0.586651,15.2,6.06,,0.42,0.888889,0.798153,0.78975,0.925298,0.949055,0.745901,676.2535,0.893731,0.0
2026-04-30T06:00:00Z,23837.8365,6806.116672,1.30886859,-0.38,0.43,0.582678,15.7,5.91,,0.4,1.111111,0.821408,0.814609,0.927245,0.950136,0.772301,694.3364,0.896327,0.0
2026-04-30T07:00:00Z,24460.5517,7154.62912,1.37589022,-0.9,0.72,0.5775,16.1,5.39,,0.4,1.194444,0.846059,0.84096,0.9315,0.9525,0.799311,713.5046,0.902,0.0
2026-04-30T08:00:00Z,25093.4681,7508.850818,1.44400977,-1.21,0.72,0.57147,16.2,4.54,,0.38,1.0,0.871114,0.867742,0.939175,0.956764,0.825274,732.9868,0.912233,0.0
2026-04-30T09:00:00Z,25626.7874,7807.331409,1.50140989,-1.16,0.72,0.565,16.2,3.9,,0.38,0.694444,0.892226,0.89031,0.944411,0.959673,0.847699,749.4032,0.919215,0.0
2026-04-30T10:00:00Z,26125.4115,8086.394283,1.55507582,-0.73,0.72,0.55853,16.2,2.75,,0.36,0.666667,0.911964,0.91141,0.95454,0.9653,0.866339,764.7517,0.93272,0.0
2026-04-30T11:00:00Z,26409.6575,8246.43284,1.58585247,-0.06,0.72,0.5525,16.1,2.37,,0.32,1.25,0.92,0.92,0.959089,0.967827,0.873738,773.5538,0.938785,0.0
2026-04-30T12:00:00Z,26560.497,8332.626873,1.60242824,0.68,0.72,0.547322,15.9,1.8,,0.3,1.611111,0.92,0.92,0.964473,0.970818,0.871345,778.2945,0.945964,0.0
2026-04-30T13:00:00Z,26537.205,8319.317122,1.59986868,1.35,0.72,0.543349,15.8,1.42,,0.28,1.694444,0.92,0.92,0.968302,0.972945,0.869644,777.5624,0.951069,0.0
2026-04-30T14:00:00Z,26222.6302,8140.804283,1.56553929,1.8,0.72,0.540852,15.7,2.31,,0.24,1.444444,0.915813,0.915524,0.96246,0.9697,0.867331,767.7442,0.94328,0.0
2026-04-30T15:00:00Z,25774.5325,7890.019293,1.5173114,1.86,0.72,0.54,15.7,3.13,,0.22,0.888889,0.898075,0.896562,0.956471,0.966373,0.849196,753.9511,0.935295,0.0
2026-04-30T16:00:00Z,25243.0765,7592.581532,1.46011183,1.49,0.72,0.540852,15.7,3.71,,0.22,0.25,0.877036,0.874073,0.951725,0.963736,0.82664,737.592,0.928967,0.0
2026-04-30T17:00:00Z,24655.505,7263.737819,1.39687266,0.87,1.08,0.543349,15.7,4.21,,0.2,0.388889,0.853777,0.849209,0.948355,0.961864,0.800868,719.5056,0.924473,0.0
2026-04-30T18:00:00Z,24027.2077,6912.101262,1.32925024,0.19,1.08,0.547322,15.8,4.7,,0.2,0.888889,0.828905,0.822622,0.944345,0.959636,0.77349,700.1656,0.919127,0.0
2026-04-30T19:00:00Z,23458.7214,6593.938897,1.26806517,-0.41,1.08,0.5525,15.8,4.63,,0.2,1.111111,0.806401,0.798566,0.944918,0.959955,0.746851,682.6666,0.919891,0.0
2026-04-30T20:00:00Z,22988.922,6331.008259,1.21750159,-0.84,1.08,0.55853,15.9,3.92,,0.2,1.055556,0.787803,0.778686,0.950727,0.963182,0.722465,668.2055,0.927636,0.0
2026-04-30T21:00:00Z,22524.607,6071.146997,1.16752827,-0.98,1.08,0.565,15.8,3.93,,0.2,0.777778,0.769423,0.759038,0.950645,0.963136,0.700952,653.9131,0.927527,0.0
2026-04-30T22:00:00Z,22106.3253,5837.049001,1.12250942,-0.76,0.72,0.57147,15.8,4.65,,0.2,0.222222,0.752864,0.741338,0.944755,0.959864,0.684157,641.0377,0.919673,0.0
2026-04-30T23:00:00Z,21841.3051,5688.726249,1.09398582,-0.24,0.72,0.5775,15.9,5.09,,0.22,0.5,0.742373,0.730123,0.940435,0.957464,0.673777,632.8799,0.913913,0.0
2026-05-01T00:00:00Z,21360.469,5419.618754,1.04223438,0.38,0.43,0.582678,15.9,4.9,,0.22,0.944444,0.723339,0.709776,0.941989,0.958327,0.65077,618.079,0.915985,0.0
2026-05-01T01:00:00Z,21423.0958,5454.668839,1.04897478,0.97,0.43,0.586651,16.0,5.02,,0.22,1.111111,0.725818,0.712426,0.941007,0.957782,0.654113,620.0068,0.914676,0.0
2026-05-01T02:00:00Z,21659.4481,5586.94711,1.07441291,1.38,0.43,0.589148,16.3,4.73,,0.22,0.916667,0.735174,0.722428,0.94338,0.9591,0.664028,627.2821,0.91784,0.0
2026-05-01T03:00:00Z,22071.9647,5817.818548,1.11881126,1.46,0.43,0.59,16.6,3.87,,0.22,0.444444,0.751504,0.739884,0.950416,0.963009,0.680046,639.98,0.927222,0.0
2026-05-01T04:00:00Z,22603.5255,6115.31497,1.17602211,1.13,0.43,0.589148,16.9,2.96,,0.2,0.166667,0.772547,0.762377,0.958582,0.967545,0.701087,656.3423,0.938109,0.0
2026-05-01T05:00:00Z,23186.0845,6441.353349,1.2387218,0.52,0.43,0.586651,17.2,2.31,,0.2,0.777778,0.795608,0.787029,0.9639,0.9705,0.725761,674.2744,0.9452,0.0
2026-05-01T06:00:00Z,23811.024,6791.110667,1.30598282,-0.18,0.43,0.582678,17.5,1.74,,0.18,1.138889,0.820347,0.813474,0.969284,0.973491,0.752373,693.5111,0.952378,0.0
2026-05-01T07:00:00Z,24301.0281,7065.349197,1.358721,-0.78,0.72,0.5775,17.7,2.53,,0.16,1.277778,0.839744,0.834209,0.96354,0.9703,0.777667,708.5942,0.94472,0.0
2026-05-01T08:00:00Z,24713.6527,7296.281076,1.40313098,-1.2,0.72,0.57147,17.6,3.56,,0.16,1.138889,0.856078,0.85167,0.955113,0.965618,0.800563,721.2955,0.933484,0.0
2026-05-01T09:00:00Z,25011.5342,7462.995213,1.43519139,-1.36,0.72,0.565,17.2,4.95,,0.14,0.75,0.86787,0.864275,0.94446,0.9597,0.819123,730.4647,0.91928,0.0
2026-05-01T10:00:00Z,25200.4481,7568.723868,1.45552382,-1.13,0.72,0.55853,16.7,6.07,,0.2,0.25,0.875349,0.872269,0.933136,0.953409,0.832923,736.2798,0.904182,0.0
2026-05-01T11:00:00Z,25301.7106,7625.397027,1.46642251,-0.54,0.72,0.5525,16.5,6.76,,0.28,0.75,0.879357,0.876554,0.924611,0.948673,0.841412,739.3968,0.892815,0.0
2026-05-01T12:00:00Z,25334.6814,7643.849674,1.46997109,0.22,0.72,0.547322,16.5,6.9,,0.34,1.361111,0.880663,0.87795,0.921305,0.946836,0.844411,740.4117,0.888407,0.0
2026-05-01T13:00:00Z,25252.9528,7598.108937,1.4611748,0.96,0.72,0.543349,16.5,6.93,,0.36,1.555556,0.877427,0.874491,0.92034,0.9463,0.841047,737.896,0.88712,0.0
2026-05-01T14:00:00Z,24976.1114,7443.170252,1.43137889,1.55,0.72,0.540852,16.4,7.47,,0.38,1.416667,0.866468,0.862776,0.915202,0.943445,0.830482,729.3744,0.880269,0.0
2026-05-01T15:00:00Z,24565.3244,7213.266812,1.38716669,1.85,0.72,0.54,16.3,8.14,,0.4,1.0,0.850207,0.845393,0.909,0.94,0.814173,716.7297,0.872,0.0
2026-05-01T16:00:00Z,24090.3221,6947.424243,1.33604312,1.74,0.72,0.540852,16.3,8.53,,0.42,0.416667,0.831403,0.825293,0.905089,0.937827,0.793866,702.1083,0.866785,0.0
2026-05-01T17:00:00Z,23574.6977,6658.846877,1.28054748,1.26,1.08,0.543349,16.3,8.61,,0.46,0.472222,0.810992,0.803474,0.902995,0.936664,0.770866,686.2366,0.863993,0.0
2026-05-01T18:00:00Z,23037.9089,6358.424528,1.22277395,0.58,1.08,0.547322,16.3,8.62,,0.48,1.055556,0.789742,0.780759,0.902193,0.936218,0.746309,669.7133,0.862924,0.0
2026-05-01T19:00:00Z,22479.8661,6046.107074,1.1627129,-0.09,1.08,0.5525,16.4,8.8,,0.52,1.416667,0.767651,0.757145,0.89928,0.9346,0.721704,652.5359,0.85904,0.0
2026-05-01T20:00:00Z,21960.7372,5755.568339,1.10684007,-0.65,1.08,0.55853,16.4,9.04,,0.54,1.444444,0.747101,0.735177,0.896596,0.933109,0.698804,636.5563,0.855462,0.0
2026-05-01T21:00:00Z,21520.0243,5508.916378,1.059407,-0.99,1.08,0.565,16.5,9.14,,0.58,1.305556,0.729655,0.716528,0.894338,0.931855,0.679353,622.9904,0.852451,0.0
2026-05-01T22:00:00Z,21201.3561,5330.568691,1.02510936,-1.03,0.72,0.57147,16.7,9.03,,0.6,0.861111,0.71704,0.703043,0.894518,0.931955,0.664484,613.1813,0.852691,0.0
2026-05-01T23:00:00Z,20959.0352,5194.949921,0.99902883,-0.68,0.72,0.5775,16.8,9.45,,0.62,0.222222,0.707448,0.692789,0.890362,0.929645,0.655084,605.7222,0.847149,0.0
2026-05-02T00:00:00Z,20466.8994,4919.51837,0.94606123,-0.08,0.43,0.582678,17.0,10.09,,0.64,0.583333,0.687966,0.671964,0.884405,0.926336,0.634891,590.5735,0.839207,0.0
2026-05-02T01:00:00Z,20516.9602,4947.535645,0.95144916,0.53,0.43,0.586651,17.3,10.29,,0.64,0.888889,0.689948,0.674082,0.882769,0.925427,0.637942,592.1145,0.837025,0.0
2026-05-02T02:00:00Z,20711.5838,5056.459865,0.97239613,1.03,0.43,0.589148,17.6,10.2,,0.66,0.916667,0.697652,0.682318,0.882785,0.925436,0.646967,598.1053,0.837047,0.0
2026-05-02T03:00:00Z,21014.44,5225.958126,1.00499195,1.29,0.43,0.59,17.8,10.24,,0.66,0.638889,0.709641,0.695133,0.882458,0.925255,0.661169,607.4277,0.836611,0.0
2026-05-02T04:00:00Z,21418.4912,5452.091773,1.04847919,1.2,0.43,0.589148,18.0,10.18,,0.66,0.444444,0.725636,0.712231,0.882949,0.925527,0.679703,619.865,0.837265,0.0
2026-05-02T05:00:00Z,21871.2361,5705.477607,1.09720723,0.75,0.43,0.586651,18.2,10.25,,0.68,0.75,0.743558,0.73139,0.881656,0.924809,0.70129,633.8013,0.835542,0.0
2026-05-02T06:00:00Z,22359.8817,5978.955877,1.14979921,0.08,0.43,0.582678,18.3,10.35,,0.68,1.25,0.762902,0.752067,0.880838,0.924355,0.724332,648.8426,0.834451,0.0
2026-05-02T07:00:00Z,22816.0951,6234.282936,1.19890056,-0.59,0.72,0.5775,18.3,10.83,,0.66,1.472222,0.780961,0.771373,0.877631,0.922573,0.746931,662.8856,0.830175,0.0
2026-05-02T08:00:00Z,23291.6073,6500.410893,1.25007902,-1.09,0.72,0.57147,18.2,10.7,,0.66,1.444444,0.799785,0.791494,0.875815,0.921564,0.769808,677.5226,0.827753,0.0
2026-05-02T09:00:00Z,23791.8569,6780.383453,1.30391989,-1.37,0.72,0.565,18.1,9.8,,0.64,1.194444,0.819588,0.812663,0.882458,0.925255,0.790072,692.9211,0.836611,0.0
2026-05-02T10:00:00Z,24337.1431,7085.561564,1.36260799,-1.34,0.72,0.55853,18.5,7.82,,0.58,0.694444,0.841174,0.835738,0.901538,0.935855,0.8069,709.7059,0.862051,0.0
2026-05-02T11:00:00Z,24545.8018,7202.340663,1.38506551,-0.92,0.72,0.5525,18.5,7.84,,0.54,0.083333,0.849434,0.844567,0.905695,0.938164,0.814736,716.1287,0.867593,0.0
2026-05-02T12:00:00Z,24696.7827,7286.839524,1.40131529,-0.21,0.72,0.547322,18.3,7.28,,0.48,0.722222,0.855411,0.850956,0.913156,0.942309,0.818427,720.7762,0.877542,0.0
2026-05-02T13:00:00Z,24758.6645,7321.47267,1.40797551,0.59,0.72,0.543349,18.4,6.18,,0.46,1.166667,0.85786,0.853575,0.922876,0.947709,0.816979,722.681,0.890502,0.0
2026-05-02T14:00:00Z,24619.173,7243.404052,1.39296232,1.27,0.72,0.540852,18.4,5.75,,0.42,1.25,0.852338,0.847672,0.927835,0.950464,0.808302,718.3872,0.897113,0.0
2026-05-02T15:00:00Z,24284.1648,7055.911403,1.35690604,1.72,0.72,0.54,18.2,5.95,,0.4,1.0,0.839077,0.833496,0.924038,0.948355,0.794441,708.0751,0.892051,0.0
2026-05-02T16:00:00Z,23974.0856,6882.370664,1.32353282,1.83,0.72,0.540852,18.0,4.98,,0.38,0.5,0.826802,0.820374,0.926215,0.949564,0.779082,698.5304,0.894953,0.0
2026-05-02T17:00:00Z,23662.6646,6708.078985,1.29001519,1.56,1.08,0.543349,17.7,3.31,,0.34,0.361111,0.814474,0.807196,0.935558,0.954755,0.760476,688.9443,0.907411,0.0
2026-05-02T18:00:00Z,23169.242,6431.927207,1.23690908,0.97,1.08,0.547322,17.5,2.95,,0.32,0.916667,0.794941,0.786316,0.934184,0.953991,0.738187,673.756,0.905578,0.0
2026-05-02T19:00:00Z,22470.0036,6040.587346,1.16165141,0.28,1.08,0.5525,17.4,4.76,,0.32,1.361111,0.767261,0.756727,0.933775,0.953764,0.705916,652.2323,0.905033,0.0
2026-05-02T20:00:00Z,21808.1329,5670.160938,1.09041557,-0.35,1.08,0.55853,17.4,6.67,,0.34,1.555556,0.74106,0.728719,0.915267,0.943482,0.683423,631.8589,0.880356,0.0
2026-05-02T21:00:00Z,21377.3484,5429.065529,1.04405106,-0.8,1.08,0.565,17.8,6.86,,0.34,1.472222,0.724007,0.71049,0.909393,0.940218,0.666041,618.5986,0.872524,0.0
2026-05-02T22:00:00Z,21019.1211,5228.577969,1.00549576,-1.0,0.72,0.57147,17.3,7.3,,0.36,1.138889,0.709826,0.695332,0.900753,0.935418,0.653255,607.5718,0.861004,0.0
2026-05-02T23:00:00Z,20738.925,5071.761764,0.9753388,-0.88,0.72,0.5775,17.2,8.21,,0.4,0.638889,0.698734,0.683475,0.885387,0.926882,0.64708,598.9469,0.840516,0.0
2026-05-03T00:00:00Z,20731.3965,5067.548338,0.97452853,-0.42,0.43,0.582678,16.9,7.38,,0.42,0.277778,0.698436,0.683156,0.883538,0.925855,0.647552,598.7152,0.838051,0.0
2026-05-03T01:00:00Z,20838.1424,5127.2904,0.98601738,0.19,0.43,0.586651,16.7,6.82,,0.44,0.694444,0.702662,0.687673,0.90252,0.9364,0.64407,602.001,0.86336,0.0
2026-05-03T02:00:00Z,20951.6031,5190.790476,0.99822894,0.72,0.43,0.589148,16.6,7.83,,0.46,0.888889,0.707153,0.692474,0.906496,0.938609,0.647569,605.4935,0.868662,0.0
2026-05-03T03:00:00Z,21283.9285,5376.781603,1.03399646,1.06,0.43,0.59,16.7,7.55,,0.48,0.694444,0.720309,0.706537,0.910227,0.940682,0.661334,615.723,0.873636,0.0
2026-05-03T04:00:00Z,21697.5472,5608.269911,1.07851344,1.16,0.43,0.589148,16.9,7.45,,0.5,0.25,0.736683,0.72404,0.911045,0.941136,0.680167,628.4548,0.874727,0.0
2026-05-03T05:00:00Z,22147.9907,5860.367709,1.12699379,0.93,0.43,0.586651,17.2,7.63,,0.54,0.25,0.754514,0.743101,0.908133,0.939518,0.702367,642.3202,0.870844,0.0
2026-05-03T06:00:00Z,22619.5416,6124.278644,1.17774589,0.41,0.43,0.582678,17.7,7.99,,0.56,0.805556,0.773181,0.763055,0.904467,0.937482,0.725882,656.8353,0.865956,0.0
2026-05-03T07:00:00Z,23093.5652,6389.573484,1.22876413,-0.23,0.72,0.5775,18.1,8.35,,0.56,1.277778,0.791945,0.783114,0.901522,0.935845,0.749191,671.4265,0.862029,0.0
2026-05-03T08:00:00Z,23600.249,6673.147059,1.28329751,-0.79,0.72,0.57147,18.5,8.03,,0.56,1.388889,0.812003,0.804555,0.90414,0.9373,0.771543,687.0231,0.86552,0.0
2026-05-03T09:00:00Z,24046.5727,6922.939218,1.33133447,-1.15,0.72,0.565,18.8,7.67,,0.56,1.194444,0.829671,0.823442,0.907085,0.938936,0.790948,700.7617,0.869447,0.0
2026-05-03T10:00:00Z,24406.8276,7124.561556,1.37010799,-1.25,0.72,0.55853,18.6,7.31,,0.54,0.833333,0.843932,0.838686,0.910751,0.940973,0.806039,711.8509,0.874335,0.0
2026-05-03T11:00:00Z,24617.1275,7242.259241,1.39274216,-1.01,0.72,0.5525,18.6,7.2,,0.54,0.472222,0.852257,0.847585,0.911651,0.941473,0.815399,718.3243,0.875535,0.0
2026-05-03T12:00:00Z,24673.8168,7273.986296,1.39884352,-0.41,0.72,0.547322,18.3,7.36,,0.52,0.805556,0.854501,0.849984,0.911062,0.941145,0.818292,720.0692,0.874749,0.0
2026-05-03T13:00:00Z,24500.6659,7177.079688,1.38020763,0.42,0.72,0.543349,17.3,8.37,,0.5,1.472222,0.847647,0.842657,0.903518,0.936955,0.813609,714.7394,0.864691,0.0
2026-05-03T14:00:00Z,24329.7357,7081.415896,1.36181075,1.21,0.72,0.540852,16.4,8.2,,0.48,1.861111,0.840881,0.835424,0.905629,0.938127,0.804738,709.4779,0.867505,0.0
2026-05-03T15:00:00Z,24148.5126,6979.991473,1.34230605,1.77,0.72,0.54,16.2,7.03,,0.46,1.805556,0.833707,0.827755,0.915922,0.943845,0.791752,703.8995,0.881229,0.0
2026-05-03T16:00:00Z,23867.4969,6822.716598,1.31206088,2.07,0.72,0.540852,16.2,5.76,,0.46,1.388889,0.822582,0.815864,0.926313,0.949618,0.774092,695.2494,0.895084,0.0
2026-05-03T17:00:00Z,23519.0857,6627.72273,1.27456206,2.02,1.08,0.543349,16.2,4.38,,0.46,0.805556,0.80879,0.80112,0.937604,0.955891,0.752903,684.5248,0.910138,0.0
2026-05-03T18:00:00Z,23142.8963,6417.182392,1.23407354,1.61,1.08,0.547322,16.2,2.79,,0.46,0.111111,0.793898,0.785202,0.950613,0.963118,0.729662,672.945,0.927484,0.0
2026-05-03T19:00:00Z,22723.4502,6182.432738,1.18892937,0.96,1.08,0.5525,16.1,1.71,,0.4,0.5,0.777294,0.767452,0.961609,0.969227,0.705308,660.0338,0.942145,0.0
2026-05-03T20:00:00Z,22177.6878,5876.988179,1.13019003,0.28,1.08,0.55853,15.9,2.33,,0.36,0.944444,0.755689,0.744358,0.957976,0.967209,0.681593,643.2343,0.937302,0.0
2026-05-03T21:00:00Z,21682.6719,5599.944703,1.07691244,-0.29,1.08,0.565,15.9,3.3,,0.3,1.055556,0.736094,0.72341,0.9522,0.964,0.661186,627.997,0.9296,0.0
2026-05-03T22:00:00Z,21339.0801,5407.648074,1.03993232,-0.66,0.72,0.57147,15.9,3.62,,0.26,0.916667,0.722492,0.708871,0.951022,0.963345,0.645763,617.4206,0.928029,0.0
2026-05-03T23:00:00Z,21165.5994,5310.556848,1.02126093,-0.77,0.72,0.5775,16.1,3.27,,0.24,0.583333,0.715625,0.70153,0.954605,0.965336,0.636119,612.0806,0.932807,0.0
2026-05-04T00:00:00Z,21439.3332,5463.756338,1.05072237,-0.54,0.43,0.582678,16.2,3.99,,0.2,0.138889,0.726461,0.713113,0.950155,0.962864,0.650801,620.5066,0.926873,0.0
2026-05-04T01:00:00Z,21456.1847,5473.18753,1.05253606,-0.03,0.43,0.586651,16.3,4.74,,0.18,0.611111,0.727128,0.713826,0.944738,0.959855,0.65399,621.0253,0.919651,0.0
2026-05-04T02:00:00Z,21668.2134,5591.852756,1.0753563,0.52,0.43,0.589148,16.5,4.75,,0.18,1.0,0.735521,0.722799,0.944656,0.959809,0.663867,627.5519,0.919542,0.0
2026-05-04T03:00:00Z,22027.7318,5793.062901,1.11405056,0.91,0.43,0.59,16.7,4.57,,0.16,1.0,0.749753,0.738012,0.946849,0.961027,0.679579,638.6185,0.922465,0.0
2026-05-04T04:00:00Z,22510.3808,6063.185077,1.16599713,1.07,0.43,0.589148,17.1,4.12,,0.16,0.666667,0.768859,0.758436,0.950531,0.963073,0.700343,653.4752,0.927375,0.0
2026-05-04T05:00:00Z,23079.3031,6381.591479,1.22722913,0.98,0.43,0.586651,17.5,3.63,,0.14,0.25,0.791381,0.782511,0.95526,0.9657,0.724645,670.9875,0.93368,0.0
2026-05-04T06:00:00Z,23685.9213,6721.094938,1.29251826,0.61,0.43,0.582678,17.9,3.13,,0.14,0.305556,0.815395,0.80818,0.959351,0.967973,0.750981,689.6602,0.939135,0.0
2026-05-04T07:00:00Z,24264.0259,7044.640315,1.35473852,0.04,0.72,0.5775,18.2,2.95,,0.14,0.75,0.838279,0.832644,0.960824,0.968791,0.777157,707.4552,0.941098,0.0
2026-05-04T08:00:00Z,24748.6864,7315.888247,1.40690159,-0.56,0.72,0.57147,18.3,3.36,,0.12,1.055556,0.857465,0.853153,0.958189,0.967327,0.800822,722.3739,0.937585,0.0
2026-05-04T09:00:00Z,25137.7885,7533.655404,1.44877989,-1.02,0.72,0.565,18.0,3.88,,0.12,1.0,0.872868,0.869618,0.953935,0.964964,0.820771,734.351,0.931913,0.0
2026-05-04T10:00:00Z,25352.7685,7653.972375,1.47191776,-1.26,0.72,0.55853,18.2,4.8,,0.18,0.777778,0.881379,0.878715,0.944247,0.959582,0.835054,740.9685,0.918996,0.0
2026-05-04T11:00:00Z,25400.9676,7680.947783,1.47710534,-1.22,0.72,0.5525,18.2,6.03,,0.24,0.305556,0.883287,0.880755,0.932024,0.952791,0.842724,742.4521,0.902698,0.0
2026-05-04T12:00:00Z,25386.6114,7672.913121,1.47556022,-0.87,0.72,0.547322,18.1,6.58,,0.3,0.305556,0.882718,0.880147,0.925364,0.949091,0.845018,742.0102,0.893818,0.0
2026-05-04T13:00:00Z,25331.6038,7642.127226,1.46963985,-0.21,0.72,0.543349,18.1,6.44,,0.3,0.888889,0.880541,0.877819,0.926509,0.949727,0.841956,740.317,0.895345,0.0
2026-05-04T14:00:00Z,25083.2786,7503.148094,1.4429131,0.53,0.72,0.540852,18.2,6.72,,0.32,1.305556,0.87071,0.867311,0.923498,0.948055,0.831769,732.6731,0.891331,0.0
2026-05-04T15:00:00Z,24706.9075,7292.506055,1.40240501,1.13,0.72,0.54,18.1,7.12,,0.32,1.361111,0.855811,0.851385,0.920225,0.946236,0.815755,721.0878,0.886967,0.0
2026-05-04T16:00:00Z,24263.0652,7044.102682,1.35463513,1.5,0.72,0.540852,18.1,7.24,,0.32,1.055556,0.838241,0.832603,0.919244,0.945691,0.795592,707.4256,0.885658,0.0
2026-05-04T17:00:00Z,23778.0805,6772.673319,1.30243718,1.6,1.08,0.543349,18.0,7.02,,0.34,0.611111,0.819043,0.81208,0.920324,0.946291,0.772604,692.497,0.887098,0.0
2026-05-04T18:00:00Z,23270.0659,6488.354903,1.24776056,1.42,1.08,0.547322,17.9,6.71,,0.34,0.25,0.798932,0.790583,0.92286,0.9477,0.747899,676.8595,0.89048,0.0
2026-05-04T19:00:00Z,22710.8721,6175.393238,1.18757562,0.95,1.08,0.5525,17.9,6.85,,0.36,0.638889,0.776796,0.76692,0.920995,0.946664,0.722775,659.6466,0.887993,0.0
2026-05-04T20:00:00Z,22217.4475,5899.24034,1.1344693,0.33,1.08,0.55853,17.9,6.75,,0.36,1.055556,0.757263,0.74604,0.921813,0.947118,0.699511,644.4582,0.889084,0.0
2026-05-04T21:00:00Z,21782.8325,5656.001149,1.08769253,-0.27,1.08,0.565,17.8,6.72,,0.38,1.25,0.740059,0.727649,0.921338,0.946855,0.679551,631.0801,0.888451,0.0
2026-05-04T22:00:00Z,21468.2808,5479.957301,1.05383794,-0.71,0.72,0.57147,17.8,6.52,,0.38,1.138889,0.727607,0.714338,0.922975,0.947764,0.664225,621.3977,0.890633,0.0
2026-05-04T23:00:00Z,21235.7967,5349.843906,1.02881614,-0.94,0.72,0.5775,17.8,6.75,,0.4,0.861111,0.718404,0.7045,0.920373,0.946318,0.654591,614.2414,0.887164,0.0
2026-05-05T00:00:00Z,21167.262,5311.487347,1.02143987,-0.9,0.43,0.582678,17.9,6.72,,0.4,0.388889,0.715691,0.7016,0.920618,0.946455,0.651301,612.1318,0.887491,0.0
2026-05-05T01:00:00Z,21209.2439,5334.983229,1.02595831,-0.57,0.43,0.586651,17.9,6.95,,0.44,0.166667,0.717352,0.703377,0.917296,0.944609,0.654726,613.4241,0.883062,0.0
2026-05-05T02:00:00Z,21387.0973,5434.521672,1.04510032,-0.06,0.43,0.589148,18.1,7.18,,0.48,0.638889,0.724393,0.710903,0.913975,0.942764,0.664457,618.8987,0.878633,0.0
2026-05-05T03:00:00Z,21675.1631,5595.742281,1.07610428,0.38,0.43,0.59,18.2,7.53,,0.52,0.861111,0.735796,0.723093,0.909671,0.940373,0.679739,627.7658,0.872895,0.0
2026-05-05T04:00:00Z,22050.7321,5805.935386,1.11652604,0.62,0.43,0.589148,18.4,8.04,,0.54,0.694444,0.750664,0.738985,0.904778,0.937655,0.699344,639.3264,0.866371,0.0
2026-05-05T05:00:00Z,22518.2886,6067.610793,1.16684823,0.65,0.43,0.586651,18.5,8.33,,0.54,0.416667,0.769172,0.758771,0.902405,0.936336,0.722099,653.7186,0.863207,0.0
2026-05-05T06:00:00Z,23023.0746,6350.122267,1.22117736,0.46,0.43,0.582678,18.5,8.52,,0.56,0.472222,0.789155,0.780131,0.900131,0.935073,0.746537,669.2567,0.860175,0.0
2026-05-05T07:00:00Z,23521.6525,6629.159318,1.27483833,0.06,0.72,0.5775,18.5,8.81,,0.56,0.833333,0.808892,0.801229,0.897758,0.933755,0.770732,684.6038,0.857011,0.0
2026-05-05T08:00:00Z,23968.5126,6879.251615,1.322933,-0.46,0.72,0.57147,18.5,9.16,,0.58,1.138889,0.826581,0.820139,0.894175,0.931764,0.793064,698.3588,0.852233,0.0
2026-05-05T09:00:00Z,24359.9174,7098.307517,1.36505914,-0.96,0.72,0.565,18.4,9.42,,0.58,1.25,0.842075,0.836701,0.892047,0.930582,0.812175,710.4069,0.849396,0.0
2026-05-05T10:00:00Z,24705.4784,7291.706208,1.40225119,-1.29,0.72,0.55853,18.6,9.15,,0.6,1.138889,0.855755,0.851324,0.893536,0.931409,0.827551,721.0438,0.851382,0.0
2026-05-05T11:00:00Z,24854.7639,7375.256197,1.4183185,-1.36,0.72,0.5525,18.5,9.61,,0.6,0.75,0.861664,0.857641,0.889773,0.929318,0.836152,725.6391,0.846364,0.0
2026-05-05T12:00:00Z,24878.9811,7388.809768,1.42092496,-1.16,0.72,0.547322,18.4,9.93,,0.62,0.194444,0.862623,0.858666,0.886435,0.927464,0.83876,726.3845,0.841913,0.0
2026-05-05T13:00:00Z,24814.1323,7352.516122,1.41394541,-0.68,0.72,0.543349,18.4,9.96,,0.6,0.416667,0.860056,0.855922,0.886909,0.927727,0.835539,724.3884,0.842545,0.0
2026-05-05T14:00:00Z,24658.6106,7265.475898,1.3972069,0.04,0.72,0.540852,18.3,9.56,,0.6,0.916667,0.8539,0.849341,0.890182,0.929545,0.826867,719.6012,0.846909,0.0
2026-05-05T15:00:00Z,24358.8025,7097.683586,1.36493915,0.75,0.72,0.54,18.2,9.43,,0.58,1.25,0.842031,0.836654,0.891965,0.930536,0.812159,710.3726,0.849287,0.0
2026-05-05T16:00:00Z,23932.9399,6859.342795,1.31910438,1.24,0.72,0.540852,18.1,9.49,,0.58,1.166667,0.825173,0.818633,0.891475,0.930264,0.792613,697.2639,0.848633,0.0
2026-05-05T17:00:00Z,23488.5316,6610.622697,1.2712736,1.48,1.08,0.543349,18.0,9.13,,0.56,0.75,0.807581,0.799828,0.89514,0.9323,0.770358,683.5842,0.85352,0.0
2026-05-05T18:00:00Z,23049.7763,6365.066336,1.22405122,1.46,1.08,0.547322,17.8,8.25,,0.56,0.388889,0.790212,0.781261,0.90234,0.9363,0.746795,670.0786,0.86312,0.0
2026-05-05T19:00:00Z,22605.0337,6116.159067,1.17618444,1.2,1.08,0.5525,17.7,7.41,,0.54,0.5,0.772606,0.762441,0.909933,0.940518,0.722779,656.3887,0.873244,0.0
2026-05-05T20:00:00Z,22128.5776,5849.502881,1.1249044,0.72,1.08,0.55853,17.6,7.3,,0.5,0.888889,0.753745,0.742279,0.912273,0.941818,0.699626,641.7227,0.876364,0.0
2026-05-05T21:00:00Z,21711.8441,5616.271354,1.08005218,0.16,1.08,0.565,17.4,7.23,,0.48,1.166667,0.737248,0.724645,0.913565,0.942536,0.67971,628.8949,0.878087,0.0
2026-05-05T22:00:00Z,21443.237,5465.941168,1.05114253,-0.33,0.72,0.57147,17.6,6.57,,0.46,1.25,0.726615,0.713278,0.919685,0.945936,0.664524,620.6268,0.886247,0.0
2026-05-05T23:00:00Z,21232.9372,5348.243526,1.02850837,-0.62,0.72,0.5775,17.6,6.66,,0.44,1.055556,0.71829,0.704379,0.919669,0.945927,0.654771,614.1534,0.886225,0.0
2026-05-06T00:00:00Z,21149.2185,5301.389031,1.01949789,-0.71,0.43,0.582678,17.8,6.88,,0.42,0.694444,0.714976,0.700837,0.918589,0.945327,0.651366,611.5764,0.884785,0.0
2026-05-06T01:00:00Z,21214.7587,5338.069677,1.02655186,-0.56,0.43,0.586651,18.0,6.82,,0.46,0.277778,0.717571,0.70361,0.91764,0.9448,0.654829,613.5938,0.88352,0.0
2026-05-06T02:00:00Z,21421.7411,5453.910655,1.04882897,-0.19,0.43,0.589148,18.1,6.64,,0.52,0.333333,0.725764,0.712369,0.916953,0.944418,0.664741,619.9651,0.882604,0.0
2026-05-06T03:00:00Z,21716.1595,5618.686539,1.08051664,0.27,0.43,0.59,18.2,6.93,,0.56,0.722222,0.737419,0.724828,0.91314,0.9423,0.6801,629.0278,0.87752,0.0
2026-05-06T04:00:00Z,22129.7025,5850.132469,1.12502547,0.59,0.43,0.589148,18.3,7.1,,0.56,0.777778,0.75379,0.742327,0.911749,0.941527,0.699911,641.7573,0.875665,0.0
2026-05-06T05:00:00Z,22608.8052,6118.269862,1.17659036,0.71,0.43,0.586651,18.4,7.37,,0.54,0.583333,0.772756,0.762601,0.91026,0.9407,0.722809,656.5048,0.87368,0.0
2026-05-06T06:00:00Z,23082.6591,6383.46968,1.22759032,0.65,0.43,0.582678,18.4,7.98,,0.54,0.416667,0.791514,0.782653,0.905269,0.937927,0.747019,671.0908,0.867025,0.0
2026-05-06T07:00:00Z,23567.4525,6654.791991,1.27976769,0.42,0.72,0.5775,18.3,8.43,,0.54,0.472222,0.810705,0.803167,0.901587,0.935882,0.771155,686.0136,0.862116,0.0
2026-05-06T08:00:00Z,24036.6936,6917.410188,1.33027119,0.02,0.72,0.57147,18.2,8.59,,0.56,0.694444,0.82928,0.823024,0.899558,0.934755,0.793835,700.4576,0.859411,0.0
2026-05-06T09:00:00Z,24458.3009,7153.369432,1.37564797,-0.45,0.72,0.565,18.2,8.6,,0.56,0.944444,0.84597,0.840865,0.899476,0.934709,0.813439,713.4353,0.859302,0.0
2026-05-06T10:00:00Z,24897.2363,7399.02656,1.42288972,-0.85,0.72,0.55853,17.9,7.66,,0.54,0.944444,0.863346,0.859439,0.907887,0.939382,0.830072,726.9465,0.870516,0.0
2026-05-06T11:00:00Z,25108.1304,7517.056811,1.44558785,-1.05,0.72,0.5525,17.8,7.74,,0.5,0.75,0.871694,0.868363,0.908673,0.939818,0.839511,733.4381,0.871564,0.0
2026-05-06T12:00:00Z,25180.9336,7557.80228,1.45342352,-1.02,0.72,0.547322,17.7,7.78,,0.48,0.361111,0.874576,0.871444,0.909065,0.940036,0.842715,735.6791,0.872087,0.0
2026-05-06T13:00:00Z,25060.5335,7490.418436,1.44046508,-0.75,0.72,0.543349,17.7,8.15,,0.5,0.166667,0.86981,0.866349,0.905318,0.937955,0.838793,731.973,0.867091,0.0
2026-05-06T14:00:00Z,24798.0709,7343.527063,1.41221674,-0.24,0.72,0.540852,17.6,8.59,,0.52,0.638889,0.85942,0.855242,0.900998,0.935555,0.828532,723.894,0.861331,0.0
2026-05-06T15:00:00Z,24455.2351,7151.653621,1.375318,0.42,0.72,0.54,17.6,8.69,,0.54,1.055556,0.845849,0.840735,0.89946,0.9347,0.813304,713.3409,0.85928,0.0
2026-05-06T16:00:00Z,24040.4664,6919.52173,1.33067726,0.99,0.72,0.540852,17.7,8.68,,0.52,1.166667,0.82943,0.823183,0.900262,0.935145,0.793698,700.5737,0.860349,0.0
2026-05-06T17:00:00Z,23578.3203,6660.87432,1.28093737,1.32,1.08,0.543349,17.7,8.45,,0.5,0.944444,0.811135,0.803627,0.902864,0.936591,0.771092,686.3481,0.863818,0.0
2026-05-06T18:00:00Z,23097.2461,6391.633569,1.2291603,1.42,1.08,0.547322,17.7,8.02,,0.48,0.5,0.792091,0.78327,0.907102,0.938945,0.746882,671.5398,0.869469,0.0
2026-05-06T19:00:00Z,22595.6049,6110.882081,1.17516963,1.32,1.08,0.5525,17.7,7.76,,0.46,0.305556,0.772233,0.762042,0.909949,0.940527,0.722334,656.0985,0.873265,0.0
2026-05-06T20:00:00Z,22143.8767,5858.065279,1.12655102,1.01,1.08,0.55853,17.8,7.38,,0.42,0.638889,0.754351,0.742927,0.914498,0.943055,0.699347,642.1936,0.879331,0.0
2026-05-06T21:00:00Z,21791.2475,5660.710759,1.08859822,0.54,1.08,0.565,17.8,6.56,,0.4,0.972222,0.740392,0.728005,0.921927,0.947182,0.679679,631.3391,0.889236,0.0
2026-05-06T22:00:00Z,21553.6382,5527.728951,1.0630248,0.03,0.72,0.57147,18.1,5.56,,0.36,1.194444,0.730986,0.71795,0.931549,0.952527,0.664375,624.0251,0.902065,0.0
2026-05-06T23:00:00Z,21371.2158,5425.633362,1.04339103,-0.37,0.72,0.5775,18.2,5.28,,0.34,1.194444,0.723764,0.710231,0.93456,0.9542,0.654571,618.4098,0.90608,0.0
2026-05-07T00:00:00Z,21304.514,5388.302628,1.03621204,-0.57,0.43,0.582678,18.3,5.34,,0.3,0.944444,0.721124,0.707408,0.935509,0.954727,0.651053,616.3566,0.907345,0.0
2026-05-07T01:00:00Z,21348.1353,5412.716004,1.04090692,-0.58,0.43,0.586651,18.4,5.75,,0.28,0.555556,0.722851,0.709254,0.932875,0.953264,0.654248,617.6994,0.903833,0.0
2026-05-07T02:00:00Z,21561.5688,5532.167393,1.06387834,-0.41,0.43,0.589148,18.7,5.84,,0.24,0.166667,0.7313,0.718286,0.933578,0.953655,0.663841,624.2692,0.904771,0.0
2026-05-07T03:00:00Z,21923.5147,5734.736182,1.10283388,-0.06,0.43,0.59,19.0,5.59,,0.22,0.277778,0.745628,0.733602,0.936344,0.955191,0.679411,635.4105,0.908458,0.0
2026-05-07T04:00:00Z,22407.3367,6005.514808,1.15490669,0.3,0.43,0.589148,19.2,5.14,,0.2,0.5,0.76478,0.754076,0.940745,0.957636,0.699909,650.3033,0.914327,0.0
2026-05-07T05:00:00Z,22979.5934,6325.787349,1.21649757,0.49,0.43,0.586651,19.4,4.5,,0.2,0.416667,0.787434,0.778291,0.945982,0.960545,0.724141,667.9183,0.921309,0.0
2026-05-07T06:00:00Z,23585.5424,6664.916309,1.28171467,0.49,0.43,0.582678,19.5,4.02,,0.18,0.194444,0.811421,0.803933,0.950629,0.963127,0.750199,686.5704,0.927505,0.0
2026-05-07T07:00:00Z,24202.4417,7010.173784,1.34811034,0.37,0.72,0.5775,19.6,3.42,,0.18,0.333333,0.835842,0.830038,0.955538,0.965855,0.776648,705.5596,0.934051,0.0
2026-05-07T08:00:00Z,24746.5305,7314.681652,1.40666955,0.13,0.72,0.57147,19.6,3.13,,0.2,0.583333,0.85738,0.853061,0.957191,0.966773,0.801165,722.3075,0.936255,0.0
2026-05-07T09:00:00Z,25210.2523,7574.210922,1.45657902,-0.22,0.72,0.565,19.4,2.98,,0.2,0.805556,0.875737,0.872684,0.957698,0.967055,0.822462,736.5816,0.936931,0.0
2026-05-07T10:00:00Z,25576.2479,7779.046168,1.49597042,-0.61,0.72,0.55853,18.9,2.47,,0.3,0.944444,0.890225,0.888172,0.958991,0.967773,0.838873,747.8475,0.938655,0.0
2026-05-07T11:00:00Z,25663.6214,7827.946128,1.50537426,-0.9,0.72,0.5525,19.0,3.33,,0.38,0.888889,0.893684,0.891869,0.948355,0.961864,0.847656,750.537,0.924473,0.0
2026-05-07T12:00:00Z,24945.2065,7425.873826,1.42805266,-0.99,0.72,0.547322,18.7,9.8,,0.48,0.638889,0.865245,0.861469,0.892538,0.930855,0.839121,728.4231,0.850051,0.0
2026-05-07T13:00:00Z,24753.4753,7318.568437,1.40741701,-0.84,0.72,0.543349,17.3,10.67,,0.54,0.416667,0.857655,0.853355,0.88326,0.9257,0.834346,722.5213,0.83768,0.0
2026-05-07T14:00:00Z,24566.0181,7213.655042,1.38724135,-0.52,0.72,0.540852,17.2,10.37,,0.6,0.638889,0.850234,0.845423,0.883555,0.925864,0.825515,716.751,0.838073,0.0
2026-05-07T15:00:00Z,24197.1525,7007.213584,1.34754107,-0.02,0.72,0.54,17.2,10.63,,0.66,1.055556,0.835632,0.829814,0.878547,0.923082,0.810621,705.3967,0.831396,0.0
2026-05-07T16:00:00Z,23780.4085,6773.976186,1.30268773,0.57,0.72,0.540852,17.2,10.53,,0.7,1.361111,0.819135,0.812179,0.877205,0.922336,0.791875,692.5687,0.829607,0.0
2026-05-07T17:00:00Z,23299.6392,6504.906026,1.25094347,1.06,1.08,0.543349,17.1,10.33,,0.76,1.444444,0.800103,0.791834,0.876682,0.922045,0.769795,677.7698,0.828909,0.0
2026-05-07T18:00:00Z,22748.1452,6196.253707,1.19158725,1.32,1.08,0.547322,17.1,10.55,,0.8,1.194444,0.778272,0.768497,0.874882,0.921045,0.744999,660.794,0.826509,0.0
2026-05-07T19:00:00Z,22199.3589,5889.116731,1.13252245,1.38,1.08,0.5525,17.1,10.65,,0.88,0.861111,0.756547,0.745275,0.871184,0.918991,0.721173,643.9014,0.821578,0.0
2026-05-07T20:00:00Z,21771.748,5649.797541,1.08649953,1.28,1.08,0.55853,17.0,9.89,,0.94,0.472222,0.73962,0.72718,0.875242,0.921245,0.699523,630.7389,0.826989,0.0
2026-05-07T21:00:00Z,21411.7076,5448.295233,1.04774908,1.01,1.08,0.565,16.9,9.02,,1.02,0.138889,0.725367,0.711944,0.87948,0.9236,0.68093,619.6562,0.83264,0.0
2026-05-07T22:00:00Z,21192.3821,5325.546244,1.02414351,0.61,0.72,0.57147,16.5,8.2,,0.9,0.277778,0.716685,0.702663,0.890509,0.929727,0.665849,612.905,0.847345,0.0
2026-05-07T23:00:00Z,21057.0761,5249.820115,1.00958079,0.18,0.72,0.5775,16.5,7.75,,0.78,0.527778,0.711329,0.696938,0.898511,0.934173,0.656013,608.7401,0.858015,0.0
2026-05-08T00:00:00Z,21024.3333,5231.495068,1.00605674,-0.14,0.43,0.582678,16.5,7.67,,0.66,0.527778,0.710033,0.695552,0.903485,0.936936,0.652282,607.7322,0.864647,0.0
2026-05-08T01:00:00Z,21099.3563,5273.482886,1.01413132,-0.29,0.43,0.586651,16.5,7.67,,0.64,0.333333,0.713002,0.698727,0.904205,0.937336,0.655444,610.0416,0.865607,0.0
2026-05-08T02:00:00Z,21281.4961,5375.420314,1.03373468,-0.28,0.43,0.589148,16.4,8.07,,0.6,0.277778,0.720213,0.706434,0.902373,0.936318,0.664712,615.6481,0.863164,0.0
2026-05-08T03:00:00Z,21573.5353,5538.864673,1.06516628,-0.12,0.43,0.59,16.4,8.52,,0.58,0.527778,0.731773,0.718792,0.899411,0.934673,0.679582,624.6376,0.859215,0.0
2026-05-08T04:00:00Z,22074.8057,5819.408571,1.11911703,0.16,0.43,0.589148,16.4,7.71,,0.56,0.777778,0.751617,0.740004,0.906758,0.938755,0.699581,640.0675,0.869011,0.0
2026-05-08T05:00:00Z,22613.2839,6120.77643,1.17707239,0.43,0.43,0.586651,16.5,7.26,,0.56,0.916667,0.772933,0.76279,0.91044,0.9408,0.722937,656.6427,0.87392,0.0
2026-05-08T06:00:00Z,23265.6156,6485.864225,1.24728158,0.55,0.43,0.582678,16.6,6.13,,0.54,0.75,0.798756,0.790395,0.920405,0.946336,0.748783,676.7225,0.887207,0.0
2026-05-08T07:00:00Z,23837.8534,6806.126128,1.30887041,0.52,0.72,0.5775,16.7,5.88,,0.52,0.444444,0.821409,0.81461,0.923171,0.947873,0.774112,694.3369,0.890895,0.0
2026-05-08T08:00:00Z,24332.8632,7083.166201,1.36214735,0.41,0.72,0.57147,16.8,6.03,,0.5,0.166667,0.841004,0.835556,0.922664,0.947591,0.797312,709.5741,0.890218,0.0
2026-05-08T09:00:00Z,24761.5341,7323.078676,1.40828436,0.2,0.72,0.565,16.8,6.13,,0.48,0.166667,0.857974,0.853696,0.922565,0.947536,0.817251,722.7693,0.890087,0.0
2026-05-08T10:00:00Z,25113.2854,7519.94189,1.44614267,-0.12,0.72,0.55853,17.1,6.02,,0.46,0.388889,0.871898,0.868581,0.924185,0.948436,0.832856,733.5968,0.892247,0.0
2026-05-08T11:00:00Z,25391.3902,7675.587623,1.47607454,-0.46,0.72,0.5525,17.1,5.55,,0.42,0.555556,0.882907,0.880349,0.929471,0.951373,0.843414,742.1573,0.899295,0.0
2026-05-08T12:00:00Z,25552.0289,7765.491627,1.49336377,-0.71,0.72,0.547322,17.1,4.85,,0.4,0.583333,0.889266,0.887147,0.935918,0.954955,0.848004,747.102,0.907891,0.0
2026-05-08T13:00:00Z,25552.1749,7765.57335,1.49337949,-0.77,0.72,0.543349,17.1,4.29,,0.38,0.416667,0.889272,0.887153,0.94122,0.9579,0.845654,747.1065,0.91496,0.0
2026-05-08T14:00:00Z,25465.9371,7717.308976,1.48409788,-0.66,0.72,0.540852,17.2,3.31,,0.34,0.388889,0.885858,0.883504,0.950678,0.963155,0.837448,744.452,0.927571,0.0
2026-05-08T15:00:00Z,25188.5131,7562.044266,1.45423928,-0.39,0.72,0.54,17.2,2.8,,0.32,0.611111,0.874876,0.871764,0.955571,0.965873,0.822398,735.9124,0.934095,0.0
2026-05-08T16:00:00Z,24799.081,7344.09241,1.41232546,0.03,0.72,0.540852,17.1,2.33,,0.3,0.861111,0.85946,0.855285,0.960136,0.968409,0.802295,723.9251,0.940182,0.0
2026-05-08T17:00:00Z,24316.2947,7073.893421,1.36036412,0.49,1.08,0.543349,17.1,2.07,,0.26,1.027778,0.840349,0.834855,0.963704,0.970391,0.778303,709.0641,0.944938,0.0
2026-05-08T18:00:00Z,23731.166,6746.416832,1.29738785,0.83,1.08,0.547322,17.0,2.36,,0.24,0.972222,0.817186,0.810095,0.962051,0.969473,0.751881,691.0529,0.942735,0.0
2026-05-08T19:00:00Z,23186.7916,6441.749123,1.23879791,0.97,1.08,0.5525,17.0,2.24,,0.22,0.694444,0.795636,0.787059,0.963753,0.970418,0.725859,674.2962,0.945004,0.0
2026-05-08T20:00:00Z,22667.1968,6150.949656,1.18287493,0.99,1.08,0.55853,17.0,2.19,,0.22,0.361111,0.775067,0.765072,0.964162,0.970645,0.701562,658.3022,0.945549,0.0
2026-05-08T21:00:00Z,22207.6842,5893.776118,1.13341848,0.89,1.08,0.565,17.0,2.36,,0.2,0.083333,0.756877,0.745627,0.963491,0.970273,0.680534,644.1577,0.944655,0.0
2026-05-08T22:00:00Z,21908.6334,5726.407626,1.10123224,0.63,0.72,0.57147,16.9,1.87,,0.18,0.305556,0.745039,0.732972,0.96822,0.9729,0.664553,634.9524,0.95096,0.0
2026-05-08T23:00:00Z,21609.7822,5559.150834,1.06906747,0.26,0.72,0.5775,17.0,2.86,,0.18,0.583333,0.733208,0.720326,0.96012,0.9684,0.654283,625.7533,0.94016,0.0
2026-05-09T00:00:00Z,21112.28,5280.715849,1.01552228,-0.12,0.43,0.582678,17.1,3.3,,0.16,0.694444,0.713514,0.699274,0.95724,0.9668,0.632473,610.4394,0.93632,0.0
2026-05-09T01:00:00Z,21181.2859,5319.336079,1.02294925,-0.39,0.43,0.586651,17.2,3.32,,0.16,0.583333,0.716246,0.702194,0.957076,0.966709,0.635748,612.5635,0.936102,0.0
2026-05-09T02:00:00Z,21377.1466,5428.952595,1.04402935,-0.52,0.43,0.589148,17.3,3.52,,0.14,0.361111,0.723999,0.710482,0.95616,0.9662,0.645246,618.5924,0.93488,0.0
2026-05-09T03:00:00Z,21713.3286,5617.102178,1.08021196,-0.53,0.43,0.59,17.4,3.43,,0.14,0.138889,0.737307,0.724708,0.956896,0.966609,0.660521,628.9406,0.935862,0.0
2026-05-09T04:00:00Z,22153.2812,5863.328636,1.1275632,-0.38,0.43,0.589148,17.6,3.3,,0.14,0.305556,0.754723,0.743325,0.95796,0.9672,0.680467,642.4831,0.93728,0.0
2026-05-09T05:00:00Z,22640.4012,6135.953043,1.17999097,-0.12,0.43,0.586651,17.7,3.44,,0.14,0.611111,0.774006,0.763938,0.956815,0.966564,0.703584,657.4774,0.935753,0.0
2026-05-09T06:00:00Z,23150.4915,6421.433149,1.23489099,0.11,0.43,0.582678,17.8,3.71,,0.14,0.694444,0.794199,0.785523,0.954605,0.965336,0.72824,673.1788,0.932807,0.0
2026-05-09T07:00:00Z,23666.8876,6710.442404,1.29046969,0.2,0.72,0.5775,17.8,3.83,,0.16,0.611111,0.814641,0.807375,0.952904,0.964391,0.752963,689.0743,0.930538,0.0
2026-05-09T08:00:00Z,24140.1777,6975.326757,1.34140899,0.21,0.72,0.57147,17.8,4.0,,0.18,0.416667,0.833377,0.827403,0.950793,0.963218,0.775867,703.643,0.927724,0.0
2026-05-09T09:00:00Z,24532.9944,7195.172812,1.38368708,0.16,0.72,0.565,17.8,4.25,,0.2,0.25,0.848927,0.844025,0.948027,0.961682,0.795327,715.7345,0.924036,0.0
2026-05-09T10:00:00Z,24864.4403,7380.671741,1.41935995,0.02,0.72,0.55853,18.0,4.14,,0.22,0.166667,0.862048,0.858051,0.948207,0.961782,0.81063,725.9369,0.924276,0.0
2026-05-09T11:00:00Z,24957.5964,7432.808079,1.42938617,-0.22,0.72,0.5525,17.9,5.02,,0.26,0.305556,0.865735,0.861993,0.939567,0.956982,0.818794,728.8044,0.912756,0.0
2026-05-09T12:00:00Z,24927.0018,7415.685292,1.42609333,-0.49,0.72,0.547322,17.7,5.85,,0.28,0.416667,0.864524,0.860698,0.932056,0.952809,0.820712,727.8627,0.902742,0.0
2026-05-09T13:00:00Z,24801.2928,7345.330258,1.41256351,-0.67,0.72,0.543349,17.6,6.36,,0.28,0.361111,0.859548,0.855379,0.927884,0.950491,0.816732,723.9932,0.897178,0.0
2026-05-09T14:00:00Z,24558.2677,7209.317445,1.3864072,-0.7,0.72,0.540852,17.5,6.68,,0.3,0.166667,0.849927,0.845095,0.924545,0.948636,0.806937,716.5125,0.892727,0.0
2026-05-09T15:00:00Z,24225.5695,7023.117587,1.35059954,-0.6,0.72,0.54,17.4,6.81,,0.3,0.111111,0.836757,0.831016,0.923482,0.948045,0.791969,706.2715,0.891309,0.0
2026-05-09T16:00:00Z,23799.1973,6784.491663,1.30470994,-0.36,0.72,0.540852,17.2,6.92,,0.3,0.388889,0.819879,0.812974,0.922582,0.947545,0.77258,693.147,0.890109,0.0
2026-05-09T17:00:00Z,23331.0419,6522.481061,1.25432328,0.03,1.08,0.543349,17.2,6.71,,0.32,0.694444,0.801346,0.793163,0.92358,0.9481,0.750409,678.7365,0.89144,0.0
2026-05-09T18:00:00Z,22819.8642,6236.392369,1.19930622,0.45,1.08,0.547322,17.2,6.63,,0.32,0.916667,0.781111,0.771532,0.924235,0.948464,0.726393,663.0016,0.892313,0.0
2026-05-09T19:00:00Z,22290.5544,5940.155742,1.14233764,0.75,1.08,0.5525,17.2,6.68,,0.34,0.861111,0.760157,0.749134,0.923105,0.947836,0.702329,646.7086,0.890807,0.0
2026-05-09T20:00:00Z,21793.2298,5661.820155,1.08881157,0.9,1.08,0.55853,17.3,6.78,,0.36,0.638889,0.74047,0.728089,0.921567,0.946982,0.679931,631.4001,0.888756,0.0
2026-05-09T21:00:00Z,21366.1628,5422.80537,1.04284719,0.96,1.08,0.565,17.4,6.87,,0.38,0.388889,0.723564,0.710017,0.920111,0.946173,0.660758,618.2543,0.886815,0.0
2026-05-09T22:00:00Z,21119.0958,5284.530369,1.01625584,0.9,0.72,0.57147,17.6,5.99,,0.38,0.25,0.713784,0.699562,0.927311,0.950173,0.646091,610.6492,0.896415,0.0
2026-05-09T23:00:00Z,20853.4368,5135.85015,0.98766349,0.67,0.72,0.5775,17.8,6.75,,0.4,0.388889,0.703267,0.68832,0.920373,0.946318,0.636845,602.4718,0.887164,0.0
2026-05-10T00:00:00Z,20761.1743,5084.213964,0.97773345,0.32,0.43,0.582678,18.0,7.06,,0.4,0.611111,0.699615,0.684416,0.917836,0.944909,0.63369,599.6318,0.883782,0.0
2026-05-10T01:00:00Z,20819.7107,5116.974803,0.98403362,-0.03,0.43,0.586651,18.1,7.18,,0.4,0.694444,0.701932,0.686893,0.916855,0.944364,0.636844,601.4336,0.882473,0.0
2026-05-10T02:00:00Z,21015.3144,5226.447517,1.00508606,-0.31,0.43,0.589148,18.3,7.16,,0.42,0.666667,0.709676,0.69517,0.916298,0.944055,0.646169,607.4546,0.881731,0.0
2026-05-10T03:00:00Z,21339.2347,5407.734615,1.03994896,-0.46,0.43,0.59,18.5,7.07,,0.42,0.472222,0.722498,0.708877,0.917035,0.944464,0.660875,617.4254,0.882713,0.0
2026-05-10T04:00:00Z,21754.352,5640.061591,1.08462723,-0.49,0.43,0.589148,18.6,6.98,,0.44,0.222222,0.738931,0.726444,0.917051,0.944473,0.680134,630.2034,0.882735,0.0
2026-05-10T05:00:00Z,22221.3091,5901.401555,1.13488491,-0.35,0.43,0.586651,18.7,7.07,,0.46,0.25,0.757416,0.746204,0.915595,0.943664,0.702454,644.5771,0.880793,0.0
2026-05-10T06:00:00Z,22698.3415,6168.380251,1.18622697,-0.09,0.43,0.582678,18.7,7.41,,0.48,0.5,0.7763,0.76639,0.912093,0.941718,0.72615,659.2609,0.876124,0.0
2026-05-10T07:00:00Z,23193.9215,6445.739447,1.23956528,0.14,0.72,0.5775,18.7,7.59,,0.48,0.666667,0.795918,0.787361,0.91062,0.9409,0.749805,674.5157,0.87416,0.0
2026-05-10T08:00:00Z,23675.5337,6715.281363,1.29140026,0.26,0.72,0.57147,18.7,7.49,,0.5,0.611111,0.814983,0.807741,0.910718,0.940955,0.772113,689.3405,0.874291,0.0
2026-05-10T09:00:00Z,24032.3921,6915.002815,1.32980823,0.32,0.72,0.565,18.8,7.99,,0.5,0.416667,0.82911,0.822842,0.906627,0.938682,0.790494,700.3252,0.868836,0.0
2026-05-10T10:00:00Z,24380.7645,7109.974945,1.36730287,0.33,0.72,0.55853,18.8,7.61,,0.52,0.361111,0.842901,0.837583,0.909016,0.940009,0.8056,711.0486,0.872022,0.0
2026-05-10T11:00:00Z,24492.3075,7172.401729,1.37930802,0.24,0.72,0.5525,18.8,8.32,,0.54,0.388889,0.847316,0.842304,0.902487,0.936382,0.813679,714.4821,0.863316,0.0
2026-05-10T12:00:00Z,24536.5815,7197.180424,1.38407316,0.01,0.72,0.547322,18.8,8.46,,0.56,0.527778,0.849069,0.844177,0.900622,0.935345,0.816563,715.8449,0.860829,0.0
2026-05-10T13:00:00Z,24514.5968,7184.876285,1.38170698,-0.25,0.72,0.543349,18.8,8.12,,0.54,0.638889,0.848199,0.843247,0.904124,0.937291,0.813986,715.1682,0.865498,0.0
2026-05-10T14:00:00Z,24323.4257,7077.8844,1.36113162,-0.46,0.72,0.540852,18.8,8.07,,0.54,0.638889,0.840631,0.835157,0.904533,0.937518,0.804932,709.2836,0.866044,0.0
2026-05-10T15:00:00Z,24036.4055,6917.248967,1.33024019,-0.54,0.72,0.54,18.8,7.89,,0.52,0.5,0.829269,0.823012,0.906725,0.938736,0.790636,700.4487,0.868967,0.0
2026-05-10T16:00:00Z,23692.3499,6724.692805,1.29321015,-0.51,0.72,0.540852,18.8,7.39,,0.48,0.25,0.815649,0.808452,0.912256,0.941809,0.77221,689.8581,0.876342,0.0
2026-05-10T17:00:00Z,23265.711,6485.917575,1.24729184,-0.33,1.08,0.543349,18.8,6.93,,0.46,0.0,0.79876,0.790399,0.91674,0.9443,0.750417,676.7255,0.88232,0.0
2026-05-10T18:00:00Z,22784.4992,6216.59978,1.19549996,0.01,1.08,0.547322,18.7,6.69,,0.42,0.305556,0.779711,0.770036,0.920144,0.946191,0.72657,661.913,0.886858,0.0
2026-05-10T19:00:00Z,22287.16,5938.256027,1.14197231,0.39,1.08,0.5525,18.7,6.53,,0.4,0.527778,0.760023,0.74899,0.922173,0.947318,0.702586,646.6041,0.889564,0.0
2026-05-10T20:00:00Z,21828.6518,5681.644625,1.09262397,0.68,1.08,0.55853,18.7,6.37,,0.36,0.527778,0.741872,0.729588,0.924922,0.948845,0.680084,632.4905,0.893229,0.0
2026-05-10T21:00:00Z,21473.4611,5482.856531,1.05439549,0.87,1.08,0.565,18.8,5.7,,0.34,0.361111,0.727812,0.714557,0.931124,0.952291,0.660843,621.5571,0.901498,0.0
2026-05-10T22:00:00Z,21250.325,5357.974902,1.03037979,0.98,0.72,0.57147,18.8,4.54,,0.32,0.277778,0.718979,0.705115,0.941335,0.957964,0.645949,614.6886,0.915113,0.0
2026-05-10T23:00:00Z,21075.7938,5260.29575,1.01159534,0.95,0.72,0.5775,18.9,4.29,,0.28,0.277778,0.71207,0.69773,0.94482,0.9599,0.6363,609.3163,0.91976,0.0
2026-05-11T00:00:00Z,21385.2028,5433.46139,1.04489642,0.73,0.43,0.582678,18.9,4.47,,0.26,0.527778,0.724318,0.710823,0.944067,0.959482,0.650994,618.8404,0.918756,0.0
2026-05-11T01:00:00Z,21484.9842,5489.305649,1.0556357,0.36,0.43,0.586651,19.1,4.2,,0.24,0.75,0.728268,0.715045,0.946996,0.961109,0.654323,621.9118,0.922662,0.0
2026-05-11T02:00:00Z,21694.3006,5606.452894,1.07816402,-0.05,0.43,0.589148,19.2,4.25,,0.24,0.888889,0.736554,0.723903,0.946587,0.960882,0.66422,628.3549,0.922116,0.0
2026-05-11T03:00:00Z,22019.3167,5788.35329,1.11314486,-0.38,0.43,0.59,19.4,4.48,,0.22,0.861111,0.74942,0.737656,0.945425,0.960236,0.679821,638.3594,0.920567,0.0
2026-05-11T04:00:00Z,22436.81,6022.010016,1.15807885,-0.59,0.43,0.589148,19.6,4.75,,0.22,0.666667,0.765947,0.755323,0.943216,0.959009,0.700179,651.2106,0.917622,0.0
2026-05-11T05:00:00Z,22914.2989,6289.244218,1.20947004,-0.65,0.43,0.586651,19.7,5.13,,0.22,0.416667,0.784849,0.775528,0.940107,0.957282,0.723722,665.9084,0.913476,0.0
2026-05-11T06:00:00Z,23412.9699,6568.333346,1.26314103,-0.51,0.43,0.582678,19.7,5.64,,0.22,0.138889,0.804589,0.79663,0.935935,0.954964,0.74872,681.2583,0.907913,0.0
2026-05-11T07:00:00Z,23897.3674,6839.43412,1.31527579,-0.21,0.72,0.5775,19.6,6.18,,0.24,0.416667,0.823765,0.817128,0.930796,0.952109,0.773485,696.1689,0.901062,0.0
2026-05-11T08:00:00Z,24335.0191,7084.372797,1.36237938,0.08,0.72,0.57147,19.6,6.76,,0.26,0.666667,0.84109,0.835648,0.925331,0.949073,0.796226,709.6405,0.893775,0.0
2026-05-11T09:00:00Z,24708.5798,7293.441951,1.40258499,0.31,0.72,0.565,19.5,7.23,,0.28,0.694444,0.855878,0.851455,0.920765,0.946536,0.815593,721.1393,0.887687,0.0
2026-05-11T10:00:00Z,24976.9687,7443.650075,1.43147117,0.49,0.72,0.55853,19.5,7.65,,0.32,0.611111,0.866502,0.862813,0.915889,0.943827,0.830216,729.4008,0.881185,0.0
2026-05-11T11:00:00Z,25202.1634,7569.683842,1.45570843,0.59,0.72,0.5525,19.4,7.43,,0.34,0.472222,0.875417,0.872342,0.916969,0.944427,0.840188,736.3326,0.882625,0.0
2026-05-11T12:00:00Z,25255.9112,7599.764671,1.46149321,0.52,0.72,0.547322,19.3,7.45,,0.38,0.305556,0.877544,0.874616,0.915365,0.943536,0.843395,737.9871,0.880487,0.0
2026-05-11T13:00:00Z,25140.0552,7534.924013,1.44902385,0.27,0.72,0.543349,19.2,7.84,,0.38,0.361111,0.872958,0.869714,0.912175,0.941764,0.839436,734.4208,0.876233,0.0
2026-05-11T14:00:00Z,24976.3972,7443.330193,1.43140965,-0.06,0.72,0.540852,19.2,7.53,,0.36,0.555556,0.866479,0.862788,0.915431,0.943573,0.830394,729.3832,0.880575,0.0
2026-05-11T15:00:00Z,24725.3022,7302.800917,1.40438479,-0.33,0.72,0.54,19.2,6.83,,0.36,0.611111,0.85654,0.852163,0.921158,0.946755,0.816194,721.6541,0.888211,0.0
2026-05-11T16:00:00Z,24326.3954,7079.546416,1.36145123,-0.49,0.72,0.540852,19.1,6.59,,0.34,0.5,0.840748,0.835283,0.923842,0.948245,0.796488,709.3751,0.891789,0.0
2026-05-11T17:00:00Z,23821.5517,6797.002635,1.30711589,-0.52,1.08,0.543349,19.0,6.6,,0.34,0.305556,0.820764,0.81392,0.92376,0.9482,0.773094,693.8351,0.89168,0.0
2026-05-11T18:00:00Z,23294.0481,6501.776891,1.25034171,-0.34,1.08,0.547322,18.9,6.53,,0.32,0.0,0.799882,0.791598,0.925053,0.948918,0.748037,677.5977,0.893404,0.0
2026-05-11T19:00:00Z,22769.0951,6207.978629,1.19384204,0.03,1.08,0.5525,18.7,6.42,,0.3,0.416667,0.779101,0.769384,0.926673,0.949818,0.722953,661.4388,0.895564,0.0
2026-05-11T20:00:00Z,22226.447,5904.277045,1.13543789,0.45,1.08,0.55853,18.7,6.9,,0.28,0.666667,0.75762,0.746421,0.923465,0.948036,0.699194,644.7352,0.891287,0.0
2026-05-11T21:00:00Z,21790.1687,5660.106963,1.08848211,0.77,1.08,0.565,18.6,7.01,,0.26,0.694444,0.740349,0.727959,0.923285,0.947936,0.679026,631.3059,0.891047,0.0
2026-05-11T22:00:00Z,21539.6555,5519.903277,1.06151986,0.99,0.72,0.57147,18.6,6.04,,0.26,0.555556,0.730432,0.717359,0.931222,0.952345,0.663872,623.5947,0.901629,0.0
2026-05-11T23:00:00Z,21382.8582,5432.149197,1.04464408,1.12,0.72,0.5775,18.7,5.45,,0.24,0.361111,0.724225,0.710723,0.936769,0.955427,0.654129,618.7682,0.909025,0.0
2026-05-12T00:00:00Z,21312.4207,5392.727733,1.03706303,1.07,0.43,0.582678,18.8,5.43,,0.24,0.277778,0.721437,0.707743,0.936933,0.955518,0.650787,616.6,0.909244,0.0
2026-05-12T01:00:00Z,21376.3221,5428.491184,1.04394061,0.79,0.43,0.586651,19.0,5.53,,0.24,0.5,0.723966,0.710447,0.936115,0.955064,0.654117,618.567,0.908153,0.0
2026-05-12T02:00:00Z,21634.8217,5573.16458,1.07176242,0.33,0.43,0.589148,19.2,4.9,,0.26,0.805556,0.734199,0.721386,0.940549,0.957527,0.664143,626.5241,0.914065,0.0
2026-05-12T03:00:00Z,22015.4329,5786.179624,1.11272685,-0.15,0.43,0.59,19.3,4.4,,0.26,1.0,0.749266,0.737492,0.94464,0.9598,0.67999,638.2399,0.91952,0.0
2026-05-12T04:00:00Z,22460.4336,6035.231366,1.16062142,-0.52,0.43,0.589148,19.4,4.3,,0.28,0.944444,0.766882,0.756322,0.944738,0.959855,0.700599,651.9377,0.919651,0.0
2026-05-12T05:00:00Z,22934.0994,6300.32589,1.21160113,-0.75,0.43,0.586651,19.2,4.67,,0.3,0.75,0.785633,0.776366,0.940991,0.957773,0.724248,666.5179,0.914655,0.0
2026-05-12T06:00:00Z,23418.6563,6571.515879,1.26375305,-0.78,0.43,0.582678,19.0,5.27,,0.32,0.444444,0.804815,0.796871,0.935362,0.954645,0.749239,681.4334,0.907149,0.0
2026-05-12T07:00:00Z,23927.3832,6856.232934,1.31850633,-0.57,0.72,0.5775,18.8,5.64,,0.32,0.083333,0.824953,0.818398,0.932335,0.952964,0.774195,697.0928,0.903113,0.0
2026-05-12T08:00:00Z,24424.7593,7134.597321,1.37203795,-0.18,0.72,0.57147,18.6,5.74,,0.32,0.527778,0.844642,0.839445,0.931516,0.952509,0.797642,712.4029,0.902022,0.0
2026-05-12T09:00:00Z,24842.9165,7368.625642,1.41704339,0.21,0.72,0.565,18.4,5.9,,0.32,0.833333,0.861195,0.85714,0.930207,0.951782,0.817631,725.2744,0.900276,0.0
2026-05-12T10:00:00Z,25242.4577,7592.235182,1.46004523,0.55,0.72,0.55853,19.6,5.39,,0.3,0.833333,0.877012,0.874047,0.9351,0.9545,0.834,737.5729,0.9068,0.0
2026-05-12T11:00:00Z,25426.7977,7695.403974,1.47988538,0.83,0.72,0.5525,19.5,5.62,,0.3,0.694444,0.884309,0.881848,0.933218,0.953455,0.843392,743.2472,0.904291,0.0
2026-05-12T12:00:00Z,25517.6034,7746.224848,1.48965862,0.96,0.72,0.547322,19.5,5.52,,0.28,0.472222,0.887904,0.88569,0.934756,0.954309,0.846923,746.0424,0.906342,0.0
2026-05-12T13:00:00Z,25427.0879,7695.566403,1.47991662,0.86,0.72,0.543349,19.4,5.68,,0.28,0.166667,0.884321,0.88186,0.933447,0.953582,0.843303,743.2562,0.904596,0.0
2026-05-12T14:00:00Z,25252.1742,7597.673174,1.46109099,0.54,0.72,0.540852,19.4,5.43,,0.26,0.416667,0.877396,0.874458,0.936213,0.955118,0.833956,737.872,0.908284,0.0
2026-05-12T15:00:00Z,24946.3168,7426.495247,1.42817216,0.11,0.72,0.54,19.4,5.16,,0.26,0.638889,0.865289,0.861515,0.938422,0.956345,0.818779,728.4572,0.911229,0.0
2026-05-12T16:00:00Z,24512.0741,7183.464426,1.38143547,-0.26,0.72,0.540852,19.3,5.18,,0.24,0.75,0.848099,0.84314,0.938978,0.956655,0.798378,715.0905,0.911971,0.0
2026-05-12T17:00:00Z,23977.0645,6884.037866,1.32385344,-0.5,1.08,0.543349,19.2,5.41,,0.24,0.694444,0.82692,0.8205,0.937096,0.955609,0.774384,698.6221,0.909462,0.0
2026-05-12T18:00:00Z,23414.9478,6569.440314,1.26335391,-0.58,1.08,0.547322,19.1,5.62,,0.22,0.444444,0.804668,0.796714,0.936098,0.955055,0.748739,681.3192,0.908131,0.0
2026-05-12T19:00:00Z,22860.5546,6259.165396,1.20368565,-0.42,1.08,0.5525,18.9,5.7,,0.22,0.111111,0.782721,0.773254,0.935444,0.954691,0.7233,664.2541,0.907258,0.0
2026-05-12T20:00:00Z,22338.7156,5967.109935,1.14752114,-0.04,1.08,0.55853,18.7,5.84,,0.22,0.361111,0.762064,0.751172,0.934298,0.954055,0.69959,648.191,0.905731,0.0
2026-05-12T21:00:00Z,21894.17,5718.312923,1.09967556,0.41,1.08,0.565,18.6,5.93,,0.22,0.694444,0.744466,0.73236,0.933562,0.953645,0.679285,634.5072,0.904749,0.0
2026-05-12T22:00:00Z,21535.0641,5517.333653,1.0610257,0.79,0.72,0.57147,18.3,6.22,,0.22,0.777778,0.73025,0.717164,0.931189,0.952327,0.663673,623.4534,0.901585,0.0
2026-05-12T23:00:00Z,21341.395,5408.943678,1.04018148,1.08,0.72,0.5775,18.3,6.02,,0.22,0.666667,0.722584,0.708969,0.932825,0.953236,0.653957,617.4919,0.903767,0.0
2026-05-13T00:00:00Z,21293.1608,5381.948631,1.03499012,1.22,0.43,0.582678,18.3,5.73,,0.22,0.416667,0.720674,0.706928,0.935198,0.954555,0.650664,616.0072,0.906931,0.0
2026-05-13T01:00:00Z,21345.2758,5411.115623,1.04059916,1.13,0.43,0.586651,18.5,5.91,,0.24,0.194444,0.722737,0.709133,0.933005,0.953336,0.654058,617.6114,0.904007,0.0
2026-05-13T02:00:00Z,21486.0201,5489.885394,1.05574719,0.75,0.43,0.589148,18.7,6.62,,0.28,0.416667,0.728309,0.715089,0.925756,0.949309,0.663812,621.9437,0.894342,0.0
2026-05-13T03:00:00Z,21774.2017,5651.170778,1.08676361,0.21,0.43,0.59,18.9,7.07,,0.3,0.805556,0.739717,0.727284,0.921355,0.946864,0.679143,630.8144,0.888473,0.0
2026-05-13T04:00:00Z,22184.3744,5880.73045,1.1309097,-0.34,0.43,0.589148,18.9,7.18,,0.34,0.944444,0.755954,0.744641,0.919015,0.945564,0.699219,643.4402,0.885353,0.0
2026-05-13T05:00:00Z,22683.5286,6160.089978,1.18463269,-0.76,0.43,0.586651,19.0,7.14,,0.36,0.888889,0.775714,0.765763,0.918622,0.945345,0.72256,658.8049,0.884829,0.0
2026-05-13T06:00:00Z,23208.009,6453.623781,1.2410815,-1.0,0.43,0.582678,19.1,7.15,,0.4,0.694444,0.796476,0.787957,0.9171,0.9445,0.747579,674.9493,0.8828,0.0
2026-05-13T07:00:00Z,23688.5507,6722.566513,1.29280125,-0.99,0.72,0.5775,19.1,7.51,,0.46,0.305556,0.815499,0.808292,0.911995,0.941664,0.77215,689.7412,0.875993,0.0
2026-05-13T08:00:00Z,24153.9217,6983.018801,1.34288823,-0.67,0.72,0.57147,19.2,7.69,,0.5,0.277778,0.833921,0.827984,0.909082,0.940045,0.795043,704.066,0.872109,0.0
2026-05-13T09:00:00Z,24559.7503,7210.147157,1.38656676,-0.15,0.72,0.565,19.3,7.69,,0.56,0.833333,0.849986,0.845157,0.906922,0.938845,0.814838,716.5581,0.869229,0.0
2026-05-13T10:00:00Z,24934.6734,7419.97882,1.426919,0.38,0.72,0.55853,19.9,7.27,,0.56,1.083333,0.864828,0.861023,0.910358,0.940755,0.830712,728.0988,0.873811,0.0
2026-05-13T11:00:00Z,25080.2688,7501.463616,1.44258916,0.84,0.72,0.5525,19.8,7.73,,0.58,1.083333,0.870591,0.867184,0.905875,0.938264,0.839462,732.5805,0.867833,0.0
2026-05-13T12:00:00Z,25124.6275,7526.289666,1.4473634,1.18,0.72,0.547322,19.8,7.95,,0.58,0.861111,0.872347,0.869061,0.904075,0.937264,0.84232,733.9459,0.865433,0.0
2026-05-13T13:00:00Z,25065.4673,7493.179731,1.4409961,1.3,0.72,0.543349,19.8,7.92,,0.56,0.527778,0.870005,0.866557,0.90504,0.9378,0.839146,732.1249,0.86672,0.0
2026-05-13T14:00:00Z,24863.8001,7380.313473,1.41929105,1.1,0.72,0.540852,19.8,7.89,,0.56,0.194444,0.862022,0.858024,0.905285,0.937936,0.829677,725.9172,0.867047,0.0
2026-05-13T15:00:00Z,24532.1583,7194.704863,1.38359709,0.65,0.72,0.54,19.7,8.0,,0.54,0.527778,0.848894,0.84399,0.905105,0.937836,0.814365,715.7088,0.866807,0.0
2026-05-13T16:00:00Z,24083.5848,6943.653633,1.33531801,0.11,0.72,0.540852,19.6,8.28,,0.52,0.888889,0.831136,0.825008,0.903535,0.936964,0.794244,701.9009,0.864713,0.0
2026-05-13T17:00:00Z,23611.1824,6679.266124,1.28447425,-0.35,1.08,0.543349,19.6,8.07,,0.52,1.0,0.812436,0.805018,0.905253,0.937918,0.771556,687.3596,0.867004,0.0
2026-05-13T18:00:00Z,23106.8885,6397.030039,1.23019808,-0.67,1.08,0.547322,19.5,7.86,,0.5,0.888889,0.792473,0.783678,0.907691,0.939273,0.747067,671.8367,0.870255,0.0
2026-05-13T19:00:00Z,22581.9331,6103.230451,1.17369816,-0.77,1.08,0.5525,19.3,7.78,,0.5,0.611111,0.771692,0.761464,0.908345,0.939636,0.722412,655.6777,0.871127,0.0
2026-05-13T20:00:00Z,22076.1556,5820.164077,1.11926232,-0.59,1.08,0.55853,19.3,7.82,,0.52,0.138889,0.75167,0.740061,0.907298,0.939055,0.699404,640.109,0.869731,0.0
2026-05-13T21:00:00Z,21662.2169,5588.496726,1.07471091,-0.14,1.08,0.565,19.3,7.68,,0.52,0.416667,0.735284,0.722545,0.907724,0.939291,0.680004,627.3673,0.870298,0.0
2026-05-13T22:00:00Z,21311.3399,5392.122872,1.03694671,0.39,0.72,0.57147,19.3,7.9,,0.54,0.861111,0.721394,0.707697,0.905204,0.937891,0.664839,616.5668,0.866938,0.0
2026-05-13T23:00:00Z,21063.6122,5253.478128,1.01028426,0.86,0.72,0.5775,19.3,8.42,,0.54,0.944444,0.711587,0.697214,0.901669,0.935927,0.654912,608.9413,0.862225,0.0
2026-05-14T00:00:00Z,21011.561,5224.346821,1.00468208,1.2,0.43,0.582678,19.4,8.14,,0.56,0.805556,0.709527,0.695012,0.90252,0.9364,0.652119,607.3391,0.86336,0.0
2026-05-14T01:00:00Z,21116.5135,5283.08517,1.01597792,1.32,0.43,0.586651,19.5,7.71,,0.56,0.5,0.713682,0.699453,0.906038,0.938355,0.655426,610.5697,0.868051,0.0
2026-05-14T02:00:00Z,21359.5492,5419.103926,1.04213537,1.12,0.43,0.589148,19.7,7.26,,0.56,0.277778,0.723302,0.709737,0.909,0.94,0.665389,618.0507,0.872,0.0
2026-05-14T03:00:00Z,21730.8319,5626.898169,1.0820958,0.62,0.43,0.59,19.7,6.76,,0.56,0.666667,0.738,0.725448,0.914531,0.943073,0.680163,629.4794,0.879375,0.0
2026-05-14T04:00:00Z,22187.7492,5882.619214,1.13127293,-0.03,0.43,0.589148,19.9,6.58,,0.52,1.055556,0.756088,0.744783,0.917444,0.944691,0.700074,643.5441,0.883258,0.0
2026-05-14T05:00:00Z,22730.2012,6186.21106,1.18965597,-0.63,0.43,0.586651,19.9,6.27,,0.48,1.194444,0.777561,0.767738,0.91926,0.9457,0.724443,660.2416,0.88568,0.0
2026-05-14T06:00:00Z,23297.5094,6503.714085,1.25071425,-1.05,0.43,0.582678,19.8,6.12,,0.44,1.138889,0.800019,0.791744,0.920487,0.946382,0.750227,677.7043,0.887316,0.0
2026-05-14T07:00:00Z,23857.2601,6816.98743,1.31095912,-1.24,0.72,0.5775,19.8,5.88,,0.46,0.805556,0.822177,0.815431,0.925331,0.949073,0.774053,694.9343,0.893775,0.0
2026-05-14T08:00:00Z,24307.5311,7068.988708,1.35942091,-1.13,0.72,0.57147,19.7,6.39,,0.46,0.305556,0.840002,0.834485,0.921158,0.946755,0.796805,708.7944,0.888211,0.0
2026-05-14T09:00:00Z,24704.6779,7291.258193,1.40216504,-0.67,0.72,0.565,19.7,6.64,,0.48,0.416667,0.855723,0.85129,0.918393,0.945218,0.816466,721.0192,0.884524,0.0
2026-05-14T10:00:00Z,25020.9787,7468.280975,1.43620788,0.0,0.72,0.55853,19.5,6.64,,0.52,1.027778,0.868244,0.864675,0.915513,0.943618,0.832426,730.7555,0.880684,0.0
2026-05-14T11:00:00Z,25167.3364,7550.192349,1.45196007,0.66,0.72,0.5525,19.5,6.98,,0.58,1.333333,0.874038,0.870868,0.909851,0.940473,0.841735,735.2606,0.873135,0.0
2026-05-14T12:00:00Z,25321.2613,7636.338896,1.46852671,1.22,0.72,0.547322,19.5,6.14,,0.62,1.277778,0.880131,0.877382,0.914564,0.943091,0.846785,739.9986,0.879418,0.0
2026-05-14T13:00:00Z,25379.491,7668.928029,1.47479385,1.57,0.72,0.543349,19.5,5.09,,0.6,0.972222,0.882436,0.879846,0.925315,0.949064,0.844709,741.791,0.893753,0.0
2026-05-14T14:00:00Z,25257.604,7600.712051,1.46167539,1.61,0.72,0.540852,19.4,4.32,,0.6,0.555556,0.877611,0.874688,0.932335,0.952964,0.835932,738.0392,0.903113,0.0
2026-05-14T15:00:00Z,24994.2544,7453.324282,1.43333159,1.29,0.72,0.54,19.2,3.73,,0.58,0.166667,0.867186,0.863544,0.938602,0.956445,0.820924,729.9328,0.911469,0.0
2026-05-14T16:00:00Z,24567.05,7214.232603,1.38735242,0.71,0.72,0.540852,19.2,3.67,,0.56,0.694444,0.850275,0.845466,0.939813,0.957118,0.800559,716.7828,0.913084,0.0
2026-05-14T17:00:00Z,24081.8611,6942.688896,1.33513248,0.07,1.08,0.543349,19.1,3.46,,0.54,1.055556,0.831068,0.824935,0.942251,0.958473,0.776957,701.8479,0.916335,0.0
2026-05-14T18:00:00Z,23492.3335,6612.750439,1.27168278,-0.47,1.08,0.547322,19.0,3.9,,0.52,1.138889,0.807731,0.799988,0.939371,0.956873,0.750876,683.7013,0.912495,0.0
2026-05-14T19:00:00Z,22828.9681,6241.487492,1.20028606,-0.82,1.08,0.5525,19.0,5.16,,0.5,1.0,0.781471,0.771917,0.929782,0.951545,0.72435,663.2818,0.899709,0.0
2026-05-14T20:00:00Z,22340.9655,5968.369111,1.14776329,-0.9,1.08,0.55853,19.1,4.94,,0.5,0.611111,0.762153,0.751267,0.931582,0.952545,0.700902,648.2603,0.902109,0.0
2026-05-14T21:00:00Z,21843.8955,5690.176017,1.09426462,-0.65,1.08,0.565,19.1,5.7,,0.48,0.055556,0.742476,0.730233,0.926084,0.949491,0.680276,632.9597,0.894778,0.0
2026-05-14T22:00:00Z,21405.254,5444.683368,1.04705449,-0.11,0.72,0.57147,19.1,6.9,,0.5,0.638889,0.725112,0.711671,0.915545,0.943636,0.664601,619.4576,0.880727,0.0
2026-05-14T23:00:00Z,21193.108,5325.952509,1.02422164,0.49,0.72,0.5775,19.1,6.96,,0.5,1.055556,0.716714,0.702694,0.915055,0.943364,0.654973,612.9274,0.880073,0.0
2026-05-15T00:00:00Z,21157.1252,5305.814136,1.02034887,1.0,0.43,0.582678,19.1,6.47,,0.52,1.138889,0.715289,0.701171,0.918344,0.945191,0.651842,611.8198,0.884458,0.0
2026-05-15T01:00:00Z,21212.512,5336.812235,1.02631005,1.33,0.43,0.586651,19.2,6.66,,0.52,0.888889,0.717482,0.703515,0.916789,0.944327,0.655103,613.5247,0.882385,0.0
2026-05-15T02:00:00Z,21437.6022,5462.787539,1.05053607,1.37,0.43,0.589148,19.3,6.45,,0.52,0.472222,0.726392,0.71304,0.918507,0.945282,0.664786,620.4533,0.884676,0.0
2026-05-15T03:00:00Z,21810.6669,5671.579092,1.09068829,1.04,0.43,0.59,19.5,5.96,,0.52,0.277778,0.74116,0.728827,0.922516,0.947509,0.680319,631.9369,0.890022,0.0
2026-05-15T04:00:00Z,22273.4693,5930.593826,1.14049881,0.42,0.43,0.589148,19.6,5.69,,0.5,0.75,0.759481,0.748411,0.925445,0.949136,0.700496,646.1827,0.893927,0.0
2026-05-15T05:00:00Z,22772.3952,6209.825574,1.19419723,-0.3,0.43,0.586651,19.7,5.76,,0.5,1.138889,0.779232,0.769523,0.924873,0.948818,0.723907,661.5404,0.893164,0.0
2026-05-15T06:00:00Z,23311.8493,6511.739604,1.25225762,-0.91,0.43,0.582678,19.7,5.85,,0.48,1.305556,0.800586,0.792351,0.924856,0.948809,0.748951,678.1457,0.893142,0.0
2026-05-15T07:00:00Z,23838.3709,6806.415763,1.30892611,-1.3,0.72,0.5775,19.8,6.0,,0.48,1.111111,0.821429,0.814631,0.923629,0.948127,0.773933,694.3529,0.891505,0.0
2026-05-15T08:00:00Z,24316.9632,7074.267562,1.36043607,-1.4,0.72,0.57147,19.8,6.24,,0.48,0.694444,0.840375,0.834884,0.921665,0.947036,0.797017,709.0847,0.888887,0.0
2026-05-15T09:00:00Z,24706.9075,7292.506055,1.40240501,-1.14,0.72,0.565,19.8,6.62,,0.48,0.083333,0.855811,0.851385,0.918556,0.945309,0.816497,721.0878,0.884742,0.0
2026-05-15T10:00:00Z,25052.1287,7485.714535,1.43956049,-0.52,0.72,0.55853,20.1,6.43,,0.5,0.694444,0.869477,0.865993,0.919391,0.945773,0.832148,735.1143,0.885855,0.0
2026-05-15T11:00:00Z,25165.0146,7548.892916,1.45171018,0.28,0.72,0.5525,20.0,7.25,,0.5,1.305556,0.873946,0.87077,0.912682,0.942045,0.840369,735.1891,0.876909,0.0
2026-05-15T12:00:00Z,25171.0144,7552.250835,1.45235593,1.03,0.72,0.547322,20.1,7.74,,0.52,1.583333,0.874184,0.871024,0.907953,0.939418,0.84275,738.7738,0.870604,0.0
2026-05-15T13:00:00Z,25046.3125,7482.45941,1.4389345,1.59,0.72,0.543349,20.1,8.21,,0.52,1.361111,0.869247,0.865747,0.904107,0.937282,0.838671,734.9353,0.865476,0.0
2026-05-15T14:00:00Z,24823.2194,7357.601864,1.41492344,1.88,0.72,0.540852,20.2,8.37,,0.52,1.0,0.860416,0.856306,0.902798,0.936555,0.828899,731.4681,0.863731,0.0
2026-05-15T15:00:00Z,24530.2073,7193.612984,1.38338711,1.78,0.72,0.54,20.2,8.08,,0.52,0.388889,0.848817,0.843907,0.905171,0.937873,0.814245,722.4487,0.866895,0.0
2026-05-15T16:00:00Z,24164.4319,6988.900953,1.34401941,1.31,0.72,0.540852,20.1,7.53,,0.52,0.444444,0.834337,0.828429,0.909671,0.940373,0.795269,707.7896,0.872895,0.0
2026-05-15T17:00:00Z,23703.2998,6730.821103,1.29438867,0.61,1.08,0.543349,20.0,7.18,,0.52,0.944444,0.816082,0.808916,0.912535,0.941964,0.772595,690.1952,0.876713,0.0
2026-05-15T18:00:00Z,23175.868,6435.63555,1.23762222,-0.1,1.08,0.547322,19.9,7.1,,0.52,1.305556,0.795203,0.786597,0.913189,0.942327,0.747825,673.96,0.877585,0.0
2026-05-15T19:00:00Z,22630.7272,6130.538855,1.17894978,-0.66,1.08,0.5525,19.8,7.2,,0.52,1.361111,0.773623,0.763529,0.912371,0.941873,0.722888,657.1796,0.876495,0.0
2026-05-15T20:00:00Z,22115.7533,5842.325577,1.12352415,-1.01,1.08,0.55853,19.8,7.38,,0.52,1.111111,0.753238,0.741737,0.910898,0.941055,0.699642,641.3279,0.874531,0.0
2026-05-15T21:00:00Z,21680.3416,5598.640503,1.07666164,-1.04,1.08,0.565,19.8,7.47,,0.52,0.611111,0.736001,0.723312,0.910162,0.940645,0.679761,627.9252,0.873549,0.0
2026-05-15T22:00:00Z,21352.8708,5415.366291,1.04141659,-0.71,0.72,0.57147,19.7,7.34,,0.56,0.111111,0.723038,0.709455,0.909785,0.940436,0.66473,617.8451,0.873047,0.0
2026-05-15T23:00:00Z,21089.1437,5267.767241,1.01303216,-0.09,0.72,0.5775,19.8,7.92,,0.6,0.777778,0.712598,0.698295,0.9036,0.937,0.655239,609.7272,0.8648,0.0
2026-05-16T00:00:00Z,20621.8219,5006.223193,0.96273523,0.55,0.43,0.582678,19.9,8.1,,0.64,1.166667,0.694099,0.678519,0.900687,0.935382,0.634845,595.3423,0.860916,0.0
2026-05-16T01:00:00Z,20705.1989,5052.886417,0.97170893,1.05,0.43,0.586651,20.0,7.89,,0.64,1.138889,0.697399,0.682048,0.902405,0.936336,0.637951,597.9088,0.863207,0.0
2026-05-16T02:00:00Z,20928.1622,5177.671377,0.99570603,1.31,0.43,0.589148,20.2,7.56,,0.64,0.805556,0.706226,0.691482,0.905105,0.937836,0.647099,611.5719,0.866807,0.0
2026-05-16T03:00:00Z,21254.9289,5360.551559,1.0308753,1.23,0.43,0.59,20.2,7.4,,0.64,0.388889,0.719161,0.70531,0.906415,0.938564,0.661683,621.6303,0.868553,0.0
2026-05-16T04:00:00Z,21677.2444,5596.907106,1.07632829,0.8,0.43,0.589148,20.3,7.31,,0.62,0.444444,0.735879,0.723181,0.907871,0.939373,0.680636,638.0299,0.870495,0.0
2026-05-16T05:00:00Z,22149.1221,5861.000948,1.12711557,0.12,0.43,0.586651,20.3,7.43,,0.6,0.944444,0.754559,0.743149,0.907609,0.939227,0.702652,652.5551,0.870145,0.0
2026-05-16T06:00:00Z,22629.7476,6129.990599,1.17884435,-0.6,0.43,0.582678,20.3,7.82,,0.58,1.305556,0.773585,0.763487,0.905138,0.937855,0.726057,667.3495,0.866851,0.0
2026-05-16T07:00:00Z,23113.1893,6400.556432,1.23087624,-1.17,0.72,0.5775,20.3,8.09,,0.58,1.305556,0.792722,0.783945,0.902929,0.936627,0.749476,682.2306,0.863905,0.0
2026-05-16T08:00:00Z,23582.6566,6663.301242,1.28140409,-1.5,0.72,0.57147,20.3,8.2,,0.56,1.055556,0.811307,0.803811,0.902749,0.936527,0.771345,696.6816,0.863665,0.0
2026-05-16T09:00:00Z,24008.0443,6901.376161,1.32718772,-1.51,0.72,0.565,20.3,8.03,,0.56,0.611111,0.828146,0.821811,0.90414,0.9373,0.790469,709.7757,0.86552,0.0
2026-05-16T10:00:00Z,24423.0141,7133.62061,1.37185012,-1.11,0.72,0.55853,20.4,7.1,,0.56,0.166667,0.844573,0.839371,0.911749,0.941527,0.806347,725.9491,0.875665,0.0
2026-05-16T11:00:00Z,24598.1816,7231.655869,1.39070305,-0.35,0.72,0.5525,20.3,7.37,,0.54,0.944444,0.851507,0.846784,0.91026,0.9407,0.815138,727.9411,0.87368,0.0
2026-05-16T12:00:00Z,24634.3266,7251.885015,1.39459327,0.54,0.72,0.547322,20.3,7.65,,0.54,1.555556,0.852938,0.848313,0.907969,0.939427,0.817834,729.0537,0.870625,0.0
2026-05-16T13:00:00Z,24570.32,7216.062674,1.38770436,1.33,0.72,0.543349,20.3,7.62,,0.54,1.666667,0.850404,0.845605,0.908215,0.939564,0.814754,727.0834,0.870953,0.0
2026-05-16T14:00:00Z,24395.5793,7118.266282,1.36889736,1.86,0.72,0.540852,20.2,7.35,,0.56,1.388889,0.843487,0.83821,0.909704,0.940391,0.805983,718.3046,0.872938,0.0
2026-05-16T15:00:00Z,24120.4189,6964.268411,1.33928239,2.05,0.72,0.54,20.2,6.98,,0.56,0.805556,0.832595,0.826567,0.912731,0.942073,0.791867,709.8348,0.876975,0.0
2026-05-16T16:00:00Z,23769.4456,6767.840649,1.30150782,1.81,0.72,0.540852,20.1,6.52,,0.52,0.25,0.818701,0.811715,0.917935,0.944964,0.773265,695.6312,0.883913,0.0
2026-05-16T17:00:00Z,23295.0229,6502.322485,1.25044663,1.22,1.08,0.543349,20.1,6.51,,0.5,0.666667,0.79992,0.791639,0.918736,0.945409,0.75089,681.0277,0.884982,0.0
2026-05-16T18:00:00Z,22782.1257,6215.271418,1.1952445,0.45,1.08,0.547322,20.1,6.59,,0.46,1.194444,0.779617,0.769935,0.919522,0.945845,0.726736,665.2399,0.886029,0.0
2026-05-16T19:00:00Z,22252.3111,5918.752286,1.13822159,-0.28,1.08,0.5525,20.0,6.79,,0.44,1.5,0.758643,0.747515,0.918605,0.945336,0.702554,645.5314,0.884807,0.0
2026-05-16T20:00:00Z,21769.0392,5648.281493,1.08620798,-0.84,1.08,0.55853,20.0,6.81,,0.44,1.444444,0.739513,0.727065,0.918442,0.945245,0.680198,630.6555,0.884589,0.0
2026-05-16T21:00:00Z,21364.92,5422.109796,1.04271342,-1.16,1.08,0.565,20.0,6.76,,0.42,1.138889,0.723515,0.709964,0.919571,0.945873,0.66094,618.216,0.886095,0.0
2026-05-16T22:00:00Z,21113.6863,5281.502884,1.01567363,-1.13,0.72,0.57147,20.0,5.87,,0.44,0.555556,0.71357,0.699333,0.926133,0.949518,0.646364,610.4827,0.894844,0.0
2026-05-16T23:00:00Z,20878.9275,5150.116401,0.990407,-0.71,0.72,0.5775,20.1,6.3,,0.44,0.194444,0.704277,0.689399,0.922615,0.947564,0.637032,606.6564,0.890153,0.0
2026-05-17T00:00:00Z,20808.0792,5110.465047,0.98278174,-0.05,0.43,0.582678,20.2,6.27,,0.46,0.861111,0.701472,0.686401,0.92214,0.9473,0.633955,607.8756,0.88952,0.0
2026-05-17T01:00:00Z,20871.4764,5145.946266,0.98960505,0.6,0.43,0.586651,20.4,6.27,,0.48,1.194444,0.703982,0.689084,0.92142,0.9469,0.637217,616.627,0.88856,0.0
2026-05-17T02:00:00Z,21052.1788,5247.079263,1.0090537,1.05,0.43,0.589148,20.5,6.45,,0.5,1.111111,0.711135,0.69673,0.919227,0.945682,0.646578,625.5894,0.885636,0.0
2026-05-17T03:00:00Z,21338.199,5407.15497,1.03983749,1.22,0.43,0.59,20.6,6.77,,0.52,0.694444,0.722457,0.708834,0.915889,0.943827,0.661336,637.7935,0.881185,0.0
2026-05-17T04:00:00Z,21704.0269,5611.896339,1.07921083,1.03,0.43,0.589148,20.7,7.25,,0.54,0.361111,0.736939,0.724314,0.911242,0.941245,0.68038,652.4543,0.874989,0.0
2026-05-17T05:00:00Z,22145.0489,5858.72129,1.12667717,0.51,0.43,0.586651,20.8,7.6,,0.56,0.638889,0.754397,0.742976,0.907658,0.939255,0.702442,669.4297,0.870211,0.0
2026-05-17T06:00:00Z,22629.7476,6129.990599,1.17884435,-0.21,0.43,0.582678,20.8,7.82,,0.58,1.111111,0.773585,0.763487,0.905138,0.937855,0.726057,684.3495,0.866851,0.0
2026-05-17T07:00:00Z,23109.9601,6398.749111,1.23052868,-0.9,0.72,0.5775,20.8,8.06,,0.6,1.361111,0.792594,0.783808,0.902455,0.936364,0.749537,699.1312,0.863273,0.0
2026-05-17T08:00:00Z,23537.3823,6637.962744,1.2765313,-1.41,0.72,0.57147,20.8,8.45,,0.62,1.361111,0.809514,0.801895,0.898544,0.934191,0.771112,712.288,0.858058,0.0
2026-05-17T09:00:00Z,23943.8302,6865.437733,1.32027649,-1.65,0.72,0.565,20.7,8.38,,0.64,1.0,0.825604,0.819094,0.898396,0.934109,0.790042,721.3991,0.857862,0.0
2026-05-17T10:00:00Z,24309.9827,7070.36078,1.35968477,-1.55,0.72,0.55853,20.8,7.88,,0.64,0.472222,0.840099,0.834588,0.902487,0.936382,0.805217,736.0698,0.863316,0.0
2026-05-17T11:00:00Z,24418.1956,7130.923832,1.37133151,-1.03,0.72,0.5525,20.6,8.61,,0.66,0.361111,0.844382,0.839167,0.895795,0.932664,0.813214,732.6008,0.854393,0.0
2026-05-17T12:00:00Z,24466.8436,7158.150502,1.3765674,-0.16,0.72,0.547322,20.5,8.77,,0.66,1.166667,0.846308,0.841226,0.894485,0.931936,0.816054,730.6983,0.852647,0.0
2026-05-17T13:00:00Z,24376.9604,7107.845904,1.36689344,0.77,0.72,0.543349,20.5,8.98,,0.66,1.611111,0.84275,0.837422,0.892767,0.930982,0.812646,727.9315,0.850356,0.0
2026-05-17T14:00:00Z,24199.146,7008.329296,1.34775563,1.53,0.72,0.540852,20.5,8.89,,0.64,1.638889,0.835711,0.829898,0.894224,0.931791,0.803746,722.4581,0.852298,0.0
2026-05-17T15:00:00Z,23922.4255,6853.458257,1.31797274,1.98,0.72,0.54,20.5,8.58,,0.64,1.194444,0.824757,0.818188,0.89676,0.9332,0.789776,713.9402,0.85568,0.0
2026-05-17T16:00:00Z,23540.4868,6639.700241,1.27686543,2.05,0.72,0.540852,20.4,8.42,,0.62,0.611111,0.809637,0.802026,0.898789,0.934327,0.771147,698.7835,0.858385,0.0
2026-05-17T17:00:00Z,23089.0939,6387.07104,1.22828289,1.7,1.08,0.543349,20.4,8.27,,0.6,0.361111,0.791768,0.782925,0.900736,0.935409,0.749332,684.8889,0.860982,0.0
2026-05-17T18:00:00Z,22603.1645,6115.112948,1.17598326,1.05,1.08,0.547322,20.3,8.1,,0.58,0.888889,0.772532,0.762362,0.902847,0.936582,0.725841,666.5312,0.863796,0.0
2026-05-17T19:00:00Z,22126.7193,5848.462828,1.12470439,0.27,1.08,0.5525,20.3,7.74,,0.58,1.361111,0.753672,0.742201,0.905793,0.938218,0.70242,651.8655,0.867724,0.0
2026-05-17T20:00:00Z,21695.1714,5606.940221,1.07825773,-0.44,1.08,0.55853,20.3,7.29,,0.56,1.555556,0.736588,0.723939,0.910195,0.940664,0.680435,638.5817,0.873593,0.0
2026-05-17T21:00:00Z,21265.7002,5366.579861,1.03203459,-0.97,1.08,0.565,20.2,7.52,,0.56,1.444444,0.719587,0.705766,0.908313,0.939618,0.661339,621.9619,0.871084,0.0
2026-05-17T22:00:00Z,21044.5655,5242.818359,1.0082343,-1.23,0.72,0.57147,20.4,6.42,,0.54,1.055556,0.710833,0.696408,0.918033,0.945018,0.646756,621.955,0.884044,0.0
2026-05-17T23:00:00Z,20794.8083,5103.037774,0.98135342,-1.13,0.72,0.5775,20.5,7.06,,0.54,0.444444,0.700947,0.685839,0.912796,0.942109,0.637491,617.6671,0.877062,0.0
2026-05-18T00:00:00Z,21063.0558,5253.166735,1.01022437,-0.64,0.43,0.582678,20.6,7.63,,0.52,0.305556,0.711565,0.697191,0.908853,0.939918,0.651694,629.3242,0.871804,0.0
2026-05-18T01:00:00Z,21094.25,5270.625064,1.01358174,0.04,0.43,0.586651,20.8,7.92,,0.58,1.0,0.7128,0.698511,0.90432,0.9374,0.655156,637.0844,0.86576,0.0
2026-05-18T02:00:00Z,21269.183,5368.529049,1.03240943,0.64,0.43,0.589148,21.0,8.03,,0.66,1.222222,0.719725,0.705913,0.90054,0.9353,0.664955,649.2691,0.86072,0.0
2026-05-18T03:00:00Z,21578.9296,5541.883654,1.06574686,1.0,0.43,0.59,21.1,8.02,,0.72,0.972222,0.731987,0.71902,0.898462,0.934145,0.680254,662.2036,0.857949,0.0
2026-05-18T04:00:00Z,21970.1867,5760.856879,1.10785709,1.05,0.43,0.589148,21.3,8.31,,0.74,0.555556,0.747475,0.735577,0.895369,0.932427,0.699788,681.0471,0.853825,0.0
2026-05-18T05:00:00Z,22412.9216,6008.640471,1.15550778,0.78,0.43,0.586651,21.4,8.76,,0.76,0.388889,0.765001,0.754312,0.890967,0.929982,0.722292,698.0752,0.847956,0.0
2026-05-18T06:00:00Z,22881.9013,6271.112422,1.20598316,0.22,0.43,0.582678,21.3,9.26,,0.78,0.75,0.783566,0.774157,0.886156,0.927309,0.746196,709.1112,0.841542,0.0
2026-05-18T07:00:00Z,23354.2369,6535.462489,1.25681971,-0.45,0.72,0.5775,21.3,9.74,,0.78,1.111111,0.802264,0.794145,0.882229,0.925127,0.769863,723.6504,0.836305,0.0
2026-05-18T08:00:00Z,23831.3421,6802.481997,1.30816961,-1.07,0.72,0.57147,21.3,9.87,,0.76,1.305556,0.821151,0.814334,0.881885,0.924936,0.792159,738.3365,0.835847,0.0
2026-05-18T09:00:00Z,24233.6631,7027.647326,1.35147064,-1.48,0.72,0.565,21.3,9.99,,0.76,1.138889,0.837077,0.831359,0.880904,0.924391,0.811268,750.7206,0.834538,0.0
2026-05-18T10:00:00Z,24644.8932,7257.798734,1.39573053,-1.62,0.72,0.55853,21.2,9.18,,0.76,0.805556,0.853356,0.84876,0.887531,0.928073,0.827408,759.9789,0.843375,0.0
2026-05-18T11:00:00Z,24812.1008,7351.379118,1.41372675,-1.41,0.72,0.5525,21.1,9.54,,0.74,0.166667,0.859976,0.855836,0.885305,0.926836,0.836157,761.7259,0.840407,0.0
2026-05-18T12:00:00Z,24892.4012,7396.320547,1.42236934,-0.79,0.72,0.547322,21.0,9.44,,0.74,0.611111,0.863154,0.859234,0.886124,0.927291,0.839521,760.7976,0.841498,0.0
2026-05-18T13:00:00Z,24822.8391,7357.388995,1.4148825,0.11,0.72,0.543349,21.0,9.51,,0.72,1.361111,0.860401,0.85629,0.886271,0.927373,0.836227,758.6564,0.841695,0.0
2026-05-18T14:00:00Z,24616.3152,7241.804643,1.39265474,1.01,0.72,0.540852,20.9,9.68,,0.68,1.722222,0.852225,0.847551,0.88632,0.9274,0.82662,748.8993,0.84176,0.0
2026-05-18T15:00:00Z,24319.7836,7075.845999,1.36073962,1.69,0.72,0.54,20.8,9.53,,0.66,1.527778,0.840487,0.835003,0.888267,0.928482,0.811992,736.3715,0.844356,0.0
2026-05-18T16:00:00Z,23896.2892,6838.830677,1.31515975,2.04,0.72,0.540852,20.7,9.58,,0.66,1.055556,0.823722,0.817082,0.887858,0.928255,0.792519,719.9357,0.843811,0.0
2026-05-18T17:00:00Z,23387.8752,6554.288745,1.26044014,2.02,1.08,0.543349,20.7,9.79,,0.66,0.5,0.803596,0.795568,0.88614,0.9273,0.769686,704.2859,0.84152,0.0
2026-05-18T18:00:00Z,22859.6498,6258.659031,1.20358828,1.63,1.08,0.547322,20.6,9.86,,0.66,0.472222,0.782686,0.773216,0.885567,0.926982,0.745425,684.6262,0.840756,0.0
2026-05-18T19:00:00Z,22380.1564,5990.302943,1.15198134,0.96,1.08,0.5525,20.6,9.42,,0.66,0.972222,0.763704,0.752925,0.889167,0.928982,0.721571,669.8667,0.845556,0.0
2026-05-18T20:00:00Z,21905.6154,5724.718523,1.10090741,0.22,1.08,0.55853,20.6,9.34,,0.64,1.361111,0.744919,0.732845,0.890542,0.929745,0.698936,655.2595,0.847389,0.0
2026-05-18T21:00:00Z,21462.4136,5476.673657,1.05320647,-0.44,1.08,0.565,20.6,9.62,,0.64,1.5,0.727374,0.71409,0.888251,0.928473,0.679385,641.6171,0.844335,0.0
2026-05-18T22:00:00Z,21207.6171,5334.072724,1.02578322,-0.91,0.72,0.57147,20.7,8.83,,0.64,1.361111,0.717288,0.703308,0.894715,0.932064,0.664687,637.174,0.852953,0.0
2026-05-18T23:00:00Z,20941.061,5184.890386,0.9970943,-1.12,0.72,0.5775,20.8,9.67,,0.62,0.888889,0.706736,0.692028,0.888562,0.928645,0.65505,632.369,0.844749,0.0
2026-05-19T00:00:00Z,20901.4755,5162.735747,0.9928338,-0.95,0.43,0.582678,20.9,9.31,,0.62,0.305556,0.705169,0.690353,0.891507,0.930282,0.651904,634.5505,0.848676,0.0
2026-05-19T01:00:00Z,20993.5538,5214.268802,1.002744,-0.44,0.43,0.586651,21.1,9.09,,0.6,0.5,0.708814,0.69425,0.894027,0.931682,0.655057,644.1848,0.852036,0.0
2026-05-19T02:00:00Z,21209.704,5335.240735,1.02600783,0.2,0.43,0.589148,21.3,8.93,,0.6,1.0,0.717371,0.703396,0.895336,0.932409,0.664507,657.6382,0.853782,0.0
2026-05-19T03:00:00Z,21584.7554,5545.144154,1.06637388,0.7,0.43,0.59,21.4,8.39,,0.58,1.083333,0.732218,0.719267,0.900475,0.935264,0.67963,672.5829,0.860633,0.0
2026-05-19T04:00:00Z,22013.3842,5785.033062,1.11250636,0.96,0.43,0.589148,21.5,8.33,,0.58,0.75,0.749185,0.737405,0.900965,0.935536,0.699305,689.1768,0.861287,0.0
2026-05-19T05:00:00Z,22525.5959,6071.700457,1.1676347,0.94,0.43,0.586651,21.5,8.19,,0.56,0.444444,0.769462,0.75908,0.902831,0.936573,0.722249,704.9435,0.863775,0.0
2026-05-19T06:00:00Z,23050.7653,6365.61982,1.22415766,0.63,0.43,0.582678,21.5,8.24,,0.56,0.5,0.790251,0.781303,0.902422,0.936345,0.746804,721.1091,0.863229,0.0
2026-05-19T07:00:00Z,23528.639,6633.069387,1.27559027,0.08,0.72,0.5775,21.5,8.68,,0.58,0.833333,0.809168,0.801525,0.897382,0.933545,0.771223,735.8188,0.856509,0.0
2026-05-19T08:00:00Z,23953.1516,6870.654625,1.32127974,-0.55,0.72,0.57147,21.5,9.24,,0.6,1.111111,0.825973,0.819489,0.88992,0.9294,0.794242,748.886,0.84656,0.0
2026-05-19T09:00:00Z,24371.6231,7104.858793,1.366319,-1.08,0.72,0.565,21.6,9.19,,0.62,1.138889,0.842539,0.837197,0.892489,0.930827,0.812522,765.1672,0.849985,0.0
2026-05-19T10:00:00Z,24811.2167,7350.884345,1.4136316,-1.41,0.72,0.55853,21.7,8.1,,0.64,0.944444,0.859941,0.855799,0.900687,0.935382,0.82928,782.0986,0.860916,0.0
2026-05-19T11:00:00Z,24897.7172,7399.295705,1.42294148,-1.46,0.72,0.5525,21.7,8.99,,0.68,0.5,0.863365,0.859459,0.886205,0.927336,0.839731,784.7613,0.841607,0.0
2026-05-19T12:00:00Z,24881.3151,7390.115991,1.42117615,-1.16,0.72,0.547322,21.6,9.66,,0.7,0.111111,0.862716,0.858765,0.878564,0.923091,0.842366,780.8564,0.831418,0.0
2026-05-19T13:00:00Z,24907.0044,7404.493437,1.42394105,-0.48,0.72,0.543349,21.7,8.91,,0.68,0.888889,0.863732,0.859852,0.89046,0.9297,0.838271,785.0471,0.84728,0.0
2026-05-19T14:00:00Z,24700.9059,7289.147153,1.40175907,0.41,0.72,0.540852,21.7,8.94,,0.68,1.5,0.855574,0.851131,0.891655,0.930364,0.828175,778.7031,0.848873,0.0
2026-05-19T15:00:00Z,24348.7691,7092.068207,1.36385927,1.23,0.72,0.54,21.6,9.27,,0.66,1.722222,0.841634,0.83623,0.890395,0.929664,0.812392,764.4638,0.847193,0.0
2026-05-19T16:00:00Z,23919.1959,6851.650751,1.31762514,1.8,0.72,0.540852,21.6,9.43,,0.64,1.444444,0.824629,0.818052,0.889805,0.929336,0.792717,751.2408,0.846407,0.0
2026-05-19T17:00:00Z,23439.3678,6583.107399,1.26598219,2.06,1.08,0.543349,21.6,9.48,,0.6,0.944444,0.805634,0.797747,0.890836,0.929909,0.769989,736.4709,0.847782,0.0
2026-05-19T18:00:00Z,22950.6336,6309.579562,1.21338069,1.97,1.08,0.547322,21.5,9.19,,0.58,0.444444,0.786287,0.777066,0.893929,0.931627,0.745932,718.0269,0.851905,0.0
2026-05-19T19:00:00Z,22469.2587,6040.170464,1.16157124,1.55,1.08,0.5525,21.4,8.85,,0.54,0.583333,0.767232,0.756696,0.898151,0.933973,0.721714,699.8094,0.857535,0.0
2026-05-19T20:00:00Z,22007.7595,5781.885121,1.11190098,0.91,1.08,0.55853,21.4,8.58,,0.52,1.027778,0.748963,0.737167,0.90108,0.9356,0.698993,685.6037,0.86144,0.0
2026-05-19T21:00:00Z,21679.047,5597.915948,1.0765223,0.21,1.08,0.565,21.4,7.61,,0.48,1.361111,0.73595,0.723257,0.904696,0.937609,0.68213,675.4854,0.866262,0.0
2026-05-19T22:00:00Z,21489.9854,5492.104615,1.05617396,-0.39,0.72,0.57147,21.5,6.01,,0.46,1.444444,0.728466,0.715257,0.917787,0.944882,0.667537,673.0658,0.883716,0.0
2026-05-19T23:00:00Z,21281.9577,5375.678623,1.03378435,-0.8,0.72,0.5775,21.5,6.06,,0.44,1.194444,0.720231,0.706454,0.916658,0.944255,0.658384,666.6623,0.882211,0.0
2026-05-20T00:00:00Z,21227.8799,5345.413151,1.02796407,-0.95,0.43,0.582678,21.5,5.91,,0.42,0.805556,0.71809,0.704165,0.922925,0.947736,0.653089,664.9977,0.890567,0.0
2026-05-20T01:00:00Z,21366.7223,5423.118478,1.0429074,-0.75,0.43,0.586651,21.5,5.21,,0.38,0.166667,0.723586,0.710041,0.930813,0.952118,0.656027,669.2715,0.901084,0.0
2026-05-20T02:00:00Z,21624.5955,5567.441326,1.07066179,-0.25,0.43,0.589148,21.6,4.71,,0.36,0.527778,0.733795,0.720953,0.935624,0.954791,0.665858,680.6093,0.907498,0.0
2026-05-20T03:00:00Z,21981.9885,5767.461939,1.1091273,0.31,0.43,0.59,21.5,4.6,,0.32,0.888889,0.747942,0.736076,0.940124,0.957291,0.680445,688.2104,0.913498,0.0
2026-05-20T04:00:00Z,22457.5088,6033.594437,1.16030662,0.71,0.43,0.589148,21.6,4.27,,0.3,0.888889,0.766766,0.756199,0.943544,0.959191,0.700994,706.2477,0.918058,0.0
2026-05-20T05:00:00Z,23005.0512,6340.035212,1.21923754,0.89,0.43,0.586651,21.7,3.98,,0.28,0.611111,0.788442,0.779369,0.946636,0.960909,0.725032,726.5019,0.922182,0.0
2026-05-20T06:00:00Z,23582.5755,6663.255857,1.28139536,0.82,0.43,0.582678,21.7,3.8,,0.26,0.361111,0.811303,0.803807,0.943789,0.959327,0.753101,744.2791,0.918385,0.0
2026-05-20T07:00:00Z,24145.774,6978.458783,1.3420113,0.5,0.72,0.5775,21.8,3.78,,0.24,0.527778,0.833598,0.82764,0.946833,0.961018,0.777887,765.0152,0.922444,0.0
2026-05-20T08:00:00Z,24666.4919,7269.886806,1.39805516,-0.01,0.72,0.57147,22.1,3.81,,0.22,0.861111,0.854212,0.849674,0.944427,0.959682,0.803123,791.2438,0.919236,0.0
2026-05-20T09:00:00Z,25107.6881,7516.809266,1.44554024,-0.58,0.72,0.565,22.3,3.9,,0.2,1.138889,0.871677,0.868344,0.942251,0.958473,0.824567,811.6245,0.916335,0.0
2026-05-20T10:00:00Z,25496.5155,7734.422654,1.48738897,-1.04,0.72,0.55853,21.5,3.48,,0.2,1.194444,0.887069,0.884798,0.944967,0.959982,0.841406,796.3932,0.919956,0.0
2026-05-20T11:00:00Z,25827.5986,7919.718576,1.5230228,-1.29,0.72,0.5525,21.4,2.48,,0.2,0.944444,0.900175,0.898808,0.955309,0.965727,0.852175,803.1845,0.933745,0.0
2026-05-20T12:00:00Z,25832.6843,7922.564859,1.52357017,-1.29,0.72,0.547322,21.3,3.07,,0.2,0.527778,0.900377,0.899023,0.954082,0.965045,0.852957,799.9411,0.932109,0.0
2026-05-20T13:00:00Z,25664.2019,7828.270987,1.50543673,-0.95,0.72,0.543349,21.5,3.7,,0.26,0.194444,0.893707,0.891894,0.949647,0.962582,0.847108,801.5549,0.926196,0.0
2026-05-20T14:00:00Z,25439.9312,7702.754353,1.48129891,-0.26,0.72,0.540852,21.5,3.6,,0.32,0.777778,0.884829,0.882403,0.948305,0.961836,0.837296,794.6515,0.924407,0.0
2026-05-20T15:00:00Z,25120.7874,7524.140455,1.44695009,0.56,0.72,0.54,21.4,3.22,,0.38,1.25,0.872195,0.868898,0.947095,0.961164,0.823022,781.4277,0.922793,0.0
2026-05-20T16:00:00Z,24652.7479,7262.194762,1.39657592,1.27,0.72,0.540852,21.4,3.5,,0.36,1.361111,0.853667,0.849093,0.945524,0.960291,0.801998,767.0207,0.920698,0.0
2026-05-20T17:00:00Z,24025.4521,6911.118712,1.32906129,1.74,1.08,0.543349,21.4,4.63,,0.34,1.055556,0.828835,0.822548,0.936998,0.955555,0.776674,747.7115,0.909331,0.0
2026-05-20T18:00:00Z,23397.8883,6559.892714,1.26151783,1.94,1.08,0.547322,21.4,5.48,,0.32,0.555556,0.803992,0.795992,0.930044,0.951691,0.750638,728.3941,0.900058,0.0
2026-05-20T19:00:00Z,22879.1765,6269.587444,1.20568989,1.83,1.08,0.5525,21.4,5.19,,0.32,0.0,0.783459,0.774042,0.933856,0.953809,0.72487,712.4273,0.905142,0.0
2026-05-20T20:00:00Z,22405.3118,6004.38155,1.15468876,1.42,1.08,0.55853,21.4,4.85,,0.3,0.555556,0.7647,0.75399,0.938798,0.956555,0.700681,697.841,0.911731,0.0
2026-05-20T21:00:00Z,21958.038,5754.057662,1.10654955,0.82,1.08,0.565,21.4,4.94,,0.3,1.027778,0.746994,0.735063,0.938782,0.956545,0.679929,684.0732,0.911709,0.0
2026-05-20T22:00:00Z,21730.6141,5626.776286,1.08207236,0.19,0.72,0.57147,21.1,3.69,,0.28,1.333333,0.737991,0.725439,0.949729,0.962627,0.664509,666.8727,0.926305,0.0
2026-05-20T23:00:00Z,21532.7792,5516.054869,1.06077978,-0.32,0.72,0.5775,21.1,3.49,,0.28,1.333333,0.73016,0.717068,0.951365,0.963536,0.6546,660.783,0.928487,0.0
2026-05-21T00:00:00Z,21450.0782,5469.769942,1.05187884,-0.66,0.43,0.582678,21.1,3.67,,0.26,1.111111,0.726886,0.713568,0.950613,0.963118,0.651096,658.2373,0.927484,0.0
2026-05-21T01:00:00Z,21578.1232,5541.432333,1.06566006,-0.74,0.43,0.586651,21.1,3.06,,0.24,0.75,0.731955,0.718986,0.956324,0.966291,0.654501,662.1788,0.935098,0.0
2026-05-21T02:00:00Z,21827.0325,5680.738395,1.09244969,-0.51,0.43,0.589148,21.1,2.66,,0.24,0.388889,0.741808,0.729519,0.959596,0.968109,0.664598,669.8406,0.939462,0.0
2026-05-21T03:00:00Z,22213.51,5897.036618,1.1340455,-0.04,0.43,0.59,21.1,2.23,,0.22,0.638889,0.757107,0.745874,0.963835,0.970464,0.680652,681.737,0.945113,0.0
2026-05-21T04:00:00Z,22714.8941,6177.64419,1.1880085,0.45,0.43,0.589148,21.1,1.66,,0.22,0.944444,0.776955,0.76709,0.968498,0.973055,0.701849,697.1704,0.951331,0.0
2026-05-21T05:00:00Z,23285.5585,6497.025555,1.24942799,0.78,0.43,0.586651,21.1,1.13,,0.24,0.944444,0.799546,0.791239,0.972115,0.975064,0.726727,714.7364,0.956153,0.0
2026-05-21T06:00:00Z,23765.7794,6765.788773,1.30111323,0.93,0.43,0.582678,20.8,2.01,,0.24,0.694444,0.818556,0.81156,0.964915,0.971064,0.752215,719.3184,0.946553,0.0
2026-05-21T07:00:00Z,24208.6519,7013.6494,1.34877873,0.88,0.72,0.5775,20.4,3.11,,0.26,0.361111,0.836087,0.8303,0.955195,0.965664,0.777089,719.3507,0.933593,0.0
2026-05-21T08:00:00Z,24589.9567,7227.052677,1.38981782,0.59,0.72,0.57147,20.0,4.27,,0.3,0.083333,0.851182,0.846436,0.944264,0.959591,0.799644,717.4879,0.919018,0.0
2026-05-21T09:00:00Z,24952.1696,7429.770885,1.42880209,0.13,0.72,0.565,19.8,4.92,,0.32,0.388889,0.86552,0.861763,0.938225,0.956236,0.819138,728.6374,0.910967,0.0
2026-05-21T10:00:00Z,25175.5853,7554.809009,1.45284789,-0.37,0.72,0.55853,20.0,5.85,,0.34,0.638889,0.874365,0.871217,0.929896,0.951609,0.833209,735.5145,0.899862,0.0
2026-05-21T11:00:00Z,25382.6834,7670.714749,1.47513745,-0.75,0.72,0.5525,19.9,5.75,,0.38,0.611111,0.882563,0.879981,0.929275,0.951264,0.843097,741.8893,0.899033,0.0
2026-05-21T12:00:00Z,25440.0002,7702.792956,1.48130634,-0.93,0.72,0.547322,19.8,5.81,,0.4,0.472222,0.884832,0.882406,0.928064,0.950591,0.846295,743.6536,0.897418,0.0
2026-05-21T13:00:00Z,25320.8655,7636.117349,1.46848411,-0.87,0.72,0.543349,19.7,6.22,,0.4,0.472222,0.880116,0.877365,0.924709,0.948727,0.842257,739.9865,0.892945,0.0
2026-05-21T14:00:00Z,25180.7294,7557.687945,1.45340153,-0.52,0.72,0.540852,19.6,5.68,,0.38,0.805556,0.874568,0.871435,0.929847,0.951582,0.83347,735.6728,0.899796,0.0
2026-05-21T15:00:00Z,24914.5442,7408.713212,1.42475254,0.12,0.72,0.54,19.4,5.07,,0.38,1.277778,0.864031,0.860171,0.934838,0.954355,0.818897,727.4792,0.906451,0.0
2026-05-21T16:00:00Z,24553.5755,7206.691383,1.38590219,0.83,0.72,0.540852,19.3,4.42,,0.36,1.611111,0.849742,0.844896,0.940876,0.957709,0.799461,716.368,0.914502,0.0
2026-05-21T17:00:00Z,24111.3593,6959.198074,1.33830732,1.41,1.08,0.543349,19.3,3.8,,0.34,1.555556,0.832236,0.826183,0.946669,0.960927,0.776362,702.7559,0.922225,0.0
2026-05-21T18:00:00Z,23613.4804,6680.552233,1.28472158,1.79,1.08,0.547322,19.3,3.3,,0.32,1.25,0.812527,0.805115,0.95148,0.9636,0.751117,687.4304,0.92864,0.0
2026-05-21T19:00:00Z,23101.9323,6394.256246,1.22966466,1.94,1.08,0.5525,19.2,2.89,,0.3,0.75,0.792277,0.783468,0.955555,0.965864,0.725564,671.6841,0.934073,0.0
2026-05-21T20:00:00Z,22591.8261,6108.767254,1.17476293,1.81,1.08,0.55853,19.2,2.84,,0.28,0.25,0.772084,0.761882,0.956684,0.966491,0.701388,655.9822,0.935578,0.0
2026-05-21T21:00:00Z,22123.318,5846.55925,1.12433832,1.41,1.08,0.565,19.2,3.15,,0.26,0.305556,0.753537,0.742057,0.954867,0.965482,0.680451,641.5608,0.933156,0.0
2026-05-21T22:00:00Z,21728.3184,5625.491474,1.08182528,0.86,0.72,0.57147,19.1,3.78,,0.26,0.722222,0.737901,0.725342,0.949713,0.962618,0.66441,629.402,0.926284,0.0
2026-05-21T23:00:00Z,21479.8779,5486.447827,1.05508612,0.29,0.72,0.5775,19.2,4.2,,0.26,0.916667,0.728066,0.714829,0.946276,0.960709,0.654406,621.7546,0.921702,0.0
2026-05-22T00:00:00Z,21419.2624,5452.52338,1.04856219,-0.19,0.43,0.582678,19.3,4.05,,0.26,0.972222,0.725666,0.712264,0.947504,0.961391,0.651048,619.8888,0.923338,0.0
2026-05-22T01:00:00Z,21497.0351,5496.050111,1.05693271,-0.51,0.43,0.586651,19.4,3.99,,0.26,0.777778,0.728745,0.715555,0.947995,0.961664,0.654439,622.2828,0.923993,0.0
2026-05-22T02:00:00Z,21698.892,5609.022518,1.07865818,-0.61,0.43,0.589148,19.6,4.07,,0.28,0.444444,0.736736,0.724097,0.94662,0.9609,0.664418,628.4962,0.92216,0.0
2026-05-22T03:00:00Z,21988.4616,5771.084717,1.10982398,-0.43,0.43,0.59,19.8,4.65,,0.28,0.222222,0.748199,0.73635,0.941875,0.958264,0.679967,637.4097,0.915833,0.0
2026-05-22T04:00:00Z,22376.5134,5988.264095,1.15158925,-0.07,0.43,0.589148,20.0,5.17,,0.3,0.611111,0.76356,0.752771,0.9369,0.9555,0.700188,649.3545,0.9092,0.0
2026-05-22T05:00:00Z,22899.2127,6280.80104,1.20784635,0.29,0.43,0.586651,20.2,5.04,,0.3,0.805556,0.784252,0.77489,0.937964,0.956091,0.723974,672.2441,0.910618,0.0
2026-05-22T06:00:00Z,23401.8441,6562.10665,1.26194359,0.54,0.43,0.582678,20.4,5.44,,0.32,0.777778,0.804149,0.796159,0.933971,0.953873,0.749077,694.5159,0.905295,0.0
2026-05-22T07:00:00Z,23872.268,6825.386837,1.31257439,0.67,0.72,0.5775,20.5,6.11,,0.34,0.555556,0.822771,0.816066,0.927769,0.950427,0.773666,712.3963,0.897025,0.0
2026-05-22T08:00:00Z,24335.0191,7084.372797,1.36237938,0.62,0.72,0.57147,20.6,6.51,,0.34,0.277778,0.84109,0.835648,0.924496,0.948609,0.796597,730.0405,0.892662,0.0
2026-05-22T09:00:00Z,24788.8474,7338.364987,1.41122404,0.36,0.72,0.565,20.7,6.26,,0.36,0.277778,0.859055,0.854852,0.925822,0.949345,0.817071,747.4101,0.894429,0.0
2026-05-22T10:00:00Z,25072.9906,7497.390221,1.44180581,-0.04,0.72,0.55853,20.9,6.56,,0.4,0.5,0.870303,0.866876,0.921927,0.947182,0.831989,762.9565,0.889236,0.0
2026-05-22T11:00:00Z,25209.9995,7574.069428,1.45655181,-0.46,0.72,0.5525,20.8,7.05,,0.44,0.638889,0.875727,0.872674,0.915758,0.943755,0.84109,763.7738,0.881011,0.0
2026-05-22T12:00:00Z,25234.6141,7587.845393,1.45920104,-0.79,0.72,0.547322,20.9,7.32,,0.48,0.611111,0.876701,0.873715,0.910669,0.940927,0.844494,767.9315,0.874225,0.0
2026-05-22T13:00:00Z,25182.7183,7558.801092,1.45361559,-0.93,0.72,0.543349,21.0,7.16,,0.48,0.416667,0.874647,0.871519,0.914138,0.942855,0.840544,769.7341,0.878851,0.0
2026-05-22T14:00:00Z,25016.9778,7466.041802,1.43577727,-0.89,0.72,0.540852,21.1,6.8,,0.48,0.111111,0.868086,0.864506,0.917084,0.944491,0.831542,768.0323,0.882778,0.0
2026-05-22T15:00:00Z,24689.0703,7282.523158,1.40048522,-0.58,0.72,0.54,21.2,6.78,,0.48,0.416667,0.855105,0.85063,0.917247,0.944582,0.816251,761.3388,0.882996,0.0
2026-05-22T16:00:00Z,24243.9314,7033.39415,1.3525758,-0.05,0.72,0.540852,21.3,6.98,,0.46,0.888889,0.837484,0.831793,0.916331,0.944073,0.795999,751.0367,0.881775,0.0
2026-05-22T17:00:00Z,23729.9518,6745.737291,1.29725717,0.54,1.08,0.543349,21.3,7.11,,0.46,1.222222,0.817138,0.810044,0.915267,0.943482,0.772617,735.2156,0.880356,0.0
2026-05-22T18:00:00Z,23210.4814,6455.007491,1.24134759,1.02,1.08,0.547322,21.3,7.0,,0.44,1.166667,0.796574,0.788062,0.916887,0.944382,0.747788,719.2254,0.882516,0.0
2026-05-22T19:00:00Z,22696.0218,6167.081985,1.1859773,1.35,1.08,0.5525,21.4,6.82,,0.42,0.944444,0.776208,0.766292,0.91908,0.9456,0.722937,706.7895,0.88544,0.0
2026-05-22T20:00:00Z,22251.4206,5918.2539,1.13812575,1.51,1.08,0.55853,21.4,6.31,,0.38,0.611111,0.758608,0.747478,0.924693,0.948718,0.699807,693.104,0.892924,0.0
2026-05-22T21:00:00Z,21845.1901,5690.900573,1.09440396,1.42,1.08,0.565,21.5,6.06,,0.36,0.277778,0.742527,0.730288,0.927458,0.950255,0.679725,683.9995,0.896611,0.0
2026-05-22T22:00:00Z,21562.1948,5532.517796,1.06394573,1.08,0.72,0.57147,21.6,5.52,,0.34,0.388889,0.731324,0.718312,0.932596,0.953109,0.664307,678.6885,0.903462,0.0
2026-05-22T23:00:00Z,21379.7944,5430.434504,1.04431433,0.59,0.72,0.5775,21.7,5.3,,0.3,0.694444,0.724104,0.710594,0.935836,0.954909,0.654401,676.4739,0.907782,0.0
2026-05-23T00:00:00Z,20976.4309,5204.68574,1.0009011,0.1,0.43,0.582678,21.8,4.67,,0.28,0.888889,0.708136,0.693525,0.941711,0.958173,0.63307,667.4577,0.915615,0.0
2026-05-23T01:00:00Z,21079.1272,5262.161336,1.0119541,-0.3,0.43,0.586651,21.9,4.31,,0.26,0.861111,0.712202,0.697871,0.945376,0.960209,0.636207,674.0189,0.920502,0.0
2026-05-23T02:00:00Z,21348.8972,5413.142398,1.04098892,-0.56,0.43,0.589148,22.1,3.56,,0.24,0.638889,0.722881,0.709286,0.952233,0.964018,0.64568,689.1228,0.929644,0.0
2026-05-23T03:00:00Z,21781.2703,5655.126852,1.08752439,-0.62,0.43,0.59,22.3,2.36,,0.22,0.361111,0.739997,0.727583,0.962771,0.969873,0.661064,709.232,0.943695,0.0
2026-05-23T04:00:00Z,22238.1643,5910.834834,1.13669901,-0.42,0.43,0.589148,22.6,2.13,,0.2,0.111111,0.758083,0.746917,0.965373,0.971318,0.681112,733.4959,0.947164,0.0
2026-05-23T05:00:00Z,22723.9028,6182.686034,1.18897808,-0.05,0.43,0.586651,22.8,2.33,,0.2,0.555556,0.777312,0.767471,0.963736,0.970409,0.704383,755.2477,0.944982,0.0
2026-05-23T06:00:00Z,23259.1973,6482.272114,1.24659079,0.3,0.43,0.582678,23.1,2.44,,0.18,0.833333,0.798502,0.790123,0.963556,0.970309,0.729307,781.925,0.944742,0.0
2026-05-23T07:00:00Z,23743.1484,6753.122976,1.2986775,0.58,0.72,0.5775,23.2,3.0,,0.18,0.777778,0.81766,0.810602,0.958975,0.967764,0.753804,800.2218,0.938633,0.0
2026-05-23T08:00:00Z,24202.2683,7010.076698,1.34809167,0.77,0.72,0.57147,23.1,3.4,,0.18,0.722222,0.835835,0.83003,0.955702,0.965945,0.776567,810.9542,0.934269,0.0
2026-05-23T09:00:00Z,24537.5429,7197.71845,1.38417663,0.79,0.72,0.565,22.9,4.27,,0.18,0.5,0.849107,0.844218,0.948584,0.961991,0.795291,814.4745,0.924778,0.0
2026-05-23T10:00:00Z,24716.2923,7297.758372,1.40341507,0.6,0.72,0.55853,22.1,5.49,,0.22,0.194444,0.856183,0.851782,0.937162,0.955645,0.808664,792.7767,0.909549,0.0
2026-05-23T11:00:00Z,24840.299,7367.16073,1.41676168,0.26,0.72,0.5525,21.7,6.01,,0.28,0.25,0.861092,0.857029,0.930747,0.952082,0.81727,782.9938,0.900996,0.0
2026-05-23T12:00:00Z,24805.4506,7347.657234,1.41301101,-0.11,0.72,0.547322,21.6,6.81,,0.32,0.416667,0.859712,0.855555,0.922762,0.947645,0.819202,778.5211,0.890349,0.0
2026-05-23T13:00:00Z,24745.8482,7314.2998,1.40659612,-0.4,0.72,0.543349,21.7,6.67,,0.34,0.416667,0.857353,0.853032,0.923187,0.947882,0.816246,780.0865,0.890916,0.0
2026-05-23T14:00:00Z,24526.4434,7191.506425,1.382982,-0.54,0.72,0.540852,21.6,6.72,,0.38,0.277778,0.848668,0.843748,0.921338,0.946855,0.806885,769.9329,0.888451,0.0
2026-05-23T15:00:00Z,24197.4758,7007.394524,1.34757587,-0.53,0.72,0.54,21.6,6.76,,0.4,0.111111,0.835645,0.829827,0.920291,0.946273,0.792083,759.8067,0.887055,0.0
2026-05-23T16:00:00Z,23824.551,6798.681222,1.3074387,-0.28,0.72,0.540852,21.5,6.3,,0.42,0.416667,0.820882,0.814047,0.923335,0.947964,0.773422,744.9275,0.891113,0.0
2026-05-23T17:00:00Z,23349.424,6532.768886,1.25630171,0.17,1.08,0.543349,21.5,6.15,,0.44,0.861111,0.802074,0.793941,0.923842,0.948245,0.751145,730.3023,0.891789,0.0
2026-05-23T18:00:00Z,22803.0124,6226.961001,1.1974925,0.67,1.08,0.547322,21.4,6.37,,0.46,1.166667,0.780444,0.770819,0.921322,0.946845,0.726906,710.0829,0.888429,0.0
2026-05-23T19:00:00Z,22293.4962,5941.802162,1.14265426,1.1,1.08,0.5525,21.3,6.21,,0.48,1.166667,0.760274,0.749258,0.921911,0.947173,0.702997,690.9991,0.889215,0.0
2026-05-23T20:00:00Z,21789.99,5660.006942,1.08846287,1.43,1.08,0.55853,21.2,6.38,,0.5,0.972222,0.740342,0.727952,0.91908,0.9456,0.680886,672.1004,0.88544,0.0
2026-05-23T21:00:00Z,21357.2558,5417.820428,1.04188854,1.6,1.08,0.565,21.1,6.54,,0.52,0.75,0.723212,0.70964,0.916331,0.944073,0.662024,655.3801,0.881775,0.0
2026-05-23T22:00:00Z,20983.4588,5208.618997,1.0016575,1.52,0.72,0.57147,21.1,7.12,,0.56,0.388889,0.708415,0.693822,0.909425,0.940236,0.647745,643.874,0.872567,0.0
2026-05-23T23:00:00Z,20752.0625,5079.11437,0.97675276,1.19,0.72,0.5775,21.2,7.48,,0.58,0.25,0.699254,0.684031,0.90432,0.9374,0.639275,640.1513,0.86576,0.0
2026-05-24T00:00:00Z,20665.6128,5030.731466,0.96744836,0.71,0.43,0.582678,21.3,7.6,,0.62,0.5,0.695832,0.680372,0.891098,0.930055,0.641139,640.8902,0.848131,0.0
2026-05-24T01:00:00Z,20721.8658,5062.21435,0.97350276,0.22,0.43,0.586651,21.3,7.74,,0.62,0.694444,0.698059,0.682753,0.896433,0.933018,0.641379,642.6218,0.855244,0.0
2026-05-24T02:00:00Z,20950.6014,5190.229831,0.99812112,-0.18,0.43,0.589148,21.3,7.28,,0.64,0.694444,0.707114,0.692432,0.891556,0.930309,0.654162,649.6626,0.848742,0.0
2026-05-24T03:00:00Z,21357.6701,5418.052285,1.04193313,-0.47,0.43,0.59,21.3,6.16,,0.64,0.555556,0.723228,0.709658,0.90144,0.9358,0.668662,662.1929,0.86192,0.0
2026-05-24T04:00:00Z,21737.505,5630.63288,1.08281402,-0.56,0.43,0.589148,21.3,6.55,,0.64,0.25,0.738264,0.725731,0.900409,0.935227,0.686749,673.8848,0.860545,0.0
2026-05-24T05:00:00Z,22188.4969,5883.037643,1.13135339,-0.4,0.43,0.586651,21.4,6.87,,0.64,0.166667,0.756117,0.744815,0.902111,0.936173,0.706923,691.1671,0.862815,0.0
2026-05-24T06:00:00Z,22721.127,6181.132523,1.18867933,-0.08,0.43,0.582678,21.4,6.67,,0.64,0.583333,0.777202,0.767354,0.909507,0.940282,0.728356,707.5623,0.872676,0.0
2026-05-24T07:00:00Z,23249.8129,6477.019996,1.24558077,0.24,0.72,0.5775,21.4,6.59,,0.62,0.805556,0.798131,0.789726,0.910882,0.941045,0.752282,723.8361,0.874509,0.0
2026-05-24T08:00:00Z,23735.5545,6748.872973,1.29786019,0.54,0.72,0.57147,21.4,6.66,,0.58,0.805556,0.817359,0.810281,0.907429,0.939127,0.776361,738.788,0.869905,0.0
2026-05-24T09:00:00Z,24116.138,6961.872515,1.33882164,0.78,0.72,0.565,21.6,7.02,,0.56,0.694444,0.832425,0.826385,0.909524,0.940291,0.793093,757.303,0.872698,0.0
2026-05-24T10:00:00Z,24566.7725,7214.077286,1.38732256,0.84,0.72,0.55853,22.2,5.79,,0.56,0.5,0.850264,0.845455,0.921027,0.946682,0.808895,791.5743,0.888036,0.0
2026-05-24T11:00:00Z,24804.0789,7346.889577,1.41286338,0.67,0.72,0.5525,22.4,5.46,,0.56,0.194444,0.859658,0.855497,0.923727,0.948182,0.818709,805.6789,0.891636,0.0
2026-05-24T12:00:00Z,24785.2854,7336.371474,1.41084067,0.34,0.72,0.547322,22.5,6.24,,0.56,0.305556,0.858914,0.854701,0.917345,0.944636,0.820673,808.5004,0.883127,0.0
2026-05-24T13:00:00Z,24777.3318,7331.92011,1.40998464,-0.02,0.72,0.543349,22.6,5.7,,0.56,0.5,0.858599,0.854365,0.922484,0.947491,0.81802,811.6556,0.889978,0.0
2026-05-24T14:00:00Z,24600.7917,7233.116653,1.39098397,-0.33,0.72,0.540852,22.6,5.48,,0.56,0.5,0.851611,0.846894,0.925004,0.948891,0.808707,806.2214,0.893338,0.0
2026-05-24T15:00:00Z,24269.1815,7047.525769,1.35529342,-0.55,0.72,0.54,22.6,5.59,,0.56,0.416667,0.838484,0.832862,0.924104,0.948391,0.793716,796.0139,0.892138,0.0
2026-05-24T16:00:00Z,23934.2442,6860.072785,1.31924477,-0.6,0.72,0.540852,22.6,4.99,,0.5,0.222222,0.825225,0.818688,0.931173,0.952318,0.77503,785.704,0.901564,0.0
2026-05-24T17:00:00Z,23479.3406,6605.478784,1.27028438,-0.41,1.08,0.543349,22.6,4.78,,0.46,0.166667,0.807217,0.799439,0.934331,0.954073,0.752513,771.7013,0.905775,0.0
2026-05-24T18:00:00Z,22966.0712,6318.219448,1.2150422,-0.02,1.08,0.547322,22.6,4.84,,0.4,0.555556,0.786898,0.777719,0.936,0.955,0.72795,755.9021,0.908,0.0
2026-05-24T19:00:00Z,22481.0919,6046.793082,1.16284482,0.43,1.08,0.5525,22.6,4.45,,0.38,0.861111,0.7677,0.757197,0.939911,0.957173,0.703703,740.9736,0.913215,0.0
2026-05-24T20:00:00Z,22059.5426,5810.86632,1.11747429,0.83,1.08,0.55853,22.6,3.76,,0.34,0.861111,0.751012,0.739358,0.946996,0.961109,0.680989,727.9976,0.922662,0.0
2026-05-24T21:00:00Z,21626.1229,5568.296118,1.07082618,1.17,1.08,0.565,22.6,3.92,,0.32,0.777778,0.733855,0.721018,0.946407,0.960782,0.661136,714.6563,0.921876,0.0
2026-05-24T22:00:00Z,21416.4152,5450.929891,1.04825575,1.34,0.72,0.57147,22.4,2.53,,0.3,0.555556,0.725554,0.712143,0.9585,0.9675,0.646028,701.4011,0.938,0.0
2026-05-24T23:00:00Z,21222.6592,5342.4913,1.02740217,1.26,0.72,0.5775,22.4,2.48,,0.26,0.222222,0.717884,0.703944,0.960349,0.968527,0.636214,695.437,0.940465,0.0
2026-05-25T00:00:00Z,21610.8476,5559.747073,1.06918213,0.93,0.43,0.582678,22.5,1.75,,0.24,0.361111,0.73325,0.720371,0.967042,0.972245,0.651256,710.7861,0.949389,0.0
2026-05-25T01:00:00Z,21689.2363,5603.618553,1.07761895,0.46,0.43,0.586651,22.7,1.7,,0.24,0.694444,0.736354,0.723688,0.966011,0.971673,0.655352,719.999,0.948015,0.0
2026-05-25T02:00:00Z,21845.6066,5691.133693,1.09444879,-0.03,0.43,0.589148,22.6,2.5,,0.22,0.916667,0.742544,0.730305,0.952265,0.964036,0.668719,721.4124,0.929687,0.0
2026-05-25T03:00:00Z,22130.6542,5850.665065,1.1251279,-0.44,0.43,0.59,22.7,3.19,,0.22,0.861111,0.753828,0.742367,0.95022,0.9629,0.682857,733.5866,0.92696,0.0
2026-05-25T04:00:00Z,22589.8012,6107.633995,1.174545,-0.74,0.43,0.589148,22.7,3.05,,0.22,0.722222,0.772003,0.761797,0.954245,0.965136,0.702378,747.7199,0.932327,0.0
2026-05-25T05:00:00Z,23092.7392,6389.111184,1.22867523,-0.82,0.43,0.586651,22.8,3.3,,0.2,0.361111,0.791913,0.783079,0.95508,0.9656,0.725349,766.6011,0.93344,0.0
2026-05-25T06:00:00Z,23686.1685,6721.233309,1.29254487,-0.61,0.43,0.582678,22.9,2.94,,0.2,0.138889,0.815404,0.808191,0.958745,0.967636,0.751261,788.2678,0.938327,0.0
2026-05-25T07:00:00Z,24247.7242,7035.516821,1.352984,-0.24,0.72,0.5775,22.9,2.92,,0.2,0.611111,0.837634,0.831954,0.958909,0.967727,0.777251,805.5534,0.938545,0.0
2026-05-25T08:00:00Z,24736.5593,7309.10115,1.40559637,0.15,0.72,0.57147,22.9,3.16,,0.22,0.916667,0.856985,0.852639,0.956225,0.966236,0.801131,820.6006,0.934967,0.0
2026-05-25T09:00:00Z,25164.2656,7548.473766,1.45162957,0.54,0.72,0.565,22.9,3.33,,0.22,0.972222,0.873916,0.870738,0.954835,0.965464,0.8216,833.7661,0.933113,0.0
2026-05-25T10:00:00Z,25430.5005,7697.476303,1.4802839,0.86,0.72,0.55853,23.4,3.87,,0.26,0.888889,0.884456,0.882004,0.948976,0.962209,0.83656,858.9612,0.925302,0.0
2026-05-25T11:00:00Z,25542.8877,7760.375618,1.49237993,1.0,0.72,0.5525,23.2,4.62,,0.3,0.666667,0.888905,0.88676,0.9414,0.958,0.845143,855.6207,0.9152,0.0
2026-05-25T12:00:00Z,25580.9113,7781.656128,1.49647233,0.88,0.72,0.547322,23.0,4.79,,0.34,0.333333,0.89041,0.888369,0.938569,0.956427,0.848166,849.9911,0.911425,0.0
2026-05-25T13:00:00Z,25417.8007,7690.368672,1.47891705,0.56,0.72,0.543349,23.0,5.51,,0.36,0.222222,0.883953,0.881467,0.931958,0.952755,0.843534,844.9703,0.902611,0.0
2026-05-25T14:00:00Z,25161.5821,7546.971904,1.45134075,0.19,0.72,0.540852,23.0,5.91,,0.36,0.416667,0.87381,0.870625,0.928685,0.950936,0.833097,837.0835,0.898247,0.0
2026-05-25T15:00:00Z,24761.8128,7323.234659,1.40831436,-0.14,0.72,0.54,23.2,6.44,,0.38,0.5,0.857985,0.853708,0.923629,0.948127,0.816791,831.5779,0.891505,0.0
2026-05-25T16:00:00Z,24307.5311,7068.988708,1.35942091,-0.4,0.72,0.540852,23.4,6.64,,0.38,0.5,0.840002,0.834485,0.921993,0.947218,0.796434,824.3944,0.889324,0.0
2026-05-25T17:00:00Z,23834.4895,6804.243503,1.30850837,-0.49,1.08,0.543349,23.5,6.35,,0.38,0.361111,0.821276,0.814467,0.924365,0.948536,0.773425,813.2334,0.892487,0.0
2026-05-25T18:00:00Z,23310.1186,6510.771007,1.25207135,-0.33,1.08,0.547322,23.5,6.18,,0.38,0.055556,0.800518,0.792278,0.925756,0.949309,0.74847,797.0924,0.894342,0.0
2026-05-25T19:00:00Z,22765.5593,6205.999759,1.19346149,0.02,1.08,0.5525,23.6,6.27,,0.36,0.416667,0.778961,0.769234,0.92574,0.9493,0.723204,783.73,0.89432,0.0
2026-05-25T20:00:00Z,22262.8949,5924.675698,1.13936071,0.44,1.08,0.55853,23.5,6.37,,0.32,0.722222,0.759062,0.747963,0.926362,0.949645,0.699598,764.8572,0.895149,0.0
2026-05-25T21:00:00Z,21834.6174,5684.983369,1.09326603,0.84,1.08,0.565,23.4,6.37,,0.3,0.777778,0.742109,0.72984,0.927082,0.950045,0.679401,748.2741,0.896109,0.0
2026-05-25T22:00:00Z,21710.5791,5615.56338,1.07991603,1.19,0.72,0.57147,23.3,3.93,,0.28,0.722222,0.737198,0.724591,0.947765,0.961536,0.664452,741.056,0.923687,0.0
2026-05-25T23:00:00Z,21566.6851,5535.030811,1.064429,1.37,0.72,0.5775,23.3,3.2,,0.24,0.5,0.731502,0.718502,0.953018,0.964455,0.655439,736.6267,0.930691,0.0
2026-05-26T00:00:00Z,21495.8965,5495.412857,1.05681016,1.27,0.43,0.582678,23.3,3.23,,0.22,0.194444,0.7287,0.715507,0.948453,0.961918,0.654183,734.4477,0.924604,0.0
2026-05-26T01:00:00Z,21640.42,5576.297769,1.07236496,0.9,0.43,0.586651,23.4,2.36,,0.22,0.416667,0.734421,0.721623,0.952691,0.964273,0.659007,742.2964,0.930255,0.0
2026-05-26T02:00:00Z,21956.0078,5752.921476,1.10633105,0.41,0.43,0.589148,23.6,1.24,,0.2,0.75,0.746914,0.734977,0.961855,0.969364,0.669581,758.8107,0.942473,0.0
2026-05-26T03:00:00Z,22332.6586,5955.604856,1.14530863,-0.07,0.43,0.59,24.1,1.08,,0.2,0.888889,0.76125,0.750302,0.961004,0.968891,0.686767,786.9583,0.941338,0.0
2026-05-26T04:00:00Z,22800.1175,6192.880222,1.1909385,-0.49,0.43,0.589148,24.4,1.42,,0.2,0.916667,0.778033,0.768242,0.958222,0.967345,0.70768,810.2084,0.937629,0.0
2026-05-26T05:00:00Z,23121.9749,6389.243109,1.2287006,-0.78,0.43,0.586651,24.2,3.36,,0.18,0.777778,0.791922,0.783089,0.940909,0.957727,0.731658,814.2084,0.914545,0.0
2026-05-26T06:00:00Z,23489.9342,6595.177321,1.26830333,-0.81,0.43,0.582678,24.2,5.28,,0.18,0.472222,0.806488,0.79866,0.92304,0.9478,0.756677,825.5348,0.89072,0.0
2026-05-26T07:00:00Z,24005.269,6899.822958,1.32688903,-0.56,0.72,0.5775,24.0,5.2,,0.22,0.055556,0.828036,0.821694,0.939535,0.956964,0.77461,835.4903,0.912713,0.0
2026-05-26T08:00:00Z,24514.447,7176.677328,1.38013026,-0.14,0.72,0.57147,24.1,5.23,,0.26,0.472222,0.847619,0.842627,0.937849,0.956027,0.798317,854.1173,0.910465,0.0
2026-05-26T09:00:00Z,24958.0442,7408.713212,1.42475254,0.33,0.72,0.565,24.3,5.32,,0.3,0.777778,0.864031,0.860171,0.934953,0.954418,0.818847,873.6792,0.906604,0.0
2026-05-26T10:00:00Z,25236.8036,7564.725346,1.45475487,0.79,0.72,0.55853,24.3,5.82,,0.3,0.833333,0.875066,0.871967,0.930862,0.952145,0.833602,882.2599,0.901149,0.0
2026-05-26T11:00:00Z,25452.0247,7693.292396,1.47947931,1.17,0.72,0.5525,24.2,5.59,,0.32,0.75,0.88416,0.881688,0.932744,0.953191,0.843428,885.9311,0.903658,0.0
2026-05-26T12:00:00Z,25518.0127,7730.223624,1.48658147,1.33,0.72,0.547322,24.2,5.64,,0.32,0.444444,0.886772,0.88448,0.932335,0.952964,0.846672,887.9623,0.903113,0.0
2026-05-26T13:00:00Z,25416.3158,7665.192159,1.47407542,1.18,0.72,0.543349,24.3,5.96,,0.34,0.083333,0.882172,0.879563,0.928996,0.951109,0.842763,887.7856,0.898662,0.0
2026-05-26T14:00:00Z,25137.924,7509.38579,1.44411265,0.81,0.72,0.540852,24.3,6.56,,0.34,0.5,0.871152,0.867783,0.924087,0.948382,0.832024,879.2162,0.892116,0.0
2026-05-26T15:00:00Z,24776.606,7307.168434,1.4052247,0.38,0.72,0.54,24.3,6.76,,0.36,0.805556,0.856848,0.852493,0.921731,0.947073,0.816302,868.0943,0.888975,0.0
2026-05-26T16:00:00Z,24307.4262,7052.699673,1.3562884,-0.02,0.72,0.540852,24.2,6.91,,0.38,0.916667,0.838849,0.833253,0.919784,0.945991,0.796065,850.6985,0.886378,0.0
2026-05-26T17:00:00Z,23791.0184,6779.914187,1.30382965,-0.34,1.08,0.543349,23.9,6.77,,0.38,0.944444,0.819555,0.812628,0.920929,0.946627,0.772935,825.4953,0.887905,0.0
2026-05-26T18:00:00Z,23262.4015,6484.065402,1.24693565,-0.48,1.08,0.547322,23.7,6.6,,0.4,0.75,0.798629,0.790259,0.9216,0.947,0.748103,802.4236,0.8888,0.0
2026-05-26T19:00:00Z,22674.5712,6155.076841,1.18366862,-0.35,1.08,0.5525,23.4,7.11,,0.4,0.416667,0.775359,0.765384,0.917427,0.944682,0.722676,774.1292,0.883236,0.0
2026-05-26T20:00:00Z,22151.3013,5862.220561,1.12735011,0.0,1.08,0.55853,23.2,7.36,,0.4,0.333333,0.754645,0.743241,0.915382,0.943545,0.699299,751.2221,0.880509,0.0
2026-05-26T21:00:00Z,21729.9688,5626.415132,1.08200291,0.4,1.08,0.565,23.1,7.27,,0.4,0.583333,0.737966,0.725412,0.916118,0.943955,0.679417,734.8528,0.881491,0.0
2026-05-26T22:00:00Z,21534.8554,5517.216852,1.06100324,0.81,0.72,0.57147,22.9,5.66,,0.4,0.666667,0.730242,0.717155,0.929291,0.951273,0.664507,722.0469,0.899055,0.0
2026-05-26T23:00:00Z,21332.4079,5403.91391,1.03921421,1.18,0.72,0.5775,22.9,5.63,,0.38,0.611111,0.722228,0.708589,0.930256,0.951809,0.654682,715.8153,0.900342,0.0
2026-05-27T00:00:00Z,21300.4593,5386.033343,1.03577564,1.37,0.43,0.582678,22.9,5.14,,0.38,0.416667,0.720963,0.707237,0.934265,0.954036,0.651418,714.8318,0.905687,0.0
2026-05-27T01:00:00Z,21388.9858,5435.578584,1.04530357,1.24,0.43,0.586651,23.0,5.0,,0.36,0.194444,0.724468,0.710983,0.936131,0.955073,0.654697,720.9568,0.908175,0.0
2026-05-27T02:00:00Z,21622.0912,5566.039713,1.07039225,0.85,0.43,0.589148,23.3,4.74,,0.36,0.527778,0.733695,0.720847,0.938258,0.956255,0.66457,738.3322,0.911011,0.0
2026-05-27T03:00:00Z,21991.2666,5772.654587,1.11012588,0.32,0.43,0.59,23.5,4.43,,0.34,0.833333,0.74831,0.736469,0.941515,0.958064,0.680257,756.496,0.915353,0.0
2026-05-27T04:00:00Z,22460.6586,6035.357283,1.16064563,-0.18,0.43,0.589148,23.8,4.11,,0.34,0.972222,0.766891,0.756332,0.944133,0.959518,0.700878,781.1447,0.918844,0.0
2026-05-27T05:00:00Z,23020.6088,6348.742239,1.22091197,-0.58,0.43,0.586651,24.0,3.69,,0.32,0.972222,0.789057,0.780027,0.948289,0.961827,0.725019,805.1808,0.924385,0.0
2026-05-27T06:00:00Z,23638.5246,6678.338296,1.28429583,-0.81,0.43,0.582678,24.2,3.34,,0.32,0.777778,0.81237,0.804948,0.951153,0.963418,0.751079,830.1086,0.928204,0.0
2026-05-27T07:00:00Z,24204.7994,6987.147824,1.34368227,-0.76,0.72,0.5775,24.3,3.38,,0.32,0.527778,0.834213,0.828297,0.950825,0.963236,0.776833,850.4931,0.927767,0.0
2026-05-27T08:00:00Z,24724.5968,7286.175841,1.40118766,-0.43,0.72,0.57147,24.2,3.29,,0.3,0.638889,0.855364,0.850906,0.952282,0.964045,0.800983,863.5397,0.929709,0.0
2026-05-27T09:00:00Z,25193.2512,7564.695973,1.45474923,0.05,0.72,0.565,24.0,2.82,,0.3,1.083333,0.875064,0.871965,0.956127,0.966182,0.822371,872.0583,0.934836,0.0
2026-05-27T10:00:00Z,25449.6477,7708.192344,1.48234468,0.6,0.72,0.55853,23.6,3.64,,0.28,1.416667,0.885214,0.882815,0.950138,0.962855,0.836932,866.3506,0.926851,0.0
2026-05-27T11:00:00Z,25666.2334,7829.40799,1.50565538,1.14,0.72,0.5525,23.1,3.62,,0.28,1.5,0.893787,0.89198,0.950302,0.962945,0.846912,856.0174,0.927069,0.0
2026-05-27T12:00:00Z,25807.3028,7908.359692,1.5208384,1.55,0.72,0.547322,22.8,3.1,,0.26,1.361111,0.899372,0.897949,0.955276,0.965709,0.851248,850.1598,0.933702,0.0
2026-05-27T13:00:00Z,25763.1686,7883.659313,1.51608833,1.66,0.72,0.543349,22.6,2.91,,0.24,1.0,0.897625,0.896082,0.957551,0.966973,0.848189,842.0013,0.936735,0.0
2026-05-27T14:00:00Z,25590.8227,7787.203155,1.49753907,1.44,0.72,0.540852,22.5,2.53,,0.24,0.5,0.890802,0.888789,0.96066,0.9687,0.838808,833.2962,0.94088,0.0
2026-05-27T15:00:00Z,25262.3705,7603.379698,1.4621884,1.0,0.72,0.54,22.3,2.45,,0.22,0.111111,0.8778,0.87489,0.962035,0.969464,0.822953,816.3859,0.942713,0.0
2026-05-27T16:00:00Z,24840.0435,7367.017718,1.41673418,0.5,0.72,0.540852,22.1,2.2,,0.22,0.305556,0.861082,0.857018,0.96408,0.9706,0.802443,796.586,0.94544,0.0
2026-05-27T17:00:00Z,24390.5579,7115.456002,1.36835692,0.05,1.08,0.543349,22.1,1.54,,0.2,0.5,0.843288,0.837998,0.9702,0.974,0.778862,782.7501,0.9536,0.0
2026-05-27T18:00:00Z,23815.7216,6793.739717,1.30648841,-0.3,1.08,0.547322,22.1,1.63,,0.2,0.5,0.820533,0.813673,0.969464,0.973591,0.752511,765.0557,0.952618,0.0
2026-05-27T19:00:00Z,23233.2286,6467.73828,1.24379582,-0.44,1.08,0.5525,22.1,1.81,,0.2,0.305556,0.797474,0.789024,0.967271,0.972373,0.726451,747.1256,0.949695,0.0
2026-05-27T20:00:00Z,22696.4452,6167.318946,1.18602287,-0.31,1.08,0.55853,22.1,1.99,,0.18,0.166667,0.776225,0.766309,0.965798,0.971555,0.702193,730.6025,0.947731,0.0
2026-05-27T21:00:00Z,22276.9464,5932.539839,1.14087305,0.03,1.08,0.565,22.1,1.62,,0.18,0.611111,0.759619,0.748558,0.968825,0.973236,0.681378,717.6897,0.951767,0.0
2026-05-27T22:00:00Z,21955.5904,5752.687874,1.10628613,0.45,0.72,0.57147,22.1,1.37,,0.16,0.972222,0.746897,0.734959,0.971591,0.974773,0.665234,707.7978,0.955455,0.0
2026-05-27T23:00:00Z,21781.5582,5655.287986,1.08755538,0.88,0.72,0.5775,22.2,0.82,,0.16,1.055556,0.740008,0.727595,0.975371,0.976873,0.655477,705.8408,0.960495,0.0
2026-05-28T00:00:00Z,21662.9507,5588.90738,1.07478988,1.23,0.43,0.582678,22.3,1.42,,0.14,0.972222,0.735313,0.722576,0.971182,0.974545,0.651834,705.5899,0.954909,0.0
2026-05-28T01:00:00Z,21692.7086,5605.561873,1.07799267,1.34,0.43,0.586651,22.5,1.97,,0.14,0.638889,0.736491,0.723835,0.965962,0.971645,0.655535,713.3059,0.947949,0.0
2026-05-28T02:00:00Z,21903.2073,5723.370797,1.10064823,1.13,0.43,0.589148,22.7,2.06,,0.14,0.166667,0.744824,0.732743,0.966665,0.972036,0.664992,726.5854,0.948887,0.0
2026-05-28T03:00:00Z,22235.9501,5909.595581,1.13646069,0.65,0.43,0.59,23.0,2.22,,0.14,0.388889,0.757996,0.746823,0.966796,0.972109,0.680377,747.0278,0.949062,0.0
2026-05-28T04:00:00Z,22701.3949,6170.089133,1.1865556,0.09,0.43,0.589148,23.3,2.06,,0.14,0.75,0.776421,0.766519,0.968105,0.972836,0.701397,771.5549,0.950807,0.0
2026-05-28T05:00:00Z,23260.3364,6482.909616,1.24671339,-0.42,0.43,0.586651,23.5,1.71,,0.14,0.861111,0.798547,0.790171,0.970969,0.974427,0.726065,795.56,0.954625,0.0
2026-05-28T06:00:00Z,23850.0877,6812.973287,1.31018717,-0.81,0.43,0.582678,23.6,1.47,,0.14,0.777778,0.821893,0.815127,0.972933,0.975518,0.752564,817.1135,0.957244,0.0
2026-05-28T07:00:00Z,24458.611,7153.542967,1.37568134,-0.99,0.72,0.5775,23.7,1.07,,0.14,0.5,0.845982,0.840878,0.976205,0.977336,0.779352,839.2449,0.961607,0.0
2026-05-28T08:00:00Z,24981.5258,7446.200527,1.43196164,-0.85,0.72,0.57147,23.6,1.2,,0.12,0.222222,0.866682,0.863005,0.975862,0.977145,0.803773,851.941,0.961149,0.0
2026-05-28T09:00:00Z,25377.4765,7667.800578,1.47457703,-0.42,0.72,0.565,23.5,1.73,,0.12,0.722222,0.882357,0.879761,0.971525,0.974736,0.824077,860.729,0.955367,0.0
2026-05-28T10:00:00Z,25680.5574,7837.424602,1.50719704,0.15,0.72,0.55853,23.5,2.12,,0.12,1.194444,0.894354,0.892586,0.968335,0.972964,0.839562,870.0584,0.951113,0.0
2026-05-28T11:00:00Z,25918.4391,7970.558887,1.53279979,0.77,0.72,0.5525,23.2,2.01,,0.1,1.444444,0.903771,0.902652,0.969955,0.973864,0.849882,867.1807,0.953273,0.0
2026-05-28T12:00:00Z,25946.1718,7986.079919,1.5357846,1.33,0.72,0.547322,23.0,2.41,,0.1,1.444444,0.904869,0.903826,0.966682,0.972045,0.852624,861.2344,0.948909,0.0
2026-05-28T13:00:00Z,25820.9234,7915.982706,1.52230437,1.7,0.72,0.543349,22.8,2.85,,0.1,1.25,0.899911,0.898526,0.963082,0.970045,0.848411,850.579,0.944109,0.0
2026-05-28T14:00:00Z,25596.2525,7790.242032,1.49812347,1.72,0.72,0.540852,22.6,2.92,,0.1,0.805556,0.891017,0.889018,0.962509,0.969727,0.838238,836.8633,0.943345,0.0
2026-05-28T15:00:00Z,25296.3727,7622.409595,1.465848,1.41,0.72,0.54,22.4,2.52,,0.1,0.194444,0.879146,0.876329,0.965782,0.971545,0.822866,820.8325,0.947709,0.0
2026-05-28T16:00:00Z,24880.467,7389.641378,1.42108488,0.89,0.72,0.540852,22.2,2.2,,0.1,0.305556,0.862682,0.858729,0.9684,0.973,0.8024,801.2303,0.9512,0.0
2026-05-28T17:00:00Z,24422.9025,7133.558172,1.37183811,0.35,1.08,0.543349,22.0,1.54,,0.1,0.611111,0.844569,0.839367,0.9738,0.976,0.778763,780.3457,0.9584,0.0
2026-05-28T18:00:00Z,23898.052,6839.817262,1.31534947,-0.13,1.08,0.547322,22.0,1.11,,0.1,0.75,0.823792,0.817157,0.977318,0.977955,0.752841,764.1899,0.963091,0.0
2026-05-28T19:00:00Z,23293.8087,6501.642918,1.25031595,-0.48,1.08,0.5525,22.0,1.48,,0.1,0.722222,0.799872,0.791588,0.974291,0.976273,0.726142,745.5904,0.959055,0.0
2026-05-28T20:00:00Z,22728.8433,6185.451082,1.18950982,-0.58,1.08,0.55853,22.0,1.88,,0.1,0.416667,0.777508,0.76768,0.971018,0.974455,0.701376,728.1998,0.954691,0.0
2026-05-28T21:00:00Z,22220.8462,5901.142433,1.13483508,-0.39,1.08,0.565,22.2,2.52,,0.1,0.25,0.757398,0.746184,0.965782,0.971545,0.680127,719.3628,0.947709,0.0
2026-05-28T22:00:00Z,21816.8063,5675.015141,1.09134907,0.0,0.72,0.57147,22.3,3.22,,0.1,0.694444,0.741404,0.729087,0.960055,0.968364,0.66392,710.3258,0.940073,0.0
2026-05-28T23:00:00Z,21600.7951,5554.121066,1.0681002,0.46,0.72,0.5775,22.4,3.22,,0.1,1.055556,0.732852,0.719946,0.960055,0.968364,0.653895,707.0767,0.940073,0.0
2026-05-29T00:00:00Z,21528.7396,5513.794062,1.06034501,0.91,0.43,0.582678,22.6,3.2,,0.1,1.194444,0.73,0.716897,0.960218,0.968455,0.650478,711.6587,0.940291,0.0
2026-05-29T01:00:00Z,21630.6159,5570.81075,1.07130976,1.24,0.43,0.586651,22.7,2.73,,0.14,1.055556,0.734033,0.721208,0.962624,0.969791,0.654137,718.1946,0.943498,0.0
2026-05-29T02:00:00Z,21833.7109,5684.47603,1.09316847,1.29,0.43,0.589148,22.8,2.83,,0.16,0.75,0.742073,0.729802,0.961085,0.968936,0.664246,727.8462,0.941447,0.0
2026-05-29T03:00:00Z,22125.6915,5847.887602,1.12459377,0.99,0.43,0.59,22.8,3.31,,0.2,0.277778,0.753631,0.742157,0.955718,0.965955,0.680183,736.8338,0.934291,0.0
2026-05-29T04:00:00Z,22458.4088,6034.098107,1.16040348,0.45,0.43,0.589148,22.7,4.51,,0.22,0.333333,0.766802,0.756237,0.94518,0.9601,0.700309,743.6754,0.92024,0.0
2026-05-29T05:00:00Z,22877.9979,6268.927821,1.20556304,-0.14,0.43,0.586651,22.6,5.39,,0.26,0.611111,0.783412,0.773992,0.93654,0.9553,0.723622,753.191,0.90872,0.0
2026-05-29T06:00:00Z,23405.3055,6564.043844,1.26231612,-0.64,0.43,0.582678,22.5,5.53,,0.28,0.75,0.804286,0.796306,0.934675,0.954264,0.748924,766.0224,0.906233,0.0
2026-05-29T07:00:00Z,23975.2532,6883.024145,1.32365849,-0.98,0.72,0.5775,22.5,5.24,,0.3,0.694444,0.826848,0.820424,0.936327,0.955182,0.774642,783.5663,0.908436,0.0
2026-05-29T08:00:00Z,24480.5437,7165.817971,1.37804192,-1.06,0.72,0.57147,22.5,5.16,,0.34,0.5,0.846851,0.841806,0.935542,0.954745,0.798442,799.12,0.907389,0.0
2026-05-29T09:00:00Z,24914.8229,7408.869195,1.42478254,-0.81,0.72,0.565,22.4,5.13,,0.36,0.472222,0.864042,0.860183,0.935067,0.954482,0.818809,809.0878,0.906756,0.0
2026-05-29T10:00:00Z,25226.454,7583.278491,1.45832279,-0.27,0.72,0.55853,22.2,5.28,,0.38,0.888889,0.876378,0.87337,0.93312,0.9534,0.834137,811.8803,0.90416,0.0
2026-05-29T11:00:00Z,25416.3496,7689.556526,1.47876087,0.39,0.72,0.5525,22.1,5.46,,0.38,1.305556,0.883895,0.881405,0.931647,0.952582,0.843605,814.3256,0.902196,0.0
2026-05-29T12:00:00Z,25449.3359,7708.017845,1.48231112,1.06,0.72,0.547322,22.0,5.73,,0.4,1.444444,0.885201,0.882801,0.928718,0.950955,0.846438,811.941,0.898291,0.0
2026-05-29T13:00:00Z,25375.718,7666.816451,1.47438778,1.63,0.72,0.543349,22.0,5.81,,0.38,1.305556,0.882287,0.879686,0.928784,0.950991,0.842992,809.6749,0.898378,0.0
2026-05-29T14:00:00Z,25223.3105,7581.519141,1.45798445,1.92,0.72,0.540852,21.9,5.37,,0.36,1.0,0.876254,0.873237,0.933104,0.953391,0.833999,801.5836,0.904138,0.0
2026-05-29T15:00:00Z,24965.2689,7437.102075,1.43021194,1.82,0.72,0.54,21.8,4.74,,0.34,0.472222,0.866039,0.862317,0.938978,0.956655,0.819412,790.2406,0.911971,0.0
2026-05-29T16:00:00Z,24597.2329,7231.124936,1.39060095,1.38,0.72,0.540852,21.7,4.14,,0.32,0.25,0.85147,0.846744,0.944607,0.959782,0.799829,775.5119,0.919476,0.0
2026-05-29T17:00:00Z,24121.4508,6964.845951,1.33939345,0.78,1.08,0.543349,21.6,3.89,,0.28,0.722222,0.832635,0.82661,0.948093,0.961718,0.776198,757.4665,0.924124,0.0
2026-05-29T18:00:00Z,23613.2331,6680.413862,1.28469497,0.19,1.08,0.547322,21.6,3.49,,0.26,0.972222,0.812517,0.805104,0.952085,0.963936,0.750836,741.8228,0.929447,0.0
2026-05-29T19:00:00Z,23123.3829,6406.26139,1.23197334,-0.3,1.08,0.5525,21.5,2.85,,0.24,1.055556,0.793126,0.784376,0.958042,0.967245,0.725455,723.3444,0.937389,0.0
2026-05-29T20:00:00Z,22642.6732,6137.224635,1.18023551,-0.62,1.08,0.55853,21.5,2.4,,0.24,0.944444,0.774096,0.764034,0.961724,0.969291,0.701508,708.5474,0.942298,0.0
2026-05-29T21:00:00Z,22183.3021,5880.130323,1.13079429,-0.66,1.08,0.565,21.5,2.58,,0.22,0.555556,0.755912,0.744595,0.960971,0.968873,0.680522,694.4072,0.941295,0.0
2026-05-29T22:00:00Z,21821.6064,5677.701566,1.09186569,-0.39,0.72,0.57147,21.5,2.85,,0.2,0.222222,0.741594,0.72929,0.959482,0.968045,0.664397,683.2736,0.939309,0.0
2026-05-29T23:00:00Z,21600.5909,5554.006753,1.06807822,0.05,0.72,0.5775,21.7,2.91,,0.2,0.666667,0.732844,0.719937,0.958991,0.967773,0.654358,683.2704,0.938655,0.0
2026-05-30T00:00:00Z,21113.6424,5281.478328,1.01566891,0.54,0.43,0.582678,21.9,3.22,,0.18,0.944444,0.713568,0.699331,0.957175,0.966764,0.632565,675.0813,0.936233,0.0
2026-05-30T01:00:00Z,21171.6779,5313.9588,1.02191515,0.97,0.43,0.586651,22.0,3.38,,0.18,1.0,0.715865,0.701787,0.955865,0.966036,0.635841,680.2677,0.934487,0.0
2026-05-30T02:00:00Z,21380.1518,5430.634531,1.04435279,1.21,0.43,0.589148,22.2,3.42,,0.16,0.805556,0.724118,0.710609,0.956258,0.966255,0.645342,693.4849,0.935011,0.0
2026-05-30T03:00:00Z,21695.7217,5607.248223,1.07831697,1.13,0.43,0.59,22.4,3.58,,0.16,0.416667,0.73661,0.723963,0.954949,0.965527,0.660569,709.9987,0.933265,0.0
2026-05-30T04:00:00Z,22162.5687,5868.526515,1.12856279,0.72,0.43,0.589148,22.6,3.13,,0.16,0.166667,0.755091,0.743718,0.958631,0.967573,0.6806,731.169,0.938175,0.0
2026-05-30T05:00:00Z,22729.1075,6185.59893,1.18953826,0.13,0.43,0.586651,22.6,2.46,,0.14,0.527778,0.777518,0.767692,0.964833,0.971018,0.704138,748.6079,0.946444,0.0
2026-05-30T06:00:00Z,23277.7106,6492.633335,1.24858333,-0.45,0.43,0.582678,22.6,2.37,,0.14,0.75,0.799235,0.790906,0.965569,0.971427,0.729272,765.4948,0.947425,0.0
2026-05-30T07:00:00Z,23819.1608,6795.664522,1.30685856,-0.89,0.72,0.5775,22.6,2.36,,0.14,0.75,0.820669,0.813819,0.965651,0.971473,0.754365,782.1615,0.947535,0.0
2026-05-30T08:00:00Z,24289.7124,7059.016199,1.35750312,-1.14,0.72,0.57147,22.5,2.68,,0.14,0.555556,0.839296,0.83373,0.963033,0.970018,0.777367,793.2459,0.944044,0.0
2026-05-30T09:00:00Z,24641.8908,7256.118396,1.39540738,-1.11,0.72,0.565,22.4,3.42,,0.14,0.305556,0.853238,0.848633,0.956978,0.966655,0.796403,800.6865,0.935971,0.0
2026-05-30T10:00:00Z,24955.2495,7431.494565,1.42913357,-0.73,0.72,0.55853,22.2,3.5,,0.16,0.527778,0.865642,0.861893,0.955604,0.965891,0.811558,803.5322,0.934138,0.0
2026-05-30T11:00:00Z,25114.736,7520.753697,1.44629879,-0.08,0.72,0.5525,22.1,3.86,,0.18,1.055556,0.871956,0.868642,0.951938,0.963855,0.820589,805.0415,0.929251,0.0
2026-05-30T12:00:00Z,25205.9534,7571.804983,1.45611634,0.64,0.72,0.547322,22.0,3.61,,0.2,1.444444,0.875567,0.872502,0.953264,0.964591,0.824233,804.4493,0.931018,0.0
2026-05-30T13:00:00Z,25073.2222,7497.519837,1.44183074,1.3,0.72,0.543349,21.9,4.17,,0.2,1.5,0.870312,0.866886,0.948682,0.962045,0.820109,796.9636,0.924909,0.0
2026-05-30T14:00:00Z,24813.9602,7352.419778,1.41392688,1.78,0.72,0.540852,21.8,4.6,,0.22,1.305556,0.860049,0.855915,0.944444,0.959691,0.80996,785.5831,0.919258,0.0
2026-05-30T15:00:00Z,24487.777,7169.866169,1.37882042,1.94,0.72,0.54,21.7,4.61,,0.22,0.861111,0.847137,0.842112,0.944362,0.959645,0.794858,772.1426,0.919149,0.0
2026-05-30T16:00:00Z,24066.1865,6933.91641,1.33344546,1.7,0.72,0.540852,21.6,4.59,,0.22,0.25,0.830448,0.824272,0.944525,0.959736,0.775219,755.7654,0.919367,0.0
2026-05-30T17:00:00Z,23592.614,6668.87403,1.28247578,1.17,1.08,0.543349,21.6,4.39,,0.22,0.361111,0.811701,0.804232,0.946162,0.960645,0.752512,741.1881,0.921549,0.0
2026-05-30T18:00:00Z,23090.6795,6387.958435,1.22845355,0.54,1.08,0.547322,21.5,4.09,,0.22,0.805556,0.791831,0.782992,0.948616,0.962009,0.728126,722.3377,0.924822,0.0
2026-05-30T19:00:00Z,22592.6536,6109.230384,1.174852,-0.04,1.08,0.5525,21.5,3.78,,0.2,1.0,0.772116,0.761917,0.951873,0.963818,0.703565,707.0077,0.929164,0.0
2026-05-30T20:00:00Z,22107.7078,5837.822763,1.12265822,-0.48,1.08,0.55853,21.5,3.64,,0.2,1.0,0.752919,0.741396,0.953018,0.964455,0.680548,692.0803,0.930691,0.0
2026-05-30T21:00:00Z,21701.3145,5610.378303,1.0789189,-0.73,1.08,0.565,21.6,3.45,,0.18,0.75,0.736832,0.724199,0.955293,0.965718,0.660676,682.9708,0.933724,0.0
2026-05-30T22:00:00Z,21442.661,5465.618797,1.05108054,-0.66,0.72,0.57147,21.6,2.64,,0.16,0.277778,0.726593,0.713254,0.96264,0.9698,0.645406,675.009,0.94352,0.0
2026-05-30T23:00:00Z,21237.7575,5350.94131,1.02902718,-0.29,0.72,0.5775,21.8,2.6,,0.16,0.361111,0.718481,0.704583,0.962967,0.969982,0.635751,675.5018,0.943956,0.0
2026-05-31T00:00:00Z,21158.4065,5306.53123,1.02048677,0.21,0.43,0.582678,21.9,2.77,,0.14,0.861111,0.71534,0.701226,0.962296,0.969609,0.632367,676.4592,0.943062,0.0
2026-05-31T01:00:00Z,21207.3648,5333.93155,1.02575607,0.69,0.43,0.586651,22.1,3.05,,0.14,1.111111,0.717278,0.703297,0.960005,0.968336,0.635657,684.7662,0.940007,0.0
2026-05-31T02:00:00Z,21387.7651,5434.895435,1.0451722,1.05,0.43,0.589148,22.3,3.45,,0.12,1.0,0.724419,0.710931,0.957453,0.966918,0.645164,697.1192,0.936604,0.0
2026-05-31T03:00:00Z,21678.7363,5597.742054,1.07648886,1.18,0.43,0.59,22.5,3.91,,0.12,0.777778,0.735938,0.723244,0.953689,0.964827,0.660341,712.8758,0.931585,0.0
2026-05-31T04:00:00Z,22082.2213,5823.558816,1.11991516,0.97,0.43,0.589148,22.6,4.06,,0.16,0.333333,0.75191,0.740318,0.951022,0.963345,0.680253,728.6957,0.928029,0.0
2026-05-31T05:00:00Z,22558.031,6089.85329,1.17112563,0.48,0.43,0.586651,22.7,4.1,,0.22,0.194444,0.770746,0.760452,0.948535,0.961964,0.703441,746.7419,0.924713,0.0
2026-05-31T06:00:00Z,23054.1277,6367.501666,1.22451955,-0.13,0.43,0.582678,22.7,4.35,,0.26,0.611111,0.790384,0.781445,0.945049,0.960027,0.728015,762.0126,0.920065,0.0
2026-05-31T07:00:00Z,23551.1301,6645.656912,1.27801094,-0.66,0.72,0.5775,22.6,4.62,,0.28,0.75,0.810059,0.802476,0.94212,0.9584,0.752383,773.9111,0.91616,0.0
2026-05-31T08:00:00Z,24055.062,6927.690379,1.33224815,-1.02,0.72,0.57147,22.5,4.51,,0.28,0.694444,0.830007,0.823801,0.94302,0.9589,0.775371,786.023,0.91736,0.0
2026-05-31T09:00:00Z,24478.1449,7164.475404,1.37778373,-1.17,0.72,0.565,22.3,4.45,,0.3,0.416667,0.846756,0.841704,0.942791,0.958773,0.795109,792.2461,0.917055,0.0
2026-05-31T10:00:00Z,24752.2319,7317.872541,1.40728318,-0.99,0.72,0.55853,22.7,4.85,,0.32,0.166667,0.857606,0.853303,0.938798,0.956555,0.809604,814.283,0.911731,0.0
2026-05-31T11:00:00Z,24866.2103,7381.662401,1.41955046,-0.47,0.72,0.5525,22.5,5.59,,0.34,0.694444,0.862118,0.858126,0.932024,0.952791,0.817905,810.9914,0.902698,0.0
2026-05-31T12:00:00Z,24902.3555,7401.891585,1.42344069,0.27,0.72,0.547322,22.4,5.82,,0.36,1.25,0.863548,0.859655,0.929422,0.951345,0.820739,808.704,0.899229,0.0
2026-05-31T13:00:00Z,24830.2689,7361.54718,1.41568215,0.99,0.72,0.543349,22.3,5.85,,0.36,1.555556,0.860695,0.856605,0.929176,0.951209,0.817502,803.0851,0.898902,0.0
2026-05-31T14:00:00Z,24674.8657,7274.573337,1.39895641,1.59,0.72,0.540852,22.2,5.43,,0.36,1.444444,0.854543,0.850029,0.932613,0.953118,0.808763,794.9015,0.903484,0.0
2026-05-31T15:00:00Z,24392.7936,7116.707244,1.36859755,1.94,0.72,0.54,22.2,5.06,,0.36,1.111111,0.843377,0.838092,0.93564,0.9548,0.794326,786.2189,0.90752,0.0
2026-05-31T16:00:00Z,23958.0456,6873.393596,1.32180646,1.93,0.72,0.540852,22.1,5.26,,0.34,0.583333,0.826167,0.819696,0.934724,0.954291,0.774556,769.4366,0.906298,0.0
2026-05-31T17:00:00Z,23468.9075,6599.639748,1.26916149,1.56,1.08,0.543349,22.0,5.26,,0.34,0.111111,0.806804,0.798997,0.934724,0.954291,0.751854,750.9802,0.906298,0.0
2026-05-31T18:00:00Z,22959.4255,6314.500035,1.21432693,0.96,1.08,0.547322,22.0,5.16,,0.32,0.638889,0.786635,0.777438,0.936262,0.955145,0.727525,735.2975,0.908349,0.0
2026-05-31T19:00:00Z,22435.8336,6021.463548,1.15797376,0.32,1.08,0.5525,22.0,5.2,,0.3,1.0,0.765908,0.755281,0.936655,0.955364,0.70305,719.1805,0.908873,0.0
2026-05-31T20:00:00Z,21916.5587,5730.843156,1.10208522,-0.23,1.08,0.55853,22.0,5.54,,0.3,1.111111,0.745352,0.733308,0.933873,0.953818,0.680186,703.1964,0.905164,0.0
2026-05-31T21:00:00Z,21492.3108,5493.40606,1.05642424,-0.63,1.08,0.565,22.0,5.66,,0.28,0.944444,0.728558,0.715355,0.933611,0.953673,0.660613,690.1373,0.904815,0.0
2026-05-31T22:00:00Z,21271.7625,5369.972711,1.03268706,-0.78,0.72,0.57147,22.2,4.46,,0.26,0.611111,0.719827,0.706022,0.944149,0.959527,0.645693,690.1485,0.918865,0.0
2026-05-31T23:00:00Z,21106.7748,5277.634731,1.01492976,-0.59,0.72,0.5775,22.3,4.02,,0.24,0.083333,0.713296,0.699041,0.948469,0.961927,0.636116,688.4699,0.924625,0.0
