timestamp,base_load_kw,throughput_teu,vessel_arrivals,tide_m,price_per_kwh,carbon_kg_per_kwh,ambient_c
2026-01-01T00:00:00Z,2874.455,4262.6913,3.7861,-0.227,0.72,0.485,23.1029
2026-01-01T01:00:00Z,2890.7461,4317.1592,3.7565,-0.007,0.72,0.495355,22.6533
2026-01-01T02:00:00Z,2919.8089,4476.8509,3.9972,0.298,0.72,0.503301,22.5
2026-01-01T03:00:00Z,2958.0009,4730.8838,4.3368,0.637,0.72,0.508296,22.6533
2026-01-01T04:00:00Z,3001.9,5061.9459,4.7419,0.972,0.72,0.51,23.1029
2026-01-01T05:00:00Z,3046.4703,5447.4759,5.172,1.243,0.72,0.508296,23.818
2026-01-01T06:00:00Z,3086.225,5861.2005,5.5821,1.387,0.72,0.503301,24.75
2026-01-01T07:00:00Z,3117.5647,6274.9252,5.9388,1.378,1.02,0.495355,25.8353
2026-01-01T08:00:00Z,3140.135,6660.4552,6.2289,1.249,1.02,0.485,27.0
2026-01-01T09:00:00Z,3156.3691,6991.5173,6.4579,1.081,1.02,0.472941,28.1647
2026-01-01T10:00:00Z,3169.8661,7245.5502,6.6403,0.971,1.02,0.46,29.25
2026-01-01T11:00:00Z,3182.8139,7405.2419,6.7834,0.983,1.02,0.447059,30.182
2026-01-01T12:00:00Z,3194.87,7459.7098,6.8808,1.126,1.02,0.435,30.8971
2026-01-01T13:00:00Z,3204.2089,7405.2419,6.9195,1.372,1.02,0.424645,31.3467
2026-01-01T14:00:00Z,3207.9261,7245.5502,6.8825,1.663,1.02,0.416699,31.5
2026-01-01T15:00:00Z,3202.9541,6991.5173,6.7544,1.928,1.02,0.411704,31.3467
2026-01-01T16:00:00Z,3187.27,6660.4552,6.5288,2.106,1.02,0.41,30.8971
2026-01-01T17:00:00Z,3159.3647,6274.9252,6.2048,2.138,1.34,0.411704,30.182
2026-01-01T18:00:00Z,3118.18,5861.2005,5.7855,1.968,1.34,0.416699,29.25
2026-01-01T19:00:00Z,3065.0053,5447.4759,5.2899,1.58,1.34,0.424645,28.1647
2026-01-01T20:00:00Z,3005.31,5061.9459,4.7636,1.034,1.34,0.435,27.0
2026-01-01T21:00:00Z,2947.4959,4730.8838,4.2699,0.446,1.34,0.447059,25.8353
2026-01-01T22:00:00Z,2900.7239,4476.8509,3.9101,-0.049,1.02,0.46,24.75
2026-01-01T23:00:00Z,2871.7711,4317.1592,3.8773,-0.352,1.02,0.472941,23.818
2026-01-02T00:00:00Z,2862.96,4262.6913,3.8593,-0.436,0.72,0.485,23.1029
2026-01-02T01:00:00Z,2873.4211,4317.1592,3.8668,-0.322,0.72,0.495355,22.6533
2026-01-02T02:00:00Z,2900.0639,4476.8509,3.9143,-0.061,0.72,0.503301,22.5
2026-01-02T03:00:00Z,2938.7509,4730.8838,4.2143,0.287,0.72,0.508296,22.6533
2026-01-02T04:00:00Z,2985.345,5061.9459,4.6365,0.671,0.72,0.51,23.1029
2026-01-02T05:00:00Z,3035.5803,5447.4759,5.1027,1.045,0.72,0.508296,23.818
2026-01-02T06:00:00Z,3083.475,5861.2005,5.5646,1.337,0.72,0.503301,24.75
2026-01-02T07:00:00Z,3123.0097,6274.9252,5.9734,1.477,1.02,0.495355,25.8353
2026-01-02T08:00:00Z,3150.86,6660.4552,6.2971,1.444,1.02,0.485,27.0
2026-01-02T09:00:00Z,3167.4791,6991.5173,6.5286,1.283,1.02,0.472941,28.1647
2026-01-02T10:00:00Z,3176.5211,7245.5502,6.6827,1.092,1.02,0.46,29.25
2026-01-02T11:00:00Z,3182.3739,7405.2419,6.7806,0.975,1.02,0.447059,30.182
2026-01-02T12:00:00Z,3187.5,7459.7098,6.8339,0.992,1.02,0.435,30.8971
2026-01-02T13:00:00Z,3191.8339,7405.2419,6.8408,1.147,1.02,0.424645,31.3467
2026-01-02T14:00:00Z,3193.9011,7245.5502,6.7933,1.408,1.02,0.416699,31.5
2026-01-02T15:00:00Z,3190.9641,6991.5173,6.6781,1.71,1.02,0.411704,31.3467
2026-01-02T16:00:00Z,3180.285,6660.4552,6.4844,1.979,1.02,0.41,30.8971
2026-01-02T17:00:00Z,3160.1347,6274.9252,6.2097,2.152,1.34,0.411704,30.182
2026-01-02T18:00:00Z,3128.905,5861.2005,5.8537,2.163,1.34,0.416699,29.25
2026-01-02T19:00:00Z,3085.4103,5447.4759,5.4198,1.951,1.34,0.424645,28.1647
2026-01-02T20:00:00Z,3031.655,5061.9459,4.9312,1.513,1.34,0.435,27.0
2026-01-02T21:00:00Z,2973.7309,4730.8838,4.4369,0.923,1.34,0.447059,25.8353
2026-01-02T22:00:00Z,2920.6339,4476.8509,4.0025,0.313,1.02,0.46,24.75
2026-01-02T23:00:00Z,2881.4511,4317.1592,3.8157,-0.176,1.02,0.472941,23.818
2026-01-03T00:00:00Z,2862.135,3836.4222,3.4939,-0.451,0.72,0.485,23.1029
2026-01-03T01:00:00Z,2863.8511,3885.4433,3.5522,-0.496,0.72,0.495355,22.6533
2026-01-03T02:00:00Z,2884.6089,4029.1658,3.6233,-0.342,0.72,0.503301,22.5
2026-01-03T03:00:00Z,2920.6009,4257.7954,3.7175,-0.043,0.72,0.508296,22.6533
2026-01-03T04:00:00Z,2967.14,4555.7513,4.0805,0.34,0.72,0.51,23.1029
2026-01-03T05:00:00Z,3019.5753,4902.7283,4.5271,0.754,0.72,0.508296,23.818
2026-01-03T06:00:00Z,3072.86,5275.0805,4.9874,1.144,0.72,0.503301,24.75
2026-01-03T07:00:00Z,3120.3697,5647.4327,5.411,1.429,1.02,0.495355,25.8353
2026-01-03T08:00:00Z,3156.085,5994.4097,5.7512,1.539,1.02,0.485,27.0
2026-01-03T09:00:00Z,3177.4891,6292.3655,5.9844,1.465,1.02,0.472941,28.1647
2026-01-03T10:00:00Z,3186.2011,6520.9951,6.1142,1.268,1.02,0.46,29.25
2026-01-03T11:00:00Z,3186.9389,6664.7177,6.1657,1.058,1.02,0.447059,30.182
2026-01-03T12:00:00Z,3184.64,6713.7388,6.167,0.94,1.02,0.435,30.8971
2026-01-03T13:00:00Z,3181.9339,6664.7177,6.1339,0.967,1.02,0.424645,31.3467
2026-01-03T14:00:00Z,3179.0511,6520.9951,6.0687,1.138,1.02,0.416699,31.5
2026-01-03T15:00:00Z,3174.5741,6292.3655,5.9658,1.412,1.02,0.411704,31.3467
2026-01-03T16:00:00Z,3166.095,5994.4097,5.8149,1.721,1.02,0.41,30.8971
2026-01-03T17:00:00Z,3151.2247,5647.4327,5.6073,1.99,1.34,0.411704,30.182
2026-01-03T18:00:00Z,3128.355,5275.0805,5.3406,2.153,1.34,0.416699,29.25
2026-01-03T19:00:00Z,3095.6403,4902.7283,5.0112,2.137,1.34,0.424645,28.1647
2026-01-03T20:00:00Z,3052.17,4555.7513,4.6216,1.886,1.34,0.435,27.0
2026-01-03T21:00:00Z,3000.5159,4257.7954,4.1959,1.41,1.34,0.447059,25.8353
2026-01-03T22:00:00Z,2947.4189,4029.1658,3.7836,0.8,1.02,0.46,24.75
2026-01-03T23:00:00Z,2902.0211,3885.4433,3.4479,0.198,1.02,0.472941,23.818
2026-01-04T00:00:00Z,2872.805,3836.4222,3.426,-0.257,0.72,0.485,23.1029
2026-01-04T01:00:00Z,2864.4011,3885.4433,3.5487,-0.486,0.72,0.495355,22.6533
2026-01-04T02:00:00Z,2876.7989,4029.1658,3.673,-0.484,0.72,0.503301,22.5
2026-01-04T03:00:00Z,2907.1259,4257.7954,3.8032,-0.288,0.72,0.508296,22.6533
2026-01-04T04:00:00Z,2950.86,4555.7513,3.9769,0.044,0.72,0.51,23.1029
2026-01-04T05:00:00Z,3002.8553,4902.7283,4.4207,0.45,0.72,0.508296,23.818
2026-01-04T06:00:00Z,3058.12,5275.0805,4.8936,0.876,0.72,0.503301,24.75
2026-01-04T07:00:00Z,3110.9647,5647.4327,5.3511,1.258,1.02,0.495355,25.8353
2026-01-04T08:00:00Z,3154.49,5994.4097,5.741,1.51,1.02,0.485,27.0
2026-01-04T09:00:00Z,3183.3191,6292.3655,6.0215,1.571,1.02,0.472941,28.1647
2026-01-04T10:00:00Z,3196.1011,6520.9951,6.1772,1.448,1.02,0.46,29.25
2026-01-04T11:00:00Z,3195.7389,6664.7177,6.2217,1.218,1.02,0.447059,30.182
2026-01-04T12:00:00Z,3187.775,6713.7388,6.187,0.997,1.02,0.435,30.8971
2026-01-04T13:00:00Z,3177.4789,6664.7177,6.1055,0.886,1.02,0.424645,31.3467
2026-01-04T14:00:00Z,3167.3911,6520.9951,5.9945,0.926,1.02,0.416699,31.5
2026-01-04T15:00:00Z,3157.8541,6292.3655,5.8594,1.108,1.02,0.411704,31.3467
2026-01-04T16:00:00Z,3147.78,5994.4097,5.6983,1.388,1.02,0.41,30.8971
2026-01-04T17:00:00Z,3135.0547,5647.4327,5.5044,1.696,1.34,0.411704,30.182
2026-01-04T18:00:00Z,3117.52,5275.0805,5.2716,1.956,1.34,0.416699,29.25
2026-01-04T19:00:00Z,3093.5503,4902.7283,4.9979,2.099,1.34,0.424645,28.1647
2026-01-04T20:00:00Z,3061.3,4555.7513,4.6797,2.052,1.34,0.435,27.0
2026-01-04T21:00:00Z,3020.1509,4257.7954,4.3209,1.767,1.34,0.447059,25.8353
2026-01-04T22:00:00Z,2973.4339,4029.1658,3.9492,1.273,1.02,0.46,24.75
2026-01-04T23:00:00Z,2928.0911,3885.4433,3.6138,0.672,1.02,0.472941,23.818
2026-01-05T00:00:00Z,2892.935,4262.6913,3.7448,0.109,0.72,0.485,23.1029
2026-01-05T01:00:00Z,2875.4011,4317.1592,3.8542,-0.286,0.72,0.495355,22.6533
2026-01-05T02:00:00Z,2878.4489,4476.8509,4.0518,-0.454,0.72,0.503301,22.5
2026-01-05T03:00:00Z,2900.9109,4730.8838,4.2542,-0.401,0.72,0.508296,22.6533
2026-01-05T04:00:00Z,2939.31,5061.9459,4.4598,-0.166,0.72,0.51,23.1029
2026-01-05T05:00:00Z,2988.5553,5447.4759,4.8034,0.19,0.72,0.508296,23.818
2026-01-05T06:00:00Z,3043.27,5861.2005,5.3088,0.606,0.72,0.503301,24.75
2026-01-05T07:00:00Z,3098.0947,6274.9252,5.8149,1.024,1.02,0.495355,25.8353
2026-01-05T08:00:00Z,3147.065,6660.4552,6.273,1.375,1.02,0.485,27.0
2026-01-05T09:00:00Z,3183.4841,6991.5173,6.6305,1.574,1.02,0.472941,28.1647
2026-01-05T10:00:00Z,3203.1411,7245.5502,6.8521,1.576,1.02,0.46,29.25
2026-01-05T11:00:00Z,3206.0239,7405.2419,6.9311,1.405,1.02,0.447059,30.182
2026-01-05T12:00:00Z,3196.19,7459.7098,6.8892,1.15,1.02,0.435,30.8971
2026-01-05T13:00:00Z,3179.7889,7405.2419,6.7641,0.928,1.02,0.424645,31.3467
2026-01-05T14:00:00Z,3161.9461,7245.5502,6.5899,0.827,1.02,0.416699,31.5
2026-01-05T15:00:00Z,3145.1491,6991.5173,6.3865,0.877,1.02,0.411704,31.3467
2026-01-05T16:00:00Z,3129.905,6660.4552,6.1638,1.063,1.02,0.41,30.8971
2026-01-05T17:00:00Z,3115.4197,6274.9252,5.9251,1.339,1.34,0.411704,30.182
2026-01-05T18:00:00Z,3099.755,5861.2005,5.6682,1.633,1.34,0.416699,29.25
2026-01-05T19:00:00Z,3081.0653,5447.4759,5.3921,1.872,1.34,0.424645,28.1647
2026-01-05T20:00:00Z,3057.725,5061.9459,5.0971,1.987,1.34,0.435,27.0
2026-01-05T21:00:00Z,3027.9059,4730.8838,4.7816,1.908,1.34,0.447059,25.8353
2026-01-05T22:00:00Z,2991.5839,4476.8509,4.454,1.603,1.02,0.46,24.75
2026-01-05T23:00:00Z,2952.5111,4317.1592,4.1447,1.116,1.02,0.472941,23.818
2026-01-06T00:00:00Z,2917.52,4262.6913,3.9013,0.556,0.72,0.485,23.1029
2026-01-06T01:00:00Z,2894.5411,4317.1592,3.7758,0.062,0.72,0.495355,22.6533
2026-01-06T02:00:00Z,2889.3389,4476.8509,3.9825,-0.256,0.72,0.503301,22.5
2026-01-06T03:00:00Z,2903.4409,4730.8838,4.2381,-0.355,0.72,0.508296,22.6533
2026-01-06T04:00:00Z,2934.69,5061.9459,4.4892,-0.25,0.72,0.51,23.1029
2026-01-06T05:00:00Z,2978.9853,5447.4759,4.7425,0.016,0.72,0.508296,23.818
2026-01-06T06:00:00Z,3031.06,5861.2005,5.2311,0.384,0.72,0.503301,24.75
2026-01-06T07:00:00Z,3085.3897,6274.9252,5.734,0.793,1.02,0.495355,25.8353
2026-01-06T08:00:00Z,3136.505,6660.4552,6.2058,1.183,1.02,0.485,27.0
2026-01-06T09:00:00Z,3178.4241,6991.5173,6.5983,1.482,1.02,0.472941,28.1647
2026-01-06T10:00:00Z,3205.3961,7245.5502,6.8664,1.617,1.02,0.46,29.25
2026-01-06T11:00:00Z,3214.4389,7405.2419,6.9846,1.558,1.02,0.447059,30.182
2026-01-06T12:00:00Z,3207.08,7459.7098,6.9585,1.348,1.02,0.435,30.8971
2026-01-06T13:00:00Z,3188.1489,7405.2419,6.8173,1.08,1.02,0.424645,31.3467
2026-01-06T14:00:00Z,3163.9261,7245.5502,6.6025,0.863,1.02,0.416699,31.5
2026-01-06T15:00:00Z,3139.3191,6991.5173,6.3494,0.771,1.02,0.411704,31.3467
2026-01-06T16:00:00Z,3116.76,6660.4552,6.0801,0.824,1.02,0.41,30.8971
2026-01-06T17:00:00Z,3096.9397,6274.9252,5.8075,1.003,1.34,0.411704,30.182
2026-01-06T18:00:00Z,3079.35,5861.2005,5.5384,1.262,1.34,0.416699,29.25
2026-01-06T19:00:00Z,3062.2553,5447.4759,5.2724,1.53,1.34,0.424645,28.1647
2026-01-06T20:00:00Z,3043.975,5061.9459,5.0096,1.737,1.34,0.435,27.0
2026-01-06T21:00:00Z,3023.0109,4730.8838,4.7505,1.819,1.34,0.447059,25.8353
2026-01-06T22:00:00Z,2997.7989,4476.8509,4.4935,1.716,1.02,0.46,24.75
2026-01-06T23:00:00Z,2968.7911,4317.1592,4.2483,1.412,1.02,0.472941,23.818
2026-01-07T00:00:00Z,2939.85,4262.6913,4.0434,0.962,0.72,0.485,23.1029
2026-01-07T01:00:00Z,2917.2011,4317.1592,3.92,0.474,0.72,0.495355,22.6533
2026-01-07T02:00:00Z,2907.2689,4476.8509,3.9174,0.07,0.72,0.503301,22.5
2026-01-07T03:00:00Z,2914.1659,4730.8838,4.1698,-0.16,0.72,0.508296,22.6533
2026-01-07T04:00:00Z,2937.88,5061.9459,4.4689,-0.192,0.72,0.51,23.1029
2026-01-07T05:00:00Z,2975.6853,5447.4759,4.7523,-0.044,0.72,0.508296,23.818
2026-01-07T06:00:00Z,3023.305,5861.2005,5.1817,0.243,0.72,0.503301,24.75
2026-01-07T07:00:00Z,3075.2147,6274.9252,5.6693,0.608,1.02,0.495355,25.8353
2026-01-07T08:00:00Z,3126.0,6660.4552,6.1389,0.992,1.02,0.485,27.0
2026-01-07T09:00:00Z,3170.3941,6991.5173,6.5472,1.336,1.02,0.472941,28.1647
2026-01-07T10:00:00Z,3202.9211,7245.5502,6.8507,1.572,1.02,0.46,29.25
2026-01-07T11:00:00Z,3218.8389,7405.2419,7.0126,1.638,1.02,0.447059,30.182
2026-01-07T12:00:00Z,3216.87,7459.7098,7.0208,1.526,1.02,0.435,30.8971
2026-01-07T13:00:00Z,3199.5339,7405.2419,6.8898,1.287,1.02,0.424645,31.3467
2026-01-07T14:00:00Z,3172.2311,7245.5502,6.6554,1.014,1.02,0.416699,31.5
2026-01-07T15:00:00Z,3141.1341,6991.5173,6.361,0.804,1.02,0.411704,31.3467
2026-01-07T16:00:00Z,3110.82,6660.4552,6.0423,0.716,1.02,0.41,30.8971
2026-01-07T17:00:00Z,3083.6847,6274.9252,5.7232,0.762,1.34,0.411704,30.182
2026-01-07T18:00:00Z,3060.76,5861.2005,5.4201,0.924,1.34,0.416699,29.25
2026-01-07T19:00:00Z,3041.5753,5447.4759,5.1408,1.154,1.34,0.424645,28.1647
2026-01-07T20:00:00Z,3024.67,5061.9459,4.8868,1.386,1.34,0.435,27.0
2026-01-07T21:00:00Z,3008.6009,4730.8838,4.6588,1.557,1.34,0.447059,25.8353
2026-01-07T22:00:00Z,2992.0789,4476.8509,4.4571,1.612,1.02,0.46,24.75
2026-01-07T23:00:00Z,2973.7961,4317.1592,4.2801,1.503,1.02,0.472941,23.818
2026-01-08T00:00:00Z,2954.425,4262.6913,4.1361,1.227,0.72,0.485,23.1029
2026-01-08T01:00:00Z,2937.4961,4317.1592,4.0491,0.843,0.72,0.495355,22.6533
2026-01-08T02:00:00Z,2928.0589,4476.8509,4.0497,0.448,0.72,0.503301,22.5
2026-01-08T03:00:00Z,2930.8859,4730.8838,4.1642,0.144,0.72,0.508296,22.6533
2026-01-08T04:00:00Z,2948.385,5061.9459,4.402,-0.001,0.72,0.51,23.1029
2026-01-08T05:00:00Z,2979.4253,5447.4759,4.7453,0.024,0.72,0.508296,23.818
2026-01-08T06:00:00Z,3021.05,5861.2005,5.1674,0.202,0.72,0.503301,24.75
2026-01-08T07:00:00Z,3068.8897,6274.9252,5.629,0.493,1.02,0.495355,25.8353
2026-01-08T08:00:00Z,3117.64,6660.4552,6.0857,0.84,1.02,0.485,27.0
2026-01-08T09:00:00Z,3161.9791,6991.5173,6.4936,1.183,1.02,0.472941,28.1647
2026-01-08T10:00:00Z,3197.2561,7245.5502,6.8146,1.469,1.02,0.46,29.25
2026-01-08T11:00:00Z,3218.7289,7405.2419,7.0119,1.636,1.02,0.447059,30.182
2026-01-08T12:00:00Z,3223.085,7459.7098,7.0604,1.639,1.02,0.435,30.8971
2026-01-08T13:00:00Z,3210.3689,7405.2419,6.9587,1.484,1.02,0.424645,31.3467
2026-01-08T14:00:00Z,3183.8911,7245.5502,6.7296,1.226,1.02,0.416699,31.5
2026-01-08T15:00:00Z,3149.2741,6991.5173,6.4128,0.952,1.02,0.411704,31.3467
2026-01-08T16:00:00Z,3112.47,6660.4552,6.0528,0.746,1.02,0.41,30.8971
2026-01-08T17:00:00Z,3077.6897,6274.9252,5.685,0.653,1.34,0.411704,30.182
2026-01-08T18:00:00Z,3047.505,5861.2005,5.3357,0.683,1.34,0.416699,29.25
2026-01-08T19:00:00Z,3023.1503,5447.4759,5.0236,0.819,1.34,0.424645,28.1647
2026-01-08T20:00:00Z,3004.265,5061.9459,4.7569,1.015,1.34,0.435,27.0
2026-01-08T21:00:00Z,2989.5159,4730.8838,4.5373,1.21,1.34,0.447059,25.8353
2026-01-08T22:00:00Z,2977.7789,4476.8509,4.3661,1.352,1.02,0.46,24.75
2026-01-08T23:00:00Z,2967.8561,4317.1592,4.2423,1.395,1.02,0.472941,23.818
2026-01-09T00:00:00Z,2958.66,4262.6913,4.1631,1.304,0.72,0.485,23.1029
2026-01-09T01:00:00Z,2950.6961,4317.1592,4.1331,1.083,0.72,0.495355,22.6533
2026-01-09T02:00:00Z,2946.5939,4476.8509,4.1677,0.785,0.72,0.503301,22.5
2026-01-09T03:00:00Z,2950.0259,4730.8838,4.286,0.492,0.72,0.508296,22.6533
2026-01-09T04:00:00Z,2963.95,5061.9459,4.5004,0.282,0.72,0.51,23.1029
2026-01-09T05:00:00Z,2989.4353,5447.4759,4.809,0.206,0.72,0.508296,23.818
2026-01-09T06:00:00Z,3024.845,5861.2005,5.1915,0.271,0.72,0.503301,24.75
2026-01-09T07:00:00Z,3067.1847,6274.9252,5.6182,0.462,1.02,0.495355,25.8353
2026-01-09T08:00:00Z,3112.25,6660.4552,6.0514,0.742,1.02,0.485,27.0
2026-01-09T09:00:00Z,3154.9391,6991.5173,6.4488,1.055,1.02,0.472941,28.1647
2026-01-09T10:00:00Z,3190.6011,7245.5502,6.7723,1.348,1.02,0.46,29.25
2026-01-09T11:00:00Z,3215.2089,7405.2419,6.9895,1.572,1.02,0.447059,30.182
2026-01-09T12:00:00Z,3225.065,7459.7098,7.073,1.675,1.02,0.435,30.8971
2026-01-09T13:00:00Z,3218.1239,7405.2419,7.0081,1.625,1.02,0.424645,31.3467
2026-01-09T14:00:00Z,3195.4961,7245.5502,6.8034,1.437,1.02,0.416699,31.5
2026-01-09T15:00:00Z,3161.0441,6991.5173,6.4877,1.166,1.02,0.411704,31.3467
2026-01-09T16:00:00Z,3120.39,6660.4552,6.1032,0.89,1.02,0.41,30.8971
2026-01-09T17:00:00Z,3079.1747,6274.9252,5.6945,0.68,1.34,0.411704,30.182
2026-01-09T18:00:00Z,3041.51,5861.2005,5.2976,0.574,1.34,0.416699,29.25
2026-01-09T19:00:00Z,3010.1703,5447.4759,4.941,0.583,1.34,0.424645,28.1647
2026-01-09T20:00:00Z,2986.445,5061.9459,4.6435,0.691,1.34,0.435,27.0
2026-01-09T21:00:00Z,2970.0459,4730.8838,4.4134,0.856,1.34,0.447059,25.8353
2026-01-09T22:00:00Z,2959.6289,4476.8509,4.2506,1.022,1.02,0.46,24.75
2026-01-09T23:00:00Z,2954.4361,4317.1592,4.1569,1.151,1.02,0.472941,23.818
2026-01-10T00:00:00Z,2953.16,3836.4222,3.7574,1.204,0.72,0.485,23.1029
2026-01-10T01:00:00Z,2954.6011,3885.4433,3.7825,1.154,0.72,0.495355,22.6533
2026-01-10T02:00:00Z,2958.7489,4029.1658,3.8557,1.006,0.72,0.503301,22.5
2026-01-10T03:00:00Z,2967.0209,4257.7954,3.9828,0.801,0.72,0.508296,22.6533
2026-01-10T04:00:00Z,2981.495,4555.7513,4.1719,0.601,0.72,0.51,23.1029
2026-01-10T05:00:00Z,3003.7903,4902.7283,4.4267,0.467,0.72,0.508296,23.818
2026-01-10T06:00:00Z,3033.975,5275.0805,4.74,0.437,0.72,0.503301,24.75
2026-01-10T07:00:00Z,3070.3747,5647.4327,5.0928,0.52,1.02,0.495355,25.8353
2026-01-10T08:00:00Z,3110.325,5994.4097,5.46,0.707,1.02,0.485,27.0
2026-01-10T09:00:00Z,3149.9341,6292.3655,5.809,0.964,1.02,0.472941,28.1647
2026-01-10T10:00:00Z,3184.4961,6520.9951,6.1034,1.237,1.02,0.46,29.25
2026-01-10T11:00:00Z,3210.0939,6664.7177,6.3131,1.479,1.02,0.447059,30.182
2026-01-10T12:00:00Z,3223.415,6713.7388,6.4138,1.645,1.02,0.435,30.8971
2026-01-10T13:00:00Z,3221.8639,6664.7177,6.388,1.693,1.02,0.424645,31.3467
2026-01-10T14:00:00Z,3204.4611,6520.9951,6.2304,1.6,1.02,0.416699,31.5
2026-01-10T15:00:00Z,3173.1441,6292.3655,5.9567,1.386,1.02,0.411704,31.3467
2026-01-10T16:00:00Z,3131.995,5994.4097,5.5979,1.101,1.02,0.41,30.8971
2026-01-10T17:00:00Z,3086.6547,5647.4327,5.1964,0.816,1.34,0.411704,30.182
2026-01-10T18:00:00Z,3042.665,5275.0805,4.7953,0.595,1.34,0.416699,29.25
2026-01-10T19:00:00Z,3004.1203,4902.7283,4.4288,0.473,1.34,0.424645,28.1647
2026-01-10T20:00:00Z,2973.85,4555.7513,4.1232,0.462,1.34,0.435,27.0
2026-01-10T21:00:00Z,2953.1609,4257.7954,3.8946,0.549,1.34,0.447059,25.8353
2026-01-10T22:00:00Z,2941.5339,4029.1658,3.7462,0.693,1.02,0.46,24.75
2026-01-10T23:00:00Z,2937.7711,3885.4433,3.6754,0.848,1.02,0.472941,23.818
2026-01-11T00:00:00Z,2941.06,3836.4222,3.6804,0.984,0.72,0.485,23.1029
2026-01-11T01:00:00Z,2949.9261,3885.4433,3.7528,1.069,0.72,0.495355,22.6533
2026-01-11T02:00:00Z,2962.5989,4029.1658,3.8802,1.076,0.72,0.503301,22.5
2026-01-11T03:00:00Z,2978.2409,4257.7954,4.0542,1.005,0.72,0.508296,22.6533
2026-01-11T04:00:00Z,2997.005,4555.7513,4.2706,0.883,0.72,0.51,23.1029
2026-01-11T05:00:00Z,3019.5203,4902.7283,4.5268,0.753,0.72,0.508296,23.818
2026-01-11T06:00:00Z,3046.57,5275.0805,4.8201,0.666,0.72,0.503301,24.75
2026-01-11T07:00:00Z,3077.9647,5647.4327,5.1411,0.658,1.02,0.495355,25.8353
2026-01-11T08:00:00Z,3112.25,5994.4097,5.4722,0.742,1.02,0.485,27.0
2026-01-11T09:00:00Z,3147.1841,6292.3655,5.7915,0.914,1.02,0.472941,28.1647
2026-01-11T10:00:00Z,3179.3811,6520.9951,6.0708,1.144,1.02,0.46,29.25
2026-01-11T11:00:00Z,3204.5389,6664.7177,6.2777,1.378,1.02,0.447059,30.182
2026-01-11T12:00:00Z,3219.565,6713.7388,6.3893,1.575,1.02,0.435,30.8971
2026-01-11T13:00:00Z,3221.9739,6664.7177,6.3887,1.695,1.02,0.424645,31.3467
2026-01-11T14:00:00Z,3209.9061,6520.9951,6.2651,1.699,1.02,0.416699,31.5
2026-01-11T15:00:00Z,3183.2641,6292.3655,6.0211,1.57,1.02,0.411704,31.3467
2026-01-11T16:00:00Z,3144.535,5994.4097,5.6777,1.329,1.02,0.41,30.8971
2026-01-11T17:00:00Z,3098.0947,5647.4327,5.2692,1.024,1.34,0.411704,30.182
2026-01-11T18:00:00Z,3049.705,5275.0805,4.8401,0.723,1.34,0.416699,29.25
2026-01-11T19:00:00Z,3004.9453,4902.7283,4.434,0.488,1.34,0.424645,28.1647
2026-01-11T20:00:00Z,2967.855,4555.7513,4.0851,0.353,1.34,0.435,27.0
2026-01-11T21:00:00Z,2941.1709,4257.7954,3.8183,0.331,1.34,0.447059,25.8353
2026-01-11T22:00:00Z,2926.0239,4029.1658,3.6475,0.411,1.02,0.46,24.75
2026-01-11T23:00:00Z,2921.4361,3885.4433,3.5715,0.551,1.02,0.472941,23.818
2026-01-12T00:00:00Z,2926.265,4262.6913,3.9569,0.715,0.72,0.485,23.1029
2026-01-12T01:00:00Z,2939.4211,4317.1592,4.0614,0.878,0.72,0.495355,22.6533
2026-01-12T02:00:00Z,2958.8589,4476.8509,4.2457,1.008,0.72,0.503301,22.5
2026-01-12T03:00:00Z,2982.0909,4730.8838,4.4901,1.075,0.72,0.508296,22.6533
2026-01-12T04:00:00Z,3007.235,5061.9459,4.7758,1.069,0.72,0.51,23.1029
2026-01-12T05:00:00Z,3033.2703,5447.4759,5.088,1.003,0.72,0.508296,23.818
2026-01-12T06:00:00Z,3060.1,5861.2005,5.4159,0.912,0.72,0.503301,24.75
2026-01-12T07:00:00Z,3088.1947,6274.9252,5.7519,0.844,1.02,0.495355,25.8353
2026-01-12T08:00:00Z,3117.585,6660.4552,6.0854,0.839,1.02,0.485,27.0
2026-01-12T09:00:00Z,3147.1841,6991.5173,6.3995,0.914,1.02,0.472941,28.1647
2026-01-12T10:00:00Z,3175.4211,7245.5502,6.6757,1.072,1.02,0.46,29.25
2026-01-12T11:00:00Z,3199.0389,7405.2419,6.8866,1.278,1.02,0.447059,30.182
2026-01-12T12:00:00Z,3214.505,7459.7098,7.0058,1.483,1.02,0.435,30.8971
2026-01-12T13:00:00Z,3219.2789,7405.2419,7.0154,1.646,1.02,0.424645,31.3467
2026-01-12T14:00:00Z,3211.6661,7245.5502,6.9063,1.731,1.02,0.416699,31.5
2026-01-12T15:00:00Z,3190.3041,6991.5173,6.6739,1.698,1.02,0.411704,31.3467
2026-01-12T16:00:00Z,3155.81,6660.4552,6.3286,1.534,1.02,0.41,30.8971
2026-01-12T17:00:00Z,3111.0747,6274.9252,5.8975,1.26,1.34,0.411704,30.182
2026-01-12T18:00:00Z,3060.98,5861.2005,5.4215,0.928,1.34,0.416699,29.25
2026-01-12T19:00:00Z,3011.4903,5447.4759,4.9494,0.607,1.34,0.424645,28.1647
2026-01-12T20:00:00Z,2968.24,5061.9459,4.5277,0.36,1.34,0.435,27.0
2026-01-12T21:00:00Z,2935.1759,4730.8838,4.1915,0.222,1.34,0.447059,25.8353
2026-01-12T22:00:00Z,2914.7489,4476.8509,3.965,0.206,1.02,0.46,24.75
2026-01-12T23:00:00Z,2907.3561,4317.1592,3.8573,0.295,1.02,0.472941,23.818
2026-01-13T00:00:00Z,2911.745,4262.6913,3.8645,0.451,0.72,0.485,23.1029
2026-01-13T01:00:00Z,2926.3861,4317.1592,3.9784,0.641,0.72,0.495355,22.6533
2026-01-13T02:00:00Z,2949.7839,4476.8509,4.188,0.843,0.72,0.503301,22.5
2026-01-13T03:00:00Z,2979.0659,4730.8838,4.4708,1.02,0.72,0.508296,22.6533
2026-01-13T04:00:00Z,3010.865,5061.9459,4.7989,1.135,0.72,0.51,23.1029
2026-01-13T05:00:00Z,3042.2903,5447.4759,5.1454,1.167,0.72,0.508296,23.818
2026-01-13T06:00:00Z,3071.76,5861.2005,5.4901,1.124,0.72,0.503301,24.75
2026-01-13T07:00:00Z,3099.0847,6274.9252,5.8212,1.042,1.02,0.495355,25.8353
2026-01-13T08:00:00Z,3125.065,6660.4552,6.133,0.975,1.02,0.485,27.0
2026-01-13T09:00:00Z,3149.8791,6991.5173,6.4166,0.963,1.02,0.472941,28.1647
2026-01-13T10:00:00Z,3173.2211,7245.5502,6.6617,1.032,1.02,0.46,29.25
2026-01-13T11:00:00Z,3193.7589,7405.2419,6.853,1.182,1.02,0.447059,30.182
2026-01-13T12:00:00Z,3208.565,7459.7098,6.968,1.375,1.02,0.435,30.8971
2026-01-13T13:00:00Z,3214.7139,7405.2419,6.9864,1.563,1.02,0.424645,31.3467
2026-01-13T14:00:00Z,3210.2361,7245.5502,6.8972,1.705,1.02,0.416699,31.5
2026-01-13T15:00:00Z,3193.8241,6991.5173,6.6963,1.762,1.02,0.411704,31.3467
2026-01-13T16:00:00Z,3164.5,6660.4552,6.3839,1.692,1.02,0.41,30.8971
2026-01-13T17:00:00Z,3123.5597,6274.9252,5.9769,1.487,1.34,0.411704,30.182
2026-01-13T18:00:00Z,3074.455,5861.2005,5.5072,1.173,1.34,0.416699,29.25
2026-01-13T19:00:00Z,3022.5453,5447.4759,5.0197,0.808,1.34,0.424645,28.1647
2026-01-13T20:00:00Z,2974.29,5061.9459,4.5662,0.47,1.34,0.435,27.0
2026-01-13T21:00:00Z,2935.1759,4730.8838,4.1915,0.222,1.34,0.447059,25.8353
2026-01-13T22:00:00Z,2908.7539,4476.8509,3.9269,0.097,1.02,0.46,24.75
2026-01-13T23:00:00Z,2896.8511,4317.1592,3.7905,0.104,1.02,0.472941,23.818
2026-01-14T00:00:00Z,2899.04,4262.6913,3.7837,0.22,0.72,0.485,23.1029
2026-01-14T01:00:00Z,2913.4611,4317.1592,3.8962,0.406,0.72,0.495355,22.6533
2026-01-14T02:00:00Z,2938.2339,4476.8509,4.1145,0.633,0.72,0.503301,22.5
2026-01-14T03:00:00Z,2971.1459,4730.8838,4.4204,0.876,0.72,0.508296,22.6533
2026-01-14T04:00:00Z,3008.28,5061.9459,4.7825,1.088,0.72,0.51,23.1029
2026-01-14T05:00:00Z,3045.4803,5447.4759,5.1657,1.225,0.72,0.508296,23.818
2026-01-14T06:00:00Z,3079.46,5861.2005,5.5391,1.264,0.72,0.503301,24.75
2026-01-14T07:00:00Z,3108.5447,6274.9252,5.8814,1.214,1.02,0.495355,25.8353
2026-01-14T08:00:00Z,3133.095,6660.4552,6.1841,1.121,1.02,0.485,27.0
2026-01-14T09:00:00Z,3154.3341,6991.5173,6.445,1.044,1.02,0.472941,28.1647
2026-01-14T10:00:00Z,3173.1111,7245.5502,6.661,1.03,1.02,0.46,29.25
2026-01-14T11:00:00Z,3189.4139,7405.2419,6.8254,1.103,1.02,0.447059,30.182
2026-01-14T12:00:00Z,3202.075,7459.7098,6.9267,1.257,1.02,0.435,30.8971
2026-01-14T13:00:00Z,3208.5539,7405.2419,6.9472,1.451,1.02,0.424645,31.3467
2026-01-14T14:00:00Z,3206.2761,7245.5502,6.872,1.633,1.02,0.416699,31.5
2026-01-14T15:00:00Z,3193.7691,6991.5173,6.6959,1.761,1.02,0.411704,31.3467
2026-01-14T16:00:00Z,3169.89,6660.4552,6.4182,1.79,1.02,0.41,30.8971
2026-01-14T17:00:00Z,3134.0097,6274.9252,6.0434,1.677,1.34,0.411704,30.182
2026-01-14T18:00:00Z,3088.095,5861.2005,5.594,1.421,1.34,0.416699,29.25
2026-01-14T19:00:00Z,3036.3503,5447.4759,5.1076,1.059,1.34,0.424645,28.1647
2026-01-14T20:00:00Z,2984.85,5061.9459,4.6334,0.662,1.34,0.435,27.0
2026-01-14T21:00:00Z,2940.4009,4730.8838,4.2248,0.317,1.34,0.447059,25.8353
2026-01-14T22:00:00Z,2908.0389,4476.8509,3.9223,0.084,1.02,0.46,24.75
2026-01-14T23:00:00Z,2890.6361,4317.1592,3.7572,-0.009,1.02,0.472941,23.818
2026-01-15T00:00:00Z,2888.975,4262.6913,3.7196,0.037,0.72,0.485,23.1029
2026-01-15T01:00:00Z,2901.7461,4317.1592,3.8216,0.193,0.72,0.495355,22.6533
2026-01-15T02:00:00Z,2926.4639,4476.8509,4.0396,0.419,0.72,0.503301,22.5
2026-01-15T03:00:00Z,2960.6959,4730.8838,4.3539,0.686,0.72,0.508296,22.6533
2026-01-15T04:00:00Z,3001.24,5061.9459,4.7377,0.96,0.72,0.51,23.1029
2026-01-15T05:00:00Z,3043.3353,5447.4759,5.152,1.186,0.72,0.508296,23.818
2026-01-15T06:00:00Z,3082.21,5861.2005,5.5566,1.314,0.72,0.503301,24.75
2026-01-15T07:00:00Z,3114.8697,6274.9252,5.9216,1.329,1.02,0.495355,25.8353
2026-01-15T08:00:00Z,3140.245,6660.4552,6.2296,1.251,1.02,0.485,27.0
2026-01-15T09:00:00Z,3159.5591,6991.5173,6.4782,1.139,1.02,0.472941,28.1647
2026-01-15T10:00:00Z,3174.6511,7245.5502,6.6708,1.058,1.02,0.46,29.25
2026-01-15T11:00:00Z,3186.7189,7405.2419,6.8082,1.054,1.02,0.447059,30.182
2026-01-15T12:00:00Z,3195.915,7459.7098,6.8875,1.145,1.02,0.435,30.8971
2026-01-15T13:00:00Z,3201.1839,7405.2419,6.9003,1.317,1.02,0.424645,31.3467
2026-01-15T14:00:00Z,3200.0611,7245.5502,6.8325,1.52,1.02,0.416699,31.5
2026-01-15T15:00:00Z,3190.5241,6991.5173,6.6753,1.702,1.02,0.411704,31.3467
2026-01-15T16:00:00Z,3171.32,6660.4552,6.4273,1.816,1.02,0.41,30.8971
2026-01-15T17:00:00Z,3141.2147,6274.9252,6.0893,1.808,1.34,0.411704,30.182
2026-01-15T18:00:00Z,3100.25,5861.2005,5.6714,1.642,1.34,0.416699,29.25
2026-01-15T19:00:00Z,3050.9803,5447.4759,5.2007,1.325,1.34,0.424645,28.1647
2026-01-15T20:00:00Z,2998.655,5061.9459,4.7212,0.913,1.34,0.435,27.0
2026-01-15T21:00:00Z,2950.1359,4730.8838,4.2867,0.494,1.34,0.447059,25.8353
2026-01-15T22:00:00Z,2912.1089,4476.8509,3.9482,0.158,1.02,0.46,24.75
2026-01-15T23:00:00Z,2888.9311,4317.1592,3.7681,-0.04,1.02,0.472941,23.818
2026-01-16T00:00:00Z,2882.32,4262.6913,3.7361,-0.084,0.72,0.485,23.1029
2026-01-16T01:00:00Z,2891.9561,4317.1592,3.7593,0.015,0.72,0.495355,22.6533
2026-01-16T02:00:00Z,2915.4639,4476.8509,3.9696,0.219,0.72,0.503301,22.5
2026-01-16T03:00:00Z,2949.8059,4730.8838,4.2846,0.488,0.72,0.508296,22.6533
2026-01-16T04:00:00Z,2991.725,5061.9459,4.6771,0.787,0.72,0.51,23.1029
2026-01-16T05:00:00Z,3037.1753,5447.4759,5.1128,1.074,0.72,0.508296,23.818
2026-01-16T06:00:00Z,3080.67,5861.2005,5.5468,1.286,0.72,0.503301,24.75
2026-01-16T07:00:00Z,3117.5647,6274.9252,5.9388,1.378,1.02,0.495355,25.8353
2026-01-16T08:00:00Z,3145.58,6660.4552,6.2635,1.348,1.02,0.485,27.0
2026-01-16T09:00:00Z,3164.7841,6991.5173,6.5115,1.234,1.02,0.472941,28.1647
2026-01-16T10:00:00Z,3177.3461,7245.5502,6.6879,1.107,1.02,0.46,29.25
2026-01-16T11:00:00Z,3185.7289,7405.2419,6.8019,1.036,1.02,0.447059,30.182
2026-01-16T12:00:00Z,3191.075,7459.7098,6.8567,1.057,1.02,0.435,30.8971
2026-01-16T13:00:00Z,3193.5939,7405.2419,6.852,1.179,1.02,0.424645,31.3467
2026-01-16T14:00:00Z,3192.1411,7245.5502,6.7821,1.376,1.02,0.416699,31.5
2026-01-16T15:00:00Z,3184.5291,6991.5173,6.6371,1.593,1.02,0.411704,31.3467
2026-01-16T16:00:00Z,3168.955,6660.4552,6.4123,1.773,1.02,0.41,30.8971
2026-01-16T17:00:00Z,3144.1847,6274.9252,6.1082,1.862,1.34,0.411704,30.182
2026-01-16T18:00:00Z,3109.215,5861.2005,5.7284,1.805,1.34,0.416699,29.25
2026-01-16T19:00:00Z,3064.5653,5447.4759,5.2871,1.572,1.34,0.424645,28.1647
2026-01-16T20:00:00Z,3013.945,5061.9459,4.8185,1.191,1.34,0.435,27.0
2026-01-16T21:00:00Z,2963.4459,4730.8838,4.3714,0.736,1.34,0.447059,25.8353
2026-01-16T22:00:00Z,2920.5789,4476.8509,4.0021,0.312,1.02,0.46,24.75
2026-01-16T23:00:00Z,2891.4611,4317.1592,3.7562,0.006,1.02,0.472941,23.818
2026-01-17T00:00:00Z,2879.35,3836.4222,3.3843,-0.138,0.72,0.485,23.1029
2026-01-17T01:00:00Z,2884.5861,3885.4433,3.4203,-0.119,0.72,0.495355,22.6533
2026-01-17T02:00:00Z,2905.6189,4029.1658,3.5176,0.04,0.72,0.503301,22.5
2026-01-17T03:00:00Z,2939.1909,4257.7954,3.8057,0.295,0.72,0.508296,22.6533
2026-01-17T04:00:00Z,2981.55,4555.7513,4.1722,0.602,0.72,0.51,23.1029
2026-01-17T05:00:00Z,3028.7053,4902.7283,4.5852,0.92,0.72,0.508296,23.818
2026-01-17T06:00:00Z,3075.775,5275.0805,5.006,1.197,0.72,0.503301,24.75
2026-01-17T07:00:00Z,3117.0697,5647.4327,5.39,1.369,1.02,0.495355,25.8353
2026-01-17T08:00:00Z,3148.66,5994.4097,5.7039,1.404,1.02,0.485,27.0
2026-01-17T09:00:00Z,3169.4041,6292.3655,5.9329,1.318,1.02,0.472941,28.1647
2026-01-17T10:00:00Z,3180.8661,6520.9951,6.0803,1.171,1.02,0.46,29.25
2026-01-17T11:00:00Z,3186.2239,6664.7177,6.1612,1.045,1.02,0.447059,30.182
2026-01-17T12:00:00Z,3187.885,6713.7388,6.1877,0.999,1.02,0.435,30.8971
2026-01-17T13:00:00Z,3186.9939,6664.7177,6.1661,1.059,1.02,0.424645,31.3467
2026-01-17T14:00:00Z,3183.5061,6520.9951,6.0971,1.219,1.02,0.416699,31.5
2026-01-17T15:00:00Z,3176.2791,6292.3655,5.9767,1.443,1.02,0.411704,31.3467
2026-01-17T16:00:00Z,3163.18,5994.4097,5.7963,1.668,1.02,0.41,30.8971
2026-01-17T17:00:00Z,3142.7547,5647.4327,5.5534,1.836,1.34,0.411704,30.182
2026-01-17T18:00:00Z,3113.67,5275.0805,5.2471,1.886,1.34,0.416699,29.25
2026-01-17T19:00:00Z,3075.1803,4902.7283,4.881,1.765,1.34,0.424645,28.1647
2026-01-17T20:00:00Z,3028.63,4555.7513,4.4718,1.458,1.34,0.435,27.0
2026-01-17T21:00:00Z,2978.8459,4257.7954,4.058,1.016,1.34,0.447059,25.8353
2026-01-17T22:00:00Z,2932.8989,4029.1658,3.6912,0.536,1.02,0.46,24.75
2026-01-17T23:00:00Z,2898.2261,3885.4433,3.4238,0.129,1.02,0.472941,23.818
2026-01-18T00:00:00Z,2880.12,3836.4222,3.3794,-0.124,0.72,0.485,23.1029
2026-01-18T01:00:00Z,2880.2411,3885.4433,3.4479,-0.198,0.72,0.495355,22.6533
2026-01-18T02:00:00Z,2897.5889,4029.1658,3.5407,-0.106,0.72,0.503301,22.5
2026-01-18T03:00:00Z,2929.4009,4257.7954,3.7434,0.117,0.72,0.508296,22.6533
2026-01-18T04:00:00Z,2971.485,4555.7513,4.1082,0.419,0.72,0.51,23.1029
2026-01-18T05:00:00Z,3019.4653,4902.7283,4.5264,0.752,0.72,0.508296,23.818
2026-01-18T06:00:00Z,3068.845,5275.0805,4.9619,1.071,0.72,0.503301,24.75
2026-01-18T07:00:00Z,3113.9897,5647.4327,5.3704,1.313,1.02,0.495355,25.8353
2026-01-18T08:00:00Z,3149.65,5994.4097,5.7102,1.422,1.02,0.485,27.0
2026-01-18T09:00:00Z,3173.1991,6292.3655,5.9571,1.387,1.02,0.472941,28.1647
2026-01-18T10:00:00Z,3185.1011,6520.9951,6.1072,1.248,1.02,0.46,29.25
2026-01-18T11:00:00Z,3188.2589,6664.7177,6.1741,1.082,1.02,0.447059,30.182
2026-01-18T12:00:00Z,3186.455,6713.7388,6.1786,0.973,1.02,0.435,30.8971
2026-01-18T13:00:00Z,3181.8789,6664.7177,6.1335,0.966,1.02,0.424645,31.3467
2026-01-18T14:00:00Z,3175.3661,6520.9951,6.0453,1.071,1.02,0.416699,31.5
2026-01-18T15:00:00Z,3166.7091,6292.3655,5.9158,1.269,1.02,0.411704,31.3467
2026-01-18T16:00:00Z,3154.6,5994.4097,5.7417,1.512,1.02,0.41,30.8971
2026-01-18T17:00:00Z,3137.1997,5647.4327,5.5181,1.735,1.34,0.411704,30.182
2026-01-18T18:00:00Z,3113.065,5275.0805,5.2433,1.875,1.34,0.416699,29.25
2026-01-18T19:00:00Z,3081.0103,4902.7283,4.9181,1.871,1.34,0.424645,28.1647
2026-01-18T20:00:00Z,3040.565,4555.7513,4.5478,1.675,1.34,0.435,27.0
2026-01-18T21:00:00Z,2994.3009,4257.7954,4.1564,1.297,1.34,0.447059,25.8353
2026-01-18T22:00:00Z,2948.0239,4029.1658,3.7875,0.811,1.02,0.46,24.75
2026-01-18T23:00:00Z,2909.3361,3885.4433,3.4945,0.331,1.02,0.472941,23.818
2026-01-19T00:00:00Z,2885.18,4262.6913,3.7179,-0.032,0.72,0.485,23.1029
2026-01-19T01:00:00Z,2879.5261,4317.1592,3.8279,-0.211,0.72,0.495355,22.6533
2026-01-19T02:00:00Z,2892.2539,4476.8509,3.964,-0.203,0.72,0.503301,22.5
2026-01-19T03:00:00Z,2920.9859,4730.8838,4.1264,-0.036,0.72,0.508296,22.6533
2026-01-19T04:00:00Z,2961.97,5061.9459,4.4878,0.246,0.72,0.51,23.1029
2026-01-19T05:00:00Z,3010.3353,5447.4759,4.942,0.586,0.72,0.508296,23.818
2026-01-19T06:00:00Z,3061.035,5861.2005,5.4218,0.929,0.72,0.503301,24.75
2026-01-19T07:00:00Z,3109.1497,6274.9252,5.8852,1.225,1.02,0.495355,25.8353
2026-01-19T08:00:00Z,3148.99,6660.4552,6.2852,1.41,1.02,0.485,27.0
2026-01-19T09:00:00Z,3176.1691,6991.5173,6.5839,1.441,1.02,0.472941,28.1647
2026-01-19T10:00:00Z,3189.7761,7245.5502,6.767,1.333,1.02,0.46,29.25
2026-01-19T11:00:00Z,3191.9989,7405.2419,6.8418,1.15,1.02,0.447059,30.182
2026-01-19T12:00:00Z,3186.95,7459.7098,6.8304,0.982,1.02,0.435,30.8971
2026-01-19T13:00:00Z,3178.4139,7405.2419,6.7554,0.903,1.02,0.424645,31.3467
2026-01-19T14:00:00Z,3168.3261,7245.5502,6.6305,0.943,1.02,0.416699,31.5
2026-01-19T15:00:00Z,3156.9741,6991.5173,6.4618,1.092,1.02,0.411704,31.3467
2026-01-19T16:00:00Z,3144.04,6660.4552,6.2537,1.32,1.02,0.41,30.8971
2026-01-19T17:00:00Z,3128.1797,6274.9252,6.0063,1.571,1.34,0.411704,30.182
2026-01-19T18:00:00Z,3107.62,5861.2005,5.7183,1.776,1.34,0.416699,29.25
2026-01-19T19:00:00Z,3081.0653,5447.4759,5.3921,1.872,1.34,0.424645,28.1647
2026-01-19T20:00:00Z,3047.605,5061.9459,5.0327,1.803,1.34,0.435,27.0
2026-01-19T21:00:00Z,3007.3909,4730.8838,4.6511,1.535,1.34,0.447059,25.8353
2026-01-19T22:00:00Z,2963.9739,4476.8509,4.2783,1.101,1.02,0.46,24.75
2026-01-19T23:00:00Z,2924.0211,4317.1592,3.9634,0.598,1.02,0.472941,23.818
2026-01-20T00:00:00Z,2895.135,4262.6913,3.7588,0.149,0.72,0.485,23.1029
2026-01-20T01:00:00Z,2883.2661,4317.1592,3.8041,-0.143,0.72,0.495355,22.6533
2026-01-20T02:00:00Z,2890.5489,4476.8509,3.9748,-0.234,0.72,0.503301,22.5
2026-01-20T03:00:00Z,2915.2109,4730.8838,4.1632,-0.141,0.72,0.508296,22.6533
2026-01-20T04:00:00Z,2953.83,5061.9459,4.436,0.098,0.72,0.51,23.1029
2026-01-20T05:00:00Z,3001.7003,5447.4759,4.8871,0.429,0.72,0.508296,23.818
2026-01-20T06:00:00Z,3053.28,5861.2005,5.3725,0.788,0.72,0.503301,24.75
2026-01-20T07:00:00Z,3103.3747,6274.9252,5.8485,1.12,1.02,0.495355,25.8353
2026-01-20T08:00:00Z,3146.735,6660.4552,6.2709,1.369,1.02,0.485,27.0
2026-01-20T09:00:00Z,3178.1491,6991.5173,6.5965,1.477,1.02,0.472941,28.1647
2026-01-20T10:00:00Z,3194.7811,7245.5502,6.7989,1.424,1.02,0.46,29.25
2026-01-20T11:00:00Z,3197.4989,7405.2419,6.8768,1.25,1.02,0.447059,30.182
2026-01-20T12:00:00Z,3190.03,7459.7098,6.85,1.038,1.02,0.435,30.8971
2026-01-20T13:00:00Z,3177.2039,7405.2419,6.7477,0.881,1.02,0.424645,31.3467
2026-01-20T14:00:00Z,3162.7161,7245.5502,6.5948,0.841,1.02,0.416699,31.5
2026-01-20T15:00:00Z,3147.7891,6991.5173,6.4033,0.925,1.02,0.411704,31.3467
2026-01-20T16:00:00Z,3132.49,6660.4552,6.1802,1.11,1.02,0.41,30.8971
2026-01-20T17:00:00Z,3116.3547,6274.9252,5.9311,1.356,1.34,0.411704,30.182
2026-01-20T18:00:00Z,3097.83,5861.2005,5.656,1.598,1.34,0.416699,29.25
2026-01-20T19:00:00Z,3075.5103,5447.4759,5.3568,1.771,1.34,0.424645,28.1647
2026-01-20T20:00:00Z,3048.32,5061.9459,5.0373,1.816,1.34,0.435,27.0
2026-01-20T21:00:00Z,3015.4759,4730.8838,4.7025,1.682,1.34,0.447059,25.8353
2026-01-20T22:00:00Z,2978.0539,4476.8509,4.3679,1.357,1.02,0.46,24.75
2026-01-20T23:00:00Z,2940.4661,4317.1592,4.068,0.897,1.02,0.472941,23.818
2026-01-21T00:00:00Z,2909.6,4262.6913,3.8509,0.412,0.72,0.485,23.1029
2026-01-21T01:00:00Z,2892.5061,4317.1592,3.7628,0.025,0.72,0.495355,22.6533
2026-01-21T02:00:00Z,2893.6839,4476.8509,3.9549,-0.177,0.72,0.503301,22.5
2026-01-21T03:00:00Z,2913.3409,4730.8838,4.1751,-0.175,0.72,0.508296,22.6533
2026-01-21T04:00:00Z,2948.385,5061.9459,4.402,-0.001,0.72,0.51,23.1029
2026-01-21T05:00:00Z,2994.3303,5447.4759,4.8402,0.295,0.72,0.508296,23.818
2026-01-21T06:00:00Z,3045.91,5861.2005,5.3256,0.654,0.72,0.503301,24.75
2026-01-21T07:00:00Z,3097.3797,6274.9252,5.8103,1.011,1.02,0.495355,25.8353
2026-01-21T08:00:00Z,3143.325,6660.4552,6.2492,1.307,1.02,0.485,27.0
2026-01-21T09:00:00Z,3178.8091,6991.5173,6.6007,1.489,1.02,0.472941,28.1647
2026-01-21T10:00:00Z,3199.5111,7245.5502,6.829,1.51,1.02,0.46,29.25
2026-01-21T11:00:00Z,3204.3739,7405.2419,6.9206,1.375,1.02,0.447059,30.182
2026-01-21T12:00:00Z,3196.025,7459.7098,6.8882,1.147,1.02,0.435,30.8971
2026-01-21T13:00:00Z,3179.4039,7405.2419,6.7617,0.921,1.02,0.424645,31.3467
2026-01-21T14:00:00Z,3159.6361,7245.5502,6.5752,0.785,1.02,0.416699,31.5
2026-01-21T15:00:00Z,3139.9241,6991.5173,6.3533,0.782,1.02,0.411704,31.3467
2026-01-21T16:00:00Z,3120.995,6660.4552,6.1071,0.901,1.02,0.41,30.8971
2026-01-21T17:00:00Z,3102.7147,6274.9252,5.8443,1.108,1.34,0.411704,30.182
2026-01-21T18:00:00Z,3084.41,5861.2005,5.5706,1.354,1.34,0.416699,29.25
2026-01-21T19:00:00Z,3064.7853,5447.4759,5.2885,1.576,1.34,0.424645,28.1647
2026-01-21T20:00:00Z,3042.435,5061.9459,4.9998,1.709,1.34,0.435,27.0
2026-01-21T21:00:00Z,3016.6859,4730.8838,4.7102,1.704,1.34,0.447059,25.8353
2026-01-21T22:00:00Z,2987.1289,4476.8509,4.4256,1.522,1.02,0.46,24.75
2026-01-21T23:00:00Z,2955.4261,4317.1592,4.1632,1.169,1.02,0.472941,23.818
2026-01-22T00:00:00Z,2926.54,4262.6913,3.9587,0.72,0.72,0.485,23.1029
2026-01-22T01:00:00Z,2907.0261,4317.1592,3.8552,0.289,0.72,0.495355,22.6533
2026-01-22T02:00:00Z,2902.8139,4476.8509,3.8968,-0.011,0.72,0.503301,22.5
2026-01-22T03:00:00Z,2916.5859,4730.8838,4.1544,-0.116,0.72,0.508296,22.6533
2026-01-22T04:00:00Z,2946.9,5061.9459,4.4115,-0.028,0.72,0.51,23.1029
2026-01-22T05:00:00Z,2989.6003,5447.4759,4.8101,0.209,0.72,0.508296,23.818
2026-01-22T06:00:00Z,3039.695,5861.2005,5.286,0.541,0.72,0.503301,24.75
2026-01-22T07:00:00Z,3091.5497,6274.9252,5.7732,0.905,1.02,0.495355,25.8353
2026-01-22T08:00:00Z,3139.31,6660.4552,6.2236,1.234,1.02,0.485,27.0
2026-01-22T09:00:00Z,3177.9841,6991.5173,6.5955,1.474,1.02,0.472941,28.1647
2026-01-22T10:00:00Z,3203.1411,7245.5502,6.8521,1.576,1.02,0.46,29.25
2026-01-22T11:00:00Z,3211.7989,7405.2419,6.9678,1.51,1.02,0.447059,30.182
2026-01-22T12:00:00Z,3204.605,7459.7098,6.9428,1.303,1.02,0.435,30.8971
2026-01-22T13:00:00Z,3185.6739,7405.2419,6.8016,1.035,1.02,0.424645,31.3467
2026-01-22T14:00:00Z,3160.6811,7245.5502,6.5819,0.804,1.02,0.416699,31.5
2026-01-22T15:00:00Z,3134.8091,6991.5173,6.3207,0.689,1.02,0.411704,31.3467
2026-01-22T16:00:00Z,3110.71,6660.4552,6.0416,0.714,1.02,0.41,30.8971
2026-01-22T17:00:00Z,3088.6897,6274.9252,5.755,0.853,1.34,0.411704,30.182
2026-01-22T18:00:00Z,3068.515,5861.2005,5.4694,1.065,1.34,0.416699,29.25
2026-01-22T19:00:00Z,3049.6053,5447.4759,5.1919,1.3,1.34,0.424645,28.1647
2026-01-22T20:00:00Z,3030.555,5061.9459,4.9242,1.493,1.34,0.435,27.0
2026-01-22T21:00:00Z,3010.4159,4730.8838,4.6703,1.59,1.34,0.447059,25.8353
2026-01-22T22:00:00Z,2988.6689,4476.8509,4.4354,1.55,1.02,0.46,24.75
2026-01-22T23:00:00Z,2965.2711,4317.1592,4.2259,1.348,1.02,0.472941,23.818
2026-01-23T00:00:00Z,2942.325,4262.6913,4.0591,1.007,0.72,0.485,23.1029
2026-01-23T01:00:00Z,2924.5161,4317.1592,3.9665,0.607,0.72,0.495355,22.6533
2026-01-23T02:00:00Z,2917.6639,4476.8509,3.9836,0.259,0.72,0.503301,22.5
2026-01-23T03:00:00Z,2925.9909,4730.8838,4.1331,0.055,0.72,0.508296,22.6533
2026-01-23T04:00:00Z,2950.64,5061.9459,4.4157,0.04,0.72,0.51,23.1029
2026-01-23T05:00:00Z,2988.7753,5447.4759,4.8048,0.194,0.72,0.508296,23.818
2026-01-23T06:00:00Z,3035.735,5861.2005,5.2608,0.469,0.72,0.503301,24.75
2026-01-23T07:00:00Z,3086.3797,6274.9252,5.7403,0.811,1.02,0.495355,25.8353
2026-01-23T08:00:00Z,3134.965,6660.4552,6.196,1.155,1.02,0.485,27.0
2026-01-23T09:00:00Z,3175.9491,6991.5173,6.5825,1.437,1.02,0.472941,28.1647
2026-01-23T10:00:00Z,3204.9561,7245.5502,6.8636,1.609,1.02,0.46,29.25
2026-01-23T11:00:00Z,3218.2889,7405.2419,7.0091,1.628,1.02,0.447059,30.182
2026-01-23T12:00:00Z,3214.56,7459.7098,7.0061,1.484,1.02,0.435,30.8971
2026-01-23T13:00:00Z,3195.8489,7405.2419,6.8663,1.22,1.02,0.424645,31.3467
2026-01-23T14:00:00Z,3167.3361,7245.5502,6.6242,0.925,1.02,0.416699,31.5
2026-01-23T15:00:00Z,3135.0291,6991.5173,6.3221,0.693,1.02,0.411704,31.3467
2026-01-23T16:00:00Z,3103.89,6660.4552,5.9982,0.59,1.02,0.41,30.8971
2026-01-23T17:00:00Z,3076.2047,6274.9252,5.6756,0.626,1.34,0.411704,30.182
2026-01-23T18:00:00Z,3052.125,5861.2005,5.3651,0.767,1.34,0.416699,29.25
2026-01-23T19:00:00Z,3031.5103,5447.4759,5.0768,0.971,1.34,0.424645,28.1647
2026-01-23T20:00:00Z,3013.67,5061.9459,4.8168,1.186,1.34,0.435,27.0
2026-01-23T21:00:00Z,2997.3809,4730.8838,4.5874,1.353,1.34,0.447059,25.8353
2026-01-23T22:00:00Z,2982.0139,4476.8509,4.3931,1.429,1.02,0.46,24.75
2026-01-23T23:00:00Z,2967.0861,4317.1592,4.2374,1.381,1.02,0.472941,23.818
2026-01-24T00:00:00Z,2952.775,3836.4222,3.755,1.197,0.72,0.485,23.1029
2026-01-24T01:00:00Z,2940.8511,3885.4433,3.695,0.904,0.72,0.495355,22.6533
2026-01-24T02:00:00Z,2935.4839,4029.1658,3.7077,0.583,0.72,0.503301,22.5
2026-01-24T03:00:00Z,2941.0059,4257.7954,3.8172,0.328,0.72,0.508296,22.6533
2026-01-24T04:00:00Z,2960.21,4555.7513,4.0364,0.214,0.72,0.51,23.1029
2026-01-24T05:00:00Z,2992.7353,4902.7283,4.3563,0.266,0.72,0.508296,23.818
2026-01-24T06:00:00Z,3035.13,5275.0805,4.7473,0.458,0.72,0.503301,24.75
2026-01-24T07:00:00Z,3082.6947,5647.4327,5.1712,0.744,1.02,0.495355,25.8353
2026-01-24T08:00:00Z,3130.4,5994.4097,5.5877,1.072,1.02,0.485,27.0
2026-01-24T09:00:00Z,3172.7041,6292.3655,5.9539,1.378,1.02,0.472941,28.1647
2026-01-24T10:00:00Z,3204.6261,6520.9951,6.2315,1.603,1.02,0.46,29.25
2026-01-24T11:00:00Z,3222.5789,6664.7177,6.3925,1.706,1.02,0.447059,30.182
2026-01-24T12:00:00Z,3223.965,6713.7388,6.4173,1.655,1.02,0.435,30.8971
2026-01-24T13:00:00Z,3208.3889,6664.7177,6.3022,1.448,1.02,0.424645,31.3467
2026-01-24T14:00:00Z,3179.3261,6520.9951,6.0705,1.143,1.02,0.416699,31.5
2026-01-24T15:00:00Z,3142.3441,6292.3655,5.7607,0.826,1.02,0.411704,31.3467
2026-01-24T16:00:00Z,3103.78,5994.4097,5.4183,0.588,1.02,0.41,30.8971
2026-01-24T17:00:00Z,3068.2847,5647.4327,5.0795,0.482,1.34,0.411704,30.182
2026-01-24T18:00:00Z,3037.935,5275.0805,4.7652,0.509,1.34,0.416699,29.25
2026-01-24T19:00:00Z,3013.1403,4902.7283,4.4862,0.637,1.34,0.424645,28.1647
2026-01-24T20:00:00Z,2993.76,4555.7513,4.2499,0.824,1.34,0.435,27.0
2026-01-24T21:00:00Z,2979.0659,4257.7954,4.0594,1.02,1.34,0.447059,25.8353
2026-01-24T22:00:00Z,2968.0439,4029.1658,3.9149,1.175,1.02,0.46,24.75
2026-01-24T23:00:00Z,2959.9911,3885.4433,3.8168,1.252,1.02,0.472941,23.818
2026-01-25T00:00:00Z,2954.59,3836.4222,3.7665,1.23,0.72,0.485,23.1029
2026-01-25T01:00:00Z,2951.4661,3885.4433,3.7626,1.097,0.72,0.495355,22.6533
2026-01-25T02:00:00Z,2951.9289,4029.1658,3.8123,0.882,0.72,0.503301,22.5
2026-01-25T03:00:00Z,2958.7709,4257.7954,3.9303,0.651,0.72,0.508296,22.6533
2026-01-25T04:00:00Z,2974.95,4555.7513,4.1302,0.482,0.72,0.51,23.1029
2026-01-25T05:00:00Z,3001.8653,4902.7283,4.4144,0.432,0.72,0.508296,23.818
2026-01-25T06:00:00Z,3038.54,5275.0805,4.769,0.52,0.72,0.503301,24.75
2026-01-25T07:00:00Z,3081.4297,5647.4327,5.1632,0.721,1.02,0.495355,25.8353
2026-01-25T08:00:00Z,3126.165,5994.4097,5.5608,0.995,1.02,0.485,27.0
2026-01-25T09:00:00Z,3168.0291,6292.3655,5.9242,1.293,1.02,0.472941,28.1647
2026-01-25T10:00:00Z,3201.9311,6520.9951,6.2143,1.554,1.02,0.46,29.25
2026-01-25T11:00:00Z,3223.7339,6664.7177,6.3999,1.727,1.02,0.447059,30.182
2026-01-25T12:00:00Z,3230.51,6713.7388,6.4589,1.774,1.02,0.435,30.8971
2026-01-25T13:00:00Z,3220.5989,6664.7177,6.3799,1.67,1.02,0.424645,31.3467
2026-01-25T14:00:00Z,3194.5611,6520.9951,6.1674,1.42,1.02,0.416699,31.5
2026-01-25T15:00:00Z,3156.4791,6292.3655,5.8507,1.083,1.02,0.411704,31.3467
2026-01-25T16:00:00Z,3112.36,5994.4097,5.4729,0.744,1.02,0.41,30.8971
2026-01-25T17:00:00Z,3068.5047,5647.4327,5.0809,0.486,1.34,0.411704,30.182
2026-01-25T18:00:00Z,3029.685,5275.0805,4.7127,0.359,1.34,0.416699,29.25
2026-01-25T19:00:00Z,2998.0703,4902.7283,4.3903,0.363,1.34,0.424645,28.1647
2026-01-25T20:00:00Z,2974.18,4555.7513,4.1253,0.468,1.34,0.435,27.0
2026-01-25T21:00:00Z,2958.0559,4257.7954,3.9257,0.638,1.34,0.447059,25.8353
2026-01-25T22:00:00Z,2948.8489,4029.1658,3.7927,0.826,1.02,0.46,24.75
2026-01-25T23:00:00Z,2945.3611,3885.4433,3.7237,0.986,1.02,0.472941,23.818
2026-01-26T00:00:00Z,2947.055,4262.6913,4.0892,1.093,0.72,0.485,23.1029
2026-01-26T01:00:00Z,2953.0061,4317.1592,4.1478,1.125,0.72,0.495355,22.6533
2026-01-26T02:00:00Z,2962.1589,4476.8509,4.2667,1.068,0.72,0.503301,22.5
2026-01-26T03:00:00Z,2974.6109,4730.8838,4.4425,0.939,0.72,0.508296,22.6533
2026-01-26T04:00:00Z,2991.835,5061.9459,4.6778,0.789,0.72,0.51,23.1029
2026-01-26T05:00:00Z,3015.4503,5447.4759,4.9746,0.679,0.72,0.508296,23.818
2026-01-26T06:00:00Z,3046.35,5861.2005,5.3284,0.662,0.72,0.503301,24.75
2026-01-26T07:00:00Z,3083.2997,6274.9252,5.7207,0.755,1.02,0.495355,25.8353
2026-01-26T08:00:00Z,3123.25,6660.4552,6.1214,0.942,1.02,0.485,27.0
2026-01-26T09:00:00Z,3162.3641,6991.5173,6.4961,1.19,1.02,0.472941,28.1647
2026-01-26T10:00:00Z,3196.5411,7245.5502,6.8101,1.456,1.02,0.46,29.25
2026-01-26T11:00:00Z,3221.1489,7405.2419,7.0273,1.68,1.02,0.447059,30.182
2026-01-26T12:00:00Z,3232.765,7459.7098,7.122,1.815,1.02,0.435,30.8971
2026-01-26T13:00:00Z,3229.2889,7405.2419,7.0791,1.828,1.02,0.424645,31.3467
2026-01-26T14:00:00Z,3209.4661,7245.5502,6.8923,1.691,1.02,0.416699,31.5
2026-01-26T15:00:00Z,3174.6291,6991.5173,6.5741,1.413,1.02,0.411704,31.3467
2026-01-26T16:00:00Z,3129.025,6660.4552,6.1582,1.047,1.02,0.41,30.8971
2026-01-26T17:00:00Z,3079.0097,6274.9252,5.6934,0.677,1.34,0.411704,30.182
2026-01-26T18:00:00Z,3031.115,5861.2005,5.2314,0.385,1.34,0.416699,29.25
2026-01-26T19:00:00Z,2990.3153,5447.4759,4.8146,0.222,1.34,0.424645,28.1647
2026-01-26T20:00:00Z,2959.11,5061.9459,4.4696,0.194,1.34,0.435,27.0
2026-01-26T21:00:00Z,2938.2009,4730.8838,4.2108,0.277,1.34,0.447059,25.8353
2026-01-26T22:00:00Z,2927.5089,4476.8509,4.0462,0.438,1.02,0.46,24.75
2026-01-26T23:00:00Z,2925.8361,4317.1592,3.9749,0.631,1.02,0.472941,23.818
2026-01-27T00:00:00Z,2931.985,4262.6913,3.9933,0.819,0.72,0.485,23.1029
2026-01-27T01:00:00Z,2944.9761,4317.1592,4.0967,0.979,0.72,0.495355,22.6533
2026-01-27T02:00:00Z,2963.0389,4476.8509,4.2723,1.084,0.72,0.503301,22.5
2026-01-27T03:00:00Z,2983.8509,4730.8838,4.5013,1.107,0.72,0.508296,22.6533
2026-01-27T04:00:00Z,3006.355,5061.9459,4.7702,1.053,0.72,0.51,23.1029
2026-01-27T05:00:00Z,3030.6853,5447.4759,5.0715,0.956,0.72,0.508296,23.818
2026-01-27T06:00:00Z,3057.9,5861.2005,5.4019,0.872,0.72,0.503301,24.75
2026-01-27T07:00:00Z,3088.7997,6274.9252,5.7557,0.855,1.02,0.495355,25.8353
2026-01-27T08:00:00Z,3122.59,6660.4552,6.1172,0.93,1.02,0.485,27.0
2026-01-27T09:00:00Z,3156.9191,6991.5173,6.4614,1.091,1.02,0.472941,28.1647
2026-01-27T10:00:00Z,3188.8411,7245.5502,6.7611,1.316,1.02,0.46,29.25
2026-01-27T11:00:00Z,3214.4389,7405.2419,6.9846,1.558,1.02,0.447059,30.182
2026-01-27T12:00:00Z,3229.85,7459.7098,7.1034,1.762,1.02,0.435,30.8971
2026-01-27T13:00:00Z,3232.2039,7405.2419,7.0977,1.881,1.02,0.424645,31.3467
2026-01-27T14:00:00Z,3219.9161,7245.5502,6.9588,1.881,1.02,0.416699,31.5
2026-01-27T15:00:00Z,3191.9541,6991.5173,6.6844,1.728,1.02,0.411704,31.3467
2026-01-27T16:00:00Z,3149.925,6660.4552,6.2912,1.427,1.02,0.41,30.8971
2026-01-27T17:00:00Z,3098.3147,6274.9252,5.8163,1.028,1.34,0.411704,30.182
2026-01-27T18:00:00Z,3043.82,5861.2005,5.3123,0.616,1.34,0.416699,29.25
2026-01-27T19:00:00Z,2993.4503,5447.4759,4.8346,0.279,1.34,0.424645,28.1647
2026-01-27T20:00:00Z,2952.565,5061.9459,4.4279,0.075,1.34,0.435,27.0
2026-01-27T21:00:00Z,2923.9009,4730.8838,4.1198,0.017,1.34,0.447059,25.8353
2026-01-27T22:00:00Z,2908.2039,4476.8509,3.9234,0.087,1.02,0.46,24.75
2026-01-27T23:00:00Z,2904.9911,4317.1592,3.8423,0.252,1.02,0.472941,23.818
2026-01-28T00:00:00Z,2912.735,4262.6913,3.8708,0.469,0.72,0.485,23.1029
2026-01-28T01:00:00Z,2929.7411,4317.1592,3.9998,0.702,0.72,0.495355,22.6533
2026-01-28T02:00:00Z,2954.4589,4476.8509,4.2177,0.928,0.72,0.503301,22.5
2026-01-28T03:00:00Z,2983.7959,4730.8838,4.5009,1.106,0.72,0.508296,22.6533
2026-01-28T04:00:00Z,3014.275,5061.9459,4.8206,1.197,0.72,0.51,23.1029
2026-01-28T05:00:00Z,3043.5003,5447.4759,5.1531,1.189,0.72,0.508296,23.818
2026-01-28T06:00:00Z,3070.99,5861.2005,5.4852,1.11,0.72,0.503301,24.75
2026-01-28T07:00:00Z,3097.7647,6274.9252,5.8128,1.018,1.02,0.495355,25.8353
2026-01-28T08:00:00Z,3125.175,6660.4552,6.1337,0.977,1.02,0.485,27.0
2026-01-28T09:00:00Z,3153.2341,6991.5173,6.438,1.024,1.02,0.472941,28.1647
2026-01-28T10:00:00Z,3180.4261,7245.5502,6.7075,1.163,1.02,0.46,29.25
2026-01-28T11:00:00Z,3204.3189,7405.2419,6.9202,1.374,1.02,0.447059,30.182
2026-01-28T12:00:00Z,3221.545,7459.7098,7.0506,1.611,1.02,0.435,30.8971
2026-01-28T13:00:00Z,3228.5189,7405.2419,7.0742,1.814,1.02,0.424645,31.3467
2026-01-28T14:00:00Z,3223.1061,7245.5502,6.9791,1.939,1.02,0.416699,31.5
2026-01-28T15:00:00Z,3203.6141,6991.5173,6.7586,1.94,1.02,0.411704,31.3467
2026-01-28T16:00:00Z,3169.23,6660.4552,6.414,1.778,1.02,0.41,30.8971
2026-01-28T17:00:00Z,3121.6347,6274.9252,5.9647,1.452,1.34,0.411704,30.182
2026-01-28T18:00:00Z,3065.6,5861.2005,5.4509,1.012,1.34,0.416699,29.25
2026-01-28T19:00:00Z,3008.4103,5447.4759,4.9298,0.551,1.34,0.424645,28.1647
2026-01-28T20:00:00Z,2957.57,5061.9459,4.4598,0.166,1.34,0.435,27.0
2026-01-28T21:00:00Z,2919.0059,4730.8838,4.139,-0.072,1.34,0.447059,25.8353
2026-01-28T22:00:00Z,2895.2789,4476.8509,3.9447,-0.148,1.02,0.46,24.75
2026-01-28T23:00:00Z,2886.9511,4317.1592,3.7807,-0.076,1.02,0.472941,23.818
2026-01-29T00:00:00Z,2892.99,4262.6913,3.7452,0.11,0.72,0.485,23.1029
2026-01-29T01:00:00Z,2911.1511,4317.1592,3.8815,0.364,0.72,0.495355,22.6533
2026-01-29T02:00:00Z,2939.2789,4476.8509,4.1211,0.652,0.72,0.503301,22.5
2026-01-29T03:00:00Z,2974.8309,4730.8838,4.4439,0.943,0.72,0.508296,22.6533
2026-01-29T04:00:00Z,3013.395,5061.9459,4.815,1.181,0.72,0.51,23.1029
2026-01-29T05:00:00Z,3050.2103,5447.4759,5.1958,1.311,0.72,0.508296,23.818
2026-01-29T06:00:00Z,3082.155,5861.2005,5.5562,1.313,0.72,0.503301,24.75
2026-01-29T07:00:00Z,3108.6547,6274.9252,5.8821,1.216,1.02,0.495355,25.8353
2026-01-29T08:00:00Z,3131.445,6660.4552,6.1736,1.091,1.02,0.485,27.0
2026-01-29T09:00:00Z,3152.7941,6991.5173,6.4352,1.016,1.02,0.472941,28.1647
2026-01-29T10:00:00Z,3173.5511,7245.5502,6.6638,1.038,1.02,0.46,29.25
2026-01-29T11:00:00Z,3192.9889,7405.2419,6.8481,1.168,1.02,0.447059,30.182
2026-01-29T12:00:00Z,3208.95,7459.7098,6.9704,1.382,1.02,0.435,30.8971
2026-01-29T13:00:00Z,3218.3989,7405.2419,7.0098,1.63,1.02,0.424645,31.3467
2026-01-29T14:00:00Z,3218.2111,7245.5502,6.948,1.85,1.02,0.416699,31.5
2026-01-29T15:00:00Z,3206.4741,6991.5173,6.7768,1.992,1.02,0.411704,31.3467
2026-01-29T16:00:00Z,3181.44,6660.4552,6.4917,2.0,1.02,0.41,30.8971
2026-01-29T17:00:00Z,3142.2047,6274.9252,6.0956,1.826,1.34,0.411704,30.182
2026-01-29T18:00:00Z,3090.625,5861.2005,5.6101,1.467,1.34,0.416699,29.25
2026-01-29T19:00:00Z,3032.0603,5447.4759,5.0803,0.981,1.34,0.424645,28.1647
2026-01-29T20:00:00Z,2974.345,5061.9459,4.5665,0.471,1.34,0.435,27.0
2026-01-29T21:00:00Z,2925.7159,4730.8838,4.1313,0.05,1.34,0.447059,25.8353
2026-01-29T22:00:00Z,2892.0339,4476.8509,3.9654,-0.207,1.02,0.46,24.75
2026-01-29T23:00:00Z,2875.6761,4317.1592,3.8524,-0.281,1.02,0.472941,23.818
2026-01-30T00:00:00Z,2876.6,4262.6913,3.7725,-0.188,0.72,0.485,23.1029
2026-01-30T01:00:00Z,2892.8911,4317.1592,3.7653,0.032,0.72,0.495355,22.6533
2026-01-30T02:00:00Z,2921.6789,4476.8509,4.0091,0.332,0.72,0.503301,22.5
2026-01-30T03:00:00Z,2960.0909,4730.8838,4.3501,0.675,0.72,0.508296,22.6533
2026-01-30T04:00:00Z,3004.43,5061.9459,4.758,1.018,0.72,0.51,23.1029
2026-01-30T05:00:00Z,3049.0003,5447.4759,5.1881,1.289,0.72,0.508296,23.818
2026-01-30T06:00:00Z,3088.095,5861.2005,5.594,1.421,0.72,0.503301,24.75
2026-01-30T07:00:00Z,3118.6097,6274.9252,5.9454,1.397,1.02,0.495355,25.8353
2026-01-30T08:00:00Z,3140.52,6660.4552,6.2313,1.256,1.02,0.485,27.0
2026-01-30T09:00:00Z,3156.6991,6991.5173,6.46,1.087,1.02,0.472941,28.1647
2026-01-30T10:00:00Z,3170.4711,7245.5502,6.6442,0.982,1.02,0.46,29.25
2026-01-30T11:00:00Z,3183.3089,7405.2419,6.7865,0.992,1.02,0.447059,30.182
2026-01-30T12:00:00Z,3194.98,7459.7098,6.8815,1.128,1.02,0.435,30.8971
2026-01-30T13:00:00Z,3203.6039,7405.2419,6.9157,1.361,1.02,0.424645,31.3467
2026-01-30T14:00:00Z,3206.2211,7245.5502,6.8717,1.632,1.02,0.416699,31.5
2026-01-30T15:00:00Z,3200.1491,6991.5173,6.7365,1.877,1.02,0.411704,31.3467
2026-01-30T16:00:00Z,3183.475,6660.4552,6.5047,2.037,1.02,0.41,30.8971
2026-01-30T17:00:00Z,3154.3047,6274.9252,6.1726,2.046,1.34,0.411704,30.182
2026-01-30T18:00:00Z,3111.69,5861.2005,5.7442,1.85,1.34,0.416699,29.25
2026-01-30T19:00:00Z,3057.9103,5447.4759,5.2448,1.451,1.34,0.424645,28.1647
2026-01-30T20:00:00Z,2998.985,5061.9459,4.7233,0.919,1.34,0.435,27.0
2026-01-30T21:00:00Z,2943.4809,4730.8838,4.2444,0.373,1.34,0.447059,25.8353
2026-01-30T22:00:00Z,2899.9539,4476.8509,3.915,-0.063,1.02,0.46,24.75
2026-01-30T23:00:00Z,2873.8611,4317.1592,3.864,-0.314,1.02,0.472941,23.818
2026-01-31T00:00:00Z,2866.975,3836.4222,3.4631,-0.363,0.72,0.485,23.1029
2026-01-31T01:00:00Z,2878.3161,3885.4433,3.4602,-0.233,0.72,0.495355,22.6533
2026-01-31T02:00:00Z,2905.1789,4029.1658,3.5148,0.032,0.72,0.503301,22.5
2026-01-31T03:00:00Z,2943.8109,4257.7954,3.8351,0.379,0.72,0.508296,22.6533
2026-01-31T04:00:00Z,2990.625,4555.7513,4.23,0.767,0.72,0.51,23.1029
2026-01-31T05:00:00Z,3040.6953,4902.7283,4.6615,1.138,0.72,0.508296,23.818
2026-01-31T06:00:00Z,3087.325,5275.0805,5.0795,1.407,0.72,0.503301,24.75
2026-01-31T07:00:00Z,3124.6047,5647.4327,5.4379,1.506,1.02,0.495355,25.8353
2026-01-31T08:00:00Z,3149.925,5994.4097,5.712,1.427,1.02,0.485,27.0
2026-01-31T09:00:00Z,3164.5641,6292.3655,5.9021,1.23,1.02,0.472941,28.1647
2026-01-31T10:00:00Z,3172.5611,6520.9951,6.0274,1.02,1.02,0.46,29.25
2026-01-31T11:00:00Z,3178.1389,6664.7177,6.1097,0.898,1.02,0.447059,30.182
2026-01-31T12:00:00Z,3183.155,6713.7388,6.1576,0.913,1.02,0.435,30.8971
2026-01-31T13:00:00Z,3187.5439,6664.7177,6.1696,1.069,1.02,0.424645,31.3467
2026-01-31T14:00:00Z,3189.5561,6520.9951,6.1356,1.329,1.02,0.416699,31.5
2026-01-31T15:00:00Z,3186.3441,6292.3655,6.0407,1.626,1.02,0.411704,31.3467
2026-01-31T16:00:00Z,3175.5,5994.4097,5.8747,1.892,1.02,0.41,30.8971
2026-01-31T17:00:00Z,3155.0747,5647.4327,5.6318,2.06,1.34,0.411704,30.182
2026-01-31T18:00:00Z,3123.075,5275.0805,5.307,2.057,1.34,0.416699,29.25
2026-01-31T19:00:00Z,3078.6453,4902.7283,4.903,1.828,1.34,0.424645,28.1647
2026-01-31T20:00:00Z,3024.725,4555.7513,4.447,1.387,1.34,0.435,27.0
2026-01-31T21:00:00Z,2968.0659,4257.7954,3.9894,0.82,1.34,0.447059,25.8353
2026-01-31T22:00:00Z,2917.8289,4029.1658,3.5953,0.262,1.02,0.46,24.75
2026-01-31T23:00:00Z,2882.3311,3885.4433,3.4346,-0.16,1.02,0.472941,23.818
2026-02-01T00:00:00Z,2720.7269,3371.9064,3.0633,-0.375,0.72,0.485,23.1029
2026-02-01T01:00:00Z,2724.7531,3414.992,3.1019,-0.378,0.72,0.495355,22.6533
2026-02-01T02:00:00Z,2746.9408,3541.3125,3.1487,-0.198,0.72,0.503301,22.5
2026-02-01T03:00:00Z,2783.6478,3742.2596,3.294,0.114,0.72,0.508296,22.6533
2026-02-01T04:00:00Z,2830.4069,4004.1388,3.6572,0.501,0.72,0.51,23.1029
2026-02-01T05:00:00Z,2882.8422,4309.1037,4.0673,0.915,0.72,0.508296,23.818
2026-02-01T06:00:00Z,2934.9719,4636.3713,4.481,1.284,0.72,0.503301,24.75
2026-02-01T07:00:00Z,2979.5667,4963.6388,4.8468,1.516,1.02,0.495355,25.8353
2026-02-01T08:00:00Z,3011.2669,5268.6037,5.1249,1.553,1.02,0.485,27.0
2026-02-01T09:00:00Z,3028.5461,5530.4829,5.3005,1.404,1.02,0.472941,28.1647
2026-02-01T10:00:00Z,3034.2331,5731.43,5.3871,1.152,1.02,0.46,29.25
2026-02-01T11:00:00Z,3033.4858,5857.7505,5.4139,0.915,1.02,0.447059,30.182
2026-02-01T12:00:00Z,3030.9119,5900.8361,5.4084,0.792,1.02,0.435,30.8971
2026-02-01T13:00:00Z,3028.5358,5857.7505,5.3824,0.825,1.02,0.424645,31.3467
2026-02-01T14:00:00Z,3026.3681,5731.43,5.337,1.009,1.02,0.416699,31.5
2026-02-01T15:00:00Z,3022.5511,5530.4829,5.2624,1.295,1.02,0.411704,31.3467
2026-02-01T16:00:00Z,3014.4569,5268.6037,5.1452,1.611,1.02,0.41,30.8971
2026-02-01T17:00:00Z,2999.8617,4963.6388,4.976,1.885,1.34,0.411704,30.182
2026-02-01T18:00:00Z,2976.8269,4636.3713,4.7474,2.045,1.34,0.416699,29.25
2026-02-01T19:00:00Z,2943.2322,4309.1037,4.4516,2.013,1.34,0.424645,28.1647
2026-02-01T20:00:00Z,2898.8269,4004.1388,4.0926,1.745,1.34,0.435,27.0
2026-02-01T21:00:00Z,2847.2278,3742.2596,3.6986,1.27,1.34,0.447059,25.8353
2026-02-01T22:00:00Z,2795.8908,3541.3125,3.3216,0.692,1.02,0.46,24.75
2026-02-01T23:00:00Z,2754.0131,3414.992,3.0235,0.154,1.02,0.472941,23.818
2026-02-02T00:00:00Z,2729.2519,3746.5626,3.3349,-0.22,0.72,0.485,23.1029
2026-02-02T01:00:00Z,2724.8631,3794.4355,3.4311,-0.376,0.72,0.495355,22.6533
2026-02-02T02:00:00Z,2740.3958,3934.7917,3.5325,-0.317,0.72,0.503301,22.5
2026-02-02T03:00:00Z,2772.9228,4158.0662,3.6441,-0.081,0.72,0.508296,22.6533
2026-02-02T04:00:00Z,2817.8669,4449.0431,3.9643,0.273,0.72,0.51,23.1029
2026-02-02T05:00:00Z,2870.2472,4787.893,4.4035,0.686,0.72,0.508296,23.818
2026-02-02T06:00:00Z,2924.8519,5151.5236,4.8646,1.1,0.72,0.503301,24.75
2026-02-02T07:00:00Z,2975.0017,5515.1543,5.2973,1.433,1.02,0.495355,25.8353
2026-02-02T08:00:00Z,3013.7969,5854.0041,5.6501,1.599,1.02,0.485,27.0
2026-02-02T09:00:00Z,3036.8511,6144.9811,5.8877,1.555,1.02,0.472941,28.1647
2026-02-02T10:00:00Z,3044.2981,6368.2555,6.0049,1.335,1.02,0.46,29.25
2026-02-02T11:00:00Z,3040.3608,6508.6117,6.0237,1.04,1.02,0.447059,30.182
2026-02-02T12:00:00Z,3031.0219,6556.4846,5.9792,0.794,1.02,0.435,30.8971
2026-02-02T13:00:00Z,3020.9458,6508.6117,5.9001,0.687,1.02,0.424645,31.3467
2026-02-02T14:00:00Z,3011.9581,6368.2555,5.7991,0.747,1.02,0.416699,31.5
2026-02-02T15:00:00Z,3003.9611,6144.9811,5.6784,0.957,1.02,0.411704,31.3467
2026-02-02T16:00:00Z,2995.1519,5854.0041,5.5314,1.26,1.02,0.41,30.8971
2026-02-02T17:00:00Z,2983.1417,5515.1543,5.3491,1.581,1.34,0.411704,30.182
2026-02-02T18:00:00Z,2965.8269,5151.5236,5.1253,1.845,1.34,0.416699,29.25
2026-02-02T19:00:00Z,2941.3622,4787.893,4.856,1.979,1.34,0.424645,28.1647
2026-02-02T20:00:00Z,2907.7919,4449.0431,4.5365,1.908,1.34,0.435,27.0
2026-02-02T21:00:00Z,2865.5428,4158.0662,4.1768,1.603,1.34,0.447059,25.8353
2026-02-02T22:00:00Z,2819.1008,3934.7917,3.8115,1.114,1.02,0.46,24.75
2026-02-02T23:00:00Z,2776.1781,3794.4355,3.4945,0.557,1.02,0.472941,23.818
2026-02-03T00:00:00Z,2745.4769,3746.5626,3.2841,0.075,0.72,0.485,23.1029
2026-02-03T01:00:00Z,2733.1681,3794.4355,3.3783,-0.225,0.72,0.495355,22.6533
2026-02-03T02:00:00Z,2741.2208,3934.7917,3.5273,-0.302,0.72,0.503301,22.5
2026-02-03T03:00:00Z,2767.7528,4158.0662,3.677,-0.175,0.72,0.508296,22.6533
2026-02-03T04:00:00Z,2809.0669,4449.0431,3.9083,0.113,0.72,0.51,23.1029
2026-02-03T05:00:00Z,2859.7972,4787.893,4.337,0.496,0.72,0.508296,23.818
2026-02-03T06:00:00Z,2914.4019,5151.5236,4.7981,0.91,0.72,0.503301,24.75
2026-02-03T07:00:00Z,2967.3567,5515.1543,5.2487,1.294,1.02,0.495355,25.8353
2026-02-03T08:00:00Z,3011.8169,5854.0041,5.6375,1.563,1.02,0.485,27.0
2026-02-03T09:00:00Z,3041.6361,6144.9811,5.9182,1.642,1.02,0.472941,28.1647
2026-02-03T10:00:00Z,3054.0331,6368.2555,6.0668,1.512,1.02,0.46,29.25
2026-02-03T11:00:00Z,3050.9758,6508.6117,6.0912,1.233,1.02,0.447059,30.182
2026-02-03T12:00:00Z,3037.6219,6556.4846,6.0212,0.914,1.02,0.435,30.8971
2026-02-03T13:00:00Z,3020.5058,6508.6117,5.8973,0.679,1.02,0.424645,31.3467
2026-02-03T14:00:00Z,3003.7631,6368.2555,5.7469,0.598,1.02,0.416699,31.5
2026-02-03T15:00:00Z,2989.0561,6144.9811,5.5836,0.686,1.02,0.411704,31.3467
2026-02-03T16:00:00Z,2976.1219,5854.0041,5.4103,0.914,1.02,0.41,30.8971
2026-02-03T17:00:00Z,2963.3417,5515.1543,5.2231,1.221,1.34,0.411704,30.182
2026-02-03T18:00:00Z,2948.3369,5151.5236,5.014,1.527,1.34,0.416699,29.25
2026-02-03T19:00:00Z,2929.4822,4787.893,4.7804,1.763,1.34,0.424645,28.1647
2026-02-03T20:00:00Z,2904.9869,4449.0431,4.5187,1.857,1.34,0.435,27.0
2026-02-03T21:00:00Z,2873.4078,4158.0662,4.2268,1.746,1.34,0.447059,25.8353
2026-02-03T22:00:00Z,2835.9858,3934.7917,3.9189,1.421,1.02,0.46,24.75
2026-02-03T23:00:00Z,2797.6281,3794.4355,3.631,0.947,1.02,0.472941,23.818
2026-02-04T00:00:00Z,2765.8819,3746.5626,3.414,0.446,0.72,0.485,23.1029
2026-02-04T01:00:00Z,2748.2381,3794.4355,3.3167,0.049,0.72,0.495355,22.6533
2026-02-04T02:00:00Z,2749.2508,3934.7917,3.4762,-0.156,0.72,0.503301,22.5
2026-02-04T03:00:00Z,2769.1278,4158.0662,3.6682,-0.15,0.72,0.508296,22.6533
2026-02-04T04:00:00Z,2805.1069,4449.0431,3.8831,0.041,0.72,0.51,23.1029
2026-02-04T05:00:00Z,2852.5922,4787.893,4.2911,0.365,0.72,0.508296,23.818
2026-02-04T06:00:00Z,2905.8769,5151.5236,4.7438,0.755,0.72,0.503301,24.75
2026-02-04T07:00:00Z,2959.1067,5515.1543,5.1962,1.144,1.02,0.495355,25.8353
2026-02-04T08:00:00Z,3006.7019,5854.0041,5.6049,1.47,1.02,0.485,27.0
2026-02-04T09:00:00Z,3042.2411,6144.9811,5.922,1.653,1.02,0.472941,28.1647
2026-02-04T10:00:00Z,3060.9081,6368.2555,6.1106,1.637,1.02,0.46,29.25
2026-02-04T11:00:00Z,3061.8658,6508.6117,6.1605,1.431,1.02,0.447059,30.182
2026-02-04T12:00:00Z,3048.4569,6556.4846,6.0901,1.111,1.02,0.435,30.8971
2026-02-04T13:00:00Z,3026.7208,6508.6117,5.9369,0.792,1.02,0.424645,31.3467
2026-02-04T14:00:00Z,3002.8281,6368.2555,5.741,0.581,1.02,0.416699,31.5
2026-02-04T15:00:00Z,2980.5311,6144.9811,5.5293,0.531,1.02,0.411704,31.3467
2026-02-04T16:00:00Z,2961.1069,5854.0041,5.3148,0.641,1.02,0.41,30.8971
2026-02-04T17:00:00Z,2944.3117,5515.1543,5.102,0.875,1.34,0.411704,30.182
2026-02-04T18:00:00Z,2928.5369,5151.5236,4.888,1.167,1.34,0.416699,29.25
2026-02-04T19:00:00Z,2911.8822,4787.893,4.6684,1.443,1.34,0.424645,28.1647
2026-02-04T20:00:00Z,2892.9969,4449.0431,4.4424,1.639,1.34,0.435,27.0
2026-02-04T21:00:00Z,2870.3278,4158.0662,4.2072,1.69,1.34,0.447059,25.8353
2026-02-04T22:00:00Z,2843.0808,3934.7917,3.9641,1.55,1.02,0.46,24.75
2026-02-04T23:00:00Z,2813.1931,3794.4355,3.73,1.23,1.02,0.472941,23.818
2026-02-05T00:00:00Z,2785.6269,3746.5626,3.5396,0.805,0.72,0.485,23.1029
2026-02-05T01:00:00Z,2766.9931,3794.4355,3.436,0.39,0.72,0.495355,22.6533
2026-02-05T02:00:00Z,2763.2208,3934.7917,3.4559,0.098,0.72,0.503301,22.5
2026-02-05T03:00:00Z,2776.9378,4158.0662,3.6185,-0.008,0.72,0.508296,22.6533
2026-02-05T04:00:00Z,2806.8669,4449.0431,3.8943,0.073,0.72,0.51,23.1029
2026-02-05T05:00:00Z,2849.5122,4787.893,4.2715,0.309,0.72,0.508296,23.818
2026-02-05T06:00:00Z,2899.9369,5151.5236,4.706,0.647,0.72,0.503301,24.75
2026-02-05T07:00:00Z,2952.1217,5515.1543,5.1517,1.017,1.02,0.495355,25.8353
2026-02-05T08:00:00Z,3000.3769,5854.0041,5.5647,1.355,1.02,0.485,27.0
2026-02-05T09:00:00Z,3039.3811,6144.9811,5.9038,1.601,1.02,0.472941,28.1647
2026-02-05T10:00:00Z,3063.7131,6368.2555,6.1284,1.688,1.02,0.46,29.25
2026-02-05T11:00:00Z,3070.3358,6508.6117,6.2144,1.585,1.02,0.447059,30.182
2026-02-05T12:00:00Z,3060.0619,6556.4846,6.164,1.322,1.02,0.435,30.8971
2026-02-05T13:00:00Z,3037.3908,6508.6117,6.0048,0.986,1.02,0.424645,31.3467
2026-02-05T14:00:00Z,3008.5481,6368.2555,5.7774,0.685,1.02,0.416699,31.5
2026-02-05T15:00:00Z,2979.2111,6144.9811,5.5209,0.507,1.02,0.411704,31.3467
2026-02-05T16:00:00Z,2952.4719,5854.0041,5.2598,0.484,1.02,0.41,30.8971
2026-02-05T17:00:00Z,2929.4617,5515.1543,5.0075,0.605,1.34,0.411704,30.182
2026-02-05T18:00:00Z,2910.0019,5151.5236,4.7701,0.83,1.34,0.416699,29.25
2026-02-05T19:00:00Z,2892.6872,4787.893,4.5463,1.094,1.34,0.424645,28.1647
2026-02-05T20:00:00Z,2875.9469,4449.0431,4.3339,1.329,1.34,0.435,27.0
2026-02-05T21:00:00Z,2858.8328,4158.0662,4.1341,1.481,1.34,0.447059,25.8353
2026-02-05T22:00:00Z,2840.2208,3934.7917,3.9459,1.498,1.02,0.46,24.75
2026-02-05T23:00:00Z,2819.9581,3794.4355,3.7731,1.353,1.02,0.472941,23.818
2026-02-06T00:00:00Z,2800.0919,3746.5626,3.6317,1.068,0.72,0.485,23.1029
2026-02-06T01:00:00Z,2785.1981,3794.4355,3.5519,0.721,0.72,0.495355,22.6533
2026-02-06T02:00:00Z,2780.4358,3934.7917,3.5654,0.411,0.72,0.503301,22.5
2026-02-06T03:00:00Z,2789.8078,4158.0662,3.6948,0.226,0.72,0.508296,22.6533
2026-02-06T04:00:00Z,2814.1819,4449.0431,3.9408,0.206,0.72,0.51,23.1029
2026-02-06T05:00:00Z,2851.2172,4787.893,4.2824,0.34,0.72,0.508296,23.818
2026-02-06T06:00:00Z,2897.1869,5151.5236,4.6885,0.597,0.72,0.503301,24.75
2026-02-06T07:00:00Z,2946.8417,5515.1543,5.1181,0.921,1.02,0.495355,25.8353
2026-02-06T08:00:00Z,2994.4369,5854.0041,5.5269,1.247,1.02,0.485,27.0
2026-02-06T09:00:00Z,3034.6511,6144.9811,5.8737,1.515,1.02,0.472941,28.1647
2026-02-06T10:00:00Z,3062.8881,6368.2555,6.1232,1.673,1.02,0.46,29.25
2026-02-06T11:00:00Z,3075.0658,6508.6117,6.2445,1.671,1.02,0.447059,30.182
2026-02-06T12:00:00Z,3069.7969,6556.4846,6.2259,1.499,1.02,0.435,30.8971
2026-02-06T13:00:00Z,3049.3808,6508.6117,6.0811,1.204,1.02,0.424645,31.3467
2026-02-06T14:00:00Z,3018.8881,6368.2555,5.8432,0.873,1.02,0.416699,31.5
2026-02-06T15:00:00Z,2984.3811,6144.9811,5.5538,0.601,1.02,0.411704,31.3467
2026-02-06T16:00:00Z,2950.8219,5854.0041,5.2493,0.454,1.02,0.41,30.8971
2026-02-06T17:00:00Z,2920.8267,5515.1543,4.9526,0.448,1.34,0.411704,30.182
2026-02-06T18:00:00Z,2895.5369,5151.5236,4.678,0.567,1.34,0.416699,29.25
2026-02-06T19:00:00Z,2874.8672,4787.893,4.4329,0.77,1.34,0.424645,28.1647
2026-02-06T20:00:00Z,2857.6869,4449.0431,4.2177,0.997,1.34,0.435,27.0
2026-02-06T21:00:00Z,2842.8278,4158.0662,4.0322,1.19,1.34,0.447059,25.8353
2026-02-06T22:00:00Z,2829.7158,3934.7917,3.879,1.307,1.02,0.46,24.75
2026-02-06T23:00:00Z,2817.7031,3794.4355,3.7587,1.312,1.02,0.472941,23.818
2026-02-07T00:00:00Z,2806.6919,3371.9064,3.3479,1.188,0.72,0.485,23.1029
2026-02-07T01:00:00Z,2798.7281,3414.992,3.308,0.967,0.72,0.495355,22.6533
2026-02-07T02:00:00Z,2797.1558,3541.3125,3.3297,0.715,0.72,0.503301,22.5
2026-02-07T03:00:00Z,2805.4278,3742.2596,3.4326,0.51,0.72,0.508296,22.6533
2026-02-07T04:00:00Z,2825.7869,4004.1388,3.6278,0.417,0.72,0.51,23.1029
2026-02-07T05:00:00Z,2857.5972,4309.1037,3.9066,0.456,0.72,0.508296,23.818
2026-02-07T06:00:00Z,2898.1219,4636.3713,4.2465,0.614,0.72,0.503301,24.75
2026-02-07T07:00:00Z,2943.7067,4963.6388,4.6186,0.864,1.02,0.495355,25.8353
2026-02-07T08:00:00Z,2989.2119,5268.6037,4.9846,1.152,1.02,0.485,27.0
2026-02-07T09:00:00Z,3029.3161,5530.4829,5.3054,1.418,1.02,0.472941,28.1647
2026-02-07T10:00:00Z,3059.4781,5731.43,5.5477,1.611,1.02,0.46,29.25
2026-02-07T11:00:00Z,3075.9458,5857.7505,5.6841,1.687,1.02,0.447059,30.182
2026-02-07T12:00:00Z,3076.1769,5900.8361,5.6964,1.615,1.02,0.435,30.8971
2026-02-07T13:00:00Z,3060.1608,5857.7505,5.5837,1.4,1.02,0.424645,31.3467
2026-02-07T14:00:00Z,3031.2081,5731.43,5.3678,1.097,1.02,0.416699,31.5
2026-02-07T15:00:00Z,2994.5011,5530.4829,5.0839,0.785,1.02,0.411704,31.3467
2026-02-07T16:00:00Z,2955.6619,5268.6037,4.7711,0.542,1.02,0.41,30.8971
2026-02-07T17:00:00Z,2919.1217,4963.6388,4.4622,0.417,1.34,0.411704,30.182
2026-02-07T18:00:00Z,2887.1219,4636.3713,4.1765,0.414,1.34,0.416699,29.25
2026-02-07T19:00:00Z,2861.0622,4309.1037,3.9287,0.519,1.34,0.424645,28.1647
2026-02-07T20:00:00Z,2840.9669,4004.1388,3.7244,0.693,1.34,0.435,27.0
2026-02-07T21:00:00Z,2825.8878,3742.2596,3.5628,0.882,1.34,0.447059,25.8353
2026-02-07T22:00:00Z,2815.1958,3541.3125,3.4445,1.043,1.02,0.46,24.75
2026-02-07T23:00:00Z,2808.4631,3414.992,3.37,1.144,1.02,0.472941,23.818
2026-02-08T00:00:00Z,2805.2069,3371.9064,3.3384,1.161,0.72,0.485,23.1029
2026-02-08T01:00:00Z,2805.1631,3414.992,3.349,1.084,0.72,0.495355,22.6533
2026-02-08T02:00:00Z,2809.6408,3541.3125,3.4091,0.942,0.72,0.503301,22.5
2026-02-08T03:00:00Z,2820.4978,3742.2596,3.5285,0.784,0.72,0.508296,22.6533
2026-02-08T04:00:00Z,2839.5369,4004.1388,3.7153,0.667,0.72,0.51,23.1029
2026-02-08T05:00:00Z,2867.4422,4309.1037,3.9693,0.635,0.72,0.508296,23.818
2026-02-08T06:00:00Z,2902.8519,4636.3713,4.2766,0.7,0.72,0.503301,24.75
2026-02-08T07:00:00Z,2943.2117,4963.6388,4.6155,0.855,1.02,0.495355,25.8353
2026-02-08T08:00:00Z,2985.0319,5268.6037,4.958,1.076,1.02,0.485,27.0
2026-02-08T09:00:00Z,3023.7061,5530.4829,5.2697,1.316,1.02,0.472941,28.1647
2026-02-08T10:00:00Z,3054.4731,5731.43,5.5159,1.52,1.02,0.46,29.25
2026-02-08T11:00:00Z,3073.7458,5857.7505,5.6701,1.647,1.02,0.447059,30.182
2026-02-08T12:00:00Z,3078.8169,5900.8361,5.7132,1.663,1.02,0.435,30.8971
2026-02-08T13:00:00Z,3068.1358,5857.7505,5.6344,1.545,1.02,0.424645,31.3467
2026-02-08T14:00:00Z,3043.0331,5731.43,5.4431,1.312,1.02,0.416699,31.5
2026-02-08T15:00:00Z,3007.2061,5530.4829,5.1647,1.016,1.02,0.411704,31.3467
2026-02-08T16:00:00Z,2965.6719,5268.6037,4.8348,0.724,1.02,0.41,30.8971
2026-02-08T17:00:00Z,2923.7417,4963.6388,4.4916,0.501,1.34,0.411704,30.182
2026-02-08T18:00:00Z,2885.3619,4636.3713,4.1653,0.382,1.34,0.416699,29.25
2026-02-08T19:00:00Z,2852.8672,4309.1037,3.8765,0.37,1.34,0.424645,28.1647
2026-02-08T20:00:00Z,2827.8219,4004.1388,3.6408,0.454,1.34,0.435,27.0
2026-02-08T21:00:00Z,2810.3778,3742.2596,3.4641,0.6,1.34,0.447059,25.8353
2026-02-08T22:00:00Z,2799.7408,3541.3125,3.3461,0.762,1.02,0.46,24.75
2026-02-08T23:00:00Z,2795.4281,3414.992,3.287,0.907,1.02,0.472941,23.818
2026-02-09T00:00:00Z,2797.2869,3746.5626,3.6138,1.017,0.72,0.485,23.1029
2026-02-09T01:00:00Z,2804.2831,3794.4355,3.6733,1.068,0.72,0.495355,22.6533
2026-02-09T02:00:00Z,2815.7458,3934.7917,3.7901,1.053,0.72,0.503301,22.5
2026-02-09T03:00:00Z,2831.7178,4158.0662,3.9615,0.988,0.72,0.508296,22.6533
2026-02-09T04:00:00Z,2852.6269,4449.0431,4.1855,0.905,0.72,0.51,23.1029
2026-02-09T05:00:00Z,2878.9372,4787.893,4.4588,0.844,0.72,0.508296,23.818
2026-02-09T06:00:00Z,2910.4419,5151.5236,4.7729,0.838,0.72,0.503301,24.75
2026-02-09T07:00:00Z,2945.6867,5515.1543,5.1108,0.9,1.02,0.495355,25.8353
2026-02-09T08:00:00Z,2982.5569,5854.0041,5.4513,1.031,1.02,0.485,27.0
2026-02-09T09:00:00Z,3018.2061,6144.9811,5.7691,1.216,1.02,0.472941,28.1647
2026-02-09T10:00:00Z,3048.4231,6368.2555,6.0311,1.41,1.02,0.46,29.25
2026-02-09T11:00:00Z,3069.2358,6508.6117,6.2074,1.565,1.02,0.447059,30.182
2026-02-09T12:00:00Z,3077.9369,6556.4846,6.2777,1.647,1.02,0.435,30.8971
2026-02-09T13:00:00Z,3072.6458,6508.6117,6.2291,1.627,1.02,0.424645,31.3467
2026-02-09T14:00:00Z,3052.7681,6368.2555,6.0588,1.489,1.02,0.416699,31.5
2026-02-09T15:00:00Z,3020.1861,6144.9811,5.7817,1.252,1.02,0.411704,31.3467
2026-02-09T16:00:00Z,2978.8169,5854.0041,5.4275,0.963,1.02,0.41,30.8971
2026-02-09T17:00:00Z,2933.6417,5515.1543,5.0341,0.681,1.34,0.411704,30.182
2026-02-09T18:00:00Z,2889.7619,5151.5236,4.6413,0.462,1.34,0.416699,29.25
2026-02-09T19:00:00Z,2850.9422,4787.893,4.2806,0.335,1.34,0.424645,28.1647
2026-02-09T20:00:00Z,2819.8469,4449.0431,3.9769,0.309,1.34,0.435,27.0
2026-02-09T21:00:00Z,2797.9478,4158.0662,3.7466,0.374,1.34,0.447059,25.8353
2026-02-09T22:00:00Z,2785.3858,3934.7917,3.5969,0.501,1.02,0.46,24.75
2026-02-09T23:00:00Z,2781.4031,3794.4355,3.5277,0.652,1.02,0.472941,23.818
2026-02-10T00:00:00Z,2785.6269,3746.5626,3.5396,0.805,0.72,0.485,23.1029
2026-02-10T01:00:00Z,2797.4631,3794.4355,3.6299,0.944,0.72,0.495355,22.6533
2026-02-10T02:00:00Z,2815.1408,3934.7917,3.7863,1.042,0.72,0.503301,22.5
2026-02-10T03:00:00Z,2837.1628,4158.0662,3.9962,1.087,0.72,0.508296,22.6533
2026-02-10T04:00:00Z,2862.2519,4449.0431,4.2467,1.08,0.72,0.51,23.1029
2026-02-10T05:00:00Z,2889.6622,4787.893,4.527,1.039,0.72,0.508296,23.818
2026-02-10T06:00:00Z,2919.1869,5151.5236,4.8285,0.997,0.72,0.503301,24.75
2026-02-10T07:00:00Z,2950.4717,5515.1543,5.1412,0.987,1.02,0.495355,25.8353
2026-02-10T08:00:00Z,2982.3919,5854.0041,5.4502,1.028,1.02,0.485,27.0
2026-02-10T09:00:00Z,3013.5861,6144.9811,5.7397,1.132,1.02,0.472941,28.1647
2026-02-10T10:00:00Z,3041.6031,6368.2555,5.9877,1.286,1.02,0.46,29.25
2026-02-10T11:00:00Z,3062.8558,6508.6117,6.1668,1.449,1.02,0.447059,30.182
2026-02-10T12:00:00Z,3074.1419,6556.4846,6.2536,1.578,1.02,0.435,30.8971
2026-02-10T13:00:00Z,3073.3608,6508.6117,6.2337,1.64,1.02,0.424645,31.3467
2026-02-10T14:00:00Z,3059.1481,6368.2555,6.0994,1.605,1.02,0.416699,31.5
2026-02-10T15:00:00Z,3031.6261,6144.9811,5.8545,1.46,1.02,0.411704,31.3467
2026-02-10T16:00:00Z,2992.9519,5854.0041,5.5174,1.22,1.02,0.41,30.8971
2026-02-10T17:00:00Z,2947.1717,5515.1543,5.1202,0.927,1.34,0.411704,30.182
2026-02-10T18:00:00Z,2899.4969,5151.5236,4.7032,0.639,1.34,0.416699,29.25
2026-02-10T19:00:00Z,2854.9572,4787.893,4.3062,0.408,1.34,0.424645,28.1647
2026-02-10T20:00:00Z,2817.5919,4449.0431,3.9625,0.268,1.34,0.435,27.0
2026-02-10T21:00:00Z,2789.9178,4158.0662,3.6955,0.228,1.34,0.447059,25.8353
2026-02-10T22:00:00Z,2773.5058,3934.7917,3.5213,0.285,1.02,0.46,24.75
2026-02-10T23:00:00Z,2768.1481,3794.4355,3.4434,0.411,1.02,0.472941,23.818
2026-02-11T00:00:00Z,2772.8669,3746.5626,3.4584,0.573,0.72,0.485,23.1029
2026-02-11T01:00:00Z,2787.0131,3794.4355,3.5634,0.754,0.72,0.495355,22.6533
2026-02-11T02:00:00Z,2809.1458,3934.7917,3.7481,0.933,0.72,0.503301,22.5
2026-02-11T03:00:00Z,2836.6678,4158.0662,3.993,1.078,0.72,0.508296,22.6533
2026-02-11T04:00:00Z,2866.8719,4449.0431,4.2761,1.164,0.72,0.51,23.1029
2026-02-11T05:00:00Z,2897.5822,4787.893,4.5774,1.183,0.72,0.508296,23.818
2026-02-11T06:00:00Z,2927.4919,5151.5236,4.8814,1.148,0.72,0.503301,24.75
2026-02-11T07:00:00Z,2956.4117,5515.1543,5.179,1.095,1.02,0.495355,25.8353
2026-02-11T08:00:00Z,2984.2619,5854.0041,5.4621,1.062,1.02,0.485,27.0
2026-02-11T09:00:00Z,3010.7811,6144.9811,5.7218,1.081,1.02,0.472941,28.1647
2026-02-11T10:00:00Z,3035.0581,6368.2555,5.9461,1.167,1.02,0.46,29.25
2026-02-11T11:00:00Z,3055.1008,6508.6117,6.1175,1.308,1.02,0.447059,30.182
2026-02-11T12:00:00Z,3067.8169,6556.4846,6.2133,1.463,1.02,0.435,30.8971
2026-02-11T13:00:00Z,3070.5008,6508.6117,6.2155,1.588,1.02,0.424645,31.3467
2026-02-11T14:00:00Z,3061.5681,6368.2555,6.1148,1.649,1.02,0.416699,31.5
2026-02-11T15:00:00Z,3039.9311,6144.9811,5.9073,1.611,1.02,0.411704,31.3467
2026-02-11T16:00:00Z,3005.9319,5854.0041,5.6,1.456,1.02,0.41,30.8971
2026-02-11T17:00:00Z,2962.2417,5515.1543,5.2161,1.201,1.34,0.411704,30.182
2026-02-11T18:00:00Z,2913.1369,5151.5236,4.79,0.887,1.34,0.416699,29.25
2026-02-11T19:00:00Z,2864.1972,4787.893,4.365,0.576,1.34,0.424645,28.1647
2026-02-11T20:00:00Z,2820.8369,4449.0431,3.9832,0.327,1.34,0.435,27.0
2026-02-11T21:00:00Z,2787.0578,4158.0662,3.6773,0.176,1.34,0.447059,25.8353
2026-02-11T22:00:00Z,2765.3658,3934.7917,3.4695,0.137,1.02,0.46,24.75
2026-02-11T23:00:00Z,2756.7631,3794.4355,3.3709,0.204,1.02,0.472941,23.818
2026-02-12T00:00:00Z,2760.5469,3746.5626,3.38,0.349,0.72,0.485,23.1029
2026-02-12T01:00:00Z,2775.2981,3794.4355,3.4889,0.541,0.72,0.495355,22.6533
2026-02-12T02:00:00Z,2799.6858,3934.7917,3.6879,0.761,0.72,0.503301,22.5
2026-02-12T03:00:00Z,2831.3328,4158.0662,3.9591,0.981,0.72,0.508296,22.6533
2026-02-12T04:00:00Z,2866.4869,4449.0431,4.2737,1.157,0.72,0.51,23.1029
2026-02-12T05:00:00Z,2901.4872,4787.893,4.6023,1.254,0.72,0.508296,23.818
2026-02-12T06:00:00Z,2933.8169,5151.5236,4.9216,1.263,0.72,0.503301,24.75
2026-02-12T07:00:00Z,2962.3517,5515.1543,5.2168,1.203,1.02,0.495355,25.8353
2026-02-12T08:00:00Z,2987.5069,5854.0041,5.4828,1.121,1.02,0.485,27.0
2026-02-12T09:00:00Z,3009.9561,6144.9811,5.7166,1.066,1.02,0.472941,28.1647
2026-02-12T10:00:00Z,3029.8881,6368.2555,5.9132,1.073,1.02,0.46,29.25
2026-02-12T11:00:00Z,3047.0708,6508.6117,6.0664,1.162,1.02,0.447059,30.182
2026-02-12T12:00:00Z,3059.5669,6556.4846,6.1608,1.313,1.02,0.435,30.8971
2026-02-12T13:00:00Z,3064.5058,6508.6117,6.1773,1.479,1.02,0.424645,31.3467
2026-02-12T14:00:00Z,3059.7531,6368.2555,6.1032,1.616,1.02,0.416699,31.5
2026-02-12T15:00:00Z,3043.9461,6144.9811,5.9329,1.684,1.02,0.411704,31.3467
2026-02-12T16:00:00Z,3015.9419,5854.0041,5.6637,1.638,1.02,0.41,30.8971
2026-02-12T17:00:00Z,2976.5417,5515.1543,5.3071,1.461,1.34,0.411704,30.182
2026-02-12T18:00:00Z,2928.7019,5151.5236,4.8891,1.17,1.34,0.416699,29.25
2026-02-12T19:00:00Z,2877.5072,4787.893,4.4497,0.818,1.34,0.424645,28.1647
2026-02-12T20:00:00Z,2829.0869,4449.0431,4.0357,0.477,1.34,0.435,27.0
2026-02-12T21:00:00Z,2789.2028,4158.0662,3.691,0.215,1.34,0.447059,25.8353
2026-02-12T22:00:00Z,2761.5708,3934.7917,3.4454,0.068,1.02,0.46,24.75
2026-02-12T23:00:00Z,2748.2381,3794.4355,3.3167,0.049,1.02,0.472941,23.818
2026-02-13T00:00:00Z,2749.4919,3746.5626,3.3097,0.148,0.72,0.485,23.1029
2026-02-13T01:00:00Z,2763.6931,3794.4355,3.415,0.33,0.72,0.495355,22.6533
2026-02-13T02:00:00Z,2788.9608,3934.7917,3.6197,0.566,0.72,0.503301,22.5
2026-02-13T03:00:00Z,2822.9178,4158.0662,3.9055,0.828,0.72,0.508296,22.6533
2026-02-13T04:00:00Z,2861.9769,4449.0431,4.245,1.075,0.72,0.51,23.1029
2026-02-13T05:00:00Z,2901.4322,4787.893,4.6019,1.253,0.72,0.508296,23.818
2026-02-13T06:00:00Z,2937.3919,5151.5236,4.9444,1.328,0.72,0.503301,24.75
2026-02-13T07:00:00Z,2967.4667,5515.1543,5.2494,1.296,1.02,0.495355,25.8353
2026-02-13T08:00:00Z,2991.4669,5854.0041,5.508,1.193,1.02,0.485,27.0
2026-02-13T09:00:00Z,3010.7811,6144.9811,5.7218,1.081,1.02,0.472941,28.1647
2026-02-13T10:00:00Z,3026.7531,6368.2555,5.8932,1.016,1.02,0.46,29.25
2026-02-13T11:00:00Z,3040.0858,6508.6117,6.0219,1.035,1.02,0.447059,30.182
2026-02-13T12:00:00Z,3050.4369,6556.4846,6.1027,1.147,1.02,0.435,30.8971
2026-02-13T13:00:00Z,3056.0908,6508.6117,6.1238,1.326,1.02,0.424645,31.3467
2026-02-13T14:00:00Z,3054.2531,6368.2555,6.0682,1.516,1.02,0.416699,31.5
2026-02-13T15:00:00Z,3043.1761,6144.9811,5.928,1.67,1.02,0.411704,31.3467
2026-02-13T16:00:00Z,3021.3869,5854.0041,5.6984,1.737,1.02,0.41,30.8971
2026-02-13T17:00:00Z,2987.8717,5515.1543,5.3792,1.667,1.34,0.411704,30.182
2026-02-13T18:00:00Z,2943.8269,5151.5236,4.9853,1.445,1.34,0.416699,29.25
2026-02-13T19:00:00Z,2893.0722,4787.893,4.5487,1.101,1.34,0.424645,28.1647
2026-02-13T20:00:00Z,2841.5719,4449.0431,4.1151,0.704,1.34,0.435,27.0
2026-02-13T21:00:00Z,2796.0778,4158.0662,3.7347,0.34,1.34,0.447059,25.8353
2026-02-13T22:00:00Z,2762.3408,3934.7917,3.4503,0.082,1.02,0.46,24.75
2026-02-13T23:00:00Z,2743.4531,3794.4355,3.3128,-0.038,1.02,0.472941,23.818
2026-02-14T00:00:00Z,2740.6369,3371.9064,2.9366,-0.013,0.72,0.485,23.1029
2026-02-14T01:00:00Z,2753.0781,3414.992,3.0175,0.137,0.72,0.495355,22.6533
2026-02-14T02:00:00Z,2778.1808,3541.3125,3.2089,0.37,0.72,0.503301,22.5
2026-02-14T03:00:00Z,2813.2378,3742.2596,3.4823,0.652,0.72,0.508296,22.6533
2026-02-14T04:00:00Z,2854.8269,4004.1388,3.8126,0.945,0.72,0.51,23.1029
2026-02-14T05:00:00Z,2898.2422,4309.1037,4.1653,1.195,0.72,0.508296,23.818
2026-02-14T06:00:00Z,2938.2719,4636.3713,4.502,1.344,0.72,0.503301,24.75
2026-02-14T07:00:00Z,2971.2067,4963.6388,4.7936,1.364,1.02,0.495355,25.8353
2026-02-14T08:00:00Z,2995.7569,5268.6037,5.0262,1.271,1.02,0.485,27.0
2026-02-14T09:00:00Z,3013.0911,5530.4829,5.2022,1.123,1.02,0.472941,28.1647
2026-02-14T10:00:00Z,3025.5431,5731.43,5.3318,0.994,1.02,0.46,29.25
2026-02-14T11:00:00Z,3034.9158,5857.7505,5.423,0.941,1.02,0.447059,30.182
2026-02-14T12:00:00Z,3041.9119,5900.8361,5.4784,0.992,1.02,0.435,30.8971
2026-02-14T13:00:00Z,3046.1908,5857.7505,5.4948,1.146,1.02,0.424645,31.3467
2026-02-14T14:00:00Z,3045.6731,5731.43,5.4599,1.36,1.02,0.416699,31.5
2026-02-14T15:00:00Z,3038.0061,5530.4829,5.3607,1.576,1.02,0.411704,31.3467
2026-02-14T16:00:00Z,3021.4419,5268.6037,5.1897,1.738,1.02,0.41,30.8971
2026-02-14T17:00:00Z,2994.4167,4963.6388,4.9413,1.786,1.34,0.411704,30.182
2026-02-14T18:00:00Z,2956.2569,4636.3713,4.6165,1.671,1.34,0.416699,29.25
2026-02-14T19:00:00Z,2908.8022,4309.1037,4.2325,1.387,1.34,0.424645,28.1647
2026-02-14T20:00:00Z,2856.8619,4004.1388,3.8256,0.982,1.34,0.435,27.0
2026-02-14T21:00:00Z,2807.4078,3742.2596,3.4452,0.546,1.34,0.447059,25.8353
2026-02-14T22:00:00Z,2767.6758,3541.3125,3.1421,0.179,1.02,0.46,24.75
2026-02-14T23:00:00Z,2742.8481,3414.992,2.9867,-0.049,1.02,0.472941,23.818
2026-02-15T00:00:00Z,2735.0269,3371.9064,2.9723,-0.115,0.72,0.485,23.1029
2026-02-15T01:00:00Z,2744.1131,3414.992,2.9787,-0.026,0.72,0.495355,22.6533
2026-02-15T02:00:00Z,2768.1158,3541.3125,3.1449,0.187,0.72,0.503301,22.5
2026-02-15T03:00:00Z,2803.5578,3742.2596,3.4207,0.476,0.72,0.508296,22.6533
2026-02-15T04:00:00Z,2846.5769,4004.1388,3.7601,0.795,0.72,0.51,23.1029
2026-02-15T05:00:00Z,2892.9622,4309.1037,4.1317,1.099,0.72,0.508296,23.818
2026-02-15T06:00:00Z,2937.0069,4636.3713,4.494,1.321,0.72,0.503301,24.75
2026-02-15T07:00:00Z,2973.5717,4963.6388,4.8087,1.407,1.02,0.495355,25.8353
2026-02-15T08:00:00Z,3000.1019,5268.6037,5.0539,1.35,1.02,0.485,27.0
2026-02-15T09:00:00Z,3016.8311,5530.4829,5.226,1.191,1.02,0.472941,28.1647
2026-02-15T10:00:00Z,3026.3131,5731.43,5.3367,1.008,1.02,0.46,29.25
2026-02-15T11:00:00Z,3031.7258,5857.7505,5.4027,0.883,1.02,0.447059,30.182
2026-02-15T12:00:00Z,3034.8719,5900.8361,5.4336,0.864,1.02,0.435,30.8971
2026-02-15T13:00:00Z,3036.1808,5857.7505,5.4311,0.964,1.02,0.424645,31.3467
2026-02-15T14:00:00Z,3035.0031,5731.43,5.392,1.166,1.02,0.416699,31.5
2026-02-15T15:00:00Z,3029.1511,5530.4829,5.3044,1.415,1.02,0.411704,31.3467
2026-02-15T16:00:00Z,3016.4369,5268.6037,5.1578,1.647,1.02,0.41,30.8971
2026-02-15T17:00:00Z,2995.1317,4963.6388,4.9459,1.799,1.34,0.411704,30.182
2026-02-15T18:00:00Z,2963.7919,4636.3713,4.6644,1.808,1.34,0.416699,29.25
2026-02-15T19:00:00Z,2922.0572,4309.1037,4.3168,1.628,1.34,0.424645,28.1647
2026-02-15T20:00:00Z,2872.8669,4004.1388,3.9274,1.273,1.34,0.435,27.0
2026-02-15T21:00:00Z,2822.2578,3742.2596,3.5397,0.816,1.34,0.447059,25.8353
2026-02-15T22:00:00Z,2777.7958,3541.3125,3.2065,0.363,1.02,0.46,24.75
2026-02-15T23:00:00Z,2746.8081,3414.992,2.9776,0.023,1.02,0.472941,23.818
2026-02-16T00:00:00Z,2733.3219,3746.5626,3.309,-0.146,0.72,0.485,23.1029
2026-02-16T01:00:00Z,2738.0081,3794.4355,3.3475,-0.137,0.72,0.495355,22.6533
2026-02-16T02:00:00Z,2759.5358,3934.7917,3.4324,0.031,0.72,0.503301,22.5
2026-02-16T03:00:00Z,2794.4278,4158.0662,3.7242,0.31,0.72,0.508296,22.6533
2026-02-16T04:00:00Z,2838.3269,4449.0431,4.0945,0.645,0.72,0.51,23.1029
2026-02-16T05:00:00Z,2886.5822,4787.893,4.5074,0.983,0.72,0.508296,23.818
2026-02-16T06:00:00Z,2934.0919,5151.5236,4.9234,1.268,0.72,0.503301,24.75
2026-02-16T07:00:00Z,2974.7817,5515.1543,5.2959,1.429,1.02,0.495355,25.8353
2026-02-16T08:00:00Z,3004.3919,5854.0041,5.5902,1.428,1.02,0.485,27.0
2026-02-16T09:00:00Z,3021.9461,6144.9811,5.7929,1.284,1.02,0.472941,28.1647
2026-02-16T10:00:00Z,3029.4481,6368.2555,5.9104,1.065,1.02,0.46,29.25
2026-02-16T11:00:00Z,3030.8458,6508.6117,5.9631,0.867,1.02,0.447059,30.182
2026-02-16T12:00:00Z,3029.5369,6556.4846,5.9697,0.767,1.02,0.435,30.8971
2026-02-16T13:00:00Z,3026.9958,6508.6117,5.9386,0.797,1.02,0.424645,31.3467
2026-02-16T14:00:00Z,3023.3431,6368.2555,5.8715,0.954,1.02,0.416699,31.5
2026-02-16T15:00:00Z,3017.3811,6144.9811,5.7638,1.201,1.02,0.411704,31.3467
2026-02-16T16:00:00Z,3006.9769,5854.0041,5.6067,1.475,1.02,0.41,30.8971
2026-02-16T17:00:00Z,2990.0167,5515.1543,5.3929,1.706,1.34,0.411704,30.182
2026-02-16T18:00:00Z,2964.9469,5151.5236,5.1197,1.829,1.34,0.416699,29.25
2026-02-16T19:00:00Z,2930.4722,4787.893,4.7867,1.781,1.34,0.424645,28.1647
2026-02-16T20:00:00Z,2887.0569,4449.0431,4.4046,1.531,1.34,0.435,27.0
2026-02-16T21:00:00Z,2838.6478,4158.0662,4.0056,1.114,1.34,0.447059,25.8353
2026-02-16T22:00:00Z,2792.2608,3934.7917,3.6407,0.626,1.02,0.46,24.75
2026-02-16T23:00:00Z,2756.0481,3794.4355,3.3664,0.191,1.02,0.472941,23.818
2026-02-17T00:00:00Z,2736.3469,3746.5626,3.2897,-0.091,0.72,0.485,23.1029
2026-02-17T01:00:00Z,2735.8081,3794.4355,3.3615,-0.177,0.72,0.495355,22.6533
2026-02-17T02:00:00Z,2753.5408,3934.7917,3.4489,-0.078,0.72,0.503301,22.5
2026-02-17T03:00:00Z,2786.6178,4158.0662,3.6745,0.168,0.72,0.508296,22.6533
2026-02-17T04:00:00Z,2830.5719,4449.0431,4.0451,0.504,0.72,0.51,23.1029
2026-02-17T05:00:00Z,2880.1472,4787.893,4.4665,0.866,0.72,0.508296,23.818
2026-02-17T06:00:00Z,2930.0769,5151.5236,4.8978,1.195,0.72,0.503301,24.75
2026-02-17T07:00:00Z,2974.7267,5515.1543,5.2956,1.428,1.02,0.495355,25.8353
2026-02-17T08:00:00Z,3008.4069,5854.0041,5.6158,1.501,1.02,0.485,27.0
2026-02-17T09:00:00Z,3028.2161,6144.9811,5.8328,1.398,1.02,0.472941,28.1647
2026-02-17T10:00:00Z,3035.1681,6368.2555,5.9468,1.169,1.02,0.46,29.25
2026-02-17T11:00:00Z,3033.0458,6508.6117,5.9771,0.907,1.02,0.447059,30.182
2026-02-17T12:00:00Z,3026.6219,6556.4846,5.9512,0.714,1.02,0.435,30.8971
2026-02-17T13:00:00Z,3019.2958,6508.6117,5.8896,0.657,1.02,0.424645,31.3467
2026-02-17T14:00:00Z,3011.8481,6368.2555,5.7984,0.745,1.02,0.416699,31.5
2026-02-17T15:00:00Z,3003.8511,6144.9811,5.6777,0.955,1.02,0.411704,31.3467
2026-02-17T16:00:00Z,2993.8319,5854.0041,5.523,1.236,1.02,0.41,30.8971
2026-02-17T17:00:00Z,2979.7317,5515.1543,5.3274,1.519,1.34,0.411704,30.182
2026-02-17T18:00:00Z,2959.6119,5151.5236,5.0858,1.732,1.34,0.416699,29.25
2026-02-17T19:00:00Z,2932.1772,4787.893,4.7976,1.812,1.34,0.424645,28.1647
2026-02-17T20:00:00Z,2896.4069,4449.0431,4.4641,1.701,1.34,0.435,27.0
2026-02-17T21:00:00Z,2853.7178,4158.0662,4.1015,1.388,1.34,0.447059,25.8353
2026-02-17T22:00:00Z,2809.0908,3934.7917,3.7478,0.932,1.02,0.46,24.75
2026-02-17T23:00:00Z,2770.2931,3794.4355,3.457,0.45,1.02,0.472941,23.818
2026-02-18T00:00:00Z,2745.0919,3746.5626,3.2817,0.068,0.72,0.485,23.1029
2026-02-18T01:00:00Z,2738.5581,3794.4355,3.344,-0.127,0.72,0.495355,22.6533
2026-02-18T02:00:00Z,2751.3958,3934.7917,3.4625,-0.117,0.72,0.503301,22.5
2026-02-18T03:00:00Z,2781.2278,4158.0662,3.6402,0.07,0.72,0.508296,22.6533
2026-02-18T04:00:00Z,2823.9169,4449.0431,4.0028,0.383,0.72,0.51,23.1029
2026-02-18T05:00:00Z,2874.0422,4787.893,4.4276,0.755,0.72,0.508296,23.818
2026-02-18T06:00:00Z,2925.7319,5151.5236,4.8702,1.116,0.72,0.503301,24.75
2026-02-18T07:00:00Z,2973.4067,5515.1543,5.2872,1.404,1.02,0.495355,25.8353
2026-02-18T08:00:00Z,3011.4319,5854.0041,5.635,1.556,1.02,0.485,27.0
2026-02-18T09:00:00Z,3035.0361,6144.9811,5.8762,1.522,1.02,0.472941,28.1647
2026-02-18T10:00:00Z,3043.2531,6368.2555,5.9982,1.316,1.02,0.46,29.25
2026-02-18T11:00:00Z,3038.9858,6508.6117,6.0149,1.015,1.02,0.447059,30.182
2026-02-18T12:00:00Z,3027.6119,6556.4846,5.9575,0.732,1.02,0.435,30.8971
2026-02-18T13:00:00Z,3014.1808,6508.6117,5.8571,0.564,1.02,0.424645,31.3467
2026-02-18T14:00:00Z,3001.5631,6368.2555,5.7329,0.558,1.02,0.416699,31.5
2026-02-18T15:00:00Z,2989.8811,6144.9811,5.5888,0.701,1.02,0.411704,31.3467
2026-02-18T16:00:00Z,2978.2669,5854.0041,5.424,0.953,1.02,0.41,30.8971
2026-02-18T17:00:00Z,2965.1017,5515.1543,5.2343,1.253,1.34,0.411704,30.182
2026-02-18T18:00:00Z,2948.3919,5151.5236,5.0144,1.528,1.34,0.416699,29.25
2026-02-18T19:00:00Z,2926.5672,4787.893,4.7619,1.71,1.34,0.424645,28.1647
2026-02-18T20:00:00Z,2898.6069,4449.0431,4.4781,1.741,1.34,0.435,27.0
2026-02-18T21:00:00Z,2864.0028,4158.0662,4.167,1.575,1.34,0.447059,25.8353
2026-02-18T22:00:00Z,2825.0958,3934.7917,3.8496,1.223,1.02,0.46,24.75
2026-02-18T23:00:00Z,2787.6731,3794.4355,3.5676,0.766,1.02,0.472941,23.818
2026-02-19T00:00:00Z,2759.3919,3746.5626,3.3727,0.328,0.72,0.485,23.1029
2026-02-19T01:00:00Z,2747.1381,3794.4355,3.3097,0.029,0.72,0.495355,22.6533
2026-02-19T02:00:00Z,2754.2558,3934.7917,3.4443,-0.065,0.72,0.503301,22.5
2026-02-19T03:00:00Z,2779.6328,4158.0662,3.6301,0.041,0.72,0.508296,22.6533
2026-02-19T04:00:00Z,2819.4069,4449.0431,3.9741,0.301,0.72,0.51,23.1029
2026-02-19T05:00:00Z,2868.6522,4787.893,4.3933,0.657,0.72,0.508296,23.818
2026-02-19T06:00:00Z,2921.2219,5151.5236,4.8415,1.034,0.72,0.503301,24.75
2026-02-19T07:00:00Z,2971.1517,5515.1543,5.2728,1.363,1.02,0.495355,25.8353
2026-02-19T08:00:00Z,3012.8619,5854.0041,5.6441,1.582,1.02,0.485,27.0
2026-02-19T09:00:00Z,3041.0861,6144.9811,5.9147,1.632,1.02,0.472941,28.1647
2026-02-19T10:00:00Z,3052.7131,6368.2555,6.0584,1.488,1.02,0.46,29.25
2026-02-19T11:00:00Z,3048.6658,6508.6117,6.0765,1.191,1.02,0.447059,30.182
2026-02-19T12:00:00Z,3033.6619,6556.4846,5.996,0.842,1.02,0.435,30.8971
2026-02-19T13:00:00Z,3013.8508,6508.6117,5.855,0.558,1.02,0.424645,31.3467
2026-02-19T14:00:00Z,2994.4131,6368.2555,5.6874,0.428,1.02,0.416699,31.5
2026-02-19T15:00:00Z,2977.2311,6144.9811,5.5083,0.471,1.02,0.411704,31.3467
2026-02-19T16:00:00Z,2961.9869,5854.0041,5.3204,0.657,1.02,0.41,30.8971
2026-02-19T17:00:00Z,2947.5017,5515.1543,5.1223,0.933,1.34,0.411704,30.182
2026-02-19T18:00:00Z,2932.2219,5151.5236,4.9115,1.234,1.34,0.416699,29.25
2026-02-19T19:00:00Z,2914.3022,4787.893,4.6838,1.487,1.34,0.424645,28.1647
2026-02-19T20:00:00Z,2892.7219,4449.0431,4.4406,1.634,1.34,0.435,27.0
2026-02-19T21:00:00Z,2866.6978,4158.0662,4.1841,1.624,1.34,0.447059,25.8353
2026-02-19T22:00:00Z,2836.2608,3934.7917,3.9207,1.426,1.02,0.46,24.75
2026-02-19T23:00:00Z,2804.3381,3794.4355,3.6737,1.069,1.02,0.472941,23.818
2026-02-20T00:00:00Z,2777.1019,3746.5626,3.4854,0.65,0.72,0.485,23.1029
2026-02-20T01:00:00Z,2761.4931,3794.4355,3.401,0.29,0.72,0.495355,22.6533
2026-02-20T02:00:00Z,2762.8908,3934.7917,3.4538,0.092,0.72,0.503301,22.5
2026-02-20T03:00:00Z,2782.6578,4158.0662,3.6493,0.096,0.72,0.508296,22.6533
2026-02-20T04:00:00Z,2818.1969,4449.0431,3.9664,0.279,0.72,0.51,23.1029
2026-02-20T05:00:00Z,2864.7472,4787.893,4.3685,0.586,0.72,0.508296,23.818
2026-02-20T06:00:00Z,2916.7119,5151.5236,4.8128,0.952,0.72,0.503301,24.75
2026-02-20T07:00:00Z,2967.9067,5515.1543,5.2522,1.304,1.02,0.495355,25.8353
2026-02-20T08:00:00Z,3012.4219,5854.0041,5.6413,1.574,1.02,0.485,27.0
2026-02-20T09:00:00Z,3045.1011,6144.9811,5.9402,1.705,1.02,0.472941,28.1647
2026-02-20T10:00:00Z,3061.6781,6368.2555,6.1155,1.651,1.02,0.46,29.25
2026-02-20T11:00:00Z,3060.6558,6508.6117,6.1528,1.409,1.02,0.447059,30.182
2026-02-20T12:00:00Z,3044.8269,6556.4846,6.067,1.045,1.02,0.435,30.8971
2026-02-20T13:00:00Z,3020.1208,6508.6117,5.8949,0.672,1.02,0.424645,31.3467
2026-02-20T14:00:00Z,2993.1481,6368.2555,5.6794,0.405,1.02,0.416699,31.5
2026-02-20T15:00:00Z,2968.5411,6144.9811,5.453,0.313,1.02,0.411704,31.3467
2026-02-20T16:00:00Z,2947.4669,5854.0041,5.228,0.393,1.02,0.41,30.8971
2026-02-20T17:00:00Z,2929.3517,5515.1543,5.0068,0.603,1.34,0.411704,30.182
2026-02-20T18:00:00Z,2912.9169,5151.5236,4.7886,0.883,1.34,0.416699,29.25
2026-02-20T19:00:00Z,2896.8122,4787.893,4.5725,1.169,1.34,0.424645,28.1647
2026-02-20T20:00:00Z,2879.5769,4449.0431,4.357,1.395,1.34,0.435,27.0
2026-02-20T21:00:00Z,2860.4828,4158.0662,4.1446,1.511,1.34,0.447059,25.8353
2026-02-20T22:00:00Z,2839.1208,3934.7917,3.9389,1.478,1.02,0.46,24.75
2026-02-20T23:00:00Z,2815.9431,3794.4355,3.7475,1.28,1.02,0.472941,23.818
2026-02-21T00:00:00Z,2794.0969,3371.9064,3.2677,0.959,0.72,0.485,23.1029
2026-02-21T01:00:00Z,2779.2031,3414.992,3.1838,0.612,0.72,0.495355,22.6533
2026-02-21T02:00:00Z,2776.9708,3541.3125,3.2012,0.348,0.72,0.503301,22.5
2026-02-21T03:00:00Z,2791.0178,3742.2596,3.3409,0.248,0.72,0.508296,22.6533
2026-02-21T04:00:00Z,2821.0569,4004.1388,3.5977,0.331,0.72,0.51,23.1029
2026-02-21T05:00:00Z,2863.3172,4309.1037,3.943,0.56,0.72,0.508296,23.818
2026-02-21T06:00:00Z,2912.7519,4636.3713,4.3396,0.88,0.72,0.503301,24.75
2026-02-21T07:00:00Z,2963.6717,4963.6388,4.7457,1.227,1.02,0.495355,25.8353
2026-02-21T08:00:00Z,3010.0019,5268.6037,5.1169,1.53,1.02,0.485,27.0
2026-02-21T09:00:00Z,3046.2561,5530.4829,5.4132,1.726,1.02,0.472941,28.1647
2026-02-21T10:00:00Z,3068.1131,5731.43,5.6027,1.768,1.02,0.46,29.25
2026-02-21T11:00:00Z,3072.4808,5857.7505,5.6621,1.624,1.02,0.447059,30.182
2026-02-21T12:00:00Z,3059.3469,5900.8361,5.5893,1.309,1.02,0.435,30.8971
2026-02-21T13:00:00Z,3033.1008,5857.7505,5.4115,0.908,1.02,0.424645,31.3467
2026-02-21T14:00:00Z,3000.1881,5731.43,5.1704,0.533,1.02,0.416699,31.5
2026-02-21T15:00:00Z,2967.1661,5530.4829,4.9099,0.288,1.02,0.411704,31.3467
2026-02-21T16:00:00Z,2938.1169,5268.6037,4.6594,0.223,1.02,0.41,30.8971
2026-02-21T17:00:00Z,2913.7867,4963.6388,4.4282,0.32,1.34,0.411704,30.182
2026-02-21T18:00:00Z,2893.5569,4636.3713,4.2175,0.531,1.34,0.416699,29.25
2026-02-21T19:00:00Z,2876.3522,4309.1037,4.026,0.797,1.34,0.424645,28.1647
2026-02-21T20:00:00Z,2861.0419,4004.1388,3.8522,1.058,1.34,0.435,27.0
2026-02-21T21:00:00Z,2846.5678,3742.2596,3.6944,1.258,1.34,0.447059,25.8353
2026-02-21T22:00:00Z,2832.6308,3541.3125,3.5554,1.36,1.02,0.46,24.75
2026-02-21T23:00:00Z,2818.8031,3414.992,3.4358,1.332,1.02,0.472941,23.818
2026-02-22T00:00:00Z,2805.5919,3371.9064,3.3409,1.168,0.72,0.485,23.1029
2026-02-22T01:00:00Z,2795.8131,3414.992,3.2895,0.914,0.72,0.495355,22.6533
2026-02-22T02:00:00Z,2793.9658,3541.3125,3.3094,0.657,0.72,0.503301,22.5
2026-02-22T03:00:00Z,2804.1628,3742.2596,3.4246,0.487,0.72,0.508296,22.6533
2026-02-22T04:00:00Z,2828.4269,4004.1388,3.6446,0.465,0.72,0.51,23.1029
2026-02-22T05:00:00Z,2865.1872,4309.1037,3.9549,0.594,0.72,0.508296,23.818
2026-02-22T06:00:00Z,2910.2219,4636.3713,4.3235,0.834,0.72,0.503301,24.75
2026-02-22T07:00:00Z,2958.7217,4963.6388,4.7142,1.137,1.02,0.495355,25.8353
2026-02-22T08:00:00Z,3005.1619,5268.6037,5.0861,1.442,1.02,0.485,27.0
2026-02-22T09:00:00Z,3043.9461,5530.4829,5.3985,1.684,1.02,0.472941,28.1647
2026-02-22T10:00:00Z,3070.4231,5731.43,5.6174,1.81,1.02,0.46,29.25
2026-02-22T11:00:00Z,3081.0608,5857.7505,5.7167,1.78,1.02,0.447059,30.182
2026-02-22T12:00:00Z,3073.9219,5900.8361,5.6821,1.574,1.02,0.435,30.8971
2026-02-22T13:00:00Z,3050.2608,5857.7505,5.5207,1.22,1.02,0.424645,31.3467
2026-02-22T14:00:00Z,3015.2581,5731.43,5.2663,0.807,1.02,0.416699,31.5
2026-02-22T15:00:00Z,2975.5811,5530.4829,4.9635,0.441,1.02,0.411704,31.3467
2026-02-22T16:00:00Z,2937.5669,5268.6037,4.6559,0.213,1.02,0.41,30.8971
2026-02-22T17:00:00Z,2904.7117,4963.6388,4.3705,0.155,1.34,0.411704,30.182
2026-02-22T18:00:00Z,2877.8269,4636.3713,4.1174,0.245,1.34,0.416699,29.25
2026-02-22T19:00:00Z,2856.4422,4309.1037,3.8993,0.435,1.34,0.424645,28.1647
2026-02-22T20:00:00Z,2839.9769,4004.1388,3.7181,0.675,1.34,0.435,27.0
2026-02-22T21:00:00Z,2827.4278,3742.2596,3.5726,0.91,1.34,0.447059,25.8353
2026-02-22T22:00:00Z,2818.1108,3541.3125,3.463,1.096,1.02,0.46,24.75
2026-02-22T23:00:00Z,2811.8181,3414.992,3.3913,1.205,1.02,0.472941,23.818
2026-02-23T00:00:00Z,2807.9569,3746.5626,3.6817,1.211,0.72,0.485,23.1029
2026-02-23T01:00:00Z,2806.5931,3794.4355,3.688,1.11,0.72,0.495355,22.6533
2026-02-23T02:00:00Z,2809.5308,3934.7917,3.7506,0.94,0.72,0.503301,22.5
2026-02-23T03:00:00Z,2819.7828,4158.0662,3.8856,0.771,0.72,0.508296,22.6533
2026-02-23T04:00:00Z,2839.9219,4449.0431,4.1046,0.674,0.72,0.51,23.1029
2026-02-23T05:00:00Z,2870.7422,4787.893,4.4066,0.695,0.72,0.508296,23.818
2026-02-23T06:00:00Z,2910.1119,5151.5236,4.7708,0.832,0.72,0.503301,24.75
2026-02-23T07:00:00Z,2954.1017,5515.1543,5.1643,1.053,1.02,0.495355,25.8353
2026-02-23T08:00:00Z,2998.3969,5854.0041,5.5521,1.319,1.02,0.485,27.0
2026-02-23T09:00:00Z,3037.9511,6144.9811,5.8947,1.575,1.02,0.472941,28.1647
2026-02-23T10:00:00Z,3067.8381,6368.2555,6.1547,1.763,1.02,0.46,29.25
2026-02-23T11:00:00Z,3084.2508,6508.6117,6.303,1.838,1.02,0.447059,30.182
2026-02-23T12:00:00Z,3084.4819,6556.4846,6.3194,1.766,1.02,0.435,30.8971
2026-02-23T13:00:00Z,3067.4208,6508.6117,6.1959,1.532,1.02,0.424645,31.3467
2026-02-23T14:00:00Z,3035.1681,6368.2555,5.9468,1.169,1.02,0.416699,31.5
2026-02-23T15:00:00Z,2993.1261,6144.9811,5.6095,0.76,1.02,0.411704,31.3467
2026-02-23T16:00:00Z,2947.9619,5854.0041,5.2311,0.402,1.02,0.41,30.8971
2026-02-23T17:00:00Z,2905.7017,5515.1543,4.8563,0.173,1.34,0.411704,30.182
2026-02-23T18:00:00Z,2869.8519,5151.5236,4.5146,0.1,1.34,0.416699,29.25
2026-02-23T19:00:00Z,2841.3722,4787.893,4.2197,0.161,1.34,0.424645,28.1647
2026-02-23T20:00:00Z,2820.3419,4449.0431,3.98,0.318,1.34,0.435,27.0
2026-02-23T21:00:00Z,2806.4178,4158.0662,3.8005,0.528,1.34,0.447059,25.8353
2026-02-23T22:00:00Z,2798.8058,3934.7917,3.6823,0.745,1.02,0.46,24.75
2026-02-23T23:00:00Z,2796.9681,3794.4355,3.6268,0.935,1.02,0.472941,23.818
2026-02-24T00:00:00Z,2800.4769,3746.5626,3.6341,1.075,0.72,0.485,23.1029
2026-02-24T01:00:00Z,2808.1881,3794.4355,3.6982,1.139,0.72,0.495355,22.6533
2026-02-24T02:00:00Z,2819.1008,3934.7917,3.8115,1.114,0.72,0.503301,22.5
2026-02-24T03:00:00Z,2833.6978,4158.0662,3.9741,1.024,0.72,0.508296,22.6533
2026-02-24T04:00:00Z,2853.5069,4449.0431,4.1911,0.921,0.72,0.51,23.1029
2026-02-24T05:00:00Z,2879.8722,4787.893,4.4647,0.861,0.72,0.508296,23.818
2026-02-24T06:00:00Z,2913.0819,5151.5236,4.7897,0.886,0.72,0.503301,24.75
2026-02-24T07:00:00Z,2951.2417,5515.1543,5.1461,1.001,1.02,0.495355,25.8353
2026-02-24T08:00:00Z,2991.0269,5854.0041,5.5052,1.185,1.02,0.485,27.0
2026-02-24T09:00:00Z,3028.8211,6144.9811,5.8366,1.409,1.02,0.472941,28.1647
2026-02-24T10:00:00Z,3060.3031,6368.2555,6.1067,1.626,1.02,0.46,29.25
2026-02-24T11:00:00Z,3081.1158,6508.6117,6.283,1.781,1.02,0.447059,30.182
2026-02-24T12:00:00Z,3088.2219,6556.4846,6.3432,1.834,1.02,0.435,30.8971
2026-02-24T13:00:00Z,3079.5758,6508.6117,6.2732,1.753,1.02,0.424645,31.3467
2026-02-24T14:00:00Z,3054.5281,6368.2555,6.07,1.521,1.02,0.416699,31.5
2026-02-24T15:00:00Z,3015.5661,6144.9811,5.7523,1.168,1.02,0.411704,31.3467
2026-02-24T16:00:00Z,2967.9269,5854.0041,5.3582,0.765,1.02,0.41,30.8971
2026-02-24T17:00:00Z,2918.2967,5515.1543,4.9365,0.402,1.34,0.411704,30.182
2026-02-24T18:00:00Z,2872.6569,5151.5236,4.5324,0.151,1.34,0.416699,29.25
2026-02-24T19:00:00Z,2834.8822,4787.893,4.1784,0.043,1.34,0.424645,28.1647
2026-02-24T20:00:00Z,2806.3719,4449.0431,3.8911,0.064,1.34,0.435,27.0
2026-02-24T21:00:00Z,2787.6628,4158.0662,3.6812,0.187,1.34,0.447059,25.8353
2026-02-24T22:00:00Z,2778.5108,3934.7917,3.5532,0.376,1.02,0.46,24.75
2026-02-24T23:00:00Z,2778.0481,3794.4355,3.5064,0.591,1.02,0.472941,23.818
2026-02-25T00:00:00Z,2785.6819,3746.5626,3.54,0.806,0.72,0.485,23.1029
2026-02-25T01:00:00Z,2800.3781,3794.4355,3.6485,0.997,0.72,0.495355,22.6533
2026-02-25T02:00:00Z,2819.9258,3934.7917,3.8167,1.129,0.72,0.503301,22.5
2026-02-25T03:00:00Z,2841.9478,4158.0662,4.0266,1.174,0.72,0.508296,22.6533
2026-02-25T04:00:00Z,2865.6069,4449.0431,4.2681,1.141,0.72,0.51,23.1029
2026-02-25T05:00:00Z,2891.1472,4787.893,4.5365,1.066,0.72,0.508296,23.818
2026-02-25T06:00:00Z,2919.6269,5151.5236,4.8313,1.005,0.72,0.503301,24.75
2026-02-25T07:00:00Z,2951.2967,5515.1543,5.1465,1.002,1.02,0.495355,25.8353
2026-02-25T08:00:00Z,2984.9769,5854.0041,5.4667,1.075,1.02,0.485,27.0
2026-02-25T09:00:00Z,3018.4261,6144.9811,5.7705,1.22,1.02,0.472941,28.1647
2026-02-25T10:00:00Z,3048.6431,6368.2555,6.0325,1.414,1.02,0.46,29.25
2026-02-25T11:00:00Z,3071.8208,6508.6117,6.2239,1.612,1.02,0.447059,30.182
2026-02-25T12:00:00Z,3084.2619,6556.4846,6.318,1.762,1.02,0.435,30.8971
2026-02-25T13:00:00Z,3083.5358,6508.6117,6.2984,1.825,1.02,0.424645,31.3467
2026-02-25T14:00:00Z,3067.7831,6368.2555,6.1543,1.762,1.02,0.416699,31.5
2026-02-25T15:00:00Z,3036.5211,6144.9811,5.8856,1.549,1.02,0.411704,31.3467
2026-02-25T16:00:00Z,2992.2369,5854.0041,5.5129,1.207,1.02,0.41,30.8971
2026-02-25T17:00:00Z,2940.2417,5515.1543,5.0761,0.801,1.34,0.411704,30.182
2026-02-25T18:00:00Z,2887.1769,5151.5236,4.6248,0.415,1.34,0.416699,29.25
2026-02-25T19:00:00Z,2839.5572,4787.893,4.2082,0.128,1.34,0.424645,28.1647
2026-02-25T20:00:00Z,2801.5319,4449.0431,3.8771,-0.024,1.34,0.435,27.0
2026-02-25T21:00:00Z,2775.1778,4158.0662,3.6297,-0.04,1.34,0.447059,25.8353
2026-02-25T22:00:00Z,2761.1308,3934.7917,3.4426,0.06,1.02,0.46,24.75
2026-02-25T23:00:00Z,2758.9631,3794.4355,3.3849,0.244,1.02,0.472941,23.818
2026-02-26T00:00:00Z,2767.6419,3746.5626,3.4252,0.478,0.72,0.485,23.1029
2026-02-26T01:00:00Z,2785.9681,3794.4355,3.5568,0.735,0.72,0.495355,22.6533
2026-02-26T02:00:00Z,2812.0608,3934.7917,3.7667,0.986,0.72,0.503301,22.5
2026-02-26T03:00:00Z,2842.1678,4158.0662,4.028,1.178,0.72,0.508296,22.6533
2026-02-26T04:00:00Z,2872.7569,4449.0431,4.3136,1.271,0.72,0.51,23.1029
2026-02-26T05:00:00Z,2901.7072,4787.893,4.6037,1.258,0.72,0.508296,23.818
2026-02-26T06:00:00Z,2928.7569,5151.5236,4.8894,1.171,0.72,0.503301,24.75
2026-02-26T07:00:00Z,2955.2567,5515.1543,5.1717,1.074,1.02,0.495355,25.8353
2026-02-26T08:00:00Z,2982.2269,5854.0041,5.4492,1.025,1.02,0.485,27.0
2026-02-26T09:00:00Z,3009.4061,6144.9811,5.7131,1.056,1.02,0.472941,28.1647
2026-02-26T10:00:00Z,3035.4431,6368.2555,5.9485,1.174,1.02,0.46,29.25
2026-02-26T11:00:00Z,3057.9058,6508.6117,6.1353,1.359,1.02,0.447059,30.182
2026-02-26T12:00:00Z,3073.2619,6556.4846,6.248,1.562,1.02,0.435,30.8971
2026-02-26T13:00:00Z,3078.4758,6508.6117,6.2662,1.733,1.02,0.424645,31.3467
2026-02-26T14:00:00Z,3071.3581,6368.2555,6.1771,1.827,1.02,0.416699,31.5
2026-02-26T15:00:00Z,3049.9961,6144.9811,5.9714,1.794,1.02,0.411704,31.3467
2026-02-26T16:00:00Z,3013.9069,5854.0041,5.6508,1.601,1.02,0.41,30.8971
2026-02-26T17:00:00Z,2965.5417,5515.1543,5.2371,1.261,1.34,0.411704,30.182
2026-02-26T18:00:00Z,2910.2219,5151.5236,4.7715,0.834,1.34,0.416699,29.25
2026-02-26T19:00:00Z,2855.2872,4787.893,4.3083,0.414,1.34,0.424645,28.1647
2026-02-26T20:00:00Z,2807.5819,4449.0431,3.8988,0.086,1.34,0.435,27.0
2026-02-26T21:00:00Z,2771.8228,4158.0662,3.6511,-0.101,1.34,0.447059,25.8353
2026-02-26T22:00:00Z,2750.2408,3934.7917,3.4699,-0.138,1.02,0.46,24.75
2026-02-26T23:00:00Z,2743.3981,3794.4355,3.3132,-0.039,1.02,0.472941,23.818
2026-02-27T00:00:00Z,2750.3169,3746.5626,3.3149,0.163,0.72,0.485,23.1029
2026-02-27T01:00:00Z,2769.3031,3794.4355,3.4507,0.432,0.72,0.495355,22.6533
2026-02-27T02:00:00Z,2798.5858,3934.7917,3.6809,0.741,0.72,0.503301,22.5
2026-02-27T03:00:00Z,2834.8528,4158.0662,3.9815,1.045,0.72,0.508296,22.6533
2026-02-27T04:00:00Z,2872.9769,4449.0431,4.315,1.275,0.72,0.51,23.1029
2026-02-27T05:00:00Z,2908.3072,4787.893,4.6457,1.378,0.72,0.508296,23.818
2026-02-27T06:00:00Z,2938.2169,5151.5236,4.9496,1.343,0.72,0.503301,24.75
2026-02-27T07:00:00Z,2962.7917,5515.1543,5.2196,1.211,1.02,0.495355,25.8353
2026-02-27T08:00:00Z,2984.0969,5854.0041,5.4611,1.059,1.02,0.485,27.0
2026-02-27T09:00:00Z,3004.2911,6144.9811,5.6805,0.963,1.02,0.472941,28.1647
2026-02-27T10:00:00Z,3023.9481,6368.2555,5.8754,0.965,1.02,0.46,29.25
2026-02-27T11:00:00Z,3042.3958,6508.6117,6.0366,1.077,1.02,0.447059,30.182
2026-02-27T12:00:00Z,3057.5319,6556.4846,6.1479,1.276,1.02,0.435,30.8971
2026-02-27T13:00:00Z,3065.9358,6508.6117,6.1864,1.505,1.02,0.424645,31.3467
2026-02-27T14:00:00Z,3065.0331,6368.2555,6.1368,1.712,1.02,0.416699,31.5
2026-02-27T15:00:00Z,3052.6911,6144.9811,5.9885,1.843,1.02,0.411704,31.3467
2026-02-27T16:00:00Z,3026.8869,5854.0041,5.7334,1.837,1.02,0.41,30.8971
2026-02-27T17:00:00Z,2986.9367,5515.1543,5.3733,1.65,1.34,0.411704,30.182
2026-02-27T18:00:00Z,2935.5219,5151.5236,4.9325,1.294,1.34,0.416699,29.25
2026-02-27T19:00:00Z,2878.4972,4787.893,4.456,0.836,1.34,0.424645,28.1647
2026-02-27T20:00:00Z,2823.6969,4449.0431,4.0014,0.379,1.34,0.435,27.0
2026-02-27T21:00:00Z,2778.6428,4158.0662,3.6238,0.023,1.34,0.447059,25.8353
2026-02-27T22:00:00Z,2748.1508,3934.7917,3.4832,-0.176,1.02,0.46,24.75
2026-02-27T23:00:00Z,2734.1581,3794.4355,3.372,-0.207,1.02,0.472941,23.818
2026-02-28T00:00:00Z,2736.7319,3371.9064,2.9615,-0.084,0.72,0.485,23.1029
2026-02-28T01:00:00Z,2754.0131,3414.992,3.0235,0.154,0.72,0.495355,22.6533
2026-02-28T02:00:00Z,2783.6808,3541.3125,3.2439,0.47,0.72,0.503301,22.5
2026-02-28T03:00:00Z,2822.8078,3742.2596,3.5432,0.826,0.72,0.508296,22.6533
2026-02-28T04:00:00Z,2866.7619,4004.1388,3.8886,1.162,0.72,0.51,23.1029
2026-02-28T05:00:00Z,2909.2972,4309.1037,4.2356,1.396,0.72,0.508296,23.818
2026-02-28T06:00:00Z,2945.1469,4636.3713,4.5458,1.469,0.72,0.503301,24.75
2026-02-28T07:00:00Z,2971.9217,4963.6388,4.7982,1.377,1.02,0.495355,25.8353
2026-02-28T08:00:00Z,2990.6419,5268.6037,4.9937,1.178,1.02,0.485,27.0
2026-02-28T09:00:00Z,3004.6761,5530.4829,5.1486,0.97,1.02,0.472941,28.1647
2026-02-28T10:00:00Z,3017.0731,5731.43,5.2779,0.84,1.02,0.46,29.25
2026-02-28T11:00:00Z,3029.1408,5857.7505,5.3863,0.836,1.02,0.447059,30.182
2026-02-28T12:00:00Z,3040.4269,5900.8361,5.4689,0.965,1.02,0.435,30.8971
2026-02-28T13:00:00Z,3048.7758,5857.7505,5.5112,1.193,1.02,0.424645,31.3467
2026-02-28T14:00:00Z,3051.0631,5731.43,5.4942,1.458,1.02,0.416699,31.5
2026-02-28T15:00:00Z,3044.9361,5530.4829,5.4048,1.702,1.02,0.411704,31.3467
2026-02-28T16:00:00Z,3028.2619,5268.6037,5.2331,1.862,1.02,0.41,30.8971
2026-02-28T17:00:00Z,2998.7067,4963.6388,4.9686,1.864,1.34,0.411704,30.182
2026-02-28T18:00:00Z,2955.8719,4636.3713,4.614,1.664,1.34,0.416699,29.25
2026-02-28T19:00:00Z,2902.9172,4309.1037,4.195,1.28,1.34,0.424645,28.1647
2026-02-28T20:00:00Z,2846.2469,4004.1388,3.758,0.789,1.34,0.435,27.0
2026-02-28T21:00:00Z,2794.4828,3742.2596,3.363,0.311,1.34,0.447059,25.8353
2026-02-28T22:00:00Z,2755.2458,3541.3125,3.0959,-0.047,1.02,0.46,24.75
2026-02-28T23:00:00Z,2733.0031,3414.992,3.0494,-0.228,1.02,0.472941,23.818
2026-03-01T00:00:00Z,2876.1918,3841.2616,3.4183,-0.223,0.72,0.485,23.1029
2026-03-01T01:00:00Z,2889.6779,3890.3445,3.4018,-0.054,0.72,0.495355,22.6533
2026-03-01T02:00:00Z,2917.7506,4034.2484,3.5896,0.233,0.72,0.503301,22.5
2026-03-01T03:00:00Z,2957.0976,4263.1664,3.9147,0.593,0.72,0.508296,22.6533
2026-03-01T04:00:00Z,3003.8018,4561.4982,4.3092,0.979,0.72,0.51,23.1029
2026-03-01T05:00:00Z,3052.002,4908.9128,4.7292,1.316,0.72,0.508296,23.818
2026-03-01T06:00:00Z,3094.7268,5281.7347,5.1227,1.514,0.72,0.503301,24.75
2026-03-01T07:00:00Z,3126.8915,5654.5566,5.449,1.52,1.02,0.495355,25.8353
2026-03-01T08:00:00Z,3147.0968,6001.9713,5.6909,1.348,1.02,0.485,27.0
2026-03-01T09:00:00Z,3157.8309,6300.303,5.8565,1.08,1.02,0.472941,28.1647
2026-03-01T10:00:00Z,3163.6279,6529.221,5.9681,0.83,1.02,0.46,29.25
2026-03-01T11:00:00Z,3168.2156,6673.1249,6.0442,0.69,1.02,0.447059,30.182
2026-03-01T12:00:00Z,3173.0668,6722.2078,6.0911,0.702,1.02,0.435,30.8971
2026-03-01T13:00:00Z,3177.7306,6673.1249,6.1048,0.863,1.02,0.424645,31.3467
2026-03-01T14:00:00Z,3179.9629,6529.221,6.072,1.127,1.02,0.416699,31.5
2026-03-01T15:00:00Z,3176.8609,6300.303,5.9776,1.426,1.02,0.411704,31.3467
2026-03-01T16:00:00Z,3166.1818,6001.9713,5.8124,1.695,1.02,0.41,30.8971
2026-03-01T17:00:00Z,3145.8115,5654.5566,5.5694,1.864,1.34,0.411704,30.182
2026-03-01T18:00:00Z,3113.3718,5281.7347,5.2414,1.853,1.34,0.416699,29.25
2026-03-01T19:00:00Z,3068.942,4908.9128,4.837,1.624,1.34,0.424645,28.1647
2026-03-01T20:00:00Z,3016.3418,4561.4982,4.389,1.207,1.34,0.435,27.0
2026-03-01T21:00:00Z,2962.8726,4263.1664,3.9514,0.698,1.34,0.447059,25.8353
2026-03-01T22:00:00Z,2917.3656,4034.2484,3.5871,0.226,1.02,0.46,24.75
2026-03-01T23:00:00Z,2887.1479,3890.3445,3.4179,-0.1,1.02,0.472941,23.818
2026-03-02T00:00:00Z,2875.7518,4268.0684,3.7922,-0.231,0.72,0.485,23.1029
2026-03-02T01:00:00Z,2883.5729,4322.605,3.8165,-0.165,0.72,0.495355,22.6533
2026-03-02T02:00:00Z,2908.3456,4482.4982,3.9195,0.062,0.72,0.503301,22.5
2026-03-02T03:00:00Z,2946.3176,4736.8516,4.258,0.397,0.72,0.508296,22.6533
2026-03-02T04:00:00Z,2993.2418,5068.3313,4.6827,0.787,0.72,0.51,23.1029
2026-03-02T05:00:00Z,3044.302,5454.3476,5.1545,1.176,0.72,0.508296,23.818
2026-03-02T06:00:00Z,3092.6368,5868.5941,5.6197,1.476,0.72,0.503301,24.75
2026-03-02T07:00:00Z,3131.2915,6282.8406,6.0233,1.6,1.02,0.495355,25.8353
2026-03-02T08:00:00Z,3156.2818,6668.8569,6.3293,1.515,1.02,0.485,27.0
2026-03-02T09:00:00Z,3167.6209,7000.3367,6.5275,1.258,1.02,0.472941,28.1647
2026-03-02T10:00:00Z,3169.3479,7254.69,6.6353,0.934,1.02,0.46,29.25
2026-03-02T11:00:00Z,3166.8956,7414.5832,6.6806,0.666,1.02,0.447059,30.182
2026-03-02T12:00:00Z,3164.2118,7469.1198,6.6842,0.541,1.02,0.435,30.8971
2026-03-02T13:00:00Z,3162.5506,7414.5832,6.6529,0.587,1.02,0.424645,31.3467
2026-03-02T14:00:00Z,3161.2629,7254.69,6.5839,0.787,1.02,0.416699,31.5
2026-03-02T15:00:00Z,3158.0509,7000.3367,6.4666,1.084,1.02,0.411704,31.3467
2026-03-02T16:00:00Z,3150.1768,6668.8569,6.2904,1.404,1.02,0.41,30.8971
2026-03-02T17:00:00Z,3135.6365,6282.8406,6.051,1.679,1.34,0.411704,30.182
2026-03-02T18:00:00Z,3112.2718,5868.5941,5.7447,1.833,1.34,0.416699,29.25
2026-03-02T19:00:00Z,3078.127,5454.3476,5.3698,1.791,1.34,0.424645,28.1647
2026-03-02T20:00:00Z,3033.8868,5068.3313,4.9413,1.526,1.34,0.435,27.0
2026-03-02T21:00:00Z,2984.2676,4736.8516,4.4995,1.087,1.34,0.447059,25.8353
2026-03-02T22:00:00Z,2937.0556,4482.4982,4.1022,0.584,1.02,0.46,24.75
2026-03-02T23:00:00Z,2901.0629,4322.605,3.8123,0.153,1.02,0.472941,23.818
2026-03-03T00:00:00Z,2882.5718,4268.0684,3.7488,-0.107,0.72,0.485,23.1029
2026-03-03T01:00:00Z,2883.7379,4322.605,3.8155,-0.162,0.72,0.495355,22.6533
2026-03-03T02:00:00Z,2903.5606,4482.4982,3.9066,-0.025,0.72,0.503301,22.5
2026-03-03T03:00:00Z,2938.7826,4736.8516,4.21,0.26,0.72,0.508296,22.6533
2026-03-03T04:00:00Z,2984.5518,5068.3313,4.6274,0.629,0.72,0.51,23.1029
2026-03-03T05:00:00Z,3035.997,5454.3476,5.1017,1.025,0.72,0.508296,23.818
2026-03-03T06:00:00Z,3087.3568,5868.5941,5.5861,1.38,0.72,0.503301,24.75
2026-03-03T07:00:00Z,3131.7315,6282.8406,6.0261,1.608,1.02,0.495355,25.8353
2026-03-03T08:00:00Z,3162.7718,6668.8569,6.3706,1.633,1.02,0.485,27.0
2026-03-03T09:00:00Z,3178.0159,7000.3367,6.5937,1.447,1.02,0.472941,28.1647
2026-03-03T10:00:00Z,3179.3579,7254.69,6.699,1.116,1.02,0.46,29.25
2026-03-03T11:00:00Z,3172.1206,7414.5832,6.7138,0.761,1.02,0.447059,30.182
2026-03-03T12:00:00Z,3162.1768,7469.1198,6.6713,0.504,1.02,0.435,30.8971
2026-03-03T13:00:00Z,3153.0356,7414.5832,6.5924,0.414,1.02,0.424645,31.3467
2026-03-03T14:00:00Z,3145.7529,7254.69,6.4852,0.505,1.02,0.416699,31.5
2026-03-03T15:00:00Z,3139.2959,7000.3367,6.3473,0.743,1.02,0.411704,31.3467
2026-03-03T16:00:00Z,3131.2568,6668.8569,6.17,1.06,1.02,0.41,30.8971
2026-03-03T17:00:00Z,3119.3565,6282.8406,5.9474,1.383,1.34,0.411704,30.182
2026-03-03T18:00:00Z,3101.7668,5868.5941,5.6778,1.642,1.34,0.416699,29.25
2026-03-03T19:00:00Z,3076.587,5454.3476,5.36,1.763,1.34,0.424645,28.1647
2026-03-03T20:00:00Z,3042.3018,5068.3313,4.9949,1.679,1.34,0.435,27.0
2026-03-03T21:00:00Z,3000.6026,4736.8516,4.6034,1.384,1.34,0.447059,25.8353
2026-03-03T22:00:00Z,2956.9106,4482.4982,4.2286,0.945,1.02,0.46,24.75
2026-03-03T23:00:00Z,2919.2129,4322.605,3.9278,0.483,1.02,0.472941,23.818
2026-03-04T00:00:00Z,2895.3318,4268.0684,3.7551,0.125,0.72,0.485,23.1029
2026-03-04T01:00:00Z,2890.1179,4322.605,3.7749,-0.046,0.72,0.495355,22.6533
2026-03-04T02:00:00Z,2904.0556,4482.4982,3.9034,-0.016,0.72,0.503301,22.5
2026-03-04T03:00:00Z,2934.9876,4736.8516,4.1859,0.191,0.72,0.508296,22.6533
2026-03-04T04:00:00Z,2978.5018,5068.3313,4.5889,0.519,0.72,0.51,23.1029
2026-03-04T05:00:00Z,3029.012,5454.3476,5.0572,0.898,0.72,0.508296,23.818
2026-03-04T06:00:00Z,3081.1418,5868.5941,5.5466,1.267,0.72,0.503301,24.75
2026-03-04T07:00:00Z,3128.9265,6282.8406,6.0083,1.557,1.02,0.495355,25.8353
2026-03-04T08:00:00Z,3165.5768,6668.8569,6.3884,1.684,1.02,0.485,27.0
2026-03-04T09:00:00Z,3186.3209,7000.3367,6.6465,1.598,1.02,0.472941,28.1647
2026-03-04T10:00:00Z,3190.5779,7254.69,6.7704,1.32,1.02,0.46,29.25
2026-03-04T11:00:00Z,3181.9656,7414.5832,6.7765,0.94,1.02,0.447059,30.182
2026-03-04T12:00:00Z,3166.6318,7469.1198,6.6996,0.585,1.02,0.435,30.8971
2026-03-04T13:00:00Z,3150.2856,7414.5832,6.5749,0.364,1.02,0.424645,31.3467
2026-03-04T14:00:00Z,3135.7979,7254.69,6.4218,0.324,1.02,0.416699,31.5
2026-03-04T15:00:00Z,3123.7309,7000.3367,6.2482,0.46,1.02,0.411704,31.3467
2026-03-04T16:00:00Z,3112.8318,6668.8569,6.0528,0.725,1.02,0.41,30.8971
2026-03-04T17:00:00Z,3100.8765,6282.8406,5.8298,1.047,1.34,0.411704,30.182
2026-03-04T18:00:00Z,3085.8718,5868.5941,5.5767,1.353,1.34,0.416699,29.25
2026-03-04T19:00:00Z,3066.467,5454.3476,5.2956,1.579,1.34,0.424645,28.1647
2026-03-04T20:00:00Z,3040.9818,5068.3313,4.9865,1.655,1.34,0.435,27.0
2026-03-04T21:00:00Z,3008.7426,4736.8516,4.6552,1.532,1.34,0.447059,25.8353
2026-03-04T22:00:00Z,2972.3656,4482.4982,4.3269,1.226,1.02,0.46,24.75
2026-03-04T23:00:00Z,2937.6379,4322.605,4.0451,0.818,1.02,0.472941,23.818
2026-03-05T00:00:00Z,2911.8868,4268.0684,3.8605,0.426,0.72,0.485,23.1029
2026-03-05T01:00:00Z,2901.7229,4322.605,3.8165,0.165,0.72,0.495355,22.6533
2026-03-05T02:00:00Z,2909.9406,4482.4982,3.9297,0.091,0.72,0.503301,22.5
2026-03-05T03:00:00Z,2935.5926,4736.8516,4.1897,0.202,0.72,0.508296,22.6533
2026-03-05T04:00:00Z,2975.3118,5068.3313,4.5686,0.461,0.72,0.51,23.1029
2026-03-05T05:00:00Z,3023.897,5454.3476,5.0247,0.805,0.72,0.508296,23.818
2026-03-05T06:00:00Z,3075.5318,5868.5941,5.5109,1.165,0.72,0.503301,24.75
2026-03-05T07:00:00Z,3124.4715,6282.8406,5.9799,1.476,1.02,0.495355,25.8353
2026-03-05T08:00:00Z,3164.9718,6668.8569,6.3846,1.673,1.02,0.485,27.0
2026-03-05T09:00:00Z,3191.2159,7000.3367,6.6777,1.687,1.02,0.472941,28.1647
2026-03-05T10:00:00Z,3200.3129,7254.69,6.8324,1.497,1.02,0.46,29.25
2026-03-05T11:00:00Z,3193.5706,7414.5832,6.8503,1.151,1.02,0.447059,30.182
2026-03-05T12:00:00Z,3175.9268,7469.1198,6.7588,0.754,1.02,0.435,30.8971
2026-03-05T13:00:00Z,3153.8606,7414.5832,6.5976,0.429,1.02,0.424645,31.3467
2026-03-05T14:00:00Z,3132.3329,7254.69,6.3998,0.261,1.02,0.416699,31.5
2026-03-05T15:00:00Z,3113.5559,7000.3367,6.1835,0.275,1.02,0.411704,31.3467
2026-03-05T16:00:00Z,3097.5968,6668.8569,5.9558,0.448,1.02,0.41,30.8971
2026-03-05T17:00:00Z,3083.2215,6282.8406,5.7174,0.726,1.34,0.411704,30.182
2026-03-05T18:00:00Z,3068.3268,5868.5941,5.465,1.034,1.34,0.416699,29.25
2026-03-05T19:00:00Z,3051.562,5454.3476,5.2007,1.308,1.34,0.424645,28.1647
2026-03-05T20:00:00Z,3031.8518,5068.3313,4.9284,1.489,1.34,0.435,27.0
2026-03-05T21:00:00Z,3008.1376,4736.8516,4.6514,1.521,1.34,0.447059,25.8353
2026-03-05T22:00:00Z,2980.5606,4482.4982,4.3791,1.375,1.02,0.46,24.75
2026-03-05T23:00:00Z,2952.2679,4322.605,4.1382,1.084,1.02,0.472941,23.818
2026-03-06T00:00:00Z,2928.8818,4268.0684,3.9686,0.735,0.72,0.485,23.1029
2026-03-06T01:00:00Z,2916.6279,4322.605,3.9114,0.436,0.72,0.495355,22.6533
2026-03-06T02:00:00Z,2920.2256,4482.4982,3.9951,0.278,0.72,0.503301,22.5
2026-03-06T03:00:00Z,2940.5426,4736.8516,4.2212,0.292,0.72,0.508296,22.6533
2026-03-06T04:00:00Z,2975.4218,5068.3313,4.5693,0.463,0.72,0.51,23.1029
2026-03-06T05:00:00Z,3020.707,5454.3476,5.0044,0.747,0.72,0.508296,23.818
2026-03-06T06:00:00Z,3070.8018,5868.5941,5.4808,1.079,0.72,0.503301,24.75
2026-03-06T07:00:00Z,3119.6865,6282.8406,5.9495,1.389,1.02,0.495355,25.8353
2026-03-06T08:00:00Z,3162.0568,6668.8569,6.366,1.62,1.02,0.485,27.0
2026-03-06T09:00:00Z,3192.5909,7000.3367,6.6864,1.712,1.02,0.472941,28.1647
2026-03-06T10:00:00Z,3207.0229,7254.69,6.8751,1.619,1.02,0.46,29.25
2026-03-06T11:00:00Z,3204.3506,7414.5832,6.9189,1.347,1.02,0.447059,30.182
2026-03-06T12:00:00Z,3187.6418,7469.1198,6.8333,0.967,1.02,0.435,30.8971
2026-03-06T13:00:00Z,3162.4956,7414.5832,6.6526,0.586,1.02,0.424645,31.3467
2026-03-06T14:00:00Z,3135.1379,7254.69,6.4176,0.312,1.02,0.416699,31.5
2026-03-06T15:00:00Z,3109.6509,7000.3367,6.1586,0.204,1.02,0.411704,31.3467
2026-03-06T16:00:00Z,3087.4768,6668.8569,5.8914,0.264,1.02,0.41,30.8971
2026-03-06T17:00:00Z,3068.5365,6282.8406,5.624,0.459,1.34,0.411704,30.182
2026-03-06T18:00:00Z,3051.7168,5868.5941,5.3593,0.732,1.34,0.416699,29.25
2026-03-06T19:00:00Z,3035.282,5454.3476,5.0971,1.012,1.34,0.424645,28.1647
2026-03-06T20:00:00Z,3018.3768,5068.3313,4.8426,1.244,1.34,0.435,27.0
2026-03-06T21:00:00Z,3000.4376,4736.8516,4.6024,1.381,1.34,0.447059,25.8353
2026-03-06T22:00:00Z,2980.8906,4482.4982,4.3812,1.381,1.02,0.46,24.75
2026-03-06T23:00:00Z,2960.5179,4322.605,4.1907,1.234,1.02,0.472941,23.818
2026-03-07T00:00:00Z,2942.6318,3841.2616,3.685,0.985,0.72,0.485,23.1029
2026-03-07T01:00:00Z,2931.9729,3890.3445,3.6332,0.715,0.72,0.495355,22.6533
2026-03-07T02:00:00Z,2933.3156,4034.2484,3.6886,0.516,0.72,0.503301,22.5
2026-03-07T03:00:00Z,2949.2876,4263.1664,3.865,0.451,0.72,0.508296,22.6533
2026-03-07T04:00:00Z,2979.1618,4561.4982,4.1524,0.531,0.72,0.51,23.1029
2026-03-07T05:00:00Z,3019.827,4908.9128,4.5245,0.731,0.72,0.508296,23.818
2026-03-07T06:00:00Z,3066.9518,5281.7347,4.946,1.009,0.72,0.503301,24.75
2026-03-07T07:00:00Z,3114.8465,5654.5566,5.3724,1.301,1.02,0.495355,25.8353
2026-03-07T08:00:00Z,3157.8218,6001.9713,5.7592,1.543,1.02,0.485,27.0
2026-03-07T09:00:00Z,3191.0509,6300.303,6.0679,1.684,1.02,0.472941,28.1647
2026-03-07T10:00:00Z,3210.2129,6529.221,6.2645,1.677,1.02,0.46,29.25
2026-03-07T11:00:00Z,3212.7106,6673.1249,6.3274,1.499,1.02,0.447059,30.182
2026-03-07T12:00:00Z,3199.3018,6722.2078,6.258,1.179,1.02,0.435,30.8971
2026-03-07T13:00:00Z,3174.2656,6673.1249,6.0827,0.8,1.02,0.424645,31.3467
2026-03-07T14:00:00Z,3143.2779,6529.221,5.8386,0.46,1.02,0.416699,31.5
2026-03-07T15:00:00Z,3111.9059,6300.303,5.5643,0.245,1.02,0.411704,31.3467
2026-03-07T16:00:00Z,3083.4068,6001.9713,5.2856,0.19,1.02,0.41,30.8971
2026-03-07T17:00:00Z,3058.6915,5654.5566,5.015,0.28,1.34,0.411704,30.182
2026-03-07T18:00:00Z,3037.8018,5281.7347,4.7605,0.479,1.34,0.416699,29.25
2026-03-07T19:00:00Z,3019.772,4908.9128,4.5241,0.73,1.34,0.424645,28.1647
2026-03-07T20:00:00Z,3003.4168,4561.4982,4.3067,0.972,1.34,0.435,27.0
2026-03-07T21:00:00Z,2988.3926,4263.1664,4.1138,1.162,1.34,0.447059,25.8353
2026-03-07T22:00:00Z,2974.5106,4034.2484,3.9508,1.265,1.02,0.46,24.75
2026-03-07T23:00:00Z,2961.5629,3890.3445,3.8215,1.253,1.02,0.472941,23.818
2026-03-08T00:00:00Z,2950.6068,3841.2616,3.7357,1.13,0.72,0.485,23.1029
2026-03-08T01:00:00Z,2944.5129,3890.3445,3.713,0.943,0.72,0.495355,22.6533
2026-03-08T02:00:00Z,2946.7906,4034.2484,3.7744,0.761,0.72,0.503301,22.5
2026-03-08T03:00:00Z,2960.2876,4263.1664,3.935,0.651,0.72,0.508296,22.6533
2026-03-08T04:00:00Z,2985.8718,4561.4982,4.1951,0.653,0.72,0.51,23.1029
2026-03-08T05:00:00Z,3021.752,4908.9128,4.5367,0.766,0.72,0.508296,23.818
2026-03-08T06:00:00Z,3064.5318,5281.7347,4.9306,0.965,0.72,0.503301,24.75
2026-03-08T07:00:00Z,3109.9515,5654.5566,5.3412,1.212,1.02,0.495355,25.8353
2026-03-08T08:00:00Z,3152.5968,6001.9713,5.7259,1.448,1.02,0.485,27.0
2026-03-08T09:00:00Z,3187.2559,6300.303,6.0438,1.615,1.02,0.472941,28.1647
2026-03-08T10:00:00Z,3210.1029,6529.221,6.2638,1.675,1.02,0.46,29.25
2026-03-08T11:00:00Z,3217.7706,6673.1249,6.3596,1.591,1.02,0.447059,30.182
2026-03-08T12:00:00Z,3209.3118,6722.2078,6.3217,1.361,1.02,0.435,30.8971
2026-03-08T13:00:00Z,3186.8606,6673.1249,6.1629,1.029,1.02,0.424645,31.3467
2026-03-08T14:00:00Z,3155.2129,6529.221,5.9145,0.677,1.02,0.416699,31.5
2026-03-08T15:00:00Z,3119.7709,6300.303,5.6143,0.388,1.02,0.411704,31.3467
2026-03-08T16:00:00Z,3085.4418,6001.9713,5.2986,0.227,1.02,0.41,30.8971
2026-03-08T17:00:00Z,3054.6215,5654.5566,4.9891,0.206,1.34,0.411704,30.182
2026-03-08T18:00:00Z,3028.2318,5281.7347,4.6996,0.305,1.34,0.416699,29.25
2026-03-08T19:00:00Z,3006.572,4908.9128,4.4401,0.49,1.34,0.424645,28.1647
2026-03-08T20:00:00Z,2988.9518,4561.4982,4.2147,0.709,1.34,0.435,27.0
2026-03-08T21:00:00Z,2974.6976,4263.1664,4.0267,0.913,1.34,0.447059,25.8353
2026-03-08T22:00:00Z,2963.7306,4034.2484,3.8822,1.069,1.02,0.46,24.75
2026-03-08T23:00:00Z,2956.2279,3890.3445,3.7875,1.156,1.02,0.472941,23.818
2026-03-09T00:00:00Z,2952.0368,4268.0684,4.116,1.156,0.72,0.485,23.1029
2026-03-09T01:00:00Z,2951.9379,4322.605,4.1361,1.078,0.72,0.495355,22.6533
2026-03-09T02:00:00Z,2957.7906,4482.4982,4.2342,0.961,0.72,0.503301,22.5
2026-03-09T03:00:00Z,2971.5626,4736.8516,4.4186,0.856,0.72,0.508296,22.6533
2026-03-09T04:00:00Z,2994.5068,5068.3313,4.6907,0.81,0.72,0.51,23.1029
2026-03-09T05:00:00Z,3026.152,5454.3476,5.039,0.846,0.72,0.508296,23.818
2026-03-09T06:00:00Z,3064.2018,5868.5941,5.4388,0.959,0.72,0.503301,24.75
2026-03-09T07:00:00Z,3105.6065,6282.8406,5.8599,1.133,1.02,0.495355,25.8353
2026-03-09T08:00:00Z,3146.3818,6668.8569,6.2663,1.335,1.02,0.485,27.0
2026-03-09T09:00:00Z,3181.6459,7000.3367,6.6168,1.513,1.02,0.472941,28.1647
2026-03-09T10:00:00Z,3206.9679,7254.69,6.8747,1.618,1.02,0.46,29.25
2026-03-09T11:00:00Z,3219.2556,7414.5832,7.0138,1.618,1.02,0.447059,30.182
2026-03-09T12:00:00Z,3216.4068,7469.1198,7.0164,1.49,1.02,0.435,30.8971
2026-03-09T13:00:00Z,3198.6306,7414.5832,6.8825,1.243,1.02,0.424645,31.3467
2026-03-09T14:00:00Z,3168.9079,7254.69,6.6325,0.926,1.02,0.416699,31.5
2026-03-09T15:00:00Z,3132.0359,7000.3367,6.3011,0.611,1.02,0.411704,31.3467
2026-03-09T16:00:00Z,3093.1418,6668.8569,5.9275,0.367,1.02,0.41,30.8971
2026-03-09T17:00:00Z,3056.4365,6282.8406,5.547,0.239,1.34,0.411704,30.182
2026-03-09T18:00:00Z,3024.0518,5868.5941,5.1833,0.229,1.34,0.416699,29.25
2026-03-09T19:00:00Z,2997.112,5454.3476,4.8542,0.318,1.34,0.424645,28.1647
2026-03-09T20:00:00Z,2976.2468,5068.3313,4.5745,0.478,1.34,0.435,27.0
2026-03-09T21:00:00Z,2961.0026,4736.8516,4.3514,0.664,1.34,0.447059,25.8353
2026-03-09T22:00:00Z,2951.0256,4482.4982,4.1911,0.838,1.02,0.46,24.75
2026-03-09T23:00:00Z,2946.5479,4322.605,4.1018,0.98,1.02,0.472941,23.818
2026-03-10T00:00:00Z,2947.5268,4268.0684,4.0873,1.074,0.72,0.485,23.1029
2026-03-10T01:00:00Z,2953.3679,4322.605,4.1452,1.104,0.72,0.495355,22.6533
2026-03-10T02:00:00Z,2964.2256,4482.4982,4.2751,1.078,0.72,0.503301,22.5
2026-03-10T03:00:00Z,2980.7476,4736.8516,4.4771,1.023,0.72,0.508296,22.6533
2026-03-10T04:00:00Z,3003.3618,5068.3313,4.7471,0.971,0.72,0.51,23.1029
2026-03-10T05:00:00Z,3032.092,5454.3476,5.0768,0.954,0.72,0.508296,23.818
2026-03-10T06:00:00Z,3065.9618,5868.5941,5.45,0.991,0.72,0.503301,24.75
2026-03-10T07:00:00Z,3102.8015,6282.8406,5.842,1.082,1.02,0.495355,25.8353
2026-03-10T08:00:00Z,3140.1118,6668.8569,6.2264,1.221,1.02,0.485,27.0
2026-03-10T09:00:00Z,3174.3309,7000.3367,6.5702,1.38,1.02,0.472941,28.1647
2026-03-10T10:00:00Z,3201.1929,7254.69,6.838,1.513,1.02,0.46,29.25
2026-03-10T11:00:00Z,3217.1106,7414.5832,7.0001,1.579,1.02,0.447059,30.182
2026-03-10T12:00:00Z,3219.7068,7469.1198,7.0374,1.55,1.02,0.435,30.8971
2026-03-10T13:00:00Z,3207.7606,7414.5832,6.9406,1.409,1.02,0.424645,31.3467
2026-03-10T14:00:00Z,3182.3279,7254.69,6.7179,1.17,1.02,0.416699,31.5
2026-03-10T15:00:00Z,3146.7209,7000.3367,6.3945,0.878,1.02,0.411704,31.3467
2026-03-10T16:00:00Z,3105.6268,6668.8569,6.0069,0.594,1.02,0.41,30.8971
2026-03-10T17:00:00Z,3063.9715,6282.8406,5.5949,0.376,1.34,0.411704,30.182
2026-03-10T18:00:00Z,3025.5368,5868.5941,5.1927,0.256,1.34,0.416699,29.25
2026-03-10T19:00:00Z,2992.602,5454.3476,4.8255,0.236,1.34,0.424645,28.1647
2026-03-10T20:00:00Z,2966.6768,5068.3313,4.5136,0.304,1.34,0.435,27.0
2026-03-10T21:00:00Z,2948.5726,4736.8516,4.2723,0.438,1.34,0.447059,25.8353
2026-03-10T22:00:00Z,2938.0456,4482.4982,4.1085,0.602,1.02,0.46,24.75
2026-03-10T23:00:00Z,2934.7229,4322.605,4.0265,0.765,1.02,0.472941,23.818
2026-03-11T00:00:00Z,2938.7268,4268.0684,4.0313,0.914,0.72,0.485,23.1029
2026-03-11T01:00:00Z,2949.4629,4322.605,4.1203,1.033,0.72,0.495355,22.6533
2026-03-11T02:00:00Z,2965.5456,4482.4982,4.2835,1.102,0.72,0.503301,22.5
2026-03-11T03:00:00Z,2986.1926,4736.8516,4.5117,1.122,0.72,0.508296,22.6533
2026-03-11T04:00:00Z,3010.7318,5068.3313,4.794,1.105,0.72,0.51,23.1029
2026-03-11T05:00:00Z,3038.582,5454.3476,5.1181,1.072,0.72,0.508296,23.818
2026-03-11T06:00:00Z,3069.3718,5868.5941,5.4717,1.053,0.72,0.503301,24.75
2026-03-11T07:00:00Z,3101.9765,6282.8406,5.8368,1.067,1.02,0.495355,25.8353
2026-03-11T08:00:00Z,3134.9418,6668.8569,6.1935,1.127,1.02,0.485,27.0
2026-03-11T09:00:00Z,3166.3559,7000.3367,6.5195,1.235,1.02,0.472941,28.1647
2026-03-11T10:00:00Z,3193.1629,7254.69,6.7869,1.367,1.02,0.46,29.25
2026-03-11T11:00:00Z,3211.6106,7414.5832,6.9651,1.479,1.02,0.447059,30.182
2026-03-11T12:00:00Z,3218.7718,7469.1198,7.0314,1.533,1.02,0.435,30.8971
2026-03-11T13:00:00Z,3212.9856,7414.5832,6.9739,1.504,1.02,0.424645,31.3467
2026-03-11T14:00:00Z,3193.3829,7254.69,6.7883,1.371,1.02,0.416699,31.5
2026-03-11T15:00:00Z,3161.5159,7000.3367,6.4887,1.147,1.02,0.411704,31.3467
2026-03-11T16:00:00Z,3120.9718,6668.8569,6.1046,0.873,1.02,0.41,30.8971
2026-03-11T17:00:00Z,3076.2915,6282.8406,5.6733,0.6,1.34,0.411704,30.182
2026-03-11T18:00:00Z,3032.4118,5868.5941,5.2365,0.381,1.34,0.416699,29.25
2026-03-11T19:00:00Z,2993.262,5454.3476,4.8297,0.248,1.34,0.424645,28.1647
2026-03-11T20:00:00Z,2961.4518,5068.3313,4.4804,0.209,1.34,0.435,27.0
2026-03-11T21:00:00Z,2938.6726,4736.8516,4.2093,0.258,1.34,0.447059,25.8353
2026-03-11T22:00:00Z,2925.7806,4482.4982,4.0305,0.379,1.02,0.46,24.75
2026-03-11T23:00:00Z,2922.3479,4322.605,3.9478,0.54,1.02,0.472941,23.818
2026-03-12T00:00:00Z,2927.7818,4268.0684,3.9616,0.715,0.72,0.485,23.1029
2026-03-12T01:00:00Z,2941.6529,4322.605,4.0706,0.891,0.72,0.495355,22.6533
2026-03-12T02:00:00Z,2962.3006,4482.4982,4.2629,1.043,0.72,0.503301,22.5
2026-03-12T03:00:00Z,2987.5126,4736.8516,4.5201,1.146,0.72,0.508296,22.6533
2026-03-12T04:00:00Z,3015.4068,5068.3313,4.8237,1.19,0.72,0.51,23.1029
2026-03-12T05:00:00Z,3044.357,5454.3476,5.1549,1.177,0.72,0.508296,23.818
2026-03-12T06:00:00Z,3073.6068,5868.5941,5.4986,1.13,0.72,0.503301,24.75
2026-03-12T07:00:00Z,3102.9115,6282.8406,5.8427,1.084,1.02,0.495355,25.8353
2026-03-12T08:00:00Z,3131.7518,6668.8569,6.1732,1.069,1.02,0.485,27.0
2026-03-12T09:00:00Z,3159.2059,7000.3367,6.474,1.105,1.02,0.472941,28.1647
2026-03-12T10:00:00Z,3183.9779,7254.69,6.7284,1.2,1.02,0.46,29.25
2026-03-12T11:00:00Z,3203.3056,7414.5832,6.9123,1.328,1.02,0.447059,30.182
2026-03-12T12:00:00Z,3213.9318,7469.1198,7.0006,1.445,1.02,0.435,30.8971
2026-03-12T13:00:00Z,3213.3706,7414.5832,6.9763,1.511,1.02,0.424645,31.3467
2026-03-12T14:00:00Z,3200.3129,7254.69,6.8324,1.497,1.02,0.416699,31.5
2026-03-12T15:00:00Z,3174.1659,7000.3367,6.5692,1.377,1.02,0.411704,31.3467
2026-03-12T16:00:00Z,3136.7018,6668.8569,6.2047,1.159,1.02,0.41,30.8971
2026-03-12T17:00:00Z,3091.7465,6282.8406,5.7717,0.881,1.34,0.411704,30.182
2026-03-12T18:00:00Z,3044.1268,5868.5941,5.311,0.594,1.34,0.416699,29.25
2026-03-12T19:00:00Z,2999.147,5454.3476,4.8672,0.355,1.34,0.424645,28.1647
2026-03-12T20:00:00Z,2961.0118,5068.3313,4.4776,0.201,1.34,0.435,27.0
2026-03-12T21:00:00Z,2932.5676,4736.8516,4.1705,0.147,1.34,0.447059,25.8353
2026-03-12T22:00:00Z,2915.6056,4482.4982,3.9657,0.194,1.02,0.46,24.75
2026-03-12T23:00:00Z,2910.4679,4322.605,3.8722,0.324,1.02,0.472941,23.818
2026-03-13T00:00:00Z,2916.2318,4268.0684,3.8881,0.505,0.72,0.485,23.1029
2026-03-13T01:00:00Z,2931.7529,4322.605,4.0076,0.711,0.72,0.495355,22.6533
2026-03-13T02:00:00Z,2955.7006,4482.4982,4.2209,0.923,0.72,0.503301,22.5
2026-03-13T03:00:00Z,2985.2576,4736.8516,4.5058,1.105,0.72,0.508296,22.6533
2026-03-13T04:00:00Z,3017.1118,5068.3313,4.8346,1.221,0.72,0.51,23.1029
2026-03-13T05:00:00Z,3048.592,5454.3476,5.1818,1.254,0.72,0.508296,23.818
2026-03-13T06:00:00Z,3078.1168,5868.5941,5.5273,1.212,0.72,0.503301,24.75
2026-03-13T07:00:00Z,3105.2765,6282.8406,5.8578,1.127,1.02,0.495355,25.8353
2026-03-13T08:00:00Z,3130.4868,6668.8569,6.1651,1.046,1.02,0.485,27.0
2026-03-13T09:00:00Z,3153.8709,7000.3367,6.44,1.008,1.02,0.472941,28.1647
2026-03-13T10:00:00Z,3175.1779,7254.69,6.6724,1.04,1.02,0.46,29.25
2026-03-13T11:00:00Z,3193.2956,7414.5832,6.8486,1.146,1.02,0.447059,30.182
2026-03-13T12:00:00Z,3205.6268,7469.1198,6.9478,1.294,1.02,0.435,30.8971
2026-03-13T13:00:00Z,3209.1356,7414.5832,6.9494,1.434,1.02,0.424645,31.3467
2026-03-13T14:00:00Z,3201.8529,7254.69,6.8422,1.525,1.02,0.416699,31.5
2026-03-13T15:00:00Z,3182.3609,7000.3367,6.6213,1.526,1.02,0.411704,31.3467
2026-03-13T16:00:00Z,3150.3968,6668.8569,6.2918,1.408,1.02,0.41,30.8971
2026-03-13T17:00:00Z,3107.9165,6282.8406,5.8746,1.175,1.34,0.411704,30.182
2026-03-13T18:00:00Z,3059.1968,5868.5941,5.4069,0.868,1.34,0.416699,29.25
2026-03-13T19:00:00Z,3009.817,5454.3476,4.9351,0.549,1.34,0.424645,28.1647
2026-03-13T20:00:00Z,2965.5768,5068.3313,4.5066,0.284,1.34,0.435,27.0
2026-03-13T21:00:00Z,2930.9726,4736.8516,4.1603,0.118,1.34,0.447059,25.8353
2026-03-13T22:00:00Z,2908.7306,4482.4982,3.922,0.069,1.02,0.46,24.75
2026-03-13T23:00:00Z,2900.2379,4322.605,3.8071,0.138,1.02,0.472941,23.818
2026-03-14T00:00:00Z,2905.0668,3841.2616,3.4459,0.302,0.72,0.485,23.1029
2026-03-14T01:00:00Z,2921.3579,3890.3445,3.5656,0.522,0.72,0.495355,22.6533
2026-03-14T02:00:00Z,2947.2856,4034.2484,3.7775,0.77,0.72,0.503301,22.5
2026-03-14T03:00:00Z,2980.2526,4263.1664,4.062,1.014,0.72,0.508296,22.6533
2026-03-14T04:00:00Z,3016.2318,4561.4982,4.3883,1.205,0.72,0.51,23.1029
2026-03-14T05:00:00Z,3051.177,4908.9128,4.724,1.301,0.72,0.508296,23.818
2026-03-14T06:00:00Z,3082.4618,5281.7347,5.0447,1.291,0.72,0.503301,24.75
2026-03-14T07:00:00Z,3108.8515,5654.5566,5.3342,1.192,1.02,0.495355,25.8353
2026-03-14T08:00:00Z,3131.1468,6001.9713,5.5894,1.058,1.02,0.485,27.0
2026-03-14T09:00:00Z,3150.5709,6300.303,5.8103,0.948,1.02,0.472941,28.1647
2026-03-14T10:00:00Z,3167.8629,6529.221,5.995,0.907,1.02,0.46,29.25
2026-03-14T11:00:00Z,3183.0656,6673.1249,6.1387,0.96,1.02,0.447059,30.182
2026-03-14T12:00:00Z,3194.9568,6722.2078,6.2304,1.1,1.02,0.435,30.8971
2026-03-14T13:00:00Z,3200.8306,6673.1249,6.2518,1.283,1.02,0.424645,31.3467
2026-03-14T14:00:00Z,3198.0579,6529.221,6.1872,1.456,1.02,0.416699,31.5
2026-03-14T15:00:00Z,3184.7259,6300.303,6.0277,1.569,1.02,0.411704,31.3467
2026-03-14T16:00:00Z,3159.4718,6001.9713,5.7697,1.573,1.02,0.41,30.8971
2026-03-14T17:00:00Z,3122.2165,5654.5566,5.4193,1.435,1.34,0.411704,30.182
2026-03-14T18:00:00Z,3075.4768,5281.7347,5.0002,1.164,1.34,0.416699,29.25
2026-03-14T19:00:00Z,3024.282,4908.9128,4.5528,0.812,1.34,0.424645,28.1647
2026-03-14T20:00:00Z,2975.0918,4561.4982,4.1265,0.457,1.34,0.435,27.0
2026-03-14T21:00:00Z,2934.2176,4263.1664,3.7691,0.177,1.34,0.447059,25.8353
2026-03-14T22:00:00Z,2906.1456,4034.2484,3.5157,0.022,1.02,0.46,24.75
2026-03-14T23:00:00Z,2893.0329,3890.3445,3.3854,0.007,1.02,0.472941,23.818
2026-03-15T00:00:00Z,2895.2768,3841.2616,3.3836,0.124,0.72,0.485,23.1029
2026-03-15T01:00:00Z,2911.4029,3890.3445,3.5023,0.341,0.72,0.495355,22.6533
2026-03-15T02:00:00Z,2938.5406,4034.2484,3.7219,0.611,0.72,0.503301,22.5
2026-03-15T03:00:00Z,2973.7626,4263.1664,4.0207,0.896,0.72,0.508296,22.6533
2026-03-15T04:00:00Z,3013.3718,4561.4982,4.3701,1.153,0.72,0.51,23.1029
2026-03-15T05:00:00Z,3052.277,4908.9128,4.731,1.321,0.72,0.508296,23.818
2026-03-15T06:00:00Z,3086.3668,5281.7347,5.0695,1.362,0.72,0.503301,24.75
2026-03-15T07:00:00Z,3113.4715,5654.5566,5.3636,1.276,1.02,0.495355,25.8353
2026-03-15T08:00:00Z,3133.8968,6001.9713,5.6069,1.108,1.02,0.485,27.0
2026-03-15T09:00:00Z,3149.5259,6300.303,5.8037,0.929,1.02,0.472941,28.1647
2026-03-15T10:00:00Z,3162.5279,6529.221,5.9611,0.81,1.02,0.46,29.25
2026-03-15T11:00:00Z,3173.7706,6673.1249,6.0796,0.791,1.02,0.447059,30.182
2026-03-15T12:00:00Z,3183.2418,6722.2078,6.1558,0.887,1.02,0.435,30.8971
2026-03-15T13:00:00Z,3189.3906,6673.1249,6.179,1.075,1.02,0.424645,31.3467
2026-03-15T14:00:00Z,3189.4779,6529.221,6.1326,1.3,1.02,0.416699,31.5
2026-03-15T15:00:00Z,3180.9859,6300.303,6.0039,1.501,1.02,0.411704,31.3467
2026-03-15T16:00:00Z,3162.2768,6001.9713,5.7875,1.624,1.02,0.41,30.8971
2026-03-15T17:00:00Z,3131.9515,5654.5566,5.4812,1.612,1.34,0.411704,30.182
2026-03-15T18:00:00Z,3090.2718,5281.7347,5.0944,1.433,1.34,0.416699,29.25
2026-03-15T19:00:00Z,3040.672,4908.9128,4.6571,1.11,1.34,0.424645,28.1647
2026-03-15T20:00:00Z,2989.0618,4561.4982,4.2154,0.711,1.34,0.435,27.0
2026-03-15T21:00:00Z,2942.8526,4263.1664,3.824,0.334,1.34,0.447059,25.8353
2026-03-15T22:00:00Z,2908.5656,4034.2484,3.5311,0.066,1.02,0.46,24.75
2026-03-15T23:00:00Z,2890.0079,3890.3445,3.3997,-0.048,1.02,0.472941,23.818
2026-03-16T00:00:00Z,2888.2918,4268.0684,3.7124,-0.003,0.72,0.485,23.1029
2026-03-16T01:00:00Z,2902.6579,4322.605,3.8225,0.182,0.72,0.495355,22.6533
2026-03-16T02:00:00Z,2930.1256,4482.4982,4.0581,0.458,0.72,0.503301,22.5
2026-03-16T03:00:00Z,2966.9426,4736.8516,4.3892,0.772,0.72,0.508296,22.6533
2026-03-16T04:00:00Z,3009.1918,5068.3313,4.7842,1.077,0.72,0.51,23.1029
2026-03-16T05:00:00Z,3051.947,5454.3476,5.2032,1.315,0.72,0.508296,23.818
2026-03-16T06:00:00Z,3089.7768,5868.5941,5.6015,1.424,0.72,0.503301,24.75
2026-03-16T07:00:00Z,3119.0265,6282.8406,5.9453,1.377,1.02,0.495355,25.8353
2026-03-16T08:00:00Z,3138.9018,6668.8569,6.2187,1.199,1.02,0.485,27.0
2026-03-16T09:00:00Z,3151.3409,7000.3367,6.4239,0.962,1.02,0.472941,28.1647
2026-03-16T10:00:00Z,3159.5579,7254.69,6.573,0.756,1.02,0.46,29.25
2026-03-16T11:00:00Z,3166.0706,7414.5832,6.6753,0.651,1.02,0.447059,30.182
2026-03-16T12:00:00Z,3171.7468,7469.1198,6.7322,0.678,1.02,0.435,30.8971
2026-03-16T13:00:00Z,3175.9706,7414.5832,6.7383,0.831,1.02,0.424645,31.3467
2026-03-16T14:00:00Z,3176.9379,7254.69,6.6836,1.072,1.02,0.416699,31.5
2026-03-16T15:00:00Z,3171.8009,7000.3367,6.5541,1.334,1.02,0.411704,31.3467
2026-03-16T16:00:00Z,3158.3718,6668.8569,6.3426,1.553,1.02,0.41,30.8971
2026-03-16T17:00:00Z,3135.0865,6282.8406,6.0475,1.669,1.34,0.411704,30.182
2026-03-16T18:00:00Z,3100.6118,5868.5941,5.6705,1.621,1.34,0.416699,29.25
2026-03-16T19:00:00Z,3056.017,5454.3476,5.2291,1.389,1.34,0.424645,28.1647
2026-03-16T20:00:00Z,3005.6718,5068.3313,4.7618,1.013,1.34,0.435,27.0
2026-03-16T21:00:00Z,2956.6026,4736.8516,4.3234,0.584,1.34,0.447059,25.8353
2026-03-16T22:00:00Z,2916.6506,4482.4982,3.9724,0.213,1.02,0.46,24.75
2026-03-16T23:00:00Z,2891.9879,4322.605,3.763,-0.012,1.02,0.472941,23.818
2026-03-17T00:00:00Z,2885.3218,4268.0684,3.7313,-0.057,0.72,0.485,23.1029
2026-03-17T01:00:00Z,2896.3329,4322.605,3.7822,0.067,0.72,0.495355,22.6533
2026-03-17T02:00:00Z,2922.7556,4482.4982,4.0112,0.324,0.72,0.503301,22.5
2026-03-17T03:00:00Z,2960.3976,4736.8516,4.3476,0.653,0.72,0.508296,22.6533
2026-03-17T04:00:00Z,3004.5718,5068.3313,4.7548,0.993,0.72,0.51,23.1029
2026-03-17T05:00:00Z,3050.462,5454.3476,5.1937,1.288,0.72,0.508296,23.818
2026-03-17T06:00:00Z,3092.3618,5868.5941,5.618,1.471,0.72,0.503301,24.75
2026-03-17T07:00:00Z,3125.0215,6282.8406,5.9834,1.486,1.02,0.495355,25.8353
2026-03-17T08:00:00Z,3146.1068,6668.8569,6.2645,1.33,1.02,0.485,27.0
2026-03-17T09:00:00Z,3156.6209,7000.3367,6.4575,1.058,1.02,0.472941,28.1647
2026-03-17T10:00:00Z,3160.1079,7254.69,6.5765,0.766,1.02,0.46,29.25
2026-03-17T11:00:00Z,3160.9006,7414.5832,6.6424,0.557,1.02,0.447059,30.182
2026-03-17T12:00:00Z,3161.4618,7469.1198,6.6667,0.491,1.02,0.435,30.8971
2026-03-17T13:00:00Z,3162.0006,7414.5832,6.6494,0.577,1.02,0.424645,31.3467
2026-03-17T14:00:00Z,3161.5929,7254.69,6.586,0.793,1.02,0.416699,31.5
2026-03-17T15:00:00Z,3157.8859,7000.3367,6.4656,1.081,1.02,0.411704,31.3467
2026-03-17T16:00:00Z,3148.3068,6668.8569,6.2785,1.37,1.02,0.41,30.8971
2026-03-17T17:00:00Z,3130.8515,6282.8406,6.0205,1.592,1.34,0.411704,30.182
2026-03-17T18:00:00Z,3104.1318,5868.5941,5.6929,1.685,1.34,0.416699,29.25
2026-03-17T19:00:00Z,3067.182,5454.3476,5.3001,1.592,1.34,0.424645,28.1647
2026-03-17T20:00:00Z,3021.8968,5068.3313,4.865,1.308,1.34,0.435,27.0
2026-03-17T21:00:00Z,2973.7076,4736.8516,4.4323,0.895,1.34,0.447059,25.8353
2026-03-17T22:00:00Z,2930.4556,4482.4982,4.0602,0.464,1.02,0.46,24.75
2026-03-17T23:00:00Z,2899.9079,4322.605,3.805,0.132,1.02,0.472941,23.818
2026-03-18T00:00:00Z,2887.3568,4268.0684,3.7184,-0.02,0.72,0.485,23.1029
2026-03-18T01:00:00Z,2893.8029,4322.605,3.7661,0.021,0.72,0.495355,22.6533
2026-03-18T02:00:00Z,2917.4206,4482.4982,3.9773,0.227,0.72,0.503301,22.5
2026-03-18T03:00:00Z,2954.5126,4736.8516,4.3101,0.546,0.72,0.508296,22.6533
2026-03-18T04:00:00Z,2999.8968,5068.3313,4.725,0.908,0.72,0.51,23.1029
2026-03-18T05:00:00Z,3048.097,5454.3476,5.1787,1.245,0.72,0.508296,23.818
2026-03-18T06:00:00Z,3093.6268,5868.5941,5.626,1.494,0.72,0.503301,24.75
2026-03-18T07:00:00Z,3130.6865,6282.8406,6.0195,1.589,1.02,0.495355,25.8353
2026-03-18T08:00:00Z,3154.8518,6668.8569,6.3202,1.489,1.02,0.485,27.0
2026-03-18T09:00:00Z,3165.4209,7000.3367,6.5135,1.218,1.02,0.472941,28.1647
2026-03-18T10:00:00Z,3165.3879,7254.69,6.6101,0.862,1.02,0.46,29.25
2026-03-18T11:00:00Z,3160.0206,7414.5832,6.6368,0.541,1.02,0.447059,30.182
2026-03-18T12:00:00Z,3153.8718,7469.1198,6.6184,0.353,1.02,0.435,30.8971
2026-03-18T13:00:00Z,3149.0756,7414.5832,6.5672,0.342,1.02,0.424645,31.3467
2026-03-18T14:00:00Z,3145.1479,7254.69,6.4813,0.494,1.02,0.416699,31.5
2026-03-18T15:00:00Z,3140.5609,7000.3367,6.3553,0.766,1.02,0.411704,31.3467
2026-03-18T16:00:00Z,3132.9068,6668.8569,6.1805,1.09,1.02,0.41,30.8971
2026-03-18T17:00:00Z,3119.7415,6282.8406,5.9498,1.39,1.34,0.411704,30.182
2026-03-18T18:00:00Z,3099.6218,5868.5941,5.6642,1.603,1.34,0.416699,29.25
2026-03-18T19:00:00Z,3071.142,5454.3476,5.3253,1.664,1.34,0.424645,28.1647
2026-03-18T20:00:00Z,3033.9418,5068.3313,4.9417,1.527,1.34,0.435,27.0
2026-03-18T21:00:00Z,2990.8126,4736.8516,4.5411,1.206,1.34,0.447059,25.8353
2026-03-18T22:00:00Z,2948.0556,4482.4982,4.1722,0.784,1.02,0.46,24.75
2026-03-18T23:00:00Z,2913.7679,4322.605,3.8932,0.384,1.02,0.472941,23.818
2026-03-19T00:00:00Z,2895.2218,4268.0684,3.7544,0.123,0.72,0.485,23.1029
2026-03-19T01:00:00Z,2895.9479,4322.605,3.7798,0.06,0.72,0.495355,22.6533
2026-03-19T02:00:00Z,2915.2756,4482.4982,3.9636,0.188,0.72,0.503301,22.5
2026-03-19T03:00:00Z,2950.0026,4736.8516,4.2814,0.464,0.72,0.508296,22.6533
2026-03-19T04:00:00Z,2995.2218,5068.3313,4.6953,0.823,0.72,0.51,23.1029
2026-03-19T05:00:00Z,3044.962,5454.3476,5.1587,1.188,0.72,0.508296,23.818
2026-03-19T06:00:00Z,3093.3518,5868.5941,5.6243,1.489,0.72,0.503301,24.75
2026-03-19T07:00:00Z,3134.7565,6282.8406,6.0454,1.663,1.02,0.495355,25.8353
2026-03-19T08:00:00Z,3163.5418,6668.8569,6.3755,1.647,1.02,0.485,27.0
2026-03-19T09:00:00Z,3176.8059,7000.3367,6.586,1.425,1.02,0.472941,28.1647
2026-03-19T10:00:00Z,3175.7279,7254.69,6.6759,1.05,1.02,0.46,29.25
2026-03-19T11:00:00Z,3165.3006,7414.5832,6.6704,0.637,1.02,0.447059,30.182
2026-03-19T12:00:00Z,3151.7268,7469.1198,6.6048,0.314,1.02,0.435,30.8971
2026-03-19T13:00:00Z,3139.5056,7414.5832,6.5063,0.168,1.02,0.424645,31.3467
2026-03-19T14:00:00Z,3129.9129,7254.69,6.3844,0.217,1.02,0.416699,31.5
2026-03-19T15:00:00Z,3121.9709,7000.3367,6.237,0.428,1.02,0.411704,31.3467
2026-03-19T16:00:00Z,3113.7668,6668.8569,6.0587,0.742,1.02,0.41,30.8971
2026-03-19T17:00:00Z,3103.0215,6282.8406,5.8434,1.086,1.34,0.411704,30.182
2026-03-19T18:00:00Z,3087.5768,5868.5941,5.5875,1.384,1.34,0.416699,29.25
2026-03-19T19:00:00Z,3066.357,5454.3476,5.2949,1.577,1.34,0.424645,28.1647
2026-03-19T20:00:00Z,3038.2868,5068.3313,4.9693,1.606,1.34,0.435,27.0
2026-03-19T21:00:00Z,3003.5726,4736.8516,4.6223,1.438,1.34,0.447059,25.8353
2026-03-19T22:00:00Z,2965.7656,4482.4982,4.2849,1.106,1.02,0.46,24.75
2026-03-19T23:00:00Z,2931.5879,4322.605,4.0066,0.708,1.02,0.472941,23.818
2026-03-20T00:00:00Z,2908.8618,4268.0684,3.8412,0.371,0.72,0.485,23.1029
2026-03-20T01:00:00Z,2903.4829,4322.605,3.8277,0.197,0.72,0.495355,22.6533
2026-03-20T02:00:00Z,2917.2556,4482.4982,3.9762,0.224,0.72,0.503301,22.5
2026-03-20T03:00:00Z,2947.9126,4736.8516,4.2681,0.426,0.72,0.508296,22.6533
2026-03-20T04:00:00Z,2991.0418,5068.3313,4.6687,0.747,0.72,0.51,23.1029
2026-03-20T05:00:00Z,3040.947,5454.3476,5.1332,1.115,0.72,0.508296,23.818
2026-03-20T06:00:00Z,3091.3718,5868.5941,5.6117,1.453,0.72,0.503301,24.75
2026-03-20T07:00:00Z,3136.3515,6282.8406,6.0555,1.692,1.02,0.495355,25.8353
2026-03-20T08:00:00Z,3170.3068,6668.8569,6.4185,1.77,1.02,0.485,27.0
2026-03-20T09:00:00Z,3188.5759,7000.3367,6.6609,1.639,1.02,0.472941,28.1647
2026-03-20T10:00:00Z,3189.8079,7254.69,6.7655,1.306,1.02,0.46,29.25
2026-03-20T11:00:00Z,3177.2906,7414.5832,6.7467,0.855,1.02,0.447059,30.182
2026-03-20T12:00:00Z,3157.3368,7469.1198,6.6405,0.416,1.02,0.435,30.8971
2026-03-20T13:00:00Z,3136.5356,7414.5832,6.4874,0.114,1.02,0.424645,31.3467
2026-03-20T14:00:00Z,3119.0229,7254.69,6.3151,0.019,1.02,0.416699,31.5
2026-03-20T15:00:00Z,3105.2509,7000.3367,6.1306,0.124,1.02,0.411704,31.3467
2026-03-20T16:00:00Z,3093.7468,6668.8569,5.9313,0.378,1.02,0.41,30.8971
2026-03-20T17:00:00Z,3082.5615,6282.8406,5.7132,0.714,1.34,0.411704,30.182
2026-03-20T18:00:00Z,3069.7018,5868.5941,5.4738,1.059,1.34,0.416699,29.25
2026-03-20T19:00:00Z,3053.542,5454.3476,5.2133,1.344,1.34,0.424645,28.1647
2026-03-20T20:00:00Z,3033.2268,5068.3313,4.9371,1.514,1.34,0.435,27.0
2026-03-20T21:00:00Z,3008.0826,4736.8516,4.651,1.52,1.34,0.447059,25.8353
2026-03-20T22:00:00Z,2978.7456,4482.4982,4.3675,1.342,1.02,0.46,24.75
2026-03-20T23:00:00Z,2949.2429,4322.605,4.1189,1.029,1.02,0.472941,23.818
2026-03-21T00:00:00Z,2926.1868,3841.2616,3.5803,0.686,0.72,0.485,23.1029
2026-03-21T01:00:00Z,2916.2979,3890.3445,3.5334,0.43,0.72,0.495355,22.6533
2026-03-21T02:00:00Z,2923.9106,4034.2484,3.6288,0.345,0.72,0.503301,22.5
2026-03-21T03:00:00Z,2949.1226,4263.1664,3.8639,0.448,0.72,0.508296,22.6533
2026-03-21T04:00:00Z,2988.2368,4561.4982,4.2101,0.696,0.72,0.51,23.1029
2026-03-21T05:00:00Z,3036.272,4908.9128,4.6291,1.03,0.72,0.508296,23.818
2026-03-21T06:00:00Z,3087.3018,5281.7347,5.0755,1.379,0.72,0.503301,24.75
2026-03-21T07:00:00Z,3134.8665,5654.5566,5.4998,1.665,1.02,0.495355,25.8353
2026-03-21T08:00:00Z,3173.3868,6001.9713,5.8582,1.826,1.02,0.485,27.0
2026-03-21T09:00:00Z,3197.7609,6300.303,6.1106,1.806,1.02,0.472941,28.1647
2026-03-21T10:00:00Z,3204.5479,6529.221,6.2285,1.574,1.02,0.46,29.25
2026-03-21T11:00:00Z,3194.0656,6673.1249,6.2087,1.16,1.02,0.447059,30.182
2026-03-21T12:00:00Z,3171.1968,6722.2078,6.0792,0.668,1.02,0.435,30.8971
2026-03-21T13:00:00Z,3143.0806,6673.1249,5.8843,0.233,1.02,0.424645,31.3467
2026-03-21T14:00:00Z,3116.2729,6529.221,5.6884,-0.031,1.02,0.416699,31.5
2026-03-21T15:00:00Z,3094.1409,6300.303,5.5058,-0.078,1.02,0.411704,31.3467
2026-03-21T16:00:00Z,3076.4768,6001.9713,5.2415,0.064,1.02,0.41,30.8971
2026-03-21T17:00:00Z,3061.8265,5654.5566,5.035,0.337,1.34,0.411704,30.182
2026-03-21T18:00:00Z,3048.5268,5281.7347,4.8287,0.674,1.34,0.416699,29.25
2026-03-21T19:00:00Z,3034.787,4908.9128,4.6197,1.003,1.34,0.424645,28.1647
2026-03-21T20:00:00Z,3019.6968,4561.4982,4.4103,1.268,1.34,0.435,27.0
2026-03-21T21:00:00Z,3002.6376,4263.1664,4.2045,1.421,1.34,0.447059,25.8353
2026-03-21T22:00:00Z,2983.0356,4034.2484,4.005,1.42,1.02,0.46,24.75
2026-03-21T23:00:00Z,2961.8379,3890.3445,3.8232,1.258,1.02,0.472941,23.818
2026-03-22T00:00:00Z,2942.9618,3841.2616,3.6871,0.991,0.72,0.485,23.1029
2026-03-22T01:00:00Z,2932.3029,3890.3445,3.6353,0.721,0.72,0.495355,22.6533
2026-03-22T02:00:00Z,2935.1306,4034.2484,3.7002,0.549,0.72,0.503301,22.5
2026-03-22T03:00:00Z,2954.1826,4263.1664,3.8961,0.54,0.72,0.508296,22.6533
2026-03-22T04:00:00Z,2987.7968,4561.4982,4.2073,0.688,0.72,0.51,23.1029
2026-03-22T05:00:00Z,3031.872,4908.9128,4.6011,0.95,0.72,0.508296,23.818
2026-03-22T06:00:00Z,3081.2518,5281.7347,5.037,1.269,0.72,0.503301,24.75
2026-03-22T07:00:00Z,3129.9165,5654.5566,5.4683,1.575,1.02,0.495355,25.8353
2026-03-22T08:00:00Z,3171.8468,6001.9713,5.8484,1.798,1.02,0.485,27.0
2026-03-22T09:00:00Z,3201.9959,6300.303,6.1376,1.883,1.02,0.472941,28.1647
2026-03-22T10:00:00Z,3215.9879,6529.221,6.3013,1.782,1.02,0.46,29.25
2026-03-22T11:00:00Z,3211.5556,6673.1249,6.32,1.478,1.02,0.447059,30.182
2026-03-22T12:00:00Z,3190.7218,6722.2078,6.2034,1.023,1.02,0.435,30.8971
2026-03-22T13:00:00Z,3159.2506,6673.1249,5.9872,0.527,1.02,0.424645,31.3467
2026-03-22T14:00:00Z,3124.4679,6529.221,5.7189,0.118,1.02,0.416699,31.5
2026-03-22T15:00:00Z,3092.5459,6300.303,5.516,-0.107,1.02,0.411704,31.3467
2026-03-22T16:00:00Z,3066.1918,6001.9713,5.2622,-0.123,1.02,0.41,30.8971
2026-03-22T17:00:00Z,3045.0515,5654.5566,4.9282,0.032,1.34,0.411704,30.182
2026-03-22T18:00:00Z,3027.8468,5281.7347,4.6971,0.298,1.34,0.416699,29.25
2026-03-22T19:00:00Z,3013.447,4908.9128,4.4839,0.615,1.34,0.424645,28.1647
2026-03-22T20:00:00Z,3000.5018,4561.4982,4.2882,0.919,1.34,0.435,27.0
2026-03-22T21:00:00Z,2988.5026,4263.1664,4.1145,1.164,1.34,0.447059,25.8353
2026-03-22T22:00:00Z,2976.9856,4034.2484,3.9665,1.31,1.02,0.46,24.75
2026-03-22T23:00:00Z,2965.3579,3890.3445,3.8456,1.322,1.02,0.472941,23.818
2026-03-23T00:00:00Z,2954.4568,4268.0684,4.1314,1.2,0.72,0.485,23.1029
2026-03-23T01:00:00Z,2947.5379,4322.605,4.1081,0.998,0.72,0.495355,22.6533
2026-03-23T02:00:00Z,2949.2106,4482.4982,4.1796,0.805,0.72,0.503301,22.5
2026-03-23T03:00:00Z,2963.2026,4736.8516,4.3654,0.704,0.72,0.508296,22.6533
2026-03-23T04:00:00Z,2990.6018,5068.3313,4.6659,0.739,0.72,0.51,23.1029
2026-03-23T05:00:00Z,3029.122,5454.3476,5.0579,0.9,0.72,0.508296,23.818
2026-03-23T06:00:00Z,3074.4868,5868.5941,5.5042,1.146,0.72,0.503301,24.75
2026-03-23T07:00:00Z,3121.7765,6282.8406,5.9628,1.427,1.02,0.495355,25.8353
2026-03-23T08:00:00Z,3165.4118,6668.8569,6.3874,1.681,1.02,0.485,27.0
2026-03-23T09:00:00Z,3199.9059,7000.3367,6.733,1.845,1.02,0.472941,28.1647
2026-03-23T10:00:00Z,3220.9379,7254.69,6.9636,1.872,1.02,0.46,29.25
2026-03-23T11:00:00Z,3224.9206,7414.5832,7.0498,1.721,1.02,0.447059,30.182
2026-03-23T12:00:00Z,3210.7418,7469.1198,6.9803,1.387,1.02,0.435,30.8971
2026-03-23T13:00:00Z,3181.3606,7414.5832,6.7726,0.929,1.02,0.424645,31.3467
2026-03-23T14:00:00Z,3143.0029,7254.69,6.4677,0.455,1.02,0.416699,31.5
2026-03-23T15:00:00Z,3102.8309,7000.3367,6.1152,0.08,1.02,0.411704,31.3467
2026-03-23T16:00:00Z,3066.5218,6668.8569,5.84,-0.117,1.02,0.41,30.8971
2026-03-23T17:00:00Z,3036.3615,6282.8406,5.5074,-0.126,1.34,0.411704,30.182
2026-03-23T18:00:00Z,3012.2268,5868.5941,5.108,0.014,1.34,0.416699,29.25
2026-03-23T19:00:00Z,2993.537,5454.3476,4.8315,0.253,1.34,0.424645,28.1647
2026-03-23T20:00:00Z,2979.4368,5068.3313,4.5948,0.536,1.34,0.435,27.0
2026-03-23T21:00:00Z,2969.1976,4736.8516,4.4036,0.813,1.34,0.447059,25.8353
2026-03-23T22:00:00Z,2962.5206,4482.4982,4.2643,1.047,1.02,0.46,24.75
2026-03-23T23:00:00Z,2958.8129,4322.605,4.1798,1.203,1.02,0.472941,23.818
2026-03-24T00:00:00Z,2957.1518,4268.0684,4.1485,1.249,0.72,0.485,23.1029
2026-03-24T01:00:00Z,2957.6579,4322.605,4.1725,1.182,0.72,0.495355,22.6533
2026-03-24T02:00:00Z,2962.5756,4482.4982,4.2646,1.048,0.72,0.503301,22.5
2026-03-24T03:00:00Z,2974.9176,4736.8516,4.44,0.917,0.72,0.508296,22.6533
2026-03-24T04:00:00Z,2997.0918,5068.3313,4.7072,0.857,0.72,0.51,23.1029
2026-03-24T05:00:00Z,3029.232,5454.3476,5.0586,0.902,0.72,0.508296,23.818
2026-03-24T06:00:00Z,3068.8218,5868.5941,5.4682,1.043,0.72,0.503301,24.75
2026-03-24T07:00:00Z,3112.0965,6282.8406,5.9012,1.251,1.02,0.495355,25.8353
2026-03-24T08:00:00Z,3154.7418,6668.8569,6.3195,1.487,1.02,0.485,27.0
2026-03-24T09:00:00Z,3191.6559,7000.3367,6.6805,1.695,1.02,0.472941,28.1647
2026-03-24T10:00:00Z,3218.0229,7254.69,6.9451,1.819,1.02,0.46,29.25
2026-03-24T11:00:00Z,3230.2006,7414.5832,7.0834,1.817,1.02,0.447059,30.182
2026-03-24T12:00:00Z,3225.4268,7469.1198,7.0738,1.654,1.02,0.435,30.8971
2026-03-24T13:00:00Z,3203.3056,7414.5832,6.9123,1.328,1.02,0.424645,31.3467
2026-03-24T14:00:00Z,3167.3129,7254.69,6.6224,0.897,1.02,0.416699,31.5
2026-03-24T15:00:00Z,3123.5659,7000.3367,6.2472,0.457,1.02,0.411704,31.3467
2026-03-24T16:00:00Z,3078.9518,6668.8569,5.8372,0.109,1.02,0.41,30.8971
2026-03-24T17:00:00Z,3038.7815,6282.8406,5.492,-0.082,1.34,0.411704,30.182
2026-03-24T18:00:00Z,3005.4618,5868.5941,5.1413,-0.109,1.34,0.416699,29.25
2026-03-24T19:00:00Z,2979.402,5454.3476,4.7443,-0.004,1.34,0.424645,28.1647
2026-03-24T20:00:00Z,2960.7368,5068.3313,4.4758,0.196,1.34,0.435,27.0
2026-03-24T21:00:00Z,2949.0126,4736.8516,4.2751,0.446,1.34,0.447059,25.8353
2026-03-24T22:00:00Z,2943.6006,4482.4982,4.1439,0.703,1.02,0.46,24.75
2026-03-24T23:00:00Z,2944.4029,4322.605,4.0881,0.941,1.02,0.472941,23.818
2026-03-25T00:00:00Z,2950.3318,4268.0684,4.1051,1.125,0.72,0.485,23.1029
2026-03-25T01:00:00Z,2959.5829,4322.605,4.1847,1.217,0.72,0.495355,22.6533
2026-03-25T02:00:00Z,2971.3756,4482.4982,4.3206,1.208,0.72,0.503301,22.5
2026-03-25T03:00:00Z,2986.5226,4736.8516,4.5138,1.128,0.72,0.508296,22.6533
2026-03-25T04:00:00Z,3006.6068,5068.3313,4.7677,1.03,0.72,0.51,23.1029
2026-03-25T05:00:00Z,3033.247,5454.3476,5.0842,0.975,0.72,0.508296,23.818
2026-03-25T06:00:00Z,3066.2368,5868.5941,5.4517,0.996,0.72,0.503301,24.75
2026-03-25T07:00:00Z,3103.5165,6282.8406,5.8466,1.095,1.02,0.495355,25.8353
2026-03-25T08:00:00Z,3142.1468,6668.8569,6.2393,1.258,1.02,0.485,27.0
2026-03-25T09:00:00Z,3178.4009,7000.3367,6.5961,1.454,1.02,0.472941,28.1647
2026-03-25T10:00:00Z,3207.7929,7254.69,6.88,1.633,1.02,0.46,29.25
2026-03-25T11:00:00Z,3226.2406,7414.5832,7.0582,1.745,1.02,0.447059,30.182
2026-03-25T12:00:00Z,3230.5968,7469.1198,7.1067,1.748,1.02,0.435,30.8971
2026-03-25T13:00:00Z,3218.6506,7414.5832,7.0099,1.607,1.02,0.424645,31.3467
2026-03-25T14:00:00Z,3190.3029,7254.69,6.7687,1.315,1.02,0.416699,31.5
2026-03-25T15:00:00Z,3149.1959,7000.3367,6.4103,0.923,1.02,0.411704,31.3467
2026-03-25T16:00:00Z,3101.2268,6668.8569,5.9789,0.514,1.02,0.41,30.8971
2026-03-25T17:00:00Z,3052.9165,6282.8406,5.5246,0.175,1.34,0.411704,30.182
2026-03-25T18:00:00Z,3009.7518,5868.5941,5.114,-0.031,1.34,0.416699,29.25
2026-03-25T19:00:00Z,2974.452,5454.3476,4.7758,-0.094,1.34,0.424645,28.1647
2026-03-25T20:00:00Z,2948.3068,5068.3313,4.4177,-0.03,1.34,0.435,27.0
2026-03-25T21:00:00Z,2931.7976,4736.8516,4.1656,0.133,1.34,0.447059,25.8353
2026-03-25T22:00:00Z,2924.7356,4482.4982,4.0238,0.36,1.02,0.46,24.75
2026-03-25T23:00:00Z,2926.5279,4322.605,3.9744,0.616,1.02,0.472941,23.818
2026-03-26T00:00:00Z,2936.5818,4268.0684,4.0176,0.875,0.72,0.485,23.1029
2026-03-26T01:00:00Z,2953.0379,4322.605,4.1431,1.098,0.72,0.495355,22.6533
2026-03-26T02:00:00Z,2973.0256,4482.4982,4.3311,1.238,0.72,0.503301,22.5
2026-03-26T03:00:00Z,2994.4426,4736.8516,4.5642,1.272,0.72,0.508296,22.6533
2026-03-26T04:00:00Z,3016.8368,5068.3313,4.8328,1.216,0.72,0.51,23.1029
2026-03-26T05:00:00Z,3040.947,5454.3476,5.1332,1.115,0.72,0.508296,23.818
2026-03-26T06:00:00Z,3068.1068,5868.5941,5.4636,1.03,0.72,0.503301,24.75
2026-03-26T07:00:00Z,3098.4565,6282.8406,5.8144,1.003,1.02,0.495355,25.8353
2026-03-26T08:00:00Z,3130.8718,6668.8569,6.1676,1.053,1.02,0.485,27.0
2026-03-26T09:00:00Z,3163.2209,7000.3367,6.4995,1.178,1.02,0.472941,28.1647
2026-03-26T10:00:00Z,3192.3379,7254.69,6.7816,1.352,1.02,0.46,29.25
2026-03-26T11:00:00Z,3214.2506,7414.5832,6.9819,1.527,1.02,0.447059,30.182
2026-03-26T12:00:00Z,3225.3718,7469.1198,7.0734,1.653,1.02,0.435,30.8971
2026-03-26T13:00:00Z,3223.1606,7414.5832,7.0386,1.689,1.02,0.424645,31.3467
2026-03-26T14:00:00Z,3205.3729,7254.69,6.8646,1.589,1.02,0.416699,31.5
2026-03-26T15:00:00Z,3172.2959,7000.3367,6.5573,1.343,1.02,0.411704,31.3467
2026-03-26T16:00:00Z,3127.1318,6668.8569,6.1438,0.985,1.02,0.41,30.8971
2026-03-26T17:00:00Z,3075.7415,6282.8406,5.6698,0.59,1.34,0.411704,30.182
2026-03-26T18:00:00Z,3024.8218,5868.5941,5.1882,0.243,1.34,0.416699,29.25
2026-03-26T19:00:00Z,2980.007,5454.3476,4.7454,0.007,1.34,0.424645,28.1647
2026-03-26T20:00:00Z,2944.8418,5068.3313,4.4398,-0.093,1.34,0.435,27.0
2026-03-26T21:00:00Z,2921.0726,4736.8516,4.1407,-0.062,1.34,0.447059,25.8353
2026-03-26T22:00:00Z,2909.4456,4482.4982,3.9265,0.082,1.02,0.46,24.75
2026-03-26T23:00:00Z,2909.5329,4322.605,3.8662,0.307,1.02,0.472941,23.818
2026-03-27T00:00:00Z,2920.3568,4268.0684,3.9144,0.58,0.72,0.485,23.1029
2026-03-27T01:00:00Z,2940.6629,4322.605,4.0643,0.873,0.72,0.495355,22.6533
2026-03-27T02:00:00Z,2967.4156,4482.4982,4.2954,1.136,0.72,0.503301,22.5
2026-03-27T03:00:00Z,2996.4776,4736.8516,4.5772,1.309,0.72,0.508296,22.6533
2026-03-27T04:00:00Z,3024.6468,5068.3313,4.8825,1.358,0.72,0.51,23.1029
2026-03-27T05:00:00Z,3050.462,5454.3476,5.1937,1.288,0.72,0.508296,23.818
2026-03-27T06:00:00Z,3074.5968,5868.5941,5.5049,1.148,0.72,0.503301,24.75
2026-03-27T07:00:00Z,3098.7315,6282.8406,5.8161,1.008,1.02,0.495355,25.8353
2026-03-27T08:00:00Z,3123.9418,6668.8569,6.1235,0.927,1.02,0.485,27.0
2026-03-27T09:00:00Z,3149.8559,7000.3367,6.4145,0.935,1.02,0.472941,28.1647
2026-03-27T10:00:00Z,3175.1779,7254.69,6.6724,1.04,1.02,0.46,29.25
2026-03-27T11:00:00Z,3197.0906,7414.5832,6.8727,1.215,1.02,0.447059,30.182
2026-03-27T12:00:00Z,3211.8418,7469.1198,6.9873,1.407,1.02,0.435,30.8971
2026-03-27T13:00:00Z,3216.5606,7414.5832,6.9966,1.569,1.02,0.424645,31.3467
2026-03-27T14:00:00Z,3208.7279,7254.69,6.8859,1.65,1.02,0.416699,31.5
2026-03-27T15:00:00Z,3186.2659,7000.3367,6.6462,1.597,1.02,0.411704,31.3467
2026-03-27T16:00:00Z,3149.2418,6668.8569,6.2845,1.387,1.02,0.41,30.8971
2026-03-27T17:00:00Z,3100.9315,6282.8406,5.8301,1.048,1.34,0.411704,30.182
2026-03-27T18:00:00Z,3047.2068,5868.5941,5.3306,0.65,1.34,0.416699,29.25
2026-03-27T19:00:00Z,2995.187,5454.3476,4.842,0.283,1.34,0.424645,28.1647
2026-03-27T20:00:00Z,2951.0568,5068.3313,4.4142,0.02,1.34,0.435,27.0
2026-03-27T21:00:00Z,2918.8176,4736.8516,4.1551,-0.103,1.34,0.447059,25.8353
2026-03-27T22:00:00Z,2900.4806,4482.4982,3.9262,-0.081,1.02,0.46,24.75
2026-03-27T23:00:00Z,2896.4429,4322.605,3.7829,0.069,1.02,0.472941,23.818
2026-03-28T00:00:00Z,2905.7268,3841.2616,3.4501,0.314,0.72,0.485,23.1029
2026-03-28T01:00:00Z,2926.6379,3890.3445,3.5992,0.618,0.72,0.495355,22.6533
2026-03-28T02:00:00Z,2957.0206,4034.2484,3.8395,0.947,0.72,0.503301,22.5
2026-03-28T03:00:00Z,2992.5176,4263.1664,4.1401,1.237,0.72,0.508296,22.6533
2026-03-28T04:00:00Z,3027.7268,4561.4982,4.4614,1.414,0.72,0.51,23.1029
2026-03-28T05:00:00Z,3058.767,4908.9128,4.7723,1.439,0.72,0.508296,23.818
2026-03-28T06:00:00Z,3083.9468,5281.7347,5.0541,1.318,0.72,0.503301,24.75
2026-03-28T07:00:00Z,3104.5615,5654.5566,5.3069,1.114,1.02,0.495355,25.8353
2026-03-28T08:00:00Z,3123.1168,6001.9713,5.5383,0.912,1.02,0.485,27.0
2026-03-28T09:00:00Z,3141.6059,6300.303,5.7533,0.785,1.02,0.472941,28.1647
2026-03-28T10:00:00Z,3160.4379,6529.221,5.9478,0.772,1.02,0.46,29.25
2026-03-28T11:00:00Z,3178.6656,6673.1249,6.1107,0.88,1.02,0.447059,30.182
2026-03-28T12:00:00Z,3193.5818,6722.2078,6.2216,1.075,1.02,0.435,30.8971
2026-03-28T13:00:00Z,3201.8206,6673.1249,6.2581,1.301,1.02,0.424645,31.3467
2026-03-28T14:00:00Z,3200.8079,6529.221,6.2047,1.506,1.02,0.416699,31.5
2026-03-28T15:00:00Z,3188.0809,6300.303,6.049,1.63,1.02,0.411704,31.3467
2026-03-28T16:00:00Z,3161.5618,6001.9713,5.783,1.611,1.02,0.41,30.8971
2026-03-28T17:00:00Z,3121.2815,5654.5566,5.4133,1.418,1.34,0.411704,30.182
2026-03-28T18:00:00Z,3070.8568,5281.7347,4.9708,1.08,1.34,0.416699,29.25
2026-03-28T19:00:00Z,3016.362,4908.9128,4.5024,0.668,1.34,0.424645,28.1647
2026-03-28T20:00:00Z,2965.6318,4561.4982,4.0663,0.285,1.34,0.435,27.0
2026-03-28T21:00:00Z,2925.2526,4263.1664,3.712,0.014,1.34,0.447059,25.8353
2026-03-28T22:00:00Z,2899.1606,4034.2484,3.5448,-0.105,1.02,0.46,24.75
2026-03-28T23:00:00Z,2889.1829,3890.3445,3.405,-0.063,1.02,0.472941,23.818
2026-03-29T00:00:00Z,2895.0018,3841.2616,3.3819,0.119,0.72,0.485,23.1029
2026-03-29T01:00:00Z,2914.5929,3890.3445,3.5226,0.399,0.72,0.495355,22.6533
2026-03-29T02:00:00Z,2945.5256,4034.2484,3.7663,0.738,0.72,0.503301,22.5
2026-03-29T03:00:00Z,2984.4876,4263.1664,4.089,1.091,0.72,0.508296,22.6533
2026-03-29T04:00:00Z,3025.8018,4561.4982,4.4492,1.379,0.72,0.51,23.1029
2026-03-29T05:00:00Z,3063.387,4908.9128,4.8017,1.523,0.72,0.508296,23.818
2026-03-29T06:00:00Z,3093.1318,5281.7347,5.1126,1.485,0.72,0.503301,24.75
2026-03-29T07:00:00Z,3114.1315,5654.5566,5.3678,1.288,1.02,0.495355,25.8353
2026-03-29T08:00:00Z,3128.5068,6001.9713,5.5726,1.01,1.02,0.485,27.0
2026-03-29T09:00:00Z,3140.0109,6300.303,5.7431,0.756,1.02,0.472941,28.1647
2026-03-29T10:00:00Z,3151.2529,6529.221,5.8893,0.605,1.02,0.46,29.25
2026-03-29T11:00:00Z,3163.1006,6673.1249,6.0117,0.597,1.02,0.447059,30.182
2026-03-29T12:00:00Z,3174.6068,6722.2078,6.1009,0.73,1.02,0.435,30.8971
2026-03-29T13:00:00Z,3183.0106,6673.1249,6.1384,0.959,1.02,0.424645,31.3467
2026-03-29T14:00:00Z,3185.1879,6529.221,6.1053,1.222,1.02,0.416699,31.5
2026-03-29T15:00:00Z,3179.0059,6300.303,5.9913,1.465,1.02,0.411704,31.3467
2026-03-29T16:00:00Z,3161.8918,6001.9713,5.7851,1.617,1.02,0.41,30.8971
2026-03-29T17:00:00Z,3131.8415,5654.5566,5.4805,1.61,1.34,0.411704,30.182
2026-03-29T18:00:00Z,3089.3368,5281.7347,5.0884,1.416,1.34,0.416699,29.25
2026-03-29T19:00:00Z,3038.142,4908.9128,4.641,1.064,1.34,0.424645,28.1647
2026-03-29T20:00:00Z,2985.2668,4561.4982,4.1912,0.642,1.34,0.435,27.0
2026-03-29T21:00:00Z,2938.8926,4263.1664,3.7988,0.262,1.34,0.447059,25.8353
2026-03-29T22:00:00Z,2905.5406,4034.2484,3.5119,0.011,1.02,0.46,24.75
2026-03-29T23:00:00Z,2888.6879,3890.3445,3.4081,-0.072,1.02,0.472941,23.818
2026-03-30T00:00:00Z,2889.3918,4268.0684,3.7173,0.017,0.72,0.485,23.1029
2026-03-30T01:00:00Z,2906.1229,4322.605,3.8445,0.245,0.72,0.495355,22.6533
2026-03-30T02:00:00Z,2935.9556,4482.4982,4.0952,0.564,0.72,0.503301,22.5
2026-03-30T03:00:00Z,2975.5226,4736.8516,4.4438,0.928,0.72,0.508296,22.6533
2026-03-30T04:00:00Z,3020.2468,5068.3313,4.8545,1.278,0.72,0.51,23.1029
2026-03-30T05:00:00Z,3063.662,5454.3476,5.2777,1.528,0.72,0.508296,23.818
2026-03-30T06:00:00Z,3099.5118,5868.5941,5.6635,1.601,0.72,0.503301,24.75
2026-03-30T07:00:00Z,3124.3065,6282.8406,5.9789,1.473,1.02,0.495355,25.8353
2026-03-30T08:00:00Z,3138.2968,6668.8569,6.2148,1.188,1.02,0.485,27.0
2026-03-30T09:00:00Z,3145.0159,7000.3367,6.3837,0.847,1.02,0.472941,28.1647
2026-03-30T10:00:00Z,3149.1079,7254.69,6.5065,0.566,1.02,0.46,29.25
2026-03-30T11:00:00Z,3153.4206,7414.5832,6.5948,0.421,1.02,0.447059,30.182
2026-03-30T12:00:00Z,3158.8218,7469.1198,6.6499,0.443,1.02,0.435,30.8971
2026-03-30T13:00:00Z,3164.0356,7414.5832,6.6624,0.614,1.02,0.424645,31.3467
2026-03-30T14:00:00Z,3166.3779,7254.69,6.6164,0.88,1.02,0.416699,31.5
2026-03-30T15:00:00Z,3163.0559,7000.3367,6.4985,1.175,1.02,0.411704,31.3467
2026-03-30T16:00:00Z,3152.1568,6668.8569,6.303,1.44,1.02,0.41,30.8971
2026-03-30T17:00:00Z,3131.2365,6282.8406,6.023,1.599,1.34,0.411704,30.182
2026-03-30T18:00:00Z,3098.5218,5868.5941,5.6572,1.583,1.34,0.416699,29.25
2026-03-30T19:00:00Z,3054.972,5454.3476,5.2224,1.37,1.34,0.424645,28.1647
2026-03-30T20:00:00Z,3005.2868,5068.3313,4.7593,1.006,1.34,0.435,27.0
2026-03-30T21:00:00Z,2956.9326,4736.8516,4.3255,0.59,1.34,0.447059,25.8353
2026-03-30T22:00:00Z,2918.0806,4482.4982,3.9815,0.239,1.02,0.46,24.75
2026-03-30T23:00:00Z,2894.7379,4322.605,3.7721,0.038,1.02,0.472941,23.818
2026-03-31T00:00:00Z,2889.4468,4268.0684,3.7177,0.018,0.72,0.485,23.1029
