timestamp,temperature_2m_c,wind_speed_10m_mps,precipitation_mm,cloud_cover_percent,wave_height_m,sea_level_height_msl,ocean_current_velocity_kmh
2026-01-01T00:00:00Z,7.4,10.82,0.5,100.0,0.96,1.82,4.2
2026-01-01T01:00:00Z,7.3,11.3,0.5,100.0,0.94,2.05,2.9
2026-01-01T02:00:00Z,7.3,11.3,0.5,100.0,0.94,1.98,1.3
2026-01-01T03:00:00Z,7.3,11.07,0.2,98.0,0.92,1.6,1.3
2026-01-01T04:00:00Z,7.4,10.74,0.1,99.0,0.9,1.06,2.7
2026-01-01T05:00:00Z,7.3,10.31,0.0,99.0,0.9,0.5,3.8
2026-01-01T06:00:00Z,7.4,10.4,0.0,91.0,0.88,0.02,3.9
2026-01-01T07:00:00Z,7.5,10.62,0.0,79.0,0.86,-0.33,3.6
2026-01-01T08:00:00Z,7.4,10.3,0.0,85.0,0.84,-0.46,2.6
2026-01-01T09:00:00Z,7.3,10.0,0.0,100.0,0.82,-0.28,1.1
2026-01-01T10:00:00Z,7.1,9.96,0.0,76.0,0.82,0.1,1.6
2026-01-01T11:00:00Z,6.8,10.44,0.0,54.0,0.8,0.49,2.4
2026-01-01T12:00:00Z,6.6,10.68,0.0,28.0,0.8,0.81,2.2
2026-01-01T13:00:00Z,6.4,10.53,0.0,82.0,0.86,1.01,1.5
2026-01-01T14:00:00Z,6.3,10.37,0.0,100.0,0.92,0.95,0.6
2026-01-01T15:00:00Z,6.1,10.55,0.0,100.0,0.98,0.6,1.5
2026-01-01T16:00:00Z,6.0,10.82,0.0,100.0,0.94,0.07,2.9
2026-01-01T17:00:00Z,5.6,10.94,0.0,97.0,0.92,-0.49,3.6
2026-01-01T18:00:00Z,5.1,11.06,0.0,100.0,0.88,-0.92,3.6
2026-01-01T19:00:00Z,4.7,11.18,0.0,92.0,0.88,-1.18,3.0
2026-01-01T20:00:00Z,4.4,11.25,0.0,60.0,0.88,-1.19,1.9
2026-01-01T21:00:00Z,4.1,11.38,0.0,59.0,0.88,-0.86,1.5
2026-01-01T22:00:00Z,3.7,11.4,0.0,69.0,0.88,-0.24,3.5
2026-01-01T23:00:00Z,3.6,11.75,0.0,80.0,0.9,0.5,5.1
2026-01-02T00:00:00Z,3.7,11.79,0.0,74.0,0.9,1.2,5.6
2026-01-02T01:00:00Z,3.8,11.7,0.0,61.0,0.9,1.73,4.9
2026-01-02T02:00:00Z,4.0,11.37,0.0,57.0,0.92,1.99,3.2
2026-01-02T03:00:00Z,4.4,10.93,0.0,93.0,0.92,1.89,1.3
2026-01-02T04:00:00Z,4.7,10.66,0.0,100.0,0.88,1.47,1.0
2026-01-02T05:00:00Z,4.9,10.41,0.0,100.0,0.86,0.86,2.6
2026-01-02T06:00:00Z,5.2,10.21,0.0,100.0,0.82,0.25,3.7
2026-01-02T07:00:00Z,5.3,10.05,0.0,100.0,0.78,-0.27,3.8
2026-01-02T08:00:00Z,5.5,9.96,0.0,100.0,0.76,-0.63,3.4
2026-01-02T09:00:00Z,5.5,9.76,0.0,96.0,0.72,-0.7,1.9
2026-01-02T10:00:00Z,5.0,9.06,0.0,99.0,0.7,-0.44,0.8
2026-01-02T11:00:00Z,4.9,8.8,0.0,100.0,0.68,0.04,2.5
2026-01-02T12:00:00Z,4.7,8.43,0.0,96.0,0.66,0.54,3.2
2026-01-02T13:00:00Z,4.5,8.16,0.0,98.0,0.64,0.95,3.1
2026-01-02T14:00:00Z,4.4,7.87,0.0,97.0,0.6,1.16,2.2
2026-01-02T15:00:00Z,4.3,7.52,0.0,96.0,0.58,1.06,0.6
2026-01-02T16:00:00Z,4.2,7.3,0.0,87.0,0.56,0.63,1.5
2026-01-02T17:00:00Z,4.1,7.21,0.0,29.0,0.54,0.04,2.9
2026-01-02T18:00:00Z,4.0,7.08,0.0,27.0,0.52,-0.56,3.8
2026-01-02T19:00:00Z,4.0,6.76,0.0,28.0,0.52,-1.03,4.0
2026-01-02T20:00:00Z,4.1,6.21,0.0,32.0,0.52,-1.32,3.4
2026-01-02T21:00:00Z,4.1,5.77,0.0,36.0,0.52,-1.33,2.1
2026-01-02T22:00:00Z,3.3,5.78,0.0,43.0,0.46,-0.95,1.4
2026-01-02T23:00:00Z,3.2,5.05,0.0,35.0,0.42,-0.25,3.5
2026-01-03T00:00:00Z,3.2,4.56,0.0,31.0,0.36,0.56,5.1
2026-01-03T01:00:00Z,3.2,4.43,0.0,25.0,0.34,1.3,5.2
2026-01-03T02:00:00Z,3.3,4.25,0.0,16.0,0.3,1.85,4.3
2026-01-03T03:00:00Z,3.3,3.92,0.0,2.0,0.28,2.05,2.5
2026-01-03T04:00:00Z,3.4,3.76,0.0,1.0,0.28,1.84,0.4
2026-01-03T05:00:00Z,3.6,3.38,0.0,0.0,0.26,1.3,2.4
2026-01-03T06:00:00Z,3.8,2.76,0.0,0.0,0.26,0.61,4.2
2026-01-03T07:00:00Z,4.0,2.05,0.0,0.0,0.24,-0.08,5.1
2026-01-03T08:00:00Z,4.3,1.38,0.0,0.0,0.22,-0.68,5.3
2026-01-03T09:00:00Z,4.5,0.74,0.0,0.0,0.2,-1.09,4.5
2026-01-03T10:00:00Z,4.5,0.27,0.0,0.0,0.2,-1.14,2.7
2026-01-03T11:00:00Z,4.7,0.71,0.0,0.0,0.18,-0.82,0.6
2026-01-03T12:00:00Z,4.9,1.38,0.0,0.0,0.18,-0.29,2.2
2026-01-03T13:00:00Z,5.2,1.95,0.0,0.0,0.16,0.25,3.1
2026-01-03T14:00:00Z,5.4,2.22,0.0,0.0,0.16,0.68,2.8
2026-01-03T15:00:00Z,5.6,2.49,0.0,0.0,0.14,0.86,1.7
2026-01-03T16:00:00Z,5.9,2.95,0.0,0.0,0.14,0.69,0.6
2026-01-03T17:00:00Z,6.1,3.42,0.0,0.0,0.14,0.21,2.2
2026-01-03T18:00:00Z,6.4,3.69,0.0,0.0,0.14,-0.41,3.6
2026-01-03T19:00:00Z,6.8,3.66,0.0,0.0,0.14,-1.0,4.3
2026-01-03T20:00:00Z,7.0,3.68,0.0,0.0,0.14,-1.47,4.3
2026-01-03T21:00:00Z,7.3,3.91,0.0,4.0,0.14,-1.72,3.3
2026-01-03T22:00:00Z,8.1,3.85,0.0,16.0,0.14,-1.63,1.5
2026-01-03T23:00:00Z,8.4,3.8,0.0,37.0,0.14,-1.11,1.7
2026-01-04T00:00:00Z,8.8,3.6,0.0,8.0,0.14,-0.27,4.3
2026-01-04T01:00:00Z,9.2,3.38,0.0,1.0,0.14,0.64,5.8
2026-01-04T02:00:00Z,9.7,3.15,0.0,11.0,0.14,1.43,5.8
2026-01-04T03:00:00Z,10.0,3.18,0.0,37.0,0.14,1.98,4.6
2026-01-04T04:00:00Z,10.2,3.2,0.0,22.0,0.14,2.13,2.4
2026-01-04T05:00:00Z,10.4,3.1,0.0,76.0,0.12,1.87,0.6
2026-01-04T06:00:00Z,10.6,2.82,0.0,99.0,0.12,1.28,2.5
2026-01-04T07:00:00Z,10.7,2.32,0.0,99.0,0.12,0.57,4.3
2026-01-04T08:00:00Z,10.5,3.41,0.0,100.0,0.1,-0.13,5.2
2026-01-04T09:00:00Z,10.0,4.49,0.2,99.0,0.1,-0.7,5.2
2026-01-04T10:00:00Z,9.1,5.65,0.1,96.0,0.12,-1.04,4.2
2026-01-04T11:00:00Z,8.8,6.36,0.0,95.0,0.12,-0.98,1.9
2026-01-04T12:00:00Z,8.4,7.62,0.0,89.0,0.14,-0.55,1.0
2026-01-04T13:00:00Z,8.0,7.53,0.0,91.0,0.2,0.06,2.9
2026-01-04T14:00:00Z,7.5,7.34,0.1,84.0,0.26,0.63,3.6
2026-01-04T15:00:00Z,7.2,7.18,0.1,94.0,0.32,1.05,3.1
2026-01-04T16:00:00Z,6.9,6.83,0.1,98.0,0.34,1.17,1.6
2026-01-04T17:00:00Z,6.6,7.1,0.4,89.0,0.34,0.92,0.2
2026-01-04T18:00:00Z,6.2,7.6,0.5,91.0,0.36,0.38,2.2
2026-01-04T19:00:00Z,5.9,8.14,0.5,97.0,0.38,-0.28,3.8
2026-01-04T20:00:00Z,5.7,8.47,0.1,100.0,0.42,-0.89,4.4
2026-01-04T21:00:00Z,5.7,8.95,0.1,100.0,0.44,-1.35,4.2
2026-01-04T22:00:00Z,5.6,8.45,0.2,100.0,0.48,-1.56,2.9
2026-01-04T23:00:00Z,5.4,8.77,0.2,100.0,0.54,-1.37,1.6
2026-01-05T00:00:00Z,5.1,9.46,0.2,100.0,0.58,-0.74,3.1
2026-01-05T01:00:00Z,5.0,9.47,0.1,99.0,0.6,0.16,5.8
2026-01-05T02:00:00Z,5.0,9.26,0.0,83.0,0.6,1.07,7.0
2026-01-05T03:00:00Z,5.3,9.06,0.0,42.0,0.62,1.82,6.7
2026-01-05T04:00:00Z,5.7,8.96,0.0,23.0,0.62,2.27,5.0
2026-01-05T05:00:00Z,6.4,8.79,0.0,10.0,0.64,2.3,2.9
2026-01-05T06:00:00Z,7.3,8.82,0.0,30.0,0.64,1.92,0.4
2026-01-05T07:00:00Z,7.9,9.17,0.0,60.0,0.64,1.25,2.0
2026-01-05T08:00:00Z,8.3,9.35,0.0,89.0,0.66,0.48,3.6
2026-01-05T09:00:00Z,8.5,9.76,0.0,90.0,0.66,-0.22,4.2
2026-01-05T10:00:00Z,8.2,9.43,0.0,78.0,0.72,-0.75,4.1
2026-01-05T11:00:00Z,8.0,9.67,0.0,73.0,0.8,-0.97,2.7
2026-01-05T12:00:00Z,7.8,9.57,0.0,69.0,0.86,-0.79,0.7
2026-01-05T13:00:00Z,7.5,9.29,0.0,47.0,0.84,-0.24,2.5
2026-01-05T14:00:00Z,7.3,9.03,0.0,26.0,0.84,0.39,4.2
2026-01-05T15:00:00Z,7.1,8.86,0.0,50.0,0.82,0.94,4.4
2026-01-05T16:00:00Z,7.0,8.74,0.0,38.0,0.74,1.27,3.3
2026-01-05T17:00:00Z,6.8,8.59,0.0,25.0,0.68,1.28,1.7
2026-01-05T18:00:00Z,6.7,8.52,0.0,18.0,0.6,0.94,0.5
2026-01-05T19:00:00Z,6.6,8.4,0.0,18.0,0.56,0.34,2.3
2026-01-05T20:00:00Z,6.5,8.02,0.0,31.0,0.52,-0.34,3.6
2026-01-05T21:00:00Z,6.3,7.34,0.0,33.0,0.48,-0.94,4.2
2026-01-05T22:00:00Z,5.9,5.28,0.0,29.0,0.46,-1.33,3.6
2026-01-05T23:00:00Z,5.9,4.69,0.0,33.0,0.44,-1.43,2.3
2026-01-06T00:00:00Z,5.9,4.76,0.0,24.0,0.42,-1.14,1.3
2026-01-06T01:00:00Z,5.8,5.6,0.0,43.0,0.42,-0.43,3.3
2026-01-06T02:00:00Z,5.7,5.94,0.0,45.0,0.4,0.45,5.4
2026-01-06T03:00:00Z,5.8,5.83,0.0,37.0,0.4,1.27,5.9
2026-01-06T04:00:00Z,5.9,6.46,0.0,24.0,0.4,1.87,4.9
2026-01-06T05:00:00Z,6.3,6.97,0.0,73.0,0.42,2.14,2.9
2026-01-06T06:00:00Z,7.0,7.17,0.0,77.0,0.42,2.01,0.8
2026-01-06T07:00:00Z,7.8,7.12,0.0,97.0,0.46,1.5,2.0
2026-01-06T08:00:00Z,8.4,7.93,0.0,79.0,0.5,0.78,4.3
2026-01-06T09:00:00Z,8.2,8.9,0.0,76.0,0.54,0.02,5.6
2026-01-06T10:00:00Z,7.3,9.02,0.2,80.0,0.6,-0.64,5.8
2026-01-06T11:00:00Z,7.4,8.2,0.0,24.0,0.66,-1.08,4.9
2026-01-06T12:00:00Z,7.1,9.05,0.0,9.0,0.72,-1.18,3.4
2026-01-06T13:00:00Z,6.7,10.89,0.0,47.0,0.74,-0.89,0.9
2026-01-06T14:00:00Z,6.6,11.51,0.0,32.0,0.74,-0.33,2.0
2026-01-06T15:00:00Z,6.4,11.44,0.0,3.0,0.76,0.24,3.2
2026-01-06T16:00:00Z,6.3,11.16,0.0,2.0,0.82,0.67,3.1
2026-01-06T17:00:00Z,6.2,10.96,0.0,0.0,0.88,0.91,2.0
2026-01-06T18:00:00Z,6.0,10.66,0.0,0.0,0.94,0.85,0.6
2026-01-06T19:00:00Z,5.9,10.34,0.0,0.0,0.9,0.46,1.3
2026-01-06T20:00:00Z,5.7,10.02,0.0,0.0,0.84,-0.13,2.9
2026-01-06T21:00:00Z,5.7,9.95,0.0,0.0,0.8,-0.75,3.8
2026-01-06T22:00:00Z,5.3,9.83,0.0,0.0,0.8,-1.23,3.8
2026-01-06T23:00:00Z,5.3,9.85,0.0,0.0,0.8,-1.49,3.1
2026-01-07T00:00:00Z,5.4,9.79,0.0,0.0,0.8,-1.44,1.5
2026-01-07T01:00:00Z,5.5,9.2,0.0,0.0,0.78,-0.98,1.8
2026-01-07T02:00:00Z,5.6,8.53,0.0,0.0,0.78,-0.21,4.2
2026-01-07T03:00:00Z,6.0,7.89,0.0,0.0,0.76,0.67,5.9
2026-01-07T04:00:00Z,6.4,7.49,0.0,0.0,0.68,1.41,6.0
2026-01-07T05:00:00Z,7.0,7.35,0.0,0.0,0.6,1.91,4.9
2026-01-07T06:00:00Z,7.7,7.33,0.0,0.0,0.52,2.09,3.0
2026-01-07T07:00:00Z,8.2,7.31,0.0,0.0,0.48,1.88,0.9
2026-01-07T08:00:00Z,8.7,7.46,0.0,0.0,0.46,1.33,1.8
2026-01-07T09:00:00Z,9.0,7.65,0.0,0.0,0.42,0.62,3.6
2026-01-07T10:00:00Z,8.9,6.96,0.0,0.0,0.44,-0.06,4.5
2026-01-07T11:00:00Z,8.7,6.67,0.0,0.0,0.44,-0.6,4.4
2026-01-07T12:00:00Z,8.5,6.45,0.0,0.0,0.46,-0.9,3.3
2026-01-07T13:00:00Z,8.3,6.01,0.0,0.0,0.42,-0.85,1.5
2026-01-07T14:00:00Z,8.1,5.46,0.0,0.0,0.4,-0.45,1.1
2026-01-07T15:00:00Z,7.9,5.05,0.0,0.0,0.36,0.13,3.1
2026-01-07T16:00:00Z,7.7,4.6,0.0,0.0,0.34,0.64,3.6
2026-01-07T17:00:00Z,7.6,3.91,0.0,0.0,0.3,0.99,3.1
2026-01-07T18:00:00Z,7.5,3.87,0.0,0.0,0.28,1.11,1.9
2026-01-07T19:00:00Z,7.4,4.12,0.0,0.0,0.28,0.96,0.4
2026-01-07T20:00:00Z,7.3,4.72,0.0,0.0,0.26,0.53,1.6
2026-01-07T21:00:00Z,7.3,5.2,0.0,0.0,0.26,-0.05,3.1
2026-01-07T22:00:00Z,6.9,5.42,0.0,0.0,0.28,-0.62,3.9
2026-01-07T23:00:00Z,6.6,5.69,0.0,0.0,0.28,-1.02,3.6
2026-01-08T00:00:00Z,6.5,6.02,0.0,0.0,0.3,-1.18,2.6
2026-01-08T01:00:00Z,6.5,6.22,0.0,3.0,0.34,-1.04,1.7
2026-01-08T02:00:00Z,6.6,6.53,0.0,3.0,0.38,-0.54,2.6
2026-01-08T03:00:00Z,6.7,6.73,0.0,10.0,0.42,0.21,4.4
2026-01-08T04:00:00Z,6.8,6.77,0.0,12.0,0.42,0.94,5.6
2026-01-08T05:00:00Z,7.0,6.61,0.0,13.0,0.42,1.5,5.2
2026-01-08T06:00:00Z,7.2,6.51,0.0,13.0,0.42,1.81,3.8
2026-01-08T07:00:00Z,7.3,6.54,0.0,34.0,0.42,1.82,2.0
2026-01-08T08:00:00Z,7.4,6.7,0.0,34.0,0.44,1.5,0.3
2026-01-08T09:00:00Z,7.3,6.8,0.0,14.0,0.44,0.9,2.4
2026-01-08T10:00:00Z,7.1,6.34,0.0,0.0,0.44,0.21,3.9
2026-01-08T11:00:00Z,6.8,6.08,0.0,0.0,0.42,-0.4,4.5
2026-01-08T12:00:00Z,6.8,5.78,0.0,0.0,0.42,-0.83,4.0
2026-01-08T13:00:00Z,6.7,5.51,0.0,0.0,0.4,-1.0,2.9
2026-01-08T14:00:00Z,6.7,4.92,0.0,0.0,0.36,-0.85,1.4
2026-01-08T15:00:00Z,6.6,4.14,0.0,0.0,0.34,-0.42,1.9
2026-01-08T16:00:00Z,6.5,3.33,0.0,0.0,0.32,0.1,3.3
2026-01-08T17:00:00Z,6.5,2.42,0.0,0.0,0.28,0.52,3.4
2026-01-08T18:00:00Z,6.4,1.5,0.0,0.0,0.26,0.78,2.5
2026-01-08T19:00:00Z,6.3,0.74,0.0,0.0,0.24,0.84,1.3
2026-01-08T20:00:00Z,6.2,0.11,0.0,0.0,0.22,0.65,0.3
2026-01-08T21:00:00Z,6.1,0.6,0.0,0.0,0.2,0.23,1.8
2026-01-08T22:00:00Z,6.5,1.27,0.0,0.0,0.2,-0.31,3.1
2026-01-08T23:00:00Z,6.6,2.56,0.0,0.0,0.18,-0.78,3.5
2026-01-09T00:00:00Z,6.7,3.23,0.0,0.0,0.18,-1.06,3.0
2026-01-09T01:00:00Z,6.9,3.38,0.0,0.0,0.16,-1.1,1.9
2026-01-09T02:00:00Z,7.0,3.69,0.0,2.0,0.16,-0.87,0.9
2026-01-09T03:00:00Z,7.1,3.92,0.0,0.0,0.14,-0.36,2.2
2026-01-09T04:00:00Z,7.3,4.21,0.0,0.0,0.14,0.3,3.8
2026-01-09T05:00:00Z,7.5,4.11,0.0,0.0,0.14,0.87,4.2
2026-01-09T06:00:00Z,7.9,4.45,0.0,0.0,0.14,1.25,3.3
2026-01-09T07:00:00Z,8.4,5.3,0.0,38.0,0.2,1.41,2.1
2026-01-09T08:00:00Z,8.7,6.23,0.0,64.0,0.24,1.3,1.3
2026-01-09T09:00:00Z,9.0,7.16,0.0,64.0,0.3,0.91,2.4
2026-01-09T10:00:00Z,9.4,8.19,0.0,88.0,0.38,0.32,4.0
2026-01-09T11:00:00Z,9.5,8.66,0.0,26.0,0.48,-0.3,4.9
2026-01-09T12:00:00Z,9.6,8.46,0.0,3.0,0.56,-0.76,4.9
2026-01-09T13:00:00Z,9.6,8.45,0.0,0.0,0.52,-1.03,4.2
2026-01-09T14:00:00Z,9.6,8.58,0.0,0.0,0.5,-1.07,2.7
2026-01-09T15:00:00Z,9.7,8.18,0.0,0.0,0.46,-0.84,1.1
2026-01-09T16:00:00Z,9.8,7.43,0.0,0.0,0.44,-0.4,0.9
2026-01-09T17:00:00Z,9.9,6.9,0.0,0.0,0.4,0.06,1.8
2026-01-09T18:00:00Z,9.9,6.53,0.0,0.0,0.38,0.4,1.9
2026-01-09T19:00:00Z,9.8,6.53,0.0,0.0,0.36,0.59,1.4
2026-01-09T20:00:00Z,9.7,6.73,0.0,0.0,0.36,0.62,1.4
2026-01-09T21:00:00Z,9.6,6.63,0.0,0.0,0.34,0.44,2.3
2026-01-09T22:00:00Z,9.5,6.37,0.0,0.0,0.34,0.06,3.3
2026-01-09T23:00:00Z,9.4,6.04,0.0,0.0,0.34,-0.38,4.1
2026-01-10T00:00:00Z,9.3,6.61,0.0,0.0,0.34,-0.73,4.3
2026-01-10T01:00:00Z,9.0,7.04,0.0,0.0,0.34,-0.9,3.4
2026-01-10T02:00:00Z,8.7,6.76,0.0,0.0,0.32,-0.85,2.2
2026-01-10T03:00:00Z,8.8,6.49,0.0,0.0,0.32,-0.57,0.6
2026-01-10T04:00:00Z,9.1,6.36,0.0,0.0,0.32,-0.08,1.3
2026-01-10T05:00:00Z,9.6,6.26,0.0,0.0,0.3,0.48,2.5
2026-01-10T06:00:00Z,9.9,5.89,0.0,0.0,0.3,0.93,2.9
2026-01-10T07:00:00Z,9.9,5.35,0.0,0.0,0.32,1.21,2.4
2026-01-10T08:00:00Z,9.7,5.11,0.0,0.0,0.34,1.32,1.5
2026-01-10T09:00:00Z,9.6,5.45,0.0,0.0,0.36,1.2,0.6
2026-01-10T10:00:00Z,9.8,5.01,0.0,0.0,0.38,0.85,1.3
2026-01-10T11:00:00Z,9.7,5.39,0.0,1.0,0.42,0.36,2.5
2026-01-10T12:00:00Z,9.4,6.73,0.0,35.0,0.44,-0.11,3.1
2026-01-10T13:00:00Z,8.8,8.59,0.0,41.0,0.46,-0.45,2.6
2026-01-10T14:00:00Z,8.0,9.77,0.0,54.0,0.5,-0.6,1.6
2026-01-10T15:00:00Z,7.4,10.36,0.0,80.0,0.52,-0.54,0.7
2026-01-10T16:00:00Z,6.8,10.52,0.0,1.0,0.54,-0.27,1.6
2026-01-10T17:00:00Z,6.3,10.04,0.0,0.0,0.56,0.16,2.9
2026-01-10T18:00:00Z,6.0,9.08,0.0,0.0,0.58,0.56,3.6
2026-01-10T19:00:00Z,5.7,8.75,0.0,0.0,0.58,0.83,3.2
2026-01-10T20:00:00Z,5.5,8.28,0.0,0.0,0.56,0.97,2.3
2026-01-10T21:00:00Z,5.4,8.12,0.0,0.0,0.56,0.97,1.1
2026-01-10T22:00:00Z,5.5,7.74,0.0,0.0,0.54,0.77,0.4
2026-01-10T23:00:00Z,5.3,7.75,0.0,0.0,0.54,0.39,1.8
2026-01-11T00:00:00Z,5.0,8.17,0.0,0.0,0.52,-0.04,2.8
2026-01-11T01:00:00Z,4.8,8.64,0.0,0.0,0.52,-0.36,2.8
2026-01-11T02:00:00Z,4.7,8.54,0.0,0.0,0.52,-0.51,2.3
2026-01-11T03:00:00Z,4.7,8.3,0.0,0.0,0.52,-0.49,1.4
2026-01-11T04:00:00Z,4.9,8.28,0.0,0.0,0.54,-0.27,0.7
2026-01-11T05:00:00Z,5.2,8.27,0.0,0.0,0.56,0.12,1.7
2026-01-11T06:00:00Z,5.5,8.22,0.0,0.0,0.58,0.52,2.7
2026-01-11T07:00:00Z,5.7,8.3,0.0,0.0,0.56,0.78,2.5
2026-01-11T08:00:00Z,5.8,8.44,0.0,0.0,0.56,0.89,1.8
2026-01-11T09:00:00Z,5.6,8.61,0.0,0.0,0.54,0.88,0.9
2026-01-11T10:00:00Z,5.2,8.43,0.0,0.0,0.52,0.69,0.6
2026-01-11T11:00:00Z,4.7,7.4,0.0,0.0,0.48,0.31,2.0
2026-01-11T12:00:00Z,4.5,6.15,0.0,0.0,0.46,-0.16,3.1
2026-01-11T13:00:00Z,4.4,5.14,0.0,1.0,0.44,-0.57,3.3
2026-01-11T14:00:00Z,4.4,4.88,0.0,1.0,0.4,-0.84,2.9
2026-01-11T15:00:00Z,4.4,4.6,0.0,22.0,0.38,-0.94,2.2
2026-01-11T16:00:00Z,4.4,3.94,0.0,50.0,0.34,-0.88,1.1
2026-01-11T17:00:00Z,4.4,3.34,0.0,1.0,0.32,-0.63,0.4
2026-01-11T18:00:00Z,4.5,2.62,0.0,1.0,0.28,-0.25,1.3
2026-01-11T19:00:00Z,4.7,2.93,0.0,0.0,0.26,0.1,1.8
2026-01-11T20:00:00Z,5.0,4.1,0.0,0.0,0.24,0.36,1.7
2026-01-11T21:00:00Z,5.3,5.46,0.0,0.0,0.22,0.55,1.3
2026-01-11T22:00:00Z,6.5,6.4,0.0,0.0,0.28,0.61,0.9
2026-01-11T23:00:00Z,6.8,7.75,0.0,0.0,0.36,0.48,1.3
2026-01-12T00:00:00Z,7.2,8.4,0.0,1.0,0.42,0.2,2.2
2026-01-12T01:00:00Z,7.6,8.76,0.0,0.0,0.42,-0.14,2.9
2026-01-12T02:00:00Z,8.0,9.17,0.0,0.0,0.42,-0.39,3.1
2026-01-12T03:00:00Z,8.5,8.85,0.0,0.0,0.42,-0.53,2.5
2026-01-12T04:00:00Z,8.9,7.98,0.0,3.0,0.4,-0.54,2.0
2026-01-12T05:00:00Z,9.4,7.01,0.0,15.0,0.36,-0.42,1.1
2026-01-12T06:00:00Z,9.9,6.1,0.0,9.0,0.34,-0.16,0.4
2026-01-12T07:00:00Z,10.2,5.4,0.0,11.0,0.34,0.1,1.0
2026-01-12T08:00:00Z,10.5,5.4,0.0,25.0,0.32,0.27,1.0
2026-01-12T09:00:00Z,10.7,5.85,0.0,48.0,0.32,0.36,0.9
2026-01-12T10:00:00Z,11.1,5.98,0.0,35.0,0.34,0.38,1.2
2026-01-12T11:00:00Z,11.2,6.03,0.0,1.0,0.34,0.25,1.7
2026-01-12T12:00:00Z,11.3,6.04,0.0,2.0,0.36,-0.04,2.6
2026-01-12T13:00:00Z,11.4,6.12,0.0,2.0,0.36,-0.43,3.3
2026-01-12T14:00:00Z,11.4,6.54,0.0,1.0,0.36,-0.77,3.4
2026-01-12T15:00:00Z,11.3,6.9,0.0,0.0,0.36,-0.96,2.9
2026-01-12T16:00:00Z,11.1,7.49,0.0,0.0,0.36,-1.02,2.2
2026-01-12T17:00:00Z,10.8,7.55,0.0,0.0,0.38,-0.91,1.1
2026-01-12T18:00:00Z,10.4,7.65,0.0,0.0,0.38,-0.61,0.4
2026-01-12T19:00:00Z,10.1,7.4,0.0,0.0,0.38,-0.19,1.8
2026-01-12T20:00:00Z,9.8,6.91,0.0,0.0,0.38,0.2,2.6
2026-01-12T21:00:00Z,9.5,6.71,0.0,0.0,0.38,0.53,2.6
2026-01-12T22:00:00Z,9.2,5.95,0.0,0.0,0.34,0.8,2.1
2026-01-12T23:00:00Z,8.8,5.54,0.0,0.0,0.3,0.95,1.4
2026-01-13T00:00:00Z,8.5,4.94,0.0,0.0,0.26,0.89,0.3
2026-01-13T01:00:00Z,8.2,4.59,0.0,0.0,0.24,0.66,1.0
2026-01-13T02:00:00Z,8.1,3.94,0.0,0.0,0.22,0.36,1.7
2026-01-13T03:00:00Z,8.0,3.43,0.0,0.0,0.2,0.11,2.1
2026-01-13T04:00:00Z,8.0,2.98,0.0,0.0,0.18,-0.05,1.9
2026-01-13T05:00:00Z,8.0,2.53,0.0,0.0,0.16,-0.12,1.5
2026-01-13T06:00:00Z,8.1,1.84,0.0,0.0,0.14,-0.03,0.8
2026-01-13T07:00:00Z,8.3,1.26,0.0,0.0,0.12,0.2,1.0
2026-01-13T08:00:00Z,8.6,1.39,0.0,0.0,0.1,0.43,1.8
2026-01-13T09:00:00Z,8.8,2.3,0.0,0.0,0.08,0.61,2.0
2026-01-13T10:00:00Z,9.9,3.63,0.0,0.0,0.08,0.76,1.8
2026-01-13T11:00:00Z,9.9,4.65,0.0,0.0,0.1,0.83,1.5
2026-01-13T12:00:00Z,10.1,5.25,0.0,0.0,0.1,0.74,0.8
2026-01-13T13:00:00Z,10.2,5.66,0.0,0.0,0.16,0.44,0.6
2026-01-13T14:00:00Z,10.4,6.13,0.0,0.0,0.24,0.05,1.6
2026-01-13T15:00:00Z,10.7,6.73,0.0,0.0,0.3,-0.31,2.0
2026-01-13T16:00:00Z,10.8,6.69,0.0,0.0,0.3,-0.56,2.0
2026-01-13T17:00:00Z,10.9,7.02,0.0,0.0,0.32,-0.7,1.6
2026-01-13T18:00:00Z,11.0,7.47,0.0,0.0,0.32,-0.69,1.1
2026-01-13T19:00:00Z,11.0,7.71,0.0,0.0,0.34,-0.47,0.2
2026-01-13T20:00:00Z,11.0,7.96,0.0,0.0,0.36,-0.14,1.3
2026-01-13T21:00:00Z,11.0,8.16,0.0,0.0,0.38,0.2,1.9
2026-01-13T22:00:00Z,11.2,8.15,0.0,0.0,0.4,0.53,1.9
2026-01-13T23:00:00Z,11.3,7.85,0.0,0.0,0.4,0.82,1.6
2026-01-14T00:00:00Z,11.3,7.8,0.0,0.0,0.42,0.96,1.2
2026-01-14T01:00:00Z,11.4,7.8,0.0,0.0,0.42,0.88,0.8
2026-01-14T02:00:00Z,11.6,7.45,0.0,0.0,0.4,0.59,2.0
2026-01-14T03:00:00Z,11.8,7.0,0.0,0.0,0.4,0.23,2.9
2026-01-14T04:00:00Z,12.0,6.75,0.0,0.0,0.38,-0.1,3.2
2026-01-14T05:00:00Z,12.2,6.61,0.0,1.0,0.36,-0.37,3.2
2026-01-14T06:00:00Z,12.4,6.77,0.0,84.0,0.34,-0.54,2.9
2026-01-14T07:00:00Z,12.5,7.19,0.0,77.0,0.36,-0.54,1.8
2026-01-14T08:00:00Z,12.6,7.62,0.0,0.0,0.4,-0.38,1.0
2026-01-14T09:00:00Z,12.6,8.26,0.0,0.0,0.42,-0.18,1.1
2026-01-14T10:00:00Z,12.6,9.2,0.0,0.0,0.48,0.0,1.4
2026-01-14T11:00:00Z,12.6,9.79,0.0,0.0,0.52,0.19,1.3
2026-01-14T12:00:00Z,12.7,10.18,0.0,0.0,0.58,0.31,1.3
2026-01-14T13:00:00Z,12.7,10.25,0.0,0.0,0.6,0.24,1.5
2026-01-14T14:00:00Z,12.6,10.5,0.0,0.0,0.62,-0.03,2.2
2026-01-14T15:00:00Z,12.6,10.71,0.0,0.0,0.64,-0.41,2.8
2026-01-14T16:00:00Z,12.7,10.53,0.0,0.0,0.64,-0.75,3.1
2026-01-14T17:00:00Z,12.7,10.11,0.0,0.0,0.66,-1.01,2.9
2026-01-14T18:00:00Z,12.8,9.81,0.0,0.0,0.66,-1.16,2.4
2026-01-14T19:00:00Z,12.9,9.6,0.0,0.0,0.6,-1.09,1.3
2026-01-14T20:00:00Z,12.9,9.24,0.0,0.0,0.56,-0.81,0.4
2026-01-14T21:00:00Z,12.8,8.49,0.0,0.0,0.5,-0.39,1.7
2026-01-14T22:00:00Z,12.7,7.41,0.0,1.0,0.44,0.05,2.6
2026-01-14T23:00:00Z,12.3,5.95,0.0,1.0,0.4,0.5,2.8
2026-01-15T00:00:00Z,11.8,5.17,0.0,0.0,0.34,0.9,2.6
2026-01-15T01:00:00Z,11.4,4.99,0.0,0.0,0.3,1.11,1.8
2026-01-15T02:00:00Z,11.1,4.96,0.0,0.0,0.26,1.05,0.5
2026-01-15T03:00:00Z,10.9,4.65,0.0,0.0,0.22,0.77,1.1
2026-01-15T04:00:00Z,11.0,4.3,0.0,0.0,0.2,0.41,2.2
2026-01-15T05:00:00Z,11.2,3.98,0.0,0.0,0.2,0.05,2.5
2026-01-15T06:00:00Z,11.5,3.38,0.0,0.0,0.18,-0.25,2.5
2026-01-15T07:00:00Z,11.7,2.19,0.0,0.0,0.16,-0.43,2.2
2026-01-15T08:00:00Z,11.6,1.56,0.0,0.0,0.16,-0.41,1.1
2026-01-15T09:00:00Z,12.4,3.04,0.0,0.0,0.14,-0.2,0.6
2026-01-15T10:00:00Z,11.2,4.48,0.0,0.0,0.14,0.07,1.7
2026-01-15T11:00:00Z,10.9,4.76,0.0,0.0,0.12,0.36,2.2
2026-01-15T12:00:00Z,10.7,5.05,0.0,0.0,0.12,0.64,2.1
2026-01-15T13:00:00Z,10.6,5.19,0.0,0.0,0.14,0.81,1.5
2026-01-15T14:00:00Z,10.6,5.03,0.0,0.0,0.18,0.73,0.6
2026-01-15T15:00:00Z,10.7,4.73,0.0,0.0,0.2,0.42,0.9
2026-01-15T16:00:00Z,10.7,4.34,0.0,0.0,0.2,-0.01,1.8
2026-01-15T17:00:00Z,10.7,3.8,0.0,0.0,0.2,-0.39,2.2
2026-01-15T18:00:00Z,10.8,3.28,0.0,0.0,0.2,-0.68,2.1
2026-01-15T19:00:00Z,10.8,2.72,0.0,0.0,0.2,-0.82,1.6
2026-01-15T20:00:00Z,10.8,2.39,0.0,0.0,0.18,-0.74,0.9
2026-01-15T21:00:00Z,10.8,2.36,0.0,0.0,0.18,-0.4,1.8
2026-01-15T22:00:00Z,10.9,2.35,0.0,0.0,0.18,0.08,3.1
2026-01-15T23:00:00Z,11.0,2.92,0.0,0.0,0.16,0.59,3.8
2026-01-16T00:00:00Z,11.2,3.31,0.0,0.0,0.16,1.07,3.8
2026-01-16T01:00:00Z,11.3,3.24,0.0,0.0,0.16,1.44,3.1
2026-01-16T02:00:00Z,11.4,3.21,0.0,0.0,0.14,1.55,1.8
2026-01-16T03:00:00Z,11.5,3.11,0.0,0.0,0.14,1.35,0.0
2026-01-16T04:00:00Z,11.7,2.71,0.0,0.0,0.14,0.91,1.6
2026-01-16T05:00:00Z,11.9,2.66,0.0,0.0,0.14,0.4,2.9
2026-01-16T06:00:00Z,12.1,2.82,0.0,0.0,0.14,-0.08,3.4
2026-01-16T07:00:00Z,12.1,3.12,0.0,0.0,0.14,-0.48,3.2
2026-01-16T08:00:00Z,12.1,3.42,0.0,0.0,0.14,-0.72,2.5
2026-01-16T09:00:00Z,11.9,3.73,0.0,0.0,0.14,-0.69,1.1
2026-01-16T10:00:00Z,12.0,3.6,0.0,0.0,0.14,-0.45,0.7
2026-01-16T11:00:00Z,11.9,3.71,0.0,0.0,0.14,-0.11,2.1
2026-01-16T12:00:00Z,11.8,3.57,0.0,0.0,0.14,0.24,2.4
2026-01-16T13:00:00Z,11.7,3.42,0.0,0.0,0.14,0.55,2.5
2026-01-16T14:00:00Z,11.6,3.29,0.0,0.0,0.14,0.68,1.9
2026-01-16T15:00:00Z,11.5,3.1,0.0,0.0,0.14,0.53,0.7
2026-01-16T16:00:00Z,11.5,2.9,0.0,0.0,0.14,0.13,1.3
2026-01-16T17:00:00Z,11.5,2.9,0.0,0.0,0.14,-0.34,2.3
2026-01-16T18:00:00Z,11.3,3.04,0.0,0.0,0.14,-0.76,2.5
2026-01-16T19:00:00Z,11.3,3.62,0.0,0.0,0.16,-1.06,2.2
2026-01-16T20:00:00Z,11.2,5.62,0.0,19.0,0.2,-1.16,1.2
2026-01-16T21:00:00Z,10.9,7.1,0.0,86.0,0.22,-0.96,1.0
2026-01-16T22:00:00Z,10.7,8.95,0.0,99.0,0.32,-0.47,2.9
2026-01-16T23:00:00Z,10.4,8.47,0.0,91.0,0.42,0.17,4.7
2026-01-17T00:00:00Z,10.4,7.7,0.0,72.0,0.52,0.83,5.6
2026-01-17T01:00:00Z,10.7,7.37,0.0,36.0,0.56,1.44,5.6
2026-01-17T02:00:00Z,10.9,7.61,0.0,29.0,0.62,1.87,4.7
2026-01-17T03:00:00Z,11.0,6.98,0.0,13.0,0.66,1.95,3.1
2026-01-17T04:00:00Z,11.0,6.8,0.0,9.0,0.64,1.68,1.1
2026-01-17T05:00:00Z,11.0,6.48,0.0,24.0,0.6,1.17,1.0
2026-01-17T06:00:00Z,11.0,6.44,0.0,45.0,0.58,0.61,2.4
2026-01-17T07:00:00Z,11.0,6.66,0.0,77.0,0.58,0.1,2.9
2026-01-17T08:00:00Z,11.0,7.37,0.0,92.0,0.56,-0.31,2.8
2026-01-17T09:00:00Z,10.9,7.74,0.0,94.0,0.56,-0.5,1.9
2026-01-17T10:00:00Z,10.6,7.27,0.0,69.0,0.56,-0.36,0.7
2026-01-17T11:00:00Z,10.7,7.03,0.0,69.0,0.58,0.01,2.2
2026-01-17T12:00:00Z,10.8,7.18,0.0,98.0,0.58,0.44,3.2
2026-01-17T13:00:00Z,10.8,6.9,0.0,100.0,0.58,0.85,3.4
2026-01-17T14:00:00Z,10.8,6.65,0.0,100.0,0.58,1.13,2.9
2026-01-17T15:00:00Z,10.8,6.19,0.0,100.0,0.58,1.14,1.8
2026-01-17T16:00:00Z,10.8,5.94,0.0,100.0,0.56,0.83,0.0
2026-01-17T17:00:00Z,10.7,5.96,0.0,100.0,0.54,0.3,1.7
2026-01-17T18:00:00Z,10.7,6.11,0.0,100.0,0.52,-0.28,2.8
2026-01-17T19:00:00Z,10.8,6.07,0.0,92.0,0.5,-0.76,3.0
2026-01-17T20:00:00Z,10.9,5.6,0.0,98.0,0.46,-1.07,2.4
2026-01-17T21:00:00Z,11.0,5.19,0.0,91.0,0.44,-1.14,1.4
2026-01-17T22:00:00Z,10.9,5.23,0.0,96.0,0.42,-0.85,1.4
2026-01-17T23:00:00Z,11.1,5.03,0.0,90.0,0.4,-0.25,3.6
2026-01-18T00:00:00Z,11.3,4.88,0.0,91.0,0.38,0.48,5.2
2026-01-18T01:00:00Z,11.4,4.55,0.0,74.0,0.36,1.18,5.8
2026-01-18T02:00:00Z,11.4,4.51,0.0,63.0,0.36,1.74,5.2
2026-01-18T03:00:00Z,11.5,4.47,0.0,55.0,0.34,2.02,3.8
2026-01-18T04:00:00Z,11.5,4.03,0.0,94.0,0.34,1.9,1.8
2026-01-18T05:00:00Z,11.5,3.79,0.0,89.0,0.34,1.44,0.5
2026-01-18T06:00:00Z,11.5,3.99,0.0,92.0,0.34,0.8,2.5
2026-01-18T07:00:00Z,11.5,4.39,0.0,100.0,0.34,0.15,3.4
2026-01-18T08:00:00Z,11.6,4.71,0.0,98.0,0.34,-0.4,3.6
2026-01-18T09:00:00Z,11.6,4.68,0.0,75.0,0.34,-0.77,3.1
2026-01-18T10:00:00Z,11.8,4.34,0.0,52.0,0.34,-0.84,1.5
2026-01-18T11:00:00Z,11.8,4.32,0.0,42.0,0.34,-0.56,0.9
2026-01-18T12:00:00Z,11.8,4.29,0.0,49.0,0.34,-0.08,2.9
2026-01-18T13:00:00Z,11.7,4.98,0.0,52.0,0.36,0.42,3.8
2026-01-18T14:00:00Z,11.6,6.0,0.0,47.0,0.38,0.81,3.6
2026-01-18T15:00:00Z,11.5,6.87,0.0,50.0,0.4,1.02,2.8
2026-01-18T16:00:00Z,11.3,7.31,0.0,55.0,0.42,0.94,1.3
2026-01-18T17:00:00Z,11.2,7.25,0.0,58.0,0.44,0.55,0.5
2026-01-18T18:00:00Z,11.2,7.01,0.0,61.0,0.46,-0.03,2.0
2026-01-18T19:00:00Z,11.1,6.85,0.0,58.0,0.52,-0.61,3.0
2026-01-18T20:00:00Z,11.0,7.22,0.0,62.0,0.56,-1.03,3.0
2026-01-18T21:00:00Z,10.8,7.4,0.0,70.0,0.62,-1.25,2.3
2026-01-18T22:00:00Z,10.6,7.53,0.0,65.0,0.68,-1.16,1.3
2026-01-18T23:00:00Z,10.4,8.96,0.0,79.0,0.76,-0.68,2.7
2026-01-19T00:00:00Z,10.2,10.63,0.0,96.0,0.82,0.09,4.9
2026-01-19T01:00:00Z,10.0,11.18,0.0,100.0,0.86,0.92,6.3
2026-01-19T02:00:00Z,10.0,10.99,0.0,100.0,0.92,1.63,6.1
2026-01-19T03:00:00Z,9.9,11.13,0.0,100.0,0.96,2.11,5.1
2026-01-19T04:00:00Z,9.5,11.59,0.0,100.0,1.0,2.27,3.3
2026-01-19T05:00:00Z,9.2,11.97,0.0,100.0,1.02,2.05,1.2
2026-01-19T06:00:00Z,8.9,12.42,0.1,100.0,1.06,1.51,1.5
2026-01-19T07:00:00Z,8.5,12.45,0.1,100.0,1.1,0.84,3.0
2026-01-19T08:00:00Z,8.3,12.64,0.1,100.0,1.12,0.21,3.9
2026-01-19T09:00:00Z,8.0,12.9,0.1,100.0,1.16,-0.28,3.8
2026-01-19T10:00:00Z,7.6,12.71,0.1,100.0,1.38,-0.53,2.7
2026-01-19T11:00:00Z,7.4,13.04,0.2,100.0,1.58,-0.42,1.7
2026-01-19T12:00:00Z,7.3,13.31,0.2,100.0,1.8,0.03,2.5
2026-01-19T13:00:00Z,7.1,13.14,0.2,100.0,1.7,0.62,3.8
2026-01-19T14:00:00Z,6.9,12.97,0.1,100.0,1.58,1.14,4.2
2026-01-19T15:00:00Z,6.8,12.81,0.2,100.0,1.48,1.48,3.4
2026-01-19T16:00:00Z,6.6,13.0,0.1,100.0,1.4,1.58,2.2
2026-01-19T17:00:00Z,6.5,13.13,0.1,100.0,1.32,1.34,0.6
2026-01-19T18:00:00Z,6.3,13.12,0.1,100.0,1.24,0.81,2.0
2026-01-19T19:00:00Z,6.1,12.88,0.1,100.0,1.28,0.16,3.5
2026-01-19T20:00:00Z,5.9,12.43,0.1,100.0,1.3,-0.43,4.1
2026-01-19T21:00:00Z,5.8,11.94,0.0,100.0,1.34,-0.82,3.9
2026-01-19T22:00:00Z,5.4,11.3,0.0,100.0,1.28,-0.97,2.8
2026-01-19T23:00:00Z,5.5,11.25,0.1,100.0,1.22,-0.76,2.0
2026-01-20T00:00:00Z,5.5,11.31,0.1,100.0,1.16,-0.17,3.2
2026-01-20T01:00:00Z,5.5,11.55,0.1,100.0,1.14,0.65,4.8
2026-01-20T02:00:00Z,5.6,11.7,0.1,100.0,1.12,1.42,5.7
2026-01-20T03:00:00Z,5.9,12.1,0.1,100.0,1.1,1.99,4.9
2026-01-20T04:00:00Z,5.7,11.95,0.1,100.0,1.1,2.29,3.3
2026-01-20T05:00:00Z,5.6,11.7,0.1,100.0,1.1,2.23,1.3
2026-01-20T06:00:00Z,5.8,12.01,0.1,100.0,1.1,1.79,1.5
2026-01-20T07:00:00Z,5.7,12.11,0.1,100.0,1.08,1.09,3.6
2026-01-20T08:00:00Z,5.6,11.75,0.1,100.0,1.06,0.34,5.0
2026-01-20T09:00:00Z,5.7,11.71,0.1,100.0,1.04,-0.31,5.4
2026-01-20T10:00:00Z,4.9,11.72,0.1,100.0,1.02,-0.75,4.6
2026-01-20T11:00:00Z,4.9,11.51,0.0,100.0,1.0,-0.9,3.1
2026-01-20T12:00:00Z,4.8,11.37,0.0,100.0,0.98,-0.67,1.5
2026-01-20T13:00:00Z,4.8,11.35,0.0,100.0,0.98,-0.12,2.3
2026-01-20T14:00:00Z,4.9,10.76,0.0,100.0,0.96,0.49,3.6
2026-01-20T15:00:00Z,4.8,10.81,0.0,100.0,0.96,0.93,3.6
2026-01-20T16:00:00Z,4.8,11.04,0.0,100.0,0.96,1.15,2.3
2026-01-20T17:00:00Z,4.7,11.43,0.0,100.0,0.96,1.1,0.7
2026-01-20T18:00:00Z,4.4,11.35,0.0,100.0,0.96,0.73,1.1
2026-01-20T19:00:00Z,4.1,11.04,0.0,100.0,0.94,0.15,3.0
2026-01-20T20:00:00Z,3.9,11.06,0.0,100.0,0.92,-0.5,4.1
2026-01-20T21:00:00Z,3.9,11.22,0.0,100.0,0.9,-1.03,4.2
2026-01-20T22:00:00Z,3.2,10.79,0.0,100.0,0.88,-1.32,3.4
2026-01-20T23:00:00Z,3.2,10.6,0.0,100.0,0.84,-1.31,1.8
2026-01-21T00:00:00Z,3.2,10.75,0.0,100.0,0.82,-0.92,2.0
2026-01-21T01:00:00Z,3.2,10.7,0.0,100.0,0.86,-0.16,4.3
2026-01-21T02:00:00Z,3.1,9.96,0.0,100.0,0.88,0.72,6.0
2026-01-21T03:00:00Z,3.2,9.87,0.0,100.0,0.92,1.45,6.1
2026-01-21T04:00:00Z,3.5,9.88,0.0,97.0,0.88,1.92,4.9
2026-01-21T05:00:00Z,3.8,9.96,0.0,99.0,0.86,2.08,2.9
2026-01-21T06:00:00Z,4.0,10.07,0.0,100.0,0.82,1.87,0.5
2026-01-21T07:00:00Z,4.1,10.38,0.0,100.0,0.78,1.32,1.8
2026-01-21T08:00:00Z,4.1,10.49,0.0,100.0,0.76,0.58,3.8
2026-01-21T09:00:00Z,4.0,10.54,0.0,100.0,0.72,-0.14,4.8
2026-01-21T10:00:00Z,3.6,10.58,0.0,100.0,0.74,-0.68,4.6
2026-01-21T11:00:00Z,3.7,10.15,0.0,100.0,0.74,-0.95,3.4
2026-01-21T12:00:00Z,3.7,9.8,0.0,100.0,0.76,-0.88,1.5
2026-01-21T13:00:00Z,3.7,9.69,0.0,100.0,0.76,-0.44,1.9
2026-01-21T14:00:00Z,3.6,9.59,0.0,100.0,0.76,0.23,3.8
2026-01-21T15:00:00Z,3.7,9.59,0.0,100.0,0.76,0.83,4.5
2026-01-21T16:00:00Z,3.7,9.58,0.0,100.0,0.74,1.2,3.8
2026-01-21T17:00:00Z,3.6,9.19,0.0,100.0,0.72,1.31,2.2
2026-01-21T18:00:00Z,3.5,8.65,0.0,100.0,0.7,1.13,0.2
2026-01-21T19:00:00Z,3.3,8.38,0.0,100.0,0.7,0.69,1.8
2026-01-21T20:00:00Z,3.2,8.66,0.0,100.0,0.72,0.05,3.5
2026-01-21T21:00:00Z,3.1,8.56,0.0,100.0,0.72,-0.59,4.4
2026-01-21T22:00:00Z,2.3,9.13,0.0,100.0,0.7,-1.05,4.3
2026-01-21T23:00:00Z,2.2,9.11,0.0,100.0,0.7,-1.23,3.1
2026-01-22T00:00:00Z,2.3,8.51,0.0,100.0,0.68,-1.08,1.5
2026-01-22T01:00:00Z,2.5,8.32,0.0,100.0,0.66,-0.55,2.3
2026-01-22T02:00:00Z,2.8,7.78,0.0,100.0,0.66,0.26,4.6
2026-01-22T03:00:00Z,3.1,7.8,0.0,100.0,0.64,1.09,5.8
2026-01-22T04:00:00Z,3.4,7.78,0.0,100.0,0.6,1.68,5.2
2026-01-22T05:00:00Z,3.7,7.68,0.0,100.0,0.56,1.95,3.6
2026-01-22T06:00:00Z,3.9,7.25,0.0,100.0,0.52,1.89,1.3
2026-01-22T07:00:00Z,4.1,6.82,0.0,100.0,0.48,1.5,1.1
2026-01-22T08:00:00Z,4.2,6.4,0.0,100.0,0.46,0.84,3.3
2026-01-22T09:00:00Z,4.2,5.77,0.0,99.0,0.42,0.08,4.8
2026-01-22T10:00:00Z,3.9,5.18,0.0,95.0,0.42,-0.58,5.2
2026-01-22T11:00:00Z,3.9,5.0,0.0,69.0,0.42,-0.99,4.5
2026-01-22T12:00:00Z,3.8,4.36,0.0,14.0,0.42,-1.11,2.8
2026-01-22T13:00:00Z,3.8,3.71,0.0,19.0,0.4,-0.87,1.3
2026-01-22T14:00:00Z,3.8,2.93,0.0,15.0,0.36,-0.32,2.5
2026-01-22T15:00:00Z,3.7,2.68,0.0,6.0,0.34,0.35,4.0
2026-01-22T16:00:00Z,3.7,2.89,0.0,9.0,0.32,0.84,4.1
2026-01-22T17:00:00Z,3.7,2.89,0.0,12.0,0.28,1.07,2.9
2026-01-22T18:00:00Z,3.7,2.54,0.0,18.0,0.26,1.04,1.1
2026-01-22T19:00:00Z,3.8,2.29,0.0,26.0,0.24,0.75,0.9
2026-01-22T20:00:00Z,3.8,2.17,0.0,14.0,0.22,0.23,2.8
2026-01-22T21:00:00Z,3.9,1.67,0.0,0.0,0.2,-0.4,4.1
2026-01-22T22:00:00Z,3.6,1.26,0.0,0.0,0.2,-0.96,4.7
2026-01-22T23:00:00Z,3.8,1.08,0.0,0.0,0.18,-1.3,4.0
2026-01-23T00:00:00Z,4.0,0.49,0.0,0.0,0.18,-1.34,2.6
2026-01-23T01:00:00Z,4.2,1.0,0.0,0.0,0.16,-1.06,1.5
2026-01-23T02:00:00Z,4.4,1.99,0.0,0.0,0.16,-0.44,3.0
2026-01-23T03:00:00Z,4.5,2.34,0.0,0.0,0.14,0.37,4.7
2026-01-23T04:00:00Z,4.5,1.23,0.0,0.0,0.14,1.07,5.2
2026-01-23T05:00:00Z,4.5,0.81,0.0,0.0,0.14,1.48,4.1
2026-01-23T06:00:00Z,4.6,1.31,0.0,0.0,0.14,1.57,2.2
2026-01-23T07:00:00Z,4.8,1.37,0.0,0.0,0.14,1.38,0.4
2026-01-23T08:00:00Z,5.0,1.05,0.0,0.0,0.14,0.9,2.3
2026-01-23T09:00:00Z,5.3,0.88,0.0,0.0,0.14,0.22,4.1
2026-01-23T10:00:00Z,5.7,1.56,0.0,0.0,0.14,-0.47,5.2
2026-01-23T11:00:00Z,6.0,1.61,0.0,0.0,0.12,-1.0,5.1
2026-01-23T12:00:00Z,6.2,1.64,0.0,0.0,0.12,-1.25,3.8
2026-01-23T13:00:00Z,6.5,1.73,0.0,0.0,0.12,-1.18,1.8
2026-01-23T14:00:00Z,6.8,2.12,0.0,0.0,0.12,-0.81,0.9
2026-01-23T15:00:00Z,6.9,2.29,0.0,34.0,0.12,-0.17,2.9
2026-01-23T16:00:00Z,6.9,2.31,0.0,86.0,0.12,0.48,4.2
2026-01-23T17:00:00Z,7.0,2.38,0.0,83.0,0.1,0.92,4.0
2026-01-23T18:00:00Z,6.9,2.68,0.0,88.0,0.1,1.08,2.6
2026-01-23T19:00:00Z,6.9,3.24,0.0,45.0,0.1,1.0,0.8
2026-01-23T20:00:00Z,6.9,3.96,0.0,0.0,0.1,0.68,1.1
2026-01-23T21:00:00Z,6.8,4.52,0.0,0.0,0.1,0.18,2.5
2026-01-23T22:00:00Z,6.4,4.37,0.0,0.0,0.1,-0.38,3.6
2026-01-23T23:00:00Z,6.3,4.43,0.0,0.0,0.1,-0.83,3.7
2026-01-24T00:00:00Z,6.3,4.81,0.0,0.0,0.1,-1.02,2.7
2026-01-24T01:00:00Z,6.3,5.12,0.0,0.0,0.12,-0.93,1.3
2026-01-24T02:00:00Z,6.4,5.6,0.0,0.0,0.12,-0.56,1.8
2026-01-24T03:00:00Z,6.4,5.48,0.0,0.0,0.14,0.08,3.5
2026-01-24T04:00:00Z,6.4,5.28,0.0,0.0,0.16,0.8,5.1
2026-01-24T05:00:00Z,6.5,4.58,0.0,0.0,0.2,1.35,5.0
2026-01-24T06:00:00Z,6.6,3.4,0.0,0.0,0.22,1.58,3.6
2026-01-24T07:00:00Z,6.7,2.84,0.0,0.0,0.22,1.54,1.5
2026-01-24T08:00:00Z,6.8,2.73,0.0,3.0,0.24,1.24,0.6
2026-01-24T09:00:00Z,7.0,2.72,0.0,3.0,0.24,0.71,2.5
2026-01-24T10:00:00Z,7.3,2.91,0.0,14.0,0.24,0.04,3.8
2026-01-24T11:00:00Z,7.5,4.11,0.0,42.0,0.26,-0.56,4.4
2026-01-24T12:00:00Z,7.8,4.8,0.0,47.0,0.26,-0.95,3.8
2026-01-24T13:00:00Z,8.1,5.13,0.0,62.0,0.26,-1.06,2.2
2026-01-24T14:00:00Z,8.4,4.95,0.0,60.0,0.26,-0.89,0.4
2026-01-24T15:00:00Z,8.6,4.85,0.0,56.0,0.26,-0.45,2.0
2026-01-24T16:00:00Z,8.9,4.85,0.0,49.0,0.24,0.16,3.8
2026-01-24T17:00:00Z,9.0,4.94,0.0,36.0,0.24,0.72,4.6
2026-01-24T18:00:00Z,9.1,4.5,0.0,30.0,0.22,1.04,3.9
2026-01-24T19:00:00Z,9.2,3.96,0.0,24.0,0.24,1.08,2.3
2026-01-24T20:00:00Z,9.2,4.18,0.0,21.0,0.24,0.93,0.8
2026-01-24T21:00:00Z,9.3,4.76,0.0,14.0,0.26,0.57,1.5
2026-01-24T22:00:00Z,9.2,5.97,0.0,30.0,0.3,0.07,2.7
2026-01-24T23:00:00Z,9.4,6.31,0.0,33.0,0.32,-0.44,3.4
2026-01-25T00:00:00Z,9.5,6.89,0.0,24.0,0.36,-0.79,3.3
2026-01-25T01:00:00Z,9.6,7.47,0.0,3.0,0.38,-0.88,2.0
2026-01-25T02:00:00Z,9.8,7.0,0.0,27.0,0.4,-0.73,0.3
2026-01-25T03:00:00Z,9.9,6.42,0.0,31.0,0.42,-0.33,1.8
2026-01-25T04:00:00Z,9.9,6.51,0.0,35.0,0.44,0.25,3.4
2026-01-25T05:00:00Z,9.9,6.7,0.0,32.0,0.44,0.84,4.6
2026-01-25T06:00:00Z,10.0,6.72,0.0,49.0,0.46,1.21,4.2
2026-01-25T07:00:00Z,10.1,6.86,0.0,58.0,0.48,1.29,2.7
2026-01-25T08:00:00Z,10.1,7.4,0.0,84.0,0.5,1.14,1.2
2026-01-25T09:00:00Z,10.2,7.91,0.0,97.0,0.52,0.8,1.4
2026-01-25T10:00:00Z,10.3,8.81,0.0,90.0,0.54,0.29,2.6
2026-01-25T11:00:00Z,10.4,9.09,0.0,84.0,0.56,-0.28,3.6
2026-01-25T12:00:00Z,10.4,8.64,0.0,73.0,0.58,-0.74,3.8
2026-01-25T13:00:00Z,10.4,8.04,0.0,81.0,0.58,-0.99,3.1
2026-01-25T14:00:00Z,10.4,7.43,0.0,67.0,0.6,-0.99,1.6
2026-01-25T15:00:00Z,10.4,6.95,0.0,88.0,0.6,-0.76,0.2
2026-01-25T16:00:00Z,10.4,7.19,0.1,99.0,0.58,-0.31,2.2
2026-01-25T17:00:00Z,10.4,7.69,0.0,100.0,0.58,0.27,3.6
2026-01-25T18:00:00Z,10.5,7.6,0.0,96.0,0.56,0.75,4.2
2026-01-25T19:00:00Z,10.6,6.99,0.0,86.0,0.6,1.01,3.4
2026-01-25T20:00:00Z,10.6,6.34,0.1,87.0,0.62,1.05,2.1
2026-01-25T21:00:00Z,10.6,5.97,0.1,100.0,0.66,0.91,0.9
2026-01-25T22:00:00Z,10.7,5.69,0.1,90.0,0.64,0.61,1.5
2026-01-25T23:00:00Z,10.7,5.32,0.1,94.0,0.6,0.18,2.5
2026-01-26T00:00:00Z,10.7,5.13,0.1,100.0,0.58,-0.24,3.1
2026-01-26T01:00:00Z,10.7,4.99,0.1,99.0,0.58,-0.49,2.7
2026-01-26T02:00:00Z,10.7,4.79,0.1,99.0,0.58,-0.53,1.8
2026-01-26T03:00:00Z,10.6,4.02,0.1,98.0,0.58,-0.38,0.4
2026-01-26T04:00:00Z,10.5,2.89,0.2,100.0,0.54,-0.06,1.1
2026-01-26T05:00:00Z,10.3,3.0,0.3,100.0,0.5,0.4,2.2
2026-01-26T06:00:00Z,10.2,5.32,0.3,100.0,0.46,0.83,2.8
2026-01-26T07:00:00Z,10.0,7.26,0.5,100.0,0.46,1.06,2.1
2026-01-26T08:00:00Z,9.6,8.22,0.6,100.0,0.48,1.04,0.8
2026-01-26T09:00:00Z,9.4,8.43,0.6,100.0,0.48,0.85,1.0
2026-01-26T10:00:00Z,9.0,7.22,0.4,100.0,0.58,0.51,2.2
2026-01-26T11:00:00Z,9.0,7.57,0.2,100.0,0.66,0.08,2.9
2026-01-26T12:00:00Z,9.2,9.28,0.1,100.0,0.76,-0.39,3.2
2026-01-26T13:00:00Z,9.0,10.33,0.1,100.0,0.8,-0.73,2.8
2026-01-26T14:00:00Z,8.4,10.7,0.2,100.0,0.82,-0.86,1.7
2026-01-26T15:00:00Z,7.9,10.32,0.1,100.0,0.86,-0.78,1.3
2026-01-26T16:00:00Z,7.6,10.18,0.1,100.0,0.86,-0.52,2.5
2026-01-26T17:00:00Z,7.4,10.09,0.1,100.0,0.86,-0.08,3.8
2026-01-26T18:00:00Z,7.2,10.42,0.1,100.0,0.86,0.46,5.1
2026-01-26T19:00:00Z,7.0,10.48,0.0,100.0,0.86,0.91,5.2
2026-01-26T20:00:00Z,6.9,10.15,0.0,100.0,0.84,1.15,4.3
2026-01-26T21:00:00Z,6.8,9.86,0.0,100.0,0.84,1.22,2.7
2026-01-26T22:00:00Z,6.6,9.5,0.0,100.0,0.88,1.13,1.3
2026-01-26T23:00:00Z,6.6,9.41,0.0,96.0,0.9,0.9,0.4
2026-01-27T00:00:00Z,6.7,9.16,0.0,93.0,0.94,0.55,1.6
2026-01-27T01:00:00Z,6.6,9.35,0.0,52.0,0.88,0.2,2.2
2026-01-27T02:00:00Z,6.6,9.42,0.0,54.0,0.8,-0.04,2.3
2026-01-27T03:00:00Z,6.5,9.15,0.0,78.0,0.74,-0.13,1.7
2026-01-27T04:00:00Z,6.4,8.8,0.0,74.0,0.72,-0.08,0.9
2026-01-27T05:00:00Z,6.5,8.8,0.0,93.0,0.7,0.12,1.3
2026-01-27T06:00:00Z,6.4,8.86,0.0,96.0,0.68,0.44,2.1
2026-01-27T07:00:00Z,6.3,8.75,0.0,85.0,0.66,0.75,2.7
2026-01-27T08:00:00Z,6.2,8.64,0.0,53.0,0.66,0.89,2.3
2026-01-27T09:00:00Z,6.2,8.22,0.0,29.0,0.64,0.88,1.1
2026-01-27T10:00:00Z,6.1,7.63,0.0,26.0,0.62,0.77,0.2
2026-01-27T11:00:00Z,6.5,7.24,0.0,26.0,0.58,0.52,1.1
2026-01-27T12:00:00Z,6.7,7.38,0.0,36.0,0.56,0.14,2.2
2026-01-27T13:00:00Z,6.8,7.47,0.0,38.0,0.54,-0.26,2.7
2026-01-27T14:00:00Z,6.8,7.37,0.0,42.0,0.52,-0.57,2.7
2026-01-27T15:00:00Z,6.7,6.88,0.0,44.0,0.5,-0.71,2.2
2026-01-27T16:00:00Z,6.7,6.48,0.0,37.0,0.48,-0.71,1.5
2026-01-27T17:00:00Z,6.8,6.53,0.0,42.0,0.48,-0.54,1.4
2026-01-27T18:00:00Z,6.7,6.8,0.0,39.0,0.46,-0.17,2.4
2026-01-27T19:00:00Z,6.6,6.88,0.0,42.0,0.48,0.31,3.5
2026-01-27T20:00:00Z,6.6,7.01,0.0,52.0,0.5,0.72,4.0
2026-01-27T21:00:00Z,6.5,6.69,0.0,58.0,0.52,0.97,3.4
2026-01-27T22:00:00Z,6.3,6.02,0.0,55.0,0.5,1.11,2.4
2026-01-27T23:00:00Z,6.4,5.54,0.0,84.0,0.46,1.12,1.1
2026-01-28T00:00:00Z,6.4,5.01,0.0,95.0,0.44,0.94,0.7
2026-01-28T01:00:00Z,6.6,4.74,0.0,93.0,0.44,0.64,1.5
2026-01-28T02:00:00Z,6.6,4.99,0.0,87.0,0.42,0.31,2.2
2026-01-28T03:00:00Z,6.6,5.69,0.0,73.0,0.42,0.04,2.2
2026-01-28T04:00:00Z,6.7,5.81,0.0,73.0,0.42,-0.12,1.9
2026-01-28T05:00:00Z,6.7,6.1,0.0,37.0,0.44,-0.19,1.5
2026-01-28T06:00:00Z,6.7,6.31,0.0,19.0,0.44,-0.12,1.1
2026-01-28T07:00:00Z,6.8,6.07,0.0,4.0,0.42,0.1,1.5
2026-01-28T08:00:00Z,6.9,5.97,0.0,5.0,0.42,0.33,2.0
2026-01-28T09:00:00Z,6.9,5.87,0.0,1.0,0.4,0.48,2.0
2026-01-28T10:00:00Z,7.0,5.31,0.0,2.0,0.38,0.53,1.3
2026-01-28T11:00:00Z,7.2,5.53,0.0,1.0,0.38,0.51,0.4
2026-01-28T12:00:00Z,7.4,5.06,0.0,2.0,0.36,0.35,0.6
2026-01-28T13:00:00Z,7.6,4.6,0.0,3.0,0.32,0.04,1.7
2026-01-28T14:00:00Z,7.7,4.42,0.0,26.0,0.3,-0.33,2.4
2026-01-28T15:00:00Z,7.8,4.54,0.0,21.0,0.26,-0.65,2.5
2026-01-28T16:00:00Z,7.9,4.82,0.0,52.0,0.26,-0.86,2.1
2026-01-28T17:00:00Z,8.0,4.84,0.0,81.0,0.24,-0.93,1.5
2026-01-28T18:00:00Z,8.0,5.19,0.0,81.0,0.24,-0.85,0.9
2026-01-28T19:00:00Z,8.1,5.83,0.0,39.0,0.24,-0.54,1.6
2026-01-28T20:00:00Z,8.1,6.11,0.0,20.0,0.24,-0.08,3.1
2026-01-28T21:00:00Z,8.2,6.33,0.0,21.0,0.24,0.36,3.8
2026-01-28T22:00:00Z,8.3,5.75,0.0,37.0,0.28,0.74,3.6
2026-01-28T23:00:00Z,8.3,5.95,0.0,57.0,0.34,1.03,2.9
2026-01-29T00:00:00Z,8.4,6.0,0.0,81.0,0.38,1.17,2.0
2026-01-29T01:00:00Z,8.5,6.5,0.0,56.0,0.38,1.09,0.7
2026-01-29T02:00:00Z,8.5,7.16,0.0,56.0,0.4,0.82,0.7
2026-01-29T03:00:00Z,8.5,7.65,0.0,58.0,0.4,0.47,1.6
2026-01-29T04:00:00Z,8.5,7.9,0.0,46.0,0.4,0.14,2.0
2026-01-29T05:00:00Z,8.5,7.95,0.0,69.0,0.42,-0.14,1.8
2026-01-29T06:00:00Z,8.6,8.25,0.0,91.0,0.42,-0.33,1.4
2026-01-29T07:00:00Z,8.6,8.05,0.0,97.0,0.46,-0.34,0.4
2026-01-29T08:00:00Z,8.7,8.36,0.0,92.0,0.5,-0.16,1.0
2026-01-29T09:00:00Z,8.7,8.41,0.0,89.0,0.54,0.09,2.1
2026-01-29T10:00:00Z,8.9,7.85,0.0,93.0,0.56,0.32,2.4
2026-01-29T11:00:00Z,8.9,8.0,0.0,98.0,0.6,0.52,2.1
2026-01-29T12:00:00Z,8.9,8.25,0.0,96.0,0.62,0.64,1.5
2026-01-29T13:00:00Z,8.8,8.41,0.0,98.0,0.62,0.58,0.6
2026-01-29T14:00:00Z,8.7,8.81,0.0,97.0,0.64,0.33,0.7
2026-01-29T15:00:00Z,8.6,8.96,0.0,97.0,0.64,-0.05,1.6
2026-01-29T16:00:00Z,8.7,9.0,0.0,97.0,0.64,-0.41,2.0
2026-01-29T17:00:00Z,8.8,8.91,0.0,93.0,0.64,-0.67,1.6
2026-01-29T18:00:00Z,8.9,8.79,0.0,98.0,0.64,-0.82,1.1
2026-01-29T19:00:00Z,8.9,8.64,0.0,100.0,0.64,-0.78,0.5
2026-01-29T20:00:00Z,8.9,8.1,0.2,100.0,0.66,-0.47,1.7
2026-01-29T21:00:00Z,8.7,7.81,0.4,100.0,0.66,0.01,3.4
2026-01-29T22:00:00Z,8.5,7.0,0.5,99.0,0.66,0.54,4.3
2026-01-29T23:00:00Z,8.5,6.89,0.5,100.0,0.66,1.05,4.5
2026-01-30T00:00:00Z,8.6,7.34,0.5,100.0,0.66,1.48,4.0
2026-01-30T01:00:00Z,8.7,7.83,0.6,100.0,0.78,1.71,2.9
2026-01-30T02:00:00Z,8.8,8.57,0.6,100.0,0.92,1.66,1.4
2026-01-30T03:00:00Z,8.7,9.13,0.7,100.0,1.04,1.35,0.4
2026-01-30T04:00:00Z,8.4,9.6,0.8,100.0,1.02,0.92,1.5
2026-01-30T05:00:00Z,8.1,10.02,0.7,100.0,1.0,0.46,2.2
2026-01-30T06:00:00Z,8.1,10.43,0.5,100.0,0.98,0.04,2.6
2026-01-30T07:00:00Z,8.0,10.97,0.6,100.0,1.02,-0.27,2.1
2026-01-30T08:00:00Z,7.9,11.4,0.8,100.0,1.06,-0.35,1.0
2026-01-30T09:00:00Z,7.7,11.22,0.7,100.0,1.1,-0.17,1.1
2026-01-30T10:00:00Z,7.3,11.69,0.5,100.0,1.12,0.15,2.3
2026-01-30T11:00:00Z,7.3,11.12,0.6,100.0,1.14,0.49,2.9
2026-01-30T12:00:00Z,7.3,10.55,0.8,100.0,1.16,0.79,2.5
2026-01-30T13:00:00Z,7.2,10.26,0.9,100.0,1.08,0.97,1.8
2026-01-30T14:00:00Z,7.2,9.92,0.9,100.0,1.0,0.91,0.4
2026-01-30T15:00:00Z,7.2,9.4,0.9,100.0,0.92,0.58,1.2
2026-01-30T16:00:00Z,7.1,9.27,0.9,100.0,0.9,0.1,2.7
2026-01-30T17:00:00Z,7.0,9.55,0.9,100.0,0.86,-0.39,3.2
2026-01-30T18:00:00Z,6.8,9.57,0.9,100.0,0.84,-0.79,3.3
2026-01-30T19:00:00Z,6.7,9.39,1.0,100.0,0.82,-1.06,2.9
2026-01-30T20:00:00Z,6.8,9.3,0.8,100.0,0.8,-1.08,2.1
2026-01-30T21:00:00Z,6.7,9.37,0.7,100.0,0.78,-0.75,1.7
2026-01-30T22:00:00Z,6.2,9.01,0.5,100.0,0.76,-0.18,3.2
2026-01-30T23:00:00Z,6.3,9.04,0.3,100.0,0.74,0.47,4.6
2026-01-31T00:00:00Z,6.4,8.81,0.2,100.0,0.72,1.1,4.7
2026-01-31T01:00:00Z,6.5,8.98,0.1,99.0,0.72,1.63,4.2
2026-01-31T02:00:00Z,6.5,8.87,0.1,99.0,0.74,1.86,2.9
2026-01-31T03:00:00Z,6.6,8.78,0.0,100.0,0.74,1.72,1.0
2026-01-31T04:00:00Z,6.7,8.52,0.0,100.0,0.72,1.3,1.3
2026-01-31T05:00:00Z,6.7,8.4,0.0,100.0,0.72,0.74,2.8
2026-01-31T06:00:00Z,6.6,8.6,0.0,100.0,0.7,0.15,3.7
2026-01-31T07:00:00Z,6.5,8.88,0.0,100.0,0.68,-0.4,4.1
2026-01-31T08:00:00Z,6.4,8.15,0.1,100.0,0.66,-0.78,3.6
2026-01-31T09:00:00Z,6.2,7.56,0.2,99.0,0.64,-0.84,2.0
2026-01-31T10:00:00Z,5.5,7.39,0.2,78.0,0.62,-0.59,0.6
2026-01-31T11:00:00Z,5.5,7.29,0.1,22.0,0.62,-0.16,2.2
2026-01-31T12:00:00Z,5.6,7.5,0.0,4.0,0.6,0.31,2.9
2026-01-31T13:00:00Z,5.6,7.92,0.0,7.0,0.58,0.73,2.9
2026-01-31T14:00:00Z,5.5,7.51,0.0,0.0,0.54,0.95,2.0
2026-01-31T15:00:00Z,5.4,7.18,0.0,0.0,0.52,0.84,0.6
2026-01-31T16:00:00Z,5.4,6.67,0.0,2.0,0.48,0.44,1.2
2026-01-31T17:00:00Z,5.4,6.52,0.0,6.0,0.46,-0.11,2.7
2026-01-31T18:00:00Z,5.4,6.21,0.0,2.0,0.42,-0.65,3.4
2026-01-31T19:00:00Z,5.3,5.91,0.0,5.0,0.4,-1.09,3.5
2026-01-31T20:00:00Z,5.3,5.56,0.0,9.0,0.36,-1.36,2.9
2026-01-31T21:00:00Z,5.3,6.08,0.0,15.0,0.34,-1.31,1.8
2026-01-31T22:00:00Z,5.1,5.45,0.0,36.0,0.32,-0.88,2.3
2026-01-31T23:00:00Z,5.1,5.01,0.0,37.0,0.32,-0.17,4.2
2026-02-01T00:00:00Z,5.1,4.48,0.0,35.0,0.3,0.64,5.6
2026-02-01T01:00:00Z,5.2,4.66,0.0,37.0,0.28,1.39,5.8
2026-02-01T02:00:00Z,5.2,4.29,0.0,35.0,0.28,1.94,4.9
2026-02-01T03:00:00Z,5.2,3.81,0.0,28.0,0.26,2.13,3.1
2026-02-01T04:00:00Z,5.3,3.29,0.0,83.0,0.26,1.9,1.0
2026-02-01T05:00:00Z,5.3,3.15,0.0,91.0,0.24,1.37,1.9
2026-02-01T06:00:00Z,5.4,2.69,0.0,95.0,0.24,0.69,3.6
2026-02-01T07:00:00Z,5.6,2.17,0.0,93.0,0.24,0.0,4.5
2026-02-01T08:00:00Z,5.7,1.89,0.0,64.0,0.22,-0.62,4.7
2026-02-01T09:00:00Z,5.8,1.58,0.0,13.0,0.22,-0.99,3.7
2026-02-01T10:00:00Z,6.2,1.17,0.0,1.0,0.22,-0.98,1.8
2026-02-01T11:00:00Z,6.3,0.56,0.0,1.0,0.2,-0.61,1.6
2026-02-01T12:00:00Z,6.4,1.56,0.0,7.0,0.2,-0.05,3.4
2026-02-01T13:00:00Z,6.4,2.2,0.0,11.0,0.18,0.53,4.1
2026-02-01T14:00:00Z,6.6,2.93,0.0,10.0,0.18,0.98,3.8
2026-02-01T15:00:00Z,6.6,3.76,0.0,91.0,0.16,1.13,2.5
2026-02-01T16:00:00Z,6.8,4.45,0.0,98.0,0.16,0.91,0.7
2026-02-01T17:00:00Z,6.8,4.99,0.0,91.0,0.14,0.38,1.3
2026-02-01T18:00:00Z,6.7,5.42,0.0,94.0,0.14,-0.27,2.9
2026-02-01T19:00:00Z,6.6,5.81,0.0,98.0,0.14,-0.89,3.5
2026-02-01T20:00:00Z,6.5,6.15,0.0,92.0,0.14,-1.37,3.5
2026-02-01T21:00:00Z,6.5,6.73,0.0,46.0,0.14,-1.63,2.7
2026-02-01T22:00:00Z,6.1,7.34,0.0,44.0,0.2,-1.5,1.5
2026-02-01T23:00:00Z,6.1,7.56,0.0,60.0,0.24,-0.93,2.9
2026-02-02T00:00:00Z,6.0,7.19,0.0,41.0,0.3,-0.1,5.3
2026-02-02T01:00:00Z,6.0,6.46,0.0,14.0,0.28,0.8,6.5
2026-02-02T02:00:00Z,6.1,5.86,0.0,5.0,0.28,1.58,6.5
2026-02-02T03:00:00Z,6.2,5.22,0.0,1.0,0.26,2.08,5.2
2026-02-02T04:00:00Z,6.5,4.83,0.0,2.0,0.26,2.15,3.1
2026-02-02T05:00:00Z,6.8,4.67,0.0,10.0,0.26,1.8,0.6
2026-02-02T06:00:00Z,6.9,4.38,0.0,39.0,0.26,1.16,1.9
2026-02-02T07:00:00Z,6.8,4.54,0.0,33.0,0.28,0.41,3.3
2026-02-02T08:00:00Z,6.8,5.38,0.0,32.0,0.32,-0.32,4.0
2026-02-02T09:00:00Z,6.8,6.29,0.0,21.0,0.34,-0.89,3.9
2026-02-02T10:00:00Z,7.0,5.89,0.0,13.0,0.4,-1.14,2.7
2026-02-02T11:00:00Z,7.0,6.46,0.0,8.0,0.44,-0.96,0.7
2026-02-02T12:00:00Z,7.0,6.72,0.0,3.0,0.5,-0.43,2.7
2026-02-02T13:00:00Z,7.0,6.69,0.0,0.0,0.5,0.24,4.3
2026-02-02T14:00:00Z,6.9,6.64,0.0,0.0,0.48,0.86,4.7
2026-02-02T15:00:00Z,6.8,6.44,0.0,0.0,0.48,1.27,4.0
2026-02-02T16:00:00Z,6.8,6.4,0.0,1.0,0.46,1.33,2.4
2026-02-02T17:00:00Z,6.7,6.31,0.0,0.0,0.44,0.99,0.3
2026-02-02T18:00:00Z,6.6,6.02,0.0,0.0,0.42,0.37,2.0
2026-02-02T19:00:00Z,6.6,5.59,0.0,0.0,0.4,-0.35,3.5
2026-02-02T20:00:00Z,6.6,5.03,0.0,0.0,0.38,-1.0,4.2
2026-02-02T21:00:00Z,6.6,4.97,0.0,0.0,0.36,-1.48,3.9
2026-02-02T22:00:00Z,6.6,4.31,0.0,0.0,0.34,-1.66,2.7
2026-02-02T23:00:00Z,6.6,3.89,0.0,0.0,0.3,-1.38,1.3
2026-02-03T00:00:00Z,6.6,3.5,0.0,0.0,0.28,-0.68,3.3
2026-02-03T01:00:00Z,6.7,3.14,0.0,1.0,0.26,0.23,5.6
2026-02-03T02:00:00Z,6.8,2.75,0.0,1.0,0.24,1.12,6.5
2026-02-03T03:00:00Z,6.9,2.42,0.0,1.0,0.22,1.82,6.0
2026-02-03T04:00:00Z,7.0,1.8,0.0,1.0,0.22,2.16,4.2
2026-02-03T05:00:00Z,7.1,1.49,0.0,0.0,0.2,2.04,1.8
2026-02-03T06:00:00Z,7.3,1.53,0.0,1.0,0.2,1.51,0.9
2026-02-03T07:00:00Z,7.4,1.95,0.0,1.0,0.2,0.74,3.1
2026-02-03T08:00:00Z,7.6,2.95,0.0,1.0,0.18,-0.06,4.5
2026-02-03T09:00:00Z,7.9,3.79,0.0,3.0,0.18,-0.76,4.9
2026-02-03T10:00:00Z,8.0,5.2,0.0,1.0,0.24,-1.24,4.3
2026-02-03T11:00:00Z,8.3,6.2,0.0,3.0,0.28,-1.34,2.5
2026-02-03T12:00:00Z,8.5,6.62,0.0,3.0,0.34,-0.98,0.5
2026-02-03T13:00:00Z,8.6,7.03,0.0,19.0,0.34,-0.34,2.8
2026-02-03T14:00:00Z,8.8,7.1,0.0,74.0,0.32,0.35,4.2
2026-02-03T15:00:00Z,8.9,7.64,0.0,91.0,0.32,0.91,4.0
2026-02-03T16:00:00Z,9.0,7.81,0.0,87.0,0.32,1.2,2.9
2026-02-03T17:00:00Z,9.2,7.41,0.0,78.0,0.3,1.11,1.3
2026-02-03T18:00:00Z,9.3,6.77,0.0,69.0,0.3,0.64,2.0
2026-02-03T19:00:00Z,9.3,6.82,0.0,67.0,0.3,-0.05,3.8
2026-02-03T20:00:00Z,9.3,6.92,0.0,71.0,0.28,-0.78,5.0
2026-02-03T21:00:00Z,9.3,6.7,0.0,71.0,0.28,-1.36,5.2
2026-02-03T22:00:00Z,9.5,6.0,0.0,95.0,0.28,-1.71,4.2
2026-02-03T23:00:00Z,9.5,5.55,0.0,90.0,0.26,-1.7,2.4
2026-02-04T00:00:00Z,9.6,5.23,0.0,92.0,0.26,-1.24,0.8
2026-02-04T01:00:00Z,9.6,4.8,0.0,89.0,0.24,-0.41,3.6
2026-02-04T02:00:00Z,9.6,4.48,0.0,81.0,0.24,0.51,5.4
2026-02-04T03:00:00Z,9.5,3.76,0.0,77.0,0.22,1.31,5.7
2026-02-04T04:00:00Z,9.4,3.04,0.0,91.0,0.2,1.86,4.4
2026-02-04T05:00:00Z,9.2,2.3,0.0,90.0,0.18,2.01,2.3
2026-02-04T06:00:00Z,9.2,1.8,0.0,85.0,0.16,1.73,0.9
2026-02-04T07:00:00Z,9.4,1.87,0.0,27.0,0.14,1.1,3.1
2026-02-04T08:00:00Z,9.5,2.14,0.0,22.0,0.14,0.31,4.9
2026-02-04T09:00:00Z,9.6,2.62,0.0,23.0,0.12,-0.42,5.8
2026-02-04T10:00:00Z,9.5,2.85,0.0,36.0,0.12,-0.99,5.4
2026-02-04T11:00:00Z,9.7,3.69,0.0,44.0,0.12,-1.28,4.0
2026-02-04T12:00:00Z,9.8,4.09,0.0,54.0,0.12,-1.15,1.5
2026-02-04T13:00:00Z,9.8,3.99,0.0,56.0,0.14,-0.61,1.5
2026-02-04T14:00:00Z,9.9,4.12,0.0,98.0,0.18,0.12,3.8
2026-02-04T15:00:00Z,10.1,4.46,0.0,100.0,0.2,0.79,4.8
2026-02-04T16:00:00Z,10.2,4.77,0.0,100.0,0.22,1.26,4.2
2026-02-04T17:00:00Z,10.3,4.32,0.0,100.0,0.22,1.43,2.7
2026-02-04T18:00:00Z,10.1,4.01,0.9,100.0,0.24,1.23,1.5
2026-02-04T19:00:00Z,9.9,3.34,0.7,100.0,0.22,0.68,2.6
2026-02-04T20:00:00Z,10.7,2.82,0.6,100.0,0.22,-0.03,4.2
2026-02-04T21:00:00Z,10.5,1.81,0.7,100.0,0.2,-0.7,5.0
2026-02-04T22:00:00Z,9.8,2.17,0.8,100.0,0.18,-1.18,4.9
2026-02-04T23:00:00Z,9.7,1.85,0.5,100.0,0.16,-1.38,3.7
2026-02-05T00:00:00Z,9.6,2.19,0.2,100.0,0.14,-1.21,1.8
2026-02-05T01:00:00Z,9.3,2.47,0.1,100.0,0.12,-0.61,1.7
2026-02-05T02:00:00Z,9.1,2.51,0.0,99.0,0.12,0.24,4.0
2026-02-05T03:00:00Z,9.0,2.55,0.0,99.0,0.1,1.06,5.0
2026-02-05T04:00:00Z,9.0,2.79,0.0,100.0,0.16,1.67,4.7
2026-02-05T05:00:00Z,9.0,3.46,0.1,100.0,0.24,1.98,3.2
2026-02-05T06:00:00Z,9.1,4.49,0.1,100.0,0.3,1.91,1.1
2026-02-05T07:00:00Z,9.2,5.68,0.4,100.0,0.28,1.46,1.3
2026-02-05T08:00:00Z,9.4,6.31,0.2,100.0,0.28,0.74,3.6
2026-02-05T09:00:00Z,9.5,6.03,0.1,100.0,0.26,-0.03,4.9
2026-02-05T10:00:00Z,9.4,5.51,0.0,100.0,0.24,-0.67,5.2
2026-02-05T11:00:00Z,9.4,4.68,0.0,97.0,0.24,-1.06,4.3
2026-02-05T12:00:00Z,9.4,3.9,0.0,98.0,0.22,-1.15,2.6
2026-02-05T13:00:00Z,9.4,3.58,0.1,100.0,0.22,-0.83,1.0
2026-02-05T14:00:00Z,9.3,3.47,0.3,100.0,0.22,-0.19,3.1
2026-02-05T15:00:00Z,9.2,3.68,0.4,100.0,0.22,0.53,4.7
2026-02-05T16:00:00Z,9.1,4.42,0.5,100.0,0.24,1.08,4.9
2026-02-05T17:00:00Z,9.1,5.03,0.4,100.0,0.26,1.39,3.6
2026-02-05T18:00:00Z,9.2,5.9,0.4,100.0,0.28,1.41,1.8
2026-02-05T19:00:00Z,9.3,6.87,0.3,100.0,0.42,1.1,0.4
2026-02-05T20:00:00Z,9.3,8.24,1.0,100.0,0.54,0.52,2.2
2026-02-05T21:00:00Z,9.0,9.8,0.9,100.0,0.68,-0.13,3.4
2026-02-05T22:00:00Z,8.9,11.26,0.6,100.0,0.76,-0.65,3.3
2026-02-05T23:00:00Z,8.6,10.99,0.4,100.0,0.82,-0.91,2.3
2026-02-06T00:00:00Z,8.3,10.38,0.3,100.0,0.9,-0.87,1.5
2026-02-06T01:00:00Z,8.0,10.04,0.4,100.0,0.92,-0.47,2.8
2026-02-06T02:00:00Z,7.7,9.99,0.4,100.0,0.96,0.21,4.8
2026-02-06T03:00:00Z,7.4,10.33,0.3,100.0,0.98,1.0,6.3
2026-02-06T04:00:00Z,7.2,10.82,0.1,100.0,1.0,1.64,6.3
2026-02-06T05:00:00Z,7.0,11.27,0.1,100.0,1.02,2.02,5.0
2026-02-06T06:00:00Z,6.8,11.43,0.2,100.0,1.04,2.12,3.1
2026-02-06T07:00:00Z,6.6,11.52,0.3,100.0,1.08,1.87,0.7
2026-02-06T08:00:00Z,6.3,11.34,0.5,100.0,1.14,1.33,1.7
2026-02-06T09:00:00Z,6.2,11.79,1.0,100.0,1.18,0.63,3.5
2026-02-06T10:00:00Z,5.5,11.37,1.5,100.0,1.14,-0.04,4.3
2026-02-06T11:00:00Z,5.1,11.02,1.8,100.0,1.12,-0.49,4.2
2026-02-06T12:00:00Z,4.9,10.65,1.5,100.0,1.08,-0.7,3.1
2026-02-06T13:00:00Z,4.9,10.82,1.1,100.0,1.06,-0.59,1.8
2026-02-06T14:00:00Z,5.0,10.64,0.6,100.0,1.02,-0.16,2.1
2026-02-06T15:00:00Z,5.0,10.36,0.4,99.0,1.0,0.46,3.7
2026-02-06T16:00:00Z,5.0,9.99,0.1,100.0,0.96,1.02,4.4
2026-02-06T17:00:00Z,5.1,9.92,0.0,100.0,0.94,1.38,3.8
2026-02-06T18:00:00Z,5.0,9.76,0.0,100.0,0.9,1.51,2.2
2026-02-06T19:00:00Z,4.8,9.61,0.0,100.0,0.9,1.39,0.5
2026-02-06T20:00:00Z,4.7,9.55,0.0,100.0,0.9,0.96,1.7
2026-02-06T21:00:00Z,4.6,9.82,0.0,100.0,0.9,0.35,3.4
2026-02-06T22:00:00Z,4.0,9.28,0.0,98.0,0.9,-0.26,4.4
2026-02-06T23:00:00Z,3.8,9.56,0.0,99.0,0.88,-0.71,4.3
2026-02-07T00:00:00Z,3.6,10.25,0.0,97.0,0.88,-0.9,3.3
2026-02-07T01:00:00Z,3.5,10.12,0.0,93.0,0.86,-0.8,1.9
2026-02-07T02:00:00Z,3.5,10.02,0.0,99.0,0.84,-0.42,1.8
2026-02-07T03:00:00Z,3.6,9.54,0.0,98.0,0.82,0.2,3.2
2026-02-07T04:00:00Z,3.6,9.5,0.0,91.0,0.8,0.82,4.2
2026-02-07T05:00:00Z,3.7,9.72,0.0,100.0,0.78,1.25,4.0
2026-02-07T06:00:00Z,3.7,10.17,0.0,100.0,0.76,1.43,2.7
2026-02-07T07:00:00Z,3.8,10.15,0.0,100.0,0.74,1.37,0.9
2026-02-07T08:00:00Z,3.8,9.91,0.0,99.0,0.74,1.04,0.9
2026-02-07T09:00:00Z,3.7,9.73,0.0,100.0,0.72,0.47,2.7
2026-02-07T10:00:00Z,3.5,9.6,0.0,67.0,0.72,-0.17,4.0
2026-02-07T11:00:00Z,3.3,9.85,0.0,83.0,0.72,-0.7,4.1
2026-02-07T12:00:00Z,3.1,9.76,0.0,99.0,0.72,-0.99,3.2
2026-02-07T13:00:00Z,2.9,9.7,0.0,100.0,0.74,-1.03,1.9
2026-02-07T14:00:00Z,2.7,10.04,0.0,65.0,0.74,-0.79,1.1
2026-02-07T15:00:00Z,2.5,10.31,0.0,40.0,0.76,-0.28,2.7
2026-02-07T16:00:00Z,2.5,10.37,0.0,29.0,0.78,0.33,4.0
2026-02-07T17:00:00Z,2.4,10.53,0.0,31.0,0.8,0.81,4.3
2026-02-07T18:00:00Z,2.4,10.54,0.0,39.0,0.82,1.08,3.4
2026-02-07T19:00:00Z,2.3,11.05,0.0,40.0,1.06,1.15,2.0
2026-02-07T20:00:00Z,2.2,11.52,0.0,36.0,1.28,1.0,0.3
2026-02-07T21:00:00Z,2.1,11.35,0.0,38.0,1.52,0.61,1.5
2026-02-07T22:00:00Z,1.8,10.15,0.0,60.0,1.32,0.08,2.8
2026-02-07T23:00:00Z,1.6,10.35,0.0,68.0,1.1,-0.4,3.4
2026-02-08T00:00:00Z,1.3,10.53,0.0,64.0,0.9,-0.69,3.1
2026-02-08T01:00:00Z,1.2,10.6,0.0,81.0,0.86,-0.76,2.1
2026-02-08T02:00:00Z,1.2,10.33,0.0,75.0,0.82,-0.59,1.3
2026-02-08T03:00:00Z,1.5,9.91,0.0,28.0,0.78,-0.19,2.1
2026-02-08T04:00:00Z,1.8,9.26,0.0,86.0,0.76,0.35,3.5
2026-02-08T05:00:00Z,2.1,9.04,0.0,96.0,0.72,0.83,4.0
2026-02-08T06:00:00Z,2.5,8.92,0.0,98.0,0.7,1.08,3.2
2026-02-08T07:00:00Z,2.8,8.68,0.0,99.0,0.68,1.13,2.0
2026-02-08T08:00:00Z,3.1,8.57,0.0,43.0,0.66,1.0,0.4
2026-02-08T09:00:00Z,3.1,8.53,0.0,28.0,0.64,0.65,1.3
2026-02-08T10:00:00Z,3.0,6.93,0.0,70.0,0.6,0.15,2.5
2026-02-08T11:00:00Z,2.8,6.55,0.0,68.0,0.56,-0.38,3.3
2026-02-08T12:00:00Z,2.5,6.3,0.0,58.0,0.52,-0.75,3.1
2026-02-08T13:00:00Z,2.4,6.18,0.0,50.0,0.48,-0.9,2.3
2026-02-08T14:00:00Z,2.2,5.58,0.0,39.0,0.46,-0.83,1.0
2026-02-08T15:00:00Z,2.2,4.61,0.0,30.0,0.42,-0.54,1.2
2026-02-08T16:00:00Z,2.2,4.12,0.0,21.0,0.4,-0.08,2.4
2026-02-08T17:00:00Z,2.2,4.11,0.0,1.0,0.36,0.4,3.3
2026-02-08T18:00:00Z,2.3,4.21,0.0,0.0,0.34,0.72,3.1
2026-02-08T19:00:00Z,2.4,4.34,0.0,0.0,0.32,0.86,2.0
2026-02-08T20:00:00Z,2.6,4.29,0.0,51.0,0.28,0.85,0.7
2026-02-08T21:00:00Z,2.9,3.94,0.0,65.0,0.26,0.66,0.7
2026-02-08T22:00:00Z,3.1,2.89,0.0,8.0,0.24,0.3,2.0
2026-02-08T23:00:00Z,3.4,2.25,0.0,2.0,0.24,-0.14,3.1
2026-02-09T00:00:00Z,3.8,2.78,0.0,1.0,0.22,-0.51,3.4
2026-02-09T01:00:00Z,4.4,3.5,0.0,15.0,0.22,-0.69,2.6
2026-02-09T02:00:00Z,4.9,4.46,0.0,59.0,0.22,-0.68,1.5
2026-02-09T03:00:00Z,5.4,5.02,0.0,24.0,0.22,-0.5,0.4
2026-02-09T04:00:00Z,5.8,5.47,0.0,69.0,0.28,-0.16,1.1
2026-02-09T05:00:00Z,6.3,5.65,0.0,100.0,0.32,0.24,2.2
2026-02-09T06:00:00Z,6.6,5.99,0.0,100.0,0.38,0.52,2.4
2026-02-09T07:00:00Z,7.0,6.66,0.0,100.0,0.42,0.61,1.8
2026-02-09T08:00:00Z,7.4,7.36,0.0,97.0,0.44,0.55,1.1
2026-02-09T09:00:00Z,7.7,7.89,0.0,100.0,0.48,0.35,1.4
2026-02-09T10:00:00Z,8.1,6.64,0.0,100.0,0.46,0.01,2.3
2026-02-09T11:00:00Z,8.3,7.36,0.0,100.0,0.46,-0.44,3.3
2026-02-09T12:00:00Z,8.4,7.52,0.1,98.0,0.44,-0.84,3.6
2026-02-09T13:00:00Z,8.3,8.2,0.5,97.0,0.42,-1.07,3.1
2026-02-09T14:00:00Z,8.6,8.35,0.1,86.0,0.42,-1.1,1.8
2026-02-09T15:00:00Z,8.5,7.99,0.1,91.0,0.4,-0.95,0.6
2026-02-09T16:00:00Z,8.5,7.55,0.1,95.0,0.4,-0.62,1.0
2026-02-09T17:00:00Z,8.4,6.76,0.4,90.0,0.4,-0.17,2.1
2026-02-09T18:00:00Z,8.3,6.23,0.2,89.0,0.4,0.24,2.8
2026-02-09T19:00:00Z,8.3,5.69,0.5,93.0,0.38,0.51,2.6
2026-02-09T20:00:00Z,8.3,5.34,0.2,90.0,0.34,0.65,1.7
2026-02-09T21:00:00Z,8.5,5.11,0.0,99.0,0.32,0.68,1.0
2026-02-09T22:00:00Z,8.5,4.7,0.0,100.0,0.28,0.59,1.0
2026-02-09T23:00:00Z,8.5,4.43,0.0,95.0,0.26,0.34,1.7
2026-02-10T00:00:00Z,8.6,4.0,0.0,100.0,0.22,0.04,2.5
2026-02-10T01:00:00Z,8.5,4.33,0.0,100.0,0.2,-0.2,2.5
2026-02-10T02:00:00Z,8.3,4.3,0.0,100.0,0.16,-0.3,2.0
2026-02-10T03:00:00Z,8.0,3.88,0.0,90.0,0.14,-0.27,1.1
2026-02-10T04:00:00Z,7.9,3.92,0.0,43.0,0.14,-0.14,0.3
2026-02-10T05:00:00Z,7.8,3.97,0.0,40.0,0.12,0.12,0.7
2026-02-10T06:00:00Z,7.9,3.6,0.0,38.0,0.12,0.4,1.5
2026-02-10T07:00:00Z,8.1,2.64,0.0,32.0,0.12,0.55,1.4
2026-02-10T08:00:00Z,8.3,3.64,0.0,21.0,0.14,0.56,0.8
2026-02-10T09:00:00Z,8.8,4.15,0.0,86.0,0.14,0.5,0.6
2026-02-10T10:00:00Z,9.3,4.92,0.0,92.0,0.2,0.37,1.1
2026-02-10T11:00:00Z,9.2,6.32,0.0,99.0,0.26,0.1,2.0
2026-02-10T12:00:00Z,8.8,7.22,0.0,98.0,0.32,-0.22,2.5
2026-02-10T13:00:00Z,8.5,6.74,0.0,96.0,0.32,-0.5,2.6
2026-02-10T14:00:00Z,8.3,6.71,0.0,81.0,0.34,-0.64,2.2
2026-02-10T15:00:00Z,8.1,6.74,0.0,84.0,0.34,-0.63,1.3
2026-02-10T16:00:00Z,8.0,6.8,0.0,39.0,0.34,-0.51,0.9
2026-02-10T17:00:00Z,7.9,6.91,0.0,5.0,0.32,-0.27,1.5
2026-02-10T18:00:00Z,7.8,6.88,0.0,2.0,0.32,0.09,2.2
2026-02-10T19:00:00Z,7.8,6.76,0.0,2.0,0.32,0.42,2.7
2026-02-10T20:00:00Z,7.7,6.47,0.0,4.0,0.3,0.65,2.5
2026-02-10T21:00:00Z,7.5,6.37,0.0,1.0,0.3,0.81,1.8
2026-02-10T22:00:00Z,6.8,6.31,0.0,0.0,0.3,0.91,1.1
2026-02-10T23:00:00Z,6.7,6.55,0.0,0.0,0.3,0.86,0.2
2026-02-11T00:00:00Z,6.6,6.65,0.0,0.0,0.3,0.66,1.0
2026-02-11T01:00:00Z,6.5,6.79,0.0,0.0,0.28,0.39,1.9
2026-02-11T02:00:00Z,6.6,6.46,0.0,0.0,0.26,0.15,2.1
2026-02-11T03:00:00Z,6.9,5.9,0.0,0.0,0.24,-0.01,1.9
2026-02-11T04:00:00Z,7.2,5.01,0.0,2.0,0.22,-0.09,1.4
2026-02-11T05:00:00Z,7.6,3.66,0.0,0.0,0.2,-0.07,0.9
2026-02-11T06:00:00Z,7.8,2.5,0.0,1.0,0.18,0.06,0.4
2026-02-11T07:00:00Z,7.8,2.07,0.0,0.0,0.16,0.22,0.7
2026-02-11T08:00:00Z,7.7,2.55,0.0,0.0,0.16,0.32,1.1
2026-02-11T09:00:00Z,7.6,3.21,0.0,0.0,0.14,0.35,1.0
2026-02-11T10:00:00Z,7.6,3.83,0.0,0.0,0.14,0.37,0.8
2026-02-11T11:00:00Z,7.6,3.83,0.0,2.0,0.14,0.32,0.5
2026-02-11T12:00:00Z,7.6,3.59,0.0,0.0,0.14,0.13,0.8
2026-02-11T13:00:00Z,7.7,3.24,0.0,0.0,0.14,-0.14,1.3
2026-02-11T14:00:00Z,7.7,2.91,0.0,0.0,0.14,-0.41,1.6
2026-02-11T15:00:00Z,7.7,2.7,0.0,0.0,0.14,-0.58,1.3
2026-02-11T16:00:00Z,7.7,2.63,0.0,0.0,0.14,-0.65,0.9
2026-02-11T17:00:00Z,7.7,2.72,0.0,0.0,0.14,-0.62,0.3
2026-02-11T18:00:00Z,7.7,3.05,0.0,0.0,0.14,-0.44,0.6
2026-02-11T19:00:00Z,7.7,3.32,0.0,0.0,0.14,-0.14,1.5
2026-02-11T20:00:00Z,7.7,3.59,0.0,0.0,0.12,0.16,1.9
2026-02-11T21:00:00Z,7.8,3.39,0.0,0.0,0.12,0.4,1.7
2026-02-11T22:00:00Z,7.9,3.12,0.0,0.0,0.12,0.61,1.5
2026-02-11T23:00:00Z,7.9,3.21,0.0,0.0,0.12,0.78,1.0
2026-02-12T00:00:00Z,8.0,3.48,0.0,0.0,0.12,0.8,0.4
2026-02-12T01:00:00Z,8.1,4.03,0.0,0.0,0.12,0.65,0.9
2026-02-12T02:00:00Z,8.3,4.51,0.0,0.0,0.12,0.39,1.6
2026-02-12T03:00:00Z,8.5,4.89,0.0,0.0,0.12,0.14,2.2
2026-02-12T04:00:00Z,8.7,4.69,0.0,0.0,0.12,-0.07,2.2
2026-02-12T05:00:00Z,8.8,4.11,0.0,0.0,0.1,-0.23,2.0
2026-02-12T06:00:00Z,8.9,4.01,0.0,0.0,0.1,-0.3,1.4
2026-02-12T07:00:00Z,9.0,4.61,0.0,0.0,0.12,-0.23,0.6
2026-02-12T08:00:00Z,9.0,5.46,0.0,0.0,0.14,-0.09,0.8
2026-02-12T09:00:00Z,9.0,6.05,0.0,0.0,0.16,0.03,1.3
2026-02-12T10:00:00Z,9.2,6.46,0.0,0.0,0.22,0.15,1.4
2026-02-12T11:00:00Z,9.3,7.01,0.0,0.0,0.26,0.28,1.4
2026-02-12T12:00:00Z,9.4,7.29,0.0,0.0,0.32,0.32,1.3
2026-02-12T13:00:00Z,9.5,7.47,0.0,0.0,0.34,0.2,1.4
2026-02-12T14:00:00Z,9.6,7.64,0.0,0.0,0.36,-0.06,1.9
2026-02-12T15:00:00Z,9.6,7.64,0.0,0.0,0.38,-0.35,2.2
2026-02-12T16:00:00Z,9.7,7.69,0.0,0.0,0.38,-0.57,2.2
2026-02-12T17:00:00Z,9.8,7.74,0.0,0.0,0.38,-0.71,2.0
2026-02-12T18:00:00Z,9.8,7.67,0.0,0.0,0.38,-0.74,1.3
2026-02-12T19:00:00Z,9.9,7.59,0.0,0.0,0.38,-0.58,0.4
2026-02-12T20:00:00Z,9.9,7.23,0.0,1.0,0.36,-0.27,1.0
2026-02-12T21:00:00Z,9.9,6.76,0.0,2.0,0.36,0.07,1.8
2026-02-12T22:00:00Z,9.8,6.55,0.0,3.0,0.34,0.41,2.1
2026-02-12T23:00:00Z,9.8,6.3,0.0,3.0,0.32,0.75,1.9
2026-02-13T00:00:00Z,9.9,5.55,0.0,9.0,0.3,1.03,1.5
2026-02-13T01:00:00Z,9.9,4.6,0.0,7.0,0.28,1.11,0.8
2026-02-13T02:00:00Z,9.9,3.67,0.0,6.0,0.28,0.96,1.0
2026-02-13T03:00:00Z,10.0,2.83,0.0,11.0,0.26,0.66,2.0
2026-02-13T04:00:00Z,10.1,2.46,0.0,19.0,0.24,0.33,2.7
2026-02-13T05:00:00Z,10.2,2.53,0.0,49.0,0.22,0.03,2.9
2026-02-13T06:00:00Z,10.4,3.07,0.0,74.0,0.2,-0.23,2.7
2026-02-13T07:00:00Z,10.5,4.01,0.0,88.0,0.2,-0.35,2.0
2026-02-13T08:00:00Z,10.6,4.81,0.0,85.0,0.2,-0.29,0.7
2026-02-13T09:00:00Z,10.7,5.44,0.0,54.0,0.2,-0.12,0.6
2026-02-13T10:00:00Z,10.6,6.16,0.0,29.0,0.26,0.07,1.4
2026-02-13T11:00:00Z,10.7,6.5,0.0,70.0,0.3,0.3,1.7
2026-02-13T12:00:00Z,10.8,6.86,0.0,91.0,0.36,0.51,1.7
2026-02-13T13:00:00Z,11.0,7.04,0.0,85.0,0.38,0.59,1.3
2026-02-13T14:00:00Z,11.1,7.29,0.0,60.0,0.38,0.44,1.3
2026-02-13T15:00:00Z,11.2,7.62,0.0,51.0,0.4,0.12,1.9
2026-02-13T16:00:00Z,11.3,7.85,0.0,88.0,0.38,-0.25,2.6
2026-02-13T17:00:00Z,11.3,7.35,0.2,98.0,0.38,-0.56,2.7
2026-02-13T18:00:00Z,11.3,6.44,0.5,100.0,0.36,-0.78,2.5
2026-02-13T19:00:00Z,11.1,5.61,0.7,100.0,0.32,-0.86,1.8
2026-02-13T20:00:00Z,11.0,5.44,1.7,100.0,0.3,-0.69,0.6
2026-02-13T21:00:00Z,10.9,4.33,0.6,100.0,0.26,-0.33,1.1
2026-02-13T22:00:00Z,10.8,3.74,0.2,96.0,0.24,0.11,2.2
2026-02-13T23:00:00Z,10.6,3.29,0.2,97.0,0.22,0.57,2.5
2026-02-14T00:00:00Z,10.5,3.93,0.2,78.0,0.2,1.03,2.5
2026-02-14T01:00:00Z,10.4,4.53,0.3,76.0,0.18,1.34,1.9
2026-02-14T02:00:00Z,10.3,5.07,0.1,38.0,0.16,1.37,0.6
2026-02-14T03:00:00Z,10.3,4.78,0.0,19.0,0.14,1.13,1.1
2026-02-14T04:00:00Z,10.4,4.35,0.0,3.0,0.16,0.72,2.5
2026-02-14T05:00:00Z,10.5,3.68,0.0,1.0,0.18,0.28,3.4
2026-02-14T06:00:00Z,10.7,2.74,0.0,0.0,0.2,-0.13,3.8
2026-02-14T07:00:00Z,10.9,1.6,0.0,4.0,0.2,-0.45,3.6
2026-02-14T08:00:00Z,11.2,0.76,0.0,20.0,0.2,-0.58,2.6
2026-02-14T09:00:00Z,11.3,2.13,0.0,23.0,0.2,-0.47,1.0
2026-02-14T10:00:00Z,11.1,3.86,0.0,18.0,0.2,-0.21,0.5
2026-02-14T11:00:00Z,10.7,4.1,0.0,14.0,0.18,0.1,1.5
2026-02-14T12:00:00Z,10.5,4.16,0.0,7.0,0.18,0.43,1.8
2026-02-14T13:00:00Z,10.5,4.3,0.0,1.0,0.16,0.69,1.7
2026-02-14T14:00:00Z,10.5,3.96,0.0,2.0,0.16,0.75,0.9
2026-02-14T15:00:00Z,10.5,3.4,0.0,1.0,0.14,0.53,0.6
2026-02-14T16:00:00Z,10.4,3.03,0.0,1.0,0.14,0.12,2.0
2026-02-14T17:00:00Z,10.3,2.97,0.0,2.0,0.12,-0.33,2.7
2026-02-14T18:00:00Z,10.3,3.12,0.0,7.0,0.12,-0.71,2.9
2026-02-14T19:00:00Z,10.2,3.33,0.0,2.0,0.1,-0.97,2.4
2026-02-14T20:00:00Z,10.3,3.52,0.0,3.0,0.1,-1.0,1.4
2026-02-14T21:00:00Z,10.3,3.79,0.0,1.0,0.08,-0.75,0.8
2026-02-14T22:00:00Z,10.4,4.07,0.0,5.0,0.08,-0.26,2.5
2026-02-14T23:00:00Z,10.5,4.19,0.0,8.0,0.1,0.32,4.0
2026-02-15T00:00:00Z,10.5,3.89,0.0,23.0,0.1,0.9,4.3
2026-02-15T01:00:00Z,10.6,3.66,0.0,80.0,0.14,1.41,4.2
2026-02-15T02:00:00Z,10.7,3.77,0.0,93.0,0.18,1.68,3.3
2026-02-15T03:00:00Z,10.8,4.23,0.0,95.0,0.22,1.62,1.5
2026-02-15T04:00:00Z,10.9,4.51,0.0,99.0,0.22,1.25,0.6
2026-02-15T05:00:00Z,11.0,4.55,0.0,97.0,0.24,0.72,2.2
2026-02-15T06:00:00Z,11.0,4.67,0.0,93.0,0.24,0.17,2.9
2026-02-15T07:00:00Z,10.8,4.65,0.0,95.0,0.28,-0.32,3.1
2026-02-15T08:00:00Z,10.6,4.67,0.0,99.0,0.32,-0.66,2.5
2026-02-15T09:00:00Z,10.5,5.01,0.0,100.0,0.36,-0.71,1.1
2026-02-15T10:00:00Z,10.6,6.5,0.0,90.0,0.38,-0.47,0.9
2026-02-15T11:00:00Z,10.3,7.42,0.0,88.0,0.4,-0.07,2.5
2026-02-15T12:00:00Z,9.7,7.61,0.0,78.0,0.42,0.38,3.4
2026-02-15T13:00:00Z,9.2,8.11,0.0,90.0,0.48,0.81,3.4
2026-02-15T14:00:00Z,8.8,8.91,0.0,100.0,0.54,1.08,2.9
2026-02-15T15:00:00Z,8.8,9.05,0.0,100.0,0.6,1.06,1.8
2026-02-15T16:00:00Z,8.9,9.2,0.0,100.0,0.78,0.73,0.4
2026-02-15T17:00:00Z,9.0,9.38,0.0,100.0,0.96,0.23,1.3
2026-02-15T18:00:00Z,9.0,10.25,0.1,100.0,1.14,-0.25,2.0
2026-02-15T19:00:00Z,8.7,10.63,0.3,100.0,1.18,-0.64,2.1
2026-02-15T20:00:00Z,8.5,10.88,1.0,100.0,1.2,-0.87,1.7
2026-02-15T21:00:00Z,8.2,11.44,1.0,100.0,1.24,-0.82,1.5
2026-02-15T22:00:00Z,7.7,11.76,1.2,100.0,1.2,-0.41,3.0
2026-02-15T23:00:00Z,7.7,11.93,1.2,100.0,1.14,0.24,4.8
2026-02-16T00:00:00Z,7.7,11.03,0.8,100.0,1.1,0.96,5.8
2026-02-16T01:00:00Z,7.6,11.18,0.2,100.0,1.08,1.62,5.8
2026-02-16T02:00:00Z,7.5,11.59,0.2,100.0,1.06,2.1,4.7
2026-02-16T03:00:00Z,7.4,11.57,0.3,100.0,1.04,2.26,3.1
2026-02-16T04:00:00Z,7.3,10.91,0.3,100.0,1.04,2.02,0.9
2026-02-16T05:00:00Z,7.2,10.59,0.2,100.0,1.02,1.47,1.9
2026-02-16T06:00:00Z,7.2,10.41,0.1,100.0,1.02,0.78,3.6
2026-02-16T07:00:00Z,7.2,10.92,0.3,100.0,1.0,0.13,4.3
2026-02-16T08:00:00Z,7.3,11.26,0.2,100.0,1.0,-0.39,4.3
2026-02-16T09:00:00Z,7.3,10.98,0.1,100.0,0.98,-0.68,3.4
2026-02-16T10:00:00Z,6.9,10.49,0.1,100.0,0.96,-0.62,1.8
2026-02-16T11:00:00Z,6.7,9.99,0.1,100.0,0.92,-0.22,1.5
2026-02-16T12:00:00Z,6.7,10.02,0.2,100.0,0.9,0.3,2.9
2026-02-16T13:00:00Z,6.6,9.98,0.1,100.0,0.86,0.81,3.4
2026-02-16T14:00:00Z,6.6,9.73,0.1,100.0,0.82,1.2,2.9
2026-02-16T15:00:00Z,6.6,9.26,0.0,100.0,0.78,1.33,1.8
2026-02-16T16:00:00Z,6.6,8.91,0.0,100.0,0.74,1.12,0.4
2026-02-16T17:00:00Z,6.6,8.61,0.0,98.0,0.7,0.59,2.1
2026-02-16T18:00:00Z,6.5,8.0,0.0,100.0,0.66,-0.08,3.8
2026-02-16T19:00:00Z,6.4,7.76,0.0,100.0,0.64,-0.7,4.5
2026-02-16T20:00:00Z,6.2,9.09,0.0,90.0,0.62,-1.16,4.2
2026-02-16T21:00:00Z,6.1,9.61,0.0,100.0,0.6,-1.36,3.1
2026-02-16T22:00:00Z,6.0,8.15,0.0,99.0,0.58,-1.19,1.7
2026-02-16T23:00:00Z,6.0,7.4,0.0,100.0,0.58,-0.63,2.5
2026-02-17T00:00:00Z,6.1,6.89,0.0,99.0,0.56,0.16,4.6
2026-02-17T01:00:00Z,6.2,6.25,0.0,100.0,0.54,0.94,5.4
2026-02-17T02:00:00Z,6.2,6.47,0.0,99.0,0.52,1.59,5.1
2026-02-17T03:00:00Z,6.3,6.27,0.0,91.0,0.5,1.97,3.8
2026-02-17T04:00:00Z,6.4,6.51,0.0,93.0,0.48,1.94,1.8
2026-02-17T05:00:00Z,6.4,6.59,0.0,72.0,0.46,1.51,0.9
2026-02-17T06:00:00Z,6.6,6.44,0.0,87.0,0.44,0.82,3.0
2026-02-17T07:00:00Z,6.7,5.81,0.0,100.0,0.42,0.07,4.5
2026-02-17T08:00:00Z,6.9,4.81,0.0,94.0,0.42,-0.58,4.6
2026-02-17T09:00:00Z,6.9,4.35,0.0,90.0,0.4,-1.03,4.2
2026-02-17T10:00:00Z,7.1,4.29,0.0,78.0,0.38,-1.17,2.5
2026-02-17T11:00:00Z,7.1,3.93,0.0,83.0,0.38,-0.89,1.1
2026-02-17T12:00:00Z,7.1,3.95,0.0,29.0,0.36,-0.31,2.9
2026-02-17T13:00:00Z,7.0,4.07,0.0,1.0,0.34,0.34,4.3
2026-02-17T14:00:00Z,7.0,3.95,0.0,5.0,0.34,0.87,4.1
2026-02-17T15:00:00Z,7.0,4.03,0.0,3.0,0.32,1.19,3.2
2026-02-17T16:00:00Z,7.1,4.12,0.0,0.0,0.32,1.18,1.5
2026-02-17T17:00:00Z,7.2,5.0,0.0,0.0,0.32,0.82,0.8
2026-02-17T18:00:00Z,7.2,5.59,0.0,15.0,0.32,0.19,2.8
2026-02-17T19:00:00Z,7.2,6.2,0.0,30.0,0.34,-0.51,4.0
2026-02-17T20:00:00Z,7.2,6.58,0.0,0.0,0.34,-1.1,4.4
2026-02-17T21:00:00Z,7.1,6.98,0.0,0.0,0.36,-1.48,3.6
2026-02-17T22:00:00Z,6.8,6.97,0.0,0.0,0.38,-1.54,2.2
2026-02-17T23:00:00Z,6.7,7.06,0.0,0.0,0.38,-1.17,1.4
2026-02-18T00:00:00Z,6.7,7.11,0.0,0.0,0.4,-0.42,3.8
2026-02-18T01:00:00Z,6.7,7.08,0.0,0.0,0.38,0.48,5.9
2026-02-18T02:00:00Z,6.9,6.79,0.0,0.0,0.38,1.27,6.1
2026-02-18T03:00:00Z,7.3,6.05,0.0,0.0,0.36,1.82,5.2
2026-02-18T04:00:00Z,7.8,5.27,0.0,0.0,0.34,2.03,3.3
2026-02-18T05:00:00Z,8.2,4.21,0.0,0.0,0.3,1.81,0.9
2026-02-18T06:00:00Z,8.5,3.32,0.0,0.0,0.28,1.23,1.8
2026-02-18T07:00:00Z,8.6,2.28,0.0,0.0,0.26,0.46,3.8
2026-02-18T08:00:00Z,8.7,1.42,0.0,0.0,0.24,-0.31,4.7
2026-02-18T09:00:00Z,8.6,0.76,0.0,0.0,0.22,-0.9,4.6
2026-02-18T10:00:00Z,8.6,0.74,0.0,1.0,0.22,-1.22,3.4
2026-02-18T11:00:00Z,8.5,1.1,0.0,97.0,0.2,-1.15,1.4
2026-02-18T12:00:00Z,8.5,1.66,0.0,99.0,0.2,-0.66,2.1
2026-02-18T13:00:00Z,8.5,1.88,0.0,99.0,0.2,0.06,4.3
2026-02-18T14:00:00Z,8.5,1.97,0.0,79.0,0.2,0.74,5.2
2026-02-18T15:00:00Z,8.5,1.4,0.0,75.0,0.2,1.21,4.5
2026-02-18T16:00:00Z,8.4,1.01,0.0,81.0,0.18,1.39,2.9
2026-02-18T17:00:00Z,8.4,1.24,0.0,3.0,0.18,1.22,1.0
2026-02-18T18:00:00Z,8.4,1.57,0.0,0.0,0.16,0.71,1.5
2026-02-18T19:00:00Z,8.3,2.05,0.0,0.0,0.14,0.01,3.4
2026-02-18T20:00:00Z,8.3,2.18,0.0,0.0,0.14,-0.71,4.5
2026-02-18T21:00:00Z,8.2,2.05,0.0,0.0,0.12,-1.26,4.6
2026-02-18T22:00:00Z,8.2,2.58,0.0,3.0,0.12,-1.54,3.4
2026-02-18T23:00:00Z,8.2,2.34,0.0,6.0,0.12,-1.44,1.5
2026-02-19T00:00:00Z,8.3,1.98,0.0,82.0,0.12,-0.92,1.9
2026-02-19T01:00:00Z,8.3,2.01,0.0,68.0,0.12,-0.06,4.4
2026-02-19T02:00:00Z,8.3,2.7,0.0,70.0,0.1,0.81,5.8
2026-02-19T03:00:00Z,8.5,3.16,0.0,77.0,0.1,1.48,5.2
2026-02-19T04:00:00Z,8.8,3.43,0.0,77.0,0.1,1.84,3.6
2026-02-19T05:00:00Z,9.0,3.19,0.0,79.0,0.1,1.82,1.3
2026-02-19T06:00:00Z,9.1,2.69,0.0,96.0,0.1,1.41,1.3
2026-02-19T07:00:00Z,9.2,2.83,0.0,100.0,0.1,0.69,3.4
2026-02-19T08:00:00Z,9.2,3.88,0.0,100.0,0.1,-0.13,4.9
2026-02-19T09:00:00Z,9.2,4.95,0.0,99.0,0.1,-0.85,5.2
2026-02-19T10:00:00Z,9.5,6.01,0.0,98.0,0.16,-1.32,4.3
2026-02-19T11:00:00Z,9.6,7.17,0.0,95.0,0.24,-1.44,2.5
2026-02-19T12:00:00Z,9.7,7.4,0.0,27.0,0.3,-1.16,0.2
2026-02-19T13:00:00Z,9.8,7.27,0.0,30.0,0.32,-0.49,2.9
2026-02-19T14:00:00Z,9.8,7.16,0.0,2.0,0.32,0.31,4.8
2026-02-19T15:00:00Z,9.8,6.92,0.0,0.0,0.34,0.95,4.8
2026-02-19T16:00:00Z,9.7,6.85,0.0,0.0,0.34,1.3,3.5
2026-02-19T17:00:00Z,9.7,6.66,0.0,0.0,0.36,1.33,1.7
2026-02-19T18:00:00Z,9.7,5.94,0.0,0.0,0.36,1.0,1.8
2026-02-19T19:00:00Z,9.6,4.88,0.0,0.0,0.34,0.37,3.8
2026-02-19T20:00:00Z,9.6,4.41,0.0,0.0,0.32,-0.39,5.4
2026-02-19T21:00:00Z,9.5,4.17,0.0,0.0,0.3,-1.08,6.1
2026-02-19T22:00:00Z,9.3,4.24,0.0,0.0,0.28,-1.53,5.4
2026-02-19T23:00:00Z,9.2,3.91,0.0,0.0,0.24,-1.64,3.6
2026-02-20T00:00:00Z,9.2,3.65,0.0,0.0,0.22,-1.35,1.3
2026-02-20T01:00:00Z,9.2,3.72,0.0,0.0,0.2,-0.64,2.0
2026-02-20T02:00:00Z,9.2,3.91,0.0,0.0,0.2,0.28,4.3
2026-02-20T03:00:00Z,9.4,3.89,0.0,0.0,0.18,1.1,5.1
2026-02-20T04:00:00Z,9.7,3.54,0.0,0.0,0.16,1.62,4.0
2026-02-20T05:00:00Z,10.0,2.53,0.0,0.0,0.16,1.8,2.1
2026-02-20T06:00:00Z,10.2,1.76,0.0,0.0,0.14,1.59,1.0
2026-02-20T07:00:00Z,10.4,2.0,0.0,0.0,0.14,1.04,3.0
2026-02-20T08:00:00Z,10.3,3.03,0.0,0.0,0.14,0.27,4.7
2026-02-20T09:00:00Z,10.4,4.33,0.0,0.0,0.14,-0.5,5.8
2026-02-20T10:00:00Z,10.3,5.21,0.0,0.0,0.22,-1.08,5.2
2026-02-20T11:00:00Z,10.4,6.25,0.0,0.0,0.28,-1.35,3.8
2026-02-20T12:00:00Z,10.5,7.23,0.0,0.0,0.36,-1.25,1.5
2026-02-20T13:00:00Z,10.5,7.99,0.0,0.0,0.38,-0.74,1.4
2026-02-20T14:00:00Z,10.5,8.64,0.0,0.0,0.4,0.06,3.7
2026-02-20T15:00:00Z,10.5,8.76,0.0,0.0,0.42,0.85,5.0
2026-02-20T16:00:00Z,10.5,8.74,0.0,0.0,0.46,1.37,4.4
2026-02-20T17:00:00Z,10.6,8.83,0.0,0.0,0.48,1.57,2.7
2026-02-20T18:00:00Z,10.6,8.96,0.0,0.0,0.52,1.44,1.4
2026-02-20T19:00:00Z,10.7,9.15,0.0,0.0,0.52,0.99,2.7
2026-02-20T20:00:00Z,10.7,9.25,0.0,0.0,0.52,0.3,4.6
2026-02-20T21:00:00Z,10.8,9.25,0.0,0.0,0.52,-0.44,5.8
2026-02-20T22:00:00Z,11.0,8.75,0.0,0.0,0.52,-1.02,5.8
2026-02-20T23:00:00Z,11.1,8.9,0.0,0.0,0.52,-1.32,4.5
2026-02-21T00:00:00Z,11.3,8.7,0.0,0.0,0.52,-1.28,2.3
2026-02-21T01:00:00Z,11.5,8.65,0.0,0.0,0.52,-0.87,0.4
2026-02-21T02:00:00Z,11.7,8.81,0.0,0.0,0.54,-0.12,3.1
2026-02-21T03:00:00Z,12.0,8.82,0.0,0.0,0.54,0.71,4.8
2026-02-21T04:00:00Z,12.2,8.54,0.0,0.0,0.54,1.33,4.8
2026-02-21T05:00:00Z,12.3,8.29,0.0,0.0,0.56,1.6,3.4
2026-02-21T06:00:00Z,12.4,8.38,0.0,0.0,0.56,1.55,1.6
2026-02-21T07:00:00Z,12.5,8.55,0.0,0.0,0.56,1.17,1.9
2026-02-21T08:00:00Z,12.5,8.68,0.0,0.0,0.58,0.52,3.8
2026-02-21T09:00:00Z,12.5,8.87,0.0,0.0,0.58,-0.25,5.3
2026-02-21T10:00:00Z,12.7,8.87,0.0,0.0,0.6,-0.92,5.6
2026-02-21T11:00:00Z,12.7,9.32,0.0,0.0,0.6,-1.34,4.9
2026-02-21T12:00:00Z,12.7,9.36,0.0,0.0,0.62,-1.42,3.1
2026-02-21T13:00:00Z,12.7,9.33,0.0,0.0,0.6,-1.15,0.6
2026-02-21T14:00:00Z,12.7,9.36,0.0,0.0,0.58,-0.54,2.2
2026-02-21T15:00:00Z,12.6,9.25,0.0,0.0,0.56,0.26,4.4
2026-02-21T16:00:00Z,12.6,9.01,0.0,0.0,0.54,0.95,5.0
2026-02-21T17:00:00Z,12.6,8.66,0.0,0.0,0.5,1.33,4.0
2026-02-21T18:00:00Z,12.6,7.85,0.0,0.0,0.48,1.39,2.1
2026-02-21T19:00:00Z,12.4,6.77,0.0,0.0,0.46,1.16,1.4
2026-02-21T20:00:00Z,12.1,5.78,0.0,0.0,0.42,0.65,2.8
2026-02-21T21:00:00Z,11.7,5.24,0.0,0.0,0.4,-0.01,4.4
2026-02-21T22:00:00Z,11.7,4.63,0.0,0.0,0.36,-0.65,5.0
2026-02-21T23:00:00Z,11.6,4.55,0.0,0.0,0.34,-1.09,4.7
2026-02-22T00:00:00Z,11.5,5.07,0.0,0.0,0.3,-1.22,3.1
2026-02-22T01:00:00Z,11.4,5.62,0.0,0.0,0.36,-1.04,1.0
2026-02-22T02:00:00Z,11.4,5.23,0.0,0.0,0.4,-0.54,1.5
2026-02-22T03:00:00Z,11.7,4.9,0.0,0.0,0.46,0.18,3.8
2026-02-22T04:00:00Z,12.2,4.52,0.0,0.0,0.52,0.89,4.9
2026-02-22T05:00:00Z,12.6,5.14,0.0,0.0,0.58,1.35,4.5
2026-02-22T06:00:00Z,11.9,8.72,0.0,0.0,0.64,1.51,2.9
2026-02-22T07:00:00Z,10.4,11.05,0.0,0.0,0.66,1.34,0.9
2026-02-22T08:00:00Z,10.4,10.72,0.0,0.0,0.68,0.87,1.1
2026-02-22T09:00:00Z,10.4,9.9,0.0,0.0,0.7,0.25,2.7
2026-02-22T10:00:00Z,9.9,9.08,0.0,0.0,0.72,-0.36,3.7
2026-02-22T11:00:00Z,9.6,8.66,0.0,0.0,0.76,-0.83,3.5
2026-02-22T12:00:00Z,9.4,8.67,0.0,0.0,0.78,-1.03,2.4
2026-02-22T13:00:00Z,9.2,8.6,0.0,0.0,0.74,-0.93,1.1
2026-02-22T14:00:00Z,9.1,8.95,0.0,0.0,0.7,-0.52,2.5
2026-02-22T15:00:00Z,9.0,8.83,0.0,0.0,0.66,0.16,4.5
2026-02-22T16:00:00Z,9.0,8.52,0.0,0.0,0.66,0.91,6.1
2026-02-22T17:00:00Z,9.0,8.29,0.0,0.0,0.68,1.47,6.1
2026-02-22T18:00:00Z,9.0,8.67,0.0,0.0,0.68,1.72,4.5
2026-02-22T19:00:00Z,8.9,8.8,0.0,0.0,0.7,1.68,2.5
2026-02-22T20:00:00Z,8.9,9.05,0.0,0.0,0.7,1.4,0.5
2026-02-22T21:00:00Z,8.9,9.01,0.0,0.0,0.72,0.9,1.6
2026-02-22T22:00:00Z,9.0,8.97,0.0,0.0,0.74,0.3,2.9
2026-02-22T23:00:00Z,9.1,9.02,0.0,0.0,0.78,-0.22,3.5
2026-02-23T00:00:00Z,9.3,8.98,0.0,0.0,0.8,-0.55,3.0
2026-02-23T01:00:00Z,9.5,8.94,0.0,0.0,0.78,-0.61,1.6
2026-02-23T02:00:00Z,9.7,8.62,0.0,0.0,0.78,-0.42,0.6
2026-02-23T03:00:00Z,9.8,8.21,0.0,0.0,0.76,0.01,2.4
2026-02-23T04:00:00Z,10.0,7.93,0.0,2.0,0.72,0.59,3.8
2026-02-23T05:00:00Z,10.1,7.49,0.0,5.0,0.7,1.07,4.4
2026-02-23T06:00:00Z,10.2,7.19,0.0,2.0,0.66,1.27,3.3
2026-02-23T07:00:00Z,10.3,7.52,0.0,0.0,0.68,1.19,1.4
2026-02-23T08:00:00Z,10.4,7.74,0.0,3.0,0.68,0.9,0.9
2026-02-23T09:00:00Z,10.5,7.73,0.0,78.0,0.7,0.42,2.5
2026-02-23T10:00:00Z,10.6,6.61,0.0,100.0,0.7,-0.17,3.8
2026-02-23T11:00:00Z,10.6,7.96,0.0,100.0,0.72,-0.71,4.2
2026-02-23T12:00:00Z,10.6,8.76,0.0,100.0,0.72,-1.05,3.6
2026-02-23T13:00:00Z,10.5,9.11,0.4,100.0,0.68,-1.15,2.2
2026-02-23T14:00:00Z,10.4,8.38,0.7,100.0,0.64,-0.98,0.6
2026-02-23T15:00:00Z,10.4,7.9,0.9,100.0,0.6,-0.56,1.7
2026-02-23T16:00:00Z,10.5,7.45,1.0,100.0,0.56,0.04,3.4
2026-02-23T17:00:00Z,10.7,6.74,1.2,100.0,0.52,0.65,4.5
2026-02-23T18:00:00Z,10.8,5.38,1.4,100.0,0.48,1.06,4.2
2026-02-23T19:00:00Z,10.9,3.91,1.6,100.0,0.5,1.2,2.7
2026-02-23T20:00:00Z,11.0,2.38,2.0,100.0,0.5,1.13,0.8
2026-02-23T21:00:00Z,10.9,0.6,2.2,100.0,0.52,0.89,0.9
2026-02-23T22:00:00Z,10.4,3.77,2.1,100.0,0.56,0.48,2.4
2026-02-23T23:00:00Z,9.8,6.86,1.2,100.0,0.58,0.02,3.1
2026-02-24T00:00:00Z,9.5,8.02,0.4,100.0,0.62,-0.35,3.2
2026-02-24T01:00:00Z,9.4,7.71,0.4,100.0,0.64,-0.54,2.6
2026-02-24T02:00:00Z,9.4,7.49,0.3,100.0,0.68,-0.52,1.4
2026-02-24T03:00:00Z,9.4,7.72,0.1,100.0,0.7,-0.33,1.2
2026-02-24T04:00:00Z,9.3,7.71,0.1,100.0,0.72,0.02,2.3
2026-02-24T05:00:00Z,9.2,7.7,0.2,100.0,0.74,0.46,3.5
2026-02-24T06:00:00Z,9.0,7.76,0.2,100.0,0.76,0.78,3.6
2026-02-24T07:00:00Z,9.0,8.1,0.1,100.0,0.96,0.87,2.7
2026-02-24T08:00:00Z,8.9,8.35,0.1,100.0,1.18,0.78,1.1
2026-02-24T09:00:00Z,8.9,8.45,0.0,100.0,1.38,0.56,0.5
2026-02-24T10:00:00Z,8.7,8.4,0.0,100.0,1.24,0.21,1.7
2026-02-24T11:00:00Z,8.6,9.25,0.0,99.0,1.1,-0.2,2.5
2026-02-24T12:00:00Z,8.6,9.73,0.0,100.0,0.96,-0.57,2.7
2026-02-24T13:00:00Z,8.6,9.45,0.0,100.0,0.92,-0.76,2.2
2026-02-24T14:00:00Z,8.7,8.7,0.0,100.0,0.86,-0.75,1.2
2026-02-24T15:00:00Z,8.6,8.46,0.0,100.0,0.82,-0.56,1.4
2026-02-24T16:00:00Z,8.6,8.61,0.0,100.0,0.78,-0.19,2.7
2026-02-24T17:00:00Z,8.6,8.7,0.0,100.0,0.76,0.33,4.0
2026-02-24T18:00:00Z,8.5,8.61,0.0,100.0,0.72,0.85,4.9
2026-02-24T19:00:00Z,8.5,8.23,0.0,100.0,0.7,1.2,4.5
2026-02-24T20:00:00Z,8.4,8.01,0.0,100.0,0.66,1.35,3.2
2026-02-24T21:00:00Z,8.5,7.45,0.0,100.0,0.64,1.35,1.8
2026-02-24T22:00:00Z,8.4,6.38,0.0,100.0,0.6,1.22,0.4
2026-02-24T23:00:00Z,8.6,5.94,0.0,100.0,0.56,0.95,0.9
2026-02-25T00:00:00Z,8.8,5.41,0.0,100.0,0.52,0.6,1.7
2026-02-25T01:00:00Z,8.9,5.25,0.0,100.0,0.5,0.31,2.2
2026-02-25T02:00:00Z,8.9,5.21,0.0,98.0,0.48,0.14,1.8
2026-02-25T03:00:00Z,8.9,5.28,0.0,97.0,0.46,0.09,1.0
2026-02-25T04:00:00Z,8.9,5.4,0.0,95.0,0.44,0.12,0.9
2026-02-25T05:00:00Z,8.8,5.54,0.0,99.0,0.44,0.29,1.3
2026-02-25T06:00:00Z,8.9,5.73,0.0,99.0,0.42,0.54,2.1
2026-02-25T07:00:00Z,8.9,5.48,0.0,99.0,0.4,0.71,2.0
2026-02-25T08:00:00Z,8.9,4.68,0.0,100.0,0.38,0.73,1.3
2026-02-25T09:00:00Z,9.0,4.01,0.0,100.0,0.36,0.64,0.3
2026-02-25T10:00:00Z,9.0,3.28,0.0,100.0,0.34,0.48,0.9
2026-02-25T11:00:00Z,9.1,3.16,0.0,100.0,0.3,0.21,1.7
2026-02-25T12:00:00Z,9.2,3.46,0.0,100.0,0.28,-0.13,2.3
2026-02-25T13:00:00Z,9.2,3.64,0.0,100.0,0.26,-0.43,2.6
2026-02-25T14:00:00Z,9.3,3.58,0.0,100.0,0.26,-0.62,2.1
2026-02-25T15:00:00Z,9.4,3.23,0.0,100.0,0.24,-0.66,1.3
2026-02-25T16:00:00Z,9.4,3.06,0.0,99.0,0.24,-0.58,0.9
2026-02-25T17:00:00Z,9.5,3.06,0.0,100.0,0.22,-0.35,1.7
2026-02-25T18:00:00Z,9.6,3.5,0.0,100.0,0.22,0.03,2.8
2026-02-25T19:00:00Z,9.7,4.32,0.0,100.0,0.24,0.44,3.6
2026-02-25T20:00:00Z,9.8,4.84,0.0,100.0,0.24,0.74,3.4
2026-02-25T21:00:00Z,9.9,4.97,0.0,100.0,0.26,0.95,2.7
2026-02-25T22:00:00Z,10.0,4.35,0.0,100.0,0.24,1.08,1.8
2026-02-25T23:00:00Z,10.1,4.79,0.0,100.0,0.24,1.07,0.8
2026-02-26T00:00:00Z,10.2,5.46,0.0,89.0,0.22,0.92,0.4
2026-02-26T01:00:00Z,10.4,5.78,0.0,97.0,0.28,0.66,1.1
2026-02-26T02:00:00Z,10.5,6.22,0.1,100.0,0.32,0.38,1.4
2026-02-26T03:00:00Z,10.6,6.65,0.2,100.0,0.38,0.17,1.4
2026-02-26T04:00:00Z,10.6,6.9,0.6,100.0,0.4,0.01,1.1
2026-02-26T05:00:00Z,10.6,6.9,0.9,100.0,0.4,-0.07,0.7
2026-02-26T06:00:00Z,10.7,7.0,0.9,100.0,0.42,0.0,0.4
2026-02-26T07:00:00Z,10.7,6.83,0.3,100.0,0.48,0.17,1.2
2026-02-26T08:00:00Z,10.8,6.4,0.4,100.0,0.52,0.31,1.7
2026-02-26T09:00:00Z,10.7,6.3,0.6,100.0,0.58,0.4,1.4
2026-02-26T10:00:00Z,10.7,6.56,0.8,100.0,0.54,0.47,1.0
2026-02-26T11:00:00Z,10.7,6.45,1.1,100.0,0.48,0.49,0.9
2026-02-26T12:00:00Z,10.7,5.8,1.5,100.0,0.44,0.36,1.0
2026-02-26T13:00:00Z,10.7,5.59,1.7,100.0,0.4,0.13,1.5
2026-02-26T14:00:00Z,10.6,5.23,1.9,100.0,0.38,-0.13,1.8
2026-02-26T15:00:00Z,10.5,3.95,2.0,100.0,0.34,-0.33,1.6
2026-02-26T16:00:00Z,10.4,4.8,1.8,100.0,0.34,-0.47,1.3
2026-02-26T17:00:00Z,10.4,5.36,1.4,100.0,0.32,-0.51,0.6
2026-02-26T18:00:00Z,10.3,4.38,1.1,100.0,0.32,-0.4,0.5
2026-02-26T19:00:00Z,10.3,2.85,0.8,100.0,0.34,-0.09,1.8
2026-02-26T20:00:00Z,10.1,2.02,0.6,100.0,0.34,0.31,2.9
2026-02-26T21:00:00Z,10.0,3.04,0.4,100.0,0.36,0.67,3.2
2026-02-26T22:00:00Z,9.7,2.89,0.3,100.0,0.38,1.01,3.1
2026-02-26T23:00:00Z,9.7,4.15,0.3,100.0,0.4,1.3,2.5
2026-02-27T00:00:00Z,9.7,5.47,0.1,100.0,0.42,1.43,1.6
2026-02-27T01:00:00Z,9.6,6.52,0.0,100.0,0.46,1.33,0.8
2026-02-27T02:00:00Z,9.6,5.79,0.0,91.0,0.48,1.07,0.9
2026-02-27T03:00:00Z,9.6,5.52,0.0,51.0,0.52,0.74,1.5
2026-02-27T04:00:00Z,9.5,6.3,0.0,87.0,0.54,0.4,1.9
2026-02-27T05:00:00Z,9.5,6.9,0.0,99.0,0.56,0.08,2.0
2026-02-27T06:00:00Z,9.4,7.51,0.0,96.0,0.58,-0.15,1.7
2026-02-27T07:00:00Z,9.4,8.02,0.0,100.0,0.58,-0.18,0.8
2026-02-27T08:00:00Z,9.4,8.15,0.0,88.0,0.58,-0.03,1.0
2026-02-27T09:00:00Z,9.4,7.92,0.0,92.0,0.58,0.17,1.6
2026-02-27T10:00:00Z,9.7,6.83,0.0,100.0,0.56,0.38,1.8
2026-02-27T11:00:00Z,9.7,6.62,0.0,67.0,0.52,0.6,1.6
2026-02-27T12:00:00Z,9.7,5.87,0.0,93.0,0.5,0.73,1.1
2026-02-27T13:00:00Z,9.7,5.51,0.0,100.0,0.5,0.66,0.4
2026-02-27T14:00:00Z,9.7,5.89,0.0,100.0,0.48,0.42,1.0
2026-02-27T15:00:00Z,9.6,6.42,0.0,100.0,0.48,0.08,1.7
2026-02-27T16:00:00Z,9.5,6.94,0.0,100.0,0.5,-0.25,1.9
2026-02-27T17:00:00Z,9.4,7.22,0.0,100.0,0.52,-0.52,1.9
2026-02-27T18:00:00Z,9.4,7.41,0.0,100.0,0.54,-0.68,1.7
2026-02-27T19:00:00Z,9.4,6.99,0.0,100.0,0.52,-0.63,1.3
2026-02-27T20:00:00Z,9.4,6.26,0.0,100.0,0.52,-0.32,2.0
2026-02-27T21:00:00Z,9.6,5.76,0.0,100.0,0.5,0.13,3.3
2026-02-27T22:00:00Z,9.5,4.66,0.0,100.0,0.48,0.62,3.8
2026-02-27T23:00:00Z,9.6,4.05,0.0,100.0,0.46,1.13,3.8
2026-02-28T00:00:00Z,9.7,3.71,0.0,100.0,0.44,1.53,3.2
2026-02-28T01:00:00Z,9.8,3.61,0.0,100.0,0.42,1.69,2.2
2026-02-28T02:00:00Z,9.9,3.47,0.0,94.0,0.38,1.56,0.8
2026-02-28T03:00:00Z,10.0,3.86,0.0,86.0,0.36,1.2,1.3
2026-02-28T04:00:00Z,10.1,3.83,0.0,72.0,0.34,0.74,2.3
2026-02-28T05:00:00Z,10.2,3.82,0.0,62.0,0.32,0.25,3.2
2026-02-28T06:00:00Z,10.3,3.97,0.0,39.0,0.3,-0.23,3.4
2026-02-28T07:00:00Z,10.4,3.49,0.0,52.0,0.28,-0.56,3.0
2026-02-28T08:00:00Z,10.5,3.62,0.0,98.0,0.28,-0.6,1.5
2026-02-28T09:00:00Z,10.5,3.94,0.0,96.0,0.26,-0.41,0.8
2026-02-28T10:00:00Z,10.5,3.87,0.0,98.0,0.24,-0.08,2.0
2026-02-28T11:00:00Z,10.6,4.21,0.0,97.0,0.24,0.31,2.5
2026-02-28T12:00:00Z,10.8,4.59,0.0,90.0,0.22,0.68,2.7
2026-02-28T13:00:00Z,11.1,5.65,0.0,83.0,0.32,0.9,2.2
2026-02-28T14:00:00Z,11.4,6.61,0.0,25.0,0.4,0.83,1.1
2026-02-28T15:00:00Z,11.6,6.54,0.0,94.0,0.5,0.52,0.4
2026-02-28T16:00:00Z,11.6,6.59,0.0,100.0,0.52,0.08,1.5
2026-02-28T17:00:00Z,11.5,7.15,0.0,100.0,0.54,-0.37,2.2
2026-02-28T18:00:00Z,11.5,7.69,0.0,99.0,0.56,-0.77,2.4
2026-02-28T19:00:00Z,11.4,7.99,0.0,87.0,0.58,-1.02,1.9
2026-02-28T20:00:00Z,11.3,7.85,0.0,100.0,0.58,-0.97,0.6
2026-02-28T21:00:00Z,11.3,7.97,0.0,100.0,0.6,-0.59,1.8
2026-02-28T22:00:00Z,11.4,8.0,0.0,94.0,0.6,0.0,3.8
2026-02-28T23:00:00Z,11.5,7.07,0.0,100.0,0.58,0.66,4.9
2026-03-01T00:00:00Z,11.5,7.3,0.1,100.0,0.58,1.33,5.1
2026-03-01T01:00:00Z,11.5,7.2,0.2,100.0,0.58,1.83,4.4
2026-03-01T02:00:00Z,11.6,7.28,0.1,100.0,0.58,2.0,2.9
2026-03-01T03:00:00Z,11.7,7.33,0.2,100.0,0.58,1.8,0.9
2026-03-01T04:00:00Z,11.7,6.86,0.4,100.0,0.58,1.34,1.1
2026-03-01T05:00:00Z,11.6,6.74,1.4,100.0,0.58,0.76,2.5
2026-03-01T06:00:00Z,11.6,6.96,1.7,99.0,0.58,0.15,3.4
2026-03-01T07:00:00Z,11.5,7.03,2.7,100.0,0.56,-0.39,3.8
2026-03-01T08:00:00Z,11.6,7.94,2.6,100.0,0.56,-0.71,3.1
2026-03-01T09:00:00Z,11.7,8.2,3.4,100.0,0.54,-0.68,1.1
2026-03-01T10:00:00Z,11.9,8.71,3.9,100.0,0.54,-0.35,1.1
2026-03-01T11:00:00Z,12.0,7.72,3.1,100.0,0.54,0.14,2.8
2026-03-01T12:00:00Z,12.2,7.11,3.7,100.0,0.54,0.71,3.5
2026-03-01T13:00:00Z,12.4,7.24,5.1,100.0,0.54,1.2,3.5
2026-03-01T14:00:00Z,12.6,6.48,2.7,100.0,0.56,1.42,2.4
2026-03-01T15:00:00Z,12.4,4.79,2.1,100.0,0.56,1.27,0.7
2026-03-01T16:00:00Z,11.7,4.85,0.8,100.0,0.54,0.81,1.5
2026-03-01T17:00:00Z,11.1,5.25,0.1,85.0,0.54,0.22,3.0
2026-03-01T18:00:00Z,10.9,6.97,0.0,85.0,0.52,-0.37,3.9
2026-03-01T19:00:00Z,10.8,8.13,0.0,90.0,0.52,-0.86,4.1
2026-03-01T20:00:00Z,10.8,8.38,0.0,77.0,0.52,-1.14,3.5
2026-03-01T21:00:00Z,10.8,8.66,0.0,78.0,0.52,-1.05,1.8
2026-03-01T22:00:00Z,10.6,7.27,0.0,87.0,0.56,-0.58,1.5
2026-03-01T23:00:00Z,10.5,8.77,0.0,96.0,0.58,0.1,3.5
2026-03-02T00:00:00Z,10.4,9.64,0.0,100.0,0.62,0.87,4.5
2026-03-02T01:00:00Z,10.5,9.8,0.0,100.0,0.68,1.58,4.5
2026-03-02T02:00:00Z,10.5,10.52,0.0,100.0,0.74,2.04,3.6
2026-03-02T03:00:00Z,10.6,10.47,0.0,100.0,0.8,2.07,1.6
2026-03-02T04:00:00Z,10.8,10.91,0.0,100.0,0.98,1.71,0.9
2026-03-02T05:00:00Z,10.9,11.2,0.0,100.0,1.16,1.1,2.8
2026-03-02T06:00:00Z,11.0,10.96,0.0,100.0,1.34,0.39,4.2
2026-03-02T07:00:00Z,11.0,11.11,0.0,100.0,1.26,-0.31,4.9
2026-03-02T08:00:00Z,10.9,11.4,0.0,100.0,1.18,-0.87,4.6
2026-03-02T09:00:00Z,10.6,11.56,0.0,100.0,1.1,-1.12,3.5
2026-03-02T10:00:00Z,10.0,10.66,0.0,100.0,1.12,-0.95,1.3
2026-03-02T11:00:00Z,9.8,11.42,0.0,98.0,1.16,-0.48,1.9
2026-03-02T12:00:00Z,9.5,12.39,0.0,86.0,1.18,0.16,3.4
2026-03-02T13:00:00Z,9.2,12.67,0.0,97.0,1.12,0.82,4.1
2026-03-02T14:00:00Z,9.0,12.78,0.0,100.0,1.06,1.3,3.8
2026-03-02T15:00:00Z,8.8,12.16,0.0,100.0,1.0,1.44,2.3
2026-03-02T16:00:00Z,8.6,12.35,0.0,100.0,0.98,1.19,0.6
2026-03-02T17:00:00Z,8.5,12.49,0.0,100.0,0.96,0.66,1.5
2026-03-02T18:00:00Z,8.5,11.45,0.0,100.0,0.94,0.02,3.0
2026-03-02T19:00:00Z,8.4,10.91,0.0,100.0,0.92,-0.58,3.5
2026-03-02T20:00:00Z,8.4,10.84,0.0,100.0,0.92,-1.03,3.4
2026-03-02T21:00:00Z,8.4,10.56,0.0,100.0,0.9,-1.18,2.4
2026-03-02T22:00:00Z,8.1,9.78,0.0,100.0,0.88,-0.91,1.3
2026-03-02T23:00:00Z,8.1,9.61,0.0,100.0,0.88,-0.25,3.4
2026-03-03T00:00:00Z,8.1,9.45,0.0,100.0,0.86,0.59,5.4
2026-03-03T01:00:00Z,8.1,8.92,0.0,100.0,0.86,1.47,6.1
2026-03-03T02:00:00Z,8.1,8.79,0.0,100.0,0.84,2.17,5.8
2026-03-03T03:00:00Z,8.2,8.67,0.0,100.0,0.84,2.51,4.0
2026-03-03T04:00:00Z,8.3,8.63,0.0,100.0,1.04,2.38,1.7
2026-03-03T05:00:00Z,8.5,9.27,0.0,100.0,1.24,1.85,1.4
2026-03-03T06:00:00Z,8.6,9.76,0.0,100.0,1.44,1.08,3.6
2026-03-03T07:00:00Z,8.8,10.05,0.0,100.0,1.28,0.29,5.0
2026-03-03T08:00:00Z,8.9,9.72,0.0,100.0,1.12,-0.4,5.4
2026-03-03T09:00:00Z,8.9,10.04,0.0,100.0,0.96,-0.88,4.8
2026-03-03T10:00:00Z,8.7,9.84,0.0,100.0,0.92,-0.95,3.0
2026-03-03T11:00:00Z,8.7,9.55,0.0,100.0,0.86,-0.56,1.2
2026-03-03T12:00:00Z,8.7,8.28,0.1,100.0,0.82,0.09,3.1
2026-03-03T13:00:00Z,8.8,8.6,0.1,100.0,0.84,0.82,4.5
2026-03-03T14:00:00Z,8.9,8.98,0.1,100.0,0.88,1.46,4.7
2026-03-03T15:00:00Z,9.0,8.05,0.0,100.0,0.9,1.83,3.6
2026-03-03T16:00:00Z,9.2,7.22,0.0,100.0,0.8,1.78,1.8
2026-03-03T17:00:00Z,9.2,6.51,0.0,100.0,0.68,1.32,0.6
2026-03-03T18:00:00Z,9.2,5.97,0.0,100.0,0.58,0.62,2.8
2026-03-03T19:00:00Z,9.2,5.37,0.0,100.0,0.54,-0.11,4.2
2026-03-03T20:00:00Z,9.1,5.12,0.0,100.0,0.48,-0.74,4.6
2026-03-03T21:00:00Z,9.2,5.45,0.0,100.0,0.44,-1.14,4.0
2026-03-03T22:00:00Z,8.8,5.16,0.0,100.0,0.42,-1.17,2.3
2026-03-03T23:00:00Z,8.9,4.38,0.0,100.0,0.4,-0.73,1.7
2026-03-04T00:00:00Z,9.0,4.3,0.0,100.0,0.38,0.03,3.8
2026-03-04T01:00:00Z,9.1,4.59,0.0,100.0,0.4,0.89,5.6
2026-03-04T02:00:00Z,9.3,5.26,0.0,99.0,0.4,1.67,5.8
2026-03-04T03:00:00Z,9.5,5.63,0.0,93.0,0.42,2.19,4.7
2026-03-04T04:00:00Z,9.6,5.79,0.0,65.0,0.4,2.28,2.7
2026-03-04T05:00:00Z,9.6,5.63,0.0,62.0,0.4,1.92,0.4
2026-03-04T06:00:00Z,9.7,5.06,0.0,89.0,0.38,1.22,2.6
2026-03-04T07:00:00Z,9.7,4.95,0.0,99.0,0.38,0.39,4.4
2026-03-04T08:00:00Z,9.8,5.59,0.0,97.0,0.4,-0.37,5.1
2026-03-04T09:00:00Z,9.8,5.69,0.0,93.0,0.4,-0.96,5.0
2026-03-04T10:00:00Z,9.5,5.28,0.0,95.0,0.44,-1.24,3.5
2026-03-04T11:00:00Z,9.4,5.4,0.3,87.0,0.48,-1.09,1.2
2026-03-04T12:00:00Z,9.5,5.01,0.0,86.0,0.52,-0.52,2.4
2026-03-04T13:00:00Z,9.7,5.24,0.0,76.0,0.5,0.23,4.7
2026-03-04T14:00:00Z,9.8,6.22,0.0,44.0,0.5,0.95,5.4
2026-03-04T15:00:00Z,9.8,6.2,0.3,55.0,0.48,1.48,4.9
2026-03-04T16:00:00Z,9.9,5.98,0.0,91.0,0.48,1.67,3.3
2026-03-04T17:00:00Z,10.1,5.91,0.0,89.0,0.46,1.43,1.2
2026-03-04T18:00:00Z,10.2,5.92,0.0,88.0,0.46,0.85,1.5
2026-03-04T19:00:00Z,10.2,5.48,0.5,80.0,0.44,0.1,3.4
2026-03-04T20:00:00Z,10.1,5.78,1.1,93.0,0.42,-0.61,4.3
2026-03-04T21:00:00Z,10.2,6.49,1.1,98.0,0.4,-1.14,4.2
2026-03-04T22:00:00Z,10.2,6.03,0.2,97.0,0.36,-1.4,3.0
2026-03-04T23:00:00Z,10.5,3.71,0.3,100.0,0.34,-1.25,1.0
2026-03-05T00:00:00Z,10.6,1.98,0.7,100.0,0.3,-0.67,2.2
2026-03-05T01:00:00Z,10.6,0.65,0.8,100.0,0.28,0.17,4.7
2026-03-05T02:00:00Z,10.5,1.79,0.8,100.0,0.24,0.99,5.6
2026-03-05T03:00:00Z,10.8,2.16,0.8,100.0,0.22,1.63,5.2
2026-03-05T04:00:00Z,10.6,1.68,0.6,100.0,0.22,1.97,3.8
2026-03-05T05:00:00Z,10.5,1.0,0.5,100.0,0.2,1.88,1.4
2026-03-05T06:00:00Z,10.5,1.86,0.4,98.0,0.2,1.37,1.1
2026-03-05T07:00:00Z,10.3,3.42,0.3,100.0,0.2,0.61,3.5
2026-03-05T08:00:00Z,10.3,4.58,0.5,100.0,0.22,-0.19,4.9
2026-03-05T09:00:00Z,10.2,4.5,0.3,100.0,0.22,-0.85,5.2
2026-03-05T10:00:00Z,10.3,3.83,0.2,100.0,0.24,-1.27,4.4
2026-03-05T11:00:00Z,10.3,4.22,0.5,100.0,0.28,-1.33,2.6
2026-03-05T12:00:00Z,10.1,5.07,0.8,100.0,0.3,-0.95,1.5
2026-03-05T13:00:00Z,9.9,5.2,1.0,100.0,0.32,-0.21,3.7
2026-03-05T14:00:00Z,9.7,5.43,0.9,100.0,0.34,0.59,5.4
2026-03-05T15:00:00Z,9.5,6.65,0.8,100.0,0.36,1.25,5.4
2026-03-05T16:00:00Z,9.3,7.4,0.3,100.0,0.4,1.65,4.3
2026-03-05T17:00:00Z,9.2,8.0,0.4,100.0,0.42,1.69,2.2
2026-03-05T18:00:00Z,9.1,8.43,0.4,100.0,0.46,1.31,0.4
2026-03-05T19:00:00Z,9.1,8.7,0.5,98.0,0.56,0.66,2.4
2026-03-05T20:00:00Z,9.1,9.27,0.2,100.0,0.68,-0.07,4.2
2026-03-05T21:00:00Z,9.1,9.94,0.0,100.0,0.78,-0.69,4.3
2026-03-05T22:00:00Z,8.6,9.39,0.0,96.0,0.76,-1.08,3.7
2026-03-05T23:00:00Z,8.4,8.9,0.0,89.0,0.74,-1.16,2.4
2026-03-06T00:00:00Z,8.5,8.6,0.0,70.0,0.72,-0.82,1.7
2026-03-06T01:00:00Z,8.7,8.57,0.0,84.0,0.74,-0.13,3.8
2026-03-06T02:00:00Z,9.0,8.4,0.0,100.0,0.76,0.67,5.6
2026-03-06T03:00:00Z,9.1,8.31,0.0,92.0,0.78,1.35,6.0
2026-03-06T04:00:00Z,9.1,8.7,0.0,94.0,0.8,1.79,4.9
2026-03-06T05:00:00Z,9.1,9.77,0.0,84.0,0.8,1.91,2.9
2026-03-06T06:00:00Z,8.9,9.91,0.0,80.0,0.82,1.64,0.4
2026-03-06T07:00:00Z,8.6,9.82,0.0,99.0,0.82,1.04,1.9
2026-03-06T08:00:00Z,8.3,9.96,0.0,100.0,0.82,0.29,3.7
2026-03-06T09:00:00Z,7.9,9.76,0.0,100.0,0.82,-0.38,4.5
2026-03-06T10:00:00Z,7.5,9.22,0.0,100.0,0.8,-0.85,4.0
2026-03-06T11:00:00Z,7.3,8.64,0.0,100.0,0.78,-1.03,2.7
2026-03-06T12:00:00Z,7.1,8.18,0.0,100.0,0.76,-0.84,1.3
2026-03-06T13:00:00Z,7.0,8.12,0.0,100.0,0.74,-0.26,2.7
2026-03-06T14:00:00Z,6.8,7.97,0.0,100.0,0.7,0.51,4.9
2026-03-06T15:00:00Z,6.7,7.66,0.0,100.0,0.68,1.2,5.6
2026-03-06T16:00:00Z,6.5,7.45,0.0,100.0,0.66,1.68,4.9
2026-03-06T17:00:00Z,6.4,7.19,0.0,100.0,0.64,1.87,3.1
2026-03-06T18:00:00Z,6.3,7.18,0.0,99.0,0.62,1.72,0.9
2026-03-06T19:00:00Z,6.2,7.69,0.0,89.0,0.62,1.22,1.5
2026-03-06T20:00:00Z,6.2,7.76,0.0,99.0,0.6,0.52,3.5
2026-03-06T21:00:00Z,6.1,8.03,0.0,95.0,0.6,-0.17,4.6
2026-03-06T22:00:00Z,6.2,8.08,0.0,99.0,0.6,-0.69,4.5
2026-03-06T23:00:00Z,6.2,8.05,0.0,98.0,0.6,-0.94,3.4
2026-03-07T00:00:00Z,6.3,7.39,0.0,100.0,0.6,-0.87,1.8
2026-03-07T01:00:00Z,6.4,6.8,0.0,59.0,0.6,-0.43,1.9
2026-03-07T02:00:00Z,6.5,6.4,0.0,0.0,0.58,0.26,3.8
2026-03-07T03:00:00Z,6.6,6.18,0.0,0.0,0.58,0.94,4.9
2026-03-07T04:00:00Z,6.6,6.38,0.0,0.0,0.58,1.4,4.3
2026-03-07T05:00:00Z,6.6,6.89,0.0,3.0,0.6,1.58,2.9
2026-03-07T06:00:00Z,6.6,7.56,0.0,2.0,0.6,1.46,0.7
2026-03-07T07:00:00Z,6.6,8.1,0.0,4.0,0.58,1.02,1.5
2026-03-07T08:00:00Z,6.5,8.18,0.0,7.0,0.58,0.35,3.3
2026-03-07T09:00:00Z,6.6,7.68,0.0,46.0,0.56,-0.35,4.4
2026-03-07T10:00:00Z,6.7,7.01,0.0,99.0,0.54,-0.89,4.5
2026-03-07T11:00:00Z,6.7,6.6,0.0,96.0,0.52,-1.15,3.2
2026-03-07T12:00:00Z,6.8,5.91,0.0,100.0,0.5,-1.12,1.7
2026-03-07T13:00:00Z,6.9,5.16,0.0,100.0,0.5,-0.75,1.5
2026-03-07T14:00:00Z,7.0,5.3,0.0,100.0,0.52,-0.09,3.6
2026-03-07T15:00:00Z,7.1,5.81,0.0,100.0,0.52,0.64,5.0
2026-03-07T16:00:00Z,7.1,6.16,0.0,99.0,0.48,1.18,5.0
2026-03-07T17:00:00Z,7.2,6.05,0.0,100.0,0.46,1.47,3.8
2026-03-07T18:00:00Z,7.3,5.58,0.0,100.0,0.42,1.5,2.0
2026-03-07T19:00:00Z,7.3,4.4,0.0,100.0,0.4,1.22,0.3
2026-03-07T20:00:00Z,7.3,3.57,0.0,100.0,0.38,0.67,2.3
2026-03-07T21:00:00Z,7.4,2.93,0.0,100.0,0.36,0.01,3.8
2026-03-07T22:00:00Z,7.2,3.19,0.0,100.0,0.34,-0.56,4.5
2026-03-07T23:00:00Z,7.3,2.88,0.0,100.0,0.32,-0.91,3.8
2026-03-08T00:00:00Z,7.4,2.81,0.0,98.0,0.3,-1.0,2.5
2026-03-08T01:00:00Z,7.5,3.1,0.0,100.0,0.28,-0.78,1.3
2026-03-08T02:00:00Z,7.7,3.48,0.0,98.0,0.28,-0.28,2.3
2026-03-08T03:00:00Z,7.8,3.24,0.0,2.0,0.26,0.35,3.8
2026-03-08T04:00:00Z,8.0,3.1,0.0,2.0,0.26,0.86,4.1
2026-03-08T05:00:00Z,8.1,3.37,0.0,1.0,0.26,1.11,3.2
2026-03-08T06:00:00Z,8.2,3.02,0.0,12.0,0.26,1.12,1.6
2026-03-08T07:00:00Z,8.4,3.26,0.0,10.0,0.24,0.88,0.3
2026-03-08T08:00:00Z,8.5,4.09,0.0,0.0,0.24,0.4,1.8
2026-03-08T09:00:00Z,8.5,3.74,0.0,1.0,0.22,-0.21,3.2
2026-03-08T10:00:00Z,8.7,4.27,0.0,94.0,0.24,-0.76,3.6
2026-03-08T11:00:00Z,8.8,4.99,0.0,98.0,0.28,-1.1,3.0
2026-03-08T12:00:00Z,8.8,5.36,0.0,96.0,0.3,-1.16,1.6
2026-03-08T13:00:00Z,8.8,5.47,0.0,98.0,0.3,-0.94,0.9
2026-03-08T14:00:00Z,8.8,5.33,0.0,97.0,0.3,-0.45,2.8
2026-03-08T15:00:00Z,8.8,4.97,0.0,100.0,0.3,0.24,4.5
2026-03-08T16:00:00Z,8.8,4.04,0.0,100.0,0.28,0.88,5.4
2026-03-08T17:00:00Z,8.8,3.79,0.0,100.0,0.28,1.28,4.9
2026-03-08T18:00:00Z,8.7,4.58,0.0,99.0,0.26,1.44,3.2
2026-03-08T19:00:00Z,8.7,4.82,0.0,78.0,0.28,1.36,1.3
2026-03-08T20:00:00Z,8.5,6.26,0.0,80.0,0.3,1.03,0.5
2026-03-08T21:00:00Z,8.4,6.72,0.0,96.0,0.32,0.52,2.2
2026-03-08T22:00:00Z,8.0,7.25,0.0,70.0,0.36,-0.03,3.4
2026-03-08T23:00:00Z,7.9,7.46,0.0,48.0,0.42,-0.45,3.3
2026-03-09T00:00:00Z,7.9,6.92,0.0,41.0,0.46,-0.63,2.5
2026-03-09T01:00:00Z,7.9,7.09,0.0,12.0,0.5,-0.56,1.4
2026-03-09T02:00:00Z,7.9,7.5,0.0,12.0,0.54,-0.27,1.8
2026-03-09T03:00:00Z,7.9,7.87,0.0,42.0,0.58,0.22,3.2
2026-03-09T04:00:00Z,7.9,8.08,0.0,60.0,0.6,0.73,4.2
2026-03-09T05:00:00Z,7.9,8.64,0.0,47.0,0.64,1.05,4.0
2026-03-09T06:00:00Z,8.0,8.69,0.0,50.0,0.66,1.13,2.7
2026-03-09T07:00:00Z,8.2,8.73,0.0,93.0,0.74,1.01,1.1
2026-03-09T08:00:00Z,8.3,8.68,0.0,88.0,0.84,0.7,0.6
2026-03-09T09:00:00Z,8.3,8.88,0.0,100.0,0.92,0.25,2.0
2026-03-09T10:00:00Z,8.5,8.48,0.0,100.0,0.88,-0.26,3.0
2026-03-09T11:00:00Z,8.5,8.7,0.0,100.0,0.84,-0.66,3.2
2026-03-09T12:00:00Z,8.4,8.78,0.0,100.0,0.8,-0.84,2.4
2026-03-09T13:00:00Z,8.4,8.77,0.0,100.0,0.76,-0.75,1.2
2026-03-09T14:00:00Z,8.1,8.49,0.0,100.0,0.7,-0.44,1.8
2026-03-09T15:00:00Z,7.9,7.92,0.0,100.0,0.66,0.07,3.2
2026-03-09T16:00:00Z,7.6,7.36,0.0,99.0,0.62,0.67,4.5
2026-03-09T17:00:00Z,7.4,6.82,0.0,95.0,0.56,1.15,4.7
2026-03-09T18:00:00Z,7.1,6.53,0.0,94.0,0.52,1.39,3.8
2026-03-09T19:00:00Z,7.0,6.26,0.0,13.0,0.48,1.43,2.2
2026-03-09T20:00:00Z,6.8,5.98,0.0,11.0,0.46,1.28,0.4
2026-03-09T21:00:00Z,6.7,5.57,0.0,29.0,0.42,0.94,1.1
2026-03-09T22:00:00Z,6.4,4.83,0.0,34.0,0.38,0.48,2.6
2026-03-09T23:00:00Z,6.4,4.22,0.0,31.0,0.36,0.03,3.2
2026-03-10T00:00:00Z,6.5,3.6,0.0,29.0,0.32,-0.27,3.0
2026-03-10T01:00:00Z,6.7,3.3,0.0,37.0,0.3,-0.37,2.1
2026-03-10T02:00:00Z,6.8,2.79,0.0,24.0,0.28,-0.29,1.3
2026-03-10T03:00:00Z,6.9,2.43,0.0,14.0,0.26,-0.04,1.5
2026-03-10T04:00:00Z,7.0,1.83,0.0,10.0,0.24,0.32,2.2
2026-03-10T05:00:00Z,7.1,1.31,0.0,7.0,0.24,0.62,2.6
2026-03-10T06:00:00Z,7.2,1.32,0.0,0.0,0.22,0.73,2.1
2026-03-10T07:00:00Z,7.3,2.01,0.0,0.0,0.22,0.66,1.0
2026-03-10T08:00:00Z,7.4,2.25,0.0,0.0,0.2,0.47,0.4
2026-03-10T09:00:00Z,7.5,2.15,0.0,0.0,0.2,0.16,1.4
2026-03-10T10:00:00Z,7.5,2.91,0.0,0.0,0.2,-0.25,2.3
2026-03-10T11:00:00Z,7.6,4.22,0.0,0.0,0.22,-0.66,2.8
2026-03-10T12:00:00Z,7.7,4.71,0.0,0.0,0.22,-0.95,2.6
2026-03-10T13:00:00Z,7.8,5.48,0.0,0.0,0.26,-1.01,1.5
2026-03-10T14:00:00Z,7.9,6.0,0.0,0.0,0.28,-0.86,0.2
2026-03-10T15:00:00Z,8.0,6.22,0.0,0.0,0.32,-0.55,1.4
2026-03-10T16:00:00Z,8.1,6.45,0.0,0.0,0.32,-0.12,2.5
2026-03-10T17:00:00Z,8.3,6.4,0.0,0.0,0.32,0.35,3.3
2026-03-10T18:00:00Z,8.4,6.13,0.0,0.0,0.32,0.68,3.2
2026-03-10T19:00:00Z,8.5,5.71,0.0,0.0,0.32,0.82,2.3
2026-03-10T20:00:00Z,8.5,5.36,0.0,0.0,0.3,0.83,1.3
2026-03-10T21:00:00Z,8.6,5.31,0.0,0.0,0.3,0.72,1.0
2026-03-10T22:00:00Z,8.9,4.35,0.0,0.0,0.28,0.49,1.6
2026-03-10T23:00:00Z,9.0,4.58,0.0,0.0,0.28,0.17,2.4
2026-03-11T00:00:00Z,9.3,4.73,0.0,0.0,0.26,-0.11,2.5
2026-03-11T01:00:00Z,9.4,4.73,0.0,0.0,0.24,-0.28,2.2
2026-03-11T02:00:00Z,9.6,4.28,0.0,0.0,0.24,-0.3,1.3
2026-03-11T03:00:00Z,9.8,3.47,0.0,0.0,0.22,-0.21,0.3
2026-03-11T04:00:00Z,9.9,3.36,0.0,0.0,0.22,-0.01,0.8
2026-03-11T05:00:00Z,10.0,3.97,0.0,0.0,0.22,0.26,1.7
2026-03-11T06:00:00Z,10.0,4.47,0.0,20.0,0.22,0.47,2.0
2026-03-11T07:00:00Z,10.0,5.26,0.0,26.0,0.24,0.52,1.5
2026-03-11T08:00:00Z,10.0,6.05,0.0,6.0,0.24,0.46,1.0
2026-03-11T09:00:00Z,10.1,6.68,0.0,3.0,0.26,0.33,1.0
2026-03-11T10:00:00Z,9.4,7.34,0.0,18.0,0.28,0.15,1.2
2026-03-11T11:00:00Z,9.1,7.35,0.0,51.0,0.3,-0.12,1.7
2026-03-11T12:00:00Z,9.0,6.27,0.0,83.0,0.32,-0.39,1.8
2026-03-11T13:00:00Z,8.8,4.87,0.0,99.0,0.34,-0.54,1.5
2026-03-11T14:00:00Z,8.5,4.36,0.2,100.0,0.36,-0.53,0.6
2026-03-11T15:00:00Z,8.4,4.22,0.1,34.0,0.38,-0.4,0.6
2026-03-11T16:00:00Z,8.4,4.15,0.0,78.0,0.36,-0.16,1.5
2026-03-11T17:00:00Z,8.5,4.28,0.0,99.0,0.36,0.19,2.4
2026-03-11T18:00:00Z,8.5,4.54,0.0,93.0,0.34,0.56,2.9
2026-03-11T19:00:00Z,8.6,5.3,0.0,30.0,0.36,0.81,2.9
2026-03-11T20:00:00Z,8.8,6.24,0.0,14.0,0.36,0.93,2.2
2026-03-11T21:00:00Z,8.9,6.84,0.0,35.0,0.38,0.99,1.3
2026-03-11T22:00:00Z,8.6,6.69,0.0,34.0,0.4,0.96,0.4
2026-03-11T23:00:00Z,8.6,6.53,0.0,39.0,0.44,0.81,0.6
2026-03-12T00:00:00Z,8.8,6.66,0.0,8.0,0.46,0.57,1.5
2026-03-12T01:00:00Z,9.0,6.51,0.0,10.0,0.5,0.33,1.8
2026-03-12T02:00:00Z,9.2,6.65,0.0,0.0,0.52,0.18,1.4
2026-03-12T03:00:00Z,9.3,7.46,0.0,0.0,0.56,0.11,1.0
2026-03-12T04:00:00Z,9.3,8.07,0.0,0.0,0.58,0.11,0.9
2026-03-12T05:00:00Z,9.4,8.41,0.0,1.0,0.62,0.2,1.3
2026-03-12T06:00:00Z,9.5,8.59,0.0,1.0,0.64,0.36,1.7
2026-03-12T07:00:00Z,9.4,8.58,0.0,0.0,0.64,0.47,1.8
2026-03-12T08:00:00Z,9.3,8.36,0.0,0.0,0.66,0.47,1.5
2026-03-12T09:00:00Z,9.3,8.28,0.0,0.0,0.66,0.42,0.7
2026-03-12T10:00:00Z,9.5,7.72,0.0,0.0,0.68,0.38,0.3
2026-03-12T11:00:00Z,9.4,8.1,0.0,0.0,0.7,0.27,0.3
2026-03-12T12:00:00Z,9.2,8.68,0.0,6.0,0.72,0.08,0.9
2026-03-12T13:00:00Z,9.0,8.97,0.0,20.0,0.72,-0.14,1.4
2026-03-12T14:00:00Z,8.9,9.15,0.0,75.0,0.7,-0.28,1.3
2026-03-12T15:00:00Z,8.8,9.25,0.0,65.0,0.7,-0.32,0.9
2026-03-12T16:00:00Z,8.8,8.33,0.0,51.0,0.68,-0.27,1.0
2026-03-12T17:00:00Z,8.8,8.0,0.0,30.0,0.68,-0.13,1.5
2026-03-12T18:00:00Z,8.7,8.28,0.0,34.0,0.66,0.14,2.3
2026-03-12T19:00:00Z,8.6,7.46,0.0,34.0,0.66,0.44,2.9
2026-03-12T20:00:00Z,8.5,6.97,0.0,25.0,0.64,0.67,2.9
2026-03-12T21:00:00Z,8.5,7.31,0.0,19.0,0.64,0.85,2.3
2026-03-12T22:00:00Z,8.3,6.69,0.0,33.0,0.62,1.0,1.8
2026-03-12T23:00:00Z,8.5,7.01,0.0,38.0,0.6,1.06,1.1
2026-03-13T00:00:00Z,8.7,6.87,0.0,20.0,0.58,0.97,0.4
2026-03-13T01:00:00Z,8.9,6.58,0.0,12.0,0.56,0.76,0.9
2026-03-13T02:00:00Z,9.1,5.93,0.0,13.0,0.54,0.51,1.5
2026-03-13T03:00:00Z,9.2,4.97,0.0,8.0,0.52,0.3,1.5
2026-03-13T04:00:00Z,9.3,4.04,0.0,0.0,0.48,0.13,1.3
2026-03-13T05:00:00Z,9.4,3.25,0.0,0.0,0.42,0.01,1.3
2026-03-13T06:00:00Z,9.5,2.8,0.0,0.0,0.38,0.0,1.0
2026-03-13T07:00:00Z,9.5,2.59,0.0,0.0,0.34,0.09,0.9
2026-03-13T08:00:00Z,9.6,2.61,0.0,0.0,0.32,0.17,1.0
2026-03-13T09:00:00Z,9.6,3.13,0.0,0.0,0.28,0.22,1.1
2026-03-13T10:00:00Z,9.5,3.52,0.0,0.0,0.28,0.29,0.9
2026-03-13T11:00:00Z,9.6,4.34,0.0,0.0,0.26,0.35,0.9
2026-03-13T12:00:00Z,9.6,4.76,0.0,0.0,0.26,0.32,0.4
2026-03-13T13:00:00Z,9.7,5.22,0.0,0.0,0.28,0.16,0.3
2026-03-13T14:00:00Z,9.9,5.45,0.0,1.0,0.3,-0.07,0.7
2026-03-13T15:00:00Z,10.0,5.69,0.0,0.0,0.32,-0.27,0.7
2026-03-13T16:00:00Z,10.1,6.14,0.0,4.0,0.32,-0.39,0.5
2026-03-13T17:00:00Z,10.3,6.03,0.0,0.0,0.34,-0.45,0.0
2026-03-13T18:00:00Z,10.4,5.7,0.0,0.0,0.34,-0.38,0.6
2026-03-13T19:00:00Z,10.4,5.52,0.0,1.0,0.34,-0.14,1.5
2026-03-13T20:00:00Z,10.4,5.56,0.0,1.0,0.36,0.17,2.4
2026-03-13T21:00:00Z,10.4,5.88,0.0,0.0,0.36,0.46,2.6
2026-03-13T22:00:00Z,10.4,5.71,0.0,0.0,0.38,0.73,2.4
2026-03-13T23:00:00Z,10.5,6.48,0.0,0.0,0.38,1.0,2.2
2026-03-14T00:00:00Z,10.7,6.68,0.0,0.0,0.4,1.16,1.5
2026-03-14T01:00:00Z,10.8,6.6,0.0,0.0,0.4,1.12,0.7
2026-03-14T02:00:00Z,11.0,6.72,0.0,0.0,0.42,0.89,1.0
2026-03-14T03:00:00Z,11.1,6.41,0.0,0.0,0.42,0.58,1.7
2026-03-14T04:00:00Z,11.2,6.44,0.0,0.0,0.44,0.27,2.1
2026-03-14T05:00:00Z,11.2,6.8,0.0,0.0,0.46,-0.02,2.1
2026-03-14T06:00:00Z,11.2,7.15,0.0,0.0,0.48,-0.22,1.9
2026-03-14T07:00:00Z,11.3,7.54,0.0,0.0,0.48,-0.26,1.2
2026-03-14T08:00:00Z,11.3,7.52,0.0,0.0,0.48,-0.16,0.7
2026-03-14T09:00:00Z,11.4,7.18,0.0,0.0,0.48,0.0,1.2
2026-03-14T10:00:00Z,11.5,6.91,0.0,0.0,0.48,0.17,1.5
2026-03-14T11:00:00Z,11.5,7.28,0.0,0.0,0.48,0.39,1.4
2026-03-14T12:00:00Z,11.6,7.49,0.0,0.0,0.48,0.56,1.2
2026-03-14T13:00:00Z,11.6,7.68,0.0,0.0,0.48,0.57,0.9
2026-03-14T14:00:00Z,11.6,7.64,0.0,0.0,0.46,0.38,1.2
2026-03-14T15:00:00Z,11.6,7.38,0.0,0.0,0.46,0.08,1.8
2026-03-14T16:00:00Z,11.5,7.37,0.0,0.0,0.44,-0.21,2.2
2026-03-14T17:00:00Z,11.5,7.26,0.0,0.0,0.44,-0.45,2.0
2026-03-14T18:00:00Z,11.5,7.19,0.0,0.0,0.42,-0.58,1.6
2026-03-14T19:00:00Z,11.4,7.2,0.0,1.0,0.4,-0.53,0.5
2026-03-14T20:00:00Z,11.4,7.26,0.0,0.0,0.4,-0.26,0.9
2026-03-14T21:00:00Z,11.4,6.85,0.0,1.0,0.38,0.13,2.2
2026-03-14T22:00:00Z,11.4,5.99,0.0,1.0,0.36,0.54,2.8
2026-03-14T23:00:00Z,11.4,5.64,0.0,5.0,0.32,0.95,2.8
2026-03-15T00:00:00Z,11.5,3.95,0.0,3.0,0.3,1.3,2.4
2026-03-15T01:00:00Z,11.5,4.03,0.0,5.0,0.28,1.47,1.6
2026-03-15T02:00:00Z,11.6,4.2,0.0,13.0,0.28,1.35,0.6
2026-03-15T03:00:00Z,11.7,3.63,0.0,20.0,0.26,1.01,1.5
2026-03-15T04:00:00Z,11.7,4.0,0.0,21.0,0.26,0.57,2.5
2026-03-15T05:00:00Z,11.7,4.42,0.0,30.0,0.26,0.13,3.1
2026-03-15T06:00:00Z,11.7,4.62,0.0,49.0,0.26,-0.26,3.1
2026-03-15T07:00:00Z,11.7,4.35,0.0,88.0,0.28,-0.52,2.5
2026-03-15T08:00:00Z,11.6,4.14,0.0,87.0,0.28,-0.53,1.5
2026-03-15T09:00:00Z,11.6,4.35,0.0,88.0,0.3,-0.33,0.3
2026-03-15T10:00:00Z,11.2,4.94,0.0,98.0,0.32,-0.04,1.5
2026-03-15T11:00:00Z,11.1,5.11,0.0,91.0,0.32,0.29,2.1
2026-03-15T12:00:00Z,11.1,5.06,0.0,80.0,0.34,0.62,2.1
2026-03-15T13:00:00Z,11.0,4.93,0.0,88.0,0.34,0.84,1.5
2026-03-15T14:00:00Z,10.9,5.21,0.0,99.0,0.34,0.79,0.6
2026-03-15T15:00:00Z,10.8,5.16,0.0,97.0,0.34,0.5,0.9
2026-03-15T16:00:00Z,10.7,5.03,0.0,93.0,0.32,0.07,2.0
2026-03-15T17:00:00Z,10.6,4.77,0.0,90.0,0.32,-0.35,2.7
2026-03-15T18:00:00Z,10.5,4.61,0.0,100.0,0.3,-0.69,2.5
2026-03-15T19:00:00Z,10.5,4.28,0.3,100.0,0.28,-0.88,2.1
2026-03-15T20:00:00Z,10.3,4.67,0.5,95.0,0.28,-0.8,1.0
2026-03-15T21:00:00Z,10.3,4.82,0.1,93.0,0.26,-0.44,1.4
2026-03-15T22:00:00Z,10.1,5.0,0.0,77.0,0.28,0.07,2.7
2026-03-15T23:00:00Z,10.1,4.99,0.0,95.0,0.28,0.62,3.6
2026-03-16T00:00:00Z,10.2,4.94,0.0,86.0,0.3,1.15,3.6
2026-03-16T01:00:00Z,10.4,4.55,0.0,65.0,0.3,1.55,2.9
2026-03-16T02:00:00Z,10.4,4.57,0.0,58.0,0.3,1.65,1.7
2026-03-16T03:00:00Z,10.5,4.63,0.0,87.0,0.3,1.41,0.2
2026-03-16T04:00:00Z,10.6,4.64,0.0,77.0,0.3,0.92,1.8
2026-03-16T05:00:00Z,10.6,4.77,0.0,96.0,0.32,0.34,3.1
2026-03-16T06:00:00Z,10.5,5.01,0.0,100.0,0.32,-0.21,3.6
2026-03-16T07:00:00Z,10.4,5.58,0.0,100.0,0.34,-0.64,3.4
2026-03-16T08:00:00Z,10.3,6.35,0.0,100.0,0.34,-0.84,2.4
2026-03-16T09:00:00Z,10.3,6.72,0.0,100.0,0.36,-0.73,0.6
2026-03-16T10:00:00Z,10.7,7.08,0.0,100.0,0.38,-0.38,1.6
2026-03-16T11:00:00Z,10.7,6.76,0.1,100.0,0.4,0.07,2.9
2026-03-16T12:00:00Z,10.7,6.86,0.1,100.0,0.42,0.53,3.3
2026-03-16T13:00:00Z,10.7,6.63,0.1,100.0,0.42,0.92,2.9
2026-03-16T14:00:00Z,10.7,6.38,0.1,100.0,0.42,1.08,1.9
2026-03-16T15:00:00Z,10.8,6.43,0.1,100.0,0.42,0.9,0.3
2026-03-16T16:00:00Z,10.8,6.43,0.1,100.0,0.4,0.46,1.4
2026-03-16T17:00:00Z,10.8,5.77,0.2,100.0,0.4,-0.1,2.7
2026-03-16T18:00:00Z,10.8,5.49,0.4,100.0,0.38,-0.6,3.3
2026-03-16T19:00:00Z,10.8,5.58,0.5,100.0,0.38,-0.96,2.7
2026-03-16T20:00:00Z,10.7,6.35,0.5,100.0,0.4,-1.09,1.7
2026-03-16T21:00:00Z,10.6,6.72,0.6,100.0,0.4,-0.9,0.8
2026-03-16T22:00:00Z,10.6,7.16,0.8,100.0,0.42,-0.37,2.9
2026-03-16T23:00:00Z,10.7,7.18,0.4,100.0,0.46,0.32,4.7
2026-03-17T00:00:00Z,10.8,7.02,0.3,100.0,0.48,1.0,5.4
2026-03-17T01:00:00Z,10.9,7.15,0.1,100.0,0.52,1.58,5.2
2026-03-17T02:00:00Z,11.0,7.34,0.2,100.0,0.54,1.91,4.2
2026-03-17T03:00:00Z,11.0,7.71,0.2,100.0,0.58,1.87,2.2
2026-03-17T04:00:00Z,11.0,7.69,0.1,100.0,0.58,1.44,0.4
2026-03-17T05:00:00Z,11.1,7.54,0.2,100.0,0.56,0.78,2.3
2026-03-17T06:00:00Z,11.1,7.67,0.3,100.0,0.56,0.09,3.6
2026-03-17T07:00:00Z,11.3,8.04,0.1,100.0,0.56,-0.5,4.0
2026-03-17T08:00:00Z,11.4,7.92,0.0,100.0,0.56,-0.9,3.4
2026-03-17T09:00:00Z,11.6,7.52,0.1,100.0,0.56,-0.98,1.8
2026-03-17T10:00:00Z,12.0,7.02,0.2,100.0,0.62,-0.68,0.6
2026-03-17T11:00:00Z,12.2,7.79,0.1,98.0,0.68,-0.12,2.9
2026-03-17T12:00:00Z,12.4,8.02,0.0,59.0,0.74,0.5,4.1
2026-03-17T13:00:00Z,12.7,7.58,0.0,66.0,0.74,1.04,4.1
2026-03-17T14:00:00Z,13.0,7.36,0.0,98.0,0.74,1.4,3.2
2026-03-17T15:00:00Z,13.2,7.89,0.0,95.0,0.74,1.43,1.8
2026-03-17T16:00:00Z,13.5,8.25,0.0,69.0,0.66,1.09,1.0
2026-03-17T17:00:00Z,13.6,8.06,1.9,89.0,0.6,0.48,2.7
2026-03-17T18:00:00Z,13.5,7.44,1.8,100.0,0.52,-0.2,4.1
2026-03-17T19:00:00Z,13.4,6.25,0.1,100.0,0.48,-0.79,4.7
2026-03-17T20:00:00Z,13.2,5.21,0.2,100.0,0.46,-1.16,4.0
2026-03-17T21:00:00Z,12.9,5.02,0.1,98.0,0.42,-1.21,2.6
2026-03-17T22:00:00Z,12.2,5.17,0.1,76.0,0.4,-0.87,0.6
2026-03-17T23:00:00Z,12.0,6.12,0.0,66.0,0.38,-0.19,2.5
2026-03-18T00:00:00Z,11.8,6.35,0.0,93.0,0.36,0.58,4.1
2026-03-18T01:00:00Z,11.7,6.47,0.0,98.0,0.36,1.28,4.5
2026-03-18T02:00:00Z,11.5,6.45,0.1,100.0,0.36,1.79,3.8
2026-03-18T03:00:00Z,11.3,6.81,0.1,100.0,0.36,1.97,2.2
2026-03-18T04:00:00Z,11.0,6.98,0.1,99.0,0.38,1.72,0.3
2026-03-18T05:00:00Z,10.9,6.61,0.1,99.0,0.42,1.12,2.5
2026-03-18T06:00:00Z,10.8,6.78,0.3,100.0,0.44,0.36,4.2
2026-03-18T07:00:00Z,10.8,8.21,0.3,100.0,0.48,-0.37,4.9
2026-03-18T08:00:00Z,10.6,9.46,0.3,100.0,0.54,-0.91,4.4
2026-03-18T09:00:00Z,10.1,9.83,0.3,100.0,0.58,-1.17,2.9
2026-03-18T10:00:00Z,9.5,9.77,0.6,100.0,0.6,-1.03,1.1
2026-03-18T11:00:00Z,9.3,9.54,0.8,100.0,0.64,-0.47,3.0
2026-03-18T12:00:00Z,9.2,8.79,1.2,100.0,0.66,0.29,5.2
2026-03-18T13:00:00Z,9.2,7.92,1.1,100.0,0.66,1.0,5.8
2026-03-18T14:00:00Z,9.2,7.55,0.5,100.0,0.64,1.53,5.0
2026-03-18T15:00:00Z,9.2,7.55,0.1,100.0,0.64,1.76,3.6
2026-03-18T16:00:00Z,9.2,7.4,0.0,100.0,0.62,1.62,1.4
2026-03-18T17:00:00Z,9.1,7.6,0.0,98.0,0.62,1.12,1.0
2026-03-18T18:00:00Z,9.0,7.5,0.0,99.0,0.6,0.4,3.0
2026-03-18T19:00:00Z,9.0,7.35,0.0,98.0,0.62,-0.31,3.9
2026-03-18T20:00:00Z,8.9,7.3,0.0,98.0,0.64,-0.83,3.8
2026-03-18T21:00:00Z,8.9,7.71,0.0,93.0,0.66,-1.09,2.7
2026-03-18T22:00:00Z,8.8,7.12,0.0,87.0,0.62,-1.0,1.4
2026-03-18T23:00:00Z,8.8,6.43,0.0,78.0,0.6,-0.48,2.6
2026-03-19T00:00:00Z,8.8,6.07,0.0,84.0,0.56,0.32,4.9
2026-03-19T01:00:00Z,8.8,5.76,0.0,62.0,0.54,1.13,6.0
2026-03-19T02:00:00Z,8.8,5.41,0.0,73.0,0.5,1.76,5.6
2026-03-19T03:00:00Z,8.8,5.29,0.0,83.0,0.48,2.1,4.0
2026-03-19T04:00:00Z,8.8,5.3,0.0,61.0,0.46,2.03,1.6
2026-03-19T05:00:00Z,8.8,5.47,0.0,23.0,0.44,1.56,1.0
2026-03-19T06:00:00Z,8.8,5.23,0.0,9.0,0.42,0.8,3.3
2026-03-19T07:00:00Z,8.8,4.66,0.0,7.0,0.4,-0.03,4.9
2026-03-19T08:00:00Z,8.8,4.1,0.0,2.0,0.38,-0.74,5.3
2026-03-19T09:00:00Z,8.9,4.13,0.0,1.0,0.36,-1.21,4.5
2026-03-19T10:00:00Z,9.1,3.88,0.0,3.0,0.34,-1.32,2.5
2026-03-19T11:00:00Z,9.1,4.0,0.0,4.0,0.32,-0.98,1.3
2026-03-19T12:00:00Z,9.2,3.61,0.0,6.0,0.3,-0.26,3.8
2026-03-19T13:00:00Z,9.2,2.97,0.0,9.0,0.28,0.58,5.8
2026-03-19T14:00:00Z,9.3,2.91,0.0,7.0,0.26,1.29,5.9
2026-03-19T15:00:00Z,9.3,2.65,0.0,7.0,0.24,1.71,4.7
2026-03-19T16:00:00Z,9.3,2.51,0.0,3.0,0.24,1.77,2.7
2026-03-19T17:00:00Z,9.3,2.77,0.0,8.0,0.22,1.43,0.0
2026-03-19T18:00:00Z,9.3,2.65,0.0,4.0,0.22,0.75,2.3
2026-03-19T19:00:00Z,9.3,2.15,0.0,0.0,0.2,-0.06,4.4
2026-03-19T20:00:00Z,9.3,1.93,0.0,6.0,0.2,-0.79,5.1
2026-03-19T21:00:00Z,9.4,2.46,0.0,14.0,0.18,-1.29,4.5
2026-03-19T22:00:00Z,9.5,2.94,0.0,6.0,0.18,-1.46,2.9
2026-03-19T23:00:00Z,9.6,3.29,0.0,17.0,0.16,-1.21,1.1
2026-03-20T00:00:00Z,9.8,3.54,0.0,32.0,0.16,-0.53,3.3
2026-03-20T01:00:00Z,9.9,3.53,0.0,4.0,0.16,0.37,5.8
2026-03-20T02:00:00Z,10.0,3.1,0.0,23.0,0.14,1.18,6.5
2026-03-20T03:00:00Z,10.1,2.58,0.0,67.0,0.14,1.71,5.6
2026-03-20T04:00:00Z,10.3,2.39,0.0,96.0,0.16,1.88,3.7
2026-03-20T05:00:00Z,10.3,2.93,0.0,87.0,0.16,1.64,1.3
2026-03-20T06:00:00Z,10.3,3.43,0.0,94.0,0.18,1.02,1.7
2026-03-20T07:00:00Z,10.3,4.31,0.0,100.0,0.2,0.2,3.6
2026-03-20T08:00:00Z,10.4,5.25,0.0,100.0,0.24,-0.62,4.9
2026-03-20T09:00:00Z,10.4,5.59,0.2,100.0,0.26,-1.23,4.7
2026-03-20T10:00:00Z,10.2,5.06,0.5,100.0,0.3,-1.52,3.3
2026-03-20T11:00:00Z,10.1,4.74,0.7,100.0,0.32,-1.41,1.0
2026-03-20T12:00:00Z,10.0,4.36,0.6,100.0,0.36,-0.84,2.2
2026-03-20T13:00:00Z,9.5,3.45,1.0,100.0,0.36,0.04,5.0
2026-03-20T14:00:00Z,9.2,3.54,1.4,100.0,0.34,0.93,6.5
2026-03-20T15:00:00Z,9.1,4.36,0.9,94.0,0.34,1.58,6.0
2026-03-20T16:00:00Z,9.3,3.46,0.2,85.0,0.3,1.89,4.3
2026-03-20T17:00:00Z,9.5,2.93,0.0,26.0,0.28,1.8,2.0
2026-03-20T18:00:00Z,9.6,2.76,0.0,70.0,0.24,1.33,1.2
2026-03-20T19:00:00Z,9.7,2.76,0.0,44.0,0.22,0.6,3.1
2026-03-20T20:00:00Z,9.8,3.06,0.0,5.0,0.22,-0.2,4.5
2026-03-20T21:00:00Z,9.9,3.21,0.0,5.0,0.2,-0.84,4.7
2026-03-20T22:00:00Z,10.0,3.86,0.0,37.0,0.2,-1.2,3.5
2026-03-20T23:00:00Z,10.2,5.07,0.0,84.0,0.22,-1.2,1.4
2026-03-21T00:00:00Z,10.4,5.24,0.0,97.0,0.22,-0.79,1.5
2026-03-21T01:00:00Z,10.5,5.16,0.0,91.0,0.32,-0.01,4.5
2026-03-21T02:00:00Z,10.5,5.14,0.0,81.0,0.42,0.87,6.3
2026-03-21T03:00:00Z,10.7,5.06,0.0,90.0,0.52,1.53,6.2
2026-03-21T04:00:00Z,10.8,4.79,0.0,86.0,0.46,1.84,4.4
2026-03-21T05:00:00Z,11.0,4.83,0.0,82.0,0.38,1.79,1.9
2026-03-21T06:00:00Z,11.0,4.99,0.0,63.0,0.32,1.35,1.0
2026-03-21T07:00:00Z,11.0,4.92,0.0,45.0,0.3,0.63,3.2
2026-03-21T08:00:00Z,11.0,4.84,0.0,28.0,0.28,-0.2,4.9
2026-03-21T09:00:00Z,11.0,4.87,0.0,23.0,0.26,-0.91,5.2
2026-03-21T10:00:00Z,11.2,5.22,0.0,29.0,0.26,-1.34,4.4
2026-03-21T11:00:00Z,11.2,5.6,0.0,33.0,0.26,-1.41,2.4
2026-03-21T12:00:00Z,11.2,5.35,0.0,42.0,0.26,-1.09,0.6
2026-03-21T13:00:00Z,11.2,4.87,0.0,18.0,0.26,-0.36,3.4
2026-03-21T14:00:00Z,11.3,4.58,0.0,22.0,0.26,0.55,5.8
2026-03-21T15:00:00Z,11.3,4.25,0.0,53.0,0.26,1.35,6.4
2026-03-21T16:00:00Z,11.3,4.36,0.0,58.0,0.26,1.81,5.2
2026-03-21T17:00:00Z,11.3,4.32,0.0,55.0,0.26,1.93,2.9
2026-03-21T18:00:00Z,11.4,3.9,0.0,97.0,0.26,1.67,0.9
2026-03-21T19:00:00Z,11.4,3.65,0.0,100.0,0.24,1.08,2.4
2026-03-21T20:00:00Z,11.5,3.82,0.1,94.0,0.24,0.31,4.5
2026-03-21T21:00:00Z,11.6,4.31,0.1,99.0,0.22,-0.43,5.4
2026-03-21T22:00:00Z,11.6,4.17,0.0,95.0,0.2,-0.97,5.1
2026-03-21T23:00:00Z,11.7,3.65,0.0,92.0,0.2,-1.21,3.8
2026-03-22T00:00:00Z,11.7,2.82,0.1,96.0,0.18,-1.09,1.5
2026-03-22T01:00:00Z,11.7,3.4,0.0,25.0,0.16,-0.58,1.5
2026-03-22T02:00:00Z,11.9,3.64,0.0,8.0,0.16,0.19,4.0
2026-03-22T03:00:00Z,12.1,2.69,0.0,15.0,0.14,0.94,5.1
2026-03-22T04:00:00Z,12.3,1.91,0.0,39.0,0.14,1.4,4.4
2026-03-22T05:00:00Z,12.5,1.77,0.0,70.0,0.12,1.51,2.3
2026-03-22T06:00:00Z,12.6,1.36,0.0,75.0,0.12,1.3,0.7
2026-03-22T07:00:00Z,12.7,1.79,0.0,99.0,0.12,0.79,2.4
2026-03-22T08:00:00Z,12.7,2.38,0.1,100.0,0.12,0.09,4.1
2026-03-22T09:00:00Z,12.5,2.77,0.1,100.0,0.12,-0.63,5.2
2026-03-22T10:00:00Z,11.9,2.85,0.1,100.0,0.12,-1.16,4.9
2026-03-22T11:00:00Z,11.9,2.92,0.2,99.0,0.1,-1.39,3.6
2026-03-22T12:00:00Z,11.8,2.55,0.2,76.0,0.1,-1.29,1.6
2026-03-22T13:00:00Z,11.8,2.25,0.2,100.0,0.1,-0.81,1.4
2026-03-22T14:00:00Z,11.7,1.93,0.2,100.0,0.1,-0.02,4.1
2026-03-22T15:00:00Z,11.7,1.91,0.1,100.0,0.1,0.85,5.8
2026-03-22T16:00:00Z,11.7,2.15,0.0,100.0,0.1,1.51,5.8
2026-03-22T17:00:00Z,11.7,2.29,0.0,100.0,0.1,1.83,4.2
2026-03-22T18:00:00Z,11.6,2.27,0.0,100.0,0.1,1.83,2.0
2026-03-22T19:00:00Z,11.6,2.33,0.0,100.0,0.1,1.5,0.9
2026-03-22T20:00:00Z,11.6,2.87,0.0,100.0,0.1,0.92,2.9
2026-03-22T21:00:00Z,11.6,3.44,0.0,100.0,0.1,0.22,4.3
2026-03-22T22:00:00Z,11.5,4.04,0.0,100.0,0.1,-0.41,4.9
2026-03-22T23:00:00Z,11.5,4.21,0.0,100.0,0.12,-0.8,4.2
2026-03-23T00:00:00Z,11.6,4.5,0.0,100.0,0.12,-0.91,2.4
2026-03-23T01:00:00Z,11.6,4.72,0.0,95.0,0.16,-0.7,0.5
2026-03-23T02:00:00Z,11.7,4.61,0.0,91.0,0.22,-0.17,2.5
2026-03-23T03:00:00Z,11.8,4.47,0.0,92.0,0.26,0.51,4.3
2026-03-23T04:00:00Z,11.8,4.45,0.0,99.0,0.28,1.07,4.9
2026-03-23T05:00:00Z,11.9,5.12,0.2,100.0,0.3,1.34,3.7
2026-03-23T06:00:00Z,11.9,5.31,0.1,99.0,0.32,1.3,1.8
2026-03-23T07:00:00Z,11.9,5.41,0.0,95.0,0.4,1.0,0.8
2026-03-23T08:00:00Z,11.6,5.15,0.0,94.0,0.48,0.48,2.4
2026-03-23T09:00:00Z,11.6,4.88,0.0,93.0,0.56,-0.16,3.6
2026-03-23T10:00:00Z,11.8,5.24,0.0,100.0,0.52,-0.74,4.2
2026-03-23T11:00:00Z,11.7,5.42,0.0,100.0,0.46,-1.1,3.7
2026-03-23T12:00:00Z,11.6,5.64,0.4,100.0,0.42,-1.16,2.1
2026-03-23T13:00:00Z,11.5,5.16,0.4,94.0,0.4,-0.92,0.7
2026-03-23T14:00:00Z,11.4,5.34,0.6,11.0,0.38,-0.39,2.8
2026-03-23T15:00:00Z,11.3,4.43,0.1,83.0,0.36,0.36,4.7
2026-03-23T16:00:00Z,11.3,3.65,0.0,100.0,0.34,1.1,5.8
2026-03-23T17:00:00Z,11.3,3.53,0.0,100.0,0.3,1.57,5.1
2026-03-23T18:00:00Z,11.3,3.8,0.0,100.0,0.28,1.74,3.3
2026-03-23T19:00:00Z,11.3,3.76,0.0,100.0,0.26,1.64,1.2
2026-03-23T20:00:00Z,11.3,3.61,0.0,100.0,0.24,1.29,1.1
2026-03-23T21:00:00Z,11.3,3.78,0.0,100.0,0.22,0.75,2.9
2026-03-23T22:00:00Z,11.4,4.1,0.0,93.0,0.22,0.16,4.0
2026-03-23T23:00:00Z,11.5,3.59,0.0,100.0,0.2,-0.33,4.0
2026-03-24T00:00:00Z,11.5,3.69,0.0,96.0,0.2,-0.59,3.3
2026-03-24T01:00:00Z,11.6,3.54,0.0,97.0,0.2,-0.62,1.8
2026-03-24T02:00:00Z,11.6,3.79,0.0,98.0,0.18,-0.41,0.6
2026-03-24T03:00:00Z,11.6,3.25,0.1,100.0,0.18,0.04,2.2
2026-03-24T04:00:00Z,11.6,2.8,0.0,100.0,0.18,0.57,3.6
2026-03-24T05:00:00Z,11.7,3.22,0.0,100.0,0.16,0.95,3.6
2026-03-24T06:00:00Z,11.7,3.73,0.1,100.0,0.16,1.06,2.4
2026-03-24T07:00:00Z,11.7,3.51,0.9,100.0,0.16,0.95,0.6
2026-03-24T08:00:00Z,11.7,3.34,1.2,100.0,0.16,0.66,1.3
2026-03-24T09:00:00Z,11.6,3.93,1.6,100.0,0.16,0.2,2.5
2026-03-24T10:00:00Z,11.8,5.0,1.6,100.0,0.2,-0.32,3.5
2026-03-24T11:00:00Z,11.7,5.27,0.3,100.0,0.24,-0.75,3.8
2026-03-24T12:00:00Z,11.7,6.08,0.2,100.0,0.28,-0.97,3.1
2026-03-24T13:00:00Z,11.6,6.13,0.1,98.0,0.3,-0.95,1.9
2026-03-24T14:00:00Z,11.5,5.98,0.0,61.0,0.34,-0.69,1.5
2026-03-24T15:00:00Z,11.4,5.94,0.0,78.0,0.36,-0.2,2.8
2026-03-24T16:00:00Z,11.3,5.92,0.0,29.0,0.38,0.44,4.2
2026-03-24T17:00:00Z,11.2,6.73,0.0,48.0,0.4,1.01,4.9
2026-03-24T18:00:00Z,11.0,8.13,0.0,100.0,0.42,1.36,4.1
2026-03-24T19:00:00Z,10.9,8.43,0.0,99.0,0.42,1.48,2.5
2026-03-24T20:00:00Z,10.9,7.82,0.0,74.0,0.42,1.39,0.7
2026-03-24T21:00:00Z,10.9,7.76,0.0,54.0,0.42,1.11,0.7
2026-03-24T22:00:00Z,10.6,7.58,0.0,63.0,0.42,0.68,2.0
2026-03-24T23:00:00Z,10.6,7.61,0.0,59.0,0.4,0.23,2.8
2026-03-25T00:00:00Z,10.5,7.13,0.0,54.0,0.4,-0.13,2.6
2026-03-25T01:00:00Z,10.6,6.88,0.0,58.0,0.38,-0.31,1.8
2026-03-25T02:00:00Z,10.9,6.62,0.0,77.0,0.38,-0.32,0.8
2026-03-25T03:00:00Z,11.3,5.76,0.0,72.0,0.36,-0.17,1.2
2026-03-25T04:00:00Z,11.7,4.73,0.0,53.0,0.34,0.16,2.5
2026-03-25T05:00:00Z,11.9,3.85,0.0,73.0,0.3,0.52,3.6
2026-03-25T06:00:00Z,12.0,3.36,0.0,82.0,0.28,0.75,3.4
2026-03-25T07:00:00Z,12.0,3.15,0.0,73.0,0.26,0.8,2.4
2026-03-25T08:00:00Z,11.9,3.81,0.0,43.0,0.24,0.71,1.2
2026-03-25T09:00:00Z,11.6,4.18,0.0,16.0,0.22,0.5,0.4
2026-03-25T10:00:00Z,11.3,4.25,0.0,86.0,0.22,0.16,0.9
2026-03-25T11:00:00Z,11.3,4.22,0.0,76.0,0.22,-0.21,1.6
2026-03-25T12:00:00Z,11.4,4.0,0.0,94.0,0.22,-0.51,1.5
2026-03-25T13:00:00Z,11.4,3.35,0.0,86.0,0.22,-0.63,0.9
2026-03-25T14:00:00Z,11.3,2.53,0.0,25.0,0.2,-0.6,0.6
2026-03-25T15:00:00Z,11.3,3.16,0.0,24.0,0.2,-0.41,1.7
2026-03-25T16:00:00Z,11.3,2.76,0.0,19.0,0.2,-0.03,3.1
2026-03-25T17:00:00Z,11.2,2.62,0.0,6.0,0.18,0.47,4.1
2026-03-25T18:00:00Z,11.2,2.97,0.0,10.0,0.18,0.93,4.5
2026-03-25T19:00:00Z,11.1,2.87,0.0,36.0,0.18,1.2,3.8
2026-03-25T20:00:00Z,11.1,3.56,0.0,16.0,0.16,1.33,2.6
2026-03-25T21:00:00Z,11.2,3.87,0.0,22.0,0.16,1.32,1.3
2026-03-25T22:00:00Z,11.3,3.22,0.0,96.0,0.16,1.13,0.8
2026-03-25T23:00:00Z,11.4,3.96,0.0,85.0,0.14,0.81,1.5
2026-03-26T00:00:00Z,11.6,4.47,0.0,100.0,0.14,0.44,2.2
2026-03-26T01:00:00Z,11.7,4.92,0.0,99.0,0.14,0.13,2.3
2026-03-26T02:00:00Z,11.9,4.98,0.0,100.0,0.14,-0.07,1.8
2026-03-26T03:00:00Z,12.1,4.63,0.0,100.0,0.14,-0.18,1.3
2026-03-26T04:00:00Z,12.2,4.31,0.0,100.0,0.14,-0.16,0.2
2026-03-26T05:00:00Z,12.4,3.47,0.0,100.0,0.14,0.01,0.8
2026-03-26T06:00:00Z,12.5,3.48,0.0,100.0,0.14,0.24,1.8
2026-03-26T07:00:00Z,12.4,3.5,0.0,98.0,0.16,0.38,1.9
2026-03-26T08:00:00Z,12.4,3.76,0.0,95.0,0.2,0.41,1.4
2026-03-26T09:00:00Z,12.3,3.68,0.0,99.0,0.22,0.39,1.1
2026-03-26T10:00:00Z,12.5,3.05,0.0,98.0,0.22,0.27,1.0
2026-03-26T11:00:00Z,12.5,3.62,0.0,100.0,0.24,0.05,1.5
2026-03-26T12:00:00Z,12.5,3.56,0.0,100.0,0.24,-0.23,1.8
2026-03-26T13:00:00Z,12.4,4.02,0.0,99.0,0.24,-0.46,1.8
2026-03-26T14:00:00Z,12.3,4.43,0.3,100.0,0.22,-0.59,1.3
2026-03-26T15:00:00Z,12.3,4.68,0.3,100.0,0.22,-0.62,0.5
2026-03-26T16:00:00Z,12.3,5.01,0.0,100.0,0.22,-0.54,0.4
2026-03-26T17:00:00Z,12.3,5.05,0.0,100.0,0.22,-0.28,1.4
2026-03-26T18:00:00Z,12.3,4.88,0.0,89.0,0.22,0.11,2.7
2026-03-26T19:00:00Z,12.2,4.32,0.0,99.0,0.22,0.49,3.3
2026-03-26T20:00:00Z,12.1,3.55,0.1,100.0,0.22,0.78,3.0
2026-03-26T21:00:00Z,12.1,3.34,0.3,99.0,0.22,1.01,2.3
2026-03-26T22:00:00Z,12.1,3.77,0.5,100.0,0.22,1.14,1.5
2026-03-26T23:00:00Z,12.1,4.31,0.6,100.0,0.2,1.1,0.8
2026-03-27T00:00:00Z,12.1,4.05,0.4,96.0,0.2,0.89,0.8
2026-03-27T01:00:00Z,12.1,3.96,0.0,100.0,0.2,0.6,1.6
2026-03-27T02:00:00Z,12.1,4.1,0.0,100.0,0.2,0.3,2.0
2026-03-27T03:00:00Z,12.0,4.5,0.0,92.0,0.2,0.04,1.8
2026-03-27T04:00:00Z,12.0,4.59,0.0,100.0,0.2,-0.19,1.6
2026-03-27T05:00:00Z,12.0,4.07,0.0,100.0,0.18,-0.28,1.1
2026-03-27T06:00:00Z,12.0,2.83,0.0,100.0,0.18,-0.21,0.4
2026-03-27T07:00:00Z,12.1,2.28,0.0,100.0,0.16,-0.04,0.9
2026-03-27T08:00:00Z,12.1,1.75,0.0,100.0,0.16,0.11,1.2
2026-03-27T09:00:00Z,12.1,1.7,0.0,97.0,0.14,0.24,1.0
2026-03-27T10:00:00Z,12.4,1.48,0.0,97.0,0.14,0.37,0.8
2026-03-27T11:00:00Z,12.3,1.75,0.0,88.0,0.14,0.39,0.6
2026-03-27T12:00:00Z,12.2,2.38,0.0,67.0,0.14,0.26,0.7
2026-03-27T13:00:00Z,12.1,3.0,0.0,35.0,0.14,0.03,1.5
2026-03-27T14:00:00Z,12.1,3.23,0.0,7.0,0.12,-0.23,1.7
2026-03-27T15:00:00Z,12.1,2.8,0.0,12.0,0.12,-0.44,1.7
2026-03-27T16:00:00Z,12.1,2.19,0.0,17.0,0.12,-0.61,1.5
2026-03-27T17:00:00Z,12.0,1.84,0.0,17.0,0.1,-0.66,1.0
2026-03-27T18:00:00Z,12.0,1.8,0.0,22.0,0.1,-0.5,0.4
2026-03-27T19:00:00Z,11.9,1.2,0.0,23.0,0.1,-0.16,1.6
2026-03-27T20:00:00Z,11.9,0.76,0.0,20.0,0.08,0.24,2.5
2026-03-27T21:00:00Z,11.9,0.87,0.0,20.0,0.08,0.63,2.7
2026-03-27T22:00:00Z,11.9,0.96,0.0,4.0,0.08,0.99,2.4
2026-03-27T23:00:00Z,12.0,1.68,0.0,2.0,0.08,1.26,1.7
2026-03-28T00:00:00Z,12.1,1.38,0.0,0.0,0.08,1.32,0.8
2026-03-28T01:00:00Z,12.1,1.91,0.0,0.0,0.08,1.14,0.6
2026-03-28T02:00:00Z,12.3,1.9,0.0,0.0,0.06,0.81,1.8
2026-03-28T03:00:00Z,12.5,1.4,0.0,0.0,0.06,0.42,2.5
2026-03-28T04:00:00Z,12.7,1.51,0.0,1.0,0.06,0.03,3.1
2026-03-28T05:00:00Z,12.9,2.18,0.0,0.0,0.06,-0.32,2.9
2026-03-28T06:00:00Z,13.1,2.77,0.0,0.0,0.06,-0.51,2.2
2026-03-28T07:00:00Z,13.2,2.8,0.0,1.0,0.06,-0.46,1.0
2026-03-28T08:00:00Z,13.1,3.0,0.0,0.0,0.08,-0.27,0.5
2026-03-28T09:00:00Z,13.0,3.3,0.0,1.0,0.08,-0.01,1.5
2026-03-28T10:00:00Z,12.6,3.87,0.0,8.0,0.14,0.28,1.9
2026-03-28T11:00:00Z,12.5,4.66,0.0,62.0,0.2,0.57,1.9
2026-03-28T12:00:00Z,12.5,5.17,0.0,85.0,0.26,0.69,1.4
2026-03-28T13:00:00Z,12.5,5.59,0.0,78.0,0.26,0.59,0.4
2026-03-28T14:00:00Z,12.5,5.28,0.0,91.0,0.26,0.31,0.9
2026-03-28T15:00:00Z,12.5,5.56,0.0,96.0,0.26,-0.03,1.8
2026-03-28T16:00:00Z,12.5,5.97,0.0,67.0,0.24,-0.38,2.3
2026-03-28T17:00:00Z,12.5,5.32,0.0,55.0,0.22,-0.68,2.4
2026-03-28T18:00:00Z,12.6,4.86,0.0,51.0,0.2,-0.83,1.8
2026-03-28T19:00:00Z,12.6,5.01,0.0,61.0,0.2,-0.72,0.6
2026-03-28T20:00:00Z,12.6,5.28,0.0,99.0,0.2,-0.37,1.3
2026-03-28T21:00:00Z,12.7,5.76,0.0,94.0,0.2,0.09,2.5
2026-03-28T22:00:00Z,12.4,5.12,0.1,100.0,0.22,0.61,3.1
2026-03-28T23:00:00Z,12.4,5.09,0.5,99.0,0.22,1.12,3.3
2026-03-29T00:00:00Z,12.5,5.44,0.2,99.0,0.24,1.48,2.8
2026-03-29T01:00:00Z,12.6,5.28,0.1,98.0,0.24,1.55,1.6
2026-03-29T02:00:00Z,12.8,5.39,0.0,96.0,0.22,1.32,0.6
2026-03-29T03:00:00Z,12.9,5.41,0.0,75.0,0.22,0.9,1.8
2026-03-29T04:00:00Z,13.1,5.44,0.0,43.0,0.22,0.4,2.9
2026-03-29T05:00:00Z,13.1,5.26,0.0,55.0,0.2,-0.12,3.6
2026-03-29T06:00:00Z,13.3,5.12,0.0,43.0,0.2,-0.57,3.8
2026-03-29T07:00:00Z,13.5,5.2,0.0,33.0,0.22,-0.78,2.7
2026-03-29T08:00:00Z,13.6,5.47,0.0,96.0,0.24,-0.7,1.1
2026-03-29T09:00:00Z,13.6,5.73,0.0,100.0,0.26,-0.42,1.0
2026-03-29T10:00:00Z,13.4,5.42,0.0,100.0,0.28,-0.02,2.0
2026-03-29T11:00:00Z,13.3,6.11,0.0,97.0,0.32,0.44,2.6
2026-03-29T12:00:00Z,13.4,6.53,0.0,97.0,0.34,0.83,2.6
2026-03-29T13:00:00Z,13.5,6.4,0.0,99.0,0.34,0.99,1.7
2026-03-29T14:00:00Z,13.6,5.98,0.0,100.0,0.34,0.85,0.7
2026-03-29T15:00:00Z,13.6,6.01,0.0,100.0,0.34,0.49,1.5
2026-03-29T16:00:00Z,13.5,6.2,0.0,100.0,0.32,0.02,2.5
2026-03-29T17:00:00Z,13.5,6.22,0.0,100.0,0.32,-0.44,3.1
2026-03-29T18:00:00Z,13.5,5.45,1.0,100.0,0.3,-0.83,3.1
2026-03-29T19:00:00Z,13.5,5.33,0.6,100.0,0.32,-1.0,2.3
2026-03-29T20:00:00Z,13.5,5.13,2.5,100.0,0.34,-0.84,0.6
2026-03-29T21:00:00Z,13.6,6.38,1.3,100.0,0.36,-0.39,1.8
2026-03-29T22:00:00Z,13.4,6.54,1.4,100.0,0.4,0.2,3.5
2026-03-29T23:00:00Z,13.3,6.36,2.2,99.0,0.42,0.87,4.4
2026-03-30T00:00:00Z,13.3,6.37,1.1,100.0,0.46,1.48,4.5
2026-03-30T01:00:00Z,13.4,7.8,0.4,99.0,0.44,1.86,3.6
2026-03-30T02:00:00Z,13.6,8.77,0.1,94.0,0.42,1.87,1.9
2026-03-30T03:00:00Z,13.9,9.06,0.1,77.0,0.4,1.52,0.8
2026-03-30T04:00:00Z,14.3,9.1,0.0,85.0,0.38,0.96,2.5
2026-03-30T05:00:00Z,14.6,8.55,0.0,90.0,0.36,0.32,4.0
2026-03-30T06:00:00Z,14.8,8.12,0.0,99.0,0.34,-0.29,4.7
2026-03-30T07:00:00Z,15.0,7.55,0.1,99.0,0.34,-0.75,4.5
2026-03-30T08:00:00Z,14.9,7.2,0.0,99.0,0.32,-0.91,3.2
2026-03-30T09:00:00Z,14.7,6.56,0.2,100.0,0.32,-0.74,1.3
2026-03-30T10:00:00Z,16.0,5.67,0.9,100.0,0.34,-0.32,0.8
2026-03-30T11:00:00Z,16.1,6.5,0.1,100.0,0.34,0.22,2.1
2026-03-30T12:00:00Z,16.0,8.97,0.0,100.0,0.36,0.79,2.4
2026-03-30T13:00:00Z,15.2,11.48,0.0,100.0,0.38,1.21,2.1
2026-03-30T14:00:00Z,14.1,10.22,0.0,100.0,0.38,1.29,1.1
2026-03-30T15:00:00Z,13.5,9.97,0.0,100.0,0.4,1.02,0.4
2026-03-30T16:00:00Z,13.2,9.39,0.0,100.0,0.42,0.51,1.8
2026-03-30T17:00:00Z,13.1,8.4,0.0,95.0,0.46,-0.06,2.9
2026-03-30T18:00:00Z,13.0,7.54,0.0,70.0,0.48,-0.58,3.3
2026-03-30T19:00:00Z,13.0,6.8,0.0,69.0,0.48,-0.98,3.1
2026-03-30T20:00:00Z,12.9,6.64,0.0,77.0,0.48,-1.09,2.1
2026-03-30T21:00:00Z,12.9,6.39,0.0,100.0,0.48,-0.83,1.3
2026-03-30T22:00:00Z,12.5,4.79,0.0,97.0,0.46,-0.27,3.3
2026-03-30T23:00:00Z,12.5,5.71,0.0,97.0,0.44,0.45,5.2
2026-03-31T00:00:00Z,12.5,6.48,0.0,99.0,0.42,1.2,5.8
2026-03-31T01:00:00Z,12.6,6.56,0.0,98.0,0.42,1.81,5.6
2026-03-31T02:00:00Z,12.8,5.57,0.0,81.0,0.42,2.09,4.3
2026-03-31T03:00:00Z,12.9,4.73,0.0,89.0,0.42,1.96,2.4
2026-03-31T04:00:00Z,12.9,4.5,0.0,100.0,0.44,1.47,0.6
2026-03-31T05:00:00Z,12.9,4.0,0.0,100.0,0.46,0.81,1.8
2026-03-31T06:00:00Z,12.8,4.39,0.0,100.0,0.48,0.14,2.8
2026-03-31T07:00:00Z,12.5,4.59,0.7,100.0,0.48,-0.47,3.1
2026-03-31T08:00:00Z,12.4,5.52,1.2,100.0,0.46,-0.87,2.7
2026-03-31T09:00:00Z,12.2,5.56,1.9,100.0,0.46,-0.89,1.3
2026-03-31T10:00:00Z,11.6,4.91,4.5,100.0,0.46,-0.55,1.8
2026-03-31T11:00:00Z,11.6,4.16,2.0,100.0,0.46,0.03,3.6
2026-03-31T12:00:00Z,11.7,4.05,2.3,100.0,0.46,0.69,4.9
2026-03-31T13:00:00Z,11.7,4.27,2.3,100.0,0.42,1.3,4.9
2026-03-31T14:00:00Z,11.8,3.62,2.0,100.0,0.38,1.65,3.8
2026-03-31T15:00:00Z,11.8,3.0,1.9,100.0,0.34,1.58,1.8
2026-03-31T16:00:00Z,11.9,3.26,1.2,100.0,0.32,1.13,0.6
2026-03-31T17:00:00Z,11.9,3.69,0.5,100.0,0.28,0.48,2.4
2026-03-31T18:00:00Z,11.9,4.13,0.2,100.0,0.26,-0.21,3.5
2026-03-31T19:00:00Z,12.0,4.66,0.3,100.0,0.24,-0.8,3.9
2026-03-31T20:00:00Z,12.0,5.02,0.4,100.0,0.24,-1.2,3.3
2026-03-31T21:00:00Z,12.0,5.46,0.4,93.0,0.22,-1.25,2.0
2026-03-31T22:00:00Z,11.8,4.66,0.8,86.0,0.22,-0.88,1.9
2026-03-31T23:00:00Z,11.8,4.21,0.7,87.0,0.2,-0.22,4.2
2026-04-01T00:00:00Z,12.0,4.05,0.2,50.0,0.2,0.55,5.6
2026-04-01T01:00:00Z,12.1,3.25,0.0,21.0,0.2,1.27,6.1
2026-04-01T02:00:00Z,12.3,2.97,0.0,0.0,0.18,1.78,5.2
2026-04-01T03:00:00Z,12.4,2.15,0.0,0.0,0.18,1.88,3.2
2026-04-01T04:00:00Z,12.4,1.55,0.0,4.0,0.16,1.56,0.9
2026-04-01T05:00:00Z,12.5,1.61,0.0,11.0,0.16,0.93,1.6
2026-04-01T06:00:00Z,12.6,1.96,0.0,24.0,0.14,0.21,3.3
2026-04-01T07:00:00Z,12.7,2.13,0.0,30.0,0.16,-0.48,4.3
2026-04-01T08:00:00Z,12.9,2.09,0.0,0.0,0.16,-1.01,4.2
2026-04-01T09:00:00Z,13.0,2.1,0.0,0.0,0.18,-1.25,2.9
2026-04-01T10:00:00Z,13.5,2.33,0.0,1.0,0.18,-1.06,0.5
2026-04-01T11:00:00Z,13.4,2.93,0.0,0.0,0.18,-0.5,2.5
2026-04-01T12:00:00Z,13.4,3.56,0.0,0.0,0.18,0.21,4.5
2026-04-01T13:00:00Z,13.4,3.59,0.0,0.0,0.16,0.95,5.5
2026-04-01T14:00:00Z,13.4,3.76,0.0,1.0,0.16,1.54,5.0
2026-04-01T15:00:00Z,13.4,4.25,0.0,3.0,0.14,1.79,3.6
2026-04-01T16:00:00Z,13.4,4.6,0.0,0.0,0.16,1.58,1.7
2026-04-01T17:00:00Z,13.3,4.22,0.0,3.0,0.16,1.0,1.9
2026-04-01T18:00:00Z,13.3,3.86,0.0,1.0,0.18,0.27,3.6
2026-04-01T19:00:00Z,13.3,4.0,0.0,90.0,0.2,-0.43,4.7
2026-04-01T20:00:00Z,13.2,4.22,0.0,96.0,0.2,-1.0,4.9
2026-04-01T21:00:00Z,13.3,4.02,0.0,96.0,0.22,-1.31,3.8
2026-04-01T22:00:00Z,13.3,3.85,0.0,0.0,0.2,-1.21,1.6
2026-04-01T23:00:00Z,13.4,3.43,0.0,0.0,0.2,-0.7,1.3
2026-04-02T00:00:00Z,13.3,2.62,0.0,14.0,0.18,0.04,3.6
2026-04-02T01:00:00Z,13.3,1.68,0.0,0.0,0.16,0.82,4.7
2026-04-02T02:00:00Z,13.4,1.54,0.0,0.0,0.16,1.45,4.8
2026-04-02T03:00:00Z,13.6,2.02,0.0,0.0,0.14,1.78,3.5
2026-04-02T04:00:00Z,14.0,3.19,0.0,0.0,0.14,1.68,1.5
2026-04-02T05:00:00Z,14.4,4.24,0.0,23.0,0.14,1.18,1.2
2026-04-02T06:00:00Z,14.4,5.03,0.0,100.0,0.14,0.46,2.9
2026-04-02T07:00:00Z,14.3,5.44,0.0,100.0,0.2,-0.26,4.0
2026-04-02T08:00:00Z,14.4,5.71,0.0,100.0,0.24,-0.86,4.0
2026-04-02T09:00:00Z,14.3,6.1,0.0,100.0,0.3,-1.23,3.2
2026-04-02T10:00:00Z,14.6,6.13,0.0,100.0,0.34,-1.23,1.4
2026-04-02T11:00:00Z,14.5,6.95,0.0,100.0,0.38,-0.8,1.3
2026-04-02T12:00:00Z,14.5,8.06,0.0,100.0,0.42,-0.06,3.8
2026-04-02T13:00:00Z,14.5,8.95,0.0,100.0,0.44,0.75,5.4
2026-04-02T14:00:00Z,14.5,9.77,0.0,99.0,0.46,1.45,5.4
2026-04-02T15:00:00Z,14.4,9.87,0.0,100.0,0.48,1.88,4.0
2026-04-02T16:00:00Z,14.3,9.6,0.0,100.0,0.5,1.89,2.1
2026-04-02T17:00:00Z,14.3,9.41,0.0,100.0,0.5,1.46,1.4
2026-04-02T18:00:00Z,14.3,9.35,0.0,100.0,0.52,0.76,3.6
2026-04-02T19:00:00Z,14.3,9.77,0.0,99.0,0.54,-0.03,5.2
2026-04-02T20:00:00Z,14.3,10.16,0.0,100.0,0.54,-0.7,5.9
2026-04-02T21:00:00Z,14.2,10.26,0.0,100.0,0.56,-1.17,5.4
2026-04-02T22:00:00Z,14.3,9.45,0.3,99.0,0.56,-1.33,3.8
2026-04-02T23:00:00Z,14.3,9.47,0.4,100.0,0.58,-1.06,1.3
2026-04-03T00:00:00Z,14.2,10.44,0.9,100.0,0.58,-0.43,1.7
2026-04-03T01:00:00Z,13.6,9.79,3.0,100.0,0.62,0.34,3.9
2026-04-03T02:00:00Z,13.7,9.79,2.1,100.0,0.66,1.03,4.5
2026-04-03T03:00:00Z,14.1,9.91,2.3,100.0,0.7,1.51,3.9
2026-04-03T04:00:00Z,14.8,10.37,1.5,100.0,0.74,1.65,2.6
2026-04-03T05:00:00Z,15.5,10.74,1.8,100.0,0.8,1.38,1.5
2026-04-03T06:00:00Z,15.6,10.47,1.3,100.0,0.84,0.77,2.9
2026-04-03T07:00:00Z,15.6,9.78,3.8,100.0,0.88,0.02,4.7
2026-04-03T08:00:00Z,15.6,8.8,5.6,100.0,0.94,-0.67,5.6
2026-04-03T09:00:00Z,15.6,7.95,5.1,100.0,0.98,-1.18,5.2
2026-04-03T10:00:00Z,15.7,6.46,4.8,100.0,0.82,-1.4,4.0
2026-04-03T11:00:00Z,15.6,6.17,2.9,100.0,0.68,-1.23,1.9
2026-04-03T12:00:00Z,15.4,5.51,1.1,100.0,0.52,-0.65,1.0
2026-04-03T13:00:00Z,15.4,6.92,0.2,100.0,0.5,0.14,3.2
2026-04-03T14:00:00Z,15.4,8.97,0.3,100.0,0.46,0.89,4.1
2026-04-03T15:00:00Z,15.3,10.31,0.4,100.0,0.44,1.44,3.4
2026-04-03T16:00:00Z,15.3,11.39,0.3,100.0,0.48,1.65,2.0
2026-04-03T17:00:00Z,15.3,10.68,0.2,99.0,0.52,1.47,0.3
2026-04-03T18:00:00Z,15.2,10.89,0.1,95.0,0.56,0.94,2.5
2026-04-03T19:00:00Z,15.1,10.41,0.0,48.0,0.56,0.21,4.4
2026-04-03T20:00:00Z,15.0,9.98,0.0,26.0,0.58,-0.49,5.1
2026-04-03T21:00:00Z,15.0,9.47,0.0,50.0,0.58,-1.02,4.7
2026-04-03T22:00:00Z,14.6,8.09,0.0,39.0,0.54,-1.29,3.5
2026-04-03T23:00:00Z,14.6,7.15,0.0,12.0,0.52,-1.2,1.5
2026-04-04T00:00:00Z,14.5,6.78,0.0,4.0,0.48,-0.72,1.7
2026-04-04T01:00:00Z,14.6,6.36,0.0,6.0,0.52,0.04,4.3
2026-04-04T02:00:00Z,14.7,5.98,0.0,28.0,0.54,0.79,5.6
2026-04-04T03:00:00Z,14.9,5.28,0.0,19.0,0.58,1.36,5.4
2026-04-04T04:00:00Z,15.3,5.13,0.0,22.0,0.5,1.64,4.1
2026-04-04T05:00:00Z,15.6,4.9,0.0,87.0,0.42,1.56,2.1
2026-04-04T06:00:00Z,15.7,4.12,0.0,98.0,0.34,1.13,0.5
2026-04-04T07:00:00Z,15.3,3.69,0.0,100.0,0.32,0.49,2.3
2026-04-04T08:00:00Z,14.5,5.37,0.0,99.0,0.28,-0.18,3.3
2026-04-04T09:00:00Z,13.7,6.4,0.0,98.0,0.26,-0.71,3.1
2026-04-04T10:00:00Z,13.6,6.41,0.0,100.0,0.26,-0.99,2.3
2026-04-04T11:00:00Z,13.6,6.0,0.0,92.0,0.26,-0.94,0.9
2026-04-04T12:00:00Z,13.5,5.54,0.0,52.0,0.26,-0.49,2.4
2026-04-04T13:00:00Z,13.5,5.24,0.0,28.0,0.28,0.27,5.0
2026-04-04T14:00:00Z,13.4,5.28,0.0,9.0,0.3,1.07,6.7
2026-04-04T15:00:00Z,13.5,5.69,0.0,8.0,0.32,1.67,6.3
2026-04-04T16:00:00Z,13.6,5.5,0.0,12.0,0.32,2.0,4.7
2026-04-04T17:00:00Z,13.8,5.52,0.0,10.0,0.3,2.01,2.4
2026-04-04T18:00:00Z,13.9,6.09,0.0,7.0,0.3,1.65,0.6
2026-04-04T19:00:00Z,14.1,6.7,0.0,4.0,0.32,1.0,2.7
2026-04-04T20:00:00Z,14.3,7.17,0.0,0.0,0.34,0.24,4.5
2026-04-04T21:00:00Z,14.5,7.71,0.0,1.0,0.36,-0.42,5.0
2026-04-04T22:00:00Z,14.5,7.94,0.0,0.0,0.4,-0.85,4.5
2026-04-04T23:00:00Z,14.6,8.39,0.0,0.0,0.42,-1.0,3.3
2026-04-05T00:00:00Z,14.8,8.51,0.0,0.0,0.46,-0.82,1.1
2026-04-05T01:00:00Z,15.1,8.22,0.0,1.0,0.48,-0.3,1.5
2026-04-05T02:00:00Z,15.3,8.17,0.0,1.0,0.5,0.35,3.5
2026-04-05T03:00:00Z,15.6,8.25,0.0,9.0,0.52,0.89,4.1
2026-04-05T04:00:00Z,15.7,8.45,0.0,0.0,0.52,1.18,3.3
2026-04-05T05:00:00Z,15.9,8.2,0.0,82.0,0.52,1.21,1.8
2026-04-05T06:00:00Z,15.9,8.26,0.0,99.0,0.52,0.93,1.5
2026-04-05T07:00:00Z,16.0,9.01,0.0,99.0,0.54,0.39,2.9
2026-04-05T08:00:00Z,16.1,9.4,0.0,99.0,0.56,-0.28,4.2
2026-04-05T09:00:00Z,16.0,9.5,0.0,100.0,0.58,-0.88,4.7
2026-04-05T10:00:00Z,15.9,9.57,0.0,100.0,0.6,-1.26,4.3
2026-04-05T11:00:00Z,15.9,9.84,0.0,100.0,0.62,-1.36,2.9
2026-04-05T12:00:00Z,15.8,10.1,0.0,100.0,0.64,-1.15,0.9
2026-04-05T13:00:00Z,15.8,9.87,0.0,100.0,0.64,-0.61,1.5
2026-04-05T14:00:00Z,15.8,9.77,0.0,100.0,0.66,0.14,3.5
2026-04-05T15:00:00Z,15.9,9.94,0.0,100.0,0.66,0.83,4.4
2026-04-05T16:00:00Z,15.9,9.77,0.0,100.0,0.66,1.29,3.9
2026-04-05T17:00:00Z,16.0,9.49,0.0,100.0,0.66,1.48,2.5
2026-04-05T18:00:00Z,16.0,9.28,0.0,100.0,0.66,1.39,1.3
2026-04-05T19:00:00Z,16.0,8.88,0.0,100.0,0.62,1.0,2.1
2026-04-05T20:00:00Z,16.0,8.61,0.0,100.0,0.56,0.41,3.7
2026-04-05T21:00:00Z,16.0,7.81,0.0,100.0,0.52,-0.22,4.7
2026-04-05T22:00:00Z,16.2,7.21,0.0,100.0,0.48,-0.69,4.5
2026-04-05T23:00:00Z,16.1,6.94,0.0,100.0,0.42,-0.94,3.4
2026-04-06T00:00:00Z,15.9,6.28,0.0,94.0,0.38,-0.92,1.8
2026-04-06T01:00:00Z,15.8,6.15,0.0,99.0,0.34,-0.63,0.4
2026-04-06T02:00:00Z,15.8,6.57,0.0,100.0,0.3,-0.07,2.4
2026-04-06T03:00:00Z,15.8,7.05,0.0,100.0,0.26,0.5,3.7
2026-04-06T04:00:00Z,15.9,7.0,0.1,100.0,0.24,0.88,3.6
2026-04-06T05:00:00Z,15.9,6.94,0.3,100.0,0.24,1.01,2.3
2026-04-06T06:00:00Z,15.7,6.2,0.0,100.0,0.22,0.92,1.1
2026-04-06T07:00:00Z,16.0,3.51,0.0,97.0,0.24,0.59,1.8
2026-04-06T08:00:00Z,16.7,1.36,0.0,100.0,0.28,0.08,2.9
2026-04-06T09:00:00Z,15.5,0.57,0.0,100.0,0.3,-0.48,3.6
2026-04-06T10:00:00Z,16.5,1.85,0.0,99.0,0.38,-0.89,3.5
2026-04-06T11:00:00Z,15.7,3.97,0.0,100.0,0.44,-1.05,2.3
2026-04-06T12:00:00Z,14.5,8.21,0.0,99.0,0.52,-0.92,1.3
2026-04-06T13:00:00Z,14.2,8.84,0.0,99.0,0.56,-0.54,2.3
2026-04-06T14:00:00Z,14.2,8.54,0.0,96.0,0.62,0.12,4.5
2026-04-06T15:00:00Z,14.1,8.79,0.0,99.0,0.66,0.87,6.0
2026-04-06T16:00:00Z,13.9,9.39,0.0,100.0,0.68,1.45,6.1
2026-04-06T17:00:00Z,13.7,9.49,0.0,99.0,0.68,1.76,5.0
2026-04-06T18:00:00Z,13.6,9.72,0.0,91.0,0.7,1.8,3.2
2026-04-06T19:00:00Z,13.6,8.99,0.0,85.0,0.7,1.61,1.5
2026-04-06T20:00:00Z,13.6,8.11,0.0,76.0,0.72,1.19,0.6
2026-04-06T21:00:00Z,13.6,7.83,0.0,73.0,0.72,0.63,2.1
2026-04-06T22:00:00Z,13.7,7.4,0.0,71.0,0.7,0.1,2.8
2026-04-06T23:00:00Z,13.7,8.26,0.0,35.0,0.68,-0.25,2.6
2026-04-07T00:00:00Z,13.8,8.14,0.0,29.0,0.66,-0.38,1.5
2026-04-07T01:00:00Z,13.8,7.57,0.0,7.0,0.64,-0.29,0.9
2026-04-07T02:00:00Z,13.9,7.11,0.0,1.0,0.64,0.02,1.9
2026-04-07T03:00:00Z,13.9,7.1,0.0,6.0,0.62,0.5,3.4
2026-04-07T04:00:00Z,13.9,7.38,0.0,3.0,0.6,0.91,4.0
2026-04-07T05:00:00Z,13.8,7.24,0.0,1.0,0.6,1.08,3.1
2026-04-07T06:00:00Z,13.8,7.2,0.0,1.0,0.58,1.03,1.7
2026-04-07T07:00:00Z,13.7,7.07,0.0,7.0,0.58,0.81,0.4
2026-04-07T08:00:00Z,13.7,7.1,0.0,24.0,0.58,0.42,1.6
2026-04-07T09:00:00Z,13.5,7.1,0.0,11.0,0.58,-0.1,2.9
2026-04-07T10:00:00Z,13.2,6.31,0.0,61.0,0.56,-0.59,3.5
2026-04-07T11:00:00Z,13.1,6.25,0.0,75.0,0.54,-0.9,3.0
2026-04-07T12:00:00Z,13.0,6.72,0.0,68.0,0.52,-0.97,1.9
2026-04-07T13:00:00Z,12.9,6.62,0.0,71.0,0.52,-0.78,0.9
2026-04-07T14:00:00Z,12.8,6.13,0.0,27.0,0.5,-0.37,2.1
2026-04-07T15:00:00Z,12.7,6.16,0.0,54.0,0.5,0.22,3.6
2026-04-07T16:00:00Z,12.6,5.9,0.0,79.0,0.5,0.81,4.5
2026-04-07T17:00:00Z,12.6,5.96,0.0,95.0,0.48,1.18,4.2
2026-04-07T18:00:00Z,12.5,5.97,0.0,97.0,0.48,1.32,2.7
2026-04-07T19:00:00Z,12.4,5.91,0.0,97.0,0.48,1.27,1.2
2026-04-07T20:00:00Z,12.4,6.39,0.0,96.0,0.48,1.04,0.6
2026-04-07T21:00:00Z,12.5,6.64,0.0,100.0,0.48,0.65,1.8
2026-04-07T22:00:00Z,12.6,6.62,0.0,90.0,0.5,0.18,2.9
2026-04-07T23:00:00Z,12.8,7.67,0.0,56.0,0.5,-0.22,3.1
2026-04-08T00:00:00Z,13.0,8.03,0.0,1.0,0.52,-0.46,2.2
2026-04-08T01:00:00Z,13.2,7.97,0.0,11.0,0.56,-0.48,1.1
2026-04-08T02:00:00Z,13.5,8.42,0.0,98.0,0.58,-0.33,0.4
2026-04-08T03:00:00Z,13.7,8.56,0.0,97.0,0.62,-0.03,1.7
2026-04-08T04:00:00Z,13.8,8.61,0.0,99.0,0.64,0.35,2.8
2026-04-08T05:00:00Z,14.0,8.82,0.0,95.0,0.64,0.6,2.7
2026-04-08T06:00:00Z,14.1,8.56,0.0,95.0,0.66,0.62,1.9
2026-04-08T07:00:00Z,14.2,9.09,0.0,92.0,0.68,0.5,1.3
2026-04-08T08:00:00Z,14.3,9.75,0.0,95.0,0.7,0.28,1.8
2026-04-08T09:00:00Z,14.5,10.18,0.0,97.0,0.72,-0.05,2.6
2026-04-08T10:00:00Z,14.8,9.85,0.0,96.0,0.74,-0.45,3.1
2026-04-08T11:00:00Z,15.0,11.65,0.0,95.0,0.74,-0.78,3.3
2026-04-08T12:00:00Z,15.3,12.09,0.0,73.0,0.76,-0.94,2.5
2026-04-08T13:00:00Z,15.5,11.98,0.0,36.0,0.78,-0.88,1.3
2026-04-08T14:00:00Z,15.7,11.99,0.0,80.0,0.82,-0.63,0.4
2026-04-08T15:00:00Z,15.9,12.27,0.0,80.0,0.84,-0.23,1.7
2026-04-08T16:00:00Z,16.1,12.54,0.0,72.0,0.86,0.26,3.0
2026-04-08T17:00:00Z,16.4,13.05,0.0,33.0,0.88,0.73,3.4
2026-04-08T18:00:00Z,16.6,13.16,0.0,98.0,0.9,0.98,2.8
2026-04-08T19:00:00Z,16.8,13.12,0.0,92.0,0.86,1.05,1.8
2026-04-08T20:00:00Z,16.9,12.87,0.0,98.0,0.82,0.99,1.5
2026-04-08T21:00:00Z,17.0,12.57,0.0,61.0,0.78,0.8,1.9
2026-04-08T22:00:00Z,17.0,11.8,0.0,32.0,0.74,0.47,2.9
2026-04-08T23:00:00Z,17.0,11.1,0.0,18.0,0.7,0.07,3.5
2026-04-09T00:00:00Z,17.0,9.79,0.0,11.0,0.66,-0.26,3.4
2026-04-09T01:00:00Z,17.1,9.08,0.0,22.0,0.64,-0.41,2.7
2026-04-09T02:00:00Z,17.1,8.05,0.0,30.0,0.64,-0.39,1.6
2026-04-09T03:00:00Z,16.8,7.37,0.0,67.0,0.62,-0.28,0.6
2026-04-09T04:00:00Z,17.0,7.28,0.1,82.0,0.6,-0.07,0.6
2026-04-09T05:00:00Z,17.3,7.53,0.0,17.0,0.6,0.19,1.2
2026-04-09T06:00:00Z,17.1,7.61,0.0,13.0,0.58,0.33,1.3
2026-04-09T07:00:00Z,17.7,7.5,0.0,20.0,0.54,0.3,1.1
2026-04-09T08:00:00Z,18.2,7.06,0.0,22.0,0.52,0.18,1.2
2026-04-09T09:00:00Z,18.4,7.23,0.0,36.0,0.48,0.02,1.7
2026-04-09T10:00:00Z,18.0,5.85,0.0,47.0,0.44,-0.21,1.9
2026-04-09T11:00:00Z,17.9,5.75,0.0,64.0,0.42,-0.49,2.2
2026-04-09T12:00:00Z,18.0,4.93,0.0,98.0,0.38,-0.71,2.2
2026-04-09T13:00:00Z,18.2,4.73,0.3,93.0,0.36,-0.77,1.3
2026-04-09T14:00:00Z,18.9,2.76,0.6,99.0,0.34,-0.67,0.2
2026-04-09T15:00:00Z,19.3,2.87,0.7,100.0,0.32,-0.44,1.1
2026-04-09T16:00:00Z,18.7,1.92,1.0,100.0,0.3,-0.07,2.3
2026-04-09T17:00:00Z,17.5,1.76,1.0,100.0,0.26,0.36,3.1
2026-04-09T18:00:00Z,16.7,2.52,0.8,99.0,0.24,0.73,3.3
2026-04-09T19:00:00Z,16.5,3.42,2.0,100.0,0.22,0.92,2.5
2026-04-09T20:00:00Z,16.5,4.47,1.3,100.0,0.2,0.98,1.5
2026-04-09T21:00:00Z,16.4,5.57,1.1,100.0,0.18,0.96,0.4
2026-04-09T22:00:00Z,16.0,4.46,0.4,100.0,0.16,0.84,0.5
2026-04-09T23:00:00Z,15.7,3.78,0.1,100.0,0.16,0.61,1.3
2026-04-10T00:00:00Z,15.4,2.37,0.0,100.0,0.14,0.32,1.9
2026-04-10T01:00:00Z,15.2,2.4,0.0,100.0,0.14,0.09,1.8
2026-04-10T02:00:00Z,15.3,2.31,0.0,100.0,0.12,-0.03,1.3
2026-04-10T03:00:00Z,15.4,2.27,0.0,97.0,0.12,-0.06,0.6
2026-04-10T04:00:00Z,15.4,1.9,0.0,60.0,0.12,-0.02,0.6
2026-04-10T05:00:00Z,15.6,1.71,0.0,87.0,0.1,0.14,1.1
2026-04-10T06:00:00Z,15.7,1.76,0.0,51.0,0.1,0.31,1.8
2026-04-10T07:00:00Z,15.7,2.5,0.0,16.0,0.1,0.39,1.8
2026-04-10T08:00:00Z,15.5,3.69,0.0,28.0,0.1,0.38,1.3
2026-04-10T09:00:00Z,15.2,5.32,0.0,76.0,0.1,0.33,0.9
2026-04-10T10:00:00Z,14.8,6.7,0.0,97.0,0.16,0.26,0.3
2026-04-10T11:00:00Z,14.8,6.5,0.0,94.0,0.2,0.1,0.4
2026-04-10T12:00:00Z,14.9,6.14,0.0,99.0,0.26,-0.12,0.8
2026-04-10T13:00:00Z,14.9,5.98,0.0,97.0,0.28,-0.32,1.2
2026-04-10T14:00:00Z,14.8,5.15,0.0,98.0,0.28,-0.42,0.6
2026-04-10T15:00:00Z,14.7,4.66,0.0,78.0,0.3,-0.39,0.6
2026-04-10T16:00:00Z,14.7,4.65,0.0,63.0,0.28,-0.27,1.4
2026-04-10T17:00:00Z,14.6,4.72,0.0,90.0,0.28,-0.02,2.0
2026-04-10T18:00:00Z,14.6,4.06,0.0,100.0,0.26,0.32,2.7
2026-04-10T19:00:00Z,14.6,3.54,0.0,100.0,0.24,0.6,3.1
2026-04-10T20:00:00Z,14.6,4.13,0.0,98.0,0.24,0.79,2.5
2026-04-10T21:00:00Z,14.6,4.12,0.0,100.0,0.22,0.92,1.8
2026-04-10T22:00:00Z,14.5,3.62,0.0,100.0,0.22,0.98,1.1
2026-04-10T23:00:00Z,14.5,4.43,0.0,100.0,0.22,0.91,0.5
2026-04-11T00:00:00Z,14.6,5.58,0.0,99.0,0.22,0.71,0.7
2026-04-11T01:00:00Z,14.7,5.23,0.0,100.0,0.26,0.41,1.3
2026-04-11T02:00:00Z,14.7,5.73,0.0,100.0,0.28,0.12,1.5
2026-04-11T03:00:00Z,14.8,6.66,0.0,100.0,0.32,-0.1,1.3
2026-04-11T04:00:00Z,14.8,6.64,0.0,100.0,0.36,-0.23,0.7
2026-04-11T05:00:00Z,14.8,7.39,0.0,100.0,0.42,-0.27,0.3
2026-04-11T06:00:00Z,14.8,7.63,0.2,100.0,0.46,-0.17,0.6
2026-04-11T07:00:00Z,14.7,6.8,1.7,100.0,0.5,-0.02,1.5
2026-04-11T08:00:00Z,14.6,5.92,3.7,100.0,0.52,0.09,1.5
2026-04-11T09:00:00Z,14.5,6.29,4.2,100.0,0.56,0.13,1.2
2026-04-11T10:00:00Z,13.8,6.96,3.3,100.0,0.6,0.17,1.0
2026-04-11T11:00:00Z,13.7,7.53,1.4,100.0,0.62,0.17,0.7
2026-04-11T12:00:00Z,13.7,9.5,1.1,100.0,0.66,0.04,0.9
2026-04-11T13:00:00Z,13.9,8.45,1.4,100.0,0.66,-0.16,1.5
2026-04-11T14:00:00Z,14.0,6.78,2.0,100.0,0.64,-0.37,1.6
2026-04-11T15:00:00Z,14.1,7.02,0.9,100.0,0.64,-0.52,1.4
2026-04-11T16:00:00Z,14.2,7.0,0.4,100.0,0.62,-0.57,0.7
2026-04-11T17:00:00Z,14.3,7.67,0.5,100.0,0.58,-0.5,0.2
2026-04-11T18:00:00Z,14.5,8.18,0.7,100.0,0.56,-0.27,1.1
2026-04-11T19:00:00Z,14.5,8.71,0.8,100.0,0.56,0.07,2.2
2026-04-11T20:00:00Z,14.6,8.87,1.1,100.0,0.54,0.41,2.8
2026-04-11T21:00:00Z,14.7,8.86,1.6,100.0,0.54,0.69,2.8
2026-04-11T22:00:00Z,14.5,9.22,2.0,100.0,0.54,0.96,2.4
2026-04-11T23:00:00Z,14.6,10.06,2.4,100.0,0.56,1.15,2.0
2026-04-12T00:00:00Z,14.6,9.35,2.3,100.0,0.56,1.16,1.0
2026-04-12T01:00:00Z,14.8,8.41,2.2,100.0,0.54,0.97,0.6
2026-04-12T02:00:00Z,15.0,8.43,0.9,100.0,0.54,0.65,1.5
2026-04-12T03:00:00Z,15.2,7.56,0.2,100.0,0.52,0.3,2.0
2026-04-12T04:00:00Z,15.4,6.07,0.2,100.0,0.48,-0.01,2.2
2026-04-12T05:00:00Z,15.5,4.27,0.3,100.0,0.46,-0.23,1.8
2026-04-12T06:00:00Z,15.5,3.01,0.9,100.0,0.42,-0.32,1.1
2026-04-12T07:00:00Z,15.5,2.05,0.1,100.0,0.4,-0.22,0.2
2026-04-12T08:00:00Z,15.4,1.35,0.0,100.0,0.36,-0.03,0.9
2026-04-12T09:00:00Z,15.3,1.6,0.0,99.0,0.34,0.16,1.5
2026-04-12T10:00:00Z,15.0,3.03,0.1,97.0,0.32,0.35,1.5
2026-04-12T11:00:00Z,15.0,2.37,0.0,98.0,0.32,0.54,1.3
2026-04-12T12:00:00Z,14.9,2.77,0.0,91.0,0.3,0.61,0.9
2026-04-12T13:00:00Z,14.9,3.43,0.0,100.0,0.3,0.5,0.2
2026-04-12T14:00:00Z,14.8,3.75,0.0,99.0,0.28,0.24,0.9
2026-04-12T15:00:00Z,14.8,3.06,0.0,100.0,0.28,-0.06,1.5
2026-04-12T16:00:00Z,14.8,2.45,0.0,96.0,0.28,-0.31,1.5
2026-04-12T17:00:00Z,14.8,2.63,0.0,61.0,0.26,-0.46,1.0
2026-04-12T18:00:00Z,14.8,2.89,0.0,84.0,0.26,-0.48,0.9
2026-04-12T19:00:00Z,14.8,3.62,0.0,100.0,0.3,-0.28,1.3
2026-04-12T20:00:00Z,14.8,3.91,0.0,100.0,0.34,0.08,2.4
2026-04-12T21:00:00Z,14.8,4.26,0.0,100.0,0.38,0.47,3.1
2026-04-12T22:00:00Z,14.7,3.63,0.0,97.0,0.36,0.83,3.2
2026-04-12T23:00:00Z,14.8,3.98,0.0,100.0,0.32,1.15,2.9
2026-04-13T00:00:00Z,14.9,4.66,0.0,52.0,0.3,1.35,2.2
2026-04-13T01:00:00Z,14.9,4.55,0.0,39.0,0.28,1.31,1.1
2026-04-13T02:00:00Z,15.0,3.85,0.0,41.0,0.26,1.01,0.6
2026-04-13T03:00:00Z,15.1,3.41,0.0,69.0,0.24,0.55,1.9
2026-04-13T04:00:00Z,15.1,2.7,0.0,98.0,0.24,0.07,2.6
2026-04-13T05:00:00Z,15.2,2.15,0.0,100.0,0.22,-0.35,2.6
2026-04-13T06:00:00Z,15.2,2.5,0.0,100.0,0.22,-0.63,2.1
2026-04-13T07:00:00Z,15.2,3.29,0.0,100.0,0.22,-0.69,1.3
2026-04-13T08:00:00Z,15.2,3.64,0.0,100.0,0.2,-0.5,0.6
2026-04-13T09:00:00Z,15.1,3.33,0.1,100.0,0.2,-0.17,2.0
2026-04-13T10:00:00Z,15.0,3.33,0.1,97.0,0.2,0.17,2.7
2026-04-13T11:00:00Z,15.0,3.49,0.3,90.0,0.22,0.51,2.7
2026-04-13T12:00:00Z,15.0,2.76,0.1,96.0,0.22,0.78,2.3
2026-04-13T13:00:00Z,15.0,2.13,0.4,100.0,0.22,0.86,1.6
2026-04-13T14:00:00Z,15.0,1.73,0.1,100.0,0.24,0.67,0.2
2026-04-13T15:00:00Z,14.9,2.46,0.0,100.0,0.24,0.3,1.1
2026-04-13T16:00:00Z,14.9,2.87,0.0,100.0,0.24,-0.12,1.9
2026-04-13T17:00:00Z,14.8,2.41,0.0,100.0,0.22,-0.47,2.1
2026-04-13T18:00:00Z,14.7,3.04,0.3,100.0,0.22,-0.68,1.8
2026-04-13T19:00:00Z,14.8,3.33,0.0,100.0,0.2,-0.7,1.0
2026-04-13T20:00:00Z,14.8,3.08,0.0,100.0,0.2,-0.45,1.2
2026-04-13T21:00:00Z,14.8,2.15,0.1,100.0,0.18,0.01,2.5
2026-04-13T22:00:00Z,14.7,1.8,0.2,100.0,0.18,0.51,3.6
2026-04-13T23:00:00Z,14.8,2.72,0.2,100.0,0.16,0.97,3.8
2026-04-14T00:00:00Z,14.9,2.63,0.0,100.0,0.16,1.34,3.2
2026-04-14T01:00:00Z,14.9,2.2,0.0,100.0,0.16,1.5,2.0
2026-04-14T02:00:00Z,15.0,2.43,0.0,99.0,0.16,1.34,0.4
2026-04-14T03:00:00Z,15.1,2.5,0.0,99.0,0.16,0.9,1.5
2026-04-14T04:00:00Z,15.2,2.71,0.0,96.0,0.2,0.32,2.8
2026-04-14T05:00:00Z,15.2,3.61,0.0,30.0,0.22,-0.23,3.4
2026-04-14T06:00:00Z,15.2,4.21,0.0,58.0,0.26,-0.67,3.2
2026-04-14T07:00:00Z,15.2,4.02,0.0,80.0,0.26,-0.91,2.4
2026-04-14T08:00:00Z,15.0,3.81,0.0,89.0,0.26,-0.85,1.0
2026-04-14T09:00:00Z,14.9,2.79,0.0,94.0,0.26,-0.49,1.7
2026-04-14T10:00:00Z,15.0,2.73,0.1,100.0,0.24,0.0,3.4
2026-04-14T11:00:00Z,15.0,2.96,0.0,95.0,0.24,0.51,4.1
2026-04-14T12:00:00Z,14.9,3.11,0.7,97.0,0.22,0.96,4.0
2026-04-14T13:00:00Z,14.9,3.09,0.0,96.0,0.22,1.25,3.2
2026-04-14T14:00:00Z,14.9,3.51,0.0,86.0,0.2,1.24,1.8
2026-04-14T15:00:00Z,14.9,3.72,1.1,93.0,0.2,0.91,0.5
2026-04-14T16:00:00Z,14.9,3.43,0.1,98.0,0.2,0.38,2.0
2026-04-14T17:00:00Z,14.8,3.87,0.0,99.0,0.2,-0.17,2.9
2026-04-14T18:00:00Z,14.8,3.67,0.0,84.0,0.2,-0.61,3.1
2026-04-14T19:00:00Z,14.8,3.61,0.0,32.0,0.2,-0.86,2.5
2026-04-14T20:00:00Z,14.8,3.24,0.0,13.0,0.18,-0.84,1.5
2026-04-14T21:00:00Z,14.8,2.45,0.0,23.0,0.18,-0.49,1.9
2026-04-14T22:00:00Z,14.6,1.87,0.0,30.0,0.18,0.09,3.7
2026-04-14T23:00:00Z,14.7,2.11,0.0,23.0,0.18,0.7,4.7
2026-04-15T00:00:00Z,14.7,2.4,0.0,14.0,0.18,1.22,4.9
2026-04-15T01:00:00Z,14.8,2.55,0.0,7.0,0.18,1.59,4.1
2026-04-15T02:00:00Z,14.9,3.6,0.0,7.0,0.2,1.66,2.7
2026-04-15T03:00:00Z,15.1,4.16,0.0,0.0,0.2,1.34,0.8
2026-04-15T04:00:00Z,15.2,3.68,0.0,4.0,0.22,0.75,1.5
2026-04-15T05:00:00Z,15.3,3.68,0.0,4.0,0.22,0.07,2.8
2026-04-15T06:00:00Z,15.4,4.71,0.0,66.0,0.24,-0.54,3.4
2026-04-15T07:00:00Z,15.2,5.17,0.0,87.0,0.24,-0.97,2.9
2026-04-15T08:00:00Z,15.1,4.75,0.0,100.0,0.26,-1.13,1.8
2026-04-15T09:00:00Z,15.0,4.56,0.0,100.0,0.26,-0.93,1.3
2026-04-15T10:00:00Z,15.1,5.27,0.0,100.0,0.26,-0.4,3.1
2026-04-15T11:00:00Z,15.1,4.67,0.0,96.0,0.26,0.26,4.9
2026-04-15T12:00:00Z,15.1,4.73,0.0,83.0,0.26,0.88,5.4
2026-04-15T13:00:00Z,15.1,4.54,0.0,63.0,0.26,1.36,4.7
2026-04-15T14:00:00Z,15.2,4.22,0.0,17.0,0.26,1.58,3.4
2026-04-15T15:00:00Z,15.1,4.09,0.5,20.0,0.26,1.43,1.5
2026-04-15T16:00:00Z,15.1,4.05,0.0,63.0,0.24,0.94,0.7
2026-04-15T17:00:00Z,15.1,4.7,0.0,90.0,0.24,0.27,2.6
2026-04-15T18:00:00Z,15.1,4.58,0.0,79.0,0.22,-0.36,3.6
2026-04-15T19:00:00Z,15.1,4.66,1.0,81.0,0.2,-0.83,3.5
2026-04-15T20:00:00Z,15.1,5.38,1.0,72.0,0.2,-1.06,2.4
2026-04-15T21:00:00Z,15.2,5.05,0.1,75.0,0.18,-0.94,0.8
2026-04-15T22:00:00Z,15.0,4.39,0.0,69.0,0.18,-0.45,2.2
2026-04-15T23:00:00Z,15.1,5.46,0.0,44.0,0.2,0.25,4.3
2026-04-16T00:00:00Z,15.2,5.33,0.0,54.0,0.2,0.94,5.2
2026-04-16T01:00:00Z,15.4,5.62,0.0,40.0,0.22,1.48,4.9
2026-04-16T02:00:00Z,15.6,5.32,0.0,51.0,0.24,1.75,3.7
2026-04-16T03:00:00Z,15.7,5.19,0.0,39.0,0.26,1.64,1.5
2026-04-16T04:00:00Z,15.7,5.75,0.0,46.0,0.3,1.14,1.0
2026-04-16T05:00:00Z,15.8,5.99,0.0,85.0,0.32,0.41,2.9
2026-04-16T06:00:00Z,15.8,6.13,0.0,100.0,0.36,-0.36,4.1
2026-04-16T07:00:00Z,15.8,6.33,0.2,100.0,0.36,-0.96,4.3
2026-04-16T08:00:00Z,15.9,6.09,0.0,100.0,0.38,-1.31,3.2
2026-04-16T09:00:00Z,15.9,5.86,0.3,100.0,0.38,-1.31,1.5
2026-04-16T10:00:00Z,16.0,5.31,0.8,100.0,0.36,-0.9,1.3
2026-04-16T11:00:00Z,16.0,4.86,0.9,100.0,0.36,-0.17,4.0
2026-04-16T12:00:00Z,16.0,4.9,0.9,100.0,0.34,0.63,5.6
2026-04-16T13:00:00Z,15.9,4.43,0.5,100.0,0.32,1.3,5.6
2026-04-16T14:00:00Z,15.9,3.9,0.1,100.0,0.32,1.74,4.4
2026-04-16T15:00:00Z,15.8,3.61,0.1,100.0,0.3,1.82,2.4
2026-04-16T16:00:00Z,15.8,3.82,0.1,100.0,0.28,1.49,0.4
2026-04-16T17:00:00Z,15.7,3.69,0.1,100.0,0.28,0.84,2.3
2026-04-16T18:00:00Z,15.7,2.68,0.0,100.0,0.26,0.08,4.1
2026-04-16T19:00:00Z,15.7,2.27,0.0,100.0,0.24,-0.58,4.7
2026-04-16T20:00:00Z,15.6,1.82,0.0,100.0,0.24,-1.04,4.2
2026-04-16T21:00:00Z,15.6,1.07,0.0,100.0,0.22,-1.2,2.8
2026-04-16T22:00:00Z,15.5,1.12,0.0,99.0,0.22,-0.96,0.9
2026-04-16T23:00:00Z,15.5,1.62,0.0,98.0,0.22,-0.33,2.6
2026-04-17T00:00:00Z,15.5,2.3,0.0,100.0,0.22,0.44,4.7
2026-04-17T01:00:00Z,15.6,3.43,0.0,97.0,0.24,1.13,5.2
2026-04-17T02:00:00Z,15.8,4.26,0.0,100.0,0.24,1.59,4.3
2026-04-17T03:00:00Z,16.0,4.2,0.0,100.0,0.26,1.73,2.5
2026-04-17T04:00:00Z,16.2,3.38,0.0,99.0,0.24,1.45,0.3
2026-04-17T05:00:00Z,16.4,2.64,0.0,100.0,0.24,0.83,2.2
2026-04-17T06:00:00Z,16.5,2.75,0.0,100.0,0.22,0.04,3.9
2026-04-17T07:00:00Z,16.5,3.16,0.0,100.0,0.24,-0.7,4.7
2026-04-17T08:00:00Z,16.3,3.81,0.0,100.0,0.28,-1.23,4.2
2026-04-17T09:00:00Z,16.0,3.94,0.0,88.0,0.3,-1.44,2.9
2026-04-17T10:00:00Z,15.8,3.79,0.0,100.0,0.32,-1.26,1.4
2026-04-17T11:00:00Z,15.9,4.07,0.0,100.0,0.32,-0.64,3.2
2026-04-17T12:00:00Z,16.0,4.3,0.0,100.0,0.34,0.25,5.8
2026-04-17T13:00:00Z,16.0,4.67,0.0,99.0,0.34,1.13,7.0
2026-04-17T14:00:00Z,15.9,4.79,0.0,96.0,0.36,1.8,6.3
2026-04-17T15:00:00Z,15.7,4.9,0.0,98.0,0.36,2.13,4.7
2026-04-17T16:00:00Z,15.5,5.27,0.0,98.0,0.36,2.05,2.3
2026-04-17T17:00:00Z,15.5,5.58,0.0,99.0,0.38,1.55,0.4
2026-04-17T18:00:00Z,15.4,4.95,0.0,89.0,0.38,0.8,2.9
2026-04-17T19:00:00Z,15.5,3.83,0.0,86.0,0.38,0.0,4.4
2026-04-17T20:00:00Z,15.6,3.79,0.0,91.0,0.38,-0.67,4.8
2026-04-17T21:00:00Z,15.7,2.81,0.0,80.0,0.38,-1.08,4.2
2026-04-17T22:00:00Z,15.4,2.96,0.0,98.0,0.38,-1.15,2.4
2026-04-17T23:00:00Z,15.4,4.82,0.1,100.0,0.38,-0.78,1.7
2026-04-18T00:00:00Z,15.3,5.86,0.1,100.0,0.38,-0.05,4.1
2026-04-18T01:00:00Z,15.3,5.35,0.0,95.0,0.38,0.75,5.8
2026-04-18T02:00:00Z,15.3,3.99,0.0,90.0,0.36,1.37,5.8
2026-04-18T03:00:00Z,15.3,4.06,0.0,66.0,0.36,1.69,4.3
2026-04-18T04:00:00Z,15.4,4.3,0.0,25.0,0.34,1.65,2.2
2026-04-18T05:00:00Z,15.5,4.02,0.0,23.0,0.34,1.21,0.4
2026-04-18T06:00:00Z,15.5,3.71,0.0,38.0,0.32,0.48,2.6
2026-04-18T07:00:00Z,15.5,3.81,0.0,29.0,0.32,-0.33,3.9
2026-04-18T08:00:00Z,15.4,3.69,0.0,25.0,0.32,-0.98,4.3
2026-04-18T09:00:00Z,15.3,3.42,0.0,15.0,0.32,-1.36,3.5
2026-04-18T10:00:00Z,15.2,3.64,0.0,12.0,0.34,-1.42,1.9
2026-04-18T11:00:00Z,15.1,4.07,0.0,7.0,0.36,-1.05,2.0
2026-04-18T12:00:00Z,15.1,3.97,0.0,2.0,0.38,-0.29,4.6
2026-04-18T13:00:00Z,15.1,3.83,0.0,2.0,0.36,0.66,6.7
2026-04-18T14:00:00Z,15.1,3.37,0.0,0.0,0.36,1.49,7.0
2026-04-18T15:00:00Z,15.1,2.86,0.0,0.0,0.34,2.02,5.8
2026-04-18T16:00:00Z,15.1,2.53,0.0,0.0,0.32,2.18,3.6
2026-04-18T17:00:00Z,15.0,2.48,0.0,0.0,0.3,1.93,0.9
2026-04-18T18:00:00Z,14.9,2.8,0.0,0.0,0.28,1.31,1.9
2026-04-18T19:00:00Z,14.8,3.47,0.0,2.0,0.26,0.5,4.1
2026-04-18T20:00:00Z,14.7,3.85,0.0,4.0,0.26,-0.3,5.4
2026-04-18T21:00:00Z,14.7,3.96,0.0,9.0,0.24,-0.89,5.2
2026-04-18T22:00:00Z,14.5,3.53,0.0,4.0,0.24,-1.2,3.9
2026-04-18T23:00:00Z,14.5,3.46,0.0,4.0,0.24,-1.16,2.2
2026-04-19T00:00:00Z,14.6,3.59,0.0,8.0,0.24,-0.69,2.3
2026-04-19T01:00:00Z,14.6,4.29,0.0,27.0,0.24,0.07,4.2
2026-04-19T02:00:00Z,14.8,4.38,0.0,21.0,0.24,0.8,5.4
2026-04-19T03:00:00Z,15.2,3.64,0.0,4.0,0.24,1.29,4.7
2026-04-19T04:00:00Z,15.5,3.02,0.0,1.0,0.26,1.45,2.9
2026-04-19T05:00:00Z,15.8,2.3,0.0,9.0,0.28,1.26,0.8
2026-04-19T06:00:00Z,16.1,1.7,0.0,26.0,0.3,0.75,1.8
2026-04-19T07:00:00Z,16.3,1.58,0.0,30.0,0.32,0.03,3.6
2026-04-19T08:00:00Z,16.2,0.46,0.0,8.0,0.34,-0.68,4.4
2026-04-19T09:00:00Z,16.1,1.6,0.0,5.0,0.36,-1.22,3.9
2026-04-19T10:00:00Z,16.2,4.14,0.0,4.0,0.38,-1.46,2.7
2026-04-19T11:00:00Z,16.0,4.76,0.0,0.0,0.38,-1.35,1.8
2026-04-19T12:00:00Z,15.9,4.45,0.0,1.0,0.4,-0.83,3.5
2026-04-19T13:00:00Z,15.9,4.02,0.0,2.0,0.38,0.05,6.2
2026-04-19T14:00:00Z,15.9,3.4,0.0,0.0,0.38,1.0,8.1
2026-04-19T15:00:00Z,15.8,2.65,0.0,0.0,0.36,1.75,7.9
2026-04-19T16:00:00Z,15.7,1.5,0.0,0.0,0.32,2.16,6.1
2026-04-19T17:00:00Z,15.4,0.65,0.0,2.0,0.3,2.2,3.6
2026-04-19T18:00:00Z,15.3,0.97,0.0,14.0,0.26,1.85,0.9
2026-04-19T19:00:00Z,15.3,1.0,0.0,17.0,0.24,1.21,1.5
2026-04-19T20:00:00Z,15.3,0.6,0.0,25.0,0.24,0.43,3.3
2026-04-19T21:00:00Z,15.2,1.57,0.0,84.0,0.22,-0.27,4.0
2026-04-19T22:00:00Z,15.0,1.97,0.0,100.0,0.2,-0.78,3.7
2026-04-19T23:00:00Z,14.8,2.27,0.0,100.0,0.2,-1.0,2.1
2026-04-20T00:00:00Z,14.7,3.21,0.0,100.0,0.18,-0.87,0.7
2026-04-20T01:00:00Z,14.8,2.73,0.0,100.0,0.18,-0.36,2.7
2026-04-20T02:00:00Z,14.9,2.53,0.0,100.0,0.16,0.33,5.0
2026-04-20T03:00:00Z,15.2,2.86,0.0,100.0,0.16,0.94,5.6
2026-04-20T04:00:00Z,15.5,3.21,0.0,100.0,0.24,1.27,4.5
2026-04-20T05:00:00Z,15.8,3.81,0.0,100.0,0.3,1.3,2.7
2026-04-20T06:00:00Z,16.1,5.12,0.0,100.0,0.38,1.04,0.7
2026-04-20T07:00:00Z,16.4,5.79,0.0,100.0,0.44,0.51,1.3
2026-04-20T08:00:00Z,16.2,7.24,0.0,100.0,0.52,-0.15,2.8
2026-04-20T09:00:00Z,15.6,9.43,0.0,100.0,0.58,-0.75,3.7
2026-04-20T10:00:00Z,15.0,10.04,0.0,64.0,0.62,-1.11,3.1
2026-04-20T11:00:00Z,14.7,10.2,0.0,79.0,0.68,-1.2,1.9
2026-04-20T12:00:00Z,14.6,9.57,0.0,99.0,0.72,-0.98,2.2
2026-04-20T13:00:00Z,14.6,8.68,0.0,100.0,0.7,-0.37,4.2
2026-04-20T14:00:00Z,14.5,7.81,0.0,100.0,0.68,0.5,6.3
2026-04-20T15:00:00Z,14.4,6.69,0.0,100.0,0.66,1.35,7.4
2026-04-20T16:00:00Z,14.3,6.83,0.0,100.0,0.62,1.94,6.5
2026-04-20T17:00:00Z,14.1,7.31,0.0,100.0,0.58,2.2,4.5
2026-04-20T18:00:00Z,14.0,6.19,0.0,98.0,0.54,2.12,2.0
2026-04-20T19:00:00Z,14.0,5.27,0.1,100.0,0.52,1.71,0.4
2026-04-20T20:00:00Z,13.9,5.21,0.3,100.0,0.52,1.07,2.6
2026-04-20T21:00:00Z,13.9,5.27,0.3,100.0,0.5,0.35,3.9
2026-04-20T22:00:00Z,13.6,5.25,0.1,100.0,0.5,-0.27,4.3
2026-04-20T23:00:00Z,13.8,5.43,0.0,100.0,0.48,-0.68,3.6
2026-04-21T00:00:00Z,13.8,5.99,0.0,100.0,0.48,-0.83,2.3
2026-04-21T01:00:00Z,13.9,6.6,0.0,100.0,0.54,-0.67,0.9
2026-04-21T02:00:00Z,14.1,7.21,0.0,100.0,0.58,-0.19,2.6
2026-04-21T03:00:00Z,14.2,7.02,0.0,100.0,0.64,0.39,4.1
2026-04-21T04:00:00Z,14.3,7.16,0.1,100.0,0.64,0.83,4.2
2026-04-21T05:00:00Z,14.3,6.87,0.2,100.0,0.62,1.01,3.0
2026-04-21T06:00:00Z,14.4,6.99,0.2,99.0,0.62,0.93,1.3
2026-04-21T07:00:00Z,14.5,7.56,0.0,94.0,0.6,0.61,1.2
2026-04-21T08:00:00Z,14.7,8.48,0.3,98.0,0.6,0.08,2.6
2026-04-21T09:00:00Z,14.9,8.47,0.5,99.0,0.58,-0.52,3.6
2026-04-21T10:00:00Z,14.9,8.74,0.2,100.0,0.58,-1.02,3.8
2026-04-21T11:00:00Z,15.2,9.37,0.0,100.0,0.58,-1.3,3.1
2026-04-21T12:00:00Z,15.4,9.58,0.0,100.0,0.58,-1.3,1.5
2026-04-21T13:00:00Z,15.6,9.74,0.0,100.0,0.58,-1.01,0.6
2026-04-21T14:00:00Z,15.7,9.2,0.2,100.0,0.58,-0.4,2.9
2026-04-21T15:00:00Z,15.6,8.72,0.7,99.0,0.58,0.39,4.9
2026-04-21T16:00:00Z,15.5,8.63,1.2,100.0,0.58,1.09,5.5
2026-04-21T17:00:00Z,15.6,8.91,2.5,100.0,0.58,1.53,4.5
2026-04-21T18:00:00Z,15.7,8.56,3.0,100.0,0.58,1.71,2.7
2026-04-21T19:00:00Z,15.9,8.14,1.3,100.0,0.52,1.61,1.3
2026-04-21T20:00:00Z,16.1,8.32,2.3,99.0,0.48,1.25,2.1
2026-04-21T21:00:00Z,16.3,7.58,2.3,100.0,0.42,0.71,3.5
2026-04-21T22:00:00Z,16.7,6.89,2.8,100.0,0.4,0.13,4.3
2026-04-21T23:00:00Z,16.7,6.25,6.3,100.0,0.36,-0.33,4.5
2026-04-22T00:00:00Z,16.6,3.97,8.0,100.0,0.34,-0.6,3.6
2026-04-22T01:00:00Z,16.7,2.6,6.2,100.0,0.32,-0.66,2.2
2026-04-22T02:00:00Z,16.8,1.8,3.6,100.0,0.32,-0.47,0.3
2026-04-22T03:00:00Z,16.9,0.2,1.8,100.0,0.3,-0.05,1.6
2026-04-22T04:00:00Z,16.9,2.21,0.7,100.0,0.28,0.4,2.9
2026-04-22T05:00:00Z,16.9,4.0,0.1,100.0,0.26,0.7,2.5
2026-04-22T06:00:00Z,17.0,5.32,0.1,100.0,0.24,0.78,1.3
2026-04-22T07:00:00Z,16.9,6.2,0.7,100.0,0.24,0.67,0.4
2026-04-22T08:00:00Z,16.8,7.1,1.8,100.0,0.22,0.39,1.7
2026-04-22T09:00:00Z,16.7,7.36,2.4,100.0,0.22,-0.05,3.0
2026-04-22T10:00:00Z,16.6,6.68,2.1,100.0,0.28,-0.51,3.8
2026-04-22T11:00:00Z,16.4,7.7,1.5,100.0,0.36,-0.86,3.9
2026-04-22T12:00:00Z,16.2,7.75,0.4,100.0,0.42,-1.02,3.1
2026-04-22T13:00:00Z,16.1,6.99,0.3,100.0,0.46,-0.96,2.1
2026-04-22T14:00:00Z,16.0,6.99,0.3,100.0,0.48,-0.66,2.6
2026-04-22T15:00:00Z,15.9,7.22,1.0,100.0,0.52,-0.1,4.1
2026-04-22T16:00:00Z,15.8,7.62,0.9,100.0,0.56,0.59,5.7
2026-04-22T17:00:00Z,15.6,7.72,0.5,100.0,0.62,1.18,6.2
2026-04-22T18:00:00Z,15.4,7.56,0.2,100.0,0.66,1.56,5.4
2026-04-22T19:00:00Z,15.2,7.82,0.1,100.0,0.68,1.75,4.0
2026-04-22T20:00:00Z,15.1,8.32,0.1,100.0,0.68,1.71,2.3
2026-04-22T21:00:00Z,15.0,8.91,0.1,100.0,0.7,1.45,1.0
2026-04-22T22:00:00Z,14.9,8.32,0.2,100.0,0.7,1.02,0.8
2026-04-22T23:00:00Z,14.9,8.4,0.2,100.0,0.72,0.55,1.4
2026-04-23T00:00:00Z,14.8,8.57,0.3,100.0,0.72,0.17,1.7
2026-04-23T01:00:00Z,14.6,8.17,0.2,100.0,0.72,-0.08,1.5
2026-04-23T02:00:00Z,14.4,8.14,0.2,100.0,0.7,-0.19,1.3
2026-04-23T03:00:00Z,14.2,8.52,0.1,100.0,0.7,-0.08,1.8
2026-04-23T04:00:00Z,14.1,8.53,0.0,100.0,0.68,0.21,2.8
2026-04-23T05:00:00Z,14.3,7.72,0.0,100.0,0.66,0.54,3.5
2026-04-23T06:00:00Z,14.6,7.55,0.0,100.0,0.64,0.74,3.1
2026-04-23T07:00:00Z,14.8,7.59,0.0,100.0,0.62,0.81,1.8
2026-04-23T08:00:00Z,15.0,7.87,0.0,100.0,0.58,0.74,0.8
2026-04-23T09:00:00Z,15.2,7.53,0.0,100.0,0.56,0.53,0.6
2026-04-23T10:00:00Z,15.0,6.51,0.0,98.0,0.54,0.18,1.7
2026-04-23T11:00:00Z,15.0,6.31,0.0,98.0,0.5,-0.2,2.4
2026-04-23T12:00:00Z,15.1,7.09,0.0,98.0,0.48,-0.53,2.7
2026-04-23T13:00:00Z,15.1,7.65,0.0,96.0,0.52,-0.69,2.3
2026-04-23T14:00:00Z,15.1,7.54,0.0,91.0,0.56,-0.71,2.0
2026-04-23T15:00:00Z,15.0,7.46,0.0,90.0,0.6,-0.52,2.3
2026-04-23T16:00:00Z,14.9,7.33,0.0,51.0,0.56,-0.1,3.4
2026-04-23T17:00:00Z,14.9,6.89,0.0,34.0,0.52,0.43,4.3
2026-04-23T18:00:00Z,14.7,6.48,0.0,41.0,0.48,0.89,4.6
2026-04-23T19:00:00Z,14.7,6.45,0.0,93.0,0.46,1.21,3.8
2026-04-23T20:00:00Z,14.6,6.33,0.0,99.0,0.44,1.4,2.8
2026-04-23T21:00:00Z,14.6,5.98,0.0,86.0,0.42,1.4,1.7
2026-04-23T22:00:00Z,14.4,4.49,0.0,92.0,0.38,1.19,0.6
2026-04-23T23:00:00Z,14.4,4.41,0.0,93.0,0.36,0.81,1.3
2026-04-24T00:00:00Z,14.5,4.22,0.0,87.0,0.32,0.4,1.9
2026-04-24T01:00:00Z,14.5,4.28,0.0,70.0,0.3,0.05,2.1
2026-04-24T02:00:00Z,14.7,3.95,0.0,26.0,0.26,-0.22,1.7
2026-04-24T03:00:00Z,14.9,3.42,0.0,40.0,0.24,-0.37,1.3
2026-04-24T04:00:00Z,15.0,3.11,0.0,56.0,0.22,-0.32,1.5
2026-04-24T05:00:00Z,15.2,2.85,0.0,71.0,0.22,-0.08,2.4
2026-04-24T06:00:00Z,15.3,2.36,0.0,100.0,0.2,0.19,3.3
2026-04-24T07:00:00Z,15.5,2.52,0.0,100.0,0.2,0.39,3.2
2026-04-24T08:00:00Z,15.5,3.06,0.0,93.0,0.18,0.52,2.9
2026-04-24T09:00:00Z,15.5,3.41,0.0,81.0,0.18,0.57,2.2
2026-04-24T10:00:00Z,15.8,3.64,0.0,40.0,0.18,0.45,1.3
2026-04-24T11:00:00Z,15.8,3.48,0.0,0.0,0.18,0.19,0.4
2026-04-24T12:00:00Z,15.8,3.23,0.0,1.0,0.18,-0.13,0.4
2026-04-24T13:00:00Z,15.7,2.98,0.0,0.0,0.18,-0.4,0.5
2026-04-24T14:00:00Z,15.6,2.7,0.0,37.0,0.16,-0.56,0.4
2026-04-24T15:00:00Z,15.5,2.42,0.0,91.0,0.16,-0.61,0.6
2026-04-24T16:00:00Z,15.5,1.98,0.0,93.0,0.16,-0.48,1.7
2026-04-24T17:00:00Z,15.4,2.4,0.0,94.0,0.14,-0.15,2.9
2026-04-24T18:00:00Z,15.4,2.87,0.0,96.0,0.14,0.31,4.2
2026-04-24T19:00:00Z,15.3,2.77,0.0,93.0,0.14,0.72,4.6
2026-04-24T20:00:00Z,15.3,2.94,0.0,91.0,0.14,1.06,4.2
2026-04-24T21:00:00Z,15.4,2.97,0.0,88.0,0.14,1.3,3.6
2026-04-24T22:00:00Z,15.4,2.72,0.0,95.0,0.14,1.39,2.6
2026-04-24T23:00:00Z,15.5,2.65,0.0,75.0,0.14,1.25,1.2
2026-04-25T00:00:00Z,15.7,2.1,0.0,8.0,0.14,0.92,0.5
2026-04-25T01:00:00Z,15.8,1.65,0.0,3.0,0.14,0.53,1.1
2026-04-25T02:00:00Z,16.0,1.36,0.0,30.0,0.14,0.15,1.5
2026-04-25T03:00:00Z,16.2,1.92,0.0,38.0,0.14,-0.18,1.4
2026-04-25T04:00:00Z,16.3,2.62,0.0,14.0,0.14,-0.4,0.9
2026-04-25T05:00:00Z,16.4,2.84,0.0,3.0,0.14,-0.43,0.2
2026-04-25T06:00:00Z,16.4,2.87,0.0,4.0,0.14,-0.26,1.7
2026-04-25T07:00:00Z,16.4,2.71,0.0,1.0,0.14,-0.02,2.8
2026-04-25T08:00:00Z,16.4,3.0,0.0,3.0,0.14,0.22,3.1
2026-04-25T09:00:00Z,16.3,3.53,0.0,2.0,0.14,0.45,2.9
2026-04-25T10:00:00Z,16.3,4.45,0.0,5.0,0.18,0.61,2.5
2026-04-25T11:00:00Z,16.2,4.94,0.0,1.0,0.22,0.6,1.8
2026-04-25T12:00:00Z,16.1,5.1,0.0,1.0,0.26,0.4,0.8
2026-04-25T13:00:00Z,16.0,4.96,0.0,2.0,0.26,0.1,0.6
2026-04-25T14:00:00Z,15.9,4.57,0.0,2.0,0.26,-0.19,0.9
2026-04-25T15:00:00Z,15.8,4.05,0.0,8.0,0.26,-0.44,0.9
2026-04-25T16:00:00Z,15.7,3.91,0.0,14.0,0.24,-0.6,0.7
2026-04-25T17:00:00Z,15.6,4.45,0.0,3.0,0.22,-0.57,0.2
2026-04-25T18:00:00Z,15.6,4.84,0.0,0.0,0.2,-0.3,1.5
2026-04-25T19:00:00Z,15.6,4.53,0.0,0.0,0.18,0.1,2.8
2026-04-25T20:00:00Z,15.7,3.96,0.0,1.0,0.16,0.53,3.5
2026-04-25T21:00:00Z,15.7,3.67,0.0,1.0,0.14,0.93,3.5
2026-04-25T22:00:00Z,15.9,2.51,0.0,0.0,0.14,1.26,3.0
2026-04-25T23:00:00Z,16.1,2.35,0.0,0.0,0.12,1.4,2.2
2026-04-26T00:00:00Z,16.2,2.15,0.0,0.0,0.12,1.28,1.0
2026-04-26T01:00:00Z,16.3,1.86,0.0,0.0,0.12,0.95,0.8
2026-04-26T02:00:00Z,16.4,1.79,0.0,0.0,0.12,0.51,1.7
2026-04-26T03:00:00Z,16.6,1.59,0.0,0.0,0.12,0.07,2.2
2026-04-26T04:00:00Z,16.8,1.74,0.0,0.0,0.12,-0.34,2.2
2026-04-26T05:00:00Z,17.0,2.7,0.0,0.0,0.1,-0.62,1.6
2026-04-26T06:00:00Z,17.3,3.53,0.0,88.0,0.1,-0.66,0.5
2026-04-26T07:00:00Z,17.3,4.37,0.0,94.0,0.1,-0.47,1.7
2026-04-26T08:00:00Z,17.1,4.83,0.0,69.0,0.12,-0.17,3.0
2026-04-26T09:00:00Z,16.9,4.53,0.0,0.0,0.12,0.17,3.4
2026-04-26T10:00:00Z,16.6,4.41,0.0,0.0,0.18,0.53,3.5
2026-04-26T11:00:00Z,16.4,5.1,0.0,0.0,0.24,0.79,3.1
2026-04-26T12:00:00Z,16.4,6.09,0.0,0.0,0.3,0.82,2.2
2026-04-26T13:00:00Z,16.3,6.42,0.0,1.0,0.3,0.62,0.9
2026-04-26T14:00:00Z,16.4,6.84,0.0,20.0,0.3,0.28,1.0
2026-04-26T15:00:00Z,16.4,7.17,0.0,79.0,0.3,-0.09,1.9
2026-04-26T16:00:00Z,16.6,7.3,0.0,97.0,0.3,-0.44,2.2
2026-04-26T17:00:00Z,16.7,6.78,0.0,100.0,0.28,-0.68,2.0
2026-04-26T18:00:00Z,16.9,6.23,0.0,100.0,0.28,-0.7,1.1
2026-04-26T19:00:00Z,17.0,5.96,0.0,96.0,0.28,-0.45,0.5
2026-04-26T20:00:00Z,17.2,6.18,0.0,100.0,0.3,-0.03,2.1
2026-04-26T21:00:00Z,17.3,6.1,0.0,100.0,0.3,0.44,3.2
2026-04-26T22:00:00Z,17.1,5.88,0.0,98.0,0.3,0.93,3.4
2026-04-26T23:00:00Z,17.2,5.73,0.0,78.0,0.3,1.33,3.1
2026-04-27T00:00:00Z,17.3,5.8,0.0,81.0,0.3,1.49,2.2
2026-04-27T01:00:00Z,17.4,5.83,0.0,93.0,0.3,1.33,0.9
2026-04-27T02:00:00Z,17.6,6.02,0.0,94.0,0.3,0.92,1.5
2026-04-27T03:00:00Z,17.8,6.13,0.0,99.0,0.3,0.4,2.8
2026-04-27T04:00:00Z,18.1,6.09,0.0,79.0,0.3,-0.12,3.5
2026-04-27T05:00:00Z,18.4,6.12,0.0,75.0,0.28,-0.58,3.6
2026-04-27T06:00:00Z,18.6,6.1,0.0,46.0,0.28,-0.86,3.2
2026-04-27T07:00:00Z,18.7,6.47,0.0,62.0,0.3,-0.85,1.8
2026-04-27T08:00:00Z,18.7,7.1,0.0,30.0,0.32,-0.59,0.7
2026-04-27T09:00:00Z,18.7,7.3,0.0,95.0,0.34,-0.18,1.9
2026-04-27T10:00:00Z,18.9,6.52,0.0,93.0,0.36,0.28,2.6
2026-04-27T11:00:00Z,18.8,6.81,0.0,100.0,0.4,0.75,2.8
2026-04-27T12:00:00Z,18.7,7.45,0.0,98.0,0.42,1.06,2.3
2026-04-27T13:00:00Z,18.7,7.65,0.0,99.0,0.4,1.08,1.2
2026-04-27T14:00:00Z,18.7,7.48,0.0,100.0,0.38,0.81,1.2
2026-04-27T15:00:00Z,18.6,6.73,0.0,96.0,0.36,0.38,2.5
2026-04-27T16:00:00Z,18.5,6.54,0.0,96.0,0.32,-0.1,3.6
2026-04-27T17:00:00Z,18.5,6.1,0.0,96.0,0.3,-0.53,4.0
2026-04-27T18:00:00Z,18.3,4.94,0.0,99.0,0.26,-0.83,3.6
2026-04-27T19:00:00Z,17.9,3.08,0.3,99.0,0.24,-0.85,2.4
2026-04-27T20:00:00Z,18.0,6.01,0.0,99.0,0.24,-0.57,0.9
2026-04-27T21:00:00Z,17.7,7.96,0.0,92.0,0.22,-0.08,2.1
2026-04-27T22:00:00Z,17.3,9.34,0.0,97.0,0.34,0.47,3.5
2026-04-27T23:00:00Z,17.1,10.07,0.0,59.0,0.44,1.02,4.0
2026-04-28T00:00:00Z,16.9,9.77,0.0,60.0,0.56,1.44,3.6
2026-04-28T01:00:00Z,16.8,9.01,0.0,53.0,0.62,1.58,2.6
2026-04-28T02:00:00Z,16.7,8.2,0.0,81.0,0.68,1.36,1.2
2026-04-28T03:00:00Z,16.6,7.74,0.1,97.0,0.74,0.87,1.2
2026-04-28T04:00:00Z,16.6,7.49,0.2,96.0,0.76,0.3,2.1
2026-04-28T05:00:00Z,16.5,8.05,0.2,98.0,0.76,-0.24,2.6
2026-04-28T06:00:00Z,16.4,9.65,0.3,99.0,0.78,-0.68,2.7
2026-04-28T07:00:00Z,16.2,9.93,0.0,100.0,0.88,-0.89,1.9
2026-04-28T08:00:00Z,16.2,10.04,0.0,99.0,1.0,-0.76,1.5
2026-04-28T09:00:00Z,16.2,10.69,0.0,100.0,1.1,-0.35,3.4
2026-04-28T10:00:00Z,15.8,11.38,0.0,100.0,1.02,0.21,5.1
2026-04-28T11:00:00Z,15.8,11.04,0.0,98.0,0.96,0.82,5.8
2026-04-28T12:00:00Z,15.7,10.25,0.0,90.0,0.88,1.35,5.6
2026-04-28T13:00:00Z,15.7,9.99,0.0,98.0,0.9,1.64,4.5
2026-04-28T14:00:00Z,15.6,9.11,0.0,100.0,0.9,1.57,2.5
2026-04-28T15:00:00Z,15.6,8.67,0.0,100.0,0.92,1.17,0.8
2026-04-28T16:00:00Z,15.5,9.68,0.0,100.0,0.94,0.62,1.7
2026-04-28T17:00:00Z,15.2,10.66,0.0,100.0,0.98,0.04,2.7
2026-04-28T18:00:00Z,14.8,11.21,0.1,100.0,1.0,-0.44,3.1
2026-04-28T19:00:00Z,14.4,11.97,0.2,100.0,1.02,-0.76,2.7
2026-04-28T20:00:00Z,14.0,12.48,0.4,100.0,1.02,-0.74,1.7
2026-04-28T21:00:00Z,13.8,12.45,0.8,100.0,1.04,-0.41,1.8
2026-04-28T22:00:00Z,13.6,12.81,1.5,100.0,1.04,0.14,3.5
2026-04-28T23:00:00Z,13.6,12.55,2.0,100.0,1.06,0.75,4.7
2026-04-29T00:00:00Z,13.6,12.42,2.6,100.0,1.06,1.34,4.9
2026-04-29T01:00:00Z,13.7,12.64,2.7,100.0,1.06,1.73,4.0
2026-04-29T02:00:00Z,13.8,11.62,2.5,100.0,1.04,1.74,2.3
2026-04-29T03:00:00Z,13.9,11.65,2.9,100.0,1.04,1.37,0.4
2026-04-29T04:00:00Z,13.9,11.6,3.2,100.0,1.02,0.76,2.1
2026-04-29T05:00:00Z,13.8,11.48,3.5,100.0,1.0,0.11,3.4
2026-04-29T06:00:00Z,13.8,11.44,3.4,100.0,0.98,-0.48,3.9
2026-04-29T07:00:00Z,13.8,11.64,2.3,100.0,0.96,-0.91,3.8
2026-04-29T08:00:00Z,13.8,11.31,2.6,100.0,0.96,-1.05,2.7
2026-04-29T09:00:00Z,13.8,10.71,3.0,100.0,0.94,-0.8,1.1
2026-04-29T10:00:00Z,13.1,9.81,2.2,100.0,0.92,-0.27,2.4
2026-04-29T11:00:00Z,13.1,9.36,1.7,100.0,0.88,0.38,4.0
2026-04-29T12:00:00Z,13.1,9.13,1.3,100.0,0.86,1.04,4.7
2026-04-29T13:00:00Z,13.2,9.4,0.9,100.0,0.82,1.58,4.3
2026-04-29T14:00:00Z,13.3,8.81,0.6,100.0,0.8,1.77,2.9
2026-04-29T15:00:00Z,13.3,8.83,0.5,100.0,0.76,1.56,0.9
2026-04-29T16:00:00Z,13.4,8.68,0.2,100.0,0.72,1.04,1.7
2026-04-29T17:00:00Z,13.4,8.41,0.3,100.0,0.68,0.4,3.2
2026-04-29T18:00:00Z,13.3,8.02,0.3,100.0,0.64,-0.21,4.2
2026-04-29T19:00:00Z,13.3,8.04,0.0,100.0,0.62,-0.7,4.4
2026-04-29T20:00:00Z,13.4,8.08,0.0,100.0,0.6,-0.95,3.7
2026-04-29T21:00:00Z,13.5,8.22,0.0,100.0,0.58,-0.85,2.2
2026-04-29T22:00:00Z,13.7,7.8,0.0,100.0,0.58,-0.42,1.9
2026-04-29T23:00:00Z,13.6,7.78,0.0,100.0,0.58,0.18,3.4
2026-04-30T00:00:00Z,13.3,7.71,0.0,100.0,0.58,0.8,4.2
2026-04-30T01:00:00Z,13.4,7.74,0.0,98.0,0.54,1.33,4.0
2026-04-30T02:00:00Z,13.7,7.36,0.0,99.0,0.52,1.58,2.9
2026-04-30T03:00:00Z,14.3,7.14,0.0,70.0,0.48,1.43,1.3
2026-04-30T04:00:00Z,14.7,6.6,0.0,62.0,0.46,0.94,1.8
2026-04-30T05:00:00Z,15.2,6.06,0.0,20.0,0.42,0.27,3.2
2026-04-30T06:00:00Z,15.7,5.91,0.0,18.0,0.4,-0.38,4.0
2026-04-30T07:00:00Z,16.1,5.39,0.0,6.0,0.4,-0.9,4.3
2026-04-30T08:00:00Z,16.2,4.54,0.0,0.0,0.38,-1.21,3.6
2026-04-30T09:00:00Z,16.2,3.9,0.0,0.0,0.38,-1.16,2.5
2026-04-30T10:00:00Z,16.2,2.75,0.0,3.0,0.36,-0.73,2.4
2026-04-30T11:00:00Z,16.1,2.37,0.0,0.0,0.32,-0.06,4.5
2026-04-30T12:00:00Z,15.9,1.8,0.0,4.0,0.3,0.68,5.8
2026-04-30T13:00:00Z,15.8,1.42,0.0,0.0,0.28,1.35,6.1
2026-04-30T14:00:00Z,15.7,2.31,0.0,0.0,0.24,1.8,5.2
2026-04-30T15:00:00Z,15.7,3.13,0.0,0.0,0.22,1.86,3.2
2026-04-30T16:00:00Z,15.7,3.71,0.0,0.0,0.22,1.49,0.9
2026-04-30T17:00:00Z,15.7,4.21,0.0,0.0,0.2,0.87,1.4
2026-04-30T18:00:00Z,15.8,4.7,0.0,0.0,0.2,0.19,3.2
2026-04-30T19:00:00Z,15.8,4.63,0.0,0.0,0.2,-0.41,4.0
2026-04-30T20:00:00Z,15.9,3.92,0.0,0.0,0.2,-0.84,3.8
2026-04-30T21:00:00Z,15.8,3.93,0.0,0.0,0.2,-0.98,2.8
2026-04-30T22:00:00Z,15.8,4.65,0.0,16.0,0.2,-0.76,0.8
2026-04-30T23:00:00Z,15.9,5.09,0.0,0.0,0.22,-0.24,1.8
2026-05-01T00:00:00Z,15.9,4.9,0.0,0.0,0.22,0.38,3.4
2026-05-01T01:00:00Z,16.0,5.02,0.0,0.0,0.22,0.97,4.0
2026-05-01T02:00:00Z,16.3,4.73,0.0,1.0,0.22,1.38,3.3
2026-05-01T03:00:00Z,16.6,3.87,0.0,35.0,0.22,1.46,1.6
2026-05-01T04:00:00Z,16.9,2.96,0.0,64.0,0.2,1.13,0.6
2026-05-01T05:00:00Z,17.2,2.31,0.0,88.0,0.2,0.52,2.8
2026-05-01T06:00:00Z,17.5,1.74,0.0,68.0,0.18,-0.18,4.1
2026-05-01T07:00:00Z,17.7,2.53,0.0,86.0,0.16,-0.78,4.6
2026-05-01T08:00:00Z,17.6,3.56,0.0,95.0,0.16,-1.2,4.1
2026-05-01T09:00:00Z,17.2,4.95,0.0,91.0,0.14,-1.36,2.7
2026-05-01T10:00:00Z,16.7,6.07,0.0,92.0,0.2,-1.13,0.9
2026-05-01T11:00:00Z,16.5,6.76,0.0,96.0,0.28,-0.54,2.7
2026-05-01T12:00:00Z,16.5,6.9,0.0,98.0,0.34,0.22,4.9
2026-05-01T13:00:00Z,16.5,6.93,0.0,98.0,0.36,0.96,5.6
2026-05-01T14:00:00Z,16.4,7.47,0.0,100.0,0.38,1.55,5.1
2026-05-01T15:00:00Z,16.3,8.14,0.0,98.0,0.4,1.85,3.6
2026-05-01T16:00:00Z,16.3,8.53,0.0,95.0,0.42,1.74,1.5
2026-05-01T17:00:00Z,16.3,8.61,0.0,99.0,0.46,1.26,1.7
2026-05-01T18:00:00Z,16.3,8.62,0.0,100.0,0.48,0.58,3.8
2026-05-01T19:00:00Z,16.4,8.8,0.0,99.0,0.52,-0.09,5.1
2026-05-01T20:00:00Z,16.4,9.04,0.0,96.0,0.54,-0.65,5.2
2026-05-01T21:00:00Z,16.5,9.14,0.0,100.0,0.58,-0.99,4.7
2026-05-01T22:00:00Z,16.7,9.03,0.0,98.0,0.6,-1.03,3.1
2026-05-01T23:00:00Z,16.8,9.45,0.0,96.0,0.62,-0.68,0.8
2026-05-02T00:00:00Z,17.0,10.09,0.0,72.0,0.64,-0.08,2.1
2026-05-02T01:00:00Z,17.3,10.29,0.0,33.0,0.64,0.53,3.2
2026-05-02T02:00:00Z,17.6,10.2,0.0,25.0,0.66,1.03,3.3
2026-05-02T03:00:00Z,17.8,10.24,0.0,17.0,0.66,1.29,2.3
2026-05-02T04:00:00Z,18.0,10.18,0.0,31.0,0.66,1.2,1.6
2026-05-02T05:00:00Z,18.2,10.25,0.0,26.0,0.68,0.75,2.7
2026-05-02T06:00:00Z,18.3,10.35,0.0,70.0,0.68,0.08,4.5
2026-05-02T07:00:00Z,18.3,10.83,0.0,99.0,0.66,-0.59,5.3
2026-05-02T08:00:00Z,18.2,10.7,0.4,97.0,0.66,-1.09,5.2
2026-05-02T09:00:00Z,18.1,9.8,0.6,97.0,0.64,-1.37,4.3
2026-05-02T10:00:00Z,18.5,7.82,0.5,97.0,0.58,-1.34,2.5
2026-05-02T11:00:00Z,18.5,7.84,0.1,97.0,0.54,-0.92,0.3
2026-05-02T12:00:00Z,18.3,7.28,0.0,89.0,0.48,-0.21,2.6
2026-05-02T13:00:00Z,18.4,6.18,0.0,59.0,0.46,0.59,4.2
2026-05-02T14:00:00Z,18.4,5.75,0.0,96.0,0.42,1.27,4.5
2026-05-02T15:00:00Z,18.2,5.95,0.4,100.0,0.4,1.72,3.6
2026-05-02T16:00:00Z,18.0,4.98,1.3,100.0,0.38,1.83,1.8
2026-05-02T17:00:00Z,17.7,3.31,2.1,100.0,0.34,1.56,1.3
2026-05-02T18:00:00Z,17.5,2.95,2.8,100.0,0.32,0.97,3.3
2026-05-02T19:00:00Z,17.4,4.76,0.8,100.0,0.32,0.28,4.9
2026-05-02T20:00:00Z,17.4,6.67,1.1,100.0,0.34,-0.35,5.6
2026-05-02T21:00:00Z,17.8,6.86,1.7,100.0,0.34,-0.8,5.3
2026-05-02T22:00:00Z,17.3,7.3,2.3,100.0,0.36,-1.0,4.1
2026-05-02T23:00:00Z,17.2,8.21,3.2,100.0,0.4,-0.88,2.3
2026-05-03T00:00:00Z,16.9,7.38,4.3,100.0,0.42,-0.42,1.0
2026-05-03T01:00:00Z,16.7,6.82,2.2,100.0,0.44,0.19,2.5
2026-05-03T02:00:00Z,16.6,7.83,0.4,100.0,0.46,0.72,3.2
2026-05-03T03:00:00Z,16.7,7.55,0.1,100.0,0.48,1.06,2.5
2026-05-03T04:00:00Z,16.9,7.45,0.0,100.0,0.5,1.16,0.9
2026-05-03T05:00:00Z,17.2,7.63,0.0,100.0,0.54,0.93,0.9
2026-05-03T06:00:00Z,17.7,7.99,0.0,100.0,0.56,0.41,2.9
2026-05-03T07:00:00Z,18.1,8.35,0.0,100.0,0.56,-0.23,4.6
2026-05-03T08:00:00Z,18.5,8.03,0.0,100.0,0.56,-0.79,5.0
2026-05-03T09:00:00Z,18.8,7.67,0.0,100.0,0.56,-1.15,4.3
2026-05-03T10:00:00Z,18.6,7.31,0.0,100.0,0.54,-1.25,3.0
2026-05-03T11:00:00Z,18.6,7.2,0.0,93.0,0.54,-1.01,1.7
2026-05-03T12:00:00Z,18.3,7.36,0.0,90.0,0.52,-0.41,2.9
2026-05-03T13:00:00Z,17.3,8.37,0.0,86.0,0.5,0.42,5.3
2026-05-03T14:00:00Z,16.4,8.2,0.0,99.0,0.48,1.21,6.7
2026-05-03T15:00:00Z,16.2,7.03,0.0,98.0,0.46,1.77,6.5
2026-05-03T16:00:00Z,16.2,5.76,0.0,100.0,0.46,2.07,5.0
2026-05-03T17:00:00Z,16.2,4.38,0.0,100.0,0.46,2.02,2.9
2026-05-03T18:00:00Z,16.2,2.79,0.0,100.0,0.46,1.61,0.4
2026-05-03T19:00:00Z,16.1,1.71,0.0,100.0,0.4,0.96,1.8
2026-05-03T20:00:00Z,15.9,2.33,0.0,100.0,0.36,0.28,3.4
2026-05-03T21:00:00Z,15.9,3.3,0.0,100.0,0.3,-0.29,3.8
2026-05-03T22:00:00Z,15.9,3.62,0.0,100.0,0.26,-0.66,3.3
2026-05-03T23:00:00Z,16.1,3.27,0.0,100.0,0.24,-0.77,2.1
2026-05-04T00:00:00Z,16.2,3.99,0.0,100.0,0.2,-0.54,0.5
2026-05-04T01:00:00Z,16.3,4.74,0.0,100.0,0.18,-0.03,2.2
2026-05-04T02:00:00Z,16.5,4.75,0.0,100.0,0.18,0.52,3.6
2026-05-04T03:00:00Z,16.7,4.57,0.0,99.0,0.16,0.91,3.6
2026-05-04T04:00:00Z,17.1,4.12,0.0,100.0,0.16,1.07,2.4
2026-05-04T05:00:00Z,17.5,3.63,0.0,99.0,0.14,0.98,0.9
2026-05-04T06:00:00Z,17.9,3.13,0.0,100.0,0.14,0.61,1.1
2026-05-04T07:00:00Z,18.2,2.95,0.0,97.0,0.14,0.04,2.7
2026-05-04T08:00:00Z,18.3,3.36,0.0,86.0,0.12,-0.56,3.8
2026-05-04T09:00:00Z,18.0,3.88,0.0,24.0,0.12,-1.02,3.6
2026-05-04T10:00:00Z,18.2,4.8,0.0,13.0,0.18,-1.26,2.8
2026-05-04T11:00:00Z,18.2,6.03,0.0,89.0,0.24,-1.22,1.1
2026-05-04T12:00:00Z,18.1,6.58,0.0,86.0,0.3,-0.87,1.1
2026-05-04T13:00:00Z,18.1,6.44,0.0,90.0,0.3,-0.21,3.2
2026-05-04T14:00:00Z,18.2,6.72,0.0,95.0,0.32,0.53,4.7
2026-05-04T15:00:00Z,18.1,7.12,0.0,96.0,0.32,1.13,4.9
2026-05-04T16:00:00Z,18.1,7.24,0.0,88.0,0.32,1.5,3.8
2026-05-04T17:00:00Z,18.0,7.02,0.0,92.0,0.34,1.6,2.2
2026-05-04T18:00:00Z,17.9,6.71,0.0,85.0,0.34,1.42,0.9
2026-05-04T19:00:00Z,17.9,6.85,0.0,56.0,0.36,0.95,2.3
2026-05-04T20:00:00Z,17.9,6.75,0.0,49.0,0.36,0.33,3.8
2026-05-04T21:00:00Z,17.8,6.72,0.0,41.0,0.38,-0.27,4.5
2026-05-04T22:00:00Z,17.8,6.52,0.0,30.0,0.38,-0.71,4.1
2026-05-04T23:00:00Z,17.8,6.75,0.0,10.0,0.4,-0.94,3.1
2026-05-05T00:00:00Z,17.9,6.72,0.0,1.0,0.4,-0.9,1.4
2026-05-05T01:00:00Z,17.9,6.95,0.0,2.0,0.44,-0.57,0.6
2026-05-05T02:00:00Z,18.1,7.18,0.0,1.0,0.48,-0.06,2.3
2026-05-05T03:00:00Z,18.2,7.53,0.0,12.0,0.52,0.38,3.1
2026-05-05T04:00:00Z,18.4,8.04,0.0,16.0,0.54,0.62,2.5
2026-05-05T05:00:00Z,18.5,8.33,0.0,18.0,0.54,0.65,1.5
2026-05-05T06:00:00Z,18.5,8.52,0.0,27.0,0.56,0.46,1.7
2026-05-05T07:00:00Z,18.5,8.81,0.0,17.0,0.56,0.06,3.0
2026-05-05T08:00:00Z,18.5,9.16,0.0,13.0,0.58,-0.46,4.1
2026-05-05T09:00:00Z,18.4,9.42,0.0,1.0,0.58,-0.96,4.5
2026-05-05T10:00:00Z,18.6,9.15,0.0,0.0,0.6,-1.29,4.1
2026-05-05T11:00:00Z,18.5,9.61,0.0,0.0,0.6,-1.36,2.7
2026-05-05T12:00:00Z,18.4,9.93,0.0,0.0,0.62,-1.16,0.7
2026-05-05T13:00:00Z,18.4,9.96,0.0,0.0,0.6,-0.68,1.5
2026-05-05T14:00:00Z,18.3,9.56,0.0,0.0,0.6,0.04,3.3
2026-05-05T15:00:00Z,18.2,9.43,0.0,0.0,0.58,0.75,4.5
2026-05-05T16:00:00Z,18.1,9.49,0.0,0.0,0.58,1.24,4.2
2026-05-05T17:00:00Z,18.0,9.13,0.0,0.0,0.56,1.48,2.7
2026-05-05T18:00:00Z,17.8,8.25,0.0,0.0,0.56,1.46,1.4
2026-05-05T19:00:00Z,17.7,7.41,0.0,0.0,0.54,1.2,1.8
2026-05-05T20:00:00Z,17.6,7.3,0.0,0.0,0.5,0.72,3.2
2026-05-05T21:00:00Z,17.4,7.23,0.0,0.0,0.48,0.16,4.2
2026-05-05T22:00:00Z,17.6,6.57,0.0,0.0,0.46,-0.33,4.5
2026-05-05T23:00:00Z,17.6,6.66,0.0,0.0,0.44,-0.62,3.8
2026-05-06T00:00:00Z,17.8,6.88,0.0,0.0,0.42,-0.71,2.5
2026-05-06T01:00:00Z,18.0,6.82,0.0,0.0,0.46,-0.56,1.0
2026-05-06T02:00:00Z,18.1,6.64,0.0,0.0,0.52,-0.19,1.2
2026-05-06T03:00:00Z,18.2,6.93,0.0,0.0,0.56,0.27,2.6
2026-05-06T04:00:00Z,18.3,7.1,0.0,0.0,0.56,0.59,2.8
2026-05-06T05:00:00Z,18.4,7.37,0.0,0.0,0.54,0.71,2.1
2026-05-06T06:00:00Z,18.4,7.98,0.0,0.0,0.54,0.65,1.5
2026-05-06T07:00:00Z,18.3,8.43,0.0,0.0,0.54,0.42,1.7
2026-05-06T08:00:00Z,18.2,8.59,0.0,0.0,0.56,0.02,2.5
2026-05-06T09:00:00Z,18.2,8.6,0.0,21.0,0.56,-0.45,3.4
2026-05-06T10:00:00Z,17.9,7.66,0.0,36.0,0.54,-0.85,3.4
2026-05-06T11:00:00Z,17.8,7.74,0.0,44.0,0.5,-1.05,2.7
2026-05-06T12:00:00Z,17.7,7.78,0.0,87.0,0.48,-1.02,1.3
2026-05-06T13:00:00Z,17.7,8.15,0.0,93.0,0.5,-0.75,0.6
2026-05-06T14:00:00Z,17.6,8.59,0.0,95.0,0.52,-0.24,2.3
2026-05-06T15:00:00Z,17.6,8.69,0.0,100.0,0.54,0.42,3.8
2026-05-06T16:00:00Z,17.7,8.68,0.0,100.0,0.52,0.99,4.2
2026-05-06T17:00:00Z,17.7,8.45,0.0,100.0,0.5,1.32,3.4
2026-05-06T18:00:00Z,17.7,8.02,0.0,98.0,0.48,1.42,1.8
2026-05-06T19:00:00Z,17.7,7.76,0.0,73.0,0.46,1.32,1.1
2026-05-06T20:00:00Z,17.8,7.38,0.0,41.0,0.42,1.01,2.3
2026-05-06T21:00:00Z,17.8,6.56,0.0,61.0,0.4,0.54,3.5
2026-05-06T22:00:00Z,18.1,5.56,0.0,90.0,0.36,0.03,4.3
2026-05-06T23:00:00Z,18.2,5.28,0.0,90.0,0.34,-0.37,4.3
2026-05-07T00:00:00Z,18.3,5.34,0.0,97.0,0.3,-0.57,3.4
2026-05-07T01:00:00Z,18.4,5.75,0.0,97.0,0.28,-0.58,2.0
2026-05-07T02:00:00Z,18.7,5.84,0.0,83.0,0.24,-0.41,0.6
2026-05-07T03:00:00Z,19.0,5.59,0.0,37.0,0.22,-0.06,1.0
2026-05-07T04:00:00Z,19.2,5.14,0.0,8.0,0.2,0.3,1.8
2026-05-07T05:00:00Z,19.4,4.5,0.0,17.0,0.2,0.49,1.5
2026-05-07T06:00:00Z,19.5,4.02,0.0,25.0,0.18,0.49,0.7
2026-05-07T07:00:00Z,19.6,3.42,0.0,51.0,0.18,0.37,1.2
2026-05-07T08:00:00Z,19.6,3.13,0.0,91.0,0.2,0.13,2.1
2026-05-07T09:00:00Z,19.4,2.98,0.1,96.0,0.2,-0.22,2.9
2026-05-07T10:00:00Z,18.9,2.47,0.0,100.0,0.3,-0.61,3.4
2026-05-07T11:00:00Z,19.0,3.33,0.1,86.0,0.38,-0.9,3.2
2026-05-07T12:00:00Z,18.7,9.8,0.0,66.0,0.48,-0.99,2.3
2026-05-07T13:00:00Z,17.3,10.67,0.0,1.0,0.54,-0.84,1.5
2026-05-07T14:00:00Z,17.2,10.37,0.0,42.0,0.6,-0.52,2.3
2026-05-07T15:00:00Z,17.2,10.63,0.1,67.0,0.66,-0.02,3.8
2026-05-07T16:00:00Z,17.2,10.53,0.2,29.0,0.7,0.57,4.9
2026-05-07T17:00:00Z,17.1,10.33,0.2,26.0,0.76,1.06,5.2
2026-05-07T18:00:00Z,17.1,10.55,0.0,82.0,0.8,1.32,4.3
2026-05-07T19:00:00Z,17.1,10.65,0.0,99.0,0.88,1.38,3.1
2026-05-07T20:00:00Z,17.0,9.89,0.0,100.0,0.94,1.28,1.7
2026-05-07T21:00:00Z,16.9,9.02,0.0,100.0,1.02,1.01,0.5
2026-05-07T22:00:00Z,16.5,8.2,0.0,100.0,0.9,0.61,1.0
2026-05-07T23:00:00Z,16.5,7.75,0.0,100.0,0.78,0.18,1.9
2026-05-08T00:00:00Z,16.5,7.67,0.0,98.0,0.66,-0.14,1.9
2026-05-08T01:00:00Z,16.5,7.67,0.0,98.0,0.64,-0.29,1.2
2026-05-08T02:00:00Z,16.4,8.07,0.0,96.0,0.6,-0.28,1.0
2026-05-08T03:00:00Z,16.4,8.52,0.0,100.0,0.58,-0.12,1.9
2026-05-08T04:00:00Z,16.4,7.71,0.0,100.0,0.56,0.16,2.8
2026-05-08T05:00:00Z,16.5,7.26,0.0,99.0,0.56,0.43,3.3
2026-05-08T06:00:00Z,16.6,6.13,0.0,100.0,0.54,0.55,2.7
2026-05-08T07:00:00Z,16.7,5.88,0.0,100.0,0.52,0.52,1.6
2026-05-08T08:00:00Z,16.8,6.03,0.0,99.0,0.5,0.41,0.6
2026-05-08T09:00:00Z,16.8,6.13,0.0,92.0,0.48,0.2,0.6
2026-05-08T10:00:00Z,17.1,6.02,0.0,98.0,0.46,-0.12,1.4
2026-05-08T11:00:00Z,17.1,5.55,0.0,100.0,0.42,-0.46,2.0
2026-05-08T12:00:00Z,17.1,4.85,0.0,100.0,0.4,-0.71,2.1
2026-05-08T13:00:00Z,17.1,4.29,0.0,100.0,0.38,-0.77,1.5
2026-05-08T14:00:00Z,17.2,3.31,0.0,100.0,0.34,-0.66,1.4
2026-05-08T15:00:00Z,17.2,2.8,0.0,100.0,0.32,-0.39,2.2
2026-05-08T16:00:00Z,17.1,2.33,0.0,100.0,0.3,0.03,3.1
2026-05-08T17:00:00Z,17.1,2.07,0.0,100.0,0.26,0.49,3.7
2026-05-08T18:00:00Z,17.0,2.36,0.0,100.0,0.24,0.83,3.5
2026-05-08T19:00:00Z,17.0,2.24,0.0,99.0,0.22,0.97,2.5
2026-05-08T20:00:00Z,17.0,2.19,0.0,99.0,0.22,0.99,1.3
2026-05-08T21:00:00Z,17.0,2.36,0.0,100.0,0.2,0.89,0.3
2026-05-08T22:00:00Z,16.9,1.87,0.0,100.0,0.18,0.63,1.1
2026-05-08T23:00:00Z,17.0,2.86,0.0,97.0,0.18,0.26,2.1
2026-05-09T00:00:00Z,17.1,3.3,0.0,52.0,0.16,-0.12,2.5
2026-05-09T01:00:00Z,17.2,3.32,0.0,4.0,0.16,-0.39,2.1
2026-05-09T02:00:00Z,17.3,3.52,0.0,10.0,0.14,-0.52,1.3
2026-05-09T03:00:00Z,17.4,3.43,0.0,0.0,0.14,-0.53,0.5
2026-05-09T04:00:00Z,17.6,3.3,0.0,0.0,0.14,-0.38,1.1
2026-05-09T05:00:00Z,17.7,3.44,0.0,0.0,0.14,-0.12,2.2
2026-05-09T06:00:00Z,17.8,3.71,0.0,0.0,0.14,0.11,2.5
2026-05-09T07:00:00Z,17.8,3.83,0.0,0.0,0.16,0.2,2.2
2026-05-09T08:00:00Z,17.8,4.0,0.0,0.0,0.18,0.21,1.5
2026-05-09T09:00:00Z,17.8,4.25,0.0,8.0,0.2,0.16,0.9
2026-05-09T10:00:00Z,18.0,4.14,0.0,10.0,0.22,0.02,0.6
2026-05-09T11:00:00Z,17.9,5.02,0.0,36.0,0.26,-0.22,1.1
2026-05-09T12:00:00Z,17.7,5.85,0.0,84.0,0.28,-0.49,1.5
2026-05-09T13:00:00Z,17.6,6.36,0.0,72.0,0.28,-0.67,1.3
2026-05-09T14:00:00Z,17.5,6.68,0.0,66.0,0.3,-0.7,0.6
2026-05-09T15:00:00Z,17.4,6.81,0.0,67.0,0.3,-0.6,0.4
2026-05-09T16:00:00Z,17.2,6.92,0.0,99.0,0.3,-0.36,1.4
2026-05-09T17:00:00Z,17.2,6.71,0.0,97.0,0.32,0.03,2.5
2026-05-09T18:00:00Z,17.2,6.63,0.0,96.0,0.32,0.45,3.3
2026-05-09T19:00:00Z,17.2,6.68,0.0,48.0,0.34,0.75,3.1
2026-05-09T20:00:00Z,17.3,6.78,0.0,12.0,0.36,0.9,2.3
2026-05-09T21:00:00Z,17.4,6.87,0.0,22.0,0.38,0.96,1.4
2026-05-09T22:00:00Z,17.6,5.99,0.0,21.0,0.38,0.9,0.9
2026-05-09T23:00:00Z,17.8,6.75,0.0,17.0,0.4,0.67,1.4
2026-05-10T00:00:00Z,18.0,7.06,0.0,20.0,0.4,0.32,2.2
2026-05-10T01:00:00Z,18.1,7.18,0.0,3.0,0.4,-0.03,2.5
2026-05-10T02:00:00Z,18.3,7.16,0.0,0.0,0.42,-0.31,2.4
2026-05-10T03:00:00Z,18.5,7.07,0.0,44.0,0.42,-0.46,1.7
2026-05-10T04:00:00Z,18.6,6.98,0.0,46.0,0.44,-0.49,0.8
2026-05-10T05:00:00Z,18.7,7.07,0.0,38.0,0.46,-0.35,0.9
2026-05-10T06:00:00Z,18.7,7.41,0.0,53.0,0.48,-0.09,1.8
2026-05-10T07:00:00Z,18.7,7.59,0.0,71.0,0.48,0.14,2.4
2026-05-10T08:00:00Z,18.7,7.49,0.0,98.0,0.5,0.26,2.2
2026-05-10T09:00:00Z,18.8,7.99,0.0,99.0,0.5,0.32,1.5
2026-05-10T10:00:00Z,18.8,7.61,0.0,80.0,0.52,0.33,1.3
2026-05-10T11:00:00Z,18.8,8.32,0.0,38.0,0.54,0.24,1.4
2026-05-10T12:00:00Z,18.8,8.46,0.0,100.0,0.56,0.01,1.9
2026-05-10T13:00:00Z,18.8,8.12,0.0,99.0,0.54,-0.25,2.3
2026-05-10T14:00:00Z,18.8,8.07,0.0,97.0,0.54,-0.46,2.3
2026-05-10T15:00:00Z,18.8,7.89,0.0,96.0,0.52,-0.54,1.8
2026-05-10T16:00:00Z,18.8,7.39,0.0,97.0,0.48,-0.51,0.9
2026-05-10T17:00:00Z,18.8,6.93,0.0,100.0,0.46,-0.33,0.0
2026-05-10T18:00:00Z,18.7,6.69,0.0,100.0,0.42,0.01,1.1
2026-05-10T19:00:00Z,18.7,6.53,0.0,99.0,0.4,0.39,1.9
2026-05-10T20:00:00Z,18.7,6.37,0.0,97.0,0.36,0.68,1.9
2026-05-10T21:00:00Z,18.8,5.7,0.0,98.0,0.34,0.87,1.3
2026-05-10T22:00:00Z,18.8,4.54,0.0,94.0,0.32,0.98,1.0
2026-05-10T23:00:00Z,18.9,4.29,0.0,22.0,0.28,0.95,1.0
2026-05-11T00:00:00Z,18.9,4.47,0.0,13.0,0.26,0.73,1.9
2026-05-11T01:00:00Z,19.1,4.2,0.0,7.0,0.24,0.36,2.7
2026-05-11T02:00:00Z,19.2,4.25,0.0,2.0,0.24,-0.05,3.2
2026-05-11T03:00:00Z,19.4,4.48,0.0,0.0,0.22,-0.38,3.1
2026-05-11T04:00:00Z,19.6,4.75,0.0,29.0,0.22,-0.59,2.4
2026-05-11T05:00:00Z,19.7,5.13,0.0,35.0,0.22,-0.65,1.5
2026-05-11T06:00:00Z,19.7,5.64,0.0,3.0,0.22,-0.51,0.5
2026-05-11T07:00:00Z,19.6,6.18,0.0,0.0,0.24,-0.21,1.5
2026-05-11T08:00:00Z,19.6,6.76,0.0,0.0,0.26,0.08,2.4
2026-05-11T09:00:00Z,19.5,7.23,0.0,1.0,0.28,0.31,2.5
2026-05-11T10:00:00Z,19.5,7.65,0.0,4.0,0.32,0.49,2.2
2026-05-11T11:00:00Z,19.4,7.43,0.0,39.0,0.34,0.59,1.7
2026-05-11T12:00:00Z,19.3,7.45,0.0,98.0,0.38,0.52,1.1
2026-05-11T13:00:00Z,19.2,7.84,0.0,99.0,0.38,0.27,1.3
2026-05-11T14:00:00Z,19.2,7.53,0.0,94.0,0.36,-0.06,2.0
2026-05-11T15:00:00Z,19.2,6.83,0.0,95.0,0.36,-0.33,2.2
2026-05-11T16:00:00Z,19.1,6.59,0.0,96.0,0.34,-0.49,1.8
2026-05-11T17:00:00Z,19.0,6.6,0.0,100.0,0.34,-0.52,1.1
2026-05-11T18:00:00Z,18.9,6.53,0.0,100.0,0.32,-0.34,0.0
2026-05-11T19:00:00Z,18.7,6.42,0.0,100.0,0.3,0.03,1.5
2026-05-11T20:00:00Z,18.7,6.9,0.0,100.0,0.28,0.45,2.4
2026-05-11T21:00:00Z,18.6,7.01,0.0,100.0,0.26,0.77,2.5
2026-05-11T22:00:00Z,18.6,6.04,0.0,98.0,0.26,0.99,2.0
2026-05-11T23:00:00Z,18.7,5.45,0.0,95.0,0.24,1.12,1.3
2026-05-12T00:00:00Z,18.8,5.43,0.0,93.0,0.24,1.07,1.0
2026-05-12T01:00:00Z,19.0,5.53,0.0,84.0,0.24,0.79,1.8
2026-05-12T02:00:00Z,19.2,4.9,0.0,49.0,0.26,0.33,2.9
2026-05-12T03:00:00Z,19.3,4.4,0.0,48.0,0.26,-0.15,3.6
2026-05-12T04:00:00Z,19.4,4.3,0.0,49.0,0.28,-0.52,3.4
2026-05-12T05:00:00Z,19.2,4.67,0.0,49.0,0.3,-0.75,2.7
2026-05-12T06:00:00Z,19.0,5.27,0.0,40.0,0.32,-0.78,1.6
2026-05-12T07:00:00Z,18.8,5.64,0.0,78.0,0.32,-0.57,0.3
2026-05-12T08:00:00Z,18.6,5.74,0.0,97.0,0.32,-0.18,1.9
2026-05-12T09:00:00Z,18.4,5.9,0.0,100.0,0.32,0.21,3.0
2026-05-12T10:00:00Z,19.6,5.39,0.0,100.0,0.3,0.55,3.0
2026-05-12T11:00:00Z,19.5,5.62,0.0,100.0,0.3,0.83,2.5
2026-05-12T12:00:00Z,19.5,5.52,0.0,100.0,0.28,0.96,1.7
2026-05-12T13:00:00Z,19.4,5.68,0.0,100.0,0.28,0.86,0.6
2026-05-12T14:00:00Z,19.4,5.43,0.0,96.0,0.26,0.54,1.5
2026-05-12T15:00:00Z,19.4,5.16,0.0,88.0,0.26,0.11,2.3
2026-05-12T16:00:00Z,19.3,5.18,0.0,100.0,0.24,-0.26,2.7
2026-05-12T17:00:00Z,19.2,5.41,0.0,100.0,0.24,-0.5,2.5
2026-05-12T18:00:00Z,19.1,5.62,0.0,100.0,0.22,-0.58,1.6
2026-05-12T19:00:00Z,18.9,5.7,0.0,100.0,0.22,-0.42,0.4
2026-05-12T20:00:00Z,18.7,5.84,0.0,100.0,0.22,-0.04,1.3
2026-05-12T21:00:00Z,18.6,5.93,0.0,100.0,0.22,0.41,2.5
2026-05-12T22:00:00Z,18.3,6.22,0.0,100.0,0.22,0.79,2.8
2026-05-12T23:00:00Z,18.3,6.02,0.0,100.0,0.22,1.08,2.4
2026-05-13T00:00:00Z,18.3,5.73,0.0,99.0,0.22,1.22,1.5
2026-05-13T01:00:00Z,18.5,5.91,0.0,100.0,0.24,1.13,0.7
2026-05-13T02:00:00Z,18.7,6.62,0.0,100.0,0.28,0.75,1.5
2026-05-13T03:00:00Z,18.9,7.07,0.0,96.0,0.3,0.21,2.9
2026-05-13T04:00:00Z,18.9,7.18,0.0,98.0,0.34,-0.34,3.4
2026-05-13T05:00:00Z,19.0,7.14,0.0,79.0,0.36,-0.76,3.2
2026-05-13T06:00:00Z,19.1,7.15,0.0,54.0,0.4,-1.0,2.5
2026-05-13T07:00:00Z,19.1,7.51,0.0,32.0,0.46,-0.99,1.1
2026-05-13T08:00:00Z,19.2,7.69,0.0,36.0,0.5,-0.67,1.0
2026-05-13T09:00:00Z,19.3,7.69,0.0,37.0,0.56,-0.15,3.0
2026-05-13T10:00:00Z,19.9,7.27,0.0,44.0,0.56,0.38,3.9
2026-05-13T11:00:00Z,19.8,7.73,0.0,72.0,0.58,0.84,3.9
2026-05-13T12:00:00Z,19.8,7.95,0.0,84.0,0.58,1.18,3.1
2026-05-13T13:00:00Z,19.8,7.92,0.0,100.0,0.56,1.3,1.9
2026-05-13T14:00:00Z,19.8,7.89,0.0,100.0,0.56,1.1,0.7
2026-05-13T15:00:00Z,19.7,8.0,0.0,100.0,0.54,0.65,1.9
2026-05-13T16:00:00Z,19.6,8.28,0.0,92.0,0.52,0.11,3.2
2026-05-13T17:00:00Z,19.6,8.07,0.0,100.0,0.52,-0.35,3.6
2026-05-13T18:00:00Z,19.5,7.86,0.0,100.0,0.5,-0.67,3.2
2026-05-13T19:00:00Z,19.3,7.78,0.0,100.0,0.5,-0.77,2.2
2026-05-13T20:00:00Z,19.3,7.82,0.0,100.0,0.52,-0.59,0.5
2026-05-13T21:00:00Z,19.3,7.68,0.1,100.0,0.52,-0.14,1.5
2026-05-13T22:00:00Z,19.3,7.9,0.1,100.0,0.54,0.39,3.1
2026-05-13T23:00:00Z,19.3,8.42,0.0,100.0,0.54,0.86,3.4
2026-05-14T00:00:00Z,19.4,8.14,0.1,100.0,0.56,1.2,2.9
2026-05-14T01:00:00Z,19.5,7.71,0.1,96.0,0.56,1.32,1.8
2026-05-14T02:00:00Z,19.7,7.26,0.2,96.0,0.56,1.12,1.0
2026-05-14T03:00:00Z,19.7,6.76,0.0,95.0,0.56,0.62,2.4
2026-05-14T04:00:00Z,19.9,6.58,0.0,98.0,0.52,-0.03,3.8
2026-05-14T05:00:00Z,19.9,6.27,0.3,98.0,0.48,-0.63,4.3
2026-05-14T06:00:00Z,19.8,6.12,0.5,97.0,0.44,-1.05,4.1
2026-05-14T07:00:00Z,19.8,5.88,0.0,98.0,0.46,-1.24,2.9
2026-05-14T08:00:00Z,19.7,6.39,0.0,100.0,0.46,-1.13,1.1
2026-05-14T09:00:00Z,19.7,6.64,0.0,100.0,0.48,-0.67,1.5
2026-05-14T10:00:00Z,19.5,6.64,0.2,100.0,0.52,0.0,3.7
2026-05-14T11:00:00Z,19.5,6.98,0.3,100.0,0.58,0.66,4.8
2026-05-14T12:00:00Z,19.5,6.14,0.4,100.0,0.62,1.22,4.6
2026-05-14T13:00:00Z,19.5,5.09,0.2,100.0,0.6,1.57,3.5
2026-05-14T14:00:00Z,19.4,4.32,0.1,100.0,0.6,1.61,2.0
2026-05-14T15:00:00Z,19.2,3.73,0.0,100.0,0.58,1.29,0.6
2026-05-14T16:00:00Z,19.2,3.67,0.0,100.0,0.56,0.71,2.5
2026-05-14T17:00:00Z,19.1,3.46,0.0,100.0,0.54,0.07,3.8
2026-05-14T18:00:00Z,19.0,3.9,0.0,98.0,0.52,-0.47,4.1
2026-05-14T19:00:00Z,19.0,5.16,0.0,95.0,0.5,-0.82,3.6
2026-05-14T20:00:00Z,19.1,4.94,0.0,95.0,0.5,-0.9,2.2
2026-05-14T21:00:00Z,19.1,5.7,0.0,97.0,0.48,-0.65,0.2
2026-05-14T22:00:00Z,19.1,6.9,0.0,82.0,0.5,-0.11,2.3
2026-05-14T23:00:00Z,19.1,6.96,0.0,74.0,0.5,0.49,3.8
2026-05-15T00:00:00Z,19.1,6.47,0.0,26.0,0.52,1.0,4.1
2026-05-15T01:00:00Z,19.2,6.66,0.0,26.0,0.52,1.33,3.2
2026-05-15T02:00:00Z,19.3,6.45,0.0,34.0,0.52,1.37,1.7
2026-05-15T03:00:00Z,19.5,5.96,0.0,27.0,0.52,1.04,1.0
2026-05-15T04:00:00Z,19.6,5.69,0.0,1.0,0.5,0.42,2.7
2026-05-15T05:00:00Z,19.7,5.76,0.0,0.0,0.5,-0.3,4.1
2026-05-15T06:00:00Z,19.7,5.85,0.0,4.0,0.48,-0.91,4.7
2026-05-15T07:00:00Z,19.8,6.0,0.0,24.0,0.48,-1.3,4.0
2026-05-15T08:00:00Z,19.8,6.24,0.0,19.0,0.48,-1.4,2.5
2026-05-15T09:00:00Z,19.8,6.62,0.0,1.0,0.48,-1.14,0.3
2026-05-15T10:00:00Z,20.1,6.43,0.0,0.0,0.5,-0.52,2.5
2026-05-15T11:00:00Z,20.0,7.25,0.0,0.0,0.5,0.28,4.7
2026-05-15T12:00:00Z,20.1,7.74,0.0,0.0,0.52,1.03,5.7
2026-05-15T13:00:00Z,20.1,8.21,0.0,0.0,0.52,1.59,4.9
2026-05-15T14:00:00Z,20.2,8.37,0.0,0.0,0.52,1.88,3.6
2026-05-15T15:00:00Z,20.2,8.08,0.0,0.0,0.52,1.78,1.4
2026-05-15T16:00:00Z,20.1,7.53,0.0,0.0,0.52,1.31,1.6
2026-05-15T17:00:00Z,20.0,7.18,0.0,0.0,0.52,0.61,3.4
2026-05-15T18:00:00Z,19.9,7.1,0.0,0.0,0.52,-0.1,4.7
2026-05-15T19:00:00Z,19.8,7.2,0.0,0.0,0.52,-0.66,4.9
2026-05-15T20:00:00Z,19.8,7.38,0.0,0.0,0.52,-1.01,4.0
2026-05-15T21:00:00Z,19.8,7.47,0.0,0.0,0.52,-1.04,2.2
2026-05-15T22:00:00Z,19.7,7.34,0.0,0.0,0.56,-0.71,0.4
2026-05-15T23:00:00Z,19.8,7.92,0.0,0.0,0.6,-0.09,2.8
2026-05-16T00:00:00Z,19.9,8.1,0.0,0.0,0.64,0.55,4.2
2026-05-16T01:00:00Z,20.0,7.89,0.0,0.0,0.64,1.05,4.1
2026-05-16T02:00:00Z,20.2,7.56,0.0,0.0,0.64,1.31,2.9
2026-05-16T03:00:00Z,20.2,7.4,0.0,1.0,0.64,1.23,1.4
2026-05-16T04:00:00Z,20.3,7.31,0.0,0.0,0.62,0.8,1.6
2026-05-16T05:00:00Z,20.3,7.43,0.0,1.0,0.6,0.12,3.4
2026-05-16T06:00:00Z,20.3,7.82,0.0,0.0,0.58,-0.6,4.7
2026-05-16T07:00:00Z,20.3,8.09,0.0,0.0,0.58,-1.17,4.7
2026-05-16T08:00:00Z,20.3,8.2,0.0,0.0,0.56,-1.5,3.8
2026-05-16T09:00:00Z,20.3,8.03,0.0,0.0,0.56,-1.51,2.2
2026-05-16T10:00:00Z,20.4,7.1,0.0,0.0,0.56,-1.11,0.6
2026-05-16T11:00:00Z,20.3,7.37,0.0,0.0,0.54,-0.35,3.4
2026-05-16T12:00:00Z,20.3,7.65,0.0,0.0,0.54,0.54,5.6
2026-05-16T13:00:00Z,20.3,7.62,0.0,0.0,0.54,1.33,6.0
2026-05-16T14:00:00Z,20.2,7.35,0.0,0.0,0.56,1.86,5.0
2026-05-16T15:00:00Z,20.2,6.98,0.0,0.0,0.56,2.05,2.9
2026-05-16T16:00:00Z,20.1,6.52,0.0,0.0,0.52,1.81,0.9
2026-05-16T17:00:00Z,20.1,6.51,0.0,0.0,0.5,1.22,2.4
2026-05-16T18:00:00Z,20.1,6.59,0.0,0.0,0.46,0.45,4.3
2026-05-16T19:00:00Z,20.0,6.79,0.0,4.0,0.44,-0.28,5.4
2026-05-16T20:00:00Z,20.0,6.81,0.0,2.0,0.44,-0.84,5.2
2026-05-16T21:00:00Z,20.0,6.76,0.0,2.0,0.42,-1.16,4.1
2026-05-16T22:00:00Z,20.0,5.87,0.0,7.0,0.44,-1.13,2.0
2026-05-16T23:00:00Z,20.1,6.3,0.0,4.0,0.44,-0.71,0.7
2026-05-17T00:00:00Z,20.2,6.27,0.0,2.0,0.46,-0.05,3.1
2026-05-17T01:00:00Z,20.4,6.27,0.0,1.0,0.48,0.6,4.3
2026-05-17T02:00:00Z,20.5,6.45,0.0,1.0,0.5,1.05,4.0
2026-05-17T03:00:00Z,20.6,6.77,0.0,4.0,0.52,1.22,2.5
2026-05-17T04:00:00Z,20.7,7.25,0.0,8.0,0.54,1.03,1.3
2026-05-17T05:00:00Z,20.8,7.6,0.0,4.0,0.56,0.51,2.3
2026-05-17T06:00:00Z,20.8,7.82,0.0,0.0,0.58,-0.21,4.0
2026-05-17T07:00:00Z,20.8,8.06,0.0,0.0,0.6,-0.9,4.9
2026-05-17T08:00:00Z,20.8,8.45,0.0,0.0,0.62,-1.41,4.9
2026-05-17T09:00:00Z,20.7,8.38,0.0,0.0,0.64,-1.65,3.6
2026-05-17T10:00:00Z,20.8,7.88,0.0,0.0,0.64,-1.55,1.7
2026-05-17T11:00:00Z,20.6,8.61,0.0,0.0,0.66,-1.03,1.3
2026-05-17T12:00:00Z,20.5,8.77,0.0,0.0,0.66,-0.16,4.2
2026-05-17T13:00:00Z,20.5,8.98,0.0,0.0,0.66,0.77,5.8
2026-05-17T14:00:00Z,20.5,8.89,0.0,0.0,0.64,1.53,5.9
2026-05-17T15:00:00Z,20.5,8.58,0.0,17.0,0.64,1.98,4.3
2026-05-17T16:00:00Z,20.4,8.42,0.0,42.0,0.62,2.05,2.2
2026-05-17T17:00:00Z,20.4,8.27,0.0,81.0,0.6,1.7,1.3
2026-05-17T18:00:00Z,20.3,8.1,0.0,99.0,0.58,1.05,3.2
2026-05-17T19:00:00Z,20.3,7.74,0.0,98.0,0.58,0.27,4.9
2026-05-17T20:00:00Z,20.3,7.29,0.0,99.0,0.56,-0.44,5.6
2026-05-17T21:00:00Z,20.2,7.52,0.0,100.0,0.56,-0.97,5.2
2026-05-17T22:00:00Z,20.4,6.42,0.0,97.0,0.54,-1.23,3.8
2026-05-17T23:00:00Z,20.5,7.06,0.0,99.0,0.54,-1.13,1.6
2026-05-18T00:00:00Z,20.6,7.63,0.0,94.0,0.52,-0.64,1.1
2026-05-18T01:00:00Z,20.8,7.92,0.0,100.0,0.58,0.04,3.6
2026-05-18T02:00:00Z,21.0,8.03,0.0,100.0,0.66,0.64,4.4
2026-05-18T03:00:00Z,21.1,8.02,0.0,100.0,0.72,1.0,3.5
2026-05-18T04:00:00Z,21.3,8.31,0.0,98.0,0.74,1.05,2.0
2026-05-18T05:00:00Z,21.4,8.76,0.0,100.0,0.76,0.78,1.4
2026-05-18T06:00:00Z,21.3,9.26,0.0,100.0,0.78,0.22,2.7
2026-05-18T07:00:00Z,21.3,9.74,0.0,100.0,0.78,-0.45,4.0
2026-05-18T08:00:00Z,21.3,9.87,0.0,77.0,0.76,-1.07,4.7
2026-05-18T09:00:00Z,21.3,9.99,0.0,7.0,0.76,-1.48,4.1
2026-05-18T10:00:00Z,21.2,9.18,0.0,13.0,0.76,-1.62,2.9
2026-05-18T11:00:00Z,21.1,9.54,0.0,44.0,0.74,-1.41,0.6
2026-05-18T12:00:00Z,21.0,9.44,0.0,65.0,0.74,-0.79,2.2
2026-05-18T13:00:00Z,21.0,9.51,0.0,86.0,0.72,0.11,4.9
2026-05-18T14:00:00Z,20.9,9.68,0.0,100.0,0.68,1.01,6.2
2026-05-18T15:00:00Z,20.8,9.53,0.0,100.0,0.66,1.69,5.5
2026-05-18T16:00:00Z,20.7,9.58,0.0,99.0,0.66,2.04,3.8
2026-05-18T17:00:00Z,20.7,9.79,0.0,97.0,0.66,2.02,1.8
2026-05-18T18:00:00Z,20.6,9.86,0.0,98.0,0.66,1.63,1.7
2026-05-18T19:00:00Z,20.6,9.42,0.0,99.0,0.66,0.96,3.5
2026-05-18T20:00:00Z,20.6,9.34,0.0,99.0,0.64,0.22,4.9
2026-05-18T21:00:00Z,20.6,9.62,0.0,97.0,0.64,-0.44,5.4
2026-05-18T22:00:00Z,20.7,8.83,0.0,82.0,0.64,-0.91,4.9
2026-05-18T23:00:00Z,20.8,9.67,0.0,62.0,0.62,-1.12,3.2
2026-05-19T00:00:00Z,20.9,9.31,0.0,64.0,0.62,-0.95,1.1
2026-05-19T01:00:00Z,21.1,9.09,0.0,85.0,0.6,-0.44,1.8
2026-05-19T02:00:00Z,21.3,8.93,0.0,97.0,0.6,0.2,3.6
2026-05-19T03:00:00Z,21.4,8.39,0.0,99.0,0.58,0.7,3.9
2026-05-19T04:00:00Z,21.5,8.33,0.0,100.0,0.58,0.96,2.7
2026-05-19T05:00:00Z,21.5,8.19,0.0,100.0,0.56,0.94,1.6
2026-05-19T06:00:00Z,21.5,8.24,0.0,99.0,0.56,0.63,1.8
2026-05-19T07:00:00Z,21.5,8.68,0.1,99.0,0.58,0.08,3.0
2026-05-19T08:00:00Z,21.5,9.24,0.4,96.0,0.6,-0.55,4.0
2026-05-19T09:00:00Z,21.6,9.19,0.0,90.0,0.62,-1.08,4.1
2026-05-19T10:00:00Z,21.7,8.1,0.0,87.0,0.64,-1.41,3.4
2026-05-19T11:00:00Z,21.7,8.99,0.8,99.0,0.68,-1.46,1.8
2026-05-19T12:00:00Z,21.6,9.66,1.0,100.0,0.7,-1.16,0.4
2026-05-19T13:00:00Z,21.7,8.91,0.3,100.0,0.68,-0.48,3.2
2026-05-19T14:00:00Z,21.7,8.94,0.1,98.0,0.68,0.41,5.4
2026-05-19T15:00:00Z,21.6,9.27,0.0,97.0,0.66,1.23,6.2
2026-05-19T16:00:00Z,21.6,9.43,0.0,100.0,0.64,1.8,5.2
2026-05-19T17:00:00Z,21.6,9.48,0.0,100.0,0.6,2.06,3.4
2026-05-19T18:00:00Z,21.5,9.19,0.0,100.0,0.58,1.97,1.6
2026-05-19T19:00:00Z,21.4,8.85,0.0,99.0,0.54,1.55,2.1
2026-05-19T20:00:00Z,21.4,8.58,0.0,70.0,0.52,0.91,3.7
2026-05-19T21:00:00Z,21.4,7.61,0.8,94.0,0.48,0.21,4.9
2026-05-19T22:00:00Z,21.5,6.01,0.9,100.0,0.46,-0.39,5.2
2026-05-19T23:00:00Z,21.5,6.06,1.1,76.0,0.44,-0.8,4.3
2026-05-20T00:00:00Z,21.5,5.91,0.5,80.0,0.42,-0.95,2.9
2026-05-20T01:00:00Z,21.5,5.21,0.4,71.0,0.38,-0.75,0.6
2026-05-20T02:00:00Z,21.6,4.71,0.4,86.0,0.36,-0.25,1.9
2026-05-20T03:00:00Z,21.5,4.6,0.1,99.0,0.32,0.31,3.2
2026-05-20T04:00:00Z,21.6,4.27,0.1,90.0,0.3,0.71,3.2
2026-05-20T05:00:00Z,21.7,3.98,0.1,100.0,0.28,0.89,2.2
2026-05-20T06:00:00Z,21.7,3.8,0.8,100.0,0.26,0.82,1.3
2026-05-20T07:00:00Z,21.8,3.78,0.5,100.0,0.24,0.5,1.9
2026-05-20T08:00:00Z,22.1,3.81,0.9,100.0,0.22,-0.01,3.1
2026-05-20T09:00:00Z,22.3,3.9,1.2,100.0,0.2,-0.58,4.1
2026-05-20T10:00:00Z,21.5,3.48,1.3,100.0,0.2,-1.04,4.3
2026-05-20T11:00:00Z,21.4,2.48,1.0,100.0,0.2,-1.29,3.4
2026-05-20T12:00:00Z,21.3,3.07,0.5,100.0,0.2,-1.29,1.9
2026-05-20T13:00:00Z,21.5,3.7,0.1,100.0,0.26,-0.95,0.7
2026-05-20T14:00:00Z,21.5,3.6,0.1,100.0,0.32,-0.26,2.8
2026-05-20T15:00:00Z,21.4,3.22,0.4,100.0,0.38,0.56,4.5
2026-05-20T16:00:00Z,21.4,3.5,0.4,100.0,0.36,1.27,4.9
2026-05-20T17:00:00Z,21.4,4.63,0.4,100.0,0.34,1.74,3.8
2026-05-20T18:00:00Z,21.4,5.48,0.5,100.0,0.32,1.94,2.0
2026-05-20T19:00:00Z,21.4,5.19,0.3,99.0,0.32,1.83,0.0
2026-05-20T20:00:00Z,21.4,4.85,0.1,100.0,0.3,1.42,2.0
2026-05-20T21:00:00Z,21.4,4.94,0.0,100.0,0.3,0.82,3.7
2026-05-20T22:00:00Z,21.1,3.69,0.0,100.0,0.28,0.19,4.8
2026-05-20T23:00:00Z,21.1,3.49,0.0,100.0,0.28,-0.32,4.8
2026-05-21T00:00:00Z,21.1,3.67,0.0,100.0,0.26,-0.66,4.0
2026-05-21T01:00:00Z,21.1,3.06,0.0,100.0,0.24,-0.74,2.7
2026-05-21T02:00:00Z,21.1,2.66,0.0,100.0,0.24,-0.51,1.4
2026-05-21T03:00:00Z,21.1,2.23,0.0,100.0,0.22,-0.04,2.3
2026-05-21T04:00:00Z,21.1,1.66,0.0,100.0,0.22,0.45,3.4
2026-05-21T05:00:00Z,21.1,1.13,0.0,100.0,0.24,0.78,3.4
2026-05-21T06:00:00Z,20.8,2.01,0.0,94.0,0.24,0.93,2.5
2026-05-21T07:00:00Z,20.4,3.11,0.0,70.0,0.26,0.88,1.3
2026-05-21T08:00:00Z,20.0,4.27,0.0,81.0,0.3,0.59,0.3
2026-05-21T09:00:00Z,19.8,4.92,0.0,89.0,0.32,0.13,1.4
2026-05-21T10:00:00Z,20.0,5.85,0.0,91.0,0.34,-0.37,2.3
2026-05-21T11:00:00Z,19.9,5.75,0.0,86.0,0.38,-0.75,2.2
2026-05-21T12:00:00Z,19.8,5.81,0.0,67.0,0.4,-0.93,1.7
2026-05-21T13:00:00Z,19.7,6.22,0.0,83.0,0.4,-0.87,1.7
2026-05-21T14:00:00Z,19.6,5.68,0.0,80.0,0.38,-0.52,2.9
2026-05-21T15:00:00Z,19.4,5.07,0.0,59.0,0.38,0.12,4.6
2026-05-21T16:00:00Z,19.3,4.42,0.0,64.0,0.36,0.83,5.8
2026-05-21T17:00:00Z,19.3,3.8,0.0,87.0,0.34,1.41,5.6
2026-05-21T18:00:00Z,19.3,3.3,0.0,90.0,0.32,1.79,4.5
2026-05-21T19:00:00Z,19.2,2.89,0.0,83.0,0.3,1.94,2.7
2026-05-21T20:00:00Z,19.2,2.84,0.0,84.0,0.28,1.81,0.9
2026-05-21T21:00:00Z,19.2,3.15,0.0,91.0,0.26,1.41,1.1
2026-05-21T22:00:00Z,19.1,3.78,0.0,83.0,0.26,0.86,2.6
2026-05-21T23:00:00Z,19.2,4.2,0.0,98.0,0.26,0.29,3.3
2026-05-22T00:00:00Z,19.3,4.05,0.0,100.0,0.26,-0.19,3.5
2026-05-22T01:00:00Z,19.4,3.99,0.0,100.0,0.26,-0.51,2.8
2026-05-22T02:00:00Z,19.6,4.07,0.0,100.0,0.28,-0.61,1.6
2026-05-22T03:00:00Z,19.8,4.65,0.0,95.0,0.28,-0.43,0.8
2026-05-22T04:00:00Z,20.0,5.17,0.0,99.0,0.3,-0.07,2.2
2026-05-22T05:00:00Z,20.2,5.04,0.0,90.0,0.3,0.29,2.9
2026-05-22T06:00:00Z,20.4,5.44,0.0,87.0,0.32,0.54,2.8
2026-05-22T07:00:00Z,20.5,6.11,0.0,76.0,0.34,0.67,2.0
2026-05-22T08:00:00Z,20.6,6.51,0.0,55.0,0.34,0.62,1.0
2026-05-22T09:00:00Z,20.7,6.26,0.0,39.0,0.36,0.36,1.0
2026-05-22T10:00:00Z,20.9,6.56,0.0,69.0,0.4,-0.04,1.8
2026-05-22T11:00:00Z,20.8,7.05,0.1,36.0,0.44,-0.46,2.3
2026-05-22T12:00:00Z,20.9,7.32,0.3,44.0,0.48,-0.79,2.2
2026-05-22T13:00:00Z,21.0,7.16,0.0,61.0,0.48,-0.93,1.5
2026-05-22T14:00:00Z,21.1,6.8,0.0,97.0,0.48,-0.89,0.4
2026-05-22T15:00:00Z,21.2,6.78,0.0,100.0,0.48,-0.58,1.5
2026-05-22T16:00:00Z,21.3,6.98,0.0,100.0,0.46,-0.05,3.2
2026-05-22T17:00:00Z,21.3,7.11,0.0,99.0,0.46,0.54,4.4
2026-05-22T18:00:00Z,21.3,7.0,0.0,100.0,0.44,1.02,4.2
2026-05-22T19:00:00Z,21.4,6.82,0.0,100.0,0.42,1.35,3.4
2026-05-22T20:00:00Z,21.4,6.31,0.0,99.0,0.38,1.51,2.2
2026-05-22T21:00:00Z,21.5,6.06,0.0,100.0,0.36,1.42,1.0
2026-05-22T22:00:00Z,21.6,5.52,0.0,92.0,0.34,1.08,1.4
2026-05-22T23:00:00Z,21.7,5.3,0.0,67.0,0.3,0.59,2.5
2026-05-23T00:00:00Z,21.8,4.67,0.0,43.0,0.28,0.1,3.2
2026-05-23T01:00:00Z,21.9,4.31,0.0,13.0,0.26,-0.3,3.1
2026-05-23T02:00:00Z,22.1,3.56,0.0,8.0,0.24,-0.56,2.3
2026-05-23T03:00:00Z,22.3,2.36,0.0,7.0,0.22,-0.62,1.3
2026-05-23T04:00:00Z,22.6,2.13,0.0,1.0,0.2,-0.42,0.4
2026-05-23T05:00:00Z,22.8,2.33,0.0,1.0,0.2,-0.05,2.0
2026-05-23T06:00:00Z,23.1,2.44,0.0,3.0,0.18,0.3,3.0
2026-05-23T07:00:00Z,23.2,3.0,0.0,16.0,0.18,0.58,2.8
2026-05-23T08:00:00Z,23.1,3.4,0.0,17.0,0.18,0.77,2.6
2026-05-23T09:00:00Z,22.9,4.27,0.0,91.0,0.18,0.79,1.8
2026-05-23T10:00:00Z,22.1,5.49,0.0,99.0,0.22,0.6,0.7
2026-05-23T11:00:00Z,21.7,6.01,0.0,100.0,0.28,0.26,0.9
2026-05-23T12:00:00Z,21.6,6.81,0.0,100.0,0.32,-0.11,1.5
2026-05-23T13:00:00Z,21.7,6.67,0.0,99.0,0.34,-0.4,1.5
2026-05-23T14:00:00Z,21.6,6.72,0.0,87.0,0.38,-0.54,1.0
2026-05-23T15:00:00Z,21.6,6.76,0.0,99.0,0.4,-0.53,0.4
2026-05-23T16:00:00Z,21.5,6.3,0.0,100.0,0.42,-0.28,1.5
2026-05-23T17:00:00Z,21.5,6.15,0.0,100.0,0.44,0.17,3.1
2026-05-23T18:00:00Z,21.4,6.37,0.0,100.0,0.46,0.67,4.2
2026-05-23T19:00:00Z,21.3,6.21,0.0,100.0,0.48,1.1,4.2
2026-05-23T20:00:00Z,21.2,6.38,0.1,100.0,0.5,1.43,3.5
2026-05-23T21:00:00Z,21.1,6.54,0.2,100.0,0.52,1.6,2.7
2026-05-23T22:00:00Z,21.1,7.12,0.3,100.0,0.56,1.52,1.4
2026-05-23T23:00:00Z,21.2,7.48,0.5,100.0,0.58,1.19,0.9
2026-05-24T00:00:00Z,21.3,7.6,2.0,100.0,0.62,0.71,1.8
2026-05-24T01:00:00Z,21.3,7.74,1.1,100.0,0.62,0.22,2.5
2026-05-24T02:00:00Z,21.3,7.28,2.2,100.0,0.64,-0.18,2.5
2026-05-24T03:00:00Z,21.3,6.16,2.1,100.0,0.64,-0.47,2.0
2026-05-24T04:00:00Z,21.3,6.55,1.8,100.0,0.64,-0.56,0.9
2026-05-24T05:00:00Z,21.4,6.87,1.2,100.0,0.64,-0.4,0.6
2026-05-24T06:00:00Z,21.4,6.67,0.4,100.0,0.64,-0.08,2.1
2026-05-24T07:00:00Z,21.4,6.59,0.4,100.0,0.62,0.24,2.9
2026-05-24T08:00:00Z,21.4,6.66,1.0,100.0,0.58,0.54,2.9
2026-05-24T09:00:00Z,21.6,7.02,0.4,99.0,0.56,0.78,2.5
2026-05-24T10:00:00Z,22.2,5.79,0.2,100.0,0.56,0.84,1.8
2026-05-24T11:00:00Z,22.4,5.46,0.2,100.0,0.56,0.67,0.7
2026-05-24T12:00:00Z,22.5,6.24,0.2,100.0,0.56,0.34,1.1
2026-05-24T13:00:00Z,22.6,5.7,0.1,100.0,0.56,-0.02,1.8
2026-05-24T14:00:00Z,22.6,5.48,0.0,100.0,0.56,-0.33,1.8
2026-05-24T15:00:00Z,22.6,5.59,0.0,97.0,0.56,-0.55,1.5
2026-05-24T16:00:00Z,22.6,4.99,0.0,100.0,0.5,-0.6,0.8
2026-05-24T17:00:00Z,22.6,4.78,0.0,99.0,0.46,-0.41,0.6
2026-05-24T18:00:00Z,22.6,4.84,0.0,98.0,0.4,-0.02,2.0
2026-05-24T19:00:00Z,22.6,4.45,0.0,98.0,0.38,0.43,3.1
2026-05-24T20:00:00Z,22.6,3.76,0.0,100.0,0.34,0.83,3.1
2026-05-24T21:00:00Z,22.6,3.92,0.0,100.0,0.32,1.17,2.8
2026-05-24T22:00:00Z,22.4,2.53,0.0,100.0,0.3,1.34,2.0
2026-05-24T23:00:00Z,22.4,2.48,0.0,100.0,0.26,1.26,0.8
2026-05-25T00:00:00Z,22.5,1.75,0.0,99.0,0.24,0.93,1.3
2026-05-25T01:00:00Z,22.7,1.7,0.2,99.0,0.24,0.46,2.5
2026-05-25T02:00:00Z,22.6,2.5,1.3,88.0,0.22,-0.03,3.3
2026-05-25T03:00:00Z,22.7,3.19,0.8,54.0,0.22,-0.44,3.1
2026-05-25T04:00:00Z,22.7,3.05,0.4,39.0,0.22,-0.74,2.6
2026-05-25T05:00:00Z,22.8,3.3,0.1,24.0,0.2,-0.82,1.3
2026-05-25T06:00:00Z,22.9,2.94,0.0,33.0,0.2,-0.61,0.5
2026-05-25T07:00:00Z,22.9,2.92,0.0,65.0,0.2,-0.24,2.2
2026-05-25T08:00:00Z,22.9,3.16,0.0,80.0,0.22,0.15,3.3
2026-05-25T09:00:00Z,22.9,3.33,0.0,100.0,0.22,0.54,3.5
2026-05-25T10:00:00Z,23.4,3.87,0.0,100.0,0.26,0.86,3.2
2026-05-25T11:00:00Z,23.2,4.62,0.0,100.0,0.3,1.0,2.4
2026-05-25T12:00:00Z,23.0,4.79,0.0,100.0,0.34,0.88,1.2
2026-05-25T13:00:00Z,23.0,5.51,0.0,99.0,0.36,0.56,0.8
2026-05-25T14:00:00Z,23.0,5.91,0.0,100.0,0.36,0.19,1.5
2026-05-25T15:00:00Z,23.2,6.44,0.0,100.0,0.38,-0.14,1.8
2026-05-25T16:00:00Z,23.4,6.64,0.0,99.0,0.38,-0.4,1.8
2026-05-25T17:00:00Z,23.5,6.35,0.0,99.0,0.38,-0.49,1.3
2026-05-25T18:00:00Z,23.5,6.18,0.0,100.0,0.38,-0.33,0.2
2026-05-25T19:00:00Z,23.6,6.27,0.0,100.0,0.36,0.02,1.5
2026-05-25T20:00:00Z,23.5,6.37,0.0,100.0,0.32,0.44,2.6
2026-05-25T21:00:00Z,23.4,6.37,0.0,100.0,0.3,0.84,2.8
2026-05-25T22:00:00Z,23.3,3.93,0.0,100.0,0.28,1.19,2.6
2026-05-25T23:00:00Z,23.3,3.2,0.3,100.0,0.24,1.37,1.8
2026-05-26T00:00:00Z,23.3,3.23,1.0,100.0,0.22,1.27,0.7
2026-05-26T01:00:00Z,23.4,2.36,1.4,100.0,0.22,0.9,1.5
2026-05-26T02:00:00Z,23.6,1.24,1.5,100.0,0.2,0.41,2.7
2026-05-26T03:00:00Z,24.1,1.08,1.8,100.0,0.2,-0.07,3.2
2026-05-26T04:00:00Z,24.4,1.42,1.8,99.0,0.2,-0.49,3.3
2026-05-26T05:00:00Z,24.2,3.36,2.1,100.0,0.18,-0.78,2.8
2026-05-26T06:00:00Z,24.2,5.28,2.4,99.0,0.18,-0.81,1.7
2026-05-26T07:00:00Z,24.0,5.2,0.0,89.0,0.22,-0.56,0.2
2026-05-26T08:00:00Z,24.1,5.23,0.0,68.0,0.26,-0.14,1.7
2026-05-26T09:00:00Z,24.3,5.32,0.1,52.0,0.3,0.33,2.8
2026-05-26T10:00:00Z,24.3,5.82,0.1,84.0,0.3,0.79,3.0
2026-05-26T11:00:00Z,24.2,5.59,0.0,37.0,0.32,1.17,2.7
2026-05-26T12:00:00Z,24.2,5.64,0.0,19.0,0.32,1.33,1.6
2026-05-26T13:00:00Z,24.3,5.96,0.0,37.0,0.34,1.18,0.3
2026-05-26T14:00:00Z,24.3,6.56,0.0,68.0,0.34,0.81,1.8
2026-05-26T15:00:00Z,24.3,6.76,0.0,57.0,0.36,0.38,2.9
2026-05-26T16:00:00Z,24.2,6.91,0.0,34.0,0.38,-0.02,3.3
2026-05-26T17:00:00Z,23.9,6.77,0.0,13.0,0.38,-0.34,3.4
2026-05-26T18:00:00Z,23.7,6.6,0.0,6.0,0.4,-0.48,2.7
2026-05-26T19:00:00Z,23.4,7.11,0.0,4.0,0.4,-0.35,1.5
2026-05-26T20:00:00Z,23.2,7.36,0.0,21.0,0.4,0.0,1.2
2026-05-26T21:00:00Z,23.1,7.27,0.0,32.0,0.4,0.4,2.1
2026-05-26T22:00:00Z,22.9,5.66,0.0,8.0,0.4,0.81,2.4
2026-05-26T23:00:00Z,22.9,5.63,0.0,6.0,0.38,1.18,2.2
2026-05-27T00:00:00Z,22.9,5.14,0.0,5.0,0.38,1.37,1.5
2026-05-27T01:00:00Z,23.0,5.0,0.0,23.0,0.36,1.24,0.7
2026-05-27T02:00:00Z,23.3,4.74,0.0,22.0,0.36,0.85,1.9
2026-05-27T03:00:00Z,23.5,4.43,0.0,13.0,0.34,0.32,3.0
2026-05-27T04:00:00Z,23.8,4.11,0.0,23.0,0.34,-0.18,3.5
2026-05-27T05:00:00Z,24.0,3.69,0.0,53.0,0.32,-0.58,3.5
2026-05-27T06:00:00Z,24.2,3.34,0.0,67.0,0.32,-0.81,2.8
2026-05-27T07:00:00Z,24.3,3.38,0.0,80.0,0.32,-0.76,1.9
2026-05-27T08:00:00Z,24.2,3.29,0.0,70.0,0.3,-0.43,2.3
2026-05-27T09:00:00Z,24.0,2.82,0.0,70.0,0.3,0.05,3.9
2026-05-27T10:00:00Z,23.6,3.64,0.0,37.0,0.28,0.6,5.1
2026-05-27T11:00:00Z,23.1,3.62,0.0,6.0,0.28,1.14,5.4
2026-05-27T12:00:00Z,22.8,3.1,0.0,25.0,0.26,1.55,4.9
2026-05-27T13:00:00Z,22.6,2.91,0.0,31.0,0.24,1.66,3.6
2026-05-27T14:00:00Z,22.5,2.53,0.0,44.0,0.24,1.44,1.8
2026-05-27T15:00:00Z,22.3,2.45,0.0,66.0,0.22,1.0,0.4
2026-05-27T16:00:00Z,22.1,2.2,0.0,79.0,0.22,0.5,1.1
2026-05-27T17:00:00Z,22.1,1.54,0.0,70.0,0.2,0.05,1.8
2026-05-27T18:00:00Z,22.1,1.63,0.0,90.0,0.2,-0.3,1.8
2026-05-27T19:00:00Z,22.1,1.81,0.1,100.0,0.2,-0.44,1.1
2026-05-27T20:00:00Z,22.1,1.99,0.2,100.0,0.18,-0.31,0.6
2026-05-27T21:00:00Z,22.1,1.62,0.2,100.0,0.18,0.03,2.2
2026-05-27T22:00:00Z,22.1,1.37,0.2,100.0,0.16,0.45,3.5
2026-05-27T23:00:00Z,22.2,0.82,0.3,100.0,0.16,0.88,3.8
2026-05-28T00:00:00Z,22.3,1.42,0.3,100.0,0.14,1.23,3.5
2026-05-28T01:00:00Z,22.5,1.97,0.4,100.0,0.14,1.34,2.3
2026-05-28T02:00:00Z,22.7,2.06,0.2,95.0,0.14,1.13,0.6
2026-05-28T03:00:00Z,23.0,2.22,0.0,78.0,0.14,0.65,1.4
2026-05-28T04:00:00Z,23.3,2.06,0.0,77.0,0.14,0.09,2.7
2026-05-28T05:00:00Z,23.5,1.71,0.0,80.0,0.14,-0.42,3.1
2026-05-28T06:00:00Z,23.6,1.47,0.0,60.0,0.14,-0.81,2.8
2026-05-28T07:00:00Z,23.7,1.07,0.0,69.0,0.14,-0.99,1.8
2026-05-28T08:00:00Z,23.6,1.2,0.0,74.0,0.12,-0.85,0.8
2026-05-28T09:00:00Z,23.5,1.73,0.0,70.0,0.12,-0.42,2.6
2026-05-28T10:00:00Z,23.5,2.12,0.0,32.0,0.12,0.15,4.3
2026-05-28T11:00:00Z,23.2,2.01,0.0,21.0,0.1,0.77,5.2
2026-05-28T12:00:00Z,23.0,2.41,0.0,15.0,0.1,1.33,5.2
2026-05-28T13:00:00Z,22.8,2.85,0.0,8.0,0.1,1.7,4.5
2026-05-28T14:00:00Z,22.6,2.92,0.0,0.0,0.1,1.72,2.9
2026-05-28T15:00:00Z,22.4,2.52,0.0,3.0,0.1,1.41,0.7
2026-05-28T16:00:00Z,22.2,2.2,0.0,19.0,0.1,0.89,1.1
2026-05-28T17:00:00Z,22.0,1.54,0.0,34.0,0.1,0.35,2.2
2026-05-28T18:00:00Z,22.0,1.11,0.0,12.0,0.1,-0.13,2.7
2026-05-28T19:00:00Z,22.0,1.48,0.0,9.0,0.1,-0.48,2.6
2026-05-28T20:00:00Z,22.0,1.88,0.0,9.0,0.1,-0.58,1.5
2026-05-28T21:00:00Z,22.2,2.52,0.0,30.0,0.1,-0.39,0.9
2026-05-28T22:00:00Z,22.3,3.22,0.0,36.0,0.1,0.0,2.5
2026-05-28T23:00:00Z,22.4,3.22,0.0,40.0,0.1,0.46,3.8
2026-05-29T00:00:00Z,22.6,3.2,0.0,18.0,0.1,0.91,4.3
2026-05-29T01:00:00Z,22.7,2.73,0.0,11.0,0.14,1.24,3.8
2026-05-29T02:00:00Z,22.8,2.83,0.0,21.0,0.16,1.29,2.7
2026-05-29T03:00:00Z,22.8,3.31,0.0,37.0,0.2,0.99,1.0
2026-05-29T04:00:00Z,22.7,4.51,0.0,61.0,0.22,0.45,1.2
2026-05-29T05:00:00Z,22.6,5.39,0.0,83.0,0.26,-0.14,2.2
2026-05-29T06:00:00Z,22.5,5.53,0.0,88.0,0.28,-0.64,2.7
2026-05-29T07:00:00Z,22.5,5.24,0.0,77.0,0.3,-0.98,2.5
2026-05-29T08:00:00Z,22.5,5.16,0.0,49.0,0.34,-1.06,1.8
2026-05-29T09:00:00Z,22.4,5.13,0.0,3.0,0.36,-0.81,1.7
2026-05-29T10:00:00Z,22.2,5.28,0.0,2.0,0.38,-0.27,3.2
2026-05-29T11:00:00Z,22.1,5.46,0.0,0.0,0.38,0.39,4.7
2026-05-29T12:00:00Z,22.0,5.73,0.0,0.0,0.4,1.06,5.2
2026-05-29T13:00:00Z,22.0,5.81,0.0,0.0,0.38,1.63,4.7
2026-05-29T14:00:00Z,21.9,5.37,0.0,0.0,0.36,1.92,3.6
2026-05-29T15:00:00Z,21.8,4.74,0.0,0.0,0.34,1.82,1.7
2026-05-29T16:00:00Z,21.7,4.14,0.0,0.0,0.32,1.38,0.9
2026-05-29T17:00:00Z,21.6,3.89,0.0,0.0,0.28,0.78,2.6
2026-05-29T18:00:00Z,21.6,3.49,0.0,1.0,0.26,0.19,3.5
2026-05-29T19:00:00Z,21.5,2.85,0.0,7.0,0.24,-0.3,3.8
2026-05-29T20:00:00Z,21.5,2.4,0.0,35.0,0.24,-0.62,3.4
2026-05-29T21:00:00Z,21.5,2.58,0.0,9.0,0.22,-0.66,2.0
2026-05-29T22:00:00Z,21.5,2.85,0.0,0.0,0.2,-0.39,0.8
2026-05-29T23:00:00Z,21.7,2.91,0.0,0.0,0.2,0.05,2.4
2026-05-30T00:00:00Z,21.9,3.22,0.0,0.0,0.18,0.54,3.4
2026-05-30T01:00:00Z,22.0,3.38,0.0,0.0,0.18,0.97,3.6
2026-05-30T02:00:00Z,22.2,3.42,0.0,0.0,0.16,1.21,2.9
2026-05-30T03:00:00Z,22.4,3.58,0.0,9.0,0.16,1.13,1.5
2026-05-30T04:00:00Z,22.6,3.13,0.0,29.0,0.16,0.72,0.6
2026-05-30T05:00:00Z,22.6,2.46,0.0,43.0,0.14,0.13,1.9
2026-05-30T06:00:00Z,22.6,2.37,0.0,96.0,0.14,-0.45,2.7
2026-05-30T07:00:00Z,22.6,2.36,0.0,100.0,0.14,-0.89,2.7
2026-05-30T08:00:00Z,22.5,2.68,0.0,100.0,0.14,-1.14,2.0
2026-05-30T09:00:00Z,22.4,3.42,0.0,99.0,0.14,-1.11,1.1
2026-05-30T10:00:00Z,22.2,3.5,0.0,95.0,0.16,-0.73,1.9
2026-05-30T11:00:00Z,22.1,3.86,0.0,46.0,0.18,-0.08,3.8
2026-05-30T12:00:00Z,22.0,3.61,0.0,39.0,0.2,0.64,5.2
2026-05-30T13:00:00Z,21.9,4.17,0.0,44.0,0.2,1.3,5.4
2026-05-30T14:00:00Z,21.8,4.6,0.0,19.0,0.22,1.78,4.7
2026-05-30T15:00:00Z,21.7,4.61,0.0,12.0,0.22,1.94,3.1
2026-05-30T16:00:00Z,21.6,4.59,0.0,12.0,0.22,1.7,0.9
2026-05-30T17:00:00Z,21.6,4.39,0.0,4.0,0.22,1.17,1.3
2026-05-30T18:00:00Z,21.5,4.09,0.0,2.0,0.22,0.54,2.9
2026-05-30T19:00:00Z,21.5,3.78,0.0,2.0,0.2,-0.04,3.6
2026-05-30T20:00:00Z,21.5,3.64,0.0,29.0,0.2,-0.48,3.6
2026-05-30T21:00:00Z,21.6,3.45,0.0,54.0,0.18,-0.73,2.7
2026-05-30T22:00:00Z,21.6,2.64,0.0,6.0,0.16,-0.66,1.0
2026-05-30T23:00:00Z,21.8,2.6,0.0,1.0,0.16,-0.29,1.3
2026-05-31T00:00:00Z,21.9,2.77,0.0,0.0,0.14,0.21,3.1
2026-05-31T01:00:00Z,22.1,3.05,0.0,0.0,0.14,0.69,4.0
2026-05-31T02:00:00Z,22.3,3.45,0.0,0.0,0.12,1.05,3.6
2026-05-31T03:00:00Z,22.5,3.91,0.0,0.0,0.12,1.18,2.8
2026-05-31T04:00:00Z,22.6,4.06,0.0,0.0,0.16,0.97,1.2
2026-05-31T05:00:00Z,22.7,4.1,0.0,0.0,0.22,0.48,0.7
2026-05-31T06:00:00Z,22.7,4.35,0.0,0.0,0.26,-0.13,2.2
2026-05-31T07:00:00Z,22.6,4.62,0.0,0.0,0.28,-0.66,2.7
2026-05-31T08:00:00Z,22.5,4.51,0.0,0.0,0.28,-1.02,2.5
2026-05-31T09:00:00Z,22.3,4.45,0.0,0.0,0.3,-1.17,1.5
2026-05-31T10:00:00Z,22.7,4.85,0.0,0.0,0.32,-0.99,0.6
2026-05-31T11:00:00Z,22.5,5.59,0.0,0.0,0.34,-0.47,2.5
2026-05-31T12:00:00Z,22.4,5.82,0.0,0.0,0.36,0.27,4.5
2026-05-31T13:00:00Z,22.3,5.85,0.0,0.0,0.36,0.99,5.6
2026-05-31T14:00:00Z,22.2,5.43,0.0,0.0,0.36,1.59,5.2
2026-05-31T15:00:00Z,22.2,5.06,0.0,0.0,0.36,1.94,4.0
2026-05-31T16:00:00Z,22.1,5.26,0.0,0.0,0.34,1.93,2.1
2026-05-31T17:00:00Z,22.0,5.26,0.0,0.0,0.34,1.56,0.4
2026-05-31T18:00:00Z,22.0,5.16,0.0,0.0,0.32,0.96,2.3
2026-05-31T19:00:00Z,22.0,5.2,0.0,30.0,0.3,0.32,3.6
2026-05-31T20:00:00Z,22.0,5.54,0.0,53.0,0.3,-0.23,4.0
2026-05-31T21:00:00Z,22.0,5.66,0.0,67.0,0.28,-0.63,3.4
2026-05-31T22:00:00Z,22.2,4.46,0.0,27.0,0.26,-0.78,2.2
2026-05-31T23:00:00Z,22.3,4.02,0.0,24.0,0.24,-0.59,0.3
