timestamp,temperature_2m_c,wind_speed_10m_mps,precipitation_mm,cloud_cover_percent,wave_height_m,sea_level_height_msl,ocean_current_velocity_kmh
2024-01-01T00:00:00Z,6.8,5.34,0.0,65.0,0.38,-1.1,2.7
2024-01-01T01:00:00Z,6.9,5.51,0.0,74.0,0.4,-0.93,1.8
2024-01-01T02:00:00Z,6.9,5.48,0.0,63.0,0.4,-0.48,2.3
2024-01-01T03:00:00Z,6.9,5.3,0.0,44.0,0.42,0.17,3.7
2024-01-01T04:00:00Z,7.0,4.98,0.0,20.0,0.38,0.79,4.4
2024-01-01T05:00:00Z,7.0,4.75,0.0,22.0,0.32,1.21,4.0
2024-01-01T06:00:00Z,7.1,4.61,0.0,9.0,0.28,1.42,2.6
2024-01-01T07:00:00Z,7.1,4.4,0.0,13.0,0.26,1.39,1.2
2024-01-01T08:00:00Z,7.1,4.2,0.0,10.0,0.24,1.11,0.8
2024-01-01T09:00:00Z,7.2,3.83,0.0,10.0,0.22,0.61,2.4
2024-01-01T10:00:00Z,7.1,3.75,0.0,6.0,0.22,0.03,3.5
2024-01-01T11:00:00Z,7.2,3.72,0.0,4.0,0.2,-0.46,3.8
2024-01-01T12:00:00Z,7.2,3.61,0.0,3.0,0.2,-0.76,2.8
2024-01-01T13:00:00Z,7.3,3.61,0.0,3.0,0.2,-0.84,1.7
2024-01-01T14:00:00Z,7.3,3.61,0.0,1.0,0.18,-0.68,0.8
2024-01-01T15:00:00Z,7.3,3.56,0.0,2.0,0.18,-0.28,2.2
2024-01-01T16:00:00Z,7.4,3.11,0.0,0.0,0.16,0.19,3.4
2024-01-01T17:00:00Z,7.4,2.52,0.0,1.0,0.16,0.51,3.6
2024-01-01T18:00:00Z,7.5,2.48,0.0,0.0,0.14,0.66,2.7
2024-01-01T19:00:00Z,7.5,2.55,0.0,23.0,0.14,0.65,1.5
2024-01-01T20:00:00Z,7.6,2.64,0.0,73.0,0.14,0.46,0.6
2024-01-01T21:00:00Z,7.7,2.42,0.0,82.0,0.14,0.09,1.1
2024-01-01T22:00:00Z,7.9,1.77,0.0,2.0,0.14,-0.36,2.2
2024-01-01T23:00:00Z,8.0,2.4,0.0,75.0,0.14,-0.75,2.4
2024-01-02T00:00:00Z,8.1,3.42,0.0,96.0,0.14,-0.93,1.9
2024-01-02T01:00:00Z,8.3,3.94,0.0,27.0,0.14,-0.87,0.9
2024-01-02T02:00:00Z,8.3,3.48,0.0,0.0,0.12,-0.58,1.9
2024-01-02T03:00:00Z,8.3,2.79,0.0,2.0,0.12,-0.06,3.3
2024-01-02T04:00:00Z,8.4,3.1,0.0,7.0,0.12,0.58,4.7
2024-01-02T05:00:00Z,8.5,3.42,0.0,2.0,0.12,1.12,5.0
2024-01-02T06:00:00Z,8.8,3.18,0.0,23.0,0.12,1.42,4.1
2024-01-02T07:00:00Z,8.9,3.86,0.0,100.0,0.12,1.53,2.7
2024-01-02T08:00:00Z,8.9,4.6,0.0,100.0,0.12,1.42,1.3
2024-01-02T09:00:00Z,8.9,4.83,0.0,100.0,0.12,1.11,0.4
2024-01-02T10:00:00Z,8.7,4.03,0.0,100.0,0.2,0.62,1.8
2024-01-02T11:00:00Z,8.6,4.9,0.0,100.0,0.26,0.11,2.8
2024-01-02T12:00:00Z,8.4,6.23,0.0,100.0,0.34,-0.28,2.7
2024-01-02T13:00:00Z,8.2,7.16,0.0,100.0,0.36,-0.47,2.0
2024-01-02T14:00:00Z,8.1,7.47,0.1,100.0,0.4,-0.44,1.0
2024-01-02T15:00:00Z,7.9,7.31,0.4,100.0,0.42,-0.2,1.4
2024-01-02T16:00:00Z,7.6,7.24,0.4,100.0,0.42,0.22,2.6
2024-01-02T17:00:00Z,7.4,7.31,0.5,100.0,0.42,0.62,3.3
2024-01-02T18:00:00Z,7.3,7.17,0.4,100.0,0.42,0.87,3.1
2024-01-02T19:00:00Z,7.0,7.84,0.4,98.0,0.46,0.94,1.8
2024-01-02T20:00:00Z,6.4,9.18,0.2,100.0,0.48,0.88,0.6
2024-01-02T21:00:00Z,5.9,9.18,0.1,99.0,0.52,0.66,0.7
2024-01-02T22:00:00Z,5.4,8.38,0.0,96.0,0.56,0.28,1.9
2024-01-02T23:00:00Z,5.2,9.15,0.0,100.0,0.58,-0.14,2.9
2024-01-03T00:00:00Z,5.2,9.84,0.0,100.0,0.62,-0.46,3.0
2024-01-03T01:00:00Z,5.2,9.63,0.0,100.0,0.6,-0.59,2.2
2024-01-03T02:00:00Z,5.3,9.27,0.0,100.0,0.6,-0.51,1.3
2024-01-03T03:00:00Z,5.3,9.06,0.0,95.0,0.58,-0.24,1.7
2024-01-03T04:00:00Z,5.4,8.91,0.0,100.0,0.56,0.22,2.8
2024-01-03T05:00:00Z,5.5,8.56,0.0,99.0,0.54,0.74,3.8
2024-01-03T06:00:00Z,5.7,8.49,0.0,100.0,0.52,1.11,3.8
2024-01-03T07:00:00Z,5.9,8.23,0.0,100.0,0.5,1.27,2.9
2024-01-03T08:00:00Z,6.3,7.92,0.0,64.0,0.5,1.27,1.6
2024-01-03T09:00:00Z,6.5,7.85,0.0,15.0,0.48,1.12,0.5
2024-01-03T10:00:00Z,6.5,7.11,0.0,26.0,0.5,0.78,1.1
2024-01-03T11:00:00Z,6.3,6.87,0.0,24.0,0.5,0.32,2.2
2024-01-03T12:00:00Z,6.0,6.58,0.0,46.0,0.52,-0.14,2.8
2024-01-03T13:00:00Z,5.8,6.16,0.0,50.0,0.46,-0.45,2.4
2024-01-03T14:00:00Z,5.5,5.61,0.0,46.0,0.42,-0.56,1.5
2024-01-03T15:00:00Z,5.3,5.12,0.0,38.0,0.36,-0.5,0.6
2024-01-03T16:00:00Z,5.2,4.46,0.0,34.0,0.32,-0.25,1.3
2024-01-03T17:00:00Z,5.0,3.67,0.0,2.0,0.28,0.14,2.5
2024-01-03T18:00:00Z,4.9,2.94,0.0,0.0,0.24,0.48,3.1
2024-01-03T19:00:00Z,4.8,2.19,0.0,0.0,0.22,0.66,2.5
2024-01-03T20:00:00Z,4.7,1.5,0.0,0.0,0.2,0.71,1.5
2024-01-03T21:00:00Z,4.7,0.85,0.0,0.0,0.18,0.66,0.4
2024-01-03T22:00:00Z,5.0,0.41,0.0,13.0,0.16,0.46,0.9
2024-01-03T23:00:00Z,5.1,0.72,0.0,13.0,0.16,0.12,2.2
2024-01-04T00:00:00Z,5.3,1.3,0.0,72.0,0.14,-0.25,2.8
2024-01-04T01:00:00Z,5.6,1.61,0.0,72.0,0.14,-0.5,2.7
2024-01-04T02:00:00Z,6.0,2.12,0.0,0.0,0.14,-0.58,1.9
2024-01-04T03:00:00Z,6.3,2.8,0.0,0.0,0.14,-0.49,1.0
2024-01-04T04:00:00Z,6.6,3.4,0.0,0.0,0.14,-0.23,1.0
2024-01-04T05:00:00Z,7.0,3.6,0.0,0.0,0.12,0.17,2.0
2024-01-04T06:00:00Z,7.4,4.1,0.0,0.0,0.12,0.57,2.7
2024-01-04T07:00:00Z,7.8,4.61,0.0,0.0,0.12,0.83,2.7
2024-01-04T08:00:00Z,8.1,5.52,0.0,0.0,0.14,0.91,1.9
2024-01-04T09:00:00Z,8.4,6.59,0.0,0.0,0.14,0.87,1.0
2024-01-04T10:00:00Z,8.8,6.67,0.0,0.0,0.22,0.7,1.3
2024-01-04T11:00:00Z,9.0,7.6,0.0,0.0,0.3,0.36,2.3
2024-01-04T12:00:00Z,9.2,8.41,0.0,0.0,0.38,-0.07,3.1
2024-01-04T13:00:00Z,9.3,8.64,0.0,0.0,0.4,-0.46,3.5
2024-01-04T14:00:00Z,9.5,8.67,0.0,0.0,0.44,-0.71,2.9
2024-01-04T15:00:00Z,9.6,8.46,0.0,0.0,0.46,-0.8,2.1
2024-01-04T16:00:00Z,9.7,8.42,0.0,0.0,0.46,-0.74,1.0
2024-01-04T17:00:00Z,9.7,8.3,0.0,0.0,0.46,-0.49,0.8
2024-01-04T18:00:00Z,9.7,8.0,0.0,13.0,0.46,-0.12,1.7
2024-01-04T19:00:00Z,9.8,7.4,0.0,32.0,0.42,0.2,2.1
2024-01-04T20:00:00Z,9.8,7.13,0.0,15.0,0.38,0.39,1.8
2024-01-04T21:00:00Z,9.9,6.61,0.0,9.0,0.34,0.49,1.3
2024-01-04T22:00:00Z,9.9,5.76,0.0,30.0,0.3,0.5,1.2
2024-01-04T23:00:00Z,9.8,4.56,0.0,27.0,0.28,0.38,1.9
2024-01-05T00:00:00Z,9.7,5.41,0.0,61.0,0.24,0.12,2.8
2024-01-05T01:00:00Z,9.5,4.52,0.1,41.0,0.2,-0.17,3.2
2024-01-05T02:00:00Z,9.3,3.98,0.0,13.0,0.18,-0.37,3.1
2024-01-05T03:00:00Z,9.1,4.8,0.0,7.0,0.14,-0.43,2.3
2024-01-05T04:00:00Z,9.1,5.16,0.0,13.0,0.14,-0.36,1.4
2024-01-05T05:00:00Z,9.2,4.62,0.0,14.0,0.12,-0.15,0.4
2024-01-05T06:00:00Z,9.4,3.86,0.0,14.0,0.12,0.19,0.9
2024-01-05T07:00:00Z,9.7,2.83,0.0,14.0,0.12,0.54,1.8
2024-01-05T08:00:00Z,9.9,2.28,0.0,18.0,0.12,0.75,1.9
2024-01-05T09:00:00Z,9.9,2.37,0.0,16.0,0.12,0.83,1.2
2024-01-05T10:00:00Z,9.6,2.69,0.0,9.0,0.12,0.82,0.6
2024-01-05T11:00:00Z,9.4,2.86,0.0,3.0,0.1,0.68,0.6
2024-01-05T12:00:00Z,9.2,2.69,0.0,6.0,0.1,0.38,1.5
2024-01-05T13:00:00Z,9.1,3.11,0.0,10.0,0.1,0.0,2.2
2024-01-05T14:00:00Z,9.1,3.66,0.0,4.0,0.08,-0.35,2.2
2024-01-05T15:00:00Z,9.0,3.7,0.0,2.0,0.08,-0.57,1.7
2024-01-05T16:00:00Z,8.9,3.36,0.0,0.0,0.08,-0.63,0.8
2024-01-05T17:00:00Z,8.8,2.83,0.0,0.0,0.06,-0.54,0.5
2024-01-05T18:00:00Z,8.8,2.51,0.0,0.0,0.06,-0.26,1.6
2024-01-05T19:00:00Z,8.8,2.62,0.0,0.0,0.08,0.13,2.7
2024-01-05T20:00:00Z,8.8,3.31,0.0,4.0,0.08,0.48,3.1
2024-01-05T21:00:00Z,8.8,4.34,0.0,0.0,0.1,0.71,2.5
2024-01-05T22:00:00Z,8.6,4.54,0.0,2.0,0.14,0.88,2.0
2024-01-05T23:00:00Z,8.5,4.91,0.0,34.0,0.18,0.94,1.1
2024-01-06T00:00:00Z,8.4,4.8,0.0,81.0,0.22,0.83,0.4
2024-01-06T01:00:00Z,8.4,4.3,0.0,73.0,0.22,0.57,1.2
2024-01-06T02:00:00Z,8.4,3.7,0.0,55.0,0.24,0.25,2.0
2024-01-06T03:00:00Z,8.4,3.23,0.0,18.0,0.24,0.01,2.1
2024-01-06T04:00:00Z,8.3,3.26,0.0,10.0,0.24,-0.13,1.7
2024-01-06T05:00:00Z,8.3,3.58,0.0,4.0,0.24,-0.15,1.2
2024-01-06T06:00:00Z,8.4,3.73,0.0,1.0,0.24,-0.03,1.0
2024-01-06T07:00:00Z,8.5,3.92,0.0,1.0,0.24,0.23,1.5
2024-01-06T08:00:00Z,8.5,4.15,0.0,1.0,0.26,0.5,2.2
2024-01-06T09:00:00Z,8.5,4.53,0.0,0.0,0.26,0.66,2.0
2024-01-06T10:00:00Z,8.3,4.79,0.0,1.0,0.28,0.73,1.4
2024-01-06T11:00:00Z,8.4,5.74,0.0,11.0,0.3,0.74,0.5
2024-01-06T12:00:00Z,8.3,5.83,0.0,2.0,0.32,0.6,0.4
2024-01-06T13:00:00Z,8.3,5.85,0.0,0.0,0.34,0.29,1.5
2024-01-06T14:00:00Z,8.2,5.91,0.0,0.0,0.34,-0.11,2.4
2024-01-06T15:00:00Z,8.1,5.99,0.0,0.0,0.36,-0.48,2.7
2024-01-06T16:00:00Z,7.9,6.1,0.0,6.0,0.38,-0.7,2.2
2024-01-06T17:00:00Z,7.6,6.07,0.0,13.0,0.38,-0.78,1.4
2024-01-06T18:00:00Z,7.4,6.13,0.0,22.0,0.4,-0.67,1.1
2024-01-06T19:00:00Z,7.2,6.4,0.0,24.0,0.42,-0.36,1.9
2024-01-06T20:00:00Z,7.0,6.8,0.0,22.0,0.42,0.07,3.0
2024-01-06T21:00:00Z,6.9,6.91,0.0,29.0,0.44,0.47,3.6
2024-01-06T22:00:00Z,7.0,6.97,0.0,14.0,0.46,0.79,3.4
2024-01-06T23:00:00Z,7.0,7.28,0.0,39.0,0.46,1.04,2.9
2024-01-07T00:00:00Z,7.0,7.26,0.0,43.0,0.48,1.15,2.0
2024-01-07T01:00:00Z,7.0,7.03,0.0,33.0,0.48,1.04,0.9
2024-01-07T02:00:00Z,7.0,6.62,0.0,28.0,0.48,0.75,1.0
2024-01-07T03:00:00Z,6.9,6.83,0.0,22.0,0.48,0.39,1.8
2024-01-07T04:00:00Z,6.7,6.92,0.0,3.0,0.48,0.08,1.9
2024-01-07T05:00:00Z,6.6,7.1,0.0,7.0,0.48,-0.12,1.7
2024-01-07T06:00:00Z,6.4,7.31,0.0,5.0,0.48,-0.21,1.2
2024-01-07T07:00:00Z,6.3,7.6,0.0,0.0,0.5,-0.13,0.9
2024-01-07T08:00:00Z,6.1,7.88,0.0,0.0,0.5,0.11,1.5
2024-01-07T09:00:00Z,5.9,8.03,0.0,0.0,0.52,0.37,2.4
2024-01-07T10:00:00Z,5.9,7.52,0.0,0.0,0.52,0.57,2.3
2024-01-07T11:00:00Z,5.8,7.29,0.0,1.0,0.54,0.71,1.8
2024-01-07T12:00:00Z,5.8,6.89,0.0,0.0,0.54,0.77,1.1
2024-01-07T13:00:00Z,5.8,6.36,0.0,0.0,0.58,0.65,0.2
2024-01-07T14:00:00Z,5.8,6.28,0.0,75.0,0.6,0.34,1.1
2024-01-07T15:00:00Z,6.0,5.74,0.0,92.0,0.64,-0.08,2.1
2024-01-07T16:00:00Z,6.1,5.02,0.0,88.0,0.56,-0.46,2.4
2024-01-07T17:00:00Z,6.2,4.53,0.0,90.0,0.48,-0.71,2.1
2024-01-07T18:00:00Z,6.3,4.47,0.0,29.0,0.4,-0.8,1.2
2024-01-07T19:00:00Z,6.4,4.43,0.0,65.0,0.36,-0.71,0.7
2024-01-07T20:00:00Z,6.6,4.54,0.0,93.0,0.34,-0.37,1.7
2024-01-07T21:00:00Z,6.9,4.51,0.0,95.0,0.3,0.09,3.1
2024-01-07T22:00:00Z,6.8,4.2,0.0,97.0,0.28,0.54,3.8
2024-01-07T23:00:00Z,7.1,3.91,0.0,100.0,0.26,0.93,3.4
2024-01-08T00:00:00Z,7.4,4.61,0.0,100.0,0.24,1.22,2.7
2024-01-08T01:00:00Z,7.8,5.38,0.0,100.0,0.24,1.32,1.7
2024-01-08T02:00:00Z,8.1,5.46,0.0,91.0,0.22,1.16,0.2
2024-01-08T03:00:00Z,8.5,5.06,0.0,54.0,0.22,0.79,1.5
2024-01-08T04:00:00Z,8.8,4.49,0.0,84.0,0.22,0.34,2.7
2024-01-08T05:00:00Z,9.1,3.94,0.0,96.0,0.2,-0.06,3.1
2024-01-08T06:00:00Z,9.3,3.96,0.0,100.0,0.2,-0.36,2.9
2024-01-08T07:00:00Z,9.5,4.53,0.0,100.0,0.2,-0.52,2.0
2024-01-08T08:00:00Z,9.5,4.47,0.0,100.0,0.18,-0.46,0.7
2024-01-08T09:00:00Z,9.5,4.46,0.0,100.0,0.18,-0.2,0.7
2024-01-08T10:00:00Z,9.4,4.24,0.0,100.0,0.18,0.11,1.9
2024-01-08T11:00:00Z,9.5,4.32,0.0,100.0,0.18,0.37,2.1
2024-01-08T12:00:00Z,9.6,4.26,0.0,98.0,0.18,0.57,1.7
2024-01-08T13:00:00Z,9.7,4.38,0.0,93.0,0.18,0.64,1.0
2024-01-08T14:00:00Z,9.8,4.25,0.0,91.0,0.18,0.48,1.0
2024-01-08T15:00:00Z,9.9,4.15,0.0,89.0,0.18,0.09,2.2
2024-01-08T16:00:00Z,10.0,4.34,0.0,95.0,0.16,-0.39,3.1
2024-01-08T17:00:00Z,10.0,4.4,0.0,95.0,0.16,-0.8,3.4
2024-01-08T18:00:00Z,10.1,4.26,0.0,91.0,0.14,-1.07,3.1
2024-01-08T19:00:00Z,10.0,4.05,0.0,89.0,0.14,-1.14,2.0
2024-01-08T20:00:00Z,10.0,3.58,0.0,89.0,0.12,-0.98,0.6
2024-01-08T21:00:00Z,9.9,3.11,0.0,98.0,0.12,-0.55,1.5
2024-01-08T22:00:00Z,9.5,2.58,0.0,86.0,0.12,0.04,3.1
2024-01-08T23:00:00Z,9.4,2.8,0.0,71.0,0.12,0.61,3.8
2024-01-09T00:00:00Z,9.2,3.29,0.0,71.0,0.12,1.1,3.6
2024-01-09T01:00:00Z,9.1,3.32,0.0,65.0,0.12,1.45,2.7
2024-01-09T02:00:00Z,8.9,4.05,0.0,50.0,0.12,1.54,1.3
2024-01-09T03:00:00Z,8.7,3.71,0.0,27.0,0.12,1.32,0.5
2024-01-09T04:00:00Z,8.6,3.91,0.0,11.0,0.16,0.87,2.3
2024-01-09T05:00:00Z,8.8,3.96,0.0,21.0,0.18,0.36,3.6
2024-01-09T06:00:00Z,8.9,3.13,0.0,22.0,0.22,-0.1,4.1
2024-01-09T07:00:00Z,9.1,3.01,0.0,22.0,0.24,-0.44,3.8
2024-01-09T08:00:00Z,9.3,3.28,0.0,26.0,0.24,-0.6,2.9
2024-01-09T09:00:00Z,9.5,3.71,0.0,17.0,0.26,-0.5,1.1
2024-01-09T10:00:00Z,10.4,3.94,0.0,31.0,0.26,-0.18,0.9
2024-01-09T11:00:00Z,10.6,4.05,0.0,30.0,0.28,0.21,2.2
2024-01-09T12:00:00Z,10.4,4.74,0.0,40.0,0.28,0.56,2.3
2024-01-09T13:00:00Z,10.2,5.28,0.0,40.0,0.32,0.81,1.8
2024-01-09T14:00:00Z,9.8,5.47,0.0,61.0,0.34,0.88,0.9
2024-01-09T15:00:00Z,9.5,6.23,0.0,86.0,0.38,0.67,0.6
2024-01-09T16:00:00Z,9.2,8.08,0.0,98.0,0.42,0.24,1.9
2024-01-09T17:00:00Z,8.5,9.39,0.0,93.0,0.46,-0.27,2.8
2024-01-09T18:00:00Z,7.9,9.63,0.0,71.0,0.5,-0.71,3.0
2024-01-09T19:00:00Z,7.5,9.73,0.0,44.0,0.64,-0.99,2.6
2024-01-09T20:00:00Z,7.2,9.84,0.0,31.0,0.76,-1.05,1.7
2024-01-09T21:00:00Z,6.8,10.32,0.0,42.0,0.9,-0.82,1.6
2024-01-09T22:00:00Z,6.0,10.41,0.0,30.0,0.88,-0.28,3.2
2024-01-09T23:00:00Z,5.8,10.4,0.0,71.0,0.84,0.41,4.7
2024-01-10T00:00:00Z,5.5,10.46,0.0,91.0,0.82,1.07,5.2
2024-01-10T01:00:00Z,5.4,10.59,0.0,33.0,0.8,1.61,4.7
2024-01-10T02:00:00Z,5.5,10.28,0.0,25.0,0.76,1.95,3.4
2024-01-10T03:00:00Z,5.6,10.4,0.0,24.0,0.74,1.96,1.6
2024-01-10T04:00:00Z,5.9,10.36,0.0,41.0,0.74,1.63,0.5
2024-01-10T05:00:00Z,6.3,10.37,0.0,66.0,0.72,1.07,2.2
2024-01-10T06:00:00Z,6.6,10.41,0.0,80.0,0.72,0.45,3.5
2024-01-10T07:00:00Z,6.7,10.47,0.0,89.0,0.7,-0.08,3.6
2024-01-10T08:00:00Z,6.7,9.98,0.0,75.0,0.68,-0.47,3.3
2024-01-10T09:00:00Z,6.5,9.51,0.0,85.0,0.66,-0.63,2.2
2024-01-10T10:00:00Z,6.5,8.51,0.0,74.0,0.62,-0.45,0.7
2024-01-10T11:00:00Z,6.2,7.89,0.0,58.0,0.56,-0.02,2.2
2024-01-10T12:00:00Z,5.9,7.22,0.0,16.0,0.52,0.46,3.4
2024-01-10T13:00:00Z,5.6,6.77,0.0,0.0,0.48,0.86,3.3
2024-01-10T14:00:00Z,5.3,6.56,0.0,0.0,0.46,1.1,2.4
2024-01-10T15:00:00Z,5.1,6.08,0.0,2.0,0.42,1.08,1.0
2024-01-10T16:00:00Z,5.0,5.58,0.0,5.0,0.38,0.75,0.9
2024-01-10T17:00:00Z,4.8,4.88,0.0,3.0,0.36,0.19,2.7
2024-01-10T18:00:00Z,4.7,4.4,0.0,5.0,0.32,-0.42,3.8
2024-01-10T19:00:00Z,4.6,4.18,0.0,3.0,0.3,-0.92,4.0
2024-01-10T20:00:00Z,4.5,4.02,0.0,53.0,0.26,-1.23,3.4
2024-01-10T21:00:00Z,4.4,3.89,0.0,39.0,0.24,-1.27,2.1
2024-01-10T22:00:00Z,4.7,3.67,0.0,23.0,0.22,-0.96,1.1
2024-01-10T23:00:00Z,4.6,3.16,0.0,5.0,0.22,-0.31,3.0
2024-01-11T00:00:00Z,4.7,3.0,0.0,14.0,0.2,0.49,4.9
2024-01-11T01:00:00Z,4.9,3.16,0.0,16.0,0.18,1.21,5.2
2024-01-11T02:00:00Z,5.1,3.51,0.0,0.0,0.18,1.76,4.5
2024-01-11T03:00:00Z,5.2,3.79,0.0,0.0,0.16,2.02,2.7
2024-01-11T04:00:00Z,5.4,3.88,0.0,0.0,0.16,1.9,0.6
2024-01-11T05:00:00Z,5.7,3.64,0.0,0.0,0.14,1.43,1.8
2024-01-11T06:00:00Z,6.0,3.01,0.0,0.0,0.14,0.75,4.0
2024-01-11T07:00:00Z,6.3,2.22,0.0,0.0,0.14,0.05,5.1
2024-01-11T08:00:00Z,6.7,1.66,0.0,0.0,0.14,-0.55,5.2
2024-01-11T09:00:00Z,7.2,2.3,0.0,0.0,0.14,-0.96,4.5
2024-01-11T10:00:00Z,8.0,3.0,0.0,0.0,0.14,-1.06,2.9
2024-01-11T11:00:00Z,8.4,4.06,0.0,0.0,0.14,-0.78,0.6
2024-01-11T12:00:00Z,8.6,4.94,0.0,0.0,0.14,-0.25,1.8
2024-01-11T13:00:00Z,8.8,5.8,0.0,0.0,0.18,0.3,3.0
2024-01-11T14:00:00Z,8.8,6.4,0.0,0.0,0.22,0.71,2.7
2024-01-11T15:00:00Z,8.8,6.82,0.0,0.0,0.26,0.91,1.8
2024-01-11T16:00:00Z,8.8,6.76,0.0,0.0,0.26,0.8,1.1
2024-01-11T17:00:00Z,8.8,6.3,0.0,0.0,0.26,0.39,2.3
2024-01-11T18:00:00Z,8.9,5.63,0.0,0.0,0.26,-0.23,4.0
2024-01-11T19:00:00Z,9.0,4.66,0.0,0.0,0.24,-0.85,4.9
2024-01-11T20:00:00Z,9.1,3.96,0.0,0.0,0.24,-1.32,4.9
2024-01-11T21:00:00Z,9.2,3.54,0.0,0.0,0.22,-1.57,3.8
2024-01-11T22:00:00Z,9.3,3.26,0.0,0.0,0.2,-1.51,2.1
2024-01-11T23:00:00Z,9.3,3.34,0.0,0.0,0.2,-1.03,0.9
2024-01-12T00:00:00Z,9.3,3.41,0.0,0.0,0.18,-0.21,3.4
2024-01-12T01:00:00Z,9.3,3.61,0.0,0.0,0.16,0.7,5.1
2024-01-12T02:00:00Z,9.2,3.72,0.0,0.0,0.16,1.47,5.1
2024-01-12T03:00:00Z,9.1,3.67,0.0,0.0,0.14,1.98,3.8
2024-01-12T04:00:00Z,9.2,3.23,0.0,0.0,0.12,2.16,1.9
2024-01-12T05:00:00Z,9.4,2.6,0.0,0.0,0.12,1.94,0.6
2024-01-12T06:00:00Z,9.7,1.87,0.0,0.0,0.1,1.38,2.9
2024-01-12T07:00:00Z,9.9,1.57,0.0,0.0,0.1,0.66,4.7
2024-01-12T08:00:00Z,10.0,1.27,0.0,0.0,0.1,-0.06,5.6
2024-01-12T09:00:00Z,10.1,1.17,0.0,0.0,0.1,-0.63,5.4
2024-01-12T10:00:00Z,10.3,1.58,0.0,0.0,0.1,-0.97,4.2
2024-01-12T11:00:00Z,10.4,1.65,0.0,0.0,0.1,-0.95,2.1
2024-01-12T12:00:00Z,10.3,1.71,0.0,0.0,0.1,-0.53,0.7
2024-01-12T13:00:00Z,10.2,2.11,0.0,0.0,0.1,0.09,2.9
2024-01-12T14:00:00Z,10.1,2.51,0.0,0.0,0.08,0.67,3.6
2024-01-12T15:00:00Z,10.0,2.93,0.0,0.0,0.08,1.06,3.0
2024-01-12T16:00:00Z,10.0,3.08,0.0,0.0,0.08,1.18,1.6
2024-01-12T17:00:00Z,9.9,2.47,0.0,0.0,0.06,0.97,0.9
2024-01-12T18:00:00Z,9.8,1.7,0.0,0.0,0.06,0.46,2.7
2024-01-12T19:00:00Z,9.9,0.54,0.0,0.0,0.06,-0.2,4.3
2024-01-12T20:00:00Z,10.1,1.36,0.0,0.0,0.04,-0.85,5.3
2024-01-12T21:00:00Z,9.7,2.42,0.0,0.0,0.04,-1.33,4.9
2024-01-12T22:00:00Z,9.6,2.34,0.0,0.0,0.04,-1.55,3.8
2024-01-12T23:00:00Z,9.6,2.55,0.0,0.0,0.04,-1.4,1.8
2024-01-13T00:00:00Z,9.7,2.62,0.0,0.0,0.04,-0.81,1.9
2024-01-13T01:00:00Z,9.7,2.94,0.0,0.0,0.04,0.09,4.4
2024-01-13T02:00:00Z,9.8,2.9,0.0,0.0,0.04,1.01,5.8
2024-01-13T03:00:00Z,9.9,2.8,0.0,0.0,0.04,1.72,5.4
2024-01-13T04:00:00Z,10.0,2.8,0.0,0.0,0.04,2.15,3.8
2024-01-13T05:00:00Z,10.1,3.0,0.0,0.0,0.04,2.19,1.5
2024-01-13T06:00:00Z,10.3,3.4,0.0,0.0,0.04,1.84,1.1
2024-01-13T07:00:00Z,10.4,3.82,0.0,0.0,0.06,1.17,3.2
2024-01-13T08:00:00Z,10.5,4.34,0.0,0.0,0.06,0.38,4.9
2024-01-13T09:00:00Z,10.5,4.81,0.0,0.0,0.08,-0.36,5.6
2024-01-13T10:00:00Z,10.6,5.01,0.0,0.0,0.16,-0.91,5.1
2024-01-13T11:00:00Z,10.7,5.72,0.0,0.0,0.24,-1.18,3.6
2024-01-13T12:00:00Z,10.7,6.22,0.0,0.0,0.32,-1.03,1.1
2024-01-13T13:00:00Z,10.8,6.68,0.0,0.0,0.34,-0.5,1.7
2024-01-13T14:00:00Z,10.9,7.07,0.0,0.0,0.36,0.17,3.6
2024-01-13T15:00:00Z,10.9,7.34,0.0,0.0,0.38,0.71,4.0
2024-01-13T16:00:00Z,10.9,7.58,0.0,0.0,0.4,1.03,3.1
2024-01-13T17:00:00Z,11.0,7.37,0.0,0.0,0.4,1.05,1.5
2024-01-13T18:00:00Z,11.0,7.13,0.0,0.0,0.42,0.75,1.7
2024-01-13T19:00:00Z,10.9,7.16,0.0,0.0,0.44,0.17,3.4
2024-01-13T20:00:00Z,10.9,7.6,0.0,0.0,0.44,-0.53,4.7
2024-01-13T21:00:00Z,10.9,7.85,0.0,0.0,0.46,-1.16,5.2
2024-01-13T22:00:00Z,11.0,8.11,0.0,0.0,0.48,-1.58,4.7
2024-01-13T23:00:00Z,11.1,8.5,0.0,0.0,0.48,-1.71,3.1
2024-01-14T00:00:00Z,11.2,8.7,0.0,0.0,0.5,-1.43,0.6
2024-01-14T01:00:00Z,11.3,8.41,0.0,0.0,0.46,-0.72,2.3
2024-01-14T02:00:00Z,11.4,7.96,0.0,0.0,0.44,0.24,4.9
2024-01-14T03:00:00Z,11.5,7.09,0.0,0.0,0.4,1.13,5.8
2024-01-14T04:00:00Z,11.7,6.22,0.0,0.0,0.36,1.78,5.2
2024-01-14T05:00:00Z,11.7,5.43,0.0,0.0,0.34,2.1,3.2
2024-01-14T06:00:00Z,11.7,4.66,0.0,0.0,0.3,2.04,1.3
2024-01-14T07:00:00Z,11.6,3.51,0.0,0.0,0.28,1.6,2.0
2024-01-14T08:00:00Z,11.3,2.69,0.0,0.0,0.28,0.9,4.2
2024-01-14T09:00:00Z,11.6,2.09,0.0,0.0,0.26,0.13,5.4
2024-01-14T10:00:00Z,12.4,4.25,0.0,11.0,0.34,-0.51,5.6
2024-01-14T11:00:00Z,9.8,11.01,0.0,39.0,0.42,-0.94,4.4
2024-01-14T12:00:00Z,8.5,10.62,0.0,74.0,0.5,-1.06,2.3
2024-01-14T13:00:00Z,8.8,10.3,0.0,83.0,0.58,-0.76,1.2
2024-01-14T14:00:00Z,8.7,10.8,0.0,75.0,0.66,-0.11,3.4
2024-01-14T15:00:00Z,8.6,10.7,0.0,93.0,0.74,0.6,4.9
2024-01-14T16:00:00Z,8.4,10.7,0.1,100.0,0.78,1.11,4.7
2024-01-14T17:00:00Z,8.1,10.62,0.1,100.0,0.8,1.37,3.4
2024-01-14T18:00:00Z,7.8,10.65,0.1,100.0,0.84,1.34,1.6
2024-01-14T19:00:00Z,7.5,10.88,0.0,100.0,0.84,0.99,0.4
2024-01-14T20:00:00Z,7.2,10.92,0.0,100.0,0.86,0.41,2.4
2024-01-14T21:00:00Z,6.8,10.82,0.0,100.0,0.86,-0.25,3.8
2024-01-14T22:00:00Z,6.1,10.46,0.0,100.0,0.86,-0.8,4.0
2024-01-14T23:00:00Z,5.9,10.46,0.0,100.0,0.84,-1.12,3.3
2024-01-15T00:00:00Z,5.7,10.02,0.0,99.0,0.84,-1.14,1.9
2024-01-15T01:00:00Z,5.7,9.6,0.0,97.0,0.88,-0.75,2.2
2024-01-15T02:00:00Z,5.7,9.42,0.0,96.0,0.9,0.02,4.3
2024-01-15T03:00:00Z,5.8,9.24,0.0,100.0,0.94,0.94,6.2
2024-01-15T04:00:00Z,5.9,8.74,0.0,99.0,0.88,1.71,6.5
2024-01-15T05:00:00Z,6.1,8.41,0.0,97.0,0.82,2.21,5.2
2024-01-15T06:00:00Z,6.2,8.32,0.0,99.0,0.76,2.36,3.1
2024-01-15T07:00:00Z,6.3,8.23,0.0,98.0,0.72,2.14,0.6
2024-01-15T08:00:00Z,6.4,8.09,0.0,96.0,0.66,1.59,2.0
2024-01-15T09:00:00Z,6.5,7.83,0.0,95.0,0.62,0.83,4.0
2024-01-15T10:00:00Z,6.3,6.89,0.0,93.0,0.58,0.06,5.2
2024-01-15T11:00:00Z,6.4,6.26,0.0,93.0,0.56,-0.55,5.2
2024-01-15T12:00:00Z,6.5,5.87,0.0,76.0,0.52,-0.91,4.2
2024-01-15T13:00:00Z,6.7,5.42,0.0,74.0,0.5,-0.94,2.3
2024-01-15T14:00:00Z,6.8,5.37,0.0,100.0,0.48,-0.57,1.0
2024-01-15T15:00:00Z,6.9,5.64,0.0,100.0,0.46,0.06,3.1
2024-01-15T16:00:00Z,7.1,5.71,0.0,100.0,0.44,0.65,4.2
2024-01-15T17:00:00Z,7.2,5.45,0.0,100.0,0.44,1.04,3.6
2024-01-15T18:00:00Z,7.4,5.4,0.0,100.0,0.42,1.19,2.1
2024-01-15T19:00:00Z,7.6,5.72,0.0,100.0,0.44,1.05,0.6
2024-01-15T20:00:00Z,7.9,5.91,0.0,100.0,0.46,0.63,1.8
2024-01-15T21:00:00Z,8.0,5.64,0.0,100.0,0.48,0.01,3.4
2024-01-15T22:00:00Z,7.9,4.85,0.0,86.0,0.5,-0.64,4.4
2024-01-15T23:00:00Z,8.1,5.12,0.0,93.0,0.54,-1.13,4.4
2024-01-16T00:00:00Z,8.3,5.18,0.0,88.0,0.56,-1.38,3.3
2024-01-16T01:00:00Z,8.5,5.18,0.0,100.0,0.52,-1.31,1.5
2024-01-16T02:00:00Z,8.6,5.46,0.0,100.0,0.46,-0.88,1.3
2024-01-16T03:00:00Z,8.9,5.57,0.0,100.0,0.42,-0.13,3.6
2024-01-16T04:00:00Z,9.1,4.96,0.0,99.0,0.42,0.68,5.1
2024-01-16T05:00:00Z,9.3,4.25,0.0,98.0,0.4,1.31,4.9
2024-01-16T06:00:00Z,9.5,4.48,0.0,98.0,0.4,1.65,3.3
2024-01-16T07:00:00Z,9.7,4.8,0.0,94.0,0.38,1.69,1.5
2024-01-16T08:00:00Z,9.9,4.96,0.0,93.0,0.36,1.4,1.3
2024-01-16T09:00:00Z,10.0,5.5,0.0,89.0,0.34,0.83,3.3
2024-01-16T10:00:00Z,10.1,5.27,0.0,45.0,0.36,0.11,4.7
2024-01-16T11:00:00Z,10.3,5.83,0.0,56.0,0.36,-0.55,5.4
2024-01-16T12:00:00Z,10.4,6.3,0.0,25.0,0.38,-1.03,5.0
2024-01-16T13:00:00Z,10.5,6.16,0.0,28.0,0.38,-1.24,3.6
2024-01-16T14:00:00Z,10.6,5.94,0.0,15.0,0.36,-1.14,1.6
2024-01-16T15:00:00Z,10.8,5.63,0.0,24.0,0.36,-0.69,0.9
2024-01-16T16:00:00Z,10.9,5.35,0.0,24.0,0.34,-0.05,3.0
2024-01-16T17:00:00Z,11.0,5.51,0.0,26.0,0.34,0.52,3.8
2024-01-16T18:00:00Z,11.1,5.82,0.0,37.0,0.32,0.89,3.3
2024-01-16T19:00:00Z,11.0,5.85,0.0,29.0,0.32,1.04,2.1
2024-01-16T20:00:00Z,10.9,6.16,0.0,9.0,0.32,0.92,1.3
2024-01-16T21:00:00Z,10.9,6.36,0.0,4.0,0.32,0.54,2.2
2024-01-16T22:00:00Z,11.2,5.57,0.0,3.0,0.34,-0.02,3.6
2024-01-16T23:00:00Z,11.3,6.0,0.0,1.0,0.36,-0.56,4.1
2024-01-17T00:00:00Z,11.3,6.38,0.0,0.0,0.38,-0.94,4.0
2024-01-17T01:00:00Z,11.4,6.94,0.0,0.0,0.38,-1.07,2.7
2024-01-17T02:00:00Z,11.5,7.41,0.0,0.0,0.38,-0.92,0.9
2024-01-17T03:00:00Z,11.7,7.55,0.0,0.0,0.38,-0.46,1.3
2024-01-17T04:00:00Z,12.0,7.12,0.0,0.0,0.36,0.24,3.4
2024-01-17T05:00:00Z,12.3,6.65,0.0,0.0,0.36,0.93,4.4
2024-01-17T06:00:00Z,12.5,6.43,0.0,0.0,0.34,1.42,4.2
2024-01-17T07:00:00Z,12.7,6.46,0.0,0.0,0.34,1.65,3.0
2024-01-17T08:00:00Z,12.8,6.74,0.0,0.0,0.34,1.62,1.5
2024-01-17T09:00:00Z,12.7,6.9,0.0,0.0,0.34,1.29,1.7
2024-01-17T10:00:00Z,12.8,6.99,0.0,0.0,0.34,0.73,3.0
2024-01-17T11:00:00Z,12.8,7.01,0.0,0.0,0.36,0.08,4.2
2024-01-17T12:00:00Z,12.7,6.75,0.0,0.0,0.36,-0.46,4.3
2024-01-17T13:00:00Z,12.7,6.59,0.0,0.0,0.34,-0.8,3.8
2024-01-17T14:00:00Z,12.6,6.1,0.0,0.0,0.3,-0.9,2.3
2024-01-17T15:00:00Z,12.5,5.23,0.0,0.0,0.28,-0.72,0.5
2024-01-17T16:00:00Z,12.0,4.05,0.0,0.0,0.26,-0.26,1.7
2024-01-17T17:00:00Z,11.8,2.44,0.0,1.0,0.24,0.33,3.3
2024-01-17T18:00:00Z,11.2,2.36,0.0,14.0,0.22,0.81,3.7
2024-01-17T19:00:00Z,10.6,4.02,0.0,40.0,0.26,1.11,3.1
2024-01-17T20:00:00Z,10.2,5.54,0.0,39.0,0.28,1.23,2.1
2024-01-17T21:00:00Z,9.8,6.41,0.0,19.0,0.32,1.1,0.6
2024-01-17T22:00:00Z,9.5,7.45,0.0,48.0,0.36,0.73,1.1
2024-01-17T23:00:00Z,9.3,8.01,0.0,81.0,0.42,0.23,2.4
2024-01-18T00:00:00Z,9.2,7.52,0.0,88.0,0.46,-0.24,3.2
2024-01-18T01:00:00Z,9.2,6.9,0.0,92.0,0.48,-0.55,3.0
2024-01-18T02:00:00Z,9.3,6.65,0.0,99.0,0.48,-0.66,2.1
2024-01-18T03:00:00Z,9.2,6.61,0.0,98.0,0.5,-0.54,1.3
2024-01-18T04:00:00Z,9.2,6.41,0.0,100.0,0.5,-0.17,2.2
2024-01-18T05:00:00Z,9.1,6.34,0.0,99.0,0.5,0.39,3.5
2024-01-18T06:00:00Z,9.2,6.44,0.0,100.0,0.5,0.91,4.3
2024-01-18T07:00:00Z,9.2,6.73,0.0,100.0,0.48,1.25,3.8
2024-01-18T08:00:00Z,9.2,7.02,0.0,99.0,0.48,1.4,2.5
2024-01-18T09:00:00Z,9.2,7.2,0.0,100.0,0.46,1.32,1.1
2024-01-18T10:00:00Z,9.0,5.61,0.1,99.0,0.44,1.0,0.6
2024-01-18T11:00:00Z,9.1,5.2,0.1,99.0,0.4,0.5,2.2
2024-01-18T12:00:00Z,9.3,5.1,0.1,84.0,0.38,-0.05,3.2
2024-01-18T13:00:00Z,9.5,5.62,0.0,98.0,0.36,-0.48,3.2
2024-01-18T14:00:00Z,9.6,5.39,0.0,99.0,0.36,-0.73,2.7
2024-01-18T15:00:00Z,9.7,5.16,0.1,100.0,0.34,-0.78,1.7
2024-01-18T16:00:00Z,9.7,4.92,0.2,100.0,0.36,-0.59,1.4
2024-01-18T17:00:00Z,9.8,4.82,0.2,100.0,0.36,-0.14,2.7
2024-01-18T18:00:00Z,10.0,4.61,0.2,100.0,0.38,0.4,4.0
2024-01-18T19:00:00Z,10.2,3.79,0.0,100.0,0.42,0.84,4.3
2024-01-18T20:00:00Z,10.4,4.01,0.1,100.0,0.44,1.13,3.6
2024-01-18T21:00:00Z,10.5,4.83,0.1,99.0,0.48,1.28,2.7
2024-01-18T22:00:00Z,10.5,5.33,0.2,99.0,0.5,1.2,1.3
2024-01-18T23:00:00Z,10.6,5.95,0.0,100.0,0.5,0.9,0.6
2024-01-19T00:00:00Z,10.6,6.19,0.0,100.0,0.52,0.48,1.8
2024-01-19T01:00:00Z,10.6,6.06,0.0,89.0,0.54,0.08,2.2
2024-01-19T02:00:00Z,10.6,5.58,0.0,77.0,0.56,-0.18,2.2
2024-01-19T03:00:00Z,10.4,5.39,0.0,77.0,0.58,-0.3,1.7
2024-01-19T04:00:00Z,10.3,5.37,0.0,83.0,0.58,-0.25,1.5
2024-01-19T05:00:00Z,10.1,5.64,0.0,88.0,0.58,0.02,2.1
2024-01-19T06:00:00Z,10.0,6.22,0.0,100.0,0.58,0.43,3.1
2024-01-19T07:00:00Z,9.9,6.98,0.0,100.0,0.64,0.8,3.6
2024-01-19T08:00:00Z,9.8,7.51,0.1,95.0,0.7,1.04,3.1
2024-01-19T09:00:00Z,9.6,7.38,0.0,96.0,0.76,1.14,2.0
2024-01-19T10:00:00Z,10.1,6.14,0.0,100.0,0.72,1.07,0.7
2024-01-19T11:00:00Z,10.0,6.16,0.1,100.0,0.7,0.79,0.8
2024-01-19T12:00:00Z,9.8,6.61,0.1,100.0,0.66,0.35,2.3
2024-01-19T13:00:00Z,9.6,7.22,0.2,100.0,0.62,-0.12,3.1
2024-01-19T14:00:00Z,9.3,7.91,0.5,100.0,0.6,-0.48,3.0
2024-01-19T15:00:00Z,9.0,7.72,0.9,100.0,0.56,-0.7,2.5
2024-01-19T16:00:00Z,8.8,7.62,1.3,100.0,0.54,-0.75,1.8
2024-01-19T17:00:00Z,8.7,7.3,2.0,100.0,0.54,-0.57,1.5
2024-01-19T18:00:00Z,8.7,6.7,1.0,100.0,0.52,-0.16,2.4
2024-01-19T19:00:00Z,8.5,6.21,0.3,100.0,0.54,0.32,3.5
2024-01-19T20:00:00Z,8.3,7.34,0.3,100.0,0.54,0.74,3.8
2024-01-19T21:00:00Z,8.2,8.1,0.4,100.0,0.56,1.07,3.3
2024-01-19T22:00:00Z,7.9,7.34,0.4,100.0,0.58,1.27,2.3
2024-01-19T23:00:00Z,7.8,7.93,0.2,100.0,0.62,1.26,1.1
2024-01-20T00:00:00Z,7.6,9.06,0.2,100.0,0.64,1.03,0.6
2024-01-20T01:00:00Z,7.4,9.26,0.4,100.0,0.66,0.68,1.6
2024-01-20T02:00:00Z,7.3,8.85,0.6,100.0,0.68,0.34,2.2
2024-01-20T03:00:00Z,7.1,9.95,0.7,100.0,0.7,0.09,2.2
2024-01-20T04:00:00Z,7.0,10.36,0.5,100.0,0.72,-0.08,1.9
2024-01-20T05:00:00Z,7.0,10.51,0.3,100.0,0.74,-0.11,1.3
2024-01-20T06:00:00Z,7.1,11.04,0.1,100.0,0.76,0.05,0.8
2024-01-20T07:00:00Z,7.1,10.78,0.3,100.0,0.78,0.34,1.7
2024-01-20T08:00:00Z,7.2,10.98,0.1,100.0,0.8,0.62,2.3
2024-01-20T09:00:00Z,7.2,11.04,0.1,100.0,0.82,0.83,2.2
2024-01-20T10:00:00Z,6.8,10.59,0.0,100.0,0.82,0.95,1.5
2024-01-20T11:00:00Z,6.8,11.36,0.0,100.0,0.84,0.94,0.6
2024-01-20T12:00:00Z,6.7,11.6,0.0,100.0,0.84,0.73,0.6
2024-01-20T13:00:00Z,6.7,11.6,0.0,100.0,0.86,0.35,1.9
2024-01-20T14:00:00Z,6.6,11.64,0.0,100.0,0.88,-0.05,2.5
2024-01-20T15:00:00Z,6.6,11.86,0.0,100.0,0.9,-0.37,2.5
2024-01-20T16:00:00Z,6.6,11.74,0.0,100.0,0.88,-0.58,2.0
2024-01-20T17:00:00Z,6.6,11.62,0.0,100.0,0.88,-0.65,1.5
2024-01-20T18:00:00Z,6.7,11.37,0.0,100.0,0.86,-0.5,1.1
2024-01-20T19:00:00Z,6.7,11.32,0.0,100.0,0.82,-0.12,2.3
2024-01-20T20:00:00Z,6.7,11.25,0.0,100.0,0.8,0.34,3.4
2024-01-20T21:00:00Z,6.7,10.83,0.0,100.0,0.76,0.79,4.0
2024-01-20T22:00:00Z,6.5,9.71,0.0,100.0,0.78,1.19,3.8
2024-01-20T23:00:00Z,6.6,10.3,0.0,100.0,0.78,1.49,3.1
2024-01-21T00:00:00Z,6.7,10.57,0.0,100.0,0.8,1.57,1.8
2024-01-21T01:00:00Z,6.7,10.42,0.0,100.0,0.82,1.4,0.6
2024-01-21T02:00:00Z,6.8,10.24,0.0,100.0,0.84,1.08,1.3
2024-01-21T03:00:00Z,7.0,10.42,0.0,100.0,0.86,0.73,2.0
2024-01-21T04:00:00Z,7.1,10.83,0.0,100.0,0.88,0.42,2.2
2024-01-21T05:00:00Z,7.3,11.33,0.0,100.0,0.92,0.17,2.1
2024-01-21T06:00:00Z,7.4,11.67,0.0,100.0,0.94,0.05,1.7
2024-01-21T07:00:00Z,7.3,12.04,0.0,100.0,0.94,0.13,0.9
2024-01-21T08:00:00Z,7.0,11.85,0.0,100.0,0.96,0.36,1.4
2024-01-21T09:00:00Z,6.7,11.83,0.0,100.0,0.96,0.6,2.0
2024-01-21T10:00:00Z,6.3,10.62,0.0,100.0,0.96,0.83,2.0
2024-01-21T11:00:00Z,6.0,11.05,0.0,100.0,0.94,1.02,1.6
2024-01-21T12:00:00Z,5.9,11.16,0.0,100.0,0.94,1.06,0.9
2024-01-21T13:00:00Z,5.8,11.16,0.0,100.0,0.96,0.89,0.6
2024-01-21T14:00:00Z,5.7,11.28,0.0,100.0,0.96,0.53,1.7
2024-01-21T15:00:00Z,5.5,11.72,0.0,100.0,0.98,0.13,2.5
2024-01-21T16:00:00Z,5.3,12.2,0.0,100.0,1.0,-0.21,2.7
2024-01-21T17:00:00Z,5.2,11.6,0.0,100.0,1.02,-0.48,2.3
2024-01-21T18:00:00Z,5.0,11.81,0.0,100.0,1.04,-0.6,2.2
2024-01-21T19:00:00Z,4.6,12.07,0.0,100.0,1.04,-0.48,1.6
2024-01-21T20:00:00Z,4.2,12.52,0.1,100.0,1.06,-0.13,2.2
2024-01-21T21:00:00Z,4.0,12.61,0.0,100.0,1.06,0.33,3.4
2024-01-21T22:00:00Z,3.5,11.81,0.0,99.0,1.06,0.82,4.0
2024-01-21T23:00:00Z,3.1,12.27,0.0,100.0,1.04,1.29,4.0
2024-01-22T00:00:00Z,2.7,12.63,0.0,100.0,1.04,1.64,3.3
2024-01-22T01:00:00Z,2.5,12.24,0.0,100.0,1.02,1.74,2.1
2024-01-22T02:00:00Z,2.4,11.94,0.0,100.0,1.02,1.54,1.0
2024-01-22T03:00:00Z,2.3,11.57,0.0,100.0,1.0,1.17,1.7
2024-01-22T04:00:00Z,2.2,11.46,0.0,100.0,1.0,0.74,2.6
2024-01-22T05:00:00Z,2.2,11.44,0.1,100.0,1.02,0.32,3.1
2024-01-22T06:00:00Z,2.1,11.74,0.1,100.0,1.02,-0.06,3.1
2024-01-22T07:00:00Z,2.2,12.02,0.0,100.0,1.0,-0.27,2.7
2024-01-22T08:00:00Z,2.2,12.16,0.1,100.0,0.98,-0.25,1.4
2024-01-22T09:00:00Z,2.2,12.46,0.1,100.0,0.96,-0.04,1.0
2024-01-22T10:00:00Z,1.5,11.17,0.2,100.0,0.98,0.24,1.7
2024-01-22T11:00:00Z,1.4,11.61,0.1,100.0,0.98,0.56,2.0
2024-01-22T12:00:00Z,1.3,11.72,0.2,100.0,1.0,0.83,1.8
2024-01-22T13:00:00Z,1.1,11.91,0.2,100.0,0.98,0.93,1.1
2024-01-22T14:00:00Z,0.8,12.08,0.1,100.0,0.96,0.75,0.6
2024-01-22T15:00:00Z,0.5,11.81,0.1,100.0,0.94,0.38,1.7
2024-01-22T16:00:00Z,0.3,11.81,0.0,100.0,0.94,-0.06,2.5
2024-01-22T17:00:00Z,0.1,11.41,0.0,99.0,0.92,-0.46,2.8
2024-01-22T18:00:00Z,-0.1,11.56,0.0,99.0,0.92,-0.76,2.7
2024-01-22T19:00:00Z,-0.2,11.94,0.0,95.0,0.94,-0.91,2.2
2024-01-22T20:00:00Z,-0.3,11.79,0.0,53.0,0.94,-0.81,1.5
2024-01-22T21:00:00Z,-0.4,11.8,0.0,46.0,0.96,-0.44,1.8
2024-01-22T22:00:00Z,-1.0,11.49,0.0,82.0,0.98,0.06,3.2
2024-01-22T23:00:00Z,-1.1,11.63,0.0,92.0,1.0,0.61,4.0
2024-01-23T00:00:00Z,-1.3,11.15,0.0,98.0,1.02,1.15,4.0
2024-01-23T01:00:00Z,-1.2,10.74,0.0,84.0,0.98,1.54,3.3
2024-01-23T02:00:00Z,-1.0,10.91,0.0,69.0,0.96,1.62,1.8
2024-01-23T03:00:00Z,-0.7,11.04,0.0,42.0,0.92,1.39,0.7
2024-01-23T04:00:00Z,-0.5,11.03,0.0,34.0,0.9,0.96,1.8
2024-01-23T05:00:00Z,-0.2,10.81,0.0,21.0,0.86,0.46,3.0
2024-01-23T06:00:00Z,0.1,10.44,0.0,22.0,0.84,-0.03,3.5
2024-01-23T07:00:00Z,0.5,10.4,0.0,18.0,0.84,-0.45,3.5
2024-01-23T08:00:00Z,0.7,10.29,0.0,15.0,0.84,-0.69,2.8
2024-01-23T09:00:00Z,0.9,10.21,0.0,14.0,0.84,-0.65,1.2
2024-01-23T10:00:00Z,0.8,10.1,0.0,30.0,0.86,-0.4,0.8
2024-01-23T11:00:00Z,0.7,10.6,0.0,27.0,0.88,-0.06,1.8
2024-01-23T12:00:00Z,0.5,10.62,0.0,23.0,0.9,0.33,2.3
2024-01-23T13:00:00Z,0.3,10.84,0.0,8.0,0.88,0.64,2.0
2024-01-23T14:00:00Z,0.2,11.16,0.0,7.0,0.86,0.72,1.1
2024-01-23T15:00:00Z,0.1,11.54,0.0,10.0,0.84,0.5,0.5
2024-01-23T16:00:00Z,0.0,11.54,0.0,5.0,0.92,0.08,1.9
2024-01-23T17:00:00Z,0.0,11.4,0.0,8.0,0.98,-0.39,2.8
2024-01-23T18:00:00Z,0.1,11.38,0.0,8.0,1.06,-0.83,3.1
2024-01-23T19:00:00Z,0.1,11.3,0.0,3.0,0.98,-1.16,3.0
2024-01-23T20:00:00Z,0.0,10.96,0.0,1.0,0.92,-1.29,2.1
2024-01-23T21:00:00Z,-0.1,10.54,0.0,2.0,0.84,-1.12,1.1
2024-01-23T22:00:00Z,0.2,10.12,0.0,1.0,0.82,-0.66,2.4
2024-01-23T23:00:00Z,0.1,9.72,0.0,2.0,0.8,-0.03,4.2
2024-01-24T00:00:00Z,0.1,10.04,0.0,1.0,0.78,0.64,4.9
2024-01-24T01:00:00Z,0.1,9.97,0.0,1.0,0.78,1.26,4.7
2024-01-24T02:00:00Z,0.3,9.34,0.0,3.0,0.76,1.66,3.8
2024-01-24T03:00:00Z,0.6,8.84,0.0,6.0,0.76,1.69,2.0
2024-01-24T04:00:00Z,1.0,8.42,0.0,11.0,0.86,1.38,0.3
2024-01-24T05:00:00Z,1.5,8.07,0.0,15.0,0.96,0.88,2.0
2024-01-24T06:00:00Z,2.0,7.92,0.0,10.0,1.06,0.32,3.1
2024-01-24T07:00:00Z,2.5,7.46,0.0,5.0,0.94,-0.21,3.6
2024-01-24T08:00:00Z,3.0,7.22,0.0,8.0,0.8,-0.64,3.5
2024-01-24T09:00:00Z,3.2,7.21,0.0,12.0,0.68,-0.82,2.4
2024-01-24T10:00:00Z,3.4,6.74,0.0,9.0,0.68,-0.7,0.6
2024-01-24T11:00:00Z,3.3,7.13,0.0,10.0,0.68,-0.37,1.3
2024-01-24T12:00:00Z,3.2,7.58,0.0,13.0,0.68,0.06,2.3
2024-01-24T13:00:00Z,3.2,7.65,0.0,15.0,0.66,0.51,2.5
2024-01-24T14:00:00Z,3.0,7.31,0.0,9.0,0.66,0.81,2.2
2024-01-24T15:00:00Z,2.9,7.4,0.0,0.0,0.64,0.83,1.0
2024-01-24T16:00:00Z,2.8,7.57,0.0,8.0,0.6,0.53,0.7
2024-01-24T17:00:00Z,2.8,7.5,0.0,32.0,0.54,0.03,2.2
2024-01-24T18:00:00Z,2.7,7.12,0.0,41.0,0.5,-0.51,3.1
2024-01-24T19:00:00Z,2.7,6.74,0.0,17.0,0.48,-0.98,3.5
2024-01-24T20:00:00Z,2.7,6.52,0.0,49.0,0.48,-1.3,3.0
2024-01-24T21:00:00Z,2.7,6.72,0.0,86.0,0.46,-1.38,1.9
2024-01-24T22:00:00Z,2.9,7.07,0.0,93.0,0.46,-1.09,1.0
2024-01-24T23:00:00Z,2.8,6.6,0.0,85.0,0.44,-0.5,3.1
2024-01-25T00:00:00Z,2.9,6.02,0.0,61.0,0.44,0.22,4.7
2024-01-25T01:00:00Z,2.9,5.87,0.0,23.0,0.42,0.94,5.2
2024-01-25T02:00:00Z,2.9,5.94,0.0,18.0,0.42,1.53,4.7
2024-01-25T03:00:00Z,2.9,6.15,0.0,7.0,0.4,1.81,3.3
2024-01-25T04:00:00Z,3.1,6.08,0.0,0.0,0.38,1.7,1.1
2024-01-25T05:00:00Z,3.3,5.94,0.0,0.0,0.36,1.25,1.1
2024-01-25T06:00:00Z,3.6,5.66,0.0,0.0,0.34,0.65,3.1
2024-01-25T07:00:00Z,4.1,5.56,0.0,0.0,0.34,0.03,4.2
2024-01-25T08:00:00Z,4.5,5.51,0.0,0.0,0.32,-0.52,4.4
2024-01-25T09:00:00Z,4.9,5.57,0.0,0.0,0.32,-0.91,3.9
2024-01-25T10:00:00Z,5.3,5.29,0.0,0.0,0.34,-0.99,2.5
2024-01-25T11:00:00Z,5.2,5.12,0.0,0.0,0.34,-0.73,0.5
2024-01-25T12:00:00Z,5.1,4.72,0.0,0.0,0.36,-0.27,2.2
2024-01-25T13:00:00Z,5.0,4.98,0.0,0.0,0.34,0.24,3.1
2024-01-25T14:00:00Z,4.9,5.2,0.0,0.0,0.34,0.69,3.2
2024-01-25T15:00:00Z,4.7,5.12,0.0,0.0,0.32,0.93,2.4
2024-01-25T16:00:00Z,4.6,4.87,0.0,0.0,0.3,0.84,0.9
2024-01-25T17:00:00Z,4.4,4.65,0.0,0.0,0.28,0.44,1.1
2024-01-25T18:00:00Z,4.4,4.59,0.0,0.0,0.26,-0.13,2.5
2024-01-25T19:00:00Z,4.4,4.37,0.0,0.0,0.24,-0.69,3.5
2024-01-25T20:00:00Z,4.3,4.34,0.0,0.0,0.24,-1.15,3.5
2024-01-25T21:00:00Z,4.3,4.41,0.0,0.0,0.22,-1.41,2.7
2024-01-25T22:00:00Z,4.2,3.64,0.0,0.0,0.2,-1.34,1.3
2024-01-25T23:00:00Z,4.2,3.58,0.0,0.0,0.2,-0.89,2.0
2024-01-26T00:00:00Z,4.2,3.42,0.0,0.0,0.18,-0.18,4.2
2024-01-26T01:00:00Z,4.3,3.76,0.0,0.0,0.18,0.61,5.4
2024-01-26T02:00:00Z,4.3,4.24,0.0,0.0,0.16,1.33,5.4
2024-01-26T03:00:00Z,4.2,4.33,0.0,0.0,0.16,1.83,4.5
2024-01-26T04:00:00Z,4.2,4.43,0.0,4.0,0.16,1.96,2.5
2024-01-26T05:00:00Z,4.4,4.57,0.0,78.0,0.14,1.69,0.3
2024-01-26T06:00:00Z,4.6,4.42,0.0,72.0,0.14,1.14,2.2
2024-01-26T07:00:00Z,4.8,4.11,0.0,84.0,0.14,0.48,3.8
2024-01-26T08:00:00Z,5.0,3.89,0.0,77.0,0.14,-0.15,4.5
2024-01-26T09:00:00Z,5.2,3.81,0.0,95.0,0.14,-0.67,4.6
2024-01-26T10:00:00Z,5.8,3.1,0.0,92.0,0.14,-0.96,3.6
2024-01-26T11:00:00Z,5.7,3.44,0.0,94.0,0.16,-0.87,1.5
2024-01-26T12:00:00Z,5.5,3.67,0.0,52.0,0.16,-0.46,1.2
2024-01-26T13:00:00Z,5.4,3.64,0.0,49.0,0.16,0.08,2.9
2024-01-26T14:00:00Z,5.3,3.89,0.0,33.0,0.16,0.59,3.4
2024-01-26T15:00:00Z,5.2,3.71,0.0,25.0,0.16,0.97,3.1
2024-01-26T16:00:00Z,5.2,3.26,0.0,0.0,0.16,1.07,1.8
2024-01-26T17:00:00Z,5.1,2.77,0.0,54.0,0.16,0.83,0.4
2024-01-26T18:00:00Z,5.1,2.72,0.0,98.0,0.16,0.31,2.0
2024-01-26T19:00:00Z,5.1,3.1,0.0,89.0,0.16,-0.31,3.4
2024-01-26T20:00:00Z,5.1,4.11,0.0,80.0,0.14,-0.87,4.0
2024-01-26T21:00:00Z,5.1,4.62,0.0,79.0,0.14,-1.28,3.7
2024-01-26T22:00:00Z,5.1,4.7,0.0,51.0,0.14,-1.43,2.6
2024-01-26T23:00:00Z,5.0,4.88,0.0,36.0,0.14,-1.21,1.1
2024-01-27T00:00:00Z,5.0,4.73,0.0,48.0,0.14,-0.61,2.7
2024-01-27T01:00:00Z,5.0,4.59,0.0,16.0,0.16,0.19,4.7
2024-01-27T02:00:00Z,5.0,4.3,0.0,25.0,0.16,0.97,5.6
2024-01-27T03:00:00Z,5.0,3.89,0.0,51.0,0.18,1.59,5.0
2024-01-27T04:00:00Z,5.0,3.69,0.0,59.0,0.18,1.94,3.6
2024-01-27T05:00:00Z,5.1,3.77,0.0,57.0,0.18,1.9,1.5
2024-01-27T06:00:00Z,5.2,3.98,0.0,26.0,0.18,1.48,1.1
2024-01-27T07:00:00Z,5.4,4.18,0.0,15.0,0.18,0.83,3.1
2024-01-27T08:00:00Z,5.6,4.03,0.0,6.0,0.2,0.14,4.5
2024-01-27T09:00:00Z,5.7,3.57,0.0,8.0,0.2,-0.46,4.7
2024-01-27T10:00:00Z,6.1,3.45,0.0,6.0,0.22,-0.86,4.2
2024-01-27T11:00:00Z,6.1,3.62,0.0,5.0,0.22,-0.96,2.7
2024-01-27T12:00:00Z,6.1,3.72,0.0,1.0,0.24,-0.69,0.6
2024-01-27T13:00:00Z,6.1,4.18,0.0,0.0,0.24,-0.16,2.2
2024-01-27T14:00:00Z,6.1,4.97,0.0,0.0,0.26,0.4,3.4
2024-01-27T15:00:00Z,6.1,5.59,0.0,0.0,0.26,0.84,3.5
2024-01-27T16:00:00Z,6.0,5.52,0.0,0.0,0.26,1.08,2.4
2024-01-27T17:00:00Z,5.9,5.66,0.0,0.0,0.26,1.02,0.9
2024-01-27T18:00:00Z,5.7,5.6,0.0,0.0,0.26,0.65,1.1
2024-01-27T19:00:00Z,5.6,5.52,0.0,0.0,0.26,0.06,2.9
2024-01-27T20:00:00Z,5.5,5.39,0.0,0.0,0.26,-0.57,4.0
2024-01-27T21:00:00Z,5.3,5.62,0.0,0.0,0.26,-1.07,4.0
2024-01-27T22:00:00Z,5.3,5.49,0.0,0.0,0.26,-1.35,3.1
2024-01-27T23:00:00Z,5.2,5.24,0.0,0.0,0.26,-1.33,1.7
2024-01-28T00:00:00Z,5.3,5.35,0.0,0.0,0.26,-0.93,1.4
2024-01-28T01:00:00Z,5.3,5.44,0.0,0.0,0.26,-0.2,3.6
2024-01-28T02:00:00Z,5.2,5.31,0.0,0.0,0.24,0.61,5.2
2024-01-28T03:00:00Z,5.3,5.39,0.0,0.0,0.24,1.3,5.4
2024-01-28T04:00:00Z,5.5,5.06,0.0,0.0,0.22,1.78,4.3
2024-01-28T05:00:00Z,5.7,3.76,0.0,0.0,0.22,1.96,2.8
2024-01-28T06:00:00Z,5.9,2.33,0.0,0.0,0.2,1.76,0.6
2024-01-28T07:00:00Z,5.9,1.0,0.0,0.0,0.18,1.23,1.8
2024-01-28T08:00:00Z,6.0,0.36,0.0,0.0,0.18,0.54,3.6
2024-01-28T09:00:00Z,6.1,1.26,0.0,0.0,0.16,-0.13,4.5
2024-01-28T10:00:00Z,6.2,1.49,0.0,0.0,0.16,-0.64,4.3
2024-01-28T11:00:00Z,6.1,2.1,0.0,0.0,0.14,-0.9,3.1
2024-01-28T12:00:00Z,6.1,2.75,0.0,0.0,0.14,-0.83,1.3
2024-01-28T13:00:00Z,6.1,3.04,0.0,0.0,0.14,-0.4,1.1
2024-01-28T14:00:00Z,6.1,2.97,0.0,0.0,0.12,0.2,3.1
2024-01-28T15:00:00Z,6.2,2.83,0.0,0.0,0.12,0.73,3.5
2024-01-28T16:00:00Z,6.2,3.06,0.0,51.0,0.12,1.05,2.7
2024-01-28T17:00:00Z,6.2,2.91,0.0,1.0,0.12,1.13,1.5
2024-01-28T18:00:00Z,6.3,2.91,0.0,56.0,0.12,0.9,1.3
2024-01-28T19:00:00Z,6.3,3.08,0.0,100.0,0.12,0.4,3.0
2024-01-28T20:00:00Z,6.4,3.58,0.0,95.0,0.12,-0.24,4.5
2024-01-28T21:00:00Z,6.4,4.07,0.0,86.0,0.12,-0.84,5.0
2024-01-28T22:00:00Z,6.8,3.35,0.0,7.0,0.12,-1.24,4.7
2024-01-28T23:00:00Z,6.9,3.72,0.0,32.0,0.12,-1.38,3.3
2024-01-29T00:00:00Z,7.0,4.24,0.0,31.0,0.12,-1.2,1.3
2024-01-29T01:00:00Z,7.1,3.65,0.0,79.0,0.14,-0.64,1.5
2024-01-29T02:00:00Z,7.2,4.0,0.0,100.0,0.18,0.15,3.8
2024-01-29T03:00:00Z,7.3,4.61,0.0,100.0,0.2,0.9,4.9
2024-01-29T04:00:00Z,7.5,4.88,0.0,100.0,0.22,1.43,4.4
2024-01-29T05:00:00Z,7.6,5.17,0.0,100.0,0.26,1.71,2.9
2024-01-29T06:00:00Z,7.7,5.77,0.0,90.0,0.28,1.67,1.2
2024-01-29T07:00:00Z,7.8,5.92,0.0,94.0,0.3,1.3,1.5
2024-01-29T08:00:00Z,7.9,6.17,0.0,98.0,0.3,0.67,3.3
2024-01-29T09:00:00Z,8.0,6.22,0.0,100.0,0.32,-0.02,4.5
2024-01-29T10:00:00Z,8.3,5.46,0.0,100.0,0.34,-0.6,4.5
2024-01-29T11:00:00Z,8.3,5.82,0.2,100.0,0.38,-0.95,3.6
2024-01-29T12:00:00Z,8.3,5.82,0.5,100.0,0.4,-1.01,2.0
2024-01-29T13:00:00Z,8.3,6.04,0.4,100.0,0.4,-0.73,0.3
2024-01-29T14:00:00Z,8.4,5.78,0.5,100.0,0.4,-0.16,2.4
2024-01-29T15:00:00Z,8.4,5.6,0.5,100.0,0.4,0.45,3.9
2024-01-29T16:00:00Z,8.4,5.89,1.1,100.0,0.38,0.9,3.8
2024-01-29T17:00:00Z,8.4,5.89,1.2,100.0,0.36,1.11,2.8
2024-01-29T18:00:00Z,8.4,5.94,1.0,100.0,0.34,1.08,1.5
2024-01-29T19:00:00Z,8.4,5.94,1.4,100.0,0.34,0.78,1.5
2024-01-29T20:00:00Z,8.5,6.22,1.0,100.0,0.36,0.25,3.0
2024-01-29T21:00:00Z,8.5,6.53,0.5,100.0,0.36,-0.36,4.0
2024-01-29T22:00:00Z,8.8,6.01,0.2,100.0,0.38,-0.86,4.1
2024-01-29T23:00:00Z,8.8,6.1,0.1,100.0,0.4,-1.12,3.3
2024-01-30T00:00:00Z,8.8,5.8,0.1,100.0,0.42,-1.09,1.5
2024-01-30T01:00:00Z,8.6,4.5,0.1,100.0,0.42,-0.75,1.0
2024-01-30T02:00:00Z,8.5,4.26,0.1,100.0,0.42,-0.1,3.2
2024-01-30T03:00:00Z,8.4,4.14,0.0,98.0,0.42,0.67,4.9
2024-01-30T04:00:00Z,8.4,3.7,0.0,88.0,0.4,1.28,5.1
2024-01-30T05:00:00Z,8.4,3.31,0.0,74.0,0.4,1.63,4.0
2024-01-30T06:00:00Z,8.4,2.8,0.0,66.0,0.38,1.71,2.3
2024-01-30T07:00:00Z,8.5,2.82,0.0,70.0,0.36,1.51,0.7
2024-01-30T08:00:00Z,8.4,3.26,0.0,81.0,0.34,1.02,2.1
2024-01-30T09:00:00Z,8.2,3.67,0.0,57.0,0.32,0.37,3.6
2024-01-30T10:00:00Z,8.6,3.23,0.0,99.0,0.3,-0.26,4.5
2024-01-30T11:00:00Z,8.6,3.57,0.0,100.0,0.28,-0.69,4.1
2024-01-30T12:00:00Z,8.5,3.4,0.0,90.0,0.26,-0.87,2.9
2024-01-30T13:00:00Z,8.5,3.42,0.0,100.0,0.24,-0.77,0.9
2024-01-30T14:00:00Z,8.5,3.1,0.0,74.0,0.24,-0.36,1.3
2024-01-30T15:00:00Z,8.5,2.68,0.0,96.0,0.22,0.24,3.1
2024-01-30T16:00:00Z,8.6,2.42,0.0,100.0,0.2,0.78,3.8
2024-01-30T17:00:00Z,8.5,2.56,0.0,100.0,0.2,1.09,3.3
2024-01-30T18:00:00Z,8.5,2.64,0.0,99.0,0.18,1.18,1.9
2024-01-30T19:00:00Z,8.4,3.19,0.0,100.0,0.18,1.04,0.7
2024-01-30T20:00:00Z,8.3,3.4,0.0,99.0,0.18,0.67,1.9
2024-01-30T21:00:00Z,8.2,3.41,0.0,100.0,0.18,0.13,3.4
2024-01-30T22:00:00Z,8.6,3.66,0.0,100.0,0.16,-0.41,4.2
2024-01-30T23:00:00Z,8.6,4.04,0.0,100.0,0.16,-0.79,4.0
2024-01-31T00:00:00Z,8.7,4.4,0.2,100.0,0.14,-0.91,2.8
2024-01-31T01:00:00Z,8.8,5.04,0.3,100.0,0.14,-0.75,1.2
2024-01-31T02:00:00Z,8.8,4.99,0.0,100.0,0.14,-0.33,1.2
2024-01-31T03:00:00Z,8.8,4.83,0.1,100.0,0.14,0.32,3.1
2024-01-31T04:00:00Z,8.9,4.55,0.0,100.0,0.14,0.97,4.1
2024-01-31T05:00:00Z,8.9,3.84,0.0,100.0,0.14,1.41,3.6
2024-01-31T06:00:00Z,8.8,3.75,0.0,100.0,0.14,1.56,2.2
2024-01-31T07:00:00Z,8.8,3.96,0.0,100.0,0.16,1.48,0.6
2024-01-31T08:00:00Z,8.7,4.06,0.0,99.0,0.2,1.15,1.5
2024-01-31T09:00:00Z,8.8,4.24,0.0,99.0,0.22,0.62,3.3
2024-01-31T10:00:00Z,9.2,4.08,0.0,100.0,0.22,0.02,4.3
2024-01-31T11:00:00Z,9.3,4.74,0.0,100.0,0.24,-0.49,4.5
2024-01-31T12:00:00Z,9.3,4.72,0.0,100.0,0.24,-0.76,3.6
2024-01-31T13:00:00Z,9.2,4.85,0.0,99.0,0.24,-0.76,2.0
2024-01-31T14:00:00Z,9.0,4.43,0.6,100.0,0.22,-0.51,0.4
2024-01-31T15:00:00Z,9.0,4.18,0.8,100.0,0.22,-0.02,1.8
2024-01-31T16:00:00Z,9.0,4.37,1.0,99.0,0.22,0.55,3.1
2024-01-31T17:00:00Z,8.8,4.51,1.0,100.0,0.2,0.99,3.3
2024-01-31T18:00:00Z,8.9,3.34,0.5,100.0,0.2,1.18,2.4
2024-01-31T19:00:00Z,8.7,2.32,0.1,100.0,0.18,1.18,0.7
2024-01-31T20:00:00Z,8.3,4.29,0.1,100.0,0.18,0.99,0.7
2024-01-31T21:00:00Z,8.1,5.94,0.1,100.0,0.16,0.62,2.2
2024-01-31T22:00:00Z,8.0,6.4,0.0,100.0,0.22,0.15,3.3
2024-01-31T23:00:00Z,8.0,6.31,0.0,100.0,0.3,-0.28,3.6
2024-02-01T00:00:00Z,8.0,5.62,0.1,100.0,0.36,-0.52,2.9
2024-02-01T01:00:00Z,8.1,6.11,0.1,100.0,0.44,-0.5,1.8
2024-02-01T02:00:00Z,8.1,7.7,0.1,100.0,0.5,-0.25,1.7
2024-02-01T03:00:00Z,8.2,8.91,0.0,100.0,0.58,0.21,3.1
2024-02-01T04:00:00Z,8.4,8.77,0.0,100.0,0.66,0.79,4.5
2024-02-01T05:00:00Z,8.5,9.29,0.0,100.0,0.76,1.31,5.1
2024-02-01T06:00:00Z,8.3,9.59,0.1,100.0,0.84,1.58,4.3
2024-02-01T07:00:00Z,8.2,9.29,0.0,100.0,0.98,1.59,2.7
2024-02-01T08:00:00Z,8.0,9.07,0.0,100.0,1.12,1.41,0.8
2024-02-01T09:00:00Z,7.9,9.01,0.0,100.0,1.26,1.03,1.0
2024-02-01T10:00:00Z,7.5,8.91,0.1,100.0,1.18,0.53,2.4
2024-02-01T11:00:00Z,7.4,9.23,0.0,100.0,1.1,0.01,3.4
2024-02-01T12:00:00Z,7.3,9.31,0.0,100.0,1.02,-0.35,3.1
2024-02-01T13:00:00Z,7.2,9.23,0.0,100.0,1.0,-0.47,2.2
2024-02-01T14:00:00Z,7.2,9.74,0.1,100.0,0.96,-0.36,1.1
2024-02-01T15:00:00Z,7.2,9.77,0.1,100.0,0.94,-0.05,1.9
2024-02-01T16:00:00Z,7.1,9.45,0.4,100.0,0.94,0.42,3.4
2024-02-01T17:00:00Z,6.9,9.64,0.4,100.0,0.92,0.93,4.2
2024-02-01T18:00:00Z,6.7,10.11,0.4,100.0,0.92,1.26,4.0
2024-02-01T19:00:00Z,6.6,10.21,1.1,100.0,0.92,1.36,2.7
2024-02-01T20:00:00Z,6.7,9.87,1.7,100.0,0.9,1.29,1.3
2024-02-01T21:00:00Z,6.7,9.54,1.5,100.0,0.9,1.07,0.4
2024-02-01T22:00:00Z,6.7,9.14,1.3,100.0,0.88,0.71,1.5
2024-02-01T23:00:00Z,6.6,9.3,1.4,100.0,0.86,0.29,2.7
2024-02-02T00:00:00Z,6.7,9.4,0.4,99.0,0.84,-0.07,3.1
2024-02-02T01:00:00Z,6.9,9.3,0.1,100.0,0.84,-0.21,2.4
2024-02-02T02:00:00Z,7.1,9.14,0.0,100.0,0.82,-0.15,1.4
2024-02-02T03:00:00Z,7.1,9.11,0.1,88.0,0.82,0.09,1.5
2024-02-02T04:00:00Z,7.0,8.96,0.0,100.0,0.82,0.46,2.4
2024-02-02T05:00:00Z,7.0,8.99,0.0,100.0,0.84,0.91,3.1
2024-02-02T06:00:00Z,6.9,8.85,0.1,100.0,0.84,1.23,3.3
2024-02-02T07:00:00Z,6.9,8.65,0.1,100.0,0.82,1.31,2.2
2024-02-02T08:00:00Z,6.9,8.57,0.1,100.0,0.82,1.2,0.8
2024-02-02T09:00:00Z,7.0,8.17,0.1,100.0,0.8,0.96,0.8
2024-02-02T10:00:00Z,6.9,7.5,0.1,100.0,0.76,0.59,2.0
2024-02-02T11:00:00Z,7.1,6.94,0.1,100.0,0.74,0.14,2.9
2024-02-02T12:00:00Z,7.3,6.73,0.1,100.0,0.7,-0.29,3.4
2024-02-02T13:00:00Z,7.4,6.84,0.1,100.0,0.68,-0.55,2.9
2024-02-02T14:00:00Z,7.5,6.51,0.1,100.0,0.64,-0.6,1.8
2024-02-02T15:00:00Z,7.5,6.38,0.2,100.0,0.62,-0.45,0.9
2024-02-02T16:00:00Z,7.5,6.48,0.2,100.0,0.64,-0.15,1.9
2024-02-02T17:00:00Z,7.4,6.61,0.2,100.0,0.64,0.3,3.0
2024-02-02T18:00:00Z,7.4,6.84,0.1,100.0,0.66,0.72,3.6
2024-02-02T19:00:00Z,7.3,6.77,0.1,100.0,0.66,0.98,3.4
2024-02-02T20:00:00Z,7.3,6.68,0.2,100.0,0.66,1.05,2.2
2024-02-02T21:00:00Z,7.4,6.93,0.2,100.0,0.66,1.0,0.9
2024-02-02T22:00:00Z,7.5,7.19,0.2,100.0,0.68,0.84,0.4
2024-02-02T23:00:00Z,7.6,7.01,0.3,100.0,0.68,0.56,1.4
2024-02-03T00:00:00Z,7.6,7.32,0.6,100.0,0.7,0.22,2.2
2024-02-03T01:00:00Z,7.5,8.3,0.3,100.0,0.8,-0.04,2.3
2024-02-03T02:00:00Z,7.3,8.86,0.2,100.0,0.88,-0.13,1.8
2024-02-03T03:00:00Z,7.2,8.6,0.1,100.0,0.98,-0.06,1.1
2024-02-03T04:00:00Z,7.2,7.6,0.1,100.0,0.88,0.13,1.4
2024-02-03T05:00:00Z,7.2,6.89,0.0,97.0,0.8,0.43,2.2
2024-02-03T06:00:00Z,7.3,8.1,0.1,99.0,0.7,0.77,2.6
2024-02-03T07:00:00Z,7.2,8.75,2.3,99.0,0.68,0.97,2.3
2024-02-03T08:00:00Z,7.2,8.99,1.7,100.0,0.68,0.97,1.5
2024-02-03T09:00:00Z,7.1,9.17,0.7,100.0,0.66,0.85,0.3
2024-02-03T10:00:00Z,6.4,8.41,0.2,100.0,0.66,0.65,0.9
2024-02-03T11:00:00Z,6.3,8.96,0.0,100.0,0.66,0.34,1.8
2024-02-03T12:00:00Z,6.3,8.9,0.0,100.0,0.66,-0.02,2.4
2024-02-03T13:00:00Z,6.2,8.81,0.0,100.0,0.66,-0.34,2.7
2024-02-03T14:00:00Z,6.1,9.09,0.0,100.0,0.66,-0.52,2.1
2024-02-03T15:00:00Z,6.0,9.32,0.0,100.0,0.66,-0.51,1.2
2024-02-03T16:00:00Z,6.0,8.74,0.0,100.0,0.64,-0.36,1.0
2024-02-03T17:00:00Z,6.1,8.71,0.0,100.0,0.64,-0.07,2.2
2024-02-03T18:00:00Z,6.1,8.59,0.0,98.0,0.62,0.34,3.1
2024-02-03T19:00:00Z,6.0,8.4,0.0,80.0,0.6,0.73,3.6
2024-02-03T20:00:00Z,6.0,8.32,0.0,95.0,0.58,0.96,3.2
2024-02-03T21:00:00Z,6.0,8.41,0.0,100.0,0.56,1.06,2.3
2024-02-03T22:00:00Z,6.4,7.52,0.0,100.0,0.54,1.09,1.3
2024-02-03T23:00:00Z,6.5,7.2,0.1,100.0,0.5,1.01,0.4
2024-02-04T00:00:00Z,6.6,6.4,0.1,100.0,0.48,0.8,0.9
2024-02-04T01:00:00Z,6.7,5.71,0.1,100.0,0.48,0.54,1.8
2024-02-04T02:00:00Z,6.8,4.81,0.0,100.0,0.46,0.31,2.1
2024-02-04T03:00:00Z,6.9,4.4,0.0,100.0,0.46,0.2,1.9
2024-02-04T04:00:00Z,6.9,4.37,0.1,100.0,0.46,0.21,1.5
2024-02-04T05:00:00Z,6.9,5.06,0.2,100.0,0.46,0.3,1.5
2024-02-04T06:00:00Z,6.9,7.14,0.1,100.0,0.46,0.51,1.7
2024-02-04T07:00:00Z,6.9,8.4,0.9,100.0,0.48,0.72,1.8
2024-02-04T08:00:00Z,6.9,7.67,1.0,100.0,0.5,0.81,1.3
2024-02-04T09:00:00Z,6.9,6.69,1.5,100.0,0.52,0.76,0.6
2024-02-04T10:00:00Z,6.5,3.45,1.9,100.0,0.54,0.66,1.0
2024-02-04T11:00:00Z,6.6,5.6,2.8,100.0,0.58,0.5,1.9
2024-02-04T12:00:00Z,6.2,8.11,2.3,100.0,0.6,0.26,2.7
2024-02-04T13:00:00Z,6.0,10.89,0.5,100.0,0.72,-0.08,3.2
2024-02-04T14:00:00Z,5.6,10.83,0.0,100.0,0.84,-0.4,3.5
2024-02-04T15:00:00Z,5.2,10.84,0.0,100.0,0.96,-0.6,2.9
2024-02-04T16:00:00Z,5.0,11.54,0.0,100.0,0.94,-0.66,2.1
2024-02-04T17:00:00Z,4.7,11.81,0.0,100.0,0.9,-0.59,1.2
2024-02-04T18:00:00Z,4.5,11.68,0.0,100.0,0.88,-0.38,1.3
2024-02-04T19:00:00Z,4.3,11.83,0.0,100.0,0.88,-0.03,2.1
2024-02-04T20:00:00Z,4.2,11.87,0.0,100.0,0.86,0.32,2.9
2024-02-04T21:00:00Z,4.2,11.83,0.0,100.0,0.86,0.58,2.7
2024-02-04T22:00:00Z,3.6,11.46,0.0,100.0,0.9,0.75,2.2
2024-02-04T23:00:00Z,3.5,11.76,0.0,100.0,0.94,0.86,1.5
2024-02-05T00:00:00Z,3.3,11.76,0.0,99.0,0.98,0.83,0.6
2024-02-05T01:00:00Z,3.1,12.47,0.0,90.0,1.0,0.66,0.6
2024-02-05T02:00:00Z,3.0,11.81,0.0,94.0,1.02,0.41,1.3
2024-02-05T03:00:00Z,2.9,10.95,0.0,94.0,1.04,0.2,1.5
2024-02-05T04:00:00Z,3.0,10.55,0.0,100.0,0.98,0.08,1.1
2024-02-05T05:00:00Z,3.2,10.4,0.0,100.0,0.9,0.04,0.6
2024-02-05T06:00:00Z,3.4,10.11,0.0,100.0,0.84,0.07,0.4
2024-02-05T07:00:00Z,3.7,10.06,0.0,100.0,0.8,0.22,0.9
2024-02-05T08:00:00Z,3.9,9.94,0.0,100.0,0.76,0.42,1.6
2024-02-05T09:00:00Z,3.9,9.86,0.0,100.0,0.72,0.55,1.8
2024-02-05T10:00:00Z,3.9,8.68,0.0,99.0,0.68,0.61,1.5
2024-02-05T11:00:00Z,3.8,7.96,0.0,99.0,0.62,0.65,0.8
2024-02-05T12:00:00Z,3.7,7.38,0.0,100.0,0.58,0.63,0.4
2024-02-05T13:00:00Z,3.5,7.62,0.0,100.0,0.56,0.47,0.7
2024-02-05T14:00:00Z,3.4,6.82,0.0,100.0,0.54,0.2,1.5
2024-02-05T15:00:00Z,3.3,6.18,0.0,100.0,0.52,-0.11,2.1
2024-02-05T16:00:00Z,3.3,6.26,0.0,100.0,0.52,-0.32,1.9
2024-02-05T17:00:00Z,3.3,6.61,0.0,100.0,0.52,-0.42,1.5
2024-02-05T18:00:00Z,3.3,7.27,0.0,100.0,0.52,-0.39,1.0
2024-02-05T19:00:00Z,3.2,7.28,0.0,100.0,0.5,-0.17,1.3
2024-02-05T20:00:00Z,3.1,6.49,0.0,100.0,0.48,0.2,2.4
2024-02-05T21:00:00Z,3.1,6.71,0.0,100.0,0.46,0.59,3.1
2024-02-05T22:00:00Z,3.0,6.31,0.0,100.0,0.44,0.92,2.9
2024-02-05T23:00:00Z,3.0,6.24,0.1,100.0,0.44,1.19,2.4
2024-02-06T00:00:00Z,3.1,6.32,0.1,100.0,0.42,1.37,1.7
2024-02-06T01:00:00Z,3.3,6.01,0.1,100.0,0.44,1.37,0.9
2024-02-06T02:00:00Z,3.4,7.73,0.2,100.0,0.44,1.16,1.3
2024-02-06T03:00:00Z,2.8,7.86,0.5,100.0,0.46,0.81,2.3
2024-02-06T04:00:00Z,2.7,7.84,0.5,100.0,0.48,0.45,2.7
2024-02-06T05:00:00Z,2.7,6.75,0.5,100.0,0.52,0.15,2.9
2024-02-06T06:00:00Z,3.1,6.65,0.4,100.0,0.54,-0.07,2.6
2024-02-06T07:00:00Z,3.6,7.38,0.7,100.0,0.54,-0.17,2.0
2024-02-06T08:00:00Z,4.0,7.62,0.7,100.0,0.54,-0.07,1.3
2024-02-06T09:00:00Z,3.9,7.54,0.5,100.0,0.54,0.15,1.4
2024-02-06T10:00:00Z,4.4,7.03,0.2,100.0,0.54,0.35,1.8
2024-02-06T11:00:00Z,4.7,7.26,0.2,100.0,0.52,0.52,1.7
2024-02-06T12:00:00Z,4.9,6.87,0.2,100.0,0.52,0.66,1.2
2024-02-06T13:00:00Z,5.0,7.65,0.1,100.0,0.52,0.67,0.6
2024-02-06T14:00:00Z,5.2,8.04,0.0,100.0,0.52,0.48,0.8
2024-02-06T15:00:00Z,5.2,7.99,0.1,100.0,0.52,0.15,1.8
2024-02-06T16:00:00Z,5.3,8.4,0.1,100.0,0.54,-0.21,2.2
2024-02-06T17:00:00Z,5.3,8.32,0.0,100.0,0.54,-0.49,2.2
2024-02-06T18:00:00Z,5.2,8.51,0.0,100.0,0.56,-0.65,1.5
2024-02-06T19:00:00Z,5.3,8.7,0.1,99.0,0.56,-0.65,1.1
2024-02-06T20:00:00Z,5.6,8.81,0.0,100.0,0.58,-0.42,1.5
2024-02-06T21:00:00Z,5.9,8.87,0.0,99.0,0.58,0.03,3.0
2024-02-06T22:00:00Z,5.6,8.71,0.0,100.0,0.6,0.55,4.2
2024-02-06T23:00:00Z,5.7,9.06,0.0,100.0,0.62,1.02,4.3
2024-02-07T00:00:00Z,5.9,8.81,0.0,100.0,0.64,1.43,3.8
2024-02-07T01:00:00Z,5.9,8.5,0.0,100.0,0.74,1.7,2.9
2024-02-07T02:00:00Z,5.8,8.82,0.1,100.0,0.82,1.7,1.5
2024-02-07T03:00:00Z,5.8,9.14,0.0,100.0,0.92,1.41,0.8
2024-02-07T04:00:00Z,5.5,9.21,0.0,100.0,0.86,0.96,2.0
2024-02-07T05:00:00Z,5.3,9.2,0.0,100.0,0.78,0.48,2.8
2024-02-07T06:00:00Z,5.2,9.1,0.0,100.0,0.72,0.05,3.1
2024-02-07T07:00:00Z,5.2,9.0,0.0,100.0,0.76,-0.27,2.8
2024-02-07T08:00:00Z,5.2,8.8,0.0,98.0,0.78,-0.38,1.9
2024-02-07T09:00:00Z,5.2,9.11,0.0,98.0,0.82,-0.25,0.9
2024-02-07T10:00:00Z,4.7,8.63,0.0,68.0,0.9,0.05,1.7
2024-02-07T11:00:00Z,4.6,8.5,0.0,93.0,0.96,0.38,2.4
2024-02-07T12:00:00Z,4.4,9.0,0.0,97.0,1.04,0.68,2.2
2024-02-07T13:00:00Z,4.2,8.93,0.0,98.0,0.94,0.9,1.8
2024-02-07T14:00:00Z,4.0,8.15,0.0,93.0,0.86,0.91,0.7
2024-02-07T15:00:00Z,4.0,6.8,0.0,99.0,0.76,0.65,0.6
2024-02-07T16:00:00Z,3.9,7.52,0.0,100.0,0.72,0.21,2.1
2024-02-07T17:00:00Z,3.9,7.57,0.0,100.0,0.68,-0.25,2.8
2024-02-07T18:00:00Z,3.9,7.99,0.0,100.0,0.64,-0.62,2.8
2024-02-07T19:00:00Z,3.9,8.42,0.0,98.0,0.62,-0.86,2.3
2024-02-07T20:00:00Z,3.8,8.6,0.0,99.0,0.58,-0.89,1.5
2024-02-07T21:00:00Z,3.7,8.45,0.0,100.0,0.56,-0.59,1.4
2024-02-07T22:00:00Z,3.7,7.61,0.0,100.0,0.54,-0.03,3.1
2024-02-07T23:00:00Z,3.8,7.01,0.0,100.0,0.5,0.61,4.3
2024-02-08T00:00:00Z,4.0,6.34,0.0,100.0,0.48,1.2,4.5
2024-02-08T01:00:00Z,4.1,6.45,0.0,96.0,0.48,1.7,4.0
2024-02-08T02:00:00Z,4.1,6.46,0.0,99.0,0.46,1.96,2.7
2024-02-08T03:00:00Z,4.2,6.06,0.0,98.0,0.46,1.88,0.9
2024-02-08T04:00:00Z,4.3,6.17,0.0,84.0,0.44,1.46,1.4
2024-02-08T05:00:00Z,4.4,6.33,0.0,63.0,0.44,0.87,3.1
2024-02-08T06:00:00Z,4.6,5.98,0.0,80.0,0.42,0.24,4.2
2024-02-08T07:00:00Z,4.9,6.31,0.0,82.0,0.4,-0.29,4.4
2024-02-08T08:00:00Z,5.1,6.92,0.0,99.0,0.4,-0.67,3.8
2024-02-08T09:00:00Z,5.2,6.41,0.0,99.0,0.38,-0.78,2.4
2024-02-08T10:00:00Z,5.1,5.71,0.0,57.0,0.38,-0.54,0.9
2024-02-08T11:00:00Z,5.0,5.82,0.0,34.0,0.38,-0.11,2.1
2024-02-08T12:00:00Z,4.8,5.63,0.0,13.0,0.38,0.35,2.9
2024-02-08T13:00:00Z,4.7,5.14,0.0,1.0,0.36,0.75,2.9
2024-02-08T14:00:00Z,4.7,4.64,0.0,1.0,0.36,0.98,2.0
2024-02-08T15:00:00Z,4.7,4.7,0.0,1.0,0.34,0.93,0.6
2024-02-08T16:00:00Z,4.7,4.72,0.0,0.0,0.32,0.57,1.3
2024-02-08T17:00:00Z,4.7,4.4,0.0,24.0,0.28,0.01,2.9
2024-02-08T18:00:00Z,4.7,4.58,0.0,78.0,0.26,-0.56,3.6
2024-02-08T19:00:00Z,4.7,5.09,0.0,94.0,0.26,-1.03,3.9
2024-02-08T20:00:00Z,4.7,5.59,0.0,99.0,0.26,-1.3,3.3
2024-02-08T21:00:00Z,4.6,6.01,0.0,73.0,0.26,-1.28,2.1
2024-02-08T22:00:00Z,4.6,5.33,0.0,7.0,0.26,-0.86,2.2
2024-02-08T23:00:00Z,4.5,4.64,0.0,0.0,0.26,-0.14,4.2
2024-02-09T00:00:00Z,4.5,5.04,0.0,0.0,0.26,0.67,5.6
2024-02-09T01:00:00Z,4.4,5.75,0.0,0.0,0.26,1.41,5.6
2024-02-09T02:00:00Z,4.4,5.66,0.0,0.0,0.28,1.94,4.7
2024-02-09T03:00:00Z,4.5,5.16,0.0,0.0,0.28,2.13,2.9
2024-02-09T04:00:00Z,4.7,4.79,0.0,0.0,0.28,1.92,0.6
2024-02-09T05:00:00Z,5.1,4.34,0.0,0.0,0.3,1.38,2.0
2024-02-09T06:00:00Z,5.4,3.94,0.0,0.0,0.3,0.67,4.0
2024-02-09T07:00:00Z,5.6,2.86,0.0,0.0,0.28,-0.03,4.9
2024-02-09T08:00:00Z,5.8,1.75,0.0,0.0,0.26,-0.62,5.1
2024-02-09T09:00:00Z,5.9,0.92,0.0,0.0,0.24,-0.98,4.2
2024-02-09T10:00:00Z,6.3,1.02,0.0,0.0,0.22,-0.96,2.3
2024-02-09T11:00:00Z,6.3,0.82,0.0,0.0,0.22,-0.56,0.8
2024-02-09T12:00:00Z,6.3,0.36,0.0,4.0,0.2,0.03,2.5
2024-02-09T13:00:00Z,6.6,0.32,0.0,19.0,0.18,0.62,3.4
2024-02-09T14:00:00Z,6.4,0.98,0.0,40.0,0.18,1.07,3.1
2024-02-09T15:00:00Z,6.4,1.7,0.0,66.0,0.16,1.25,1.8
2024-02-09T16:00:00Z,6.5,2.31,0.0,76.0,0.16,1.07,0.3
2024-02-09T17:00:00Z,6.5,2.56,0.0,65.0,0.14,0.56,2.4
2024-02-09T18:00:00Z,6.6,2.84,0.0,15.0,0.14,-0.13,4.2
2024-02-09T19:00:00Z,6.5,3.32,0.0,0.0,0.14,-0.8,5.1
2024-02-09T20:00:00Z,6.6,3.55,0.0,0.0,0.12,-1.32,5.0
2024-02-09T21:00:00Z,6.6,3.78,0.0,0.0,0.12,-1.58,4.0
2024-02-09T22:00:00Z,6.7,4.25,0.0,0.0,0.12,-1.47,2.2
2024-02-09T23:00:00Z,6.8,4.07,0.0,2.0,0.12,-0.91,1.4
2024-02-10T00:00:00Z,6.8,4.16,0.0,2.0,0.12,-0.04,3.8
2024-02-10T01:00:00Z,6.7,4.35,0.0,0.0,0.16,0.87,5.0
2024-02-10T02:00:00Z,6.6,4.46,0.0,0.0,0.22,1.62,4.9
2024-02-10T03:00:00Z,6.6,4.16,0.0,0.0,0.26,2.08,3.3
2024-02-10T04:00:00Z,6.8,3.83,0.0,0.0,0.26,2.15,1.0
2024-02-10T05:00:00Z,7.1,3.6,0.0,0.0,0.26,1.79,1.7
2024-02-10T06:00:00Z,7.4,3.1,0.0,0.0,0.26,1.1,4.1
2024-02-10T07:00:00Z,7.7,2.65,0.0,0.0,0.24,0.29,5.9
2024-02-10T08:00:00Z,7.9,2.25,0.0,0.0,0.24,-0.47,6.7
2024-02-10T09:00:00Z,8.0,2.33,0.0,0.0,0.22,-1.05,6.3
2024-02-10T10:00:00Z,8.0,2.6,0.0,0.0,0.2,-1.33,4.9
2024-02-10T11:00:00Z,8.0,3.61,0.0,0.0,0.16,-1.16,2.2
2024-02-10T12:00:00Z,7.7,4.14,0.0,0.0,0.14,-0.58,0.9
2024-02-10T13:00:00Z,7.6,4.33,0.0,0.0,0.14,0.15,3.1
2024-02-10T14:00:00Z,7.6,4.9,0.0,0.0,0.14,0.8,3.7
2024-02-10T15:00:00Z,7.6,5.12,0.0,1.0,0.14,1.23,3.1
2024-02-10T16:00:00Z,7.8,5.46,0.0,2.0,0.2,1.33,1.7
2024-02-10T17:00:00Z,7.9,5.63,0.0,6.0,0.24,1.03,1.7
2024-02-10T18:00:00Z,7.8,5.01,0.0,23.0,0.3,0.41,3.5
2024-02-10T19:00:00Z,7.8,4.74,0.0,28.0,0.32,-0.34,5.4
2024-02-10T20:00:00Z,7.7,5.64,0.0,6.0,0.32,-1.05,6.3
2024-02-10T21:00:00Z,7.6,7.92,0.0,12.0,0.34,-1.57,5.8
2024-02-10T22:00:00Z,7.2,6.8,0.0,9.0,0.34,-1.76,4.1
2024-02-10T23:00:00Z,6.9,5.52,0.0,0.0,0.32,-1.51,1.8
2024-02-11T00:00:00Z,6.7,5.41,0.0,0.0,0.32,-0.79,2.2
2024-02-11T01:00:00Z,6.5,5.2,0.0,0.0,0.32,0.21,4.7
2024-02-11T02:00:00Z,6.4,4.93,0.0,0.0,0.32,1.15,5.8
2024-02-11T03:00:00Z,6.5,4.49,0.0,0.0,0.32,1.86,5.0
2024-02-11T04:00:00Z,6.8,4.42,0.0,0.0,0.3,2.22,3.3
2024-02-11T05:00:00Z,7.0,4.0,0.0,0.0,0.26,2.13,0.8
2024-02-11T06:00:00Z,7.2,3.31,0.0,0.0,0.24,1.61,2.2
2024-02-11T07:00:00Z,7.4,2.57,0.0,0.0,0.22,0.82,4.5
2024-02-11T08:00:00Z,7.4,1.94,0.0,0.0,0.2,-0.03,6.0
2024-02-11T09:00:00Z,7.3,1.62,0.0,0.0,0.18,-0.77,6.3
2024-02-11T10:00:00Z,7.7,1.91,0.0,0.0,0.16,-1.27,5.6
2024-02-11T11:00:00Z,7.8,2.94,0.0,0.0,0.16,-1.39,3.5
2024-02-11T12:00:00Z,7.7,3.47,0.0,0.0,0.14,-1.03,0.5
2024-02-11T13:00:00Z,7.4,3.86,0.0,0.0,0.12,-0.3,2.7
2024-02-11T14:00:00Z,7.3,4.39,0.0,0.0,0.12,0.49,4.6
2024-02-11T15:00:00Z,7.3,4.78,0.0,0.0,0.1,1.12,4.5
2024-02-11T16:00:00Z,7.3,5.15,0.0,0.0,0.14,1.46,3.2
2024-02-11T17:00:00Z,7.3,5.63,0.0,0.0,0.16,1.42,1.6
2024-02-11T18:00:00Z,7.5,6.2,0.0,0.0,0.2,0.99,2.4
2024-02-11T19:00:00Z,7.6,6.28,0.0,0.0,0.24,0.27,4.4
2024-02-11T20:00:00Z,7.7,6.2,0.0,0.0,0.26,-0.54,6.1
2024-02-11T21:00:00Z,7.8,6.24,0.0,0.0,0.3,-1.23,6.5
2024-02-11T22:00:00Z,7.9,6.32,0.0,0.0,0.32,-1.66,5.8
2024-02-11T23:00:00Z,7.9,6.79,0.0,0.0,0.34,-1.74,3.6
2024-02-12T00:00:00Z,8.1,7.04,0.0,0.0,0.36,-1.33,0.6
2024-02-12T01:00:00Z,8.2,7.22,0.0,0.0,0.38,-0.49,2.7
2024-02-12T02:00:00Z,8.4,7.5,0.0,0.0,0.4,0.51,5.1
2024-02-12T03:00:00Z,8.6,7.96,0.0,0.0,0.42,1.38,5.5
2024-02-12T04:00:00Z,8.9,8.46,0.0,0.0,0.46,1.94,4.4
2024-02-12T05:00:00Z,9.1,8.59,0.0,0.0,0.48,2.11,2.6
2024-02-12T06:00:00Z,9.2,8.45,0.0,0.0,0.52,1.83,1.6
2024-02-12T07:00:00Z,9.3,8.64,0.0,0.0,0.54,1.16,3.8
2024-02-12T08:00:00Z,9.3,8.93,0.0,0.0,0.56,0.29,5.8
2024-02-12T09:00:00Z,9.3,9.43,0.0,0.0,0.58,-0.57,6.9
2024-02-12T10:00:00Z,9.6,9.52,0.0,0.0,0.6,-1.24,6.7
2024-02-12T11:00:00Z,9.6,9.74,0.0,0.0,0.64,-1.6,5.2
2024-02-12T12:00:00Z,9.6,9.95,0.0,0.0,0.66,-1.54,2.9
2024-02-12T13:00:00Z,9.6,10.04,0.0,0.0,0.68,-1.02,1.0
2024-02-12T14:00:00Z,9.6,10.04,0.0,0.0,0.7,-0.22,3.4
2024-02-12T15:00:00Z,9.6,10.1,0.0,0.0,0.72,0.55,4.7
2024-02-12T16:00:00Z,9.5,10.05,0.0,0.0,0.72,1.1,4.2
2024-02-12T17:00:00Z,9.5,10.13,0.0,0.0,0.7,1.32,2.8
2024-02-12T18:00:00Z,9.6,9.92,0.0,8.0,0.7,1.15,1.6
2024-02-12T19:00:00Z,9.6,9.85,0.0,35.0,0.7,0.63,2.8
2024-02-12T20:00:00Z,9.6,9.58,0.0,73.0,0.68,-0.14,4.6
2024-02-12T21:00:00Z,9.6,9.22,0.0,97.0,0.68,-0.91,5.6
2024-02-12T22:00:00Z,9.8,8.04,0.0,79.0,0.7,-1.5,5.4
2024-02-12T23:00:00Z,9.8,8.51,0.0,96.0,0.72,-1.81,4.1
2024-02-13T00:00:00Z,9.9,8.63,0.0,61.0,0.74,-1.72,1.8
2024-02-13T01:00:00Z,10.0,8.22,0.0,80.0,0.72,-1.17,1.3
2024-02-13T02:00:00Z,10.1,8.22,0.0,83.0,0.68,-0.26,4.4
2024-02-13T03:00:00Z,10.3,8.54,0.0,70.0,0.66,0.7,6.2
2024-02-13T04:00:00Z,10.5,8.71,0.0,70.0,0.64,1.45,6.1
2024-02-13T05:00:00Z,10.7,8.69,0.0,21.0,0.64,1.85,4.6
2024-02-13T06:00:00Z,10.8,8.76,0.0,19.0,0.62,1.87,2.6
2024-02-13T07:00:00Z,11.0,8.86,0.0,34.0,0.6,1.47,1.6
2024-02-13T08:00:00Z,11.0,8.86,0.0,17.0,0.6,0.75,3.4
2024-02-13T09:00:00Z,10.9,9.15,0.0,7.0,0.58,-0.1,5.1
2024-02-13T10:00:00Z,11.3,9.24,0.0,46.0,0.6,-0.84,5.6
2024-02-13T11:00:00Z,11.2,9.22,0.0,53.0,0.6,-1.35,4.9
2024-02-13T12:00:00Z,11.1,8.73,0.1,94.0,0.62,-1.5,3.1
2024-02-13T13:00:00Z,11.1,8.63,0.0,94.0,0.6,-1.24,0.4
2024-02-13T14:00:00Z,11.0,8.24,0.3,97.0,0.56,-0.58,2.6
2024-02-13T15:00:00Z,10.7,7.26,0.6,71.0,0.54,0.25,5.0
2024-02-13T16:00:00Z,10.5,6.96,0.3,84.0,0.5,0.95,5.6
2024-02-13T17:00:00Z,10.5,7.12,0.3,90.0,0.46,1.37,4.6
2024-02-13T18:00:00Z,10.4,7.11,0.0,47.0,0.42,1.47,2.8
2024-02-13T19:00:00Z,10.3,6.89,0.0,38.0,0.4,1.23,1.5
2024-02-13T20:00:00Z,10.3,6.41,0.0,11.0,0.38,0.66,2.4
2024-02-13T21:00:00Z,10.2,5.81,0.0,2.0,0.36,-0.08,4.0
2024-02-13T22:00:00Z,10.4,4.75,0.0,1.0,0.32,-0.77,4.9
2024-02-13T23:00:00Z,10.2,4.34,0.0,3.0,0.3,-1.24,4.3
2024-02-14T00:00:00Z,9.8,3.24,0.0,1.0,0.26,-1.41,2.9
2024-02-14T01:00:00Z,9.6,2.91,0.0,5.0,0.24,-1.21,0.6
2024-02-14T02:00:00Z,9.4,2.26,0.0,4.0,0.22,-0.61,2.3
2024-02-14T03:00:00Z,9.7,1.53,0.0,0.0,0.2,0.24,4.9
2024-02-14T04:00:00Z,10.2,0.86,0.0,0.0,0.18,1.05,6.0
2024-02-14T05:00:00Z,10.2,1.84,0.0,0.0,0.16,1.6,5.5
2024-02-14T06:00:00Z,10.4,3.22,0.0,20.0,0.14,1.81,3.8
2024-02-14T07:00:00Z,10.7,3.81,0.0,47.0,0.14,1.67,1.8
2024-02-14T08:00:00Z,10.6,4.02,0.0,89.0,0.12,1.18,1.4
2024-02-14T09:00:00Z,9.9,3.96,0.0,100.0,0.12,0.45,3.3
2024-02-14T10:00:00Z,9.7,3.97,0.0,95.0,0.12,-0.31,4.5
2024-02-14T11:00:00Z,9.7,4.42,0.0,99.0,0.14,-0.91,4.5
2024-02-14T12:00:00Z,9.6,4.46,0.0,90.0,0.14,-1.23,3.4
2024-02-14T13:00:00Z,9.7,4.83,0.0,89.0,0.16,-1.23,1.6
2024-02-14T14:00:00Z,9.8,5.19,0.0,73.0,0.2,-0.85,0.9
2024-02-14T15:00:00Z,9.9,4.92,0.0,73.0,0.22,-0.16,3.5
2024-02-14T16:00:00Z,10.0,4.7,0.0,68.0,0.22,0.59,4.9
2024-02-14T17:00:00Z,9.9,4.61,0.0,77.0,0.2,1.16,4.8
2024-02-14T18:00:00Z,9.9,4.61,0.0,85.0,0.2,1.45,3.6
2024-02-14T19:00:00Z,9.9,4.25,0.0,96.0,0.2,1.46,1.9
2024-02-14T20:00:00Z,9.8,4.07,0.0,95.0,0.18,1.14,1.4
2024-02-14T21:00:00Z,9.8,4.22,0.0,86.0,0.18,0.58,2.9
2024-02-14T22:00:00Z,9.8,3.92,0.0,27.0,0.16,-0.08,4.1
2024-02-14T23:00:00Z,9.7,3.72,0.0,25.0,0.16,-0.63,4.7
2024-02-15T00:00:00Z,9.5,2.01,0.0,43.0,0.14,-0.97,4.0
2024-02-15T01:00:00Z,9.4,8.52,0.2,100.0,0.18,-1.04,2.3
2024-02-15T02:00:00Z,8.4,12.52,0.1,99.0,0.22,-0.75,1.4
2024-02-15T03:00:00Z,7.9,13.21,0.0,100.0,0.26,-0.19,3.2
2024-02-15T04:00:00Z,7.6,13.41,0.1,100.0,0.48,0.54,5.1
2024-02-15T05:00:00Z,7.5,13.3,0.7,100.0,0.7,1.16,5.6
2024-02-15T06:00:00Z,7.4,12.46,1.1,100.0,0.92,1.54,4.5
2024-02-15T07:00:00Z,7.2,12.02,0.7,100.0,0.98,1.61,2.7
2024-02-15T08:00:00Z,7.1,11.5,0.5,100.0,1.06,1.41,0.7
2024-02-15T09:00:00Z,6.9,11.3,0.3,100.0,1.12,0.93,1.5
2024-02-15T10:00:00Z,6.1,10.61,0.2,100.0,1.14,0.29,3.2
2024-02-15T11:00:00Z,6.2,10.51,0.2,100.0,1.14,-0.3,3.8
2024-02-15T12:00:00Z,6.4,10.22,0.1,100.0,1.16,-0.71,3.7
2024-02-15T13:00:00Z,6.4,10.8,0.0,99.0,1.08,-0.85,2.6
2024-02-15T14:00:00Z,6.4,10.51,0.0,95.0,0.98,-0.72,1.5
2024-02-15T15:00:00Z,6.3,9.44,0.0,100.0,0.9,-0.29,2.3
2024-02-15T16:00:00Z,6.2,8.91,0.0,100.0,0.84,0.35,4.2
2024-02-15T17:00:00Z,6.0,8.71,0.0,100.0,0.78,0.99,5.0
2024-02-15T18:00:00Z,5.9,8.51,0.0,100.0,0.72,1.45,4.7
2024-02-15T19:00:00Z,5.9,8.23,0.0,99.0,0.68,1.68,3.4
2024-02-15T20:00:00Z,5.8,8.2,0.0,98.0,0.66,1.66,1.6
2024-02-15T21:00:00Z,5.7,7.86,0.0,92.0,0.62,1.36,0.5
2024-02-15T22:00:00Z,5.8,6.18,0.0,74.0,0.58,0.85,2.4
2024-02-15T23:00:00Z,5.8,5.98,0.0,79.0,0.54,0.28,3.5
2024-02-16T00:00:00Z,5.9,5.39,0.0,90.0,0.5,-0.19,3.8
2024-02-16T01:00:00Z,6.0,5.05,0.0,94.0,0.46,-0.45,3.3
2024-02-16T02:00:00Z,6.1,4.64,0.0,82.0,0.44,-0.51,2.3
2024-02-16T03:00:00Z,6.1,4.06,0.0,4.0,0.4,-0.33,1.5
2024-02-16T04:00:00Z,6.2,3.64,0.0,2.0,0.38,0.06,1.8
2024-02-16T05:00:00Z,6.2,3.35,0.0,31.0,0.34,0.52,2.4
2024-02-16T06:00:00Z,6.2,3.04,0.0,36.0,0.32,0.84,2.4
2024-02-16T07:00:00Z,6.3,2.92,0.0,34.0,0.3,0.97,1.5
2024-02-16T08:00:00Z,6.3,3.13,0.0,43.0,0.28,0.92,0.2
2024-02-16T09:00:00Z,6.4,3.11,0.0,82.0,0.26,0.65,1.5
2024-02-16T10:00:00Z,6.0,2.86,0.0,78.0,0.26,0.19,2.7
2024-02-16T11:00:00Z,6.0,3.92,0.0,69.0,0.24,-0.36,3.8
2024-02-16T12:00:00Z,6.2,4.52,0.0,35.0,0.24,-0.82,3.8
2024-02-16T13:00:00Z,6.3,4.86,0.0,26.0,0.28,-1.08,3.1
2024-02-16T14:00:00Z,6.5,5.45,0.0,10.0,0.32,-1.13,1.8
2024-02-16T15:00:00Z,6.8,5.96,0.0,11.0,0.36,-0.96,0.4
2024-02-16T16:00:00Z,7.0,6.13,0.0,13.0,0.36,-0.55,1.6
2024-02-16T17:00:00Z,7.2,5.95,0.0,5.0,0.34,0.0,3.3
2024-02-16T18:00:00Z,7.4,5.41,0.0,6.0,0.34,0.51,3.8
2024-02-16T19:00:00Z,7.5,5.37,0.0,4.0,0.36,0.86,3.4
2024-02-16T20:00:00Z,7.6,5.64,0.0,36.0,0.4,1.04,2.4
2024-02-16T21:00:00Z,7.8,6.4,0.0,76.0,0.42,1.03,1.4
2024-02-16T22:00:00Z,8.0,6.31,0.0,97.0,0.42,0.83,1.4
2024-02-16T23:00:00Z,8.2,6.94,0.0,99.0,0.42,0.46,2.3
2024-02-17T00:00:00Z,8.4,6.94,0.0,65.0,0.42,0.06,3.1
2024-02-17T01:00:00Z,8.6,7.42,0.0,57.0,0.42,-0.25,3.1
2024-02-17T02:00:00Z,8.7,7.89,0.0,6.0,0.44,-0.4,2.5
2024-02-17T03:00:00Z,8.9,8.01,0.0,0.0,0.44,-0.42,1.5
2024-02-17T04:00:00Z,9.1,8.26,0.0,0.0,0.46,-0.27,0.4
2024-02-17T05:00:00Z,9.3,8.62,0.0,12.0,0.46,0.05,1.2
2024-02-17T06:00:00Z,9.5,8.69,0.0,16.0,0.48,0.39,2.3
2024-02-17T07:00:00Z,9.6,8.86,0.0,19.0,0.52,0.61,2.2
2024-02-17T08:00:00Z,9.8,9.17,0.0,50.0,0.54,0.7,1.8
2024-02-17T09:00:00Z,9.9,9.22,0.0,65.0,0.58,0.67,1.5
2024-02-17T10:00:00Z,10.5,9.08,0.0,53.0,0.6,0.49,1.8
2024-02-17T11:00:00Z,10.6,9.4,0.0,37.0,0.64,0.15,2.3
2024-02-17T12:00:00Z,10.7,9.96,0.0,29.0,0.66,-0.25,2.8
2024-02-17T13:00:00Z,10.8,10.12,0.0,44.0,0.66,-0.58,2.7
2024-02-17T14:00:00Z,10.9,10.38,0.0,56.0,0.68,-0.75,2.2
2024-02-17T15:00:00Z,10.9,10.4,0.0,72.0,0.68,-0.76,1.1
2024-02-17T16:00:00Z,11.0,10.28,0.0,57.0,0.68,-0.63,0.2
2024-02-17T17:00:00Z,11.1,10.38,0.0,72.0,0.66,-0.31,1.5
2024-02-17T18:00:00Z,11.1,10.38,0.0,32.0,0.66,0.13,2.8
2024-02-17T19:00:00Z,11.2,10.21,0.0,41.0,0.68,0.52,3.4
2024-02-17T20:00:00Z,11.3,10.21,0.0,8.0,0.68,0.82,3.1
2024-02-17T21:00:00Z,11.4,10.09,0.0,6.0,0.7,1.02,2.5
2024-02-17T22:00:00Z,11.5,9.53,0.0,16.0,0.7,1.09,1.7
2024-02-17T23:00:00Z,11.6,10.0,0.0,68.0,0.7,0.98,1.1
2024-02-18T00:00:00Z,11.7,9.79,0.0,72.0,0.7,0.71,1.5
2024-02-18T01:00:00Z,11.9,10.16,0.0,71.0,0.7,0.41,2.1
2024-02-18T02:00:00Z,12.0,10.71,0.5,73.0,0.72,0.16,2.2
2024-02-18T03:00:00Z,12.2,10.89,0.0,75.0,0.72,-0.02,1.9
2024-02-18T04:00:00Z,12.4,10.61,0.0,77.0,0.72,-0.13,1.5
2024-02-18T05:00:00Z,12.7,10.41,0.0,79.0,0.72,-0.12,0.8
2024-02-18T06:00:00Z,13.0,10.32,0.0,69.0,0.72,0.03,0.6
2024-02-18T07:00:00Z,13.3,10.41,0.0,81.0,0.74,0.21,1.4
2024-02-18T08:00:00Z,13.6,10.55,0.0,87.0,0.74,0.33,1.7
2024-02-18T09:00:00Z,13.9,10.91,0.0,77.0,0.76,0.39,1.4
2024-02-18T10:00:00Z,13.6,10.6,0.0,50.0,0.72,0.4,1.3
2024-02-18T11:00:00Z,13.5,11.11,0.0,77.0,0.7,0.29,1.4
2024-02-18T12:00:00Z,13.5,11.23,0.0,30.0,0.66,0.04,1.9
2024-02-18T13:00:00Z,13.3,11.61,0.0,6.0,0.68,-0.28,2.4
2024-02-18T14:00:00Z,13.2,10.98,0.0,4.0,0.68,-0.56,2.5
2024-02-18T15:00:00Z,13.1,10.32,0.0,17.0,0.7,-0.75,2.2
2024-02-18T16:00:00Z,12.9,9.79,0.0,31.0,0.68,-0.84,1.5
2024-02-18T17:00:00Z,12.7,9.03,0.0,26.0,0.66,-0.82,0.7
2024-02-18T18:00:00Z,12.4,7.74,0.0,43.0,0.64,-0.62,0.4
2024-02-18T19:00:00Z,12.0,5.89,0.0,41.0,0.58,-0.3,1.7
2024-02-18T20:00:00Z,11.4,5.43,0.0,48.0,0.52,0.04,2.6
2024-02-18T21:00:00Z,11.0,4.94,0.0,33.0,0.46,0.36,2.8
2024-02-18T22:00:00Z,11.0,3.48,0.0,55.0,0.4,0.65,2.4
2024-02-18T23:00:00Z,10.8,3.32,0.0,41.0,0.36,0.86,1.9
2024-02-19T00:00:00Z,10.7,3.44,0.0,29.0,0.3,0.89,1.0
2024-02-19T01:00:00Z,10.6,3.54,0.0,19.0,0.26,0.73,0.2
2024-02-19T02:00:00Z,10.5,3.22,0.0,16.0,0.24,0.48,0.7
2024-02-19T03:00:00Z,10.6,2.1,0.0,13.0,0.2,0.24,1.1
2024-02-19T04:00:00Z,12.0,0.63,0.0,4.0,0.18,0.02,0.9
2024-02-19T05:00:00Z,11.3,2.86,0.0,12.0,0.18,-0.16,0.7
2024-02-19T06:00:00Z,11.2,6.18,0.0,31.0,0.16,-0.21,0.3
2024-02-19T07:00:00Z,10.0,7.26,0.0,91.0,0.26,-0.09,0.7
2024-02-19T08:00:00Z,8.8,8.16,0.0,96.0,0.34,0.08,1.6
2024-02-19T09:00:00Z,8.6,9.73,0.0,91.0,0.44,0.26,2.0
2024-02-19T10:00:00Z,8.7,9.35,0.1,96.0,0.52,0.47,2.0
2024-02-19T11:00:00Z,8.8,9.66,0.2,99.0,0.62,0.65,1.6
2024-02-19T12:00:00Z,9.0,9.84,0.1,94.0,0.7,0.7,1.1
2024-02-19T13:00:00Z,9.0,9.85,0.1,98.0,0.7,0.57,0.5
2024-02-19T14:00:00Z,9.1,9.38,0.1,99.0,0.72,0.33,0.9
2024-02-19T15:00:00Z,9.1,8.82,0.1,100.0,0.72,0.06,1.2
2024-02-19T16:00:00Z,9.1,8.58,0.2,100.0,0.72,-0.16,1.2
2024-02-19T17:00:00Z,9.1,7.9,0.1,100.0,0.7,-0.34,1.3
2024-02-19T18:00:00Z,9.1,7.6,0.1,100.0,0.7,-0.4,1.3
2024-02-19T19:00:00Z,9.2,7.44,0.2,100.0,0.7,-0.24,1.4
2024-02-19T20:00:00Z,9.2,7.48,0.1,100.0,0.7,0.06,2.3
2024-02-19T21:00:00Z,9.3,7.47,0.1,100.0,0.7,0.43,3.3
2024-02-19T22:00:00Z,8.9,7.35,0.1,100.0,0.68,0.84,3.5
2024-02-19T23:00:00Z,8.9,7.26,0.0,100.0,0.64,1.27,3.4
2024-02-20T00:00:00Z,9.0,7.38,0.1,100.0,0.62,1.54,2.7
2024-02-20T01:00:00Z,9.0,7.02,0.2,100.0,0.64,1.58,1.5
2024-02-20T02:00:00Z,9.1,6.84,0.2,100.0,0.66,1.37,0.7
2024-02-20T03:00:00Z,9.1,6.65,0.1,100.0,0.68,1.02,1.5
2024-02-20T04:00:00Z,9.0,6.96,0.1,100.0,0.66,0.62,2.3
2024-02-20T05:00:00Z,8.9,6.99,0.0,100.0,0.66,0.22,2.7
2024-02-20T06:00:00Z,8.9,6.94,0.0,100.0,0.64,-0.12,2.7
2024-02-20T07:00:00Z,9.0,6.91,0.0,100.0,0.64,-0.29,2.1
2024-02-20T08:00:00Z,9.0,6.8,0.0,100.0,0.62,-0.25,0.9
2024-02-20T09:00:00Z,9.1,6.69,0.0,100.0,0.62,-0.1,0.9
2024-02-20T10:00:00Z,8.9,6.98,0.0,100.0,0.64,0.12,1.5
2024-02-20T11:00:00Z,9.0,7.08,0.0,100.0,0.64,0.4,1.8
2024-02-20T12:00:00Z,9.0,6.52,0.0,100.0,0.66,0.64,1.6
2024-02-20T13:00:00Z,9.1,5.56,0.0,100.0,0.66,0.7,1.1
2024-02-20T14:00:00Z,9.1,5.1,0.1,100.0,0.64,0.53,0.4
2024-02-20T15:00:00Z,9.2,4.36,0.0,100.0,0.64,0.2,1.3
2024-02-20T16:00:00Z,9.3,4.03,0.0,100.0,0.56,-0.15,1.9
2024-02-20T17:00:00Z,9.3,3.38,0.0,100.0,0.48,-0.49,2.3
2024-02-20T18:00:00Z,9.4,3.61,0.3,100.0,0.4,-0.76,2.3
2024-02-20T19:00:00Z,9.4,3.2,0.0,98.0,0.38,-0.87,1.9
2024-02-20T20:00:00Z,9.4,2.69,0.2,100.0,0.38,-0.7,1.3
2024-02-20T21:00:00Z,9.6,2.98,0.4,100.0,0.36,-0.34,2.3
2024-02-20T22:00:00Z,9.1,5.9,1.0,100.0,0.42,0.14,3.5
2024-02-20T23:00:00Z,9.0,7.84,0.8,100.0,0.46,0.68,4.2
2024-02-21T00:00:00Z,8.9,7.94,1.3,100.0,0.52,1.2,4.2
2024-02-21T01:00:00Z,8.7,7.53,1.4,100.0,0.58,1.55,3.6
2024-02-21T02:00:00Z,8.6,7.91,1.7,100.0,0.62,1.58,2.4
2024-02-21T03:00:00Z,8.5,7.71,1.3,100.0,0.68,1.33,0.9
2024-02-21T04:00:00Z,8.4,7.8,0.1,100.0,0.72,0.93,1.3
2024-02-21T05:00:00Z,8.3,8.34,0.0,100.0,0.74,0.48,2.2
2024-02-21T06:00:00Z,8.3,8.94,0.0,100.0,0.78,0.03,2.7
2024-02-21T07:00:00Z,8.2,8.78,2.3,100.0,0.8,-0.35,2.9
2024-02-21T08:00:00Z,8.2,8.86,0.7,100.0,0.8,-0.5,2.1
2024-02-21T09:00:00Z,8.1,9.4,0.8,100.0,0.82,-0.42,0.7
2024-02-21T10:00:00Z,7.1,8.99,0.8,100.0,0.82,-0.16,1.4
2024-02-21T11:00:00Z,6.9,9.66,0.8,100.0,0.8,0.19,2.2
2024-02-21T12:00:00Z,6.7,10.11,0.8,100.0,0.8,0.59,2.5
2024-02-21T13:00:00Z,6.5,9.96,0.5,100.0,0.8,0.89,2.2
2024-02-21T14:00:00Z,6.3,11.13,1.0,100.0,0.82,0.94,1.3
2024-02-21T15:00:00Z,6.1,10.96,1.9,100.0,0.82,0.71,0.5
2024-02-21T16:00:00Z,6.1,10.33,1.0,100.0,0.84,0.3,1.5
2024-02-21T17:00:00Z,6.0,10.38,0.8,100.0,0.84,-0.14,2.1
2024-02-21T18:00:00Z,5.9,10.69,1.1,100.0,0.86,-0.53,2.3
2024-02-21T19:00:00Z,5.7,10.66,0.2,100.0,0.86,-0.81,2.3
2024-02-21T20:00:00Z,5.5,10.03,1.0,100.0,0.86,-0.85,1.5
2024-02-21T21:00:00Z,5.4,10.31,1.7,100.0,0.86,-0.59,1.5
2024-02-21T22:00:00Z,5.3,9.12,1.8,100.0,0.86,-0.1,3.1
2024-02-21T23:00:00Z,5.1,10.11,1.2,100.0,0.84,0.51,4.4
2024-02-22T00:00:00Z,5.1,10.43,0.6,100.0,0.84,1.17,4.9
2024-02-22T01:00:00Z,5.1,10.15,0.3,100.0,0.84,1.74,4.5
2024-02-22T02:00:00Z,5.2,10.02,0.2,100.0,0.84,2.02,3.4
2024-02-22T03:00:00Z,5.3,9.66,0.1,100.0,0.84,1.94,1.5
2024-02-22T04:00:00Z,5.2,9.85,0.4,100.0,0.84,1.56,0.9
2024-02-22T05:00:00Z,5.1,9.77,1.5,100.0,0.86,1.04,2.3
2024-02-22T06:00:00Z,5.2,9.69,1.1,100.0,0.86,0.48,3.3
2024-02-22T07:00:00Z,5.4,9.92,0.5,100.0,0.86,-0.05,3.7
2024-02-22T08:00:00Z,5.6,10.25,0.3,100.0,0.86,-0.42,3.4
2024-02-22T09:00:00Z,5.6,10.22,0.1,100.0,0.86,-0.5,2.1
2024-02-22T10:00:00Z,5.7,9.55,0.1,100.0,0.9,-0.3,0.9
2024-02-22T11:00:00Z,5.6,9.49,0.1,100.0,0.94,0.07,1.9
2024-02-22T12:00:00Z,5.5,10.02,0.0,100.0,0.98,0.54,2.7
2024-02-22T13:00:00Z,5.6,10.17,0.2,100.0,0.94,0.99,2.7
2024-02-22T14:00:00Z,5.4,10.18,1.0,100.0,0.88,1.25,2.2
2024-02-22T15:00:00Z,5.2,10.74,1.2,100.0,0.84,1.18,0.8
2024-02-22T16:00:00Z,5.0,10.49,1.4,100.0,0.84,0.8,1.3
2024-02-22T17:00:00Z,4.8,10.22,0.9,100.0,0.82,0.27,2.7
2024-02-22T18:00:00Z,4.6,10.15,0.3,100.0,0.82,-0.25,3.4
2024-02-22T19:00:00Z,4.6,10.52,0.5,100.0,0.82,-0.72,3.6
2024-02-22T20:00:00Z,4.5,10.6,0.4,100.0,0.82,-1.02,3.2
2024-02-22T21:00:00Z,4.5,10.83,0.1,100.0,0.82,-1.02,2.1
2024-02-22T22:00:00Z,4.2,9.59,0.1,100.0,0.96,-0.66,1.8
2024-02-22T23:00:00Z,4.4,9.66,0.3,100.0,1.1,-0.06,3.4
2024-02-23T00:00:00Z,4.3,10.33,0.2,100.0,1.24,0.64,4.6
2024-02-23T01:00:00Z,4.0,10.73,0.1,100.0,1.12,1.34,4.9
2024-02-23T02:00:00Z,4.0,9.79,0.0,100.0,0.98,1.86,4.3
2024-02-23T03:00:00Z,4.2,9.66,0.0,100.0,0.86,2.03,2.9
2024-02-23T04:00:00Z,4.4,9.42,0.0,100.0,0.82,1.81,0.8
2024-02-23T05:00:00Z,4.9,9.24,0.0,100.0,0.8,1.3,1.4
2024-02-23T06:00:00Z,5.5,9.19,0.0,100.0,0.76,0.67,3.0
2024-02-23T07:00:00Z,6.2,8.9,0.1,100.0,0.74,0.05,3.8
2024-02-23T08:00:00Z,6.6,8.45,0.1,100.0,0.74,-0.47,4.1
2024-02-23T09:00:00Z,6.7,8.45,0.3,100.0,0.72,-0.77,3.2
2024-02-23T10:00:00Z,5.8,8.39,0.2,100.0,0.72,-0.7,1.5
2024-02-23T11:00:00Z,5.8,8.81,0.1,100.0,0.72,-0.35,1.2
2024-02-23T12:00:00Z,5.6,9.35,0.2,100.0,0.72,0.16,2.5
2024-02-23T13:00:00Z,5.4,9.38,0.2,100.0,0.72,0.72,3.2
2024-02-23T14:00:00Z,5.3,9.72,0.1,100.0,0.7,1.18,3.1
2024-02-23T15:00:00Z,5.0,9.35,0.4,100.0,0.7,1.35,2.0
2024-02-23T16:00:00Z,4.9,9.53,0.5,100.0,0.68,1.15,0.4
2024-02-23T17:00:00Z,4.9,9.32,0.2,100.0,0.68,0.66,1.7
2024-02-23T18:00:00Z,4.9,8.7,0.2,100.0,0.66,0.05,3.1
2024-02-23T19:00:00Z,4.8,8.77,1.6,100.0,0.66,-0.52,3.7
2024-02-23T20:00:00Z,4.8,8.86,1.0,100.0,0.66,-0.98,3.8
2024-02-23T21:00:00Z,4.9,8.64,0.4,100.0,0.66,-1.21,3.1
2024-02-23T22:00:00Z,4.8,8.29,0.1,100.0,0.72,-1.06,1.6
2024-02-23T23:00:00Z,4.9,8.49,0.0,100.0,0.8,-0.52,2.3
2024-02-24T00:00:00Z,5.0,8.22,0.0,100.0,0.86,0.22,4.2
2024-02-24T01:00:00Z,5.1,8.7,0.2,100.0,0.84,1.0,5.2
2024-02-24T02:00:00Z,5.0,8.91,0.2,100.0,0.82,1.68,5.0
2024-02-24T03:00:00Z,4.7,8.91,0.5,100.0,0.8,2.08,3.8
2024-02-24T04:00:00Z,4.6,9.05,0.3,100.0,0.78,2.08,1.8
2024-02-24T05:00:00Z,4.5,9.49,0.2,100.0,0.74,1.67,0.6
2024-02-24T06:00:00Z,4.5,10.06,0.4,100.0,0.72,1.02,2.8
2024-02-24T07:00:00Z,4.4,9.92,0.6,100.0,0.72,0.32,4.0
2024-02-24T08:00:00Z,4.3,10.01,0.2,99.0,0.7,-0.31,4.6
2024-02-24T09:00:00Z,4.3,10.31,0.1,100.0,0.7,-0.78,4.3
2024-02-24T10:00:00Z,3.9,9.99,0.1,100.0,0.84,-0.92,2.7
2024-02-24T11:00:00Z,3.9,9.97,0.0,100.0,0.96,-0.65,0.9
2024-02-24T12:00:00Z,3.8,9.83,0.0,100.0,1.1,-0.13,2.2
2024-02-24T13:00:00Z,3.6,10.68,0.0,98.0,1.02,0.47,3.4
2024-02-24T14:00:00Z,3.4,10.82,0.0,100.0,0.92,1.01,3.6
2024-02-24T15:00:00Z,3.2,11.03,0.0,97.0,0.84,1.35,2.9
2024-02-24T16:00:00Z,2.9,10.82,0.1,100.0,0.84,1.34,1.3
2024-02-24T17:00:00Z,2.8,11.32,0.1,100.0,0.86,0.97,0.9
2024-02-24T18:00:00Z,2.5,11.62,0.0,100.0,0.86,0.35,2.8
2024-02-24T19:00:00Z,2.3,11.65,0.0,100.0,0.86,-0.32,4.1
2024-02-24T20:00:00Z,2.1,11.92,0.0,100.0,0.86,-0.88,4.3
2024-02-24T21:00:00Z,2.0,11.88,0.0,100.0,0.86,-1.25,3.6
2024-02-24T22:00:00Z,1.6,11.32,0.0,100.0,0.86,-1.31,2.4
2024-02-24T23:00:00Z,1.7,11.04,0.0,100.0,0.86,-0.95,1.5
2024-02-25T00:00:00Z,1.8,10.64,0.0,100.0,0.86,-0.26,3.5
2024-02-25T01:00:00Z,2.0,10.31,0.0,100.0,0.84,0.57,5.2
2024-02-25T02:00:00Z,2.2,9.78,0.0,100.0,0.84,1.32,5.8
2024-02-25T03:00:00Z,2.4,9.6,0.0,100.0,0.82,1.88,5.0
2024-02-25T04:00:00Z,2.8,9.49,0.0,100.0,0.8,2.08,3.2
2024-02-25T05:00:00Z,3.1,9.24,0.0,100.0,0.78,1.87,0.9
2024-02-25T06:00:00Z,3.5,9.19,0.0,100.0,0.76,1.32,1.5
2024-02-25T07:00:00Z,3.9,9.13,0.0,100.0,0.74,0.6,3.5
2024-02-25T08:00:00Z,4.2,8.99,0.0,100.0,0.72,-0.1,4.4
2024-02-25T09:00:00Z,4.5,8.84,0.0,100.0,0.7,-0.63,4.2
2024-02-25T10:00:00Z,4.5,8.47,0.0,100.0,0.68,-0.91,3.2
2024-02-25T11:00:00Z,4.8,8.23,0.0,99.0,0.68,-0.81,1.3
2024-02-25T12:00:00Z,5.1,8.15,0.0,100.0,0.66,-0.31,1.9
2024-02-25T13:00:00Z,5.4,9.14,0.0,100.0,0.68,0.37,4.0
2024-02-25T14:00:00Z,5.5,9.59,0.0,100.0,0.68,1.01,4.7
2024-02-25T15:00:00Z,5.6,9.48,0.0,100.0,0.7,1.48,4.1
2024-02-25T16:00:00Z,5.8,9.61,0.0,100.0,0.7,1.68,2.7
2024-02-25T17:00:00Z,5.8,9.08,0.0,100.0,0.72,1.5,0.7
2024-02-25T18:00:00Z,5.6,9.05,0.0,99.0,0.72,0.98,1.7
2024-02-25T19:00:00Z,5.4,9.33,0.0,99.0,0.72,0.29,3.5
2024-02-25T20:00:00Z,5.4,9.58,0.0,99.0,0.7,-0.38,4.2
2024-02-25T21:00:00Z,5.6,9.38,0.0,100.0,0.7,-0.87,4.1
2024-02-25T22:00:00Z,5.4,8.2,0.0,100.0,0.66,-1.1,3.1
2024-02-25T23:00:00Z,5.8,7.5,0.0,100.0,0.62,-0.96,1.6
2024-02-26T00:00:00Z,6.1,7.22,0.0,100.0,0.58,-0.43,2.3
2024-02-26T01:00:00Z,6.4,7.4,0.0,99.0,0.58,0.37,4.4
2024-02-26T02:00:00Z,6.5,7.31,0.0,99.0,0.56,1.15,5.6
2024-02-26T03:00:00Z,6.6,7.52,0.0,100.0,0.56,1.75,5.0
2024-02-26T04:00:00Z,6.7,7.75,0.0,97.0,0.56,2.07,3.8
2024-02-26T05:00:00Z,6.7,7.65,0.0,100.0,0.58,2.03,1.6
2024-02-26T06:00:00Z,6.7,7.88,0.0,100.0,0.58,1.6,0.9
2024-02-26T07:00:00Z,6.7,8.1,0.0,100.0,0.58,0.91,3.1
2024-02-26T08:00:00Z,6.7,8.24,0.0,100.0,0.56,0.15,4.6
2024-02-26T09:00:00Z,6.7,7.93,0.0,99.0,0.56,-0.48,4.8
2024-02-26T10:00:00Z,6.4,6.65,0.0,97.0,0.54,-0.89,4.1
2024-02-26T11:00:00Z,6.5,6.16,0.0,93.0,0.5,-0.97,2.4
2024-02-26T12:00:00Z,6.7,6.04,0.0,89.0,0.48,-0.65,1.1
2024-02-26T13:00:00Z,6.8,6.7,0.0,96.0,0.48,-0.03,2.8
2024-02-26T14:00:00Z,6.8,7.31,0.0,93.0,0.5,0.65,4.3
2024-02-26T15:00:00Z,6.9,7.62,0.0,94.0,0.5,1.19,4.3
2024-02-26T16:00:00Z,6.8,7.9,0.0,98.0,0.52,1.49,3.1
2024-02-26T17:00:00Z,6.8,8.0,0.0,97.0,0.56,1.49,1.3
2024-02-26T18:00:00Z,6.6,8.3,0.0,70.0,0.58,1.14,0.7
2024-02-26T19:00:00Z,6.6,8.13,0.0,71.0,0.56,0.52,2.9
2024-02-26T20:00:00Z,6.7,7.54,0.0,76.0,0.54,-0.18,4.2
2024-02-26T21:00:00Z,6.9,7.03,0.0,89.0,0.52,-0.77,4.6
2024-02-26T22:00:00Z,6.5,5.71,0.0,83.0,0.5,-1.12,3.8
2024-02-26T23:00:00Z,6.5,5.4,0.0,66.0,0.46,-1.16,2.2
2024-02-27T00:00:00Z,6.7,5.11,0.0,68.0,0.44,-0.84,1.4
2024-02-27T01:00:00Z,6.8,4.85,0.0,64.0,0.42,-0.17,3.2
2024-02-27T02:00:00Z,6.8,4.93,0.0,2.0,0.4,0.64,4.9
2024-02-27T03:00:00Z,6.7,4.88,0.0,0.0,0.38,1.31,5.2
2024-02-27T04:00:00Z,6.8,5.72,0.0,0.0,0.36,1.72,4.1
2024-02-27T05:00:00Z,7.1,5.95,0.0,0.0,0.36,1.84,2.3
2024-02-27T06:00:00Z,7.2,5.68,0.0,1.0,0.34,1.61,0.3
2024-02-27T07:00:00Z,7.3,5.6,0.0,3.0,0.34,1.07,2.1
2024-02-27T08:00:00Z,7.3,5.85,0.0,8.0,0.36,0.37,3.9
2024-02-27T09:00:00Z,7.2,6.44,0.0,11.0,0.36,-0.3,4.6
2024-02-27T10:00:00Z,7.1,5.96,0.0,22.0,0.38,-0.78,4.3
2024-02-27T11:00:00Z,7.1,5.74,0.0,39.0,0.4,-0.97,3.0
2024-02-27T12:00:00Z,7.2,5.33,0.0,65.0,0.42,-0.83,1.4
2024-02-27T13:00:00Z,7.3,4.74,0.0,79.0,0.42,-0.32,2.4
2024-02-27T14:00:00Z,7.3,4.07,0.0,100.0,0.42,0.41,4.4
2024-02-27T15:00:00Z,7.4,4.43,0.0,100.0,0.42,1.07,5.0
2024-02-27T16:00:00Z,7.5,5.0,0.0,100.0,0.42,1.51,4.3
2024-02-27T17:00:00Z,7.5,5.44,0.1,100.0,0.42,1.67,2.7
2024-02-27T18:00:00Z,7.6,5.46,0.1,100.0,0.42,1.52,0.6
2024-02-27T19:00:00Z,7.7,5.46,1.0,100.0,0.44,1.08,1.7
2024-02-27T20:00:00Z,7.7,5.36,0.6,100.0,0.44,0.42,3.5
2024-02-27T21:00:00Z,7.8,5.54,0.8,100.0,0.46,-0.24,4.6
2024-02-27T22:00:00Z,7.7,5.92,0.9,100.0,0.46,-0.71,4.4
2024-02-27T23:00:00Z,7.9,4.79,0.9,100.0,0.48,-0.9,3.2
2024-02-28T00:00:00Z,8.3,4.26,0.8,100.0,0.48,-0.78,1.9
2024-02-28T01:00:00Z,8.7,3.27,1.0,100.0,0.52,-0.31,2.4
2024-02-28T02:00:00Z,8.9,3.22,1.3,100.0,0.54,0.43,4.1
2024-02-28T03:00:00Z,9.1,4.47,1.4,100.0,0.58,1.16,5.1
2024-02-28T04:00:00Z,9.2,4.43,1.4,100.0,0.54,1.65,4.7
2024-02-28T05:00:00Z,9.2,3.69,1.1,100.0,0.52,1.84,3.1
2024-02-28T06:00:00Z,9.1,3.11,0.8,100.0,0.48,1.75,0.9
2024-02-28T07:00:00Z,9.1,2.71,1.6,100.0,0.46,1.35,1.3
2024-02-28T08:00:00Z,9.1,2.57,0.4,100.0,0.42,0.71,3.3
2024-02-28T09:00:00Z,9.1,2.56,0.2,100.0,0.4,0.01,4.6
2024-02-28T10:00:00Z,8.7,4.0,0.1,100.0,0.4,-0.55,4.6
2024-02-28T11:00:00Z,8.8,3.52,0.1,100.0,0.38,-0.85,3.6
2024-02-28T12:00:00Z,9.1,1.94,0.1,100.0,0.38,-0.84,1.9
2024-02-28T13:00:00Z,8.8,0.8,0.1,100.0,0.38,-0.5,1.4
2024-02-28T14:00:00Z,8.4,1.58,0.0,100.0,0.36,0.13,3.4
2024-02-28T15:00:00Z,8.5,1.94,0.2,100.0,0.36,0.86,4.9
2024-02-28T16:00:00Z,8.1,2.34,0.2,100.0,0.34,1.42,5.0
2024-02-28T17:00:00Z,7.8,3.75,0.2,100.0,0.34,1.69,3.6
2024-02-28T18:00:00Z,7.6,4.43,0.2,100.0,0.32,1.69,1.8
2024-02-28T19:00:00Z,7.4,4.24,0.1,100.0,0.3,1.41,0.4
2024-02-28T20:00:00Z,7.3,4.75,0.2,100.0,0.28,0.88,2.4
2024-02-28T21:00:00Z,7.3,6.89,0.9,100.0,0.26,0.25,4.0
2024-02-28T22:00:00Z,7.4,9.09,2.2,100.0,0.3,-0.32,4.4
2024-02-28T23:00:00Z,7.3,9.3,2.7,100.0,0.36,-0.66,3.7
2024-02-29T00:00:00Z,7.3,7.82,3.3,100.0,0.4,-0.71,2.2
2024-02-29T01:00:00Z,7.1,9.18,3.0,100.0,0.46,-0.46,1.1
2024-02-29T02:00:00Z,6.9,9.54,1.9,100.0,0.5,0.08,2.4
2024-02-29T03:00:00Z,6.8,9.52,1.0,100.0,0.56,0.76,4.0
2024-02-29T04:00:00Z,6.7,9.9,0.9,100.0,0.62,1.31,4.3
2024-02-29T05:00:00Z,6.6,10.06,0.7,100.0,0.66,1.58,3.2
2024-02-29T06:00:00Z,6.5,10.6,0.3,100.0,0.72,1.56,1.3
2024-02-29T07:00:00Z,6.5,11.09,0.7,100.0,0.78,1.29,0.7
2024-02-29T08:00:00Z,6.6,11.24,0.6,100.0,0.86,0.78,2.5
2024-02-29T09:00:00Z,6.8,11.27,0.5,100.0,0.92,0.15,4.0
2024-02-29T10:00:00Z,6.3,10.74,0.5,100.0,0.84,-0.43,4.4
2024-02-29T11:00:00Z,6.7,10.93,0.3,100.0,0.74,-0.8,3.6
2024-02-29T12:00:00Z,7.3,9.69,0.3,100.0,0.66,-0.87,1.9
2024-02-29T13:00:00Z,8.0,9.19,0.3,100.0,0.72,-0.64,1.3
2024-02-29T14:00:00Z,8.1,10.61,0.3,100.0,0.76,-0.12,3.2
2024-02-29T15:00:00Z,7.8,10.92,0.1,100.0,0.82,0.58,5.1
2024-02-29T16:00:00Z,7.5,10.81,0.0,92.0,0.88,1.23,5.8
2024-02-29T17:00:00Z,7.3,11.3,0.0,100.0,0.96,1.64,5.0
2024-02-29T18:00:00Z,7.1,11.43,0.0,99.0,1.02,1.75,3.4
2024-02-29T19:00:00Z,6.8,11.31,0.0,99.0,1.06,1.64,1.5
2024-02-29T20:00:00Z,6.4,11.46,0.0,100.0,1.08,1.31,0.6
2024-02-29T21:00:00Z,6.2,11.58,0.0,94.0,1.12,0.81,2.2
2024-02-29T22:00:00Z,5.4,10.16,0.0,74.0,1.08,0.28,3.2
2024-02-29T23:00:00Z,5.1,10.6,0.0,85.0,1.02,-0.13,3.3
2024-03-01T00:00:00Z,4.9,11.0,0.0,63.0,1.38,-0.28,2.3
2024-03-01T01:00:00Z,4.9,10.51,0.0,90.0,1.32,-0.17,1.3
2024-03-01T02:00:00Z,4.9,10.23,0.0,81.0,1.26,0.17,1.9
2024-03-01T03:00:00Z,4.9,9.95,0.0,95.0,1.2,0.69,3.2
2024-03-01T04:00:00Z,4.9,9.93,0.0,100.0,1.2,1.23,4.0
2024-03-01T05:00:00Z,4.9,10.34,0.0,100.0,1.2,1.57,3.6
2024-03-01T06:00:00Z,4.8,10.37,0.0,98.0,1.2,1.6,2.1
2024-03-01T07:00:00Z,4.7,10.49,0.0,90.0,1.22,1.4,0.5
2024-03-01T08:00:00Z,4.6,10.41,0.0,87.0,1.22,1.03,1.9
2024-03-01T09:00:00Z,4.5,9.76,0.0,99.0,1.24,0.52,3.1
2024-03-01T10:00:00Z,4.1,8.54,0.0,97.0,1.06,-0.03,4.1
2024-03-01T11:00:00Z,3.9,8.41,0.0,99.0,0.86,-0.47,4.2
2024-03-01T12:00:00Z,3.9,8.61,0.0,98.0,0.68,-0.69,3.3
2024-03-01T13:00:00Z,3.8,8.53,0.0,96.0,0.7,-0.62,1.8
2024-03-01T14:00:00Z,3.7,8.06,0.0,96.0,0.74,-0.34,1.3
2024-03-01T15:00:00Z,3.6,7.51,0.0,98.0,0.76,0.13,2.6
2024-03-01T16:00:00Z,3.6,7.18,0.0,68.0,0.72,0.69,3.7
2024-03-01T17:00:00Z,3.6,6.4,0.0,35.0,0.66,1.14,4.0
2024-03-01T18:00:00Z,3.5,6.55,0.0,0.0,0.62,1.33,2.9
2024-03-01T19:00:00Z,3.5,6.26,0.0,0.0,0.62,1.29,1.1
2024-03-01T20:00:00Z,3.5,6.23,0.0,0.0,0.6,1.07,0.7
2024-03-01T21:00:00Z,3.5,5.98,0.0,0.0,0.6,0.69,2.2
2024-03-01T22:00:00Z,3.7,5.32,0.0,0.0,0.56,0.22,3.4
2024-03-01T23:00:00Z,3.7,4.9,0.0,0.0,0.52,-0.23,4.0
2024-03-02T00:00:00Z,3.8,4.01,0.0,1.0,0.48,-0.54,3.8
2024-03-02T01:00:00Z,3.8,3.04,0.0,75.0,0.44,-0.61,2.7
2024-03-02T02:00:00Z,3.8,2.41,0.0,4.0,0.38,-0.46,1.4
2024-03-02T03:00:00Z,3.9,1.24,0.0,66.0,0.34,-0.14,1.0
2024-03-02T04:00:00Z,3.9,0.58,0.0,62.0,0.3,0.29,1.9
2024-03-02T05:00:00Z,4.0,0.36,0.0,5.0,0.26,0.7,2.3
2024-03-02T06:00:00Z,4.1,0.95,0.0,48.0,0.22,0.87,1.8
2024-03-02T07:00:00Z,4.3,1.5,0.0,56.0,0.22,0.79,0.5
2024-03-02T08:00:00Z,4.5,2.1,0.0,67.0,0.2,0.55,1.4
2024-03-02T09:00:00Z,4.8,3.05,0.0,24.0,0.2,0.19,2.8
2024-03-02T10:00:00Z,5.3,3.62,0.0,12.0,0.22,-0.26,3.6
2024-03-02T11:00:00Z,5.5,5.11,0.0,7.0,0.26,-0.71,4.1
2024-03-02T12:00:00Z,5.7,5.97,0.0,3.0,0.28,-1.02,4.0
2024-03-02T13:00:00Z,5.8,6.32,0.0,2.0,0.34,-1.1,2.9
2024-03-02T14:00:00Z,5.9,6.84,0.0,2.0,0.38,-0.94,1.5
2024-03-02T15:00:00Z,6.0,7.0,0.0,7.0,0.44,-0.62,0.4
2024-03-02T16:00:00Z,6.1,6.61,0.0,1.0,0.46,-0.15,1.7
2024-03-02T17:00:00Z,6.2,6.12,0.0,0.0,0.48,0.37,2.4
2024-03-02T18:00:00Z,6.2,6.11,0.0,0.0,0.5,0.73,2.6
2024-03-02T19:00:00Z,6.2,5.81,0.0,0.0,0.46,0.86,1.8
2024-03-02T20:00:00Z,6.3,5.51,0.0,2.0,0.44,0.81,1.1
2024-03-02T21:00:00Z,6.4,5.01,0.0,1.0,0.4,0.64,1.9
2024-03-02T22:00:00Z,6.3,4.51,0.0,32.0,0.36,0.37,2.9
2024-03-02T23:00:00Z,6.4,4.2,0.0,4.0,0.3,0.03,3.5
2024-03-03T00:00:00Z,6.6,3.76,0.0,0.0,0.26,-0.28,3.8
2024-03-03T01:00:00Z,6.7,3.77,0.0,0.0,0.24,-0.45,3.1
2024-03-03T02:00:00Z,6.8,4.06,0.0,0.0,0.24,-0.42,2.0
2024-03-03T03:00:00Z,7.0,3.81,0.0,0.0,0.22,-0.26,0.8
2024-03-03T04:00:00Z,7.3,3.2,0.0,0.0,0.18,0.01,0.8
2024-03-03T05:00:00Z,7.5,3.14,0.0,0.0,0.14,0.35,1.5
2024-03-03T06:00:00Z,7.7,3.78,0.0,0.0,0.1,0.62,1.9
2024-03-03T07:00:00Z,7.7,4.88,0.0,0.0,0.18,0.68,1.5
2024-03-03T08:00:00Z,7.7,6.2,0.0,0.0,0.26,0.55,1.3
2024-03-03T09:00:00Z,7.6,6.57,0.0,0.0,0.34,0.33,1.7
2024-03-03T10:00:00Z,7.8,6.85,0.0,0.0,0.4,0.06,2.4
2024-03-03T11:00:00Z,7.8,7.43,0.0,0.0,0.46,-0.27,3.0
2024-03-03T12:00:00Z,7.9,8.16,0.0,0.0,0.52,-0.57,3.0
2024-03-03T13:00:00Z,8.1,8.29,0.0,1.0,0.56,-0.74,2.4
2024-03-03T14:00:00Z,8.3,8.46,0.0,33.0,0.58,-0.72,1.5
2024-03-03T15:00:00Z,8.5,8.46,0.0,65.0,0.62,-0.54,0.7
2024-03-03T16:00:00Z,8.6,8.41,0.0,89.0,0.62,-0.24,1.5
2024-03-03T17:00:00Z,8.8,7.94,0.0,90.0,0.6,0.15,2.4
2024-03-03T18:00:00Z,8.8,7.6,0.0,100.0,0.6,0.56,3.2
2024-03-03T19:00:00Z,8.9,7.44,0.0,100.0,0.6,0.84,3.3
2024-03-03T20:00:00Z,9.0,7.61,0.0,99.0,0.6,0.93,2.3
2024-03-03T21:00:00Z,9.1,7.8,0.0,94.0,0.6,0.91,1.3
2024-03-03T22:00:00Z,9.1,7.89,0.0,67.0,0.62,0.82,1.1
2024-03-03T23:00:00Z,9.3,8.13,0.1,48.0,0.62,0.64,1.4
2024-03-04T00:00:00Z,9.4,7.98,0.1,100.0,0.64,0.39,1.9
2024-03-04T01:00:00Z,9.5,8.04,0.2,87.0,0.62,0.14,2.0
2024-03-04T02:00:00Z,9.5,8.01,0.4,92.0,0.62,0.0,1.8
2024-03-04T03:00:00Z,9.5,7.85,1.0,100.0,0.6,-0.04,1.1
2024-03-04T04:00:00Z,9.5,7.79,3.0,100.0,0.58,0.02,0.4
2024-03-04T05:00:00Z,9.4,7.63,1.9,94.0,0.58,0.15,0.6
2024-03-04T06:00:00Z,9.4,7.92,1.6,79.0,0.56,0.36,1.4
2024-03-04T07:00:00Z,9.4,7.44,0.1,69.0,0.52,0.52,1.7
2024-03-04T08:00:00Z,9.4,7.2,0.0,83.0,0.48,0.51,1.3
2024-03-04T09:00:00Z,9.3,6.31,0.2,94.0,0.44,0.4,0.9
2024-03-04T10:00:00Z,9.7,5.34,2.4,92.0,0.42,0.27,1.4
2024-03-04T11:00:00Z,9.8,4.01,1.3,100.0,0.4,0.1,1.9
2024-03-04T12:00:00Z,9.7,3.32,0.7,100.0,0.38,-0.14,2.4
2024-03-04T13:00:00Z,9.7,3.83,0.5,98.0,0.36,-0.39,2.5
2024-03-04T14:00:00Z,9.7,4.47,0.7,74.0,0.32,-0.54,2.2
2024-03-04T15:00:00Z,9.7,5.02,0.3,89.0,0.3,-0.56,1.3
2024-03-04T16:00:00Z,9.7,4.3,0.1,98.0,0.28,-0.47,0.4
2024-03-04T17:00:00Z,9.7,4.63,0.0,100.0,0.24,-0.29,0.7
2024-03-04T18:00:00Z,9.6,5.49,0.0,100.0,0.22,0.03,1.6
2024-03-04T19:00:00Z,9.5,5.23,0.3,100.0,0.22,0.38,2.3
2024-03-04T20:00:00Z,9.3,4.2,0.1,100.0,0.2,0.64,2.5
2024-03-04T21:00:00Z,9.0,3.4,0.2,100.0,0.2,0.79,1.8
2024-03-04T22:00:00Z,8.8,3.25,0.4,96.0,0.2,0.88,1.1
2024-03-04T23:00:00Z,8.6,3.31,0.7,100.0,0.2,0.93,0.4
2024-03-05T00:00:00Z,8.5,4.53,1.1,100.0,0.2,0.85,0.4
2024-03-05T01:00:00Z,8.4,6.07,0.8,100.0,0.22,0.66,0.9
2024-03-05T02:00:00Z,8.5,6.36,0.2,100.0,0.24,0.43,1.3
2024-03-05T03:00:00Z,8.7,5.41,0.1,99.0,0.26,0.24,1.3
2024-03-05T04:00:00Z,8.8,4.1,0.0,99.0,0.26,0.11,1.0
2024-03-05T05:00:00Z,8.7,4.24,1.1,99.0,0.28,0.05,0.6
2024-03-05T06:00:00Z,8.7,4.78,0.6,100.0,0.28,0.1,0.4
2024-03-05T07:00:00Z,8.8,6.09,0.3,100.0,0.32,0.26,1.1
2024-03-05T08:00:00Z,9.0,7.0,0.7,100.0,0.38,0.42,1.5
2024-03-05T09:00:00Z,8.9,7.65,1.0,100.0,0.42,0.48,1.3
2024-03-05T10:00:00Z,8.9,6.71,0.7,100.0,0.5,0.49,0.7
2024-03-05T11:00:00Z,8.6,8.81,0.7,100.0,0.56,0.5,0.3
2024-03-05T12:00:00Z,8.4,9.1,0.6,100.0,0.64,0.42,0.2
2024-03-05T13:00:00Z,8.3,8.91,0.5,100.0,0.7,0.24,0.9
2024-03-05T14:00:00Z,8.3,9.54,0.4,100.0,0.76,0.02,1.3
2024-03-05T15:00:00Z,8.2,9.44,0.4,100.0,0.82,-0.16,1.3
2024-03-05T16:00:00Z,8.2,9.71,0.1,100.0,0.88,-0.24,1.0
2024-03-05T17:00:00Z,8.1,10.2,0.1,100.0,0.92,-0.25,1.0
2024-03-05T18:00:00Z,8.0,10.35,0.1,100.0,0.98,-0.12,1.5
2024-03-05T19:00:00Z,8.0,10.32,0.2,100.0,1.0,0.19,2.5
2024-03-05T20:00:00Z,8.0,10.14,0.2,100.0,1.04,0.59,3.5
2024-03-05T21:00:00Z,8.0,9.97,0.2,100.0,1.06,0.93,3.6
2024-03-05T22:00:00Z,7.6,9.18,0.1,100.0,1.02,1.2,3.2
2024-03-05T23:00:00Z,7.7,9.59,0.0,100.0,0.98,1.44,2.5
2024-03-06T00:00:00Z,7.6,9.58,0.0,99.0,0.94,1.56,1.8
2024-03-06T01:00:00Z,7.6,9.13,0.0,99.0,0.88,1.49,0.7
2024-03-06T02:00:00Z,7.6,8.77,0.0,100.0,0.82,1.24,0.8
2024-03-06T03:00:00Z,7.6,8.32,0.0,97.0,0.76,0.91,1.6
2024-03-06T04:00:00Z,7.8,8.44,0.0,89.0,0.74,0.58,2.1
2024-03-06T05:00:00Z,8.0,8.96,0.0,75.0,0.74,0.29,1.9
2024-03-06T06:00:00Z,8.0,8.54,0.0,72.0,0.72,0.08,1.6
2024-03-06T07:00:00Z,7.9,8.34,0.0,58.0,0.74,0.04,1.0
2024-03-06T08:00:00Z,7.7,8.75,0.0,42.0,0.78,0.17,0.8
2024-03-06T09:00:00Z,7.6,9.21,0.0,19.0,0.8,0.36,1.5
2024-03-06T10:00:00Z,7.4,9.31,0.0,68.0,0.8,0.52,1.6
2024-03-06T11:00:00Z,7.1,9.14,0.0,69.0,0.8,0.68,1.3
2024-03-06T12:00:00Z,6.9,8.37,0.0,41.0,0.8,0.79,0.9
2024-03-06T13:00:00Z,6.8,8.4,0.0,48.0,0.78,0.74,0.4
2024-03-06T14:00:00Z,6.7,8.37,0.0,26.0,0.76,0.51,1.2
2024-03-06T15:00:00Z,6.6,7.75,0.0,2.0,0.74,0.16,2.0
2024-03-06T16:00:00Z,6.5,7.81,0.0,1.0,0.78,-0.17,2.4
2024-03-06T17:00:00Z,6.4,8.85,0.0,1.0,0.82,-0.41,2.3
2024-03-06T18:00:00Z,6.4,8.8,0.0,20.0,0.86,-0.54,1.7
2024-03-06T19:00:00Z,6.3,7.4,0.0,18.0,0.82,-0.49,1.3
2024-03-06T20:00:00Z,6.3,7.01,0.0,20.0,0.76,-0.19,1.8
2024-03-06T21:00:00Z,6.2,7.43,0.0,14.0,0.72,0.27,3.0
2024-03-06T22:00:00Z,5.9,6.46,0.0,5.0,0.7,0.75,3.8
2024-03-06T23:00:00Z,6.0,6.0,0.0,10.0,0.66,1.18,3.6
2024-03-07T00:00:00Z,6.1,5.48,0.0,5.0,0.64,1.53,3.1
2024-03-07T01:00:00Z,6.3,5.1,0.0,20.0,0.58,1.7,2.0
2024-03-07T02:00:00Z,6.3,4.68,0.0,40.0,0.54,1.58,0.8
2024-03-07T03:00:00Z,6.4,4.24,0.0,48.0,0.48,1.22,1.4
2024-03-07T04:00:00Z,6.5,4.49,0.0,29.0,0.44,0.74,2.7
2024-03-07T05:00:00Z,6.6,3.85,0.0,14.0,0.4,0.25,3.2
2024-03-07T06:00:00Z,6.6,3.0,0.0,0.0,0.36,-0.18,3.5
2024-03-07T07:00:00Z,6.6,3.42,0.0,0.0,0.36,-0.47,3.1
2024-03-07T08:00:00Z,6.6,3.36,0.0,0.0,0.34,-0.51,1.8
2024-03-07T09:00:00Z,6.6,2.78,0.0,0.0,0.34,-0.31,1.0
2024-03-07T10:00:00Z,7.0,1.9,0.0,0.0,0.32,0.0,2.1
2024-03-07T11:00:00Z,7.0,2.02,0.0,2.0,0.28,0.34,2.7
2024-03-07T12:00:00Z,7.0,1.84,0.0,13.0,0.26,0.65,2.5
2024-03-07T13:00:00Z,7.1,2.28,0.0,45.0,0.26,0.84,2.0
2024-03-07T14:00:00Z,7.1,2.57,0.0,60.0,0.24,0.79,0.9
2024-03-07T15:00:00Z,7.1,2.01,0.0,73.0,0.24,0.47,0.4
2024-03-07T16:00:00Z,7.2,1.75,0.0,57.0,0.22,0.01,1.7
2024-03-07T17:00:00Z,7.2,2.2,0.0,35.0,0.22,-0.46,2.4
2024-03-07T18:00:00Z,7.2,3.72,0.0,38.0,0.2,-0.84,2.7
2024-03-07T19:00:00Z,7.5,5.5,0.0,8.0,0.3,-1.05,2.6
2024-03-07T20:00:00Z,7.8,8.32,0.0,3.0,0.42,-1.01,1.5
2024-03-07T21:00:00Z,8.1,9.77,0.0,5.0,0.52,-0.66,0.8
2024-03-07T22:00:00Z,7.0,8.5,0.0,1.0,0.6,-0.07,2.9
2024-03-07T23:00:00Z,6.3,9.0,0.0,6.0,0.7,0.59,4.1
2024-03-08T00:00:00Z,5.9,9.46,0.0,14.0,0.78,1.18,4.3
2024-03-08T01:00:00Z,6.0,9.35,0.0,57.0,0.82,1.63,3.8
2024-03-08T02:00:00Z,6.3,9.04,0.0,38.0,0.86,1.79,2.3
2024-03-08T03:00:00Z,6.7,8.81,0.0,66.0,0.9,1.58,0.4
2024-03-08T04:00:00Z,6.9,8.17,0.0,64.0,0.78,1.09,1.6
2024-03-08T05:00:00Z,7.0,7.4,0.0,82.0,0.64,0.47,3.1
2024-03-08T06:00:00Z,7.2,6.45,0.0,50.0,0.52,-0.15,3.8
2024-03-08T07:00:00Z,7.2,5.6,0.0,33.0,0.52,-0.66,3.8
2024-03-08T08:00:00Z,7.1,5.48,0.0,15.0,0.52,-0.95,2.8
2024-03-08T09:00:00Z,7.0,5.78,0.0,19.0,0.52,-0.88,0.9
2024-03-08T10:00:00Z,6.9,5.61,0.0,12.0,0.5,-0.48,1.6
2024-03-08T11:00:00Z,6.8,5.8,0.0,13.0,0.48,0.04,3.3
2024-03-08T12:00:00Z,6.8,5.78,0.0,8.0,0.46,0.56,3.6
2024-03-08T13:00:00Z,6.7,5.31,0.0,8.0,0.42,0.98,3.3
2024-03-08T14:00:00Z,6.7,4.69,0.0,0.0,0.38,1.17,2.2
2024-03-08T15:00:00Z,6.7,4.43,0.0,2.0,0.34,1.02,0.6
2024-03-08T16:00:00Z,6.7,4.27,0.0,0.0,0.3,0.56,1.4
2024-03-08T17:00:00Z,6.6,3.61,0.0,0.0,0.28,-0.05,3.1
2024-03-08T18:00:00Z,6.6,2.71,0.0,0.0,0.24,-0.64,4.0
2024-03-08T19:00:00Z,6.5,1.96,0.0,0.0,0.22,-1.1,4.0
2024-03-08T20:00:00Z,6.5,2.26,0.0,0.0,0.22,-1.35,3.2
2024-03-08T21:00:00Z,6.5,2.42,0.0,0.0,0.2,-1.24,1.7
2024-03-08T22:00:00Z,6.7,1.91,0.0,0.0,0.18,-0.74,1.9
2024-03-08T23:00:00Z,6.7,1.98,0.0,0.0,0.18,0.02,4.0
2024-03-09T00:00:00Z,6.8,1.3,0.0,0.0,0.16,0.82,5.0
2024-03-09T01:00:00Z,6.9,1.12,0.0,1.0,0.16,1.52,4.9
2024-03-09T02:00:00Z,6.9,1.12,0.0,3.0,0.16,1.96,3.8
2024-03-09T03:00:00Z,6.8,1.56,0.0,0.0,0.16,2.01,1.8
2024-03-09T04:00:00Z,6.9,1.56,0.0,0.0,0.16,1.63,0.8
2024-03-09T05:00:00Z,6.9,1.6,0.0,0.0,0.14,0.96,3.1
2024-03-09T06:00:00Z,6.9,1.75,0.0,1.0,0.14,0.18,4.6
2024-03-09T07:00:00Z,6.9,2.58,0.0,5.0,0.18,-0.54,5.1
2024-03-09T08:00:00Z,7.0,3.58,0.0,63.0,0.22,-1.09,4.7
2024-03-09T09:00:00Z,6.9,4.43,0.0,100.0,0.26,-1.32,3.2
2024-03-09T10:00:00Z,7.3,5.15,0.0,100.0,0.28,-1.11,0.8
2024-03-09T11:00:00Z,7.3,5.54,0.0,100.0,0.32,-0.55,2.2
2024-03-09T12:00:00Z,7.3,5.46,0.0,100.0,0.34,0.14,4.0
2024-03-09T13:00:00Z,7.3,5.38,0.0,100.0,0.34,0.77,4.4
2024-03-09T14:00:00Z,7.3,5.43,0.0,100.0,0.32,1.22,3.6
2024-03-09T15:00:00Z,7.4,5.32,0.0,99.0,0.32,1.33,2.1
2024-03-09T16:00:00Z,7.4,5.0,0.0,94.0,0.3,1.05,0.4
2024-03-09T17:00:00Z,7.3,4.6,0.0,0.0,0.3,0.44,2.5
2024-03-09T18:00:00Z,7.3,4.33,0.0,0.0,0.28,-0.31,4.2
2024-03-09T19:00:00Z,7.3,4.12,0.0,0.0,0.3,-0.99,4.9
2024-03-09T20:00:00Z,7.2,3.92,0.0,0.0,0.3,-1.5,4.6
2024-03-09T21:00:00Z,7.3,3.98,0.0,0.0,0.32,-1.71,3.1
2024-03-09T22:00:00Z,7.2,3.55,0.0,0.0,0.32,-1.46,1.0
2024-03-09T23:00:00Z,7.3,4.2,0.0,0.0,0.34,-0.76,2.9
2024-03-10T00:00:00Z,7.5,4.44,0.0,0.0,0.34,0.17,5.4
2024-03-10T01:00:00Z,7.7,4.41,0.0,0.0,0.32,1.07,6.3
2024-03-10T02:00:00Z,7.9,3.96,0.0,0.0,0.32,1.78,5.6
2024-03-10T03:00:00Z,8.0,3.86,0.0,0.0,0.3,2.12,3.9
2024-03-10T04:00:00Z,8.1,4.22,0.0,0.0,0.3,1.99,1.5
2024-03-10T05:00:00Z,8.2,4.77,0.0,0.0,0.3,1.43,1.7
2024-03-10T06:00:00Z,8.3,5.17,0.0,0.0,0.3,0.62,4.2
2024-03-10T07:00:00Z,8.4,5.45,0.0,0.0,0.36,-0.24,5.6
2024-03-10T08:00:00Z,8.5,5.73,0.0,0.0,0.4,-0.98,5.9
2024-03-10T09:00:00Z,8.5,5.87,0.0,0.0,0.46,-1.46,5.0
2024-03-10T10:00:00Z,8.9,5.8,0.0,0.0,0.46,-1.53,2.9
2024-03-10T11:00:00Z,8.8,6.08,0.0,0.0,0.48,-1.1,0.3
2024-03-10T12:00:00Z,8.8,6.17,0.0,0.0,0.48,-0.33,3.3
2024-03-10T13:00:00Z,8.9,6.33,0.0,4.0,0.48,0.5,5.0
2024-03-10T14:00:00Z,8.9,6.47,0.0,2.0,0.48,1.19,4.9
2024-03-10T15:00:00Z,9.0,7.14,0.0,22.0,0.48,1.6,3.7
2024-03-10T16:00:00Z,9.1,7.47,0.0,26.0,0.5,1.58,1.8
2024-03-10T17:00:00Z,9.2,7.82,0.0,2.0,0.52,1.13,1.7
2024-03-10T18:00:00Z,9.3,7.85,0.0,12.0,0.54,0.38,3.7
2024-03-10T19:00:00Z,9.3,7.98,0.0,33.0,0.56,-0.43,5.2
2024-03-10T20:00:00Z,9.4,8.21,0.0,16.0,0.6,-1.13,5.8
2024-03-10T21:00:00Z,9.5,8.08,0.0,89.0,0.62,-1.59,5.0
2024-03-10T22:00:00Z,9.5,7.81,0.0,99.0,0.56,-1.68,3.3
2024-03-10T23:00:00Z,9.6,5.77,0.1,100.0,0.48,-1.27,0.5
2024-03-11T00:00:00Z,9.5,4.38,0.4,100.0,0.42,-0.44,2.9
2024-03-11T01:00:00Z,9.3,4.2,1.0,100.0,0.38,0.55,5.1
2024-03-11T02:00:00Z,9.2,4.1,0.6,100.0,0.34,1.43,5.3
2024-03-11T03:00:00Z,9.1,3.49,1.0,100.0,0.3,2.01,4.2
2024-03-11T04:00:00Z,9.0,3.61,0.5,100.0,0.28,2.18,2.0
2024-03-11T05:00:00Z,8.9,3.9,0.3,99.0,0.26,1.87,1.2
2024-03-11T06:00:00Z,9.0,4.18,0.1,99.0,0.24,1.15,3.6
2024-03-11T07:00:00Z,9.0,3.93,0.1,100.0,0.24,0.25,5.8
2024-03-11T08:00:00Z,9.1,3.83,0.0,44.0,0.24,-0.61,6.8
2024-03-11T09:00:00Z,9.4,3.92,0.0,20.0,0.24,-1.27,6.5
2024-03-11T10:00:00Z,9.4,3.71,0.0,58.0,0.22,-1.61,4.9
2024-03-11T11:00:00Z,9.7,3.41,0.0,3.0,0.2,-1.47,2.1
2024-03-11T12:00:00Z,9.9,3.85,0.0,0.0,0.18,-0.83,1.4
2024-03-11T13:00:00Z,10.0,4.33,0.0,1.0,0.22,0.08,4.2
2024-03-11T14:00:00Z,10.1,5.33,0.0,0.0,0.24,0.95,5.3
2024-03-11T15:00:00Z,10.1,6.24,0.0,0.0,0.28,1.6,4.8
2024-03-11T16:00:00Z,10.1,6.55,0.0,0.0,0.32,1.87,3.0
2024-03-11T17:00:00Z,10.1,6.73,0.0,0.0,0.36,1.7,1.1
2024-03-11T18:00:00Z,10.0,6.9,0.0,0.0,0.4,1.12,2.6
2024-03-11T19:00:00Z,9.9,7.33,0.0,0.0,0.44,0.3,4.9
2024-03-11T20:00:00Z,9.8,7.28,0.0,0.0,0.5,-0.54,5.9
2024-03-11T21:00:00Z,9.7,7.22,0.0,0.0,0.54,-1.2,6.0
2024-03-11T22:00:00Z,9.5,6.53,0.0,0.0,0.52,-1.55,4.7
2024-03-11T23:00:00Z,9.4,6.04,0.0,0.0,0.5,-1.48,2.1
2024-03-12T00:00:00Z,9.2,6.17,0.0,2.0,0.48,-0.91,1.4
2024-03-12T01:00:00Z,9.1,6.83,0.0,3.0,0.48,0.01,4.3
2024-03-12T02:00:00Z,9.4,6.98,0.0,33.0,0.48,0.99,6.1
2024-03-12T03:00:00Z,9.6,6.11,0.0,32.0,0.48,1.76,6.0
2024-03-12T04:00:00Z,9.6,6.28,0.0,34.0,0.5,2.17,4.4
2024-03-12T05:00:00Z,9.3,7.82,0.0,31.0,0.54,2.13,2.0
2024-03-12T06:00:00Z,8.9,9.83,0.0,13.0,0.56,1.65,0.7
2024-03-12T07:00:00Z,8.7,10.41,0.0,7.0,0.72,0.86,3.1
2024-03-12T08:00:00Z,8.5,10.56,0.0,8.0,0.86,-0.02,4.8
2024-03-12T09:00:00Z,8.2,10.26,0.0,5.0,1.02,-0.78,5.3
2024-03-12T10:00:00Z,7.6,8.97,0.0,6.0,0.94,-1.29,4.5
2024-03-12T11:00:00Z,7.3,8.37,0.0,0.0,0.84,-1.41,2.7
2024-03-12T12:00:00Z,7.2,7.98,0.0,1.0,0.76,-1.06,1.4
2024-03-12T13:00:00Z,7.1,7.69,0.0,0.0,0.7,-0.27,3.8
2024-03-12T14:00:00Z,7.1,7.22,0.0,2.0,0.62,0.68,6.1
2024-03-12T15:00:00Z,7.0,6.61,0.0,0.0,0.56,1.48,6.5
2024-03-12T16:00:00Z,7.0,5.9,0.0,0.0,0.52,1.96,5.2
2024-03-12T17:00:00Z,6.9,4.75,0.0,64.0,0.48,2.07,2.9
2024-03-12T18:00:00Z,6.8,4.3,0.0,12.0,0.44,1.74,0.2
2024-03-12T19:00:00Z,6.8,3.89,0.0,85.0,0.4,1.06,2.4
2024-03-12T20:00:00Z,6.8,2.98,0.0,95.0,0.36,0.23,4.4
2024-03-12T21:00:00Z,6.8,2.39,0.0,37.0,0.32,-0.53,5.2
2024-03-12T22:00:00Z,6.9,0.67,0.0,39.0,0.3,-1.08,4.8
2024-03-12T23:00:00Z,6.9,0.78,0.0,100.0,0.26,-1.3,3.3
2024-03-13T00:00:00Z,7.1,1.22,0.0,98.0,0.24,-1.12,1.4
2024-03-13T01:00:00Z,7.3,2.06,0.0,86.0,0.24,-0.49,2.6
2024-03-13T02:00:00Z,7.4,2.91,0.0,57.0,0.24,0.39,5.0
2024-03-13T03:00:00Z,7.6,3.18,0.0,9.0,0.24,1.19,6.0
2024-03-13T04:00:00Z,7.9,3.25,0.0,68.0,0.24,1.71,4.9
2024-03-13T05:00:00Z,8.1,3.91,0.0,96.0,0.26,1.88,2.8
2024-03-13T06:00:00Z,8.3,4.95,0.0,100.0,0.26,1.63,0.9
2024-03-13T07:00:00Z,8.4,5.73,0.0,100.0,0.32,1.0,2.8
2024-03-13T08:00:00Z,8.4,6.31,0.0,100.0,0.36,0.16,4.9
2024-03-13T09:00:00Z,8.4,6.91,0.0,100.0,0.42,-0.67,6.1
2024-03-13T10:00:00Z,8.8,6.21,0.0,100.0,0.44,-1.31,5.9
2024-03-13T11:00:00Z,8.8,6.77,0.0,99.0,0.48,-1.63,4.9
2024-03-13T12:00:00Z,8.9,6.99,0.0,100.0,0.5,-1.58,2.6
2024-03-13T13:00:00Z,8.9,6.95,0.0,100.0,0.5,-1.07,0.4
2024-03-13T14:00:00Z,9.0,6.98,0.0,100.0,0.48,-0.23,3.3
2024-03-13T15:00:00Z,9.0,6.82,0.0,89.0,0.48,0.64,4.9
2024-03-13T16:00:00Z,9.0,6.48,0.0,27.0,0.48,1.29,4.7
2024-03-13T17:00:00Z,9.0,6.26,0.0,12.0,0.46,1.63,3.1
2024-03-13T18:00:00Z,9.0,5.7,0.0,64.0,0.46,1.6,1.4
2024-03-13T19:00:00Z,9.0,5.03,0.0,91.0,0.42,1.19,2.3
2024-03-13T20:00:00Z,8.9,4.59,0.0,97.0,0.36,0.51,4.2
2024-03-13T21:00:00Z,8.9,4.33,0.0,78.0,0.32,-0.26,5.6
2024-03-13T22:00:00Z,8.8,3.93,0.0,88.0,0.28,-0.89,5.8
2024-03-13T23:00:00Z,8.8,3.83,0.0,86.0,0.24,-1.27,4.9
2024-03-14T00:00:00Z,8.8,3.5,0.0,74.0,0.2,-1.33,3.1
2024-03-14T01:00:00Z,8.9,2.32,0.0,95.0,0.2,-1.01,0.6
2024-03-14T02:00:00Z,8.8,1.5,0.0,97.0,0.18,-0.33,2.3
2024-03-14T03:00:00Z,8.9,1.49,0.0,94.0,0.18,0.47,4.2
2024-03-14T04:00:00Z,9.0,1.79,0.0,93.0,0.16,1.1,4.6
2024-03-14T05:00:00Z,9.0,2.19,0.0,98.0,0.16,1.45,3.4
2024-03-14T06:00:00Z,9.1,2.51,0.0,84.0,0.14,1.47,1.4
2024-03-14T07:00:00Z,9.1,2.69,0.0,84.0,0.14,1.14,1.3
2024-03-14T08:00:00Z,9.1,2.69,0.0,91.0,0.16,0.52,3.3
2024-03-14T09:00:00Z,9.0,2.33,0.0,96.0,0.16,-0.23,4.9
2024-03-14T10:00:00Z,9.1,1.22,0.0,97.0,0.16,-0.88,5.2
2024-03-14T11:00:00Z,9.1,1.6,0.0,99.0,0.16,-1.3,4.4
2024-03-14T12:00:00Z,9.2,2.32,0.0,97.0,0.16,-1.42,2.8
2024-03-14T13:00:00Z,9.3,3.01,0.0,98.0,0.16,-1.18,0.5
2024-03-14T14:00:00Z,9.4,3.19,0.0,98.0,0.18,-0.58,2.3
2024-03-14T15:00:00Z,9.4,3.0,0.0,96.0,0.18,0.23,4.7
2024-03-14T16:00:00Z,9.3,2.72,0.0,77.0,0.16,0.97,5.7
2024-03-14T17:00:00Z,9.2,2.62,0.0,66.0,0.14,1.47,5.0
2024-03-14T18:00:00Z,9.2,2.66,0.0,39.0,0.12,1.67,3.5
2024-03-14T19:00:00Z,9.2,2.87,0.0,16.0,0.12,1.57,1.7
2024-03-14T20:00:00Z,9.2,3.24,0.0,14.0,0.14,1.15,1.7
2024-03-14T21:00:00Z,9.3,3.64,0.0,22.0,0.14,0.52,3.1
2024-03-14T22:00:00Z,9.4,3.22,0.0,34.0,0.14,-0.13,4.0
2024-03-14T23:00:00Z,9.5,4.2,0.0,70.0,0.16,-0.61,3.8
2024-03-15T00:00:00Z,9.6,4.95,0.0,74.0,0.16,-0.86,2.5
2024-03-15T01:00:00Z,9.8,5.16,0.0,85.0,0.2,-0.82,0.8
2024-03-15T02:00:00Z,10.0,5.14,0.0,90.0,0.24,-0.48,1.5
2024-03-15T03:00:00Z,10.1,5.28,0.0,79.0,0.28,0.1,3.4
2024-03-15T04:00:00Z,10.2,5.16,0.0,83.0,0.3,0.7,4.7
2024-03-15T05:00:00Z,10.2,5.14,0.0,99.0,0.3,1.09,4.5
2024-03-15T06:00:00Z,10.2,5.06,0.0,99.0,0.32,1.24,3.1
2024-03-15T07:00:00Z,10.1,5.02,0.0,100.0,0.32,1.12,1.4
2024-03-15T08:00:00Z,10.1,4.97,0.1,100.0,0.3,0.74,1.3
2024-03-15T09:00:00Z,10.1,5.06,0.1,100.0,0.3,0.16,2.8
2024-03-15T10:00:00Z,10.3,5.28,0.2,100.0,0.3,-0.47,3.8
2024-03-15T11:00:00Z,10.4,5.28,0.1,100.0,0.3,-0.96,3.8
2024-03-15T12:00:00Z,10.5,5.78,0.1,100.0,0.3,-1.21,2.9
2024-03-15T13:00:00Z,10.5,6.02,0.2,100.0,0.3,-1.19,1.3
2024-03-15T14:00:00Z,10.5,5.96,0.2,100.0,0.32,-0.88,1.0
2024-03-15T15:00:00Z,10.6,6.15,0.1,100.0,0.32,-0.3,3.1
2024-03-15T16:00:00Z,10.7,6.18,0.2,100.0,0.32,0.39,4.7
2024-03-15T17:00:00Z,10.7,6.18,0.2,100.0,0.34,0.95,4.9
2024-03-15T18:00:00Z,10.8,6.0,0.2,100.0,0.34,1.28,4.1
2024-03-15T19:00:00Z,10.8,5.59,0.1,100.0,0.34,1.39,2.4
2024-03-15T20:00:00Z,10.8,5.51,0.1,100.0,0.32,1.24,1.1
2024-03-15T21:00:00Z,10.8,5.75,0.1,100.0,0.32,0.86,1.7
2024-03-15T22:00:00Z,10.7,5.88,0.0,100.0,0.3,0.33,2.9
2024-03-15T23:00:00Z,10.7,5.99,0.0,100.0,0.3,-0.17,3.4
2024-03-16T00:00:00Z,10.7,5.92,0.0,100.0,0.28,-0.51,3.1
2024-03-16T01:00:00Z,10.6,5.45,0.0,100.0,0.28,-0.64,2.0
2024-03-16T02:00:00Z,10.4,4.8,0.0,100.0,0.26,-0.58,0.5
2024-03-16T03:00:00Z,10.3,3.9,0.0,82.0,0.26,-0.29,1.1
2024-03-16T04:00:00Z,10.3,3.36,0.0,95.0,0.24,0.14,2.6
2024-03-16T05:00:00Z,10.5,2.77,0.0,95.0,0.24,0.54,3.2
2024-03-16T06:00:00Z,10.9,1.7,0.0,89.0,0.22,0.74,2.7
2024-03-16T07:00:00Z,11.2,0.1,0.0,90.0,0.22,0.78,1.5
2024-03-16T08:00:00Z,11.5,0.81,0.0,90.0,0.22,0.65,1.1
2024-03-16T09:00:00Z,11.4,1.26,0.0,100.0,0.22,0.34,1.5
2024-03-16T10:00:00Z,11.0,2.3,0.0,100.0,0.22,-0.12,2.6
2024-03-16T11:00:00Z,10.6,2.66,0.0,100.0,0.22,-0.57,2.9
2024-03-16T12:00:00Z,10.3,2.92,0.0,100.0,0.22,-0.87,2.5
2024-03-16T13:00:00Z,10.0,2.51,0.0,100.0,0.22,-0.97,1.5
2024-03-16T14:00:00Z,10.2,1.3,0.0,100.0,0.22,-0.87,0.4
2024-03-16T15:00:00Z,10.1,0.71,0.0,100.0,0.22,-0.58,1.6
2024-03-16T16:00:00Z,9.8,1.14,0.0,100.0,0.22,-0.09,3.2
2024-03-16T17:00:00Z,9.7,0.94,0.0,100.0,0.2,0.45,4.4
2024-03-16T18:00:00Z,9.6,1.99,0.0,100.0,0.2,0.87,4.2
2024-03-16T19:00:00Z,9.5,3.35,0.0,100.0,0.22,1.12,3.1
2024-03-16T20:00:00Z,9.4,4.49,0.0,100.0,0.22,1.2,1.9
2024-03-16T21:00:00Z,9.5,4.46,0.0,100.0,0.24,1.1,0.6
2024-03-16T22:00:00Z,9.6,4.11,0.0,100.0,0.26,0.81,0.9
2024-03-16T23:00:00Z,9.6,4.4,0.0,100.0,0.26,0.42,2.0
2024-03-17T00:00:00Z,9.5,5.59,0.0,100.0,0.28,0.05,2.4
2024-03-17T01:00:00Z,9.5,5.89,0.0,97.0,0.32,-0.18,1.9
2024-03-17T02:00:00Z,9.7,6.1,0.0,96.0,0.38,-0.28,1.3
2024-03-17T03:00:00Z,10.0,6.9,0.0,100.0,0.42,-0.25,0.9
2024-03-17T04:00:00Z,10.1,7.51,0.0,100.0,0.56,-0.06,1.2
2024-03-17T05:00:00Z,10.0,8.9,0.1,99.0,0.7,0.24,2.2
2024-03-17T06:00:00Z,9.8,10.04,0.4,100.0,0.84,0.5,2.7
2024-03-17T07:00:00Z,9.7,10.35,0.0,100.0,0.9,0.61,2.2
2024-03-17T08:00:00Z,9.6,10.03,0.0,100.0,0.98,0.62,1.3
2024-03-17T09:00:00Z,9.6,9.35,0.0,100.0,1.04,0.57,0.4
2024-03-17T10:00:00Z,9.1,9.58,0.0,100.0,1.02,0.38,0.6
2024-03-17T11:00:00Z,8.9,9.61,0.0,100.0,1.02,0.08,1.5
2024-03-17T12:00:00Z,8.8,9.24,0.0,98.0,1.0,-0.23,1.9
2024-03-17T13:00:00Z,8.8,8.71,0.0,96.0,0.98,-0.41,1.7
2024-03-17T14:00:00Z,8.8,8.98,0.0,100.0,0.94,-0.44,1.1
2024-03-17T15:00:00Z,8.7,9.22,0.0,100.0,0.92,-0.35,1.2
2024-03-17T16:00:00Z,8.7,8.47,0.0,100.0,0.9,-0.11,1.9
2024-03-17T17:00:00Z,8.6,8.18,0.0,100.0,0.86,0.26,2.8
2024-03-17T18:00:00Z,8.6,7.78,0.0,97.0,0.84,0.67,3.5
2024-03-17T19:00:00Z,8.6,7.02,0.0,86.0,0.8,0.98,3.4
2024-03-17T20:00:00Z,8.5,6.82,0.0,94.0,0.76,1.2,2.9
2024-03-17T21:00:00Z,8.5,6.74,0.0,83.0,0.72,1.33,1.8
2024-03-17T22:00:00Z,8.4,6.17,0.0,75.0,0.66,1.31,0.7
2024-03-17T23:00:00Z,8.5,6.39,0.0,92.0,0.62,1.11,0.5
2024-03-18T00:00:00Z,8.5,6.28,0.0,96.0,0.56,0.78,1.6
2024-03-18T01:00:00Z,8.6,5.85,0.0,93.0,0.56,0.47,2.2
2024-03-18T02:00:00Z,8.7,5.63,0.0,68.0,0.54,0.22,2.2
2024-03-18T03:00:00Z,8.8,5.96,0.0,67.0,0.54,0.03,1.8
2024-03-18T04:00:00Z,8.9,6.18,0.0,95.0,0.54,-0.08,1.4
2024-03-18T05:00:00Z,9.1,5.74,0.0,100.0,0.56,-0.05,0.8
2024-03-18T06:00:00Z,9.2,5.7,0.1,100.0,0.56,0.08,0.5
2024-03-18T07:00:00Z,9.2,6.59,0.0,100.0,0.58,0.17,0.9
2024-03-18T08:00:00Z,9.2,6.83,0.0,100.0,0.58,0.21,0.5
2024-03-18T09:00:00Z,9.3,6.72,0.4,100.0,0.6,0.24,0.2
2024-03-18T10:00:00Z,9.1,6.56,0.8,100.0,0.58,0.22,0.2
2024-03-18T11:00:00Z,9.2,6.0,0.7,100.0,0.54,0.1,0.9
2024-03-18T12:00:00Z,9.2,5.13,0.4,100.0,0.52,-0.15,1.5
2024-03-18T13:00:00Z,9.3,4.93,0.3,100.0,0.48,-0.4,2.0
2024-03-18T14:00:00Z,9.3,4.46,0.3,100.0,0.46,-0.58,1.7
2024-03-18T15:00:00Z,9.3,4.6,0.1,100.0,0.42,-0.69,1.4
2024-03-18T16:00:00Z,9.3,5.21,0.2,100.0,0.44,-0.71,1.1
2024-03-18T17:00:00Z,9.3,5.73,0.1,100.0,0.44,-0.61,1.1
2024-03-18T18:00:00Z,9.2,5.36,0.1,100.0,0.46,-0.35,1.9
2024-03-18T19:00:00Z,9.2,5.38,0.0,99.0,0.48,-0.03,2.4
2024-03-18T20:00:00Z,9.0,6.18,0.0,92.0,0.5,0.26,2.5
2024-03-18T21:00:00Z,8.9,5.96,0.0,93.0,0.52,0.54,2.3
2024-03-18T22:00:00Z,8.7,5.52,0.0,43.0,0.52,0.79,2.0
2024-03-18T23:00:00Z,8.7,6.14,0.0,30.0,0.54,0.9,1.3
2024-03-19T00:00:00Z,8.7,6.21,0.0,16.0,0.54,0.81,0.4
2024-03-19T01:00:00Z,8.8,6.26,0.0,15.0,0.52,0.6,0.6
2024-03-19T02:00:00Z,9.0,5.68,0.0,5.0,0.52,0.34,1.1
2024-03-19T03:00:00Z,9.3,5.47,0.0,2.0,0.5,0.09,1.5
2024-03-19T04:00:00Z,9.5,5.18,0.0,0.0,0.48,-0.13,1.5
2024-03-19T05:00:00Z,9.8,5.0,0.0,0.0,0.48,-0.29,1.1
2024-03-19T06:00:00Z,10.1,4.9,0.0,0.0,0.46,-0.31,0.4
2024-03-19T07:00:00Z,10.4,4.82,0.0,0.0,0.44,-0.21,0.6
2024-03-19T08:00:00Z,10.8,4.95,0.0,7.0,0.42,-0.08,1.2
2024-03-19T09:00:00Z,11.2,5.39,0.0,20.0,0.4,0.09,1.4
2024-03-19T10:00:00Z,11.4,5.47,0.0,22.0,0.42,0.3,1.4
2024-03-19T11:00:00Z,10.6,6.3,0.0,19.0,0.44,0.42,1.3
2024-03-19T12:00:00Z,9.4,7.74,0.0,17.0,0.46,0.39,0.7
2024-03-19T13:00:00Z,9.0,7.16,0.0,10.0,0.46,0.23,0.2
2024-03-19T14:00:00Z,9.1,6.41,0.0,12.0,0.46,0.03,0.6
2024-03-19T15:00:00Z,9.2,6.05,0.0,5.0,0.46,-0.17,0.8
2024-03-19T16:00:00Z,9.1,5.33,0.0,0.0,0.42,-0.35,0.8
2024-03-19T17:00:00Z,9.1,4.39,0.0,0.0,0.4,-0.47,0.8
2024-03-19T18:00:00Z,9.0,3.53,0.0,0.0,0.36,-0.42,0.6
2024-03-19T19:00:00Z,8.9,2.28,0.0,0.0,0.34,-0.19,1.3
2024-03-19T20:00:00Z,8.7,1.03,0.0,0.0,0.3,0.1,2.2
2024-03-19T21:00:00Z,8.6,2.06,0.0,0.0,0.28,0.42,2.3
2024-03-19T22:00:00Z,8.7,3.98,0.0,0.0,0.26,0.79,2.3
2024-03-19T23:00:00Z,8.8,4.7,0.0,0.0,0.26,1.12,2.0
2024-03-20T00:00:00Z,8.9,5.33,0.0,0.0,0.24,1.27,1.3
2024-03-20T01:00:00Z,8.8,5.44,0.0,0.0,0.26,1.21,0.2
2024-03-20T02:00:00Z,9.0,5.22,0.0,0.0,0.28,0.95,1.1
2024-03-20T03:00:00Z,9.2,5.3,0.0,0.0,0.3,0.63,1.8
2024-03-20T04:00:00Z,9.6,5.22,0.0,0.0,0.3,0.28,2.5
2024-03-20T05:00:00Z,10.0,4.44,0.0,0.0,0.3,-0.08,3.1
2024-03-20T06:00:00Z,10.3,3.28,0.0,0.0,0.3,-0.37,3.1
2024-03-20T07:00:00Z,10.3,2.2,0.0,0.0,0.34,-0.46,2.2
2024-03-20T08:00:00Z,10.2,4.48,0.0,0.0,0.36,-0.42,0.7
2024-03-20T09:00:00Z,9.6,6.18,0.0,0.0,0.4,-0.28,0.2
2024-03-20T10:00:00Z,9.2,6.12,0.0,0.0,0.4,-0.05,0.9
2024-03-20T11:00:00Z,9.3,5.73,0.0,0.0,0.4,0.25,1.3
2024-03-20T12:00:00Z,9.3,5.64,0.0,0.0,0.4,0.47,1.1
2024-03-20T13:00:00Z,9.2,5.55,0.0,0.0,0.4,0.49,0.6
2024-03-20T14:00:00Z,9.2,5.28,0.0,0.0,0.38,0.3,0.6
2024-03-20T15:00:00Z,9.1,4.95,0.0,0.0,0.38,-0.01,1.3
2024-03-20T16:00:00Z,9.0,4.18,0.0,0.0,0.36,-0.34,1.8
2024-03-20T17:00:00Z,9.0,4.17,0.0,0.0,0.32,-0.64,2.2
2024-03-20T18:00:00Z,8.9,4.3,0.0,2.0,0.3,-0.85,2.0
2024-03-20T19:00:00Z,8.9,4.48,0.0,62.0,0.3,-0.86,1.1
2024-03-20T20:00:00Z,8.9,4.88,0.0,85.0,0.3,-0.65,0.4
2024-03-20T21:00:00Z,9.0,5.38,0.0,2.0,0.3,-0.3,1.8
2024-03-20T22:00:00Z,9.2,5.59,0.0,0.0,0.32,0.12,2.5
2024-03-20T23:00:00Z,9.3,6.17,0.0,7.0,0.32,0.61,2.8
2024-03-21T00:00:00Z,9.6,6.44,0.0,6.0,0.34,1.04,2.6
2024-03-21T01:00:00Z,9.8,6.84,0.0,23.0,0.36,1.23,1.8
2024-03-21T02:00:00Z,10.0,6.89,0.0,36.0,0.36,1.14,0.6
2024-03-21T03:00:00Z,10.2,7.2,0.0,4.0,0.38,0.81,1.5
2024-03-21T04:00:00Z,10.4,7.52,0.0,78.0,0.38,0.37,2.5
2024-03-21T05:00:00Z,10.6,7.71,0.0,98.0,0.4,-0.1,3.3
2024-03-21T06:00:00Z,10.8,8.02,0.0,100.0,0.4,-0.55,3.6
2024-03-21T07:00:00Z,11.0,8.3,0.0,96.0,0.48,-0.83,3.2
2024-03-21T08:00:00Z,11.1,8.92,0.0,96.0,0.58,-0.86,1.9
2024-03-21T09:00:00Z,11.1,9.49,0.0,84.0,0.66,-0.67,0.9
2024-03-21T10:00:00Z,11.5,9.71,0.0,32.0,0.8,-0.36,1.5
2024-03-21T11:00:00Z,11.4,10.55,0.0,18.0,0.92,0.05,2.2
2024-03-21T12:00:00Z,11.4,11.26,0.0,6.0,1.06,0.47,2.4
2024-03-21T13:00:00Z,11.4,11.77,0.0,1.0,1.14,0.72,2.0
2024-03-21T14:00:00Z,11.4,12.25,0.0,0.0,1.24,0.67,1.3
2024-03-21T15:00:00Z,11.4,12.21,0.0,0.0,1.32,0.37,1.4
2024-03-21T16:00:00Z,11.4,12.05,0.0,0.0,1.3,-0.06,2.3
2024-03-21T17:00:00Z,11.5,12.21,0.0,0.0,1.28,-0.5,3.0
2024-03-21T18:00:00Z,11.5,11.62,0.0,0.0,1.26,-0.88,3.1
2024-03-21T19:00:00Z,11.5,11.24,0.0,0.0,1.2,-1.11,2.5
2024-03-21T20:00:00Z,11.6,10.8,0.0,8.0,1.16,-1.07,1.3
2024-03-21T21:00:00Z,11.7,10.52,0.0,25.0,1.1,-0.75,0.9
2024-03-21T22:00:00Z,11.8,10.51,0.0,99.0,1.02,-0.26,2.4
2024-03-21T23:00:00Z,11.9,10.32,0.0,92.0,0.96,0.33,3.5
2024-03-22T00:00:00Z,12.0,10.41,0.0,97.0,0.88,0.94,4.0
2024-03-22T01:00:00Z,12.2,10.57,0.0,93.0,0.88,1.39,3.6
2024-03-22T02:00:00Z,12.4,10.17,0.0,97.0,0.88,1.51,2.3
2024-03-22T03:00:00Z,12.5,9.98,0.0,98.0,0.88,1.28,0.9
2024-03-22T04:00:00Z,12.6,9.19,0.0,83.0,0.78,0.82,1.8
2024-03-22T05:00:00Z,12.7,8.47,0.0,28.0,0.7,0.25,3.1
2024-03-22T06:00:00Z,12.8,7.76,0.0,35.0,0.6,-0.31,3.8
2024-03-22T07:00:00Z,13.1,7.67,0.0,44.0,0.54,-0.78,3.8
2024-03-22T08:00:00Z,13.3,7.94,0.0,51.0,0.46,-1.01,2.9
2024-03-22T09:00:00Z,13.4,8.0,0.0,49.0,0.4,-0.92,1.1
2024-03-22T10:00:00Z,12.9,8.1,0.0,53.0,0.46,-0.6,1.2
2024-03-22T11:00:00Z,12.8,8.4,0.0,59.0,0.52,-0.14,2.5
2024-03-22T12:00:00Z,12.7,8.57,0.0,86.0,0.58,0.4,3.2
2024-03-22T13:00:00Z,12.7,8.68,0.0,100.0,0.58,0.85,3.3
2024-03-22T14:00:00Z,12.7,8.51,0.0,100.0,0.58,1.03,2.3
2024-03-22T15:00:00Z,12.8,7.9,0.0,90.0,0.58,0.87,1.0
2024-03-22T16:00:00Z,12.8,7.41,0.0,100.0,0.52,0.45,1.2
2024-03-22T17:00:00Z,12.8,7.31,0.0,100.0,0.46,-0.07,2.4
2024-03-22T18:00:00Z,12.7,7.11,0.0,100.0,0.4,-0.56,2.9
2024-03-22T19:00:00Z,12.5,6.63,0.0,100.0,0.36,-0.96,2.9
2024-03-22T20:00:00Z,12.4,6.23,0.1,100.0,0.34,-1.13,2.0
2024-03-22T21:00:00Z,12.3,5.97,0.0,99.0,0.3,-0.95,0.3
2024-03-22T22:00:00Z,11.7,4.75,0.0,100.0,0.26,-0.48,2.2
2024-03-22T23:00:00Z,11.7,4.81,0.0,99.0,0.24,0.16,4.0
2024-03-23T00:00:00Z,11.7,4.61,0.0,80.0,0.2,0.85,4.9
2024-03-23T01:00:00Z,11.9,4.87,0.0,61.0,0.2,1.49,4.9
2024-03-23T02:00:00Z,12.1,5.26,0.0,65.0,0.18,1.85,4.0
2024-03-23T03:00:00Z,12.4,5.81,0.0,68.0,0.18,1.83,2.1
2024-03-23T04:00:00Z,12.7,6.28,0.0,80.0,0.18,1.43,0.4
2024-03-23T05:00:00Z,13.0,6.15,0.0,96.0,0.18,0.83,2.2
2024-03-23T06:00:00Z,13.4,6.45,0.0,95.0,0.18,0.18,3.4
2024-03-23T07:00:00Z,13.7,6.1,0.0,100.0,0.2,-0.4,3.8
2024-03-23T08:00:00Z,14.0,7.08,0.0,100.0,0.2,-0.81,3.4
2024-03-23T09:00:00Z,14.1,8.29,0.1,100.0,0.22,-0.9,2.0
2024-03-23T10:00:00Z,14.1,9.14,0.2,66.0,0.3,-0.64,0.3
2024-03-23T11:00:00Z,14.0,9.18,0.1,80.0,0.4,-0.16,2.2
2024-03-23T12:00:00Z,14.0,8.14,0.9,92.0,0.48,0.42,3.5
2024-03-23T13:00:00Z,14.0,8.29,0.0,86.0,0.52,0.98,3.7
2024-03-23T14:00:00Z,14.1,8.73,0.0,94.0,0.56,1.35,3.1
2024-03-23T15:00:00Z,14.1,8.71,0.0,96.0,0.6,1.38,1.7
2024-03-23T16:00:00Z,14.1,8.8,0.0,65.0,0.56,1.03,0.9
2024-03-23T17:00:00Z,14.0,8.72,0.0,57.0,0.5,0.45,2.4
2024-03-23T18:00:00Z,13.8,8.13,0.0,71.0,0.46,-0.18,3.6
2024-03-23T19:00:00Z,13.5,7.62,0.1,59.0,0.42,-0.73,4.0
2024-03-23T20:00:00Z,13.5,7.23,0.1,42.0,0.4,-1.12,3.6
2024-03-23T21:00:00Z,13.4,6.32,0.1,56.0,0.36,-1.22,2.2
2024-03-23T22:00:00Z,12.9,4.98,0.1,62.0,0.34,-0.94,0.4
2024-03-23T23:00:00Z,12.7,4.5,0.0,61.0,0.32,-0.35,2.5
2024-03-24T00:00:00Z,12.6,4.85,0.1,48.0,0.3,0.37,4.3
2024-03-24T01:00:00Z,12.5,4.64,0.0,90.0,0.28,1.06,4.9
2024-03-24T02:00:00Z,12.5,4.2,0.0,89.0,0.24,1.6,4.3
2024-03-24T03:00:00Z,12.4,3.54,0.0,93.0,0.22,1.8,2.9
2024-03-24T04:00:00Z,12.4,2.35,0.0,94.0,0.2,1.59,0.9
2024-03-24T05:00:00Z,13.2,0.63,0.0,99.0,0.18,1.03,1.5
2024-03-24T06:00:00Z,14.5,3.85,0.0,96.0,0.16,0.34,3.1
2024-03-24T07:00:00Z,13.7,4.86,0.0,86.0,0.2,-0.33,3.8
2024-03-24T08:00:00Z,13.0,4.6,0.0,84.0,0.22,-0.87,3.7
2024-03-24T09:00:00Z,12.3,3.92,0.0,81.0,0.26,-1.14,2.7
2024-03-24T10:00:00Z,11.7,4.39,0.0,54.0,0.28,-1.01,1.0
2024-03-24T11:00:00Z,11.6,5.47,0.0,67.0,0.32,-0.52,2.4
2024-03-24T12:00:00Z,11.6,6.33,0.0,85.0,0.34,0.13,4.5
2024-03-24T13:00:00Z,11.6,6.16,0.0,82.0,0.34,0.8,5.2
2024-03-24T14:00:00Z,11.6,5.04,0.0,87.0,0.34,1.35,5.1
2024-03-24T15:00:00Z,11.5,4.53,0.0,100.0,0.34,1.62,3.6
2024-03-24T16:00:00Z,11.5,4.42,0.0,99.0,0.32,1.48,1.7
2024-03-24T17:00:00Z,11.4,3.71,0.0,100.0,0.32,0.98,0.7
2024-03-24T18:00:00Z,11.4,4.1,0.0,100.0,0.3,0.31,2.5
2024-03-24T19:00:00Z,11.4,3.85,0.0,100.0,0.28,-0.36,3.4
2024-03-24T20:00:00Z,11.6,2.94,0.0,100.0,0.26,-0.87,3.5
2024-03-24T21:00:00Z,11.7,2.8,0.0,100.0,0.24,-1.13,2.4
2024-03-24T22:00:00Z,11.7,2.48,0.0,100.0,0.22,-1.03,0.9
2024-03-24T23:00:00Z,12.0,3.98,0.0,100.0,0.2,-0.53,2.2
2024-03-25T00:00:00Z,12.5,5.14,0.0,100.0,0.18,0.2,4.5
2024-03-25T01:00:00Z,13.0,5.29,0.0,100.0,0.18,0.96,5.6
2024-03-25T02:00:00Z,13.5,4.72,0.0,100.0,0.2,1.58,5.4
2024-03-25T03:00:00Z,13.9,4.05,0.0,100.0,0.2,1.91,4.0
2024-03-25T04:00:00Z,14.1,3.89,0.0,100.0,0.2,1.84,1.8
2024-03-25T05:00:00Z,14.2,4.15,0.0,88.0,0.22,1.41,0.5
2024-03-25T06:00:00Z,15.0,6.72,0.0,75.0,0.22,0.72,2.9
2024-03-25T07:00:00Z,15.2,8.63,0.0,52.0,0.32,0.0,4.4
2024-03-25T08:00:00Z,15.0,8.13,0.1,60.0,0.4,-0.62,4.6
2024-03-25T09:00:00Z,14.7,7.61,0.1,76.0,0.5,-1.01,3.7
2024-03-25T10:00:00Z,13.3,7.96,0.2,96.0,0.52,-1.06,1.9
2024-03-25T11:00:00Z,12.9,8.05,0.7,100.0,0.54,-0.71,1.2
2024-03-25T12:00:00Z,12.5,9.57,0.5,100.0,0.56,-0.05,3.4
2024-03-25T13:00:00Z,11.9,9.22,0.1,100.0,0.66,0.7,4.9
2024-03-25T14:00:00Z,11.4,9.91,0.1,100.0,0.78,1.33,5.0
2024-03-25T15:00:00Z,11.1,10.88,0.1,100.0,0.88,1.72,3.8
2024-03-25T16:00:00Z,10.9,10.9,0.0,99.0,1.12,1.78,2.0
2024-03-25T17:00:00Z,10.7,11.73,0.0,100.0,1.36,1.43,0.4
2024-03-25T18:00:00Z,10.6,11.06,0.0,100.0,1.6,0.78,2.6
2024-03-25T19:00:00Z,10.6,10.81,0.0,100.0,1.52,0.01,4.2
2024-03-25T20:00:00Z,10.5,10.97,0.0,99.0,1.42,-0.65,4.8
2024-03-25T21:00:00Z,10.5,11.39,0.0,88.0,1.34,-1.09,4.3
2024-03-25T22:00:00Z,10.7,10.04,0.0,44.0,1.2,-1.23,2.7
2024-03-25T23:00:00Z,10.6,10.22,0.0,28.0,1.08,-0.93,1.3
2024-03-26T00:00:00Z,10.5,10.01,0.0,35.0,0.94,-0.26,3.2
2024-03-26T01:00:00Z,10.5,9.23,0.0,18.0,0.9,0.56,5.2
2024-03-26T02:00:00Z,10.6,8.28,0.0,51.0,0.86,1.27,5.8
2024-03-26T03:00:00Z,10.7,7.12,0.0,79.0,0.82,1.76,4.9
2024-03-26T04:00:00Z,10.9,6.02,0.0,100.0,0.72,1.93,3.1
2024-03-26T05:00:00Z,11.0,5.2,0.0,88.0,0.64,1.69,0.8
2024-03-26T06:00:00Z,11.0,4.57,0.0,61.0,0.54,1.12,1.6
2024-03-26T07:00:00Z,10.9,4.7,0.0,53.0,0.54,0.38,3.4
2024-03-26T08:00:00Z,10.7,4.96,0.0,79.0,0.54,-0.3,4.4
2024-03-26T09:00:00Z,10.5,5.24,0.0,97.0,0.54,-0.78,4.0
2024-03-26T10:00:00Z,10.4,5.09,0.0,92.0,0.52,-0.98,2.6
2024-03-26T11:00:00Z,10.3,5.0,0.0,41.0,0.48,-0.8,0.8
2024-03-26T12:00:00Z,10.2,4.79,0.0,4.0,0.46,-0.24,2.4
2024-03-26T13:00:00Z,10.2,4.4,0.0,2.0,0.44,0.53,4.5
2024-03-26T14:00:00Z,10.1,4.12,0.0,0.0,0.42,1.23,5.2
2024-03-26T15:00:00Z,10.1,4.0,0.0,14.0,0.4,1.71,4.4
2024-03-26T16:00:00Z,10.0,4.23,0.0,0.0,0.4,1.88,2.8
2024-03-26T17:00:00Z,10.0,4.87,0.0,0.0,0.4,1.69,0.6
2024-03-26T18:00:00Z,10.0,5.17,0.0,1.0,0.4,1.15,2.2
2024-03-26T19:00:00Z,10.0,5.28,0.0,3.0,0.42,0.41,4.1
2024-03-26T20:00:00Z,10.0,6.09,0.0,99.0,0.44,-0.33,5.2
2024-03-26T21:00:00Z,10.0,6.98,0.0,99.0,0.46,-0.89,5.2
2024-03-26T22:00:00Z,10.0,6.38,0.0,100.0,0.5,-1.18,4.0
2024-03-26T23:00:00Z,10.1,7.35,0.0,99.0,0.54,-1.14,2.0
2024-03-27T00:00:00Z,10.3,8.01,0.0,100.0,0.58,-0.71,0.6
2024-03-27T01:00:00Z,10.4,8.34,0.0,99.0,0.6,0.0,3.1
2024-03-27T02:00:00Z,10.5,8.63,0.0,98.0,0.6,0.72,4.4
2024-03-27T03:00:00Z,10.7,7.96,0.0,99.0,0.62,1.24,4.1
2024-03-27T04:00:00Z,10.8,6.91,0.0,100.0,0.6,1.48,2.7
2024-03-27T05:00:00Z,10.9,7.46,0.0,100.0,0.6,1.39,1.2
2024-03-27T06:00:00Z,11.0,8.14,0.0,100.0,0.58,0.96,1.9
2024-03-27T07:00:00Z,11.0,9.22,0.0,100.0,0.66,0.31,3.7
2024-03-27T08:00:00Z,11.0,9.6,0.0,100.0,0.74,-0.41,4.9
2024-03-27T09:00:00Z,11.1,9.28,0.0,100.0,0.82,-0.97,4.9
2024-03-27T10:00:00Z,11.2,8.71,0.0,100.0,0.84,-1.27,3.6
2024-03-27T11:00:00Z,11.2,9.81,0.0,99.0,0.88,-1.25,1.8
2024-03-27T12:00:00Z,11.4,10.72,0.0,99.0,0.9,-0.85,0.7
2024-03-27T13:00:00Z,11.5,10.75,0.0,100.0,0.94,-0.14,3.3
2024-03-27T14:00:00Z,11.7,10.74,0.0,100.0,0.98,0.67,4.9
2024-03-27T15:00:00Z,11.9,10.39,0.1,100.0,1.02,1.29,5.0
2024-03-27T16:00:00Z,12.0,9.91,0.4,100.0,0.96,1.64,3.6
2024-03-27T17:00:00Z,12.2,9.28,0.8,100.0,0.92,1.66,1.9
2024-03-27T18:00:00Z,12.4,8.95,0.7,100.0,0.86,1.35,1.4
2024-03-27T19:00:00Z,12.4,8.21,0.4,100.0,0.78,0.77,3.2
2024-03-27T20:00:00Z,12.5,8.0,0.9,100.0,0.68,0.06,4.7
2024-03-27T21:00:00Z,12.5,7.0,1.6,100.0,0.6,-0.56,5.2
2024-03-27T22:00:00Z,12.3,5.94,1.6,100.0,0.52,-0.95,4.5
2024-03-27T23:00:00Z,12.2,4.6,2.7,100.0,0.46,-1.06,2.9
2024-03-28T00:00:00Z,11.9,4.75,3.6,100.0,0.38,-0.85,0.8
2024-03-28T01:00:00Z,11.8,6.5,5.9,100.0,0.38,-0.28,1.8
2024-03-28T02:00:00Z,11.9,5.72,5.3,100.0,0.36,0.44,3.6
2024-03-28T03:00:00Z,11.9,7.16,0.9,100.0,0.36,1.01,4.2
2024-03-28T04:00:00Z,11.9,7.98,0.1,100.0,0.38,1.33,3.3
2024-03-28T05:00:00Z,12.0,7.07,0.0,100.0,0.38,1.36,1.5
2024-03-28T06:00:00Z,12.0,6.33,0.0,98.0,0.4,1.11,0.9
2024-03-28T07:00:00Z,12.0,6.07,0.0,99.0,0.42,0.59,2.5
2024-03-28T08:00:00Z,12.1,5.88,0.0,89.0,0.42,-0.07,4.1
2024-03-28T09:00:00Z,12.3,5.28,0.0,100.0,0.44,-0.69,4.5
2024-03-28T10:00:00Z,12.7,4.24,0.0,86.0,0.42,-1.08,3.8
2024-03-28T11:00:00Z,12.7,3.62,0.0,63.0,0.38,-1.16,2.1
2024-03-28T12:00:00Z,12.7,3.4,0.0,22.0,0.36,-0.91,0.8
2024-03-28T13:00:00Z,12.6,3.5,0.0,34.0,0.32,-0.33,2.9
2024-03-28T14:00:00Z,12.4,3.35,0.0,53.0,0.3,0.47,5.0
2024-03-28T15:00:00Z,12.2,3.06,0.0,49.0,0.26,1.22,6.0
2024-03-28T16:00:00Z,12.0,2.7,0.0,43.0,0.22,1.7,5.1
2024-03-28T17:00:00Z,11.9,2.46,0.0,4.0,0.2,1.86,3.1
2024-03-28T18:00:00Z,11.8,3.24,0.0,2.0,0.16,1.73,1.0
2024-03-28T19:00:00Z,11.7,4.37,0.0,0.0,0.18,1.32,1.5
2024-03-28T20:00:00Z,11.8,5.0,0.0,0.0,0.22,0.71,3.2
2024-03-28T21:00:00Z,11.9,5.61,0.0,0.0,0.24,0.05,4.5
2024-03-28T22:00:00Z,11.6,5.61,0.0,4.0,0.26,-0.46,4.7
2024-03-28T23:00:00Z,11.6,6.08,0.0,19.0,0.28,-0.72,3.6
2024-03-29T00:00:00Z,11.6,6.69,0.0,28.0,0.3,-0.71,1.8
2024-03-29T01:00:00Z,11.7,6.99,0.0,17.0,0.32,-0.4,0.2
2024-03-29T02:00:00Z,12.0,6.96,0.0,22.0,0.36,0.15,2.2
2024-03-29T03:00:00Z,12.5,6.72,0.0,5.0,0.38,0.72,3.3
2024-03-29T04:00:00Z,13.0,6.61,0.0,8.0,0.36,1.08,2.8
2024-03-29T05:00:00Z,13.4,7.37,0.0,11.0,0.32,1.14,1.4
2024-03-29T06:00:00Z,13.7,8.12,0.0,0.0,0.3,0.95,1.4
2024-03-29T07:00:00Z,13.9,8.29,0.0,0.0,0.34,0.54,3.0
2024-03-29T08:00:00Z,14.0,8.49,0.0,0.0,0.4,-0.03,4.4
2024-03-29T09:00:00Z,14.0,8.87,0.0,0.0,0.44,-0.64,5.2
2024-03-29T10:00:00Z,14.8,9.17,0.0,0.0,0.54,-1.13,5.2
2024-03-29T11:00:00Z,14.8,9.62,0.0,0.0,0.64,-1.36,4.0
2024-03-29T12:00:00Z,14.7,9.7,0.0,0.0,0.74,-1.28,1.8
2024-03-29T13:00:00Z,14.6,9.7,0.0,0.0,0.74,-0.93,0.5
2024-03-29T14:00:00Z,14.6,9.2,0.0,11.0,0.76,-0.3,2.7
2024-03-29T15:00:00Z,14.6,9.12,0.0,40.0,0.76,0.44,4.6
2024-03-29T16:00:00Z,14.6,9.14,0.0,98.0,0.72,1.03,4.8
2024-03-29T17:00:00Z,14.5,8.56,0.0,100.0,0.7,1.32,3.6
2024-03-29T18:00:00Z,14.4,8.22,0.0,100.0,0.66,1.34,1.9
2024-03-29T19:00:00Z,14.4,8.41,0.0,98.0,0.62,1.13,1.1
2024-03-29T20:00:00Z,14.5,8.64,0.0,96.0,0.6,0.71,2.4
2024-03-29T21:00:00Z,14.5,8.45,0.0,98.0,0.56,0.16,3.5
2024-03-29T22:00:00Z,15.3,7.41,0.0,96.0,0.52,-0.35,4.0
2024-03-29T23:00:00Z,15.3,7.54,0.0,95.0,0.46,-0.68,3.4
2024-03-30T00:00:00Z,15.3,7.58,0.0,97.0,0.42,-0.76,2.0
2024-03-30T01:00:00Z,15.3,6.89,0.0,98.0,0.38,-0.6,0.3
2024-03-30T02:00:00Z,15.2,6.13,0.0,80.0,0.36,-0.21,1.7
2024-03-30T03:00:00Z,15.1,5.9,0.0,92.0,0.32,0.32,3.3
2024-03-30T04:00:00Z,15.1,6.34,0.0,99.0,0.3,0.79,3.8
2024-03-30T05:00:00Z,15.1,7.05,0.0,98.0,0.28,0.98,2.9
2024-03-30T06:00:00Z,14.9,7.06,0.0,91.0,0.26,0.91,1.4
2024-03-30T07:00:00Z,14.6,6.68,0.0,54.0,0.28,0.65,1.4
2024-03-30T08:00:00Z,14.3,5.87,0.0,1.0,0.28,0.25,2.7
2024-03-30T09:00:00Z,14.2,4.55,0.0,0.0,0.3,-0.26,3.6
2024-03-30T10:00:00Z,14.0,3.94,0.0,0.0,0.28,-0.76,4.0
2024-03-30T11:00:00Z,13.9,4.4,0.0,18.0,0.26,-1.07,3.4
2024-03-30T12:00:00Z,14.0,5.16,0.0,96.0,0.24,-1.11,1.8
2024-03-30T13:00:00Z,13.6,5.52,0.0,81.0,0.26,-0.88,0.3
2024-03-30T14:00:00Z,13.3,5.86,0.0,92.0,0.26,-0.42,2.3
2024-03-30T15:00:00Z,13.4,5.64,0.0,95.0,0.28,0.22,4.3
2024-03-30T16:00:00Z,13.3,3.85,0.0,100.0,0.26,0.88,5.4
2024-03-30T17:00:00Z,12.8,2.02,0.0,100.0,0.22,1.32,5.1
2024-03-30T18:00:00Z,12.8,3.98,0.0,100.0,0.2,1.45,3.5
2024-03-30T19:00:00Z,12.6,4.83,0.0,100.0,0.24,1.37,1.5
2024-03-30T20:00:00Z,12.6,5.25,0.0,100.0,0.3,1.12,0.4
2024-03-30T21:00:00Z,12.5,4.93,0.0,100.0,0.34,0.71,1.6
2024-03-30T22:00:00Z,12.5,5.55,0.0,100.0,0.38,0.24,2.5
2024-03-30T23:00:00Z,12.5,6.99,0.0,100.0,0.44,-0.14,2.8
2024-03-31T00:00:00Z,12.6,6.61,0.0,100.0,0.48,-0.34,2.2
2024-03-31T01:00:00Z,12.7,5.6,0.0,100.0,0.46,-0.3,0.8
2024-03-31T02:00:00Z,12.8,4.32,0.1,100.0,0.42,-0.09,1.3
2024-03-31T03:00:00Z,12.8,3.64,0.1,99.0,0.4,0.27,2.6
2024-03-31T04:00:00Z,12.9,4.78,0.1,98.0,0.4,0.68,3.4
2024-03-31T05:00:00Z,12.6,4.3,0.1,99.0,0.4,0.97,3.4
2024-03-31T06:00:00Z,12.4,3.8,0.7,99.0,0.4,0.99,2.3
2024-03-31T07:00:00Z,12.3,3.54,0.0,96.0,0.38,0.8,0.5
2024-03-31T08:00:00Z,12.2,4.29,0.0,97.0,0.36,0.49,1.1
2024-03-31T09:00:00Z,12.2,4.12,0.0,57.0,0.34,0.1,2.2
2024-03-31T10:00:00Z,12.6,4.82,0.0,43.0,0.32,-0.34,2.8
2024-03-31T11:00:00Z,12.7,5.46,0.0,35.0,0.3,-0.72,2.9
2024-03-31T12:00:00Z,12.4,5.66,0.0,52.0,0.28,-0.9,2.1
2024-03-31T13:00:00Z,12.1,4.75,0.0,57.0,0.28,-0.84,0.9
2024-03-31T14:00:00Z,12.0,4.07,0.0,61.0,0.3,-0.57,1.8
2024-03-31T15:00:00Z,12.0,3.31,0.0,57.0,0.3,-0.14,3.3
2024-03-31T16:00:00Z,12.0,2.06,0.0,49.0,0.28,0.41,4.5
2024-03-31T17:00:00Z,11.9,1.73,0.0,50.0,0.24,0.92,5.0
2024-03-31T18:00:00Z,11.9,1.8,0.0,53.0,0.22,1.21,4.4
2024-03-31T19:00:00Z,11.9,2.0,0.0,56.0,0.22,1.24,2.8
2024-03-31T20:00:00Z,11.8,2.25,0.0,61.0,0.2,1.13,1.2
2024-03-31T21:00:00Z,11.7,2.28,0.0,69.0,0.2,0.89,0.6
2024-03-31T22:00:00Z,11.6,1.7,0.0,73.0,0.2,0.56,1.5
2024-03-31T23:00:00Z,11.6,2.64,0.0,78.0,0.18,0.19,2.2
2024-04-01T00:00:00Z,11.5,4.48,0.0,99.0,0.18,-0.12,2.2
2024-04-01T01:00:00Z,11.6,6.0,0.0,97.0,0.22,-0.27,1.4
2024-04-01T02:00:00Z,11.8,6.51,0.0,96.0,0.28,-0.25,0.4
2024-04-01T03:00:00Z,12.0,6.46,0.0,94.0,0.32,-0.12,0.7
2024-04-01T04:00:00Z,12.2,6.77,0.0,62.0,0.32,0.13,1.7
2024-04-01T05:00:00Z,12.3,7.47,0.0,76.0,0.34,0.41,2.4
2024-04-01T06:00:00Z,12.3,7.71,0.0,77.0,0.34,0.57,2.2
2024-04-01T07:00:00Z,12.2,8.01,0.0,100.0,0.42,0.52,1.3
2024-04-01T08:00:00Z,12.4,8.63,0.0,99.0,0.52,0.35,1.0
2024-04-01T09:00:00Z,12.5,9.26,0.0,100.0,0.6,0.12,1.7
2024-04-01T10:00:00Z,12.6,9.17,0.0,100.0,0.72,-0.16,2.3
2024-04-01T11:00:00Z,12.5,9.88,0.0,100.0,0.86,-0.47,2.8
2024-04-01T12:00:00Z,12.3,10.48,0.0,100.0,0.98,-0.7,2.5
2024-04-01T13:00:00Z,12.2,10.31,0.0,100.0,1.02,-0.78,1.8
2024-04-01T14:00:00Z,12.3,10.41,0.0,100.0,1.04,-0.68,0.6
2024-04-01T15:00:00Z,12.7,10.31,0.3,100.0,1.08,-0.45,0.7
2024-04-01T16:00:00Z,13.1,9.93,0.2,100.0,1.04,-0.12,2.0
2024-04-01T17:00:00Z,13.5,10.59,0.9,100.0,0.98,0.31,2.9
2024-04-01T18:00:00Z,13.7,11.42,1.2,100.0,0.94,0.72,3.4
2024-04-01T19:00:00Z,13.8,10.47,4.3,100.0,0.92,0.93,2.9
2024-04-01T20:00:00Z,14.0,7.96,7.8,100.0,0.88,0.97,1.8
2024-04-01T21:00:00Z,14.2,7.21,5.0,100.0,0.86,0.92,1.1
2024-04-01T22:00:00Z,13.7,7.38,2.1,100.0,0.88,0.81,1.3
2024-04-01T23:00:00Z,13.9,9.18,2.1,100.0,0.92,0.58,1.9
2024-04-02T00:00:00Z,14.2,10.72,2.2,100.0,0.94,0.28,2.4
2024-04-02T01:00:00Z,14.4,10.89,2.2,100.0,0.92,0.04,2.4
2024-04-02T02:00:00Z,14.6,11.01,1.9,100.0,0.9,-0.1,2.0
2024-04-02T03:00:00Z,14.6,10.61,1.8,100.0,0.88,-0.14,1.2
2024-04-02T04:00:00Z,14.6,9.65,1.5,100.0,0.8,-0.1,0.5
2024-04-02T05:00:00Z,14.6,9.18,1.4,99.0,0.7,0.04,0.6
2024-04-02T06:00:00Z,14.7,9.71,0.4,96.0,0.62,0.24,1.3
2024-04-02T07:00:00Z,15.1,9.59,0.0,97.0,0.62,0.34,1.4
2024-04-02T08:00:00Z,15.4,9.51,0.0,99.0,0.64,0.3,0.9
2024-04-02T09:00:00Z,15.7,9.3,0.0,99.0,0.64,0.21,1.2
2024-04-02T10:00:00Z,16.1,8.11,0.0,87.0,0.58,0.07,1.5
2024-04-02T11:00:00Z,16.2,6.39,0.0,84.0,0.52,-0.11,1.9
2024-04-02T12:00:00Z,16.1,5.32,0.0,77.0,0.46,-0.34,2.2
2024-04-02T13:00:00Z,15.8,4.7,0.0,96.0,0.44,-0.52,2.0
2024-04-02T14:00:00Z,15.4,7.01,0.0,93.0,0.4,-0.6,1.3
2024-04-02T15:00:00Z,15.2,6.25,0.0,99.0,0.38,-0.56,0.2
2024-04-02T16:00:00Z,15.2,4.5,0.0,100.0,0.34,-0.4,0.7
2024-04-02T17:00:00Z,14.9,3.98,0.0,99.0,0.32,-0.14,1.8
2024-04-02T18:00:00Z,14.5,3.42,0.0,100.0,0.28,0.24,2.7
2024-04-02T19:00:00Z,14.1,3.26,0.1,100.0,0.28,0.6,3.1
2024-04-02T20:00:00Z,14.2,2.44,0.2,100.0,0.26,0.84,2.8
2024-04-02T21:00:00Z,14.2,2.66,0.1,96.0,0.26,0.97,1.9
2024-04-02T22:00:00Z,12.9,2.75,0.5,100.0,0.26,1.03,1.0
2024-04-02T23:00:00Z,13.2,3.09,1.9,100.0,0.28,0.99,0.6
2024-04-03T00:00:00Z,13.4,3.75,1.8,100.0,0.28,0.81,1.1
2024-04-03T01:00:00Z,14.2,5.2,0.4,100.0,0.36,0.53,2.0
2024-04-03T02:00:00Z,15.1,7.4,0.0,87.0,0.42,0.23,2.3
2024-04-03T03:00:00Z,14.9,8.6,0.0,93.0,0.5,0.01,2.2
2024-04-03T04:00:00Z,14.4,7.38,0.0,30.0,0.5,-0.15,1.6
2024-04-03T05:00:00Z,14.2,6.4,0.0,96.0,0.52,-0.23,1.0
2024-04-03T06:00:00Z,14.6,6.98,0.0,100.0,0.52,-0.16,0.4
2024-04-03T07:00:00Z,14.9,7.57,0.0,100.0,0.54,0.02,1.1
2024-04-03T08:00:00Z,14.7,7.64,0.0,100.0,0.54,0.17,1.6
2024-04-03T09:00:00Z,14.5,7.85,0.0,100.0,0.56,0.26,1.6
2024-04-03T10:00:00Z,13.8,6.67,0.0,100.0,0.56,0.33,1.1
2024-04-03T11:00:00Z,13.4,7.89,0.0,100.0,0.58,0.34,0.7
2024-04-03T12:00:00Z,13.0,7.85,0.0,100.0,0.58,0.26,0.3
2024-04-03T13:00:00Z,12.7,7.36,0.0,100.0,0.58,0.1,0.8
2024-04-03T14:00:00Z,12.4,7.4,0.0,100.0,0.6,-0.09,1.0
2024-04-03T15:00:00Z,12.1,7.75,0.0,100.0,0.6,-0.25,1.0
2024-04-03T16:00:00Z,11.9,7.2,0.6,100.0,0.56,-0.32,0.7
2024-04-03T17:00:00Z,11.6,5.61,1.2,100.0,0.54,-0.28,1.0
2024-04-03T18:00:00Z,11.6,4.43,0.3,100.0,0.5,-0.09,1.7
2024-04-03T19:00:00Z,11.7,5.8,0.3,100.0,0.54,0.27,2.6
2024-04-03T20:00:00Z,11.8,6.36,0.0,100.0,0.58,0.67,3.4
2024-04-03T21:00:00Z,11.8,6.59,0.0,100.0,0.62,1.01,3.4
2024-04-03T22:00:00Z,12.0,6.02,0.0,100.0,0.58,1.27,2.7
2024-04-03T23:00:00Z,11.9,5.06,0.1,100.0,0.52,1.45,1.8
2024-04-04T00:00:00Z,11.9,3.81,0.1,100.0,0.48,1.45,0.8
2024-04-04T01:00:00Z,11.8,3.22,0.2,100.0,0.46,1.24,0.8
2024-04-04T02:00:00Z,11.9,3.55,0.1,99.0,0.42,0.88,1.9
2024-04-04T03:00:00Z,11.9,4.4,0.1,100.0,0.4,0.47,2.6
2024-04-04T04:00:00Z,11.9,4.7,0.2,100.0,0.42,0.1,2.7
2024-04-04T05:00:00Z,11.9,5.15,0.1,100.0,0.44,-0.21,2.6
2024-04-04T06:00:00Z,11.7,5.54,0.1,100.0,0.46,-0.38,1.9
2024-04-04T07:00:00Z,11.4,6.32,0.0,100.0,0.5,-0.34,1.2
2024-04-04T08:00:00Z,11.5,6.79,0.0,100.0,0.54,-0.13,1.2
2024-04-04T09:00:00Z,11.7,6.48,0.0,100.0,0.58,0.11,1.8
2024-04-04T10:00:00Z,11.8,5.57,0.0,100.0,0.6,0.34,2.0
2024-04-04T11:00:00Z,11.8,5.73,0.0,100.0,0.6,0.54,1.6
2024-04-04T12:00:00Z,11.8,5.5,0.1,100.0,0.62,0.64,1.1
2024-04-04T13:00:00Z,11.8,5.4,0.2,100.0,0.6,0.55,0.6
2024-04-04T14:00:00Z,11.6,5.3,0.2,100.0,0.56,0.28,1.3
2024-04-04T15:00:00Z,11.6,4.51,0.3,100.0,0.54,-0.07,1.9
2024-04-04T16:00:00Z,11.5,4.4,0.0,100.0,0.52,-0.38,2.1
2024-04-04T17:00:00Z,11.5,5.1,0.1,100.0,0.48,-0.61,1.9
2024-04-04T18:00:00Z,11.5,5.21,0.0,100.0,0.46,-0.7,1.5
2024-04-04T19:00:00Z,11.5,5.59,0.0,100.0,0.44,-0.56,1.5
2024-04-04T20:00:00Z,11.5,5.04,0.0,100.0,0.42,-0.17,2.3
2024-04-04T21:00:00Z,11.5,5.08,0.0,97.0,0.4,0.3,3.3
2024-04-04T22:00:00Z,11.2,5.12,0.0,13.0,0.4,0.77,3.8
2024-04-04T23:00:00Z,11.3,4.93,0.0,11.0,0.4,1.19,3.5
2024-04-05T00:00:00Z,11.5,5.04,0.0,16.0,0.4,1.49,2.9
2024-04-05T01:00:00Z,11.6,5.3,0.0,25.0,0.4,1.53,1.7
2024-04-05T02:00:00Z,11.7,5.22,0.0,16.0,0.38,1.27,0.7
2024-04-05T03:00:00Z,11.8,4.81,0.0,5.0,0.38,0.81,1.8
2024-04-05T04:00:00Z,11.9,5.63,0.0,12.0,0.42,0.28,2.7
2024-04-05T05:00:00Z,11.9,5.59,0.0,27.0,0.44,-0.22,3.0
2024-04-05T06:00:00Z,12.0,5.87,0.0,25.0,0.48,-0.61,2.7
2024-04-05T07:00:00Z,12.0,5.33,0.0,75.0,0.46,-0.78,1.9
2024-04-05T08:00:00Z,12.0,4.94,0.0,100.0,0.46,-0.66,0.7
2024-04-05T09:00:00Z,11.9,4.58,0.0,100.0,0.44,-0.32,1.8
2024-04-05T10:00:00Z,11.8,3.97,0.0,100.0,0.4,0.09,3.1
2024-04-05T11:00:00Z,11.8,3.69,0.0,100.0,0.38,0.5,3.2
2024-04-05T12:00:00Z,11.9,3.62,0.0,100.0,0.34,0.83,3.1
2024-04-05T13:00:00Z,11.9,3.2,0.0,100.0,0.32,0.98,2.2
2024-04-05T14:00:00Z,11.9,3.22,0.0,100.0,0.28,0.83,0.8
2024-04-05T15:00:00Z,11.8,2.78,0.0,100.0,0.26,0.45,1.2
2024-04-05T16:00:00Z,11.8,2.2,0.0,100.0,0.24,-0.03,1.9
2024-04-05T17:00:00Z,11.8,1.89,0.4,100.0,0.22,-0.49,2.4
2024-04-05T18:00:00Z,11.9,0.71,1.3,100.0,0.2,-0.83,2.2
2024-04-05T19:00:00Z,11.9,1.12,1.3,100.0,0.2,-0.96,1.6
2024-04-05T20:00:00Z,12.0,2.42,1.0,100.0,0.18,-0.76,1.7
2024-04-05T21:00:00Z,12.1,3.54,0.7,100.0,0.18,-0.27,3.4
2024-04-05T22:00:00Z,12.1,3.36,0.4,99.0,0.18,0.36,4.9
2024-04-05T23:00:00Z,12.2,4.33,0.2,100.0,0.18,0.99,5.6
2024-04-06T00:00:00Z,12.3,4.68,0.0,100.0,0.18,1.52,5.2
2024-04-06T01:00:00Z,12.4,4.3,0.1,100.0,0.2,1.84,4.1
2024-04-06T02:00:00Z,12.5,3.24,0.1,100.0,0.22,1.8,2.3
2024-04-06T03:00:00Z,12.5,3.08,0.0,100.0,0.24,1.4,0.4
2024-04-06T04:00:00Z,12.5,2.78,0.0,100.0,0.24,0.79,1.7
2024-04-06T05:00:00Z,12.5,2.5,0.0,100.0,0.26,0.12,2.9
2024-04-06T06:00:00Z,12.6,2.83,0.0,99.0,0.26,-0.47,3.3
2024-04-06T07:00:00Z,12.6,3.11,0.0,99.0,0.26,-0.9,3.0
2024-04-06T08:00:00Z,12.5,3.05,0.0,100.0,0.24,-1.03,1.6
2024-04-06T09:00:00Z,12.5,2.64,0.0,100.0,0.24,-0.79,1.0
2024-04-06T10:00:00Z,12.4,2.48,0.0,99.0,0.24,-0.28,3.1
2024-04-06T11:00:00Z,12.4,2.69,0.0,100.0,0.22,0.3,4.5
2024-04-06T12:00:00Z,12.3,3.86,0.0,96.0,0.22,0.84,4.7
2024-04-06T13:00:00Z,12.2,3.91,0.0,89.0,0.22,1.24,4.0
2024-04-06T14:00:00Z,12.2,3.26,0.0,73.0,0.24,1.32,2.5
2024-04-06T15:00:00Z,12.1,2.97,0.0,95.0,0.24,1.04,0.5
2024-04-06T16:00:00Z,12.1,3.58,0.0,26.0,0.24,0.49,1.5
2024-04-06T17:00:00Z,12.1,3.96,0.0,5.0,0.24,-0.15,2.8
2024-04-06T18:00:00Z,12.1,3.45,0.0,19.0,0.24,-0.73,3.1
2024-04-06T19:00:00Z,12.1,3.61,0.0,37.0,0.24,-1.14,2.8
2024-04-06T20:00:00Z,12.0,4.18,0.0,34.0,0.26,-1.26,1.5
2024-04-06T21:00:00Z,12.1,4.11,0.0,57.0,0.26,-0.98,1.3
2024-04-06T22:00:00Z,12.2,3.68,0.0,96.0,0.26,-0.35,3.8
2024-04-06T23:00:00Z,12.2,3.9,0.3,100.0,0.24,0.43,5.8
2024-04-07T00:00:00Z,12.2,3.67,1.6,100.0,0.24,1.17,6.3
2024-04-07T01:00:00Z,12.3,3.76,0.6,100.0,0.24,1.74,5.8
2024-04-07T02:00:00Z,12.3,4.19,0.4,98.0,0.24,1.98,4.2
2024-04-07T03:00:00Z,12.4,4.22,0.2,100.0,0.24,1.79,1.8
2024-04-07T04:00:00Z,12.4,4.69,0.1,100.0,0.24,1.21,0.9
2024-04-07T05:00:00Z,12.4,4.6,0.7,100.0,0.26,0.44,2.9
2024-04-07T06:00:00Z,12.4,4.82,0.2,100.0,0.26,-0.32,4.0
2024-04-07T07:00:00Z,12.3,5.15,0.1,100.0,0.26,-0.95,4.2
2024-04-07T08:00:00Z,12.3,4.7,0.1,100.0,0.28,-1.33,3.3
2024-04-07T09:00:00Z,12.4,4.77,0.3,100.0,0.28,-1.32,1.3
2024-04-07T10:00:00Z,12.3,4.48,0.4,100.0,0.28,-0.87,2.0
2024-04-07T11:00:00Z,12.4,5.36,0.4,100.0,0.3,-0.15,4.7
2024-04-07T12:00:00Z,12.4,5.58,0.4,100.0,0.3,0.61,6.0
2024-04-07T13:00:00Z,12.5,5.2,0.4,100.0,0.32,1.27,5.8
2024-04-07T14:00:00Z,12.4,5.24,0.5,100.0,0.36,1.65,4.7
2024-04-07T15:00:00Z,12.4,5.44,0.3,100.0,0.38,1.62,2.8
2024-04-07T16:00:00Z,12.4,5.54,0.3,100.0,0.38,1.18,0.4
2024-04-07T17:00:00Z,12.4,4.94,0.3,100.0,0.36,0.48,2.0
2024-04-07T18:00:00Z,12.4,5.05,0.1,100.0,0.36,-0.26,3.3
2024-04-07T19:00:00Z,12.4,5.08,0.6,100.0,0.34,-0.89,3.6
2024-04-07T20:00:00Z,12.4,5.44,0.5,100.0,0.34,-1.3,3.0
2024-04-07T21:00:00Z,12.4,5.51,0.9,100.0,0.32,-1.37,1.5
2024-04-07T22:00:00Z,12.2,5.24,1.2,100.0,0.34,-0.97,2.0
2024-04-07T23:00:00Z,12.2,5.85,1.7,100.0,0.36,-0.21,4.7
2024-04-08T00:00:00Z,12.2,6.53,1.9,100.0,0.38,0.66,6.3
2024-04-08T01:00:00Z,12.2,6.18,1.2,100.0,0.42,1.43,6.7
2024-04-08T02:00:00Z,12.1,5.94,1.2,100.0,0.48,1.94,5.4
2024-04-08T03:00:00Z,12.1,6.24,1.1,100.0,0.52,2.04,3.3
2024-04-08T04:00:00Z,12.1,5.66,0.8,100.0,0.56,1.68,0.5
2024-04-08T05:00:00Z,12.2,5.82,0.3,100.0,0.58,0.95,2.2
2024-04-08T06:00:00Z,12.1,6.63,0.8,100.0,0.62,0.09,4.2
2024-04-08T07:00:00Z,12.1,7.61,1.0,100.0,0.66,-0.7,5.1
2024-04-08T08:00:00Z,11.9,8.61,0.8,100.0,0.68,-1.29,4.9
2024-04-08T09:00:00Z,11.9,8.39,0.2,100.0,0.72,-1.55,3.5
2024-04-08T10:00:00Z,12.9,7.64,0.0,100.0,0.68,-1.34,1.2
2024-04-08T11:00:00Z,12.9,6.55,0.0,100.0,0.62,-0.67,2.9
2024-04-08T12:00:00Z,13.1,4.24,0.0,21.0,0.58,0.22,5.4
2024-04-08T13:00:00Z,13.1,2.88,0.0,76.0,0.54,1.08,6.5
2024-04-08T14:00:00Z,13.1,3.88,0.0,96.0,0.48,1.72,5.8
2024-04-08T15:00:00Z,13.1,5.29,0.0,93.0,0.44,1.99,4.0
2024-04-08T16:00:00Z,13.0,5.89,0.0,88.0,0.46,1.78,1.3
2024-04-08T17:00:00Z,12.9,6.82,0.0,97.0,0.46,1.17,1.5
2024-04-08T18:00:00Z,12.7,7.69,0.0,98.0,0.48,0.35,3.7
2024-04-08T19:00:00Z,12.8,7.35,0.0,99.0,0.48,-0.45,4.9
2024-04-08T20:00:00Z,12.8,6.89,0.0,98.0,0.48,-1.08,4.8
2024-04-08T21:00:00Z,12.9,6.21,0.0,96.0,0.48,-1.42,3.8
2024-04-08T22:00:00Z,13.1,5.25,0.0,87.0,0.46,-1.35,1.8
2024-04-08T23:00:00Z,13.2,5.47,0.0,76.0,0.44,-0.8,2.0
2024-04-09T00:00:00Z,13.4,5.35,0.0,48.0,0.42,0.04,4.7
2024-04-09T01:00:00Z,13.4,5.08,0.0,59.0,0.42,0.92,6.1
2024-04-09T02:00:00Z,13.5,4.72,0.0,1.0,0.42,1.61,5.9
2024-04-09T03:00:00Z,13.6,4.48,0.0,2.0,0.42,1.97,4.3
2024-04-09T04:00:00Z,13.6,4.31,0.0,1.0,0.4,1.9,2.0
2024-04-09T05:00:00Z,13.5,4.3,0.0,0.0,0.4,1.37,0.7
2024-04-09T06:00:00Z,13.4,4.24,0.0,2.0,0.38,0.56,3.3
2024-04-09T07:00:00Z,13.3,4.21,0.0,0.0,0.4,-0.29,4.9
2024-04-09T08:00:00Z,13.2,4.33,0.0,0.0,0.4,-1.01,5.2
2024-04-09T09:00:00Z,13.1,4.7,0.0,0.0,0.42,-1.48,4.4
2024-04-09T10:00:00Z,13.3,3.94,0.0,8.0,0.38,-1.56,2.6
2024-04-09T11:00:00Z,13.2,4.1,0.0,91.0,0.36,-1.13,1.7
2024-04-09T12:00:00Z,13.1,4.56,0.0,100.0,0.32,-0.3,4.6
2024-04-09T13:00:00Z,13.1,4.74,0.0,86.0,0.32,0.66,6.7
2024-04-09T14:00:00Z,13.0,4.22,0.0,83.0,0.34,1.49,6.8
2024-04-09T15:00:00Z,12.9,3.96,0.0,91.0,0.34,2.02,5.4
2024-04-09T16:00:00Z,12.9,3.74,0.0,88.0,0.34,2.11,3.1
2024-04-09T17:00:00Z,12.8,2.95,0.0,91.0,0.32,1.75,0.3
2024-04-09T18:00:00Z,12.8,3.04,0.0,91.0,0.32,1.03,2.5
2024-04-09T19:00:00Z,12.7,3.51,0.0,83.0,0.32,0.16,4.5
2024-04-09T20:00:00Z,12.7,3.49,0.0,76.0,0.32,-0.63,5.4
2024-04-09T21:00:00Z,12.7,3.91,0.0,80.0,0.32,-1.21,5.1
2024-04-09T22:00:00Z,12.7,3.75,0.0,71.0,0.32,-1.47,3.8
2024-04-09T23:00:00Z,12.9,4.52,0.0,84.0,0.3,-1.3,1.3
2024-04-10T00:00:00Z,13.1,4.97,0.0,47.0,0.3,-0.68,2.4
2024-04-10T01:00:00Z,13.3,5.37,0.0,0.0,0.3,0.19,5.1
2024-04-10T02:00:00Z,13.6,5.28,0.0,4.0,0.32,0.99,6.0
2024-04-10T03:00:00Z,13.8,4.9,0.0,5.0,0.32,1.53,5.3
2024-04-10T04:00:00Z,13.9,4.8,0.0,3.0,0.34,1.72,3.5
2024-04-10T05:00:00Z,13.9,5.52,0.0,1.0,0.36,1.47,1.3
2024-04-10T06:00:00Z,13.9,5.94,0.0,5.0,0.38,0.83,1.9
2024-04-10T07:00:00Z,13.8,6.45,0.0,0.0,0.44,0.02,3.8
2024-04-10T08:00:00Z,13.7,6.71,0.0,0.0,0.48,-0.76,4.9
2024-04-10T09:00:00Z,13.7,6.81,0.0,1.0,0.54,-1.34,4.7
2024-04-10T10:00:00Z,13.8,5.99,0.0,4.0,0.52,-1.63,3.4
2024-04-10T11:00:00Z,13.8,6.53,0.0,7.0,0.5,-1.52,1.2
2024-04-10T12:00:00Z,13.8,6.47,0.0,20.0,0.48,-0.93,2.0
2024-04-10T13:00:00Z,13.7,6.56,0.0,20.0,0.48,-0.03,4.9
2024-04-10T14:00:00Z,13.7,5.73,0.0,49.0,0.48,0.91,6.5
2024-04-10T15:00:00Z,13.7,5.8,0.0,68.0,0.48,1.62,6.0
2024-04-10T16:00:00Z,13.6,5.59,0.1,56.0,0.44,2.0,4.3
2024-04-10T17:00:00Z,13.6,5.92,0.1,74.0,0.42,1.95,1.9
2024-04-10T18:00:00Z,13.6,6.07,0.0,100.0,0.38,1.49,1.4
2024-04-10T19:00:00Z,13.6,6.34,0.7,100.0,0.38,0.75,3.5
2024-04-10T20:00:00Z,13.6,5.66,0.0,100.0,0.4,-0.07,5.0
2024-04-10T21:00:00Z,13.7,5.02,0.0,100.0,0.4,-0.75,5.4
2024-04-10T22:00:00Z,13.9,3.11,0.0,66.0,0.36,-1.2,4.5
2024-04-10T23:00:00Z,13.9,3.09,0.0,73.0,0.34,-1.32,2.7
2024-04-11T00:00:00Z,13.9,3.45,0.0,100.0,0.3,-1.03,0.4
2024-04-11T01:00:00Z,13.9,4.74,0.0,85.0,0.3,-0.35,3.1
2024-04-11T02:00:00Z,14.0,4.96,0.0,88.0,0.28,0.44,5.1
2024-04-11T03:00:00Z,14.0,4.5,0.0,98.0,0.28,1.08,5.3
2024-04-11T04:00:00Z,14.2,4.24,0.0,97.0,0.26,1.45,4.2
2024-04-11T05:00:00Z,14.3,4.53,0.0,19.0,0.26,1.47,2.3
2024-04-11T06:00:00Z,14.4,4.68,0.0,19.0,0.24,1.11,1.1
2024-04-11T07:00:00Z,14.6,4.58,0.0,42.0,0.28,0.44,2.6
2024-04-11T08:00:00Z,14.6,4.7,0.0,90.0,0.3,-0.33,4.1
2024-04-11T09:00:00Z,14.6,4.72,0.0,61.0,0.34,-0.98,4.7
2024-04-11T10:00:00Z,14.4,4.73,0.0,46.0,0.34,-1.39,3.8
2024-04-11T11:00:00Z,14.3,5.63,0.0,99.0,0.36,-1.48,2.1
2024-04-11T12:00:00Z,14.3,5.98,0.5,99.0,0.36,-1.18,0.8
2024-04-11T13:00:00Z,14.3,6.05,0.4,100.0,0.38,-0.47,3.6
2024-04-11T14:00:00Z,14.2,5.2,0.8,94.0,0.38,0.46,6.0
2024-04-11T15:00:00Z,14.2,5.03,0.3,90.0,0.4,1.28,6.7
2024-04-11T16:00:00Z,14.1,4.6,0.5,100.0,0.38,1.83,5.7
2024-04-11T17:00:00Z,14.1,4.74,0.8,99.0,0.36,2.04,3.6
2024-04-11T18:00:00Z,14.1,5.28,1.4,96.0,0.34,1.86,1.4
2024-04-11T19:00:00Z,14.1,6.11,0.8,100.0,0.36,1.34,1.9
2024-04-11T20:00:00Z,14.1,6.96,0.9,100.0,0.38,0.61,3.8
2024-04-11T21:00:00Z,14.2,7.07,1.2,99.0,0.4,-0.11,4.9
2024-04-11T22:00:00Z,14.1,6.95,1.4,96.0,0.42,-0.67,4.7
2024-04-11T23:00:00Z,14.2,6.58,1.9,96.0,0.46,-0.99,3.6
2024-04-12T00:00:00Z,14.3,6.42,3.0,100.0,0.48,-1.01,1.8
2024-04-12T01:00:00Z,14.4,6.54,3.6,100.0,0.5,-0.66,0.7
2024-04-12T02:00:00Z,14.5,7.0,3.2,100.0,0.52,-0.04,3.1
2024-04-12T03:00:00Z,14.5,6.72,1.5,100.0,0.54,0.58,4.4
2024-04-12T04:00:00Z,14.4,6.4,0.4,100.0,0.52,1.0,4.0
2024-04-12T05:00:00Z,14.3,6.24,0.2,100.0,0.52,1.16,2.7
2024-04-12T06:00:00Z,14.2,6.35,0.1,100.0,0.5,1.03,1.3
2024-04-12T07:00:00Z,14.2,6.28,0.4,99.0,0.46,0.6,2.1
2024-04-12T08:00:00Z,14.1,6.33,0.2,100.0,0.44,-0.03,3.6
2024-04-12T09:00:00Z,14.1,6.15,0.2,100.0,0.4,-0.68,4.5
2024-04-12T10:00:00Z,14.2,5.81,0.1,96.0,0.38,-1.17,4.3
2024-04-12T11:00:00Z,14.2,5.98,0.0,100.0,0.38,-1.4,3.3
2024-04-12T12:00:00Z,14.2,5.82,0.0,100.0,0.36,-1.34,1.4
2024-04-12T13:00:00Z,14.1,5.31,0.0,100.0,0.36,-0.93,1.4
2024-04-12T14:00:00Z,14.0,4.66,0.0,100.0,0.36,-0.2,3.8
2024-04-12T15:00:00Z,14.0,4.25,0.0,100.0,0.36,0.61,5.6
2024-04-12T16:00:00Z,13.9,3.79,0.0,100.0,0.36,1.26,5.8
2024-04-12T17:00:00Z,13.8,3.55,0.0,100.0,0.34,1.66,4.4
2024-04-12T18:00:00Z,13.8,3.52,0.0,100.0,0.34,1.76,2.6
2024-04-12T19:00:00Z,13.7,3.3,0.0,100.0,0.34,1.54,0.9
2024-04-12T20:00:00Z,13.7,2.8,0.0,100.0,0.32,1.04,2.1
2024-04-12T21:00:00Z,13.6,2.51,0.0,99.0,0.32,0.4,3.6
2024-04-12T22:00:00Z,13.7,2.59,0.0,95.0,0.32,-0.19,4.1
2024-04-12T23:00:00Z,13.7,3.83,0.0,99.0,0.34,-0.61,3.8
2024-04-13T00:00:00Z,13.8,4.25,0.0,100.0,0.34,-0.8,2.5
2024-04-13T01:00:00Z,13.9,4.2,0.0,84.0,0.34,-0.74,0.8
2024-04-13T02:00:00Z,14.1,4.18,0.0,74.0,0.34,-0.38,1.5
2024-04-13T03:00:00Z,14.2,4.49,0.0,67.0,0.34,0.15,3.3
2024-04-13T04:00:00Z,14.4,4.47,0.0,48.0,0.36,0.6,4.0
2024-04-13T05:00:00Z,14.4,4.3,0.0,31.0,0.36,0.84,3.2
2024-04-13T06:00:00Z,14.5,4.3,0.0,92.0,0.38,0.89,1.9
2024-04-13T07:00:00Z,14.5,4.44,0.0,100.0,0.38,0.71,0.9
2024-04-13T08:00:00Z,14.4,4.18,0.0,100.0,0.38,0.3,1.8
2024-04-13T09:00:00Z,14.4,4.75,0.0,100.0,0.38,-0.24,2.9
2024-04-13T10:00:00Z,14.3,3.81,0.0,100.0,0.38,-0.74,3.4
2024-04-13T11:00:00Z,14.2,4.96,0.0,100.0,0.38,-1.05,2.9
2024-04-13T12:00:00Z,14.2,6.29,0.0,100.0,0.38,-1.13,1.7
2024-04-13T13:00:00Z,14.2,6.17,0.0,100.0,0.4,-0.95,0.6
2024-04-13T14:00:00Z,14.2,6.38,0.0,100.0,0.42,-0.5,2.2
2024-04-13T15:00:00Z,14.2,6.13,0.0,100.0,0.44,0.16,4.1
2024-04-13T16:00:00Z,14.2,6.17,0.0,100.0,0.42,0.81,5.2
2024-04-13T17:00:00Z,14.1,6.57,0.0,100.0,0.4,1.28,4.7
2024-04-13T18:00:00Z,14.2,6.36,0.0,100.0,0.38,1.53,3.4
2024-04-13T19:00:00Z,14.1,7.07,0.9,100.0,0.42,1.55,1.9
2024-04-13T20:00:00Z,14.1,7.34,1.0,100.0,0.48,1.34,1.0
2024-04-13T21:00:00Z,14.1,7.54,1.0,100.0,0.52,0.9,2.1
2024-04-13T22:00:00Z,14.0,6.81,0.6,100.0,0.54,0.37,3.3
2024-04-13T23:00:00Z,14.1,7.29,0.4,100.0,0.54,-0.09,3.6
2024-04-14T00:00:00Z,14.3,6.66,0.3,100.0,0.56,-0.38,3.2
2024-04-14T01:00:00Z,14.5,7.32,0.2,100.0,0.58,-0.5,2.3
2024-04-14T02:00:00Z,14.8,7.83,1.2,100.0,0.62,-0.42,0.9
2024-04-14T03:00:00Z,14.9,7.98,0.9,100.0,0.64,-0.13,0.8
2024-04-14T04:00:00Z,15.0,7.73,1.5,100.0,0.6,0.25,2.1
2024-04-14T05:00:00Z,15.1,6.48,0.4,96.0,0.58,0.51,2.3
2024-04-14T06:00:00Z,15.3,5.85,0.1,99.0,0.54,0.63,1.8
2024-04-14T07:00:00Z,15.4,5.3,0.0,100.0,0.48,0.61,1.3
2024-04-14T08:00:00Z,15.6,4.96,0.0,97.0,0.44,0.42,1.8
2024-04-14T09:00:00Z,15.7,4.78,0.0,83.0,0.38,0.06,2.5
2024-04-14T10:00:00Z,15.6,4.89,0.0,63.0,0.4,-0.37,3.1
2024-04-14T11:00:00Z,15.4,5.04,0.0,63.0,0.4,-0.75,3.2
2024-04-14T12:00:00Z,15.4,5.09,0.0,67.0,0.42,-0.96,2.5
2024-04-14T13:00:00Z,15.5,5.11,0.0,42.0,0.4,-0.97,1.4
2024-04-14T14:00:00Z,15.5,5.05,0.0,5.0,0.36,-0.79,0.0
2024-04-14T15:00:00Z,15.6,4.75,0.0,8.0,0.34,-0.4,1.6
2024-04-14T16:00:00Z,15.9,4.75,0.0,26.0,0.32,0.13,2.9
2024-04-14T17:00:00Z,16.2,5.13,0.1,40.0,0.32,0.64,3.5
2024-04-14T18:00:00Z,16.4,5.5,0.0,31.0,0.3,0.98,3.0
2024-04-14T19:00:00Z,16.5,6.07,0.0,34.0,0.32,1.16,1.8
2024-04-14T20:00:00Z,16.6,6.36,0.0,32.0,0.34,1.18,0.8
2024-04-14T21:00:00Z,16.8,6.4,0.0,3.0,0.36,1.01,1.2
2024-04-14T22:00:00Z,16.6,5.5,0.0,26.0,0.34,0.67,2.2
2024-04-14T23:00:00Z,16.4,5.3,0.0,56.0,0.34,0.27,2.9
2024-04-15T00:00:00Z,16.1,4.88,0.0,91.0,0.32,-0.05,2.9
2024-04-15T01:00:00Z,16.0,3.96,0.0,99.0,0.32,-0.25,2.2
2024-04-15T02:00:00Z,15.9,3.11,0.0,89.0,0.32,-0.33,1.4
2024-04-15T03:00:00Z,16.0,2.95,0.0,99.0,0.32,-0.26,0.4
2024-04-15T04:00:00Z,15.9,3.62,0.0,93.0,0.32,-0.03,1.5
2024-04-15T05:00:00Z,15.6,4.57,0.0,91.0,0.34,0.24,2.4
2024-04-15T06:00:00Z,15.5,5.22,0.0,54.0,0.34,0.42,2.4
2024-04-15T07:00:00Z,15.2,5.44,0.0,45.0,0.36,0.49,1.9
2024-04-15T08:00:00Z,14.8,5.55,0.0,42.0,0.4,0.49,1.3
2024-04-15T09:00:00Z,14.5,5.15,0.0,54.0,0.42,0.38,0.5
2024-04-15T10:00:00Z,14.4,5.0,0.0,35.0,0.44,0.13,1.0
2024-04-15T11:00:00Z,14.3,5.6,0.0,37.0,0.44,-0.17,1.4
2024-04-15T12:00:00Z,14.3,5.67,0.0,56.0,0.46,-0.43,1.7
2024-04-15T13:00:00Z,14.4,5.9,0.0,60.0,0.48,-0.55,1.3
2024-04-15T14:00:00Z,14.5,5.95,0.0,70.0,0.5,-0.53,0.5
2024-04-15T15:00:00Z,14.5,6.58,0.0,87.0,0.52,-0.39,0.8
2024-04-15T16:00:00Z,14.5,6.8,0.0,99.0,0.5,-0.09,1.8
2024-04-15T17:00:00Z,14.5,6.17,0.0,100.0,0.5,0.34,3.1
2024-04-15T18:00:00Z,14.5,6.28,0.0,100.0,0.48,0.72,3.6
2024-04-15T19:00:00Z,14.5,6.21,0.0,100.0,0.48,1.0,3.3
2024-04-15T20:00:00Z,14.5,6.69,0.0,100.0,0.46,1.19,2.4
2024-04-15T21:00:00Z,14.5,6.52,0.0,98.0,0.46,1.28,1.7
2024-04-15T22:00:00Z,15.0,5.84,0.9,100.0,0.46,1.18,0.7
2024-04-15T23:00:00Z,15.0,5.11,1.2,100.0,0.46,0.9,1.2
2024-04-16T00:00:00Z,14.9,5.06,2.7,100.0,0.46,0.57,1.8
2024-04-16T01:00:00Z,14.8,6.47,3.2,100.0,0.46,0.26,2.2
2024-04-16T02:00:00Z,14.8,7.1,0.0,100.0,0.46,0.01,2.0
2024-04-16T03:00:00Z,14.9,6.7,0.0,100.0,0.46,-0.14,1.5
2024-04-16T04:00:00Z,14.9,6.22,0.0,100.0,0.44,-0.17,0.9
2024-04-16T05:00:00Z,14.9,5.61,0.0,100.0,0.44,-0.06,0.4
2024-04-16T06:00:00Z,14.9,4.69,0.0,100.0,0.42,0.08,0.9
2024-04-16T07:00:00Z,14.9,3.96,0.0,100.0,0.42,0.18,1.3
2024-04-16T08:00:00Z,15.0,4.7,0.0,100.0,0.42,0.26,1.2
2024-04-16T09:00:00Z,15.0,5.3,0.0,100.0,0.42,0.32,1.1
2024-04-16T10:00:00Z,15.1,5.9,0.0,100.0,0.42,0.3,0.9
2024-04-16T11:00:00Z,15.0,6.1,0.0,100.0,0.42,0.14,1.0
2024-04-16T12:00:00Z,15.0,6.5,0.1,100.0,0.42,-0.12,1.5
2024-04-16T13:00:00Z,15.0,6.81,0.1,100.0,0.44,-0.34,1.5
2024-04-16T14:00:00Z,14.9,7.03,0.3,100.0,0.46,-0.46,1.1
2024-04-16T15:00:00Z,14.9,6.4,0.1,100.0,0.48,-0.49,0.4
2024-04-16T16:00:00Z,14.9,6.1,0.0,100.0,0.5,-0.43,0.5
2024-04-16T17:00:00Z,14.8,6.41,0.1,100.0,0.5,-0.21,1.3
2024-04-16T18:00:00Z,14.7,6.41,1.1,100.0,0.52,0.12,2.2
2024-04-16T19:00:00Z,14.7,6.32,1.2,100.0,0.5,0.44,2.5
2024-04-16T20:00:00Z,14.7,6.26,1.2,100.0,0.5,0.7,2.4
2024-04-16T21:00:00Z,14.7,7.0,1.2,100.0,0.48,0.93,1.9
2024-04-16T22:00:00Z,14.5,6.95,1.2,100.0,0.5,1.08,1.2
2024-04-16T23:00:00Z,14.5,6.51,1.5,100.0,0.52,1.05,0.4
2024-04-17T00:00:00Z,14.3,6.42,2.2,100.0,0.54,0.84,0.7
2024-04-17T01:00:00Z,14.3,7.0,1.6,100.0,0.6,0.54,1.5
2024-04-17T02:00:00Z,14.2,7.3,1.9,100.0,0.66,0.24,1.7
2024-04-17T03:00:00Z,14.1,7.5,2.1,100.0,0.72,-0.02,1.6
2024-04-17T04:00:00Z,14.1,7.46,2.5,100.0,0.74,-0.23,1.3
2024-04-17T05:00:00Z,14.1,7.47,2.0,100.0,0.78,-0.33,0.8
2024-04-17T06:00:00Z,14.1,7.61,1.5,100.0,0.8,-0.25,0.3
2024-04-17T07:00:00Z,14.2,7.96,1.4,100.0,0.8,-0.11,1.1
2024-04-17T08:00:00Z,14.2,8.32,1.7,100.0,0.78,0.04,1.5
2024-04-17T09:00:00Z,14.2,8.16,1.7,100.0,0.78,0.22,1.5
2024-04-17T10:00:00Z,14.2,6.65,1.5,100.0,0.74,0.41,1.3
2024-04-17T11:00:00Z,14.3,5.82,0.8,100.0,0.72,0.49,0.9
2024-04-17T12:00:00Z,14.4,4.85,0.4,100.0,0.68,0.38,0.2
2024-04-17T13:00:00Z,14.4,5.42,0.0,29.0,0.7,0.16,0.9
2024-04-17T14:00:00Z,14.4,7.58,0.0,35.0,0.7,-0.1,1.4
2024-04-17T15:00:00Z,14.5,7.22,0.0,37.0,0.72,-0.32,1.4
2024-04-17T16:00:00Z,14.4,5.61,0.0,8.0,0.68,-0.48,1.4
2024-04-17T17:00:00Z,14.3,5.0,0.0,0.0,0.64,-0.51,1.4
2024-04-17T18:00:00Z,14.2,6.18,0.0,0.0,0.6,-0.34,1.2
2024-04-17T19:00:00Z,14.0,6.8,0.0,0.0,0.62,-0.04,1.9
2024-04-17T20:00:00Z,13.8,7.47,0.0,0.0,0.62,0.29,2.8
2024-04-17T21:00:00Z,13.7,6.89,0.0,0.0,0.64,0.64,2.9
2024-04-17T22:00:00Z,13.4,5.37,0.0,0.0,0.58,0.99,2.9
2024-04-17T23:00:00Z,13.5,5.37,0.0,0.0,0.52,1.22,2.3
2024-04-18T00:00:00Z,13.7,5.79,0.0,0.0,0.46,1.23,1.3
2024-04-18T01:00:00Z,13.9,5.25,0.0,0.0,0.44,1.03,0.5
2024-04-18T02:00:00Z,14.1,4.88,0.0,0.0,0.42,0.69,1.2
2024-04-18T03:00:00Z,14.4,4.75,0.0,0.0,0.4,0.32,1.8
2024-04-18T04:00:00Z,14.7,4.08,0.0,0.0,0.4,-0.03,1.9
2024-04-18T05:00:00Z,14.9,3.41,0.0,4.0,0.38,-0.31,1.9
2024-04-18T06:00:00Z,15.0,3.1,0.0,26.0,0.38,-0.42,1.5
2024-04-18T07:00:00Z,15.0,3.56,0.0,70.0,0.38,-0.34,0.6
2024-04-18T08:00:00Z,15.0,3.78,0.0,66.0,0.36,-0.17,0.9
2024-04-18T09:00:00Z,14.8,3.62,0.0,63.0,0.36,0.06,1.6
2024-04-18T10:00:00Z,14.6,2.71,0.0,99.0,0.32,0.35,1.8
2024-04-18T11:00:00Z,14.4,3.32,0.0,100.0,0.3,0.61,1.8
2024-04-18T12:00:00Z,14.3,3.67,0.0,100.0,0.26,0.71,1.3
2024-04-18T13:00:00Z,14.2,4.02,0.0,98.0,0.26,0.59,0.3
2024-04-18T14:00:00Z,14.1,4.38,0.0,100.0,0.28,0.31,0.8
2024-04-18T15:00:00Z,14.0,4.78,0.0,100.0,0.28,-0.01,1.5
2024-04-18T16:00:00Z,14.0,5.01,0.0,100.0,0.28,-0.31,1.8
2024-04-18T17:00:00Z,13.9,5.38,0.0,100.0,0.3,-0.55,1.8
2024-04-18T18:00:00Z,13.9,5.22,0.0,100.0,0.3,-0.63,1.4
2024-04-18T19:00:00Z,13.9,4.85,0.0,100.0,0.3,-0.48,0.4
2024-04-18T20:00:00Z,13.9,5.36,0.0,100.0,0.32,-0.17,1.5
2024-04-18T21:00:00Z,14.0,6.05,0.0,99.0,0.32,0.21,2.3
2024-04-18T22:00:00Z,14.1,6.09,0.0,99.0,0.36,0.63,2.9
2024-04-18T23:00:00Z,14.2,7.15,0.0,92.0,0.38,1.05,3.1
2024-04-19T00:00:00Z,14.2,7.76,0.0,99.0,0.42,1.3,2.6
2024-04-19T01:00:00Z,14.4,8.0,0.0,100.0,0.46,1.29,1.5
2024-04-19T02:00:00Z,14.6,8.6,0.0,100.0,0.52,1.02,0.6
2024-04-19T03:00:00Z,14.8,8.9,0.0,90.0,0.56,0.6,1.7
2024-04-19T04:00:00Z,15.0,9.38,0.0,97.0,0.6,0.14,2.6
2024-04-19T05:00:00Z,15.1,10.04,0.0,96.0,0.66,-0.29,2.9
2024-04-19T06:00:00Z,15.1,10.42,0.0,99.0,0.7,-0.61,2.7
2024-04-19T07:00:00Z,15.1,9.49,0.0,100.0,0.78,-0.71,1.8
2024-04-19T08:00:00Z,15.3,9.79,0.0,100.0,0.86,-0.56,0.6
2024-04-19T09:00:00Z,15.4,10.47,0.0,100.0,0.94,-0.28,1.4
2024-04-19T10:00:00Z,15.7,10.69,0.0,100.0,0.96,0.09,2.1
2024-04-19T11:00:00Z,16.0,11.55,0.0,100.0,1.0,0.51,2.4
2024-04-19T12:00:00Z,16.0,11.51,1.0,100.0,1.02,0.84,2.3
2024-04-19T13:00:00Z,16.0,11.84,2.6,98.0,1.06,0.94,1.5
2024-04-19T14:00:00Z,16.3,11.77,1.2,82.0,1.1,0.74,1.0
2024-04-19T15:00:00Z,16.8,12.05,0.5,59.0,1.14,0.36,1.7
2024-04-19T16:00:00Z,17.2,11.93,0.9,69.0,1.14,-0.06,2.8
2024-04-19T17:00:00Z,17.6,11.54,1.1,63.0,1.14,-0.45,3.1
2024-04-19T18:00:00Z,17.9,10.81,0.5,56.0,1.14,-0.75,2.9
2024-04-19T19:00:00Z,18.0,10.02,0.2,55.0,1.02,-0.85,2.2
2024-04-19T20:00:00Z,17.8,8.88,0.1,80.0,0.9,-0.67,0.5
2024-04-19T21:00:00Z,17.6,7.25,0.2,95.0,0.78,-0.3,1.1
2024-04-19T22:00:00Z,16.9,4.74,0.1,100.0,0.66,0.16,2.0
2024-04-19T23:00:00Z,16.8,4.11,0.1,100.0,0.54,0.66,2.6
2024-04-20T00:00:00Z,16.8,3.64,0.1,84.0,0.42,1.1,2.4
2024-04-20T01:00:00Z,16.7,4.28,0.0,99.0,0.38,1.31,1.5
2024-04-20T02:00:00Z,16.4,3.98,0.0,100.0,0.36,1.19,0.2
2024-04-20T03:00:00Z,16.4,3.48,0.0,100.0,0.32,0.79,1.6
2024-04-20T04:00:00Z,16.6,3.82,0.0,100.0,0.28,0.27,2.9
2024-04-20T05:00:00Z,16.8,4.1,0.0,100.0,0.26,-0.24,3.6
2024-04-20T06:00:00Z,17.1,4.4,0.0,100.0,0.22,-0.67,3.6
2024-04-20T07:00:00Z,17.5,5.13,0.0,100.0,0.22,-0.92,3.1
2024-04-20T08:00:00Z,17.7,5.74,0.0,100.0,0.24,-0.89,1.5
2024-04-20T09:00:00Z,17.5,5.77,0.0,97.0,0.24,-0.59,0.6
2024-04-20T10:00:00Z,17.2,5.33,0.0,98.0,0.26,-0.13,2.3
2024-04-20T11:00:00Z,16.8,5.6,0.0,100.0,0.28,0.4,3.4
2024-04-20T12:00:00Z,16.4,5.34,0.0,100.0,0.3,0.92,3.8
2024-04-20T13:00:00Z,16.0,4.92,0.1,100.0,0.32,1.29,3.4
2024-04-20T14:00:00Z,15.7,5.16,0.6,100.0,0.32,1.33,2.2
2024-04-20T15:00:00Z,15.5,5.05,0.9,100.0,0.34,1.04,0.4
2024-04-20T16:00:00Z,15.3,3.97,1.4,100.0,0.32,0.56,1.4
2024-04-20T17:00:00Z,15.2,2.9,0.9,100.0,0.3,0.05,2.4
2024-04-20T18:00:00Z,15.1,3.08,0.3,100.0,0.28,-0.39,2.8
2024-04-20T19:00:00Z,15.0,2.66,2.7,100.0,0.3,-0.69,2.7
2024-04-20T20:00:00Z,14.9,2.8,2.7,100.0,0.3,-0.71,1.9
2024-04-20T21:00:00Z,14.9,2.93,1.8,100.0,0.32,-0.42,1.2
2024-04-20T22:00:00Z,15.0,2.24,1.1,100.0,0.3,0.06,2.4
2024-04-20T23:00:00Z,15.0,2.38,0.3,100.0,0.3,0.62,3.5
2024-04-21T00:00:00Z,15.0,3.65,0.0,100.0,0.28,1.17,3.8
2024-04-21T01:00:00Z,15.0,3.09,0.0,70.0,0.28,1.56,3.4
2024-04-21T02:00:00Z,15.1,3.28,0.0,94.0,0.26,1.64,2.1
2024-04-21T03:00:00Z,15.2,3.47,0.0,98.0,0.26,1.36,0.7
2024-04-21T04:00:00Z,15.3,3.14,0.0,98.0,0.24,0.81,2.1
2024-04-21T05:00:00Z,15.4,1.9,0.0,100.0,0.24,0.17,3.1
2024-04-21T06:00:00Z,15.5,1.94,0.0,100.0,0.22,-0.4,3.4
2024-04-21T07:00:00Z,15.5,2.48,0.0,100.0,0.22,-0.84,3.2
2024-04-21T08:00:00Z,15.5,3.55,0.0,100.0,0.2,-1.01,2.2
2024-04-21T09:00:00Z,15.3,4.1,0.0,100.0,0.2,-0.84,1.1
2024-04-21T10:00:00Z,15.2,4.62,0.1,100.0,0.2,-0.37,2.8
2024-04-21T11:00:00Z,15.1,3.91,0.3,100.0,0.2,0.22,4.3
2024-04-21T12:00:00Z,15.1,2.75,0.5,100.0,0.2,0.82,5.0
2024-04-21T13:00:00Z,15.1,3.11,1.0,100.0,0.22,1.34,4.9
2024-04-21T14:00:00Z,15.1,3.13,1.1,100.0,0.22,1.59,3.8
2024-04-21T15:00:00Z,15.1,3.03,0.9,100.0,0.24,1.45,2.0
2024-04-21T16:00:00Z,15.0,3.0,0.6,100.0,0.24,1.0,0.5
2024-04-21T17:00:00Z,15.0,2.72,0.3,100.0,0.22,0.39,1.9
2024-04-21T18:00:00Z,14.9,3.3,0.2,100.0,0.22,-0.2,2.6
2024-04-21T19:00:00Z,14.9,3.57,1.0,100.0,0.22,-0.66,2.8
2024-04-21T20:00:00Z,14.9,3.72,1.4,100.0,0.22,-0.91,2.1
2024-04-21T21:00:00Z,14.9,4.2,1.8,100.0,0.22,-0.82,1.1
2024-04-21T22:00:00Z,14.8,3.9,1.4,100.0,0.2,-0.4,2.3
2024-04-21T23:00:00Z,14.8,3.54,0.7,100.0,0.18,0.19,4.2
2024-04-22T00:00:00Z,14.9,3.42,0.3,100.0,0.16,0.8,5.0
2024-04-22T01:00:00Z,15.0,3.04,0.1,100.0,0.16,1.33,4.9
2024-04-22T02:00:00Z,15.1,2.85,0.1,100.0,0.18,1.62,3.8
2024-04-22T03:00:00Z,15.2,2.5,0.0,100.0,0.18,1.54,2.0
2024-04-22T04:00:00Z,15.3,1.92,0.0,100.0,0.16,1.08,0.2
2024-04-22T05:00:00Z,15.3,2.55,0.0,100.0,0.14,0.42,2.0
2024-04-22T06:00:00Z,15.4,3.36,0.0,100.0,0.12,-0.27,3.3
2024-04-22T07:00:00Z,15.4,3.47,0.0,100.0,0.14,-0.83,3.3
2024-04-22T08:00:00Z,15.4,3.36,0.0,99.0,0.14,-1.18,2.6
2024-04-22T09:00:00Z,15.4,3.04,0.0,91.0,0.16,-1.2,1.2
2024-04-22T10:00:00Z,15.2,3.01,0.0,94.0,0.16,-0.82,1.5
2024-04-22T11:00:00Z,15.1,3.1,0.0,55.0,0.18,-0.19,3.8
2024-04-22T12:00:00Z,15.1,3.2,0.0,48.0,0.18,0.51,5.2
2024-04-22T13:00:00Z,15.1,3.52,0.0,46.0,0.2,1.15,5.6
2024-04-22T14:00:00Z,15.0,3.52,0.0,63.0,0.22,1.59,4.9
2024-04-22T15:00:00Z,15.0,3.41,0.0,62.0,0.24,1.7,3.3
2024-04-22T16:00:00Z,14.9,3.4,0.0,64.0,0.24,1.41,1.4
2024-04-22T17:00:00Z,14.8,3.41,0.0,80.0,0.24,0.83,0.9
2024-04-22T18:00:00Z,14.7,3.37,0.0,100.0,0.24,0.17,2.5
2024-04-22T19:00:00Z,14.6,4.1,0.0,100.0,0.24,-0.4,3.1
2024-04-22T20:00:00Z,14.6,3.9,0.1,100.0,0.22,-0.8,2.7
2024-04-22T21:00:00Z,14.7,3.85,0.9,100.0,0.22,-0.94,1.5
2024-04-22T22:00:00Z,14.8,3.62,1.0,100.0,0.2,-0.71,0.8
2024-04-22T23:00:00Z,14.9,3.29,0.8,100.0,0.2,-0.15,3.1
2024-04-23T00:00:00Z,14.9,2.8,0.6,100.0,0.18,0.51,4.9
2024-04-23T01:00:00Z,15.0,3.45,0.3,100.0,0.18,1.11,5.4
2024-04-23T02:00:00Z,15.1,2.55,0.2,100.0,0.18,1.55,4.7
2024-04-23T03:00:00Z,15.2,2.48,0.0,100.0,0.18,1.67,3.3
2024-04-23T04:00:00Z,15.3,2.14,0.0,100.0,0.16,1.4,1.1
2024-04-23T05:00:00Z,15.4,2.24,0.1,100.0,0.14,0.81,1.1
2024-04-23T06:00:00Z,15.4,2.06,0.0,97.0,0.12,0.1,2.5
2024-04-23T07:00:00Z,15.5,1.36,0.0,96.0,0.12,-0.54,3.1
2024-04-23T08:00:00Z,15.6,0.8,0.0,69.0,0.12,-1.0,2.7
2024-04-23T09:00:00Z,15.6,2.2,0.0,17.0,0.12,-1.19,1.5
2024-04-23T10:00:00Z,15.4,1.63,0.0,38.0,0.12,-1.01,0.9
2024-04-23T11:00:00Z,15.4,0.85,0.0,94.0,0.1,-0.43,3.2
2024-04-23T12:00:00Z,15.4,1.71,0.0,2.0,0.1,0.32,5.4
2024-04-23T13:00:00Z,15.3,2.0,0.0,1.0,0.12,1.04,6.2
2024-04-23T14:00:00Z,15.3,1.13,0.0,76.0,0.12,1.6,5.7
2024-04-23T15:00:00Z,15.4,1.22,0.0,97.0,0.14,1.9,4.2
2024-04-23T16:00:00Z,15.5,2.02,0.0,92.0,0.14,1.8,1.9
2024-04-23T17:00:00Z,15.6,2.8,0.0,71.0,0.16,1.34,0.8
2024-04-23T18:00:00Z,15.7,3.5,0.0,78.0,0.16,0.66,2.7
2024-04-23T19:00:00Z,15.8,4.37,0.0,100.0,0.22,-0.04,4.2
2024-04-23T20:00:00Z,15.8,5.8,0.0,98.0,0.28,-0.58,4.2
2024-04-23T21:00:00Z,15.8,6.23,0.0,58.0,0.34,-0.9,3.4
2024-04-23T22:00:00Z,16.0,6.13,0.0,35.0,0.32,-0.9,1.7
2024-04-23T23:00:00Z,15.8,5.5,0.0,1.0,0.32,-0.52,1.5
2024-04-24T00:00:00Z,15.6,3.3,0.0,13.0,0.3,0.12,3.6
2024-04-24T01:00:00Z,15.5,1.97,0.0,31.0,0.28,0.79,4.9
2024-04-24T02:00:00Z,15.6,1.72,0.0,13.0,0.26,1.3,4.7
2024-04-24T03:00:00Z,15.7,1.63,0.0,43.0,0.24,1.57,3.4
2024-04-24T04:00:00Z,15.8,2.34,0.0,53.0,0.22,1.49,1.5
2024-04-24T05:00:00Z,15.9,2.34,0.0,60.0,0.22,1.05,0.9
2024-04-24T06:00:00Z,16.0,2.06,0.0,52.0,0.2,0.37,2.9
2024-04-24T07:00:00Z,16.2,1.22,0.0,59.0,0.2,-0.33,4.2
2024-04-24T08:00:00Z,16.2,1.33,0.0,35.0,0.18,-0.88,4.2
2024-04-24T09:00:00Z,16.3,2.38,0.0,22.0,0.18,-1.19,3.3
2024-04-24T10:00:00Z,16.9,3.77,0.0,28.0,0.18,-1.19,1.6
2024-04-24T11:00:00Z,16.8,4.75,0.0,93.0,0.18,-0.81,1.2
2024-04-24T12:00:00Z,16.7,5.39,0.0,100.0,0.18,-0.09,3.8
2024-04-24T13:00:00Z,16.6,5.55,0.0,100.0,0.2,0.72,5.6
2024-04-24T14:00:00Z,16.6,6.38,0.0,97.0,0.24,1.4,5.8
2024-04-24T15:00:00Z,16.7,6.02,0.0,97.0,0.26,1.84,4.6
2024-04-24T16:00:00Z,16.7,5.77,0.0,87.0,0.28,1.94,2.8
2024-04-24T17:00:00Z,16.6,5.45,0.0,77.0,0.28,1.66,1.1
2024-04-24T18:00:00Z,16.5,5.23,0.0,91.0,0.3,1.06,2.4
2024-04-24T19:00:00Z,16.5,6.52,0.0,97.0,0.32,0.32,4.2
2024-04-24T20:00:00Z,16.6,5.8,0.0,97.0,0.34,-0.35,5.0
2024-04-24T21:00:00Z,16.7,5.95,0.0,100.0,0.36,-0.82,4.7
2024-04-24T22:00:00Z,16.4,6.15,0.0,99.0,0.36,-1.02,3.4
2024-04-24T23:00:00Z,16.4,6.53,0.0,91.0,0.34,-0.88,1.3
2024-04-25T00:00:00Z,16.5,6.48,0.0,79.0,0.34,-0.39,1.3
2024-04-25T01:00:00Z,16.6,6.12,0.0,88.0,0.34,0.28,3.3
2024-04-25T02:00:00Z,16.7,5.95,0.0,92.0,0.32,0.86,3.9
2024-04-25T03:00:00Z,16.7,6.02,0.0,100.0,0.32,1.21,3.1
2024-04-25T04:00:00Z,16.7,6.23,0.0,100.0,0.32,1.28,1.7
2024-04-25T05:00:00Z,16.6,6.53,0.0,100.0,0.32,1.03,1.4
2024-04-25T06:00:00Z,16.6,7.33,0.0,100.0,0.32,0.49,3.0
2024-04-25T07:00:00Z,16.6,7.13,0.0,100.0,0.36,-0.2,4.5
2024-04-25T08:00:00Z,16.6,7.06,0.0,100.0,0.4,-0.83,5.0
2024-04-25T09:00:00Z,16.6,7.41,0.0,100.0,0.44,-1.25,4.5
2024-04-25T10:00:00Z,16.4,6.47,0.0,100.0,0.42,-1.38,3.1
2024-04-25T11:00:00Z,16.0,6.37,0.1,100.0,0.42,-1.18,0.7
2024-04-25T12:00:00Z,15.7,6.66,0.7,100.0,0.4,-0.59,2.0
2024-04-25T13:00:00Z,15.3,7.88,0.3,100.0,0.42,0.22,4.2
2024-04-25T14:00:00Z,14.2,9.14,1.0,99.0,0.46,1.01,5.3
2024-04-25T15:00:00Z,13.9,9.51,0.7,80.0,0.48,1.55,4.6
2024-04-25T16:00:00Z,14.1,8.22,0.5,92.0,0.5,1.81,3.1
2024-04-25T17:00:00Z,14.1,6.98,0.9,100.0,0.5,1.71,1.3
2024-04-25T18:00:00Z,14.2,6.6,0.5,99.0,0.52,1.29,1.9
2024-04-25T19:00:00Z,14.3,6.37,0.2,100.0,0.52,0.64,3.6
2024-04-25T20:00:00Z,14.4,6.67,0.1,100.0,0.54,-0.05,4.7
2024-04-25T21:00:00Z,14.5,7.34,0.1,100.0,0.54,-0.61,4.9
2024-04-25T22:00:00Z,14.9,7.52,0.0,93.0,0.58,-0.94,3.8
2024-04-25T23:00:00Z,15.1,7.93,0.0,81.0,0.62,-0.99,2.0
2024-04-26T00:00:00Z,15.2,7.65,0.0,100.0,0.66,-0.69,0.4
2024-04-26T01:00:00Z,15.3,7.37,0.0,100.0,0.64,-0.09,2.7
2024-04-26T02:00:00Z,15.3,6.8,0.0,100.0,0.64,0.55,4.2
2024-04-26T03:00:00Z,15.4,7.05,0.0,99.0,0.62,1.0,4.3
2024-04-26T04:00:00Z,15.5,6.67,0.0,97.0,0.58,1.18,2.7
2024-04-26T05:00:00Z,15.6,6.66,0.0,84.0,0.56,1.09,1.2
2024-04-26T06:00:00Z,15.6,6.36,0.0,82.0,0.52,0.72,1.5
2024-04-26T07:00:00Z,15.7,5.94,0.0,81.0,0.48,0.14,3.1
2024-04-26T08:00:00Z,15.7,5.61,0.0,72.0,0.46,-0.5,4.1
2024-04-26T09:00:00Z,15.7,5.16,0.0,57.0,0.42,-1.0,4.1
2024-04-26T10:00:00Z,16.0,4.54,0.0,75.0,0.4,-1.24,3.1
2024-04-26T11:00:00Z,16.0,5.12,0.0,100.0,0.4,-1.17,1.1
2024-04-26T12:00:00Z,16.0,5.81,0.0,100.0,0.38,-0.79,1.3
2024-04-26T13:00:00Z,16.0,6.23,0.0,69.0,0.38,-0.08,3.8
2024-04-26T14:00:00Z,16.0,5.7,0.0,100.0,0.36,0.75,5.6
2024-04-26T15:00:00Z,16.0,4.74,0.0,98.0,0.36,1.42,6.0
2024-04-26T16:00:00Z,16.0,4.1,0.0,97.0,0.34,1.79,4.6
2024-04-26T17:00:00Z,16.0,3.81,0.0,99.0,0.3,1.86,2.4
2024-04-26T18:00:00Z,16.0,4.14,0.0,91.0,0.28,1.63,0.7
2024-04-26T19:00:00Z,16.0,4.22,0.0,97.0,0.28,1.13,2.1
2024-04-26T20:00:00Z,16.0,4.18,0.0,86.0,0.3,0.48,3.6
2024-04-26T21:00:00Z,16.1,4.22,0.0,77.0,0.3,-0.15,4.3
2024-04-26T22:00:00Z,15.7,4.18,0.0,90.0,0.28,-0.59,4.2
2024-04-26T23:00:00Z,15.8,4.34,0.0,93.0,0.28,-0.78,2.9
2024-04-27T00:00:00Z,15.9,4.44,0.0,89.0,0.26,-0.71,1.0
2024-04-27T01:00:00Z,16.0,4.08,0.0,63.0,0.26,-0.34,1.5
2024-04-27T02:00:00Z,16.2,3.69,0.0,99.0,0.24,0.24,3.4
2024-04-27T03:00:00Z,16.3,3.69,0.0,98.0,0.24,0.75,4.2
2024-04-27T04:00:00Z,16.4,3.5,0.0,96.0,0.24,1.01,3.5
2024-04-27T05:00:00Z,16.6,3.21,0.0,82.0,0.24,1.01,1.9
2024-04-27T06:00:00Z,16.6,3.0,0.0,59.0,0.24,0.78,0.7
2024-04-27T07:00:00Z,16.6,3.34,0.0,37.0,0.26,0.36,1.7
2024-04-27T08:00:00Z,16.6,3.54,0.0,3.0,0.26,-0.19,2.9
2024-04-27T09:00:00Z,16.5,3.83,0.0,58.0,0.28,-0.72,3.6
2024-04-27T10:00:00Z,16.3,4.37,0.0,88.0,0.3,-1.08,3.3
2024-04-27T11:00:00Z,16.2,5.05,0.0,100.0,0.32,-1.16,1.9
2024-04-27T12:00:00Z,16.2,6.17,0.0,97.0,0.34,-0.97,0.6
2024-04-27T13:00:00Z,16.2,6.9,0.0,97.0,0.38,-0.49,2.6
2024-04-27T14:00:00Z,16.2,6.24,0.0,100.0,0.44,0.22,4.7
2024-04-27T15:00:00Z,16.1,6.02,0.0,100.0,0.48,0.97,5.8
2024-04-27T16:00:00Z,16.1,6.46,0.0,100.0,0.48,1.48,5.3
2024-04-27T17:00:00Z,16.1,6.64,0.0,100.0,0.46,1.69,3.5
2024-04-27T18:00:00Z,16.1,6.57,0.0,100.0,0.46,1.63,1.5
2024-04-27T19:00:00Z,16.1,6.9,0.0,100.0,0.46,1.33,1.2
2024-04-27T20:00:00Z,16.2,6.55,0.4,100.0,0.48,0.81,2.8
2024-04-27T21:00:00Z,16.2,6.85,0.8,100.0,0.48,0.21,3.8
2024-04-27T22:00:00Z,16.4,7.18,0.2,100.0,0.52,-0.3,4.1
2024-04-27T23:00:00Z,16.6,8.02,0.0,100.0,0.54,-0.62,3.4
2024-04-28T00:00:00Z,16.7,7.66,0.3,100.0,0.58,-0.7,2.0
2024-04-28T01:00:00Z,16.8,7.28,1.4,100.0,0.58,-0.54,0.2
2024-04-28T02:00:00Z,16.8,7.53,1.2,100.0,0.56,-0.14,1.8
2024-04-28T03:00:00Z,16.9,7.5,1.1,100.0,0.56,0.36,3.1
2024-04-28T04:00:00Z,17.0,7.5,1.6,100.0,0.52,0.72,3.4
2024-04-28T05:00:00Z,17.1,7.52,1.7,100.0,0.5,0.83,2.2
2024-04-28T06:00:00Z,17.3,7.84,0.4,100.0,0.46,0.73,1.0
2024-04-28T07:00:00Z,17.4,7.3,0.1,100.0,0.44,0.46,1.5
2024-04-28T08:00:00Z,17.6,6.89,0.0,100.0,0.4,0.05,2.6
2024-04-28T09:00:00Z,17.7,6.69,0.0,100.0,0.38,-0.43,3.4
2024-04-28T10:00:00Z,17.6,4.75,0.0,100.0,0.36,-0.86,3.6
2024-04-28T11:00:00Z,17.6,4.8,0.0,99.0,0.36,-1.07,2.9
2024-04-28T12:00:00Z,17.5,5.1,0.0,100.0,0.34,-1.03,1.3
2024-04-28T13:00:00Z,17.5,4.81,0.0,100.0,0.32,-0.76,0.6
2024-04-28T14:00:00Z,17.4,3.75,0.6,94.0,0.3,-0.26,2.5
2024-04-28T15:00:00Z,17.3,3.14,1.9,99.0,0.28,0.42,4.1
2024-04-28T16:00:00Z,17.3,2.47,1.6,99.0,0.26,1.04,4.9
2024-04-28T17:00:00Z,17.4,3.2,1.1,100.0,0.22,1.41,4.0
2024-04-28T18:00:00Z,17.4,4.34,0.9,100.0,0.2,1.52,2.1
2024-04-28T19:00:00Z,17.5,5.06,2.0,100.0,0.22,1.4,0.6
2024-04-28T20:00:00Z,17.7,5.45,0.9,100.0,0.26,1.08,1.7
2024-04-28T21:00:00Z,18.0,5.78,0.1,100.0,0.28,0.61,2.9
2024-04-28T22:00:00Z,17.2,5.16,0.0,100.0,0.32,0.08,3.8
2024-04-28T23:00:00Z,17.1,5.0,0.0,95.0,0.34,-0.33,3.6
2024-04-29T00:00:00Z,17.0,5.09,0.0,72.0,0.38,-0.54,2.8
2024-04-29T01:00:00Z,17.0,5.2,0.0,57.0,0.38,-0.54,1.2
2024-04-29T02:00:00Z,17.1,5.4,0.0,17.0,0.36,-0.36,0.8
2024-04-29T03:00:00Z,17.2,5.23,0.0,41.0,0.36,0.01,2.2
2024-04-29T04:00:00Z,17.3,4.53,0.0,67.0,0.34,0.41,3.1
2024-04-29T05:00:00Z,17.5,3.92,0.0,71.0,0.3,0.66,2.9
2024-04-29T06:00:00Z,17.6,3.45,0.0,79.0,0.28,0.67,1.6
2024-04-29T07:00:00Z,17.5,4.23,0.0,71.0,0.28,0.55,0.4
2024-04-29T08:00:00Z,17.4,5.31,0.0,70.0,0.26,0.31,0.9
2024-04-29T09:00:00Z,17.2,5.5,0.0,57.0,0.26,-0.03,1.6
2024-04-29T10:00:00Z,17.4,4.8,0.0,71.0,0.3,-0.41,1.9
2024-04-29T11:00:00Z,17.3,5.25,0.0,62.0,0.34,-0.68,1.9
2024-04-29T12:00:00Z,17.2,6.7,0.0,47.0,0.38,-0.78,1.3
2024-04-29T13:00:00Z,17.1,7.16,0.0,76.0,0.4,-0.66,1.2
2024-04-29T14:00:00Z,17.0,6.56,0.0,48.0,0.4,-0.35,2.3
2024-04-29T15:00:00Z,16.8,4.55,0.0,100.0,0.42,0.13,3.9
2024-04-29T16:00:00Z,16.6,5.25,0.0,100.0,0.42,0.72,4.9
2024-04-29T17:00:00Z,16.4,4.97,0.0,100.0,0.4,1.2,5.0
2024-04-29T18:00:00Z,16.3,4.26,0.0,100.0,0.4,1.46,4.0
2024-04-29T19:00:00Z,16.2,4.33,0.0,100.0,0.42,1.51,2.3
2024-04-29T20:00:00Z,16.2,5.49,0.0,100.0,0.44,1.41,0.7
2024-04-29T21:00:00Z,16.2,6.44,0.0,100.0,0.46,1.16,0.6
2024-04-29T22:00:00Z,16.1,5.2,1.9,83.0,0.42,0.78,1.8
2024-04-29T23:00:00Z,16.1,4.44,2.5,99.0,0.4,0.37,2.4
2024-04-30T00:00:00Z,16.0,4.81,2.6,100.0,0.36,0.02,2.3
2024-04-30T01:00:00Z,15.8,4.78,2.7,100.0,0.38,-0.14,1.6
2024-04-30T02:00:00Z,15.6,5.41,3.5,100.0,0.4,-0.15,0.7
2024-04-30T03:00:00Z,15.6,6.94,3.9,100.0,0.42,-0.01,1.5
2024-04-30T04:00:00Z,15.6,8.58,2.9,100.0,0.52,0.29,2.5
2024-04-30T05:00:00Z,15.5,8.86,2.8,100.0,0.6,0.6,3.1
2024-04-30T06:00:00Z,15.4,9.98,4.6,100.0,0.7,0.77,2.7
2024-04-30T07:00:00Z,15.4,10.29,4.9,100.0,0.78,0.76,1.6
2024-04-30T08:00:00Z,15.5,8.88,5.4,100.0,0.84,0.65,0.4
2024-04-30T09:00:00Z,15.6,10.31,3.3,100.0,0.92,0.45,0.8
2024-04-30T10:00:00Z,15.9,9.55,1.3,100.0,0.92,0.17,1.5
2024-04-30T11:00:00Z,15.9,9.4,0.4,100.0,0.94,-0.14,2.2
2024-04-30T12:00:00Z,15.9,9.05,0.3,100.0,0.94,-0.4,2.3
2024-04-30T13:00:00Z,15.9,9.15,0.4,100.0,0.94,-0.48,1.9
2024-04-30T14:00:00Z,15.9,8.83,0.4,100.0,0.94,-0.39,1.4
2024-04-30T15:00:00Z,15.8,8.02,0.2,100.0,0.94,-0.16,2.0
2024-04-30T16:00:00Z,15.7,8.0,0.4,100.0,0.94,0.22,2.8
2024-04-30T17:00:00Z,15.5,8.9,0.4,100.0,0.96,0.71,3.7
2024-04-30T18:00:00Z,15.3,8.84,0.1,100.0,0.96,1.11,3.6
2024-04-30T19:00:00Z,15.0,9.04,0.1,100.0,0.98,1.32,2.7
2024-04-30T20:00:00Z,14.7,9.38,0.1,100.0,1.0,1.38,1.5
2024-04-30T21:00:00Z,14.7,9.11,0.1,100.0,1.02,1.31,0.4
2024-04-30T22:00:00Z,14.6,8.02,0.1,100.0,0.96,1.1,1.0
2024-04-30T23:00:00Z,14.8,7.83,0.1,100.0,0.92,0.77,1.9
2024-05-01T00:00:00Z,15.0,7.91,0.1,100.0,0.86,0.4,2.7
2024-05-01T01:00:00Z,15.2,7.79,0.0,98.0,0.8,0.09,2.7
2024-05-01T02:00:00Z,15.7,6.91,0.0,100.0,0.72,-0.11,2.0
2024-05-01T03:00:00Z,16.0,7.14,0.0,100.0,0.66,-0.2,1.3
2024-05-01T04:00:00Z,16.3,7.35,0.0,100.0,0.6,-0.15,0.9
2024-05-01T05:00:00Z,16.5,6.55,0.0,93.0,0.54,0.04,1.3
2024-05-01T06:00:00Z,16.8,6.0,0.0,98.0,0.48,0.27,1.9
2024-05-01T07:00:00Z,17.1,6.45,0.0,98.0,0.48,0.4,1.9
2024-05-01T08:00:00Z,17.3,6.3,0.0,99.0,0.46,0.42,1.2
2024-05-01T09:00:00Z,17.2,6.0,0.0,93.0,0.46,0.37,0.6
2024-05-01T10:00:00Z,17.2,5.28,0.0,95.0,0.48,0.25,0.8
2024-05-01T11:00:00Z,17.1,6.2,0.0,95.0,0.52,0.05,1.4
2024-05-01T12:00:00Z,16.9,6.91,0.0,96.0,0.54,-0.21,1.8
2024-05-01T13:00:00Z,16.8,6.85,0.0,94.0,0.52,-0.44,2.0
2024-05-01T14:00:00Z,16.8,5.77,0.0,90.0,0.48,-0.54,1.9
2024-05-01T15:00:00Z,16.7,4.88,0.0,95.0,0.46,-0.53,1.6
2024-05-01T16:00:00Z,16.6,4.87,0.0,97.0,0.44,-0.37,2.1
2024-05-01T17:00:00Z,16.4,5.0,0.0,96.0,0.44,-0.04,3.0
2024-05-01T18:00:00Z,16.3,5.16,0.0,91.0,0.42,0.42,3.8
2024-05-01T19:00:00Z,16.2,5.15,0.0,91.0,0.42,0.82,3.9
2024-05-01T20:00:00Z,16.1,5.19,0.0,55.0,0.44,1.09,3.3
2024-05-01T21:00:00Z,16.0,5.47,0.0,7.0,0.44,1.24,2.4
2024-05-01T22:00:00Z,15.8,4.24,0.0,14.0,0.44,1.27,1.3
2024-05-01T23:00:00Z,15.8,4.03,0.0,6.0,0.46,1.12,0.4
2024-05-02T00:00:00Z,15.7,3.96,0.0,23.0,0.46,0.79,1.3
2024-05-02T01:00:00Z,15.7,3.97,0.0,38.0,0.42,0.39,2.1
2024-05-02T02:00:00Z,16.0,3.74,0.0,35.0,0.4,0.02,2.3
2024-05-02T03:00:00Z,16.2,3.94,0.0,32.0,0.36,-0.25,1.9
2024-05-02T04:00:00Z,16.5,3.33,0.0,13.0,0.36,-0.42,1.5
2024-05-02T05:00:00Z,16.7,3.02,0.0,15.0,0.34,-0.41,1.1
2024-05-02T06:00:00Z,16.9,3.44,0.0,16.0,0.34,-0.2,1.9
2024-05-02T07:00:00Z,17.0,3.91,0.0,18.0,0.4,0.06,2.7
2024-05-02T08:00:00Z,17.1,4.88,0.0,24.0,0.46,0.26,2.9
2024-05-02T09:00:00Z,17.0,5.58,0.0,30.0,0.52,0.39,2.5
2024-05-02T10:00:00Z,16.7,5.55,0.0,60.0,0.52,0.47,2.2
2024-05-02T11:00:00Z,16.5,6.02,0.0,47.0,0.52,0.45,1.5
2024-05-02T12:00:00Z,16.4,5.93,0.0,68.0,0.52,0.27,0.7
2024-05-02T13:00:00Z,16.4,5.6,0.0,73.0,0.52,0.01,0.4
2024-05-02T14:00:00Z,16.3,5.42,0.0,38.0,0.5,-0.26,0.6
2024-05-02T15:00:00Z,16.3,5.41,0.0,5.0,0.5,-0.44,0.5
2024-05-02T16:00:00Z,16.2,5.3,0.0,2.0,0.48,-0.51,0.8
2024-05-02T17:00:00Z,16.1,5.3,0.0,1.0,0.48,-0.43,1.4
2024-05-02T18:00:00Z,16.1,5.5,0.0,2.0,0.46,-0.15,2.4
2024-05-02T19:00:00Z,16.0,5.1,0.0,6.0,0.44,0.29,3.6
2024-05-02T20:00:00Z,16.0,4.8,0.0,12.0,0.42,0.7,4.2
2024-05-02T21:00:00Z,16.0,5.02,0.0,21.0,0.4,1.03,3.8
2024-05-02T22:00:00Z,15.8,4.72,0.0,8.0,0.44,1.28,3.1
2024-05-02T23:00:00Z,15.9,5.89,0.0,6.0,0.46,1.38,2.2
2024-05-03T00:00:00Z,16.0,7.35,0.0,0.0,0.5,1.25,1.0
2024-05-03T01:00:00Z,16.0,7.02,0.0,10.0,0.5,0.91,0.4
2024-05-03T02:00:00Z,16.1,6.61,0.0,12.0,0.52,0.46,1.4
2024-05-03T03:00:00Z,16.3,6.08,0.0,12.0,0.52,0.01,2.0
2024-05-03T04:00:00Z,16.3,5.59,0.0,52.0,0.5,-0.37,1.8
2024-05-03T05:00:00Z,16.4,5.59,0.0,100.0,0.48,-0.6,1.3
2024-05-03T06:00:00Z,16.5,5.52,0.0,100.0,0.46,-0.61,0.3
2024-05-03T07:00:00Z,16.5,5.28,0.0,98.0,0.44,-0.38,1.5
2024-05-03T08:00:00Z,16.5,5.1,0.0,99.0,0.42,-0.03,2.8
2024-05-03T09:00:00Z,16.5,4.64,0.0,100.0,0.4,0.3,3.1
2024-05-03T10:00:00Z,16.6,4.03,0.0,100.0,0.38,0.58,3.0
2024-05-03T11:00:00Z,16.5,4.51,0.0,100.0,0.36,0.77,2.4
2024-05-03T12:00:00Z,16.4,4.82,0.0,100.0,0.34,0.77,1.3
2024-05-03T13:00:00Z,16.4,4.36,0.0,100.0,0.34,0.56,0.2
2024-05-03T14:00:00Z,16.4,3.89,0.0,99.0,0.32,0.19,1.1
2024-05-03T15:00:00Z,16.4,3.68,0.0,100.0,0.32,-0.2,1.9
2024-05-03T16:00:00Z,16.3,3.94,0.0,100.0,0.3,-0.52,1.9
2024-05-03T17:00:00Z,16.3,4.33,0.0,100.0,0.3,-0.7,1.5
2024-05-03T18:00:00Z,16.3,4.05,0.0,100.0,0.28,-0.69,0.6
2024-05-03T19:00:00Z,16.3,4.61,0.0,100.0,0.28,-0.41,1.3
2024-05-03T20:00:00Z,16.4,4.99,0.0,100.0,0.3,0.06,2.9
2024-05-03T21:00:00Z,16.4,4.8,0.0,100.0,0.3,0.56,3.8
2024-05-03T22:00:00Z,16.4,4.55,0.1,100.0,0.3,0.98,3.8
2024-05-03T23:00:00Z,16.2,5.06,0.2,100.0,0.32,1.31,3.1
2024-05-04T00:00:00Z,16.0,5.61,0.2,100.0,0.32,1.44,2.2
2024-05-04T01:00:00Z,15.9,6.75,0.2,100.0,0.36,1.27,0.8
2024-05-04T02:00:00Z,15.8,6.37,0.4,100.0,0.42,0.84,1.4
2024-05-04T03:00:00Z,15.7,6.75,0.7,100.0,0.46,0.28,2.7
2024-05-04T04:00:00Z,15.6,7.47,0.9,100.0,0.5,-0.27,3.6
2024-05-04T05:00:00Z,15.5,7.73,0.7,100.0,0.54,-0.73,3.6
2024-05-04T06:00:00Z,15.6,8.07,0.6,100.0,0.58,-1.0,3.1
2024-05-04T07:00:00Z,15.8,8.07,0.5,99.0,0.62,-0.98,1.5
2024-05-04T08:00:00Z,16.1,7.92,0.2,97.0,0.68,-0.65,0.9
2024-05-04T09:00:00Z,16.4,8.22,0.1,96.0,0.72,-0.17,2.5
2024-05-04T10:00:00Z,16.8,7.42,0.1,100.0,0.7,0.32,3.2
2024-05-04T11:00:00Z,17.0,7.78,0.1,100.0,0.7,0.76,3.1
2024-05-04T12:00:00Z,17.2,7.81,0.3,100.0,0.68,1.05,2.4
2024-05-04T13:00:00Z,17.4,8.04,0.5,100.0,0.66,1.05,1.3
2024-05-04T14:00:00Z,17.6,8.72,0.4,100.0,0.62,0.77,0.9
2024-05-04T15:00:00Z,17.6,9.18,0.8,100.0,0.6,0.3,2.2
2024-05-04T16:00:00Z,17.6,8.96,0.8,100.0,0.62,-0.2,3.1
2024-05-04T17:00:00Z,17.6,8.33,0.9,100.0,0.64,-0.62,3.4
2024-05-04T18:00:00Z,17.7,8.43,1.1,100.0,0.66,-0.87,2.9
2024-05-04T19:00:00Z,17.9,8.29,1.0,100.0,0.64,-0.86,1.4
2024-05-04T20:00:00Z,18.0,8.4,0.3,99.0,0.64,-0.52,0.6
2024-05-04T21:00:00Z,18.2,8.34,0.6,99.0,0.62,0.03,2.4
2024-05-04T22:00:00Z,18.8,7.4,0.7,99.0,0.58,0.62,3.5
2024-05-04T23:00:00Z,18.9,7.47,0.8,99.0,0.52,1.14,3.6
2024-05-05T00:00:00Z,19.0,6.94,0.9,100.0,0.48,1.49,2.7
2024-05-05T01:00:00Z,19.1,6.64,0.7,100.0,0.44,1.57,1.4
2024-05-05T02:00:00Z,19.1,6.33,0.6,100.0,0.42,1.27,1.0
2024-05-05T03:00:00Z,18.8,4.82,0.5,100.0,0.38,0.7,3.1
2024-05-05T04:00:00Z,18.7,4.33,1.3,100.0,0.36,0.02,4.5
2024-05-05T05:00:00Z,18.5,4.62,5.0,74.0,0.32,-0.6,5.0
2024-05-05T06:00:00Z,18.4,4.97,5.3,74.0,0.3,-1.07,4.9
2024-05-05T07:00:00Z,18.3,4.19,0.3,100.0,0.3,-1.29,3.6
2024-05-05T08:00:00Z,18.3,2.73,0.7,100.0,0.3,-1.14,1.6
2024-05-05T09:00:00Z,18.1,2.15,0.5,60.0,0.3,-0.64,1.3
2024-05-05T10:00:00Z,17.9,2.56,0.1,10.0,0.28,0.02,3.4
2024-05-05T11:00:00Z,17.9,2.68,0.0,16.0,0.28,0.68,4.3
2024-05-05T12:00:00Z,17.8,2.56,0.0,30.0,0.26,1.22,4.3
2024-05-05T13:00:00Z,17.8,1.48,0.0,42.0,0.26,1.54,3.2
2024-05-05T14:00:00Z,17.9,1.4,0.0,43.0,0.26,1.48,1.6
2024-05-05T15:00:00Z,17.9,1.7,0.0,41.0,0.26,1.08,0.6
2024-05-05T16:00:00Z,18.0,1.73,0.0,37.0,0.26,0.49,2.3
2024-05-05T17:00:00Z,17.9,2.04,0.0,67.0,0.28,-0.11,3.4
2024-05-05T18:00:00Z,17.8,3.04,0.0,92.0,0.28,-0.61,3.5
2024-05-05T19:00:00Z,17.8,3.54,0.8,90.0,0.28,-0.9,3.1
2024-05-05T20:00:00Z,17.7,3.89,0.4,100.0,0.3,-0.88,1.9
2024-05-05T21:00:00Z,17.6,3.61,0.2,100.0,0.3,-0.49,1.4
2024-05-05T22:00:00Z,17.7,2.69,0.1,100.0,0.3,0.15,3.3
2024-05-05T23:00:00Z,17.7,2.42,0.0,86.0,0.3,0.81,4.5
2024-05-06T00:00:00Z,17.7,2.82,0.0,92.0,0.3,1.38,4.3
2024-05-06T01:00:00Z,17.8,2.82,0.0,97.0,0.3,1.74,3.2
2024-05-06T02:00:00Z,18.0,3.01,0.0,72.0,0.32,1.71,1.5
2024-05-06T03:00:00Z,18.2,2.61,0.0,75.0,0.32,1.29,1.0
2024-05-06T04:00:00Z,18.4,2.45,0.0,89.0,0.32,0.61,3.0
2024-05-06T05:00:00Z,18.6,2.11,0.0,96.0,0.3,-0.13,4.5
2024-05-06T06:00:00Z,18.7,1.97,0.0,93.0,0.3,-0.76,4.6
2024-05-06T07:00:00Z,18.7,2.32,0.0,93.0,0.3,-1.2,4.1
2024-05-06T08:00:00Z,18.6,2.6,0.0,98.0,0.3,-1.32,2.6
2024-05-06T09:00:00Z,18.5,2.83,0.0,98.0,0.3,-1.03,0.9
2024-05-06T10:00:00Z,18.6,3.35,0.0,44.0,0.3,-0.39,3.2
2024-05-06T11:00:00Z,18.3,3.98,0.0,48.0,0.28,0.38,5.2
2024-05-06T12:00:00Z,17.9,4.22,0.0,91.0,0.28,1.11,6.0
2024-05-06T13:00:00Z,17.7,4.74,0.0,79.0,0.3,1.67,5.3
2024-05-06T14:00:00Z,17.6,4.71,0.0,42.0,0.34,1.9,3.8
2024-05-06T15:00:00Z,17.5,4.83,0.0,38.0,0.36,1.7,1.4
2024-05-06T16:00:00Z,17.4,4.85,0.0,92.0,0.36,1.15,1.5
2024-05-06T17:00:00Z,17.5,4.2,0.0,99.0,0.34,0.43,3.4
2024-05-06T18:00:00Z,17.5,2.4,0.0,98.0,0.34,-0.27,4.5
2024-05-06T19:00:00Z,17.4,1.03,0.0,100.0,0.32,-0.82,4.7
2024-05-06T20:00:00Z,17.2,2.02,0.0,100.0,0.3,-1.12,3.8
2024-05-06T21:00:00Z,17.3,2.68,0.0,98.0,0.28,-1.06,1.9
2024-05-06T22:00:00Z,17.5,3.11,0.0,100.0,0.26,-0.61,1.1
2024-05-06T23:00:00Z,17.6,3.33,0.0,100.0,0.24,0.07,3.6
2024-05-07T00:00:00Z,17.6,3.02,0.0,99.0,0.22,0.77,4.7
2024-05-07T01:00:00Z,17.7,2.59,0.0,95.0,0.22,1.35,4.7
2024-05-07T02:00:00Z,17.8,2.15,0.0,97.0,0.22,1.64,3.4
2024-05-07T03:00:00Z,17.9,1.91,0.0,100.0,0.22,1.51,1.5
2024-05-07T04:00:00Z,17.9,1.86,0.0,100.0,0.22,0.99,0.9
2024-05-07T05:00:00Z,18.1,1.98,0.0,96.0,0.22,0.25,2.9
2024-05-07T06:00:00Z,18.3,2.48,0.0,89.0,0.22,-0.51,4.0
2024-05-07T07:00:00Z,18.3,3.04,0.0,74.0,0.22,-1.12,4.0
2024-05-07T08:00:00Z,18.1,3.34,0.0,93.0,0.2,-1.49,3.1
2024-05-07T09:00:00Z,17.9,3.61,0.0,98.0,0.2,-1.5,1.2
2024-05-07T10:00:00Z,17.9,3.04,0.0,91.0,0.2,-1.06,1.8
2024-05-07T11:00:00Z,17.8,2.93,0.0,81.0,0.18,-0.27,4.7
2024-05-07T12:00:00Z,17.6,2.92,0.0,62.0,0.18,0.6,6.6
2024-05-07T13:00:00Z,17.4,2.78,0.0,8.0,0.18,1.37,6.6
2024-05-07T14:00:00Z,17.3,2.47,0.0,3.0,0.18,1.88,5.6
2024-05-07T15:00:00Z,17.1,1.91,0.0,5.0,0.18,1.98,3.5
2024-05-07T16:00:00Z,17.1,1.66,0.0,23.0,0.18,1.65,1.4
2024-05-07T17:00:00Z,17.1,1.84,0.0,49.0,0.16,0.99,2.3
2024-05-07T18:00:00Z,17.2,2.09,0.0,15.0,0.16,0.22,4.0
2024-05-07T19:00:00Z,17.3,2.3,0.0,0.0,0.16,-0.49,4.7
2024-05-07T20:00:00Z,17.4,2.53,0.0,0.0,0.18,-1.0,4.5
2024-05-07T21:00:00Z,17.6,3.04,0.0,0.0,0.18,-1.24,3.1
2024-05-07T22:00:00Z,17.5,4.21,0.0,0.0,0.22,-1.07,0.9
2024-05-07T23:00:00Z,17.5,4.98,0.0,2.0,0.28,-0.5,2.4
2024-05-08T00:00:00Z,17.5,5.04,0.0,1.0,0.32,0.24,4.7
2024-05-08T01:00:00Z,17.4,5.22,0.0,2.0,0.38,0.94,5.6
2024-05-08T02:00:00Z,17.4,5.16,0.0,0.0,0.46,1.45,4.9
2024-05-08T03:00:00Z,17.4,5.31,0.0,0.0,0.52,1.62,3.1
2024-05-08T04:00:00Z,17.2,5.63,0.0,0.0,0.54,1.36,0.7
2024-05-08T05:00:00Z,17.0,6.26,0.0,0.0,0.54,0.75,1.7
2024-05-08T06:00:00Z,16.8,7.04,0.0,0.0,0.56,0.0,3.5
2024-05-08T07:00:00Z,16.6,7.61,0.0,0.0,0.62,-0.69,4.3
2024-05-08T08:00:00Z,16.6,7.89,0.0,0.0,0.66,-1.19,4.0
2024-05-08T09:00:00Z,16.7,7.52,0.0,0.0,0.72,-1.42,2.7
2024-05-08T10:00:00Z,16.9,6.8,0.0,0.0,0.68,-1.25,1.4
2024-05-08T11:00:00Z,16.7,6.86,0.0,0.0,0.62,-0.64,3.2
2024-05-08T12:00:00Z,16.5,6.79,0.0,0.0,0.58,0.24,5.8
2024-05-08T13:00:00Z,16.4,6.44,0.0,0.0,0.56,1.14,7.0
2024-05-08T14:00:00Z,16.3,6.08,0.0,0.0,0.52,1.86,6.7
2024-05-08T15:00:00Z,16.1,5.39,0.0,0.0,0.5,2.27,5.1
2024-05-08T16:00:00Z,15.9,5.37,0.0,0.0,0.48,2.24,2.7
2024-05-08T17:00:00Z,15.8,4.78,0.0,5.0,0.44,1.78,0.2
2024-05-08T18:00:00Z,15.5,3.7,0.0,28.0,0.42,1.04,2.5
2024-05-08T19:00:00Z,15.3,2.44,0.0,15.0,0.38,0.26,4.0
2024-05-08T20:00:00Z,15.2,2.0,0.0,92.0,0.36,-0.42,4.5
2024-05-08T21:00:00Z,15.1,2.14,0.0,100.0,0.32,-0.9,4.0
2024-05-08T22:00:00Z,15.5,1.34,0.0,98.0,0.3,-1.07,2.4
2024-05-08T23:00:00Z,15.7,2.67,0.0,97.0,0.28,-0.83,0.6
2024-05-09T00:00:00Z,15.9,3.49,0.0,91.0,0.26,-0.24,3.1
2024-05-09T01:00:00Z,16.1,3.98,0.0,95.0,0.26,0.45,4.9
2024-05-09T02:00:00Z,16.3,4.31,0.0,98.0,0.28,1.03,5.1
2024-05-09T03:00:00Z,16.6,4.46,0.0,100.0,0.28,1.37,4.1
2024-05-09T04:00:00Z,16.8,4.46,0.0,100.0,0.28,1.35,2.3
2024-05-09T05:00:00Z,16.9,4.05,0.0,100.0,0.28,0.96,0.9
2024-05-09T06:00:00Z,17.1,3.86,0.0,99.0,0.28,0.3,2.5
2024-05-09T07:00:00Z,17.1,4.02,0.0,100.0,0.3,-0.43,4.0
2024-05-09T08:00:00Z,17.1,4.36,0.0,100.0,0.32,-1.03,4.1
2024-05-09T09:00:00Z,17.1,4.7,0.0,100.0,0.34,-1.41,3.4
2024-05-09T10:00:00Z,17.1,4.67,0.0,100.0,0.36,-1.49,1.9
2024-05-09T11:00:00Z,17.1,5.88,0.0,100.0,0.4,-1.18,0.8
2024-05-09T12:00:00Z,17.0,6.87,0.0,100.0,0.42,-0.46,3.8
2024-05-09T13:00:00Z,17.0,7.58,0.0,100.0,0.48,0.45,6.0
2024-05-09T14:00:00Z,17.0,7.79,0.0,100.0,0.52,1.29,6.7
2024-05-09T15:00:00Z,17.0,8.11,0.0,94.0,0.58,1.91,5.9
2024-05-09T16:00:00Z,17.0,8.27,0.0,41.0,0.6,2.19,4.0
2024-05-09T17:00:00Z,17.0,8.39,0.0,23.0,0.64,2.03,1.8
2024-05-09T18:00:00Z,17.0,8.76,0.0,41.0,0.66,1.51,1.8
2024-05-09T19:00:00Z,17.1,8.93,0.0,49.0,0.68,0.78,3.8
2024-05-09T20:00:00Z,17.1,8.97,0.0,27.0,0.68,0.04,5.1
2024-05-09T21:00:00Z,17.2,9.05,0.0,19.0,0.7,-0.57,5.2
2024-05-09T22:00:00Z,17.3,8.04,0.0,8.0,0.66,-0.96,4.3
2024-05-09T23:00:00Z,17.4,8.54,0.0,3.0,0.62,-1.03,2.5
2024-05-10T00:00:00Z,17.6,8.61,0.0,0.0,0.58,-0.72,0.2
2024-05-10T01:00:00Z,17.9,8.89,0.0,0.0,0.6,-0.12,2.6
2024-05-10T02:00:00Z,18.1,9.08,0.0,0.0,0.64,0.49,4.0
2024-05-10T03:00:00Z,18.3,9.36,0.0,0.0,0.66,0.94,3.7
2024-05-10T04:00:00Z,18.4,9.66,0.0,0.0,0.7,1.14,2.6
2024-05-10T05:00:00Z,18.5,10.03,0.0,0.0,0.72,1.01,1.3
2024-05-10T06:00:00Z,18.7,10.41,0.0,0.0,0.76,0.55,2.3
2024-05-10T07:00:00Z,18.8,10.44,0.0,1.0,0.82,-0.1,3.8
2024-05-10T08:00:00Z,18.9,10.4,0.0,71.0,0.88,-0.74,4.7
2024-05-10T09:00:00Z,19.1,10.44,0.0,97.0,0.94,-1.23,4.5
2024-05-10T10:00:00Z,19.4,9.68,0.0,100.0,0.94,-1.48,3.4
2024-05-10T11:00:00Z,19.4,10.25,0.0,100.0,0.94,-1.43,1.6
2024-05-10T12:00:00Z,19.4,10.48,0.0,100.0,0.94,-1.01,0.9
2024-05-10T13:00:00Z,19.4,10.4,0.0,100.0,0.96,-0.25,3.6
2024-05-10T14:00:00Z,19.5,10.16,0.0,99.0,1.0,0.6,5.3
2024-05-10T15:00:00Z,19.5,10.18,0.0,100.0,1.02,1.31,5.5
2024-05-10T16:00:00Z,19.5,10.05,0.0,100.0,1.0,1.75,4.3
2024-05-10T17:00:00Z,19.5,9.8,0.0,100.0,0.98,1.86,2.3
2024-05-10T18:00:00Z,19.5,9.42,0.0,98.0,0.96,1.6,1.1
2024-05-10T19:00:00Z,19.5,8.68,0.4,100.0,0.86,1.04,2.8
2024-05-10T20:00:00Z,19.5,7.96,0.2,100.0,0.78,0.33,4.5
2024-05-10T21:00:00Z,19.4,7.2,0.4,100.0,0.68,-0.32,5.2
2024-05-10T22:00:00Z,19.3,6.43,1.1,100.0,0.64,-0.82,4.9
2024-05-10T23:00:00Z,19.3,7.13,1.3,100.0,0.6,-1.09,3.8
2024-05-11T00:00:00Z,19.3,7.75,0.8,100.0,0.56,-1.07,2.0
2024-05-11T01:00:00Z,19.3,7.43,0.5,100.0,0.56,-0.7,0.6
2024-05-11T02:00:00Z,19.3,7.45,0.2,100.0,0.56,-0.16,2.6
2024-05-11T03:00:00Z,19.4,6.16,1.5,100.0,0.56,0.34,3.4
2024-05-11T04:00:00Z,19.5,5.67,0.5,100.0,0.5,0.65,2.8
2024-05-11T05:00:00Z,19.7,5.41,0.6,100.0,0.44,0.75,1.7
2024-05-11T06:00:00Z,19.7,5.41,0.9,98.0,0.38,0.57,1.4
2024-05-11T07:00:00Z,19.8,5.02,0.0,98.0,0.34,0.14,2.4
2024-05-11T08:00:00Z,19.8,4.91,0.0,100.0,0.32,-0.42,3.5
2024-05-11T09:00:00Z,19.6,4.9,0.1,100.0,0.28,-0.94,4.0
2024-05-11T10:00:00Z,20.0,3.52,0.3,100.0,0.26,-1.27,3.4
2024-05-11T11:00:00Z,19.9,4.3,0.6,100.0,0.26,-1.37,2.0
2024-05-11T12:00:00Z,19.7,3.81,1.4,100.0,0.24,-1.18,0.4
2024-05-11T13:00:00Z,19.7,3.54,3.9,100.0,0.24,-0.66,2.3
2024-05-11T14:00:00Z,19.6,4.13,7.2,100.0,0.26,0.11,4.7
2024-05-11T15:00:00Z,19.5,4.96,7.7,100.0,0.26,0.89,5.8
2024-05-11T16:00:00Z,19.5,5.22,5.5,100.0,0.26,1.49,5.4
2024-05-11T17:00:00Z,19.3,4.9,2.6,100.0,0.24,1.83,3.9
2024-05-11T18:00:00Z,19.2,4.56,0.8,100.0,0.24,1.87,2.1
2024-05-11T19:00:00Z,19.1,5.25,0.6,100.0,0.3,1.62,0.4
2024-05-11T20:00:00Z,19.1,6.9,0.7,100.0,0.38,1.1,2.2
2024-05-11T21:00:00Z,18.8,8.1,0.3,100.0,0.44,0.49,3.3
2024-05-11T22:00:00Z,18.0,8.03,0.2,100.0,0.52,-0.04,3.7
2024-05-11T23:00:00Z,18.0,7.38,0.2,100.0,0.58,-0.39,3.2
2024-05-12T00:00:00Z,18.1,7.1,0.1,100.0,0.66,-0.54,2.0
2024-05-12T01:00:00Z,18.0,7.93,0.3,100.0,0.7,-0.44,0.9
2024-05-12T02:00:00Z,17.9,8.89,0.6,100.0,0.74,-0.06,2.2
2024-05-12T03:00:00Z,16.6,9.24,1.3,100.0,0.78,0.41,3.6
2024-05-12T04:00:00Z,15.5,9.27,2.3,100.0,0.76,0.77,3.6
2024-05-12T05:00:00Z,15.5,7.69,1.7,100.0,0.72,0.96,2.7
2024-05-12T06:00:00Z,16.1,6.82,0.5,100.0,0.7,0.95,1.1
2024-05-12T07:00:00Z,17.0,7.42,0.1,100.0,0.68,0.72,0.4
2024-05-12T08:00:00Z,17.8,7.2,0.0,100.0,0.68,0.28,2.0
2024-05-12T09:00:00Z,18.2,7.1,0.0,100.0,0.66,-0.23,3.0
2024-05-12T10:00:00Z,18.3,6.17,0.0,97.0,0.6,-0.67,3.4
2024-05-12T11:00:00Z,18.3,6.4,0.0,100.0,0.56,-0.92,2.8
2024-05-12T12:00:00Z,18.3,5.9,0.0,99.0,0.5,-0.96,1.9
2024-05-12T13:00:00Z,18.2,5.16,0.0,99.0,0.46,-0.74,1.5
2024-05-12T14:00:00Z,18.1,5.33,0.0,85.0,0.42,-0.23,3.0
2024-05-12T15:00:00Z,18.0,4.83,0.0,91.0,0.38,0.44,4.4
2024-05-12T16:00:00Z,17.9,4.53,0.0,95.0,0.38,1.03,4.9
2024-05-12T17:00:00Z,17.8,5.04,0.0,98.0,0.38,1.45,4.2
2024-05-12T18:00:00Z,17.8,5.0,0.0,93.0,0.38,1.66,2.9
2024-05-12T19:00:00Z,17.7,4.91,0.0,88.0,0.38,1.63,1.1
2024-05-12T20:00:00Z,17.7,4.75,0.0,84.0,0.4,1.33,0.7
2024-05-12T21:00:00Z,17.7,4.75,0.0,81.0,0.4,0.84,2.4
2024-05-12T22:00:00Z,17.7,3.96,0.0,78.0,0.38,0.31,3.4
2024-05-12T23:00:00Z,17.8,3.81,0.0,41.0,0.36,-0.13,3.4
2024-05-13T00:00:00Z,17.9,3.86,0.0,38.0,0.34,-0.42,2.7
2024-05-13T01:00:00Z,18.1,3.57,0.0,51.0,0.32,-0.51,1.8
2024-05-13T02:00:00Z,18.2,2.94,0.0,75.0,0.28,-0.38,0.9
2024-05-13T03:00:00Z,18.3,2.6,0.0,84.0,0.26,-0.04,2.1
2024-05-13T04:00:00Z,18.4,2.35,0.0,95.0,0.24,0.31,2.9
2024-05-13T05:00:00Z,18.4,2.1,0.0,99.0,0.24,0.52,2.7
2024-05-13T06:00:00Z,18.4,2.12,0.0,99.0,0.22,0.6,1.8
2024-05-13T07:00:00Z,18.4,2.28,0.0,90.0,0.22,0.55,1.0
2024-05-13T08:00:00Z,18.3,2.26,0.0,74.0,0.22,0.33,0.4
2024-05-13T09:00:00Z,18.2,2.2,0.0,78.0,0.22,-0.05,1.3
2024-05-13T10:00:00Z,18.5,2.41,0.0,83.0,0.2,-0.47,1.8
2024-05-13T11:00:00Z,18.3,2.85,0.0,80.0,0.2,-0.79,1.7
2024-05-13T12:00:00Z,18.1,3.13,0.0,81.0,0.18,-0.94,1.0
2024-05-13T13:00:00Z,17.9,3.47,0.0,85.0,0.18,-0.89,0.6
2024-05-13T14:00:00Z,17.8,3.47,0.0,85.0,0.2,-0.63,2.1
2024-05-13T15:00:00Z,17.6,3.22,0.0,40.0,0.2,-0.15,3.6
2024-05-13T16:00:00Z,17.5,3.01,0.0,3.0,0.18,0.44,4.9
2024-05-13T17:00:00Z,17.4,2.53,0.0,1.0,0.18,0.92,5.1
2024-05-13T18:00:00Z,17.3,1.82,0.0,0.0,0.16,1.24,4.2
2024-05-13T19:00:00Z,17.3,1.55,0.0,0.0,0.16,1.41,3.0
2024-05-13T20:00:00Z,17.2,1.61,0.0,1.0,0.16,1.38,1.7
2024-05-13T21:00:00Z,17.2,1.84,0.0,1.0,0.16,1.13,0.7
2024-05-13T22:00:00Z,17.2,1.22,0.0,0.0,0.14,0.7,1.7
2024-05-13T23:00:00Z,17.3,2.02,0.0,0.0,0.14,0.25,2.5
2024-05-14T00:00:00Z,17.4,2.72,0.0,0.0,0.12,-0.12,2.3
2024-05-14T01:00:00Z,17.5,2.7,0.0,1.0,0.12,-0.35,1.8
2024-05-14T02:00:00Z,17.7,2.94,0.0,7.0,0.14,-0.45,0.9
2024-05-14T03:00:00Z,17.9,2.83,0.0,8.0,0.14,-0.34,0.4
2024-05-14T04:00:00Z,18.2,2.48,0.0,6.0,0.14,-0.07,1.7
2024-05-14T05:00:00Z,18.4,2.76,0.0,6.0,0.14,0.19,2.5
2024-05-14T06:00:00Z,18.6,3.08,0.0,4.0,0.14,0.36,2.3
2024-05-14T07:00:00Z,18.7,3.71,0.0,2.0,0.16,0.43,1.8
2024-05-14T08:00:00Z,18.6,4.16,0.0,0.0,0.18,0.41,1.4
2024-05-14T09:00:00Z,18.5,4.48,0.0,0.0,0.2,0.24,1.2
2024-05-14T10:00:00Z,18.4,4.41,0.0,0.0,0.22,-0.07,1.5
2024-05-14T11:00:00Z,18.2,5.12,0.0,0.0,0.24,-0.41,1.8
2024-05-14T12:00:00Z,18.0,5.87,0.0,0.0,0.26,-0.67,1.8
2024-05-14T13:00:00Z,18.0,6.55,0.0,0.0,0.28,-0.76,1.1
2024-05-14T14:00:00Z,17.9,6.66,0.0,0.0,0.3,-0.69,0.2
2024-05-14T15:00:00Z,17.8,6.65,0.0,0.0,0.32,-0.44,1.1
2024-05-14T16:00:00Z,17.7,6.32,0.0,0.0,0.32,-0.01,2.5
2024-05-14T17:00:00Z,17.6,6.07,0.0,0.0,0.34,0.48,3.4
2024-05-14T18:00:00Z,17.5,5.47,0.0,0.0,0.34,0.86,3.3
2024-05-14T19:00:00Z,17.5,4.98,0.0,0.0,0.32,1.12,2.7
2024-05-14T20:00:00Z,17.4,4.16,0.0,0.0,0.3,1.26,1.7
2024-05-14T21:00:00Z,17.4,3.53,0.0,0.0,0.28,1.23,0.9
2024-05-14T22:00:00Z,17.6,3.31,0.0,0.0,0.26,0.99,1.5
2024-05-14T23:00:00Z,17.7,3.69,0.0,0.0,0.24,0.6,2.5
2024-05-15T00:00:00Z,17.8,3.49,0.0,0.0,0.22,0.19,3.1
2024-05-15T01:00:00Z,17.9,2.96,0.0,0.0,0.2,-0.14,2.9
2024-05-15T02:00:00Z,18.1,1.84,0.0,4.0,0.2,-0.36,2.5
2024-05-15T03:00:00Z,18.3,0.99,0.0,71.0,0.18,-0.45,1.6
2024-05-15T04:00:00Z,18.4,1.25,0.0,0.0,0.16,-0.35,0.7
2024-05-15T05:00:00Z,18.6,2.98,0.0,0.0,0.16,-0.12,0.6
2024-05-15T06:00:00Z,19.5,8.01,0.0,4.0,0.14,0.14,1.5
2024-05-15T07:00:00Z,18.1,12.28,0.0,11.0,0.46,0.32,1.6
2024-05-15T08:00:00Z,17.6,11.12,0.0,3.0,0.8,0.4,1.4
2024-05-15T09:00:00Z,17.6,10.32,0.0,0.0,1.12,0.39,0.7
2024-05-15T10:00:00Z,18.0,8.28,0.0,1.0,1.1,0.3,0.4
2024-05-15T11:00:00Z,17.7,9.03,0.0,0.0,1.1,0.11,0.9
2024-05-15T12:00:00Z,17.4,9.22,0.0,0.0,1.08,-0.18,1.4
2024-05-15T13:00:00Z,17.4,8.6,0.0,0.0,0.98,-0.37,1.4
2024-05-15T14:00:00Z,17.6,7.98,0.0,0.0,0.86,-0.45,1.1
2024-05-15T15:00:00Z,17.7,7.06,0.0,0.0,0.76,-0.4,1.0
2024-05-15T16:00:00Z,17.8,5.82,0.0,0.0,0.68,-0.19,1.5
2024-05-15T17:00:00Z,17.7,4.9,0.0,0.0,0.6,0.19,2.3
2024-05-15T18:00:00Z,17.6,3.91,0.0,0.0,0.52,0.57,2.9
2024-05-15T19:00:00Z,17.5,2.7,0.0,0.0,0.46,0.86,2.9
2024-05-15T20:00:00Z,17.3,1.39,0.0,0.0,0.42,1.07,2.2
2024-05-15T21:00:00Z,17.2,1.4,0.0,0.0,0.36,1.21,1.3
2024-05-15T22:00:00Z,17.3,3.2,0.0,0.0,0.34,1.21,0.2
2024-05-15T23:00:00Z,17.4,3.98,0.0,0.0,0.34,0.99,1.3
2024-05-16T00:00:00Z,17.4,4.81,0.0,0.0,0.32,0.61,2.4
2024-05-16T01:00:00Z,17.4,5.32,0.0,0.0,0.34,0.21,3.1
2024-05-16T02:00:00Z,17.6,5.19,0.0,0.0,0.34,-0.12,3.1
2024-05-16T03:00:00Z,17.8,4.61,0.0,0.0,0.36,-0.38,2.5
2024-05-16T04:00:00Z,18.1,4.11,0.0,0.0,0.34,-0.5,2.0
2024-05-16T05:00:00Z,18.5,3.47,0.0,0.0,0.3,-0.42,0.9
2024-05-16T06:00:00Z,18.9,3.3,0.0,0.0,0.28,-0.22,0.4
2024-05-16T07:00:00Z,19.0,4.48,0.0,0.0,0.3,-0.02,1.0
2024-05-16T08:00:00Z,18.9,6.14,0.0,0.0,0.3,0.15,1.2
2024-05-16T09:00:00Z,18.9,7.7,0.0,11.0,0.32,0.31,1.2
2024-05-16T10:00:00Z,18.8,8.64,0.0,68.0,0.42,0.38,1.1
2024-05-16T11:00:00Z,18.8,9.68,0.0,82.0,0.52,0.29,1.0
2024-05-16T12:00:00Z,18.7,9.95,0.0,95.0,0.62,0.04,1.7
2024-05-16T13:00:00Z,18.6,9.91,0.0,94.0,0.7,-0.26,2.3
2024-05-16T14:00:00Z,18.5,10.57,0.0,87.0,0.78,-0.52,2.5
2024-05-16T15:00:00Z,18.4,10.75,0.0,92.0,0.86,-0.69,2.0
2024-05-16T16:00:00Z,18.3,10.82,0.0,99.0,0.88,-0.74,1.5
2024-05-16T17:00:00Z,18.2,10.9,0.0,96.0,0.9,-0.6,0.4
2024-05-16T18:00:00Z,18.2,10.51,0.0,98.0,0.92,-0.29,1.0
2024-05-16T19:00:00Z,18.1,10.42,0.0,98.0,0.92,0.07,1.9
2024-05-16T20:00:00Z,18.1,10.22,0.0,74.0,0.92,0.39,2.3
2024-05-16T21:00:00Z,18.2,10.0,0.0,11.0,0.92,0.67,2.3
2024-05-16T22:00:00Z,18.3,9.5,0.0,0.0,0.86,0.87,1.9
2024-05-16T23:00:00Z,18.5,9.14,0.0,0.0,0.8,0.88,1.2
2024-05-17T00:00:00Z,18.7,9.55,0.0,9.0,0.74,0.68,1.2
2024-05-17T01:00:00Z,19.1,9.35,0.0,6.0,0.74,0.32,1.9
2024-05-17T02:00:00Z,19.4,9.27,0.0,26.0,0.76,-0.08,2.4
2024-05-17T03:00:00Z,19.7,9.44,0.0,30.0,0.76,-0.44,2.6
2024-05-17T04:00:00Z,20.0,9.63,0.0,2.0,0.8,-0.71,2.2
2024-05-17T05:00:00Z,20.2,9.9,0.0,3.0,0.82,-0.83,1.7
2024-05-17T06:00:00Z,20.3,9.95,0.0,4.0,0.86,-0.74,0.9
2024-05-17T07:00:00Z,20.3,10.03,0.0,0.0,0.88,-0.5,1.3
2024-05-17T08:00:00Z,20.4,10.06,0.0,0.0,0.9,-0.22,1.9
2024-05-17T09:00:00Z,20.4,9.96,0.0,0.0,0.92,0.06,2.2
2024-05-17T10:00:00Z,20.5,8.89,0.0,0.0,0.9,0.33,2.3
2024-05-17T11:00:00Z,20.4,9.56,0.0,1.0,0.86,0.5,2.0
2024-05-17T12:00:00Z,20.3,10.01,0.0,6.0,0.84,0.47,1.2
2024-05-17T13:00:00Z,20.2,9.96,0.0,8.0,0.86,0.24,0.9
2024-05-17T14:00:00Z,20.2,9.81,0.0,3.0,0.86,-0.07,1.4
2024-05-17T15:00:00Z,20.1,9.41,0.0,1.0,0.88,-0.34,1.7
2024-05-17T16:00:00Z,19.9,8.88,0.0,1.0,0.8,-0.54,1.5
2024-05-17T17:00:00Z,19.8,8.26,0.0,1.0,0.72,-0.62,0.9
2024-05-17T18:00:00Z,19.6,7.75,0.0,0.0,0.64,-0.5,0.2
2024-05-17T19:00:00Z,19.5,7.43,0.0,0.0,0.62,-0.2,1.5
2024-05-17T20:00:00Z,19.5,7.43,0.0,0.0,0.62,0.17,2.4
2024-05-17T21:00:00Z,19.5,7.55,0.0,0.0,0.6,0.53,2.8
2024-05-17T22:00:00Z,19.6,6.41,0.0,0.0,0.6,0.85,2.9
2024-05-17T23:00:00Z,19.8,7.3,0.0,0.0,0.6,1.09,2.5
2024-05-18T00:00:00Z,19.9,8.02,0.0,0.0,0.6,1.11,1.5
2024-05-18T01:00:00Z,20.0,8.18,0.0,0.0,0.62,0.86,0.7
2024-05-18T02:00:00Z,20.1,8.36,0.0,0.0,0.64,0.44,1.5
2024-05-18T03:00:00Z,20.1,8.45,0.0,1.0,0.66,0.0,2.2
2024-05-18T04:00:00Z,20.1,8.57,0.0,1.0,0.68,-0.38,2.2
2024-05-18T05:00:00Z,20.1,8.7,0.0,1.0,0.7,-0.65,1.8
2024-05-18T06:00:00Z,20.1,8.49,0.0,2.0,0.72,-0.72,1.1
2024-05-18T07:00:00Z,20.0,8.27,0.0,1.0,0.7,-0.56,0.6
2024-05-18T08:00:00Z,20.0,8.22,0.0,1.0,0.7,-0.24,1.9
2024-05-18T09:00:00Z,19.9,8.17,0.0,0.0,0.68,0.12,2.8
2024-05-18T10:00:00Z,20.0,7.47,0.0,0.0,0.66,0.49,3.1
2024-05-18T11:00:00Z,19.9,7.5,0.0,0.0,0.64,0.83,2.9
2024-05-18T12:00:00Z,19.8,7.41,0.0,0.0,0.62,0.99,2.2
2024-05-18T13:00:00Z,19.7,6.94,0.0,0.0,0.6,0.9,0.9
2024-05-18T14:00:00Z,19.6,6.74,0.0,0.0,0.58,0.59,0.7
2024-05-18T15:00:00Z,19.5,6.44,0.0,0.0,0.56,0.19,1.8
2024-05-18T16:00:00Z,19.4,6.07,0.0,0.0,0.54,-0.17,2.2
2024-05-18T17:00:00Z,19.3,5.77,0.0,1.0,0.5,-0.44,2.0
2024-05-18T18:00:00Z,19.2,5.83,0.0,50.0,0.48,-0.56,1.5
2024-05-18T19:00:00Z,19.1,5.95,0.0,61.0,0.46,-0.43,0.2
2024-05-18T20:00:00Z,19.1,5.72,0.0,57.0,0.44,-0.1,1.3
2024-05-18T21:00:00Z,19.1,5.64,0.0,58.0,0.42,0.29,2.6
2024-05-18T22:00:00Z,19.1,5.44,0.0,86.0,0.42,0.67,3.0
2024-05-18T23:00:00Z,19.2,5.85,0.0,98.0,0.42,1.02,2.8
2024-05-19T00:00:00Z,19.4,5.89,0.0,100.0,0.42,1.23,2.3
2024-05-19T01:00:00Z,19.5,5.57,0.0,100.0,0.4,1.17,1.2
2024-05-19T02:00:00Z,19.6,5.22,0.0,93.0,0.4,0.81,0.8
2024-05-19T03:00:00Z,19.8,4.85,0.0,91.0,0.38,0.3,2.0
2024-05-19T04:00:00Z,19.9,5.02,0.0,91.0,0.38,-0.21,2.7
2024-05-19T05:00:00Z,19.9,5.51,0.0,100.0,0.36,-0.62,2.7
2024-05-19T06:00:00Z,20.0,6.14,0.0,98.0,0.36,-0.88,2.2
2024-05-19T07:00:00Z,20.0,5.69,0.0,98.0,0.38,-0.9,1.1
2024-05-19T08:00:00Z,19.9,5.24,0.0,86.0,0.4,-0.65,0.7
2024-05-19T09:00:00Z,19.8,5.55,0.0,99.0,0.42,-0.23,2.4
2024-05-19T10:00:00Z,19.8,4.88,0.0,100.0,0.42,0.24,3.5
2024-05-19T11:00:00Z,19.7,5.77,0.0,100.0,0.42,0.71,3.7
2024-05-19T12:00:00Z,19.7,6.18,0.0,95.0,0.42,1.1,3.4
2024-05-19T13:00:00Z,19.6,6.35,0.0,96.0,0.44,1.24,2.3
2024-05-19T14:00:00Z,19.5,6.66,0.0,100.0,0.46,1.06,0.8
2024-05-19T15:00:00Z,19.4,6.08,0.0,100.0,0.48,0.65,1.3
2024-05-19T16:00:00Z,19.4,6.23,0.0,100.0,0.48,0.17,2.3
2024-05-19T17:00:00Z,19.3,6.58,0.0,100.0,0.48,-0.26,2.9
2024-05-19T18:00:00Z,19.3,6.22,0.0,100.0,0.48,-0.57,2.7
2024-05-19T19:00:00Z,19.3,5.88,0.0,100.0,0.46,-0.7,2.0
2024-05-19T20:00:00Z,19.3,5.38,0.0,100.0,0.44,-0.55,0.5
2024-05-19T21:00:00Z,19.4,4.96,0.0,100.0,0.42,-0.18,1.3
2024-05-19T22:00:00Z,19.3,4.76,0.0,100.0,0.4,0.25,2.4
2024-05-19T23:00:00Z,19.3,5.56,0.0,100.0,0.38,0.67,3.0
2024-05-20T00:00:00Z,19.4,5.84,0.0,100.0,0.36,1.02,2.7
2024-05-20T01:00:00Z,19.6,5.62,0.0,95.0,0.38,1.17,2.0
2024-05-20T02:00:00Z,19.8,5.16,0.0,99.0,0.38,1.02,0.8
2024-05-20T03:00:00Z,19.9,5.66,0.0,92.0,0.4,0.58,1.5
2024-05-20T04:00:00Z,20.0,5.95,0.0,81.0,0.42,0.01,2.7
2024-05-20T05:00:00Z,20.1,6.03,0.0,81.0,0.44,-0.53,3.2
2024-05-20T06:00:00Z,20.2,5.7,0.0,96.0,0.46,-0.93,3.1
2024-05-20T07:00:00Z,20.2,6.02,0.0,77.0,0.48,-1.13,2.2
2024-05-20T08:00:00Z,20.2,6.16,0.0,87.0,0.48,-1.04,0.7
2024-05-20T09:00:00Z,20.1,6.08,0.0,87.0,0.5,-0.65,1.5
2024-05-20T10:00:00Z,20.2,5.28,0.0,90.0,0.48,-0.1,3.3
2024-05-20T11:00:00Z,20.1,6.08,0.0,70.0,0.48,0.49,4.2
2024-05-20T12:00:00Z,20.0,6.17,0.0,69.0,0.46,1.02,4.2
2024-05-20T13:00:00Z,20.0,5.9,0.0,83.0,0.44,1.39,3.4
2024-05-20T14:00:00Z,19.9,5.58,0.0,81.0,0.42,1.44,1.9
2024-05-20T15:00:00Z,19.8,5.22,0.0,79.0,0.4,1.14,0.6
2024-05-20T16:00:00Z,19.8,5.24,0.0,62.0,0.4,0.61,2.0
2024-05-20T17:00:00Z,19.8,5.44,0.0,54.0,0.4,0.05,3.1
2024-05-20T18:00:00Z,19.8,5.82,0.0,74.0,0.4,-0.41,3.2
2024-05-20T19:00:00Z,19.8,6.07,0.0,95.0,0.42,-0.71,2.9
2024-05-20T20:00:00Z,19.8,6.42,0.0,97.0,0.44,-0.78,1.6
2024-05-20T21:00:00Z,19.8,6.45,0.0,99.0,0.46,-0.55,0.2
2024-05-20T22:00:00Z,19.8,5.85,0.0,100.0,0.46,-0.1,2.0
2024-05-20T23:00:00Z,19.8,6.24,0.0,96.0,0.44,0.4,3.3
2024-05-21T00:00:00Z,19.9,6.69,0.0,97.0,0.44,0.85,3.5
2024-05-21T01:00:00Z,20.0,6.55,0.0,99.0,0.42,1.17,3.0
2024-05-21T02:00:00Z,20.1,5.95,0.0,100.0,0.4,1.23,1.8
2024-05-21T03:00:00Z,20.1,5.48,0.0,100.0,0.38,0.94,0.5
2024-05-21T04:00:00Z,20.2,5.42,0.0,100.0,0.4,0.39,1.8
2024-05-21T05:00:00Z,20.1,5.92,0.0,100.0,0.44,-0.24,3.1
2024-05-21T06:00:00Z,20.1,6.67,0.0,100.0,0.46,-0.76,3.4
2024-05-21T07:00:00Z,20.0,6.91,0.0,100.0,0.48,-1.1,2.9
2024-05-21T08:00:00Z,19.9,6.84,0.0,100.0,0.52,-1.2,1.8
2024-05-21T09:00:00Z,19.8,6.6,0.0,100.0,0.54,-0.96,0.6
2024-05-21T10:00:00Z,19.9,5.9,0.0,100.0,0.56,-0.41,2.5
2024-05-21T11:00:00Z,19.9,5.93,0.0,100.0,0.6,0.25,4.1
2024-05-21T12:00:00Z,19.9,5.43,0.0,100.0,0.62,0.89,4.9
2024-05-21T13:00:00Z,19.9,5.32,0.0,100.0,0.56,1.42,4.5
2024-05-21T14:00:00Z,19.9,6.0,0.0,99.0,0.52,1.7,3.3
2024-05-21T15:00:00Z,19.9,5.54,0.0,100.0,0.46,1.61,1.3
2024-05-21T16:00:00Z,19.9,4.83,0.0,100.0,0.42,1.18,0.9
2024-05-21T17:00:00Z,19.8,4.11,0.0,99.0,0.38,0.57,2.7
2024-05-21T18:00:00Z,19.7,3.88,0.0,99.0,0.34,-0.03,3.8
2024-05-21T19:00:00Z,19.6,3.5,0.0,100.0,0.34,-0.49,3.8
2024-05-21T20:00:00Z,19.5,3.98,0.0,100.0,0.34,-0.78,3.1
2024-05-21T21:00:00Z,19.5,4.61,0.0,100.0,0.34,-0.78,1.7
2024-05-21T22:00:00Z,19.7,4.53,0.0,100.0,0.38,-0.46,0.6
2024-05-21T23:00:00Z,19.8,5.33,0.0,100.0,0.42,0.04,2.5
2024-05-22T00:00:00Z,19.8,4.94,0.0,100.0,0.46,0.55,3.6
2024-05-22T01:00:00Z,19.8,4.99,0.0,100.0,0.46,0.98,3.4
2024-05-22T02:00:00Z,19.9,4.88,0.0,99.0,0.44,1.22,2.7
2024-05-22T03:00:00Z,20.0,4.56,0.0,99.0,0.44,1.15,1.1
2024-05-22T04:00:00Z,20.1,3.96,0.0,98.0,0.42,0.75,0.7
2024-05-22T05:00:00Z,20.2,3.75,0.0,99.0,0.4,0.15,2.3
2024-05-22T06:00:00Z,20.3,3.7,0.0,99.0,0.38,-0.46,3.3
2024-05-22T07:00:00Z,20.4,3.91,0.0,99.0,0.36,-0.92,3.3
2024-05-22T08:00:00Z,20.3,4.1,0.0,99.0,0.36,-1.17,2.4
2024-05-22T09:00:00Z,20.1,4.02,0.0,98.0,0.34,-1.13,0.9
2024-05-22T10:00:00Z,20.0,3.04,0.0,100.0,0.34,-0.73,1.7
2024-05-22T11:00:00Z,19.9,3.31,0.0,99.0,0.34,-0.05,4.0
2024-05-22T12:00:00Z,19.8,4.25,0.0,100.0,0.34,0.7,5.4
2024-05-22T13:00:00Z,19.7,4.88,0.0,99.0,0.36,1.35,5.6
2024-05-22T14:00:00Z,19.6,4.81,0.0,98.0,0.36,1.81,4.5
2024-05-22T15:00:00Z,19.5,4.69,0.0,100.0,0.38,1.94,2.8
2024-05-22T16:00:00Z,19.4,4.22,0.0,99.0,0.38,1.68,0.6
2024-05-22T17:00:00Z,19.3,3.7,0.0,97.0,0.38,1.13,1.8
2024-05-22T18:00:00Z,19.3,3.7,0.0,99.0,0.38,0.46,3.4
2024-05-22T19:00:00Z,19.3,3.52,0.0,100.0,0.4,-0.16,4.1
2024-05-22T20:00:00Z,19.3,3.57,0.0,100.0,0.4,-0.6,3.8
2024-05-22T21:00:00Z,19.3,3.67,0.0,100.0,0.42,-0.81,2.7
2024-05-22T22:00:00Z,19.4,2.92,0.0,98.0,0.4,-0.7,1.0
2024-05-22T23:00:00Z,19.5,3.11,0.0,85.0,0.38,-0.27,1.4
2024-05-23T00:00:00Z,19.6,2.71,0.0,82.0,0.36,0.29,3.3
2024-05-23T01:00:00Z,19.7,2.71,0.0,91.0,0.36,0.79,3.8
2024-05-23T02:00:00Z,19.9,2.7,0.0,99.0,0.38,1.13,3.1
2024-05-23T03:00:00Z,20.2,2.8,0.0,78.0,0.38,1.22,1.9
2024-05-23T04:00:00Z,20.3,2.72,0.0,70.0,0.38,0.98,0.5
2024-05-23T05:00:00Z,20.5,2.84,0.0,95.0,0.38,0.46,1.8
2024-05-23T06:00:00Z,20.6,3.32,0.0,95.0,0.38,-0.19,3.2
2024-05-23T07:00:00Z,20.5,3.95,0.0,100.0,0.4,-0.77,3.8
2024-05-23T08:00:00Z,20.4,4.36,0.0,100.0,0.4,-1.15,3.2
2024-05-23T09:00:00Z,20.2,4.52,0.0,100.0,0.42,-1.28,2.0
2024-05-23T10:00:00Z,20.4,4.33,0.0,100.0,0.42,-1.08,0.4
2024-05-23T11:00:00Z,20.2,5.15,0.0,100.0,0.42,-0.52,2.5
2024-05-23T12:00:00Z,20.1,5.39,0.0,90.0,0.42,0.27,4.9
2024-05-23T13:00:00Z,20.1,5.32,0.0,96.0,0.42,1.04,5.8
2024-05-23T14:00:00Z,20.1,5.38,0.0,83.0,0.42,1.62,5.3
2024-05-23T15:00:00Z,20.0,5.35,0.0,38.0,0.42,1.93,3.8
2024-05-23T16:00:00Z,20.0,5.22,0.0,55.0,0.4,1.9,1.8
2024-05-23T17:00:00Z,20.0,4.94,0.0,36.0,0.4,1.51,1.0
2024-05-23T18:00:00Z,20.0,4.82,0.0,64.0,0.38,0.87,2.9
2024-05-23T19:00:00Z,20.0,5.09,0.0,88.0,0.38,0.18,4.1
2024-05-23T20:00:00Z,20.0,5.11,0.0,80.0,0.4,-0.4,4.5
2024-05-23T21:00:00Z,20.0,5.04,0.0,26.0,0.4,-0.79,4.0
2024-05-23T22:00:00Z,19.9,5.19,0.0,79.0,0.38,-0.92,2.5
2024-05-23T23:00:00Z,20.0,5.24,0.0,56.0,0.38,-0.71,0.4
2024-05-24T00:00:00Z,20.1,5.1,0.0,49.0,0.36,-0.21,2.0
2024-05-24T01:00:00Z,20.3,5.03,0.0,22.0,0.36,0.36,3.5
2024-05-24T02:00:00Z,20.6,4.44,0.0,12.0,0.34,0.78,3.7
2024-05-24T03:00:00Z,20.7,4.55,0.0,2.0,0.34,1.0,2.7
2024-05-24T04:00:00Z,20.8,4.85,0.0,1.0,0.34,0.95,1.3
2024-05-24T05:00:00Z,20.9,5.02,0.0,2.0,0.36,0.61,1.2
2024-05-24T06:00:00Z,20.9,5.41,0.0,3.0,0.36,0.05,2.5
2024-05-24T07:00:00Z,20.8,5.99,0.0,4.0,0.4,-0.57,3.4
2024-05-24T08:00:00Z,20.9,6.01,0.0,3.0,0.42,-1.05,3.4
2024-05-24T09:00:00Z,20.8,6.07,0.0,14.0,0.46,-1.31,2.5
2024-05-24T10:00:00Z,20.9,5.76,0.0,12.0,0.48,-1.29,1.0
2024-05-24T11:00:00Z,20.8,6.26,0.0,20.0,0.48,-0.95,1.5
2024-05-24T12:00:00Z,20.7,6.51,0.0,44.0,0.5,-0.27,3.8
2024-05-24T13:00:00Z,20.7,6.49,0.0,40.0,0.48,0.56,5.6
2024-05-24T14:00:00Z,20.7,6.26,0.0,34.0,0.46,1.28,6.0
2024-05-24T15:00:00Z,20.7,5.61,0.0,49.0,0.44,1.75,4.9
2024-05-24T16:00:00Z,20.5,5.17,0.0,52.0,0.44,1.93,3.0
2024-05-24T17:00:00Z,20.4,5.41,0.0,51.0,0.42,1.76,1.0
2024-05-24T18:00:00Z,20.3,5.73,0.0,83.0,0.42,1.28,1.7
2024-05-24T19:00:00Z,20.3,5.77,0.0,90.0,0.44,0.62,3.4
2024-05-24T20:00:00Z,20.2,6.13,0.0,96.0,0.46,-0.04,4.3
2024-05-24T21:00:00Z,20.2,6.53,0.0,94.0,0.48,-0.55,4.3
2024-05-24T22:00:00Z,20.3,6.17,0.0,94.0,0.48,-0.84,3.2
2024-05-24T23:00:00Z,20.4,6.35,0.0,98.0,0.48,-0.85,1.5
2024-05-25T00:00:00Z,20.5,6.48,0.0,98.0,0.48,-0.53,0.9
2024-05-25T01:00:00Z,20.7,6.58,0.0,97.0,0.48,0.04,3.1
2024-05-25T02:00:00Z,20.8,6.83,0.0,96.0,0.5,0.58,4.1
2024-05-25T03:00:00Z,20.9,7.08,0.0,94.0,0.5,0.93,3.5
2024-05-25T04:00:00Z,21.1,7.22,0.0,91.0,0.52,1.03,2.2
2024-05-25T05:00:00Z,21.1,6.93,0.0,94.0,0.54,0.87,0.9
2024-05-25T06:00:00Z,21.2,6.93,0.0,81.0,0.56,0.45,1.9
2024-05-25T07:00:00Z,21.2,7.36,0.0,65.0,0.58,-0.14,3.3
2024-05-25T08:00:00Z,21.2,7.57,0.0,84.0,0.62,-0.71,4.0
2024-05-25T09:00:00Z,21.2,7.71,0.0,98.0,0.64,-1.12,3.8
2024-05-25T10:00:00Z,21.0,7.08,0.0,76.0,0.64,-1.27,2.3
2024-05-25T11:00:00Z,21.0,8.06,0.0,78.0,0.66,-1.13,0.6
2024-05-25T12:00:00Z,21.0,8.3,0.0,72.0,0.66,-0.64,2.0
2024-05-25T13:00:00Z,21.1,8.38,0.0,68.0,0.66,0.13,4.3
2024-05-25T14:00:00Z,21.1,8.65,0.0,57.0,0.64,0.95,5.8
2024-05-25T15:00:00Z,21.1,8.81,0.0,49.0,0.64,1.56,5.5
2024-05-25T16:00:00Z,21.2,8.51,0.0,40.0,0.64,1.89,3.9
2024-05-25T17:00:00Z,21.2,8.38,0.0,42.0,0.66,1.92,1.9
2024-05-25T18:00:00Z,21.3,8.68,0.0,57.0,0.66,1.63,1.2
2024-05-25T19:00:00Z,21.4,9.11,0.5,81.0,0.68,1.09,2.8
2024-05-25T20:00:00Z,21.4,9.63,0.0,88.0,0.72,0.43,4.4
2024-05-25T21:00:00Z,21.5,8.36,0.0,95.0,0.74,-0.18,4.9
2024-05-25T22:00:00Z,21.8,6.8,0.0,74.0,0.66,-0.62,4.5
2024-05-25T23:00:00Z,21.9,6.5,0.0,47.0,0.58,-0.83,3.2
2024-05-26T00:00:00Z,22.0,6.6,0.0,28.0,0.5,-0.74,1.3
2024-05-26T01:00:00Z,22.2,5.91,0.0,36.0,0.44,-0.33,1.0
2024-05-26T02:00:00Z,22.3,5.51,0.0,8.0,0.4,0.22,2.8
2024-05-26T03:00:00Z,22.5,5.2,0.0,10.0,0.34,0.66,3.4
2024-05-26T04:00:00Z,22.8,5.02,0.0,7.0,0.32,0.87,2.4
2024-05-26T05:00:00Z,22.9,5.34,0.0,66.0,0.28,0.86,1.3
2024-05-26T06:00:00Z,22.9,6.36,0.0,97.0,0.26,0.63,1.4
2024-05-26T07:00:00Z,23.0,7.2,0.0,98.0,0.28,0.17,2.8
2024-05-26T08:00:00Z,23.0,7.41,0.0,96.0,0.28,-0.39,3.8
2024-05-26T09:00:00Z,23.0,7.43,0.0,97.0,0.3,-0.9,4.1
2024-05-26T10:00:00Z,24.3,7.75,0.0,100.0,0.28,-1.2,3.4
2024-05-26T11:00:00Z,24.0,6.87,0.0,100.0,0.26,-1.21,1.9
2024-05-26T12:00:00Z,23.8,6.42,0.0,99.0,0.24,-0.95,0.9
2024-05-26T13:00:00Z,23.6,6.08,0.0,99.0,0.22,-0.38,2.9
2024-05-26T14:00:00Z,23.4,5.83,0.0,100.0,0.22,0.43,5.0
2024-05-26T15:00:00Z,23.3,5.41,0.0,100.0,0.2,1.2,6.0
2024-05-26T16:00:00Z,22.9,4.39,0.0,100.0,0.2,1.7,5.3
2024-05-26T17:00:00Z,22.7,2.5,0.0,100.0,0.18,1.92,3.6
2024-05-26T18:00:00Z,22.5,4.95,0.0,100.0,0.18,1.86,1.9
2024-05-26T19:00:00Z,22.4,5.86,0.0,100.0,0.24,1.52,0.4
2024-05-26T20:00:00Z,22.4,7.08,0.0,100.0,0.32,0.99,1.8
2024-05-26T21:00:00Z,22.4,7.7,0.0,100.0,0.38,0.42,3.1
2024-05-26T22:00:00Z,21.7,7.35,0.0,100.0,0.46,-0.1,3.3
2024-05-26T23:00:00Z,21.6,7.85,0.0,99.0,0.54,-0.45,2.7
2024-05-27T00:00:00Z,21.6,8.08,0.3,100.0,0.62,-0.56,1.4
2024-05-27T01:00:00Z,21.5,8.3,1.0,100.0,0.64,-0.38,1.3
2024-05-27T02:00:00Z,21.4,9.18,1.3,100.0,0.68,0.08,3.1
2024-05-27T03:00:00Z,21.3,9.32,0.1,100.0,0.7,0.6,4.3
2024-05-27T04:00:00Z,21.1,9.49,0.2,100.0,0.82,0.96,4.1
2024-05-27T05:00:00Z,20.8,9.91,0.4,100.0,0.96,1.1,2.9
2024-05-27T06:00:00Z,20.3,10.98,0.6,100.0,1.08,1.02,1.3
2024-05-27T07:00:00Z,19.9,11.7,3.0,100.0,1.3,0.74,0.2
2024-05-27T08:00:00Z,19.7,12.6,3.6,100.0,1.52,0.29,1.7
2024-05-27T09:00:00Z,19.2,13.46,3.1,100.0,1.74,-0.21,2.6
2024-05-27T10:00:00Z,18.9,13.02,2.4,100.0,1.74,-0.62,2.7
2024-05-27T11:00:00Z,18.5,12.67,2.0,100.0,1.76,-0.81,2.2
2024-05-27T12:00:00Z,18.4,12.2,0.7,100.0,1.76,-0.77,1.5
2024-05-27T13:00:00Z,18.3,11.53,0.2,100.0,1.58,-0.46,2.2
2024-05-27T14:00:00Z,18.4,10.98,0.1,100.0,1.42,0.12,3.8
2024-05-27T15:00:00Z,18.4,10.56,0.0,100.0,1.24,0.85,5.1
2024-05-27T16:00:00Z,18.5,9.7,0.0,100.0,1.18,1.46,5.2
2024-05-27T17:00:00Z,18.8,8.99,0.0,100.0,1.12,1.81,4.0
2024-05-27T18:00:00Z,19.1,8.45,0.0,98.0,1.06,1.92,2.2
2024-05-27T19:00:00Z,19.6,8.38,0.0,43.0,1.02,1.79,0.4
2024-05-27T20:00:00Z,20.1,9.34,0.0,68.0,1.0,1.42,1.7
2024-05-27T21:00:00Z,20.3,9.53,0.0,81.0,0.96,0.88,3.3
2024-05-27T22:00:00Z,20.2,8.08,0.0,8.0,0.9,0.29,4.1
2024-05-27T23:00:00Z,20.2,8.16,0.0,1.0,0.86,-0.19,4.3
2024-05-28T00:00:00Z,20.4,7.79,0.0,0.0,0.8,-0.48,3.5
2024-05-28T01:00:00Z,20.6,7.62,0.0,0.0,0.78,-0.55,2.1
2024-05-28T02:00:00Z,20.9,7.0,0.0,0.0,0.74,-0.35,1.1
2024-05-28T03:00:00Z,21.0,7.51,0.0,0.0,0.72,0.07,2.2
2024-05-28T04:00:00Z,21.1,7.75,0.0,0.0,0.74,0.5,3.2
2024-05-28T05:00:00Z,21.1,7.76,0.0,0.0,0.78,0.77,3.1
2024-05-28T06:00:00Z,21.2,7.73,0.0,0.0,0.8,0.83,1.8
2024-05-28T07:00:00Z,21.3,7.67,0.0,0.0,0.78,0.72,0.2
2024-05-28T08:00:00Z,21.2,7.73,0.0,0.0,0.78,0.45,1.1
2024-05-28T09:00:00Z,21.3,7.52,0.0,0.0,0.76,0.05,2.2
2024-05-28T10:00:00Z,21.1,6.61,0.0,0.0,0.7,-0.38,3.0
2024-05-28T11:00:00Z,21.0,6.13,0.0,0.0,0.66,-0.71,3.0
2024-05-28T12:00:00Z,20.9,5.32,0.0,0.0,0.6,-0.84,2.2
2024-05-28T13:00:00Z,20.8,4.96,0.0,1.0,0.56,-0.74,1.5
2024-05-28T14:00:00Z,20.7,5.11,0.0,34.0,0.5,-0.41,2.0
2024-05-28T15:00:00Z,20.6,5.32,0.0,83.0,0.46,0.15,3.5
2024-05-28T16:00:00Z,20.6,5.22,0.0,97.0,0.46,0.81,4.6
2024-05-28T17:00:00Z,20.5,5.01,0.0,100.0,0.46,1.32,4.5
2024-05-28T18:00:00Z,20.4,5.24,0.0,98.0,0.46,1.59,3.4
2024-05-28T19:00:00Z,20.2,5.37,0.0,96.0,0.46,1.66,1.8
2024-05-28T20:00:00Z,20.0,5.22,0.0,96.0,0.46,1.53,0.3
2024-05-28T21:00:00Z,19.7,5.01,0.0,93.0,0.46,1.18,1.5
2024-05-28T22:00:00Z,19.6,4.37,0.0,98.0,0.48,0.68,2.8
2024-05-28T23:00:00Z,19.5,4.82,0.0,98.0,0.48,0.16,3.5
2024-05-29T00:00:00Z,19.5,5.64,0.0,100.0,0.5,-0.25,3.4
2024-05-29T01:00:00Z,19.5,6.11,0.0,97.0,0.5,-0.48,2.3
2024-05-29T02:00:00Z,19.6,5.72,0.0,86.0,0.5,-0.5,0.9
2024-05-29T03:00:00Z,19.8,5.54,0.0,81.0,0.5,-0.3,1.1
2024-05-29T04:00:00Z,20.1,5.61,0.0,100.0,0.5,0.09,2.7
2024-05-29T05:00:00Z,20.3,5.64,0.0,92.0,0.48,0.48,3.5
2024-05-29T06:00:00Z,20.5,6.05,0.0,81.0,0.48,0.69,3.0
2024-05-29T07:00:00Z,20.6,6.49,0.0,39.0,0.5,0.73,1.9
2024-05-29T08:00:00Z,20.7,6.69,0.0,45.0,0.52,0.64,1.0
2024-05-29T09:00:00Z,20.7,6.63,0.0,80.0,0.54,0.42,1.0
2024-05-29T10:00:00Z,20.8,6.6,0.0,61.0,0.54,0.05,1.8
2024-05-29T11:00:00Z,20.7,7.52,0.0,89.0,0.56,-0.33,2.3
2024-05-29T12:00:00Z,20.7,8.18,0.0,100.0,0.56,-0.62,2.4
2024-05-29T13:00:00Z,20.6,7.99,0.0,98.0,0.6,-0.73,1.5
2024-05-29T14:00:00Z,20.6,7.85,0.0,73.0,0.62,-0.64,0.4
2024-05-29T15:00:00Z,20.6,7.81,0.0,89.0,0.66,-0.34,1.3
2024-05-29T16:00:00Z,20.5,7.7,0.0,96.0,0.66,0.17,2.9
2024-05-29T17:00:00Z,20.4,7.72,0.0,98.0,0.68,0.76,4.0
2024-05-29T18:00:00Z,20.4,7.6,0.0,100.0,0.68,1.2,3.8
2024-05-29T19:00:00Z,20.4,7.24,0.0,100.0,0.66,1.44,2.8
2024-05-29T20:00:00Z,20.4,6.94,0.0,93.0,0.66,1.5,1.5
2024-05-29T21:00:00Z,20.4,6.75,0.0,92.0,0.64,1.37,1.0
2024-05-29T22:00:00Z,20.7,5.95,0.0,95.0,0.62,1.03,1.9
2024-05-29T23:00:00Z,20.8,6.61,0.0,96.0,0.62,0.55,3.1
2024-05-30T00:00:00Z,20.8,7.56,0.0,98.0,0.6,0.05,3.6
2024-05-30T01:00:00Z,20.9,7.46,0.0,97.0,0.56,-0.33,3.4
2024-05-30T02:00:00Z,21.0,6.84,0.0,68.0,0.54,-0.57,2.7
2024-05-30T03:00:00Z,21.1,6.08,0.0,40.0,0.5,-0.62,1.5
2024-05-30T04:00:00Z,21.3,6.0,0.0,43.0,0.48,-0.45,0.4
2024-05-30T05:00:00Z,21.4,5.95,0.0,72.0,0.48,-0.09,1.5
2024-05-30T06:00:00Z,21.5,5.46,0.0,67.0,0.46,0.26,2.3
2024-05-30T07:00:00Z,21.6,5.58,0.0,86.0,0.42,0.48,2.1
2024-05-30T08:00:00Z,21.6,5.38,0.6,83.0,0.4,0.57,1.2
2024-05-30T09:00:00Z,21.6,5.09,0.0,97.0,0.36,0.55,0.8
2024-05-30T10:00:00Z,22.0,2.59,0.0,100.0,0.34,0.36,1.4
2024-05-30T11:00:00Z,22.0,3.89,0.2,100.0,0.34,0.03,2.3
2024-05-30T12:00:00Z,22.0,3.75,0.5,100.0,0.32,-0.33,2.7
2024-05-30T13:00:00Z,21.9,2.83,1.0,100.0,0.3,-0.6,2.6
2024-05-30T14:00:00Z,21.9,2.91,1.0,100.0,0.28,-0.71,1.9
2024-05-30T15:00:00Z,21.9,3.11,0.7,100.0,0.26,-0.64,0.8
2024-05-30T16:00:00Z,21.8,1.7,1.3,100.0,0.24,-0.36,1.0
2024-05-30T17:00:00Z,21.8,0.85,1.7,100.0,0.22,0.12,2.5
2024-05-30T18:00:00Z,21.8,1.04,1.7,100.0,0.2,0.66,3.4
2024-05-30T19:00:00Z,21.8,1.02,0.7,100.0,0.22,1.09,3.4
2024-05-30T20:00:00Z,21.8,2.82,1.7,100.0,0.22,1.34,2.5
2024-05-30T21:00:00Z,21.8,4.03,2.5,100.0,0.24,1.44,1.3
2024-05-30T22:00:00Z,21.4,4.33,2.4,100.0,0.24,1.33,0.2
2024-05-30T23:00:00Z,21.2,4.4,1.8,100.0,0.26,1.0,1.4
2024-05-31T00:00:00Z,21.1,5.36,1.5,100.0,0.26,0.52,2.6
2024-05-31T01:00:00Z,21.1,5.25,1.4,100.0,0.28,0.03,3.3
2024-05-31T02:00:00Z,21.1,5.0,1.4,100.0,0.3,-0.36,3.2
2024-05-31T03:00:00Z,21.3,5.12,1.6,100.0,0.32,-0.62,2.5
2024-05-31T04:00:00Z,21.6,5.07,1.4,100.0,0.38,-0.69,1.5
2024-05-31T05:00:00Z,21.6,5.12,1.3,99.0,0.44,-0.5,1.0
2024-05-31T06:00:00Z,21.6,5.7,1.0,100.0,0.5,-0.13,2.2
2024-05-31T07:00:00Z,21.5,4.59,1.6,100.0,0.48,0.24,3.1
2024-05-31T08:00:00Z,21.5,3.04,1.0,100.0,0.46,0.52,2.9
2024-05-31T09:00:00Z,21.5,1.89,0.4,100.0,0.44,0.7,2.2
2024-05-31T10:00:00Z,21.3,1.22,0.1,100.0,0.38,0.74,1.3
2024-05-31T11:00:00Z,21.2,0.81,0.0,100.0,0.34,0.59,0.4
2024-05-31T12:00:00Z,21.2,1.53,0.8,100.0,0.28,0.26,1.3
2024-05-31T13:00:00Z,21.2,1.86,0.0,99.0,0.26,-0.12,2.1
2024-05-31T14:00:00Z,21.3,2.37,0.1,97.0,0.26,-0.42,2.2
2024-05-31T15:00:00Z,21.3,3.54,0.2,100.0,0.24,-0.59,1.8
2024-05-31T16:00:00Z,21.4,3.35,0.1,98.0,0.22,-0.61,1.3
2024-05-31T17:00:00Z,21.5,2.3,0.0,90.0,0.2,-0.4,1.5
2024-05-31T18:00:00Z,21.5,2.78,0.0,96.0,0.18,0.03,2.8
2024-05-31T19:00:00Z,21.4,3.83,0.0,100.0,0.2,0.54,4.0
2024-05-31T20:00:00Z,21.2,4.76,0.0,95.0,0.2,0.96,4.1
2024-05-31T21:00:00Z,21.1,4.84,0.0,97.0,0.22,1.24,3.4
2024-05-31T22:00:00Z,21.0,3.76,0.0,90.0,0.24,1.35,2.5
2024-05-31T23:00:00Z,21.0,3.48,0.0,96.0,0.26,1.26,1.1
2024-06-01T00:00:00Z,21.0,5.02,0.0,95.0,0.28,0.91,0.5
2024-06-01T01:00:00Z,21.0,5.37,0.0,98.0,0.28,0.43,1.9
2024-06-01T02:00:00Z,21.0,4.74,0.0,99.0,0.3,-0.08,2.5
2024-06-01T03:00:00Z,21.1,4.46,0.0,99.0,0.3,-0.48,2.5
2024-06-01T04:00:00Z,21.2,4.18,0.0,100.0,0.28,-0.73,1.9
2024-06-01T05:00:00Z,21.5,4.12,0.0,100.0,0.24,-0.77,1.0
2024-06-01T06:00:00Z,21.7,3.81,0.0,100.0,0.22,-0.53,1.5
2024-06-01T07:00:00Z,21.6,3.8,0.0,99.0,0.26,-0.11,3.1
2024-06-01T08:00:00Z,21.5,4.57,0.0,96.0,0.28,0.34,4.1
2024-06-01T09:00:00Z,21.5,5.53,0.0,96.0,0.32,0.71,4.1
2024-06-01T10:00:00Z,21.1,6.24,0.0,100.0,0.36,0.98,3.4
2024-06-01T11:00:00Z,21.0,6.22,0.0,95.0,0.42,1.08,2.5
2024-06-01T12:00:00Z,20.9,6.0,0.0,99.0,0.46,0.94,1.1
2024-06-01T13:00:00Z,20.8,5.77,0.0,97.0,0.48,0.6,0.4
2024-06-01T14:00:00Z,20.7,5.77,0.0,100.0,0.5,0.18,1.6
2024-06-01T15:00:00Z,20.6,5.74,0.0,100.0,0.52,-0.19,1.9
2024-06-01T16:00:00Z,20.5,5.33,0.0,98.0,0.5,-0.46,1.8
2024-06-01T17:00:00Z,20.5,4.92,0.0,96.0,0.5,-0.55,1.3
2024-06-01T18:00:00Z,20.4,5.15,0.0,97.0,0.48,-0.39,0.8
2024-06-01T19:00:00Z,20.5,4.92,0.0,54.0,0.46,0.01,2.0
2024-06-01T20:00:00Z,20.5,4.56,0.0,84.0,0.42,0.5,3.2
2024-06-01T21:00:00Z,20.5,4.74,0.0,69.0,0.4,0.92,3.4
2024-06-01T22:00:00Z,20.3,4.46,0.0,62.0,0.38,1.23,2.9
2024-06-01T23:00:00Z,20.4,5.12,0.0,62.0,0.38,1.37,1.9
2024-06-02T00:00:00Z,20.5,4.87,0.0,72.0,0.36,1.25,0.6
2024-06-02T01:00:00Z,20.6,3.99,0.0,13.0,0.34,0.88,1.1
2024-06-02T02:00:00Z,20.8,3.38,0.0,19.0,0.32,0.33,2.3
2024-06-02T03:00:00Z,21.0,3.51,0.0,10.0,0.3,-0.22,3.1
2024-06-02T04:00:00Z,21.1,3.26,0.0,10.0,0.28,-0.67,2.9
2024-06-02T05:00:00Z,21.2,2.82,0.0,26.0,0.26,-0.96,2.2
2024-06-02T06:00:00Z,21.3,2.73,0.0,75.0,0.24,-1.0,0.9
2024-06-02T07:00:00Z,21.4,2.21,0.0,18.0,0.24,-0.72,1.3
2024-06-02T08:00:00Z,21.5,1.84,0.0,3.0,0.22,-0.22,3.3
2024-06-02T09:00:00Z,21.5,2.1,0.0,0.0,0.22,0.31,4.6
2024-06-02T10:00:00Z,21.5,2.38,0.0,2.0,0.2,0.8,4.6
2024-06-02T11:00:00Z,21.3,2.86,0.0,12.0,0.18,1.16,3.9
2024-06-02T12:00:00Z,21.3,3.24,0.0,30.0,0.16,1.29,2.7
2024-06-02T13:00:00Z,21.2,2.73,0.0,60.0,0.16,1.13,0.9
2024-06-02T14:00:00Z,21.2,2.72,0.0,80.0,0.18,0.72,1.1
2024-06-02T15:00:00Z,21.3,2.25,0.0,82.0,0.18,0.21,2.3
2024-06-02T16:00:00Z,21.3,1.7,0.0,93.0,0.16,-0.24,2.9
2024-06-02T17:00:00Z,21.3,1.33,0.0,85.0,0.14,-0.57,2.7
2024-06-02T18:00:00Z,21.3,0.81,0.0,93.0,0.12,-0.7,1.8
2024-06-02T19:00:00Z,21.3,0.32,0.0,99.0,0.12,-0.56,0.4
2024-06-02T20:00:00Z,21.4,0.36,0.0,95.0,0.12,-0.16,1.6
2024-06-02T21:00:00Z,21.5,0.95,0.0,98.0,0.12,0.35,3.3
2024-06-02T22:00:00Z,21.2,1.75,0.0,95.0,0.12,0.82,3.7
2024-06-02T23:00:00Z,21.4,1.82,0.0,71.0,0.1,1.19,3.4
2024-06-03T00:00:00Z,21.5,2.21,0.0,70.0,0.1,1.36,2.3
2024-06-03T01:00:00Z,21.6,2.33,0.0,0.0,0.12,1.24,0.9
2024-06-03T02:00:00Z,21.7,3.04,0.0,2.0,0.12,0.82,1.3
2024-06-03T03:00:00Z,21.9,3.73,0.0,20.0,0.14,0.23,2.9
2024-06-03T04:00:00Z,22.1,3.83,0.0,13.0,0.14,-0.36,3.8
2024-06-03T05:00:00Z,22.3,3.2,0.0,1.0,0.16,-0.82,4.0
2024-06-03T06:00:00Z,22.5,2.42,0.0,0.0,0.16,-1.1,3.2
2024-06-03T07:00:00Z,22.7,2.42,0.0,0.0,0.16,-1.09,1.8
2024-06-03T08:00:00Z,22.8,2.77,0.0,0.0,0.16,-0.74,0.4
2024-06-03T09:00:00Z,22.9,3.1,0.0,4.0,0.16,-0.15,2.6
2024-06-03T10:00:00Z,22.6,3.49,0.0,5.0,0.16,0.48,3.9
2024-06-03T11:00:00Z,22.5,4.81,0.0,34.0,0.18,1.06,3.9
2024-06-03T12:00:00Z,22.4,5.61,0.0,95.0,0.18,1.48,3.5
2024-06-03T13:00:00Z,22.4,5.73,0.0,100.0,0.22,1.63,2.1
2024-06-03T14:00:00Z,22.4,5.73,0.0,100.0,0.28,1.43,0.7
2024-06-03T15:00:00Z,22.4,5.82,0.0,100.0,0.32,0.94,2.0
2024-06-03T16:00:00Z,22.4,5.2,0.0,100.0,0.3,0.36,3.4
2024-06-03T17:00:00Z,22.3,4.1,0.0,100.0,0.28,-0.16,4.0
2024-06-03T18:00:00Z,22.2,3.06,0.0,99.0,0.26,-0.55,3.8
2024-06-03T19:00:00Z,22.0,2.87,0.0,99.0,0.28,-0.73,2.8
2024-06-03T20:00:00Z,21.7,3.49,0.0,99.0,0.28,-0.6,1.2
2024-06-03T21:00:00Z,21.4,4.72,0.0,96.0,0.3,-0.18,1.5
2024-06-03T22:00:00Z,21.0,5.66,0.0,98.0,0.32,0.36,3.1
2024-06-03T23:00:00Z,20.9,5.77,0.0,85.0,0.34,0.87,3.8
2024-06-04T00:00:00Z,20.9,6.29,0.0,59.0,0.36,1.27,3.4
2024-06-04T01:00:00Z,21.0,6.37,0.0,90.0,0.38,1.43,2.3
2024-06-04T02:00:00Z,21.1,5.86,0.0,95.0,0.38,1.25,0.6
2024-06-04T03:00:00Z,21.2,4.96,0.0,89.0,0.4,0.76,1.5
2024-06-04T04:00:00Z,21.4,3.94,0.0,48.0,0.36,0.11,2.8
2024-06-04T05:00:00Z,21.4,3.36,0.0,20.0,0.34,-0.49,3.6
2024-06-04T06:00:00Z,21.5,3.11,0.0,73.0,0.3,-0.95,3.4
2024-06-04T07:00:00Z,21.6,2.75,0.0,64.0,0.28,-1.19,2.5
2024-06-04T08:00:00Z,21.7,3.31,0.0,90.0,0.28,-1.1,1.3
2024-06-04T09:00:00Z,21.7,4.44,0.0,100.0,0.26,-0.64,2.5
2024-06-04T10:00:00Z,21.8,5.15,0.0,40.0,0.28,0.05,4.9
2024-06-04T11:00:00Z,21.8,5.95,0.0,84.0,0.28,0.77,6.1
2024-06-04T12:00:00Z,21.8,6.05,0.0,99.0,0.3,1.41,6.1
2024-06-04T13:00:00Z,21.8,6.27,0.0,86.0,0.4,1.84,5.2
2024-06-04T14:00:00Z,21.7,6.72,0.0,74.0,0.5,1.91,3.3
2024-06-04T15:00:00Z,21.6,7.02,0.0,78.0,0.6,1.6,1.1
2024-06-04T16:00:00Z,21.5,7.32,0.0,93.0,0.64,1.03,0.9
2024-06-04T17:00:00Z,21.4,7.74,0.0,97.0,0.68,0.38,2.3
2024-06-04T18:00:00Z,21.4,7.91,0.0,100.0,0.72,-0.19,3.1
2024-06-04T19:00:00Z,21.3,8.08,0.0,99.0,0.74,-0.62,2.9
2024-06-04T20:00:00Z,21.3,7.71,0.0,100.0,0.78,-0.82,1.8
2024-06-04T21:00:00Z,21.3,7.6,0.0,98.0,0.8,-0.68,0.3
2024-06-04T22:00:00Z,21.4,7.4,0.0,93.0,0.76,-0.24,2.4
2024-06-04T23:00:00Z,21.4,6.87,0.0,99.0,0.7,0.31,4.0
2024-06-05T00:00:00Z,21.4,6.29,0.0,99.0,0.66,0.83,
2024-06-05T01:00:00Z,21.4,6.17,0.0,99.0,0.64,1.21,
2024-06-05T02:00:00Z,21.5,5.81,0.0,100.0,0.62,1.29,
2024-06-05T03:00:00Z,21.5,5.38,0.0,100.0,0.6,1.02,
2024-06-05T04:00:00Z,21.5,5.76,0.1,100.0,0.62,0.46,
2024-06-05T05:00:00Z,21.4,6.72,0.3,100.0,0.64,-0.2,
2024-06-05T06:00:00Z,21.4,6.82,0.2,100.0,0.66,-0.78,
2024-06-05T07:00:00Z,21.4,7.37,0.0,100.0,0.68,-1.18,
2024-06-05T08:00:00Z,21.5,6.93,0.1,100.0,0.68,-1.34,
2024-06-05T09:00:00Z,21.5,5.88,0.6,100.0,0.7,-1.15,
2024-06-05T10:00:00Z,20.6,5.42,0.5,100.0,0.66,-0.6,
2024-06-05T11:00:00Z,20.0,5.42,0.6,100.0,0.6,0.16,
2024-06-05T12:00:00Z,19.6,5.33,1.0,100.0,0.56,0.94,
2024-06-05T13:00:00Z,19.5,6.14,1.5,100.0,0.54,1.61,
2024-06-05T14:00:00Z,19.5,6.49,0.3,100.0,0.5,2.01,
2024-06-05T15:00:00Z,19.5,6.48,0.3,100.0,0.48,2.0,
2024-06-05T16:00:00Z,19.3,5.87,0.7,100.0,0.48,1.61,
2024-06-05T17:00:00Z,19.0,5.66,0.8,100.0,0.46,0.97,
2024-06-05T18:00:00Z,19.0,5.18,0.5,100.0,0.46,0.3,
2024-06-05T19:00:00Z,19.2,4.88,0.7,100.0,0.48,-0.29,
2024-06-05T20:00:00Z,19.4,4.9,0.6,100.0,0.5,-0.73,
2024-06-05T21:00:00Z,19.7,5.81,0.2,100.0,0.52,-0.9,
2024-06-05T22:00:00Z,19.9,7.01,0.1,100.0,0.52,-0.68,
2024-06-05T23:00:00Z,20.2,7.01,0.0,96.0,0.54,-0.18,
2024-06-06T00:00:00Z,20.2,6.71,0.0,83.0,0.54,0.4,
2024-06-06T01:00:00Z,20.2,6.7,0.0,64.0,0.56,0.92,
2024-06-06T02:00:00Z,20.2,6.52,0.0,51.0,0.6,1.25,
2024-06-06T03:00:00Z,20.3,6.26,0.0,50.0,0.62,1.25,
2024-06-06T04:00:00Z,20.4,5.73,0.0,52.0,0.62,0.88,
2024-06-06T05:00:00Z,20.5,5.2,0.0,54.0,0.6,0.28,
2024-06-06T06:00:00Z,20.7,5.11,0.0,53.0,0.6,-0.36,
2024-06-06T07:00:00Z,20.8,5.4,0.0,41.0,0.56,-0.89,
2024-06-06T08:00:00Z,20.8,5.4,0.0,30.0,0.5,-1.23,
2024-06-06T09:00:00Z,20.9,5.01,0.0,39.0,0.46,-1.3,
2024-06-06T10:00:00Z,20.3,4.63,0.0,85.0,0.42,-1.01,
2024-06-06T11:00:00Z,20.3,4.7,0.0,66.0,0.4,-0.36,
2024-06-06T12:00:00Z,20.3,4.43,0.0,62.0,0.36,0.45,
2024-06-06T13:00:00Z,20.4,3.93,0.0,70.0,0.36,1.23,
2024-06-06T14:00:00Z,20.4,3.5,0.0,48.0,0.34,1.83,
2024-06-06T15:00:00Z,20.4,3.72,0.0,41.0,0.34,2.11,
2024-06-06T16:00:00Z,20.3,3.72,0.0,28.0,0.34,1.99,
2024-06-06T17:00:00Z,20.3,3.6,0.0,60.0,0.32,1.5,
2024-06-06T18:00:00Z,20.3,4.0,0.0,88.0,0.32,0.83,
2024-06-06T19:00:00Z,20.2,4.49,0.0,99.0,0.34,0.16,
2024-06-06T20:00:00Z,20.3,4.39,0.0,100.0,0.34,-0.41,
2024-06-06T21:00:00Z,20.4,4.26,0.0,100.0,0.36,-0.81,
2024-06-06T22:00:00Z,20.4,3.31,0.0,83.0,0.36,-0.91,
2024-06-06T23:00:00Z,20.6,4.16,0.0,56.0,0.36,-0.64,
2024-06-07T00:00:00Z,20.8,4.04,0.0,72.0,0.36,-0.11,
2024-06-07T01:00:00Z,20.9,4.41,0.0,99.0,0.38,0.46,
2024-06-07T02:00:00Z,21.1,4.49,0.0,99.0,0.4,0.92,
2024-06-07T03:00:00Z,21.3,4.34,0.0,100.0,0.42,1.16,
2024-06-07T04:00:00Z,21.4,5.41,0.0,100.0,0.42,1.07,
2024-06-07T05:00:00Z,21.5,5.44,0.0,100.0,0.42,0.65,
2024-06-07T06:00:00Z,21.5,4.11,0.2,100.0,0.42,0.04,
2024-06-07T07:00:00Z,21.5,3.83,0.2,100.0,0.42,-0.57,
2024-06-07T08:00:00Z,21.5,4.33,0.1,93.0,0.4,-1.04,
2024-06-07T09:00:00Z,21.5,4.92,0.0,98.0,0.4,-1.3,
2024-06-07T10:00:00Z,21.5,5.82,0.0,88.0,0.44,-1.28,
2024-06-07T11:00:00Z,21.5,6.55,0.0,96.0,0.46,-0.88,
2024-06-07T12:00:00Z,21.4,6.79,0.1,99.0,0.5,-0.15,
2024-06-07T13:00:00Z,21.5,6.04,0.0,100.0,0.5,0.69,
2024-06-07T14:00:00Z,21.5,4.95,0.0,93.0,0.48,1.44,
2024-06-07T15:00:00Z,21.4,4.46,0.0,100.0,0.48,1.97,
2024-06-07T16:00:00Z,21.4,4.23,0.0,100.0,0.44,2.16,
2024-06-07T17:00:00Z,21.3,3.61,0.0,100.0,0.38,1.95,
2024-06-07T18:00:00Z,21.3,3.61,0.0,98.0,0.34,1.41,
2024-06-07T19:00:00Z,21.3,2.69,0.0,97.0,0.32,0.73,
2024-06-07T20:00:00Z,21.3,2.5,0.0,40.0,0.32,0.08,
2024-06-07T21:00:00Z,21.3,3.51,0.0,24.0,0.3,-0.46,
2024-06-07T22:00:00Z,21.4,3.71,0.0,83.0,0.3,-0.79,
2024-06-07T23:00:00Z,21.4,3.62,0.0,62.0,0.3,-0.81,
2024-06-08T00:00:00Z,21.5,2.89,0.0,54.0,0.3,-0.48,
2024-06-08T01:00:00Z,21.7,2.66,0.0,39.0,0.28,0.05,
2024-06-08T02:00:00Z,21.8,2.6,0.0,27.0,0.28,0.57,
2024-06-08T03:00:00Z,21.9,2.28,0.0,33.0,0.26,0.94,
2024-06-08T04:00:00Z,22.1,1.61,0.0,19.0,0.24,1.09,
2024-06-08T05:00:00Z,22.2,1.63,0.0,12.0,0.24,0.92,
2024-06-08T06:00:00Z,22.2,1.64,0.0,45.0,0.22,0.47,
2024-06-08T07:00:00Z,22.3,1.84,0.0,99.0,0.22,-0.11,
2024-06-08T08:00:00Z,22.3,2.31,0.0,99.0,0.22,-0.66,
2024-06-08T09:00:00Z,22.2,2.61,0.0,98.0,0.22,-1.04,
2024-06-08T10:00:00Z,22.2,2.81,0.0,97.0,0.22,-1.21,
2024-06-08T11:00:00Z,21.9,3.64,0.0,99.0,0.24,-1.08,
2024-06-08T12:00:00Z,21.7,4.06,0.0,94.0,0.24,-0.58,
2024-06-08T13:00:00Z,21.6,3.3,0.0,83.0,0.24,0.21,
2024-06-08T14:00:00Z,21.5,2.01,0.0,86.0,0.22,1.02,
2024-06-08T15:00:00Z,21.3,1.12,0.0,100.0,0.22,1.67,
2024-06-08T16:00:00Z,21.3,1.12,0.0,89.0,0.22,2.08,
2024-06-08T17:00:00Z,21.3,1.81,0.0,97.0,0.2,2.15,
2024-06-08T18:00:00Z,21.3,1.92,0.0,99.0,0.2,1.84,
2024-06-08T19:00:00Z,21.4,2.26,0.0,83.0,0.2,1.27,
2024-06-08T20:00:00Z,21.5,1.92,0.0,100.0,0.2,0.6,
2024-06-08T21:00:00Z,21.6,2.6,0.0,100.0,0.2,0.0,
2024-06-08T22:00:00Z,21.7,1.62,0.0,100.0,0.2,-0.47,
2024-06-08T23:00:00Z,21.7,1.68,0.0,100.0,0.18,-0.72,
2024-06-09T00:00:00Z,21.8,1.4,0.0,100.0,0.18,-0.64,0.4
2024-06-09T01:00:00Z,21.8,0.92,0.0,98.0,0.18,-0.25,2.0
2024-06-09T02:00:00Z,22.0,1.96,0.0,75.0,0.18,0.25,3.7
2024-06-09T03:00:00Z,22.1,1.24,0.0,93.0,0.18,0.67,4.2
2024-06-09T04:00:00Z,22.2,1.12,0.0,62.0,0.18,0.92,3.7
2024-06-09T05:00:00Z,22.4,2.1,0.0,38.0,0.16,0.96,2.4
2024-06-09T06:00:00Z,22.4,3.38,0.0,23.0,0.16,0.7,1.5
2024-06-09T07:00:00Z,22.4,3.84,0.0,10.0,0.16,0.22,1.7
2024-06-09T08:00:00Z,22.4,3.76,0.0,73.0,0.18,-0.35,2.4
2024-06-09T09:00:00Z,22.4,4.11,0.0,92.0,0.18,-0.83,2.9
2024-06-09T10:00:00Z,22.3,3.94,0.0,97.0,0.2,-1.14,2.3
2024-06-09T11:00:00Z,22.2,4.79,0.0,93.0,0.22,-1.2,1.1
2024-06-09T12:00:00Z,22.2,5.32,0.0,85.0,0.24,-0.96,0.7
2024-06-09T13:00:00Z,22.2,5.63,0.0,82.0,0.26,-0.37,3.1
2024-06-09T14:00:00Z,22.1,6.04,0.0,100.0,0.28,0.39,5.1
2024-06-09T15:00:00Z,22.0,7.01,0.0,88.0,0.3,1.1,5.8
2024-06-09T16:00:00Z,21.9,7.72,0.0,100.0,0.32,1.61,5.2
2024-06-09T17:00:00Z,21.9,7.04,0.0,100.0,0.32,1.87,3.6
2024-06-09T18:00:00Z,21.9,5.53,0.0,100.0,0.34,1.83,1.8
2024-06-09T19:00:00Z,21.8,5.0,0.5,100.0,0.34,1.46,1.4
2024-06-09T20:00:00Z,21.8,4.31,0.2,99.0,0.34,0.88,3.0
2024-06-09T21:00:00Z,21.8,5.12,0.3,100.0,0.34,0.26,4.0
2024-06-09T22:00:00Z,21.9,5.62,0.2,99.0,0.34,-0.26,4.2
2024-06-09T23:00:00Z,21.7,6.24,0.1,100.0,0.32,-0.62,3.4
2024-06-10T00:00:00Z,21.3,6.59,0.7,100.0,0.32,-0.76,2.2
2024-06-10T01:00:00Z,20.8,7.42,1.1,100.0,0.34,-0.57,0.4
2024-06-10T02:00:00Z,20.6,7.57,1.5,100.0,0.38,-0.14,2.1
2024-06-10T03:00:00Z,20.4,7.78,2.0,100.0,0.4,0.33,3.3
2024-06-10T04:00:00Z,20.1,8.98,2.0,100.0,0.46,0.67,3.2
2024-06-10T05:00:00Z,20.3,8.72,0.7,100.0,0.5,0.83,2.4
2024-06-10T06:00:00Z,20.5,8.16,0.3,100.0,0.56,0.8,1.5
2024-06-10T07:00:00Z,20.5,8.56,0.3,100.0,0.6,0.52,1.5
2024-06-10T08:00:00Z,20.6,8.57,0.1,100.0,0.66,0.06,2.5
2024-06-10T09:00:00Z,20.7,8.42,0.0,100.0,0.7,-0.45,3.3
2024-06-10T10:00:00Z,20.9,6.3,0.2,100.0,0.7,-0.86,3.2
2024-06-10T11:00:00Z,20.9,6.69,0.2,100.0,0.72,-1.06,2.3
2024-06-10T12:00:00Z,21.2,7.65,0.2,100.0,0.72,-1.04,1.0
2024-06-10T13:00:00Z,21.4,8.11,0.0,100.0,0.72,-0.71,1.1
2024-06-10T14:00:00Z,21.5,8.08,0.0,100.0,0.7,-0.09,3.2
2024-06-10T15:00:00Z,21.5,7.78,0.0,96.0,0.7,0.61,4.7
2024-06-10T16:00:00Z,21.5,7.66,0.0,100.0,0.66,1.2,4.9
2024-06-10T17:00:00Z,21.5,7.05,0.0,99.0,0.64,1.58,3.9
2024-06-10T18:00:00Z,21.5,6.11,0.0,97.0,0.6,1.74,2.4
2024-06-10T19:00:00Z,21.6,4.92,0.0,99.0,0.58,1.62,1.1
2024-06-10T20:00:00Z,21.6,4.0,0.0,100.0,0.54,1.21,2.0
2024-06-10T21:00:00Z,21.6,4.62,0.0,100.0,0.52,0.64,3.5
2024-06-10T22:00:00Z,21.8,4.71,0.0,96.0,0.5,0.08,4.1
2024-06-10T23:00:00Z,21.9,5.16,0.0,97.0,0.5,-0.35,4.1
2024-06-11T00:00:00Z,21.9,5.19,0.2,89.0,0.48,-0.61,3.2
2024-06-11T01:00:00Z,22.0,5.07,0.7,83.0,0.46,-0.64,1.8
2024-06-11T02:00:00Z,22.0,5.6,1.1,77.0,0.46,-0.38,0.3
2024-06-11T03:00:00Z,22.2,6.09,0.1,84.0,0.44,0.05,2.1
2024-06-11T04:00:00Z,22.3,6.85,0.0,76.0,0.48,0.44,2.9
2024-06-11T05:00:00Z,22.3,6.54,0.0,97.0,0.52,0.68,2.7
2024-06-11T06:00:00Z,22.3,6.16,0.0,99.0,0.56,0.78,1.8
2024-06-11T07:00:00Z,22.3,6.13,0.4,100.0,0.56,0.69,1.3
2024-06-11T08:00:00Z,22.3,5.64,0.4,99.0,0.54,0.39,1.5
2024-06-11T09:00:00Z,22.2,5.81,0.4,100.0,0.54,-0.06,2.6
2024-06-11T10:00:00Z,22.3,5.66,0.3,100.0,0.52,-0.52,3.1
2024-06-11T11:00:00Z,22.3,6.04,0.0,100.0,0.52,-0.83,2.9
2024-06-11T12:00:00Z,22.3,6.52,0.0,100.0,0.5,-0.95,1.8
2024-06-11T13:00:00Z,22.3,6.53,0.0,100.0,0.48,-0.83,0.4
2024-06-11T14:00:00Z,22.3,6.18,0.0,100.0,0.48,-0.43,1.7
2024-06-11T15:00:00Z,22.2,5.82,0.0,100.0,0.46,0.19,3.2
2024-06-11T16:00:00Z,22.2,5.73,0.0,100.0,0.46,0.81,4.3
2024-06-11T17:00:00Z,22.2,6.03,0.0,100.0,0.48,1.27,4.0
2024-06-11T18:00:00Z,22.2,5.02,0.0,100.0,0.48,1.54,2.8
2024-06-11T19:00:00Z,22.2,4.11,0.0,100.0,0.46,1.62,1.5
2024-06-11T20:00:00Z,22.1,3.75,0.0,100.0,0.42,1.42,1.0
2024-06-11T21:00:00Z,22.1,3.34,0.0,100.0,0.4,1.0,2.1
2024-06-11T22:00:00Z,22.1,3.26,0.0,100.0,0.36,0.45,3.2
2024-06-11T23:00:00Z,22.1,3.1,0.0,100.0,0.34,-0.04,3.8
2024-06-12T00:00:00Z,22.2,2.53,0.0,93.0,0.3,,3.4
2024-06-12T01:00:00Z,22.3,2.15,0.0,74.0,0.28,,2.3
2024-06-12T02:00:00Z,22.4,2.0,0.0,99.0,0.28,,0.9
2024-06-12T03:00:00Z,22.5,2.05,0.0,99.0,0.26,,1.0
2024-06-12T04:00:00Z,22.5,2.42,0.0,98.0,0.24,,2.3
2024-06-12T05:00:00Z,22.5,1.97,0.1,81.0,0.24,,2.7
2024-06-12T06:00:00Z,22.7,1.75,0.0,15.0,0.22,,2.3
2024-06-12T07:00:00Z,22.9,2.61,0.0,13.0,0.22,,1.7
2024-06-12T08:00:00Z,23.3,3.0,0.0,11.0,0.22,,1.3
2024-06-12T09:00:00Z,23.4,3.11,0.0,12.0,0.22,,1.5
2024-06-12T10:00:00Z,22.7,3.2,0.0,8.0,0.24,,2.2
2024-06-12T11:00:00Z,22.5,3.7,0.0,21.0,0.26,,2.7
2024-06-12T12:00:00Z,22.4,3.97,0.0,26.0,0.28,,2.2
2024-06-12T13:00:00Z,22.3,3.54,0.0,72.0,0.28,,1.3
2024-06-12T14:00:00Z,22.2,3.47,0.0,99.0,0.26,,0.4
2024-06-12T15:00:00Z,22.1,3.4,0.0,100.0,0.26,,1.6
2024-06-12T16:00:00Z,22.1,3.54,0.0,99.0,0.26,,3.1
2024-06-12T17:00:00Z,22.0,3.41,0.0,98.0,0.24,,3.6
2024-06-12T18:00:00Z,21.8,3.33,0.0,97.0,0.24,,3.3
2024-06-12T19:00:00Z,21.5,2.97,0.0,96.0,0.24,,2.4
2024-06-12T20:00:00Z,21.4,2.97,0.0,90.0,0.22,,1.4
2024-06-12T21:00:00Z,21.2,3.05,0.0,79.0,0.22,,1.0
2024-06-12T22:00:00Z,21.9,2.88,0.0,84.0,0.2,,1.9
2024-06-12T23:00:00Z,21.9,2.19,0.0,42.0,0.2,,2.9
2024-06-13T00:00:00Z,21.9,2.28,0.0,85.0,0.18,,3.2
2024-06-13T01:00:00Z,21.9,3.5,0.0,79.0,0.2,,2.7
2024-06-13T02:00:00Z,22.0,3.96,0.0,100.0,0.22,,1.6
2024-06-13T03:00:00Z,22.3,4.38,0.0,100.0,0.24,,0.4
2024-06-13T04:00:00Z,22.5,5.02,0.0,100.0,0.26,,1.2
2024-06-13T05:00:00Z,22.6,4.84,0.0,49.0,0.3,,2.5
2024-06-13T06:00:00Z,22.7,5.32,0.0,91.0,0.32,,2.7
2024-06-13T07:00:00Z,22.8,5.28,0.0,99.0,0.34,,2.3
2024-06-13T08:00:00Z,22.7,5.14,0.0,100.0,0.38,,1.5
2024-06-13T09:00:00Z,22.7,5.37,0.0,100.0,0.4,,1.1
2024-06-13T10:00:00Z,22.6,5.99,0.0,94.0,0.4,,1.3
2024-06-13T11:00:00Z,22.6,6.28,0.0,94.0,0.4,,2.0
2024-06-13T12:00:00Z,22.6,6.37,0.0,84.0,0.4,,2.3
2024-06-13T13:00:00Z,22.7,6.3,0.0,65.0,0.4,,2.0
2024-06-13T14:00:00Z,22.7,6.13,0.0,55.0,0.4,,0.9
2024-06-13T15:00:00Z,22.6,6.4,0.0,100.0,0.4,,0.3
2024-06-13T16:00:00Z,22.6,7.56,0.0,100.0,0.42,,1.6
2024-06-13T17:00:00Z,22.5,6.99,0.0,99.0,0.42,,2.7
2024-06-13T18:00:00Z,22.5,6.17,0.0,55.0,0.44,,2.9
2024-06-13T19:00:00Z,22.4,5.8,0.0,62.0,0.44,,2.4
2024-06-13T20:00:00Z,22.4,6.11,0.0,92.0,0.46,,1.7
2024-06-13T21:00:00Z,22.4,6.4,0.0,95.0,0.46,,0.9
2024-06-13T22:00:00Z,22.4,5.91,0.0,97.0,0.44,,1.5
2024-06-13T23:00:00Z,22.5,6.17,0.0,99.0,0.44,,2.5
2024-06-14T00:00:00Z,22.5,6.05,0.0,86.0,0.42,,3.2
2024-06-14T01:00:00Z,22.6,5.56,0.0,51.0,0.4,,3.2
2024-06-14T02:00:00Z,22.8,5.53,0.0,36.0,0.36,,2.7
2024-06-14T03:00:00Z,22.9,5.59,0.0,47.0,0.34,,1.6
2024-06-14T04:00:00Z,23.0,5.62,0.0,52.0,0.36,,0.3
2024-06-14T05:00:00Z,23.1,5.58,0.0,49.0,0.4,,1.2
2024-06-14T06:00:00Z,23.1,5.75,0.0,38.0,0.42,,2.2
2024-06-14T07:00:00Z,23.2,5.92,0.0,43.0,0.46,,2.4
2024-06-14T08:00:00Z,23.1,5.78,0.0,44.0,0.5,,1.9
2024-06-14T09:00:00Z,23.0,5.99,0.0,20.0,0.54,,1.4
2024-06-14T10:00:00Z,23.2,5.59,0.0,10.0,0.52,,0.9
2024-06-14T11:00:00Z,23.1,5.5,0.0,84.0,0.48,,1.2
2024-06-14T12:00:00Z,23.0,5.19,0.0,100.0,0.46,,1.8
2024-06-14T13:00:00Z,22.9,5.05,0.0,100.0,0.42,,2.0
2024-06-14T14:00:00Z,22.9,4.74,0.0,100.0,0.38,,1.6
2024-06-14T15:00:00Z,22.9,4.32,0.0,100.0,0.34,,0.9
2024-06-14T16:00:00Z,22.9,3.88,0.0,100.0,0.32,,0.4
2024-06-14T17:00:00Z,22.8,3.35,0.0,100.0,0.28,,1.3
2024-06-14T18:00:00Z,22.7,3.3,0.0,91.0,0.26,,2.3
2024-06-14T19:00:00Z,22.6,3.55,0.0,50.0,0.24,,2.5
2024-06-14T20:00:00Z,22.6,3.52,0.0,34.0,0.2,,2.2
2024-06-14T21:00:00Z,22.7,3.42,0.0,60.0,0.18,,1.6
2024-06-14T22:00:00Z,22.5,3.42,0.0,5.0,0.16,,0.8
2024-06-14T23:00:00Z,22.5,3.83,0.0,5.0,0.16,,1.2
2024-06-15T00:00:00Z,22.6,3.62,0.0,2.0,0.14,,2.2
2024-06-15T01:00:00Z,22.8,3.16,0.0,2.0,0.14,,2.7
2024-06-15T02:00:00Z,23.0,2.88,0.0,3.0,0.16,,2.5
2024-06-15T03:00:00Z,23.2,3.3,0.0,2.0,0.16,,1.8
2024-06-15T04:00:00Z,23.4,3.04,0.0,2.0,0.16,,0.8
2024-06-15T05:00:00Z,23.6,3.14,0.0,0.0,0.18,,0.6
2024-06-15T06:00:00Z,23.6,2.84,0.0,0.0,0.18,,2.0
2024-06-15T07:00:00Z,23.7,2.53,0.0,0.0,0.18,,2.7
2024-06-15T08:00:00Z,23.7,2.22,0.0,1.0,0.2,,2.9
2024-06-15T09:00:00Z,23.7,2.52,0.0,0.0,0.2,,2.4
2024-06-15T10:00:00Z,23.8,2.22,0.0,0.0,0.18,,1.8
2024-06-15T11:00:00Z,23.6,3.22,0.0,0.0,0.14,,0.8
2024-06-15T12:00:00Z,23.5,3.48,0.0,2.0,0.12,,0.7
2024-06-15T13:00:00Z,23.4,3.4,0.0,5.0,0.12,,1.7
2024-06-15T14:00:00Z,23.4,3.32,0.0,12.0,0.1,,2.1
2024-06-15T15:00:00Z,23.4,3.22,0.0,1.0,0.1,,1.7
2024-06-15T16:00:00Z,23.3,2.82,0.0,3.0,0.1,,1.2
2024-06-15T17:00:00Z,23.2,3.04,0.0,2.0,0.1,,0.4
2024-06-15T18:00:00Z,23.1,3.58,0.0,1.0,0.1,,1.1
2024-06-15T19:00:00Z,22.9,3.14,0.0,19.0,0.1,,2.0
2024-06-15T20:00:00Z,22.8,3.14,0.0,6.0,0.12,,2.4
2024-06-15T21:00:00Z,22.7,3.28,0.0,84.0,0.12,,1.9
2024-06-15T22:00:00Z,23.1,3.48,0.0,89.0,0.16,,1.2
2024-06-15T23:00:00Z,23.0,4.07,0.0,100.0,0.2,,0.6
2024-06-16T00:00:00Z,23.2,4.66,0.0,100.0,0.24,,0.8
2024-06-16T01:00:00Z,23.3,4.82,0.0,100.0,0.26,,2.0
2024-06-16T02:00:00Z,23.5,4.81,0.0,98.0,0.26,,2.5
2024-06-16T03:00:00Z,23.7,4.53,0.0,96.0,0.28,,2.3
2024-06-16T04:00:00Z,23.8,3.8,0.0,84.0,0.28,,1.8
2024-06-16T05:00:00Z,23.9,3.04,0.0,19.0,0.28,,0.9
2024-06-16T06:00:00Z,24.0,3.54,0.0,9.0,0.28,,0.6
2024-06-16T07:00:00Z,24.1,4.49,0.0,8.0,0.3,,2.0
2024-06-16T08:00:00Z,24.0,5.29,0.0,16.0,0.32,,2.9
2024-06-16T09:00:00Z,23.9,5.3,0.0,26.0,0.34,,3.1
2024-06-16T10:00:00Z,23.9,4.9,0.0,75.0,0.36,,2.9
2024-06-16T11:00:00Z,23.8,5.58,0.0,100.0,0.38,,2.2
2024-06-16T12:00:00Z,23.6,6.18,0.0,100.0,0.4,,1.1
2024-06-16T13:00:00Z,23.4,6.44,0.2,100.0,0.4,,0.4
2024-06-16T14:00:00Z,23.1,6.42,0.0,100.0,0.38,,1.5
2024-06-16T15:00:00Z,22.9,5.83,0.1,100.0,0.38,,1.8
2024-06-16T16:00:00Z,22.7,5.45,0.2,100.0,0.36,,1.8
2024-06-16T17:00:00Z,22.1,5.38,0.4,100.0,0.34,,1.3
2024-06-16T18:00:00Z,21.4,5.4,0.7,100.0,0.32,,0.5
2024-06-16T19:00:00Z,21.1,5.78,0.9,100.0,0.36,,0.9
2024-06-16T20:00:00Z,20.6,6.84,1.0,100.0,0.4,,2.0
2024-06-16T21:00:00Z,20.7,7.45,1.6,100.0,0.44,,2.4
2024-06-16T22:00:00Z,21.2,9.7,2.5,100.0,0.54,,2.2
2024-06-16T23:00:00Z,21.2,10.51,2.0,100.0,0.66,,1.7
2024-06-17T00:00:00Z,21.0,10.92,2.6,99.0,0.76,,0.9
2024-06-17T01:00:00Z,20.6,11.14,2.9,100.0,0.78,,0.6
2024-06-17T02:00:00Z,20.8,9.53,1.2,100.0,0.8,,1.6
2024-06-17T03:00:00Z,21.3,9.01,0.3,100.0,0.82,,2.3
2024-06-17T04:00:00Z,21.9,8.36,0.1,100.0,0.78,,2.3
2024-06-17T05:00:00Z,22.2,8.11,0.0,100.0,0.72,,1.8
2024-06-17T06:00:00Z,22.4,7.64,0.0,95.0,0.68,,1.0
2024-06-17T07:00:00Z,22.6,7.42,0.0,73.0,0.64,,0.8
2024-06-17T08:00:00Z,22.8,6.89,0.0,70.0,0.62,,2.0
2024-06-17T09:00:00Z,22.9,6.65,0.0,64.0,0.58,,2.9
2024-06-17T10:00:00Z,22.9,4.9,0.0,52.0,0.52,,3.1
2024-06-17T11:00:00Z,22.9,4.76,0.0,4.0,0.48,,2.5
2024-06-17T12:00:00Z,22.7,4.72,0.0,0.0,0.42,,1.8
2024-06-17T13:00:00Z,22.6,4.11,0.0,0.0,0.38,,0.6
2024-06-17T14:00:00Z,22.4,3.8,0.0,0.0,0.36,,1.0
2024-06-17T15:00:00Z,22.3,3.47,0.0,18.0,0.32,,2.1
2024-06-17T16:00:00Z,22.2,2.79,0.0,57.0,0.3,,2.4
2024-06-17T17:00:00Z,22.1,2.44,0.0,3.0,0.28,,2.2
2024-06-17T18:00:00Z,22.0,2.28,0.0,0.0,0.26,,1.7
2024-06-17T19:00:00Z,22.0,2.16,0.0,0.0,0.26,,0.8
2024-06-17T20:00:00Z,22.0,2.22,0.0,9.0,0.24,,0.9
2024-06-17T21:00:00Z,22.0,2.51,0.0,26.0,0.24,,2.0
2024-06-17T22:00:00Z,21.9,2.21,0.0,13.0,0.24,,2.5
2024-06-17T23:00:00Z,22.1,3.45,0.0,3.0,0.22,,2.2
2024-06-18T00:00:00Z,22.2,4.34,0.0,0.0,0.22,,1.7
2024-06-18T01:00:00Z,22.3,4.53,0.0,0.0,0.24,,0.8
2024-06-18T02:00:00Z,22.4,5.13,0.0,0.0,0.28,,1.0
2024-06-18T03:00:00Z,22.6,5.76,0.0,0.0,0.3,,2.3
2024-06-18T04:00:00Z,22.7,6.29,0.0,5.0,0.34,,2.9
2024-06-18T05:00:00Z,22.8,6.54,0.0,1.0,0.38,,2.9
2024-06-18T06:00:00Z,22.9,6.96,0.0,0.0,0.42,,2.2
2024-06-18T07:00:00Z,23.0,7.04,0.0,0.0,0.44,,1.1
2024-06-18T08:00:00Z,23.0,7.09,0.0,0.0,0.48,,0.5
2024-06-18T09:00:00Z,22.9,7.55,0.0,3.0,0.5,,2.3
2024-06-18T10:00:00Z,23.2,6.66,0.0,3.0,0.52,,3.3
2024-06-18T11:00:00Z,23.0,7.34,0.0,3.0,0.52,,3.5
2024-06-18T12:00:00Z,22.9,7.93,0.0,28.0,0.54,,3.0
2024-06-18T13:00:00Z,22.8,8.29,0.0,70.0,0.58,,1.9
2024-06-18T14:00:00Z,22.7,8.67,0.0,100.0,0.62,,0.6
2024-06-18T15:00:00Z,22.7,8.8,0.1,100.0,0.66,,1.5
2024-06-18T16:00:00Z,22.4,8.63,0.9,100.0,0.66,,2.7
2024-06-18T17:00:00Z,22.3,8.75,1.9,100.0,0.68,,3.2
2024-06-18T18:00:00Z,22.5,8.8,2.3,100.0,0.68,,3.1
2024-06-18T19:00:00Z,22.7,8.35,2.1,100.0,0.66,,2.3
2024-06-18T20:00:00Z,22.9,8.5,1.7,100.0,0.64,,1.1
2024-06-18T21:00:00Z,23.1,8.64,1.1,100.0,0.62,,0.6
2024-06-18T22:00:00Z,23.5,7.05,0.6,100.0,0.6,,1.9
2024-06-18T23:00:00Z,23.7,5.59,0.6,100.0,0.56,,2.5
2024-06-19T00:00:00Z,23.8,4.88,0.6,100.0,0.54,0.87,2.2
2024-06-19T01:00:00Z,23.9,5.24,0.4,100.0,0.52,0.99,1.5
2024-06-19T02:00:00Z,24.0,5.89,0.2,100.0,0.48,0.84,0.7
2024-06-19T03:00:00Z,24.1,6.23,0.2,100.0,0.46,0.44,1.8
2024-06-19T04:00:00Z,24.1,6.2,0.8,100.0,0.44,-0.1,3.1
2024-06-19T05:00:00Z,24.2,6.0,0.6,100.0,0.42,-0.59,3.6
2024-06-19T06:00:00Z,24.4,6.0,0.6,100.0,0.4,-0.92,3.2
2024-06-19T07:00:00Z,24.5,6.2,3.6,100.0,0.4,-1.07,2.3
2024-06-19T08:00:00Z,24.6,5.9,4.1,100.0,0.38,-0.97,1.0
2024-06-19T09:00:00Z,24.7,5.69,4.4,100.0,0.38,-0.58,1.1
2024-06-19T10:00:00Z,24.3,5.02,3.4,100.0,0.44,0.0,3.1
2024-06-19T11:00:00Z,24.3,6.54,1.8,99.0,0.5,0.58,4.0
2024-06-19T12:00:00Z,24.3,8.01,0.8,99.0,0.56,1.09,3.8
2024-06-19T13:00:00Z,24.4,8.42,0.8,100.0,0.56,1.46,3.2
2024-06-19T14:00:00Z,24.4,8.61,1.1,100.0,0.56,1.56,2.0
2024-06-19T15:00:00Z,24.6,8.83,2.0,100.0,0.56,1.34,0.9
2024-06-19T16:00:00Z,24.5,8.53,3.1,100.0,0.56,0.88,2.1
2024-06-19T17:00:00Z,24.5,8.3,1.9,100.0,0.56,0.34,3.3
2024-06-19T18:00:00Z,24.5,7.8,0.8,100.0,0.56,-0.14,3.8
2024-06-19T19:00:00Z,24.4,7.9,6.0,100.0,0.5,-0.5,3.6
2024-06-19T20:00:00Z,24.3,8.26,3.0,99.0,0.46,-0.67,2.7
2024-06-19T21:00:00Z,24.4,8.35,2.4,100.0,0.4,-0.58,1.3
2024-06-19T22:00:00Z,24.6,8.76,2.8,100.0,0.42,-0.25,0.8
2024-06-19T23:00:00Z,24.7,8.1,4.7,100.0,0.44,0.16,2.2
2024-06-20T00:00:00Z,24.9,7.92,5.8,100.0,0.46,0.53,2.5
2024-06-20T01:00:00Z,25.0,8.22,9.1,100.0,0.46,0.81,2.0
2024-06-20T02:00:00Z,25.1,8.16,11.3,100.0,0.44,0.88,1.4
2024-06-20T03:00:00Z,25.0,7.77,13.5,100.0,0.44,0.67,1.0
2024-06-20T04:00:00Z,25.0,6.94,10.6,100.0,0.42,0.22,2.1
2024-06-20T05:00:00Z,24.8,5.23,5.0,100.0,0.38,-0.33,3.3
2024-06-20T06:00:00Z,24.7,4.75,1.6,98.0,0.36,-0.81,3.4
2024-06-20T07:00:00Z,24.7,4.46,0.5,97.0,0.36,-1.1,2.9
2024-06-20T08:00:00Z,24.7,4.64,0.1,89.0,0.36,-1.18,1.6
2024-06-20T09:00:00Z,24.7,4.77,0.1,84.0,0.36,-0.96,0.2
2024-06-20T10:00:00Z,24.6,4.74,0.3,98.0,0.32,-0.41,2.5
2024-06-20T11:00:00Z,24.7,4.61,0.1,76.0,0.3,0.3,4.5
2024-06-20T12:00:00Z,24.7,3.42,0.1,94.0,0.26,0.99,5.3
2024-06-20T13:00:00Z,24.8,2.73,0.0,98.0,0.24,1.55,4.7
2024-06-20T14:00:00Z,24.8,3.72,0.0,96.0,0.22,1.89,3.7
2024-06-20T15:00:00Z,24.9,4.22,0.0,100.0,0.2,1.91,1.9
2024-06-20T16:00:00Z,24.9,4.56,0.0,99.0,0.2,1.57,0.5
2024-06-20T17:00:00Z,24.9,4.8,0.0,100.0,0.2,1.01,2.3
2024-06-20T18:00:00Z,24.9,4.94,0.0,100.0,0.2,0.42,3.6
2024-06-20T19:00:00Z,24.7,5.06,0.2,100.0,0.18,-0.09,4.0
2024-06-20T20:00:00Z,24.6,4.67,0.2,100.0,0.18,-0.45,3.6
2024-06-20T21:00:00Z,24.5,4.04,0.1,99.0,0.16,-0.57,2.4
2024-06-20T22:00:00Z,24.4,3.4,0.1,97.0,0.14,-0.4,0.8
2024-06-20T23:00:00Z,24.4,2.42,0.1,100.0,0.14,0.01,1.7
2024-06-21T00:00:00Z,24.3,1.49,0.0,100.0,0.12,0.47,2.9
2024-06-21T01:00:00Z,24.4,1.94,0.0,100.0,0.12,0.86,2.9
2024-06-21T02:00:00Z,24.5,2.7,0.0,100.0,0.12,1.1,2.3
2024-06-21T03:00:00Z,24.7,1.03,0.0,100.0,0.12,1.09,1.1
2024-06-21T04:00:00Z,24.9,1.84,0.0,100.0,0.12,0.78,0.6
2024-06-21T05:00:00Z,25.1,1.3,0.0,100.0,0.1,0.26,2.0
2024-06-21T06:00:00Z,25.3,2.4,0.3,100.0,0.1,-0.3,3.1
2024-06-21T07:00:00Z,25.5,3.18,0.3,100.0,0.12,-0.75,3.1
2024-06-21T08:00:00Z,25.4,4.34,0.2,100.0,0.14,-1.0,2.4
2024-06-21T09:00:00Z,25.4,5.95,0.1,98.0,0.16,-1.01,1.3
2024-06-21T10:00:00Z,25.1,3.71,0.0,100.0,0.14,-0.69,1.2
2024-06-21T11:00:00Z,25.2,2.69,0.1,100.0,0.14,-0.06,3.4
2024-06-21T12:00:00Z,25.3,1.9,0.1,99.0,0.12,0.68,5.2
2024-06-21T13:00:00Z,25.3,2.89,0.0,100.0,0.18,1.37,5.6
2024-06-21T14:00:00Z,25.2,5.28,0.0,100.0,0.24,1.87,4.7
2024-06-21T15:00:00Z,25.2,5.58,0.0,100.0,0.3,2.1,3.2
2024-06-21T16:00:00Z,25.2,6.55,0.0,100.0,0.36,1.96,1.3
2024-06-21T17:00:00Z,25.2,7.0,0.0,100.0,0.4,1.49,1.5
2024-06-21T18:00:00Z,25.1,7.45,0.0,100.0,0.46,0.84,3.3
2024-06-21T19:00:00Z,25.1,7.68,0.0,96.0,0.48,0.18,4.3
2024-06-21T20:00:00Z,25.1,7.98,0.0,100.0,0.5,-0.36,4.5
2024-06-21T21:00:00Z,25.1,8.17,0.0,100.0,0.52,-0.71,3.8
2024-06-21T22:00:00Z,25.3,8.09,0.0,100.0,0.5,-0.79,2.3
2024-06-21T23:00:00Z,25.4,7.91,0.0,100.0,0.5,-0.52,0.2
2024-06-22T00:00:00Z,25.5,7.56,0.0,100.0,0.48,-0.03,2.4
2024-06-22T01:00:00Z,25.6,7.22,0.0,99.0,0.46,0.45,3.4
2024-06-22T02:00:00Z,25.7,6.89,0.0,100.0,0.46,0.81,3.2
2024-06-22T03:00:00Z,25.6,6.22,0.0,100.0,0.44,0.98,2.2
2024-06-22T04:00:00Z,25.7,5.74,0.0,100.0,0.4,0.88,0.8
2024-06-22T05:00:00Z,25.8,5.32,0.0,96.0,0.36,0.47,1.3
2024-06-22T06:00:00Z,26.0,5.24,0.0,100.0,0.32,-0.1,2.7
2024-06-22T07:00:00Z,26.3,4.34,0.0,100.0,0.28,-0.66,3.6
2024-06-22T08:00:00Z,26.5,4.14,0.0,100.0,0.26,-1.07,3.3
2024-06-22T09:00:00Z,26.3,4.36,0.0,100.0,0.22,-1.26,2.2
2024-06-22T10:00:00Z,25.5,1.7,0.0,100.0,0.2,-1.17,0.8
2024-06-22T11:00:00Z,25.4,0.36,0.1,100.0,0.18,-0.71,2.3
2024-06-22T12:00:00Z,25.6,2.2,0.2,100.0,0.16,0.05,4.7
2024-06-22T13:00:00Z,25.6,3.89,0.0,100.0,0.16,0.88,6.3
2024-06-22T14:00:00Z,25.6,4.92,0.0,100.0,0.18,1.57,6.3
2024-06-22T15:00:00Z,25.6,5.7,0.0,100.0,0.18,2.02,5.1
2024-06-22T16:00:00Z,25.7,6.94,0.0,100.0,0.18,2.16,3.1
2024-06-22T17:00:00Z,25.6,7.55,0.0,100.0,0.16,1.93,1.0
2024-06-22T18:00:00Z,25.5,7.71,0.3,100.0,0.16,1.4,1.9
2024-06-22T19:00:00Z,25.5,8.5,0.1,100.0,0.3,0.71,4.0
2024-06-22T20:00:00Z,25.6,8.93,0.1,100.0,0.42,0.03,4.9
2024-06-22T21:00:00Z,25.9,8.14,2.0,100.0,0.56,-0.5,4.5
2024-06-22T22:00:00Z,25.0,6.62,0.7,100.0,0.52,-0.8,3.4
2024-06-22T23:00:00Z,24.8,5.96,1.3,100.0,0.48,-0.78,1.5
2024-06-23T00:00:00Z,24.8,6.55,0.9,100.0,0.44,-0.4,1.1
2024-06-23T01:00:00Z,24.9,6.72,0.5,100.0,0.42,0.16,2.9
2024-06-23T02:00:00Z,25.0,6.11,0.8,100.0,0.4,0.65,3.5
2024-06-23T03:00:00Z,24.4,4.03,1.3,100.0,0.38,0.94,2.8
2024-06-23T04:00:00Z,23.8,4.32,2.3,100.0,0.38,1.0,1.4
2024-06-23T05:00:00Z,23.7,5.9,2.7,100.0,0.4,0.79,0.4
2024-06-23T06:00:00Z,23.7,5.82,2.2,100.0,0.4,0.33,1.8
2024-06-23T07:00:00Z,23.7,5.04,0.3,100.0,0.38,-0.25,3.2
2024-06-23T08:00:00Z,23.7,3.81,0.4,100.0,0.34,-0.77,3.8
2024-06-23T09:00:00Z,23.7,2.8,0.4,100.0,0.32,-1.12,3.3
2024-06-23T10:00:00Z,23.4,4.15,0.3,100.0,0.28,-1.23,2.1
2024-06-23T11:00:00Z,23.3,3.91,0.3,99.0,0.26,-1.03,0.7
2024-06-23T12:00:00Z,23.3,4.34,0.5,100.0,0.22,-0.49,2.6
2024-06-23T13:00:00Z,23.4,4.32,0.5,100.0,0.22,0.34,4.9
2024-06-23T14:00:00Z,23.4,3.68,0.8,100.0,0.22,1.16,6.0
2024-06-23T15:00:00Z,23.5,3.28,0.8,100.0,0.22,1.76,5.4
2024-06-23T16:00:00Z,23.5,2.15,1.4,100.0,0.2,2.1,3.8
2024-06-23T17:00:00Z,23.6,1.3,0.9,100.0,0.2,2.11,1.9
2024-06-23T18:00:00Z,23.6,1.98,0.7,100.0,0.18,1.77,1.0
2024-06-23T19:00:00Z,23.6,2.91,0.1,100.0,0.16,1.14,2.9
2024-06-23T20:00:00Z,23.5,2.64,0.4,99.0,0.16,0.42,4.5
2024-06-23T21:00:00Z,23.4,1.84,0.7,100.0,0.14,-0.23,5.0
2024-06-23T22:00:00Z,23.6,3.36,4.7,100.0,0.12,-0.71,4.5
2024-06-23T23:00:00Z,23.6,3.36,7.8,100.0,0.1,-0.91,3.1
2024-06-24T00:00:00Z,23.5,3.0,6.8,100.0,0.08,-0.77,0.9
2024-06-24T01:00:00Z,23.5,1.84,3.3,100.0,0.08,-0.29,1.8
2024-06-24T02:00:00Z,23.6,4.16,1.4,100.0,0.1,0.29,3.6
2024-06-24T03:00:00Z,23.6,4.39,0.8,100.0,0.1,0.75,3.8
2024-06-24T04:00:00Z,23.7,2.5,0.5,100.0,0.1,0.98,2.8
2024-06-24T05:00:00Z,23.7,3.67,0.4,100.0,0.08,0.96,1.4
2024-06-24T06:00:00Z,23.5,2.96,0.4,100.0,0.08,0.66,0.8
2024-06-24T07:00:00Z,23.4,0.94,0.8,100.0,0.1,0.14,2.2
2024-06-24T08:00:00Z,23.4,4.12,4.2,100.0,0.1,-0.45,3.2
2024-06-24T09:00:00Z,23.3,5.76,3.1,100.0,0.12,-0.93,3.4
2024-06-24T10:00:00Z,23.2,3.25,0.4,100.0,0.12,-1.22,2.7
2024-06-24T11:00:00Z,23.3,3.83,0.1,100.0,0.1,-1.23,1.1
2024-06-24T12:00:00Z,23.5,4.8,0.5,100.0,0.1,-0.9,1.3
2024-06-24T13:00:00Z,22.9,4.61,1.3,100.0,0.14,-0.22,3.8
2024-06-24T14:00:00Z,22.5,4.62,0.6,100.0,0.16,0.67,5.8
2024-06-24T15:00:00Z,22.5,5.09,0.1,100.0,0.2,1.44,6.4
2024-06-24T16:00:00Z,22.5,4.89,0.0,100.0,0.2,1.95,5.2
2024-06-24T17:00:00Z,22.4,4.61,0.0,100.0,0.18,2.16,3.4
2024-06-24T18:00:00Z,22.4,4.02,0.1,100.0,0.18,2.07,1.5
2024-06-24T19:00:00Z,22.5,2.64,0.5,100.0,0.18,1.66,1.5
2024-06-24T20:00:00Z,22.3,1.72,1.2,100.0,0.16,1.02,3.3
2024-06-24T21:00:00Z,22.0,1.34,2.1,100.0,0.16,0.34,4.3
2024-06-24T22:00:00Z,22.0,2.28,4.1,100.0,0.16,-0.24,4.5
2024-06-24T23:00:00Z,21.9,2.06,5.6,100.0,0.16,-0.61,3.8
2024-06-25T00:00:00Z,21.8,1.96,5.8,100.0,0.16,-0.73,2.2
2024-06-25T01:00:00Z,21.6,1.03,4.5,100.0,0.18,-0.48,0.7
2024-06-25T02:00:00Z,21.6,2.0,3.7,100.0,0.2,0.03,2.5
2024-06-25T03:00:00Z,21.6,3.1,4.0,100.0,0.22,0.57,4.0
2024-06-25T04:00:00Z,21.7,3.3,3.6,100.0,0.22,0.94,3.8
2024-06-25T05:00:00Z,21.8,3.26,3.0,99.0,0.22,1.1,2.5
2024-06-25T06:00:00Z,21.9,2.84,2.8,100.0,0.22,1.01,1.0
2024-06-25T07:00:00Z,21.9,2.52,1.3,100.0,0.26,0.68,0.8
2024-06-25T08:00:00Z,22.0,2.5,1.3,100.0,0.28,0.16,2.2
2024-06-25T09:00:00Z,22.1,2.7,0.9,100.0,0.32,-0.41,3.1
2024-06-25T10:00:00Z,22.5,3.32,0.7,100.0,0.3,-0.87,3.3
2024-06-25T11:00:00Z,22.6,4.28,0.5,100.0,0.3,-1.09,2.3
2024-06-25T12:00:00Z,22.6,3.42,0.3,100.0,0.28,-1.05,1.0
2024-06-25T13:00:00Z,22.7,3.64,0.6,100.0,0.28,-0.64,2.2
2024-06-25T14:00:00Z,22.7,4.31,0.8,100.0,0.28,0.06,4.5
2024-06-25T15:00:00Z,22.8,4.46,0.8,100.0,0.28,0.87,6.1
2024-06-25T16:00:00Z,22.9,4.57,0.8,100.0,0.26,1.52,6.3
2024-06-25T17:00:00Z,23.0,4.69,0.7,100.0,0.26,1.91,4.9
2024-06-25T18:00:00Z,23.1,5.34,0.6,100.0,0.24,2.01,3.1
2024-06-25T19:00:00Z,23.2,6.46,1.6,100.0,0.32,1.82,1.2
2024-06-25T20:00:00Z,23.3,7.17,1.3,100.0,0.4,1.34,1.4
2024-06-25T21:00:00Z,23.5,7.81,1.0,100.0,0.48,0.68,2.9
2024-06-25T22:00:00Z,22.9,5.81,0.6,100.0,0.48,0.02,3.8
2024-06-25T23:00:00Z,23.2,6.55,0.4,100.0,0.5,-0.49,3.6
2024-06-26T00:00:00Z,23.4,6.41,0.3,100.0,0.5,-0.79,2.7
2024-06-26T01:00:00Z,23.6,5.76,0.4,100.0,0.5,-0.8,0.9
2024-06-26T02:00:00Z,23.7,5.23,1.5,100.0,0.5,-0.48,1.3
2024-06-26T03:00:00Z,23.9,5.32,0.7,100.0,0.5,0.05,3.3
2024-06-26T04:00:00Z,23.9,5.35,0.8,100.0,0.48,0.55,4.2
2024-06-26T05:00:00Z,23.9,4.97,0.2,100.0,0.46,0.86,3.7
2024-06-26T06:00:00Z,24.0,3.76,0.3,100.0,0.44,0.96,2.3
2024-06-26T07:00:00Z,24.0,3.71,2.7,100.0,0.42,0.82,1.0
2024-06-26T08:00:00Z,23.9,4.0,1.6,100.0,0.4,0.46,1.3
2024-06-26T09:00:00Z,23.9,4.19,1.3,100.0,0.38,-0.06,2.5
2024-06-26T10:00:00Z,24.1,3.16,1.7,100.0,0.34,-0.6,3.2
2024-06-26T11:00:00Z,24.0,3.48,1.9,100.0,0.32,-1.0,3.1
2024-06-26T12:00:00Z,24.1,4.96,2.4,100.0,0.28,-1.17,1.9
2024-06-26T13:00:00Z,24.2,5.75,1.8,100.0,0.34,-1.03,0.4
2024-06-26T14:00:00Z,24.4,6.53,0.9,100.0,0.38,-0.56,2.5
2024-06-26T15:00:00Z,24.7,6.9,0.4,100.0,0.44,0.18,4.7
2024-06-26T16:00:00Z,24.9,8.18,0.4,100.0,0.48,0.96,6.0
2024-06-26T17:00:00Z,25.0,8.77,0.6,100.0,0.5,1.55,5.5
2024-06-26T18:00:00Z,25.1,9.17,1.1,100.0,0.54,1.86,4.1
2024-06-26T19:00:00Z,24.9,8.75,1.4,100.0,0.52,1.9,2.1
2024-06-26T20:00:00Z,24.5,7.52,1.7,100.0,0.5,1.63,1.0
2024-06-26T21:00:00Z,24.1,6.44,2.3,100.0,0.48,1.1,2.6
2024-06-26T22:00:00Z,23.9,5.11,2.7,100.0,0.44,0.43,4.1
2024-06-26T23:00:00Z,23.8,4.7,2.4,100.0,0.38,-0.21,4.9
2024-06-27T00:00:00Z,23.9,4.91,1.7,100.0,0.34,-0.68,4.5
2024-06-27T01:00:00Z,24.0,4.33,1.5,100.0,0.34,-0.9,3.3
2024-06-27T02:00:00Z,24.0,3.55,1.7,100.0,0.32,-0.84,1.5
2024-06-27T03:00:00Z,24.0,3.98,2.1,100.0,0.32,-0.47,0.9
2024-06-27T04:00:00Z,23.8,4.12,2.6,100.0,0.34,0.08,2.8
2024-06-27T05:00:00Z,23.6,4.71,2.8,100.0,0.36,0.55,3.4
2024-06-27T06:00:00Z,23.4,4.75,2.8,100.0,0.38,0.82,2.7
2024-06-27T07:00:00Z,23.3,4.12,1.9,100.0,0.36,0.89,1.5
2024-06-27T08:00:00Z,23.3,3.1,1.4,100.0,0.32,0.76,0.9
2024-06-27T09:00:00Z,23.4,2.42,1.2,100.0,0.3,0.42,1.7
2024-06-27T10:00:00Z,23.7,2.5,1.2,100.0,0.26,-0.06,2.9
2024-06-27T11:00:00Z,23.7,1.78,1.2,100.0,0.2,-0.53,3.3
2024-06-27T12:00:00Z,23.7,2.16,1.3,100.0,0.16,-0.84,2.9
2024-06-27T13:00:00Z,23.7,2.83,1.7,100.0,0.16,-0.92,1.7
2024-06-27T14:00:00Z,23.7,3.63,2.2,100.0,0.18,-0.73,0.6
2024-06-27T15:00:00Z,23.7,4.05,2.3,100.0,0.18,-0.26,2.4
2024-06-27T16:00:00Z,23.7,4.38,2.4,100.0,0.2,0.44,4.1
2024-06-27T17:00:00Z,23.7,4.0,2.2,100.0,0.22,1.12,4.9
2024-06-27T18:00:00Z,23.8,3.34,1.9,100.0,0.24,1.58,4.4
2024-06-27T19:00:00Z,23.8,2.86,0.9,100.0,0.24,1.79,2.8
2024-06-27T20:00:00Z,23.8,2.57,1.0,100.0,0.24,1.75,1.0
2024-06-27T21:00:00Z,23.8,2.25,0.8,100.0,0.24,1.43,1.4
2024-06-27T22:00:00Z,23.9,2.55,0.6,100.0,0.2,0.88,3.1
2024-06-27T23:00:00Z,23.8,1.73,0.6,100.0,0.18,0.24,4.4
2024-06-28T00:00:00Z,24.2,2.01,0.8,100.0,0.14,-0.33,4.8
2024-06-28T01:00:00Z,24.2,1.17,1.0,100.0,0.14,-0.69,3.9
2024-06-28T02:00:00Z,23.9,1.52,0.8,100.0,0.12,-0.84,2.3
2024-06-28T03:00:00Z,23.9,2.77,0.4,100.0,0.12,-0.71,0.9
2024-06-28T04:00:00Z,24.0,2.86,0.1,100.0,0.12,-0.31,2.1
2024-06-28T05:00:00Z,24.3,3.36,0.1,100.0,0.14,0.23,3.6
2024-06-28T06:00:00Z,24.3,4.6,0.5,100.0,0.14,0.67,4.0
2024-06-28T07:00:00Z,24.2,5.3,0.9,100.0,0.16,0.92,3.3
2024-06-28T08:00:00Z,24.2,5.46,0.9,100.0,0.16,1.0,2.2
2024-06-28T09:00:00Z,24.1,5.89,1.0,100.0,0.18,0.89,1.0
2024-06-28T10:00:00Z,24.1,4.94,0.7,100.0,0.2,0.55,1.2
2024-06-28T11:00:00Z,24.2,5.14,0.5,100.0,0.24,0.11,2.2
2024-06-28T12:00:00Z,24.4,6.3,0.4,100.0,0.26,-0.31,2.7
2024-06-28T13:00:00Z,24.9,6.73,0.4,100.0,0.34,-0.58,2.4
2024-06-28T14:00:00Z,25.4,7.52,0.5,100.0,0.44,-0.65,1.3
2024-06-28T15:00:00Z,25.6,7.97,0.6,100.0,0.52,-0.5,0.2
2024-06-28T16:00:00Z,25.6,9.54,0.3,100.0,0.64,-0.09,1.6
2024-06-28T17:00:00Z,25.7,10.43,0.1,100.0,0.76,0.49,3.3
2024-06-28T18:00:00Z,25.7,10.8,0.2,100.0,0.88,1.03,3.9
2024-06-28T19:00:00Z,25.7,10.61,0.5,100.0,0.92,1.37,3.4
2024-06-28T20:00:00Z,25.7,10.32,0.2,100.0,0.94,1.51,2.2
2024-06-28T21:00:00Z,25.6,10.55,0.0,100.0,0.98,1.43,1.3
2024-06-28T22:00:00Z,25.7,10.47,0.0,94.0,0.86,1.1,1.9
2024-06-28T23:00:00Z,25.8,9.32,0.0,100.0,0.74,0.57,3.3
2024-06-29T00:00:00Z,25.8,9.16,0.0,100.0,0.62,-0.02,4.3
2024-06-29T01:00:00Z,25.7,9.51,0.0,100.0,0.62,-0.54,4.3
2024-06-29T02:00:00Z,25.8,9.4,0.0,100.0,0.64,-0.88,3.8
2024-06-29T03:00:00Z,25.9,9.2,0.0,100.0,0.64,-1.0,2.3
2024-06-29T04:00:00Z,26.1,9.1,0.0,100.0,0.64,-0.87,0.6
2024-06-29T05:00:00Z,26.2,9.1,0.0,100.0,0.64,-0.45,1.5
2024-06-29T06:00:00Z,26.4,9.5,0.0,100.0,0.64,0.07,3.2
2024-06-29T07:00:00Z,26.5,9.7,0.0,100.0,0.66,0.5,3.6
2024-06-29T08:00:00Z,26.6,9.6,0.0,100.0,0.66,0.77,3.2
2024-06-29T09:00:00Z,26.6,10.2,0.0,100.0,0.68,0.88,2.2
2024-06-29T10:00:00Z,26.7,9.11,0.0,100.0,0.72,0.78,1.3
2024-06-29T11:00:00Z,26.7,9.62,0.0,100.0,0.74,0.48,1.5
2024-06-29T12:00:00Z,26.5,9.52,0.0,100.0,0.78,0.05,2.5
2024-06-29T13:00:00Z,26.4,10.42,0.0,100.0,0.82,-0.36,2.9
2024-06-29T14:00:00Z,26.3,10.21,0.0,100.0,0.86,-0.63,2.7
2024-06-29T15:00:00Z,26.0,10.6,0.0,100.0,0.9,-0.72,1.8
2024-06-29T16:00:00Z,25.8,11.4,0.0,97.0,0.9,-0.6,0.5
2024-06-29T17:00:00Z,25.7,11.26,0.0,98.0,0.92,-0.26,1.1
2024-06-29T18:00:00Z,25.7,10.69,0.0,100.0,0.92,0.25,2.6
2024-06-29T19:00:00Z,25.6,9.96,0.0,100.0,0.88,0.71,3.2
2024-06-29T20:00:00Z,25.5,9.18,0.0,100.0,0.86,1.02,2.9
2024-06-29T21:00:00Z,25.5,8.77,0.0,99.0,0.82,1.16,1.8
2024-06-29T22:00:00Z,25.5,6.84,0.0,99.0,0.72,1.1,1.1
2024-06-29T23:00:00Z,25.5,5.97,0.0,98.0,0.64,0.8,1.6
2024-06-30T00:00:00Z,25.6,5.32,0.0,97.0,0.54,0.33,2.9
2024-06-30T01:00:00Z,25.6,5.04,0.1,100.0,0.48,-0.19,3.6
2024-06-30T02:00:00Z,25.5,4.47,0.1,100.0,0.4,-0.62,3.6
2024-06-30T03:00:00Z,25.4,4.1,0.1,100.0,0.34,-0.89,2.9
2024-06-30T04:00:00Z,25.5,4.18,0.0,100.0,0.3,-0.98,1.7
2024-06-30T05:00:00Z,25.7,3.96,0.0,100.0,0.24,-0.8,0.7
2024-06-30T06:00:00Z,26.0,3.2,0.1,100.0,0.2,-0.35,2.2
2024-06-30T07:00:00Z,26.1,2.6,0.3,100.0,0.2,0.19,3.8
2024-06-30T08:00:00Z,26.2,3.69,0.4,100.0,0.18,0.65,4.3
2024-06-30T09:00:00Z,25.8,4.23,0.4,100.0,0.18,0.99,4.0
2024-06-30T10:00:00Z,26.3,2.32,0.4,100.0,0.18,1.19,3.1
2024-06-30T11:00:00Z,26.3,3.61,0.3,100.0,0.16,1.17,1.8
2024-06-30T12:00:00Z,26.1,4.85,0.4,100.0,0.16,0.9,0.4
2024-06-30T13:00:00Z,25.9,5.87,0.3,100.0,0.18,0.51,1.1
2024-06-30T14:00:00Z,25.9,6.39,0.2,100.0,0.22,0.11,1.9
2024-06-30T15:00:00Z,25.8,5.63,0.1,100.0,0.24,-0.17,1.9
2024-06-30T16:00:00Z,25.8,5.12,0.2,100.0,0.24,-0.31,1.1
2024-06-30T17:00:00Z,25.8,4.04,0.2,99.0,0.22,-0.28,0.6
2024-06-30T18:00:00Z,25.8,4.02,0.3,100.0,0.22,-0.02,1.3
2024-06-30T19:00:00Z,25.8,4.49,0.3,100.0,0.2,0.4,2.7
2024-06-30T20:00:00Z,25.7,5.37,0.3,100.0,0.2,0.79,3.4
2024-06-30T21:00:00Z,25.8,6.16,0.9,100.0,0.18,1.04,3.1
2024-06-30T22:00:00Z,26.1,4.4,0.9,100.0,0.18,1.17,2.2
2024-06-30T23:00:00Z,26.2,4.0,1.2,100.0,0.18,1.1,0.8
2024-07-01T00:00:00Z,26.2,3.85,1.0,100.0,0.18,0.8,0.8
2024-07-01T01:00:00Z,26.2,2.83,0.8,100.0,0.18,0.32,2.0
2024-07-01T02:00:00Z,26.3,1.86,0.5,100.0,0.18,-0.2,2.7
2024-07-01T03:00:00Z,26.3,1.78,0.2,100.0,0.18,-0.62,2.7
2024-07-01T04:00:00Z,26.5,2.55,0.0,100.0,0.16,-0.88,2.0
2024-07-01T05:00:00Z,26.6,3.02,0.0,99.0,0.16,-0.96,1.0
2024-07-01T06:00:00Z,26.9,4.14,0.0,99.0,0.14,-0.78,1.0
2024-07-01T07:00:00Z,26.9,4.76,0.0,100.0,0.14,-0.35,2.9
2024-07-01T08:00:00Z,26.9,5.19,0.0,100.0,0.16,0.17,4.5
2024-07-01T09:00:00Z,26.9,5.85,0.0,100.0,0.16,0.65,4.9
2024-07-01T10:00:00Z,26.5,4.66,0.0,100.0,0.16,1.03,4.6
2024-07-01T11:00:00Z,26.6,4.48,0.2,100.0,0.16,1.26,3.6
2024-07-01T12:00:00Z,26.5,4.61,0.1,100.0,0.16,1.26,2.3
2024-07-01T13:00:00Z,26.5,5.83,0.0,100.0,0.26,1.01,0.8
2024-07-01T14:00:00Z,26.5,7.53,0.0,99.0,0.38,0.6,1.0
2024-07-01T15:00:00Z,26.4,9.07,0.0,100.0,0.48,0.18,2.0
2024-07-01T16:00:00Z,26.5,10.52,0.0,96.0,0.66,-0.17,2.4
2024-07-01T17:00:00Z,26.5,11.29,0.0,86.0,0.82,-0.41,2.2
2024-07-01T18:00:00Z,26.6,12.05,0.0,83.0,1.0,-0.48,1.5
2024-07-01T19:00:00Z,26.6,12.45,0.0,100.0,1.12,-0.31,0.5
2024-07-01T20:00:00Z,26.6,12.9,0.0,100.0,1.24,0.02,1.7
2024-07-01T21:00:00Z,26.6,13.2,0.0,100.0,1.36,0.35,2.5
2024-07-01T22:00:00Z,26.9,12.57,0.0,100.0,1.36,0.62,2.2
2024-07-01T23:00:00Z,26.9,12.53,0.0,100.0,1.34,0.79,1.7
2024-07-02T00:00:00Z,27.0,12.48,0.0,100.0,1.34,0.76,1.3
2024-07-02T01:00:00Z,27.1,11.78,0.0,100.0,1.26,0.48,1.7
2024-07-02T02:00:00Z,27.3,11.16,0.0,100.0,1.18,0.02,2.8
2024-07-02T03:00:00Z,27.6,10.65,0.0,100.0,1.1,-0.49,3.4
2024-07-02T04:00:00Z,27.7,10.37,0.0,100.0,1.04,-0.9,3.4
2024-07-02T05:00:00Z,27.7,10.36,0.0,100.0,0.96,-1.17,2.9
2024-07-02T06:00:00Z,27.7,10.44,0.0,99.0,0.9,-1.25,1.8
2024-07-02T07:00:00Z,27.6,10.34,0.0,100.0,0.88,-1.05,0.4
2024-07-02T08:00:00Z,27.6,10.08,0.0,100.0,0.88,-0.58,2.1
2024-07-02T09:00:00Z,27.4,9.83,0.0,99.0,0.86,-0.01,3.9
2024-07-02T10:00:00Z,27.4,8.71,0.0,98.0,0.84,0.54,4.5
2024-07-02T11:00:00Z,27.3,8.1,0.0,90.0,0.82,1.03,4.3
2024-07-02T12:00:00Z,27.1,7.86,0.0,94.0,0.8,1.37,3.5
2024-07-02T13:00:00Z,27.1,7.43,0.0,95.0,0.74,1.42,2.1
2024-07-02T14:00:00Z,26.9,6.83,0.0,98.0,0.7,1.17,0.7
2024-07-02T15:00:00Z,26.7,5.8,0.0,99.0,0.64,0.73,1.5
2024-07-02T16:00:00Z,26.5,4.43,0.0,100.0,0.56,0.28,2.5
2024-07-02T17:00:00Z,26.0,2.6,0.0,99.0,0.46,-0.13,2.9
2024-07-02T18:00:00Z,25.6,0.87,0.0,96.0,0.38,-0.43,2.7
2024-07-02T19:00:00Z,25.4,0.84,0.0,96.0,0.34,-0.54,1.8
2024-07-02T20:00:00Z,25.3,1.31,0.0,96.0,0.28,-0.4,0.3
2024-07-02T21:00:00Z,25.2,0.78,0.0,92.0,0.24,-0.08,1.5
2024-07-02T22:00:00Z,25.4,0.3,0.0,70.0,0.22,0.28,2.4
2024-07-02T23:00:00Z,25.3,1.2,0.0,26.0,0.18,0.61,2.4
2024-07-03T00:00:00Z,25.4,1.73,0.0,22.0,0.16,0.84,1.8
2024-07-03T01:00:00Z,25.7,1.92,0.0,1.0,0.16,0.86,0.9
2024-07-03T02:00:00Z,26.0,2.37,0.0,0.0,0.16,0.59,0.5
2024-07-03T03:00:00Z,26.2,2.76,0.0,1.0,0.16,0.13,1.8
2024-07-03T04:00:00Z,26.6,3.22,0.0,2.0,0.16,-0.36,2.6
2024-07-03T05:00:00Z,27.0,3.54,0.0,12.0,0.14,-0.75,2.6
2024-07-03T06:00:00Z,27.2,3.58,0.0,19.0,0.14,-1.01,2.1
2024-07-03T07:00:00Z,27.4,4.02,0.0,28.0,0.16,-1.07,1.2
2024-07-03T08:00:00Z,27.3,4.13,0.0,44.0,0.16,-0.83,1.2
2024-07-03T09:00:00Z,27.2,4.7,0.0,39.0,0.18,-0.31,3.2
2024-07-03T10:00:00Z,27.7,4.62,0.0,33.0,0.18,0.32,5.0
2024-07-03T11:00:00Z,27.5,4.37,0.0,56.0,0.18,0.97,5.6
2024-07-03T12:00:00Z,27.4,4.68,0.0,73.0,0.18,1.54,5.4
2024-07-03T13:00:00Z,27.4,5.11,0.0,36.0,0.18,1.9,4.4
2024-07-03T14:00:00Z,27.3,6.15,0.0,38.0,0.18,1.91,2.5
2024-07-03T15:00:00Z,27.4,6.82,0.0,15.0,0.18,1.59,0.5
2024-07-03T16:00:00Z,27.4,7.2,0.0,14.0,0.18,1.08,1.1
2024-07-03T17:00:00Z,27.3,7.46,0.0,19.0,0.2,0.53,2.3
2024-07-03T18:00:00Z,27.3,7.42,0.0,13.0,0.2,0.03,3.1
2024-07-03T19:00:00Z,27.2,7.41,0.0,18.0,0.26,-0.38,3.1
2024-07-03T20:00:00Z,27.1,7.41,0.0,10.0,0.32,-0.56,2.2
2024-07-03T21:00:00Z,27.0,7.31,0.0,3.0,0.38,-0.45,0.5
2024-07-03T22:00:00Z,27.2,6.04,0.0,2.0,0.36,-0.13,1.3
2024-07-03T23:00:00Z,27.2,6.32,0.0,1.0,0.36,0.25,2.3
2024-07-04T00:00:00Z,27.3,6.64,0.0,0.0,0.34,0.61,2.4
2024-07-04T01:00:00Z,27.4,6.58,0.0,0.0,0.34,0.85,1.8
2024-07-04T02:00:00Z,27.6,6.15,0.0,0.0,0.32,0.82,0.6
2024-07-04T03:00:00Z,27.9,5.81,0.0,0.0,0.32,0.49,1.1
2024-07-04T04:00:00Z,28.1,5.75,0.0,0.0,0.28,-0.02,2.5
2024-07-04T05:00:00Z,28.2,5.55,0.0,4.0,0.26,-0.55,3.2
2024-07-04T06:00:00Z,28.3,5.17,0.0,7.0,0.22,-0.99,3.4
2024-07-04T07:00:00Z,28.3,5.43,0.0,8.0,0.26,-1.27,2.9
2024-07-04T08:00:00Z,28.1,6.35,0.0,7.0,0.3,-1.33,1.7
2024-07-04T09:00:00Z,28.0,7.24,0.0,5.0,0.34,-1.06,0.6
2024-07-04T10:00:00Z,28.3,7.72,0.0,9.0,0.4,-0.51,2.9
2024-07-04T11:00:00Z,28.2,7.16,0.0,1.0,0.46,0.18,4.6
2024-07-04T12:00:00Z,28.2,7.01,0.0,4.0,0.52,0.88,5.3
2024-07-04T13:00:00Z,28.3,7.0,0.0,3.0,0.52,1.46,4.8
2024-07-04T14:00:00Z,28.3,7.2,0.0,0.0,0.54,1.78,3.6
2024-07-04T15:00:00Z,28.2,7.12,0.0,2.0,0.54,1.72,1.8
2024-07-04T16:00:00Z,28.1,6.9,0.0,5.0,0.5,1.34,1.2
2024-07-04T17:00:00Z,28.0,6.76,0.0,3.0,0.48,0.78,2.8
2024-07-04T18:00:00Z,27.9,6.65,0.0,1.0,0.44,0.2,3.8
2024-07-04T19:00:00Z,27.7,6.38,0.0,2.0,0.4,-0.32,4.4
2024-07-04T20:00:00Z,27.7,5.97,0.0,2.0,0.34,-0.71,4.0
2024-07-04T21:00:00Z,27.5,5.68,0.0,2.0,0.3,-0.84,2.5
2024-07-04T22:00:00Z,27.6,5.37,0.0,0.0,0.28,-0.66,0.4
2024-07-04T23:00:00Z,27.6,4.93,0.0,0.0,0.24,-0.25,1.7
2024-07-05T00:00:00Z,27.5,4.74,0.0,0.0,0.22,0.24,3.0
2024-07-05T01:00:00Z,27.6,4.76,0.0,0.0,0.22,0.69,3.0
2024-07-05T02:00:00Z,27.8,4.75,0.0,0.0,0.2,0.97,2.5
2024-07-05T03:00:00Z,28.0,5.15,0.0,0.0,0.2,0.96,1.3
2024-07-05T04:00:00Z,28.2,5.98,0.0,0.0,0.2,0.63,0.8
2024-07-05T05:00:00Z,28.2,6.81,0.0,0.0,0.22,0.14,2.0
2024-07-05T06:00:00Z,28.2,7.27,0.0,2.0,0.22,-0.37,2.7
2024-07-05T07:00:00Z,28.2,7.43,0.0,3.0,0.32,-0.77,2.7
2024-07-05T08:00:00Z,28.1,7.81,0.0,9.0,0.4,-1.02,2.2
2024-07-05T09:00:00Z,28.0,8.51,0.0,9.0,0.5,-1.02,1.0
2024-07-05T10:00:00Z,28.2,8.36,0.0,9.0,0.58,-0.67,1.1
2024-07-05T11:00:00Z,28.1,9.21,0.0,1.0,0.64,-0.04,3.4
2024-07-05T12:00:00Z,28.0,9.96,0.0,4.0,0.72,0.71,5.1
2024-07-05T13:00:00Z,27.9,10.28,0.0,3.0,0.8,1.41,5.3
2024-07-05T14:00:00Z,27.9,10.63,0.0,4.0,0.9,1.95,4.4
2024-07-05T15:00:00Z,27.8,11.05,0.0,3.0,0.98,2.16,2.7
2024-07-05T16:00:00Z,27.7,11.35,0.0,22.0,0.98,1.97,1.0
2024-07-05T17:00:00Z,27.6,11.06,0.0,87.0,1.0,1.45,2.1
2024-07-05T18:00:00Z,27.5,10.47,0.0,100.0,1.0,0.79,4.0
2024-07-05T19:00:00Z,27.4,10.76,0.0,99.0,1.0,0.14,4.9
2024-07-05T20:00:00Z,27.4,11.1,0.0,100.0,1.0,-0.45,5.1
2024-07-05T21:00:00Z,27.3,10.75,0.0,87.0,1.0,-0.85,4.5
2024-07-05T22:00:00Z,27.5,9.4,0.0,67.0,0.92,-0.94,2.9
2024-07-05T23:00:00Z,27.5,8.72,0.0,51.0,0.84,-0.69,0.6
2024-07-06T00:00:00Z,27.5,8.41,0.0,11.0,0.76,-0.25,1.9
2024-07-06T01:00:00Z,27.7,8.35,0.0,14.0,0.7,0.25,2.7
2024-07-06T02:00:00Z,27.9,8.46,0.0,23.0,0.66,0.68,2.8
2024-07-06T03:00:00Z,28.1,8.27,0.0,52.0,0.6,0.89,2.2
2024-07-06T04:00:00Z,28.3,8.25,0.0,60.0,0.58,0.78,1.3
2024-07-06T05:00:00Z,28.5,8.49,0.0,65.0,0.54,0.36,1.5
2024-07-06T06:00:00Z,28.5,8.72,0.0,58.0,0.52,-0.2,2.8
2024-07-06T07:00:00Z,28.6,8.83,0.0,56.0,0.56,-0.74,3.5
2024-07-06T08:00:00Z,28.5,8.79,0.0,45.0,0.58,-1.15,3.4
2024-07-06T09:00:00Z,28.5,9.09,0.0,53.0,0.62,-1.39,2.7
2024-07-06T10:00:00Z,28.4,8.06,0.0,61.0,0.62,-1.33,1.1
2024-07-06T11:00:00Z,28.3,8.43,0.0,83.0,0.62,-0.87,1.4
2024-07-06T12:00:00Z,28.1,9.03,0.0,100.0,0.62,-0.15,4.0
2024-07-06T13:00:00Z,28.0,9.2,0.0,99.0,0.68,0.65,5.3
2024-07-06T14:00:00Z,28.0,9.26,0.0,92.0,0.72,1.36,5.2
2024-07-06T15:00:00Z,28.0,9.45,0.0,91.0,0.78,1.84,4.1
2024-07-06T16:00:00Z,27.9,9.75,0.0,89.0,0.78,1.97,2.4
2024-07-06T17:00:00Z,27.8,9.61,0.0,94.0,0.8,1.7,0.9
2024-07-06T18:00:00Z,27.7,9.23,0.0,88.0,0.8,1.15,2.4
2024-07-06T19:00:00Z,27.6,8.8,0.0,88.0,0.74,0.5,4.0
2024-07-06T20:00:00Z,27.6,8.68,0.0,86.0,0.66,-0.12,4.7
2024-07-06T21:00:00Z,27.5,8.47,0.0,34.0,0.6,-0.63,4.5
2024-07-06T22:00:00Z,27.7,7.42,0.0,94.0,0.58,-0.91,3.4
2024-07-06T23:00:00Z,27.7,7.05,0.0,87.0,0.54,-0.84,1.5
2024-07-07T00:00:00Z,27.7,7.03,0.0,76.0,0.52,-0.45,1.2
2024-07-07T01:00:00Z,27.8,6.73,0.0,87.0,0.48,0.08,3.1
2024-07-07T02:00:00Z,28.0,6.37,0.0,48.0,0.46,0.59,3.6
2024-07-07T03:00:00Z,28.2,6.3,0.0,69.0,0.42,0.97,3.4
2024-07-07T04:00:00Z,28.3,6.43,0.0,90.0,0.4,1.07,2.3
2024-07-07T05:00:00Z,28.4,6.84,0.0,99.0,0.4,0.85,1.3
2024-07-07T06:00:00Z,28.3,7.32,0.0,100.0,0.38,0.38,1.9
2024-07-07T07:00:00Z,28.3,7.86,0.0,100.0,0.44,-0.21,3.1
2024-07-07T08:00:00Z,28.2,8.37,0.0,100.0,0.48,-0.74,3.6
2024-07-07T09:00:00Z,28.2,8.9,0.0,100.0,0.54,-1.12,3.4
2024-07-07T10:00:00Z,28.5,8.03,0.0,100.0,0.56,-1.27,2.4
2024-07-07T11:00:00Z,28.6,8.04,0.0,100.0,0.58,-1.08,0.5
2024-07-07T12:00:00Z,28.5,8.54,0.0,100.0,0.6,-0.51,2.3
2024-07-07T13:00:00Z,28.4,9.27,0.0,99.0,0.68,0.26,4.3
2024-07-07T14:00:00Z,28.2,9.68,0.0,97.0,0.76,1.04,5.3
2024-07-07T15:00:00Z,28.0,10.0,0.0,99.0,0.84,1.65,4.8
2024-07-07T16:00:00Z,27.9,9.95,0.0,96.0,0.84,2.0,3.4
2024-07-07T17:00:00Z,27.8,9.91,0.0,88.0,0.86,1.98,1.7
2024-07-07T18:00:00Z,27.7,9.64,0.0,80.0,0.86,1.59,1.4
2024-07-07T19:00:00Z,27.6,8.81,0.0,11.0,0.8,0.95,3.3
2024-07-07T20:00:00Z,27.6,8.35,0.0,57.0,0.74,0.28,4.5
2024-07-07T21:00:00Z,27.5,8.43,0.0,92.0,0.68,-0.32,4.9
2024-07-07T22:00:00Z,27.7,7.38,0.0,99.0,0.62,-0.76,4.5
2024-07-07T23:00:00Z,27.7,7.7,0.0,100.0,0.54,-0.94,3.1
2024-07-08T00:00:00Z,27.7,7.5,0.0,100.0,0.48,-0.76,0.9
2024-07-08T01:00:00Z,27.9,7.11,0.0,95.0,0.46,-0.3,1.6
2024-07-08T02:00:00Z,28.1,6.7,0.0,90.0,0.44,0.22,3.1
2024-07-08T03:00:00Z,28.3,6.8,0.0,92.0,0.42,0.65,3.3
2024-07-08T04:00:00Z,28.4,6.93,0.0,100.0,0.4,0.92,2.6
2024-07-08T05:00:00Z,28.5,6.37,0.0,100.0,0.38,0.91,1.7
2024-07-08T06:00:00Z,28.6,6.49,0.0,100.0,0.36,0.59,1.5
2024-07-08T07:00:00Z,28.5,7.25,0.0,100.0,0.4,0.05,2.7
2024-07-08T08:00:00Z,28.5,7.85,0.0,100.0,0.44,-0.52,3.5
2024-07-08T09:00:00Z,28.6,8.49,0.0,100.0,0.48,-0.99,3.6
2024-07-08T10:00:00Z,28.6,6.87,0.0,100.0,0.5,-1.27,2.9
2024-07-08T11:00:00Z,28.6,7.08,0.0,99.0,0.52,-1.28,1.5
2024-07-08T12:00:00Z,28.5,8.08,0.0,74.0,0.54,-0.92,0.9
2024-07-08T13:00:00Z,28.4,9.01,0.0,23.0,0.62,-0.23,3.4
2024-07-08T14:00:00Z,28.4,9.0,0.0,37.0,0.68,0.57,5.2
2024-07-08T15:00:00Z,28.3,9.35,0.0,12.0,0.76,1.28,5.4
2024-07-08T16:00:00Z,28.2,9.74,0.0,27.0,0.74,1.78,4.6
2024-07-08T17:00:00Z,28.0,9.36,0.0,73.0,0.7,1.98,2.9
2024-07-08T18:00:00Z,27.8,8.57,0.0,42.0,0.68,1.82,1.1
2024-07-08T19:00:00Z,27.7,7.59,0.0,83.0,0.66,1.33,2.2
2024-07-08T20:00:00Z,27.6,8.16,0.0,100.0,0.62,0.68,3.8
2024-07-08T21:00:00Z,27.5,8.95,0.0,100.0,0.6,0.02,4.7
2024-07-08T22:00:00Z,27.4,8.31,0.0,100.0,0.62,-0.51,4.7
2024-07-08T23:00:00Z,27.4,8.66,0.0,100.0,0.62,-0.83,3.6
2024-07-09T00:00:00Z,27.4,8.87,0.0,100.0,0.64,-0.85,2.0
2024-07-09T01:00:00Z,27.6,8.91,0.0,100.0,0.64,-0.52,0.4
2024-07-09T02:00:00Z,27.9,8.72,0.0,100.0,0.62,-0.01,2.4
2024-07-09T03:00:00Z,28.2,7.91,0.0,100.0,0.62,0.48,3.4
2024-07-09T04:00:00Z,28.4,7.38,0.0,100.0,0.56,0.81,3.0
2024-07-09T05:00:00Z,28.5,7.36,0.0,100.0,0.48,0.95,2.1
2024-07-09T06:00:00Z,28.7,7.55,0.0,100.0,0.42,0.81,1.3
2024-07-09T07:00:00Z,28.7,7.71,0.0,100.0,0.42,0.41,1.9
2024-07-09T08:00:00Z,28.5,7.81,0.0,98.0,0.4,-0.14,3.1
2024-07-09T09:00:00Z,28.4,8.32,0.0,99.0,0.4,-0.69,3.8
2024-07-09T10:00:00Z,28.3,7.76,0.0,99.0,0.48,-1.07,3.4
2024-07-09T11:00:00Z,28.3,8.01,0.0,98.0,0.56,-1.23,2.3
2024-07-09T12:00:00Z,28.3,7.66,0.0,84.0,0.64,-1.09,0.6
2024-07-09T13:00:00Z,28.3,7.72,0.0,65.0,0.64,-0.6,1.8
2024-07-09T14:00:00Z,28.3,8.25,0.0,78.0,0.64,0.13,4.1
2024-07-09T15:00:00Z,28.1,8.63,0.0,96.0,0.64,0.87,5.2
2024-07-09T16:00:00Z,28.0,8.4,0.0,98.0,0.64,1.45,5.1
2024-07-09T17:00:00Z,27.9,8.17,0.0,98.0,0.64,1.8,3.8
2024-07-09T18:00:00Z,27.8,7.99,0.0,98.0,0.64,1.86,2.1
2024-07-09T19:00:00Z,27.7,7.61,0.0,99.0,0.6,1.59,1.0
2024-07-09T20:00:00Z,27.7,7.29,0.0,99.0,0.56,1.04,2.6
2024-07-09T21:00:00Z,27.6,7.28,0.0,96.0,0.52,0.38,4.1
2024-07-09T22:00:00Z,28.0,6.56,0.0,96.0,0.5,-0.21,4.7
2024-07-09T23:00:00Z,28.0,7.03,0.0,84.0,0.5,-0.61,4.1
2024-07-10T00:00:00Z,28.2,7.03,0.0,45.0,0.48,-0.77,2.7
2024-07-10T01:00:00Z,28.4,6.89,0.0,85.0,0.44,-0.63,0.9
2024-07-10T02:00:00Z,28.5,5.81,0.0,100.0,0.42,-0.21,1.3
2024-07-10T03:00:00Z,28.6,4.58,0.0,100.0,0.38,0.3,2.7
2024-07-10T04:00:00Z,28.7,3.85,0.0,99.0,0.34,0.71,2.9
2024-07-10T05:00:00Z,29.0,2.79,0.0,100.0,0.28,0.95,2.2
2024-07-10T06:00:00Z,29.2,1.15,0.0,100.0,0.24,0.96,1.0
2024-07-10T07:00:00Z,29.5,0.89,0.0,100.0,0.22,0.73,0.6
2024-07-10T08:00:00Z,29.1,2.02,0.0,99.0,0.2,0.29,2.0
2024-07-10T09:00:00Z,28.6,2.76,0.0,100.0,0.18,-0.23,3.2
2024-07-10T10:00:00Z,27.5,2.21,0.0,100.0,0.18,-0.68,3.5
2024-07-10T11:00:00Z,27.2,2.86,0.0,100.0,0.18,-0.93,2.7
2024-07-10T12:00:00Z,27.1,2.4,0.2,100.0,0.18,-0.94,1.6
2024-07-10T13:00:00Z,26.9,1.63,0.1,100.0,0.18,-0.65,1.9
2024-07-10T14:00:00Z,26.7,4.32,0.2,100.0,0.16,-0.06,3.8
2024-07-10T15:00:00Z,26.5,4.9,0.0,100.0,0.16,0.67,5.6
2024-07-10T16:00:00Z,26.4,5.33,0.0,99.0,0.16,1.3,6.1
2024-07-10T17:00:00Z,26.3,5.61,0.0,100.0,0.16,1.71,5.4
2024-07-10T18:00:00Z,26.3,5.42,0.0,100.0,0.16,1.88,4.0
2024-07-10T19:00:00Z,26.4,4.77,0.0,100.0,0.16,1.79,2.2
2024-07-10T20:00:00Z,26.2,3.64,0.0,100.0,0.16,1.41,0.2
2024-07-10T21:00:00Z,26.0,2.23,0.0,97.0,0.16,0.83,1.5
2024-07-10T22:00:00Z,26.4,1.54,0.0,94.0,0.16,0.2,2.4
2024-07-10T23:00:00Z,26.6,2.97,0.0,85.0,0.14,-0.3,2.5
2024-07-11T00:00:00Z,26.8,2.93,0.0,75.0,0.14,-0.58,1.7
2024-07-11T01:00:00Z,27.2,2.35,0.0,95.0,0.2,-0.62,0.9
2024-07-11T02:00:00Z,27.4,1.98,0.0,100.0,0.26,-0.38,2.3
2024-07-11T03:00:00Z,27.6,3.82,0.0,99.0,0.32,0.09,4.0
2024-07-11T04:00:00Z,27.5,5.28,0.0,100.0,0.34,0.57,5.0
2024-07-11T05:00:00Z,26.6,6.14,0.0,100.0,0.38,0.89,5.1
2024-07-11T06:00:00Z,25.9,6.63,0.0,100.0,0.4,1.05,4.2
2024-07-11T07:00:00Z,25.5,6.63,0.0,100.0,0.38,1.03,2.9
2024-07-11T08:00:00Z,25.3,6.44,0.0,100.0,0.38,0.79,1.5
2024-07-11T09:00:00Z,25.2,6.09,0.0,100.0,0.36,0.35,0.3
2024-07-11T10:00:00Z,25.2,6.17,0.0,100.0,0.32,-0.14,1.1
2024-07-11T11:00:00Z,25.1,5.58,0.0,100.0,0.26,-0.52,1.4
2024-07-11T12:00:00Z,25.2,4.83,0.0,100.0,0.22,-0.7,0.8
2024-07-11T13:00:00Z,25.3,4.85,0.0,99.0,0.2,-0.64,1.2
2024-07-11T14:00:00Z,25.4,5.2,0.0,97.0,0.2,-0.3,2.8
2024-07-11T15:00:00Z,25.4,5.23,0.0,100.0,0.18,0.27,4.5
2024-07-11T16:00:00Z,25.5,5.2,0.0,100.0,0.18,0.9,5.9
2024-07-11T17:00:00Z,25.5,4.26,0.0,98.0,0.18,1.39,6.0
2024-07-11T18:00:00Z,25.4,3.61,0.0,100.0,0.18,1.66,4.7
2024-07-11T19:00:00Z,25.4,3.85,0.7,99.0,0.22,1.7,3.1
2024-07-11T20:00:00Z,25.4,3.84,0.8,99.0,0.24,1.51,1.4
2024-07-11T21:00:00Z,25.5,3.22,5.0,100.0,0.28,1.07,0.6
2024-07-11T22:00:00Z,25.1,5.13,7.3,100.0,0.32,0.49,2.0
2024-07-11T23:00:00Z,25.2,5.08,3.1,99.0,0.36,-0.07,2.5
2024-07-12T00:00:00Z,25.3,3.87,0.6,100.0,0.4,-0.46,2.0
2024-07-12T01:00:00Z,25.5,3.14,0.2,100.0,0.36,-0.62,0.8
2024-07-12T02:00:00Z,25.7,3.2,0.0,98.0,0.34,-0.52,1.0
2024-07-12T03:00:00Z,25.9,3.46,0.0,100.0,0.3,-0.19,2.7
2024-07-12T04:00:00Z,26.0,3.55,0.0,100.0,0.28,0.29,4.1
2024-07-12T05:00:00Z,26.0,3.65,0.1,100.0,0.24,0.71,4.9
2024-07-12T06:00:00Z,26.1,3.76,0.0,100.0,0.22,0.96,4.4
2024-07-12T07:00:00Z,26.0,4.32,0.0,100.0,0.22,1.06,3.1
2024-07-12T08:00:00Z,26.0,4.69,0.0,100.0,0.22,0.99,1.9
2024-07-12T09:00:00Z,26.0,5.14,0.0,100.0,0.22,0.71,0.6
2024-07-12T10:00:00Z,25.8,4.4,0.0,100.0,0.22,0.28,0.9
2024-07-12T11:00:00Z,25.9,4.76,0.0,100.0,0.2,-0.14,1.7
2024-07-12T12:00:00Z,25.9,4.92,0.3,100.0,0.2,-0.43,1.4
2024-07-12T13:00:00Z,26.0,5.71,0.0,100.0,0.24,-0.5,0.6
2024-07-12T14:00:00Z,26.1,6.07,0.1,100.0,0.26,-0.34,1.1
2024-07-12T15:00:00Z,26.2,5.72,0.0,95.0,0.3,0.03,2.5
2024-07-12T16:00:00Z,26.3,6.04,0.0,85.0,0.32,0.56,4.0
2024-07-12T17:00:00Z,26.3,6.44,0.0,96.0,0.34,1.08,4.7
2024-07-12T18:00:00Z,26.5,6.78,0.0,100.0,0.36,1.4,4.2
2024-07-12T19:00:00Z,26.8,6.86,0.1,100.0,0.36,1.52,3.1
2024-07-12T20:00:00Z,26.9,6.86,0.1,100.0,0.34,1.48,1.9
2024-07-12T21:00:00Z,27.1,7.28,0.0,100.0,0.34,1.24,0.9
2024-07-12T22:00:00Z,26.8,7.83,0.0,96.0,0.32,0.79,1.7
2024-07-12T23:00:00Z,27.0,6.67,0.0,100.0,0.32,0.26,2.9
2024-07-13T00:00:00Z,27.1,5.36,0.1,100.0,0.3,-0.19,3.2
2024-07-13T01:00:00Z,27.3,4.48,0.0,100.0,0.3,-0.48,2.5
2024-07-13T02:00:00Z,27.4,3.16,0.1,100.0,0.28,-0.58,1.3
2024-07-13T03:00:00Z,27.4,2.4,0.2,100.0,0.28,-0.44,0.3
2024-07-13T04:00:00Z,27.5,2.42,0.1,100.0,0.24,-0.08,2.0
2024-07-13T05:00:00Z,27.7,2.36,0.0,100.0,0.2,0.36,3.3
2024-07-13T06:00:00Z,27.8,1.75,0.0,100.0,0.16,0.7,3.7
2024-07-13T07:00:00Z,27.7,2.04,0.0,100.0,0.14,0.89,3.0
2024-07-13T08:00:00Z,27.5,2.69,0.0,100.0,0.14,0.95,2.0
2024-07-13T09:00:00Z,27.4,2.96,0.1,100.0,0.12,0.85,1.0
2024-07-13T10:00:00Z,27.1,2.8,0.0,100.0,0.12,0.59,0.9
2024-07-13T11:00:00Z,27.2,3.36,0.1,100.0,0.1,0.21,1.6
2024-07-13T12:00:00Z,27.4,4.16,0.0,100.0,0.1,-0.15,2.2
2024-07-13T13:00:00Z,27.5,4.38,0.0,100.0,0.1,-0.36,1.8
2024-07-13T14:00:00Z,27.5,4.69,0.0,100.0,0.1,-0.38,0.8
2024-07-13T15:00:00Z,27.4,4.75,0.0,100.0,0.1,-0.23,0.4
2024-07-13T16:00:00Z,27.3,3.99,0.1,100.0,0.14,0.11,1.6
2024-07-13T17:00:00Z,27.2,3.49,0.0,100.0,0.16,0.56,2.9
2024-07-13T18:00:00Z,27.1,3.54,0.0,100.0,0.2,0.93,3.3
2024-07-13T19:00:00Z,27.0,3.46,1.7,99.0,0.2,1.12,2.8
2024-07-13T20:00:00Z,27.0,4.01,0.9,100.0,0.18,1.16,1.7
2024-07-13T21:00:00Z,27.0,4.9,0.2,100.0,0.18,1.07,0.9
2024-07-13T22:00:00Z,26.3,3.43,0.2,100.0,0.16,0.82,1.3
2024-07-13T23:00:00Z,26.4,3.43,0.1,99.0,0.16,0.4,2.4
2024-07-14T00:00:00Z,26.6,3.86,0.0,98.0,0.14,-0.08,3.1
2024-07-14T01:00:00Z,26.8,3.96,0.0,100.0,0.14,-0.44,3.1
2024-07-14T02:00:00Z,27.1,3.2,0.0,100.0,0.16,-0.62,2.3
2024-07-14T03:00:00Z,27.3,2.5,0.0,100.0,0.16,-0.63,1.1
2024-07-14T04:00:00Z,27.5,1.57,0.0,100.0,0.14,-0.46,0.5
2024-07-14T05:00:00Z,27.6,0.5,0.0,100.0,0.12,-0.09,1.8
2024-07-14T06:00:00Z,27.7,1.33,0.1,100.0,0.1,0.34,2.9
2024-07-14T07:00:00Z,27.7,1.75,0.1,100.0,0.1,0.67,3.3
2024-07-14T08:00:00Z,27.6,1.95,0.1,100.0,0.12,0.86,2.5
2024-07-14T09:00:00Z,27.3,2.02,0.2,100.0,0.12,0.95,1.7
2024-07-14T10:00:00Z,27.3,0.81,0.2,100.0,0.12,0.89,0.8
2024-07-14T11:00:00Z,27.2,0.99,0.3,100.0,0.1,0.68,0.4
2024-07-14T12:00:00Z,27.1,1.63,0.2,100.0,0.1,0.35,1.3
2024-07-14T13:00:00Z,27.1,2.23,0.0,100.0,0.12,0.05,1.5
2024-07-14T14:00:00Z,27.0,2.65,0.0,100.0,0.12,-0.12,1.2
2024-07-14T15:00:00Z,27.0,2.93,0.0,100.0,0.14,-0.14,0.4
2024-07-14T16:00:00Z,27.1,3.63,0.0,100.0,0.14,-0.03,0.9
2024-07-14T17:00:00Z,27.2,4.86,0.0,100.0,0.14,0.24,1.8
2024-07-14T18:00:00Z,27.3,5.49,0.0,100.0,0.14,0.59,2.5
2024-07-14T19:00:00Z,27.4,5.93,0.0,100.0,0.16,0.87,2.8
2024-07-14T20:00:00Z,27.4,5.82,0.0,100.0,0.2,1.0,2.2
2024-07-14T21:00:00Z,27.5,6.49,0.0,100.0,0.22,1.0,1.3
2024-07-14T22:00:00Z,27.2,7.1,0.0,100.0,0.26,0.88,0.9
2024-07-14T23:00:00Z,27.3,7.46,0.0,100.0,0.32,0.63,1.6
2024-07-15T00:00:00Z,27.4,7.51,0.0,100.0,0.36,0.23,2.4
2024-07-15T01:00:00Z,27.5,7.25,0.0,100.0,0.38,-0.18,3.1
2024-07-15T02:00:00Z,27.5,6.91,0.0,100.0,0.42,-0.5,2.7
2024-07-15T03:00:00Z,27.6,6.37,0.0,100.0,0.44,-0.65,1.8
2024-07-15T04:00:00Z,27.7,6.26,0.0,100.0,0.42,-0.64,0.5
2024-07-15T05:00:00Z,27.7,6.58,0.0,99.0,0.42,-0.43,0.7
2024-07-15T06:00:00Z,27.7,6.23,0.0,98.0,0.4,-0.06,2.2
2024-07-15T07:00:00Z,27.7,6.18,0.0,88.0,0.42,0.37,3.3
2024-07-15T08:00:00Z,27.6,7.03,0.0,90.0,0.42,0.68,3.4
2024-07-15T09:00:00Z,27.6,8.0,0.0,90.0,0.44,0.88,2.7
2024-07-15T10:00:00Z,28.1,6.75,0.0,65.0,0.48,0.99,1.9
2024-07-15T11:00:00Z,28.0,7.45,0.0,64.0,0.54,0.98,1.2
2024-07-15T12:00:00Z,27.9,8.33,0.0,92.0,0.58,0.77,0.8
2024-07-15T13:00:00Z,27.9,9.14,0.0,98.0,0.64,0.46,1.5
2024-07-15T14:00:00Z,27.8,9.15,0.0,100.0,0.68,0.16,2.0
2024-07-15T15:00:00Z,27.7,9.17,0.0,100.0,0.74,-0.03,1.8
2024-07-15T16:00:00Z,27.7,9.4,0.0,100.0,0.74,-0.09,1.3
2024-07-15T17:00:00Z,27.6,9.75,0.0,100.0,0.74,-0.05,0.7
2024-07-15T18:00:00Z,27.6,9.96,0.0,98.0,0.74,0.13,0.4
2024-07-15T19:00:00Z,27.6,9.77,0.0,94.0,0.76,0.38,1.3
2024-07-15T20:00:00Z,27.6,9.32,0.0,94.0,0.8,0.58,1.7
2024-07-15T21:00:00Z,27.6,9.17,0.0,93.0,0.82,0.65,1.3
2024-07-15T22:00:00Z,27.6,8.02,0.0,84.0,0.74,0.65,0.9
2024-07-15T23:00:00Z,27.6,8.35,0.0,87.0,0.66,0.57,1.3
2024-07-16T00:00:00Z,27.6,8.6,0.0,13.0,0.58,0.35,1.9
2024-07-16T01:00:00Z,27.8,8.55,0.0,20.0,0.6,0.0,2.4
2024-07-16T02:00:00Z,28.0,8.66,0.0,22.0,0.6,-0.37,2.9
2024-07-16T03:00:00Z,28.2,8.73,0.0,84.0,0.62,-0.65,2.5
2024-07-16T04:00:00Z,28.4,8.63,0.0,99.0,0.64,-0.77,1.7
2024-07-16T05:00:00Z,28.4,8.89,0.0,90.0,0.64,-0.73,0.6
2024-07-16T06:00:00Z,28.4,9.34,0.0,85.0,0.66,-0.53,0.8
2024-07-16T07:00:00Z,28.3,9.77,0.0,100.0,0.76,-0.15,2.3
2024-07-16T08:00:00Z,28.2,10.14,0.0,97.0,0.86,0.27,3.2
2024-07-16T09:00:00Z,28.2,10.52,0.0,86.0,0.96,0.61,3.2
2024-07-16T10:00:00Z,27.9,10.13,0.0,98.0,0.98,0.86,2.8
2024-07-16T11:00:00Z,27.8,10.54,0.0,100.0,0.98,1.04,2.2
2024-07-16T12:00:00Z,27.7,10.66,0.0,100.0,1.0,1.07,1.3
2024-07-16T13:00:00Z,27.6,10.84,0.0,100.0,1.06,0.9,1.0
2024-07-16T14:00:00Z,27.6,10.85,0.0,95.0,1.1,0.6,1.7
2024-07-16T15:00:00Z,27.5,10.59,0.0,100.0,1.16,0.29,2.4
2024-07-16T16:00:00Z,27.4,10.0,0.0,100.0,1.08,0.05,2.4
2024-07-16T17:00:00Z,27.3,9.72,0.0,100.0,1.02,-0.09,2.0
2024-07-16T18:00:00Z,27.3,9.92,0.0,100.0,0.94,-0.14,1.3
2024-07-16T19:00:00Z,27.3,9.87,0.0,100.0,0.9,-0.01,0.6
2024-07-16T20:00:00Z,27.3,9.4,0.0,100.0,0.88,0.22,1.0
2024-07-16T21:00:00Z,27.3,8.95,0.0,100.0,0.84,0.41,1.5
2024-07-16T22:00:00Z,27.3,8.33,0.0,100.0,0.78,0.52,1.4
2024-07-16T23:00:00Z,27.3,9.19,0.0,100.0,0.72,0.59,1.1
2024-07-17T00:00:00Z,27.4,9.14,0.0,100.0,0.66,0.57,1.1
2024-07-17T01:00:00Z,27.5,8.89,0.0,100.0,0.64,0.37,1.5
2024-07-17T02:00:00Z,27.7,8.85,0.0,100.0,0.6,0.02,2.2
2024-07-17T03:00:00Z,27.9,8.34,0.0,99.0,0.58,-0.35,2.7
2024-07-17T04:00:00Z,28.1,7.96,0.0,98.0,0.56,-0.64,2.5
2024-07-17T05:00:00Z,28.2,7.53,0.0,93.0,0.52,-0.78,1.8
2024-07-17T06:00:00Z,28.2,7.33,0.0,99.0,0.5,-0.78,0.8
2024-07-17T07:00:00Z,28.2,7.4,0.0,95.0,0.52,-0.57,0.6
2024-07-17T08:00:00Z,28.1,7.69,0.0,98.0,0.54,-0.17,2.1
2024-07-17T09:00:00Z,28.0,8.06,0.0,99.0,0.56,0.29,3.1
2024-07-17T10:00:00Z,28.5,7.89,0.0,100.0,0.54,0.68,3.4
2024-07-17T11:00:00Z,28.6,7.27,0.0,100.0,0.52,1.01,3.0
2024-07-17T12:00:00Z,28.6,7.65,0.0,80.0,0.5,1.24,2.3
2024-07-17T13:00:00Z,28.5,8.1,0.0,88.0,0.56,1.27,1.5
2024-07-17T14:00:00Z,28.5,8.36,0.0,99.0,0.6,1.08,0.9
2024-07-17T15:00:00Z,28.5,8.47,0.0,99.0,0.66,0.72,1.9
2024-07-17T16:00:00Z,28.4,8.46,0.0,100.0,0.64,0.33,2.5
2024-07-17T17:00:00Z,28.4,8.39,0.0,100.0,0.62,0.01,2.8
2024-07-17T18:00:00Z,28.3,8.13,0.0,100.0,0.6,-0.22,2.4
2024-07-17T19:00:00Z,28.3,7.96,0.0,100.0,0.58,-0.31,1.8
2024-07-17T20:00:00Z,28.2,7.42,0.0,100.0,0.54,-0.2,0.6
2024-07-17T21:00:00Z,28.1,6.85,0.0,100.0,0.52,0.02,0.9
2024-07-17T22:00:00Z,28.2,5.71,0.0,100.0,0.5,0.24,1.5
2024-07-17T23:00:00Z,28.2,5.79,0.0,100.0,0.48,0.42,1.4
2024-07-18T00:00:00Z,28.2,5.71,0.0,100.0,0.46,0.56,1.2
2024-07-18T01:00:00Z,28.3,5.52,0.0,98.0,0.42,0.56,0.9
2024-07-18T02:00:00Z,28.5,5.32,0.0,93.0,0.4,0.37,1.2
2024-07-18T03:00:00Z,28.8,5.36,0.0,88.0,0.36,0.0,1.9
2024-07-18T04:00:00Z,28.9,5.46,0.0,80.0,0.32,-0.39,2.4
2024-07-18T05:00:00Z,29.0,5.68,0.0,86.0,0.28,-0.68,2.2
2024-07-18T06:00:00Z,28.9,6.29,0.0,85.0,0.24,-0.85,1.7
2024-07-18T07:00:00Z,28.9,6.63,0.0,85.0,0.24,-0.84,0.6
2024-07-18T08:00:00Z,28.9,6.8,0.0,80.0,0.26,-0.61,0.9
2024-07-18T09:00:00Z,28.8,7.22,0.0,77.0,0.26,-0.15,2.5
2024-07-18T10:00:00Z,29.7,7.41,0.0,83.0,0.24,0.37,3.8
2024-07-18T11:00:00Z,29.5,6.06,0.0,88.0,0.24,0.87,4.2
2024-07-18T12:00:00Z,29.3,5.11,0.0,91.0,0.22,1.3,3.6
2024-07-18T13:00:00Z,29.2,5.36,0.0,94.0,0.2,1.59,2.8
2024-07-18T14:00:00Z,29.1,5.13,0.0,93.0,0.2,1.61,1.4
2024-07-18T15:00:00Z,29.1,5.43,0.0,96.0,0.18,1.34,0.5
2024-07-18T16:00:00Z,29.1,5.9,0.0,94.0,0.2,0.89,1.8
2024-07-18T17:00:00Z,28.9,6.35,0.0,79.0,0.22,0.41,2.9
2024-07-18T18:00:00Z,28.8,7.12,0.0,98.0,0.24,0.0,3.2
2024-07-18T19:00:00Z,28.7,7.44,0.0,99.0,0.3,-0.31,2.9
2024-07-18T20:00:00Z,28.5,7.34,0.0,100.0,0.38,-0.43,2.0
2024-07-18T21:00:00Z,28.4,6.84,0.0,100.0,0.44,-0.29,0.4
2024-07-18T22:00:00Z,28.5,5.9,0.0,98.0,0.42,0.01,1.1
2024-07-18T23:00:00Z,28.5,5.8,0.0,99.0,0.4,0.33,2.1
2024-07-19T00:00:00Z,28.5,5.76,0.0,100.0,0.38,0.62,1.9
2024-07-19T01:00:00Z,28.5,5.73,0.0,99.0,0.36,0.8,1.5
2024-07-19T02:00:00Z,28.6,5.26,0.0,11.0,0.34,0.78,0.6
2024-07-19T03:00:00Z,28.8,4.96,0.0,14.0,0.32,0.49,1.1
2024-07-19T04:00:00Z,29.0,4.62,0.0,27.0,0.3,0.03,2.3
2024-07-19T05:00:00Z,29.2,5.96,0.0,24.0,0.26,-0.45,2.9
2024-07-19T06:00:00Z,29.4,6.76,0.0,22.0,0.24,-0.83,2.9
2024-07-19T07:00:00Z,29.6,7.3,0.0,27.0,0.28,-1.01,2.2
2024-07-19T08:00:00Z,29.5,7.55,0.0,38.0,0.3,-0.97,0.8
2024-07-19T09:00:00Z,29.5,6.8,0.0,81.0,0.34,-0.66,1.1
2024-07-19T10:00:00Z,29.7,6.76,0.0,95.0,0.4,-0.11,3.1
2024-07-19T11:00:00Z,29.5,6.82,0.0,99.0,0.44,0.54,4.4
2024-07-19T12:00:00Z,29.4,7.58,0.0,99.0,0.5,1.13,4.7
2024-07-19T13:00:00Z,29.3,8.28,0.0,98.0,0.56,1.59,4.1
2024-07-19T14:00:00Z,29.3,9.09,0.0,100.0,0.6,1.81,3.0
2024-07-19T15:00:00Z,29.2,9.53,0.0,100.0,0.66,1.71,1.4
2024-07-19T16:00:00Z,29.1,9.9,0.0,100.0,0.66,1.32,1.3
2024-07-19T17:00:00Z,28.9,10.12,0.0,97.0,0.64,0.76,2.8
2024-07-19T18:00:00Z,28.8,10.06,0.0,74.0,0.64,0.19,3.8
2024-07-19T19:00:00Z,28.6,10.0,0.0,72.0,0.68,-0.3,4.0
2024-07-19T20:00:00Z,28.5,9.55,0.0,88.0,0.74,-0.65,3.4
2024-07-19T21:00:00Z,28.4,9.3,0.0,94.0,0.78,-0.74,2.2
2024-07-19T22:00:00Z,28.4,8.8,0.0,87.0,0.76,-0.53,0.6
2024-07-19T23:00:00Z,28.5,8.81,0.0,51.0,0.72,-0.14,1.7
2024-07-20T00:00:00Z,28.6,8.75,0.0,21.0,0.7,0.26,2.6
2024-07-20T01:00:00Z,28.7,8.4,0.0,18.0,0.7,0.59,2.3
2024-07-20T02:00:00Z,28.9,8.35,0.0,47.0,0.68,0.76,1.7
2024-07-20T03:00:00Z,29.1,8.67,0.0,70.0,0.68,0.67,1.1
2024-07-20T04:00:00Z,29.3,8.71,0.0,99.0,0.66,0.31,1.6
2024-07-20T05:00:00Z,29.4,8.55,0.0,100.0,0.64,-0.22,2.8
2024-07-20T06:00:00Z,29.5,8.81,0.0,100.0,0.62,-0.75,3.4
2024-07-20T07:00:00Z,29.4,9.24,0.0,84.0,0.68,-1.13,3.3
2024-07-20T08:00:00Z,29.2,9.54,0.0,90.0,0.72,-1.32,2.3
2024-07-20T09:00:00Z,29.1,9.92,0.0,97.0,0.78,-1.24,0.7
2024-07-20T10:00:00Z,28.9,9.41,0.0,96.0,0.82,-0.8,1.5
2024-07-20T11:00:00Z,28.8,10.15,0.0,98.0,0.84,-0.1,3.8
2024-07-20T12:00:00Z,28.8,10.95,0.0,96.0,0.88,0.67,5.3
2024-07-20T13:00:00Z,28.7,10.97,0.0,94.0,0.94,1.35,5.4
2024-07-20T14:00:00Z,28.7,10.94,0.0,95.0,0.98,1.84,4.3
2024-07-20T15:00:00Z,28.6,11.24,0.0,99.0,1.04,2.01,2.8
2024-07-20T16:00:00Z,28.6,10.96,0.0,87.0,0.98,1.81,1.3
2024-07-20T17:00:00Z,28.5,10.56,0.0,41.0,0.94,1.29,2.3
2024-07-20T18:00:00Z,28.4,10.3,0.0,16.0,0.88,0.62,4.0
2024-07-20T19:00:00Z,28.4,10.05,0.0,6.0,0.82,-0.02,4.9
2024-07-20T20:00:00Z,28.3,9.4,0.0,23.0,0.76,-0.54,4.7
2024-07-20T21:00:00Z,28.3,8.8,0.0,56.0,0.7,-0.85,3.8
2024-07-20T22:00:00Z,28.3,8.5,0.0,90.0,0.68,-0.83,1.8
2024-07-20T23:00:00Z,28.3,8.51,0.0,94.0,0.66,-0.48,0.8
2024-07-21T00:00:00Z,28.4,8.46,0.0,88.0,0.64,0.03,2.3
2024-07-21T01:00:00Z,28.6,7.9,0.0,86.0,0.58,0.5,3.1
2024-07-21T02:00:00Z,28.8,7.05,0.0,79.0,0.54,0.83,2.6
2024-07-21T03:00:00Z,29.0,6.51,0.0,35.0,0.48,0.95,1.7
2024-07-21T04:00:00Z,29.1,6.31,0.0,49.0,0.44,0.77,1.1
2024-07-21T05:00:00Z,29.1,6.38,0.0,86.0,0.38,0.32,1.9
2024-07-21T06:00:00Z,29.0,7.4,0.0,93.0,0.34,-0.26,3.1
2024-07-21T07:00:00Z,28.9,8.77,0.0,91.0,0.44,-0.79,3.6
2024-07-21T08:00:00Z,28.8,9.51,0.0,82.0,0.56,-1.14,3.1
2024-07-21T09:00:00Z,28.7,10.03,0.0,39.0,0.66,-1.27,2.0
2024-07-21T10:00:00Z,28.7,9.73,0.0,31.0,0.72,-1.08,0.0
2024-07-21T11:00:00Z,28.6,10.12,0.0,32.0,0.8,-0.5,2.5
2024-07-21T12:00:00Z,28.6,10.4,0.0,26.0,0.86,0.31,4.9
2024-07-21T13:00:00Z,28.5,10.69,0.0,56.0,0.9,1.12,5.9
2024-07-21T14:00:00Z,28.4,10.54,0.0,33.0,0.96,1.78,5.3
2024-07-21T15:00:00Z,28.4,10.23,0.0,20.0,1.0,2.17,3.8
2024-07-21T16:00:00Z,28.3,10.21,0.0,11.0,0.96,2.19,1.8
2024-07-21T17:00:00Z,28.3,10.08,0.0,9.0,0.9,1.82,1.4
2024-07-21T18:00:00Z,28.2,9.76,0.0,87.0,0.86,1.15,3.5
2024-07-21T19:00:00Z,28.2,9.45,0.0,51.0,0.82,0.39,5.1
2024-07-21T20:00:00Z,28.1,9.25,0.0,4.0,0.8,-0.31,5.8
2024-07-21T21:00:00Z,28.0,9.15,0.0,3.0,0.76,-0.85,5.4
2024-07-21T22:00:00Z,28.2,8.1,0.0,1.0,0.72,-1.12,4.0
2024-07-21T23:00:00Z,28.3,8.43,0.0,1.0,0.68,-1.0,1.6
2024-07-22T00:00:00Z,28.4,8.49,0.0,45.0,0.64,-0.51,1.4
2024-07-22T01:00:00Z,28.6,8.48,0.0,92.0,0.62,0.1,3.2
2024-07-22T02:00:00Z,28.8,8.38,0.0,93.0,0.62,0.62,3.9
2024-07-22T03:00:00Z,28.9,8.56,0.0,94.0,0.6,0.94,3.2
2024-07-22T04:00:00Z,29.0,8.85,0.0,90.0,0.62,1.0,2.0
2024-07-22T05:00:00Z,29.1,9.27,0.0,89.0,0.64,0.72,1.3
2024-07-22T06:00:00Z,29.0,9.66,0.0,5.0,0.66,0.17,2.4
2024-07-22T07:00:00Z,28.9,10.04,0.0,42.0,0.72,-0.47,3.7
2024-07-22T08:00:00Z,28.8,10.19,0.0,100.0,0.78,-1.03,4.0
2024-07-22T09:00:00Z,28.8,10.16,0.0,99.0,0.84,-1.4,3.4
2024-07-22T10:00:00Z,28.7,9.37,0.0,78.0,0.88,-1.48,1.8
2024-07-22T11:00:00Z,28.6,9.88,0.0,94.0,0.9,-1.18,0.5
2024-07-22T12:00:00Z,28.5,10.58,0.0,13.0,0.94,-0.47,3.3
2024-07-22T13:00:00Z,28.4,10.55,0.0,9.0,0.96,0.44,5.4
2024-07-22T14:00:00Z,28.3,10.39,0.0,43.0,0.98,1.27,6.0
2024-07-22T15:00:00Z,28.2,9.97,0.0,45.0,1.0,1.87,5.2
2024-07-22T16:00:00Z,28.2,9.36,0.0,79.0,0.94,2.16,3.3
2024-07-22T17:00:00Z,28.1,9.01,0.0,100.0,0.9,2.05,1.3
2024-07-22T18:00:00Z,28.0,8.73,0.0,100.0,0.84,1.57,2.1
2024-07-22T19:00:00Z,27.9,8.44,0.0,100.0,0.82,0.85,4.0
2024-07-22T20:00:00Z,27.8,8.43,0.0,100.0,0.8,0.07,5.2
2024-07-22T21:00:00Z,27.8,8.28,0.0,95.0,0.78,-0.59,5.6
2024-07-22T22:00:00Z,27.9,6.92,0.0,92.0,0.7,-1.05,4.7
2024-07-22T23:00:00Z,27.9,7.09,0.0,91.0,0.62,-1.18,2.9
2024-07-23T00:00:00Z,28.1,6.86,0.0,96.0,0.54,-0.88,0.3
2024-07-23T01:00:00Z,28.2,6.66,0.0,96.0,0.5,-0.25,2.7
2024-07-23T02:00:00Z,28.3,6.07,0.0,93.0,0.46,0.42,4.3
2024-07-23T03:00:00Z,28.4,6.09,0.0,97.0,0.42,0.93,4.4
2024-07-23T04:00:00Z,28.4,6.97,0.0,92.0,0.44,1.19,3.2
2024-07-23T05:00:00Z,28.5,7.61,0.0,92.0,0.44,1.14,1.8
2024-07-23T06:00:00Z,28.5,7.65,0.0,82.0,0.46,0.76,1.5
2024-07-23T07:00:00Z,28.5,7.7,0.0,84.0,0.54,0.15,2.8
2024-07-23T08:00:00Z,28.4,8.14,0.0,84.0,0.62,-0.51,3.8
2024-07-23T09:00:00Z,28.4,8.15,0.0,84.0,0.7,-1.04,4.0
2024-07-23T10:00:00Z,28.5,7.6,0.0,88.0,0.68,-1.34,3.1
2024-07-23T11:00:00Z,28.4,8.21,0.0,97.0,0.66,-1.3,1.1
2024-07-23T12:00:00Z,28.4,8.93,0.0,98.0,0.64,-0.85,1.5
2024-07-23T13:00:00Z,28.4,8.92,0.0,94.0,0.66,-0.02,4.3
2024-07-23T14:00:00Z,28.4,8.71,0.0,96.0,0.68,0.93,6.2
2024-07-23T15:00:00Z,28.3,8.42,0.0,93.0,0.7,1.71,6.2
2024-07-23T16:00:00Z,28.2,8.12,0.0,82.0,0.68,2.19,4.8
2024-07-23T17:00:00Z,28.1,7.92,0.0,47.0,0.66,2.33,2.7
2024-07-23T18:00:00Z,28.0,7.45,0.0,35.0,0.64,2.07,1.1
2024-07-23T19:00:00Z,27.9,7.18,0.0,20.0,0.6,1.46,2.8
2024-07-23T20:00:00Z,27.8,6.94,0.0,39.0,0.58,0.66,4.7
2024-07-23T21:00:00Z,27.8,6.62,0.0,37.0,0.54,-0.11,5.6
2024-07-23T22:00:00Z,27.8,5.63,0.0,43.0,0.52,-0.72,5.4
2024-07-23T23:00:00Z,27.9,6.07,0.0,38.0,0.48,-1.07,4.0
2024-07-24T00:00:00Z,28.0,5.98,0.0,5.0,0.46,-1.04,1.8
2024-07-24T01:00:00Z,28.1,6.37,0.0,3.0,0.46,-0.59,1.3
2024-07-24T02:00:00Z,28.3,6.73,0.0,15.0,0.46,0.11,3.8
2024-07-24T03:00:00Z,28.4,7.03,0.0,14.0,0.46,0.77,4.8
2024-07-24T04:00:00Z,28.5,7.4,0.0,3.0,0.48,1.2,4.3
2024-07-24T05:00:00Z,28.6,7.94,0.0,5.0,0.48,1.36,3.0
2024-07-24T06:00:00Z,28.6,7.97,0.0,20.0,0.5,1.21,1.5
2024-07-24T07:00:00Z,28.6,7.84,0.0,16.0,0.54,0.75,1.5
2024-07-24T08:00:00Z,28.7,7.92,0.0,27.0,0.6,0.11,3.1
2024-07-24T09:00:00Z,28.7,8.4,0.0,54.0,0.64,-0.55,4.0
2024-07-24T10:00:00Z,28.7,7.21,0.0,4.0,0.68,-1.04,4.0
2024-07-24T11:00:00Z,28.6,8.32,0.0,9.0,0.74,-1.26,2.8
2024-07-24T12:00:00Z,28.6,9.79,0.0,3.0,0.78,-1.14,0.9
2024-07-24T13:00:00Z,28.5,10.54,0.0,10.0,0.86,-0.61,2.2
2024-07-24T14:00:00Z,28.5,10.96,0.0,20.0,0.96,0.26,4.9
2024-07-24T15:00:00Z,28.3,10.79,0.0,41.0,1.04,1.17,6.3
2024-07-24T16:00:00Z,28.2,9.93,0.0,18.0,1.02,1.86,6.0
2024-07-24T17:00:00Z,28.1,9.28,0.1,59.0,0.98,2.24,4.4
2024-07-24T18:00:00Z,28.1,9.23,0.2,12.0,0.96,2.26,2.4
2024-07-24T19:00:00Z,28.0,9.52,0.0,22.0,1.0,1.91,1.0
2024-07-24T20:00:00Z,27.9,9.7,0.3,30.0,1.02,1.25,2.8
2024-07-24T21:00:00Z,27.6,9.71,0.1,33.0,1.06,0.44,4.5
2024-07-24T22:00:00Z,28.2,9.28,0.1,76.0,1.08,-0.3,5.2
2024-07-24T23:00:00Z,28.2,10.52,0.1,100.0,1.1,-0.83,4.7
2024-07-25T00:00:00Z,28.2,10.89,0.0,100.0,1.12,-1.08,3.1
2024-07-25T01:00:00Z,28.3,11.23,0.0,99.0,1.1,-0.92,0.8
2024-07-25T02:00:00Z,28.4,11.02,0.0,96.0,1.1,-0.37,2.2
2024-07-25T03:00:00Z,28.5,10.9,0.0,87.0,1.08,0.36,4.2
2024-07-25T04:00:00Z,28.6,10.66,0.0,4.0,1.1,0.96,4.8
2024-07-25T05:00:00Z,28.8,10.53,0.0,7.0,1.12,1.32,3.9
2024-07-25T06:00:00Z,28.8,10.56,0.0,12.0,1.14,1.39,2.4
2024-07-25T07:00:00Z,28.8,10.63,0.0,7.0,1.18,1.16,1.1
2024-07-25T08:00:00Z,28.8,10.58,0.0,8.0,1.2,0.67,1.9
2024-07-25T09:00:00Z,28.7,10.64,0.0,9.0,1.24,0.03,3.3
2024-07-25T10:00:00Z,28.6,9.27,0.0,46.0,1.2,-0.56,3.8
2024-07-25T11:00:00Z,28.5,9.54,0.0,68.0,1.18,-0.96,3.4
2024-07-25T12:00:00Z,28.4,9.71,0.0,88.0,1.14,-1.08,2.1
2024-07-25T13:00:00Z,28.2,10.26,0.0,93.0,1.14,-0.87,0.6
2024-07-25T14:00:00Z,28.1,10.6,0.0,96.0,1.16,-0.26,2.9
2024-07-25T15:00:00Z,28.1,10.72,0.0,97.0,1.16,0.59,5.2
2024-07-25T16:00:00Z,28.0,11.25,0.0,95.0,1.22,1.37,6.0
2024-07-25T17:00:00Z,28.0,11.42,0.0,97.0,1.28,1.89,5.3
2024-07-25T18:00:00Z,28.0,11.05,0.0,96.0,1.34,2.11,3.4
2024-07-25T19:00:00Z,28.1,10.97,0.0,97.0,1.38,2.0,1.7
2024-07-25T20:00:00Z,28.2,12.48,0.0,91.0,1.42,1.55,1.7
2024-07-25T21:00:00Z,28.3,12.96,0.0,87.0,1.46,0.87,3.5
2024-07-25T22:00:00Z,27.9,12.0,0.0,95.0,1.46,0.12,4.7
2024-07-25T23:00:00Z,27.9,13.39,0.1,99.0,1.48,-0.51,4.9
2024-07-26T00:00:00Z,28.0,12.92,0.0,100.0,1.48,-0.9,4.0
2024-07-26T01:00:00Z,28.1,13.33,0.0,100.0,1.62,-0.98,2.2
2024-07-26T02:00:00Z,28.1,14.26,0.1,95.0,1.76,-0.68,0.3
2024-07-26T03:00:00Z,27.9,13.93,0.2,85.0,1.9,-0.08,2.8
2024-07-26T04:00:00Z,27.7,13.89,0.3,95.0,1.94,0.62,4.5
2024-07-26T05:00:00Z,28.1,13.75,0.2,100.0,2.0,1.15,4.7
2024-07-26T06:00:00Z,28.4,14.63,0.1,97.0,2.04,1.45,3.5
2024-07-26T07:00:00Z,28.3,13.62,0.8,99.0,1.92,1.44,1.9
2024-07-26T08:00:00Z,28.6,14.2,0.4,100.0,1.78,1.12,1.4
2024-07-26T09:00:00Z,28.4,14.63,0.3,100.0,1.66,0.56,2.5
2024-07-26T10:00:00Z,28.5,13.16,0.3,100.0,1.66,-0.06,3.6
2024-07-26T11:00:00Z,28.5,13.95,0.2,100.0,1.66,-0.6,4.0
2024-07-26T12:00:00Z,28.3,14.73,0.3,100.0,1.66,-0.93,3.2
2024-07-26T13:00:00Z,28.2,14.76,0.3,100.0,1.72,-0.95,1.6
2024-07-26T14:00:00Z,28.1,13.95,0.5,100.0,1.76,-0.66,0.4
2024-07-26T15:00:00Z,28.1,13.38,0.2,95.0,1.82,-0.08,2.7
2024-07-26T16:00:00Z,28.4,14.58,0.1,99.0,1.84,0.66,4.6
2024-07-26T17:00:00Z,28.6,14.49,0.0,100.0,1.84,1.29,4.8
2024-07-26T18:00:00Z,28.5,14.66,0.0,85.0,1.86,1.63,3.9
2024-07-26T19:00:00Z,28.4,14.55,0.0,38.0,1.82,1.71,2.3
2024-07-26T20:00:00Z,28.4,14.48,0.0,53.0,1.78,1.49,1.5
2024-07-26T21:00:00Z,28.3,14.29,0.0,49.0,1.74,0.99,2.8
2024-07-26T22:00:00Z,28.4,13.22,0.0,66.0,1.68,0.29,4.2
2024-07-26T23:00:00Z,28.5,13.49,0.0,76.0,1.62,-0.39,4.9
2024-07-27T00:00:00Z,28.6,14.13,0.0,67.0,1.56,-0.88,4.7
2024-07-27T01:00:00Z,28.6,14.5,0.0,77.0,1.68,-1.11,3.4
2024-07-27T02:00:00Z,28.7,14.16,0.0,81.0,1.8,-1.07,1.6
2024-07-27T03:00:00Z,28.7,14.19,0.0,79.0,1.92,-0.7,0.8
2024-07-27T04:00:00Z,28.7,14.41,0.0,56.0,1.92,-0.09,3.2
2024-07-27T05:00:00Z,28.4,15.37,0.0,95.0,1.9,0.54,4.6
2024-07-27T06:00:00Z,28.1,15.26,0.0,80.0,1.9,0.96,4.3
2024-07-27T07:00:00Z,28.2,14.38,0.0,88.0,1.82,1.17,3.2
2024-07-27T08:00:00Z,28.3,14.59,0.0,90.0,1.74,1.13,1.9
2024-07-27T09:00:00Z,28.4,14.33,0.0,85.0,1.66,0.83,1.7
2024-07-27T10:00:00Z,28.5,12.93,0.0,88.0,1.56,0.33,2.7
2024-07-27T11:00:00Z,28.4,12.72,0.0,28.0,1.44,-0.22,3.6
2024-07-27T12:00:00Z,28.4,12.63,0.0,54.0,1.34,-0.67,3.8
2024-07-27T13:00:00Z,28.3,12.89,0.0,74.0,1.36,-0.91,3.1
2024-07-27T14:00:00Z,28.2,12.6,0.0,82.0,1.4,-0.9,1.4
2024-07-27T15:00:00Z,28.2,12.48,0.0,59.0,1.42,-0.61,0.4
2024-07-27T16:00:00Z,28.1,12.46,0.0,37.0,1.4,-0.06,2.4
2024-07-27T17:00:00Z,28.0,12.3,0.0,73.0,1.4,0.56,3.9
2024-07-27T18:00:00Z,28.0,11.16,0.0,80.0,1.38,1.03,4.0
2024-07-27T19:00:00Z,27.9,11.12,0.0,82.0,1.3,1.26,3.1
2024-07-27T20:00:00Z,27.9,10.81,0.0,78.0,1.2,1.24,1.9
2024-07-27T21:00:00Z,27.8,10.67,0.0,80.0,1.12,0.97,1.7
2024-07-27T22:00:00Z,27.9,11.26,0.0,60.0,1.08,0.49,2.9
2024-07-27T23:00:00Z,27.9,11.37,0.0,43.0,1.06,-0.11,4.0
2024-07-28T00:00:00Z,27.9,11.35,0.0,41.0,1.02,-0.66,4.3
2024-07-28T01:00:00Z,28.1,11.18,0.0,46.0,1.02,-1.02,3.8
2024-07-28T02:00:00Z,28.2,10.45,0.0,56.0,1.02,-1.16,2.5
2024-07-28T03:00:00Z,28.3,9.95,0.0,19.0,1.02,-1.05,0.9
2024-07-28T04:00:00Z,28.4,9.33,0.0,7.0,0.98,-0.67,1.3
2024-07-28T05:00:00Z,28.4,8.84,0.0,2.0,0.92,-0.1,3.1
2024-07-28T06:00:00Z,28.3,9.28,0.0,1.0,0.88,0.44,4.2
2024-07-28T07:00:00Z,28.3,9.79,0.0,0.0,0.88,0.82,3.9
2024-07-28T08:00:00Z,28.2,10.02,0.0,0.0,0.88,1.01,2.9
2024-07-28T09:00:00Z,28.2,10.02,0.0,0.0,0.88,1.01,1.8
2024-07-28T10:00:00Z,28.3,9.25,0.0,0.0,0.9,0.78,1.4
2024-07-28T11:00:00Z,28.2,9.48,0.0,0.0,0.9,0.38,2.2
2024-07-28T12:00:00Z,28.1,9.06,0.0,0.0,0.92,-0.06,2.9
2024-07-28T13:00:00Z,28.0,9.02,0.0,0.0,0.9,-0.4,2.9
2024-07-28T14:00:00Z,28.0,8.73,0.0,1.0,0.86,-0.58,2.2
2024-07-28T15:00:00Z,27.9,8.53,0.0,1.0,0.84,-0.57,1.1
2024-07-28T16:00:00Z,27.8,8.53,0.0,1.0,0.8,-0.36,0.4
2024-07-28T17:00:00Z,27.8,8.68,0.0,1.0,0.76,0.05,1.9
2024-07-28T18:00:00Z,27.8,8.55,0.0,1.0,0.72,0.5,3.1
2024-07-28T19:00:00Z,27.7,8.14,0.0,2.0,0.68,0.83,3.2
2024-07-28T20:00:00Z,27.7,7.91,0.0,2.0,0.62,0.98,2.3
2024-07-28T21:00:00Z,27.6,7.51,0.0,3.0,0.58,0.95,1.5
2024-07-28T22:00:00Z,27.6,7.08,0.0,1.0,0.56,0.73,1.5
2024-07-28T23:00:00Z,27.6,7.43,0.0,1.0,0.52,0.31,2.5
2024-07-29T00:00:00Z,27.7,7.56,0.0,1.0,0.5,-0.18,3.4
2024-07-29T01:00:00Z,27.9,7.37,0.0,0.0,0.48,-0.6,3.4
2024-07-29T02:00:00Z,28.1,7.1,0.0,0.0,0.46,-0.87,2.9
2024-07-29T03:00:00Z,28.2,7.04,0.0,0.0,0.44,-0.95,1.8
2024-07-29T04:00:00Z,28.3,7.31,0.0,0.0,0.44,-0.82,0.4
2024-07-29T05:00:00Z,28.5,7.12,0.0,0.0,0.46,-0.47,1.5
2024-07-29T06:00:00Z,28.5,7.43,0.0,0.0,0.46,0.05,3.1
2024-07-29T07:00:00Z,28.6,7.95,0.0,0.0,0.5,0.53,3.9
2024-07-29T08:00:00Z,28.5,8.3,0.0,0.0,0.52,0.89,3.6
2024-07-29T09:00:00Z,28.4,8.57,0.0,0.0,0.56,1.12,2.8
2024-07-29T10:00:00Z,28.3,8.13,0.0,0.0,0.58,1.17,1.8
2024-07-29T11:00:00Z,28.2,8.65,0.0,0.0,0.58,1.01,1.1
2024-07-29T12:00:00Z,28.1,8.48,0.0,0.0,0.6,0.68,1.7
2024-07-29T13:00:00Z,28.1,8.68,0.0,0.0,0.62,0.29,2.5
2024-07-29T14:00:00Z,28.1,8.57,0.0,0.0,0.64,-0.03,2.7
2024-07-29T15:00:00Z,28.0,8.24,0.0,0.0,0.66,-0.24,2.3
2024-07-29T16:00:00Z,28.0,7.86,0.0,0.0,0.62,-0.32,1.6
2024-07-29T17:00:00Z,27.9,7.63,0.0,1.0,0.6,-0.23,0.6
2024-07-29T18:00:00Z,27.8,7.23,0.0,1.0,0.56,0.04,0.8
2024-07-29T19:00:00Z,27.8,6.78,0.0,0.0,0.56,0.36,2.0
2024-07-29T20:00:00Z,27.7,6.67,0.0,1.0,0.56,0.59,2.1
2024-07-29T21:00:00Z,27.7,6.5,0.0,1.0,0.56,0.71,1.7
2024-07-29T22:00:00Z,27.6,6.16,0.0,0.0,0.54,0.72,1.3
2024-07-29T23:00:00Z,27.6,6.31,0.0,0.0,0.52,0.56,1.4
2024-07-30T00:00:00Z,27.7,6.51,0.0,0.0,0.5,0.22,2.1
2024-07-30T01:00:00Z,27.9,6.84,0.0,0.0,0.48,-0.2,2.7
2024-07-30T02:00:00Z,28.2,7.05,0.0,5.0,0.44,-0.56,2.9
2024-07-30T03:00:00Z,28.4,7.28,0.0,6.0,0.42,-0.8,2.5
2024-07-30T04:00:00Z,28.6,7.73,0.0,1.0,0.46,-0.9,1.6
2024-07-30T05:00:00Z,28.6,8.06,0.0,0.0,0.48,-0.82,0.4
2024-07-30T06:00:00Z,28.7,8.33,0.0,0.0,0.52,-0.53,1.1
2024-07-30T07:00:00Z,28.7,8.58,0.0,0.0,0.58,-0.07,2.8
2024-07-30T08:00:00Z,28.7,8.9,0.0,0.0,0.66,0.37,3.5
2024-07-30T09:00:00Z,28.7,9.2,0.0,0.0,0.72,0.75,3.4
2024-07-30T10:00:00Z,28.4,9.22,0.0,0.0,0.76,1.04,2.8
2024-07-30T11:00:00Z,28.3,9.63,0.0,0.0,0.82,1.18,1.8
2024-07-30T12:00:00Z,28.2,10.01,0.0,0.0,0.86,1.1,0.9
2024-07-30T13:00:00Z,28.1,10.15,0.0,0.0,0.92,0.83,1.4
2024-07-30T14:00:00Z,28.1,10.07,0.0,0.0,0.96,0.47,2.2
2024-07-30T15:00:00Z,28.0,10.1,0.0,0.0,1.02,0.15,2.5
2024-07-30T16:00:00Z,28.0,10.02,0.0,0.0,0.98,-0.12,2.5
2024-07-30T17:00:00Z,27.9,9.82,0.0,1.0,0.92,-0.31,2.2
2024-07-30T18:00:00Z,27.9,9.7,0.0,0.0,0.88,-0.33,1.3
2024-07-30T19:00:00Z,27.8,9.15,0.0,0.0,0.84,-0.17,0.5
2024-07-30T20:00:00Z,27.8,8.56,0.0,0.0,0.82,0.05,1.3
2024-07-30T21:00:00Z,27.8,8.06,0.0,1.0,0.78,0.24,1.5
2024-07-30T22:00:00Z,27.8,7.57,0.0,0.0,0.72,0.4,1.4
2024-07-30T23:00:00Z,27.9,7.2,0.0,0.0,0.66,0.49,1.1
2024-07-31T00:00:00Z,28.0,7.15,0.0,0.0,0.6,0.42,1.0
2024-07-31T01:00:00Z,28.1,6.9,0.0,0.0,0.54,0.16,1.5
2024-07-31T02:00:00Z,28.4,6.76,0.0,0.0,0.5,-0.2,2.2
2024-07-31T03:00:00Z,28.6,6.62,0.0,0.0,0.44,-0.53,2.3
2024-07-31T04:00:00Z,28.9,6.68,0.0,0.0,0.4,-0.77,2.2
2024-07-31T05:00:00Z,29.1,6.99,0.0,2.0,0.38,-0.91,1.6
2024-07-31T06:00:00Z,29.2,7.57,0.0,8.0,0.34,-0.88,0.6
2024-07-31T07:00:00Z,29.2,8.05,0.0,10.0,0.38,-0.62,1.1
2024-07-31T08:00:00Z,29.1,8.34,0.0,3.0,0.42,-0.19,2.8
2024-07-31T09:00:00Z,28.9,8.51,0.0,9.0,0.46,0.28,3.7
2024-07-31T10:00:00Z,29.1,8.08,0.0,5.0,0.5,0.73,3.7
2024-07-31T11:00:00Z,28.9,8.81,0.0,4.0,0.54,1.12,3.4
2024-07-31T12:00:00Z,28.7,9.36,0.0,5.0,0.58,1.35,2.3
2024-07-31T13:00:00Z,28.7,9.49,0.0,2.0,0.62,1.32,1.0
2024-07-31T14:00:00Z,28.6,9.71,0.0,0.0,0.68,1.07,1.0
2024-07-31T15:00:00Z,28.5,9.56,0.0,1.0,0.72,0.69,2.0
2024-07-31T16:00:00Z,28.3,9.35,0.0,0.0,0.7,0.29,2.7
2024-07-31T17:00:00Z,28.2,9.01,0.0,1.0,0.68,-0.07,3.1
2024-07-31T18:00:00Z,28.2,8.37,0.0,0.0,0.66,-0.37,2.9
2024-07-31T19:00:00Z,28.2,8.04,0.0,2.0,0.6,-0.47,2.0
2024-07-31T20:00:00Z,28.3,7.64,0.0,1.0,0.56,-0.36,0.6
2024-07-31T21:00:00Z,28.5,7.1,0.0,3.0,0.5,-0.16,0.9
2024-07-31T22:00:00Z,28.7,6.15,0.0,0.0,0.46,0.09,1.5
2024-07-31T23:00:00Z,28.9,5.69,0.0,0.0,0.44,0.35,1.5
2024-08-01T00:00:00Z,29.1,5.38,0.0,0.0,0.4,0.54,1.2
2024-08-01T01:00:00Z,29.4,4.94,0.0,1.0,0.36,0.52,0.6
2024-08-01T02:00:00Z,29.7,4.4,0.0,0.0,0.34,0.29,1.0
2024-08-01T03:00:00Z,30.0,3.89,0.0,0.0,0.3,-0.07,1.8
2024-08-01T04:00:00Z,30.3,3.55,0.0,0.0,0.26,-0.42,2.2
2024-08-01T05:00:00Z,30.5,3.76,0.0,3.0,0.22,-0.71,2.2
2024-08-01T06:00:00Z,30.2,4.25,0.0,3.0,0.18,-0.91,1.6
2024-08-01T07:00:00Z,29.9,5.28,0.0,3.0,0.2,-0.92,0.6
2024-08-01T08:00:00Z,29.5,6.08,0.0,6.0,0.2,-0.65,1.3
2024-08-01T09:00:00Z,29.5,6.64,0.0,8.0,0.22,-0.17,3.1
2024-08-01T10:00:00Z,30.0,6.5,0.0,4.0,0.3,0.38,4.0
2024-08-01T11:00:00Z,29.9,6.5,0.0,4.0,0.38,0.94,4.4
2024-08-01T12:00:00Z,29.9,6.16,0.0,4.0,0.46,1.44,3.9
2024-08-01T13:00:00Z,29.9,5.97,0.0,7.0,0.44,1.72,2.8
2024-08-01T14:00:00Z,29.8,5.93,0.0,6.0,0.44,1.68,1.3
2024-08-01T15:00:00Z,29.8,5.78,0.0,4.0,0.42,1.38,0.8
2024-08-01T16:00:00Z,29.7,5.88,0.0,7.0,0.38,0.93,2.2
2024-08-01T17:00:00Z,29.5,5.85,0.0,6.0,0.34,0.45,3.2
2024-08-01T18:00:00Z,29.3,5.86,0.0,14.0,0.3,-0.02,3.6
2024-08-01T19:00:00Z,29.2,5.75,0.0,15.0,0.28,-0.38,3.4
2024-08-01T20:00:00Z,29.2,5.43,0.0,5.0,0.28,-0.52,2.5
2024-08-01T21:00:00Z,29.2,4.83,0.0,7.0,0.26,-0.41,0.7
2024-08-01T22:00:00Z,29.6,4.18,0.0,2.0,0.24,-0.16,0.8
2024-08-01T23:00:00Z,29.9,3.39,0.0,8.0,0.22,0.17,1.5
2024-08-02T00:00:00Z,30.2,3.04,0.0,4.0,0.2,0.52,1.8
2024-08-02T01:00:00Z,30.6,2.69,0.0,1.0,0.18,0.75,1.5
2024-08-02T02:00:00Z,30.9,2.29,0.0,3.0,0.18,0.73,0.4
2024-08-02T03:00:00Z,31.2,1.55,0.0,0.0,0.16,0.44,0.9
2024-08-02T04:00:00Z,31.5,0.85,0.0,1.0,0.14,0.02,2.1
2024-08-02T05:00:00Z,31.7,0.57,0.0,2.0,0.12,-0.41,2.6
2024-08-02T06:00:00Z,31.9,1.63,0.0,0.0,0.1,-0.77,2.6
2024-08-02T07:00:00Z,32.2,2.62,0.0,4.0,0.1,-1.0,2.3
2024-08-02T08:00:00Z,32.1,3.49,0.0,4.0,0.12,-1.0,1.3
2024-08-02T09:00:00Z,32.1,4.01,0.0,5.0,0.12,-0.69,1.7
2024-08-02T10:00:00Z,29.9,3.91,0.0,2.0,0.14,-0.15,3.6
2024-08-02T11:00:00Z,29.5,4.4,0.0,8.0,0.16,0.48,4.9
2024-08-02T12:00:00Z,29.3,4.6,0.0,5.0,0.18,1.13,5.1
2024-08-02T13:00:00Z,29.2,5.06,0.0,6.0,0.2,1.67,4.5
2024-08-02T14:00:00Z,29.2,5.47,0.0,3.0,0.22,1.93,3.1
2024-08-02T15:00:00Z,29.2,5.57,0.0,0.0,0.24,1.81,1.1
2024-08-02T16:00:00Z,29.2,5.08,0.0,2.0,0.22,1.41,0.9
2024-08-02T17:00:00Z,29.1,4.53,0.0,1.0,0.18,0.86,2.5
2024-08-02T18:00:00Z,29.1,4.21,0.0,0.0,0.16,0.29,3.6
2024-08-02T19:00:00Z,29.0,3.79,0.0,3.0,0.16,-0.24,4.1
2024-08-02T20:00:00Z,28.9,3.34,0.0,2.0,0.14,-0.63,3.8
2024-08-02T21:00:00Z,28.8,3.06,0.0,0.0,0.14,-0.74,2.4
2024-08-02T22:00:00Z,28.6,2.76,0.0,1.0,0.12,-0.56,0.3
2024-08-02T23:00:00Z,28.7,3.15,0.0,2.0,0.12,-0.21,1.6
2024-08-03T00:00:00Z,28.7,3.5,0.0,1.0,0.1,0.23,2.5
2024-08-03T01:00:00Z,28.8,3.59,0.0,0.0,0.1,0.65,2.9
2024-08-03T02:00:00Z,29.0,3.58,0.0,0.0,0.1,0.88,2.3
2024-08-03T03:00:00Z,29.1,3.67,0.0,0.0,0.1,0.81,1.3
2024-08-03T04:00:00Z,29.4,4.04,0.0,0.0,0.12,0.46,0.3
2024-08-03T05:00:00Z,29.4,4.51,0.0,0.0,0.16,-0.01,1.5
2024-08-03T06:00:00Z,29.3,4.71,0.0,0.0,0.18,-0.49,2.0
2024-08-03T07:00:00Z,29.3,4.97,0.0,0.0,0.22,-0.89,2.0
2024-08-03T08:00:00Z,29.3,5.41,0.0,1.0,0.26,-1.13,1.5
2024-08-03T09:00:00Z,29.2,5.49,0.0,3.0,0.3,-1.09,0.7
2024-08-03T10:00:00Z,29.2,6.19,0.0,6.0,0.32,-0.71,2.4
2024-08-03T11:00:00Z,29.1,6.19,0.0,23.0,0.36,-0.08,4.3
2024-08-03T12:00:00Z,29.0,5.84,0.0,41.0,0.38,0.66,5.6
2024-08-03T13:00:00Z,28.9,6.02,0.0,50.0,0.38,1.35,5.8
2024-08-03T14:00:00Z,28.9,6.02,0.0,61.0,0.38,1.87,4.9
2024-08-03T15:00:00Z,28.8,5.81,0.0,76.0,0.38,2.04,3.1
2024-08-03T16:00:00Z,28.7,5.81,0.0,92.0,0.36,1.81,0.8
2024-08-03T17:00:00Z,28.6,5.7,0.0,98.0,0.32,1.3,1.5
2024-08-03T18:00:00Z,28.5,5.21,0.0,80.0,0.3,0.68,2.9
2024-08-03T19:00:00Z,28.4,5.05,0.0,97.0,0.28,0.04,3.8
2024-08-03T20:00:00Z,28.3,4.88,0.0,100.0,0.28,-0.52,4.0
2024-08-03T21:00:00Z,28.2,4.97,0.0,100.0,0.26,-0.86,3.1
2024-08-03T22:00:00Z,28.4,4.73,0.0,98.0,0.26,-0.84,1.3
2024-08-03T23:00:00Z,28.4,4.76,0.0,96.0,0.28,-0.52,1.1
2024-08-04T00:00:00Z,28.5,5.12,0.0,11.0,0.28,-0.04,3.0
2024-08-04T01:00:00Z,28.6,5.59,0.0,1.0,0.26,0.48,3.7
2024-08-04T02:00:00Z,28.7,5.58,0.0,8.0,0.26,0.92,3.6
2024-08-04T03:00:00Z,28.8,5.32,0.0,10.0,0.24,1.09,2.7
2024-08-04T04:00:00Z,29.0,5.24,0.0,1.0,0.26,0.9,1.3
2024-08-04T05:00:00Z,29.2,5.32,0.0,1.0,0.3,0.44,1.2
2024-08-04T06:00:00Z,29.2,5.63,0.0,5.0,0.32,-0.13,2.2
2024-08-04T07:00:00Z,29.1,5.94,0.0,6.0,0.36,-0.66,2.9
2024-08-04T08:00:00Z,29.1,6.16,0.0,6.0,0.38,-1.08,2.9
2024-08-04T09:00:00Z,29.0,6.4,0.0,0.0,0.42,-1.28,2.0
2024-08-04T10:00:00Z,28.8,5.88,0.0,3.0,0.42,-1.12,0.3
2024-08-04T11:00:00Z,28.6,6.19,0.0,7.0,0.42,-0.59,2.3
2024-08-04T12:00:00Z,28.5,6.65,0.0,33.0,0.42,0.15,4.3
2024-08-04T13:00:00Z,28.5,7.07,0.0,10.0,0.44,0.93,5.3
2024-08-04T14:00:00Z,28.5,7.27,0.0,1.0,0.48,1.61,5.1
2024-08-04T15:00:00Z,28.4,7.21,0.0,2.0,0.5,2.03,3.9
2024-08-04T16:00:00Z,28.4,7.2,0.0,2.0,0.48,2.04,1.9
2024-08-04T17:00:00Z,28.3,6.96,0.0,3.0,0.48,1.67,1.0
2024-08-04T18:00:00Z,28.2,6.47,0.0,6.0,0.46,1.05,2.9
2024-08-04T19:00:00Z,28.2,5.86,0.0,2.0,0.42,0.36,4.3
2024-08-04T20:00:00Z,28.1,5.2,0.0,0.0,0.38,-0.26,4.9
2024-08-04T21:00:00Z,28.1,5.15,0.0,0.0,0.34,-0.75,4.5
2024-08-04T22:00:00Z,28.0,4.76,0.0,0.0,0.32,-0.95,3.1
2024-08-04T23:00:00Z,28.1,5.21,0.0,0.0,0.3,-0.76,0.7
2024-08-05T00:00:00Z,28.1,6.52,0.0,1.0,0.28,-0.29,1.9
2024-08-05T01:00:00Z,28.3,7.34,0.0,0.0,0.32,0.28,3.4
2024-08-05T02:00:00Z,28.5,7.14,0.0,0.0,0.34,0.8,3.8
2024-08-05T03:00:00Z,28.7,6.67,0.0,12.0,0.38,1.14,3.1
2024-08-05T04:00:00Z,28.9,6.24,0.0,29.0,0.36,1.17,1.9
2024-08-05T05:00:00Z,29.0,6.0,0.0,33.0,0.34,0.85,1.2
2024-08-05T06:00:00Z,29.0,5.82,0.0,16.0,0.32,0.29,2.4
2024-08-05T07:00:00Z,29.0,6.05,0.0,22.0,0.36,-0.32,3.6
2024-08-05T08:00:00Z,29.0,6.44,0.0,33.0,0.4,-0.86,4.0
2024-08-05T09:00:00Z,28.8,6.9,0.0,16.0,0.44,-1.22,3.6
2024-08-05T10:00:00Z,28.8,6.01,0.0,30.0,0.44,-1.29,2.2
2024-08-05T11:00:00Z,28.7,5.59,0.0,44.0,0.44,-0.94,0.4
2024-08-05T12:00:00Z,28.6,5.27,0.0,35.0,0.44,-0.26,2.9
2024-08-05T13:00:00Z,28.6,5.81,0.0,3.0,0.44,0.55,4.9
2024-08-05T14:00:00Z,28.5,6.17,0.0,12.0,0.44,1.31,5.2
2024-08-05T15:00:00Z,28.5,6.59,0.0,65.0,0.44,1.88,4.6
2024-08-05T16:00:00Z,28.4,6.93,0.0,63.0,0.44,2.14,3.0
2024-08-05T17:00:00Z,28.3,6.62,0.0,87.0,0.46,1.97,1.0
2024-08-05T18:00:00Z,28.3,6.37,0.0,94.0,0.46,1.45,1.9
2024-08-05T19:00:00Z,28.2,6.6,0.0,30.0,0.46,0.75,3.8
2024-08-05T20:00:00Z,28.2,6.5,0.0,0.0,0.46,0.05,4.9
2024-08-05T21:00:00Z,28.1,5.57,0.0,12.0,0.46,-0.53,5.0
2024-08-05T22:00:00Z,28.3,4.9,0.0,18.0,0.4,-0.89,4.1
2024-08-05T23:00:00Z,28.3,4.42,0.0,43.0,0.36,-0.9,2.3
2024-08-06T00:00:00Z,28.3,3.87,0.0,16.0,0.3,-0.54,0.4
2024-08-06T01:00:00Z,28.5,3.29,0.0,3.0,0.28,0.02,2.8
2024-08-06T02:00:00Z,28.6,3.43,0.0,10.0,0.26,0.59,3.8
2024-08-06T03:00:00Z,28.8,4.36,0.0,26.0,0.24,1.04,3.6
2024-08-06T04:00:00Z,28.9,5.02,0.0,69.0,0.26,1.25,2.7
2024-08-06T05:00:00Z,28.9,5.55,0.0,86.0,0.28,1.13,1.5
2024-08-06T06:00:00Z,29.0,6.09,0.0,32.0,0.3,0.68,1.5
2024-08-06T07:00:00Z,28.9,6.56,0.0,2.0,0.36,0.06,2.8
2024-08-06T08:00:00Z,29.0,6.73,0.0,1.0,0.44,-0.53,3.6
2024-08-06T09:00:00Z,28.9,6.6,0.0,0.0,0.5,-0.98,3.6
2024-08-06T10:00:00Z,28.7,6.24,0.0,0.0,0.5,-1.2,2.7
2024-08-06T11:00:00Z,28.7,5.95,0.0,0.0,0.48,-1.1,1.2
2024-08-06T12:00:00Z,28.6,5.33,0.0,0.0,0.48,-0.61,1.5
2024-08-06T13:00:00Z,28.6,4.81,0.0,0.0,0.44,0.15,3.8
2024-08-06T14:00:00Z,28.5,4.12,0.0,0.0,0.38,0.94,4.9
2024-08-06T15:00:00Z,28.5,3.66,0.0,0.0,0.34,1.59,4.7
2024-08-06T16:00:00Z,28.4,3.58,0.0,0.0,0.32,1.99,3.3
2024-08-06T17:00:00Z,28.3,3.38,0.0,0.0,0.28,2.04,1.5
2024-08-06T18:00:00Z,28.3,3.33,0.0,0.0,0.26,1.71,1.2
2024-08-06T19:00:00Z,28.2,3.55,0.0,0.0,0.28,1.08,3.4
2024-08-06T20:00:00Z,28.1,3.69,0.0,4.0,0.28,0.35,5.0
2024-08-06T21:00:00Z,28.1,3.83,0.0,14.0,0.3,-0.31,5.6
2024-08-06T22:00:00Z,28.0,3.44,0.0,26.0,0.28,-0.78,5.1
2024-08-06T23:00:00Z,28.1,3.82,0.0,20.0,0.24,-0.98,3.6
2024-08-07T00:00:00Z,28.2,4.14,0.0,25.0,0.22,-0.8,0.8
2024-08-07T01:00:00Z,28.4,4.23,0.0,48.0,0.22,-0.28,1.8
2024-08-07T02:00:00Z,28.6,3.77,0.0,58.0,0.2,0.35,3.6
2024-08-07T03:00:00Z,28.8,3.41,0.0,24.0,0.2,0.89,4.2
2024-08-07T04:00:00Z,29.1,3.76,0.0,1.0,0.2,1.23,3.5
2024-08-07T05:00:00Z,29.2,4.45,0.0,0.0,0.22,1.29,2.1
2024-08-07T06:00:00Z,29.1,5.24,0.0,10.0,0.22,1.02,0.7
2024-08-07T07:00:00Z,29.0,5.77,0.0,46.0,0.28,0.49,1.9
2024-08-07T08:00:00Z,28.9,6.05,0.0,53.0,0.32,-0.14,3.2
2024-08-07T09:00:00Z,28.7,6.19,0.0,58.0,0.38,-0.69,3.8
2024-08-07T10:00:00Z,28.7,5.7,0.0,49.0,0.4,-1.03,3.3
2024-08-07T11:00:00Z,28.6,5.62,0.0,34.0,0.44,-1.11,2.1
2024-08-07T12:00:00Z,28.6,5.74,0.0,35.0,0.46,-0.84,0.7
2024-08-07T13:00:00Z,28.7,6.37,0.0,29.0,0.44,-0.22,2.5
2024-08-07T14:00:00Z,28.7,6.52,0.0,36.0,0.42,0.56,4.3
2024-08-07T15:00:00Z,28.6,6.58,0.0,55.0,0.4,1.26,4.9
2024-08-07T16:00:00Z,28.5,6.61,0.0,72.0,0.38,1.73,4.0
2024-08-07T17:00:00Z,28.5,6.1,0.0,76.0,0.34,1.93,2.4
2024-08-07T18:00:00Z,28.4,5.5,0.0,8.0,0.32,1.78,0.7
2024-08-07T19:00:00Z,28.3,4.99,0.0,0.0,0.3,1.29,2.2
2024-08-07T20:00:00Z,28.2,4.67,0.0,1.0,0.28,0.6,4.2
2024-08-07T21:00:00Z,28.2,5.14,0.0,5.0,0.26,-0.1,5.0
2024-08-07T22:00:00Z,28.1,5.29,0.0,0.0,0.26,-0.64,5.0
2024-08-07T23:00:00Z,28.3,5.88,0.0,0.0,0.28,-0.94,3.8
2024-08-08T00:00:00Z,28.4,6.0,0.0,10.0,0.28,-0.93,2.0
2024-08-08T01:00:00Z,28.6,5.15,0.0,52.0,0.26,-0.56,0.5
2024-08-08T02:00:00Z,28.8,4.22,0.0,79.0,0.26,0.06,2.7
2024-08-08T03:00:00Z,29.0,3.91,0.0,70.0,0.24,0.66,4.0
2024-08-08T04:00:00Z,29.1,4.4,0.0,5.0,0.24,1.08,3.7
2024-08-08T05:00:00Z,29.1,5.13,0.0,1.0,0.26,1.28,2.6
2024-08-08T06:00:00Z,29.1,5.87,0.0,15.0,0.26,1.21,1.3
2024-08-08T07:00:00Z,29.1,6.56,0.0,9.0,0.32,0.84,1.5
2024-08-08T08:00:00Z,29.1,6.88,0.0,14.0,0.38,0.27,2.9
2024-08-08T09:00:00Z,29.0,6.82,0.0,48.0,0.44,-0.33,4.0
2024-08-08T10:00:00Z,29.0,6.83,0.0,58.0,0.44,-0.8,4.0
2024-08-08T11:00:00Z,29.0,7.1,0.0,78.0,0.46,-1.01,2.9
2024-08-08T12:00:00Z,28.9,7.34,0.0,88.0,0.46,-0.92,1.1
2024-08-08T13:00:00Z,28.9,7.02,0.0,82.0,0.46,-0.5,1.1
2024-08-08T14:00:00Z,28.8,7.2,0.0,92.0,0.46,0.19,3.2
2024-08-08T15:00:00Z,28.8,7.16,0.0,84.0,0.46,0.92,4.5
2024-08-08T16:00:00Z,28.8,6.74,0.0,88.0,0.44,1.47,4.4
2024-08-08T17:00:00Z,28.7,6.13,0.0,79.0,0.4,1.75,3.0
2024-08-08T18:00:00Z,28.7,5.38,0.0,39.0,0.38,1.74,1.4
2024-08-08T19:00:00Z,28.6,5.94,0.0,26.0,0.36,1.43,1.4
2024-08-08T20:00:00Z,28.6,6.45,0.0,10.0,0.34,0.86,3.3
2024-08-08T21:00:00Z,28.6,6.83,0.0,30.0,0.32,0.16,4.7
2024-08-08T22:00:00Z,28.6,6.12,0.0,21.0,0.32,-0.45,5.2
2024-08-08T23:00:00Z,28.7,6.06,0.0,43.0,0.3,-0.84,4.5
2024-08-09T00:00:00Z,28.7,6.17,0.0,53.0,0.3,-0.96,2.9
2024-08-09T01:00:00Z,28.8,6.1,0.0,71.0,0.28,-0.76,0.7
2024-08-09T02:00:00Z,28.9,6.09,0.0,41.0,0.26,-0.25,1.6
2024-08-09T03:00:00Z,29.1,5.92,0.0,20.0,0.24,0.38,3.5
2024-08-09T04:00:00Z,29.1,6.11,0.0,21.0,0.22,0.9,4.1
2024-08-09T05:00:00Z,29.2,6.59,0.0,23.0,0.22,1.2,3.2
2024-08-09T06:00:00Z,29.3,7.06,0.0,14.0,0.2,1.26,1.9
2024-08-09T07:00:00Z,29.4,7.81,0.0,11.0,0.3,1.08,1.3
2024-08-09T08:00:00Z,29.2,8.18,0.0,73.0,0.4,0.65,2.0
2024-08-09T09:00:00Z,29.2,8.23,0.0,96.0,0.5,0.09,3.3
2024-08-09T10:00:00Z,29.0,7.99,0.0,99.0,0.54,-0.42,4.0
2024-08-09T11:00:00Z,28.9,8.1,0.0,100.0,0.58,-0.75,3.4
2024-08-09T12:00:00Z,28.8,8.32,0.0,100.0,0.62,-0.8,2.2
2024-08-09T13:00:00Z,28.8,8.25,0.0,97.0,0.62,-0.59,0.4
2024-08-09T14:00:00Z,28.7,8.25,0.0,98.0,0.64,-0.11,1.6
2024-08-09T15:00:00Z,28.7,7.8,0.0,95.0,0.64,0.55,3.4
2024-08-09T16:00:00Z,28.6,7.56,0.0,95.0,0.6,1.14,4.0
2024-08-09T17:00:00Z,28.5,7.51,0.0,100.0,0.58,1.47,3.4
2024-08-09T18:00:00Z,28.4,7.48,0.0,77.0,0.54,1.55,1.9
2024-08-09T19:00:00Z,28.4,7.43,0.0,78.0,0.52,1.39,1.1
2024-08-09T20:00:00Z,28.3,7.44,0.0,100.0,0.52,0.98,2.3
2024-08-09T21:00:00Z,28.3,7.46,0.0,99.0,0.5,0.38,3.8
2024-08-09T22:00:00Z,28.3,6.62,0.0,99.0,0.48,-0.25,4.7
2024-08-09T23:00:00Z,28.3,6.99,0.0,99.0,0.48,-0.72,4.5
2024-08-10T00:00:00Z,28.4,7.31,0.0,99.0,0.46,-0.94,3.2
2024-08-10T01:00:00Z,28.6,7.38,0.0,99.0,0.44,-0.88,1.4
2024-08-10T02:00:00Z,28.8,7.44,0.0,90.0,0.4,-0.55,0.7
2024-08-10T03:00:00Z,29.0,7.21,0.0,89.0,0.38,0.01,2.8
2024-08-10T04:00:00Z,29.2,6.94,0.0,76.0,0.38,0.6,4.1
2024-08-10T05:00:00Z,29.3,7.01,0.0,72.0,0.4,1.01,3.9
2024-08-10T06:00:00Z,29.2,7.34,0.0,76.0,0.4,1.18,3.0
2024-08-10T07:00:00Z,29.2,7.79,0.0,65.0,0.44,1.15,1.7
2024-08-10T08:00:00Z,29.0,8.38,0.0,83.0,0.5,0.91,1.4
2024-08-10T09:00:00Z,28.9,8.63,0.0,84.0,0.54,0.47,2.3
2024-08-10T10:00:00Z,29.2,8.11,0.0,11.0,0.54,-0.04,3.3
2024-08-10T11:00:00Z,29.3,8.05,0.0,4.0,0.52,-0.46,3.4
2024-08-10T12:00:00Z,29.1,8.23,0.0,17.0,0.52,-0.66,2.5
2024-08-10T13:00:00Z,29.0,8.66,0.0,0.0,0.56,-0.61,1.1
2024-08-10T14:00:00Z,29.0,8.76,0.0,2.0,0.62,-0.32,0.5
2024-08-10T15:00:00Z,28.9,8.86,0.0,4.0,0.66,0.18,2.2
2024-08-10T16:00:00Z,28.8,8.89,0.0,5.0,0.66,0.75,3.5
2024-08-10T17:00:00Z,28.8,8.81,0.0,5.0,0.64,1.17,3.5
2024-08-10T18:00:00Z,28.7,8.68,0.0,13.0,0.64,1.32,2.6
2024-08-10T19:00:00Z,28.7,8.14,0.0,1.0,0.6,1.25,1.3
2024-08-10T20:00:00Z,28.7,7.18,0.0,0.0,0.58,0.99,1.5
2024-08-10T21:00:00Z,28.7,7.47,0.0,0.0,0.54,0.55,2.7
2024-08-10T22:00:00Z,28.7,7.44,0.0,2.0,0.5,-0.01,3.8
2024-08-10T23:00:00Z,28.8,7.64,0.0,0.0,0.48,-0.52,4.1
2024-08-11T00:00:00Z,28.9,7.43,0.0,0.0,0.44,-0.83,3.4
2024-08-11T01:00:00Z,29.1,7.02,0.0,0.0,0.4,-0.89,2.0
2024-08-11T02:00:00Z,29.2,6.56,0.0,16.0,0.38,-0.71,0.0
2024-08-11T03:00:00Z,29.4,6.25,0.0,47.0,0.34,-0.31,1.8
2024-08-11T04:00:00Z,29.6,6.37,0.0,76.0,0.32,0.25,3.5
2024-08-11T05:00:00Z,29.7,6.53,0.0,82.0,0.28,0.76,4.2
2024-08-11T06:00:00Z,29.8,6.82,0.0,80.0,0.26,1.05,3.8
2024-08-11T07:00:00Z,29.5,7.31,0.0,81.0,0.34,1.14,2.6
2024-08-11T08:00:00Z,29.4,8.04,0.0,84.0,0.42,1.07,1.5
2024-08-11T09:00:00Z,29.4,8.39,0.0,78.0,0.5,0.82,1.3
2024-08-11T10:00:00Z,29.3,8.03,0.0,74.0,0.56,0.42,2.1
2024-08-11T11:00:00Z,29.2,8.74,0.0,71.0,0.64,0.0,2.7
2024-08-11T12:00:00Z,29.1,8.95,0.0,69.0,0.7,-0.3,2.7
2024-08-11T13:00:00Z,29.2,8.93,0.0,75.0,0.66,-0.38,1.8
2024-08-11T14:00:00Z,29.2,8.53,0.0,55.0,0.62,-0.26,0.5
2024-08-11T15:00:00Z,29.1,8.22,0.0,34.0,0.58,0.01,0.9
2024-08-11T16:00:00Z,29.0,7.68,0.0,16.0,0.54,0.43,2.2
2024-08-11T17:00:00Z,28.8,6.9,0.0,14.0,0.48,0.85,3.0
2024-08-11T18:00:00Z,28.7,5.52,0.0,1.0,0.44,1.08,2.7
2024-08-11T19:00:00Z,28.7,4.47,0.0,5.0,0.42,1.08,1.5
2024-08-11T20:00:00Z,28.7,4.11,0.0,2.0,0.38,0.94,0.9
2024-08-11T21:00:00Z,28.7,4.2,0.0,0.0,0.36,0.66,1.7
2024-08-11T22:00:00Z,29.0,3.85,0.0,0.0,0.3,0.25,2.8
2024-08-11T23:00:00Z,29.1,3.77,0.0,0.0,0.22,-0.22,3.4
2024-08-12T00:00:00Z,29.3,3.7,0.0,0.0,0.16,-0.59,3.2
2024-08-12T01:00:00Z,29.5,3.25,0.0,0.0,0.16,-0.76,2.3
2024-08-12T02:00:00Z,29.7,2.92,0.0,0.0,0.14,-0.72,0.7
2024-08-12T03:00:00Z,29.9,2.69,0.0,1.0,0.14,-0.48,1.1
2024-08-12T04:00:00Z,29.9,2.1,0.0,15.0,0.12,-0.08,2.7
2024-08-12T05:00:00Z,29.9,2.41,0.0,32.0,0.1,0.42,4.0
2024-08-12T06:00:00Z,30.0,3.49,0.0,18.0,0.08,0.83,4.4
2024-08-12T07:00:00Z,29.6,4.37,0.0,22.0,0.12,1.04,3.8
2024-08-12T08:00:00Z,29.3,5.54,0.0,32.0,0.14,1.09,2.5
2024-08-12T09:00:00Z,29.2,6.27,0.0,79.0,0.18,1.01,1.3
2024-08-12T10:00:00Z,29.1,5.67,0.0,77.0,0.26,0.81,0.8
2024-08-12T11:00:00Z,29.0,6.43,0.0,99.0,0.36,0.49,1.5
2024-08-12T12:00:00Z,29.0,6.69,0.0,98.0,0.44,0.17,2.0
2024-08-12T13:00:00Z,29.0,6.78,0.0,100.0,0.46,-0.04,2.0
2024-08-12T14:00:00Z,29.0,6.91,0.0,98.0,0.46,-0.08,1.3
2024-08-12T15:00:00Z,28.9,6.83,0.0,95.0,0.48,0.02,0.2
2024-08-12T16:00:00Z,28.8,6.6,0.0,94.0,0.46,0.22,0.9
2024-08-12T17:00:00Z,28.8,6.27,0.0,83.0,0.42,0.53,1.8
2024-08-12T18:00:00Z,28.7,5.92,0.0,68.0,0.4,0.81,2.3
2024-08-12T19:00:00Z,28.6,5.46,0.0,32.0,0.36,0.92,1.9
2024-08-12T20:00:00Z,28.5,4.79,0.0,20.0,0.3,0.85,0.9
2024-08-12T21:00:00Z,28.5,4.14,0.0,13.0,0.26,0.69,0.9
2024-08-12T22:00:00Z,28.7,3.24,0.0,5.0,0.24,0.45,1.6
2024-08-12T23:00:00Z,28.6,2.97,0.0,5.0,0.2,0.11,2.4
2024-08-13T00:00:00Z,28.7,3.69,0.0,3.0,0.18,-0.26,2.7
2024-08-13T01:00:00Z,28.7,4.1,0.0,5.0,0.18,-0.54,2.3
2024-08-13T02:00:00Z,28.8,4.68,0.0,3.0,0.2,-0.64,1.3
2024-08-13T03:00:00Z,28.9,5.02,0.0,3.0,0.2,-0.56,0.2
2024-08-13T04:00:00Z,29.0,5.2,0.0,4.0,0.22,-0.34,1.6
2024-08-13T05:00:00Z,29.1,5.22,0.0,2.0,0.26,0.02,2.9
2024-08-13T06:00:00Z,29.1,5.42,0.0,0.0,0.28,0.47,3.8
2024-08-13T07:00:00Z,29.0,5.92,0.0,0.0,0.3,0.82,3.8
2024-08-13T08:00:00Z,29.0,6.22,0.0,1.0,0.32,1.0,3.1
2024-08-13T09:00:00Z,29.0,6.07,0.0,4.0,0.34,1.07,1.9
2024-08-13T10:00:00Z,29.3,5.27,0.0,16.0,0.32,1.06,1.0
2024-08-13T11:00:00Z,29.2,5.32,0.0,18.0,0.32,0.91,0.6
2024-08-13T12:00:00Z,29.1,5.08,0.0,29.0,0.3,0.65,1.5
2024-08-13T13:00:00Z,29.0,4.95,0.0,59.0,0.28,0.36,2.0
2024-08-13T14:00:00Z,28.9,4.43,0.0,79.0,0.28,0.17,1.8
2024-08-13T15:00:00Z,28.7,3.99,0.0,91.0,0.26,0.09,1.3
2024-08-13T16:00:00Z,28.5,3.58,0.1,93.0,0.24,0.11,0.4
2024-08-13T17:00:00Z,28.5,3.57,0.0,92.0,0.22,0.22,0.6
2024-08-13T18:00:00Z,28.5,3.91,0.0,91.0,0.2,0.43,1.3
2024-08-13T19:00:00Z,28.4,4.65,0.0,92.0,0.26,0.61,1.7
2024-08-13T20:00:00Z,28.4,4.67,0.0,83.0,0.32,0.66,1.4
2024-08-13T21:00:00Z,28.5,4.74,0.0,73.0,0.38,0.59,0.8
2024-08-13T22:00:00Z,28.9,4.7,0.0,62.0,0.36,0.5,0.5
2024-08-13T23:00:00Z,29.0,4.51,0.0,46.0,0.32,0.34,1.1
2024-08-14T00:00:00Z,29.0,4.05,0.0,43.0,0.3,0.08,1.6
2024-08-14T01:00:00Z,29.0,3.7,0.0,15.0,0.3,-0.21,1.8
2024-08-14T02:00:00Z,29.2,3.56,0.0,10.0,0.28,-0.43,1.7
2024-08-14T03:00:00Z,29.3,3.77,0.0,9.0,0.28,-0.5,0.9
2024-08-14T04:00:00Z,29.4,4.01,0.0,15.0,0.3,-0.44,0.6
2024-08-14T05:00:00Z,29.5,4.2,0.0,5.0,0.34,-0.27,1.5
2024-08-14T06:00:00Z,29.5,4.42,0.0,4.0,0.36,0.05,2.5
2024-08-14T07:00:00Z,29.5,4.39,0.0,4.0,0.36,0.44,3.4
2024-08-14T08:00:00Z,29.4,4.47,0.0,19.0,0.38,0.76,3.6
2024-08-14T09:00:00Z,29.4,4.61,0.0,36.0,0.38,0.96,2.9
2024-08-14T10:00:00Z,29.2,4.19,0.0,57.0,0.36,1.09,2.0
2024-08-14T11:00:00Z,29.2,4.46,0.0,57.0,0.36,1.14,1.1
2024-08-14T12:00:00Z,29.1,4.81,0.0,63.0,0.34,1.05,0.2
2024-08-14T13:00:00Z,29.0,5.37,0.0,56.0,0.32,0.82,1.0
2024-08-14T14:00:00Z,28.9,5.91,0.0,36.0,0.32,0.54,1.8
2024-08-14T15:00:00Z,28.7,5.64,0.0,20.0,0.3,0.32,1.8
2024-08-14T16:00:00Z,28.6,4.85,0.0,8.0,0.3,0.18,1.5
2024-08-14T17:00:00Z,28.5,4.2,0.0,9.0,0.28,0.11,1.0
2024-08-14T18:00:00Z,28.3,3.54,0.0,12.0,0.28,0.14,0.6
2024-08-14T19:00:00Z,28.2,3.02,0.0,13.0,0.3,0.28,0.8
2024-08-14T20:00:00Z,28.1,3.02,0.0,27.0,0.3,0.42,1.3
2024-08-14T21:00:00Z,27.9,3.16,0.0,26.0,0.32,0.49,1.1
2024-08-14T22:00:00Z,28.2,2.91,0.0,7.0,0.3,0.5,0.7
2024-08-14T23:00:00Z,28.2,3.08,0.0,7.0,0.26,0.48,0.2
2024-08-15T00:00:00Z,28.2,3.07,0.1,5.0,0.24,0.39,0.4
2024-08-15T01:00:00Z,28.3,2.91,0.1,6.0,0.24,0.17,1.0
2024-08-15T02:00:00Z,28.4,2.76,0.0,9.0,0.24,-0.11,1.5
2024-08-15T03:00:00Z,28.5,2.98,0.0,7.0,0.24,-0.34,1.4
2024-08-15T04:00:00Z,28.7,3.15,0.0,5.0,0.24,-0.46,0.9
2024-08-15T05:00:00Z,28.8,3.35,0.0,7.0,0.26,-0.47,0.8
2024-08-15T06:00:00Z,29.0,3.82,0.0,6.0,0.26,-0.35,1.6
2024-08-15T07:00:00Z,29.1,4.3,0.0,2.0,0.28,-0.06,2.6
2024-08-15T08:00:00Z,29.1,4.66,0.0,3.0,0.32,0.32,3.6
2024-08-15T09:00:00Z,29.0,5.08,0.0,6.0,0.34,0.67,4.1
2024-08-15T10:00:00Z,29.3,5.34,0.0,9.0,0.34,0.96,3.8
2024-08-15T11:00:00Z,29.2,5.26,0.0,4.0,0.36,1.2,3.1
2024-08-15T12:00:00Z,29.0,4.82,0.0,10.0,0.36,1.32,2.2
2024-08-15T13:00:00Z,28.9,4.66,0.0,13.0,0.34,1.27,0.9
2024-08-15T14:00:00Z,28.8,4.45,0.0,22.0,0.34,1.03,0.5
2024-08-15T15:00:00Z,28.6,4.07,0.1,24.0,0.32,0.7,1.4
2024-08-15T16:00:00Z,28.4,3.81,0.0,15.0,0.3,0.39,1.7
2024-08-15T17:00:00Z,28.3,3.36,0.1,10.0,0.28,0.14,1.7
2024-08-15T18:00:00Z,28.2,2.85,0.0,19.0,0.26,-0.05,1.4
2024-08-15T19:00:00Z,28.2,2.61,0.1,23.0,0.26,-0.09,0.6
2024-08-15T20:00:00Z,28.1,2.8,0.0,20.0,0.24,0.03,0.8
2024-08-15T21:00:00Z,28.1,2.65,0.0,26.0,0.24,0.2,1.5
2024-08-15T22:00:00Z,28.1,2.0,0.1,22.0,0.26,0.33,1.8
2024-08-15T23:00:00Z,28.3,2.55,0.0,16.0,0.26,0.46,1.4
2024-08-16T00:00:00Z,28.4,2.9,0.0,18.0,0.28,0.55,1.3
2024-08-16T01:00:00Z,28.6,3.02,0.0,22.0,0.3,0.51,0.6
2024-08-16T02:00:00Z,28.8,3.02,0.0,22.0,0.3,0.29,0.4
2024-08-16T03:00:00Z,29.0,3.43,0.0,24.0,0.32,-0.03,0.9
2024-08-16T04:00:00Z,29.2,4.01,0.0,11.0,0.32,-0.33,1.2
2024-08-16T05:00:00Z,29.3,4.62,0.0,5.0,0.32,-0.53,0.8
2024-08-16T06:00:00Z,29.4,4.95,0.0,8.0,0.32,-0.6,0.6
2024-08-16T07:00:00Z,29.5,5.13,0.0,13.0,0.34,-0.5,1.5
2024-08-16T08:00:00Z,29.4,4.91,0.0,15.0,0.36,-0.19,2.6
2024-08-16T09:00:00Z,29.3,4.97,0.0,20.0,0.38,0.26,4.0
2024-08-16T10:00:00Z,29.5,4.81,0.0,32.0,0.38,0.72,4.5
2024-08-16T11:00:00Z,29.4,4.85,0.0,44.0,0.38,1.14,4.3
2024-08-16T12:00:00Z,29.3,4.51,0.0,35.0,0.38,1.48,3.6
2024-08-16T13:00:00Z,29.3,4.66,0.0,11.0,0.36,1.64,2.5
2024-08-16T14:00:00Z,29.2,4.32,0.0,10.0,0.34,1.54,0.9
2024-08-16T15:00:00Z,29.1,4.19,0.0,16.0,0.32,1.21,0.6
2024-08-16T16:00:00Z,29.1,3.68,0.0,15.0,0.3,0.77,1.9
2024-08-16T17:00:00Z,29.0,3.06,0.0,8.0,0.28,0.34,2.4
2024-08-16T18:00:00Z,29.0,2.55,0.0,7.0,0.26,-0.03,2.2
2024-08-16T19:00:00Z,28.9,2.37,0.0,11.0,0.26,-0.29,1.8
2024-08-16T20:00:00Z,28.8,2.45,0.0,16.0,0.24,-0.32,1.0
2024-08-16T21:00:00Z,28.8,2.88,0.0,7.0,0.24,-0.14,1.5
2024-08-16T22:00:00Z,28.8,2.71,0.0,4.0,0.24,0.13,2.7
2024-08-16T23:00:00Z,28.9,3.25,0.0,2.0,0.24,0.39,3.3
2024-08-17T00:00:00Z,29.0,3.3,0.0,2.0,0.24,0.64,3.2
2024-08-17T01:00:00Z,29.1,3.3,0.0,7.0,0.24,0.79,2.7
2024-08-17T02:00:00Z,29.2,2.9,0.0,5.0,0.26,0.72,1.8
2024-08-17T03:00:00Z,29.3,2.95,0.0,4.0,0.26,0.43,0.6
2024-08-17T04:00:00Z,29.5,3.2,0.0,4.0,0.26,0.02,0.9
2024-08-17T05:00:00Z,29.6,3.45,0.0,5.0,0.28,-0.38,1.3
2024-08-17T06:00:00Z,29.6,3.96,0.0,2.0,0.28,-0.67,1.2
2024-08-17T07:00:00Z,29.5,4.56,0.0,2.0,0.3,-0.81,0.7
2024-08-17T08:00:00Z,29.5,4.9,0.0,4.0,0.32,-0.71,1.4
2024-08-17T09:00:00Z,29.4,4.93,0.0,0.0,0.34,-0.32,2.8
2024-08-17T10:00:00Z,29.5,4.73,0.0,0.0,0.32,0.26,4.3
2024-08-17T11:00:00Z,29.4,5.32,0.0,30.0,0.32,0.85,5.0
2024-08-17T12:00:00Z,29.2,5.63,0.0,26.0,0.3,1.39,4.9
2024-08-17T13:00:00Z,29.1,5.89,0.0,48.0,0.3,1.8,4.0
2024-08-17T14:00:00Z,28.7,5.82,0.0,87.0,0.3,1.94,2.5
2024-08-17T15:00:00Z,28.6,5.13,0.1,89.0,0.3,1.75,0.7
2024-08-17T16:00:00Z,28.6,4.68,0.0,58.0,0.28,1.29,1.3
2024-08-17T17:00:00Z,28.4,4.22,0.1,40.0,0.26,0.71,2.7
2024-08-17T18:00:00Z,28.1,3.95,0.2,41.0,0.24,0.15,3.3
2024-08-17T19:00:00Z,28.0,3.89,0.1,35.0,0.24,-0.31,3.3
2024-08-17T20:00:00Z,27.9,3.83,0.0,28.0,0.22,-0.59,2.4
2024-08-17T21:00:00Z,27.8,3.78,0.0,33.0,0.22,-0.57,0.9
2024-08-17T22:00:00Z,28.4,3.48,0.0,10.0,0.22,-0.27,1.5
2024-08-17T23:00:00Z,28.4,3.83,0.0,7.0,0.22,0.15,3.1
2024-08-18T00:00:00Z,28.6,4.02,0.1,2.0,0.22,0.56,3.6
2024-08-18T01:00:00Z,28.6,4.44,0.0,21.0,0.22,0.9,3.4
2024-08-18T02:00:00Z,28.7,4.83,0.0,43.0,0.24,1.06,2.5
2024-08-18T03:00:00Z,28.7,5.01,0.0,49.0,0.24,0.92,1.1
2024-08-18T04:00:00Z,28.4,5.37,0.1,79.0,0.28,0.51,0.6
2024-08-18T05:00:00Z,28.3,5.75,0.1,87.0,0.3,-0.03,2.0
2024-08-18T06:00:00Z,28.3,6.09,0.0,95.0,0.34,-0.52,2.5
2024-08-18T07:00:00Z,28.3,5.85,0.0,97.0,0.4,-0.88,2.3
2024-08-18T08:00:00Z,28.3,5.87,0.0,98.0,0.44,-1.04,1.3
2024-08-18T09:00:00Z,28.4,6.13,0.0,97.0,0.5,-0.86,0.8
2024-08-18T10:00:00Z,29.2,6.06,0.0,98.0,0.5,-0.34,2.7
2024-08-18T11:00:00Z,29.0,6.87,0.0,85.0,0.48,0.39,4.7
2024-08-18T12:00:00Z,29.0,6.58,0.0,62.0,0.48,1.1,5.6
2024-08-18T13:00:00Z,29.0,5.78,0.0,36.0,0.44,1.72,5.1
2024-08-18T14:00:00Z,28.9,5.45,0.0,11.0,0.42,2.12,4.0
2024-08-18T15:00:00Z,28.8,5.17,0.0,19.0,0.38,2.16,2.1
2024-08-18T16:00:00Z,28.7,4.96,0.0,69.0,0.36,1.82,0.5
2024-08-18T17:00:00Z,28.5,5.1,0.0,91.0,0.36,1.2,2.5
2024-08-18T18:00:00Z,28.5,5.17,0.0,93.0,0.34,0.49,4.0
2024-08-18T19:00:00Z,28.4,5.26,0.0,79.0,0.36,-0.16,4.5
2024-08-18T20:00:00Z,28.4,5.58,0.0,51.0,0.38,-0.66,4.1
2024-08-18T21:00:00Z,28.4,5.82,0.0,59.0,0.4,-0.88,2.7
2024-08-18T22:00:00Z,28.6,5.34,0.0,8.0,0.38,-0.71,0.4
2024-08-18T23:00:00Z,28.7,5.77,0.0,13.0,0.38,-0.24,2.1
2024-08-19T00:00:00Z,28.9,6.04,0.0,15.0,0.36,0.33,3.7
2024-08-19T01:00:00Z,29.0,6.0,0.0,18.0,0.38,0.86,4.1
2024-08-19T02:00:00Z,29.2,6.22,0.0,23.0,0.4,1.24,3.6
2024-08-19T03:00:00Z,29.4,6.12,0.0,22.0,0.42,1.33,2.4
2024-08-19T04:00:00Z,29.5,6.61,0.0,13.0,0.48,1.06,0.9
2024-08-19T05:00:00Z,29.6,6.97,0.0,11.0,0.54,0.5,1.9
2024-08-19T06:00:00Z,29.6,6.75,0.0,14.0,0.6,-0.15,3.4
2024-08-19T07:00:00Z,29.6,6.58,0.0,5.0,0.58,-0.72,4.0
2024-08-19T08:00:00Z,29.5,6.58,0.0,28.0,0.54,-1.13,3.4
2024-08-19T09:00:00Z,29.4,6.78,0.0,18.0,0.52,-1.25,2.0
2024-08-19T10:00:00Z,29.5,5.51,0.0,13.0,0.5,-0.97,0.5
2024-08-19T11:00:00Z,29.4,5.65,0.0,18.0,0.5,-0.29,3.1
2024-08-19T12:00:00Z,29.4,5.55,0.0,12.0,0.48,0.58,5.2
2024-08-19T13:00:00Z,29.3,5.41,0.0,9.0,0.44,1.4,6.0
2024-08-19T14:00:00Z,29.2,5.06,0.0,8.0,0.4,2.04,5.3
2024-08-19T15:00:00Z,29.2,5.02,0.0,12.0,0.36,2.35,3.5
2024-08-19T16:00:00Z,29.1,5.11,0.0,28.0,0.34,2.24,1.3
2024-08-19T17:00:00Z,29.0,5.49,0.0,73.0,0.34,1.72,1.7
2024-08-19T18:00:00Z,28.9,6.03,0.0,88.0,0.32,0.96,4.0
2024-08-19T19:00:00Z,28.7,6.38,0.0,76.0,0.34,0.17,5.2
2024-08-19T20:00:00Z,28.6,6.06,0.0,47.0,0.36,-0.51,5.6
2024-08-19T21:00:00Z,28.6,5.69,0.0,2.0,0.38,-0.97,4.9
2024-08-19T22:00:00Z,28.7,5.23,0.0,27.0,0.4,-1.08,2.9
2024-08-19T23:00:00Z,28.8,5.72,0.0,45.0,0.4,-0.75,0.2
2024-08-20T00:00:00Z,28.9,6.08,0.0,66.0,0.42,-0.11,2.6
2024-08-20T01:00:00Z,29.1,5.64,0.0,74.0,0.42,0.59,4.1
2024-08-20T02:00:00Z,29.3,5.79,0.0,87.0,0.42,1.14,4.1
2024-08-20T03:00:00Z,29.6,6.53,0.0,64.0,0.42,1.44,3.1
2024-08-20T04:00:00Z,29.9,5.97,0.0,42.0,0.42,1.39,1.3
2024-08-20T05:00:00Z,30.0,5.74,0.0,5.0,0.4,0.95,1.4
2024-08-20T06:00:00Z,30.3,6.6,0.0,59.0,0.4,0.27,3.2
2024-08-20T07:00:00Z,30.5,7.0,0.0,74.0,0.46,-0.45,4.5
2024-08-20T08:00:00Z,30.6,7.86,0.0,89.0,0.54,-1.05,4.7
2024-08-20T09:00:00Z,30.4,8.87,0.0,84.0,0.6,-1.42,4.0
2024-08-20T10:00:00Z,30.8,9.76,0.0,79.0,0.74,-1.44,2.0
2024-08-20T11:00:00Z,30.3,11.32,0.0,70.0,0.9,-1.01,1.0
2024-08-20T12:00:00Z,29.9,10.85,0.0,71.0,1.04,-0.18,4.0
2024-08-20T13:00:00Z,29.7,10.6,0.0,82.0,1.06,0.78,6.0
2024-08-20T14:00:00Z,29.6,10.6,0.0,85.0,1.08,1.62,6.2
2024-08-20T15:00:00Z,29.5,10.75,0.0,89.0,1.1,2.17,5.0
2024-08-20T16:00:00Z,29.3,11.0,0.0,92.0,1.08,2.33,3.0
2024-08-20T17:00:00Z,29.1,10.7,0.0,97.0,1.04,2.03,1.3
2024-08-20T18:00:00Z,29.1,10.2,0.0,66.0,1.02,1.35,2.8
2024-08-20T19:00:00Z,29.0,9.76,0.0,59.0,1.0,0.49,4.9
2024-08-20T20:00:00Z,29.0,9.61,0.0,33.0,0.96,-0.35,6.0
2024-08-20T21:00:00Z,28.9,9.65,0.0,67.0,0.94,-1.02,5.9
2024-08-20T22:00:00Z,29.0,10.06,0.0,33.0,0.9,-1.38,4.5
2024-08-20T23:00:00Z,29.1,9.83,0.0,37.0,0.84,-1.31,2.0
2024-08-21T00:00:00Z,29.1,9.58,0.0,65.0,0.8,-0.78,1.4
2024-08-21T01:00:00Z,29.3,9.42,0.0,86.0,0.8,0.02,4.1
2024-08-21T02:00:00Z,29.7,9.47,0.0,30.0,0.8,0.78,5.2
2024-08-21T03:00:00Z,30.1,10.06,0.0,34.0,0.8,1.33,4.8
2024-08-21T04:00:00Z,29.9,10.54,0.0,27.0,0.96,1.56,3.5
2024-08-21T05:00:00Z,29.8,10.97,0.0,40.0,1.1,1.38,1.9
2024-08-21T06:00:00Z,29.9,11.34,0.0,45.0,1.26,0.82,2.2
2024-08-21T07:00:00Z,29.8,11.06,0.0,22.0,1.26,0.06,3.7
2024-08-21T08:00:00Z,29.7,11.08,0.0,32.0,1.24,-0.7,4.9
2024-08-21T09:00:00Z,29.6,11.05,0.0,24.0,1.24,-1.28,4.9
2024-08-21T10:00:00Z,29.6,10.56,0.0,84.0,1.08,-1.57,3.6
2024-08-21T11:00:00Z,29.7,8.93,0.1,97.0,0.92,-1.46,1.5
2024-08-21T12:00:00Z,29.8,6.77,0.0,98.0,0.76,-0.89,1.6
2024-08-21T13:00:00Z,29.7,5.85,0.0,94.0,0.7,0.04,4.5
2024-08-21T14:00:00Z,29.4,5.9,0.4,93.0,0.62,1.0,6.0
2024-08-21T15:00:00Z,29.2,5.93,0.4,94.0,0.56,1.74,5.4
2024-08-21T16:00:00Z,29.2,6.04,0.1,87.0,0.56,2.13,3.7
2024-08-21T17:00:00Z,29.1,5.88,0.1,67.0,0.56,2.09,1.3
2024-08-21T18:00:00Z,28.8,5.57,0.5,51.0,0.56,1.61,1.7
2024-08-21T19:00:00Z,28.5,5.65,0.1,30.0,0.54,0.82,4.1
2024-08-21T20:00:00Z,28.7,5.46,0.0,36.0,0.54,-0.07,5.9
2024-08-21T21:00:00Z,29.0,5.04,0.0,55.0,0.52,-0.84,6.3
2024-08-21T22:00:00Z,28.9,3.9,0.0,58.0,0.46,-1.36,5.4
2024-08-21T23:00:00Z,29.0,3.27,0.0,71.0,0.42,-1.51,3.5
2024-08-22T00:00:00Z,29.1,2.45,0.0,29.0,0.36,-1.21,0.6
2024-08-22T01:00:00Z,29.1,2.17,0.0,8.0,0.34,-0.47,3.1
2024-08-22T02:00:00Z,29.2,2.06,0.0,4.0,0.32,0.43,5.4
2024-08-22T03:00:00Z,29.2,1.75,0.0,2.0,0.3,1.19,6.2
2024-08-22T04:00:00Z,29.3,2.11,0.0,3.0,0.26,1.65,5.1
2024-08-22T05:00:00Z,29.4,2.72,0.0,5.0,0.24,1.74,3.2
2024-08-22T06:00:00Z,29.6,3.43,0.0,5.0,0.2,1.43,0.9
2024-08-22T07:00:00Z,29.6,4.36,0.0,7.0,0.2,0.79,1.8
2024-08-22T08:00:00Z,29.3,5.06,0.0,14.0,0.2,0.0,3.6
2024-08-22T09:00:00Z,29.2,5.46,0.0,11.0,0.2,-0.71,4.5
2024-08-22T10:00:00Z,29.4,5.81,0.0,10.0,0.26,-1.19,4.0
2024-08-22T11:00:00Z,29.3,6.59,0.0,16.0,0.3,-1.34,2.6
2024-08-22T12:00:00Z,29.2,6.9,0.0,10.0,0.36,-1.06,0.7
2024-08-22T13:00:00Z,29.2,6.38,0.0,9.0,0.38,-0.34,3.1
2024-08-22T14:00:00Z,29.0,5.95,0.0,16.0,0.38,0.61,5.6
2024-08-22T15:00:00Z,29.0,5.82,0.0,7.0,0.4,1.48,6.5
2024-08-22T16:00:00Z,28.9,5.21,0.0,4.0,0.38,2.04,5.4
2024-08-22T17:00:00Z,28.8,4.63,0.0,23.0,0.36,2.25,3.3
2024-08-22T18:00:00Z,28.7,4.27,0.0,44.0,0.34,2.05,0.8
2024-08-22T19:00:00Z,28.7,4.01,0.0,67.0,0.34,1.47,2.2
2024-08-22T20:00:00Z,28.6,3.73,0.0,81.0,0.32,0.65,4.3
2024-08-22T21:00:00Z,28.6,3.47,0.0,83.0,0.32,-0.2,5.6
2024-08-22T22:00:00Z,28.6,3.3,0.0,95.0,0.3,-0.88,5.5
2024-08-22T23:00:00Z,28.7,2.8,0.0,47.0,0.26,-1.27,4.3
2024-08-23T00:00:00Z,28.8,3.11,0.0,16.0,0.24,-1.27,2.2
2024-08-23T01:00:00Z,29.0,3.51,0.0,2.0,0.22,-0.81,1.7
2024-08-23T02:00:00Z,29.2,3.3,0.0,2.0,0.22,-0.01,4.5
2024-08-23T03:00:00Z,29.4,2.97,0.0,4.0,0.2,0.84,6.3
2024-08-23T04:00:00Z,29.6,2.89,0.0,2.0,0.2,1.48,6.3
2024-08-23T05:00:00Z,29.7,3.41,0.0,7.0,0.2,1.79,4.9
2024-08-23T06:00:00Z,29.7,4.23,0.0,3.0,0.2,1.74,3.0
2024-08-23T07:00:00Z,29.5,5.02,0.0,5.0,0.26,1.33,0.8
2024-08-23T08:00:00Z,29.3,5.7,0.0,2.0,0.32,0.64,2.0
2024-08-23T09:00:00Z,29.2,5.86,0.0,7.0,0.38,-0.11,3.6
2024-08-23T10:00:00Z,29.0,5.04,0.0,20.0,0.4,-0.73,4.0
2024-08-23T11:00:00Z,28.9,5.46,0.0,3.0,0.42,-1.09,3.3
2024-08-23T12:00:00Z,28.8,5.77,0.0,0.0,0.44,-1.11,1.7
2024-08-23T13:00:00Z,28.7,5.68,0.0,0.0,0.44,-0.75,1.3
2024-08-23T14:00:00Z,28.6,5.51,0.0,1.0,0.44,-0.01,4.0
2024-08-23T15:00:00Z,28.5,5.23,0.0,2.0,0.44,0.85,6.0
2024-08-23T16:00:00Z,28.5,5.48,0.0,4.0,0.4,1.54,6.2
2024-08-23T17:00:00Z,28.5,5.6,0.0,14.0,0.38,1.9,4.6
2024-08-23T18:00:00Z,28.5,5.55,0.0,25.0,0.34,1.91,2.5
2024-08-23T19:00:00Z,28.5,5.91,0.0,17.0,0.34,1.55,0.7
2024-08-23T20:00:00Z,28.5,6.19,0.0,18.0,0.36,0.9,2.5
2024-08-23T21:00:00Z,28.4,5.96,0.0,19.0,0.36,0.09,4.1
2024-08-23T22:00:00Z,28.4,4.71,0.0,7.0,0.34,-0.66,4.9
2024-08-23T23:00:00Z,28.5,4.93,0.0,5.0,0.34,-1.17,4.2
2024-08-24T00:00:00Z,28.6,5.04,0.0,9.0,0.32,-1.37,2.5
2024-08-24T01:00:00Z,28.8,4.51,0.0,7.0,0.3,-1.2,0.4
2024-08-24T02:00:00Z,29.0,3.87,0.0,11.0,0.26,-0.64,2.9
2024-08-24T03:00:00Z,29.2,3.47,0.0,1.0,0.24,0.17,5.4
2024-08-24T04:00:00Z,29.2,3.88,0.0,0.0,0.28,0.92,6.7
2024-08-24T05:00:00Z,29.2,4.65,0.0,0.0,0.34,1.42,6.1
2024-08-24T06:00:00Z,29.1,5.44,0.0,0.0,0.38,1.62,4.3
2024-08-24T07:00:00Z,29.1,5.7,0.0,0.0,0.44,1.5,2.3
2024-08-24T08:00:00Z,29.1,5.83,0.0,0.0,0.48,1.08,1.1
2024-08-24T09:00:00Z,29.1,6.18,0.0,0.0,0.54,0.45,2.4
2024-08-24T10:00:00Z,29.0,5.76,0.0,1.0,0.54,-0.19,3.4
2024-08-24T11:00:00Z,28.9,6.68,0.0,1.0,0.54,-0.67,3.4
2024-08-24T12:00:00Z,28.9,7.43,0.0,2.0,0.54,-0.89,2.3
2024-08-24T13:00:00Z,28.9,7.49,0.0,1.0,0.56,-0.8,0.6
2024-08-24T14:00:00Z,28.9,7.67,0.0,2.0,0.6,-0.38,1.6
2024-08-24T15:00:00Z,28.9,7.66,0.0,1.0,0.62,0.3,3.8
2024-08-24T16:00:00Z,28.9,7.65,0.0,3.0,0.58,1.0,5.1
2024-08-24T17:00:00Z,28.9,7.39,0.0,4.0,0.56,1.48,4.8
2024-08-24T18:00:00Z,28.8,6.79,0.0,11.0,0.52,1.67,3.2
2024-08-24T19:00:00Z,28.8,6.06,0.0,5.0,0.48,1.56,1.4
2024-08-24T20:00:00Z,28.8,6.11,0.0,16.0,0.46,1.16,1.5
2024-08-24T21:00:00Z,28.7,6.6,0.0,27.0,0.42,0.53,3.3
2024-08-24T22:00:00Z,28.7,5.52,0.0,25.0,0.4,-0.17,4.3
2024-08-24T23:00:00Z,28.8,5.35,0.0,9.0,0.4,-0.74,4.5
2024-08-25T00:00:00Z,28.7,6.09,0.0,3.0,0.38,-1.06,3.6
2024-08-25T01:00:00Z,28.8,6.44,0.0,3.0,0.38,-1.1,1.9
2024-08-25T02:00:00Z,29.0,6.31,0.0,2.0,0.4,-0.82,0.6
2024-08-25T03:00:00Z,29.0,6.93,0.0,0.0,0.4,-0.24,3.1
2024-08-25T04:00:00Z,29.2,7.5,0.0,0.0,0.44,0.49,5.1
2024-08-25T05:00:00Z,29.3,6.99,0.0,0.0,0.48,1.11,5.7
2024-08-25T06:00:00Z,29.3,6.58,0.0,0.0,0.52,1.47,4.8
2024-08-25T07:00:00Z,29.3,7.0,0.0,0.0,0.56,1.58,3.1
2024-08-25T08:00:00Z,29.3,7.2,0.0,0.0,0.58,1.43,1.5
2024-08-25T09:00:00Z,29.2,7.64,0.0,0.0,0.62,1.03,1.4
2024-08-25T10:00:00Z,29.1,7.32,0.0,0.0,0.62,0.49,2.7
2024-08-25T11:00:00Z,29.0,6.79,0.0,1.0,0.64,-0.04,3.6
2024-08-25T12:00:00Z,29.0,6.87,0.0,1.0,0.64,-0.4,3.3
2024-08-25T13:00:00Z,29.0,6.89,0.0,1.0,0.6,-0.54,2.2
2024-08-25T14:00:00Z,28.9,6.77,0.0,5.0,0.58,-0.45,0.8
2024-08-25T15:00:00Z,28.9,6.91,0.0,2.0,0.54,-0.11,1.1
2024-08-25T16:00:00Z,28.8,7.4,0.0,3.0,0.52,0.42,2.9
2024-08-25T17:00:00Z,28.8,7.44,0.0,4.0,0.5,0.9,3.5
2024-08-25T18:00:00Z,28.8,6.77,0.0,6.0,0.48,1.18,3.0
2024-08-25T19:00:00Z,28.7,5.82,0.0,4.0,0.44,1.23,1.7
2024-08-25T20:00:00Z,28.6,5.17,0.0,11.0,0.42,1.07,1.0
2024-08-25T21:00:00Z,28.6,5.44,0.0,19.0,0.38,0.7,2.1
2024-08-25T22:00:00Z,28.4,4.95,0.0,2.0,0.38,0.16,3.4
2024-08-25T23:00:00Z,28.5,5.67,0.0,7.0,0.36,-0.39,4.1
2024-08-26T00:00:00Z,28.6,5.87,0.0,0.0,0.36,-0.8,3.8
2024-08-26T01:00:00Z,28.7,5.61,0.0,0.0,0.34,-0.97,2.6
2024-08-26T02:00:00Z,28.8,5.55,0.0,0.0,0.32,-0.9,1.0
2024-08-26T03:00:00Z,29.0,6.0,0.0,7.0,0.3,-0.59,1.1
2024-08-26T04:00:00Z,29.0,6.73,0.0,27.0,0.36,-0.05,3.1
2024-08-26T05:00:00Z,29.1,6.87,0.0,7.0,0.4,0.56,4.7
2024-08-26T06:00:00Z,29.2,6.98,0.0,3.0,0.46,1.04,4.8
2024-08-26T07:00:00Z,29.3,7.18,0.0,0.0,0.52,1.33,3.9
2024-08-26T08:00:00Z,29.3,7.39,0.0,0.0,0.56,1.44,2.4
2024-08-26T09:00:00Z,29.2,7.53,0.0,2.0,0.62,1.32,1.2
2024-08-26T10:00:00Z,29.1,6.58,0.0,5.0,0.62,0.99,1.5
2024-08-26T11:00:00Z,29.1,6.79,0.0,6.0,0.62,0.55,2.5
2024-08-26T12:00:00Z,29.0,7.11,0.0,3.0,0.62,0.14,3.1
2024-08-26T13:00:00Z,29.1,7.22,0.0,3.0,0.62,-0.12,2.7
2024-08-26T14:00:00Z,29.0,7.38,0.0,2.0,0.62,-0.23,2.0
2024-08-26T15:00:00Z,29.0,7.65,0.0,52.0,0.62,-0.18,0.9
2024-08-26T16:00:00Z,28.9,7.47,0.0,75.0,0.58,0.04,0.4
2024-08-26T17:00:00Z,28.9,7.27,0.0,96.0,0.54,0.39,1.7
2024-08-26T18:00:00Z,28.8,6.7,0.0,80.0,0.5,0.69,2.3
2024-08-26T19:00:00Z,28.8,6.42,0.0,94.0,0.48,0.84,1.9
2024-08-26T20:00:00Z,28.8,6.25,0.0,100.0,0.44,0.84,1.2
2024-08-26T21:00:00Z,28.8,5.6,0.0,100.0,0.42,0.7,1.2
2024-08-26T22:00:00Z,29.0,4.79,0.0,100.0,0.4,0.4,2.1
2024-08-26T23:00:00Z,29.1,4.0,0.0,98.0,0.36,-0.02,2.9
2024-08-27T00:00:00Z,29.2,3.41,0.0,100.0,0.34,-0.43,3.4
2024-08-27T01:00:00Z,29.3,3.11,0.0,97.0,0.32,-0.71,2.9
2024-08-27T02:00:00Z,29.4,3.3,0.0,100.0,0.3,-0.8,1.9
2024-08-27T03:00:00Z,29.5,3.64,0.0,100.0,0.28,-0.74,0.8
2024-08-27T04:00:00Z,29.5,3.64,0.0,82.0,0.28,-0.48,1.2
2024-08-27T05:00:00Z,29.5,3.82,0.0,61.0,0.3,-0.04,2.7
2024-08-27T06:00:00Z,29.4,4.76,0.0,58.0,0.3,0.46,4.0
2024-08-27T07:00:00Z,29.3,5.0,0.0,45.0,0.3,0.86,4.2
2024-08-27T08:00:00Z,29.4,2.25,0.0,55.0,0.32,1.13,3.7
2024-08-27T09:00:00Z,29.4,2.53,0.0,61.0,0.32,1.28,2.7
2024-08-27T10:00:00Z,29.2,2.75,0.3,78.0,0.32,1.26,1.7
2024-08-27T11:00:00Z,29.2,3.78,0.1,98.0,0.34,1.06,0.5
2024-08-27T12:00:00Z,29.3,3.35,0.0,99.0,0.34,0.75,0.9
2024-08-27T13:00:00Z,29.3,3.42,0.0,95.0,0.36,0.45,1.6
2024-08-27T14:00:00Z,28.9,3.59,0.4,89.0,0.4,0.23,1.5
2024-08-27T15:00:00Z,27.6,4.29,2.3,89.0,0.42,0.09,1.1
2024-08-27T16:00:00Z,27.9,4.62,0.2,92.0,0.44,0.07,0.4
2024-08-27T17:00:00Z,28.1,4.56,0.0,93.0,0.46,0.2,0.7
2024-08-27T18:00:00Z,28.1,4.89,0.0,87.0,0.48,0.42,1.6
2024-08-27T19:00:00Z,28.3,5.04,0.0,92.0,0.5,0.62,2.0
2024-08-27T20:00:00Z,28.2,5.01,0.0,95.0,0.54,0.73,1.7
2024-08-27T21:00:00Z,28.3,5.46,0.0,91.0,0.56,0.79,1.1
2024-08-27T22:00:00Z,28.7,4.14,0.0,81.0,0.56,0.74,0.3
2024-08-27T23:00:00Z,28.7,4.3,0.1,81.0,0.56,0.57,0.5
2024-08-28T00:00:00Z,28.7,4.35,0.0,87.0,0.56,0.27,1.5
2024-08-28T01:00:00Z,28.5,3.47,0.0,82.0,0.54,-0.03,1.9
2024-08-28T02:00:00Z,28.6,2.4,0.0,74.0,0.54,-0.24,1.9
2024-08-28T03:00:00Z,28.6,3.06,0.0,73.0,0.52,-0.35,1.5
2024-08-28T04:00:00Z,28.8,4.34,0.0,57.0,0.52,-0.36,1.5
2024-08-28T05:00:00Z,28.8,5.12,0.0,40.0,0.54,-0.22,1.9
2024-08-28T06:00:00Z,28.8,5.02,0.0,8.0,0.54,0.09,2.7
2024-08-28T07:00:00Z,29.0,5.02,0.0,11.0,0.56,0.48,3.5
2024-08-28T08:00:00Z,29.1,5.36,0.0,3.0,0.56,0.83,3.6
2024-08-28T09:00:00Z,29.1,6.01,0.0,6.0,0.58,1.13,3.3
2024-08-28T10:00:00Z,29.2,5.39,0.0,20.0,0.62,1.36,2.7
2024-08-28T11:00:00Z,29.0,6.25,0.0,15.0,0.68,1.44,1.7
2024-08-28T12:00:00Z,28.8,5.3,0.0,14.0,0.72,1.34,1.0
2024-08-28T13:00:00Z,28.7,3.92,0.0,12.0,0.7,1.09,0.9
2024-08-28T14:00:00Z,28.6,4.06,0.0,17.0,0.68,0.81,1.3
2024-08-28T15:00:00Z,28.5,4.85,0.1,35.0,0.66,0.54,1.3
2024-08-28T16:00:00Z,28.3,5.0,0.1,37.0,0.66,0.3,1.4
2024-08-28T17:00:00Z,28.2,4.79,0.2,29.0,0.66,0.13,1.3
2024-08-28T18:00:00Z,28.3,4.62,0.1,17.0,0.66,0.12,1.1
2024-08-28T19:00:00Z,28.0,4.71,0.1,22.0,0.66,0.23,1.4
2024-08-28T20:00:00Z,28.1,4.9,0.2,37.0,0.68,0.36,1.7
2024-08-28T21:00:00Z,28.0,5.36,0.1,24.0,0.68,0.49,1.7
2024-08-28T22:00:00Z,28.2,5.86,0.1,36.0,0.72,0.63,1.7
2024-08-28T23:00:00Z,28.3,5.42,0.1,22.0,0.74,0.72,1.3
2024-08-29T00:00:00Z,28.2,4.94,0.2,19.0,0.78,0.65,0.6
2024-08-29T01:00:00Z,28.4,4.69,0.2,10.0,0.74,0.44,0.7
2024-08-29T02:00:00Z,28.7,4.05,0.0,19.0,0.7,0.16,1.2
2024-08-29T03:00:00Z,28.9,3.43,0.1,21.0,0.66,-0.08,1.1
2024-08-29T04:00:00Z,29.3,3.52,0.0,11.0,0.66,-0.27,1.1
2024-08-29T05:00:00Z,29.5,3.86,0.0,4.0,0.66,-0.37,1.3
2024-08-29T06:00:00Z,29.6,4.21,0.0,1.0,0.66,-0.29,1.8
2024-08-29T07:00:00Z,29.6,4.55,0.0,3.0,0.62,-0.01,2.9
2024-08-29T08:00:00Z,29.5,4.9,0.0,1.0,0.6,0.36,3.8
2024-08-29T09:00:00Z,29.4,5.21,0.0,0.0,0.56,0.75,4.4
2024-08-29T10:00:00Z,29.1,5.39,0.0,0.0,0.56,1.18,4.3
2024-08-29T11:00:00Z,29.0,5.37,0.0,0.0,0.54,1.54,4.0
2024-08-29T12:00:00Z,28.9,5.14,0.0,2.0,0.54,1.72,3.1
2024-08-29T13:00:00Z,28.8,4.74,0.0,5.0,0.5,1.66,1.9
2024-08-29T14:00:00Z,28.7,4.22,0.0,5.0,0.48,1.41,1.0
2024-08-29T15:00:00Z,28.5,3.56,0.0,11.0,0.44,1.07,1.1
2024-08-29T16:00:00Z,28.4,2.38,0.0,6.0,0.42,0.69,1.4
2024-08-29T17:00:00Z,28.3,1.26,0.0,4.0,0.38,0.32,1.7
2024-08-29T18:00:00Z,28.2,0.7,0.0,5.0,0.36,0.04,1.7
2024-08-29T19:00:00Z,28.3,0.92,0.0,7.0,0.34,-0.06,1.3
2024-08-29T20:00:00Z,28.4,1.27,0.0,7.0,0.32,0.03,1.3
2024-08-29T21:00:00Z,28.4,1.87,0.0,9.0,0.3,0.19,2.1
2024-08-29T22:00:00Z,28.2,2.29,0.0,14.0,0.3,0.43,2.6
2024-08-29T23:00:00Z,28.3,2.71,0.0,8.0,0.3,0.69,2.5
2024-08-30T00:00:00Z,28.4,2.93,0.0,7.0,0.3,0.85,2.4
2024-08-30T01:00:00Z,28.5,2.84,0.0,4.0,0.3,0.82,1.8
2024-08-30T02:00:00Z,28.6,2.61,0.0,1.0,0.28,0.59,1.2
2024-08-30T03:00:00Z,28.8,2.69,0.0,0.0,0.28,0.25,1.3
2024-08-30T04:00:00Z,28.9,2.93,0.0,2.0,0.28,-0.09,1.3
2024-08-30T05:00:00Z,28.9,3.29,0.0,2.0,0.28,-0.39,1.3
2024-08-30T06:00:00Z,29.0,3.66,0.0,4.0,0.28,-0.58,1.3
2024-08-30T07:00:00Z,29.0,3.99,0.0,8.0,0.28,-0.56,1.5
2024-08-30T08:00:00Z,28.9,4.34,0.0,9.0,0.3,-0.28,2.6
2024-08-30T09:00:00Z,28.9,4.31,0.0,9.0,0.3,0.13,3.8
2024-08-30T10:00:00Z,28.8,4.39,0.0,6.0,0.3,0.63,4.5
2024-08-30T11:00:00Z,28.7,4.1,0.0,12.0,0.3,1.16,4.7
2024-08-30T12:00:00Z,28.6,3.95,0.0,15.0,0.3,1.6,4.1
2024-08-30T13:00:00Z,28.5,4.16,0.0,18.0,0.3,1.79,3.1
2024-08-30T14:00:00Z,28.5,3.97,0.0,6.0,0.28,1.7,1.5
2024-08-30T15:00:00Z,28.4,3.48,0.0,10.0,0.28,1.37,0.4
2024-08-30T16:00:00Z,28.4,2.9,0.0,6.0,0.26,0.91,1.7
2024-08-30T17:00:00Z,28.4,2.36,0.0,9.0,0.22,0.42,2.5
2024-08-30T18:00:00Z,28.4,1.83,0.0,7.0,0.2,-0.05,2.9
2024-08-30T19:00:00Z,28.3,1.84,0.0,7.0,0.2,-0.38,2.6
2024-08-30T20:00:00Z,28.4,2.23,0.0,2.0,0.2,-0.46,1.3
2024-08-30T21:00:00Z,28.4,2.35,0.0,0.0,0.2,-0.33,0.4
2024-08-30T22:00:00Z,28.1,1.97,0.0,1.0,0.22,-0.06,1.8
2024-08-30T23:00:00Z,28.2,2.62,0.0,3.0,0.22,0.3,2.5
2024-08-31T00:00:00Z,28.2,3.32,0.0,5.0,0.24,0.67,2.8
2024-08-31T01:00:00Z,28.3,3.89,0.0,11.0,0.26,0.89,2.4
2024-08-31T02:00:00Z,28.4,4.32,0.0,7.0,0.3,0.82,1.5
2024-08-31T03:00:00Z,28.4,4.46,0.0,2.0,0.32,0.52,0.3
2024-08-31T04:00:00Z,28.5,4.36,0.0,4.0,0.34,0.11,0.9
2024-08-31T05:00:00Z,28.5,4.25,0.0,7.0,0.36,-0.29,1.6
2024-08-31T06:00:00Z,28.6,4.05,0.0,3.0,0.38,-0.67,1.7
2024-08-31T07:00:00Z,28.5,3.97,0.0,2.0,0.38,-0.89,1.2
2024-08-31T08:00:00Z,28.6,3.96,0.0,2.0,0.36,-0.84,0.6
2024-08-31T09:00:00Z,28.6,4.0,0.0,0.0,0.36,-0.5,2.2
2024-08-31T10:00:00Z,28.7,4.67,0.0,3.0,0.36,0.02,3.8
2024-08-31T11:00:00Z,28.6,5.13,0.0,5.0,0.34,0.63,4.7
2024-08-31T12:00:00Z,28.6,5.31,0.0,9.0,0.34,1.27,5.1
2024-08-31T13:00:00Z,28.6,5.13,0.0,24.0,0.34,1.75,4.4
2024-08-31T14:00:00Z,28.6,4.74,0.0,47.0,0.34,1.9,2.9
2024-08-31T15:00:00Z,28.5,4.41,0.0,77.0,0.34,1.7,1.1
2024-08-31T16:00:00Z,28.5,4.53,0.0,96.0,0.32,1.25,0.9
2024-08-31T17:00:00Z,28.4,5.01,0.0,90.0,0.3,0.69,2.3
2024-08-31T18:00:00Z,28.3,5.29,0.0,32.0,0.28,0.11,3.2
2024-08-31T19:00:00Z,28.3,5.2,0.0,10.0,0.28,-0.4,3.4
2024-08-31T20:00:00Z,28.3,4.94,0.0,15.0,0.26,-0.7,2.7
2024-08-31T21:00:00Z,28.3,4.45,0.0,27.0,0.26,-0.68,1.1
2024-08-31T22:00:00Z,28.4,4.12,0.0,30.0,0.24,-0.42,0.9
2024-08-31T23:00:00Z,28.4,3.94,0.0,19.0,0.24,-0.01,2.4
2024-09-01T00:00:00Z,28.5,3.94,0.0,15.0,0.22,0.48,3.3
2024-09-01T01:00:00Z,28.6,4.17,0.0,13.0,0.22,0.92,3.5
2024-09-01T02:00:00Z,28.8,4.45,0.0,10.0,0.2,1.11,2.8
2024-09-01T03:00:00Z,29.0,4.69,0.0,26.0,0.2,0.96,1.5
2024-09-01T04:00:00Z,29.0,5.02,0.0,27.0,0.24,0.55,0.4
2024-09-01T05:00:00Z,29.1,5.64,0.0,12.0,0.26,0.02,1.3
2024-09-01T06:00:00Z,29.1,6.12,0.0,6.0,0.3,-0.49,2.0
2024-09-01T07:00:00Z,29.0,6.31,0.0,6.0,0.36,-0.91,2.2
2024-09-01T08:00:00Z,29.0,6.26,0.0,5.0,0.42,-1.12,1.5
2024-09-01T09:00:00Z,29.0,6.31,0.0,3.0,0.48,-0.98,0.4
2024-09-01T10:00:00Z,29.0,6.22,0.0,7.0,0.48,-0.51,2.5
2024-09-01T11:00:00Z,28.9,6.51,0.0,15.0,0.48,0.15,4.3
2024-09-01T12:00:00Z,29.0,6.54,0.0,14.0,0.48,0.88,5.4
2024-09-01T13:00:00Z,28.9,6.35,0.0,28.0,0.44,1.57,5.4
2024-09-01T14:00:00Z,28.9,6.1,0.0,53.0,0.42,2.0,4.4
2024-09-01T15:00:00Z,28.9,6.13,0.0,51.0,0.38,2.02,2.4
2024-09-01T16:00:00Z,28.8,5.96,0.0,57.0,0.34,1.68,0.4
2024-09-01T17:00:00Z,28.7,5.51,0.0,59.0,0.32,1.09,2.0
2024-09-01T18:00:00Z,28.7,5.31,0.0,76.0,0.28,0.44,3.4
2024-09-01T19:00:00Z,28.6,5.05,0.0,80.0,0.26,-0.18,4.0
2024-09-01T20:00:00Z,28.6,4.58,0.0,28.0,0.24,-0.67,3.8
2024-09-01T21:00:00Z,28.6,4.56,0.0,39.0,0.22,-0.86,2.5
2024-09-01T22:00:00Z,28.8,4.49,0.0,16.0,0.2,-0.7,0.4
2024-09-01T23:00:00Z,28.8,4.65,0.0,12.0,0.2,-0.27,2.0
2024-09-02T00:00:00Z,28.9,4.17,0.0,13.0,0.18,0.27,3.4
2024-09-02T01:00:00Z,29.0,4.31,0.0,5.0,0.18,0.83,4.0
2024-09-02T02:00:00Z,29.2,4.27,0.0,8.0,0.16,1.23,3.7
2024-09-02T03:00:00Z,29.3,4.41,0.0,35.0,0.16,1.3,2.4
2024-09-02T04:00:00Z,29.4,4.68,0.0,57.0,0.16,1.0,0.6
2024-09-02T05:00:00Z,29.5,4.67,0.0,42.0,0.18,0.46,1.1
2024-09-02T06:00:00Z,29.5,4.63,0.0,28.0,0.18,-0.15,2.3
2024-09-02T07:00:00Z,29.4,4.39,0.0,41.0,0.2,-0.69,2.7
2024-09-02T08:00:00Z,29.3,4.0,0.0,67.0,0.24,-1.08,2.3
2024-09-02T09:00:00Z,29.2,4.59,0.0,91.0,0.26,-1.18,1.0
2024-09-02T10:00:00Z,29.3,5.18,0.0,97.0,0.28,-0.88,1.3
2024-09-02T11:00:00Z,29.3,5.28,0.0,100.0,0.28,-0.26,3.8
2024-09-02T12:00:00Z,29.2,5.49,0.0,95.0,0.3,0.52,5.6
2024-09-02T13:00:00Z,29.1,5.11,0.0,2.0,0.3,1.3,6.3
2024-09-02T14:00:00Z,29.1,4.57,0.0,3.0,0.32,1.92,6.0
2024-09-02T15:00:00Z,29.0,4.36,0.0,5.0,0.32,2.2,4.5
2024-09-02T16:00:00Z,29.0,4.36,0.0,8.0,0.3,2.05,2.2
2024-09-02T17:00:00Z,28.9,4.21,0.0,32.0,0.3,1.53,0.4
2024-09-02T18:00:00Z,28.8,3.75,0.0,85.0,0.28,0.84,2.3
2024-09-02T19:00:00Z,28.7,3.81,0.0,88.0,0.28,0.13,3.6
2024-09-02T20:00:00Z,28.7,4.11,0.0,80.0,0.26,-0.48,4.0
2024-09-02T21:00:00Z,28.7,4.08,0.0,49.0,0.26,-0.86,3.3
2024-09-02T22:00:00Z,28.6,3.69,0.0,18.0,0.24,-0.88,1.6
2024-09-02T23:00:00Z,28.7,3.84,0.0,13.0,0.24,-0.53,1.1
2024-09-03T00:00:00Z,28.8,3.77,0.0,22.0,0.22,0.03,3.2
2024-09-03T01:00:00Z,28.9,3.7,0.0,27.0,0.22,0.64,4.3
2024-09-03T02:00:00Z,28.9,3.58,0.0,28.0,0.2,1.17,4.5
2024-09-03T03:00:00Z,29.0,3.45,0.0,38.0,0.2,1.44,3.6
2024-09-03T04:00:00Z,29.1,3.56,0.0,32.0,0.2,1.35,2.2
2024-09-03T05:00:00Z,29.2,3.81,0.0,38.0,0.18,0.9,0.4
2024-09-03T06:00:00Z,29.2,4.59,0.0,43.0,0.18,0.27,1.6
2024-09-03T07:00:00Z,29.2,4.72,0.0,70.0,0.2,-0.36,2.4
2024-09-03T08:00:00Z,29.3,4.59,0.0,78.0,0.24,-0.86,2.4
2024-09-03T09:00:00Z,29.3,4.83,0.0,68.0,0.26,-1.14,1.7
2024-09-03T10:00:00Z,28.9,4.6,0.0,75.0,0.26,-1.08,1.1
2024-09-03T11:00:00Z,28.9,4.99,0.0,64.0,0.26,-0.61,3.2
2024-09-03T12:00:00Z,28.9,4.67,0.0,49.0,0.26,0.13,5.6
2024-09-03T13:00:00Z,28.9,4.37,0.0,11.0,0.26,0.93,6.7
2024-09-03T14:00:00Z,28.9,4.8,0.0,3.0,0.28,1.63,6.5
2024-09-03T15:00:00Z,28.8,5.03,0.0,10.0,0.28,2.08,5.2
2024-09-03T16:00:00Z,28.8,5.05,0.0,14.0,0.28,2.14,3.1
2024-09-03T17:00:00Z,28.8,4.76,0.0,34.0,0.3,1.78,0.4
2024-09-03T18:00:00Z,28.7,4.35,0.0,100.0,0.3,1.12,2.2
2024-09-03T19:00:00Z,28.7,3.86,0.0,100.0,0.3,0.37,3.8
2024-09-03T20:00:00Z,28.7,3.4,0.0,100.0,0.28,-0.31,4.5
2024-09-03T21:00:00Z,28.7,2.87,0.0,100.0,0.28,-0.81,4.0
2024-09-03T22:00:00Z,28.7,2.21,0.0,90.0,0.26,-1.01,2.7
2024-09-03T23:00:00Z,28.5,2.95,0.0,91.0,0.24,-0.8,0.7
2024-09-04T00:00:00Z,28.4,3.83,0.0,81.0,0.22,-0.24,2.7
2024-09-04T01:00:00Z,28.5,4.07,0.0,54.0,0.22,0.45,4.7
2024-09-04T02:00:00Z,28.6,3.98,0.0,62.0,0.2,1.08,5.4
2024-09-04T03:00:00Z,28.7,3.77,0.0,74.0,0.2,1.52,4.9
2024-09-04T04:00:00Z,28.8,3.83,0.0,70.0,0.2,1.64,3.6
2024-09-04T05:00:00Z,28.8,3.91,0.0,58.0,0.22,1.38,1.5
2024-09-04T06:00:00Z,28.9,4.22,0.0,38.0,0.22,0.81,0.7
2024-09-04T07:00:00Z,28.9,4.88,0.0,6.0,0.28,0.13,2.5
2024-09-04T08:00:00Z,28.9,5.34,0.0,0.0,0.32,-0.48,3.3
2024-09-04T09:00:00Z,28.8,5.74,0.0,0.0,0.38,-0.89,3.1
2024-09-04T10:00:00Z,28.9,5.44,0.0,0.0,0.4,-1.01,1.9
2024-09-04T11:00:00Z,28.8,6.44,0.0,0.0,0.44,-0.75,0.9
2024-09-04T12:00:00Z,28.8,6.77,0.0,0.0,0.46,-0.11,3.3
2024-09-04T13:00:00Z,28.8,6.62,0.0,0.0,0.46,0.7,5.2
2024-09-04T14:00:00Z,28.7,6.4,0.0,0.0,0.44,1.45,5.8
2024-09-04T15:00:00Z,28.7,6.2,0.0,4.0,0.44,1.99,5.1
2024-09-04T16:00:00Z,28.6,6.24,0.0,6.0,0.42,2.21,3.5
2024-09-04T17:00:00Z,28.5,6.13,0.0,9.0,0.4,2.03,1.2
2024-09-04T18:00:00Z,28.4,5.68,0.0,18.0,0.38,1.48,1.5
2024-09-04T19:00:00Z,28.3,5.36,0.0,13.0,0.36,0.73,3.6
2024-09-04T20:00:00Z,28.1,5.0,0.0,9.0,0.34,-0.01,4.7
2024-09-04T21:00:00Z,28.0,4.83,0.0,11.0,0.32,-0.59,4.5
2024-09-04T22:00:00Z,28.1,4.0,0.0,7.0,0.3,-0.92,3.5
2024-09-04T23:00:00Z,28.1,4.12,0.0,5.0,0.3,-0.9,1.6
2024-09-05T00:00:00Z,28.1,4.19,0.0,4.0,0.28,-0.47,1.4
2024-09-05T01:00:00Z,28.2,4.02,0.0,5.0,0.28,0.22,3.8
2024-09-05T02:00:00Z,28.3,3.81,0.0,3.0,0.26,0.9,5.2
2024-09-05T03:00:00Z,28.4,3.72,0.0,1.0,0.26,1.43,5.2
2024-09-05T04:00:00Z,28.4,3.92,0.0,3.0,0.28,1.69,4.2
2024-09-05T05:00:00Z,28.6,4.16,0.0,1.0,0.32,1.62,2.4
2024-09-05T06:00:00Z,28.6,4.47,0.0,0.0,0.34,1.2,0.5
2024-09-05T07:00:00Z,28.7,4.86,0.0,0.0,0.36,0.55,1.6
2024-09-05T08:00:00Z,28.7,4.9,0.0,0.0,0.36,-0.13,2.7
2024-09-05T09:00:00Z,28.7,4.6,0.0,0.0,0.38,-0.65,2.9
2024-09-05T10:00:00Z,29.0,4.18,0.0,37.0,0.38,-0.92,2.1
2024-09-05T11:00:00Z,28.9,5.48,0.0,24.0,0.38,-0.87,0.7
2024-09-05T12:00:00Z,28.9,6.06,0.0,50.0,0.38,-0.44,2.4
2024-09-05T13:00:00Z,28.8,6.09,0.0,35.0,0.38,0.29,4.7
2024-09-05T14:00:00Z,28.8,5.71,0.0,37.0,0.36,1.07,5.9
2024-09-05T15:00:00Z,28.7,5.46,0.0,4.0,0.36,1.66,5.8
2024-09-05T16:00:00Z,28.7,5.14,0.0,0.0,0.34,1.99,4.4
2024-09-05T17:00:00Z,28.6,4.59,0.0,1.0,0.34,1.97,2.2
2024-09-05T18:00:00Z,28.6,4.34,0.0,5.0,0.32,1.59,0.4
2024-09-05T19:00:00Z,28.5,4.56,0.0,3.0,0.32,0.93,2.5
2024-09-05T20:00:00Z,28.4,4.85,0.0,14.0,0.34,0.17,4.0
2024-09-05T21:00:00Z,28.3,4.87,0.0,22.0,0.34,-0.48,4.4
2024-09-05T22:00:00Z,28.0,4.1,0.0,31.0,0.32,-0.88,3.6
2024-09-05T23:00:00Z,28.0,4.65,0.0,45.0,0.3,-0.98,1.9
2024-09-06T00:00:00Z,28.2,5.02,0.0,68.0,0.28,-0.72,0.8
2024-09-06T01:00:00Z,28.3,5.22,0.0,55.0,0.28,-0.1,3.2
2024-09-06T02:00:00Z,28.5,5.14,0.0,73.0,0.3,0.65,5.2
2024-09-06T03:00:00Z,28.7,5.06,0.0,72.0,0.3,1.26,5.6
2024-09-06T04:00:00Z,28.8,4.79,0.0,82.0,0.32,1.62,4.7
2024-09-06T05:00:00Z,28.9,4.64,0.0,72.0,0.34,1.69,2.8
2024-09-06T06:00:00Z,29.0,4.58,0.0,50.0,0.36,1.44,0.8
2024-09-06T07:00:00Z,29.0,4.74,0.0,36.0,0.34,0.9,1.7
2024-09-06T08:00:00Z,29.0,5.07,0.0,33.0,0.34,0.22,3.2
2024-09-06T09:00:00Z,28.9,5.24,0.0,8.0,0.32,-0.4,4.0
2024-09-06T10:00:00Z,29.0,4.71,0.0,25.0,0.32,-0.8,3.5
2024-09-06T11:00:00Z,28.9,5.37,0.0,9.0,0.34,-0.91,2.1
2024-09-06T12:00:00Z,28.9,5.7,0.0,2.0,0.34,-0.71,0.9
2024-09-06T13:00:00Z,28.8,5.77,0.0,2.0,0.36,-0.16,2.6
2024-09-06T14:00:00Z,28.8,5.6,0.0,0.0,0.36,0.57,4.5
2024-09-06T15:00:00Z,28.7,5.23,0.0,0.0,0.38,1.22,5.2
2024-09-06T16:00:00Z,28.7,5.02,0.0,0.0,0.38,1.6,4.3
2024-09-06T17:00:00Z,28.6,4.72,0.0,3.0,0.36,1.7,2.5
2024-09-06T18:00:00Z,28.6,4.52,0.0,11.0,0.36,1.49,0.5
2024-09-06T19:00:00Z,28.5,4.57,0.0,11.0,0.36,0.98,1.8
2024-09-06T20:00:00Z,28.4,4.73,0.0,17.0,0.38,0.3,3.6
2024-09-06T21:00:00Z,28.3,4.89,0.0,17.0,0.38,-0.38,4.5
2024-09-06T22:00:00Z,28.1,4.4,0.0,9.0,0.38,-0.87,4.2
2024-09-06T23:00:00Z,28.2,4.95,0.0,4.0,0.4,-1.06,2.8
2024-09-07T00:00:00Z,28.3,5.2,0.0,10.0,0.4,-0.95,0.9
2024-09-07T01:00:00Z,28.5,4.92,0.0,6.0,0.38,-0.49,2.1
2024-09-07T02:00:00Z,28.6,4.32,0.0,4.0,0.38,0.21,4.3
2024-09-07T03:00:00Z,28.7,3.75,0.0,1.0,0.36,0.92,5.6
2024-09-07T04:00:00Z,28.9,3.4,0.0,2.0,0.34,1.39,5.2
2024-09-07T05:00:00Z,28.9,3.48,0.0,1.0,0.34,1.6,3.8
2024-09-07T06:00:00Z,28.9,3.85,0.0,2.0,0.32,1.53,1.8
2024-09-07T07:00:00Z,29.0,4.29,0.0,1.0,0.34,1.18,0.4
2024-09-07T08:00:00Z,29.0,4.92,0.0,0.0,0.36,0.61,2.0
2024-09-07T09:00:00Z,29.0,5.47,0.0,0.0,0.38,-0.01,3.3
2024-09-07T10:00:00Z,28.9,4.89,0.0,1.0,0.4,-0.49,3.5
2024-09-07T11:00:00Z,28.8,5.7,0.0,9.0,0.4,-0.72,2.6
2024-09-07T12:00:00Z,28.8,6.2,0.0,3.0,0.42,-0.69,1.0
2024-09-07T13:00:00Z,28.8,6.44,0.0,7.0,0.42,-0.36,1.5
2024-09-07T14:00:00Z,28.7,6.13,0.0,4.0,0.44,0.22,3.3
2024-09-07T15:00:00Z,28.7,5.61,0.0,9.0,0.44,0.88,4.7
2024-09-07T16:00:00Z,28.5,4.88,0.1,9.0,0.4,1.34,4.5
2024-09-07T17:00:00Z,28.3,4.38,0.0,7.0,0.38,1.52,3.1
2024-09-07T18:00:00Z,28.2,3.89,0.0,9.0,0.34,1.43,1.1
2024-09-07T19:00:00Z,28.1,3.49,0.0,10.0,0.32,1.09,1.0
2024-09-07T20:00:00Z,27.9,3.24,0.1,21.0,0.32,0.53,2.5
2024-09-07T21:00:00Z,27.8,3.25,0.1,18.0,0.3,-0.1,3.8
2024-09-07T22:00:00Z,27.8,3.63,0.1,14.0,0.28,-0.64,3.9
2024-09-07T23:00:00Z,27.9,4.24,0.0,11.0,0.28,-0.94,3.0
2024-09-08T00:00:00Z,28.0,4.56,0.0,11.0,0.26,-0.93,1.4
2024-09-08T01:00:00Z,28.0,4.5,0.0,8.0,0.26,-0.63,1.5
2024-09-08T02:00:00Z,28.0,4.35,0.0,4.0,0.28,-0.07,3.6
2024-09-08T03:00:00Z,28.0,4.27,0.0,8.0,0.28,0.63,5.2
2024-09-08T04:00:00Z,28.2,4.32,0.0,4.0,0.32,1.22,5.8
2024-09-08T05:00:00Z,28.3,4.52,0.0,2.0,0.34,1.52,4.7
2024-09-08T06:00:00Z,28.3,4.91,0.0,0.0,0.38,1.56,2.9
2024-09-08T07:00:00Z,28.3,5.24,0.0,5.0,0.4,1.38,1.0
2024-09-08T08:00:00Z,28.2,5.51,0.0,11.0,0.44,0.98,1.0
2024-09-08T09:00:00Z,28.2,5.67,0.0,6.0,0.46,0.45,2.5
2024-09-08T10:00:00Z,28.9,5.33,0.0,7.0,0.46,-0.06,3.3
2024-09-08T11:00:00Z,28.8,5.85,0.0,3.0,0.44,-0.39,2.9
2024-09-08T12:00:00Z,28.7,6.13,0.0,2.0,0.44,-0.48,1.7
2024-09-08T13:00:00Z,28.7,6.41,0.0,7.0,0.44,-0.32,0.6
2024-09-08T14:00:00Z,28.6,6.4,0.0,8.0,0.42,0.06,2.0
2024-09-08T15:00:00Z,28.5,5.87,0.0,7.0,0.42,0.6,3.4
2024-09-08T16:00:00Z,28.3,5.44,0.1,7.0,0.38,1.09,4.2
2024-09-08T17:00:00Z,28.0,5.1,0.2,13.0,0.36,1.33,3.4
2024-09-08T18:00:00Z,27.9,4.67,0.1,10.0,0.32,1.3,1.9
2024-09-08T19:00:00Z,27.8,4.23,0.1,20.0,0.34,1.07,0.5
2024-09-08T20:00:00Z,27.9,4.3,0.1,14.0,0.34,0.68,1.7
2024-09-08T21:00:00Z,27.9,4.7,0.1,22.0,0.36,0.16,3.1
2024-09-08T22:00:00Z,27.8,4.91,0.1,31.0,0.34,-0.37,3.6
2024-09-08T23:00:00Z,27.9,5.35,0.1,14.0,0.34,-0.75,3.3
2024-09-09T00:00:00Z,28.1,5.55,0.0,14.0,0.32,-0.87,1.9
2024-09-09T01:00:00Z,28.3,5.51,0.0,4.0,0.32,-0.7,0.6
2024-09-09T02:00:00Z,28.5,5.12,0.0,0.0,0.32,-0.31,2.4
2024-09-09T03:00:00Z,28.7,4.95,0.0,0.0,0.32,0.26,4.1
2024-09-09T04:00:00Z,28.8,4.87,0.0,0.0,0.34,0.88,5.2
2024-09-09T05:00:00Z,28.9,4.67,0.0,2.0,0.38,1.31,5.1
2024-09-09T06:00:00Z,29.0,4.86,0.0,2.0,0.4,1.46,3.6
2024-09-09T07:00:00Z,29.0,5.66,0.0,2.0,0.44,1.4,1.9
2024-09-09T08:00:00Z,29.1,5.93,0.0,4.0,0.46,1.17,0.6
2024-09-09T09:00:00Z,29.2,5.9,0.0,3.0,0.5,0.8,1.3
2024-09-09T10:00:00Z,29.3,6.75,0.0,16.0,0.54,0.35,2.3
2024-09-09T11:00:00Z,29.2,7.61,0.0,6.0,0.56,-0.03,2.7
2024-09-09T12:00:00Z,29.2,7.22,0.0,34.0,0.6,-0.23,2.1
2024-09-09T13:00:00Z,29.1,6.93,0.0,34.0,0.6,-0.21,0.8
2024-09-09T14:00:00Z,29.0,7.05,0.0,43.0,0.6,-0.02,0.8
2024-09-09T15:00:00Z,28.9,6.48,0.0,65.0,0.6,0.33,2.2
2024-09-09T16:00:00Z,28.9,5.52,0.0,73.0,0.58,0.76,3.1
2024-09-09T17:00:00Z,28.8,5.54,0.0,66.0,0.56,1.08,3.2
2024-09-09T18:00:00Z,28.7,6.11,0.0,77.0,0.54,1.15,2.2
2024-09-09T19:00:00Z,28.6,6.71,0.0,90.0,0.58,1.02,0.6
2024-09-09T20:00:00Z,28.6,7.14,0.0,100.0,0.64,0.76,1.0
2024-09-09T21:00:00Z,28.7,7.64,0.0,100.0,0.68,0.4,2.0
2024-09-09T22:00:00Z,28.6,7.44,0.0,100.0,0.72,-0.04,2.9
2024-09-09T23:00:00Z,28.8,7.65,0.0,100.0,0.78,-0.42,3.0
2024-09-10T00:00:00Z,28.9,8.64,0.0,100.0,0.82,-0.64,2.3
2024-09-10T01:00:00Z,28.9,9.27,0.0,100.0,0.9,-0.61,1.3
2024-09-10T02:00:00Z,28.6,9.17,0.3,100.0,0.98,-0.36,1.5
2024-09-10T03:00:00Z,28.6,9.33,1.0,100.0,1.06,0.06,3.0
2024-09-10T04:00:00Z,28.4,9.72,1.4,100.0,1.12,0.59,4.4
2024-09-10T05:00:00Z,28.0,10.28,1.9,100.0,1.2,1.11,4.9
2024-09-10T06:00:00Z,27.6,10.14,1.8,100.0,1.26,1.41,4.3
2024-09-10T07:00:00Z,27.8,9.94,3.8,100.0,1.28,1.46,2.9
2024-09-10T08:00:00Z,28.0,9.65,3.3,100.0,1.32,1.38,1.3
2024-09-10T09:00:00Z,28.0,9.62,3.4,100.0,1.34,1.17,0.2
2024-09-10T10:00:00Z,27.7,10.08,3.2,100.0,1.4,0.86,1.1
2024-09-10T11:00:00Z,28.0,10.79,2.9,100.0,1.46,0.51,1.8
2024-09-10T12:00:00Z,27.9,11.62,2.8,100.0,1.52,0.24,1.8
2024-09-10T13:00:00Z,28.0,11.72,2.4,100.0,1.5,0.16,1.2
2024-09-10T14:00:00Z,28.2,10.55,0.9,100.0,1.46,0.22,0.6
2024-09-10T15:00:00Z,28.1,10.58,1.0,100.0,1.44,0.38,1.2
2024-09-10T16:00:00Z,28.2,10.12,0.9,100.0,1.38,0.63,2.0
2024-09-10T17:00:00Z,28.1,9.9,0.8,100.0,1.34,0.91,2.5
2024-09-10T18:00:00Z,28.1,10.1,0.6,100.0,1.28,1.05,2.2
2024-09-10T19:00:00Z,28.0,10.12,0.4,100.0,1.26,0.99,1.2
2024-09-10T20:00:00Z,28.1,9.98,0.3,100.0,1.22,0.81,0.6
2024-09-10T21:00:00Z,28.0,9.63,0.2,100.0,1.2,0.56,1.5
2024-09-10T22:00:00Z,28.3,8.68,0.1,98.0,1.16,0.25,2.4
2024-09-10T23:00:00Z,28.4,8.83,0.1,100.0,1.12,-0.1,2.7
2024-09-11T00:00:00Z,28.5,8.35,0.2,93.0,1.08,-0.39,2.7
2024-09-11T01:00:00Z,28.8,8.31,0.0,94.0,1.06,-0.52,1.9
2024-09-11T02:00:00Z,28.8,8.52,0.1,100.0,1.04,-0.47,0.8
2024-09-11T03:00:00Z,28.9,8.3,0.1,100.0,1.02,-0.26,1.1
2024-09-11T04:00:00Z,28.9,8.24,0.1,100.0,1.02,0.07,2.4
2024-09-11T05:00:00Z,28.9,8.69,0.1,100.0,1.04,0.48,3.4
2024-09-11T06:00:00Z,28.9,8.71,0.1,99.0,1.04,0.87,4.0
2024-09-11T07:00:00Z,29.1,8.97,0.2,92.0,0.98,1.09,3.3
2024-09-11T08:00:00Z,29.1,8.94,0.1,99.0,0.92,1.13,2.1
2024-09-11T09:00:00Z,28.9,8.84,0.0,99.0,0.86,1.09,1.2
2024-09-11T10:00:00Z,29.0,7.42,0.0,100.0,0.82,0.97,0.7
2024-09-11T11:00:00Z,28.9,7.34,0.0,100.0,0.78,0.74,1.2
2024-09-11T12:00:00Z,28.9,8.35,0.1,100.0,0.74,0.47,1.8
2024-09-11T13:00:00Z,28.8,8.31,0.1,99.0,0.72,0.24,2.0
2024-09-11T14:00:00Z,28.8,7.96,0.1,99.0,0.68,0.12,1.4
2024-09-11T15:00:00Z,28.9,8.08,0.0,100.0,0.66,0.12,0.5
2024-09-11T16:00:00Z,28.8,8.0,0.1,99.0,0.66,0.19,0.4
2024-09-11T17:00:00Z,28.6,6.64,0.1,100.0,0.66,0.33,1.1
2024-09-11T18:00:00Z,28.6,6.75,0.0,99.0,0.66,0.51,1.5
2024-09-11T19:00:00Z,28.5,6.96,0.0,100.0,0.64,0.59,1.5
2024-09-11T20:00:00Z,28.5,7.07,0.0,99.0,0.64,0.51,1.0
2024-09-11T21:00:00Z,28.5,7.43,0.0,99.0,0.62,0.38,1.0
2024-09-11T22:00:00Z,28.5,6.69,0.0,100.0,0.64,0.22,1.5
2024-09-11T23:00:00Z,28.5,6.95,0.0,99.0,0.68,0.01,1.9
2024-09-12T00:00:00Z,28.5,7.12,0.0,97.0,0.7,-0.22,2.0
2024-09-12T01:00:00Z,28.7,7.11,0.0,96.0,0.7,-0.43,2.0
2024-09-12T02:00:00Z,28.8,6.69,0.0,95.0,0.7,-0.52,1.4
2024-09-12T03:00:00Z,28.7,6.42,0.0,88.0,0.7,-0.46,0.4
2024-09-12T04:00:00Z,28.7,6.78,0.0,79.0,0.66,-0.31,0.7
2024-09-12T05:00:00Z,28.7,7.18,0.0,72.0,0.64,-0.07,1.8
2024-09-12T06:00:00Z,28.6,7.3,0.0,50.0,0.6,0.29,2.9
2024-09-12T07:00:00Z,28.6,7.24,0.0,35.0,0.62,0.63,3.5
2024-09-12T08:00:00Z,28.7,7.26,0.0,19.0,0.66,0.84,3.2
2024-09-12T09:00:00Z,28.7,7.53,0.0,7.0,0.68,0.96,2.3
2024-09-12T10:00:00Z,28.9,7.29,0.0,24.0,0.7,1.03,1.5
2024-09-12T11:00:00Z,29.0,7.77,0.0,58.0,0.7,1.0,1.0
2024-09-12T12:00:00Z,29.0,8.26,0.0,50.0,0.72,0.86,0.8
2024-09-12T13:00:00Z,29.0,7.95,0.0,54.0,0.72,0.63,1.5
2024-09-12T14:00:00Z,28.9,7.56,0.0,33.0,0.74,0.4,1.8
2024-09-12T15:00:00Z,28.8,7.35,0.0,50.0,0.74,0.23,1.6
2024-09-12T16:00:00Z,28.7,7.23,0.0,82.0,0.7,0.13,1.3
2024-09-12T17:00:00Z,28.6,7.28,0.0,81.0,0.68,0.08,0.7
2024-09-12T18:00:00Z,28.5,7.09,0.0,84.0,0.64,0.14,0.4
2024-09-12T19:00:00Z,28.4,6.69,0.0,94.0,0.6,0.26,0.8
2024-09-12T20:00:00Z,28.3,6.11,0.0,96.0,0.56,0.32,1.0
2024-09-12T21:00:00Z,28.2,5.45,0.0,95.0,0.52,0.31,0.7
2024-09-12T22:00:00Z,28.4,4.53,0.0,71.0,0.48,0.3,0.8
2024-09-12T23:00:00Z,28.5,4.47,0.0,67.0,0.44,0.27,0.9
2024-09-13T00:00:00Z,28.5,4.43,0.0,41.0,0.4,0.16,1.3
2024-09-13T01:00:00Z,28.6,3.93,0.0,20.0,0.38,-0.04,1.6
2024-09-13T02:00:00Z,28.8,3.88,0.0,9.0,0.36,-0.25,1.7
2024-09-13T03:00:00Z,28.9,4.01,0.0,9.0,0.34,-0.38,1.3
2024-09-13T04:00:00Z,28.9,3.9,0.0,3.0,0.34,-0.42,0.6
2024-09-13T05:00:00Z,28.9,3.9,0.0,2.0,0.32,-0.37,0.5
2024-09-13T06:00:00Z,28.9,3.87,0.0,2.0,0.32,-0.17,1.5
2024-09-13T07:00:00Z,29.0,4.08,0.0,0.0,0.34,0.16,2.7
2024-09-13T08:00:00Z,29.0,4.64,0.0,0.0,0.38,0.52,3.4
2024-09-13T09:00:00Z,28.9,5.01,0.0,0.0,0.4,0.82,3.5
2024-09-13T10:00:00Z,29.0,5.13,0.0,10.0,0.4,1.06,2.8
2024-09-13T11:00:00Z,28.9,5.5,0.0,9.0,0.4,1.26,2.1
2024-09-13T12:00:00Z,28.9,5.6,0.0,13.0,0.4,1.32,1.2
2024-09-13T13:00:00Z,28.9,5.6,0.0,5.0,0.4,1.19,0.4
2024-09-13T14:00:00Z,28.8,5.05,0.0,11.0,0.4,0.93,1.1
2024-09-13T15:00:00Z,28.7,4.86,0.0,4.0,0.4,0.61,1.8
2024-09-13T16:00:00Z,28.6,5.12,0.0,6.0,0.38,0.33,2.0
2024-09-13T17:00:00Z,28.5,5.1,0.0,3.0,0.38,0.1,1.8
2024-09-13T18:00:00Z,28.4,5.0,0.0,5.0,0.36,-0.04,1.3
2024-09-13T19:00:00Z,28.4,5.14,0.0,11.0,0.38,-0.01,0.4
2024-09-13T20:00:00Z,28.3,4.97,0.0,19.0,0.38,0.14,0.7
2024-09-13T21:00:00Z,28.3,5.07,0.0,27.0,0.4,0.28,1.3
2024-09-13T22:00:00Z,28.2,4.52,0.0,100.0,0.42,0.41,1.1
2024-09-13T23:00:00Z,28.3,5.15,0.0,100.0,0.42,0.54,0.9
2024-09-14T00:00:00Z,28.4,5.56,0.0,99.0,0.44,0.61,0.6
2024-09-14T01:00:00Z,28.5,6.19,0.0,100.0,0.48,0.54,0.3
2024-09-14T02:00:00Z,28.6,6.73,0.0,100.0,0.52,0.31,0.9
2024-09-14T03:00:00Z,28.7,7.25,0.0,100.0,0.56,0.02,1.5
2024-09-14T04:00:00Z,28.8,7.74,0.0,99.0,0.6,-0.22,1.5
2024-09-14T05:00:00Z,28.8,8.03,0.0,84.0,0.66,-0.37,1.0
2024-09-14T06:00:00Z,28.9,8.29,0.0,77.0,0.7,-0.39,0.7
2024-09-14T07:00:00Z,29.1,8.25,0.0,89.0,0.76,-0.22,1.5
2024-09-14T08:00:00Z,29.2,8.22,0.0,84.0,0.8,0.15,2.8
2024-09-14T09:00:00Z,29.2,8.23,0.0,95.0,0.86,0.6,3.6
2024-09-14T10:00:00Z,29.0,7.95,0.0,87.0,0.88,1.02,4.0
2024-09-14T11:00:00Z,29.0,8.66,0.0,74.0,0.92,1.4,3.6
2024-09-14T12:00:00Z,28.9,9.03,0.0,58.0,0.94,1.68,2.7
2024-09-14T13:00:00Z,28.8,8.95,0.0,45.0,0.94,1.75,1.6
2024-09-14T14:00:00Z,28.8,8.68,0.0,62.0,0.96,1.57,0.5
2024-09-14T15:00:00Z,28.8,8.8,0.0,88.0,0.96,1.19,1.6
2024-09-14T16:00:00Z,28.8,9.08,0.0,94.0,0.96,0.73,2.5
2024-09-14T17:00:00Z,28.8,9.53,0.0,99.0,0.96,0.3,2.8
2024-09-14T18:00:00Z,28.8,9.66,0.0,96.0,0.96,-0.04,2.7
2024-09-14T19:00:00Z,28.8,9.37,0.0,90.0,0.98,-0.21,1.9
2024-09-14T20:00:00Z,28.7,9.06,0.0,96.0,1.0,-0.13,0.7
2024-09-14T21:00:00Z,28.9,9.24,0.0,89.0,1.02,0.12,1.4
2024-09-14T22:00:00Z,28.8,9.24,0.0,100.0,1.06,0.43,2.2
2024-09-14T23:00:00Z,28.9,10.32,0.1,98.0,1.12,0.75,2.5
2024-09-15T00:00:00Z,29.0,11.24,0.0,83.0,1.16,1.02,2.2
2024-09-15T01:00:00Z,29.0,11.48,0.1,90.0,1.2,1.13,1.7
2024-09-15T02:00:00Z,29.0,11.15,0.1,94.0,1.22,0.99,0.6
2024-09-15T03:00:00Z,29.2,10.94,0.1,96.0,1.26,0.64,1.3
2024-09-15T04:00:00Z,29.3,10.0,0.1,97.0,1.28,0.21,2.2
2024-09-15T05:00:00Z,29.3,10.43,0.1,93.0,1.32,-0.16,2.5
2024-09-15T06:00:00Z,29.2,10.63,0.4,98.0,1.34,-0.41,2.2
2024-09-15T07:00:00Z,28.8,10.5,0.4,98.0,1.36,-0.49,1.6
2024-09-15T08:00:00Z,28.8,11.08,0.1,100.0,1.36,-0.29,1.6
2024-09-15T09:00:00Z,28.9,10.96,0.1,100.0,1.38,0.19,3.0
2024-09-15T10:00:00Z,28.7,9.79,0.1,100.0,1.36,0.81,4.4
2024-09-15T11:00:00Z,28.6,10.27,0.2,100.0,1.34,1.43,4.7
2024-09-15T12:00:00Z,28.8,11.61,0.2,100.0,1.32,1.96,4.5
2024-09-15T13:00:00Z,28.9,13.25,0.0,100.0,1.44,2.3,3.5
2024-09-15T14:00:00Z,28.9,14.15,0.1,100.0,1.56,2.33,1.9
2024-09-15T15:00:00Z,28.9,14.84,0.4,100.0,1.68,1.99,1.3
2024-09-15T16:00:00Z,29.0,15.88,0.2,100.0,1.82,1.41,2.8
2024-09-15T17:00:00Z,28.4,18.25,1.6,100.0,1.96,0.8,4.0
2024-09-15T18:00:00Z,28.1,18.01,1.2,100.0,2.1,0.23,5.0
2024-09-15T19:00:00Z,28.2,16.25,1.5,100.0,2.28,-0.23,5.2
2024-09-15T20:00:00Z,28.4,13.64,0.5,100.0,2.44,-0.42,4.7
2024-09-15T21:00:00Z,28.5,12.75,0.4,100.0,2.62,-0.26,3.3
2024-09-15T22:00:00Z,28.4,12.9,0.7,99.0,2.64,0.12,1.6
2024-09-15T23:00:00Z,28.3,11.51,1.8,100.0,2.68,0.54,0.6
2024-09-16T00:00:00Z,28.0,13.62,3.4,100.0,2.7,0.91,0.6
2024-09-16T01:00:00Z,27.8,16.33,5.6,100.0,2.56,1.1,0.3
2024-09-16T02:00:00Z,27.8,16.26,8.5,100.0,2.42,1.08,0.8
2024-09-16T03:00:00Z,27.8,14.64,10.7,100.0,2.28,0.8,1.7
2024-09-16T04:00:00Z,28.2,13.29,10.0,100.0,2.0,0.32,2.7
2024-09-16T05:00:00Z,28.6,11.82,7.3,100.0,1.74,-0.24,3.4
2024-09-16T06:00:00Z,28.9,9.95,3.1,100.0,1.46,-0.74,3.2
2024-09-16T07:00:00Z,29.0,8.57,0.6,100.0,1.34,-1.05,2.5
2024-09-16T08:00:00Z,29.0,9.12,0.2,100.0,1.24,-1.09,1.1
2024-09-16T09:00:00Z,28.9,9.7,0.1,98.0,1.12,-0.77,1.3
2024-09-16T10:00:00Z,29.3,10.14,0.0,100.0,1.1,-0.13,3.8
2024-09-16T11:00:00Z,29.3,10.09,0.0,99.0,1.06,0.63,5.5
2024-09-16T12:00:00Z,29.3,9.77,0.0,100.0,1.04,1.36,6.0
2024-09-16T13:00:00Z,29.3,9.8,0.0,98.0,1.02,1.95,5.3
2024-09-16T14:00:00Z,29.1,9.82,0.1,91.0,0.98,2.25,3.9
2024-09-16T15:00:00Z,29.0,9.8,0.1,80.0,0.96,2.13,1.9
2024-09-16T16:00:00Z,28.9,10.19,0.1,84.0,0.96,1.64,1.2
2024-09-16T17:00:00Z,28.8,9.29,0.1,80.0,0.96,0.94,2.9
2024-09-16T18:00:00Z,28.6,9.33,0.1,82.0,0.96,0.22,4.4
2024-09-16T19:00:00Z,28.1,9.45,0.2,64.0,0.92,-0.4,4.5
2024-09-16T20:00:00Z,28.2,9.05,0.3,58.0,0.88,-0.8,3.8
2024-09-16T21:00:00Z,28.1,7.93,0.3,51.0,0.84,-0.84,2.0
2024-09-16T22:00:00Z,28.1,6.62,0.3,37.0,0.8,-0.49,0.6
2024-09-16T23:00:00Z,28.1,6.52,0.3,25.0,0.78,0.11,3.0
2024-09-17T00:00:00Z,28.4,6.83,0.2,22.0,0.74,0.75,4.1
2024-09-17T01:00:00Z,28.6,7.25,0.2,10.0,0.74,1.3,4.1
2024-09-17T02:00:00Z,28.9,7.59,0.1,16.0,0.72,1.61,3.0
2024-09-17T03:00:00Z,29.0,7.47,0.0,20.0,0.72,1.56,1.4
2024-09-17T04:00:00Z,29.0,7.36,0.0,25.0,0.7,1.12,1.2
2024-09-17T05:00:00Z,29.0,7.34,0.0,7.0,0.66,0.44,3.1
2024-09-17T06:00:00Z,28.9,7.45,0.0,8.0,0.64,-0.27,4.1
2024-09-17T07:00:00Z,28.9,7.45,0.0,8.0,0.68,-0.84,4.3
2024-09-17T08:00:00Z,28.9,7.95,0.0,12.0,0.7,-1.18,3.4
2024-09-17T09:00:00Z,28.9,8.32,0.0,8.0,0.74,-1.17,1.5
2024-09-17T10:00:00Z,28.7,7.1,0.0,9.0,0.74,-0.72,1.3
2024-09-17T11:00:00Z,28.6,7.55,0.0,9.0,0.72,0.09,4.1
2024-09-17T12:00:00Z,28.5,7.92,0.0,10.0,0.72,0.98,6.0
2024-09-17T13:00:00Z,28.4,7.97,0.0,13.0,0.76,1.77,6.2
2024-09-17T14:00:00Z,28.3,8.16,0.0,11.0,0.78,2.31,5.1
2024-09-17T15:00:00Z,28.2,8.46,0.0,18.0,0.82,2.46,3.1
2024-09-17T16:00:00Z,28.1,8.32,0.0,19.0,0.82,2.14,0.9
2024-09-17T17:00:00Z,28.1,7.97,0.0,8.0,0.82,1.46,2.2
2024-09-17T18:00:00Z,28.1,7.47,0.0,3.0,0.82,0.62,4.1
2024-09-17T19:00:00Z,28.1,6.94,0.0,4.0,0.78,-0.18,5.2
2024-09-17T20:00:00Z,28.1,6.91,0.0,13.0,0.74,-0.79,5.0
2024-09-17T21:00:00Z,28.1,7.28,0.0,17.0,0.7,-1.1,3.6
2024-09-17T22:00:00Z,28.1,6.45,0.0,15.0,0.72,-0.96,1.1
2024-09-17T23:00:00Z,28.2,6.66,0.0,11.0,0.72,-0.39,1.8
2024-09-18T00:00:00Z,28.3,6.96,0.0,22.0,0.74,0.39,4.4
2024-09-18T01:00:00Z,28.3,6.74,0.0,26.0,0.74,1.13,5.1
2024-09-18T02:00:00Z,28.4,6.15,0.0,20.0,0.72,1.69,4.6
2024-09-18T03:00:00Z,28.5,6.31,0.0,23.0,0.72,1.91,2.9
2024-09-18T04:00:00Z,28.4,7.32,0.1,24.0,0.76,1.69,0.8
2024-09-18T05:00:00Z,28.4,7.84,0.1,40.0,0.78,1.1,1.8
2024-09-18T06:00:00Z,28.2,8.56,0.2,37.0,0.82,0.31,3.8
2024-09-18T07:00:00Z,28.2,8.65,0.2,26.0,0.88,-0.45,4.7
2024-09-18T08:00:00Z,28.4,8.3,0.0,20.0,0.92,-1.02,4.6
2024-09-18T09:00:00Z,28.0,8.79,0.1,18.0,0.98,-1.32,3.4
2024-09-18T10:00:00Z,28.4,7.83,0.1,18.0,0.96,-1.19,1.4
2024-09-18T11:00:00Z,28.6,8.78,0.0,31.0,0.96,-0.58,2.4
2024-09-18T12:00:00Z,28.6,8.73,0.0,12.0,0.94,0.35,5.2
2024-09-18T13:00:00Z,28.5,8.95,0.0,13.0,0.98,1.29,6.7
2024-09-18T14:00:00Z,28.4,9.37,0.0,21.0,1.02,2.04,6.3
2024-09-18T15:00:00Z,28.4,9.49,0.1,19.0,1.06,2.46,4.7
2024-09-18T16:00:00Z,28.5,9.63,0.0,26.0,1.1,2.42,2.2
2024-09-18T17:00:00Z,28.2,10.23,0.1,39.0,1.16,1.91,0.8
2024-09-18T18:00:00Z,28.0,10.06,0.2,49.0,1.2,1.1,3.1
2024-09-18T19:00:00Z,28.3,10.02,0.1,62.0,1.26,0.24,4.7
2024-09-18T20:00:00Z,28.4,10.51,0.0,61.0,1.3,-0.52,5.1
2024-09-18T21:00:00Z,28.4,11.56,0.1,43.0,1.36,-1.01,4.2
2024-09-18T22:00:00Z,28.4,9.57,0.1,45.0,1.34,-1.1,2.1
2024-09-18T23:00:00Z,28.0,9.83,0.3,89.0,1.34,-0.71,1.2
2024-09-19T00:00:00Z,27.9,9.75,0.6,96.0,1.32,0.08,4.1
2024-09-19T01:00:00Z,28.2,9.91,0.3,100.0,1.36,1.0,6.1
2024-09-19T02:00:00Z,28.4,9.32,0.0,100.0,1.38,1.75,6.3
2024-09-19T03:00:00Z,28.6,9.09,0.1,100.0,1.42,2.22,5.1
2024-09-19T04:00:00Z,28.6,9.22,0.1,100.0,1.4,2.27,2.7
2024-09-19T05:00:00Z,28.4,9.89,0.2,100.0,1.36,1.89,0.2
2024-09-19T06:00:00Z,28.3,9.67,0.6,100.0,1.34,1.19,2.6
2024-09-19T07:00:00Z,27.9,8.63,0.0,80.0,1.34,0.33,4.6
2024-09-19T08:00:00Z,28.2,9.48,0.0,89.0,1.32,-0.44,5.4
2024-09-19T09:00:00Z,28.3,9.2,0.0,100.0,1.32,-1.01,5.3
2024-09-19T10:00:00Z,28.0,8.38,1.1,99.0,1.26,-1.24,4.1
2024-09-19T11:00:00Z,28.0,5.72,0.3,100.0,1.2,-1.0,2.2
2024-09-19T12:00:00Z,27.9,5.1,1.0,100.0,1.14,-0.3,2.8
2024-09-19T13:00:00Z,28.1,6.71,4.4,100.0,1.08,0.63,5.0
2024-09-19T14:00:00Z,28.0,8.24,2.0,100.0,1.04,1.5,6.0
2024-09-19T15:00:00Z,28.1,9.14,0.5,100.0,0.98,2.08,5.2
2024-09-19T16:00:00Z,28.3,10.18,0.3,100.0,1.02,2.27,3.1
2024-09-19T17:00:00Z,28.2,10.84,0.1,100.0,1.06,2.0,0.8
2024-09-19T18:00:00Z,28.1,10.31,0.0,100.0,1.1,1.34,2.4
2024-09-19T19:00:00Z,28.0,10.09,0.4,100.0,1.08,0.45,4.5
2024-09-19T20:00:00Z,28.0,9.56,0.4,100.0,1.08,-0.44,5.8
2024-09-19T21:00:00Z,28.1,9.6,0.2,100.0,1.06,-1.12,5.6
2024-09-19T22:00:00Z,28.2,8.61,0.1,100.0,1.06,-1.47,4.1
2024-09-19T23:00:00Z,28.2,8.43,0.1,100.0,1.06,-1.4,1.5
2024-09-20T00:00:00Z,28.3,8.63,0.0,100.0,1.06,-0.82,1.3
2024-09-20T01:00:00Z,28.4,9.22,0.0,100.0,1.04,0.1,4.7
2024-09-20T02:00:00Z,28.5,9.16,0.0,100.0,1.0,1.04,6.6
2024-09-20T03:00:00Z,28.7,8.73,0.0,100.0,0.98,1.75,6.5
2024-09-20T04:00:00Z,28.9,8.79,0.0,100.0,0.94,2.11,5.0
2024-09-20T05:00:00Z,29.0,8.95,0.0,100.0,0.92,2.04,2.7
2024-09-20T06:00:00Z,29.0,9.42,0.0,100.0,0.88,1.54,1.5
2024-09-20T07:00:00Z,29.0,9.61,0.0,100.0,0.9,0.76,3.4
2024-09-20T08:00:00Z,29.0,10.06,0.0,100.0,0.9,-0.09,4.9
2024-09-20T09:00:00Z,28.9,10.28,0.0,100.0,0.92,-0.79,5.2
2024-09-20T10:00:00Z,29.0,9.75,0.0,100.0,0.92,-1.23,4.5
2024-09-20T11:00:00Z,29.0,9.31,0.0,100.0,0.92,-1.29,2.5
2024-09-20T12:00:00Z,29.0,9.07,0.0,100.0,0.92,-0.9,0.4
2024-09-20T13:00:00Z,28.8,9.89,0.0,100.0,0.92,-0.1,3.6
2024-09-20T14:00:00Z,28.7,9.9,0.0,100.0,0.92,0.81,5.7
2024-09-20T15:00:00Z,28.6,9.44,0.0,100.0,0.92,1.54,5.9
2024-09-20T16:00:00Z,28.5,8.64,0.0,100.0,0.86,1.96,4.3
2024-09-20T17:00:00Z,28.5,8.53,0.0,100.0,0.8,1.96,2.2
2024-09-20T18:00:00Z,28.4,8.25,0.0,100.0,0.74,1.54,1.4
2024-09-20T19:00:00Z,28.4,6.96,0.2,100.0,0.7,0.78,3.5
2024-09-20T20:00:00Z,28.3,5.98,0.7,100.0,0.66,-0.1,5.4
2024-09-20T21:00:00Z,28.1,5.5,0.2,100.0,0.62,-0.84,5.9
2024-09-20T22:00:00Z,27.9,3.54,0.3,100.0,0.58,-1.34,5.2
2024-09-20T23:00:00Z,27.4,3.61,0.9,99.0,0.52,-1.48,3.4
2024-09-21T00:00:00Z,27.4,4.41,0.8,100.0,0.48,-1.2,0.9
2024-09-21T01:00:00Z,27.4,6.42,0.9,100.0,0.56,-0.46,2.7
2024-09-21T02:00:00Z,27.1,9.19,0.8,99.0,0.66,0.49,5.6
2024-09-21T03:00:00Z,26.9,10.6,0.5,100.0,0.74,1.33,6.7
2024-09-21T04:00:00Z,27.1,10.65,0.6,94.0,0.86,1.9,6.0
2024-09-21T05:00:00Z,27.3,10.41,0.3,94.0,0.98,2.13,4.0
2024-09-21T06:00:00Z,27.4,10.7,0.0,98.0,1.1,1.96,1.5
2024-09-21T07:00:00Z,27.3,10.7,0.0,100.0,1.2,1.43,1.1
2024-09-21T08:00:00Z,27.1,11.52,0.0,99.0,1.3,0.7,3.1
2024-09-21T09:00:00Z,26.7,12.16,0.0,100.0,1.4,-0.02,4.2
2024-09-21T10:00:00Z,26.2,11.55,0.0,100.0,1.42,-0.55,4.2
2024-09-21T11:00:00Z,26.0,11.9,0.0,100.0,1.42,-0.81,3.1
2024-09-21T12:00:00Z,26.1,12.31,0.1,99.0,1.44,-0.73,1.5
2024-09-21T13:00:00Z,26.0,12.14,0.1,100.0,1.46,-0.23,2.3
2024-09-21T14:00:00Z,25.8,12.35,0.2,98.0,1.46,0.54,4.5
2024-09-21T15:00:00Z,25.6,11.93,0.5,100.0,1.48,1.31,5.8
2024-09-21T16:00:00Z,25.9,11.71,0.7,98.0,1.48,1.83,5.2
2024-09-21T17:00:00Z,25.8,11.58,0.7,100.0,1.48,2.03,3.4
2024-09-21T18:00:00Z,26.1,11.59,0.5,100.0,1.48,1.89,1.1
2024-09-21T19:00:00Z,25.8,11.66,0.3,100.0,1.48,1.42,1.3
2024-09-21T20:00:00Z,25.8,12.1,0.2,97.0,1.5,0.71,3.3
2024-09-21T21:00:00Z,25.6,12.27,0.1,99.0,1.5,-0.02,4.4
2024-09-21T22:00:00Z,25.4,10.51,0.0,78.0,1.44,-0.58,4.5
2024-09-21T23:00:00Z,25.6,10.85,0.0,67.0,1.36,-0.87,3.5
2024-09-22T00:00:00Z,25.4,11.21,0.0,97.0,1.3,-0.85,2.2
2024-09-22T01:00:00Z,25.3,11.4,0.0,78.0,1.32,-0.44,2.2
2024-09-22T02:00:00Z,25.5,11.1,0.0,88.0,1.36,0.3,4.4
2024-09-22T03:00:00Z,25.8,10.7,0.0,94.0,1.38,1.14,6.0
2024-09-22T04:00:00Z,25.7,10.7,0.0,99.0,1.34,1.82,6.1
2024-09-22T05:00:00Z,25.6,10.81,0.0,100.0,1.32,2.21,4.7
2024-09-22T06:00:00Z,25.7,10.82,0.0,100.0,1.28,2.27,2.5
2024-09-22T07:00:00Z,26.0,10.72,0.0,100.0,1.3,1.98,0.4
2024-09-22T08:00:00Z,25.9,11.09,0.0,99.0,1.3,1.41,2.3
2024-09-22T09:00:00Z,25.8,10.92,0.0,100.0,1.32,0.72,4.0
2024-09-22T10:00:00Z,25.0,9.75,0.0,100.0,1.26,0.09,4.8
2024-09-22T11:00:00Z,24.8,10.55,0.0,100.0,1.2,-0.34,4.4
2024-09-22T12:00:00Z,24.8,10.8,0.1,100.0,1.14,-0.52,3.2
2024-09-22T13:00:00Z,24.9,10.87,0.1,100.0,1.1,-0.4,1.8
2024-09-22T14:00:00Z,24.9,10.43,0.0,100.0,1.06,0.05,2.2
2024-09-22T15:00:00Z,24.9,9.98,0.0,100.0,1.02,0.67,3.7
2024-09-22T16:00:00Z,24.9,9.38,0.0,100.0,1.02,1.22,4.2
2024-09-22T17:00:00Z,24.9,8.67,0.0,100.0,1.02,1.51,3.2
2024-09-22T18:00:00Z,24.9,8.57,0.0,100.0,1.02,1.55,1.5
2024-09-22T19:00:00Z,25.0,8.55,0.0,100.0,1.02,1.32,0.6
2024-09-22T20:00:00Z,25.0,8.18,0.1,100.0,1.02,0.84,2.4
2024-09-22T21:00:00Z,25.1,7.89,0.0,100.0,1.02,0.23,3.7
2024-09-22T22:00:00Z,24.6,7.16,0.0,100.0,1.0,-0.35,4.3
2024-09-22T23:00:00Z,24.8,6.68,0.0,100.0,1.0,-0.73,3.9
2024-09-23T00:00:00Z,25.1,6.56,0.0,100.0,0.98,-0.87,2.8
2024-09-23T01:00:00Z,25.3,6.85,0.0,99.0,0.94,-0.72,1.7
2024-09-23T02:00:00Z,25.5,6.55,0.0,100.0,0.88,-0.28,2.6
2024-09-23T03:00:00Z,25.7,6.1,0.0,100.0,0.84,0.41,4.5
2024-09-23T04:00:00Z,25.8,6.3,0.0,99.0,0.76,1.11,5.4
2024-09-23T05:00:00Z,25.9,6.25,0.0,93.0,0.7,1.62,5.2
2024-09-23T06:00:00Z,25.9,6.1,0.0,97.0,0.62,1.89,3.6
2024-09-23T07:00:00Z,25.9,6.05,0.1,93.0,0.56,1.9,1.6
2024-09-23T08:00:00Z,25.9,5.65,0.0,98.0,0.52,1.64,0.4
2024-09-23T09:00:00Z,25.8,5.5,0.0,100.0,0.46,1.16,2.2
2024-09-23T10:00:00Z,25.2,4.93,0.0,97.0,0.52,0.62,3.5
2024-09-23T11:00:00Z,25.0,3.98,0.0,98.0,0.58,0.15,3.8
2024-09-23T12:00:00Z,25.0,3.7,0.0,94.0,0.64,-0.15,3.4
2024-09-23T13:00:00Z,24.9,4.15,0.0,100.0,0.62,-0.24,2.6
2024-09-23T14:00:00Z,24.8,4.95,0.1,100.0,0.58,-0.1,1.7
2024-09-23T15:00:00Z,24.8,5.32,0.2,100.0,0.56,0.27,2.0
2024-09-23T16:00:00Z,24.6,5.67,0.3,100.0,0.56,0.73,3.0
2024-09-23T17:00:00Z,24.6,5.69,0.4,99.0,0.54,1.09,3.3
2024-09-23T18:00:00Z,24.4,5.46,0.5,99.0,0.54,1.25,2.2
2024-09-23T19:00:00Z,24.2,5.2,0.1,99.0,0.56,1.24,0.7
2024-09-23T20:00:00Z,24.1,5.1,1.2,99.0,0.58,1.02,0.7
2024-09-23T21:00:00Z,24.1,5.41,2.3,100.0,0.6,0.62,2.2
2024-09-23T22:00:00Z,24.6,5.63,1.2,100.0,0.6,0.13,3.2
2024-09-23T23:00:00Z,24.9,5.76,0.8,100.0,0.58,-0.29,3.5
2024-09-24T00:00:00Z,25.0,5.41,0.9,100.0,0.58,-0.53,3.0
2024-09-24T01:00:00Z,25.3,4.35,0.8,100.0,0.54,-0.55,2.1
2024-09-24T02:00:00Z,25.6,3.6,0.4,100.0,0.52,-0.36,1.7
2024-09-24T03:00:00Z,25.5,2.76,0.2,100.0,0.48,0.06,2.7
2024-09-24T04:00:00Z,24.7,2.29,0.7,100.0,0.46,0.66,4.0
2024-09-24T05:00:00Z,25.3,2.04,0.9,100.0,0.42,1.23,4.7
2024-09-24T06:00:00Z,25.5,1.75,0.3,100.0,0.4,1.61,4.4
2024-09-24T07:00:00Z,25.7,1.21,0.4,100.0,0.4,1.81,3.1
2024-09-24T08:00:00Z,25.7,0.92,0.1,100.0,0.38,1.82,1.6
2024-09-24T09:00:00Z,25.9,1.64,0.3,100.0,0.38,1.62,0.4
2024-09-24T10:00:00Z,25.6,1.9,0.6,100.0,0.44,1.25,1.5
2024-09-24T11:00:00Z,26.0,2.41,0.3,100.0,0.48,0.82,2.2
2024-09-24T12:00:00Z,26.3,3.05,0.0,99.0,0.54,0.46,2.4
2024-09-24T13:00:00Z,26.6,3.52,0.0,65.0,0.5,0.24,1.9
2024-09-24T14:00:00Z,26.7,3.07,0.0,99.0,0.48,0.16,1.3
2024-09-24T15:00:00Z,26.7,1.98,0.0,100.0,0.44,0.22,0.7
2024-09-24T16:00:00Z,26.5,1.51,0.0,99.0,0.42,0.45,1.3
2024-09-24T17:00:00Z,26.4,1.26,0.0,94.0,0.38,0.72,2.2
2024-09-24T18:00:00Z,26.3,1.66,0.0,92.0,0.36,0.9,2.2
2024-09-24T19:00:00Z,26.1,2.44,0.0,65.0,0.36,0.94,1.3
2024-09-24T20:00:00Z,26.0,3.01,0.1,73.0,0.36,0.9,0.4
2024-09-24T21:00:00Z,25.8,3.87,0.1,90.0,0.36,0.73,0.7
2024-09-24T22:00:00Z,25.3,3.16,0.1,51.0,0.36,0.42,1.6
2024-09-24T23:00:00Z,25.3,3.49,0.2,49.0,0.34,0.06,2.4
2024-09-25T00:00:00Z,25.4,3.48,0.0,34.0,0.34,-0.24,2.1
2024-09-25T01:00:00Z,25.7,3.08,0.0,36.0,0.34,-0.4,1.8
2024-09-25T02:00:00Z,25.9,2.91,0.0,49.0,0.36,-0.41,1.3
2024-09-25T03:00:00Z,26.1,3.02,0.0,34.0,0.36,-0.28,1.8
2024-09-25T04:00:00Z,26.2,3.15,0.0,29.0,0.36,0.03,2.7
2024-09-25T05:00:00Z,26.3,2.95,0.0,42.0,0.34,0.47,3.7
2024-09-25T06:00:00Z,26.4,2.95,0.0,57.0,0.34,0.88,4.2
2024-09-25T07:00:00Z,26.4,3.24,0.2,91.0,0.34,1.17,3.8
2024-09-25T08:00:00Z,26.4,3.52,0.1,97.0,0.32,1.37,2.9
2024-09-25T09:00:00Z,26.3,3.74,0.1,86.0,0.32,1.45,2.0
2024-09-25T10:00:00Z,26.4,2.63,0.0,100.0,0.3,1.36,0.7
2024-09-25T11:00:00Z,26.4,3.0,0.0,100.0,0.3,1.12,0.6
2024-09-25T12:00:00Z,26.5,3.03,0.0,100.0,0.28,0.79,1.4
2024-09-25T13:00:00Z,26.5,3.26,0.0,98.0,0.28,0.52,1.5
2024-09-25T14:00:00Z,26.5,3.8,0.0,88.0,0.3,0.32,1.3
2024-09-25T15:00:00Z,26.4,4.22,0.0,94.0,0.3,0.19,1.0
2024-09-25T16:00:00Z,26.4,4.6,0.0,49.0,0.32,0.15,0.9
2024-09-25T17:00:00Z,26.3,4.78,0.0,41.0,0.36,0.25,1.2
2024-09-25T18:00:00Z,26.2,5.04,0.0,70.0,0.38,0.42,1.8
2024-09-25T19:00:00Z,26.1,5.21,0.0,78.0,0.42,0.54,1.8
2024-09-25T20:00:00Z,26.1,5.34,0.0,88.0,0.46,0.61,1.5
2024-09-25T21:00:00Z,26.0,5.73,0.0,78.0,0.5,0.66,1.0
2024-09-25T22:00:00Z,25.7,5.69,0.0,9.0,0.52,0.61,0.2
2024-09-25T23:00:00Z,25.8,6.11,0.0,32.0,0.52,0.43,0.9
2024-09-26T00:00:00Z,26.0,6.05,0.0,23.0,0.54,0.18,1.7
2024-09-26T01:00:00Z,26.1,5.88,0.0,15.0,0.54,-0.04,1.9
2024-09-26T02:00:00Z,26.2,5.66,0.0,14.0,0.52,-0.18,1.5
2024-09-26T03:00:00Z,26.4,5.66,0.0,60.0,0.52,-0.25,1.3
2024-09-26T04:00:00Z,26.4,5.48,0.0,84.0,0.54,-0.21,1.3
2024-09-26T05:00:00Z,26.4,5.51,0.0,65.0,0.56,-0.01,1.5
2024-09-26T06:00:00Z,26.4,6.08,0.0,88.0,0.58,0.32,2.3
2024-09-26T07:00:00Z,26.4,6.42,0.0,85.0,0.6,0.67,2.9
2024-09-26T08:00:00Z,26.3,6.5,0.0,91.0,0.6,0.98,2.9
2024-09-26T09:00:00Z,26.3,6.31,0.0,88.0,0.62,1.27,2.5
2024-09-26T10:00:00Z,26.3,6.05,0.0,87.0,0.64,1.48,1.8
2024-09-26T11:00:00Z,26.3,6.48,0.0,71.0,0.64,1.51,0.9
2024-09-26T12:00:00Z,26.2,6.68,0.0,92.0,0.66,1.36,0.6
2024-09-26T13:00:00Z,26.1,6.29,0.0,95.0,0.66,1.11,1.3
2024-09-26T14:00:00Z,26.1,5.97,0.0,93.0,0.64,0.83,1.6
2024-09-26T15:00:00Z,26.1,5.77,0.0,64.0,0.64,0.56,1.8
2024-09-26T16:00:00Z,26.1,5.81,0.0,68.0,0.62,0.31,1.9
2024-09-26T17:00:00Z,26.0,5.52,0.0,69.0,0.6,0.17,1.5
2024-09-26T18:00:00Z,26.0,5.95,0.0,66.0,0.58,0.19,0.8
2024-09-26T19:00:00Z,25.9,6.45,0.0,78.0,0.58,0.29,0.6
2024-09-26T20:00:00Z,25.9,6.69,0.0,53.0,0.6,0.41,0.9
2024-09-26T21:00:00Z,25.9,7.0,0.0,79.0,0.6,0.56,0.9
2024-09-26T22:00:00Z,25.9,7.21,0.0,86.0,0.62,0.73,0.9
2024-09-26T23:00:00Z,26.1,7.47,0.0,96.0,0.64,0.8,0.6
2024-09-27T00:00:00Z,26.2,6.98,0.0,100.0,0.66,0.71,0.4
2024-09-27T01:00:00Z,26.0,7.38,0.1,100.0,0.68,0.5,0.9
2024-09-27T02:00:00Z,25.9,7.47,0.4,100.0,0.68,0.26,1.3
2024-09-27T03:00:00Z,25.4,7.7,0.9,98.0,0.7,0.05,1.3
2024-09-27T04:00:00Z,25.7,7.78,0.6,65.0,0.72,-0.13,1.3
2024-09-27T05:00:00Z,25.9,7.09,0.1,84.0,0.74,-0.2,1.3
2024-09-27T06:00:00Z,26.0,6.58,0.1,96.0,0.76,-0.09,1.4
2024-09-27T07:00:00Z,26.2,6.75,0.0,96.0,0.76,0.19,2.3
2024-09-27T08:00:00Z,26.2,6.86,0.0,98.0,0.74,0.53,3.1
2024-09-27T09:00:00Z,26.1,7.4,0.0,98.0,0.74,0.91,3.3
2024-09-27T10:00:00Z,26.0,8.01,0.0,73.0,0.74,1.3,3.2
2024-09-27T11:00:00Z,25.9,7.52,0.0,20.0,0.72,1.6,2.9
2024-09-27T12:00:00Z,25.9,7.38,0.0,4.0,0.72,1.7,2.0
2024-09-27T13:00:00Z,25.7,7.0,0.0,1.0,0.72,1.57,0.9
2024-09-27T14:00:00Z,25.6,6.7,0.0,0.0,0.74,1.27,0.8
2024-09-27T15:00:00Z,25.5,6.65,0.0,6.0,0.74,0.9,1.3
2024-09-27T16:00:00Z,25.4,6.62,0.0,7.0,0.72,0.51,1.8
2024-09-27T17:00:00Z,25.3,6.26,0.0,24.0,0.68,0.14,2.1
2024-09-27T18:00:00Z,25.2,6.12,0.0,29.0,0.66,-0.09,1.6
2024-09-27T19:00:00Z,25.2,6.3,0.0,43.0,0.68,-0.11,0.6
2024-09-27T20:00:00Z,25.1,6.83,0.0,30.0,0.7,0.01,0.7
2024-09-27T21:00:00Z,25.1,7.31,0.0,24.0,0.72,0.21,1.4
2024-09-27T22:00:00Z,25.1,7.05,0.0,16.0,0.74,0.5,2.0
2024-09-27T23:00:00Z,25.1,7.61,0.0,38.0,0.78,0.79,2.2
2024-09-28T00:00:00Z,25.3,7.46,0.0,37.0,0.8,0.94,1.8
2024-09-28T01:00:00Z,25.4,7.17,0.0,53.0,0.8,0.87,0.9
2024-09-28T02:00:00Z,25.7,6.64,0.0,45.0,0.78,0.62,0.5
2024-09-28T03:00:00Z,26.0,6.35,0.0,53.0,0.78,0.3,1.0
2024-09-28T04:00:00Z,26.3,6.28,0.0,57.0,0.72,-0.03,1.3
2024-09-28T05:00:00Z,26.5,6.41,0.0,93.0,0.68,-0.31,1.3
2024-09-28T06:00:00Z,26.7,6.49,0.0,96.0,0.62,-0.45,1.0
2024-09-28T07:00:00Z,26.7,6.67,0.0,73.0,0.62,-0.34,1.0
2024-09-28T08:00:00Z,26.7,6.73,0.0,69.0,0.62,-0.03,2.2
2024-09-28T09:00:00Z,26.8,6.51,0.0,47.0,0.62,0.39,3.4
2024-09-28T10:00:00Z,26.8,6.33,0.0,71.0,0.6,0.89,4.0
2024-09-28T11:00:00Z,26.8,6.43,0.0,88.0,0.6,1.41,4.0
2024-09-28T12:00:00Z,26.7,6.59,0.0,58.0,0.58,1.77,3.4
2024-09-28T13:00:00Z,26.6,6.53,0.0,50.0,0.6,1.84,2.2
2024-09-28T14:00:00Z,26.5,6.58,0.0,39.0,0.64,1.62,0.6
2024-09-28T15:00:00Z,26.4,6.57,0.0,21.0,0.66,1.22,1.0
2024-09-28T16:00:00Z,26.4,6.63,0.0,29.0,0.64,0.73,2.0
2024-09-28T17:00:00Z,26.4,6.85,0.0,32.0,0.64,0.24,2.7
2024-09-28T18:00:00Z,26.3,7.21,0.0,15.0,0.62,-0.19,2.8
2024-09-28T19:00:00Z,26.2,7.71,0.0,13.0,0.64,-0.4,2.1
2024-09-28T20:00:00Z,26.2,7.99,0.0,11.0,0.66,-0.35,0.6
2024-09-28T21:00:00Z,26.2,8.07,0.0,3.0,0.68,-0.11,1.1
2024-09-28T22:00:00Z,26.1,7.23,0.0,8.0,0.68,0.24,2.2
2024-09-28T23:00:00Z,26.2,7.27,0.0,11.0,0.66,0.68,2.9
2024-09-29T00:00:00Z,26.4,7.21,0.0,8.0,0.66,1.06,2.9
2024-09-29T01:00:00Z,26.6,7.12,0.0,6.0,0.66,1.23,2.4
2024-09-29T02:00:00Z,26.7,6.89,0.0,10.0,0.64,1.1,1.1
2024-09-29T03:00:00Z,26.6,6.84,0.1,21.0,0.64,0.76,0.4
2024-09-29T04:00:00Z,26.1,6.44,0.2,16.0,0.66,0.32,1.3
2024-09-29T05:00:00Z,26.3,6.45,0.1,26.0,0.7,-0.11,1.8
2024-09-29T06:00:00Z,26.5,6.53,0.0,20.0,0.72,-0.46,2.1
2024-09-29T07:00:00Z,26.5,6.48,0.1,12.0,0.74,-0.62,1.5
2024-09-29T08:00:00Z,26.4,6.36,0.0,25.0,0.74,-0.46,0.8
2024-09-29T09:00:00Z,26.5,6.2,0.1,24.0,0.76,-0.06,2.3
2024-09-29T10:00:00Z,27.0,6.09,0.0,22.0,0.7,0.48,3.8
2024-09-29T11:00:00Z,27.1,6.33,0.0,17.0,0.64,1.1,4.3
2024-09-29T12:00:00Z,27.1,6.59,0.0,18.0,0.58,1.68,4.3
2024-09-29T13:00:00Z,27.0,6.55,0.1,16.0,0.6,2.02,3.6
2024-09-29T14:00:00Z,27.0,6.43,0.0,14.0,0.6,1.99,1.8
2024-09-29T15:00:00Z,26.9,6.29,0.1,15.0,0.62,1.63,0.0
2024-09-29T16:00:00Z,26.8,6.45,0.1,13.0,0.6,1.09,1.8
2024-09-29T17:00:00Z,26.8,6.74,0.0,10.0,0.6,0.51,2.9
2024-09-29T18:00:00Z,26.7,6.91,0.0,7.0,0.58,-0.04,3.2
2024-09-29T19:00:00Z,26.6,7.0,0.0,6.0,0.6,-0.44,3.1
2024-09-29T20:00:00Z,26.5,7.43,0.0,9.0,0.64,-0.55,1.8
2024-09-29T21:00:00Z,26.2,7.75,0.0,8.0,0.66,-0.35,0.2
2024-09-29T22:00:00Z,26.4,7.05,0.0,14.0,0.68,0.04,2.2
2024-09-29T23:00:00Z,26.3,7.55,0.1,8.0,0.7,0.54,3.3
2024-09-30T00:00:00Z,26.2,7.66,0.1,7.0,0.72,1.07,3.8
2024-09-30T01:00:00Z,26.2,7.45,0.1,15.0,0.74,1.46,3.5
2024-09-30T02:00:00Z,26.2,7.0,0.1,64.0,0.76,1.53,2.2
2024-09-30T03:00:00Z,26.3,6.42,0.1,94.0,0.78,1.26,0.6
2024-09-30T04:00:00Z,26.4,6.0,0.1,99.0,0.74,0.77,1.3
2024-09-30T05:00:00Z,26.6,5.85,0.1,81.0,0.7,0.22,2.3
2024-09-30T06:00:00Z,26.7,5.75,0.0,33.0,0.66,-0.28,2.9
2024-09-30T07:00:00Z,26.8,5.8,0.0,10.0,0.66,-0.65,2.8
2024-09-30T08:00:00Z,26.8,5.88,0.0,7.0,0.66,-0.74,1.5
2024-09-30T09:00:00Z,26.8,5.89,0.0,5.0,0.66,-0.47,0.6
2024-09-30T10:00:00Z,27.1,6.42,0.0,44.0,0.68,0.05,2.7
2024-09-30T11:00:00Z,27.1,6.16,0.0,34.0,0.7,0.71,4.2
2024-09-30T12:00:00Z,27.0,5.32,0.0,26.0,0.72,1.38,4.7
2024-09-30T13:00:00Z,26.9,4.72,0.0,30.0,0.66,1.92,4.4
2024-09-30T14:00:00Z,26.8,4.73,0.0,40.0,0.62,2.14,3.1
2024-09-30T15:00:00Z,26.8,4.69,0.0,37.0,0.56,1.96,1.0
2024-09-30T16:00:00Z,26.7,4.31,0.1,27.0,0.52,1.45,1.5
2024-09-30T17:00:00Z,26.3,3.82,0.2,30.0,0.48,0.79,3.2
2024-09-30T18:00:00Z,26.0,3.47,0.2,28.0,0.44,0.13,4.1
2024-09-30T19:00:00Z,26.1,3.18,0.0,44.0,0.42,-0.42,4.3
2024-09-30T20:00:00Z,26.2,2.96,0.1,20.0,0.38,-0.75,3.8
2024-09-30T21:00:00Z,26.2,2.35,0.1,34.0,0.36,-0.72,2.1
2024-09-30T22:00:00Z,25.6,2.71,0.4,43.0,0.38,-0.35,0.4
2024-09-30T23:00:00Z,25.1,6.78,0.7,55.0,0.42,0.2,2.0
2024-10-01T00:00:00Z,24.9,8.45,0.8,60.0,0.44,0.79,3.1
2024-10-01T01:00:00Z,25.1,9.41,0.5,46.0,0.58,1.33,3.4
2024-10-01T02:00:00Z,25.0,10.05,0.1,57.0,0.74,1.65,2.7
2024-10-01T03:00:00Z,24.9,11.78,0.1,47.0,0.88,1.57,1.4
2024-10-01T04:00:00Z,24.8,12.08,0.1,45.0,1.04,1.13,1.2
2024-10-01T05:00:00Z,24.7,12.09,0.0,59.0,1.22,0.55,2.4
2024-10-01T06:00:00Z,24.6,12.58,0.0,57.0,1.38,-0.05,3.2
2024-10-01T07:00:00Z,24.4,12.88,0.0,68.0,1.52,-0.53,3.4
2024-10-01T08:00:00Z,24.2,13.05,0.0,67.0,1.64,-0.79,2.8
2024-10-01T09:00:00Z,24.0,13.28,0.0,95.0,1.78,-0.73,1.7
2024-10-01T10:00:00Z,23.9,13.59,0.0,100.0,1.84,-0.29,2.4
2024-10-01T11:00:00Z,23.6,13.55,0.0,100.0,1.92,0.39,4.3
2024-10-01T12:00:00Z,23.6,12.77,0.0,100.0,1.98,1.14,5.4
2024-10-01T13:00:00Z,23.8,12.54,0.0,99.0,1.92,1.83,5.6
2024-10-01T14:00:00Z,23.7,12.93,0.0,98.0,1.88,2.28,4.7
2024-10-01T15:00:00Z,23.7,13.21,0.0,99.0,1.82,2.35,2.9
2024-10-01T16:00:00Z,23.6,13.06,0.0,99.0,1.82,2.0,0.9
2024-10-01T17:00:00Z,23.5,12.54,0.0,100.0,1.84,1.36,1.9
2024-10-01T18:00:00Z,23.4,12.23,0.0,100.0,1.84,0.65,3.4
2024-10-01T19:00:00Z,23.4,12.35,0.0,99.0,1.76,0.01,4.0
2024-10-01T20:00:00Z,23.5,12.72,0.0,96.0,1.68,-0.45,3.7
2024-10-01T21:00:00Z,23.2,13.38,0.1,87.0,1.6,-0.58,2.7
2024-10-01T22:00:00Z,22.8,12.06,0.1,91.0,1.64,-0.31,1.5
2024-10-01T23:00:00Z,23.0,12.39,0.0,97.0,1.66,0.25,2.9
2024-10-02T00:00:00Z,22.9,12.52,0.0,98.0,1.7,0.9,4.6
2024-10-02T01:00:00Z,22.7,12.37,0.0,96.0,1.6,1.54,4.9
2024-10-02T02:00:00Z,22.4,12.03,0.0,98.0,1.52,2.0,4.2
2024-10-02T03:00:00Z,22.3,11.8,0.0,100.0,1.42,2.12,2.5
2024-10-02T04:00:00Z,22.2,11.58,0.0,98.0,1.44,1.83,0.7
2024-10-02T05:00:00Z,22.1,11.35,0.0,100.0,1.44,1.2,2.4
2024-10-02T06:00:00Z,22.1,11.33,0.0,99.0,1.46,0.45,4.0
2024-10-02T07:00:00Z,22.0,11.38,0.0,100.0,1.42,-0.18,4.7
2024-10-02T08:00:00Z,21.9,11.58,0.0,100.0,1.4,-0.65,4.4
2024-10-02T09:00:00Z,21.9,11.44,0.0,100.0,1.36,-0.86,3.6
2024-10-02T10:00:00Z,21.9,10.78,0.0,100.0,1.36,-0.66,1.8
2024-10-02T11:00:00Z,21.9,10.8,0.0,100.0,1.34,-0.08,2.2
2024-10-02T12:00:00Z,22.1,10.18,0.0,100.0,1.34,0.63,3.9
2024-10-02T13:00:00Z,22.4,9.48,0.0,100.0,1.26,1.32,4.6
2024-10-02T14:00:00Z,22.6,9.28,0.0,99.0,1.16,1.85,4.2
2024-10-02T15:00:00Z,22.5,8.72,0.0,99.0,1.08,2.07,2.8
2024-10-02T16:00:00Z,22.6,8.59,0.0,100.0,1.12,1.88,0.6
2024-10-02T17:00:00Z,22.7,8.78,0.0,98.0,1.16,1.33,2.2
2024-10-02T18:00:00Z,22.5,9.44,0.0,99.0,1.2,0.58,3.8
2024-10-02T19:00:00Z,22.2,9.88,0.2,85.0,1.2,-0.14,4.6
2024-10-02T20:00:00Z,22.4,9.95,0.2,68.0,1.2,-0.68,4.3
2024-10-02T21:00:00Z,22.7,9.8,0.2,85.0,1.2,-0.97,3.3
2024-10-02T22:00:00Z,22.7,9.75,0.0,96.0,1.28,-0.89,1.5
2024-10-02T23:00:00Z,22.5,10.73,0.0,77.0,1.34,-0.39,2.3
2024-10-03T00:00:00Z,22.3,11.18,0.0,54.0,1.42,0.33,4.5
2024-10-03T01:00:00Z,22.7,11.28,0.0,73.0,1.4,1.07,5.8
2024-10-03T02:00:00Z,22.8,10.87,0.0,74.0,1.38,1.68,5.4
2024-10-03T03:00:00Z,22.7,10.91,0.0,57.0,1.36,2.04,4.3
2024-10-03T04:00:00Z,22.6,10.82,0.0,46.0,1.32,1.98,2.2
2024-10-03T05:00:00Z,22.6,10.63,0.0,37.0,1.28,1.53,0.5
2024-10-03T06:00:00Z,22.5,10.74,0.0,46.0,1.24,0.85,2.6
2024-10-03T07:00:00Z,22.5,10.87,0.0,35.0,1.22,0.17,3.9
2024-10-03T08:00:00Z,22.6,10.85,0.0,8.0,1.22,-0.4,4.1
2024-10-03T09:00:00Z,22.6,10.74,0.0,63.0,1.2,-0.74,3.3
2024-10-03T10:00:00Z,22.1,10.03,0.0,40.0,1.18,-0.74,2.0
2024-10-03T11:00:00Z,22.1,9.82,0.0,47.0,1.16,-0.33,1.5
2024-10-03T12:00:00Z,22.1,9.54,0.0,47.0,1.14,0.35,3.7
2024-10-03T13:00:00Z,22.1,9.55,0.0,51.0,1.1,1.09,5.1
2024-10-03T14:00:00Z,22.2,9.52,0.0,57.0,1.06,1.7,5.0
2024-10-03T15:00:00Z,22.2,9.42,0.0,55.0,1.02,2.1,4.1
2024-10-03T16:00:00Z,22.3,9.32,0.0,74.0,1.04,2.13,2.2
2024-10-03T17:00:00Z,22.3,9.39,0.0,59.0,1.06,1.74,0.3
2024-10-03T18:00:00Z,22.3,9.33,0.0,61.0,1.08,1.06,2.6
2024-10-03T19:00:00Z,22.3,9.14,0.0,81.0,1.04,0.3,4.0
2024-10-03T20:00:00Z,22.3,9.26,0.0,91.0,0.98,-0.31,4.4
2024-10-03T21:00:00Z,22.3,9.59,0.0,100.0,0.94,-0.7,3.8
2024-10-03T22:00:00Z,22.5,8.74,0.0,93.0,1.02,-0.81,2.3
2024-10-03T23:00:00Z,22.5,8.93,0.0,86.0,1.1,-0.51,1.4
2024-10-04T00:00:00Z,22.5,8.82,0.0,95.0,1.18,0.15,3.4
2024-10-04T01:00:00Z,22.7,8.78,0.0,92.0,1.1,0.94,5.1
2024-10-04T02:00:00Z,22.8,8.98,0.0,76.0,1.04,1.61,5.4
2024-10-04T03:00:00Z,23.0,8.89,0.0,45.0,0.96,2.08,4.5
2024-10-04T04:00:00Z,23.1,8.57,0.0,61.0,0.9,2.18,2.7
2024-10-04T05:00:00Z,23.3,8.48,0.0,57.0,0.86,1.92,0.4
2024-10-04T06:00:00Z,23.8,8.21,0.0,91.0,0.8,1.33,2.1
2024-10-04T07:00:00Z,24.2,8.1,0.0,73.0,0.78,0.61,3.7
2024-10-04T08:00:00Z,24.6,7.82,0.0,80.0,0.76,-0.06,4.4
2024-10-04T09:00:00Z,24.7,7.78,0.0,81.0,0.74,-0.51,4.1
2024-10-04T10:00:00Z,24.4,7.25,0.0,99.0,0.76,-0.68,2.9
2024-10-04T11:00:00Z,24.2,7.63,0.0,100.0,0.8,-0.52,1.2
2024-10-04T12:00:00Z,24.4,8.2,0.0,53.0,0.82,0.02,2.1
2024-10-04T13:00:00Z,24.7,8.56,0.0,60.0,0.88,0.74,4.2
2024-10-04T14:00:00Z,24.5,8.84,0.0,100.0,0.94,1.38,5.0
2024-10-04T15:00:00Z,24.5,8.97,0.0,100.0,1.0,1.82,4.3
2024-10-04T16:00:00Z,24.2,9.37,0.1,99.0,1.1,1.97,2.7
2024-10-04T17:00:00Z,24.2,9.65,0.3,100.0,1.18,1.76,0.7
2024-10-04T18:00:00Z,24.3,10.86,0.3,99.0,1.28,1.22,1.4
2024-10-04T19:00:00Z,24.0,11.4,1.1,100.0,1.34,0.51,3.3
2024-10-04T20:00:00Z,24.1,11.47,1.2,100.0,1.42,-0.18,4.2
2024-10-04T21:00:00Z,24.0,11.72,1.2,100.0,1.48,-0.67,4.1
2024-10-04T22:00:00Z,23.6,12.15,1.4,100.0,1.44,-0.89,2.7
2024-10-04T23:00:00Z,23.4,11.88,2.1,100.0,1.42,-0.77,1.1
2024-10-05T00:00:00Z,23.3,11.36,2.1,100.0,1.38,-0.26,2.3
2024-10-05T01:00:00Z,23.3,11.07,1.5,100.0,1.36,0.51,4.5
2024-10-05T02:00:00Z,23.4,10.95,1.3,96.0,1.36,1.28,5.6
2024-10-05T03:00:00Z,23.4,11.01,1.3,100.0,1.34,1.83,5.2
2024-10-05T04:00:00Z,23.5,10.95,1.1,100.0,1.3,2.1,3.8
2024-10-05T05:00:00Z,23.8,10.71,1.0,99.0,1.24,2.06,1.7
2024-10-05T06:00:00Z,23.8,10.51,1.1,100.0,1.2,1.67,0.6
2024-10-05T07:00:00Z,24.0,10.43,0.5,90.0,1.16,1.02,2.7
2024-10-05T08:00:00Z,24.3,10.16,0.1,89.0,1.14,0.31,4.2
2024-10-05T09:00:00Z,24.4,9.79,0.0,100.0,1.1,-0.25,4.4
2024-10-05T10:00:00Z,24.8,9.29,0.0,100.0,1.14,-0.56,3.5
2024-10-05T11:00:00Z,24.8,9.58,0.0,99.0,1.18,-0.59,1.8
2024-10-05T12:00:00Z,25.0,9.58,0.0,100.0,1.22,-0.3,0.9
2024-10-05T13:00:00Z,25.0,9.67,0.0,100.0,1.2,0.3,3.1
2024-10-05T14:00:00Z,25.0,9.94,0.0,96.0,1.2,0.98,4.5
2024-10-05T15:00:00Z,24.9,9.69,0.0,90.0,1.18,1.48,4.5
2024-10-05T16:00:00Z,24.9,9.18,0.0,88.0,1.12,1.71,3.3
2024-10-05T17:00:00Z,24.8,8.77,0.1,85.0,1.08,1.65,1.1
2024-10-05T18:00:00Z,24.6,8.95,0.2,98.0,1.02,1.3,1.0
2024-10-05T19:00:00Z,24.6,8.68,0.1,91.0,0.98,0.71,2.9
2024-10-05T20:00:00Z,24.8,8.79,0.3,100.0,0.96,0.02,4.1
2024-10-05T21:00:00Z,24.8,8.89,0.2,100.0,0.92,-0.54,4.4
2024-10-05T22:00:00Z,24.3,8.26,0.2,100.0,0.92,-0.84,3.5
2024-10-05T23:00:00Z,24.4,7.98,0.1,100.0,0.94,-0.84,1.8
2024-10-06T00:00:00Z,24.5,6.82,0.1,100.0,0.94,-0.53,1.3
2024-10-06T01:00:00Z,24.6,6.36,0.5,100.0,0.96,0.1,3.4
2024-10-06T02:00:00Z,24.2,7.18,1.2,100.0,0.98,0.88,5.1
2024-10-06T03:00:00Z,23.7,9.41,1.3,100.0,1.0,1.53,5.4
2024-10-06T04:00:00Z,23.5,10.11,0.6,100.0,0.96,1.89,4.3
2024-10-06T05:00:00Z,23.5,10.15,0.7,100.0,0.94,1.97,2.5
2024-10-06T06:00:00Z,23.5,10.08,0.8,100.0,0.9,1.75,0.4
2024-10-06T07:00:00Z,23.6,10.49,1.7,100.0,0.9,1.26,1.8
2024-10-06T08:00:00Z,23.7,10.0,1.5,99.0,0.9,0.62,3.5
2024-10-06T09:00:00Z,23.5,9.85,1.3,100.0,0.9,0.0,4.5
2024-10-06T10:00:00Z,24.0,7.96,0.7,100.0,0.88,-0.43,4.2
2024-10-06T11:00:00Z,24.2,8.87,0.6,100.0,0.86,-0.59,3.0
2024-10-06T12:00:00Z,24.2,9.33,0.2,100.0,0.84,-0.47,1.6
2024-10-06T13:00:00Z,24.0,9.35,0.2,100.0,0.92,-0.05,2.1
2024-10-06T14:00:00Z,23.8,9.1,0.2,100.0,1.02,0.56,3.7
2024-10-06T15:00:00Z,23.8,8.65,0.3,100.0,1.1,1.13,4.5
2024-10-06T16:00:00Z,23.8,8.22,0.2,100.0,1.08,1.43,3.8
2024-10-06T17:00:00Z,23.6,7.9,0.1,100.0,1.06,1.45,2.2
2024-10-06T18:00:00Z,23.6,7.77,0.1,100.0,1.04,1.24,0.3
2024-10-06T19:00:00Z,23.5,7.84,0.2,100.0,1.04,0.81,1.6
2024-10-06T20:00:00Z,23.5,8.02,0.2,100.0,1.04,0.22,3.1
2024-10-06T21:00:00Z,23.4,8.62,0.1,100.0,1.04,-0.35,3.9
2024-10-06T22:00:00Z,22.7,8.48,0.1,100.0,0.98,-0.74,3.6
2024-10-06T23:00:00Z,22.6,8.37,0.1,100.0,0.9,-0.84,2.3
2024-10-07T00:00:00Z,22.7,8.1,0.1,100.0,0.84,-0.65,1.3
2024-10-07T01:00:00Z,22.8,7.8,0.2,100.0,0.84,-0.17,2.7
2024-10-07T02:00:00Z,22.8,7.24,0.2,99.0,0.82,0.53,4.6
2024-10-07T03:00:00Z,22.9,7.16,0.3,99.0,0.82,1.25,5.8
2024-10-07T04:00:00Z,22.8,7.83,0.4,99.0,0.9,1.73,5.4
2024-10-07T05:00:00Z,22.8,8.71,0.5,100.0,1.0,1.93,3.8
2024-10-07T06:00:00Z,22.6,9.46,0.5,100.0,1.08,1.86,1.8
2024-10-07T07:00:00Z,22.3,10.31,0.3,100.0,1.1,1.56,0.3
2024-10-07T08:00:00Z,22.1,11.13,0.2,100.0,1.1,1.07,2.0
2024-10-07T09:00:00Z,21.9,11.48,0.0,100.0,1.12,0.5,3.3
2024-10-07T10:00:00Z,21.6,10.07,0.0,98.0,1.14,0.02,3.8
2024-10-07T11:00:00Z,21.5,9.52,0.0,99.0,1.14,-0.24,3.1
2024-10-07T12:00:00Z,21.5,9.07,0.0,100.0,1.16,-0.25,1.9
2024-10-07T13:00:00Z,21.5,9.06,0.0,100.0,1.1,-0.04,1.3
2024-10-07T14:00:00Z,21.2,9.32,0.0,100.0,1.06,0.37,2.2
2024-10-07T15:00:00Z,20.7,9.62,0.2,100.0,1.0,0.88,3.3
2024-10-07T16:00:00Z,20.3,9.53,0.2,99.0,0.98,1.24,3.2
2024-10-07T17:00:00Z,20.3,9.64,0.2,100.0,0.98,1.32,2.0
2024-10-07T18:00:00Z,20.2,9.87,0.3,100.0,0.96,1.18,0.3
2024-10-07T19:00:00Z,20.0,9.87,0.9,100.0,0.96,0.87,1.5
2024-10-07T20:00:00Z,20.1,9.77,1.0,100.0,0.94,0.42,2.9
2024-10-07T21:00:00Z,20.4,9.75,0.7,100.0,0.94,-0.09,3.8
2024-10-07T22:00:00Z,20.4,9.23,0.6,100.0,0.98,-0.52,3.9
2024-10-07T23:00:00Z,20.5,9.15,0.7,100.0,1.02,-0.74,3.2
2024-10-08T00:00:00Z,20.6,9.04,0.5,100.0,1.06,-0.7,1.8
2024-10-08T01:00:00Z,20.8,9.14,0.3,100.0,1.02,-0.41,1.5
2024-10-08T02:00:00Z,21.0,9.66,0.1,100.0,1.0,0.09,3.1
2024-10-08T03:00:00Z,21.3,9.64,0.1,82.0,0.96,0.74,4.6
2024-10-08T04:00:00Z,21.5,9.5,0.0,55.0,0.94,1.32,5.1
2024-10-08T05:00:00Z,21.6,9.56,0.0,17.0,0.92,1.65,4.2
2024-10-08T06:00:00Z,21.5,9.56,0.1,15.0,0.9,1.71,2.5
2024-10-08T07:00:00Z,21.3,9.75,0.1,15.0,0.9,1.57,0.6
2024-10-08T08:00:00Z,21.1,9.6,0.0,29.0,0.9,1.26,1.1
2024-10-08T09:00:00Z,20.9,9.42,0.0,43.0,0.9,0.82,2.4
2024-10-08T10:00:00Z,21.0,8.84,0.0,14.0,0.88,0.35,3.2
2024-10-08T11:00:00Z,20.8,8.58,0.0,10.0,0.88,0.0,3.2
2024-10-08T12:00:00Z,20.7,8.31,0.0,14.0,0.86,-0.15,2.4
2024-10-08T13:00:00Z,20.6,7.9,0.0,39.0,0.82,-0.1,1.3
2024-10-08T14:00:00Z,20.6,7.65,0.0,33.0,0.8,0.11,1.2
2024-10-08T15:00:00Z,20.6,7.46,0.0,69.0,0.76,0.47,2.1
2024-10-08T16:00:00Z,20.5,7.46,0.0,89.0,0.72,0.84,2.7
2024-10-08T17:00:00Z,20.3,7.47,0.0,99.0,0.7,1.04,2.3
2024-10-08T18:00:00Z,20.2,7.22,0.0,100.0,0.66,1.0,1.1
2024-10-08T19:00:00Z,20.1,6.88,0.0,99.0,0.66,0.8,0.6
2024-10-08T20:00:00Z,20.0,6.67,0.0,98.0,0.66,0.5,1.8
2024-10-08T21:00:00Z,20.0,6.35,0.0,100.0,0.66,0.12,2.9
2024-10-08T22:00:00Z,20.1,4.9,0.0,99.0,0.64,-0.29,3.5
2024-10-08T23:00:00Z,20.1,4.9,0.0,89.0,0.6,-0.6,3.2
2024-10-09T00:00:00Z,20.2,4.86,0.0,95.0,0.58,-0.71,2.3
2024-10-09T01:00:00Z,20.3,4.81,0.0,77.0,0.56,-0.57,1.4
2024-10-09T02:00:00Z,20.4,4.33,0.0,87.0,0.52,-0.25,1.7
2024-10-09T03:00:00Z,20.5,4.27,0.0,98.0,0.5,0.23,3.1
2024-10-09T04:00:00Z,20.6,4.15,0.0,98.0,0.46,0.79,4.0
2024-10-09T05:00:00Z,20.7,3.72,0.0,89.0,0.44,1.25,4.2
2024-10-09T06:00:00Z,20.8,3.45,0.0,40.0,0.4,1.45,3.1
2024-10-09T07:00:00Z,21.0,3.76,0.0,42.0,0.38,1.45,1.5
2024-10-09T08:00:00Z,21.2,4.08,0.0,36.0,0.34,1.31,0.4
2024-10-09T09:00:00Z,21.3,3.58,0.0,31.0,0.32,1.04,1.5
2024-10-09T10:00:00Z,21.3,3.04,0.0,77.0,0.32,0.68,2.6
2024-10-09T11:00:00Z,21.3,3.32,0.0,82.0,0.34,0.31,3.2
2024-10-09T12:00:00Z,21.3,3.43,0.0,93.0,0.34,0.06,3.1
2024-10-09T13:00:00Z,21.3,3.58,0.0,76.0,0.32,-0.02,2.3
2024-10-09T14:00:00Z,21.3,3.26,0.0,7.0,0.3,0.03,1.5
2024-10-09T15:00:00Z,21.1,3.2,0.0,7.0,0.28,0.21,1.3
2024-10-09T16:00:00Z,21.0,4.65,0.0,42.0,0.3,0.5,1.7
2024-10-09T17:00:00Z,20.9,5.09,0.0,20.0,0.3,0.77,1.9
2024-10-09T18:00:00Z,20.7,5.58,0.0,10.0,0.32,0.86,1.3
2024-10-09T19:00:00Z,20.6,5.66,0.0,1.0,0.34,0.76,0.4
2024-10-09T20:00:00Z,20.5,5.27,0.0,0.0,0.38,0.57,1.1
2024-10-09T21:00:00Z,20.5,4.97,0.0,0.0,0.4,0.33,1.8
2024-10-09T22:00:00Z,20.4,4.79,0.0,1.0,0.4,0.04,2.6
2024-10-09T23:00:00Z,20.4,4.71,0.0,8.0,0.42,-0.24,2.8
2024-10-10T00:00:00Z,20.6,4.27,0.0,31.0,0.42,-0.43,2.5
2024-10-10T01:00:00Z,20.6,4.22,0.0,1.0,0.4,-0.44,1.8
2024-10-10T02:00:00Z,20.7,4.05,0.0,4.0,0.38,-0.27,1.5
2024-10-10T03:00:00Z,20.8,3.58,0.0,10.0,0.36,0.03,2.2
2024-10-10T04:00:00Z,20.8,4.16,0.0,33.0,0.34,0.44,3.1
2024-10-10T05:00:00Z,21.0,4.33,0.0,16.0,0.32,0.9,3.8
2024-10-10T06:00:00Z,21.2,4.6,0.0,6.0,0.3,1.25,3.7
2024-10-10T07:00:00Z,21.4,4.52,0.0,28.0,0.32,1.39,2.8
2024-10-10T08:00:00Z,21.5,4.18,0.0,74.0,0.34,1.4,1.4
2024-10-10T09:00:00Z,21.7,4.49,0.0,80.0,0.36,1.31,0.6
2024-10-10T10:00:00Z,22.0,4.47,0.0,77.0,0.38,1.13,1.2
2024-10-10T11:00:00Z,22.0,4.65,0.0,88.0,0.4,0.85,2.1
2024-10-10T12:00:00Z,22.1,4.9,0.0,92.0,0.42,0.55,2.6
2024-10-10T13:00:00Z,22.0,5.15,0.0,94.0,0.42,0.34,2.6
2024-10-10T14:00:00Z,22.0,5.55,0.0,98.0,0.44,0.25,1.8
2024-10-10T15:00:00Z,21.9,6.0,0.0,100.0,0.44,0.25,1.5
2024-10-10T16:00:00Z,21.9,6.01,0.0,97.0,0.42,0.34,1.5
2024-10-10T17:00:00Z,21.8,5.89,0.0,82.0,0.42,0.53,1.8
2024-10-10T18:00:00Z,21.8,5.85,0.0,65.0,0.4,0.71,2.2
2024-10-10T19:00:00Z,21.7,5.91,0.0,66.0,0.42,0.74,1.6
2024-10-10T20:00:00Z,21.7,6.07,0.0,15.0,0.46,0.66,0.9
2024-10-10T21:00:00Z,21.7,6.45,0.0,13.0,0.48,0.54,0.8
2024-10-10T22:00:00Z,21.7,5.83,0.0,16.0,0.5,0.4,1.2
2024-10-10T23:00:00Z,21.8,5.9,0.0,13.0,0.5,0.19,1.7
2024-10-11T00:00:00Z,21.9,5.82,0.0,12.0,0.52,-0.04,2.2
2024-10-11T01:00:00Z,22.1,5.68,0.0,34.0,0.52,-0.2,2.1
2024-10-11T02:00:00Z,22.3,5.44,0.0,39.0,0.5,-0.24,1.7
2024-10-11T03:00:00Z,22.5,5.22,0.0,32.0,0.5,-0.15,1.7
2024-10-11T04:00:00Z,22.6,4.93,0.0,45.0,0.48,0.04,2.2
2024-10-11T05:00:00Z,22.7,4.83,0.0,35.0,0.48,0.35,2.9
2024-10-11T06:00:00Z,22.8,5.06,0.0,26.0,0.46,0.72,3.4
2024-10-11T07:00:00Z,22.9,5.32,0.0,12.0,0.46,1.0,3.3
2024-10-11T08:00:00Z,23.0,5.69,0.0,7.0,0.46,1.15,2.6
2024-10-11T09:00:00Z,23.0,5.85,0.0,25.0,0.46,1.23,1.7
2024-10-11T10:00:00Z,22.9,5.49,0.0,41.0,0.46,1.25,0.8
2024-10-11T11:00:00Z,23.0,5.54,0.0,38.0,0.44,1.16,0.6
2024-10-11T12:00:00Z,23.1,5.73,0.0,38.0,0.44,0.93,1.3
2024-10-11T13:00:00Z,23.1,5.87,0.0,28.0,0.44,0.65,1.9
2024-10-11T14:00:00Z,23.1,5.95,0.0,41.0,0.42,0.4,2.1
2024-10-11T15:00:00Z,23.1,5.77,0.0,26.0,0.42,0.21,1.7
2024-10-11T16:00:00Z,23.0,5.61,0.0,63.0,0.42,0.09,1.2
2024-10-11T17:00:00Z,23.0,5.69,0.0,92.0,0.4,0.09,0.7
2024-10-11T18:00:00Z,23.0,5.86,0.0,96.0,0.4,0.21,0.9
2024-10-11T19:00:00Z,23.0,5.81,0.0,96.0,0.44,0.36,1.5
2024-10-11T20:00:00Z,23.0,5.68,0.0,63.0,0.46,0.43,1.3
2024-10-11T21:00:00Z,23.1,5.66,0.0,67.0,0.5,0.44,0.5
2024-10-11T22:00:00Z,23.0,4.86,0.0,45.0,0.52,0.44,0.0
2024-10-11T23:00:00Z,23.1,5.44,0.0,43.0,0.52,0.39,0.4
2024-10-12T00:00:00Z,23.2,5.7,0.0,34.0,0.54,0.24,1.0
2024-10-12T01:00:00Z,23.4,5.83,0.0,7.0,0.54,0.02,1.5
2024-10-12T02:00:00Z,23.6,5.98,0.0,6.0,0.52,-0.18,1.5
2024-10-12T03:00:00Z,23.5,6.04,0.0,6.0,0.52,-0.29,1.2
2024-10-12T04:00:00Z,23.4,5.91,0.0,12.0,0.54,-0.3,0.9
2024-10-12T05:00:00Z,23.4,5.7,0.0,26.0,0.54,-0.19,1.3
2024-10-12T06:00:00Z,23.4,5.68,0.0,35.0,0.56,0.08,2.2
2024-10-12T07:00:00Z,23.4,5.98,0.0,41.0,0.56,0.46,3.1
2024-10-12T08:00:00Z,23.4,6.55,0.0,21.0,0.54,0.81,3.4
2024-10-12T09:00:00Z,23.4,6.85,0.0,30.0,0.54,1.09,3.1
2024-10-12T10:00:00Z,23.5,6.4,0.1,51.0,0.52,1.3,2.3
2024-10-12T11:00:00Z,23.5,6.95,0.0,36.0,0.52,1.42,1.5
2024-10-12T12:00:00Z,23.7,7.3,0.0,24.0,0.5,1.36,0.4
2024-10-12T13:00:00Z,23.7,6.86,0.0,35.0,0.5,1.11,0.7
2024-10-12T14:00:00Z,23.9,6.46,0.0,35.0,0.52,0.75,1.8
2024-10-12T15:00:00Z,24.0,6.17,0.0,41.0,0.52,0.38,2.2
2024-10-12T16:00:00Z,24.2,6.12,0.0,34.0,0.54,0.06,2.2
2024-10-12T17:00:00Z,24.2,6.31,0.0,20.0,0.54,-0.17,1.8
2024-10-12T18:00:00Z,24.1,6.31,0.0,23.0,0.56,-0.23,1.0
2024-10-12T19:00:00Z,24.1,6.28,0.0,17.0,0.58,-0.09,0.4
2024-10-12T20:00:00Z,24.1,6.56,0.0,18.0,0.6,0.13,1.5
2024-10-12T21:00:00Z,24.1,6.96,0.0,21.0,0.62,0.34,1.9
2024-10-12T22:00:00Z,24.1,7.28,0.0,19.0,0.64,0.53,1.7
2024-10-12T23:00:00Z,24.1,7.04,0.0,44.0,0.66,0.68,1.4
2024-10-13T00:00:00Z,24.1,7.85,0.0,53.0,0.68,0.71,0.9
2024-10-13T01:00:00Z,24.2,7.87,0.0,54.0,0.66,0.55,0.3
2024-10-13T02:00:00Z,24.3,7.31,0.0,86.0,0.66,0.27,1.1
2024-10-13T03:00:00Z,24.3,6.68,0.0,88.0,0.64,-0.04,1.6
2024-10-13T04:00:00Z,24.4,6.21,0.0,93.0,0.62,-0.29,1.5
2024-10-13T05:00:00Z,24.4,5.91,0.0,95.0,0.6,-0.43,1.1
2024-10-13T06:00:00Z,24.4,5.82,0.0,89.0,0.58,-0.4,0.4
2024-10-13T07:00:00Z,24.4,5.85,0.0,91.0,0.58,-0.14,1.3
2024-10-13T08:00:00Z,24.4,5.81,0.0,89.0,0.56,0.29,2.5
2024-10-13T09:00:00Z,24.3,6.09,0.0,81.0,0.56,0.73,3.3
2024-10-13T10:00:00Z,24.5,6.22,0.0,30.0,0.54,1.12,3.1
2024-10-13T11:00:00Z,24.4,6.17,0.0,35.0,0.54,1.45,2.6
2024-10-13T12:00:00Z,24.5,6.25,0.0,72.0,0.52,1.61,1.8
2024-10-13T13:00:00Z,24.5,6.21,0.0,37.0,0.5,1.51,0.6
2024-10-13T14:00:00Z,24.4,5.93,0.0,38.0,0.48,1.16,1.5
2024-10-13T15:00:00Z,24.4,5.86,0.0,64.0,0.46,0.67,2.7
2024-10-13T16:00:00Z,24.4,5.53,0.0,82.0,0.44,0.17,3.2
2024-10-13T17:00:00Z,24.4,5.4,0.0,68.0,0.44,-0.25,3.2
2024-10-13T18:00:00Z,24.3,5.23,0.0,44.0,0.42,-0.52,2.7
2024-10-13T19:00:00Z,24.2,4.75,0.0,55.0,0.4,-0.55,1.4
2024-10-13T20:00:00Z,24.2,4.19,0.0,64.0,0.36,-0.32,0.3
2024-10-13T21:00:00Z,24.1,3.94,0.0,40.0,0.34,0.04,1.7
2024-10-13T22:00:00Z,24.1,3.38,0.0,61.0,0.32,0.4,2.3
2024-10-13T23:00:00Z,24.1,3.29,0.0,37.0,0.3,0.74,2.3
2024-10-14T00:00:00Z,24.1,2.96,0.0,28.0,0.28,0.98,1.5
2024-10-14T01:00:00Z,24.2,2.79,0.0,21.0,0.28,1.0,0.5
2024-10-14T02:00:00Z,24.3,2.8,0.0,22.0,0.26,0.75,0.9
2024-10-14T03:00:00Z,24.4,2.61,0.0,31.0,0.26,0.33,2.2
2024-10-14T04:00:00Z,24.5,2.33,0.0,23.0,0.24,-0.12,2.9
2024-10-14T05:00:00Z,24.7,2.39,0.0,9.0,0.24,-0.49,3.1
2024-10-14T06:00:00Z,24.8,2.42,0.0,7.0,0.22,-0.71,2.4
2024-10-14T07:00:00Z,24.8,2.66,0.0,13.0,0.22,-0.69,1.4
2024-10-14T08:00:00Z,24.7,2.87,0.0,10.0,0.22,-0.35,1.2
2024-10-14T09:00:00Z,24.6,2.8,0.0,36.0,0.22,0.21,3.1
2024-10-14T10:00:00Z,24.4,1.61,0.0,30.0,0.22,0.8,4.1
2024-10-14T11:00:00Z,24.4,0.53,0.2,28.0,0.24,1.35,4.3
2024-10-14T12:00:00Z,24.2,0.81,0.0,32.0,0.24,1.76,3.6
2024-10-14T13:00:00Z,24.1,1.05,0.4,33.0,0.24,1.92,2.3
2024-10-14T14:00:00Z,24.1,1.66,0.5,20.0,0.24,1.72,0.4
2024-10-14T15:00:00Z,24.0,2.44,0.4,26.0,0.24,1.22,1.7
2024-10-14T16:00:00Z,24.1,2.82,0.0,49.0,0.26,0.58,3.3
2024-10-14T17:00:00Z,24.0,2.74,0.0,76.0,0.28,-0.05,4.0
2024-10-14T18:00:00Z,24.0,3.0,0.4,86.0,0.3,-0.55,4.0
2024-10-14T19:00:00Z,23.7,3.63,0.1,66.0,0.32,-0.81,3.2
2024-10-14T20:00:00Z,23.4,4.43,0.0,78.0,0.36,-0.74,1.3
2024-10-14T21:00:00Z,23.3,5.25,0.0,87.0,0.38,-0.35,1.4
2024-10-14T22:00:00Z,23.5,6.29,0.0,97.0,0.42,0.2,3.1
2024-10-14T23:00:00Z,23.5,6.42,0.0,94.0,0.46,0.75,3.8
2024-10-15T00:00:00Z,23.6,6.52,0.0,80.0,0.5,1.21,3.8
2024-10-15T01:00:00Z,23.7,6.29,0.0,94.0,0.52,1.48,3.1
2024-10-15T02:00:00Z,23.8,6.26,0.1,98.0,0.56,1.42,1.7
2024-10-15T03:00:00Z,23.8,6.19,0.2,96.0,0.58,1.03,0.8
2024-10-15T04:00:00Z,23.6,7.23,0.4,100.0,0.6,0.46,2.0
2024-10-15T05:00:00Z,23.5,7.32,0.3,100.0,0.64,-0.11,2.9
2024-10-15T06:00:00Z,23.2,7.12,0.6,96.0,0.66,-0.57,3.0
2024-10-15T07:00:00Z,23.1,6.88,0.0,99.0,0.7,-0.82,2.4
2024-10-15T08:00:00Z,23.0,7.41,0.0,100.0,0.74,-0.75,1.5
2024-10-15T09:00:00Z,22.9,8.03,0.0,100.0,0.78,-0.31,2.6
2024-10-15T10:00:00Z,23.0,7.81,0.1,99.0,0.78,0.38,4.7
2024-10-15T11:00:00Z,23.1,7.81,0.1,95.0,0.8,1.11,5.9
2024-10-15T12:00:00Z,23.1,7.67,0.1,100.0,0.8,1.74,5.8
2024-10-15T13:00:00Z,23.2,7.65,0.1,100.0,0.76,2.15,4.7
2024-10-15T14:00:00Z,23.2,7.26,0.0,99.0,0.7,2.18,2.9
2024-10-15T15:00:00Z,23.2,6.95,0.0,100.0,0.66,1.8,0.4
2024-10-15T16:00:00Z,23.2,6.91,0.0,100.0,0.62,1.12,2.2
2024-10-15T17:00:00Z,23.2,7.29,0.0,100.0,0.6,0.34,3.6
2024-10-15T18:00:00Z,23.2,7.68,0.0,87.0,0.56,-0.35,4.4
2024-10-15T19:00:00Z,23.2,7.1,0.4,100.0,0.58,-0.84,3.8
2024-10-15T20:00:00Z,23.3,7.54,0.6,100.0,0.6,-1.02,2.5
2024-10-15T21:00:00Z,23.3,7.7,0.5,100.0,0.62,-0.79,0.7
2024-10-15T22:00:00Z,22.5,8.04,0.2,86.0,0.64,-0.19,3.1
2024-10-15T23:00:00Z,22.5,7.52,0.6,72.0,0.64,0.54,4.9
2024-10-16T00:00:00Z,22.5,7.41,0.7,61.0,0.66,1.22,5.8
2024-10-16T01:00:00Z,22.6,6.99,1.2,81.0,0.64,1.74,5.2
2024-10-16T02:00:00Z,22.5,6.98,1.2,68.0,0.6,1.94,3.6
2024-10-16T03:00:00Z,22.6,7.27,0.9,66.0,0.58,1.73,1.4
2024-10-16T04:00:00Z,22.6,7.52,0.7,53.0,0.58,1.18,1.0
2024-10-16T05:00:00Z,22.6,7.67,0.3,88.0,0.56,0.45,2.8
2024-10-16T06:00:00Z,22.7,8.34,0.2,92.0,0.56,-0.25,3.8
2024-10-16T07:00:00Z,22.9,8.93,0.1,97.0,0.58,-0.78,3.7
2024-10-16T08:00:00Z,23.1,9.25,0.0,94.0,0.6,-1.02,2.7
2024-10-16T09:00:00Z,23.2,9.4,0.2,98.0,0.62,-0.86,1.1
2024-10-16T10:00:00Z,23.4,9.22,0.2,93.0,0.76,-0.29,2.8
2024-10-16T11:00:00Z,23.6,8.88,0.1,70.0,0.9,0.52,5.2
2024-10-16T12:00:00Z,23.7,8.51,0.0,52.0,1.04,1.32,6.1
2024-10-16T13:00:00Z,23.8,7.7,0.0,24.0,1.0,1.95,5.8
2024-10-16T14:00:00Z,23.8,7.02,0.0,35.0,0.96,2.27,4.3
2024-10-16T15:00:00Z,23.9,6.26,0.0,67.0,0.92,2.16,2.0
2024-10-16T16:00:00Z,23.9,5.77,0.0,77.0,0.88,1.61,0.7
2024-10-16T17:00:00Z,23.9,5.81,0.0,93.0,0.84,0.8,3.1
2024-10-16T18:00:00Z,23.8,6.66,0.1,87.0,0.8,-0.04,4.5
2024-10-16T19:00:00Z,23.8,7.13,0.3,67.0,0.78,-0.71,4.7
2024-10-16T20:00:00Z,23.8,7.31,0.3,65.0,0.78,-1.14,3.8
2024-10-16T21:00:00Z,23.8,8.09,0.1,56.0,0.76,-1.2,2.0
2024-10-16T22:00:00Z,23.7,6.95,0.1,33.0,0.8,-0.76,1.5
2024-10-16T23:00:00Z,23.6,7.36,0.3,32.0,0.86,0.03,4.3
2024-10-17T00:00:00Z,23.7,7.38,0.2,33.0,0.9,0.89,6.1
2024-10-17T01:00:00Z,23.9,7.04,0.1,35.0,0.86,1.64,6.3
2024-10-17T02:00:00Z,24.1,6.61,0.0,40.0,0.82,2.13,5.2
2024-10-17T03:00:00Z,24.3,5.97,0.0,27.0,0.78,2.21,3.3
2024-10-17T04:00:00Z,24.4,5.69,0.0,25.0,0.74,1.83,0.6
2024-10-17T05:00:00Z,24.4,5.47,0.0,72.0,0.68,1.11,2.2
2024-10-17T06:00:00Z,24.5,5.59,0.0,97.0,0.64,0.3,3.8
2024-10-17T07:00:00Z,24.5,5.62,0.0,98.0,0.6,-0.43,4.5
2024-10-17T08:00:00Z,24.5,5.46,0.0,54.0,0.56,-0.93,4.2
2024-10-17T09:00:00Z,24.4,5.38,0.0,87.0,0.52,-1.12,2.7
2024-10-17T10:00:00Z,24.7,4.7,0.0,100.0,0.48,-0.85,0.9
2024-10-17T11:00:00Z,24.7,4.68,0.0,98.0,0.46,-0.17,3.1
2024-10-17T12:00:00Z,24.7,4.55,0.0,95.0,0.42,0.69,5.4
2024-10-17T13:00:00Z,24.6,4.43,0.0,79.0,0.4,1.47,6.1
2024-10-17T14:00:00Z,24.6,4.7,0.0,13.0,0.4,2.01,5.1
2024-10-17T15:00:00Z,24.5,4.7,0.0,67.0,0.38,2.17,3.3
2024-10-17T16:00:00Z,24.5,4.65,0.0,72.0,0.38,1.86,0.6
2024-10-17T17:00:00Z,24.4,4.84,0.0,16.0,0.36,1.18,2.2
2024-10-17T18:00:00Z,24.4,4.94,0.0,14.0,0.36,0.32,4.2
2024-10-17T19:00:00Z,24.4,4.87,0.0,10.0,0.36,-0.5,5.1
2024-10-17T20:00:00Z,24.3,4.94,0.0,32.0,0.34,-1.09,4.9
2024-10-17T21:00:00Z,24.2,5.15,0.0,37.0,0.34,-1.37,3.5
2024-10-17T22:00:00Z,24.3,4.92,0.0,21.0,0.34,-1.22,1.2
2024-10-17T23:00:00Z,24.3,5.35,0.0,9.0,0.32,-0.59,2.3
2024-10-18T00:00:00Z,24.4,5.48,0.0,5.0,0.32,0.34,5.4
2024-10-18T01:00:00Z,24.6,5.54,0.0,6.0,0.34,1.27,6.7
2024-10-18T02:00:00Z,24.8,5.7,0.0,1.0,0.34,1.99,6.2
2024-10-18T03:00:00Z,25.0,5.71,0.0,0.0,0.36,2.37,4.5
2024-10-18T04:00:00Z,25.2,5.72,0.0,4.0,0.34,2.27,1.9
2024-10-18T05:00:00Z,25.3,6.0,0.0,13.0,0.34,1.74,1.5
2024-10-18T06:00:00Z,25.4,5.79,0.0,30.0,0.32,0.93,3.8
2024-10-18T07:00:00Z,25.4,6.02,0.0,42.0,0.32,0.08,5.2
2024-10-18T08:00:00Z,25.3,6.16,0.0,53.0,0.32,-0.63,5.8
2024-10-18T09:00:00Z,25.2,6.07,0.0,81.0,0.32,-1.07,4.9
2024-10-18T10:00:00Z,25.1,5.54,0.0,91.0,0.32,-1.15,3.0
2024-10-18T11:00:00Z,25.1,5.04,0.0,69.0,0.32,-0.78,0.7
2024-10-18T12:00:00Z,25.0,4.35,0.2,98.0,0.32,-0.03,3.1
2024-10-18T13:00:00Z,24.9,4.03,0.2,89.0,0.32,0.82,4.9
2024-10-18T14:00:00Z,24.6,4.98,0.8,93.0,0.3,1.5,5.0
2024-10-18T15:00:00Z,24.2,5.97,1.3,92.0,0.3,1.88,3.6
2024-10-18T16:00:00Z,24.2,6.3,0.2,96.0,0.32,1.87,1.3
2024-10-18T17:00:00Z,24.2,6.99,0.0,99.0,0.34,1.41,1.5
2024-10-18T18:00:00Z,24.0,8.49,0.0,100.0,0.36,0.65,3.6
2024-10-18T19:00:00Z,23.1,10.24,0.6,100.0,0.56,-0.2,5.1
2024-10-18T20:00:00Z,22.1,9.53,0.2,100.0,0.74,-0.91,5.3
2024-10-18T21:00:00Z,21.5,8.84,0.1,100.0,0.94,-1.37,4.5
2024-10-18T22:00:00Z,21.0,8.47,0.2,97.0,0.96,-1.49,2.7
2024-10-18T23:00:00Z,21.0,9.18,0.1,99.0,0.96,-1.15,1.5
2024-10-19T00:00:00Z,21.1,9.17,0.0,100.0,0.98,-0.39,3.9
2024-10-19T01:00:00Z,21.6,8.99,0.0,93.0,0.96,0.6,6.5
2024-10-19T02:00:00Z,22.0,8.9,0.0,100.0,0.92,1.51,7.4
2024-10-19T03:00:00Z,22.7,10.17,0.1,83.0,0.9,2.14,6.5
2024-10-19T04:00:00Z,22.5,12.26,0.1,91.0,1.16,2.42,4.5
2024-10-19T05:00:00Z,22.3,12.91,0.2,95.0,1.42,2.26,2.0
2024-10-19T06:00:00Z,21.9,12.8,0.2,100.0,1.68,1.69,0.6
2024-10-19T07:00:00Z,21.6,12.8,0.2,100.0,1.76,0.93,2.8
2024-10-19T08:00:00Z,21.4,12.67,0.1,100.0,1.86,0.19,4.1
2024-10-19T09:00:00Z,21.1,12.67,0.0,100.0,1.94,-0.35,3.9
2024-10-19T10:00:00Z,20.6,11.65,0.1,100.0,1.76,-0.62,3.0
2024-10-19T11:00:00Z,20.2,11.5,0.1,100.0,1.6,-0.54,1.6
2024-10-19T12:00:00Z,19.9,11.05,0.0,100.0,1.42,-0.05,2.3
2024-10-19T13:00:00Z,19.7,11.04,0.1,100.0,1.38,0.72,4.7
2024-10-19T14:00:00Z,19.6,10.88,0.0,100.0,1.36,1.47,5.8
2024-10-19T15:00:00Z,19.6,10.78,0.0,100.0,1.32,1.99,5.2
2024-10-19T16:00:00Z,19.4,10.98,0.0,100.0,1.3,2.19,3.4
2024-10-19T17:00:00Z,19.4,10.84,0.0,100.0,1.26,2.01,0.9
2024-10-19T18:00:00Z,19.4,10.62,0.1,100.0,1.24,1.45,1.7
2024-10-19T19:00:00Z,19.4,10.23,0.0,100.0,1.18,0.66,3.9
2024-10-19T20:00:00Z,19.5,9.33,0.0,100.0,1.12,-0.13,5.2
2024-10-19T21:00:00Z,19.9,8.59,0.0,100.0,1.06,-0.73,5.2
2024-10-19T22:00:00Z,20.3,7.19,0.0,99.0,0.94,-1.04,4.3
2024-10-19T23:00:00Z,20.8,6.56,0.0,100.0,0.82,-1.01,2.7
2024-10-20T00:00:00Z,21.3,6.32,0.0,100.0,0.7,-0.57,2.0
2024-10-20T01:00:00Z,21.6,5.66,0.0,100.0,0.7,0.24,4.2
2024-10-20T02:00:00Z,21.4,6.74,0.0,100.0,0.7,1.14,5.8
2024-10-20T03:00:00Z,21.0,8.2,0.0,100.0,0.7,1.86,5.9
2024-10-20T04:00:00Z,21.1,8.66,0.1,100.0,0.72,2.28,4.5
2024-10-20T05:00:00Z,21.2,8.96,0.3,100.0,0.76,2.33,2.2
2024-10-20T06:00:00Z,21.3,8.89,0.2,100.0,0.78,1.97,0.4
2024-10-20T07:00:00Z,21.9,7.87,0.2,100.0,0.78,1.32,2.7
2024-10-20T08:00:00Z,22.2,5.25,0.3,93.0,0.78,0.55,4.4
2024-10-20T09:00:00Z,22.7,3.86,0.3,95.0,0.78,-0.14,5.0
2024-10-20T10:00:00Z,22.3,4.65,0.5,100.0,0.86,-0.63,4.5
2024-10-20T11:00:00Z,22.8,6.71,0.4,100.0,0.92,-0.87,2.8
2024-10-20T12:00:00Z,23.1,7.42,0.2,100.0,1.0,-0.74,1.0
2024-10-20T13:00:00Z,23.3,7.23,0.1,100.0,1.0,-0.24,2.6
2024-10-20T14:00:00Z,23.3,6.99,0.1,100.0,1.02,0.43,4.7
2024-10-20T15:00:00Z,23.3,6.47,0.0,100.0,1.02,1.01,5.2
2024-10-20T16:00:00Z,23.2,5.79,0.0,99.0,0.94,1.35,4.4
2024-10-20T17:00:00Z,23.1,5.13,0.0,99.0,0.84,1.41,2.5
2024-10-20T18:00:00Z,23.0,4.32,0.0,94.0,0.76,1.15,0.7
2024-10-20T19:00:00Z,22.9,3.62,0.0,92.0,0.72,0.61,1.8
2024-10-20T20:00:00Z,22.8,2.43,0.0,66.0,0.68,-0.06,3.4
2024-10-20T21:00:00Z,22.7,1.61,0.0,63.0,0.64,-0.66,4.0
2024-10-20T22:00:00Z,22.7,0.79,0.0,50.0,0.64,-1.06,3.5
2024-10-20T23:00:00Z,22.7,2.77,0.0,41.0,0.62,-1.18,2.3
2024-10-21T00:00:00Z,22.6,4.47,0.0,43.0,0.62,-0.97,1.6
2024-10-21T01:00:00Z,22.5,5.27,0.0,41.0,0.62,-0.39,3.3
2024-10-21T02:00:00Z,22.4,5.06,0.0,29.0,0.64,0.45,5.5
2024-10-21T03:00:00Z,22.4,4.81,0.0,20.0,0.64,1.29,6.7
2024-10-21T04:00:00Z,22.5,4.67,0.0,11.0,0.62,1.9,6.3
2024-10-21T05:00:00Z,22.6,4.78,0.0,8.0,0.6,2.22,4.5
2024-10-21T06:00:00Z,22.8,4.62,0.0,6.0,0.58,2.23,2.4
2024-10-21T07:00:00Z,23.0,4.05,0.0,3.0,0.56,1.9,0.5
2024-10-21T08:00:00Z,23.1,3.71,0.0,3.0,0.52,1.34,2.3
2024-10-21T09:00:00Z,23.2,3.67,0.0,2.0,0.5,0.7,3.5
2024-10-21T10:00:00Z,23.0,3.31,0.0,4.0,0.5,0.15,3.9
2024-10-21T11:00:00Z,23.0,3.72,0.0,3.0,0.48,-0.2,3.6
2024-10-21T12:00:00Z,23.0,4.13,0.0,3.0,0.48,-0.32,2.7
2024-10-21T13:00:00Z,23.0,4.0,0.0,7.0,0.48,-0.13,2.0
2024-10-21T14:00:00Z,22.9,4.76,0.0,13.0,0.48,0.32,2.7
2024-10-21T15:00:00Z,22.7,6.16,0.0,9.0,0.48,0.88,3.9
2024-10-21T16:00:00Z,22.5,6.06,0.0,10.0,0.48,1.29,3.8
2024-10-21T17:00:00Z,22.2,5.56,0.0,7.0,0.48,1.48,2.6
2024-10-21T18:00:00Z,22.0,5.87,0.0,3.0,0.48,1.43,1.2
2024-10-21T19:00:00Z,21.8,6.83,0.0,9.0,0.5,1.13,1.3
2024-10-21T20:00:00Z,21.7,7.16,0.0,17.0,0.54,0.63,2.9
2024-10-21T21:00:00Z,21.5,7.09,0.0,20.0,0.56,0.05,3.9
2024-10-21T22:00:00Z,21.4,6.36,0.0,23.0,0.58,-0.43,4.4
2024-10-21T23:00:00Z,21.3,6.24,0.0,26.0,0.6,-0.71,3.9
2024-10-22T00:00:00Z,21.3,6.46,0.0,19.0,0.62,-0.75,2.7
2024-10-22T01:00:00Z,21.2,7.51,0.0,30.0,0.66,-0.51,2.3
2024-10-22T02:00:00Z,21.0,8.38,0.0,60.0,0.72,0.04,3.0
2024-10-22T03:00:00Z,21.1,8.22,0.0,84.0,0.76,0.75,4.5
2024-10-22T04:00:00Z,21.2,7.96,0.0,86.0,0.78,1.39,4.9
2024-10-22T05:00:00Z,21.2,8.42,0.0,96.0,0.82,1.8,4.0
2024-10-22T06:00:00Z,21.2,8.73,0.0,100.0,0.84,1.97,2.3
2024-10-22T07:00:00Z,21.2,9.08,0.0,100.0,0.88,1.89,0.6
2024-10-22T08:00:00Z,21.0,9.75,0.1,100.0,0.9,1.55,1.3
2024-10-22T09:00:00Z,20.7,10.1,0.0,100.0,0.94,1.02,2.9
2024-10-22T10:00:00Z,19.6,9.84,0.0,100.0,1.0,0.47,3.9
2024-10-22T11:00:00Z,19.1,10.62,0.0,100.0,1.06,0.02,3.9
2024-10-22T12:00:00Z,18.9,11.1,0.0,100.0,1.12,-0.26,3.2
2024-10-22T13:00:00Z,18.7,11.22,0.0,100.0,1.2,-0.35,2.2
2024-10-22T14:00:00Z,18.7,11.09,0.0,100.0,1.26,-0.2,1.1
2024-10-22T15:00:00Z,18.4,11.08,0.0,100.0,1.34,0.17,1.8
2024-10-22T16:00:00Z,18.1,11.24,0.0,100.0,1.3,0.56,2.9
2024-10-22T17:00:00Z,17.8,11.14,0.0,100.0,1.28,0.8,2.7
2024-10-22T18:00:00Z,17.6,10.9,0.0,100.0,1.24,0.88,1.6
2024-10-22T19:00:00Z,17.5,10.77,0.0,99.0,1.24,0.82,0.4
2024-10-22T20:00:00Z,17.3,10.4,0.0,93.0,1.24,0.58,0.9
2024-10-22T21:00:00Z,17.2,10.46,0.0,80.0,1.24,0.18,2.0
2024-10-22T22:00:00Z,16.6,9.89,0.0,86.0,1.18,-0.26,2.8
2024-10-22T23:00:00Z,16.7,9.82,0.0,78.0,1.1,-0.58,2.7
2024-10-23T00:00:00Z,17.0,9.36,0.0,100.0,1.04,-0.72,1.9
2024-10-23T01:00:00Z,17.4,8.82,0.0,99.0,0.98,-0.65,1.3
2024-10-23T02:00:00Z,17.8,8.44,0.1,100.0,0.94,-0.37,1.9
2024-10-23T03:00:00Z,18.3,8.44,0.0,99.0,0.88,0.13,3.4
2024-10-23T04:00:00Z,18.6,8.9,0.0,85.0,0.9,0.72,4.5
2024-10-23T05:00:00Z,19.1,9.33,0.0,97.0,0.92,1.22,4.9
2024-10-23T06:00:00Z,19.2,9.3,0.0,100.0,0.94,1.55,4.0
2024-10-23T07:00:00Z,19.2,9.21,0.0,100.0,0.96,1.72,2.7
2024-10-23T08:00:00Z,19.2,9.18,0.0,100.0,0.98,1.7,1.3
2024-10-23T09:00:00Z,19.1,8.97,0.0,100.0,1.0,1.47,0.4
2024-10-23T10:00:00Z,19.1,7.95,0.0,94.0,0.94,1.08,1.7
2024-10-23T11:00:00Z,19.0,7.7,0.0,100.0,0.86,0.66,2.4
2024-10-23T12:00:00Z,18.9,7.24,0.0,99.0,0.8,0.33,2.5
2024-10-23T13:00:00Z,18.8,7.04,0.0,95.0,0.76,0.13,2.0
2024-10-23T14:00:00Z,18.8,7.04,0.0,100.0,0.72,0.04,1.4
2024-10-23T15:00:00Z,18.7,6.97,0.0,100.0,0.68,0.13,0.9
2024-10-23T16:00:00Z,18.7,6.93,0.0,100.0,0.7,0.34,1.4
2024-10-23T17:00:00Z,18.8,7.03,0.0,100.0,0.72,0.56,1.8
2024-10-23T18:00:00Z,18.9,7.59,0.0,94.0,0.74,0.67,1.4
2024-10-23T19:00:00Z,18.9,8.52,0.0,99.0,0.78,0.69,0.5
2024-10-23T20:00:00Z,18.9,9.11,0.0,100.0,0.82,0.63,0.4
2024-10-23T21:00:00Z,18.9,9.08,0.0,99.0,0.86,0.46,1.1
2024-10-23T22:00:00Z,18.6,8.28,0.0,82.0,0.88,0.16,1.8
2024-10-23T23:00:00Z,18.7,8.83,0.0,99.0,0.88,-0.17,2.3
2024-10-24T00:00:00Z,19.0,9.17,0.0,100.0,0.9,-0.43,2.3
2024-10-24T01:00:00Z,19.1,9.35,0.0,98.0,0.96,-0.53,1.7
2024-10-24T02:00:00Z,19.3,9.16,0.0,98.0,1.0,-0.49,1.3
2024-10-24T03:00:00Z,19.4,8.94,0.0,95.0,1.06,-0.29,1.8
2024-10-24T04:00:00Z,19.6,8.99,0.0,94.0,1.04,0.1,2.9
2024-10-24T05:00:00Z,19.9,9.05,0.0,74.0,1.0,0.55,3.6
2024-10-24T06:00:00Z,20.0,9.25,0.0,75.0,0.98,0.92,3.8
2024-10-24T07:00:00Z,20.2,9.61,0.0,72.0,1.04,1.22,3.2
2024-10-24T08:00:00Z,20.4,10.03,0.0,68.0,1.12,1.43,2.5
2024-10-24T09:00:00Z,20.4,10.25,0.0,38.0,1.18,1.48,1.5
2024-10-24T10:00:00Z,20.4,9.43,0.0,30.0,1.18,1.34,0.4
2024-10-24T11:00:00Z,20.5,9.6,0.0,47.0,1.16,1.05,1.0
2024-10-24T12:00:00Z,20.6,9.82,0.0,50.0,1.16,0.72,1.8
2024-10-24T13:00:00Z,20.6,10.05,0.0,60.0,1.18,0.44,1.8
2024-10-24T14:00:00Z,20.7,10.01,0.0,38.0,1.22,0.22,1.5
2024-10-24T15:00:00Z,20.7,9.95,0.0,64.0,1.24,0.08,1.2
2024-10-24T16:00:00Z,20.9,9.96,0.0,50.0,1.24,0.1,0.7
2024-10-24T17:00:00Z,21.0,10.18,0.0,49.0,1.24,0.27,1.3
2024-10-24T18:00:00Z,21.2,10.14,0.0,40.0,1.24,0.46,1.8
2024-10-24T19:00:00Z,21.4,9.82,0.0,74.0,1.22,0.58,1.6
2024-10-24T20:00:00Z,21.6,9.09,0.0,59.0,1.22,0.69,1.3
2024-10-24T21:00:00Z,21.9,9.5,0.0,89.0,1.2,0.74,0.8
2024-10-24T22:00:00Z,21.9,8.59,0.0,78.0,1.16,0.66,0.2
2024-10-24T23:00:00Z,22.4,8.23,0.0,97.0,1.1,0.45,0.8
2024-10-25T00:00:00Z,22.5,7.99,0.0,99.0,1.06,0.19,1.3
2024-10-25T01:00:00Z,22.6,7.96,0.0,100.0,1.06,-0.02,1.4
2024-10-25T02:00:00Z,22.6,8.54,0.1,100.0,1.08,-0.14,1.3
2024-10-25T03:00:00Z,22.4,9.17,0.5,100.0,1.08,-0.16,1.1
2024-10-25T04:00:00Z,22.7,9.68,0.6,100.0,1.12,-0.02,1.5
2024-10-25T05:00:00Z,22.8,10.16,0.3,100.0,1.18,0.27,2.3
2024-10-25T06:00:00Z,23.0,10.49,0.2,100.0,1.22,0.66,3.3
2024-10-25T07:00:00Z,23.2,10.46,1.0,100.0,1.3,1.01,3.6
2024-10-25T08:00:00Z,23.3,10.14,0.0,100.0,1.4,1.33,3.4
2024-10-25T09:00:00Z,23.3,11.11,0.0,85.0,1.48,1.6,2.9
2024-10-25T10:00:00Z,22.7,9.55,0.2,95.0,1.42,1.71,2.0
2024-10-25T11:00:00Z,22.9,9.16,0.1,72.0,1.36,1.6,0.7
2024-10-25T12:00:00Z,23.0,9.66,0.0,67.0,1.3,1.32,0.5
2024-10-25T13:00:00Z,23.0,10.33,0.3,100.0,1.28,1.0,1.2
2024-10-25T14:00:00Z,23.1,10.3,0.6,100.0,1.26,0.69,1.5
2024-10-25T15:00:00Z,23.4,10.54,0.5,100.0,1.24,0.4,1.5
2024-10-25T16:00:00Z,23.3,10.15,0.7,100.0,1.14,0.17,1.5
2024-10-25T17:00:00Z,23.0,9.54,1.5,100.0,1.06,0.1,1.0
2024-10-25T18:00:00Z,22.9,9.22,2.7,100.0,0.96,0.19,0.4
2024-10-25T19:00:00Z,22.9,8.93,1.1,100.0,0.88,0.33,0.7
2024-10-25T20:00:00Z,22.8,8.53,1.6,98.0,0.8,0.47,0.9
2024-10-25T21:00:00Z,22.6,8.0,2.5,100.0,0.72,0.65,0.9
2024-10-25T22:00:00Z,22.4,5.23,3.0,99.0,0.72,0.79,0.6
2024-10-25T23:00:00Z,22.4,5.93,2.9,99.0,0.74,0.78,0.0
2024-10-26T00:00:00Z,22.4,6.57,2.5,98.0,0.74,0.6,1.0
2024-10-26T01:00:00Z,22.5,7.32,1.9,100.0,0.74,0.34,1.6
2024-10-26T02:00:00Z,22.8,7.88,0.7,100.0,0.72,0.1,1.6
2024-10-26T03:00:00Z,23.0,8.14,0.1,94.0,0.72,-0.1,1.5
2024-10-26T04:00:00Z,23.1,8.4,0.3,81.0,0.7,-0.22,1.2
2024-10-26T05:00:00Z,23.2,8.3,0.3,64.0,0.7,-0.18,0.9
2024-10-26T06:00:00Z,23.3,8.28,0.4,63.0,0.68,0.06,1.5
2024-10-26T07:00:00Z,23.4,7.27,0.0,76.0,0.64,0.39,2.4
2024-10-26T08:00:00Z,23.4,6.42,0.0,88.0,0.62,0.73,2.9
2024-10-26T09:00:00Z,23.3,5.75,0.0,100.0,0.58,1.09,2.9
2024-10-26T10:00:00Z,22.9,4.41,0.0,99.0,0.56,1.42,2.7
2024-10-26T11:00:00Z,22.9,4.47,0.0,89.0,0.56,1.58,1.8
2024-10-26T12:00:00Z,22.9,4.3,0.0,83.0,0.54,1.49,0.7
2024-10-26T13:00:00Z,22.8,4.16,0.0,67.0,0.52,1.19,0.6
2024-10-26T14:00:00Z,22.6,3.76,0.0,80.0,0.5,0.82,1.6
2024-10-26T15:00:00Z,22.5,3.49,0.0,90.0,0.48,0.44,1.9
2024-10-26T16:00:00Z,22.4,3.27,0.0,77.0,0.46,0.08,2.2
2024-10-26T17:00:00Z,22.4,2.88,0.0,60.0,0.42,-0.18,2.1
2024-10-26T18:00:00Z,22.3,2.65,0.0,70.0,0.4,-0.22,1.2
2024-10-26T19:00:00Z,22.3,2.9,0.0,72.0,0.38,-0.08,0.8
2024-10-26T20:00:00Z,22.3,2.85,0.0,90.0,0.38,0.12,1.4
2024-10-26T21:00:00Z,22.3,2.25,0.4,65.0,0.36,0.39,1.7
2024-10-26T22:00:00Z,22.2,2.69,0.5,96.0,0.34,0.69,1.8
2024-10-26T23:00:00Z,22.2,2.95,0.6,93.0,0.34,0.93,1.7
2024-10-27T00:00:00Z,22.2,2.35,0.5,88.0,0.32,0.97,1.2
2024-10-27T01:00:00Z,22.4,2.68,0.8,96.0,0.34,0.79,1.1
2024-10-27T02:00:00Z,22.1,2.8,0.2,100.0,0.38,0.5,1.9
2024-10-27T03:00:00Z,21.9,3.22,0.4,95.0,0.4,0.19,2.5
2024-10-27T04:00:00Z,21.4,3.78,0.3,99.0,0.56,-0.08,2.7
2024-10-27T05:00:00Z,21.3,5.31,0.2,100.0,0.74,-0.24,2.7
2024-10-27T06:00:00Z,21.3,10.85,0.1,100.0,0.9,-0.25,2.2
2024-10-27T07:00:00Z,20.6,14.03,0.2,100.0,1.18,-0.03,2.1
2024-10-27T08:00:00Z,20.4,14.4,0.0,100.0,1.46,0.32,3.0
2024-10-27T09:00:00Z,20.3,14.02,0.0,100.0,1.74,0.75,3.8
2024-10-27T10:00:00Z,19.2,12.38,0.1,100.0,1.58,1.21,3.8
2024-10-27T11:00:00Z,19.4,11.29,0.2,100.0,1.4,1.6,3.6
2024-10-27T12:00:00Z,19.6,10.66,0.3,99.0,1.24,1.78,2.5
2024-10-27T13:00:00Z,19.6,9.99,0.1,100.0,1.18,1.66,1.2
2024-10-27T14:00:00Z,19.5,9.89,0.0,100.0,1.12,1.31,0.9
2024-10-27T15:00:00Z,19.4,10.1,0.0,99.0,1.06,0.85,2.0
2024-10-27T16:00:00Z,19.4,10.0,0.0,93.0,1.1,0.39,2.7
2024-10-27T17:00:00Z,19.4,10.05,0.0,82.0,1.14,-0.03,2.8
2024-10-27T18:00:00Z,19.5,10.2,0.0,92.0,1.18,-0.28,2.4
2024-10-27T19:00:00Z,19.6,10.06,0.0,95.0,1.12,-0.26,1.3
2024-10-27T20:00:00Z,19.6,9.51,0.0,99.0,1.08,-0.03,0.9
2024-10-27T21:00:00Z,19.3,9.25,0.4,100.0,1.02,0.3,2.0
2024-10-27T22:00:00Z,19.1,8.14,0.8,91.0,0.94,0.71,2.5
2024-10-27T23:00:00Z,19.0,7.51,1.2,95.0,0.86,1.13,2.7
2024-10-28T00:00:00Z,18.9,7.1,1.8,99.0,0.78,1.39,2.3
2024-10-28T01:00:00Z,19.1,7.6,0.8,97.0,0.78,1.36,1.1
2024-10-28T02:00:00Z,19.1,8.08,0.2,73.0,0.8,1.08,0.8
2024-10-28T03:00:00Z,19.4,8.31,0.1,51.0,0.8,0.65,1.9
2024-10-28T04:00:00Z,19.5,8.03,0.0,67.0,0.8,0.21,2.6
2024-10-28T05:00:00Z,19.5,7.62,0.0,57.0,0.78,-0.16,2.7
2024-10-28T06:00:00Z,19.4,7.55,0.0,49.0,0.78,-0.4,2.5
2024-10-28T07:00:00Z,19.3,7.87,0.0,70.0,0.8,-0.38,1.7
2024-10-28T08:00:00Z,19.2,8.42,0.0,81.0,0.8,-0.1,1.3
2024-10-28T09:00:00Z,19.2,8.78,0.1,83.0,0.82,0.33,2.4
2024-10-28T10:00:00Z,19.2,8.19,0.0,92.0,0.82,0.81,3.3
2024-10-28T11:00:00Z,19.0,8.06,0.0,75.0,0.82,1.3,3.4
2024-10-28T12:00:00Z,18.9,7.61,0.0,37.0,0.82,1.68,3.1
2024-10-28T13:00:00Z,18.7,7.19,0.0,54.0,0.78,1.77,1.8
2024-10-28T14:00:00Z,18.6,7.13,0.0,75.0,0.74,1.51,0.5
2024-10-28T15:00:00Z,18.5,7.2,0.0,84.0,0.7,1.02,1.8
2024-10-28T16:00:00Z,18.3,7.2,0.0,94.0,0.7,0.46,2.8
2024-10-28T17:00:00Z,18.2,7.1,0.0,95.0,0.7,-0.08,3.5
2024-10-28T18:00:00Z,18.1,7.0,0.0,88.0,0.7,-0.5,3.5
2024-10-28T19:00:00Z,18.1,7.0,0.0,93.0,0.68,-0.69,2.7
2024-10-28T20:00:00Z,18.1,6.86,0.0,90.0,0.68,-0.57,1.3
2024-10-28T21:00:00Z,18.1,6.89,0.0,92.0,0.66,-0.23,1.2
2024-10-28T22:00:00Z,18.0,6.09,0.0,68.0,0.66,0.23,2.5
2024-10-28T23:00:00Z,18.0,6.24,0.0,37.0,0.64,0.75,3.3
2024-10-29T00:00:00Z,18.1,5.97,0.0,27.0,0.64,1.21,3.2
2024-10-29T01:00:00Z,18.2,6.02,0.0,9.0,0.64,1.46,2.5
2024-10-29T02:00:00Z,18.3,5.96,0.0,21.0,0.62,1.37,1.0
2024-10-29T03:00:00Z,18.4,6.15,0.0,16.0,0.62,0.99,1.0
2024-10-29T04:00:00Z,18.4,6.78,0.0,22.0,0.62,0.48,2.2
2024-10-29T05:00:00Z,18.5,7.18,0.0,22.0,0.64,-0.01,2.8
2024-10-29T06:00:00Z,18.6,7.6,0.0,41.0,0.64,-0.41,2.9
2024-10-29T07:00:00Z,18.7,8.06,0.0,74.0,0.68,-0.61,2.3
2024-10-29T08:00:00Z,18.7,8.35,0.0,33.0,0.72,-0.5,1.2
2024-10-29T09:00:00Z,18.6,8.57,0.0,68.0,0.76,-0.11,1.9
2024-10-29T10:00:00Z,18.5,7.76,0.0,76.0,0.8,0.43,3.3
2024-10-29T11:00:00Z,18.5,7.99,0.0,98.0,0.82,1.01,4.1
2024-10-29T12:00:00Z,18.7,8.34,0.0,99.0,0.86,1.55,4.1
2024-10-29T13:00:00Z,18.8,8.48,0.0,97.0,0.9,1.89,3.4
2024-10-29T14:00:00Z,18.9,8.59,0.0,100.0,0.94,1.85,1.8
2024-10-29T15:00:00Z,19.0,8.49,0.0,100.0,0.98,1.46,0.6
2024-10-29T16:00:00Z,19.1,8.62,0.0,100.0,1.0,0.87,2.3
2024-10-29T17:00:00Z,19.2,8.73,0.0,100.0,1.0,0.26,3.2
2024-10-29T18:00:00Z,19.3,9.08,0.0,100.0,1.02,-0.26,3.5
2024-10-29T19:00:00Z,19.5,9.59,0.0,97.0,0.98,-0.61,3.1
2024-10-29T20:00:00Z,19.9,9.91,0.0,100.0,0.94,-0.65,1.8
2024-10-29T21:00:00Z,20.7,9.76,0.0,98.0,0.9,-0.34,1.0
2024-10-29T22:00:00Z,21.2,9.01,0.0,100.0,0.98,0.19,3.1
2024-10-29T23:00:00Z,21.2,9.43,0.0,100.0,1.06,0.81,4.5
2024-10-30T00:00:00Z,21.2,9.7,0.0,98.0,1.14,1.42,4.9
2024-10-30T01:00:00Z,21.3,9.48,0.0,97.0,1.14,1.9,4.5
2024-10-30T02:00:00Z,21.4,9.09,0.0,89.0,1.16,2.05,3.1
2024-10-30T03:00:00Z,21.4,8.92,0.0,95.0,1.16,1.8,1.1
2024-10-30T04:00:00Z,21.5,8.75,0.0,95.0,1.16,1.28,1.2
2024-10-30T05:00:00Z,21.5,9.07,0.0,96.0,1.16,0.66,2.6
2024-10-30T06:00:00Z,21.4,9.39,0.0,92.0,1.16,0.1,3.3
2024-10-30T07:00:00Z,21.3,9.74,0.0,92.0,1.14,-0.32,3.4
2024-10-30T08:00:00Z,21.3,9.47,0.0,79.0,1.12,-0.48,2.4
2024-10-30T09:00:00Z,21.3,9.19,0.0,90.0,1.1,-0.3,0.9
2024-10-30T10:00:00Z,21.1,7.67,0.0,99.0,1.04,0.18,2.1
2024-10-30T11:00:00Z,21.3,7.5,0.0,99.0,1.0,0.79,3.6
2024-10-30T12:00:00Z,21.4,7.72,0.0,99.0,0.94,1.38,4.1
2024-10-30T13:00:00Z,21.5,8.35,0.0,87.0,0.98,1.84,3.8
2024-10-30T14:00:00Z,21.5,8.53,0.0,89.0,1.0,2.01,2.5
2024-10-30T15:00:00Z,21.4,8.38,0.0,98.0,1.04,1.8,0.7
2024-10-30T16:00:00Z,21.4,8.12,0.0,97.0,1.06,1.25,1.5
2024-10-30T17:00:00Z,21.4,8.35,0.0,97.0,1.08,0.57,3.1
2024-10-30T18:00:00Z,21.5,8.41,0.0,90.0,1.1,-0.06,3.8
2024-10-30T19:00:00Z,21.1,8.61,0.6,100.0,1.06,-0.55,3.7
2024-10-30T20:00:00Z,21.0,8.76,0.0,91.0,1.04,-0.79,2.8
2024-10-30T21:00:00Z,20.9,8.88,0.2,100.0,1.0,-0.68,1.2
2024-10-30T22:00:00Z,20.7,7.96,0.5,99.0,0.96,-0.23,1.7
2024-10-30T23:00:00Z,20.4,7.27,1.0,100.0,0.92,0.42,3.6
2024-10-31T00:00:00Z,20.3,6.91,1.6,100.0,0.88,1.09,4.7
2024-10-31T01:00:00Z,20.4,7.27,2.6,100.0,0.9,1.68,4.5
2024-10-31T02:00:00Z,20.5,8.1,1.8,100.0,0.92,2.04,3.6
2024-10-31T03:00:00Z,20.5,7.99,0.7,100.0,0.94,2.0,1.8
2024-10-31T04:00:00Z,20.6,8.38,0.5,100.0,1.0,1.57,0.6
2024-10-31T05:00:00Z,20.7,8.42,0.4,100.0,1.04,0.93,2.6
2024-10-31T06:00:00Z,20.9,8.54,0.5,100.0,1.1,0.28,3.7
2024-10-31T07:00:00Z,20.9,8.83,0.5,100.0,1.08,-0.25,3.7
2024-10-31T08:00:00Z,20.9,9.72,1.4,100.0,1.08,-0.59,3.0
2024-10-31T09:00:00Z,21.0,9.9,0.6,100.0,1.06,-0.62,1.5
2024-10-31T10:00:00Z,21.9,10.61,0.4,100.0,1.1,-0.26,1.2
2024-10-31T11:00:00Z,22.2,9.66,0.7,100.0,1.16,0.33,3.1
2024-10-31T12:00:00Z,22.4,9.32,0.8,100.0,1.2,0.97,4.3
2024-10-31T13:00:00Z,22.6,9.26,1.7,100.0,1.14,1.5,4.3
2024-10-31T14:00:00Z,22.8,9.45,2.1,100.0,1.08,1.86,3.4
2024-10-31T15:00:00Z,22.9,9.64,2.6,100.0,1.02,1.88,1.8
2024-10-31T16:00:00Z,23.0,9.02,3.6,100.0,1.06,1.49,0.4
2024-10-31T17:00:00Z,22.8,8.97,4.0,100.0,1.1,0.85,2.3
2024-10-31T18:00:00Z,22.7,8.45,4.0,100.0,1.14,0.18,3.6
2024-10-31T19:00:00Z,22.6,8.13,3.3,100.0,1.1,-0.36,3.8
2024-10-31T20:00:00Z,22.4,8.66,2.6,100.0,1.08,-0.74,3.5
2024-10-31T21:00:00Z,22.2,8.16,3.0,100.0,1.04,-0.84,2.3
2024-10-31T22:00:00Z,22.4,6.87,3.3,100.0,1.02,-0.58,1.1
2024-10-31T23:00:00Z,22.3,9.1,3.6,100.0,1.02,0.02,2.8
2024-11-01T00:00:00Z,22.3,11.14,5.3,100.0,1.0,0.78,4.5
2024-11-01T01:00:00Z,22.2,12.64,12.6,100.0,1.22,1.5,5.2
2024-11-01T02:00:00Z,22.2,12.91,11.3,100.0,1.44,2.07,5.2
2024-11-01T03:00:00Z,22.4,12.61,5.7,100.0,1.66,2.37,4.0
2024-11-01T04:00:00Z,23.0,11.93,4.6,100.0,1.78,2.24,1.8
2024-11-01T05:00:00Z,23.2,10.47,6.0,100.0,1.92,1.71,1.0
2024-11-01T06:00:00Z,23.0,9.08,6.3,100.0,2.04,1.01,3.0
2024-11-01T07:00:00Z,22.2,10.43,8.6,100.0,2.28,0.35,4.1
2024-11-01T08:00:00Z,21.1,12.4,5.0,100.0,2.52,-0.17,4.4
2024-11-01T09:00:00Z,20.8,13.93,2.5,100.0,2.76,-0.45,3.6
2024-11-01T10:00:00Z,20.9,15.25,1.5,98.0,2.64,-0.35,2.5
2024-11-01T11:00:00Z,21.4,17.7,1.2,100.0,2.54,0.13,2.4
2024-11-01T12:00:00Z,21.6,16.77,2.1,100.0,2.42,0.74,3.5
2024-11-01T13:00:00Z,21.4,16.17,3.4,100.0,2.24,1.29,4.0
2024-11-01T14:00:00Z,20.3,15.99,1.6,100.0,2.06,1.66,3.2
2024-11-01T15:00:00Z,19.6,15.29,0.2,100.0,1.88,1.73,1.9
2024-11-01T16:00:00Z,19.5,14.96,0.0,95.0,1.9,1.47,1.2
2024-11-01T17:00:00Z,19.4,14.17,0.0,93.0,1.94,0.91,2.7
2024-11-01T18:00:00Z,19.3,13.46,0.0,90.0,1.96,0.23,4.0
2024-11-01T19:00:00Z,19.4,12.6,0.0,80.0,1.76,-0.4,4.5
2024-11-01T20:00:00Z,19.4,11.75,0.0,42.0,1.58,-0.85,3.9
2024-11-01T21:00:00Z,19.4,11.33,0.0,36.0,1.38,-1.03,2.8
2024-11-01T22:00:00Z,19.2,10.97,0.0,63.0,1.34,-0.88,1.3
2024-11-01T23:00:00Z,19.1,10.69,0.0,59.0,1.28,-0.35,2.4
2024-11-02T00:00:00Z,19.2,9.99,0.0,44.0,1.24,0.43,4.9
2024-11-02T01:00:00Z,19.2,9.86,0.0,54.0,1.16,1.23,6.1
2024-11-02T02:00:00Z,19.4,9.85,0.0,52.0,1.06,1.87,5.9
2024-11-02T03:00:00Z,19.6,9.21,0.0,53.0,0.98,2.25,4.7
2024-11-02T04:00:00Z,19.8,8.12,0.0,44.0,0.88,2.28,2.5
2024-11-02T05:00:00Z,20.0,7.3,0.0,33.0,0.8,1.91,0.2
2024-11-02T06:00:00Z,20.1,6.8,0.0,21.0,0.7,1.28,2.2
2024-11-02T07:00:00Z,20.3,6.75,0.0,31.0,0.64,0.57,3.6
2024-11-02T08:00:00Z,20.4,6.94,0.0,41.0,0.6,-0.01,4.2
2024-11-02T09:00:00Z,20.4,7.29,0.0,9.0,0.54,-0.4,3.7
2024-11-02T10:00:00Z,20.4,7.08,0.0,7.0,0.56,-0.52,2.5
2024-11-02T11:00:00Z,20.1,7.4,0.0,0.0,0.6,-0.29,0.9
2024-11-02T12:00:00Z,19.8,7.4,0.0,0.0,0.62,0.25,2.2
2024-11-02T13:00:00Z,19.6,6.8,0.0,0.0,0.6,0.88,3.6
2024-11-02T14:00:00Z,19.5,6.05,0.0,0.0,0.56,1.36,3.6
2024-11-02T15:00:00Z,19.4,5.52,0.0,1.0,0.54,1.61,2.3
2024-11-02T16:00:00Z,19.3,5.3,0.0,8.0,0.52,1.56,0.6
2024-11-02T17:00:00Z,19.2,5.21,0.0,8.0,0.48,1.18,1.5
2024-11-02T18:00:00Z,19.1,5.14,0.0,6.0,0.46,0.54,3.5
2024-11-02T19:00:00Z,19.1,5.0,0.0,19.0,0.44,-0.15,4.8
2024-11-02T20:00:00Z,19.1,4.8,0.0,28.0,0.42,-0.72,5.0
2024-11-02T21:00:00Z,19.1,4.51,0.0,30.0,0.4,-1.04,4.2
2024-11-02T22:00:00Z,19.3,3.01,0.0,24.0,0.38,-1.06,2.6
2024-11-02T23:00:00Z,19.4,2.65,0.0,36.0,0.38,-0.73,1.5
2024-11-03T00:00:00Z,19.5,2.1,0.0,34.0,0.36,-0.06,3.1
2024-11-03T01:00:00Z,19.6,1.83,0.0,15.0,0.34,0.77,4.9
2024-11-03T02:00:00Z,19.6,2.01,0.0,12.0,0.34,1.51,5.2
2024-11-03T03:00:00Z,19.6,2.26,0.0,3.0,0.32,2.0,4.3
2024-11-03T04:00:00Z,19.6,2.55,0.0,19.0,0.32,2.19,2.5
2024-11-03T05:00:00Z,19.6,2.72,0.0,15.0,0.32,2.03,0.3
2024-11-03T06:00:00Z,19.5,2.98,0.0,6.0,0.32,1.55,2.0
2024-11-03T07:00:00Z,19.6,3.22,0.0,1.0,0.3,0.88,4.0
2024-11-03T08:00:00Z,19.8,3.16,0.0,3.0,0.3,0.22,5.1
2024-11-03T09:00:00Z,19.9,3.03,0.0,5.0,0.28,-0.28,5.2
2024-11-03T10:00:00Z,19.8,2.15,0.0,1.0,0.26,-0.55,4.2
2024-11-03T11:00:00Z,19.9,2.43,0.0,2.0,0.26,-0.55,2.5
2024-11-03T12:00:00Z,19.9,2.64,0.0,1.0,0.24,-0.2,1.1
2024-11-03T13:00:00Z,19.9,2.7,0.0,1.0,0.24,0.38,2.4
2024-11-03T14:00:00Z,20.0,2.55,0.0,1.0,0.26,0.94,3.4
2024-11-03T15:00:00Z,20.0,2.23,0.0,1.0,0.26,1.29,2.9
2024-11-03T16:00:00Z,20.0,1.77,0.0,4.0,0.26,1.38,1.5
2024-11-03T17:00:00Z,20.0,2.17,0.0,13.0,0.24,1.2,0.4
2024-11-03T18:00:00Z,19.9,3.61,0.0,50.0,0.24,0.74,2.4
2024-11-03T19:00:00Z,19.5,4.63,0.0,27.0,0.28,0.11,3.8
2024-11-03T20:00:00Z,19.2,5.11,0.0,26.0,0.32,-0.5,4.6
2024-11-03T21:00:00Z,18.9,5.43,0.0,16.0,0.36,-0.93,4.3
2024-11-03T22:00:00Z,19.1,5.11,0.0,8.0,0.38,-1.08,3.1
2024-11-03T23:00:00Z,18.9,5.15,0.0,3.0,0.4,-0.93,1.5
2024-11-04T00:00:00Z,18.8,5.82,0.0,3.0,0.42,-0.46,2.4
2024-11-04T01:00:00Z,18.7,6.47,0.0,11.0,0.46,0.31,4.5
2024-11-04T02:00:00Z,18.9,6.92,0.0,14.0,0.48,1.14,6.0
2024-11-04T03:00:00Z,19.1,7.14,0.0,12.0,0.52,1.76,5.8
2024-11-04T04:00:00Z,19.3,7.13,0.0,9.0,0.58,2.08,4.3
2024-11-04T05:00:00Z,19.5,7.55,0.0,6.0,0.62,2.11,2.4
2024-11-04T06:00:00Z,19.7,8.21,0.0,14.0,0.68,1.84,0.3
2024-11-04T07:00:00Z,19.9,8.63,0.0,75.0,0.74,1.3,1.9
2024-11-04T08:00:00Z,20.0,8.66,0.0,100.0,0.78,0.65,3.3
2024-11-04T09:00:00Z,20.1,9.01,0.0,100.0,0.84,0.08,3.9
2024-11-04T10:00:00Z,20.1,8.31,0.0,98.0,0.88,-0.29,3.5
2024-11-04T11:00:00Z,20.1,8.99,0.0,90.0,0.94,-0.39,2.2
2024-11-04T12:00:00Z,19.9,9.93,0.0,54.0,0.98,-0.22,1.3
2024-11-04T13:00:00Z,19.6,10.01,0.0,52.0,1.02,0.24,2.5
2024-11-04T14:00:00Z,19.3,10.21,0.1,57.0,1.06,0.82,4.0
2024-11-04T15:00:00Z,18.9,10.41,0.1,53.0,1.1,1.28,4.3
2024-11-04T16:00:00Z,18.6,10.48,0.1,44.0,1.1,1.48,3.1
2024-11-04T17:00:00Z,18.3,9.97,0.0,42.0,1.12,1.42,1.5
2024-11-04T18:00:00Z,18.1,9.6,0.0,38.0,1.12,1.13,0.6
2024-11-04T19:00:00Z,17.8,9.75,0.0,30.0,1.12,0.63,2.2
2024-11-04T20:00:00Z,17.6,9.95,0.0,31.0,1.12,0.04,3.5
2024-11-04T21:00:00Z,17.3,9.82,0.0,43.0,1.12,-0.48,4.0
2024-11-04T22:00:00Z,17.2,8.61,0.0,29.0,1.1,-0.78,3.4
2024-11-04T23:00:00Z,17.0,8.86,0.0,28.0,1.08,-0.81,2.3
2024-11-05T00:00:00Z,17.0,9.04,0.0,51.0,1.06,-0.56,1.7
2024-11-05T01:00:00Z,16.9,9.22,0.0,45.0,1.02,-0.01,2.9
2024-11-05T02:00:00Z,17.0,9.4,0.0,6.0,0.98,0.73,4.6
2024-11-05T03:00:00Z,17.0,9.61,0.0,5.0,0.94,1.4,5.3
2024-11-05T04:00:00Z,17.0,9.46,0.0,2.0,0.94,1.83,4.4
2024-11-05T05:00:00Z,17.1,9.32,0.0,10.0,0.94,1.96,2.5
2024-11-05T06:00:00Z,17.2,9.41,0.0,23.0,0.94,1.84,0.6
2024-11-05T07:00:00Z,17.2,9.4,0.0,48.0,0.94,1.47,1.3
2024-11-05T08:00:00Z,17.2,9.5,0.0,45.0,0.96,0.92,2.9
2024-11-05T09:00:00Z,17.0,9.7,0.0,35.0,0.96,0.32,4.1
2024-11-05T10:00:00Z,16.8,9.2,0.0,36.0,0.94,-0.14,4.1
2024-11-05T11:00:00Z,16.7,8.8,0.0,56.0,0.9,-0.39,3.1
2024-11-05T12:00:00Z,16.5,8.75,0.0,46.0,0.88,-0.41,1.7
2024-11-05T13:00:00Z,16.5,8.9,0.0,46.0,0.88,-0.18,1.0
2024-11-05T14:00:00Z,16.6,8.86,0.0,29.0,0.86,0.27,2.4
2024-11-05T15:00:00Z,16.7,8.59,0.0,17.0,0.86,0.76,3.4
2024-11-05T16:00:00Z,16.7,8.3,0.0,34.0,0.82,1.04,3.1
2024-11-05T17:00:00Z,16.6,7.91,0.0,25.0,0.8,1.07,1.6
2024-11-05T18:00:00Z,16.6,7.88,0.0,34.0,0.76,0.9,0.0
2024-11-05T19:00:00Z,16.5,8.21,0.0,26.0,0.8,0.58,1.6
2024-11-05T20:00:00Z,16.4,8.59,0.0,41.0,0.82,0.11,2.7
2024-11-05T21:00:00Z,16.3,8.79,0.0,77.0,0.86,-0.37,3.5
2024-11-05T22:00:00Z,16.2,8.26,0.0,79.0,0.88,-0.74,3.3
2024-11-05T23:00:00Z,16.1,8.31,0.0,87.0,0.88,-0.86,2.3
2024-11-06T00:00:00Z,16.1,8.29,0.0,76.0,0.9,-0.73,1.3
2024-11-06T01:00:00Z,16.1,8.05,0.0,81.0,0.88,-0.35,2.3
2024-11-06T02:00:00Z,16.3,7.84,0.0,99.0,0.88,0.26,4.1
2024-11-06T03:00:00Z,16.4,7.72,0.0,92.0,0.86,0.95,5.2
2024-11-06T04:00:00Z,16.6,7.64,0.0,100.0,0.82,1.5,5.4
2024-11-06T05:00:00Z,16.8,7.8,0.0,96.0,0.78,1.79,4.1
2024-11-06T06:00:00Z,16.9,8.07,0.0,100.0,0.74,1.83,2.3
2024-11-06T07:00:00Z,17.0,8.19,0.0,100.0,0.84,1.67,0.4
2024-11-06T08:00:00Z,17.0,8.27,0.0,100.0,0.94,1.29,1.3
2024-11-06T09:00:00Z,17.0,8.21,0.0,100.0,1.04,0.79,2.6
2024-11-06T10:00:00Z,17.2,7.98,0.0,91.0,0.98,0.3,3.3
2024-11-06T11:00:00Z,17.1,8.03,0.0,81.0,0.92,-0.05,3.2
2024-11-06T12:00:00Z,17.1,7.84,0.0,78.0,0.86,-0.21,2.3
2024-11-06T13:00:00Z,17.1,7.8,0.0,75.0,0.86,-0.19,1.2
2024-11-06T14:00:00Z,17.0,7.73,0.0,89.0,0.84,0.05,1.2
2024-11-06T15:00:00Z,16.9,7.5,0.0,75.0,0.84,0.43,2.4
2024-11-06T16:00:00Z,16.8,7.2,0.0,73.0,0.84,0.78,2.9
2024-11-06T17:00:00Z,16.6,7.02,0.0,84.0,0.84,0.92,2.3
2024-11-06T18:00:00Z,16.5,7.19,0.0,78.0,0.84,0.85,0.9
2024-11-06T19:00:00Z,16.4,7.59,0.0,52.0,0.82,0.64,0.5
2024-11-06T20:00:00Z,16.2,7.74,0.0,100.0,0.78,0.32,1.8
2024-11-06T21:00:00Z,16.1,7.82,0.0,100.0,0.76,-0.08,2.7
2024-11-06T22:00:00Z,16.2,6.88,0.0,100.0,0.76,-0.47,3.0
2024-11-06T23:00:00Z,16.3,7.04,0.1,100.0,0.74,-0.73,2.7
2024-11-07T00:00:00Z,16.4,6.76,0.0,94.0,0.74,-0.77,1.7
2024-11-07T01:00:00Z,16.5,6.64,0.0,98.0,0.74,-0.59,1.1
2024-11-07T02:00:00Z,16.8,6.37,0.1,98.0,0.72,-0.21,2.4
2024-11-07T03:00:00Z,17.0,6.32,0.1,84.0,0.72,0.33,3.9
2024-11-07T04:00:00Z,17.2,6.18,0.0,100.0,0.7,0.92,4.7
2024-11-07T05:00:00Z,17.3,6.07,0.0,99.0,0.7,1.33,4.5
2024-11-07T06:00:00Z,17.3,6.09,0.1,98.0,0.68,1.49,3.1
2024-11-07T07:00:00Z,17.4,6.06,0.0,79.0,0.68,1.45,1.3
2024-11-07T08:00:00Z,17.5,6.08,0.0,70.0,0.66,1.28,0.4
2024-11-07T09:00:00Z,17.5,6.28,0.0,80.0,0.66,0.94,1.6
2024-11-07T10:00:00Z,18.2,6.0,0.0,56.0,0.64,0.51,2.7
2024-11-07T11:00:00Z,18.2,6.19,0.0,43.0,0.62,0.1,3.3
2024-11-07T12:00:00Z,18.3,6.37,0.0,35.0,0.6,-0.18,2.8
2024-11-07T13:00:00Z,18.4,6.29,0.0,29.0,0.62,-0.29,1.8
2024-11-07T14:00:00Z,18.5,6.23,0.0,28.0,0.62,-0.25,0.8
2024-11-07T15:00:00Z,18.7,6.22,0.0,24.0,0.64,-0.04,1.2
2024-11-07T16:00:00Z,18.7,6.49,0.0,39.0,0.66,0.29,2.3
2024-11-07T17:00:00Z,18.8,6.6,0.0,51.0,0.7,0.56,2.7
2024-11-07T18:00:00Z,18.7,6.55,0.0,51.0,0.72,0.64,2.0
2024-11-07T19:00:00Z,18.6,6.92,0.0,70.0,0.78,0.58,0.7
2024-11-07T20:00:00Z,18.7,7.43,0.0,65.0,0.82,0.42,0.4
2024-11-07T21:00:00Z,18.8,7.68,0.0,56.0,0.88,0.17,1.3
2024-11-07T22:00:00Z,18.4,7.02,0.0,60.0,0.84,-0.15,2.0
2024-11-07T23:00:00Z,18.7,7.63,0.0,38.0,0.82,-0.44,2.3
2024-11-08T00:00:00Z,19.1,8.03,0.0,50.0,0.78,-0.61,1.9
2024-11-08T01:00:00Z,19.4,8.1,0.0,45.0,0.78,-0.59,1.2
2024-11-08T02:00:00Z,19.4,8.31,0.0,63.0,0.8,-0.39,1.3
2024-11-08T03:00:00Z,19.4,8.63,0.0,77.0,0.8,-0.04,2.7
2024-11-08T04:00:00Z,19.3,8.93,0.0,100.0,0.88,0.46,3.8
2024-11-08T05:00:00Z,19.2,9.21,0.0,100.0,0.94,0.98,4.5
2024-11-08T06:00:00Z,19.2,9.27,0.0,100.0,1.02,1.34,4.3
2024-11-08T07:00:00Z,19.3,9.2,0.0,100.0,1.06,1.49,3.1
2024-11-08T08:00:00Z,19.3,9.04,0.0,100.0,1.08,1.5,1.6
2024-11-08T09:00:00Z,19.4,8.68,0.0,100.0,1.12,1.37,0.2
2024-11-08T10:00:00Z,19.4,7.6,0.1,100.0,1.02,1.09,1.1
2024-11-08T11:00:00Z,19.5,7.44,0.1,96.0,0.9,0.71,2.0
2024-11-08T12:00:00Z,19.6,7.61,0.0,39.0,0.8,0.34,2.6
2024-11-08T13:00:00Z,19.8,7.53,0.0,49.0,0.76,0.09,2.3
2024-11-08T14:00:00Z,20.0,7.11,0.0,85.0,0.72,-0.03,1.4
2024-11-08T15:00:00Z,20.2,6.83,0.0,88.0,0.68,-0.03,0.6
2024-11-08T16:00:00Z,20.3,7.05,0.0,99.0,0.68,0.12,1.0
2024-11-08T17:00:00Z,20.4,7.19,0.0,99.0,0.68,0.39,2.0
2024-11-08T18:00:00Z,20.3,7.3,0.0,100.0,0.68,0.6,2.4
2024-11-08T19:00:00Z,20.3,7.37,0.0,100.0,0.72,0.68,1.8
2024-11-08T20:00:00Z,20.2,7.28,0.0,100.0,0.74,0.65,1.0
2024-11-08T21:00:00Z,20.1,7.66,0.0,98.0,0.78,0.57,0.4
2024-11-08T22:00:00Z,20.2,7.11,0.0,97.0,0.8,0.39,0.7
2024-11-08T23:00:00Z,20.2,7.3,0.0,95.0,0.82,0.13,1.3
2024-11-09T00:00:00Z,20.3,7.04,0.0,95.0,0.84,-0.14,1.5
2024-11-09T01:00:00Z,20.3,6.33,0.0,98.0,0.84,-0.31,1.5
2024-11-09T02:00:00Z,20.3,5.73,0.0,99.0,0.82,-0.32,0.8
2024-11-09T03:00:00Z,20.3,6.09,0.0,97.0,0.82,-0.19,1.2
2024-11-09T04:00:00Z,20.2,6.59,0.0,99.0,0.82,0.09,2.1
2024-11-09T05:00:00Z,20.2,7.13,0.0,100.0,0.82,0.52,3.3
2024-11-09T06:00:00Z,20.1,7.38,0.0,99.0,0.82,0.96,4.0
2024-11-09T07:00:00Z,20.0,7.39,0.0,99.0,0.86,1.27,3.8
2024-11-09T08:00:00Z,20.0,7.41,0.0,99.0,0.9,1.44,2.7
2024-11-09T09:00:00Z,20.0,7.47,0.0,98.0,0.94,1.49,1.5
2024-11-09T10:00:00Z,20.3,6.76,0.0,97.0,0.92,1.4,0.4
2024-11-09T11:00:00Z,20.3,6.54,0.0,85.0,0.88,1.15,0.9
2024-11-09T12:00:00Z,20.2,6.53,0.0,95.0,0.86,0.77,2.0
2024-11-09T13:00:00Z,20.2,6.62,0.0,100.0,0.86,0.39,2.4
2024-11-09T14:00:00Z,20.2,6.89,0.0,100.0,0.84,0.1,2.3
2024-11-09T15:00:00Z,20.2,7.09,0.0,99.0,0.84,-0.09,1.5
2024-11-09T16:00:00Z,20.1,7.48,0.1,100.0,0.84,-0.15,0.9
2024-11-09T17:00:00Z,20.0,7.85,0.2,100.0,0.82,-0.05,0.6
2024-11-09T18:00:00Z,20.0,8.15,0.1,100.0,0.82,0.2,1.7
2024-11-09T19:00:00Z,19.8,8.47,0.1,100.0,0.84,0.42,2.0
2024-11-09T20:00:00Z,19.7,8.94,0.2,100.0,0.84,0.53,1.6
2024-11-09T21:00:00Z,19.4,9.01,0.3,100.0,0.86,0.59,1.1
2024-11-09T22:00:00Z,19.4,8.28,0.2,100.0,0.88,0.6,0.6
2024-11-09T23:00:00Z,19.2,8.82,0.1,100.0,0.88,0.49,0.4
2024-11-10T00:00:00Z,19.1,9.45,0.1,100.0,0.9,0.26,0.9
2024-11-10T01:00:00Z,19.2,9.33,0.2,100.0,0.9,0.01,1.5
2024-11-10T02:00:00Z,19.3,8.39,0.3,100.0,0.9,-0.19,1.5
2024-11-10T03:00:00Z,19.3,7.82,0.4,100.0,0.9,-0.28,1.0
2024-11-10T04:00:00Z,19.3,8.1,0.5,100.0,0.9,-0.24,1.0
2024-11-10T05:00:00Z,19.3,8.33,0.2,100.0,0.92,-0.02,1.7
2024-11-10T06:00:00Z,19.3,8.84,0.2,100.0,0.92,0.38,2.9
2024-11-10T07:00:00Z,19.2,9.2,0.4,100.0,0.98,0.82,3.8
2024-11-10T08:00:00Z,19.1,10.0,0.2,100.0,1.04,1.16,3.6
2024-11-10T09:00:00Z,19.0,10.56,0.1,100.0,1.1,1.38,2.9
2024-11-10T10:00:00Z,19.0,9.86,0.1,94.0,1.06,1.5,2.0
2024-11-10T11:00:00Z,18.9,9.15,0.1,91.0,1.04,1.46,0.7
2024-11-10T12:00:00Z,18.9,8.82,0.1,73.0,1.0,1.21,0.5
2024-11-10T13:00:00Z,18.9,8.6,0.0,45.0,0.96,0.81,1.7
2024-11-10T14:00:00Z,18.9,8.2,0.0,21.0,0.94,0.39,2.4
2024-11-10T15:00:00Z,19.0,7.47,0.0,19.0,0.9,0.02,2.4
2024-11-10T16:00:00Z,19.0,7.28,0.0,15.0,0.88,-0.25,1.9
2024-11-10T17:00:00Z,18.8,7.4,0.0,17.0,0.86,-0.34,1.2
2024-11-10T18:00:00Z,18.7,7.8,0.0,20.0,0.84,-0.22,0.5
2024-11-10T19:00:00Z,18.5,7.98,0.0,59.0,0.84,0.08,1.8
2024-11-10T20:00:00Z,18.5,7.9,0.0,80.0,0.86,0.4,2.5
2024-11-10T21:00:00Z,18.6,7.66,0.0,95.0,0.86,0.65,2.5
2024-11-10T22:00:00Z,18.7,6.67,0.0,84.0,0.78,0.85,2.0
2024-11-10T23:00:00Z,18.8,6.74,0.0,74.0,0.7,0.94,1.3
2024-11-11T00:00:00Z,19.0,6.77,0.0,72.0,0.62,0.84,0.4
2024-11-11T01:00:00Z,19.0,6.67,0.0,70.0,0.62,0.57,1.4
2024-11-11T02:00:00Z,19.0,6.34,0.0,66.0,0.62,0.22,2.2
2024-11-11T03:00:00Z,19.0,6.24,0.0,53.0,0.62,-0.09,2.4
2024-11-11T04:00:00Z,18.9,6.09,0.0,36.0,0.62,-0.29,2.2
2024-11-11T05:00:00Z,18.9,6.19,0.0,74.0,0.6,-0.35,1.9
2024-11-11T06:00:00Z,18.8,6.3,0.0,97.0,0.6,-0.18,1.7
2024-11-11T07:00:00Z,18.8,6.23,0.0,98.0,0.62,0.21,2.3
2024-11-11T08:00:00Z,18.8,6.21,0.0,80.0,0.64,0.67,3.3
2024-11-11T09:00:00Z,18.7,6.52,0.0,54.0,0.66,1.08,3.5
2024-11-11T10:00:00Z,18.8,6.05,0.0,20.0,0.64,1.39,3.1
2024-11-11T11:00:00Z,18.7,6.03,0.0,9.0,0.64,1.58,2.2
2024-11-11T12:00:00Z,18.7,5.55,0.0,2.0,0.62,1.54,0.9
2024-11-11T13:00:00Z,18.7,5.18,0.0,1.0,0.56,1.22,1.3
2024-11-11T14:00:00Z,18.7,5.04,0.0,1.0,0.52,0.72,2.7
2024-11-11T15:00:00Z,18.6,4.68,0.0,1.0,0.46,0.17,3.5
2024-11-11T16:00:00Z,18.6,4.61,0.0,0.0,0.46,-0.29,3.7
2024-11-11T17:00:00Z,18.5,4.71,0.0,0.0,0.44,-0.62,3.2
2024-11-11T18:00:00Z,18.5,5.0,0.0,0.0,0.44,-0.72,2.3
2024-11-11T19:00:00Z,18.4,5.48,0.0,0.0,0.46,-0.53,1.5
2024-11-11T20:00:00Z,18.4,6.27,0.0,0.0,0.5,-0.11,2.3
2024-11-11T21:00:00Z,18.4,6.96,0.0,0.0,0.52,0.35,3.3
2024-11-11T22:00:00Z,18.3,7.07,0.0,1.0,0.56,0.77,3.5
2024-11-11T23:00:00Z,18.4,7.03,0.0,1.0,0.58,1.09,3.1
2024-11-12T00:00:00Z,18.5,6.59,0.0,0.0,0.62,1.24,2.2
2024-11-12T01:00:00Z,18.7,5.9,0.0,3.0,0.6,1.11,0.9
2024-11-12T02:00:00Z,18.8,5.23,0.0,4.0,0.56,0.74,1.2
2024-11-12T03:00:00Z,19.0,4.93,0.0,0.0,0.54,0.28,2.3
2024-11-12T04:00:00Z,19.0,4.88,0.0,0.0,0.5,-0.13,2.7
2024-11-12T05:00:00Z,19.1,5.02,0.0,0.0,0.44,-0.42,2.6
2024-11-12T06:00:00Z,19.2,5.22,0.0,0.0,0.4,-0.54,1.9
2024-11-12T07:00:00Z,19.3,5.2,0.0,0.0,0.38,-0.37,1.5
2024-11-12T08:00:00Z,19.4,5.2,0.0,0.0,0.38,0.08,2.4
2024-11-12T09:00:00Z,19.5,5.32,0.0,0.0,0.36,0.63,3.7
2024-11-12T10:00:00Z,19.5,5.23,0.0,1.0,0.36,1.13,4.0
2024-11-12T11:00:00Z,19.5,5.57,0.0,6.0,0.36,1.53,3.4
2024-11-12T12:00:00Z,19.5,5.92,0.0,16.0,0.36,1.73,2.4
2024-11-12T13:00:00Z,19.7,6.18,0.0,20.0,0.34,1.63,0.9
2024-11-12T14:00:00Z,19.7,6.1,0.0,62.0,0.34,1.21,1.5
2024-11-12T15:00:00Z,19.7,5.78,0.0,54.0,0.32,0.6,3.1
2024-11-12T16:00:00Z,19.7,5.36,0.0,51.0,0.32,-0.02,3.9
2024-11-12T17:00:00Z,19.7,4.97,0.0,70.0,0.3,-0.55,3.9
2024-11-12T18:00:00Z,19.7,5.02,0.0,87.0,0.3,-0.88,3.2
2024-11-12T19:00:00Z,19.7,5.25,0.0,88.0,0.3,-0.92,1.8
2024-11-12T20:00:00Z,19.7,5.57,0.0,58.0,0.28,-0.61,1.2
2024-11-12T21:00:00Z,19.7,5.79,0.0,27.0,0.28,-0.06,3.1
2024-11-12T22:00:00Z,19.7,5.49,0.0,24.0,0.3,0.54,4.3
2024-11-12T23:00:00Z,19.7,5.64,0.0,29.0,0.32,1.08,4.5
2024-11-13T00:00:00Z,19.8,5.4,0.0,42.0,0.34,1.47,3.8
2024-11-13T01:00:00Z,19.9,5.15,0.0,52.0,0.34,1.59,2.3
2024-11-13T02:00:00Z,20.0,4.94,0.0,42.0,0.34,1.36,0.4
2024-11-13T03:00:00Z,20.0,4.98,0.0,33.0,0.34,0.85,1.7
2024-11-13T04:00:00Z,20.0,5.19,0.0,20.0,0.34,0.23,3.2
2024-11-13T05:00:00Z,20.0,5.42,0.0,13.0,0.32,-0.32,3.7
2024-11-13T06:00:00Z,20.0,5.55,0.0,17.0,0.32,-0.71,3.4
2024-11-13T07:00:00Z,20.0,5.23,0.0,20.0,0.32,-0.84,2.3
2024-11-13T08:00:00Z,20.1,4.96,0.0,19.0,0.34,-0.63,0.9
2024-11-13T09:00:00Z,20.1,4.85,0.0,14.0,0.34,-0.1,2.5
2024-11-13T10:00:00Z,20.5,4.69,0.0,14.0,0.32,0.54,4.1
2024-11-13T11:00:00Z,20.6,4.57,0.0,15.0,0.3,1.13,4.7
2024-11-13T12:00:00Z,20.7,4.14,0.0,17.0,0.28,1.58,4.0
2024-11-13T13:00:00Z,20.8,4.39,0.0,17.0,0.28,1.75,2.6
2024-11-13T14:00:00Z,20.8,4.55,0.0,19.0,0.26,1.55,0.6
2024-11-13T15:00:00Z,20.8,4.67,0.0,20.0,0.26,1.0,1.6
2024-11-13T16:00:00Z,20.8,4.47,0.0,20.0,0.26,0.29,3.4
2024-11-13T17:00:00Z,20.8,4.56,0.0,12.0,0.24,-0.39,4.3
2024-11-13T18:00:00Z,20.8,4.84,0.0,10.0,0.24,-0.91,4.2
2024-11-13T19:00:00Z,20.8,5.28,0.0,39.0,0.26,-1.19,3.3
2024-11-13T20:00:00Z,20.8,5.45,0.0,87.0,0.26,-1.11,1.4
2024-11-13T21:00:00Z,20.8,5.88,0.0,55.0,0.28,-0.64,1.5
2024-11-13T22:00:00Z,20.9,6.4,0.0,34.0,0.28,0.07,3.8
2024-11-13T23:00:00Z,20.9,5.9,0.0,49.0,0.28,0.81,5.1
2024-11-14T00:00:00Z,20.9,5.31,0.0,46.0,0.28,1.44,5.1
2024-11-14T01:00:00Z,20.8,4.58,0.2,74.0,0.28,1.85,4.1
2024-11-14T02:00:00Z,20.7,4.43,0.8,96.0,0.28,1.91,2.1
2024-11-14T03:00:00Z,20.7,4.43,1.3,99.0,0.28,1.56,0.5
2024-11-14T04:00:00Z,20.7,3.76,1.5,95.0,0.26,0.94,2.5
2024-11-14T05:00:00Z,20.7,3.68,2.2,97.0,0.26,0.25,4.0
2024-11-14T06:00:00Z,20.7,4.18,2.6,84.0,0.24,-0.35,4.5
2024-11-14T07:00:00Z,20.7,4.38,1.0,79.0,0.26,-0.77,4.2
2024-11-14T08:00:00Z,20.7,4.56,1.5,100.0,0.3,-0.91,2.9
2024-11-14T09:00:00Z,20.7,4.7,1.6,100.0,0.32,-0.66,0.6
2024-11-14T10:00:00Z,20.8,3.95,2.4,99.0,0.32,-0.08,2.2
2024-11-14T11:00:00Z,20.7,3.45,3.3,95.0,0.3,0.59,3.8
2024-11-14T12:00:00Z,20.7,3.43,3.4,100.0,0.3,1.2,4.2
2024-11-14T13:00:00Z,20.7,3.75,3.6,100.0,0.28,1.63,3.4
2024-11-14T14:00:00Z,20.7,3.82,3.7,100.0,0.28,1.71,1.9
2024-11-14T15:00:00Z,20.7,3.92,3.1,100.0,0.26,1.4,0.9
2024-11-14T16:00:00Z,20.7,3.82,3.7,100.0,0.24,0.77,2.7
2024-11-14T17:00:00Z,20.5,3.37,3.8,100.0,0.24,0.02,4.3
2024-11-14T18:00:00Z,20.4,3.31,4.2,100.0,0.22,-0.65,5.0
2024-11-14T19:00:00Z,20.4,3.6,1.9,99.0,0.22,-1.12,4.7
2024-11-14T20:00:00Z,20.3,2.22,1.2,100.0,0.2,-1.3,3.2
2024-11-14T21:00:00Z,20.2,1.46,0.3,100.0,0.2,-1.08,0.9
2024-11-14T22:00:00Z,20.2,3.46,0.4,100.0,0.22,-0.46,2.0
2024-11-14T23:00:00Z,20.3,2.46,0.8,100.0,0.22,0.4,4.5
2024-11-15T00:00:00Z,20.3,2.06,0.5,100.0,0.24,1.23,5.4
2024-11-15T01:00:00Z,20.3,1.79,0.2,100.0,0.24,1.9,4.9
2024-11-15T02:00:00Z,20.4,2.86,0.2,100.0,0.24,2.26,3.3
2024-11-15T03:00:00Z,20.5,4.03,0.1,100.0,0.24,2.2,0.9
2024-11-15T04:00:00Z,20.6,4.36,0.1,100.0,0.22,1.71,1.7
2024-11-15T05:00:00Z,20.6,4.4,0.0,99.0,0.22,1.0,3.8
2024-11-15T06:00:00Z,20.7,4.0,0.0,100.0,0.2,0.25,4.9
2024-11-15T07:00:00Z,20.7,3.78,0.1,99.0,0.22,-0.37,5.3
2024-11-15T08:00:00Z,20.7,3.36,0.1,100.0,0.24,-0.79,4.5
2024-11-15T09:00:00Z,20.7,3.28,0.2,100.0,0.26,-0.87,2.8
2024-11-15T10:00:00Z,20.2,2.41,0.3,100.0,0.26,-0.54,0.9
2024-11-15T11:00:00Z,20.2,3.06,0.2,100.0,0.28,0.1,2.9
2024-11-15T12:00:00Z,20.2,3.76,0.1,100.0,0.28,0.81,4.5
2024-11-15T13:00:00Z,20.2,4.12,0.2,100.0,0.26,1.41,4.5
2024-11-15T14:00:00Z,20.3,4.42,0.2,100.0,0.26,1.74,3.2
2024-11-15T15:00:00Z,20.4,3.66,0.3,97.0,0.24,1.69,1.3
2024-11-15T16:00:00Z,20.4,4.39,0.4,97.0,0.24,1.24,1.1
2024-11-15T17:00:00Z,20.4,4.55,0.6,100.0,0.22,0.51,3.3
2024-11-15T18:00:00Z,20.3,4.51,0.5,100.0,0.22,-0.25,4.8
2024-11-15T19:00:00Z,20.3,4.54,0.1,90.0,0.24,-0.87,5.0
2024-11-15T20:00:00Z,20.2,4.56,0.0,92.0,0.28,-1.26,4.3
2024-11-15T21:00:00Z,20.1,4.83,0.0,83.0,0.3,-1.34,2.8
2024-11-15T22:00:00Z,20.0,4.55,0.0,27.0,0.3,-1.0,1.7
2024-11-15T23:00:00Z,20.0,4.41,0.0,17.0,0.3,-0.25,3.8
2024-11-16T00:00:00Z,20.0,4.18,0.0,10.0,0.3,0.67,6.0
2024-11-16T01:00:00Z,20.1,4.44,0.0,10.0,0.32,1.53,6.7
2024-11-16T02:00:00Z,20.1,4.84,0.0,15.0,0.32,2.14,6.0
2024-11-16T03:00:00Z,20.1,5.44,0.0,6.0,0.34,2.39,4.0
2024-11-16T04:00:00Z,20.0,5.69,0.0,19.0,0.34,2.2,1.6
2024-11-16T05:00:00Z,20.0,6.07,0.1,43.0,0.36,1.62,1.5
2024-11-16T06:00:00Z,19.9,6.79,0.0,68.0,0.36,0.85,3.6
2024-11-16T07:00:00Z,19.9,6.78,0.0,42.0,0.4,0.1,4.5
2024-11-16T08:00:00Z,19.8,6.72,0.0,1.0,0.46,-0.48,4.5
2024-11-16T09:00:00Z,19.8,7.18,0.0,6.0,0.5,-0.85,3.5
2024-11-16T10:00:00Z,19.6,7.3,0.0,7.0,0.52,-0.85,2.1
2024-11-16T11:00:00Z,19.4,8.07,0.0,10.0,0.52,-0.43,2.1
2024-11-16T12:00:00Z,19.3,7.62,0.0,17.0,0.54,0.26,4.2
2024-11-16T13:00:00Z,19.3,7.14,0.0,20.0,0.58,0.95,5.4
2024-11-16T14:00:00Z,19.2,7.2,0.0,30.0,0.62,1.46,5.0
2024-11-16T15:00:00Z,19.2,7.57,0.0,43.0,0.66,1.71,3.6
2024-11-16T16:00:00Z,19.2,7.54,0.0,38.0,0.68,1.57,1.6
2024-11-16T17:00:00Z,19.1,8.26,0.0,45.0,0.7,1.06,0.6
2024-11-16T18:00:00Z,19.0,8.64,0.0,49.0,0.72,0.34,2.4
2024-11-16T19:00:00Z,19.0,8.43,0.0,60.0,0.78,-0.36,3.4
2024-11-16T20:00:00Z,18.9,8.72,0.0,34.0,0.82,-0.89,3.5
2024-11-16T21:00:00Z,18.9,9.42,0.0,62.0,0.88,-1.16,2.6
2024-11-16T22:00:00Z,18.8,8.1,0.1,94.0,0.9,-1.09,1.6
2024-11-16T23:00:00Z,18.8,9.52,0.1,100.0,0.92,-0.59,3.2
2024-11-17T00:00:00Z,18.9,11.09,0.1,99.0,0.94,0.28,6.0
2024-11-17T01:00:00Z,18.8,11.44,0.1,100.0,1.16,1.27,7.7
2024-11-17T02:00:00Z,18.5,11.95,0.0,100.0,1.36,2.09,7.7
2024-11-17T03:00:00Z,18.1,13.17,0.0,100.0,1.58,2.63,6.3
2024-11-17T04:00:00Z,17.9,13.58,0.0,93.0,1.68,2.76,4.0
2024-11-17T05:00:00Z,17.7,12.88,0.0,100.0,1.78,2.43,1.2
2024-11-17T06:00:00Z,17.5,13.34,0.0,100.0,1.88,1.78,1.9
2024-11-17T07:00:00Z,17.1,13.55,0.1,100.0,1.86,1.01,3.7
2024-11-17T08:00:00Z,16.9,13.38,0.0,100.0,1.82,0.3,4.6
2024-11-17T09:00:00Z,16.9,13.46,0.0,100.0,1.8,-0.25,4.3
2024-11-17T10:00:00Z,16.6,12.28,0.0,99.0,1.74,-0.52,3.4
2024-11-17T11:00:00Z,16.4,12.25,0.0,100.0,1.7,-0.43,1.8
2024-11-17T12:00:00Z,16.3,12.28,0.0,100.0,1.64,0.02,2.2
2024-11-17T13:00:00Z,16.2,11.9,0.0,100.0,1.6,0.68,4.0
2024-11-17T14:00:00Z,16.1,11.75,0.0,97.0,1.54,1.27,4.5
2024-11-17T15:00:00Z,15.9,12.33,0.0,100.0,1.5,1.65,3.8
2024-11-17T16:00:00Z,15.7,12.64,0.0,100.0,1.54,1.73,2.2
2024-11-17T17:00:00Z,15.5,12.69,0.0,100.0,1.6,1.47,0.5
2024-11-17T18:00:00Z,15.3,12.82,0.0,100.0,1.64,0.89,2.2
2024-11-17T19:00:00Z,15.2,13.03,0.0,100.0,1.66,0.2,3.6
2024-11-17T20:00:00Z,15.0,13.05,0.0,99.0,1.7,-0.42,4.2
2024-11-17T21:00:00Z,14.9,12.92,0.0,100.0,1.72,-0.83,3.8
2024-11-17T22:00:00Z,15.2,12.09,0.0,100.0,1.7,-0.99,2.8
2024-11-17T23:00:00Z,15.1,11.96,0.0,99.0,1.66,-0.8,2.0
2024-11-18T00:00:00Z,15.1,11.56,0.0,86.0,1.64,-0.22,3.4
2024-11-18T01:00:00Z,15.1,11.32,0.0,100.0,1.56,0.64,5.5
2024-11-18T02:00:00Z,15.2,11.15,0.0,100.0,1.46,1.5,6.7
2024-11-18T03:00:00Z,15.3,11.25,0.0,100.0,1.38,2.17,6.1
2024-11-18T04:00:00Z,15.3,11.26,0.0,100.0,1.4,2.53,4.4
2024-11-18T05:00:00Z,15.3,11.44,0.0,99.0,1.4,2.52,2.1
2024-11-18T06:00:00Z,15.4,11.36,0.0,100.0,1.42,2.13,0.8
2024-11-18T07:00:00Z,15.4,11.22,0.0,100.0,1.38,1.46,2.8
2024-11-18T08:00:00Z,15.4,11.06,0.0,100.0,1.32,0.73,4.3
2024-11-18T09:00:00Z,15.4,10.9,0.0,98.0,1.28,0.1,4.8
2024-11-18T10:00:00Z,15.3,9.87,0.0,96.0,1.26,-0.36,4.3
2024-11-18T11:00:00Z,15.3,9.7,0.0,73.0,1.22,-0.56,3.1
2024-11-18T12:00:00Z,15.3,9.3,0.0,100.0,1.2,-0.43,1.4
2024-11-18T13:00:00Z,15.1,8.97,0.0,100.0,1.16,0.02,2.0
2024-11-18T14:00:00Z,14.9,8.53,0.0,100.0,1.12,0.58,3.4
2024-11-18T15:00:00Z,14.8,8.27,0.0,100.0,1.08,1.02,3.4
2024-11-18T16:00:00Z,14.8,8.2,0.0,100.0,1.04,1.24,2.3
2024-11-18T17:00:00Z,14.8,8.31,0.0,100.0,1.0,1.19,0.7
2024-11-18T18:00:00Z,14.7,8.7,0.0,100.0,0.96,0.85,1.1
2024-11-18T19:00:00Z,14.6,9.0,0.0,100.0,0.96,0.28,3.0
2024-11-18T20:00:00Z,14.5,8.89,0.0,100.0,0.94,-0.34,3.9
2024-11-18T21:00:00Z,14.5,8.36,0.0,100.0,0.94,-0.86,4.2
2024-11-18T22:00:00Z,15.0,7.83,0.0,100.0,0.9,-1.17,3.5
2024-11-18T23:00:00Z,14.9,7.47,0.0,100.0,0.86,-1.24,2.4
2024-11-19T00:00:00Z,15.0,6.91,0.0,89.0,0.82,-0.97,1.8
2024-11-19T01:00:00Z,15.0,6.41,0.0,85.0,0.76,-0.34,3.4
2024-11-19T02:00:00Z,15.1,6.33,0.0,84.0,0.7,0.48,5.3
2024-11-19T03:00:00Z,15.2,6.56,0.0,81.0,0.64,1.23,6.0
2024-11-19T04:00:00Z,15.2,6.51,0.0,98.0,0.62,1.77,5.2
2024-11-19T05:00:00Z,15.2,6.68,0.0,100.0,0.62,2.02,3.4
2024-11-19T06:00:00Z,15.2,6.99,0.0,92.0,0.6,1.95,1.3
2024-11-19T07:00:00Z,15.3,7.1,0.0,99.0,0.62,1.55,1.0
2024-11-19T08:00:00Z,15.4,6.96,0.0,98.0,0.62,0.96,2.8
2024-11-19T09:00:00Z,15.6,6.82,0.0,98.0,0.64,0.33,3.9
2024-11-19T10:00:00Z,15.6,6.27,0.0,77.0,0.62,-0.19,3.9
2024-11-19T11:00:00Z,15.7,5.87,0.0,94.0,0.58,-0.53,3.4
2024-11-19T12:00:00Z,15.7,5.84,0.0,96.0,0.56,-0.64,2.2
2024-11-19T13:00:00Z,15.7,5.61,0.0,84.0,0.54,-0.44,1.1
2024-11-19T14:00:00Z,15.7,5.36,0.0,63.0,0.5,0.01,2.2
2024-11-19T15:00:00Z,15.7,5.2,0.0,72.0,0.48,0.5,3.2
2024-11-19T16:00:00Z,15.6,5.4,0.0,76.0,0.5,0.83,3.1
2024-11-19T17:00:00Z,15.4,5.75,0.0,75.0,0.54,0.97,2.0
2024-11-19T18:00:00Z,15.4,6.44,0.0,64.0,0.56,0.9,0.4
2024-11-19T19:00:00Z,15.3,6.73,0.0,43.0,0.62,0.58,1.1
2024-11-19T20:00:00Z,15.3,6.78,0.0,40.0,0.66,0.08,2.6
2024-11-19T21:00:00Z,15.3,6.93,0.0,46.0,0.72,-0.44,3.4
2024-11-19T22:00:00Z,15.1,6.62,0.0,51.0,0.7,-0.84,3.5
2024-11-19T23:00:00Z,15.1,6.21,0.0,46.0,0.68,-1.04,2.7
2024-11-20T00:00:00Z,15.2,5.87,0.0,61.0,0.66,-0.99,1.8
2024-11-20T01:00:00Z,15.2,5.63,0.0,60.0,0.64,-0.64,2.1
2024-11-20T02:00:00Z,15.3,5.11,0.0,39.0,0.6,0.01,3.8
2024-11-20T03:00:00Z,15.3,4.82,0.0,40.0,0.58,0.76,5.3
2024-11-20T04:00:00Z,15.3,5.1,0.0,40.0,0.54,1.38,5.2
2024-11-20T05:00:00Z,15.3,5.61,0.0,35.0,0.5,1.8,4.2
2024-11-20T06:00:00Z,15.2,6.16,0.0,30.0,0.46,1.97,2.5
2024-11-20T07:00:00Z,15.1,6.86,0.0,49.0,0.46,1.86,0.6
2024-11-20T08:00:00Z,15.0,7.41,0.0,79.0,0.48,1.46,1.5
2024-11-20T09:00:00Z,14.8,7.6,0.0,99.0,0.48,0.91,3.1
2024-11-20T10:00:00Z,14.7,6.16,0.0,93.0,0.52,0.36,3.9
2024-11-20T11:00:00Z,14.7,5.9,0.0,42.0,0.54,-0.07,3.9
2024-11-20T12:00:00Z,14.7,6.36,0.0,56.0,0.58,-0.34,3.2
2024-11-20T13:00:00Z,14.5,6.25,0.0,49.0,0.56,-0.39,2.1
2024-11-20T14:00:00Z,14.5,6.28,0.0,33.0,0.56,-0.18,1.1
2024-11-20T15:00:00Z,14.4,6.7,0.0,33.0,0.54,0.21,1.9
2024-11-20T16:00:00Z,14.3,6.98,0.0,27.0,0.56,0.56,2.3
2024-11-20T17:00:00Z,14.2,6.57,0.0,26.0,0.58,0.77,2.0
2024-11-20T18:00:00Z,14.2,6.17,0.0,41.0,0.6,0.84,0.9
2024-11-20T19:00:00Z,13.9,6.8,0.0,38.0,0.66,0.74,0.4
2024-11-20T20:00:00Z,13.7,7.61,0.0,33.0,0.7,0.44,1.6
2024-11-20T21:00:00Z,13.6,8.05,0.0,34.0,0.76,-0.02,2.8
2024-11-20T22:00:00Z,13.6,7.29,0.0,33.0,0.76,-0.48,3.4
2024-11-20T23:00:00Z,13.7,6.97,0.0,38.0,0.74,-0.8,3.1
2024-11-21T00:00:00Z,13.7,7.07,0.0,31.0,0.74,-0.94,2.4
2024-11-21T01:00:00Z,13.7,7.16,0.0,30.0,0.72,-0.86,1.7
2024-11-21T02:00:00Z,13.7,7.09,0.0,62.0,0.68,-0.51,2.0
2024-11-21T03:00:00Z,13.8,7.07,0.0,53.0,0.66,0.08,3.4
2024-11-21T04:00:00Z,13.9,7.17,0.0,10.0,0.64,0.69,4.6
2024-11-21T05:00:00Z,14.1,6.89,0.0,3.0,0.64,1.17,4.3
2024-11-21T06:00:00Z,14.3,6.69,0.0,2.0,0.62,1.48,3.4
2024-11-21T07:00:00Z,14.6,6.47,0.0,2.0,0.6,1.61,2.2
2024-11-21T08:00:00Z,14.8,6.33,0.0,0.0,0.56,1.49,0.5
2024-11-21T09:00:00Z,14.9,6.48,0.0,6.0,0.54,1.14,1.1
2024-11-21T10:00:00Z,14.9,5.82,0.0,1.0,0.5,0.66,2.6
2024-11-21T11:00:00Z,14.6,5.91,0.0,4.0,0.48,0.2,3.2
2024-11-21T12:00:00Z,14.4,6.37,0.0,9.0,0.44,-0.16,3.1
2024-11-21T13:00:00Z,14.2,6.98,0.0,26.0,0.48,-0.38,2.4
2024-11-21T14:00:00Z,14.0,6.96,0.0,37.0,0.52,-0.42,1.5
2024-11-21T15:00:00Z,14.0,7.09,0.0,67.0,0.56,-0.23,1.0
2024-11-21T16:00:00Z,14.1,7.07,0.0,79.0,0.56,0.08,1.7
2024-11-21T17:00:00Z,14.2,6.72,0.0,78.0,0.56,0.34,2.2
2024-11-21T18:00:00Z,14.3,6.24,0.0,84.0,0.56,0.51,1.8
2024-11-21T19:00:00Z,14.4,6.06,0.0,97.0,0.56,0.58,1.1
2024-11-21T20:00:00Z,14.4,6.22,0.0,92.0,0.54,0.51,0.3
2024-11-21T21:00:00Z,14.4,6.91,0.0,81.0,0.54,0.26,1.0
2024-11-21T22:00:00Z,14.2,6.08,0.0,92.0,0.54,-0.09,2.0
2024-11-21T23:00:00Z,14.3,7.16,0.1,95.0,0.56,-0.44,2.3
2024-11-22T00:00:00Z,14.5,7.19,0.0,73.0,0.56,-0.66,2.2
2024-11-22T01:00:00Z,14.9,7.01,0.0,98.0,0.56,-0.71,1.8
2024-11-22T02:00:00Z,15.2,6.99,0.0,64.0,0.58,-0.59,1.9
2024-11-22T03:00:00Z,15.4,6.91,0.0,64.0,0.58,-0.25,2.8
2024-11-22T04:00:00Z,15.6,6.71,0.0,40.0,0.56,0.26,3.9
2024-11-22T05:00:00Z,15.9,6.71,0.0,18.0,0.56,0.76,4.6
2024-11-22T06:00:00Z,16.2,6.84,0.0,6.0,0.54,1.15,4.2
2024-11-22T07:00:00Z,16.4,6.87,0.0,8.0,0.58,1.41,3.3
2024-11-22T08:00:00Z,16.4,7.15,0.0,3.0,0.62,1.53,2.3
2024-11-22T09:00:00Z,16.1,7.75,0.0,5.0,0.66,1.42,1.0
2024-11-22T10:00:00Z,16.0,8.07,0.0,5.0,0.66,1.1,1.3
2024-11-22T11:00:00Z,15.9,8.42,0.0,5.0,0.68,0.69,2.3
2024-11-22T12:00:00Z,15.7,8.43,0.0,17.0,0.68,0.28,2.7
2024-11-22T13:00:00Z,15.6,8.64,0.0,50.0,0.72,-0.03,2.4
2024-11-22T14:00:00Z,15.5,8.61,0.0,44.0,0.76,-0.24,2.0
2024-11-22T15:00:00Z,15.3,8.37,0.0,14.0,0.8,-0.26,1.5
2024-11-22T16:00:00Z,15.3,8.08,0.0,10.0,0.8,-0.09,1.4
2024-11-22T17:00:00Z,15.2,8.0,0.0,29.0,0.78,0.16,1.9
2024-11-22T18:00:00Z,15.1,8.05,0.0,45.0,0.78,0.37,2.2
2024-11-22T19:00:00Z,15.0,7.95,0.0,74.0,0.74,0.53,2.0
2024-11-22T20:00:00Z,14.8,7.68,0.0,95.0,0.72,0.63,1.3
2024-11-22T21:00:00Z,14.7,7.35,0.0,94.0,0.68,0.58,0.6
2024-11-22T22:00:00Z,14.8,6.68,0.0,19.0,0.66,0.36,0.6
2024-11-22T23:00:00Z,14.9,6.32,0.0,16.0,0.64,0.04,1.7
2024-11-23T00:00:00Z,14.9,5.88,0.0,23.0,0.62,-0.27,2.0
2024-11-23T01:00:00Z,15.0,5.72,0.0,21.0,0.6,-0.47,1.9
2024-11-23T02:00:00Z,15.0,5.86,0.0,31.0,0.58,-0.54,1.8
2024-11-23T03:00:00Z,15.0,6.02,0.0,23.0,0.56,-0.46,1.9
2024-11-23T04:00:00Z,15.0,6.2,0.0,27.0,0.56,-0.17,2.5
2024-11-23T05:00:00Z,14.9,6.64,0.0,37.0,0.58,0.25,3.4
2024-11-23T06:00:00Z,15.0,7.08,0.0,28.0,0.58,0.66,3.9
2024-11-23T07:00:00Z,15.0,6.96,0.0,27.0,0.58,0.98,3.5
2024-11-23T08:00:00Z,15.0,6.59,0.0,28.0,0.6,1.21,3.0
2024-11-23T09:00:00Z,15.0,5.98,0.0,37.0,0.6,1.33,1.9
2024-11-23T10:00:00Z,15.0,5.3,0.0,86.0,0.56,1.22,0.8
2024-11-23T11:00:00Z,15.1,4.97,0.0,97.0,0.54,0.91,1.3
2024-11-23T12:00:00Z,15.3,4.83,0.0,100.0,0.5,0.48,2.2
2024-11-23T13:00:00Z,15.4,4.94,0.0,100.0,0.48,0.08,2.7
2024-11-23T14:00:00Z,15.5,5.12,0.0,100.0,0.46,-0.23,2.4
2024-11-23T15:00:00Z,15.5,5.42,0.0,100.0,0.44,-0.43,2.0
2024-11-23T16:00:00Z,15.5,5.24,0.0,98.0,0.4,-0.46,1.5
2024-11-23T17:00:00Z,15.5,4.17,0.0,95.0,0.38,-0.3,1.3
2024-11-23T18:00:00Z,15.5,3.69,0.0,93.0,0.34,-0.05,1.9
2024-11-23T19:00:00Z,15.4,3.5,0.0,90.0,0.32,0.18,2.2
2024-11-23T20:00:00Z,15.4,4.29,0.0,85.0,0.3,0.37,2.1
2024-11-23T21:00:00Z,15.5,4.36,0.0,93.0,0.28,0.52,1.7
2024-11-23T22:00:00Z,15.4,3.89,0.0,89.0,0.28,0.54,1.1
2024-11-23T23:00:00Z,15.5,4.72,0.0,54.0,0.28,0.38,0.7
2024-11-24T00:00:00Z,15.6,5.26,0.0,40.0,0.28,0.1,1.3
2024-11-24T01:00:00Z,15.8,5.28,0.0,14.0,0.3,-0.18,1.7
2024-11-24T02:00:00Z,15.8,5.3,0.0,13.0,0.34,-0.37,1.5
2024-11-24T03:00:00Z,15.9,4.96,0.0,40.0,0.36,-0.46,1.3
2024-11-24T04:00:00Z,15.8,4.6,0.0,62.0,0.34,-0.41,1.4
2024-11-24T05:00:00Z,15.7,4.56,0.0,97.0,0.32,-0.16,1.9
2024-11-24T06:00:00Z,15.8,4.22,0.0,89.0,0.3,0.22,3.0
2024-11-24T07:00:00Z,15.9,3.96,0.0,99.0,0.3,0.58,3.5
2024-11-24T08:00:00Z,16.0,4.24,0.0,98.0,0.28,0.88,3.4
2024-11-24T09:00:00Z,16.1,4.45,0.0,99.0,0.28,1.14,2.9
2024-11-24T10:00:00Z,16.6,4.53,0.0,100.0,0.28,1.27,2.2
2024-11-24T11:00:00Z,16.6,5.98,0.0,98.0,0.28,1.18,0.9
2024-11-24T12:00:00Z,16.5,6.27,0.1,92.0,0.28,0.89,0.6
2024-11-24T13:00:00Z,16.3,7.1,0.3,99.0,0.3,0.49,1.5
2024-11-24T14:00:00Z,16.3,6.63,0.4,100.0,0.34,0.1,1.9
2024-11-24T15:00:00Z,16.5,6.25,0.0,100.0,0.36,-0.21,1.9
2024-11-24T16:00:00Z,16.7,6.32,0.0,92.0,0.36,-0.42,1.4
2024-11-24T17:00:00Z,16.7,7.25,0.4,98.0,0.38,-0.44,0.6
2024-11-24T18:00:00Z,17.1,7.09,0.0,93.0,0.38,-0.26,0.9
2024-11-24T19:00:00Z,17.5,6.47,0.0,91.0,0.38,0.01,2.0
2024-11-24T20:00:00Z,17.6,5.7,0.0,99.0,0.36,0.28,2.4
2024-11-24T21:00:00Z,17.8,4.52,0.4,99.0,0.36,0.54,2.4
2024-11-24T22:00:00Z,17.7,3.66,0.4,77.0,0.32,0.75,2.1
2024-11-24T23:00:00Z,17.3,4.61,0.2,77.0,0.3,0.81,1.3
2024-11-25T00:00:00Z,17.0,4.04,0.2,60.0,0.26,0.67,0.4
2024-11-25T01:00:00Z,17.0,2.9,0.2,78.0,0.26,0.38,0.8
2024-11-25T02:00:00Z,17.0,2.97,0.3,87.0,0.28,0.08,1.4
2024-11-25T03:00:00Z,17.4,3.4,0.1,93.0,0.28,-0.16,1.4
2024-11-25T04:00:00Z,17.6,3.6,0.3,100.0,0.26,-0.31,1.2
2024-11-25T05:00:00Z,17.3,3.46,1.2,96.0,0.22,-0.32,1.0
2024-11-25T06:00:00Z,17.3,2.38,0.4,64.0,0.2,-0.14,1.2
2024-11-25T07:00:00Z,17.4,2.1,0.0,2.0,0.18,0.18,2.1
2024-11-25T08:00:00Z,17.5,2.76,0.0,5.0,0.18,0.51,2.8
2024-11-25T09:00:00Z,17.5,4.57,0.0,37.0,0.16,0.81,2.5
2024-11-25T10:00:00Z,17.1,6.76,0.0,100.0,0.32,1.06,2.0
2024-11-25T11:00:00Z,16.0,9.2,0.0,100.0,0.48,1.17,0.9
2024-11-25T12:00:00Z,14.9,11.14,0.1,100.0,0.64,1.03,0.6
2024-11-25T13:00:00Z,14.5,11.01,0.2,100.0,0.86,0.66,2.1
2024-11-25T14:00:00Z,13.8,11.99,0.6,100.0,1.08,0.2,3.0
2024-11-25T15:00:00Z,13.1,13.1,0.9,100.0,1.3,-0.24,3.4
2024-11-25T16:00:00Z,12.5,13.45,0.6,100.0,1.44,-0.6,3.2
2024-11-25T17:00:00Z,12.2,14.01,0.6,100.0,1.56,-0.81,2.6
2024-11-25T18:00:00Z,11.9,14.38,0.6,100.0,1.7,-0.81,1.5
2024-11-25T19:00:00Z,11.7,14.26,0.4,99.0,1.76,-0.58,0.9
2024-11-25T20:00:00Z,11.5,14.36,0.1,100.0,1.8,-0.25,2.0
2024-11-25T21:00:00Z,11.0,13.96,0.0,93.0,1.86,0.09,2.7
2024-11-25T22:00:00Z,10.9,12.04,0.0,30.0,1.74,0.45,2.9
2024-11-25T23:00:00Z,10.7,12.15,0.0,10.0,1.62,0.75,2.7
2024-11-26T00:00:00Z,10.5,11.74,0.0,4.0,1.5,0.85,2.0
2024-11-26T01:00:00Z,10.2,10.96,0.0,3.0,1.4,0.73,0.8
2024-11-26T02:00:00Z,10.2,10.18,0.0,14.0,1.28,0.45,0.8
2024-11-26T03:00:00Z,10.3,10.0,0.0,71.0,1.18,0.15,1.5
2024-11-26T04:00:00Z,10.6,10.17,0.0,88.0,1.16,-0.09,1.5
2024-11-26T05:00:00Z,11.0,10.1,0.0,84.0,1.14,-0.25,1.4
2024-11-26T06:00:00Z,11.2,10.48,0.0,57.0,1.12,-0.25,0.8
2024-11-26T07:00:00Z,11.2,10.6,0.0,50.0,1.1,-0.05,0.8
2024-11-26T08:00:00Z,11.1,10.11,0.0,26.0,1.1,0.3,1.8
2024-11-26T09:00:00Z,11.0,9.73,0.0,22.0,1.08,0.66,2.5
2024-11-26T10:00:00Z,10.8,8.92,0.0,21.0,1.04,1.02,2.7
2024-11-26T11:00:00Z,10.6,8.26,0.0,82.0,0.98,1.32,2.6
2024-11-26T12:00:00Z,10.5,8.64,0.0,79.0,0.94,1.43,1.5
2024-11-26T13:00:00Z,10.5,8.68,0.0,86.0,0.94,1.25,0.3
2024-11-26T14:00:00Z,10.6,8.99,0.0,83.0,0.92,0.83,2.0
2024-11-26T15:00:00Z,10.8,9.89,0.0,89.0,0.92,0.3,3.3
2024-11-26T16:00:00Z,10.9,10.64,0.0,70.0,0.94,-0.21,3.8
2024-11-26T17:00:00Z,10.9,11.03,0.0,16.0,0.98,-0.61,3.6
2024-11-26T18:00:00Z,10.8,11.34,0.0,1.0,1.0,-0.85,3.1
2024-11-26T19:00:00Z,10.9,11.31,0.0,0.0,1.04,-0.82,1.9
2024-11-26T20:00:00Z,10.9,10.55,0.0,0.0,1.06,-0.54,0.4
2024-11-26T21:00:00Z,11.1,10.54,0.0,0.0,1.1,-0.15,1.4
2024-11-26T22:00:00Z,11.4,9.84,0.0,0.0,1.06,0.28,2.3
2024-11-26T23:00:00Z,11.3,10.08,0.0,0.0,1.02,0.7,2.3
2024-11-27T00:00:00Z,11.2,9.84,0.0,0.0,0.98,0.99,1.8
2024-11-27T01:00:00Z,11.3,9.62,0.0,0.0,1.04,1.02,0.5
2024-11-27T02:00:00Z,11.6,9.59,0.0,0.0,1.12,0.79,1.0
2024-11-27T03:00:00Z,12.1,9.42,0.0,0.0,1.18,0.38,2.4
2024-11-27T04:00:00Z,12.6,11.58,0.0,77.0,1.24,-0.05,3.1
2024-11-27T05:00:00Z,12.4,11.88,0.0,77.0,1.3,-0.43,3.3
2024-11-27T06:00:00Z,11.9,11.38,0.0,6.0,1.36,-0.69,3.0
2024-11-27T07:00:00Z,11.7,11.25,0.0,16.0,1.34,-0.73,2.1
2024-11-27T08:00:00Z,11.5,11.52,0.0,12.0,1.32,-0.51,0.6
2024-11-27T09:00:00Z,11.3,11.61,0.0,12.0,1.3,-0.14,1.3
2024-11-27T10:00:00Z,11.6,10.22,0.0,0.0,1.3,0.26,2.3
2024-11-27T11:00:00Z,11.3,10.03,0.0,0.0,1.28,0.63,2.5
2024-11-27T12:00:00Z,11.1,9.79,0.0,0.0,1.28,0.9,2.2
2024-11-27T13:00:00Z,10.8,9.43,0.0,0.0,1.32,0.96,1.1
2024-11-27T14:00:00Z,10.6,9.69,0.0,0.0,1.34,0.72,0.5
2024-11-27T15:00:00Z,10.4,9.53,0.0,0.0,1.38,0.24,2.0
2024-11-27T16:00:00Z,10.3,9.18,0.0,0.0,1.3,-0.31,3.1
2024-11-27T17:00:00Z,10.3,9.4,0.0,0.0,1.24,-0.8,3.6
2024-11-27T18:00:00Z,10.3,9.69,0.0,0.0,1.16,-1.15,3.3
2024-11-27T19:00:00Z,10.5,9.74,0.0,0.0,1.1,-1.27,2.4
2024-11-27T20:00:00Z,10.7,9.46,0.0,0.0,1.04,-1.08,0.6
2024-11-27T21:00:00Z,10.9,9.14,0.0,0.0,0.98,-0.66,1.5
2024-11-27T22:00:00Z,11.2,8.39,0.0,0.0,0.96,-0.14,2.7
2024-11-27T23:00:00Z,11.5,8.16,0.0,0.0,0.92,0.39,3.3
2024-11-28T00:00:00Z,11.8,8.62,0.0,0.0,0.9,0.87,2.9
2024-11-28T01:00:00Z,12.1,9.45,0.0,0.0,0.96,1.14,1.9
2024-11-28T02:00:00Z,12.4,9.77,0.0,0.0,1.02,1.1,0.4
2024-11-28T03:00:00Z,12.7,10.0,0.0,0.0,1.08,0.75,1.6
2024-11-28T04:00:00Z,13.2,10.53,0.0,0.0,1.16,0.24,3.1
2024-11-28T05:00:00Z,13.2,11.42,0.0,0.0,1.24,-0.28,4.0
2024-11-28T06:00:00Z,13.2,11.28,0.0,0.0,1.32,-0.71,4.2
2024-11-28T07:00:00Z,12.8,11.97,0.0,1.0,1.4,-0.98,3.6
2024-11-28T08:00:00Z,12.5,12.81,0.0,2.0,1.48,-1.01,2.6
2024-11-28T09:00:00Z,12.2,13.37,0.0,10.0,1.56,-0.75,0.8
2024-11-28T10:00:00Z,12.5,11.94,0.0,8.0,1.58,-0.34,1.1
2024-11-28T11:00:00Z,12.1,11.77,0.0,1.0,1.58,0.09,2.0
2024-11-28T12:00:00Z,11.8,11.52,0.0,0.0,1.6,0.46,2.3
2024-11-28T13:00:00Z,11.6,11.5,0.0,0.0,1.58,0.71,1.8
2024-11-28T14:00:00Z,11.4,11.89,0.0,0.0,1.58,0.68,0.6
2024-11-28T15:00:00Z,11.2,12.17,0.0,0.0,1.56,0.34,1.1
2024-11-28T16:00:00Z,11.0,12.55,0.0,0.0,1.58,-0.19,2.8
2024-11-28T17:00:00Z,10.9,12.69,0.0,0.0,1.58,-0.75,3.5
2024-11-28T18:00:00Z,10.6,12.38,0.0,0.0,1.6,-1.22,3.5
2024-11-28T19:00:00Z,10.4,11.82,0.0,0.0,1.5,-1.49,2.8
2024-11-28T20:00:00Z,10.1,11.15,0.0,0.0,1.4,-1.47,1.3
2024-11-28T21:00:00Z,10.1,10.71,0.0,0.0,1.3,-1.11,1.0
2024-11-28T22:00:00Z,10.8,9.39,0.0,0.0,1.2,-0.51,3.1
2024-11-28T23:00:00Z,11.0,8.68,0.0,0.0,1.1,0.16,4.3
2024-11-29T00:00:00Z,11.0,8.71,0.0,0.0,1.0,0.8,4.7
2024-11-29T01:00:00Z,11.0,9.04,0.0,0.0,1.02,1.31,4.2
2024-11-29T02:00:00Z,11.2,9.03,0.0,0.0,1.02,1.52,2.8
2024-11-29T03:00:00Z,11.5,8.62,0.0,0.0,1.04,1.36,0.8
2024-11-29T04:00:00Z,11.9,8.15,0.0,0.0,0.94,0.9,1.5
2024-11-29T05:00:00Z,12.3,7.65,0.0,0.0,0.82,0.32,3.1
2024-11-29T06:00:00Z,12.8,7.32,0.0,0.0,0.72,-0.23,3.8
2024-11-29T07:00:00Z,13.2,7.25,0.0,0.0,0.72,-0.67,3.8
2024-11-29T08:00:00Z,13.7,7.29,0.0,0.0,0.7,-0.91,3.1
2024-11-29T09:00:00Z,14.0,7.39,0.0,0.0,0.7,-0.84,1.5
2024-11-29T10:00:00Z,14.2,6.14,0.0,0.0,0.68,-0.5,0.4
2024-11-29T11:00:00Z,14.2,5.46,0.0,0.0,0.68,-0.03,2.0
2024-11-29T12:00:00Z,14.2,5.34,0.0,0.0,0.66,0.43,2.4
2024-11-29T13:00:00Z,14.2,5.15,0.0,0.0,0.62,0.81,2.1
2024-11-29T14:00:00Z,14.2,4.93,0.0,0.0,0.6,0.98,1.3
2024-11-29T15:00:00Z,14.2,4.75,0.0,0.0,0.56,0.84,0.8
2024-11-29T16:00:00Z,14.1,4.96,0.0,0.0,0.5,0.37,2.5
2024-11-29T17:00:00Z,14.0,4.87,0.0,0.0,0.46,-0.23,4.0
2024-11-29T18:00:00Z,13.7,4.91,0.0,0.0,0.4,-0.78,4.7
2024-11-29T19:00:00Z,13.3,4.9,0.0,0.0,0.4,-1.17,4.5
2024-11-29T20:00:00Z,12.9,4.91,0.0,0.0,0.4,-1.34,3.5
2024-11-29T21:00:00Z,12.6,4.85,0.0,0.0,0.4,-1.21,1.9
2024-11-29T22:00:00Z,13.0,4.6,0.0,0.0,0.36,-0.72,0.8
2024-11-29T23:00:00Z,12.8,4.32,0.0,0.0,0.34,-0.02,2.7
2024-11-30T00:00:00Z,12.8,4.62,0.0,0.0,0.3,0.7,3.6
2024-11-30T01:00:00Z,12.8,4.39,0.0,0.0,0.3,1.32,3.4
2024-11-30T02:00:00Z,12.8,3.99,0.0,0.0,0.3,1.73,2.3
2024-11-30T03:00:00Z,12.8,3.63,0.0,0.0,0.3,1.78,0.6
2024-11-30T04:00:00Z,12.8,3.43,0.0,0.0,0.28,1.45,1.9
2024-11-30T05:00:00Z,13.0,3.13,0.0,0.0,0.26,0.86,4.1
2024-11-30T06:00:00Z,13.2,2.26,0.0,0.0,0.24,0.19,5.3
2024-11-30T07:00:00Z,13.5,1.35,0.0,0.0,0.22,-0.38,5.7
2024-11-30T08:00:00Z,13.7,0.94,0.0,0.0,0.18,-0.79,5.2
2024-11-30T09:00:00Z,14.0,1.66,0.0,0.0,0.16,-0.95,3.9
2024-11-30T10:00:00Z,14.0,2.9,0.0,0.0,0.14,-0.8,1.9
2024-11-30T11:00:00Z,14.3,3.88,0.0,0.0,0.1,-0.36,0.6
2024-11-30T12:00:00Z,14.6,4.49,0.0,0.0,0.08,0.15,2.0
2024-11-30T13:00:00Z,14.8,5.29,0.0,0.0,0.14,0.6,2.4
2024-11-30T14:00:00Z,15.0,6.04,0.0,0.0,0.22,0.89,1.8
2024-11-30T15:00:00Z,15.1,6.69,0.0,0.0,0.28,0.92,1.0
2024-11-30T16:00:00Z,15.1,7.15,0.0,0.0,0.36,0.63,1.8
2024-11-30T17:00:00Z,15.0,7.29,0.0,2.0,0.44,0.08,3.4
2024-11-30T18:00:00Z,15.0,7.23,0.0,4.0,0.52,-0.54,4.7
2024-11-30T19:00:00Z,14.9,7.2,0.0,4.0,0.54,-1.05,4.9
2024-11-30T20:00:00Z,14.8,6.94,0.0,0.0,0.56,-1.36,4.1
2024-11-30T21:00:00Z,14.7,6.59,0.0,0.0,0.58,-1.42,2.7
2024-11-30T22:00:00Z,14.8,6.31,0.0,0.0,0.52,-1.13,0.7
2024-11-30T23:00:00Z,14.8,6.02,0.0,0.0,0.46,-0.51,1.8
2024-12-01T00:00:00Z,14.9,5.62,0.0,0.0,0.4,0.28,3.8
2024-12-01T01:00:00Z,14.8,5.17,0.0,0.0,0.36,1.0,4.4
2024-12-01T02:00:00Z,14.7,4.84,0.0,0.0,0.34,1.55,3.7
2024-12-01T03:00:00Z,14.7,4.54,0.0,0.0,0.3,1.82,2.3
2024-12-01T04:00:00Z,14.7,3.95,0.0,0.0,0.26,1.73,0.5
2024-12-01T05:00:00Z,14.8,3.86,0.0,0.0,0.24,1.28,2.2
2024-12-01T06:00:00Z,14.9,3.7,0.0,0.0,0.2,0.62,4.1
2024-12-01T07:00:00Z,15.1,3.16,0.0,0.0,0.2,-0.04,5.2
2024-12-01T08:00:00Z,15.3,2.67,0.0,0.0,0.18,-0.56,5.2
2024-12-01T09:00:00Z,15.4,1.86,0.0,0.0,0.18,-0.89,4.5
2024-12-01T10:00:00Z,15.3,1.22,0.0,0.0,0.16,-0.93,2.8
2024-12-01T11:00:00Z,15.4,2.19,0.0,0.0,0.12,-0.62,0.6
2024-12-01T12:00:00Z,15.6,3.02,0.0,0.0,0.1,-0.08,1.8
2024-12-01T13:00:00Z,15.6,3.4,0.0,0.0,0.12,0.46,2.9
2024-12-01T14:00:00Z,15.7,3.99,0.0,0.0,0.14,0.86,2.8
2024-12-01T15:00:00Z,15.7,4.21,0.0,0.0,0.16,1.05,1.9
2024-12-01T16:00:00Z,15.7,4.05,0.0,0.0,0.14,0.95,0.9
2024-12-01T17:00:00Z,15.7,3.65,0.0,0.0,0.1,0.53,2.1
2024-12-01T18:00:00Z,15.6,3.24,0.0,0.0,0.08,-0.08,3.8
2024-12-01T19:00:00Z,15.5,2.87,0.0,0.0,0.08,-0.68,4.7
2024-12-01T20:00:00Z,15.4,2.55,0.0,0.0,0.08,-1.13,4.7
2024-12-01T21:00:00Z,15.4,2.33,0.0,0.0,0.08,-1.34,3.6
2024-12-01T22:00:00Z,15.4,2.68,0.0,0.0,0.08,-1.26,1.8
2024-12-01T23:00:00Z,15.3,2.41,0.0,0.0,0.08,-0.81,0.6
2024-12-02T00:00:00Z,15.3,2.51,0.0,0.0,0.08,-0.07,2.9
2024-12-02T01:00:00Z,15.3,2.33,0.0,0.0,0.1,0.74,4.5
2024-12-02T02:00:00Z,15.1,2.21,0.0,0.0,0.1,1.41,4.5
2024-12-02T03:00:00Z,15.0,2.08,0.0,0.0,0.12,1.84,3.3
2024-12-02T04:00:00Z,14.8,1.97,0.0,0.0,0.1,1.95,1.5
2024-12-02T05:00:00Z,14.8,1.85,0.0,0.0,0.08,1.71,0.7
2024-12-02T06:00:00Z,14.9,1.81,0.0,0.0,0.06,1.17,2.9
2024-12-02T07:00:00Z,15.1,1.83,0.0,0.0,0.06,0.5,4.5
2024-12-02T08:00:00Z,15.3,1.6,0.0,0.0,0.06,-0.12,5.1
2024-12-02T09:00:00Z,15.3,1.35,0.0,0.0,0.06,-0.57,4.7
2024-12-02T10:00:00Z,15.1,1.15,0.0,0.0,0.06,-0.8,3.7
2024-12-02T11:00:00Z,15.1,1.54,0.0,0.0,0.06,-0.72,1.9
2024-12-02T12:00:00Z,15.1,1.66,0.0,0.0,0.06,-0.31,0.9
2024-12-02T13:00:00Z,15.1,2.3,0.0,0.0,0.08,0.26,2.7
2024-12-02T14:00:00Z,15.1,2.82,0.0,0.0,0.1,0.76,3.4
2024-12-02T15:00:00Z,14.9,3.58,0.0,0.0,0.12,1.05,2.9
2024-12-02T16:00:00Z,14.9,4.67,0.0,0.0,0.14,1.11,1.5
2024-12-02T17:00:00Z,14.9,5.55,0.0,0.0,0.16,0.89,0.4
2024-12-02T18:00:00Z,15.0,6.24,0.0,0.0,0.18,0.41,2.1
2024-12-02T19:00:00Z,15.1,6.12,0.0,0.0,0.22,-0.19,3.4
2024-12-02T20:00:00Z,15.1,5.77,0.0,1.0,0.28,-0.73,3.8
2024-12-02T21:00:00Z,15.1,6.05,0.0,0.0,0.32,-1.07,3.1
2024-12-02T22:00:00Z,15.1,5.87,0.0,0.0,0.32,-1.15,2.0
2024-12-02T23:00:00Z,15.1,6.17,0.0,5.0,0.34,-0.93,1.6
2024-12-03T00:00:00Z,15.0,6.74,0.0,12.0,0.34,-0.36,3.5
2024-12-03T01:00:00Z,15.0,6.98,0.0,6.0,0.38,0.44,5.5
2024-12-03T02:00:00Z,14.9,6.65,0.0,8.0,0.42,1.21,6.3
2024-12-03T03:00:00Z,14.7,6.19,0.0,6.0,0.46,1.75,5.8
2024-12-03T04:00:00Z,14.6,6.5,0.0,9.0,0.5,2.01,4.0
2024-12-03T05:00:00Z,14.3,7.56,0.0,8.0,0.54,1.95,2.0
2024-12-03T06:00:00Z,14.1,7.93,0.0,6.0,0.58,1.58,0.4
2024-12-03T07:00:00Z,14.0,7.7,0.0,6.0,0.6,0.97,2.2
2024-12-03T08:00:00Z,13.8,8.05,0.0,16.0,0.64,0.29,3.5
2024-12-03T09:00:00Z,13.7,8.42,0.0,9.0,0.66,-0.28,3.7
2024-12-03T10:00:00Z,13.6,8.13,0.0,11.0,0.68,-0.66,3.2
2024-12-03T11:00:00Z,13.4,8.25,0.0,6.0,0.7,-0.78,1.9
2024-12-03T12:00:00Z,13.2,8.08,0.0,4.0,0.72,-0.59,1.0
2024-12-03T13:00:00Z,13.0,8.09,0.0,7.0,0.68,-0.13,2.6
2024-12-03T14:00:00Z,12.8,8.14,0.0,10.0,0.64,0.4,3.8
2024-12-03T15:00:00Z,12.8,7.92,0.0,4.0,0.6,0.77,3.8
2024-12-03T16:00:00Z,12.7,7.57,0.0,2.0,0.6,0.92,2.5
2024-12-03T17:00:00Z,12.7,7.61,0.0,9.0,0.58,0.84,0.9
2024-12-03T18:00:00Z,12.6,7.66,0.0,45.0,0.58,0.52,0.7
2024-12-03T19:00:00Z,12.6,7.51,0.0,42.0,0.54,0.03,2.3
2024-12-03T20:00:00Z,12.5,6.9,0.0,4.0,0.48,-0.52,3.3
2024-12-03T21:00:00Z,12.5,6.47,0.0,13.0,0.44,-0.96,3.3
2024-12-03T22:00:00Z,12.7,5.42,0.0,89.0,0.44,-1.19,2.3
2024-12-03T23:00:00Z,12.8,5.27,0.0,89.0,0.44,-1.15,1.0
2024-12-04T00:00:00Z,12.9,4.85,0.0,79.0,0.44,-0.8,1.9
2024-12-04T01:00:00Z,13.0,4.74,0.0,24.0,0.4,-0.13,4.2
2024-12-04T02:00:00Z,13.2,5.14,0.0,8.0,0.38,0.68,6.0
2024-12-04T03:00:00Z,13.3,5.48,0.0,9.0,0.34,1.38,6.3
2024-12-04T04:00:00Z,13.3,5.69,0.0,12.0,0.36,1.8,5.0
2024-12-04T05:00:00Z,13.3,5.87,0.0,22.0,0.38,1.95,3.2
2024-12-04T06:00:00Z,13.3,6.15,0.0,50.0,0.4,1.8,1.1
2024-12-04T07:00:00Z,13.3,6.16,0.0,86.0,0.4,1.37,1.1
2024-12-04T08:00:00Z,13.2,5.98,0.0,90.0,0.4,0.75,2.9
2024-12-04T09:00:00Z,13.1,5.98,0.0,93.0,0.4,0.11,3.8
2024-12-04T10:00:00Z,13.1,5.59,0.0,91.0,0.42,-0.39,3.8
2024-12-04T11:00:00Z,13.0,5.76,0.0,90.0,0.42,-0.69,2.9
2024-12-04T12:00:00Z,12.9,5.78,0.0,94.0,0.44,-0.71,1.4
2024-12-04T13:00:00Z,12.8,5.61,0.0,94.0,0.42,-0.44,1.0
2024-12-04T14:00:00Z,12.8,5.2,0.0,100.0,0.4,0.05,2.9
2024-12-04T15:00:00Z,12.7,5.28,0.0,100.0,0.38,0.53,3.8
2024-12-04T16:00:00Z,12.7,5.34,0.0,98.0,0.36,0.8,3.3
2024-12-04T17:00:00Z,12.6,5.6,0.0,100.0,0.36,0.85,1.8
2024-12-04T18:00:00Z,12.5,6.4,0.0,100.0,0.34,0.7,0.5
2024-12-04T19:00:00Z,12.4,7.19,0.0,100.0,0.44,0.34,1.1
2024-12-04T20:00:00Z,12.4,7.4,0.0,100.0,0.52,-0.16,2.3
2024-12-04T21:00:00Z,12.3,7.32,0.0,100.0,0.62,-0.66,2.9
2024-12-04T22:00:00Z,11.7,6.44,0.0,100.0,0.6,-1.02,2.8
2024-12-04T23:00:00Z,11.5,6.59,0.1,100.0,0.58,-1.14,1.8
2024-12-05T00:00:00Z,11.4,6.69,0.1,100.0,0.56,-1.0,1.1
2024-12-05T01:00:00Z,11.4,6.72,0.1,100.0,0.54,-0.56,2.7
2024-12-05T02:00:00Z,11.4,6.76,0.0,100.0,0.52,0.14,4.8
2024-12-05T03:00:00Z,11.4,6.3,0.0,100.0,0.5,0.9,6.0
2024-12-05T04:00:00Z,11.3,5.86,0.0,100.0,0.48,1.48,5.6
2024-12-05T05:00:00Z,11.2,5.36,0.0,100.0,0.44,1.77,4.1
2024-12-05T06:00:00Z,11.2,4.89,0.0,100.0,0.42,1.81,2.2
2024-12-05T07:00:00Z,11.3,4.49,0.0,99.0,0.4,1.6,0.3
2024-12-05T08:00:00Z,11.4,3.94,0.0,97.0,0.36,1.14,1.8
2024-12-05T09:00:00Z,11.5,3.74,0.0,74.0,0.34,0.54,3.1
2024-12-05T10:00:00Z,11.6,3.76,0.0,35.0,0.32,-0.03,4.1
2024-12-05T11:00:00Z,11.8,4.01,0.0,24.0,0.28,-0.45,3.7
2024-12-05T12:00:00Z,11.9,4.31,0.0,24.0,0.26,-0.66,2.7
2024-12-05T13:00:00Z,12.0,4.26,0.0,56.0,0.26,-0.62,1.4
2024-12-05T14:00:00Z,12.0,4.45,0.0,80.0,0.28,-0.31,1.4
2024-12-05T15:00:00Z,11.9,5.05,0.0,86.0,0.28,0.15,2.9
2024-12-05T16:00:00Z,11.8,5.55,0.0,100.0,0.3,0.55,3.4
2024-12-05T17:00:00Z,11.7,5.37,0.0,100.0,0.34,0.73,2.7
2024-12-05T18:00:00Z,11.6,5.4,0.0,100.0,0.36,0.71,1.3
2024-12-05T19:00:00Z,11.5,5.71,0.0,100.0,0.4,0.52,0.4
2024-12-05T20:00:00Z,11.4,6.09,0.0,98.0,0.46,0.15,1.6
2024-12-05T21:00:00Z,11.4,6.36,0.0,94.0,0.5,-0.33,2.8
2024-12-05T22:00:00Z,11.2,5.77,0.0,96.0,0.48,-0.8,3.4
2024-12-05T23:00:00Z,11.0,5.33,0.0,96.0,0.44,-1.09,3.0
2024-12-06T00:00:00Z,11.0,4.34,0.0,95.0,0.42,-1.14,1.9
2024-12-06T01:00:00Z,11.0,3.31,0.0,97.0,0.38,-0.93,1.5
2024-12-06T02:00:00Z,11.2,3.89,0.0,91.0,0.36,-0.46,2.8
2024-12-06T03:00:00Z,11.2,4.83,0.0,96.0,0.32,0.23,4.4
2024-12-06T04:00:00Z,11.1,4.92,0.0,98.0,0.3,0.89,5.1
2024-12-06T05:00:00Z,11.2,5.46,0.0,100.0,0.28,1.34,4.5
2024-12-06T06:00:00Z,11.2,4.85,0.0,100.0,0.26,1.53,2.9
2024-12-06T07:00:00Z,11.4,4.31,0.0,85.0,0.26,1.48,1.1
2024-12-06T08:00:00Z,11.5,4.31,0.0,27.0,0.26,1.22,0.6
2024-12-06T09:00:00Z,11.6,4.77,0.0,21.0,0.26,0.77,2.2
2024-12-06T10:00:00Z,11.9,4.88,0.0,2.0,0.26,0.21,3.3
2024-12-06T11:00:00Z,11.9,4.45,0.0,1.0,0.24,-0.3,3.7
2024-12-06T12:00:00Z,11.9,3.81,0.0,19.0,0.24,-0.64,3.4
2024-12-06T13:00:00Z,11.8,3.23,0.0,97.0,0.26,-0.78,2.2
2024-12-06T14:00:00Z,11.8,3.66,0.0,97.0,0.28,-0.71,0.8
2024-12-06T15:00:00Z,11.8,4.71,0.0,98.0,0.3,-0.4,1.4
2024-12-06T16:00:00Z,11.8,5.65,0.0,91.0,0.34,0.03,2.7
2024-12-06T17:00:00Z,11.8,5.65,0.0,63.0,0.36,0.35,3.1
2024-12-06T18:00:00Z,11.7,5.41,0.0,79.0,0.4,0.48,2.2
2024-12-06T19:00:00Z,11.6,5.51,0.0,53.0,0.42,0.46,0.7
2024-12-06T20:00:00Z,11.5,5.6,0.0,92.0,0.46,0.29,0.6
2024-12-06T21:00:00Z,11.4,5.47,0.0,92.0,0.48,-0.03,1.6
2024-12-06T22:00:00Z,11.1,5.58,0.0,76.0,0.48,-0.45,2.6
2024-12-06T23:00:00Z,11.1,6.61,0.0,39.0,0.48,-0.82,2.9
2024-12-07T00:00:00Z,11.1,6.95,0.0,30.0,0.48,-1.03,2.5
2024-12-07T01:00:00Z,11.2,6.86,0.0,38.0,0.52,-1.02,1.5
2024-12-07T02:00:00Z,11.4,7.18,0.0,35.0,0.54,-0.78,1.5
2024-12-07T03:00:00Z,11.6,7.27,0.0,25.0,0.58,-0.3,3.1
2024-12-07T04:00:00Z,11.8,7.21,0.0,92.0,0.62,0.35,4.6
2024-12-07T05:00:00Z,12.0,7.64,0.0,96.0,0.68,0.96,5.2
2024-12-07T06:00:00Z,12.2,7.94,0.0,99.0,0.72,1.35,4.5
2024-12-07T07:00:00Z,12.3,8.47,0.0,100.0,0.72,1.51,3.1
2024-12-07T08:00:00Z,12.2,8.25,0.0,100.0,0.74,1.47,1.6
2024-12-07T09:00:00Z,12.0,8.46,0.0,100.0,0.74,1.21,0.2
2024-12-07T10:00:00Z,12.0,8.61,0.0,100.0,0.8,0.77,1.5
2024-12-07T11:00:00Z,11.7,9.8,0.0,99.0,0.88,0.25,2.7
2024-12-07T12:00:00Z,11.3,10.36,0.0,99.0,0.94,-0.19,2.9
2024-12-07T13:00:00Z,11.1,10.8,0.0,100.0,1.06,-0.46,2.4
2024-12-07T14:00:00Z,10.8,11.7,0.0,92.0,1.18,-0.55,1.5
2024-12-07T15:00:00Z,10.4,11.9,0.0,96.0,1.3,-0.43,1.1
2024-12-07T16:00:00Z,10.0,11.87,0.0,100.0,1.36,-0.1,2.1
2024-12-07T17:00:00Z,9.6,11.89,0.0,99.0,1.4,0.32,3.3
2024-12-07T18:00:00Z,9.2,11.95,0.0,72.0,1.46,0.63,3.4
2024-12-07T19:00:00Z,8.8,11.92,0.0,87.0,1.4,0.78,2.5
2024-12-07T20:00:00Z,8.5,11.81,0.0,68.0,1.36,0.79,1.3
2024-12-07T21:00:00Z,8.2,11.56,0.0,39.0,1.3,0.64,0.2
2024-12-07T22:00:00Z,8.5,10.06,0.0,57.0,1.22,0.34,1.1
2024-12-07T23:00:00Z,8.7,9.92,0.0,99.0,1.14,-0.03,2.3
2024-12-08T00:00:00Z,8.9,9.64,0.0,96.0,1.06,-0.38,2.7
2024-12-08T01:00:00Z,9.3,8.95,0.0,84.0,1.0,-0.57,2.3
2024-12-08T02:00:00Z,9.3,8.95,0.0,80.0,0.94,-0.56,1.4
2024-12-08T03:00:00Z,9.5,8.64,0.0,90.0,0.88,-0.35,1.5
2024-12-08T04:00:00Z,9.9,8.61,0.0,98.0,0.86,0.09,2.7
2024-12-08T05:00:00Z,10.2,8.75,0.0,72.0,0.82,0.68,4.0
2024-12-08T06:00:00Z,10.2,8.85,0.0,77.0,0.8,1.19,4.5
2024-12-08T07:00:00Z,10.3,8.61,0.0,67.0,0.78,1.5,3.8
2024-12-08T08:00:00Z,10.3,8.27,0.0,57.0,0.74,1.61,2.3
2024-12-08T09:00:00Z,10.2,7.84,0.0,81.0,0.72,1.54,0.7
2024-12-08T10:00:00Z,9.9,7.11,0.0,67.0,0.68,1.25,0.9
2024-12-08T11:00:00Z,9.8,6.45,0.0,71.0,0.62,0.78,2.5
2024-12-08T12:00:00Z,9.8,6.46,0.0,64.0,0.58,0.23,3.7
2024-12-08T13:00:00Z,9.7,6.18,0.0,70.0,0.54,-0.24,3.9
2024-12-08T14:00:00Z,9.7,5.78,0.0,94.0,0.5,-0.55,3.4
2024-12-08T15:00:00Z,9.7,5.51,0.0,99.0,0.46,-0.69,2.7
2024-12-08T16:00:00Z,9.7,5.27,0.0,88.0,0.48,-0.63,1.5
2024-12-08T17:00:00Z,9.6,5.05,0.0,68.0,0.5,-0.34,1.2
2024-12-08T18:00:00Z,9.6,4.79,0.0,87.0,0.52,0.03,2.1
2024-12-08T19:00:00Z,9.5,4.42,0.0,96.0,0.54,0.32,2.2
2024-12-08T20:00:00Z,9.5,4.38,0.0,34.0,0.56,0.47,1.7
2024-12-08T21:00:00Z,9.3,4.21,0.0,60.0,0.58,0.51,0.8
2024-12-08T22:00:00Z,9.1,4.91,0.0,3.0,0.54,0.39,0.6
2024-12-08T23:00:00Z,9.0,5.59,0.0,3.0,0.5,0.12,1.7
2024-12-09T00:00:00Z,9.1,5.68,0.0,0.0,0.46,-0.25,2.6
2024-12-09T01:00:00Z,9.2,5.58,0.0,24.0,0.46,-0.58,2.8
2024-12-09T02:00:00Z,9.3,5.61,0.0,77.0,0.44,-0.77,2.4
2024-12-09T03:00:00Z,9.4,5.55,0.0,74.0,0.44,-0.78,1.8
2024-12-09T04:00:00Z,9.5,4.92,0.0,65.0,0.42,-0.6,1.6
2024-12-09T05:00:00Z,9.6,4.15,0.0,29.0,0.38,-0.2,2.4
2024-12-09T06:00:00Z,9.7,4.01,0.0,32.0,0.36,0.32,3.7
2024-12-09T07:00:00Z,9.9,4.22,0.0,14.0,0.36,0.79,4.2
2024-12-09T08:00:00Z,10.1,4.17,0.0,12.0,0.34,1.08,3.4
2024-12-09T09:00:00Z,10.3,4.07,0.0,21.0,0.34,1.2,2.3
2024-12-09T10:00:00Z,10.7,3.59,0.0,29.0,0.34,1.15,0.9
2024-12-09T11:00:00Z,10.9,3.35,0.0,38.0,0.32,0.87,0.5
2024-12-09T12:00:00Z,11.1,3.44,0.0,79.0,0.32,0.43,2.0
2024-12-09T13:00:00Z,11.3,3.55,0.0,97.0,0.32,-0.08,3.0
2024-12-09T14:00:00Z,11.4,3.83,0.0,98.0,0.3,-0.51,3.1
2024-12-09T15:00:00Z,11.6,3.92,0.0,87.0,0.3,-0.79,2.6
2024-12-09T16:00:00Z,11.7,3.69,0.0,97.0,0.28,-0.9,1.5
2024-12-09T17:00:00Z,11.8,4.09,0.0,97.0,0.24,-0.78,0.8
2024-12-09T18:00:00Z,11.9,4.23,0.0,100.0,0.22,-0.41,2.2
2024-12-09T19:00:00Z,11.9,4.82,0.1,100.0,0.26,0.04,3.8
2024-12-09T20:00:00Z,11.9,5.24,0.1,100.0,0.28,0.42,4.3
2024-12-09T21:00:00Z,12.0,5.81,0.1,100.0,0.32,0.67,3.8
2024-12-09T22:00:00Z,11.4,5.82,0.2,98.0,0.36,0.82,2.9
2024-12-09T23:00:00Z,11.4,5.77,0.3,100.0,0.42,0.78,1.6
2024-12-10T00:00:00Z,11.5,5.93,0.3,100.0,0.46,0.54,0.4
2024-12-10T01:00:00Z,11.6,6.23,0.3,100.0,0.46,0.19,0.9
2024-12-10T02:00:00Z,11.7,5.89,0.2,100.0,0.44,-0.15,1.4
2024-12-10T03:00:00Z,11.8,6.06,0.2,100.0,0.44,-0.38,1.2
2024-12-10T04:00:00Z,11.9,5.95,0.1,100.0,0.4,-0.46,0.9
2024-12-10T05:00:00Z,12.0,5.79,0.1,100.0,0.38,-0.36,1.5
2024-12-10T06:00:00Z,12.2,6.06,0.1,100.0,0.34,-0.02,2.8
2024-12-10T07:00:00Z,12.3,6.28,0.2,100.0,0.4,0.46,4.3
2024-12-10T08:00:00Z,12.4,6.84,0.3,100.0,0.44,0.89,4.9
2024-12-10T09:00:00Z,12.4,7.78,0.2,100.0,0.5,1.18,4.3
2024-12-10T10:00:00Z,12.5,8.54,0.2,100.0,0.52,1.33,3.3
2024-12-10T11:00:00Z,12.6,7.76,0.2,100.0,0.56,1.31,1.8
2024-12-10T12:00:00Z,12.6,7.36,0.4,100.0,0.58,1.04,0.4
2024-12-10T13:00:00Z,12.6,6.92,0.5,100.0,0.56,0.57,1.1
2024-12-10T14:00:00Z,12.5,6.63,0.6,100.0,0.56,0.03,2.3
2024-12-10T15:00:00Z,12.4,7.41,0.6,100.0,0.54,-0.43,2.4
2024-12-10T16:00:00Z,12.3,8.16,0.7,100.0,0.6,-0.74,2.1
2024-12-10T17:00:00Z,12.2,8.59,0.8,100.0,0.64,-0.87,1.3
2024-12-10T18:00:00Z,12.1,8.88,1.0,100.0,0.7,-0.73,0.9
2024-12-10T19:00:00Z,12.0,8.99,0.9,100.0,0.72,-0.32,2.4
2024-12-10T20:00:00Z,11.9,9.11,1.0,100.0,0.76,0.18,3.8
2024-12-10T21:00:00Z,11.8,9.46,1.1,100.0,0.78,0.63,4.3
2024-12-10T22:00:00Z,11.8,9.5,1.3,100.0,0.86,0.99,4.0
2024-12-10T23:00:00Z,11.4,10.05,0.8,100.0,0.96,1.19,2.9
2024-12-11T00:00:00Z,11.2,10.64,0.6,100.0,1.04,1.16,1.7
2024-12-11T01:00:00Z,11.0,11.22,0.7,100.0,1.08,0.89,0.7
2024-12-11T02:00:00Z,10.9,10.82,0.7,100.0,1.12,0.47,1.7
2024-12-11T03:00:00Z,10.8,10.88,0.5,100.0,1.16,0.04,2.5
2024-12-11T04:00:00Z,10.7,11.05,0.4,100.0,1.14,-0.3,2.5
2024-12-11T05:00:00Z,10.6,10.9,0.4,100.0,1.12,-0.5,2.2
2024-12-11T06:00:00Z,10.5,10.4,0.4,100.0,1.1,-0.48,1.5
2024-12-11T07:00:00Z,10.4,9.7,0.7,100.0,1.08,-0.21,1.4
2024-12-11T08:00:00Z,10.3,9.82,0.5,100.0,1.08,0.24,2.6
2024-12-11T09:00:00Z,10.3,10.17,0.2,100.0,1.06,0.67,3.4
2024-12-11T10:00:00Z,9.9,8.7,0.0,98.0,1.02,1.0,3.1
2024-12-11T11:00:00Z,9.9,8.99,0.0,96.0,0.98,1.21,2.2
2024-12-11T12:00:00Z,9.9,9.69,0.0,85.0,0.94,1.21,0.9
2024-12-11T13:00:00Z,9.8,9.95,0.0,46.0,0.94,0.92,0.7
2024-12-11T14:00:00Z,9.8,9.89,0.0,38.0,0.96,0.43,2.2
2024-12-11T15:00:00Z,9.8,9.97,0.0,45.0,0.96,-0.13,3.2
2024-12-11T16:00:00Z,9.7,9.86,0.0,50.0,0.92,-0.59,3.4
2024-12-11T17:00:00Z,9.8,9.86,0.0,48.0,0.88,-0.9,2.8
2024-12-11T18:00:00Z,9.9,9.77,0.0,43.0,0.84,-0.99,1.9
2024-12-11T19:00:00Z,10.2,9.7,0.0,76.0,0.86,-0.77,1.0
2024-12-11T20:00:00Z,10.7,9.7,0.0,85.0,0.9,-0.27,2.6
2024-12-11T21:00:00Z,11.1,9.55,0.0,66.0,0.92,0.35,4.3
2024-12-11T22:00:00Z,11.1,7.8,0.1,73.0,0.86,0.92,4.9
2024-12-11T23:00:00Z,11.4,7.51,0.0,73.0,0.78,1.4,4.5
2024-12-12T00:00:00Z,11.5,8.02,0.0,67.0,0.72,1.68,3.4
2024-12-12T01:00:00Z,11.5,8.25,0.0,76.0,0.78,1.67,1.8
2024-12-12T02:00:00Z,11.4,8.97,0.0,81.0,0.84,1.34,0.4
2024-12-12T03:00:00Z,11.0,9.61,0.0,85.0,0.9,0.84,1.9
2024-12-12T04:00:00Z,10.6,9.85,0.0,79.0,0.94,0.31,2.8
2024-12-12T05:00:00Z,10.5,9.91,0.0,74.0,0.98,-0.13,3.0
2024-12-12T06:00:00Z,10.5,10.14,0.0,62.0,1.02,-0.41,2.6
2024-12-12T07:00:00Z,10.5,10.13,0.0,43.0,1.02,-0.45,1.7
2024-12-12T08:00:00Z,10.5,9.8,0.0,48.0,1.0,-0.19,1.0
2024-12-12T09:00:00Z,10.4,9.37,0.0,67.0,1.0,0.25,2.4
2024-12-12T10:00:00Z,10.7,9.33,0.0,90.0,0.92,0.68,3.1
2024-12-12T11:00:00Z,10.6,8.81,0.0,97.0,0.82,1.05,2.9
2024-12-12T12:00:00Z,10.4,8.23,0.1,95.0,0.74,1.27,2.0
2024-12-12T13:00:00Z,10.1,8.4,0.2,100.0,0.74,1.23,0.6
2024-12-12T14:00:00Z,9.9,8.4,0.2,100.0,0.72,0.87,1.2
2024-12-12T15:00:00Z,9.8,7.86,0.1,100.0,0.72,0.29,2.8
2024-12-12T16:00:00Z,9.8,7.57,0.1,96.0,0.7,-0.32,3.9
2024-12-12T17:00:00Z,9.8,7.21,0.0,96.0,0.66,-0.82,4.1
2024-12-12T18:00:00Z,9.9,6.45,0.0,96.0,0.64,-1.15,3.4
2024-12-12T19:00:00Z,9.9,6.5,0.0,100.0,0.64,-1.23,2.3
2024-12-12T20:00:00Z,9.8,6.95,0.2,100.0,0.64,-0.97,1.3
2024-12-12T21:00:00Z,9.7,7.43,0.2,95.0,0.64,-0.42,2.7
2024-12-12T22:00:00Z,9.0,7.19,0.1,99.0,0.6,0.26,4.3
2024-12-12T23:00:00Z,8.9,6.68,0.0,96.0,0.58,0.91,4.9
2024-12-13T00:00:00Z,8.9,5.42,0.0,76.0,0.54,1.43,4.3
2024-12-13T01:00:00Z,9.0,7.01,0.0,92.0,0.58,1.71,3.1
2024-12-13T02:00:00Z,8.8,8.06,0.0,90.0,0.64,1.62,1.1
2024-12-13T03:00:00Z,8.9,7.61,0.0,68.0,0.68,1.2,1.2
2024-12-13T04:00:00Z,9.0,8.13,0.0,69.0,0.72,0.62,2.8
2024-12-13T05:00:00Z,9.3,8.5,0.0,85.0,0.76,0.04,3.8
2024-12-13T06:00:00Z,9.8,9.03,0.0,75.0,0.8,-0.43,3.8
2024-12-13T07:00:00Z,9.8,9.97,0.1,72.0,0.86,-0.75,3.4
2024-12-13T08:00:00Z,10.0,9.95,0.0,72.0,0.94,-0.79,2.0
2024-12-13T09:00:00Z,10.0,10.19,0.0,62.0,1.0,-0.52,0.6
2024-12-13T10:00:00Z,9.8,9.67,0.0,48.0,1.04,-0.05,2.3
2024-12-13T11:00:00Z,9.7,10.83,0.0,76.0,1.1,0.44,3.4
2024-12-13T12:00:00Z,9.5,10.77,0.0,59.0,1.14,0.86,3.4
2024-12-13T13:00:00Z,9.1,10.9,0.0,11.0,1.16,1.1,2.5
2024-12-13T14:00:00Z,8.7,11.53,0.0,8.0,1.18,1.04,0.9
2024-12-13T15:00:00Z,8.4,11.48,0.0,14.0,1.2,0.67,1.0
2024-12-13T16:00:00Z,8.0,11.46,0.0,23.0,1.24,0.09,2.4
2024-12-13T17:00:00Z,7.7,11.43,0.0,30.0,1.3,-0.51,3.5
2024-12-13T18:00:00Z,7.5,11.17,0.0,48.0,1.34,-0.99,3.5
2024-12-13T19:00:00Z,7.3,11.17,0.0,83.0,1.34,-1.27,2.8
2024-12-13T20:00:00Z,7.2,11.26,0.0,94.0,1.36,-1.28,1.7
2024-12-13T21:00:00Z,7.2,11.15,0.0,92.0,1.36,-0.92,1.5
2024-12-13T22:00:00Z,7.0,10.64,0.0,81.0,1.34,-0.25,3.7
2024-12-13T23:00:00Z,6.7,11.41,0.0,47.0,1.34,0.53,5.4
2024-12-14T00:00:00Z,6.4,11.55,0.0,31.0,1.32,1.25,5.8
2024-12-14T01:00:00Z,6.2,10.93,0.0,25.0,1.26,1.82,5.0
2024-12-14T02:00:00Z,6.2,10.65,0.0,18.0,1.18,2.07,3.4
2024-12-14T03:00:00Z,6.3,10.28,0.0,7.0,1.12,1.93,1.3
2024-12-14T04:00:00Z,6.4,9.66,0.0,5.0,1.08,1.45,1.1
2024-12-14T05:00:00Z,6.6,9.7,0.0,6.0,1.04,0.8,2.9
2024-12-14T06:00:00Z,6.9,9.6,0.0,0.0,1.0,0.15,4.0
2024-12-14T07:00:00Z,7.1,9.22,0.0,0.0,0.96,-0.4,4.2
2024-12-14T08:00:00Z,7.1,9.12,0.0,0.0,0.9,-0.76,3.7
2024-12-14T09:00:00Z,7.1,9.12,0.0,1.0,0.86,-0.83,2.2
2024-12-14T10:00:00Z,7.0,8.31,0.0,1.0,0.86,-0.55,0.6
2024-12-14T11:00:00Z,6.7,8.74,0.0,3.0,0.84,-0.05,2.2
2024-12-14T12:00:00Z,6.6,9.02,0.0,7.0,0.84,0.46,3.1
2024-12-14T13:00:00Z,6.5,9.06,0.0,8.0,0.9,0.88,2.9
2024-12-14T14:00:00Z,6.3,9.53,0.0,1.0,0.94,1.08,1.8
2024-12-14T15:00:00Z,6.2,9.58,0.0,2.0,1.0,0.94,0.0
2024-12-14T16:00:00Z,6.0,9.71,0.0,2.0,1.0,0.47,1.8
2024-12-14T17:00:00Z,5.8,9.78,0.0,4.0,0.98,-0.17,3.5
2024-12-14T18:00:00Z,5.7,9.69,0.0,3.0,0.98,-0.78,4.2
2024-12-14T19:00:00Z,5.6,9.72,0.0,0.0,0.96,-1.25,4.1
2024-12-14T20:00:00Z,5.5,9.68,0.0,0.0,0.94,-1.5,3.1
2024-12-14T21:00:00Z,5.5,9.54,0.0,0.0,0.92,-1.44,1.7
2024-12-14T22:00:00Z,5.7,8.97,0.0,0.0,0.88,-1.0,1.8
2024-12-14T23:00:00Z,5.7,8.47,0.0,0.0,0.86,-0.26,4.2
2024-12-15T00:00:00Z,5.8,8.17,0.0,0.0,0.82,0.56,5.6
2024-12-15T01:00:00Z,5.9,7.96,0.0,0.0,0.8,1.3,5.8
2024-12-15T02:00:00Z,6.0,7.82,0.0,0.0,0.8,1.83,4.7
2024-12-15T03:00:00Z,6.1,7.4,0.0,0.0,0.78,2.0,2.7
2024-12-15T04:00:00Z,6.3,7.27,0.0,0.0,0.72,1.75,0.4
2024-12-15T05:00:00Z,6.6,7.1,0.0,0.0,0.66,1.18,2.2
2024-12-15T06:00:00Z,7.0,7.01,0.0,0.0,0.6,0.49,3.8
2024-12-15T07:00:00Z,7.5,6.93,0.0,0.0,0.58,-0.17,4.7
2024-12-15T08:00:00Z,7.8,6.8,0.0,0.0,0.54,-0.72,4.7
2024-12-15T09:00:00Z,8.0,6.8,0.0,0.0,0.52,-1.05,3.8
2024-12-15T10:00:00Z,8.0,6.43,0.0,0.0,0.52,-1.05,1.9
2024-12-15T11:00:00Z,8.0,6.45,0.0,0.0,0.52,-0.68,0.7
2024-12-15T12:00:00Z,7.9,6.33,0.0,0.0,0.52,-0.14,2.7
2024-12-15T13:00:00Z,7.9,6.17,0.0,0.0,0.5,0.4,3.5
2024-12-15T14:00:00Z,7.9,5.96,0.0,0.0,0.48,0.81,3.1
2024-12-15T15:00:00Z,8.0,5.94,0.0,0.0,0.46,0.96,1.9
2024-12-15T16:00:00Z,8.1,6.12,0.0,0.0,0.46,0.75,0.4
2024-12-15T17:00:00Z,8.2,6.4,0.0,0.0,0.44,0.24,2.2
2024-12-15T18:00:00Z,8.2,6.89,0.0,0.0,0.44,-0.39,3.6
2024-12-15T19:00:00Z,8.3,7.09,0.0,0.0,0.48,-0.96,4.3
2024-12-15T20:00:00Z,8.2,6.93,0.0,0.0,0.52,-1.38,4.0
2024-12-15T21:00:00Z,8.2,7.22,0.0,0.0,0.56,-1.59,3.0
2024-12-15T22:00:00Z,8.5,6.83,0.0,0.0,0.54,-1.47,1.3
2024-12-15T23:00:00Z,8.3,6.67,0.0,0.0,0.54,-0.95,1.9
2024-12-16T00:00:00Z,8.3,6.44,0.0,0.0,0.52,-0.15,4.3
2024-12-16T01:00:00Z,8.2,5.84,0.0,0.0,0.5,0.7,5.4
2024-12-16T02:00:00Z,8.2,5.21,0.0,0.0,0.46,1.42,5.2
2024-12-16T03:00:00Z,8.2,4.9,0.0,0.0,0.44,1.89,3.8
2024-12-16T04:00:00Z,8.3,4.79,0.0,0.0,0.42,1.97,1.7
2024-12-16T05:00:00Z,8.5,4.62,0.0,0.0,0.42,1.64,1.1
2024-12-16T06:00:00Z,8.8,4.42,0.0,0.0,0.4,1.02,3.4
2024-12-16T07:00:00Z,9.2,4.24,0.0,0.0,0.36,0.33,5.1
2024-12-16T08:00:00Z,9.6,4.16,0.0,0.0,0.34,-0.31,5.6
2024-12-16T09:00:00Z,9.9,4.17,0.0,0.0,0.3,-0.81,5.4
2024-12-16T10:00:00Z,10.1,4.14,0.0,0.0,0.26,-1.07,4.5
2024-12-16T11:00:00Z,10.2,3.57,0.0,0.0,0.24,-0.97,2.2
2024-12-16T12:00:00Z,10.3,3.15,0.0,0.0,0.2,-0.52,0.8
2024-12-16T13:00:00Z,10.3,2.85,0.0,0.0,0.18,0.05,2.3
2024-12-16T14:00:00Z,10.3,2.67,0.0,0.0,0.16,0.56,2.9
2024-12-16T15:00:00Z,10.3,2.65,0.0,0.0,0.14,0.91,2.2
2024-12-16T16:00:00Z,10.2,2.62,0.0,0.0,0.12,0.97,0.7
2024-12-16T17:00:00Z,10.2,2.5,0.0,0.0,0.08,0.69,1.1
2024-12-16T18:00:00Z,10.1,2.45,0.0,0.0,0.06,0.15,2.9
2024-12-16T19:00:00Z,10.0,2.74,0.0,0.0,0.08,-0.49,4.0
2024-12-16T20:00:00Z,10.0,2.87,0.0,0.0,0.08,-1.04,4.6
2024-12-16T21:00:00Z,10.0,2.65,0.0,0.0,0.1,-1.42,4.1
2024-12-16T22:00:00Z,10.2,1.89,0.0,3.0,0.1,-1.55,3.0
2024-12-16T23:00:00Z,10.1,0.89,0.0,0.0,0.08,-1.32,1.5
2024-12-17T00:00:00Z,10.1,0.54,0.0,0.0,0.08,-0.69,2.6
2024-12-17T01:00:00Z,10.2,0.43,0.0,0.0,0.08,0.16,4.9
2024-12-17T02:00:00Z,10.2,0.21,0.0,0.0,0.08,0.99,5.8
2024-12-17T03:00:00Z,10.2,0.25,0.0,0.0,0.08,1.64,5.0
2024-12-17T04:00:00Z,10.2,0.96,0.0,0.0,0.06,2.01,3.6
2024-12-17T05:00:00Z,10.2,1.81,0.0,0.0,0.06,1.97,1.3
2024-12-17T06:00:00Z,10.3,2.9,0.0,59.0,0.04,1.57,1.1
2024-12-17T07:00:00Z,10.3,2.35,0.0,95.0,0.04,0.93,3.2
2024-12-17T08:00:00Z,10.5,1.72,0.0,97.0,0.06,0.26,4.5
2024-12-17T09:00:00Z,10.6,1.5,0.0,97.0,0.06,-0.34,5.1
2024-12-17T10:00:00Z,10.5,1.1,0.0,100.0,0.06,-0.77,4.6
2024-12-17T11:00:00Z,10.6,1.08,0.0,96.0,0.04,-0.93,3.2
2024-12-17T12:00:00Z,10.7,1.67,0.0,95.0,0.04,-0.72,1.0
2024-12-17T13:00:00Z,10.8,1.75,0.0,98.0,0.04,-0.22,1.6
2024-12-17T14:00:00Z,10.8,2.06,0.0,92.0,0.06,0.34,2.9
2024-12-17T15:00:00Z,10.6,2.5,0.0,9.0,0.06,0.78,2.9
2024-12-17T16:00:00Z,10.4,2.93,0.0,0.0,0.06,1.03,2.0
2024-12-17T17:00:00Z,10.2,4.0,0.0,0.0,0.06,0.99,0.4
2024-12-17T18:00:00Z,10.0,5.23,0.0,0.0,0.06,0.64,1.1
2024-12-17T19:00:00Z,9.7,6.25,0.0,0.0,0.22,0.08,2.8
2024-12-17T20:00:00Z,9.4,7.01,0.0,0.0,0.38,-0.53,3.8
2024-12-17T21:00:00Z,9.1,7.79,0.0,0.0,0.54,-1.01,4.0
2024-12-17T22:00:00Z,9.5,7.27,0.0,0.0,0.58,-1.29,3.2
2024-12-17T23:00:00Z,9.2,7.47,0.0,18.0,0.62,-1.31,2.2
2024-12-18T00:00:00Z,8.9,8.15,0.0,16.0,0.66,-0.96,2.1
2024-12-18T01:00:00Z,8.7,8.72,0.0,6.0,0.7,-0.24,4.0
2024-12-18T02:00:00Z,8.6,9.2,0.0,11.0,0.76,0.62,5.8
2024-12-18T03:00:00Z,8.5,9.39,0.0,7.0,0.8,1.37,6.3
2024-12-18T04:00:00Z,8.4,9.72,0.0,16.0,0.84,1.91,5.4
2024-12-18T05:00:00Z,8.4,10.26,0.0,40.0,0.86,2.15,3.8
2024-12-18T06:00:00Z,8.3,10.59,0.0,55.0,0.9,2.04,1.8
2024-12-18T07:00:00Z,8.0,11.3,0.0,29.0,1.02,1.58,0.5
2024-12-18T08:00:00Z,7.6,11.92,0.1,22.0,1.16,0.94,2.1
2024-12-18T09:00:00Z,7.2,12.08,0.0,19.0,1.28,0.29,3.4
2024-12-18T10:00:00Z,7.2,10.88,0.0,28.0,1.32,-0.27,3.5
2024-12-18T11:00:00Z,6.9,11.81,0.0,31.0,1.38,-0.63,3.1
2024-12-18T12:00:00Z,6.7,12.26,0.0,42.0,1.42,-0.7,1.9
2024-12-18T13:00:00Z,6.8,11.65,0.0,81.0,1.36,-0.41,1.3
2024-12-18T14:00:00Z,7.0,10.87,0.0,99.0,1.32,0.1,2.9
2024-12-18T15:00:00Z,7.3,10.49,0.0,99.0,1.26,0.6,3.8
2024-12-18T16:00:00Z,7.5,10.22,0.0,99.0,1.2,0.96,3.2
2024-12-18T17:00:00Z,7.6,10.09,0.0,99.0,1.12,1.13,2.0
2024-12-18T18:00:00Z,7.3,10.04,0.0,99.0,1.06,1.01,0.4
2024-12-18T19:00:00Z,7.1,10.38,0.0,97.0,1.1,0.61,1.4
2024-12-18T20:00:00Z,7.0,10.4,0.0,96.0,1.14,0.05,2.9
2024-12-18T21:00:00Z,7.2,10.24,0.0,97.0,1.18,-0.52,3.7
2024-12-18T22:00:00Z,6.1,9.84,0.0,97.0,1.16,-0.95,3.6
2024-12-18T23:00:00Z,6.3,10.29,0.0,98.0,1.16,-1.15,2.9
2024-12-19T00:00:00Z,6.5,10.14,0.0,98.0,1.14,-1.07,1.7
2024-12-19T01:00:00Z,6.7,9.95,0.0,92.0,1.06,-0.63,2.2
2024-12-19T02:00:00Z,7.1,9.58,0.0,97.0,1.0,0.09,4.1
2024-12-19T03:00:00Z,7.8,9.0,0.0,99.0,0.92,0.85,5.4
2024-12-19T04:00:00Z,8.4,8.26,0.0,99.0,0.84,1.46,5.2
2024-12-19T05:00:00Z,8.9,7.87,0.0,98.0,0.74,1.85,4.0
2024-12-19T06:00:00Z,9.2,7.62,0.0,99.0,0.66,1.94,2.2
2024-12-19T07:00:00Z,9.4,7.37,0.0,99.0,0.64,1.7,0.2
2024-12-19T08:00:00Z,9.3,7.31,0.0,100.0,0.62,1.17,2.2
2024-12-19T09:00:00Z,9.2,7.22,0.0,99.0,0.6,0.52,3.9
2024-12-19T10:00:00Z,8.4,7.43,0.0,78.0,0.62,-0.1,4.6
2024-12-19T11:00:00Z,8.0,8.5,0.0,92.0,0.64,-0.57,4.5
2024-12-19T12:00:00Z,7.7,8.66,0.0,96.0,0.66,-0.83,3.7
2024-12-19T13:00:00Z,7.6,7.68,0.0,98.0,0.64,-0.8,2.2
2024-12-19T14:00:00Z,7.7,6.85,0.0,95.0,0.6,-0.46,1.2
2024-12-19T15:00:00Z,8.0,6.65,0.0,100.0,0.58,-0.01,2.4
2024-12-19T16:00:00Z,8.3,6.99,0.0,100.0,0.58,0.37,2.9
2024-12-19T17:00:00Z,8.4,7.24,0.0,95.0,0.58,0.61,2.2
2024-12-19T18:00:00Z,8.5,7.14,0.0,67.0,0.58,0.67,1.1
2024-12-19T19:00:00Z,8.4,6.64,0.0,7.0,0.54,0.5,0.2
2024-12-19T20:00:00Z,8.4,5.71,0.0,8.0,0.5,0.11,1.5
2024-12-19T21:00:00Z,8.5,4.66,0.0,6.0,0.46,-0.39,2.7
2024-12-19T22:00:00Z,9.1,3.55,0.0,4.0,0.42,-0.86,3.2
2024-12-19T23:00:00Z,9.1,4.0,0.0,12.0,0.4,-1.15,3.0
2024-12-20T00:00:00Z,9.0,5.06,0.0,16.0,0.36,-1.22,2.1
2024-12-20T01:00:00Z,8.7,5.56,0.0,6.0,0.36,-1.01,1.9
2024-12-20T02:00:00Z,8.4,5.8,0.0,3.0,0.38,-0.5,3.1
2024-12-20T03:00:00Z,8.4,5.73,0.0,0.0,0.38,0.21,4.6
2024-12-20T04:00:00Z,8.4,5.28,0.0,0.0,0.38,0.86,5.3
2024-12-20T05:00:00Z,8.5,5.26,0.0,0.0,0.4,1.35,4.7
2024-12-20T06:00:00Z,8.6,5.36,0.0,0.0,0.4,1.63,3.2
2024-12-20T07:00:00Z,8.7,4.53,0.0,0.0,0.38,1.66,1.6
2024-12-20T08:00:00Z,8.9,3.94,0.0,0.0,0.36,1.37,0.5
2024-12-20T09:00:00Z,9.0,3.89,0.0,0.0,0.34,0.86,2.3
2024-12-20T10:00:00Z,8.8,3.61,0.0,0.0,0.3,0.28,3.5
2024-12-20T11:00:00Z,8.8,3.76,0.0,0.0,0.26,-0.21,3.7
2024-12-20T12:00:00Z,8.8,3.81,0.0,0.0,0.22,-0.54,3.2
2024-12-20T13:00:00Z,8.7,3.55,0.0,0.0,0.22,-0.66,2.0
2024-12-20T14:00:00Z,8.6,3.5,0.0,0.0,0.24,-0.51,1.5
2024-12-20T15:00:00Z,8.5,4.07,0.0,0.0,0.24,-0.12,2.3
2024-12-20T16:00:00Z,8.3,4.94,0.0,0.0,0.28,0.32,3.5
2024-12-20T17:00:00Z,8.2,5.91,0.0,0.0,0.3,0.65,3.6
2024-12-20T18:00:00Z,8.1,6.85,0.0,0.0,0.34,0.82,2.7
2024-12-20T19:00:00Z,7.9,7.36,0.0,0.0,0.42,0.83,1.5
2024-12-20T20:00:00Z,7.6,7.71,0.0,0.0,0.48,0.64,0.0
2024-12-20T21:00:00Z,7.2,8.14,0.0,0.0,0.56,0.25,1.3
2024-12-20T22:00:00Z,6.7,8.39,0.0,1.0,0.62,-0.23,2.4
2024-12-20T23:00:00Z,6.4,8.84,0.0,1.0,0.68,-0.62,2.6
2024-12-21T00:00:00Z,6.1,8.93,0.0,1.0,0.74,-0.82,2.2
2024-12-21T01:00:00Z,5.9,9.13,0.0,0.0,0.8,-0.8,1.4
2024-12-21T02:00:00Z,6.0,9.59,0.0,0.0,0.86,-0.53,1.8
2024-12-21T03:00:00Z,6.4,9.76,0.0,3.0,0.92,-0.01,3.1
2024-12-21T04:00:00Z,6.9,10.2,0.0,6.0,0.92,0.61,4.4
2024-12-21T05:00:00Z,7.2,10.34,0.0,28.0,0.94,1.13,4.9
2024-12-21T06:00:00Z,7.2,10.18,0.0,13.0,0.94,1.48,4.1
2024-12-21T07:00:00Z,7.2,10.16,0.0,2.0,0.94,1.65,2.9
2024-12-21T08:00:00Z,7.1,10.44,0.0,8.0,0.96,1.59,1.3
2024-12-21T09:00:00Z,6.8,10.37,0.0,14.0,0.96,1.27,0.5
2024-12-21T10:00:00Z,6.4,9.79,0.0,16.0,0.96,0.75,2.0
2024-12-21T11:00:00Z,6.0,9.74,0.0,21.0,0.98,0.22,3.0
2024-12-21T12:00:00Z,5.7,9.69,0.0,43.0,0.98,-0.21,3.0
2024-12-21T13:00:00Z,5.6,9.81,0.0,57.0,0.96,-0.46,2.3
2024-12-21T14:00:00Z,5.8,9.5,0.0,97.0,0.96,-0.5,1.3
2024-12-21T15:00:00Z,5.8,9.82,0.0,90.0,0.94,-0.28,0.9
2024-12-21T16:00:00Z,5.5,10.22,0.0,86.0,0.94,0.1,2.2
2024-12-21T17:00:00Z,5.2,10.3,0.0,49.0,0.94,0.49,2.9
2024-12-21T18:00:00Z,5.0,10.47,0.0,69.0,0.94,0.74,2.7
2024-12-21T19:00:00Z,4.8,10.84,0.0,61.0,1.0,0.85,1.8
2024-12-21T20:00:00Z,4.7,10.71,0.0,97.0,1.08,0.82,0.7
2024-12-21T21:00:00Z,4.7,10.51,0.0,95.0,1.14,0.6,0.5
2024-12-21T22:00:00Z,4.9,9.73,0.0,96.0,1.14,0.19,2.0
2024-12-21T23:00:00Z,4.9,10.14,0.0,95.0,1.14,-0.26,2.8
2024-12-22T00:00:00Z,5.1,10.38,0.0,36.0,1.14,-0.59,3.0
2024-12-22T01:00:00Z,5.3,10.15,0.0,22.0,1.08,-0.73,2.3
2024-12-22T02:00:00Z,5.7,9.6,0.0,100.0,1.04,-0.68,1.6
2024-12-22T03:00:00Z,6.1,9.29,0.0,100.0,0.98,-0.41,1.5
2024-12-22T04:00:00Z,6.6,8.81,0.0,100.0,0.94,0.07,2.6
2024-12-22T05:00:00Z,7.1,8.4,0.0,100.0,0.9,0.59,3.5
2024-12-22T06:00:00Z,7.4,8.5,0.0,99.0,0.86,0.99,3.6
2024-12-22T07:00:00Z,7.8,8.46,0.0,98.0,0.82,1.23,2.9
2024-12-22T08:00:00Z,8.0,8.06,0.0,96.0,0.8,1.31,1.6
2024-12-22T09:00:00Z,8.1,7.52,0.0,86.0,0.76,1.17,0.2
2024-12-22T10:00:00Z,7.9,6.26,0.0,95.0,0.7,0.83,1.3
2024-12-22T11:00:00Z,8.1,6.59,0.0,90.0,0.62,0.34,2.8
2024-12-22T12:00:00Z,8.3,6.8,0.0,72.0,0.56,-0.15,3.4
2024-12-22T13:00:00Z,8.5,7.12,0.0,80.0,0.52,-0.49,3.2
2024-12-22T14:00:00Z,8.7,7.01,0.0,99.0,0.5,-0.67,2.6
2024-12-22T15:00:00Z,8.8,7.5,0.0,100.0,0.46,-0.68,1.7
2024-12-22T16:00:00Z,8.5,7.77,0.0,98.0,0.48,-0.49,1.1
2024-12-22T17:00:00Z,8.2,7.34,0.0,95.0,0.5,-0.15,1.6
2024-12-22T18:00:00Z,8.1,7.39,0.0,98.0,0.52,0.16,2.2
2024-12-22T19:00:00Z,8.2,7.32,0.0,100.0,0.54,0.36,2.0
2024-12-22T20:00:00Z,8.3,7.56,0.0,100.0,0.56,0.49,1.4
2024-12-22T21:00:00Z,8.4,7.76,0.0,100.0,0.58,0.49,0.5
2024-12-22T22:00:00Z,8.3,7.41,0.0,100.0,0.56,0.32,0.4
2024-12-22T23:00:00Z,8.6,7.69,0.0,90.0,0.54,0.0,1.6
2024-12-23T00:00:00Z,8.9,7.02,0.0,98.0,0.52,-0.35,2.3
2024-12-23T01:00:00Z,9.1,6.86,0.0,95.0,0.48,-0.59,2.2
2024-12-23T02:00:00Z,9.2,6.86,0.0,94.0,0.44,-0.67,1.7
2024-12-23T03:00:00Z,9.3,6.79,0.0,57.0,0.4,-0.59,1.5
2024-12-23T04:00:00Z,9.2,6.98,0.0,87.0,0.42,-0.32,1.8
2024-12-23T05:00:00Z,9.1,7.18,0.0,93.0,0.46,0.09,2.7
2024-12-23T06:00:00Z,9.0,7.27,0.0,92.0,0.48,0.52,3.5
2024-12-23T07:00:00Z,8.9,7.36,0.0,89.0,0.52,0.81,3.3
2024-12-23T08:00:00Z,8.9,7.45,0.0,92.0,0.56,0.99,2.5
2024-12-23T09:00:00Z,9.0,7.51,0.0,98.0,0.6,1.06,1.6
2024-12-23T10:00:00Z,9.2,7.07,0.0,92.0,0.6,0.95,0.4
2024-12-23T11:00:00Z,9.2,7.6,0.0,98.0,0.62,0.63,1.0
2024-12-23T12:00:00Z,9.2,7.56,0.0,92.0,0.62,0.2,2.2
2024-12-23T13:00:00Z,9.3,7.16,0.0,95.0,0.6,-0.2,2.6
2024-12-23T14:00:00Z,9.3,7.41,0.0,85.0,0.56,-0.49,2.3
2024-12-23T15:00:00Z,9.3,7.8,0.0,75.0,0.54,-0.62,1.5
2024-12-23T16:00:00Z,9.2,8.07,0.0,87.0,0.54,-0.56,1.1
2024-12-23T17:00:00Z,9.0,8.02,0.0,68.0,0.56,-0.31,1.7
2024-12-23T18:00:00Z,8.9,7.92,0.0,37.0,0.56,0.05,2.6
2024-12-23T19:00:00Z,8.8,7.92,0.0,64.0,0.6,0.37,3.1
2024-12-23T20:00:00Z,8.7,7.98,0.0,69.0,0.64,0.61,2.9
2024-12-23T21:00:00Z,8.7,7.77,0.0,4.0,0.68,0.78,2.4
2024-12-23T22:00:00Z,8.4,6.64,0.0,10.0,0.66,0.83,1.5
2024-12-23T23:00:00Z,8.4,6.88,0.0,7.0,0.64,0.69,0.6
2024-12-24T00:00:00Z,8.6,6.56,0.0,8.0,0.62,0.4,1.2
2024-12-24T01:00:00Z,8.8,5.89,0.0,0.0,0.56,0.07,1.9
2024-12-24T02:00:00Z,9.1,4.97,0.0,0.0,0.5,-0.16,2.0
2024-12-24T03:00:00Z,9.3,4.56,0.0,0.0,0.44,-0.27,1.7
2024-12-24T04:00:00Z,9.4,4.24,0.0,0.0,0.4,-0.24,1.6
2024-12-24T05:00:00Z,9.5,4.16,0.0,0.0,0.38,-0.05,1.6
2024-12-24T06:00:00Z,9.6,4.96,0.0,0.0,0.34,0.28,2.2
2024-12-24T07:00:00Z,9.5,5.51,0.0,0.0,0.38,0.61,2.7
2024-12-24T08:00:00Z,9.5,5.75,0.0,0.0,0.42,0.83,2.6
2024-12-24T09:00:00Z,9.5,5.61,0.0,5.0,0.46,0.96,2.0
2024-12-24T10:00:00Z,9.4,4.57,0.0,1.0,0.42,1.0,1.1
2024-12-24T11:00:00Z,9.6,3.87,0.0,5.0,0.36,0.87,0.4
2024-12-24T12:00:00Z,9.7,3.62,0.0,4.0,0.32,0.54,1.4
2024-12-24T13:00:00Z,9.9,3.89,0.0,3.0,0.3,0.1,2.4
2024-12-24T14:00:00Z,10.0,3.79,0.0,3.0,0.26,-0.3,2.8
2024-12-24T15:00:00Z,10.2,3.82,0.0,2.0,0.24,-0.58,2.4
2024-12-24T16:00:00Z,10.4,3.47,0.0,4.0,0.22,-0.72,1.8
2024-12-24T17:00:00Z,10.5,3.37,0.0,1.0,0.18,-0.67,1.3
2024-12-24T18:00:00Z,10.6,3.62,0.0,7.0,0.16,-0.43,1.4
2024-12-24T19:00:00Z,10.7,3.78,0.0,6.0,0.16,-0.07,2.3
2024-12-24T20:00:00Z,10.8,3.61,0.0,20.0,0.16,0.26,2.7
2024-12-24T21:00:00Z,10.8,3.21,0.0,23.0,0.16,0.53,2.5
2024-12-24T22:00:00Z,10.9,2.57,0.0,100.0,0.14,0.74,2.2
2024-12-24T23:00:00Z,10.9,2.95,0.0,100.0,0.12,0.82,1.3
2024-12-25T00:00:00Z,11.0,4.13,0.0,80.0,0.1,0.68,0.6
2024-12-25T01:00:00Z,11.0,4.9,0.0,52.0,0.1,0.4,1.3
2024-12-25T02:00:00Z,11.1,4.28,0.0,50.0,0.1,0.07,1.9
2024-12-25T03:00:00Z,11.2,3.08,0.0,30.0,0.1,-0.18,1.9
2024-12-25T04:00:00Z,11.2,2.15,0.0,20.0,0.1,-0.33,1.7
2024-12-25T05:00:00Z,11.2,1.15,0.0,35.0,0.08,-0.34,1.3
2024-12-25T06:00:00Z,11.2,0.51,0.0,37.0,0.08,-0.19,0.9
2024-12-25T07:00:00Z,11.2,0.65,0.0,33.0,0.08,0.1,1.6
2024-12-25T08:00:00Z,11.0,0.64,0.0,31.0,0.1,0.39,2.2
2024-12-25T09:00:00Z,10.7,2.1,0.0,50.0,0.1,0.6,2.2
2024-12-25T10:00:00Z,10.8,3.33,0.0,73.0,0.08,0.75,1.6
2024-12-25T11:00:00Z,10.7,3.66,0.0,67.0,0.08,0.81,0.9
2024-12-25T12:00:00Z,10.5,3.94,0.0,38.0,0.06,0.67,0.3
2024-12-25T13:00:00Z,10.3,4.52,0.0,28.0,0.12,0.34,1.4
2024-12-25T14:00:00Z,10.0,4.64,0.0,23.0,0.16,-0.09,2.3
2024-12-25T15:00:00Z,9.8,4.65,0.0,20.0,0.22,-0.47,2.7
2024-12-25T16:00:00Z,9.6,5.08,0.0,16.0,0.24,-0.73,2.2
2024-12-25T17:00:00Z,9.5,5.31,0.0,27.0,0.28,-0.85,1.7
2024-12-25T18:00:00Z,9.3,6.31,0.0,11.0,0.3,-0.77,1.1
2024-12-25T19:00:00Z,9.1,7.21,0.0,12.0,0.34,-0.47,1.8
2024-12-25T20:00:00Z,8.9,7.43,0.0,15.0,0.38,-0.05,3.0
2024-12-25T21:00:00Z,8.7,7.31,0.0,14.0,0.42,0.35,3.5
2024-12-25T22:00:00Z,8.1,6.79,0.0,14.0,0.44,0.71,3.6
2024-12-25T23:00:00Z,8.0,7.18,0.0,23.0,0.48,1.01,3.3
2024-12-26T00:00:00Z,7.9,7.05,0.0,21.0,0.5,1.16,2.4
2024-12-26T01:00:00Z,7.8,7.34,0.0,25.0,0.5,1.06,1.2
2024-12-26T02:00:00Z,7.9,7.1,0.0,22.0,0.5,0.77,0.7
2024-12-26T03:00:00Z,8.1,6.65,0.0,18.0,0.5,0.43,1.4
2024-12-26T04:00:00Z,8.4,6.46,0.0,8.0,0.48,0.14,1.7
2024-12-26T05:00:00Z,8.7,6.63,0.0,7.0,0.48,-0.07,1.3
2024-12-26T06:00:00Z,9.0,6.68,0.0,4.0,0.46,-0.15,1.2
2024-12-26T07:00:00Z,9.3,7.15,0.0,9.0,0.52,-0.04,1.0
2024-12-26T08:00:00Z,9.3,8.06,0.0,4.0,0.56,0.23,1.7
2024-12-26T09:00:00Z,9.1,8.86,0.0,2.0,0.62,0.51,2.5
2024-12-26T10:00:00Z,8.8,8.39,0.0,8.0,0.72,0.74,2.7
2024-12-26T11:00:00Z,8.3,9.39,0.0,10.0,0.8,0.93,2.3
2024-12-26T12:00:00Z,8.0,9.19,0.0,2.0,0.9,1.0,1.5
2024-12-26T13:00:00Z,7.9,8.44,0.0,10.0,0.86,0.85,0.5
2024-12-26T14:00:00Z,7.9,8.07,0.0,9.0,0.8,0.49,1.2
2024-12-26T15:00:00Z,7.9,8.06,0.0,2.0,0.76,0.04,2.2
2024-12-26T16:00:00Z,8.0,7.91,0.0,8.0,0.74,-0.38,2.5
2024-12-26T17:00:00Z,7.9,7.6,0.0,5.0,0.7,-0.66,2.2
2024-12-26T18:00:00Z,7.9,7.53,0.0,11.0,0.68,-0.78,1.7
2024-12-26T19:00:00Z,7.8,7.45,0.0,13.0,0.68,-0.68,1.1
2024-12-26T20:00:00Z,7.6,7.3,0.0,17.0,0.7,-0.35,1.7
2024-12-26T21:00:00Z,7.4,7.38,0.0,27.0,0.7,0.08,3.0
2024-12-26T22:00:00Z,7.3,6.87,0.0,45.0,0.64,0.51,3.5
2024-12-26T23:00:00Z,7.2,6.28,0.0,68.0,0.58,0.92,3.4
2024-12-27T00:00:00Z,7.2,6.3,0.0,63.0,0.52,1.23,2.9
2024-12-27T01:00:00Z,7.2,6.54,0.0,68.0,0.52,1.33,1.8
2024-12-27T02:00:00Z,7.2,6.38,0.0,63.0,0.52,1.14,0.7
2024-12-27T03:00:00Z,7.1,6.27,0.0,75.0,0.52,0.76,1.5
2024-12-27T04:00:00Z,7.0,6.3,0.0,64.0,0.52,0.33,2.4
2024-12-27T05:00:00Z,6.9,6.51,0.0,51.0,0.5,-0.04,2.7
2024-12-27T06:00:00Z,6.9,7.07,0.0,79.0,0.5,-0.32,2.6
2024-12-27T07:00:00Z,7.0,6.65,0.0,98.0,0.48,-0.44,2.1
2024-12-27T08:00:00Z,7.1,6.04,0.0,100.0,0.44,-0.36,1.1
2024-12-27T09:00:00Z,7.2,6.18,0.0,94.0,0.42,-0.1,1.3
2024-12-27T10:00:00Z,7.3,5.85,0.0,56.0,0.44,0.19,2.1
2024-12-27T11:00:00Z,7.4,5.69,0.0,80.0,0.44,0.46,2.0
2024-12-27T12:00:00Z,7.4,6.15,0.0,72.0,0.46,0.67,1.7
2024-12-27T13:00:00Z,7.2,6.62,0.0,50.0,0.52,0.71,0.8
2024-12-27T14:00:00Z,7.1,7.09,0.0,34.0,0.58,0.5,0.6
2024-12-27T15:00:00Z,6.9,7.22,0.0,10.0,0.64,0.09,2.1
2024-12-27T16:00:00Z,6.8,7.86,0.0,7.0,0.7,-0.39,3.0
2024-12-27T17:00:00Z,6.6,9.03,0.0,2.0,0.78,-0.8,3.2
2024-12-27T18:00:00Z,6.3,9.73,0.0,0.0,0.84,-1.06,2.7
2024-12-27T19:00:00Z,6.1,10.17,0.0,0.0,0.9,-1.13,1.7
2024-12-27T20:00:00Z,5.7,10.44,0.0,0.0,0.98,-0.96,0.9
2024-12-27T21:00:00Z,5.3,10.45,0.0,0.0,1.04,-0.52,2.3
2024-12-27T22:00:00Z,4.6,10.19,0.0,0.0,1.08,0.02,3.6
2024-12-27T23:00:00Z,4.2,9.96,0.0,0.0,1.1,0.56,4.3
2024-12-28T00:00:00Z,3.9,10.02,0.0,0.0,1.14,1.03,4.1
2024-12-28T01:00:00Z,3.6,10.33,0.0,2.0,1.14,1.35,3.2
2024-12-28T02:00:00Z,3.5,10.49,0.0,0.0,1.16,1.4,1.8
2024-12-28T03:00:00Z,3.5,10.49,0.0,0.0,1.16,1.14,0.4
2024-12-28T04:00:00Z,3.7,10.15,0.0,0.0,1.1,0.68,1.7
2024-12-28T05:00:00Z,4.0,9.65,0.0,0.0,1.02,0.19,2.8
2024-12-28T06:00:00Z,4.4,9.14,0.0,0.0,0.96,-0.24,2.9
2024-12-28T07:00:00Z,4.8,8.68,0.0,0.0,0.9,-0.54,2.6
2024-12-28T08:00:00Z,5.0,8.23,0.0,0.0,0.82,-0.65,1.7
2024-12-28T09:00:00Z,5.2,8.0,0.0,0.0,0.76,-0.49,0.4
2024-12-28T10:00:00Z,5.4,7.41,0.0,0.0,0.74,-0.15,1.6
2024-12-28T11:00:00Z,5.3,6.97,0.0,0.0,0.7,0.22,2.7
2024-12-28T12:00:00Z,5.2,6.36,0.0,0.0,0.68,0.56,2.7
2024-12-28T13:00:00Z,5.1,5.59,0.0,0.0,0.62,0.81,2.2
2024-12-28T14:00:00Z,5.0,4.59,0.0,0.0,0.54,0.84,1.2
2024-12-28T15:00:00Z,5.0,4.07,0.0,0.0,0.48,0.58,0.6
2024-12-28T16:00:00Z,4.9,3.69,0.0,0.0,0.42,0.1,2.2
2024-12-28T17:00:00Z,4.9,3.55,0.0,0.0,0.36,-0.43,3.1
2024-12-28T18:00:00Z,4.9,3.74,0.0,0.0,0.3,-0.87,3.3
2024-12-28T19:00:00Z,5.0,3.83,0.0,0.0,0.28,-1.15,3.0
2024-12-28T20:00:00Z,5.0,3.91,0.0,0.0,0.28,-1.21,2.1
2024-12-28T21:00:00Z,5.1,4.03,0.0,0.0,0.26,-0.98,1.3
2024-12-28T22:00:00Z,5.7,3.37,0.0,0.0,0.24,-0.47,2.2
2024-12-28T23:00:00Z,5.6,2.29,0.0,0.0,0.22,0.16,3.5
2024-12-29T00:00:00Z,5.7,1.12,0.0,0.0,0.2,0.76,4.0
2024-12-29T01:00:00Z,5.7,0.25,0.0,0.0,0.18,1.26,3.5
2024-12-29T02:00:00Z,5.8,0.1,0.0,0.0,0.16,1.54,2.4
2024-12-29T03:00:00Z,5.9,0.75,0.0,0.0,0.14,1.49,0.8
2024-12-29T04:00:00Z,6.0,1.04,0.0,0.0,0.12,1.11,1.6
2024-12-29T05:00:00Z,6.2,0.9,0.0,0.0,0.1,0.55,3.4
2024-12-29T06:00:00Z,6.2,0.5,0.0,0.0,0.08,-0.02,4.2
2024-12-29T07:00:00Z,6.3,0.29,0.0,0.0,0.08,-0.5,4.4
2024-12-29T08:00:00Z,6.4,1.46,0.0,0.0,0.1,-0.83,3.7
2024-12-29T09:00:00Z,6.5,3.27,0.0,0.0,0.1,-0.9,2.3
2024-12-29T10:00:00Z,6.8,4.2,0.0,0.0,0.14,-0.68,0.4
2024-12-29T11:00:00Z,7.2,4.98,0.0,1.0,0.18,-0.28,1.6
2024-12-29T12:00:00Z,7.6,5.96,0.0,0.0,0.22,0.14,2.4
2024-12-29T13:00:00Z,7.9,6.49,0.0,0.0,0.3,0.49,2.3
2024-12-29T14:00:00Z,8.2,6.95,0.0,0.0,0.36,0.68,1.5
2024-12-29T15:00:00Z,8.5,7.46,0.0,0.0,0.44,0.61,1.1
2024-12-29T16:00:00Z,8.8,7.8,0.0,0.0,0.44,0.24,2.1
2024-12-29T17:00:00Z,9.1,8.03,0.0,0.0,0.44,-0.3,3.6
2024-12-29T18:00:00Z,9.2,7.9,0.0,0.0,0.44,-0.84,4.5
2024-12-29T19:00:00Z,9.3,7.43,0.0,2.0,0.44,-1.25,4.5
2024-12-29T20:00:00Z,9.3,7.28,0.0,1.0,0.42,-1.46,3.8
2024-12-29T21:00:00Z,9.3,6.85,0.0,6.0,0.42,-1.42,2.3
2024-12-29T22:00:00Z,9.7,5.74,0.0,2.0,0.36,-1.04,0.2
2024-12-29T23:00:00Z,9.7,4.99,0.0,1.0,0.3,-0.39,2.2
2024-12-30T00:00:00Z,9.8,4.47,0.0,7.0,0.24,0.34,3.6
2024-12-30T01:00:00Z,9.8,4.51,0.0,3.0,0.24,1.0,3.8
2024-12-30T02:00:00Z,9.7,4.49,0.0,5.0,0.24,1.49,3.1
2024-12-30T03:00:00Z,9.4,5.07,0.0,8.0,0.24,1.69,1.7
2024-12-30T04:00:00Z,9.1,5.64,0.0,8.0,0.28,1.53,0.6
2024-12-30T05:00:00Z,9.1,6.02,0.0,15.0,0.32,1.06,2.5
2024-12-30T06:00:00Z,9.3,5.75,0.0,21.0,0.36,0.45,4.1
2024-12-30T07:00:00Z,9.6,5.26,0.0,33.0,0.36,-0.13,4.9
2024-12-30T08:00:00Z,10.0,4.73,0.0,34.0,0.36,-0.59,4.9
2024-12-30T09:00:00Z,10.2,4.65,0.0,37.0,0.36,-0.86,4.0
2024-12-30T10:00:00Z,10.7,4.84,0.0,30.0,0.34,-0.83,2.2
2024-12-30T11:00:00Z,10.8,5.16,0.0,23.0,0.3,-0.48,0.2
2024-12-30T12:00:00Z,10.5,5.76,0.0,6.0,0.28,0.02,2.0
2024-12-30T13:00:00Z,10.3,6.13,0.0,2.0,0.3,0.5,2.7
2024-12-30T14:00:00Z,10.1,6.58,0.0,0.0,0.34,0.84,2.2
2024-12-30T15:00:00Z,9.9,6.99,0.0,0.0,0.36,0.99,1.1
2024-12-30T16:00:00Z,9.8,7.45,0.0,0.0,0.4,0.84,0.6
2024-12-30T17:00:00Z,9.7,7.5,0.0,0.0,0.42,0.41,2.2
2024-12-30T18:00:00Z,9.3,8.16,0.0,0.0,0.46,-0.16,3.6
2024-12-30T19:00:00Z,8.7,8.81,0.0,0.0,0.54,-0.68,4.2
2024-12-30T20:00:00Z,8.0,8.54,0.0,0.0,0.6,-1.04,3.9
2024-12-30T21:00:00Z,7.5,8.24,0.0,0.0,0.68,-1.19,2.7
2024-12-30T22:00:00Z,7.3,7.93,0.0,0.0,0.68,-1.04,1.4
2024-12-30T23:00:00Z,7.2,7.97,0.0,0.0,0.7,-0.5,2.3
2024-12-31T00:00:00Z,7.2,8.04,0.0,0.0,0.7,0.26,4.4
2024-12-31T01:00:00Z,7.2,8.05,0.0,0.0,0.68,1.02,5.4
2024-12-31T02:00:00Z,7.2,7.79,0.0,0.0,0.66,1.64,5.2
2024-12-31T03:00:00Z,7.4,7.5,0.0,0.0,0.64,2.04,4.0
2024-12-31T04:00:00Z,7.6,7.42,0.0,0.0,0.6,2.1,2.2
2024-12-31T05:00:00Z,7.9,7.07,0.0,0.0,0.56,1.8,0.4
2024-12-31T06:00:00Z,8.1,6.79,0.0,2.0,0.52,1.22,2.2
2024-12-31T07:00:00Z,8.2,6.7,0.0,2.0,0.52,0.55,3.7
2024-12-31T08:00:00Z,8.2,6.83,0.0,4.0,0.52,-0.05,4.2
2024-12-31T09:00:00Z,8.2,7.05,0.0,2.0,0.52,-0.51,3.7
2024-12-31T10:00:00Z,8.2,6.26,0.0,0.0,0.54,-0.73,2.5
2024-12-31T11:00:00Z,8.1,6.31,0.0,0.0,0.54,-0.6,0.7
2024-12-31T12:00:00Z,8.0,6.0,0.0,0.0,0.56,-0.17,2.2
2024-12-31T13:00:00Z,8.0,5.21,0.0,0.0,0.5,0.37,3.6
2024-12-31T14:00:00Z,8.0,4.63,0.0,0.0,0.46,0.79,3.6
2024-12-31T15:00:00Z,8.1,4.19,0.0,0.0,0.4,1.03,2.7
2024-12-31T16:00:00Z,8.1,3.83,0.0,0.0,0.34,1.01,1.1
2024-12-31T17:00:00Z,8.1,3.33,0.0,0.0,0.3,0.69,0.7
2024-12-31T18:00:00Z,8.1,3.04,0.0,0.0,0.24,0.13,2.5
2024-12-31T19:00:00Z,8.2,3.01,0.0,0.0,0.22,-0.51,3.8
2024-12-31T20:00:00Z,8.2,2.9,0.0,0.0,0.22,-1.06,4.2
2024-12-31T21:00:00Z,8.3,2.73,0.0,0.0,0.2,-1.41,3.7
2024-12-31T22:00:00Z,8.3,2.76,0.0,0.0,0.18,-1.5,2.2
2024-12-31T23:00:00Z,8.4,2.9,0.0,0.0,0.16,-1.23,1.0
2025-01-01T00:00:00Z,8.6,2.57,0.0,0.0,0.14,-0.58,3.1
2025-01-01T01:00:00Z,8.9,2.01,0.0,1.0,0.14,0.26,5.0
2025-01-01T02:00:00Z,9.1,1.69,0.0,2.0,0.16,1.04,5.8
2025-01-01T03:00:00Z,9.2,1.71,0.0,1.0,0.16,1.61,5.0
2025-01-01T04:00:00Z,9.3,1.98,0.0,0.0,0.18,1.89,3.4
2025-01-01T05:00:00Z,9.4,2.33,0.0,0.0,0.18,1.83,1.3
2025-01-01T06:00:00Z,9.5,2.9,0.0,1.0,0.2,1.41,0.9
2025-01-01T07:00:00Z,9.7,3.45,0.0,1.0,0.22,0.77,2.9
2025-01-01T08:00:00Z,9.8,3.87,0.0,1.0,0.24,0.08,4.1
2025-01-01T09:00:00Z,10.0,4.2,0.0,3.0,0.26,-0.51,4.3
2025-01-01T10:00:00Z,10.0,4.26,0.0,2.0,0.24,-0.9,3.4
2025-01-01T11:00:00Z,10.2,4.76,0.0,6.0,0.2,-1.0,1.8
2025-01-01T12:00:00Z,10.3,5.16,0.0,3.0,0.18,-0.73,0.5
2025-01-01T13:00:00Z,10.4,5.33,0.0,10.0,0.18,-0.19,2.8
2025-01-01T14:00:00Z,10.4,5.11,0.0,7.0,0.2,0.38,3.9
2025-01-01T15:00:00Z,10.4,4.86,0.0,2.0,0.2,0.78,3.6
2025-01-01T16:00:00Z,10.4,4.4,0.0,7.0,0.16,0.96,2.4
2025-01-01T17:00:00Z,10.4,4.1,0.0,1.0,0.14,0.87,1.0
2025-01-01T18:00:00Z,10.3,3.98,0.0,2.0,0.1,0.48,1.6
2025-01-01T19:00:00Z,10.3,3.88,0.0,1.0,0.12,-0.1,3.3
2025-01-01T20:00:00Z,10.3,4.0,0.0,1.0,0.14,-0.72,4.1
2025-01-01T21:00:00Z,10.3,4.04,0.0,0.0,0.16,-1.21,4.2
2025-01-01T22:00:00Z,10.4,3.91,0.0,0.0,0.14,-1.45,3.1
2025-01-01T23:00:00Z,10.5,4.42,0.0,0.0,0.14,-1.39,1.5
2025-01-02T00:00:00Z,10.6,4.17,0.0,0.0,0.12,-0.96,1.5
2025-01-02T01:00:00Z,10.7,3.69,0.0,0.0,0.12,-0.17,4.0
2025-01-02T02:00:00Z,10.6,3.32,0.0,1.0,0.12,0.73,5.8
2025-01-02T03:00:00Z,10.5,3.22,0.0,9.0,0.12,1.47,5.8
2025-01-02T04:00:00Z,10.5,3.23,0.0,5.0,0.1,1.95,4.5
2025-01-02T05:00:00Z,10.5,3.36,0.0,4.0,0.1,2.1,2.5
2025-01-02T06:00:00Z,10.4,4.07,0.0,12.0,0.08,1.91,0.4
2025-01-02T07:00:00Z,10.3,5.05,0.0,10.0,0.14,1.39,2.0
2025-01-02T08:00:00Z,10.2,5.15,0.0,18.0,0.22,0.7,3.8
2025-01-02T09:00:00Z,10.1,5.0,0.0,13.0,0.28,0.02,4.5
2025-01-02T10:00:00Z,10.0,4.72,0.0,12.0,0.28,-0.51,4.4
2025-01-02T11:00:00Z,9.9,5.16,0.0,33.0,0.3,-0.8,3.2
2025-01-02T12:00:00Z,9.8,5.73,0.0,43.0,0.3,-0.77,1.5
2025-01-02T13:00:00Z,9.6,6.0,0.0,37.0,0.34,-0.38,1.5
2025-01-02T14:00:00Z,9.5,5.9,0.0,33.0,0.38,0.21,3.2
2025-01-02T15:00:00Z,9.5,5.71,0.0,20.0,0.42,0.74,4.0
2025-01-02T16:00:00Z,9.4,5.39,0.0,14.0,0.4,1.05,3.1
2025-01-02T17:00:00Z,9.3,5.12,0.0,4.0,0.38,1.13,1.6
2025-01-02T18:00:00Z,9.2,5.27,0.0,1.0,0.36,0.94,0.2
2025-01-02T19:00:00Z,9.0,6.15,0.0,0.0,0.4,0.49,2.0
2025-01-02T20:00:00Z,8.7,6.85,0.0,1.0,0.46,-0.12,3.5
2025-01-02T21:00:00Z,8.5,7.11,0.0,6.0,0.5,-0.72,4.3
2025-01-02T22:00:00Z,8.6,6.26,0.0,22.0,0.52,-1.14,4.0
2025-01-02T23:00:00Z,8.7,6.66,0.0,28.0,0.52,-1.29,2.8
2025-01-03T00:00:00Z,8.8,6.91,0.0,24.0,0.54,-1.11,1.6
2025-01-03T01:00:00Z,9.0,6.84,0.0,29.0,0.52,-0.56,3.0
2025-01-03T02:00:00Z,9.1,6.46,0.0,14.0,0.52,0.28,5.2
2025-01-03T03:00:00Z,9.3,6.63,0.0,16.0,0.5,1.13,6.3
2025-01-03T04:00:00Z,9.5,7.02,0.0,11.0,0.52,1.74,5.8
2025-01-03T05:00:00Z,9.5,7.46,0.0,7.0,0.56,2.06,4.0
2025-01-03T06:00:00Z,9.4,7.86,0.0,7.0,0.58,2.05,1.8
2025-01-03T07:00:00Z,9.3,8.22,0.0,7.0,0.64,1.72,0.5
2025-01-03T08:00:00Z,9.2,8.37,0.0,13.0,0.7,1.11,2.6
2025-01-03T09:00:00Z,9.0,8.27,0.0,9.0,0.76,0.39,4.1
2025-01-03T10:00:00Z,8.8,7.04,0.0,3.0,0.7,-0.26,4.4
2025-01-03T11:00:00Z,8.7,6.76,0.0,0.0,0.64,-0.7,3.9
2025-01-03T12:00:00Z,8.7,6.33,0.0,0.0,0.58,-0.88,2.3
2025-01-03T13:00:00Z,8.7,6.18,0.0,1.0,0.54,-0.72,0.9
2025-01-03T14:00:00Z,8.7,5.85,0.0,1.0,0.52,-0.25,2.5
2025-01-03T15:00:00Z,8.6,5.43,0.0,0.0,0.48,0.35,4.1
2025-01-03T16:00:00Z,8.6,4.84,0.0,0.0,0.42,0.82,4.3
2025-01-03T17:00:00Z,8.7,4.6,0.0,0.0,0.38,1.04,3.3
2025-01-03T18:00:00Z,8.6,4.56,0.0,0.0,0.32,1.02,1.7
2025-01-03T19:00:00Z,8.6,4.43,0.0,99.0,0.32,0.75,0.4
2025-01-03T20:00:00Z,8.5,4.17,0.0,99.0,0.3,0.25,2.0
2025-01-03T21:00:00Z,8.5,3.87,0.0,99.0,0.3,-0.35,3.3
2025-01-03T22:00:00Z,8.6,3.34,0.0,90.0,0.28,-0.9,3.7
2025-01-03T23:00:00Z,8.7,3.5,0.0,27.0,0.28,-1.24,3.0
2025-01-04T00:00:00Z,8.8,3.17,0.0,10.0,0.26,-1.31,1.8
2025-01-04T01:00:00Z,8.9,3.35,0.0,12.0,0.26,-1.04,1.3
2025-01-04T02:00:00Z,9.1,3.28,0.0,0.0,0.24,-0.43,3.3
2025-01-04T03:00:00Z,9.3,3.29,0.0,1.0,0.24,0.39,5.2
2025-01-04T04:00:00Z,9.5,3.27,0.0,0.0,0.22,1.13,6.0
2025-01-04T05:00:00Z,9.6,3.46,0.0,0.0,0.18,1.61,5.1
2025-01-04T06:00:00Z,9.8,3.91,0.0,0.0,0.16,1.78,3.3
2025-01-04T07:00:00Z,9.9,4.36,0.0,1.0,0.2,1.67,1.3
2025-01-04T08:00:00Z,10.0,5.05,0.0,2.0,0.26,1.26,1.3
2025-01-04T09:00:00Z,10.2,5.55,0.0,6.0,0.3,0.63,2.9
2025-01-04T10:00:00Z,10.4,5.06,0.0,0.0,0.32,-0.07,4.1
2025-01-04T11:00:00Z,10.4,5.4,0.0,6.0,0.34,-0.64,4.3
2025-01-04T12:00:00Z,10.4,5.62,0.0,1.0,0.36,-0.98,3.4
2025-01-04T13:00:00Z,10.5,5.57,0.0,1.0,0.36,-1.04,1.8
2025-01-04T14:00:00Z,10.6,5.7,0.0,1.0,0.34,-0.78,0.3
2025-01-04T15:00:00Z,10.7,5.74,0.0,87.0,0.34,-0.25,2.4
2025-01-04T16:00:00Z,10.7,5.51,0.0,100.0,0.32,0.33,3.8
2025-01-04T17:00:00Z,10.7,5.52,0.0,100.0,0.28,0.73,3.6
2025-01-04T18:00:00Z,10.8,5.8,0.0,95.0,0.26,0.89,2.3
2025-01-04T19:00:00Z,10.7,5.64,0.0,98.0,0.26,0.82,1.3
2025-01-04T20:00:00Z,10.7,5.26,0.0,100.0,0.24,0.52,1.9
2025-01-04T21:00:00Z,10.6,4.4,0.0,96.0,0.24,0.02,3.3
2025-01-04T22:00:00Z,10.3,3.65,0.0,95.0,0.26,-0.55,4.5
2025-01-04T23:00:00Z,9.9,4.55,0.0,98.0,0.26,-1.01,4.7
2025-01-05T00:00:00Z,9.5,4.76,0.0,99.0,0.28,-1.24,3.8
2025-01-05T01:00:00Z,9.1,5.43,0.0,90.0,0.32,-1.19,2.3
2025-01-05T02:00:00Z,8.8,6.03,0.0,83.0,0.38,-0.83,0.7
2025-01-05T03:00:00Z,8.8,5.35,0.0,91.0,0.42,-0.18,2.4
2025-01-05T04:00:00Z,8.8,4.56,0.0,79.0,0.36,0.61,4.1
2025-01-05T05:00:00Z,9.1,4.13,0.0,63.0,0.3,1.25,4.5
2025-01-05T06:00:00Z,9.4,3.17,0.0,36.0,0.24,1.61,3.3
2025-01-05T07:00:00Z,9.5,2.03,0.0,7.0,0.22,1.7,1.6
2025-01-05T08:00:00Z,9.7,1.39,0.0,4.0,0.18,1.5,0.9
2025-01-05T09:00:00Z,9.8,1.03,0.0,12.0,0.16,1.03,2.6
2025-01-05T10:00:00Z,9.7,1.6,0.0,8.0,0.14,0.39,4.1
2025-01-05T11:00:00Z,9.7,1.2,0.0,0.0,0.12,-0.24,5.1
2025-01-05T12:00:00Z,9.8,1.2,0.0,0.0,0.1,-0.72,4.9
2025-01-05T13:00:00Z,10.0,1.73,0.0,0.0,0.1,-0.94,3.8
2025-01-05T14:00:00Z,10.0,2.41,0.0,0.0,0.1,-0.9,2.0
2025-01-05T15:00:00Z,10.0,3.0,0.0,0.0,0.1,-0.57,0.3
2025-01-05T16:00:00Z,9.8,3.57,0.0,0.0,0.1,-0.02,2.2
2025-01-05T17:00:00Z,9.7,4.08,0.0,0.0,0.1,0.53,3.3
2025-01-05T18:00:00Z,9.7,4.92,0.0,0.0,0.1,0.88,2.8
2025-01-05T19:00:00Z,9.7,6.14,0.0,0.0,0.2,1.0,1.6
2025-01-05T20:00:00Z,9.7,7.24,0.0,0.0,0.32,0.92,0.8
2025-01-05T21:00:00Z,9.5,8.86,0.0,0.0,0.42,0.62,2.0
2025-01-05T22:00:00Z,8.8,9.34,0.0,0.0,0.5,0.15,3.4
2025-01-05T23:00:00Z,8.1,9.02,0.0,0.0,0.58,-0.36,4.2
2025-01-06T00:00:00Z,7.6,8.72,0.0,0.0,0.66,-0.76,4.2
2025-01-06T01:00:00Z,7.5,8.61,0.0,0.0,0.66,-0.92,3.1
2025-01-06T02:00:00Z,7.6,8.29,0.0,0.0,0.64,-0.84,1.7
2025-01-06T03:00:00Z,7.9,7.87,0.0,0.0,0.64,-0.49,1.2
2025-01-06T04:00:00Z,8.1,7.16,0.0,0.0,0.56,0.12,3.0
2025-01-06T05:00:00Z,8.4,6.32,0.0,0.0,0.5,0.8,4.3
2025-01-06T06:00:00Z,8.5,5.36,0.0,0.0,0.42,1.31,4.5
2025-01-06T07:00:00Z,8.7,4.64,0.0,0.0,0.42,1.57,3.4
2025-01-06T08:00:00Z,8.8,4.55,0.0,2.0,0.4,1.61,1.8
2025-01-06T09:00:00Z,8.6,5.1,0.0,2.0,0.4,1.4,0.3
2025-01-06T10:00:00Z,9.1,5.71,0.0,9.0,0.44,0.96,1.5
2025-01-06T11:00:00Z,8.6,5.98,0.0,3.0,0.48,0.39,2.6
2025-01-06T12:00:00Z,8.1,5.78,0.0,0.0,0.52,-0.15,3.2
2025-01-06T13:00:00Z,7.7,5.81,0.0,0.0,0.54,-0.52,2.7
2025-01-06T14:00:00Z,7.4,6.11,0.0,2.0,0.54,-0.67,1.7
2025-01-06T15:00:00Z,7.1,7.03,0.0,16.0,0.56,-0.58,1.1
2025-01-06T16:00:00Z,6.9,7.37,0.0,0.0,0.58,-0.23,2.3
2025-01-06T17:00:00Z,6.6,7.45,0.0,0.0,0.6,0.3,4.0
2025-01-06T18:00:00Z,6.4,7.67,0.0,3.0,0.62,0.79,4.7
2025-01-06T19:00:00Z,6.1,7.97,0.0,86.0,0.66,1.09,4.0
2025-01-06T20:00:00Z,5.9,7.99,0.0,64.0,0.68,1.19,2.7
2025-01-06T21:00:00Z,5.7,7.85,0.0,83.0,0.72,1.12,1.1
2025-01-06T22:00:00Z,6.0,7.19,0.0,17.0,0.66,0.84,0.6
2025-01-06T23:00:00Z,5.9,6.86,0.0,100.0,0.62,0.4,1.9
2025-01-07T00:00:00Z,5.9,6.38,0.0,100.0,0.56,-0.07,2.9
2025-01-07T01:00:00Z,6.0,5.79,0.0,99.0,0.52,-0.42,2.8
2025-01-07T02:00:00Z,6.1,5.74,0.0,96.0,0.48,-0.58,2.2
2025-01-07T03:00:00Z,6.1,5.57,0.0,99.0,0.44,-0.52,1.4
2025-01-07T04:00:00Z,6.1,5.21,0.0,97.0,0.42,-0.24,1.5
2025-01-07T05:00:00Z,6.2,4.61,0.0,98.0,0.38,0.24,2.8
2025-01-07T06:00:00Z,6.3,4.03,0.0,100.0,0.36,0.76,3.8
2025-01-07T07:00:00Z,6.4,3.78,0.0,100.0,0.34,1.11,3.6
2025-01-07T08:00:00Z,6.6,3.22,0.0,99.0,0.32,1.26,2.5
2025-01-07T09:00:00Z,6.8,2.8,0.0,99.0,0.3,1.2,1.0
2025-01-07T10:00:00Z,7.1,2.44,0.0,96.0,0.28,0.94,0.7
2025-01-07T11:00:00Z,7.2,1.9,0.0,95.0,0.24,0.47,2.3
2025-01-07T12:00:00Z,7.3,1.96,0.0,98.0,0.22,-0.1,3.6
2025-01-07T13:00:00Z,7.4,2.42,0.0,98.0,0.22,-0.59,4.0
2025-01-07T14:00:00Z,7.4,2.9,0.0,90.0,0.24,-0.91,3.5
2025-01-07T15:00:00Z,7.4,2.72,0.0,96.0,0.24,-1.03,2.4
2025-01-07T16:00:00Z,7.3,2.56,0.0,93.0,0.22,-0.93,0.8
2025-01-07T17:00:00Z,7.2,2.39,0.0,85.0,0.2,-0.59,1.1
2025-01-07T18:00:00Z,7.2,2.29,0.0,76.0,0.18,-0.09,2.7
2025-01-07T19:00:00Z,7.1,2.18,0.0,59.0,0.16,0.37,3.4
2025-01-07T20:00:00Z,7.1,2.02,0.0,60.0,0.16,0.68,2.9
2025-01-07T21:00:00Z,7.1,1.98,0.0,88.0,0.14,0.84,2.1
2025-01-07T22:00:00Z,7.1,2.1,0.0,75.0,0.12,0.84,0.6
2025-01-07T23:00:00Z,7.1,1.35,0.0,81.0,0.1,0.63,0.9
2025-01-08T00:00:00Z,7.2,0.86,0.0,68.0,0.08,0.25,2.2
2025-01-08T01:00:00Z,7.3,1.19,0.0,44.0,0.08,-0.15,3.0
2025-01-08T02:00:00Z,7.4,1.49,0.0,16.0,0.08,-0.45,3.0
2025-01-08T03:00:00Z,7.5,1.92,0.0,42.0,0.08,-0.59,2.4
2025-01-08T04:00:00Z,7.4,2.35,0.0,56.0,0.08,-0.58,1.5
2025-01-08T05:00:00Z,7.4,2.79,0.0,84.0,0.06,-0.38,0.6
2025-01-08T06:00:00Z,7.5,2.86,0.0,57.0,0.06,0.01,1.3
2025-01-08T07:00:00Z,7.7,2.89,0.0,2.0,0.08,0.43,2.2
2025-01-08T08:00:00Z,7.9,2.92,0.0,44.0,0.1,0.72,2.1
2025-01-08T09:00:00Z,8.2,3.17,0.0,92.0,0.12,0.85,1.2
2025-01-08T10:00:00Z,9.0,3.37,0.0,82.0,0.16,0.84,0.6
2025-01-08T11:00:00Z,9.4,4.32,0.0,84.0,0.18,0.64,1.8
2025-01-08T12:00:00Z,9.3,5.3,0.0,65.0,0.22,0.24,3.1
2025-01-08T13:00:00Z,9.1,5.71,0.0,0.0,0.28,-0.24,4.0
2025-01-08T14:00:00Z,8.9,6.06,0.0,1.0,0.34,-0.64,4.2
2025-01-08T15:00:00Z,7.9,8.02,0.0,0.0,0.4,-0.87,3.4
2025-01-08T16:00:00Z,7.1,9.31,0.0,1.0,0.56,-0.97,2.1
2025-01-08T17:00:00Z,6.7,9.9,0.0,18.0,0.72,-0.87,1.1
2025-01-08T18:00:00Z,6.2,10.36,0.0,40.0,0.88,-0.5,2.2
2025-01-08T19:00:00Z,5.7,10.46,0.0,45.0,0.96,0.05,3.8
2025-01-08T20:00:00Z,5.3,10.31,0.0,21.0,1.02,0.56,4.7
2025-01-08T21:00:00Z,5.0,10.19,0.0,15.0,1.1,0.92,4.5
2025-01-08T22:00:00Z,5.1,9.38,0.0,5.0,1.08,1.16,3.6
2025-01-08T23:00:00Z,4.9,9.77,0.0,10.0,1.04,1.24,2.3
2025-01-09T00:00:00Z,4.8,9.68,0.0,40.0,1.02,1.09,1.0
2025-01-09T01:00:00Z,4.7,9.76,0.0,41.0,0.98,0.77,0.9
2025-01-09T02:00:00Z,4.6,9.35,0.0,37.0,0.92,0.39,1.9
2025-01-09T03:00:00Z,4.5,9.07,0.0,58.0,0.88,0.07,2.0
2025-01-09T04:00:00Z,4.4,8.94,0.0,50.0,0.86,-0.14,1.9
2025-01-09T05:00:00Z,4.5,9.02,0.0,46.0,0.82,-0.21,1.3
2025-01-09T06:00:00Z,4.7,9.17,0.0,45.0,0.8,-0.1,0.9
2025-01-09T07:00:00Z,4.8,9.53,0.0,74.0,0.84,0.2,1.9
2025-01-09T08:00:00Z,4.8,9.81,0.0,74.0,0.86,0.55,2.7
2025-01-09T09:00:00Z,4.7,10.52,0.0,94.0,0.9,0.82,2.9
2025-01-09T10:00:00Z,4.5,9.72,0.0,100.0,0.96,0.98,2.2
2025-01-09T11:00:00Z,4.3,10.08,0.0,100.0,1.0,1.01,1.1
2025-01-09T12:00:00Z,4.0,10.52,0.0,100.0,1.06,0.82,0.5
2025-01-09T13:00:00Z,3.8,10.94,0.0,100.0,1.1,0.44,1.8
2025-01-09T14:00:00Z,3.6,11.04,0.0,100.0,1.14,-0.03,2.9
2025-01-09T15:00:00Z,3.5,10.8,0.0,100.0,1.18,-0.45,3.3
2025-01-09T16:00:00Z,3.5,10.32,0.0,100.0,1.16,-0.75,3.0
2025-01-09T17:00:00Z,3.3,10.08,0.0,100.0,1.16,-0.9,2.3
2025-01-09T18:00:00Z,3.2,10.08,0.0,100.0,1.14,-0.84,1.5
2025-01-09T19:00:00Z,3.1,10.0,0.0,100.0,1.14,-0.52,1.5
2025-01-09T20:00:00Z,3.0,9.98,0.0,99.0,1.14,-0.04,3.0
2025-01-09T21:00:00Z,2.9,9.92,0.0,99.0,1.14,0.43,3.8
2025-01-09T22:00:00Z,3.0,9.64,0.0,100.0,1.08,0.86,3.6
2025-01-09T23:00:00Z,3.1,9.52,0.0,99.0,1.02,1.19,3.1
2025-01-10T00:00:00Z,3.1,8.9,0.0,99.0,0.96,1.32,2.0
2025-01-10T01:00:00Z,3.1,8.27,0.0,92.0,0.88,1.2,0.6
2025-01-10T02:00:00Z,3.2,7.98,0.0,99.0,0.8,0.86,1.0
2025-01-10T03:00:00Z,3.3,7.84,0.0,99.0,0.72,0.45,2.3
2025-01-10T04:00:00Z,3.4,7.56,0.0,96.0,0.68,0.05,2.8
2025-01-10T05:00:00Z,3.7,7.38,0.0,95.0,0.62,-0.28,2.8
2025-01-10T06:00:00Z,4.0,7.14,0.0,99.0,0.58,-0.5,2.5
2025-01-10T07:00:00Z,4.3,6.97,0.0,28.0,0.54,-0.5,1.5
2025-01-10T08:00:00Z,4.5,6.72,0.0,44.0,0.52,-0.29,0.8
2025-01-10T09:00:00Z,4.6,6.85,0.0,34.0,0.48,0.01,1.7
2025-01-10T10:00:00Z,4.4,6.84,0.0,25.0,0.52,0.27,1.8
2025-01-10T11:00:00Z,4.4,6.58,0.0,19.0,0.54,0.49,1.5
2025-01-10T12:00:00Z,4.2,6.3,0.0,68.0,0.58,0.58,0.7
2025-01-10T13:00:00Z,4.1,5.9,0.0,99.0,0.56,0.46,0.5
2025-01-10T14:00:00Z,4.0,5.96,0.0,97.0,0.54,0.11,1.8
2025-01-10T15:00:00Z,3.9,6.14,0.0,100.0,0.52,-0.34,2.7
2025-01-10T16:00:00Z,3.8,5.77,0.0,95.0,0.5,-0.76,3.1
2025-01-10T17:00:00Z,3.7,5.46,0.0,99.0,0.5,-1.07,2.7
2025-01-10T18:00:00Z,3.7,6.09,0.0,99.0,0.48,-1.24,2.3
2025-01-10T19:00:00Z,3.6,6.55,0.0,96.0,0.5,-1.18,1.5
2025-01-10T20:00:00Z,3.6,6.71,0.0,90.0,0.52,-0.85,1.7
2025-01-10T21:00:00Z,3.5,6.77,0.0,90.0,0.54,-0.32,3.3
2025-01-10T22:00:00Z,3.9,5.48,0.0,70.0,0.54,0.25,4.3
2025-01-10T23:00:00Z,3.9,4.97,0.0,0.0,0.54,0.8,4.5
2025-01-11T00:00:00Z,4.0,5.75,0.0,12.0,0.54,1.22,3.8
2025-01-11T01:00:00Z,4.0,6.16,0.0,5.0,0.54,1.42,2.5
2025-01-11T02:00:00Z,4.0,5.38,0.0,47.0,0.54,1.31,0.8
2025-01-11T03:00:00Z,4.0,5.66,0.0,80.0,0.54,0.95,1.0
2025-01-11T04:00:00Z,4.1,5.1,0.0,95.0,0.5,0.49,2.3
2025-01-11T05:00:00Z,4.2,4.62,0.0,77.0,0.44,0.03,3.0
2025-01-11T06:00:00Z,4.4,5.0,0.0,50.0,0.4,-0.37,3.3
2025-01-11T07:00:00Z,4.7,4.88,0.0,79.0,0.38,-0.63,2.8
2025-01-11T08:00:00Z,5.0,4.55,0.0,93.0,0.38,-0.66,1.7
2025-01-11T09:00:00Z,5.4,4.45,0.0,88.0,0.36,-0.45,0.6
2025-01-11T10:00:00Z,5.8,3.75,0.0,13.0,0.36,-0.12,1.8
2025-01-11T11:00:00Z,6.0,3.23,0.0,0.0,0.34,0.24,2.3
2025-01-11T12:00:00Z,6.0,2.68,0.0,0.0,0.34,0.56,2.3
2025-01-11T13:00:00Z,6.1,2.31,0.0,0.0,0.3,0.74,1.6
2025-01-11T14:00:00Z,6.1,2.25,0.0,0.0,0.28,0.65,0.4
2025-01-11T15:00:00Z,6.1,2.87,0.0,0.0,0.24,0.3,1.0
2025-01-11T16:00:00Z,6.2,3.94,0.0,0.0,0.22,-0.18,2.3
2025-01-11T17:00:00Z,6.3,4.51,0.0,0.0,0.2,-0.63,2.8
2025-01-11T18:00:00Z,6.6,5.09,0.0,0.0,0.18,-0.99,2.8
2025-01-11T19:00:00Z,6.8,5.66,0.0,0.0,0.24,-1.21,2.1
2025-01-11T20:00:00Z,7.1,6.0,0.0,0.0,0.32,-1.17,1.0
2025-01-11T21:00:00Z,7.3,6.1,0.0,0.0,0.38,-0.81,1.3
2025-01-11T22:00:00Z,7.4,6.67,0.0,57.0,0.4,-0.23,3.2
2025-01-11T23:00:00Z,7.5,6.98,0.0,55.0,0.42,0.43,4.3
2025-01-12T00:00:00Z,7.5,7.58,0.0,54.0,0.44,1.06,4.4
2025-01-12T01:00:00Z,7.4,7.63,0.0,62.0,0.52,1.55,3.6
2025-01-12T02:00:00Z,7.2,7.59,0.0,71.0,0.6,1.74,2.0
2025-01-12T03:00:00Z,7.1,7.36,0.0,85.0,0.68,1.57,0.2
2025-01-12T04:00:00Z,7.3,7.15,0.0,88.0,0.66,1.14,2.0
2025-01-12T05:00:00Z,7.6,6.56,0.0,45.0,0.62,0.61,3.4
2025-01-12T06:00:00Z,8.0,5.81,0.0,0.0,0.6,0.07,4.1
2025-01-12T07:00:00Z,8.4,5.26,0.0,0.0,0.52,-0.43,4.3
2025-01-12T08:00:00Z,8.6,5.43,0.0,0.0,0.44,-0.75,3.8
2025-01-12T09:00:00Z,8.6,5.81,0.0,0.0,0.36,-0.76,2.3
2025-01-12T10:00:00Z,8.5,5.13,0.0,0.0,0.36,-0.5,0.4
2025-01-12T11:00:00Z,8.1,4.7,0.0,0.0,0.38,-0.1,1.6
2025-01-12T12:00:00Z,7.6,4.58,0.0,0.0,0.38,0.34,2.5
2025-01-12T13:00:00Z,7.4,4.64,0.0,0.0,0.36,0.73,2.5
2025-01-12T14:00:00Z,7.3,4.74,0.0,0.0,0.34,0.92,1.8
2025-01-12T15:00:00Z,7.2,4.3,0.0,0.0,0.32,0.79,0.6
2025-01-12T16:00:00Z,7.2,3.71,0.0,0.0,0.28,0.39,1.1
2025-01-12T17:00:00Z,7.2,3.29,0.0,0.0,0.22,-0.14,2.3
2025-01-12T18:00:00Z,7.3,3.09,0.0,0.0,0.18,-0.65,2.9
2025-01-12T19:00:00Z,7.3,2.96,0.0,0.0,0.18,-1.06,3.1
2025-01-12T20:00:00Z,7.3,3.25,0.0,0.0,0.18,-1.3,2.4
2025-01-12T21:00:00Z,7.4,3.63,0.0,0.0,0.18,-1.23,0.8
2025-01-12T22:00:00Z,8.0,4.08,0.0,0.0,0.18,-0.79,1.8
2025-01-12T23:00:00Z,8.1,4.32,0.0,0.0,0.18,-0.13,3.8
2025-01-13T00:00:00Z,8.2,4.76,0.0,0.0,0.18,0.61,4.9
2025-01-13T01:00:00Z,8.4,4.8,0.0,0.0,0.2,1.31,4.9
2025-01-13T02:00:00Z,8.6,4.58,0.0,0.0,0.2,1.79,4.1
2025-01-13T03:00:00Z,8.7,4.53,0.0,0.0,0.22,1.92,2.2
2025-01-13T04:00:00Z,8.9,4.32,0.0,0.0,0.2,1.66,0.6
2025-01-13T05:00:00Z,9.1,3.86,0.0,0.0,0.18,1.13,2.5
2025-01-13T06:00:00Z,9.2,3.5,0.0,0.0,0.16,0.51,4.1
2025-01-13T07:00:00Z,9.4,3.6,0.0,0.0,0.14,-0.1,5.0
2025-01-13T08:00:00Z,9.6,4.08,0.0,0.0,0.14,-0.63,5.2
2025-01-13T09:00:00Z,9.6,4.79,0.0,0.0,0.12,-0.95,4.3
2025-01-13T10:00:00Z,9.8,5.0,0.0,0.0,0.12,-0.92,2.4
2025-01-13T11:00:00Z,9.8,5.35,0.0,0.0,0.12,-0.59,0.3
2025-01-13T12:00:00Z,9.7,5.79,0.0,0.0,0.12,-0.11,2.1
2025-01-13T13:00:00Z,9.7,6.36,0.0,5.0,0.22,0.38,2.7
2025-01-13T14:00:00Z,9.7,6.91,0.0,25.0,0.32,0.76,2.4
2025-01-13T15:00:00Z,9.8,7.27,0.0,46.0,0.42,0.88,1.5
2025-01-13T16:00:00Z,9.8,7.5,0.0,81.0,0.44,0.65,1.4
2025-01-13T17:00:00Z,9.8,7.5,0.0,94.0,0.46,0.16,2.8
2025-01-13T18:00:00Z,9.9,7.35,0.0,39.0,0.48,-0.43,4.2
2025-01-13T19:00:00Z,9.9,7.16,0.0,97.0,0.46,-0.97,4.7
2025-01-13T20:00:00Z,9.9,6.85,0.0,98.0,0.46,-1.39,4.5
2025-01-13T21:00:00Z,9.9,6.55,0.0,76.0,0.44,-1.59,3.6
2025-01-13T22:00:00Z,10.0,6.23,0.0,78.0,0.4,-1.42,1.5
2025-01-13T23:00:00Z,10.0,5.88,0.0,56.0,0.34,-0.87,1.3
2025-01-14T00:00:00Z,10.0,5.47,0.0,0.0,0.3,-0.1,3.4
2025-01-14T01:00:00Z,10.1,5.5,0.0,1.0,0.26,0.72,4.4
2025-01-14T02:00:00Z,10.2,5.56,0.0,77.0,0.24,1.43,4.2
2025-01-14T03:00:00Z,10.5,5.21,0.0,72.0,0.2,1.89,3.0
2025-01-14T04:00:00Z,10.6,4.86,0.0,89.0,0.18,1.94,1.2
2025-01-14T05:00:00Z,10.8,4.62,0.0,78.0,0.14,1.59,1.5
2025-01-14T06:00:00Z,10.9,4.15,0.0,71.0,0.12,1.0,3.4
2025-01-14T07:00:00Z,10.9,3.76,0.0,75.0,0.12,0.32,4.9
2025-01-14T08:00:00Z,10.7,3.42,0.0,81.0,0.12,-0.31,5.6
2025-01-14T09:00:00Z,10.5,2.8,0.0,84.0,0.12,-0.82,5.2
2025-01-14T10:00:00Z,10.9,1.85,0.0,82.0,0.1,-1.05,4.0
2025-01-14T11:00:00Z,11.1,1.33,0.0,76.0,0.08,-0.89,1.7
2025-01-14T12:00:00Z,10.8,2.69,0.0,87.0,0.06,-0.43,0.9
2025-01-14T13:00:00Z,10.8,5.43,0.0,74.0,0.18,0.14,2.5
2025-01-14T14:00:00Z,9.9,9.77,0.0,83.0,0.28,0.68,2.9
2025-01-14T15:00:00Z,8.8,11.25,0.0,75.0,0.4,1.04,2.5
2025-01-14T16:00:00Z,8.7,11.56,0.0,57.0,0.66,1.07,1.3
2025-01-14T17:00:00Z,8.4,11.92,0.0,76.0,0.94,0.77,0.6
2025-01-14T18:00:00Z,8.0,12.11,0.0,38.0,1.2,0.25,2.0
2025-01-14T19:00:00Z,7.7,12.42,0.0,51.0,1.26,-0.34,2.9
2025-01-14T20:00:00Z,7.2,12.57,0.0,47.0,1.32,-0.88,3.3
2025-01-14T21:00:00Z,6.5,12.54,0.0,82.0,1.38,-1.26,3.0
2025-01-14T22:00:00Z,5.6,11.63,0.0,46.0,1.36,-1.35,2.2
2025-01-14T23:00:00Z,5.2,11.45,0.0,38.0,1.34,-1.05,1.9
2025-01-15T00:00:00Z,4.7,10.99,0.0,28.0,1.32,-0.4,3.8
2025-01-15T01:00:00Z,4.3,10.49,0.0,34.0,1.2,0.44,5.6
2025-01-15T02:00:00Z,4.1,10.13,0.0,34.0,1.1,1.24,6.1
2025-01-15T03:00:00Z,4.1,9.83,0.0,30.0,0.98,1.87,5.2
2025-01-15T04:00:00Z,4.2,9.67,0.0,49.0,0.94,2.19,3.6
2025-01-15T05:00:00Z,4.3,9.54,0.0,47.0,0.88,2.08,1.5
2025-01-15T06:00:00Z,4.5,9.43,0.0,72.0,0.84,1.6,1.1
2025-01-15T07:00:00Z,4.6,9.39,0.0,66.0,0.84,0.93,3.1
2025-01-15T08:00:00Z,4.6,9.33,0.0,65.0,0.82,0.23,4.4
2025-01-15T09:00:00Z,4.6,9.25,0.0,68.0,0.82,-0.39,4.6
2025-01-15T10:00:00Z,4.3,8.34,0.0,62.0,0.8,-0.81,4.1
2025-01-15T11:00:00Z,4.1,8.02,0.0,53.0,0.8,-0.91,2.3
2025-01-15T12:00:00Z,3.8,7.53,0.0,29.0,0.78,-0.61,0.6
2025-01-15T13:00:00Z,3.6,7.09,0.0,31.0,0.72,-0.08,2.5
2025-01-15T14:00:00Z,3.4,6.55,0.0,0.0,0.66,0.47,3.4
2025-01-15T15:00:00Z,3.3,6.13,0.0,4.0,0.6,0.91,3.3
2025-01-15T16:00:00Z,3.2,5.8,0.0,0.0,0.56,1.12,2.0
2025-01-15T17:00:00Z,3.2,5.64,0.0,0.0,0.52,0.99,0.3
2025-01-15T18:00:00Z,3.1,5.79,0.0,0.0,0.48,0.53,1.8
2025-01-15T19:00:00Z,3.0,6.05,0.0,6.0,0.5,-0.11,3.6
2025-01-15T20:00:00Z,3.0,5.7,0.0,65.0,0.5,-0.75,4.6
2025-01-15T21:00:00Z,2.9,5.29,0.0,80.0,0.52,-1.26,4.5
2025-01-15T22:00:00Z,3.3,5.5,0.0,36.0,0.5,-1.56,3.7
2025-01-15T23:00:00Z,3.2,5.02,0.0,0.0,0.48,-1.53,2.3
2025-01-16T00:00:00Z,3.2,5.14,0.0,1.0,0.46,-1.08,1.7
2025-01-16T01:00:00Z,3.3,5.55,0.0,60.0,0.48,-0.32,3.7
2025-01-16T02:00:00Z,3.3,5.06,0.0,82.0,0.48,0.52,5.2
2025-01-16T03:00:00Z,3.4,4.8,0.0,96.0,0.5,1.26,5.4
2025-01-16T04:00:00Z,3.5,4.92,0.0,100.0,0.48,1.76,4.1
2025-01-16T05:00:00Z,3.7,5.26,0.0,99.0,0.48,1.91,2.3
2025-01-16T06:00:00Z,4.0,5.34,0.0,94.0,0.46,1.65,0.2
2025-01-16T07:00:00Z,4.4,5.17,0.0,76.0,0.44,1.07,2.5
2025-01-16T08:00:00Z,4.8,4.96,0.0,44.0,0.42,0.36,4.2
2025-01-16T09:00:00Z,5.2,4.92,0.0,8.0,0.4,-0.31,5.1
2025-01-16T10:00:00Z,5.8,4.89,0.0,2.0,0.38,-0.84,4.8
2025-01-16T11:00:00Z,6.0,5.13,0.0,0.0,0.36,-1.12,3.8
2025-01-16T12:00:00Z,6.1,5.25,0.0,0.0,0.34,-1.04,1.8
2025-01-16T13:00:00Z,6.0,5.04,0.0,0.0,0.34,-0.61,1.2
2025-01-16T14:00:00Z,5.9,4.76,0.0,0.0,0.36,-0.03,3.1
2025-01-16T15:00:00Z,5.9,4.37,0.0,0.0,0.36,0.49,3.6
2025-01-16T16:00:00Z,5.9,4.09,0.0,0.0,0.34,0.84,3.1
2025-01-16T17:00:00Z,5.9,4.22,0.0,0.0,0.3,0.94,1.7
2025-01-16T18:00:00Z,5.9,4.4,0.0,0.0,0.28,0.72,0.3
2025-01-16T19:00:00Z,5.9,4.74,0.0,0.0,0.3,0.22,2.0
2025-01-16T20:00:00Z,5.9,4.79,0.0,0.0,0.3,-0.41,3.3
2025-01-16T21:00:00Z,5.8,4.68,0.0,0.0,0.32,-0.97,3.8
2025-01-16T22:00:00Z,5.7,4.01,0.0,0.0,0.3,-1.36,3.4
2025-01-16T23:00:00Z,5.7,3.5,0.0,0.0,0.28,-1.48,2.3
2025-01-17T00:00:00Z,5.6,3.58,0.0,0.0,0.26,-1.27,1.3
2025-01-17T01:00:00Z,5.7,3.4,0.0,0.0,0.26,-0.67,2.9
2025-01-17T02:00:00Z,5.7,3.7,0.0,0.0,0.24,0.13,5.1
2025-01-17T03:00:00Z,5.7,4.12,0.0,0.0,0.24,0.9,5.8
2025-01-17T04:00:00Z,5.7,3.65,0.0,0.0,0.24,1.49,5.2
2025-01-17T05:00:00Z,5.8,3.44,0.0,0.0,0.22,1.83,3.8
2025-01-17T06:00:00Z,5.9,2.86,0.0,0.0,0.22,1.81,1.6
2025-01-17T07:00:00Z,6.1,2.23,0.0,0.0,0.2,1.43,0.7
2025-01-17T08:00:00Z,6.2,1.8,0.0,0.0,0.18,0.81,2.8
2025-01-17T09:00:00Z,6.3,2.37,0.0,0.0,0.16,0.12,4.1
2025-01-17T10:00:00Z,6.4,2.68,0.0,26.0,0.14,-0.46,4.1
2025-01-17T11:00:00Z,6.5,3.09,0.0,76.0,0.1,-0.84,3.2
2025-01-17T12:00:00Z,6.5,2.83,0.0,88.0,0.08,-0.94,1.7
2025-01-17T13:00:00Z,6.6,2.62,0.0,88.0,0.08,-0.67,1.2
2025-01-17T14:00:00Z,6.7,2.62,0.0,88.0,0.1,-0.12,3.4
2025-01-17T15:00:00Z,6.7,2.61,0.0,89.0,0.1,0.46,4.7
2025-01-17T16:00:00Z,6.8,2.6,0.0,90.0,0.08,0.89,4.6
2025-01-17T17:00:00Z,6.9,2.61,0.0,86.0,0.06,1.12,3.5
2025-01-17T18:00:00Z,6.9,2.35,0.0,79.0,0.04,1.08,1.9
2025-01-17T19:00:00Z,7.0,2.3,0.0,88.0,0.06,0.76,0.7
2025-01-17T20:00:00Z,7.1,2.2,0.0,81.0,0.08,0.2,2.0
2025-01-17T21:00:00Z,7.2,1.76,0.0,78.0,0.1,-0.42,3.2
2025-01-17T22:00:00Z,7.5,1.63,0.0,71.0,0.08,-0.93,3.5
2025-01-17T23:00:00Z,7.5,2.16,0.0,62.0,0.06,-1.2,2.8
2025-01-18T00:00:00Z,7.7,2.39,0.0,0.0,0.04,-1.2,1.5
2025-01-18T01:00:00Z,7.8,2.02,0.0,0.0,0.06,-0.86,1.3
2025-01-18T02:00:00Z,7.9,1.77,0.0,0.0,0.06,-0.21,3.3
2025-01-18T03:00:00Z,7.9,1.62,0.0,2.0,0.08,0.55,4.9
2025-01-18T04:00:00Z,7.9,1.32,0.0,3.0,0.06,1.17,5.0
2025-01-18T05:00:00Z,8.1,1.38,0.0,0.0,0.06,1.57,4.1
2025-01-18T06:00:00Z,8.4,2.59,0.0,0.0,0.04,1.71,2.5
2025-01-18T07:00:00Z,8.5,3.39,0.0,0.0,0.08,1.53,0.6
2025-01-18T08:00:00Z,8.6,4.07,0.0,0.0,0.12,1.05,1.5
2025-01-18T09:00:00Z,8.6,5.11,0.0,0.0,0.16,0.39,3.1
2025-01-18T10:00:00Z,9.1,5.18,0.0,7.0,0.18,-0.25,3.8
2025-01-18T11:00:00Z,9.2,5.83,0.0,18.0,0.2,-0.72,3.6
2025-01-18T12:00:00Z,9.2,5.78,0.0,71.0,0.22,-0.94,2.4
2025-01-18T13:00:00Z,9.2,5.33,0.0,89.0,0.22,-0.87,0.6
2025-01-18T14:00:00Z,9.2,5.35,0.0,73.0,0.22,-0.47,1.6
2025-01-18T15:00:00Z,9.2,5.26,0.0,89.0,0.22,0.1,3.5
2025-01-18T16:00:00Z,9.2,4.67,0.0,66.0,0.18,0.62,4.3
2025-01-18T17:00:00Z,9.2,4.39,0.0,14.0,0.16,0.95,3.6
2025-01-18T18:00:00Z,9.2,4.24,0.0,0.0,0.12,1.08,2.3
2025-01-18T19:00:00Z,9.1,4.21,0.0,0.0,0.12,0.96,1.3
2025-01-18T20:00:00Z,9.1,3.7,0.0,0.0,0.1,0.58,1.9
2025-01-18T21:00:00Z,9.0,3.23,0.0,1.0,0.1,0.03,3.3
2025-01-18T22:00:00Z,8.9,2.31,0.0,0.0,0.08,-0.52,4.0
2025-01-18T23:00:00Z,8.7,2.52,0.0,0.0,0.08,-0.9,3.8
2025-01-19T00:00:00Z,8.6,2.73,0.0,0.0,0.06,-1.02,2.8
2025-01-19T01:00:00Z,8.3,2.97,0.0,3.0,0.1,-0.87,1.3
2025-01-19T02:00:00Z,8.0,3.19,0.0,2.0,0.12,-0.42,1.3
2025-01-19T03:00:00Z,7.7,3.33,0.0,0.0,0.16,0.26,3.1
2025-01-19T04:00:00Z,7.6,3.6,0.0,0.0,0.18,0.92,4.1
2025-01-19T05:00:00Z,7.9,3.43,0.0,0.0,0.2,1.38,3.8
2025-01-19T06:00:00Z,8.2,2.8,0.0,0.0,0.22,1.6,2.5
2025-01-19T07:00:00Z,8.6,2.14,0.0,0.0,0.2,1.58,0.8
2025-01-19T08:00:00Z,8.9,1.55,0.0,0.0,0.2,1.28,1.1
2025-01-19T09:00:00Z,9.0,1.38,0.0,0.0,0.18,0.73,2.9
2025-01-19T10:00:00Z,8.9,1.49,0.0,0.0,0.16,0.11,4.0
2025-01-19T11:00:00Z,9.1,1.38,0.0,0.0,0.12,-0.42,4.2
2025-01-19T12:00:00Z,9.0,1.45,0.0,0.0,0.1,-0.73,3.3
2025-01-19T13:00:00Z,8.9,1.05,0.0,0.0,0.1,-0.79,1.9
2025-01-19T14:00:00Z,9.1,0.25,0.0,0.0,0.08,-0.59,0.4
2025-01-19T15:00:00Z,9.2,0.32,0.0,0.0,0.08,-0.14,2.0
2025-01-19T16:00:00Z,9.3,0.36,0.0,1.0,0.08,0.39,3.3
2025-01-19T17:00:00Z,9.2,0.78,0.0,21.0,0.06,0.8,3.5
2025-01-19T18:00:00Z,8.6,1.45,0.0,13.0,0.06,1.01,2.7
2025-01-19T19:00:00Z,8.6,2.16,0.0,2.0,0.06,1.04,1.3
2025-01-19T20:00:00Z,8.6,2.57,0.0,0.0,0.06,0.88,1.2
2025-01-19T21:00:00Z,8.5,2.84,0.0,0.0,0.06,0.49,2.4
2025-01-19T22:00:00Z,8.4,3.67,0.0,0.0,0.06,-0.01,3.6
2025-01-19T23:00:00Z,8.1,3.67,0.0,0.0,0.06,-0.46,4.2
2025-01-20T00:00:00Z,7.8,4.45,0.0,0.0,0.06,-0.71,3.7
2025-01-20T01:00:00Z,7.4,4.81,0.0,0.0,0.12,-0.72,2.5
2025-01-20T02:00:00Z,7.1,4.95,0.0,0.0,0.18,-0.5,1.3
2025-01-20T03:00:00Z,7.2,4.67,0.0,14.0,0.24,-0.04,1.7
2025-01-20T04:00:00Z,7.4,4.63,0.0,36.0,0.22,0.55,2.8
2025-01-20T05:00:00Z,7.7,4.08,0.0,14.0,0.22,1.05,3.4
2025-01-20T06:00:00Z,7.9,2.99,0.0,66.0,0.2,1.33,2.7
2025-01-20T07:00:00Z,8.1,2.89,0.0,95.0,0.18,1.4,1.5
2025-01-20T08:00:00Z,8.1,3.49,0.0,100.0,0.18,1.27,0.0
2025-01-20T09:00:00Z,8.2,4.02,0.0,80.0,0.16,0.91,1.5
2025-01-20T10:00:00Z,8.5,4.08,0.0,20.0,0.14,0.38,2.7
2025-01-20T11:00:00Z,8.6,4.37,0.0,9.0,0.14,-0.17,3.5
2025-01-20T12:00:00Z,8.6,4.53,0.0,1.0,0.12,-0.57,3.1
2025-01-20T13:00:00Z,8.6,4.56,0.0,0.0,0.14,-0.74,2.1
2025-01-20T14:00:00Z,8.6,4.53,0.0,0.0,0.18,-0.69,0.6
2025-01-20T15:00:00Z,8.5,4.23,0.0,0.0,0.2,-0.42,1.3
2025-01-20T16:00:00Z,8.5,3.87,0.0,0.0,0.18,0.05,2.9
2025-01-20T17:00:00Z,8.5,3.66,0.0,0.0,0.16,0.52,3.8
2025-01-20T18:00:00Z,8.4,3.22,0.0,0.0,0.14,0.83,3.5
2025-01-20T19:00:00Z,8.5,2.98,0.0,0.0,0.14,0.96,2.4
2025-01-20T20:00:00Z,8.4,2.94,0.0,0.0,0.12,0.94,1.2
2025-01-20T21:00:00Z,8.4,2.36,0.0,0.0,0.12,0.74,0.9
2025-01-20T22:00:00Z,8.5,1.43,0.0,0.0,0.12,0.36,2.0
2025-01-20T23:00:00Z,8.5,1.5,0.0,0.0,0.1,-0.08,3.1
2025-01-21T00:00:00Z,8.6,1.77,0.0,0.0,0.1,-0.44,3.3
2025-01-21T01:00:00Z,8.7,2.25,0.0,0.0,0.1,-0.6,2.6
2025-01-21T02:00:00Z,8.8,2.52,0.0,0.0,0.1,-0.56,1.4
2025-01-21T03:00:00Z,9.0,2.57,0.0,0.0,0.1,-0.32,0.5
2025-01-21T04:00:00Z,9.1,2.47,0.0,0.0,0.1,0.09,1.5
2025-01-21T05:00:00Z,9.3,2.53,0.0,0.0,0.08,0.57,2.5
2025-01-21T06:00:00Z,9.4,2.95,0.0,66.0,0.08,0.91,2.7
2025-01-21T07:00:00Z,9.4,3.46,0.0,95.0,0.12,1.04,1.8
2025-01-21T08:00:00Z,9.4,4.11,0.0,84.0,0.16,1.02,0.9
2025-01-21T09:00:00Z,9.4,4.63,0.0,55.0,0.2,0.83,0.8
2025-01-21T10:00:00Z,9.7,4.36,0.0,82.0,0.2,0.48,1.8
2025-01-21T11:00:00Z,9.8,4.72,0.0,90.0,0.22,0.01,2.7
2025-01-21T12:00:00Z,9.8,4.87,0.0,96.0,0.22,-0.43,3.1
2025-01-21T13:00:00Z,9.9,4.97,0.0,98.0,0.24,-0.72,2.7
2025-01-21T14:00:00Z,10.0,5.24,0.0,87.0,0.24,-0.79,1.6
2025-01-21T15:00:00Z,10.0,5.33,0.0,91.0,0.26,-0.68,0.4
2025-01-21T16:00:00Z,10.1,5.13,0.0,94.0,0.26,-0.38,1.1
2025-01-21T17:00:00Z,10.1,5.33,0.0,89.0,0.24,0.05,2.2
2025-01-21T18:00:00Z,10.1,5.48,0.0,74.0,0.24,0.46,2.8
2025-01-21T19:00:00Z,10.1,5.52,0.0,49.0,0.24,0.7,2.5
2025-01-21T20:00:00Z,10.1,5.81,0.0,30.0,0.26,0.81,1.8
2025-01-21T21:00:00Z,10.1,5.85,0.0,10.0,0.26,0.8,1.1
2025-01-21T22:00:00Z,10.2,5.39,0.0,0.0,0.26,0.64,1.3
2025-01-21T23:00:00Z,10.2,5.46,0.0,4.0,0.24,0.34,2.1
2025-01-22T00:00:00Z,10.2,5.15,0.0,33.0,0.24,-0.01,2.7
2025-01-22T01:00:00Z,10.2,4.67,0.0,63.0,0.24,-0.27,2.7
2025-01-22T02:00:00Z,10.3,4.6,0.0,1.0,0.22,-0.36,2.0
2025-01-22T03:00:00Z,10.5,5.87,0.0,0.0,0.22,-0.31,0.9
2025-01-22T04:00:00Z,10.7,5.8,0.0,4.0,0.24,-0.1,0.2
2025-01-22T05:00:00Z,10.8,6.33,0.0,51.0,0.28,0.24,1.3
2025-01-22T06:00:00Z,10.9,6.35,0.0,83.0,0.3,0.6,2.2
2025-01-22T07:00:00Z,11.0,6.55,0.0,53.0,0.34,0.82,2.2
2025-01-22T08:00:00Z,11.1,6.75,0.0,92.0,0.36,0.88,1.5
2025-01-22T09:00:00Z,11.1,6.79,0.0,77.0,0.4,0.83,1.1
2025-01-22T10:00:00Z,11.0,5.31,0.0,68.0,0.38,0.65,1.5
2025-01-22T11:00:00Z,11.0,5.68,0.0,72.0,0.36,0.34,2.3
2025-01-22T12:00:00Z,11.1,5.32,0.0,63.0,0.34,-0.06,2.9
2025-01-22T13:00:00Z,11.1,5.2,0.0,43.0,0.32,-0.42,3.2
2025-01-22T14:00:00Z,11.1,5.22,0.0,70.0,0.32,-0.62,2.7
2025-01-22T15:00:00Z,11.0,4.98,0.0,34.0,0.3,-0.65,1.6
2025-01-22T16:00:00Z,10.8,4.34,0.0,97.0,0.26,-0.53,0.4
2025-01-22T17:00:00Z,10.6,3.94,0.0,98.0,0.24,-0.24,0.9
2025-01-22T18:00:00Z,10.5,3.23,0.0,98.0,0.2,0.15,2.0
2025-01-22T19:00:00Z,10.3,2.51,0.0,99.0,0.18,0.5,2.6
2025-01-22T20:00:00Z,10.3,2.5,0.0,100.0,0.18,0.72,2.4
2025-01-22T21:00:00Z,10.4,2.77,0.0,99.0,0.16,0.85,1.5
2025-01-22T22:00:00Z,10.1,3.24,0.0,99.0,0.14,0.89,0.9
2025-01-22T23:00:00Z,10.2,4.17,0.0,100.0,0.14,0.79,0.4
2025-01-23T00:00:00Z,10.5,4.76,0.0,100.0,0.12,0.55,1.1
2025-01-23T01:00:00Z,10.6,5.52,0.0,100.0,0.2,0.26,1.7
2025-01-23T02:00:00Z,10.8,6.15,0.0,95.0,0.26,0.05,1.6
2025-01-23T03:00:00Z,10.8,6.28,0.0,95.0,0.34,-0.03,1.0
2025-01-23T04:00:00Z,10.8,6.04,0.0,98.0,0.38,-0.01,0.6
2025-01-23T05:00:00Z,10.7,6.25,0.0,89.0,0.42,0.11,0.9
2025-01-23T06:00:00Z,10.6,6.44,0.0,57.0,0.46,0.35,1.5
2025-01-23T07:00:00Z,10.5,6.87,0.0,51.0,0.46,0.6,2.2
2025-01-23T08:00:00Z,10.4,7.04,0.0,23.0,0.46,0.73,2.0
2025-01-23T09:00:00Z,10.4,6.79,0.0,19.0,0.46,0.76,1.3
2025-01-23T10:00:00Z,10.3,6.06,0.0,14.0,0.44,0.73,0.6
2025-01-23T11:00:00Z,10.2,5.66,0.0,27.0,0.4,0.6,0.4
2025-01-23T12:00:00Z,10.1,5.38,0.0,83.0,0.38,0.33,1.3
2025-01-23T13:00:00Z,10.1,5.68,0.0,85.0,0.38,-0.02,2.1
2025-01-23T14:00:00Z,10.1,5.92,0.0,96.0,0.4,-0.33,2.3
2025-01-23T15:00:00Z,10.0,5.76,0.0,94.0,0.4,-0.51,1.8
2025-01-23T16:00:00Z,9.9,5.98,0.0,100.0,0.42,-0.56,1.0
2025-01-23T17:00:00Z,9.9,5.88,0.0,100.0,0.44,-0.46,0.8
2025-01-23T18:00:00Z,10.0,5.78,0.0,99.0,0.46,-0.21,1.5
2025-01-23T19:00:00Z,10.0,5.87,0.0,98.0,0.48,0.16,2.7
2025-01-23T20:00:00Z,10.0,6.08,0.0,100.0,0.48,0.5,3.2
2025-01-23T21:00:00Z,10.1,6.24,0.0,97.0,0.5,0.74,3.1
2025-01-23T22:00:00Z,10.0,5.55,0.0,100.0,0.48,0.92,2.5
2025-01-23T23:00:00Z,10.1,6.35,0.0,51.0,0.46,1.03,1.8
2025-01-24T00:00:00Z,10.2,5.86,0.0,65.0,0.44,0.98,0.9
2025-01-24T01:00:00Z,10.2,6.36,0.0,92.0,0.44,0.78,0.4
2025-01-24T02:00:00Z,10.2,6.25,0.0,96.0,0.46,0.49,1.0
2025-01-24T03:00:00Z,10.2,6.82,0.0,42.0,0.46,0.25,1.4
2025-01-24T04:00:00Z,10.1,6.54,0.0,14.0,0.46,0.09,1.1
2025-01-24T05:00:00Z,10.1,6.61,0.0,14.0,0.48,0.01,0.6
2025-01-24T06:00:00Z,10.0,6.94,0.0,68.0,0.48,0.04,0.5
2025-01-24T07:00:00Z,10.0,7.31,0.0,93.0,0.52,0.2,1.0
2025-01-24T08:00:00Z,9.9,7.6,0.0,85.0,0.56,0.4,1.8
2025-01-24T09:00:00Z,9.9,7.34,0.0,89.0,0.6,0.51,1.8
2025-01-24T10:00:00Z,10.1,7.09,0.0,74.0,0.58,0.58,1.5
2025-01-24T11:00:00Z,10.1,7.03,0.0,81.0,0.54,0.62,0.9
2025-01-24T12:00:00Z,10.1,6.44,0.0,88.0,0.52,0.56,0.2
2025-01-24T13:00:00Z,10.2,6.72,0.0,68.0,0.54,0.34,0.6
2025-01-24T14:00:00Z,10.2,6.95,0.0,62.0,0.58,0.04,1.2
2025-01-24T15:00:00Z,10.1,6.93,0.0,61.0,0.6,-0.25,1.5
2025-01-24T16:00:00Z,10.1,6.95,0.0,27.0,0.62,-0.44,1.2
2025-01-24T17:00:00Z,10.0,7.49,0.0,52.0,0.64,-0.51,0.7
2025-01-24T18:00:00Z,10.0,8.17,0.0,78.0,0.66,-0.43,1.2
2025-01-24T19:00:00Z,10.0,8.6,0.0,92.0,0.7,-0.16,2.3
2025-01-24T20:00:00Z,10.0,8.64,0.0,97.0,0.76,0.22,3.4
2025-01-24T21:00:00Z,10.0,8.65,0.0,100.0,0.8,0.6,4.0
2025-01-24T22:00:00Z,10.0,7.86,0.0,90.0,0.78,0.93,4.0
2025-01-24T23:00:00Z,10.0,7.85,0.0,65.0,0.76,1.21,3.6
2025-01-25T00:00:00Z,10.0,7.61,0.0,94.0,0.74,1.39,2.9
2025-01-25T01:00:00Z,10.0,7.96,0.0,95.0,0.74,1.37,1.6
2025-01-25T02:00:00Z,10.0,7.78,0.0,98.0,0.76,1.14,0.6
2025-01-25T03:00:00Z,9.9,7.61,0.0,94.0,0.76,0.81,1.0
2025-01-25T04:00:00Z,9.8,7.47,0.0,87.0,0.76,0.5,1.5
2025-01-25T05:00:00Z,9.8,7.39,0.0,88.0,0.78,0.25,1.4
2025-01-25T06:00:00Z,9.7,7.59,0.0,93.0,0.78,0.08,1.3
2025-01-25T07:00:00Z,9.7,7.37,0.0,99.0,0.74,0.04,0.8
2025-01-25T08:00:00Z,9.8,7.13,0.0,100.0,0.72,0.16,0.9
2025-01-25T09:00:00Z,9.8,7.17,0.0,100.0,0.68,0.35,1.5
2025-01-25T10:00:00Z,10.3,6.98,0.0,96.0,0.66,0.52,1.8
2025-01-25T11:00:00Z,10.3,6.66,0.0,87.0,0.64,0.66,1.6
2025-01-25T12:00:00Z,10.3,6.64,0.0,78.0,0.62,0.77,1.3
2025-01-25T13:00:00Z,10.3,6.64,0.0,86.0,0.6,0.74,0.5
2025-01-25T14:00:00Z,10.2,6.73,0.0,93.0,0.58,0.5,0.6
2025-01-25T15:00:00Z,10.2,7.02,0.0,100.0,0.56,0.13,1.5
2025-01-25T16:00:00Z,10.1,7.14,0.0,99.0,0.56,-0.22,1.9
2025-01-25T17:00:00Z,10.1,6.69,0.0,98.0,0.58,-0.47,1.7
2025-01-25T18:00:00Z,10.0,7.07,0.0,99.0,0.58,-0.59,1.2
2025-01-25T19:00:00Z,10.0,7.16,0.0,98.0,0.62,-0.54,0.7
2025-01-25T20:00:00Z,10.0,6.94,0.0,100.0,0.68,-0.27,1.5
2025-01-25T21:00:00Z,9.9,6.87,0.1,100.0,0.72,0.16,2.8
2025-01-25T22:00:00Z,9.4,6.41,0.3,100.0,0.74,0.59,3.6
2025-01-25T23:00:00Z,9.3,6.75,0.7,100.0,0.74,1.0,3.4
2025-01-26T00:00:00Z,9.3,7.0,0.8,100.0,0.76,1.34,3.2
2025-01-26T01:00:00Z,9.3,7.73,0.9,100.0,0.8,1.53,2.3
2025-01-26T02:00:00Z,9.4,8.01,0.8,99.0,0.82,1.46,1.0
2025-01-26T03:00:00Z,9.3,8.32,0.5,100.0,0.86,1.16,1.0
2025-01-26T04:00:00Z,9.2,8.79,0.4,100.0,0.84,0.74,2.2
2025-01-26T05:00:00Z,8.9,9.3,0.3,100.0,0.84,0.34,2.7
2025-01-26T06:00:00Z,8.6,9.51,0.3,99.0,0.82,0.0,2.8
2025-01-26T07:00:00Z,8.2,9.62,0.3,98.0,0.84,-0.24,2.3
2025-01-26T08:00:00Z,7.8,9.15,0.2,99.0,0.84,-0.3,1.5
2025-01-26T09:00:00Z,7.4,8.5,0.1,97.0,0.86,-0.14,0.6
2025-01-26T10:00:00Z,8.0,7.63,0.1,94.0,0.86,0.11,1.5
2025-01-26T11:00:00Z,7.8,8.52,0.1,97.0,0.84,0.37,1.8
2025-01-26T12:00:00Z,7.5,9.26,0.1,100.0,0.84,0.6,1.8
2025-01-26T13:00:00Z,7.2,9.52,0.1,99.0,0.98,0.76,1.1
2025-01-26T14:00:00Z,7.0,11.12,0.1,97.0,1.14,0.68,0.2
2025-01-26T15:00:00Z,6.8,12.26,0.1,100.0,1.28,0.36,1.5
2025-01-26T16:00:00Z,6.6,12.53,0.0,99.0,1.32,-0.08,2.6
2025-01-26T17:00:00Z,6.4,12.56,0.0,82.0,1.36,-0.5,3.0
2025-01-26T18:00:00Z,6.0,12.63,0.0,42.0,1.4,-0.82,2.8
2025-01-26T19:00:00Z,5.7,12.37,0.0,51.0,1.4,-0.96,2.1
2025-01-26T20:00:00Z,5.3,12.09,0.0,43.0,1.38,-0.88,1.4
2025-01-26T21:00:00Z,4.8,11.86,0.0,42.0,1.38,-0.53,1.8
2025-01-26T22:00:00Z,3.9,10.97,0.0,44.0,1.34,0.01,3.5
2025-01-26T23:00:00Z,3.5,10.96,0.0,28.0,1.28,0.59,4.5
2025-01-27T00:00:00Z,3.1,10.56,0.0,22.0,1.24,1.13,4.7
2025-01-27T01:00:00Z,2.8,9.95,0.0,14.0,1.16,1.57,4.0
2025-01-27T02:00:00Z,2.6,9.55,0.0,13.0,1.1,1.77,2.7
2025-01-27T03:00:00Z,2.8,9.35,0.0,6.0,1.02,1.67,0.9
2025-01-27T04:00:00Z,3.1,9.58,0.0,6.0,1.0,1.3,0.9
2025-01-27T05:00:00Z,3.6,9.73,0.0,1.0,0.96,0.82,2.3
2025-01-27T06:00:00Z,4.0,9.68,0.0,0.0,0.94,0.33,3.1
2025-01-27T07:00:00Z,4.5,9.63,0.0,0.0,0.98,-0.09,3.3
2025-01-27T08:00:00Z,4.8,9.68,0.0,0.0,1.02,-0.37,2.9
2025-01-27T09:00:00Z,5.0,9.85,0.0,0.0,1.06,-0.42,1.7
2025-01-27T10:00:00Z,5.3,9.4,0.0,0.0,1.06,-0.2,0.4
2025-01-27T11:00:00Z,5.2,9.91,0.0,0.0,1.06,0.13,1.4
2025-01-27T12:00:00Z,5.0,10.18,0.0,0.0,1.06,0.46,2.0
2025-01-27T13:00:00Z,4.8,10.2,0.0,0.0,1.06,0.76,1.8
2025-01-27T14:00:00Z,4.5,10.16,0.0,0.0,1.04,0.92,1.1
2025-01-27T15:00:00Z,4.1,10.1,0.0,0.0,1.04,0.8,0.3
2025-01-27T16:00:00Z,3.8,10.15,0.0,0.0,1.06,0.42,1.6
2025-01-27T17:00:00Z,3.5,10.29,0.0,0.0,1.06,-0.1,2.9
2025-01-27T18:00:00Z,3.2,10.32,0.0,0.0,1.08,-0.6,3.5
2025-01-27T19:00:00Z,3.0,10.18,0.0,0.0,1.06,-0.97,3.1
2025-01-27T20:00:00Z,2.9,9.97,0.0,0.0,1.06,-1.16,2.3
2025-01-27T21:00:00Z,2.9,9.65,0.0,0.0,1.04,-1.06,1.2
2025-01-27T22:00:00Z,2.8,8.95,0.0,0.0,1.0,-0.63,1.8
2025-01-27T23:00:00Z,2.7,8.42,0.0,0.0,0.98,0.01,3.6
2025-01-28T00:00:00Z,2.6,8.16,0.0,0.0,0.94,0.66,4.5
2025-01-28T01:00:00Z,2.7,8.24,0.0,0.0,0.88,1.25,4.3
2025-01-28T02:00:00Z,2.8,7.76,0.0,0.0,0.8,1.66,3.2
2025-01-28T03:00:00Z,2.9,6.95,0.0,0.0,0.74,1.77,1.8
2025-01-28T04:00:00Z,3.2,6.5,0.0,0.0,0.66,1.51,0.4
2025-01-28T05:00:00Z,3.6,6.65,0.0,0.0,0.6,0.98,2.3
2025-01-28T06:00:00Z,4.1,7.02,0.0,0.0,0.52,0.35,4.0
2025-01-28T07:00:00Z,4.9,7.5,0.0,0.0,0.6,-0.25,4.7
2025-01-28T08:00:00Z,5.7,8.4,0.0,0.0,0.68,-0.72,4.5
2025-01-28T09:00:00Z,6.3,9.33,0.0,0.0,0.76,-0.99,3.5
2025-01-28T10:00:00Z,6.4,8.87,0.0,0.0,0.82,-0.93,1.7
2025-01-28T11:00:00Z,6.3,8.45,0.0,0.0,0.86,-0.57,0.6
2025-01-28T12:00:00Z,6.3,8.25,0.0,0.0,0.92,-0.11,2.2
2025-01-28T13:00:00Z,6.2,8.34,0.0,0.0,0.9,0.33,2.5
2025-01-28T14:00:00Z,5.9,8.58,0.0,0.0,0.9,0.67,2.0
2025-01-28T15:00:00Z,5.5,8.63,0.0,0.0,0.88,0.75,1.0
2025-01-28T16:00:00Z,5.0,8.35,0.0,0.0,0.82,0.51,0.7
2025-01-28T17:00:00Z,4.6,7.7,0.0,0.0,0.78,0.01,2.3
2025-01-28T18:00:00Z,4.4,7.07,0.0,0.0,0.72,-0.59,3.6
2025-01-28T19:00:00Z,4.2,6.69,0.0,0.0,0.64,-1.13,3.8
2025-01-28T20:00:00Z,4.1,6.49,0.0,0.0,0.56,-1.48,3.3
2025-01-28T21:00:00Z,4.0,6.09,0.0,0.0,0.48,-1.59,2.0
2025-01-28T22:00:00Z,4.1,4.84,0.0,0.0,0.42,-1.34,1.0
2025-01-28T23:00:00Z,4.0,4.1,0.0,0.0,0.38,-0.71,2.9
2025-01-29T00:00:00Z,4.0,4.0,0.0,0.0,0.32,,4.9
2025-01-29T01:00:00Z,4.1,3.96,0.0,0.0,0.28,,5.6
2025-01-29T02:00:00Z,4.1,3.91,0.0,0.0,0.26,,4.9
2025-01-29T03:00:00Z,4.1,3.68,0.0,0.0,0.22,,3.2
2025-01-29T04:00:00Z,4.1,3.33,0.0,0.0,0.2,,1.1
2025-01-29T05:00:00Z,4.2,2.77,0.0,0.0,0.16,,1.5
2025-01-29T06:00:00Z,4.3,2.29,0.0,0.0,0.14,,3.6
2025-01-29T07:00:00Z,4.5,2.26,0.0,0.0,0.14,,5.1
2025-01-29T08:00:00Z,4.6,2.58,0.0,0.0,0.12,,5.5
2025-01-29T09:00:00Z,4.8,2.86,0.0,0.0,0.12,,4.8
2025-01-29T10:00:00Z,5.1,2.64,0.0,0.0,0.12,,3.0
2025-01-29T11:00:00Z,5.2,3.26,0.0,0.0,0.12,,0.6
2025-01-29T12:00:00Z,5.3,3.81,0.0,0.0,0.12,,2.2
2025-01-29T13:00:00Z,5.5,4.39,0.0,7.0,0.18,,3.6
2025-01-29T14:00:00Z,5.7,4.98,0.0,14.0,0.22,,3.7
2025-01-29T15:00:00Z,5.9,5.62,0.0,0.0,0.28,,2.8
2025-01-29T16:00:00Z,6.1,5.93,0.0,0.0,0.3,,1.4
2025-01-29T17:00:00Z,6.3,6.0,0.0,0.0,0.3,,1.2
2025-01-29T18:00:00Z,6.6,6.44,0.0,5.0,0.32,,2.7
2025-01-29T19:00:00Z,6.8,6.83,0.0,37.0,0.36,,4.0
2025-01-29T20:00:00Z,7.1,7.08,0.0,53.0,0.4,,4.1
2025-01-29T21:00:00Z,7.4,7.36,0.0,65.0,0.44,,3.4
2025-01-29T22:00:00Z,8.1,6.4,0.0,65.0,0.46,,1.7
2025-01-29T23:00:00Z,8.3,7.13,0.0,91.0,0.46,,1.0
2025-01-30T00:00:00Z,8.6,8.02,0.0,95.0,0.48,,3.6
2025-01-30T01:00:00Z,8.9,8.07,0.0,69.0,0.5,,5.6
2025-01-30T02:00:00Z,9.1,8.14,0.0,12.0,0.52,,5.8
2025-01-30T03:00:00Z,9.3,8.16,0.0,2.0,0.54,,4.6
2025-01-30T04:00:00Z,9.4,8.07,0.0,1.0,0.54,,2.7
2025-01-30T05:00:00Z,9.5,7.9,0.0,2.0,0.56,,1.1
2025-01-30T06:00:00Z,9.7,7.87,0.0,3.0,0.56,,2.7
2025-01-30T07:00:00Z,9.8,7.99,0.0,4.0,0.58,,4.7
2025-01-30T08:00:00Z,9.9,8.32,0.0,2.0,0.6,,5.8
2025-01-30T09:00:00Z,10.0,8.41,0.0,0.0,0.62,,5.6
2025-01-30T10:00:00Z,10.2,8.24,0.0,0.0,0.64,,4.5
2025-01-30T11:00:00Z,10.2,8.59,0.0,34.0,0.64,,2.3
2025-01-30T12:00:00Z,10.4,8.95,0.0,4.0,0.66,,0.8
2025-01-30T13:00:00Z,10.5,9.03,0.0,4.0,0.66,,3.1
2025-01-30T14:00:00Z,10.6,8.93,0.0,58.0,0.66,,4.0
2025-01-30T15:00:00Z,10.6,8.67,0.0,51.0,0.66,,3.5
2025-01-30T16:00:00Z,10.6,8.65,0.0,20.0,0.64,,2.3
2025-01-30T17:00:00Z,10.7,8.9,0.0,2.0,0.62,,1.4
2025-01-30T18:00:00Z,10.7,8.96,0.0,2.0,0.6,,2.4
2025-01-30T19:00:00Z,10.8,8.56,0.0,1.0,0.58,,4.0
2025-01-30T20:00:00Z,10.9,7.65,0.0,6.0,0.56,,4.9
2025-01-30T21:00:00Z,11.0,6.61,0.0,34.0,0.54,,4.7
2025-01-30T22:00:00Z,10.7,5.68,0.0,34.0,0.46,,3.4
2025-01-30T23:00:00Z,10.8,5.84,0.0,49.0,0.4,,1.3
2025-01-31T00:00:00Z,10.9,6.04,0.0,83.0,0.32,,1.8
2025-01-31T01:00:00Z,11.1,6.23,0.0,95.0,0.34,,4.7
2025-01-31T02:00:00Z,11.3,6.32,0.0,71.0,0.34,,6.2
2025-01-31T03:00:00Z,11.4,6.15,0.0,100.0,0.36,,5.9
2025-01-31T04:00:00Z,11.4,5.85,0.3,100.0,0.36,,4.3
2025-01-31T05:00:00Z,11.4,5.36,0.6,99.0,0.38,,2.1
2025-01-31T06:00:00Z,11.3,5.01,0.9,100.0,0.38,,1.4
2025-01-31T07:00:00Z,11.2,4.18,1.4,99.0,0.34,,3.5
2025-01-31T08:00:00Z,11.2,2.08,1.4,100.0,0.32,,5.4
2025-01-31T09:00:00Z,11.3,0.81,1.4,100.0,0.28,,6.1
2025-01-31T10:00:00Z,9.9,1.49,1.4,100.0,0.24,,5.6
2025-01-31T11:00:00Z,9.7,1.9,1.6,100.0,0.22,,3.8
2025-01-31T12:00:00Z,9.6,3.03,1.4,100.0,0.18,,1.2
2025-01-31T13:00:00Z,9.3,4.92,1.4,100.0,0.2,,2.0
2025-01-31T14:00:00Z,9.0,6.72,1.2,100.0,0.24,,4.0
2025-01-31T15:00:00Z,8.9,6.65,0.3,100.0,0.26,,4.3
2025-01-31T16:00:00Z,8.8,5.78,0.3,100.0,0.3,,3.3
2025-01-31T17:00:00Z,8.7,7.04,0.6,100.0,0.34,,1.5
2025-01-31T18:00:00Z,8.6,7.71,0.7,100.0,0.38,,0.9
2025-01-31T19:00:00Z,8.6,7.64,0.9,100.0,0.46,,3.1
2025-01-31T20:00:00Z,8.5,8.31,1.0,100.0,0.54,,4.7
2025-01-31T21:00:00Z,8.4,8.39,0.9,100.0,0.62,,5.5
2025-01-31T22:00:00Z,8.1,7.62,0.6,100.0,0.66,,5.0
2025-01-31T23:00:00Z,8.0,8.63,0.1,100.0,0.72,,3.5
2025-02-01T00:00:00Z,8.1,9.88,0.0,100.0,0.76,,1.5
2025-02-01T01:00:00Z,8.1,9.68,0.0,100.0,0.78,,2.7
2025-02-01T02:00:00Z,8.3,9.3,0.0,100.0,0.78,,5.2
2025-02-01T03:00:00Z,8.5,9.44,0.0,100.0,0.8,,6.3
2025-02-01T04:00:00Z,8.7,9.48,0.0,100.0,0.82,,5.8
2025-02-01T05:00:00Z,8.8,9.72,0.0,100.0,0.82,,4.1
2025-02-01T06:00:00Z,8.8,9.2,0.0,100.0,0.84,,2.0
2025-02-01T07:00:00Z,8.8,8.73,0.0,100.0,0.84,,0.4
2025-02-01T08:00:00Z,8.8,8.66,0.0,100.0,0.84,,2.4
2025-02-01T09:00:00Z,8.7,8.69,0.0,99.0,0.84,,3.9
2025-02-01T10:00:00Z,8.3,7.76,0.0,99.0,0.82,,4.1
2025-02-01T11:00:00Z,8.3,7.83,0.0,100.0,0.82,,3.1
2025-02-01T12:00:00Z,8.3,8.0,0.0,99.0,0.8,,1.4
2025-02-01T13:00:00Z,8.2,8.34,0.0,100.0,0.82,,2.0
2025-02-01T14:00:00Z,8.2,8.56,0.0,99.0,0.84,,4.3
2025-02-01T15:00:00Z,8.1,8.85,0.0,99.0,0.86,,5.8
2025-02-01T16:00:00Z,8.0,9.2,0.0,99.0,0.92,,5.4
2025-02-01T17:00:00Z,7.9,9.91,0.2,100.0,1.0,,3.6
2025-02-01T18:00:00Z,7.8,11.1,0.6,100.0,1.06,,1.4
2025-02-01T19:00:00Z,7.7,11.37,0.1,99.0,1.06,,0.7
2025-02-01T20:00:00Z,7.6,10.34,0.0,97.0,1.06,,2.8
2025-02-01T21:00:00Z,7.5,9.62,0.0,100.0,1.06,,4.3
2025-02-01T22:00:00Z,7.6,7.9,0.1,93.0,0.96,,4.7
2025-02-01T23:00:00Z,7.6,7.61,0.1,92.0,0.84,,3.9
2025-02-02T00:00:00Z,7.6,7.36,0.0,63.0,0.74,,2.2
2025-02-02T01:00:00Z,7.6,7.53,0.0,29.0,0.74,,1.9
2025-02-02T02:00:00Z,7.5,8.38,0.0,32.0,0.72,,3.6
2025-02-02T03:00:00Z,7.5,8.99,0.0,38.0,0.72,,5.4
2025-02-02T04:00:00Z,7.4,9.37,0.0,48.0,0.76,,5.6
2025-02-02T05:00:00Z,7.4,8.76,0.0,52.0,0.8,,4.3
2025-02-02T06:00:00Z,7.4,8.26,0.0,57.0,0.84,,2.2
2025-02-02T07:00:00Z,7.4,8.06,0.0,97.0,0.78,,0.3
2025-02-02T08:00:00Z,7.4,7.45,0.0,98.0,0.7,,2.5
2025-02-02T09:00:00Z,7.3,7.15,0.0,98.0,0.64,,4.4
2025-02-02T10:00:00Z,7.3,7.51,0.0,97.0,0.66,,5.3
2025-02-02T11:00:00Z,7.3,7.8,0.0,98.0,0.7,,4.8
2025-02-02T12:00:00Z,7.1,8.33,0.0,100.0,0.72,,3.5
2025-02-02T13:00:00Z,6.8,8.7,0.0,100.0,0.72,,1.5
2025-02-02T14:00:00Z,6.7,8.25,0.0,100.0,0.7,,2.2
2025-02-02T15:00:00Z,6.7,7.84,0.0,100.0,0.7,,4.3
2025-02-02T16:00:00Z,6.6,8.97,0.0,88.0,0.76,,5.4
2025-02-02T17:00:00Z,6.5,9.77,0.0,95.0,0.82,,4.7
2025-02-02T18:00:00Z,6.5,9.39,0.0,93.0,0.88,,2.9
2025-02-02T19:00:00Z,6.4,9.23,0.0,86.0,0.9,,0.7
2025-02-02T20:00:00Z,6.4,9.88,0.0,91.0,0.94,,1.5
2025-02-02T21:00:00Z,6.3,10.12,0.0,92.0,0.96,,3.1
2025-02-02T22:00:00Z,6.1,9.66,0.0,88.0,0.96,,4.3
2025-02-02T23:00:00Z,6.1,10.22,0.0,95.0,0.94,,4.2
2025-02-03T00:00:00Z,6.2,9.49,0.0,95.0,0.94,,3.1
2025-02-03T01:00:00Z,6.2,9.83,0.0,47.0,0.94,,1.5
2025-02-03T02:00:00Z,6.2,9.83,0.0,46.0,0.94,,2.3
2025-02-03T03:00:00Z,6.1,9.19,0.0,62.0,0.94,,4.4
2025-02-03T04:00:00Z,6.0,9.36,0.0,56.0,0.94,,5.6
2025-02-03T05:00:00Z,5.9,9.23,0.0,40.0,0.92,,5.4
2025-02-03T06:00:00Z,5.9,9.2,0.0,29.0,0.92,,3.6
2025-02-03T07:00:00Z,5.9,8.87,0.0,43.0,0.9,,1.4
2025-02-03T08:00:00Z,5.9,8.8,0.0,37.0,0.88,,0.9
2025-02-03T09:00:00Z,5.7,8.68,0.0,30.0,0.86,,3.1
2025-02-03T10:00:00Z,5.7,7.72,0.0,13.0,0.88,,4.4
2025-02-03T11:00:00Z,5.6,6.97,0.0,10.0,0.88,,4.8
2025-02-03T12:00:00Z,5.5,5.77,0.0,15.0,0.9,,3.9
2025-02-03T13:00:00Z,5.4,4.95,0.0,7.0,0.8,,2.3
2025-02-03T14:00:00Z,5.3,4.96,0.0,6.0,0.7,,1.1
2025-02-03T15:00:00Z,5.1,4.85,0.0,15.0,0.6,,2.8
2025-02-03T16:00:00Z,5.1,4.67,0.0,20.0,0.54,,4.5
2025-02-03T17:00:00Z,5.0,4.78,0.0,38.0,0.5,,4.9
2025-02-03T18:00:00Z,4.8,5.03,0.0,2.0,0.44,,3.6
2025-02-03T19:00:00Z,4.6,4.99,0.0,0.0,0.42,,1.7
2025-02-03T20:00:00Z,4.5,5.1,0.0,0.0,0.42,,0.6
2025-02-03T21:00:00Z,4.4,5.55,0.0,0.0,0.4,,2.4
2025-02-03T22:00:00Z,4.9,3.65,0.0,1.0,0.36,,4.2
2025-02-03T23:00:00Z,4.8,3.92,0.0,3.0,0.34,,4.8
2025-02-04T00:00:00Z,4.7,4.3,0.0,2.0,0.3,,4.4
2025-02-04T01:00:00Z,4.7,4.11,0.0,4.0,0.3,,3.3
2025-02-04T02:00:00Z,4.7,3.5,0.0,2.0,0.3,,2.1
2025-02-04T03:00:00Z,4.7,3.4,0.0,1.0,0.3,,2.3
2025-02-04T04:00:00Z,4.7,3.05,0.0,1.0,0.3,,3.6
2025-02-04T05:00:00Z,4.8,3.47,0.0,20.0,0.28,,4.3
2025-02-04T06:00:00Z,5.0,2.93,0.0,58.0,0.28,,3.4
2025-02-04T07:00:00Z,5.3,2.2,0.0,59.0,0.28,,1.6
2025-02-04T08:00:00Z,5.7,2.05,0.0,38.0,0.26,,0.4
2025-02-04T09:00:00Z,6.1,2.72,0.0,29.0,0.26,,2.3
2025-02-04T10:00:00Z,8.2,3.02,0.0,11.0,0.26,,3.8
2025-02-04T11:00:00Z,8.5,2.82,0.0,2.0,0.28,,4.6
2025-02-04T12:00:00Z,8.4,3.09,0.0,0.0,0.28,,4.5
2025-02-04T13:00:00Z,8.1,3.4,0.0,0.0,0.32,,3.2
2025-02-04T14:00:00Z,7.7,4.08,0.0,0.0,0.34,,1.7
2025-02-04T15:00:00Z,7.3,4.5,0.0,0.0,0.38,,0.9
2025-02-04T16:00:00Z,7.1,4.52,0.0,0.0,0.36,,2.5
2025-02-04T17:00:00Z,7.0,4.53,0.0,0.0,0.32,,3.8
2025-02-04T18:00:00Z,7.0,4.62,0.0,0.0,0.3,,4.0
2025-02-04T19:00:00Z,7.0,4.64,0.0,0.0,0.3,,2.7
2025-02-04T20:00:00Z,6.9,4.49,0.0,0.0,0.28,,1.0
2025-02-04T21:00:00Z,7.0,4.25,0.0,3.0,0.28,,0.7
2025-02-04T22:00:00Z,7.0,3.96,0.0,0.0,0.3,,2.3
2025-02-04T23:00:00Z,7.0,4.32,0.0,0.0,0.3,,3.6
2025-02-05T00:00:00Z,7.2,4.91,0.0,0.0,0.32,,4.0
2025-02-05T01:00:00Z,7.4,5.78,0.0,0.0,0.34,,3.5
2025-02-05T02:00:00Z,7.7,6.09,0.0,6.0,0.36,,2.4
2025-02-05T03:00:00Z,8.0,5.91,0.0,2.0,0.38,,0.8
2025-02-05T04:00:00Z,8.4,5.61,0.0,5.0,0.36,,0.9
2025-02-05T05:00:00Z,8.8,6.1,0.0,52.0,0.34,,2.2
2025-02-05T06:00:00Z,9.3,7.0,0.0,52.0,0.32,,2.6
2025-02-05T07:00:00Z,9.7,7.83,0.0,2.0,0.46,,1.6
2025-02-05T08:00:00Z,9.8,8.89,0.0,32.0,0.6,,0.6
2025-02-05T09:00:00Z,9.6,8.8,0.0,2.0,0.74,,1.5
2025-02-05T10:00:00Z,8.5,7.6,0.0,60.0,0.78,,2.7
2025-02-05T11:00:00Z,6.6,8.88,0.0,87.0,0.8,,3.5
2025-02-05T12:00:00Z,5.5,9.37,0.0,6.0,0.84,,3.5
2025-02-05T13:00:00Z,5.4,9.0,0.0,3.0,0.84,,2.9
2025-02-05T14:00:00Z,5.2,9.0,0.0,3.0,0.84,,1.8
2025-02-05T15:00:00Z,4.9,8.32,0.0,0.0,0.84,,0.9
2025-02-05T16:00:00Z,4.6,7.23,0.0,0.0,0.78,,2.2
2025-02-05T17:00:00Z,4.4,6.93,0.0,3.0,0.72,,3.8
2025-02-05T18:00:00Z,4.2,6.05,0.0,0.0,0.66,,4.9
2025-02-05T19:00:00Z,4.1,5.34,0.0,0.0,0.6,,4.7
2025-02-05T20:00:00Z,4.0,4.87,0.0,0.0,0.52,,3.4
2025-02-05T21:00:00Z,3.9,4.88,0.0,0.0,0.46,,2.0
2025-02-05T22:00:00Z,4.3,4.61,0.0,0.0,0.4,,0.6
2025-02-05T23:00:00Z,4.2,4.26,0.0,0.0,0.36,,1.0
2025-02-06T00:00:00Z,4.3,3.59,0.0,0.0,0.3,,2.1
2025-02-06T01:00:00Z,4.3,2.57,0.0,0.0,0.28,,2.5
2025-02-06T02:00:00Z,4.3,2.93,0.0,2.0,0.26,,2.2
2025-02-06T03:00:00Z,4.3,3.24,0.0,22.0,0.24,,1.5
2025-02-06T04:00:00Z,4.3,2.48,0.0,5.0,0.22,,1.3
2025-02-06T05:00:00Z,4.3,2.07,0.0,4.0,0.18,,1.7
2025-02-06T06:00:00Z,4.4,1.96,0.0,46.0,0.16,,2.4
2025-02-06T07:00:00Z,4.5,1.2,0.0,99.0,0.14,,2.7
2025-02-06T08:00:00Z,4.6,0.32,0.0,96.0,0.14,,2.0
2025-02-06T09:00:00Z,4.8,0.81,0.0,94.0,0.12,,0.9
2025-02-06T10:00:00Z,5.3,1.93,0.0,100.0,0.1,,0.4
2025-02-06T11:00:00Z,5.6,2.23,0.0,97.0,0.1,,1.6
2025-02-06T12:00:00Z,5.9,2.48,0.0,98.0,0.08,,2.5
2025-02-06T13:00:00Z,6.2,2.36,0.0,99.0,0.1,,2.9
2025-02-06T14:00:00Z,6.4,2.58,0.0,98.0,0.1,,2.6
2025-02-06T15:00:00Z,6.7,2.87,0.0,90.0,0.12,,1.9
2025-02-06T16:00:00Z,6.9,3.15,0.0,0.0,0.1,,0.8
2025-02-06T17:00:00Z,7.1,3.65,0.0,0.0,0.08,,0.9
2025-02-06T18:00:00Z,7.3,3.99,0.0,0.0,0.06,,2.2
2025-02-06T19:00:00Z,7.4,4.47,0.0,0.0,0.12,,3.1
2025-02-06T20:00:00Z,7.5,5.38,0.0,0.0,0.18,,3.1
2025-02-06T21:00:00Z,7.5,6.66,0.0,0.0,0.24,,2.2
2025-02-06T22:00:00Z,7.3,7.89,0.0,0.0,0.38,,1.1
2025-02-06T23:00:00Z,6.9,8.95,0.0,0.0,0.5,,0.4
2025-02-07T00:00:00Z,6.3,10.08,0.0,1.0,0.64,,1.3
2025-02-07T01:00:00Z,4.4,12.68,0.0,6.0,0.88,,2.1
2025-02-07T02:00:00Z,3.9,13.15,0.0,87.0,1.12,,2.3
2025-02-07T03:00:00Z,3.6,13.01,0.0,88.0,1.36,,1.9
2025-02-07T04:00:00Z,3.1,12.89,0.0,97.0,1.38,,1.4
2025-02-07T05:00:00Z,2.9,12.33,0.0,44.0,1.38,,1.0
2025-02-07T06:00:00Z,2.7,12.35,0.0,12.0,1.4,,0.9
2025-02-07T07:00:00Z,2.6,12.8,0.0,11.0,1.44,,1.8
2025-02-07T08:00:00Z,2.1,12.87,0.0,17.0,1.46,,2.3
2025-02-07T09:00:00Z,1.6,12.73,0.0,39.0,1.5,,2.0
2025-02-07T10:00:00Z,0.6,11.51,0.0,37.0,1.42,,1.3
2025-02-07T11:00:00Z,0.2,11.17,0.0,35.0,1.34,,0.6
2025-02-07T12:00:00Z,-0.2,10.88,0.0,31.0,1.26,,0.5
2025-02-07T13:00:00Z,-0.4,10.72,0.0,27.0,1.24,,1.4
2025-02-07T14:00:00Z,-0.6,10.91,0.0,27.0,1.24,,1.9
2025-02-07T15:00:00Z,-0.8,10.69,0.0,30.0,1.22,,1.9
2025-02-07T16:00:00Z,-1.0,10.83,0.0,25.0,1.24,,1.5
2025-02-07T17:00:00Z,-1.2,10.87,0.0,13.0,1.28,,1.2
2025-02-07T18:00:00Z,-1.3,10.35,0.0,5.0,1.3,,1.2
2025-02-07T19:00:00Z,-1.4,10.41,0.0,18.0,1.32,,2.3
2025-02-07T20:00:00Z,-1.4,10.58,0.0,25.0,1.36,,3.3
2025-02-07T21:00:00Z,-1.4,10.4,0.0,28.0,1.38,,3.4
2025-02-07T22:00:00Z,-1.3,9.66,0.0,27.0,1.34,,3.1
2025-02-07T23:00:00Z,-1.3,9.46,0.0,29.0,1.28,,2.3
2025-02-08T00:00:00Z,-1.3,9.67,0.0,29.0,1.24,,1.1
2025-02-08T01:00:00Z,-1.2,9.28,0.0,25.0,1.16,,0.6
2025-02-08T02:00:00Z,-0.9,9.39,0.0,30.0,1.08,,1.6
2025-02-08T03:00:00Z,-0.5,9.17,0.0,54.0,1.0,,2.5
2025-02-08T04:00:00Z,0.1,8.7,0.0,79.0,0.94,,2.8
2025-02-08T05:00:00Z,0.5,8.39,0.0,100.0,0.86,,2.8
2025-02-08T06:00:00Z,0.8,8.04,0.0,100.0,0.8,,2.3
2025-02-08T07:00:00Z,1.1,8.24,0.0,100.0,0.76,,1.5
2025-02-08T08:00:00Z,1.4,7.95,0.0,100.0,0.7,,0.4
2025-02-08T09:00:00Z,1.6,7.69,0.0,100.0,0.66,,0.9
2025-02-08T10:00:00Z,1.5,7.26,0.0,96.0,0.64,,1.1
2025-02-08T11:00:00Z,1.5,7.09,0.0,76.0,0.64,,0.9
2025-02-08T12:00:00Z,1.4,6.69,0.0,77.0,0.62,,0.2
2025-02-08T13:00:00Z,1.4,6.85,0.0,55.0,0.62,,0.6
2025-02-08T14:00:00Z,1.3,6.86,0.0,67.0,0.62,,1.5
2025-02-08T15:00:00Z,1.2,6.84,0.0,53.0,0.62,,2.3
2025-02-08T16:00:00Z,1.1,6.62,0.0,31.0,0.6,,2.4
2025-02-08T17:00:00Z,1.1,6.4,0.0,25.0,0.58,,2.3
2025-02-08T18:00:00Z,1.1,6.67,0.0,25.0,0.56,,1.9
2025-02-08T19:00:00Z,1.0,6.5,0.0,17.0,0.54,,1.2
2025-02-08T20:00:00Z,1.0,5.76,0.0,5.0,0.54,,1.3
2025-02-08T21:00:00Z,0.9,4.94,0.0,0.0,0.52,,2.5
2025-02-08T22:00:00Z,1.0,5.98,0.0,0.0,0.52,,3.2
2025-02-08T23:00:00Z,0.9,6.11,0.0,2.0,0.52,,3.2
2025-02-09T00:00:00Z,0.9,5.94,0.0,3.0,0.52,0.97,2.9
2025-02-09T01:00:00Z,0.9,5.94,0.0,0.0,0.52,1.13,1.8
2025-02-09T02:00:00Z,0.9,5.26,0.0,0.0,0.52,1.01,0.5
2025-02-09T03:00:00Z,0.9,5.36,0.0,0.0,0.52,0.69,1.2
2025-02-09T04:00:00Z,1.0,5.49,0.0,0.0,0.46,0.3,2.2
2025-02-09T05:00:00Z,1.2,5.16,0.0,0.0,0.42,-0.11,2.8
2025-02-09T06:00:00Z,1.4,4.45,0.0,0.0,0.36,-0.49,3.0
2025-02-09T07:00:00Z,1.7,4.3,0.0,0.0,0.32,-0.72,2.6
2025-02-09T08:00:00Z,1.9,4.43,0.0,0.0,0.3,-0.73,1.3
2025-02-09T09:00:00Z,2.2,4.26,0.0,0.0,0.26,-0.54,1.0
2025-02-09T10:00:00Z,2.4,3.26,0.0,0.0,0.26,-0.26,2.0
2025-02-09T11:00:00Z,2.4,2.83,0.0,0.0,0.24,0.09,2.7
2025-02-09T12:00:00Z,2.4,2.97,0.0,1.0,0.24,0.43,2.7
2025-02-09T13:00:00Z,2.5,3.1,0.0,0.0,0.22,0.61,2.4
2025-02-09T14:00:00Z,2.6,2.48,0.0,0.0,0.22,0.53,1.5
2025-02-09T15:00:00Z,2.6,2.03,0.0,0.0,0.2,0.24,0.4
2025-02-09T16:00:00Z,2.6,1.92,0.0,1.0,0.18,-0.15,0.5
2025-02-09T17:00:00Z,2.7,2.02,0.0,1.0,0.14,-0.54,1.0
2025-02-09T18:00:00Z,2.8,2.1,0.0,1.0,0.12,-0.87,1.0
2025-02-09T19:00:00Z,2.9,2.13,0.0,0.0,0.12,-1.07,0.7
2025-02-09T20:00:00Z,2.9,2.02,0.0,0.0,0.12,-0.99,1.5
2025-02-09T21:00:00Z,3.0,2.38,0.0,0.0,0.12,-0.63,3.3
2025-02-09T22:00:00Z,3.6,2.33,0.0,0.0,0.12,-0.1,4.9
2025-02-09T23:00:00Z,3.7,2.48,0.0,5.0,0.1,0.52,6.0
2025-02-10T00:00:00Z,4.0,3.01,0.0,0.0,0.1,1.13,6.0
2025-02-10T01:00:00Z,4.2,2.96,0.0,6.0,0.12,1.59,5.4
2025-02-10T02:00:00Z,4.5,2.58,0.0,7.0,0.14,1.75,4.0
2025-02-10T03:00:00Z,4.8,2.64,0.0,3.0,0.16,1.58,2.0
2025-02-10T04:00:00Z,5.0,2.42,0.0,0.0,0.16,1.17,0.3
2025-02-10T05:00:00Z,5.2,2.22,0.0,0.0,0.14,0.65,1.3
2025-02-10T06:00:00Z,5.4,2.93,0.0,0.0,0.14,0.11,2.2
2025-02-10T07:00:00Z,5.6,3.81,0.0,0.0,0.2,-0.39,2.3
2025-02-10T08:00:00Z,6.0,4.54,0.0,0.0,0.26,-0.7,1.8
2025-02-10T09:00:00Z,6.2,5.21,0.0,0.0,0.32,-0.7,0.2
2025-02-10T10:00:00Z,6.5,5.89,0.0,0.0,0.32,-0.46,1.7
2025-02-10T11:00:00Z,6.9,6.08,0.0,0.0,0.32,-0.08,3.0
2025-02-10T12:00:00Z,7.2,5.77,0.0,2.0,0.32,0.36,3.5
2025-02-10T13:00:00Z,7.4,6.01,0.0,2.0,0.32,0.75,3.2
2025-02-10T14:00:00Z,7.7,6.27,0.0,37.0,0.3,0.89,2.4
2025-02-10T15:00:00Z,7.9,6.42,0.0,92.0,0.3,0.72,1.0
2025-02-10T16:00:00Z,8.1,6.35,0.0,87.0,0.28,0.3,1.0
2025-02-10T17:00:00Z,8.2,6.09,0.0,96.0,0.28,-0.21,2.2
2025-02-10T18:00:00Z,8.4,6.07,0.0,99.0,0.26,-0.71,2.9
2025-02-10T19:00:00Z,8.5,5.98,0.0,88.0,0.26,-1.13,2.9
2025-02-10T20:00:00Z,8.6,5.84,0.1,76.0,0.26,-1.36,2.4
2025-02-10T21:00:00Z,8.7,5.86,0.0,96.0,0.26,-1.26,0.6
2025-02-10T22:00:00Z,8.7,5.59,0.1,99.0,0.28,-0.83,1.8
2025-02-10T23:00:00Z,8.9,6.2,0.0,100.0,0.32,-0.2,3.8
2025-02-11T00:00:00Z,9.0,6.71,0.0,98.0,0.34,0.51,4.7
2025-02-11T01:00:00Z,9.1,6.61,0.0,92.0,0.38,1.2,4.8
2025-02-11T02:00:00Z,9.3,6.92,0.0,79.0,0.44,1.66,3.9
2025-02-11T03:00:00Z,9.5,7.24,0.0,96.0,0.48,1.74,2.3
2025-02-11T04:00:00Z,9.6,7.43,0.0,100.0,0.46,1.46,0.7
2025-02-11T05:00:00Z,9.6,7.72,0.0,97.0,0.46,0.94,2.3
2025-02-11T06:00:00Z,9.7,7.92,0.0,98.0,0.44,0.33,3.7
2025-02-11T07:00:00Z,9.8,8.16,0.1,100.0,0.46,-0.28,4.4
2025-02-11T08:00:00Z,9.9,8.21,0.1,100.0,0.5,-0.79,4.5
2025-02-11T09:00:00Z,10.0,8.27,0.2,100.0,0.52,-1.05,3.4
2025-02-11T10:00:00Z,10.4,7.36,0.2,100.0,0.5,-0.94,1.5
2025-02-11T11:00:00Z,10.4,7.09,0.3,97.0,0.46,-0.57,1.0
2025-02-11T12:00:00Z,10.3,6.59,0.3,97.0,0.44,-0.06,2.3
2025-02-11T13:00:00Z,10.3,6.23,0.2,93.0,0.4,0.47,2.7
2025-02-11T14:00:00Z,10.3,6.11,0.2,96.0,0.34,0.87,2.3
2025-02-11T15:00:00Z,10.3,6.17,0.2,100.0,0.3,0.96,1.5
2025-02-11T16:00:00Z,10.2,6.02,0.3,100.0,0.26,0.7,1.4
2025-02-11T17:00:00Z,10.0,5.62,0.9,96.0,0.24,0.19,2.9
2025-02-11T18:00:00Z,9.8,4.97,1.1,99.0,0.2,-0.39,4.2
2025-02-11T19:00:00Z,9.7,4.73,0.2,100.0,0.24,-0.95,4.7
2025-02-11T20:00:00Z,9.6,5.69,0.1,94.0,0.26,-1.39,4.7
2025-02-11T21:00:00Z,9.5,6.73,0.0,99.0,0.3,-1.56,3.5
2025-02-11T22:00:00Z,9.4,6.51,0.3,87.0,0.34,-1.33,1.3
2025-02-11T23:00:00Z,9.1,6.8,0.4,94.0,0.38,-0.73,1.8
2025-02-12T00:00:00Z,8.9,8.04,0.1,95.0,0.42,0.06,3.8
2025-02-12T01:00:00Z,8.6,9.05,0.0,96.0,0.48,0.87,4.7
2025-02-12T02:00:00Z,8.3,8.1,0.0,97.0,0.54,1.56,4.5
2025-02-12T03:00:00Z,8.1,7.92,0.0,94.0,0.6,1.94,3.3
2025-02-12T04:00:00Z,8.0,7.61,0.0,90.0,0.58,1.89,1.3
2025-02-12T05:00:00Z,7.9,7.31,0.0,100.0,0.56,1.47,1.1
2025-02-12T06:00:00Z,8.0,7.22,0.0,100.0,0.54,0.84,2.9
2025-02-12T07:00:00Z,8.2,7.5,0.0,100.0,0.58,0.17,4.2
2025-02-12T08:00:00Z,8.4,7.42,0.0,100.0,0.6,-0.44,4.4
2025-02-12T09:00:00Z,8.6,7.69,0.0,100.0,0.64,-0.87,3.7
2025-02-12T10:00:00Z,8.0,8.62,0.0,100.0,0.68,-0.95,1.9
2025-02-12T11:00:00Z,7.6,9.93,0.1,100.0,0.74,-0.65,1.2
2025-02-12T12:00:00Z,7.0,10.98,0.0,100.0,0.78,-0.09,3.4
2025-02-12T13:00:00Z,6.5,11.31,0.0,96.0,0.88,0.55,4.7
2025-02-12T14:00:00Z,6.2,11.05,0.0,90.0,0.96,1.13,4.7
2025-02-12T15:00:00Z,6.0,10.57,0.0,97.0,1.06,1.45,3.8
2025-02-12T16:00:00Z,5.9,10.25,0.0,78.0,0.98,1.41,2.0
2025-02-12T17:00:00Z,5.9,9.84,0.0,10.0,0.92,1.01,0.3
2025-02-12T18:00:00Z,5.9,9.22,0.0,1.0,0.84,0.4,2.2
2025-02-12T19:00:00Z,5.9,9.17,0.0,1.0,0.82,-0.25,3.3
2025-02-12T20:00:00Z,5.9,9.12,0.0,1.0,0.78,-0.8,3.7
2025-02-12T21:00:00Z,5.9,8.97,0.0,2.0,0.76,-1.16,3.3
2025-02-12T22:00:00Z,5.8,7.82,0.0,0.0,0.72,-1.18,2.0
2025-02-12T23:00:00Z,5.7,7.78,0.0,0.0,0.7,-0.77,1.8
2025-02-13T00:00:00Z,5.7,7.49,0.0,0.0,0.66,-0.05,3.8
2025-02-13T01:00:00Z,5.7,7.54,0.0,0.0,0.62,0.77,5.4
2025-02-13T02:00:00Z,5.7,6.85,0.0,0.0,0.58,1.52,5.4
2025-02-13T03:00:00Z,5.7,6.05,0.0,0.0,0.54,2.04,4.5
2025-02-13T04:00:00Z,5.6,5.01,0.0,0.0,0.48,2.18,2.5
2025-02-13T05:00:00Z,5.6,4.34,0.0,0.0,0.44,1.87,0.4
2025-02-13T06:00:00Z,5.7,3.78,0.0,0.0,0.38,1.23,2.8
2025-02-13T07:00:00Z,5.7,3.16,0.0,0.0,0.34,0.45,4.8
2025-02-13T08:00:00Z,5.8,2.85,0.0,0.0,0.3,-0.3,5.8
2025-02-13T09:00:00Z,5.9,3.18,0.0,0.0,0.26,-0.92,5.9
2025-02-13T10:00:00Z,5.8,3.16,0.0,0.0,0.24,-1.28,4.8
2025-02-13T11:00:00Z,5.8,3.55,0.0,0.0,0.24,-1.23,2.6
2025-02-13T12:00:00Z,5.9,3.85,0.0,0.0,0.22,-0.8,0.6
2025-02-13T13:00:00Z,6.0,3.21,0.0,0.0,0.22,-0.18,2.5
2025-02-13T14:00:00Z,6.1,3.38,0.0,0.0,0.24,0.43,3.2
2025-02-13T15:00:00Z,6.2,3.68,0.0,1.0,0.24,0.89,2.9
2025-02-13T16:00:00Z,6.4,3.69,0.0,4.0,0.22,1.05,1.7
2025-02-13T17:00:00Z,6.5,3.57,0.0,0.0,0.22,0.82,0.8
2025-02-13T18:00:00Z,6.6,3.52,0.0,5.0,0.2,0.26,2.5
2025-02-13T19:00:00Z,6.7,2.8,0.0,25.0,0.2,-0.43,4.3
2025-02-13T20:00:00Z,6.8,2.89,0.0,39.0,0.22,-1.08,5.1
2025-02-13T21:00:00Z,7.0,3.33,0.0,70.0,0.22,-1.56,4.7
2025-02-13T22:00:00Z,7.0,3.63,0.0,98.0,0.22,-1.78,3.5
2025-02-13T23:00:00Z,7.2,4.16,0.0,89.0,0.2,-1.6,1.5
2025-02-14T00:00:00Z,7.4,4.37,0.0,83.0,0.2,-0.99,1.7
2025-02-14T01:00:00Z,7.5,4.17,0.0,90.0,0.22,-0.15,4.1
2025-02-14T02:00:00Z,7.7,4.38,0.0,81.0,0.22,0.69,5.2
2025-02-14T03:00:00Z,7.9,4.14,0.0,78.0,0.24,1.36,4.9
2025-02-14T04:00:00Z,8.0,3.96,0.0,67.0,0.24,1.74,3.5
2025-02-14T05:00:00Z,8.1,3.54,0.0,99.0,0.22,1.71,1.5
2025-02-14T06:00:00Z,8.2,3.09,0.0,100.0,0.22,1.28,1.4
2025-02-14T07:00:00Z,8.3,3.22,0.0,100.0,0.26,0.59,3.4
2025-02-14T08:00:00Z,8.3,3.97,0.0,99.0,0.3,-0.15,4.7
2025-02-14T09:00:00Z,8.3,4.75,0.0,100.0,0.34,-0.78,5.0
2025-02-14T10:00:00Z,8.5,4.59,0.2,96.0,0.32,-1.2,4.3
2025-02-14T11:00:00Z,8.5,4.62,0.3,100.0,0.3,-1.3,2.7
2025-02-14T12:00:00Z,8.5,5.01,0.2,100.0,0.28,-0.98,0.0
2025-02-14T13:00:00Z,8.6,5.06,0.0,100.0,0.28,-0.36,2.6
2025-02-14T14:00:00Z,8.7,5.6,0.0,100.0,0.26,0.32,4.1
2025-02-14T15:00:00Z,8.8,5.69,0.1,100.0,0.26,0.88,4.2
2025-02-14T16:00:00Z,8.8,5.02,0.3,100.0,0.24,1.23,3.4
2025-02-14T17:00:00Z,8.8,4.87,0.3,100.0,0.22,1.23,1.8
2025-02-14T18:00:00Z,8.8,4.97,0.0,100.0,0.2,0.88,1.4
2025-02-14T19:00:00Z,8.8,5.06,0.0,99.0,0.2,0.27,3.0
2025-02-14T20:00:00Z,8.9,5.29,0.1,96.0,0.2,-0.41,4.2
2025-02-14T21:00:00Z,9.0,5.05,0.1,100.0,0.2,-0.97,4.5
2025-02-14T22:00:00Z,9.0,4.07,0.0,60.0,0.18,-1.31,3.8
2025-02-14T23:00:00Z,8.9,3.08,0.0,99.0,0.16,-1.33,2.0
2025-02-15T00:00:00Z,8.7,2.42,0.0,99.0,0.14,-0.96,0.5
2025-02-15T01:00:00Z,8.5,2.0,0.0,100.0,0.14,-0.23,3.1
2025-02-15T02:00:00Z,8.3,2.67,0.2,100.0,0.12,0.61,4.9
2025-02-15T03:00:00Z,8.1,3.11,0.5,100.0,0.12,1.34,5.1
2025-02-15T04:00:00Z,7.9,4.07,1.0,100.0,0.14,1.82,4.0
2025-02-15T05:00:00Z,7.7,4.75,1.2,100.0,0.14,1.97,2.1
2025-02-15T06:00:00Z,7.7,5.66,1.4,100.0,0.16,1.72,0.6
2025-02-15T07:00:00Z,7.7,5.94,1.5,100.0,0.22,1.12,3.1
2025-02-15T08:00:00Z,7.7,5.58,1.5,100.0,0.26,0.36,4.9
2025-02-15T09:00:00Z,7.8,5.17,1.5,100.0,0.32,-0.36,5.8
2025-02-15T10:00:00Z,7.6,4.62,1.0,99.0,0.3,-0.9,5.5
2025-02-15T11:00:00Z,7.6,4.37,0.3,99.0,0.28,-1.16,4.1
2025-02-15T12:00:00Z,7.6,5.27,0.1,95.0,0.26,-1.06,2.1
2025-02-15T13:00:00Z,7.5,5.69,0.0,84.0,0.28,-0.57,1.2
2025-02-15T14:00:00Z,7.4,5.63,0.0,81.0,0.3,0.12,3.1
2025-02-15T15:00:00Z,7.4,5.43,0.0,69.0,0.32,0.73,4.0
2025-02-15T16:00:00Z,7.4,4.94,0.0,47.0,0.3,1.14,3.4
2025-02-15T17:00:00Z,7.4,5.07,0.0,61.0,0.26,1.29,2.0
2025-02-15T18:00:00Z,7.3,5.87,0.0,49.0,0.24,1.1,0.4
2025-02-15T19:00:00Z,7.2,6.33,0.0,56.0,0.26,0.6,2.2
2025-02-15T20:00:00Z,7.2,5.98,0.0,57.0,0.3,-0.07,4.0
2025-02-15T21:00:00Z,7.1,5.55,0.0,65.0,0.32,-0.71,4.7
2025-02-15T22:00:00Z,6.7,5.25,0.0,6.0,0.3,-1.16,4.4
2025-02-15T23:00:00Z,6.7,5.65,0.0,12.0,0.3,-1.34,3.2
2025-02-16T00:00:00Z,6.7,5.94,0.0,20.0,0.28,-1.19,1.5
2025-02-16T01:00:00Z,6.7,6.24,0.0,16.0,0.3,-0.66,1.7
2025-02-16T02:00:00Z,6.8,3.2,0.0,0.0,0.3,0.12,3.8
2025-02-16T03:00:00Z,7.0,4.67,0.0,1.0,0.32,0.86,4.9
2025-02-16T04:00:00Z,7.2,5.7,0.0,5.0,0.34,1.38,4.3
2025-02-16T05:00:00Z,7.6,5.94,0.0,5.0,0.38,1.63,2.9
2025-02-16T06:00:00Z,8.1,5.82,0.0,72.0,0.4,1.56,1.0
2025-02-16T07:00:00Z,8.7,5.55,0.0,83.0,0.4,1.14,1.7
2025-02-16T08:00:00Z,9.2,5.24,0.0,92.0,0.42,0.48,3.8
2025-02-16T09:00:00Z,9.4,5.0,0.0,89.0,0.42,-0.24,5.0
2025-02-16T10:00:00Z,10.0,4.63,0.0,71.0,0.38,-0.83,5.2
2025-02-16T11:00:00Z,10.1,4.73,0.0,38.0,0.34,-1.15,4.2
2025-02-16T12:00:00Z,10.1,5.17,0.0,0.0,0.3,-1.18,2.6
2025-02-16T13:00:00Z,10.0,6.4,0.0,49.0,0.34,-0.86,0.6
2025-02-16T14:00:00Z,9.9,7.31,0.0,89.0,0.4,-0.24,2.3
2025-02-16T15:00:00Z,9.5,8.6,0.0,8.0,0.44,0.45,4.0
2025-02-16T16:00:00Z,8.3,9.31,0.0,3.0,0.52,0.98,4.3
2025-02-16T17:00:00Z,7.5,9.23,0.0,3.0,0.6,1.26,3.6
2025-02-16T18:00:00Z,7.2,9.2,0.0,8.0,0.68,1.28,2.3
2025-02-16T19:00:00Z,7.1,9.61,0.0,4.0,0.72,1.02,0.6
2025-02-16T20:00:00Z,7.1,9.98,0.0,12.0,0.78,0.51,1.3
2025-02-16T21:00:00Z,6.9,9.87,0.0,21.0,0.82,-0.11,2.6
2025-02-16T22:00:00Z,6.8,9.18,0.0,16.0,0.78,-0.62,2.9
2025-02-16T23:00:00Z,6.7,8.5,0.0,10.0,0.74,-0.9,2.3
2025-02-17T00:00:00Z,6.6,7.63,0.0,2.0,0.7,-0.91,1.4
2025-02-17T01:00:00Z,6.6,7.23,0.0,16.0,0.66,-0.61,1.9
2025-02-17T02:00:00Z,6.6,6.71,0.0,3.0,0.64,-0.02,3.5
2025-02-17T03:00:00Z,6.6,6.12,0.0,59.0,0.6,0.7,5.1
2025-02-17T04:00:00Z,6.6,6.36,0.0,99.0,0.6,1.27,5.2
2025-02-17T05:00:00Z,6.6,6.73,0.0,100.0,0.6,1.56,4.0
2025-02-17T06:00:00Z,6.6,7.46,0.0,100.0,0.6,1.58,2.2
2025-02-17T07:00:00Z,6.7,8.22,0.0,100.0,0.64,1.33,0.2
2025-02-17T08:00:00Z,6.8,8.48,0.0,100.0,0.68,0.82,1.8
2025-02-17T09:00:00Z,6.8,8.13,0.0,100.0,0.72,0.16,3.5
2025-02-17T10:00:00Z,6.6,6.96,0.0,100.0,0.68,-0.47,4.2
2025-02-17T11:00:00Z,6.6,6.76,0.0,100.0,0.64,-0.9,3.9
2025-02-17T12:00:00Z,6.6,6.41,0.0,100.0,0.6,-1.05,2.6
2025-02-17T13:00:00Z,6.5,5.81,0.0,100.0,0.58,-0.91,1.1
2025-02-17T14:00:00Z,6.4,5.7,0.0,100.0,0.56,-0.47,1.9
2025-02-17T15:00:00Z,6.3,5.42,0.0,100.0,0.54,0.15,3.6
2025-02-17T16:00:00Z,6.2,5.09,0.0,87.0,0.5,0.72,4.3
2025-02-17T17:00:00Z,6.2,4.98,0.0,86.0,0.48,1.06,3.6
2025-02-17T18:00:00Z,6.1,5.25,0.0,81.0,0.44,1.16,2.2
2025-02-17T19:00:00Z,6.0,6.55,0.0,88.0,0.48,1.04,0.5
2025-02-17T20:00:00Z,5.9,6.96,0.0,77.0,0.52,0.67,1.3
2025-02-17T21:00:00Z,5.9,6.91,0.0,1.0,0.56,0.14,2.7
2025-02-17T22:00:00Z,6.0,6.77,0.0,1.0,0.56,-0.41,3.5
2025-02-17T23:00:00Z,6.1,6.33,0.0,0.0,0.56,-0.8,3.4
2025-02-18T00:00:00Z,6.3,5.86,0.0,0.0,0.56,-0.94,2.3
2025-02-18T01:00:00Z,6.5,5.5,0.0,0.0,0.52,-0.81,1.1
2025-02-18T02:00:00Z,6.6,5.27,0.0,0.0,0.48,-0.43,2.0
2025-02-18T03:00:00Z,6.7,5.21,0.0,0.0,0.44,0.15,3.5
2025-02-18T04:00:00Z,6.6,4.65,0.0,0.0,0.42,0.73,4.3
2025-02-18T05:00:00Z,6.6,4.42,0.0,2.0,0.4,1.09,4.0
2025-02-18T06:00:00Z,6.6,4.3,0.0,0.0,0.38,1.19,2.3
2025-02-18T07:00:00Z,6.6,4.53,0.0,0.0,0.38,1.07,0.8
2025-02-18T08:00:00Z,6.6,4.84,0.0,0.0,0.36,0.73,1.1
2025-02-18T09:00:00Z,6.6,4.93,0.0,0.0,0.36,0.21,2.7
2025-02-18T10:00:00Z,6.7,4.36,0.0,5.0,0.34,-0.38,3.8
2025-02-18T11:00:00Z,6.7,4.36,0.0,11.0,0.34,-0.87,4.0
2025-02-18T12:00:00Z,6.8,4.35,0.0,29.0,0.32,-1.12,3.1
2025-02-18T13:00:00Z,6.8,4.26,0.0,44.0,0.32,-1.1,1.5
2025-02-18T14:00:00Z,6.9,4.35,0.0,47.0,0.32,-0.83,0.6
2025-02-18T15:00:00Z,6.9,4.59,0.0,50.0,0.32,-0.33,2.2
2025-02-18T16:00:00Z,7.0,4.47,0.0,29.0,0.28,0.26,3.6
2025-02-18T17:00:00Z,7.1,4.25,0.0,13.0,0.26,0.73,3.8
2025-02-18T18:00:00Z,7.1,4.14,0.0,92.0,0.22,0.95,2.8
2025-02-18T19:00:00Z,7.1,4.25,0.0,84.0,0.22,0.96,1.2
2025-02-18T20:00:00Z,7.2,4.49,0.0,97.0,0.24,0.77,0.9
2025-02-18T21:00:00Z,7.2,4.73,0.0,94.0,0.24,0.41,2.2
2025-02-18T22:00:00Z,7.3,4.03,0.0,92.0,0.24,-0.07,3.2
2025-02-18T23:00:00Z,7.3,4.1,0.0,77.0,0.26,-0.5,3.6
2025-02-19T00:00:00Z,7.5,4.3,0.0,65.0,0.26,-0.75,2.9
2025-02-19T01:00:00Z,7.6,4.6,0.0,64.0,0.28,-0.77,1.6
2025-02-19T02:00:00Z,7.7,5.03,0.0,26.0,0.32,-0.58,0.2
2025-02-19T03:00:00Z,7.7,4.84,0.0,18.0,0.34,-0.21,1.6
2025-02-19T04:00:00Z,7.7,4.87,0.0,97.0,0.36,0.29,2.9
2025-02-19T05:00:00Z,7.7,5.06,0.0,88.0,0.38,0.71,3.3
2025-02-19T06:00:00Z,7.7,5.61,0.0,59.0,0.4,0.91,2.8
2025-02-19T07:00:00Z,7.7,6.17,0.0,49.0,0.44,0.88,1.5
2025-02-19T08:00:00Z,7.7,6.49,0.0,21.0,0.48,0.7,0.7
2025-02-19T09:00:00Z,7.6,6.41,0.0,66.0,0.52,0.37,1.7
2025-02-19T10:00:00Z,7.5,5.98,0.0,84.0,0.5,-0.08,2.7
2025-02-19T11:00:00Z,7.6,5.54,0.0,96.0,0.46,-0.53,3.2
2025-02-19T12:00:00Z,7.7,5.09,0.0,98.0,0.44,-0.84,2.9
2025-02-19T13:00:00Z,7.8,5.19,0.0,87.0,0.46,-0.92,1.7
2025-02-19T14:00:00Z,7.7,5.52,0.0,84.0,0.46,-0.78,0.4
2025-02-19T15:00:00Z,7.5,5.93,0.0,89.0,0.48,-0.45,1.7
2025-02-19T16:00:00Z,7.3,5.77,0.0,86.0,0.44,0.04,3.1
2025-02-19T17:00:00Z,7.2,6.11,0.0,98.0,0.42,0.55,3.8
2025-02-19T18:00:00Z,7.0,6.47,0.1,99.0,0.38,0.89,3.6
2025-02-19T19:00:00Z,6.9,6.6,0.2,100.0,0.42,1.0,2.5
2025-02-19T20:00:00Z,6.8,6.65,0.1,100.0,0.48,0.95,1.1
2025-02-19T21:00:00Z,6.7,6.47,0.0,100.0,0.52,0.76,0.5
2025-02-19T22:00:00Z,6.7,6.35,0.0,97.0,0.54,0.44,1.6
2025-02-19T23:00:00Z,6.8,6.88,0.0,96.0,0.54,0.04,2.5
2025-02-20T00:00:00Z,6.9,7.15,0.0,96.0,0.56,-0.31,2.8
2025-02-20T01:00:00Z,6.9,7.42,0.0,95.0,0.6,-0.47,2.1
2025-02-20T02:00:00Z,7.0,7.78,0.0,92.0,0.62,-0.44,1.0
2025-02-20T03:00:00Z,7.1,7.57,0.0,98.0,0.66,-0.26,0.5
2025-02-20T04:00:00Z,7.1,7.71,0.0,100.0,0.66,0.05,1.7
2025-02-20T05:00:00Z,7.1,7.59,0.0,100.0,0.64,0.42,2.3
2025-02-20T06:00:00Z,7.0,7.88,0.0,100.0,0.64,0.68,2.5
2025-02-20T07:00:00Z,6.9,7.78,0.1,100.0,0.66,0.73,1.7
2025-02-20T08:00:00Z,6.7,7.98,0.2,100.0,0.66,0.61,0.5
2025-02-20T09:00:00Z,6.6,8.02,0.4,100.0,0.68,0.41,0.8
2025-02-20T10:00:00Z,6.0,7.86,0.5,100.0,0.68,0.11,1.6
2025-02-20T11:00:00Z,6.0,7.71,0.5,100.0,0.7,-0.27,2.5
2025-02-20T12:00:00Z,6.1,7.27,0.5,100.0,0.7,-0.62,2.8
2025-02-20T13:00:00Z,6.0,7.32,0.5,100.0,0.7,-0.82,2.3
2025-02-20T14:00:00Z,6.0,7.42,0.5,100.0,0.7,-0.82,1.0
2025-02-20T15:00:00Z,6.0,7.66,0.4,98.0,0.7,-0.66,0.8
2025-02-20T16:00:00Z,6.0,7.75,0.2,97.0,0.68,-0.35,1.9
2025-02-20T17:00:00Z,6.0,8.11,0.1,99.0,0.66,0.07,2.9
2025-02-20T18:00:00Z,6.0,8.13,0.1,97.0,0.64,0.49,3.6
2025-02-20T19:00:00Z,5.9,8.17,0.1,96.0,0.7,0.75,3.4
2025-02-20T20:00:00Z,5.8,8.35,0.1,98.0,0.74,0.84,2.3
2025-02-20T21:00:00Z,5.7,8.47,0.1,93.0,0.8,0.82,1.3
2025-02-20T22:00:00Z,5.6,8.75,0.0,96.0,0.78,0.71,0.2
2025-02-20T23:00:00Z,5.8,8.27,0.0,92.0,0.78,0.48,0.7
2025-02-21T00:00:00Z,6.1,8.03,0.0,81.0,0.76,0.19,1.5
2025-02-21T01:00:00Z,6.2,7.71,0.0,66.0,0.74,-0.04,1.6
2025-02-21T02:00:00Z,6.3,7.22,0.0,76.0,0.7,-0.14,1.0
2025-02-21T03:00:00Z,6.4,6.96,0.0,80.0,0.68,-0.12,0.4
2025-02-21T04:00:00Z,6.5,6.9,0.0,83.0,0.66,-0.02,0.6
2025-02-21T05:00:00Z,6.5,6.78,0.0,83.0,0.62,0.17,1.1
2025-02-21T06:00:00Z,6.5,6.66,0.0,81.0,0.6,0.39,1.6
2025-02-21T07:00:00Z,6.6,6.59,0.0,55.0,0.58,0.5,1.6
2025-02-21T08:00:00Z,6.7,6.72,0.0,48.0,0.58,0.46,1.0
2025-02-21T09:00:00Z,6.7,6.98,0.0,57.0,0.56,0.34,0.4
2025-02-21T10:00:00Z,6.8,6.65,0.0,53.0,0.54,0.2,0.8
2025-02-21T11:00:00Z,6.9,6.04,0.0,66.0,0.5,0.0,1.5
2025-02-21T12:00:00Z,7.0,5.04,0.0,64.0,0.48,-0.28,2.0
2025-02-21T13:00:00Z,7.0,4.7,0.0,60.0,0.46,-0.54,2.0
2025-02-21T14:00:00Z,6.9,4.47,0.0,80.0,0.42,-0.68,1.7
2025-02-21T15:00:00Z,6.9,4.4,0.0,83.0,0.4,-0.68,0.7
2025-02-21T16:00:00Z,6.8,4.23,0.0,89.0,0.38,-0.58,0.4
2025-02-21T17:00:00Z,6.7,4.36,0.0,78.0,0.34,-0.36,1.3
2025-02-21T18:00:00Z,6.7,4.89,0.0,85.0,0.32,-0.03,2.2
2025-02-21T19:00:00Z,6.6,5.86,0.0,65.0,0.36,0.29,2.7
2025-02-21T20:00:00Z,6.5,6.8,0.0,77.0,0.38,0.49,2.5
2025-02-21T21:00:00Z,6.5,6.9,0.0,88.0,0.42,0.59,1.8
2025-02-21T22:00:00Z,6.5,7.43,0.0,15.0,0.46,0.65,1.1
2025-02-21T23:00:00Z,6.5,8.06,0.0,28.0,0.5,0.64,0.5
2025-02-22T00:00:00Z,6.6,7.81,0.0,88.0,0.54,0.5,0.6
2025-02-22T01:00:00Z,6.7,7.68,0.0,100.0,0.56,0.29,1.1
2025-02-22T02:00:00Z,6.7,7.28,0.0,100.0,0.58,0.1,1.3
2025-02-22T03:00:00Z,6.7,6.04,0.0,100.0,0.6,-0.03,0.9
2025-02-22T04:00:00Z,6.6,5.95,0.0,100.0,0.6,-0.09,0.6
2025-02-22T05:00:00Z,6.5,6.24,0.0,100.0,0.58,-0.09,0.2
2025-02-22T06:00:00Z,6.4,6.15,0.0,100.0,0.58,0.0,0.5
2025-02-22T07:00:00Z,6.5,6.13,0.2,99.0,0.58,0.13,1.1
2025-02-22T08:00:00Z,6.5,6.2,0.3,100.0,0.58,0.2,1.3
2025-02-22T09:00:00Z,6.5,6.0,0.3,100.0,0.58,0.19,0.8
2025-02-22T10:00:00Z,5.8,5.98,0.3,100.0,0.54,0.16,0.4
2025-02-22T11:00:00Z,5.9,5.88,0.3,100.0,0.52,0.12,0.5
2025-02-22T12:00:00Z,6.0,5.76,0.3,98.0,0.48,-0.01,0.9
2025-02-22T13:00:00Z,5.9,5.23,0.2,100.0,0.44,-0.22,1.5
2025-02-22T14:00:00Z,5.9,5.24,0.2,98.0,0.4,-0.45,1.8
2025-02-22T15:00:00Z,6.0,5.54,0.1,99.0,0.36,-0.61,1.7
2025-02-22T16:00:00Z,6.1,5.75,0.0,100.0,0.38,-0.66,1.0
2025-02-22T17:00:00Z,6.1,6.02,0.0,95.0,0.38,-0.63,0.5
2025-02-22T18:00:00Z,6.1,6.42,0.0,99.0,0.4,-0.46,1.2
2025-02-22T19:00:00Z,6.2,6.93,0.1,93.0,0.48,-0.17,2.1
2025-02-22T20:00:00Z,6.2,7.44,0.0,97.0,0.58,0.15,2.7
2025-02-22T21:00:00Z,6.3,7.87,0.0,100.0,0.66,0.4,2.7
2025-02-22T22:00:00Z,6.2,8.06,0.0,100.0,0.68,0.62,2.3
2025-02-22T23:00:00Z,6.3,7.92,0.0,93.0,0.68,0.81,1.8
2025-02-23T00:00:00Z,6.4,7.77,0.0,81.0,0.7,0.89,1.1
2025-02-23T01:00:00Z,6.4,7.79,0.0,49.0,0.72,0.8,0.4
2025-02-23T02:00:00Z,6.4,7.92,0.0,51.0,0.74,0.57,0.9
2025-02-23T03:00:00Z,6.4,8.08,0.0,53.0,0.76,0.31,1.3
2025-02-23T04:00:00Z,6.2,7.9,0.0,50.0,0.72,0.09,1.5
2025-02-23T05:00:00Z,6.0,7.31,0.0,40.0,0.7,-0.08,1.2
2025-02-23T06:00:00Z,5.9,7.02,0.0,51.0,0.66,-0.19,1.0
2025-02-23T07:00:00Z,5.9,7.04,0.0,67.0,0.64,-0.17,0.7
2025-02-23T08:00:00Z,5.9,6.89,0.0,66.0,0.62,-0.04,0.8
2025-02-23T09:00:00Z,5.9,6.86,0.0,61.0,0.6,0.07,1.3
2025-02-23T10:00:00Z,5.6,6.31,0.0,82.0,0.6,0.15,1.1
2025-02-23T11:00:00Z,5.6,6.32,0.0,96.0,0.62,0.23,0.9
2025-02-23T12:00:00Z,5.5,6.02,0.0,93.0,0.62,0.27,0.4
2025-02-23T13:00:00Z,5.6,5.41,0.0,69.0,0.56,0.19,0.4
2025-02-23T14:00:00Z,5.5,5.11,0.0,26.0,0.5,-0.04,1.1
2025-02-23T15:00:00Z,5.5,5.0,0.0,14.0,0.44,-0.32,1.8
2025-02-23T16:00:00Z,5.5,4.97,0.0,35.0,0.4,-0.55,1.6
2025-02-23T17:00:00Z,5.4,4.91,0.0,53.0,0.34,-0.69,1.2
2025-02-23T18:00:00Z,5.3,4.95,0.0,44.0,0.3,-0.73,0.9
2025-02-23T19:00:00Z,5.2,5.04,0.0,42.0,0.34,-0.6,0.9
2025-02-23T20:00:00Z,5.2,5.46,0.0,23.0,0.36,-0.31,1.9
2025-02-23T21:00:00Z,5.0,6.11,0.0,11.0,0.4,0.06,2.9
2025-02-23T22:00:00Z,4.9,5.78,0.0,21.0,0.42,0.42,3.1
2025-02-23T23:00:00Z,4.8,5.84,0.0,15.0,0.44,0.77,3.1
2025-02-24T00:00:00Z,4.7,5.8,0.0,24.0,0.46,1.05,2.5
2025-02-24T01:00:00Z,4.6,5.41,0.0,8.0,0.44,1.17,1.6
2025-02-24T02:00:00Z,4.7,4.93,0.0,2.0,0.42,1.05,0.4
2025-02-24T03:00:00Z,4.7,4.46,0.0,24.0,0.4,0.74,1.0
2025-02-24T04:00:00Z,4.8,4.22,0.0,15.0,0.36,0.36,1.9
2025-02-24T05:00:00Z,4.8,4.03,0.0,12.0,0.3,0.0,2.4
2025-02-24T06:00:00Z,4.9,3.86,0.0,5.0,0.26,-0.31,2.2
2025-02-24T07:00:00Z,5.0,3.92,0.0,0.0,0.26,-0.5,1.7
2025-02-24T08:00:00Z,5.0,4.13,0.0,0.0,0.26,-0.48,0.8
2025-02-24T09:00:00Z,5.0,4.14,0.0,0.0,0.26,-0.31,0.7
2025-02-24T10:00:00Z,5.2,3.69,0.0,0.0,0.26,-0.1,1.4
2025-02-24T11:00:00Z,5.1,3.79,0.0,0.0,0.28,0.12,1.5
2025-02-24T12:00:00Z,5.1,3.35,0.0,0.0,0.28,0.32,1.3
2025-02-24T13:00:00Z,5.1,3.59,0.0,0.0,0.28,0.41,0.6
2025-02-24T14:00:00Z,5.2,4.02,0.0,0.0,0.28,0.28,0.6
2025-02-24T15:00:00Z,5.3,4.04,0.0,0.0,0.28,-0.04,1.6
2025-02-24T16:00:00Z,5.5,3.96,0.0,0.0,0.28,-0.44,2.5
2025-02-24T17:00:00Z,5.6,4.5,0.0,0.0,0.28,-0.79,2.7
2025-02-24T18:00:00Z,5.8,4.84,0.0,3.0,0.28,-1.04,2.5
2025-02-24T19:00:00Z,6.0,3.99,0.0,78.0,0.26,-1.15,1.9
2025-02-24T20:00:00Z,6.3,3.69,0.0,96.0,0.26,-1.02,0.8
2025-02-24T21:00:00Z,6.5,3.86,0.0,76.0,0.24,-0.65,1.3
2025-02-24T22:00:00Z,6.6,5.02,0.0,68.0,0.24,-0.16,2.7
2025-02-24T23:00:00Z,6.8,5.89,0.0,67.0,0.26,0.35,3.2
2025-02-25T00:00:00Z,7.1,5.64,0.0,58.0,0.26,0.82,3.1
2025-02-25T01:00:00Z,7.4,5.65,0.0,81.0,0.26,1.16,2.4
2025-02-25T02:00:00Z,7.6,5.62,0.0,83.0,0.24,1.24,1.2
2025-02-25T03:00:00Z,7.8,6.17,0.0,92.0,0.24,1.01,0.6
2025-02-25T04:00:00Z,8.0,6.15,0.0,100.0,0.22,0.57,2.3
2025-02-25T05:00:00Z,8.1,5.66,0.0,100.0,0.22,0.06,3.4
2025-02-25T06:00:00Z,8.1,4.92,0.0,100.0,0.2,-0.42,4.0
2025-02-25T07:00:00Z,8.1,3.94,0.1,100.0,0.18,-0.8,3.8
2025-02-25T08:00:00Z,8.2,3.58,0.1,100.0,0.18,-0.99,2.9
2025-02-25T09:00:00Z,8.2,3.76,0.1,100.0,0.16,-0.89,1.3
2025-02-25T10:00:00Z,7.9,3.96,0.1,96.0,0.12,-0.58,0.6
2025-02-25T11:00:00Z,7.8,4.11,0.0,97.0,0.1,-0.21,1.5
2025-02-25T12:00:00Z,7.9,3.95,0.0,94.0,0.06,0.16,1.9
2025-02-25T13:00:00Z,7.9,4.5,0.0,90.0,0.1,0.46,1.5
2025-02-25T14:00:00Z,7.9,5.24,0.0,86.0,0.12,0.56,0.6
2025-02-25T15:00:00Z,7.9,5.21,0.0,97.0,0.16,0.37,0.7
2025-02-25T16:00:00Z,7.8,4.75,0.0,98.0,0.18,-0.04,2.2
2025-02-25T17:00:00Z,7.8,4.88,0.0,93.0,0.2,-0.53,3.1
2025-02-25T18:00:00Z,7.7,4.94,0.0,92.0,0.22,-0.96,3.3
2025-02-25T19:00:00Z,7.6,4.71,0.0,89.0,0.22,-1.25,2.8
2025-02-25T20:00:00Z,7.6,4.57,0.0,90.0,0.22,-1.31,1.6
2025-02-25T21:00:00Z,7.5,4.22,0.0,92.0,0.22,-1.06,0.9
2025-02-25T22:00:00Z,7.2,3.76,0.0,94.0,0.2,-0.51,2.9
2025-02-25T23:00:00Z,7.1,3.36,0.0,94.0,0.16,0.18,4.5
2025-02-26T00:00:00Z,7.2,2.52,0.0,97.0,0.14,0.86,4.9
2025-02-26T01:00:00Z,7.2,2.21,0.0,79.0,0.12,1.43,4.3
2025-02-26T02:00:00Z,7.2,1.7,0.0,93.0,0.12,1.77,3.3
2025-02-26T03:00:00Z,7.2,1.79,0.0,88.0,0.1,1.74,1.3
2025-02-26T04:00:00Z,7.2,1.25,0.0,90.0,0.08,1.35,0.9
2025-02-26T05:00:00Z,7.3,0.85,0.0,93.0,0.04,0.75,2.9
2025-02-26T06:00:00Z,7.5,1.05,0.0,94.0,0.02,0.11,4.2
2025-02-26T07:00:00Z,7.8,1.75,0.0,91.0,0.04,-0.46,4.5
2025-02-26T08:00:00Z,8.0,2.77,0.0,93.0,0.06,-0.87,4.0
2025-02-26T09:00:00Z,8.0,3.43,0.0,95.0,0.08,-0.98,2.4
2025-02-26T10:00:00Z,8.2,4.12,0.0,94.0,0.06,-0.74,0.2
2025-02-26T11:00:00Z,8.3,5.05,0.0,97.0,0.06,-0.26,2.0
2025-02-26T12:00:00Z,8.5,5.29,0.0,99.0,0.04,0.27,3.1
2025-02-26T13:00:00Z,8.6,5.24,0.0,98.0,0.1,0.74,3.4
2025-02-26T14:00:00Z,8.8,5.68,0.0,96.0,0.16,1.03,2.5
2025-02-26T15:00:00Z,9.0,6.37,0.0,96.0,0.22,1.02,1.3
2025-02-26T16:00:00Z,9.1,6.84,0.0,98.0,0.24,0.66,1.2
2025-02-26T17:00:00Z,9.2,6.87,0.0,92.0,0.28,0.07,3.1
2025-02-26T18:00:00Z,9.3,6.69,0.0,94.0,0.3,-0.56,4.1
2025-02-26T19:00:00Z,9.4,6.44,0.0,81.0,0.3,-1.09,4.5
2025-02-26T20:00:00Z,9.4,6.19,0.0,90.0,0.3,-1.43,3.8
2025-02-26T21:00:00Z,9.5,5.89,0.1,95.0,0.3,-1.47,2.2
2025-02-26T22:00:00Z,9.4,6.04,1.0,100.0,0.28,-1.1,0.4
2025-02-26T23:00:00Z,9.5,5.71,0.6,100.0,0.28,-0.4,2.9
2025-02-27T00:00:00Z,9.6,5.54,0.4,100.0,0.26,0.4,4.5
2025-02-27T01:00:00Z,9.7,6.0,0.2,100.0,0.26,1.14,4.7
2025-02-27T02:00:00Z,9.8,6.36,0.2,100.0,0.28,1.69,3.8
2025-02-27T03:00:00Z,9.8,5.81,0.1,100.0,0.28,1.9,2.3
2025-02-27T04:00:00Z,9.8,5.38,0.0,96.0,0.26,1.68,0.7
2025-02-27T05:00:00Z,9.8,5.07,0.0,56.0,0.22,1.1,2.8
2025-02-27T06:00:00Z,9.8,4.68,0.0,52.0,0.2,0.34,4.7
2025-02-27T07:00:00Z,9.8,4.7,0.0,45.0,0.2,-0.41,5.6
2025-02-27T08:00:00Z,9.8,5.01,0.0,48.0,0.18,-1.02,5.6
2025-02-27T09:00:00Z,9.8,5.14,0.0,28.0,0.18,-1.36,4.3
2025-02-27T10:00:00Z,9.8,5.78,0.0,4.0,0.2,-1.31,2.2
2025-02-27T11:00:00Z,9.8,6.05,0.0,1.0,0.22,-0.85,0.8
2025-02-27T12:00:00Z,9.7,5.6,0.0,1.0,0.24,-0.18,3.0
2025-02-27T13:00:00Z,9.5,4.89,0.0,3.0,0.22,0.48,4.0
2025-02-27T14:00:00Z,9.3,4.62,0.0,1.0,0.22,1.0,3.6
2025-02-27T15:00:00Z,9.2,4.61,0.0,4.0,0.2,1.24,2.5
2025-02-27T16:00:00Z,9.2,4.52,0.0,76.0,0.18,1.09,1.1
2025-02-27T17:00:00Z,9.1,4.6,0.0,87.0,0.14,0.59,2.3
2025-02-27T18:00:00Z,9.0,4.41,0.0,100.0,0.12,-0.11,4.0
2025-02-27T19:00:00Z,9.0,4.2,0.0,100.0,0.12,-0.8,4.9
2025-02-27T20:00:00Z,9.0,3.85,0.0,100.0,0.12,-1.33,4.9
2025-02-27T21:00:00Z,8.8,3.5,0.0,100.0,0.12,-1.61,3.6
2025-02-27T22:00:00Z,8.5,3.63,0.0,100.0,0.12,-1.49,1.6
2025-02-27T23:00:00Z,8.6,3.86,0.0,100.0,0.12,-0.92,1.7
2025-02-28T00:00:00Z,8.6,3.64,0.0,100.0,0.12,-0.05,4.5
2025-02-28T01:00:00Z,8.8,3.93,0.0,99.0,0.12,0.86,6.0
2025-02-28T02:00:00Z,8.9,4.08,0.0,99.0,0.14,1.62,5.6
2025-02-28T03:00:00Z,9.1,3.83,0.0,99.0,0.14,2.07,4.4
2025-02-28T04:00:00Z,9.3,3.59,0.0,100.0,0.14,2.12,2.3
2025-02-28T05:00:00Z,9.5,3.93,0.0,98.0,0.12,1.72,0.8
2025-02-28T06:00:00Z,9.7,5.06,0.0,99.0,0.12,0.99,3.1
2025-02-28T07:00:00Z,9.7,6.15,0.0,100.0,0.2,0.15,4.7
2025-02-28T08:00:00Z,9.6,6.93,0.0,98.0,0.28,-0.62,5.2
2025-02-28T09:00:00Z,9.6,7.24,0.0,99.0,0.36,-1.16,4.7
2025-02-28T10:00:00Z,10.5,7.63,0.0,97.0,0.4,-1.36,2.9
2025-02-28T11:00:00Z,10.7,8.21,0.0,99.0,0.46,-1.1,0.0
2025-02-28T12:00:00Z,11.0,8.57,0.0,83.0,0.5,-0.42,3.1
2025-02-28T13:00:00Z,11.2,8.63,0.0,87.0,0.54,0.39,5.3
2025-02-28T14:00:00Z,11.4,9.06,0.0,71.0,0.56,1.09,5.5
2025-02-28T15:00:00Z,11.5,9.47,0.0,92.0,0.6,1.54,4.5
2025-02-28T16:00:00Z,11.6,9.53,0.0,87.0,0.6,1.63,2.5
2025-02-28T17:00:00Z,11.6,9.16,0.0,96.0,0.6,1.29,1.1
2025-02-28T18:00:00Z,11.7,8.83,0.0,90.0,0.6,0.62,3.1
2025-02-28T19:00:00Z,11.6,8.89,0.0,86.0,0.62,-0.21,5.1
2025-02-28T20:00:00Z,11.7,9.18,0.0,98.0,0.62,-0.96,5.8
2025-02-28T21:00:00Z,11.8,9.07,0.0,100.0,0.64,-1.49,5.4
2025-02-28T22:00:00Z,12.0,9.06,0.0,100.0,0.64,-1.68,3.8
2025-02-28T23:00:00Z,12.1,9.46,0.0,81.0,0.66,-1.43,1.1
2025-03-01T00:00:00Z,12.2,9.65,0.0,88.0,0.66,-0.7,2.2
2025-03-01T01:00:00Z,12.3,9.27,0.0,70.0,0.62,0.27,4.9
2025-03-01T02:00:00Z,12.5,8.87,0.0,59.0,0.58,1.17,5.8
2025-03-01T03:00:00Z,12.6,8.27,0.0,55.0,0.54,1.81,5.2
2025-03-01T04:00:00Z,12.4,7.35,0.0,15.0,0.48,2.08,3.2
2025-03-01T05:00:00Z,12.4,6.8,0.0,7.0,0.4,1.89,1.2
2025-03-01T06:00:00Z,12.3,6.35,0.0,3.0,0.34,1.3,2.4
2025-03-01T07:00:00Z,12.0,6.42,0.0,18.0,0.32,0.46,4.7
2025-03-01T08:00:00Z,11.7,6.98,0.0,56.0,0.28,-0.42,5.9
2025-03-01T09:00:00Z,11.8,7.04,0.0,61.0,0.26,-1.12,5.9
2025-03-01T10:00:00Z,12.2,6.42,0.0,42.0,0.24,-1.53,4.7
2025-03-01T11:00:00Z,12.3,6.54,0.0,49.0,0.24,-1.53,2.3
2025-03-01T12:00:00Z,12.2,6.6,0.0,87.0,0.22,-1.04,0.9
2025-03-01T13:00:00Z,11.9,6.54,0.0,80.0,0.24,-0.2,4.0
2025-03-01T14:00:00Z,11.7,7.07,0.0,49.0,0.28,0.67,5.7
2025-03-01T15:00:00Z,11.8,7.76,0.0,28.0,0.3,1.33,5.4
2025-03-01T16:00:00Z,12.1,8.18,0.0,13.0,0.34,1.65,3.9
2025-03-01T17:00:00Z,12.4,8.32,0.0,12.0,0.38,1.57,1.8
2025-03-01T18:00:00Z,12.6,8.34,0.0,9.0,0.42,1.1,1.8
2025-03-01T19:00:00Z,12.6,8.24,0.0,1.0,0.42,0.34,3.8
2025-03-01T20:00:00Z,12.6,8.12,0.0,0.0,0.44,-0.48,5.4
2025-03-01T21:00:00Z,12.7,8.12,0.0,2.0,0.44,-1.17,5.8
2025-03-01T22:00:00Z,12.7,7.92,0.0,1.0,0.44,-1.58,4.7
2025-03-01T23:00:00Z,12.8,8.33,0.0,1.0,0.42,-1.6,2.8
2025-03-02T00:00:00Z,12.9,8.71,0.0,1.0,0.42,-1.17,0.5
2025-03-02T01:00:00Z,13.0,8.8,0.0,0.0,0.44,-0.31,3.6
2025-03-02T02:00:00Z,13.2,8.95,0.0,11.0,0.44,0.67,5.6
2025-03-02T03:00:00Z,13.5,9.22,0.0,3.0,0.46,1.48,6.0
2025-03-02T04:00:00Z,13.6,9.27,0.0,0.0,0.46,1.95,4.7
2025-03-02T05:00:00Z,13.6,8.77,0.0,4.0,0.44,2.02,2.3
2025-03-02T06:00:00Z,13.5,8.52,0.0,0.0,0.44,1.67,1.3
2025-03-02T07:00:00Z,13.4,9.09,0.0,0.0,0.5,0.96,3.4
2025-03-02T08:00:00Z,13.4,9.44,0.0,0.0,0.54,0.09,5.2
2025-03-02T09:00:00Z,13.4,9.14,0.0,3.0,0.6,-0.72,6.1
2025-03-02T10:00:00Z,14.0,7.95,0.0,21.0,0.58,-1.29,5.6
2025-03-02T11:00:00Z,13.8,7.95,0.0,23.0,0.54,-1.52,4.0
2025-03-02T12:00:00Z,13.4,7.53,0.0,28.0,0.52,-1.32,1.3
2025-03-02T13:00:00Z,13.2,7.45,0.1,25.0,0.52,-0.65,2.0
2025-03-02T14:00:00Z,13.3,6.39,0.0,49.0,0.5,0.26,4.7
2025-03-02T15:00:00Z,12.7,4.57,0.2,45.0,0.5,1.1,5.7
2025-03-02T16:00:00Z,12.8,5.83,1.9,34.0,0.48,1.65,4.8
2025-03-02T17:00:00Z,12.5,8.68,0.0,39.0,0.48,1.83,2.8
2025-03-02T18:00:00Z,12.6,8.43,0.0,48.0,0.46,1.6,0.5
2025-03-02T19:00:00Z,12.9,8.27,0.0,51.0,0.52,1.01,2.2
2025-03-02T20:00:00Z,11.4,8.65,0.0,93.0,0.56,0.2,4.2
2025-03-02T21:00:00Z,10.0,7.99,0.0,99.0,0.62,-0.58,5.2
2025-03-02T22:00:00Z,9.2,7.09,0.0,99.0,0.62,-1.12,4.7
2025-03-02T23:00:00Z,9.1,9.34,0.0,100.0,0.6,-1.36,3.2
2025-03-03T00:00:00Z,9.0,9.24,0.0,100.0,0.6,-1.22,1.5
2025-03-03T01:00:00Z,9.0,7.54,0.0,99.0,0.58,-0.65,3.1
2025-03-03T02:00:00Z,8.9,7.0,0.2,100.0,0.58,0.28,6.0
2025-03-03T03:00:00Z,8.8,6.96,0.2,54.0,0.56,1.17,7.4
2025-03-03T04:00:00Z,8.8,7.22,0.7,84.0,0.52,1.81,6.8
2025-03-03T05:00:00Z,8.8,7.3,0.1,100.0,0.5,2.09,4.9
2025-03-03T06:00:00Z,9.0,6.8,0.0,98.0,0.46,1.99,2.3
2025-03-03T07:00:00Z,9.2,6.09,0.0,95.0,0.44,1.5,0.5
2025-03-03T08:00:00Z,9.2,5.57,0.1,90.0,0.42,0.75,2.9
2025-03-03T09:00:00Z,9.3,5.32,0.1,100.0,0.4,-0.07,4.5
2025-03-03T10:00:00Z,9.0,4.7,0.1,100.0,0.36,-0.74,4.7
2025-03-03T11:00:00Z,8.9,4.78,0.1,100.0,0.34,-1.11,3.8
2025-03-03T12:00:00Z,8.9,4.91,0.1,100.0,0.3,-1.14,2.2
2025-03-03T13:00:00Z,8.8,4.4,0.0,100.0,0.3,-0.75,1.9
2025-03-03T14:00:00Z,8.8,3.83,0.2,100.0,0.28,0.0,4.5
2025-03-03T15:00:00Z,8.6,4.03,2.2,100.0,0.28,0.89,6.1
2025-03-03T16:00:00Z,8.6,5.45,1.0,100.0,0.32,1.58,6.3
2025-03-03T17:00:00Z,8.6,6.91,0.2,100.0,0.36,1.93,4.7
2025-03-03T18:00:00Z,8.6,8.37,0.2,100.0,0.4,1.95,2.3
2025-03-03T19:00:00Z,8.5,10.31,2.4,100.0,0.52,1.61,0.4
2025-03-03T20:00:00Z,8.5,10.91,1.0,100.0,0.62,0.96,2.9
2025-03-03T21:00:00Z,8.4,10.45,0.5,100.0,0.74,0.19,4.7
2025-03-03T22:00:00Z,8.1,10.9,0.1,100.0,0.92,-0.5,5.5
2025-03-03T23:00:00Z,7.8,11.34,0.0,100.0,1.08,-0.96,5.0
2025-03-04T00:00:00Z,7.7,12.55,0.0,100.0,1.26,-1.11,3.5
2025-03-04T01:00:00Z,7.7,12.24,0.0,100.0,1.48,-0.9,1.9
2025-03-04T02:00:00Z,7.8,12.62,0.0,100.0,1.72,-0.34,2.2
2025-03-04T03:00:00Z,8.1,13.27,0.1,100.0,1.94,0.41,4.0
2025-03-04T04:00:00Z,8.4,13.5,0.1,100.0,1.86,1.09,4.9
2025-03-04T05:00:00Z,8.7,13.25,0.0,100.0,1.76,1.5,4.1
2025-03-04T06:00:00Z,8.9,12.01,0.0,100.0,1.68,1.59,2.5
2025-03-04T07:00:00Z,8.9,10.89,0.1,100.0,1.48,1.39,0.6
2025-03-04T08:00:00Z,8.9,10.17,0.2,100.0,1.28,0.9,1.6
2025-03-04T09:00:00Z,8.8,11.19,0.0,100.0,1.08,0.25,3.3
2025-03-04T10:00:00Z,8.2,9.89,0.5,100.0,1.08,-0.4,4.2
2025-03-04T11:00:00Z,8.2,9.89,0.6,99.0,1.08,-0.87,4.0
2025-03-04T12:00:00Z,8.2,9.87,1.1,100.0,1.08,-1.06,2.7
2025-03-04T13:00:00Z,8.2,8.93,0.1,100.0,1.02,-0.89,1.3
2025-03-04T14:00:00Z,8.1,8.93,0.0,100.0,0.98,-0.37,2.7
2025-03-04T15:00:00Z,8.1,9.01,0.1,100.0,0.92,0.41,4.9
2025-03-04T16:00:00Z,8.0,9.69,0.1,100.0,0.9,1.2,6.1
2025-03-04T17:00:00Z,7.9,9.41,0.1,100.0,0.9,1.74,5.8
2025-03-04T18:00:00Z,7.8,9.67,0.1,100.0,0.88,1.98,4.0
2025-03-04T19:00:00Z,7.6,10.36,0.0,100.0,0.92,1.94,1.6
2025-03-04T20:00:00Z,7.6,9.67,0.0,100.0,0.96,1.57,0.5
2025-03-04T21:00:00Z,7.6,8.8,0.1,100.0,1.0,0.98,2.8
2025-03-04T22:00:00Z,7.6,7.82,0.0,100.0,0.92,0.33,4.1
2025-03-04T23:00:00Z,7.6,8.42,0.0,100.0,0.84,-0.2,4.3
2025-03-05T00:00:00Z,7.5,8.54,0.0,100.0,0.76,-0.55,3.6
2025-03-05T01:00:00Z,7.5,8.25,0.0,100.0,0.74,-0.58,2.2
2025-03-05T02:00:00Z,7.7,7.74,0.0,99.0,0.74,-0.34,1.3
2025-03-05T03:00:00Z,7.8,7.49,0.0,100.0,0.72,0.15,2.5
2025-03-05T04:00:00Z,7.8,8.92,0.0,100.0,0.72,0.77,4.0
2025-03-05T05:00:00Z,7.8,8.16,0.0,100.0,0.74,1.24,4.1
2025-03-05T06:00:00Z,7.8,8.22,0.0,100.0,0.74,1.45,3.1
2025-03-05T07:00:00Z,7.8,9.28,0.0,100.0,0.82,1.4,1.3
2025-03-05T08:00:00Z,7.8,10.28,0.0,100.0,0.88,1.12,0.6
2025-03-05T09:00:00Z,7.8,10.39,0.0,100.0,0.96,0.63,2.4
2025-03-05T10:00:00Z,7.8,9.59,0.0,100.0,1.02,0.03,3.5
2025-03-05T11:00:00Z,8.0,9.63,0.0,100.0,1.06,-0.49,3.8
2025-03-05T12:00:00Z,8.2,9.7,0.1,100.0,1.12,-0.78,3.2
2025-03-05T13:00:00Z,8.1,8.96,0.3,100.0,1.02,-0.81,1.9
2025-03-05T14:00:00Z,8.0,8.85,0.3,100.0,0.92,-0.57,1.4
2025-03-05T15:00:00Z,7.9,9.27,0.2,100.0,0.82,-0.08,2.9
2025-03-05T16:00:00Z,7.8,10.28,0.1,100.0,0.88,0.58,4.4
2025-03-05T17:00:00Z,7.7,9.8,0.0,100.0,0.92,1.18,5.1
2025-03-05T18:00:00Z,7.6,9.66,0.1,100.0,0.98,1.55,4.2
2025-03-05T19:00:00Z,7.7,9.88,0.3,100.0,1.0,1.67,2.5
2025-03-05T20:00:00Z,7.6,10.18,0.2,100.0,1.0,1.57,0.8
2025-03-05T21:00:00Z,7.7,10.41,0.3,100.0,1.02,1.24,1.3
2025-03-05T22:00:00Z,7.5,9.36,0.3,99.0,1.02,0.74,3.0
2025-03-05T23:00:00Z,7.5,9.48,0.2,99.0,1.0,0.21,4.0
2025-03-06T00:00:00Z,7.6,9.73,0.0,94.0,1.0,-0.21,4.0
2025-03-06T01:00:00Z,7.6,10.52,0.0,96.0,1.08,-0.4,3.2
2025-03-06T02:00:00Z,7.6,11.0,0.0,78.0,1.18,-0.43,2.0
2025-03-06T03:00:00Z,7.6,10.6,0.0,92.0,1.26,-0.26,1.5
2025-03-06T04:00:00Z,7.6,10.35,0.0,76.0,1.24,0.12,2.3
2025-03-06T05:00:00Z,7.6,10.26,0.0,60.0,1.2,0.56,3.1
2025-03-06T06:00:00Z,7.6,10.23,0.0,34.0,1.18,0.84,2.9
2025-03-06T07:00:00Z,7.6,10.34,0.0,25.0,1.16,0.92,1.8
2025-03-06T08:00:00Z,7.6,10.41,0.0,25.0,1.14,0.82,0.4
2025-03-06T09:00:00Z,7.6,10.25,0.0,22.0,1.12,0.54,1.0
2025-03-06T10:00:00Z,7.7,9.49,0.0,20.0,1.06,0.14,2.2
2025-03-06T11:00:00Z,7.6,9.63,0.0,61.0,1.02,-0.31,3.0
2025-03-06T12:00:00Z,7.5,9.3,0.0,81.0,0.96,-0.65,3.0
2025-03-06T13:00:00Z,7.5,8.94,0.0,85.0,0.96,-0.8,2.2
2025-03-06T14:00:00Z,7.3,8.2,0.0,45.0,0.98,-0.77,1.4
2025-03-06T15:00:00Z,7.2,7.52,0.0,56.0,0.98,-0.55,1.5
2025-03-06T16:00:00Z,7.2,7.63,0.0,62.0,0.92,-0.14,2.7
2025-03-06T17:00:00Z,7.3,7.87,0.0,84.0,0.86,0.39,4.0
2025-03-06T18:00:00Z,7.2,7.87,0.0,86.0,0.8,0.86,4.3
2025-03-06T19:00:00Z,7.2,7.78,0.0,87.0,0.78,1.16,3.8
2025-03-06T20:00:00Z,7.1,7.67,0.0,69.0,0.76,1.3,2.5
2025-03-06T21:00:00Z,7.0,7.44,0.0,65.0,0.74,1.28,1.1
2025-03-06T22:00:00Z,7.0,6.61,0.0,55.0,0.72,1.08,0.4
2025-03-06T23:00:00Z,7.1,6.4,0.0,90.0,0.68,0.73,1.7
2025-03-07T00:00:00Z,7.2,6.11,0.0,100.0,0.66,0.33,2.4
2025-03-07T01:00:00Z,7.2,5.36,0.0,97.0,0.6,0.03,2.6
2025-03-07T02:00:00Z,7.4,4.98,0.0,99.0,0.56,-0.16,2.3
2025-03-07T03:00:00Z,7.5,4.8,0.0,81.0,0.5,-0.25,1.6
2025-03-07T04:00:00Z,7.6,4.01,0.0,98.0,0.44,-0.2,1.0
2025-03-07T05:00:00Z,7.7,3.33,0.0,100.0,0.4,0.0,0.8
2025-03-07T06:00:00Z,7.8,2.02,0.0,100.0,0.34,0.23,1.3
2025-03-07T07:00:00Z,8.0,1.1,0.0,100.0,0.32,0.36,1.1
2025-03-07T08:00:00Z,8.1,1.04,0.0,100.0,0.28,0.39,0.3
2025-03-07T09:00:00Z,8.1,1.0,0.0,99.0,0.26,0.34,0.7
2025-03-07T10:00:00Z,7.7,1.59,0.0,90.0,0.24,0.19,1.5
2025-03-07T11:00:00Z,7.7,1.53,0.0,94.0,0.24,-0.09,2.1
2025-03-07T12:00:00Z,7.7,1.89,0.0,26.0,0.22,-0.4,2.5
2025-03-07T13:00:00Z,7.7,1.73,0.0,1.0,0.22,-0.65,2.3
2025-03-07T14:00:00Z,7.7,2.11,0.0,1.0,0.2,-0.77,1.7
2025-03-07T15:00:00Z,7.7,2.28,0.0,26.0,0.2,-0.78,1.1
2025-03-07T16:00:00Z,7.7,2.37,0.0,11.0,0.2,-0.67,1.4
2025-03-07T17:00:00Z,7.6,2.3,0.0,0.0,0.18,-0.37,2.3
2025-03-07T18:00:00Z,7.6,2.1,0.0,0.0,0.18,0.05,3.4
2025-03-07T19:00:00Z,7.5,2.22,0.0,0.0,0.18,0.46,4.0
2025-03-07T20:00:00Z,7.5,2.64,0.0,1.0,0.2,0.77,3.6
2025-03-07T21:00:00Z,7.5,3.12,0.0,0.0,0.2,0.98,2.9
2025-03-07T22:00:00Z,7.3,3.38,0.0,1.0,0.2,1.08,1.8
2025-03-07T23:00:00Z,7.4,3.3,0.0,0.0,0.18,1.02,0.6
2025-03-08T00:00:00Z,7.5,2.96,0.0,0.0,0.18,0.79,0.8
2025-03-08T01:00:00Z,7.5,3.2,0.0,67.0,0.2,0.51,1.5
2025-03-08T02:00:00Z,7.6,3.26,0.0,1.0,0.2,0.24,1.7
2025-03-08T03:00:00Z,7.7,3.68,0.0,0.0,0.22,0.02,1.7
2025-03-08T04:00:00Z,7.8,3.74,0.0,0.0,0.2,-0.14,1.4
2025-03-08T05:00:00Z,7.9,3.53,0.0,1.0,0.2,-0.18,1.1
2025-03-08T06:00:00Z,8.0,3.63,0.0,54.0,0.18,-0.06,1.0
2025-03-08T07:00:00Z,8.1,4.25,0.0,72.0,0.24,0.1,1.7
2025-03-08T08:00:00Z,8.1,5.15,0.0,61.0,0.32,0.23,1.8
2025-03-08T09:00:00Z,8.2,6.27,0.0,1.0,0.38,0.33,1.5
2025-03-08T10:00:00Z,8.2,6.37,0.0,0.0,0.44,0.4,1.1
2025-03-08T11:00:00Z,8.2,6.7,0.0,0.0,0.5,0.37,0.6
2025-03-08T12:00:00Z,8.1,6.39,0.0,0.0,0.56,0.21,0.2
2025-03-08T13:00:00Z,8.2,5.84,0.0,0.0,0.52,-0.02,0.8
2025-03-08T14:00:00Z,8.2,5.55,0.0,76.0,0.5,-0.24,1.0
2025-03-08T15:00:00Z,8.3,5.12,0.0,88.0,0.46,-0.39,0.9
2025-03-08T16:00:00Z,8.4,4.57,0.0,14.0,0.4,-0.49,0.6
2025-03-08T17:00:00Z,8.5,3.9,0.0,9.0,0.36,-0.49,0.8
2025-03-08T18:00:00Z,8.6,3.87,0.0,29.0,0.3,-0.32,1.5
2025-03-08T19:00:00Z,8.7,4.17,0.0,64.0,0.28,-0.01,2.5
2025-03-08T20:00:00Z,8.6,4.45,0.0,79.0,0.28,0.33,3.2
2025-03-08T21:00:00Z,8.6,5.04,0.0,39.0,0.26,0.66,3.2
2025-03-08T22:00:00Z,8.7,5.51,0.0,72.0,0.26,0.98,3.1
2025-03-08T23:00:00Z,8.8,5.95,0.0,13.0,0.28,1.21,2.4
2025-03-09T00:00:00Z,9.0,5.6,0.0,18.0,0.28,1.24,1.5
2025-03-09T01:00:00Z,9.3,5.08,0.0,7.0,0.3,1.07,0.4
2025-03-09T02:00:00Z,9.5,4.98,0.0,0.0,0.3,0.78,0.5
2025-03-09T03:00:00Z,9.8,4.83,0.0,16.0,0.32,0.46,1.1
2025-03-09T04:00:00Z,10.1,4.4,0.0,26.0,0.3,0.13,1.4
2025-03-09T05:00:00Z,10.1,3.65,0.0,24.0,0.3,-0.17,1.4
2025-03-09T06:00:00Z,10.2,3.0,0.0,16.0,0.28,-0.34,0.9
2025-03-09T07:00:00Z,10.2,3.04,0.0,23.0,0.3,-0.33,0.2
2025-03-09T08:00:00Z,10.1,4.0,0.0,86.0,0.3,-0.21,1.2
2025-03-09T09:00:00Z,10.0,3.7,0.0,95.0,0.32,-0.05,1.8
2025-03-09T10:00:00Z,10.1,3.76,0.0,99.0,0.3,0.17,1.9
2025-03-09T11:00:00Z,10.1,4.72,0.0,72.0,0.3,0.38,1.9
2025-03-09T12:00:00Z,10.3,5.76,0.0,87.0,0.28,0.46,1.4
2025-03-09T13:00:00Z,10.4,5.53,0.0,100.0,0.3,0.35,0.6
2025-03-09T14:00:00Z,10.5,5.79,0.0,98.0,0.3,0.11,0.6
2025-03-09T15:00:00Z,10.6,5.71,0.0,100.0,0.32,-0.18,1.1
2025-03-09T16:00:00Z,10.6,5.9,0.4,98.0,0.32,-0.46,1.5
2025-03-09T17:00:00Z,10.6,5.63,0.0,99.0,0.3,-0.7,1.4
2025-03-09T18:00:00Z,10.6,5.21,0.0,100.0,0.3,-0.81,0.9
2025-03-09T19:00:00Z,10.6,4.53,0.3,100.0,0.3,-0.7,0.2
2025-03-09T20:00:00Z,10.6,4.19,0.3,100.0,0.3,-0.4,1.6
2025-03-09T21:00:00Z,10.6,4.56,0.1,100.0,0.3,0.0,2.8
2025-03-09T22:00:00Z,10.5,3.47,0.1,100.0,0.32,0.46,3.5
2025-03-09T23:00:00Z,10.5,3.4,0.1,100.0,0.32,0.93,3.5
2025-03-10T00:00:00Z,10.5,3.56,0.3,100.0,0.34,1.28,3.0
2025-03-10T01:00:00Z,10.5,3.8,0.2,100.0,0.32,1.37,1.9
2025-03-10T02:00:00Z,10.5,3.3,0.1,100.0,0.32,1.21,0.6
2025-03-10T03:00:00Z,10.5,2.77,0.1,100.0,0.3,0.86,1.1
2025-03-10T04:00:00Z,10.4,2.51,0.1,100.0,0.28,0.43,2.0
2025-03-10T05:00:00Z,10.4,2.34,0.1,100.0,0.28,-0.01,2.7
2025-03-10T06:00:00Z,10.3,1.97,0.0,100.0,0.26,-0.41,2.9
2025-03-10T07:00:00Z,10.4,1.52,0.1,100.0,0.24,-0.63,2.2
2025-03-10T08:00:00Z,10.4,1.09,0.0,100.0,0.24,-0.61,0.7
2025-03-10T09:00:00Z,10.4,1.01,0.0,98.0,0.22,-0.41,0.9
2025-03-10T10:00:00Z,10.1,1.1,0.0,100.0,0.22,-0.11,1.9
2025-03-10T11:00:00Z,10.0,1.03,0.0,100.0,0.2,0.27,2.5
2025-03-10T12:00:00Z,10.0,1.35,0.0,100.0,0.2,0.6,2.6
2025-03-10T13:00:00Z,10.0,2.09,0.0,100.0,0.2,0.74,2.1
2025-03-10T14:00:00Z,10.0,2.9,0.0,98.0,0.2,0.62,1.0
2025-03-10T15:00:00Z,10.0,3.11,0.0,88.0,0.2,0.31,0.8
2025-03-10T16:00:00Z,10.0,3.12,0.0,88.0,0.18,-0.08,1.5
2025-03-10T17:00:00Z,10.2,2.91,0.0,100.0,0.18,-0.47,2.0
2025-03-10T18:00:00Z,9.9,2.55,0.0,100.0,0.16,-0.79,2.2
2025-03-10T19:00:00Z,9.9,2.58,0.2,100.0,0.16,-0.95,1.6
2025-03-10T20:00:00Z,9.9,3.43,0.1,100.0,0.18,-0.82,0.0
2025-03-10T21:00:00Z,10.0,3.93,0.1,100.0,0.18,-0.45,1.8
2025-03-10T22:00:00Z,10.4,3.63,0.0,100.0,0.16,0.06,3.1
2025-03-10T23:00:00Z,10.4,3.16,0.1,100.0,0.16,0.65,3.8
2025-03-11T00:00:00Z,10.4,2.83,0.0,100.0,0.14,1.23,3.9
2025-03-11T01:00:00Z,10.4,2.75,0.0,99.0,0.14,1.61,3.2
2025-03-11T02:00:00Z,10.6,2.9,0.0,100.0,0.16,1.66,1.8
2025-03-11T03:00:00Z,10.7,2.97,0.0,97.0,0.16,1.4,0.6
2025-03-11T04:00:00Z,10.9,3.2,0.0,42.0,0.16,0.94,1.8
2025-03-11T05:00:00Z,11.1,3.78,0.0,15.0,0.16,0.41,2.9
2025-03-11T06:00:00Z,11.2,4.48,0.0,13.0,0.16,-0.14,3.6
2025-03-11T07:00:00Z,11.1,5.07,0.0,14.0,0.2,-0.59,3.4
2025-03-11T08:00:00Z,10.9,5.39,0.0,15.0,0.24,-0.79,2.3
2025-03-11T09:00:00Z,10.9,5.88,0.0,25.0,0.28,-0.68,0.6
2025-03-11T10:00:00Z,11.2,5.23,0.0,99.0,0.3,-0.38,1.6
2025-03-11T11:00:00Z,11.2,5.73,0.0,100.0,0.34,0.07,2.8
2025-03-11T12:00:00Z,11.2,6.15,0.0,100.0,0.36,0.58,3.2
2025-03-11T13:00:00Z,11.2,6.74,0.0,100.0,0.38,0.99,3.1
2025-03-11T14:00:00Z,11.2,7.13,0.0,100.0,0.38,1.11,1.9
2025-03-11T15:00:00Z,11.3,6.98,0.0,100.0,0.4,0.89,0.7
2025-03-11T16:00:00Z,11.3,6.93,0.2,100.0,0.38,0.45,1.7
2025-03-11T17:00:00Z,11.4,6.85,0.3,80.0,0.36,-0.07,2.9
2025-03-11T18:00:00Z,11.4,6.64,0.4,92.0,0.34,-0.57,3.6
2025-03-11T19:00:00Z,11.4,6.82,0.2,91.0,0.34,-0.95,3.4
2025-03-11T20:00:00Z,11.5,7.0,0.4,100.0,0.36,-1.09,2.5
2025-03-11T21:00:00Z,11.5,7.05,0.6,100.0,0.36,-0.9,0.6
2025-03-11T22:00:00Z,11.8,5.14,0.6,99.0,0.34,-0.42,1.6
2025-03-11T23:00:00Z,11.8,3.68,0.8,100.0,0.32,0.21,3.3
2025-03-12T00:00:00Z,11.7,1.42,0.7,100.0,0.3,0.9,3.8
2025-03-12T01:00:00Z,11.6,1.57,0.1,100.0,0.28,1.52,3.7
2025-03-12T02:00:00Z,11.5,2.83,0.0,100.0,0.28,1.84,2.6
2025-03-12T03:00:00Z,11.4,1.63,0.0,100.0,0.26,1.76,0.9
2025-03-12T04:00:00Z,11.2,2.03,0.4,100.0,0.24,1.34,1.4
2025-03-12T05:00:00Z,10.9,4.42,0.4,100.0,0.2,0.75,3.1
2025-03-12T06:00:00Z,10.7,5.95,0.1,100.0,0.18,0.1,4.2
2025-03-12T07:00:00Z,10.6,7.16,0.5,100.0,0.28,-0.49,4.6
2025-03-12T08:00:00Z,10.6,7.78,0.4,100.0,0.38,-0.9,4.1
2025-03-12T09:00:00Z,10.8,7.65,0.2,100.0,0.48,-0.97,2.3
2025-03-12T10:00:00Z,10.5,6.5,0.0,100.0,0.5,-0.72,0.6
2025-03-12T11:00:00Z,10.5,6.68,0.0,100.0,0.5,-0.24,2.3
2025-03-12T12:00:00Z,10.4,7.01,0.1,100.0,0.52,0.37,3.6
2025-03-12T13:00:00Z,10.4,6.87,0.0,100.0,0.54,0.95,4.0
2025-03-12T14:00:00Z,10.3,6.58,0.1,100.0,0.54,1.31,3.4
2025-03-12T15:00:00Z,10.3,7.16,0.2,100.0,0.56,1.31,2.0
2025-03-12T16:00:00Z,10.4,7.47,0.3,100.0,0.56,0.95,0.3
2025-03-12T17:00:00Z,10.5,7.76,1.8,100.0,0.54,0.39,1.7
2025-03-12T18:00:00Z,10.6,8.1,3.0,100.0,0.54,-0.21,2.8
2025-03-12T19:00:00Z,10.7,7.32,1.2,100.0,0.58,-0.75,3.2
2025-03-12T20:00:00Z,10.7,7.82,1.7,100.0,0.62,-1.12,2.7
2025-03-12T21:00:00Z,10.7,8.56,1.1,100.0,0.66,-1.15,1.5
2025-03-12T22:00:00Z,10.5,8.48,0.8,100.0,0.66,-0.77,2.0
2025-03-12T23:00:00Z,10.5,7.79,0.6,100.0,0.66,-0.13,4.2
2025-03-13T00:00:00Z,10.5,7.52,0.6,100.0,0.66,0.62,5.6
2025-03-13T01:00:00Z,10.4,7.61,0.5,100.0,0.68,1.37,5.9
2025-03-13T02:00:00Z,10.3,7.77,0.1,100.0,0.7,1.91,5.4
2025-03-13T03:00:00Z,10.2,8.38,0.1,100.0,0.72,2.06,3.6
2025-03-13T04:00:00Z,10.1,8.72,0.2,100.0,0.72,1.79,1.1
2025-03-13T05:00:00Z,10.0,7.6,0.2,100.0,0.72,1.21,1.3
2025-03-13T06:00:00Z,10.1,6.86,0.0,100.0,0.72,0.52,2.9
2025-03-13T07:00:00Z,10.3,7.13,0.0,99.0,0.66,-0.17,4.0
2025-03-13T08:00:00Z,10.5,6.72,0.0,100.0,0.62,-0.73,4.0
2025-03-13T09:00:00Z,10.6,6.22,0.0,100.0,0.56,-1.04,3.2
2025-03-13T10:00:00Z,10.2,5.24,0.8,100.0,0.5,-0.95,1.2
2025-03-13T11:00:00Z,10.0,4.69,1.6,100.0,0.44,-0.51,1.9
2025-03-13T12:00:00Z,10.1,4.69,0.5,99.0,0.38,0.11,3.8
2025-03-13T13:00:00Z,10.2,3.98,0.0,100.0,0.36,0.75,4.7
2025-03-13T14:00:00Z,10.2,4.67,0.0,100.0,0.36,1.27,4.5
2025-03-13T15:00:00Z,10.3,5.6,0.0,100.0,0.34,1.49,3.3
2025-03-13T16:00:00Z,10.3,6.01,1.1,100.0,0.36,1.29,1.3
2025-03-13T17:00:00Z,10.4,6.76,1.1,100.0,0.4,0.76,0.7
2025-03-13T18:00:00Z,10.5,7.34,0.4,100.0,0.42,0.1,2.5
2025-03-13T19:00:00Z,10.6,7.29,1.5,100.0,0.46,-0.54,3.3
2025-03-13T20:00:00Z,10.7,7.72,0.6,100.0,0.52,-1.04,3.1
2025-03-13T21:00:00Z,10.8,7.92,0.5,100.0,0.56,-1.29,2.4
2025-03-13T22:00:00Z,10.6,7.75,0.2,100.0,0.62,-1.15,1.1
2025-03-13T23:00:00Z,10.7,7.62,0.8,100.0,0.66,-0.61,3.0
2025-03-14T00:00:00Z,10.9,7.82,0.0,100.0,0.72,0.15,5.1
2025-03-14T01:00:00Z,10.9,7.37,0.0,100.0,0.7,0.94,6.1
2025-03-14T02:00:00Z,11.0,7.08,0.0,100.0,0.66,1.62,5.9
2025-03-14T03:00:00Z,11.0,6.12,0.0,100.0,0.64,2.01,4.5
2025-03-14T04:00:00Z,11.0,4.65,0.0,100.0,0.58,1.96,2.4
2025-03-14T05:00:00Z,10.9,4.38,0.0,100.0,0.5,1.51,0.2
2025-03-14T06:00:00Z,10.8,4.51,0.0,100.0,0.44,0.81,2.5
2025-03-14T07:00:00Z,10.7,4.03,0.0,100.0,0.42,0.08,3.8
2025-03-14T08:00:00Z,10.7,4.1,0.1,100.0,0.38,-0.56,4.2
2025-03-14T09:00:00Z,10.7,4.68,0.1,100.0,0.36,-1.0,3.5
2025-03-14T10:00:00Z,10.7,5.04,0.2,100.0,0.36,-1.1,2.0
2025-03-14T11:00:00Z,10.6,6.3,0.6,100.0,0.38,-0.76,1.0
2025-03-14T12:00:00Z,10.6,6.16,1.1,100.0,0.38,-0.13,3.6
2025-03-14T13:00:00Z,10.5,5.49,0.4,100.0,0.38,0.58,5.0
2025-03-14T14:00:00Z,10.4,5.5,0.6,100.0,0.36,1.22,5.2
2025-03-14T15:00:00Z,10.3,5.28,0.4,100.0,0.36,1.63,4.3
2025-03-14T16:00:00Z,10.3,5.5,0.5,100.0,0.44,1.67,2.3
2025-03-14T17:00:00Z,10.3,6.01,0.3,100.0,0.5,1.3,0.2
2025-03-14T18:00:00Z,10.2,7.31,0.1,100.0,0.58,0.66,2.2
2025-03-14T19:00:00Z,10.2,8.35,0.0,100.0,0.66,-0.04,3.7
2025-03-14T20:00:00Z,10.1,9.74,0.2,100.0,0.74,-0.65,4.1
2025-03-14T21:00:00Z,10.1,10.02,0.1,100.0,0.82,-1.05,3.6
2025-03-14T22:00:00Z,10.4,8.89,0.1,100.0,0.86,-1.15,2.3
2025-03-14T23:00:00Z,10.5,9.39,0.0,100.0,0.9,-0.82,1.7
2025-03-15T00:00:00Z,10.5,10.08,0.0,100.0,0.94,-0.16,3.9
2025-03-15T01:00:00Z,10.4,9.7,0.0,100.0,0.96,0.66,5.6
2025-03-15T02:00:00Z,10.4,9.46,0.0,100.0,0.98,1.41,6.1
2025-03-15T03:00:00Z,10.3,9.29,0.0,100.0,1.0,1.94,5.4
2025-03-15T04:00:00Z,10.2,9.2,0.0,100.0,1.06,2.11,3.4
2025-03-15T05:00:00Z,10.0,9.27,0.0,100.0,1.14,1.85,1.0
2025-03-15T06:00:00Z,9.8,9.75,0.0,100.0,1.2,1.26,1.7
2025-03-15T07:00:00Z,9.6,10.31,0.1,100.0,1.18,0.51,3.5
2025-03-15T08:00:00Z,9.5,10.56,0.2,100.0,1.16,-0.2,4.5
2025-03-15T09:00:00Z,9.5,10.31,0.2,100.0,1.14,-0.72,4.3
2025-03-15T10:00:00Z,9.6,9.34,0.2,100.0,1.1,-0.96,3.2
2025-03-15T11:00:00Z,9.6,9.46,0.2,100.0,1.04,-0.82,1.5
2025-03-15T12:00:00Z,9.7,9.35,0.2,98.0,1.0,-0.28,2.2
2025-03-15T13:00:00Z,9.6,9.23,0.2,100.0,0.96,0.46,4.2
2025-03-15T14:00:00Z,9.5,9.45,0.1,100.0,0.92,1.16,4.9
2025-03-15T15:00:00Z,9.3,9.98,0.0,100.0,0.88,1.67,4.3
2025-03-15T16:00:00Z,9.0,10.58,0.0,100.0,0.98,1.88,2.7
2025-03-15T17:00:00Z,8.7,10.55,0.0,98.0,1.06,1.69,0.6
2025-03-15T18:00:00Z,8.4,10.43,0.0,95.0,1.16,1.15,1.8
2025-03-15T19:00:00Z,8.3,10.13,0.0,97.0,1.08,0.43,3.7
2025-03-15T20:00:00Z,8.2,10.13,0.0,23.0,1.0,-0.25,4.6
2025-03-15T21:00:00Z,8.2,10.06,0.0,17.0,0.92,-0.76,4.5
2025-03-15T22:00:00Z,8.3,9.46,0.0,74.0,0.88,-1.02,3.5
2025-03-15T23:00:00Z,8.3,8.9,0.0,29.0,0.86,-0.93,1.7
2025-03-16T00:00:00Z,8.2,8.83,0.0,14.0,0.82,-0.43,1.9
2025-03-16T01:00:00Z,8.2,8.94,0.0,12.0,0.8,0.33,4.0
2025-03-16T02:00:00Z,8.3,8.84,0.0,71.0,0.76,1.08,5.2
2025-03-16T03:00:00Z,8.6,8.97,0.0,72.0,0.74,1.66,4.9
2025-03-16T04:00:00Z,8.5,9.82,0.1,50.0,0.9,1.96,3.4
2025-03-16T05:00:00Z,8.2,10.96,0.1,45.0,1.08,1.89,1.3
2025-03-16T06:00:00Z,8.0,11.25,0.1,24.0,1.24,1.43,1.1
2025-03-16T07:00:00Z,7.9,11.42,0.0,18.0,1.26,0.71,3.3
2025-03-16T08:00:00Z,7.6,11.31,0.1,30.0,1.3,-0.05,4.6
2025-03-16T09:00:00Z,7.2,11.53,0.0,41.0,1.32,-0.64,4.8
2025-03-16T10:00:00Z,6.9,10.47,0.0,40.0,1.26,-1.0,3.8
2025-03-16T11:00:00Z,6.6,10.55,0.0,41.0,1.22,-1.03,2.2
2025-03-16T12:00:00Z,6.5,10.4,0.0,67.0,1.16,-0.67,1.5
2025-03-16T13:00:00Z,6.5,9.85,0.0,89.0,1.06,0.05,3.7
2025-03-16T14:00:00Z,6.5,9.31,0.0,99.0,0.94,0.83,5.2
2025-03-16T15:00:00Z,6.5,8.87,0.0,99.0,0.84,1.45,5.2
2025-03-16T16:00:00Z,6.5,8.32,0.0,91.0,0.78,1.82,4.0
2025-03-16T17:00:00Z,6.6,7.7,0.0,60.0,0.74,1.87,2.2
2025-03-16T18:00:00Z,6.6,7.49,0.0,0.0,0.68,1.55,0.3
2025-03-16T19:00:00Z,6.6,7.35,0.0,3.0,0.64,0.95,2.5
2025-03-16T20:00:00Z,6.6,7.4,0.0,0.0,0.62,0.23,4.2
2025-03-16T21:00:00Z,6.6,7.65,0.0,0.0,0.58,-0.39,4.7
2025-03-16T22:00:00Z,6.6,7.88,0.0,3.0,0.58,-0.79,4.4
2025-03-16T23:00:00Z,6.7,7.92,0.0,65.0,0.56,-0.92,3.0
2025-03-17T00:00:00Z,6.9,7.76,0.0,88.0,0.56,-0.7,1.2
2025-03-17T01:00:00Z,6.9,7.32,0.0,93.0,0.54,-0.16,1.5
2025-03-17T02:00:00Z,7.0,7.02,0.0,26.0,0.54,0.52,3.1
2025-03-17T03:00:00Z,7.2,6.42,0.0,0.0,0.52,1.08,3.3
2025-03-17T04:00:00Z,7.4,5.99,0.0,0.0,0.5,1.38,2.2
2025-03-17T05:00:00Z,7.6,5.48,0.0,0.0,0.48,1.4,0.6
2025-03-17T06:00:00Z,7.9,6.02,0.0,0.0,0.46,1.09,2.1
2025-03-17T07:00:00Z,8.3,4.96,0.0,0.0,0.44,0.5,4.3
2025-03-17T08:00:00Z,8.7,4.11,0.0,0.0,0.42,-0.23,5.9
2025-03-17T09:00:00Z,9.0,3.46,0.0,0.0,0.4,-0.89,6.5
2025-03-17T10:00:00Z,9.3,3.43,0.0,0.0,0.34,-1.33,6.0
2025-03-17T11:00:00Z,9.5,3.15,0.0,0.0,0.3,-1.49,4.4
2025-03-17T12:00:00Z,9.7,2.78,0.0,99.0,0.24,-1.32,2.3
2025-03-17T13:00:00Z,9.8,2.93,0.0,100.0,0.24,-0.79,0.6
2025-03-17T14:00:00Z,9.8,4.11,0.0,100.0,0.24,-0.05,2.7
2025-03-17T15:00:00Z,9.8,6.6,0.0,100.0,0.24,0.63,3.6
2025-03-17T16:00:00Z,9.5,8.75,0.0,100.0,0.34,1.04,3.0
2025-03-17T17:00:00Z,9.2,8.48,0.0,100.0,0.44,1.19,1.5
2025-03-17T18:00:00Z,9.2,7.12,0.0,100.0,0.54,1.03,1.5
2025-03-17T19:00:00Z,9.4,6.75,0.0,66.0,0.52,0.59,3.4
2025-03-17T20:00:00Z,9.6,6.85,0.0,96.0,0.5,-0.02,4.9
2025-03-17T21:00:00Z,9.5,7.17,0.0,48.0,0.48,-0.65,5.8
2025-03-17T22:00:00Z,9.5,7.95,0.0,0.0,0.48,-1.12,5.4
2025-03-17T23:00:00Z,8.6,7.81,0.0,0.0,0.48,-1.32,3.8
2025-03-18T00:00:00Z,8.2,7.35,0.0,0.0,0.48,-1.2,1.7
2025-03-18T01:00:00Z,8.1,6.82,0.0,0.0,0.48,-0.75,1.5
2025-03-18T02:00:00Z,8.2,6.37,0.0,0.0,0.5,-0.07,3.8
2025-03-18T03:00:00Z,8.4,5.78,0.0,0.0,0.5,0.61,5.0
2025-03-18T04:00:00Z,8.6,5.15,0.0,0.0,0.48,1.08,4.7
2025-03-18T05:00:00Z,9.0,5.19,0.0,0.0,0.46,1.28,3.2
2025-03-18T06:00:00Z,9.4,5.16,0.0,0.0,0.44,1.2,1.5
2025-03-18T07:00:00Z,9.2,5.67,0.0,2.0,0.44,0.83,0.7
2025-03-18T08:00:00Z,8.5,6.07,0.0,60.0,0.46,0.25,2.4
2025-03-18T09:00:00Z,7.7,7.03,0.0,87.0,0.46,-0.37,3.5
2025-03-18T10:00:00Z,7.7,7.68,0.0,3.0,0.64,-0.85,3.6
2025-03-18T11:00:00Z,7.0,8.52,0.0,0.0,0.8,-1.07,2.6
2025-03-18T12:00:00Z,6.8,9.04,0.0,1.0,0.98,-0.99,1.5
2025-03-18T13:00:00Z,6.8,9.03,0.0,10.0,0.98,-0.59,2.3
2025-03-18T14:00:00Z,6.7,8.54,0.0,51.0,0.98,0.09,4.2
2025-03-18T15:00:00Z,6.7,7.96,0.0,95.0,0.98,0.83,5.6
2025-03-18T16:00:00Z,6.7,6.96,0.0,78.0,0.84,1.38,5.4
2025-03-18T17:00:00Z,6.7,5.5,0.0,7.0,0.7,1.65,4.0
2025-03-18T18:00:00Z,6.7,4.27,0.0,0.0,0.56,1.64,2.0
2025-03-18T19:00:00Z,6.8,3.59,0.0,0.0,0.48,1.38,0.2
2025-03-18T20:00:00Z,6.8,3.74,0.0,0.0,0.42,0.87,2.2
2025-03-18T21:00:00Z,6.9,4.31,0.0,0.0,0.34,0.24,3.7
2025-03-18T22:00:00Z,7.1,3.66,0.0,19.0,0.3,-0.32,4.3
2025-03-18T23:00:00Z,7.2,3.4,0.0,2.0,0.26,-0.66,3.8
2025-03-19T00:00:00Z,7.3,3.18,0.0,0.0,0.22,-0.75,2.5
2025-03-19T01:00:00Z,7.4,3.11,0.0,0.0,0.22,-0.57,1.3
2025-03-19T02:00:00Z,7.4,3.16,0.0,0.0,0.2,-0.15,2.1
2025-03-19T03:00:00Z,7.5,3.09,0.0,0.0,0.2,0.41,3.3
2025-03-19T04:00:00Z,7.7,2.72,0.0,0.0,0.18,0.85,3.6
2025-03-19T05:00:00Z,7.7,2.2,0.0,0.0,0.16,1.03,2.5
2025-03-19T06:00:00Z,7.8,1.52,0.0,0.0,0.14,0.96,0.8
2025-03-19T07:00:00Z,7.8,1.52,0.0,4.0,0.14,0.67,1.1
2025-03-19T08:00:00Z,8.0,2.29,0.0,0.0,0.14,0.2,2.5
2025-03-19T09:00:00Z,8.0,3.07,0.0,0.0,0.14,-0.39,3.8
2025-03-19T10:00:00Z,8.4,3.94,0.0,0.0,0.16,-0.94,4.1
2025-03-19T11:00:00Z,8.5,4.66,0.0,0.0,0.2,-1.27,3.5
2025-03-19T12:00:00Z,8.6,4.72,0.0,0.0,0.22,-1.32,1.9
2025-03-19T13:00:00Z,8.6,4.73,0.0,0.0,0.24,-1.09,0.4
2025-03-19T14:00:00Z,8.7,4.79,0.0,0.0,0.28,-0.61,2.2
2025-03-19T15:00:00Z,8.7,4.57,0.0,0.0,0.3,0.04,3.8
2025-03-19T16:00:00Z,8.7,4.57,0.0,0.0,0.3,0.66,4.6
2025-03-19T17:00:00Z,8.8,5.25,0.0,0.0,0.3,1.04,3.9
2025-03-19T18:00:00Z,8.8,6.45,0.0,0.0,0.3,1.13,2.2
2025-03-19T19:00:00Z,8.8,7.25,0.0,0.0,0.36,1.01,1.1
2025-03-19T20:00:00Z,8.8,7.36,0.0,0.0,0.4,0.69,2.0
2025-03-19T21:00:00Z,8.8,7.1,0.0,0.0,0.46,0.21,3.5
2025-03-19T22:00:00Z,9.0,6.54,0.0,0.0,0.46,-0.31,4.3
2025-03-19T23:00:00Z,9.1,6.33,0.0,1.0,0.44,-0.73,4.5
2025-03-20T00:00:00Z,9.3,6.6,0.0,1.0,0.44,-0.91,3.6
2025-03-20T01:00:00Z,9.5,6.42,0.0,0.0,0.4,-0.86,2.2
2025-03-20T02:00:00Z,9.8,6.19,0.0,1.0,0.38,-0.61,0.6
2025-03-20T03:00:00Z,10.1,5.69,0.0,1.0,0.34,-0.18,1.2
2025-03-20T04:00:00Z,10.5,5.14,0.0,0.0,0.3,0.28,2.2
2025-03-20T05:00:00Z,10.9,5.2,0.0,0.0,0.24,0.58,2.1
2025-03-20T06:00:00Z,11.1,5.62,0.0,0.0,0.2,0.62,1.2
2025-03-20T07:00:00Z,11.2,6.2,0.0,0.0,0.22,0.47,1.5
2025-03-20T08:00:00Z,11.1,6.54,0.0,1.0,0.26,0.18,2.6
2025-03-20T09:00:00Z,11.1,6.72,0.0,0.0,0.28,-0.22,3.5
2025-03-20T10:00:00Z,11.2,7.07,0.0,0.0,0.36,-0.66,4.2
2025-03-20T11:00:00Z,11.2,7.56,0.0,0.0,0.44,-1.02,4.0
2025-03-20T12:00:00Z,11.1,8.0,0.0,0.0,0.52,-1.16,3.1
2025-03-20T13:00:00Z,11.2,8.39,0.0,0.0,0.54,-1.05,1.5
2025-03-20T14:00:00Z,11.3,8.47,0.0,0.0,0.56,-0.74,0.6
2025-03-20T15:00:00Z,11.3,8.27,0.0,0.0,0.58,-0.26,2.2
2025-03-20T16:00:00Z,11.4,7.92,0.0,0.0,0.58,0.32,3.3
2025-03-20T17:00:00Z,11.5,7.63,0.0,0.0,0.56,0.79,3.7
2025-03-20T18:00:00Z,11.6,7.32,0.0,0.0,0.56,1.03,2.9
2025-03-20T19:00:00Z,11.6,6.91,0.0,0.0,0.52,1.06,1.5
2025-03-20T20:00:00Z,11.5,6.55,0.0,0.0,0.46,0.93,1.0
2025-03-20T21:00:00Z,11.5,6.23,0.0,0.0,0.42,0.66,2.1
2025-03-20T22:00:00Z,11.8,5.57,0.0,0.0,0.38,0.27,3.1
2025-03-20T23:00:00Z,11.8,5.68,0.0,0.0,0.36,-0.12,3.8
2025-03-21T00:00:00Z,11.8,6.2,0.0,0.0,0.32,-0.39,3.6
2025-03-21T01:00:00Z,11.9,6.54,0.0,0.0,0.36,-0.46,2.7
2025-03-21T02:00:00Z,12.2,6.48,0.0,0.0,0.38,-0.37,1.4
2025-03-21T03:00:00Z,12.7,6.28,0.0,0.0,0.42,-0.16,0.4
2025-03-21T04:00:00Z,13.2,6.06,0.0,0.0,0.42,0.17,0.7
2025-03-21T05:00:00Z,13.7,5.68,0.0,0.0,0.4,0.49,1.2
2025-03-21T06:00:00Z,14.0,5.32,0.0,6.0,0.4,0.63,0.9
2025-03-21T07:00:00Z,14.2,5.12,0.0,4.0,0.36,0.54,1.0
2025-03-21T08:00:00Z,14.3,5.1,0.0,0.0,0.34,0.34,2.3
2025-03-21T09:00:00Z,14.5,5.15,0.0,0.0,0.3,0.06,3.3
2025-03-21T10:00:00Z,14.7,4.84,0.0,0.0,0.26,-0.3,4.1
2025-03-21T11:00:00Z,14.5,4.83,0.0,0.0,0.2,-0.66,4.3
2025-03-21T12:00:00Z,14.1,5.54,0.0,2.0,0.16,-0.91,4.0
2025-03-21T13:00:00Z,13.7,6.79,0.0,11.0,0.2,-0.96,2.8
2025-03-21T14:00:00Z,13.4,7.63,0.0,0.0,0.22,-0.82,1.3
2025-03-21T15:00:00Z,13.4,7.8,0.0,0.0,0.26,-0.53,0.4
2025-03-21T16:00:00Z,13.3,7.53,0.0,0.0,0.3,-0.12,1.5
2025-03-21T17:00:00Z,13.2,6.96,0.0,0.0,0.32,0.33,2.3
2025-03-21T18:00:00Z,13.0,6.35,0.0,0.0,0.36,0.68,2.4
2025-03-21T19:00:00Z,12.8,6.09,0.0,0.0,0.34,0.81,1.5
2025-03-21T20:00:00Z,12.7,5.83,0.0,0.0,0.32,0.79,0.6
2025-03-21T21:00:00Z,12.6,5.87,0.0,0.0,0.3,0.69,1.2
2025-03-21T22:00:00Z,13.0,5.62,0.0,0.0,0.28,0.5,2.0
2025-03-21T23:00:00Z,13.0,5.59,0.0,0.0,0.24,0.21,2.9
2025-03-22T00:00:00Z,12.9,5.83,0.0,0.0,0.22,-0.09,3.2
2025-03-22T01:00:00Z,13.0,5.82,0.0,0.0,0.24,-0.29,3.1
2025-03-22T02:00:00Z,13.2,5.55,0.0,0.0,0.24,-0.34,2.3
2025-03-22T03:00:00Z,13.5,5.29,0.0,0.0,0.26,-0.29,1.5
2025-03-22T04:00:00Z,13.9,4.72,0.0,0.0,0.28,-0.15,0.7
2025-03-22T05:00:00Z,14.1,3.85,0.0,0.0,0.28,0.07,0.0
2025-03-22T06:00:00Z,14.3,3.32,0.0,0.0,0.3,0.27,0.5
2025-03-22T07:00:00Z,14.5,2.97,0.0,0.0,0.28,0.32,0.4
2025-03-22T08:00:00Z,14.6,2.93,0.0,0.0,0.24,0.23,1.0
2025-03-22T09:00:00Z,14.3,4.0,0.0,0.0,0.22,0.1,1.8
2025-03-22T10:00:00Z,14.2,5.05,0.0,0.0,0.18,-0.08,2.3
2025-03-22T11:00:00Z,13.8,6.08,0.0,0.0,0.14,-0.31,2.7
2025-03-22T12:00:00Z,14.0,6.63,0.0,0.0,0.1,-0.57,2.9
2025-03-22T13:00:00Z,14.3,7.21,0.0,0.0,0.18,-0.73,2.5
2025-03-22T14:00:00Z,14.4,7.35,0.0,3.0,0.28,-0.74,1.5
2025-03-22T15:00:00Z,14.3,7.15,0.0,9.0,0.36,-0.62,0.4
2025-03-22T16:00:00Z,14.2,6.87,0.0,7.0,0.34,-0.39,0.7
2025-03-22T17:00:00Z,13.9,6.83,0.0,0.0,0.34,-0.06,1.6
2025-03-22T18:00:00Z,13.8,6.81,0.0,2.0,0.32,0.33,2.4
2025-03-22T19:00:00Z,13.6,6.55,0.0,0.0,0.34,0.62,2.2
2025-03-22T20:00:00Z,13.5,6.22,0.0,0.0,0.36,0.75,1.6
2025-03-22T21:00:00Z,13.5,5.94,0.0,0.0,0.38,0.79,0.8
2025-03-22T22:00:00Z,13.6,5.19,0.0,0.0,0.34,0.77,0.9
2025-03-22T23:00:00Z,13.5,5.17,0.0,0.0,0.3,0.64,1.5
2025-03-23T00:00:00Z,13.3,4.91,0.0,0.0,0.26,0.4,2.2
2025-03-23T01:00:00Z,13.3,5.09,0.0,0.0,0.26,0.14,2.7
2025-03-23T02:00:00Z,13.5,4.83,0.0,0.0,0.24,-0.06,2.5
2025-03-23T03:00:00Z,13.9,4.64,0.0,0.0,0.24,-0.17,2.2
2025-03-23T04:00:00Z,14.4,4.48,0.0,0.0,0.2,-0.2,1.5
2025-03-23T05:00:00Z,14.8,4.3,0.0,0.0,0.18,-0.15,0.7
2025-03-23T06:00:00Z,15.0,4.65,0.0,0.0,0.14,0.01,0.0
2025-03-23T07:00:00Z,14.9,5.59,0.0,0.0,0.14,0.16,0.6
2025-03-23T08:00:00Z,14.8,6.53,0.0,6.0,0.12,0.21,0.5
2025-03-23T09:00:00Z,14.9,7.08,0.0,30.0,0.12,0.18,0.6
2025-03-23T10:00:00Z,14.8,7.37,0.0,28.0,0.2,0.14,0.9
2025-03-23T11:00:00Z,15.0,8.33,0.0,74.0,0.28,0.07,1.2
2025-03-23T12:00:00Z,15.0,7.96,0.0,80.0,0.36,-0.08,1.5
2025-03-23T13:00:00Z,14.4,5.65,0.0,97.0,0.36,-0.28,1.8
2025-03-23T14:00:00Z,13.9,4.0,0.0,98.0,0.38,-0.44,1.8
2025-03-23T15:00:00Z,13.9,4.02,0.0,99.0,0.38,-0.49,1.1
2025-03-23T16:00:00Z,13.7,4.62,0.0,100.0,0.34,-0.44,0.4
2025-03-23T17:00:00Z,13.2,3.4,0.0,100.0,0.28,-0.31,0.8
2025-03-23T18:00:00Z,14.5,0.34,0.0,98.0,0.24,-0.06,1.5
2025-03-23T19:00:00Z,12.9,2.66,0.0,95.0,0.22,0.27,2.4
2025-03-23T20:00:00Z,12.7,3.41,0.0,92.0,0.22,0.54,2.5
2025-03-23T21:00:00Z,12.6,3.22,0.0,58.0,0.2,0.72,2.0
2025-03-23T22:00:00Z,12.4,3.33,0.0,27.0,0.16,0.85,1.3
2025-03-23T23:00:00Z,12.4,3.56,0.0,10.0,0.14,0.93,0.6
2025-03-24T00:00:00Z,12.6,3.66,0.0,2.0,0.1,0.88,0.5
2025-03-24T01:00:00Z,12.9,3.79,0.0,0.0,0.12,0.68,1.5
2025-03-24T02:00:00Z,13.3,4.05,0.0,0.0,0.14,0.41,2.2
2025-03-24T03:00:00Z,13.7,3.98,0.0,0.0,0.16,0.17,2.5
2025-03-24T04:00:00Z,14.1,3.66,0.0,0.0,0.14,-0.04,2.3
2025-03-24T05:00:00Z,14.6,3.16,0.0,0.0,0.1,-0.19,2.0
2025-03-24T06:00:00Z,15.0,2.8,0.0,0.0,0.08,-0.22,1.3
2025-03-24T07:00:00Z,15.2,3.01,0.0,0.0,0.08,-0.12,0.4
2025-03-24T08:00:00Z,15.0,4.02,0.0,0.0,0.08,0.02,0.5
2025-03-24T09:00:00Z,14.4,5.12,0.0,0.0,0.08,0.12,0.8
2025-03-24T10:00:00Z,14.9,5.93,0.0,0.0,0.08,0.21,0.9
2025-03-24T11:00:00Z,14.9,7.07,0.0,53.0,0.08,0.29,0.9
2025-03-24T12:00:00Z,15.2,8.0,0.0,22.0,0.08,0.3,1.1
2025-03-24T13:00:00Z,15.6,8.76,0.0,15.0,0.2,0.18,1.4
2025-03-24T14:00:00Z,16.0,8.9,0.0,11.0,0.3,-0.05,1.9
2025-03-24T15:00:00Z,16.1,8.77,0.0,2.0,0.42,-0.28,2.2
2025-03-24T16:00:00Z,16.0,8.41,0.0,3.0,0.4,-0.46,2.0
2025-03-24T17:00:00Z,15.7,8.14,0.0,1.0,0.36,-0.54,1.6
2025-03-24T18:00:00Z,15.4,7.89,0.0,0.0,0.34,-0.5,0.9
2025-03-24T19:00:00Z,15.1,7.68,0.0,0.0,0.34,-0.27,0.2
2025-03-24T20:00:00Z,14.7,7.27,0.0,0.0,0.32,0.09,1.3
2025-03-24T21:00:00Z,14.4,6.21,0.0,0.0,0.32,0.45,1.9
2025-03-24T22:00:00Z,14.6,4.99,0.0,0.0,0.28,0.77,1.9
2025-03-24T23:00:00Z,14.3,4.61,0.0,0.0,0.24,1.06,1.5
2025-03-25T00:00:00Z,14.0,4.57,0.0,0.0,0.2,1.24,0.9
2025-03-25T01:00:00Z,14.0,4.67,0.0,0.0,0.18,1.21,0.9
2025-03-25T02:00:00Z,14.2,5.06,0.0,0.0,0.18,0.96,1.8
2025-03-25T03:00:00Z,14.5,5.45,0.0,0.0,0.16,0.59,2.9
2025-03-25T04:00:00Z,14.7,5.5,0.0,0.0,0.14,0.21,3.4
2025-03-25T05:00:00Z,14.7,5.01,0.0,0.0,0.12,-0.13,3.4
2025-03-25T06:00:00Z,14.7,4.57,0.0,0.0,0.1,-0.37,3.2
2025-03-25T07:00:00Z,14.5,4.72,0.0,0.0,0.1,-0.44,2.3
2025-03-25T08:00:00Z,14.3,5.17,0.0,0.0,0.1,-0.3,0.9
2025-03-25T09:00:00Z,14.3,5.74,0.0,0.0,0.1,-0.08,0.6
2025-03-25T10:00:00Z,14.9,5.94,0.0,0.0,0.14,0.16,1.2
2025-03-25T11:00:00Z,15.0,6.34,0.0,0.0,0.16,0.4,1.2
2025-03-25T12:00:00Z,15.1,6.15,0.0,0.0,0.2,0.59,1.0
2025-03-25T13:00:00Z,15.0,6.01,0.0,0.0,0.22,0.62,0.7
2025-03-25T14:00:00Z,14.9,6.06,0.0,0.0,0.24,0.43,1.2
2025-03-25T15:00:00Z,14.8,6.1,0.0,0.0,0.26,0.09,2.2
2025-03-25T16:00:00Z,14.7,6.01,0.0,1.0,0.24,-0.28,2.7
2025-03-25T17:00:00Z,14.7,6.14,0.0,1.0,0.24,-0.57,2.7
2025-03-25T18:00:00Z,14.7,6.51,0.0,2.0,0.22,-0.76,2.2
2025-03-25T19:00:00Z,14.6,6.79,0.0,1.0,0.26,-0.76,1.1
2025-03-25T20:00:00Z,14.5,7.01,0.0,0.0,0.3,-0.47,0.5
2025-03-25T21:00:00Z,14.4,7.46,0.0,0.0,0.34,0.0,2.2
2025-03-25T22:00:00Z,14.6,7.05,0.0,0.0,0.34,0.5,3.3
2025-03-25T23:00:00Z,14.6,7.61,0.0,0.0,0.32,0.97,3.4
2025-03-26T00:00:00Z,14.8,8.16,0.0,0.0,0.32,1.38,3.0
2025-03-26T01:00:00Z,15.0,8.64,0.0,1.0,0.4,1.59,2.0
2025-03-26T02:00:00Z,15.3,9.04,0.0,4.0,0.48,1.5,0.9
2025-03-26T03:00:00Z,15.6,9.43,0.0,4.0,0.56,1.14,1.5
2025-03-26T04:00:00Z,15.8,9.76,0.0,2.0,0.62,0.62,2.8
2025-03-26T05:00:00Z,15.9,9.84,0.0,9.0,0.66,0.09,3.6
2025-03-26T06:00:00Z,16.0,9.92,0.0,12.0,0.72,-0.36,3.8
2025-03-26T07:00:00Z,16.1,10.08,0.0,38.0,0.74,-0.66,3.3
2025-03-26T08:00:00Z,16.4,10.01,0.0,50.0,0.76,-0.72,2.2
2025-03-26T09:00:00Z,16.3,10.1,0.0,45.0,0.78,-0.51,0.8
2025-03-26T10:00:00Z,16.1,9.69,0.0,19.0,0.76,-0.16,1.2
2025-03-26T11:00:00Z,16.0,9.74,0.0,11.0,0.74,0.23,1.7
2025-03-26T12:00:00Z,16.0,9.77,0.0,9.0,0.72,0.6,1.5
2025-03-26T13:00:00Z,15.9,9.71,0.0,8.0,0.74,0.82,1.3
2025-03-26T14:00:00Z,15.9,9.16,0.0,47.0,0.76,0.78,1.0
2025-03-26T15:00:00Z,15.8,9.02,0.0,93.0,0.78,0.46,2.1
2025-03-26T16:00:00Z,15.7,8.84,0.0,97.0,0.7,-0.03,3.3
2025-03-26T17:00:00Z,15.8,8.88,0.0,98.0,0.64,-0.54,4.0
2025-03-26T18:00:00Z,15.9,8.46,0.0,95.0,0.56,-0.93,3.8
2025-03-26T19:00:00Z,15.9,7.95,0.0,94.0,0.54,-1.14,2.9
2025-03-26T20:00:00Z,15.8,7.97,0.2,100.0,0.52,-1.11,1.3
2025-03-26T21:00:00Z,15.4,8.25,0.0,100.0,0.5,-0.69,1.1
2025-03-26T22:00:00Z,15.3,3.98,0.1,82.0,0.42,-0.06,3.1
2025-03-26T23:00:00Z,14.2,3.46,0.2,89.0,0.36,0.58,4.4
2025-03-27T00:00:00Z,14.4,2.73,0.2,52.0,0.28,1.21,4.4
2025-03-27T01:00:00Z,14.1,2.65,0.2,75.0,0.26,1.67,3.7
2025-03-27T02:00:00Z,14.1,5.03,0.0,99.0,0.24,1.81,2.2
2025-03-27T03:00:00Z,14.4,6.49,0.0,99.0,0.22,1.58,0.4
2025-03-27T04:00:00Z,14.6,6.91,0.0,98.0,0.26,1.06,2.0
2025-03-27T05:00:00Z,15.0,8.64,0.0,98.0,0.32,0.42,3.5
2025-03-27T06:00:00Z,14.4,10.57,0.0,48.0,0.36,-0.21,3.7
2025-03-27T07:00:00Z,12.5,11.2,0.0,70.0,0.64,-0.71,3.6
2025-03-27T08:00:00Z,12.4,10.85,0.0,68.0,0.92,-0.95,2.5
2025-03-27T09:00:00Z,12.3,11.5,0.0,82.0,1.2,-0.8,1.1
2025-03-27T10:00:00Z,12.2,10.47,0.0,75.0,1.22,-0.31,2.6
2025-03-27T11:00:00Z,12.1,10.33,0.0,84.0,1.26,0.32,4.3
2025-03-27T12:00:00Z,12.0,11.63,0.0,99.0,1.28,0.93,4.9
2025-03-27T13:00:00Z,11.8,12.73,0.0,100.0,1.34,1.43,4.5
2025-03-27T14:00:00Z,11.6,12.43,0.0,100.0,1.38,1.69,3.4
2025-03-27T15:00:00Z,11.4,12.08,0.0,100.0,1.44,1.58,1.7
2025-03-27T16:00:00Z,11.1,11.51,0.0,100.0,1.4,1.12,0.9
2025-03-27T17:00:00Z,10.4,11.45,0.2,100.0,1.36,0.48,2.6
2025-03-27T18:00:00Z,9.9,11.25,0.7,100.0,1.32,-0.13,3.4
2025-03-27T19:00:00Z,9.6,11.05,1.2,100.0,1.28,-0.6,3.5
2025-03-27T20:00:00Z,9.5,11.14,0.4,100.0,1.26,-0.84,2.7
2025-03-27T21:00:00Z,9.4,11.17,0.1,100.0,1.22,-0.72,1.7
2025-03-27T22:00:00Z,9.1,11.55,0.0,100.0,1.18,-0.21,2.5
2025-03-27T23:00:00Z,9.2,11.21,0.0,100.0,1.14,0.55,4.4
2025-03-28T00:00:00Z,9.4,10.13,0.0,100.0,1.1,1.31,5.4
2025-03-28T01:00:00Z,9.6,8.97,0.0,100.0,1.02,1.93,4.9
2025-03-28T02:00:00Z,9.9,10.04,0.0,100.0,0.96,2.29,3.6
2025-03-28T03:00:00Z,9.8,9.68,0.0,100.0,0.88,2.23,1.3
2025-03-28T04:00:00Z,9.7,9.62,0.0,100.0,0.94,1.76,1.5
2025-03-28T05:00:00Z,9.4,9.94,0.1,99.0,1.0,1.0,3.5
2025-03-28T06:00:00Z,9.2,9.96,0.2,100.0,1.06,0.18,5.0
2025-03-28T07:00:00Z,9.2,9.4,0.0,100.0,1.0,-0.54,5.5
2025-03-28T08:00:00Z,9.2,8.57,0.1,100.0,0.96,-1.04,4.8
2025-03-28T09:00:00Z,9.0,8.96,0.3,100.0,0.9,-1.19,3.2
2025-03-28T10:00:00Z,9.0,8.55,0.5,100.0,0.9,-0.89,1.3
2025-03-28T11:00:00Z,8.7,7.51,0.4,100.0,0.88,-0.24,2.8
2025-03-28T12:00:00Z,8.4,6.38,0.5,100.0,0.88,0.49,4.5
2025-03-28T13:00:00Z,7.9,6.45,0.6,97.0,0.74,1.13,4.7
2025-03-28T14:00:00Z,7.5,4.19,0.4,95.0,0.6,1.57,3.6
2025-03-28T15:00:00Z,7.2,2.43,0.5,90.0,0.46,1.64,1.7
2025-03-28T16:00:00Z,7.1,2.95,0.2,85.0,0.4,1.28,1.0
2025-03-28T17:00:00Z,7.3,3.62,0.0,97.0,0.36,0.6,3.4
2025-03-28T18:00:00Z,7.5,4.48,0.0,58.0,0.3,-0.2,5.2
2025-03-28T19:00:00Z,7.6,5.12,0.0,92.0,0.34,-0.92,5.9
2025-03-28T20:00:00Z,7.7,5.59,0.0,89.0,0.38,-1.44,5.5
2025-03-28T21:00:00Z,7.9,5.77,0.0,94.0,0.42,-1.65,4.2
2025-03-28T22:00:00Z,8.9,5.98,0.0,99.0,0.46,-1.41,1.8
2025-03-28T23:00:00Z,9.0,6.7,0.0,99.0,0.5,-0.73,1.9
2025-03-29T00:00:00Z,9.2,7.61,0.0,100.0,0.54,0.14,4.3
2025-03-29T01:00:00Z,9.3,7.63,0.0,100.0,0.58,0.95,5.1
2025-03-29T02:00:00Z,9.6,8.19,0.0,100.0,0.6,1.54,4.4
2025-03-29T03:00:00Z,9.9,7.68,0.0,100.0,0.64,1.76,2.6
2025-03-29T04:00:00Z,10.3,7.42,0.0,100.0,0.6,1.54,0.4
2025-03-29T05:00:00Z,10.5,7.38,0.0,100.0,0.58,0.91,2.2
2025-03-29T06:00:00Z,10.5,6.7,0.0,100.0,0.54,0.09,4.0
2025-03-29T07:00:00Z,10.4,5.9,0.1,99.0,0.56,-0.72,4.9
2025-03-29T08:00:00Z,10.4,5.75,0.0,99.0,0.58,-1.34,4.6
2025-03-29T09:00:00Z,10.4,5.8,0.0,97.0,0.6,-1.66,3.4
2025-03-29T10:00:00Z,9.9,4.98,0.0,36.0,0.56,-1.55,1.3
2025-03-29T11:00:00Z,9.9,4.88,0.0,65.0,0.52,-0.98,2.6
2025-03-29T12:00:00Z,9.9,5.43,0.0,81.0,0.48,-0.1,5.4
2025-03-29T13:00:00Z,9.8,5.99,0.0,93.0,0.5,0.79,6.8
2025-03-29T14:00:00Z,9.7,6.06,0.0,87.0,0.54,1.5,6.5
2025-03-29T15:00:00Z,9.6,6.21,0.0,90.0,0.56,1.89,5.1
2025-03-29T16:00:00Z,9.6,5.94,0.0,98.0,0.58,1.84,2.5
2025-03-29T17:00:00Z,9.5,6.88,0.0,100.0,0.58,1.35,0.3
2025-03-29T18:00:00Z,9.4,7.66,0.0,100.0,0.6,0.57,2.7
2025-03-29T19:00:00Z,9.3,7.55,0.0,99.0,0.64,-0.26,4.4
2025-03-29T20:00:00Z,9.2,7.63,0.0,98.0,0.66,-0.96,4.8
2025-03-29T21:00:00Z,9.2,7.63,0.0,97.0,0.7,-1.4,3.9
2025-03-29T22:00:00Z,9.3,7.43,0.0,100.0,0.7,-1.47,2.2
2025-03-29T23:00:00Z,9.3,7.5,0.0,100.0,0.68,-1.07,1.4
2025-03-30T00:00:00Z,9.3,7.41,0.0,100.0,0.68,-0.25,4.4
2025-03-30T01:00:00Z,9.3,6.9,0.0,100.0,0.66,0.68,6.3
2025-03-30T02:00:00Z,9.4,6.86,0.0,100.0,0.64,1.44,6.5
2025-03-30T03:00:00Z,9.5,6.71,0.0,100.0,0.62,1.91,5.1
2025-03-30T04:00:00Z,9.6,6.0,0.0,100.0,0.58,1.96,2.9
2025-03-30T05:00:00Z,9.6,6.01,0.0,100.0,0.56,1.55,0.5
2025-03-30T06:00:00Z,9.6,6.19,0.0,98.0,0.52,0.8,2.5
2025-03-30T07:00:00Z,9.6,5.87,0.0,97.0,0.5,-0.09,4.5
2025-03-30T08:00:00Z,9.6,5.78,0.0,97.0,0.5,-0.9,5.2
2025-03-30T09:00:00Z,9.6,5.54,0.0,98.0,0.48,-1.46,4.7
2025-03-30T10:00:00Z,9.2,4.96,0.0,98.0,0.48,-1.66,2.9
2025-03-30T11:00:00Z,9.3,5.89,0.0,96.0,0.46,-1.4,0.6
2025-03-30T12:00:00Z,9.3,6.53,0.0,97.0,0.46,-0.68,3.2
2025-03-30T13:00:00Z,9.3,6.74,0.0,100.0,0.48,0.29,5.8
2025-03-30T14:00:00Z,9.3,6.5,0.0,99.0,0.52,1.16,6.5
2025-03-30T15:00:00Z,9.3,6.01,0.0,100.0,0.54,1.75,5.5
2025-03-30T16:00:00Z,9.2,6.07,0.0,100.0,0.52,1.96,3.4
2025-03-30T17:00:00Z,9.2,5.5,0.0,98.0,0.52,1.72,1.0
2025-03-30T18:00:00Z,9.2,5.29,0.0,100.0,0.5,1.07,2.4
2025-03-30T19:00:00Z,9.2,5.82,0.0,100.0,0.5,0.22,4.5
2025-03-30T20:00:00Z,9.2,5.73,0.0,100.0,0.52,-0.62,5.6
2025-03-30T21:00:00Z,9.3,6.06,0.0,98.0,0.52,-1.24,5.4
2025-03-30T22:00:00Z,9.2,6.72,0.0,99.0,0.5,-1.55,4.0
2025-03-30T23:00:00Z,9.3,6.71,0.0,100.0,0.5,-1.46,1.7
2025-03-31T00:00:00Z,9.4,6.52,0.0,100.0,0.48,-0.91,1.7
2025-03-31T01:00:00Z,9.5,7.16,0.0,98.0,0.5,-0.03,4.5
2025-03-31T02:00:00Z,9.7,6.49,0.0,100.0,0.54,0.84,6.0
2025-03-31T03:00:00Z,9.9,6.32,0.0,100.0,0.56,1.47,5.5
2025-03-31T04:00:00Z,10.1,6.19,0.0,96.0,0.54,1.73,3.5
2025-03-31T05:00:00Z,10.2,5.97,0.0,97.0,0.54,1.57,1.2
2025-03-31T06:00:00Z,10.4,5.52,0.0,98.0,0.52,1.01,2.1
2025-03-31T07:00:00Z,10.4,5.7,0.0,98.0,0.52,0.19,4.3
2025-03-31T08:00:00Z,10.5,5.81,0.0,98.0,0.5,-0.65,5.6
2025-03-31T09:00:00Z,10.6,6.15,0.0,98.0,0.5,-1.32,5.6
2025-03-31T10:00:00Z,10.6,5.82,0.0,99.0,0.52,-1.69,4.4
2025-03-31T11:00:00Z,10.7,6.09,0.0,96.0,0.54,-1.68,2.3
2025-03-31T12:00:00Z,10.7,6.7,0.0,99.0,0.56,-1.21,1.2
2025-03-31T13:00:00Z,10.7,6.77,0.0,100.0,0.56,-0.32,4.3
2025-03-31T14:00:00Z,10.7,5.85,0.0,100.0,0.58,0.67,6.5
2025-03-31T15:00:00Z,10.7,5.6,0.0,100.0,0.58,1.47,6.5
2025-03-31T16:00:00Z,10.5,5.16,0.0,100.0,0.54,1.92,5.2
2025-03-31T17:00:00Z,10.3,5.21,0.0,100.0,0.5,1.98,2.7
2025-03-31T18:00:00Z,10.1,5.26,0.0,100.0,0.46,1.63,0.9
2025-03-31T19:00:00Z,10.0,5.2,0.0,100.0,0.46,0.95,2.9
2025-03-31T20:00:00Z,9.9,4.93,0.0,100.0,0.44,0.13,4.7
2025-03-31T21:00:00Z,9.9,5.01,0.0,100.0,0.44,-0.62,5.4
2025-03-31T22:00:00Z,9.8,5.52,0.0,99.0,0.44,-1.13,4.9
2025-03-31T23:00:00Z,9.9,5.52,0.0,97.0,0.42,-1.32,3.3
2025-04-01T00:00:00Z,10.0,5.72,0.0,99.0,0.42,-1.12,1.0
2025-04-01T01:00:00Z,10.1,5.48,0.0,93.0,0.42,-0.51,2.4
2025-04-01T02:00:00Z,10.2,5.48,0.0,11.0,0.44,0.32,4.7
2025-04-01T03:00:00Z,10.3,5.84,0.0,0.0,0.44,1.05,5.4
2025-04-01T04:00:00Z,10.4,5.4,0.0,0.0,0.42,1.48,4.4
2025-04-01T05:00:00Z,10.4,5.03,0.0,0.0,0.42,1.57,2.4
2025-04-01T06:00:00Z,10.5,5.12,0.0,0.0,0.4,1.29,0.6
2025-04-01T07:00:00Z,10.5,4.72,0.0,0.0,0.42,0.68,2.5
2025-04-01T08:00:00Z,10.6,5.07,0.0,0.0,0.42,-0.1,4.3
2025-04-01T09:00:00Z,10.6,4.71,0.0,0.0,0.44,-0.83,5.2
2025-04-01T10:00:00Z,10.6,4.25,0.0,0.0,0.42,-1.33,4.7
2025-04-01T11:00:00Z,10.4,4.04,0.0,62.0,0.4,-1.53,3.2
2025-04-01T12:00:00Z,10.4,4.27,0.0,40.0,0.38,-1.36,1.2
2025-04-01T13:00:00Z,10.4,4.12,0.0,85.0,0.36,-0.76,2.2
2025-04-01T14:00:00Z,10.3,3.58,0.0,94.0,0.36,0.12,4.9
2025-04-01T15:00:00Z,10.2,2.98,0.0,95.0,0.34,0.99,6.0
2025-04-01T16:00:00Z,10.2,2.12,0.0,100.0,0.32,1.6,5.3
2025-04-01T17:00:00Z,10.1,1.25,0.0,99.0,0.28,1.87,3.3
2025-04-01T18:00:00Z,10.0,0.75,0.0,21.0,0.26,1.78,1.0
2025-04-01T19:00:00Z,9.9,0.7,0.0,29.0,0.24,1.33,1.9
2025-04-01T20:00:00Z,9.9,0.79,0.0,76.0,0.24,0.64,4.1
2025-04-01T21:00:00Z,10.0,0.95,0.0,98.0,0.22,-0.12,5.4
2025-04-01T22:00:00Z,10.0,1.39,0.0,95.0,0.22,-0.74,5.8
2025-04-01T23:00:00Z,10.2,1.7,0.0,74.0,0.2,-1.12,4.9
2025-04-02T00:00:00Z,10.3,1.55,0.0,40.0,0.2,-1.21,3.1
2025-04-02T01:00:00Z,10.4,1.61,0.0,3.0,0.2,-0.95,0.8
2025-04-02T02:00:00Z,10.6,1.79,0.0,0.0,0.2,-0.36,2.0
2025-04-02T03:00:00Z,10.8,2.36,0.0,0.0,0.2,0.33,3.8
2025-04-02T04:00:00Z,11.1,2.76,0.0,0.0,0.2,0.85,4.1
2025-04-02T05:00:00Z,11.5,3.1,0.0,0.0,0.18,1.08,2.7
2025-04-02T06:00:00Z,11.9,3.62,0.0,30.0,0.18,1.03,1.2
2025-04-02T07:00:00Z,12.0,4.17,0.0,0.0,0.18,0.7,1.9
2025-04-02T08:00:00Z,12.1,4.48,0.0,1.0,0.18,0.13,3.5
2025-04-02T09:00:00Z,12.1,4.81,0.0,16.0,0.18,-0.52,4.7
2025-04-02T10:00:00Z,12.2,4.67,0.0,47.0,0.18,-1.06,4.7
2025-04-02T11:00:00Z,12.1,4.58,0.0,91.0,0.18,-1.35,3.8
2025-04-02T12:00:00Z,11.9,1.82,0.0,84.0,0.18,-1.36,2.1
2025-04-02T13:00:00Z,11.7,3.98,0.0,100.0,0.2,-1.03,0.9
2025-04-02T14:00:00Z,11.5,5.17,0.0,99.0,0.24,-0.4,3.3
2025-04-02T15:00:00Z,11.3,5.33,0.0,95.0,0.26,0.41,5.4
2025-04-02T16:00:00Z,11.3,5.17,0.0,98.0,0.28,1.14,6.1
2025-04-02T17:00:00Z,11.2,5.84,0.0,97.0,0.3,1.62,5.2
2025-04-02T18:00:00Z,11.1,6.87,0.0,97.0,0.32,1.79,3.3
2025-04-02T19:00:00Z,11.0,6.97,0.0,98.0,0.36,1.67,1.0
2025-04-02T20:00:00Z,10.9,6.56,0.0,77.0,0.42,1.24,1.3
2025-04-02T21:00:00Z,10.9,6.11,0.0,73.0,0.46,0.62,3.1
2025-04-02T22:00:00Z,10.6,5.2,0.0,92.0,0.42,-0.01,4.0
2025-04-02T23:00:00Z,10.6,4.63,0.0,88.0,0.38,-0.49,4.1
2025-04-03T00:00:00Z,10.7,4.38,0.0,89.0,0.34,-0.76,3.2
2025-04-03T01:00:00Z,10.8,4.08,0.0,89.0,0.32,-0.78,1.8
2025-04-03T02:00:00Z,10.9,3.45,0.0,97.0,0.3,-0.53,1.2
2025-04-03T03:00:00Z,11.1,2.46,0.0,92.0,0.28,-0.05,2.7
2025-04-03T04:00:00Z,11.2,1.83,0.0,73.0,0.26,0.46,3.8
2025-04-03T05:00:00Z,11.2,2.02,0.0,0.0,0.22,0.79,3.6
2025-04-03T06:00:00Z,11.3,2.42,0.0,0.0,0.2,0.88,2.2
2025-04-03T07:00:00Z,11.3,3.05,0.0,0.0,0.22,0.75,0.8
2025-04-03T08:00:00Z,11.3,3.79,0.0,0.0,0.26,0.41,1.1
2025-04-03T09:00:00Z,11.3,4.33,0.0,0.0,0.28,-0.09,2.5
2025-04-03T10:00:00Z,11.6,4.25,0.0,0.0,0.28,-0.62,3.3
2025-04-03T11:00:00Z,11.5,4.97,0.0,0.0,0.3,-1.01,3.1
2025-04-03T12:00:00Z,11.4,5.33,0.0,0.0,0.3,-1.17,2.3
2025-04-03T13:00:00Z,11.3,5.43,0.0,0.0,0.32,-1.1,0.9
2025-04-03T14:00:00Z,11.2,5.56,0.0,0.0,0.32,-0.79,1.4
2025-04-03T15:00:00Z,11.2,5.73,0.0,40.0,0.34,-0.23,3.1
2025-04-03T16:00:00Z,11.2,6.19,0.0,84.0,0.32,0.42,4.5
2025-04-03T17:00:00Z,11.1,6.5,0.0,26.0,0.32,0.97,4.5
2025-04-03T18:00:00Z,11.1,6.77,0.0,65.0,0.3,1.28,3.5
2025-04-03T19:00:00Z,11.1,7.03,0.0,98.0,0.32,1.39,1.9
2025-04-03T20:00:00Z,11.1,6.95,0.0,100.0,0.32,1.25,0.9
2025-04-03T21:00:00Z,11.2,7.04,0.0,100.0,0.34,0.9,2.1
2025-04-03T22:00:00Z,11.3,6.35,0.0,100.0,0.32,0.4,3.4
2025-04-03T23:00:00Z,11.4,6.39,0.0,98.0,0.32,-0.1,4.0
2025-04-04T00:00:00Z,11.6,7.01,0.0,100.0,0.3,-0.47,3.8
2025-04-04T01:00:00Z,11.8,7.23,0.0,100.0,0.32,-0.67,2.9
2025-04-04T02:00:00Z,12.0,7.11,0.0,99.0,0.34,-0.69,1.6
2025-04-04T03:00:00Z,12.1,7.69,0.0,100.0,0.36,-0.49,0.2
2025-04-04T04:00:00Z,12.2,7.77,0.0,100.0,0.38,-0.14,1.7
2025-04-04T05:00:00Z,12.3,7.73,0.0,100.0,0.42,0.21,2.6
2025-04-04T06:00:00Z,12.4,8.0,0.0,100.0,0.44,0.4,2.3
2025-04-04T07:00:00Z,12.4,8.52,0.0,100.0,0.5,0.44,1.5
2025-04-04T08:00:00Z,12.4,8.64,0.0,97.0,0.56,0.35,1.3
2025-04-04T09:00:00Z,12.5,9.45,0.0,98.0,0.62,0.09,1.9
2025-04-04T10:00:00Z,12.6,8.57,0.0,100.0,0.68,-0.28,2.4
2025-04-04T11:00:00Z,12.7,8.94,0.0,100.0,0.72,-0.65,2.9
2025-04-04T12:00:00Z,12.7,9.66,0.0,100.0,0.78,-0.91,2.5
2025-04-04T13:00:00Z,12.8,9.58,0.0,100.0,0.78,-0.99,1.8
2025-04-04T14:00:00Z,12.9,9.72,0.0,100.0,0.76,-0.91,0.5
2025-04-04T15:00:00Z,13.0,9.79,0.0,100.0,0.76,-0.65,0.9
2025-04-04T16:00:00Z,13.1,9.9,0.0,100.0,0.78,-0.21,2.3
2025-04-04T17:00:00Z,13.2,9.81,0.0,99.0,0.78,0.31,3.5
2025-04-04T18:00:00Z,13.2,9.6,0.0,100.0,0.8,0.73,3.5
2025-04-04T19:00:00Z,13.3,8.59,0.0,100.0,0.72,0.99,2.7
2025-04-04T20:00:00Z,13.3,7.67,0.0,100.0,0.66,1.11,1.7
2025-04-04T21:00:00Z,13.4,6.71,0.0,100.0,0.58,1.06,1.1
2025-04-04T22:00:00Z,13.5,5.17,0.0,100.0,0.5,0.83,1.6
2025-04-04T23:00:00Z,13.6,4.55,0.0,100.0,0.44,0.47,2.4
2025-04-05T00:00:00Z,13.7,3.8,0.0,100.0,0.36,0.11,2.9
2025-04-05T01:00:00Z,13.9,3.25,0.0,100.0,0.34,-0.17,2.7
2025-04-05T02:00:00Z,14.0,3.11,0.0,100.0,0.32,-0.35,2.0
2025-04-05T03:00:00Z,14.0,2.53,0.0,100.0,0.3,-0.42,1.3
2025-04-05T04:00:00Z,14.2,1.35,0.0,100.0,0.26,-0.32,0.2
2025-04-05T05:00:00Z,14.5,0.81,0.0,93.0,0.22,-0.09,1.1
2025-04-05T06:00:00Z,14.7,0.54,0.0,100.0,0.18,0.13,1.8
2025-04-05T07:00:00Z,14.8,1.9,0.0,96.0,0.16,0.25,1.5
2025-04-05T08:00:00Z,14.8,3.15,0.0,100.0,0.16,0.32,1.0
2025-04-05T09:00:00Z,14.8,3.85,0.0,99.0,0.14,0.32,0.7
2025-04-05T10:00:00Z,13.8,4.35,0.0,100.0,0.14,0.19,0.9
2025-04-05T11:00:00Z,13.5,3.96,0.0,100.0,0.12,-0.05,1.1
2025-04-05T12:00:00Z,13.3,3.75,0.0,97.0,0.12,-0.31,1.3
2025-04-05T13:00:00Z,13.4,3.87,0.0,95.0,0.12,-0.48,1.1
2025-04-05T14:00:00Z,13.3,4.1,0.0,100.0,0.12,-0.56,0.6
2025-04-05T15:00:00Z,13.2,4.2,0.0,87.0,0.12,-0.55,0.6
2025-04-05T16:00:00Z,13.1,4.06,0.0,86.0,0.1,-0.4,1.3
2025-04-05T17:00:00Z,12.8,3.76,0.0,78.0,0.08,-0.07,2.2
2025-04-05T18:00:00Z,12.7,3.85,0.0,70.0,0.06,0.33,3.1
2025-04-05T19:00:00Z,12.5,4.36,0.0,61.0,0.1,0.66,3.2
2025-04-05T20:00:00Z,12.3,5.08,0.0,11.0,0.14,0.93,2.7
2025-04-05T21:00:00Z,12.3,5.33,0.0,0.0,0.18,1.12,1.8
2025-04-05T22:00:00Z,12.2,4.38,0.0,0.0,0.18,1.17,1.0
2025-04-05T23:00:00Z,12.2,4.05,0.0,2.0,0.2,1.04,0.3
2025-04-06T00:00:00Z,12.3,3.86,0.0,0.0,0.2,0.77,1.3
2025-04-06T01:00:00Z,12.4,3.78,0.0,0.0,0.2,0.45,1.8
2025-04-06T02:00:00Z,12.5,3.69,0.0,0.0,0.18,0.15,1.8
2025-04-06T03:00:00Z,12.7,3.4,0.0,0.0,0.18,-0.11,1.7
2025-04-06T04:00:00Z,12.8,3.22,0.0,0.0,0.16,-0.3,1.3
2025-04-06T05:00:00Z,13.0,2.98,0.0,0.0,0.14,-0.33,0.4
2025-04-06T06:00:00Z,13.1,2.78,0.0,0.0,0.12,-0.22,0.6
2025-04-06T07:00:00Z,12.9,3.08,0.0,0.0,0.16,-0.08,1.4
2025-04-06T08:00:00Z,12.4,3.82,0.0,0.0,0.18,0.05,1.5
2025-04-06T09:00:00Z,12.3,4.72,0.0,0.0,0.22,0.19,1.4
2025-04-06T10:00:00Z,13.1,4.76,0.0,0.0,0.24,0.27,1.2
2025-04-06T11:00:00Z,13.1,5.65,0.0,0.0,0.26,0.22,0.7
2025-04-06T12:00:00Z,13.1,5.89,0.0,0.0,0.28,0.02,0.8
2025-04-06T13:00:00Z,13.1,6.05,0.0,0.0,0.3,-0.24,1.3
2025-04-06T14:00:00Z,13.0,6.22,0.0,0.0,0.32,-0.47,1.4
2025-04-06T15:00:00Z,13.0,6.45,0.0,0.0,0.34,-0.64,1.3
2025-04-06T16:00:00Z,13.0,6.75,0.0,37.0,0.32,-0.75,0.9
2025-04-06T17:00:00Z,13.0,7.18,0.0,9.0,0.32,-0.71,0.3
2025-04-06T18:00:00Z,13.1,7.12,0.0,6.0,0.3,-0.47,1.1
2025-04-06T19:00:00Z,13.2,6.92,0.0,4.0,0.32,-0.14,2.2
2025-04-06T20:00:00Z,13.2,6.61,0.0,3.0,0.34,0.21,2.6
2025-04-06T21:00:00Z,13.3,6.61,0.0,2.0,0.36,0.55,2.4
2025-04-06T22:00:00Z,13.3,6.32,0.0,2.0,0.36,0.86,2.3
2025-04-06T23:00:00Z,13.4,6.96,0.0,0.0,0.38,1.01,1.5
2025-04-07T00:00:00Z,13.5,7.53,0.0,4.0,0.38,0.95,0.7
2025-04-07T01:00:00Z,13.7,7.65,0.0,5.0,0.4,0.7,1.0
2025-04-07T02:00:00Z,14.0,7.48,0.0,0.0,0.4,0.36,1.8
2025-04-07T03:00:00Z,14.4,7.34,0.0,15.0,0.42,0.0,2.4
2025-04-07T04:00:00Z,14.7,7.22,0.0,7.0,0.38,-0.36,2.5
2025-04-07T05:00:00Z,14.9,7.16,0.0,33.0,0.34,-0.63,2.3
2025-04-07T06:00:00Z,15.1,7.43,0.0,62.0,0.3,-0.7,1.7
2025-04-07T07:00:00Z,15.1,8.01,0.0,91.0,0.38,-0.6,0.7
2025-04-07T08:00:00Z,15.1,8.71,0.0,97.0,0.46,-0.41,1.3
2025-04-07T09:00:00Z,15.0,9.11,0.0,100.0,0.54,-0.18,1.8
2025-04-07T10:00:00Z,14.9,8.68,0.0,100.0,0.6,0.11,1.8
2025-04-07T11:00:00Z,14.7,9.06,0.0,99.0,0.68,0.32,1.8
2025-04-07T12:00:00Z,14.6,9.46,0.0,99.0,0.74,0.36,1.2
2025-04-07T13:00:00Z,14.6,9.93,0.0,99.0,0.76,0.2,0.9
2025-04-07T14:00:00Z,14.6,9.8,0.0,99.0,0.76,-0.08,1.4
2025-04-07T15:00:00Z,14.6,9.86,0.0,88.0,0.78,-0.37,1.8
2025-04-07T16:00:00Z,14.8,9.63,0.0,98.0,0.78,-0.65,2.0
2025-04-07T17:00:00Z,14.7,9.75,0.0,73.0,0.76,-0.84,1.8
2025-04-07T18:00:00Z,14.7,9.28,0.0,13.0,0.76,-0.87,1.1
2025-04-07T19:00:00Z,14.6,8.76,0.0,1.0,0.7,-0.66,0.4
2025-04-07T20:00:00Z,14.6,8.25,0.0,3.0,0.64,-0.3,1.9
2025-04-07T21:00:00Z,14.6,7.7,0.0,0.0,0.58,0.12,2.6
2025-04-07T22:00:00Z,14.6,6.99,0.0,0.0,0.52,0.58,3.0
2025-04-07T23:00:00Z,14.5,6.38,0.0,0.0,0.48,0.99,2.9
2025-04-08T00:00:00Z,14.5,5.68,0.0,0.0,0.42,1.21,2.2
2025-04-08T01:00:00Z,14.5,5.13,0.0,42.0,0.38,1.16,1.0
2025-04-08T02:00:00Z,14.7,4.56,0.0,14.0,0.32,0.87,0.8
2025-04-08T03:00:00Z,14.9,3.41,0.0,5.0,0.28,0.47,1.8
2025-04-08T04:00:00Z,15.1,2.24,0.0,4.0,0.24,0.02,2.5
2025-04-08T05:00:00Z,15.3,1.6,0.0,3.0,0.18,-0.4,2.9
2025-04-08T06:00:00Z,15.4,1.87,0.0,20.0,0.14,-0.7,2.7
2025-04-08T07:00:00Z,15.3,2.97,0.0,45.0,0.12,-0.75,1.6
2025-04-08T08:00:00Z,15.2,3.96,0.0,19.0,0.12,-0.59,0.4
2025-04-08T09:00:00Z,15.0,4.46,0.0,21.0,0.1,-0.31,1.6
2025-04-08T10:00:00Z,15.1,4.81,0.0,75.0,0.1,0.07,2.5
2025-04-08T11:00:00Z,15.0,5.12,0.0,36.0,0.1,0.5,2.7
2025-04-08T12:00:00Z,15.0,5.22,0.0,9.0,0.1,0.8,2.4
2025-04-08T13:00:00Z,15.2,5.46,0.0,2.0,0.16,0.86,1.5
2025-04-08T14:00:00Z,15.3,6.07,0.0,1.0,0.24,0.65,0.6
2025-04-08T15:00:00Z,15.4,6.46,0.0,2.0,0.3,0.28,1.5
2025-04-08T16:00:00Z,15.6,6.67,0.0,2.0,0.32,-0.13,2.3
2025-04-08T17:00:00Z,15.7,6.95,0.0,1.0,0.34,-0.51,2.7
2025-04-08T18:00:00Z,15.8,7.2,0.0,0.0,0.36,-0.8,2.7
2025-04-08T19:00:00Z,15.8,7.05,0.0,2.0,0.34,-0.85,1.7
2025-04-08T20:00:00Z,15.8,7.01,0.0,2.0,0.3,-0.62,0.2
2025-04-08T21:00:00Z,15.8,7.01,0.0,0.0,0.28,-0.21,1.8
2025-04-08T22:00:00Z,15.7,6.87,0.0,0.0,0.28,0.29,2.7
2025-04-08T23:00:00Z,15.7,6.76,0.0,0.0,0.26,0.84,3.3
2025-04-09T00:00:00Z,15.7,6.66,0.0,0.0,0.26,1.3,3.1
2025-04-09T01:00:00Z,15.8,6.2,0.0,0.0,0.26,1.47,2.1
2025-04-09T02:00:00Z,16.0,5.78,0.0,0.0,0.24,1.32,0.5
2025-04-09T03:00:00Z,16.2,5.07,0.0,7.0,0.24,0.9,1.5
2025-04-09T04:00:00Z,16.4,4.22,0.0,6.0,0.22,0.37,2.7
2025-04-09T05:00:00Z,16.3,4.05,0.0,41.0,0.18,-0.18,3.6
2025-04-09T06:00:00Z,16.0,4.51,0.0,42.0,0.16,-0.65,3.8
2025-04-09T07:00:00Z,15.7,5.01,0.0,40.0,0.14,-0.93,3.2
2025-04-09T08:00:00Z,15.5,5.35,0.0,16.0,0.14,-0.91,1.6
2025-04-09T09:00:00Z,15.3,5.76,0.0,41.0,0.12,-0.64,0.5
2025-04-09T10:00:00Z,15.2,5.19,0.0,82.0,0.14,-0.22,2.1
2025-04-09T11:00:00Z,15.2,5.5,0.0,84.0,0.16,0.29,3.0
2025-04-09T12:00:00Z,15.1,5.36,0.0,79.0,0.18,0.79,3.2
2025-04-09T13:00:00Z,14.9,5.3,0.0,87.0,0.2,1.08,2.5
2025-04-09T14:00:00Z,14.8,4.49,0.0,99.0,0.22,1.04,1.2
2025-04-09T15:00:00Z,14.6,3.58,0.0,100.0,0.24,0.7,0.7
2025-04-09T16:00:00Z,14.5,2.7,0.0,99.0,0.22,0.22,2.3
2025-04-09T17:00:00Z,14.4,2.1,0.0,99.0,0.2,-0.29,3.2
2025-04-09T18:00:00Z,14.4,1.77,0.0,99.0,0.18,-0.74,3.6
2025-04-09T19:00:00Z,14.6,1.73,0.0,100.0,0.18,-1.02,3.3
2025-04-09T20:00:00Z,14.6,2.02,0.0,90.0,0.16,-1.01,1.9
2025-04-09T21:00:00Z,14.6,1.46,0.0,22.0,0.16,-0.69,0.6
2025-04-09T22:00:00Z,15.0,2.84,0.0,56.0,0.14,-0.17,2.5
2025-04-09T23:00:00Z,14.1,2.58,0.0,34.0,0.1,0.45,3.8
2025-04-10T00:00:00Z,13.6,1.54,0.0,20.0,0.08,1.07,4.3
2025-04-10T01:00:00Z,13.7,1.8,0.0,10.0,0.08,1.53,3.8
2025-04-10T02:00:00Z,13.7,2.41,0.0,45.0,0.08,1.64,2.5
2025-04-10T03:00:00Z,13.6,2.91,0.0,14.0,0.08,1.36,0.6
2025-04-10T04:00:00Z,13.7,3.67,0.0,19.0,0.08,0.83,1.3
2025-04-10T05:00:00Z,13.5,5.1,0.0,90.0,0.08,0.22,2.5
2025-04-10T06:00:00Z,13.3,5.43,0.0,100.0,0.08,-0.36,3.3
2025-04-10T07:00:00Z,13.2,5.85,0.0,98.0,0.16,-0.81,3.1
2025-04-10T08:00:00Z,13.2,6.13,0.0,99.0,0.24,-0.98,2.1
2025-04-10T09:00:00Z,13.1,5.86,0.0,100.0,0.32,-0.82,0.6
2025-04-10T10:00:00Z,13.8,5.44,0.0,98.0,0.3,-0.39,2.3
2025-04-10T11:00:00Z,13.7,5.69,0.0,99.0,0.28,0.18,4.0
2025-04-10T12:00:00Z,13.7,5.43,0.0,95.0,0.26,0.8,4.7
2025-04-10T13:00:00Z,13.6,5.75,0.0,72.0,0.26,1.31,4.5
2025-04-10T14:00:00Z,13.6,5.64,0.0,56.0,0.24,1.53,3.5
2025-04-10T15:00:00Z,13.7,5.12,0.0,50.0,0.24,1.37,1.5
2025-04-10T16:00:00Z,13.7,5.14,0.0,36.0,0.24,0.89,0.5
2025-04-10T17:00:00Z,13.7,5.1,0.0,24.0,0.26,0.28,2.2
2025-04-10T18:00:00Z,13.7,5.27,0.0,20.0,0.26,-0.3,3.1
2025-04-10T19:00:00Z,13.6,5.74,0.0,25.0,0.28,-0.78,3.3
2025-04-10T20:00:00Z,13.5,6.02,0.0,56.0,0.28,-1.03,2.6
2025-04-10T21:00:00Z,13.3,6.03,0.0,92.0,0.3,-0.91,0.8
2025-04-10T22:00:00Z,13.8,5.57,0.0,97.0,0.28,-0.46,1.8
2025-04-10T23:00:00Z,14.1,5.35,0.0,100.0,0.24,0.16,3.8
2025-04-11T00:00:00Z,14.4,5.41,0.0,100.0,0.22,0.83,4.7
2025-04-11T01:00:00Z,14.6,4.86,0.0,98.0,0.2,1.43,4.7
2025-04-11T02:00:00Z,15.0,4.1,0.0,93.0,0.2,1.74,3.7
2025-04-11T03:00:00Z,15.3,4.3,0.0,72.0,0.18,1.65,1.7
2025-04-11T04:00:00Z,15.7,5.28,0.0,92.0,0.18,1.17,0.6
2025-04-11T05:00:00Z,16.0,6.7,0.0,83.0,0.16,0.49,2.5
2025-04-11T06:00:00Z,16.4,7.92,0.0,99.0,0.16,-0.19,3.6
2025-04-11T07:00:00Z,16.9,8.87,0.0,100.0,0.34,-0.77,4.0
2025-04-11T08:00:00Z,17.0,9.65,0.0,100.0,0.5,-1.15,3.6
2025-04-11T09:00:00Z,16.9,10.02,0.0,100.0,0.68,-1.19,2.0
2025-04-11T10:00:00Z,16.9,9.38,0.0,100.0,0.74,-0.86,0.4
2025-04-11T11:00:00Z,16.9,10.52,0.0,100.0,0.78,-0.28,2.6
2025-04-11T12:00:00Z,16.9,10.47,0.0,100.0,0.84,0.4,3.9
2025-04-11T13:00:00Z,16.8,11.0,0.0,99.0,0.9,1.03,4.1
2025-04-11T14:00:00Z,16.8,11.28,0.0,100.0,0.94,1.45,3.5
2025-04-11T15:00:00Z,16.8,11.41,0.0,100.0,1.0,1.5,1.9
2025-04-11T16:00:00Z,16.8,11.11,0.0,100.0,0.96,1.16,1.0
2025-04-11T17:00:00Z,16.8,10.19,0.9,100.0,0.9,0.56,2.6
2025-04-11T18:00:00Z,16.7,10.6,2.3,100.0,0.86,-0.11,4.0
2025-04-11T19:00:00Z,16.8,11.5,2.4,100.0,0.88,-0.67,4.3
2025-04-11T20:00:00Z,17.1,12.42,4.5,100.0,0.9,-1.05,4.0
2025-04-11T21:00:00Z,17.2,13.33,5.8,100.0,0.92,-1.14,2.5
2025-04-11T22:00:00Z,17.2,11.22,5.3,100.0,0.96,-0.86,0.5
2025-04-11T23:00:00Z,17.1,11.36,3.9,100.0,1.02,-0.28,2.1
2025-04-12T00:00:00Z,17.0,11.82,2.4,100.0,1.06,0.36,3.5
2025-04-12T01:00:00Z,16.9,10.77,2.5,100.0,0.98,1.0,3.9
2025-04-12T02:00:00Z,16.6,8.82,3.2,100.0,0.9,1.47,3.2
2025-04-12T03:00:00Z,16.6,8.22,0.5,100.0,0.82,1.59,1.5
2025-04-12T04:00:00Z,16.7,9.14,0.1,99.0,0.86,1.27,1.0
2025-04-12T05:00:00Z,17.2,10.58,0.0,95.0,0.9,0.63,3.2
2025-04-12T06:00:00Z,16.9,13.88,0.1,100.0,0.94,-0.09,4.7
2025-04-12T07:00:00Z,15.9,13.5,0.1,100.0,1.12,-0.73,5.3
2025-04-12T08:00:00Z,15.5,11.79,0.5,100.0,1.32,-1.27,4.8
2025-04-12T09:00:00Z,15.3,11.58,0.0,99.0,1.5,-1.51,3.2
2025-04-12T10:00:00Z,14.5,12.31,0.0,100.0,1.5,-1.31,1.3
2025-04-12T11:00:00Z,14.5,14.6,0.0,100.0,1.48,-0.7,2.3
2025-04-12T12:00:00Z,13.8,14.3,0.0,56.0,1.48,0.05,4.3
2025-04-12T13:00:00Z,13.3,14.92,0.0,4.0,1.58,0.78,5.2
2025-04-12T14:00:00Z,13.0,14.84,0.0,4.0,1.66,1.34,4.9
2025-04-12T15:00:00Z,12.7,14.21,0.0,1.0,1.76,1.61,3.4
2025-04-12T16:00:00Z,12.7,12.8,0.0,0.0,1.64,1.5,1.4
2025-04-12T17:00:00Z,12.5,11.9,0.0,0.0,1.54,1.01,0.9
2025-04-12T18:00:00Z,12.4,11.18,0.0,0.0,1.42,0.33,2.9
2025-04-12T19:00:00Z,12.2,10.64,0.0,0.0,1.34,-0.29,3.8
2025-04-12T20:00:00Z,12.1,10.2,0.0,0.0,1.26,-0.75,3.8
2025-04-12T21:00:00Z,12.1,10.28,0.0,0.0,1.18,-1.0,3.1
2025-04-12T22:00:00Z,11.7,9.25,0.0,0.0,1.14,-0.89,1.4
2025-04-12T23:00:00Z,11.8,9.64,0.0,0.0,1.1,-0.43,1.1
2025-04-13T00:00:00Z,12.0,10.25,0.0,0.0,1.06,0.24,3.1
2025-04-13T01:00:00Z,12.3,10.13,0.0,0.0,1.1,0.93,4.2
2025-04-13T02:00:00Z,12.8,9.55,0.0,0.0,1.14,1.5,3.8
2025-04-13T03:00:00Z,13.3,9.83,0.0,0.0,1.18,1.78,2.6
2025-04-13T04:00:00Z,13.8,9.41,0.0,0.0,1.04,1.7,0.9
2025-04-13T05:00:00Z,14.1,7.16,0.0,0.0,0.92,1.25,1.7
2025-04-13T06:00:00Z,14.3,6.27,0.0,0.0,0.78,0.53,3.8
2025-04-13T07:00:00Z,14.7,5.72,0.0,0.0,0.7,-0.23,5.2
2025-04-13T08:00:00Z,15.1,5.69,0.0,0.0,0.62,-0.85,5.6
2025-04-13T09:00:00Z,15.6,5.77,0.0,0.0,0.54,-1.25,5.1
2025-04-13T10:00:00Z,15.7,7.11,0.0,0.0,0.54,-1.33,3.3
2025-04-13T11:00:00Z,15.2,8.97,0.0,0.0,0.52,-1.0,0.6
2025-04-13T12:00:00Z,15.0,9.0,0.0,0.0,0.52,-0.36,2.2
2025-04-13T13:00:00Z,15.3,9.0,0.0,0.0,0.64,0.39,3.8
2025-04-13T14:00:00Z,15.9,9.53,0.0,0.0,0.74,1.02,4.1
2025-04-13T15:00:00Z,16.5,10.46,0.0,0.0,0.86,1.42,3.0
2025-04-13T16:00:00Z,16.5,10.44,0.0,0.0,0.9,1.47,1.4
2025-04-13T17:00:00Z,16.4,10.25,0.0,7.0,0.96,1.14,1.3
2025-04-13T18:00:00Z,16.4,10.42,0.0,2.0,1.0,0.51,3.3
2025-04-13T19:00:00Z,16.5,10.9,0.0,1.0,0.98,-0.19,4.7
2025-04-13T20:00:00Z,16.4,10.63,0.0,0.0,0.96,-0.78,4.9
2025-04-13T21:00:00Z,16.1,10.05,0.0,0.0,0.94,-1.25,4.3
2025-04-13T22:00:00Z,16.0,7.57,0.0,0.0,0.86,-1.4,3.1
2025-04-13T23:00:00Z,15.7,7.98,0.0,0.0,0.76,-1.17,0.9
2025-04-14T00:00:00Z,15.3,8.14,0.0,0.0,0.68,-0.58,1.8
2025-04-14T01:00:00Z,15.1,8.01,0.0,0.0,0.68,0.13,3.8
2025-04-14T02:00:00Z,15.1,7.65,0.0,0.0,0.66,0.74,4.2
2025-04-14T03:00:00Z,15.3,7.42,0.0,0.0,0.66,1.13,3.3
2025-04-14T04:00:00Z,15.7,7.92,0.0,0.0,0.72,1.23,1.7
2025-04-14T05:00:00Z,16.2,8.77,0.0,0.0,0.76,0.99,0.6
2025-04-14T06:00:00Z,16.6,8.89,0.0,0.0,0.82,0.44,2.7
2025-04-14T07:00:00Z,16.8,8.81,0.0,0.0,0.88,-0.27,4.4
2025-04-14T08:00:00Z,16.8,9.15,0.0,0.0,0.92,-0.91,5.1
2025-04-14T09:00:00Z,16.9,9.68,0.0,0.0,0.98,-1.33,4.6
2025-04-14T10:00:00Z,17.4,8.74,0.0,0.0,0.92,-1.47,3.1
2025-04-14T11:00:00Z,17.0,7.8,0.0,0.0,0.88,-1.26,1.5
2025-04-14T12:00:00Z,16.4,5.95,0.0,0.0,0.82,-0.67,2.3
2025-04-14T13:00:00Z,15.8,5.15,0.0,0.0,0.74,0.16,4.9
2025-04-14T14:00:00Z,15.2,4.49,0.0,0.0,0.68,0.93,5.9
2025-04-14T15:00:00Z,14.9,3.32,0.0,0.0,0.6,1.5,5.6
2025-04-14T16:00:00Z,14.6,1.74,0.0,0.0,0.52,1.78,4.0
2025-04-14T17:00:00Z,14.6,1.25,0.0,0.0,0.42,1.69,1.7
2025-04-14T18:00:00Z,14.7,2.59,0.0,0.0,0.34,1.23,0.8
2025-04-14T19:00:00Z,14.7,3.86,0.0,0.0,0.32,0.54,3.1
2025-04-14T20:00:00Z,14.7,5.0,0.0,0.0,0.3,-0.15,4.3
2025-04-14T21:00:00Z,14.7,5.54,0.0,0.0,0.28,-0.68,4.3
2025-04-14T22:00:00Z,14.6,5.97,0.0,0.0,0.28,-0.97,3.6
2025-04-14T23:00:00Z,14.6,5.69,0.0,0.0,0.3,-0.97,1.9
2025-04-15T00:00:00Z,14.6,5.54,0.0,0.0,0.3,-0.62,0.6
2025-04-15T01:00:00Z,14.6,5.44,0.0,0.0,0.32,0.01,2.7
2025-04-15T02:00:00Z,14.8,5.54,0.0,0.0,0.34,0.64,4.0
2025-04-15T03:00:00Z,15.1,5.21,0.0,0.0,0.36,1.07,3.5
2025-04-15T04:00:00Z,15.6,4.67,0.0,0.0,0.32,1.23,2.1
2025-04-15T05:00:00Z,15.9,4.12,0.0,0.0,0.3,1.07,0.7
2025-04-15T06:00:00Z,16.1,3.29,0.0,0.0,0.26,0.61,2.4
2025-04-15T07:00:00Z,16.3,2.92,0.0,0.0,0.24,-0.05,4.1
2025-04-15T08:00:00Z,16.4,2.55,0.0,0.0,0.22,-0.73,5.2
2025-04-15T09:00:00Z,16.3,2.37,0.0,0.0,0.2,-1.24,5.1
2025-04-15T10:00:00Z,16.4,3.46,0.0,0.0,0.16,-1.47,3.8
2025-04-15T11:00:00Z,15.4,6.04,0.0,0.0,0.14,-1.4,1.9
2025-04-15T12:00:00Z,15.3,7.53,0.0,54.0,0.1,-0.99,0.9
2025-04-15T13:00:00Z,15.6,7.96,0.0,98.0,0.22,-0.27,3.4
2025-04-15T14:00:00Z,15.7,8.05,0.0,99.0,0.34,0.55,5.3
2025-04-15T15:00:00Z,15.6,7.8,0.0,95.0,0.46,1.19,5.5
2025-04-15T16:00:00Z,15.5,7.63,0.0,100.0,0.44,1.55,4.3
2025-04-15T17:00:00Z,15.4,8.04,0.0,100.0,0.44,1.63,2.7
2025-04-15T18:00:00Z,15.3,8.52,0.0,100.0,0.42,1.39,1.1
2025-04-15T19:00:00Z,15.3,8.46,0.0,93.0,0.42,0.86,2.5
2025-04-15T20:00:00Z,15.3,8.2,0.0,75.0,0.44,0.19,4.0
2025-04-15T21:00:00Z,15.2,8.36,0.0,87.0,0.44,-0.43,4.9
2025-04-15T22:00:00Z,15.4,8.33,0.0,94.0,0.46,-0.84,4.3
2025-04-15T23:00:00Z,15.6,9.05,0.0,84.0,0.5,-1.0,3.1
2025-04-16T00:00:00Z,15.8,9.48,0.0,95.0,0.52,-0.88,1.3
2025-04-16T01:00:00Z,16.2,9.6,0.0,59.0,0.58,-0.45,0.9
2025-04-16T02:00:00Z,16.7,9.66,0.0,48.0,0.62,0.14,2.8
2025-04-16T03:00:00Z,17.2,9.91,0.0,87.0,0.68,0.62,3.2
2025-04-16T04:00:00Z,17.5,10.45,0.0,100.0,0.7,0.86,2.7
2025-04-16T05:00:00Z,17.7,10.8,0.0,100.0,0.72,0.84,1.3
2025-04-16T06:00:00Z,17.8,11.02,0.0,100.0,0.74,0.57,1.5
2025-04-16T07:00:00Z,17.9,11.33,0.0,99.0,0.86,0.09,2.9
2025-04-16T08:00:00Z,17.9,11.71,0.0,99.0,0.98,-0.52,4.0
2025-04-16T09:00:00Z,17.8,11.92,0.0,100.0,1.1,-1.07,4.3
2025-04-16T10:00:00Z,17.7,11.2,0.0,100.0,1.08,-1.41,3.8
2025-04-16T11:00:00Z,17.5,11.1,0.0,100.0,1.06,-1.47,2.2
2025-04-16T12:00:00Z,17.4,10.72,0.0,100.0,1.04,-1.24,0.2
2025-04-16T13:00:00Z,17.3,10.18,0.0,99.0,0.98,-0.71,2.2
2025-04-16T14:00:00Z,17.2,9.9,0.0,100.0,0.92,0.04,4.4
2025-04-16T15:00:00Z,17.1,9.45,0.0,100.0,0.86,0.76,5.3
2025-04-16T16:00:00Z,17.1,9.06,0.0,94.0,0.78,1.24,4.7
2025-04-16T17:00:00Z,17.0,8.39,0.0,97.0,0.68,1.42,3.1
2025-04-16T18:00:00Z,16.9,7.36,0.0,90.0,0.6,1.34,1.5
2025-04-16T19:00:00Z,16.7,6.95,0.0,92.0,0.54,1.0,1.7
2025-04-16T20:00:00Z,16.5,6.61,0.0,100.0,0.46,0.46,3.0
2025-04-16T21:00:00Z,16.3,6.6,0.0,100.0,0.4,-0.12,4.0
2025-04-16T22:00:00Z,16.1,6.34,0.0,100.0,0.36,-0.59,4.0
2025-04-16T23:00:00Z,16.0,6.75,0.0,100.0,0.3,-0.83,2.9
2025-04-17T00:00:00Z,16.1,7.03,0.0,100.0,0.26,-0.82,1.3
2025-04-17T01:00:00Z,16.3,6.75,0.0,100.0,0.24,-0.56,0.6
2025-04-17T02:00:00Z,16.5,6.46,0.0,100.0,0.24,-0.07,2.6
2025-04-17T03:00:00Z,16.8,6.6,0.0,100.0,0.22,0.47,3.9
2025-04-17T04:00:00Z,17.2,6.94,0.0,100.0,0.2,0.82,3.6
2025-04-17T05:00:00Z,17.4,7.13,0.0,100.0,0.18,0.91,2.4
2025-04-17T06:00:00Z,18.0,7.7,0.0,100.0,0.16,0.78,1.0
2025-04-17T07:00:00Z,18.9,9.72,0.0,100.0,0.28,0.47,1.7
2025-04-17T08:00:00Z,19.4,10.86,0.0,100.0,0.38,0.0,3.0
2025-04-17T09:00:00Z,19.1,8.32,0.0,100.0,0.5,-0.53,4.0
2025-04-17T10:00:00Z,18.7,5.98,0.0,100.0,0.44,-0.97,4.0
2025-04-17T11:00:00Z,17.7,6.0,0.0,100.0,0.4,-1.19,2.9
2025-04-17T12:00:00Z,17.1,7.52,0.0,98.0,0.34,-1.12,1.1
2025-04-17T13:00:00Z,16.9,7.89,0.0,89.0,0.32,-0.79,1.0
2025-04-17T14:00:00Z,16.7,6.91,0.0,49.0,0.32,-0.22,3.1
2025-04-17T15:00:00Z,16.5,6.6,0.0,57.0,0.3,0.48,4.7
2025-04-17T16:00:00Z,16.3,6.5,0.0,67.0,0.28,1.05,5.1
2025-04-17T17:00:00Z,16.2,6.15,0.0,73.0,0.26,1.36,4.1
2025-04-17T18:00:00Z,16.1,5.77,0.0,56.0,0.24,1.42,2.3
2025-04-17T19:00:00Z,16.2,5.73,0.0,2.0,0.22,1.25,0.9
2025-04-17T20:00:00Z,16.4,5.61,0.0,0.0,0.2,0.88,1.7
2025-04-17T21:00:00Z,16.5,5.06,0.0,0.0,0.18,0.37,2.9
2025-04-17T22:00:00Z,16.3,4.4,0.0,0.0,0.16,-0.14,3.6
2025-04-17T23:00:00Z,16.2,4.43,0.0,0.0,0.16,-0.5,3.4
2025-04-18T00:00:00Z,16.0,3.41,0.0,0.0,0.14,-0.65,2.3
2025-04-18T01:00:00Z,15.9,2.79,0.0,0.0,0.14,-0.59,0.9
2025-04-18T02:00:00Z,16.1,3.62,0.0,0.0,0.12,-0.32,0.7
2025-04-18T03:00:00Z,16.1,4.55,0.0,1.0,0.12,0.12,2.2
2025-04-18T04:00:00Z,16.2,5.07,0.0,4.0,0.14,0.52,3.0
2025-04-18T05:00:00Z,16.2,5.15,0.0,18.0,0.14,0.7,2.5
2025-04-18T06:00:00Z,16.0,5.61,0.0,16.0,0.16,0.66,1.3
2025-04-18T07:00:00Z,16.0,6.72,0.0,25.0,0.28,0.47,1.0
2025-04-18T08:00:00Z,16.1,7.63,0.0,35.0,0.4,0.16,1.9
2025-04-18T09:00:00Z,16.1,8.44,0.0,26.0,0.52,-0.26,2.6
2025-04-18T10:00:00Z,17.2,8.57,0.0,1.0,0.54,-0.67,2.9
2025-04-18T11:00:00Z,17.5,9.12,0.0,0.0,0.58,-0.93,2.7
2025-04-18T12:00:00Z,17.7,9.15,0.0,0.0,0.6,-0.96,1.5
2025-04-18T13:00:00Z,17.9,9.49,0.0,1.0,0.64,-0.75,0.4
2025-04-18T14:00:00Z,18.0,9.87,0.0,0.0,0.68,-0.34,2.0
2025-04-18T15:00:00Z,18.1,10.04,0.0,25.0,0.72,0.21,3.4
2025-04-18T16:00:00Z,18.1,10.18,0.0,44.0,0.7,0.79,4.4
2025-04-18T17:00:00Z,18.0,10.32,0.0,63.0,0.7,1.19,3.9
2025-04-18T18:00:00Z,18.0,10.09,0.0,82.0,0.68,1.32,2.5
2025-04-18T19:00:00Z,17.9,9.89,0.0,97.0,0.68,1.27,1.2
2025-04-18T20:00:00Z,17.9,10.34,0.0,100.0,0.7,1.05,1.3
2025-04-18T21:00:00Z,18.0,10.15,0.0,100.0,0.7,0.68,2.3
2025-04-18T22:00:00Z,18.4,9.41,0.0,100.0,0.7,0.24,3.3
2025-04-18T23:00:00Z,18.5,10.08,0.0,100.0,0.68,-0.18,3.6
2025-04-19T00:00:00Z,18.6,10.06,0.0,100.0,0.68,-0.43,3.2
2025-04-19T01:00:00Z,18.8,9.41,0.0,96.0,0.7,-0.5,2.0
2025-04-19T02:00:00Z,19.0,8.5,0.0,97.0,0.7,-0.42,0.7
2025-04-19T03:00:00Z,19.0,8.44,0.0,100.0,0.72,-0.18,0.8
2025-04-19T04:00:00Z,18.8,8.56,0.1,100.0,0.64,0.16,2.1
2025-04-19T05:00:00Z,18.5,8.24,0.2,100.0,0.58,0.43,2.4
2025-04-19T06:00:00Z,18.2,7.57,0.2,100.0,0.5,0.5,1.8
2025-04-19T07:00:00Z,18.0,7.04,0.0,100.0,0.46,0.38,1.1
2025-04-19T08:00:00Z,17.7,6.8,0.0,100.0,0.42,0.18,1.5
2025-04-19T09:00:00Z,17.6,6.55,0.0,100.0,0.38,-0.1,2.3
2025-04-19T10:00:00Z,18.2,5.41,0.1,100.0,0.34,-0.44,2.7
2025-04-19T11:00:00Z,18.1,4.41,0.1,100.0,0.28,-0.74,2.7
2025-04-19T12:00:00Z,17.9,3.07,0.0,100.0,0.24,-0.88,2.0
2025-04-19T13:00:00Z,17.7,4.03,0.1,96.0,0.24,-0.82,0.8
2025-04-19T14:00:00Z,17.4,7.28,0.1,100.0,0.24,-0.57,1.0
2025-04-19T15:00:00Z,16.8,8.66,0.0,100.0,0.24,-0.19,2.4
2025-04-19T16:00:00Z,15.6,8.52,0.0,100.0,0.34,0.3,3.6
2025-04-19T17:00:00Z,15.3,7.9,0.0,100.0,0.46,0.79,4.2
2025-04-19T18:00:00Z,15.4,7.43,0.0,100.0,0.56,1.09,3.6
2025-04-19T19:00:00Z,15.4,7.21,0.0,100.0,0.58,1.2,2.3
2025-04-19T20:00:00Z,15.4,7.58,0.0,100.0,0.58,1.15,0.9
2025-04-19T21:00:00Z,15.5,7.87,0.0,100.0,0.6,0.99,0.4
2025-04-19T22:00:00Z,15.6,7.0,0.0,99.0,0.56,0.72,1.5
2025-04-19T23:00:00Z,15.6,6.55,0.0,94.0,0.5,0.38,2.3
2025-04-20T00:00:00Z,15.6,6.48,0.0,100.0,0.46,0.06,2.5
2025-04-20T01:00:00Z,15.6,6.25,0.0,99.0,0.46,-0.13,2.1
2025-04-20T02:00:00Z,15.6,6.37,0.0,100.0,0.46,-0.17,1.2
2025-04-20T03:00:00Z,15.5,6.91,0.0,99.0,0.46,-0.1,0.8
2025-04-20T04:00:00Z,15.4,6.46,0.0,97.0,0.52,0.09,1.6
2025-04-20T05:00:00Z,15.3,6.3,0.0,98.0,0.58,0.36,2.4
2025-04-20T06:00:00Z,15.2,6.35,0.0,98.0,0.64,0.53,2.3
2025-04-20T07:00:00Z,15.0,6.17,0.0,99.0,0.6,0.54,1.6
2025-04-20T08:00:00Z,14.9,6.56,0.0,96.0,0.54,0.44,0.4
2025-04-20T09:00:00Z,14.8,6.78,0.0,97.0,0.5,0.3,0.6
2025-04-20T10:00:00Z,14.8,5.85,0.0,96.0,0.46,0.09,1.3
2025-04-20T11:00:00Z,14.8,5.78,0.0,98.0,0.44,-0.17,1.9
2025-04-20T12:00:00Z,14.8,5.27,0.0,78.0,0.4,-0.42,2.2
2025-04-20T13:00:00Z,14.8,4.78,0.0,86.0,0.38,-0.53,1.8
2025-04-20T14:00:00Z,14.8,4.62,0.0,74.0,0.36,-0.48,1.0
2025-04-20T15:00:00Z,14.8,4.07,0.0,100.0,0.34,-0.31,1.2
2025-04-20T16:00:00Z,14.8,2.99,0.0,98.0,0.3,-0.03,2.0
2025-04-20T17:00:00Z,14.8,2.67,0.0,100.0,0.26,0.35,2.6
2025-04-20T18:00:00Z,14.8,2.8,0.0,99.0,0.22,0.72,3.1
2025-04-20T19:00:00Z,14.8,3.6,0.0,100.0,0.22,0.94,2.8
2025-04-20T20:00:00Z,14.8,5.01,0.0,100.0,0.24,1.01,1.8
2025-04-20T21:00:00Z,14.9,5.82,0.0,100.0,0.24,1.01,0.7
2025-04-20T22:00:00Z,15.0,5.67,0.0,100.0,0.28,0.92,0.0
2025-04-20T23:00:00Z,15.2,6.51,0.0,99.0,0.32,0.71,0.9
2025-04-21T00:00:00Z,15.4,7.41,0.0,100.0,0.36,0.41,1.6
2025-04-21T01:00:00Z,15.6,7.86,0.0,100.0,0.42,0.11,2.0
2025-04-21T02:00:00Z,15.9,8.63,0.0,100.0,0.48,-0.1,1.8
2025-04-21T03:00:00Z,16.1,8.54,0.0,100.0,0.54,-0.22,1.1
2025-04-21T04:00:00Z,16.3,8.7,1.1,97.0,0.56,-0.24,0.4
2025-04-21T05:00:00Z,16.5,8.94,1.0,91.0,0.56,-0.13,0.6
2025-04-21T06:00:00Z,16.6,9.59,0.5,98.0,0.58,0.08,1.4
2025-04-21T07:00:00Z,16.7,9.59,0.0,100.0,0.64,0.22,1.7
2025-04-21T08:00:00Z,16.9,9.75,0.0,100.0,0.68,0.25,1.3
2025-04-21T09:00:00Z,17.1,10.16,0.0,99.0,0.74,0.24,0.9
2025-04-21T10:00:00Z,17.4,8.98,0.2,100.0,0.82,0.2,1.0
2025-04-21T11:00:00Z,17.6,10.69,0.5,100.0,0.9,0.07,1.5
2025-04-21T12:00:00Z,17.7,11.59,0.3,100.0,0.98,-0.12,1.9
2025-04-21T13:00:00Z,17.8,11.31,0.0,100.0,0.98,-0.34,2.0
2025-04-21T14:00:00Z,17.9,10.71,0.0,100.0,0.98,-0.49,1.8
2025-04-21T15:00:00Z,18.0,10.11,0.4,100.0,0.98,-0.51,1.1
2025-04-21T16:00:00Z,17.9,9.48,0.5,100.0,0.82,-0.44,0.2
2025-04-21T17:00:00Z,17.9,8.1,0.1,100.0,0.68,-0.23,0.7
2025-04-21T18:00:00Z,17.9,7.05,0.5,100.0,0.52,0.11,1.8
2025-04-21T19:00:00Z,17.9,6.68,1.7,100.0,0.46,0.47,2.4
2025-04-21T20:00:00Z,18.1,6.64,0.9,97.0,0.4,0.73,2.2
2025-04-21T21:00:00Z,18.3,6.6,0.5,99.0,0.34,0.9,1.5
2025-04-21T22:00:00Z,17.8,5.0,0.2,100.0,0.32,1.0,0.9
2025-04-21T23:00:00Z,17.7,5.32,0.0,100.0,0.28,0.98,0.4
2025-04-22T00:00:00Z,17.8,6.15,0.0,99.0,0.26,0.79,1.1
2025-04-22T01:00:00Z,17.8,5.84,0.0,100.0,0.26,0.5,1.8
2025-04-22T02:00:00Z,17.8,5.16,0.0,100.0,0.24,0.18,2.4
2025-04-22T03:00:00Z,17.8,4.99,0.0,100.0,0.24,-0.07,2.2
2025-04-22T04:00:00Z,17.7,5.05,0.0,100.0,0.24,-0.25,1.7
2025-04-22T05:00:00Z,17.7,4.83,0.0,100.0,0.22,-0.31,1.0
2025-04-22T06:00:00Z,17.7,5.29,0.0,100.0,0.22,-0.2,0.9
2025-04-22T07:00:00Z,17.5,6.51,0.0,100.0,0.34,0.03,1.8
2025-04-22T08:00:00Z,17.2,8.15,0.2,100.0,0.46,0.25,2.2
2025-04-22T09:00:00Z,16.8,9.35,0.2,100.0,0.58,0.43,2.0
2025-04-22T10:00:00Z,16.9,9.5,0.0,97.0,0.58,0.55,1.4
2025-04-22T11:00:00Z,16.5,9.06,0.0,15.0,0.6,0.63,0.9
2025-04-22T12:00:00Z,16.3,7.76,0.0,15.0,0.6,0.55,0.4
2025-04-22T13:00:00Z,16.1,7.45,0.0,91.0,0.56,0.35,1.0
2025-04-22T14:00:00Z,16.0,7.32,0.0,95.0,0.5,0.1,1.5
2025-04-22T15:00:00Z,15.8,7.21,0.0,96.0,0.46,-0.12,1.8
2025-04-22T16:00:00Z,15.7,6.89,0.0,100.0,0.44,-0.26,1.5
2025-04-22T17:00:00Z,15.7,6.65,0.0,99.0,0.42,-0.28,1.1
2025-04-22T18:00:00Z,15.6,5.94,0.0,61.0,0.4,-0.12,1.5
2025-04-22T19:00:00Z,15.6,5.66,0.0,95.0,0.4,0.23,2.2
2025-04-22T20:00:00Z,15.6,5.52,0.0,100.0,0.4,0.63,2.9
2025-04-22T21:00:00Z,15.6,5.53,0.0,100.0,0.4,0.98,3.1
2025-04-22T22:00:00Z,15.7,3.97,0.0,94.0,0.34,1.25,2.6
2025-04-22T23:00:00Z,15.8,2.76,0.0,88.0,0.3,1.43,1.8
2025-04-23T00:00:00Z,15.8,2.23,0.0,47.0,0.24,1.43,0.9
2025-04-23T01:00:00Z,15.9,2.51,0.0,64.0,0.22,1.18,0.9
2025-04-23T02:00:00Z,15.9,2.12,0.0,99.0,0.22,0.75,2.3
2025-04-23T03:00:00Z,16.0,2.79,0.0,74.0,0.2,0.28,3.1
2025-04-23T04:00:00Z,16.2,2.86,0.0,17.0,0.18,-0.14,3.3
2025-04-23T05:00:00Z,16.3,2.48,0.0,11.0,0.18,-0.45,2.7
2025-04-23T06:00:00Z,16.5,2.19,0.0,7.0,0.16,-0.59,2.2
2025-04-23T07:00:00Z,16.6,2.53,0.0,4.0,0.16,-0.47,1.1
2025-04-23T08:00:00Z,16.7,2.82,0.0,10.0,0.16,-0.19,1.3
2025-04-23T09:00:00Z,16.8,3.11,0.0,54.0,0.16,0.12,2.2
2025-04-23T10:00:00Z,17.1,3.75,0.0,90.0,0.14,0.4,2.4
2025-04-23T11:00:00Z,17.0,4.03,0.0,100.0,0.14,0.63,2.0
2025-04-23T12:00:00Z,16.9,4.24,0.0,94.0,0.12,0.73,1.5
2025-04-23T13:00:00Z,16.8,4.22,0.0,97.0,0.14,0.62,0.5
2025-04-23T14:00:00Z,16.7,4.73,0.0,16.0,0.14,0.32,0.9
2025-04-23T15:00:00Z,16.7,5.36,0.0,19.0,0.16,-0.07,1.6
2025-04-23T16:00:00Z,16.7,5.56,0.0,0.0,0.18,-0.41,1.9
2025-04-23T17:00:00Z,16.8,5.17,0.0,0.0,0.2,-0.66,1.7
2025-04-23T18:00:00Z,16.9,4.84,0.0,1.0,0.22,-0.74,1.0
2025-04-23T19:00:00Z,16.8,4.32,0.0,17.0,0.22,-0.57,0.6
2025-04-23T20:00:00Z,16.8,4.49,0.0,15.0,0.24,-0.17,2.2
2025-04-23T21:00:00Z,16.8,4.48,0.0,3.0,0.24,0.31,3.2
2025-04-23T22:00:00Z,17.0,4.36,0.0,0.0,0.22,0.76,3.6
2025-04-23T23:00:00Z,17.0,4.26,0.0,0.0,0.18,1.14,3.2
2025-04-24T00:00:00Z,16.9,4.8,0.0,0.0,0.16,1.38,2.3
2025-04-24T01:00:00Z,16.9,4.55,0.0,51.0,0.16,1.35,1.1
2025-04-24T02:00:00Z,17.0,4.18,0.0,96.0,0.14,1.03,0.7
2025-04-24T03:00:00Z,17.2,3.64,0.0,92.0,0.14,0.51,2.2
2025-04-24T04:00:00Z,17.4,2.79,0.0,100.0,0.12,-0.06,3.1
2025-04-24T05:00:00Z,17.5,2.14,0.0,100.0,0.1,-0.54,3.1
2025-04-24T06:00:00Z,17.4,1.84,0.0,100.0,0.08,-0.87,2.7
2025-04-24T07:00:00Z,17.3,1.45,0.0,100.0,0.08,-0.96,1.5
2025-04-24T08:00:00Z,17.3,1.57,0.0,100.0,0.1,-0.74,1.3
2025-04-24T09:00:00Z,17.3,2.5,0.0,100.0,0.1,-0.29,2.9
2025-04-24T10:00:00Z,17.1,0.92,0.1,100.0,0.1,0.22,4.1
2025-04-24T11:00:00Z,16.7,1.43,0.0,100.0,0.08,0.68,4.5
2025-04-24T12:00:00Z,16.5,2.31,0.1,100.0,0.08,1.05,4.0
2025-04-24T13:00:00Z,16.2,4.37,0.2,100.0,0.16,1.19,2.9
2025-04-24T14:00:00Z,16.0,4.11,0.7,100.0,0.22,1.02,1.4
2025-04-24T15:00:00Z,15.9,2.71,0.7,100.0,0.3,0.6,1.0
2025-04-24T16:00:00Z,15.9,2.21,0.2,100.0,0.36,0.1,1.9
2025-04-24T17:00:00Z,15.7,4.05,0.0,99.0,0.4,-0.36,2.5
2025-04-24T18:00:00Z,15.6,5.69,0.0,99.0,0.46,-0.68,2.2
2025-04-24T19:00:00Z,15.4,6.94,0.0,97.0,0.54,-0.79,1.6
2025-04-24T20:00:00Z,15.1,7.23,0.0,100.0,0.6,-0.57,1.7
2025-04-24T21:00:00Z,14.9,7.0,0.0,100.0,0.68,-0.05,3.4
2025-04-24T22:00:00Z,14.9,7.5,0.0,100.0,0.64,0.57,4.9
2025-04-24T23:00:00Z,15.0,7.02,0.0,100.0,0.62,1.13,5.0
2025-04-25T00:00:00Z,15.0,6.83,0.0,94.0,0.58,1.58,4.5
2025-04-25T01:00:00Z,15.1,6.9,0.0,62.0,0.56,1.79,3.2
2025-04-25T02:00:00Z,15.2,6.49,0.0,77.0,0.54,1.65,1.4
2025-04-25T03:00:00Z,15.1,6.08,0.0,0.0,0.52,1.16,0.8
2025-04-25T04:00:00Z,15.1,5.66,0.0,0.0,0.48,0.5,2.6
2025-04-25T05:00:00Z,15.0,5.42,0.0,0.0,0.46,-0.17,3.6
2025-04-25T06:00:00Z,15.0,5.41,0.0,0.0,0.42,-0.72,3.6
2025-04-25T07:00:00Z,14.9,5.65,0.0,0.0,0.42,-1.06,3.0
2025-04-25T08:00:00Z,15.0,5.89,0.0,7.0,0.42,-1.08,1.5
2025-04-25T09:00:00Z,15.0,5.82,0.0,49.0,0.42,-0.74,1.2
2025-04-25T10:00:00Z,15.2,5.19,0.0,75.0,0.4,-0.16,3.2
2025-04-25T11:00:00Z,15.1,5.46,0.0,87.0,0.36,0.48,4.5
2025-04-25T12:00:00Z,15.0,5.48,0.0,88.0,0.34,1.02,4.5
2025-04-25T13:00:00Z,15.1,4.72,0.0,89.0,0.32,1.38,3.4
2025-04-25T14:00:00Z,15.0,4.22,0.0,97.0,0.32,1.41,1.8
2025-04-25T15:00:00Z,15.0,4.07,0.0,89.0,0.3,1.06,0.4
2025-04-25T16:00:00Z,14.9,3.97,0.0,89.0,0.26,0.45,2.5
2025-04-25T17:00:00Z,14.8,3.9,0.0,43.0,0.24,-0.23,4.0
2025-04-25T18:00:00Z,14.8,3.86,0.0,44.0,0.2,-0.81,4.4
2025-04-25T19:00:00Z,14.8,3.9,0.0,14.0,0.2,-1.2,3.6
2025-04-25T20:00:00Z,14.9,4.27,0.0,2.0,0.2,-1.29,2.3
2025-04-25T21:00:00Z,14.9,4.97,0.0,0.0,0.2,-1.0,0.6
2025-04-25T22:00:00Z,14.9,5.61,0.0,33.0,0.22,-0.38,2.9
2025-04-25T23:00:00Z,15.2,5.96,0.0,20.0,0.24,0.34,4.7
2025-04-26T00:00:00Z,15.4,5.5,0.0,9.0,0.26,0.98,5.1
2025-04-26T01:00:00Z,15.5,5.09,0.0,0.0,0.26,1.43,4.2
2025-04-26T02:00:00Z,15.7,4.78,0.0,6.0,0.24,1.55,2.5
2025-04-26T03:00:00Z,15.9,4.58,0.0,78.0,0.24,1.25,0.7
2025-04-26T04:00:00Z,16.0,4.67,0.0,94.0,0.22,0.63,2.2
2025-04-26T05:00:00Z,16.1,4.65,0.0,98.0,0.22,-0.15,4.0
2025-04-26T06:00:00Z,16.1,4.63,0.0,96.0,0.2,-0.85,4.7
2025-04-26T07:00:00Z,16.1,4.79,0.0,99.0,0.24,-1.37,4.3
2025-04-26T08:00:00Z,16.0,5.12,0.0,98.0,0.3,-1.59,3.1
2025-04-26T09:00:00Z,16.0,5.71,0.0,99.0,0.34,-1.43,0.7
2025-04-26T10:00:00Z,16.1,5.6,0.0,75.0,0.34,-0.85,2.2
2025-04-26T11:00:00Z,16.0,6.03,0.0,53.0,0.34,-0.05,4.6
2025-04-26T12:00:00Z,16.0,6.51,0.0,63.0,0.34,0.73,5.7
2025-04-26T13:00:00Z,15.9,6.72,0.0,53.0,0.36,1.36,5.3
2025-04-26T14:00:00Z,15.9,7.03,0.0,50.0,0.38,1.7,3.9
2025-04-26T15:00:00Z,15.8,6.8,0.0,5.0,0.4,1.63,1.9
2025-04-26T16:00:00Z,15.8,6.2,0.0,22.0,0.38,1.16,1.2
2025-04-26T17:00:00Z,15.8,5.52,0.0,53.0,0.36,0.44,3.3
2025-04-26T18:00:00Z,15.8,6.23,0.0,22.0,0.34,-0.3,4.5
2025-04-26T19:00:00Z,15.8,5.93,0.0,25.0,0.34,-0.91,4.7
2025-04-26T20:00:00Z,15.9,6.0,0.0,43.0,0.36,-1.29,4.0
2025-04-26T21:00:00Z,15.9,6.58,0.0,47.0,0.36,-1.32,2.0
2025-04-26T22:00:00Z,16.1,6.58,0.0,62.0,0.4,-0.91,0.7
2025-04-26T23:00:00Z,16.3,7.08,0.0,63.0,0.42,-0.19,3.4
2025-04-27T00:00:00Z,16.4,7.6,0.4,56.0,0.46,0.6,5.1
2025-04-27T01:00:00Z,16.5,7.86,0.5,55.0,0.46,1.24,5.2
2025-04-27T02:00:00Z,16.4,7.77,0.5,97.0,0.46,1.61,3.8
2025-04-27T03:00:00Z,16.4,7.41,0.3,100.0,0.46,1.6,1.8
2025-04-27T04:00:00Z,16.5,6.95,0.1,100.0,0.44,1.16,1.4
2025-04-27T05:00:00Z,16.5,6.81,0.0,100.0,0.4,0.42,3.4
2025-04-27T06:00:00Z,16.5,5.9,0.0,100.0,0.38,-0.4,5.0
2025-04-27T07:00:00Z,16.5,5.15,0.1,100.0,0.34,-1.08,5.4
2025-04-27T08:00:00Z,16.5,4.7,0.0,89.0,0.32,-1.52,4.7
2025-04-27T09:00:00Z,16.5,4.56,0.0,70.0,0.28,-1.63,2.9
2025-04-27T10:00:00Z,17.2,2.89,0.0,72.0,0.24,-1.3,0.4
2025-04-27T11:00:00Z,17.0,2.62,0.0,89.0,0.2,-0.56,3.1
2025-04-27T12:00:00Z,16.9,2.3,0.0,66.0,0.16,0.36,5.4
2025-04-27T13:00:00Z,16.9,2.13,0.0,65.0,0.16,1.2,6.0
2025-04-27T14:00:00Z,16.9,2.04,0.0,100.0,0.14,1.8,5.1
2025-04-27T15:00:00Z,17.0,2.52,0.0,100.0,0.14,2.01,3.2
2025-04-27T16:00:00Z,17.0,3.06,0.0,98.0,0.12,1.78,0.8
2025-04-27T17:00:00Z,17.2,4.16,0.0,92.0,0.12,1.16,2.4
2025-04-27T18:00:00Z,17.2,5.05,0.0,83.0,0.1,0.36,4.5
2025-04-27T19:00:00Z,17.4,5.9,0.0,36.0,0.16,-0.42,5.6
2025-04-27T20:00:00Z,17.5,6.4,0.0,15.0,0.22,-1.03,5.6
2025-04-27T21:00:00Z,17.6,6.87,0.0,13.0,0.28,-1.36,4.4
2025-04-27T22:00:00Z,16.6,6.44,0.0,70.0,0.32,-1.31,2.3
2025-04-27T23:00:00Z,15.8,6.96,0.0,59.0,0.36,-0.81,1.4
2025-04-28T00:00:00Z,15.2,6.84,0.0,58.0,0.4,-0.02,4.0
2025-04-28T01:00:00Z,15.1,6.41,0.0,87.0,0.46,0.75,5.4
2025-04-28T02:00:00Z,15.1,6.6,0.0,62.0,0.52,1.31,5.0
2025-04-28T03:00:00Z,15.2,7.0,0.0,57.0,0.58,1.56,3.4
2025-04-28T04:00:00Z,15.5,6.49,0.0,58.0,0.54,1.41,1.3
2025-04-28T05:00:00Z,15.7,5.65,0.0,25.0,0.5,0.88,1.1
2025-04-28T06:00:00Z,15.7,5.72,0.0,12.0,0.46,0.11,3.1
2025-04-28T07:00:00Z,15.6,6.2,0.0,1.0,0.48,-0.65,4.2
2025-04-28T08:00:00Z,15.5,6.64,0.0,0.0,0.52,-1.22,4.1
2025-04-28T09:00:00Z,15.3,7.04,0.0,1.0,0.54,-1.52,3.1
2025-04-28T10:00:00Z,15.2,6.81,0.0,0.0,0.56,-1.44,1.5
2025-04-28T11:00:00Z,15.1,6.7,0.0,0.0,0.6,-0.92,2.4
2025-04-28T12:00:00Z,15.0,5.88,0.0,0.0,0.62,-0.04,5.2
2025-04-28T13:00:00Z,15.0,5.0,0.0,0.0,0.56,0.93,6.8
2025-04-28T14:00:00Z,14.9,4.07,0.0,0.0,0.48,1.73,6.8
2025-04-28T15:00:00Z,14.8,3.7,0.0,0.0,0.42,2.2,5.2
2025-04-28T16:00:00Z,14.8,3.13,0.0,0.0,0.36,2.26,2.7
2025-04-28T17:00:00Z,14.7,1.98,0.0,0.0,0.3,1.87,0.4
2025-04-28T18:00:00Z,14.6,0.95,0.0,0.0,0.24,1.13,3.1
2025-04-28T19:00:00Z,14.5,0.67,0.0,0.0,0.22,0.27,5.1
2025-04-28T20:00:00Z,14.6,1.16,0.0,0.0,0.18,-0.51,5.8
2025-04-28T21:00:00Z,14.6,1.56,0.0,0.0,0.16,-1.08,5.5
2025-04-28T22:00:00Z,14.7,2.0,0.0,4.0,0.14,-1.34,4.0
2025-04-28T23:00:00Z,15.0,2.04,0.0,22.0,0.12,-1.19,1.7
2025-04-29T00:00:00Z,15.2,2.17,0.0,99.0,0.1,-0.61,2.1
2025-04-29T01:00:00Z,15.3,2.77,0.0,0.0,0.12,0.17,4.5
2025-04-29T02:00:00Z,15.6,3.45,0.0,87.0,0.12,0.85,5.2
2025-04-29T03:00:00Z,15.9,4.24,0.0,12.0,0.14,1.27,4.4
2025-04-29T04:00:00Z,16.2,5.44,0.0,34.0,0.14,1.37,2.6
2025-04-29T05:00:00Z,16.4,6.07,0.0,26.0,0.12,1.07,0.6
2025-04-29T06:00:00Z,16.6,6.42,0.0,4.0,0.12,0.44,2.0
2025-04-29T07:00:00Z,16.7,6.82,0.0,0.0,0.22,-0.32,3.8
2025-04-29T08:00:00Z,16.8,7.34,0.0,1.0,0.32,-1.0,4.5
2025-04-29T09:00:00Z,17.0,7.77,0.0,1.0,0.42,-1.47,4.2
2025-04-29T10:00:00Z,17.5,7.96,0.0,5.0,0.46,-1.65,2.9
2025-04-29T11:00:00Z,17.5,8.26,0.0,3.0,0.48,-1.45,0.9
2025-04-29T12:00:00Z,17.4,8.71,0.0,93.0,0.52,-0.83,2.2
2025-04-29T13:00:00Z,17.4,8.98,0.0,95.0,0.58,0.09,4.9
2025-04-29T14:00:00Z,17.4,9.43,0.0,100.0,0.64,1.0,6.2
2025-04-29T15:00:00Z,17.4,9.4,0.0,100.0,0.7,1.67,5.5
2025-04-29T16:00:00Z,17.5,9.55,0.0,100.0,0.72,2.01,3.8
2025-04-29T17:00:00Z,17.5,9.47,0.0,100.0,0.72,1.94,1.7
2025-04-29T18:00:00Z,17.6,9.53,0.0,100.0,0.74,1.48,1.8
2025-04-29T19:00:00Z,17.7,9.54,0.0,98.0,0.74,0.75,3.8
2025-04-29T20:00:00Z,17.8,9.74,0.0,100.0,0.74,-0.04,5.2
2025-04-29T21:00:00Z,17.8,9.7,0.0,82.0,0.74,-0.7,5.6
2025-04-29T22:00:00Z,17.9,9.38,0.0,85.0,0.72,-1.14,4.9
2025-04-29T23:00:00Z,18.1,9.55,0.0,98.0,0.72,-1.29,3.1
2025-04-30T00:00:00Z,18.2,9.52,0.0,93.0,0.7,-1.05,0.6
2025-04-30T01:00:00Z,18.4,9.58,0.0,99.0,0.68,-0.45,2.4
2025-04-30T02:00:00Z,18.5,9.58,0.0,97.0,0.66,0.26,4.3
2025-04-30T03:00:00Z,18.7,9.23,0.0,57.0,0.64,0.81,4.4
2025-04-30T04:00:00Z,18.8,9.27,0.0,35.0,0.62,1.09,3.4
2025-04-30T05:00:00Z,18.9,9.48,0.0,54.0,0.62,1.06,1.8
2025-04-30T06:00:00Z,19.0,9.43,0.0,95.0,0.6,0.69,1.8
2025-04-30T07:00:00Z,19.0,9.83,0.0,99.0,0.68,0.07,3.2
2025-04-30T08:00:00Z,19.0,10.36,0.0,100.0,0.78,-0.63,4.5
2025-04-30T09:00:00Z,19.1,10.55,0.0,100.0,0.86,-1.21,4.7
2025-04-30T10:00:00Z,18.9,10.42,0.0,100.0,0.86,-1.55,4.0
2025-04-30T11:00:00Z,18.8,10.49,0.0,100.0,0.88,-1.6,2.4
2025-04-30T12:00:00Z,18.9,10.39,0.0,100.0,0.88,-1.29,0.4
2025-04-30T13:00:00Z,18.9,9.96,0.0,100.0,0.86,-0.59,3.1
2025-04-30T14:00:00Z,18.8,9.7,0.0,100.0,0.84,0.31,5.3
2025-04-30T15:00:00Z,18.7,9.65,0.0,100.0,0.82,1.13,6.0
2025-04-30T16:00:00Z,18.7,9.18,0.0,100.0,0.74,1.67,5.0
2025-04-30T17:00:00Z,18.7,8.71,0.0,100.0,0.66,1.89,3.4
2025-04-30T18:00:00Z,18.7,8.61,0.0,98.0,0.58,1.75,1.5
2025-04-30T19:00:00Z,18.8,8.51,0.2,98.0,0.56,1.28,2.2
2025-04-30T20:00:00Z,18.7,7.99,0.2,99.0,0.52,0.6,3.8
2025-04-30T21:00:00Z,18.6,7.49,0.1,98.0,0.5,-0.1,4.9
2025-04-30T22:00:00Z,18.3,6.43,0.4,99.0,0.46,-0.67,5.1
2025-04-30T23:00:00Z,18.2,6.15,0.6,100.0,0.4,-1.03,4.1
2025-05-01T00:00:00Z,18.2,6.21,0.2,85.0,0.36,-1.08,2.2
2025-05-01T01:00:00Z,18.1,6.5,0.0,46.0,0.32,-0.79,0.3
2025-05-01T02:00:00Z,18.2,6.06,0.0,8.0,0.3,-0.24,2.6
2025-05-01T03:00:00Z,18.6,4.77,0.0,12.0,0.26,0.34,3.8
2025-05-01T04:00:00Z,19.0,4.01,0.0,26.0,0.26,0.73,3.4
2025-05-01T05:00:00Z,19.1,4.23,0.0,26.0,0.28,0.89,2.3
2025-05-01T06:00:00Z,19.1,3.52,0.0,15.0,0.28,0.79,0.9
2025-05-01T07:00:00Z,18.6,6.63,0.0,19.0,0.3,0.42,1.5
2025-05-01T08:00:00Z,17.3,7.08,0.0,10.0,0.3,-0.13,2.9
2025-05-01T09:00:00Z,17.3,7.29,0.0,0.0,0.32,-0.68,3.4
2025-05-01T10:00:00Z,17.6,6.71,0.0,0.0,0.34,-1.09,3.3
2025-05-01T11:00:00Z,17.7,5.91,0.0,0.0,0.34,-1.28,2.3
2025-05-01T12:00:00Z,17.5,5.3,0.0,0.0,0.36,-1.19,1.1
2025-05-01T13:00:00Z,17.4,4.99,0.0,0.0,0.32,-0.8,2.0
2025-05-01T14:00:00Z,17.3,4.59,0.0,0.0,0.3,-0.1,4.4
2025-05-01T15:00:00Z,17.1,3.93,0.0,0.0,0.26,0.71,5.9
2025-05-01T16:00:00Z,17.0,3.36,0.0,0.0,0.22,1.38,5.9
2025-05-01T17:00:00Z,16.9,2.8,0.0,0.0,0.18,1.82,4.7
2025-05-01T18:00:00Z,16.8,2.7,0.0,0.0,0.14,1.98,2.7
2025-05-01T19:00:00Z,16.7,3.53,0.0,0.0,0.14,1.82,0.6
2025-05-01T20:00:00Z,16.7,3.8,0.0,0.0,0.12,1.37,1.6
2025-05-01T21:00:00Z,16.7,3.85,0.0,0.0,0.12,0.76,3.4
2025-05-01T22:00:00Z,17.1,3.81,0.0,0.0,0.1,0.15,4.2
2025-05-01T23:00:00Z,17.3,4.67,0.0,0.0,0.1,-0.32,4.0
2025-05-02T00:00:00Z,17.5,5.61,0.0,0.0,0.08,-0.61,3.1
2025-05-02T01:00:00Z,17.8,6.26,0.0,0.0,0.12,-0.66,1.5
2025-05-02T02:00:00Z,18.0,6.84,0.0,0.0,0.18,-0.41,0.6
2025-05-02T03:00:00Z,18.1,7.49,0.0,0.0,0.22,0.03,2.4
2025-05-02T04:00:00Z,18.2,8.46,0.0,0.0,0.3,0.44,3.2
2025-05-02T05:00:00Z,18.3,9.44,0.0,0.0,0.36,0.68,2.7
2025-05-02T06:00:00Z,18.5,10.16,0.0,0.0,0.44,0.73,1.7
2025-05-02T07:00:00Z,18.6,10.62,0.0,0.0,0.6,0.59,1.3
2025-05-02T08:00:00Z,18.7,10.8,0.0,0.0,0.78,0.25,2.3
2025-05-02T09:00:00Z,18.8,11.17,0.0,43.0,0.94,-0.22,3.1
2025-05-02T10:00:00Z,19.4,11.05,0.0,76.0,0.98,-0.7,3.6
2025-05-02T11:00:00Z,19.4,11.45,0.0,86.0,1.04,-1.04,3.4
2025-05-02T12:00:00Z,19.5,11.8,0.0,98.0,1.08,-1.18,2.3
2025-05-02T13:00:00Z,19.5,12.03,0.0,98.0,1.12,-1.1,1.0
2025-05-02T14:00:00Z,19.6,12.2,0.0,97.0,1.14,-0.74,0.9
2025-05-02T15:00:00Z,19.6,12.31,0.0,100.0,1.18,-0.14,3.1
2025-05-02T16:00:00Z,19.7,12.01,0.0,100.0,1.16,0.49,4.2
2025-05-02T17:00:00Z,19.7,11.57,0.0,100.0,1.12,0.98,4.1
2025-05-02T18:00:00Z,19.7,11.11,0.0,100.0,1.1,1.28,3.0
2025-05-02T19:00:00Z,19.7,10.65,0.0,100.0,1.04,1.38,1.7
2025-05-02T20:00:00Z,19.8,9.98,0.0,100.0,0.96,1.23,1.4
2025-05-02T21:00:00Z,19.8,9.58,0.0,100.0,0.9,0.84,2.3
2025-05-02T22:00:00Z,19.7,8.22,0.0,100.0,0.82,0.32,3.5
2025-05-02T23:00:00Z,19.7,8.0,0.0,98.0,0.72,-0.16,4.0
2025-05-03T00:00:00Z,19.8,7.62,0.0,100.0,0.64,-0.52,3.6
2025-05-03T01:00:00Z,20.0,6.84,0.0,98.0,0.56,-0.73,2.7
2025-05-03T02:00:00Z,20.1,5.68,0.0,97.0,0.48,-0.77,1.4
2025-05-03T03:00:00Z,20.1,3.47,0.0,99.0,0.4,-0.55,0.2
2025-05-03T04:00:00Z,20.3,4.99,0.0,97.0,0.46,-0.17,1.8
2025-05-03T05:00:00Z,19.5,11.76,0.0,95.0,0.54,0.18,2.7
2025-05-03T06:00:00Z,16.8,11.14,0.0,94.0,0.6,0.38,2.5
2025-05-03T07:00:00Z,17.0,10.89,0.0,68.0,0.78,0.45,1.7
2025-05-03T08:00:00Z,16.8,10.87,0.0,51.0,0.98,0.4,0.4
2025-05-03T09:00:00Z,16.6,10.62,0.0,43.0,1.16,0.17,0.7
2025-05-03T10:00:00Z,16.1,9.54,0.0,41.0,1.08,-0.2,1.7
2025-05-03T11:00:00Z,15.9,9.54,0.0,57.0,1.0,-0.56,2.4
2025-05-03T12:00:00Z,15.8,8.87,0.0,82.0,0.92,-0.79,2.2
2025-05-03T13:00:00Z,15.7,8.43,0.0,87.0,0.88,-0.85,1.6
2025-05-03T14:00:00Z,15.5,8.11,0.0,96.0,0.86,-0.73,1.5
2025-05-03T15:00:00Z,15.4,8.08,0.0,94.0,0.82,-0.39,2.5
2025-05-03T16:00:00Z,15.3,8.14,0.0,97.0,0.76,0.14,3.9
2025-05-03T17:00:00Z,15.2,7.08,0.0,82.0,0.68,0.7,4.5
2025-05-03T18:00:00Z,15.1,6.12,0.0,85.0,0.62,1.14,4.3
2025-05-03T19:00:00Z,15.1,5.99,0.0,98.0,0.58,1.43,3.4
2025-05-03T20:00:00Z,15.1,6.08,0.0,91.0,0.56,1.56,2.2
2025-05-03T21:00:00Z,15.2,6.33,0.0,93.0,0.52,1.46,0.8
2025-05-03T22:00:00Z,15.2,6.65,0.0,82.0,0.52,1.15,0.9
2025-05-03T23:00:00Z,15.4,6.94,0.0,88.0,0.52,0.72,2.0
2025-05-04T00:00:00Z,15.6,6.78,0.0,83.0,0.52,0.3,2.6
2025-05-04T01:00:00Z,15.7,6.72,0.0,76.0,0.54,-0.04,2.4
2025-05-04T02:00:00Z,15.8,6.61,0.0,89.0,0.56,-0.26,1.9
2025-05-04T03:00:00Z,15.9,6.65,0.0,98.0,0.58,-0.33,1.0
2025-05-04T04:00:00Z,16.1,6.59,0.0,100.0,0.58,-0.19,0.4
2025-05-04T05:00:00Z,16.1,6.75,0.0,100.0,0.6,0.06,1.5
2025-05-04T06:00:00Z,16.1,7.22,0.0,100.0,0.6,0.26,1.9
2025-05-04T07:00:00Z,16.1,7.45,0.0,100.0,0.62,0.4,1.6
2025-05-04T08:00:00Z,16.1,7.94,0.0,100.0,0.62,0.48,1.2
2025-05-04T09:00:00Z,16.2,8.04,0.0,100.0,0.64,0.44,0.9
2025-05-04T10:00:00Z,16.3,7.51,0.0,100.0,0.66,0.23,1.0
2025-05-04T11:00:00Z,16.4,8.16,0.0,100.0,0.66,-0.08,1.8
2025-05-04T12:00:00Z,16.5,8.66,0.0,99.0,0.68,-0.41,2.2
2025-05-04T13:00:00Z,16.6,8.76,0.0,99.0,0.68,-0.63,2.0
2025-05-04T14:00:00Z,16.7,9.0,0.0,100.0,0.68,-0.73,1.3
2025-05-04T15:00:00Z,16.7,8.68,0.0,84.0,0.68,-0.69,0.6
2025-05-04T16:00:00Z,16.8,8.08,0.0,84.0,0.66,-0.45,1.0
2025-05-04T17:00:00Z,16.8,7.85,0.0,94.0,0.62,-0.05,2.3
2025-05-04T18:00:00Z,16.8,7.88,0.0,99.0,0.6,0.38,3.1
2025-05-04T19:00:00Z,17.0,8.09,0.3,100.0,0.58,0.73,3.0
2025-05-04T20:00:00Z,17.1,7.91,0.6,100.0,0.58,1.0,2.4
2025-05-04T21:00:00Z,17.1,7.75,1.4,100.0,0.56,1.16,1.7
2025-05-04T22:00:00Z,17.0,7.67,2.6,100.0,0.58,1.11,0.8
2025-05-04T23:00:00Z,17.0,8.52,6.2,100.0,0.62,0.85,1.0
2025-05-05T00:00:00Z,17.1,8.35,7.5,100.0,0.64,0.49,2.0
2025-05-05T01:00:00Z,17.3,8.33,8.0,100.0,0.62,0.12,2.3
2025-05-05T02:00:00Z,17.5,8.42,6.4,100.0,0.6,-0.19,2.5
2025-05-05T03:00:00Z,17.8,7.7,3.9,100.0,0.58,-0.43,2.2
2025-05-05T04:00:00Z,18.1,6.55,2.0,100.0,0.52,-0.53,1.4
2025-05-05T05:00:00Z,18.1,5.41,1.4,100.0,0.46,-0.43,0.4
2025-05-05T06:00:00Z,18.0,4.66,0.7,99.0,0.4,-0.22,0.9
2025-05-05T07:00:00Z,18.1,5.05,0.2,35.0,0.4,-0.01,1.3
2025-05-05T08:00:00Z,18.5,7.26,0.0,46.0,0.38,0.18,1.2
2025-05-05T09:00:00Z,18.9,7.37,0.0,78.0,0.38,0.35,0.9
2025-05-05T10:00:00Z,19.3,6.21,0.0,87.0,0.36,0.39,0.7
2025-05-05T11:00:00Z,19.0,6.9,0.0,63.0,0.36,0.24,0.7
2025-05-05T12:00:00Z,18.8,6.56,0.0,89.0,0.34,-0.04,1.5
2025-05-05T13:00:00Z,18.6,6.72,0.0,98.0,0.34,-0.33,1.9
2025-05-05T14:00:00Z,18.5,6.91,0.0,100.0,0.32,-0.56,1.9
2025-05-05T15:00:00Z,18.4,5.87,0.0,95.0,0.32,-0.69,1.3
2025-05-05T16:00:00Z,18.3,4.35,0.0,86.0,0.32,-0.68,0.9
2025-05-05T17:00:00Z,18.2,3.43,0.0,85.0,0.3,-0.46,1.5
2025-05-05T18:00:00Z,18.1,3.59,0.0,14.0,0.3,-0.07,2.7
2025-05-05T19:00:00Z,18.0,4.23,0.0,29.0,0.28,0.36,3.6
2025-05-05T20:00:00Z,18.0,4.46,0.0,1.0,0.26,0.75,3.8
2025-05-05T21:00:00Z,17.9,4.53,0.0,1.0,0.24,1.11,3.4
2025-05-05T22:00:00Z,17.7,4.41,0.0,0.0,0.22,1.35,2.5
2025-05-05T23:00:00Z,17.8,4.02,0.0,0.0,0.2,1.35,1.3
2025-05-06T00:00:00Z,17.8,3.4,0.0,0.0,0.18,1.11,0.2
2025-05-06T01:00:00Z,18.0,4.19,0.0,0.0,0.18,0.74,1.5
2025-05-06T02:00:00Z,18.3,4.11,0.0,0.0,0.18,0.34,2.2
2025-05-06T03:00:00Z,18.7,4.42,0.0,5.0,0.18,-0.02,2.5
2025-05-06T04:00:00Z,19.2,4.98,0.0,11.0,0.22,-0.31,2.5
2025-05-06T05:00:00Z,19.8,5.22,0.0,13.0,0.24,-0.44,2.1
2025-05-06T06:00:00Z,20.3,5.81,0.0,31.0,0.28,-0.36,1.0
2025-05-06T07:00:00Z,20.8,6.51,0.0,61.0,0.36,-0.15,0.6
2025-05-06T08:00:00Z,20.9,6.23,0.0,85.0,0.42,0.1,1.5
2025-05-06T09:00:00Z,20.5,8.02,0.0,82.0,0.5,0.34,1.8
2025-05-06T10:00:00Z,17.0,8.73,0.0,86.0,0.48,0.57,2.0
2025-05-06T11:00:00Z,17.0,8.17,0.0,100.0,0.48,0.68,1.6
2025-05-06T12:00:00Z,16.9,8.05,0.0,100.0,0.46,0.58,0.7
2025-05-06T13:00:00Z,16.7,8.05,0.0,100.0,0.48,0.31,0.4
2025-05-06T14:00:00Z,16.5,7.36,0.0,100.0,0.48,0.0,0.9
2025-05-06T15:00:00Z,16.3,5.98,0.0,100.0,0.5,-0.28,1.0
2025-05-06T16:00:00Z,16.2,4.86,0.0,99.0,0.44,-0.48,1.0
2025-05-06T17:00:00Z,16.1,4.36,0.0,99.0,0.38,-0.55,0.9
2025-05-06T18:00:00Z,16.0,3.97,0.0,95.0,0.32,-0.41,0.6
2025-05-06T19:00:00Z,16.1,3.82,0.0,95.0,0.3,-0.09,1.8
2025-05-06T20:00:00Z,16.0,3.63,0.0,93.0,0.26,0.28,2.7
2025-05-06T21:00:00Z,16.0,3.64,0.0,69.0,0.24,0.67,3.1
2025-05-06T22:00:00Z,16.2,3.61,0.0,55.0,0.22,1.05,2.9
2025-05-06T23:00:00Z,16.3,4.22,0.0,40.0,0.18,1.29,2.4
2025-05-07T00:00:00Z,16.5,4.61,0.0,19.0,0.16,1.27,1.3
2025-05-07T01:00:00Z,16.6,4.45,0.0,52.0,0.2,1.0,0.3
2025-05-07T02:00:00Z,16.8,4.44,0.0,75.0,0.22,0.56,1.3
2025-05-07T03:00:00Z,17.0,4.68,0.0,82.0,0.26,0.1,2.0
2025-05-07T04:00:00Z,17.2,4.86,0.0,87.0,0.28,-0.32,2.2
2025-05-07T05:00:00Z,17.3,5.13,0.0,98.0,0.28,-0.64,2.0
2025-05-07T06:00:00Z,17.4,5.87,0.0,97.0,0.3,-0.75,1.1
2025-05-07T07:00:00Z,17.4,6.41,0.0,86.0,0.36,-0.61,0.4
2025-05-07T08:00:00Z,17.4,6.89,0.0,90.0,0.4,-0.32,1.8
2025-05-07T09:00:00Z,17.4,6.96,0.0,98.0,0.46,0.04,2.6
2025-05-07T10:00:00Z,17.0,6.56,0.0,99.0,0.46,0.43,3.0
2025-05-07T11:00:00Z,17.0,7.08,0.0,100.0,0.46,0.77,2.8
2025-05-07T12:00:00Z,17.0,7.26,0.0,100.0,0.46,0.9,1.9
2025-05-07T13:00:00Z,17.0,7.22,0.0,100.0,0.48,0.77,0.6
2025-05-07T14:00:00Z,17.1,7.5,0.0,100.0,0.52,0.43,0.9
2025-05-07T15:00:00Z,17.1,7.65,0.0,100.0,0.54,0.02,2.0
2025-05-07T16:00:00Z,17.2,7.78,0.0,96.0,0.52,-0.35,2.3
2025-05-07T17:00:00Z,17.2,7.37,0.0,95.0,0.52,-0.66,2.5
2025-05-07T18:00:00Z,17.2,7.25,0.0,95.0,0.5,-0.78,1.8
2025-05-07T19:00:00Z,17.2,7.57,0.0,92.0,0.52,-0.65,0.4
2025-05-07T20:00:00Z,17.1,7.69,0.0,92.0,0.52,-0.31,1.3
2025-05-07T21:00:00Z,17.2,8.18,0.0,65.0,0.54,0.11,2.5
2025-05-07T22:00:00Z,17.3,7.58,0.0,64.0,0.54,0.57,3.1
2025-05-07T23:00:00Z,17.4,8.52,0.0,48.0,0.56,1.0,3.2
2025-05-08T00:00:00Z,17.4,9.48,0.0,96.0,0.56,1.25,2.5
2025-05-08T01:00:00Z,17.5,9.19,0.0,100.0,0.62,1.19,1.3
2025-05-08T02:00:00Z,17.7,10.07,0.0,100.0,0.68,0.84,0.8
2025-05-08T03:00:00Z,17.6,9.64,0.1,100.0,0.74,0.35,2.0
2025-05-08T04:00:00Z,17.5,8.84,0.2,100.0,0.8,-0.16,2.7
2025-05-08T05:00:00Z,17.3,8.98,0.5,100.0,0.86,-0.59,2.9
2025-05-08T06:00:00Z,17.5,10.45,0.5,100.0,0.92,-0.88,2.5
2025-05-08T07:00:00Z,17.4,11.77,2.2,100.0,1.04,-0.92,1.5
2025-05-08T08:00:00Z,17.1,12.11,2.5,100.0,1.14,-0.68,0.6
2025-05-08T09:00:00Z,17.2,12.3,2.5,100.0,1.26,-0.28,2.3
2025-05-08T10:00:00Z,17.8,11.32,2.1,100.0,1.3,0.2,3.5
2025-05-08T11:00:00Z,18.2,12.24,2.0,100.0,1.34,0.73,3.9
2025-05-08T12:00:00Z,18.6,12.94,1.6,100.0,1.38,1.14,3.4
2025-05-08T13:00:00Z,19.0,13.37,1.2,100.0,1.36,1.28,2.2
2025-05-08T14:00:00Z,19.4,12.88,2.6,100.0,1.36,1.08,0.9
2025-05-08T15:00:00Z,19.8,12.25,1.6,100.0,1.34,0.66,1.7
2025-05-08T16:00:00Z,20.3,12.13,1.4,99.0,1.32,0.17,2.9
2025-05-08T17:00:00Z,20.6,12.7,1.7,91.0,1.32,-0.29,3.4
2025-05-08T18:00:00Z,20.7,12.23,0.6,99.0,1.3,-0.64,3.4
2025-05-08T19:00:00Z,20.7,11.48,0.1,100.0,1.2,-0.78,2.7
2025-05-08T20:00:00Z,20.7,10.58,0.3,100.0,1.08,-0.62,1.1
2025-05-08T21:00:00Z,20.9,10.14,0.7,100.0,0.98,-0.25,0.8
2025-05-08T22:00:00Z,20.4,8.45,1.9,100.0,0.84,0.18,2.1
2025-05-08T23:00:00Z,20.1,6.51,7.1,100.0,0.68,0.64,2.6
2025-05-09T00:00:00Z,19.7,5.88,9.4,100.0,0.54,1.05,2.4
2025-05-09T01:00:00Z,19.5,6.13,1.4,100.0,0.52,1.22,1.6
2025-05-09T02:00:00Z,19.1,6.79,0.2,100.0,0.5,1.04,0.6
2025-05-09T03:00:00Z,19.1,8.28,0.3,100.0,0.48,0.57,2.0
2025-05-09T04:00:00Z,19.1,8.06,0.3,100.0,0.56,-0.01,3.2
2025-05-09T05:00:00Z,19.1,8.15,0.1,100.0,0.64,-0.55,3.8
2025-05-09T06:00:00Z,19.2,7.65,0.0,100.0,0.72,-1.0,3.8
2025-05-09T07:00:00Z,19.6,7.48,0.0,100.0,0.68,-1.22,2.9
2025-05-09T08:00:00Z,20.0,7.24,0.0,99.0,0.64,-1.14,1.4
2025-05-09T09:00:00Z,20.0,6.62,0.0,97.0,0.6,-0.76,0.9
2025-05-09T10:00:00Z,20.3,7.91,0.0,100.0,0.58,-0.21,2.9
2025-05-09T11:00:00Z,20.2,6.87,0.0,97.0,0.56,0.41,4.0
2025-05-09T12:00:00Z,20.0,6.34,0.0,95.0,0.54,1.02,4.4
2025-05-09T13:00:00Z,19.8,5.58,0.0,89.0,0.5,1.43,3.8
2025-05-09T14:00:00Z,19.3,4.83,0.0,78.0,0.44,1.5,2.4
2025-05-09T15:00:00Z,18.9,4.68,0.0,66.0,0.4,1.23,0.4
2025-05-09T16:00:00Z,18.6,3.64,0.0,49.0,0.4,0.77,1.5
2025-05-09T17:00:00Z,18.2,3.18,0.0,57.0,0.38,0.24,2.5
2025-05-09T18:00:00Z,18.4,2.15,0.0,59.0,0.38,-0.23,3.1
2025-05-09T19:00:00Z,17.9,0.35,0.0,43.0,0.36,-0.55,2.9
2025-05-09T20:00:00Z,17.9,2.49,0.0,49.0,0.34,-0.62,2.1
2025-05-09T21:00:00Z,17.7,4.69,0.0,22.0,0.32,-0.38,0.6
2025-05-09T22:00:00Z,19.1,4.92,0.0,3.0,0.36,0.06,1.5
2025-05-09T23:00:00Z,19.2,5.71,0.0,1.0,0.38,0.56,2.5
2025-05-10T00:00:00Z,19.2,6.35,0.0,3.0,0.42,1.05,2.7
2025-05-10T01:00:00Z,19.4,7.58,0.0,0.0,0.46,1.39,2.2
2025-05-10T02:00:00Z,19.7,7.59,0.0,0.0,0.48,1.41,0.7
2025-05-10T03:00:00Z,19.9,6.48,0.0,0.0,0.52,1.08,1.3
2025-05-10T04:00:00Z,19.9,7.43,0.0,0.0,0.54,0.49,3.1
2025-05-10T05:00:00Z,19.9,7.93,0.0,1.0,0.58,-0.16,4.2
2025-05-10T06:00:00Z,19.9,8.07,0.0,7.0,0.6,-0.72,4.4
2025-05-10T07:00:00Z,19.9,7.51,0.0,9.0,0.58,-1.1,3.9
2025-05-10T08:00:00Z,19.9,6.79,0.0,17.0,0.56,-1.21,2.6
2025-05-10T09:00:00Z,19.8,5.74,0.0,37.0,0.54,-0.97,1.1
2025-05-10T10:00:00Z,18.6,3.96,0.0,95.0,0.48,-0.44,2.6
2025-05-10T11:00:00Z,17.8,4.77,0.0,96.0,0.44,0.22,4.3
2025-05-10T12:00:00Z,17.3,5.58,0.0,79.0,0.38,0.86,5.2
2025-05-10T13:00:00Z,17.0,5.7,0.0,96.0,0.36,1.4,4.9
2025-05-10T14:00:00Z,16.8,3.91,0.0,59.0,0.36,1.66,3.6
2025-05-10T15:00:00Z,16.7,1.58,0.0,100.0,0.34,1.53,1.4
2025-05-10T16:00:00Z,16.6,2.64,0.0,100.0,0.3,1.08,0.8
2025-05-10T17:00:00Z,16.6,2.66,0.0,100.0,0.26,0.46,2.8
2025-05-10T18:00:00Z,16.8,2.59,0.0,100.0,0.22,-0.15,3.7
2025-05-10T19:00:00Z,17.0,3.57,0.3,100.0,0.22,-0.65,4.0
2025-05-10T20:00:00Z,17.2,4.66,0.4,100.0,0.2,-0.94,3.4
2025-05-10T21:00:00Z,17.3,5.05,0.3,100.0,0.2,-0.91,2.1
2025-05-10T22:00:00Z,17.2,5.1,0.2,100.0,0.22,-0.56,0.8
2025-05-10T23:00:00Z,17.3,4.16,0.2,99.0,0.26,-0.04,2.3
2025-05-11T00:00:00Z,17.3,4.57,0.1,81.0,0.28,0.49,3.2
2025-05-11T01:00:00Z,17.4,4.91,0.0,55.0,0.3,0.96,3.3
2025-05-11T02:00:00Z,17.5,4.84,0.0,28.0,0.34,1.21,2.4
2025-05-11T03:00:00Z,17.7,4.47,0.0,16.0,0.36,1.11,0.6
2025-05-11T04:00:00Z,17.9,4.16,0.0,48.0,0.36,0.65,1.5
2025-05-11T05:00:00Z,18.1,3.92,0.0,40.0,0.34,0.0,3.2
2025-05-11T06:00:00Z,18.2,3.86,0.0,68.0,0.34,-0.65,4.3
2025-05-11T07:00:00Z,18.4,3.86,0.0,73.0,0.32,-1.16,4.3
2025-05-11T08:00:00Z,18.6,4.25,0.0,16.0,0.32,-1.46,3.5
2025-05-11T09:00:00Z,18.5,4.65,0.0,5.0,0.3,-1.45,1.9
2025-05-11T10:00:00Z,19.0,5.03,0.0,26.0,0.24,-1.05,0.8
2025-05-11T11:00:00Z,18.7,5.76,0.0,65.0,0.2,-0.38,3.1
2025-05-11T12:00:00Z,18.4,6.89,0.0,56.0,0.14,0.35,4.5
2025-05-11T13:00:00Z,18.2,7.6,0.0,21.0,0.22,1.01,4.7
2025-05-11T14:00:00Z,18.1,7.83,0.0,2.0,0.3,1.46,4.0
2025-05-11T15:00:00Z,18.1,8.04,0.0,0.0,0.38,1.58,2.3
2025-05-11T16:00:00Z,18.2,7.86,0.0,0.0,0.44,1.29,0.7
2025-05-11T17:00:00Z,18.2,7.53,0.0,0.0,0.52,0.72,2.4
2025-05-11T18:00:00Z,18.2,7.34,0.0,0.0,0.58,0.06,3.8
2025-05-11T19:00:00Z,18.3,7.1,0.0,0.0,0.56,-0.53,4.5
2025-05-11T20:00:00Z,18.4,6.82,0.0,0.0,0.54,-0.95,4.1
2025-05-11T21:00:00Z,18.3,6.45,0.0,0.0,0.52,-1.12,3.1
2025-05-11T22:00:00Z,18.5,5.46,0.0,0.0,0.48,-0.95,1.1
2025-05-11T23:00:00Z,18.5,5.39,0.0,0.0,0.44,-0.47,1.3
2025-05-12T00:00:00Z,18.6,5.27,0.0,0.0,0.4,0.12,3.1
2025-05-12T01:00:00Z,18.8,4.89,0.0,0.0,0.38,0.66,3.7
2025-05-12T02:00:00Z,19.2,4.41,0.0,0.0,0.34,1.05,3.2
2025-05-12T03:00:00Z,19.7,3.92,0.0,0.0,0.32,1.17,2.1
2025-05-12T04:00:00Z,20.1,3.43,0.0,0.0,0.28,0.93,0.9
2025-05-12T05:00:00Z,20.5,3.11,0.0,0.0,0.22,0.39,2.1
2025-05-12T06:00:00Z,20.6,3.75,0.0,0.0,0.18,-0.26,3.4
2025-05-12T07:00:00Z,20.5,4.99,0.0,0.0,0.2,-0.83,4.0
2025-05-12T08:00:00Z,20.3,6.15,0.0,0.0,0.24,-1.21,3.4
2025-05-12T09:00:00Z,20.2,7.06,0.0,0.0,0.26,-1.34,2.2
2025-05-12T10:00:00Z,20.8,7.34,0.0,0.0,0.34,-1.14,0.2
2025-05-12T11:00:00Z,20.7,8.43,0.0,0.0,0.44,-0.56,2.3
2025-05-12T12:00:00Z,20.6,9.4,0.0,0.0,0.52,0.2,4.4
2025-05-12T13:00:00Z,20.5,9.52,0.0,0.0,0.58,0.94,5.1
2025-05-12T14:00:00Z,20.4,9.5,0.0,0.0,0.66,1.52,4.6
2025-05-12T15:00:00Z,20.3,9.65,0.0,0.0,0.72,1.81,3.2
2025-05-12T16:00:00Z,20.1,9.85,0.0,0.0,0.74,1.73,1.4
2025-05-12T17:00:00Z,19.9,10.38,0.0,0.0,0.74,1.28,1.7
2025-05-12T18:00:00Z,19.8,10.34,0.0,0.0,0.76,0.61,3.5
2025-05-12T19:00:00Z,19.6,9.96,0.0,0.0,0.78,-0.08,4.7
2025-05-12T20:00:00Z,19.5,9.92,0.0,0.0,0.82,-0.63,4.9
2025-05-12T21:00:00Z,19.4,9.78,0.0,2.0,0.84,-1.0,4.2
2025-05-12T22:00:00Z,19.5,8.84,0.0,55.0,0.8,-1.08,2.5
2025-05-12T23:00:00Z,19.5,9.47,0.0,80.0,0.78,-0.81,0.5
2025-05-13T00:00:00Z,19.7,9.72,0.0,68.0,0.74,-0.26,2.1
2025-05-13T01:00:00Z,19.9,9.49,0.0,68.0,0.72,0.3,3.4
2025-05-13T02:00:00Z,20.1,9.74,0.0,12.0,0.7,0.74,3.5
2025-05-13T03:00:00Z,20.2,9.82,0.0,7.0,0.68,0.98,2.7
2025-05-13T04:00:00Z,20.3,9.6,0.0,7.0,0.68,0.93,1.5
2025-05-13T05:00:00Z,20.4,9.82,0.0,18.0,0.7,0.54,1.7
2025-05-13T06:00:00Z,20.4,10.16,0.0,24.0,0.7,-0.06,3.1
2025-05-13T07:00:00Z,20.4,9.89,0.0,93.0,0.72,-0.7,4.0
2025-05-13T08:00:00Z,20.3,10.38,0.0,100.0,0.76,-1.19,4.1
2025-05-13T09:00:00Z,20.3,10.58,0.0,100.0,0.78,-1.45,3.1
2025-05-13T10:00:00Z,20.3,10.08,0.0,99.0,0.8,-1.43,1.4
2025-05-13T11:00:00Z,20.2,10.7,0.0,97.0,0.82,-1.05,0.9
2025-05-13T12:00:00Z,20.2,11.05,0.0,99.0,0.84,-0.34,3.4
2025-05-13T13:00:00Z,20.2,11.04,0.0,99.0,0.84,0.46,5.1
2025-05-13T14:00:00Z,20.2,10.85,0.0,100.0,0.86,1.13,5.3
2025-05-13T15:00:00Z,20.1,10.55,0.0,95.0,0.86,1.58,4.3
2025-05-13T16:00:00Z,20.1,10.08,0.0,86.0,0.82,1.72,2.4
2025-05-13T17:00:00Z,20.0,9.48,0.0,53.0,0.78,1.49,1.1
2025-05-13T18:00:00Z,20.0,8.91,0.0,21.0,0.74,0.94,2.5
2025-05-13T19:00:00Z,19.9,8.41,0.0,31.0,0.66,0.25,4.0
2025-05-13T20:00:00Z,19.9,7.75,0.0,89.0,0.6,-0.39,4.9
2025-05-13T21:00:00Z,19.9,7.0,0.0,99.0,0.52,-0.87,4.5
2025-05-13T22:00:00Z,20.0,5.9,0.0,99.0,0.48,-1.13,3.4
2025-05-13T23:00:00Z,20.0,6.03,0.0,97.0,0.44,-1.08,1.6
2025-05-14T00:00:00Z,20.1,6.54,0.0,96.0,0.4,-0.68,0.8
2025-05-14T01:00:00Z,20.3,6.65,0.0,96.0,0.38,-0.11,2.8
2025-05-14T02:00:00Z,20.4,6.68,0.0,95.0,0.34,0.4,3.6
2025-05-14T03:00:00Z,20.6,6.63,0.0,85.0,0.32,0.72,3.1
2025-05-14T04:00:00Z,20.7,6.61,0.0,35.0,0.3,0.81,1.9
2025-05-14T05:00:00Z,20.8,6.98,0.0,10.0,0.3,0.61,1.3
2025-05-14T06:00:00Z,20.8,7.71,0.0,7.0,0.28,0.15,2.2
2025-05-14T07:00:00Z,20.8,8.4,0.0,0.0,0.36,-0.44,3.3
2025-05-14T08:00:00Z,20.8,8.8,0.0,0.0,0.42,-0.99,3.8
2025-05-14T09:00:00Z,20.8,8.92,0.0,6.0,0.5,-1.34,3.4
2025-05-14T10:00:00Z,21.1,8.5,0.0,6.0,0.52,-1.45,2.0
2025-05-14T11:00:00Z,21.0,8.97,0.0,13.0,0.54,-1.25,0.2
2025-05-14T12:00:00Z,21.0,9.17,0.0,83.0,0.56,-0.72,2.3
2025-05-14T13:00:00Z,20.9,9.16,0.0,92.0,0.58,0.07,4.5
2025-05-14T14:00:00Z,20.9,8.99,0.0,99.0,0.58,0.84,5.7
2025-05-14T15:00:00Z,20.9,8.94,0.0,94.0,0.6,1.4,5.2
2025-05-14T16:00:00Z,20.9,8.93,0.0,91.0,0.6,1.69,3.6
2025-05-14T17:00:00Z,20.9,8.81,0.0,97.0,0.6,1.66,1.7
2025-05-14T18:00:00Z,20.9,8.56,0.0,92.0,0.6,1.31,1.4
2025-05-14T19:00:00Z,20.9,8.3,0.0,97.0,0.56,0.72,3.0
2025-05-14T20:00:00Z,20.9,8.0,0.0,97.0,0.54,0.06,4.3
2025-05-14T21:00:00Z,20.8,7.7,0.0,99.0,0.5,-0.51,4.7
2025-05-14T22:00:00Z,20.7,6.65,0.0,99.0,0.46,-0.88,4.0
2025-05-14T23:00:00Z,20.7,6.7,0.0,99.0,0.4,-1.01,2.5
2025-05-15T00:00:00Z,20.7,6.65,0.0,94.0,0.36,-0.83,0.5
2025-05-15T01:00:00Z,20.8,6.2,0.0,68.0,0.32,-0.34,1.8
2025-05-15T02:00:00Z,20.9,5.66,0.0,56.0,0.3,0.22,3.3
2025-05-15T03:00:00Z,21.0,5.39,0.0,82.0,0.26,0.63,3.6
2025-05-15T04:00:00Z,21.1,5.74,0.0,98.0,0.24,0.81,2.6
2025-05-15T05:00:00Z,21.2,6.41,0.0,96.0,0.2,0.75,1.3
2025-05-15T06:00:00Z,21.2,7.56,0.0,93.0,0.18,0.45,1.5
2025-05-15T07:00:00Z,21.2,7.58,0.0,98.0,0.22,-0.04,2.6
2025-05-15T08:00:00Z,21.2,7.91,0.0,99.0,0.26,-0.59,3.6
2025-05-15T09:00:00Z,21.1,8.21,0.0,98.0,0.3,-1.04,3.6
2025-05-15T10:00:00Z,21.1,6.64,0.0,100.0,0.36,-1.27,2.7
2025-05-15T11:00:00Z,21.1,6.26,0.0,100.0,0.42,-1.23,1.1
2025-05-15T12:00:00Z,21.1,6.61,0.1,97.0,0.48,-0.89,1.0
2025-05-15T13:00:00Z,21.0,7.38,0.1,100.0,0.5,-0.25,3.1
2025-05-15T14:00:00Z,21.1,8.07,0.0,100.0,0.54,0.52,4.9
2025-05-15T15:00:00Z,21.0,9.24,0.1,100.0,0.56,1.16,5.3
2025-05-15T16:00:00Z,20.9,9.33,0.1,99.0,0.56,1.55,4.2
2025-05-15T17:00:00Z,20.6,9.2,0.9,100.0,0.56,1.68,2.5
2025-05-15T18:00:00Z,20.5,9.44,1.4,100.0,0.56,1.53,0.9
2025-05-15T19:00:00Z,20.5,9.45,0.7,100.0,0.58,1.11,2.0
2025-05-15T20:00:00Z,20.6,9.09,0.5,100.0,0.62,0.52,3.6
2025-05-15T21:00:00Z,20.8,8.61,1.7,100.0,0.64,-0.08,4.5
2025-05-15T22:00:00Z,21.0,8.06,4.0,100.0,0.64,-0.55,4.5
2025-05-15T23:00:00Z,21.2,8.8,4.1,100.0,0.66,-0.81,3.6
2025-05-16T00:00:00Z,21.4,8.11,3.1,100.0,0.66,-0.83,2.0
2025-05-16T01:00:00Z,21.4,7.51,2.2,100.0,0.62,-0.58,0.2
2025-05-16T02:00:00Z,21.3,6.92,1.6,100.0,0.58,-0.13,1.9
2025-05-16T03:00:00Z,21.1,6.26,0.8,100.0,0.54,0.31,2.7
2025-05-16T04:00:00Z,21.0,6.06,0.5,99.0,0.48,0.56,2.3
2025-05-16T05:00:00Z,21.0,5.92,0.7,89.0,0.44,0.58,1.2
2025-05-16T06:00:00Z,21.0,5.28,0.8,98.0,0.38,0.41,1.2
2025-05-16T07:00:00Z,20.9,4.29,2.0,97.0,0.34,0.07,2.3
2025-05-16T08:00:00Z,20.9,3.77,1.8,98.0,0.3,-0.4,3.2
2025-05-16T09:00:00Z,20.8,3.2,2.0,95.0,0.26,-0.87,3.6
2025-05-16T10:00:00Z,20.6,3.04,1.7,98.0,0.22,-1.19,3.3
2025-05-16T11:00:00Z,20.6,2.86,0.2,77.0,0.2,-1.27,2.1
2025-05-16T12:00:00Z,20.6,2.5,0.0,89.0,0.16,-1.11,0.9
2025-05-16T13:00:00Z,20.5,2.94,0.0,94.0,0.16,-0.68,2.3
2025-05-16T14:00:00Z,20.3,3.11,0.0,84.0,0.14,-0.01,4.2
2025-05-16T15:00:00Z,20.5,2.89,0.0,17.0,0.14,0.71,5.4
2025-05-16T16:00:00Z,20.2,2.25,0.0,75.0,0.14,1.24,5.2
2025-05-16T17:00:00Z,20.1,2.1,0.0,99.0,0.12,1.5,3.8
2025-05-16T18:00:00Z,19.9,2.2,0.0,100.0,0.12,1.53,1.8
2025-05-16T19:00:00Z,19.7,2.34,0.0,94.0,0.12,1.32,0.0
2025-05-16T20:00:00Z,19.7,2.72,0.0,99.0,0.12,0.89,1.8
2025-05-16T21:00:00Z,19.7,3.12,0.0,92.0,0.12,0.33,3.3
2025-05-16T22:00:00Z,19.6,3.01,0.0,80.0,0.12,-0.2,3.8
2025-05-16T23:00:00Z,19.6,3.47,0.0,64.0,0.12,-0.56,3.5
2025-05-17T00:00:00Z,19.8,4.03,0.2,71.0,0.12,-0.7,2.3
2025-05-17T01:00:00Z,20.0,4.25,0.1,67.0,0.12,-0.62,0.9
2025-05-17T02:00:00Z,20.2,4.11,0.0,65.0,0.12,-0.31,1.4
2025-05-17T03:00:00Z,20.5,3.96,0.0,89.0,0.12,0.13,2.9
2025-05-17T04:00:00Z,20.9,3.38,0.0,97.0,0.12,0.48,3.3
2025-05-17T05:00:00Z,21.3,3.23,0.0,95.0,0.1,0.62,2.4
2025-05-17T06:00:00Z,21.5,3.97,0.0,22.0,0.1,0.57,1.0
2025-05-17T07:00:00Z,21.6,4.36,0.0,9.0,0.1,0.37,0.6
2025-05-17T08:00:00Z,21.6,4.06,0.0,2.0,0.12,0.02,1.8
2025-05-17T09:00:00Z,21.6,4.05,0.0,0.0,0.12,-0.42,2.7
2025-05-17T10:00:00Z,22.2,3.21,0.0,5.0,0.12,-0.82,3.1
2025-05-17T11:00:00Z,21.9,4.1,0.0,15.0,0.1,-1.05,2.6
2025-05-17T12:00:00Z,21.7,4.28,0.0,91.0,0.1,-1.06,1.3
2025-05-17T13:00:00Z,21.6,4.48,0.0,84.0,0.1,-0.84,1.0
2025-05-17T14:00:00Z,21.5,4.53,0.0,92.0,0.1,-0.37,2.8
2025-05-17T15:00:00Z,21.4,3.76,0.0,100.0,0.1,0.27,4.3
2025-05-17T16:00:00Z,21.4,1.77,0.0,100.0,0.1,0.89,5.2
2025-05-17T17:00:00Z,21.2,4.74,0.0,100.0,0.1,1.31,4.7
2025-05-17T18:00:00Z,20.7,9.11,0.0,100.0,0.1,1.48,3.2
2025-05-17T19:00:00Z,19.7,9.39,0.0,100.0,0.3,1.42,1.8
2025-05-17T20:00:00Z,19.3,9.28,0.0,100.0,0.52,1.18,0.2
2025-05-17T21:00:00Z,19.1,9.56,0.0,100.0,0.72,0.79,1.3
2025-05-17T22:00:00Z,19.0,9.57,0.0,100.0,0.78,0.32,2.4
2025-05-17T23:00:00Z,19.0,9.09,0.0,100.0,0.82,-0.11,2.7
2025-05-18T00:00:00Z,18.9,8.8,0.0,100.0,0.88,-0.38,2.2
2025-05-18T01:00:00Z,18.9,8.73,0.1,100.0,0.78,-0.44,1.0
2025-05-18T02:00:00Z,18.9,7.85,0.2,100.0,0.7,-0.31,1.0
2025-05-18T03:00:00Z,18.9,6.52,0.0,100.0,0.6,-0.01,2.2
2025-05-18T04:00:00Z,18.8,5.08,0.2,100.0,0.54,0.36,3.1
2025-05-18T05:00:00Z,18.8,4.81,0.4,100.0,0.46,0.59,3.1
2025-05-18T06:00:00Z,19.0,4.71,0.0,100.0,0.4,0.62,1.8
2025-05-18T07:00:00Z,19.1,4.19,0.0,100.0,0.38,0.49,0.6
2025-05-18T08:00:00Z,19.3,4.19,0.1,100.0,0.38,0.26,0.7
2025-05-18T09:00:00Z,19.5,4.46,0.0,100.0,0.36,-0.09,1.8
2025-05-18T10:00:00Z,19.2,2.82,0.0,100.0,0.38,-0.5,2.6
2025-05-18T11:00:00Z,19.3,4.71,0.0,99.0,0.38,-0.85,2.8
2025-05-18T12:00:00Z,19.6,6.77,0.0,100.0,0.4,-1.01,2.1
2025-05-18T13:00:00Z,19.8,7.87,0.0,100.0,0.38,-0.97,0.9
2025-05-18T14:00:00Z,20.1,6.7,0.0,100.0,0.38,-0.73,1.0
2025-05-18T15:00:00Z,20.3,5.15,0.0,100.0,0.36,-0.3,2.6
2025-05-18T16:00:00Z,20.3,4.81,0.0,100.0,0.32,0.27,3.8
2025-05-18T17:00:00Z,20.5,4.53,0.0,99.0,0.28,0.77,4.1
2025-05-18T18:00:00Z,20.5,4.42,0.0,100.0,0.24,1.04,3.4
2025-05-18T19:00:00Z,20.5,4.95,0.0,100.0,0.24,1.13,1.9
2025-05-18T20:00:00Z,20.4,5.01,0.0,99.0,0.24,1.08,0.6
2025-05-18T21:00:00Z,20.3,4.34,0.0,100.0,0.24,0.85,1.2
2025-05-18T22:00:00Z,20.2,3.49,0.0,100.0,0.22,0.48,2.2
2025-05-18T23:00:00Z,20.2,4.29,0.0,97.0,0.22,0.03,3.1
2025-05-19T00:00:00Z,20.3,5.03,0.0,97.0,0.2,-0.36,3.1
2025-05-19T01:00:00Z,20.3,5.59,0.0,98.0,0.2,-0.59,2.3
2025-05-19T02:00:00Z,20.5,6.32,0.0,98.0,0.2,-0.65,1.3
2025-05-19T03:00:00Z,20.8,6.57,0.0,93.0,0.2,-0.54,0.2
2025-05-19T04:00:00Z,21.0,6.64,0.0,93.0,0.24,-0.26,1.5
2025-05-19T05:00:00Z,21.1,6.91,0.0,94.0,0.26,0.07,2.5
2025-05-19T06:00:00Z,21.2,7.05,0.0,61.0,0.3,0.28,2.4
2025-05-19T07:00:00Z,21.3,6.69,0.0,36.0,0.32,0.33,1.7
2025-05-19T08:00:00Z,21.4,6.73,0.0,6.0,0.36,0.28,1.1
2025-05-19T09:00:00Z,21.4,6.79,0.0,4.0,0.38,0.13,1.3
2025-05-19T10:00:00Z,21.2,6.57,0.0,1.0,0.36,-0.14,1.8
2025-05-19T11:00:00Z,21.1,7.4,0.0,1.0,0.36,-0.46,2.4
2025-05-19T12:00:00Z,21.1,7.85,0.0,22.0,0.34,-0.72,2.3
2025-05-19T13:00:00Z,21.2,8.0,0.0,20.0,0.4,-0.83,1.6
2025-05-19T14:00:00Z,21.2,8.28,0.0,47.0,0.44,-0.77,0.5
2025-05-19T15:00:00Z,21.2,8.43,0.0,76.0,0.5,-0.54,0.9
2025-05-19T16:00:00Z,21.2,8.49,0.0,91.0,0.52,-0.15,2.2
2025-05-19T17:00:00Z,21.1,8.3,0.0,99.0,0.54,0.35,3.1
2025-05-19T18:00:00Z,21.2,8.3,0.0,100.0,0.56,0.78,3.4
2025-05-19T19:00:00Z,21.2,7.84,0.0,96.0,0.54,1.01,2.7
2025-05-19T20:00:00Z,21.3,7.79,0.0,97.0,0.54,1.08,1.5
2025-05-19T21:00:00Z,21.3,7.94,0.0,100.0,0.52,1.03,1.1
2025-05-19T22:00:00Z,21.7,7.05,0.4,94.0,0.46,0.81,1.8
2025-05-19T23:00:00Z,21.8,6.49,1.0,95.0,0.38,0.45,2.6
2025-05-20T00:00:00Z,21.7,6.91,1.1,100.0,0.32,0.02,3.3
2025-05-20T01:00:00Z,21.7,7.78,1.5,100.0,0.32,-0.34,3.4
2025-05-20T02:00:00Z,21.8,6.96,1.3,100.0,0.34,-0.58,2.7
2025-05-20T03:00:00Z,21.8,5.25,0.9,100.0,0.34,-0.66,1.6
2025-05-20T04:00:00Z,21.9,4.69,0.7,100.0,0.3,-0.57,0.5
2025-05-20T05:00:00Z,21.9,4.32,0.7,94.0,0.26,-0.31,1.0
2025-05-20T06:00:00Z,21.8,4.05,0.3,81.0,0.22,-0.01,2.0
2025-05-20T07:00:00Z,21.9,4.59,0.0,83.0,0.2,0.2,2.3
2025-05-20T08:00:00Z,21.9,5.03,0.0,91.0,0.18,0.29,1.5
2025-05-20T09:00:00Z,21.9,5.89,0.0,100.0,0.16,0.29,1.0
2025-05-20T10:00:00Z,22.0,4.06,0.0,100.0,0.16,0.21,1.0
2025-05-20T11:00:00Z,22.0,5.19,0.0,96.0,0.14,0.0,1.5
2025-05-20T12:00:00Z,22.0,4.67,0.0,98.0,0.14,-0.29,1.8
2025-05-20T13:00:00Z,22.1,3.95,0.0,100.0,0.16,-0.54,2.0
2025-05-20T14:00:00Z,22.1,4.64,0.0,100.0,0.18,-0.67,1.4
2025-05-20T15:00:00Z,22.1,4.69,0.0,100.0,0.2,-0.64,0.4
2025-05-20T16:00:00Z,22.1,5.14,0.0,100.0,0.22,-0.46,0.7
2025-05-20T17:00:00Z,22.1,5.65,0.0,99.0,0.24,-0.13,1.8
2025-05-20T18:00:00Z,22.2,5.81,0.1,100.0,0.26,0.33,2.8
2025-05-20T19:00:00Z,22.3,5.87,4.0,100.0,0.24,0.73,3.1
2025-05-20T20:00:00Z,22.1,5.99,5.0,99.0,0.24,0.97,2.3
2025-05-20T21:00:00Z,21.8,5.41,5.1,100.0,0.22,1.09,1.4
2025-05-20T22:00:00Z,21.5,4.55,4.6,100.0,0.2,1.09,0.7
2025-05-20T23:00:00Z,21.4,5.56,8.7,100.0,0.2,0.9,1.7
2025-05-21T00:00:00Z,21.3,6.32,20.2,99.0,0.18,0.5,2.9
2025-05-21T01:00:00Z,21.4,6.86,24.6,80.0,0.2,0.03,3.8
2025-05-21T02:00:00Z,22.1,5.51,12.3,58.0,0.22,-0.39,3.8
2025-05-21T03:00:00Z,22.6,3.85,1.2,42.0,0.24,-0.68,3.2
2025-05-21T04:00:00Z,22.6,3.48,0.0,25.0,0.24,-0.81,2.4
2025-05-21T05:00:00Z,22.4,3.03,0.0,45.0,0.22,-0.72,1.0
2025-05-21T06:00:00Z,22.5,3.27,0.0,78.0,0.22,-0.44,0.7
2025-05-21T07:00:00Z,22.7,4.25,0.0,76.0,0.22,-0.07,2.0
2025-05-21T08:00:00Z,22.7,4.24,0.0,67.0,0.22,0.21,2.2
2025-05-21T09:00:00Z,21.8,1.88,0.0,55.0,0.22,0.41,1.8
2025-05-21T10:00:00Z,23.4,4.93,0.0,62.0,0.18,0.52,1.1
2025-05-21T11:00:00Z,22.4,4.91,0.0,85.0,0.14,0.5,0.3
2025-05-21T12:00:00Z,22.0,4.51,0.0,83.0,0.1,0.31,0.9
2025-05-21T13:00:00Z,22.0,4.92,0.0,85.0,0.1,0.01,1.9
2025-05-21T14:00:00Z,22.0,3.73,0.0,13.0,0.1,-0.29,2.1
2025-05-21T15:00:00Z,21.9,3.04,0.0,0.0,0.1,-0.47,1.9
2025-05-21T16:00:00Z,21.7,2.43,0.0,0.0,0.1,-0.51,1.2
2025-05-21T17:00:00Z,22.0,1.9,0.0,0.0,0.08,-0.39,0.9
2025-05-21T18:00:00Z,21.4,2.02,0.0,0.0,0.08,-0.06,1.7
2025-05-21T19:00:00Z,21.9,1.53,0.0,0.0,0.08,0.41,2.8
2025-05-21T20:00:00Z,21.4,1.03,0.0,4.0,0.08,0.82,3.3
2025-05-21T21:00:00Z,21.2,1.36,0.0,26.0,0.08,1.09,2.9
2025-05-21T22:00:00Z,21.0,1.76,0.0,30.0,0.08,1.25,2.0
2025-05-21T23:00:00Z,21.0,1.75,0.0,63.0,0.06,1.24,0.9
2025-05-22T00:00:00Z,21.2,1.57,0.0,60.0,0.06,1.03,0.4
2025-05-22T01:00:00Z,21.4,2.38,0.0,36.0,0.1,0.6,1.7
2025-05-22T02:00:00Z,21.5,3.83,0.0,6.0,0.16,0.08,2.6
2025-05-22T03:00:00Z,21.5,4.8,0.0,19.0,0.2,-0.37,2.6
2025-05-22T04:00:00Z,21.6,5.22,0.0,64.0,0.22,-0.68,2.1
2025-05-22T05:00:00Z,21.8,5.21,0.0,87.0,0.26,-0.8,1.0
2025-05-22T06:00:00Z,21.8,4.9,0.0,6.0,0.28,-0.68,0.6
2025-05-22T07:00:00Z,21.8,4.82,0.0,4.0,0.3,-0.31,2.3
2025-05-22T08:00:00Z,21.9,4.71,0.0,35.0,0.3,0.15,3.8
2025-05-22T09:00:00Z,21.8,4.99,0.0,98.0,0.32,0.55,4.0
2025-05-22T10:00:00Z,21.6,4.75,0.0,93.0,0.3,0.85,3.5
2025-05-22T11:00:00Z,21.5,5.48,0.0,100.0,0.3,1.01,2.6
2025-05-22T12:00:00Z,21.4,5.18,0.0,100.0,0.28,0.98,1.4
2025-05-22T13:00:00Z,21.3,5.5,0.0,100.0,0.3,0.72,0.3
2025-05-22T14:00:00Z,21.1,5.74,0.0,100.0,0.3,0.31,1.3
2025-05-22T15:00:00Z,21.0,6.01,0.0,100.0,0.32,-0.1,2.0
2025-05-22T16:00:00Z,20.9,6.38,0.0,100.0,0.32,-0.39,1.8
2025-05-22T17:00:00Z,20.9,7.2,0.0,100.0,0.32,-0.53,1.3
2025-05-22T18:00:00Z,20.9,8.05,0.0,100.0,0.32,-0.47,0.4
2025-05-22T19:00:00Z,20.9,8.05,1.1,100.0,0.4,-0.14,1.6
2025-05-22T20:00:00Z,21.0,8.52,1.7,100.0,0.46,0.35,3.3
2025-05-22T21:00:00Z,21.2,9.48,2.5,100.0,0.54,0.82,4.0
2025-05-22T22:00:00Z,21.1,9.28,2.9,100.0,0.66,1.18,3.7
2025-05-22T23:00:00Z,21.4,10.08,3.1,100.0,0.8,1.41,2.9
2025-05-23T00:00:00Z,21.5,10.98,5.9,100.0,0.92,1.42,1.7
2025-05-23T01:00:00Z,21.7,10.82,8.4,100.0,0.86,1.16,0.8
2025-05-23T02:00:00Z,22.3,10.08,4.4,100.0,0.82,0.66,2.0
2025-05-23T03:00:00Z,22.9,9.09,1.8,100.0,0.76,0.08,3.2
2025-05-23T04:00:00Z,23.1,8.95,2.6,100.0,0.68,-0.41,3.6
2025-05-23T05:00:00Z,23.0,8.73,3.5,100.0,0.58,-0.75,3.2
2025-05-23T06:00:00Z,22.7,8.05,2.7,100.0,0.5,-0.89,2.4
2025-05-23T07:00:00Z,21.8,7.04,3.7,100.0,0.46,-0.74,1.0
2025-05-23T08:00:00Z,21.2,4.76,2.3,100.0,0.4,-0.33,1.5
2025-05-23T09:00:00Z,20.9,6.21,1.5,100.0,0.36,0.19,3.1
2025-05-23T10:00:00Z,20.7,10.15,0.1,100.0,0.62,0.69,3.8
2025-05-23T11:00:00Z,20.5,10.78,0.0,100.0,0.86,1.08,3.6
2025-05-23T12:00:00Z,20.4,10.89,0.0,100.0,1.12,1.28,2.8
2025-05-23T13:00:00Z,20.5,11.17,0.0,100.0,1.1,1.23,1.5
2025-05-23T14:00:00Z,20.6,11.14,0.1,100.0,1.1,0.9,1.1
2025-05-23T15:00:00Z,20.7,11.08,0.3,100.0,1.08,0.4,2.2
2025-05-23T16:00:00Z,20.6,11.31,0.1,100.0,1.12,-0.09,3.0
2025-05-23T17:00:00Z,20.5,10.93,0.1,99.0,1.14,-0.46,3.0
2025-05-23T18:00:00Z,20.4,10.8,0.1,100.0,1.18,-0.66,2.3
2025-05-23T19:00:00Z,20.2,10.66,0.1,100.0,1.18,-0.61,1.5
2025-05-23T20:00:00Z,20.0,10.35,0.1,100.0,1.2,-0.25,1.7
2025-05-23T21:00:00Z,19.8,10.47,0.1,100.0,1.2,0.28,3.1
2025-05-23T22:00:00Z,19.7,10.46,0.1,100.0,1.16,0.78,4.0
2025-05-23T23:00:00Z,19.5,11.11,0.0,100.0,1.14,1.2,3.8
2025-05-24T00:00:00Z,19.4,10.8,0.0,100.0,1.1,1.44,2.7
2025-05-24T01:00:00Z,19.6,9.85,0.0,61.0,1.04,1.42,1.3
2025-05-24T02:00:00Z,19.7,9.94,0.0,91.0,0.96,1.07,0.8
2025-05-24T03:00:00Z,20.0,9.11,0.0,76.0,0.9,0.5,2.4
2025-05-24T04:00:00Z,20.3,8.79,0.0,79.0,0.82,-0.12,3.4
2025-05-24T05:00:00Z,20.8,8.63,0.0,87.0,0.76,-0.62,3.5
2025-05-24T06:00:00Z,21.1,8.18,0.0,75.0,0.68,-0.94,2.8
2025-05-24T07:00:00Z,21.4,7.71,0.0,93.0,0.64,-0.98,1.7
2025-05-24T08:00:00Z,21.5,7.34,0.0,85.0,0.6,-0.69,1.0
2025-05-24T09:00:00Z,21.5,7.07,0.0,74.0,0.56,-0.11,3.1
2025-05-24T10:00:00Z,20.8,6.82,0.0,100.0,0.56,0.56,4.7
2025-05-24T11:00:00Z,20.5,6.75,0.0,99.0,0.54,1.16,5.0
2025-05-24T12:00:00Z,20.4,6.78,0.0,100.0,0.54,1.61,4.3
2025-05-24T13:00:00Z,20.4,7.12,0.0,100.0,0.56,1.81,2.9
2025-05-24T14:00:00Z,20.3,7.18,0.0,13.0,0.56,1.67,1.0
2025-05-24T15:00:00Z,20.1,6.67,0.0,99.0,0.58,1.21,1.5
2025-05-24T16:00:00Z,19.9,6.38,0.0,92.0,0.54,0.59,3.2
2025-05-24T17:00:00Z,19.8,6.08,0.0,96.0,0.5,-0.01,4.2
2025-05-24T18:00:00Z,19.7,5.78,0.0,99.0,0.46,-0.46,4.2
2025-05-24T19:00:00Z,19.8,5.34,0.0,100.0,0.42,-0.7,3.5
2025-05-24T20:00:00Z,19.9,4.84,0.0,100.0,0.38,-0.65,2.3
2025-05-24T21:00:00Z,20.0,4.79,0.0,100.0,0.34,-0.27,1.9
2025-05-24T22:00:00Z,20.3,4.76,0.0,100.0,0.34,0.3,3.3
2025-05-24T23:00:00Z,20.4,4.67,0.0,100.0,0.32,0.85,4.1
2025-05-25T00:00:00Z,20.4,4.38,0.0,100.0,0.32,1.28,3.9
2025-05-25T01:00:00Z,20.5,3.83,0.0,99.0,0.3,1.49,2.7
2025-05-25T02:00:00Z,20.6,3.41,0.0,100.0,0.28,1.37,1.4
2025-05-25T03:00:00Z,20.7,3.32,0.0,100.0,0.26,0.91,1.7
2025-05-25T04:00:00Z,20.7,3.29,0.0,99.0,0.28,0.24,2.9
2025-05-25T05:00:00Z,20.5,3.05,0.0,100.0,0.28,-0.43,3.7
2025-05-25T06:00:00Z,20.4,3.38,0.0,100.0,0.3,-0.95,3.6
2025-05-25T07:00:00Z,20.2,3.66,0.0,100.0,0.3,-1.25,2.8
2025-05-25T08:00:00Z,20.1,3.54,0.0,100.0,0.3,-1.23,1.5
2025-05-25T09:00:00Z,20.1,3.58,0.0,100.0,0.3,-0.84,2.1
2025-05-25T10:00:00Z,20.2,3.94,0.0,100.0,0.3,-0.16,4.7
2025-05-25T11:00:00Z,20.1,4.19,0.0,100.0,0.32,0.61,6.5
2025-05-25T12:00:00Z,20.0,4.03,0.0,100.0,0.32,1.29,6.7
2025-05-25T13:00:00Z,19.9,3.36,0.0,100.0,0.32,1.78,5.8
2025-05-25T14:00:00Z,19.7,3.65,0.0,100.0,0.3,1.94,3.8
2025-05-25T15:00:00Z,19.6,3.08,0.0,100.0,0.3,1.71,1.5
2025-05-25T16:00:00Z,19.4,3.3,0.0,98.0,0.28,1.14,1.1
2025-05-25T17:00:00Z,19.3,3.65,0.0,100.0,0.24,0.43,2.9
2025-05-25T18:00:00Z,19.2,3.22,0.0,100.0,0.22,-0.24,3.8
2025-05-25T19:00:00Z,19.2,2.54,0.0,100.0,0.22,-0.75,3.6
2025-05-25T20:00:00Z,19.1,2.5,0.0,100.0,0.2,-1.03,2.6
2025-05-25T21:00:00Z,19.1,2.79,0.0,100.0,0.2,-0.98,0.9
2025-05-25T22:00:00Z,19.0,3.32,0.0,100.0,0.22,-0.56,2.0
2025-05-25T23:00:00Z,19.1,4.01,0.0,100.0,0.22,0.05,4.3
2025-05-26T00:00:00Z,19.2,4.24,0.0,100.0,0.24,0.65,5.2
2025-05-26T01:00:00Z,19.3,3.92,0.0,99.0,0.24,1.09,4.9
2025-05-26T02:00:00Z,19.4,3.63,0.0,90.0,0.26,1.26,3.6
2025-05-26T03:00:00Z,19.6,3.81,0.0,88.0,0.26,1.07,1.9
2025-05-26T04:00:00Z,19.7,4.23,0.0,51.0,0.24,0.55,0.4
2025-05-26T05:00:00Z,19.9,4.36,0.0,79.0,0.2,-0.14,2.0
2025-05-26T06:00:00Z,20.0,4.44,0.0,91.0,0.18,-0.8,2.7
2025-05-26T07:00:00Z,20.1,4.47,0.0,50.0,0.22,-1.27,2.5
2025-05-26T08:00:00Z,20.1,4.35,0.0,3.0,0.24,-1.51,1.5
2025-05-26T09:00:00Z,20.1,4.53,0.0,0.0,0.28,-1.41,0.6
2025-05-26T10:00:00Z,20.0,3.76,0.0,0.0,0.28,-0.89,3.2
2025-05-26T11:00:00Z,19.9,4.67,0.0,2.0,0.3,-0.08,5.8
2025-05-26T12:00:00Z,19.8,5.34,0.0,2.0,0.3,0.78,7.1
2025-05-26T13:00:00Z,19.7,5.73,0.0,2.0,0.32,1.52,6.9
2025-05-26T14:00:00Z,19.6,5.48,0.0,2.0,0.34,1.99,5.5
2025-05-26T15:00:00Z,19.6,5.34,0.0,30.0,0.36,2.07,3.4
2025-05-26T16:00:00Z,19.6,5.21,0.0,2.0,0.34,1.74,1.0
2025-05-26T17:00:00Z,19.5,5.38,0.0,27.0,0.34,1.1,1.8
2025-05-26T18:00:00Z,19.5,5.34,0.0,2.0,0.32,0.34,3.6
2025-05-26T19:00:00Z,19.5,5.27,0.0,76.0,0.32,-0.34,4.5
2025-05-26T20:00:00Z,19.5,5.73,0.0,100.0,0.32,-0.85,4.3
2025-05-26T21:00:00Z,19.5,5.56,0.0,100.0,0.32,-1.1,3.1
2025-05-26T22:00:00Z,19.5,5.24,0.0,77.0,0.34,-0.98,0.7
2025-05-26T23:00:00Z,19.7,6.11,0.0,72.0,0.34,-0.49,2.0
2025-05-27T00:00:00Z,19.8,6.3,0.0,100.0,0.36,0.17,4.2
2025-05-27T01:00:00Z,20.0,5.91,0.0,100.0,0.38,0.77,4.8
2025-05-27T02:00:00Z,20.2,5.85,0.0,100.0,0.4,1.18,3.9
2025-05-27T03:00:00Z,20.4,5.49,0.0,100.0,0.42,1.27,2.4
2025-05-27T04:00:00Z,20.5,5.34,0.0,98.0,0.42,0.99,0.9
2025-05-27T05:00:00Z,20.5,5.55,0.0,25.0,0.42,0.4,2.1
2025-05-27T06:00:00Z,20.6,5.66,0.0,25.0,0.42,-0.31,3.6
2025-05-27T07:00:00Z,20.6,5.79,0.0,71.0,0.42,-0.95,4.1
2025-05-27T08:00:00Z,20.6,5.75,0.0,100.0,0.42,-1.39,4.0
2025-05-27T09:00:00Z,20.6,5.84,0.0,100.0,0.42,-1.56,2.6
2025-05-27T10:00:00Z,20.7,5.92,0.0,99.0,0.42,-1.36,0.8
2025-05-27T11:00:00Z,20.7,6.83,0.0,100.0,0.42,-0.73,2.5
2025-05-27T12:00:00Z,20.6,7.13,0.0,100.0,0.42,0.15,5.0
2025-05-27T13:00:00Z,20.6,6.93,0.0,100.0,0.44,1.04,6.3
2025-05-27T14:00:00Z,20.5,7.04,0.0,100.0,0.44,1.73,5.8
2025-05-27T15:00:00Z,20.5,7.27,0.0,100.0,0.46,2.11,4.2
2025-05-27T16:00:00Z,20.4,7.2,0.0,100.0,0.46,2.09,1.9
2025-05-27T17:00:00Z,20.4,7.16,0.0,100.0,0.46,1.66,1.0
2025-05-27T18:00:00Z,20.4,7.15,0.0,100.0,0.46,0.97,3.1
2025-05-27T19:00:00Z,20.3,6.96,0.0,100.0,0.46,0.22,4.5
2025-05-27T20:00:00Z,20.3,6.84,0.0,100.0,0.48,-0.43,5.0
2025-05-27T21:00:00Z,20.4,6.7,0.0,100.0,0.48,-0.91,4.5
2025-05-27T22:00:00Z,20.4,5.77,0.0,100.0,0.44,-1.11,3.1
2025-05-27T23:00:00Z,20.4,5.52,0.0,100.0,0.42,-0.92,0.7
2025-05-28T00:00:00Z,20.5,5.21,0.0,100.0,0.38,-0.39,2.0
2025-05-28T01:00:00Z,20.5,5.47,0.0,100.0,0.36,0.25,3.8
2025-05-28T02:00:00Z,20.6,5.76,0.0,100.0,0.36,0.78,4.1
2025-05-28T03:00:00Z,20.6,5.83,0.0,100.0,0.34,1.08,3.0
2025-05-28T04:00:00Z,20.7,5.68,0.0,100.0,0.32,1.07,1.4
2025-05-28T05:00:00Z,20.7,5.23,0.0,100.0,0.28,0.71,1.0
2025-05-28T06:00:00Z,20.7,4.73,0.0,100.0,0.26,0.11,2.9
2025-05-28T07:00:00Z,20.7,4.85,0.0,100.0,0.3,-0.57,4.0
2025-05-28T08:00:00Z,20.7,4.99,0.0,100.0,0.32,-1.13,4.4
2025-05-28T09:00:00Z,20.7,5.15,0.0,100.0,0.36,-1.48,3.6
2025-05-28T10:00:00Z,20.5,4.44,0.0,100.0,0.36,-1.56,2.1
2025-05-28T11:00:00Z,20.5,4.8,0.0,100.0,0.36,-1.25,0.9
2025-05-28T12:00:00Z,20.4,5.24,0.0,100.0,0.36,-0.55,3.3
2025-05-28T13:00:00Z,20.2,5.68,0.0,100.0,0.34,0.37,5.6
2025-05-28T14:00:00Z,19.8,5.25,0.0,100.0,0.3,1.21,6.3
2025-05-28T15:00:00Z,19.5,5.01,0.0,99.0,0.28,1.84,5.4
2025-05-28T16:00:00Z,19.2,4.11,0.0,79.0,0.26,2.14,3.7
2025-05-28T17:00:00Z,19.1,3.34,0.0,47.0,0.22,2.05,1.4
2025-05-28T18:00:00Z,19.0,3.03,0.0,20.0,0.2,1.58,1.3
2025-05-28T19:00:00Z,19.0,2.79,0.0,1.0,0.2,0.89,3.4
2025-05-28T20:00:00Z,19.1,2.23,0.0,0.0,0.18,0.17,4.7
2025-05-28T21:00:00Z,19.1,2.31,0.0,2.0,0.18,-0.44,4.7
2025-05-28T22:00:00Z,19.3,1.95,0.0,15.0,0.16,-0.87,4.0
2025-05-28T23:00:00Z,19.6,2.95,0.0,4.0,0.16,-1.01,2.4
2025-05-29T00:00:00Z,19.8,3.65,0.0,5.0,0.14,-0.76,0.6
2025-05-29T01:00:00Z,20.0,4.03,0.0,5.0,0.18,-0.21,2.7
2025-05-29T02:00:00Z,20.2,3.73,0.0,4.0,0.2,0.38,4.2
2025-05-29T03:00:00Z,20.3,3.36,0.0,1.0,0.24,0.84,4.0
2025-05-29T04:00:00Z,20.3,3.72,0.0,0.0,0.26,1.05,2.8
2025-05-29T05:00:00Z,20.2,4.31,0.0,0.0,0.26,0.97,1.0
2025-05-29T06:00:00Z,20.3,4.21,0.0,0.0,0.28,0.57,1.1
2025-05-29T07:00:00Z,20.3,3.66,0.0,0.0,0.28,-0.03,2.7
2025-05-29T08:00:00Z,20.3,3.26,0.0,0.0,0.26,-0.65,3.6
2025-05-29T09:00:00Z,20.3,3.34,0.0,0.0,0.26,-1.13,3.7
2025-05-29T10:00:00Z,20.5,3.54,0.0,0.0,0.24,-1.39,2.9
2025-05-29T11:00:00Z,20.3,4.0,0.0,0.0,0.24,-1.37,1.7
2025-05-29T12:00:00Z,20.2,3.8,0.0,0.0,0.22,-0.99,1.8
2025-05-29T13:00:00Z,20.2,3.24,0.0,0.0,0.24,-0.24,4.2
2025-05-29T14:00:00Z,20.1,3.13,0.0,0.0,0.26,0.63,6.1
2025-05-29T15:00:00Z,20.1,2.85,0.0,0.0,0.28,1.38,6.3
2025-05-29T16:00:00Z,20.0,2.45,0.0,0.0,0.26,1.9,5.2
2025-05-29T17:00:00Z,19.9,1.95,0.0,0.0,0.26,2.1,3.5
2025-05-29T18:00:00Z,19.8,1.35,0.0,0.0,0.24,1.93,1.2
2025-05-29T19:00:00Z,19.8,0.86,0.0,0.0,0.24,1.44,1.3
2025-05-29T20:00:00Z,19.7,0.49,0.0,0.0,0.22,0.76,3.1
2025-05-29T21:00:00Z,19.6,0.7,0.0,0.0,0.22,0.09,4.2
2025-05-29T22:00:00Z,19.4,0.69,0.0,0.0,0.22,-0.47,4.2
2025-05-29T23:00:00Z,19.5,1.32,0.0,0.0,0.2,-0.83,3.2
2025-05-30T00:00:00Z,19.7,1.09,0.0,0.0,0.2,-0.88,1.5
2025-05-30T01:00:00Z,19.8,0.32,0.0,0.0,0.2,-0.58,1.4
2025-05-30T02:00:00Z,20.0,0.27,0.0,0.0,0.2,-0.05,3.4
2025-05-30T03:00:00Z,20.3,0.54,0.0,0.0,0.2,0.45,4.3
2025-05-30T04:00:00Z,20.6,0.85,0.0,0.0,0.2,0.78,4.0
2025-05-30T05:00:00Z,20.8,0.72,0.0,0.0,0.18,0.91,2.7
2025-05-30T06:00:00Z,21.1,1.3,0.0,0.0,0.18,0.77,1.3
2025-05-30T07:00:00Z,21.2,2.01,0.0,16.0,0.18,0.37,0.5
2025-05-30T08:00:00Z,21.2,3.21,0.0,46.0,0.2,-0.19,1.6
2025-05-30T09:00:00Z,21.0,4.14,0.0,55.0,0.2,-0.72,2.4
2025-05-30T10:00:00Z,20.7,4.02,0.0,72.0,0.2,-1.12,2.2
2025-05-30T11:00:00Z,20.4,4.92,0.0,100.0,0.2,-1.29,1.4
2025-05-30T12:00:00Z,20.2,5.39,0.0,100.0,0.2,-1.2,0.9
2025-05-30T13:00:00Z,20.2,5.71,0.0,100.0,0.22,-0.75,2.9
2025-05-30T14:00:00Z,20.1,5.67,0.0,100.0,0.26,-0.01,5.2
2025-05-30T15:00:00Z,20.1,5.34,0.0,100.0,0.28,0.79,6.5
2025-05-30T16:00:00Z,20.1,5.53,0.0,100.0,0.3,1.42,6.3
2025-05-30T17:00:00Z,20.1,5.85,0.0,100.0,0.3,1.83,4.9
2025-05-30T18:00:00Z,20.1,5.88,0.0,95.0,0.32,1.95,3.0
2025-05-30T19:00:00Z,20.0,6.09,0.0,85.0,0.32,1.74,1.2
2025-05-30T20:00:00Z,20.0,6.58,0.0,94.0,0.34,1.25,1.6
2025-05-30T21:00:00Z,20.0,6.54,0.0,99.0,0.34,0.62,3.1
2025-05-30T22:00:00Z,20.1,6.24,0.0,92.0,0.34,0.02,3.8
2025-05-30T23:00:00Z,20.2,6.38,0.0,94.0,0.34,-0.46,3.6
2025-05-31T00:00:00Z,20.4,6.24,0.0,71.0,0.34,-0.74,2.7
2025-05-31T01:00:00Z,20.5,6.35,0.0,90.0,0.38,-0.73,0.9
2025-05-31T02:00:00Z,20.7,7.81,0.0,100.0,0.44,-0.41,1.3
2025-05-31T03:00:00Z,20.9,8.22,0.0,100.0,0.48,0.06,3.2
2025-05-31T04:00:00Z,21.0,8.23,0.0,100.0,0.52,0.48,3.6
2025-05-31T05:00:00Z,21.1,8.81,0.0,100.0,0.56,0.74,2.8
2025-05-31T06:00:00Z,21.2,8.35,0.0,100.0,0.6,0.81,1.9
2025-05-31T07:00:00Z,21.3,8.54,0.0,100.0,0.62,0.66,1.3
2025-05-31T08:00:00Z,21.3,8.99,0.0,100.0,0.62,0.27,1.9
2025-05-31T09:00:00Z,21.3,9.15,0.0,100.0,0.64,-0.24,2.9
2025-05-31T10:00:00Z,21.4,7.15,0.0,100.0,0.64,-0.71,3.4
2025-05-31T11:00:00Z,21.4,8.57,0.0,100.0,0.66,-1.03,3.1
2025-05-31T12:00:00Z,21.5,9.36,0.0,100.0,0.66,-1.12,2.0
2025-05-31T13:00:00Z,21.5,8.99,0.0,100.0,0.64,-0.96,0.6
2025-05-31T14:00:00Z,21.4,8.73,0.1,100.0,0.64,-0.49,2.0
2025-05-31T15:00:00Z,21.3,9.03,0.5,100.0,0.62,0.2,4.0
2025-05-31T16:00:00Z,21.2,9.74,1.4,100.0,0.68,0.88,4.9
2025-05-31T17:00:00Z,21.0,10.46,1.3,100.0,0.74,1.4,4.6
2025-05-31T18:00:00Z,21.0,11.56,1.4,100.0,0.8,1.72,3.4
2025-05-31T19:00:00Z,20.7,11.92,1.9,100.0,0.94,1.79,2.1
2025-05-31T20:00:00Z,20.4,11.59,2.7,100.0,1.06,1.55,1.3
2025-05-31T21:00:00Z,20.2,12.02,4.2,100.0,1.2,1.1,2.2
2025-05-31T22:00:00Z,18.7,11.93,4.0,100.0,1.26,0.54,3.1
2025-05-31T23:00:00Z,18.9,12.44,3.6,100.0,1.3,0.04,3.4
2025-06-01T00:00:00Z,19.0,12.37,5.1,100.0,1.36,-0.34,2.9
2025-06-01T01:00:00Z,19.1,12.46,4.8,100.0,1.4,-0.5,1.8
2025-06-01T02:00:00Z,19.4,12.45,5.8,100.0,1.46,-0.42,0.4
2025-06-01T03:00:00Z,19.7,11.79,4.6,100.0,1.5,-0.09,1.8
2025-06-01T04:00:00Z,20.1,11.67,2.9,100.0,1.5,0.33,3.3
2025-06-01T05:00:00Z,20.5,11.79,2.3,100.0,1.52,0.65,3.4
2025-06-01T06:00:00Z,20.7,11.21,2.3,100.0,1.52,0.86,2.7
2025-06-01T07:00:00Z,21.1,11.07,3.4,100.0,1.4,0.91,1.7
2025-06-01T08:00:00Z,21.4,11.05,3.5,100.0,1.3,0.75,1.1
2025-06-01T09:00:00Z,21.6,10.64,3.5,100.0,1.18,0.39,1.9
2025-06-01T10:00:00Z,21.5,9.34,1.9,98.0,1.08,-0.09,2.7
2025-06-01T11:00:00Z,21.5,9.24,1.9,100.0,0.96,-0.51,3.1
2025-06-01T12:00:00Z,21.6,8.49,2.5,100.0,0.86,-0.76,2.5
2025-06-01T13:00:00Z,21.6,7.83,1.0,100.0,0.78,-0.82,1.6
2025-06-01T14:00:00Z,21.4,6.65,2.6,100.0,0.68,-0.65,0.7
2025-06-01T15:00:00Z,21.3,5.09,2.8,100.0,0.6,-0.21,2.1
2025-06-01T16:00:00Z,21.1,3.71,3.2,100.0,0.54,0.37,3.6
2025-06-01T17:00:00Z,21.0,3.13,2.3,100.0,0.5,0.9,4.1
2025-06-01T18:00:00Z,20.9,2.68,0.8,100.0,0.44,1.3,3.6
2025-06-01T19:00:00Z,21.0,2.58,0.1,100.0,0.42,1.54,2.4
2025-06-01T20:00:00Z,21.0,2.2,0.1,100.0,0.38,1.57,1.0
2025-06-01T21:00:00Z,21.0,1.55,1.4,99.0,0.36,1.34,0.7
2025-06-01T22:00:00Z,20.8,1.8,2.1,100.0,0.34,0.89,2.2
2025-06-01T23:00:00Z,20.8,0.51,2.3,100.0,0.32,0.38,3.3
2025-06-02T00:00:00Z,20.8,1.03,3.9,100.0,0.3,-0.07,3.5
2025-06-02T01:00:00Z,20.8,2.56,6.1,100.0,0.3,-0.38,3.0
2025-06-02T02:00:00Z,21.0,4.02,4.7,100.0,0.28,-0.52,2.2
2025-06-02T03:00:00Z,21.1,5.16,1.3,100.0,0.28,-0.44,0.9
2025-06-02T04:00:00Z,21.1,6.61,0.4,100.0,0.34,-0.14,1.0
2025-06-02T05:00:00Z,21.3,7.56,0.0,99.0,0.42,0.22,2.0
2025-06-02T06:00:00Z,21.6,7.62,0.0,85.0,0.48,0.49,2.0
2025-06-02T07:00:00Z,21.9,8.18,0.0,92.0,0.54,0.66,1.3
2025-06-02T08:00:00Z,21.9,8.43,0.0,99.0,0.6,0.71,0.5
2025-06-02T09:00:00Z,21.8,8.23,0.0,99.0,0.66,0.59,0.6
2025-06-02T10:00:00Z,21.4,7.85,0.0,100.0,0.66,0.28,1.5
2025-06-02T11:00:00Z,21.4,7.88,0.1,100.0,0.68,-0.12,2.3
2025-06-02T12:00:00Z,21.2,7.79,0.1,100.0,0.68,-0.45,2.2
2025-06-02T13:00:00Z,21.1,7.66,0.1,99.0,0.7,-0.63,1.7
2025-06-02T14:00:00Z,20.8,8.16,0.1,100.0,0.72,-0.65,1.3
2025-06-02T15:00:00Z,20.7,8.55,0.1,100.0,0.74,-0.46,1.7
2025-06-02T16:00:00Z,20.5,8.38,0.0,100.0,0.76,-0.05,2.7
2025-06-02T17:00:00Z,20.3,8.36,0.0,93.0,0.8,0.47,3.8
2025-06-02T18:00:00Z,20.1,8.43,0.0,91.0,0.82,0.93,4.1
2025-06-02T19:00:00Z,20.0,8.62,0.0,75.0,0.8,1.29,3.6
2025-06-02T20:00:00Z,19.9,8.29,0.0,47.0,0.8,1.51,2.5
2025-06-02T21:00:00Z,19.9,8.51,0.0,68.0,0.78,1.53,1.3
2025-06-02T22:00:00Z,19.6,8.34,0.1,68.0,0.72,1.29,0.4
2025-06-02T23:00:00Z,19.6,7.07,0.0,81.0,0.68,0.87,1.9
2025-06-03T00:00:00Z,19.7,6.06,0.0,70.0,0.62,0.4,2.8
2025-06-03T01:00:00Z,20.0,5.69,0.0,57.0,0.56,0.0,2.8
2025-06-03T02:00:00Z,20.3,4.89,0.0,59.0,0.5,-0.28,2.3
2025-06-03T03:00:00Z,20.7,3.8,0.0,38.0,0.44,-0.4,1.5
2025-06-03T04:00:00Z,20.8,2.72,0.0,17.0,0.4,-0.3,0.9
2025-06-03T05:00:00Z,20.8,1.66,0.0,7.0,0.34,-0.02,1.7
2025-06-03T06:00:00Z,20.8,1.07,0.0,6.0,0.3,0.29,2.5
2025-06-03T07:00:00Z,20.9,0.5,0.0,4.0,0.28,0.55,2.5
2025-06-03T08:00:00Z,20.9,0.49,0.0,0.0,0.24,0.74,2.2
2025-06-03T09:00:00Z,20.9,0.46,0.0,2.0,0.22,0.82,1.4
2025-06-03T10:00:00Z,21.3,0.7,0.0,5.0,0.2,0.71,0.4
2025-06-03T11:00:00Z,21.3,1.97,0.0,12.0,0.18,0.43,0.8
2025-06-03T12:00:00Z,21.3,2.69,0.0,12.0,0.16,0.07,1.9
2025-06-03T13:00:00Z,21.2,3.11,0.0,0.0,0.16,-0.24,2.1
2025-06-03T14:00:00Z,21.2,3.31,0.0,0.0,0.16,-0.43,1.8
2025-06-03T15:00:00Z,21.2,3.76,0.0,2.0,0.16,-0.49,1.2
2025-06-03T16:00:00Z,21.1,4.15,0.0,8.0,0.14,-0.37,1.2
2025-06-03T17:00:00Z,21.2,4.37,0.0,8.0,0.14,-0.03,1.9
2025-06-03T18:00:00Z,21.2,4.3,0.0,2.0,0.12,0.39,3.1
2025-06-03T19:00:00Z,21.3,4.29,0.0,2.0,0.14,0.76,3.2
2025-06-03T20:00:00Z,21.3,4.05,0.0,5.0,0.16,1.05,2.9
2025-06-03T21:00:00Z,21.3,3.73,0.0,2.0,0.18,1.24,2.1
2025-06-03T22:00:00Z,21.3,3.65,0.0,4.0,0.18,1.24,1.0
2025-06-03T23:00:00Z,21.4,4.31,0.0,2.0,0.16,0.99,0.6
2025-06-04T00:00:00Z,21.5,4.97,0.0,27.0,0.16,0.57,2.0
2025-06-04T01:00:00Z,21.8,4.76,0.0,23.0,0.18,0.11,2.7
2025-06-04T02:00:00Z,22.1,4.27,0.0,32.0,0.18,-0.27,2.7
2025-06-04T03:00:00Z,22.5,3.54,0.0,17.0,0.2,-0.54,2.3
2025-06-04T04:00:00Z,22.9,3.17,0.0,14.0,0.18,-0.65,1.5
2025-06-04T05:00:00Z,23.2,3.05,0.0,23.0,0.14,-0.54,0.3
2025-06-04T06:00:00Z,23.5,3.25,0.0,80.0,0.12,-0.25,1.3
2025-06-04T07:00:00Z,23.6,4.04,0.0,86.0,0.12,0.07,2.2
2025-06-04T08:00:00Z,23.4,4.64,0.0,11.0,0.1,0.36,2.4
2025-06-04T09:00:00Z,23.1,4.67,0.0,11.0,0.1,0.62,2.2
2025-06-04T10:00:00Z,23.3,4.34,0.0,5.0,0.1,0.76,1.7
2025-06-04T11:00:00Z,23.1,5.19,0.0,30.0,0.1,0.69,0.6
2025-06-04T12:00:00Z,23.0,6.26,0.0,73.0,0.1,0.42,0.7
2025-06-04T13:00:00Z,22.9,6.56,0.0,70.0,0.16,0.07,1.6
2025-06-04T14:00:00Z,23.0,6.59,0.0,38.0,0.24,-0.24,2.2
2025-06-04T15:00:00Z,23.1,6.85,0.0,0.0,0.3,-0.46,2.0
2025-06-04T16:00:00Z,23.1,6.6,0.0,0.0,0.3,-0.55,1.5
2025-06-04T17:00:00Z,23.1,6.5,0.0,0.0,0.3,-0.45,0.6
2025-06-04T18:00:00Z,23.1,6.1,0.0,0.0,0.3,-0.15,0.7
2025-06-04T19:00:00Z,23.0,5.91,0.0,0.0,0.3,0.23,1.8
2025-06-04T20:00:00Z,23.0,5.86,0.0,2.0,0.32,0.57,2.2
2025-06-04T21:00:00Z,22.9,5.78,0.0,7.0,0.32,0.85,2.1
2025-06-04T22:00:00Z,22.9,4.87,0.0,26.0,0.28,1.04,1.6
2025-06-04T23:00:00Z,22.9,4.46,0.0,39.0,0.26,1.03,0.8
2025-06-05T00:00:00Z,23.0,4.44,0.0,64.0,0.22,0.78,1.1
2025-06-05T01:00:00Z,23.0,5.01,0.0,61.0,0.22,0.36,2.3
2025-06-05T02:00:00Z,23.3,5.94,0.0,46.0,0.24,-0.09,2.9
2025-06-05T03:00:00Z,23.4,6.1,0.0,14.0,0.24,-0.46,3.1
2025-06-05T04:00:00Z,23.6,6.17,0.0,4.0,0.26,-0.72,2.7
2025-06-05T05:00:00Z,23.7,6.63,0.0,6.0,0.3,-0.81,1.8
2025-06-05T06:00:00Z,23.7,7.31,0.0,6.0,0.32,-0.65,0.6
2025-06-05T07:00:00Z,23.5,7.85,0.0,15.0,0.36,-0.32,1.0
2025-06-05T08:00:00Z,23.3,8.23,0.0,18.0,0.4,0.05,2.2
2025-06-05T09:00:00Z,23.3,8.37,0.0,14.0,0.44,0.41,2.3
2025-06-05T10:00:00Z,23.4,7.54,0.0,4.0,0.46,0.74,2.3
2025-06-05T11:00:00Z,23.2,8.13,0.0,9.0,0.46,0.92,1.7
2025-06-05T12:00:00Z,23.1,8.44,0.0,10.0,0.48,0.87,0.9
2025-06-05T13:00:00Z,23.0,8.5,0.0,6.0,0.5,0.59,1.5
2025-06-05T14:00:00Z,22.9,8.47,0.0,3.0,0.54,0.22,2.5
2025-06-05T15:00:00Z,22.9,8.71,0.0,3.0,0.56,-0.13,3.1
2025-06-05T16:00:00Z,22.8,8.87,0.0,0.0,0.56,-0.38,2.9
2025-06-05T17:00:00Z,22.7,8.75,0.0,0.0,0.56,-0.51,2.5
2025-06-05T18:00:00Z,22.7,8.77,0.0,0.0,0.56,-0.43,1.6
2025-06-05T19:00:00Z,22.7,8.67,0.0,0.0,0.56,-0.16,0.6
2025-06-05T20:00:00Z,22.7,8.65,0.0,0.0,0.58,0.18,1.3
2025-06-05T21:00:00Z,22.7,8.59,0.0,12.0,0.58,0.49,1.8
2025-06-05T22:00:00Z,22.9,8.08,0.0,4.0,0.58,0.78,1.7
2025-06-05T23:00:00Z,23.0,8.52,0.0,7.0,0.56,0.97,1.5
2025-06-06T00:00:00Z,23.1,8.8,0.0,5.0,0.56,0.94,1.1
2025-06-06T01:00:00Z,23.2,8.74,0.0,3.0,0.54,0.66,1.9
2025-06-06T02:00:00Z,23.3,8.63,0.0,3.0,0.54,0.2,2.9
2025-06-06T03:00:00Z,23.5,8.46,0.0,6.0,0.52,-0.26,3.4
2025-06-06T04:00:00Z,23.6,8.68,0.0,6.0,0.52,-0.64,3.5
2025-06-06T05:00:00Z,23.7,8.74,0.0,1.0,0.52,-0.89,2.9
2025-06-06T06:00:00Z,23.7,8.57,0.0,0.0,0.52,-0.93,2.0
2025-06-06T07:00:00Z,23.7,8.49,0.0,1.0,0.54,-0.71,0.5
2025-06-06T08:00:00Z,23.6,8.69,0.0,4.0,0.54,-0.32,1.6
2025-06-06T09:00:00Z,23.5,8.7,0.0,2.0,0.56,0.12,2.7
2025-06-06T10:00:00Z,23.8,8.05,0.0,4.0,0.58,0.55,2.9
2025-06-06T11:00:00Z,23.7,8.63,0.0,8.0,0.58,0.93,2.7
2025-06-06T12:00:00Z,23.7,8.87,0.0,22.0,0.6,1.13,2.1
2025-06-06T13:00:00Z,23.7,8.81,0.0,25.0,0.6,1.06,0.8
2025-06-06T14:00:00Z,23.7,8.97,0.0,39.0,0.62,0.75,1.4
2025-06-06T15:00:00Z,23.7,9.07,0.0,39.0,0.62,0.33,2.4
2025-06-06T16:00:00Z,23.7,8.74,0.0,36.0,0.62,-0.05,2.9
2025-06-06T17:00:00Z,23.7,8.63,0.0,46.0,0.6,-0.34,2.9
2025-06-06T18:00:00Z,23.7,8.36,0.0,62.0,0.6,-0.5,2.3
2025-06-06T19:00:00Z,23.7,7.99,0.0,23.0,0.56,-0.42,1.3
2025-06-06T20:00:00Z,23.8,7.65,0.0,45.0,0.5,-0.15,0.6
2025-06-06T21:00:00Z,23.8,7.52,0.0,46.0,0.46,0.2,1.7
2025-06-06T22:00:00Z,23.7,6.54,0.0,83.0,0.42,0.54,2.3
2025-06-06T23:00:00Z,23.7,6.6,0.0,94.0,0.4,0.85,2.3
2025-06-07T00:00:00Z,23.8,5.93,0.0,100.0,0.36,1.04,1.9
2025-06-07T01:00:00Z,23.9,5.06,0.0,100.0,0.34,0.96,1.1
2025-06-07T02:00:00Z,23.8,4.25,0.0,98.0,0.3,0.61,1.4
2025-06-07T03:00:00Z,23.8,4.19,0.0,100.0,0.28,0.1,2.5
2025-06-07T04:00:00Z,23.9,4.12,0.0,99.0,0.28,-0.38,3.1
2025-06-07T05:00:00Z,24.0,3.4,0.0,100.0,0.26,-0.75,2.9
2025-06-07T06:00:00Z,24.0,3.03,0.1,100.0,0.26,-0.97,2.2
2025-06-07T07:00:00Z,23.8,4.27,0.1,98.0,0.26,-0.93,0.9
2025-06-07T08:00:00Z,23.7,4.75,0.2,97.0,0.24,-0.62,0.7
2025-06-07T09:00:00Z,23.6,4.79,0.2,98.0,0.24,-0.14,2.6
2025-06-07T10:00:00Z,23.1,3.25,0.6,100.0,0.24,0.37,3.5
2025-06-07T11:00:00Z,23.0,4.15,1.3,100.0,0.26,0.87,3.7
2025-06-07T12:00:00Z,22.9,3.87,0.6,100.0,0.26,1.25,3.4
2025-06-07T13:00:00Z,22.9,3.77,0.9,100.0,0.3,1.41,2.3
2025-06-07T14:00:00Z,22.8,5.08,0.1,99.0,0.32,1.27,0.6
2025-06-07T15:00:00Z,22.8,5.45,0.1,100.0,0.36,0.88,1.1
2025-06-07T16:00:00Z,22.8,4.99,0.1,98.0,0.34,0.39,2.2
2025-06-07T17:00:00Z,22.7,4.65,0.2,96.0,0.3,-0.04,2.9
2025-06-07T18:00:00Z,22.7,4.6,0.1,93.0,0.28,-0.37,2.9
2025-06-07T19:00:00Z,22.7,4.46,0.9,97.0,0.26,-0.53,2.3
2025-06-07T20:00:00Z,22.6,5.4,0.4,100.0,0.22,-0.45,0.9
2025-06-07T21:00:00Z,22.7,6.6,0.2,100.0,0.2,-0.15,0.8
2025-06-07T22:00:00Z,23.6,4.6,0.2,100.0,0.2,0.22,2.1
2025-06-07T23:00:00Z,23.6,3.16,0.6,100.0,0.22,0.6,2.4
2025-06-08T00:00:00Z,23.5,3.0,1.3,100.0,0.22,0.92,2.4
2025-06-08T01:00:00Z,23.5,4.41,1.8,100.0,0.22,1.06,1.7
2025-06-08T02:00:00Z,23.2,4.72,2.3,100.0,0.2,0.92,0.5
2025-06-08T03:00:00Z,23.2,4.5,1.4,100.0,0.2,0.5,1.3
2025-06-08T04:00:00Z,23.2,3.82,0.5,100.0,0.22,-0.02,2.4
2025-06-08T05:00:00Z,23.2,2.57,0.3,100.0,0.26,-0.5,2.8
2025-06-08T06:00:00Z,23.2,0.94,0.0,100.0,0.28,-0.85,2.6
2025-06-08T07:00:00Z,23.1,1.61,1.0,100.0,0.28,-1.0,2.0
2025-06-08T08:00:00Z,22.8,3.13,0.8,100.0,0.3,-0.88,1.1
2025-06-08T09:00:00Z,22.5,3.88,0.7,100.0,0.3,-0.47,1.9
2025-06-08T10:00:00Z,22.8,2.63,0.4,100.0,0.28,0.09,3.5
2025-06-08T11:00:00Z,22.6,3.16,0.4,100.0,0.28,0.67,4.3
2025-06-08T12:00:00Z,22.5,3.04,0.7,100.0,0.26,1.21,4.3
2025-06-08T13:00:00Z,22.5,2.16,0.3,100.0,0.24,1.6,3.6
2025-06-08T14:00:00Z,22.4,1.35,0.1,100.0,0.24,1.69,2.2
2025-06-08T15:00:00Z,22.4,1.2,0.0,100.0,0.22,1.43,0.6
2025-06-08T16:00:00Z,22.4,1.38,0.0,100.0,0.2,0.93,1.8
2025-06-08T17:00:00Z,22.5,1.72,0.1,100.0,0.18,0.38,3.0
2025-06-08T18:00:00Z,22.5,1.32,0.3,100.0,0.16,-0.1,3.5
2025-06-08T19:00:00Z,22.5,0.75,4.8,100.0,0.16,-0.46,3.4
2025-06-08T20:00:00Z,22.5,1.06,5.3,100.0,0.18,-0.62,2.7
2025-06-08T21:00:00Z,22.5,1.84,4.7,100.0,0.18,-0.48,1.3
2025-06-08T22:00:00Z,22.4,2.66,3.7,98.0,0.16,-0.14,1.5
2025-06-08T23:00:00Z,22.5,3.32,0.8,100.0,0.16,0.27,2.6
2025-06-09T00:00:00Z,22.5,3.34,0.7,100.0,0.14,0.66,3.1
2025-06-09T01:00:00Z,22.5,3.34,0.4,100.0,0.14,0.96,2.7
2025-06-09T02:00:00Z,22.7,3.05,0.2,100.0,0.14,1.03,1.8
2025-06-09T03:00:00Z,22.9,2.53,0.1,97.0,0.14,0.79,0.5
2025-06-09T04:00:00Z,23.0,2.17,0.1,88.0,0.14,0.31,1.3
2025-06-09T05:00:00Z,23.0,1.95,0.1,87.0,0.14,-0.24,2.1
2025-06-09T06:00:00Z,22.9,2.5,0.4,88.0,0.14,-0.7,2.2
2025-06-09T07:00:00Z,22.7,3.13,0.2,61.0,0.16,-1.0,1.7
2025-06-09T08:00:00Z,22.6,3.08,0.4,72.0,0.16,-1.08,0.9
2025-06-09T09:00:00Z,22.6,2.62,1.5,71.0,0.18,-0.85,1.6
2025-06-09T10:00:00Z,22.7,2.7,1.7,97.0,0.18,-0.34,3.6
2025-06-09T11:00:00Z,22.6,2.2,1.9,100.0,0.18,0.31,5.2
2025-06-09T12:00:00Z,22.5,2.81,0.4,99.0,0.18,0.94,5.8
2025-06-09T13:00:00Z,22.5,2.45,0.1,63.0,0.18,1.48,5.3
2025-06-09T14:00:00Z,22.5,2.35,0.0,66.0,0.18,1.8,4.0
2025-06-09T15:00:00Z,22.5,2.37,0.0,67.0,0.18,1.77,2.1
2025-06-09T16:00:00Z,22.5,1.87,0.0,54.0,0.16,1.4,0.6
2025-06-09T17:00:00Z,22.6,1.14,0.0,90.0,0.16,0.83,2.2
2025-06-09T18:00:00Z,22.6,1.5,0.0,100.0,0.14,0.24,3.2
2025-06-09T19:00:00Z,22.7,2.3,2.6,100.0,0.16,-0.25,3.4
2025-06-09T20:00:00Z,22.8,3.16,3.6,100.0,0.18,-0.6,3.1
2025-06-09T21:00:00Z,22.8,3.8,3.6,100.0,0.2,-0.69,1.7
2025-06-09T22:00:00Z,22.3,4.72,3.3,97.0,0.2,-0.47,0.5
2025-06-09T23:00:00Z,22.2,5.02,3.1,83.0,0.2,-0.04,2.5
2025-06-10T00:00:00Z,22.2,4.76,3.5,100.0,0.2,0.42,3.6
2025-06-10T01:00:00Z,22.3,5.2,3.2,100.0,0.24,0.82,3.6
2025-06-10T02:00:00Z,22.3,5.98,2.2,100.0,0.26,1.06,2.9
2025-06-10T03:00:00Z,22.3,6.42,1.2,100.0,0.3,1.02,1.5
2025-06-10T04:00:00Z,22.3,6.12,0.3,100.0,0.36,0.67,0.4
2025-06-10T05:00:00Z,22.4,6.12,0.2,100.0,0.44,0.11,1.9
2025-06-10T06:00:00Z,22.3,6.71,0.2,100.0,0.5,-0.46,2.8
2025-06-10T07:00:00Z,22.3,7.25,0.2,100.0,0.5,-0.89,2.8
2025-06-10T08:00:00Z,22.3,6.71,0.7,100.0,0.48,-1.12,2.2
2025-06-10T09:00:00Z,22.2,6.3,1.0,100.0,0.48,-1.08,1.2
2025-06-10T10:00:00Z,22.3,4.99,1.1,100.0,0.48,-0.71,1.9
2025-06-10T11:00:00Z,22.3,5.3,1.1,100.0,0.48,-0.06,4.0
2025-06-10T12:00:00Z,22.2,6.29,1.7,100.0,0.48,0.66,5.6
2025-06-10T13:00:00Z,22.2,6.97,2.3,100.0,0.54,1.31,5.8
2025-06-10T14:00:00Z,22.1,7.7,2.4,100.0,0.58,1.8,5.0
2025-06-10T15:00:00Z,22.1,8.18,2.1,100.0,0.64,2.0,3.6
2025-06-10T16:00:00Z,22.0,7.45,1.7,100.0,0.6,1.84,1.4
2025-06-10T17:00:00Z,21.9,6.68,1.5,100.0,0.58,1.36,0.7
2025-06-10T18:00:00Z,21.8,6.4,1.2,100.0,0.54,0.74,2.5
2025-06-10T19:00:00Z,21.6,6.24,0.4,100.0,0.58,0.13,3.4
2025-06-10T20:00:00Z,21.5,6.1,0.8,100.0,0.6,-0.35,3.4
2025-06-10T21:00:00Z,21.5,6.01,1.2,100.0,0.64,-0.64,2.8
2025-06-10T22:00:00Z,21.2,5.94,1.5,95.0,0.58,-0.65,1.2
2025-06-10T23:00:00Z,21.2,6.02,1.7,100.0,0.5,-0.33,1.1
2025-06-11T00:00:00Z,21.2,6.2,2.0,96.0,0.44,0.14,2.9
2025-06-11T01:00:00Z,21.2,5.91,2.1,98.0,0.44,0.6,3.6
2025-06-11T02:00:00Z,21.2,5.84,1.9,100.0,0.44,0.93,3.1
2025-06-11T03:00:00Z,21.3,5.66,1.2,100.0,0.44,1.05,2.0
2025-06-11T04:00:00Z,21.4,5.57,0.5,100.0,0.46,0.89,0.4
2025-06-11T05:00:00Z,21.4,5.66,0.2,90.0,0.46,0.44,1.4
2025-06-11T06:00:00Z,21.6,5.75,0.1,100.0,0.48,-0.15,2.7
2025-06-11T07:00:00Z,21.6,6.29,0.6,100.0,0.5,-0.7,3.3
2025-06-11T08:00:00Z,21.7,6.92,0.7,90.0,0.5,-1.07,3.1
2025-06-11T09:00:00Z,21.6,7.08,0.6,80.0,0.52,-1.23,2.2
2025-06-11T10:00:00Z,21.2,6.92,0.8,100.0,0.54,-1.09,1.1
2025-06-11T11:00:00Z,21.1,7.31,0.9,100.0,0.54,-0.61,2.3
2025-06-11T12:00:00Z,21.1,7.35,0.3,100.0,0.56,0.12,4.5
2025-06-11T13:00:00Z,21.2,7.82,0.0,99.0,0.58,0.88,5.6
2025-06-11T14:00:00Z,21.3,7.81,0.1,100.0,0.62,1.47,5.4
2025-06-11T15:00:00Z,21.1,7.71,0.3,100.0,0.64,1.85,4.2
2025-06-11T16:00:00Z,21.0,7.58,0.3,100.0,0.6,1.91,2.2
2025-06-11T17:00:00Z,20.7,6.71,0.6,100.0,0.58,1.62,0.2
2025-06-11T18:00:00Z,20.5,5.81,0.5,100.0,0.54,1.05,2.2
2025-06-11T19:00:00Z,20.8,5.66,0.3,100.0,0.56,0.39,3.6
2025-06-11T20:00:00Z,21.0,5.86,0.2,100.0,0.56,-0.2,4.2
2025-06-11T21:00:00Z,21.3,6.45,0.2,100.0,0.58,-0.62,3.6
2025-06-11T22:00:00Z,21.3,7.47,0.0,100.0,0.56,-0.82,2.4
2025-06-11T23:00:00Z,21.3,8.33,0.0,100.0,0.56,-0.69,0.9
2025-06-12T00:00:00Z,21.4,7.88,0.0,100.0,0.54,-0.27,1.8
2025-06-12T01:00:00Z,21.6,7.86,0.0,100.0,0.6,0.25,3.4
2025-06-12T02:00:00Z,21.9,7.92,0.0,100.0,0.66,0.66,3.6
2025-06-12T03:00:00Z,22.1,7.8,0.0,99.0,0.72,0.9,2.9
2025-06-12T04:00:00Z,22.3,7.51,0.0,100.0,0.68,0.92,1.7
2025-06-12T05:00:00Z,22.5,7.22,0.4,97.0,0.66,0.66,0.4
2025-06-12T06:00:00Z,22.7,6.88,0.7,94.0,0.62,0.17,1.6
2025-06-12T07:00:00Z,22.8,6.6,0.0,89.0,0.6,-0.41,2.9
2025-06-12T08:00:00Z,23.0,6.52,0.0,91.0,0.56,-0.89,3.1
2025-06-12T09:00:00Z,23.1,7.02,0.0,93.0,0.54,-1.18,2.6
2025-06-12T10:00:00Z,22.9,6.83,0.0,89.0,0.52,-1.23,1.2
2025-06-12T11:00:00Z,23.0,7.76,0.0,76.0,0.5,-0.96,1.2
2025-06-12T12:00:00Z,23.2,8.08,0.0,69.0,0.48,-0.34,3.4
2025-06-12T13:00:00Z,23.3,7.75,0.0,37.0,0.5,0.45,5.4
2025-06-12T14:00:00Z,23.4,7.83,0.0,31.0,0.5,1.16,6.1
2025-06-12T15:00:00Z,23.6,8.07,0.0,32.0,0.52,1.68,5.3
2025-06-12T16:00:00Z,23.8,7.85,0.0,60.0,0.5,1.94,3.7
2025-06-12T17:00:00Z,23.9,7.84,0.0,96.0,0.5,1.85,1.7
2025-06-12T18:00:00Z,23.9,7.98,0.0,100.0,0.48,1.44,1.0
2025-06-12T19:00:00Z,23.8,8.13,0.0,100.0,0.52,0.83,2.8
2025-06-12T20:00:00Z,23.6,7.36,0.1,100.0,0.56,0.2,4.0
2025-06-12T21:00:00Z,23.6,6.88,0.1,100.0,0.6,-0.33,4.1
2025-06-12T22:00:00Z,23.6,6.9,0.2,100.0,0.58,-0.69,3.4
2025-06-12T23:00:00Z,23.6,7.39,0.8,100.0,0.54,-0.79,2.2
2025-06-13T00:00:00Z,23.4,6.78,1.8,100.0,0.52,-0.56,0.0
2025-06-13T01:00:00Z,23.5,6.59,2.3,100.0,0.54,-0.08,2.2
2025-06-13T02:00:00Z,23.6,6.86,2.9,100.0,0.54,0.42,3.4
2025-06-13T03:00:00Z,23.7,7.16,2.6,100.0,0.56,0.77,3.0
2025-06-13T04:00:00Z,23.9,8.13,2.8,100.0,0.54,0.92,2.0
2025-06-13T05:00:00Z,24.1,8.7,3.0,100.0,0.52,0.84,1.0
2025-06-13T06:00:00Z,24.1,8.87,2.3,100.0,0.5,0.5,1.7
2025-06-13T07:00:00Z,23.9,9.78,7.9,100.0,0.58,-0.03,2.9
2025-06-13T08:00:00Z,23.8,10.58,3.1,100.0,0.64,-0.6,3.8
2025-06-13T09:00:00Z,23.9,9.86,0.8,95.0,0.72,-1.03,3.8
2025-06-13T10:00:00Z,24.3,8.49,0.1,94.0,0.64,-1.24,2.7
2025-06-13T11:00:00Z,24.2,8.46,0.0,90.0,0.58,-1.15,1.0
2025-06-13T12:00:00Z,24.2,8.2,0.0,86.0,0.5,-0.75,1.5
2025-06-13T13:00:00Z,24.2,7.92,0.0,88.0,0.5,-0.05,3.6
2025-06-13T14:00:00Z,24.2,7.46,0.0,96.0,0.48,0.73,5.1
2025-06-13T15:00:00Z,24.1,6.6,0.0,99.0,0.48,1.35,4.9
2025-06-13T16:00:00Z,24.1,5.96,0.0,98.0,0.44,1.71,3.7
2025-06-13T17:00:00Z,24.0,5.68,0.0,90.0,0.4,1.8,1.8
2025-06-13T18:00:00Z,24.0,5.57,0.0,82.0,0.36,1.58,0.8
2025-06-13T19:00:00Z,24.0,5.33,0.0,82.0,0.34,1.1,2.4
2025-06-13T20:00:00Z,23.9,5.19,0.0,89.0,0.32,0.47,4.0
2025-06-13T21:00:00Z,23.9,5.08,0.0,78.0,0.3,-0.14,4.9
2025-06-13T22:00:00Z,24.1,4.11,0.0,65.0,0.28,-0.59,4.5
2025-06-13T23:00:00Z,24.2,3.99,0.0,54.0,0.28,-0.83,3.5
2025-06-14T00:00:00Z,24.2,3.66,0.0,76.0,0.26,-0.81,1.5
2025-06-14T01:00:00Z,24.3,3.37,0.0,84.0,0.24,-0.46,0.8
2025-06-14T02:00:00Z,24.6,3.31,0.0,98.0,0.24,0.07,2.7
2025-06-14T03:00:00Z,24.9,2.97,0.0,98.0,0.22,0.54,3.4
2025-06-14T04:00:00Z,25.3,2.39,0.0,100.0,0.2,0.81,2.7
2025-06-14T05:00:00Z,25.6,4.55,0.0,100.0,0.2,0.88,1.4
2025-06-14T06:00:00Z,25.9,5.42,0.0,87.0,0.18,0.72,0.2
2025-06-14T07:00:00Z,26.0,4.69,0.0,66.0,0.18,0.34,1.6
2025-06-14T08:00:00Z,25.5,4.07,0.0,80.0,0.2,-0.16,2.9
2025-06-14T09:00:00Z,25.2,4.69,0.0,97.0,0.2,-0.66,3.4
2025-06-14T10:00:00Z,24.9,4.49,0.2,100.0,0.2,-0.99,3.3
2025-06-14T11:00:00Z,24.8,4.66,0.8,100.0,0.18,-1.08,1.9
2025-06-14T12:00:00Z,24.6,4.73,1.1,99.0,0.18,-0.9,0.9
2025-06-14T13:00:00Z,24.5,4.7,0.9,100.0,0.22,-0.4,2.3
2025-06-14T14:00:00Z,24.2,5.19,0.1,98.0,0.24,0.34,4.3
2025-06-14T15:00:00Z,24.3,6.07,0.0,99.0,0.28,1.09,5.4
2025-06-14T16:00:00Z,24.4,6.8,1.7,100.0,0.26,1.61,4.9
2025-06-14T17:00:00Z,24.4,6.37,1.6,100.0,0.26,1.86,3.3
2025-06-14T18:00:00Z,24.2,6.42,1.6,98.0,0.24,1.85,1.3
2025-06-14T19:00:00Z,24.0,6.44,0.1,100.0,0.26,1.55,0.9
2025-06-14T20:00:00Z,23.8,6.35,0.4,100.0,0.28,1.02,2.5
2025-06-14T21:00:00Z,23.9,5.93,0.5,100.0,0.3,0.38,4.0
2025-06-14T22:00:00Z,24.2,5.16,0.4,100.0,0.28,-0.2,4.3
2025-06-14T23:00:00Z,24.3,5.8,0.4,100.0,0.24,-0.58,3.8
2025-06-15T00:00:00Z,24.4,7.22,1.4,100.0,0.22,-0.74,2.5
2025-06-15T01:00:00Z,24.5,8.29,3.5,100.0,0.3,-0.62,0.7
2025-06-15T02:00:00Z,24.5,6.86,3.0,100.0,0.38,-0.23,1.3
2025-06-15T03:00:00Z,24.6,6.62,1.0,100.0,0.46,0.27,2.8
2025-06-15T04:00:00Z,24.8,6.42,1.0,100.0,0.38,0.64,3.0
2025-06-15T05:00:00Z,24.8,6.68,0.4,100.0,0.32,0.8,2.2
2025-06-15T06:00:00Z,24.9,6.26,0.0,97.0,0.24,0.75,1.0
2025-06-15T07:00:00Z,25.0,5.66,4.4,100.0,0.3,0.51,1.4
2025-06-15T08:00:00Z,25.2,5.64,4.7,100.0,0.36,0.09,2.4
2025-06-15T09:00:00Z,25.2,4.08,2.5,100.0,0.42,-0.43,3.4
2025-06-15T10:00:00Z,24.7,4.52,4.3,100.0,0.36,-0.88,3.6
2025-06-15T11:00:00Z,24.7,4.03,4.1,100.0,0.32,-1.13,3.1
2025-06-15T12:00:00Z,24.7,4.96,2.2,100.0,0.26,-1.14,1.7
2025-06-15T13:00:00Z,24.6,5.93,0.3,100.0,0.3,-0.87,0.5
2025-06-15T14:00:00Z,24.4,6.15,0.1,100.0,0.32,-0.3,2.3
2025-06-15T15:00:00Z,24.3,4.46,0.2,100.0,0.36,0.43,4.2
2025-06-15T16:00:00Z,24.0,3.83,1.2,98.0,0.3,1.08,4.7
2025-06-15T17:00:00Z,23.6,4.66,2.9,100.0,0.26,1.5,3.9
2025-06-15T18:00:00Z,22.9,6.01,5.0,100.0,0.2,1.67,2.2
2025-06-15T19:00:00Z,22.4,4.6,7.7,100.0,0.3,1.57,0.9
2025-06-15T20:00:00Z,22.6,2.65,4.0,100.0,0.4,1.22,2.2
2025-06-15T21:00:00Z,22.8,2.94,1.6,100.0,0.5,0.68,3.6
2025-06-15T22:00:00Z,23.2,5.05,0.4,99.0,0.5,0.07,4.9
2025-06-15T23:00:00Z,23.3,6.26,0.0,83.0,0.5,-0.43,4.9
2025-06-16T00:00:00Z,23.4,6.47,0.0,97.0,0.5,-0.67,4.1
2025-06-16T01:00:00Z,23.7,6.99,0.0,56.0,0.48,-0.76,2.5
2025-06-16T02:00:00Z,24.2,6.99,0.0,90.0,0.46,-0.58,0.7
2025-06-16T03:00:00Z,24.5,6.78,0.0,81.0,0.44,-0.17,1.0
2025-06-16T04:00:00Z,24.8,6.14,0.0,22.0,0.4,0.29,2.1
2025-06-16T05:00:00Z,25.0,5.57,0.0,3.0,0.38,0.58,2.0
2025-06-16T06:00:00Z,25.2,5.04,0.0,5.0,0.34,0.67,1.2
2025-06-16T07:00:00Z,25.1,4.9,0.0,10.0,0.32,0.59,1.4
2025-06-16T08:00:00Z,25.0,5.41,0.0,70.0,0.32,0.35,2.4
2025-06-16T09:00:00Z,24.8,6.52,0.0,79.0,0.3,-0.03,3.3
2025-06-16T10:00:00Z,24.8,7.33,0.0,23.0,0.32,-0.47,3.8
2025-06-16T11:00:00Z,24.7,8.15,0.0,66.0,0.34,-0.82,3.6
2025-06-16T12:00:00Z,24.7,8.13,0.0,99.0,0.36,-0.97,2.7
2025-06-16T13:00:00Z,24.9,7.97,0.0,98.0,0.4,-0.89,1.1
2025-06-16T14:00:00Z,25.1,7.5,0.0,93.0,0.46,-0.57,0.6
2025-06-16T15:00:00Z,25.2,7.02,0.0,98.0,0.5,0.01,2.4
2025-06-16T16:00:00Z,25.3,6.59,0.0,98.0,0.44,0.69,3.7
2025-06-16T17:00:00Z,25.4,6.1,0.0,99.0,0.4,1.22,3.6
2025-06-16T18:00:00Z,25.4,5.56,0.0,99.0,0.34,1.51,2.4
2025-06-16T19:00:00Z,25.4,5.32,0.0,100.0,0.32,1.57,0.9
2025-06-16T20:00:00Z,25.4,5.22,0.0,100.0,0.3,1.41,1.9
2025-06-16T21:00:00Z,25.4,5.12,0.0,100.0,0.28,1.02,3.5
2025-06-16T22:00:00Z,25.6,5.33,0.0,100.0,0.26,0.47,4.9
2025-06-16T23:00:00Z,25.4,5.06,0.0,96.0,0.26,-0.09,5.4
2025-06-17T00:00:00Z,25.2,4.56,0.0,97.0,0.24,-0.52,5.2
2025-06-17T01:00:00Z,25.2,3.97,0.0,89.0,0.22,-0.74,4.0
2025-06-17T02:00:00Z,25.4,3.92,0.0,10.0,0.22,-0.75,2.2
2025-06-17T03:00:00Z,25.7,3.76,0.0,0.0,0.2,-0.5,0.4
2025-06-17T04:00:00Z,26.1,3.37,0.0,0.0,0.18,-0.05,1.6
2025-06-17T05:00:00Z,26.4,3.1,0.0,1.0,0.14,0.4,2.7
2025-06-17T06:00:00Z,26.3,3.43,0.0,2.0,0.12,0.66,2.2
2025-06-17T07:00:00Z,25.9,4.14,0.0,1.0,0.12,0.74,1.2
2025-06-17T08:00:00Z,25.4,4.73,0.0,3.0,0.12,0.66,0.4
2025-06-17T09:00:00Z,25.0,5.73,0.0,42.0,0.12,0.42,1.3
2025-06-17T10:00:00Z,25.4,5.75,0.0,31.0,0.12,0.02,2.5
2025-06-17T11:00:00Z,25.3,5.78,0.0,51.0,0.14,-0.41,3.2
2025-06-17T12:00:00Z,25.1,6.64,0.0,53.0,0.14,-0.73,3.3
2025-06-17T13:00:00Z,25.0,7.62,0.0,42.0,0.26,-0.83,2.2
2025-06-17T14:00:00Z,24.8,7.1,0.0,12.0,0.36,-0.72,0.8
2025-06-17T15:00:00Z,24.6,6.53,0.0,3.0,0.48,-0.37,1.0
2025-06-17T16:00:00Z,24.5,6.42,0.0,4.0,0.42,0.18,2.5
2025-06-17T17:00:00Z,24.5,6.71,0.0,4.0,0.38,0.78,3.4
2025-06-17T18:00:00Z,24.4,6.6,0.0,4.0,0.32,1.22,3.3
2025-06-17T19:00:00Z,24.3,6.43,0.0,2.0,0.3,1.42,2.1
2025-06-17T20:00:00Z,24.3,6.37,0.0,6.0,0.28,1.41,0.8
2025-06-17T21:00:00Z,24.2,6.08,0.0,62.0,0.26,1.2,1.5
2025-06-17T22:00:00Z,24.5,5.41,0.0,78.0,0.24,0.8,2.7
2025-06-17T23:00:00Z,24.6,5.48,0.0,98.0,0.22,0.26,4.0
2025-06-18T00:00:00Z,24.6,6.1,0.0,94.0,0.2,-0.25,4.3
2025-06-18T01:00:00Z,24.8,7.01,0.0,92.0,0.22,-0.63,3.8
2025-06-18T02:00:00Z,25.0,7.52,0.0,95.0,0.26,-0.8,2.5
2025-06-18T03:00:00Z,25.4,7.38,0.0,87.0,0.28,-0.76,1.0
2025-06-18T04:00:00Z,25.7,6.88,0.0,84.0,0.26,-0.46,0.9
2025-06-18T05:00:00Z,25.9,6.95,0.0,69.0,0.26,0.0,2.5
2025-06-18T06:00:00Z,26.0,7.61,0.0,55.0,0.24,0.43,3.5
2025-06-18T07:00:00Z,25.9,8.25,0.0,2.0,0.3,0.68,3.0
2025-06-18T08:00:00Z,25.9,8.74,0.0,5.0,0.36,0.76,1.9
2025-06-18T09:00:00Z,25.7,8.89,0.0,12.0,0.42,0.69,1.1
2025-06-18T10:00:00Z,26.3,7.1,0.0,65.0,0.46,0.44,1.5
2025-06-18T11:00:00Z,26.2,7.26,0.0,97.0,0.48,0.05,2.6
2025-06-18T12:00:00Z,26.2,7.67,0.0,100.0,0.52,-0.35,3.1
2025-06-18T13:00:00Z,26.1,8.63,0.0,100.0,0.56,-0.65,3.1
2025-06-18T14:00:00Z,26.0,9.11,0.0,99.0,0.62,-0.74,2.0
2025-06-18T15:00:00Z,25.9,8.95,0.0,98.0,0.66,-0.63,0.7
2025-06-18T16:00:00Z,25.9,8.25,0.0,100.0,0.62,-0.32,0.9
2025-06-18T17:00:00Z,25.8,7.9,0.0,100.0,0.58,0.19,2.6
2025-06-18T18:00:00Z,25.7,8.17,0.0,100.0,0.54,0.72,3.6
2025-06-18T19:00:00Z,25.6,8.54,0.0,100.0,0.58,1.08,3.5
2025-06-18T20:00:00Z,25.6,9.06,0.0,100.0,0.62,1.24,2.4
2025-06-18T21:00:00Z,25.6,9.3,0.0,100.0,0.66,1.21,1.5
2025-06-18T22:00:00Z,25.8,9.05,0.0,100.0,0.66,0.98,1.9
2025-06-18T23:00:00Z,25.9,8.85,0.0,98.0,0.66,0.56,2.9
2025-06-19T00:00:00Z,26.0,8.65,0.0,97.0,0.66,0.04,4.0
2025-06-19T01:00:00Z,26.1,8.45,0.0,98.0,0.58,-0.45,4.5
2025-06-19T02:00:00Z,26.4,8.01,0.0,100.0,0.52,-0.78,4.0
2025-06-19T03:00:00Z,26.5,7.67,0.0,100.0,0.44,-0.92,2.9
2025-06-19T04:00:00Z,26.7,7.76,0.0,100.0,0.38,-0.84,1.5
2025-06-19T05:00:00Z,26.8,8.13,0.0,100.0,0.3,-0.52,0.6
2025-06-19T06:00:00Z,26.8,8.4,0.0,100.0,0.24,-0.05,2.2
2025-06-19T07:00:00Z,26.7,8.89,0.0,96.0,0.32,0.38,3.1
2025-06-19T08:00:00Z,26.6,10.04,0.0,99.0,0.4,0.64,2.7
2025-06-19T09:00:00Z,26.5,10.32,0.0,97.0,0.48,0.76,2.0
2025-06-19T10:00:00Z,26.4,9.36,0.0,98.0,0.56,0.72,1.5
2025-06-19T11:00:00Z,26.4,9.74,0.0,95.0,0.66,0.51,1.5
2025-06-19T12:00:00Z,26.4,9.75,0.0,100.0,0.74,0.17,2.4
2025-06-19T13:00:00Z,26.2,10.43,0.0,100.0,0.78,-0.2,3.1
2025-06-19T14:00:00Z,26.1,10.54,0.0,100.0,0.8,-0.46,2.9
2025-06-19T15:00:00Z,26.0,10.58,0.0,100.0,0.84,-0.56,2.4
2025-06-19T16:00:00Z,25.9,10.93,0.0,100.0,0.86,-0.5,1.3
2025-06-19T17:00:00Z,25.8,11.23,0.0,100.0,0.9,-0.24,0.4
2025-06-19T18:00:00Z,25.8,11.16,0.0,100.0,0.92,0.2,1.6
2025-06-19T19:00:00Z,25.8,10.95,0.0,100.0,0.9,0.65,2.6
2025-06-19T20:00:00Z,25.7,10.55,0.0,100.0,0.86,0.95,2.5
2025-06-19T21:00:00Z,25.7,10.25,0.0,100.0,0.84,1.09,1.7
2025-06-19T22:00:00Z,25.9,9.55,0.0,100.0,0.8,1.06,1.3
2025-06-19T23:00:00Z,26.0,9.7,0.1,100.0,0.78,0.85,1.9
2025-06-20T00:00:00Z,26.0,10.15,0.2,100.0,0.74,0.43,3.0
2025-06-20T01:00:00Z,26.0,9.51,0.2,100.0,0.72,-0.1,4.0
2025-06-20T02:00:00Z,26.1,9.42,0.1,100.0,0.68,-0.57,4.3
2025-06-20T03:00:00Z,26.2,9.01,0.0,100.0,0.66,-0.88,3.6
2025-06-20T04:00:00Z,26.4,8.8,0.0,100.0,0.64,-1.0,2.5
2025-06-20T05:00:00Z,26.5,9.17,0.0,100.0,0.6,-0.91,1.0
2025-06-20T06:00:00Z,26.6,9.61,0.0,100.0,0.58,-0.57,1.0
2025-06-20T07:00:00Z,26.5,9.94,0.0,100.0,0.64,-0.07,2.7
2025-06-20T08:00:00Z,26.5,9.86,0.0,100.0,0.72,0.39,3.5
2025-06-20T09:00:00Z,26.4,10.01,0.0,100.0,0.78,0.72,3.1
2025-06-20T10:00:00Z,26.6,9.24,0.0,100.0,0.78,0.91,2.3
2025-06-20T11:00:00Z,26.4,9.3,0.0,100.0,0.78,0.92,1.5
2025-06-20T12:00:00Z,26.4,9.38,0.0,100.0,0.78,0.73,1.0
2025-06-20T13:00:00Z,26.4,9.26,0.0,100.0,0.76,0.38,1.9
2025-06-20T14:00:00Z,26.4,9.24,0.0,100.0,0.74,-0.02,2.7
2025-06-20T15:00:00Z,26.3,9.31,0.0,100.0,0.72,-0.33,2.7
2025-06-20T16:00:00Z,26.1,9.1,0.0,100.0,0.7,-0.51,2.2
2025-06-20T17:00:00Z,26.0,8.96,0.0,100.0,0.66,-0.5,1.3
2025-06-20T18:00:00Z,26.0,9.0,0.0,100.0,0.64,-0.3,0.4
2025-06-20T19:00:00Z,25.9,9.12,0.0,100.0,0.64,0.1,1.8
2025-06-20T20:00:00Z,25.9,9.01,0.0,100.0,0.64,0.54,2.8
2025-06-20T21:00:00Z,25.9,8.45,0.0,100.0,0.64,0.85,2.9
2025-06-20T22:00:00Z,26.1,7.98,0.0,100.0,0.6,1.03,2.1
2025-06-20T23:00:00Z,26.1,8.38,0.0,100.0,0.54,1.06,1.3
2025-06-21T00:00:00Z,26.2,8.07,0.0,100.0,0.5,0.88,1.2
2025-06-21T01:00:00Z,26.3,7.97,0.0,100.0,0.48,0.47,2.3
2025-06-21T02:00:00Z,26.4,8.04,0.0,100.0,0.48,-0.05,3.2
2025-06-21T03:00:00Z,26.6,8.13,0.0,100.0,0.46,-0.52,3.6
2025-06-21T04:00:00Z,26.7,7.97,0.0,100.0,0.44,-0.84,3.1
2025-06-21T05:00:00Z,26.9,7.57,0.0,100.0,0.42,-0.98,2.2
2025-06-21T06:00:00Z,26.9,6.67,0.0,100.0,0.4,-0.86,0.7
2025-06-21T07:00:00Z,26.8,5.7,0.0,100.0,0.36,-0.48,1.3
2025-06-21T08:00:00Z,26.1,3.93,2.7,100.0,0.32,0.06,3.1
2025-06-21T09:00:00Z,25.7,2.21,2.3,100.0,0.28,0.58,4.0
2025-06-21T10:00:00Z,25.1,2.82,0.1,100.0,0.26,0.99,3.8
2025-06-21T11:00:00Z,25.0,2.35,1.4,100.0,0.22,1.27,2.9
2025-06-21T12:00:00Z,24.9,2.46,1.6,100.0,0.2,1.37,1.8
2025-06-21T13:00:00Z,24.8,3.75,0.2,100.0,0.22,1.19,0.6
2025-06-21T14:00:00Z,24.8,5.2,0.0,100.0,0.24,0.79,1.3
2025-06-21T15:00:00Z,24.7,4.62,0.0,100.0,0.26,0.33,2.4
2025-06-21T16:00:00Z,24.6,4.47,0.0,100.0,0.28,-0.05,2.7
2025-06-21T17:00:00Z,24.5,4.79,0.0,100.0,0.32,-0.3,2.5
2025-06-21T18:00:00Z,24.3,5.35,0.0,100.0,0.34,-0.39,1.9
2025-06-21T19:00:00Z,24.1,5.01,0.3,100.0,0.36,-0.25,1.5
2025-06-21T20:00:00Z,24.1,4.54,0.2,100.0,0.4,0.11,2.1
2025-06-21T21:00:00Z,24.0,4.54,0.1,100.0,0.42,0.52,3.0
2025-06-21T22:00:00Z,23.5,3.82,0.0,100.0,0.4,0.85,3.1
2025-06-21T23:00:00Z,23.6,3.71,0.1,100.0,0.38,1.05,2.4
2025-06-22T00:00:00Z,23.6,4.7,0.3,100.0,0.36,1.1,1.5
2025-06-22T01:00:00Z,23.6,6.25,0.4,100.0,0.38,0.9,0.6
2025-06-22T02:00:00Z,23.6,6.73,0.2,100.0,0.4,0.46,1.5
2025-06-22T03:00:00Z,23.6,6.79,0.1,99.0,0.42,-0.09,2.5
2025-06-22T04:00:00Z,23.6,6.67,0.1,100.0,0.44,-0.58,2.7
2025-06-22T05:00:00Z,23.6,6.32,0.5,98.0,0.44,-0.9,2.3
2025-06-22T06:00:00Z,23.6,6.4,1.0,100.0,0.46,-1.04,1.4
2025-06-22T07:00:00Z,23.6,6.08,1.3,100.0,0.44,-0.91,1.2
2025-06-22T08:00:00Z,23.8,5.27,1.6,98.0,0.44,-0.49,3.0
2025-06-22T09:00:00Z,24.0,5.58,3.2,99.0,0.42,0.12,4.7
2025-06-22T10:00:00Z,23.5,5.43,2.3,100.0,0.38,0.73,5.6
2025-06-22T11:00:00Z,23.5,6.64,1.9,100.0,0.36,1.25,5.2
2025-06-22T12:00:00Z,23.5,7.1,1.8,100.0,0.32,1.6,4.3
2025-06-22T13:00:00Z,23.6,6.51,1.7,100.0,0.3,1.69,2.9
2025-06-22T14:00:00Z,23.7,5.2,2.1,100.0,0.28,1.45,1.1
2025-06-22T15:00:00Z,23.7,4.9,1.2,100.0,0.26,0.98,0.9
2025-06-22T16:00:00Z,23.5,5.32,0.7,100.0,0.24,0.45,1.9
2025-06-22T17:00:00Z,23.3,5.25,0.4,100.0,0.22,-0.02,2.3
2025-06-22T18:00:00Z,23.2,5.24,0.5,100.0,0.2,-0.37,2.1
2025-06-22T19:00:00Z,23.2,5.77,2.0,100.0,0.22,-0.54,1.3
2025-06-22T20:00:00Z,23.4,6.75,2.6,100.0,0.24,-0.41,0.9
2025-06-22T21:00:00Z,23.5,7.47,2.9,100.0,0.26,-0.04,2.5
2025-06-22T22:00:00Z,24.6,5.07,2.8,100.0,0.24,0.42,4.0
2025-06-22T23:00:00Z,24.8,4.97,2.4,99.0,0.22,0.82,4.0
2025-06-23T00:00:00Z,25.0,4.71,1.1,100.0,0.2,1.08,3.1
2025-06-23T01:00:00Z,25.2,5.2,0.5,99.0,0.28,1.15,1.8
2025-06-23T02:00:00Z,25.0,5.79,0.2,97.0,0.38,0.92,0.2
2025-06-23T03:00:00Z,24.5,6.31,0.2,96.0,0.46,0.44,1.9
2025-06-23T04:00:00Z,24.3,6.69,0.1,95.0,0.52,-0.14,3.2
2025-06-23T05:00:00Z,24.2,6.61,0.0,85.0,0.58,-0.66,3.7
2025-06-23T06:00:00Z,24.0,6.52,0.3,59.0,0.64,-1.02,3.4
2025-06-23T07:00:00Z,23.8,6.43,0.0,70.0,0.58,-1.16,2.5
2025-06-23T08:00:00Z,23.8,6.04,0.2,90.0,0.52,-1.01,1.5
2025-06-23T09:00:00Z,23.7,6.46,1.2,85.0,0.46,-0.51,2.7
2025-06-23T10:00:00Z,23.6,5.81,1.5,100.0,0.46,0.17,4.8
2025-06-23T11:00:00Z,23.2,5.81,4.5,99.0,0.46,0.87,5.8
2025-06-23T12:00:00Z,23.0,5.25,3.5,100.0,0.46,1.47,5.6
2025-06-23T13:00:00Z,22.9,4.37,3.8,100.0,0.42,1.87,4.7
2025-06-23T14:00:00Z,22.9,3.55,1.2,100.0,0.38,1.95,2.9
2025-06-23T15:00:00Z,22.9,3.4,0.1,100.0,0.34,1.68,1.3
2025-06-23T16:00:00Z,22.9,2.97,0.0,97.0,0.3,1.17,1.5
2025-06-23T17:00:00Z,22.9,2.5,0.0,99.0,0.28,0.59,2.6
2025-06-23T18:00:00Z,22.8,2.23,0.1,99.0,0.24,0.06,3.1
2025-06-23T19:00:00Z,22.7,1.56,2.4,96.0,0.22,-0.35,3.0
2025-06-23T20:00:00Z,22.7,1.48,2.1,100.0,0.2,-0.56,2.2
2025-06-23T21:00:00Z,22.6,2.11,1.3,100.0,0.18,-0.46,1.3
2025-06-23T22:00:00Z,22.7,2.3,0.8,100.0,0.16,-0.1,2.5
2025-06-23T23:00:00Z,22.6,3.86,0.8,100.0,0.12,0.36,3.8
2025-06-24T00:00:00Z,22.6,5.05,0.6,100.0,0.1,0.79,4.2
2025-06-24T01:00:00Z,22.8,4.89,0.2,100.0,0.18,1.09,3.6
2025-06-24T02:00:00Z,23.0,4.3,0.0,100.0,0.24,1.14,2.2
2025-06-24T03:00:00Z,23.2,3.85,0.0,100.0,0.32,0.88,0.8
2025-06-24T04:00:00Z,23.4,3.91,0.0,96.0,0.32,0.37,1.5
2025-06-24T05:00:00Z,23.6,4.0,0.0,64.0,0.32,-0.22,2.6
2025-06-24T06:00:00Z,24.0,3.92,0.0,66.0,0.32,-0.73,3.0
2025-06-24T07:00:00Z,24.3,3.28,0.4,63.0,0.28,-1.07,2.7
2025-06-24T08:00:00Z,24.5,2.65,0.6,82.0,0.26,-1.19,1.8
2025-06-24T09:00:00Z,24.5,2.66,0.4,67.0,0.22,-0.99,1.9
2025-06-24T10:00:00Z,23.3,3.05,0.2,70.0,0.24,-0.42,3.8
2025-06-24T11:00:00Z,23.2,3.3,0.1,74.0,0.28,0.35,5.8
2025-06-24T12:00:00Z,23.1,3.75,0.0,77.0,0.3,1.11,6.7
2025-06-24T13:00:00Z,23.1,4.04,0.0,79.0,0.3,1.76,6.3
2025-06-24T14:00:00Z,23.0,3.92,0.0,28.0,0.28,2.16,5.0
2025-06-24T15:00:00Z,22.8,3.65,0.0,37.0,0.28,2.18,3.1
2025-06-24T16:00:00Z,22.7,3.18,0.0,47.0,0.24,1.83,0.7
2025-06-24T17:00:00Z,22.7,2.89,0.0,89.0,0.22,1.23,1.5
2025-06-24T18:00:00Z,22.6,2.83,0.0,97.0,0.18,0.56,2.9
2025-06-24T19:00:00Z,22.6,2.13,0.0,100.0,0.16,-0.04,3.6
2025-06-24T20:00:00Z,22.6,1.98,0.0,100.0,0.16,-0.51,3.3
2025-06-24T21:00:00Z,22.6,1.8,0.0,100.0,0.14,-0.74,2.3
2025-06-24T22:00:00Z,22.6,1.5,0.0,100.0,0.12,-0.62,0.7
2025-06-24T23:00:00Z,22.7,2.69,0.1,100.0,0.1,-0.21,2.3
2025-06-25T00:00:00Z,22.8,3.53,0.0,99.0,0.08,0.32,3.8
2025-06-25T01:00:00Z,22.8,3.11,0.0,98.0,0.08,0.78,4.2
2025-06-25T02:00:00Z,22.9,2.55,0.0,97.0,0.1,1.08,3.5
2025-06-25T03:00:00Z,23.1,2.74,0.0,97.0,0.1,1.09,2.0
2025-06-25T04:00:00Z,23.3,2.61,0.0,99.0,0.08,0.77,0.3
2025-06-25T05:00:00Z,23.5,2.62,0.0,98.0,0.08,0.22,1.3
2025-06-25T06:00:00Z,23.7,3.31,0.0,99.0,0.06,-0.39,2.4
2025-06-25T07:00:00Z,23.9,3.74,0.0,96.0,0.1,-0.88,2.5
2025-06-25T08:00:00Z,23.9,4.21,0.0,94.0,0.12,-1.21,2.2
2025-06-25T09:00:00Z,23.9,4.06,0.0,92.0,0.16,-1.29,1.2
2025-06-25T10:00:00Z,24.1,4.06,0.0,94.0,0.18,-1.0,1.5
2025-06-25T11:00:00Z,24.1,3.92,0.0,94.0,0.18,-0.35,4.0
2025-06-25T12:00:00Z,24.2,4.74,0.0,87.0,0.2,0.49,5.9
2025-06-25T13:00:00Z,24.2,5.44,0.0,85.0,0.2,1.29,6.7
2025-06-25T14:00:00Z,24.3,4.85,0.0,79.0,0.18,1.93,5.8
2025-06-25T15:00:00Z,24.5,5.16,0.0,89.0,0.18,2.26,4.2
2025-06-25T16:00:00Z,24.6,5.13,0.0,99.0,0.16,2.2,1.9
2025-06-25T17:00:00Z,24.6,5.04,0.0,100.0,0.16,1.76,0.9
2025-06-25T18:00:00Z,24.6,5.32,0.0,100.0,0.14,1.11,2.7
2025-06-25T19:00:00Z,24.7,5.05,0.0,98.0,0.16,0.43,4.0
2025-06-25T20:00:00Z,24.7,5.35,0.0,99.0,0.18,-0.19,4.5
2025-06-25T21:00:00Z,24.8,5.68,0.0,98.0,0.2,-0.65,4.0
2025-06-25T22:00:00Z,25.1,5.36,0.0,100.0,0.18,-0.83,2.5
2025-06-25T23:00:00Z,25.2,4.84,0.0,99.0,0.18,-0.63,0.2
2025-06-26T00:00:00Z,25.4,4.75,0.0,99.0,0.16,-0.14,2.4
2025-06-26T01:00:00Z,25.5,4.52,0.0,99.0,0.14,0.41,3.9
2025-06-26T02:00:00Z,25.7,4.33,0.0,99.0,0.14,0.88,3.9
2025-06-26T03:00:00Z,26.0,3.01,0.0,100.0,0.12,1.16,3.1
2025-06-26T04:00:00Z,26.2,2.39,0.0,100.0,0.1,1.11,1.8
2025-06-26T05:00:00Z,26.5,2.69,0.0,100.0,0.1,0.74,0.8
2025-06-26T06:00:00Z,26.6,3.07,0.0,100.0,0.08,0.16,2.0
2025-06-26T07:00:00Z,26.7,4.0,0.0,100.0,0.1,-0.44,2.9
2025-06-26T08:00:00Z,26.5,5.28,0.0,100.0,0.12,-0.95,3.1
2025-06-26T09:00:00Z,26.4,6.48,0.0,96.0,0.14,-1.26,2.5
2025-06-26T10:00:00Z,26.8,6.22,0.0,97.0,0.18,-1.31,1.2
2025-06-26T11:00:00Z,26.8,6.41,0.0,36.0,0.2,-0.95,1.5
2025-06-26T12:00:00Z,26.7,5.82,0.0,26.0,0.24,-0.23,4.1
2025-06-26T13:00:00Z,26.7,6.71,0.0,46.0,0.24,0.63,6.0
2025-06-26T14:00:00Z,26.7,6.59,0.0,66.0,0.26,1.42,6.4
2025-06-26T15:00:00Z,26.6,5.76,0.0,82.0,0.26,2.02,5.5
2025-06-26T16:00:00Z,26.5,5.58,0.0,96.0,0.26,2.28,3.6
2025-06-26T17:00:00Z,26.3,6.23,0.0,95.0,0.28,2.13,1.5
2025-06-26T18:00:00Z,26.2,6.16,0.0,98.0,0.28,1.63,1.7
2025-06-26T19:00:00Z,26.2,5.55,0.0,96.0,0.3,0.94,3.6
2025-06-26T20:00:00Z,26.2,5.35,0.0,97.0,0.32,0.23,4.7
2025-06-26T21:00:00Z,26.1,5.55,0.0,72.0,0.34,-0.38,5.0
2025-06-26T22:00:00Z,26.1,5.31,0.0,8.0,0.3,-0.8,4.3
2025-06-26T23:00:00Z,26.1,5.32,0.0,0.0,0.26,-0.9,2.5
2025-06-27T00:00:00Z,26.2,4.92,0.0,7.0,0.22,-0.6,0.4
2025-06-27T01:00:00Z,26.4,4.62,0.0,0.0,0.2,-0.04,2.6
2025-06-27T02:00:00Z,26.6,4.42,0.0,9.0,0.18,0.51,3.6
2025-06-27T03:00:00Z,26.9,4.4,0.0,16.0,0.16,0.94,3.5
2025-06-27T04:00:00Z,27.1,4.17,0.0,15.0,0.14,1.15,2.5
2025-06-27T05:00:00Z,27.2,4.16,0.0,16.0,0.1,1.04,1.1
2025-06-27T06:00:00Z,27.3,4.91,0.0,0.0,0.08,0.62,1.7
2025-06-27T07:00:00Z,27.2,5.92,0.0,0.0,0.08,0.01,2.9
2025-06-27T08:00:00Z,27.1,5.9,0.0,3.0,0.1,-0.58,3.6
2025-06-27T09:00:00Z,27.0,5.69,0.0,8.0,0.1,-1.04,3.6
2025-06-27T10:00:00Z,26.7,3.25,0.0,31.0,0.1,-1.29,2.8
2025-06-27T11:00:00Z,26.3,3.29,0.0,25.0,0.08,-1.22,1.2
2025-06-27T12:00:00Z,26.3,5.68,0.0,84.0,0.08,-0.77,1.9
2025-06-27T13:00:00Z,26.2,4.57,0.0,88.0,0.1,0.02,4.3
2025-06-27T14:00:00Z,26.0,4.43,0.0,96.0,0.1,0.88,5.8
2025-06-27T15:00:00Z,25.8,3.25,0.0,95.0,0.12,1.62,5.8
2025-06-27T16:00:00Z,25.8,3.64,0.0,94.0,0.1,2.12,4.5
2025-06-27T17:00:00Z,25.8,4.35,0.0,96.0,0.08,2.26,2.6
2025-06-27T18:00:00Z,25.8,4.35,0.0,97.0,0.06,2.01,0.6
2025-06-27T19:00:00Z,25.8,3.92,0.0,88.0,0.08,1.45,2.2
2025-06-27T20:00:00Z,25.8,3.91,0.0,54.0,0.08,0.74,4.0
2025-06-27T21:00:00Z,25.7,4.62,0.0,18.0,0.1,0.07,4.7
2025-06-27T22:00:00Z,25.7,4.99,0.0,4.0,0.08,-0.48,4.5
2025-06-27T23:00:00Z,25.8,5.65,0.0,1.0,0.08,-0.81,3.6
2025-06-28T00:00:00Z,26.0,6.49,0.0,1.0,0.06,-0.79,1.5
2025-06-28T01:00:00Z,26.2,6.82,0.0,0.0,0.1,-0.4,1.1
2025-06-28T02:00:00Z,26.4,6.92,0.0,0.0,0.14,0.16,3.0
2025-06-28T03:00:00Z,26.6,6.91,0.0,0.0,0.18,0.67,3.8
2025-06-28T04:00:00Z,26.8,7.23,0.0,0.0,0.22,1.02,3.1
2025-06-28T05:00:00Z,26.9,7.49,0.0,0.0,0.24,1.14,2.1
2025-06-28T06:00:00Z,27.0,7.88,0.0,0.0,0.28,0.94,1.1
2025-06-28T07:00:00Z,26.9,8.1,0.0,0.0,0.34,0.49,1.9
2025-06-28T08:00:00Z,26.8,8.29,0.0,3.0,0.4,-0.1,3.1
2025-06-28T09:00:00Z,26.8,8.54,0.0,1.0,0.46,-0.65,3.8
2025-06-28T10:00:00Z,27.1,8.84,0.0,2.0,0.5,-1.04,3.4
2025-06-28T11:00:00Z,27.0,8.4,0.0,4.0,0.52,-1.2,2.4
2025-06-28T12:00:00Z,27.0,7.17,0.0,2.0,0.56,-1.03,0.6
2025-06-28T13:00:00Z,26.8,5.87,0.0,2.0,0.48,-0.48,2.2
2025-06-28T14:00:00Z,26.7,5.91,0.0,0.0,0.42,0.31,4.5
2025-06-28T15:00:00Z,26.6,6.3,0.0,0.0,0.34,1.09,5.6
2025-06-28T16:00:00Z,26.5,7.18,0.0,0.0,0.34,1.71,5.3
2025-06-28T17:00:00Z,26.5,7.82,0.0,0.0,0.34,2.08,3.9
2025-06-28T18:00:00Z,26.4,7.95,0.0,0.0,0.34,2.1,2.1
2025-06-28T19:00:00Z,26.3,7.67,0.0,0.0,0.38,1.76,1.5
2025-06-28T20:00:00Z,26.3,7.32,0.0,0.0,0.42,1.16,3.2
2025-06-28T21:00:00Z,26.2,7.0,0.0,0.0,0.46,0.47,4.5
2025-06-28T22:00:00Z,26.3,6.75,0.0,6.0,0.42,-0.16,5.1
2025-06-28T23:00:00Z,26.3,6.57,0.0,7.0,0.38,-0.62,4.5
2025-06-29T00:00:00Z,26.4,6.69,0.0,0.0,0.34,-0.82,3.2
2025-06-29T01:00:00Z,26.6,7.02,0.0,12.0,0.34,-0.67,1.1
2025-06-29T02:00:00Z,26.7,7.04,0.0,24.0,0.34,-0.21,1.5
2025-06-29T03:00:00Z,26.9,6.8,0.0,58.0,0.34,0.32,3.1
2025-06-29T04:00:00Z,26.9,6.9,0.0,46.0,0.36,0.74,3.3
2025-06-29T05:00:00Z,26.8,7.37,0.0,48.0,0.36,1.0,2.7
2025-06-29T06:00:00Z,26.8,7.81,0.0,21.0,0.38,1.02,1.9
2025-06-29T07:00:00Z,26.8,8.21,0.0,68.0,0.42,0.76,1.9
2025-06-29T08:00:00Z,26.8,8.96,0.0,65.0,0.48,0.28,3.1
2025-06-29T09:00:00Z,26.8,9.78,0.0,70.0,0.52,-0.29,4.0
2025-06-29T10:00:00Z,27.2,9.48,0.0,74.0,0.56,-0.77,4.3
2025-06-29T11:00:00Z,27.1,9.89,0.0,90.0,0.6,-1.06,3.6
2025-06-29T12:00:00Z,27.1,9.73,0.0,100.0,0.64,-1.11,2.3
2025-06-29T13:00:00Z,27.1,8.91,0.0,100.0,0.62,-0.84,0.4
2025-06-29T14:00:00Z,27.1,8.42,0.0,100.0,0.62,-0.23,2.0
2025-06-29T15:00:00Z,27.0,7.44,0.0,100.0,0.6,0.52,3.8
2025-06-29T16:00:00Z,26.9,7.5,0.0,99.0,0.56,1.2,4.4
2025-06-29T17:00:00Z,26.8,7.09,0.0,97.0,0.52,1.67,3.6
2025-06-29T18:00:00Z,26.8,7.24,0.0,94.0,0.48,1.92,2.1
2025-06-29T19:00:00Z,26.7,7.39,0.0,94.0,0.46,1.84,1.3
2025-06-29T20:00:00Z,26.7,7.25,0.0,95.0,0.44,1.43,2.4
2025-06-29T21:00:00Z,26.7,7.13,0.0,92.0,0.42,0.82,4.2
2025-06-29T22:00:00Z,26.7,6.22,0.0,55.0,0.38,0.17,5.1
2025-06-29T23:00:00Z,26.8,6.47,0.0,22.0,0.32,-0.36,5.2
2025-06-30T00:00:00Z,26.9,6.87,0.0,22.0,0.28,-0.7,4.3
2025-06-30T01:00:00Z,27.1,6.74,0.0,26.0,0.28,-0.77,2.7
2025-06-30T02:00:00Z,27.2,6.56,0.0,23.0,0.3,-0.54,0.6
2025-06-30T03:00:00Z,27.4,6.54,0.0,30.0,0.3,-0.07,1.7
2025-06-30T04:00:00Z,27.4,6.89,0.0,32.0,0.3,0.42,2.8
2025-06-30T05:00:00Z,27.5,7.2,0.0,36.0,0.3,0.78,2.7
2025-06-30T06:00:00Z,27.5,7.31,0.0,13.0,0.3,0.97,2.2
2025-06-30T07:00:00Z,27.4,7.27,0.0,8.0,0.32,0.96,1.6
2025-06-30T08:00:00Z,27.4,7.45,0.0,10.0,0.34,0.68,2.0
2025-06-30T09:00:00Z,27.4,7.66,0.0,11.0,0.36,0.21,3.0
2025-06-30T10:00:00Z,27.7,8.02,0.0,18.0,0.38,-0.31,3.8
2025-06-30T11:00:00Z,27.6,8.67,0.0,48.0,0.38,-0.71,3.8
2025-06-30T12:00:00Z,27.6,9.22,0.0,61.0,0.4,-0.91,2.9
2025-06-30T13:00:00Z,27.6,9.5,0.0,84.0,0.46,-0.87,1.5
2025-06-30T14:00:00Z,27.6,9.33,0.0,98.0,0.54,-0.53,0.5
2025-06-30T15:00:00Z,27.5,9.04,0.0,100.0,0.6,0.07,2.5
2025-06-30T16:00:00Z,27.5,9.18,0.0,99.0,0.62,0.74,3.8
2025-06-30T17:00:00Z,27.4,8.95,0.0,76.0,0.64,1.26,3.9
2025-06-30T18:00:00Z,27.4,8.64,0.0,26.0,0.66,1.6,2.9
2025-06-30T19:00:00Z,27.3,8.12,0.0,41.0,0.62,1.71,1.8
2025-06-30T20:00:00Z,27.3,7.65,0.0,38.0,0.6,1.53,1.4
2025-06-30T21:00:00Z,27.3,7.14,0.0,39.0,0.56,1.09,2.7
2025-06-30T22:00:00Z,27.3,6.54,0.0,38.0,0.5,0.49,4.0
2025-06-30T23:00:00Z,27.3,6.57,0.0,48.0,0.42,-0.1,4.7
2025-07-01T00:00:00Z,27.4,6.64,0.0,51.0,0.36,-0.53,4.3
2025-07-01T01:00:00Z,27.5,6.72,0.0,49.0,0.32,-0.75,3.2
2025-07-01T02:00:00Z,27.7,6.92,0.0,41.0,0.3,-0.72,1.5
2025-07-01T03:00:00Z,27.8,6.77,0.0,32.0,0.26,-0.4,0.8
2025-07-01T04:00:00Z,28.0,6.71,0.0,32.0,0.28,0.07,2.3
2025-07-01T05:00:00Z,28.1,7.0,0.0,25.0,0.28,0.49,3.1
2025-07-01T06:00:00Z,28.1,7.68,0.0,22.0,0.3,0.77,2.9
2025-07-01T07:00:00Z,28.1,8.16,0.0,43.0,0.38,0.91,2.3
2025-07-01T08:00:00Z,28.0,8.18,0.0,73.0,0.48,0.85,1.5
2025-07-01T09:00:00Z,27.9,8.22,0.0,83.0,0.56,0.57,1.7
2025-07-01T10:00:00Z,27.8,8.08,0.0,71.0,0.58,0.12,2.6
2025-07-01T11:00:00Z,27.6,8.52,0.0,30.0,0.58,-0.33,3.2
2025-07-01T12:00:00Z,27.6,8.91,0.0,0.0,0.6,-0.64,3.1
2025-07-01T13:00:00Z,27.6,8.7,0.0,0.0,0.6,-0.75,2.0
2025-07-01T14:00:00Z,27.5,8.56,0.0,2.0,0.58,-0.64,0.7
2025-07-01T15:00:00Z,27.5,8.2,0.0,47.0,0.58,-0.27,0.9
2025-07-01T16:00:00Z,27.4,8.43,0.0,71.0,0.56,0.29,2.5
2025-07-01T17:00:00Z,27.4,8.3,0.0,91.0,0.56,0.82,3.5
2025-07-01T18:00:00Z,27.3,7.57,0.0,100.0,0.54,1.21,3.2
2025-07-01T19:00:00Z,27.2,7.29,0.0,100.0,0.5,1.41,2.3
2025-07-01T20:00:00Z,27.1,7.21,0.0,97.0,0.48,1.43,1.4
2025-07-01T21:00:00Z,27.0,6.88,0.0,98.0,0.44,1.19,1.5
2025-07-01T22:00:00Z,27.1,6.21,0.0,94.0,0.4,0.72,3.0
2025-07-01T23:00:00Z,27.1,6.31,0.0,94.0,0.36,0.16,4.0
2025-07-02T00:00:00Z,27.1,6.34,0.0,92.0,0.32,-0.34,4.1
2025-07-02T01:00:00Z,27.2,6.62,0.0,95.0,0.32,-0.65,3.4
2025-07-02T02:00:00Z,27.4,7.0,0.0,93.0,0.3,-0.77,2.3
2025-07-02T03:00:00Z,27.6,7.25,0.0,99.0,0.3,-0.65,0.7
2025-07-02T04:00:00Z,27.7,7.39,0.0,98.0,0.32,-0.3,1.2
2025-07-02T05:00:00Z,27.8,7.22,0.0,96.0,0.34,0.14,2.5
2025-07-02T06:00:00Z,27.9,7.21,0.0,99.0,0.36,0.51,3.0
2025-07-02T07:00:00Z,27.8,7.41,0.0,91.0,0.38,0.76,2.7
2025-07-02T08:00:00Z,27.7,7.32,0.0,95.0,0.4,0.88,2.0
2025-07-02T09:00:00Z,27.7,7.51,0.0,97.0,0.42,0.82,1.3
2025-07-02T10:00:00Z,27.9,7.43,0.0,96.0,0.42,0.55,1.5
2025-07-02T11:00:00Z,27.8,8.61,0.0,89.0,0.44,0.15,2.4
2025-07-02T12:00:00Z,27.8,8.82,0.0,94.0,0.44,-0.22,2.7
2025-07-02T13:00:00Z,27.9,8.98,0.0,93.0,0.46,-0.45,2.5
2025-07-02T14:00:00Z,27.8,8.88,0.0,93.0,0.48,-0.51,1.6
2025-07-02T15:00:00Z,27.7,8.82,0.0,51.0,0.5,-0.38,0.4
2025-07-02T16:00:00Z,27.6,8.41,0.0,43.0,0.48,-0.04,0.9
2025-07-02T17:00:00Z,27.4,8.12,0.0,60.0,0.46,0.42,2.2
2025-07-02T18:00:00Z,27.2,7.57,0.0,52.0,0.44,0.83,2.8
2025-07-02T19:00:00Z,27.1,7.4,0.0,46.0,0.44,1.09,2.4
2025-07-02T20:00:00Z,27.1,7.18,0.0,39.0,0.42,1.2,1.5
2025-07-02T21:00:00Z,27.0,7.25,0.0,21.0,0.42,1.15,1.1
2025-07-02T22:00:00Z,27.1,6.8,0.0,0.0,0.42,0.89,1.9
2025-07-02T23:00:00Z,27.2,7.56,0.0,14.0,0.42,0.44,3.0
2025-07-03T00:00:00Z,27.3,7.65,0.0,11.0,0.42,-0.06,3.8
2025-07-03T01:00:00Z,27.5,7.48,0.0,2.0,0.42,-0.46,3.6
2025-07-03T02:00:00Z,27.6,7.05,0.0,0.0,0.42,-0.69,2.9
2025-07-03T03:00:00Z,27.7,6.73,0.0,0.0,0.42,-0.75,1.8
2025-07-03T04:00:00Z,27.8,6.87,0.0,0.0,0.42,-0.59,0.5
2025-07-03T05:00:00Z,27.9,7.29,0.0,0.0,0.42,-0.23,1.5
2025-07-03T06:00:00Z,27.9,7.61,0.0,0.0,0.42,0.19,2.7
2025-07-03T07:00:00Z,27.9,7.83,0.0,0.0,0.44,0.51,3.0
2025-07-03T08:00:00Z,27.9,8.07,0.0,0.0,0.48,0.74,2.6
2025-07-03T09:00:00Z,27.8,8.27,0.0,0.0,0.5,0.87,1.9
2025-07-03T10:00:00Z,27.9,8.03,0.0,0.0,0.52,0.83,1.3
2025-07-03T11:00:00Z,27.9,8.59,0.0,4.0,0.54,0.59,1.4
2025-07-03T12:00:00Z,27.8,8.74,0.0,53.0,0.56,0.24,2.2
2025-07-03T13:00:00Z,27.8,8.72,0.0,37.0,0.58,-0.08,2.5
2025-07-03T14:00:00Z,27.8,8.72,0.0,29.0,0.6,-0.29,2.3
2025-07-03T15:00:00Z,27.7,8.86,0.0,62.0,0.62,-0.35,1.6
2025-07-03T16:00:00Z,27.6,8.76,0.0,86.0,0.6,-0.25,0.7
2025-07-03T17:00:00Z,27.5,8.62,0.0,86.0,0.58,0.02,0.4
2025-07-03T18:00:00Z,27.3,8.6,0.0,93.0,0.56,0.4,1.5
2025-07-03T19:00:00Z,27.2,8.82,0.0,97.0,0.58,0.7,2.0
2025-07-03T20:00:00Z,27.2,8.73,0.0,95.0,0.58,0.89,1.7
2025-07-03T21:00:00Z,27.2,8.19,0.0,93.0,0.6,0.98,1.2
2025-07-03T22:00:00Z,27.2,6.9,0.0,93.0,0.54,0.91,1.2
2025-07-03T23:00:00Z,27.3,6.67,0.0,100.0,0.5,0.65,2.0
2025-07-04T00:00:00Z,27.3,7.05,0.0,90.0,0.44,0.22,2.9
2025-07-04T01:00:00Z,27.6,7.5,0.0,96.0,0.4,-0.22,3.4
2025-07-04T02:00:00Z,27.8,7.37,0.0,100.0,0.38,-0.56,3.2
2025-07-04T03:00:00Z,28.0,6.72,0.0,100.0,0.34,-0.73,2.4
2025-07-04T04:00:00Z,28.1,6.48,0.0,88.0,0.36,-0.74,1.3
2025-07-04T05:00:00Z,28.0,6.98,0.0,88.0,0.36,-0.56,0.4
2025-07-04T06:00:00Z,28.0,7.85,0.0,65.0,0.38,-0.2,1.8
2025-07-04T07:00:00Z,28.1,8.47,0.0,45.0,0.44,0.2,2.9
2025-07-04T08:00:00Z,28.1,8.72,0.0,5.0,0.52,0.53,3.1
2025-07-04T09:00:00Z,28.0,9.15,0.0,23.0,0.58,0.78,2.8
2025-07-04T10:00:00Z,27.9,8.84,0.0,47.0,0.64,0.95,2.1
2025-07-04T11:00:00Z,27.8,9.58,0.0,76.0,0.68,0.94,1.4
2025-07-04T12:00:00Z,27.8,9.82,0.0,85.0,0.74,0.73,1.2
2025-07-04T13:00:00Z,27.8,9.8,0.0,90.0,0.76,0.41,2.1
2025-07-04T14:00:00Z,27.7,9.97,0.0,71.0,0.8,0.12,2.4
2025-07-04T15:00:00Z,27.6,10.08,0.0,67.0,0.82,-0.09,2.4
2025-07-04T16:00:00Z,27.6,9.86,0.0,4.0,0.78,-0.19,1.8
2025-07-04T17:00:00Z,27.5,9.4,0.0,32.0,0.74,-0.15,1.1
2025-07-04T18:00:00Z,27.4,8.91,0.0,67.0,0.7,0.06,0.4
2025-07-04T19:00:00Z,27.3,8.33,0.0,87.0,0.64,0.34,1.0
2025-07-04T20:00:00Z,27.3,7.37,0.0,86.0,0.58,0.57,1.4
2025-07-04T21:00:00Z,27.2,6.88,0.0,61.0,0.52,0.71,1.3
2025-07-04T22:00:00Z,27.3,6.16,0.0,63.0,0.46,0.78,0.9
2025-07-04T23:00:00Z,27.3,6.11,0.0,15.0,0.42,0.73,1.0
2025-07-05T00:00:00Z,27.4,6.34,0.0,0.0,0.36,0.5,1.8
2025-07-05T01:00:00Z,27.6,6.51,0.0,2.0,0.34,0.12,2.5
2025-07-05T02:00:00Z,27.9,6.8,0.0,9.0,0.3,-0.29,3.1
2025-07-05T03:00:00Z,28.1,6.99,0.0,39.0,0.28,-0.59,2.7
2025-07-05T04:00:00Z,28.2,7.07,0.0,72.0,0.28,-0.76,2.0
2025-07-05T05:00:00Z,28.3,7.53,0.0,75.0,0.28,-0.77,1.1
2025-07-05T06:00:00Z,28.3,8.41,0.0,6.0,0.28,-0.57,0.6
2025-07-05T07:00:00Z,28.3,8.92,0.0,3.0,0.36,-0.2,1.9
2025-07-05T08:00:00Z,28.2,8.9,0.0,0.0,0.46,0.21,2.8
2025-07-05T09:00:00Z,28.2,8.92,0.0,0.0,0.54,0.57,3.1
2025-07-05T10:00:00Z,28.3,8.41,0.0,0.0,0.58,0.89,2.9
2025-07-05T11:00:00Z,28.2,8.67,0.0,0.0,0.6,1.11,2.3
2025-07-05T12:00:00Z,28.1,8.95,0.0,0.0,0.64,1.13,1.2
2025-07-05T13:00:00Z,28.0,9.16,0.0,0.0,0.66,0.93,0.9
2025-07-05T14:00:00Z,27.9,9.3,0.0,0.0,0.68,0.6,1.8
2025-07-05T15:00:00Z,27.9,9.17,0.0,0.0,0.7,0.27,2.4
2025-07-05T16:00:00Z,27.8,8.81,0.0,0.0,0.66,0.01,2.4
2025-07-05T17:00:00Z,27.7,8.42,0.0,0.0,0.6,-0.17,2.2
2025-07-05T18:00:00Z,27.6,8.01,0.0,0.0,0.56,-0.21,1.7
2025-07-05T19:00:00Z,27.5,7.7,0.0,0.0,0.52,-0.07,0.6
2025-07-05T20:00:00Z,27.5,7.2,0.0,0.0,0.5,0.17,0.9
2025-07-05T21:00:00Z,27.4,6.45,0.0,0.0,0.46,0.38,1.3
2025-07-05T22:00:00Z,27.6,6.01,0.0,0.0,0.42,0.56,1.3
2025-07-05T23:00:00Z,27.6,6.23,0.0,0.0,0.38,0.68,1.0
2025-07-06T00:00:00Z,27.7,6.59,0.0,0.0,0.34,0.66,1.0
2025-07-06T01:00:00Z,27.9,6.44,0.0,0.0,0.32,0.44,1.6
2025-07-06T02:00:00Z,28.1,6.24,0.0,0.0,0.3,0.05,2.4
2025-07-06T03:00:00Z,28.2,6.17,0.0,3.0,0.28,-0.35,2.9
2025-07-06T04:00:00Z,28.3,6.74,0.0,6.0,0.3,-0.65,2.5
2025-07-06T05:00:00Z,28.3,7.26,0.0,25.0,0.32,-0.81,1.9
2025-07-06T06:00:00Z,28.3,7.84,0.0,67.0,0.34,-0.79,0.8
2025-07-06T07:00:00Z,28.3,8.28,0.0,99.0,0.42,-0.56,0.9
2025-07-06T08:00:00Z,28.2,8.3,0.0,94.0,0.5,-0.15,2.3
2025-07-06T09:00:00Z,28.2,9.12,0.0,97.0,0.58,0.29,3.4
2025-07-06T10:00:00Z,28.2,8.37,0.0,88.0,0.6,0.7,3.6
2025-07-06T11:00:00Z,28.1,9.19,0.0,47.0,0.64,1.08,3.2
2025-07-06T12:00:00Z,28.0,9.08,0.0,5.0,0.66,1.33,2.4
2025-07-06T13:00:00Z,27.9,9.16,0.0,5.0,0.64,1.33,1.3
2025-07-06T14:00:00Z,27.8,9.11,0.0,16.0,0.64,1.08,0.9
2025-07-06T15:00:00Z,27.7,9.19,0.0,29.0,0.62,0.7,2.0
2025-07-06T16:00:00Z,27.6,8.55,0.0,51.0,0.56,0.31,2.7
2025-07-06T17:00:00Z,27.5,7.07,0.0,46.0,0.5,0.0,2.9
2025-07-06T18:00:00Z,27.3,5.94,0.0,51.0,0.44,-0.22,2.7
2025-07-06T19:00:00Z,27.2,5.78,0.0,48.0,0.4,-0.28,1.8
2025-07-06T20:00:00Z,27.1,5.5,0.0,52.0,0.36,-0.13,0.6
2025-07-06T21:00:00Z,27.1,5.55,0.0,25.0,0.32,0.12,0.9
2025-07-06T22:00:00Z,27.3,5.66,0.0,23.0,0.3,0.36,1.7
2025-07-06T23:00:00Z,27.3,5.31,0.0,38.0,0.3,0.58,1.7
2025-07-07T00:00:00Z,27.4,5.58,0.0,12.0,0.28,0.75,1.4
2025-07-07T01:00:00Z,27.5,5.93,0.0,18.0,0.32,0.76,1.0
2025-07-07T02:00:00Z,27.6,6.25,0.0,29.0,0.34,0.52,1.0
2025-07-07T03:00:00Z,27.6,6.94,0.0,72.0,0.38,0.12,1.8
2025-07-07T04:00:00Z,27.5,7.25,0.1,81.0,0.42,-0.29,2.4
2025-07-07T05:00:00Z,27.4,7.09,0.2,75.0,0.44,-0.61,2.2
2025-07-07T06:00:00Z,27.5,6.82,0.2,99.0,0.48,-0.78,1.6
2025-07-07T07:00:00Z,27.6,7.12,0.5,91.0,0.52,-0.76,0.5
2025-07-07T08:00:00Z,27.7,7.54,0.4,99.0,0.56,-0.5,0.9
2025-07-07T09:00:00Z,27.6,7.78,0.6,96.0,0.6,-0.04,2.5
2025-07-07T10:00:00Z,26.8,7.08,0.6,100.0,0.58,0.47,3.6
2025-07-07T11:00:00Z,27.0,6.99,0.3,100.0,0.58,0.96,3.8
2025-07-07T12:00:00Z,27.2,7.47,0.3,100.0,0.56,1.38,3.3
2025-07-07T13:00:00Z,27.2,6.96,0.2,99.0,0.6,1.61,2.4
2025-07-07T14:00:00Z,27.3,6.7,0.1,100.0,0.62,1.56,1.1
2025-07-07T15:00:00Z,27.2,7.79,0.2,100.0,0.66,1.24,0.7
2025-07-07T16:00:00Z,27.0,8.18,0.5,100.0,0.7,0.81,2.0
2025-07-07T17:00:00Z,27.1,7.9,0.2,100.0,0.74,0.38,2.7
2025-07-07T18:00:00Z,27.0,8.3,0.6,99.0,0.78,0.0,2.7
2025-07-07T19:00:00Z,27.0,8.35,1.2,98.0,0.84,-0.26,2.2
2025-07-07T20:00:00Z,27.2,8.8,0.9,96.0,0.88,-0.29,1.1
2025-07-07T21:00:00Z,26.8,9.23,0.4,87.0,0.94,-0.11,0.5
2025-07-07T22:00:00Z,27.2,8.82,0.1,82.0,0.98,0.2,2.0
2025-07-07T23:00:00Z,27.2,9.74,0.1,94.0,1.02,0.5,2.4
2025-07-08T00:00:00Z,27.2,9.48,0.1,94.0,1.06,0.77,2.4
2025-07-08T01:00:00Z,27.3,9.02,0.1,85.0,1.04,0.96,1.9
2025-07-08T02:00:00Z,27.4,9.19,0.1,73.0,1.02,0.91,0.8
2025-07-08T03:00:00Z,27.4,9.97,0.2,68.0,1.0,0.59,0.7
2025-07-08T04:00:00Z,27.5,10.32,0.2,72.0,1.1,0.13,2.0
2025-07-08T05:00:00Z,27.6,10.3,0.2,62.0,1.18,-0.32,2.4
2025-07-08T06:00:00Z,27.5,10.31,0.1,79.0,1.28,-0.64,2.2
2025-07-08T07:00:00Z,27.6,10.67,0.1,85.0,1.28,-0.78,1.5
2025-07-08T08:00:00Z,27.5,11.0,0.1,85.0,1.26,-0.71,0.6
2025-07-08T09:00:00Z,27.4,11.65,0.0,66.0,1.26,-0.37,1.7
2025-07-08T10:00:00Z,27.4,10.0,0.0,47.0,1.18,0.16,3.4
2025-07-08T11:00:00Z,27.1,10.11,0.3,59.0,1.1,0.74,4.5
2025-07-08T12:00:00Z,27.1,9.35,0.4,55.0,1.02,1.29,4.7
2025-07-08T13:00:00Z,27.1,9.3,0.1,53.0,1.02,1.73,4.1
2025-07-08T14:00:00Z,27.2,9.06,0.0,43.0,1.04,1.93,2.9
2025-07-08T15:00:00Z,27.1,9.49,0.1,39.0,1.04,1.78,1.1
2025-07-08T16:00:00Z,27.3,9.4,0.1,22.0,1.0,1.38,0.9
2025-07-08T17:00:00Z,27.2,9.49,0.0,13.0,0.98,0.83,2.5
2025-07-08T18:00:00Z,27.2,9.45,0.0,15.0,0.94,0.3,3.2
2025-07-08T19:00:00Z,27.1,9.28,0.2,24.0,0.92,-0.13,3.2
2025-07-08T20:00:00Z,27.1,8.32,0.0,15.0,0.88,-0.41,2.7
2025-07-08T21:00:00Z,27.1,7.62,0.0,12.0,0.86,-0.42,1.3
2025-07-08T22:00:00Z,26.8,6.55,0.0,14.0,0.86,-0.17,0.6
2025-07-08T23:00:00Z,26.8,6.85,0.0,9.0,0.84,0.18,1.8
2025-07-09T00:00:00Z,27.0,6.95,0.0,6.0,0.84,0.53,2.5
2025-07-09T01:00:00Z,27.1,7.1,0.0,8.0,0.8,0.81,2.4
2025-07-09T02:00:00Z,27.3,6.9,0.0,7.0,0.74,0.95,1.7
2025-07-09T03:00:00Z,27.4,7.06,0.0,3.0,0.7,0.83,0.4
2025-07-09T04:00:00Z,27.6,6.8,0.0,5.0,0.66,0.46,1.1
2025-07-09T05:00:00Z,27.7,6.78,0.0,4.0,0.6,-0.02,2.2
2025-07-09T06:00:00Z,27.8,6.98,0.0,4.0,0.56,-0.46,2.5
2025-07-09T07:00:00Z,27.8,7.41,0.0,7.0,0.56,-0.76,2.2
2025-07-09T08:00:00Z,27.8,7.62,0.0,6.0,0.56,-0.89,1.3
2025-07-09T09:00:00Z,27.7,7.23,0.0,2.0,0.56,-0.77,0.6
2025-07-09T10:00:00Z,27.5,7.85,0.0,8.0,0.56,-0.32,2.4
2025-07-09T11:00:00Z,27.4,7.33,0.0,8.0,0.56,0.31,4.1
2025-07-09T12:00:00Z,27.3,7.15,0.0,2.0,0.56,0.96,5.0
2025-07-09T13:00:00Z,27.2,6.9,0.0,0.0,0.54,1.53,4.9
2025-07-09T14:00:00Z,27.1,6.64,0.0,2.0,0.54,1.93,3.8
2025-07-09T15:00:00Z,27.0,6.25,0.0,1.0,0.52,2.03,2.2
2025-07-09T16:00:00Z,27.0,5.9,0.0,4.0,0.48,1.77,0.2
2025-07-09T17:00:00Z,27.0,5.86,0.0,1.0,0.46,1.24,2.0
2025-07-09T18:00:00Z,26.9,5.95,0.0,3.0,0.42,0.63,3.4
2025-07-09T19:00:00Z,26.8,6.17,0.0,3.0,0.42,0.08,4.0
2025-07-09T20:00:00Z,26.8,6.44,0.0,2.0,0.44,-0.34,3.6
2025-07-09T21:00:00Z,26.9,6.57,0.0,2.0,0.44,-0.56,2.8
2025-07-09T22:00:00Z,27.0,6.06,0.0,6.0,0.46,-0.48,1.0
2025-07-09T23:00:00Z,27.0,7.08,0.0,12.0,0.46,-0.13,1.3
2025-07-10T00:00:00Z,27.0,7.33,0.0,25.0,0.48,0.32,2.7
2025-07-10T01:00:00Z,27.0,7.17,0.0,20.0,0.52,0.73,3.3
2025-07-10T02:00:00Z,27.1,6.82,0.0,21.0,0.54,1.04,2.7
2025-07-10T03:00:00Z,27.2,6.84,0.0,13.0,0.58,1.12,1.9
2025-07-10T04:00:00Z,27.2,6.76,0.0,7.0,0.62,0.91,0.4
2025-07-10T05:00:00Z,27.2,6.72,0.0,9.0,0.64,0.44,1.4
2025-07-10T06:00:00Z,27.1,7.19,0.0,21.0,0.68,-0.1,2.5
2025-07-10T07:00:00Z,27.0,7.28,0.0,27.0,0.68,-0.57,2.9
2025-07-10T08:00:00Z,27.1,7.41,0.0,20.0,0.66,-0.89,2.6
2025-07-10T09:00:00Z,27.0,7.29,0.0,28.0,0.66,-0.98,1.7
2025-07-10T10:00:00Z,27.2,8.55,0.0,52.0,0.64,-0.74,1.2
2025-07-10T11:00:00Z,27.1,7.94,0.1,65.0,0.62,-0.17,3.0
2025-07-10T12:00:00Z,27.0,7.99,0.1,67.0,0.6,0.56,4.9
2025-07-10T13:00:00Z,26.9,8.44,0.1,23.0,0.66,1.27,5.6
2025-07-10T14:00:00Z,26.9,8.69,0.0,24.0,0.72,1.84,5.0
2025-07-10T15:00:00Z,27.0,8.29,0.0,27.0,0.78,2.19,3.8
2025-07-10T16:00:00Z,26.5,8.33,0.4,42.0,0.78,2.18,2.0
2025-07-10T17:00:00Z,26.3,8.18,0.3,54.0,0.8,1.81,0.4
2025-07-10T18:00:00Z,26.2,8.29,0.2,81.0,0.8,1.21,2.3
2025-07-10T19:00:00Z,26.2,8.1,0.2,96.0,0.76,0.56,3.6
2025-07-10T20:00:00Z,26.3,7.75,0.3,99.0,0.72,0.0,4.0
2025-07-10T21:00:00Z,26.4,7.6,0.5,100.0,0.68,-0.42,3.7
2025-07-10T22:00:00Z,26.3,6.84,0.6,88.0,0.68,-0.57,2.3
2025-07-10T23:00:00Z,26.5,6.67,0.3,87.0,0.66,-0.39,0.7
2025-07-11T00:00:00Z,26.7,6.42,0.0,68.0,0.66,0.06,2.0
2025-07-11T01:00:00Z,26.8,6.5,0.0,37.0,0.64,0.56,3.2
2025-07-11T02:00:00Z,26.9,5.94,0.2,40.0,0.62,0.98,3.4
2025-07-11T03:00:00Z,26.9,5.49,0.1,48.0,0.6,1.21,2.5
2025-07-11T04:00:00Z,27.0,5.65,0.1,28.0,0.62,1.17,1.1
2025-07-11T05:00:00Z,26.8,6.05,0.4,44.0,0.64,0.84,0.5
2025-07-11T06:00:00Z,26.7,5.46,0.3,43.0,0.66,0.29,2.2
2025-07-11T07:00:00Z,26.7,5.56,0.4,39.0,0.62,-0.3,3.1
2025-07-11T08:00:00Z,26.9,5.77,0.0,51.0,0.6,-0.76,3.3
2025-07-11T09:00:00Z,26.9,6.03,0.0,62.0,0.56,-1.03,2.6
2025-07-11T10:00:00Z,27.2,6.63,0.0,48.0,0.56,-1.03,1.5
2025-07-11T11:00:00Z,27.1,6.96,0.0,61.0,0.54,-0.66,1.9
2025-07-11T12:00:00Z,27.1,6.85,0.0,61.0,0.54,0.04,4.2
2025-07-11T13:00:00Z,27.0,6.56,0.0,43.0,0.56,0.87,5.8
2025-07-11T14:00:00Z,26.9,6.99,0.2,49.0,0.56,1.6,5.9
2025-07-11T15:00:00Z,26.6,6.53,0.1,24.0,0.58,2.11,5.0
2025-07-11T16:00:00Z,26.7,5.88,0.0,7.0,0.56,2.31,3.2
2025-07-11T17:00:00Z,26.7,5.41,0.0,18.0,0.52,2.14,1.1
2025-07-11T18:00:00Z,26.5,4.99,0.3,30.0,0.5,1.64,1.3
2025-07-11T19:00:00Z,26.6,4.43,0.1,39.0,0.5,0.96,3.3
2025-07-11T20:00:00Z,26.6,4.36,0.0,47.0,0.5,0.28,4.4
2025-07-11T21:00:00Z,26.7,4.34,0.0,45.0,0.5,-0.28,4.5
2025-07-11T22:00:00Z,26.8,5.43,0.1,56.0,0.5,-0.62,3.7
2025-07-11T23:00:00Z,26.9,5.48,0.0,53.0,0.52,-0.64,2.2
2025-07-12T00:00:00Z,27.0,5.58,0.0,55.0,0.52,-0.3,1.5
2025-07-12T01:00:00Z,27.1,5.4,0.1,49.0,0.54,0.26,3.2
2025-07-12T02:00:00Z,27.0,5.26,0.1,65.0,0.54,0.77,3.8
2025-07-12T03:00:00Z,26.8,5.51,0.4,56.0,0.56,1.13,3.5
2025-07-12T04:00:00Z,27.1,6.04,0.1,37.0,0.64,1.26,2.3
2025-07-12T05:00:00Z,27.0,6.12,0.1,51.0,0.72,1.12,0.9
2025-07-12T06:00:00Z,27.0,5.61,0.0,37.0,0.8,0.69,1.3
2025-07-12T07:00:00Z,27.0,5.36,0.0,40.0,0.78,0.1,2.7
2025-07-12T08:00:00Z,27.0,6.15,0.0,50.0,0.78,-0.47,3.5
2025-07-12T09:00:00Z,26.9,5.76,0.1,85.0,0.76,-0.88,3.2
2025-07-12T10:00:00Z,26.7,7.25,0.0,97.0,0.76,-1.06,2.4
2025-07-12T11:00:00Z,26.6,7.07,0.0,100.0,0.76,-0.92,1.8
2025-07-12T12:00:00Z,26.6,6.32,0.0,100.0,0.76,-0.37,3.1
2025-07-12T13:00:00Z,26.6,5.52,0.0,99.0,0.74,0.44,5.2
2025-07-12T14:00:00Z,26.5,5.12,0.1,100.0,0.7,1.27,6.3
2025-07-12T15:00:00Z,26.5,5.62,0.1,100.0,0.68,1.92,6.0
2025-07-12T16:00:00Z,26.3,5.97,0.2,100.0,0.68,2.29,4.4
2025-07-12T17:00:00Z,26.4,6.21,0.2,84.0,0.7,2.32,2.2
2025-07-12T18:00:00Z,26.4,6.66,0.1,75.0,0.7,1.99,0.6
2025-07-12T19:00:00Z,26.4,6.83,0.0,49.0,0.68,1.39,2.4
2025-07-12T20:00:00Z,26.4,6.98,0.1,36.0,0.64,0.66,4.1
2025-07-12T21:00:00Z,26.4,7.31,0.1,34.0,0.62,-0.01,4.8
2025-07-12T22:00:00Z,26.4,7.46,0.1,31.0,0.6,-0.5,4.6
2025-07-12T23:00:00Z,26.4,6.7,0.1,30.0,0.56,-0.72,3.3
2025-07-13T00:00:00Z,26.5,6.72,0.1,14.0,0.54,-0.58,1.7
2025-07-13T01:00:00Z,26.7,6.38,0.1,16.0,0.52,-0.1,2.3
2025-07-13T02:00:00Z,27.0,5.74,0.0,25.0,0.48,0.51,4.1
2025-07-13T03:00:00Z,27.2,5.94,0.1,24.0,0.46,0.99,4.4
2025-07-13T04:00:00Z,27.2,6.43,0.0,36.0,0.44,1.26,3.5
2025-07-13T05:00:00Z,27.0,6.71,0.0,95.0,0.42,1.29,1.9
2025-07-13T06:00:00Z,26.8,6.11,0.0,99.0,0.4,1.03,0.7
2025-07-13T07:00:00Z,26.8,5.05,0.0,99.0,0.38,0.53,1.9
2025-07-13T08:00:00Z,26.8,4.19,0.0,65.0,0.36,-0.07,3.1
2025-07-13T09:00:00Z,26.8,3.03,0.0,14.0,0.34,-0.61,3.6
2025-07-13T10:00:00Z,26.8,2.62,0.0,1.0,0.3,-0.94,3.2
2025-07-13T11:00:00Z,26.8,2.75,0.0,9.0,0.28,-1.0,2.2
2025-07-13T12:00:00Z,26.8,0.92,0.0,68.0,0.24,-0.72,2.1
2025-07-13T13:00:00Z,26.9,2.3,0.0,64.0,0.24,-0.08,3.8
2025-07-13T14:00:00Z,27.2,3.66,0.0,37.0,0.24,0.77,5.7
2025-07-13T15:00:00Z,27.5,5.1,0.0,26.0,0.24,1.52,6.0
2025-07-13T16:00:00Z,27.7,5.91,0.0,38.0,0.22,2.02,4.9
2025-07-13T17:00:00Z,27.8,6.35,0.0,37.0,0.2,2.23,2.9
2025-07-13T18:00:00Z,27.8,6.66,0.0,34.0,0.18,2.11,0.6
2025-07-13T19:00:00Z,27.8,7.04,0.0,3.0,0.24,1.67,1.8
2025-07-13T20:00:00Z,27.8,7.25,0.0,4.0,0.32,1.0,4.0
2025-07-13T21:00:00Z,27.7,7.19,0.0,13.0,0.38,0.29,5.3
2025-07-13T22:00:00Z,27.4,6.61,0.1,25.0,0.42,-0.32,5.5
2025-07-13T23:00:00Z,27.1,6.34,0.5,77.0,0.44,-0.69,4.5
2025-07-14T00:00:00Z,26.6,6.79,1.0,67.0,0.48,-0.77,2.7
2025-07-14T01:00:00Z,26.9,7.06,0.2,40.0,0.52,-0.49,0.7
2025-07-14T02:00:00Z,27.4,6.15,0.0,36.0,0.56,0.08,2.4
2025-07-14T03:00:00Z,27.7,5.8,0.0,8.0,0.6,0.68,3.8
2025-07-14T04:00:00Z,27.9,5.6,0.0,19.0,0.56,1.09,3.4
2025-07-14T05:00:00Z,28.0,5.65,0.0,14.0,0.52,1.28,2.2
2025-07-14T06:00:00Z,28.2,6.25,0.0,18.0,0.48,1.21,0.4
2025-07-14T07:00:00Z,28.4,5.89,0.0,14.0,0.48,0.89,1.3
2025-07-14T08:00:00Z,28.0,4.82,0.0,22.0,0.46,0.37,2.9
2025-07-14T09:00:00Z,27.4,5.89,0.3,56.0,0.46,-0.22,3.9
2025-07-14T10:00:00Z,27.2,4.24,0.2,11.0,0.44,-0.72,3.9
2025-07-14T11:00:00Z,27.3,4.37,0.0,9.0,0.4,-0.96,2.7
2025-07-14T12:00:00Z,27.3,4.12,0.0,21.0,0.38,-0.88,1.8
2025-07-14T13:00:00Z,27.4,4.76,0.0,32.0,0.38,-0.45,3.0
2025-07-14T14:00:00Z,27.3,4.18,0.0,32.0,0.36,0.29,5.2
2025-07-14T15:00:00Z,27.2,2.34,0.0,36.0,0.36,1.13,6.7
2025-07-14T16:00:00Z,27.2,1.31,0.0,44.0,0.3,1.79,6.7
2025-07-14T17:00:00Z,27.1,1.39,0.0,53.0,0.26,2.15,5.0
2025-07-14T18:00:00Z,27.2,1.92,0.0,89.0,0.2,2.21,2.9
2025-07-14T19:00:00Z,27.3,2.28,0.0,97.0,0.2,1.96,0.6
2025-07-14T20:00:00Z,27.4,2.52,0.0,96.0,0.18,1.43,1.8
2025-07-14T21:00:00Z,27.5,2.68,0.0,98.0,0.18,0.72,3.6
2025-07-14T22:00:00Z,27.7,2.5,0.0,96.0,0.14,0.01,4.8
2025-07-14T23:00:00Z,27.8,3.6,0.0,97.0,0.12,-0.51,4.6
2025-07-15T00:00:00Z,27.8,5.11,0.0,89.0,0.08,-0.78,3.1
2025-07-15T01:00:00Z,27.8,5.66,0.0,84.0,0.14,-0.72,1.2
2025-07-15T02:00:00Z,28.0,5.57,0.0,41.0,0.18,-0.33,1.5
2025-07-15T03:00:00Z,28.4,5.18,0.0,42.0,0.24,0.28,3.6
2025-07-15T04:00:00Z,28.8,4.94,0.0,84.0,0.22,0.84,4.6
2025-07-15T05:00:00Z,29.1,4.27,0.0,83.0,0.22,1.17,3.9
2025-07-15T06:00:00Z,29.2,4.17,0.0,55.0,0.2,1.25,2.3
2025-07-15T07:00:00Z,29.1,4.88,0.0,40.0,0.18,1.1,1.0
2025-07-15T08:00:00Z,28.8,5.84,0.0,87.0,0.18,0.73,1.5
2025-07-15T09:00:00Z,28.5,6.62,0.0,97.0,0.16,0.18,2.7
2025-07-15T10:00:00Z,28.0,7.47,0.0,90.0,0.24,-0.37,3.6
2025-07-15T11:00:00Z,28.0,8.6,0.0,88.0,0.32,-0.77,3.4
2025-07-15T12:00:00Z,28.0,8.95,0.0,89.0,0.4,-0.9,2.2
2025-07-15T13:00:00Z,27.9,8.75,0.0,89.0,0.5,-0.75,0.4
2025-07-15T14:00:00Z,27.8,8.24,0.0,99.0,0.58,-0.28,1.8
2025-07-15T15:00:00Z,27.7,8.49,0.0,99.0,0.68,0.44,4.0
2025-07-15T16:00:00Z,27.6,8.51,0.0,97.0,0.7,1.18,5.1
2025-07-15T17:00:00Z,27.6,7.75,0.0,96.0,0.7,1.68,4.5
2025-07-15T18:00:00Z,27.6,7.6,0.0,100.0,0.72,1.88,2.8
2025-07-15T19:00:00Z,27.6,7.86,0.0,98.0,0.72,1.8,1.3
2025-07-15T20:00:00Z,27.6,7.92,0.0,95.0,0.72,1.43,2.3
2025-07-15T21:00:00Z,27.6,7.9,0.0,99.0,0.72,0.82,3.9
2025-07-15T22:00:00Z,27.7,8.29,0.1,100.0,0.68,0.11,5.2
2025-07-15T23:00:00Z,27.7,7.39,0.1,100.0,0.64,-0.51,5.8
2025-07-16T00:00:00Z,27.7,7.06,0.2,99.0,0.6,-0.92,4.9
2025-07-16T01:00:00Z,27.8,7.25,0.0,100.0,0.54,-1.03,3.2
2025-07-16T02:00:00Z,27.9,8.0,0.0,100.0,0.48,-0.84,0.9
2025-07-16T03:00:00Z,28.1,7.52,0.1,100.0,0.42,-0.35,1.7
2025-07-16T04:00:00Z,28.2,6.71,0.0,100.0,0.36,0.28,3.6
2025-07-16T05:00:00Z,28.1,6.92,0.0,100.0,0.32,0.8,4.4
2025-07-16T06:00:00Z,28.1,7.45,0.0,99.0,0.26,1.1,3.5
2025-07-16T07:00:00Z,28.0,8.23,0.0,97.0,0.34,1.16,2.4
2025-07-16T08:00:00Z,28.1,8.35,0.0,94.0,0.4,1.0,1.4
2025-07-16T09:00:00Z,28.1,8.73,0.0,93.0,0.48,0.61,2.2
2025-07-16T10:00:00Z,28.7,8.68,0.0,93.0,0.56,0.08,3.3
2025-07-16T11:00:00Z,28.6,8.62,0.0,94.0,0.62,-0.42,3.8
2025-07-16T12:00:00Z,28.5,9.82,0.0,93.0,0.7,-0.74,3.4
2025-07-16T13:00:00Z,28.4,9.76,0.0,92.0,0.7,-0.82,2.3
2025-07-16T14:00:00Z,28.2,8.95,0.0,98.0,0.7,-0.61,0.5
2025-07-16T15:00:00Z,28.1,7.8,0.0,100.0,0.7,-0.12,1.5
2025-07-16T16:00:00Z,28.1,9.46,0.0,100.0,0.66,0.54,3.1
2025-07-16T17:00:00Z,28.1,9.3,0.0,100.0,0.6,1.16,4.1
2025-07-16T18:00:00Z,28.0,8.25,0.0,100.0,0.56,1.53,3.5
2025-07-16T19:00:00Z,28.0,10.06,0.0,100.0,0.6,1.61,2.0
2025-07-16T20:00:00Z,28.0,9.65,0.0,100.0,0.66,1.46,1.5
2025-07-16T21:00:00Z,28.0,9.35,0.0,100.0,0.7,1.06,2.8
2025-07-16T22:00:00Z,28.2,8.52,0.0,100.0,0.68,0.46,4.1
2025-07-16T23:00:00Z,28.2,8.71,0.0,100.0,0.66,-0.17,4.9
2025-07-17T00:00:00Z,28.2,8.68,0.2,100.0,0.64,-0.66,4.7
2025-07-17T01:00:00Z,28.3,9.53,0.0,100.0,0.66,-0.9,3.6
2025-07-17T02:00:00Z,28.3,10.36,0.2,100.0,0.66,-0.88,1.8
2025-07-17T03:00:00Z,28.4,9.64,0.1,100.0,0.68,-0.56,0.5
2025-07-17T04:00:00Z,28.6,9.45,0.0,100.0,0.66,-0.03,2.4
2025-07-17T05:00:00Z,28.7,9.21,0.0,100.0,0.64,0.56,3.9
2025-07-17T06:00:00Z,28.8,8.7,0.0,99.0,0.62,1.0,4.0
2025-07-17T07:00:00Z,28.9,7.55,0.1,97.0,0.6,1.23,3.0
2025-07-17T08:00:00Z,28.5,7.37,0.0,95.0,0.58,1.25,1.7
2025-07-17T09:00:00Z,28.1,6.76,0.0,82.0,0.56,1.06,1.2
2025-07-17T10:00:00Z,28.5,6.78,0.0,96.0,0.5,0.67,2.3
2025-07-17T11:00:00Z,28.4,3.92,0.0,100.0,0.46,0.19,3.4
2025-07-17T12:00:00Z,28.0,4.25,0.2,100.0,0.4,-0.23,3.8
2025-07-17T13:00:00Z,27.4,2.44,1.9,100.0,0.4,-0.46,3.3
2025-07-17T14:00:00Z,27.2,2.7,2.0,100.0,0.38,-0.46,1.8
2025-07-17T15:00:00Z,27.0,3.63,0.2,100.0,0.38,-0.26,0.4
2025-07-17T16:00:00Z,27.1,5.34,0.0,100.0,0.4,0.2,1.8
2025-07-17T17:00:00Z,27.3,6.44,0.2,100.0,0.44,0.77,3.3
2025-07-17T18:00:00Z,27.3,6.38,0.2,100.0,0.46,1.26,3.7
2025-07-17T19:00:00Z,27.4,5.28,0.0,100.0,0.46,1.51,2.8
2025-07-17T20:00:00Z,27.4,5.16,0.0,100.0,0.48,1.52,1.3
2025-07-17T21:00:00Z,26.5,5.57,0.2,99.0,0.48,1.32,0.9
2025-07-17T22:00:00Z,27.7,5.41,0.3,100.0,0.42,0.9,2.4
2025-07-17T23:00:00Z,27.8,3.8,0.2,100.0,0.36,0.35,3.8
2025-07-18T00:00:00Z,27.7,3.0,0.2,100.0,0.3,-0.22,4.4
2025-07-18T01:00:00Z,27.7,1.59,0.7,100.0,0.28,-0.62,4.2
2025-07-18T02:00:00Z,27.6,0.57,0.9,100.0,0.28,-0.79,3.0
2025-07-18T03:00:00Z,27.3,1.2,1.6,100.0,0.26,-0.73,1.5
2025-07-18T04:00:00Z,27.4,1.3,0.0,100.0,0.24,-0.44,1.2
2025-07-18T05:00:00Z,27.7,2.19,0.0,100.0,0.2,0.06,2.8
2025-07-18T06:00:00Z,28.0,3.53,0.0,100.0,0.18,0.61,4.0
2025-07-18T07:00:00Z,28.0,5.06,0.0,96.0,0.18,1.02,4.1
2025-07-18T08:00:00Z,28.0,6.76,0.0,99.0,0.18,1.21,3.2
2025-07-18T09:00:00Z,27.8,6.51,0.0,100.0,0.18,1.24,1.8
2025-07-18T10:00:00Z,27.9,7.15,0.0,99.0,0.3,1.07,0.4
2025-07-18T11:00:00Z,27.9,9.17,0.0,100.0,0.42,0.74,1.1
2025-07-18T12:00:00Z,27.8,8.1,0.0,100.0,0.54,0.34,2.2
2025-07-18T13:00:00Z,27.7,8.27,0.0,100.0,0.58,-0.02,2.6
2025-07-18T14:00:00Z,27.5,9.08,0.1,100.0,0.6,-0.21,2.2
2025-07-18T15:00:00Z,27.4,8.66,0.0,100.0,0.64,-0.25,1.3
2025-07-18T16:00:00Z,27.4,6.55,0.0,100.0,0.58,-0.11,0.5
2025-07-18T17:00:00Z,27.3,5.91,0.0,100.0,0.54,0.22,1.5
2025-07-18T18:00:00Z,27.3,6.1,0.0,100.0,0.48,0.67,2.7
2025-07-18T19:00:00Z,27.3,6.65,0.0,100.0,0.48,1.02,3.1
2025-07-18T20:00:00Z,27.3,7.0,0.0,100.0,0.5,1.17,2.3
2025-07-18T21:00:00Z,27.3,7.32,0.0,100.0,0.5,1.15,0.9
2025-07-18T22:00:00Z,27.4,7.4,0.0,99.0,0.54,0.96,0.9
2025-07-18T23:00:00Z,27.4,7.63,0.0,84.0,0.58,0.59,2.0
2025-07-19T00:00:00Z,27.5,7.93,0.0,75.0,0.62,0.1,2.9
2025-07-19T01:00:00Z,27.7,8.2,0.0,73.0,0.62,-0.37,3.3
2025-07-19T02:00:00Z,27.8,8.18,0.0,73.0,0.62,-0.67,2.7
2025-07-19T03:00:00Z,27.9,7.69,0.0,87.0,0.62,-0.77,1.6
2025-07-19T04:00:00Z,28.0,7.64,0.0,97.0,0.62,-0.68,0.2
2025-07-19T05:00:00Z,28.0,7.53,0.0,99.0,0.64,-0.38,1.4
2025-07-19T06:00:00Z,27.8,7.33,0.0,98.0,0.64,0.1,3.3
2025-07-19T07:00:00Z,27.8,7.55,0.0,99.0,0.64,0.62,4.2
2025-07-19T08:00:00Z,27.9,7.71,0.0,100.0,0.66,0.99,4.2
2025-07-19T09:00:00Z,27.9,8.2,0.0,100.0,0.66,1.22,3.4
2025-07-19T10:00:00Z,28.0,7.52,0.0,100.0,0.66,1.31,2.2
2025-07-19T11:00:00Z,28.0,7.59,0.0,96.0,0.66,1.22,0.9
2025-07-19T12:00:00Z,28.0,8.04,0.0,85.0,0.66,0.93,1.0
2025-07-19T13:00:00Z,28.0,8.07,0.0,84.0,0.72,0.54,2.0
2025-07-19T14:00:00Z,28.0,8.09,0.0,72.0,0.76,0.2,2.3
2025-07-19T15:00:00Z,27.9,8.47,0.0,81.0,0.82,-0.03,2.2
2025-07-19T16:00:00Z,27.9,8.83,0.0,98.0,0.78,-0.12,1.5
2025-07-19T17:00:00Z,27.9,8.6,0.0,98.0,0.76,-0.07,0.4
2025-07-19T18:00:00Z,27.8,8.23,0.0,98.0,0.72,0.16,0.9
2025-07-19T19:00:00Z,27.8,8.09,0.0,98.0,0.74,0.52,2.2
2025-07-19T20:00:00Z,27.7,8.44,0.0,97.0,0.76,0.81,2.6
2025-07-19T21:00:00Z,27.7,8.86,0.0,97.0,0.78,0.96,2.2
2025-07-19T22:00:00Z,27.6,8.86,0.0,94.0,0.76,0.97,1.3
2025-07-19T23:00:00Z,27.6,9.19,0.0,92.0,0.76,0.85,0.7
2025-07-20T00:00:00Z,27.6,9.26,0.0,93.0,0.74,0.54,1.5
2025-07-20T01:00:00Z,27.7,9.01,0.0,40.0,0.76,0.12,2.3
2025-07-20T02:00:00Z,27.9,8.79,0.0,13.0,0.78,-0.3,2.9
2025-07-20T03:00:00Z,27.9,8.81,0.0,21.0,0.8,-0.6,2.5
2025-07-20T04:00:00Z,28.0,8.95,0.0,25.0,0.82,-0.74,1.6
2025-07-20T05:00:00Z,28.0,8.79,0.0,28.0,0.86,-0.7,0.5
2025-07-20T06:00:00Z,28.0,8.56,0.0,38.0,0.88,-0.45,0.9
2025-07-20T07:00:00Z,28.0,8.79,0.0,30.0,0.86,0.02,2.5
2025-07-20T08:00:00Z,28.0,8.74,0.0,27.0,0.84,0.51,3.6
2025-07-20T09:00:00Z,28.0,8.84,0.0,6.0,0.82,0.92,3.8
2025-07-20T10:00:00Z,28.4,8.0,0.0,35.0,0.8,1.23,3.2
2025-07-20T11:00:00Z,28.3,8.57,0.0,44.0,0.78,1.42,2.2
2025-07-20T12:00:00Z,28.3,8.62,0.0,58.0,0.76,1.39,1.0
2025-07-20T13:00:00Z,28.2,8.84,0.0,55.0,0.78,1.15,0.8
2025-07-20T14:00:00Z,28.2,9.65,0.1,73.0,0.82,0.77,1.8
2025-07-20T15:00:00Z,28.1,9.79,0.0,93.0,0.84,0.38,2.3
2025-07-20T16:00:00Z,28.0,9.49,0.0,95.0,0.86,0.08,2.5
2025-07-20T17:00:00Z,27.9,9.34,0.0,97.0,0.88,-0.13,2.2
2025-07-20T18:00:00Z,27.9,9.62,0.0,96.0,0.9,-0.2,1.3
2025-07-20T19:00:00Z,27.9,9.75,0.0,98.0,0.9,-0.07,0.2
2025-07-20T20:00:00Z,27.9,9.75,0.0,96.0,0.88,0.21,1.4
2025-07-20T21:00:00Z,27.9,9.66,0.0,95.0,0.88,0.46,2.2
2025-07-20T22:00:00Z,28.0,8.89,0.1,93.0,0.92,0.65,1.9
2025-07-20T23:00:00Z,28.1,9.93,0.1,95.0,0.94,0.76,1.5
2025-07-21T00:00:00Z,28.2,9.83,0.1,94.0,0.98,0.73,0.9
2025-07-21T01:00:00Z,28.1,9.72,0.1,88.0,0.98,0.5,1.2
2025-07-21T02:00:00Z,28.2,9.89,0.0,84.0,0.96,0.11,2.0
2025-07-21T03:00:00Z,28.2,10.0,0.1,61.0,0.96,-0.3,2.5
2025-07-21T04:00:00Z,28.1,10.09,0.0,67.0,0.96,-0.61,2.3
2025-07-21T05:00:00Z,28.0,10.03,0.1,89.0,0.96,-0.79,1.8
2025-07-21T06:00:00Z,27.9,9.58,0.1,97.0,0.96,-0.8,0.7
2025-07-21T07:00:00Z,27.9,9.53,0.1,100.0,0.94,-0.58,0.7
2025-07-21T08:00:00Z,27.9,9.69,0.1,100.0,0.9,-0.13,2.5
2025-07-21T09:00:00Z,27.7,9.7,0.2,100.0,0.88,0.41,3.8
2025-07-21T10:00:00Z,28.2,9.1,0.1,100.0,0.88,0.91,4.2
2025-07-21T11:00:00Z,28.2,9.75,0.1,100.0,0.86,1.31,3.9
2025-07-21T12:00:00Z,28.1,10.28,0.1,100.0,0.86,1.58,2.8
2025-07-21T13:00:00Z,28.0,10.85,0.1,100.0,0.9,1.59,1.5
2025-07-21T14:00:00Z,28.0,10.58,0.1,100.0,0.96,1.34,0.6
2025-07-21T15:00:00Z,27.8,10.52,0.1,100.0,1.0,0.93,1.8
2025-07-21T16:00:00Z,27.7,10.11,0.1,98.0,0.96,0.49,2.7
2025-07-21T17:00:00Z,27.7,9.26,0.0,99.0,0.92,0.09,3.1
2025-07-21T18:00:00Z,27.6,8.94,0.0,94.0,0.88,-0.24,2.9
2025-07-21T19:00:00Z,27.4,9.02,0.2,98.0,0.82,-0.4,2.2
2025-07-21T20:00:00Z,27.2,9.13,0.2,79.0,0.74,-0.31,0.8
2025-07-21T21:00:00Z,27.1,8.98,0.1,96.0,0.68,-0.05,1.0
2025-07-21T22:00:00Z,27.4,7.73,0.0,87.0,0.68,0.23,2.0
2025-07-21T23:00:00Z,27.6,8.11,0.0,94.0,0.68,0.5,2.0
2025-07-22T00:00:00Z,27.8,7.98,0.0,97.0,0.68,0.71,1.7
2025-07-22T01:00:00Z,28.0,7.82,0.0,97.0,0.68,0.74,1.0
2025-07-22T02:00:00Z,28.2,7.78,0.0,88.0,0.68,0.52,0.9
2025-07-22T03:00:00Z,28.3,7.84,0.0,94.0,0.68,0.11,1.8
2025-07-22T04:00:00Z,28.4,7.59,0.0,92.0,0.64,-0.33,2.5
2025-07-22T05:00:00Z,28.5,7.7,0.0,82.0,0.58,-0.71,2.7
2025-07-22T06:00:00Z,28.6,7.54,0.0,74.0,0.54,-0.95,2.2
2025-07-22T07:00:00Z,28.5,7.97,0.0,70.0,0.56,-1.02,1.3
2025-07-22T08:00:00Z,28.5,8.12,0.0,17.0,0.58,-0.81,0.6
2025-07-22T09:00:00Z,28.4,7.95,0.0,4.0,0.6,-0.33,2.5
2025-07-22T10:00:00Z,28.2,7.65,0.0,16.0,0.62,0.28,4.2
2025-07-22T11:00:00Z,28.2,8.08,0.0,12.0,0.64,0.88,4.7
2025-07-22T12:00:00Z,28.1,7.74,0.0,14.0,0.66,1.41,4.4
2025-07-22T13:00:00Z,28.0,7.89,0.0,8.0,0.66,1.75,3.3
2025-07-22T14:00:00Z,28.0,7.75,0.0,3.0,0.66,1.78,1.7
2025-07-22T15:00:00Z,27.9,7.73,0.0,6.0,0.66,1.5,0.5
2025-07-22T16:00:00Z,27.9,7.33,0.0,8.0,0.64,1.02,2.0
2025-07-22T17:00:00Z,27.8,6.8,0.0,8.0,0.62,0.5,3.1
2025-07-22T18:00:00Z,27.8,6.59,0.0,5.0,0.6,0.0,3.6
2025-07-22T19:00:00Z,27.7,6.55,0.0,10.0,0.58,-0.42,3.4
2025-07-22T20:00:00Z,27.7,6.53,0.0,3.0,0.58,-0.63,2.5
2025-07-22T21:00:00Z,27.7,6.64,0.0,3.0,0.56,-0.54,0.9
2025-07-22T22:00:00Z,27.7,6.77,0.0,10.0,0.56,-0.25,1.2
2025-07-22T23:00:00Z,27.7,6.78,0.0,8.0,0.56,0.13,2.3
2025-07-23T00:00:00Z,27.8,6.68,0.0,14.0,0.56,0.53,2.6
2025-07-23T01:00:00Z,28.0,6.63,0.0,0.0,0.56,0.82,2.2
2025-07-23T02:00:00Z,28.1,6.62,0.0,1.0,0.58,0.87,1.3
2025-07-23T03:00:00Z,28.3,6.65,0.0,0.0,0.58,0.62,0.5
2025-07-23T04:00:00Z,28.3,7.06,0.0,0.0,0.6,0.18,1.6
2025-07-23T05:00:00Z,28.4,7.14,0.0,1.0,0.6,-0.31,2.5
2025-07-23T06:00:00Z,28.5,6.84,0.0,5.0,0.62,-0.73,2.7
2025-07-23T07:00:00Z,28.4,6.75,0.0,6.0,0.62,-1.03,2.3
2025-07-23T08:00:00Z,28.4,6.9,0.0,0.0,0.62,-1.11,1.4
2025-07-23T09:00:00Z,28.4,7.41,0.0,2.0,0.62,-0.86,0.8
2025-07-23T10:00:00Z,28.2,7.75,0.0,23.0,0.66,-0.31,3.1
2025-07-23T11:00:00Z,28.2,8.76,0.0,6.0,0.7,0.4,4.9
2025-07-23T12:00:00Z,28.1,8.9,0.0,5.0,0.74,1.11,5.4
2025-07-23T13:00:00Z,28.1,8.62,0.0,2.0,0.72,1.73,5.1
2025-07-23T14:00:00Z,28.1,8.35,0.0,2.0,0.7,2.1,3.8
2025-07-23T15:00:00Z,28.0,7.9,0.0,0.0,0.68,2.08,1.9
2025-07-23T16:00:00Z,27.9,7.44,0.0,1.0,0.68,1.71,0.6
2025-07-23T17:00:00Z,27.8,7.26,0.0,1.0,0.66,1.14,2.5
2025-07-23T18:00:00Z,27.8,7.51,0.0,2.0,0.66,0.51,3.8
2025-07-23T19:00:00Z,27.7,7.75,0.0,4.0,0.64,-0.08,4.3
2025-07-23T20:00:00Z,27.6,7.9,0.0,11.0,0.62,-0.55,4.2
2025-07-23T21:00:00Z,27.6,7.82,0.0,8.0,0.6,-0.76,2.9
2025-07-23T22:00:00Z,27.7,7.36,0.0,15.0,0.6,-0.62,0.7
2025-07-23T23:00:00Z,27.8,7.33,0.0,10.0,0.62,-0.22,1.6
2025-07-24T00:00:00Z,27.9,6.83,0.0,4.0,0.62,0.27,2.9
2025-07-24T01:00:00Z,27.9,6.92,0.0,5.0,0.64,0.75,3.1
2025-07-24T02:00:00Z,28.1,7.21,0.0,0.0,0.64,1.06,2.6
2025-07-24T03:00:00Z,28.2,7.4,0.1,4.0,0.66,1.08,1.4
2025-07-24T04:00:00Z,28.3,7.28,0.1,8.0,0.7,0.77,0.5
2025-07-24T05:00:00Z,28.3,7.2,0.0,11.0,0.72,0.26,1.8
2025-07-24T06:00:00Z,28.4,7.07,0.0,32.0,0.76,-0.29,2.9
2025-07-24T07:00:00Z,28.4,6.74,0.0,47.0,0.72,-0.76,3.1
2025-07-24T08:00:00Z,28.4,6.39,0.0,68.0,0.68,-1.1,2.8
2025-07-24T09:00:00Z,28.3,6.7,0.0,63.0,0.64,-1.16,1.7
2025-07-24T10:00:00Z,28.3,7.45,0.0,27.0,0.66,-0.84,1.3
2025-07-24T11:00:00Z,28.2,7.42,0.0,55.0,0.7,-0.18,3.4
2025-07-24T12:00:00Z,28.1,7.12,0.0,46.0,0.72,0.61,5.4
2025-07-24T13:00:00Z,28.1,7.73,0.0,38.0,0.74,1.41,5.9
2025-07-24T14:00:00Z,28.0,8.23,0.0,45.0,0.78,2.04,5.2
2025-07-24T15:00:00Z,28.0,8.57,0.0,65.0,0.8,2.36,3.8
2025-07-24T16:00:00Z,28.0,8.55,0.0,83.0,0.8,2.25,1.5
2025-07-24T17:00:00Z,27.8,8.68,0.1,93.0,0.82,1.79,0.9
2025-07-24T18:00:00Z,27.8,9.58,0.0,98.0,0.82,1.14,2.7
2025-07-24T19:00:00Z,27.7,10.27,0.0,96.0,0.88,0.47,4.0
2025-07-24T20:00:00Z,27.7,10.22,0.0,90.0,0.92,-0.14,4.3
2025-07-24T21:00:00Z,27.6,10.5,0.0,84.0,0.98,-0.57,3.8
2025-07-24T22:00:00Z,27.7,10.15,0.0,67.0,1.06,-0.68,2.1
2025-07-24T23:00:00Z,27.8,11.06,0.0,77.0,1.12,-0.4,0.6
2025-07-25T00:00:00Z,27.9,11.43,0.0,51.0,1.2,0.1,2.7
2025-07-25T01:00:00Z,28.0,11.29,0.1,55.0,1.22,0.67,4.0
2025-07-25T02:00:00Z,28.1,11.06,0.0,34.0,1.22,1.18,4.0
2025-07-25T03:00:00Z,28.2,10.94,0.0,34.0,1.24,1.45,3.1
2025-07-25T04:00:00Z,28.4,10.68,0.0,29.0,1.28,1.36,1.5
2025-07-25T05:00:00Z,28.4,10.42,0.0,32.0,1.34,0.94,0.7
2025-07-25T06:00:00Z,28.4,10.46,0.0,48.0,1.38,0.33,2.4
2025-07-25T07:00:00Z,28.4,10.57,0.1,61.0,1.36,-0.27,3.3
2025-07-25T08:00:00Z,28.2,10.61,0.0,98.0,1.32,-0.76,3.4
2025-07-25T09:00:00Z,28.1,11.5,0.1,100.0,1.3,-1.07,2.7
2025-07-25T10:00:00Z,27.9,11.83,0.1,100.0,1.32,-1.04,1.5
2025-07-25T11:00:00Z,27.8,11.4,0.0,100.0,1.36,-0.6,2.3
2025-07-25T12:00:00Z,27.7,11.64,0.1,100.0,1.38,0.16,4.6
2025-07-25T13:00:00Z,27.7,11.65,0.0,99.0,1.32,1.02,6.1
2025-07-25T14:00:00Z,27.7,11.46,0.1,98.0,1.24,1.8,6.3
2025-07-25T15:00:00Z,27.7,11.54,0.2,99.0,1.18,2.36,5.2
2025-07-25T16:00:00Z,27.6,11.15,0.2,91.0,1.16,2.54,3.2
2025-07-25T17:00:00Z,27.5,10.66,0.4,96.0,1.12,2.28,0.5
2025-07-25T18:00:00Z,27.4,9.78,0.6,96.0,1.1,1.69,1.8
2025-07-25T19:00:00Z,27.5,9.57,1.1,94.0,1.04,0.96,3.8
2025-07-25T20:00:00Z,27.5,9.2,1.7,92.0,1.0,0.23,4.9
2025-07-25T21:00:00Z,27.4,9.25,1.6,94.0,0.94,-0.4,5.1
2025-07-25T22:00:00Z,27.5,8.97,1.3,95.0,0.9,-0.79,4.3
2025-07-25T23:00:00Z,27.5,8.56,1.1,92.0,0.86,-0.77,2.2
2025-07-26T00:00:00Z,27.7,8.19,0.5,91.0,0.82,-0.38,1.0
2025-07-26T01:00:00Z,27.7,8.43,0.1,94.0,0.8,0.2,3.1
2025-07-26T02:00:00Z,27.8,8.79,0.0,96.0,0.8,0.79,3.8
2025-07-26T03:00:00Z,27.9,8.54,0.0,94.0,0.78,1.23,3.6
2025-07-26T04:00:00Z,28.0,7.86,0.0,94.0,0.8,1.39,2.4
2025-07-26T05:00:00Z,27.9,7.58,0.0,95.0,0.8,1.2,0.6
2025-07-26T06:00:00Z,28.1,7.42,0.1,97.0,0.82,0.71,1.3
2025-07-26T07:00:00Z,28.1,7.28,0.1,77.0,0.8,0.07,2.7
2025-07-26T08:00:00Z,28.1,7.45,0.0,47.0,0.8,-0.52,3.5
2025-07-26T09:00:00Z,28.0,7.72,0.0,16.0,0.78,-0.97,3.3
2025-07-26T10:00:00Z,27.8,7.54,0.0,64.0,0.78,-1.17,2.3
2025-07-26T11:00:00Z,27.8,7.92,0.0,58.0,0.8,-1.01,1.1
2025-07-26T12:00:00Z,27.8,8.15,0.0,52.0,0.8,-0.43,3.0
2025-07-26T13:00:00Z,27.7,8.16,0.1,39.0,0.78,0.41,5.4
2025-07-26T14:00:00Z,27.7,7.64,0.0,23.0,0.76,1.26,6.5
2025-07-26T15:00:00Z,27.7,7.54,0.0,14.0,0.74,1.98,6.1
2025-07-26T16:00:00Z,27.6,7.51,0.0,14.0,0.72,2.4,4.7
2025-07-26T17:00:00Z,27.5,7.5,0.0,12.0,0.72,2.42,2.4
2025-07-26T18:00:00Z,27.4,7.67,0.0,4.0,0.7,2.03,0.3
2025-07-26T19:00:00Z,27.4,7.54,0.0,0.0,0.68,1.37,2.5
2025-07-26T20:00:00Z,27.4,7.4,0.0,9.0,0.66,0.63,4.2
2025-07-26T21:00:00Z,27.3,7.43,0.0,11.0,0.64,-0.06,4.7
2025-07-26T22:00:00Z,27.6,6.9,0.1,27.0,0.64,-0.58,4.4
2025-07-26T23:00:00Z,27.6,7.42,0.1,16.0,0.62,-0.8,3.1
2025-07-27T00:00:00Z,27.7,7.39,0.0,28.0,0.62,-0.6,1.0
2025-07-27T01:00:00Z,27.7,7.11,0.0,29.0,0.64,-0.08,2.2
2025-07-27T02:00:00Z,27.7,6.99,0.0,40.0,0.66,0.54,4.0
2025-07-27T03:00:00Z,27.8,7.09,0.0,42.0,0.68,1.07,4.1
2025-07-27T04:00:00Z,27.8,7.01,0.0,13.0,0.7,1.42,3.4
2025-07-27T05:00:00Z,27.9,7.31,0.0,13.0,0.72,1.46,2.0
2025-07-27T06:00:00Z,27.8,8.19,0.0,20.0,0.74,1.15,0.2
2025-07-27T07:00:00Z,27.8,8.39,0.1,25.0,0.74,0.58,1.8
2025-07-27T08:00:00Z,27.7,7.81,0.0,45.0,0.74,-0.07,3.1
2025-07-27T09:00:00Z,27.8,7.54,0.0,62.0,0.74,-0.62,3.7
2025-07-27T10:00:00Z,28.0,7.91,0.0,99.0,0.72,-0.98,3.2
2025-07-27T11:00:00Z,28.1,7.63,0.1,92.0,0.68,-1.05,1.9
2025-07-27T12:00:00Z,28.0,7.72,0.1,87.0,0.66,-0.75,1.5
2025-07-27T13:00:00Z,27.8,7.88,0.0,89.0,0.7,-0.05,3.9
2025-07-27T14:00:00Z,27.7,7.9,0.0,62.0,0.72,0.8,5.8
2025-07-27T15:00:00Z,27.5,7.53,0.0,55.0,0.76,1.57,6.3
2025-07-27T16:00:00Z,27.4,8.14,0.1,50.0,0.74,2.12,5.4
2025-07-27T17:00:00Z,27.4,8.05,0.1,45.0,0.74,2.37,3.6
2025-07-27T18:00:00Z,27.2,8.47,0.2,26.0,0.72,2.23,1.3
2025-07-27T19:00:00Z,26.9,7.65,0.6,54.0,0.72,1.71,1.3
2025-07-27T20:00:00Z,26.8,7.06,0.8,69.0,0.74,0.98,3.4
2025-07-27T21:00:00Z,26.9,6.9,0.2,47.0,0.74,0.25,4.7
2025-07-27T22:00:00Z,27.3,7.41,0.2,69.0,0.76,-0.35,4.7
2025-07-27T23:00:00Z,27.4,8.27,0.1,62.0,0.76,-0.73,3.8
2025-07-28T00:00:00Z,27.5,8.22,0.1,32.0,0.78,-0.77,1.9
2025-07-28T01:00:00Z,27.8,8.21,0.2,31.0,0.8,-0.41,1.0
2025-07-28T02:00:00Z,27.8,7.95,0.3,44.0,0.8,0.21,3.2
2025-07-28T03:00:00Z,28.0,7.86,0.0,35.0,0.82,0.82,4.5
2025-07-28T04:00:00Z,28.1,8.16,0.0,27.0,0.84,1.26,4.2
2025-07-28T05:00:00Z,28.1,8.6,0.2,38.0,0.84,1.5,3.2
2025-07-28T06:00:00Z,28.1,9.16,0.0,25.0,0.86,1.43,1.5
2025-07-28T07:00:00Z,28.0,8.99,0.0,21.0,0.88,1.03,0.9
2025-07-28T08:00:00Z,28.0,8.31,0.0,44.0,0.92,0.43,2.5
2025-07-28T09:00:00Z,28.0,7.71,0.0,66.0,0.94,-0.18,3.6
2025-07-28T10:00:00Z,28.2,7.89,0.0,92.0,0.88,-0.65,3.6
2025-07-28T11:00:00Z,28.2,7.95,0.0,75.0,0.8,-0.88,2.8
2025-07-28T12:00:00Z,28.1,8.14,0.0,61.0,0.74,-0.82,1.3
2025-07-28T13:00:00Z,28.0,8.57,0.0,72.0,0.76,-0.37,1.7
2025-07-28T14:00:00Z,27.9,8.35,0.0,49.0,0.78,0.36,4.0
2025-07-28T15:00:00Z,27.9,8.45,0.0,34.0,0.8,1.13,5.4
2025-07-28T16:00:00Z,27.8,8.35,0.0,26.0,0.84,1.75,5.2
2025-07-28T17:00:00Z,27.8,8.56,0.1,15.0,0.9,2.13,4.2
2025-07-28T18:00:00Z,27.8,9.11,0.0,14.0,0.94,2.19,2.2
2025-07-28T19:00:00Z,27.7,9.74,0.1,18.0,1.0,1.89,0.4
2025-07-28T20:00:00Z,27.7,10.04,0.1,25.0,1.04,1.31,2.2
2025-07-28T21:00:00Z,27.7,10.42,0.0,21.0,1.1,0.61,3.8
2025-07-28T22:00:00Z,27.5,9.69,0.0,19.0,1.12,0.0,4.4
2025-07-28T23:00:00Z,27.6,10.33,0.0,57.0,1.12,-0.44,3.9
2025-07-29T00:00:00Z,27.7,10.61,0.0,95.0,1.14,-0.62,2.5
2025-07-29T01:00:00Z,27.8,10.76,0.1,100.0,1.14,-0.47,1.1
2025-07-29T02:00:00Z,27.7,10.8,0.2,100.0,1.14,0.02,2.4
2025-07-29T03:00:00Z,27.4,11.14,1.2,100.0,1.14,0.65,4.1
2025-07-29T04:00:00Z,27.3,11.61,3.3,100.0,1.22,1.18,4.5
2025-07-29T05:00:00Z,27.4,11.61,4.1,100.0,1.3,1.53,3.8
2025-07-29T06:00:00Z,27.5,11.56,2.5,100.0,1.38,1.64,2.5
2025-07-29T07:00:00Z,27.7,11.47,3.8,100.0,1.42,1.47,0.8
2025-07-29T08:00:00Z,27.7,11.8,3.4,100.0,1.46,1.03,1.3
2025-07-29T09:00:00Z,27.8,11.73,2.1,100.0,1.5,0.45,2.7
2025-07-29T10:00:00Z,27.5,12.76,1.3,100.0,1.46,-0.1,3.5
2025-07-29T11:00:00Z,27.6,12.72,0.7,100.0,1.44,-0.47,3.2
2025-07-29T12:00:00Z,27.6,11.26,0.7,100.0,1.4,-0.58,2.3
2025-07-29T13:00:00Z,27.8,11.75,0.7,100.0,1.36,-0.4,1.6
2025-07-29T14:00:00Z,27.5,12.55,2.1,100.0,1.32,0.13,2.7
2025-07-29T15:00:00Z,27.5,13.01,4.4,100.0,1.28,0.86,4.4
2025-07-29T16:00:00Z,27.5,14.63,5.1,100.0,1.44,1.55,5.2
2025-07-29T17:00:00Z,27.4,14.92,4.8,100.0,1.62,2.03,4.9
2025-07-29T18:00:00Z,27.4,16.05,7.0,100.0,1.78,2.25,3.4
2025-07-29T19:00:00Z,27.2,15.99,13.6,100.0,1.92,2.17,1.6
2025-07-29T20:00:00Z,27.2,15.6,14.2,100.0,2.06,1.76,0.6
2025-07-29T21:00:00Z,27.3,12.93,8.2,99.0,2.2,1.11,2.7
2025-07-29T22:00:00Z,27.7,14.62,4.0,99.0,2.04,0.46,3.8
2025-07-29T23:00:00Z,27.7,13.39,0.5,99.0,1.88,-0.07,3.9
2025-07-30T00:00:00Z,27.7,10.85,0.2,100.0,1.72,-0.35,2.9
2025-07-30T01:00:00Z,27.7,9.04,0.2,100.0,1.5,-0.42,1.7
2025-07-30T02:00:00Z,27.9,6.75,0.1,100.0,1.26,-0.15,1.5
2025-07-30T03:00:00Z,28.0,2.17,0.1,99.0,1.04,0.37,3.0
2025-07-30T04:00:00Z,27.8,3.58,0.2,100.0,1.04,0.9,4.0
2025-07-30T05:00:00Z,27.9,6.37,0.2,100.0,1.04,1.26,3.6
2025-07-30T06:00:00Z,28.0,8.77,0.1,100.0,1.04,1.43,2.6
2025-07-30T07:00:00Z,27.7,10.55,0.3,100.0,1.32,1.39,1.2
2025-07-30T08:00:00Z,27.5,11.99,0.8,100.0,1.62,1.11,1.4
2025-07-30T09:00:00Z,27.2,12.76,0.8,100.0,1.9,0.63,2.9
2025-07-30T10:00:00Z,27.3,12.15,1.0,100.0,1.88,0.09,4.0
2025-07-30T11:00:00Z,27.3,13.42,0.7,99.0,1.84,-0.36,4.1
2025-07-30T12:00:00Z,27.5,13.52,0.4,100.0,1.82,-0.58,3.2
2025-07-30T13:00:00Z,27.6,12.63,0.5,98.0,1.66,-0.54,1.6
2025-07-30T14:00:00Z,27.8,11.77,0.2,99.0,1.5,-0.24,0.4
2025-07-30T15:00:00Z,28.0,10.86,0.1,76.0,1.34,0.3,2.4
2025-07-30T16:00:00Z,28.2,10.03,0.0,37.0,1.2,0.9,3.8
2025-07-30T17:00:00Z,28.3,9.81,0.1,46.0,1.08,1.35,4.1
2025-07-30T18:00:00Z,28.4,9.16,0.0,50.0,0.94,1.57,3.2
2025-07-30T19:00:00Z,28.4,8.76,0.1,47.0,0.94,1.59,2.1
2025-07-30T20:00:00Z,28.3,8.41,0.1,47.0,0.96,1.39,1.3
2025-07-30T21:00:00Z,28.3,7.6,0.7,84.0,0.96,0.95,2.3
2025-07-30T22:00:00Z,27.8,6.6,0.8,89.0,0.88,0.36,3.5
2025-07-30T23:00:00Z,27.8,6.69,0.9,91.0,0.8,-0.2,4.0
2025-07-31T00:00:00Z,28.0,7.0,1.0,78.0,0.72,-0.56,3.4
2025-07-31T01:00:00Z,28.2,7.93,1.2,82.0,0.8,-0.68,2.2
2025-07-31T02:00:00Z,28.4,8.05,0.4,82.0,0.9,-0.55,0.4
2025-07-31T03:00:00Z,28.6,8.75,0.3,66.0,0.98,-0.18,1.7
2025-07-31T04:00:00Z,28.6,9.23,0.3,57.0,1.02,0.36,3.5
2025-07-31T05:00:00Z,28.6,9.56,0.2,53.0,1.06,0.85,4.3
2025-07-31T06:00:00Z,28.7,9.0,0.2,33.0,1.1,1.15,3.8
2025-07-31T07:00:00Z,28.6,9.22,0.1,32.0,1.08,1.28,2.9
2025-07-31T08:00:00Z,28.4,9.39,0.1,20.0,1.08,1.23,1.8
2025-07-31T09:00:00Z,28.4,9.99,0.0,14.0,1.06,0.98,1.4
2025-07-31T10:00:00Z,28.5,9.45,0.0,8.0,1.0,0.56,2.2
2025-07-31T11:00:00Z,28.4,8.9,0.3,17.0,0.92,0.11,2.9
2025-07-31T12:00:00Z,28.5,8.64,0.1,20.0,0.86,-0.22,2.7
2025-07-31T13:00:00Z,28.4,8.96,0.0,31.0,0.84,-0.34,1.8
2025-07-31T14:00:00Z,28.2,9.35,0.0,11.0,0.8,-0.24,0.5
2025-07-31T15:00:00Z,28.1,9.03,0.0,23.0,0.78,0.06,1.1
2025-07-31T16:00:00Z,28.0,8.59,0.0,28.0,0.78,0.53,2.5
2025-07-31T17:00:00Z,27.9,8.66,0.0,53.0,0.78,0.99,3.3
2025-07-31T18:00:00Z,28.0,8.22,0.0,81.0,0.78,1.27,3.2
2025-07-31T19:00:00Z,28.0,7.8,0.0,32.0,0.74,1.34,2.1
2025-07-31T20:00:00Z,28.0,7.54,0.0,46.0,0.7,1.25,1.1
2025-07-31T21:00:00Z,27.9,7.39,0.0,39.0,0.66,0.97,1.5
2025-07-31T22:00:00Z,28.0,6.22,0.0,31.0,0.6,0.52,2.6
2025-07-31T23:00:00Z,28.1,6.42,0.0,22.0,0.52,0.01,3.4
2025-08-01T00:00:00Z,28.2,6.95,0.0,13.0,0.46,-0.41,3.4
2025-08-01T01:00:00Z,28.3,7.14,0.0,13.0,0.46,-0.63,2.5
2025-08-01T02:00:00Z,28.4,7.11,0.0,19.0,0.48,-0.63,1.1
2025-08-01T03:00:00Z,28.4,7.01,0.0,17.0,0.48,-0.43,0.4
2025-08-01T04:00:00Z,28.5,7.04,0.0,9.0,0.48,-0.03,2.0
2025-08-01T05:00:00Z,28.4,7.39,0.0,11.0,0.48,0.47,3.5
2025-08-01T06:00:00Z,28.5,7.92,0.0,13.0,0.48,0.86,3.9
2025-08-01T07:00:00Z,28.5,8.0,0.0,25.0,0.52,1.09,3.2
2025-08-01T08:00:00Z,28.7,8.22,0.0,45.0,0.54,1.17,2.3
2025-08-01T09:00:00Z,28.7,8.15,0.0,58.0,0.58,1.12,1.3
2025-08-01T10:00:00Z,29.0,6.49,0.0,61.0,0.62,0.89,1.2
2025-08-01T11:00:00Z,28.9,6.54,0.0,58.0,0.64,0.51,2.1
2025-08-01T12:00:00Z,28.9,7.04,0.0,58.0,0.68,0.15,2.5
2025-08-01T13:00:00Z,28.9,7.24,0.0,50.0,0.66,-0.09,2.3
2025-08-01T14:00:00Z,28.9,7.9,0.0,46.0,0.64,-0.15,1.4
2025-08-01T15:00:00Z,28.8,8.29,0.0,51.0,0.62,-0.06,0.4
2025-08-01T16:00:00Z,28.8,8.5,0.0,52.0,0.62,0.18,0.7
2025-08-01T17:00:00Z,28.6,8.79,0.0,65.0,0.6,0.54,1.9
2025-08-01T18:00:00Z,28.4,8.7,0.0,77.0,0.6,0.85,2.3
2025-08-01T19:00:00Z,28.4,8.83,0.0,85.0,0.6,0.98,2.1
2025-08-01T20:00:00Z,28.3,8.7,0.0,83.0,0.58,0.98,1.3
2025-08-01T21:00:00Z,28.3,8.71,0.0,59.0,0.58,0.86,1.1
2025-08-01T22:00:00Z,28.6,8.2,0.0,72.0,0.56,0.6,1.8
2025-08-01T23:00:00Z,28.6,7.26,0.0,98.0,0.54,0.22,2.6
2025-08-02T00:00:00Z,28.7,6.79,0.0,90.0,0.52,-0.2,3.1
2025-08-02T01:00:00Z,28.9,6.51,0.0,99.0,0.48,-0.5,2.9
2025-08-02T02:00:00Z,29.1,6.09,0.0,92.0,0.44,-0.64,2.0
2025-08-02T03:00:00Z,29.3,5.52,0.0,91.0,0.4,-0.6,0.7
2025-08-02T04:00:00Z,29.5,4.75,0.0,93.0,0.38,-0.39,0.5
2025-08-02T05:00:00Z,29.6,4.41,0.0,99.0,0.34,-0.01,1.8
2025-08-02T06:00:00Z,29.7,5.08,0.0,100.0,0.32,0.42,2.9
2025-08-02T07:00:00Z,29.6,5.95,0.0,89.0,0.34,0.74,3.1
2025-08-02T08:00:00Z,29.4,6.46,0.0,85.0,0.38,0.93,2.5
2025-08-02T09:00:00Z,29.5,7.28,0.0,44.0,0.4,1.03,1.7
2025-08-02T10:00:00Z,29.9,6.15,0.0,81.0,0.36,1.0,1.0
2025-08-02T11:00:00Z,29.7,6.55,0.0,95.0,0.32,0.82,1.0
2025-08-02T12:00:00Z,29.6,7.21,0.0,100.0,0.28,0.52,2.0
2025-08-02T13:00:00Z,29.5,7.75,0.0,100.0,0.36,0.22,2.5
2025-08-02T14:00:00Z,29.5,7.89,0.0,100.0,0.42,0.02,2.2
2025-08-02T15:00:00Z,29.3,7.6,0.0,100.0,0.5,-0.04,1.4
2025-08-02T16:00:00Z,29.1,7.02,0.0,100.0,0.48,-0.02,0.9
2025-08-02T17:00:00Z,29.0,6.85,0.0,100.0,0.48,0.12,0.2
2025-08-02T18:00:00Z,28.9,6.57,0.0,96.0,0.46,0.36,0.8
2025-08-02T19:00:00Z,28.8,6.37,0.0,95.0,0.42,0.56,1.3
2025-08-02T20:00:00Z,28.9,6.08,0.0,93.0,0.4,0.63,1.0
2025-08-02T21:00:00Z,28.9,5.89,0.0,79.0,0.36,0.62,0.9
2025-08-02T22:00:00Z,28.9,5.78,0.0,21.0,0.34,0.56,1.2
2025-08-02T23:00:00Z,28.9,5.95,0.0,40.0,0.34,0.39,1.9
2025-08-03T00:00:00Z,29.0,5.57,0.0,46.0,0.32,0.08,2.4
2025-08-03T01:00:00Z,29.2,5.01,0.0,37.0,0.3,-0.25,2.7
2025-08-03T02:00:00Z,29.4,4.38,0.0,28.0,0.3,-0.5,2.5
2025-08-03T03:00:00Z,29.7,3.83,0.0,32.0,0.28,-0.59,1.6
2025-08-03T04:00:00Z,30.0,3.44,0.0,35.0,0.26,-0.55,0.7
2025-08-03T05:00:00Z,30.3,2.98,0.0,35.0,0.24,-0.36,0.4
2025-08-03T06:00:00Z,30.5,2.95,0.0,30.0,0.22,-0.02,1.5
2025-08-03T07:00:00Z,30.6,4.32,0.0,27.0,0.24,0.35,2.4
2025-08-03T08:00:00Z,30.3,6.15,0.0,36.0,0.28,0.66,2.6
2025-08-03T09:00:00Z,29.5,6.73,0.0,10.0,0.3,0.9,2.1
2025-08-03T10:00:00Z,30.0,6.84,0.0,16.0,0.26,1.06,1.5
2025-08-03T11:00:00Z,30.0,6.5,0.0,45.0,0.22,1.09,0.6
2025-08-03T12:00:00Z,30.0,5.34,0.0,64.0,0.18,0.96,0.7
2025-08-03T13:00:00Z,30.0,5.09,0.0,62.0,0.18,0.68,1.8
2025-08-03T14:00:00Z,29.7,4.87,0.1,37.0,0.16,0.4,2.4
2025-08-03T15:00:00Z,29.5,3.81,0.0,19.0,0.16,0.18,2.3
2025-08-03T16:00:00Z,29.4,2.8,0.0,19.0,0.14,0.06,1.9
2025-08-03T17:00:00Z,29.2,2.14,0.0,14.0,0.14,0.02,1.3
2025-08-03T18:00:00Z,29.1,2.73,0.0,17.0,0.12,0.11,0.9
2025-08-03T19:00:00Z,29.1,2.9,0.0,20.0,0.12,0.3,1.2
2025-08-03T20:00:00Z,29.1,3.01,0.0,8.0,0.14,0.46,1.5
2025-08-03T21:00:00Z,29.1,3.03,0.0,9.0,0.14,0.54,1.4
2025-08-03T22:00:00Z,29.3,2.2,0.0,2.0,0.14,0.59,1.0
2025-08-03T23:00:00Z,29.4,1.78,0.0,2.0,0.14,0.59,0.8
2025-08-04T00:00:00Z,29.5,1.19,0.0,2.0,0.14,0.47,0.7
2025-08-04T01:00:00Z,29.6,0.91,0.0,3.0,0.14,0.21,1.4
2025-08-04T02:00:00Z,29.7,0.85,0.0,3.0,0.12,-0.08,1.9
2025-08-04T03:00:00Z,29.9,1.27,0.1,4.0,0.12,-0.3,1.7
2025-08-04T04:00:00Z,29.9,1.63,0.0,3.0,0.1,-0.41,1.3
2025-08-04T05:00:00Z,30.0,2.5,0.0,2.0,0.1,-0.42,1.4
2025-08-04T06:00:00Z,30.1,3.61,0.0,4.0,0.08,-0.28,2.2
2025-08-04T07:00:00Z,30.2,3.74,0.0,10.0,0.1,0.04,3.2
2025-08-04T08:00:00Z,30.2,4.99,0.0,0.0,0.1,0.42,4.2
2025-08-04T09:00:00Z,30.0,5.09,0.0,0.0,0.12,0.75,4.5
2025-08-04T10:00:00Z,29.6,4.07,0.0,0.0,0.1,1.03,4.1
2025-08-04T11:00:00Z,29.6,4.25,0.0,0.0,0.1,1.26,3.4
2025-08-04T12:00:00Z,29.6,4.88,0.0,0.0,0.08,1.35,2.3
2025-08-04T13:00:00Z,29.6,4.88,0.0,0.0,0.1,1.24,1.1
2025-08-04T14:00:00Z,29.5,5.12,0.0,0.0,0.1,0.97,0.4
2025-08-04T15:00:00Z,29.3,6.3,0.0,0.0,0.12,0.65,1.2
2025-08-04T16:00:00Z,29.1,7.64,0.0,0.0,0.2,0.36,1.7
2025-08-04T17:00:00Z,28.9,7.92,0.0,0.0,0.28,0.13,1.6
2025-08-04T18:00:00Z,28.7,7.64,0.0,0.0,0.36,-0.02,1.3
2025-08-04T19:00:00Z,28.7,7.75,0.0,0.0,0.44,0.0,0.6
2025-08-04T20:00:00Z,28.7,7.97,0.0,1.0,0.54,0.14,0.6
2025-08-04T21:00:00Z,28.6,8.52,0.0,0.0,0.62,0.29,1.1
2025-08-04T22:00:00Z,28.5,7.97,0.0,1.0,0.64,0.41,1.5
2025-08-04T23:00:00Z,28.6,9.1,0.0,4.0,0.66,0.53,1.3
2025-08-05T00:00:00Z,28.7,9.41,0.0,0.0,0.68,0.6,1.2
2025-08-05T01:00:00Z,28.9,10.12,0.0,1.0,0.76,0.51,0.9
2025-08-05T02:00:00Z,29.1,10.71,0.0,1.0,0.86,0.25,1.0
2025-08-05T03:00:00Z,29.2,10.77,0.0,10.0,0.94,-0.08,1.7
2025-08-05T04:00:00Z,29.3,10.6,0.0,2.0,0.94,-0.37,1.8
2025-08-05T05:00:00Z,29.3,9.95,0.0,0.0,0.92,-0.56,1.5
2025-08-05T06:00:00Z,29.4,9.2,0.0,1.0,0.92,-0.63,1.0
2025-08-05T07:00:00Z,29.5,8.67,0.0,7.0,0.88,-0.52,0.4
2025-08-05T08:00:00Z,29.6,8.26,0.0,10.0,0.86,-0.21,1.5
2025-08-05T09:00:00Z,29.7,8.32,0.0,12.0,0.82,0.19,2.6
2025-08-05T10:00:00Z,29.9,8.61,0.0,14.0,0.78,0.57,3.0
2025-08-05T11:00:00Z,29.8,9.41,0.0,2.0,0.76,0.93,2.8
2025-08-05T12:00:00Z,29.4,9.77,0.0,9.0,0.72,1.23,2.3
2025-08-05T13:00:00Z,29.0,10.3,0.0,12.0,0.78,1.34,1.5
2025-08-05T14:00:00Z,28.8,11.25,0.0,10.0,0.86,1.2,0.6
2025-08-05T15:00:00Z,28.7,11.01,0.0,9.0,0.92,0.86,1.7
2025-08-05T16:00:00Z,28.7,10.95,0.0,5.0,0.92,0.43,2.5
2025-08-05T17:00:00Z,28.6,11.06,0.0,14.0,0.92,0.04,3.1
2025-08-05T18:00:00Z,28.6,10.6,0.0,6.0,0.92,-0.29,3.1
2025-08-05T19:00:00Z,28.6,10.25,0.0,5.0,0.92,-0.49,2.5
2025-08-05T20:00:00Z,28.6,9.8,0.0,17.0,0.92,-0.49,1.5
2025-08-05T21:00:00Z,28.7,9.5,0.0,44.0,0.92,-0.32,0.6
2025-08-05T22:00:00Z,28.9,8.32,0.0,41.0,0.84,-0.1,1.2
2025-08-05T23:00:00Z,29.0,8.26,0.0,48.0,0.78,0.13,1.4
2025-08-06T00:00:00Z,29.0,7.76,0.0,72.0,0.7,0.36,1.4
2025-08-06T01:00:00Z,29.2,7.51,0.0,83.0,0.64,0.47,1.0
2025-08-06T02:00:00Z,29.5,7.33,0.0,81.0,0.6,0.37,0.8
2025-08-06T03:00:00Z,29.9,6.75,0.0,80.0,0.54,0.08,1.3
2025-08-06T04:00:00Z,30.2,5.93,0.0,92.0,0.48,-0.29,2.0
2025-08-06T05:00:00Z,30.6,4.82,0.0,90.0,0.44,-0.61,2.2
2025-08-06T06:00:00Z,30.7,4.51,0.0,91.0,0.38,-0.83,1.8
2025-08-06T07:00:00Z,30.8,4.38,0.0,97.0,0.36,-0.9,0.9
2025-08-06T08:00:00Z,30.7,4.57,0.0,98.0,0.32,-0.73,0.4
2025-08-06T09:00:00Z,30.5,5.21,0.0,99.0,0.3,-0.33,2.2
2025-08-06T10:00:00Z,30.7,6.69,0.0,96.0,0.32,0.2,3.6
2025-08-06T11:00:00Z,30.7,7.74,0.0,97.0,0.36,0.74,4.2
2025-08-06T12:00:00Z,30.7,7.57,0.0,94.0,0.38,1.25,4.0
2025-08-06T13:00:00Z,30.6,6.71,0.0,97.0,0.44,1.62,3.3
2025-08-06T14:00:00Z,30.3,7.23,0.0,99.0,0.5,1.72,1.9
2025-08-06T15:00:00Z,30.1,8.25,0.0,99.0,0.56,1.5,0.4
2025-08-06T16:00:00Z,29.9,8.9,0.0,99.0,0.54,1.06,1.8
2025-08-06T17:00:00Z,29.7,8.73,0.0,98.0,0.52,0.53,3.1
2025-08-06T18:00:00Z,29.6,7.83,0.0,99.0,0.5,0.04,3.6
2025-08-06T19:00:00Z,29.6,7.4,0.0,97.0,0.46,-0.35,3.6
2025-08-06T20:00:00Z,29.6,7.01,0.0,96.0,0.42,-0.57,2.7
2025-08-06T21:00:00Z,29.7,6.95,0.0,99.0,0.38,-0.52,1.3
2025-08-06T22:00:00Z,29.8,5.63,0.0,98.0,0.36,-0.26,0.5
2025-08-06T23:00:00Z,29.9,5.01,0.0,100.0,0.34,0.08,1.6
2025-08-07T00:00:00Z,30.1,5.02,0.0,98.0,0.32,0.43,2.0
2025-08-07T01:00:00Z,30.3,5.04,0.0,91.0,0.3,0.72,1.8
2025-08-07T02:00:00Z,30.6,5.14,0.0,97.0,0.3,0.82,1.1
2025-08-07T03:00:00Z,30.9,5.06,0.0,97.0,0.28,0.64,0.2
2025-08-07T04:00:00Z,31.2,4.54,0.0,100.0,0.24,0.24,1.5
2025-08-07T05:00:00Z,31.3,4.06,0.0,100.0,0.22,-0.23,2.4
2025-08-07T06:00:00Z,31.5,3.47,0.0,100.0,0.18,-0.63,2.6
2025-08-07T07:00:00Z,31.6,2.23,0.0,99.0,0.18,-0.9,2.3
2025-08-07T08:00:00Z,31.5,1.51,0.0,93.0,0.18,-0.97,1.7
2025-08-07T09:00:00Z,31.1,3.11,0.0,87.0,0.18,-0.73,1.5
2025-08-07T10:00:00Z,30.3,4.39,0.0,90.0,0.18,-0.22,3.0
2025-08-07T11:00:00Z,29.9,5.34,0.0,75.0,0.16,0.4,4.5
2025-08-07T12:00:00Z,29.9,4.81,0.0,92.0,0.16,1.02,5.0
2025-08-07T13:00:00Z,29.9,4.78,0.0,90.0,0.2,1.55,4.7
2025-08-07T14:00:00Z,29.8,4.17,0.0,95.0,0.22,1.88,3.6
2025-08-07T15:00:00Z,29.7,3.63,0.0,96.0,0.26,1.88,2.0
2025-08-07T16:00:00Z,29.8,3.6,0.0,98.0,0.22,1.52,0.2
2025-08-07T17:00:00Z,29.8,3.32,0.0,97.0,0.2,0.96,2.0
2025-08-07T18:00:00Z,29.9,3.06,0.0,98.0,0.16,0.35,3.3
2025-08-07T19:00:00Z,30.0,2.8,0.0,98.0,0.16,-0.19,3.6
2025-08-07T20:00:00Z,30.0,2.74,0.0,99.0,0.16,-0.59,3.1
2025-08-07T21:00:00Z,30.1,2.41,0.0,94.0,0.16,-0.75,1.9
2025-08-07T22:00:00Z,29.9,2.52,0.0,94.0,0.14,-0.58,0.8
2025-08-07T23:00:00Z,29.9,3.0,0.0,97.0,0.1,-0.19,2.4
2025-08-08T00:00:00Z,29.9,3.39,0.0,89.0,0.08,0.27,3.6
2025-08-08T01:00:00Z,30.1,3.53,0.0,84.0,0.1,0.68,4.0
2025-08-08T02:00:00Z,30.4,3.65,0.0,62.0,0.14,0.96,3.4
2025-08-08T03:00:00Z,30.8,3.8,0.0,56.0,0.16,0.98,2.2
2025-08-08T04:00:00Z,31.1,3.75,0.0,86.0,0.14,0.67,0.5
2025-08-08T05:00:00Z,31.3,3.83,0.0,92.0,0.1,0.17,1.1
2025-08-08T06:00:00Z,31.3,4.11,0.0,86.0,0.08,-0.38,2.0
2025-08-08T07:00:00Z,31.1,4.66,0.0,92.0,0.1,-0.83,2.2
2025-08-08T08:00:00Z,30.6,5.54,0.0,88.0,0.12,-1.11,1.7
2025-08-08T09:00:00Z,30.0,6.03,0.0,89.0,0.14,-1.13,0.4
2025-08-08T10:00:00Z,29.7,6.35,0.0,100.0,0.2,-0.79,2.0
2025-08-08T11:00:00Z,29.6,7.64,0.0,99.0,0.28,-0.14,4.1
2025-08-08T12:00:00Z,29.6,7.24,0.0,99.0,0.34,0.62,5.6
2025-08-08T13:00:00Z,29.6,7.67,0.0,100.0,0.36,1.31,6.0
2025-08-08T14:00:00Z,29.5,7.46,0.0,99.0,0.4,1.84,5.1
2025-08-08T15:00:00Z,29.5,7.35,0.0,100.0,0.42,2.08,3.5
2025-08-08T16:00:00Z,29.5,7.6,0.0,94.0,0.44,1.92,1.5
2025-08-08T17:00:00Z,29.5,7.51,0.0,94.0,0.44,1.42,1.2
2025-08-08T18:00:00Z,29.7,7.26,0.0,96.0,0.46,0.74,3.1
2025-08-08T19:00:00Z,29.8,6.91,0.0,99.0,0.46,0.07,4.2
2025-08-08T20:00:00Z,30.0,6.2,0.0,98.0,0.44,-0.5,4.1
2025-08-08T21:00:00Z,30.2,5.73,0.0,100.0,0.44,-0.87,3.4
2025-08-08T22:00:00Z,30.1,5.04,0.0,95.0,0.4,-0.9,1.6
2025-08-08T23:00:00Z,30.1,4.45,0.0,94.0,0.36,-0.56,0.9
2025-08-09T00:00:00Z,30.1,4.64,0.0,97.0,0.32,-0.02,2.9
2025-08-09T01:00:00Z,30.3,4.98,0.0,97.0,0.32,0.53,3.8
2025-08-09T02:00:00Z,30.5,5.07,0.0,96.0,0.32,0.97,3.5
2025-08-09T03:00:00Z,30.7,5.98,0.0,100.0,0.32,1.18,2.5
2025-08-09T04:00:00Z,31.0,5.64,0.0,100.0,0.28,1.07,1.0
2025-08-09T05:00:00Z,31.3,4.9,0.0,100.0,0.26,0.65,1.2
2025-08-09T06:00:00Z,31.3,4.82,0.0,100.0,0.22,0.05,2.7
2025-08-09T07:00:00Z,31.2,4.8,0.0,100.0,0.22,-0.55,3.4
2025-08-09T08:00:00Z,30.8,5.0,0.0,100.0,0.2,-1.0,3.2
2025-08-09T09:00:00Z,30.5,5.42,0.0,100.0,0.2,-1.22,2.1
2025-08-09T10:00:00Z,30.2,5.61,0.0,100.0,0.28,-1.1,0.5
2025-08-09T11:00:00Z,30.1,7.05,0.0,98.0,0.36,-0.57,2.7
2025-08-09T12:00:00Z,30.1,7.13,0.0,98.0,0.44,0.24,5.1
2025-08-09T13:00:00Z,30.1,7.1,0.0,97.0,0.44,1.08,6.2
2025-08-09T14:00:00Z,30.1,6.88,0.0,93.0,0.46,1.77,5.8
2025-08-09T15:00:00Z,30.1,6.77,0.0,100.0,0.46,2.21,4.4
2025-08-09T16:00:00Z,30.1,6.78,0.0,100.0,0.44,2.27,2.3
2025-08-09T17:00:00Z,30.2,6.69,0.0,100.0,0.44,1.91,0.8
2025-08-09T18:00:00Z,30.3,6.47,0.0,100.0,0.42,1.25,2.9
2025-08-09T19:00:00Z,30.3,6.65,0.0,100.0,0.4,0.46,4.7
2025-08-09T20:00:00Z,30.3,6.67,0.0,100.0,0.4,-0.26,5.6
2025-08-09T21:00:00Z,30.2,6.04,0.0,100.0,0.38,-0.8,5.1
2025-08-09T22:00:00Z,30.3,5.06,0.0,99.0,0.38,-1.06,3.7
2025-08-09T23:00:00Z,30.2,5.26,0.0,100.0,0.4,-0.92,1.5
2025-08-10T00:00:00Z,30.3,5.35,0.0,100.0,0.4,-0.39,1.7
2025-08-10T01:00:00Z,30.5,5.52,0.0,100.0,0.38,0.28,3.6
2025-08-10T02:00:00Z,30.8,5.49,0.0,100.0,0.38,0.86,4.1
2025-08-10T03:00:00Z,31.2,5.33,0.0,100.0,0.36,1.25,3.4
2025-08-10T04:00:00Z,31.4,5.1,0.0,100.0,0.34,1.33,1.8
2025-08-10T05:00:00Z,31.6,4.26,0.0,100.0,0.3,1.07,0.2
2025-08-10T06:00:00Z,31.3,2.96,0.0,100.0,0.28,0.51,2.1
2025-08-10T07:00:00Z,30.8,1.56,0.0,100.0,0.26,-0.18,3.4
2025-08-10T08:00:00Z,30.4,0.56,0.0,100.0,0.24,-0.79,3.9
2025-08-10T09:00:00Z,30.0,0.54,0.0,99.0,0.22,-1.19,3.4
2025-08-10T10:00:00Z,30.6,2.3,0.0,100.0,0.18,-1.29,2.3
2025-08-10T11:00:00Z,30.0,3.68,0.0,100.0,0.16,-0.99,2.3
2025-08-10T12:00:00Z,29.8,3.73,0.0,99.0,0.12,-0.28,4.7
2025-08-10T13:00:00Z,29.6,4.21,0.0,100.0,0.12,0.66,6.9
2025-08-10T14:00:00Z,29.6,3.75,0.0,100.0,0.14,1.51,7.6
2025-08-10T15:00:00Z,29.5,2.41,0.0,98.0,0.14,2.11,6.8
2025-08-10T16:00:00Z,29.4,1.39,0.0,100.0,0.18,2.38,4.9
2025-08-10T17:00:00Z,29.3,2.15,0.0,98.0,0.2,2.25,2.5
2025-08-10T18:00:00Z,29.2,2.73,0.0,98.0,0.24,1.72,0.4
2025-08-10T19:00:00Z,29.2,3.15,0.0,100.0,0.26,0.94,2.7
2025-08-10T20:00:00Z,29.3,3.28,0.0,98.0,0.28,0.12,4.3
2025-08-10T21:00:00Z,29.3,3.89,0.0,92.0,0.3,-0.55,4.5
2025-08-10T22:00:00Z,29.5,3.89,0.0,98.0,0.28,-1.0,3.7
2025-08-10T23:00:00Z,29.6,4.73,0.0,99.0,0.26,-1.08,1.9
2025-08-11T00:00:00Z,29.7,5.09,0.0,100.0,0.24,-0.71,1.2
2025-08-11T01:00:00Z,29.8,5.11,0.0,100.0,0.24,-0.04,3.8
2025-08-11T02:00:00Z,29.9,4.91,0.0,100.0,0.24,0.68,5.1
2025-08-11T03:00:00Z,29.9,4.72,0.0,100.0,0.24,1.2,4.9
2025-08-11T04:00:00Z,29.8,4.45,0.0,100.0,0.22,1.46,3.5
2025-08-11T05:00:00Z,29.7,4.21,0.0,99.0,0.18,1.39,1.5
2025-08-11T06:00:00Z,29.6,4.11,0.0,100.0,0.16,0.99,1.0
2025-08-11T07:00:00Z,29.4,4.32,0.0,100.0,0.16,0.33,2.7
2025-08-11T08:00:00Z,29.2,5.44,0.0,100.0,0.18,-0.37,4.0
2025-08-11T09:00:00Z,29.1,5.98,0.0,100.0,0.18,-0.95,4.1
2025-08-11T10:00:00Z,30.0,3.73,0.0,100.0,0.18,-1.26,3.3
2025-08-11T11:00:00Z,30.0,1.69,0.0,97.0,0.18,-1.23,1.8
2025-08-11T12:00:00Z,29.6,1.08,0.0,99.0,0.18,-0.8,2.0
2025-08-11T13:00:00Z,29.5,1.16,0.0,100.0,0.22,0.0,4.5
2025-08-11T14:00:00Z,29.3,1.9,0.0,99.0,0.26,0.92,6.1
2025-08-11T15:00:00Z,29.2,2.48,0.0,99.0,0.3,1.67,6.0
2025-08-11T16:00:00Z,29.2,3.08,0.0,88.0,0.26,2.11,4.5
2025-08-11T17:00:00Z,29.2,3.86,0.0,74.0,0.22,2.2,2.3
2025-08-11T18:00:00Z,29.0,5.48,0.0,68.0,0.18,1.88,0.3
2025-08-11T19:00:00Z,28.9,7.33,0.0,74.0,0.26,1.24,2.7
2025-08-11T20:00:00Z,28.8,8.14,0.0,89.0,0.34,0.43,4.6
2025-08-11T21:00:00Z,28.7,8.52,0.0,74.0,0.42,-0.34,5.4
2025-08-11T22:00:00Z,28.7,7.62,0.0,45.0,0.48,-0.92,5.1
2025-08-11T23:00:00Z,28.7,8.59,0.0,38.0,0.52,-1.19,3.7
2025-08-12T00:00:00Z,28.8,9.5,0.0,49.0,0.58,-1.07,1.2
2025-08-12T01:00:00Z,29.0,9.25,0.0,49.0,0.6,-0.52,2.0
2025-08-12T02:00:00Z,29.3,8.93,0.0,60.0,0.6,0.25,4.4
2025-08-12T03:00:00Z,29.6,8.51,0.0,78.0,0.62,0.96,5.3
2025-08-12T04:00:00Z,29.7,8.27,0.0,86.0,0.64,1.41,4.6
2025-08-12T05:00:00Z,29.8,8.33,0.0,78.0,0.66,1.54,2.9
2025-08-12T06:00:00Z,29.7,8.82,0.0,87.0,0.68,1.32,1.2
2025-08-12T07:00:00Z,29.6,8.97,0.0,94.0,0.74,0.81,1.9
2025-08-12T08:00:00Z,29.4,9.17,0.0,98.0,0.8,0.12,3.5
2025-08-12T09:00:00Z,29.3,9.82,0.0,99.0,0.86,-0.56,4.3
2025-08-12T10:00:00Z,29.0,9.19,0.0,100.0,0.9,-1.05,4.1
2025-08-12T11:00:00Z,28.8,10.36,0.0,100.0,0.94,-1.23,2.7
2025-08-12T12:00:00Z,28.7,11.11,0.0,100.0,0.98,-1.07,0.6
2025-08-12T13:00:00Z,28.7,10.78,0.0,99.0,1.0,-0.51,2.2
2025-08-12T14:00:00Z,28.6,10.43,0.0,99.0,1.04,0.34,4.7
2025-08-12T15:00:00Z,28.5,10.56,0.0,99.0,1.06,1.18,6.0
2025-08-12T16:00:00Z,28.4,10.68,0.0,99.0,1.04,1.76,5.5
2025-08-12T17:00:00Z,28.4,10.4,0.0,100.0,1.0,2.0,3.7
2025-08-12T18:00:00Z,28.4,10.1,0.0,100.0,0.98,1.91,1.7
2025-08-12T19:00:00Z,28.4,10.02,0.0,100.0,0.98,1.45,2.1
2025-08-12T20:00:00Z,28.4,10.18,0.0,100.0,0.96,0.73,4.1
2025-08-12T21:00:00Z,28.4,10.15,0.0,99.0,0.96,-0.07,5.4
2025-08-12T22:00:00Z,28.4,8.36,0.0,97.0,0.9,-0.76,5.8
2025-08-12T23:00:00Z,28.5,7.9,0.0,100.0,0.86,-1.18,4.9
2025-08-13T00:00:00Z,28.6,7.97,0.0,99.0,0.8,-1.27,2.7
2025-08-13T01:00:00Z,28.7,7.86,0.0,100.0,0.78,-0.97,0.2
2025-08-13T02:00:00Z,28.9,7.8,0.0,89.0,0.76,-0.32,2.9
2025-08-13T03:00:00Z,29.0,8.1,0.0,33.0,0.74,0.47,4.8
2025-08-13T04:00:00Z,29.1,8.81,0.0,4.0,0.72,1.08,5.2
2025-08-13T05:00:00Z,29.1,9.18,0.0,27.0,0.72,1.39,4.0
2025-08-13T06:00:00Z,29.0,9.46,0.0,59.0,0.7,1.39,2.1
2025-08-13T07:00:00Z,29.0,9.53,0.0,50.0,0.74,1.08,1.4
2025-08-13T08:00:00Z,29.0,9.5,0.0,38.0,0.78,0.53,2.7
2025-08-13T09:00:00Z,29.0,9.57,0.0,7.0,0.82,-0.15,4.0
2025-08-13T10:00:00Z,28.8,9.22,0.0,32.0,0.86,-0.75,4.5
2025-08-13T11:00:00Z,28.7,9.57,0.0,75.0,0.9,-1.13,3.8
2025-08-13T12:00:00Z,28.7,9.57,0.0,32.0,0.94,-1.19,2.2
2025-08-13T13:00:00Z,28.7,8.86,0.0,15.0,0.92,-0.92,0.2
2025-08-13T14:00:00Z,28.6,8.56,0.0,10.0,0.88,-0.3,2.9
2025-08-13T15:00:00Z,28.5,8.36,0.0,3.0,0.86,0.51,5.1
2025-08-13T16:00:00Z,28.5,8.81,0.0,17.0,0.86,1.22,5.7
2025-08-13T17:00:00Z,28.4,9.08,0.0,22.0,0.88,1.63,4.7
2025-08-13T18:00:00Z,28.3,8.86,0.0,6.0,0.88,1.71,2.7
2025-08-13T19:00:00Z,28.3,8.3,0.0,5.0,0.86,1.47,1.4
2025-08-13T20:00:00Z,28.3,8.13,0.0,9.0,0.82,0.94,2.6
2025-08-13T21:00:00Z,28.2,8.38,0.0,37.0,0.8,0.22,4.2
2025-08-13T22:00:00Z,28.2,7.83,0.0,48.0,0.76,-0.52,5.0
2025-08-13T23:00:00Z,28.3,8.18,0.0,47.0,0.74,-1.07,4.9
2025-08-14T00:00:00Z,28.3,8.34,0.0,35.0,0.7,-1.31,3.4
2025-08-14T01:00:00Z,28.5,8.39,0.0,18.0,0.72,-1.19,1.1
2025-08-14T02:00:00Z,28.6,8.32,0.0,38.0,0.72,-0.72,1.6
2025-08-14T03:00:00Z,28.7,8.17,0.0,52.0,0.74,0.02,4.2
2025-08-14T04:00:00Z,28.8,8.07,0.0,62.0,0.74,0.78,5.7
2025-08-14T05:00:00Z,28.8,8.04,0.0,34.0,0.74,1.3,5.4
2025-08-14T06:00:00Z,28.8,8.06,0.0,12.0,0.74,1.5,3.9
2025-08-14T07:00:00Z,28.8,8.12,0.0,1.0,0.74,1.42,1.9
2025-08-14T08:00:00Z,28.8,8.18,0.0,0.0,0.76,1.06,1.4
2025-08-14T09:00:00Z,28.7,8.33,0.0,0.0,0.76,0.49,2.6
2025-08-14T10:00:00Z,28.6,7.78,0.0,1.0,0.76,-0.12,3.8
2025-08-14T11:00:00Z,28.5,7.69,0.0,1.0,0.76,-0.62,4.0
2025-08-14T12:00:00Z,28.4,8.5,0.0,0.0,0.76,-0.87,3.1
2025-08-14T13:00:00Z,28.4,8.38,0.0,3.0,0.76,-0.84,1.3
2025-08-14T14:00:00Z,28.3,8.32,0.0,1.0,0.74,-0.51,0.7
2025-08-14T15:00:00Z,28.2,8.36,0.0,5.0,0.74,0.08,2.9
2025-08-14T16:00:00Z,28.1,8.12,0.0,6.0,0.72,0.76,4.6
2025-08-14T17:00:00Z,28.1,8.03,0.0,8.0,0.7,1.27,4.5
2025-08-14T18:00:00Z,28.1,8.03,0.0,9.0,0.68,1.47,3.2
2025-08-14T19:00:00Z,28.0,8.1,0.0,9.0,0.66,1.39,1.4
2025-08-14T20:00:00Z,27.9,7.78,0.0,8.0,0.62,1.06,1.5
2025-08-14T21:00:00Z,27.9,7.4,0.0,14.0,0.6,0.51,3.2
2025-08-14T22:00:00Z,27.9,6.22,0.0,5.0,0.56,-0.15,4.3
2025-08-14T23:00:00Z,28.0,6.38,0.0,2.0,0.52,-0.73,4.7
2025-08-15T00:00:00Z,28.0,6.25,0.0,2.0,0.48,-1.1,4.0
2025-08-15T01:00:00Z,28.2,6.0,0.0,1.0,0.46,-1.19,2.3
2025-08-15T02:00:00Z,28.4,5.87,0.0,1.0,0.46,-0.99,0.3
2025-08-15T03:00:00Z,28.5,5.77,0.0,1.0,0.44,-0.51,2.2
2025-08-15T04:00:00Z,28.5,6.01,0.0,0.0,0.48,0.15,4.4
2025-08-15T05:00:00Z,28.6,6.55,0.0,2.0,0.54,0.78,5.3
2025-08-15T06:00:00Z,28.6,6.82,0.0,2.0,0.58,1.17,4.7
2025-08-15T07:00:00Z,28.6,7.17,0.0,5.0,0.6,1.29,3.1
2025-08-15T08:00:00Z,28.6,7.29,0.0,2.0,0.6,1.18,1.5
2025-08-15T09:00:00Z,28.5,7.24,0.0,8.0,0.62,0.86,1.5
2025-08-15T10:00:00Z,28.6,7.06,0.0,36.0,0.62,0.37,2.6
2025-08-15T11:00:00Z,28.5,7.67,0.0,76.0,0.6,-0.14,3.4
2025-08-15T12:00:00Z,28.5,7.99,0.0,87.0,0.6,-0.51,3.4
2025-08-15T13:00:00Z,28.4,7.78,0.0,41.0,0.6,-0.66,2.3
2025-08-15T14:00:00Z,28.4,7.47,0.0,13.0,0.62,-0.59,0.9
2025-08-15T15:00:00Z,28.3,7.19,0.0,11.0,0.62,-0.31,0.7
2025-08-15T16:00:00Z,28.2,7.05,0.0,21.0,0.58,0.18,2.5
2025-08-15T17:00:00Z,28.1,6.54,0.0,25.0,0.52,0.7,3.5
2025-08-15T18:00:00Z,28.1,6.11,0.0,42.0,0.48,1.03,3.4
2025-08-15T19:00:00Z,28.0,6.19,0.0,74.0,0.44,1.1,2.1
2025-08-15T20:00:00Z,28.0,6.28,0.0,51.0,0.4,0.96,0.9
2025-08-15T21:00:00Z,27.9,6.44,0.0,39.0,0.36,0.63,1.9
2025-08-15T22:00:00Z,27.9,5.47,0.0,31.0,0.34,0.14,3.1
2025-08-15T23:00:00Z,27.9,5.73,0.0,6.0,0.34,-0.4,4.0
2025-08-16T00:00:00Z,28.0,6.15,0.0,2.0,0.32,-0.84,4.0
2025-08-16T01:00:00Z,28.1,6.61,0.0,12.0,0.32,-1.07,2.9
2025-08-16T02:00:00Z,28.2,6.69,0.0,15.0,0.32,-1.06,1.5
2025-08-16T03:00:00Z,28.3,6.55,0.0,17.0,0.32,-0.83,0.6
2025-08-16T04:00:00Z,28.4,6.59,0.0,22.0,0.36,-0.37,2.5
2025-08-16T05:00:00Z,28.5,6.65,0.0,13.0,0.38,0.23,4.2
2025-08-16T06:00:00Z,28.6,6.74,0.0,12.0,0.42,0.76,4.8
2025-08-16T07:00:00Z,28.6,6.87,0.0,17.0,0.48,1.07,4.2
2025-08-16T08:00:00Z,28.6,7.02,0.0,0.0,0.52,1.18,2.7
2025-08-16T09:00:00Z,28.6,7.07,0.0,0.0,0.58,1.1,1.3
2025-08-16T10:00:00Z,28.5,6.41,0.0,0.0,0.58,0.85,1.3
2025-08-16T11:00:00Z,28.4,7.14,0.0,0.0,0.6,0.46,2.1
2025-08-16T12:00:00Z,28.4,7.53,0.0,0.0,0.6,0.05,2.9
2025-08-16T13:00:00Z,28.4,7.61,0.0,0.0,0.58,-0.24,2.7
2025-08-16T14:00:00Z,28.3,7.56,0.0,0.0,0.56,-0.38,2.0
2025-08-16T15:00:00Z,28.3,7.24,0.0,4.0,0.54,-0.36,0.9
2025-08-16T16:00:00Z,28.3,6.77,0.0,4.0,0.5,-0.18,0.4
2025-08-16T17:00:00Z,28.2,6.64,0.0,16.0,0.44,0.16,1.7
2025-08-16T18:00:00Z,28.2,6.33,0.1,11.0,0.4,0.51,2.5
2025-08-16T19:00:00Z,28.1,6.05,0.0,10.0,0.38,0.7,2.4
2025-08-16T20:00:00Z,28.1,5.81,0.0,4.0,0.36,0.72,1.4
2025-08-16T21:00:00Z,28.1,5.49,0.0,3.0,0.34,0.6,1.1
2025-08-16T22:00:00Z,28.0,4.98,0.0,2.0,0.32,0.33,1.9
2025-08-16T23:00:00Z,28.0,5.37,0.0,0.0,0.3,-0.05,2.8
2025-08-17T00:00:00Z,28.1,5.4,0.0,0.0,0.28,-0.47,3.2
2025-08-17T01:00:00Z,28.2,5.1,0.0,0.0,0.28,-0.8,3.1
2025-08-17T02:00:00Z,28.3,5.06,0.0,1.0,0.26,-0.95,2.2
2025-08-17T03:00:00Z,28.5,5.03,0.0,0.0,0.26,-0.93,0.9
2025-08-17T04:00:00Z,28.6,5.12,0.0,0.0,0.28,-0.74,0.5
2025-08-17T05:00:00Z,28.7,5.37,0.0,1.0,0.28,-0.36,2.2
2025-08-17T06:00:00Z,28.8,5.86,0.0,0.0,0.3,0.15,3.6
2025-08-17T07:00:00Z,28.9,6.31,0.0,1.0,0.34,0.6,4.2
2025-08-17T08:00:00Z,28.9,6.48,0.0,9.0,0.4,0.89,3.8
2025-08-17T09:00:00Z,28.8,6.39,0.0,38.0,0.44,1.05,2.6
2025-08-17T10:00:00Z,29.0,5.73,0.0,49.0,0.44,1.07,1.5
2025-08-17T11:00:00Z,28.9,6.1,0.0,42.0,0.44,0.91,0.8
2025-08-17T12:00:00Z,28.9,6.44,0.0,65.0,0.44,0.6,1.7
2025-08-17T13:00:00Z,28.8,6.75,0.0,73.0,0.44,0.26,2.3
2025-08-17T14:00:00Z,28.7,7.26,0.0,66.0,0.46,0.0,2.3
2025-08-17T15:00:00Z,28.6,7.57,0.0,47.0,0.46,-0.17,2.0
2025-08-17T16:00:00Z,28.4,7.92,0.0,33.0,0.46,-0.26,1.5
2025-08-17T17:00:00Z,28.3,8.14,0.0,18.0,0.48,-0.2,0.6
2025-08-17T18:00:00Z,28.2,7.72,0.0,24.0,0.48,0.0,0.8
2025-08-17T19:00:00Z,28.1,7.18,0.0,23.0,0.46,0.23,1.5
2025-08-17T20:00:00Z,28.0,6.63,0.0,11.0,0.46,0.35,1.5
2025-08-17T21:00:00Z,27.9,6.12,0.0,11.0,0.44,0.38,1.1
2025-08-17T22:00:00Z,28.2,4.97,0.0,14.0,0.42,0.33,1.0
2025-08-17T23:00:00Z,28.3,5.37,0.0,14.0,0.4,0.18,1.6
2025-08-18T00:00:00Z,28.4,5.55,0.0,21.0,0.38,-0.09,2.2
2025-08-18T01:00:00Z,28.5,5.9,0.0,7.0,0.36,-0.41,2.7
2025-08-18T02:00:00Z,28.7,6.32,0.0,6.0,0.32,-0.67,2.5
2025-08-18T03:00:00Z,28.8,6.47,0.0,6.0,0.3,-0.82,2.0
2025-08-18T04:00:00Z,28.9,6.54,0.0,8.0,0.36,-0.86,1.1
2025-08-18T05:00:00Z,29.0,6.85,0.0,10.0,0.4,-0.76,0.3
2025-08-18T06:00:00Z,29.0,7.29,0.0,50.0,0.46,-0.46,1.7
2025-08-18T07:00:00Z,29.1,7.6,0.0,41.0,0.5,-0.03,3.1
2025-08-18T08:00:00Z,29.0,7.86,0.0,52.0,0.52,0.38,3.7
2025-08-18T09:00:00Z,29.0,7.89,0.0,44.0,0.56,0.73,3.6
2025-08-18T10:00:00Z,28.8,7.02,0.0,39.0,0.56,1.01,3.0
2025-08-18T11:00:00Z,28.8,7.74,0.0,50.0,0.54,1.16,1.9
2025-08-18T12:00:00Z,28.8,8.33,0.0,36.0,0.54,1.11,1.0
2025-08-18T13:00:00Z,28.8,8.2,0.0,9.0,0.54,0.88,1.0
2025-08-18T14:00:00Z,28.7,8.37,0.0,0.0,0.54,0.57,2.0
2025-08-18T15:00:00Z,28.6,8.43,0.0,0.0,0.54,0.26,2.4
2025-08-18T16:00:00Z,28.5,8.68,0.0,1.0,0.56,-0.01,2.4
2025-08-18T17:00:00Z,28.3,8.62,0.0,5.0,0.56,-0.23,2.4
2025-08-18T18:00:00Z,28.2,8.17,0.0,4.0,0.58,-0.31,1.7
2025-08-18T19:00:00Z,28.0,7.85,0.0,6.0,0.56,-0.22,0.8
2025-08-18T20:00:00Z,28.0,7.46,0.0,1.0,0.52,-0.07,0.9
2025-08-18T21:00:00Z,28.0,7.11,0.0,3.0,0.5,0.07,1.0
2025-08-18T22:00:00Z,28.0,6.74,0.0,0.0,0.48,0.2,1.1
2025-08-18T23:00:00Z,28.2,7.07,0.0,0.0,0.46,0.29,0.9
2025-08-19T00:00:00Z,28.3,7.08,0.0,0.0,0.44,0.26,1.2
2025-08-19T01:00:00Z,28.5,6.82,0.0,0.0,0.42,0.07,1.5
2025-08-19T02:00:00Z,28.6,6.8,0.0,0.0,0.38,-0.23,2.2
2025-08-19T03:00:00Z,28.8,7.05,0.0,0.0,0.36,-0.51,2.2
2025-08-19T04:00:00Z,28.8,7.33,0.0,0.0,0.38,-0.73,2.0
2025-08-19T05:00:00Z,28.8,7.47,0.0,0.0,0.42,-0.88,1.5
2025-08-19T06:00:00Z,28.9,7.71,0.0,13.0,0.44,-0.87,0.4
2025-08-19T07:00:00Z,28.9,8.13,0.0,24.0,0.5,-0.64,1.1
2025-08-19T08:00:00Z,28.9,8.7,0.0,35.0,0.54,-0.23,2.6
2025-08-19T09:00:00Z,28.8,9.29,0.0,36.0,0.6,0.23,3.5
2025-08-19T10:00:00Z,28.7,8.93,0.0,0.0,0.62,0.68,3.6
2025-08-19T11:00:00Z,28.7,9.1,0.0,3.0,0.66,1.09,3.2
2025-08-19T12:00:00Z,28.6,9.14,0.0,0.0,0.68,1.35,2.4
2025-08-19T13:00:00Z,28.6,9.34,0.0,0.0,0.68,1.36,1.2
2025-08-19T14:00:00Z,28.6,9.18,0.0,0.0,0.68,1.14,0.9
2025-08-19T15:00:00Z,28.5,8.99,0.0,0.0,0.68,0.78,2.0
2025-08-19T16:00:00Z,28.4,8.8,0.0,0.0,0.64,0.37,2.9
2025-08-19T17:00:00Z,28.3,8.53,0.0,0.0,0.6,-0.04,3.4
2025-08-19T18:00:00Z,28.3,7.83,0.0,0.0,0.56,-0.39,3.4
2025-08-19T19:00:00Z,28.3,7.19,0.0,0.0,0.52,-0.56,2.5
2025-08-19T20:00:00Z,28.2,6.54,0.0,0.0,0.46,-0.5,1.2
2025-08-19T21:00:00Z,28.2,5.93,0.0,2.0,0.42,-0.3,0.7
2025-08-19T22:00:00Z,28.2,4.53,0.0,0.0,0.38,-0.03,1.3
2025-08-19T23:00:00Z,28.2,4.39,0.0,0.0,0.36,0.26,1.5
2025-08-20T00:00:00Z,28.2,5.66,0.0,0.0,0.32,0.48,1.3
2025-08-20T01:00:00Z,28.3,6.65,0.0,0.0,0.32,0.53,1.0
2025-08-20T02:00:00Z,28.5,6.8,0.0,0.0,0.32,0.34,1.0
2025-08-20T03:00:00Z,28.7,6.82,0.0,0.0,0.32,0.0,1.7
2025-08-20T04:00:00Z,28.8,6.89,0.0,0.0,0.34,-0.37,2.2
2025-08-20T05:00:00Z,28.8,6.86,0.0,0.0,0.36,-0.71,2.4
2025-08-20T06:00:00Z,28.8,6.66,0.0,0.0,0.38,-0.97,2.0
2025-08-20T07:00:00Z,28.9,6.77,0.0,0.0,0.42,-1.05,1.1
2025-08-20T08:00:00Z,28.9,7.19,0.0,0.0,0.48,-0.83,0.5
2025-08-20T09:00:00Z,28.8,7.48,0.0,0.0,0.52,-0.38,2.5
2025-08-20T10:00:00Z,28.9,7.76,0.0,0.0,0.52,0.19,3.8
2025-08-20T11:00:00Z,28.8,8.18,0.0,10.0,0.54,0.8,4.2
2025-08-20T12:00:00Z,28.7,8.28,0.0,34.0,0.54,1.35,3.9
2025-08-20T13:00:00Z,28.6,7.95,0.0,71.0,0.5,1.68,3.0
2025-08-20T14:00:00Z,28.5,6.77,0.0,86.0,0.44,1.69,1.3
2025-08-20T15:00:00Z,28.5,6.18,0.0,84.0,0.4,1.4,0.8
2025-08-20T16:00:00Z,28.5,5.56,0.0,86.0,0.36,0.91,2.4
2025-08-20T17:00:00Z,28.5,4.71,0.0,64.0,0.32,0.36,3.4
2025-08-20T18:00:00Z,28.5,4.25,0.0,31.0,0.28,-0.18,4.0
2025-08-20T19:00:00Z,28.4,4.69,0.0,10.0,0.26,-0.6,3.8
2025-08-20T20:00:00Z,28.4,4.84,0.0,10.0,0.26,-0.78,2.7
2025-08-20T21:00:00Z,28.4,4.81,0.0,9.0,0.24,-0.66,0.9
2025-08-20T22:00:00Z,28.6,4.26,0.0,6.0,0.2,-0.36,1.0
2025-08-20T23:00:00Z,28.6,4.49,0.0,7.0,0.18,0.03,1.9
2025-08-21T00:00:00Z,28.7,4.37,0.0,5.0,0.14,0.45,2.3
2025-08-21T01:00:00Z,28.8,4.24,0.0,4.0,0.14,0.76,2.0
2025-08-21T02:00:00Z,29.0,4.18,0.0,0.0,0.14,0.8,1.3
2025-08-21T03:00:00Z,29.2,4.1,0.0,0.0,0.14,0.55,0.8
2025-08-21T04:00:00Z,29.5,4.47,0.0,0.0,0.14,0.1,2.0
2025-08-21T05:00:00Z,29.7,5.26,0.0,0.0,0.16,-0.39,2.9
2025-08-21T06:00:00Z,29.8,6.08,0.0,0.0,0.16,-0.84,3.1
2025-08-21T07:00:00Z,29.5,6.69,0.0,0.0,0.22,-1.16,2.7
2025-08-21T08:00:00Z,29.5,7.19,0.0,0.0,0.28,-1.23,1.7
2025-08-21T09:00:00Z,29.5,6.88,0.0,0.0,0.34,-0.94,0.5
2025-08-21T10:00:00Z,29.3,7.21,0.0,0.0,0.4,-0.39,2.7
2025-08-21T11:00:00Z,29.1,7.45,0.0,0.0,0.44,0.29,4.2
2025-08-21T12:00:00Z,28.9,7.56,0.0,0.0,0.5,1.0,4.6
2025-08-21T13:00:00Z,28.9,7.48,0.0,0.0,0.48,1.6,4.2
2025-08-21T14:00:00Z,28.8,7.53,0.0,0.0,0.46,1.91,3.0
2025-08-21T15:00:00Z,28.8,7.45,0.0,0.0,0.44,1.82,1.3
2025-08-21T16:00:00Z,28.7,7.55,0.0,0.0,0.44,1.41,1.2
2025-08-21T17:00:00Z,28.7,7.72,0.0,0.0,0.46,0.81,2.9
2025-08-21T18:00:00Z,28.6,7.81,0.0,2.0,0.46,0.16,4.2
2025-08-21T19:00:00Z,28.6,7.81,0.0,5.0,0.46,-0.46,4.9
2025-08-21T20:00:00Z,28.6,7.65,0.0,6.0,0.48,-0.91,4.5
2025-08-21T21:00:00Z,28.5,7.66,0.0,15.0,0.48,-1.04,3.1
2025-08-21T22:00:00Z,28.5,6.62,0.0,12.0,0.42,-0.82,0.8
2025-08-21T23:00:00Z,28.7,5.82,0.0,17.0,0.34,-0.38,1.3
2025-08-22T00:00:00Z,28.8,5.26,0.0,22.0,0.28,0.15,2.3
2025-08-22T01:00:00Z,29.0,4.66,0.0,14.0,0.26,0.67,2.5
2025-08-22T02:00:00Z,29.2,4.21,0.0,20.0,0.24,0.97,2.0
2025-08-22T03:00:00Z,29.4,4.06,0.0,14.0,0.22,0.92,0.7
2025-08-22T04:00:00Z,29.6,4.51,0.0,23.0,0.18,0.54,1.5
2025-08-22T05:00:00Z,29.6,5.3,0.0,6.0,0.16,-0.02,3.1
2025-08-22T06:00:00Z,29.6,5.84,0.0,1.0,0.12,-0.59,3.8
2025-08-22T07:00:00Z,29.5,6.26,0.0,1.0,0.18,-1.07,3.8
2025-08-22T08:00:00Z,29.4,6.73,0.0,3.0,0.22,-1.39,3.1
2025-08-22T09:00:00Z,29.2,7.49,0.0,3.0,0.28,-1.38,1.5
2025-08-22T10:00:00Z,29.2,7.7,0.0,0.0,0.36,-0.97,1.1
2025-08-22T11:00:00Z,29.0,8.73,0.0,1.0,0.46,-0.29,3.6
2025-08-22T12:00:00Z,29.0,8.67,0.0,0.0,0.54,0.52,5.1
2025-08-22T13:00:00Z,29.0,9.13,0.0,0.0,0.6,1.31,5.3
2025-08-22T14:00:00Z,28.9,9.19,0.0,0.0,0.66,1.89,4.5
2025-08-22T15:00:00Z,28.9,8.85,0.0,0.0,0.72,2.08,2.7
2025-08-22T16:00:00Z,28.8,8.41,0.0,0.0,0.68,1.83,0.7
2025-08-22T17:00:00Z,28.8,8.25,0.0,0.0,0.62,1.26,2.6
2025-08-22T18:00:00Z,28.7,8.15,0.0,0.0,0.58,0.55,4.5
2025-08-22T19:00:00Z,28.7,7.75,0.0,0.0,0.56,-0.16,5.4
2025-08-22T20:00:00Z,28.7,6.98,0.0,1.0,0.56,-0.78,5.8
2025-08-22T21:00:00Z,28.7,6.72,0.0,1.0,0.54,-1.16,4.7
2025-08-22T22:00:00Z,28.9,7.13,0.0,0.0,0.5,-1.14,2.7
2025-08-22T23:00:00Z,28.9,6.72,0.0,0.0,0.44,-0.76,0.4
2025-08-23T00:00:00Z,29.0,6.5,0.0,0.0,0.4,-0.19,2.1
2025-08-23T01:00:00Z,29.3,6.14,0.0,0.0,0.38,0.43,3.2
2025-08-23T02:00:00Z,29.6,5.74,0.0,1.0,0.34,0.94,3.1
2025-08-23T03:00:00Z,29.9,5.28,0.0,1.0,0.32,1.16,2.1
2025-08-23T04:00:00Z,30.2,5.23,0.0,2.0,0.28,0.99,0.7
2025-08-23T05:00:00Z,30.4,5.29,0.0,8.0,0.22,0.5,2.0
2025-08-23T06:00:00Z,30.4,5.21,0.0,6.0,0.18,-0.13,3.4
2025-08-23T07:00:00Z,30.3,5.43,0.0,13.0,0.18,-0.74,4.3
2025-08-23T08:00:00Z,30.2,6.2,0.0,9.0,0.18,-1.23,4.1
2025-08-23T09:00:00Z,30.2,7.31,0.0,8.0,0.18,-1.48,3.3
2025-08-23T10:00:00Z,29.3,8.03,0.0,4.0,0.3,-1.36,1.2
2025-08-23T11:00:00Z,29.1,8.42,0.0,3.0,0.4,-0.83,1.6
2025-08-23T12:00:00Z,28.9,8.93,0.0,4.0,0.52,-0.03,4.0
2025-08-23T13:00:00Z,28.9,9.4,0.0,3.0,0.58,0.82,5.3
2025-08-23T14:00:00Z,28.9,9.32,0.0,5.0,0.62,1.56,5.1
2025-08-23T15:00:00Z,28.8,9.22,0.0,2.0,0.68,2.0,3.9
2025-08-23T16:00:00Z,28.8,9.15,0.0,0.0,0.68,2.01,1.8
2025-08-23T17:00:00Z,28.7,9.11,0.0,0.0,0.66,1.58,1.5
2025-08-23T18:00:00Z,28.7,8.86,0.0,2.0,0.66,0.89,3.8
2025-08-23T19:00:00Z,28.7,8.75,0.0,0.0,0.64,0.11,5.4
2025-08-23T20:00:00Z,28.6,8.61,0.0,2.0,0.64,-0.6,5.9
2025-08-23T21:00:00Z,28.6,8.35,0.0,1.0,0.62,-1.13,5.6
2025-08-23T22:00:00Z,28.6,7.95,0.0,3.0,0.6,-1.34,4.0
2025-08-23T23:00:00Z,28.5,8.1,0.0,3.0,0.58,-1.12,1.4
2025-08-24T00:00:00Z,28.6,7.75,0.0,0.0,0.56,-0.56,1.5
2025-08-24T01:00:00Z,28.9,7.26,0.0,0.0,0.52,0.12,3.4
2025-08-24T02:00:00Z,29.2,6.58,0.0,24.0,0.48,0.75,3.9
2025-08-24T03:00:00Z,29.5,6.05,0.0,47.0,0.44,1.18,3.3
2025-08-24T04:00:00Z,29.6,5.87,0.0,73.0,0.38,1.24,1.9
2025-08-24T05:00:00Z,29.6,6.15,0.0,53.0,0.32,0.92,1.2
2025-08-24T06:00:00Z,29.6,6.97,0.0,65.0,0.26,0.31,2.8
2025-08-24T07:00:00Z,29.4,7.88,0.0,74.0,0.34,-0.37,4.2
2025-08-24T08:00:00Z,29.3,8.66,0.0,64.0,0.4,-0.97,4.5
2025-08-24T09:00:00Z,29.4,9.02,0.0,51.0,0.48,-1.38,4.1
2025-08-24T10:00:00Z,29.4,9.35,0.0,68.0,0.54,-1.5,2.5
2025-08-24T11:00:00Z,29.3,9.01,0.0,49.0,0.62,-1.18,0.2
2025-08-24T12:00:00Z,29.2,8.92,0.0,5.0,0.68,-0.48,2.7
2025-08-24T13:00:00Z,29.1,8.78,0.0,11.0,0.68,0.38,4.9
2025-08-24T14:00:00Z,28.9,8.73,0.0,33.0,0.68,1.18,5.3
2025-08-24T15:00:00Z,28.8,9.01,0.0,22.0,0.68,1.78,4.6
2025-08-24T16:00:00Z,28.6,8.95,0.0,5.0,0.66,2.01,2.9
2025-08-24T17:00:00Z,28.6,9.0,0.0,9.0,0.66,1.8,0.9
2025-08-24T18:00:00Z,28.5,9.1,0.0,29.0,0.64,1.22,2.6
2025-08-24T19:00:00Z,28.5,9.2,0.0,35.0,0.62,0.45,4.7
2025-08-24T20:00:00Z,28.5,9.05,0.0,51.0,0.6,-0.31,5.8
2025-08-24T21:00:00Z,28.4,9.0,0.0,58.0,0.58,-0.93,5.8
2025-08-24T22:00:00Z,28.6,7.61,0.0,17.0,0.54,-1.3,4.9
2025-08-24T23:00:00Z,28.6,6.19,0.0,7.0,0.52,-1.28,2.7
2025-08-25T00:00:00Z,28.7,5.36,0.0,84.0,0.48,-0.84,0.3
2025-08-25T01:00:00Z,29.0,4.9,0.0,21.0,0.44,-0.17,2.8
2025-08-25T02:00:00Z,29.2,3.86,0.0,68.0,0.38,0.51,4.1
2025-08-25T03:00:00Z,29.4,3.25,0.0,73.0,0.34,1.06,3.9
2025-08-25T04:00:00Z,29.5,4.21,0.0,59.0,0.3,1.34,2.8
2025-08-25T05:00:00Z,29.4,5.22,0.0,32.0,0.26,1.24,1.2
2025-08-25T06:00:00Z,29.5,6.13,0.0,49.0,0.22,0.78,1.8
2025-08-25T07:00:00Z,29.4,6.15,0.0,61.0,0.26,0.12,3.4
2025-08-25T08:00:00Z,29.3,6.65,0.1,30.0,0.28,-0.54,4.3
2025-08-25T09:00:00Z,29.2,8.35,0.0,16.0,0.32,-1.06,4.5
2025-08-25T10:00:00Z,29.1,6.71,0.0,0.0,0.34,-1.36,3.6
2025-08-25T11:00:00Z,29.0,7.81,0.0,4.0,0.38,-1.31,1.8
2025-08-25T12:00:00Z,29.0,8.38,0.0,1.0,0.4,-0.83,0.9
2025-08-25T13:00:00Z,29.0,8.61,0.0,2.0,0.46,-0.07,3.4
2025-08-25T14:00:00Z,29.0,7.66,0.0,3.0,0.52,0.75,4.9
2025-08-25T15:00:00Z,28.9,7.07,0.0,2.0,0.58,1.41,4.6
2025-08-25T16:00:00Z,28.8,6.76,0.0,0.0,0.52,1.8,3.4
2025-08-25T17:00:00Z,28.7,6.34,0.0,0.0,0.44,1.82,1.4
2025-08-25T18:00:00Z,28.6,6.28,0.0,0.0,0.38,1.43,1.6
2025-08-25T19:00:00Z,28.6,6.55,0.0,0.0,0.38,0.75,3.8
2025-08-25T20:00:00Z,28.6,6.42,0.0,0.0,0.36,-0.01,5.4
2025-08-25T21:00:00Z,28.6,6.17,0.0,0.0,0.36,-0.69,5.8
2025-08-25T22:00:00Z,28.4,5.28,0.0,0.0,0.32,-1.14,5.1
2025-08-25T23:00:00Z,28.4,5.4,0.0,1.0,0.28,-1.29,3.3
2025-08-26T00:00:00Z,28.5,6.01,0.0,1.0,0.24,-1.04,1.0
2025-08-26T01:00:00Z,28.7,5.23,0.0,0.0,0.22,-0.44,2.0
2025-08-26T02:00:00Z,29.0,3.62,0.0,0.0,0.22,0.3,4.0
2025-08-26T03:00:00Z,29.2,2.32,0.0,0.0,0.2,0.94,4.3
2025-08-26T04:00:00Z,29.4,2.13,0.0,0.0,0.16,1.35,3.5
2025-08-26T05:00:00Z,29.5,2.45,0.0,0.0,0.14,1.45,1.7
2025-08-26T06:00:00Z,29.5,3.36,0.0,0.0,0.1,1.19,0.4
2025-08-26T07:00:00Z,29.4,4.36,0.0,0.0,0.16,0.63,2.5
2025-08-26T08:00:00Z,29.2,4.7,0.0,0.0,0.2,-0.05,4.0
2025-08-26T09:00:00Z,28.9,4.87,0.0,0.0,0.26,-0.66,4.6
2025-08-26T10:00:00Z,28.5,5.35,0.0,0.0,0.3,-1.06,4.0
2025-08-26T11:00:00Z,28.5,6.49,0.0,0.0,0.34,-1.19,2.7
2025-08-26T12:00:00Z,28.5,7.13,0.0,0.0,0.38,-0.96,1.0
2025-08-26T13:00:00Z,28.5,7.49,0.0,0.0,0.46,-0.35,2.2
2025-08-26T14:00:00Z,28.5,7.59,0.0,7.0,0.52,0.44,4.3
2025-08-26T15:00:00Z,28.4,7.75,0.0,0.0,0.6,1.13,4.9
2025-08-26T16:00:00Z,28.4,7.1,0.0,0.0,0.56,1.59,4.0
2025-08-26T17:00:00Z,28.3,6.41,0.0,2.0,0.54,1.74,2.2
2025-08-26T18:00:00Z,28.2,5.6,0.0,0.0,0.5,1.53,0.6
2025-08-26T19:00:00Z,28.1,5.08,0.0,12.0,0.44,0.99,2.5
2025-08-26T20:00:00Z,28.0,4.82,0.0,46.0,0.38,0.27,4.3
2025-08-26T21:00:00Z,27.9,5.12,0.0,38.0,0.32,-0.43,5.2
2025-08-26T22:00:00Z,28.0,4.46,0.0,1.0,0.3,-0.96,4.9
2025-08-26T23:00:00Z,28.0,4.54,0.0,0.0,0.28,-1.21,3.7
2025-08-27T00:00:00Z,28.0,4.93,0.0,0.0,0.26,-1.12,1.9
2025-08-27T01:00:00Z,28.1,5.55,0.0,0.0,0.28,-0.69,1.2
2025-08-27T02:00:00Z,28.3,5.88,0.0,0.0,0.28,0.0,3.4
2025-08-27T03:00:00Z,28.4,5.94,0.0,0.0,0.3,0.67,4.7
2025-08-27T04:00:00Z,28.5,6.04,0.0,2.0,0.3,1.15,4.5
2025-08-27T05:00:00Z,28.5,6.46,0.0,2.0,0.32,1.38,3.3
2025-08-27T06:00:00Z,28.5,6.92,0.0,1.0,0.32,1.32,1.5
2025-08-27T07:00:00Z,28.5,7.29,0.0,0.0,0.38,0.96,1.0
2025-08-27T08:00:00Z,28.5,7.69,0.0,0.0,0.42,0.38,2.5
2025-08-27T09:00:00Z,28.5,8.04,0.0,1.0,0.48,-0.25,3.8
2025-08-27T10:00:00Z,28.8,8.2,0.0,0.0,0.52,-0.73,4.0
2025-08-27T11:00:00Z,28.7,8.27,0.0,0.0,0.54,-0.99,3.1
2025-08-27T12:00:00Z,28.6,8.24,0.0,0.0,0.58,-0.95,1.5
2025-08-27T13:00:00Z,28.6,7.87,0.0,0.0,0.56,-0.6,0.9
2025-08-27T14:00:00Z,28.5,7.98,0.0,0.0,0.56,0.03,2.9
2025-08-27T15:00:00Z,28.5,8.25,0.0,0.0,0.54,0.7,4.3
2025-08-27T16:00:00Z,28.4,8.05,0.0,0.0,0.52,1.19,4.2
2025-08-27T17:00:00Z,28.4,7.97,0.0,17.0,0.52,1.42,2.8
2025-08-27T18:00:00Z,28.3,7.78,0.0,34.0,0.5,1.37,1.3
2025-08-27T19:00:00Z,28.2,7.7,0.0,51.0,0.5,1.03,1.5
2025-08-27T20:00:00Z,28.1,7.58,0.0,47.0,0.52,0.43,3.3
2025-08-27T21:00:00Z,28.1,7.54,0.0,17.0,0.52,-0.26,4.7
2025-08-27T22:00:00Z,28.2,6.65,0.0,1.0,0.48,-0.84,4.9
2025-08-27T23:00:00Z,28.2,6.16,0.0,0.0,0.46,-1.19,4.0
2025-08-28T00:00:00Z,28.3,6.07,0.0,0.0,0.42,-1.25,2.4
2025-08-28T01:00:00Z,28.5,6.04,0.0,0.0,0.4,-0.98,0.4
2025-08-28T02:00:00Z,28.6,6.12,0.0,0.0,0.36,-0.42,2.3
2025-08-28T03:00:00Z,28.8,6.43,0.0,5.0,0.34,0.27,4.2
2025-08-28T04:00:00Z,28.8,6.71,0.0,26.0,0.34,0.84,4.8
2025-08-28T05:00:00Z,28.9,7.04,0.0,0.0,0.36,1.17,3.9
2025-08-28T06:00:00Z,29.0,7.45,0.0,0.0,0.36,1.26,2.4
2025-08-28T07:00:00Z,29.0,7.55,0.0,1.0,0.38,1.1,1.1
2025-08-28T08:00:00Z,29.1,7.64,0.0,0.0,0.42,0.68,1.7
2025-08-28T09:00:00Z,29.0,7.87,0.0,0.0,0.44,0.12,3.1
2025-08-28T10:00:00Z,28.8,7.74,0.0,0.0,0.48,-0.4,3.8
2025-08-28T11:00:00Z,28.7,8.45,0.0,0.0,0.54,-0.74,3.4
2025-08-28T12:00:00Z,28.7,8.71,0.0,3.0,0.58,-0.83,2.2
2025-08-28T13:00:00Z,28.7,8.64,0.0,16.0,0.58,-0.67,0.6
2025-08-28T14:00:00Z,28.6,8.68,0.0,18.0,0.58,-0.24,1.4
2025-08-28T15:00:00Z,28.5,8.2,0.0,14.0,0.58,0.35,3.1
2025-08-28T16:00:00Z,28.5,8.0,0.0,30.0,0.56,0.87,3.8
2025-08-28T17:00:00Z,28.4,8.05,0.0,35.0,0.56,1.15,3.0
2025-08-28T18:00:00Z,28.3,7.91,0.0,21.0,0.54,1.18,1.7
2025-08-28T19:00:00Z,28.2,7.54,0.0,39.0,0.52,1.0,1.2
2025-08-28T20:00:00Z,28.2,7.3,0.0,76.0,0.52,0.6,2.5
2025-08-28T21:00:00Z,28.1,6.78,0.0,93.0,0.5,0.02,3.8
2025-08-28T22:00:00Z,28.2,5.78,0.0,82.0,0.46,-0.56,4.5
2025-08-28T23:00:00Z,28.2,5.66,0.0,74.0,0.42,-0.96,4.1
2025-08-29T00:00:00Z,28.2,5.9,0.0,23.0,0.38,-1.1,2.7
2025-08-29T01:00:00Z,28.4,6.12,0.0,14.0,0.36,-0.98,0.7
2025-08-29T02:00:00Z,28.6,6.3,0.0,9.0,0.36,-0.6,1.3
2025-08-29T03:00:00Z,28.7,6.33,0.0,0.0,0.34,-0.01,3.3
2025-08-29T04:00:00Z,28.8,6.3,0.0,0.0,0.36,0.6,4.6
2025-08-29T05:00:00Z,28.8,6.4,0.0,0.0,0.36,1.02,4.5
2025-08-29T06:00:00Z,28.9,6.7,0.0,4.0,0.38,1.2,3.2
2025-08-29T07:00:00Z,28.9,7.22,0.0,51.0,0.42,1.18,1.9
2025-08-29T08:00:00Z,28.9,7.67,0.0,93.0,0.46,0.94,1.1
2025-08-29T09:00:00Z,28.9,8.45,0.0,85.0,0.5,0.52,2.2
2025-08-29T10:00:00Z,28.9,7.82,0.0,59.0,0.5,0.03,3.3
2025-08-29T11:00:00Z,28.9,7.92,0.0,41.0,0.48,-0.39,3.6
2025-08-29T12:00:00Z,28.9,8.11,0.0,79.0,0.48,-0.6,2.9
2025-08-29T13:00:00Z,28.8,8.01,0.0,97.0,0.48,-0.59,1.6
2025-08-29T14:00:00Z,28.8,8.09,0.0,99.0,0.46,-0.37,0.2
2025-08-29T15:00:00Z,28.7,7.96,0.0,22.0,0.46,0.04,1.4
2025-08-29T16:00:00Z,28.6,7.32,0.0,10.0,0.46,0.51,2.7
2025-08-29T17:00:00Z,28.5,7.31,0.0,3.0,0.48,0.85,2.8
2025-08-29T18:00:00Z,28.5,7.44,0.0,10.0,0.48,0.95,2.0
2025-08-29T19:00:00Z,28.4,7.48,0.0,9.0,0.46,0.86,1.1
2025-08-29T20:00:00Z,28.4,7.19,0.0,13.0,0.46,0.62,1.7
2025-08-29T21:00:00Z,28.3,6.66,0.0,16.0,0.44,0.21,2.8
2025-08-29T22:00:00Z,28.3,5.73,0.0,10.0,0.42,-0.3,3.6
2025-08-29T23:00:00Z,28.3,5.44,0.0,3.0,0.38,-0.76,4.0
2025-08-30T00:00:00Z,28.3,5.41,0.0,9.0,0.36,-1.02,3.2
2025-08-30T01:00:00Z,28.5,5.37,0.0,32.0,0.34,-1.03,1.8
2025-08-30T02:00:00Z,28.6,5.19,0.0,25.0,0.3,-0.83,0.2
2025-08-30T03:00:00Z,28.8,5.09,0.0,19.0,0.28,-0.42,1.6
2025-08-30T04:00:00Z,28.8,5.34,0.0,9.0,0.32,0.12,3.3
2025-08-30T05:00:00Z,28.8,5.84,0.0,4.0,0.38,0.62,4.0
2025-08-30T06:00:00Z,28.7,6.48,0.0,2.0,0.42,0.91,3.7
2025-08-30T07:00:00Z,28.7,7.13,0.0,1.0,0.46,1.01,2.6
2025-08-30T08:00:00Z,28.7,7.52,0.0,0.0,0.52,0.97,1.5
2025-08-30T09:00:00Z,28.7,7.53,0.0,0.0,0.56,0.78,1.1
2025-08-30T10:00:00Z,28.8,6.86,0.0,5.0,0.54,0.45,1.8
2025-08-30T11:00:00Z,28.8,7.25,0.0,1.0,0.54,0.08,2.5
2025-08-30T12:00:00Z,28.8,6.94,0.0,2.0,0.52,-0.21,2.5
2025-08-30T13:00:00Z,28.7,7.56,0.0,7.0,0.5,-0.33,1.8
2025-08-30T14:00:00Z,28.7,7.63,0.0,8.0,0.48,-0.29,0.7
2025-08-30T15:00:00Z,28.7,6.8,0.0,2.0,0.46,-0.09,0.4
2025-08-30T16:00:00Z,28.6,6.04,0.0,3.0,0.4,0.22,1.5
2025-08-30T17:00:00Z,28.5,5.83,0.0,6.0,0.36,0.55,2.1
2025-08-30T18:00:00Z,28.3,5.79,0.0,9.0,0.3,0.71,1.8
2025-08-30T19:00:00Z,28.2,5.3,0.0,10.0,0.28,0.69,0.9
2025-08-30T20:00:00Z,28.2,5.23,0.0,17.0,0.26,0.53,1.0
2025-08-30T21:00:00Z,28.1,5.53,0.0,12.0,0.24,0.29,1.9
2025-08-30T22:00:00Z,28.2,3.76,0.0,9.0,0.24,-0.06,2.8
2025-08-30T23:00:00Z,28.2,4.22,0.0,9.0,0.22,-0.44,3.2
2025-08-31T00:00:00Z,28.3,4.61,0.0,10.0,0.22,-0.75,3.2
2025-08-31T01:00:00Z,28.5,4.52,0.0,14.0,0.22,-0.89,2.2
2025-08-31T02:00:00Z,28.6,4.7,0.0,5.0,0.22,-0.83,0.9
2025-08-31T03:00:00Z,28.8,4.61,0.0,3.0,0.22,-0.59,0.7
2025-08-31T04:00:00Z,28.9,4.61,0.0,19.0,0.24,-0.21,2.2
2025-08-31T05:00:00Z,29.1,4.98,0.0,21.0,0.24,0.26,3.3
2025-08-31T06:00:00Z,29.1,5.9,0.0,20.0,0.26,0.66,3.7
2025-08-31T07:00:00Z,29.0,6.79,0.0,12.0,0.32,0.87,3.2
2025-08-31T08:00:00Z,28.9,7.3,0.0,17.0,0.4,0.94,2.3
2025-08-31T09:00:00Z,29.1,7.05,0.0,6.0,0.46,0.91,1.3
2025-08-31T10:00:00Z,29.1,7.11,0.0,6.0,0.46,0.77,1.2
2025-08-31T11:00:00Z,29.2,6.91,0.0,11.0,0.46,0.51,1.8
2025-08-31T12:00:00Z,29.2,6.73,0.0,7.0,0.46,0.2,2.3
2025-08-31T13:00:00Z,29.1,5.75,0.0,3.0,0.46,-0.02,2.3
2025-08-31T14:00:00Z,29.1,5.95,0.0,0.0,0.44,-0.12,2.0
2025-08-31T15:00:00Z,28.9,6.45,0.0,1.0,0.44,-0.1,1.1
2025-08-31T16:00:00Z,28.9,6.76,0.0,3.0,0.4,0.01,0.4
2025-08-31T17:00:00Z,28.9,6.78,0.0,20.0,0.34,0.21,0.6
2025-08-31T18:00:00Z,28.9,5.38,0.0,9.0,0.3,0.42,1.0
2025-08-31T19:00:00Z,28.9,3.98,0.0,11.0,0.28,0.49,0.9
2025-08-31T20:00:00Z,28.9,3.56,0.0,14.0,0.28,0.44,0.5
2025-08-31T21:00:00Z,28.8,3.05,0.0,29.0,0.26,0.33,1.0
2025-08-31T22:00:00Z,28.1,2.8,0.0,16.0,0.24,0.17,1.5
2025-08-31T23:00:00Z,28.2,2.53,0.0,20.0,0.22,-0.05,2.2
2025-09-01T00:00:00Z,28.3,1.97,0.0,19.0,0.2,-0.33,2.5
2025-09-01T01:00:00Z,28.4,1.48,0.0,13.0,0.2,-0.54,2.4
2025-09-01T02:00:00Z,28.5,2.04,0.0,5.0,0.18,-0.62,1.9
2025-09-01T03:00:00Z,28.7,2.21,0.0,15.0,0.18,-0.56,0.9
2025-09-01T04:00:00Z,28.9,2.4,0.0,13.0,0.18,-0.39,1.0
2025-09-01T05:00:00Z,29.2,2.33,0.0,9.0,0.16,-0.11,1.6
2025-09-01T06:00:00Z,29.2,2.8,0.0,4.0,0.16,0.27,2.4
2025-09-01T07:00:00Z,29.3,4.44,0.0,7.0,0.18,0.58,2.7
2025-09-01T08:00:00Z,29.1,6.48,0.0,15.0,0.18,0.78,2.3
2025-09-01T09:00:00Z,29.0,7.32,0.0,21.0,0.2,0.9,1.6
2025-09-01T10:00:00Z,28.9,6.8,0.0,54.0,0.24,0.95,0.7
2025-09-01T11:00:00Z,29.0,6.7,0.0,62.0,0.28,0.89,0.2
2025-09-01T12:00:00Z,28.9,7.04,0.0,79.0,0.32,0.71,0.9
2025-09-01T13:00:00Z,28.8,7.8,0.0,94.0,0.38,0.46,1.7
2025-09-01T14:00:00Z,28.8,7.84,0.0,99.0,0.44,0.26,1.7
2025-09-01T15:00:00Z,28.8,7.93,0.0,100.0,0.5,0.14,1.3
2025-09-01T16:00:00Z,28.7,8.13,0.0,100.0,0.5,0.09,0.7
2025-09-01T17:00:00Z,28.7,8.06,0.0,100.0,0.52,0.1,0.2
2025-09-01T18:00:00Z,28.7,7.95,0.0,100.0,0.52,0.21,0.4
2025-09-01T19:00:00Z,28.6,7.82,0.0,97.0,0.48,0.33,1.0
2025-09-01T20:00:00Z,28.6,7.62,0.0,93.0,0.46,0.36,1.0
2025-09-01T21:00:00Z,28.6,7.61,0.0,93.0,0.42,0.33,0.7
2025-09-01T22:00:00Z,28.6,6.84,0.0,97.0,0.4,0.3,0.6
2025-09-01T23:00:00Z,28.6,5.74,0.0,96.0,0.4,0.21,1.0
2025-09-02T00:00:00Z,28.7,5.0,0.0,81.0,0.38,0.05,1.5
2025-09-02T01:00:00Z,28.9,4.22,0.0,92.0,0.36,-0.19,1.8
2025-09-02T02:00:00Z,29.1,4.0,0.0,97.0,0.34,-0.4,1.8
2025-09-02T03:00:00Z,29.3,4.03,0.0,100.0,0.32,-0.51,1.5
2025-09-02T04:00:00Z,29.4,4.35,0.0,100.0,0.28,-0.53,0.6
2025-09-02T05:00:00Z,29.5,4.34,0.0,100.0,0.24,-0.44,0.6
2025-09-02T06:00:00Z,29.4,4.63,0.0,99.0,0.2,-0.21,1.5
2025-09-02T07:00:00Z,29.3,5.1,0.0,89.0,0.3,0.12,2.2
2025-09-02T08:00:00Z,29.2,6.03,0.0,77.0,0.38,0.42,2.7
2025-09-02T09:00:00Z,29.2,6.88,0.0,82.0,0.48,0.65,2.7
2025-09-02T10:00:00Z,29.3,6.15,0.0,55.0,0.44,0.85,2.2
2025-09-02T11:00:00Z,29.3,6.16,0.0,80.0,0.42,1.0,1.7
2025-09-02T12:00:00Z,29.2,6.78,0.0,88.0,0.38,1.0,0.8
2025-09-02T13:00:00Z,28.9,7.23,0.0,90.0,0.42,0.84,0.4
2025-09-02T14:00:00Z,28.8,7.45,0.0,98.0,0.44,0.58,1.3
2025-09-02T15:00:00Z,28.6,7.79,0.0,98.0,0.48,0.33,1.6
2025-09-02T16:00:00Z,28.6,7.66,0.0,94.0,0.44,0.1,1.6
2025-09-02T17:00:00Z,28.6,7.03,0.0,90.0,0.4,-0.08,1.5
2025-09-02T18:00:00Z,28.6,6.18,0.0,81.0,0.36,-0.17,0.9
2025-09-02T19:00:00Z,28.5,6.17,0.0,69.0,0.34,-0.11,0.4
2025-09-02T20:00:00Z,28.4,6.98,0.0,49.0,0.32,0.0,0.9
2025-09-02T21:00:00Z,28.3,7.43,0.0,32.0,0.3,0.07,1.0
2025-09-02T22:00:00Z,28.4,6.8,0.4,38.0,0.32,0.15,1.2
2025-09-02T23:00:00Z,28.5,6.88,0.1,69.0,0.36,0.25,1.0
2025-09-03T00:00:00Z,28.5,6.55,0.3,92.0,0.38,0.27,0.7
2025-09-03T01:00:00Z,28.7,5.35,0.0,96.0,0.36,0.15,0.8
2025-09-03T02:00:00Z,29.0,5.21,0.0,100.0,0.34,-0.07,1.1
2025-09-03T03:00:00Z,29.2,5.35,0.0,99.0,0.32,-0.32,1.3
2025-09-03T04:00:00Z,29.3,5.64,0.0,100.0,0.32,-0.51,1.1
2025-09-03T05:00:00Z,29.3,5.66,0.0,100.0,0.3,-0.6,0.5
2025-09-03T06:00:00Z,29.2,5.88,0.0,100.0,0.3,-0.58,0.2
2025-09-03T07:00:00Z,29.2,6.44,0.0,100.0,0.32,-0.38,1.3
2025-09-03T08:00:00Z,29.2,7.09,0.0,98.0,0.32,-0.04,2.5
2025-09-03T09:00:00Z,29.3,7.53,0.0,94.0,0.34,0.33,3.3
2025-09-03T10:00:00Z,29.0,7.52,0.0,47.0,0.4,0.69,3.5
2025-09-03T11:00:00Z,29.0,7.38,0.0,42.0,0.48,1.03,3.2
2025-09-03T12:00:00Z,28.9,7.64,0.0,34.0,0.54,1.29,2.7
2025-09-03T13:00:00Z,28.9,7.58,0.0,32.0,0.52,1.33,1.6
2025-09-03T14:00:00Z,28.9,7.26,0.0,63.0,0.52,1.14,0.4
2025-09-03T15:00:00Z,28.8,6.55,0.0,64.0,0.5,0.8,1.1
2025-09-03T16:00:00Z,28.8,5.95,0.0,76.0,0.44,0.44,1.8
2025-09-03T17:00:00Z,28.7,5.89,0.0,97.0,0.4,0.09,2.2
2025-09-03T18:00:00Z,28.7,5.71,0.0,29.0,0.34,-0.19,2.0
2025-09-03T19:00:00Z,28.6,5.6,0.0,4.0,0.3,-0.31,1.5
2025-09-03T20:00:00Z,28.6,5.11,0.0,0.0,0.28,-0.24,0.4
2025-09-03T21:00:00Z,28.6,4.52,0.0,1.0,0.24,-0.07,0.9
2025-09-03T22:00:00Z,28.4,4.01,0.0,1.0,0.22,0.13,1.4
2025-09-03T23:00:00Z,28.5,4.14,0.0,4.0,0.22,0.35,1.4
2025-09-04T00:00:00Z,28.5,4.05,0.0,4.0,0.2,0.55,1.5
2025-09-04T01:00:00Z,28.7,3.6,0.0,4.0,0.2,0.61,0.8
2025-09-04T02:00:00Z,28.9,3.11,0.0,3.0,0.18,0.45,0.5
2025-09-04T03:00:00Z,29.1,2.84,0.0,7.0,0.18,0.13,1.4
2025-09-04T04:00:00Z,29.2,2.61,0.0,7.0,0.16,-0.22,2.0
2025-09-04T05:00:00Z,29.2,2.8,0.0,6.0,0.16,-0.51,2.0
2025-09-04T06:00:00Z,29.1,3.22,0.0,5.0,0.14,-0.69,1.4
2025-09-04T07:00:00Z,29.4,4.1,0.0,7.0,0.22,-0.7,0.8
2025-09-04T08:00:00Z,29.4,5.27,0.0,1.0,0.28,-0.45,1.4
2025-09-04T09:00:00Z,29.3,5.81,0.0,0.0,0.36,-0.01,2.9
2025-09-04T10:00:00Z,29.0,7.58,0.0,1.0,0.36,0.48,3.8
2025-09-04T11:00:00Z,29.0,6.33,0.0,4.0,0.36,0.97,4.0
2025-09-04T12:00:00Z,28.9,5.99,0.0,6.0,0.36,1.4,3.6
2025-09-04T13:00:00Z,28.8,6.05,0.0,11.0,0.36,1.66,2.8
2025-09-04T14:00:00Z,28.7,6.18,0.0,8.0,0.34,1.63,1.1
2025-09-04T15:00:00Z,28.6,5.8,0.0,11.0,0.34,1.31,0.6
2025-09-04T16:00:00Z,28.6,5.95,0.0,24.0,0.32,0.83,2.0
2025-09-04T17:00:00Z,28.5,6.68,0.0,23.0,0.32,0.33,2.9
2025-09-04T18:00:00Z,28.5,7.24,0.0,28.0,0.3,-0.13,3.1
2025-09-04T19:00:00Z,28.5,7.31,0.0,50.0,0.32,-0.46,2.7
2025-09-04T20:00:00Z,28.5,7.0,0.0,57.0,0.34,-0.56,1.6
2025-09-04T21:00:00Z,28.5,6.72,0.0,52.0,0.36,-0.4,0.0
2025-09-04T22:00:00Z,28.6,5.79,0.0,23.0,0.36,-0.1,1.5
2025-09-04T23:00:00Z,28.7,5.92,0.0,9.0,0.34,0.25,2.2
2025-09-05T00:00:00Z,28.7,6.35,0.0,3.0,0.34,0.59,2.4
2025-09-05T01:00:00Z,28.9,6.51,0.0,1.0,0.34,0.84,2.1
2025-09-05T02:00:00Z,29.1,6.41,0.0,0.0,0.32,0.85,1.0
2025-09-05T03:00:00Z,29.3,6.3,0.0,0.0,0.32,0.58,0.6
2025-09-05T04:00:00Z,29.4,6.2,0.0,0.0,0.32,0.13,1.6
2025-09-05T05:00:00Z,29.4,6.58,0.0,1.0,0.32,-0.34,2.4
2025-09-05T06:00:00Z,29.3,7.34,0.0,0.0,0.32,-0.72,2.2
2025-09-05T07:00:00Z,29.3,8.03,0.0,1.0,0.4,-0.95,1.6
2025-09-05T08:00:00Z,29.2,8.53,0.0,1.0,0.5,-0.92,0.5
2025-09-05T09:00:00Z,29.1,8.88,0.0,2.0,0.58,-0.58,1.6
2025-09-05T10:00:00Z,29.0,8.48,0.0,1.0,0.6,-0.01,3.6
2025-09-05T11:00:00Z,28.9,9.19,0.0,8.0,0.6,0.62,4.5
2025-09-05T12:00:00Z,28.8,9.59,0.0,0.0,0.62,1.22,4.6
2025-09-05T13:00:00Z,28.8,9.59,0.0,1.0,0.64,1.7,3.9
2025-09-05T14:00:00Z,28.7,9.6,0.0,12.0,0.64,1.89,2.5
2025-09-05T15:00:00Z,28.7,9.37,0.0,24.0,0.66,1.71,0.7
2025-09-05T16:00:00Z,28.6,9.92,0.0,5.0,0.68,1.21,2.0
2025-09-05T17:00:00Z,28.6,10.05,0.0,0.0,0.72,0.56,3.8
2025-09-05T18:00:00Z,28.5,9.29,0.0,0.0,0.74,-0.08,4.5
2025-09-05T19:00:00Z,28.5,8.76,0.0,0.0,0.7,-0.61,4.5
2025-09-05T20:00:00Z,28.4,8.46,0.0,0.0,0.66,-0.93,3.8
2025-09-05T21:00:00Z,28.4,8.51,0.0,0.0,0.62,-0.92,2.0
2025-09-05T22:00:00Z,28.4,7.33,0.0,0.0,0.56,-0.59,0.5
2025-09-05T23:00:00Z,28.5,7.61,0.0,0.0,0.52,-0.11,2.3
2025-09-06T00:00:00Z,28.6,7.68,0.0,0.0,0.46,0.39,3.0
2025-09-06T01:00:00Z,28.9,7.58,0.0,0.0,0.44,0.82,2.8
2025-09-06T02:00:00Z,29.1,7.59,0.0,0.0,0.44,1.04,2.0
2025-09-06T03:00:00Z,29.3,7.27,0.0,0.0,0.42,0.94,1.0
2025-09-06T04:00:00Z,29.5,6.75,0.0,0.0,0.38,0.52,1.5
2025-09-06T05:00:00Z,29.5,6.87,0.0,1.0,0.32,-0.05,2.9
2025-09-06T06:00:00Z,29.4,7.41,0.0,1.0,0.28,-0.61,3.6
2025-09-06T07:00:00Z,29.4,8.29,0.0,4.0,0.34,-1.02,3.4
2025-09-06T08:00:00Z,29.3,8.44,0.0,4.0,0.4,-1.23,2.5
2025-09-06T09:00:00Z,29.2,8.23,0.0,4.0,0.46,-1.11,0.7
2025-09-06T10:00:00Z,29.3,6.78,0.0,4.0,0.46,-0.62,1.6
2025-09-06T11:00:00Z,29.3,6.26,0.0,8.0,0.44,0.12,3.8
2025-09-06T12:00:00Z,29.2,7.01,0.0,4.0,0.44,0.88,4.7
2025-09-06T13:00:00Z,29.1,7.52,0.0,7.0,0.44,1.54,4.6
2025-09-06T14:00:00Z,29.1,7.53,0.0,9.0,0.44,1.96,3.5
2025-09-06T15:00:00Z,29.0,7.88,0.0,7.0,0.44,2.01,1.7
2025-09-06T16:00:00Z,28.9,8.68,0.0,7.0,0.44,1.66,1.2
2025-09-06T17:00:00Z,28.8,8.4,0.0,7.0,0.44,1.02,3.3
2025-09-06T18:00:00Z,28.8,7.61,0.0,14.0,0.44,0.26,4.9
2025-09-06T19:00:00Z,28.8,7.37,0.0,26.0,0.46,-0.43,5.6
2025-09-06T20:00:00Z,28.7,7.26,0.0,1.0,0.46,-0.94,5.2
2025-09-06T21:00:00Z,28.7,6.79,0.0,2.0,0.48,-1.16,3.6
2025-09-06T22:00:00Z,28.8,5.94,0.0,0.0,0.44,-0.97,1.3
2025-09-06T23:00:00Z,28.8,5.5,0.0,0.0,0.4,-0.44,1.5
2025-09-07T00:00:00Z,28.9,5.0,0.0,0.0,0.36,0.21,3.3
2025-09-07T01:00:00Z,29.1,4.55,0.0,0.0,0.32,0.81,3.8
2025-09-07T02:00:00Z,29.4,3.26,0.0,0.0,0.28,1.24,3.1
2025-09-07T03:00:00Z,29.6,2.57,0.0,0.0,0.24,1.36,1.7
2025-09-07T04:00:00Z,29.7,2.9,0.0,0.0,0.2,1.09,0.5
2025-09-07T05:00:00Z,29.7,3.96,0.0,1.0,0.16,0.51,2.3
2025-09-07T06:00:00Z,29.7,4.65,0.0,2.0,0.12,-0.18,4.0
2025-09-07T07:00:00Z,29.6,5.76,0.0,9.0,0.14,-0.8,4.5
2025-09-07T08:00:00Z,29.6,6.03,0.0,11.0,0.16,-1.21,4.0
2025-09-07T09:00:00Z,29.4,5.99,0.0,24.0,0.18,-1.34,2.6
2025-09-07T10:00:00Z,29.2,5.49,0.0,18.0,0.22,-1.07,0.9
2025-09-07T11:00:00Z,29.1,5.95,0.0,52.0,0.26,-0.4,2.8
2025-09-07T12:00:00Z,29.1,6.48,0.0,44.0,0.3,0.45,4.9
2025-09-07T13:00:00Z,29.0,7.27,0.0,53.0,0.34,1.26,5.6
2025-09-07T14:00:00Z,28.9,7.6,0.0,50.0,0.4,1.87,4.9
2025-09-07T15:00:00Z,28.9,7.87,0.0,49.0,0.44,2.15,3.1
2025-09-07T16:00:00Z,28.9,7.56,0.0,40.0,0.44,2.0,0.8
2025-09-07T17:00:00Z,28.9,7.42,0.0,36.0,0.44,1.44,2.0
2025-09-07T18:00:00Z,28.9,7.36,0.0,31.0,0.44,0.64,4.1
2025-09-07T19:00:00Z,28.8,7.69,0.0,15.0,0.46,-0.19,5.6
2025-09-07T20:00:00Z,28.8,7.92,0.0,6.0,0.5,-0.86,5.8
2025-09-07T21:00:00Z,28.7,7.55,0.0,6.0,0.52,-1.28,4.7
2025-09-07T22:00:00Z,28.9,6.36,0.0,4.0,0.48,-1.33,2.6
2025-09-07T23:00:00Z,28.9,6.07,0.0,1.0,0.42,-0.92,0.5
2025-09-08T00:00:00Z,28.9,6.39,0.0,0.0,0.38,-0.2,3.2
2025-09-08T01:00:00Z,29.1,6.8,0.0,0.0,0.34,0.57,4.9
2025-09-08T02:00:00Z,29.3,6.74,0.0,7.0,0.32,1.17,4.7
2025-09-08T03:00:00Z,29.5,6.8,0.0,37.0,0.28,1.5,3.3
2025-09-08T04:00:00Z,29.5,7.55,0.0,78.0,0.26,1.47,1.3
2025-09-08T05:00:00Z,29.5,8.48,0.0,91.0,0.26,1.04,0.9
2025-09-08T06:00:00Z,29.5,8.86,0.0,97.0,0.24,0.33,3.1
2025-09-08T07:00:00Z,29.4,8.9,0.0,100.0,0.34,-0.42,4.4
2025-09-08T08:00:00Z,29.3,8.9,0.0,100.0,0.46,-1.04,4.6
2025-09-08T09:00:00Z,29.2,9.08,0.0,100.0,0.56,-1.41,3.7
2025-09-08T10:00:00Z,29.0,7.3,0.0,100.0,0.62,-1.42,1.8
2025-09-08T11:00:00Z,28.9,7.92,0.0,100.0,0.66,-0.97,1.2
2025-09-08T12:00:00Z,28.9,8.51,0.0,100.0,0.72,-0.14,4.0
2025-09-08T13:00:00Z,28.8,8.52,0.0,100.0,0.74,0.81,6.0
2025-09-08T14:00:00Z,28.7,8.49,0.0,100.0,0.74,1.59,6.0
2025-09-08T15:00:00Z,28.7,8.87,0.0,100.0,0.76,2.08,4.6
2025-09-08T16:00:00Z,28.6,8.61,0.0,100.0,0.7,2.16,2.3
2025-09-08T17:00:00Z,28.5,7.65,0.0,100.0,0.66,1.8,0.9
2025-09-08T18:00:00Z,28.5,6.56,0.0,99.0,0.6,1.07,3.3
2025-09-08T19:00:00Z,28.6,5.38,0.0,100.0,0.56,0.18,5.2
2025-09-08T20:00:00Z,28.7,4.76,0.0,100.0,0.5,-0.63,6.1
2025-09-08T21:00:00Z,28.9,4.4,0.0,99.0,0.46,-1.22,5.6
2025-09-08T22:00:00Z,28.6,3.78,0.0,93.0,0.42,-1.47,4.0
2025-09-08T23:00:00Z,28.7,3.4,0.0,96.0,0.4,-1.28,1.3
2025-09-09T00:00:00Z,28.8,2.89,0.0,98.0,0.36,-0.64,2.2
2025-09-09T01:00:00Z,28.9,4.19,0.0,82.0,0.4,0.24,4.9
2025-09-09T02:00:00Z,29.0,5.23,0.0,69.0,0.42,1.05,5.9
2025-09-09T03:00:00Z,28.9,5.38,0.0,95.0,0.46,1.6,5.2
2025-09-09T04:00:00Z,28.9,4.87,0.0,91.0,0.42,1.8,3.4
2025-09-09T05:00:00Z,28.7,4.05,0.1,100.0,0.4,1.57,1.1
2025-09-09T06:00:00Z,28.6,3.9,0.1,100.0,0.36,0.98,1.5
2025-09-09T07:00:00Z,28.7,4.35,3.7,100.0,0.34,0.22,3.5
2025-09-09T08:00:00Z,28.6,5.61,1.7,100.0,0.3,-0.52,4.5
2025-09-09T09:00:00Z,28.5,4.72,0.7,100.0,0.28,-1.07,4.4
2025-09-09T10:00:00Z,27.7,5.5,0.2,100.0,0.3,-1.31,3.1
2025-09-09T11:00:00Z,27.8,4.86,0.1,100.0,0.3,-1.14,1.8
2025-09-09T12:00:00Z,27.9,3.18,0.0,100.0,0.32,-0.54,3.6
2025-09-09T13:00:00Z,27.9,2.53,0.0,100.0,0.3,0.38,6.2
2025-09-09T14:00:00Z,27.8,1.6,0.1,100.0,0.26,1.29,7.6
2025-09-09T15:00:00Z,27.6,1.75,0.3,100.0,0.24,1.93,7.0
2025-09-09T16:00:00Z,27.6,1.6,0.0,100.0,0.22,2.22,5.2
2025-09-09T17:00:00Z,27.6,1.93,0.1,100.0,0.18,2.09,2.7
2025-09-09T18:00:00Z,27.5,2.47,0.0,100.0,0.16,1.55,0.3
2025-09-09T19:00:00Z,27.4,2.92,1.5,99.0,0.18,0.73,2.6
2025-09-09T20:00:00Z,27.3,3.2,0.9,93.0,0.18,-0.14,4.2
2025-09-09T21:00:00Z,27.2,3.78,0.4,94.0,0.2,-0.87,4.6
2025-09-09T22:00:00Z,26.7,3.87,0.2,84.0,0.22,-1.3,3.6
2025-09-09T23:00:00Z,26.4,5.09,0.9,96.0,0.22,-1.34,1.8
2025-09-10T00:00:00Z,26.6,5.73,0.5,100.0,0.24,-0.93,1.9
2025-09-10T01:00:00Z,26.9,6.12,0.0,100.0,0.28,-0.12,5.1
2025-09-10T02:00:00Z,27.0,6.3,0.0,99.0,0.34,0.8,7.0
2025-09-10T03:00:00Z,27.1,6.66,0.0,94.0,0.38,1.53,7.0
2025-09-10T04:00:00Z,27.1,6.33,0.0,99.0,0.42,1.93,5.8
2025-09-10T05:00:00Z,27.0,6.32,0.0,97.0,0.46,1.95,3.4
2025-09-10T06:00:00Z,27.0,6.08,0.0,98.0,0.5,1.6,1.0
2025-09-10T07:00:00Z,27.1,5.52,0.0,95.0,0.48,0.93,1.4
2025-09-10T08:00:00Z,27.3,5.04,0.0,100.0,0.46,0.14,3.3
2025-09-10T09:00:00Z,27.3,4.73,0.0,97.0,0.44,-0.56,3.8
2025-09-10T10:00:00Z,27.2,4.88,0.0,97.0,0.42,-0.99,3.0
2025-09-10T11:00:00Z,27.2,4.52,0.0,98.0,0.42,-1.09,1.5
2025-09-10T12:00:00Z,27.2,3.91,0.0,100.0,0.4,-0.81,1.8
2025-09-10T13:00:00Z,27.2,3.68,0.0,98.0,0.36,-0.12,4.4
2025-09-10T14:00:00Z,27.1,3.97,0.0,95.0,0.32,0.77,6.7
2025-09-10T15:00:00Z,27.0,3.68,0.0,81.0,0.28,1.52,7.0
2025-09-10T16:00:00Z,27.0,3.5,0.0,94.0,0.26,1.93,5.8
2025-09-10T17:00:00Z,26.9,3.5,0.0,95.0,0.22,1.98,3.4
2025-09-10T18:00:00Z,26.9,4.03,0.0,80.0,0.2,1.67,1.0
2025-09-10T19:00:00Z,26.8,4.74,0.5,82.0,0.22,1.02,1.6
2025-09-10T20:00:00Z,26.8,5.52,0.6,89.0,0.22,0.21,3.4
2025-09-10T21:00:00Z,26.9,5.26,1.1,87.0,0.24,-0.56,4.4
2025-09-10T22:00:00Z,23.9,6.04,1.3,78.0,0.24,-1.1,3.9
2025-09-10T23:00:00Z,23.9,5.48,0.9,67.0,0.24,-1.31,2.3
2025-09-11T00:00:00Z,23.8,4.26,0.3,72.0,0.24,-1.15,1.0
2025-09-11T01:00:00Z,24.0,3.98,0.1,79.0,0.26,-0.56,3.6
2025-09-11T02:00:00Z,24.2,3.67,0.2,65.0,0.28,0.3,6.3
2025-09-11T03:00:00Z,24.6,3.15,0.0,71.0,0.3,1.15,7.8
2025-09-11T04:00:00Z,25.0,2.47,0.0,54.0,0.28,1.74,7.2
2025-09-11T05:00:00Z,25.2,2.67,0.0,35.0,0.28,1.97,5.3
2025-09-11T06:00:00Z,25.5,2.9,0.0,70.0,0.26,1.86,3.0
2025-09-11T07:00:00Z,25.8,3.06,0.0,64.0,0.26,1.41,0.6
2025-09-11T08:00:00Z,26.1,4.04,0.0,43.0,0.28,0.73,1.8
2025-09-11T09:00:00Z,26.4,4.03,0.0,5.0,0.28,0.0,3.1
2025-09-11T10:00:00Z,27.4,2.55,0.0,3.0,0.26,-0.58,3.3
2025-09-11T11:00:00Z,27.4,3.05,0.0,18.0,0.22,-0.88,2.4
2025-09-11T12:00:00Z,27.4,3.48,0.0,16.0,0.2,-0.88,0.8
2025-09-11T13:00:00Z,27.4,3.65,0.0,29.0,0.2,-0.52,2.2
2025-09-11T14:00:00Z,27.4,3.76,0.0,37.0,0.2,0.17,4.7
2025-09-11T15:00:00Z,27.4,3.69,0.0,40.0,0.2,0.92,6.3
2025-09-11T16:00:00Z,27.4,4.25,0.0,4.0,0.18,1.47,6.2
2025-09-11T17:00:00Z,27.4,4.83,0.0,21.0,0.18,1.69,4.4
2025-09-11T18:00:00Z,27.4,4.84,0.0,64.0,0.16,1.59,2.2
2025-09-11T19:00:00Z,27.4,5.12,0.0,86.0,0.2,1.18,0.8
2025-09-11T20:00:00Z,27.4,5.89,0.0,73.0,0.24,0.53,2.4
2025-09-11T21:00:00Z,27.4,6.85,0.0,90.0,0.28,-0.2,3.6
2025-09-11T22:00:00Z,27.6,6.36,0.0,92.0,0.3,-0.81,4.0
2025-09-11T23:00:00Z,27.8,6.69,0.0,64.0,0.3,-1.16,3.1
2025-09-12T00:00:00Z,28.0,6.94,0.0,38.0,0.32,-1.19,1.3
2025-09-12T01:00:00Z,28.2,6.85,0.0,57.0,0.34,-0.89,1.3
2025-09-12T02:00:00Z,28.6,6.35,0.0,59.0,0.38,-0.26,3.8
2025-09-12T03:00:00Z,29.0,6.0,0.0,68.0,0.4,0.55,6.0
2025-09-12T04:00:00Z,29.3,5.62,0.0,64.0,0.34,1.26,6.5
2025-09-12T05:00:00Z,29.4,5.32,0.0,41.0,0.3,1.68,5.5
2025-09-12T06:00:00Z,29.4,5.31,0.0,67.0,0.24,1.79,3.4
2025-09-12T07:00:00Z,29.4,5.77,0.0,71.0,0.24,1.61,1.4
2025-09-12T08:00:00Z,29.2,6.62,0.0,73.0,0.22,1.15,1.5
2025-09-12T09:00:00Z,29.1,7.92,0.0,78.0,0.22,0.52,2.9
2025-09-12T10:00:00Z,29.6,8.01,0.0,90.0,0.26,-0.09,3.8
2025-09-12T11:00:00Z,29.6,7.21,0.0,99.0,0.3,-0.53,3.4
2025-09-12T12:00:00Z,29.5,7.72,0.0,100.0,0.34,-0.72,2.3
2025-09-12T13:00:00Z,29.3,7.94,0.0,100.0,0.44,-0.63,0.4
2025-09-12T14:00:00Z,29.2,7.49,0.0,100.0,0.56,-0.26,1.6
2025-09-12T15:00:00Z,29.1,6.41,0.1,100.0,0.66,0.33,3.5
2025-09-12T16:00:00Z,29.0,6.1,0.0,100.0,0.58,0.9,4.4
2025-09-12T17:00:00Z,28.9,5.27,0.0,100.0,0.52,1.24,3.9
2025-09-12T18:00:00Z,28.8,4.75,0.0,100.0,0.44,1.29,2.3
2025-09-12T19:00:00Z,28.8,4.36,0.1,100.0,0.4,1.09,1.1
2025-09-12T20:00:00Z,28.8,4.07,0.0,100.0,0.38,0.67,2.3
2025-09-12T21:00:00Z,28.7,3.86,0.0,98.0,0.34,0.08,3.8
2025-09-12T22:00:00Z,28.7,2.94,0.0,94.0,0.3,-0.5,4.5
2025-09-12T23:00:00Z,28.7,2.23,0.0,82.0,0.26,-0.94,4.4
2025-09-13T00:00:00Z,28.7,2.02,0.0,67.0,0.22,-1.14,3.1
2025-09-13T01:00:00Z,28.2,2.42,0.3,40.0,0.2,-1.06,1.4
2025-09-13T02:00:00Z,28.2,2.46,0.6,61.0,0.2,-0.7,1.5
2025-09-13T03:00:00Z,28.1,2.34,0.1,63.0,0.18,-0.07,3.5
2025-09-13T04:00:00Z,28.0,2.25,0.0,64.0,0.16,0.67,5.2
2025-09-13T05:00:00Z,28.1,2.79,0.0,70.0,0.14,1.26,5.6
2025-09-13T06:00:00Z,28.3,2.83,0.0,80.0,0.12,1.56,4.5
2025-09-13T07:00:00Z,28.3,2.32,0.0,90.0,0.12,1.62,2.7
2025-09-13T08:00:00Z,28.4,2.17,0.0,92.0,0.12,1.45,0.7
2025-09-13T09:00:00Z,28.4,2.8,0.0,90.0,0.12,1.06,0.9
2025-09-13T10:00:00Z,28.2,2.09,0.0,96.0,0.12,0.55,2.2
2025-09-13T11:00:00Z,28.0,2.03,0.0,96.0,0.14,0.07,2.8
2025-09-13T12:00:00Z,27.8,2.27,0.1,96.0,0.14,-0.25,2.5
2025-09-13T13:00:00Z,27.7,2.08,0.9,98.0,0.14,-0.37,1.5
2025-09-13T14:00:00Z,27.2,1.63,1.1,99.0,0.12,-0.29,1.1
2025-09-13T15:00:00Z,27.3,1.14,0.0,98.0,0.12,0.0,2.2
2025-09-13T16:00:00Z,27.2,1.15,0.0,95.0,0.08,0.45,3.4
2025-09-13T17:00:00Z,27.2,1.63,0.0,96.0,0.06,0.85,4.0
2025-09-13T18:00:00Z,27.3,1.96,0.0,98.0,0.02,1.03,3.3
2025-09-13T19:00:00Z,27.5,1.56,0.2,98.0,0.06,1.01,1.7
2025-09-13T20:00:00Z,27.7,0.78,0.1,90.0,0.1,0.79,0.2
2025-09-13T21:00:00Z,27.7,0.32,0.0,84.0,0.14,0.41,1.5
2025-09-13T22:00:00Z,27.9,1.75,0.0,79.0,0.14,-0.07,2.3
2025-09-13T23:00:00Z,27.7,1.12,0.2,96.0,0.14,-0.52,3.0
2025-09-14T00:00:00Z,27.5,0.7,1.4,99.0,0.14,-0.83,2.5
2025-09-14T01:00:00Z,26.9,0.49,1.0,27.0,0.14,-0.93,1.5
2025-09-14T02:00:00Z,27.1,1.54,0.5,27.0,0.14,-0.81,1.0
2025-09-14T03:00:00Z,27.4,2.2,0.0,33.0,0.14,-0.48,2.3
2025-09-14T04:00:00Z,27.7,2.31,0.0,35.0,0.12,0.04,4.0
2025-09-14T05:00:00Z,27.9,2.05,0.0,18.0,0.12,0.62,5.2
2025-09-14T06:00:00Z,28.2,1.95,0.0,3.0,0.1,1.06,5.2
2025-09-14T07:00:00Z,28.4,2.65,0.0,0.0,0.14,1.28,4.2
2025-09-14T08:00:00Z,28.7,3.73,0.0,6.0,0.18,1.33,2.8
2025-09-14T09:00:00Z,28.7,4.85,0.0,9.0,0.22,1.21,1.5
2025-09-14T10:00:00Z,28.9,4.56,0.0,35.0,0.24,0.93,0.4
2025-09-14T11:00:00Z,29.0,5.31,0.0,55.0,0.24,0.55,1.1
2025-09-14T12:00:00Z,29.2,5.39,0.0,52.0,0.26,0.18,1.4
2025-09-14T13:00:00Z,29.2,5.7,0.0,51.0,0.28,-0.07,1.3
2025-09-14T14:00:00Z,29.1,5.71,0.0,37.0,0.28,-0.2,0.7
2025-09-14T15:00:00Z,29.0,5.78,0.0,32.0,0.3,-0.19,0.2
2025-09-14T16:00:00Z,29.0,6.16,0.0,26.0,0.28,-0.04,1.3
2025-09-14T17:00:00Z,29.0,6.55,0.0,18.0,0.24,0.24,2.4
2025-09-14T18:00:00Z,28.9,6.42,0.0,20.0,0.22,0.47,2.8
2025-09-14T19:00:00Z,28.9,5.85,0.0,9.0,0.22,0.57,2.3
2025-09-14T20:00:00Z,28.8,5.62,0.0,9.0,0.2,0.54,1.3
2025-09-14T21:00:00Z,28.8,5.23,0.0,7.0,0.2,0.42,0.7
2025-09-14T22:00:00Z,28.7,4.73,0.0,3.0,0.16,0.18,0.9
2025-09-14T23:00:00Z,28.7,4.52,0.0,6.0,0.14,-0.16,1.5
2025-09-15T00:00:00Z,28.8,4.86,0.0,2.0,0.1,-0.49,1.6
2025-09-15T01:00:00Z,28.9,5.46,0.0,2.0,0.12,-0.69,1.3
2025-09-15T02:00:00Z,29.0,6.06,0.0,0.0,0.12,-0.75,0.4
2025-09-15T03:00:00Z,29.3,5.75,0.0,0.0,0.14,-0.67,1.0
2025-09-15T04:00:00Z,29.5,5.01,0.0,1.0,0.14,-0.43,2.2
2025-09-15T05:00:00Z,29.7,4.72,0.0,4.0,0.12,0.0,3.6
2025-09-15T06:00:00Z,29.7,5.15,0.0,6.0,0.12,0.47,4.7
2025-09-15T07:00:00Z,29.5,6.2,0.0,6.0,0.18,0.84,4.9
2025-09-15T08:00:00Z,29.3,7.24,0.0,7.0,0.26,1.1,4.2
2025-09-15T09:00:00Z,29.1,8.1,0.0,11.0,0.32,1.25,3.1
2025-09-15T10:00:00Z,29.0,7.25,0.0,3.0,0.4,1.26,1.9
2025-09-15T11:00:00Z,28.9,8.09,0.0,11.0,0.5,1.1,0.7
2025-09-15T12:00:00Z,28.9,8.25,0.0,19.0,0.58,0.82,1.0
2025-09-15T13:00:00Z,28.8,8.6,0.0,27.0,0.62,0.53,1.5
2025-09-15T14:00:00Z,28.9,8.8,0.0,25.0,0.68,0.29,1.5
2025-09-15T15:00:00Z,28.8,8.95,0.0,21.0,0.72,0.09,1.3
2025-09-15T16:00:00Z,28.8,8.81,0.0,4.0,0.7,-0.02,0.9
2025-09-15T17:00:00Z,28.7,8.2,0.0,7.0,0.66,0.0,0.3
2025-09-15T18:00:00Z,28.7,7.47,0.0,7.0,0.64,0.14,0.9
2025-09-15T19:00:00Z,28.6,7.27,0.0,9.0,0.62,0.27,1.4
2025-09-15T20:00:00Z,28.5,7.46,0.0,20.0,0.62,0.34,1.3
2025-09-15T21:00:00Z,28.5,7.75,0.0,8.0,0.6,0.38,1.1
2025-09-15T22:00:00Z,28.7,7.41,0.0,0.0,0.58,0.37,1.2
2025-09-15T23:00:00Z,28.7,7.06,0.0,0.0,0.58,0.24,1.5
2025-09-16T00:00:00Z,28.8,6.76,0.0,0.0,0.56,0.0,2.0
2025-09-16T01:00:00Z,28.9,6.4,0.0,0.0,0.52,-0.26,2.2
2025-09-16T02:00:00Z,29.1,6.45,0.0,0.0,0.5,-0.47,2.0
2025-09-16T03:00:00Z,29.3,6.6,0.0,0.0,0.46,-0.59,1.4
2025-09-16T04:00:00Z,29.5,6.64,0.0,0.0,0.4,-0.62,0.7
2025-09-16T05:00:00Z,29.6,7.17,0.0,0.0,0.36,-0.5,0.4
2025-09-16T06:00:00Z,29.6,7.61,0.0,0.0,0.3,-0.19,1.6
2025-09-16T07:00:00Z,29.5,8.18,0.0,0.0,0.34,0.2,2.8
2025-09-16T08:00:00Z,29.4,8.61,0.0,0.0,0.4,0.56,3.2
2025-09-16T09:00:00Z,29.3,8.92,0.0,2.0,0.44,0.89,2.8
2025-09-16T10:00:00Z,29.3,8.99,0.0,1.0,0.52,1.17,2.4
2025-09-16T11:00:00Z,29.2,9.49,0.0,3.0,0.6,1.3,1.7
2025-09-16T12:00:00Z,29.2,9.62,0.0,3.0,0.68,1.22,0.7
2025-09-16T13:00:00Z,29.2,9.18,0.0,4.0,0.7,0.99,1.2
2025-09-16T14:00:00Z,29.1,9.61,0.0,4.0,0.72,0.69,2.0
2025-09-16T15:00:00Z,28.9,10.28,0.0,46.0,0.74,0.36,2.5
2025-09-16T16:00:00Z,28.9,10.16,0.0,76.0,0.76,0.02,2.7
2025-09-16T17:00:00Z,28.8,9.91,0.0,95.0,0.78,-0.24,2.5
2025-09-16T18:00:00Z,28.8,9.64,0.0,100.0,0.8,-0.33,1.8
2025-09-16T19:00:00Z,28.7,9.13,0.0,99.0,0.78,-0.25,1.0
2025-09-16T20:00:00Z,28.6,8.9,0.0,100.0,0.78,-0.11,0.9
2025-09-16T21:00:00Z,28.5,8.88,0.0,100.0,0.76,0.05,1.1
2025-09-16T22:00:00Z,28.7,7.64,0.0,95.0,0.72,0.23,1.1
2025-09-16T23:00:00Z,28.7,7.57,0.0,4.0,0.66,0.37,1.1
2025-09-17T00:00:00Z,28.7,7.44,0.0,6.0,0.62,0.32,0.9
2025-09-17T01:00:00Z,28.9,6.97,0.0,15.0,0.58,0.14,1.3
2025-09-17T02:00:00Z,29.2,6.55,0.0,13.0,0.54,-0.14,1.8
2025-09-17T03:00:00Z,29.5,5.62,0.0,11.0,0.5,-0.42,2.0
2025-09-17T04:00:00Z,29.8,5.0,0.0,37.0,0.44,-0.65,1.8
2025-09-17T05:00:00Z,29.9,5.5,0.0,33.0,0.36,-0.81,1.5
2025-09-17T06:00:00Z,30.0,4.86,0.0,12.0,0.3,-0.78,0.5
2025-09-17T07:00:00Z,29.9,2.61,0.0,50.0,0.28,-0.5,1.1
2025-09-17T08:00:00Z,29.8,1.95,0.0,81.0,0.26,-0.11,2.5
2025-09-17T09:00:00Z,29.6,1.25,0.0,91.0,0.24,0.31,3.2
2025-09-17T10:00:00Z,28.9,2.98,1.6,98.0,0.28,0.77,3.4
2025-09-17T11:00:00Z,29.1,2.66,0.0,98.0,0.34,1.22,3.1
2025-09-17T12:00:00Z,29.2,3.24,0.0,100.0,0.38,1.47,2.3
2025-09-17T13:00:00Z,29.4,4.99,0.0,98.0,0.42,1.44,1.4
2025-09-17T14:00:00Z,28.2,5.62,1.0,97.0,0.48,1.18,0.9
2025-09-17T15:00:00Z,26.2,7.15,4.9,100.0,0.52,0.83,1.4
2025-09-17T16:00:00Z,25.9,7.85,3.4,100.0,0.5,0.43,1.8
2025-09-17T17:00:00Z,26.2,5.62,0.2,100.0,0.5,0.02,2.2
2025-09-17T18:00:00Z,26.7,4.2,0.0,100.0,0.48,-0.29,2.1
2025-09-17T19:00:00Z,27.1,4.72,0.0,100.0,0.56,-0.4,1.0
2025-09-17T20:00:00Z,27.6,6.19,0.2,99.0,0.62,-0.3,1.0
2025-09-17T21:00:00Z,27.7,6.79,0.2,99.0,0.7,-0.07,2.0
2025-09-17T22:00:00Z,27.2,5.94,0.7,93.0,0.7,0.25,2.5
2025-09-17T23:00:00Z,26.8,6.57,0.9,97.0,0.7,0.62,2.9
2025-09-18T00:00:00Z,26.4,7.32,1.1,98.0,0.7,0.88,2.5
2025-09-18T01:00:00Z,27.0,8.46,0.6,98.0,0.78,0.9,1.7
2025-09-18T02:00:00Z,27.4,9.43,0.1,97.0,0.88,0.69,0.9
2025-09-18T03:00:00Z,27.5,9.91,0.0,94.0,0.96,0.33,1.0
2025-09-18T04:00:00Z,27.5,9.55,0.0,94.0,0.94,-0.05,1.4
2025-09-18T05:00:00Z,27.5,8.78,0.0,83.0,0.92,-0.42,1.7
2025-09-18T06:00:00Z,27.6,8.27,0.0,58.0,0.9,-0.68,1.7
2025-09-18T07:00:00Z,27.6,8.1,0.0,13.0,0.88,-0.71,1.3
2025-09-18T08:00:00Z,27.7,8.02,0.0,23.0,0.84,-0.45,1.9
2025-09-18T09:00:00Z,27.8,8.06,0.0,43.0,0.82,0.0,3.3
2025-09-18T10:00:00Z,27.4,9.2,0.0,79.0,0.8,0.55,4.3
2025-09-18T11:00:00Z,27.4,8.71,0.0,76.0,0.8,1.16,4.7
2025-09-18T12:00:00Z,27.5,8.32,0.0,43.0,0.78,1.66,4.3
2025-09-18T13:00:00Z,27.4,7.16,0.0,38.0,0.74,1.9,3.2
2025-09-18T14:00:00Z,27.4,6.37,0.0,48.0,0.7,1.79,1.5
2025-09-18T15:00:00Z,27.3,6.44,0.0,46.0,0.66,1.4,0.6
2025-09-18T16:00:00Z,27.2,6.55,0.0,33.0,0.62,0.87,2.1
2025-09-18T17:00:00Z,27.2,6.36,0.0,34.0,0.58,0.29,3.1
2025-09-18T18:00:00Z,27.1,6.42,0.2,86.0,0.54,-0.27,3.5
2025-09-18T19:00:00Z,27.0,6.91,0.1,92.0,0.56,-0.65,3.1
2025-09-18T20:00:00Z,27.1,7.27,0.2,78.0,0.56,-0.71,1.7
2025-09-18T21:00:00Z,27.1,7.39,0.1,87.0,0.58,-0.51,0.4
2025-09-18T22:00:00Z,27.0,7.0,0.0,83.0,0.58,-0.14,2.0
2025-09-18T23:00:00Z,27.3,6.84,0.0,77.0,0.56,0.34,3.1
2025-09-19T00:00:00Z,27.5,6.55,0.1,86.0,0.56,0.8,3.3
2025-09-19T01:00:00Z,27.6,6.34,0.2,92.0,0.58,1.09,2.9
2025-09-19T02:00:00Z,27.9,6.46,0.1,98.0,0.58,1.06,1.8
2025-09-19T03:00:00Z,28.1,6.46,0.0,63.0,0.6,0.74,0.3
2025-09-19T04:00:00Z,28.1,6.16,0.2,46.0,0.6,0.27,1.1
2025-09-19T05:00:00Z,28.2,6.21,0.1,39.0,0.58,-0.24,1.8
2025-09-19T06:00:00Z,28.3,6.15,0.1,48.0,0.58,-0.7,2.2
2025-09-19T07:00:00Z,28.3,6.18,0.0,62.0,0.58,-0.99,1.8
2025-09-19T08:00:00Z,28.4,6.78,0.0,72.0,0.6,-0.97,0.6
2025-09-19T09:00:00Z,28.5,7.29,0.0,85.0,0.6,-0.63,1.6
2025-09-19T10:00:00Z,28.5,6.95,0.0,49.0,0.58,-0.05,3.4
2025-09-19T11:00:00Z,28.4,7.72,0.0,71.0,0.54,0.64,4.5
2025-09-19T12:00:00Z,28.4,8.36,0.0,97.0,0.52,1.33,4.9
2025-09-19T13:00:00Z,28.4,8.13,0.0,98.0,0.56,1.84,4.4
2025-09-19T14:00:00Z,28.4,8.3,0.0,100.0,0.6,2.01,2.8
2025-09-19T15:00:00Z,28.3,8.2,0.0,100.0,0.64,1.78,0.9
2025-09-19T16:00:00Z,28.3,7.53,0.0,99.0,0.64,1.26,1.7
2025-09-19T17:00:00Z,28.2,6.56,0.0,99.0,0.62,0.61,3.3
2025-09-19T18:00:00Z,28.1,6.08,0.0,98.0,0.62,-0.04,4.3
2025-09-19T19:00:00Z,28.0,5.01,0.1,98.0,0.58,-0.59,4.5
2025-09-19T20:00:00Z,28.0,4.95,1.9,83.0,0.56,-0.87,3.4
2025-09-19T21:00:00Z,28.0,5.72,0.4,96.0,0.52,-0.8,1.3
2025-09-19T22:00:00Z,26.2,7.37,1.2,93.0,0.62,-0.45,1.3
2025-09-19T23:00:00Z,26.0,8.1,0.7,95.0,0.7,0.11,3.1
2025-09-20T00:00:00Z,25.9,8.26,0.2,94.0,0.8,0.75,4.0
2025-09-20T01:00:00Z,25.9,8.54,0.1,100.0,0.76,1.31,4.0
2025-09-20T02:00:00Z,26.2,8.75,0.2,100.0,0.72,1.56,3.1
2025-09-20T03:00:00Z,26.3,8.48,0.1,100.0,0.68,1.43,1.4
2025-09-20T04:00:00Z,26.2,8.26,0.1,100.0,0.7,0.98,0.6
2025-09-20T05:00:00Z,26.2,8.02,0.1,100.0,0.74,0.41,1.9
2025-09-20T06:00:00Z,26.2,8.58,0.0,99.0,0.76,-0.16,2.8
2025-09-20T07:00:00Z,26.2,9.49,0.3,99.0,0.8,-0.64,2.9
2025-09-20T08:00:00Z,26.1,9.63,0.1,97.0,0.84,-0.89,2.3
2025-09-20T09:00:00Z,26.0,9.11,0.0,94.0,0.88,-0.77,1.3
2025-09-20T10:00:00Z,25.2,8.55,0.0,90.0,0.88,-0.27,2.7
2025-09-20T11:00:00Z,25.2,8.33,0.0,100.0,0.88,0.45,4.7
2025-09-20T12:00:00Z,25.2,7.86,0.0,100.0,0.88,1.22,5.8
2025-09-20T13:00:00Z,25.3,8.03,0.0,100.0,0.86,1.92,5.6
2025-09-20T14:00:00Z,25.3,8.3,0.0,100.0,0.86,2.35,4.5
2025-09-20T15:00:00Z,25.3,8.28,0.0,100.0,0.84,2.33,2.3
2025-09-20T16:00:00Z,25.3,8.24,0.0,100.0,0.84,1.9,0.5
2025-09-20T17:00:00Z,25.3,8.57,0.0,100.0,0.82,1.23,2.4
2025-09-20T18:00:00Z,25.3,8.88,0.0,97.0,0.82,0.49,3.8
2025-09-20T19:00:00Z,25.2,8.67,0.2,100.0,0.82,-0.2,4.4
2025-09-20T20:00:00Z,24.9,8.8,0.4,100.0,0.84,-0.71,4.3
2025-09-20T21:00:00Z,24.8,8.96,0.1,100.0,0.84,-0.88,2.9
2025-09-20T22:00:00Z,24.8,8.17,0.1,99.0,0.86,-0.64,0.9
2025-09-20T23:00:00Z,25.1,8.1,0.0,100.0,0.88,-0.1,2.4
2025-09-21T00:00:00Z,25.4,8.07,0.0,98.0,0.9,0.56,4.0
2025-09-21T01:00:00Z,25.7,7.99,0.0,100.0,0.86,1.21,4.3
2025-09-21T02:00:00Z,25.9,7.5,0.0,96.0,0.84,1.67,3.8
2025-09-21T03:00:00Z,26.1,6.73,0.0,93.0,0.8,1.75,2.2
2025-09-21T04:00:00Z,26.2,6.36,0.0,82.0,0.78,1.41,0.4
2025-09-21T05:00:00Z,26.3,6.67,0.0,86.0,0.76,0.77,2.4
2025-09-21T06:00:00Z,26.4,7.15,0.0,81.0,0.74,0.06,3.9
2025-09-21T07:00:00Z,26.4,7.18,0.6,62.0,0.74,-0.57,4.5
2025-09-21T08:00:00Z,26.5,7.15,0.5,61.0,0.72,-1.03,4.2
2025-09-21T09:00:00Z,26.5,6.54,0.7,80.0,0.72,-1.18,2.9
2025-09-21T10:00:00Z,25.0,5.44,0.2,65.0,0.7,-0.89,1.3
2025-09-21T11:00:00Z,25.4,5.33,0.0,32.0,0.68,-0.26,3.0
2025-09-21T12:00:00Z,25.7,5.35,0.0,5.0,0.66,0.52,4.7
2025-09-21T13:00:00Z,25.8,5.56,0.0,12.0,0.62,1.3,5.4
2025-09-21T14:00:00Z,26.0,5.84,0.0,26.0,0.56,1.89,4.7
2025-09-21T15:00:00Z,26.0,5.88,0.0,11.0,0.52,2.12,3.2
2025-09-21T16:00:00Z,26.0,5.79,0.0,10.0,0.48,1.89,0.7
2025-09-21T17:00:00Z,25.9,5.7,0.0,13.0,0.44,1.29,1.9
2025-09-21T18:00:00Z,25.9,5.77,0.0,19.0,0.4,0.53,3.7
2025-09-21T19:00:00Z,25.9,5.69,0.0,11.0,0.4,-0.19,4.7
2025-09-21T20:00:00Z,26.1,5.66,0.0,8.0,0.4,-0.79,4.8
2025-09-21T21:00:00Z,26.3,5.5,0.0,5.0,0.4,-1.13,3.8
2025-09-21T22:00:00Z,26.6,3.85,0.0,54.0,0.4,-1.07,1.8
2025-09-21T23:00:00Z,26.9,3.99,0.0,40.0,0.42,-0.6,1.6
2025-09-22T00:00:00Z,27.1,4.27,0.0,17.0,0.42,0.1,4.0
2025-09-22T01:00:00Z,27.3,4.67,0.0,37.0,0.42,0.84,5.0
2025-09-22T02:00:00Z,27.4,4.93,0.0,36.0,0.42,1.45,5.0
2025-09-22T03:00:00Z,27.4,5.1,0.0,46.0,0.42,1.78,4.0
2025-09-22T04:00:00Z,27.4,4.87,0.0,51.0,0.4,1.7,2.0
2025-09-22T05:00:00Z,27.5,4.24,0.0,44.0,0.36,1.23,0.5
2025-09-22T06:00:00Z,27.5,3.73,0.0,37.0,0.34,0.55,2.4
2025-09-22T07:00:00Z,27.5,3.59,0.0,51.0,0.34,-0.14,3.6
2025-09-22T08:00:00Z,27.5,3.8,0.0,52.0,0.36,-0.69,3.8
2025-09-22T09:00:00Z,27.6,4.3,0.0,31.0,0.36,-1.02,3.1
2025-09-22T10:00:00Z,27.5,4.46,0.0,19.0,0.38,-0.99,1.6
2025-09-22T11:00:00Z,27.5,5.46,0.0,1.0,0.38,-0.54,2.3
2025-09-22T12:00:00Z,27.5,6.12,0.0,7.0,0.4,0.2,4.6
2025-09-22T13:00:00Z,27.5,6.16,0.0,5.0,0.44,1.01,6.1
2025-09-22T14:00:00Z,27.5,6.2,0.0,2.0,0.46,1.71,6.1
2025-09-22T15:00:00Z,27.4,6.31,0.0,7.0,0.5,2.15,5.0
2025-09-22T16:00:00Z,27.4,6.74,0.0,7.0,0.5,2.18,3.2
2025-09-22T17:00:00Z,27.4,6.87,0.0,9.0,0.5,1.78,0.7
2025-09-22T18:00:00Z,27.4,6.9,0.0,12.0,0.5,1.1,1.6
2025-09-22T19:00:00Z,27.0,6.82,0.0,18.0,0.58,0.33,3.3
2025-09-22T20:00:00Z,26.9,6.85,0.0,18.0,0.64,-0.34,3.8
2025-09-22T21:00:00Z,26.9,7.06,0.0,26.0,0.72,-0.81,3.3
2025-09-22T22:00:00Z,27.4,6.05,0.0,38.0,0.68,-0.96,2.0
2025-09-22T23:00:00Z,27.4,6.7,0.0,30.0,0.64,-0.68,1.0
2025-09-23T00:00:00Z,27.5,6.95,0.0,17.0,0.6,-0.03,3.6
2025-09-23T01:00:00Z,27.6,7.26,0.1,32.0,0.6,0.75,5.6
2025-09-23T02:00:00Z,27.7,6.83,0.1,22.0,0.62,1.44,6.0
2025-09-23T03:00:00Z,27.8,6.65,0.1,27.0,0.62,1.92,5.3
2025-09-23T04:00:00Z,27.8,6.61,0.1,56.0,0.64,2.04,3.5
2025-09-23T05:00:00Z,27.9,6.49,0.0,85.0,0.64,1.75,1.2
2025-09-23T06:00:00Z,27.8,6.22,0.0,100.0,0.66,1.13,1.5
2025-09-23T07:00:00Z,27.5,6.02,0.2,100.0,0.62,0.38,3.2
2025-09-23T08:00:00Z,27.4,5.57,0.7,99.0,0.56,-0.28,4.0
2025-09-23T09:00:00Z,27.5,5.64,0.0,99.0,0.52,-0.75,3.6
2025-09-23T10:00:00Z,28.1,6.17,0.0,99.0,0.52,-0.93,2.4
2025-09-23T11:00:00Z,28.1,5.71,0.0,99.0,0.52,-0.73,0.4
2025-09-23T12:00:00Z,28.1,5.54,0.0,95.0,0.52,-0.16,2.3
2025-09-23T13:00:00Z,28.0,6.04,0.0,100.0,0.52,0.59,4.5
2025-09-23T14:00:00Z,28.0,6.2,0.0,100.0,0.52,1.28,5.3
2025-09-23T15:00:00Z,27.9,6.61,0.0,100.0,0.52,1.76,4.6
2025-09-23T16:00:00Z,27.7,6.54,0.4,100.0,0.5,1.94,2.8
2025-09-23T17:00:00Z,27.5,6.72,0.5,100.0,0.46,1.7,0.8
2025-09-23T18:00:00Z,27.7,7.19,0.1,100.0,0.44,1.13,2.1
2025-09-23T19:00:00Z,27.5,7.92,0.2,100.0,0.44,0.39,4.0
2025-09-23T20:00:00Z,27.6,7.58,0.2,96.0,0.46,-0.32,4.9
2025-09-23T21:00:00Z,27.6,6.95,0.1,98.0,0.46,-0.85,4.7
2025-09-23T22:00:00Z,27.5,6.37,0.2,100.0,0.46,-1.11,3.4
2025-09-23T23:00:00Z,27.5,6.3,0.1,100.0,0.46,-1.02,1.5
2025-09-24T00:00:00Z,27.6,5.7,0.0,99.0,0.46,-0.54,1.3
2025-09-24T01:00:00Z,27.8,5.25,0.0,100.0,0.48,0.21,3.8
2025-09-24T02:00:00Z,28.0,5.34,0.0,100.0,0.48,0.96,5.1
2025-09-24T03:00:00Z,28.1,6.09,0.0,100.0,0.5,1.55,4.8
2025-09-24T04:00:00Z,28.2,6.46,0.0,100.0,0.5,1.84,3.4
2025-09-24T05:00:00Z,28.2,6.85,0.0,99.0,0.52,1.78,1.7
2025-09-24T06:00:00Z,28.2,7.02,0.0,100.0,0.52,1.35,1.4
2025-09-24T07:00:00Z,28.2,7.24,0.0,100.0,0.52,0.68,3.3
2025-09-24T08:00:00Z,28.2,7.74,0.0,100.0,0.52,-0.01,4.3
2025-09-24T09:00:00Z,28.2,8.0,0.0,100.0,0.52,-0.56,4.5
2025-09-24T10:00:00Z,28.4,6.4,0.0,100.0,0.52,-0.87,3.6
2025-09-24T11:00:00Z,28.3,6.75,0.0,96.0,0.5,-0.88,2.0
2025-09-24T12:00:00Z,28.3,6.55,0.0,95.0,0.5,-0.52,0.4
2025-09-24T13:00:00Z,28.3,6.19,0.0,95.0,0.48,0.16,2.9
2025-09-24T14:00:00Z,28.2,6.17,0.0,80.0,0.46,0.88,4.6
2025-09-24T15:00:00Z,28.2,6.23,0.0,53.0,0.44,1.42,4.5
2025-09-24T16:00:00Z,28.1,6.11,0.0,46.0,0.42,1.68,3.3
2025-09-24T17:00:00Z,28.0,6.27,0.0,70.0,0.42,1.64,1.5
2025-09-24T18:00:00Z,27.9,6.51,0.1,56.0,0.4,1.25,1.8
2025-09-24T19:00:00Z,27.9,6.15,0.1,38.0,0.42,0.59,3.7
2025-09-24T20:00:00Z,27.8,5.88,0.0,33.0,0.44,-0.14,4.9
2025-09-24T21:00:00Z,27.7,5.95,0.0,44.0,0.46,-0.73,5.2
2025-09-24T22:00:00Z,27.6,4.85,0.0,74.0,0.42,-1.07,4.3
2025-09-24T23:00:00Z,27.5,4.74,0.0,86.0,0.4,-1.1,2.5
2025-09-25T00:00:00Z,27.6,4.63,0.0,93.0,0.36,-0.8,0.4
2025-09-25T01:00:00Z,27.7,3.92,0.0,99.0,0.32,-0.16,2.3
2025-09-25T02:00:00Z,27.8,3.74,0.0,99.0,0.3,0.62,4.2
2025-09-25T03:00:00Z,28.0,4.12,0.0,95.0,0.26,1.26,4.5
2025-09-25T04:00:00Z,28.0,4.77,0.0,64.0,0.26,1.65,3.6
2025-09-25T05:00:00Z,28.1,5.23,0.0,79.0,0.24,1.75,2.1
2025-09-25T06:00:00Z,28.1,5.41,0.0,81.0,0.24,1.53,0.5
2025-09-25T07:00:00Z,28.1,5.62,0.0,79.0,0.28,1.01,2.0
2025-09-25T08:00:00Z,28.0,5.7,0.0,88.0,0.32,0.35,3.6
2025-09-25T09:00:00Z,28.0,5.43,0.0,84.0,0.36,-0.26,4.1
2025-09-25T10:00:00Z,28.3,5.09,0.0,70.0,0.36,-0.66,3.8
2025-09-25T11:00:00Z,28.3,5.66,0.0,75.0,0.38,-0.8,2.4
2025-09-25T12:00:00Z,28.3,5.8,0.0,44.0,0.38,-0.64,0.8
2025-09-25T13:00:00Z,28.3,5.7,0.0,55.0,0.36,-0.18,1.8
2025-09-25T14:00:00Z,28.2,5.59,0.0,73.0,0.32,0.47,3.6
2025-09-25T15:00:00Z,28.1,5.64,0.0,85.0,0.3,1.05,4.4
2025-09-25T16:00:00Z,28.1,5.75,0.0,80.0,0.28,1.38,3.5
2025-09-25T17:00:00Z,28.0,5.5,0.0,81.0,0.26,1.43,1.8
2025-09-25T18:00:00Z,27.9,5.03,0.0,82.0,0.24,1.19,0.9
2025-09-25T19:00:00Z,27.8,4.59,0.0,23.0,0.24,0.7,2.6
2025-09-25T20:00:00Z,27.7,4.41,0.0,70.0,0.24,0.03,4.1
2025-09-25T21:00:00Z,27.6,4.32,0.0,14.0,0.24,-0.6,5.1
2025-09-25T22:00:00Z,27.5,3.21,0.0,50.0,0.22,-1.03,4.6
2025-09-25T23:00:00Z,27.5,3.73,0.0,60.0,0.18,-1.17,3.2
2025-09-26T00:00:00Z,27.6,3.92,0.0,32.0,0.16,-1.01,1.7
2025-09-26T01:00:00Z,27.7,3.5,0.0,1.0,0.16,-0.53,1.9
2025-09-26T02:00:00Z,27.9,3.2,0.0,0.0,0.16,0.19,3.7
2025-09-26T03:00:00Z,28.0,3.06,0.0,2.0,0.16,0.9,5.1
2025-09-26T04:00:00Z,28.1,3.15,0.0,16.0,0.14,1.4,4.7
2025-09-26T05:00:00Z,28.2,3.5,0.0,8.0,0.14,1.62,3.4
2025-09-26T06:00:00Z,28.3,4.1,0.0,1.0,0.12,1.56,1.7
2025-09-26T07:00:00Z,28.3,4.46,0.0,1.0,0.14,1.24,0.4
2025-09-26T08:00:00Z,28.3,4.47,0.0,1.0,0.18,0.71,2.0
2025-09-26T09:00:00Z,28.2,4.58,0.0,7.0,0.2,0.11,3.1
2025-09-26T10:00:00Z,28.0,4.97,0.0,17.0,0.24,-0.37,3.3
2025-09-26T11:00:00Z,27.9,5.03,0.0,25.0,0.26,-0.61,2.4
2025-09-26T12:00:00Z,27.8,5.06,0.0,29.0,0.3,-0.6,1.2
2025-09-26T13:00:00Z,27.7,5.16,0.0,30.0,0.28,-0.33,1.2
2025-09-26T14:00:00Z,27.6,5.31,0.0,42.0,0.28,0.17,2.7
2025-09-26T15:00:00Z,27.6,5.26,0.0,7.0,0.26,0.74,4.1
2025-09-26T16:00:00Z,27.5,5.1,0.0,7.0,0.24,1.14,4.0
2025-09-26T17:00:00Z,27.5,5.04,0.0,6.0,0.2,1.27,2.7
2025-09-26T18:00:00Z,27.4,4.83,0.0,2.0,0.18,1.17,1.1
2025-09-26T19:00:00Z,27.4,4.25,0.0,6.0,0.18,0.85,0.8
2025-09-26T20:00:00Z,27.3,3.49,0.0,6.0,0.2,0.34,2.3
2025-09-26T21:00:00Z,27.2,3.02,0.0,1.0,0.2,-0.23,3.5
2025-09-26T22:00:00Z,27.4,2.49,0.0,8.0,0.18,-0.71,3.5
2025-09-26T23:00:00Z,27.4,2.9,0.0,12.0,0.14,-0.95,2.7
2025-09-27T00:00:00Z,27.4,3.5,0.0,5.0,0.12,-0.92,1.3
2025-09-27T01:00:00Z,27.5,3.5,0.0,2.0,0.12,-0.61,1.7
2025-09-27T02:00:00Z,27.6,2.7,0.0,2.0,0.14,-0.06,3.5
2025-09-27T03:00:00Z,27.7,2.36,0.0,10.0,0.14,0.62,5.1
2025-09-27T04:00:00Z,27.8,2.85,0.0,33.0,0.14,1.2,5.6
2025-09-27T05:00:00Z,27.9,3.52,0.0,41.0,0.12,1.51,4.9
2025-09-27T06:00:00Z,28.0,3.98,0.0,44.0,0.12,1.57,3.2
2025-09-27T07:00:00Z,28.0,4.49,0.0,58.0,0.16,1.42,1.5
2025-09-27T08:00:00Z,28.0,4.95,0.0,10.0,0.18,1.07,0.6
2025-09-27T09:00:00Z,27.9,5.1,0.0,9.0,0.22,0.58,2.0
2025-09-27T10:00:00Z,28.2,5.47,0.0,7.0,0.24,0.09,2.7
2025-09-27T11:00:00Z,28.1,5.66,0.0,12.0,0.26,-0.24,2.5
2025-09-27T12:00:00Z,28.1,5.55,0.0,15.0,0.28,-0.36,1.7
2025-09-27T13:00:00Z,28.0,5.63,0.0,40.0,0.3,-0.26,0.4
2025-09-27T14:00:00Z,28.0,5.6,0.0,67.0,0.3,0.03,1.5
2025-09-27T15:00:00Z,27.9,5.93,0.0,70.0,0.32,0.46,2.7
2025-09-27T16:00:00Z,27.9,6.22,0.0,65.0,0.32,0.87,3.3
2025-09-27T17:00:00Z,27.9,6.3,0.0,51.0,0.3,1.06,2.8
2025-09-27T18:00:00Z,27.9,6.28,0.0,51.0,0.3,1.01,1.4
2025-09-27T19:00:00Z,27.9,6.35,0.0,35.0,0.32,0.8,0.6
2025-09-27T20:00:00Z,27.9,6.47,0.0,26.0,0.34,0.47,1.9
2025-09-27T21:00:00Z,27.9,6.51,0.0,13.0,0.36,0.02,2.9
2025-09-27T22:00:00Z,27.9,5.44,0.0,10.0,0.34,-0.44,3.4
2025-09-27T23:00:00Z,28.0,5.32,0.0,6.0,0.34,-0.77,3.1
2025-09-28T00:00:00Z,28.1,5.31,0.0,5.0,0.32,-0.87,2.0
2025-09-28T01:00:00Z,28.2,5.22,0.0,7.0,0.3,-0.72,0.4
2025-09-28T02:00:00Z,28.4,4.87,0.0,7.0,0.3,-0.38,1.7
2025-09-28T03:00:00Z,28.7,4.3,0.0,5.0,0.28,0.15,3.3
2025-09-28T04:00:00Z,28.9,3.67,0.0,3.0,0.24,0.73,4.5
2025-09-28T05:00:00Z,29.0,3.25,0.0,7.0,0.2,1.16,4.5
2025-09-28T06:00:00Z,29.0,3.49,0.0,7.0,0.16,1.35,3.4
2025-09-28T07:00:00Z,29.0,3.26,0.0,9.0,0.16,1.35,2.0
2025-09-28T08:00:00Z,29.2,2.1,0.0,33.0,0.14,1.2,0.6
2025-09-28T09:00:00Z,29.0,0.93,0.0,61.0,0.14,0.89,0.7
2025-09-28T10:00:00Z,28.6,1.41,0.0,97.0,0.14,0.48,1.8
2025-09-28T11:00:00Z,28.2,2.47,0.0,76.0,0.12,0.1,2.2
2025-09-28T12:00:00Z,27.9,4.32,0.0,58.0,0.12,-0.11,1.9
2025-09-28T13:00:00Z,27.4,4.96,0.1,59.0,0.14,-0.15,1.2
2025-09-28T14:00:00Z,27.1,3.2,0.0,95.0,0.18,-0.04,1.0
2025-09-28T15:00:00Z,26.8,3.85,0.4,98.0,0.2,0.19,1.9
2025-09-28T16:00:00Z,26.6,4.2,0.1,100.0,0.26,0.52,2.6
2025-09-28T17:00:00Z,26.5,4.45,0.0,98.0,0.3,0.79,2.9
2025-09-28T18:00:00Z,26.4,4.5,0.0,74.0,0.36,0.86,2.2
2025-09-28T19:00:00Z,26.4,4.62,0.0,58.0,0.34,0.77,1.0
2025-09-28T20:00:00Z,26.5,5.1,0.1,61.0,0.3,0.56,0.3
2025-09-28T21:00:00Z,26.7,5.46,0.2,81.0,0.28,0.28,1.1
2025-09-28T22:00:00Z,26.7,6.09,0.3,41.0,0.32,-0.07,1.7
2025-09-28T23:00:00Z,26.8,6.18,0.3,28.0,0.38,-0.4,2.1
2025-09-29T00:00:00Z,26.7,6.01,0.1,24.0,0.42,-0.59,1.7
2025-09-29T01:00:00Z,26.6,5.59,0.1,19.0,0.42,-0.57,1.3
2025-09-29T02:00:00Z,26.5,5.38,0.1,26.0,0.42,-0.37,2.1
2025-09-29T03:00:00Z,26.5,4.81,0.1,15.0,0.42,-0.02,3.2
2025-09-29T04:00:00Z,26.6,4.1,0.0,24.0,0.38,0.43,4.4
2025-09-29T05:00:00Z,26.7,3.61,0.0,45.0,0.32,0.88,4.7
2025-09-29T06:00:00Z,26.7,3.71,0.0,66.0,0.28,1.17,4.4
2025-09-29T07:00:00Z,26.7,4.56,0.0,91.0,0.28,1.25,3.1
2025-09-29T08:00:00Z,26.6,5.13,0.0,61.0,0.3,1.22,1.7
2025-09-29T09:00:00Z,26.6,5.16,0.0,79.0,0.3,1.09,0.3
2025-09-29T10:00:00Z,26.5,5.12,0.0,53.0,0.3,0.85,0.8
2025-09-29T11:00:00Z,26.5,5.22,0.0,46.0,0.32,0.54,1.7
2025-09-29T12:00:00Z,26.5,5.07,0.0,100.0,0.32,0.26,1.9
2025-09-29T13:00:00Z,26.5,4.66,0.0,100.0,0.3,0.1,1.6
2025-09-29T14:00:00Z,26.4,3.99,0.0,100.0,0.28,0.06,0.9
2025-09-29T15:00:00Z,26.4,3.5,0.0,97.0,0.26,0.09,0.8
2025-09-29T16:00:00Z,26.4,3.1,0.0,85.0,0.24,0.23,1.4
2025-09-29T17:00:00Z,26.4,2.62,0.0,57.0,0.22,0.45,2.0
2025-09-29T18:00:00Z,26.4,2.4,0.0,66.0,0.2,0.59,2.0
2025-09-29T19:00:00Z,26.4,3.03,0.0,95.0,0.18,0.57,1.3
2025-09-29T20:00:00Z,26.0,3.18,0.1,99.0,0.18,0.45,0.3
2025-09-29T21:00:00Z,25.2,2.89,0.1,88.0,0.16,0.3,0.6
2025-09-29T22:00:00Z,26.7,2.69,0.2,64.0,0.14,0.1,1.1
2025-09-29T23:00:00Z,26.2,3.23,0.7,26.0,0.12,-0.16,1.7
2025-09-30T00:00:00Z,26.4,3.54,0.1,70.0,0.1,-0.39,1.7
2025-09-30T01:00:00Z,26.7,2.75,0.1,94.0,0.12,-0.52,1.4
2025-09-30T02:00:00Z,26.5,3.18,0.6,78.0,0.12,-0.48,0.9
2025-09-30T03:00:00Z,26.7,2.38,0.4,97.0,0.14,-0.32,1.5
2025-09-30T04:00:00Z,27.2,2.11,0.0,98.0,0.12,-0.06,2.1
2025-09-30T05:00:00Z,27.6,2.06,0.0,81.0,0.12,0.28,2.7
2025-09-30T06:00:00Z,27.4,2.64,0.2,70.0,0.1,0.61,3.1
2025-09-30T07:00:00Z,26.0,6.01,1.6,100.0,0.18,0.84,2.7
2025-09-30T08:00:00Z,25.9,7.22,2.0,59.0,0.28,0.95,1.8
2025-09-30T09:00:00Z,25.9,6.95,0.0,18.0,0.36,0.99,1.1
2025-09-30T10:00:00Z,25.5,7.25,0.0,41.0,0.36,0.96,0.6
2025-09-30T11:00:00Z,25.3,6.71,0.0,73.0,0.38,0.84,0.4
2025-09-30T12:00:00Z,25.3,6.46,0.0,44.0,0.38,0.62,1.0
2025-09-30T13:00:00Z,25.3,5.58,0.0,58.0,0.38,0.4,1.5
2025-09-30T14:00:00Z,25.3,5.01,0.0,35.0,0.38,0.23,1.3
2025-09-30T15:00:00Z,25.2,4.6,0.0,7.0,0.38,0.13,0.9
2025-09-30T16:00:00Z,25.1,4.45,0.0,10.0,0.34,0.1,1.0
2025-09-30T17:00:00Z,25.1,4.45,0.0,10.0,0.3,0.18,1.3
2025-09-30T18:00:00Z,25.1,4.55,0.0,39.0,0.26,0.34,2.0
2025-09-30T19:00:00Z,25.1,4.35,0.0,17.0,0.26,0.44,2.2
2025-09-30T20:00:00Z,25.1,3.72,0.0,21.0,0.28,0.44,1.8
2025-09-30T21:00:00Z,25.1,3.28,0.0,20.0,0.28,0.4,1.1
2025-09-30T22:00:00Z,25.3,3.6,0.0,55.0,0.26,0.37,0.5
2025-09-30T23:00:00Z,25.4,3.79,0.0,50.0,0.26,0.28,0.3
2025-10-01T00:00:00Z,25.5,3.86,0.0,55.0,0.24,0.1,0.6
2025-10-01T01:00:00Z,25.6,4.04,0.0,51.0,0.24,-0.11,0.7
2025-10-01T02:00:00Z,25.7,4.0,0.0,41.0,0.22,-0.23,1.0
2025-10-01T03:00:00Z,25.8,3.65,0.0,11.0,0.22,-0.25,1.3
2025-10-01T04:00:00Z,25.9,3.15,0.0,9.0,0.22,-0.17,2.1
2025-10-01T05:00:00Z,26.0,3.13,0.0,21.0,0.2,-0.01,3.0
2025-10-01T06:00:00Z,26.1,3.7,0.0,28.0,0.2,0.28,3.8
2025-10-01T07:00:00Z,26.1,4.09,0.0,23.0,0.22,0.59,4.3
2025-10-01T08:00:00Z,26.1,4.04,0.0,18.0,0.24,0.83,4.3
2025-10-01T09:00:00Z,26.1,4.31,0.0,30.0,0.26,1.0,3.6
2025-10-01T10:00:00Z,26.3,4.57,0.0,33.0,0.28,1.15,3.1
2025-10-01T11:00:00Z,26.3,5.27,0.0,21.0,0.28,1.22,2.4
2025-10-01T12:00:00Z,26.4,5.81,0.0,24.0,0.3,1.13,1.3
2025-10-01T13:00:00Z,26.4,6.09,0.0,2.0,0.34,0.89,0.2
2025-10-01T14:00:00Z,26.4,5.95,0.0,15.0,0.36,0.6,0.6
2025-10-01T15:00:00Z,26.5,5.87,0.0,20.0,0.4,0.33,0.7
2025-10-01T16:00:00Z,26.6,6.1,0.0,28.0,0.42,0.11,0.7
2025-10-01T17:00:00Z,26.8,6.16,0.0,75.0,0.42,-0.03,0.4
2025-10-01T18:00:00Z,27.0,6.52,0.0,84.0,0.44,-0.03,0.3
2025-10-01T19:00:00Z,27.1,6.75,0.0,61.0,0.46,0.08,1.0
2025-10-01T20:00:00Z,27.2,7.08,0.0,57.0,0.5,0.19,1.5
2025-10-01T21:00:00Z,27.4,7.42,0.0,88.0,0.52,0.26,1.3
2025-10-01T22:00:00Z,27.5,6.8,0.0,33.0,0.52,0.33,1.0
2025-10-01T23:00:00Z,27.6,7.29,0.0,13.0,0.5,0.38,0.9
2025-10-02T00:00:00Z,27.7,7.58,0.0,6.0,0.5,0.33,0.8
2025-10-02T01:00:00Z,27.9,8.05,0.0,20.0,0.5,0.15,1.1
2025-10-02T02:00:00Z,28.0,8.53,0.0,50.0,0.5,-0.08,1.5
2025-10-02T03:00:00Z,28.1,8.64,0.0,61.0,0.5,-0.28,1.5
2025-10-02T04:00:00Z,28.0,8.52,0.0,50.0,0.52,-0.4,1.1
2025-10-02T05:00:00Z,28.0,9.2,0.0,31.0,0.52,-0.43,0.4
2025-10-02T06:00:00Z,28.0,9.42,0.0,80.0,0.54,-0.32,0.4
2025-10-02T07:00:00Z,28.0,9.65,0.0,100.0,0.62,-0.03,1.5
2025-10-02T08:00:00Z,28.0,10.34,0.0,99.0,0.7,0.32,2.4
2025-10-02T09:00:00Z,28.1,10.6,0.0,99.0,0.78,0.64,2.7
2025-10-02T10:00:00Z,28.0,9.13,0.0,100.0,0.78,0.92,2.3
2025-10-02T11:00:00Z,28.1,9.29,0.0,100.0,0.8,1.16,1.8
2025-10-02T12:00:00Z,28.1,9.47,0.0,97.0,0.8,1.27,1.0
2025-10-02T13:00:00Z,28.1,9.87,0.0,92.0,0.84,1.15,0.9
2025-10-02T14:00:00Z,28.0,9.97,0.0,94.0,0.86,0.83,1.9
2025-10-02T15:00:00Z,28.0,10.02,0.0,100.0,0.9,0.44,2.7
2025-10-02T16:00:00Z,27.9,10.43,0.0,98.0,0.9,0.06,3.1
2025-10-02T17:00:00Z,27.9,10.3,0.0,96.0,0.88,-0.26,3.1
2025-10-02T18:00:00Z,27.8,9.96,0.0,97.0,0.88,-0.44,2.4
2025-10-02T19:00:00Z,27.7,9.37,0.0,99.0,0.86,-0.42,1.4
2025-10-02T20:00:00Z,27.7,9.45,0.0,99.0,0.86,-0.25,0.7
2025-10-02T21:00:00Z,27.6,9.17,0.0,100.0,0.84,-0.03,1.3
2025-10-02T22:00:00Z,27.7,8.29,0.0,98.0,0.8,0.2,1.5
2025-10-02T23:00:00Z,27.7,8.28,0.0,93.0,0.74,0.43,1.5
2025-10-03T00:00:00Z,27.7,7.6,0.0,85.0,0.7,0.58,1.2
2025-10-03T01:00:00Z,27.8,6.5,0.0,64.0,0.64,0.54,0.7
2025-10-03T02:00:00Z,28.1,5.96,0.0,69.0,0.56,0.31,1.1
2025-10-03T03:00:00Z,28.3,5.29,0.0,18.0,0.5,-0.01,1.8
2025-10-03T04:00:00Z,28.3,4.63,0.1,71.0,0.42,-0.32,2.2
2025-10-03T05:00:00Z,28.5,3.5,0.0,70.0,0.34,-0.53,2.0
2025-10-03T06:00:00Z,28.5,2.31,0.0,80.0,0.26,-0.61,1.3
2025-10-03T07:00:00Z,28.4,1.36,0.0,97.0,0.24,-0.49,0.6
2025-10-03T08:00:00Z,28.5,1.04,0.0,97.0,0.2,-0.14,1.5
2025-10-03T09:00:00Z,28.4,1.13,0.0,81.0,0.18,0.33,2.9
2025-10-03T10:00:00Z,28.4,0.64,0.1,75.0,0.16,0.79,3.4
2025-10-03T11:00:00Z,28.2,0.45,0.1,42.0,0.14,1.21,3.4
2025-10-03T12:00:00Z,27.9,1.14,0.0,31.0,0.12,1.54,2.7
2025-10-03T13:00:00Z,27.5,2.37,0.0,66.0,0.14,1.65,1.6
2025-10-03T14:00:00Z,27.3,3.46,0.0,92.0,0.14,1.44,0.5
2025-10-03T15:00:00Z,27.0,4.91,0.1,98.0,0.16,1.02,1.7
2025-10-03T16:00:00Z,26.9,5.46,0.0,100.0,0.16,0.52,2.7
2025-10-03T17:00:00Z,26.5,5.18,0.4,100.0,0.18,0.05,3.1
2025-10-03T18:00:00Z,26.2,5.23,0.5,99.0,0.18,-0.34,2.9
2025-10-03T19:00:00Z,25.8,5.2,0.0,99.0,0.26,-0.54,2.2
2025-10-03T20:00:00Z,25.6,5.52,0.0,100.0,0.32,-0.46,1.1
2025-10-03T21:00:00Z,25.5,5.45,0.0,100.0,0.4,-0.16,1.8
2025-10-03T22:00:00Z,26.5,4.6,0.0,93.0,0.34,0.23,2.8
2025-10-03T23:00:00Z,26.5,4.44,0.0,75.0,0.3,0.63,3.3
2025-10-04T00:00:00Z,26.6,4.61,0.0,79.0,0.24,0.98,3.1
2025-10-04T01:00:00Z,26.7,4.6,0.0,51.0,0.24,1.16,2.5
2025-10-04T02:00:00Z,26.8,4.65,0.0,40.0,0.22,1.06,1.4
2025-10-04T03:00:00Z,26.9,4.59,0.0,36.0,0.22,0.7,0.7
2025-10-04T04:00:00Z,27.0,4.51,0.0,6.0,0.22,0.22,1.5
2025-10-04T05:00:00Z,27.0,4.42,0.0,9.0,0.24,-0.22,1.7
2025-10-04T06:00:00Z,27.2,4.4,0.0,8.0,0.24,-0.55,1.4
2025-10-04T07:00:00Z,27.3,4.4,0.0,11.0,0.26,-0.67,0.9
2025-10-04T08:00:00Z,27.4,4.51,0.0,25.0,0.26,-0.48,1.9
2025-10-04T09:00:00Z,27.4,4.73,0.0,28.0,0.28,0.0,3.6
2025-10-04T10:00:00Z,27.5,5.05,0.1,37.0,0.28,0.61,5.2
2025-10-04T11:00:00Z,27.2,4.84,0.3,37.0,0.3,1.2,5.8
2025-10-04T12:00:00Z,27.0,4.7,0.3,70.0,0.3,1.71,5.4
2025-10-04T13:00:00Z,27.0,4.76,0.2,58.0,0.3,2.01,4.3
2025-10-04T14:00:00Z,26.9,4.88,0.2,33.0,0.28,1.97,2.5
2025-10-04T15:00:00Z,27.0,5.41,0.1,41.0,0.28,1.59,0.4
2025-10-04T16:00:00Z,27.2,5.99,0.0,36.0,0.3,0.97,1.6
2025-10-04T17:00:00Z,27.4,6.17,0.0,18.0,0.34,0.3,2.9
2025-10-04T18:00:00Z,27.5,6.14,0.0,13.0,0.36,-0.27,3.3
2025-10-04T19:00:00Z,27.6,6.23,0.0,15.0,0.36,-0.68,2.7
2025-10-04T20:00:00Z,27.7,6.25,0.0,10.0,0.38,-0.8,1.5
2025-10-04T21:00:00Z,27.7,5.73,0.0,6.0,0.38,-0.56,0.8
2025-10-04T22:00:00Z,27.7,5.3,0.0,7.0,0.34,-0.07,2.9
2025-10-04T23:00:00Z,27.7,5.0,0.0,4.0,0.3,0.47,4.2
2025-10-05T00:00:00Z,27.8,5.15,0.0,0.0,0.26,0.97,4.2
2025-10-05T01:00:00Z,27.9,5.25,0.0,0.0,0.24,1.33,3.6
2025-10-05T02:00:00Z,28.1,5.1,0.0,0.0,0.24,1.41,2.2
2025-10-05T03:00:00Z,28.3,4.73,0.0,0.0,0.22,1.14,0.4
2025-10-05T04:00:00Z,28.4,4.7,0.0,0.0,0.2,0.59,1.6
2025-10-05T05:00:00Z,28.5,4.87,0.0,2.0,0.16,-0.05,2.9
2025-10-05T06:00:00Z,28.5,5.01,0.0,2.0,0.14,-0.6,3.1
2025-10-05T07:00:00Z,28.4,5.17,0.0,8.0,0.16,-0.97,2.6
2025-10-05T08:00:00Z,28.3,5.3,0.0,5.0,0.18,-1.06,1.2
2025-10-05T09:00:00Z,28.2,5.5,0.0,13.0,0.2,-0.76,1.4
2025-10-05T10:00:00Z,28.2,5.73,0.0,2.0,0.24,-0.14,3.8
2025-10-05T11:00:00Z,28.2,6.43,0.0,0.0,0.28,0.6,5.4
2025-10-05T12:00:00Z,28.1,6.82,0.0,0.0,0.32,1.29,5.8
2025-10-05T13:00:00Z,28.1,6.85,0.0,0.0,0.32,1.81,5.2
2025-10-05T14:00:00Z,28.1,6.39,0.0,0.0,0.32,2.02,3.6
2025-10-05T15:00:00Z,28.0,5.75,0.0,1.0,0.32,1.81,1.5
2025-10-05T16:00:00Z,28.0,5.22,0.0,0.0,0.3,1.24,1.4
2025-10-05T17:00:00Z,27.9,4.99,0.0,0.0,0.26,0.48,3.3
2025-10-05T18:00:00Z,27.8,4.95,0.0,1.0,0.24,-0.25,4.1
2025-10-05T19:00:00Z,27.7,5.07,0.0,2.0,0.24,-0.82,4.1
2025-10-05T20:00:00Z,27.7,5.09,0.0,0.0,0.22,-1.12,3.1
2025-10-05T21:00:00Z,27.7,4.96,0.0,0.0,0.22,-1.05,0.9
2025-10-05T22:00:00Z,27.7,4.16,0.0,0.0,0.2,-0.58,1.8
2025-10-05T23:00:00Z,27.8,4.37,0.0,1.0,0.16,0.13,4.4
2025-10-06T00:00:00Z,27.9,4.55,0.0,0.0,0.14,0.85,5.5
2025-10-06T01:00:00Z,28.0,4.57,0.0,1.0,0.14,1.45,5.3
2025-10-06T02:00:00Z,28.2,4.66,0.0,1.0,0.14,1.78,4.1
2025-10-06T03:00:00Z,28.4,4.72,0.0,0.0,0.14,1.72,2.3
2025-10-06T04:00:00Z,28.6,4.82,0.0,0.0,0.14,1.27,0.9
2025-10-06T05:00:00Z,28.7,4.71,0.0,0.0,0.14,0.56,2.7
2025-10-06T06:00:00Z,28.8,4.66,0.0,1.0,0.14,-0.17,4.0
2025-10-06T07:00:00Z,28.8,4.7,0.0,5.0,0.18,-0.76,4.1
2025-10-06T08:00:00Z,28.7,4.85,0.0,10.0,0.24,-1.11,3.2
2025-10-06T09:00:00Z,28.5,4.71,0.0,11.0,0.28,-1.1,1.5
2025-10-06T10:00:00Z,28.5,5.24,0.0,9.0,0.28,-0.65,1.3
2025-10-06T11:00:00Z,28.4,5.79,0.0,9.0,0.26,0.11,4.0
2025-10-06T12:00:00Z,28.3,6.07,0.0,5.0,0.26,0.94,5.5
2025-10-06T13:00:00Z,28.2,6.1,0.0,0.0,0.26,1.62,5.5
2025-10-06T14:00:00Z,28.2,5.87,0.0,1.0,0.28,2.05,4.3
2025-10-06T15:00:00Z,28.2,5.54,0.0,1.0,0.28,2.08,2.3
2025-10-06T16:00:00Z,28.2,4.92,0.0,3.0,0.24,1.68,1.0
2025-10-06T17:00:00Z,28.1,4.37,0.0,0.0,0.22,0.96,3.1
2025-10-06T18:00:00Z,28.1,4.19,0.0,2.0,0.18,0.12,4.9
2025-10-06T19:00:00Z,28.0,4.32,0.0,5.0,0.16,-0.62,5.6
2025-10-06T20:00:00Z,28.0,3.62,0.0,3.0,0.16,-1.13,5.1
2025-10-06T21:00:00Z,28.0,1.95,0.0,11.0,0.14,-1.3,3.3
2025-10-06T22:00:00Z,28.2,1.38,0.0,28.0,0.14,-1.04,1.0
2025-10-06T23:00:00Z,28.1,3.13,0.0,9.0,0.12,-0.36,2.9
2025-10-07T00:00:00Z,28.0,4.54,0.0,14.0,0.12,0.51,5.4
2025-10-07T01:00:00Z,27.9,5.46,0.0,18.0,0.26,1.3,6.1
2025-10-07T02:00:00Z,27.8,5.94,0.0,20.0,0.42,1.86,5.4
2025-10-07T03:00:00Z,27.8,6.35,0.0,16.0,0.56,2.08,3.6
2025-10-07T04:00:00Z,27.7,6.75,0.0,8.0,0.58,1.86,1.3
2025-10-07T05:00:00Z,27.6,7.28,0.0,4.0,0.62,1.26,1.2
2025-10-07T06:00:00Z,27.4,7.46,0.0,2.0,0.64,0.48,3.1
2025-10-07T07:00:00Z,27.2,7.46,0.0,2.0,0.62,-0.27,4.1
2025-10-07T08:00:00Z,27.0,7.21,0.0,8.0,0.6,-0.82,3.9
2025-10-07T09:00:00Z,26.8,7.3,0.0,5.0,0.58,-1.07,2.7
2025-10-07T10:00:00Z,26.1,6.91,0.0,18.0,0.6,-0.93,1.3
2025-10-07T11:00:00Z,25.9,7.79,0.0,10.0,0.64,-0.34,3.1
2025-10-07T12:00:00Z,25.8,7.7,0.0,19.0,0.66,0.51,5.4
2025-10-07T13:00:00Z,25.8,7.89,0.0,41.0,0.68,1.34,6.5
2025-10-07T14:00:00Z,25.7,7.57,0.0,33.0,0.7,1.95,5.9
2025-10-07T15:00:00Z,25.6,7.12,0.0,17.0,0.72,2.22,4.1
2025-10-07T16:00:00Z,25.6,6.59,0.0,21.0,0.66,2.05,1.6
2025-10-07T17:00:00Z,25.5,5.62,0.0,16.0,0.6,1.48,1.1
2025-10-07T18:00:00Z,25.5,5.32,0.0,28.0,0.54,0.65,3.5
2025-10-07T19:00:00Z,25.5,5.34,0.0,29.0,0.52,-0.2,4.9
2025-10-07T20:00:00Z,25.6,5.5,0.0,46.0,0.48,-0.86,5.0
2025-10-07T21:00:00Z,25.6,5.61,0.0,56.0,0.46,-1.24,4.0
2025-10-07T22:00:00Z,25.4,5.36,0.0,96.0,0.46,-1.23,2.0
2025-10-07T23:00:00Z,25.5,5.4,0.0,98.0,0.44,-0.75,2.1
2025-10-08T00:00:00Z,25.5,5.35,0.0,88.0,0.44,0.12,5.1
2025-10-08T01:00:00Z,25.5,5.19,0.0,87.0,0.48,1.07,6.8
2025-10-08T02:00:00Z,25.5,5.22,0.0,88.0,0.52,1.84,7.0
2025-10-08T03:00:00Z,25.5,5.66,0.0,43.0,0.56,2.3,5.6
2025-10-08T04:00:00Z,25.4,6.07,0.0,43.0,0.6,2.35,3.2
2025-10-08T05:00:00Z,25.3,6.3,0.0,40.0,0.62,1.96,0.4
2025-10-08T06:00:00Z,25.4,6.6,0.0,30.0,0.66,1.23,2.2
2025-10-08T07:00:00Z,25.4,6.95,0.0,39.0,0.68,0.39,4.0
2025-10-08T08:00:00Z,25.3,7.22,0.0,41.0,0.68,-0.35,4.8
2025-10-08T09:00:00Z,25.4,7.38,0.0,48.0,0.7,-0.84,4.3
2025-10-08T10:00:00Z,25.5,6.94,0.0,51.0,0.74,-1.0,2.7
2025-10-08T11:00:00Z,25.4,6.89,0.0,53.0,0.76,-0.74,1.3
2025-10-08T12:00:00Z,25.3,6.89,0.0,45.0,0.8,-0.07,3.4
2025-10-08T13:00:00Z,25.1,6.66,0.0,22.0,0.76,0.79,5.4
2025-10-08T14:00:00Z,24.9,6.46,0.0,5.0,0.74,1.53,5.9
2025-10-08T15:00:00Z,24.8,6.22,0.0,9.0,0.7,1.98,4.7
2025-10-08T16:00:00Z,24.8,5.76,0.0,15.0,0.64,2.05,2.5
2025-10-08T17:00:00Z,24.8,5.39,0.0,26.0,0.6,1.7,0.2
2025-10-08T18:00:00Z,24.9,5.13,0.0,29.0,0.54,1.0,2.7
2025-10-08T19:00:00Z,25.0,4.85,0.0,36.0,0.5,0.15,4.5
2025-10-08T20:00:00Z,25.1,4.64,0.0,44.0,0.48,-0.63,5.5
2025-10-08T21:00:00Z,25.2,4.42,0.0,47.0,0.44,-1.17,5.0
2025-10-08T22:00:00Z,25.2,3.65,0.0,20.0,0.42,-1.38,3.5
2025-10-08T23:00:00Z,25.3,3.89,0.0,23.0,0.42,-1.2,1.4
2025-10-09T00:00:00Z,25.4,4.17,0.0,18.0,0.4,-0.55,2.9
2025-10-09T01:00:00Z,25.6,4.18,0.0,21.0,0.38,0.41,5.8
2025-10-09T02:00:00Z,25.8,3.8,0.0,23.0,0.38,1.34,7.0
2025-10-09T03:00:00Z,25.9,3.26,0.0,16.0,0.36,2.0,6.5
2025-10-09T04:00:00Z,26.0,2.9,0.0,8.0,0.32,2.29,4.5
2025-10-09T05:00:00Z,26.1,3.08,0.0,1.0,0.3,2.17,2.0
2025-10-09T06:00:00Z,26.0,3.83,0.0,1.0,0.26,1.66,0.7
2025-10-09T07:00:00Z,26.0,4.83,0.0,0.0,0.28,0.9,3.1
2025-10-09T08:00:00Z,26.0,5.62,0.0,1.0,0.28,0.1,4.4
2025-10-09T09:00:00Z,26.0,6.17,0.0,5.0,0.3,-0.54,4.6
2025-10-09T10:00:00Z,26.4,5.19,0.0,20.0,0.36,-0.9,3.5
2025-10-09T11:00:00Z,26.7,5.35,0.0,97.0,0.44,-0.93,1.5
2025-10-09T12:00:00Z,26.8,5.65,0.0,55.0,0.5,-0.54,1.5
2025-10-09T13:00:00Z,26.9,5.95,0.1,38.0,0.5,0.21,4.5
2025-10-09T14:00:00Z,26.9,6.15,0.0,19.0,0.5,1.02,6.1
2025-10-09T15:00:00Z,26.8,5.86,0.0,15.0,0.5,1.61,5.8
2025-10-09T16:00:00Z,26.8,5.61,0.0,7.0,0.5,1.87,4.0
2025-10-09T17:00:00Z,26.7,5.49,0.0,8.0,0.5,1.77,1.8
2025-10-09T18:00:00Z,26.7,5.66,0.0,2.0,0.5,1.31,1.0
2025-10-09T19:00:00Z,26.6,5.78,0.0,7.0,0.48,0.59,3.3
2025-10-09T20:00:00Z,26.6,6.04,0.0,7.0,0.48,-0.19,4.7
2025-10-09T21:00:00Z,26.6,6.12,0.0,23.0,0.46,-0.83,4.9
2025-10-09T22:00:00Z,26.7,4.58,0.0,14.0,0.44,-1.2,4.0
2025-10-09T23:00:00Z,26.7,4.57,0.0,8.0,0.42,-1.23,2.1
2025-10-10T00:00:00Z,26.7,4.45,0.0,10.0,0.4,-0.85,1.2
2025-10-10T01:00:00Z,26.7,4.01,0.0,7.0,0.4,-0.08,4.0
2025-10-10T02:00:00Z,26.8,3.44,0.0,2.0,0.38,0.88,6.5
2025-10-10T03:00:00Z,26.8,3.3,0.0,0.0,0.38,1.7,7.2
2025-10-10T04:00:00Z,26.8,3.51,0.0,0.0,0.36,2.21,6.1
2025-10-10T05:00:00Z,26.8,3.86,0.0,0.0,0.36,2.34,3.8
2025-10-10T06:00:00Z,26.8,4.31,0.0,0.0,0.34,2.1,1.5
2025-10-10T07:00:00Z,26.9,4.6,0.0,0.0,0.36,1.54,1.4
2025-10-10T08:00:00Z,26.9,4.95,0.0,0.0,0.38,0.79,3.2
2025-10-10T09:00:00Z,26.9,5.28,0.0,0.0,0.4,0.08,4.3
2025-10-10T10:00:00Z,27.0,4.5,0.0,0.0,0.38,-0.45,4.3
2025-10-10T11:00:00Z,26.9,4.92,0.0,0.0,0.38,-0.71,3.1
2025-10-10T12:00:00Z,26.9,5.02,0.0,0.0,0.36,-0.66,1.2
2025-10-10T13:00:00Z,26.9,4.94,0.0,0.0,0.36,-0.25,1.5
2025-10-10T14:00:00Z,26.9,4.9,0.0,0.0,0.36,0.42,3.8
2025-10-10T15:00:00Z,26.8,4.86,0.0,0.0,0.36,1.07,4.9
2025-10-10T16:00:00Z,26.8,4.84,0.0,0.0,0.34,1.48,4.2
2025-10-10T17:00:00Z,26.7,4.62,0.0,0.0,0.3,1.58,2.5
2025-10-10T18:00:00Z,26.7,4.3,0.0,0.0,0.28,1.38,0.7
2025-10-10T19:00:00Z,26.6,4.17,0.0,0.0,0.28,0.9,1.9
2025-10-10T20:00:00Z,26.6,4.17,0.0,2.0,0.28,0.26,3.4
2025-10-10T21:00:00Z,26.5,4.12,0.0,27.0,0.28,-0.39,4.1
2025-10-10T22:00:00Z,26.3,4.07,0.0,40.0,0.26,-0.87,4.0
2025-10-10T23:00:00Z,26.5,4.35,0.0,63.0,0.24,-1.08,2.8
2025-10-11T00:00:00Z,26.6,4.25,0.0,76.0,0.22,-0.98,1.2
2025-10-11T01:00:00Z,26.8,4.21,0.0,61.0,0.22,-0.54,1.8
2025-10-11T02:00:00Z,26.9,4.0,0.0,4.0,0.22,0.22,4.2
2025-10-11T03:00:00Z,27.1,3.37,0.0,0.0,0.22,1.05,5.8
2025-10-11T04:00:00Z,27.2,2.77,0.0,0.0,0.22,1.7,5.6
2025-10-11T05:00:00Z,27.4,2.38,0.0,0.0,0.2,2.04,4.2
2025-10-11T06:00:00Z,27.5,2.26,0.0,0.0,0.2,2.08,2.0
2025-10-11T07:00:00Z,27.5,2.47,0.0,0.0,0.2,1.81,0.4
2025-10-11T08:00:00Z,27.4,3.15,0.0,0.0,0.22,1.28,2.2
2025-10-11T09:00:00Z,27.2,3.76,0.0,0.0,0.22,0.64,3.6
2025-10-11T10:00:00Z,27.2,4.13,0.0,0.0,0.26,0.06,4.0
2025-10-11T11:00:00Z,27.0,4.41,0.0,0.0,0.28,-0.34,3.4
2025-10-11T12:00:00Z,26.9,4.73,0.0,0.0,0.32,-0.5,2.2
2025-10-11T13:00:00Z,26.8,5.13,0.0,0.0,0.32,-0.39,0.5
2025-10-11T14:00:00Z,26.8,5.11,0.0,0.0,0.34,-0.01,1.8
2025-10-11T15:00:00Z,26.7,5.19,0.0,0.0,0.34,0.55,3.4
2025-10-11T16:00:00Z,26.8,5.36,0.0,21.0,0.34,1.02,4.1
2025-10-11T17:00:00Z,26.8,5.18,0.0,54.0,0.34,1.25,3.0
2025-10-11T18:00:00Z,26.9,4.48,0.0,84.0,0.34,1.25,1.4
2025-10-11T19:00:00Z,27.0,3.9,0.0,41.0,0.32,1.01,1.2
2025-10-11T20:00:00Z,27.0,3.37,0.0,50.0,0.3,0.56,2.5
2025-10-11T21:00:00Z,26.9,2.57,0.0,45.0,0.28,0.0,3.8
2025-10-11T22:00:00Z,27.1,1.46,0.0,17.0,0.26,-0.52,4.4
2025-10-11T23:00:00Z,27.1,1.25,0.0,12.0,0.22,-0.87,3.9
2025-10-12T00:00:00Z,27.2,1.99,0.0,7.0,0.2,-0.97,2.8
2025-10-12T01:00:00Z,27.2,2.42,0.0,4.0,0.2,-0.81,1.5
2025-10-12T02:00:00Z,27.3,2.45,0.0,4.0,0.2,-0.36,2.3
2025-10-12T03:00:00Z,27.4,2.51,0.0,1.0,0.2,0.33,4.1
2025-10-12T04:00:00Z,27.5,2.63,0.0,1.0,0.2,1.03,5.4
2025-10-12T05:00:00Z,27.6,3.05,0.0,2.0,0.2,1.53,5.0
2025-10-12T06:00:00Z,27.6,3.59,0.0,3.0,0.2,1.78,3.8
2025-10-12T07:00:00Z,27.6,4.31,0.0,3.0,0.26,1.8,2.0
2025-10-12T08:00:00Z,27.5,5.05,0.0,4.0,0.34,1.57,0.4
2025-10-12T09:00:00Z,27.5,5.37,0.0,4.0,0.4,1.14,1.5
2025-10-12T10:00:00Z,27.4,5.53,0.0,5.0,0.4,0.63,2.7
2025-10-12T11:00:00Z,27.4,6.05,0.0,1.0,0.4,0.18,3.1
2025-10-12T12:00:00Z,27.4,6.31,0.0,2.0,0.4,-0.12,2.7
2025-10-12T13:00:00Z,27.4,6.56,0.0,2.0,0.42,-0.26,1.8
2025-10-12T14:00:00Z,27.4,6.81,0.0,4.0,0.42,-0.2,0.6
2025-10-12T15:00:00Z,27.4,6.97,0.0,3.0,0.44,0.08,0.9
2025-10-12T16:00:00Z,27.4,6.9,0.0,6.0,0.44,0.46,2.2
2025-10-12T17:00:00Z,27.4,6.74,0.0,2.0,0.42,0.76,2.4
2025-10-12T18:00:00Z,27.3,6.52,0.0,2.0,0.42,0.87,1.7
2025-10-12T19:00:00Z,27.3,6.47,0.0,4.0,0.42,0.82,0.9
2025-10-12T20:00:00Z,27.2,6.43,0.0,2.0,0.4,0.63,1.5
2025-10-12T21:00:00Z,27.2,6.63,0.0,0.0,0.4,0.28,2.4
2025-10-12T22:00:00Z,27.2,6.48,0.0,1.0,0.4,-0.15,3.2
2025-10-12T23:00:00Z,27.2,6.14,0.0,2.0,0.38,-0.52,3.3
2025-10-13T00:00:00Z,27.2,6.03,0.0,1.0,0.38,-0.74,2.6
2025-10-13T01:00:00Z,27.3,5.9,0.0,2.0,0.36,-0.76,1.6
2025-10-13T02:00:00Z,27.5,5.57,0.0,0.0,0.36,-0.59,0.7
2025-10-13T03:00:00Z,27.8,4.65,0.0,1.0,0.34,-0.2,1.9
2025-10-13T04:00:00Z,28.0,3.52,0.0,4.0,0.3,0.36,3.4
2025-10-13T05:00:00Z,28.1,2.65,0.0,7.0,0.24,0.91,4.1
2025-10-13T06:00:00Z,28.2,1.6,0.0,5.0,0.2,1.29,3.6
2025-10-13T07:00:00Z,28.3,1.95,0.0,17.0,0.2,1.52,2.4
2025-10-13T08:00:00Z,28.1,3.14,0.0,16.0,0.22,1.59,0.9
2025-10-13T09:00:00Z,27.8,4.47,0.1,26.0,0.22,1.44,0.4
2025-10-13T10:00:00Z,26.4,4.89,0.0,14.0,0.24,1.1,1.7
2025-10-13T11:00:00Z,26.2,5.57,0.0,8.0,0.26,0.7,2.5
2025-10-13T12:00:00Z,26.0,5.93,0.0,26.0,0.28,0.35,2.7
2025-10-13T13:00:00Z,26.0,5.87,0.1,48.0,0.3,0.1,2.4
2025-10-13T14:00:00Z,26.1,6.6,0.1,100.0,0.34,-0.05,1.9
2025-10-13T15:00:00Z,26.0,7.2,0.3,100.0,0.36,-0.06,1.3
2025-10-13T16:00:00Z,25.9,7.1,0.6,96.0,0.34,0.12,1.4
2025-10-13T17:00:00Z,25.6,6.31,0.2,93.0,0.34,0.38,1.9
2025-10-13T18:00:00Z,25.5,6.05,0.0,88.0,0.32,0.57,2.0
2025-10-13T19:00:00Z,25.4,6.32,0.0,100.0,0.38,0.66,1.5
2025-10-13T20:00:00Z,25.4,6.7,0.1,100.0,0.44,0.67,0.8
2025-10-13T21:00:00Z,25.3,6.35,0.0,100.0,0.5,0.58,0.4
2025-10-13T22:00:00Z,25.0,5.94,0.1,86.0,0.5,0.35,1.2
2025-10-13T23:00:00Z,25.1,5.84,0.1,100.0,0.52,0.05,2.1
2025-10-14T00:00:00Z,25.2,5.85,0.0,100.0,0.52,-0.25,2.2
2025-10-14T01:00:00Z,25.3,5.99,0.1,94.0,0.5,-0.42,1.9
2025-10-14T02:00:00Z,25.3,5.67,0.1,97.0,0.48,-0.47,1.7
2025-10-14T03:00:00Z,25.3,5.28,0.1,98.0,0.46,-0.38,1.8
2025-10-14T04:00:00Z,25.5,5.06,0.1,100.0,0.46,-0.11,2.6
2025-10-14T05:00:00Z,25.7,5.04,0.1,98.0,0.44,0.33,3.6
2025-10-14T06:00:00Z,25.7,4.85,0.1,99.0,0.44,0.76,4.2
2025-10-14T07:00:00Z,25.6,4.87,0.1,96.0,0.46,1.1,4.2
2025-10-14T08:00:00Z,25.6,4.63,0.3,99.0,0.48,1.37,3.4
2025-10-14T09:00:00Z,25.4,4.96,0.5,95.0,0.5,1.54,2.7
2025-10-14T10:00:00Z,25.6,4.91,0.4,90.0,0.48,1.52,1.6
2025-10-14T11:00:00Z,25.7,5.39,0.5,98.0,0.44,1.31,0.6
2025-10-14T12:00:00Z,25.4,4.94,1.0,95.0,0.42,1.0,0.8
2025-10-14T13:00:00Z,25.5,4.25,0.6,91.0,0.4,0.67,1.0
2025-10-14T14:00:00Z,25.5,3.92,0.2,88.0,0.4,0.39,0.9
2025-10-14T15:00:00Z,25.9,3.39,0.2,98.0,0.38,0.15,0.8
2025-10-14T16:00:00Z,26.0,2.92,0.3,77.0,0.34,0.04,0.8
2025-10-14T17:00:00Z,25.8,2.51,0.7,93.0,0.28,0.09,1.5
2025-10-14T18:00:00Z,25.3,2.49,1.3,40.0,0.24,0.26,2.3
2025-10-14T19:00:00Z,25.2,2.55,0.1,53.0,0.24,0.42,2.7
2025-10-14T20:00:00Z,25.2,2.25,0.1,49.0,0.22,0.55,2.4
2025-10-14T21:00:00Z,25.3,1.96,0.1,37.0,0.22,0.65,1.9
2025-10-14T22:00:00Z,25.6,2.17,0.0,21.0,0.2,0.67,1.3
2025-10-14T23:00:00Z,25.7,2.53,0.0,14.0,0.16,0.52,0.5
2025-10-15T00:00:00Z,25.9,2.97,0.0,15.0,0.14,0.26,0.4
2025-10-15T01:00:00Z,26.1,3.1,0.0,6.0,0.14,0.0,0.7
2025-10-15T02:00:00Z,26.3,3.37,0.0,7.0,0.14,-0.21,0.5
2025-10-15T03:00:00Z,26.6,3.65,0.0,14.0,0.14,-0.35,0.8
2025-10-15T04:00:00Z,26.8,4.08,0.0,18.0,0.12,-0.37,1.3
2025-10-15T05:00:00Z,27.0,4.81,0.0,23.0,0.1,-0.21,2.4
2025-10-15T06:00:00Z,27.2,5.5,0.0,13.0,0.08,0.13,3.6
2025-10-15T07:00:00Z,27.3,5.73,0.0,8.0,0.12,0.53,4.3
2025-10-15T08:00:00Z,27.4,5.73,0.0,13.0,0.18,0.89,4.6
2025-10-15T09:00:00Z,27.4,5.68,0.0,41.0,0.22,1.24,4.1
2025-10-15T10:00:00Z,27.8,5.96,0.0,62.0,0.26,1.49,3.2
2025-10-15T11:00:00Z,27.8,5.91,0.0,72.0,0.3,1.54,2.0
2025-10-15T12:00:00Z,27.7,6.2,0.0,84.0,0.34,1.36,0.6
2025-10-15T13:00:00Z,27.7,6.55,0.0,91.0,0.38,1.04,0.9
2025-10-15T14:00:00Z,27.6,6.95,0.0,85.0,0.4,0.66,1.6
2025-10-15T15:00:00Z,27.5,7.35,0.0,88.0,0.44,0.29,2.2
2025-10-15T16:00:00Z,27.6,7.51,0.1,98.0,0.44,-0.04,2.2
2025-10-15T17:00:00Z,27.5,7.33,0.2,100.0,0.42,-0.24,1.8
2025-10-15T18:00:00Z,26.5,6.34,2.0,98.0,0.42,-0.23,0.6
2025-10-15T19:00:00Z,26.3,4.74,2.0,100.0,0.4,-0.07,0.8
2025-10-15T20:00:00Z,25.8,4.88,2.1,99.0,0.38,0.15,1.5
2025-10-15T21:00:00Z,25.0,5.61,0.2,99.0,0.36,0.41,1.7
2025-10-15T22:00:00Z,24.9,6.6,0.2,73.0,0.36,0.67,1.8
2025-10-15T23:00:00Z,25.0,6.64,0.2,60.0,0.36,0.81,1.5
2025-10-16T00:00:00Z,25.0,5.74,0.1,51.0,0.36,0.75,0.7
2025-10-16T01:00:00Z,24.8,5.65,0.3,24.0,0.36,0.53,0.7
2025-10-16T02:00:00Z,24.6,6.28,1.2,36.0,0.36,0.25,1.2
2025-10-16T03:00:00Z,24.5,6.29,0.9,40.0,0.36,-0.02,1.4
2025-10-16T04:00:00Z,24.7,6.01,0.4,54.0,0.42,-0.24,1.5
2025-10-16T05:00:00Z,25.0,6.67,0.1,45.0,0.46,-0.34,1.5
2025-10-16T06:00:00Z,25.3,7.62,0.1,38.0,0.52,-0.22,1.7
2025-10-16T07:00:00Z,25.3,8.56,0.1,29.0,0.62,0.11,2.8
2025-10-16T08:00:00Z,25.3,9.38,0.1,37.0,0.72,0.54,3.8
2025-10-16T09:00:00Z,25.3,9.57,0.0,17.0,0.82,1.02,4.5
2025-10-16T10:00:00Z,24.9,9.57,0.0,32.0,0.86,1.49,4.5
2025-10-16T11:00:00Z,24.9,9.83,0.0,35.0,0.92,1.82,4.0
2025-10-16T12:00:00Z,24.9,9.61,0.0,59.0,0.96,1.92,2.7
2025-10-16T13:00:00Z,24.9,9.5,0.0,45.0,0.94,1.75,1.3
2025-10-16T14:00:00Z,25.0,8.73,0.0,18.0,0.94,1.39,0.6
2025-10-16T15:00:00Z,25.1,7.87,0.0,77.0,0.92,0.94,1.4
2025-10-16T16:00:00Z,25.2,7.08,0.0,96.0,0.84,0.45,2.2
2025-10-16T17:00:00Z,25.3,6.4,0.0,100.0,0.78,0.01,2.6
2025-10-16T18:00:00Z,25.5,6.08,0.0,99.0,0.7,-0.24,2.1
2025-10-16T19:00:00Z,25.5,5.61,0.0,95.0,0.64,-0.22,0.9
2025-10-16T20:00:00Z,25.6,5.77,0.0,88.0,0.56,-0.03,0.7
2025-10-16T21:00:00Z,25.6,5.6,0.0,86.0,0.5,0.27,1.8
2025-10-16T22:00:00Z,25.7,5.08,0.0,39.0,0.46,0.65,2.2
2025-10-16T23:00:00Z,25.8,5.14,0.0,30.0,0.4,1.01,2.4
2025-10-17T00:00:00Z,25.9,4.72,0.0,48.0,0.36,1.18,1.6
2025-10-17T01:00:00Z,26.1,4.4,0.0,78.0,0.36,1.1,0.7
2025-10-17T02:00:00Z,26.1,3.98,0.0,95.0,0.36,0.79,0.6
2025-10-17T03:00:00Z,26.0,3.26,0.2,76.0,0.36,0.38,1.6
2025-10-17T04:00:00Z,26.0,2.85,0.1,61.0,0.32,-0.04,2.1
2025-10-17T05:00:00Z,26.1,3.21,0.1,53.0,0.3,-0.4,2.2
2025-10-17T06:00:00Z,26.1,3.4,0.0,40.0,0.26,-0.6,1.7
2025-10-17T07:00:00Z,26.1,3.61,0.0,42.0,0.24,-0.52,0.9
2025-10-17T08:00:00Z,26.3,4.08,0.0,34.0,0.24,-0.18,2.2
2025-10-17T09:00:00Z,26.4,4.48,0.0,26.0,0.22,0.29,3.6
2025-10-17T10:00:00Z,26.8,4.22,0.0,4.0,0.24,0.84,4.3
2025-10-17T11:00:00Z,26.8,4.84,0.0,26.0,0.24,1.39,4.5
2025-10-17T12:00:00Z,26.8,5.05,0.0,37.0,0.26,1.76,3.8
2025-10-17T13:00:00Z,26.8,5.17,0.0,45.0,0.28,1.81,2.4
2025-10-17T14:00:00Z,26.8,5.34,0.0,50.0,0.3,1.54,0.6
2025-10-17T15:00:00Z,26.9,5.66,0.0,39.0,0.32,1.06,1.1
2025-10-17T16:00:00Z,26.9,5.77,0.0,13.0,0.3,0.51,2.3
2025-10-17T17:00:00Z,26.9,5.5,0.0,15.0,0.28,-0.03,2.9
2025-10-17T18:00:00Z,26.9,4.95,0.0,20.0,0.26,-0.46,2.9
2025-10-17T19:00:00Z,26.8,4.44,0.0,20.0,0.26,-0.63,1.8
2025-10-17T20:00:00Z,26.8,3.71,0.1,32.0,0.26,-0.48,0.2
2025-10-17T21:00:00Z,26.8,2.67,0.1,60.0,0.26,-0.13,1.8
2025-10-17T22:00:00Z,26.2,2.84,0.4,89.0,0.32,0.35,3.2
2025-10-17T23:00:00Z,25.6,5.0,0.7,53.0,0.38,0.9,4.0
2025-10-18T00:00:00Z,25.2,9.85,0.6,58.0,0.44,1.36,3.8
2025-10-18T01:00:00Z,25.1,13.23,0.5,95.0,0.76,1.58,3.1
2025-10-18T02:00:00Z,24.8,12.6,0.1,72.0,1.1,1.47,1.8
2025-10-18T03:00:00Z,24.5,11.92,0.1,99.0,1.42,1.09,0.9
2025-10-18T04:00:00Z,24.2,11.68,0.3,100.0,1.48,0.61,1.5
2025-10-18T05:00:00Z,24.1,11.77,0.1,99.0,1.56,0.16,2.1
2025-10-18T06:00:00Z,24.0,11.77,0.0,100.0,1.62,-0.22,2.3
2025-10-18T07:00:00Z,24.0,11.98,0.0,100.0,1.56,-0.38,1.8
2025-10-18T08:00:00Z,24.0,12.13,0.0,100.0,1.5,-0.2,1.4
2025-10-18T09:00:00Z,24.0,12.12,0.0,95.0,1.44,0.25,2.9
2025-10-18T10:00:00Z,24.1,11.15,0.0,75.0,1.48,0.84,4.4
2025-10-18T11:00:00Z,23.9,11.02,0.0,82.0,1.52,1.49,5.1
2025-10-18T12:00:00Z,23.7,11.46,0.0,78.0,1.56,2.07,4.9
2025-10-18T13:00:00Z,23.5,11.56,0.0,65.0,1.52,2.39,3.8
2025-10-18T14:00:00Z,23.4,11.48,0.0,54.0,1.5,2.32,2.1
2025-10-18T15:00:00Z,23.2,11.24,0.0,42.0,1.46,1.9,0.8
2025-10-18T16:00:00Z,23.1,10.91,0.0,28.0,1.38,1.28,2.3
2025-10-18T17:00:00Z,23.0,10.76,0.0,46.0,1.3,0.62,3.6
2025-10-18T18:00:00Z,22.8,10.6,0.0,46.0,1.22,0.01,4.2
2025-10-18T19:00:00Z,22.6,10.35,0.0,41.0,1.22,-0.4,3.9
2025-10-18T20:00:00Z,22.5,10.35,0.0,30.0,1.2,-0.48,2.6
2025-10-18T21:00:00Z,22.4,10.09,0.0,32.0,1.2,-0.22,1.1
2025-10-18T22:00:00Z,22.3,9.31,0.0,34.0,1.14,0.26,2.3
2025-10-18T23:00:00Z,22.5,8.92,0.0,32.0,1.1,0.84,3.3
2025-10-19T00:00:00Z,22.6,9.15,0.0,38.0,1.04,1.42,3.6
2025-10-19T01:00:00Z,22.9,9.84,0.0,59.0,1.06,1.82,3.1
2025-10-19T02:00:00Z,23.0,10.23,0.0,66.0,1.1,1.86,1.8
2025-10-19T03:00:00Z,22.9,10.4,0.1,74.0,1.12,1.53,1.0
2025-10-19T04:00:00Z,22.8,10.47,0.0,81.0,1.2,0.98,2.5
2025-10-19T05:00:00Z,22.8,10.63,0.0,74.0,1.26,0.36,3.5
2025-10-19T06:00:00Z,22.8,10.98,0.0,95.0,1.34,-0.2,4.0
2025-10-19T07:00:00Z,22.9,11.69,0.0,96.0,1.44,-0.6,3.9
2025-10-19T08:00:00Z,22.8,12.09,0.0,88.0,1.52,-0.71,2.7
2025-10-19T09:00:00Z,22.9,12.32,0.0,97.0,1.62,-0.45,1.7
2025-10-19T10:00:00Z,22.7,11.39,0.0,100.0,1.6,0.1,3.1
2025-10-19T11:00:00Z,22.7,12.14,0.0,100.0,1.56,0.78,4.6
2025-10-19T12:00:00Z,22.4,12.78,0.0,100.0,1.54,1.45,5.1
2025-10-19T13:00:00Z,22.2,12.95,0.1,100.0,1.62,1.98,4.7
2025-10-19T14:00:00Z,22.0,13.12,0.0,100.0,1.72,2.18,3.3
2025-10-19T15:00:00Z,21.9,13.54,0.0,100.0,1.8,1.95,1.5
2025-10-19T16:00:00Z,21.8,13.66,0.0,100.0,1.82,1.4,1.4
2025-10-19T17:00:00Z,21.9,13.72,0.1,100.0,1.84,0.73,2.7
2025-10-19T18:00:00Z,21.8,13.81,0.0,100.0,1.86,0.12,3.4
2025-10-19T19:00:00Z,21.7,14.28,0.1,100.0,1.9,-0.37,3.4
2025-10-19T20:00:00Z,21.6,14.57,0.0,100.0,1.96,-0.61,2.7
2025-10-19T21:00:00Z,21.6,14.29,0.0,100.0,2.0,-0.46,1.6
2025-10-19T22:00:00Z,21.6,14.14,0.0,100.0,1.98,0.05,2.8
2025-10-19T23:00:00Z,21.7,14.33,0.0,100.0,1.94,0.73,4.6
2025-10-20T00:00:00Z,21.7,14.18,0.0,100.0,1.92,1.44,5.4
2025-10-20T01:00:00Z,21.6,14.13,0.0,99.0,1.88,2.07,5.4
2025-10-20T02:00:00Z,21.3,13.67,0.0,100.0,1.84,2.4,4.2
2025-10-20T03:00:00Z,21.0,13.71,0.0,100.0,1.8,2.31,2.3
2025-10-20T04:00:00Z,20.9,13.82,0.0,100.0,1.84,1.85,1.1
2025-10-20T05:00:00Z,20.7,13.65,0.0,100.0,1.86,1.19,2.6
2025-10-20T06:00:00Z,20.5,13.34,0.1,100.0,1.9,0.53,3.7
2025-10-20T07:00:00Z,20.4,13.38,0.0,100.0,1.86,-0.01,3.9
2025-10-20T08:00:00Z,20.3,13.62,0.0,100.0,1.84,-0.34,3.5
2025-10-20T09:00:00Z,20.3,13.71,0.0,100.0,1.8,-0.32,2.2
2025-10-20T10:00:00Z,20.4,12.53,0.0,98.0,1.78,0.07,2.1
2025-10-20T11:00:00Z,20.5,12.78,0.0,100.0,1.74,0.71,4.0
2025-10-20T12:00:00Z,20.5,12.69,0.0,100.0,1.72,1.39,4.9
2025-10-20T13:00:00Z,20.5,12.75,0.0,100.0,1.68,2.01,4.9
2025-10-20T14:00:00Z,20.5,13.19,0.0,100.0,1.66,2.37,4.0
2025-10-20T15:00:00Z,20.5,13.18,0.0,99.0,1.62,2.34,2.1
2025-10-20T16:00:00Z,20.5,12.92,0.0,74.0,1.58,1.92,1.0
2025-10-20T17:00:00Z,20.6,13.09,0.0,75.0,1.54,1.24,2.6
2025-10-20T18:00:00Z,20.5,13.13,0.0,77.0,1.5,0.52,3.8
2025-10-20T19:00:00Z,20.6,13.35,0.1,81.0,1.54,-0.09,4.2
2025-10-20T20:00:00Z,20.7,13.8,0.1,89.0,1.58,-0.5,3.8
2025-10-20T21:00:00Z,20.7,13.84,0.0,85.0,1.62,-0.6,2.5
2025-10-20T22:00:00Z,20.7,12.61,0.0,100.0,1.62,-0.28,1.8
2025-10-20T23:00:00Z,20.7,12.75,0.0,100.0,1.64,0.36,3.4
2025-10-21T00:00:00Z,20.7,13.29,0.0,100.0,1.64,1.1,5.1
2025-10-21T01:00:00Z,20.8,13.93,0.0,91.0,1.66,1.81,5.6
2025-10-21T02:00:00Z,20.8,13.58,0.0,92.0,1.7,2.32,4.9
2025-10-21T03:00:00Z,20.9,13.46,0.0,97.0,1.72,2.48,3.3
2025-10-21T04:00:00Z,20.8,13.74,0.0,95.0,1.78,2.2,1.3
2025-10-21T05:00:00Z,20.9,14.23,0.0,96.0,1.84,1.6,1.9
2025-10-21T06:00:00Z,21.0,14.41,0.0,100.0,1.9,0.88,3.5
2025-10-21T07:00:00Z,21.2,14.42,0.1,99.0,1.92,0.23,4.2
2025-10-21T08:00:00Z,21.3,14.53,0.0,99.0,1.92,-0.24,3.9
2025-10-21T09:00:00Z,21.3,14.4,0.0,94.0,1.94,-0.46,3.0
2025-10-21T10:00:00Z,20.9,12.99,0.0,96.0,1.88,-0.29,1.7
2025-10-21T11:00:00Z,20.8,13.22,0.0,95.0,1.8,0.24,2.7
2025-10-21T12:00:00Z,20.7,13.32,0.0,93.0,1.74,0.91,4.4
2025-10-21T13:00:00Z,20.7,13.26,0.0,96.0,1.74,1.55,4.9
2025-10-21T14:00:00Z,20.6,12.92,0.0,91.0,1.72,2.03,4.4
2025-10-21T15:00:00Z,20.6,12.57,0.0,96.0,1.72,2.2,2.8
2025-10-21T16:00:00Z,20.6,12.71,0.0,83.0,1.74,1.96,0.9
2025-10-21T17:00:00Z,20.5,12.79,0.0,100.0,1.76,1.38,1.9
2025-10-21T18:00:00Z,20.4,12.56,0.0,100.0,1.78,0.66,3.6
2025-10-21T19:00:00Z,20.4,12.51,0.0,97.0,1.76,-0.01,4.3
2025-10-21T20:00:00Z,20.4,12.64,0.0,100.0,1.74,-0.5,4.0
2025-10-21T21:00:00Z,20.3,12.75,0.0,97.0,1.72,-0.73,3.1
2025-10-21T22:00:00Z,20.4,12.04,0.0,100.0,1.68,-0.6,1.8
2025-10-21T23:00:00Z,20.2,12.38,0.0,96.0,1.66,-0.08,2.4
2025-10-22T00:00:00Z,20.3,12.62,0.0,92.0,1.62,0.67,4.6
2025-10-22T01:00:00Z,20.2,12.7,0.0,100.0,1.58,1.43,5.6
2025-10-22T02:00:00Z,20.2,12.3,0.0,94.0,1.56,2.05,5.4
2025-10-22T03:00:00Z,20.3,12.12,0.0,99.0,1.52,2.39,4.2
2025-10-22T04:00:00Z,20.4,12.33,0.0,96.0,1.5,2.34,2.1
2025-10-22T05:00:00Z,20.5,12.33,0.0,93.0,1.5,1.91,0.9
2025-10-22T06:00:00Z,20.5,12.13,0.0,99.0,1.48,1.23,2.9
2025-10-22T07:00:00Z,20.6,11.84,0.0,83.0,1.5,0.52,4.2
2025-10-22T08:00:00Z,20.7,11.68,0.0,96.0,1.5,-0.07,4.5
2025-10-22T09:00:00Z,20.8,11.64,0.0,100.0,1.52,-0.45,3.9
2025-10-22T10:00:00Z,20.0,10.88,0.0,90.0,1.48,-0.52,2.6
2025-10-22T11:00:00Z,20.0,11.56,0.0,78.0,1.42,-0.21,1.5
2025-10-22T12:00:00Z,20.0,11.41,0.0,65.0,1.38,0.38,3.1
2025-10-22T13:00:00Z,19.8,11.25,0.0,92.0,1.36,1.03,4.4
2025-10-22T14:00:00Z,19.8,11.13,0.0,93.0,1.34,1.57,4.4
2025-10-22T15:00:00Z,19.8,10.9,0.0,96.0,1.32,1.88,3.4
2025-10-22T16:00:00Z,19.7,10.83,0.0,99.0,1.32,1.86,1.7
2025-10-22T17:00:00Z,19.7,10.84,0.0,87.0,1.3,1.47,0.9
2025-10-22T18:00:00Z,19.7,10.74,0.0,85.0,1.3,0.83,2.8
2025-10-22T19:00:00Z,19.7,10.71,0.0,90.0,1.26,0.13,4.1
2025-10-22T20:00:00Z,19.7,10.59,0.0,91.0,1.24,-0.44,4.3
2025-10-22T21:00:00Z,19.8,10.52,0.0,100.0,1.2,-0.78,3.7
2025-10-22T22:00:00Z,19.7,9.84,0.0,94.0,1.2,-0.83,2.3
2025-10-22T23:00:00Z,19.8,9.9,0.0,100.0,1.2,-0.5,1.6
2025-10-23T00:00:00Z,20.1,10.1,0.0,100.0,1.2,0.17,3.6
2025-10-23T01:00:00Z,20.3,10.11,0.0,100.0,1.18,0.99,5.4
2025-10-23T02:00:00Z,20.5,9.91,0.0,90.0,1.18,1.69,5.8
2025-10-23T03:00:00Z,20.7,10.17,0.0,84.0,1.16,2.16,4.9
2025-10-23T04:00:00Z,20.8,10.27,0.0,77.0,1.18,2.32,3.1
2025-10-23T05:00:00Z,20.9,10.4,0.0,77.0,1.2,2.1,0.8
2025-10-23T06:00:00Z,21.1,10.65,0.0,91.0,1.22,1.55,1.7
2025-10-23T07:00:00Z,21.2,10.75,0.0,99.0,1.22,0.83,3.5
2025-10-23T08:00:00Z,21.3,10.57,0.0,97.0,1.24,0.17,4.5
2025-10-23T09:00:00Z,21.1,10.35,0.0,99.0,1.24,-0.29,4.2
2025-10-23T10:00:00Z,20.3,10.3,0.0,75.0,1.24,-0.52,3.1
2025-10-23T11:00:00Z,20.6,10.65,0.0,85.0,1.22,-0.42,1.5
2025-10-23T12:00:00Z,20.7,10.74,0.0,100.0,1.22,0.0,1.9
2025-10-23T13:00:00Z,20.7,10.79,0.0,100.0,1.2,0.65,3.8
2025-10-23T14:00:00Z,20.6,11.01,0.0,99.0,1.2,1.25,4.5
2025-10-23T15:00:00Z,20.5,10.96,0.0,97.0,1.18,1.64,4.0
2025-10-23T16:00:00Z,20.5,10.64,0.0,96.0,1.14,1.78,2.5
2025-10-23T17:00:00Z,20.4,10.37,0.0,99.0,1.1,1.59,0.6
2025-10-23T18:00:00Z,20.3,10.43,0.0,99.0,1.06,1.1,1.5
2025-10-23T19:00:00Z,20.2,10.34,0.0,100.0,1.06,0.44,3.3
2025-10-23T20:00:00Z,20.3,10.11,0.0,99.0,1.08,-0.19,4.1
2025-10-23T21:00:00Z,20.4,9.85,0.0,99.0,1.08,-0.62,3.8
2025-10-23T22:00:00Z,20.1,8.35,0.0,100.0,1.04,-0.78,2.7
2025-10-23T23:00:00Z,20.3,8.89,0.0,91.0,1.0,-0.62,1.5
2025-10-24T00:00:00Z,20.4,9.31,0.0,84.0,0.96,-0.13,2.5
2025-10-24T01:00:00Z,20.4,9.38,0.0,52.0,0.96,0.65,4.6
2025-10-24T02:00:00Z,20.5,9.28,0.0,42.0,0.96,1.41,5.8
2025-10-24T03:00:00Z,20.6,9.36,0.0,46.0,0.96,1.96,5.2
2025-10-24T04:00:00Z,20.6,9.52,0.0,29.0,0.98,2.24,3.8
2025-10-24T05:00:00Z,20.6,9.52,0.0,19.0,1.0,2.2,1.7
2025-10-24T06:00:00Z,20.7,9.57,0.0,22.0,1.02,1.84,0.6
2025-10-24T07:00:00Z,20.8,9.67,0.0,13.0,1.04,1.24,2.6
2025-10-24T08:00:00Z,20.9,9.91,0.0,19.0,1.04,0.58,4.1
2025-10-24T09:00:00Z,20.9,10.09,0.0,18.0,1.06,0.03,4.3
2025-10-24T10:00:00Z,20.0,9.28,0.0,71.0,1.04,-0.31,3.6
2025-10-24T11:00:00Z,20.1,9.27,0.0,86.0,1.02,-0.39,2.3
2025-10-24T12:00:00Z,20.2,9.09,0.0,69.0,1.0,-0.18,1.3
2025-10-24T13:00:00Z,20.3,8.96,0.0,74.0,1.0,0.32,2.3
2025-10-24T14:00:00Z,20.3,8.93,0.0,70.0,1.0,0.9,3.8
2025-10-24T15:00:00Z,20.4,8.98,0.0,80.0,1.0,1.34,3.8
2025-10-24T16:00:00Z,20.4,9.09,0.0,89.0,1.0,1.54,2.7
2025-10-24T17:00:00Z,20.4,8.99,0.0,69.0,0.98,1.48,1.1
2025-10-24T18:00:00Z,20.4,8.97,0.0,68.0,0.98,1.16,0.7
2025-10-24T19:00:00Z,20.4,8.94,0.0,78.0,0.96,0.63,2.6
2025-10-24T20:00:00Z,20.3,8.76,0.0,72.0,0.92,0.04,3.7
2025-10-24T21:00:00Z,20.3,8.62,0.0,74.0,0.9,-0.45,3.9
2025-10-24T22:00:00Z,20.2,8.35,0.0,55.0,0.9,-0.71,3.1
2025-10-24T23:00:00Z,20.2,8.5,0.0,35.0,0.88,-0.7,1.7
2025-10-25T00:00:00Z,20.2,8.3,0.0,29.0,0.88,-0.4,1.7
2025-10-25T01:00:00Z,20.2,8.21,0.0,18.0,0.88,0.2,3.4
2025-10-25T02:00:00Z,20.1,8.51,0.0,11.0,0.86,0.96,5.1
2025-10-25T03:00:00Z,20.0,8.8,0.0,3.0,0.86,1.61,5.4
2025-10-25T04:00:00Z,19.8,8.86,0.0,2.0,0.88,2.0,4.5
2025-10-25T05:00:00Z,19.7,9.19,0.0,1.0,0.88,2.12,2.7
2025-10-25T06:00:00Z,19.6,9.41,0.0,8.0,0.9,1.96,0.6
2025-10-25T07:00:00Z,19.5,9.36,0.0,13.0,0.88,1.55,1.3
2025-10-25T08:00:00Z,19.5,9.1,0.0,14.0,0.84,0.97,2.9
2025-10-25T09:00:00Z,19.4,8.75,0.0,17.0,0.82,0.39,3.9
2025-10-25T10:00:00Z,19.4,6.98,0.0,17.0,0.78,-0.03,3.7
2025-10-25T11:00:00Z,19.5,6.81,0.0,19.0,0.74,-0.23,2.9
2025-10-25T12:00:00Z,19.6,6.85,0.0,16.0,0.7,-0.21,1.5
2025-10-25T13:00:00Z,19.6,6.9,0.0,31.0,0.68,0.07,1.3
2025-10-25T14:00:00Z,19.6,6.59,0.0,37.0,0.68,0.56,2.6
2025-10-25T15:00:00Z,19.6,6.34,0.0,38.0,0.66,1.03,3.4
2025-10-25T16:00:00Z,19.3,6.72,0.0,40.0,0.66,1.28,2.9
2025-10-25T17:00:00Z,19.1,7.34,0.1,28.0,0.68,1.3,1.5
2025-10-25T18:00:00Z,19.1,7.89,0.0,27.0,0.68,1.12,0.3
2025-10-25T19:00:00Z,19.0,8.02,0.0,56.0,0.68,0.75,1.6
2025-10-25T20:00:00Z,19.0,8.1,0.0,76.0,0.7,0.25,2.9
2025-10-25T21:00:00Z,19.0,7.97,0.0,66.0,0.7,-0.25,3.5
2025-10-25T22:00:00Z,19.3,6.89,0.0,62.0,0.68,-0.59,3.2
2025-10-25T23:00:00Z,19.5,6.85,0.0,77.0,0.66,-0.7,2.2
2025-10-26T00:00:00Z,19.6,6.78,0.0,85.0,0.64,-0.55,1.3
2025-10-26T01:00:00Z,19.6,6.49,0.0,99.0,0.66,-0.15,2.3
2025-10-26T02:00:00Z,19.6,6.04,0.0,76.0,0.66,0.47,3.9
2025-10-26T03:00:00Z,19.3,6.51,0.0,64.0,0.68,1.14,5.1
2025-10-26T04:00:00Z,19.0,7.01,0.0,42.0,0.68,1.63,4.7
2025-10-26T05:00:00Z,18.8,7.12,0.0,39.0,0.66,1.84,3.2
2025-10-26T06:00:00Z,18.8,7.24,0.0,36.0,0.66,1.83,1.5
2025-10-26T07:00:00Z,18.9,7.4,0.0,65.0,0.66,1.62,0.4
2025-10-26T08:00:00Z,18.9,7.87,0.0,90.0,0.68,1.2,2.0
2025-10-26T09:00:00Z,19.0,8.27,0.0,93.0,0.68,0.67,3.3
2025-10-26T10:00:00Z,18.7,8.39,0.0,86.0,0.72,0.2,3.7
2025-10-26T11:00:00Z,18.4,8.31,0.0,25.0,0.76,-0.12,3.4
2025-10-26T12:00:00Z,18.1,8.58,0.0,22.0,0.8,-0.21,2.2
2025-10-26T13:00:00Z,18.0,8.53,0.0,81.0,0.82,-0.11,1.0
2025-10-26T14:00:00Z,17.9,8.35,0.0,81.0,0.82,0.19,1.3
2025-10-26T15:00:00Z,17.8,8.54,0.0,80.0,0.84,0.61,2.4
2025-10-26T16:00:00Z,17.7,8.86,0.0,73.0,0.82,0.94,2.7
2025-10-26T17:00:00Z,17.6,8.9,0.0,68.0,0.8,1.05,1.8
2025-10-26T18:00:00Z,17.5,8.85,0.0,85.0,0.78,0.97,0.5
2025-10-26T19:00:00Z,17.5,8.97,0.0,92.0,0.82,0.75,0.9
2025-10-26T20:00:00Z,17.4,8.99,0.0,94.0,0.84,0.4,2.0
2025-10-26T21:00:00Z,17.5,9.05,0.0,90.0,0.88,-0.03,2.9
2025-10-26T22:00:00Z,17.3,8.05,0.0,66.0,0.86,-0.42,3.2
2025-10-26T23:00:00Z,17.4,7.87,0.0,31.0,0.84,-0.63,2.6
2025-10-27T00:00:00Z,17.7,8.15,0.0,27.0,0.82,-0.61,1.4
2025-10-27T01:00:00Z,17.8,8.19,0.0,25.0,0.82,-0.36,1.4
2025-10-27T02:00:00Z,18.1,7.91,0.1,59.0,0.82,0.09,2.9
2025-10-27T03:00:00Z,18.2,8.05,0.1,59.0,0.82,0.7,4.2
2025-10-27T04:00:00Z,18.3,8.65,0.1,50.0,0.86,1.27,4.9
2025-10-27T05:00:00Z,18.4,9.06,0.0,44.0,0.88,1.63,4.3
2025-10-27T06:00:00Z,18.3,9.14,0.0,81.0,0.92,1.74,2.9
2025-10-27T07:00:00Z,18.1,9.16,0.0,91.0,0.94,1.67,1.3
2025-10-27T08:00:00Z,17.9,9.15,0.0,80.0,0.98,1.44,0.4
2025-10-27T09:00:00Z,17.6,8.93,0.0,39.0,1.0,1.06,1.7
2025-10-27T10:00:00Z,17.5,7.45,0.0,46.0,0.94,0.61,2.6
2025-10-27T11:00:00Z,17.4,7.09,0.0,44.0,0.86,0.24,3.0
2025-10-27T12:00:00Z,17.3,7.1,0.0,84.0,0.8,0.02,2.5
2025-10-27T13:00:00Z,17.3,7.3,0.0,80.0,0.82,-0.01,1.4
2025-10-27T14:00:00Z,17.2,7.43,0.0,78.0,0.84,0.11,0.9
2025-10-27T15:00:00Z,17.1,7.51,0.0,85.0,0.86,0.39,1.6
2025-10-27T16:00:00Z,17.0,7.38,0.0,86.0,0.78,0.71,2.4
2025-10-27T17:00:00Z,17.0,7.5,0.0,94.0,0.72,0.9,2.2
2025-10-27T18:00:00Z,17.0,7.73,0.0,90.0,0.64,0.89,1.1
2025-10-27T19:00:00Z,17.0,7.75,0.0,100.0,0.7,0.74,0.2
2025-10-27T20:00:00Z,17.1,7.79,0.0,91.0,0.74,0.5,1.3
2025-10-27T21:00:00Z,17.1,7.82,0.0,43.0,0.8,0.17,2.2
2025-10-27T22:00:00Z,17.3,8.13,0.0,80.0,0.84,-0.19,2.6
2025-10-27T23:00:00Z,17.3,8.8,0.0,90.0,0.88,-0.47,2.5
2025-10-28T00:00:00Z,17.5,8.75,0.0,98.0,0.92,-0.58,1.8
2025-10-28T01:00:00Z,17.6,8.4,0.0,99.0,0.88,-0.49,0.9
2025-10-28T02:00:00Z,17.7,7.52,0.0,89.0,0.82,-0.22,1.7
2025-10-28T03:00:00Z,17.8,7.05,0.0,56.0,0.78,0.19,3.0
2025-10-28T04:00:00Z,17.9,6.52,0.0,16.0,0.72,0.7,4.0
2025-10-28T05:00:00Z,18.0,6.39,0.0,11.0,0.64,1.13,4.1
2025-10-28T06:00:00Z,18.1,6.18,0.0,8.0,0.58,1.34,3.2
2025-10-28T07:00:00Z,18.3,6.01,0.0,17.0,0.56,1.37,1.6
2025-10-28T08:00:00Z,18.5,5.74,0.0,11.0,0.52,1.29,0.4
2025-10-28T09:00:00Z,18.7,5.53,0.0,7.0,0.5,1.08,1.1
2025-10-28T10:00:00Z,18.8,4.61,0.0,32.0,0.48,0.74,2.2
2025-10-28T11:00:00Z,19.0,5.03,0.0,51.0,0.46,0.36,2.9
2025-10-28T12:00:00Z,19.3,5.41,0.0,53.0,0.44,0.04,2.9
2025-10-28T13:00:00Z,19.5,5.39,0.0,42.0,0.44,-0.11,2.4
2025-10-28T14:00:00Z,19.6,5.2,0.0,33.0,0.46,-0.12,1.3
2025-10-28T15:00:00Z,19.7,5.37,0.0,13.0,0.46,-0.02,0.4
2025-10-28T16:00:00Z,19.8,5.65,0.0,46.0,0.44,0.2,0.9
2025-10-28T17:00:00Z,19.7,5.74,0.0,61.0,0.42,0.44,1.6
2025-10-28T18:00:00Z,19.6,6.23,0.0,33.0,0.4,0.55,1.5
2025-10-28T19:00:00Z,19.5,6.68,0.0,38.0,0.4,0.52,0.8
2025-10-28T20:00:00Z,19.5,7.01,0.0,4.0,0.42,0.42,0.6
2025-10-28T21:00:00Z,19.4,7.06,0.0,4.0,0.42,0.28,1.2
2025-10-28T22:00:00Z,19.1,6.51,0.0,13.0,0.44,0.06,1.8
2025-10-28T23:00:00Z,19.2,6.81,0.0,10.0,0.48,-0.19,2.2
2025-10-29T00:00:00Z,19.4,6.94,0.0,8.0,0.5,-0.39,2.0
2025-10-29T01:00:00Z,19.6,6.88,0.0,11.0,0.52,-0.44,1.4
2025-10-29T02:00:00Z,19.9,6.95,0.0,1.0,0.56,-0.34,0.4
2025-10-29T03:00:00Z,20.0,7.01,0.0,1.0,0.58,-0.11,1.1
2025-10-29T04:00:00Z,20.1,6.41,0.0,0.0,0.56,0.24,2.2
2025-10-29T05:00:00Z,20.1,5.72,0.0,1.0,0.52,0.66,3.1
2025-10-29T06:00:00Z,20.2,5.95,0.0,92.0,0.5,1.02,3.1
2025-10-29T07:00:00Z,20.2,6.41,0.0,46.0,0.48,1.22,2.4
2025-10-29T08:00:00Z,20.2,6.23,0.0,39.0,0.48,1.29,1.2
2025-10-29T09:00:00Z,20.3,6.34,0.0,85.0,0.46,1.26,0.5
2025-10-29T10:00:00Z,20.1,6.17,0.0,99.0,0.48,1.11,1.2
2025-10-29T11:00:00Z,20.3,7.48,0.0,99.0,0.48,0.84,2.0
2025-10-29T12:00:00Z,20.5,7.77,0.0,98.0,0.5,0.51,2.5
2025-10-29T13:00:00Z,20.8,6.97,0.0,100.0,0.48,0.25,2.7
2025-10-29T14:00:00Z,21.1,6.54,0.0,100.0,0.46,0.09,2.2
2025-10-29T15:00:00Z,21.2,6.31,0.0,100.0,0.44,0.03,1.4
2025-10-29T16:00:00Z,21.3,6.09,0.0,100.0,0.42,0.06,0.7
2025-10-29T17:00:00Z,21.2,5.52,0.0,100.0,0.4,0.21,0.2
2025-10-29T18:00:00Z,21.2,5.2,0.0,100.0,0.38,0.4,0.8
2025-10-29T19:00:00Z,21.2,5.5,0.0,100.0,0.38,0.49,0.8
2025-10-29T20:00:00Z,21.2,6.18,0.0,100.0,0.36,0.49,0.4
2025-10-29T21:00:00Z,21.2,5.86,0.0,91.0,0.36,0.46,0.8
2025-10-29T22:00:00Z,21.2,5.47,0.0,97.0,0.34,0.38,1.1
2025-10-29T23:00:00Z,21.3,4.71,0.0,99.0,0.34,0.22,1.8
2025-10-30T00:00:00Z,21.4,4.25,0.0,100.0,0.32,-0.02,2.3
2025-10-30T01:00:00Z,21.4,4.1,0.0,100.0,0.32,-0.22,2.4
2025-10-30T02:00:00Z,21.4,4.05,0.0,99.0,0.3,-0.31,1.9
2025-10-30T03:00:00Z,21.4,4.82,0.0,100.0,0.3,-0.27,1.0
2025-10-30T04:00:00Z,21.3,5.68,0.0,98.0,0.32,-0.12,0.8
2025-10-30T05:00:00Z,21.2,5.96,0.0,100.0,0.34,0.17,1.7
2025-10-30T06:00:00Z,21.0,6.1,0.3,100.0,0.36,0.57,2.7
2025-10-30T07:00:00Z,20.8,6.35,0.4,100.0,0.42,0.91,3.1
2025-10-30T08:00:00Z,20.7,6.54,0.4,100.0,0.48,1.12,2.5
2025-10-30T09:00:00Z,20.6,6.84,0.5,100.0,0.54,1.25,1.7
2025-10-30T10:00:00Z,20.6,6.12,0.5,100.0,0.64,1.3,0.8
2025-10-30T11:00:00Z,20.7,6.53,0.5,100.0,0.76,1.22,0.4
2025-10-30T12:00:00Z,20.8,7.02,0.3,100.0,0.86,0.99,1.1
2025-10-30T13:00:00Z,20.8,8.03,0.2,100.0,0.82,0.68,1.8
2025-10-30T14:00:00Z,20.6,7.91,0.1,100.0,0.78,0.38,2.2
2025-10-30T15:00:00Z,19.9,7.95,0.2,100.0,0.74,0.17,1.8
2025-10-30T16:00:00Z,19.7,7.65,0.1,100.0,0.7,0.03,1.3
2025-10-30T17:00:00Z,19.7,8.0,0.0,100.0,0.68,0.0,0.6
2025-10-30T18:00:00Z,19.7,8.65,0.0,100.0,0.64,0.13,0.6
2025-10-30T19:00:00Z,19.6,8.63,0.0,100.0,0.66,0.34,1.3
2025-10-30T20:00:00Z,19.7,7.79,0.0,100.0,0.66,0.49,1.3
2025-10-30T21:00:00Z,19.8,6.72,0.0,100.0,0.68,0.59,0.9
2025-10-30T22:00:00Z,19.5,5.97,0.0,97.0,0.64,0.66,0.4
2025-10-30T23:00:00Z,19.5,6.12,0.0,56.0,0.62,0.66,0.5
2025-10-31T00:00:00Z,19.4,7.02,0.0,27.0,0.58,0.51,1.3
2025-10-31T01:00:00Z,19.3,7.17,0.0,0.0,0.58,0.27,2.1
2025-10-31T02:00:00Z,19.2,7.61,0.0,1.0,0.6,0.01,2.3
2025-10-31T03:00:00Z,19.3,7.45,0.0,1.0,0.6,-0.15,2.1
2025-10-31T04:00:00Z,19.5,7.15,0.0,7.0,0.58,-0.19,1.5
2025-10-31T05:00:00Z,19.7,6.7,0.0,16.0,0.54,-0.1,1.3
2025-10-31T06:00:00Z,19.8,6.22,0.0,18.0,0.52,0.16,1.8
2025-10-31T07:00:00Z,19.7,6.45,0.0,99.0,0.52,0.54,2.6
2025-10-31T08:00:00Z,19.7,7.18,0.0,100.0,0.54,0.91,3.3
2025-10-31T09:00:00Z,19.6,6.72,0.0,100.0,0.54,1.2,2.9
2025-10-31T10:00:00Z,19.6,5.64,0.0,100.0,0.52,1.41,2.3
2025-10-31T11:00:00Z,19.7,4.83,0.0,100.0,0.52,1.52,1.4
2025-10-31T12:00:00Z,19.7,5.0,0.0,84.0,0.5,1.42,0.3
2025-10-31T13:00:00Z,19.6,6.26,0.0,35.0,0.54,1.12,1.3
2025-10-31T14:00:00Z,19.4,7.03,0.0,54.0,0.58,0.69,2.4
2025-10-31T15:00:00Z,19.2,7.2,0.0,70.0,0.62,0.26,3.0
2025-10-31T16:00:00Z,18.9,7.41,0.1,98.0,0.64,-0.08,2.8
2025-10-31T17:00:00Z,18.8,7.93,0.0,95.0,0.68,-0.3,2.3
2025-10-31T18:00:00Z,18.6,8.24,0.0,100.0,0.7,-0.33,1.3
2025-10-31T19:00:00Z,18.3,8.59,0.0,100.0,0.72,-0.13,0.5
2025-10-31T20:00:00Z,17.9,8.9,0.0,100.0,0.74,0.17,1.6
2025-10-31T21:00:00Z,17.7,8.69,0.0,100.0,0.76,0.45,2.2
2025-10-31T22:00:00Z,17.8,8.09,0.0,100.0,0.72,0.69,2.0
2025-10-31T23:00:00Z,17.6,7.4,0.0,100.0,0.68,0.88,1.6
2025-11-01T00:00:00Z,17.5,7.1,0.0,99.0,0.64,0.92,0.9
2025-11-01T01:00:00Z,17.4,6.87,0.0,88.0,0.6,0.76,0.4
2025-11-01T02:00:00Z,17.5,6.36,0.0,71.0,0.54,0.44,1.5
2025-11-01T03:00:00Z,17.6,5.81,0.0,88.0,0.5,0.1,1.9
2025-11-01T04:00:00Z,17.8,5.79,0.0,20.0,0.46,-0.15,1.9
2025-11-01T05:00:00Z,18.1,5.3,0.0,11.0,0.4,-0.28,1.3
2025-11-01T06:00:00Z,18.4,5.01,0.0,20.0,0.36,-0.23,0.9
2025-11-01T07:00:00Z,18.7,4.32,0.0,100.0,0.34,0.05,1.6
2025-11-01T08:00:00Z,18.9,4.08,0.0,98.0,0.32,0.49,2.9
2025-11-01T09:00:00Z,19.0,4.0,0.0,99.0,0.3,0.94,3.6
2025-11-01T10:00:00Z,19.6,3.64,0.0,100.0,0.28,1.3,3.6
2025-11-01T11:00:00Z,19.6,3.92,0.0,100.0,0.24,1.56,2.9
2025-11-01T12:00:00Z,19.5,4.17,0.0,100.0,0.22,1.64,1.8
2025-11-01T13:00:00Z,19.3,4.18,0.0,100.0,0.22,1.46,0.2
2025-11-01T14:00:00Z,19.2,3.98,0.0,100.0,0.24,1.0,1.5
2025-11-01T15:00:00Z,19.0,3.08,0.0,100.0,0.24,0.43,3.0
2025-11-01T16:00:00Z,18.9,3.14,0.0,98.0,0.22,-0.12,3.5
2025-11-01T17:00:00Z,18.8,3.37,0.0,99.0,0.22,-0.54,3.3
2025-11-01T18:00:00Z,18.8,3.17,0.0,99.0,0.2,-0.77,2.4
2025-11-01T19:00:00Z,18.8,3.36,0.0,98.0,0.2,-0.73,1.0
2025-11-01T20:00:00Z,18.8,3.73,0.0,54.0,0.18,-0.41,1.1
2025-11-01T21:00:00Z,18.8,4.52,0.0,6.0,0.18,0.03,2.5
2025-11-01T22:00:00Z,19.1,5.33,0.0,24.0,0.2,0.47,3.2
2025-11-01T23:00:00Z,19.1,5.37,0.0,28.0,0.24,0.86,3.1
2025-11-02T00:00:00Z,19.0,5.96,0.0,66.0,0.26,1.13,2.4
2025-11-02T01:00:00Z,18.7,6.61,0.0,81.0,0.32,1.17,1.5
2025-11-02T02:00:00Z,18.3,6.87,0.0,17.0,0.38,0.91,0.2
2025-11-02T03:00:00Z,18.3,6.32,0.0,9.0,0.44,0.46,1.6
2025-11-02T04:00:00Z,18.4,6.41,0.0,2.0,0.48,-0.01,2.3
2025-11-02T05:00:00Z,18.7,7.09,0.0,4.0,0.5,-0.37,2.3
2025-11-02T06:00:00Z,19.0,7.76,0.0,100.0,0.54,-0.58,1.9
2025-11-02T07:00:00Z,19.1,8.22,0.0,95.0,0.64,-0.55,1.3
2025-11-02T08:00:00Z,19.2,8.49,0.0,100.0,0.74,-0.22,1.9
2025-11-02T09:00:00Z,19.1,8.72,0.0,78.0,0.84,0.31,3.6
2025-11-02T10:00:00Z,18.8,8.67,0.0,92.0,0.84,0.87,4.7
2025-11-02T11:00:00Z,18.4,8.99,0.0,99.0,0.82,1.35,4.7
2025-11-02T12:00:00Z,18.0,9.08,0.0,100.0,0.82,1.7,4.0
2025-11-02T13:00:00Z,17.6,9.06,0.0,98.0,0.84,1.78,2.7
2025-11-02T14:00:00Z,17.2,9.2,0.0,99.0,0.86,1.51,1.0
2025-11-02T15:00:00Z,16.8,9.34,0.0,100.0,0.88,0.97,1.0
2025-11-02T16:00:00Z,16.4,8.94,0.0,100.0,0.86,0.32,2.3
2025-11-02T17:00:00Z,16.1,8.6,0.0,100.0,0.86,-0.26,2.8
2025-11-02T18:00:00Z,15.9,8.54,0.0,99.0,0.84,-0.68,2.4
2025-11-02T19:00:00Z,15.6,8.33,0.0,97.0,0.82,-0.84,1.5
2025-11-02T20:00:00Z,15.4,8.52,0.0,99.0,0.8,-0.66,1.0
2025-11-02T21:00:00Z,15.4,8.57,0.0,89.0,0.78,-0.18,3.1
2025-11-02T22:00:00Z,15.6,7.52,0.0,100.0,0.78,0.44,4.7
2025-11-02T23:00:00Z,15.6,7.07,0.0,100.0,0.76,1.03,5.2
2025-11-03T00:00:00Z,15.8,6.93,0.0,100.0,0.76,1.48,4.7
2025-11-03T01:00:00Z,15.9,6.58,0.0,100.0,0.72,1.72,3.6
2025-11-03T02:00:00Z,16.0,5.91,0.0,100.0,0.68,1.61,1.6
2025-11-03T03:00:00Z,16.2,5.4,0.0,100.0,0.64,1.18,0.5
2025-11-03T04:00:00Z,16.2,5.57,0.0,100.0,0.6,0.56,2.3
2025-11-03T05:00:00Z,16.3,5.34,0.0,100.0,0.54,-0.04,3.4
2025-11-03T06:00:00Z,16.4,5.23,0.0,100.0,0.5,-0.51,3.2
2025-11-03T07:00:00Z,16.5,5.15,0.0,100.0,0.48,-0.76,2.5
2025-11-03T08:00:00Z,16.6,4.77,0.0,100.0,0.44,-0.7,1.2
2025-11-03T09:00:00Z,16.7,5.09,0.0,100.0,0.42,-0.29,1.8
2025-11-03T10:00:00Z,16.9,4.49,0.0,100.0,0.42,0.32,3.8
2025-11-03T11:00:00Z,17.0,4.65,0.0,100.0,0.4,0.92,4.5
2025-11-03T12:00:00Z,17.0,4.84,0.0,99.0,0.4,1.4,4.3
2025-11-03T13:00:00Z,17.2,4.86,0.0,88.0,0.4,1.67,3.2
2025-11-03T14:00:00Z,17.3,4.79,0.0,85.0,0.38,1.61,1.5
2025-11-03T15:00:00Z,17.3,4.61,0.0,81.0,0.38,1.19,0.7
2025-11-03T16:00:00Z,17.3,4.18,0.0,100.0,0.36,0.51,2.7
2025-11-03T17:00:00Z,17.4,4.39,0.0,100.0,0.32,-0.21,4.0
2025-11-03T18:00:00Z,17.4,4.57,0.0,100.0,0.3,-0.8,4.2
2025-11-03T19:00:00Z,17.4,5.08,0.0,100.0,0.3,-1.17,3.5
2025-11-03T20:00:00Z,17.4,4.51,0.0,100.0,0.28,-1.23,1.7
2025-11-03T21:00:00Z,17.4,4.13,0.0,100.0,0.28,-0.88,1.0
2025-11-03T22:00:00Z,17.6,4.12,0.0,100.0,0.3,-0.21,3.6
2025-11-03T23:00:00Z,17.6,5.27,0.0,100.0,0.34,0.56,5.4
2025-11-04T00:00:00Z,17.7,6.1,0.0,100.0,0.36,1.24,5.8
2025-11-04T01:00:00Z,17.7,6.44,0.0,100.0,0.4,1.74,5.1
2025-11-04T02:00:00Z,17.7,6.92,0.0,100.0,0.44,1.92,3.5
2025-11-04T03:00:00Z,17.7,7.03,0.0,100.0,0.48,1.7,1.3
2025-11-04T04:00:00Z,17.6,6.4,0.0,100.0,0.5,1.14,1.1
2025-11-04T05:00:00Z,17.6,6.65,0.0,100.0,0.52,0.43,2.9
2025-11-04T06:00:00Z,17.5,6.68,0.0,100.0,0.54,-0.22,3.6
2025-11-04T07:00:00Z,17.6,6.75,0.0,100.0,0.56,-0.7,3.5
2025-11-04T08:00:00Z,17.6,6.63,0.0,100.0,0.56,-0.91,2.3
2025-11-04T09:00:00Z,17.7,6.4,0.0,100.0,0.58,-0.76,0.7
2025-11-04T10:00:00Z,18.5,6.52,0.0,100.0,0.54,-0.23,2.5
2025-11-04T11:00:00Z,18.7,6.34,0.0,99.0,0.52,0.5,4.7
2025-11-04T12:00:00Z,18.8,6.19,0.0,89.0,0.48,1.18,5.6
2025-11-04T13:00:00Z,19.0,6.06,0.0,51.0,0.5,1.7,4.9
2025-11-04T14:00:00Z,19.2,5.69,0.0,43.0,0.5,1.91,3.4
2025-11-04T15:00:00Z,19.2,5.6,0.0,81.0,0.52,1.72,1.3
2025-11-04T16:00:00Z,19.2,6.09,0.0,76.0,0.52,1.17,1.1
2025-11-04T17:00:00Z,19.2,6.06,0.0,88.0,0.54,0.42,3.1
2025-11-04T18:00:00Z,19.0,6.43,0.0,64.0,0.54,-0.32,4.2
2025-11-04T19:00:00Z,18.9,6.7,0.1,94.0,0.54,-0.87,3.8
2025-11-04T20:00:00Z,18.9,7.04,0.1,83.0,0.54,-1.14,2.7
2025-11-04T21:00:00Z,18.9,7.69,0.7,89.0,0.54,-1.06,1.0
2025-11-04T22:00:00Z,19.0,6.98,0.2,96.0,0.58,-0.54,2.6
2025-11-04T23:00:00Z,19.2,7.3,0.3,92.0,0.64,0.28,5.2
2025-11-05T00:00:00Z,19.3,7.21,0.2,96.0,0.68,1.16,6.8
2025-11-05T01:00:00Z,19.4,7.46,0.2,98.0,0.68,1.88,6.7
2025-11-05T02:00:00Z,19.6,7.23,0.3,97.0,0.66,2.32,5.4
2025-11-05T03:00:00Z,19.8,6.7,0.2,97.0,0.66,2.36,3.1
2025-11-05T04:00:00Z,20.0,6.54,0.1,86.0,0.62,1.98,0.4
2025-11-05T05:00:00Z,20.0,6.42,0.1,92.0,0.58,1.29,2.2
2025-11-05T06:00:00Z,20.0,6.33,0.1,88.0,0.54,0.48,3.8
2025-11-05T07:00:00Z,20.0,6.33,0.0,83.0,0.52,-0.22,4.4
2025-11-05T08:00:00Z,20.2,6.61,0.0,74.0,0.48,-0.71,3.8
2025-11-05T09:00:00Z,20.3,6.62,0.0,40.0,0.46,-0.89,2.3
2025-11-05T10:00:00Z,20.4,6.48,0.0,2.0,0.5,-0.66,0.8
2025-11-05T11:00:00Z,20.5,6.97,0.0,1.0,0.56,-0.05,3.1
2025-11-05T12:00:00Z,20.5,7.35,0.0,0.0,0.6,0.69,5.0
2025-11-05T13:00:00Z,20.5,7.45,0.0,1.0,0.6,1.35,5.4
2025-11-05T14:00:00Z,20.4,7.25,0.0,2.0,0.6,1.75,4.4
2025-11-05T15:00:00Z,20.3,6.96,0.0,0.0,0.6,1.8,2.4
2025-11-05T16:00:00Z,20.3,6.59,0.0,1.0,0.58,1.45,0.4
2025-11-05T17:00:00Z,20.3,6.22,0.0,3.0,0.56,0.77,2.3
2025-11-05T18:00:00Z,20.4,6.08,0.0,4.0,0.54,-0.03,4.0
2025-11-05T19:00:00Z,20.4,6.26,0.0,20.0,0.52,-0.74,4.7
2025-11-05T20:00:00Z,20.5,6.56,0.0,29.0,0.52,-1.21,4.2
2025-11-05T21:00:00Z,20.5,6.97,0.0,93.0,0.5,-1.38,2.6
2025-11-05T22:00:00Z,20.4,6.78,0.0,99.0,0.5,-1.15,0.9
2025-11-05T23:00:00Z,20.3,7.93,0.0,99.0,0.52,-0.47,3.3
2025-11-06T00:00:00Z,20.3,7.8,0.0,70.0,0.52,0.48,5.9
2025-11-06T01:00:00Z,20.4,7.62,0.0,80.0,0.54,1.4,7.2
2025-11-06T02:00:00Z,20.4,7.93,0.0,81.0,0.58,2.09,6.7
2025-11-06T03:00:00Z,20.4,8.17,0.0,93.0,0.6,2.43,4.9
2025-11-06T04:00:00Z,20.5,7.7,0.0,82.0,0.64,2.34,2.4
2025-11-06T05:00:00Z,20.5,6.84,0.0,99.0,0.68,1.84,0.5
2025-11-06T06:00:00Z,20.6,6.5,0.0,100.0,0.72,1.06,2.9
2025-11-06T07:00:00Z,20.6,6.11,0.5,100.0,0.7,0.26,4.3
2025-11-06T08:00:00Z,20.6,7.2,1.1,99.0,0.66,-0.4,4.5
2025-11-06T09:00:00Z,20.6,7.17,0.7,100.0,0.64,-0.82,3.6
2025-11-06T10:00:00Z,20.3,5.74,0.1,100.0,0.6,-0.91,2.1
2025-11-06T11:00:00Z,20.4,5.69,0.0,100.0,0.54,-0.58,0.8
2025-11-06T12:00:00Z,20.5,5.22,0.0,100.0,0.5,0.09,3.4
2025-11-06T13:00:00Z,20.5,5.2,0.0,100.0,0.48,0.84,5.1
2025-11-06T14:00:00Z,20.6,5.49,0.0,75.0,0.48,1.42,4.9
2025-11-06T15:00:00Z,20.6,5.11,0.0,86.0,0.46,1.7,3.5
2025-11-06T16:00:00Z,20.6,4.75,0.0,100.0,0.48,1.62,1.5
2025-11-06T17:00:00Z,20.6,3.91,0.0,100.0,0.52,1.15,1.0
2025-11-06T18:00:00Z,20.5,3.68,0.1,100.0,0.54,0.42,3.1
2025-11-06T19:00:00Z,20.4,4.09,0.0,98.0,0.58,-0.34,4.3
2025-11-06T20:00:00Z,20.4,3.95,0.0,100.0,0.6,-0.96,4.3
2025-11-06T21:00:00Z,20.4,3.77,0.4,100.0,0.64,-1.31,3.5
2025-11-06T22:00:00Z,20.0,3.71,1.4,100.0,0.6,-1.34,1.6
2025-11-06T23:00:00Z,19.9,4.3,0.8,100.0,0.54,-0.96,1.5
2025-11-07T00:00:00Z,19.9,4.77,0.5,100.0,0.5,-0.17,4.3
2025-11-07T01:00:00Z,19.9,4.89,0.2,98.0,0.46,0.81,6.5
2025-11-07T02:00:00Z,19.9,4.17,0.0,100.0,0.42,1.68,7.0
2025-11-07T03:00:00Z,20.1,3.68,0.0,100.0,0.38,2.25,5.8
2025-11-07T04:00:00Z,20.2,3.5,0.0,100.0,0.36,2.45,3.5
2025-11-07T05:00:00Z,20.1,3.01,0.0,100.0,0.34,2.22,0.8
2025-11-07T06:00:00Z,20.1,2.73,0.0,100.0,0.32,1.63,2.0
2025-11-07T07:00:00Z,20.0,3.2,0.0,100.0,0.34,0.84,4.1
2025-11-07T08:00:00Z,19.9,3.47,0.0,99.0,0.34,0.07,5.2
2025-11-07T09:00:00Z,19.8,3.82,0.0,100.0,0.36,-0.53,5.2
2025-11-07T10:00:00Z,20.1,3.89,0.0,100.0,0.34,-0.88,4.2
2025-11-07T11:00:00Z,20.2,3.51,0.0,100.0,0.32,-0.89,2.2
2025-11-07T12:00:00Z,20.3,3.27,0.0,99.0,0.3,-0.5,0.9
2025-11-07T13:00:00Z,20.5,3.8,0.0,83.0,0.3,0.18,3.4
2025-11-07T14:00:00Z,20.6,4.01,0.0,91.0,0.3,0.85,4.5
2025-11-07T15:00:00Z,20.5,3.74,0.0,100.0,0.3,1.33,4.2
2025-11-07T16:00:00Z,20.5,3.43,0.0,100.0,0.3,1.49,2.6
2025-11-07T17:00:00Z,20.4,3.37,0.0,100.0,0.3,1.3,0.6
2025-11-07T18:00:00Z,20.3,3.41,0.0,100.0,0.3,0.8,2.0
2025-11-07T19:00:00Z,20.3,3.56,0.0,99.0,0.3,0.1,3.8
2025-11-07T20:00:00Z,20.3,2.93,0.0,100.0,0.28,-0.6,4.9
2025-11-07T21:00:00Z,20.4,2.63,0.0,100.0,0.28,-1.12,4.9
2025-11-07T22:00:00Z,20.4,1.42,0.1,100.0,0.26,-1.36,3.8
2025-11-07T23:00:00Z,20.4,1.72,0.2,99.0,0.26,-1.28,2.1
2025-11-08T00:00:00Z,20.4,2.43,0.2,100.0,0.24,-0.8,1.7
2025-11-08T01:00:00Z,20.4,2.91,0.1,89.0,0.24,0.04,4.1
2025-11-08T02:00:00Z,20.3,2.65,0.0,68.0,0.24,0.98,5.8
2025-11-08T03:00:00Z,20.3,2.68,0.0,39.0,0.24,1.74,5.8
2025-11-08T04:00:00Z,20.3,3.1,0.0,31.0,0.24,2.18,4.1
2025-11-08T05:00:00Z,20.2,4.21,0.0,96.0,0.22,2.27,2.0
2025-11-08T06:00:00Z,20.1,4.86,0.0,100.0,0.22,1.98,0.7
2025-11-08T07:00:00Z,20.0,5.41,0.2,100.0,0.28,1.37,3.1
2025-11-08T08:00:00Z,20.0,6.15,0.1,100.0,0.36,0.64,4.7
2025-11-08T09:00:00Z,19.7,6.4,0.1,100.0,0.42,-0.04,5.4
2025-11-08T10:00:00Z,19.5,6.43,0.1,100.0,0.44,-0.53,5.1
2025-11-08T11:00:00Z,19.3,7.02,0.1,100.0,0.44,-0.78,3.8
2025-11-08T12:00:00Z,19.1,7.74,0.2,100.0,0.46,-0.72,1.9
2025-11-08T13:00:00Z,19.0,7.96,0.1,100.0,0.48,-0.29,1.2
2025-11-08T14:00:00Z,18.9,8.06,0.1,100.0,0.48,0.33,3.1
2025-11-08T15:00:00Z,18.7,7.79,0.1,100.0,0.5,0.88,3.8
2025-11-08T16:00:00Z,18.4,7.61,0.3,100.0,0.5,1.21,2.9
2025-11-08T17:00:00Z,18.3,7.96,0.4,100.0,0.52,1.27,1.1
2025-11-08T18:00:00Z,18.3,9.04,0.0,100.0,0.52,1.04,1.0
2025-11-08T19:00:00Z,18.1,9.66,0.2,100.0,0.6,0.54,2.7
2025-11-08T20:00:00Z,18.1,9.41,0.0,100.0,0.66,-0.1,4.2
2025-11-08T21:00:00Z,18.1,9.27,0.0,100.0,0.74,-0.67,4.6
2025-11-08T22:00:00Z,18.2,8.38,0.1,100.0,0.72,-1.04,4.2
2025-11-08T23:00:00Z,18.6,7.78,0.2,100.0,0.72,-1.15,2.7
2025-11-09T00:00:00Z,18.9,7.0,0.1,100.0,0.7,-0.97,1.6
2025-11-09T01:00:00Z,19.0,6.96,0.0,100.0,0.72,-0.39,3.2
2025-11-09T02:00:00Z,19.0,8.0,0.0,99.0,0.76,0.47,5.8
2025-11-09T03:00:00Z,18.8,9.07,0.0,79.0,0.78,1.32,7.4
2025-11-09T04:00:00Z,18.6,8.92,0.0,50.0,0.82,1.96,7.2
2025-11-09T05:00:00Z,18.6,8.77,0.0,39.0,0.84,2.32,5.6
2025-11-09T06:00:00Z,18.7,9.32,0.0,86.0,0.88,2.36,3.4
2025-11-09T07:00:00Z,18.6,9.69,0.0,94.0,0.88,2.08,0.9
2025-11-09T08:00:00Z,18.6,9.72,0.1,97.0,0.9,1.52,1.3
2025-11-09T09:00:00Z,18.4,9.77,0.4,99.0,0.9,0.88,3.0
2025-11-09T10:00:00Z,18.3,8.85,0.4,100.0,0.9,0.3,3.7
2025-11-09T11:00:00Z,18.2,9.1,0.3,100.0,0.88,-0.12,3.4
2025-11-09T12:00:00Z,18.3,8.8,0.1,100.0,0.88,-0.34,2.5
2025-11-09T13:00:00Z,18.3,8.87,0.0,100.0,0.88,-0.26,1.3
2025-11-09T14:00:00Z,18.3,9.1,0.0,100.0,0.88,0.11,1.9
2025-11-09T15:00:00Z,18.1,9.01,0.0,100.0,0.88,0.62,3.3
2025-11-09T16:00:00Z,18.0,9.42,0.0,100.0,0.9,1.02,3.6
2025-11-09T17:00:00Z,17.8,9.14,0.0,100.0,0.9,1.22,2.5
2025-11-09T18:00:00Z,17.7,9.13,0.0,100.0,0.92,1.21,1.1
2025-11-09T19:00:00Z,17.5,9.42,0.0,100.0,0.96,0.97,0.5
2025-11-09T20:00:00Z,17.3,10.06,0.0,100.0,0.98,0.53,1.8
2025-11-09T21:00:00Z,17.2,10.09,0.0,100.0,1.02,0.01,2.8
2025-11-09T22:00:00Z,17.4,9.32,0.0,95.0,1.02,-0.44,3.1
2025-11-09T23:00:00Z,17.5,9.48,0.0,97.0,1.04,-0.71,2.6
2025-11-10T00:00:00Z,17.7,9.34,0.0,94.0,1.04,-0.74,1.6
2025-11-10T01:00:00Z,17.8,8.84,0.0,85.0,1.0,-0.5,1.8
2025-11-10T02:00:00Z,17.9,8.81,0.0,86.0,0.96,0.04,3.4
2025-11-10T03:00:00Z,17.8,9.17,0.0,88.0,0.92,0.76,5.3
2025-11-10T04:00:00Z,17.8,9.12,0.0,51.0,0.9,1.44,5.8
2025-11-10T05:00:00Z,17.8,8.89,0.0,28.0,0.88,1.91,5.0
2025-11-10T06:00:00Z,17.7,8.74,0.0,47.0,0.86,2.16,3.4
2025-11-10T07:00:00Z,17.7,8.71,0.0,46.0,0.86,2.15,1.6
2025-11-10T08:00:00Z,17.6,8.34,0.0,49.0,0.84,1.84,0.4
2025-11-10T09:00:00Z,17.6,7.53,0.0,68.0,0.84,1.33,2.4
2025-11-10T10:00:00Z,17.4,7.02,0.0,100.0,0.8,0.75,3.5
2025-11-10T11:00:00Z,17.5,7.14,0.0,92.0,0.76,0.25,3.9
2025-11-10T12:00:00Z,17.5,7.86,0.0,88.0,0.72,-0.11,3.5
2025-11-10T13:00:00Z,17.4,8.06,0.0,96.0,0.76,-0.29,2.4
2025-11-10T14:00:00Z,17.4,7.42,0.0,100.0,0.78,-0.24,1.0
2025-11-10T15:00:00Z,17.4,7.17,0.0,100.0,0.82,0.06,1.1
2025-11-10T16:00:00Z,17.5,6.87,0.0,100.0,0.78,0.43,2.3
2025-11-10T17:00:00Z,17.5,7.54,0.0,100.0,0.76,0.69,2.4
2025-11-10T18:00:00Z,17.4,8.03,0.0,100.0,0.72,0.8,1.5
2025-11-10T19:00:00Z,17.4,7.55,0.0,100.0,0.74,0.77,0.5
2025-11-10T20:00:00Z,17.6,7.39,0.7,100.0,0.78,0.56,0.8
2025-11-10T21:00:00Z,17.6,8.8,0.8,100.0,0.8,0.2,1.8
2025-11-10T22:00:00Z,17.2,8.93,0.0,100.0,0.86,-0.21,2.4
2025-11-10T23:00:00Z,17.4,8.21,0.0,100.0,0.92,-0.54,2.5
2025-11-11T00:00:00Z,17.4,7.9,0.0,100.0,0.98,-0.76,2.1
2025-11-11T01:00:00Z,17.5,8.28,0.0,100.0,0.94,-0.78,1.4
2025-11-11T02:00:00Z,17.6,8.44,0.0,100.0,0.9,-0.56,1.7
2025-11-11T03:00:00Z,17.6,8.31,0.0,100.0,0.86,-0.08,3.1
2025-11-11T04:00:00Z,17.6,8.45,0.0,100.0,0.88,0.54,4.5
2025-11-11T05:00:00Z,17.6,9.47,0.0,100.0,0.9,1.12,5.0
2025-11-11T06:00:00Z,17.7,10.58,0.0,99.0,0.92,1.54,4.5
2025-11-11T07:00:00Z,17.9,10.57,0.0,99.0,1.0,1.79,3.4
2025-11-11T08:00:00Z,18.0,10.54,0.0,100.0,1.06,1.85,2.0
2025-11-11T09:00:00Z,18.0,10.19,0.0,100.0,1.14,1.66,0.4
2025-11-11T10:00:00Z,17.9,9.37,0.0,96.0,1.12,1.28,1.1
2025-11-11T11:00:00Z,18.0,9.62,0.0,95.0,1.08,0.82,2.2
2025-11-11T12:00:00Z,18.1,9.16,0.0,100.0,1.06,0.4,2.6
2025-11-11T13:00:00Z,18.2,9.51,0.0,100.0,1.06,0.08,2.3
2025-11-11T14:00:00Z,18.1,9.56,0.0,91.0,1.04,-0.09,1.7
2025-11-11T15:00:00Z,18.0,9.86,0.0,91.0,1.04,-0.05,0.9
2025-11-11T16:00:00Z,18.1,10.17,0.0,96.0,1.1,0.18,1.4
2025-11-11T17:00:00Z,18.1,10.26,0.1,98.0,1.16,0.48,2.2
2025-11-11T18:00:00Z,18.2,9.96,0.6,98.0,1.22,0.71,2.2
2025-11-11T19:00:00Z,18.1,9.85,0.0,100.0,1.18,0.86,1.6
2025-11-11T20:00:00Z,18.4,9.51,0.0,100.0,1.16,0.9,0.7
2025-11-11T21:00:00Z,18.9,9.47,0.0,98.0,1.12,0.79,0.3
2025-11-11T22:00:00Z,18.6,8.7,0.0,99.0,1.04,0.51,1.1
2025-11-11T23:00:00Z,18.5,9.76,0.4,100.0,0.98,0.16,1.9
2025-11-12T00:00:00Z,18.6,9.94,0.5,100.0,0.9,-0.16,2.2
2025-11-12T01:00:00Z,19.0,8.92,0.1,100.0,0.94,-0.36,2.1
2025-11-12T02:00:00Z,18.9,8.83,0.6,100.0,0.96,-0.42,1.6
2025-11-12T03:00:00Z,18.9,9.76,0.9,100.0,1.0,-0.28,1.5
2025-11-12T04:00:00Z,19.0,9.85,0.9,100.0,0.98,0.1,2.5
2025-11-12T05:00:00Z,18.5,9.51,3.4,100.0,0.94,0.6,3.7
2025-11-12T06:00:00Z,19.2,9.45,0.7,100.0,0.92,1.08,4.2
2025-11-12T07:00:00Z,19.4,8.91,0.9,100.0,1.0,1.47,3.8
2025-11-12T08:00:00Z,19.4,8.39,1.0,100.0,1.08,1.74,2.9
2025-11-12T09:00:00Z,19.4,8.59,1.0,100.0,1.16,1.82,1.8
2025-11-12T10:00:00Z,19.2,7.67,0.9,99.0,1.14,1.65,0.4
2025-11-12T11:00:00Z,19.4,8.33,0.9,100.0,1.14,1.3,1.0
2025-11-12T12:00:00Z,19.6,8.71,0.8,100.0,1.12,0.85,1.9
2025-11-12T13:00:00Z,19.6,8.71,1.0,100.0,1.06,0.46,2.3
2025-11-12T14:00:00Z,19.6,8.87,0.9,100.0,1.02,0.15,2.1
2025-11-12T15:00:00Z,19.6,8.27,0.8,98.0,0.96,-0.06,1.8
2025-11-12T16:00:00Z,19.5,8.0,0.8,99.0,0.98,-0.06,0.9
2025-11-12T17:00:00Z,19.4,8.06,0.9,95.0,1.02,0.13,0.8
2025-11-12T18:00:00Z,19.3,8.23,0.8,99.0,1.04,0.37,1.6
2025-11-12T19:00:00Z,19.2,8.83,0.0,100.0,1.08,0.6,2.0
2025-11-12T20:00:00Z,19.2,9.43,0.0,100.0,1.1,0.8,1.6
2025-11-12T21:00:00Z,19.2,9.62,0.0,95.0,1.14,0.92,1.1
2025-11-12T22:00:00Z,18.8,9.63,0.0,79.0,1.12,0.89,0.2
2025-11-12T23:00:00Z,18.6,9.98,0.0,65.0,1.08,0.65,0.9
2025-11-13T00:00:00Z,18.4,9.96,0.0,59.0,1.06,0.31,1.9
2025-11-13T01:00:00Z,18.3,9.71,0.0,41.0,1.08,0.02,2.2
2025-11-13T02:00:00Z,18.3,9.54,0.0,47.0,1.08,-0.17,1.9
2025-11-13T03:00:00Z,18.2,9.25,0.0,27.0,1.1,-0.28,1.8
2025-11-13T04:00:00Z,18.1,9.09,0.0,14.0,1.1,-0.21,1.7
2025-11-13T05:00:00Z,18.0,9.45,0.0,4.0,1.1,0.1,2.1
2025-11-13T06:00:00Z,18.0,9.72,0.0,2.0,1.1,0.52,3.0
2025-11-13T07:00:00Z,17.9,9.48,0.0,1.0,1.08,0.93,3.5
2025-11-13T08:00:00Z,17.9,9.18,0.0,0.0,1.04,1.28,3.3
2025-11-13T09:00:00Z,17.9,9.0,0.0,0.0,1.02,1.55,2.5
2025-11-13T10:00:00Z,17.6,8.41,0.0,0.0,0.98,1.64,1.5
2025-11-13T11:00:00Z,17.4,8.6,0.0,0.0,0.94,1.51,0.4
2025-11-13T12:00:00Z,17.3,8.86,0.0,0.0,0.9,1.18,1.5
2025-11-13T13:00:00Z,17.2,9.17,0.0,0.0,0.9,0.76,2.4
2025-11-13T14:00:00Z,17.2,9.01,0.0,7.0,0.9,0.34,2.7
2025-11-13T15:00:00Z,17.3,8.5,0.0,21.0,0.9,-0.02,2.7
2025-11-13T16:00:00Z,17.4,7.81,0.0,9.0,0.82,-0.25,2.3
2025-11-13T17:00:00Z,17.5,7.39,0.0,9.0,0.74,-0.26,1.3
2025-11-13T18:00:00Z,17.5,7.41,0.0,10.0,0.66,-0.07,0.8
2025-11-13T19:00:00Z,17.4,7.57,0.0,10.0,0.68,0.2,1.6
2025-11-13T20:00:00Z,17.4,7.9,0.0,25.0,0.68,0.48,2.0
2025-11-13T21:00:00Z,17.4,8.09,0.0,20.0,0.7,0.76,2.0
2025-11-13T22:00:00Z,16.9,7.32,0.0,42.0,0.7,0.96,1.6
2025-11-13T23:00:00Z,17.1,7.12,0.0,10.0,0.68,0.97,0.9
2025-11-14T00:00:00Z,17.2,7.06,0.0,1.0,0.68,0.76,0.7
2025-11-14T01:00:00Z,17.4,6.71,0.0,0.0,0.66,0.45,1.7
2025-11-14T02:00:00Z,17.4,6.26,0.0,2.0,0.64,0.14,2.0
2025-11-14T03:00:00Z,17.4,6.26,0.0,6.0,0.62,-0.12,2.0
2025-11-14T04:00:00Z,17.4,6.43,0.0,2.0,0.62,-0.28,1.9
2025-11-14T05:00:00Z,17.3,6.53,0.0,16.0,0.6,-0.28,1.8
2025-11-14T06:00:00Z,17.3,6.65,0.0,14.0,0.6,-0.04,1.9
2025-11-14T07:00:00Z,17.2,6.36,0.0,1.0,0.6,0.32,2.6
2025-11-14T08:00:00Z,17.2,6.26,0.0,0.0,0.62,0.71,3.2
2025-11-14T09:00:00Z,17.1,6.49,0.0,1.0,0.62,1.09,3.1
2025-11-14T10:00:00Z,17.1,5.96,0.0,0.0,0.58,1.41,2.7
2025-11-14T11:00:00Z,17.1,5.57,0.0,0.0,0.52,1.52,1.7
2025-11-14T12:00:00Z,17.0,5.21,0.0,0.0,0.48,1.36,0.7
2025-11-14T13:00:00Z,17.0,4.99,0.0,0.0,0.46,0.97,1.8
2025-11-14T14:00:00Z,17.0,4.9,0.0,0.0,0.42,0.49,2.8
2025-11-14T15:00:00Z,17.0,4.84,0.0,5.0,0.4,0.02,3.3
2025-11-14T16:00:00Z,17.0,4.84,0.0,6.0,0.38,-0.39,3.4
2025-11-14T17:00:00Z,16.9,4.68,0.0,16.0,0.34,-0.64,2.9
2025-11-14T18:00:00Z,16.9,4.75,0.0,10.0,0.32,-0.63,1.8
2025-11-14T19:00:00Z,16.9,5.15,0.0,10.0,0.34,-0.39,1.0
2025-11-14T20:00:00Z,17.0,5.23,0.0,8.0,0.34,-0.04,2.1
2025-11-14T21:00:00Z,17.0,5.33,0.0,6.0,0.36,0.35,2.7
2025-11-14T22:00:00Z,17.1,4.8,0.0,15.0,0.36,0.74,2.7
2025-11-14T23:00:00Z,17.2,4.86,0.0,13.0,0.38,1.02,2.3
2025-11-15T00:00:00Z,17.4,4.63,0.0,10.0,0.38,1.04,1.5
2025-11-15T01:00:00Z,17.6,4.2,0.0,19.0,0.36,0.81,0.5
2025-11-15T02:00:00Z,17.8,3.75,0.0,5.0,0.36,0.44,1.5
2025-11-15T03:00:00Z,18.0,3.47,0.0,0.0,0.34,0.05,2.2
2025-11-15T04:00:00Z,18.2,3.47,0.0,0.0,0.32,-0.28,2.3
2025-11-15T05:00:00Z,18.4,3.45,0.0,2.0,0.28,-0.52,2.3
2025-11-15T06:00:00Z,18.5,3.5,0.0,10.0,0.26,-0.53,1.5
2025-11-15T07:00:00Z,18.7,3.91,0.0,10.0,0.28,-0.3,0.8
2025-11-15T08:00:00Z,18.8,4.46,0.0,9.0,0.28,0.08,2.0
2025-11-15T09:00:00Z,18.9,4.67,0.0,12.0,0.3,0.52,2.7
2025-11-15T10:00:00Z,18.3,4.1,0.0,3.0,0.3,0.95,3.1
2025-11-15T11:00:00Z,18.4,4.16,0.0,5.0,0.28,1.3,2.5
2025-11-15T12:00:00Z,18.5,4.0,0.0,3.0,0.28,1.41,1.7
2025-11-15T13:00:00Z,18.7,3.76,0.0,1.0,0.28,1.21,0.0
2025-11-15T14:00:00Z,19.0,3.67,0.0,15.0,0.28,0.77,1.6
2025-11-15T15:00:00Z,19.1,3.45,0.0,33.0,0.28,0.25,2.7
2025-11-15T16:00:00Z,19.1,2.7,0.0,40.0,0.26,-0.24,3.4
2025-11-15T17:00:00Z,19.1,1.77,0.0,44.0,0.22,-0.65,3.4
2025-11-15T18:00:00Z,19.0,1.06,0.0,62.0,0.2,-0.85,2.9
2025-11-15T19:00:00Z,19.0,0.52,0.0,52.0,0.2,-0.77,1.5
2025-11-15T20:00:00Z,19.0,0.75,0.0,36.0,0.18,-0.46,0.4
2025-11-15T21:00:00Z,18.9,1.34,0.0,31.0,0.18,-0.03,1.8
2025-11-15T22:00:00Z,18.7,1.23,0.0,44.0,0.18,0.46,2.5
2025-11-15T23:00:00Z,18.7,1.84,0.0,52.0,0.16,0.93,2.7
2025-11-16T00:00:00Z,18.8,2.41,0.0,47.0,0.16,1.22,2.2
2025-11-16T01:00:00Z,18.8,2.65,0.0,45.0,0.16,1.22,0.9
2025-11-16T02:00:00Z,18.8,2.44,0.0,43.0,0.18,0.94,0.8
2025-11-16T03:00:00Z,19.0,2.11,0.0,33.0,0.18,0.51,2.0
2025-11-16T04:00:00Z,19.1,1.8,0.0,49.0,0.16,0.07,2.7
2025-11-16T05:00:00Z,19.3,1.52,0.0,36.0,0.16,-0.32,2.8
2025-11-16T06:00:00Z,19.5,1.2,0.0,43.0,0.14,-0.57,2.5
2025-11-16T07:00:00Z,19.5,1.45,0.0,33.0,0.16,-0.56,1.4
2025-11-16T08:00:00Z,19.4,2.09,0.0,31.0,0.18,-0.29,0.9
2025-11-16T09:00:00Z,19.3,2.41,0.0,39.0,0.2,0.13,2.5
2025-11-16T10:00:00Z,19.2,2.83,0.0,31.0,0.2,0.61,3.4
2025-11-16T11:00:00Z,19.2,3.02,0.0,33.0,0.22,1.09,3.6
2025-11-16T12:00:00Z,19.2,2.98,0.0,16.0,0.22,1.43,3.3
2025-11-16T13:00:00Z,19.3,2.98,0.0,31.0,0.22,1.47,2.0
2025-11-16T14:00:00Z,19.3,3.06,0.0,43.0,0.24,1.19,0.2
2025-11-16T15:00:00Z,19.3,3.34,0.0,31.0,0.24,0.67,1.6
2025-11-16T16:00:00Z,19.2,3.96,0.0,26.0,0.26,0.11,2.9
2025-11-16T17:00:00Z,19.2,4.39,0.0,41.0,0.26,-0.4,3.4
2025-11-16T18:00:00Z,19.1,4.76,0.0,43.0,0.28,-0.77,3.1
2025-11-16T19:00:00Z,19.0,5.06,0.0,66.0,0.36,-0.89,2.3
2025-11-16T20:00:00Z,18.9,5.82,0.1,52.0,0.46,-0.67,1.1
2025-11-16T21:00:00Z,18.7,6.77,0.1,35.0,0.54,-0.21,2.4
2025-11-16T22:00:00Z,18.1,7.99,0.4,48.0,0.72,0.34,4.0
2025-11-16T23:00:00Z,17.4,10.0,0.4,71.0,0.92,0.97,4.9
2025-11-17T00:00:00Z,17.3,12.34,0.3,100.0,1.1,1.53,5.1
2025-11-17T01:00:00Z,17.0,13.69,0.3,100.0,1.36,1.85,4.3
2025-11-17T02:00:00Z,16.8,13.96,0.2,100.0,1.6,1.79,2.8
2025-11-17T03:00:00Z,16.3,13.95,0.2,100.0,1.86,1.39,1.2
2025-11-17T04:00:00Z,16.0,13.71,0.1,100.0,1.86,0.86,1.8
2025-11-17T05:00:00Z,15.9,13.51,0.0,100.0,1.88,0.34,2.7
2025-11-17T06:00:00Z,15.6,13.37,0.1,100.0,1.88,-0.09,3.0
2025-11-17T07:00:00Z,15.2,13.6,0.3,100.0,1.8,-0.33,2.7
2025-11-17T08:00:00Z,14.9,13.5,0.4,100.0,1.74,-0.28,1.7
2025-11-17T09:00:00Z,14.7,13.4,0.1,100.0,1.66,0.03,1.7
2025-11-17T10:00:00Z,13.9,12.24,0.1,100.0,1.6,0.49,2.7
2025-11-17T11:00:00Z,13.5,12.54,0.1,100.0,1.56,0.99,3.3
2025-11-17T12:00:00Z,13.2,12.85,0.2,100.0,1.5,1.42,3.1
2025-11-17T13:00:00Z,12.9,12.63,0.2,100.0,1.48,1.66,2.2
2025-11-17T14:00:00Z,12.5,12.69,0.1,100.0,1.44,1.56,0.9
2025-11-17T15:00:00Z,12.0,12.84,0.2,100.0,1.42,1.11,1.7
2025-11-17T16:00:00Z,11.5,12.85,0.1,100.0,1.44,0.48,3.5
2025-11-17T17:00:00Z,10.9,12.34,0.1,100.0,1.48,-0.16,4.3
2025-11-17T18:00:00Z,10.3,12.0,0.0,100.0,1.5,-0.68,4.5
2025-11-17T19:00:00Z,9.9,11.97,0.0,100.0,1.52,-1.02,4.0
2025-11-17T20:00:00Z,9.8,11.97,0.0,88.0,1.56,-1.04,2.8
2025-11-17T21:00:00Z,9.6,11.66,0.0,89.0,1.58,-0.72,1.3
2025-11-17T22:00:00Z,9.1,10.67,0.0,92.0,1.56,-0.17,2.5
2025-11-17T23:00:00Z,8.9,11.86,0.0,55.0,1.54,0.47,3.8
2025-11-18T00:00:00Z,8.8,11.79,0.0,47.0,1.52,1.09,4.3
2025-11-18T01:00:00Z,8.7,11.47,0.0,85.0,1.44,1.56,3.8
2025-11-18T02:00:00Z,8.8,10.85,0.0,51.0,1.38,1.69,2.4
2025-11-18T03:00:00Z,8.9,10.07,0.0,36.0,1.3,1.43,0.6
2025-11-18T04:00:00Z,9.0,9.76,0.0,38.0,1.22,0.9,1.9
2025-11-18T05:00:00Z,9.3,9.6,0.0,78.0,1.12,0.27,3.3
2025-11-18T06:00:00Z,9.5,9.57,0.0,78.0,1.04,-0.29,4.0
2025-11-18T07:00:00Z,9.8,9.57,0.0,72.0,1.04,-0.71,3.8
2025-11-18T08:00:00Z,9.9,9.76,0.0,87.0,1.06,-0.92,3.0
2025-11-18T09:00:00Z,9.9,10.15,0.0,99.0,1.06,-0.79,1.4
2025-11-18T10:00:00Z,9.8,9.04,0.0,99.0,1.1,-0.4,1.2
2025-11-18T11:00:00Z,9.5,9.74,0.0,100.0,1.12,0.11,2.7
2025-11-18T12:00:00Z,9.3,10.52,0.0,97.0,1.16,0.61,3.2
2025-11-18T13:00:00Z,9.0,10.89,0.0,97.0,1.2,1.02,3.1
2025-11-18T14:00:00Z,8.7,11.0,0.0,98.0,1.22,1.17,2.0
2025-11-18T15:00:00Z,8.5,11.17,0.0,95.0,1.26,0.96,0.3
2025-11-18T16:00:00Z,8.3,10.89,0.0,93.0,1.26,0.46,1.7
2025-11-18T17:00:00Z,8.2,10.68,0.0,91.0,1.24,-0.17,3.1
2025-11-18T18:00:00Z,8.2,10.39,0.0,90.0,1.24,-0.74,3.7
2025-11-18T19:00:00Z,8.2,9.92,0.0,100.0,1.22,-1.16,3.5
2025-11-18T20:00:00Z,8.2,9.57,0.0,97.0,1.22,-1.36,2.7
2025-11-18T21:00:00Z,8.2,9.56,0.0,98.0,1.2,-1.22,1.3
2025-11-18T22:00:00Z,8.6,9.35,0.0,96.0,1.18,-0.73,2.0
2025-11-18T23:00:00Z,8.6,9.49,0.0,97.0,1.14,-0.05,4.0
2025-11-19T00:00:00Z,8.7,9.22,0.0,94.0,1.12,0.64,4.9
2025-11-19T01:00:00Z,8.7,8.86,0.0,82.0,1.06,1.27,4.9
2025-11-19T02:00:00Z,8.8,8.65,0.0,62.0,1.02,1.67,4.0
2025-11-19T03:00:00Z,9.0,8.25,0.0,34.0,0.96,1.69,2.0
2025-11-19T04:00:00Z,9.3,7.75,0.0,38.0,0.86,1.33,0.3
2025-11-19T05:00:00Z,9.7,7.6,0.0,1.0,0.76,0.74,2.2
2025-11-19T06:00:00Z,10.1,7.36,0.0,0.0,0.66,0.12,3.4
2025-11-19T07:00:00Z,10.5,7.37,0.0,0.0,0.64,-0.42,3.8
2025-11-19T08:00:00Z,10.8,7.51,0.0,0.0,0.6,-0.79,3.5
2025-11-19T09:00:00Z,10.9,7.71,0.0,0.0,0.58,-0.9,2.4
2025-11-19T10:00:00Z,10.9,7.45,0.0,0.0,0.62,-0.67,0.6
2025-11-19T11:00:00Z,10.8,7.21,0.0,0.0,0.66,-0.19,2.0
2025-11-19T12:00:00Z,10.7,7.08,0.0,0.0,0.7,0.34,3.2
2025-11-19T13:00:00Z,10.6,6.84,0.0,0.0,0.68,0.83,3.4
2025-11-19T14:00:00Z,10.5,6.58,0.0,0.0,0.64,1.15,2.7
2025-11-19T15:00:00Z,10.4,6.35,0.0,0.0,0.62,1.16,1.3
2025-11-19T16:00:00Z,10.3,6.24,0.0,0.0,0.6,0.82,0.7
2025-11-19T17:00:00Z,10.3,6.2,0.0,4.0,0.6,0.24,2.5
2025-11-19T18:00:00Z,10.3,6.23,0.0,2.0,0.58,-0.39,3.6
2025-11-19T19:00:00Z,10.3,6.38,0.0,0.0,0.58,-0.91,3.8
2025-11-19T20:00:00Z,10.3,6.58,0.0,0.0,0.58,-1.22,3.1
2025-11-19T21:00:00Z,10.3,6.59,0.0,0.0,0.58,-1.26,1.9
2025-11-19T22:00:00Z,10.7,6.34,0.0,0.0,0.56,-0.94,1.0
2025-11-19T23:00:00Z,10.7,5.8,0.0,0.0,0.54,-0.3,3.3
2025-11-20T00:00:00Z,10.8,5.44,0.0,0.0,0.52,0.48,5.0
2025-11-20T01:00:00Z,10.9,5.31,0.0,0.0,0.5,1.2,5.4
2025-11-20T02:00:00Z,10.9,5.05,0.0,0.0,0.46,1.76,4.9
2025-11-20T03:00:00Z,11.0,4.6,0.0,0.0,0.44,2.01,3.2
2025-11-20T04:00:00Z,11.1,4.3,0.0,0.0,0.4,1.86,1.1
2025-11-20T05:00:00Z,11.3,4.21,0.0,0.0,0.36,1.35,1.4
2025-11-20T06:00:00Z,11.5,3.92,0.0,0.0,0.32,0.67,3.4
2025-11-20T07:00:00Z,11.8,3.47,0.0,0.0,0.28,0.02,4.3
2025-11-20T08:00:00Z,12.0,3.09,0.0,0.0,0.26,-0.49,4.1
2025-11-20T09:00:00Z,12.2,2.84,0.0,0.0,0.22,-0.8,3.5
2025-11-20T10:00:00Z,12.8,2.93,0.0,0.0,0.18,-0.8,1.9
2025-11-20T11:00:00Z,13.0,3.24,0.0,0.0,0.16,-0.46,1.3
2025-11-20T12:00:00Z,13.2,3.76,0.0,0.0,0.12,0.08,2.9
2025-11-20T13:00:00Z,13.2,4.15,0.0,0.0,0.12,0.6,3.8
2025-11-20T14:00:00Z,13.2,4.02,0.0,0.0,0.14,1.0,3.6
2025-11-20T15:00:00Z,13.1,3.92,0.0,4.0,0.14,1.18,2.3
2025-11-20T16:00:00Z,13.0,4.09,0.0,26.0,0.16,1.03,0.7
2025-11-20T17:00:00Z,13.0,4.17,0.0,57.0,0.18,0.57,1.3
2025-11-20T18:00:00Z,12.9,4.38,0.0,42.0,0.2,-0.06,2.7
2025-11-20T19:00:00Z,12.9,5.01,0.0,1.0,0.24,-0.66,3.6
2025-11-20T20:00:00Z,12.9,5.52,0.0,0.0,0.28,-1.08,3.3
2025-11-20T21:00:00Z,12.9,5.82,0.0,0.0,0.32,-1.28,2.3
2025-11-20T22:00:00Z,13.2,5.7,0.0,0.0,0.36,-1.17,1.2
2025-11-20T23:00:00Z,13.2,5.62,0.0,0.0,0.38,-0.7,2.0
2025-11-21T00:00:00Z,13.3,5.48,0.0,0.0,0.42,0.04,4.2
2025-11-21T01:00:00Z,13.3,5.18,0.0,0.0,0.42,0.82,5.6
2025-11-21T02:00:00Z,13.2,5.25,0.0,0.0,0.4,1.45,5.4
2025-11-21T03:00:00Z,13.2,5.15,0.0,0.0,0.4,1.86,4.1
2025-11-21T04:00:00Z,13.4,4.94,0.0,0.0,0.38,1.94,2.3
2025-11-21T05:00:00Z,13.6,4.63,0.0,0.0,0.36,1.64,0.0
2025-11-21T06:00:00Z,14.0,4.42,0.0,0.0,0.34,1.06,2.2
2025-11-21T07:00:00Z,14.3,4.2,0.0,0.0,0.32,0.38,3.6
2025-11-21T08:00:00Z,14.6,4.01,0.0,0.0,0.28,-0.22,4.2
2025-11-21T09:00:00Z,14.7,4.1,0.0,0.0,0.26,-0.63,3.7
2025-11-21T10:00:00Z,14.9,3.67,0.0,0.0,0.24,-0.81,2.4
2025-11-21T11:00:00Z,14.9,3.83,0.0,0.0,0.24,-0.67,0.8
2025-11-21T12:00:00Z,14.8,4.0,0.0,0.0,0.22,-0.22,2.0
2025-11-21T13:00:00Z,14.7,3.59,0.0,0.0,0.22,0.34,3.6
2025-11-21T14:00:00Z,14.6,2.93,0.0,0.0,0.24,0.81,4.0
2025-11-21T15:00:00Z,14.5,2.53,0.0,0.0,0.24,1.08,3.1
2025-11-21T16:00:00Z,14.4,2.55,0.0,0.0,0.22,1.1,1.7
2025-11-21T17:00:00Z,14.2,2.72,0.0,0.0,0.2,0.81,0.5
2025-11-21T18:00:00Z,14.1,3.03,0.0,0.0,0.18,0.27,2.2
2025-11-21T19:00:00Z,14.0,3.51,0.0,0.0,0.18,-0.37,3.4
2025-11-21T20:00:00Z,13.9,3.8,0.0,0.0,0.18,-0.89,3.8
2025-11-21T21:00:00Z,13.8,3.71,0.0,0.0,0.18,-1.21,3.1
2025-11-21T22:00:00Z,14.1,3.3,0.0,0.0,0.18,-1.26,1.6
2025-11-21T23:00:00Z,14.0,2.95,0.0,0.0,0.18,-1.0,1.0
2025-11-22T00:00:00Z,14.1,2.63,0.0,0.0,0.18,-0.39,3.1
2025-11-22T01:00:00Z,14.1,2.5,0.0,0.0,0.16,0.41,5.2
2025-11-22T02:00:00Z,14.2,2.4,0.0,0.0,0.16,1.14,5.9
2025-11-22T03:00:00Z,14.2,1.85,0.0,0.0,0.14,1.66,5.2
2025-11-22T04:00:00Z,14.1,1.59,0.0,0.0,0.12,1.89,3.6
2025-11-22T05:00:00Z,14.1,1.63,0.0,0.0,0.1,1.79,1.5
2025-11-22T06:00:00Z,14.1,1.32,0.0,0.0,0.08,1.36,0.8
2025-11-22T07:00:00Z,14.2,1.23,0.0,0.0,0.08,0.72,2.7
2025-11-22T08:00:00Z,14.2,1.33,0.0,0.0,0.08,0.06,3.8
2025-11-22T09:00:00Z,14.2,1.43,0.0,0.0,0.08,-0.47,4.0
2025-11-22T10:00:00Z,14.4,1.95,0.0,0.0,0.06,-0.79,3.1
2025-11-22T11:00:00Z,14.5,2.5,0.0,0.0,0.06,-0.86,1.6
2025-11-22T12:00:00Z,14.6,2.73,0.0,0.0,0.04,-0.6,0.4
2025-11-22T13:00:00Z,14.7,2.71,0.0,0.0,0.06,-0.09,2.4
2025-11-22T14:00:00Z,14.7,2.87,0.0,0.0,0.1,0.43,3.5
2025-11-22T15:00:00Z,14.8,3.28,0.0,0.0,0.12,0.78,3.4
2025-11-22T16:00:00Z,15.0,3.98,0.0,0.0,0.1,0.91,2.3
2025-11-22T17:00:00Z,15.1,4.6,0.0,0.0,0.1,0.8,1.3
2025-11-22T18:00:00Z,15.2,4.87,0.0,0.0,0.08,0.44,1.7
2025-11-22T19:00:00Z,15.3,5.21,0.0,0.0,0.14,-0.1,3.0
2025-11-22T20:00:00Z,15.3,5.21,0.0,0.0,0.22,-0.66,3.8
2025-11-22T21:00:00Z,15.4,5.16,0.0,0.0,0.28,-1.07,3.6
2025-11-22T22:00:00Z,15.8,4.91,0.0,0.0,0.26,-1.25,2.5
2025-11-22T23:00:00Z,15.9,4.9,0.0,0.0,0.22,-1.15,0.9
2025-11-23T00:00:00Z,16.0,4.86,0.0,0.0,0.2,-0.75,1.3
2025-11-23T01:00:00Z,16.1,4.41,0.0,0.0,0.2,-0.05,3.4
2025-11-23T02:00:00Z,16.1,3.86,0.0,0.0,0.18,0.72,4.9
2025-11-23T03:00:00Z,16.2,3.18,0.0,0.0,0.18,1.34,4.9
2025-11-23T04:00:00Z,16.2,2.66,0.0,0.0,0.16,1.7,3.7
2025-11-23T05:00:00Z,16.4,2.52,0.0,0.0,0.12,1.79,1.9
2025-11-23T06:00:00Z,16.6,2.27,0.0,0.0,0.1,1.58,0.7
2025-11-23T07:00:00Z,16.8,2.67,0.0,0.0,0.1,1.09,2.4
2025-11-23T08:00:00Z,16.9,3.65,0.0,0.0,0.08,0.47,3.8
2025-11-23T09:00:00Z,17.0,3.36,0.0,10.0,0.08,-0.12,4.5
2025-11-23T10:00:00Z,16.7,2.66,0.0,13.0,0.08,-0.54,4.1
2025-11-23T11:00:00Z,16.7,3.43,0.0,0.0,0.06,-0.74,3.1
2025-11-23T12:00:00Z,16.7,3.79,0.0,0.0,0.06,-0.67,1.3
2025-11-23T13:00:00Z,16.7,3.61,0.0,10.0,0.08,-0.32,0.7
2025-11-23T14:00:00Z,16.7,3.5,0.0,22.0,0.1,0.19,2.4
2025-11-23T15:00:00Z,16.6,3.2,0.0,20.0,0.12,0.61,3.0
2025-11-23T16:00:00Z,16.6,2.81,0.0,20.0,0.1,0.83,2.2
2025-11-23T17:00:00Z,16.5,2.38,0.0,16.0,0.08,0.83,1.0
2025-11-23T18:00:00Z,16.4,2.3,0.0,10.0,0.06,0.62,1.5
2025-11-23T19:00:00Z,16.3,2.26,0.0,0.0,0.06,0.21,2.8
2025-11-23T20:00:00Z,16.1,2.09,0.0,0.0,0.08,-0.3,4.0
2025-11-23T21:00:00Z,16.0,2.29,0.0,6.0,0.08,-0.78,4.3
2025-11-23T22:00:00Z,16.1,3.18,0.0,42.0,0.08,-1.08,3.8
2025-11-23T23:00:00Z,15.8,3.93,0.0,54.0,0.06,-1.13,2.6
2025-11-24T00:00:00Z,15.7,4.33,0.0,53.0,0.06,-0.92,1.0
2025-11-24T01:00:00Z,15.5,4.15,0.0,80.0,0.1,-0.42,1.6
2025-11-24T02:00:00Z,15.4,4.16,0.0,97.0,0.16,0.29,3.4
2025-11-24T03:00:00Z,15.4,5.07,0.0,86.0,0.2,0.98,4.3
2025-11-24T04:00:00Z,15.4,5.1,0.0,88.0,0.24,1.44,3.6
2025-11-24T05:00:00Z,15.6,5.02,0.0,91.0,0.28,1.65,2.0
2025-11-24T06:00:00Z,15.8,4.99,0.0,99.0,0.32,1.61,0.3
2025-11-24T07:00:00Z,16.0,5.06,0.0,100.0,0.34,1.33,1.6
2025-11-24T08:00:00Z,16.3,5.37,0.0,100.0,0.34,0.85,3.2
2025-11-24T09:00:00Z,16.5,5.72,0.0,95.0,0.36,0.28,4.5
2025-11-24T10:00:00Z,17.1,5.76,0.0,78.0,0.36,-0.21,4.9
2025-11-24T11:00:00Z,17.0,6.14,0.0,59.0,0.36,-0.51,4.2
2025-11-24T12:00:00Z,16.9,6.83,0.0,63.0,0.36,-0.61,3.1
2025-11-24T13:00:00Z,16.8,7.34,0.0,82.0,0.46,-0.47,1.5
2025-11-24T14:00:00Z,16.6,7.92,0.0,35.0,0.54,-0.09,0.4
2025-11-24T15:00:00Z,16.1,9.16,0.0,3.0,0.64,0.35,1.5
2025-11-24T16:00:00Z,15.3,10.38,0.0,0.0,0.7,0.63,1.5
2025-11-24T17:00:00Z,14.5,11.0,0.0,0.0,0.78,0.69,0.6
2025-11-24T18:00:00Z,13.9,10.82,0.0,0.0,0.84,0.59,0.7
2025-11-24T19:00:00Z,13.4,11.35,0.0,0.0,0.94,0.34,2.0
2025-11-24T20:00:00Z,12.9,11.46,0.0,0.0,1.02,-0.06,2.7
2025-11-24T21:00:00Z,12.4,11.49,0.0,0.0,1.12,-0.51,3.3
2025-11-24T22:00:00Z,12.3,11.39,0.0,0.0,1.16,-0.88,3.0
2025-11-24T23:00:00Z,11.9,11.12,0.0,0.0,1.18,-1.05,2.3
2025-11-25T00:00:00Z,11.6,10.99,0.0,0.0,1.22,-0.99,1.1
2025-11-25T01:00:00Z,11.3,10.87,0.0,0.0,1.16,-0.68,2.1
2025-11-25T02:00:00Z,11.2,10.29,0.0,0.0,1.12,-0.14,3.9
2025-11-25T03:00:00Z,11.3,9.9,0.0,0.0,1.06,0.55,5.2
2025-11-25T04:00:00Z,11.6,9.97,0.0,0.0,1.02,1.15,5.6
2025-11-25T05:00:00Z,11.9,10.06,0.0,0.0,1.0,1.5,4.7
2025-11-25T06:00:00Z,12.2,10.04,0.0,0.0,0.96,1.63,3.1
2025-11-25T07:00:00Z,12.3,9.78,0.0,0.0,0.92,1.54,1.3
2025-11-25T08:00:00Z,12.2,9.55,0.0,0.0,0.9,1.25,0.6
2025-11-25T09:00:00Z,12.0,9.17,0.0,0.0,0.86,0.78,2.0
2025-11-25T10:00:00Z,11.9,7.73,0.0,0.0,0.82,0.28,2.9
2025-11-25T11:00:00Z,11.5,7.02,0.0,0.0,0.78,-0.12,3.1
2025-11-25T12:00:00Z,11.2,6.39,0.0,0.0,0.74,-0.33,2.2
2025-11-25T13:00:00Z,11.0,5.85,0.0,0.0,0.66,-0.35,0.9
2025-11-25T14:00:00Z,10.8,5.09,0.0,0.0,0.58,-0.16,0.9
2025-11-25T15:00:00Z,10.6,4.29,0.0,0.0,0.5,0.21,2.4
2025-11-25T16:00:00Z,10.4,3.73,0.0,0.0,0.44,0.58,3.1
2025-11-25T17:00:00Z,10.4,3.32,0.0,0.0,0.36,0.78,2.5
2025-11-25T18:00:00Z,10.3,3.08,0.0,0.0,0.3,0.76,1.1
2025-11-25T19:00:00Z,10.3,3.08,0.0,0.0,0.28,0.59,0.4
2025-11-25T20:00:00Z,10.3,3.24,0.0,0.0,0.24,0.28,1.8
2025-11-25T21:00:00Z,10.3,3.33,0.0,0.0,0.22,-0.14,2.9
2025-11-25T22:00:00Z,11.2,2.84,0.0,0.0,0.2,-0.59,3.7
2025-11-25T23:00:00Z,11.2,2.58,0.0,0.0,0.18,-0.93,3.6
2025-11-26T00:00:00Z,11.3,2.25,0.0,0.0,0.16,-1.05,2.8
2025-11-26T01:00:00Z,11.5,2.07,0.0,0.0,0.16,-0.94,1.5
2025-11-26T02:00:00Z,11.6,2.04,0.0,0.0,0.14,-0.62,1.3
2025-11-26T03:00:00Z,11.7,1.82,0.0,0.0,0.14,-0.09,2.6
2025-11-26T04:00:00Z,11.8,0.7,0.0,0.0,0.14,0.51,3.6
2025-11-26T05:00:00Z,11.8,0.25,0.0,0.0,0.12,0.97,3.6
2025-11-26T06:00:00Z,11.9,0.78,0.0,0.0,0.12,1.19,2.5
2025-11-26T07:00:00Z,12.1,1.7,0.0,0.0,0.12,1.22,0.9
2025-11-26T08:00:00Z,12.2,2.15,0.0,0.0,0.12,1.08,0.5
2025-11-26T09:00:00Z,12.3,1.73,0.0,0.0,0.12,0.76,2.0
2025-11-26T10:00:00Z,12.6,1.52,0.0,0.0,0.12,0.31,3.1
2025-11-26T11:00:00Z,12.8,2.78,0.0,0.0,0.12,-0.14,3.8
2025-11-26T12:00:00Z,13.1,3.45,0.0,0.0,0.12,-0.47,3.6
2025-11-26T13:00:00Z,13.3,3.98,0.0,0.0,0.14,-0.62,2.7
2025-11-26T14:00:00Z,13.6,4.62,0.0,0.0,0.18,-0.6,1.5
2025-11-26T15:00:00Z,13.8,5.24,0.0,0.0,0.2,-0.41,0.2
2025-11-26T16:00:00Z,13.9,5.97,0.0,0.0,0.3,-0.07,1.1
2025-11-26T17:00:00Z,14.0,6.43,0.0,0.0,0.4,0.24,1.6
2025-11-26T18:00:00Z,14.2,6.74,0.0,4.0,0.5,0.37,1.2
2025-11-26T19:00:00Z,14.3,7.28,0.0,20.0,0.54,0.33,0.9
2025-11-26T20:00:00Z,14.4,8.16,0.0,26.0,0.6,0.19,2.1
2025-11-26T21:00:00Z,14.4,9.01,0.0,0.0,0.64,-0.07,3.1
2025-11-26T22:00:00Z,14.2,10.63,0.0,0.0,0.68,-0.43,4.0
2025-11-26T23:00:00Z,13.2,10.47,0.0,0.0,0.74,-0.79,4.5
2025-11-27T00:00:00Z,12.8,9.6,0.0,0.0,0.78,-1.04,4.0
2025-11-27T01:00:00Z,12.5,9.55,0.0,0.0,0.84,-1.05,2.8
2025-11-27T02:00:00Z,12.2,9.51,0.0,0.0,0.88,-0.85,1.3
2025-11-27T03:00:00Z,12.0,9.67,0.0,0.0,0.94,-0.45,1.3
2025-11-27T04:00:00Z,11.9,10.15,0.0,0.0,0.92,0.09,2.8
2025-11-27T05:00:00Z,12.0,10.07,0.0,0.0,0.92,0.64,3.8
2025-11-27T06:00:00Z,12.2,9.93,0.0,0.0,0.9,1.07,3.8
2025-11-27T07:00:00Z,12.3,10.1,0.0,0.0,0.92,1.29,2.9
2025-11-27T08:00:00Z,12.3,10.08,0.0,0.0,0.94,1.32,1.7
2025-11-27T09:00:00Z,12.1,9.9,0.0,0.0,0.96,1.19,0.5
2025-11-27T10:00:00Z,12.0,8.95,0.0,0.0,0.9,0.9,0.6
2025-11-27T11:00:00Z,11.6,8.31,0.0,0.0,0.86,0.49,1.6
2025-11-27T12:00:00Z,11.2,8.14,0.0,0.0,0.8,0.08,2.0
2025-11-27T13:00:00Z,10.9,7.77,0.0,0.0,0.74,-0.19,1.7
2025-11-27T14:00:00Z,10.6,7.14,0.0,0.0,0.7,-0.3,0.8
2025-11-27T15:00:00Z,10.4,6.42,0.0,0.0,0.64,-0.27,0.5
2025-11-27T16:00:00Z,10.1,5.72,0.0,0.0,0.6,-0.06,1.7
2025-11-27T17:00:00Z,9.9,5.27,0.0,0.0,0.54,0.29,2.9
2025-11-27T18:00:00Z,9.8,5.0,0.0,0.0,0.5,0.59,3.3
2025-11-27T19:00:00Z,9.7,4.92,0.0,0.0,0.48,0.73,2.7
2025-11-27T20:00:00Z,9.6,4.75,0.0,0.0,0.44,0.76,1.7
2025-11-27T21:00:00Z,9.6,4.29,0.0,0.0,0.42,0.68,0.6
2025-11-27T22:00:00Z,10.5,3.18,0.0,0.0,0.36,0.47,0.5
2025-11-27T23:00:00Z,10.5,2.45,0.0,0.0,0.3,0.15,1.7
2025-11-28T00:00:00Z,10.6,2.4,0.0,0.0,0.24,-0.19,2.3
2025-11-28T01:00:00Z,10.8,1.67,0.0,0.0,0.22,-0.43,2.3
2025-11-28T02:00:00Z,11.0,0.81,0.0,0.0,0.18,-0.5,1.5
2025-11-28T03:00:00Z,11.0,0.74,0.0,0.0,0.16,-0.41,0.8
2025-11-28T04:00:00Z,11.1,1.36,0.0,0.0,0.14,-0.15,1.2
2025-11-28T05:00:00Z,11.2,1.8,0.0,0.0,0.12,0.25,2.0
2025-11-28T06:00:00Z,11.4,1.75,0.0,0.0,0.1,0.67,2.5
2025-11-28T07:00:00Z,11.6,1.84,0.0,0.0,0.1,0.95,2.3
2025-11-28T08:00:00Z,11.9,2.53,0.0,0.0,0.12,1.06,1.3
2025-11-28T09:00:00Z,12.2,3.56,0.0,0.0,0.12,1.05,0.5
2025-11-28T10:00:00Z,12.7,4.84,0.0,0.0,0.18,0.9,1.3
2025-11-28T11:00:00Z,13.0,5.93,0.0,0.0,0.24,0.58,2.4
2025-11-28T12:00:00Z,13.2,6.88,0.0,0.0,0.3,0.15,3.4
2025-11-28T13:00:00Z,13.5,7.79,0.0,0.0,0.38,-0.27,4.0
2025-11-28T14:00:00Z,13.6,8.1,0.0,0.0,0.48,-0.58,3.8
2025-11-28T15:00:00Z,13.8,7.97,0.0,0.0,0.56,-0.74,2.9
2025-11-28T16:00:00Z,13.8,7.85,0.0,0.0,0.56,-0.76,2.0
2025-11-28T17:00:00Z,13.9,7.86,0.0,0.0,0.54,-0.57,0.9
2025-11-28T18:00:00Z,13.9,7.91,0.0,0.0,0.54,-0.25,1.0
2025-11-28T19:00:00Z,13.9,7.76,0.0,0.0,0.54,0.05,1.5
2025-11-28T20:00:00Z,14.0,7.66,0.0,0.0,0.54,0.21,1.2
2025-11-28T21:00:00Z,14.0,7.61,0.0,0.0,0.54,0.29,1.1
2025-11-28T22:00:00Z,14.1,7.81,0.0,0.0,0.52,0.28,1.5
2025-11-28T23:00:00Z,14.1,7.88,0.0,0.0,0.5,0.14,2.2
2025-11-29T00:00:00Z,14.2,7.84,0.0,0.0,0.48,-0.12,2.8
2025-11-29T01:00:00Z,14.4,7.69,0.0,0.0,0.48,-0.42,3.2
2025-11-29T02:00:00Z,14.6,7.63,0.0,0.0,0.48,-0.64,3.1
2025-11-29T03:00:00Z,14.9,7.43,0.0,0.0,0.48,-0.71,2.3
2025-11-29T04:00:00Z,15.3,7.2,0.0,0.0,0.44,-0.64,1.3
2025-11-29T05:00:00Z,15.7,6.69,0.0,0.0,0.38,-0.39,0.2
2025-11-29T06:00:00Z,16.0,6.11,0.0,0.0,0.34,0.02,1.4
2025-11-29T07:00:00Z,16.2,5.61,0.0,0.0,0.3,0.45,2.3
2025-11-29T08:00:00Z,16.3,5.67,0.0,0.0,0.28,0.76,2.3
2025-11-29T09:00:00Z,16.3,6.27,0.0,0.0,0.24,0.94,1.7
2025-11-29T10:00:00Z,16.4,6.55,0.0,0.0,0.28,1.0,1.3
2025-11-29T11:00:00Z,16.3,6.75,0.0,0.0,0.3,0.88,1.5
2025-11-29T12:00:00Z,16.2,6.81,0.0,0.0,0.34,0.58,2.4
2025-11-29T13:00:00Z,16.2,6.82,0.0,0.0,0.34,0.16,3.1
2025-11-29T14:00:00Z,16.1,7.01,0.0,0.0,0.36,-0.26,3.6
2025-11-29T15:00:00Z,16.0,6.85,0.0,0.0,0.36,-0.57,3.3
2025-11-29T16:00:00Z,16.0,6.71,0.0,15.0,0.34,-0.71,2.2
2025-11-29T17:00:00Z,15.9,6.62,0.0,29.0,0.34,-0.68,1.0
2025-11-29T18:00:00Z,15.9,6.38,0.0,7.0,0.32,-0.42,1.0
2025-11-29T19:00:00Z,15.9,5.9,0.0,1.0,0.3,-0.01,2.3
2025-11-29T20:00:00Z,15.9,5.19,0.0,4.0,0.3,0.39,3.1
2025-11-29T21:00:00Z,15.9,4.6,0.0,7.0,0.28,0.68,3.0
2025-11-29T22:00:00Z,15.9,4.1,0.0,20.0,0.26,0.88,2.3
2025-11-29T23:00:00Z,15.8,4.5,0.0,29.0,0.24,0.96,1.4
2025-11-30T00:00:00Z,15.8,4.92,0.0,68.0,0.22,0.84,0.7
2025-11-30T01:00:00Z,15.9,4.89,0.0,52.0,0.22,0.56,1.5
2025-11-30T02:00:00Z,16.0,4.52,0.0,47.0,0.2,0.2,2.2
2025-11-30T03:00:00Z,16.1,3.83,0.0,56.0,0.2,-0.08,2.5
2025-11-30T04:00:00Z,16.3,3.05,0.0,44.0,0.18,-0.25,2.2
2025-11-30T05:00:00Z,16.3,2.19,0.0,36.0,0.16,-0.26,1.3
2025-11-30T06:00:00Z,16.4,1.36,0.0,24.0,0.14,-0.08,0.5
2025-11-30T07:00:00Z,16.4,0.39,0.0,14.0,0.12,0.3,1.5
2025-11-30T08:00:00Z,16.4,0.9,0.0,16.0,0.12,0.71,2.3
2025-11-30T09:00:00Z,16.4,2.0,0.0,3.0,0.1,1.03,2.3
2025-11-30T10:00:00Z,16.1,2.4,0.0,0.0,0.08,1.21,1.6
2025-11-30T11:00:00Z,16.1,2.75,0.0,4.0,0.08,1.26,0.6
2025-11-30T12:00:00Z,16.2,2.98,0.0,68.0,0.06,1.1,0.7
2025-11-30T13:00:00Z,16.2,2.85,0.0,91.0,0.06,0.72,2.2
2025-11-30T14:00:00Z,16.2,2.38,0.0,94.0,0.08,0.2,3.4
2025-11-30T15:00:00Z,16.1,1.86,0.0,92.0,0.08,-0.31,3.8
2025-11-30T16:00:00Z,16.0,1.3,0.0,89.0,0.08,-0.69,3.6
2025-11-30T17:00:00Z,16.0,2.2,0.0,75.0,0.06,-0.89,2.7
2025-11-30T18:00:00Z,15.7,3.73,0.0,33.0,0.06,-0.85,1.4
2025-11-30T19:00:00Z,15.5,4.79,0.0,9.0,0.12,-0.54,0.8
2025-11-30T20:00:00Z,15.4,5.19,0.0,3.0,0.16,-0.04,2.5
2025-11-30T21:00:00Z,15.3,5.45,0.0,1.0,0.22,0.42,3.4
2025-11-30T22:00:00Z,15.6,6.77,0.0,0.0,0.28,0.81,3.4
2025-11-30T23:00:00Z,15.6,7.47,0.0,0.0,0.36,1.1,2.9
2025-12-01T00:00:00Z,15.8,7.67,0.0,1.0,0.42,1.2,1.8
2025-12-01T01:00:00Z,15.9,7.73,0.0,0.0,0.46,1.04,0.8
2025-12-01T02:00:00Z,16.0,7.47,0.0,27.0,0.5,0.69,1.3
2025-12-01T03:00:00Z,15.9,7.03,0.0,41.0,0.54,0.26,2.1
2025-12-01T04:00:00Z,15.9,6.25,0.0,0.0,0.52,-0.11,2.1
2025-12-01T05:00:00Z,15.8,5.75,0.0,1.0,0.48,-0.33,1.8
2025-12-01T06:00:00Z,15.8,5.99,0.0,0.0,0.46,-0.38,1.2
2025-12-01T07:00:00Z,15.7,6.79,0.0,0.0,0.5,-0.19,1.5
2025-12-01T08:00:00Z,15.6,7.67,0.0,1.0,0.54,0.21,2.8
2025-12-01T09:00:00Z,15.6,8.35,0.0,1.0,0.58,0.68,4.0
2025-12-01T10:00:00Z,15.8,8.1,0.0,48.0,0.58,1.06,4.1
2025-12-01T11:00:00Z,15.8,7.92,0.0,14.0,0.6,1.34,3.6
2025-12-01T12:00:00Z,15.9,7.59,0.0,17.0,0.6,1.44,2.3
2025-12-01T13:00:00Z,15.8,6.98,0.0,13.0,0.62,1.25,0.7
2025-12-01T14:00:00Z,15.8,6.69,0.0,14.0,0.62,0.79,1.2
2025-12-01T15:00:00Z,15.7,6.31,0.0,13.0,0.64,0.18,2.6
2025-12-01T16:00:00Z,15.6,6.06,0.0,21.0,0.62,-0.4,3.4
2025-12-01T17:00:00Z,15.5,6.1,0.0,38.0,0.62,-0.82,3.2
2025-12-01T18:00:00Z,15.5,5.94,0.0,12.0,0.6,-1.02,2.2
2025-12-01T19:00:00Z,15.4,6.2,0.0,13.0,0.6,-0.94,1.0
2025-12-01T20:00:00Z,15.2,6.75,0.0,9.0,0.6,-0.52,2.1
2025-12-01T21:00:00Z,15.1,7.27,0.0,7.0,0.6,0.09,4.0
2025-12-01T22:00:00Z,15.0,7.35,0.0,9.0,0.64,0.7,5.0
2025-12-01T23:00:00Z,14.9,7.55,0.0,9.0,0.66,1.21,4.9
2025-12-02T00:00:00Z,14.9,7.3,0.0,12.0,0.7,1.55,4.1
2025-12-02T01:00:00Z,14.9,6.99,0.0,13.0,0.66,1.62,2.7
2025-12-02T02:00:00Z,14.9,7.26,0.0,19.0,0.64,1.37,0.8
2025-12-02T03:00:00Z,14.8,8.23,0.0,18.0,0.6,0.87,1.3
2025-12-02T04:00:00Z,14.6,9.2,0.0,37.0,0.72,0.32,2.4
2025-12-02T05:00:00Z,14.3,9.76,0.0,49.0,0.82,-0.13,2.7
2025-12-02T06:00:00Z,14.1,10.07,0.0,61.0,0.94,-0.43,2.4
2025-12-02T07:00:00Z,14.0,10.16,0.0,54.0,0.96,-0.51,1.5
2025-12-02T08:00:00Z,13.9,9.8,0.0,66.0,0.98,-0.31,1.2
2025-12-02T09:00:00Z,13.7,9.19,0.0,81.0,1.0,0.15,2.8
2025-12-02T10:00:00Z,13.4,7.45,0.0,68.0,0.92,0.67,4.0
2025-12-02T11:00:00Z,13.5,6.47,0.0,71.0,0.82,1.11,4.1
2025-12-02T12:00:00Z,13.5,6.39,0.0,86.0,0.74,1.41,3.2
2025-12-02T13:00:00Z,13.5,6.6,0.0,65.0,0.72,1.46,1.8
2025-12-02T14:00:00Z,13.3,7.0,0.0,97.0,0.72,1.2,0.3
2025-12-02T15:00:00Z,13.2,7.9,0.0,96.0,0.7,0.68,2.1
2025-12-02T16:00:00Z,13.0,9.16,0.0,88.0,0.74,0.03,3.5
2025-12-02T17:00:00Z,12.6,10.0,0.0,93.0,0.78,-0.55,4.1
2025-12-02T18:00:00Z,12.3,10.2,0.0,92.0,0.82,-0.93,3.6
2025-12-02T19:00:00Z,11.9,9.82,0.0,92.0,0.88,-1.07,2.7
2025-12-02T20:00:00Z,11.6,10.3,0.0,88.0,0.94,-0.9,1.3
2025-12-02T21:00:00Z,11.4,11.34,0.0,34.0,1.0,-0.39,2.4
2025-12-02T22:00:00Z,10.7,10.81,0.0,9.0,1.1,0.32,4.4
2025-12-02T23:00:00Z,10.4,12.05,0.1,17.0,1.22,1.03,5.4
2025-12-03T00:00:00Z,10.1,12.36,0.1,33.0,1.32,1.62,5.2
2025-12-03T01:00:00Z,9.6,11.83,0.1,27.0,1.26,1.97,4.2
2025-12-03T02:00:00Z,9.4,11.43,0.0,15.0,1.2,2.0,2.4
2025-12-03T03:00:00Z,9.2,11.21,0.0,10.0,1.14,1.66,0.5
2025-12-03T04:00:00Z,9.2,11.02,0.0,35.0,1.12,1.07,2.3
2025-12-03T05:00:00Z,9.3,10.99,0.0,17.0,1.12,0.43,3.5
2025-12-03T06:00:00Z,9.2,10.82,0.0,22.0,1.1,-0.12,3.9
2025-12-03T07:00:00Z,9.1,10.49,0.0,31.0,1.06,-0.49,3.4
2025-12-03T08:00:00Z,9.0,10.08,0.0,46.0,1.02,-0.62,2.2
2025-12-03T09:00:00Z,8.8,9.71,0.0,71.0,0.98,-0.41,0.9
2025-12-03T10:00:00Z,8.5,8.83,0.0,71.0,0.92,0.08,2.4
2025-12-03T11:00:00Z,8.3,8.57,0.0,56.0,0.86,0.66,3.8
2025-12-03T12:00:00Z,8.1,8.49,0.0,39.0,0.8,1.13,4.0
2025-12-03T13:00:00Z,8.0,8.29,0.0,27.0,0.78,1.43,2.9
2025-12-03T14:00:00Z,7.9,8.11,0.0,22.0,0.78,1.44,1.4
2025-12-03T15:00:00Z,7.9,8.0,0.0,14.0,0.76,1.1,0.6
2025-12-03T16:00:00Z,8.0,7.78,0.0,14.0,0.72,0.5,2.5
2025-12-03T17:00:00Z,8.1,7.09,0.0,22.0,0.68,-0.19,4.0
2025-12-03T18:00:00Z,8.2,6.17,0.0,17.0,0.64,-0.76,4.4
2025-12-03T19:00:00Z,8.3,5.41,0.0,12.0,0.58,-1.14,3.9
2025-12-03T20:00:00Z,8.4,4.66,0.0,20.0,0.52,-1.26,2.6
2025-12-03T21:00:00Z,8.4,3.83,0.0,20.0,0.46,-1.02,1.1
2025-12-03T22:00:00Z,8.1,2.7,0.0,16.0,0.42,-0.43,2.3
2025-12-03T23:00:00Z,8.2,2.26,0.0,0.0,0.36,0.34,4.4
2025-12-04T00:00:00Z,8.4,1.52,0.0,0.0,0.32,1.06,4.9
2025-12-04T01:00:00Z,8.6,0.92,0.0,0.0,0.28,1.62,4.2
2025-12-04T02:00:00Z,8.8,0.6,0.0,0.0,0.26,1.88,2.6
2025-12-04T03:00:00Z,8.9,0.99,0.0,0.0,0.22,1.77,0.7
2025-12-04T04:00:00Z,8.9,1.63,0.0,0.0,0.2,1.28,2.3
2025-12-04T05:00:00Z,8.9,1.91,0.0,1.0,0.16,0.57,4.3
2025-12-04T06:00:00Z,9.0,2.32,0.0,12.0,0.14,-0.15,5.4
2025-12-04T07:00:00Z,9.2,2.37,0.0,33.0,0.14,-0.75,5.5
2025-12-04T08:00:00Z,9.4,2.25,0.0,12.0,0.14,-1.16,4.7
2025-12-04T09:00:00Z,9.6,2.58,0.0,10.0,0.14,-1.26,3.0
2025-12-04T10:00:00Z,9.7,3.07,0.0,10.0,0.12,-0.98,1.1
2025-12-04T11:00:00Z,9.9,3.23,0.0,22.0,0.12,-0.42,2.4
2025-12-04T12:00:00Z,10.1,3.59,0.0,13.0,0.1,0.2,4.0
2025-12-04T13:00:00Z,10.2,3.84,0.0,13.0,0.16,0.71,4.0
2025-12-04T14:00:00Z,10.3,4.14,0.0,50.0,0.2,1.01,3.1
2025-12-04T15:00:00Z,10.4,4.51,0.0,94.0,0.26,1.0,1.5
2025-12-04T16:00:00Z,10.4,4.9,0.0,95.0,0.3,0.64,0.4
2025-12-04T17:00:00Z,10.5,5.39,0.0,90.0,0.32,0.04,2.2
2025-12-04T18:00:00Z,10.5,5.85,0.0,75.0,0.36,-0.59,3.1
2025-12-04T19:00:00Z,10.5,5.89,0.0,68.0,0.42,-1.09,3.4
2025-12-04T20:00:00Z,10.6,5.84,0.0,78.0,0.46,-1.37,2.6
2025-12-04T21:00:00Z,10.6,5.82,0.0,84.0,0.52,-1.38,1.7
2025-12-04T22:00:00Z,10.9,5.8,0.0,85.0,0.52,-1.0,2.2
2025-12-04T23:00:00Z,11.0,5.93,0.0,22.0,0.54,-0.26,4.6
2025-12-05T00:00:00Z,11.2,5.86,0.0,91.0,0.54,0.62,6.5
2025-12-05T01:00:00Z,11.4,5.24,0.0,97.0,0.5,1.43,6.8
2025-12-05T02:00:00Z,11.6,4.67,0.0,0.0,0.44,2.02,5.9
2025-12-05T03:00:00Z,11.8,4.43,0.0,3.0,0.4,2.27,4.0
2025-12-05T04:00:00Z,11.9,4.28,0.0,22.0,0.36,2.11,1.7
2025-12-05T05:00:00Z,12.0,3.91,0.0,23.0,0.3,1.58,1.0
2025-12-05T06:00:00Z,12.1,3.42,0.0,30.0,0.26,0.86,3.0
2025-12-05T07:00:00Z,12.3,2.81,0.0,12.0,0.24,0.13,4.1
2025-12-05T08:00:00Z,12.4,2.27,0.0,25.0,0.22,-0.48,4.0
2025-12-05T09:00:00Z,12.5,1.99,0.0,17.0,0.2,-0.89,3.4
2025-12-05T10:00:00Z,12.5,0.98,0.0,0.0,0.18,-0.98,1.7
2025-12-05T11:00:00Z,12.6,0.96,0.0,0.0,0.16,-0.68,1.3
2025-12-05T12:00:00Z,12.7,0.86,0.0,0.0,0.14,-0.12,3.4
2025-12-05T13:00:00Z,12.8,0.83,0.0,0.0,0.14,0.49,4.5
2025-12-05T14:00:00Z,13.0,0.81,0.0,0.0,0.14,0.94,4.2
2025-12-05T15:00:00Z,13.1,1.03,0.0,0.0,0.14,1.14,2.9
2025-12-05T16:00:00Z,13.2,1.7,0.0,0.0,0.12,1.0,1.0
2025-12-05T17:00:00Z,13.3,2.36,0.0,0.0,0.12,0.52,1.1
2025-12-05T18:00:00Z,13.4,2.71,0.0,0.0,0.1,-0.15,2.9
2025-12-05T19:00:00Z,13.4,2.91,0.0,0.0,0.12,-0.8,3.8
2025-12-05T20:00:00Z,13.4,2.89,0.0,0.0,0.12,-1.3,3.6
2025-12-05T21:00:00Z,13.5,3.12,0.0,0.0,0.14,-1.56,2.6
2025-12-05T22:00:00Z,13.0,3.87,0.0,0.0,0.16,-1.51,1.2
2025-12-05T23:00:00Z,12.9,3.81,0.0,0.0,0.18,-1.04,2.1
2025-12-06T00:00:00Z,12.9,3.88,0.0,0.0,0.2,-0.22,4.7
2025-12-06T01:00:00Z,12.9,3.88,0.0,0.0,0.24,0.71,6.5
2025-12-06T02:00:00Z,12.9,4.05,0.0,0.0,0.26,1.5,6.5
2025-12-06T03:00:00Z,12.8,4.11,0.0,0.0,0.3,2.04,5.1
2025-12-06T04:00:00Z,12.7,4.06,0.0,0.0,0.26,2.2,2.9
2025-12-06T05:00:00Z,12.8,3.61,0.0,0.0,0.24,1.94,0.5
2025-12-06T06:00:00Z,12.9,2.5,0.0,0.0,0.2,1.34,2.2
2025-12-06T07:00:00Z,13.1,1.26,0.0,0.0,0.18,0.59,4.0
2025-12-06T08:00:00Z,13.4,0.54,0.0,0.0,0.18,-0.14,4.9
2025-12-06T09:00:00Z,13.7,1.8,0.0,0.0,0.16,-0.73,4.9
2025-12-06T10:00:00Z,14.0,2.08,0.0,0.0,0.14,-1.09,3.8
2025-12-06T11:00:00Z,14.3,2.8,0.0,0.0,0.12,-1.09,1.9
2025-12-06T12:00:00Z,14.4,3.04,0.0,0.0,0.1,-0.71,0.9
2025-12-06T13:00:00Z,14.6,3.45,0.0,0.0,0.12,-0.09,3.3
2025-12-06T14:00:00Z,14.7,4.13,0.0,0.0,0.14,0.49,4.1
2025-12-06T15:00:00Z,14.8,4.6,0.0,0.0,0.16,0.88,3.6
2025-12-06T16:00:00Z,14.9,4.75,0.0,0.0,0.14,1.01,2.2
2025-12-06T17:00:00Z,14.9,4.85,0.0,0.0,0.1,0.8,1.1
2025-12-06T18:00:00Z,15.0,4.95,0.0,0.0,0.08,0.3,2.5
2025-12-06T19:00:00Z,15.0,4.9,0.0,0.0,0.1,-0.35,3.8
2025-12-06T20:00:00Z,15.0,4.56,0.0,0.0,0.12,-0.96,4.7
2025-12-06T21:00:00Z,15.0,4.05,0.0,0.0,0.14,-1.39,4.3
2025-12-06T22:00:00Z,15.0,3.61,0.0,0.0,0.14,-1.58,3.3
2025-12-06T23:00:00Z,15.0,4.05,0.0,0.0,0.12,-1.43,1.5
2025-12-07T00:00:00Z,15.0,3.96,0.0,0.0,0.12,-0.86,1.5
2025-12-07T01:00:00Z,15.1,3.78,0.0,0.0,0.12,0.02,4.1
2025-12-07T02:00:00Z,15.2,3.1,0.0,0.0,0.1,0.94,5.4
2025-12-07T03:00:00Z,15.2,2.23,0.0,0.0,0.1,1.68,5.2
2025-12-07T04:00:00Z,15.2,1.77,0.0,0.0,0.1,2.13,3.8
2025-12-07T05:00:00Z,15.3,1.51,0.0,0.0,0.1,2.21,1.7
2025-12-07T06:00:00Z,15.5,1.66,0.0,0.0,0.1,1.89,0.7
2025-12-07T07:00:00Z,15.6,1.88,0.0,0.0,0.1,1.28,3.1
2025-12-07T08:00:00Z,15.6,2.16,0.0,0.0,0.08,0.56,4.7
2025-12-07T09:00:00Z,15.6,2.27,0.0,0.0,0.08,-0.12,5.2
2025-12-07T10:00:00Z,15.4,2.07,0.0,0.0,0.08,-0.64,5.1
2025-12-07T11:00:00Z,15.4,2.58,0.0,0.0,0.06,-0.93,3.8
2025-12-07T12:00:00Z,15.3,2.68,0.0,0.0,0.06,-0.86,1.8
2025-12-07T13:00:00Z,15.3,2.23,0.0,0.0,0.06,-0.43,0.9
2025-12-07T14:00:00Z,15.6,1.15,0.0,0.0,0.08,0.15,2.7
2025-12-07T15:00:00Z,15.1,1.06,0.0,0.0,0.08,0.65,3.1
2025-12-07T16:00:00Z,14.8,2.39,0.0,0.0,0.08,0.95,2.3
2025-12-07T17:00:00Z,14.4,3.29,0.0,0.0,0.06,1.0,0.8
2025-12-07T18:00:00Z,14.2,4.17,0.0,0.0,0.06,0.74,1.3
2025-12-07T19:00:00Z,14.1,5.72,0.0,0.0,0.18,0.23,2.7
2025-12-07T20:00:00Z,14.0,7.85,0.0,2.0,0.28,-0.39,3.8
2025-12-07T21:00:00Z,13.9,8.78,0.0,0.0,0.4,-0.95,4.1
2025-12-07T22:00:00Z,14.1,8.62,0.0,0.0,0.52,-1.32,3.5
2025-12-07T23:00:00Z,14.2,8.33,0.0,0.0,0.62,-1.42,2.3
2025-12-08T00:00:00Z,14.4,8.65,0.0,0.0,0.74,-1.16,1.8
2025-12-08T01:00:00Z,14.4,9.17,0.0,3.0,0.78,-0.51,3.9
2025-12-08T02:00:00Z,14.4,9.15,0.0,7.0,0.8,0.38,6.2
2025-12-08T03:00:00Z,14.4,8.66,0.0,4.0,0.84,1.22,7.2
2025-12-08T04:00:00Z,14.3,8.28,0.0,0.0,0.84,1.86,6.7
2025-12-08T05:00:00Z,14.1,8.7,0.0,0.0,0.86,2.22,4.9
2025-12-08T06:00:00Z,13.9,9.1,0.0,0.0,0.86,2.22,2.7
2025-12-08T07:00:00Z,13.6,9.03,0.0,0.0,0.86,1.85,0.4
2025-12-08T08:00:00Z,13.4,9.09,0.0,0.0,0.84,1.23,2.1
2025-12-08T09:00:00Z,13.2,8.91,0.0,0.0,0.84,0.54,3.5
2025-12-08T10:00:00Z,13.1,8.3,0.0,0.0,0.82,-0.08,4.1
2025-12-08T11:00:00Z,13.1,8.27,0.0,0.0,0.82,-0.53,3.8
2025-12-08T12:00:00Z,13.1,7.94,0.0,0.0,0.8,-0.75,2.6
2025-12-08T13:00:00Z,13.0,7.57,0.0,0.0,0.74,-0.61,1.0
2025-12-08T14:00:00Z,13.0,7.13,0.0,0.0,0.7,-0.17,1.8
2025-12-08T15:00:00Z,12.9,6.79,0.0,1.0,0.64,0.33,3.2
2025-12-08T16:00:00Z,12.8,6.01,0.0,0.0,0.58,0.72,3.3
2025-12-08T17:00:00Z,12.8,5.45,0.0,0.0,0.5,0.91,2.0
2025-12-08T18:00:00Z,12.7,5.76,0.0,0.0,0.44,0.87,0.6
2025-12-08T19:00:00Z,12.6,5.98,0.0,0.0,0.44,0.57,1.1
2025-12-08T20:00:00Z,12.6,6.25,0.0,0.0,0.46,0.06,2.5
2025-12-08T21:00:00Z,12.6,6.27,0.0,0.0,0.46,-0.52,3.5
2025-12-08T22:00:00Z,12.5,5.63,0.0,1.0,0.44,-1.0,3.7
2025-12-08T23:00:00Z,12.6,5.44,0.0,0.0,0.44,-1.29,3.1
2025-12-09T00:00:00Z,12.8,4.9,0.0,0.0,0.42,-1.33,1.8
2025-12-09T01:00:00Z,13.0,4.38,0.0,3.0,0.4,-1.04,1.5
2025-12-09T02:00:00Z,13.2,4.24,0.0,0.0,0.4,-0.4,3.5
2025-12-09T03:00:00Z,13.3,4.4,0.0,0.0,0.38,0.4,5.4
2025-12-09T04:00:00Z,13.4,4.54,0.0,0.0,0.38,1.11,5.9
2025-12-09T05:00:00Z,13.5,5.02,0.0,1.0,0.36,1.61,5.1
2025-12-09T06:00:00Z,13.6,5.82,0.0,3.0,0.36,1.87,3.5
2025-12-09T07:00:00Z,13.7,6.48,0.0,0.0,0.42,1.81,1.6
2025-12-09T08:00:00Z,13.8,6.64,0.0,2.0,0.46,1.45,0.9
2025-12-09T09:00:00Z,13.9,6.72,0.0,2.0,0.52,0.87,2.5
2025-12-09T10:00:00Z,14.1,6.4,0.0,11.0,0.52,0.25,3.6
2025-12-09T11:00:00Z,14.2,6.6,0.0,52.0,0.54,-0.26,3.8
2025-12-09T12:00:00Z,14.3,6.28,0.0,43.0,0.54,-0.62,3.1
2025-12-09T13:00:00Z,14.5,5.73,0.0,50.0,0.54,-0.73,1.8
2025-12-09T14:00:00Z,14.7,5.46,0.0,48.0,0.52,-0.53,0.2
2025-12-09T15:00:00Z,14.8,5.55,0.0,65.0,0.52,-0.1,2.0
2025-12-09T16:00:00Z,14.9,5.64,0.0,92.0,0.48,0.35,3.1
2025-12-09T17:00:00Z,15.1,5.37,0.0,82.0,0.44,0.67,2.8
2025-12-09T18:00:00Z,15.1,5.28,0.0,88.0,0.4,0.84,2.0
2025-12-09T19:00:00Z,15.3,5.23,0.0,88.0,0.38,0.8,1.0
2025-12-09T20:00:00Z,15.3,5.39,0.0,96.0,0.36,0.52,1.3
2025-12-09T21:00:00Z,15.5,5.26,0.0,97.0,0.34,0.06,2.4
2025-12-09T22:00:00Z,15.5,4.81,0.0,87.0,0.34,-0.44,3.2
2025-12-09T23:00:00Z,15.6,5.58,0.0,86.0,0.34,-0.84,3.3
2025-12-10T00:00:00Z,15.7,6.31,0.1,71.0,0.34,-1.05,2.4
2025-12-10T01:00:00Z,15.8,5.98,0.0,70.0,0.32,-1.04,1.2
2025-12-10T02:00:00Z,15.9,5.51,0.0,57.0,0.3,-0.72,1.0
2025-12-10T03:00:00Z,15.8,5.17,0.0,68.0,0.28,-0.12,3.1
2025-12-10T04:00:00Z,15.7,4.75,0.0,63.0,0.28,0.58,4.3
2025-12-10T05:00:00Z,15.7,4.44,0.1,68.0,0.28,1.16,4.6
2025-12-10T06:00:00Z,15.6,4.33,0.1,65.0,0.28,1.56,3.7
2025-12-10T07:00:00Z,15.7,4.81,0.0,58.0,0.32,1.74,2.3
2025-12-10T08:00:00Z,15.7,5.25,0.0,66.0,0.34,1.63,1.1
2025-12-10T09:00:00Z,15.7,5.31,0.0,81.0,0.38,1.23,2.0
2025-12-10T10:00:00Z,16.0,4.56,0.0,99.0,0.38,0.66,3.5
2025-12-10T11:00:00Z,15.9,4.98,0.0,98.0,0.36,0.08,4.3
2025-12-10T12:00:00Z,15.9,4.71,0.0,97.0,0.36,-0.37,4.3
2025-12-10T13:00:00Z,15.8,4.32,0.0,82.0,0.34,-0.66,3.8
2025-12-10T14:00:00Z,15.8,3.98,0.0,73.0,0.34,-0.72,2.3
2025-12-10T15:00:00Z,15.7,3.96,0.0,76.0,0.32,-0.5,0.7
2025-12-10T16:00:00Z,15.7,3.8,0.0,60.0,0.3,-0.11,1.3
2025-12-10T17:00:00Z,15.6,3.22,0.0,36.0,0.26,0.28,1.9
2025-12-10T18:00:00Z,15.5,2.8,0.0,17.0,0.24,0.55,1.7
2025-12-10T19:00:00Z,15.3,2.87,0.0,11.0,0.24,0.7,1.2
2025-12-10T20:00:00Z,15.1,3.56,0.0,4.0,0.22,0.67,1.2
2025-12-10T21:00:00Z,15.0,4.52,0.0,0.0,0.22,0.42,2.1
2025-12-10T22:00:00Z,14.6,5.46,0.0,0.0,0.24,0.01,3.1
2025-12-10T23:00:00Z,14.4,5.8,0.0,0.0,0.26,-0.42,3.8
2025-12-11T00:00:00Z,14.1,6.09,0.0,0.0,0.28,-0.73,3.5
2025-12-11T01:00:00Z,13.9,6.52,0.0,0.0,0.32,-0.87,2.5
2025-12-11T02:00:00Z,13.8,6.7,0.0,0.0,0.36,-0.79,1.4
2025-12-11T03:00:00Z,13.9,6.72,0.0,0.0,0.4,-0.45,1.4
2025-12-11T04:00:00Z,14.0,6.52,0.0,6.0,0.44,0.1,3.0
2025-12-11T05:00:00Z,14.0,6.8,0.0,1.0,0.48,0.7,4.2
2025-12-11T06:00:00Z,13.9,7.7,0.0,1.0,0.52,1.19,4.3
2025-12-11T07:00:00Z,13.8,8.61,0.0,2.0,0.62,1.54,3.6
2025-12-11T08:00:00Z,13.7,9.29,0.0,4.0,0.74,1.69,2.5
2025-12-11T09:00:00Z,14.0,9.77,0.0,29.0,0.84,1.58,1.1
2025-12-11T10:00:00Z,14.4,8.84,0.0,35.0,0.88,1.22,0.6
2025-12-11T11:00:00Z,14.3,9.13,0.0,41.0,0.94,0.74,1.9
2025-12-11T12:00:00Z,14.0,10.0,0.0,52.0,0.98,0.26,2.6
2025-12-11T13:00:00Z,13.7,10.35,0.0,78.0,1.1,-0.09,2.3
2025-12-11T14:00:00Z,13.5,10.21,0.0,95.0,1.2,-0.29,1.7
2025-12-11T15:00:00Z,13.4,10.15,0.0,96.0,1.32,-0.28,0.9
2025-12-11T16:00:00Z,13.2,10.19,0.0,100.0,1.24,-0.03,1.7
2025-12-11T17:00:00Z,13.2,10.04,0.0,100.0,1.16,0.36,2.9
2025-12-11T18:00:00Z,13.1,9.7,0.0,100.0,1.08,0.71,3.4
2025-12-11T19:00:00Z,13.1,9.44,0.0,100.0,1.06,0.98,3.1
2025-12-11T20:00:00Z,12.9,9.48,0.0,100.0,1.04,1.14,2.3
2025-12-11T21:00:00Z,12.7,9.46,0.0,100.0,1.02,1.13,1.1
2025-12-11T22:00:00Z,12.3,7.99,0.0,98.0,0.98,0.89,0.3
2025-12-11T23:00:00Z,12.2,7.84,0.0,97.0,0.96,0.51,1.6
2025-12-12T00:00:00Z,12.0,7.92,0.0,94.0,0.92,0.11,2.4
2025-12-12T01:00:00Z,12.1,7.68,0.0,95.0,0.86,-0.17,2.5
2025-12-12T02:00:00Z,12.2,7.36,0.0,99.0,0.78,-0.31,2.1
2025-12-12T03:00:00Z,12.3,6.85,0.0,100.0,0.72,-0.29,1.6
2025-12-12T04:00:00Z,12.4,6.67,0.0,100.0,0.68,-0.05,1.5
2025-12-12T05:00:00Z,12.4,6.83,0.0,99.0,0.66,0.37,2.3
2025-12-12T06:00:00Z,12.4,7.28,0.0,100.0,0.62,0.79,3.1
2025-12-12T07:00:00Z,12.5,7.48,0.0,96.0,0.64,1.12,2.9
2025-12-12T08:00:00Z,12.6,7.21,0.0,95.0,0.68,1.35,2.3
2025-12-12T09:00:00Z,12.8,6.95,0.0,96.0,0.7,1.42,1.3
2025-12-12T10:00:00Z,12.7,6.49,0.0,98.0,0.62,1.26,0.2
2025-12-12T11:00:00Z,12.9,6.58,0.0,98.0,0.56,0.86,1.8
2025-12-12T12:00:00Z,13.1,6.54,0.0,90.0,0.48,0.36,3.0
2025-12-12T13:00:00Z,13.3,5.56,0.0,78.0,0.44,-0.12,3.5
2025-12-12T14:00:00Z,13.5,4.94,0.0,73.0,0.42,-0.47,3.4
2025-12-12T15:00:00Z,13.5,4.59,0.0,96.0,0.38,-0.69,2.7
2025-12-12T16:00:00Z,13.6,4.51,0.0,91.0,0.36,-0.7,1.8
2025-12-12T17:00:00Z,13.6,4.73,0.0,88.0,0.34,-0.48,1.0
2025-12-12T18:00:00Z,13.5,5.34,0.0,93.0,0.32,-0.12,1.9
2025-12-12T19:00:00Z,13.2,6.54,0.0,90.0,0.4,0.21,2.5
2025-12-12T20:00:00Z,12.9,6.93,0.0,100.0,0.5,0.5,2.5
2025-12-12T21:00:00Z,12.6,6.99,0.0,90.0,0.58,0.71,2.2
2025-12-12T22:00:00Z,12.6,7.0,0.0,67.0,0.64,0.76,1.4
2025-12-12T23:00:00Z,12.4,7.6,0.0,83.0,0.68,0.6,0.4
2025-12-13T00:00:00Z,12.2,8.07,0.0,69.0,0.74,0.28,1.2
2025-12-13T01:00:00Z,12.0,8.31,0.0,73.0,0.76,-0.04,1.8
2025-12-13T02:00:00Z,11.7,9.24,0.0,80.0,0.78,-0.29,1.9
2025-12-13T03:00:00Z,11.2,10.22,0.0,98.0,0.8,-0.43,1.8
2025-12-13T04:00:00Z,10.7,9.99,0.0,100.0,0.84,-0.42,1.4
2025-12-13T05:00:00Z,10.4,9.75,0.0,100.0,0.88,-0.2,1.3
2025-12-13T06:00:00Z,10.2,10.3,0.0,100.0,0.92,0.18,2.1
2025-12-13T07:00:00Z,10.2,10.54,0.1,100.0,1.04,0.56,2.7
2025-12-13T08:00:00Z,10.2,11.04,0.0,100.0,1.14,0.87,2.5
2025-12-13T09:00:00Z,10.1,11.59,0.0,100.0,1.26,1.1,2.0
2025-12-13T10:00:00Z,9.4,12.44,0.1,100.0,1.36,1.18,0.9
2025-12-13T11:00:00Z,9.0,13.27,0.1,100.0,1.48,1.04,0.5
2025-12-13T12:00:00Z,8.6,13.82,0.1,100.0,1.58,0.66,1.9
2025-12-13T13:00:00Z,8.3,13.59,0.0,97.0,1.62,0.18,2.9
2025-12-13T14:00:00Z,7.9,13.76,0.0,93.0,1.68,-0.24,3.1
2025-12-13T15:00:00Z,7.5,13.69,0.0,97.0,1.72,-0.56,2.7
2025-12-13T16:00:00Z,7.2,13.45,0.0,98.0,1.72,-0.74,2.2
2025-12-13T17:00:00Z,7.1,13.21,0.0,99.0,1.72,-0.7,1.2
2025-12-13T18:00:00Z,6.8,12.94,0.0,99.0,1.72,-0.44,1.3
2025-12-13T19:00:00Z,6.5,12.64,0.0,99.0,1.66,-0.07,2.4
2025-12-13T20:00:00Z,6.2,12.48,0.0,87.0,1.62,0.3,3.1
2025-12-13T21:00:00Z,5.8,12.08,0.0,44.0,1.56,0.66,3.1
2025-12-13T22:00:00Z,5.2,10.52,0.0,49.0,1.48,0.94,2.7
2025-12-13T23:00:00Z,5.1,10.31,0.0,35.0,1.38,1.04,1.8
2025-12-14T00:00:00Z,4.9,10.33,0.0,32.0,1.3,0.91,0.6
2025-12-14T01:00:00Z,5.0,10.12,0.0,20.0,1.26,0.62,0.8
2025-12-14T02:00:00Z,5.2,10.09,0.0,10.0,1.2,0.29,1.5
2025-12-14T03:00:00Z,5.5,9.79,0.0,1.0,1.16,0.03,1.8
2025-12-14T04:00:00Z,6.0,9.46,0.0,0.0,1.02,-0.13,1.5
2025-12-14T05:00:00Z,6.5,8.86,0.0,0.0,0.9,-0.15,0.9
2025-12-14T06:00:00Z,7.1,8.34,0.0,0.0,0.76,0.02,0.8
2025-12-14T07:00:00Z,7.5,7.84,0.0,0.0,0.68,0.33,1.8
2025-12-14T08:00:00Z,7.9,7.1,0.0,0.0,0.62,0.66,2.5
2025-12-14T09:00:00Z,8.1,6.52,0.0,0.0,0.54,0.93,2.3
2025-12-14T10:00:00Z,8.2,5.63,0.0,0.0,0.5,1.15,1.8
2025-12-14T11:00:00Z,8.2,5.19,0.0,0.0,0.46,1.22,1.0
2025-12-14T12:00:00Z,8.1,4.9,0.0,0.0,0.42,1.03,0.5
2025-12-14T13:00:00Z,8.0,4.49,0.0,0.0,0.4,0.64,2.1
2025-12-14T14:00:00Z,7.9,4.08,0.0,0.0,0.36,0.15,3.0
2025-12-14T15:00:00Z,7.8,3.65,0.0,0.0,0.34,-0.3,3.5
2025-12-14T16:00:00Z,7.7,3.16,0.0,0.0,0.3,-0.67,3.4
2025-12-14T17:00:00Z,7.7,2.54,0.0,0.0,0.26,-0.88,3.0
2025-12-14T18:00:00Z,7.6,2.16,0.0,0.0,0.22,-0.86,1.9
2025-12-14T19:00:00Z,7.6,1.98,0.0,0.0,0.2,-0.59,1.1
2025-12-14T20:00:00Z,7.6,1.88,0.0,0.0,0.2,-0.21,1.8
2025-12-14T21:00:00Z,7.6,1.81,0.0,0.0,0.18,0.18,2.4
2025-12-14T22:00:00Z,7.7,1.23,0.0,0.0,0.16,0.57,2.5
2025-12-14T23:00:00Z,7.7,0.14,0.0,0.0,0.12,0.87,2.2
2025-12-15T00:00:00Z,7.9,0.82,0.0,0.0,0.1,0.96,1.3
2025-12-15T01:00:00Z,8.2,1.25,0.0,0.0,0.12,0.79,0.5
2025-12-15T02:00:00Z,8.6,1.68,0.0,0.0,0.14,0.44,1.6
2025-12-15T03:00:00Z,8.9,2.12,0.0,0.0,0.16,0.06,2.3
2025-12-15T04:00:00Z,9.2,2.53,0.0,0.0,0.14,-0.26,2.4
2025-12-15T05:00:00Z,9.6,2.92,0.0,0.0,0.1,-0.48,2.2
2025-12-15T06:00:00Z,10.1,3.68,0.0,0.0,0.08,-0.55,1.5
2025-12-15T07:00:00Z,10.6,4.76,0.0,0.0,0.12,-0.4,0.3
2025-12-15T08:00:00Z,11.0,5.87,0.0,0.0,0.18,-0.11,1.1
2025-12-15T09:00:00Z,11.4,6.89,0.0,0.0,0.22,0.19,2.1
2025-12-15T10:00:00Z,11.3,8.02,0.0,0.0,0.32,0.48,2.3
2025-12-15T11:00:00Z,11.6,8.98,0.0,0.0,0.4,0.71,1.9
2025-12-15T12:00:00Z,11.9,9.36,0.0,0.0,0.5,0.78,1.4
2025-12-15T13:00:00Z,12.1,9.54,0.0,3.0,0.5,0.58,1.3
2025-12-15T14:00:00Z,12.3,9.75,0.0,3.0,0.52,0.17,2.6
2025-12-15T15:00:00Z,12.4,9.95,0.0,0.0,0.52,-0.31,3.6
2025-12-15T16:00:00Z,12.5,9.89,0.0,0.0,0.52,-0.73,4.0
2025-12-15T17:00:00Z,12.5,9.53,0.0,0.0,0.52,-1.04,3.6
2025-12-15T18:00:00Z,12.5,8.87,0.0,0.0,0.52,-1.18,2.9
2025-12-15T19:00:00Z,12.6,7.95,0.0,0.0,0.48,-1.06,1.6
2025-12-15T20:00:00Z,12.6,7.03,0.0,0.0,0.44,-0.7,0.5
2025-12-15T21:00:00Z,12.7,6.48,0.0,0.0,0.4,-0.23,2.1
2025-12-15T22:00:00Z,12.7,6.28,0.0,1.0,0.36,0.27,2.8
2025-12-15T23:00:00Z,12.8,5.69,0.0,0.0,0.3,0.75,3.0
2025-12-16T00:00:00Z,12.8,4.98,0.0,5.0,0.26,1.12,2.5
2025-12-16T01:00:00Z,12.8,4.18,0.0,6.0,0.24,1.22,1.5
2025-12-16T02:00:00Z,12.7,3.76,0.0,11.0,0.22,1.04,0.5
2025-12-16T03:00:00Z,12.5,3.48,0.0,16.0,0.2,0.67,1.8
2025-12-16T04:00:00Z,12.4,3.23,0.0,13.0,0.2,0.27,2.5
2025-12-16T05:00:00Z,12.3,3.05,0.0,15.0,0.2,-0.08,2.9
2025-12-16T06:00:00Z,12.4,2.51,0.0,38.0,0.2,-0.34,2.7
2025-12-16T07:00:00Z,12.6,1.27,0.0,56.0,0.18,-0.41,1.8
2025-12-16T08:00:00Z,12.8,0.27,0.0,55.0,0.18,-0.25,0.2
2025-12-16T09:00:00Z,13.0,0.79,0.0,45.0,0.16,0.07,1.3
2025-12-16T10:00:00Z,13.2,0.85,0.0,16.0,0.14,0.41,2.4
2025-12-16T11:00:00Z,13.3,1.3,0.0,7.0,0.12,0.76,2.6
2025-12-16T12:00:00Z,13.4,1.66,0.0,5.0,0.1,1.04,2.2
2025-12-16T13:00:00Z,13.4,1.73,0.0,3.0,0.1,1.11,1.4
2025-12-16T14:00:00Z,13.5,1.88,0.0,4.0,0.1,0.88,0.5
2025-12-16T15:00:00Z,13.6,1.98,0.0,5.0,0.1,0.44,1.8
2025-12-16T16:00:00Z,13.5,2.2,0.0,1.0,0.08,-0.06,2.9
2025-12-16T17:00:00Z,13.4,2.74,0.0,2.0,0.08,-0.49,3.4
2025-12-16T18:00:00Z,13.3,3.82,0.0,5.0,0.06,-0.8,3.3
2025-12-16T19:00:00Z,13.1,4.67,0.0,8.0,0.12,-0.9,2.5
2025-12-16T20:00:00Z,12.8,5.19,0.0,2.0,0.18,-0.71,1.3
2025-12-16T21:00:00Z,12.6,5.61,0.0,3.0,0.24,-0.28,1.5
2025-12-16T22:00:00Z,12.3,6.44,0.0,2.0,0.3,0.25,3.1
2025-12-16T23:00:00Z,12.1,6.94,0.0,0.0,0.38,0.81,3.8
2025-12-17T00:00:00Z,11.8,7.5,0.0,1.0,0.44,1.31,4.0
2025-12-17T01:00:00Z,11.5,7.5,0.0,0.0,0.48,1.65,3.3
2025-12-17T02:00:00Z,11.5,7.4,0.0,2.0,0.5,1.66,2.1
2025-12-17T03:00:00Z,11.5,7.88,0.0,11.0,0.54,1.36,0.9
2025-12-17T04:00:00Z,11.7,8.11,0.0,34.0,0.58,0.89,1.8
2025-12-17T05:00:00Z,11.8,8.2,0.0,49.0,0.6,0.39,2.6
2025-12-17T06:00:00Z,11.9,8.2,0.0,48.0,0.64,-0.04,2.8
2025-12-17T07:00:00Z,11.9,8.36,0.0,53.0,0.66,-0.34,2.6
2025-12-17T08:00:00Z,11.9,8.42,0.0,67.0,0.7,-0.41,1.5
2025-12-17T09:00:00Z,11.7,8.58,0.0,86.0,0.72,-0.22,1.2
2025-12-17T10:00:00Z,11.4,7.28,0.0,64.0,0.72,0.13,2.4
2025-12-17T11:00:00Z,11.1,7.17,0.0,67.0,0.74,0.52,3.2
2025-12-17T12:00:00Z,10.8,7.07,0.0,35.0,0.74,0.88,3.4
2025-12-17T13:00:00Z,10.6,7.2,0.0,20.0,0.7,1.13,2.9
2025-12-17T14:00:00Z,10.5,6.96,0.0,23.0,0.66,1.12,1.6
2025-12-17T15:00:00Z,10.4,6.37,0.0,22.0,0.62,0.79,0.4
2025-12-17T16:00:00Z,10.4,5.72,0.0,26.0,0.56,0.27,1.8
2025-12-17T17:00:00Z,10.4,5.01,0.0,25.0,0.48,-0.27,2.6
2025-12-17T18:00:00Z,10.5,4.49,0.0,36.0,0.42,-0.71,2.8
2025-12-17T19:00:00Z,10.6,3.97,0.0,42.0,0.38,-1.0,2.4
2025-12-17T20:00:00Z,10.7,3.54,0.0,50.0,0.34,-1.04,1.5
2025-12-17T21:00:00Z,10.8,3.2,0.0,37.0,0.3,-0.78,1.4
2025-12-17T22:00:00Z,11.1,2.85,0.0,15.0,0.28,-0.26,3.1
2025-12-17T23:00:00Z,11.3,3.01,0.0,15.0,0.26,0.34,4.5
2025-12-18T00:00:00Z,11.5,3.06,0.0,24.0,0.24,0.94,4.9
2025-12-18T01:00:00Z,11.7,3.1,0.0,0.0,0.22,1.43,4.5
2025-12-18T02:00:00Z,12.0,3.02,0.0,0.0,0.22,1.67,3.4
2025-12-18T03:00:00Z,12.2,3.24,0.0,0.0,0.2,1.56,1.6
2025-12-18T04:00:00Z,12.4,3.58,0.0,0.0,0.2,1.14,0.4
2025-12-18T05:00:00Z,12.6,4.02,0.0,0.0,0.18,0.57,2.0
2025-12-18T06:00:00Z,12.9,4.53,0.0,0.0,0.18,0.02,2.9
2025-12-18T07:00:00Z,13.1,5.23,0.0,0.0,0.26,-0.44,3.1
2025-12-18T08:00:00Z,13.3,5.91,0.0,0.0,0.34,-0.74,2.5
2025-12-18T09:00:00Z,13.5,6.68,0.0,0.0,0.42,-0.76,1.3
2025-12-18T10:00:00Z,13.8,6.52,0.0,0.0,0.44,-0.5,0.8
2025-12-18T11:00:00Z,14.0,6.92,0.0,0.0,0.46,-0.09,2.3
2025-12-18T12:00:00Z,14.1,7.2,0.0,0.0,0.48,0.34,3.1
2025-12-18T13:00:00Z,14.2,7.47,0.0,0.0,0.5,0.71,2.9
2025-12-18T14:00:00Z,14.3,7.69,0.0,1.0,0.5,0.9,2.1
2025-12-18T15:00:00Z,14.4,7.76,0.0,6.0,0.52,0.79,1.1
2025-12-18T16:00:00Z,14.5,7.69,0.0,19.0,0.52,0.38,1.8
2025-12-18T17:00:00Z,14.6,7.66,0.0,19.0,0.52,-0.18,3.1
2025-12-18T18:00:00Z,14.7,7.57,0.0,15.0,0.52,-0.71,3.8
2025-12-18T19:00:00Z,14.8,7.63,0.0,20.0,0.54,-1.11,3.8
2025-12-18T20:00:00Z,14.9,7.58,0.0,16.0,0.54,-1.31,3.1
2025-12-18T21:00:00Z,14.9,7.54,0.0,14.0,0.56,-1.25,1.5
2025-12-18T22:00:00Z,14.9,7.25,0.0,3.0,0.52,-0.84,0.7
2025-12-18T23:00:00Z,15.0,7.5,0.0,2.0,0.5,-0.19,3.1
2025-12-19T00:00:00Z,15.0,7.41,0.0,26.0,0.46,0.51,4.4
2025-12-19T01:00:00Z,15.0,6.85,0.0,12.0,0.42,1.15,4.4
2025-12-19T02:00:00Z,15.1,6.46,0.0,3.0,0.38,1.61,3.8
2025-12-19T03:00:00Z,15.2,6.58,0.0,9.0,0.34,1.77,2.3
2025-12-19T04:00:00Z,15.4,6.76,0.0,7.0,0.32,1.54,0.9
2025-12-19T05:00:00Z,15.6,6.77,0.0,2.0,0.32,1.03,2.3
2025-12-19T06:00:00Z,15.8,6.8,0.0,2.0,0.3,0.42,3.6
2025-12-19T07:00:00Z,16.0,7.24,0.0,10.0,0.36,-0.15,4.4
2025-12-19T08:00:00Z,16.1,7.8,0.0,11.0,0.42,-0.6,4.2
2025-12-19T09:00:00Z,16.0,8.24,0.0,20.0,0.48,-0.83,3.3
2025-12-19T10:00:00Z,16.1,8.42,0.0,5.0,0.48,-0.74,1.7
2025-12-19T11:00:00Z,16.1,8.62,0.0,2.0,0.5,-0.37,1.2
2025-12-19T12:00:00Z,16.2,8.76,0.0,4.0,0.5,0.12,2.7
2025-12-19T13:00:00Z,16.2,8.61,0.0,3.0,0.5,0.58,3.0
2025-12-19T14:00:00Z,16.3,8.57,0.0,1.0,0.5,0.92,2.7
2025-12-19T15:00:00Z,16.3,8.35,0.0,0.0,0.5,1.03,1.8
2025-12-19T16:00:00Z,16.3,7.66,0.0,0.0,0.46,0.81,1.2
2025-12-19T17:00:00Z,16.2,6.67,0.0,0.0,0.42,0.33,2.4
2025-12-19T18:00:00Z,16.1,5.7,0.0,0.0,0.38,-0.26,3.6
2025-12-19T19:00:00Z,16.0,4.75,0.0,1.0,0.34,-0.76,4.0
2025-12-19T20:00:00Z,15.8,3.96,0.0,4.0,0.28,-1.09,3.4
2025-12-19T21:00:00Z,15.5,3.27,0.0,3.0,0.24,-1.19,2.3
2025-12-19T22:00:00Z,15.0,3.16,0.0,5.0,0.2,-0.97,0.6
2025-12-19T23:00:00Z,14.8,3.21,0.0,11.0,0.18,-0.41,2.0
2025-12-20T00:00:00Z,14.7,3.13,0.0,21.0,0.14,0.33,4.0
2025-12-20T01:00:00Z,14.5,3.17,0.0,23.0,0.16,1.05,4.7
2025-12-20T02:00:00Z,14.2,3.59,0.0,21.0,0.16,1.64,4.4
2025-12-20T03:00:00Z,14.0,4.12,0.0,8.0,0.18,1.99,2.9
2025-12-20T04:00:00Z,14.2,4.78,0.0,15.0,0.2,1.98,1.0
2025-12-20T05:00:00Z,14.4,5.19,0.0,37.0,0.22,1.63,1.3
2025-12-20T06:00:00Z,14.4,6.38,0.0,33.0,0.24,1.05,3.1
2025-12-20T07:00:00Z,14.0,9.9,0.0,19.0,0.42,0.43,4.0
2025-12-20T08:00:00Z,13.6,11.22,0.0,18.0,0.62,-0.13,4.0
2025-12-20T09:00:00Z,13.1,11.19,0.0,21.0,0.8,-0.53,3.4
2025-12-20T10:00:00Z,12.6,10.95,0.0,40.0,0.96,-0.66,2.3
2025-12-20T11:00:00Z,12.3,12.12,0.0,48.0,1.1,-0.43,1.1
2025-12-20T12:00:00Z,12.3,11.95,0.0,51.0,1.26,0.04,2.4
2025-12-20T13:00:00Z,12.3,11.76,0.0,65.0,1.32,0.54,3.6
2025-12-20T14:00:00Z,12.3,12.05,0.0,100.0,1.38,0.96,3.6
2025-12-20T15:00:00Z,12.1,12.34,0.1,100.0,1.44,1.21,2.7
2025-12-20T16:00:00Z,11.7,12.61,0.1,100.0,1.48,1.18,1.3
2025-12-20T17:00:00Z,11.5,12.51,0.0,100.0,1.52,0.87,0.8
2025-12-20T18:00:00Z,11.4,12.13,0.0,96.0,1.56,0.33,2.2
2025-12-20T19:00:00Z,11.2,12.01,0.0,96.0,1.52,-0.25,3.2
2025-12-20T20:00:00Z,11.0,12.18,0.0,95.0,1.46,-0.71,3.3
2025-12-20T21:00:00Z,10.6,12.37,0.0,97.0,1.42,-0.95,2.6
2025-12-20T22:00:00Z,10.3,11.38,0.0,100.0,1.38,-0.93,1.7
2025-12-20T23:00:00Z,10.0,11.82,0.0,100.0,1.34,-0.57,2.3
2025-12-21T00:00:00Z,9.8,11.88,0.1,100.0,1.3,0.11,4.2
2025-12-21T01:00:00Z,9.9,11.42,0.0,100.0,1.28,0.91,5.6
2025-12-21T02:00:00Z,10.0,11.31,0.0,100.0,1.26,1.59,6.0
2025-12-21T03:00:00Z,10.0,11.2,0.0,99.0,1.24,2.08,4.9
2025-12-21T04:00:00Z,9.9,10.95,0.0,94.0,1.24,2.29,3.3
2025-12-21T05:00:00Z,9.8,10.55,0.0,94.0,1.22,2.12,1.2
2025-12-21T06:00:00Z,9.7,10.39,0.0,93.0,1.22,1.64,1.5
2025-12-21T07:00:00Z,9.6,10.4,0.0,86.0,1.18,0.98,3.2
2025-12-21T08:00:00Z,9.6,10.51,0.0,88.0,1.12,0.33,4.3
2025-12-21T09:00:00Z,9.5,10.19,0.0,99.0,1.08,-0.2,4.5
2025-12-21T10:00:00Z,9.3,8.79,0.0,95.0,1.02,-0.54,3.6
2025-12-21T11:00:00Z,9.4,8.32,0.0,98.0,0.94,-0.59,2.2
2025-12-21T12:00:00Z,9.4,7.93,0.0,99.0,0.88,-0.3,1.0
2025-12-21T13:00:00Z,9.5,7.56,0.0,100.0,0.82,0.19,2.2
2025-12-21T14:00:00Z,9.7,7.45,0.0,93.0,0.74,0.65,2.9
2025-12-21T15:00:00Z,9.8,7.09,0.0,98.0,0.68,0.95,2.5
2025-12-21T16:00:00Z,10.0,6.26,0.0,95.0,0.6,1.05,1.3
2025-12-21T17:00:00Z,10.2,5.57,0.0,91.0,0.54,0.88,0.5
2025-12-21T18:00:00Z,10.3,5.28,0.0,93.0,0.46,0.42,2.4
2025-12-21T19:00:00Z,10.4,5.45,0.0,85.0,0.46,-0.19,3.8
2025-12-21T20:00:00Z,10.5,5.56,0.0,95.0,0.46,-0.77,4.5
2025-12-21T21:00:00Z,10.5,5.53,0.0,90.0,0.46,-1.19,3.9
2025-12-21T22:00:00Z,10.7,4.88,0.0,95.0,0.46,-1.36,2.6
2025-12-21T23:00:00Z,10.9,5.09,0.0,83.0,0.48,-1.22,1.1
2025-12-22T00:00:00Z,11.0,4.87,0.0,97.0,0.48,-0.73,2.3
2025-12-22T01:00:00Z,11.1,4.84,0.0,100.0,0.48,0.04,4.5
2025-12-22T02:00:00Z,11.3,5.14,0.0,99.0,0.48,0.83,5.8
2025-12-22T03:00:00Z,11.4,4.86,0.0,98.0,0.48,1.44,5.4
2025-12-22T04:00:00Z,11.4,4.49,0.0,99.0,0.46,1.79,4.0
2025-12-22T05:00:00Z,11.6,4.13,0.0,80.0,0.42,1.85,2.2
2025-12-22T06:00:00Z,11.7,4.35,0.0,77.0,0.4,1.58,0.4
2025-12-22T07:00:00Z,11.9,4.96,0.0,64.0,0.38,1.04,2.2
2025-12-22T08:00:00Z,11.9,5.5,0.0,52.0,0.36,0.4,3.8
2025-12-22T09:00:00Z,12.0,5.51,0.0,94.0,0.34,-0.2,4.3
2025-12-22T10:00:00Z,12.8,5.31,0.0,100.0,0.38,-0.63,3.8
2025-12-22T11:00:00Z,12.9,5.61,0.0,90.0,0.42,-0.83,2.5
2025-12-22T12:00:00Z,13.1,5.13,0.0,92.0,0.46,-0.71,0.7
2025-12-22T13:00:00Z,13.4,4.54,0.0,93.0,0.44,-0.28,1.5
2025-12-22T14:00:00Z,13.7,4.27,0.0,61.0,0.4,0.26,2.9
2025-12-22T15:00:00Z,13.8,3.98,0.0,44.0,0.38,0.68,2.9
2025-12-22T16:00:00Z,13.9,3.11,0.0,38.0,0.34,0.9,2.1
2025-12-22T17:00:00Z,13.8,2.38,0.0,51.0,0.32,0.89,0.5
2025-12-22T18:00:00Z,13.7,1.89,0.0,40.0,0.28,0.64,1.3
2025-12-22T19:00:00Z,13.6,1.58,0.0,40.0,0.28,0.17,2.9
2025-12-22T20:00:00Z,13.9,1.66,0.0,32.0,0.26,-0.4,4.0
2025-12-22T21:00:00Z,13.8,1.9,0.0,45.0,0.26,-0.91,4.5
2025-12-22T22:00:00Z,13.7,2.06,0.0,77.0,0.24,-1.21,3.8
2025-12-22T23:00:00Z,13.7,2.85,0.0,81.0,0.24,-1.24,2.3
2025-12-23T00:00:00Z,13.8,3.12,0.0,67.0,0.22,-0.97,1.3
2025-12-23T01:00:00Z,13.8,3.66,0.0,74.0,0.22,-0.36,2.9
2025-12-23T02:00:00Z,14.0,3.98,0.0,100.0,0.22,0.45,4.7
2025-12-23T03:00:00Z,14.0,2.57,0.0,100.0,0.22,1.19,5.4
2025-12-23T04:00:00Z,13.9,3.25,0.0,100.0,0.22,1.68,4.5
2025-12-23T05:00:00Z,13.8,3.53,0.0,100.0,0.22,1.92,2.9
2025-12-23T06:00:00Z,13.7,3.44,0.0,97.0,0.22,1.85,0.9
2025-12-23T07:00:00Z,13.6,2.86,0.0,16.0,0.24,1.48,1.3
2025-12-23T08:00:00Z,13.7,3.38,0.0,12.0,0.26,0.89,3.2
2025-12-23T09:00:00Z,13.9,3.68,0.0,100.0,0.28,0.25,4.3
2025-12-23T10:00:00Z,13.9,5.3,0.0,97.0,0.38,-0.27,4.5
2025-12-23T11:00:00Z,13.7,7.19,0.0,100.0,0.46,-0.61,3.8
2025-12-23T12:00:00Z,12.9,8.59,0.0,100.0,0.56,-0.67,2.1
2025-12-23T13:00:00Z,12.2,8.59,0.0,100.0,0.58,-0.41,0.6
2025-12-23T14:00:00Z,11.7,8.48,0.0,91.0,0.6,0.1,2.5
2025-12-23T15:00:00Z,11.2,8.59,0.0,96.0,0.62,0.62,3.6
2025-12-23T16:00:00Z,10.7,8.61,0.0,99.0,0.64,0.94,3.4
2025-12-23T17:00:00Z,10.5,8.79,0.0,100.0,0.64,1.06,2.2
2025-12-23T18:00:00Z,10.4,8.82,0.0,100.0,0.66,0.96,0.8
2025-12-23T19:00:00Z,10.2,8.64,0.2,100.0,0.66,0.65,0.9
2025-12-23T20:00:00Z,10.3,8.64,0.2,100.0,0.68,0.16,2.2
2025-12-23T21:00:00Z,10.4,8.08,0.2,100.0,0.68,-0.37,3.0
2025-12-23T22:00:00Z,10.5,7.3,0.2,100.0,0.66,-0.79,3.1
2025-12-23T23:00:00Z,10.5,8.01,0.1,100.0,0.64,-0.96,2.2
2025-12-24T00:00:00Z,10.5,8.17,0.1,100.0,0.62,-0.85,1.3
2025-12-24T01:00:00Z,10.5,7.9,0.1,100.0,0.64,-0.45,2.5
2025-12-24T02:00:00Z,10.5,8.28,0.1,100.0,0.68,0.23,4.5
2025-12-24T03:00:00Z,10.4,8.86,0.0,100.0,0.7,1.0,5.8
2025-12-24T04:00:00Z,10.4,9.05,0.0,100.0,0.7,1.61,5.8
2025-12-24T05:00:00Z,10.4,8.8,0.1,99.0,0.72,1.95,4.3
2025-12-24T06:00:00Z,10.4,8.94,0.3,100.0,0.72,2.01,2.5
2025-12-24T07:00:00Z,10.3,9.89,0.7,100.0,0.8,1.81,0.4
2025-12-24T08:00:00Z,10.3,10.25,0.7,100.0,0.86,1.35,1.7
2025-12-24T09:00:00Z,10.2,10.59,0.7,100.0,0.94,0.73,3.3
2025-12-24T10:00:00Z,9.8,9.49,0.8,100.0,0.96,0.11,4.2
2025-12-24T11:00:00Z,9.5,9.35,0.7,100.0,1.0,-0.34,3.9
2025-12-24T12:00:00Z,9.3,9.16,0.5,100.0,1.02,-0.57,2.9
2025-12-24T13:00:00Z,9.1,8.98,0.5,100.0,1.0,-0.54,1.5
2025-12-24T14:00:00Z,9.0,9.55,0.6,100.0,1.0,-0.22,1.4
2025-12-24T15:00:00Z,9.0,10.06,0.8,100.0,0.98,0.28,2.9
2025-12-24T16:00:00Z,8.9,10.47,0.6,100.0,1.04,0.73,3.4
2025-12-24T17:00:00Z,8.8,10.83,0.5,100.0,1.08,0.95,2.7
2025-12-24T18:00:00Z,8.8,11.45,0.3,100.0,1.14,0.97,1.5
2025-12-24T19:00:00Z,8.6,11.46,0.3,100.0,1.16,0.81,0.2
2025-12-24T20:00:00Z,8.6,11.48,0.1,100.0,1.18,0.46,1.5
2025-12-24T21:00:00Z,8.6,11.44,0.0,100.0,1.2,-0.02,2.6
2025-12-24T22:00:00Z,8.7,10.55,0.0,95.0,1.2,-0.48,3.2
2025-12-24T23:00:00Z,8.6,11.2,0.0,66.0,1.2,-0.79,2.8
2025-12-25T00:00:00Z,8.5,11.52,0.0,82.0,1.2,-0.85,1.8
2025-12-25T01:00:00Z,8.4,11.39,0.0,63.0,1.2,-0.65,1.5
2025-12-25T02:00:00Z,8.4,11.56,0.0,50.0,1.22,-0.19,2.9
2025-12-25T03:00:00Z,8.5,11.83,0.0,84.0,1.22,0.49,4.6
2025-12-25T04:00:00Z,8.5,11.59,0.0,96.0,1.2,1.19,5.4
2025-12-25T05:00:00Z,8.5,11.73,0.0,96.0,1.18,1.66,4.9
2025-12-25T06:00:00Z,8.4,11.92,0.0,100.0,1.16,1.87,3.2
2025-12-25T07:00:00Z,8.3,11.78,0.0,99.0,1.16,1.83,1.5
2025-12-25T08:00:00Z,8.2,11.63,0.0,98.0,1.16,1.56,0.4
2025-12-25T09:00:00Z,8.0,11.53,0.0,90.0,1.16,1.07,2.2
2025-12-25T10:00:00Z,7.6,10.54,0.0,92.0,1.18,0.46,3.7
2025-12-25T11:00:00Z,7.2,10.86,0.0,85.0,1.18,-0.08,4.1
2025-12-25T12:00:00Z,7.0,10.91,0.0,100.0,1.2,-0.44,3.6
2025-12-25T13:00:00Z,6.9,10.71,0.0,95.0,1.18,-0.54,2.3
2025-12-25T14:00:00Z,6.9,10.53,0.0,95.0,1.16,-0.41,1.1
2025-12-25T15:00:00Z,6.9,10.06,0.0,97.0,1.14,-0.02,1.9
2025-12-25T16:00:00Z,6.8,9.61,0.0,100.0,1.08,0.5,3.3
2025-12-25T17:00:00Z,6.6,9.49,0.0,89.0,1.04,0.9,3.6
2025-12-25T18:00:00Z,6.5,9.44,0.0,93.0,0.98,1.07,2.7
2025-12-25T19:00:00Z,6.3,9.47,0.0,98.0,0.98,1.05,1.1
2025-12-25T20:00:00Z,6.2,9.25,0.0,85.0,1.0,0.86,0.4
2025-12-25T21:00:00Z,6.0,9.0,0.0,73.0,1.0,0.51,1.6
2025-12-25T22:00:00Z,5.9,8.87,0.0,78.0,0.98,0.04,2.8
2025-12-25T23:00:00Z,5.9,8.51,0.0,90.0,0.94,-0.38,3.2
2025-12-26T00:00:00Z,6.0,8.03,0.0,99.0,0.92,-0.64,2.8
2025-12-26T01:00:00Z,6.2,7.55,0.0,100.0,0.84,-0.65,1.7
2025-12-26T02:00:00Z,6.5,7.0,0.0,99.0,0.78,-0.42,1.4
2025-12-26T03:00:00Z,6.9,6.35,0.0,95.0,0.7,0.05,2.7
2025-12-26T04:00:00Z,7.1,6.1,0.0,88.0,0.66,0.67,3.9
2025-12-26T05:00:00Z,7.3,5.82,0.0,95.0,0.62,1.23,4.4
2025-12-26T06:00:00Z,7.5,5.98,0.0,95.0,0.58,1.55,3.6
2025-12-26T07:00:00Z,7.7,5.88,0.0,99.0,0.56,1.62,2.0
2025-12-26T08:00:00Z,7.7,5.62,0.0,100.0,0.56,1.47,0.3
2025-12-26T09:00:00Z,7.8,5.03,0.0,100.0,0.54,1.12,1.6
2025-12-26T10:00:00Z,7.7,4.11,0.0,86.0,0.48,0.59,3.1
2025-12-26T11:00:00Z,7.8,3.54,0.0,85.0,0.44,0.0,4.2
2025-12-26T12:00:00Z,7.9,2.86,0.0,94.0,0.38,-0.48,4.3
2025-12-26T13:00:00Z,8.1,2.74,0.0,89.0,0.34,-0.76,3.5
2025-12-26T14:00:00Z,8.2,2.43,0.0,77.0,0.32,-0.81,2.2
2025-12-26T15:00:00Z,8.4,2.15,0.0,89.0,0.28,-0.63,1.1
2025-12-26T16:00:00Z,8.5,1.9,0.0,76.0,0.26,-0.24,1.9
2025-12-26T17:00:00Z,8.7,2.12,0.0,86.0,0.22,0.22,2.9
2025-12-26T18:00:00Z,8.9,2.15,0.0,49.0,0.2,0.54,2.9
2025-12-26T19:00:00Z,9.2,1.99,0.0,23.0,0.2,0.65,1.8
2025-12-26T20:00:00Z,9.3,1.62,0.0,21.0,0.18,0.6,0.4
2025-12-26T21:00:00Z,9.4,1.44,0.0,15.0,0.18,0.39,1.1
2025-12-26T22:00:00Z,8.9,1.59,0.0,2.0,0.18,0.03,2.2
2025-12-26T23:00:00Z,9.1,1.57,0.0,1.0,0.16,-0.39,3.1
2025-12-27T00:00:00Z,9.3,1.61,0.0,2.0,0.16,-0.75,3.2
2025-12-27T01:00:00Z,9.6,1.66,0.0,0.0,0.16,-0.92,2.7
2025-12-27T02:00:00Z,9.8,1.97,0.0,0.0,0.16,-0.86,1.4
2025-12-27T03:00:00Z,9.9,1.65,0.0,0.0,0.16,-0.59,1.3
2025-12-27T04:00:00Z,9.9,1.67,0.0,0.0,0.16,-0.12,2.6
2025-12-27T05:00:00Z,10.0,1.57,0.0,0.0,0.14,0.46,4.0
2025-12-27T06:00:00Z,10.1,1.02,0.0,0.0,0.14,0.95,4.3
2025-12-27T07:00:00Z,10.2,0.3,0.0,0.0,0.14,1.2,3.4
2025-12-27T08:00:00Z,10.4,0.25,0.0,0.0,0.14,1.22,2.1
2025-12-27T09:00:00Z,10.5,0.57,0.0,0.0,0.14,1.07,0.6
2025-12-27T10:00:00Z,10.1,1.17,0.0,0.0,0.14,0.73,1.4
2025-12-27T11:00:00Z,10.2,0.96,0.0,0.0,0.12,0.25,2.5
2025-12-27T12:00:00Z,10.2,0.75,0.0,0.0,0.12,-0.25,3.2
2025-12-27T13:00:00Z,10.1,0.64,0.0,0.0,0.12,-0.63,3.2
2025-12-27T14:00:00Z,10.2,0.7,0.0,0.0,0.12,-0.79,2.3
2025-12-27T15:00:00Z,10.2,0.87,0.0,2.0,0.12,-0.75,0.9
2025-12-27T16:00:00Z,10.2,0.95,0.0,0.0,0.12,-0.49,0.7
2025-12-27T17:00:00Z,10.2,1.1,0.0,0.0,0.1,-0.05,2.3
2025-12-27T18:00:00Z,10.2,1.48,0.0,0.0,0.1,0.43,3.5
2025-12-27T19:00:00Z,10.2,1.63,0.0,5.0,0.1,0.76,3.3
2025-12-27T20:00:00Z,10.1,1.78,0.0,58.0,0.12,0.9,2.2
2025-12-27T21:00:00Z,10.0,1.91,0.0,100.0,0.12,0.89,1.0
2025-12-27T22:00:00Z,10.0,1.85,0.0,99.0,0.12,0.74,0.4
2025-12-27T23:00:00Z,10.0,1.22,0.0,79.0,0.1,0.43,1.5
2025-12-28T00:00:00Z,10.1,0.76,0.0,93.0,0.1,0.05,2.4
2025-12-28T01:00:00Z,10.2,0.21,0.0,94.0,0.1,-0.27,2.7
2025-12-28T02:00:00Z,10.3,0.6,0.0,94.0,0.1,-0.43,2.1
2025-12-28T03:00:00Z,10.3,1.05,0.0,81.0,0.1,-0.39,1.3
2025-12-28T04:00:00Z,10.2,1.28,0.0,79.0,0.1,-0.18,1.2
2025-12-28T05:00:00Z,10.2,1.19,0.0,49.0,0.08,0.22,2.3
2025-12-28T06:00:00Z,10.4,0.74,0.0,28.0,0.08,0.71,3.3
2025-12-28T07:00:00Z,10.7,0.72,0.0,3.0,0.08,1.08,3.4
2025-12-28T08:00:00Z,11.0,1.4,0.0,1.0,0.1,1.25,2.5
2025-12-28T09:00:00Z,11.3,2.56,0.0,0.0,0.1,1.23,1.3
2025-12-28T10:00:00Z,11.8,2.93,0.0,0.0,0.08,1.05,0.4
2025-12-28T11:00:00Z,12.1,4.12,0.0,0.0,0.08,0.7,1.7
2025-12-28T12:00:00Z,12.4,4.88,0.0,0.0,0.06,0.22,2.7
2025-12-28T13:00:00Z,12.5,5.58,0.0,0.0,0.1,-0.26,3.4
2025-12-28T14:00:00Z,12.5,6.22,0.0,0.0,0.14,-0.61,3.2
2025-12-28T15:00:00Z,12.5,6.72,0.0,0.0,0.18,-0.77,2.3
2025-12-28T16:00:00Z,12.5,6.85,0.0,0.0,0.22,-0.74,1.1
2025-12-28T17:00:00Z,12.5,6.91,0.0,0.0,0.24,-0.5,0.5
2025-12-28T18:00:00Z,12.5,6.73,0.0,0.0,0.28,-0.08,2.1
2025-12-28T19:00:00Z,12.4,6.51,0.0,0.0,0.28,0.39,3.0
2025-12-28T20:00:00Z,12.4,5.93,0.0,0.0,0.28,0.7,2.8
2025-12-28T21:00:00Z,12.3,5.61,0.0,0.0,0.28,0.86,1.9
2025-12-28T22:00:00Z,12.2,5.02,0.0,0.0,0.24,0.88,0.8
2025-12-28T23:00:00Z,12.2,4.82,0.0,0.0,0.22,0.75,1.0
2025-12-29T00:00:00Z,12.2,4.59,0.0,0.0,0.18,0.45,2.3
2025-12-29T01:00:00Z,12.2,4.27,0.0,0.0,0.2,0.08,3.2
2025-12-29T02:00:00Z,12.0,3.82,0.0,0.0,0.2,-0.25,3.5
2025-12-29T03:00:00Z,11.7,3.53,0.0,0.0,0.22,-0.43,3.1
2025-12-29T04:00:00Z,11.4,3.47,0.0,0.0,0.2,-0.46,2.2
2025-12-29T05:00:00Z,11.3,3.2,0.0,0.0,0.16,-0.32,1.0
2025-12-29T06:00:00Z,11.5,2.7,0.0,35.0,0.14,0.01,0.6
2025-12-29T07:00:00Z,11.7,2.11,0.0,95.0,0.12,0.43,1.8
2025-12-29T08:00:00Z,12.0,1.23,0.0,99.0,0.12,0.76,2.2
2025-12-29T09:00:00Z,12.1,0.47,0.0,98.0,0.1,0.93,1.7
2025-12-29T10:00:00Z,12.2,0.76,0.0,94.0,0.08,0.95,0.8
2025-12-29T11:00:00Z,11.9,1.49,0.0,98.0,0.06,0.82,0.6
2025-12-29T12:00:00Z,12.0,2.61,0.0,99.0,0.04,0.52,1.8
2025-12-29T13:00:00Z,11.9,4.08,0.0,90.0,0.1,0.09,2.7
2025-12-29T14:00:00Z,11.6,5.08,0.0,93.0,0.18,-0.35,3.1
2025-12-29T15:00:00Z,11.4,5.27,0.0,94.0,0.24,-0.66,3.0
2025-12-29T16:00:00Z,11.3,5.06,0.0,94.0,0.28,-0.8,2.1
2025-12-29T17:00:00Z,11.4,4.97,0.0,97.0,0.32,-0.75,1.0
2025-12-29T18:00:00Z,11.4,4.7,0.0,86.0,0.36,-0.48,1.2
2025-12-29T19:00:00Z,11.5,4.49,0.0,74.0,0.38,-0.01,2.8
2025-12-29T20:00:00Z,11.7,4.88,0.0,22.0,0.4,0.49,3.8
2025-12-29T21:00:00Z,11.9,5.77,0.0,1.0,0.42,0.89,3.8
2025-12-29T22:00:00Z,11.8,7.3,0.0,0.0,0.46,1.14,3.1
2025-12-29T23:00:00Z,12.0,7.01,0.0,3.0,0.48,1.27,2.0
2025-12-30T00:00:00Z,12.1,6.9,0.0,8.0,0.52,1.2,0.8
2025-12-30T01:00:00Z,12.2,6.96,0.0,14.0,0.56,0.93,0.9
2025-12-30T02:00:00Z,12.2,7.08,0.0,30.0,0.58,0.54,1.9
2025-12-30T03:00:00Z,12.0,7.27,0.0,20.0,0.62,0.18,2.3
2025-12-30T04:00:00Z,11.8,7.66,0.0,10.0,0.68,-0.07,1.9
2025-12-30T05:00:00Z,11.7,8.47,0.0,18.0,0.72,-0.19,1.3
2025-12-30T06:00:00Z,11.6,8.84,0.0,16.0,0.78,-0.14,0.9
2025-12-30T07:00:00Z,11.6,8.83,0.0,18.0,0.78,0.12,1.8
2025-12-30T08:00:00Z,11.5,8.56,0.0,9.0,0.76,0.49,3.1
2025-12-30T09:00:00Z,11.4,8.58,0.0,17.0,0.76,0.81,3.6
2025-12-30T10:00:00Z,11.1,8.48,0.0,19.0,0.8,1.0,3.2
2025-12-30T11:00:00Z,11.1,9.01,0.0,25.0,0.82,1.08,2.3
2025-12-30T12:00:00Z,11.1,9.18,0.0,43.0,0.86,0.99,1.1
2025-12-30T13:00:00Z,11.0,9.04,0.0,89.0,0.9,0.69,0.4
2025-12-30T14:00:00Z,10.9,9.13,0.0,84.0,0.94,0.25,1.7
2025-12-30T15:00:00Z,10.8,9.3,0.0,49.0,0.98,-0.21,2.4
2025-12-30T16:00:00Z,10.8,9.26,0.0,47.0,0.96,-0.55,2.3
2025-12-30T17:00:00Z,10.9,9.12,0.0,54.0,0.92,-0.74,1.6
2025-12-30T18:00:00Z,11.0,9.13,0.0,73.0,0.9,-0.72,1.0
2025-12-30T19:00:00Z,11.0,9.34,0.0,94.0,0.94,-0.46,1.7
2025-12-30T20:00:00Z,11.0,9.9,0.0,93.0,1.0,0.04,3.5
2025-12-30T21:00:00Z,11.0,10.58,0.0,96.0,1.04,0.61,4.9
2025-12-30T22:00:00Z,11.1,11.42,0.0,89.0,1.16,1.11,5.0
2025-12-30T23:00:00Z,10.9,11.31,0.0,85.0,1.26,1.49,4.5
2025-12-31T00:00:00Z,10.8,11.13,0.0,93.0,1.38,1.71,3.4
2025-12-31T01:00:00Z,10.6,10.95,0.0,88.0,1.36,1.67,1.8
2025-12-31T02:00:00Z,10.6,10.86,0.0,74.0,1.32,1.38,0.6
2025-12-31T03:00:00Z,10.5,10.86,0.0,76.0,1.3,0.95,1.5
2025-12-31T04:00:00Z,10.4,10.82,0.0,100.0,1.22,0.52,2.3
2025-12-31T05:00:00Z,10.4,10.64,0.0,65.0,1.16,0.18,2.4
2025-12-31T06:00:00Z,10.5,10.82,0.0,78.0,1.08,-0.04,2.0
2025-12-31T07:00:00Z,10.6,10.98,0.0,68.0,1.16,-0.07,1.3
2025-12-31T08:00:00Z,10.6,11.19,0.0,81.0,1.24,0.15,1.3
2025-12-31T09:00:00Z,10.3,11.71,0.0,79.0,1.32,0.51,2.4
2025-12-31T10:00:00Z,9.7,11.76,0.0,66.0,1.36,0.85,3.1
2025-12-31T11:00:00Z,9.5,12.27,0.0,59.0,1.4,1.11,2.7
2025-12-31T12:00:00Z,9.2,11.38,0.0,67.0,1.44,1.26,2.0
2025-12-31T13:00:00Z,8.9,11.05,0.0,89.0,1.38,1.21,0.7
2025-12-31T14:00:00Z,8.7,10.6,0.0,100.0,1.3,0.92,0.8
2025-12-31T15:00:00Z,8.5,10.0,0.0,100.0,1.24,0.46,1.9
2025-12-31T16:00:00Z,8.3,9.66,0.0,100.0,1.2,-0.02,2.7
2025-12-31T17:00:00Z,8.2,9.67,0.0,100.0,1.18,-0.39,2.7
2025-12-31T18:00:00Z,8.1,9.71,0.0,100.0,1.14,-0.61,2.3
2025-12-31T19:00:00Z,8.0,9.61,0.0,100.0,1.12,-0.62,1.5
2025-12-31T20:00:00Z,8.0,9.55,0.0,100.0,1.1,-0.34,1.5
2025-12-31T21:00:00Z,7.9,9.64,0.1,100.0,1.08,0.19,3.2
2025-12-31T22:00:00Z,7.6,9.19,0.1,100.0,1.1,0.81,4.6
2025-12-31T23:00:00Z,7.4,10.4,0.3,100.0,1.1,1.37,4.9
