episode_index,environment_steps,optimizer_step_calls_at_observation,sb3_update_counter_at_observation,record_phase,episode_metrics.aux_shift_kwh,episode_metrics.bess_throughput_kwh,episode_metrics.carbon_delta_kg,episode_metrics.carbon_kg,episode_metrics.degradation_cost_cny,episode_metrics.demand_charge_cny,episode_metrics.energy_cost_cny,episode_metrics.financial_delta_cny,episode_metrics.flex_deadline_violation_kwh,episode_metrics.guardrail_violation_rate,episode_metrics.guardrail_violations,episode_metrics.max_flex_age_hours,episode_metrics.nonzero_bess_action_rate,episode_metrics.nonzero_bess_actions,episode_metrics.nonzero_flex_action_rate,episode_metrics.nonzero_flex_actions,episode_metrics.peak_kw,episode_metrics.physical_power_violations,episode_metrics.projection_count,episode_metrics.projection_rate,episode_metrics.reserve_shortfall_kwh,episode_metrics.reward,episode_metrics.shore_sla_violation_kwh,episode_metrics.soc_max_observed,episode_metrics.soc_min_observed,episode_metrics.temperature_max_c,episode_metrics.terminal_flex_backlog_kwh,episode_metrics.terminal_soc_error,episode_metrics.total_cost_cny,episode_metrics.training_reward
1,168,0,0,after_environment_step_before_replay_storage_and_optimizer,9913.312291922026,119578.67610490225,3531.688520425778,2155139.8175033387,9566.29408839218,235815.9027926282,2711060.982900708,18148.477411414806,0.0,0.0,0.0,12.0,0.9226190476190477,155.0,0.8273809523809523,139.0,26983.633613724138,0.0,0.0,0.0,0.0,-3.399317892104432,0.0,0.7023714677743066,0.5007513310761177,32.253015904426576,0.0,0.0,2956443.1797817284,-373.2774686911365
2,336,0,0,after_environment_step_before_replay_storage_and_optimizer,9367.596269377547,118884.58949514569,2851.648658286451,2176880.7411963926,9510.767159611665,243011.88898850096,2750883.893436487,31022.437769101685,0.0,0.0,0.0,12.0,0.8630952380952381,145.0,0.8333333333333334,140.0,27807.046507847735,0.0,0.0,0.0,0.0,-3.889239337787133,0.0,0.6324252645898482,0.42647596238753,25.25188343620291,0.0,0.0,3003406.549584599,-383.2440815084247
3,504,0,0,after_environment_step_before_replay_storage_and_optimizer,7917.698308800316,127333.97657704506,2694.0468289297187,2066266.320303716,10186.718126163609,225469.9476332243,2612488.250052198,28887.240583041006,0.0,0.0,0.0,12.0,0.9345238095238095,157.0,0.8035714285714286,135.0,25799.78019205363,0.0,1.0,0.005952380952380952,0.0,-3.6710279649054183,0.0,0.6952982767417665,0.44000150725118514,32.0,0.0,0.0,2848144.915811586,-359.9599492295823
4,672,0,0,after_environment_step_before_replay_storage_and_optimizer,8153.057292729955,132408.98886588687,3290.928863142766,2108704.1443617195,10592.71910927096,229173.66515486754,2663287.320241191,27090.919055536753,0.0,0.0,0.0,12.0,0.9404761904761905,158.0,0.7619047619047619,128.0,26223.584335155192,0.0,1.0,0.005952380952380952,0.0,-3.788398686747201,0.0,0.7186535433770762,0.47551483513175796,25.34421617445422,0.0,0.0,2903053.7045053295,-398.7289043291052
5,840,0,0,after_environment_step_before_replay_storage_and_optimizer,11272.159561440341,118003.47813736332,2965.904299568585,2106149.5889296248,9440.27825098906,223679.48486418545,2664723.7070979928,25168.62802460066,0.0,0.0,0.0,12.0,0.9107142857142857,153.0,0.8214285714285714,138.0,25594.903460727986,0.0,1.0,0.005952380952380952,0.0,-3.5305329894264137,0.0,0.7338947098414768,0.4179806668988159,27.799999237060547,0.0,0.0,2897843.4702131674,-363.11548408849
6,1008,0,0,after_environment_step_before_replay_storage_and_optimizer,10450.593631461337,127456.70130554754,2603.471321959525,2052432.993393613,10196.536104443805,234599.74729100583,2598561.005165282,46086.77784616047,0.0,0.0,0.0,12.0,0.9107142857142857,153.0,0.8333333333333334,140.0,26844.47296304507,0.0,0.0,0.0,0.0,-3.84807139700125,0.0,0.7205079468215713,0.4336868019542662,25.62244512912867,0.0,0.0,2843357.288560732,-438.7115949875646
7,1176,0,0,after_environment_step_before_replay_storage_and_optimizer,11383.594309998627,125676.18102675563,2733.567207301401,2029223.1518971457,10054.094482140448,225757.14524925718,2568071.552139152,34289.696796379554,0.0,0.0,0.0,12.0,0.875,147.0,0.7976190476190477,134.0,25832.64326512882,0.0,1.0,0.005952380952380952,0.0,-3.5056757569708057,0.0,0.7114970059880239,0.44859444782590363,25.786290954120354,0.0,0.0,2803882.79187055,-390.13386056600996
8,1344,0,0,after_environment_step_before_replay_storage_and_optimizer,11177.681469611085,114543.05994197809,2670.3655518174,2091020.4222397136,9163.444795358257,228284.47716177892,2643676.688828709,29771.398137690914,0.0,0.0,0.0,12.0,0.9285714285714286,156.0,0.875,147.0,26121.837494780626,0.0,1.0,0.005952380952380952,0.0,-3.4958992883599427,0.0,0.7555102715986262,0.507131207298868,28.899999618530273,0.0,0.0,2881124.6107858466,-362.48623483384654
9,1512,0,0,after_environment_step_before_replay_storage_and_optimizer,8114.211008983155,127675.26220765423,2413.5181374928943,2195655.661030495,10214.02097661234,243094.3196711676,2776665.564218617,38338.09972513307,0.0,0.0,0.0,12.0,0.9404761904761905,158.0,0.7797619047619048,131.0,27816.478778162273,0.0,1.0,0.005952380952380952,0.0,-4.670107890838828,0.0,0.7246030997389613,0.4711377245508982,32.4405880916573,0.0,0.0,3029973.904866397,-384.77194962509685
10,1680,0,0,after_environment_step_before_replay_storage_and_optimizer,9586.524003608745,122992.89681647733,2935.5485747827315,2103782.1484964294,9839.431745318192,227385.05743817068,2659766.5274414322,26192.98677727662,0.0,0.0,0.0,12.0,0.9464285714285714,159.0,0.7857142857142857,132.0,26018.91987133203,0.0,0.0,0.0,0.0,-3.6846766226930145,0.0,0.6701737875565554,0.4255493873674163,25.475345763348894,0.0,0.0,2896991.016624921,-365.80881986900135
11,1848,0,0,after_environment_step_before_replay_storage_and_optimizer,11965.42326684709,126827.25402096129,2608.112703129218,2084708.0092323427,10146.180321676906,235130.17191175456,2639315.4474576726,38942.84548929137,0.0,0.0,0.0,12.0,0.8928571428571429,150.0,0.8869047619047619,149.0,26905.167697609133,0.0,0.0,0.0,0.0,-3.9222694159817997,0.0,0.7011394285960455,0.4610481951992749,25.978973765393683,0.0,0.0,2884591.7996911043,-403.3632436967941
12,2016,22,15,after_environment_step_before_replay_storage_and_optimizer,9833.61076992581,119749.06210700612,2528.4912135974064,2084075.0199027786,9579.924968560492,229910.69039271766,2637185.4709297926,31887.719829177702,0.0,0.0,0.0,12.0,0.8988095238095238,151.0,0.8333333333333334,140.0,26307.919694843396,0.0,1.0,0.005952380952380952,0.0,-3.8313564638539477,0.0,0.7042745138715717,0.41819892335918013,25.014996856273882,0.0,0.0,2876676.086291071,-361.7178962336811
13,2184,274,183,after_environment_step_before_replay_storage_and_optimizer,23.01528732785511,25129.627404142968,455.5590782367799,2181585.090583769,2010.3701923314372,234326.13287043702,2758201.30661828,14353.980785114883,0.0,0.0,0.0,12.0,0.9880952380952381,166.0,0.03571428571428571,6.0,26813.16417008995,0.0,0.0,0.0,0.0,-0.9394006257360049,0.0,0.7485501123634761,0.49746307751775176,24.348518977004897,0.0,0.0,2994537.809681048,-108.21463018451675
14,2352,526,351,after_environment_step_before_replay_storage_and_optimizer,229.5862013270721,17691.377245509095,597.1593052188,2237082.5558497584,1415.3101796407207,228885.24249114707,2824985.338304432,-498.231273715207,0.0,0.0,0.0,4.0,1.0,168.0,0.023809523809523808,4.0,26190.5810839259,0.0,0.0,0.0,0.0,-0.26759198808994517,0.0,0.58,0.40323353293413167,33.05483564834362,0.0,0.0,3055285.8909752197,-45.28158804892791
15,2520,778,519,after_environment_step_before_replay_storage_and_optimizer,194.20658561707504,17672.318145414978,529.3909513572307,2072812.777437252,1413.785451633191,213766.8873833442,2618328.6329181646,2333.137156018847,0.0,0.0,0.0,4.0,1.0,168.0,0.017857142857142856,3.0,24460.6377245509,0.0,0.0,0.0,0.0,-0.4567208006962283,0.0,0.58,0.40342396524148333,26.89488349849995,0.0,0.0,2833509.305753142,-54.01696188867268
16,2688,1030,687,after_environment_step_before_replay_storage_and_optimizer,812.8567269938515,17691.37724550909,200.92453214177112,2162010.6756885,1415.3101796407202,224192.4863309828,2737127.2146980795,4841.41713901895,0.0,0.0,0.0,6.0,1.0,168.0,0.08928571428571429,15.0,25653.6045214259,0.0,0.0,0.0,0.0,-0.6635660440960967,0.0,0.58,0.40323353293413167,25.2279062971052,0.0,0.0,2962735.011208703,-40.28104826643642
17,2856,1282,855,after_environment_step_before_replay_storage_and_optimizer,13822.23040560064,17677.926435228288,361.9824140521996,2081843.6579496826,1414.2341148182559,211901.38842087422,2629825.4033956663,1571.2484729236548,0.0,0.0,0.0,12.0,1.0,168.0,0.6904761904761905,116.0,24247.17484985097,0.0,0.0,0.0,0.0,-0.32076289766913685,0.0,0.58,0.40336792904018465,25.376917090491006,0.0,0.0,2843141.025931359,-36.814835488794216
18,3024,1534,1023,after_environment_step_before_replay_storage_and_optimizer,1245.7110018806147,17691.377245509088,373.7021775067351,2252942.148235171,1415.3101796407202,231718.6955198945,2845640.624889156,2046.0334458959928,0.0,0.0,0.0,6.0,1.0,168.0,0.17261904761904762,29.0,26514.8037401759,0.0,0.0,0.0,0.0,-0.46773229694316376,0.0,0.58,0.40323353293413167,32.65536787288348,0.0,0.0,3078774.6305886908,-40.126341430018726
19,3192,1786,1191,after_environment_step_before_replay_storage_and_optimizer,9264.15243746008,17583.502994012088,303.8609014078211,2064172.4745085735,1406.68023952096,210921.35654419265,2608884.8079928295,3708.180164985647,0.0,0.0,0.0,12.0,1.0,168.0,0.5476190476190477,92.0,24135.03304441302,0.0,0.0,0.0,0.0,-0.4243943427983857,0.0,0.58,0.4043113772455089,25.166113578744934,0.0,0.0,2821212.844776543,-42.849772937553894
20,3360,2038,1359,after_environment_step_before_replay_storage_and_optimizer,1726.975356860799,17210.556454590664,318.00599150062044,2099843.504143378,1376.8445163672457,212880.77829710185,2654396.2867644,1958.0488848763493,0.0,0.0,0.0,12.0,1.0,168.0,0.35714285714285715,60.0,24359.243193300896,0.0,1.0,0.005952380952380952,0.0,-0.40689745084650725,0.0,0.58,0.4080377373396447,24.75207635388315,0.0,0.0,2868653.909577869,-35.23072374443136
21,3528,2290,1527,after_environment_step_before_replay_storage_and_optimizer,2226.4795604768137,17083.87339055193,338.3642588601542,2064195.5999635477,1366.7098712441468,211352.06346137295,2607380.296593354,1581.7909787139486,0.0,0.0,0.0,12.0,1.0,168.0,0.35119047619047616,59.0,24184.3174120509,0.0,0.0,0.0,0.0,-0.3687455010546358,0.0,0.58,0.40930351316684266,25.92521133899689,0.0,0.0,2820099.0699259713,-34.978095602382034
22,3696,2542,1695,after_environment_step_before_replay_storage_and_optimizer,0.0,17691.37724550909,209.80628044041805,2217166.0704256343,1415.3101796407204,228701.68473960707,2804738.3505843836,4860.930923950379,0.0,0.0,0.0,0.0,1.0,168.0,0.0,0.0,26169.577177675903,0.0,0.0,0.0,0.0,-0.7300564635656767,0.0,0.58,0.40323353293413167,32.0,0.0,0.0,3034855.345503631,-41.08915705498529
23,3864,2794,1863,after_environment_step_before_replay_storage_and_optimizer,1620.260766594189,16726.398168321455,430.39846558132194,2061085.0549274245,1338.1118534657085,210948.0452375536,2601928.4526186907,237.51841069593462,0.0,0.0,0.0,12.0,1.0,168.0,0.2916666666666667,49.0,24138.086943300896,0.0,0.0,0.0,0.0,-0.2971566902125621,0.0,0.58,0.4128752889093619,24.43,0.0,0.0,2814214.6097097103,-35.61946929998539
24,4032,3046,2031,after_environment_step_before_replay_storage_and_optimizer,143.26653404532547,16711.915810993796,296.00564798670894,2121935.401168563,1336.953264879496,217470.14880531546,2682840.081055739,2397.5163261032603,0.0,0.0,0.0,11.0,0.9821428571428571,165.0,0.041666666666666664,7.0,24884.3896776759,0.0,0.0,0.0,0.0,-0.4819344514635128,0.0,0.58,0.41301999189681565,26.68,0.0,0.0,2901647.183125934,-35.66803346945302
25,4200,3298,2199,after_environment_step_before_replay_storage_and_optimizer,605.4606979943715,16721.33789580659,303.2296018745037,2161096.5801377245,1337.7070316645193,221215.0239336522,2731556.273538781,2196.0263685644054,0.0,0.0,0.0,9.0,0.9940476190476191,167.0,0.06547619047619048,11.0,25312.9033495509,0.0,0.0,0.0,0.0,-0.5167258699867081,0.0,0.58,0.41293413173652693,24.43,0.0,0.0,2954109.0045040976,-35.238499992782295
26,4368,3550,2367,after_environment_step_before_replay_storage_and_optimizer,760.1129330576816,16815.85849348303,278.00096263638807,2110293.0106140273,1345.2686794786346,214252.22131558234,2665799.460927128,3093.637024951545,0.0,0.0,0.0,12.0,0.9880952380952381,166.0,0.16666666666666666,28.0,24516.172880800896,0.0,1.0,0.005952380952380952,0.0,-0.4727262240230201,0.0,0.58,0.41198143053972086,24.423539321422577,0.0,0.0,2881396.950922189,-37.7082621356688
27,4536,3802,2535,after_environment_step_before_replay_storage_and_optimizer,0.0,17044.131736527048,277.22627799795373,2152372.7159327855,1363.5305389221562,220301.02444699922,2722048.9512159056,3332.5375619187853,0.0,0.0,0.0,0.0,0.9880952380952381,166.0,0.0,0.0,25208.3174120509,0.0,0.0,0.0,0.0,-0.5602451045663552,0.0,0.58,0.4097005988023952,24.34779480114803,0.0,0.0,2943713.506201827,-38.84079004943016
28,4704,4054,2703,after_environment_step_before_replay_storage_and_optimizer,2104.623056900438,16946.054925455675,328.9487412491417,2069592.8052435757,1355.6843940364465,211716.07244494584,2616963.4000346977,3092.570301543931,0.0,0.0,0.0,12.0,0.9880952380952381,166.0,0.31547619047619047,53.0,24225.9697558009,0.0,0.0,0.0,0.0,-0.4543388972864988,0.0,0.58,0.4112696283385282,30.700000762939453,0.0,0.0,2830035.15687368,-41.77875080765096
29,4872,4306,2871,after_environment_step_before_replay_storage_and_optimizer,475.68904908759123,17691.377245509088,482.01440657940475,2106942.142268414,1415.31017964072,214252.2213155824,2661676.806243564,2269.263793192682,0.0,0.0,0.0,6.0,1.0,168.0,0.07738095238095238,13.0,24516.1728808009,0.0,0.0,0.0,0.0,-0.4348425908076393,0.0,0.58,0.40323353293413167,25.192983660527585,0.0,0.0,2877344.337738787,-49.90747149231584
30,5040,4558,3039,after_environment_step_before_replay_storage_and_optimizer,4342.79161895295,16363.695717356733,353.7748299180166,2068374.329050691,1309.0956573885305,212283.42450841574,2614690.3991427533,3311.372369831899,0.0,0.0,0.0,12.0,0.9761904761904762,164.0,0.3869047619047619,65.0,24290.889975469567,0.0,1.0,0.005952380952380952,0.0,-0.4146082822533602,0.0,0.58,0.41650104162306695,25.777676014900205,0.0,0.0,2828282.9193085576,-44.858848242600814
31,5208,4810,3207,after_environment_step_before_replay_storage_and_optimizer,201.72011867952665,16912.198030521587,562.4089493224401,2136707.2033571275,1352.9758424417196,220615.43153118814,2698600.457088193,1245.1813139343715,0.0,0.0,0.0,2.0,1.0,168.0,0.017857142857142856,3.0,25244.2939745509,0.0,0.0,0.0,0.0,-0.45484335213470745,0.0,0.58,0.4110188373303431,32.21103026239258,0.0,0.0,2920568.864461823,-51.21862251546702
32,5376,5062,3375,after_environment_step_before_replay_storage_and_optimizer,5436.715448821295,16047.675160018061,327.9446353161784,2060247.49518848,1283.8140128014368,210179.65958560293,2604406.8287464054,2505.140572659583,0.0,0.0,0.0,12.0,0.9761904761904762,164.0,0.49404761904761907,83.0,24050.1631151759,0.0,0.0,0.0,0.0,-0.40492880266776604,0.0,0.58,0.4196568676767563,27.899999618530273,0.0,0.0,2815870.3023448098,-38.76127368859213
33,5544,5314,3543,after_environment_step_before_replay_storage_and_optimizer,5487.992087216054,17097.55301025617,496.09918175104394,2069453.475063731,1367.8042408204863,210179.65958560293,2614857.260907404,2112.9272747126493,0.0,0.0,0.0,12.0,0.9821428571428571,165.0,0.47619047619047616,80.0,24050.1631151759,0.0,1.0,0.005952380952380952,0.0,-0.41974386523505963,0.0,0.58,0.40916683087171285,27.840796264141797,0.0,0.0,2826404.7247338276,-50.252570913646835
34,5712,5566,3711,after_environment_step_before_replay_storage_and_optimizer,526.891411422228,16563.994819346015,357.4773907590388,2132895.1043398087,1325.1195855476733,217874.9692621943,2695934.7298663133,3108.86186822906,0.0,0.0,0.0,12.0,0.9761904761904762,164.0,0.11904761904761904,20.0,24930.7119433009,0.0,0.0,0.0,0.0,-0.5245356066534425,0.0,0.58,0.41976410851117085,32.282039670944215,0.0,0.0,2915134.818714055,-44.14250060186842
35,5880,5818,3879,after_environment_step_before_replay_storage_and_optimizer,13343.087774906846,16042.67620692118,351.66409310657946,2055565.2689356385,1283.4140965536862,212945.1028886527,2597017.5275393645,3046.036590851612,0.0,0.0,0.0,12.0,0.9464285714285714,159.0,0.8095238095238095,136.0,24366.6036435089,0.0,0.0,0.0,0.0,-0.3883689166346278,0.0,0.58,0.4262349369223593,32.0,0.0,0.0,2811246.044524571,-43.363310402784435
36,6048,6070,4047,after_environment_step_before_replay_storage_and_optimizer,2485.9447862881666,18501.33914715489,517.782349901312,2147952.537704203,1480.1071317723872,223701.21246034626,2712321.210897915,1635.787615023309,0.0,0.0,0.0,12.0,0.9821428571428571,165.0,0.22023809523809523,37.0,25597.3896776759,0.0,0.0,0.0,0.0,-0.5035659819981224,0.0,0.58,0.4165957356841852,24.160247485218548,0.0,0.0,2937502.5304900333,-49.60152606722152
37,6216,6322,4215,after_environment_step_before_replay_storage_and_optimizer,9491.409593062823,17536.48449807633,434.29011860222454,2096805.4853415622,1402.9187598460994,216194.94922843607,2649137.4995949115,2039.5509606724981,0.0,0.0,0.0,12.0,1.0,168.0,0.5178571428571429,87.0,24738.472808798957,0.0,0.0,0.0,0.0,-0.45480166319903625,0.0,0.58,0.4053958122256097,25.12890128035685,0.0,0.0,2866735.367583194,-44.94096429154046
38,6384,6574,4383,after_environment_step_before_replay_storage_and_optimizer,13305.204280833046,16519.36337022318,456.5013546256396,2080705.6778012917,1321.5490696178472,215388.94321589463,2627043.2001171545,2593.6453088245717,0.0,0.0,0.0,12.0,0.9880952380952381,166.0,0.7142857142857143,120.0,24646.244207269898,0.0,0.0,0.0,0.0,-0.38578687162684794,0.0,0.58,0.4166033046866947,29.299999237060547,0.0,0.0,2843753.692402667,-49.48833491417403
39,6552,6826,4551,after_environment_step_before_replay_storage_and_optimizer,5783.642035295015,16436.117024491323,399.45908097591564,2150611.776711801,1314.8893619592977,220440.46315830815,2716658.6593421423,433.0398525088911,0.0,0.0,0.0,12.0,0.9702380952380952,163.0,0.40476190476190477,68.0,25224.27292248498,0.0,0.0,0.0,0.0,-0.35911145029628705,0.0,0.58,0.41750447568170157,24.355983953475953,0.0,0.0,2938414.0118624098,-34.121925740617655
40,6720,7078,4719,after_environment_step_before_replay_storage_and_optimizer,9593.75117430886,19020.280891364284,575.2575275429153,2082230.515757722,1521.6224713091397,212532.11415439143,2629918.840075708,-1165.9461456150057,0.0,0.0,0.0,12.0,0.9940476190476191,167.0,0.5357142857142857,90.0,24319.3467089259,0.0,0.0,0.0,0.0,-0.35515650835339413,0.0,0.601613904199541,0.41625957101736333,24.292011006275132,0.0,0.0,2843972.5767014087,-40.19087147535816
41,6888,7330,4887,after_environment_step_before_replay_storage_and_optimizer,6876.101867590576,17259.880239521062,525.9064960780706,2176854.127713594,1380.7904191616778,222404.56487307727,2750864.6972232773,1194.5926482606487,0.0,0.0,0.0,12.0,1.0,168.0,0.4583333333333333,77.0,25449.0185839259,0.0,0.0,0.0,0.0,-0.44864344119420774,0.0,0.58,0.4075449101796407,24.66179983171107,0.0,0.0,2974650.0525155165,-48.045482927548875
42,7056,7582,5055,after_environment_step_before_replay_storage_and_optimizer,3840.8390326895146,16530.553173337048,413.326138392762,2214146.57447191,1322.4442538669557,228876.87878478155,2795633.437524923,1904.1581698757088,0.0,0.0,0.0,12.0,0.9821428571428571,165.0,0.2619047619047619,44.0,26189.6240526759,0.0,0.0,0.0,0.0,-0.5456355987544211,0.0,0.58,0.41483210817648336,30.5,0.0,0.0,3025832.760563572,-42.58688192079949
43,7224,7834,5223,after_environment_step_before_replay_storage_and_optimizer,3252.7710303349904,18583.572885711637,478.8240427928449,2246625.4357836214,1486.6858308569267,231843.48543262552,2836438.832984232,1712.3254646671412,0.0,0.0,0.0,10.0,0.9821428571428571,165.0,0.20833333333333334,35.0,26529.0830370509,0.0,0.0,0.0,0.0,-0.48819127046761474,0.0,0.58,0.41077844311377243,32.0,0.0,0.0,3069769.0042477148,-46.86755074676325
44,7392,8086,5391,after_environment_step_before_replay_storage_and_optimizer,12794.661361989456,16312.605322804136,538.8465195101853,2099768.6031181538,1305.0084258243232,220197.6681174002,2651450.58112413,-784.5947063600557,0.0,0.0,0.0,12.0,0.9642857142857143,162.0,0.8035714285714286,135.0,25196.490689185594,0.0,0.0,0.0,0.0,-0.2948979861836499,0.0,0.58,0.42057390687495305,24.0,0.0,0.0,2872953.257667355,-39.184748029014486
45,7560,8338,5559,after_environment_step_before_replay_storage_and_optimizer,11504.768297605135,23075.781649724573,550.1224152763134,2060682.3870833134,1846.0625319779667,212206.38584569862,2601846.3372739227,164.34621247033772,0.0,0.0,0.0,12.0,0.9166666666666666,154.0,0.7023809523809523,118.0,24282.07469615959,0.0,0.0,0.0,0.0,-0.41398814887645335,0.0,0.6317107166631416,0.4606513474646764,31.200000762939453,0.0,0.0,2815898.785651599,-44.8315242844568
46,7728,8590,5727,after_environment_step_before_replay_storage_and_optimizer,10308.579239951952,16459.654972495264,593.193311147972,2099256.2465083227,1316.7723977996131,214751.73941106495,2650797.4550096677,-177.09193922421684,0.0,0.0,0.0,12.0,0.9821428571428571,165.0,0.5833333333333334,98.0,24573.3310839259,0.0,0.0,0.0,0.0,-0.3099620175754523,0.0,0.58,0.4155404998584995,24.292746942043305,0.0,0.0,2866865.966818532,-46.57000519571669
47,7896,8842,5895,after_environment_step_before_replay_storage_and_optimizer,11429.311528039956,16944.4859050163,592.1471262332489,2069203.4336563542,1355.5588724012991,215097.24582790272,2612204.4109203373,-264.2363086167017,0.0,0.0,0.0,12.0,0.9166666666666666,154.0,0.625,105.0,24612.8662401759,0.0,0.0,0.0,0.0,-0.3032608654970311,0.0,0.6069039316164351,0.4464608885029159,24.0,0.0,0.0,2828657.215620641,-46.050588555576354
48,8064,9094,6063,after_environment_step_before_replay_storage_and_optimizer,13684.471556248447,18521.073681543337,618.9083530456228,2065709.0368917726,1481.6858945234637,210616.22205934185,2606747.624991123,-840.546027710159,0.0,0.0,0.0,12.0,0.9761904761904762,164.0,0.7738095238095238,130.0,24100.117514779013,0.0,1.0,0.005952380952380952,0.0,-0.3010931547670635,0.0,0.6087049102435129,0.4237058032582868,24.0,0.0,0.0,2818845.5329449885,-45.309938105099036
49,8232,9346,6231,after_environment_step_before_replay_storage_and_optimizer,16028.943953342456,16886.73612725174,392.04080195336064,2028813.4014285281,1350.938890180132,209179.24082276924,2562130.4643888464,130.4701437214124,0.0,0.0,0.0,12.0,0.9821428571428571,165.0,0.8154761904761905,137.0,23935.6885058009,0.0,0.0,0.0,0.0,-0.28855024703735,0.0,0.58,0.42316351410482145,24.15117612854604,0.0,0.0,2772660.6441017957,-32.01561487487591
50,8400,9598,6399,after_environment_step_before_replay_storage_and_optimizer,2781.176478966528,18141.258347529565,449.3318158791535,2238549.8235938693,1451.3006678023605,229881.22336897047,2824723.499970752,1111.9512968096726,0.0,0.0,0.0,10.0,0.9702380952380952,163.0,0.20238095238095238,34.0,26304.5478808009,0.0,0.0,0.0,0.0,-0.34330876400169424,0.0,0.58,0.41616766467065863,32.0,0.0,0.0,3056056.024007525,-41.506301754380615
51,8568,9850,6567,after_environment_step_before_replay_storage_and_optimizer,12392.064788709027,16026.25068466233,545.0087742882351,2069610.1107259796,1282.100054772979,209941.03221347515,2613056.0386459026,-2902.1030287578064,0.0,0.0,0.0,12.0,0.9226190476190477,155.0,0.6726190476190477,113.0,24022.857774427255,0.0,0.0,0.0,0.0,-0.268890815764179,0.0,0.5917480193841195,0.4401222167609085,24.0,0.0,0.0,2824279.170914151,-29.090186799269766
52,8736,10102,6735,after_environment_step_before_replay_storage_and_optimizer,8472.479607254822,17098.80174373145,639.4919446674394,2160823.227697135,1367.9041394985095,221631.63892338527,2727025.8789861384,-838.963975543697,0.0,0.0,0.0,11.0,0.9940476190476191,167.0,0.47023809523809523,79.0,25360.5752245509,0.0,0.0,0.0,0.0,-0.3572217880282362,0.0,0.58,0.4135060126239661,25.399999618530273,0.0,0.0,2950025.4220490223,-46.964535695676624
53,8904,10354,6903,after_environment_step_before_replay_storage_and_optimizer,11227.245520086906,17005.54291392966,630.42027719625,2097059.0919720076,1360.4434331143661,215653.1592005926,2647507.1314314054,-339.19499594496165,0.0,0.0,0.0,12.0,0.9523809523809523,160.0,0.5892857142857143,99.0,24676.477568300896,0.0,1.0,0.005952380952380952,0.0,-0.2984376665841074,0.0,0.592007052001953,0.4221057283260815,24.0,0.0,0.0,2864520.734065112,-48.737647195975164
54,9072,10606,7071,after_environment_step_before_replay_storage_and_optimizer,6965.167751442371,17731.75839576723,612.5401591937061,2161304.2569324067,1418.5406716613725,223701.21246034626,2728937.4863230274,407.09413249482185,0.0,0.0,0.0,11.0,0.9940476190476191,167.0,0.3869047619047619,65.0,25597.3896776759,0.0,0.0,0.0,0.0,-0.3468270238263181,0.0,0.58,0.4064828600728033,24.82235271944294,0.0,0.0,2954057.239455035,-51.038683397970594
55,9240,10858,7239,after_environment_step_before_replay_storage_and_optimizer,16814.59678622926,22840.97601036401,225.19287452870958,2048966.605948973,1827.2780808291213,212134.64254715462,2588429.540889499,6217.786225941936,0.0,0.0,0.0,12.0,0.8095238095238095,136.0,0.9226190476190477,155.0,24273.865347853454,0.0,0.0,0.0,0.0,-0.4977240659322708,0.0,0.6125578048823596,0.4827784072588476,30.299999237060547,0.0,0.0,2802391.4615174825,-49.10436109200646
56,9408,11110,7407,after_environment_step_before_replay_storage_and_optimizer,6650.181242463241,18561.653318520144,650.1483494800104,2170866.820789298,1484.9322654816071,222404.56487307727,2741615.5401167306,441.5536111232822,0.0,0.0,0.0,9.0,0.9940476190476191,167.0,0.39880952380952384,67.0,25449.0185839259,0.0,0.0,0.0,0.0,-0.3017616889899945,0.0,0.598585186742065,0.41312320520814283,24.486865496104237,0.0,0.0,2965505.0372552895,-54.21963601401723
57,9576,11362,7575,after_environment_step_before_replay_storage_and_optimizer,9160.117359650905,17890.344067584338,625.8096091499556,2131239.512796062,1431.2275254067415,218977.6298513371,2690353.578714112,-426.67740182980623,0.0,0.0,0.0,12.0,0.9821428571428571,165.0,0.5595238095238095,94.0,25056.885746616816,0.0,0.0,0.0,0.0,-0.32325640528288513,0.0,0.5916804870941968,0.4133919186599916,32.0,0.0,0.0,2910762.4360908554,-47.931381722847405
58,9744,11614,7743,after_environment_step_before_replay_storage_and_optimizer,6220.078782363639,17152.005988024055,531.2599087095532,2201367.2425230895,1372.1604790419167,222159.74723960704,2779660.5108297276,658.7672023641904,0.0,0.0,0.0,10.0,0.9940476190476191,167.0,0.3333333333333333,56.0,25421.0049120509,0.0,0.0,0.0,0.0,-0.3861639218180993,0.0,0.58,0.4086227544910179,32.00227421522755,0.0,0.0,3003192.4185483763,-45.79462870858518
59,9912,11866,7911,after_environment_step_before_replay_storage_and_optimizer,5726.8052947126935,17207.159240243425,488.2390933839415,2187312.842905223,1376.5727392194674,223844.24890798485,2763875.916799991,-132.07214367024693,0.0,0.0,0.0,10.0,0.9702380952380952,163.0,0.3273809523809524,55.0,25613.7568651759,0.0,0.0,0.0,0.0,-0.2940949035147024,0.0,0.5843124292793139,0.4126290976518589,24.415354819129544,0.0,0.0,2989096.738447195,-38.39876675236406
60,10080,12118,8079,after_environment_step_before_replay_storage_and_optimizer,2228.7411165837084,17583.502994012077,452.4998941543381,2239689.4273868175,1406.6802395209595,231718.6955198945,2826575.865180243,1650.6396697487544,0.0,0.0,0.0,7.0,1.0,168.0,0.14285714285714285,24.0,26514.8037401759,0.0,0.0,0.0,0.0,-0.42799832947858074,0.0,0.58,0.4043113772455089,32.24865786205504,0.0,0.0,3059701.240939658,-44.453189881090765
61,10248,12370,8247,after_environment_step_before_replay_storage_and_optimizer,12484.182031836943,15745.14094077673,504.10358430904853,2065720.5674736155,1259.61127526213,215097.72556636579,2609329.7642489714,269.72755098064465,0.0,0.0,0.0,12.0,0.9285714285714286,156.0,0.6785714285714286,114.0,24612.921135061122,0.0,0.0,0.0,0.0,-0.3045472785396378,0.0,0.58,0.4317125105875225,24.39024252691865,0.0,0.0,2825687.1010905993,-41.67692449962703
62,10416,12622,8415,after_environment_step_before_replay_storage_and_optimizer,12377.745873125099,15064.0750727856,546.0377380589671,2072854.161864373,1205.1260058228388,209388.5002482064,2617545.412392663,-1843.5505628160658,0.0,0.0,0.0,12.0,0.9166666666666666,154.0,0.6607142857142857,111.0,23959.633369566847,0.0,0.0,0.0,0.0,-0.24872190234083263,0.0,0.58,0.43570756384372816,25.399999618530273,0.0,0.0,2828139.038646692,-34.46526623063699
63,10584,12874,8583,after_environment_step_before_replay_storage_and_optimizer,8195.21495778599,18551.38586006107,635.5206227800754,2047889.3102257613,1484.1108688048819,214512.14284606333,2588178.073736127,-3486.697637265473,0.0,0.0,0.0,12.0,0.9761904761904762,164.0,0.5416666666666666,91.0,24545.914841643058,0.0,0.0,0.0,0.0,-0.21083272513215928,0.0,0.58,0.42330652454234147,32.0,0.0,0.0,2804174.3274509953,-33.408161636078624
64,10752,13126,8751,after_environment_step_before_replay_storage_and_optimizer,8454.482108787237,17237.447497148485,601.6400167407155,2116294.48142569,1378.9957997718725,216662.5754971624,2672703.5087412735,-167.21386451925326,0.0,0.0,0.0,12.0,0.9880952380952381,166.0,0.5535714285714286,93.0,24791.981735695044,0.0,0.0,0.0,0.0,-0.33839138373227606,0.0,0.58,0.4147896410210364,26.200000762939453,0.0,0.0,2890745.080038208,-47.295132016660965
65,10920,13378,8919,after_environment_step_before_replay_storage_and_optimizer,12012.340197967917,16205.793761179764,403.95440803009296,2034320.553238186,1296.4635008943728,209128.37583303617,2569588.8594130995,-1230.4219504934408,0.0,0.0,0.0,12.0,0.9702380952380952,163.0,0.6964285714285714,117.0,23929.8681933009,0.0,0.0,0.0,0.0,-0.3023282299305855,0.0,0.58,0.42385575310583,24.151127212047577,0.0,0.0,2780013.69874703,-26.164242889940187
66,11088,13630,9087,after_environment_step_before_replay_storage_and_optimizer,11235.835051212896,17812.21467777205,618.5452411177957,2098138.3134111506,1424.9771742217613,213323.16715747147,2646285.073431638,-2981.861589648883,0.0,0.0,0.0,12.0,0.9107142857142857,153.0,0.6071428571428571,102.0,24409.864287050896,0.0,0.0,0.0,0.0,-0.23803717286355888,0.0,0.5871758479838293,0.444495099324869,24.077290492057802,0.0,0.0,2861033.2177633313,-34.57431134117921
67,11256,13882,9255,after_environment_step_before_replay_storage_and_optimizer,8515.683142077734,19581.71175129506,335.612071726815,2081867.4544187335,1566.5369401036057,215067.94870836643,2630607.688869649,2482.9996980073715,0.0,0.0,0.0,12.0,0.8630952380952381,145.0,0.5833333333333334,98.0,24609.513867710164,0.0,0.0,0.0,0.0,-0.4882661149497115,0.0,0.5830605792957009,0.4692992170122105,24.249119358062746,0.0,0.0,2847242.174518119,-39.263964228182026
68,11424,14134,9423,after_environment_step_before_replay_storage_and_optimizer,8197.664728025686,14640.279215683157,439.6918248253405,2077110.1870612104,1171.2223372546437,214731.17866098243,2623735.920792971,1022.298864170599,0.0,0.0,0.0,12.0,0.8869047619047619,149.0,0.5476190476190477,92.0,24570.978385314487,0.0,0.0,0.0,0.0,-0.32022613906678765,0.0,0.5859117509862276,0.4517639547257897,28.399999618530273,0.0,0.0,2839638.321791208,-40.286840306880244
69,11592,14386,9591,after_environment_step_before_replay_storage_and_optimizer,6551.80284007419,16226.007634136426,550.6688459652869,2096977.1763617313,1298.0806107309058,212844.03987346974,2648789.8817409254,-2369.0303641808596,0.0,0.0,0.0,12.0,0.9702380952380952,163.0,0.47619047619047616,80.0,24355.039337025322,0.0,0.0,0.0,0.0,-0.2508965102396446,0.0,0.58,0.4193080978704942,24.0,0.0,0.0,2862932.0022251257,-32.2083558563186
70,11760,14638,9759,after_environment_step_before_replay_storage_and_optimizer,8294.762466477783,16163.157156082216,497.55487625231217,2070386.4551796885,1293.0525724865693,211472.46669545918,2615254.421851541,-1284.2692773745466,0.0,0.0,0.0,12.0,0.9940476190476191,167.0,0.5178571428571429,87.0,24198.0947558009,0.0,0.0,0.0,0.0,-0.2641160502982073,0.0,0.58,0.42282191226071764,24.136700229644777,0.0,0.0,2828019.9411194865,-33.3830437133122
71,11928,14890,9927,after_environment_step_before_replay_storage_and_optimizer,12901.716474577863,17955.96612723389,388.7703033908838,2039821.4016238372,1436.4772901787069,208968.18620202132,2573939.388039411,1993.893748021238,0.0,0.0,0.0,12.0,0.9761904761904762,164.0,0.7202380952380952,121.0,23911.538223774525,0.0,0.0,0.0,0.0,-0.3436596009585583,0.0,0.58,0.4301949090329576,24.22003658294678,0.0,0.0,2784344.051531611,-41.0710930113769
72,12096,15142,10095,after_environment_step_before_replay_storage_and_optimizer,10945.823963145189,15560.948148382053,432.80104824289447,2039182.767313845,1244.8758518705556,209608.37574066457,2574884.2160439254,-51.05071796238582,0.0,0.0,0.0,12.0,0.9642857142857143,162.0,0.6488095238095238,109.0,23984.792994761192,0.0,0.0,0.0,0.0,-0.23801490726734312,0.0,0.58,0.42768571560508445,24.083750419395457,0.0,0.0,2785737.4676364604,-34.36883026961959
73,12264,15394,10263,after_environment_step_before_replay_storage_and_optimizer,10001.793062402008,17435.469046208167,282.41765538204345,2062638.5589175848,1394.83752369665,211184.8439818907,2606480.6922395965,2585.795075022573,0.0,0.0,0.0,12.0,0.9345238095238095,157.0,0.625,105.0,24165.183040221047,0.0,0.0,0.0,0.0,-0.4070100269169324,0.0,0.58,0.44348644247741603,24.10051807641983,0.0,0.0,2819060.3737451835,-35.52238780567635
74,12432,15646,10431,after_environment_step_before_replay_storage_and_optimizer,7897.696684491746,17181.275303711638,570.4298917921951,2095578.0769289231,1374.502024296927,213323.2415496421,2646126.827965225,-859.3041931023648,0.0,0.0,0.0,12.0,0.9047619047619048,152.0,0.5,84.0,24409.87279950087,0.0,0.0,0.0,0.0,-0.34046232624982775,0.0,0.58,0.44787218421499103,24.0,0.0,0.0,2860824.5715391645,-41.33787037786372
75,12600,15898,10599,after_environment_step_before_replay_storage_and_optimizer,1337.3308808988545,17055.18437939117,375.24701603036374,2207485.5597667573,1364.414750351286,225305.21772298077,2789939.4507453805,2162.142850325598,0.0,0.0,0.0,12.0,0.9702380952380952,163.0,0.125,21.0,25780.930693395592,0.0,0.0,0.0,0.0,-0.37291077672679523,0.0,0.58,0.4097005988023952,32.0,0.0,0.0,3016609.0832187124,-40.83047553405707
76,12768,16150,10767,after_environment_step_before_replay_storage_and_optimizer,5662.960268137166,15510.002324519897,458.00390071394395,2070827.54660094,1240.8001859615845,213763.08789427986,2614234.387818904,404.2511149178282,0.0,0.0,0.0,12.0,0.9345238095238095,157.0,0.47619047619047616,80.0,24460.202961587005,0.0,0.0,0.0,0.0,-0.29884470073698155,0.0,0.58,0.44079951397890793,26.5,0.0,0.0,2829238.2758991458,-38.66156763170461
77,12936,16402,10935,after_environment_step_before_replay_storage_and_optimizer,429.16920461047783,15963.651533155284,381.1071983983584,2046450.486126982,1277.0921226524144,215568.24068716142,2588544.0244861725,74.2610509444425,0.0,0.0,0.0,12.0,0.9523809523809523,160.0,0.07738095238095238,13.0,24666.76062374239,0.0,0.0,0.0,0.0,-0.32427840841606353,0.0,0.58,0.4204964043315051,32.0,0.0,0.0,2805389.3572959863,-30.859881126590853
78,13104,16654,11103,after_environment_step_before_replay_storage_and_optimizer,1618.5006137664461,15632.256999675932,343.6063675116038,2061544.0072934092,1250.5805599740663,211730.15419545918,2607773.51203694,2739.2986007829127,0.0,0.0,0.0,12.0,0.9345238095238095,157.0,0.20238095238095238,34.0,24227.5810839259,0.0,0.0,0.0,0.0,-0.4156451970465172,0.0,0.58,0.4251875211820221,24.100059220760052,0.0,0.0,2820754.2467923732,-41.18500240484285
79,13272,16906,11271,after_environment_step_before_replay_storage_and_optimizer,1136.5950675472823,17341.510096977632,599.8547752555023,2201010.465149423,1387.320807758203,224403.849138991,2779621.684936212,1994.9806672780578,0.0,0.0,0.0,8.0,1.0,168.0,0.10714285714285714,18.0,25677.7900683009,0.0,0.0,0.0,0.0,-0.43882347801078553,0.0,0.58,0.4067292912874851,32.47011869555148,0.0,0.0,3005412.854882961,-57.96328535683043
80,13440,17158,11439,after_environment_step_before_replay_storage_and_optimizer,3103.949557699797,15880.990326528088,482.6996311735584,2100745.7803845555,1270.479226122239,214751.73941106486,2654504.3975837287,1176.039724549461,0.0,0.0,0.0,12.0,0.9821428571428571,165.0,0.19047619047619047,32.0,24573.331083925892,0.0,0.0,0.0,0.0,-0.3372418539849607,0.0,0.58,0.42658212257963896,24.0,0.0,0.0,2870526.6162209157,-44.49616911663196
81,13608,17410,11607,after_environment_step_before_replay_storage_and_optimizer,640.9518474145725,17215.59965363489,463.3491029485267,2193404.5796609526,1377.247972290784,221160.95001168095,2770044.5433804225,1500.4481638688633,0.0,0.0,0.0,5.0,0.9880952380952381,166.0,0.09523809523809523,16.0,25306.7158495509,0.0,0.0,0.0,0.0,-0.33395760328746205,0.0,0.58,0.41026129242680714,32.08534520336165,0.0,0.0,2992582.7413643943,-44.57016905522643
82,13776,17662,11775,after_environment_step_before_replay_storage_and_optimizer,3383.4883991373777,16729.62769881499,431.25307199732924,2082336.2003926581,1338.3702159051925,215944.7794521327,2631532.0460011144,1162.2215548087884,0.0,0.0,0.0,12.0,0.9583333333333334,161.0,0.24404761904761904,41.0,24709.8467089259,0.0,0.0,0.0,0.0,-0.37020480722556093,0.0,0.58,0.42802395209580835,24.06267750740051,0.0,0.0,2848815.1956691523,-40.31135353383025
83,13944,17914,11943,after_environment_step_before_replay_storage_and_optimizer,2640.017278918728,15297.44811195817,376.7217427487394,2083133.124020003,1223.7958489566452,215944.7794521327,2633540.486315142,1960.46683335093,0.0,0.0,0.0,10.0,0.9523809523809523,160.0,0.24404761904761904,41.0,24709.8467089259,0.0,0.0,0.0,0.0,-0.3699134914724183,0.0,0.58,0.4276417893769101,24.030563802710734,0.0,0.0,2850709.061616231,-39.94007358665376
84,14112,18166,12111,after_environment_step_before_replay_storage_and_optimizer,3405.267672695837,15930.706088403347,387.3595792301312,2103621.911317614,1274.4564870722602,213323.16715747147,2656234.7944673426,1227.7872913963645,0.0,0.0,0.0,12.0,0.9523809523809523,160.0,0.2619047619047619,44.0,24409.864287050896,0.0,0.0,0.0,0.0,-0.35354033542794794,0.0,0.58,0.4307195474228812,24.10542998790741,0.0,0.0,2870832.4181118864,-37.12770279539231
85,14280,18418,12279,after_environment_step_before_replay_storage_and_optimizer,4587.617833971319,15938.741339747205,430.160368603023,2173305.949220015,1275.0993071797693,224005.50677505028,2747277.530566406,1547.3065748899046,0.0,0.0,0.0,12.0,0.9464285714285714,159.0,0.3273809523809524,55.0,25632.20906941952,0.0,0.0,0.0,0.0,-0.4284985489527317,0.0,0.58,0.4289339863672008,26.799999237060547,0.0,0.0,2972558.1366486363,-42.14936236269133
86,14448,18670,12447,after_environment_step_before_replay_storage_and_optimizer,4606.7581582224175,16428.685462621652,349.6191771544218,2077569.0661724927,1314.2948370097254,215499.7346260515,2626911.367728136,1437.224285458831,0.0,0.0,0.0,12.0,0.9285714285714286,156.0,0.3273809523809524,55.0,24658.921701806175,0.0,0.0,0.0,0.0,-0.39168338226417027,0.0,0.58,0.4356904273270072,24.053943010960833,0.0,0.0,2843725.397191197,-35.1556555996479
87,14616,18922,12615,after_environment_step_before_replay_storage_and_optimizer,4103.241352742912,16738.52928760767,365.288024275731,2155011.084218214,1339.0823430086084,223280.70578683497,2723900.3798649074,2598.64340979315,0.0,0.0,0.0,12.0,0.9464285714285714,159.0,0.35714285714285715,60.0,25549.2724901759,0.0,0.0,0.0,0.0,-0.5189362888214115,0.0,0.5871153950707655,0.43608995165370806,28.100000381469727,0.0,0.0,2948520.167994751,-42.21625899102422
88,14784,19174,12783,after_environment_step_before_replay_storage_and_optimizer,2608.806018317897,16776.76877950202,381.52870860725307,2233959.2283923305,1342.1415023601553,228885.24249114707,2820440.586257429,1577.1297778740823,0.0,0.0,0.0,9.0,0.9642857142857143,162.0,0.19047619047619047,32.0,26190.5810839259,0.0,0.0,0.0,0.0,-0.40208994073328613,0.0,0.58,0.41832335329341314,32.02104068279266,0.0,0.0,3050667.970250936,-38.407945577950606
89,14952,19426,12951,after_environment_step_before_replay_storage_and_optimizer,4368.403454277057,17930.249989036667,548.5203537127018,2164322.456974071,1434.41999912293,221585.6556071635,2735531.7660171823,1381.2408301926519,0.0,0.0,0.0,12.0,0.9345238095238095,157.0,0.30357142857142855,51.0,25355.3135058009,0.0,0.0,0.0,0.0,-0.36357435040327385,0.0,0.5953774062232278,0.4386012808458931,24.0,0.0,0.0,2958551.841623469,-50.78783244797938
90,15120,19678,13119,after_environment_step_before_replay_storage_and_optimizer,3838.737998679909,16636.64768846406,388.9866279342532,2205937.8288105843,1330.931815077118,224446.7942108596,2787968.4924921608,1218.1845240566674,0.0,0.0,0.0,9.0,0.9583333333333334,161.0,0.2916666666666667,49.0,25682.7041308009,0.0,0.0,0.0,0.0,-0.42440168617277213,0.0,0.58,0.41616766467065863,29.299999237060547,0.0,0.0,3013746.2185180974,-37.20985285502359
91,15288,19930,13287,after_environment_step_before_replay_storage_and_optimizer,1703.5778755821896,16812.75139830333,337.3264726237321,2100677.243450927,1345.0201118642592,214751.73941106495,2656110.3348716316,2865.763917450716,0.0,0.0,0.0,6.0,0.9761904761904762,164.0,0.24404761904761904,41.0,24573.3310839259,0.0,0.0,0.0,0.0,-0.45038905107749444,0.0,0.58,0.42425966761292166,24.0,0.0,0.0,2872207.094394561,-41.31493739715208
92,15456,20182,13455,after_environment_step_before_replay_storage_and_optimizer,5749.768359925488,18823.498603233613,619.2445958686621,2216094.3123801146,1505.879888258685,228701.68473960704,2799154.282631443,1163.6675302142014,0.0,0.0,0.0,12.0,0.9464285714285714,159.0,0.3392857142857143,57.0,26169.5771776759,0.0,0.0,0.0,0.0,-0.45907399086140044,0.0,0.58,0.4121282680565309,32.0,0.0,0.0,3029361.8472593087,-55.35790532056395
93,15624,20434,13623,after_environment_step_before_replay_storage_and_optimizer,4189.449534162462,15185.161490639102,257.0494412888456,2073592.4545973842,1214.8129192511215,211730.15419545918,2622858.757614971,2799.908833114185,0.0,0.0,0.0,9.0,0.8154761904761905,137.0,0.34523809523809523,58.0,24227.5810839259,0.0,0.0,0.0,0.0,-0.4012777102681028,0.0,0.6013394155532532,0.4636378306684554,24.0,0.0,0.0,2835803.7247296814,-34.563499468678586
94,15792,20686,13791,after_environment_step_before_replay_storage_and_optimizer,4689.207994126433,15435.123999477144,324.7074696911677,2083166.4992035988,1234.8099199581632,213638.7690568555,2632341.6061119465,2115.3638985748566,0.0,0.0,0.0,12.0,0.9047619047619048,152.0,0.38095238095238093,64.0,24445.9775683009,0.0,0.0,0.0,0.0,-0.3889844623183018,0.0,0.5855311979251437,0.44008990467186837,24.0,0.0,0.0,2847215.18508876,-36.55341706816767
95,15960,20938,13959,after_environment_step_before_replay_storage_and_optimizer,7036.062245197961,17221.862428084107,594.2119859550385,2205989.27393259,1377.748994246721,224446.79421085952,2786837.84130871,349.54755957973185,0.0,0.0,0.0,10.0,1.0,168.0,0.44642857142857145,75.0,25682.704130800892,0.0,0.0,0.0,0.0,-0.20093036451749527,0.0,0.58,0.4079247717427077,29.5,0.0,0.0,3012662.3845138163,-49.28469667430169
96,16128,21190,14127,after_environment_step_before_replay_storage_and_optimizer,2146.2682378757763,24125.974923883765,455.948187837339,2044320.2449958303,1930.0779939107008,206576.82091581935,2582033.3905022396,1668.2787971013058,0.0,0.0,0.0,10.0,0.7797619047619048,131.0,0.21428571428571427,36.0,23637.90220535809,0.0,0.0,0.0,0.0,-0.5192192693706792,0.0,0.7203676869453982,0.5209804846618296,28.700000762939453,0.0,0.0,2790540.2894119695,-44.81724901249368
97,16296,21442,14295,after_environment_step_before_replay_storage_and_optimizer,7030.457512779504,16770.949503408006,590.8210904288208,2204605.7545744856,1341.675960272634,224446.7942108596,2784819.4054982625,-436.2628549281947,0.0,0.0,0.0,11.0,0.9821428571428571,165.0,0.4226190476190476,71.0,25682.7041308009,0.0,0.0,0.0,0.0,-0.2856577393135536,0.0,0.5903747277832031,0.4240274391010612,30.399999618530273,0.0,0.0,3010607.8756693946,-45.08437295966466
98,16464,21694,14463,after_environment_step_before_replay_storage_and_optimizer,7712.456305480989,21375.5602007224,727.8920676165817,2175920.0095504266,1710.044816057793,224324.78651065426,2745774.516791861,260.39980252217475,0.0,0.0,0.0,12.0,0.9464285714285714,159.0,0.43452380952380953,73.0,25668.7431933009,0.0,0.0,0.0,0.0,-0.25564531634313314,0.0,0.6434989897571511,0.43025637654632565,24.370225809812545,0.0,0.0,2971809.348118573,-59.53336442193741
99,16632,21946,14631,after_environment_step_before_replay_storage_and_optimizer,4255.868400866383,26553.65917795343,496.3247204590698,2093647.2902462264,2124.2927342362755,214650.7480213907,2646879.390672295,2653.50664715605,0.0,0.0,0.0,12.0,0.9702380952380952,163.0,0.2976190476190476,50.0,24561.774973312327,0.0,0.0,0.0,0.0,-0.6501637345948059,0.0,0.7421832779407529,0.4789735190619887,24.0,0.0,0.0,2863654.431427922,-52.97351087250586
100,16800,22198,14799,after_environment_step_before_replay_storage_and_optimizer,1935.8316672376552,17601.922362766654,352.0017709719177,2032458.6029199918,1408.1537890213287,209179.24082276924,2568884.7657612404,1817.2845455847248,0.0,0.0,0.0,12.0,0.9345238095238095,157.0,0.18452380952380953,31.0,23935.6885058009,0.0,0.0,0.0,0.0,-0.39206978724115327,0.0,0.582003807428881,0.44364711383481414,24.0,0.0,0.0,2779472.160373031,-37.24656440567707
101,16968,22450,14967,after_environment_step_before_replay_storage_and_optimizer,1945.70527147128,23439.752575020528,574.0443789350866,2045720.70016363,1875.1802060016453,210204.90005628936,2583462.086640112,2321.025941097858,0.0,0.0,0.0,12.0,0.8869047619047619,149.0,0.17857142857142858,30.0,24053.05129873424,0.0,0.0,0.0,0.0,-0.49581862965130696,0.0,0.7303367402280512,0.5295867281489214,24.407378278970718,0.0,0.0,2795542.1669024033,-57.52868002029627
102,17136,22702,15135,after_environment_step_before_replay_storage_and_optimizer,7987.547897723883,17241.10679024841,374.4049288022743,2150095.0719722905,1379.2885432198668,220615.43153118814,2716941.765868417,1667.1900306129144,0.0,0.0,0.0,9.0,0.9523809523809523,160.0,0.4642857142857143,78.0,25244.2939745509,0.0,0.0,0.0,0.0,-0.46569249607993,0.0,0.5807624631373087,0.4194011976047904,32.0,0.0,0.0,2938936.4859428247,-38.288344457246524
103,17304,22954,15303,after_environment_step_before_replay_storage_and_optimizer,2450.2082005031034,22002.555375451044,462.5501649684684,2072969.841717317,1760.204430036085,213766.8877889648,2617360.253818221,1422.541803628221,0.0,0.0,0.0,12.0,0.8928571428571429,150.0,0.19047619047619047,32.0,24460.637770964724,0.0,0.0,0.0,0.0,-0.462085010570019,0.0,0.722431673006503,0.5208620449746538,26.5,0.0,0.0,2832887.346037222,-44.116722215618616
104,17472,23206,15471,after_environment_step_before_replay_storage_and_optimizer,3654.8103018991424,19222.944126833656,577.4106040661572,2095587.779705334,1537.8355301466931,213060.95259178762,2646695.701610169,-1940.5689016635993,0.0,0.0,0.0,12.0,0.8392857142857143,141.0,0.31547619047619047,53.0,24379.85994177645,0.0,0.0,0.0,0.0,-0.3126014836469537,0.0,0.6458097699323522,0.4738547379366302,24.43,0.0,0.0,2861294.489732103,-36.490003816974586
105,17640,23458,15639,after_environment_step_before_replay_storage_and_optimizer,281.063107565698,21470.468541655777,576.2692207002474,2032893.907953237,1717.6374833324644,205830.40400410676,2568996.8178528063,351.25470983968034,0.0,0.0,0.0,4.0,0.8988095238095238,151.0,0.03571428571428571,6.0,23552.4921875,0.0,0.0,0.0,0.0,-0.43639936732172213,0.0,0.7355357291567471,0.5319021105973759,31.0,0.0,0.0,2776544.8593402454,-47.857811205218276
106,17808,23710,15807,after_environment_step_before_replay_storage_and_optimizer,9165.795602561328,17489.32294828313,518.3820161008043,2203414.988385791,1399.1458358626448,224446.7942108596,2784174.6469359365,45.68838884079105,0.0,0.0,0.0,8.0,0.9761904761904762,164.0,0.5119047619047619,86.0,25682.7041308009,0.0,0.0,0.0,0.0,-0.4132959392984521,0.0,0.58,0.41759807069458604,29.399999618530273,0.0,0.0,3010020.5869826586,-41.69900323226826
107,17976,23962,15975,after_environment_step_before_replay_storage_and_optimizer,3234.8247970222774,17569.402363206424,323.81151383294855,2070421.8611530294,1405.5521890565137,210696.44051034597,2617496.3134019054,1180.1401507769467,0.0,0.0,0.0,7.0,0.8095238095238095,136.0,0.24404761904761904,41.0,24109.296646743063,0.0,0.0,0.0,0.0,-0.3999569040030714,0.0,0.6325952519057215,0.4778169587091012,25.899999618530273,0.0,0.0,2829598.3061013077,-31.805621860520596
108,18144,24214,16143,after_environment_step_before_replay_storage_and_optimizer,5169.5886123200125,17737.73271302804,479.85309329443953,2076495.6489220073,1419.0186170422435,212841.61978351255,2623510.241464581,-58.974454794771816,0.0,0.0,0.0,7.0,0.7857142857142857,132.0,0.35714285714285715,60.0,24354.76241413783,0.0,0.0,0.0,0.0,-0.3458157669989894,0.0,0.6308486216540833,0.4805609912951564,24.377593969106673,0.0,0.0,2837770.879865136,-38.09337518958132
109,18312,24466,16311,after_environment_step_before_replay_storage_and_optimizer,2305.862634032965,21430.203933722583,423.0724835981764,2054949.3697902174,1714.4163146978078,213959.0196008493,2598255.290757398,5483.209096162179,0.0,0.0,0.0,12.0,0.8452380952380952,142.0,0.2261904761904762,38.0,24482.622778574627,0.0,0.0,0.0,0.0,-0.5707279835642842,0.0,0.7292412141004386,0.5338548230727238,24.372068016529084,0.0,0.0,2813928.726672945,-61.26184416866495
110,18480,24718,16479,after_environment_step_before_replay_storage_and_optimizer,6939.5099620924475,21195.11444227549,504.2322428213902,2155242.8847377226,1695.6091553820397,218516.03297233928,2724026.724058057,160.6592548464278,0.0,0.0,0.0,12.0,0.8869047619047619,149.0,0.47023809523809523,79.0,25004.066742840514,0.0,0.0,0.0,0.0,-0.4514410673637414,0.0,0.6583666272662605,0.4687089169656058,24.26493885397911,0.0,0.0,2944238.3661857783,-41.141875699943384
111,18648,24970,16647,after_environment_step_before_replay_storage_and_optimizer,5624.174244971029,19317.81099639292,443.01392980003766,2098335.680236714,1545.4248797114342,215653.15920059258,2649749.966337108,990.6216367232397,0.0,0.0,0.0,9.0,0.7916666666666666,133.0,0.4166666666666667,70.0,24676.477568300892,0.0,0.0,0.0,0.0,-0.4098623529821362,0.0,0.6489480012106962,0.48375985824144807,24.315080647468566,0.0,0.0,2866948.550417412,-40.39422256761918
112,18816,25222,16815,after_environment_step_before_replay_storage_and_optimizer,8064.902753966261,20429.90836124759,612.7185924831501,2131309.74117555,1634.3926688998074,219379.85606917582,2690111.6229872317,-124.04981526307199,0.0,0.0,0.0,12.0,0.9702380952380952,163.0,0.5059523809523809,85.0,25102.9111620509,0.0,0.0,0.0,0.0,-0.3700244781142949,0.0,0.6099857873535156,0.42980387005583426,32.04701784729958,0.0,0.0,2911125.8717253073,-48.397238322336655
113,18984,25474,16983,after_environment_step_before_replay_storage_and_optimizer,5030.622087182064,21948.765100086523,453.12013899281555,2100953.1687597143,1755.9012080069222,220374.58362230402,2654440.6962409327,6765.27972197723,0.0,0.0,0.0,12.0,0.7916666666666666,133.0,0.3869047619047619,65.0,25216.734545127365,0.0,1.0,0.005952380952380952,0.0,-0.5095684892454425,0.0,0.7066888879905655,0.5313242752224571,24.43,0.0,0.0,2876571.1810712432,-70.07600972931138
114,19152,25726,17151,after_environment_step_before_replay_storage_and_optimizer,2572.9268813504546,22680.56181201045,502.55637822204335,2079531.893280929,1814.444944960837,213156.3587209142,2627126.0464180554,2090.8085133136296,0.0,0.0,0.0,10.0,0.8511904761904762,143.0,0.23214285714285715,39.0,24390.776949503106,0.0,0.0,0.0,0.0,-0.5154180509580284,0.0,0.725326363568908,0.5310822899725655,24.412311511039736,0.0,0.0,2842096.8500839304,-50.65855282433167
115,19320,25978,17319,after_environment_step_before_replay_storage_and_optimizer,5423.021204951061,21673.048042685117,422.367456980166,2090738.7673759218,1733.8438434148104,213650.2658407126,2642359.3584746225,2748.2811805722686,0.0,0.0,0.0,12.0,0.7916666666666666,133.0,0.43452380952380953,73.0,24447.293107243193,0.0,0.0,0.0,0.0,-0.5089402058476885,0.0,0.7031161644152644,0.5190684361377731,24.220396070480348,0.0,0.0,2857743.46815875,-47.53080246127461
116,19488,26230,17487,after_environment_step_before_replay_storage_and_optimizer,1157.2422970737075,21092.690182909686,525.85442769576,2078182.436797004,1687.4152146327747,211540.43461127026,2625847.635018819,1081.7126431133995,0.0,0.0,0.0,8.0,0.7678571428571429,129.0,0.10714285714285714,18.0,24205.8720995509,0.0,0.0,0.0,0.0,-0.42573064708631764,0.0,0.7231799281547454,0.528861915082793,24.404250620603563,0.0,0.0,2839075.484844722,-47.476917431227776
117,19656,26482,17655,after_environment_step_before_replay_storage_and_optimizer,8727.7288412762,18842.19534471137,528.9287461030217,2178862.133470709,1507.3756275769076,222404.56487307727,2753463.771726649,1177.0311572885275,0.0,0.0,0.0,12.0,0.9285714285714286,156.0,0.5178571428571429,87.0,25449.0185839259,0.0,0.0,0.0,0.0,-0.38103693970453073,0.0,0.6130460289741683,0.4388023952095808,24.082691066265106,0.0,0.0,2977375.712227303,-48.199455474684356
118,19824,26734,17823,after_environment_step_before_replay_storage_and_optimizer,3672.1860394069504,21362.795317360666,457.3231192073399,2105737.149908617,1709.023625388854,213652.78812742242,2661513.1193333957,2075.2799059719237,0.0,0.0,0.0,12.0,0.7976190476190477,134.0,0.31547619047619047,53.0,24447.581724166994,0.0,0.0,0.0,0.0,-0.48914006516682,0.0,0.7273356552906495,0.5275764483025834,24.152554314136506,0.0,0.0,2876874.931086207,-46.96224906644681
119,19992,26986,17991,after_environment_step_before_replay_storage_and_optimizer,2529.533051006331,20103.38069196113,448.68693777509907,2049425.2621496124,1608.2704553568908,209179.24082276924,2588368.02825733,1324.601040460338,0.0,0.0,0.0,10.0,0.7916666666666666,133.0,0.20833333333333334,35.0,23935.6885058009,0.0,0.0,0.0,0.0,-0.41429684075495077,0.0,0.7185657509004657,0.538024328747181,24.094532352146896,0.0,0.0,2799155.539535456,-42.517960224309675
120,20160,27238,18159,after_environment_step_before_replay_storage_and_optimizer,6695.784857367954,17773.41459264851,499.2521237341898,2123242.818763795,1421.8731674118787,217470.1488053154,2683726.967993338,1191.568470324197,0.0,0.0,0.0,11.0,0.8690476190476191,146.0,0.48214285714285715,81.0,24884.389677675896,0.0,0.0,0.0,0.0,-0.33679831744799626,0.0,0.6145687291702877,0.45406444123125955,26.799999237060547,0.0,0.0,2902618.9899660656,-45.898012250356196
121,20328,27490,18327,after_environment_step_before_replay_storage_and_optimizer,5846.685077395544,20623.487578476706,536.9798976285001,2099605.869980155,1649.8790062781372,214106.90864503302,2652352.713059095,-166.5232633585561,0.0,0.0,0.0,12.0,0.8214285714285714,138.0,0.4523809523809524,76.0,24499.54523264358,0.0,0.0,0.0,0.0,-0.39121947780597316,0.0,0.6127797650538971,0.4757869616418347,24.0,0.0,0.0,2868109.5007104063,-42.12577549348717
122,20496,27742,18495,after_environment_step_before_replay_storage_and_optimizer,5758.394494778767,19401.11022200919,440.1082107353377,2172217.389137262,1552.0888177607364,223280.70578683497,2746551.4956551935,2053.3882090990437,0.0,0.0,0.0,12.0,0.7738095238095238,130.0,0.4523809523809524,76.0,25549.2724901759,0.0,0.0,0.0,0.0,-0.4745335783401638,0.0,0.6481146964835707,0.4848539016166882,28.899999618530273,0.0,0.0,2971384.290259789,-45.47559790432222
123,20664,27994,18663,after_environment_step_before_replay_storage_and_optimizer,3892.2730511622694,20375.209498241955,351.72859054581204,2083825.1065148318,1630.016759859357,218586.11235286502,2632768.9350962983,5512.322369521375,0.0,0.0,0.0,12.0,0.9047619047619048,152.0,0.4107142857142857,69.0,25012.085694512516,0.0,1.0,0.005952380952380952,0.0,-0.5201159194763944,0.0,0.7273367551217199,0.5349369076578172,24.0,0.0,0.0,2852985.0642090226,-55.69989909127171
124,20832,28246,18831,after_environment_step_before_replay_storage_and_optimizer,3241.8765010967886,19235.10500860258,369.80882798706807,2054630.3665807485,1538.808400688207,210870.6580286672,2596311.9334467608,792.3796636059019,0.0,0.0,0.0,11.0,0.6190476190476191,104.0,0.2976190476190476,50.0,24129.23178100586,0.0,0.0,0.0,0.0,-0.40986375550380294,0.0,0.6768612840840348,0.5290305904090699,24.31166280388832,0.0,0.0,2808721.3998761163,-33.54660455699497
125,21000,28498,18999,after_environment_step_before_replay_storage_and_optimizer,7949.97636868486,20853.79136096733,684.6823780201339,2197271.404521127,1668.3033088773866,222011.9827375536,2772749.742005124,553.9672308566202,0.0,0.0,0.0,12.0,0.9583333333333334,161.0,0.5059523809523809,85.0,25404.096708925896,0.0,0.0,0.0,0.0,-0.38857213943098484,0.0,0.6061601177978515,0.43234745222866167,32.1076578605175,0.0,0.0,2996430.028051555,-57.544426395893744
126,21168,28750,19167,after_environment_step_before_replay_storage_and_optimizer,2589.208295007072,19356.913312899615,423.0761995490502,2041972.3240205161,1548.5530650319693,211153.10838704996,2579429.9272729224,3560.6540925457866,0.0,0.0,0.0,12.0,0.8095238095238095,136.0,0.27380952380952384,46.0,24161.55164109336,0.0,0.0,0.0,0.0,-0.4147405287525507,0.0,0.7043225757846427,0.5307083478685998,24.013496892452242,0.0,0.0,2792131.588725004,-51.649366426652975
127,21336,29002,19335,after_environment_step_before_replay_storage_and_optimizer,7894.372822826706,18621.98897161983,661.9865081559583,2153936.494821894,1489.759117729584,220862.09259381643,2718057.9722418403,-516.0912375373289,0.0,0.0,0.0,12.0,0.9464285714285714,159.0,0.4642857142857143,78.0,25272.518583925896,0.0,0.0,0.0,0.0,-0.26060243515784354,0.0,0.6070772094552129,0.42885733980784724,32.028435127735136,0.0,0.0,2940409.8239533864,-50.37846446478999
128,21504,29254,19503,after_environment_step_before_replay_storage_and_optimizer,9008.726987194294,16788.968878055915,271.25762791090165,2102053.4324493604,1343.1175102444654,215518.7653821906,2655617.4826634424,2199.8546458250066,0.0,0.0,0.0,12.0,0.9940476190476191,167.0,0.5654761904761905,95.0,24661.09932827228,0.0,0.0,0.0,0.0,-0.4678039205313627,0.0,0.58,0.4127176091775391,24.186928939029734,0.0,0.0,2872479.3655558773,-32.69988346199716
129,21672,29506,19671,after_environment_step_before_replay_storage_and_optimizer,8406.131109023581,18760.04618923173,654.3406135607129,2203625.8218521355,1500.8036951385357,222159.74723960704,2782391.375701344,-677.5294046372285,0.0,0.0,0.0,12.0,0.9702380952380952,163.0,0.49404761904761907,83.0,25421.0049120509,0.0,1.0,0.005952380952380952,0.0,-0.293314222534635,0.0,0.58,0.42299214765863435,32.0,0.0,0.0,3006051.9266360896,-48.95960206167087
130,21840,29758,19839,after_environment_step_before_replay_storage_and_optimizer,4436.848181780282,22207.963027740487,409.7767929631864,2094289.3497337974,1776.6370422192388,221215.0239336522,2644386.8426470016,2287.3910311682603,0.0,0.0,0.0,12.0,0.8511904761904762,143.0,0.36904761904761907,62.0,25312.9033495509,0.0,0.0,0.0,0.0,-0.5645774935595164,0.0,0.733574016398333,0.5285866691772726,24.0,0.0,0.0,2867378.503622873,-44.21909859289614
131,22008,30010,20007,after_environment_step_before_replay_storage_and_optimizer,5155.836879066334,17645.494913193485,373.23753560902514,2097718.0823491113,1411.6395930554784,213285.24858829568,2650357.1084121102,809.5088805094338,0.0,0.0,0.0,12.0,0.7202380952380952,121.0,0.4166666666666667,70.0,24405.525390625,0.0,0.0,0.0,0.0,-0.35469150548514483,0.0,0.6382126048457746,0.5041238592054168,26.799999237060547,0.0,0.0,2865053.9965934614,-33.906547251269146
132,22176,30262,20175,after_environment_step_before_replay_storage_and_optimizer,7721.352171525964,28403.97597366944,284.6496313558364,2079672.5129710382,2272.3180778935553,214711.65129952025,2629610.215092417,7924.328485344842,0.0,0.0,0.0,12.0,0.7202380952380952,121.0,0.5892857142857143,99.0,24568.743933944163,0.0,0.0,0.0,0.0,-0.7136922803852965,0.0,0.6620116707560588,0.510438956540223,24.0,0.0,0.0,2846594.1844698307,-62.39361293519112
133,22344,30514,20343,after_environment_step_before_replay_storage_and_optimizer,6610.814093259408,18475.084659216453,540.390809395105,2151624.8061442035,1478.0067727373103,220862.0925938165,2715523.452818921,586.9776681117348,0.0,0.0,0.0,12.0,0.9702380952380952,163.0,0.4642857142857143,78.0,25272.5185839259,0.0,0.0,0.0,0.0,-0.3141409394181984,0.0,0.58,0.42305522469574003,32.0,0.0,0.0,2937863.552185475,-46.16615309216707
134,22512,30766,20511,after_environment_step_before_replay_storage_and_optimizer,4527.722851974168,17728.469032537327,568.9313218268035,2135996.1217040755,1418.2775226029835,220615.43153118814,2697254.6924904045,609.1996639104045,0.0,0.0,0.0,10.0,0.8928571428571429,150.0,0.38095238095238093,64.0,25244.2939745509,0.0,0.0,0.0,0.0,-0.2661364876252868,0.0,0.5972808483886718,0.4541962059269398,32.0,0.0,0.0,2919288.4015441956,-48.560504065696314
135,22680,31018,20679,after_environment_step_before_replay_storage_and_optimizer,6966.6243525103455,18854.36949602213,546.3183161332745,2194377.2999471487,1508.3495596817672,222011.9827375536,2769664.5845046295,866.1261507739368,0.0,0.0,0.0,12.0,0.9226190476190477,155.0,0.42857142857142855,72.0,25404.096708925896,0.0,0.0,0.0,0.0,-0.4279898547347876,0.0,0.5837218156361853,0.4312574850299401,32.0,0.0,0.0,2993184.916801865,-48.036096044531696
136,22848,31270,20847,after_environment_step_before_replay_storage_and_optimizer,2431.755288668187,19843.942550763488,409.73061306245654,2070039.6344425473,1587.5154040610785,215097.24582790272,2615291.159138668,1681.403797691896,0.0,0.0,0.0,12.0,0.8035714285714286,135.0,0.27380952380952384,46.0,24612.8662401759,0.0,0.0,0.0,0.0,-0.4534836480530148,0.0,0.7166352651597195,0.5483849326178832,24.200390689373016,0.0,0.0,2831975.9203706314,-41.18546803345585
137,23016,31522,21015,after_environment_step_before_replay_storage_and_optimizer,2609.1633193416924,20360.279348343007,408.92969133938277,2082739.5494869507,1628.8223478674404,211472.46669545918,2631868.599723948,-985.6870092244119,0.0,0.0,0.0,8.0,0.6904761904761905,116.0,0.23214285714285715,39.0,24198.0947558009,0.0,0.0,0.0,0.0,-0.4087255040726211,0.0,0.7014370445324386,0.5211026319491681,24.0,0.0,0.0,2844969.8887672746,-27.78594026102854
138,23184,31774,21183,after_environment_step_before_replay_storage_and_optimizer,1443.4777026971,20914.229369516186,408.45284250472105,2081109.2236643957,1673.1383495612956,214626.3350219479,2629694.4300972507,1799.4242504069982,0.0,0.0,0.0,7.0,0.8214285714285714,138.0,0.16666666666666666,28.0,24558.9814745509,0.0,0.0,0.0,0.0,-0.46005004633046326,0.0,0.7154782197848076,0.529075392536564,29.0,0.0,0.0,2845993.90346876,-41.673348652412706
139,23352,32026,21351,after_environment_step_before_replay_storage_and_optimizer,1442.544893789398,24518.10958846244,479.1918356679598,2108470.7587391874,1961.4487670769954,215948.6387761502,2663480.266408355,1506.9967144823083,0.0,0.0,0.0,11.0,0.7619047619047619,128.0,0.19642857142857142,33.0,24710.288318605533,0.0,0.0,0.0,0.0,-0.5480064763424246,0.0,0.7034573411601296,0.5166013515271869,24.0,0.0,0.0,2881390.353951582,-45.870330425848344
140,23520,32278,21519,after_environment_step_before_replay_storage_and_optimizer,1859.2810004660432,21170.839372203536,372.4098946216909,2064383.8680205008,1693.6671497762836,210871.55999628053,2607941.3254802874,2681.279272409013,0.0,0.0,0.0,8.0,0.8154761904761905,137.0,0.18452380952380953,31.0,24129.3349901759,0.0,0.0,0.0,0.0,-0.49951931012807316,0.0,0.714214227204587,0.5241317190391701,24.095490424633027,0.0,0.0,2820506.552626344,-43.19918793178037
141,23688,32530,21687,after_environment_step_before_replay_storage_and_optimizer,1975.0384378882252,22225.17134134329,420.91281134468227,2134658.849472433,1778.0137073074634,220116.35659451268,2695586.3419724903,1892.0389792389878,0.0,0.0,0.0,11.0,0.8630952380952381,145.0,0.17857142857142858,30.0,25187.186480622106,0.0,0.0,0.0,0.0,-0.4298230649590865,0.0,0.7199175142858615,0.5070546257097801,24.0,0.0,0.0,2917480.7122743106,-43.13321980376947
142,23856,32782,21855,after_environment_step_before_replay_storage_and_optimizer,3087.4828047782826,22087.117311316215,435.0494777693202,2102264.9115846143,1766.9693849052978,216048.2332565241,2655185.109300799,2468.807504550736,0.0,0.0,0.0,7.0,0.7797619047619048,131.0,0.30357142857142855,51.0,24721.68458550922,0.0,0.0,0.0,0.0,-0.5006636069990166,0.0,0.7038813396796363,0.52829918058882,24.0,0.0,0.0,2873000.3119422286,-47.1479957442993
143,24024,33034,22023,after_environment_step_before_replay_storage_and_optimizer,5092.187012559662,17777.874978733784,508.8142513297662,2150588.326751127,1422.2299982986983,220374.26661845713,2716500.317415066,687.4490691082215,0.0,0.0,0.0,10.0,0.9107142857142857,153.0,0.4166666666666667,70.0,25216.6982714259,0.0,0.0,0.0,0.0,-0.2805949679274739,0.0,0.5855345232549054,0.4296342552850948,24.0,0.0,0.0,2938296.814031822,-44.14238545192238
144,24192,33286,22191,after_environment_step_before_replay_storage_and_optimizer,2278.1951485362897,18822.064221229542,433.28784778665977,2046230.6246460737,1505.765137698364,209867.4319865477,2584963.512799305,2047.8222791924068,0.0,0.0,0.0,8.0,0.8630952380952381,145.0,0.23214285714285715,39.0,24014.435943949415,0.0,0.0,0.0,0.0,-0.4106692733058138,0.0,0.7066937008824602,0.5354100080078437,24.0,0.0,0.0,2796336.709923551,-44.9021392188949
145,24360,33538,22359,after_environment_step_before_replay_storage_and_optimizer,3994.7971406659713,18404.476432038737,583.2026692506788,2168552.1451019547,1472.358114563093,221379.19154145507,2738866.0389808146,296.79256945297635,0.0,0.0,0.0,10.0,0.9523809523809523,160.0,0.3392857142857143,57.0,25331.6885058009,0.0,0.0,0.0,0.0,-0.24014040785773413,0.0,0.5896183979727578,0.4252282894046114,24.0,0.0,0.0,2961717.588636833,-48.14017638731913
146,24528,33790,22527,after_environment_step_before_replay_storage_and_optimizer,9235.395548482526,16538.65675357682,321.0374549740882,2059904.7740041271,1323.0925402861378,211168.60693855447,2604004.065873888,2989.5851779526774,0.0,0.0,0.0,12.0,0.9880952380952381,166.0,0.6547619047619048,110.0,24163.325089068618,0.0,0.0,0.0,0.0,-0.40545926077478633,0.0,0.58,0.4151972856974725,24.29397730719355,0.0,0.0,2816495.7653527283,-40.630922287690495
147,24696,34042,22695,after_environment_step_before_replay_storage_and_optimizer,5410.048046533717,18248.092302148656,628.354632442577,2210003.876489928,1459.8473841718892,223176.7910024407,2791044.4669450535,797.2731053858693,0.0,0.0,0.0,10.0,0.9702380952380952,163.0,0.3630952380952381,61.0,25537.3818651759,0.0,0.0,0.0,0.0,-0.22093547038833763,0.0,0.5927806317138672,0.41991213751703693,32.0,0.0,0.0,3015681.1053316663,-54.254736122335466
148,24864,34294,22863,after_environment_step_before_replay_storage_and_optimizer,5123.755231273562,20585.68052302758,407.6675378273412,2057144.0789176582,1646.8544418422068,213215.70144538285,2598706.723224993,6473.465279999705,0.0,0.0,0.0,12.0,0.8988095238095238,151.0,0.4523809523809524,76.0,24397.567341142258,0.0,0.0,0.0,0.0,-0.4258986812906634,0.0,0.7218553786736568,0.5296304746422356,25.600000381469727,0.0,0.0,2813569.279112218,-64.98072942618569
149,25032,34546,23031,after_environment_step_before_replay_storage_and_optimizer,3872.1245294771247,18724.04060666783,611.9263074160081,2188384.2791537503,1497.9232485334237,223844.24890798485,2764696.8551595584,116.09761210270209,0.0,0.0,0.0,11.0,0.9523809523809523,160.0,0.30952380952380953,52.0,25613.7568651759,0.0,0.0,0.0,0.0,-0.2518083925916686,0.0,0.6028370587158203,0.420368878162961,24.41848396519869,0.0,0.0,2990039.0273160767,-49.53459265379411
150,25200,34798,23199,after_environment_step_before_replay_storage_and_optimizer,4698.700413204838,16389.85955348776,296.91778459799934,2102250.324206602,1311.1887642790214,214048.6810748184,2657321.740256465,938.7606653022851,0.0,0.0,0.0,7.0,0.6785714285714286,114.0,0.35119047619047616,59.0,24492.882444416482,0.0,0.0,0.0,0.0,-0.3613034066736369,0.0,0.645037397184596,0.5084256506138443,24.0,0.0,0.0,2872681.610095563,-28.447226094351368
151,25368,35050,23367,after_environment_step_before_replay_storage_and_optimizer,4476.047779216758,18686.745401569522,328.85687709010017,2082106.9701621367,1494.9396321255622,214626.3350219479,2630818.6875223424,1861.6609262998845,0.0,0.0,0.0,7.0,0.6547619047619048,110.0,0.36904761904761907,62.0,24558.9814745509,0.0,0.0,0.0,0.0,-0.4184357793411046,0.0,0.6532216895469182,0.5235337010749451,29.100000381469727,0.0,0.0,2846939.962176416,-35.61685479870742
152,25536,35302,23535,after_environment_step_before_replay_storage_and_optimizer,2769.901450394576,18847.706140064485,334.7081167472825,2046450.718098402,1507.8164912051595,208241.11924276652,2585361.8955542687,1772.1182251872547,0.0,0.0,0.0,7.0,0.8690476190476191,146.0,0.24404761904761904,41.0,23828.3423569613,0.0,0.0,0.0,0.0,-0.4670367779083464,0.0,0.7249967890954685,0.5433188821564126,24.0,0.0,0.0,2795110.8312882404,-35.63724046571886
153,25704,35554,23703,after_environment_step_before_replay_storage_and_optimizer,4523.855241541539,16678.35997758573,420.78655880362567,2177562.0014226967,1334.2687982068535,224698.43935973023,2752791.921861658,1603.9717228220486,0.0,0.0,0.0,8.0,0.875,147.0,0.3392857142857143,57.0,25711.4990526759,0.0,0.0,0.0,0.0,-0.3734278828396921,0.0,0.5810162129289662,0.43772455089820356,24.0,0.0,0.0,2978824.630019595,-41.6827833184003
154,25872,35806,23871,after_environment_step_before_replay_storage_and_optimizer,4322.306342976766,16550.08387415548,472.75329649386185,2200853.6619913355,1324.0067099324315,224403.849138991,2778997.1419378496,1529.9504995338477,0.0,0.0,0.0,8.0,0.9523809523809523,160.0,0.31547619047619047,53.0,25677.7900683009,0.0,0.0,0.0,0.0,-0.2858188825646228,0.0,0.58,0.41742064211194757,32.0,0.0,0.0,3004724.997786773,-45.47001621717818
155,26040,36058,24039,after_environment_step_before_replay_storage_and_optimizer,3905.067401568018,22151.404644007955,400.093434824068,2136598.378317712,1772.112371520637,220615.43153118805,2699011.5700442456,2004.222514986716,0.0,0.0,0.0,10.0,0.7202380952380952,121.0,0.2916666666666667,49.0,25244.293974550892,0.0,0.0,0.0,0.0,-0.47172199024075134,0.0,0.6256757080071162,0.5166382661617563,32.0,0.0,0.0,2921399.1139469543,-42.028587360859014
156,26208,36310,24207,after_environment_step_before_replay_storage_and_optimizer,5980.7390553701825,18096.7021619586,322.40453776085633,2082249.1622902283,1447.7361729566862,214626.3350219479,2631525.5382919773,2292.9297295935703,0.0,0.0,0.0,12.0,0.8511904761904762,143.0,0.43452380952380953,73.0,24558.9814745509,0.0,0.0,0.0,0.0,-0.46592592046728143,0.0,0.58,0.4593558430149635,28.299999237060547,0.0,0.0,2847599.609486882,-37.25701166883635
157,26376,36562,24375,after_environment_step_before_replay_storage_and_optimizer,5795.533469837013,17145.84327647506,577.3571268940468,2206803.4502732437,1371.6674621179993,223063.2323525434,2787428.224299566,854.0874513240345,0.0,0.0,0.0,12.0,0.9523809523809523,160.0,0.44047619047619047,74.0,25524.3877245509,0.0,0.0,0.0,0.0,-0.21877941267947593,0.0,0.5885467938232422,0.42090633867440447,32.0,0.0,0.0,3011863.1241142275,-50.45900740814393
158,26544,36814,24543,after_environment_step_before_replay_storage_and_optimizer,4419.68725791124,22031.869357419735,623.3321989632659,2153811.0147216707,1762.54954859358,220301.02444699922,2719778.78003902,622.9436373593026,0.0,0.0,0.0,10.0,0.9047619047619048,152.0,0.27380952380952384,46.0,25208.3174120509,0.0,0.0,0.0,0.0,-0.2926410776145952,0.0,0.6175000004325486,0.4502216881220259,24.0,0.0,0.0,2941842.3540346124,-52.98129410385778
159,26712,37066,24711,after_environment_step_before_replay_storage_and_optimizer,5087.981092775692,17184.057070617677,412.1264134459725,2253129.0105756386,1374.7245656494076,231718.6955198945,2845617.264774702,1784.9641026236752,0.0,0.0,0.0,12.0,0.9642857142857143,162.0,0.3392857142857143,57.0,26514.8037401759,0.0,0.0,0.0,0.0,-0.35272426590093753,0.0,0.58,0.4140156412194506,32.0,0.0,0.0,3078710.684860246,-41.89493358879615
160,26880,37318,24879,after_environment_step_before_replay_storage_and_optimizer,6639.934535400673,16823.624193271968,313.25104986177575,2059929.826165871,1345.8899354617497,209921.3808772918,2603761.544427304,2284.4495863256584,0.0,0.0,0.0,12.0,0.9940476190476191,167.0,0.5595238095238095,94.0,24020.609137039737,0.0,0.0,0.0,0.0,-0.417162813403434,0.0,0.58,0.4119038382021128,27.799999237060547,0.0,0.0,2815028.8152400577,-36.48233192057031
161,27048,37570,25047,after_environment_step_before_replay_storage_and_optimizer,3360.871099590754,17497.870280662024,397.763397604338,2058740.8995709822,1399.8296224529627,213677.85658252283,2601098.184851153,1689.4245643768443,0.0,0.0,0.0,8.0,0.8333333333333334,140.0,0.25,42.0,24450.4502245509,0.0,0.0,0.0,0.0,-0.40292275133238337,0.0,0.7092604850278363,0.5404469021506914,24.0,0.0,0.0,2816175.8710561288,-40.26819463023135
162,27216,37822,25215,after_environment_step_before_replay_storage_and_optimizer,3087.708196814486,19826.39045925411,312.83995234971735,2070040.110074258,1586.111236740329,210725.39678545555,2617187.4716471643,2659.5949308441573,0.0,0.0,0.0,8.0,0.7559523809523809,127.0,0.27976190476190477,47.0,24112.61001750866,0.0,0.0,0.0,0.0,-0.5171938396630524,0.0,0.7208686910684364,0.5318479117015146,24.0,0.0,0.0,2829498.9796693604,-38.32517084219822
163,27384,38074,25383,after_environment_step_before_replay_storage_and_optimizer,7341.5125581572975,17900.545186638894,360.29540484971585,2048697.3535792849,1432.0436149311092,209288.82244494584,2587887.514468006,1674.1033545208145,0.0,0.0,0.0,12.0,0.9285714285714286,156.0,0.6190476190476191,104.0,23948.2275683009,0.0,0.0,0.0,0.0,-0.38942805801217073,0.0,0.58,0.45419038053733163,24.0,0.0,0.0,2798608.380527883,-37.19414916058133
164,27552,38326,25551,after_environment_step_before_replay_storage_and_optimizer,3515.3799740428585,18761.159222121914,307.588591971371,2131061.9302719915,1500.8927377697453,219572.01649012038,2693023.3014119132,2758.4018296105187,0.0,0.0,0.0,11.0,0.9940476190476191,167.0,0.27976190476190477,47.0,25124.8994433009,0.0,0.0,0.0,0.0,-0.5423229555299098,0.0,0.58,0.40865467802377453,32.0,0.0,0.0,2914096.210639803,-38.39909650576228
165,27720,38578,25719,after_environment_step_before_replay_storage_and_optimizer,5782.307566271351,18787.669063527268,436.80733018952196,2238342.364600022,1503.0135250821781,229881.22336897047,2825566.137921151,2131.3628483178118,0.0,0.0,0.0,8.0,0.9464285714285714,159.0,0.3630952380952381,61.0,26304.5478808009,0.0,0.0,0.0,0.0,-0.37768509217530555,0.0,0.58,0.41096213805494664,32.0,0.0,0.0,3056950.3748152037,-45.60140065675082
166,27888,38830,25887,after_environment_step_before_replay_storage_and_optimizer,4129.176221941326,19375.372086695606,494.6366084934343,2095223.4441333052,1550.0297669356491,215518.67421599306,2645211.481685542,536.3597688683369,0.0,0.0,0.0,8.0,0.7142857142857143,120.0,0.2857142857142857,48.0,24661.0888964259,0.0,0.0,0.0,0.0,-0.37293144143673346,0.0,0.619024412146147,0.5127548229850131,24.0,0.0,0.0,2862280.185668471,-42.252727523816354
167,28056,39082,26055,after_environment_step_before_replay_storage_and_optimizer,5210.980434097581,15756.995064872646,426.19517887491384,2171576.755007116,1260.5596051898042,224274.58720367274,2742645.1112311995,675.0811363528269,0.0,0.0,0.0,12.0,0.9226190476190477,155.0,0.36904761904761907,62.0,25662.9990526759,0.0,0.0,0.0,0.0,-0.37066458890047,0.0,0.58,0.4358528288595101,24.11481822013855,0.0,0.0,2968180.2580400617,-37.47101999175723
168,28224,39334,26223,after_environment_step_before_replay_storage_and_optimizer,4933.968753067769,17154.848625816703,346.8346510817282,2060222.0814093014,1372.3878900653283,212206.35632584934,2602814.480653029,1165.9445905938778,0.0,0.0,0.0,12.0,0.9880952380952381,166.0,0.4166666666666667,70.0,24282.0713183009,0.0,0.0,0.0,0.0,-0.35164065670629346,0.0,0.58,0.4103081791793102,31.200000762939453,0.0,0.0,2816393.224868944,-33.576495039507634
169,28392,39586,26391,after_environment_step_before_replay_storage_and_optimizer,5108.022793779565,18054.034523748684,518.6166841374998,2205348.8559988705,1444.32276189989,224446.7942108596,2787050.063719429,1040.757024487723,0.0,0.0,0.0,12.0,0.9523809523809523,160.0,0.36904761904761907,62.0,25682.7041308009,0.0,0.0,0.0,0.0,-0.38263996633262903,0.0,0.58,0.42451032004381606,27.5,0.0,0.0,3012941.1806921884,-46.69311985343857
170,28560,39838,26559,after_environment_step_before_replay_storage_and_optimizer,3812.616414586323,17149.74300137291,330.9978367015574,2178551.65104001,1371.979440109825,220945.11518108548,2752448.309141623,1484.9000865725063,0.0,0.0,0.0,7.0,1.0,168.0,0.25595238095238093,43.0,25282.0185839259,0.0,0.0,0.0,0.0,-0.48677234726675667,0.0,0.58,0.411662832230467,32.0,0.0,0.0,2974765.4037628183,-33.90432736898708
171,28728,40090,26727,after_environment_step_before_replay_storage_and_optimizer,3819.3758869426574,16460.998631504346,291.32180107465865,2082896.7739954577,1316.8798905203398,210820.11466773844,2633532.1617078874,2169.5969146767834,0.0,0.0,0.0,12.0,0.9821428571428571,165.0,0.4166666666666667,70.0,24123.4482714259,0.0,0.0,0.0,0.0,-0.3872082573543836,0.0,0.58,0.4156026077320991,24.600000381469727,0.0,0.0,2845669.156266146,-34.15372865935659
172,28896,40342,26895,after_environment_step_before_replay_storage_and_optimizer,9426.552521275824,15644.339017244647,276.9385907377746,2028681.4259608772,1251.5471213795636,209807.5985193005,2564188.2475081133,2778.881849417098,0.0,0.0,0.0,12.0,0.9880952380952381,166.0,0.6726190476190477,113.0,24007.589398237626,0.0,0.0,0.0,0.0,-0.37172377444484556,0.0,0.58,0.4252593593167837,24.0,0.0,0.0,2775247.3931487934,-36.04949650610746
173,29064,40594,27063,after_environment_step_before_replay_storage_and_optimizer,3662.769299930276,16978.63711236881,448.09975017798206,2170657.3854778935,1358.2909689894984,224274.58720367274,2742355.3906359402,1353.076688977095,0.0,0.0,0.0,7.0,0.9464285714285714,159.0,0.25595238095238093,43.0,25662.9990526759,0.0,0.0,0.0,0.0,-0.4331798850979381,0.0,0.58,0.4239238297511798,24.071174364089966,0.0,0.0,2967988.2688086024,-42.61336345912402
174,29232,40846,27231,after_environment_step_before_replay_storage_and_optimizer,4063.0161372095913,16835.640560149684,288.65866237065893,2170431.0232662363,1346.851244811967,224698.43935973023,2745198.679834914,2819.7312852766895,0.0,0.0,0.0,12.0,0.9940476190476191,167.0,0.3333333333333333,56.0,25711.4990526759,0.0,0.0,0.0,0.0,-0.5326914642261045,0.0,0.58,0.41179812835682994,24.083431681226106,0.0,0.0,2971243.970439456,-37.191349416036125
175,29400,41098,27399,after_environment_step_before_replay_storage_and_optimizer,4545.821963664649,18182.76448533675,347.14852783375136,2045718.6218015493,1454.621158826941,210299.11174474127,2585794.993120895,3343.012105597966,0.0,0.0,0.0,12.0,0.8630952380952381,145.0,0.4880952380952381,82.0,24063.831630566026,0.0,0.0,0.0,0.0,-0.4238676812115717,0.0,0.7251957108251126,0.5436803623108746,24.0,0.0,0.0,2797548.7260244633,-44.486942754690055
176,29568,41350,27567,after_environment_step_before_replay_storage_and_optimizer,3234.5363094108466,15315.460814316195,324.3212626118893,2087807.0792115245,1225.236865145287,215143.38917100136,2638390.93718876,677.8905561680317,0.0,0.0,0.0,9.0,0.9404761904761905,158.0,0.24404761904761904,41.0,24618.146270272005,0.0,0.0,0.0,0.0,-0.31548630499763164,0.0,0.58,0.4269729144281488,24.0,0.0,0.0,2854759.5632249066,-29.33515378979128
177,29736,41602,27735,after_environment_step_before_replay_storage_and_optimizer,3456.666570729599,16009.267156871674,366.4337289563882,2086063.4282852001,1280.7413725497274,215063.15065855256,2634310.0709329885,654.0113960649392,0.0,0.0,0.0,12.0,0.9047619047619048,152.0,0.2857142857142857,48.0,24608.96484274321,0.0,0.0,0.0,0.0,-0.33059319368712203,0.0,0.58,0.44209970619867855,24.0,0.0,0.0,2850653.962964091,-32.58475529683572
178,29904,41854,27903,after_environment_step_before_replay_storage_and_optimizer,3768.6325265760647,16796.261098410185,341.32209486554893,2174870.4097255543,1343.700887872807,220945.11518108542,2747891.3443886964,1216.1561905307378,0.0,0.0,0.0,7.0,0.9880952380952381,166.0,0.25595238095238093,43.0,25282.018583925896,0.0,0.0,0.0,0.0,-0.4620357257455897,0.0,0.58,0.4151400811880053,32.0,0.0,0.0,2970180.160457655,-33.38654854189756
179,30072,42106,28071,after_environment_step_before_replay_storage_and_optimizer,8082.333520672356,17115.514186426266,293.5924797506632,2071260.0874170305,1369.2411349140937,211540.43461127026,2617523.546790244,1366.4736081226006,0.0,0.0,0.0,12.0,0.9940476190476191,167.0,0.5059523809523809,85.0,24205.8720995509,0.0,0.0,0.0,0.0,-0.3515543749141074,0.0,0.58,0.41115243547693536,24.4174652340855,0.0,0.0,2830433.2225364284,-30.31976642066608
180,30240,42358,28239,after_environment_step_before_replay_storage_and_optimizer,4606.289845829189,17095.000988919128,589.7707187971737,2190820.737905883,1367.600079113523,220945.11518108548,2767989.2594213737,-234.96950321699615,0.0,0.0,0.0,9.0,0.9880952380952381,166.0,0.3392857142857143,57.0,25282.0185839259,0.0,0.0,0.0,0.0,-0.24299063340069957,0.0,0.58,0.41137713360333705,32.13222705379898,0.0,0.0,2990301.974681573,-46.0068099876889
181,30408,42610,28407,after_environment_step_before_replay_storage_and_optimizer,5012.836479637325,20800.11372166854,267.05054508729154,2028378.9051654453,1664.009097733487,212594.16670180767,2564440.618438113,6558.320295065152,0.0,0.0,0.0,12.0,0.9285714285714286,156.0,0.5833333333333334,98.0,24326.447176640115,0.0,1.0,0.005952380952380952,0.0,-0.5195494303144161,0.0,0.7426441826869052,0.54498980832895,24.231861074553027,0.0,0.0,2778698.794237654,-54.155645082309
182,30576,42862,28575,after_environment_step_before_replay_storage_and_optimizer,4372.5921288409345,17401.893625390123,359.47433183727117,2208042.800103436,1392.1514900312022,223726.42306096226,2790585.992414632,1088.020868017562,0.0,0.0,0.0,10.0,0.9821428571428571,165.0,0.27380952380952384,46.0,25600.2744433009,0.0,0.0,0.0,0.0,-0.5150874957891954,0.0,0.58,0.4097295570280336,29.299999237060547,0.0,0.0,3015704.5669656256,-34.19805088706951
183,30744,43114,28743,after_environment_step_before_replay_storage_and_optimizer,3616.5113076726266,16839.27724047906,516.3892709204629,2171272.19402889,1347.1421792383167,221585.6556071635,2743283.2210757583,1399.75397150097,0.0,0.0,0.0,12.0,0.9880952380952381,166.0,0.31547619047619047,53.0,25355.3135058009,0.0,0.0,0.0,0.0,-0.25211812825458735,0.0,0.58,0.4118562874251497,24.182649946048365,0.0,0.0,2966216.01886216,-48.30991153114183
184,30912,43366,28911,after_environment_step_before_replay_storage_and_optimizer,4308.363241608994,17893.709009063266,295.58753256755335,2028820.3454219904,1431.4967207250622,211337.66267696914,2564620.947525129,4725.707803165337,0.0,0.0,0.0,12.0,0.8511904761904762,143.0,0.5,84.0,24182.669577933266,0.0,0.0,0.0,0.0,-0.4327862115739534,0.0,0.7183070319741889,0.5489481763065924,24.238562134028015,0.0,0.0,2777390.1069228235,-47.27554162123095
185,31080,43618,29079,after_environment_step_before_replay_storage_and_optimizer,4793.891201135967,19605.050020083763,280.7896769537256,2047678.0741154621,1568.4040016067026,215465.00110829194,2587328.607069289,8926.34399232988,0.0,0.0,0.0,12.0,0.9226190476190477,155.0,0.5238095238095238,88.0,24654.94726027683,0.0,0.0,0.0,0.0,-0.49810215495586074,0.0,0.7383674454266782,0.5499376783266122,24.0,0.0,0.0,2804362.0121791875,-67.09489411794743
186,31248,43870,29247,after_environment_step_before_replay_storage_and_optimizer,3592.094731575804,17520.156779372435,272.41292742600854,2126626.374194776,1401.612542349787,217874.9692621943,2688644.8052175245,3146.8906608290395,0.0,0.0,0.0,8.0,1.0,168.0,0.22023809523809523,37.0,24930.7119433009,0.0,0.0,0.0,0.0,-0.5306196307961476,0.0,0.58,0.4080049902462139,32.17313205450826,0.0,0.0,2907921.3870220687,-37.52748749822588
187,31416,44122,29415,after_environment_step_before_replay_storage_and_optimizer,6055.686044267203,17118.67580192764,301.5118204241844,2111671.510297048,1369.4940641542037,224324.78651065426,2668635.61327002,1621.654344516261,0.0,0.0,0.0,12.0,1.0,168.0,0.4523809523809524,76.0,25668.7431933009,0.0,0.0,0.0,0.0,-0.4130605886331412,0.0,0.58,0.40895577883169815,24.56741048196606,0.0,0.0,2894329.8938448285,-32.22921735651605
188,31584,44374,29583,after_environment_step_before_replay_storage_and_optimizer,4924.142937033656,16619.17412230694,313.70953569507583,2249401.126801901,1329.533929784548,227958.1683125023,2841101.493742278,1700.628913464058,0.0,0.0,0.0,12.0,0.9761904761904762,164.0,0.30357142857142855,51.0,26084.4990526759,0.0,0.0,0.0,0.0,-0.5594308683309657,0.0,0.58,0.4155372194158824,32.0,0.0,0.0,3070389.1959845643,-33.59990742292633
189,31752,44626,29751,after_environment_step_before_replay_storage_and_optimizer,4408.170780308554,16741.98625774005,315.93759070417764,2199013.6215401827,1339.358900619196,223176.7910024407,2777680.1286490173,1571.2770945430395,0.0,0.0,0.0,7.0,0.9940476190476191,167.0,0.25,42.0,25537.3818651759,0.0,0.0,0.0,0.0,-0.5116031353024916,0.0,0.58,0.41271953780776066,32.0,0.0,0.0,3002196.2785520772,-33.13139272904939
190,31920,44878,29919,after_environment_step_before_replay_storage_and_optimizer,2367.718375625131,19915.17455734389,318.6076746477411,2035683.4557760197,1593.2139645875125,209020.02316363167,2573758.6437011217,3081.6504688414007,0.0,0.0,0.0,12.0,0.9404761904761905,158.0,0.26785714285714285,45.0,23917.4697558009,0.0,0.0,0.0,0.0,-0.502820048439088,0.0,0.7368099223483258,0.5423694262018944,24.0,0.0,0.0,2784371.880829341,-40.89686631602629
191,32088,45130,30087,after_environment_step_before_replay_storage_and_optimizer,3793.097748149239,21908.000243899096,325.758803010729,2095246.8500918052,1752.6400195119293,217293.77134730056,2647953.601556054,3465.4910210971057,0.0,0.0,0.0,12.0,0.8869047619047619,149.0,0.39880952380952384,67.0,24864.207388659626,0.0,0.0,0.0,0.0,-0.5530560776522792,0.0,0.7391229337600298,0.5271215492868139,24.045350791555713,0.0,0.0,2867000.0129228663,-43.3881593463437
192,32256,45382,30255,after_environment_step_before_replay_storage_and_optimizer,4802.073964370983,15564.736044750038,382.3512043612445,2077979.6452247829,1245.1788835799948,214626.33906758387,2625579.2060756716,1138.8465736024516,0.0,0.0,0.0,10.0,0.9047619047619048,152.0,0.2976190476190476,50.0,24558.98193747964,0.0,0.0,0.0,0.0,-0.3365770962260983,0.0,0.5873935498046875,0.4331541323778328,31.0,0.0,0.0,2841450.7240268355,-36.282329216911805
193,32424,45634,30423,after_environment_step_before_replay_storage_and_optimizer,3619.9020449056516,20864.952504266013,389.5732913616721,2050526.8413971865,1669.196200341284,212110.79128976684,2590152.696927297,2225.67681280824,0.0,0.0,0.0,10.0,0.8928571428571429,150.0,0.32142857142857145,54.0,24271.136127376983,0.0,0.0,0.0,0.0,-0.45300791416939046,0.0,0.7143592013819831,0.5417462512929523,30.200000762939453,0.0,0.0,2803932.684417405,-42.29424737297476
194,32592,45886,30591,after_environment_step_before_replay_storage_and_optimizer,4563.495806233803,16883.482080871145,252.19569827086343,2174374.2969469232,1350.6785664696836,224385.89277348793,2750154.6458849483,3329.3188398436628,0.0,0.0,0.0,12.0,1.0,168.0,0.30952380952380953,52.0,25675.7353808009,0.0,0.0,0.0,0.0,-0.5872371298166517,0.0,0.58,0.4113057577265174,24.22820837985389,0.0,0.0,2975891.217224906,-36.822250060887356
195,32760,46138,30759,after_environment_step_before_replay_storage_and_optimizer,4882.225181897389,17762.00357848165,361.1207585584034,2175815.7328265635,1420.9602862785234,224324.78651065426,2746309.6675684648,1176.6922822255506,0.0,0.0,0.0,6.0,0.9880952380952381,166.0,0.2916666666666667,49.0,25668.7431933009,0.0,0.0,0.0,0.0,-0.4878820626443881,0.0,0.58,0.41339318954461085,24.24306539773941,0.0,0.0,2972055.4143653978,-34.77312209580002
196,32928,46390,30927,after_environment_step_before_replay_storage_and_optimizer,5208.962296764478,15499.552904782337,324.44904328689336,2108362.53268076,1239.9642323825783,213775.84849730725,2665056.938014394,1536.1302898390938,0.0,0.0,0.0,12.0,0.9464285714285714,159.0,0.48214285714285715,81.0,24461.6631151759,0.0,0.0,0.0,0.0,-0.36330957990562185,0.0,0.58,0.42699419040938835,27.200000762939453,0.0,0.0,2880072.750744084,-33.636574912146926
197,33096,46642,31095,after_environment_step_before_replay_storage_and_optimizer,2793.4962488898004,23096.67615774255,398.0120343030503,2089751.8177823166,1847.7340926194054,214736.037514444,2639000.166790946,1713.8665775371305,0.0,0.0,0.0,7.0,0.7916666666666666,133.0,0.2857142857142857,48.0,24571.53436784169,0.0,0.0,0.0,0.0,-0.4940747673660423,0.0,0.7307939970908782,0.5233896071980562,24.0,0.0,0.0,2855583.938398009,-40.41029563192965
198,33264,46894,31263,after_environment_step_before_replay_storage_and_optimizer,9005.832585338749,16822.645590936452,215.61739156384647,2077231.043860064,1345.8116472749086,211540.49392176385,2626992.595329105,3376.295952686833,0.0,0.0,0.0,12.0,1.0,168.0,0.5297619047619048,89.0,24205.87888625446,0.0,0.0,0.0,0.0,-0.45344685400767826,0.0,0.58,0.4119136160772387,24.355553513507772,0.0,0.0,2839878.9008981436,-34.13087108854187
199,33432,47146,31431,after_environment_step_before_replay_storage_and_optimizer,10221.625857682713,15752.447731503538,293.63029169807487,2084200.639150199,1260.1958185202745,216607.47516568506,2634333.249593294,1772.1913618710325,0.0,0.0,0.0,12.0,0.9642857142857143,162.0,0.6130952380952381,103.0,24785.6767870509,0.0,0.0,0.0,0.0,-0.3676474451991724,0.0,0.58,0.4258775278158636,24.048983613001223,0.0,0.0,2852200.9205774995,-32.35138014520116
200,33600,47398,31599,after_environment_step_before_replay_storage_and_optimizer,4985.340142483388,18086.926370422843,327.7017883709941,2082489.992577878,1446.954109633823,214578.54241414502,2631824.128057571,2117.478032478346,0.0,0.0,0.0,12.0,0.9702380952380952,163.0,0.35714285714285715,60.0,24553.5127245509,0.0,0.0,0.0,0.0,-0.4323636053613994,0.0,0.598860120273202,0.41838348415091264,24.0,0.0,0.0,2847849.62458135,-36.80353323207126
201,33768,47650,31767,after_environment_step_before_replay_storage_and_optimizer,6024.246165876857,15993.922231709708,560.5483606940797,2170777.2208005115,1279.5137785367685,222406.06057818062,2741624.0270007467,246.11771329904474,0.0,0.0,0.0,12.0,0.9226190476190477,155.0,0.4583333333333333,77.0,25449.18973251268,0.0,0.0,0.0,0.0,-0.2545524772992395,0.0,0.5879509912109375,0.42827468429231214,24.0,0.0,0.0,2965309.6013574637,-46.07445742202159
202,33936,47902,31935,after_environment_step_before_replay_storage_and_optimizer,4395.0644369566935,17131.170478869462,461.96755219032093,2156215.4060860067,1370.493638309549,223701.21246034626,2724753.438394283,1771.2422030802093,0.0,0.0,0.0,12.0,0.9821428571428571,165.0,0.26785714285714285,45.0,25597.3896776759,0.0,0.0,0.0,0.0,-0.4145083289773912,0.0,0.58,0.41647607098365397,24.0,0.0,0.0,2949825.1444929386,-45.81361519062671
203,34104,48154,32103,after_environment_step_before_replay_storage_and_optimizer,5538.184098956215,17115.210161020077,262.0448530461799,2088065.2316869532,1369.2168128815986,214578.54241414502,2640105.1161537697,3113.9510251674897,0.0,0.0,0.0,11.0,1.0,168.0,0.3630952380952381,61.0,24553.5127245509,0.0,0.0,0.0,0.0,-0.4697719027005385,0.0,0.58,0.4089904063844798,24.618030672644185,0.0,0.0,2856052.8753807964,-36.53334336953186
204,34272,48406,32271,after_environment_step_before_replay_storage_and_optimizer,6536.793645180846,16257.786648843488,446.1017284826157,2174832.985696581,1300.6229319074716,222404.56487307727,2745746.5722973547,-176.0653528106888,0.0,0.0,0.0,12.0,0.9583333333333334,161.0,0.4107142857142857,69.0,25449.0185839259,0.0,0.0,0.0,0.0,-0.3649738690249002,0.0,0.58,0.4197079162346018,24.01980846660283,0.0,0.0,2969451.7601023396,-34.80781151455576
205,34440,48658,32439,after_environment_step_before_replay_storage_and_optimizer,4683.601196268904,17081.44018006423,388.1066219867407,2204662.4601815715,1366.5152144051312,224403.849138991,2784355.946362336,839.8104884915199,0.0,0.0,0.0,12.0,0.9880952380952381,166.0,0.2857142857142857,48.0,25677.7900683009,0.0,0.0,0.0,0.0,-0.48832656825799087,0.0,0.58,0.4093278250118487,32.09179891824722,0.0,0.0,3010126.310715732,-35.24758220139684
206,34608,48910,32607,after_environment_step_before_replay_storage_and_optimizer,3908.0127535790425,16993.867378292816,355.8261084549158,2200174.1184471105,1359.5093902634173,224403.849138991,2777244.397151928,906.4812499047837,0.0,0.0,0.0,6.0,0.9880952380952381,166.0,0.26785714285714285,45.0,25677.7900683009,0.0,0.0,0.0,0.0,-0.49264767804686865,0.0,0.58,0.4140184897972249,32.0,0.0,0.0,3003007.7556811823,-32.998494925917136
207,34776,49162,32775,after_environment_step_before_replay_storage_and_optimizer,6447.782977932041,17165.184347225393,253.4289772344,2098923.7098315647,1373.2147477780236,212880.7782971019,2654696.1055031335,3235.823516477916,0.0,0.0,0.0,11.0,1.0,168.0,0.44642857142857145,75.0,24359.2431933009,0.0,0.0,0.0,0.0,-0.471936410129431,0.0,0.58,0.4116517708287088,24.27546933769077,0.0,0.0,2868950.0985480137,-36.45343576114157
208,34944,49414,32943,after_environment_step_before_replay_storage_and_optimizer,3914.2534498414325,17209.51311894593,256.24680948808236,2200602.1141135963,1376.7610495156673,224403.849138991,2780877.1305467705,3506.381418522671,0.0,0.0,0.0,5.0,1.0,168.0,0.22023809523809523,37.0,25677.7900683009,0.0,0.0,0.0,0.0,-0.6134366713553345,0.0,0.58,0.4097005988023952,32.19211082204019,0.0,0.0,3006657.740735277,-38.03165185165994
209,35112,49666,33111,after_environment_step_before_replay_storage_and_optimizer,11464.758900518786,15277.636438249616,442.13441832801436,2103161.771675129,1222.2109150599604,212737.26024891104,2655329.826545918,-459.11590104012464,0.0,0.0,0.0,12.0,0.9285714285714286,156.0,0.6130952380952381,103.0,24342.820897842972,0.0,0.0,0.0,0.0,-0.2625045683940661,0.0,0.5800620404052734,0.42824072450996536,24.0,0.0,0.0,2869289.297709889,-33.0751739610405
210,35280,49918,33279,after_environment_step_before_replay_storage_and_optimizer,8017.26395986239,22038.483044947945,218.4748484205611,2066039.4351835544,1763.078643595842,225256.65441585687,2610166.5520207994,15563.540360133624,0.0,0.0,0.0,12.0,0.9047619047619048,152.0,0.6845238095238095,115.0,25775.373754821972,0.0,1.0,0.005952380952380952,0.0,-0.6281614567960393,0.0,0.7536398334157839,0.5511137416450516,32.0,0.0,0.0,2837186.285080252,-95.29568967431297
211,35448,50170,33447,after_environment_step_before_replay_storage_and_optimizer,4934.44604095012,15920.443532169205,367.2389050022357,2193315.301116677,1273.6354825735289,221160.95001168095,2769173.2965988964,1976.513549366564,0.0,0.0,0.0,9.0,0.9642857142857143,162.0,0.2857142857142857,48.0,25306.7158495509,0.0,0.0,0.0,0.0,-0.4387785806368909,0.0,0.58,0.42459663932826347,32.0,0.0,0.0,2991607.8820931506,-39.26168014701168
212,35616,50422,33615,after_environment_step_before_replay_storage_and_optimizer,4082.444055909279,17550.452245479202,323.18603663549584,2207749.900157468,1404.036179638329,224403.84913899098,2789431.9161785846,1878.6138554068966,0.0,0.0,0.0,6.0,1.0,168.0,0.2916666666666667,49.0,25677.790068300896,0.0,0.0,0.0,0.0,-0.5530125460007779,0.0,0.58,0.4065663755538654,32.36751249511158,0.0,0.0,3015239.801497214,-35.247952207874114
213,35784,50674,33783,after_environment_step_before_replay_storage_and_optimizer,6383.119925836338,16493.798505393283,505.28481389290573,2171859.1042223684,1319.5038804314547,224274.58720367274,2742729.0327460477,337.9438604959952,0.0,0.0,0.0,12.0,0.9642857142857143,162.0,0.47619047619047616,80.0,25662.9990526759,0.0,0.0,0.0,0.0,-0.2812071975735896,0.0,0.58,0.4249580550970583,24.0,0.0,0.0,2968323.1238301517,-42.112504413912404
214,35952,50926,33951,after_environment_step_before_replay_storage_and_optimizer,6014.249257322685,18811.285804375326,664.6795197404244,2205855.9371255822,1504.9028643500224,225515.7953658904,2785486.295285751,1059.3696735625722,0.0,0.0,0.0,12.0,0.9821428571428571,165.0,0.39880952380952384,67.0,25805.0263964259,0.0,0.0,0.0,0.0,-0.27968365053002664,0.0,0.58,0.4091586325717385,32.2124749008843,0.0,0.0,3012506.9935159916,-58.47120994704688
215,36120,51178,34119,after_environment_step_before_replay_storage_and_optimizer,3637.241900393647,19858.737689778052,437.70102630254405,2085979.1009354282,1588.6990151822458,211529.17957462193,2635110.1047122097,55.163780219879285,0.0,0.0,0.0,8.0,0.7857142857142857,132.0,0.30357142857142855,51.0,24204.584222941936,0.0,0.0,0.0,0.0,-0.41302900955727695,0.0,0.7029135044799502,0.5292222788347123,24.0,0.0,0.0,2848227.983302014,-35.291901005302925
216,36288,51430,34287,after_environment_step_before_replay_storage_and_optimizer,12235.62409074567,16487.980361835384,375.6834587803769,2043219.3585376195,1319.0384289468225,210085.01578453166,2581235.5908809244,1731.3906815677656,0.0,0.0,0.0,12.0,0.9940476190476191,167.0,0.6726190476190477,113.0,24039.333338126627,0.0,0.0,0.0,0.0,-0.3205702301358652,0.0,0.58,0.41525748181346916,24.0,0.0,0.0,2792639.645094403,-38.71163011026897
217,36456,51682,34455,after_environment_step_before_replay_storage_and_optimizer,15053.995778143653,17044.413970991463,407.3943330053007,2052225.2197175266,1363.5531176793102,210948.04523755366,2590013.8457719916,-134.37672248538308,0.0,0.0,0.0,12.0,0.9940476190476191,167.0,0.8630952380952381,145.0,24138.0869433009,0.0,0.0,0.0,0.0,-0.27759874842978166,0.0,0.58,0.412163589111256,24.274695377349854,0.0,0.0,2802325.444127225,-31.919663027997178
218,36624,51934,34623,after_environment_step_before_replay_storage_and_optimizer,4197.933680047478,17755.202173795195,318.4157174944885,2143454.1366521157,1420.4161739036108,222792.0605096275,2708267.8636648096,2011.7994750901862,0.0,0.0,0.0,11.0,0.9702380952380952,163.0,0.3273809523809524,55.0,25493.358427675896,0.0,0.0,0.0,0.0,-0.5018841392318923,0.0,0.58,0.4078314918101394,24.646074020022688,0.0,0.0,2932480.340348341,-35.532254775009974
219,36792,52186,34791,after_environment_step_before_replay_storage_and_optimizer,4302.3880858501325,17701.189568361886,358.1924198297129,2206325.6686209515,1416.0951654689452,224403.849138991,2788054.6321004964,2770.373696584045,0.0,0.0,0.0,7.0,0.9702380952380952,163.0,0.30952380952380953,52.0,25677.7900683009,0.0,0.0,0.0,0.0,-0.5231467738434775,0.0,0.58,0.42325884671415437,32.0,0.0,0.0,3013874.576404956,-42.50726206929723
220,36960,52438,34959,after_environment_step_before_replay_storage_and_optimizer,2322.050381223603,21178.532726773337,299.68421873084844,2065505.9933798113,1694.2826181418686,212565.94759790687,2610222.9275267823,4429.120185808074,0.0,0.0,0.0,11.0,0.8511904761904762,143.0,0.3333333333333333,56.0,24323.21815793718,0.0,0.0,0.0,0.0,-0.4998278025620213,0.0,0.7433984987534117,0.5471666570313023,24.257539899478644,0.0,0.0,2824483.157742831,-46.1203384275082
221,37128,52690,35127,after_environment_step_before_replay_storage_and_optimizer,4401.839447954121,17985.08896625529,303.24974751478294,2083353.199685888,1438.8071173004228,213064.19949833394,2631541.7538583158,1415.9614341587135,0.0,0.0,0.0,8.0,0.7321428571428571,123.0,0.31547619047619047,53.0,24380.2314745509,0.0,0.0,0.0,0.0,-0.3850092722652857,0.0,0.6509036030337979,0.5231005842077681,24.0,0.0,0.0,2846044.7604739503,-31.33978697197621
222,37296,52942,35295,after_environment_step_before_replay_storage_and_optimizer,10599.189919401708,15565.310617660469,519.7505974682954,2055358.7267508265,1245.2248494128296,213719.494231838,2594180.713083568,-1594.2409288996598,0.0,0.0,0.0,12.0,0.8809523809523809,148.0,0.7023809523809523,118.0,24455.21468301342,0.0,0.0,0.0,0.0,-0.2475517055659322,0.0,0.58,0.4466383829212263,24.0,0.0,0.0,2809145.4321648185,-33.6088431529653
223,37464,53194,35463,after_environment_step_before_replay_storage_and_optimizer,10945.408945459896,17130.989506471713,450.27252640459847,2104846.36456653,1370.4791605177293,215518.67421599306,2656509.942182162,-710.8363416322393,0.0,0.0,0.0,12.0,0.9880952380952381,166.0,0.5773809523809523,97.0,24661.0888964259,0.0,0.0,0.0,0.0,-0.2731089066969412,0.0,0.58,0.4095488192327192,26.20592760324478,0.0,0.0,2873399.0955586727,-32.46762040420667
224,37632,53446,35631,after_environment_step_before_replay_storage_and_optimizer,5063.669467300428,17317.99487788724,554.5212992473935,2150534.5099995015,1385.439590230972,220490.89765028463,2716912.0801773486,731.092909043496,0.0,0.0,0.0,12.0,0.9821428571428571,165.0,0.35714285714285715,60.0,25230.0439745509,0.0,0.0,0.0,0.0,-0.22092459606915082,0.0,0.58,0.4075449101796407,24.503269763186243,0.0,0.0,2938788.4174178643,-48.017168485008945
225,37800,53698,35799,after_environment_step_before_replay_storage_and_optimizer,11794.717163323794,15642.871204010129,501.2737165515555,2103251.365645665,1251.4296963208021,213323.1671574715,2654756.0226177983,-2065.096296680364,0.0,0.0,0.0,12.0,0.9345238095238095,157.0,0.6190476190476191,104.0,24409.8642870509,0.0,0.0,0.0,0.0,-0.22817675737328497,0.0,0.5806950081218479,0.4304822017311222,24.0,0.0,0.0,2869330.619471591,-29.776415840722596
226,37968,53950,35967,after_environment_step_before_replay_storage_and_optimizer,11876.382750415009,17106.86801011504,468.17345015315914,2088436.9759943036,1368.5494408091959,213066.9582083346,2635686.4108758313,-792.3682368392431,0.0,0.0,0.0,12.0,1.0,168.0,0.625,105.0,24380.547144609718,0.0,0.0,0.0,0.0,-0.2656765459413614,0.0,0.58,0.4110083134485849,24.854117176419848,0.0,0.0,2850121.918524975,-33.492034828056504
227,38136,54202,36135,after_environment_step_before_replay_storage_and_optimizer,12960.27285268586,17259.20429536747,335.04673743583953,2048615.9686443273,1380.736343629392,209760.79407329546,2587549.8528989865,1798.0485260424834,0.0,0.0,0.0,12.0,0.9583333333333334,161.0,0.7916666666666666,133.0,24002.233720323045,0.0,0.0,0.0,0.0,-0.35622041519783015,0.0,0.58,0.4273005863750483,24.135277132987977,0.0,0.0,2798691.383315911,-35.79398162507959
228,38304,54454,36303,after_environment_step_before_replay_storage_and_optimizer,11724.528072835968,16499.94211142661,401.4718716593834,2073182.9509122453,1319.9953689141223,211762.47667657692,2620249.6875038487,949.3117001911789,0.0,0.0,0.0,12.0,0.9404761904761905,158.0,0.6607142857142857,111.0,24231.279638508688,0.0,0.0,0.0,0.0,-0.33106483656186475,0.0,0.5867628297071393,0.43079093527308043,24.0,0.0,0.0,2833332.1595493397,-36.86430823370657
229,38472,54706,36471,after_environment_step_before_replay_storage_and_optimizer,8529.166483883986,17344.962799205612,506.37792670249837,2167383.930880461,1387.5970239364415,222954.70899525384,2736602.514650264,257.3808404568837,0.0,0.0,0.0,12.0,0.9583333333333334,161.0,0.44047619047619047,74.0,25511.9697558009,0.0,0.0,0.0,0.0,-0.3288594886828556,0.0,0.58,0.42490380884835416,25.700000762939453,0.0,0.0,2960944.820669454,-41.79713833848425
230,38640,54958,36639,after_environment_step_before_replay_storage_and_optimizer,3469.9582613210255,17017.523007883592,245.8542768520947,2205260.9583841767,1361.4018406306798,223176.7910024407,2787513.970941156,3553.737363281001,0.0,0.0,0.0,10.0,1.0,168.0,0.26785714285714285,45.0,25537.3818651759,0.0,0.0,0.0,0.0,-0.6212242876715816,0.0,0.58,0.40996646453405333,32.0,0.0,0.0,3012052.1637842273,-37.437028964572555
231,38808,55210,36807,after_environment_step_before_replay_storage_and_optimizer,6060.170515225965,17327.98931109686,399.80568225402385,2148607.142175208,1386.2391448877413,220615.43153118814,2713504.470867454,131.16716316153736,0.0,0.0,0.0,9.0,1.0,168.0,0.3869047619047619,65.0,25244.2939745509,0.0,0.0,0.0,0.0,-0.40974463765539776,0.0,0.58,0.40686438656689333,32.0,0.0,0.0,2935506.14154353,-32.64029039612957
232,38976,55462,36975,after_environment_step_before_replay_storage_and_optimizer,7189.3791938341055,17159.41904667811,281.0759762358157,2165534.6224824497,1372.7535237342415,224192.4863309828,2739769.4190868856,2873.2696506944376,0.0,0.0,0.0,7.0,0.9940476190476191,167.0,0.39880952380952384,67.0,25653.6045214259,0.0,0.0,0.0,0.0,-0.5581876194139712,0.0,0.58,0.4086472637406873,24.59204683300583,0.0,0.0,2965334.658941603,-36.85242635233741
233,39144,55714,37143,after_environment_step_before_replay_storage_and_optimizer,4863.173930703356,17015.516818588534,281.46071926581135,2206811.059096649,1361.241345487075,223726.42306096226,2790585.62906482,2990.27862236928,0.0,0.0,0.0,7.0,0.9940476190476191,167.0,0.2976190476190476,50.0,25600.2744433009,0.0,0.0,0.0,0.0,-0.5691654308121188,0.0,0.58,0.40998650972268014,29.5,0.0,0.0,3015673.2934712693,-37.46825065311127
234,39312,55966,37311,after_environment_step_before_replay_storage_and_optimizer,12093.543011073012,16822.692113468693,417.772605223081,2094398.7269631927,1345.815369077488,211799.35209642156,2645848.5964833777,211.3911464911869,0.0,0.0,0.0,12.0,0.9583333333333334,161.0,0.6607142857142857,111.0,24235.499170807638,0.0,0.0,0.0,0.0,-0.3127536978055301,0.0,0.58,0.4247904191616766,24.06682337999344,0.0,0.0,2858993.763948877,-34.47876415030244
235,39480,56218,37479,after_environment_step_before_replay_storage_and_optimizer,2377.9563304892904,23565.88257135472,350.1559972545365,2127135.0115564833,1885.2706057083776,216958.91250868732,2687694.938165598,2275.0709011126633,0.0,0.0,0.0,7.0,0.7678571428571429,129.0,0.20238095238095238,34.0,24825.890599560793,0.0,0.0,0.0,0.0,-0.5611064585572694,0.0,0.7399990894450166,0.5250513831716882,32.0,0.0,0.0,2906539.121279994,-39.3878342859262
236,39648,56470,37647,after_environment_step_before_replay_storage_and_optimizer,2349.752512666509,20460.518130116343,379.18360370145456,2097809.630495894,1636.8414504093073,214079.56643332634,2651575.24673619,3162.9923442424943,0.0,0.0,0.0,11.0,0.75,126.0,0.26785714285714285,45.0,24496.416553813422,0.0,0.0,0.0,0.0,-0.4947856027008506,0.0,0.7018747051430082,0.530836873050721,24.0,0.0,0.0,2867291.6546199257,-46.149650017328824
237,39816,56722,37815,after_environment_step_before_replay_storage_and_optimizer,6564.2083217318595,16889.054598950734,358.4483093132894,2180921.9446030166,1351.1243679160507,224274.58720367274,2754729.800297039,1006.5525561269351,0.0,0.0,0.0,11.0,0.9940476190476191,167.0,0.3869047619047619,65.0,25662.9990526759,0.0,0.0,0.0,0.0,-0.5116465823414128,0.0,0.58,0.4119046723036494,24.248149862595856,0.0,0.0,2980355.5118686277,-33.708627525697835
238,39984,56974,37983,after_environment_step_before_replay_storage_and_optimizer,8248.57370630258,18834.884043302598,379.03188304417927,2100991.3806908345,1506.790723464207,216502.91176732778,2653731.0565907224,923.5884861700981,0.0,0.0,0.0,12.0,0.8809523809523809,148.0,0.39285714285714285,66.0,24773.7119433009,0.0,0.0,0.0,0.0,-0.38159063164956847,0.0,0.6058701750341029,0.44873688932498934,24.0,0.0,0.0,2871740.759081514,-34.94049307438486
239,40152,57226,38151,after_environment_step_before_replay_storage_and_optimizer,4125.47948073805,17000.506041538192,302.4333277796177,2195201.3060475113,1360.0404833230477,221384.97786075692,2773350.4021909535,2891.2570668314565,0.0,0.0,0.0,8.0,1.0,168.0,0.2619047619047619,44.0,25332.3506151759,0.0,0.0,0.0,0.0,-0.546360963063363,0.0,0.58,0.4101364925075294,32.05932057045845,0.0,0.0,2996095.4205350336,-38.650951556526714
240,40320,57478,38319,after_environment_step_before_replay_storage_and_optimizer,3080.9207931825918,18409.02323516321,318.32049590363204,2092124.0184590914,1472.7218588130577,215252.9780867368,2645075.9569459287,1129.7944125619124,0.0,0.0,0.0,7.0,0.6964285714285714,117.0,0.24404761904761904,41.0,24630.68616734982,0.0,0.0,0.0,0.0,-0.39648987474201375,0.0,0.6910374332838987,0.5245062435918473,24.0,0.0,0.0,2861801.6568914787,-31.114611735100112
241,40488,57730,38487,after_environment_step_before_replay_storage_and_optimizer,4013.323746410226,18005.058198620594,570.188622668571,2176803.138005786,1440.4046558896418,220945.11518108548,2750224.910994223,1424.0156945155627,0.0,0.0,0.0,9.0,0.9821428571428571,165.0,0.2976190476190476,50.0,25282.0185839259,0.0,0.0,0.0,0.0,-0.2629649456712039,0.0,0.58,0.4086227544910179,32.0,0.0,0.0,2972610.430831198,-52.73516828606349
242,40656,57982,38655,after_environment_step_before_replay_storage_and_optimizer,10682.459120570165,15165.22712738685,402.78257632252826,2093945.5485329723,1213.2181701909403,214536.32759064875,2646412.125653074,-1050.762249828485,0.0,0.0,0.0,12.0,0.8869047619047619,149.0,0.5714285714285714,96.0,24548.682221956286,0.0,0.0,0.0,0.0,-0.2629496262772318,0.0,0.5913003907097956,0.4474393919650552,24.0,0.0,0.0,2862161.671413914,-26.96879485665982
243,40824,58234,38823,after_environment_step_before_replay_storage_and_optimizer,5425.7778962478615,16989.26765800684,520.7849840364906,2169953.832391515,1359.1414126405396,224274.5872036727,2741400.745491618,875.2939782399083,0.0,0.0,0.0,7.0,0.9880952380952381,166.0,0.31547619047619047,53.0,25662.999052675896,0.0,0.0,0.0,0.0,-0.3076899180170048,0.0,0.58,0.4121783213784396,24.262066911771733,0.0,0.0,2967034.474107931,-46.039268614118846
244,40992,58486,38991,after_environment_step_before_replay_storage_and_optimizer,4675.949258851562,17347.7645564111,354.38620722329506,2242900.1441586274,1387.8211645128802,231843.48543262552,2831475.024791462,2139.5512006910626,0.0,0.0,0.0,6.0,0.9940476190476191,167.0,0.27976190476190477,47.0,26529.0830370509,0.0,0.0,0.0,0.0,-0.448904000295001,0.0,0.58,0.40668896252763365,32.0,0.0,0.0,3064706.3313886,-39.04865258131889
245,41160,58738,39159,after_environment_step_before_replay_storage_and_optimizer,6947.2510443388655,17092.64350583493,448.50280907064916,2169056.1118462784,1367.411480466787,224698.43935973023,2737380.339642818,-775.2087834074778,0.0,0.0,0.0,12.0,1.0,168.0,0.3869047619047619,65.0,25711.4990526759,0.0,0.0,0.0,0.0,-0.3842082401194632,0.0,0.58,0.4092158850374537,24.608517907890196,0.0,0.0,2963446.190483015,-32.00418080861451
246,41328,58990,39327,after_environment_step_before_replay_storage_and_optimizer,6991.691466157345,17435.208000618735,425.02422343231774,2177073.104314036,1394.816640049491,222404.56487307727,2750507.811672106,367.1642384584741,0.0,0.0,0.0,12.0,0.9940476190476191,167.0,0.4166666666666667,70.0,25449.0185839259,0.0,0.0,0.0,0.0,-0.4616726652623191,0.0,0.58,0.4153930893887759,24.32704020023346,0.0,0.0,2974307.193185233,-35.83775906687775
247,41496,59242,39495,after_environment_step_before_replay_storage_and_optimizer,13171.037305796584,17119.488346100185,452.7590572827976,2064388.3595790146,1369.5590676880079,212277.84428837188,2606659.0634095804,-658.0029693346769,0.0,0.0,0.0,12.0,0.9940476190476191,167.0,0.6726190476190477,113.0,24290.251449350824,0.0,0.0,0.0,0.0,-0.26369030948081923,0.0,0.58,0.4099712367592923,32.0,0.0,0.0,2820306.4667656403,-32.93070973595043
248,41664,59494,39663,after_environment_step_before_replay_storage_and_optimizer,2495.888232666361,20735.635187638723,388.8591098477373,2062473.6217358797,1658.8508150110988,210653.30391437557,2605274.2820478757,629.1834370000502,0.0,0.0,0.0,6.0,0.8035714285714286,135.0,0.22023809523809523,37.0,24104.36066877371,0.0,0.0,0.0,0.0,-0.4376683272994584,0.0,0.7424343003859806,0.541282408812513,32.0,0.0,0.0,2817586.4367772625,-34.25464597281919
249,41832,59746,39831,after_environment_step_before_replay_storage_and_optimizer,14410.547763869467,15896.75287485837,557.0927985548769,2061983.4738835644,1271.7402299886623,210120.75713800747,2602010.710042321,-2576.1451457957755,0.0,0.0,0.0,12.0,0.9404761904761905,158.0,0.8214285714285714,138.0,24043.42310296279,0.0,0.0,0.0,0.0,-0.20893835165741456,0.0,0.5878069227586649,0.4397106387672987,26.100000381469727,0.0,0.0,2813403.207410317,-31.686698155411246
250,42000,59998,39999,after_environment_step_before_replay_storage_and_optimizer,10152.734999326005,17349.456692603686,293.0714629724225,2091043.5106641473,1387.9565354082872,216607.47516568506,2643730.286260976,2890.414081635053,0.0,0.0,0.0,12.0,1.0,168.0,0.48214285714285715,81.0,24785.6767870509,0.0,0.0,0.0,0.0,-0.4693453144444223,0.0,0.58,0.4066754236388051,24.85668217345685,0.0,0.0,2861725.7179620694,-37.89778744596905
251,42168,60250,40167,after_environment_step_before_replay_storage_and_optimizer,10873.867614400202,17351.59872567198,301.6987150084424,2082345.9924112791,1388.1278980537516,214626.3350219479,2632090.8968911977,2711.9418298116557,0.0,0.0,0.0,12.0,1.0,168.0,0.5178571428571429,87.0,24558.9814745509,0.0,0.0,0.0,0.0,-0.44627281717417855,0.0,0.58,0.4066284890024458,28.200000762939453,0.0,0.0,2848105.3598111994,-37.695606349733644
252,42336,60502,40335,after_environment_step_before_replay_storage_and_optimizer,6820.41377429959,16378.252816297361,336.8182113078001,2183591.938774702,1310.2602253037805,224698.43935973023,2759051.895714001,1593.9553472537732,0.0,0.0,0.0,12.0,0.9880952380952381,166.0,0.39285714285714285,66.0,25711.4990526759,0.0,0.0,0.0,0.0,-0.4941421550452375,0.0,0.58,0.4172455089820359,24.0,0.0,0.0,2985060.595299035,-34.915233640892865
253,42504,60754,40503,after_environment_step_before_replay_storage_and_optimizer,9667.90536156138,15876.217509347593,446.0456774648974,2086301.9436471642,1270.0974007478,211810.72336774255,2634589.2949148086,-719.8077120075018,0.0,0.0,0.0,12.0,0.8869047619047619,149.0,0.5476190476190477,92.0,24236.800347765653,0.0,0.0,0.0,0.0,-0.22816889716455208,0.0,0.5970558593835996,0.4458031463947247,24.0,0.0,0.0,2847670.115683299,-32.08461563715427
254,42672,61006,40671,after_environment_step_before_replay_storage_and_optimizer,8971.017352850444,15813.834331288881,372.71941531214907,2093665.6679144066,1265.1067465031033,212412.17947170153,2645197.3395644194,462.8278021154325,0.0,0.0,0.0,12.0,0.9107142857142857,153.0,0.5,84.0,24305.622979962085,0.0,0.0,0.0,0.0,-0.30266256422551713,0.0,0.58,0.4291017964071856,24.0,0.0,0.0,2858874.625782624,-32.13169223554907
255,42840,61258,40839,after_environment_step_before_replay_storage_and_optimizer,14723.977561782693,17048.77270248298,354.31149705111784,2059575.5900284927,1363.901816198631,213677.85658252283,2600726.83801226,112.53799775264082,0.0,0.0,0.0,12.0,0.9642857142857143,162.0,0.7559523809523809,127.0,24450.4502245509,0.0,0.0,0.0,0.0,-0.29924140219823736,0.0,0.58,0.412101551350803,24.246425085957387,0.0,0.0,2815768.5964109814,-28.907609752852633
256,43008,61510,41007,after_environment_step_before_replay_storage_and_optimizer,12487.760109976603,17068.130981568574,481.8892570789176,2099488.711895805,1365.450478525478,216744.56427860257,2649088.1620775894,-1257.1344899092246,0.0,0.0,0.0,12.0,0.9880952380952381,166.0,0.6130952380952381,103.0,24801.363440714158,0.0,0.0,0.0,0.0,-0.2605205031977384,0.0,0.58,0.40978238606523526,24.403991952936554,0.0,0.0,2867198.1768347174,-32.265468116767245
257,43176,61762,41175,after_environment_step_before_replay_storage_and_optimizer,5514.483552372609,17284.422763818628,464.09357581845325,2196860.94832216,1382.7538211054832,222756.23312256392,2770680.663417408,-1109.6020924205613,0.0,0.0,0.0,10.0,0.9880952380952381,166.0,0.35119047619047616,59.0,25489.2588183009,0.0,0.0,0.0,0.0,-0.3792739108462622,0.0,0.58,0.4073638442282972,32.29493585591975,0.0,0.0,2994819.6503610774,-31.579475603373403
258,43344,62014,41343,after_environment_step_before_replay_storage_and_optimizer,9117.103083642343,14348.302044103188,343.4427835976221,2106053.5844772514,1147.864163528246,214666.75391311833,2660669.3054711088,631.7317651677329,0.0,0.0,0.0,12.0,0.875,147.0,0.5416666666666666,91.0,24563.6064745509,0.0,0.0,0.0,0.0,-0.3049217899227327,0.0,0.58,0.44359979029683977,24.5,0.0,0.0,2876483.9235477555,-30.634081513648425
259,43512,62266,41511,after_environment_step_before_replay_storage_and_optimizer,7686.430186141073,15846.239069579267,400.02416971838284,2165138.60408727,1267.699125566333,221215.0239336522,2735063.6361707826,577.5865229764886,0.0,0.0,0.0,12.0,0.9404761904761905,158.0,0.43452380952380953,73.0,25312.9033495509,0.0,0.0,0.0,0.0,-0.43969382534529744,0.0,0.58,0.42613410805878915,24.0,0.0,0.0,2957546.3592300015,-34.889866192353075
260,43680,62518,41679,after_environment_step_before_replay_storage_and_optimizer,5476.317109094478,17671.76367732497,300.9588702901947,2168932.8358545466,1413.7410941859903,220862.0925938165,2740783.7730833404,2903.331537054395,0.0,0.0,0.0,9.0,1.0,168.0,0.3333333333333333,56.0,25272.5185839259,0.0,0.0,0.0,0.0,-0.5539584663574777,0.0,0.58,0.40342950530566324,32.642900405345046,0.0,0.0,2963059.606771343,-38.59336730848755
261,43848,62770,41847,after_environment_step_before_replay_storage_and_optimizer,7892.480928479404,16175.798954114645,335.48462632351766,2148429.789333084,1294.0639163291632,222744.7970342682,2714261.728533189,1684.241269523133,0.0,0.0,0.0,8.0,0.9761904761904762,164.0,0.39285714285714285,66.0,25487.9502245509,0.0,0.0,0.0,0.0,-0.445862057491888,0.0,0.58,0.41837669654506693,24.0,0.0,0.0,2938300.5894837864,-35.25997645349705
262,44016,63022,42015,after_environment_step_before_replay_storage_and_optimizer,8615.749111864083,16695.379694208,425.7468685485692,2103759.329093476,1335.6303755366325,215520.86457599633,2656578.2128083534,534.2105092167338,0.0,0.0,0.0,12.0,0.9821428571428571,165.0,0.4642857142857143,78.0,24661.339532074766,0.0,0.0,0.0,0.0,-0.3508372392105228,0.0,0.58,0.42281003491225233,24.233117409468633,0.0,0.0,2873434.7077598865,-36.73080202996919
263,44184,63274,42183,after_environment_step_before_replay_storage_and_optimizer,4038.265310867561,17475.62874251508,288.42749449784606,2228613.3390015797,1398.050299401199,228885.24249114707,2814678.5745357494,3129.341622097857,0.0,0.0,0.0,9.0,1.0,168.0,0.25,42.0,26190.5810839259,0.0,0.0,0.0,0.0,-0.5654002789526344,0.0,0.58,0.40538922155688617,32.480928574495756,0.0,0.0,3044961.867326298,-38.72090767031695
264,44352,63526,42351,after_environment_step_before_replay_storage_and_optimizer,7971.920502560133,17697.13238013318,587.87498953264,2200130.8004933223,1415.7705904106485,223726.42306096226,2779752.50370508,186.51236875394713,0.0,0.0,0.0,12.0,0.9880952380952381,166.0,0.5,84.0,25600.2744433009,0.0,0.0,0.0,0.0,-0.2814429805221151,0.0,0.58,0.42263477531589794,29.799999237060547,0.0,0.0,3004894.697356453,-47.96256100638094
265,44520,63778,42519,after_environment_step_before_replay_storage_and_optimizer,7395.488342642729,15783.19840657767,411.40323518910554,2173994.1707027466,1262.6558725262053,222705.00968827232,2748014.8032784327,1113.2677290418453,0.0,0.0,0.0,8.0,0.9642857142857143,162.0,0.39880952380952384,67.0,25483.3974901759,0.0,0.0,0.0,0.0,-0.36685679578685637,0.0,0.5826758251953125,0.4249752582686422,24.0,0.0,0.0,2971982.468839231,-38.47859746033766
266,44688,64030,42687,after_environment_step_before_replay_storage_and_optimizer,7101.0552930533595,16808.321401527108,438.6454796015769,2172048.5396858007,1344.6657121221608,224397.58966291323,2744074.433064335,-478.65164538837337,0.0,0.0,0.0,11.0,0.9880952380952381,166.0,0.39285714285714285,66.0,25677.07381716136,0.0,0.0,0.0,0.0,-0.3985442324427247,0.0,0.58,0.4120567387024777,25.10839868068695,0.0,0.0,2969816.6884393706,-32.698380141184266
267,44856,64282,42855,after_environment_step_before_replay_storage_and_optimizer,9540.135956473872,16570.662461171043,448.6507710109436,2060338.5364939482,1325.6529968936786,210122.74019474225,2601050.246796624,-827.3056885820388,0.0,0.0,0.0,12.0,0.9047619047619048,152.0,0.6071428571428571,102.0,24043.65001758446,0.0,0.0,0.0,0.0,-0.2387553666491695,0.0,0.5924941768005775,0.4381432358070837,27.899999618530273,0.0,0.0,2812498.6399882594,-31.755533237965263
268,45024,64534,43023,after_environment_step_before_replay_storage_and_optimizer,7681.115795444424,16681.44746395306,410.81193903469466,2182344.2625785028,1334.5157971162373,224698.43935973023,2757009.866510137,1323.8636596493368,0.0,0.0,0.0,12.0,0.9761904761904762,164.0,0.39285714285714285,66.0,25711.4990526759,0.0,0.0,0.0,0.0,-0.4149872089966278,0.0,0.58,0.41943590724350677,24.04093097938006,0.0,0.0,2983042.8216669834,-39.48427342102227
269,45192,64786,43191,after_environment_step_before_replay_storage_and_optimizer,13595.080716627295,17358.240355202626,345.1433541575807,2030406.6779654603,1388.659228416204,210125.07781408977,2564254.090076665,870.775819148395,0.0,0.0,0.0,12.0,0.875,147.0,0.7976190476190477,134.0,24043.91750363292,0.0,0.0,0.0,0.0,-0.3119825020914061,0.0,0.58,0.4260207257398979,24.0,0.0,0.0,2775767.8271191707,-31.965347428348437
270,45360,65038,43359,after_environment_step_before_replay_storage_and_optimizer,10265.927356792861,17172.1639108424,428.64145863274643,2083413.4754154643,1373.773112867386,210850.8992483961,2631898.3938212483,118.22431096491005,0.0,0.0,0.0,12.0,0.9642857142857143,162.0,0.5773809523809523,97.0,24126.97084914683,0.0,0.0,0.0,0.0,-0.29509981803101215,0.0,0.58,0.4232913894282445,24.600000381469727,0.0,0.0,2844123.066182512,-34.882438245444234
271,45528,65290,43527,after_environment_step_before_replay_storage_and_optimizer,8554.941883641315,17511.290508164955,472.07628634108005,2102559.176406302,1400.9032406531892,220741.68935973023,2654479.2497189767,-1380.3319408249513,0.0,0.0,0.0,12.0,1.0,168.0,0.47619047619047616,80.0,25258.7412401759,0.0,0.0,0.0,0.0,-0.2999449059983747,0.0,0.58,0.40543144702118245,25.10920848266646,0.0,0.0,2876621.84231936,-30.864443203161613
272,45696,65542,43695,after_environment_step_before_replay_storage_and_optimizer,12881.438404406925,17520.09397514166,259.2191567736045,2044082.111837183,1401.6075180113257,209400.98027282118,2582470.9116764273,2714.6540373904445,0.0,0.0,0.0,12.0,0.9702380952380952,163.0,0.6607142857142857,111.0,23961.06141749622,0.0,0.0,0.0,0.0,-0.42535603133183686,0.0,0.58,0.40647379012932455,24.909759199567958,0.0,0.0,2793273.4994672597,-34.310802728840585
273,45864,65794,43863,after_environment_step_before_replay_storage_and_optimizer,13400.889382563255,17979.496075147847,243.82483023510213,2032561.463562771,1438.3596860118214,208237.0412353184,2570661.7982608415,4143.594551767473,0.0,0.0,0.0,12.0,0.9464285714285714,159.0,0.6964285714285714,117.0,23827.875724060166,0.0,0.0,0.0,0.0,-0.420673065012971,0.0,0.58,0.4050074883676783,31.0,0.0,0.0,2780337.199182172,-40.223959177645554
274,46032,66046,44031,after_environment_step_before_replay_storage_and_optimizer,11314.974227515158,17712.024262615385,365.60190155088276,2075600.0793496459,1416.961941009225,211540.43461127026,2621479.8834864665,614.0454247340081,0.0,0.0,0.0,12.0,0.9464285714285714,159.0,0.6428571428571429,108.0,24205.8720995509,0.0,0.0,0.0,0.0,-0.3263334003712236,0.0,0.5874523327636718,0.41616766467065863,24.0,0.0,0.0,2834437.280038746,-32.31837924774067
275,46200,66298,44199,after_environment_step_before_replay_storage_and_optimizer,6432.6787289804415,16661.91299324171,429.84376083690586,2090842.2968453777,1332.9530394593287,217808.6740876563,2643305.51068766,89.96720545933695,0.0,0.0,0.0,12.0,0.9940476190476191,167.0,0.375,63.0,24923.1260058009,0.0,0.0,0.0,0.0,-0.33325432095148283,0.0,0.58,0.41354252238206823,32.0,0.0,0.0,2862447.1378147756,-34.83733689424913
276,46368,66550,44367,after_environment_step_before_replay_storage_and_optimizer,9408.013566757778,15472.44603926107,426.2228320835875,2102456.3557790727,1237.7956831408776,216701.87523078665,2655828.7403805708,-626.8239258079252,0.0,0.0,0.0,12.0,0.9583333333333334,161.0,0.5595238095238095,94.0,24796.478674199505,0.0,0.0,0.0,0.0,-0.23764888964291536,0.0,0.58,0.4281792555701981,28.700000762939453,0.0,0.0,2873768.4112944985,-30.963706937647384
277,46536,66802,44535,after_environment_step_before_replay_storage_and_optimizer,10072.261688936147,17806.228640931527,364.816759931,2118306.598597977,1424.4982912745168,224057.6598595599,2674947.9929680624,948.2267298040515,0.0,0.0,0.0,12.0,0.9642857142857143,162.0,0.6130952380952381,103.0,25638.17677434344,0.0,0.0,0.0,0.0,-0.4109317439895051,0.0,0.58,0.4253622650794621,24.0,0.0,0.0,2900430.151118897,-33.92647444350027
278,46704,67054,44703,after_environment_step_before_replay_storage_and_optimizer,6220.99267934558,16680.971796317983,375.6505790697065,2214882.3971503805,1334.4777437054315,225771.6906430978,2797160.5901660426,2540.015192609916,0.0,0.0,0.0,12.0,0.9702380952380952,163.0,0.34523809523809523,58.0,25834.3076464259,0.0,0.0,0.0,0.0,-0.4495420913402698,0.0,0.58,0.4222588423950801,32.208999018183725,0.0,0.0,3024266.7585528456,-42.75212228862609
279,46872,67306,44871,after_environment_step_before_replay_storage_and_optimizer,7978.897129120368,15715.946845816336,323.8949079212289,2063292.118798594,1257.275747665303,209705.82165337593,2607138.0805471805,-570.7580215446734,0.0,0.0,0.0,12.0,0.8035714285714286,135.0,0.5892857142857143,99.0,23995.9434081753,0.0,0.0,0.0,0.0,-0.28877354286001,0.0,0.5904763439895704,0.46056872249460296,24.0,0.0,0.0,2818101.1779482216,-23.05780252597491
280,47040,67558,45039,after_environment_step_before_replay_storage_and_optimizer,5992.641562739052,16603.80035365117,382.2128772252436,2133922.717831343,1328.3040282920856,220615.43153118814,2694297.210682696,461.5216181947386,0.0,0.0,0.0,8.0,0.9880952380952381,166.0,0.3273809523809524,55.0,25244.2939745509,0.0,0.0,0.0,0.0,-0.39604551955498213,0.0,0.58,0.41556712893085856,32.0,0.0,0.0,2916240.9462421765,-32.88463826899313
281,47208,67810,45207,after_environment_step_before_replay_storage_and_optimizer,4280.90336065098,17276.056521165345,390.4629545940934,2205198.490816762,1382.0845216932205,225515.7953658904,2786372.5675275302,2192.57688449388,0.0,0.0,0.0,9.0,0.9761904761904762,164.0,0.30357142857142855,51.0,25805.0263964259,0.0,0.0,0.0,0.0,-0.3593150832361171,0.0,0.58,0.4075449101796407,32.042328021868585,0.0,0.0,3013270.447415114,-42.19992078999679
282,47376,68062,45375,after_environment_step_before_replay_storage_and_optimizer,13724.461020651504,17918.089546130523,414.78115142583374,2042098.001286281,1433.4471636904352,210388.48961640755,2578006.1204953776,1001.0339609657383,0.0,0.0,0.0,12.0,0.9404761904761905,158.0,0.6904761904761905,116.0,24074.0588447346,0.0,0.0,0.0,0.0,-0.2876934295330907,0.0,0.58,0.40323353293413167,25.189763104319432,0.0,0.0,2789828.0572754755,-38.18766191889539
283,47544,68314,45543,after_environment_step_before_replay_storage_and_optimizer,7845.799888045535,16675.404319378555,350.8278661304521,2143973.448737367,1334.0323455502778,220301.0244469992,2708129.0925322967,1199.9919900901957,0.0,0.0,0.0,12.0,0.9523809523809523,160.0,0.44642857142857145,75.0,25208.317412050896,0.0,0.0,0.0,0.0,-0.43456327916841797,0.0,0.58,0.4226536609441039,24.0,0.0,0.0,2929764.149324846,-34.0661892408871
284,47712,68566,45711,after_environment_step_before_replay_storage_and_optimizer,9226.316922977832,16046.374110354851,416.3709445602526,2102342.864109301,1283.7099288283805,214686.87809062493,2655254.914247512,-913.6249895552367,0.0,0.0,0.0,12.0,0.9404761904761905,158.0,0.5833333333333334,98.0,24565.909217606753,0.0,0.0,0.0,0.0,-0.3227402812636553,0.0,0.5809114483642578,0.42527908176072027,24.0,0.0,0.0,2871225.502266965,-28.741550617044034
285,47880,68818,45879,after_environment_step_before_replay_storage_and_optimizer,11296.319460877396,17489.991761247136,326.1759737151897,2063783.6057599792,1399.1993408997637,212390.29694194446,2608034.277796972,3349.3808721358782,0.0,0.0,0.0,12.0,0.9761904761904762,164.0,0.6309523809523809,106.0,24303.119034475316,0.0,0.0,0.0,0.0,-0.3931762576759139,0.0,0.58,0.40538922155688617,25.110190177885812,0.0,0.0,2821823.7740798164,-42.840982257894595
286,48048,69070,46047,after_environment_step_before_replay_storage_and_optimizer,5893.774093882637,16716.42968532696,491.99291398739115,2174626.381726812,1337.3143748261493,219111.8931584982,2746607.114080236,-761.2801812500194,0.0,0.0,0.0,7.0,0.9880952380952381,166.0,0.3333333333333333,56.0,25072.2490526759,0.0,0.0,0.0,0.0,-0.24159506302791803,0.0,0.58,0.41331021712521715,32.0,0.0,0.0,2967056.32161356,-35.55303221274112
287,48216,69322,46215,after_environment_step_before_replay_storage_and_optimizer,9817.148610413215,16690.42178672185,400.44871877020523,2073807.5538201812,1335.2337429377412,212482.53750161073,2620088.7545257746,376.4000912952466,0.0,0.0,0.0,12.0,0.9821428571428571,165.0,0.5654761904761905,95.0,24313.67381656119,0.0,0.0,0.0,0.0,-0.3080231524261099,0.0,0.58,0.41965135696097106,24.0,0.0,0.0,2833906.5257703234,-33.91789795809261
288,48384,69574,46383,after_environment_step_before_replay_storage_and_optimizer,10845.766625937218,18047.467305997834,356.6469169447573,2076785.7269747758,1443.7973844798214,214626.3350219479,2624630.782754826,1557.2605571031058,0.0,0.0,0.0,12.0,1.0,168.0,0.5654761904761905,95.0,24558.9814745509,0.0,0.0,0.0,0.0,-0.39565243658059274,0.0,0.58,0.404439290187945,29.700000762939453,0.0,0.0,2840700.915161254,-36.3180561410961
289,48552,69826,46551,after_environment_step_before_replay_storage_and_optimizer,10693.279561152947,20226.00267682553,387.1579005246949,2050632.5675022018,1618.0802141460379,210403.50674555058,2587481.0630296986,1784.4632837453148,0.0,0.0,0.0,12.0,0.9107142857142857,153.0,0.6666666666666666,112.0,24075.777205141716,0.0,0.0,0.0,0.0,-0.3178691386785617,0.0,0.5861517916746579,0.4237716067861942,29.899999618530273,0.0,0.0,2799502.6499893954,-39.8949484607022
290,48720,70078,46719,after_environment_step_before_replay_storage_and_optimizer,11402.623224146879,17943.87896049775,593.7898040555028,2035958.6379054263,1435.5103168398157,209015.20748535503,2568596.448793855,-2243.0637644474523,0.0,0.0,0.0,12.0,0.8809523809523809,148.0,0.7440476190476191,125.0,23916.918713667266,0.0,0.0,0.0,0.0,-0.19963679788244704,0.0,0.58,0.422907873632218,24.0,0.0,0.0,2779047.16659605,-36.28786550220291
291,48888,70330,46887,after_environment_step_before_replay_storage_and_optimizer,4100.514737907433,18226.674281580865,311.60879137877237,2069280.5196791985,1458.1339425264694,210736.94566335407,2613117.132081509,1000.2303212197837,0.0,0.0,0.0,7.0,0.6666666666666666,112.0,0.32142857142857145,54.0,24113.931517399775,0.0,0.0,0.0,0.0,-0.3170041755758751,0.0,0.6322754541948752,0.5137740509675566,27.399999618530273,0.0,0.0,2825312.2116873893,-29.929854916400718
292,49056,70582,47055,after_environment_step_before_replay_storage_and_optimizer,5980.522256039018,17062.439036538555,389.42032719281997,2125272.3539314033,1364.9951229230774,217874.9692621943,2683401.265752312,658.7553715069798,0.0,0.0,0.0,11.0,0.9940476190476191,167.0,0.3273809523809524,55.0,24930.7119433009,0.0,0.0,0.0,0.0,-0.3945978945103899,0.0,0.581399024658203,0.41091670289428844,32.0,0.0,0.0,2902641.230137429,-34.44740303296045
293,49224,70834,47223,after_environment_step_before_replay_storage_and_optimizer,11894.01827869054,16957.319167169408,391.74349156121207,2028199.3458995617,1356.5855333735472,210602.99429067245,2560952.670694961,1444.1493559967328,0.0,0.0,0.0,12.0,0.9047619047619048,152.0,0.6547619047619048,110.0,24098.603904971216,0.0,0.0,0.0,0.0,-0.283227303131832,0.0,0.58,0.4221143886961539,24.108473281860352,0.0,0.0,2772912.250519007,-38.56022610488065
294,49392,71086,47391,after_environment_step_before_replay_storage_and_optimizer,6131.56359720281,17608.021908753166,397.39162402310467,2151772.77727132,1408.6417527002473,220615.43153118814,2718411.147850593,298.5982333330196,0.0,0.0,0.0,8.0,1.0,168.0,0.3392857142857143,57.0,25244.2939745509,0.0,0.0,0.0,0.0,-0.41876126394739477,0.0,0.58,0.4056603396528015,32.0,0.0,0.0,2940435.2211344815,-33.28432108851344
295,49560,71338,47559,after_environment_step_before_replay_storage_and_optimizer,7992.535649996174,16733.391409112817,402.57697145565726,2196795.032435865,1338.6713127290204,222028.41998088013,2777443.161793929,-328.80006114503175,0.0,0.0,0.0,12.0,0.8809523809523809,148.0,0.44642857142857145,75.0,25405.9775683009,0.0,0.0,0.0,0.0,-0.3502314034286224,0.0,0.6095346290602399,0.44234004379017106,24.024141620397568,0.0,0.0,3000810.2530875383,-30.56215741072739
296,49728,71590,47727,after_environment_step_before_replay_storage_and_optimizer,10863.118116466207,17084.928644549356,364.5624668994824,2070350.8739966936,1366.7942915639426,213372.68011902543,2613735.481866477,147.703231727564,0.0,0.0,0.0,12.0,0.9107142857142857,153.0,0.7023809523809523,118.0,24415.529891439237,0.0,0.0,0.0,0.0,-0.3220155421506069,0.0,0.5820124899759779,0.42048294529247904,26.899999618530273,0.0,0.0,2828474.9562770664,-29.90351351059639
297,49896,71842,47895,after_environment_step_before_replay_storage_and_optimizer,6356.460825178406,15185.246360831436,278.4893243375991,2193406.720610531,1214.819708866506,223844.24890798482,2773991.852921994,2324.6223418596733,0.0,0.0,0.0,9.0,0.9285714285714286,156.0,0.36904761904761907,62.0,25613.756865175896,0.0,0.0,0.0,0.0,-0.4662140942354085,0.0,0.58,0.4322160344180603,24.042813150882722,0.0,0.0,2999050.921538845,-33.90225765630627
298,50064,72094,48063,after_environment_step_before_replay_storage_and_optimizer,8672.787647439241,17588.263641879137,447.41296015563785,2099689.5343599687,1407.0610913503253,215157.18463097152,2649402.518817561,-285.9244332626266,0.0,0.0,0.0,12.0,0.9880952380952381,166.0,0.5,84.0,24619.724839117276,0.0,0.0,0.0,0.0,-0.3130592324472935,0.0,0.5884683585180429,0.4129740031807847,24.186729174363045,0.0,0.0,2865966.764539883,-34.3634146461379
299,50232,72346,48231,after_environment_step_before_replay_storage_and_optimizer,7421.461091515353,15077.160307667738,324.7519595203812,2179136.4020378576,1206.1728246134112,224698.43935973023,2754913.86426998,2368.925812322183,0.0,0.0,0.0,7.0,0.8571428571428571,144.0,0.39880952380952384,67.0,25711.4990526759,0.0,0.0,0.0,0.0,-0.3874435020751951,0.0,0.5998705070013323,0.4508603773245892,24.0,0.0,0.0,2980818.4764543236,-37.824785823241406
300,50400,72598,48399,after_environment_step_before_replay_storage_and_optimizer,7049.306223349223,15902.498347942883,368.5381884896069,2148112.7393543622,1272.199867835422,223701.21246034626,2712395.726847202,1148.0121469048815,0.0,0.0,0.0,12.0,0.9642857142857143,162.0,0.4583333333333333,77.0,25597.3896776759,0.0,0.0,0.0,0.0,-0.41710812900614785,0.0,0.58,0.4215568862275449,24.0,0.0,0.0,2937369.1391753834,-35.22311581369298
301,50568,72850,48567,after_environment_step_before_replay_storage_and_optimizer,5159.959786541118,17209.277126856836,449.7106197579524,2143622.6175343287,1376.7421701485393,219469.3670461007,2707124.9691591547,11.84918910330952,0.0,0.0,0.0,10.0,0.9821428571428571,165.0,0.31547619047619047,53.0,25113.15360701387,0.0,0.0,0.0,0.0,-0.26425688600494307,0.0,0.58,0.4089505941580487,32.0,0.0,0.0,2927971.078375404,-36.03609552615269
302,50736,73102,48735,after_environment_step_before_replay_storage_and_optimizer,4708.809529328681,17230.700601173943,439.2835016256213,2152024.195775346,1378.4560480939078,220862.09259381643,2715559.362295475,-493.8669289401976,0.0,0.0,0.0,10.0,0.9821428571428571,165.0,0.30357142857142855,51.0,25272.518583925896,0.0,0.0,0.0,0.0,-0.3706827893299305,0.0,0.58,0.41085788049572003,32.14888004541397,0.0,0.0,2937799.910937385,-32.673345485348676
303,50904,73354,48903,after_environment_step_before_replay_storage_and_optimizer,12061.626857583176,16329.23259627341,379.4176358056575,2045432.4393076212,1306.3386077018665,207334.25721578338,2581763.2665578933,254.42696856523497,0.0,0.0,0.0,12.0,0.9166666666666666,154.0,0.7142857142857143,120.0,23724.57313535867,0.0,0.0,0.0,0.0,-0.2413223487914595,0.0,0.5828991979134246,0.42286433666179385,27.899999618530273,0.0,0.0,2790403.8623813787,-31.625545707278782
304,51072,73606,49071,after_environment_step_before_replay_storage_and_optimizer,6725.890669455382,16987.151897335498,425.1955072989713,2144349.406949921,1358.9721517868325,222792.06050962757,2707281.083692892,-561.0871576530212,0.0,0.0,0.0,12.0,0.9880952380952381,166.0,0.39285714285714285,66.0,25493.3584276759,0.0,0.0,0.0,0.0,-0.36376899899593773,0.0,0.58,0.4104101557812095,24.98878000643746,0.0,0.0,2931432.1163543067,-31.210204795652558
305,51240,73858,49239,after_environment_step_before_replay_storage_and_optimizer,12014.705388876117,17488.283494868578,533.8765134591613,2061119.6845492995,1399.062679589479,210039.5237161525,2599968.4926828677,-948.8253556944996,0.0,0.0,0.0,12.0,0.9821428571428571,165.0,0.7380952380952381,124.0,24034.127831242073,0.0,0.0,0.0,0.0,-0.1841436365975026,0.0,0.58,0.41449972084867953,25.605814485549924,0.0,0.0,2811407.0790786096,-37.965994298260384
306,51408,74110,49407,after_environment_step_before_replay_storage_and_optimizer,9792.064490786168,16686.518546754553,394.21642993914975,2093486.9747790229,1334.9214837403565,216610.17837880587,2644903.0876453286,232.06574282825414,0.0,0.0,0.0,12.0,0.9583333333333334,161.0,0.5654761904761905,95.0,24785.98610678535,0.0,0.0,0.0,0.0,-0.30594407180529026,0.0,0.5813529404025607,0.41832335329341314,24.0,0.0,0.0,2862848.187507875,-32.697643109273216
307,51576,74362,49575,after_environment_step_before_replay_storage_and_optimizer,9171.968063574797,17938.336698022067,431.1042664937595,2107525.572470397,1435.0669358417583,214236.26665012122,2660816.2239636057,94.48894864144775,0.0,0.0,0.0,12.0,0.9940476190476191,167.0,0.5892857142857143,99.0,24514.347241214527,0.0,0.0,0.0,0.0,-0.3138170556311708,0.0,0.58,0.40323353293413167,27.64818249934505,0.0,0.0,2876487.557549569,-34.960786062707975
308,51744,74614,49743,after_environment_step_before_replay_storage_and_optimizer,11755.97474564367,16348.541901671466,466.44251536269803,2057417.4747232774,1307.88335213371,212419.5723090572,2597396.2522879033,-11.403257988303835,0.0,0.0,0.0,12.0,0.9702380952380952,163.0,0.7797619047619048,131.0,24306.46891788319,0.0,1.0,0.005952380952380952,0.0,-0.27211714429300626,0.0,0.58,0.42738221583825603,24.0,0.0,0.0,2811123.7079490945,-37.25838493907431
309,51912,74866,49911,after_environment_step_before_replay_storage_and_optimizer,12031.130793142725,19000.07547066804,450.5594411826187,2052169.2157428756,1520.006037653437,210335.42275295785,2588369.6885437653,-601.0171851754978,0.0,0.0,0.0,12.0,0.9880952380952381,166.0,0.6904761904761905,116.0,24067.9865791096,0.0,0.0,0.0,0.0,-0.2352288011341494,0.0,0.58,0.40345313341464156,25.35626540685966,0.0,0.0,2800225.1173343766,-33.039669368731985
310,52080,75118,50079,after_environment_step_before_replay_storage_and_optimizer,4282.212705482308,17393.557348071263,396.3682638317787,2207254.5375171197,1391.4845878456945,225515.7953658904,2786990.6767474646,-55.56536561176061,0.0,0.0,0.0,11.0,0.9761904761904762,164.0,0.2916666666666667,49.0,25805.0263964259,0.0,0.0,0.0,0.0,-0.4523572397994755,0.0,0.58,0.4064673054408167,32.39413279705327,0.0,0.0,3013897.956701201,-31.431634278483426
311,52248,75370,50247,after_environment_step_before_replay_storage_and_optimizer,8191.231176373567,17511.309817007244,456.8406231869394,2153082.2966919737,1400.9047853605728,220818.13566810358,2717001.1445096345,-1096.5858670356083,0.0,0.0,0.0,12.0,0.9940476190476191,167.0,0.42857142857142855,72.0,25267.48873833798,0.0,0.0,0.0,0.0,-0.3434400253787405,0.0,0.58,0.40617132473237316,25.12257987907337,0.0,0.0,2939220.1849630987,-31.06432051977709
312,52416,75622,50415,after_environment_step_before_replay_storage_and_optimizer,8576.003899587648,17384.771412710303,567.3356189421957,2161224.351034347,1390.781713016816,223779.73645392267,2730042.7397671924,324.1030520849508,0.0,0.0,0.0,12.0,0.9880952380952381,166.0,0.5357142857142857,90.0,25606.374918482223,0.0,0.0,0.0,0.0,-0.1525282416272881,0.0,0.58,0.408533276408307,24.65628371609692,0.0,0.0,2955213.2579341317,-47.00736477580036
313,52584,75874,50583,after_environment_step_before_replay_storage_and_optimizer,7448.042714283854,16676.640277479903,387.3654866988927,2152816.9566441523,1334.1312221983844,218915.00705748526,2719326.415874739,23.212725676907326,0.0,0.0,0.0,12.0,0.9761904761904762,164.0,0.44642857142857145,75.0,25049.7200274895,0.0,0.0,0.0,0.0,-0.3768035147653059,0.0,0.5827339367675781,0.41616766467065863,24.0,0.0,0.0,2939575.5541544226,-31.105302564295915
314,52752,76126,50751,after_environment_step_before_replay_storage_and_optimizer,11249.49441388419,18219.5062253169,492.19482621097086,2060673.9073576827,1457.5604980253447,209906.40667111598,2599147.1723823017,-1044.8181323233975,0.0,0.0,0.0,12.0,1.0,168.0,0.7738095238095238,130.0,24018.895688165765,0.0,0.0,0.0,0.0,-0.19223267619838103,0.0,0.58,0.405646721252438,26.109710632892284,0.0,0.0,2810511.139551443,-34.151495435260664
315,52920,76378,50919,after_environment_step_before_replay_storage_and_optimizer,8230.16093894766,15632.43248597601,442.1564469214045,2100948.5817264766,1250.5945988780732,214150.54594886524,2653937.8530153516,112.57323030222369,0.0,0.0,0.0,12.0,0.9464285714285714,159.0,0.5238095238095238,88.0,24504.538504957087,0.0,0.0,0.0,0.0,-0.27522736268828146,0.0,0.5810775715748181,0.4366832459796624,27.899999618530273,0.0,0.0,2869338.993563095,-35.93538190522344
316,53088,76630,51087,after_environment_step_before_replay_storage_and_optimizer,9148.463051869445,16908.08364014247,440.16322698539807,2096399.1648993627,1352.6466912113908,216607.47516568506,2648129.2041983474,-220.32413782068454,0.0,0.0,0.0,12.0,0.9464285714285714,159.0,0.5416666666666666,91.0,24785.6767870509,0.0,0.0,0.0,0.0,-0.2962419048107654,0.0,0.58,0.42155908171301804,24.099101071357726,0.0,0.0,2866089.326055244,-34.11143746972841
317,53256,76882,51255,after_environment_step_before_replay_storage_and_optimizer,10779.530490781679,15642.442648629773,488.1926609097827,2113723.942547825,1251.3954118903728,223459.7876784522,2668442.4782441016,-2372.0732337902136,0.0,0.0,0.0,12.0,0.9583333333333334,161.0,0.6845238095238095,115.0,25569.76423858229,0.0,0.0,0.0,0.0,-0.23928076873532375,0.0,0.58,0.4238004963173583,24.0,0.0,0.0,2893153.6613344443,-27.19504670383153
318,53424,77134,51423,after_environment_step_before_replay_storage_and_optimizer,3997.2766524309236,17461.79975722931,434.72643376158885,2199555.8279895014,1396.9439805783377,223176.7910024407,2778393.6264684256,1749.3422359741633,0.0,0.0,0.0,10.0,0.9940476190476191,167.0,0.30952380952380953,52.0,25537.3818651759,0.0,0.0,0.0,0.0,-0.37353698538952457,0.0,0.58,0.4055273962641544,32.6468054197318,0.0,0.0,3002967.3614514447,-43.52482588079794
319,53592,77386,51591,after_environment_step_before_replay_storage_and_optimizer,4686.022413208917,16884.344512090753,262.4789945957964,2179147.100858369,1350.7475609672529,220945.11518108548,2755666.0635809796,3705.198936121096,0.0,0.0,0.0,7.0,0.9642857142857143,162.0,0.30357142857142855,51.0,25282.0185839259,0.0,0.0,0.0,0.0,-0.5658044596429268,0.0,0.58,0.41893455423988496,32.0,0.0,0.0,2977961.9263230325,-39.52431424826919
320,53760,77638,51759,after_environment_step_before_replay_storage_and_optimizer,7493.23579326684,17053.538679023844,295.78584381976,2170438.150447685,1364.2830943219,224698.4394079634,2744859.931929908,2498.4152780122054,0.0,0.0,0.0,12.0,1.0,168.0,0.42857142857142855,72.0,25711.49905819506,0.0,0.0,0.0,0.0,-0.554158473023036,0.0,0.58,0.41012340131838504,24.485764083637545,0.0,0.0,2970922.6544321934,-36.15494389564182
321,53928,77890,51927,after_environment_step_before_replay_storage_and_optimizer,8697.76839941638,16865.284425984722,422.46168161343485,2163544.8407601845,1349.2227540787705,223913.84288172706,2731950.7891399683,-727.3906805947524,0.0,0.0,0.0,12.0,0.9642857142857143,162.0,0.5416666666666666,91.0,25621.720273355517,0.0,0.0,0.0,0.0,-0.4027818800324148,0.0,0.58,0.4199116275675222,24.093424706459047,0.0,0.0,2957213.8547757743,-30.159981126101012
322,54096,78142,52095,after_environment_step_before_replay_storage_and_optimizer,11200.639514770219,18067.770577930383,444.3841785157092,2081165.118785274,1445.4216462344245,213677.85658252283,2627283.5004981984,-1349.3307979660535,0.0,0.0,0.0,12.0,0.9940476190476191,167.0,0.7023809523809523,118.0,24450.4502245509,0.0,0.0,0.0,0.0,-0.2472427718079499,0.0,0.58,0.40323353293413167,25.38409702497393,0.0,0.0,2842406.778726956,-28.804080291426477
323,54264,78394,52263,after_environment_step_before_replay_storage_and_optimizer,15273.66240526194,17746.43786062651,570.3195177891048,2035737.271615779,1419.7150288501139,211518.89380018198,2567230.1413788297,-2753.2407863703047,0.0,0.0,0.0,12.0,0.9345238095238095,157.0,0.8333333333333334,140.0,24203.4072558009,0.0,0.0,0.0,0.0,-0.15797705914695154,0.0,0.58,0.40490898021451893,25.19223743326064,0.0,0.0,2780168.7502078614,-31.859357491276867
324,54432,78646,52431,after_environment_step_before_replay_storage_and_optimizer,7038.403117355307,17295.16919106202,509.81025387494446,2194735.6706032986,1383.613535284955,222163.65002989667,2774374.293741227,-819.2698118693019,0.0,0.0,0.0,12.0,0.9702380952380952,163.0,0.4642857142857143,78.0,25421.451495432255,0.0,0.0,0.0,0.0,-0.2323343702729298,0.0,0.58,0.4076168306850366,24.784133242087993,0.0,0.0,2997921.557306409,-36.68847125064901
325,54600,78898,52599,after_environment_step_before_replay_storage_and_optimizer,2176.21348400524,17193.510913922604,425.68745212438444,2241412.4572836203,1375.4808731138016,229881.22336897047,2830634.503567995,2443.81753087641,0.0,0.0,0.0,12.0,0.9940476190476191,167.0,0.21428571428571427,36.0,26304.5478808009,0.0,0.0,0.0,0.0,-0.3769646975441327,0.0,0.58,0.4100250186609171,32.0,0.0,0.0,3061891.2078100797,-46.2740838243328
326,54768,79150,52767,after_environment_step_before_replay_storage_and_optimizer,8841.955636822993,17918.090445709124,430.73331271722236,2092278.9647186894,1433.447235656725,216665.39209067854,2642577.2855029986,-64.8309335759684,0.0,0.0,0.0,12.0,0.9642857142857143,162.0,0.6130952380952381,103.0,24792.304029173036,0.0,0.0,0.0,0.0,-0.31233694907289733,0.0,0.58,0.42058273540000823,24.091098885536194,0.0,0.0,2860676.124829334,-34.134510349497916
327,54936,79402,52935,after_environment_step_before_replay_storage_and_optimizer,11248.567498256329,17007.9064286635,507.1798840659085,2143220.050248307,1360.6325142930727,222457.39754496585,2703788.094603715,-2465.5031828171645,0.0,0.0,0.0,12.0,0.9523809523809523,160.0,0.7440476190476191,125.0,25455.06405178533,0.0,0.0,0.0,0.0,-0.3168984707598592,0.0,0.58,0.4215831543398053,29.100000381469727,0.0,0.0,2927606.124662974,-28.24687481118683
328,55104,79654,53103,after_environment_step_before_replay_storage_and_optimizer,9696.100961488528,16522.13363746357,443.1020119408622,2075792.692655262,1321.7706909970782,213048.5376571897,2620654.3658309807,-955.0965478581734,0.0,0.0,0.0,12.0,0.9761904761904762,164.0,0.6309523809523809,106.0,24378.439341882375,0.0,0.0,0.0,0.0,-0.24611174699463712,0.0,0.5819117443847656,0.41810655657109624,24.03205026959517,0.0,0.0,2835024.6741791675,-30.672678215978095
329,55272,79906,53271,after_environment_step_before_replay_storage_and_optimizer,10083.210481804486,17310.93422277926,550.9890123943242,2091743.4662432056,1384.8747378223331,216432.20481111525,2639392.6941082617,-2646.2036330452624,0.0,0.0,0.0,12.0,0.9880952380952381,166.0,0.6309523809523809,106.0,24765.621180219252,0.0,0.0,0.0,0.0,-0.18547775223167348,0.0,0.58,0.4083414796014757,24.875629754472126,0.0,0.0,2857209.7736571995,-30.848102826319586
330,55440,80158,53439,after_environment_step_before_replay_storage_and_optimizer,6838.393517168312,17460.57773320373,364.65776661704876,2142744.3093880233,1396.846218656291,222792.06050962757,2706378.9466759674,1544.5424321804455,0.0,0.0,0.0,9.0,1.0,168.0,0.3869047619047619,65.0,25493.3584276759,0.0,0.0,0.0,0.0,-0.47558954280050314,0.0,0.58,0.40553960632935593,25.25712605905047,0.0,0.0,2930567.8534042514,-36.89533349026617
331,55608,80410,53607,after_environment_step_before_replay_storage_and_optimizer,5296.629722854536,15355.76276958219,266.6422685119487,2202339.1084432113,1228.4610215665673,224403.849138991,2783622.9651207323,2885.298775843998,0.0,0.0,0.0,8.0,0.8511904761904762,143.0,0.3392857142857143,57.0,25677.7900683009,0.0,0.0,0.0,0.0,-0.4923725954041845,0.0,0.5871043873520551,0.4454512361874501,32.0,0.0,0.0,3009255.27528129,-35.75787536017589
332,55776,80662,53775,after_environment_step_before_replay_storage_and_optimizer,10530.940666966724,16441.731171615003,474.9956213500336,2097066.2485022275,1315.3384937291926,215653.15920059267,2646461.719946375,-1420.1882911075259,0.0,0.0,0.0,12.0,0.9523809523809523,160.0,0.6190476190476191,104.0,24676.4775683009,0.0,0.0,0.0,0.0,-0.22940392547487523,0.0,0.58,0.41984132702150007,24.0,0.0,0.0,2863430.217640697,-30.89870825246503
333,55944,80914,53943,after_environment_step_before_replay_storage_and_optimizer,12305.146821941511,18402.65573009621,592.7901645130751,2070056.9931037675,1472.212458407691,214516.66854301322,2610760.4046594254,-3353.2821939483815,0.0,0.0,0.0,12.0,0.9821428571428571,165.0,0.7261904761904762,122.0,24546.4327021728,0.0,0.0,0.0,0.0,-0.1705093793745641,0.0,0.58,0.4043216792154838,25.204610912560966,0.0,0.0,2826749.285660846,-30.6568021913041
334,56112,81166,54111,after_environment_step_before_replay_storage_and_optimizer,5752.601089684088,17428.061278817757,378.13616356649436,2225308.854093599,1394.2449023054166,229881.22336897047,2810198.857050682,2805.1707756735427,0.0,0.0,0.0,11.0,0.9464285714285714,159.0,0.375,63.0,26304.5478808009,0.0,0.0,0.0,0.0,-0.4715233076846957,0.0,0.58,0.4208000124239342,31.700000762939453,0.0,0.0,3041474.325321958,-44.276746963687216
335,56280,81418,54279,after_environment_step_before_replay_storage_and_optimizer,10596.272949234997,17727.593246994074,444.30411631965217,2064582.7198942145,1418.2074597595192,209975.32420854492,2605971.267575648,-915.7635284680277,0.0,0.0,0.0,12.0,0.9880952380952381,166.0,0.6488095238095238,109.0,24026.78169397589,0.0,0.0,0.0,0.0,-0.23161993121364222,0.0,0.58,0.40323353293413167,25.353628846758564,0.0,0.0,2817364.7992439526,-30.96551166323203
336,56448,81670,54447,after_environment_step_before_replay_storage_and_optimizer,7170.413335387739,16842.969985979937,461.71223820960586,2150730.7990551093,1347.4375988783881,223701.21246034626,2714420.3295705603,-625.6399713938839,0.0,0.0,0.0,12.0,0.9642857142857143,162.0,0.44047619047619047,74.0,25597.3896776759,0.0,0.0,0.0,0.0,-0.3168944313294128,0.0,0.58,0.4218142117431831,24.01230619430542,0.0,0.0,2939468.979629785,-33.80877919979901
337,56616,81922,54615,after_environment_step_before_replay_storage_and_optimizer,8175.443729617959,15923.113619101203,388.90274065774065,2112142.333475775,1273.849089528088,217470.14880531546,2668645.5086969165,297.95168628677106,0.0,0.0,0.0,11.0,0.9583333333333334,161.0,0.4642857142857143,78.0,24884.3896776759,0.0,0.0,0.0,0.0,-0.33660783379211684,0.0,0.58,0.4209014459373744,27.700000762939453,0.0,0.0,2887389.50659176,-32.60197768405305
338,56784,82174,54783,after_environment_step_before_replay_storage_and_optimizer,12110.48560447459,17990.04467863987,498.88560980983493,2070392.7656347265,1439.2035742911837,210481.47938106282,2611415.672686964,-2465.048575217977,0.0,0.0,0.0,12.0,0.9642857142857143,162.0,0.7797619047619048,131.0,24084.699355868794,0.0,0.0,0.0,0.0,-0.15142042975806808,0.0,0.58,0.40323353293413167,27.663797363836018,0.0,0.0,2823336.355642318,-27.585605908696905
339,56952,82426,54951,after_environment_step_before_replay_storage_and_optimizer,6776.481825303673,16247.383562972518,394.4645843037688,2174335.440579467,1299.7906850377933,224385.89277348793,2747301.463310279,542.680005950808,0.0,0.0,0.0,12.0,0.9404761904761905,158.0,0.39880952380952384,67.0,25675.7353808009,0.0,0.0,0.0,0.0,-0.3930922189261146,0.0,0.58,0.4247904191616766,24.0,0.0,0.0,2972987.1467688046,-34.27056677405553
340,57120,82678,55119,after_environment_step_before_replay_storage_and_optimizer,9196.799489888877,16254.391191980267,452.72222124096334,2102657.131772209,1300.3512953584138,216272.56791725245,2655423.7595213046,-1526.2967228886382,0.0,0.0,0.0,12.0,0.9345238095238095,157.0,0.5059523809523809,85.0,24747.354458576585,0.0,1.0,0.005952380952380952,0.0,-0.21364066065578327,0.0,0.58,0.4291017964071856,28.600000381469727,0.0,0.0,2872996.6787339156,-28.58629408483383
341,57288,82930,55287,after_environment_step_before_replay_storage_and_optimizer,12084.846459899045,17776.31058347818,303.70515619627076,2027837.9706794294,1422.1048466782488,210105.78611682108,2563455.421792403,3266.5072383295924,0.0,0.0,0.0,12.0,0.9702380952380952,163.0,0.6369047619047619,107.0,24041.71001853662,0.0,0.0,0.0,0.0,-0.4188583318022138,0.0,0.58,0.4113454458192778,24.66610758725706,0.0,0.0,2774983.3127559023,-40.628948687349634
342,57456,83182,55455,after_environment_step_before_replay_storage_and_optimizer,6919.52515635923,17261.562647129183,511.8310756743085,2217678.639575079,1380.9250117703277,228701.68473960704,2801973.2912876424,1849.72170655698,0.0,0.0,0.0,9.0,0.9642857142857143,162.0,0.43452380952380953,73.0,26169.5771776759,0.0,0.0,0.0,0.0,-0.28954667562475256,0.0,0.58,0.4204790419161676,32.0,0.0,0.0,3032055.9010390197,-50.195094586729624
343,57624,83434,55623,after_environment_step_before_replay_storage_and_optimizer,11246.182769410918,17942.08894607113,451.9530990379735,2054124.6748303287,1435.367115685684,214659.19531143116,2591732.8983413284,2304.181774056772,0.0,0.0,0.0,12.0,0.9642857142857143,162.0,0.6428571428571429,108.0,24562.741568765734,0.0,0.0,0.0,0.0,-0.2417330927781291,0.0,0.58,0.40323353293413167,25.39161756941243,0.0,0.0,2807827.4607684454,-47.677156793321714
344,57792,83686,55791,after_environment_step_before_replay_storage_and_optimizer,4970.9503639973545,17088.08126067263,276.3940734147782,2200786.860749838,1367.0465008538038,224403.849138991,2781197.032720082,3417.733045235315,0.0,0.0,0.0,10.0,0.9583333333333334,161.0,0.2976190476190476,50.0,25677.7900683009,0.0,0.0,0.0,0.0,-0.5815214195944975,0.0,0.58,0.4173201979895959,32.0,0.0,0.0,3006967.9283599267,-39.20019109935882
345,57960,83938,55959,after_environment_step_before_replay_storage_and_optimizer,11677.891303772916,18485.366909558612,563.592013962867,2045658.5786526334,1478.8293527646817,210976.88622685734,2579876.405730547,2151.840955433605,0.0,0.0,0.0,12.0,0.9166666666666666,154.0,0.6845238095238095,115.0,24141.387122293123,0.0,0.0,0.0,0.0,-0.19687869460214535,0.0,0.58,0.4172553455392526,28.200000762939453,0.0,0.0,2792332.1213101693,-55.84656589419738
346,58128,84190,56127,after_environment_step_before_replay_storage_and_optimizer,12521.700174459344,19992.020418769098,542.578475403132,2030313.8265266216,1599.3616335015236,210129.36743865316,2561068.413670804,-1888.0378113523393,0.0,0.0,0.0,12.0,0.8690476190476191,146.0,0.7261904761904762,122.0,24044.40835118047,0.0,0.0,0.0,0.0,-0.21766056125854355,0.0,0.5891113977050781,0.42406707563680734,24.0,0.0,0.0,2772797.1427429584,-33.966088975488844
347,58296,84442,56295,after_environment_step_before_replay_storage_and_optimizer,10870.011276161156,16935.978430792024,609.8570786655582,2045555.4412835364,1354.878274463354,212043.88714354567,2580109.01177209,-2251.6041193314168,0.0,0.0,0.0,12.0,0.9523809523809523,160.0,0.6488095238095238,109.0,24263.480507261924,0.0,0.0,0.0,0.0,-0.15294150745677645,0.0,0.58,0.4140119760479042,24.063625876903533,0.0,0.0,2793507.7771900995,-37.530545696587566
348,58464,84694,56463,after_environment_step_before_replay_storage_and_optimizer,8532.25972611778,17691.37724550909,436.47139417554354,2091491.6139080375,1415.3101796407202,216607.47516568503,2640900.5571594606,-379.8770192415754,0.0,0.0,0.0,10.0,1.0,168.0,0.44642857142857145,75.0,24785.676787050896,0.0,0.0,0.0,0.0,-0.3099198436886969,0.0,0.58,0.40323353293413167,25.37363359217387,0.0,0.0,2858923.3425047863,-33.018326437835576
349,58632,84946,56631,after_environment_step_before_replay_storage_and_optimizer,8737.192017246114,15566.610226670338,491.85050761590173,2057946.167394037,1245.3288181336188,212211.8723780114,2596808.7408915544,-1878.7740642071794,0.0,0.0,0.0,12.0,0.9464285714285714,159.0,0.5178571428571429,87.0,24282.70250190121,0.0,0.0,0.0,0.0,-0.16920505117250256,0.0,0.58,0.4247904191616766,32.0,0.0,0.0,2810265.942087699,-29.95417028823621
350,58800,85198,56799,after_environment_step_before_replay_storage_and_optimizer,4841.878464318547,16342.262174005049,344.48089861321023,2197610.7139135757,1307.3809739203966,222617.77111024357,2774708.3190676677,1692.8818685821136,0.0,0.0,0.0,7.0,0.9404761904761905,158.0,0.3333333333333333,56.0,25473.4150683009,0.0,0.0,0.0,0.0,-0.4397398386118225,0.0,0.58,0.4215568862275449,32.0,0.0,0.0,2998633.4711518316,-36.022881231967375
351,58968,85450,56967,after_environment_step_before_replay_storage_and_optimizer,6456.513987647535,16753.762805735973,378.66129593033475,2135789.0499687134,1340.30102445887,220169.5552555136,2697949.0797400204,312.06593163137796,0.0,0.0,0.0,12.0,0.9761904761904762,164.0,0.4523809523809524,76.0,25193.27382740487,0.0,0.0,0.0,0.0,-0.41019703919002676,0.0,0.580332261352539,0.41293413173652693,32.0,0.0,0.0,2919458.936019993,-31.853233332583653
352,59136,85702,57135,after_environment_step_before_replay_storage_and_optimizer,8732.343402998189,17746.427930299575,536.8766717660073,2093735.0580535154,1419.7142344239596,212412.15470880622,2642526.007448332,-1983.986119030425,0.0,0.0,0.0,12.0,0.9702380952380952,163.0,0.6190476190476191,104.0,24305.6201464259,0.0,0.0,0.0,0.0,-0.20681967614495206,0.0,0.58,0.4172958573409507,24.059457223415375,0.0,0.0,2856357.876391562,-33.03020314612843
353,59304,85954,57303,after_environment_step_before_replay_storage_and_optimizer,8334.756731631125,18114.717010525543,533.6676115609953,2103864.962832907,1449.1773608420385,213342.62717565545,2653240.473857286,-1643.1562950693647,0.0,0.0,0.0,12.0,0.9523809523809523,160.0,0.5416666666666666,91.0,24412.09103255268,0.0,0.0,0.0,0.0,-0.23948899107091381,0.0,0.5849088452148438,0.42048252639938294,24.09624059244865,0.0,0.0,2868032.2783937836,-34.47762744953279
354,59472,86206,57471,after_environment_step_before_replay_storage_and_optimizer,11216.635279797294,17721.96469398865,335.68830718586287,2054188.6534397153,1417.7571755190856,211054.93238685105,2595625.4440005454,2256.5681496310967,0.0,0.0,0.0,12.0,0.9761904761904762,164.0,0.625,105.0,24150.317686183378,0.0,0.0,0.0,0.0,-0.4110770420472849,0.0,0.58,0.4062408416067748,25.237202890815432,0.0,0.0,2808098.1335629155,-38.13790532302451
355,59640,86458,57639,after_environment_step_before_replay_storage_and_optimizer,7481.5241715446355,15961.561773930078,419.75323560217475,2066696.6349131677,1276.924941914398,217808.67408765628,2612461.0535339396,-223.41550635929042,0.0,0.0,0.0,11.0,0.9464285714285714,159.0,0.4107142857142857,69.0,24923.126005800896,0.0,0.0,0.0,0.0,-0.28414215757980743,0.0,0.58,0.4205172845235971,32.0,0.0,0.0,2831546.6525635105,-32.463181316377536
356,59808,86710,57807,after_environment_step_before_replay_storage_and_optimizer,9486.282284096083,16959.692208430406,506.0082090760279,2100852.5586802904,1356.7753766744258,215223.51487244098,2650318.6463150755,-1981.7541045219164,0.0,0.0,0.0,12.0,0.9523809523809523,160.0,0.5952380952380952,100.0,24627.31478921023,0.0,0.0,0.0,0.0,-0.22155430706318593,0.0,0.58,0.418760071275416,24.032234767532447,0.0,0.0,2866898.936564191,-30.571886203472616
357,59976,86962,57975,after_environment_step_before_replay_storage_and_optimizer,11470.761744325813,17518.70242969277,346.2645515908789,2028262.245592263,1401.4961943754147,209179.24082276924,2562717.6179955155,1725.9821863966317,0.0,0.0,0.0,12.0,0.9821428571428571,165.0,0.5892857142857143,99.0,23935.6885058009,0.0,0.0,0.0,0.0,-0.3847776573194971,0.0,0.58,0.40680378571139963,25.159985781416886,0.0,0.0,2773298.35501266,-36.33107505925348
